candidate_id,source_generator,parent_mol_id,canonical_smiles,inchikey,valid_rdkit,unique_flag,novel_flag,mw,logp,tpsa,hbd,hba,rotatable_bonds,qed,sa_score,murcko_scaffold,max_ring_size,has_macrocycle_12_20,has_constrained_ring_8_11,passes_basic_filters,generation_notes
CAND_3aa6861e09,rdkit,JAK2_6f8843e888,CN(c1cc(-c2ccc3cnc(Nc4ccc(C5CCN(CC(N)=O)CC5)cc4)nn23)ccc1F)S(C)(=O)=O,ULCNJPUZPMCPMA-UHFFFAOYSA-N,True,True,True,551.648,3.3395,125.93,2,7,8,0.344,4.32,c1ccc(-c2ccc3cnc(Nc4ccc(C5CCNCC5)cc4)nn23)cc1,6,False,False,True,rdkit_reaction_aryl_F
CAND_0a6343278d,rdkit,JAK2_6f8843e888,CN(c1cc(F)cc(-c2ccc3cnc(Nc4ccc(C5CCN(CC(N)=O)CC5)cc4)nn23)c1)S(C)(=O)=O,ASHZWPQXLULTRH-UHFFFAOYSA-N,True,True,True,551.648,3.3395,125.93,2,7,8,0.344,4.32,c1ccc(-c2ccc3cnc(Nc4ccc(C5CCNCC5)cc4)nn23)cc1,6,False,False,True,rdkit_reaction_aryl_F
CAND_1b62edf1a9,rdkit,JAK2_6f8843e888,CN(c1ccc(F)c(-c2ccc3cnc(Nc4ccc(C5CCN(CC(N)=O)CC5)cc4)nn23)c1)S(C)(=O)=O,YWAKJAJJMYXGPK-UHFFFAOYSA-N,True,True,True,551.648,3.3395,125.93,2,7,8,0.344,4.32,c1ccc(-c2ccc3cnc(Nc4ccc(C5CCNCC5)cc4)nn23)cc1,6,False,False,True,rdkit_reaction_aryl_F
CAND_b87fc5d76b,rdkit,JAK2_6f8843e888,CN(c1cccc(-c2c(F)cc3cnc(Nc4ccc(C5CCN(CC(N)=O)CC5)cc4)nn23)c1)S(C)(=O)=O,KUVMJWLKVGDNPM-UHFFFAOYSA-N,True,True,True,551.648,3.3395,125.93,2,7,8,0.344,4.32,c1ccc(-c2ccc3cnc(Nc4ccc(C5CCNCC5)cc4)nn23)cc1,6,False,False,True,rdkit_reaction_aryl_F
CAND_2e2d49cc71,rdkit,JAK2_6f8843e888,CN(c1cccc(-c2cc(F)c3cnc(Nc4ccc(C5CCN(CC(N)=O)CC5)cc4)nn23)c1)S(C)(=O)=O,BDAAOUNLNJDJJR-UHFFFAOYSA-N,True,True,True,551.648,3.3395,125.93,2,7,8,0.344,4.32,c1ccc(-c2ccc3cnc(Nc4ccc(C5CCNCC5)cc4)nn23)cc1,6,False,False,True,rdkit_reaction_aryl_F
CAND_697cbaf8e1,rdkit,JAK2_e1ad5dee43,NS(=O)(=O)c1cc(Cl)c(Nc2nc3ccncc3c3c(=O)[nH]ccc23)c(Cl)c1F,HRMGDNLZKYZQTP-UHFFFAOYSA-N,True,True,True,454.27,3.3082,130.83,3,6,3,0.3217,2.954,O=c1[nH]ccc2c(Nc3ccccc3)nc3ccncc3c12,6,False,False,True,rdkit_reaction_aryl_F
CAND_d4b75fc2b8,rdkit,JAK2_e1ad5dee43,NS(=O)(=O)c1cc(Cl)c(Nc2nc3c(F)cncc3c3c(=O)[nH]ccc23)c(Cl)c1,DSYJMXIGNQHKDD-UHFFFAOYSA-N,True,True,True,454.27,3.3082,130.83,3,6,3,0.4074,2.954,O=c1[nH]ccc2c(Nc3ccccc3)nc3ccncc3c12,6,False,False,True,rdkit_reaction_aryl_F
CAND_a67a7a2d95,rdkit,JAK2_e1ad5dee43,NS(=O)(=O)c1cc(Cl)c(Nc2nc3cc(F)ncc3c3c(=O)[nH]ccc23)c(Cl)c1,XAYIDHGTPMIDGK-UHFFFAOYSA-N,True,True,True,454.27,3.3082,130.83,3,6,3,0.3217,2.954,O=c1[nH]ccc2c(Nc3ccccc3)nc3ccncc3c12,6,False,False,True,rdkit_reaction_aryl_F
CAND_8d9d446e88,rdkit,JAK2_e1ad5dee43,NS(=O)(=O)c1cc(Cl)c(Nc2nc3ccnc(F)c3c3c(=O)[nH]ccc23)c(Cl)c1,KSLAYWAAYNSLDA-UHFFFAOYSA-N,True,True,True,454.27,3.3082,130.83,3,6,3,0.3217,2.954,O=c1[nH]ccc2c(Nc3ccccc3)nc3ccncc3c12,6,False,False,True,rdkit_reaction_aryl_F
CAND_66b0ebb866,rdkit,JAK2_e1ad5dee43,NS(=O)(=O)c1cc(Cl)c(Nc2nc3ccncc3c3c(=O)[nH]c(F)cc23)c(Cl)c1,YXICKYFMJLHPBQ-UHFFFAOYSA-N,True,True,True,454.27,3.3082,130.83,3,6,3,0.3217,2.954,O=c1[nH]ccc2c(Nc3ccccc3)nc3ccncc3c12,6,False,False,True,rdkit_reaction_aryl_F
CAND_c3a069854a,rdkit,JAK2_6d4bc95598,COc1c(F)cccc1-c1ccc2cnc(Nc3ccc(N4CCN(C)CC4)cc3)nn12,QDZHOLLNTODVJF-UHFFFAOYSA-N,True,True,True,432.503,4.0394,57.93,1,6,5,0.5138,3.283,c1ccc(-c2ccc3cnc(Nc4ccc(N5CCNCC5)cc4)nn23)cc1,6,False,False,True,rdkit_reaction_aryl_F
CAND_aa89c47e16,rdkit,JAK2_6d4bc95598,COc1cc(F)ccc1-c1ccc2cnc(Nc3ccc(N4CCN(C)CC4)cc3)nn12,MOWFDPQRPQXTBJ-UHFFFAOYSA-N,True,True,True,432.503,4.0394,57.93,1,6,5,0.5138,3.283,c1ccc(-c2ccc3cnc(Nc4ccc(N5CCNCC5)cc4)nn23)cc1,6,False,False,True,rdkit_reaction_aryl_F
CAND_a7a935c97f,rdkit,JAK2_6d4bc95598,COc1ccc(F)cc1-c1ccc2cnc(Nc3ccc(N4CCN(C)CC4)cc3)nn12,XGLBRCFHEKLQSO-UHFFFAOYSA-N,True,True,True,432.503,4.0394,57.93,1,6,5,0.5138,3.283,c1ccc(-c2ccc3cnc(Nc4ccc(N5CCNCC5)cc4)nn23)cc1,6,False,False,True,rdkit_reaction_aryl_F
CAND_b3eb3bba68,rdkit,JAK2_6d4bc95598,COc1cccc(F)c1-c1ccc2cnc(Nc3ccc(N4CCN(C)CC4)cc3)nn12,YZNLPEWSUBSZFG-UHFFFAOYSA-N,True,True,True,432.503,4.0394,57.93,1,6,5,0.5138,3.283,c1ccc(-c2ccc3cnc(Nc4ccc(N5CCNCC5)cc4)nn23)cc1,6,False,False,True,rdkit_reaction_aryl_F
CAND_009c1d194b,rdkit,JAK2_6d4bc95598,COc1ccccc1-c1c(F)cc2cnc(Nc3ccc(N4CCN(C)CC4)cc3)nn12,QPVVZKKTSXAEHV-UHFFFAOYSA-N,True,True,True,432.503,4.0394,57.93,1,6,5,0.5138,3.283,c1ccc(-c2ccc3cnc(Nc4ccc(N5CCNCC5)cc4)nn23)cc1,6,False,False,True,rdkit_reaction_aryl_F
CAND_29cab58bec,rdkit,JAK2_b891e0a2ae,COc1c(F)cccc1-c1ccc2cnc(Nc3ccc(C(=O)N4CCOCC4)cc3)nn12,CIZIVKZBJBYXRV-UHFFFAOYSA-N,True,True,True,447.47,3.76,80.99,1,6,5,0.5019,3.367,O=C(c1ccc(Nc2ncc3ccc(-c4ccccc4)n3n2)cc1)N1CCOCC1,6,False,False,True,rdkit_reaction_aryl_F
CAND_7a500f1829,rdkit,JAK2_b891e0a2ae,COc1cc(F)ccc1-c1ccc2cnc(Nc3ccc(C(=O)N4CCOCC4)cc3)nn12,XGGHGICMCUQFLJ-UHFFFAOYSA-N,True,True,True,447.47,3.76,80.99,1,6,5,0.5019,3.367,O=C(c1ccc(Nc2ncc3ccc(-c4ccccc4)n3n2)cc1)N1CCOCC1,6,False,False,True,rdkit_reaction_aryl_F
CAND_d0cc1d3a96,rdkit,JAK2_b891e0a2ae,COc1ccc(F)cc1-c1ccc2cnc(Nc3ccc(C(=O)N4CCOCC4)cc3)nn12,VRVHRNJOEZWCNK-UHFFFAOYSA-N,True,True,True,447.47,3.76,80.99,1,6,5,0.5019,3.367,O=C(c1ccc(Nc2ncc3ccc(-c4ccccc4)n3n2)cc1)N1CCOCC1,6,False,False,True,rdkit_reaction_aryl_F
CAND_849428f9a8,rdkit,JAK2_b891e0a2ae,COc1cccc(F)c1-c1ccc2cnc(Nc3ccc(C(=O)N4CCOCC4)cc3)nn12,NIJXMQDKYBXPAF-UHFFFAOYSA-N,True,True,True,447.47,3.76,80.99,1,6,5,0.5019,3.367,O=C(c1ccc(Nc2ncc3ccc(-c4ccccc4)n3n2)cc1)N1CCOCC1,6,False,False,True,rdkit_reaction_aryl_F
CAND_c0e1931185,rdkit,JAK2_b891e0a2ae,COc1ccccc1-c1c(F)cc2cnc(Nc3ccc(C(=O)N4CCOCC4)cc3)nn12,GHEGBILBPPQXBH-UHFFFAOYSA-N,True,True,True,447.47,3.76,80.99,1,6,5,0.5019,3.367,O=C(c1ccc(Nc2ncc3ccc(-c4ccccc4)n3n2)cc1)N1CCOCC1,6,False,False,True,rdkit_reaction_aryl_F
CAND_5734a3bc86,rdkit,JAK2_69019d0e87,O=c1[nH]c(F)cc2c3[nH]c(-c4c(F)cccc4Cl)nc3c3ccc(F)cc3c12,QDSRXPJAHXPEMP-UHFFFAOYSA-N,True,True,True,399.759,5.2953,61.54,2,2,1,0.2968,2.749,O=c1[nH]ccc2c3[nH]c(-c4ccccc4)nc3c3ccccc3c12,6,False,False,True,rdkit_reaction_aryl_F
CAND_f9258fa007,rdkit,JAK2_69019d0e87,O=c1[nH]cc(F)c2c3[nH]c(-c4c(F)cccc4Cl)nc3c3ccc(F)cc3c12,ZTNAFQKBYFXTJE-UHFFFAOYSA-N,True,True,True,399.759,5.2953,61.54,2,2,1,0.3759,2.749,O=c1[nH]ccc2c3[nH]c(-c4ccccc4)nc3c3ccccc3c12,6,False,False,True,rdkit_reaction_aryl_F
CAND_052ddc0159,rdkit,JAK2_69019d0e87,O=c1[nH]ccc2c3[nH]c(-c4c(Cl)ccc(F)c4F)nc3c3ccc(F)cc3c12,KDBFSMUYZLBOTB-UHFFFAOYSA-N,True,True,True,399.759,5.2953,61.54,2,2,1,0.2968,2.749,O=c1[nH]ccc2c3[nH]c(-c4ccccc4)nc3c3ccccc3c12,6,False,False,True,rdkit_reaction_aryl_F
CAND_62517210b3,rdkit,JAK2_69019d0e87,O=c1[nH]ccc2c3[nH]c(-c4c(F)cc(F)cc4Cl)nc3c3ccc(F)cc3c12,RRDOHCJWTHJKGO-UHFFFAOYSA-N,True,True,True,399.759,5.2953,61.54,2,2,1,0.3759,2.749,O=c1[nH]ccc2c3[nH]c(-c4ccccc4)nc3c3ccccc3c12,6,False,False,True,rdkit_reaction_aryl_F
CAND_4f246277ee,rdkit,JAK2_69019d0e87,O=c1[nH]ccc2c3[nH]c(-c4c(F)ccc(F)c4Cl)nc3c3ccc(F)cc3c12,PHKXXXYVAINWHC-UHFFFAOYSA-N,True,True,True,399.759,5.2953,61.54,2,2,1,0.2968,2.749,O=c1[nH]ccc2c3[nH]c(-c4ccccc4)nc3c3ccccc3c12,6,False,False,True,rdkit_reaction_aryl_F
CAND_a54dcf380e,rdkit,JAK2_e6b69b948a,O=c1[nH]c(F)cc2c(Nc3c(Cl)cc(C(O)C(F)F)cc3Cl)nc3ccncc3c12,HETCGIXBLJDMPW-UHFFFAOYSA-N,True,True,True,455.223,4.9593,90.9,3,5,4,0.2991,3.335,O=c1[nH]ccc2c(Nc3ccccc3)nc3ccncc3c12,6,False,False,True,rdkit_reaction_aryl_F
CAND_a7734ff3ac,rdkit,JAK2_e6b69b948a,O=c1[nH]cc(F)c2c(Nc3c(Cl)cc(C(O)C(F)F)cc3Cl)nc3ccncc3c12,WDNLDMROARLOAD-UHFFFAOYSA-N,True,True,True,455.223,4.9593,90.9,3,5,4,0.3788,3.335,O=c1[nH]ccc2c(Nc3ccccc3)nc3ccncc3c12,6,False,False,True,rdkit_reaction_aryl_F
CAND_c076571666,rdkit,JAK2_e6b69b948a,O=c1[nH]ccc2c(Nc3c(Cl)cc(C(O)C(F)F)c(F)c3Cl)nc3ccncc3c12,GRUXIFIOONPTQN-UHFFFAOYSA-N,True,True,True,455.223,4.9593,90.9,3,5,4,0.2991,3.335,O=c1[nH]ccc2c(Nc3ccccc3)nc3ccncc3c12,6,False,False,True,rdkit_reaction_aryl_F
CAND_8bed7e5cbc,rdkit,JAK2_e6b69b948a,O=c1[nH]ccc2c(Nc3c(Cl)cc(C(O)C(F)F)cc3Cl)nc3c(F)cncc3c12,PMXCXAYSXCFBLJ-UHFFFAOYSA-N,True,True,True,455.223,4.9593,90.9,3,5,4,0.3788,3.335,O=c1[nH]ccc2c(Nc3ccccc3)nc3ccncc3c12,6,False,False,True,rdkit_reaction_aryl_F
CAND_99e5a40d9a,rdkit,JAK2_e6b69b948a,O=c1[nH]ccc2c(Nc3c(Cl)cc(C(O)C(F)F)cc3Cl)nc3cc(F)ncc3c12,PKUYIFRATPCLAI-UHFFFAOYSA-N,True,True,True,455.223,4.9593,90.9,3,5,4,0.2991,3.335,O=c1[nH]ccc2c(Nc3ccccc3)nc3ccncc3c12,6,False,False,True,rdkit_reaction_aryl_F
CAND_f4575fb9b9,rdkit,JAK2_6c55e74feb,COc1cc(Nc2ncc3ccc(-c4ccccc4)n3n2)c(F)c(OC)c1OC,LDYNVGTUWCXWKG-UHFFFAOYSA-N,True,True,True,394.406,4.3048,69.91,1,6,6,0.5257,2.997,c1ccc(Nc2ncc3ccc(-c4ccccc4)n3n2)cc1,6,False,False,True,rdkit_reaction_aryl_F
CAND_d3bdd07c00,rdkit,JAK2_6c55e74feb,COc1cc(Nc2nc(F)c3ccc(-c4ccccc4)n3n2)cc(OC)c1OC,JRAHYCAYBMPKMM-UHFFFAOYSA-N,True,True,True,394.406,4.3048,69.91,1,6,6,0.5257,2.997,c1ccc(Nc2ncc3ccc(-c4ccccc4)n3n2)cc1,6,False,False,True,rdkit_reaction_aryl_F
CAND_595b21315a,rdkit,JAK2_6c55e74feb,COc1cc(Nc2ncc3c(F)cc(-c4ccccc4)n3n2)cc(OC)c1OC,ZKPPINHVUSQMMU-UHFFFAOYSA-N,True,True,True,394.406,4.3048,69.91,1,6,6,0.5257,2.997,c1ccc(Nc2ncc3ccc(-c4ccccc4)n3n2)cc1,6,False,False,True,rdkit_reaction_aryl_F
CAND_154e94150d,rdkit,JAK2_6c55e74feb,COc1cc(Nc2ncc3cc(F)c(-c4ccccc4)n3n2)cc(OC)c1OC,IMEOHPLPRQZYQC-UHFFFAOYSA-N,True,True,True,394.406,4.3048,69.91,1,6,6,0.5257,2.997,c1ccc(Nc2ncc3ccc(-c4ccccc4)n3n2)cc1,6,False,False,True,rdkit_reaction_aryl_F
CAND_2c3e86fa3a,rdkit,JAK2_6c55e74feb,COc1cc(Nc2ncc3ccc(-c4ccccc4F)n3n2)cc(OC)c1OC,LUEXPBLJYVDCME-UHFFFAOYSA-N,True,True,True,394.406,4.3048,69.91,1,6,6,0.5257,2.997,c1ccc(Nc2ncc3ccc(-c4ccccc4)n3n2)cc1,6,False,False,True,rdkit_reaction_aryl_F
CAND_d42bea8b9c,rdkit,JAK2_c68e5406e0,C[C@@H](Nc1ncnc(-c2c(N)nn3cccnc23)c1F)c1ccc(F)cc1,FZPYQJYFVUJJAQ-SNVBAGLBSA-N,True,True,True,367.363,3.2198,94.02,2,6,4,0.5752,2.846,c1ccc(CNc2cc(-c3cnn4cccnc34)ncn2)cc1,6,False,False,True,rdkit_reaction_aryl_F
CAND_d267112a0b,rdkit,JAK2_c68e5406e0,C[C@@H](Nc1cc(-c2c(N)nn3c(F)ccnc23)ncn1)c1ccc(F)cc1,JUDNEKYFNWHPQD-SNVBAGLBSA-N,True,True,True,367.363,3.2198,94.02,2,6,4,0.538,2.846,c1ccc(CNc2cc(-c3cnn4cccnc34)ncn2)cc1,6,False,False,True,rdkit_reaction_aryl_F
CAND_3d1531f7b3,rdkit,JAK2_c68e5406e0,C[C@@H](Nc1cc(-c2c(N)nn3cc(F)cnc23)ncn1)c1ccc(F)cc1,ZFJOOJRSJFQNCH-SNVBAGLBSA-N,True,True,True,367.363,3.2198,94.02,2,6,4,0.5752,2.846,c1ccc(CNc2cc(-c3cnn4cccnc34)ncn2)cc1,6,False,False,True,rdkit_reaction_aryl_F
CAND_06cd7c219c,rdkit,JAK2_c68e5406e0,C[C@@H](Nc1cc(-c2c(N)nn3ccc(F)nc23)ncn1)c1ccc(F)cc1,HXHKKBUWTZDXAU-SNVBAGLBSA-N,True,True,True,367.363,3.2198,94.02,2,6,4,0.538,2.846,c1ccc(CNc2cc(-c3cnn4cccnc34)ncn2)cc1,6,False,False,True,rdkit_reaction_aryl_F
CAND_4fe5326f20,rdkit,JAK2_c68e5406e0,C[C@@H](Nc1cc(-c2c(N)nn3cccnc23)nc(F)n1)c1ccc(F)cc1,UBIVEAPNXIBUIJ-SNVBAGLBSA-N,True,True,True,367.363,3.2198,94.02,2,6,4,0.538,2.846,c1ccc(CNc2cc(-c3cnn4cccnc34)ncn2)cc1,6,False,False,True,rdkit_reaction_aryl_F
CAND_91b71a5957,rdkit,JAK2_a16dc6f15f,CS(=O)(=O)Nc1cc(-c2ccc3cnc(Nc4ccc(C5CCN(CC(N)=O)CC5)cc4)nn23)ccc1F,JXGXPULXVQDZTK-UHFFFAOYSA-N,True,True,True,537.621,3.3152,134.72,3,7,8,0.3139,4.242,c1ccc(-c2ccc3cnc(Nc4ccc(C5CCNCC5)cc4)nn23)cc1,6,False,False,True,rdkit_reaction_aryl_F
CAND_364ad96546,rdkit,JAK2_a16dc6f15f,CS(=O)(=O)Nc1cc(F)cc(-c2ccc3cnc(Nc4ccc(C5CCN(CC(N)=O)CC5)cc4)nn23)c1,QTRBSASGHJFWIT-UHFFFAOYSA-N,True,True,True,537.621,3.3152,134.72,3,7,8,0.3139,4.242,c1ccc(-c2ccc3cnc(Nc4ccc(C5CCNCC5)cc4)nn23)cc1,6,False,False,True,rdkit_reaction_aryl_F
CAND_9967b85f2e,rdkit,JAK2_a16dc6f15f,CS(=O)(=O)Nc1ccc(F)c(-c2ccc3cnc(Nc4ccc(C5CCN(CC(N)=O)CC5)cc4)nn23)c1,DMSDUHMITYSVJK-UHFFFAOYSA-N,True,True,True,537.621,3.3152,134.72,3,7,8,0.3139,4.242,c1ccc(-c2ccc3cnc(Nc4ccc(C5CCNCC5)cc4)nn23)cc1,6,False,False,True,rdkit_reaction_aryl_F
CAND_de40e4a360,rdkit,JAK2_a16dc6f15f,CS(=O)(=O)Nc1cccc(-c2c(F)cc3cnc(Nc4ccc(C5CCN(CC(N)=O)CC5)cc4)nn23)c1,XMUVOQIMTYUMRV-UHFFFAOYSA-N,True,True,True,537.621,3.3152,134.72,3,7,8,0.3139,4.242,c1ccc(-c2ccc3cnc(Nc4ccc(C5CCNCC5)cc4)nn23)cc1,6,False,False,True,rdkit_reaction_aryl_F
CAND_e01c3fac3d,rdkit,JAK2_a16dc6f15f,CS(=O)(=O)Nc1cccc(-c2cc(F)c3cnc(Nc4ccc(C5CCN(CC(N)=O)CC5)cc4)nn23)c1,BSRLMFHWFSOYQC-UHFFFAOYSA-N,True,True,True,537.621,3.3152,134.72,3,7,8,0.3139,4.242,c1ccc(-c2ccc3cnc(Nc4ccc(C5CCNCC5)cc4)nn23)cc1,6,False,False,True,rdkit_reaction_aryl_F
CAND_618f35007a,rdkit,JAK2_11eb785811,CS(=O)(=O)c1ccc(-c2ccc3cnc(Nc4ccc(C5CCN(CC(N)=O)CC5)cc4)nn23)cc1F,SHQVSPMCTCMRQJ-UHFFFAOYSA-N,True,True,True,522.606,3.3472,122.69,2,7,7,0.3816,4.034,c1ccc(-c2ccc3cnc(Nc4ccc(C5CCNCC5)cc4)nn23)cc1,6,False,False,True,rdkit_reaction_aryl_F
CAND_b9683caec2,rdkit,JAK2_11eb785811,CS(=O)(=O)c1ccc(-c2ccc3cnc(Nc4ccc(C5CCN(CC(N)=O)CC5)cc4)nn23)c(F)c1,AYKULRAHXBLOBQ-UHFFFAOYSA-N,True,True,True,522.606,3.3472,122.69,2,7,7,0.3816,4.034,c1ccc(-c2ccc3cnc(Nc4ccc(C5CCNCC5)cc4)nn23)cc1,6,False,False,True,rdkit_reaction_aryl_F
CAND_0e5ca68e8e,rdkit,JAK2_11eb785811,CS(=O)(=O)c1ccc(-c2c(F)cc3cnc(Nc4ccc(C5CCN(CC(N)=O)CC5)cc4)nn23)cc1,MHFSYDPKINBQGK-UHFFFAOYSA-N,True,True,True,522.606,3.3472,122.69,2,7,7,0.3816,4.034,c1ccc(-c2ccc3cnc(Nc4ccc(C5CCNCC5)cc4)nn23)cc1,6,False,False,True,rdkit_reaction_aryl_F
CAND_b171a33cdf,rdkit,JAK2_11eb785811,CS(=O)(=O)c1ccc(-c2cc(F)c3cnc(Nc4ccc(C5CCN(CC(N)=O)CC5)cc4)nn23)cc1,GQIHMSIFYYIXNT-UHFFFAOYSA-N,True,True,True,522.606,3.3472,122.69,2,7,7,0.3816,4.034,c1ccc(-c2ccc3cnc(Nc4ccc(C5CCNCC5)cc4)nn23)cc1,6,False,False,True,rdkit_reaction_aryl_F
CAND_4e8670e242,rdkit,JAK2_11eb785811,CS(=O)(=O)c1ccc(-c2ccc3c(F)nc(Nc4ccc(C5CCN(CC(N)=O)CC5)cc4)nn23)cc1,ZEXSTEVUJMYGBR-UHFFFAOYSA-N,True,True,True,522.606,3.3472,122.69,2,7,7,0.3816,4.034,c1ccc(-c2ccc3cnc(Nc4ccc(C5CCNCC5)cc4)nn23)cc1,6,False,False,True,rdkit_reaction_aryl_F
CAND_ad32cfdc47,rdkit,JAK2_6bbe5c39de,COc1c(F)cccc1-c1ccc2cnc(Nc3ccc(N4CCOCC4)cc3)nn12,JGQWGZBZEWACHJ-UHFFFAOYSA-N,True,True,True,419.46,4.1242,63.92,1,6,5,0.525,3.211,c1ccc(-c2ccc3cnc(Nc4ccc(N5CCOCC5)cc4)nn23)cc1,6,False,False,True,rdkit_reaction_aryl_F
CAND_80dc7af7cd,rdkit,JAK2_6bbe5c39de,COc1cc(F)ccc1-c1ccc2cnc(Nc3ccc(N4CCOCC4)cc3)nn12,OVYUNSRFWKYSMJ-UHFFFAOYSA-N,True,True,True,419.46,4.1242,63.92,1,6,5,0.525,3.211,c1ccc(-c2ccc3cnc(Nc4ccc(N5CCOCC5)cc4)nn23)cc1,6,False,False,True,rdkit_reaction_aryl_F
CAND_d9bf2df8d7,rdkit,JAK2_6bbe5c39de,COc1ccc(F)cc1-c1ccc2cnc(Nc3ccc(N4CCOCC4)cc3)nn12,SWTHUEUMFQHKTJ-UHFFFAOYSA-N,True,True,True,419.46,4.1242,63.92,1,6,5,0.525,3.211,c1ccc(-c2ccc3cnc(Nc4ccc(N5CCOCC5)cc4)nn23)cc1,6,False,False,True,rdkit_reaction_aryl_F
CAND_82f22ca3b8,rdkit,JAK2_6bbe5c39de,COc1cccc(F)c1-c1ccc2cnc(Nc3ccc(N4CCOCC4)cc3)nn12,GKIYILHUBMLETF-UHFFFAOYSA-N,True,True,True,419.46,4.1242,63.92,1,6,5,0.525,3.211,c1ccc(-c2ccc3cnc(Nc4ccc(N5CCOCC5)cc4)nn23)cc1,6,False,False,True,rdkit_reaction_aryl_F
CAND_1c2cd767f6,rdkit,JAK2_6bbe5c39de,COc1ccccc1-c1c(F)cc2cnc(Nc3ccc(N4CCOCC4)cc3)nn12,KQZLNLROPHANLN-UHFFFAOYSA-N,True,True,True,419.46,4.1242,63.92,1,6,5,0.525,3.211,c1ccc(-c2ccc3cnc(Nc4ccc(N5CCOCC5)cc4)nn23)cc1,6,False,False,True,rdkit_reaction_aryl_F
CAND_12fa9d5019,rdkit,JAK2_0be2eaa185,NC(=O)CN1CCC(c2ccc(Nc3ncc4ccc(-c5cccc(CO)c5)n4n3)cc2F)CC1,NTXJHVBSJZQPAI-UHFFFAOYSA-N,True,True,True,474.54,3.436,108.78,3,6,7,0.3787,3.767,c1ccc(-c2ccc3cnc(Nc4ccc(C5CCNCC5)cc4)nn23)cc1,6,False,False,True,rdkit_reaction_aryl_F
CAND_1f584285cc,rdkit,JAK2_0be2eaa185,NC(=O)CN1CCC(c2ccc(Nc3ncc4ccc(-c5cccc(CO)c5)n4n3)c(F)c2)CC1,RDKWYZIBGBGRJB-UHFFFAOYSA-N,True,True,True,474.54,3.436,108.78,3,6,7,0.3787,3.767,c1ccc(-c2ccc3cnc(Nc4ccc(C5CCNCC5)cc4)nn23)cc1,6,False,False,True,rdkit_reaction_aryl_F
CAND_dfe2655633,rdkit,JAK2_0be2eaa185,NC(=O)CN1CCC(c2ccc(Nc3nc(F)c4ccc(-c5cccc(CO)c5)n4n3)cc2)CC1,SRCMQVNRCNWJJU-UHFFFAOYSA-N,True,True,True,474.54,3.436,108.78,3,6,7,0.3787,3.767,c1ccc(-c2ccc3cnc(Nc4ccc(C5CCNCC5)cc4)nn23)cc1,6,False,False,True,rdkit_reaction_aryl_F
CAND_1c4381014c,rdkit,JAK2_0be2eaa185,NC(=O)CN1CCC(c2ccc(Nc3ncc4c(F)cc(-c5cccc(CO)c5)n4n3)cc2)CC1,VUQMROWZFUTSKZ-UHFFFAOYSA-N,True,True,True,474.54,3.436,108.78,3,6,7,0.3787,3.767,c1ccc(-c2ccc3cnc(Nc4ccc(C5CCNCC5)cc4)nn23)cc1,6,False,False,True,rdkit_reaction_aryl_F
CAND_ffd999300f,rdkit,JAK2_0be2eaa185,NC(=O)CN1CCC(c2ccc(Nc3ncc4cc(F)c(-c5cccc(CO)c5)n4n3)cc2)CC1,PNDVYLFDBRVWOG-UHFFFAOYSA-N,True,True,True,474.54,3.436,108.78,3,6,7,0.3787,3.767,c1ccc(-c2ccc3cnc(Nc4ccc(C5CCNCC5)cc4)nn23)cc1,6,False,False,True,rdkit_reaction_aryl_F
CAND_f084c56bfb,rdkit,JAK2_4c8ff71131,COc1ncc(-c2ccc3cnc(Nc4ccc(N5CCN(C)CC5)cc4)nn23)cc1F,YFKVGUWZCPEXPA-UHFFFAOYSA-N,True,True,True,433.491,3.4344,70.82,1,7,5,0.517,3.289,c1cncc(-c2ccc3cnc(Nc4ccc(N5CCNCC5)cc4)nn23)c1,6,False,False,True,rdkit_reaction_aryl_F
CAND_e16c872724,rdkit,JAK2_4c8ff71131,COc1cc(F)c(-c2ccc3cnc(Nc4ccc(N5CCN(C)CC5)cc4)nn23)cn1,GWTQBSCRAMACPH-UHFFFAOYSA-N,True,True,True,433.491,3.4344,70.82,1,7,5,0.517,3.289,c1cncc(-c2ccc3cnc(Nc4ccc(N5CCNCC5)cc4)nn23)c1,6,False,False,True,rdkit_reaction_aryl_F
CAND_cd7fa0fdbf,rdkit,JAK2_4c8ff71131,COc1ccc(-c2c(F)cc3cnc(Nc4ccc(N5CCN(C)CC5)cc4)nn23)cn1,FTVPNRHLYKHGBE-UHFFFAOYSA-N,True,True,True,433.491,3.4344,70.82,1,7,5,0.517,3.289,c1cncc(-c2ccc3cnc(Nc4ccc(N5CCNCC5)cc4)nn23)c1,6,False,False,True,rdkit_reaction_aryl_F
CAND_a34a7335e9,rdkit,JAK2_4c8ff71131,COc1ccc(-c2cc(F)c3cnc(Nc4ccc(N5CCN(C)CC5)cc4)nn23)cn1,VLMXGMWCALSZLM-UHFFFAOYSA-N,True,True,True,433.491,3.4344,70.82,1,7,5,0.517,3.289,c1cncc(-c2ccc3cnc(Nc4ccc(N5CCNCC5)cc4)nn23)c1,6,False,False,True,rdkit_reaction_aryl_F
CAND_2e4a75985e,rdkit,JAK2_4c8ff71131,COc1ccc(-c2ccc3c(F)nc(Nc4ccc(N5CCN(C)CC5)cc4)nn23)cn1,XGSVVHGQZXXQEY-UHFFFAOYSA-N,True,True,True,433.491,3.4344,70.82,1,7,5,0.517,3.289,c1cncc(-c2ccc3cnc(Nc4ccc(N5CCNCC5)cc4)nn23)c1,6,False,False,True,rdkit_reaction_aryl_F
CAND_051491af31,rdkit,JAK2_0363b39a60,N#CC[C@H](C1CCCC1)n1ncc(-c2ncnc3[nH]ccc23)c1F,AGNFUWSKOAKJQC-CQSZACIVSA-N,True,True,True,324.363,3.6055,83.18,1,4,4,0.7944,2.75,c1nc(-c2cnn(CC3CCCC3)c2)c2cc[nH]c2n1,6,False,False,True,rdkit_reaction_aryl_F
CAND_a164cc6c14,rdkit,JAK2_0363b39a60,N#CC[C@H](C1CCCC1)n1cc(-c2nc(F)nc3[nH]ccc23)cn1,UHYJIQMEJUFCLK-CQSZACIVSA-N,True,True,True,324.363,3.6055,83.18,1,4,4,0.7432,2.75,c1nc(-c2cnn(CC3CCCC3)c2)c2cc[nH]c2n1,6,False,False,True,rdkit_reaction_aryl_F
CAND_f166e0daaa,rdkit,JAK2_0363b39a60,N#CC[C@H](C1CCCC1)n1cc(-c2ncnc3[nH]c(F)cc23)cn1,JHXVPNCERDGWDA-CQSZACIVSA-N,True,True,True,324.363,3.6055,83.18,1,4,4,0.7944,2.75,c1nc(-c2cnn(CC3CCCC3)c2)c2cc[nH]c2n1,6,False,False,True,rdkit_reaction_aryl_F
CAND_e3019196a1,rdkit,JAK2_0363b39a60,N#CC[C@H](C1CCCC1)n1cc(-c2ncnc3[nH]cc(F)c23)cn1,UURDIIMTSXRNEJ-CQSZACIVSA-N,True,True,True,324.363,3.6055,83.18,1,4,4,0.7944,2.75,c1nc(-c2cnn(CC3CCCC3)c2)c2cc[nH]c2n1,6,False,False,True,rdkit_reaction_aryl_F
CAND_9ec9c2734d,rdkit,JAK2_0363b39a60,N#CC[C@H](C1CCCC1)n1cc(-c2ncnc3[nH]ccc23)c(F)n1,AZORHLCOIBTNSJ-CQSZACIVSA-N,True,True,True,324.363,3.6055,83.18,1,4,4,0.7944,2.75,c1nc(-c2cnn(CC3CCCC3)c2)c2cc[nH]c2n1,6,False,False,True,rdkit_reaction_aryl_F
CAND_2b7c64c1dc,rdkit,JAK2_69b6c7ad6e,N#C[C@@H]1CCN(C(=O)[C@H](NC(=O)c2c(F)[nH]c3ncc(C4CC4)nc23)C2CC2)C1,UNDSVAODMVUEIT-ZUZCIYMTSA-N,True,True,True,396.426,1.8549,114.77,2,5,5,0.8005,3.583,O=C(N[C@@H](C(=O)N1CCCC1)C1CC1)c1c[nH]c2ncc(C3CC3)nc12,6,False,False,True,rdkit_reaction_aryl_F
CAND_1958cbe502,rdkit,JAK2_69b6c7ad6e,N#C[C@@H]1CCN(C(=O)[C@H](NC(=O)c2c[nH]c3nc(F)c(C4CC4)nc23)C2CC2)C1,BUNOBWISEIKQNH-ZUZCIYMTSA-N,True,True,True,396.426,1.8549,114.77,2,5,5,0.8005,3.583,O=C(N[C@@H](C(=O)N1CCCC1)C1CC1)c1c[nH]c2ncc(C3CC3)nc12,6,False,False,True,rdkit_reaction_aryl_F
CAND_33014eceb3,rdkit,JAK2_69b6c7ad6e,N#C[C@@H]1CCN(C(=O)[C@H](NC(=O)c2c(Cl)[nH]c3ncc(C4CC4)nc23)C2CC2)C1,PSIUUTGKPUTICD-ZUZCIYMTSA-N,True,True,True,412.881,2.3692,114.77,2,5,5,0.7818,3.674,O=C(N[C@@H](C(=O)N1CCCC1)C1CC1)c1c[nH]c2ncc(C3CC3)nc12,6,False,False,True,rdkit_reaction_aryl_Cl
CAND_8051817250,rdkit,JAK2_69b6c7ad6e,N#C[C@@H]1CCN(C(=O)[C@H](NC(=O)c2c[nH]c3nc(Cl)c(C4CC4)nc23)C2CC2)C1,JNAKCWMCFYVFPH-ZUZCIYMTSA-N,True,True,True,412.881,2.3692,114.77,2,5,5,0.7818,3.674,O=C(N[C@@H](C(=O)N1CCCC1)C1CC1)c1c[nH]c2ncc(C3CC3)nc12,6,False,False,True,rdkit_reaction_aryl_Cl
CAND_0a5166e5b3,rdkit,JAK2_69b6c7ad6e,Cc1[nH]c2ncc(C3CC3)nc2c1C(=O)N[C@@H](C(=O)N1CC[C@@H](C#N)C1)C1CC1,SIDFWEFCWSCEPR-YVEFUNNKSA-N,True,True,True,392.463,2.0242,114.77,2,5,5,0.8078,3.561,O=C(N[C@@H](C(=O)N1CCCC1)C1CC1)c1c[nH]c2ncc(C3CC3)nc12,6,False,False,True,rdkit_reaction_aryl_Me
CAND_0be5e5cb2a,rdkit,JAK2_a36c03bfb1,CN1CCN(c2ccc(Nc3ncc4ccc(-c5cccc(S(=O)(=O)NC(C)(C)C)c5)n4n3)cc2F)CC1,DYDMXIWYULAKCW-UHFFFAOYSA-N,True,True,False,537.665,4.1076,94.87,2,7,6,0.3823,3.993,c1ccc(-c2ccc3cnc(Nc4ccc(N5CCNCC5)cc4)nn23)cc1,6,False,False,True,rdkit_reaction_aryl_F
CAND_87e5f11590,rdkit,JAK2_a36c03bfb1,CN1CCN(c2ccc(Nc3ncc4ccc(-c5cccc(S(=O)(=O)NC(C)(C)C)c5)n4n3)c(F)c2)CC1,AYADZGFWTZBZDO-UHFFFAOYSA-N,True,True,True,537.665,4.1076,94.87,2,7,6,0.3823,3.993,c1ccc(-c2ccc3cnc(Nc4ccc(N5CCNCC5)cc4)nn23)cc1,6,False,False,True,rdkit_reaction_aryl_F
CAND_090b89546e,rdkit,JAK2_a36c03bfb1,CN1CCN(c2ccc(Nc3nc(F)c4ccc(-c5cccc(S(=O)(=O)NC(C)(C)C)c5)n4n3)cc2)CC1,ZXLWEGDDGYCRNB-UHFFFAOYSA-N,True,True,True,537.665,4.1076,94.87,2,7,6,0.3823,3.993,c1ccc(-c2ccc3cnc(Nc4ccc(N5CCNCC5)cc4)nn23)cc1,6,False,False,True,rdkit_reaction_aryl_F
CAND_c9bcf60b26,rdkit,JAK2_a36c03bfb1,CN1CCN(c2ccc(Nc3ncc4c(F)cc(-c5cccc(S(=O)(=O)NC(C)(C)C)c5)n4n3)cc2)CC1,QPPIGLQYJVBNFP-UHFFFAOYSA-N,True,True,True,537.665,4.1076,94.87,2,7,6,0.3823,3.993,c1ccc(-c2ccc3cnc(Nc4ccc(N5CCNCC5)cc4)nn23)cc1,6,False,False,True,rdkit_reaction_aryl_F
CAND_fcb8bfae80,rdkit,JAK2_a36c03bfb1,CN1CCN(c2ccc(Nc3ncc4cc(F)c(-c5cccc(S(=O)(=O)NC(C)(C)C)c5)n4n3)cc2)CC1,KGUQJACVYVPSPS-UHFFFAOYSA-N,True,True,True,537.665,4.1076,94.87,2,7,6,0.3823,3.993,c1ccc(-c2ccc3cnc(Nc4ccc(N5CCNCC5)cc4)nn23)cc1,6,False,False,True,rdkit_reaction_aryl_F
CAND_9351bd6f66,rdkit,JAK2_364f20ca75,COc1c(F)cccc1-c1ccc2cnc(Nc3ccc(N4CCN(C)CC4)c(F)c3)nn12,CHRYLNYRIJMNHM-UHFFFAOYSA-N,True,True,True,450.493,4.1785,57.93,1,6,5,0.4925,3.383,c1ccc(-c2ccc3cnc(Nc4ccc(N5CCNCC5)cc4)nn23)cc1,6,False,False,True,rdkit_reaction_aryl_F
CAND_143e452545,rdkit,JAK2_364f20ca75,COc1cc(F)ccc1-c1ccc2cnc(Nc3ccc(N4CCN(C)CC4)c(F)c3)nn12,HFKWIPFVZUDZCN-UHFFFAOYSA-N,True,True,True,450.493,4.1785,57.93,1,6,5,0.4925,3.383,c1ccc(-c2ccc3cnc(Nc4ccc(N5CCNCC5)cc4)nn23)cc1,6,False,False,True,rdkit_reaction_aryl_F
CAND_ecffba18ac,rdkit,JAK2_364f20ca75,COc1ccc(F)cc1-c1ccc2cnc(Nc3ccc(N4CCN(C)CC4)c(F)c3)nn12,SGTFBRZJAPQEMV-UHFFFAOYSA-N,True,True,True,450.493,4.1785,57.93,1,6,5,0.4925,3.383,c1ccc(-c2ccc3cnc(Nc4ccc(N5CCNCC5)cc4)nn23)cc1,6,False,False,True,rdkit_reaction_aryl_F
CAND_83b54e29bd,rdkit,JAK2_364f20ca75,COc1cccc(F)c1-c1ccc2cnc(Nc3ccc(N4CCN(C)CC4)c(F)c3)nn12,MLOWJQXGIIUBGZ-UHFFFAOYSA-N,True,True,True,450.493,4.1785,57.93,1,6,5,0.4925,3.383,c1ccc(-c2ccc3cnc(Nc4ccc(N5CCNCC5)cc4)nn23)cc1,6,False,False,True,rdkit_reaction_aryl_F
CAND_6b73e10eb6,rdkit,JAK2_364f20ca75,COc1ccccc1-c1c(F)cc2cnc(Nc3ccc(N4CCN(C)CC4)c(F)c3)nn12,DYVNLIYNGACKMQ-UHFFFAOYSA-N,True,True,True,450.493,4.1785,57.93,1,6,5,0.4925,3.383,c1ccc(-c2ccc3cnc(Nc4ccc(N5CCNCC5)cc4)nn23)cc1,6,False,False,True,rdkit_reaction_aryl_F
CAND_863d752436,rdkit,JAK2_ccf270f33b,COc1c(F)cccc1-c1ccc2cnc(Nc3cccc(N4CCOCC4)c3)nn12,GECHYLOXIIPGOF-UHFFFAOYSA-N,True,True,True,419.46,4.1242,63.92,1,6,5,0.525,3.211,c1ccc(-c2ccc3cnc(Nc4cccc(N5CCOCC5)c4)nn23)cc1,6,False,False,True,rdkit_reaction_aryl_F
CAND_920beba5de,rdkit,JAK2_ccf270f33b,COc1cc(F)ccc1-c1ccc2cnc(Nc3cccc(N4CCOCC4)c3)nn12,RUWRSJUJHXMILQ-UHFFFAOYSA-N,True,True,True,419.46,4.1242,63.92,1,6,5,0.525,3.211,c1ccc(-c2ccc3cnc(Nc4cccc(N5CCOCC5)c4)nn23)cc1,6,False,False,True,rdkit_reaction_aryl_F
CAND_f22e247fe6,rdkit,JAK2_ccf270f33b,COc1ccc(F)cc1-c1ccc2cnc(Nc3cccc(N4CCOCC4)c3)nn12,BVVJTUBLRCFNFX-UHFFFAOYSA-N,True,True,True,419.46,4.1242,63.92,1,6,5,0.525,3.211,c1ccc(-c2ccc3cnc(Nc4cccc(N5CCOCC5)c4)nn23)cc1,6,False,False,True,rdkit_reaction_aryl_F
CAND_e3d7f2f2dc,rdkit,JAK2_ccf270f33b,COc1cccc(F)c1-c1ccc2cnc(Nc3cccc(N4CCOCC4)c3)nn12,ZWXXDDZMIGLYMJ-UHFFFAOYSA-N,True,True,True,419.46,4.1242,63.92,1,6,5,0.525,3.211,c1ccc(-c2ccc3cnc(Nc4cccc(N5CCOCC5)c4)nn23)cc1,6,False,False,True,rdkit_reaction_aryl_F
CAND_55d0c55777,rdkit,JAK2_ccf270f33b,COc1ccccc1-c1c(F)cc2cnc(Nc3cccc(N4CCOCC4)c3)nn12,YXKFJJJFDWAGQH-UHFFFAOYSA-N,True,True,True,419.46,4.1242,63.92,1,6,5,0.525,3.211,c1ccc(-c2ccc3cnc(Nc4cccc(N5CCOCC5)c4)nn23)cc1,6,False,False,True,rdkit_reaction_aryl_F
CAND_cbe980af6a,rdkit,JAK2_2c9dc917e3,C[C@H](O)CN1CCN(c2c(F)cc(Nc3ncc4ccc(-c5cccc(S(=O)(=O)NC(C)(C)C)c5)n4n3)cc2F)CC1,LANJLFONMOMBNJ-IBGZPJMESA-N,True,True,True,599.708,3.9977,115.1,3,8,8,0.2786,4.837,c1ccc(-c2ccc3cnc(Nc4ccc(N5CCNCC5)cc4)nn23)cc1,6,False,False,True,rdkit_reaction_aryl_F
CAND_a81ddd1a55,rdkit,JAK2_2c9dc917e3,C[C@H](O)CN1CCN(c2cc(F)c(Nc3ncc4ccc(-c5cccc(S(=O)(=O)NC(C)(C)C)c5)n4n3)cc2F)CC1,BPZBYCWFXFYVEY-IBGZPJMESA-N,True,True,True,599.708,3.9977,115.1,3,8,8,0.2786,4.837,c1ccc(-c2ccc3cnc(Nc4ccc(N5CCNCC5)cc4)nn23)cc1,6,False,False,True,rdkit_reaction_aryl_F
CAND_2b64229936,rdkit,JAK2_2c9dc917e3,C[C@H](O)CN1CCN(c2ccc(Nc3nc(F)c4ccc(-c5cccc(S(=O)(=O)NC(C)(C)C)c5)n4n3)cc2F)CC1,OWWROTGCULJPKV-IBGZPJMESA-N,True,True,True,599.708,3.9977,115.1,3,8,8,0.2786,4.837,c1ccc(-c2ccc3cnc(Nc4ccc(N5CCNCC5)cc4)nn23)cc1,6,False,False,True,rdkit_reaction_aryl_F
CAND_1bcc2a2844,rdkit,JAK2_2c9dc917e3,C[C@H](O)CN1CCN(c2ccc(Nc3ncc4c(F)cc(-c5cccc(S(=O)(=O)NC(C)(C)C)c5)n4n3)cc2F)CC1,CNMQKFSFOGAJFV-IBGZPJMESA-N,True,True,True,599.708,3.9977,115.1,3,8,8,0.2786,4.837,c1ccc(-c2ccc3cnc(Nc4ccc(N5CCNCC5)cc4)nn23)cc1,6,False,False,True,rdkit_reaction_aryl_F
CAND_20d123bc5b,rdkit,JAK2_2c9dc917e3,C[C@H](O)CN1CCN(c2ccc(Nc3ncc4cc(F)c(-c5cccc(S(=O)(=O)NC(C)(C)C)c5)n4n3)cc2F)CC1,FRQXRCNJSIRMRL-IBGZPJMESA-N,True,True,True,599.708,3.9977,115.1,3,8,8,0.2786,4.837,c1ccc(-c2ccc3cnc(Nc4ccc(N5CCNCC5)cc4)nn23)cc1,6,False,False,True,rdkit_reaction_aryl_F
CAND_e1bc2e0e85,rdkit,JAK2_1cc95fb461,Cn1ncc(-c2ccc3c(c2)[nH]c2c(C(N)=O)cnc(N[C@H](C4CC4)C(F)(F)F)c23)c1F,ZILLGYCQBOJICY-QGZVFWFLSA-N,True,True,True,446.408,4.1074,101.62,3,4,5,0.4018,3.611,c1cc2[nH]c3cc(-c4cn[nH]c4)ccc3c2c(NCC2CC2)n1,6,False,False,True,rdkit_reaction_aryl_F
CAND_0b28f4ac25,rdkit,JAK2_1cc95fb461,Cn1cc(-c2cc3[nH]c4c(C(N)=O)cnc(N[C@H](C5CC5)C(F)(F)F)c4c3cc2F)cn1,YMZAYFCPUXIGKB-GOSISDBHSA-N,True,True,True,446.408,4.1074,101.62,3,4,5,0.4018,3.611,c1cc2[nH]c3cc(-c4cn[nH]c4)ccc3c2c(NCC2CC2)n1,6,False,False,True,rdkit_reaction_aryl_F
CAND_f217cb1464,rdkit,JAK2_1cc95fb461,Cn1cc(-c2cc(F)c3c(c2)[nH]c2c(C(N)=O)cnc(N[C@H](C4CC4)C(F)(F)F)c23)cn1,FMNUCWNCGBEHPP-GOSISDBHSA-N,True,True,True,446.408,4.1074,101.62,3,4,5,0.4018,3.611,c1cc2[nH]c3cc(-c4cn[nH]c4)ccc3c2c(NCC2CC2)n1,6,False,False,True,rdkit_reaction_aryl_F
CAND_6e8bcf7fe0,rdkit,JAK2_1cc95fb461,Cn1cc(-c2ccc3c([nH]c4c(C(N)=O)cnc(N[C@H](C5CC5)C(F)(F)F)c43)c2F)cn1,NHRCYHLDHKQEPG-GOSISDBHSA-N,True,True,True,446.408,4.1074,101.62,3,4,5,0.4018,3.611,c1cc2[nH]c3cc(-c4cn[nH]c4)ccc3c2c(NCC2CC2)n1,6,False,False,True,rdkit_reaction_aryl_F
CAND_1742aaf797,rdkit,JAK2_1cc95fb461,Cn1cc(-c2ccc3c(c2)[nH]c2c(C(N)=O)c(F)nc(N[C@H](C4CC4)C(F)(F)F)c23)cn1,CSGDVRNGEWJJER-QGZVFWFLSA-N,True,True,True,446.408,4.1074,101.62,3,4,5,0.3173,3.611,c1cc2[nH]c3cc(-c4cn[nH]c4)ccc3c2c(NCC2CC2)n1,6,False,False,True,rdkit_reaction_aryl_F
CAND_16e5c2e9e4,rdkit,JAK2_f6c9a7f30d,NC(=O)c1c(F)nc(N[C@H](C2CC2)C(F)(F)F)c2c1[nH]c1cc(-c3cnc(N)nc3)ccc12,WAPHVIRDTPEEIW-MRXNPFEDSA-N,True,True,True,459.407,3.7461,135.6,4,6,5,0.2652,3.683,c1ncc(-c2ccc3c(c2)[nH]c2ccnc(NCC4CC4)c23)cn1,6,False,False,True,rdkit_reaction_aryl_F
CAND_b22440cf1d,rdkit,JAK2_f6c9a7f30d,NC(=O)c1cnc(N[C@H](C2CC2)C(F)(F)F)c2c1[nH]c1c(F)c(-c3cnc(N)nc3)ccc12,JDTFLYNLDDOPCA-QGZVFWFLSA-N,True,True,True,459.407,3.7461,135.6,4,6,5,0.3358,3.683,c1ncc(-c2ccc3c(c2)[nH]c2ccnc(NCC4CC4)c23)cn1,6,False,False,True,rdkit_reaction_aryl_F
CAND_ce2ef6005e,rdkit,JAK2_f6c9a7f30d,NC(=O)c1cnc(N[C@H](C2CC2)C(F)(F)F)c2c1[nH]c1cc(-c3cnc(N)nc3F)ccc12,SWHCHVQSSJBLIA-MRXNPFEDSA-N,True,True,True,459.407,3.7461,135.6,4,6,5,0.2652,3.683,c1ncc(-c2ccc3c(c2)[nH]c2ccnc(NCC4CC4)c23)cn1,6,False,False,True,rdkit_reaction_aryl_F
CAND_1c1e3c51cf,rdkit,JAK2_f6c9a7f30d,NC(=O)c1cnc(N[C@H](C2CC2)C(F)(F)F)c2c1[nH]c1cc(-c3cnc(N)nc3)c(F)cc12,UTTPLRVIAVLCNZ-QGZVFWFLSA-N,True,True,True,459.407,3.7461,135.6,4,6,5,0.3358,3.683,c1ncc(-c2ccc3c(c2)[nH]c2ccnc(NCC4CC4)c23)cn1,6,False,False,True,rdkit_reaction_aryl_F
CAND_ad4c3e86a7,rdkit,JAK2_f6c9a7f30d,NC(=O)c1cnc(N[C@H](C2CC2)C(F)(F)F)c2c1[nH]c1cc(-c3cnc(N)nc3)cc(F)c12,MAVGNVBWFFQITE-QGZVFWFLSA-N,True,True,True,459.407,3.7461,135.6,4,6,5,0.3358,3.683,c1ncc(-c2ccc3c(c2)[nH]c2ccnc(NCC4CC4)c23)cn1,6,False,False,True,rdkit_reaction_aryl_F
CAND_d4b1d3b503,rdkit,JAK2_1225662731,COc1ncc(-c2ccc3cnc(Nc4ccc(N5CCN(C)CC5)c(F)c4)nn23)cc1F,LZEBRHDUEAEVPY-UHFFFAOYSA-N,True,True,True,451.481,3.5735,70.82,1,7,5,0.4974,3.389,c1cncc(-c2ccc3cnc(Nc4ccc(N5CCNCC5)cc4)nn23)c1,6,False,False,True,rdkit_reaction_aryl_F
CAND_2898dbea54,rdkit,JAK2_1225662731,COc1cc(F)c(-c2ccc3cnc(Nc4ccc(N5CCN(C)CC5)c(F)c4)nn23)cn1,KWHUEXIHWMRIOC-UHFFFAOYSA-N,True,True,True,451.481,3.5735,70.82,1,7,5,0.4974,3.389,c1cncc(-c2ccc3cnc(Nc4ccc(N5CCNCC5)cc4)nn23)c1,6,False,False,True,rdkit_reaction_aryl_F
CAND_a360a9a258,rdkit,JAK2_1225662731,COc1ccc(-c2c(F)cc3cnc(Nc4ccc(N5CCN(C)CC5)c(F)c4)nn23)cn1,DVBYEZGWVNATNH-UHFFFAOYSA-N,True,True,True,451.481,3.5735,70.82,1,7,5,0.4974,3.389,c1cncc(-c2ccc3cnc(Nc4ccc(N5CCNCC5)cc4)nn23)c1,6,False,False,True,rdkit_reaction_aryl_F
CAND_ffc51eb5b7,rdkit,JAK2_1225662731,COc1ccc(-c2cc(F)c3cnc(Nc4ccc(N5CCN(C)CC5)c(F)c4)nn23)cn1,OMUBDQRAMDSBKN-UHFFFAOYSA-N,True,True,True,451.481,3.5735,70.82,1,7,5,0.4974,3.389,c1cncc(-c2ccc3cnc(Nc4ccc(N5CCNCC5)cc4)nn23)c1,6,False,False,True,rdkit_reaction_aryl_F
CAND_18c504ac9e,rdkit,JAK2_1225662731,COc1ccc(-c2ccc3c(F)nc(Nc4ccc(N5CCN(C)CC5)c(F)c4)nn23)cn1,JYRNRYMYHUHPJG-UHFFFAOYSA-N,True,True,True,451.481,3.5735,70.82,1,7,5,0.4974,3.389,c1cncc(-c2ccc3cnc(Nc4ccc(N5CCNCC5)cc4)nn23)c1,6,False,False,True,rdkit_reaction_aryl_F
CAND_12693edbf1,rdkit,JAK2_155bd54352,COc1ncc(-c2ccc3cnc(Nc4ccc(N5CCN(C)CC5)c(Cl)c4)nn23)cc1F,DTKFLFKCMANYAA-UHFFFAOYSA-N,True,True,True,467.936,4.0878,70.82,1,7,5,0.4737,3.48,c1cncc(-c2ccc3cnc(Nc4ccc(N5CCNCC5)cc4)nn23)c1,6,False,False,True,rdkit_reaction_aryl_F
CAND_473072aabd,rdkit,JAK2_155bd54352,COc1cc(F)c(-c2ccc3cnc(Nc4ccc(N5CCN(C)CC5)c(Cl)c4)nn23)cn1,YXSSHXBJZQREPW-UHFFFAOYSA-N,True,True,True,467.936,4.0878,70.82,1,7,5,0.4737,3.48,c1cncc(-c2ccc3cnc(Nc4ccc(N5CCNCC5)cc4)nn23)c1,6,False,False,True,rdkit_reaction_aryl_F
CAND_d0fcb6d321,rdkit,JAK2_155bd54352,COc1ccc(-c2c(F)cc3cnc(Nc4ccc(N5CCN(C)CC5)c(Cl)c4)nn23)cn1,FJLXGZUKMPESBM-UHFFFAOYSA-N,True,True,True,467.936,4.0878,70.82,1,7,5,0.4737,3.48,c1cncc(-c2ccc3cnc(Nc4ccc(N5CCNCC5)cc4)nn23)c1,6,False,False,True,rdkit_reaction_aryl_F
CAND_56eab6a2be,rdkit,JAK2_155bd54352,COc1ccc(-c2cc(F)c3cnc(Nc4ccc(N5CCN(C)CC5)c(Cl)c4)nn23)cn1,IEBVKKBACXKFQH-UHFFFAOYSA-N,True,True,True,467.936,4.0878,70.82,1,7,5,0.4737,3.48,c1cncc(-c2ccc3cnc(Nc4ccc(N5CCNCC5)cc4)nn23)c1,6,False,False,True,rdkit_reaction_aryl_F
CAND_2693c45629,rdkit,JAK2_155bd54352,COc1ccc(-c2ccc3c(F)nc(Nc4ccc(N5CCN(C)CC5)c(Cl)c4)nn23)cn1,CLZGNILUEHUYEE-UHFFFAOYSA-N,True,True,True,467.936,4.0878,70.82,1,7,5,0.4737,3.48,c1cncc(-c2ccc3cnc(Nc4ccc(N5CCNCC5)cc4)nn23)c1,6,False,False,True,rdkit_reaction_aryl_F
CAND_ce80c5836c,rdkit,JAK2_1e3c7a3902,COc1c(F)cccc1-c1ccc2cnc(Nc3ccc(N4CCN(C[C@H](C)O)CC4)cc3)nn12,PTDGYWUQSPOWLP-SFHVURJKSA-N,True,True,True,476.556,3.7904,78.16,2,7,7,0.4202,4.028,c1ccc(-c2ccc3cnc(Nc4ccc(N5CCNCC5)cc4)nn23)cc1,6,False,False,True,rdkit_reaction_aryl_F
CAND_7331773bc3,rdkit,JAK2_1e3c7a3902,COc1cc(F)ccc1-c1ccc2cnc(Nc3ccc(N4CCN(C[C@H](C)O)CC4)cc3)nn12,VQPLFNXJBFZMSO-SFHVURJKSA-N,True,True,True,476.556,3.7904,78.16,2,7,7,0.4202,4.028,c1ccc(-c2ccc3cnc(Nc4ccc(N5CCNCC5)cc4)nn23)cc1,6,False,False,True,rdkit_reaction_aryl_F
CAND_2bd4ef23eb,rdkit,JAK2_1e3c7a3902,COc1ccc(F)cc1-c1ccc2cnc(Nc3ccc(N4CCN(C[C@H](C)O)CC4)cc3)nn12,QYTSWCYOOQCLSV-SFHVURJKSA-N,True,True,True,476.556,3.7904,78.16,2,7,7,0.4202,4.028,c1ccc(-c2ccc3cnc(Nc4ccc(N5CCNCC5)cc4)nn23)cc1,6,False,False,True,rdkit_reaction_aryl_F
CAND_962eca9a92,rdkit,JAK2_1e3c7a3902,COc1cccc(F)c1-c1ccc2cnc(Nc3ccc(N4CCN(C[C@H](C)O)CC4)cc3)nn12,VSORPPIGHFQRDH-SFHVURJKSA-N,True,True,True,476.556,3.7904,78.16,2,7,7,0.4202,4.028,c1ccc(-c2ccc3cnc(Nc4ccc(N5CCNCC5)cc4)nn23)cc1,6,False,False,True,rdkit_reaction_aryl_F
CAND_0fbbd70609,rdkit,JAK2_1e3c7a3902,COc1ccccc1-c1c(F)cc2cnc(Nc3ccc(N4CCN(C[C@H](C)O)CC4)cc3)nn12,VNJSSNYIEQCZGV-SFHVURJKSA-N,True,True,True,476.556,3.7904,78.16,2,7,7,0.4202,4.028,c1ccc(-c2ccc3cnc(Nc4ccc(N5CCNCC5)cc4)nn23)cc1,6,False,False,True,rdkit_reaction_aryl_F
CAND_e562a328f3,rdkit,JAK2_b21735112e,CC(C)(O)c1cc(Cl)c(Nc2nc3ccncc3c3c(=O)[nH]ccc23)c(Cl)c1F,UACRHKKGGQPTBK-UHFFFAOYSA-N,True,True,True,433.27,4.8882,90.9,3,5,3,0.3163,2.838,O=c1[nH]ccc2c(Nc3ccccc3)nc3ccncc3c12,6,False,False,True,rdkit_reaction_aryl_F
CAND_4ebf0aa8a8,rdkit,JAK2_b21735112e,CC(C)(O)c1cc(Cl)c(Nc2nc3c(F)cncc3c3c(=O)[nH]ccc23)c(Cl)c1,ROGKTXMVYCNVCG-UHFFFAOYSA-N,True,True,True,433.27,4.8882,90.9,3,5,3,0.4006,2.838,O=c1[nH]ccc2c(Nc3ccccc3)nc3ccncc3c12,6,False,False,True,rdkit_reaction_aryl_F
CAND_bf3513adfc,rdkit,JAK2_b21735112e,CC(C)(O)c1cc(Cl)c(Nc2nc3cc(F)ncc3c3c(=O)[nH]ccc23)c(Cl)c1,QZOMMDLNNCSMMX-UHFFFAOYSA-N,True,True,True,433.27,4.8882,90.9,3,5,3,0.3163,2.838,O=c1[nH]ccc2c(Nc3ccccc3)nc3ccncc3c12,6,False,False,True,rdkit_reaction_aryl_F
CAND_2aeea43ace,rdkit,JAK2_b21735112e,CC(C)(O)c1cc(Cl)c(Nc2nc3ccnc(F)c3c3c(=O)[nH]ccc23)c(Cl)c1,OXGONTXOMPHVEK-UHFFFAOYSA-N,True,True,True,433.27,4.8882,90.9,3,5,3,0.3163,2.838,O=c1[nH]ccc2c(Nc3ccccc3)nc3ccncc3c12,6,False,False,True,rdkit_reaction_aryl_F
CAND_7500cd36f2,rdkit,JAK2_b21735112e,CC(C)(O)c1cc(Cl)c(Nc2nc3ccncc3c3c(=O)[nH]c(F)cc23)c(Cl)c1,LBNQRXAQMKLILG-UHFFFAOYSA-N,True,True,True,433.27,4.8882,90.9,3,5,3,0.3163,2.838,O=c1[nH]ccc2c(Nc3ccccc3)nc3ccncc3c12,6,False,False,True,rdkit_reaction_aryl_F
CAND_d8788cc42b,rdkit,JAK2_698071eb2b,COc1c(F)cccc1-c1ccc2cnc(Nc3ccc(N4CCN(C)CC4)c(Cl)c3)nn12,OQMRSIGIERQXLI-UHFFFAOYSA-N,True,True,True,466.948,4.6928,57.93,1,6,5,0.4601,3.475,c1ccc(-c2ccc3cnc(Nc4ccc(N5CCNCC5)cc4)nn23)cc1,6,False,False,True,rdkit_reaction_aryl_F
CAND_866f933505,rdkit,JAK2_698071eb2b,COc1cc(F)ccc1-c1ccc2cnc(Nc3ccc(N4CCN(C)CC4)c(Cl)c3)nn12,JOAVHYRERPZBKO-UHFFFAOYSA-N,True,True,True,466.948,4.6928,57.93,1,6,5,0.4601,3.475,c1ccc(-c2ccc3cnc(Nc4ccc(N5CCNCC5)cc4)nn23)cc1,6,False,False,True,rdkit_reaction_aryl_F
CAND_a97b441242,rdkit,JAK2_698071eb2b,COc1ccc(F)cc1-c1ccc2cnc(Nc3ccc(N4CCN(C)CC4)c(Cl)c3)nn12,KODJHFUVPOKUED-UHFFFAOYSA-N,True,True,True,466.948,4.6928,57.93,1,6,5,0.4601,3.475,c1ccc(-c2ccc3cnc(Nc4ccc(N5CCNCC5)cc4)nn23)cc1,6,False,False,True,rdkit_reaction_aryl_F
CAND_758d0558dd,rdkit,JAK2_698071eb2b,COc1cccc(F)c1-c1ccc2cnc(Nc3ccc(N4CCN(C)CC4)c(Cl)c3)nn12,RUORUOVBHBWOQY-UHFFFAOYSA-N,True,True,True,466.948,4.6928,57.93,1,6,5,0.4601,3.475,c1ccc(-c2ccc3cnc(Nc4ccc(N5CCNCC5)cc4)nn23)cc1,6,False,False,True,rdkit_reaction_aryl_F
CAND_a9ce2cc752,rdkit,JAK2_698071eb2b,COc1ccccc1-c1c(F)cc2cnc(Nc3ccc(N4CCN(C)CC4)c(Cl)c3)nn12,GJRKNULLBIDBOP-UHFFFAOYSA-N,True,True,True,466.948,4.6928,57.93,1,6,5,0.4601,3.475,c1ccc(-c2ccc3cnc(Nc4ccc(N5CCNCC5)cc4)nn23)cc1,6,False,False,True,rdkit_reaction_aryl_F
CAND_c0cee05489,rdkit,JAK2_9dcdbe0544,N#C[C@H]1CCN(C(=O)[C@H](NC(=O)c2c(F)[nH]c3ncc(C4CC4)nc23)C2CC2)C1,UNDSVAODMVUEIT-MEBBXXQBSA-N,True,True,True,396.426,1.8549,114.77,2,5,5,0.8005,3.583,O=C(N[C@@H](C(=O)N1CCCC1)C1CC1)c1c[nH]c2ncc(C3CC3)nc12,6,False,False,True,rdkit_reaction_aryl_F
CAND_aceea295b7,rdkit,JAK2_9dcdbe0544,N#C[C@H]1CCN(C(=O)[C@H](NC(=O)c2c[nH]c3nc(F)c(C4CC4)nc23)C2CC2)C1,BUNOBWISEIKQNH-MEBBXXQBSA-N,True,True,True,396.426,1.8549,114.77,2,5,5,0.8005,3.583,O=C(N[C@@H](C(=O)N1CCCC1)C1CC1)c1c[nH]c2ncc(C3CC3)nc12,6,False,False,True,rdkit_reaction_aryl_F
CAND_d3f15a75e4,rdkit,JAK2_9dcdbe0544,N#C[C@H]1CCN(C(=O)[C@H](NC(=O)c2c(Cl)[nH]c3ncc(C4CC4)nc23)C2CC2)C1,PSIUUTGKPUTICD-MEBBXXQBSA-N,True,True,True,412.881,2.3692,114.77,2,5,5,0.7818,3.674,O=C(N[C@@H](C(=O)N1CCCC1)C1CC1)c1c[nH]c2ncc(C3CC3)nc12,6,False,False,True,rdkit_reaction_aryl_Cl
CAND_136a6702f6,rdkit,JAK2_9dcdbe0544,N#C[C@H]1CCN(C(=O)[C@H](NC(=O)c2c[nH]c3nc(Cl)c(C4CC4)nc23)C2CC2)C1,JNAKCWMCFYVFPH-MEBBXXQBSA-N,True,True,True,412.881,2.3692,114.77,2,5,5,0.7818,3.674,O=C(N[C@@H](C(=O)N1CCCC1)C1CC1)c1c[nH]c2ncc(C3CC3)nc12,6,False,False,True,rdkit_reaction_aryl_Cl
CAND_53832352c0,rdkit,JAK2_9dcdbe0544,Cc1[nH]c2ncc(C3CC3)nc2c1C(=O)N[C@@H](C(=O)N1CC[C@H](C#N)C1)C1CC1,SIDFWEFCWSCEPR-SJKOYZFVSA-N,True,True,True,392.463,2.0242,114.77,2,5,5,0.8078,3.561,O=C(N[C@@H](C(=O)N1CCCC1)C1CC1)c1c[nH]c2ncc(C3CC3)nc12,6,False,False,True,rdkit_reaction_aryl_Me
CAND_ba846ca306,rdkit,JAK2_67619c76a6,COc1c(F)cccc1-c1ccc2cnc(Nc3ccc(N4CCN(C[C@H](C)O)CC4)c(F)c3)nn12,HJEDDIIOHYGVAW-KRWDZBQOSA-N,True,True,True,494.546,3.9295,78.16,2,7,7,0.4032,4.128,c1ccc(-c2ccc3cnc(Nc4ccc(N5CCNCC5)cc4)nn23)cc1,6,False,False,True,rdkit_reaction_aryl_F
CAND_edb1495bda,rdkit,JAK2_67619c76a6,COc1cc(F)ccc1-c1ccc2cnc(Nc3ccc(N4CCN(C[C@H](C)O)CC4)c(F)c3)nn12,IEAIOQSVVRSKCK-KRWDZBQOSA-N,True,True,True,494.546,3.9295,78.16,2,7,7,0.4032,4.128,c1ccc(-c2ccc3cnc(Nc4ccc(N5CCNCC5)cc4)nn23)cc1,6,False,False,True,rdkit_reaction_aryl_F
CAND_8d1590874b,rdkit,JAK2_67619c76a6,COc1ccc(F)cc1-c1ccc2cnc(Nc3ccc(N4CCN(C[C@H](C)O)CC4)c(F)c3)nn12,MZJLEJGJRYADTI-KRWDZBQOSA-N,True,True,True,494.546,3.9295,78.16,2,7,7,0.4032,4.128,c1ccc(-c2ccc3cnc(Nc4ccc(N5CCNCC5)cc4)nn23)cc1,6,False,False,True,rdkit_reaction_aryl_F
CAND_df4f02fa75,rdkit,JAK2_67619c76a6,COc1cccc(F)c1-c1ccc2cnc(Nc3ccc(N4CCN(C[C@H](C)O)CC4)c(F)c3)nn12,GFLHMHFRZRBCCR-KRWDZBQOSA-N,True,True,True,494.546,3.9295,78.16,2,7,7,0.4032,4.128,c1ccc(-c2ccc3cnc(Nc4ccc(N5CCNCC5)cc4)nn23)cc1,6,False,False,True,rdkit_reaction_aryl_F
CAND_3c6dfa8e8c,rdkit,JAK2_67619c76a6,COc1ccccc1-c1c(F)cc2cnc(Nc3ccc(N4CCN(C[C@H](C)O)CC4)c(F)c3)nn12,XDJBOMUUOXUFPS-KRWDZBQOSA-N,True,True,True,494.546,3.9295,78.16,2,7,7,0.4032,4.128,c1ccc(-c2ccc3cnc(Nc4ccc(N5CCNCC5)cc4)nn23)cc1,6,False,False,True,rdkit_reaction_aryl_F
CAND_e416b61ef1,rdkit,JAK2_0c0d246793,COc1ccc(Nc2ncc3ccc(-c4ccccc4OC)n3n2)cc1F,FNCVYEFJQQIMRR-UHFFFAOYSA-N,True,True,True,364.38,4.2962,60.68,1,5,5,0.5722,2.705,c1ccc(Nc2ncc3ccc(-c4ccccc4)n3n2)cc1,6,False,False,True,rdkit_reaction_aryl_F
CAND_c9013ba4a3,rdkit,JAK2_0c0d246793,COc1ccc(Nc2ncc3ccc(-c4ccccc4OC)n3n2)c(F)c1,HEKCQCPUFGKLKY-UHFFFAOYSA-N,True,True,True,364.38,4.2962,60.68,1,5,5,0.5722,2.705,c1ccc(Nc2ncc3ccc(-c4ccccc4)n3n2)cc1,6,False,False,True,rdkit_reaction_aryl_F
CAND_9dbf06608f,rdkit,JAK2_0c0d246793,COc1ccc(Nc2nc(F)c3ccc(-c4ccccc4OC)n3n2)cc1,ZATHSVPSQFMDMM-UHFFFAOYSA-N,True,True,True,364.38,4.2962,60.68,1,5,5,0.5722,2.705,c1ccc(Nc2ncc3ccc(-c4ccccc4)n3n2)cc1,6,False,False,True,rdkit_reaction_aryl_F
CAND_f2837e2598,rdkit,JAK2_0c0d246793,COc1ccc(Nc2ncc3c(F)cc(-c4ccccc4OC)n3n2)cc1,OWCOSNQFJDPHRA-UHFFFAOYSA-N,True,True,True,364.38,4.2962,60.68,1,5,5,0.5722,2.705,c1ccc(Nc2ncc3ccc(-c4ccccc4)n3n2)cc1,6,False,False,True,rdkit_reaction_aryl_F
CAND_bdfb8a2ad8,rdkit,JAK2_0c0d246793,COc1ccc(Nc2ncc3cc(F)c(-c4ccccc4OC)n3n2)cc1,DRKYNFNAFRXFGN-UHFFFAOYSA-N,True,True,True,364.38,4.2962,60.68,1,5,5,0.5722,2.705,c1ccc(Nc2ncc3ccc(-c4ccccc4)n3n2)cc1,6,False,False,True,rdkit_reaction_aryl_F
CAND_88cd2f6ea9,rdkit,JAK2_22b5f1b127,CCC[C@@H](Nc1ncnc(-c2c(N)nn3cccnc23)c1F)c1ccc(F)cc1,FORJRTMGGYJHFU-CQSZACIVSA-N,True,True,True,395.417,4.0,94.02,2,6,6,0.5125,3.252,c1ccc(CNc2cc(-c3cnn4cccnc34)ncn2)cc1,6,False,False,True,rdkit_reaction_aryl_F
CAND_d4c090264f,rdkit,JAK2_22b5f1b127,CCC[C@@H](Nc1cc(-c2c(N)nn3c(F)ccnc23)ncn1)c1ccc(F)cc1,UPQOVWWPZNQUGQ-CQSZACIVSA-N,True,True,True,395.417,4.0,94.02,2,6,6,0.4794,3.252,c1ccc(CNc2cc(-c3cnn4cccnc34)ncn2)cc1,6,False,False,True,rdkit_reaction_aryl_F
CAND_c3e2874167,rdkit,JAK2_22b5f1b127,CCC[C@@H](Nc1cc(-c2c(N)nn3cc(F)cnc23)ncn1)c1ccc(F)cc1,QVYOPMDEPIMFRF-OAHLLOKOSA-N,True,True,True,395.417,4.0,94.02,2,6,6,0.5125,3.252,c1ccc(CNc2cc(-c3cnn4cccnc34)ncn2)cc1,6,False,False,True,rdkit_reaction_aryl_F
CAND_c28923e1d3,rdkit,JAK2_22b5f1b127,CCC[C@@H](Nc1cc(-c2c(N)nn3ccc(F)nc23)ncn1)c1ccc(F)cc1,UQTIUUFARHTEMF-CQSZACIVSA-N,True,True,True,395.417,4.0,94.02,2,6,6,0.4794,3.252,c1ccc(CNc2cc(-c3cnn4cccnc34)ncn2)cc1,6,False,False,True,rdkit_reaction_aryl_F
CAND_6ac136afeb,rdkit,JAK2_22b5f1b127,CCC[C@@H](Nc1cc(-c2c(N)nn3cccnc23)nc(F)n1)c1ccc(F)cc1,CUCNOOWDPPGRTC-CQSZACIVSA-N,True,True,True,395.417,4.0,94.02,2,6,6,0.4794,3.252,c1ccc(CNc2cc(-c3cnn4cccnc34)ncn2)cc1,6,False,False,True,rdkit_reaction_aryl_F
CAND_07f197b544,rdkit,JAK2_205d487531,COc1ncc(-c2ccc3cnc(Nc4ccc(C5CCN(C[C@H](C)O)CC5)cc4)nn23)cc1F,NZWSTTXOBVGERO-KRWDZBQOSA-N,True,True,True,476.556,4.2428,87.81,2,7,7,0.4125,4.028,c1cncc(-c2ccc3cnc(Nc4ccc(C5CCNCC5)cc4)nn23)c1,6,False,False,True,rdkit_reaction_aryl_F
CAND_947c66ff42,rdkit,JAK2_205d487531,COc1cc(F)c(-c2ccc3cnc(Nc4ccc(C5CCN(C[C@H](C)O)CC5)cc4)nn23)cn1,QFJUKZLCUHLMEX-KRWDZBQOSA-N,True,True,True,476.556,4.2428,87.81,2,7,7,0.4125,4.028,c1cncc(-c2ccc3cnc(Nc4ccc(C5CCNCC5)cc4)nn23)c1,6,False,False,True,rdkit_reaction_aryl_F
CAND_e15c5fecdb,rdkit,JAK2_205d487531,COc1ccc(-c2c(F)cc3cnc(Nc4ccc(C5CCN(C[C@H](C)O)CC5)cc4)nn23)cn1,FRTJURGUBPAYIA-KRWDZBQOSA-N,True,True,True,476.556,4.2428,87.81,2,7,7,0.4125,4.028,c1cncc(-c2ccc3cnc(Nc4ccc(C5CCNCC5)cc4)nn23)c1,6,False,False,True,rdkit_reaction_aryl_F
CAND_6ba0ce1b0a,rdkit,JAK2_205d487531,COc1ccc(-c2cc(F)c3cnc(Nc4ccc(C5CCN(C[C@H](C)O)CC5)cc4)nn23)cn1,GUFNMRNMBYTIRJ-KRWDZBQOSA-N,True,True,True,476.556,4.2428,87.81,2,7,7,0.4125,4.028,c1cncc(-c2ccc3cnc(Nc4ccc(C5CCNCC5)cc4)nn23)c1,6,False,False,True,rdkit_reaction_aryl_F
CAND_fb16b6d0d6,rdkit,JAK2_205d487531,COc1ccc(-c2ccc3c(F)nc(Nc4ccc(C5CCN(C[C@H](C)O)CC5)cc4)nn23)cn1,FMDAKASFVWWUHE-KRWDZBQOSA-N,True,True,True,476.556,4.2428,87.81,2,7,7,0.4125,4.028,c1cncc(-c2ccc3cnc(Nc4ccc(C5CCNCC5)cc4)nn23)c1,6,False,False,True,rdkit_reaction_aryl_F
CAND_cd10a1e6a1,rdkit,JAK2_4ca72aaeb3,CS(=O)(=O)c1cc(-c2ccc3cnc(Nc4ccc(C5CCN(CC(N)=O)CC5)cc4)nn23)ccc1F,NGLBEGPPZOLFOH-UHFFFAOYSA-N,True,True,True,522.606,3.3472,122.69,2,7,7,0.3816,4.034,c1ccc(-c2ccc3cnc(Nc4ccc(C5CCNCC5)cc4)nn23)cc1,6,False,False,True,rdkit_reaction_aryl_F
CAND_716b76fdcc,rdkit,JAK2_4ca72aaeb3,CS(=O)(=O)c1cc(F)cc(-c2ccc3cnc(Nc4ccc(C5CCN(CC(N)=O)CC5)cc4)nn23)c1,LBDZZXMRKDWVGG-UHFFFAOYSA-N,True,True,True,522.606,3.3472,122.69,2,7,7,0.3816,4.034,c1ccc(-c2ccc3cnc(Nc4ccc(C5CCNCC5)cc4)nn23)cc1,6,False,False,True,rdkit_reaction_aryl_F
CAND_5e63cf0bf6,rdkit,JAK2_4ca72aaeb3,CS(=O)(=O)c1ccc(F)c(-c2ccc3cnc(Nc4ccc(C5CCN(CC(N)=O)CC5)cc4)nn23)c1,VPOSSUOCYPMEOG-UHFFFAOYSA-N,True,True,True,522.606,3.3472,122.69,2,7,7,0.357,4.034,c1ccc(-c2ccc3cnc(Nc4ccc(C5CCNCC5)cc4)nn23)cc1,6,False,False,True,rdkit_reaction_aryl_F
CAND_447a52fcca,rdkit,JAK2_4ca72aaeb3,CS(=O)(=O)c1cccc(-c2c(F)cc3cnc(Nc4ccc(C5CCN(CC(N)=O)CC5)cc4)nn23)c1,YXSVJVVYZWVNMX-UHFFFAOYSA-N,True,True,True,522.606,3.3472,122.69,2,7,7,0.3816,4.034,c1ccc(-c2ccc3cnc(Nc4ccc(C5CCNCC5)cc4)nn23)cc1,6,False,False,True,rdkit_reaction_aryl_F
CAND_f5a912f4d7,rdkit,JAK2_4ca72aaeb3,CS(=O)(=O)c1cccc(-c2cc(F)c3cnc(Nc4ccc(C5CCN(CC(N)=O)CC5)cc4)nn23)c1,ZGWGWRJLNVITAO-UHFFFAOYSA-N,True,True,True,522.606,3.3472,122.69,2,7,7,0.3816,4.034,c1ccc(-c2ccc3cnc(Nc4ccc(C5CCNCC5)cc4)nn23)cc1,6,False,False,True,rdkit_reaction_aryl_F
CAND_53c399283a,rdkit,JAK2_e06ffc340f,COc1c(F)cccc1-c1ccc2cnc(Nc3cccc(N4CCN(C[C@H](C)O)CC4)c3)nn12,YTVBHBURCBXLKM-SFHVURJKSA-N,True,True,True,476.556,3.7904,78.16,2,7,7,0.4202,4.028,c1ccc(-c2ccc3cnc(Nc4cccc(N5CCNCC5)c4)nn23)cc1,6,False,False,True,rdkit_reaction_aryl_F
CAND_e8a9f68e78,rdkit,JAK2_e06ffc340f,COc1cc(F)ccc1-c1ccc2cnc(Nc3cccc(N4CCN(C[C@H](C)O)CC4)c3)nn12,AFWOCOWYMJPZCY-SFHVURJKSA-N,True,True,True,476.556,3.7904,78.16,2,7,7,0.4202,4.028,c1ccc(-c2ccc3cnc(Nc4cccc(N5CCNCC5)c4)nn23)cc1,6,False,False,True,rdkit_reaction_aryl_F
CAND_1e79adef76,rdkit,JAK2_e06ffc340f,COc1ccc(F)cc1-c1ccc2cnc(Nc3cccc(N4CCN(C[C@H](C)O)CC4)c3)nn12,GRIAJFJPAZNNCK-SFHVURJKSA-N,True,True,True,476.556,3.7904,78.16,2,7,7,0.4202,4.028,c1ccc(-c2ccc3cnc(Nc4cccc(N5CCNCC5)c4)nn23)cc1,6,False,False,True,rdkit_reaction_aryl_F
CAND_fdc1f877c0,rdkit,JAK2_e06ffc340f,COc1cccc(F)c1-c1ccc2cnc(Nc3cccc(N4CCN(C[C@H](C)O)CC4)c3)nn12,SFTTWXIMWMHGFY-SFHVURJKSA-N,True,True,True,476.556,3.7904,78.16,2,7,7,0.4202,4.028,c1ccc(-c2ccc3cnc(Nc4cccc(N5CCNCC5)c4)nn23)cc1,6,False,False,True,rdkit_reaction_aryl_F
CAND_19e97f190d,rdkit,JAK2_e06ffc340f,COc1ccccc1-c1c(F)cc2cnc(Nc3cccc(N4CCN(C[C@H](C)O)CC4)c3)nn12,KQYWEKMBQPTSCX-SFHVURJKSA-N,True,True,True,476.556,3.7904,78.16,2,7,7,0.4202,4.028,c1ccc(-c2ccc3cnc(Nc4cccc(N5CCNCC5)c4)nn23)cc1,6,False,False,True,rdkit_reaction_aryl_F
CAND_04d61a925f,rdkit,JAK2_4c13d3aa84,COc1c(F)cccc1-c1ccc2cnc(Nc3ccc(C4CCN(C[C@H](C)O)CC4)cc3)nn12,DDTWLUQCSAWEIC-SFHVURJKSA-N,True,True,True,475.568,4.8478,74.92,2,6,7,0.3982,4.023,c1ccc(-c2ccc3cnc(Nc4ccc(C5CCNCC5)cc4)nn23)cc1,6,False,False,True,rdkit_reaction_aryl_F
CAND_e69b254710,rdkit,JAK2_4c13d3aa84,COc1cc(F)ccc1-c1ccc2cnc(Nc3ccc(C4CCN(C[C@H](C)O)CC4)cc3)nn12,LBALCLMTLWAXKT-SFHVURJKSA-N,True,True,True,475.568,4.8478,74.92,2,6,7,0.3982,4.023,c1ccc(-c2ccc3cnc(Nc4ccc(C5CCNCC5)cc4)nn23)cc1,6,False,False,True,rdkit_reaction_aryl_F
CAND_c1c0e36adb,rdkit,JAK2_4c13d3aa84,COc1ccc(F)cc1-c1ccc2cnc(Nc3ccc(C4CCN(C[C@H](C)O)CC4)cc3)nn12,AJAQWVAKDAAOAI-SFHVURJKSA-N,True,True,True,475.568,4.8478,74.92,2,6,7,0.3982,4.023,c1ccc(-c2ccc3cnc(Nc4ccc(C5CCNCC5)cc4)nn23)cc1,6,False,False,True,rdkit_reaction_aryl_F
CAND_7baf4833b0,rdkit,JAK2_4c13d3aa84,COc1cccc(F)c1-c1ccc2cnc(Nc3ccc(C4CCN(C[C@H](C)O)CC4)cc3)nn12,ZBCSUZJWUZGZSA-SFHVURJKSA-N,True,True,True,475.568,4.8478,74.92,2,6,7,0.3982,4.023,c1ccc(-c2ccc3cnc(Nc4ccc(C5CCNCC5)cc4)nn23)cc1,6,False,False,True,rdkit_reaction_aryl_F
CAND_6d13833346,rdkit,JAK2_4c13d3aa84,COc1ccccc1-c1c(F)cc2cnc(Nc3ccc(C4CCN(C[C@H](C)O)CC4)cc3)nn12,UURSVSYQPJIHRC-SFHVURJKSA-N,True,True,True,475.568,4.8478,74.92,2,6,7,0.3982,4.023,c1ccc(-c2ccc3cnc(Nc4ccc(C5CCNCC5)cc4)nn23)cc1,6,False,False,True,rdkit_reaction_aryl_F
CAND_32982c41e7,rdkit,JAK2_2e8eed6911,COc1c(F)cccc1-c1ccc2cnc(Nc3ccc(C4CCN(CC(N)=O)CC4)cc3)nn12,SYJXJRFPWTWYAG-UHFFFAOYSA-N,True,True,True,474.54,3.9523,97.78,2,6,7,0.421,3.767,c1ccc(-c2ccc3cnc(Nc4ccc(C5CCNCC5)cc4)nn23)cc1,6,False,False,True,rdkit_reaction_aryl_F
CAND_dde938077f,rdkit,JAK2_2e8eed6911,COc1cc(F)ccc1-c1ccc2cnc(Nc3ccc(C4CCN(CC(N)=O)CC4)cc3)nn12,LEGYNHKKEBXZFN-UHFFFAOYSA-N,True,True,True,474.54,3.9523,97.78,2,6,7,0.421,3.767,c1ccc(-c2ccc3cnc(Nc4ccc(C5CCNCC5)cc4)nn23)cc1,6,False,False,True,rdkit_reaction_aryl_F
CAND_61b6853d7f,rdkit,JAK2_2e8eed6911,COc1ccc(F)cc1-c1ccc2cnc(Nc3ccc(C4CCN(CC(N)=O)CC4)cc3)nn12,GOGXXZASPWUDQV-UHFFFAOYSA-N,True,True,True,474.54,3.9523,97.78,2,6,7,0.421,3.767,c1ccc(-c2ccc3cnc(Nc4ccc(C5CCNCC5)cc4)nn23)cc1,6,False,False,True,rdkit_reaction_aryl_F
CAND_c8fcab2b95,rdkit,JAK2_2e8eed6911,COc1cccc(F)c1-c1ccc2cnc(Nc3ccc(C4CCN(CC(N)=O)CC4)cc3)nn12,WKSCDHGQAHPDIZ-UHFFFAOYSA-N,True,True,True,474.54,3.9523,97.78,2,6,7,0.421,3.767,c1ccc(-c2ccc3cnc(Nc4ccc(C5CCNCC5)cc4)nn23)cc1,6,False,False,True,rdkit_reaction_aryl_F
CAND_a6b6bf8fc3,rdkit,JAK2_2e8eed6911,COc1ccccc1-c1c(F)cc2cnc(Nc3ccc(C4CCN(CC(N)=O)CC4)cc3)nn12,KXRKYFKCMHHBPH-UHFFFAOYSA-N,True,True,True,474.54,3.9523,97.78,2,6,7,0.421,3.767,c1ccc(-c2ccc3cnc(Nc4ccc(C5CCNCC5)cc4)nn23)cc1,6,False,False,True,rdkit_reaction_aryl_F
CAND_adeadd016c,rdkit,JAK2_c385760536,N#CC1CN(C(=O)[C@H](NC(=O)c2c(F)[nH]c3ncc(C4CC4)nc23)C2CC2)C1,SDUKJCCUFYMLEA-CQSZACIVSA-N,True,True,True,382.399,1.4648,114.77,2,5,5,0.8125,3.255,O=C(N[C@@H](C(=O)N1CCC1)C1CC1)c1c[nH]c2ncc(C3CC3)nc12,6,False,False,True,rdkit_reaction_aryl_F
CAND_b54508f6da,rdkit,JAK2_c385760536,N#CC1CN(C(=O)[C@H](NC(=O)c2c[nH]c3nc(F)c(C4CC4)nc23)C2CC2)C1,LEQDPPUOSRNLJY-CQSZACIVSA-N,True,True,True,382.399,1.4648,114.77,2,5,5,0.8125,3.255,O=C(N[C@@H](C(=O)N1CCC1)C1CC1)c1c[nH]c2ncc(C3CC3)nc12,6,False,False,True,rdkit_reaction_aryl_F
CAND_179e881bad,rdkit,JAK2_c385760536,N#CC1CN(C(=O)[C@H](NC(=O)c2c(Cl)[nH]c3ncc(C4CC4)nc23)C2CC2)C1,UDXKNYXVJVBORO-CQSZACIVSA-N,True,True,True,398.854,1.9791,114.77,2,5,5,0.7986,3.346,O=C(N[C@@H](C(=O)N1CCC1)C1CC1)c1c[nH]c2ncc(C3CC3)nc12,6,False,False,True,rdkit_reaction_aryl_Cl
CAND_a49ec68d05,rdkit,JAK2_c385760536,N#CC1CN(C(=O)[C@H](NC(=O)c2c[nH]c3nc(Cl)c(C4CC4)nc23)C2CC2)C1,LYAUHARPXFNJHL-CQSZACIVSA-N,True,True,True,398.854,1.9791,114.77,2,5,5,0.7986,3.346,O=C(N[C@@H](C(=O)N1CCC1)C1CC1)c1c[nH]c2ncc(C3CC3)nc12,6,False,False,True,rdkit_reaction_aryl_Cl
CAND_5a50d9c8a1,rdkit,JAK2_c385760536,Cc1[nH]c2ncc(C3CC3)nc2c1C(=O)N[C@@H](C(=O)N1CC(C#N)C1)C1CC1,UEMFUGIRMLQTGF-MRXNPFEDSA-N,True,True,True,378.436,1.6341,114.77,2,5,5,0.8206,3.233,O=C(N[C@@H](C(=O)N1CCC1)C1CC1)c1c[nH]c2ncc(C3CC3)nc12,6,False,False,True,rdkit_reaction_aryl_Me
CAND_e56e8b8f48,rdkit,JAK2_bc8d95b8eb,Cc1[nH]nc(Nc2nc(N3CCN(C(=O)Cc4ccc(Cl)cc4)CC3)nn3cccc23)c1F,KGVNHHZZTHTDQN-UHFFFAOYSA-N,True,True,True,468.924,3.1882,94.45,2,6,5,0.4669,3.486,O=C(Cc1ccccc1)N1CCN(c2nc(Nc3cc[nH]n3)c3cccn3n2)CC1,6,False,False,True,rdkit_reaction_aryl_F
CAND_342338e4d7,rdkit,JAK2_bc8d95b8eb,Cc1cc(Nc2nc(N3CCN(C(=O)Cc4ccc(Cl)cc4F)CC3)nn3cccc23)n[nH]1,HVQGQLVMHKHZRQ-UHFFFAOYSA-N,True,True,True,468.924,3.1882,94.45,2,6,5,0.4669,3.486,O=C(Cc1ccccc1)N1CCN(c2nc(Nc3cc[nH]n3)c3cccn3n2)CC1,6,False,False,True,rdkit_reaction_aryl_F
CAND_941f1fa0d6,rdkit,JAK2_bc8d95b8eb,Cc1cc(Nc2nc(N3CCN(C(=O)Cc4ccc(Cl)c(F)c4)CC3)nn3cccc23)n[nH]1,OYWYGRZCYRMUAR-UHFFFAOYSA-N,True,True,True,468.924,3.1882,94.45,2,6,5,0.4669,3.486,O=C(Cc1ccccc1)N1CCN(c2nc(Nc3cc[nH]n3)c3cccn3n2)CC1,6,False,False,True,rdkit_reaction_aryl_F
CAND_152ca21044,rdkit,JAK2_bc8d95b8eb,Cc1cc(Nc2nc(N3CCN(C(=O)Cc4ccc(Cl)cc4)CC3)nn3c(F)ccc23)n[nH]1,XQIRACRNCSUVCA-UHFFFAOYSA-N,True,True,True,468.924,3.1882,94.45,2,6,5,0.4669,3.486,O=C(Cc1ccccc1)N1CCN(c2nc(Nc3cc[nH]n3)c3cccn3n2)CC1,6,False,False,True,rdkit_reaction_aryl_F
CAND_4c2a25b345,rdkit,JAK2_bc8d95b8eb,Cc1cc(Nc2nc(N3CCN(C(=O)Cc4ccc(Cl)cc4)CC3)nn3cc(F)cc23)n[nH]1,AYHHHIAYHLYGCF-UHFFFAOYSA-N,True,True,True,468.924,3.1882,94.45,2,6,5,0.4669,3.486,O=C(Cc1ccccc1)N1CCN(c2nc(Nc3cc[nH]n3)c3cccn3n2)CC1,6,False,False,True,rdkit_reaction_aryl_F
CAND_7cb57b2c0d,rdkit,JAK2_6517cb645a,CC(O)c1cc(Cl)c(Nc2nc3ccncc3c3c(=O)[nH]ccc23)c(Cl)c1F,GTZMSOMHKCKTRL-UHFFFAOYSA-N,True,True,True,419.243,4.7141,90.9,3,5,3,0.3305,3.01,O=c1[nH]ccc2c(Nc3ccccc3)nc3ccncc3c12,6,False,False,True,rdkit_reaction_aryl_F
CAND_a6d8477cf2,rdkit,JAK2_6517cb645a,CC(O)c1cc(Cl)c(Nc2nc3c(F)cncc3c3c(=O)[nH]ccc23)c(Cl)c1,GCVGXNGHIKFQQJ-UHFFFAOYSA-N,True,True,True,419.243,4.7141,90.9,3,5,3,0.4185,3.01,O=c1[nH]ccc2c(Nc3ccccc3)nc3ccncc3c12,6,False,False,True,rdkit_reaction_aryl_F
CAND_2e8f4cc0f0,rdkit,JAK2_6517cb645a,CC(O)c1cc(Cl)c(Nc2nc3cc(F)ncc3c3c(=O)[nH]ccc23)c(Cl)c1,OSIYTXLRJDCFDJ-UHFFFAOYSA-N,True,True,True,419.243,4.7141,90.9,3,5,3,0.3305,3.01,O=c1[nH]ccc2c(Nc3ccccc3)nc3ccncc3c12,6,False,False,True,rdkit_reaction_aryl_F
CAND_95d5853905,rdkit,JAK2_6517cb645a,CC(O)c1cc(Cl)c(Nc2nc3ccnc(F)c3c3c(=O)[nH]ccc23)c(Cl)c1,RJXNRMKWPXMDPQ-UHFFFAOYSA-N,True,True,True,419.243,4.7141,90.9,3,5,3,0.3305,3.01,O=c1[nH]ccc2c(Nc3ccccc3)nc3ccncc3c12,6,False,False,True,rdkit_reaction_aryl_F
CAND_034be756ce,rdkit,JAK2_6517cb645a,CC(O)c1cc(Cl)c(Nc2nc3ccncc3c3c(=O)[nH]c(F)cc23)c(Cl)c1,VWCOOZHXWDYNDQ-UHFFFAOYSA-N,True,True,True,419.243,4.7141,90.9,3,5,3,0.3305,3.01,O=c1[nH]ccc2c(Nc3ccccc3)nc3ccncc3c12,6,False,False,True,rdkit_reaction_aryl_F
CAND_a1104be913,rdkit,JAK2_a77381c7fa,CC(C)[C@@H](Nc1ncnc(-c2c(N)nn3cccnc23)c1F)c1ccc(F)cc1,GAFWAEDAEMXVIM-MRXNPFEDSA-N,True,True,True,395.417,3.8559,94.02,2,6,5,0.533,3.127,c1ccc(CNc2cc(-c3cnn4cccnc34)ncn2)cc1,6,False,False,True,rdkit_reaction_aryl_F
CAND_7f360140fd,rdkit,JAK2_a77381c7fa,CC(C)[C@@H](Nc1cc(-c2c(N)nn3c(F)ccnc23)ncn1)c1ccc(F)cc1,LNTIMIPGVUCPGU-GOSISDBHSA-N,True,True,True,395.417,3.8559,94.02,2,6,5,0.4986,3.127,c1ccc(CNc2cc(-c3cnn4cccnc34)ncn2)cc1,6,False,False,True,rdkit_reaction_aryl_F
CAND_fdd00f11fa,rdkit,JAK2_a77381c7fa,CC(C)[C@@H](Nc1cc(-c2c(N)nn3cc(F)cnc23)ncn1)c1ccc(F)cc1,HTBYBMFQVGFICM-GOSISDBHSA-N,True,True,True,395.417,3.8559,94.02,2,6,5,0.533,3.127,c1ccc(CNc2cc(-c3cnn4cccnc34)ncn2)cc1,6,False,False,True,rdkit_reaction_aryl_F
CAND_4579a96455,rdkit,JAK2_a77381c7fa,CC(C)[C@@H](Nc1cc(-c2c(N)nn3ccc(F)nc23)ncn1)c1ccc(F)cc1,XGGZKAWLZFCSRM-GOSISDBHSA-N,True,True,True,395.417,3.8559,94.02,2,6,5,0.4986,3.127,c1ccc(CNc2cc(-c3cnn4cccnc34)ncn2)cc1,6,False,False,True,rdkit_reaction_aryl_F
CAND_795af4cf20,rdkit,JAK2_a77381c7fa,CC(C)[C@@H](Nc1cc(-c2c(N)nn3cccnc23)nc(F)n1)c1ccc(F)cc1,KSKYRIIHTFLNMN-QGZVFWFLSA-N,True,True,True,395.417,3.8559,94.02,2,6,5,0.4986,3.127,c1ccc(CNc2cc(-c3cnn4cccnc34)ncn2)cc1,6,False,False,True,rdkit_reaction_aryl_F
CAND_59ff95561a,rdkit,JAK2_628eb3c7b6,CC[C@@H](Nc1ncnc(-c2c(N)nn3cccnc23)c1F)c1ccc(F)cc1,SBAGZEIQZWYWLV-CYBMUJFWSA-N,True,True,True,381.39,3.6099,94.02,2,6,5,0.5485,3.049,c1ccc(CNc2cc(-c3cnn4cccnc34)ncn2)cc1,6,False,False,True,rdkit_reaction_aryl_F
CAND_259a2d1d00,rdkit,JAK2_628eb3c7b6,CC[C@@H](Nc1cc(-c2c(N)nn3c(F)ccnc23)ncn1)c1ccc(F)cc1,PMDPYYMFKQVDEL-CYBMUJFWSA-N,True,True,True,381.39,3.6099,94.02,2,6,5,0.5131,3.049,c1ccc(CNc2cc(-c3cnn4cccnc34)ncn2)cc1,6,False,False,True,rdkit_reaction_aryl_F
CAND_0558757c4f,rdkit,JAK2_628eb3c7b6,CC[C@@H](Nc1cc(-c2c(N)nn3cc(F)cnc23)ncn1)c1ccc(F)cc1,VUTAEPRNTGJMQW-CQSZACIVSA-N,True,True,True,381.39,3.6099,94.02,2,6,5,0.5485,3.049,c1ccc(CNc2cc(-c3cnn4cccnc34)ncn2)cc1,6,False,False,True,rdkit_reaction_aryl_F
CAND_4c2a7d3579,rdkit,JAK2_628eb3c7b6,CC[C@@H](Nc1cc(-c2c(N)nn3ccc(F)nc23)ncn1)c1ccc(F)cc1,ONANUJIEINRYJD-CYBMUJFWSA-N,True,True,True,381.39,3.6099,94.02,2,6,5,0.5131,3.049,c1ccc(CNc2cc(-c3cnn4cccnc34)ncn2)cc1,6,False,False,True,rdkit_reaction_aryl_F
CAND_ea3af00dc3,rdkit,JAK2_628eb3c7b6,CC[C@@H](Nc1cc(-c2c(N)nn3cccnc23)nc(F)n1)c1ccc(F)cc1,SPIPMUAXEGDCRG-CYBMUJFWSA-N,True,True,True,381.39,3.6099,94.02,2,6,5,0.5131,3.049,c1ccc(CNc2cc(-c3cnn4cccnc34)ncn2)cc1,6,False,False,True,rdkit_reaction_aryl_F
CAND_3394f6daed,rdkit,JAK2_6d024c163e,CC(C)(C)NS(=O)(=O)c1cc(-c2ccc3cnc(Nc4ccc(C5CCN(CC(N)=O)CC5)cc4)nn23)ccc1F,OAZFETDWGZDXRV-UHFFFAOYSA-N,True,True,True,579.702,4.0205,134.72,3,7,8,0.287,4.476,c1ccc(-c2ccc3cnc(Nc4ccc(C5CCNCC5)cc4)nn23)cc1,6,False,False,True,rdkit_reaction_aryl_F
CAND_cb8f691292,rdkit,JAK2_6d024c163e,CC(C)(C)NS(=O)(=O)c1cc(F)cc(-c2ccc3cnc(Nc4ccc(C5CCN(CC(N)=O)CC5)cc4)nn23)c1,IOEUAXRFQYJUNW-UHFFFAOYSA-N,True,True,True,579.702,4.0205,134.72,3,7,8,0.287,4.476,c1ccc(-c2ccc3cnc(Nc4ccc(C5CCNCC5)cc4)nn23)cc1,6,False,False,True,rdkit_reaction_aryl_F
CAND_5b8b1c1462,rdkit,JAK2_6d024c163e,CC(C)(C)NS(=O)(=O)c1ccc(F)c(-c2ccc3cnc(Nc4ccc(C5CCN(CC(N)=O)CC5)cc4)nn23)c1,BXMNWJLQQQVGEI-UHFFFAOYSA-N,True,True,True,579.702,4.0205,134.72,3,7,8,0.287,4.476,c1ccc(-c2ccc3cnc(Nc4ccc(C5CCNCC5)cc4)nn23)cc1,6,False,False,True,rdkit_reaction_aryl_F
CAND_0b28e290ec,rdkit,JAK2_6d024c163e,CC(C)(C)NS(=O)(=O)c1cccc(-c2c(F)cc3cnc(Nc4ccc(C5CCN(CC(N)=O)CC5)cc4)nn23)c1,IBEDCMWTZWNSPK-UHFFFAOYSA-N,True,True,True,579.702,4.0205,134.72,3,7,8,0.287,4.476,c1ccc(-c2ccc3cnc(Nc4ccc(C5CCNCC5)cc4)nn23)cc1,6,False,False,True,rdkit_reaction_aryl_F
CAND_470ff62c45,rdkit,JAK2_6d024c163e,CC(C)(C)NS(=O)(=O)c1cccc(-c2cc(F)c3cnc(Nc4ccc(C5CCN(CC(N)=O)CC5)cc4)nn23)c1,KEVLZTMPEXXJNF-UHFFFAOYSA-N,True,True,True,579.702,4.0205,134.72,3,7,8,0.287,4.476,c1ccc(-c2ccc3cnc(Nc4ccc(C5CCNCC5)cc4)nn23)cc1,6,False,False,True,rdkit_reaction_aryl_F
CAND_3196e55778,rdkit,JAK2_4635e8b5a7,CS(=O)(=O)c1ccc(-c2cccn3nc(Nc4cccc(CN5CCS(=O)(=O)CC5)c4)nc23)cc1F,IKVKEBRXGZHWDH-UHFFFAOYSA-N,True,True,True,529.619,2.9129,113.74,1,8,6,0.4057,3.948,O=S1(=O)CCN(Cc2cccc(Nc3nc4c(-c5ccccc5)cccn4n3)c2)CC1,6,False,False,True,rdkit_reaction_aryl_F
CAND_271b47f6eb,rdkit,JAK2_4635e8b5a7,CS(=O)(=O)c1ccc(-c2cccn3nc(Nc4cccc(CN5CCS(=O)(=O)CC5)c4)nc23)c(F)c1,OYYCBVIIJBBZOM-UHFFFAOYSA-N,True,True,True,529.619,2.9129,113.74,1,8,6,0.4057,3.948,O=S1(=O)CCN(Cc2cccc(Nc3nc4c(-c5ccccc5)cccn4n3)c2)CC1,6,False,False,True,rdkit_reaction_aryl_F
CAND_7d2199854c,rdkit,JAK2_4635e8b5a7,CS(=O)(=O)c1ccc(-c2c(F)ccn3nc(Nc4cccc(CN5CCS(=O)(=O)CC5)c4)nc23)cc1,ISXKEPFWKGIXFM-UHFFFAOYSA-N,True,True,True,529.619,2.9129,113.74,1,8,6,0.4057,3.948,O=S1(=O)CCN(Cc2cccc(Nc3nc4c(-c5ccccc5)cccn4n3)c2)CC1,6,False,False,True,rdkit_reaction_aryl_F
CAND_582b5ad854,rdkit,JAK2_4635e8b5a7,CS(=O)(=O)c1ccc(-c2cc(F)cn3nc(Nc4cccc(CN5CCS(=O)(=O)CC5)c4)nc23)cc1,DOSDNWNXFFGKKO-UHFFFAOYSA-N,True,True,True,529.619,2.9129,113.74,1,8,6,0.4057,3.948,O=S1(=O)CCN(Cc2cccc(Nc3nc4c(-c5ccccc5)cccn4n3)c2)CC1,6,False,False,True,rdkit_reaction_aryl_F
CAND_1b9bfe4a59,rdkit,JAK2_4635e8b5a7,CS(=O)(=O)c1ccc(-c2ccc(F)n3nc(Nc4cccc(CN5CCS(=O)(=O)CC5)c4)nc23)cc1,LACPUCSYGPHTBX-UHFFFAOYSA-N,True,True,True,529.619,2.9129,113.74,1,8,6,0.3795,3.948,O=S1(=O)CCN(Cc2cccc(Nc3nc4c(-c5ccccc5)cccn4n3)c2)CC1,6,False,False,True,rdkit_reaction_aryl_F
CAND_e2fa44305d,rdkit,JAK2_34d30ab507,CN1CCC(c2cc(Nc3nc4c(-c5ccc(S(C)(=O)=O)cc5)cccn4n3)ccc2F)CC1,GMKFBCPAAYEHRF-UHFFFAOYSA-N,True,True,True,479.581,4.4917,79.6,1,6,5,0.4544,3.545,c1ccc(-c2cccn3nc(Nc4cccc(C5CCNCC5)c4)nc23)cc1,6,False,False,True,rdkit_reaction_aryl_F
CAND_276a0bc7cb,rdkit,JAK2_34d30ab507,CN1CCC(c2cc(F)cc(Nc3nc4c(-c5ccc(S(C)(=O)=O)cc5)cccn4n3)c2)CC1,RKGOIGFZGBGTJI-UHFFFAOYSA-N,True,True,True,479.581,4.4917,79.6,1,6,5,0.4544,3.545,c1ccc(-c2cccn3nc(Nc4cccc(C5CCNCC5)c4)nc23)cc1,6,False,False,True,rdkit_reaction_aryl_F
CAND_2c85ab41a0,rdkit,JAK2_34d30ab507,CN1CCC(c2ccc(F)c(Nc3nc4c(-c5ccc(S(C)(=O)=O)cc5)cccn4n3)c2)CC1,KBUBPSDCEMIXEL-UHFFFAOYSA-N,True,True,True,479.581,4.4917,79.6,1,6,5,0.4544,3.545,c1ccc(-c2cccn3nc(Nc4cccc(C5CCNCC5)c4)nc23)cc1,6,False,False,True,rdkit_reaction_aryl_F
CAND_3d6a597288,rdkit,JAK2_34d30ab507,CN1CCC(c2cccc(Nc3nc4c(-c5ccc(S(C)(=O)=O)cc5F)cccn4n3)c2)CC1,RJELMACAAXZYAI-UHFFFAOYSA-N,True,True,True,479.581,4.4917,79.6,1,6,5,0.4544,3.545,c1ccc(-c2cccn3nc(Nc4cccc(C5CCNCC5)c4)nc23)cc1,6,False,False,True,rdkit_reaction_aryl_F
CAND_afdac17438,rdkit,JAK2_34d30ab507,CN1CCC(c2cccc(Nc3nc4c(-c5ccc(S(C)(=O)=O)c(F)c5)cccn4n3)c2)CC1,GUYPYYMJLZYQJM-UHFFFAOYSA-N,True,True,True,479.581,4.4917,79.6,1,6,5,0.4544,3.545,c1ccc(-c2cccn3nc(Nc4cccc(C5CCNCC5)c4)nc23)cc1,6,False,False,True,rdkit_reaction_aryl_F
CAND_3e1ce693fd,rdkit,JAK2_6f4dcc3327,COc1ncc(-c2ccc3cnc(Nc4ccc(C5CCN(CC(N)=O)CC5)cc4)nn23)cc1F,CVPBHCOHVDLTTH-UHFFFAOYSA-N,True,True,True,475.528,3.3473,110.67,2,7,7,0.4217,3.772,c1cncc(-c2ccc3cnc(Nc4ccc(C5CCNCC5)cc4)nn23)c1,6,False,False,True,rdkit_reaction_aryl_F
CAND_ca8376e62e,rdkit,JAK2_6f4dcc3327,COc1cc(F)c(-c2ccc3cnc(Nc4ccc(C5CCN(CC(N)=O)CC5)cc4)nn23)cn1,SGZZFQCDQIKQSE-UHFFFAOYSA-N,True,True,True,475.528,3.3473,110.67,2,7,7,0.4217,3.772,c1cncc(-c2ccc3cnc(Nc4ccc(C5CCNCC5)cc4)nn23)c1,6,False,False,True,rdkit_reaction_aryl_F
CAND_c7a2f9a980,rdkit,JAK2_6f4dcc3327,COc1ccc(-c2c(F)cc3cnc(Nc4ccc(C5CCN(CC(N)=O)CC5)cc4)nn23)cn1,AVDRURWVVJNSRG-UHFFFAOYSA-N,True,True,True,475.528,3.3473,110.67,2,7,7,0.4217,3.772,c1cncc(-c2ccc3cnc(Nc4ccc(C5CCNCC5)cc4)nn23)c1,6,False,False,True,rdkit_reaction_aryl_F
CAND_17d02259fd,rdkit,JAK2_6f4dcc3327,COc1ccc(-c2cc(F)c3cnc(Nc4ccc(C5CCN(CC(N)=O)CC5)cc4)nn23)cn1,GSDRKNQSAJBCKD-UHFFFAOYSA-N,True,True,True,475.528,3.3473,110.67,2,7,7,0.4217,3.772,c1cncc(-c2ccc3cnc(Nc4ccc(C5CCNCC5)cc4)nn23)c1,6,False,False,True,rdkit_reaction_aryl_F
CAND_fd860f9cc7,rdkit,JAK2_6f4dcc3327,COc1ccc(-c2ccc3c(F)nc(Nc4ccc(C5CCN(CC(N)=O)CC5)cc4)nn23)cn1,HYTFMKJSEFPXQM-UHFFFAOYSA-N,True,True,True,475.528,3.3473,110.67,2,7,7,0.4217,3.772,c1cncc(-c2ccc3cnc(Nc4ccc(C5CCNCC5)cc4)nn23)c1,6,False,False,True,rdkit_reaction_aryl_F
CAND_0067fa55f3,rdkit,JAK2_1a53985c87,CC(C)(C)[C@@H](NC(=O)c1c(F)[nH]c2ncc(C3CC3)nc12)C(=O)N1CC(C#N)C1,XKIBOPVIPMKVTQ-HNNXBMFYSA-N,True,True,True,398.442,2.1009,114.77,2,5,4,0.8185,3.019,O=C(NCC(=O)N1CCC1)c1c[nH]c2ncc(C3CC3)nc12,6,False,False,True,rdkit_reaction_aryl_F
CAND_f783b36e5e,rdkit,JAK2_1a53985c87,CC(C)(C)[C@@H](NC(=O)c1c[nH]c2nc(F)c(C3CC3)nc12)C(=O)N1CC(C#N)C1,HIHSIOHIOJSEDS-HNNXBMFYSA-N,True,True,True,398.442,2.1009,114.77,2,5,4,0.8185,3.019,O=C(NCC(=O)N1CCC1)c1c[nH]c2ncc(C3CC3)nc12,6,False,False,True,rdkit_reaction_aryl_F
CAND_fe804489aa,rdkit,JAK2_1a53985c87,CC(C)(C)[C@@H](NC(=O)c1c(Cl)[nH]c2ncc(C3CC3)nc12)C(=O)N1CC(C#N)C1,LMNGRCGIFJISQC-HNNXBMFYSA-N,True,True,True,414.897,2.6152,114.77,2,5,4,0.7974,3.111,O=C(NCC(=O)N1CCC1)c1c[nH]c2ncc(C3CC3)nc12,6,False,False,True,rdkit_reaction_aryl_Cl
CAND_031de9d76b,rdkit,JAK2_1a53985c87,CC(C)(C)[C@@H](NC(=O)c1c[nH]c2nc(Cl)c(C3CC3)nc12)C(=O)N1CC(C#N)C1,JUFUTIQUIFEUEE-HNNXBMFYSA-N,True,True,True,414.897,2.6152,114.77,2,5,4,0.7974,3.111,O=C(NCC(=O)N1CCC1)c1c[nH]c2ncc(C3CC3)nc12,6,False,False,True,rdkit_reaction_aryl_Cl
CAND_b0748ac5cc,rdkit,JAK2_1a53985c87,Cc1[nH]c2ncc(C3CC3)nc2c1C(=O)N[C@@H](C(=O)N1CC(C#N)C1)C(C)(C)C,WFAXHSBPMBIWGQ-KRWDZBQOSA-N,True,True,True,394.479,2.2702,114.77,2,5,4,0.8254,2.997,O=C(NCC(=O)N1CCC1)c1c[nH]c2ncc(C3CC3)nc12,6,False,False,True,rdkit_reaction_aryl_Me
CAND_dac3e02789,rdkit,JAK2_523a543e49,COc1cc(-c2cnc3[nH]cc(C(=O)N[C@H](C)C(=O)N4CC(C#N)C4)c3n2)c(F)c(OC)c1OC,ZXDTWPDGQOXIRS-LLVKDONJSA-N,True,True,True,482.472,1.8901,142.46,2,8,7,0.5199,3.861,O=C(NCC(=O)N1CCC1)c1c[nH]c2ncc(-c3ccccc3)nc12,6,False,False,True,rdkit_reaction_aryl_F
CAND_2a0f22ca3c,rdkit,JAK2_523a543e49,COc1cc(-c2nc3c(C(=O)N[C@H](C)C(=O)N4CC(C#N)C4)c[nH]c3nc2F)cc(OC)c1OC,AHYZQIYMABSFOU-LLVKDONJSA-N,True,True,True,482.472,1.8901,142.46,2,8,7,0.5199,3.861,O=C(NCC(=O)N1CCC1)c1c[nH]c2ncc(-c3ccccc3)nc12,6,False,False,True,rdkit_reaction_aryl_F
CAND_992ea15415,rdkit,JAK2_523a543e49,COc1cc(-c2cnc3[nH]c(F)c(C(=O)N[C@H](C)C(=O)N4CC(C#N)C4)c3n2)cc(OC)c1OC,FONLNIBNWXLSFH-LLVKDONJSA-N,True,True,True,482.472,1.8901,142.46,2,8,7,0.5199,3.861,O=C(NCC(=O)N1CCC1)c1c[nH]c2ncc(-c3ccccc3)nc12,6,False,False,True,rdkit_reaction_aryl_F
CAND_bf9fcba203,rdkit,JAK2_523a543e49,COc1cc(-c2cnc3[nH]cc(C(=O)N[C@H](C)C(=O)N4CC(C#N)C4)c3n2)c(Cl)c(OC)c1OC,OVTMGWDABVMVAA-LLVKDONJSA-N,True,True,True,498.927,2.4044,142.46,2,8,7,0.5052,3.952,O=C(NCC(=O)N1CCC1)c1c[nH]c2ncc(-c3ccccc3)nc12,6,False,False,True,rdkit_reaction_aryl_Cl
CAND_01614b5630,rdkit,JAK2_523a543e49,COc1cc(-c2nc3c(C(=O)N[C@H](C)C(=O)N4CC(C#N)C4)c[nH]c3nc2Cl)cc(OC)c1OC,WAMNNHJTQHBNIO-LLVKDONJSA-N,True,True,True,498.927,2.4044,142.46,2,8,7,0.5052,3.952,O=C(NCC(=O)N1CCC1)c1c[nH]c2ncc(-c3ccccc3)nc12,6,False,False,True,rdkit_reaction_aryl_Cl
CAND_3dc2a3d206,rdkit,JAK2_cd0ef0dc7c,CS(=O)(=O)c1ccc(-c2cccn3nc(Nc4cccc(N5CCOCC5)c4)nc23)cc1F,BGYWMGMXRKZQLA-UHFFFAOYSA-N,True,True,True,467.526,3.5191,88.83,1,7,5,0.4804,3.478,c1ccc(-c2cccn3nc(Nc4cccc(N5CCOCC5)c4)nc23)cc1,6,False,False,True,rdkit_reaction_aryl_F
CAND_a5ce656f8e,rdkit,JAK2_cd0ef0dc7c,CS(=O)(=O)c1ccc(-c2cccn3nc(Nc4cccc(N5CCOCC5)c4)nc23)c(F)c1,SZPPGODKNOCQGG-UHFFFAOYSA-N,True,True,True,467.526,3.5191,88.83,1,7,5,0.4804,3.478,c1ccc(-c2cccn3nc(Nc4cccc(N5CCOCC5)c4)nc23)cc1,6,False,False,True,rdkit_reaction_aryl_F
CAND_d8459cccf0,rdkit,JAK2_cd0ef0dc7c,CS(=O)(=O)c1ccc(-c2c(F)ccn3nc(Nc4cccc(N5CCOCC5)c4)nc23)cc1,WICVTKSYHWHFPL-UHFFFAOYSA-N,True,True,True,467.526,3.5191,88.83,1,7,5,0.4804,3.478,c1ccc(-c2cccn3nc(Nc4cccc(N5CCOCC5)c4)nc23)cc1,6,False,False,True,rdkit_reaction_aryl_F
CAND_c62504f4b6,rdkit,JAK2_cd0ef0dc7c,CS(=O)(=O)c1ccc(-c2cc(F)cn3nc(Nc4cccc(N5CCOCC5)c4)nc23)cc1,AXZHRWXHKYXJDN-UHFFFAOYSA-N,True,True,True,467.526,3.5191,88.83,1,7,5,0.4804,3.478,c1ccc(-c2cccn3nc(Nc4cccc(N5CCOCC5)c4)nc23)cc1,6,False,False,True,rdkit_reaction_aryl_F
CAND_ce20fb264c,rdkit,JAK2_cd0ef0dc7c,CS(=O)(=O)c1ccc(-c2ccc(F)n3nc(Nc4cccc(N5CCOCC5)c4)nc23)cc1,AYOXMSJJRQXZOQ-UHFFFAOYSA-N,True,True,True,467.526,3.5191,88.83,1,7,5,0.4494,3.478,c1ccc(-c2cccn3nc(Nc4cccc(N5CCOCC5)c4)nc23)cc1,6,False,False,True,rdkit_reaction_aryl_F
CAND_a13da45012,rdkit,JAK2_d7634eac48,COc1c(F)cccc1-c1ccc2cnc(Nc3cccc(N4CCN(C)CC4)c3)nn12,AUSHPSSLNAULAA-UHFFFAOYSA-N,True,True,True,432.503,4.0394,57.93,1,6,5,0.5138,3.283,c1ccc(-c2ccc3cnc(Nc4cccc(N5CCNCC5)c4)nn23)cc1,6,False,False,True,rdkit_reaction_aryl_F
CAND_6ebc7c8c40,rdkit,JAK2_d7634eac48,COc1cc(F)ccc1-c1ccc2cnc(Nc3cccc(N4CCN(C)CC4)c3)nn12,LRGLZKSUVSLSAU-UHFFFAOYSA-N,True,True,True,432.503,4.0394,57.93,1,6,5,0.5138,3.283,c1ccc(-c2ccc3cnc(Nc4cccc(N5CCNCC5)c4)nn23)cc1,6,False,False,True,rdkit_reaction_aryl_F
CAND_067730b848,rdkit,JAK2_d7634eac48,COc1ccc(F)cc1-c1ccc2cnc(Nc3cccc(N4CCN(C)CC4)c3)nn12,XBESHSCWGCGPFW-UHFFFAOYSA-N,True,True,True,432.503,4.0394,57.93,1,6,5,0.5138,3.283,c1ccc(-c2ccc3cnc(Nc4cccc(N5CCNCC5)c4)nn23)cc1,6,False,False,True,rdkit_reaction_aryl_F
CAND_cb18d3cda6,rdkit,JAK2_d7634eac48,COc1cccc(F)c1-c1ccc2cnc(Nc3cccc(N4CCN(C)CC4)c3)nn12,KQRUDHQPQGXWNI-UHFFFAOYSA-N,True,True,True,432.503,4.0394,57.93,1,6,5,0.5138,3.283,c1ccc(-c2ccc3cnc(Nc4cccc(N5CCNCC5)c4)nn23)cc1,6,False,False,True,rdkit_reaction_aryl_F
CAND_57c1ed08db,rdkit,JAK2_d7634eac48,COc1ccccc1-c1c(F)cc2cnc(Nc3cccc(N4CCN(C)CC4)c3)nn12,HEAPVXZQBLOBES-UHFFFAOYSA-N,True,True,True,432.503,4.0394,57.93,1,6,5,0.5138,3.283,c1ccc(-c2ccc3cnc(Nc4cccc(N5CCNCC5)c4)nn23)cc1,6,False,False,True,rdkit_reaction_aryl_F
CAND_83ececd053,rdkit,JAK2_0a1653190d,O=c1[nH]c(F)cc2c(Nc3c(Cl)cc(F)cc3Cl)nc3ccncc3c12,FRHIOAZOCXRMFD-UHFFFAOYSA-N,True,True,True,393.18,4.7999,70.67,2,4,2,0.3793,2.49,O=c1[nH]ccc2c(Nc3ccccc3)nc3ccncc3c12,6,False,False,True,rdkit_reaction_aryl_F
CAND_aef496df0a,rdkit,JAK2_0a1653190d,O=c1[nH]cc(F)c2c(Nc3c(Cl)cc(F)cc3Cl)nc3ccncc3c12,YDVANHIQFZSDAI-UHFFFAOYSA-N,True,True,True,393.18,4.7999,70.67,2,4,2,0.4803,2.49,O=c1[nH]ccc2c(Nc3ccccc3)nc3ccncc3c12,6,False,False,True,rdkit_reaction_aryl_F
CAND_7872e13cc7,rdkit,JAK2_0a1653190d,O=c1[nH]ccc2c(Nc3c(Cl)cc(F)c(F)c3Cl)nc3ccncc3c12,ARIFTOWMGCEFFS-UHFFFAOYSA-N,True,True,True,393.18,4.7999,70.67,2,4,2,0.2917,2.49,O=c1[nH]ccc2c(Nc3ccccc3)nc3ccncc3c12,6,False,False,True,rdkit_reaction_aryl_F
CAND_93155d15b2,rdkit,JAK2_0a1653190d,O=c1[nH]ccc2c(Nc3c(Cl)cc(F)cc3Cl)nc3c(F)cncc3c12,YXXKVTKJCPJMNE-UHFFFAOYSA-N,True,True,True,393.18,4.7999,70.67,2,4,2,0.4803,2.49,O=c1[nH]ccc2c(Nc3ccccc3)nc3ccncc3c12,6,False,False,True,rdkit_reaction_aryl_F
CAND_4133d043f3,rdkit,JAK2_0a1653190d,O=c1[nH]ccc2c(Nc3c(Cl)cc(F)cc3Cl)nc3cc(F)ncc3c12,IFNHFHNNGVAOJK-UHFFFAOYSA-N,True,True,True,393.18,4.7999,70.67,2,4,2,0.3793,2.49,O=c1[nH]ccc2c(Nc3ccccc3)nc3ccncc3c12,6,False,False,True,rdkit_reaction_aryl_F
CAND_24a78f6389,rdkit,JAK2_1f52d2b5fb,Cc1[nH]nc(Nc2nc(N3CCN(C(=O)Cc4ccc(F)cc4)CC3)nn3cccc23)c1F,HPQCZLOCBDPFRO-UHFFFAOYSA-N,True,True,True,452.469,2.6739,94.45,2,6,5,0.4836,3.394,O=C(Cc1ccccc1)N1CCN(c2nc(Nc3cc[nH]n3)c3cccn3n2)CC1,6,False,False,True,rdkit_reaction_aryl_F
CAND_b61bf142f6,rdkit,JAK2_1f52d2b5fb,Cc1cc(Nc2nc(N3CCN(C(=O)Cc4ccc(F)cc4F)CC3)nn3cccc23)n[nH]1,XHTUTACCUMHKNS-UHFFFAOYSA-N,True,True,False,452.469,2.6739,94.45,2,6,5,0.4836,3.394,O=C(Cc1ccccc1)N1CCN(c2nc(Nc3cc[nH]n3)c3cccn3n2)CC1,6,False,False,True,rdkit_reaction_aryl_F
CAND_cb19d23511,rdkit,JAK2_1f52d2b5fb,Cc1cc(Nc2nc(N3CCN(C(=O)Cc4ccc(F)c(F)c4)CC3)nn3cccc23)n[nH]1,UDWDDXOBICUARG-UHFFFAOYSA-N,True,True,True,452.469,2.6739,94.45,2,6,5,0.4836,3.394,O=C(Cc1ccccc1)N1CCN(c2nc(Nc3cc[nH]n3)c3cccn3n2)CC1,6,False,False,True,rdkit_reaction_aryl_F
CAND_1ef61ac67c,rdkit,JAK2_1f52d2b5fb,Cc1cc(Nc2nc(N3CCN(C(=O)Cc4ccc(F)cc4)CC3)nn3c(F)ccc23)n[nH]1,KXWXFWKGKJAQIE-UHFFFAOYSA-N,True,True,True,452.469,2.6739,94.45,2,6,5,0.4836,3.394,O=C(Cc1ccccc1)N1CCN(c2nc(Nc3cc[nH]n3)c3cccn3n2)CC1,6,False,False,True,rdkit_reaction_aryl_F
CAND_d699238134,rdkit,JAK2_1f52d2b5fb,Cc1cc(Nc2nc(N3CCN(C(=O)Cc4ccc(F)cc4)CC3)nn3cc(F)cc23)n[nH]1,YJRHNZFSIJHYJS-UHFFFAOYSA-N,True,True,True,452.469,2.6739,94.45,2,6,5,0.4836,3.394,O=C(Cc1ccccc1)N1CCN(c2nc(Nc3cc[nH]n3)c3cccn3n2)CC1,6,False,False,True,rdkit_reaction_aryl_F
CAND_11a52690e6,rdkit,JAK2_33518fcb72,C[C@H](O)CN1CCC(c2ccc(Nc3ncc4ccc(-c5ccccc5N(C)S(C)(=O)=O)n4n3)cc2F)CC1,SWYJEMXJLWUTIA-IBGZPJMESA-N,True,True,True,552.676,4.235,103.07,2,7,8,0.3372,4.576,c1ccc(-c2ccc3cnc(Nc4ccc(C5CCNCC5)cc4)nn23)cc1,6,False,False,True,rdkit_reaction_aryl_F
CAND_c6f725a5ee,rdkit,JAK2_33518fcb72,C[C@H](O)CN1CCC(c2ccc(Nc3ncc4ccc(-c5ccccc5N(C)S(C)(=O)=O)n4n3)c(F)c2)CC1,SUISIIJNKBFDAK-IBGZPJMESA-N,True,True,True,552.676,4.235,103.07,2,7,8,0.3372,4.576,c1ccc(-c2ccc3cnc(Nc4ccc(C5CCNCC5)cc4)nn23)cc1,6,False,False,True,rdkit_reaction_aryl_F
CAND_9d901d9d57,rdkit,JAK2_33518fcb72,C[C@H](O)CN1CCC(c2ccc(Nc3nc(F)c4ccc(-c5ccccc5N(C)S(C)(=O)=O)n4n3)cc2)CC1,MKGFJEKRFVFXCH-IBGZPJMESA-N,True,True,True,552.676,4.235,103.07,2,7,8,0.3372,4.576,c1ccc(-c2ccc3cnc(Nc4ccc(C5CCNCC5)cc4)nn23)cc1,6,False,False,True,rdkit_reaction_aryl_F
CAND_0ff9dacc9b,rdkit,JAK2_33518fcb72,C[C@H](O)CN1CCC(c2ccc(Nc3ncc4c(F)cc(-c5ccccc5N(C)S(C)(=O)=O)n4n3)cc2)CC1,AIWSSKBJIJVBSS-IBGZPJMESA-N,True,True,True,552.676,4.235,103.07,2,7,8,0.3372,4.576,c1ccc(-c2ccc3cnc(Nc4ccc(C5CCNCC5)cc4)nn23)cc1,6,False,False,True,rdkit_reaction_aryl_F
CAND_eebce65c6d,rdkit,JAK2_33518fcb72,C[C@H](O)CN1CCC(c2ccc(Nc3ncc4cc(F)c(-c5ccccc5N(C)S(C)(=O)=O)n4n3)cc2)CC1,UXOPZXTZXLNNQL-IBGZPJMESA-N,True,True,True,552.676,4.235,103.07,2,7,8,0.3372,4.576,c1ccc(-c2ccc3cnc(Nc4ccc(C5CCNCC5)cc4)nn23)cc1,6,False,False,True,rdkit_reaction_aryl_F
CAND_64522bbab1,rdkit,JAK2_471915c039,O=c1[nH]c(F)cc2c(Nc3c(F)cc(F)cc3Cl)nc3ccncc3c12,BGNJYCPLTTYPIV-UHFFFAOYSA-N,True,True,True,376.725,4.2856,70.67,2,4,2,0.4043,2.398,O=c1[nH]ccc2c(Nc3ccccc3)nc3ccncc3c12,6,False,False,True,rdkit_reaction_aryl_F
CAND_097fc8d36d,rdkit,JAK2_471915c039,O=c1[nH]cc(F)c2c(Nc3c(F)cc(F)cc3Cl)nc3ccncc3c12,NOBQTTGTTXOISA-UHFFFAOYSA-N,True,True,True,376.725,4.2856,70.67,2,4,2,0.5121,2.398,O=c1[nH]ccc2c(Nc3ccccc3)nc3ccncc3c12,6,False,False,True,rdkit_reaction_aryl_F
CAND_9a7bec6916,rdkit,JAK2_471915c039,O=c1[nH]ccc2c(Nc3c(Cl)cc(F)c(F)c3F)nc3ccncc3c12,LATWAUIQSWYLIH-UHFFFAOYSA-N,True,True,True,376.725,4.2856,70.67,2,4,2,0.311,2.398,O=c1[nH]ccc2c(Nc3ccccc3)nc3ccncc3c12,6,False,False,True,rdkit_reaction_aryl_F
CAND_eab818af38,rdkit,JAK2_471915c039,O=c1[nH]ccc2c(Nc3c(F)cc(F)c(F)c3Cl)nc3ccncc3c12,XOYUNCZMIFOWCS-UHFFFAOYSA-N,True,True,True,376.725,4.2856,70.67,2,4,2,0.311,2.398,O=c1[nH]ccc2c(Nc3ccccc3)nc3ccncc3c12,6,False,False,True,rdkit_reaction_aryl_F
CAND_66dabd260b,rdkit,JAK2_471915c039,O=c1[nH]ccc2c(Nc3c(F)cc(F)cc3Cl)nc3c(F)cncc3c12,LDJMKRTVTUQOJR-UHFFFAOYSA-N,True,True,True,376.725,4.2856,70.67,2,4,2,0.5121,2.398,O=c1[nH]ccc2c(Nc3ccccc3)nc3ccncc3c12,6,False,False,True,rdkit_reaction_aryl_F
CAND_4bd0be402b,rdkit,JAK2_c5ba052617,CS(=O)(=O)c1ccc(-c2cccn3nc(Nc4ccc(N5CCOCC5)cc4)nc23)cc1F,LMIVQVYLHNNXLK-UHFFFAOYSA-N,True,True,True,467.526,3.5191,88.83,1,7,5,0.4804,3.478,c1ccc(-c2cccn3nc(Nc4ccc(N5CCOCC5)cc4)nc23)cc1,6,False,False,True,rdkit_reaction_aryl_F
CAND_7b83a8a5c2,rdkit,JAK2_c5ba052617,CS(=O)(=O)c1ccc(-c2cccn3nc(Nc4ccc(N5CCOCC5)cc4)nc23)c(F)c1,FYVGBGPMZPEFEH-UHFFFAOYSA-N,True,True,True,467.526,3.5191,88.83,1,7,5,0.4804,3.478,c1ccc(-c2cccn3nc(Nc4ccc(N5CCOCC5)cc4)nc23)cc1,6,False,False,True,rdkit_reaction_aryl_F
CAND_8cc1ab3d8e,rdkit,JAK2_c5ba052617,CS(=O)(=O)c1ccc(-c2c(F)ccn3nc(Nc4ccc(N5CCOCC5)cc4)nc23)cc1,MBLJHZNENYMMDA-UHFFFAOYSA-N,True,True,True,467.526,3.5191,88.83,1,7,5,0.4804,3.478,c1ccc(-c2cccn3nc(Nc4ccc(N5CCOCC5)cc4)nc23)cc1,6,False,False,True,rdkit_reaction_aryl_F
CAND_31425fe450,rdkit,JAK2_c5ba052617,CS(=O)(=O)c1ccc(-c2cc(F)cn3nc(Nc4ccc(N5CCOCC5)cc4)nc23)cc1,MSZZWFVAMCXISA-UHFFFAOYSA-N,True,True,True,467.526,3.5191,88.83,1,7,5,0.4804,3.478,c1ccc(-c2cccn3nc(Nc4ccc(N5CCOCC5)cc4)nc23)cc1,6,False,False,True,rdkit_reaction_aryl_F
CAND_bc799b3da8,rdkit,JAK2_c5ba052617,CS(=O)(=O)c1ccc(-c2ccc(F)n3nc(Nc4ccc(N5CCOCC5)cc4)nc23)cc1,OTKINNGNEHGZHW-UHFFFAOYSA-N,True,True,True,467.526,3.5191,88.83,1,7,5,0.4494,3.478,c1ccc(-c2cccn3nc(Nc4ccc(N5CCOCC5)cc4)nc23)cc1,6,False,False,True,rdkit_reaction_aryl_F
CAND_0de6313182,rdkit,JAK2_ba8ed991fd,O=C1CC[C@H](C(=O)Nc2ccc(-c3ccnc(Nc4ccc(N5CCOCC5)cc4)n3)cc2F)N1,FZYACXXKVGVVPM-JOCHJYFZSA-N,True,True,True,476.512,3.08,108.48,3,7,6,0.5018,3.903,O=C1CC[C@H](C(=O)Nc2ccc(-c3ccnc(Nc4ccc(N5CCOCC5)cc4)n3)cc2)N1,6,False,False,True,rdkit_reaction_aryl_F
CAND_0366f5bc1e,rdkit,JAK2_ba8ed991fd,O=C1CC[C@H](C(=O)Nc2ccc(-c3ccnc(Nc4ccc(N5CCOCC5)cc4)n3)c(F)c2)N1,MDUSMEXHLNJCLF-JOCHJYFZSA-N,True,True,True,476.512,3.08,108.48,3,7,6,0.5018,3.903,O=C1CC[C@H](C(=O)Nc2ccc(-c3ccnc(Nc4ccc(N5CCOCC5)cc4)n3)cc2)N1,6,False,False,True,rdkit_reaction_aryl_F
CAND_3ddf49c331,rdkit,JAK2_ba8ed991fd,O=C1CC[C@H](C(=O)Nc2ccc(-c3nc(Nc4ccc(N5CCOCC5)cc4)ncc3F)cc2)N1,OWLQKDLKWTWNGF-OAQYLSRUSA-N,True,True,True,476.512,3.08,108.48,3,7,6,0.5018,3.903,O=C1CC[C@H](C(=O)Nc2ccc(-c3ccnc(Nc4ccc(N5CCOCC5)cc4)n3)cc2)N1,6,False,False,True,rdkit_reaction_aryl_F
CAND_fd608d7df8,rdkit,JAK2_ba8ed991fd,O=C1CC[C@H](C(=O)Nc2ccc(-c3cc(F)nc(Nc4ccc(N5CCOCC5)cc4)n3)cc2)N1,ZDSKDYUVONUFOQ-HXUWFJFHSA-N,True,True,True,476.512,3.08,108.48,3,7,6,0.4694,3.903,O=C1CC[C@H](C(=O)Nc2ccc(-c3ccnc(Nc4ccc(N5CCOCC5)cc4)n3)cc2)N1,6,False,False,True,rdkit_reaction_aryl_F
CAND_e8cb3ee1d0,rdkit,JAK2_ba8ed991fd,O=C1CC[C@H](C(=O)Nc2ccc(-c3ccnc(Nc4ccc(N5CCOCC5)cc4F)n3)cc2)N1,BZEKUWWMXMPKSF-JOCHJYFZSA-N,True,True,True,476.512,3.08,108.48,3,7,6,0.5018,3.903,O=C1CC[C@H](C(=O)Nc2ccc(-c3ccnc(Nc4ccc(N5CCOCC5)cc4)n3)cc2)N1,6,False,False,True,rdkit_reaction_aryl_F
CAND_db7fdc6584,rdkit,JAK2_809c0ece50,O=c1[nH]c(F)cc2c(Nc3c(Cl)cc(C(F)(F)F)cc3Cl)nc3ccncc3c12,UQVOIMDJCAFPQL-UHFFFAOYSA-N,True,True,True,443.187,5.6796,70.67,2,4,2,0.2377,3.108,O=c1[nH]ccc2c(Nc3ccccc3)nc3ccncc3c12,6,False,False,True,rdkit_reaction_aryl_F
CAND_1613728f5d,rdkit,JAK2_809c0ece50,O=c1[nH]cc(F)c2c(Nc3c(Cl)cc(C(F)(F)F)cc3Cl)nc3ccncc3c12,NIZVWDBDYSNLSU-UHFFFAOYSA-N,True,True,True,443.187,5.6796,70.67,2,4,2,0.3091,3.108,O=c1[nH]ccc2c(Nc3ccccc3)nc3ccncc3c12,6,False,False,True,rdkit_reaction_aryl_F
CAND_ae8e57ad1e,rdkit,JAK2_809c0ece50,O=c1[nH]ccc2c(Nc3c(Cl)cc(C(F)(F)F)c(F)c3Cl)nc3ccncc3c12,CJLUYHIVTZXTIJ-UHFFFAOYSA-N,True,True,True,443.187,5.6796,70.67,2,4,2,0.2377,3.108,O=c1[nH]ccc2c(Nc3ccccc3)nc3ccncc3c12,6,False,False,True,rdkit_reaction_aryl_F
CAND_6ca9fd184f,rdkit,JAK2_809c0ece50,O=c1[nH]ccc2c(Nc3c(Cl)cc(C(F)(F)F)cc3Cl)nc3c(F)cncc3c12,WDFSYMQMCLXHEI-UHFFFAOYSA-N,True,True,True,443.187,5.6796,70.67,2,4,2,0.3091,3.108,O=c1[nH]ccc2c(Nc3ccccc3)nc3ccncc3c12,6,False,False,True,rdkit_reaction_aryl_F
CAND_de66178810,rdkit,JAK2_809c0ece50,O=c1[nH]ccc2c(Nc3c(Cl)cc(C(F)(F)F)cc3Cl)nc3cc(F)ncc3c12,HMHDKNHEJDYQLI-UHFFFAOYSA-N,True,True,True,443.187,5.6796,70.67,2,4,2,0.2377,3.108,O=c1[nH]ccc2c(Nc3ccccc3)nc3ccncc3c12,6,False,False,True,rdkit_reaction_aryl_F
CAND_b54366b2b8,rdkit,JAK2_b5896fea79,O=c1[nH]c(F)cc2c(Nc3c(Cl)cc(-c4ccn[nH]4)cc3Cl)nc3ccncc3c12,YLOFLLSBOMKEKW-UHFFFAOYSA-N,True,True,True,441.253,5.0509,99.35,3,5,3,0.2689,3.107,O=c1[nH]ccc2c(Nc3ccc(-c4ccn[nH]4)cc3)nc3ccncc3c12,6,False,False,True,rdkit_reaction_aryl_F
CAND_f22b6aad8c,rdkit,JAK2_b5896fea79,O=c1[nH]cc(F)c2c(Nc3c(Cl)cc(-c4ccn[nH]4)cc3Cl)nc3ccncc3c12,RFFPLCDVCJRLOK-UHFFFAOYSA-N,True,True,True,441.253,5.0509,99.35,3,5,3,0.3405,3.107,O=c1[nH]ccc2c(Nc3ccc(-c4ccn[nH]4)cc3)nc3ccncc3c12,6,False,False,True,rdkit_reaction_aryl_F
CAND_0a0fb0f87a,rdkit,JAK2_b5896fea79,O=c1[nH]ccc2c(Nc3c(Cl)cc(-c4ccn[nH]4)c(F)c3Cl)nc3ccncc3c12,PBLPXAAISHWHCT-UHFFFAOYSA-N,True,True,True,441.253,5.0509,99.35,3,5,3,0.2689,3.107,O=c1[nH]ccc2c(Nc3ccc(-c4ccn[nH]4)cc3)nc3ccncc3c12,6,False,False,True,rdkit_reaction_aryl_F
CAND_ded90c4076,rdkit,JAK2_b5896fea79,O=c1[nH]ccc2c(Nc3c(Cl)cc(-c4[nH]ncc4F)cc3Cl)nc3ccncc3c12,ANEQKTIBFWVROD-UHFFFAOYSA-N,True,True,True,441.253,5.0509,99.35,3,5,3,0.3405,3.107,O=c1[nH]ccc2c(Nc3ccc(-c4ccn[nH]4)cc3)nc3ccncc3c12,6,False,False,True,rdkit_reaction_aryl_F
CAND_b1de989ea2,rdkit,JAK2_b5896fea79,O=c1[nH]ccc2c(Nc3c(Cl)cc(-c4cc(F)n[nH]4)cc3Cl)nc3ccncc3c12,LFKYOANRRWFWHE-UHFFFAOYSA-N,True,True,True,441.253,5.0509,99.35,3,5,3,0.3405,3.107,O=c1[nH]ccc2c(Nc3ccc(-c4ccn[nH]4)cc3)nc3ccncc3c12,6,False,False,True,rdkit_reaction_aryl_F
CAND_597c797be0,rdkit,JAK2_9e9e65d6c2,O=C(NCc1cc(O)ccc1F)Nc1nc(-c2ccncc2)cs1,LXJIPUYVPIOKES-UHFFFAOYSA-N,True,True,True,344.371,3.3715,87.14,3,5,4,0.6771,2.25,O=C(NCc1ccccc1)Nc1nc(-c2ccncc2)cs1,6,False,False,True,rdkit_reaction_aryl_F
CAND_5cbcb37059,rdkit,JAK2_9e9e65d6c2,O=C(NCc1cc(O)cc(F)c1)Nc1nc(-c2ccncc2)cs1,YMWGFSVTUQUCMF-UHFFFAOYSA-N,True,True,True,344.371,3.3715,87.14,3,5,4,0.6771,2.25,O=C(NCc1ccccc1)Nc1nc(-c2ccncc2)cs1,6,False,False,True,rdkit_reaction_aryl_F
CAND_24f2bba9be,rdkit,JAK2_9e9e65d6c2,O=C(NCc1ccc(F)c(O)c1)Nc1nc(-c2ccncc2)cs1,ADMYPMLDDYAJRL-UHFFFAOYSA-N,True,True,True,344.371,3.3715,87.14,3,5,4,0.6771,2.25,O=C(NCc1ccccc1)Nc1nc(-c2ccncc2)cs1,6,False,False,True,rdkit_reaction_aryl_F
CAND_6eac548ba8,rdkit,JAK2_9e9e65d6c2,O=C(NCc1cccc(O)c1F)Nc1nc(-c2ccncc2)cs1,PTRYEGZZQSYXFY-UHFFFAOYSA-N,True,True,True,344.371,3.3715,87.14,3,5,4,0.6771,2.25,O=C(NCc1ccccc1)Nc1nc(-c2ccncc2)cs1,6,False,False,True,rdkit_reaction_aryl_F
CAND_8566b91ba7,rdkit,JAK2_9e9e65d6c2,O=C(NCc1cccc(O)c1)Nc1nc(-c2ccncc2F)cs1,VUJLJHJAXMRUSL-UHFFFAOYSA-N,True,True,True,344.371,3.3715,87.14,3,5,4,0.6771,2.25,O=C(NCc1ccccc1)Nc1nc(-c2ccncc2)cs1,6,False,False,True,rdkit_reaction_aryl_F
CAND_328f3c61be,rdkit,JAK2_fd8b24dad5,Cc1[nH]nc(Nc2nc(N[C@@H](C)c3ccc(F)cn3)c(C#N)cc2F)c1F,UUJFGXUWDXYTBL-QMMMGPOBSA-N,True,True,True,373.342,3.7138,102.31,3,6,5,0.63,2.755,c1ccc(CNc2cccc(Nc3cc[nH]n3)n2)nc1,6,False,False,True,rdkit_reaction_aryl_F
CAND_3966af36f8,rdkit,JAK2_fd8b24dad5,Cc1cc(Nc2nc(N[C@@H](C)c3ncc(F)cc3F)c(C#N)cc2F)n[nH]1,SGBJONIODIVNOT-VIFPVBQESA-N,True,True,True,373.342,3.7138,102.31,3,6,5,0.63,2.755,c1ccc(CNc2cccc(Nc3cc[nH]n3)n2)nc1,6,False,False,True,rdkit_reaction_aryl_F
CAND_3e6e7d88b5,rdkit,JAK2_fd8b24dad5,Cc1cc(Nc2nc(N[C@@H](C)c3cc(F)c(F)cn3)c(C#N)cc2F)n[nH]1,PZCOPZMWOUZSPD-VIFPVBQESA-N,True,True,True,373.342,3.7138,102.31,3,6,5,0.63,2.755,c1ccc(CNc2cccc(Nc3cc[nH]n3)n2)nc1,6,False,False,True,rdkit_reaction_aryl_F
CAND_4a783769d1,rdkit,JAK2_fd8b24dad5,Cc1cc(Nc2nc(N[C@@H](C)c3ccc(F)c(F)n3)c(C#N)cc2F)n[nH]1,UJQSWCYDPQPLHJ-VIFPVBQESA-N,True,True,True,373.342,3.7138,102.31,3,6,5,0.5894,2.755,c1ccc(CNc2cccc(Nc3cc[nH]n3)n2)nc1,6,False,False,True,rdkit_reaction_aryl_F
CAND_80137d6880,rdkit,JAK2_fd8b24dad5,Cc1cc(Nc2nc(N[C@@H](C)c3ccc(F)cn3)c(C#N)c(F)c2F)n[nH]1,GMMYLCJUTHOGKS-VIFPVBQESA-N,True,True,True,373.342,3.7138,102.31,3,6,5,0.63,2.755,c1ccc(CNc2cccc(Nc3cc[nH]n3)n2)nc1,6,False,False,True,rdkit_reaction_aryl_F
CAND_e5dd981d52,rdkit,JAK2_0be5e5cb2a,CN1CCN(c2c(F)cc(Nc3ncc4ccc(-c5cccc(S(=O)(=O)NC(C)(C)C)c5)n4n3)cc2F)CC1,AEUFFUNROZHUBR-UHFFFAOYSA-N,True,True,True,555.655,4.2467,94.87,2,7,6,0.3675,4.093,c1ccc(-c2ccc3cnc(Nc4ccc(N5CCNCC5)cc4)nn23)cc1,6,False,False,True,rdkit_reaction_aryl_F
CAND_52428d1ad9,rdkit,JAK2_0be5e5cb2a,CN1CCN(c2cc(F)c(Nc3ncc4ccc(-c5cccc(S(=O)(=O)NC(C)(C)C)c5)n4n3)cc2F)CC1,BBUHLNSUAJBVCO-UHFFFAOYSA-N,True,True,True,555.655,4.2467,94.87,2,7,6,0.3675,4.093,c1ccc(-c2ccc3cnc(Nc4ccc(N5CCNCC5)cc4)nn23)cc1,6,False,False,True,rdkit_reaction_aryl_F
CAND_8e00c4c44f,rdkit,JAK2_0be5e5cb2a,CN1CCN(c2ccc(Nc3nc(F)c4ccc(-c5cccc(S(=O)(=O)NC(C)(C)C)c5)n4n3)cc2F)CC1,IITWZTMDILUMDN-UHFFFAOYSA-N,True,True,True,555.655,4.2467,94.87,2,7,6,0.3675,4.093,c1ccc(-c2ccc3cnc(Nc4ccc(N5CCNCC5)cc4)nn23)cc1,6,False,False,True,rdkit_reaction_aryl_F
CAND_a92d1a8a47,rdkit,JAK2_0be5e5cb2a,CN1CCN(c2ccc(Nc3ncc4c(F)cc(-c5cccc(S(=O)(=O)NC(C)(C)C)c5)n4n3)cc2F)CC1,HBWOVIDRPSNYIO-UHFFFAOYSA-N,True,True,True,555.655,4.2467,94.87,2,7,6,0.3675,4.093,c1ccc(-c2ccc3cnc(Nc4ccc(N5CCNCC5)cc4)nn23)cc1,6,False,False,True,rdkit_reaction_aryl_F
CAND_cbc0d11682,rdkit,JAK2_0be5e5cb2a,CN1CCN(c2ccc(Nc3ncc4cc(F)c(-c5cccc(S(=O)(=O)NC(C)(C)C)c5)n4n3)cc2F)CC1,PQQGCEZXKWIVID-UHFFFAOYSA-N,True,True,True,555.655,4.2467,94.87,2,7,6,0.3675,4.093,c1ccc(-c2ccc3cnc(Nc4ccc(N5CCNCC5)cc4)nn23)cc1,6,False,False,True,rdkit_reaction_aryl_F
CAND_28e95a6c16,rdkit,JAK2_21004599ab,CC(C)[C@@H](Nc1nc2c(F)c[nH]c(=O)c2c2cc(F)ccc12)C(F)(F)F,PAYMDEBFVGXYPL-CQSZACIVSA-N,True,True,True,371.309,4.3533,57.78,2,3,3,0.5315,2.493,O=c1[nH]ccc2ncc3ccccc3c12,6,False,False,True,rdkit_reaction_aryl_F
CAND_c2082aa267,rdkit,JAK2_21004599ab,CC(C)[C@@H](Nc1nc2cc(F)[nH]c(=O)c2c2cc(F)ccc12)C(F)(F)F,IILMWSJANFPKGN-CQSZACIVSA-N,True,True,True,371.309,4.3533,57.78,2,3,3,0.4088,2.493,O=c1[nH]ccc2ncc3ccccc3c12,6,False,False,True,rdkit_reaction_aryl_F
CAND_81e68cc82f,rdkit,JAK2_21004599ab,CC(C)[C@@H](Nc1nc2cc[nH]c(=O)c2c2c(F)c(F)ccc12)C(F)(F)F,VBVVCFFPIJYLIV-CQSZACIVSA-N,True,True,True,371.309,4.3533,57.78,2,3,3,0.5315,2.493,O=c1[nH]ccc2ncc3ccccc3c12,6,False,False,True,rdkit_reaction_aryl_F
CAND_94507f2bd2,rdkit,JAK2_21004599ab,CC(C)[C@@H](Nc1nc2cc[nH]c(=O)c2c2cc(F)c(F)cc12)C(F)(F)F,ZTYUFHCUYFELCX-CQSZACIVSA-N,True,True,True,371.309,4.3533,57.78,2,3,3,0.5315,2.493,O=c1[nH]ccc2ncc3ccccc3c12,6,False,False,True,rdkit_reaction_aryl_F
CAND_6a0b280094,rdkit,JAK2_21004599ab,CC(C)[C@@H](Nc1nc2cc[nH]c(=O)c2c2cc(F)cc(F)c12)C(F)(F)F,GVXBEKLYSWBWFS-CQSZACIVSA-N,True,True,True,371.309,4.3533,57.78,2,3,3,0.5315,2.493,O=c1[nH]ccc2ncc3ccccc3c12,6,False,False,True,rdkit_reaction_aryl_F
CAND_6afc6448c4,rdkit,JAK2_ec117125df,C[C@H](Nc1nc(F)c(C(N)=O)c2[nH]c3cc(-c4cnn(C)c4)ccc3c12)C1CC1,COSVREJDOLHCBL-JTQLQIEISA-N,True,True,True,392.438,3.565,101.62,3,4,5,0.452,3.311,c1cc2[nH]c3cc(-c4cn[nH]c4)ccc3c2c(NCC2CC2)n1,6,False,False,True,rdkit_reaction_aryl_F
CAND_38fa60a4b5,rdkit,JAK2_ec117125df,C[C@H](Nc1ncc(C(N)=O)c2[nH]c3c(F)c(-c4cnn(C)c4)ccc3c12)C1CC1,PCTVXIFAZPSLBA-JTQLQIEISA-N,True,True,True,392.438,3.565,101.62,3,4,5,0.4832,3.311,c1cc2[nH]c3cc(-c4cn[nH]c4)ccc3c2c(NCC2CC2)n1,6,False,False,True,rdkit_reaction_aryl_F
CAND_373d7303a5,rdkit,JAK2_ec117125df,C[C@H](Nc1ncc(C(N)=O)c2[nH]c3cc(-c4cn(C)nc4F)ccc3c12)C1CC1,BLEQYVVZFDANGH-JTQLQIEISA-N,True,True,True,392.438,3.565,101.62,3,4,5,0.4832,3.311,c1cc2[nH]c3cc(-c4cn[nH]c4)ccc3c2c(NCC2CC2)n1,6,False,False,True,rdkit_reaction_aryl_F
CAND_b0c00848da,rdkit,JAK2_ec117125df,C[C@H](Nc1ncc(C(N)=O)c2[nH]c3cc(-c4cnn(C)c4F)ccc3c12)C1CC1,YFCLSSAWBBDEES-JTQLQIEISA-N,True,True,True,392.438,3.565,101.62,3,4,5,0.4832,3.311,c1cc2[nH]c3cc(-c4cn[nH]c4)ccc3c2c(NCC2CC2)n1,6,False,False,True,rdkit_reaction_aryl_F
CAND_e975a466f2,rdkit,JAK2_ec117125df,C[C@H](Nc1ncc(C(N)=O)c2[nH]c3cc(-c4cnn(C)c4)c(F)cc3c12)C1CC1,YDFGLLHNINDCDB-JTQLQIEISA-N,True,True,True,392.438,3.565,101.62,3,4,5,0.4832,3.311,c1cc2[nH]c3cc(-c4cn[nH]c4)ccc3c2c(NCC2CC2)n1,6,False,False,True,rdkit_reaction_aryl_F
CAND_11d33431dd,rdkit,JAK2_9befca631f,CC(C)[C@@H](Nc1nc2c(F)c[nH]c(=O)c2c2cnccc12)C(F)(F)F,FHADFICXHDXNOT-CYBMUJFWSA-N,True,True,True,354.307,3.6092,70.67,2,4,3,0.5568,2.399,O=c1[nH]ccc2ncc3ccncc3c12,6,False,False,True,rdkit_reaction_aryl_F
CAND_ee91b0d7e6,rdkit,JAK2_9befca631f,CC(C)[C@@H](Nc1nc2cc(F)[nH]c(=O)c2c2cnccc12)C(F)(F)F,RFESQGLDPNATRH-CYBMUJFWSA-N,True,True,True,354.307,3.6092,70.67,2,4,3,0.4282,2.399,O=c1[nH]ccc2ncc3ccncc3c12,6,False,False,True,rdkit_reaction_aryl_F
CAND_a1b300a0fd,rdkit,JAK2_9befca631f,CC(C)[C@@H](Nc1nc2cc[nH]c(=O)c2c2c(F)nccc12)C(F)(F)F,WDFMHBRGNDKOGH-GFCCVEGCSA-N,True,True,True,354.307,3.6092,70.67,2,4,3,0.4282,2.399,O=c1[nH]ccc2ncc3ccncc3c12,6,False,False,True,rdkit_reaction_aryl_F
CAND_e3e59670ea,rdkit,JAK2_9befca631f,CC(C)[C@@H](Nc1nc2cc[nH]c(=O)c2c2cnc(F)cc12)C(F)(F)F,MMQZBVYCOIBZBC-CYBMUJFWSA-N,True,True,True,354.307,3.6092,70.67,2,4,3,0.4282,2.399,O=c1[nH]ccc2ncc3ccncc3c12,6,False,False,True,rdkit_reaction_aryl_F
CAND_c01975e636,rdkit,JAK2_9befca631f,CC(C)[C@@H](Nc1nc2cc[nH]c(=O)c2c2cncc(F)c12)C(F)(F)F,AOHHBXQJLAGMKV-CYBMUJFWSA-N,True,True,True,354.307,3.6092,70.67,2,4,3,0.5568,2.399,O=c1[nH]ccc2ncc3ccncc3c12,6,False,False,True,rdkit_reaction_aryl_F
CAND_109dc72aa6,rdkit,JAK2_dbe7510318,O=C(Nc1c(-c2nc3ccc(CN4CCOCC4)cc3[nH]2)n[nH]c1F)NC1CC1,GFHZZMZTDWDKEP-UHFFFAOYSA-N,True,True,True,399.43,2.2082,110.96,4,5,5,0.5257,3.1,O=C(Nc1c[nH]nc1-c1nc2ccc(CN3CCOCC3)cc2[nH]1)NC1CC1,6,False,False,True,rdkit_reaction_aryl_F
CAND_614e9f97bf,rdkit,JAK2_dbe7510318,O=C(Nc1c[nH]nc1-c1nc2c(F)cc(CN3CCOCC3)cc2[nH]1)NC1CC1,YJPXGZJTULEDQC-UHFFFAOYSA-N,True,True,True,399.43,2.2082,110.96,4,5,5,0.5257,3.1,O=C(Nc1c[nH]nc1-c1nc2ccc(CN3CCOCC3)cc2[nH]1)NC1CC1,6,False,False,True,rdkit_reaction_aryl_F
CAND_b6a48483b1,rdkit,JAK2_dbe7510318,O=C(Nc1c[nH]nc1-c1nc2cc(F)c(CN3CCOCC3)cc2[nH]1)NC1CC1,DZEYZZKYSOJKQX-UHFFFAOYSA-N,True,True,True,399.43,2.2082,110.96,4,5,5,0.5257,3.1,O=C(Nc1c[nH]nc1-c1nc2ccc(CN3CCOCC3)cc2[nH]1)NC1CC1,6,False,False,True,rdkit_reaction_aryl_F
CAND_bd3042209f,rdkit,JAK2_dbe7510318,O=C(Nc1c[nH]nc1-c1nc2ccc(CN3CCOCC3)c(F)c2[nH]1)NC1CC1,JQIQTMSKZCTGJJ-UHFFFAOYSA-N,True,True,True,399.43,2.2082,110.96,4,5,5,0.5257,3.1,O=C(Nc1c[nH]nc1-c1nc2ccc(CN3CCOCC3)cc2[nH]1)NC1CC1,6,False,False,True,rdkit_reaction_aryl_F
CAND_1f5cf81bb8,rdkit,JAK2_dbe7510318,O=C(Nc1c(-c2nc3ccc(CN4CCOCC4)cc3[nH]2)n[nH]c1Cl)NC1CC1,ILNHPBSXQMMUPJ-UHFFFAOYSA-N,True,True,True,415.885,2.7225,110.96,4,5,5,0.5117,3.191,O=C(Nc1c[nH]nc1-c1nc2ccc(CN3CCOCC3)cc2[nH]1)NC1CC1,6,False,False,True,rdkit_reaction_aryl_Cl
CAND_f4ce4ddf43,rdkit,JAK2_071bd53e13,CC(C)(C)c1nc2c([nH]1)c1cc[nH]c(=O)c1c1cc(F)cc(F)c12,UESVBJIYUORJLY-UHFFFAOYSA-N,True,True,True,327.334,4.1333,61.54,2,2,0,0.477,2.0,O=c1[nH]ccc2c3[nH]cnc3c3ccccc3c12,6,False,False,True,rdkit_reaction_aryl_F
CAND_3a8fd34d0b,rdkit,JAK2_071bd53e13,CC(C)(C)c1nc2c3cc(F)c(F)cc3c3c(=O)[nH]ccc3c2[nH]1,LSMIBCWFYUCWGO-UHFFFAOYSA-N,True,True,True,327.334,4.1333,61.54,2,2,0,0.477,2.0,O=c1[nH]ccc2c3[nH]cnc3c3ccccc3c12,6,False,False,True,rdkit_reaction_aryl_F
CAND_971f2f84fa,rdkit,JAK2_071bd53e13,CC(C)(C)c1nc2c3ccc(F)c(F)c3c3c(=O)[nH]ccc3c2[nH]1,SFQZPGGYCFIYOM-UHFFFAOYSA-N,True,True,True,327.334,4.1333,61.54,2,2,0,0.477,2.0,O=c1[nH]ccc2c3[nH]cnc3c3ccccc3c12,6,False,False,True,rdkit_reaction_aryl_F
CAND_683c4abcd4,rdkit,JAK2_071bd53e13,CC(C)(C)c1nc2c3ccc(F)cc3c3c(=O)[nH]c(F)cc3c2[nH]1,BQODKJJPYJZTOX-UHFFFAOYSA-N,True,True,True,327.334,4.1333,61.54,2,2,0,0.3767,2.0,O=c1[nH]ccc2c3[nH]cnc3c3ccccc3c12,6,False,False,True,rdkit_reaction_aryl_F
CAND_23f2c6ae02,rdkit,JAK2_071bd53e13,CC(C)(C)c1nc2c3ccc(F)cc3c3c(=O)[nH]cc(F)c3c2[nH]1,KIAIJRBHUAMQTD-UHFFFAOYSA-N,True,True,True,327.334,4.1333,61.54,2,2,0,0.477,2.0,O=c1[nH]ccc2c3[nH]cnc3c3ccccc3c12,6,False,False,True,rdkit_reaction_aryl_F
CAND_41afab5d69,rdkit,JAK2_d95b4cdfb1,CNC(=O)c1c(F)nc(N)c2cc(-c3ccc(S(=O)(=O)NC(C)(C)C)cc3)sc12,XKCBWHUFWVTUQS-UHFFFAOYSA-N,True,True,True,436.534,3.121,114.18,3,6,4,0.5439,2.731,c1ccc(-c2cc3cnccc3s2)cc1,6,False,False,True,rdkit_reaction_aryl_F
CAND_7bf5b1abd7,rdkit,JAK2_d95b4cdfb1,CNC(=O)c1cnc(N)c2c(F)c(-c3ccc(S(=O)(=O)NC(C)(C)C)cc3)sc12,CASJZIJVYXDPOH-UHFFFAOYSA-N,True,True,True,436.534,3.121,114.18,3,6,4,0.5814,2.731,c1ccc(-c2cc3cnccc3s2)cc1,6,False,False,True,rdkit_reaction_aryl_F
CAND_2e39a7628d,rdkit,JAK2_d95b4cdfb1,CNC(=O)c1cnc(N)c2cc(-c3ccc(S(=O)(=O)NC(C)(C)C)cc3F)sc12,RPNUXFLXOXSUOY-UHFFFAOYSA-N,True,True,True,436.534,3.121,114.18,3,6,4,0.5814,2.731,c1ccc(-c2cc3cnccc3s2)cc1,6,False,False,True,rdkit_reaction_aryl_F
CAND_a5eb9c2d0b,rdkit,JAK2_d95b4cdfb1,CNC(=O)c1cnc(N)c2cc(-c3ccc(S(=O)(=O)NC(C)(C)C)c(F)c3)sc12,VGBKLFHUFNXYNB-UHFFFAOYSA-N,True,True,True,436.534,3.121,114.18,3,6,4,0.5814,2.731,c1ccc(-c2cc3cnccc3s2)cc1,6,False,False,True,rdkit_reaction_aryl_F
CAND_ee8ffef249,rdkit,JAK2_d95b4cdfb1,CNC(=O)c1c(Cl)nc(N)c2cc(-c3ccc(S(=O)(=O)NC(C)(C)C)cc3)sc12,QUFVIVPROGXUCN-UHFFFAOYSA-N,True,True,True,452.989,3.6353,114.18,3,6,4,0.5227,2.822,c1ccc(-c2cc3cnccc3s2)cc1,6,False,False,True,rdkit_reaction_aryl_Cl
CAND_dc610fc98a,rdkit,JAK2_2208c21560,C[C@H](O)CN1CCN(c2c(F)cc(Nc3ncc4ccc(-c5ccccc5N(C)S(C)(=O)=O)n4n3)cc2F)CC1,CIWNUGHCHMSHQV-SFHVURJKSA-N,True,True,True,571.654,3.3167,106.31,2,8,8,0.332,4.681,c1ccc(-c2ccc3cnc(Nc4ccc(N5CCNCC5)cc4)nn23)cc1,6,False,False,True,rdkit_reaction_aryl_F
CAND_1de72d40fe,rdkit,JAK2_2208c21560,C[C@H](O)CN1CCN(c2cc(F)c(Nc3ncc4ccc(-c5ccccc5N(C)S(C)(=O)=O)n4n3)cc2F)CC1,HDPANDPHTIZLQJ-SFHVURJKSA-N,True,True,True,571.654,3.3167,106.31,2,8,8,0.332,4.681,c1ccc(-c2ccc3cnc(Nc4ccc(N5CCNCC5)cc4)nn23)cc1,6,False,False,True,rdkit_reaction_aryl_F
CAND_726e32be00,rdkit,JAK2_2208c21560,C[C@H](O)CN1CCN(c2ccc(Nc3nc(F)c4ccc(-c5ccccc5N(C)S(C)(=O)=O)n4n3)cc2F)CC1,HDFIOQWGJYMMKW-SFHVURJKSA-N,True,True,True,571.654,3.3167,106.31,2,8,8,0.332,4.681,c1ccc(-c2ccc3cnc(Nc4ccc(N5CCNCC5)cc4)nn23)cc1,6,False,False,True,rdkit_reaction_aryl_F
CAND_3623584634,rdkit,JAK2_2208c21560,C[C@H](O)CN1CCN(c2ccc(Nc3ncc4c(F)cc(-c5ccccc5N(C)S(C)(=O)=O)n4n3)cc2F)CC1,UZVRBRZKEKYMRS-SFHVURJKSA-N,True,True,True,571.654,3.3167,106.31,2,8,8,0.332,4.681,c1ccc(-c2ccc3cnc(Nc4ccc(N5CCNCC5)cc4)nn23)cc1,6,False,False,True,rdkit_reaction_aryl_F
CAND_ba863c402c,rdkit,JAK2_2208c21560,C[C@H](O)CN1CCN(c2ccc(Nc3ncc4cc(F)c(-c5ccccc5N(C)S(C)(=O)=O)n4n3)cc2F)CC1,GCVBTOWDFFFJDW-SFHVURJKSA-N,True,True,True,571.654,3.3167,106.31,2,8,8,0.332,4.681,c1ccc(-c2ccc3cnc(Nc4ccc(N5CCNCC5)cc4)nn23)cc1,6,False,False,True,rdkit_reaction_aryl_F
CAND_941e80d40e,rdkit,JAK2_1c241344ac,Cc1[nH]nc(Nc2nc(N3CCN(C(=O)Cc4c(F)cc(Cl)cc4F)CC3)nn3cccc23)c1F,JDFVEUSLYBHTSE-UHFFFAOYSA-N,True,True,True,504.904,3.4664,94.45,2,6,5,0.4321,3.686,O=C(Cc1ccccc1)N1CCN(c2nc(Nc3cc[nH]n3)c3cccn3n2)CC1,6,False,False,True,rdkit_reaction_aryl_F
CAND_fa7eaf1c31,rdkit,JAK2_1c241344ac,Cc1cc(Nc2nc(N3CCN(C(=O)Cc4c(F)cc(Cl)c(F)c4F)CC3)nn3cccc23)n[nH]1,KPIHDRLTLJRMBO-UHFFFAOYSA-N,True,True,True,504.904,3.4664,94.45,2,6,5,0.3192,3.686,O=C(Cc1ccccc1)N1CCN(c2nc(Nc3cc[nH]n3)c3cccn3n2)CC1,6,False,False,True,rdkit_reaction_aryl_F
CAND_69cb89e0de,rdkit,JAK2_1c241344ac,Cc1cc(Nc2nc(N3CCN(C(=O)Cc4c(F)cc(Cl)cc4F)CC3)nn3c(F)ccc23)n[nH]1,AHBJCVOVQRJYHF-UHFFFAOYSA-N,True,True,True,504.904,3.4664,94.45,2,6,5,0.4321,3.686,O=C(Cc1ccccc1)N1CCN(c2nc(Nc3cc[nH]n3)c3cccn3n2)CC1,6,False,False,True,rdkit_reaction_aryl_F
CAND_213e99802d,rdkit,JAK2_1c241344ac,Cc1cc(Nc2nc(N3CCN(C(=O)Cc4c(F)cc(Cl)cc4F)CC3)nn3cc(F)cc23)n[nH]1,IQWJQDLCCVZXHN-UHFFFAOYSA-N,True,True,True,504.904,3.4664,94.45,2,6,5,0.4321,3.686,O=C(Cc1ccccc1)N1CCN(c2nc(Nc3cc[nH]n3)c3cccn3n2)CC1,6,False,False,True,rdkit_reaction_aryl_F
CAND_0dc415d7b4,rdkit,JAK2_1c241344ac,Cc1cc(Nc2nc(N3CCN(C(=O)Cc4c(F)cc(Cl)cc4F)CC3)nn3ccc(F)c23)n[nH]1,UDMXVCWUAABHDR-UHFFFAOYSA-N,True,True,True,504.904,3.4664,94.45,2,6,5,0.4321,3.686,O=C(Cc1ccccc1)N1CCN(c2nc(Nc3cc[nH]n3)c3cccn3n2)CC1,6,False,False,True,rdkit_reaction_aryl_F
CAND_6b57987710,rdkit,JAK2_03f06fbf7f,NC(=O)c1c(F)nc(N[C@H](C2CC2)C(F)(F)F)c2c1[nH]c1cc(-c3cn[nH]c3)ccc12,QDTCHANFFKWBBU-MRXNPFEDSA-N,True,True,True,432.381,4.097,112.48,4,4,5,0.281,3.533,c1cc2[nH]c3cc(-c4cn[nH]c4)ccc3c2c(NCC2CC2)n1,6,False,False,True,rdkit_reaction_aryl_F
CAND_10c396e0d0,rdkit,JAK2_03f06fbf7f,NC(=O)c1cnc(N[C@H](C2CC2)C(F)(F)F)c2c1[nH]c1c(F)c(-c3cn[nH]c3)ccc12,DXIXMXAIPCRHMP-QGZVFWFLSA-N,True,True,True,432.381,4.097,112.48,4,4,5,0.3558,3.533,c1cc2[nH]c3cc(-c4cn[nH]c4)ccc3c2c(NCC2CC2)n1,6,False,False,True,rdkit_reaction_aryl_F
CAND_d4a3c38809,rdkit,JAK2_03f06fbf7f,NC(=O)c1cnc(N[C@H](C2CC2)C(F)(F)F)c2c1[nH]c1cc(-c3c[nH]nc3F)ccc12,OUTDLZXFRHGKML-MRXNPFEDSA-N,True,True,True,432.381,4.097,112.48,4,4,5,0.3558,3.533,c1cc2[nH]c3cc(-c4cn[nH]c4)ccc3c2c(NCC2CC2)n1,6,False,False,True,rdkit_reaction_aryl_F
CAND_5ecfafaa96,rdkit,JAK2_03f06fbf7f,NC(=O)c1cnc(N[C@H](C2CC2)C(F)(F)F)c2c1[nH]c1cc(-c3cn[nH]c3)c(F)cc12,TZVFIOUNKMPWAJ-QGZVFWFLSA-N,True,True,True,432.381,4.097,112.48,4,4,5,0.3558,3.533,c1cc2[nH]c3cc(-c4cn[nH]c4)ccc3c2c(NCC2CC2)n1,6,False,False,True,rdkit_reaction_aryl_F
CAND_7acf608983,rdkit,JAK2_03f06fbf7f,NC(=O)c1cnc(N[C@H](C2CC2)C(F)(F)F)c2c1[nH]c1cc(-c3cn[nH]c3)cc(F)c12,UBWSDGPAOCIRMI-QGZVFWFLSA-N,True,True,True,432.381,4.097,112.48,4,4,5,0.3558,3.533,c1cc2[nH]c3cc(-c4cn[nH]c4)ccc3c2c(NCC2CC2)n1,6,False,False,True,rdkit_reaction_aryl_F
CAND_dec77f8075,rdkit,JAK2_7888931f4a,NC(=O)c1c(F)nc(NC(C2CC2)C2CC2)c2c1[nH]c1cc(-c3cnc(N)nc3)ccc12,RFDJOZKBCZPJCY-UHFFFAOYSA-N,True,True,True,431.475,3.5938,135.6,4,6,6,0.3446,3.403,c1ncc(-c2ccc3c(c2)[nH]c2ccnc(NC(C4CC4)C4CC4)c23)cn1,6,False,False,True,rdkit_reaction_aryl_F
CAND_47145261d0,rdkit,JAK2_7888931f4a,NC(=O)c1cnc(NC(C2CC2)C2CC2)c2c1[nH]c1c(F)c(-c3cnc(N)nc3)ccc12,HXMJLGYWLMGAMY-UHFFFAOYSA-N,True,True,True,431.475,3.5938,135.6,4,6,6,0.3683,3.403,c1ncc(-c2ccc3c(c2)[nH]c2ccnc(NC(C4CC4)C4CC4)c23)cn1,6,False,False,True,rdkit_reaction_aryl_F
CAND_fb12e07247,rdkit,JAK2_7888931f4a,NC(=O)c1cnc(NC(C2CC2)C2CC2)c2c1[nH]c1cc(-c3cnc(N)nc3F)ccc12,FECGDBOTTTWNKI-UHFFFAOYSA-N,True,True,True,431.475,3.5938,135.6,4,6,6,0.3446,3.403,c1ncc(-c2ccc3c(c2)[nH]c2ccnc(NC(C4CC4)C4CC4)c23)cn1,6,False,False,True,rdkit_reaction_aryl_F
CAND_6098bba147,rdkit,JAK2_7888931f4a,NC(=O)c1cnc(NC(C2CC2)C2CC2)c2c1[nH]c1cc(-c3cnc(N)nc3)c(F)cc12,GNJNNAGFEJGIRW-UHFFFAOYSA-N,True,True,True,431.475,3.5938,135.6,4,6,6,0.3683,3.403,c1ncc(-c2ccc3c(c2)[nH]c2ccnc(NC(C4CC4)C4CC4)c23)cn1,6,False,False,True,rdkit_reaction_aryl_F
CAND_e74666da22,rdkit,JAK2_7888931f4a,NC(=O)c1cnc(NC(C2CC2)C2CC2)c2c1[nH]c1cc(-c3cnc(N)nc3)cc(F)c12,PHPORSZDIOPNGB-UHFFFAOYSA-N,True,True,True,431.475,3.5938,135.6,4,6,6,0.3683,3.403,c1ncc(-c2ccc3c(c2)[nH]c2ccnc(NC(C4CC4)C4CC4)c23)cn1,6,False,False,True,rdkit_reaction_aryl_F
CAND_1baa650670,rdkit,JAK2_9959650146,Cc1cc(Nc2nc(N3CCN(C(=O)Cc4ccc(C)c(F)c4)CC3)nn3cccc23)n[nH]1,MMQGITZOIFFGFY-UHFFFAOYSA-N,True,True,True,448.506,2.8432,94.45,2,6,5,0.4877,3.372,O=C(Cc1ccccc1)N1CCN(c2nc(Nc3cc[nH]n3)c3cccn3n2)CC1,6,False,False,True,rdkit_reaction_aryl_F
CAND_ada0efcadb,rdkit,JAK2_9959650146,Cc1ccc(CC(=O)N2CCN(c3nc(Nc4cc(C)[nH]n4)c4cccn4n3)CC2)c(F)c1,RRFGWVOKOIZAIK-UHFFFAOYSA-N,True,True,True,448.506,2.8432,94.45,2,6,5,0.4877,3.372,O=C(Cc1ccccc1)N1CCN(c2nc(Nc3cc[nH]n3)c3cccn3n2)CC1,6,False,False,True,rdkit_reaction_aryl_F
CAND_5622d300fc,rdkit,JAK2_9959650146,Cc1ccc(CC(=O)N2CCN(c3nc(Nc4n[nH]c(C)c4F)c4cccn4n3)CC2)cc1,BUZIWHATVKCWBV-UHFFFAOYSA-N,True,True,True,448.506,2.8432,94.45,2,6,5,0.4877,3.372,O=C(Cc1ccccc1)N1CCN(c2nc(Nc3cc[nH]n3)c3cccn3n2)CC1,6,False,False,True,rdkit_reaction_aryl_F
CAND_ca4744cb61,rdkit,JAK2_9959650146,Cc1ccc(CC(=O)N2CCN(c3nc(Nc4cc(C)[nH]n4)c4c(F)ccn4n3)CC2)cc1,YFUMUUWNHVYGEW-UHFFFAOYSA-N,True,True,True,448.506,2.8432,94.45,2,6,5,0.4877,3.372,O=C(Cc1ccccc1)N1CCN(c2nc(Nc3cc[nH]n3)c3cccn3n2)CC1,6,False,False,True,rdkit_reaction_aryl_F
CAND_747e4789e3,rdkit,JAK2_9959650146,Cc1ccc(CC(=O)N2CCN(c3nc(Nc4cc(C)[nH]n4)c4cc(F)cn4n3)CC2)cc1,QSCNZXUAONYQDC-UHFFFAOYSA-N,True,True,True,448.506,2.8432,94.45,2,6,5,0.4877,3.372,O=C(Cc1ccccc1)N1CCN(c2nc(Nc3cc[nH]n3)c3cccn3n2)CC1,6,False,False,True,rdkit_reaction_aryl_F
CAND_0905079945,rdkit,JAK2_bbc5da8cb1,CS(=O)(=O)c1ccc(-c2cccn3nc(Nc4cccc(N5CCC(N6CCOCC6)CC5)c4)nc23)cc1F,ZMSXXXWNWZAKHQ-UHFFFAOYSA-N,True,True,True,550.66,3.9835,92.07,1,8,6,0.3856,4.065,c1ccc(-c2cccn3nc(Nc4cccc(N5CCC(N6CCOCC6)CC5)c4)nc23)cc1,6,False,False,True,rdkit_reaction_aryl_F
CAND_43c75c702a,rdkit,JAK2_bbc5da8cb1,CS(=O)(=O)c1ccc(-c2cccn3nc(Nc4cccc(N5CCC(N6CCOCC6)CC5)c4)nc23)c(F)c1,XHIOTCWPODGGJA-UHFFFAOYSA-N,True,True,True,550.66,3.9835,92.07,1,8,6,0.3856,4.065,c1ccc(-c2cccn3nc(Nc4cccc(N5CCC(N6CCOCC6)CC5)c4)nc23)cc1,6,False,False,True,rdkit_reaction_aryl_F
CAND_8d21e70e5b,rdkit,JAK2_bbc5da8cb1,CS(=O)(=O)c1ccc(-c2c(F)ccn3nc(Nc4cccc(N5CCC(N6CCOCC6)CC5)c4)nc23)cc1,CFHCTLWJZYOQOT-UHFFFAOYSA-N,True,True,True,550.66,3.9835,92.07,1,8,6,0.3856,4.065,c1ccc(-c2cccn3nc(Nc4cccc(N5CCC(N6CCOCC6)CC5)c4)nc23)cc1,6,False,False,True,rdkit_reaction_aryl_F
CAND_d18f56777e,rdkit,JAK2_bbc5da8cb1,CS(=O)(=O)c1ccc(-c2cc(F)cn3nc(Nc4cccc(N5CCC(N6CCOCC6)CC5)c4)nc23)cc1,YPAAAPLCYDYEHK-UHFFFAOYSA-N,True,True,True,550.66,3.9835,92.07,1,8,6,0.3856,4.065,c1ccc(-c2cccn3nc(Nc4cccc(N5CCC(N6CCOCC6)CC5)c4)nc23)cc1,6,False,False,True,rdkit_reaction_aryl_F
CAND_6e0a13fb32,rdkit,JAK2_bbc5da8cb1,CS(=O)(=O)c1ccc(-c2ccc(F)n3nc(Nc4cccc(N5CCC(N6CCOCC6)CC5)c4)nc23)cc1,FMDMYMZXQFPTJQ-UHFFFAOYSA-N,True,True,True,550.66,3.9835,92.07,1,8,6,0.3607,4.065,c1ccc(-c2cccn3nc(Nc4cccc(N5CCC(N6CCOCC6)CC5)c4)nc23)cc1,6,False,False,True,rdkit_reaction_aryl_F
CAND_cffbbcceb7,rdkit,JAK2_dc987bb327,CN1CCN(c2c(F)cc(Nc3ncc4ccc(-c5ccccc5N(C)S(C)(=O)=O)n4n3)cc2Cl)CC1,KHMOGEHVQQVJMF-UHFFFAOYSA-N,True,True,True,544.056,4.08,86.08,1,7,6,0.392,4.028,c1ccc(-c2ccc3cnc(Nc4ccc(N5CCNCC5)cc4)nn23)cc1,6,False,False,True,rdkit_reaction_aryl_F
CAND_3c1a1b2909,rdkit,JAK2_dc987bb327,CN1CCN(c2cc(F)c(Nc3ncc4ccc(-c5ccccc5N(C)S(C)(=O)=O)n4n3)cc2Cl)CC1,NKLLDZNWBRKZNO-UHFFFAOYSA-N,True,True,True,544.056,4.08,86.08,1,7,6,0.392,4.028,c1ccc(-c2ccc3cnc(Nc4ccc(N5CCNCC5)cc4)nn23)cc1,6,False,False,True,rdkit_reaction_aryl_F
CAND_e33caa02b9,rdkit,JAK2_dc987bb327,CN1CCN(c2ccc(Nc3nc(F)c4ccc(-c5ccccc5N(C)S(C)(=O)=O)n4n3)cc2Cl)CC1,DTADEZPXBVSRNH-UHFFFAOYSA-N,True,True,True,544.056,4.08,86.08,1,7,6,0.392,4.028,c1ccc(-c2ccc3cnc(Nc4ccc(N5CCNCC5)cc4)nn23)cc1,6,False,False,True,rdkit_reaction_aryl_F
CAND_17409d174a,rdkit,JAK2_dc987bb327,CN1CCN(c2ccc(Nc3ncc4c(F)cc(-c5ccccc5N(C)S(C)(=O)=O)n4n3)cc2Cl)CC1,VTCCYFAIWLAXCH-UHFFFAOYSA-N,True,True,True,544.056,4.08,86.08,1,7,6,0.392,4.028,c1ccc(-c2ccc3cnc(Nc4ccc(N5CCNCC5)cc4)nn23)cc1,6,False,False,True,rdkit_reaction_aryl_F
CAND_f8ac28d3e2,rdkit,JAK2_dc987bb327,CN1CCN(c2ccc(Nc3ncc4cc(F)c(-c5ccccc5N(C)S(C)(=O)=O)n4n3)cc2Cl)CC1,XCMZYIOYGBLJEE-UHFFFAOYSA-N,True,True,True,544.056,4.08,86.08,1,7,6,0.392,4.028,c1ccc(-c2ccc3cnc(Nc4ccc(N5CCNCC5)cc4)nn23)cc1,6,False,False,True,rdkit_reaction_aryl_F
CAND_9602cd0e27,rdkit,JAK2_70edd2cf07,Cn1nc(-c2nc3c(C(=O)N[C@@H](C(=O)N4CC(C#N)C4)C4CC4)c[nH]c3nc2F)c2ccc(Cl)cc21,SPYXXDFPFNKMID-QGZVFWFLSA-N,True,True,True,506.929,2.7945,132.59,2,6,5,0.4274,3.947,O=C(N[C@@H](C(=O)N1CCC1)C1CC1)c1c[nH]c2ncc(-c3n[nH]c4ccccc34)nc12,6,False,False,True,rdkit_reaction_aryl_F
CAND_239e2bb85b,rdkit,JAK2_70edd2cf07,Cn1nc(-c2cnc3[nH]c(F)c(C(=O)N[C@@H](C(=O)N4CC(C#N)C4)C4CC4)c3n2)c2ccc(Cl)cc21,IRSLXBNKUNSLSU-GOSISDBHSA-N,True,True,True,506.929,2.7945,132.59,2,6,5,0.4274,3.947,O=C(N[C@@H](C(=O)N1CCC1)C1CC1)c1c[nH]c2ncc(-c3n[nH]c4ccccc34)nc12,6,False,False,True,rdkit_reaction_aryl_F
CAND_de9087e09a,rdkit,JAK2_70edd2cf07,Cn1nc(-c2cnc3[nH]cc(C(=O)N[C@@H](C(=O)N4CC(C#N)C4)C4CC4)c3n2)c2c(F)cc(Cl)cc21,RHYGRGBYIZZMLM-LJQANCHMSA-N,True,True,True,506.929,2.7945,132.59,2,6,5,0.4274,3.947,O=C(N[C@@H](C(=O)N1CCC1)C1CC1)c1c[nH]c2ncc(-c3n[nH]c4ccccc34)nc12,6,False,False,True,rdkit_reaction_aryl_F
CAND_0dc4eb4fa5,rdkit,JAK2_70edd2cf07,Cn1nc(-c2cnc3[nH]cc(C(=O)N[C@@H](C(=O)N4CC(C#N)C4)C4CC4)c3n2)c2cc(F)c(Cl)cc21,UKBUHHOZBOSZAY-LJQANCHMSA-N,True,True,True,506.929,2.7945,132.59,2,6,5,0.4274,3.947,O=C(N[C@@H](C(=O)N1CCC1)C1CC1)c1c[nH]c2ncc(-c3n[nH]c4ccccc34)nc12,6,False,False,True,rdkit_reaction_aryl_F
CAND_f50c8bd40a,rdkit,JAK2_70edd2cf07,Cn1nc(-c2cnc3[nH]cc(C(=O)N[C@@H](C(=O)N4CC(C#N)C4)C4CC4)c3n2)c2ccc(Cl)c(F)c21,XCLKLIYLSLLCHD-GOSISDBHSA-N,True,True,True,506.929,2.7945,132.59,2,6,5,0.4274,3.947,O=C(N[C@@H](C(=O)N1CCC1)C1CC1)c1c[nH]c2ncc(-c3n[nH]c4ccccc34)nc12,6,False,False,True,rdkit_reaction_aryl_F
CAND_0020dfc8d3,rdkit,JAK2_772111c41c,Cc1[nH]nc(Nc2nc(N3CCN(C(=O)c4ccccc4S(C)(=O)=O)CC3)nn3cccc23)c1F,MPLGGRSUGBYFEG-UHFFFAOYSA-N,True,True,True,498.544,2.0094,128.59,2,8,5,0.4277,3.65,O=C(c1ccccc1)N1CCN(c2nc(Nc3cc[nH]n3)c3cccn3n2)CC1,6,False,False,True,rdkit_reaction_aryl_F
CAND_2c6d173951,rdkit,JAK2_772111c41c,Cc1cc(Nc2nc(N3CCN(C(=O)c4c(F)cccc4S(C)(=O)=O)CC3)nn3cccc23)n[nH]1,NXLYKRXEESGRQC-UHFFFAOYSA-N,True,True,True,498.544,2.0094,128.59,2,8,5,0.4277,3.65,O=C(c1ccccc1)N1CCN(c2nc(Nc3cc[nH]n3)c3cccn3n2)CC1,6,False,False,True,rdkit_reaction_aryl_F
CAND_eb84424fb9,rdkit,JAK2_772111c41c,Cc1cc(Nc2nc(N3CCN(C(=O)c4cc(F)ccc4S(C)(=O)=O)CC3)nn3cccc23)n[nH]1,ZYVCZAHNYZMUBY-UHFFFAOYSA-N,True,True,True,498.544,2.0094,128.59,2,8,5,0.4001,3.65,O=C(c1ccccc1)N1CCN(c2nc(Nc3cc[nH]n3)c3cccn3n2)CC1,6,False,False,True,rdkit_reaction_aryl_F
CAND_9313fec30a,rdkit,JAK2_772111c41c,Cc1cc(Nc2nc(N3CCN(C(=O)c4ccc(F)cc4S(C)(=O)=O)CC3)nn3cccc23)n[nH]1,FIXJLXXOYABVQM-UHFFFAOYSA-N,True,True,True,498.544,2.0094,128.59,2,8,5,0.4277,3.65,O=C(c1ccccc1)N1CCN(c2nc(Nc3cc[nH]n3)c3cccn3n2)CC1,6,False,False,True,rdkit_reaction_aryl_F
CAND_21c058120c,rdkit,JAK2_772111c41c,Cc1cc(Nc2nc(N3CCN(C(=O)c4cccc(F)c4S(C)(=O)=O)CC3)nn3cccc23)n[nH]1,KORYZUOLSBXDKS-UHFFFAOYSA-N,True,True,True,498.544,2.0094,128.59,2,8,5,0.4277,3.65,O=C(c1ccccc1)N1CCN(c2nc(Nc3cc[nH]n3)c3cccn3n2)CC1,6,False,False,True,rdkit_reaction_aryl_F
CAND_2208c21560,rdkit,JAK2_797aa2ddf2,C[C@H](O)CN1CCN(c2ccc(Nc3ncc4ccc(-c5ccccc5N(C)S(C)(=O)=O)n4n3)cc2F)CC1,SZRIHXIBDWPIKZ-IBGZPJMESA-N,True,True,False,553.664,3.1776,106.31,2,8,8,0.3429,4.581,c1ccc(-c2ccc3cnc(Nc4ccc(N5CCNCC5)cc4)nn23)cc1,6,False,False,True,rdkit_reaction_aryl_F
CAND_df1815c25f,rdkit,JAK2_797aa2ddf2,C[C@H](O)CN1CCN(c2ccc(Nc3ncc4ccc(-c5ccccc5N(C)S(C)(=O)=O)n4n3)c(F)c2)CC1,RSJRPVLPOIMDFA-IBGZPJMESA-N,True,True,True,553.664,3.1776,106.31,2,8,8,0.3429,4.581,c1ccc(-c2ccc3cnc(Nc4ccc(N5CCNCC5)cc4)nn23)cc1,6,False,False,True,rdkit_reaction_aryl_F
CAND_fcbc410ebf,rdkit,JAK2_797aa2ddf2,C[C@H](O)CN1CCN(c2ccc(Nc3nc(F)c4ccc(-c5ccccc5N(C)S(C)(=O)=O)n4n3)cc2)CC1,CVZDHKAMTDBINL-IBGZPJMESA-N,True,True,True,553.664,3.1776,106.31,2,8,8,0.3429,4.581,c1ccc(-c2ccc3cnc(Nc4ccc(N5CCNCC5)cc4)nn23)cc1,6,False,False,True,rdkit_reaction_aryl_F
CAND_a9f0181461,rdkit,JAK2_797aa2ddf2,C[C@H](O)CN1CCN(c2ccc(Nc3ncc4c(F)cc(-c5ccccc5N(C)S(C)(=O)=O)n4n3)cc2)CC1,IJTHZGBLWLMISI-IBGZPJMESA-N,True,True,True,553.664,3.1776,106.31,2,8,8,0.3429,4.581,c1ccc(-c2ccc3cnc(Nc4ccc(N5CCNCC5)cc4)nn23)cc1,6,False,False,True,rdkit_reaction_aryl_F
CAND_80f5e7e5be,rdkit,JAK2_797aa2ddf2,C[C@H](O)CN1CCN(c2ccc(Nc3ncc4cc(F)c(-c5ccccc5N(C)S(C)(=O)=O)n4n3)cc2)CC1,RLWYJTWIDYGIME-IBGZPJMESA-N,True,True,True,553.664,3.1776,106.31,2,8,8,0.3429,4.581,c1ccc(-c2ccc3cnc(Nc4ccc(N5CCNCC5)cc4)nn23)cc1,6,False,False,True,rdkit_reaction_aryl_F
CAND_9e7db4d3fc,rdkit,JAK2_d3fbad0d44,COc1ccc(CC(=O)N2CCN(c3nc(Nc4cc(C)[nH]n4)c4cccn4n3)CC2)cc1F,GZEFJTIJDUVLOP-UHFFFAOYSA-N,True,True,True,464.505,2.5434,103.68,2,7,6,0.452,3.586,O=C(Cc1ccccc1)N1CCN(c2nc(Nc3cc[nH]n3)c3cccn3n2)CC1,6,False,False,True,rdkit_reaction_aryl_F
CAND_07d500124e,rdkit,JAK2_d3fbad0d44,COc1ccc(CC(=O)N2CCN(c3nc(Nc4cc(C)[nH]n4)c4cccn4n3)CC2)c(F)c1,FQORARAYLWHCAA-UHFFFAOYSA-N,True,True,True,464.505,2.5434,103.68,2,7,6,0.452,3.586,O=C(Cc1ccccc1)N1CCN(c2nc(Nc3cc[nH]n3)c3cccn3n2)CC1,6,False,False,True,rdkit_reaction_aryl_F
CAND_527ad17a14,rdkit,JAK2_d3fbad0d44,COc1ccc(CC(=O)N2CCN(c3nc(Nc4n[nH]c(C)c4F)c4cccn4n3)CC2)cc1,RGNZCRKSJWQEJW-UHFFFAOYSA-N,True,True,True,464.505,2.5434,103.68,2,7,6,0.452,3.586,O=C(Cc1ccccc1)N1CCN(c2nc(Nc3cc[nH]n3)c3cccn3n2)CC1,6,False,False,True,rdkit_reaction_aryl_F
CAND_29bc793ad5,rdkit,JAK2_d3fbad0d44,COc1ccc(CC(=O)N2CCN(c3nc(Nc4cc(C)[nH]n4)c4c(F)ccn4n3)CC2)cc1,YFBHTUQJGZQVGQ-UHFFFAOYSA-N,True,True,True,464.505,2.5434,103.68,2,7,6,0.452,3.586,O=C(Cc1ccccc1)N1CCN(c2nc(Nc3cc[nH]n3)c3cccn3n2)CC1,6,False,False,True,rdkit_reaction_aryl_F
CAND_d8a15b0795,rdkit,JAK2_d3fbad0d44,COc1ccc(CC(=O)N2CCN(c3nc(Nc4cc(C)[nH]n4)c4cc(F)cn4n3)CC2)cc1,NIPDTYCQSXPCIY-UHFFFAOYSA-N,True,True,True,464.505,2.5434,103.68,2,7,6,0.452,3.586,O=C(Cc1ccccc1)N1CCN(c2nc(Nc3cc[nH]n3)c3cccn3n2)CC1,6,False,False,True,rdkit_reaction_aryl_F
CAND_b8b7b8eb1c,rdkit,JAK2_14588c086c,CN1CCN(c2c(F)cc(Nc3ncc4ccc(-c5cccc(S(=O)(=O)NC(C)(C)C)c5)n4n3)cc2Cl)CC1,IFASDYVFXCPRAB-UHFFFAOYSA-N,True,True,True,572.11,4.761,94.87,2,7,6,0.3444,4.184,c1ccc(-c2ccc3cnc(Nc4ccc(N5CCNCC5)cc4)nn23)cc1,6,False,False,True,rdkit_reaction_aryl_F
CAND_3e34d45dfc,rdkit,JAK2_14588c086c,CN1CCN(c2cc(F)c(Nc3ncc4ccc(-c5cccc(S(=O)(=O)NC(C)(C)C)c5)n4n3)cc2Cl)CC1,QRHNXQDVRBDLDY-UHFFFAOYSA-N,True,True,True,572.11,4.761,94.87,2,7,6,0.3444,4.184,c1ccc(-c2ccc3cnc(Nc4ccc(N5CCNCC5)cc4)nn23)cc1,6,False,False,True,rdkit_reaction_aryl_F
CAND_4f2975e105,rdkit,JAK2_14588c086c,CN1CCN(c2ccc(Nc3nc(F)c4ccc(-c5cccc(S(=O)(=O)NC(C)(C)C)c5)n4n3)cc2Cl)CC1,LLQPMFZMJGOUJD-UHFFFAOYSA-N,True,True,True,572.11,4.761,94.87,2,7,6,0.3444,4.184,c1ccc(-c2ccc3cnc(Nc4ccc(N5CCNCC5)cc4)nn23)cc1,6,False,False,True,rdkit_reaction_aryl_F
CAND_bcb904049c,rdkit,JAK2_14588c086c,CN1CCN(c2ccc(Nc3ncc4c(F)cc(-c5cccc(S(=O)(=O)NC(C)(C)C)c5)n4n3)cc2Cl)CC1,BHAYITYKZFJIFR-UHFFFAOYSA-N,True,True,True,572.11,4.761,94.87,2,7,6,0.3444,4.184,c1ccc(-c2ccc3cnc(Nc4ccc(N5CCNCC5)cc4)nn23)cc1,6,False,False,True,rdkit_reaction_aryl_F
CAND_b04afc7a8c,rdkit,JAK2_14588c086c,CN1CCN(c2ccc(Nc3ncc4cc(F)c(-c5cccc(S(=O)(=O)NC(C)(C)C)c5)n4n3)cc2Cl)CC1,NUZXKGVPNIHYGI-UHFFFAOYSA-N,True,True,True,572.11,4.761,94.87,2,7,6,0.3444,4.184,c1ccc(-c2ccc3cnc(Nc4ccc(N5CCNCC5)cc4)nn23)cc1,6,False,False,True,rdkit_reaction_aryl_F
CAND_ad47e93e06,rdkit,JAK2_8b297816a9,CC(C)S(=O)(=O)c1ccc(-c2cccn3nc(Nc4cccc(N5CCN(C)CC5)c4)nc23)cc1F,WZBFZFZBLBTCJX-UHFFFAOYSA-N,True,True,True,508.623,4.2129,82.84,1,7,6,0.4177,3.831,c1ccc(-c2cccn3nc(Nc4cccc(N5CCNCC5)c4)nc23)cc1,6,False,False,True,rdkit_reaction_aryl_F
CAND_9253404325,rdkit,JAK2_8b297816a9,CC(C)S(=O)(=O)c1ccc(-c2cccn3nc(Nc4cccc(N5CCN(C)CC5)c4)nc23)c(F)c1,YVHNSAVKSNYFDJ-UHFFFAOYSA-N,True,True,True,508.623,4.2129,82.84,1,7,6,0.4177,3.831,c1ccc(-c2cccn3nc(Nc4cccc(N5CCNCC5)c4)nc23)cc1,6,False,False,True,rdkit_reaction_aryl_F
CAND_7fba31df75,rdkit,JAK2_8b297816a9,CC(C)S(=O)(=O)c1ccc(-c2c(F)ccn3nc(Nc4cccc(N5CCN(C)CC5)c4)nc23)cc1,JGUZFJCIXYDOQY-UHFFFAOYSA-N,True,True,True,508.623,4.2129,82.84,1,7,6,0.4177,3.831,c1ccc(-c2cccn3nc(Nc4cccc(N5CCNCC5)c4)nc23)cc1,6,False,False,True,rdkit_reaction_aryl_F
CAND_62e9e06226,rdkit,JAK2_8b297816a9,CC(C)S(=O)(=O)c1ccc(-c2cc(F)cn3nc(Nc4cccc(N5CCN(C)CC5)c4)nc23)cc1,AKLVYMPQTAHGGP-UHFFFAOYSA-N,True,True,True,508.623,4.2129,82.84,1,7,6,0.4177,3.831,c1ccc(-c2cccn3nc(Nc4cccc(N5CCNCC5)c4)nc23)cc1,6,False,False,True,rdkit_reaction_aryl_F
CAND_ea9e4a7af9,rdkit,JAK2_8b297816a9,CC(C)S(=O)(=O)c1ccc(-c2ccc(F)n3nc(Nc4cccc(N5CCN(C)CC5)c4)nc23)cc1,ZPNDITRSMRGECB-UHFFFAOYSA-N,True,True,True,508.623,4.2129,82.84,1,7,6,0.3908,3.831,c1ccc(-c2cccn3nc(Nc4cccc(N5CCNCC5)c4)nc23)cc1,6,False,False,True,rdkit_reaction_aryl_F
CAND_079bbada5d,rdkit,JAK2_0d061b421e,Cn1nc(-c2nc3c(C(=O)N[C@@H](C(=O)N4CC(C#N)C4)C(C)(C)C)c[nH]c3nc2F)c2ccc(Cl)cc21,NUOPQANTAMUKAE-FQEVSTJZSA-N,True,True,True,522.972,3.4306,132.59,2,6,4,0.4217,3.911,O=C(NCC(=O)N1CCC1)c1c[nH]c2ncc(-c3n[nH]c4ccccc34)nc12,6,False,False,True,rdkit_reaction_aryl_F
CAND_e68d8d7285,rdkit,JAK2_0d061b421e,Cn1nc(-c2cnc3[nH]c(F)c(C(=O)N[C@@H](C(=O)N4CC(C#N)C4)C(C)(C)C)c3n2)c2ccc(Cl)cc21,BYRKQVZAXRBJAN-FQEVSTJZSA-N,True,True,True,522.972,3.4306,132.59,2,6,4,0.4217,3.911,O=C(NCC(=O)N1CCC1)c1c[nH]c2ncc(-c3n[nH]c4ccccc34)nc12,6,False,False,True,rdkit_reaction_aryl_F
CAND_c2803f1242,rdkit,JAK2_0d061b421e,Cn1nc(-c2cnc3[nH]cc(C(=O)N[C@@H](C(=O)N4CC(C#N)C4)C(C)(C)C)c3n2)c2c(F)cc(Cl)cc21,IOIYJJVYIXKLFA-NRFANRHFSA-N,True,True,True,522.972,3.4306,132.59,2,6,4,0.4217,3.911,O=C(NCC(=O)N1CCC1)c1c[nH]c2ncc(-c3n[nH]c4ccccc34)nc12,6,False,False,True,rdkit_reaction_aryl_F
CAND_bb9682aaa1,rdkit,JAK2_0d061b421e,Cn1nc(-c2cnc3[nH]cc(C(=O)N[C@@H](C(=O)N4CC(C#N)C4)C(C)(C)C)c3n2)c2cc(F)c(Cl)cc21,DQAAPEUMPUVKRD-NRFANRHFSA-N,True,True,True,522.972,3.4306,132.59,2,6,4,0.4217,3.911,O=C(NCC(=O)N1CCC1)c1c[nH]c2ncc(-c3n[nH]c4ccccc34)nc12,6,False,False,True,rdkit_reaction_aryl_F
CAND_89710b71b1,rdkit,JAK2_0d061b421e,Cn1nc(-c2cnc3[nH]cc(C(=O)N[C@@H](C(=O)N4CC(C#N)C4)C(C)(C)C)c3n2)c2ccc(Cl)c(F)c21,ADXWMILLLPLNIW-NRFANRHFSA-N,True,True,True,522.972,3.4306,132.59,2,6,4,0.4217,3.911,O=C(NCC(=O)N1CCC1)c1c[nH]c2ncc(-c3n[nH]c4ccccc34)nc12,6,False,False,True,rdkit_reaction_aryl_F
CAND_20bb598852,rdkit,JAK2_cb5596e52c,CS(=O)(=O)c1ccc(-c2cccn3nc(Nc4ccc(S(C)(=O)=O)c(F)c4)nc23)cc1,ORDTTWLTJOYNAE-UHFFFAOYSA-N,True,True,True,460.512,3.086,110.5,1,7,5,0.4872,3.239,c1ccc(Nc2nc3c(-c4ccccc4)cccn3n2)cc1,6,False,False,True,rdkit_reaction_aryl_F
CAND_f8f4c2e545,rdkit,JAK2_cb5596e52c,CS(=O)(=O)c1ccc(-c2cccn3nc(Nc4ccc(S(C)(=O)=O)cc4F)nc23)cc1,NJRBIXWYWNXWDP-UHFFFAOYSA-N,True,True,True,460.512,3.086,110.5,1,7,5,0.4872,3.239,c1ccc(Nc2nc3c(-c4ccccc4)cccn3n2)cc1,6,False,False,True,rdkit_reaction_aryl_F
CAND_d80f1983e3,rdkit,JAK2_cb5596e52c,CS(=O)(=O)c1ccc(Nc2nc3c(-c4ccc(S(C)(=O)=O)cc4F)cccn3n2)cc1,RQQBFXXMLOJINH-UHFFFAOYSA-N,True,True,True,460.512,3.086,110.5,1,7,5,0.4872,3.239,c1ccc(Nc2nc3c(-c4ccccc4)cccn3n2)cc1,6,False,False,True,rdkit_reaction_aryl_F
CAND_6d15253400,rdkit,JAK2_cb5596e52c,CS(=O)(=O)c1ccc(Nc2nc3c(-c4ccc(S(C)(=O)=O)c(F)c4)cccn3n2)cc1,RZLXYWCWABZOEL-UHFFFAOYSA-N,True,True,True,460.512,3.086,110.5,1,7,5,0.4872,3.239,c1ccc(Nc2nc3c(-c4ccccc4)cccn3n2)cc1,6,False,False,True,rdkit_reaction_aryl_F
CAND_c32bf16dc2,rdkit,JAK2_cb5596e52c,CS(=O)(=O)c1ccc(Nc2nc3c(-c4ccc(S(C)(=O)=O)cc4)c(F)ccn3n2)cc1,KBGIRCWOUIGMKJ-UHFFFAOYSA-N,True,True,True,460.512,3.086,110.5,1,7,5,0.4872,3.239,c1ccc(Nc2nc3c(-c4ccccc4)cccn3n2)cc1,6,False,False,True,rdkit_reaction_aryl_F
CAND_ed9d65e84e,rdkit,JAK2_10b80be790,C[C@@H](Nc1ncnc(-c2c(N)nn3cccnc23)c1F)c1ccccc1,CHGREGZPXXPCTB-LLVKDONJSA-N,True,True,True,349.373,3.0807,94.02,2,6,4,0.5879,2.75,c1ccc(CNc2cc(-c3cnn4cccnc34)ncn2)cc1,6,False,False,True,rdkit_reaction_aryl_F
CAND_917434c9b4,rdkit,JAK2_10b80be790,C[C@@H](Nc1cc(-c2c(N)nn3c(F)ccnc23)ncn1)c1ccccc1,MINMURAWZFQMQV-LLVKDONJSA-N,True,True,True,349.373,3.0807,94.02,2,6,4,0.55,2.75,c1ccc(CNc2cc(-c3cnn4cccnc34)ncn2)cc1,6,False,False,True,rdkit_reaction_aryl_F
CAND_65dcdc6a99,rdkit,JAK2_10b80be790,C[C@@H](Nc1cc(-c2c(N)nn3cc(F)cnc23)ncn1)c1ccccc1,RHSRMYVWPUXFEE-LLVKDONJSA-N,True,True,True,349.373,3.0807,94.02,2,6,4,0.5879,2.75,c1ccc(CNc2cc(-c3cnn4cccnc34)ncn2)cc1,6,False,False,True,rdkit_reaction_aryl_F
CAND_b3641fbd01,rdkit,JAK2_10b80be790,C[C@@H](Nc1cc(-c2c(N)nn3ccc(F)nc23)ncn1)c1ccccc1,FUSCEGGMQMBEQD-LLVKDONJSA-N,True,True,True,349.373,3.0807,94.02,2,6,4,0.55,2.75,c1ccc(CNc2cc(-c3cnn4cccnc34)ncn2)cc1,6,False,False,True,rdkit_reaction_aryl_F
CAND_8af70a7406,rdkit,JAK2_10b80be790,C[C@@H](Nc1cc(-c2c(N)nn3cccnc23)nc(F)n1)c1ccccc1,XFRCVWGRDJNUOW-LLVKDONJSA-N,True,True,True,349.373,3.0807,94.02,2,6,4,0.55,2.75,c1ccc(CNc2cc(-c3cnn4cccnc34)ncn2)cc1,6,False,False,True,rdkit_reaction_aryl_F
CAND_ac7ed6422c,rdkit,JAK2_8ec15e5706,Nc1nn2c(F)ccnc2c1-c1cc(NCc2ccc(Cl)cc2)ncn1,BNXQVLXZIBVSOC-UHFFFAOYSA-N,True,True,True,369.791,3.1731,94.02,2,6,4,0.5365,2.61,c1ccc(CNc2cc(-c3cnn4cccnc34)ncn2)cc1,6,False,False,True,rdkit_reaction_aryl_F
CAND_16d9104e93,rdkit,JAK2_8ec15e5706,Nc1nn2cc(F)cnc2c1-c1cc(NCc2ccc(Cl)cc2)ncn1,NQCZFTFLRCZFBV-UHFFFAOYSA-N,True,True,True,369.791,3.1731,94.02,2,6,4,0.5735,2.61,c1ccc(CNc2cc(-c3cnn4cccnc34)ncn2)cc1,6,False,False,True,rdkit_reaction_aryl_F
CAND_2a24c97beb,rdkit,JAK2_8ec15e5706,Nc1nn2ccc(F)nc2c1-c1cc(NCc2ccc(Cl)cc2)ncn1,QFYWIACEQZAEPJ-UHFFFAOYSA-N,True,True,True,369.791,3.1731,94.02,2,6,4,0.5365,2.61,c1ccc(CNc2cc(-c3cnn4cccnc34)ncn2)cc1,6,False,False,True,rdkit_reaction_aryl_F
CAND_3a28da5c58,rdkit,JAK2_8ec15e5706,Nc1nn2cccnc2c1-c1ncnc(NCc2ccc(Cl)cc2)c1F,ZQHDKPSOIWKCEY-UHFFFAOYSA-N,True,True,True,369.791,3.1731,94.02,2,6,4,0.5735,2.61,c1ccc(CNc2cc(-c3cnn4cccnc34)ncn2)cc1,6,False,False,True,rdkit_reaction_aryl_F
CAND_5e3a6a30e1,rdkit,JAK2_8ec15e5706,Nc1nn2cccnc2c1-c1cc(NCc2ccc(Cl)cc2F)ncn1,LXBAYLQYCBMJJU-UHFFFAOYSA-N,True,True,True,369.791,3.1731,94.02,2,6,4,0.5735,2.61,c1ccc(CNc2cc(-c3cnn4cccnc34)ncn2)cc1,6,False,False,True,rdkit_reaction_aryl_F
CAND_0455213167,rdkit,JAK2_d4de330de6,COc1cc(Nc2nc3c(-c4ccc(S(C)(=O)=O)cc4)cccn3n2)ccc1F,PIUCFBJNRYLUOL-UHFFFAOYSA-N,True,True,True,412.446,3.6911,85.59,1,6,5,0.5381,2.972,c1ccc(Nc2nc3c(-c4ccccc4)cccn3n2)cc1,6,False,False,True,rdkit_reaction_aryl_F
CAND_e6dc372706,rdkit,JAK2_d4de330de6,COc1cc(F)cc(Nc2nc3c(-c4ccc(S(C)(=O)=O)cc4)cccn3n2)c1,XLLGTFXXHVPHIC-UHFFFAOYSA-N,True,True,True,412.446,3.6911,85.59,1,6,5,0.5381,2.972,c1ccc(Nc2nc3c(-c4ccccc4)cccn3n2)cc1,6,False,False,True,rdkit_reaction_aryl_F
CAND_75037ece8e,rdkit,JAK2_d4de330de6,COc1ccc(F)c(Nc2nc3c(-c4ccc(S(C)(=O)=O)cc4)cccn3n2)c1,MHUAECAXTPXSMD-UHFFFAOYSA-N,True,True,True,412.446,3.6911,85.59,1,6,5,0.5381,2.972,c1ccc(Nc2nc3c(-c4ccccc4)cccn3n2)cc1,6,False,False,True,rdkit_reaction_aryl_F
CAND_7fd0abde1a,rdkit,JAK2_d4de330de6,COc1cccc(Nc2nc3c(-c4ccc(S(C)(=O)=O)cc4F)cccn3n2)c1,JUWSEFONYCBADY-UHFFFAOYSA-N,True,True,True,412.446,3.6911,85.59,1,6,5,0.5381,2.972,c1ccc(Nc2nc3c(-c4ccccc4)cccn3n2)cc1,6,False,False,True,rdkit_reaction_aryl_F
CAND_eb93367dd5,rdkit,JAK2_d4de330de6,COc1cccc(Nc2nc3c(-c4ccc(S(C)(=O)=O)c(F)c4)cccn3n2)c1,RTSKSSANSHRGNE-UHFFFAOYSA-N,True,True,True,412.446,3.6911,85.59,1,6,5,0.5381,2.972,c1ccc(Nc2nc3c(-c4ccccc4)cccn3n2)cc1,6,False,False,True,rdkit_reaction_aryl_F
CAND_513bca7e71,rdkit,JAK2_b4d9aeab68,CN1CCN(C2CCN(c3cc(Nc4nc5c(-c6ccc(S(C)(=O)=O)cc6)cccn5n4)ccc3F)CC2)CC1,MCGIMPJBNBGZRL-UHFFFAOYSA-N,True,True,True,563.703,3.8987,86.08,1,8,6,0.3783,4.137,c1ccc(-c2cccn3nc(Nc4cccc(N5CCC(N6CCNCC6)CC5)c4)nc23)cc1,6,False,False,True,rdkit_reaction_aryl_F
CAND_f70375b398,rdkit,JAK2_b4d9aeab68,CN1CCN(C2CCN(c3cc(F)cc(Nc4nc5c(-c6ccc(S(C)(=O)=O)cc6)cccn5n4)c3)CC2)CC1,AGGKLHWPKHIACM-UHFFFAOYSA-N,True,True,True,563.703,3.8987,86.08,1,8,6,0.3783,4.137,c1ccc(-c2cccn3nc(Nc4cccc(N5CCC(N6CCNCC6)CC5)c4)nc23)cc1,6,False,False,True,rdkit_reaction_aryl_F
CAND_2cc1edbc3d,rdkit,JAK2_b4d9aeab68,CN1CCN(C2CCN(c3ccc(F)c(Nc4nc5c(-c6ccc(S(C)(=O)=O)cc6)cccn5n4)c3)CC2)CC1,JMBULLYNSBDUTH-UHFFFAOYSA-N,True,True,True,563.703,3.8987,86.08,1,8,6,0.3783,4.137,c1ccc(-c2cccn3nc(Nc4cccc(N5CCC(N6CCNCC6)CC5)c4)nc23)cc1,6,False,False,True,rdkit_reaction_aryl_F
CAND_f708d16f05,rdkit,JAK2_b4d9aeab68,CN1CCN(C2CCN(c3cccc(Nc4nc5c(-c6ccc(S(C)(=O)=O)cc6F)cccn5n4)c3)CC2)CC1,NPGNXXPLMGWNTN-UHFFFAOYSA-N,True,True,True,563.703,3.8987,86.08,1,8,6,0.3783,4.137,c1ccc(-c2cccn3nc(Nc4cccc(N5CCC(N6CCNCC6)CC5)c4)nc23)cc1,6,False,False,True,rdkit_reaction_aryl_F
CAND_c1cebc55cd,rdkit,JAK2_b4d9aeab68,CN1CCN(C2CCN(c3cccc(Nc4nc5c(-c6ccc(S(C)(=O)=O)c(F)c6)cccn5n4)c3)CC2)CC1,CZKKXQLXZWZVJN-UHFFFAOYSA-N,True,True,True,563.703,3.8987,86.08,1,8,6,0.3783,4.137,c1ccc(-c2cccn3nc(Nc4cccc(N5CCC(N6CCNCC6)CC5)c4)nc23)cc1,6,False,False,True,rdkit_reaction_aryl_F
CAND_0a7cab3626,rdkit,JAK2_02db94a4e8,Nc1nn2c(F)ccnc2c1-c1cc(NCc2ccc(F)cc2)ncn1,KLBWOGZJGPVLFB-UHFFFAOYSA-N,True,True,True,353.336,2.6588,94.02,2,6,4,0.548,2.519,c1ccc(CNc2cc(-c3cnn4cccnc34)ncn2)cc1,6,False,False,True,rdkit_reaction_aryl_F
CAND_fd65dd26d7,rdkit,JAK2_02db94a4e8,Nc1nn2cc(F)cnc2c1-c1cc(NCc2ccc(F)cc2)ncn1,SDPCXCRCBICKIA-UHFFFAOYSA-N,True,True,True,353.336,2.6588,94.02,2,6,4,0.5858,2.519,c1ccc(CNc2cc(-c3cnn4cccnc34)ncn2)cc1,6,False,False,True,rdkit_reaction_aryl_F
CAND_1aa376bcc5,rdkit,JAK2_02db94a4e8,Nc1nn2ccc(F)nc2c1-c1cc(NCc2ccc(F)cc2)ncn1,MEDIOUFYEBBKIP-UHFFFAOYSA-N,True,True,True,353.336,2.6588,94.02,2,6,4,0.548,2.519,c1ccc(CNc2cc(-c3cnn4cccnc34)ncn2)cc1,6,False,False,True,rdkit_reaction_aryl_F
CAND_eaa9e62676,rdkit,JAK2_02db94a4e8,Nc1nn2cccnc2c1-c1ncnc(NCc2ccc(F)cc2)c1F,GTGNNZVWUCEXTK-UHFFFAOYSA-N,True,True,True,353.336,2.6588,94.02,2,6,4,0.5858,2.519,c1ccc(CNc2cc(-c3cnn4cccnc34)ncn2)cc1,6,False,False,True,rdkit_reaction_aryl_F
CAND_a4dc51b97f,rdkit,JAK2_02db94a4e8,Nc1nn2cccnc2c1-c1cc(NCc2ccc(F)cc2F)ncn1,VZLOIEFBFBMQSJ-UHFFFAOYSA-N,True,True,True,353.336,2.6588,94.02,2,6,4,0.5858,2.519,c1ccc(CNc2cc(-c3cnn4cccnc34)ncn2)cc1,6,False,False,True,rdkit_reaction_aryl_F
CAND_771e04ba4e,rdkit,JAK2_3313baf2be,C[C@H](O)CN1CCC(c2ccc(Nc3ncc4ccc(-c5cccc(S(=O)(=O)NC(C)(C)C)c5)n4n3)cc2F)CC1,MKMSLGNQQZCXDE-FQEVSTJZSA-N,True,True,True,580.73,4.916,111.86,3,7,8,0.2714,4.732,c1ccc(-c2ccc3cnc(Nc4ccc(C5CCNCC5)cc4)nn23)cc1,6,False,False,True,rdkit_reaction_aryl_F
CAND_4d596f7071,rdkit,JAK2_3313baf2be,C[C@H](O)CN1CCC(c2ccc(Nc3ncc4ccc(-c5cccc(S(=O)(=O)NC(C)(C)C)c5)n4n3)c(F)c2)CC1,HSQBSYUXUWBRRL-FQEVSTJZSA-N,True,True,True,580.73,4.916,111.86,3,7,8,0.2714,4.732,c1ccc(-c2ccc3cnc(Nc4ccc(C5CCNCC5)cc4)nn23)cc1,6,False,False,True,rdkit_reaction_aryl_F
CAND_579d2da593,rdkit,JAK2_3313baf2be,C[C@H](O)CN1CCC(c2ccc(Nc3nc(F)c4ccc(-c5cccc(S(=O)(=O)NC(C)(C)C)c5)n4n3)cc2)CC1,ROUBSXDBSKIEFB-FQEVSTJZSA-N,True,True,True,580.73,4.916,111.86,3,7,8,0.2714,4.732,c1ccc(-c2ccc3cnc(Nc4ccc(C5CCNCC5)cc4)nn23)cc1,6,False,False,True,rdkit_reaction_aryl_F
CAND_4185f687e6,rdkit,JAK2_3313baf2be,C[C@H](O)CN1CCC(c2ccc(Nc3ncc4c(F)cc(-c5cccc(S(=O)(=O)NC(C)(C)C)c5)n4n3)cc2)CC1,TWYGPVGOXDBDNT-FQEVSTJZSA-N,True,True,True,580.73,4.916,111.86,3,7,8,0.2714,4.732,c1ccc(-c2ccc3cnc(Nc4ccc(C5CCNCC5)cc4)nn23)cc1,6,False,False,True,rdkit_reaction_aryl_F
CAND_878825175b,rdkit,JAK2_3313baf2be,C[C@H](O)CN1CCC(c2ccc(Nc3ncc4cc(F)c(-c5cccc(S(=O)(=O)NC(C)(C)C)c5)n4n3)cc2)CC1,BERNZTLFGGTDSK-FQEVSTJZSA-N,True,True,True,580.73,4.916,111.86,3,7,8,0.2714,4.732,c1ccc(-c2ccc3cnc(Nc4ccc(C5CCNCC5)cc4)nn23)cc1,6,False,False,True,rdkit_reaction_aryl_F
CAND_71e2724fa2,rdkit,JAK2_c2aa2a9954,CS(=O)(=O)c1ccc(-c2cccn3nc(Nc4ccccc4)nc23)cc1F,VOYMAWQUACXKBM-UHFFFAOYSA-N,True,True,True,382.42,3.6825,76.36,1,5,4,0.5826,2.68,c1ccc(Nc2nc3c(-c4ccccc4)cccn3n2)cc1,6,False,False,True,rdkit_reaction_aryl_F
CAND_e2dab2a840,rdkit,JAK2_c2aa2a9954,CS(=O)(=O)c1ccc(-c2cccn3nc(Nc4ccccc4)nc23)c(F)c1,PXEPYROSCYFRGX-UHFFFAOYSA-N,True,True,True,382.42,3.6825,76.36,1,5,4,0.5826,2.68,c1ccc(Nc2nc3c(-c4ccccc4)cccn3n2)cc1,6,False,False,True,rdkit_reaction_aryl_F
CAND_a2e202fdce,rdkit,JAK2_c2aa2a9954,CS(=O)(=O)c1ccc(-c2c(F)ccn3nc(Nc4ccccc4)nc23)cc1,OJBDRTFRYIUZOC-UHFFFAOYSA-N,True,True,True,382.42,3.6825,76.36,1,5,4,0.5826,2.68,c1ccc(Nc2nc3c(-c4ccccc4)cccn3n2)cc1,6,False,False,True,rdkit_reaction_aryl_F
CAND_5f2d73ed93,rdkit,JAK2_c2aa2a9954,CS(=O)(=O)c1ccc(-c2cc(F)cn3nc(Nc4ccccc4)nc23)cc1,QARSEQUBIDFXLB-UHFFFAOYSA-N,True,True,True,382.42,3.6825,76.36,1,5,4,0.5826,2.68,c1ccc(Nc2nc3c(-c4ccccc4)cccn3n2)cc1,6,False,False,True,rdkit_reaction_aryl_F
CAND_61b6a7e277,rdkit,JAK2_c2aa2a9954,CS(=O)(=O)c1ccc(-c2ccc(F)n3nc(Nc4ccccc4)nc23)cc1,FUVYGAQFXYLNMD-UHFFFAOYSA-N,True,True,True,382.42,3.6825,76.36,1,5,4,0.545,2.68,c1ccc(Nc2nc3c(-c4ccccc4)cccn3n2)cc1,6,False,False,True,rdkit_reaction_aryl_F
CAND_ed99096d7e,rdkit,JAK2_777ae6093b,CN1CCN(c2ccc(Nc3ncc4ccc(-c5ccccc5N(C)S(C)(=O)=O)n4n3)cc2F)CC1,DSCDGGNZDOEWPA-UHFFFAOYSA-N,True,True,False,509.611,3.4266,86.08,1,7,6,0.4263,3.837,c1ccc(-c2ccc3cnc(Nc4ccc(N5CCNCC5)cc4)nn23)cc1,6,False,False,True,rdkit_reaction_aryl_F
CAND_0e3eaac415,rdkit,JAK2_777ae6093b,CN1CCN(c2ccc(Nc3ncc4ccc(-c5ccccc5N(C)S(C)(=O)=O)n4n3)c(F)c2)CC1,JXWLOYGLNGOHEC-UHFFFAOYSA-N,True,True,True,509.611,3.4266,86.08,1,7,6,0.4263,3.837,c1ccc(-c2ccc3cnc(Nc4ccc(N5CCNCC5)cc4)nn23)cc1,6,False,False,True,rdkit_reaction_aryl_F
CAND_ba88c7e837,rdkit,JAK2_777ae6093b,CN1CCN(c2ccc(Nc3nc(F)c4ccc(-c5ccccc5N(C)S(C)(=O)=O)n4n3)cc2)CC1,BAUBJTARKYGJNC-UHFFFAOYSA-N,True,True,True,509.611,3.4266,86.08,1,7,6,0.4263,3.837,c1ccc(-c2ccc3cnc(Nc4ccc(N5CCNCC5)cc4)nn23)cc1,6,False,False,True,rdkit_reaction_aryl_F
CAND_ce8f6b96c3,rdkit,JAK2_777ae6093b,CN1CCN(c2ccc(Nc3ncc4c(F)cc(-c5ccccc5N(C)S(C)(=O)=O)n4n3)cc2)CC1,ALKUSNRSJZPFLK-UHFFFAOYSA-N,True,True,True,509.611,3.4266,86.08,1,7,6,0.4263,3.837,c1ccc(-c2ccc3cnc(Nc4ccc(N5CCNCC5)cc4)nn23)cc1,6,False,False,True,rdkit_reaction_aryl_F
CAND_af6ed212aa,rdkit,JAK2_777ae6093b,CN1CCN(c2ccc(Nc3ncc4cc(F)c(-c5ccccc5N(C)S(C)(=O)=O)n4n3)cc2)CC1,LKUBDIKWORSINR-UHFFFAOYSA-N,True,True,True,509.611,3.4266,86.08,1,7,6,0.4263,3.837,c1ccc(-c2ccc3cnc(Nc4ccc(N5CCNCC5)cc4)nn23)cc1,6,False,False,True,rdkit_reaction_aryl_F
CAND_6f650267d5,rdkit,JAK2_3f3d946705,C[C@@H]1CCN(C(=O)CC#N)C[C@@H]1N(C)c1nc(F)nc2[nH]ccc12,UYZOPGNTGOCYMY-PWSUYJOCSA-N,True,True,True,330.367,1.6839,88.91,1,5,3,0.8651,2.625,c1nc(N[C@@H]2CCCNC2)c2cc[nH]c2n1,6,False,False,True,rdkit_reaction_aryl_F
CAND_96be308c0e,rdkit,JAK2_3f3d946705,C[C@@H]1CCN(C(=O)CC#N)C[C@@H]1N(C)c1ncnc2[nH]c(F)cc12,NXNGKKZKDKPZMQ-PWSUYJOCSA-N,True,True,True,330.367,1.6839,88.91,1,5,3,0.9248,2.625,c1nc(N[C@@H]2CCCNC2)c2cc[nH]c2n1,6,False,False,True,rdkit_reaction_aryl_F
CAND_ceabe36c95,rdkit,JAK2_3f3d946705,C[C@@H]1CCN(C(=O)CC#N)C[C@@H]1N(C)c1ncnc2[nH]cc(F)c12,SCOVVFWNPHJEAW-PWSUYJOCSA-N,True,True,True,330.367,1.6839,88.91,1,5,3,0.9248,2.625,c1nc(N[C@@H]2CCCNC2)c2cc[nH]c2n1,6,False,False,True,rdkit_reaction_aryl_F
CAND_b2e9448309,rdkit,JAK2_3f3d946705,C[C@@H]1CCN(C(=O)CC#N)C[C@@H]1N(C)c1nc(Cl)nc2[nH]ccc12,PBBKAMYFZVSJCI-PWSUYJOCSA-N,True,True,True,346.822,2.1982,88.91,1,5,3,0.8604,2.625,c1nc(N[C@@H]2CCCNC2)c2cc[nH]c2n1,6,False,False,True,rdkit_reaction_aryl_Cl
CAND_c5dd5b547e,rdkit,JAK2_3f3d946705,C[C@@H]1CCN(C(=O)CC#N)C[C@@H]1N(C)c1ncnc2[nH]c(Cl)cc12,QSNSRAWNJPPZIR-PWSUYJOCSA-N,True,True,True,346.822,2.1982,88.91,1,5,3,0.9198,2.625,c1nc(N[C@@H]2CCCNC2)c2cc[nH]c2n1,6,False,False,True,rdkit_reaction_aryl_Cl
CAND_f550f5d1a5,rdkit,JAK2_d918415381,C[C@@H](N)C(=O)Nc1ccc(-c2ccnc(Nc3ccc(N4CCOCC4)cc3)n2)cc1F,DWIPWTNDOWWTTE-OAHLLOKOSA-N,True,True,True,436.491,3.1486,105.4,3,7,6,0.5451,3.481,c1ccc(-c2ccnc(Nc3ccc(N4CCOCC4)cc3)n2)cc1,6,False,False,True,rdkit_reaction_aryl_F
CAND_066245fb5e,rdkit,JAK2_d918415381,C[C@@H](N)C(=O)Nc1ccc(-c2ccnc(Nc3ccc(N4CCOCC4)cc3)n2)c(F)c1,XOWHMEJTTJFESG-OAHLLOKOSA-N,True,True,True,436.491,3.1486,105.4,3,7,6,0.5451,3.481,c1ccc(-c2ccnc(Nc3ccc(N4CCOCC4)cc3)n2)cc1,6,False,False,True,rdkit_reaction_aryl_F
CAND_6823fdec39,rdkit,JAK2_d918415381,C[C@@H](N)C(=O)Nc1ccc(-c2nc(Nc3ccc(N4CCOCC4)cc3)ncc2F)cc1,HDVOOTOZWDTRFS-OAHLLOKOSA-N,True,True,True,436.491,3.1486,105.4,3,7,6,0.5451,3.481,c1ccc(-c2ccnc(Nc3ccc(N4CCOCC4)cc3)n2)cc1,6,False,False,True,rdkit_reaction_aryl_F
CAND_362e46ee0b,rdkit,JAK2_d918415381,C[C@@H](N)C(=O)Nc1ccc(-c2cc(F)nc(Nc3ccc(N4CCOCC4)cc3)n2)cc1,UYPZFMHDANJUTL-OAHLLOKOSA-N,True,True,True,436.491,3.1486,105.4,3,7,6,0.5099,3.481,c1ccc(-c2ccnc(Nc3ccc(N4CCOCC4)cc3)n2)cc1,6,False,False,True,rdkit_reaction_aryl_F
CAND_951c2bf607,rdkit,JAK2_d918415381,C[C@@H](N)C(=O)Nc1ccc(-c2ccnc(Nc3ccc(N4CCOCC4)cc3F)n2)cc1,ZXXFFARFZJUGNK-OAHLLOKOSA-N,True,True,True,436.491,3.1486,105.4,3,7,6,0.5451,3.481,c1ccc(-c2ccnc(Nc3ccc(N4CCOCC4)cc3)n2)cc1,6,False,False,True,rdkit_reaction_aryl_F
CAND_94d9a758d9,rdkit,JAK2_7d123907a9,COc1cc(F)c(CC(=O)N2CCN(c3nc(Nc4cc(C)n[nH]4)c4cccn4n3)CC2)c(F)c1F,NGSFZUKJYOYLHN-UHFFFAOYSA-N,True,True,True,500.485,2.8216,103.68,2,7,6,0.3926,3.786,O=C(Cc1ccccc1)N1CCN(c2nc(Nc3ccn[nH]3)c3cccn3n2)CC1,6,False,False,True,rdkit_reaction_aryl_F
CAND_fa6214cdc8,rdkit,JAK2_7d123907a9,COc1cc(F)c(CC(=O)N2CCN(c3nc(Nc4[nH]nc(C)c4F)c4cccn4n3)CC2)c(F)c1,RXTOYUDHFQSTPD-UHFFFAOYSA-N,True,True,True,500.485,2.8216,103.68,2,7,6,0.4197,3.786,O=C(Cc1ccccc1)N1CCN(c2nc(Nc3ccn[nH]3)c3cccn3n2)CC1,6,False,False,True,rdkit_reaction_aryl_F
CAND_30c877814d,rdkit,JAK2_7d123907a9,COc1cc(F)c(CC(=O)N2CCN(c3nc(Nc4cc(C)n[nH]4)c4c(F)ccn4n3)CC2)c(F)c1,CLSDKRODVKTTCC-UHFFFAOYSA-N,True,True,True,500.485,2.8216,103.68,2,7,6,0.4197,3.786,O=C(Cc1ccccc1)N1CCN(c2nc(Nc3ccn[nH]3)c3cccn3n2)CC1,6,False,False,True,rdkit_reaction_aryl_F
CAND_2bdb0fe6a0,rdkit,JAK2_7d123907a9,COc1cc(F)c(CC(=O)N2CCN(c3nc(Nc4cc(C)n[nH]4)c4cc(F)cn4n3)CC2)c(F)c1,JOPLQFBOLNRYFZ-UHFFFAOYSA-N,True,True,True,500.485,2.8216,103.68,2,7,6,0.4197,3.786,O=C(Cc1ccccc1)N1CCN(c2nc(Nc3ccn[nH]3)c3cccn3n2)CC1,6,False,False,True,rdkit_reaction_aryl_F
CAND_d8b5690c7a,rdkit,JAK2_7d123907a9,COc1cc(F)c(CC(=O)N2CCN(c3nc(Nc4cc(C)n[nH]4)c4ccc(F)n4n3)CC2)c(F)c1,UHGDMAIFPWSVRK-UHFFFAOYSA-N,True,True,True,500.485,2.8216,103.68,2,7,6,0.4197,3.786,O=C(Cc1ccccc1)N1CCN(c2nc(Nc3ccn[nH]3)c3cccn3n2)CC1,6,False,False,True,rdkit_reaction_aryl_F
CAND_e7c529d334,rdkit,JAK2_8cf1e0547e,CN1CCN(c2cc(Nc3nc4c(-c5ccc(S(C)(=O)=O)cc5)cccn4n3)ccc2F)CC1,UAAYDCHKMNKMOZ-UHFFFAOYSA-N,True,True,True,480.569,3.4343,82.84,1,7,5,0.4686,3.55,c1ccc(-c2cccn3nc(Nc4cccc(N5CCNCC5)c4)nc23)cc1,6,False,False,True,rdkit_reaction_aryl_F
CAND_ee7a2a9596,rdkit,JAK2_8cf1e0547e,CN1CCN(c2cc(F)cc(Nc3nc4c(-c5ccc(S(C)(=O)=O)cc5)cccn4n3)c2)CC1,STEKPUNAUMQOLL-UHFFFAOYSA-N,True,True,True,480.569,3.4343,82.84,1,7,5,0.4686,3.55,c1ccc(-c2cccn3nc(Nc4cccc(N5CCNCC5)c4)nc23)cc1,6,False,False,True,rdkit_reaction_aryl_F
CAND_a040274618,rdkit,JAK2_8cf1e0547e,CN1CCN(c2ccc(F)c(Nc3nc4c(-c5ccc(S(C)(=O)=O)cc5)cccn4n3)c2)CC1,UMEGZWXSOZDXPE-UHFFFAOYSA-N,True,True,True,480.569,3.4343,82.84,1,7,5,0.4686,3.55,c1ccc(-c2cccn3nc(Nc4cccc(N5CCNCC5)c4)nc23)cc1,6,False,False,True,rdkit_reaction_aryl_F
CAND_4786131d9c,rdkit,JAK2_8cf1e0547e,CN1CCN(c2cccc(Nc3nc4c(-c5ccc(S(C)(=O)=O)cc5F)cccn4n3)c2)CC1,BOFPIZNVMNBZAS-UHFFFAOYSA-N,True,True,True,480.569,3.4343,82.84,1,7,5,0.4686,3.55,c1ccc(-c2cccn3nc(Nc4cccc(N5CCNCC5)c4)nc23)cc1,6,False,False,True,rdkit_reaction_aryl_F
CAND_7087a8a438,rdkit,JAK2_8cf1e0547e,CN1CCN(c2cccc(Nc3nc4c(-c5ccc(S(C)(=O)=O)c(F)c5)cccn4n3)c2)CC1,PYXVRFPEPAVQIN-UHFFFAOYSA-N,True,True,True,480.569,3.4343,82.84,1,7,5,0.4686,3.55,c1ccc(-c2cccn3nc(Nc4cccc(N5CCNCC5)c4)nc23)cc1,6,False,False,True,rdkit_reaction_aryl_F
CAND_1d804feb12,rdkit,JAK2_b8536fbab5,NC(=O)c1c(F)nc(N[C@H](C2CC2)C(F)(F)F)c2c1[nH]c1cc(-c3ccc(N4CCS(=O)(=O)CC4)nn3)ccc12,QYNOBQQWWRERBK-OAQYLSRUSA-N,True,True,True,577.564,3.3987,146.96,3,8,6,0.2335,4.464,O=S1(=O)CCN(c2ccc(-c3ccc4c(c3)[nH]c3ccnc(NCC5CC5)c34)nn2)CC1,6,False,False,True,rdkit_reaction_aryl_F
CAND_bb36854595,rdkit,JAK2_b8536fbab5,NC(=O)c1cnc(N[C@H](C2CC2)C(F)(F)F)c2c1[nH]c1c(F)c(-c3ccc(N4CCS(=O)(=O)CC4)nn3)ccc12,FMXJGTJHUDPCBG-JOCHJYFZSA-N,True,True,True,577.564,3.3987,146.96,3,8,6,0.2957,4.464,O=S1(=O)CCN(c2ccc(-c3ccc4c(c3)[nH]c3ccnc(NCC5CC5)c34)nn2)CC1,6,False,False,True,rdkit_reaction_aryl_F
CAND_ada9b7bd35,rdkit,JAK2_b8536fbab5,NC(=O)c1cnc(N[C@H](C2CC2)C(F)(F)F)c2c1[nH]c1cc(-c3nnc(N4CCS(=O)(=O)CC4)cc3F)ccc12,OLYBAXQOHGZAFT-JOCHJYFZSA-N,True,True,True,577.564,3.3987,146.96,3,8,6,0.2957,4.464,O=S1(=O)CCN(c2ccc(-c3ccc4c(c3)[nH]c3ccnc(NCC5CC5)c34)nn2)CC1,6,False,False,True,rdkit_reaction_aryl_F
CAND_a0b3e4ed4d,rdkit,JAK2_b8536fbab5,NC(=O)c1cnc(N[C@H](C2CC2)C(F)(F)F)c2c1[nH]c1cc(-c3cc(F)c(N4CCS(=O)(=O)CC4)nn3)ccc12,GCPQFKDOSZJPQF-OAQYLSRUSA-N,True,True,True,577.564,3.3987,146.96,3,8,6,0.2957,4.464,O=S1(=O)CCN(c2ccc(-c3ccc4c(c3)[nH]c3ccnc(NCC5CC5)c34)nn2)CC1,6,False,False,True,rdkit_reaction_aryl_F
CAND_d344645f76,rdkit,JAK2_b8536fbab5,NC(=O)c1cnc(N[C@H](C2CC2)C(F)(F)F)c2c1[nH]c1cc(-c3ccc(N4CCS(=O)(=O)CC4)nn3)c(F)cc12,JIAJHXXJHQKBNZ-JOCHJYFZSA-N,True,True,True,577.564,3.3987,146.96,3,8,6,0.2957,4.464,O=S1(=O)CCN(c2ccc(-c3ccc4c(c3)[nH]c3ccnc(NCC5CC5)c34)nn2)CC1,6,False,False,True,rdkit_reaction_aryl_F
CAND_533dfa8f65,rdkit,JAK2_0745eb1ac4,CS(=O)(=O)Nc1ccc(-c2ccnc(Nc3ccc(CN4CCS(=O)(=O)CC4)cc3)n2)cc1F,VCZPQKHOPMSXLH-UHFFFAOYSA-N,True,True,True,505.597,2.6282,121.36,2,8,7,0.5027,3.739,O=S1(=O)CCN(Cc2ccc(Nc3nccc(-c4ccccc4)n3)cc2)CC1,6,False,False,True,rdkit_reaction_aryl_F
CAND_f93916712e,rdkit,JAK2_0745eb1ac4,CS(=O)(=O)Nc1ccc(-c2ccnc(Nc3ccc(CN4CCS(=O)(=O)CC4)cc3)n2)c(F)c1,FMNCVOSFRAGMIZ-UHFFFAOYSA-N,True,True,True,505.597,2.6282,121.36,2,8,7,0.5027,3.739,O=S1(=O)CCN(Cc2ccc(Nc3nccc(-c4ccccc4)n3)cc2)CC1,6,False,False,True,rdkit_reaction_aryl_F
CAND_1f8e050b2d,rdkit,JAK2_0745eb1ac4,CS(=O)(=O)Nc1ccc(-c2nc(Nc3ccc(CN4CCS(=O)(=O)CC4)cc3)ncc2F)cc1,RJMKIFQZAFCZNB-UHFFFAOYSA-N,True,True,True,505.597,2.6282,121.36,2,8,7,0.5027,3.739,O=S1(=O)CCN(Cc2ccc(Nc3nccc(-c4ccccc4)n3)cc2)CC1,6,False,False,True,rdkit_reaction_aryl_F
CAND_e20925ab9b,rdkit,JAK2_0745eb1ac4,CS(=O)(=O)Nc1ccc(-c2cc(F)nc(Nc3ccc(CN4CCS(=O)(=O)CC4)cc3)n2)cc1,XYWFUBJCZYVNQM-UHFFFAOYSA-N,True,True,True,505.597,2.6282,121.36,2,8,7,0.4703,3.739,O=S1(=O)CCN(Cc2ccc(Nc3nccc(-c4ccccc4)n3)cc2)CC1,6,False,False,True,rdkit_reaction_aryl_F
CAND_7d4b29a9a2,rdkit,JAK2_0745eb1ac4,CS(=O)(=O)Nc1ccc(-c2ccnc(Nc3ccc(CN4CCS(=O)(=O)CC4)cc3F)n2)cc1,VUMYNUXBURYLCP-UHFFFAOYSA-N,True,True,True,505.597,2.6282,121.36,2,8,7,0.5027,3.739,O=S1(=O)CCN(Cc2ccc(Nc3nccc(-c4ccccc4)n3)cc2)CC1,6,False,False,True,rdkit_reaction_aryl_F
CAND_21f5cb490c,rdkit,JAK2_c56e6976c9,Cn1ncc(-c2ccc3c(c2)[nH]c2c(C(N)=O)cnc(NC(C4CC4)C4CC4)c23)c1F,UFHIMJDCSSOJQV-UHFFFAOYSA-N,True,True,True,418.476,3.9551,101.62,3,4,6,0.4411,3.33,c1cc2[nH]c3cc(-c4cn[nH]c4)ccc3c2c(NC(C2CC2)C2CC2)n1,6,False,False,True,rdkit_reaction_aryl_F
CAND_eca2fa81f4,rdkit,JAK2_c56e6976c9,Cn1cc(-c2cc3[nH]c4c(C(N)=O)cnc(NC(C5CC5)C5CC5)c4c3cc2F)cn1,ZWXOHFPACIPNHL-UHFFFAOYSA-N,True,True,True,418.476,3.9551,101.62,3,4,6,0.4411,3.33,c1cc2[nH]c3cc(-c4cn[nH]c4)ccc3c2c(NC(C2CC2)C2CC2)n1,6,False,False,True,rdkit_reaction_aryl_F
CAND_8f4c6c5e13,rdkit,JAK2_c56e6976c9,Cn1cc(-c2cc(F)c3c(c2)[nH]c2c(C(N)=O)cnc(NC(C4CC4)C4CC4)c23)cn1,BFUBQUUUSHXLEL-UHFFFAOYSA-N,True,True,True,418.476,3.9551,101.62,3,4,6,0.4411,3.33,c1cc2[nH]c3cc(-c4cn[nH]c4)ccc3c2c(NC(C2CC2)C2CC2)n1,6,False,False,True,rdkit_reaction_aryl_F
CAND_f26a3120cb,rdkit,JAK2_c56e6976c9,Cn1cc(-c2ccc3c([nH]c4c(C(N)=O)cnc(NC(C5CC5)C5CC5)c43)c2F)cn1,KDFQNKSFRLRZHA-UHFFFAOYSA-N,True,True,True,418.476,3.9551,101.62,3,4,6,0.4411,3.33,c1cc2[nH]c3cc(-c4cn[nH]c4)ccc3c2c(NC(C2CC2)C2CC2)n1,6,False,False,True,rdkit_reaction_aryl_F
CAND_9782fb38cd,rdkit,JAK2_c56e6976c9,Cn1cc(-c2ccc3c(c2)[nH]c2c(C(N)=O)c(F)nc(NC(C4CC4)C4CC4)c23)cn1,ZFGFHNUSMFYEGU-UHFFFAOYSA-N,True,True,True,418.476,3.9551,101.62,3,4,6,0.4127,3.33,c1cc2[nH]c3cc(-c4cn[nH]c4)ccc3c2c(NC(C2CC2)C2CC2)n1,6,False,False,True,rdkit_reaction_aryl_F
CAND_61f64373c9,rdkit,JAK2_cc0f142b89,C[C@H](Nc1nc(Nc2ncn(C)c2F)c2cc[nH]c2n1)c1ncc(F)cn1,JUYNCADYVYNMPD-QMMMGPOBSA-N,True,True,True,371.355,2.6763,109.23,3,7,5,0.4947,2.994,c1cnc(CNc2nc(Nc3c[nH]cn3)c3cc[nH]c3n2)nc1,6,False,False,True,rdkit_reaction_aryl_F
CAND_45be37de8e,rdkit,JAK2_cc0f142b89,C[C@H](Nc1nc(Nc2cn(C)c(F)n2)c2cc[nH]c2n1)c1ncc(F)cn1,YJFREZKLNBEKLY-QMMMGPOBSA-N,True,True,True,371.355,2.6763,109.23,3,7,5,0.4947,2.994,c1cnc(CNc2nc(Nc3c[nH]cn3)c3cc[nH]c3n2)nc1,6,False,False,True,rdkit_reaction_aryl_F
CAND_9cf0016637,rdkit,JAK2_cc0f142b89,C[C@H](Nc1nc(Nc2cn(C)cn2)c2c(F)c[nH]c2n1)c1ncc(F)cn1,OQNXALVQHFNHJE-QMMMGPOBSA-N,True,True,True,371.355,2.6763,109.23,3,7,5,0.4947,2.994,c1cnc(CNc2nc(Nc3c[nH]cn3)c3cc[nH]c3n2)nc1,6,False,False,True,rdkit_reaction_aryl_F
CAND_48e3e38c4d,rdkit,JAK2_cc0f142b89,C[C@H](Nc1nc(Nc2cn(C)cn2)c2cc(F)[nH]c2n1)c1ncc(F)cn1,PRXGIEPBKKVKGR-QMMMGPOBSA-N,True,True,True,371.355,2.6763,109.23,3,7,5,0.4947,2.994,c1cnc(CNc2nc(Nc3c[nH]cn3)c3cc[nH]c3n2)nc1,6,False,False,True,rdkit_reaction_aryl_F
CAND_bcc2406de8,rdkit,JAK2_cc0f142b89,C[C@H](Nc1nc(Nc2cn(C)cn2)c2cc[nH]c2n1)c1ncc(F)c(F)n1,KZZOVDBHPWIXRM-QMMMGPOBSA-N,True,True,True,371.355,2.6763,109.23,3,7,5,0.4628,2.994,c1cnc(CNc2nc(Nc3c[nH]cn3)c3cc[nH]c3n2)nc1,6,False,False,True,rdkit_reaction_aryl_F
CAND_55c0cbd4ff,rdkit,JAK2_e05cc76b4d,NC(=O)c1c(F)nc(N[C@H](C2CC2)C(F)(F)F)c2c1[nH]c1cc(-c3ccc(N)nc3)ccc12,FGPRZRNXZXKBOH-GOSISDBHSA-N,True,True,True,458.419,4.3511,122.71,4,5,5,0.2616,3.677,c1cncc(-c2ccc3c(c2)[nH]c2ccnc(NCC4CC4)c23)c1,6,False,False,True,rdkit_reaction_aryl_F
CAND_5a7c6369af,rdkit,JAK2_e05cc76b4d,NC(=O)c1cnc(N[C@H](C2CC2)C(F)(F)F)c2c1[nH]c1c(F)c(-c3ccc(N)nc3)ccc12,QHHQSNVKBAQFSY-LJQANCHMSA-N,True,True,True,458.419,4.3511,122.71,4,5,5,0.3313,3.677,c1cncc(-c2ccc3c(c2)[nH]c2ccnc(NCC4CC4)c23)c1,6,False,False,True,rdkit_reaction_aryl_F
CAND_32ae43ee83,rdkit,JAK2_e05cc76b4d,NC(=O)c1cnc(N[C@H](C2CC2)C(F)(F)F)c2c1[nH]c1cc(-c3cnc(N)cc3F)ccc12,TXJURGYDLRKFIE-LJQANCHMSA-N,True,True,True,458.419,4.3511,122.71,4,5,5,0.3313,3.677,c1cncc(-c2ccc3c(c2)[nH]c2ccnc(NCC4CC4)c23)c1,6,False,False,True,rdkit_reaction_aryl_F
CAND_cb6c29351f,rdkit,JAK2_e05cc76b4d,NC(=O)c1cnc(N[C@H](C2CC2)C(F)(F)F)c2c1[nH]c1cc(-c3cnc(N)c(F)c3)ccc12,JPMGEVUNLVWRIF-GOSISDBHSA-N,True,True,True,458.419,4.3511,122.71,4,5,5,0.3313,3.677,c1cncc(-c2ccc3c(c2)[nH]c2ccnc(NCC4CC4)c23)c1,6,False,False,True,rdkit_reaction_aryl_F
CAND_77d352d8af,rdkit,JAK2_e05cc76b4d,NC(=O)c1cnc(N[C@H](C2CC2)C(F)(F)F)c2c1[nH]c1cc(-c3ccc(N)nc3F)ccc12,VWLYWFGDTGFOMS-GOSISDBHSA-N,True,True,True,458.419,4.3511,122.71,4,5,5,0.2616,3.677,c1cncc(-c2ccc3c(c2)[nH]c2ccnc(NCC4CC4)c23)c1,6,False,False,True,rdkit_reaction_aryl_F
CAND_b61c6b4572,rdkit,JAK2_2d0f835aa0,CN[C@@H]1C[C@H]2O[C@@](C)([C@@H]1OC)n1c3c(F)cccc3c3c4c(c5c6ccccc6n2c5c31)C(=O)NC4,NABBJNQUOXQBHI-PMFLDENTSA-N,True,True,True,484.531,4.4931,69.45,2,4,2,0.3874,4.197,O=C1NCc2c1c1c3ccccc3n3c1c1c2c2ccccc2n1C1CCC[C@H]3O1,7,False,False,True,rdkit_reaction_aryl_F
CAND_2fbc8ed159,rdkit,JAK2_2d0f835aa0,CN[C@@H]1C[C@H]2O[C@@](C)([C@@H]1OC)n1c3cc(F)ccc3c3c4c(c5c6ccccc6n2c5c31)C(=O)NC4,LHZTXJTVFHPCCW-FYTWVXJKSA-N,True,True,True,484.531,4.4931,69.45,2,4,2,0.3874,4.197,O=C1NCc2c1c1c3ccccc3n3c1c1c2c2ccccc2n1C1CCC[C@H]3O1,7,False,False,True,rdkit_reaction_aryl_F
CAND_7c139a68f1,rdkit,JAK2_2d0f835aa0,CN[C@@H]1C[C@H]2O[C@@](C)([C@@H]1OC)n1c3ccc(F)cc3c3c4c(c5c6ccccc6n2c5c31)C(=O)NC4,HFEIPWHIOKUXQH-FYTWVXJKSA-N,True,True,True,484.531,4.4931,69.45,2,4,2,0.3874,4.197,O=C1NCc2c1c1c3ccccc3n3c1c1c2c2ccccc2n1C1CCC[C@H]3O1,7,False,False,True,rdkit_reaction_aryl_F
CAND_508690a760,rdkit,JAK2_2d0f835aa0,CN[C@@H]1C[C@H]2O[C@@](C)([C@@H]1OC)n1c3cccc(F)c3c3c4c(c5c6ccccc6n2c5c31)C(=O)NC4,FIJCBGXNTFNBGS-RYNPMXEVSA-N,True,True,True,484.531,4.4931,69.45,2,4,2,0.3874,4.197,O=C1NCc2c1c1c3ccccc3n3c1c1c2c2ccccc2n1C1CCC[C@H]3O1,7,False,False,True,rdkit_reaction_aryl_F
CAND_4f19f597a6,rdkit,JAK2_2d0f835aa0,CN[C@@H]1C[C@H]2O[C@@](C)([C@@H]1OC)n1c3ccccc3c3c4c(c5c6c(F)cccc6n2c5c31)C(=O)NC4,ALFAEMSIKNVGEQ-RYNPMXEVSA-N,True,True,True,484.531,4.4931,69.45,2,4,2,0.3874,4.197,O=C1NCc2c1c1c3ccccc3n3c1c1c2c2ccccc2n1C1CCC[C@H]3O1,7,False,False,True,rdkit_reaction_aryl_F
CAND_ead919d874,rdkit,JAK2_e8465d9792,O=c1[nH]c(F)cc2c(Nc3c(Cl)cncc3Cl)nc3ccncc3c12,QSNUQGICCWFINY-UHFFFAOYSA-N,True,True,True,376.178,4.0558,83.56,2,5,2,0.4073,2.395,O=c1[nH]ccc2c(Nc3ccncc3)nc3ccncc3c12,6,False,False,True,rdkit_reaction_aryl_F
CAND_691697b4c3,rdkit,JAK2_e8465d9792,O=c1[nH]cc(F)c2c(Nc3c(Cl)cncc3Cl)nc3ccncc3c12,YMGDBZCWDWQIOV-UHFFFAOYSA-N,True,True,True,376.178,4.0558,83.56,2,5,2,0.5159,2.395,O=c1[nH]ccc2c(Nc3ccncc3)nc3ccncc3c12,6,False,False,True,rdkit_reaction_aryl_F
CAND_5651598859,rdkit,JAK2_e8465d9792,O=c1[nH]ccc2c(Nc3c(Cl)cnc(F)c3Cl)nc3ccncc3c12,UBBQEUQRCRJLID-UHFFFAOYSA-N,True,True,True,376.178,4.0558,83.56,2,5,2,0.4073,2.395,O=c1[nH]ccc2c(Nc3ccncc3)nc3ccncc3c12,6,False,False,True,rdkit_reaction_aryl_F
CAND_ce9032574a,rdkit,JAK2_e8465d9792,O=c1[nH]ccc2c(Nc3c(Cl)cncc3Cl)nc3c(F)cncc3c12,CZIOUSHPPZRPMZ-UHFFFAOYSA-N,True,True,True,376.178,4.0558,83.56,2,5,2,0.5159,2.395,O=c1[nH]ccc2c(Nc3ccncc3)nc3ccncc3c12,6,False,False,True,rdkit_reaction_aryl_F
CAND_63e1a4252b,rdkit,JAK2_e8465d9792,O=c1[nH]ccc2c(Nc3c(Cl)cncc3Cl)nc3cc(F)ncc3c12,QRYMSSPWDBSRNQ-UHFFFAOYSA-N,True,True,True,376.178,4.0558,83.56,2,5,2,0.4073,2.395,O=c1[nH]ccc2c(Nc3ccncc3)nc3ccncc3c12,6,False,False,True,rdkit_reaction_aryl_F
CAND_ba08e3e081,rdkit,JAK2_0a194c8fbd,CN(c1c(F)cccc1-c1ccc2cnc(Nc3ccc(C4CCN(CC(N)=O)CC4)cc3)nn12)S(C)(=O)=O,JPHFHESNFBPFAO-UHFFFAOYSA-N,True,True,True,551.648,3.3395,125.93,2,7,8,0.344,4.32,c1ccc(-c2ccc3cnc(Nc4ccc(C5CCNCC5)cc4)nn23)cc1,6,False,False,True,rdkit_reaction_aryl_F
CAND_0754369f23,rdkit,JAK2_0a194c8fbd,CN(c1cc(F)ccc1-c1ccc2cnc(Nc3ccc(C4CCN(CC(N)=O)CC4)cc3)nn12)S(C)(=O)=O,OBQVORJSSKSANA-UHFFFAOYSA-N,True,True,True,551.648,3.3395,125.93,2,7,8,0.344,4.32,c1ccc(-c2ccc3cnc(Nc4ccc(C5CCNCC5)cc4)nn23)cc1,6,False,False,True,rdkit_reaction_aryl_F
CAND_a499b252b2,rdkit,JAK2_0a194c8fbd,CN(c1ccc(F)cc1-c1ccc2cnc(Nc3ccc(C4CCN(CC(N)=O)CC4)cc3)nn12)S(C)(=O)=O,AYJDFZMYEIGBGH-UHFFFAOYSA-N,True,True,True,551.648,3.3395,125.93,2,7,8,0.344,4.32,c1ccc(-c2ccc3cnc(Nc4ccc(C5CCNCC5)cc4)nn23)cc1,6,False,False,True,rdkit_reaction_aryl_F
CAND_84b8a977ab,rdkit,JAK2_0a194c8fbd,CN(c1cccc(F)c1-c1ccc2cnc(Nc3ccc(C4CCN(CC(N)=O)CC4)cc3)nn12)S(C)(=O)=O,PAOBTSAYURNKMA-UHFFFAOYSA-N,True,True,True,551.648,3.3395,125.93,2,7,8,0.344,4.32,c1ccc(-c2ccc3cnc(Nc4ccc(C5CCNCC5)cc4)nn23)cc1,6,False,False,True,rdkit_reaction_aryl_F
CAND_302e21c5ca,rdkit,JAK2_0a194c8fbd,CN(c1ccccc1-c1c(F)cc2cnc(Nc3ccc(C4CCN(CC(N)=O)CC4)cc3)nn12)S(C)(=O)=O,YCVYPFKEWHVZIK-UHFFFAOYSA-N,True,True,True,551.648,3.3395,125.93,2,7,8,0.344,4.32,c1ccc(-c2ccc3cnc(Nc4ccc(C5CCNCC5)cc4)nn23)cc1,6,False,False,True,rdkit_reaction_aryl_F
CAND_8d9a518e58,rdkit,JAK2_6ddcac62d4,CCC(Nc1nc(F)c(C(N)=O)c2[nH]c3cc(-c4cnn(C)c4)ccc3c12)C1CC1,DYKQGFWAHOSOJS-UHFFFAOYSA-N,True,True,True,406.465,3.9551,101.62,3,4,6,0.422,3.514,c1cc2[nH]c3cc(-c4cn[nH]c4)ccc3c2c(NCC2CC2)n1,6,False,False,True,rdkit_reaction_aryl_F
CAND_b5fe6ef1c4,rdkit,JAK2_6ddcac62d4,CCC(Nc1ncc(C(N)=O)c2[nH]c3c(F)c(-c4cnn(C)c4)ccc3c12)C1CC1,YEPSHYFUQMSJSS-UHFFFAOYSA-N,True,True,True,406.465,3.9551,101.62,3,4,6,0.4511,3.514,c1cc2[nH]c3cc(-c4cn[nH]c4)ccc3c2c(NCC2CC2)n1,6,False,False,True,rdkit_reaction_aryl_F
CAND_bfdcf3513a,rdkit,JAK2_6ddcac62d4,CCC(Nc1ncc(C(N)=O)c2[nH]c3cc(-c4cn(C)nc4F)ccc3c12)C1CC1,GZQSWFWDGAHBSD-UHFFFAOYSA-N,True,True,True,406.465,3.9551,101.62,3,4,6,0.4511,3.514,c1cc2[nH]c3cc(-c4cn[nH]c4)ccc3c2c(NCC2CC2)n1,6,False,False,True,rdkit_reaction_aryl_F
CAND_16569d2482,rdkit,JAK2_6ddcac62d4,CCC(Nc1ncc(C(N)=O)c2[nH]c3cc(-c4cnn(C)c4F)ccc3c12)C1CC1,CUSWZDAAQDYCPC-UHFFFAOYSA-N,True,True,True,406.465,3.9551,101.62,3,4,6,0.4511,3.514,c1cc2[nH]c3cc(-c4cn[nH]c4)ccc3c2c(NCC2CC2)n1,6,False,False,True,rdkit_reaction_aryl_F
CAND_49e00035e7,rdkit,JAK2_6ddcac62d4,CCC(Nc1ncc(C(N)=O)c2[nH]c3cc(-c4cnn(C)c4)c(F)cc3c12)C1CC1,VHEJZBVBXMEQSM-UHFFFAOYSA-N,True,True,True,406.465,3.9551,101.62,3,4,6,0.4511,3.514,c1cc2[nH]c3cc(-c4cn[nH]c4)ccc3c2c(NCC2CC2)n1,6,False,False,True,rdkit_reaction_aryl_F
CAND_ad12dee446,rdkit,JAK2_e984d68b65,CCc1c(F)cc(C(F)(F)F)cc1-c1[nH]c(-c2ccnc(N)n2)cc1C(N)=O,JDHOUNLZMGYEGH-UHFFFAOYSA-N,True,True,True,393.344,3.5401,110.68,3,4,4,0.5889,2.491,c1ccc(-c2ccc(-c3ccncn3)[nH]2)cc1,6,False,False,True,rdkit_reaction_aryl_F
CAND_a2e0a6cc0f,rdkit,JAK2_e984d68b65,CCc1cc(F)c(C(F)(F)F)cc1-c1[nH]c(-c2ccnc(N)n2)cc1C(N)=O,ZHARZAKTOBMEQE-UHFFFAOYSA-N,True,True,True,393.344,3.5401,110.68,3,4,4,0.5889,2.491,c1ccc(-c2ccc(-c3ccncn3)[nH]2)cc1,6,False,False,True,rdkit_reaction_aryl_F
CAND_954c6af9a2,rdkit,JAK2_e984d68b65,CCc1ccc(C(F)(F)F)c(F)c1-c1[nH]c(-c2ccnc(N)n2)cc1C(N)=O,WVAFZMWURVPAMJ-UHFFFAOYSA-N,True,True,True,393.344,3.5401,110.68,3,4,4,0.5889,2.491,c1ccc(-c2ccc(-c3ccncn3)[nH]2)cc1,6,False,False,True,rdkit_reaction_aryl_F
CAND_a80c5342ae,rdkit,JAK2_e984d68b65,CCc1ccc(C(F)(F)F)cc1-c1[nH]c(-c2nc(N)ncc2F)cc1C(N)=O,CFBJFLQYGPXSKN-UHFFFAOYSA-N,True,True,True,393.344,3.5401,110.68,3,4,4,0.5889,2.491,c1ccc(-c2ccc(-c3ccncn3)[nH]2)cc1,6,False,False,True,rdkit_reaction_aryl_F
CAND_2cea4e00f6,rdkit,JAK2_e984d68b65,CCc1ccc(C(F)(F)F)cc1-c1[nH]c(-c2cc(F)nc(N)n2)cc1C(N)=O,RFOLVXLPNHECKQ-UHFFFAOYSA-N,True,True,True,393.344,3.5401,110.68,3,4,4,0.465,2.491,c1ccc(-c2ccc(-c3ccncn3)[nH]2)cc1,6,False,False,True,rdkit_reaction_aryl_F
CAND_c5f893e0e9,rdkit,JAK2_ce48ae1d96,Cc1[nH]nc(Nc2nc(N3CCN(C(=O)CCc4ccccc4)CC3)nn3cccc23)c1F,BJYVMPBYNGZWHD-UHFFFAOYSA-N,True,True,True,448.506,2.9249,94.45,2,6,6,0.4711,3.497,O=C(CCc1ccccc1)N1CCN(c2nc(Nc3cc[nH]n3)c3cccn3n2)CC1,6,False,False,True,rdkit_reaction_aryl_F
CAND_1563b8882b,rdkit,JAK2_ce48ae1d96,Cc1cc(Nc2nc(N3CCN(C(=O)CCc4ccccc4F)CC3)nn3cccc23)n[nH]1,WSYYGGDUHLRILH-UHFFFAOYSA-N,True,True,True,448.506,2.9249,94.45,2,6,6,0.4711,3.497,O=C(CCc1ccccc1)N1CCN(c2nc(Nc3cc[nH]n3)c3cccn3n2)CC1,6,False,False,True,rdkit_reaction_aryl_F
CAND_b1df44a88d,rdkit,JAK2_ce48ae1d96,Cc1cc(Nc2nc(N3CCN(C(=O)CCc4cccc(F)c4)CC3)nn3cccc23)n[nH]1,RNBXXCJVKYZFQI-UHFFFAOYSA-N,True,True,True,448.506,2.9249,94.45,2,6,6,0.4711,3.497,O=C(CCc1ccccc1)N1CCN(c2nc(Nc3cc[nH]n3)c3cccn3n2)CC1,6,False,False,True,rdkit_reaction_aryl_F
CAND_3488a77309,rdkit,JAK2_ce48ae1d96,Cc1cc(Nc2nc(N3CCN(C(=O)CCc4ccc(F)cc4)CC3)nn3cccc23)n[nH]1,YUTCHFMRZJHHDS-UHFFFAOYSA-N,True,True,True,448.506,2.9249,94.45,2,6,6,0.4711,3.497,O=C(CCc1ccccc1)N1CCN(c2nc(Nc3cc[nH]n3)c3cccn3n2)CC1,6,False,False,True,rdkit_reaction_aryl_F
CAND_2ca2179d2b,rdkit,JAK2_ce48ae1d96,Cc1cc(Nc2nc(N3CCN(C(=O)CCc4ccccc4)CC3)nn3c(F)ccc23)n[nH]1,CLOBTLWGSFFUED-UHFFFAOYSA-N,True,True,True,448.506,2.9249,94.45,2,6,6,0.4711,3.497,O=C(CCc1ccccc1)N1CCN(c2nc(Nc3cc[nH]n3)c3cccn3n2)CC1,6,False,False,True,rdkit_reaction_aryl_F
CAND_6c4ade0de5,rdkit,JAK2_5faf1754e4,NC(=O)c1c(F)nc(NC(C2CC2)C2CC2)c2c1[nH]c1cc(-c3cccnn3)ccc12,VQOCDUJUCRKMCE-UHFFFAOYSA-N,True,True,True,416.46,4.0116,109.58,3,5,6,0.4115,3.319,c1cnnc(-c2ccc3c(c2)[nH]c2ccnc(NC(C4CC4)C4CC4)c23)c1,6,False,False,True,rdkit_reaction_aryl_F
CAND_647d163f3f,rdkit,JAK2_5faf1754e4,NC(=O)c1cnc(NC(C2CC2)C2CC2)c2c1[nH]c1c(F)c(-c3cccnn3)ccc12,CZGQVAFUEYUVCD-UHFFFAOYSA-N,True,True,True,416.46,4.0116,109.58,3,5,6,0.4399,3.319,c1cnnc(-c2ccc3c(c2)[nH]c2ccnc(NC(C4CC4)C4CC4)c23)c1,6,False,False,True,rdkit_reaction_aryl_F
CAND_0fc9f963c5,rdkit,JAK2_5faf1754e4,NC(=O)c1cnc(NC(C2CC2)C2CC2)c2c1[nH]c1cc(-c3nnccc3F)ccc12,MJRXYCRJLOORFJ-UHFFFAOYSA-N,True,True,True,416.46,4.0116,109.58,3,5,6,0.4399,3.319,c1cnnc(-c2ccc3c(c2)[nH]c2ccnc(NC(C4CC4)C4CC4)c23)c1,6,False,False,True,rdkit_reaction_aryl_F
CAND_29b5f37cc8,rdkit,JAK2_5faf1754e4,NC(=O)c1cnc(NC(C2CC2)C2CC2)c2c1[nH]c1cc(-c3cc(F)cnn3)ccc12,NKPYPCQXLAAREH-UHFFFAOYSA-N,True,True,True,416.46,4.0116,109.58,3,5,6,0.4399,3.319,c1cnnc(-c2ccc3c(c2)[nH]c2ccnc(NC(C4CC4)C4CC4)c23)c1,6,False,False,True,rdkit_reaction_aryl_F
CAND_1151dc720e,rdkit,JAK2_5faf1754e4,NC(=O)c1cnc(NC(C2CC2)C2CC2)c2c1[nH]c1cc(-c3ccc(F)nn3)ccc12,OBIPJYIOERSJJZ-UHFFFAOYSA-N,True,True,True,416.46,4.0116,109.58,3,5,6,0.4399,3.319,c1cnnc(-c2ccc3c(c2)[nH]c2ccnc(NC(C4CC4)C4CC4)c23)c1,6,False,False,True,rdkit_reaction_aryl_F
CAND_0b5eaba5b4,rdkit,JAK2_9cb6a29d8d,CC(C)(C)NS(=O)(=O)c1ccc(-c2cc3c(N)ncc(C(=O)NCCN4CCOCC4)c3s2)cc1F,UBYJBPILOZYROK-UHFFFAOYSA-N,True,True,True,535.667,2.8234,126.65,3,8,7,0.4247,3.906,O=C(NCCN1CCOCC1)c1cncc2cc(-c3ccccc3)sc12,6,False,False,True,rdkit_reaction_aryl_F
CAND_cb625ba12a,rdkit,JAK2_9cb6a29d8d,CC(C)(C)NS(=O)(=O)c1ccc(-c2cc3c(N)ncc(C(=O)NCCN4CCOCC4)c3s2)c(F)c1,BYYHMYUWLAQANL-UHFFFAOYSA-N,True,True,True,535.667,2.8234,126.65,3,8,7,0.4247,3.906,O=C(NCCN1CCOCC1)c1cncc2cc(-c3ccccc3)sc12,6,False,False,True,rdkit_reaction_aryl_F
CAND_7abfb2b49e,rdkit,JAK2_9cb6a29d8d,CC(C)(C)NS(=O)(=O)c1ccc(-c2sc3c(C(=O)NCCN4CCOCC4)cnc(N)c3c2F)cc1,JZGPATPGMCOAQG-UHFFFAOYSA-N,True,True,True,535.667,2.8234,126.65,3,8,7,0.4247,3.906,O=C(NCCN1CCOCC1)c1cncc2cc(-c3ccccc3)sc12,6,False,False,True,rdkit_reaction_aryl_F
CAND_c06dc5fb21,rdkit,JAK2_9cb6a29d8d,CC(C)(C)NS(=O)(=O)c1ccc(-c2cc3c(N)nc(F)c(C(=O)NCCN4CCOCC4)c3s2)cc1,SUHBXUZWRATIRQ-UHFFFAOYSA-N,True,True,True,535.667,2.8234,126.65,3,8,7,0.3972,3.906,O=C(NCCN1CCOCC1)c1cncc2cc(-c3ccccc3)sc12,6,False,False,True,rdkit_reaction_aryl_F
CAND_98d882588c,rdkit,JAK2_9cb6a29d8d,CC(C)(C)NS(=O)(=O)c1ccc(-c2cc3c(N)ncc(C(=O)NCCN4CCOCC4)c3s2)cc1Cl,WOOYZMICKVFZQX-UHFFFAOYSA-N,True,True,True,552.122,3.3377,126.65,3,8,7,0.4108,3.998,O=C(NCCN1CCOCC1)c1cncc2cc(-c3ccccc3)sc12,6,False,False,True,rdkit_reaction_aryl_Cl
CAND_a98bea00ac,rdkit,JAK2_bfebc14fe9,CN(c1nc(F)ccc1-c1ccc2cnc(Nc3ccc(C4CCN(CC(N)=O)CC4)cc3)nn12)S(C)(=O)=O,XUKMLGWZFQPKEG-UHFFFAOYSA-N,True,True,True,552.636,2.7345,138.82,2,8,8,0.3183,4.326,c1cncc(-c2ccc3cnc(Nc4ccc(C5CCNCC5)cc4)nn23)c1,6,False,False,True,rdkit_reaction_aryl_F
CAND_3f2e05fde5,rdkit,JAK2_bfebc14fe9,CN(c1ncc(F)cc1-c1ccc2cnc(Nc3ccc(C4CCN(CC(N)=O)CC4)cc3)nn12)S(C)(=O)=O,YYHMDTCQBACUHQ-UHFFFAOYSA-N,True,True,True,552.636,2.7345,138.82,2,8,8,0.3403,4.326,c1cncc(-c2ccc3cnc(Nc4ccc(C5CCNCC5)cc4)nn23)c1,6,False,False,True,rdkit_reaction_aryl_F
CAND_99543a34d9,rdkit,JAK2_bfebc14fe9,CN(c1nccc(F)c1-c1ccc2cnc(Nc3ccc(C4CCN(CC(N)=O)CC4)cc3)nn12)S(C)(=O)=O,JTNVDTXGHVZKQU-UHFFFAOYSA-N,True,True,True,552.636,2.7345,138.82,2,8,8,0.3403,4.326,c1cncc(-c2ccc3cnc(Nc4ccc(C5CCNCC5)cc4)nn23)c1,6,False,False,True,rdkit_reaction_aryl_F
CAND_add6f75f7a,rdkit,JAK2_bfebc14fe9,CN(c1ncccc1-c1c(F)cc2cnc(Nc3ccc(C4CCN(CC(N)=O)CC4)cc3)nn12)S(C)(=O)=O,ALTSCLVYNBBCIS-UHFFFAOYSA-N,True,True,True,552.636,2.7345,138.82,2,8,8,0.3403,4.326,c1cncc(-c2ccc3cnc(Nc4ccc(C5CCNCC5)cc4)nn23)c1,6,False,False,True,rdkit_reaction_aryl_F
CAND_f6d12fc84a,rdkit,JAK2_bfebc14fe9,CN(c1ncccc1-c1cc(F)c2cnc(Nc3ccc(C4CCN(CC(N)=O)CC4)cc3)nn12)S(C)(=O)=O,HGQHIQATOIOZEF-UHFFFAOYSA-N,True,True,True,552.636,2.7345,138.82,2,8,8,0.3403,4.326,c1cncc(-c2ccc3cnc(Nc4ccc(C5CCNCC5)cc4)nn23)c1,6,False,False,True,rdkit_reaction_aryl_F
CAND_ad0ad82c9b,rdkit,JAK2_94bd16fd4f,COc1c(F)cccc1-c1ccc2cnc(Nc3ccc(S(=O)(=O)N(C)C)cc3)nn12,SKOSTOIFGIODFW-UHFFFAOYSA-N,True,True,True,441.488,3.5379,88.83,1,6,6,0.4924,3.258,c1ccc(Nc2ncc3ccc(-c4ccccc4)n3n2)cc1,6,False,False,True,rdkit_reaction_aryl_F
CAND_87b18c1991,rdkit,JAK2_94bd16fd4f,COc1cc(F)ccc1-c1ccc2cnc(Nc3ccc(S(=O)(=O)N(C)C)cc3)nn12,ULKHWAWKWBLQHB-UHFFFAOYSA-N,True,True,True,441.488,3.5379,88.83,1,6,6,0.4924,3.258,c1ccc(Nc2ncc3ccc(-c4ccccc4)n3n2)cc1,6,False,False,True,rdkit_reaction_aryl_F
CAND_3516e84ea7,rdkit,JAK2_94bd16fd4f,COc1ccc(F)cc1-c1ccc2cnc(Nc3ccc(S(=O)(=O)N(C)C)cc3)nn12,XHNCUCQTVZVEAP-UHFFFAOYSA-N,True,True,True,441.488,3.5379,88.83,1,6,6,0.4924,3.258,c1ccc(Nc2ncc3ccc(-c4ccccc4)n3n2)cc1,6,False,False,True,rdkit_reaction_aryl_F
CAND_ed61608160,rdkit,JAK2_94bd16fd4f,COc1cccc(F)c1-c1ccc2cnc(Nc3ccc(S(=O)(=O)N(C)C)cc3)nn12,TUVVRBXLDOBNJG-UHFFFAOYSA-N,True,True,True,441.488,3.5379,88.83,1,6,6,0.4924,3.258,c1ccc(Nc2ncc3ccc(-c4ccccc4)n3n2)cc1,6,False,False,True,rdkit_reaction_aryl_F
CAND_6da6963835,rdkit,JAK2_94bd16fd4f,COc1ccccc1-c1c(F)cc2cnc(Nc3ccc(S(=O)(=O)N(C)C)cc3)nn12,XCMBXUFKWDXKJB-UHFFFAOYSA-N,True,True,True,441.488,3.5379,88.83,1,6,6,0.4924,3.258,c1ccc(Nc2ncc3ccc(-c4ccccc4)n3n2)cc1,6,False,False,True,rdkit_reaction_aryl_F
CAND_3f1073feb6,rdkit,JAK2_2b70dc76a0,Cc1[nH]nc(Nc2nc(N3CCN(C(=O)c4ccccc4Br)CC3)nn3cccc23)c1F,VQHFPRLSVKIFRU-UHFFFAOYSA-N,True,True,True,499.348,3.3684,94.45,2,6,4,0.4475,3.53,O=C(c1ccccc1)N1CCN(c2nc(Nc3cc[nH]n3)c3cccn3n2)CC1,6,False,False,True,rdkit_reaction_aryl_F
CAND_63035592ca,rdkit,JAK2_2b70dc76a0,Cc1cc(Nc2nc(N3CCN(C(=O)c4c(F)cccc4Br)CC3)nn3cccc23)n[nH]1,IXKHTEIKKHNTOL-UHFFFAOYSA-N,True,True,True,499.348,3.3684,94.45,2,6,4,0.4475,3.53,O=C(c1ccccc1)N1CCN(c2nc(Nc3cc[nH]n3)c3cccn3n2)CC1,6,False,False,True,rdkit_reaction_aryl_F
CAND_0c6ef625c8,rdkit,JAK2_2b70dc76a0,Cc1cc(Nc2nc(N3CCN(C(=O)c4cc(F)ccc4Br)CC3)nn3cccc23)n[nH]1,XOHKPRLMZIAIHG-UHFFFAOYSA-N,True,True,True,499.348,3.3684,94.45,2,6,4,0.4475,3.53,O=C(c1ccccc1)N1CCN(c2nc(Nc3cc[nH]n3)c3cccn3n2)CC1,6,False,False,True,rdkit_reaction_aryl_F
CAND_d32253f8df,rdkit,JAK2_2b70dc76a0,Cc1cc(Nc2nc(N3CCN(C(=O)c4ccc(F)cc4Br)CC3)nn3cccc23)n[nH]1,IAZQWIXGVYEZBO-UHFFFAOYSA-N,True,True,True,499.348,3.3684,94.45,2,6,4,0.4475,3.53,O=C(c1ccccc1)N1CCN(c2nc(Nc3cc[nH]n3)c3cccn3n2)CC1,6,False,False,True,rdkit_reaction_aryl_F
CAND_87e4a928c3,rdkit,JAK2_2b70dc76a0,Cc1cc(Nc2nc(N3CCN(C(=O)c4cccc(F)c4Br)CC3)nn3cccc23)n[nH]1,GYJUIXIDOKUVGB-UHFFFAOYSA-N,True,True,True,499.348,3.3684,94.45,2,6,4,0.4475,3.53,O=C(c1ccccc1)N1CCN(c2nc(Nc3cc[nH]n3)c3cccn3n2)CC1,6,False,False,True,rdkit_reaction_aryl_F
CAND_69a08790fd,rdkit,JAK2_1509a7bf44,O=C(Nc1ccc(-c2ccnc(Nc3ccc(N4CCOCC4)cc3)n2)cc1F)[C@H]1CCCN1,OWPIZLJYCONQKX-HSZRJFAPSA-N,True,True,True,462.529,3.5534,91.41,3,7,6,0.516,3.825,O=C(Nc1ccc(-c2ccnc(Nc3ccc(N4CCOCC4)cc3)n2)cc1)[C@H]1CCCN1,6,False,False,True,rdkit_reaction_aryl_F
CAND_4d74a84b06,rdkit,JAK2_1509a7bf44,O=C(Nc1ccc(-c2ccnc(Nc3ccc(N4CCOCC4)cc3)n2)c(F)c1)[C@H]1CCCN1,GWCNDBYFYYNXFW-HSZRJFAPSA-N,True,True,True,462.529,3.5534,91.41,3,7,6,0.516,3.825,O=C(Nc1ccc(-c2ccnc(Nc3ccc(N4CCOCC4)cc3)n2)cc1)[C@H]1CCCN1,6,False,False,True,rdkit_reaction_aryl_F
CAND_dda7c645ee,rdkit,JAK2_1509a7bf44,O=C(Nc1ccc(-c2nc(Nc3ccc(N4CCOCC4)cc3)ncc2F)cc1)[C@H]1CCCN1,NHWGTKJLPDLUKM-JOCHJYFZSA-N,True,True,True,462.529,3.5534,91.41,3,7,6,0.516,3.825,O=C(Nc1ccc(-c2ccnc(Nc3ccc(N4CCOCC4)cc3)n2)cc1)[C@H]1CCCN1,6,False,False,True,rdkit_reaction_aryl_F
CAND_e9b9c3911d,rdkit,JAK2_1509a7bf44,O=C(Nc1ccc(-c2cc(F)nc(Nc3ccc(N4CCOCC4)cc3)n2)cc1)[C@H]1CCCN1,JRWUJNAMFUJBLH-OAQYLSRUSA-N,True,True,True,462.529,3.5534,91.41,3,7,6,0.4827,3.825,O=C(Nc1ccc(-c2ccnc(Nc3ccc(N4CCOCC4)cc3)n2)cc1)[C@H]1CCCN1,6,False,False,True,rdkit_reaction_aryl_F
CAND_03d28e6843,rdkit,JAK2_1509a7bf44,O=C(Nc1ccc(-c2ccnc(Nc3ccc(N4CCOCC4)cc3F)n2)cc1)[C@H]1CCCN1,RASXIRRSHBVHIQ-HSZRJFAPSA-N,True,True,True,462.529,3.5534,91.41,3,7,6,0.516,3.825,O=C(Nc1ccc(-c2ccnc(Nc3ccc(N4CCOCC4)cc3)n2)cc1)[C@H]1CCCN1,6,False,False,True,rdkit_reaction_aryl_F
CAND_db535082cc,rdkit,JAK2_d2844f380a,Cc1[nH]nc(Nc2nc(N3CCN(C(=O)c4ccccc4)CC3)nn3cccc23)c1F,HTTFPCKDRVXRKH-UHFFFAOYSA-N,True,True,True,420.452,2.6059,94.45,2,6,4,0.5271,3.091,O=C(c1ccccc1)N1CCN(c2nc(Nc3cc[nH]n3)c3cccn3n2)CC1,6,False,False,True,rdkit_reaction_aryl_F
CAND_565929ae27,rdkit,JAK2_d2844f380a,Cc1cc(Nc2nc(N3CCN(C(=O)c4ccccc4F)CC3)nn3cccc23)n[nH]1,SGLKOBRIDWFUKE-UHFFFAOYSA-N,True,True,True,420.452,2.6059,94.45,2,6,4,0.5271,3.091,O=C(c1ccccc1)N1CCN(c2nc(Nc3cc[nH]n3)c3cccn3n2)CC1,6,False,False,True,rdkit_reaction_aryl_F
CAND_3318969c46,rdkit,JAK2_d2844f380a,Cc1cc(Nc2nc(N3CCN(C(=O)c4cccc(F)c4)CC3)nn3cccc23)n[nH]1,WPZRPZPMKCSASO-UHFFFAOYSA-N,True,True,True,420.452,2.6059,94.45,2,6,4,0.5271,3.091,O=C(c1ccccc1)N1CCN(c2nc(Nc3cc[nH]n3)c3cccn3n2)CC1,6,False,False,True,rdkit_reaction_aryl_F
CAND_dde04ebaab,rdkit,JAK2_d2844f380a,Cc1cc(Nc2nc(N3CCN(C(=O)c4ccc(F)cc4)CC3)nn3cccc23)n[nH]1,AUVMMDGMQTVKFV-UHFFFAOYSA-N,True,True,True,420.452,2.6059,94.45,2,6,4,0.5271,3.091,O=C(c1ccccc1)N1CCN(c2nc(Nc3cc[nH]n3)c3cccn3n2)CC1,6,False,False,True,rdkit_reaction_aryl_F
CAND_a635a57669,rdkit,JAK2_d2844f380a,Cc1cc(Nc2nc(N3CCN(C(=O)c4ccccc4)CC3)nn3c(F)ccc23)n[nH]1,GKQDGMUPMYSGNA-UHFFFAOYSA-N,True,True,True,420.452,2.6059,94.45,2,6,4,0.5271,3.091,O=C(c1ccccc1)N1CCN(c2nc(Nc3cc[nH]n3)c3cccn3n2)CC1,6,False,False,True,rdkit_reaction_aryl_F
CAND_43fa388f29,rdkit,JAK2_b61bf142f6,Cc1[nH]nc(Nc2nc(N3CCN(C(=O)Cc4ccc(F)cc4F)CC3)nn3cccc23)c1F,CJQVCTPWVJSPBH-UHFFFAOYSA-N,True,True,True,470.459,2.813,94.45,2,6,5,0.466,3.494,O=C(Cc1ccccc1)N1CCN(c2nc(Nc3cc[nH]n3)c3cccn3n2)CC1,6,False,False,True,rdkit_reaction_aryl_F
CAND_eeaf9a0d3c,rdkit,JAK2_b61bf142f6,Cc1cc(Nc2nc(N3CCN(C(=O)Cc4c(F)cc(F)cc4F)CC3)nn3cccc23)n[nH]1,DNMMETJFZKIPQY-UHFFFAOYSA-N,True,True,True,470.459,2.813,94.45,2,6,5,0.466,3.494,O=C(Cc1ccccc1)N1CCN(c2nc(Nc3cc[nH]n3)c3cccn3n2)CC1,6,False,False,True,rdkit_reaction_aryl_F
CAND_f77302d899,rdkit,JAK2_b61bf142f6,Cc1cc(Nc2nc(N3CCN(C(=O)Cc4cc(F)c(F)cc4F)CC3)nn3cccc23)n[nH]1,PEVMISYVDIDVBE-UHFFFAOYSA-N,True,True,True,470.459,2.813,94.45,2,6,5,0.4359,3.494,O=C(Cc1ccccc1)N1CCN(c2nc(Nc3cc[nH]n3)c3cccn3n2)CC1,6,False,False,True,rdkit_reaction_aryl_F
CAND_1e468d7a01,rdkit,JAK2_b61bf142f6,Cc1cc(Nc2nc(N3CCN(C(=O)Cc4ccc(F)c(F)c4F)CC3)nn3cccc23)n[nH]1,RPZHBQAHQVAWAH-UHFFFAOYSA-N,True,True,True,470.459,2.813,94.45,2,6,5,0.4359,3.494,O=C(Cc1ccccc1)N1CCN(c2nc(Nc3cc[nH]n3)c3cccn3n2)CC1,6,False,False,True,rdkit_reaction_aryl_F
CAND_0dddbce83d,rdkit,JAK2_b61bf142f6,Cc1cc(Nc2nc(N3CCN(C(=O)Cc4ccc(F)cc4F)CC3)nn3c(F)ccc23)n[nH]1,VOUSCEKDYFZMOC-UHFFFAOYSA-N,True,True,True,470.459,2.813,94.45,2,6,5,0.466,3.494,O=C(Cc1ccccc1)N1CCN(c2nc(Nc3cc[nH]n3)c3cccn3n2)CC1,6,False,False,True,rdkit_reaction_aryl_F
CAND_c87f448865,rdkit,JAK2_02f6b1c446,CN(c1c(F)cccc1-c1cc(Cl)c2cnc(Nc3ccc(C4CCN(CC(N)=O)CC4)cc3)nn12)S(C)(=O)=O,PBFDADRDLXMMPB-UHFFFAOYSA-N,True,True,True,586.093,3.9929,125.93,2,7,8,0.3201,4.512,c1ccc(-c2ccc3cnc(Nc4ccc(C5CCNCC5)cc4)nn23)cc1,6,False,False,True,rdkit_reaction_aryl_F
CAND_85cd3067b9,rdkit,JAK2_02f6b1c446,CN(c1cc(F)ccc1-c1cc(Cl)c2cnc(Nc3ccc(C4CCN(CC(N)=O)CC4)cc3)nn12)S(C)(=O)=O,GLHHDHSNSRRJSI-UHFFFAOYSA-N,True,True,True,586.093,3.9929,125.93,2,7,8,0.3201,4.512,c1ccc(-c2ccc3cnc(Nc4ccc(C5CCNCC5)cc4)nn23)cc1,6,False,False,True,rdkit_reaction_aryl_F
CAND_000c73ca14,rdkit,JAK2_02f6b1c446,CN(c1ccc(F)cc1-c1cc(Cl)c2cnc(Nc3ccc(C4CCN(CC(N)=O)CC4)cc3)nn12)S(C)(=O)=O,ZYRKOVGLMWUOPC-UHFFFAOYSA-N,True,True,True,586.093,3.9929,125.93,2,7,8,0.3201,4.512,c1ccc(-c2ccc3cnc(Nc4ccc(C5CCNCC5)cc4)nn23)cc1,6,False,False,True,rdkit_reaction_aryl_F
CAND_02125b9bd5,rdkit,JAK2_02f6b1c446,CN(c1cccc(F)c1-c1cc(Cl)c2cnc(Nc3ccc(C4CCN(CC(N)=O)CC4)cc3)nn12)S(C)(=O)=O,DBRICCYAFUULDQ-UHFFFAOYSA-N,True,True,True,586.093,3.9929,125.93,2,7,8,0.3201,4.512,c1ccc(-c2ccc3cnc(Nc4ccc(C5CCNCC5)cc4)nn23)cc1,6,False,False,True,rdkit_reaction_aryl_F
CAND_47aff48ba8,rdkit,JAK2_02f6b1c446,CN(c1ccccc1-c1c(F)c(Cl)c2cnc(Nc3ccc(C4CCN(CC(N)=O)CC4)cc3)nn12)S(C)(=O)=O,YWBVHBDCSITSFV-UHFFFAOYSA-N,True,True,True,586.093,3.9929,125.93,2,7,8,0.3201,4.512,c1ccc(-c2ccc3cnc(Nc4ccc(C5CCNCC5)cc4)nn23)cc1,6,False,False,True,rdkit_reaction_aryl_F
CAND_be49055090,rdkit,JAK2_6132155614,N[C@H](CO)C(=O)Nc1ccc(-c2ccnc(Nc3ccc(N4CCOCC4)cc3)n2)cc1F,PUOBQIMOHGBBPY-LJQANCHMSA-N,True,True,True,452.49,2.121,125.63,4,8,7,0.4296,3.694,c1ccc(-c2ccnc(Nc3ccc(N4CCOCC4)cc3)n2)cc1,6,False,False,True,rdkit_reaction_aryl_F
CAND_00f92894a4,rdkit,JAK2_6132155614,N[C@H](CO)C(=O)Nc1ccc(-c2ccnc(Nc3ccc(N4CCOCC4)cc3)n2)c(F)c1,IKEYWGKBHUYAGV-HXUWFJFHSA-N,True,True,True,452.49,2.121,125.63,4,8,7,0.4296,3.694,c1ccc(-c2ccnc(Nc3ccc(N4CCOCC4)cc3)n2)cc1,6,False,False,True,rdkit_reaction_aryl_F
CAND_e9230ee741,rdkit,JAK2_6132155614,N[C@H](CO)C(=O)Nc1ccc(-c2nc(Nc3ccc(N4CCOCC4)cc3)ncc2F)cc1,DCFJYANRJGAMMB-HXUWFJFHSA-N,True,True,True,452.49,2.121,125.63,4,8,7,0.4296,3.694,c1ccc(-c2ccnc(Nc3ccc(N4CCOCC4)cc3)n2)cc1,6,False,False,True,rdkit_reaction_aryl_F
CAND_767bae7cdd,rdkit,JAK2_6132155614,N[C@H](CO)C(=O)Nc1ccc(-c2cc(F)nc(Nc3ccc(N4CCOCC4)cc3)n2)cc1,LXJOVWDXWWOKNM-LJQANCHMSA-N,True,True,True,452.49,2.121,125.63,4,8,7,0.4019,3.694,c1ccc(-c2ccnc(Nc3ccc(N4CCOCC4)cc3)n2)cc1,6,False,False,True,rdkit_reaction_aryl_F
CAND_647c725fb7,rdkit,JAK2_6132155614,N[C@H](CO)C(=O)Nc1ccc(-c2ccnc(Nc3ccc(N4CCOCC4)cc3F)n2)cc1,PPEKCBLQWOXICH-LJQANCHMSA-N,True,True,True,452.49,2.121,125.63,4,8,7,0.4296,3.694,c1ccc(-c2ccnc(Nc3ccc(N4CCOCC4)cc3)n2)cc1,6,False,False,True,rdkit_reaction_aryl_F
CAND_9137340fa9,rdkit,JAK2_725776d8f2,Cc1[nH]nc(Nc2nc(N3CCN(C(=O)Cc4ccccc4)CC3)nn3cccc23)c1F,INKQRSLYJMIYJD-UHFFFAOYSA-N,True,True,True,434.479,2.5348,94.45,2,6,5,0.5014,3.294,O=C(Cc1ccccc1)N1CCN(c2nc(Nc3cc[nH]n3)c3cccn3n2)CC1,6,False,False,True,rdkit_reaction_aryl_F
CAND_36f756e547,rdkit,JAK2_725776d8f2,Cc1cc(Nc2nc(N3CCN(C(=O)Cc4ccccc4F)CC3)nn3cccc23)n[nH]1,XAWQBFNSUIBUSA-UHFFFAOYSA-N,True,True,False,434.479,2.5348,94.45,2,6,5,0.5014,3.294,O=C(Cc1ccccc1)N1CCN(c2nc(Nc3cc[nH]n3)c3cccn3n2)CC1,6,False,False,True,rdkit_reaction_aryl_F
CAND_010d5fa28a,rdkit,JAK2_725776d8f2,Cc1cc(Nc2nc(N3CCN(C(=O)Cc4cccc(F)c4)CC3)nn3cccc23)n[nH]1,WWNKRTGJUKDPNZ-UHFFFAOYSA-N,True,True,True,434.479,2.5348,94.45,2,6,5,0.5014,3.294,O=C(Cc1ccccc1)N1CCN(c2nc(Nc3cc[nH]n3)c3cccn3n2)CC1,6,False,False,True,rdkit_reaction_aryl_F
CAND_1f52d2b5fb,rdkit,JAK2_725776d8f2,Cc1cc(Nc2nc(N3CCN(C(=O)Cc4ccc(F)cc4)CC3)nn3cccc23)n[nH]1,TZFDRICFHMOYIQ-UHFFFAOYSA-N,True,True,False,434.479,2.5348,94.45,2,6,5,0.5014,3.294,O=C(Cc1ccccc1)N1CCN(c2nc(Nc3cc[nH]n3)c3cccn3n2)CC1,6,False,False,True,rdkit_reaction_aryl_F
CAND_61cae903f5,rdkit,JAK2_725776d8f2,Cc1cc(Nc2nc(N3CCN(C(=O)Cc4ccccc4)CC3)nn3c(F)ccc23)n[nH]1,FZMPEEJIVJDJDF-UHFFFAOYSA-N,True,True,True,434.479,2.5348,94.45,2,6,5,0.5014,3.294,O=C(Cc1ccccc1)N1CCN(c2nc(Nc3cc[nH]n3)c3cccn3n2)CC1,6,False,False,True,rdkit_reaction_aryl_F
CAND_42684ac9b0,rdkit,JAK2_6111c0246b,Cc1[nH]nc(Nc2cncc(N[C@@H](C)c3ncc(F)cn3)n2)c1F,YGDXJTCHDYKGOH-QMMMGPOBSA-N,True,True,True,332.318,2.493,104.3,3,7,5,0.6591,2.625,c1cnc(CNc2cncc(Nc3cc[nH]n3)n2)nc1,6,False,False,True,rdkit_reaction_aryl_F
CAND_fa7c2e1458,rdkit,JAK2_6111c0246b,Cc1cc(Nc2nc(N[C@@H](C)c3ncc(F)cn3)cnc2F)n[nH]1,GBYIBTRFPGHVFA-QMMMGPOBSA-N,True,True,True,332.318,2.493,104.3,3,7,5,0.6591,2.625,c1cnc(CNc2cncc(Nc3cc[nH]n3)n2)nc1,6,False,False,True,rdkit_reaction_aryl_F
CAND_398badd822,rdkit,JAK2_6111c0246b,Cc1cc(Nc2cnc(F)c(N[C@@H](C)c3ncc(F)cn3)n2)n[nH]1,PRXVBLHTLUNKOD-QMMMGPOBSA-N,True,True,True,332.318,2.493,104.3,3,7,5,0.6591,2.625,c1cnc(CNc2cncc(Nc3cc[nH]n3)n2)nc1,6,False,False,True,rdkit_reaction_aryl_F
CAND_57ba14de08,rdkit,JAK2_6111c0246b,Cc1cc(Nc2cncc(N[C@@H](C)c3ncc(F)c(F)n3)n2)n[nH]1,PVWQEFZFIDIFBB-QMMMGPOBSA-N,True,True,True,332.318,2.493,104.3,3,7,5,0.6166,2.625,c1cnc(CNc2cncc(Nc3cc[nH]n3)n2)nc1,6,False,False,True,rdkit_reaction_aryl_F
CAND_7907bd2ac3,rdkit,JAK2_6111c0246b,Cc1[nH]nc(Nc2cncc(N[C@@H](C)c3ncc(F)cn3)n2)c1Cl,USMBSIBTXQZNSZ-QMMMGPOBSA-N,True,True,True,348.773,3.0073,104.3,3,7,5,0.6506,2.625,c1cnc(CNc2cncc(Nc3cc[nH]n3)n2)nc1,6,False,False,True,rdkit_reaction_aryl_Cl
CAND_ee0c00a45d,rdkit,JAK2_3bd770708d,CC(Nc1nc(Nc2ncn(C)c2F)c2ccc(Cl)nc2n1)c1ncc(F)cn1,GTBZMLWZMKLVBO-UHFFFAOYSA-N,True,True,True,417.811,3.3966,106.33,2,8,5,0.4758,3.252,c1cnc(CNc2nc(Nc3c[nH]cn3)c3cccnc3n2)nc1,6,False,False,True,rdkit_reaction_aryl_F
CAND_f8027ef1b1,rdkit,JAK2_3bd770708d,CC(Nc1nc(Nc2cn(C)c(F)n2)c2ccc(Cl)nc2n1)c1ncc(F)cn1,KNTSCXDRJYMIIG-UHFFFAOYSA-N,True,True,True,417.811,3.3966,106.33,2,8,5,0.4758,3.252,c1cnc(CNc2nc(Nc3c[nH]cn3)c3cccnc3n2)nc1,6,False,False,True,rdkit_reaction_aryl_F
CAND_2449e0f76d,rdkit,JAK2_3bd770708d,CC(Nc1nc(Nc2cn(C)cn2)c2c(F)cc(Cl)nc2n1)c1ncc(F)cn1,GLUHLZLLGPTYAB-UHFFFAOYSA-N,True,True,True,417.811,3.3966,106.33,2,8,5,0.4758,3.252,c1cnc(CNc2nc(Nc3c[nH]cn3)c3cccnc3n2)nc1,6,False,False,True,rdkit_reaction_aryl_F
CAND_d97e049dec,rdkit,JAK2_3bd770708d,CC(Nc1nc(Nc2cn(C)cn2)c2cc(F)c(Cl)nc2n1)c1ncc(F)cn1,ANLJKVQOKFEEBP-UHFFFAOYSA-N,True,True,True,417.811,3.3966,106.33,2,8,5,0.4758,3.252,c1cnc(CNc2nc(Nc3c[nH]cn3)c3cccnc3n2)nc1,6,False,False,True,rdkit_reaction_aryl_F
CAND_074cbbd63b,rdkit,JAK2_3bd770708d,CC(Nc1nc(Nc2cn(C)cn2)c2ccc(Cl)nc2n1)c1ncc(F)c(F)n1,NLSJTXOCXJJBLQ-UHFFFAOYSA-N,True,True,True,417.811,3.3966,106.33,2,8,5,0.3757,3.252,c1cnc(CNc2nc(Nc3c[nH]cn3)c3cccnc3n2)nc1,6,False,False,True,rdkit_reaction_aryl_F
CAND_e2caab9155,rdkit,JAK2_f2b3ea21e5,CCc1c(F)cc(Cl)cc1-c1[nH]c(-c2ccnc(N)n2)cc1C(N)=O,LNZYVDSEUPLTLG-UHFFFAOYSA-N,True,True,True,359.792,3.1747,110.68,3,4,4,0.6638,2.304,c1ccc(-c2ccc(-c3ccncn3)[nH]2)cc1,6,False,False,True,rdkit_reaction_aryl_F
CAND_749385837c,rdkit,JAK2_f2b3ea21e5,CCc1cc(F)c(Cl)cc1-c1[nH]c(-c2ccnc(N)n2)cc1C(N)=O,LIORJIHJLPUNMO-UHFFFAOYSA-N,True,True,True,359.792,3.1747,110.68,3,4,4,0.6638,2.304,c1ccc(-c2ccc(-c3ccncn3)[nH]2)cc1,6,False,False,True,rdkit_reaction_aryl_F
CAND_a9be98a340,rdkit,JAK2_f2b3ea21e5,CCc1ccc(Cl)c(F)c1-c1[nH]c(-c2ccnc(N)n2)cc1C(N)=O,NMYQXQKDSILQQK-UHFFFAOYSA-N,True,True,True,359.792,3.1747,110.68,3,4,4,0.6638,2.304,c1ccc(-c2ccc(-c3ccncn3)[nH]2)cc1,6,False,False,True,rdkit_reaction_aryl_F
CAND_4e1f0783c2,rdkit,JAK2_f2b3ea21e5,CCc1ccc(Cl)cc1-c1[nH]c(-c2nc(N)ncc2F)cc1C(N)=O,VHSMATDGQVHDHW-UHFFFAOYSA-N,True,True,True,359.792,3.1747,110.68,3,4,4,0.6638,2.304,c1ccc(-c2ccc(-c3ccncn3)[nH]2)cc1,6,False,False,True,rdkit_reaction_aryl_F
CAND_04c8aa29a2,rdkit,JAK2_f2b3ea21e5,CCc1ccc(Cl)cc1-c1[nH]c(-c2cc(F)nc(N)n2)cc1C(N)=O,ZVLMUYSGUWUZGS-UHFFFAOYSA-N,True,True,True,359.792,3.1747,110.68,3,4,4,0.621,2.304,c1ccc(-c2ccc(-c3ccncn3)[nH]2)cc1,6,False,False,True,rdkit_reaction_aryl_F
CAND_8aa168b570,rdkit,JAK2_ac54f530b8,Cc1n[nH]c(Nc2nc(N[C@@H](C)c3ncc(F)cn3)ncc2Cl)c1F,JSFPMCOUVWUHLG-ZETCQYMHSA-N,True,True,True,366.763,3.1464,104.3,3,7,5,0.6367,2.718,c1cnc(CNc2nccc(Nc3ccn[nH]3)n2)nc1,6,False,False,True,rdkit_reaction_aryl_F
CAND_aaa5cf8e58,rdkit,JAK2_ac54f530b8,Cc1cc(Nc2nc(N[C@@H](C)c3ncc(F)c(F)n3)ncc2Cl)[nH]n1,SCLQKIVBWPWDKN-ZETCQYMHSA-N,True,True,True,366.763,3.1464,104.3,3,7,5,0.5956,2.718,c1cnc(CNc2nccc(Nc3ccn[nH]3)n2)nc1,6,False,False,True,rdkit_reaction_aryl_F
CAND_6907b339a3,rdkit,JAK2_ac54f530b8,Cc1cc(Nc2nc(N[C@@H](C)c3ncc(F)cn3)nc(F)c2Cl)[nH]n1,JSCKCCYSUDXHAS-ZETCQYMHSA-N,True,True,True,366.763,3.1464,104.3,3,7,5,0.5956,2.718,c1cnc(CNc2nccc(Nc3ccn[nH]3)n2)nc1,6,False,False,True,rdkit_reaction_aryl_F
CAND_fab0277637,rdkit,JAK2_ac54f530b8,Cc1n[nH]c(Nc2nc(N[C@@H](C)c3ncc(F)cn3)ncc2Cl)c1Cl,UNOWVZJJNUZFHX-ZETCQYMHSA-N,True,True,True,383.218,3.6607,104.3,3,7,5,0.6177,2.81,c1cnc(CNc2nccc(Nc3ccn[nH]3)n2)nc1,6,False,False,True,rdkit_reaction_aryl_Cl
CAND_e76ff59bac,rdkit,JAK2_ac54f530b8,Cc1cc(Nc2nc(N[C@@H](C)c3ncc(F)c(Cl)n3)ncc2Cl)[nH]n1,SSYABMFKZDXNMH-ZETCQYMHSA-N,True,True,True,383.218,3.6607,104.3,3,7,5,0.5778,2.81,c1cnc(CNc2nccc(Nc3ccn[nH]3)n2)nc1,6,False,False,True,rdkit_reaction_aryl_Cl
CAND_a36b4566ff,rdkit,JAK2_2b11517983,C[C@H](Nc1nc(F)c(F)c(Nc2cc(C3CC3)[nH]n2)n1)c1ncc(F)cn1,ZCVUHJHSTGOQPO-ZETCQYMHSA-N,True,True,True,376.346,3.2011,104.3,3,7,6,0.5676,3.146,c1cnc(CNc2nccc(Nc3cc(C4CC4)[nH]n3)n2)nc1,6,False,False,True,rdkit_reaction_aryl_F
CAND_635fc9bf62,rdkit,JAK2_2b11517983,C[C@H](Nc1ncc(F)c(Nc2n[nH]c(C3CC3)c2F)n1)c1ncc(F)cn1,ODZPUYVRRPWPKF-ZETCQYMHSA-N,True,True,True,376.346,3.2011,104.3,3,7,6,0.6068,3.146,c1cnc(CNc2nccc(Nc3cc(C4CC4)[nH]n3)n2)nc1,6,False,False,True,rdkit_reaction_aryl_F
CAND_d708c1e452,rdkit,JAK2_2b11517983,C[C@H](Nc1ncc(F)c(Nc2cc(C3CC3)[nH]n2)n1)c1ncc(F)c(F)n1,TVBNTDCFCUJHLU-ZETCQYMHSA-N,True,True,True,376.346,3.2011,104.3,3,7,6,0.5676,3.146,c1cnc(CNc2nccc(Nc3cc(C4CC4)[nH]n3)n2)nc1,6,False,False,True,rdkit_reaction_aryl_F
CAND_aaf5eb4c94,rdkit,JAK2_2b11517983,C[C@H](Nc1nc(Cl)c(F)c(Nc2cc(C3CC3)[nH]n2)n1)c1ncc(F)cn1,HCOYSFYFJWZVKT-ZETCQYMHSA-N,True,True,True,392.801,3.7154,104.3,3,7,6,0.549,3.238,c1cnc(CNc2nccc(Nc3cc(C4CC4)[nH]n3)n2)nc1,6,False,False,True,rdkit_reaction_aryl_Cl
CAND_47282a4e6f,rdkit,JAK2_2b11517983,C[C@H](Nc1ncc(F)c(Nc2n[nH]c(C3CC3)c2Cl)n1)c1ncc(F)cn1,XSRJLOBNHJMGBP-ZETCQYMHSA-N,True,True,True,392.801,3.7154,104.3,3,7,6,0.5869,3.238,c1cnc(CNc2nccc(Nc3cc(C4CC4)[nH]n3)n2)nc1,6,False,False,True,rdkit_reaction_aryl_Cl
CAND_6275e3bcea,rdkit,JAK2_4be59170c2,CN1CCN(c2cc(Nc3nc4c(-c5ccc(P(C)(C)=O)cc5)cccn4n3)ccc2F)CC1,KRNKNULDBZTBND-UHFFFAOYSA-N,True,True,True,478.512,4.2788,65.77,1,6,5,0.4323,3.539,c1ccc(-c2cccn3nc(Nc4cccc(N5CCNCC5)c4)nc23)cc1,6,False,False,True,rdkit_reaction_aryl_F
CAND_aaab62aa3f,rdkit,JAK2_4be59170c2,CN1CCN(c2cc(F)cc(Nc3nc4c(-c5ccc(P(C)(C)=O)cc5)cccn4n3)c2)CC1,NELLOGYMODDHEP-UHFFFAOYSA-N,True,True,True,478.512,4.2788,65.77,1,6,5,0.4323,3.539,c1ccc(-c2cccn3nc(Nc4cccc(N5CCNCC5)c4)nc23)cc1,6,False,False,True,rdkit_reaction_aryl_F
CAND_d36eb92dbe,rdkit,JAK2_4be59170c2,CN1CCN(c2ccc(F)c(Nc3nc4c(-c5ccc(P(C)(C)=O)cc5)cccn4n3)c2)CC1,YZJKGKGEQDXWTH-UHFFFAOYSA-N,True,True,True,478.512,4.2788,65.77,1,6,5,0.4323,3.539,c1ccc(-c2cccn3nc(Nc4cccc(N5CCNCC5)c4)nc23)cc1,6,False,False,True,rdkit_reaction_aryl_F
CAND_af5120713c,rdkit,JAK2_4be59170c2,CN1CCN(c2cccc(Nc3nc4c(-c5ccc(P(C)(C)=O)cc5F)cccn4n3)c2)CC1,GFNPFPBIBXRPBR-UHFFFAOYSA-N,True,True,True,478.512,4.2788,65.77,1,6,5,0.4323,3.539,c1ccc(-c2cccn3nc(Nc4cccc(N5CCNCC5)c4)nc23)cc1,6,False,False,True,rdkit_reaction_aryl_F
CAND_9b0d785abd,rdkit,JAK2_4be59170c2,CN1CCN(c2cccc(Nc3nc4c(-c5ccc(P(C)(C)=O)c(F)c5)cccn4n3)c2)CC1,JKSOCOOKSIVDCL-UHFFFAOYSA-N,True,True,True,478.512,4.2788,65.77,1,6,5,0.4323,3.539,c1ccc(-c2cccn3nc(Nc4cccc(N5CCNCC5)c4)nc23)cc1,6,False,False,True,rdkit_reaction_aryl_F
CAND_731f6c1823,rdkit,JAK2_78f0dc8dac,Cc1[nH]nc(Nc2nc(N[C@@H](C)c3ncc(F)cn3)ncc2Br)c1F,VHRGARRTOKSAMG-ZETCQYMHSA-N,True,True,True,411.214,3.2555,104.3,3,7,5,0.5922,2.965,c1cnc(CNc2nccc(Nc3cc[nH]n3)n2)nc1,6,False,False,True,rdkit_reaction_aryl_F
CAND_8839152256,rdkit,JAK2_78f0dc8dac,Cc1cc(Nc2nc(N[C@@H](C)c3ncc(F)c(F)n3)ncc2Br)n[nH]1,MHTRDXBUZOUYJX-ZETCQYMHSA-N,True,True,True,411.214,3.2555,104.3,3,7,5,0.554,2.965,c1cnc(CNc2nccc(Nc3cc[nH]n3)n2)nc1,6,False,False,True,rdkit_reaction_aryl_F
CAND_c169604037,rdkit,JAK2_78f0dc8dac,Cc1cc(Nc2nc(N[C@@H](C)c3ncc(F)cn3)nc(F)c2Br)n[nH]1,GGNAYOHWNAXTBZ-ZETCQYMHSA-N,True,True,True,411.214,3.2555,104.3,3,7,5,0.554,2.965,c1cnc(CNc2nccc(Nc3cc[nH]n3)n2)nc1,6,False,False,True,rdkit_reaction_aryl_F
CAND_e5b82ec580,rdkit,JAK2_78f0dc8dac,Cc1[nH]nc(Nc2nc(N[C@@H](C)c3ncc(F)cn3)ncc2Br)c1Cl,NJXHELKMNYTMQY-ZETCQYMHSA-N,True,True,True,427.669,3.7698,104.3,3,7,5,0.5691,3.056,c1cnc(CNc2nccc(Nc3cc[nH]n3)n2)nc1,6,False,False,True,rdkit_reaction_aryl_Cl
CAND_1d6827331f,rdkit,JAK2_78f0dc8dac,Cc1cc(Nc2nc(N[C@@H](C)c3ncc(F)c(Cl)n3)ncc2Br)n[nH]1,QPQAGBQRBOJPNL-ZETCQYMHSA-N,True,True,True,427.669,3.7698,104.3,3,7,5,0.5324,3.056,c1cnc(CNc2nccc(Nc3cc[nH]n3)n2)nc1,6,False,False,True,rdkit_reaction_aryl_Cl
CAND_e1b5a80fa2,rdkit,JAK2_7199fc7e1a,C[C@H](Nc1nc(Nc2ncn(C)c2F)c2ccccc2n1)c1ncc(F)cn1,RBPMOPBQBYDGBY-JTQLQIEISA-N,True,True,True,382.378,3.3482,93.44,2,7,5,0.5466,3.055,c1cnc(CNc2nc(Nc3c[nH]cn3)c3ccccc3n2)nc1,6,False,False,True,rdkit_reaction_aryl_F
CAND_3e4389a19f,rdkit,JAK2_7199fc7e1a,C[C@H](Nc1nc(Nc2cn(C)c(F)n2)c2ccccc2n1)c1ncc(F)cn1,DLPZOTFRAJWFLY-JTQLQIEISA-N,True,True,True,382.378,3.3482,93.44,2,7,5,0.5466,3.055,c1cnc(CNc2nc(Nc3c[nH]cn3)c3ccccc3n2)nc1,6,False,False,True,rdkit_reaction_aryl_F
CAND_365313f2b9,rdkit,JAK2_7199fc7e1a,C[C@H](Nc1nc(Nc2cn(C)cn2)c2c(F)cccc2n1)c1ncc(F)cn1,ARUYNHSDHDPCFC-JTQLQIEISA-N,True,True,True,382.378,3.3482,93.44,2,7,5,0.5466,3.055,c1cnc(CNc2nc(Nc3c[nH]cn3)c3ccccc3n2)nc1,6,False,False,True,rdkit_reaction_aryl_F
CAND_f0b3aea685,rdkit,JAK2_7199fc7e1a,C[C@H](Nc1nc(Nc2cn(C)cn2)c2cc(F)ccc2n1)c1ncc(F)cn1,MTCHHIDAYZBSLM-JTQLQIEISA-N,True,True,True,382.378,3.3482,93.44,2,7,5,0.5466,3.055,c1cnc(CNc2nc(Nc3c[nH]cn3)c3ccccc3n2)nc1,6,False,False,True,rdkit_reaction_aryl_F
CAND_fa203846e6,rdkit,JAK2_7199fc7e1a,C[C@H](Nc1nc(Nc2cn(C)cn2)c2ccc(F)cc2n1)c1ncc(F)cn1,UNSCZNSZRFNEJC-JTQLQIEISA-N,True,True,True,382.378,3.3482,93.44,2,7,5,0.5466,3.055,c1cnc(CNc2nc(Nc3c[nH]cn3)c3ccccc3n2)nc1,6,False,False,True,rdkit_reaction_aryl_F
CAND_bc93cc701e,rdkit,JAK2_70cc9d691f,Cc1[nH]nc(Nc2nc(N[C@@H](C)c3ncc(F)cn3)nc(N3CCOCC3)c2F)c1F,DJFISYLCLREBHJ-JTQLQIEISA-N,True,True,True,435.414,2.4687,116.77,3,9,6,0.5368,3.475,c1cnc(CNc2nc(Nc3cc[nH]n3)cc(N3CCOCC3)n2)nc1,6,False,False,True,rdkit_reaction_aryl_F
CAND_2a80801219,rdkit,JAK2_70cc9d691f,Cc1cc(Nc2nc(N[C@@H](C)c3ncc(F)c(F)n3)nc(N3CCOCC3)c2F)n[nH]1,VGEPEKVNLGPHDK-JTQLQIEISA-N,True,True,True,435.414,2.4687,116.77,3,9,6,0.5021,3.475,c1cnc(CNc2nc(Nc3cc[nH]n3)cc(N3CCOCC3)n2)nc1,6,False,False,True,rdkit_reaction_aryl_F
CAND_3c60b67dd9,rdkit,JAK2_70cc9d691f,Cc1[nH]nc(Nc2nc(N[C@@H](C)c3ncc(F)cn3)nc(N3CCOCC3)c2F)c1Cl,GRBPVHKDUKDTTK-JTQLQIEISA-N,True,True,True,451.869,2.983,116.77,3,9,6,0.5195,3.566,c1cnc(CNc2nc(Nc3cc[nH]n3)cc(N3CCOCC3)n2)nc1,6,False,False,True,rdkit_reaction_aryl_Cl
CAND_cd97927676,rdkit,JAK2_70cc9d691f,Cc1cc(Nc2nc(N[C@@H](C)c3ncc(F)c(Cl)n3)nc(N3CCOCC3)c2F)n[nH]1,MRTKTLFVJTYHKW-JTQLQIEISA-N,True,True,True,451.869,2.983,116.77,3,9,6,0.486,3.566,c1cnc(CNc2nc(Nc3cc[nH]n3)cc(N3CCOCC3)n2)nc1,6,False,False,True,rdkit_reaction_aryl_Cl
CAND_89d57e600e,rdkit,JAK2_70cc9d691f,Cc1[nH]nc(Nc2nc(N[C@@H](C)c3ncc(F)cn3)nc(N3CCOCC3)c2F)c1C,HKIABBPNJULJQJ-LBPRGKRZSA-N,True,True,True,431.451,2.638,116.77,3,9,6,0.5414,3.453,c1cnc(CNc2nc(Nc3cc[nH]n3)cc(N3CCOCC3)n2)nc1,6,False,False,True,rdkit_reaction_aryl_Me
CAND_7e07ca503e,rdkit,JAK2_5244fcd33d,COc1[nH]nc(Nc2cncc(N[C@@H](C)c3ccc(F)cn3)n2)c1F,NZFHXUSMQYIZCJ-QMMMGPOBSA-N,True,True,True,347.329,2.7982,100.64,3,7,6,0.6302,2.75,c1ccc(CNc2cncc(Nc3cc[nH]n3)n2)nc1,6,False,False,True,rdkit_reaction_aryl_F
CAND_964ce8118a,rdkit,JAK2_5244fcd33d,COc1cc(Nc2nc(N[C@@H](C)c3ccc(F)cn3)cnc2F)n[nH]1,NPVRPBHQFGLBMH-QMMMGPOBSA-N,True,True,True,347.329,2.7982,100.64,3,7,6,0.6302,2.75,c1ccc(CNc2cncc(Nc3cc[nH]n3)n2)nc1,6,False,False,True,rdkit_reaction_aryl_F
CAND_8a3672a6cd,rdkit,JAK2_5244fcd33d,COc1cc(Nc2cnc(F)c(N[C@@H](C)c3ccc(F)cn3)n2)n[nH]1,MFIAAHOBGUGEBJ-QMMMGPOBSA-N,True,True,True,347.329,2.7982,100.64,3,7,6,0.6302,2.75,c1ccc(CNc2cncc(Nc3cc[nH]n3)n2)nc1,6,False,False,True,rdkit_reaction_aryl_F
CAND_3e300024bd,rdkit,JAK2_5244fcd33d,COc1cc(Nc2cncc(N[C@@H](C)c3ncc(F)cc3F)n2)n[nH]1,YKPPEAKOICMSPY-QMMMGPOBSA-N,True,True,True,347.329,2.7982,100.64,3,7,6,0.6302,2.75,c1ccc(CNc2cncc(Nc3cc[nH]n3)n2)nc1,6,False,False,True,rdkit_reaction_aryl_F
CAND_78252f4429,rdkit,JAK2_5244fcd33d,COc1cc(Nc2cncc(N[C@@H](C)c3cc(F)c(F)cn3)n2)n[nH]1,KZNLWVRLLUAPBZ-QMMMGPOBSA-N,True,True,True,347.329,2.7982,100.64,3,7,6,0.6302,2.75,c1ccc(CNc2cncc(Nc3cc[nH]n3)n2)nc1,6,False,False,True,rdkit_reaction_aryl_F
CAND_83fb530d83,rdkit,JAK2_4138d82a33,Cc1[nH]nc(Nc2cnc(C#N)c(N[C@@H](C)c3ncc(F)cn3)n2)c1F,HKRQSSQSVPPVTN-QMMMGPOBSA-N,True,True,True,357.328,2.3647,128.09,3,8,5,0.6347,2.666,c1cnc(CNc2cncc(Nc3cc[nH]n3)n2)nc1,6,False,False,True,rdkit_reaction_aryl_F
CAND_4b8c5cf26d,rdkit,JAK2_4138d82a33,Cc1cc(Nc2nc(N[C@@H](C)c3ncc(F)cn3)c(C#N)nc2F)n[nH]1,QIVJTPWCZBCADC-QMMMGPOBSA-N,True,True,True,357.328,2.3647,128.09,3,8,5,0.6347,2.666,c1cnc(CNc2cncc(Nc3cc[nH]n3)n2)nc1,6,False,False,True,rdkit_reaction_aryl_F
CAND_413d92f3aa,rdkit,JAK2_4138d82a33,Cc1cc(Nc2cnc(C#N)c(N[C@@H](C)c3ncc(F)c(F)n3)n2)n[nH]1,HVUOXLGJOXMAOD-QMMMGPOBSA-N,True,True,True,357.328,2.3647,128.09,3,8,5,0.5938,2.666,c1cnc(CNc2cncc(Nc3cc[nH]n3)n2)nc1,6,False,False,True,rdkit_reaction_aryl_F
CAND_41b39e65a7,rdkit,JAK2_4138d82a33,Cc1[nH]nc(Nc2cnc(C#N)c(N[C@@H](C)c3ncc(F)cn3)n2)c1Cl,GPBLZDRJJPCPHY-QMMMGPOBSA-N,True,True,True,373.783,2.879,128.09,3,8,5,0.6223,2.757,c1cnc(CNc2cncc(Nc3cc[nH]n3)n2)nc1,6,False,False,True,rdkit_reaction_aryl_Cl
CAND_1766300bfa,rdkit,JAK2_4138d82a33,Cc1cc(Nc2nc(N[C@@H](C)c3ncc(F)cn3)c(C#N)nc2Cl)n[nH]1,SBLLTDFJIUAJDO-QMMMGPOBSA-N,True,True,True,373.783,2.879,128.09,3,8,5,0.6223,2.757,c1cnc(CNc2cncc(Nc3cc[nH]n3)n2)nc1,6,False,False,True,rdkit_reaction_aryl_Cl
CAND_3850df9691,rdkit,JAK2_1da373e9c1,C[C@H](Nc1nc(Nc2n[nH]c(C3CC3)c2F)c(F)cc1C#N)c1ccc(F)cc1,VNQGAKBCZYCGLY-JTQLQIEISA-N,True,True,True,398.392,4.8878,89.42,3,5,6,0.5502,3.269,c1ccc(CNc2cccc(Nc3cc(C4CC4)[nH]n3)n2)cc1,6,False,False,True,rdkit_reaction_aryl_F
CAND_e6c5e491a1,rdkit,JAK2_1da373e9c1,C[C@H](Nc1nc(Nc2cc(C3CC3)[nH]n2)c(F)c(F)c1C#N)c1ccc(F)cc1,OPXGMQHSOHTIFE-JTQLQIEISA-N,True,True,True,398.392,4.8878,89.42,3,5,6,0.5502,3.269,c1ccc(CNc2cccc(Nc3cc(C4CC4)[nH]n3)n2)cc1,6,False,False,True,rdkit_reaction_aryl_F
CAND_1cc3f2556d,rdkit,JAK2_1da373e9c1,C[C@H](Nc1nc(Nc2cc(C3CC3)[nH]n2)c(F)cc1C#N)c1ccc(F)cc1F,AOXURGNWDKJBMZ-JTQLQIEISA-N,True,True,True,398.392,4.8878,89.42,3,5,6,0.5502,3.269,c1ccc(CNc2cccc(Nc3cc(C4CC4)[nH]n3)n2)cc1,6,False,False,True,rdkit_reaction_aryl_F
CAND_c989723557,rdkit,JAK2_1da373e9c1,C[C@H](Nc1nc(Nc2cc(C3CC3)[nH]n2)c(F)cc1C#N)c1ccc(F)c(F)c1,DLHPWZQCJAZATE-JTQLQIEISA-N,True,True,True,398.392,4.8878,89.42,3,5,6,0.5502,3.269,c1ccc(CNc2cccc(Nc3cc(C4CC4)[nH]n3)n2)cc1,6,False,False,True,rdkit_reaction_aryl_F
CAND_6825692825,rdkit,JAK2_1da373e9c1,C[C@H](Nc1nc(Nc2n[nH]c(C3CC3)c2Cl)c(F)cc1C#N)c1ccc(F)cc1,FOYAHWBWZXPZJS-JTQLQIEISA-N,True,True,True,414.847,5.4021,89.42,3,5,6,0.502,3.561,c1ccc(CNc2cccc(Nc3cc(C4CC4)[nH]n3)n2)cc1,6,False,False,True,rdkit_reaction_aryl_Cl
CAND_c352901214,rdkit,JAK2_e70670bc05,COc1cc(Nc2nc3cccc(-c4ccc(C(=O)N5CCOCC5)c(F)c4)c3o2)c(F)c(OC)c1OC,GYFKZFLKKONUAE-UHFFFAOYSA-N,True,True,True,525.508,5.0148,95.29,1,8,7,0.3597,4.057,O=C(c1ccc(-c2cccc3nc(Nc4ccccc4)oc23)cc1)N1CCOCC1,6,False,False,True,rdkit_reaction_aryl_F
CAND_92041f9f23,rdkit,JAK2_e70670bc05,COc1cc(Nc2nc3c(F)ccc(-c4ccc(C(=O)N5CCOCC5)c(F)c4)c3o2)cc(OC)c1OC,CHRQGMVWNLGMJC-UHFFFAOYSA-N,True,True,True,525.508,5.0148,95.29,1,8,7,0.3597,4.057,O=C(c1ccc(-c2cccc3nc(Nc4ccccc4)oc23)cc1)N1CCOCC1,6,False,False,True,rdkit_reaction_aryl_F
CAND_a52a9dd73d,rdkit,JAK2_e70670bc05,COc1cc(Nc2nc3cc(F)cc(-c4ccc(C(=O)N5CCOCC5)c(F)c4)c3o2)cc(OC)c1OC,PRFONOKNEPOYGN-UHFFFAOYSA-N,True,True,True,525.508,5.0148,95.29,1,8,7,0.3597,4.057,O=C(c1ccc(-c2cccc3nc(Nc4ccccc4)oc23)cc1)N1CCOCC1,6,False,False,True,rdkit_reaction_aryl_F
CAND_89d93a374f,rdkit,JAK2_e70670bc05,COc1cc(Nc2nc3ccc(F)c(-c4ccc(C(=O)N5CCOCC5)c(F)c4)c3o2)cc(OC)c1OC,FUQOMNGIDOGECJ-UHFFFAOYSA-N,True,True,True,525.508,5.0148,95.29,1,8,7,0.3597,4.057,O=C(c1ccc(-c2cccc3nc(Nc4ccccc4)oc23)cc1)N1CCOCC1,6,False,False,True,rdkit_reaction_aryl_F
CAND_fd700da932,rdkit,JAK2_e70670bc05,COc1cc(Nc2nc3cccc(-c4cc(F)c(C(=O)N5CCOCC5)cc4F)c3o2)cc(OC)c1OC,DKHQUBIFDGEVKP-UHFFFAOYSA-N,True,True,True,525.508,5.0148,95.29,1,8,7,0.3597,4.057,O=C(c1ccc(-c2cccc3nc(Nc4ccccc4)oc23)cc1)N1CCOCC1,6,False,False,True,rdkit_reaction_aryl_F
CAND_9110b05984,rdkit,JAK2_fc1e2398b3,Cc1[nH]nc(Nc2nc(N[C@@H](C)c3ncc(F)cn3)ncc2F)c1F,QWJYUGWDMQHOSX-ZETCQYMHSA-N,True,True,True,350.308,2.6321,104.3,3,7,5,0.6496,2.627,c1cnc(CNc2nccc(Nc3cc[nH]n3)n2)nc1,6,False,False,True,rdkit_reaction_aryl_F
CAND_13619b2f00,rdkit,JAK2_fc1e2398b3,Cc1cc(Nc2nc(N[C@@H](C)c3ncc(F)c(F)n3)ncc2F)n[nH]1,KQYKKSRXBFWZTD-ZETCQYMHSA-N,True,True,True,350.308,2.6321,104.3,3,7,5,0.6077,2.627,c1cnc(CNc2nccc(Nc3cc[nH]n3)n2)nc1,6,False,False,True,rdkit_reaction_aryl_F
CAND_064c26d404,rdkit,JAK2_fc1e2398b3,Cc1cc(Nc2nc(N[C@@H](C)c3ncc(F)cn3)nc(F)c2F)n[nH]1,VZILSLXTPWLILU-ZETCQYMHSA-N,True,True,True,350.308,2.6321,104.3,3,7,5,0.6077,2.627,c1cnc(CNc2nccc(Nc3cc[nH]n3)n2)nc1,6,False,False,True,rdkit_reaction_aryl_F
CAND_9c3e522837,rdkit,JAK2_fc1e2398b3,Cc1[nH]nc(Nc2nc(N[C@@H](C)c3ncc(F)cn3)ncc2F)c1Cl,XNUOZPUAJDYFNK-ZETCQYMHSA-N,True,True,True,366.763,3.1464,104.3,3,7,5,0.6367,2.718,c1cnc(CNc2nccc(Nc3cc[nH]n3)n2)nc1,6,False,False,True,rdkit_reaction_aryl_Cl
CAND_ce1d308f25,rdkit,JAK2_fc1e2398b3,Cc1cc(Nc2nc(N[C@@H](C)c3ncc(F)c(Cl)n3)ncc2F)n[nH]1,WQPAXSVGMYATSZ-ZETCQYMHSA-N,True,True,True,366.763,3.1464,104.3,3,7,5,0.5956,2.718,c1cnc(CNc2nccc(Nc3cc[nH]n3)n2)nc1,6,False,False,True,rdkit_reaction_aryl_Cl
CAND_3e08841150,rdkit,JAK2_48e15ba2e4,COc1[nH]nc(Nc2nc(N[C@@H](C)c3ncc(F)cn3)ncc2Cl)c1F,ZWIUSXWOOZEMQJ-LURJTMIESA-N,True,True,True,382.762,2.8466,113.53,3,8,6,0.596,2.932,c1cnc(CNc2nccc(Nc3cc[nH]n3)n2)nc1,6,False,False,True,rdkit_reaction_aryl_F
CAND_0a9625ff71,rdkit,JAK2_48e15ba2e4,COc1cc(Nc2nc(N[C@@H](C)c3ncc(F)c(F)n3)ncc2Cl)n[nH]1,DFLYSJIFMBQMNE-LURJTMIESA-N,True,True,True,382.762,2.8466,113.53,3,8,6,0.5576,2.932,c1cnc(CNc2nccc(Nc3cc[nH]n3)n2)nc1,6,False,False,True,rdkit_reaction_aryl_F
CAND_1af3095b9f,rdkit,JAK2_48e15ba2e4,COc1cc(Nc2nc(N[C@@H](C)c3ncc(F)cn3)nc(F)c2Cl)n[nH]1,IXFIIWZQJZEKJE-LURJTMIESA-N,True,True,True,382.762,2.8466,113.53,3,8,6,0.5576,2.932,c1cnc(CNc2nccc(Nc3cc[nH]n3)n2)nc1,6,False,False,True,rdkit_reaction_aryl_F
CAND_6b5bd8f1df,rdkit,JAK2_48e15ba2e4,COc1[nH]nc(Nc2nc(N[C@@H](C)c3ncc(F)cn3)ncc2Cl)c1Cl,BXRPIKNQVZXTLU-LURJTMIESA-N,True,True,True,399.217,3.3609,113.53,3,8,6,0.5784,3.023,c1cnc(CNc2nccc(Nc3cc[nH]n3)n2)nc1,6,False,False,True,rdkit_reaction_aryl_Cl
CAND_7aed4ba2bb,rdkit,JAK2_48e15ba2e4,COc1cc(Nc2nc(N[C@@H](C)c3ncc(F)c(Cl)n3)ncc2Cl)n[nH]1,KINBQAPSFVHAQT-LURJTMIESA-N,True,True,True,399.217,3.3609,113.53,3,8,6,0.5411,3.023,c1cnc(CNc2nccc(Nc3cc[nH]n3)n2)nc1,6,False,False,True,rdkit_reaction_aryl_Cl
CAND_a09e4a57a9,rdkit,JAK2_9130ed79cb,Cc1[nH]nc(Nc2nc(N[C@@H](C)c3ccc(F)cn3)c(C#N)cc2Cl)c1F,KJNQCLSYDKMBOY-QMMMGPOBSA-N,True,True,True,389.797,4.2281,102.31,3,6,5,0.6032,2.846,c1ccc(CNc2cccc(Nc3cc[nH]n3)n2)nc1,6,False,False,True,rdkit_reaction_aryl_F
CAND_ad178f582b,rdkit,JAK2_9130ed79cb,Cc1cc(Nc2nc(N[C@@H](C)c3ncc(F)cc3F)c(C#N)cc2Cl)n[nH]1,YVCWLYMGJIEZOG-VIFPVBQESA-N,True,True,True,389.797,4.2281,102.31,3,6,5,0.6032,2.846,c1ccc(CNc2cccc(Nc3cc[nH]n3)n2)nc1,6,False,False,True,rdkit_reaction_aryl_F
CAND_ab16abc27b,rdkit,JAK2_9130ed79cb,Cc1cc(Nc2nc(N[C@@H](C)c3cc(F)c(F)cn3)c(C#N)cc2Cl)n[nH]1,PLMZFCORYJONBB-VIFPVBQESA-N,True,True,True,389.797,4.2281,102.31,3,6,5,0.6032,2.846,c1ccc(CNc2cccc(Nc3cc[nH]n3)n2)nc1,6,False,False,True,rdkit_reaction_aryl_F
CAND_492d50a387,rdkit,JAK2_9130ed79cb,Cc1cc(Nc2nc(N[C@@H](C)c3ccc(F)c(F)n3)c(C#N)cc2Cl)n[nH]1,IOZDAODWQZAVDZ-VIFPVBQESA-N,True,True,True,389.797,4.2281,102.31,3,6,5,0.5642,2.846,c1ccc(CNc2cccc(Nc3cc[nH]n3)n2)nc1,6,False,False,True,rdkit_reaction_aryl_F
CAND_51aa508533,rdkit,JAK2_9130ed79cb,Cc1cc(Nc2nc(N[C@@H](C)c3ccc(F)cn3)c(C#N)c(F)c2Cl)n[nH]1,XRCUYTGZJCIYDI-VIFPVBQESA-N,True,True,True,389.797,4.2281,102.31,3,6,5,0.6032,2.846,c1ccc(CNc2cccc(Nc3cc[nH]n3)n2)nc1,6,False,False,True,rdkit_reaction_aryl_F
CAND_1f4e0965d3,rdkit,JAK2_09edf70d78,CN1CCN(c2ccc(Nc3nc4c(-c5ccc(S(C)(=O)=O)cc5)cccn4n3)cc2F)CC1,AJIFKGCMROZJFP-UHFFFAOYSA-N,True,True,True,480.569,3.4343,82.84,1,7,5,0.4686,3.55,c1ccc(-c2cccn3nc(Nc4ccc(N5CCNCC5)cc4)nc23)cc1,6,False,False,True,rdkit_reaction_aryl_F
CAND_cf51657327,rdkit,JAK2_09edf70d78,CN1CCN(c2ccc(Nc3nc4c(-c5ccc(S(C)(=O)=O)cc5)cccn4n3)c(F)c2)CC1,RNPSKHDTDBNIQC-UHFFFAOYSA-N,True,True,True,480.569,3.4343,82.84,1,7,5,0.4686,3.55,c1ccc(-c2cccn3nc(Nc4ccc(N5CCNCC5)cc4)nc23)cc1,6,False,False,True,rdkit_reaction_aryl_F
CAND_fbab7fb28d,rdkit,JAK2_09edf70d78,CN1CCN(c2ccc(Nc3nc4c(-c5ccc(S(C)(=O)=O)cc5F)cccn4n3)cc2)CC1,QKKYKFBHHVWBTG-UHFFFAOYSA-N,True,True,True,480.569,3.4343,82.84,1,7,5,0.4686,3.55,c1ccc(-c2cccn3nc(Nc4ccc(N5CCNCC5)cc4)nc23)cc1,6,False,False,True,rdkit_reaction_aryl_F
CAND_b75052dca4,rdkit,JAK2_09edf70d78,CN1CCN(c2ccc(Nc3nc4c(-c5ccc(S(C)(=O)=O)c(F)c5)cccn4n3)cc2)CC1,PPSPQFOQKKCLCZ-UHFFFAOYSA-N,True,True,True,480.569,3.4343,82.84,1,7,5,0.4686,3.55,c1ccc(-c2cccn3nc(Nc4ccc(N5CCNCC5)cc4)nc23)cc1,6,False,False,True,rdkit_reaction_aryl_F
CAND_b98b74f824,rdkit,JAK2_09edf70d78,CN1CCN(c2ccc(Nc3nc4c(-c5ccc(S(C)(=O)=O)cc5)c(F)ccn4n3)cc2)CC1,UMCMQWTWAAJFND-UHFFFAOYSA-N,True,True,True,480.569,3.4343,82.84,1,7,5,0.4686,3.55,c1ccc(-c2cccn3nc(Nc4ccc(N5CCNCC5)cc4)nc23)cc1,6,False,False,True,rdkit_reaction_aryl_F
CAND_30796a5d04,rdkit,JAK2_c4e3138137,Cc1[nH]nc(Nc2nc(N[C@@H](C)c3ncc(F)cn3)nc(N3CCOCC3)c2Cl)c1F,YTHGVYCDGVAGRF-JTQLQIEISA-N,True,True,True,451.869,2.983,116.77,3,9,6,0.5195,3.566,c1cnc(CNc2nc(Nc3cc[nH]n3)cc(N3CCOCC3)n2)nc1,6,False,False,True,rdkit_reaction_aryl_F
CAND_34148c2bee,rdkit,JAK2_c4e3138137,Cc1cc(Nc2nc(N[C@@H](C)c3ncc(F)c(F)n3)nc(N3CCOCC3)c2Cl)n[nH]1,PBLOPGYBUGOLIU-JTQLQIEISA-N,True,True,True,451.869,2.983,116.77,3,9,6,0.486,3.566,c1cnc(CNc2nc(Nc3cc[nH]n3)cc(N3CCOCC3)n2)nc1,6,False,False,True,rdkit_reaction_aryl_F
CAND_df7361349c,rdkit,JAK2_c4e3138137,Cc1[nH]nc(Nc2nc(N[C@@H](C)c3ncc(F)cn3)nc(N3CCOCC3)c2Cl)c1Cl,BYOOETDZZGBEEY-JTQLQIEISA-N,True,True,True,468.324,3.4973,116.77,3,9,6,0.4998,3.657,c1cnc(CNc2nc(Nc3cc[nH]n3)cc(N3CCOCC3)n2)nc1,6,False,False,True,rdkit_reaction_aryl_Cl
CAND_ef69e32fe6,rdkit,JAK2_c4e3138137,Cc1cc(Nc2nc(N[C@@H](C)c3ncc(F)c(Cl)n3)nc(N3CCOCC3)c2Cl)n[nH]1,KYNYCFJVDAMWIL-JTQLQIEISA-N,True,True,True,468.324,3.4973,116.77,3,9,6,0.4676,3.657,c1cnc(CNc2nc(Nc3cc[nH]n3)cc(N3CCOCC3)n2)nc1,6,False,False,True,rdkit_reaction_aryl_Cl
CAND_ecf4938dcd,rdkit,JAK2_c4e3138137,Cc1[nH]nc(Nc2nc(N[C@@H](C)c3ncc(F)cn3)nc(N3CCOCC3)c2Cl)c1C,SKUNGGIRISCEOX-LBPRGKRZSA-N,True,True,True,447.906,3.1523,116.77,3,9,6,0.5233,3.544,c1cnc(CNc2nc(Nc3cc[nH]n3)cc(N3CCOCC3)n2)nc1,6,False,False,True,rdkit_reaction_aryl_Me
CAND_65310c2931,rdkit,JAK2_41b9969ce1,Cc1[nH]nc(Nc2nc(N[C@@H](C)c3ncc(F)cn3)c(F)c(N3CCOCC3)n2)c1F,MNCJLYUGGYAJCE-JTQLQIEISA-N,True,True,True,435.414,2.4687,116.77,3,9,6,0.5368,3.475,c1cnc(CNc2cc(N3CCOCC3)nc(Nc3cc[nH]n3)n2)nc1,6,False,False,True,rdkit_reaction_aryl_F
CAND_2ac0ec74fc,rdkit,JAK2_41b9969ce1,Cc1cc(Nc2nc(N[C@@H](C)c3ncc(F)c(F)n3)c(F)c(N3CCOCC3)n2)n[nH]1,HSHVQVYXLRHQFU-JTQLQIEISA-N,True,True,True,435.414,2.4687,116.77,3,9,6,0.5021,3.475,c1cnc(CNc2cc(N3CCOCC3)nc(Nc3cc[nH]n3)n2)nc1,6,False,False,True,rdkit_reaction_aryl_F
CAND_58fad7a90f,rdkit,JAK2_41b9969ce1,Cc1[nH]nc(Nc2nc(N[C@@H](C)c3ncc(F)cn3)c(F)c(N3CCOCC3)n2)c1Cl,WVGQHOWOSTVJTN-JTQLQIEISA-N,True,True,True,451.869,2.983,116.77,3,9,6,0.5195,3.566,c1cnc(CNc2cc(N3CCOCC3)nc(Nc3cc[nH]n3)n2)nc1,6,False,False,True,rdkit_reaction_aryl_Cl
CAND_36b78b1885,rdkit,JAK2_41b9969ce1,Cc1cc(Nc2nc(N[C@@H](C)c3ncc(F)c(Cl)n3)c(F)c(N3CCOCC3)n2)n[nH]1,PKHYSVLYJDXDKX-JTQLQIEISA-N,True,True,True,451.869,2.983,116.77,3,9,6,0.486,3.566,c1cnc(CNc2cc(N3CCOCC3)nc(Nc3cc[nH]n3)n2)nc1,6,False,False,True,rdkit_reaction_aryl_Cl
CAND_18f6443df0,rdkit,JAK2_41b9969ce1,Cc1[nH]nc(Nc2nc(N[C@@H](C)c3ncc(F)cn3)c(F)c(N3CCOCC3)n2)c1C,CBGFBNKFHCPCKX-LBPRGKRZSA-N,True,True,True,431.451,2.638,116.77,3,9,6,0.5414,3.453,c1cnc(CNc2cc(N3CCOCC3)nc(Nc3cc[nH]n3)n2)nc1,6,False,False,True,rdkit_reaction_aryl_Me
CAND_db153b6edb,rdkit,JAK2_808899f7bc,Cc1sc(Nc2cc(N3CCN(C)CC3)nc(N[C@@H](C)c3ccc(F)cn3)n2)nc1F,NLGHKNKYADPXEQ-LBPRGKRZSA-N,True,True,True,446.531,3.5832,82.1,2,9,6,0.5947,3.536,c1ccc(CNc2nc(Nc3nccs3)cc(N3CCNCC3)n2)nc1,6,False,False,True,rdkit_reaction_aryl_F
CAND_5f2d034a46,rdkit,JAK2_808899f7bc,Cc1cnc(Nc2nc(N[C@@H](C)c3ccc(F)cn3)nc(N3CCN(C)CC3)c2F)s1,GJVIHKGSPGRKCJ-ZDUSSCGKSA-N,True,True,True,446.531,3.5832,82.1,2,9,6,0.5947,3.536,c1ccc(CNc2nc(Nc3nccs3)cc(N3CCNCC3)n2)nc1,6,False,False,True,rdkit_reaction_aryl_F
CAND_158368c7fa,rdkit,JAK2_808899f7bc,Cc1cnc(Nc2cc(N3CCN(C)CC3)nc(N[C@@H](C)c3ncc(F)cc3F)n2)s1,AROIGAQIKZKTAU-ZDUSSCGKSA-N,True,True,True,446.531,3.5832,82.1,2,9,6,0.5947,3.536,c1ccc(CNc2nc(Nc3nccs3)cc(N3CCNCC3)n2)nc1,6,False,False,True,rdkit_reaction_aryl_F
CAND_ee767bd7b1,rdkit,JAK2_808899f7bc,Cc1cnc(Nc2cc(N3CCN(C)CC3)nc(N[C@@H](C)c3cc(F)c(F)cn3)n2)s1,LBAGSZXGZNDUPT-ZDUSSCGKSA-N,True,True,True,446.531,3.5832,82.1,2,9,6,0.5947,3.536,c1ccc(CNc2nc(Nc3nccs3)cc(N3CCNCC3)n2)nc1,6,False,False,True,rdkit_reaction_aryl_F
CAND_6759ff9896,rdkit,JAK2_808899f7bc,Cc1cnc(Nc2cc(N3CCN(C)CC3)nc(N[C@@H](C)c3ccc(F)c(F)n3)n2)s1,LPXDAPCJNZNHAF-ZDUSSCGKSA-N,True,True,True,446.531,3.5832,82.1,2,9,6,0.5563,3.536,c1ccc(CNc2nc(Nc3nccs3)cc(N3CCNCC3)n2)nc1,6,False,False,True,rdkit_reaction_aryl_F
CAND_8519e35fe0,rdkit,JAK2_ade5fd5f47,COc1ccc(Nc2nc3c(-c4ccc(S(C)(=O)=O)cc4)cccn3n2)cc1F,QOLQGIBOWSSPCZ-UHFFFAOYSA-N,True,True,True,412.446,3.6911,85.59,1,6,5,0.5381,2.972,c1ccc(Nc2nc3c(-c4ccccc4)cccn3n2)cc1,6,False,False,True,rdkit_reaction_aryl_F
CAND_d7dae4563d,rdkit,JAK2_ade5fd5f47,COc1ccc(Nc2nc3c(-c4ccc(S(C)(=O)=O)cc4)cccn3n2)c(F)c1,AKOHWIQEOJAFCN-UHFFFAOYSA-N,True,True,True,412.446,3.6911,85.59,1,6,5,0.5381,2.972,c1ccc(Nc2nc3c(-c4ccccc4)cccn3n2)cc1,6,False,False,True,rdkit_reaction_aryl_F
CAND_ea0b00c80b,rdkit,JAK2_ade5fd5f47,COc1ccc(Nc2nc3c(-c4ccc(S(C)(=O)=O)cc4F)cccn3n2)cc1,JQALHKDNDYTPRS-UHFFFAOYSA-N,True,True,True,412.446,3.6911,85.59,1,6,5,0.5381,2.972,c1ccc(Nc2nc3c(-c4ccccc4)cccn3n2)cc1,6,False,False,True,rdkit_reaction_aryl_F
CAND_9adfe5c447,rdkit,JAK2_ade5fd5f47,COc1ccc(Nc2nc3c(-c4ccc(S(C)(=O)=O)c(F)c4)cccn3n2)cc1,DZECEIKEMNDYII-UHFFFAOYSA-N,True,True,True,412.446,3.6911,85.59,1,6,5,0.5381,2.972,c1ccc(Nc2nc3c(-c4ccccc4)cccn3n2)cc1,6,False,False,True,rdkit_reaction_aryl_F
CAND_26fef9c7ec,rdkit,JAK2_ade5fd5f47,COc1ccc(Nc2nc3c(-c4ccc(S(C)(=O)=O)cc4)c(F)ccn3n2)cc1,SGAVIAHTHPTMTC-UHFFFAOYSA-N,True,True,True,412.446,3.6911,85.59,1,6,5,0.5381,2.972,c1ccc(Nc2nc3c(-c4ccccc4)cccn3n2)cc1,6,False,False,True,rdkit_reaction_aryl_F
CAND_9e5708e564,rdkit,JAK2_f69fa9f13e,Cc1c(F)nc(Nc2ccc(OCCN3CCCC3)cc2)nc1Nc1cccc(S(=O)(=O)NC(C)(C)C)c1,LVSIUNIFPNLAPK-UHFFFAOYSA-N,True,True,True,542.681,4.9627,108.48,3,8,10,0.3086,4.32,c1ccc(Nc2ccnc(Nc3ccc(OCCN4CCCC4)cc3)n2)cc1,6,False,False,True,rdkit_reaction_aryl_F
CAND_d1606a29be,rdkit,JAK2_f69fa9f13e,Cc1cnc(Nc2ccc(OCCN3CCCC3)cc2F)nc1Nc1cccc(S(=O)(=O)NC(C)(C)C)c1,MHVFLCHEHANPRB-UHFFFAOYSA-N,True,True,True,542.681,4.9627,108.48,3,8,10,0.3299,4.32,c1ccc(Nc2ccnc(Nc3ccc(OCCN4CCCC4)cc3)n2)cc1,6,False,False,True,rdkit_reaction_aryl_F
CAND_2bf8303324,rdkit,JAK2_f69fa9f13e,Cc1cnc(Nc2ccc(OCCN3CCCC3)c(F)c2)nc1Nc1cccc(S(=O)(=O)NC(C)(C)C)c1,BWGSERYSSCRWNR-UHFFFAOYSA-N,True,True,True,542.681,4.9627,108.48,3,8,10,0.3299,4.32,c1ccc(Nc2ccnc(Nc3ccc(OCCN4CCCC4)cc3)n2)cc1,6,False,False,True,rdkit_reaction_aryl_F
CAND_1e104cd78d,rdkit,JAK2_f69fa9f13e,Cc1cnc(Nc2ccc(OCCN3CCCC3)cc2)nc1Nc1cc(S(=O)(=O)NC(C)(C)C)ccc1F,MFPYPAUHZKINGB-UHFFFAOYSA-N,True,True,True,542.681,4.9627,108.48,3,8,10,0.3299,4.32,c1ccc(Nc2ccnc(Nc3ccc(OCCN4CCCC4)cc3)n2)cc1,6,False,False,True,rdkit_reaction_aryl_F
CAND_a1b8aeb8c7,rdkit,JAK2_f69fa9f13e,Cc1cnc(Nc2ccc(OCCN3CCCC3)cc2)nc1Nc1cc(F)cc(S(=O)(=O)NC(C)(C)C)c1,VWSDTGSFNZDACO-UHFFFAOYSA-N,True,True,True,542.681,4.9627,108.48,3,8,10,0.3299,4.32,c1ccc(Nc2ccnc(Nc3ccc(OCCN4CCCC4)cc3)n2)cc1,6,False,False,True,rdkit_reaction_aryl_F
CAND_90f36e214f,rdkit,JAK2_8d61ec1030,C[C@H](Nc1nc(F)c(Cl)c(Nc2cc(C3CC3)[nH]n2)n1)c1ncc(F)cn1,BTLFDYLCOZQKOH-ZETCQYMHSA-N,True,True,True,392.801,3.7154,104.3,3,7,6,0.549,3.238,c1cnc(CNc2nccc(Nc3cc(C4CC4)[nH]n3)n2)nc1,6,False,False,True,rdkit_reaction_aryl_F
CAND_f2b7d1c6d6,rdkit,JAK2_8d61ec1030,C[C@H](Nc1ncc(Cl)c(Nc2n[nH]c(C3CC3)c2F)n1)c1ncc(F)cn1,YMWOJFWQKNCFPQ-ZETCQYMHSA-N,True,True,True,392.801,3.7154,104.3,3,7,6,0.5869,3.238,c1cnc(CNc2nccc(Nc3cc(C4CC4)[nH]n3)n2)nc1,6,False,False,True,rdkit_reaction_aryl_F
CAND_963588fb8f,rdkit,JAK2_8d61ec1030,C[C@H](Nc1ncc(Cl)c(Nc2cc(C3CC3)[nH]n2)n1)c1ncc(F)c(F)n1,GOBAYUGYRSEZFY-ZETCQYMHSA-N,True,True,True,392.801,3.7154,104.3,3,7,6,0.549,3.238,c1cnc(CNc2nccc(Nc3cc(C4CC4)[nH]n3)n2)nc1,6,False,False,True,rdkit_reaction_aryl_F
CAND_1f1a12450d,rdkit,JAK2_8d61ec1030,C[C@H](Nc1nc(Cl)c(Cl)c(Nc2cc(C3CC3)[nH]n2)n1)c1ncc(F)cn1,YEKBVUXLBGULFP-ZETCQYMHSA-N,True,True,True,409.256,4.2297,104.3,3,7,6,0.5236,3.329,c1cnc(CNc2nccc(Nc3cc(C4CC4)[nH]n3)n2)nc1,6,False,False,True,rdkit_reaction_aryl_Cl
CAND_ff1dd3a5dd,rdkit,JAK2_8d61ec1030,C[C@H](Nc1ncc(Cl)c(Nc2n[nH]c(C3CC3)c2Cl)n1)c1ncc(F)cn1,OPYXTTSOCXIBPQ-ZETCQYMHSA-N,True,True,True,409.256,4.2297,104.3,3,7,6,0.5597,3.329,c1cnc(CNc2nccc(Nc3cc(C4CC4)[nH]n3)n2)nc1,6,False,False,True,rdkit_reaction_aryl_Cl
CAND_8dd5182647,rdkit,JAK2_7c9f52f196,Cc1nc(C#N)c(NC(C)c2ccc(F)cn2)nc1Nc1n[nH]c(C)c1F,WWTUDAYMMPCTJU-UHFFFAOYSA-N,True,True,True,370.367,3.2781,115.2,3,7,5,0.6311,2.738,c1ccc(CNc2cncc(Nc3cc[nH]n3)n2)nc1,6,False,False,True,rdkit_reaction_aryl_F
CAND_742d6dca9e,rdkit,JAK2_7c9f52f196,Cc1cc(Nc2nc(NC(C)c3ncc(F)cc3F)c(C#N)nc2C)n[nH]1,CPLMGCBXVWOKJB-UHFFFAOYSA-N,True,True,True,370.367,3.2781,115.2,3,7,5,0.6311,2.738,c1ccc(CNc2cncc(Nc3cc[nH]n3)n2)nc1,6,False,False,True,rdkit_reaction_aryl_F
CAND_2e2895c131,rdkit,JAK2_7c9f52f196,Cc1cc(Nc2nc(NC(C)c3cc(F)c(F)cn3)c(C#N)nc2C)n[nH]1,QYYLBMKWGQNTRQ-UHFFFAOYSA-N,True,True,True,370.367,3.2781,115.2,3,7,5,0.6311,2.738,c1ccc(CNc2cncc(Nc3cc[nH]n3)n2)nc1,6,False,False,True,rdkit_reaction_aryl_F
CAND_de7249339b,rdkit,JAK2_7c9f52f196,Cc1cc(Nc2nc(NC(C)c3ccc(F)c(F)n3)c(C#N)nc2C)n[nH]1,XXNQMFYFWJNICT-UHFFFAOYSA-N,True,True,True,370.367,3.2781,115.2,3,7,5,0.5904,2.738,c1ccc(CNc2cncc(Nc3cc[nH]n3)n2)nc1,6,False,False,True,rdkit_reaction_aryl_F
CAND_418309c5c8,rdkit,JAK2_7c9f52f196,Cc1nc(C#N)c(NC(C)c2ccc(F)cn2)nc1Nc1n[nH]c(C)c1Cl,DODSLULDTHOVKZ-UHFFFAOYSA-N,True,True,True,386.822,3.7924,115.2,3,7,5,0.6104,2.83,c1ccc(CNc2cncc(Nc3cc[nH]n3)n2)nc1,6,False,False,True,rdkit_reaction_aryl_Cl
CAND_f1f0cfed2e,rdkit,JAK2_1546723152,COc1c(O)ccc(-c2ccnc(Nc3ccc(N4CCOCC4)cc3)n2)c1F,MBAHUIJMFCOJTO-UHFFFAOYSA-N,True,True,True,396.422,3.5771,79.74,2,7,5,0.6824,2.883,c1ccc(-c2ccnc(Nc3ccc(N4CCOCC4)cc3)n2)cc1,6,False,False,True,rdkit_reaction_aryl_F
CAND_18ebb27cde,rdkit,JAK2_1546723152,COc1cc(-c2nc(Nc3ccc(N4CCOCC4)cc3)ncc2F)ccc1O,OZJAQLVPDFNBJM-UHFFFAOYSA-N,True,True,True,396.422,3.5771,79.74,2,7,5,0.6824,2.883,c1ccc(-c2ccnc(Nc3ccc(N4CCOCC4)cc3)n2)cc1,6,False,False,True,rdkit_reaction_aryl_F
CAND_7de7fe0af9,rdkit,JAK2_1546723152,COc1cc(-c2cc(F)nc(Nc3ccc(N4CCOCC4)cc3)n2)ccc1O,IHISMJALGWXIKC-UHFFFAOYSA-N,True,True,True,396.422,3.5771,79.74,2,7,5,0.6383,2.883,c1ccc(-c2ccnc(Nc3ccc(N4CCOCC4)cc3)n2)cc1,6,False,False,True,rdkit_reaction_aryl_F
CAND_49829c26d3,rdkit,JAK2_1546723152,COc1cc(-c2ccnc(Nc3ccc(N4CCOCC4)cc3F)n2)ccc1O,BDSAYUSSCHWKBL-UHFFFAOYSA-N,True,True,True,396.422,3.5771,79.74,2,7,5,0.6824,2.883,c1ccc(-c2ccnc(Nc3ccc(N4CCOCC4)cc3)n2)cc1,6,False,False,True,rdkit_reaction_aryl_F
CAND_afe184bd6e,rdkit,JAK2_1546723152,COc1cc(-c2ccnc(Nc3ccc(N4CCOCC4)c(F)c3)n2)ccc1O,CECUUTVBHCZBTG-UHFFFAOYSA-N,True,True,True,396.422,3.5771,79.74,2,7,5,0.6824,2.883,c1ccc(-c2ccnc(Nc3ccc(N4CCOCC4)cc3)n2)cc1,6,False,False,True,rdkit_reaction_aryl_F
CAND_513a2ce6f9,rdkit,JAK2_9e2ca53048,CC(C)[C@@H](Nc1nc(F)c(C(N)=O)c2[nH]c3cc(-c4cnn(C)c4)ccc3c12)C(F)(F)F,DUNQKGOCSAHXLQ-QGZVFWFLSA-N,True,True,True,448.424,4.3534,101.62,3,4,5,0.312,3.422,c1cc2[nH]c3cc(-c4cn[nH]c4)ccc3c2cn1,6,False,False,True,rdkit_reaction_aryl_F
CAND_44cd74c8e8,rdkit,JAK2_9e2ca53048,CC(C)[C@@H](Nc1ncc(C(N)=O)c2[nH]c3c(F)c(-c4cnn(C)c4)ccc3c12)C(F)(F)F,SVHSMRXYUXKQEE-GOSISDBHSA-N,True,True,True,448.424,4.3534,101.62,3,4,5,0.3952,3.422,c1cc2[nH]c3cc(-c4cn[nH]c4)ccc3c2cn1,6,False,False,True,rdkit_reaction_aryl_F
CAND_38353bc79f,rdkit,JAK2_9e2ca53048,CC(C)[C@@H](Nc1ncc(C(N)=O)c2[nH]c3cc(-c4cn(C)nc4F)ccc3c12)C(F)(F)F,ZEYWBYDFXMXHMF-QGZVFWFLSA-N,True,True,True,448.424,4.3534,101.62,3,4,5,0.3952,3.422,c1cc2[nH]c3cc(-c4cn[nH]c4)ccc3c2cn1,6,False,False,True,rdkit_reaction_aryl_F
CAND_119c7169b8,rdkit,JAK2_9e2ca53048,CC(C)[C@@H](Nc1ncc(C(N)=O)c2[nH]c3cc(-c4cnn(C)c4F)ccc3c12)C(F)(F)F,SYOMYKPJXVFXNL-QGZVFWFLSA-N,True,True,True,448.424,4.3534,101.62,3,4,5,0.3952,3.422,c1cc2[nH]c3cc(-c4cn[nH]c4)ccc3c2cn1,6,False,False,True,rdkit_reaction_aryl_F
CAND_79a12f0910,rdkit,JAK2_9e2ca53048,CC(C)[C@@H](Nc1ncc(C(N)=O)c2[nH]c3cc(-c4cnn(C)c4)c(F)cc3c12)C(F)(F)F,CEFWEAVROQBEIG-GOSISDBHSA-N,True,True,True,448.424,4.3534,101.62,3,4,5,0.3952,3.422,c1cc2[nH]c3cc(-c4cn[nH]c4)ccc3c2cn1,6,False,False,True,rdkit_reaction_aryl_F
CAND_77b8d903e7,rdkit,JAK2_bc0710184a,CC(C)C(Nc1nc(F)c(C(N)=O)c2[nH]c3cc(-c4cnn(C)c4)ccc3c12)C1CC1,DEWGNSRQEGXCFY-UHFFFAOYSA-N,True,True,True,420.492,4.2011,101.62,3,4,6,0.4069,3.592,c1cc2[nH]c3cc(-c4cn[nH]c4)ccc3c2c(NCC2CC2)n1,6,False,False,True,rdkit_reaction_aryl_F
CAND_65c59b0240,rdkit,JAK2_bc0710184a,CC(C)C(Nc1ncc(C(N)=O)c2[nH]c3c(F)c(-c4cnn(C)c4)ccc3c12)C1CC1,QZBRTOYFTWINPI-UHFFFAOYSA-N,True,True,True,420.492,4.2011,101.62,3,4,6,0.435,3.592,c1cc2[nH]c3cc(-c4cn[nH]c4)ccc3c2c(NCC2CC2)n1,6,False,False,True,rdkit_reaction_aryl_F
CAND_1b6701521a,rdkit,JAK2_bc0710184a,CC(C)C(Nc1ncc(C(N)=O)c2[nH]c3cc(-c4cn(C)nc4F)ccc3c12)C1CC1,FRVWCZXDJKRSPT-UHFFFAOYSA-N,True,True,True,420.492,4.2011,101.62,3,4,6,0.435,3.592,c1cc2[nH]c3cc(-c4cn[nH]c4)ccc3c2c(NCC2CC2)n1,6,False,False,True,rdkit_reaction_aryl_F
CAND_b4a7d90749,rdkit,JAK2_bc0710184a,CC(C)C(Nc1ncc(C(N)=O)c2[nH]c3cc(-c4cnn(C)c4F)ccc3c12)C1CC1,YERFLPDRGLPLPS-UHFFFAOYSA-N,True,True,True,420.492,4.2011,101.62,3,4,6,0.435,3.592,c1cc2[nH]c3cc(-c4cn[nH]c4)ccc3c2c(NCC2CC2)n1,6,False,False,True,rdkit_reaction_aryl_F
CAND_387b17d729,rdkit,JAK2_bc0710184a,CC(C)C(Nc1ncc(C(N)=O)c2[nH]c3cc(-c4cnn(C)c4)c(F)cc3c12)C1CC1,DUWFRDOFLIOYGV-UHFFFAOYSA-N,True,True,True,420.492,4.2011,101.62,3,4,6,0.435,3.592,c1cc2[nH]c3cc(-c4cn[nH]c4)ccc3c2c(NCC2CC2)n1,6,False,False,True,rdkit_reaction_aryl_F
CAND_ab1579b88d,rdkit,JAK2_c57d118ac8,Cc1[nH]nc(Nc2cnc(C#N)c(N[C@@H](C)c3ccc(F)cn3)n2)c1F,YNFNZEJZWUOKMX-QMMMGPOBSA-N,True,True,True,356.34,2.9697,115.2,3,7,5,0.6435,2.66,c1ccc(CNc2cncc(Nc3cc[nH]n3)n2)nc1,6,False,False,True,rdkit_reaction_aryl_F
CAND_0b49c0e2c5,rdkit,JAK2_c57d118ac8,Cc1cc(Nc2nc(N[C@@H](C)c3ccc(F)cn3)c(C#N)nc2F)n[nH]1,ZGCHEUWTKCDBAH-VIFPVBQESA-N,True,True,True,356.34,2.9697,115.2,3,7,5,0.6435,2.66,c1ccc(CNc2cncc(Nc3cc[nH]n3)n2)nc1,6,False,False,True,rdkit_reaction_aryl_F
CAND_81c7e7fdba,rdkit,JAK2_c57d118ac8,Cc1cc(Nc2cnc(C#N)c(N[C@@H](C)c3ncc(F)cc3F)n2)n[nH]1,SUPBZGYECNTIKJ-VIFPVBQESA-N,True,True,True,356.34,2.9697,115.2,3,7,5,0.6435,2.66,c1ccc(CNc2cncc(Nc3cc[nH]n3)n2)nc1,6,False,False,True,rdkit_reaction_aryl_F
CAND_4909186694,rdkit,JAK2_c57d118ac8,Cc1cc(Nc2cnc(C#N)c(N[C@@H](C)c3cc(F)c(F)cn3)n2)n[nH]1,JDIFEYBAQYBMBC-VIFPVBQESA-N,True,True,True,356.34,2.9697,115.2,3,7,5,0.6435,2.66,c1ccc(CNc2cncc(Nc3cc[nH]n3)n2)nc1,6,False,False,True,rdkit_reaction_aryl_F
CAND_624528f86a,rdkit,JAK2_c57d118ac8,Cc1cc(Nc2cnc(C#N)c(N[C@@H](C)c3ccc(F)c(F)n3)n2)n[nH]1,CKKYGAQCSHMRCZ-VIFPVBQESA-N,True,True,True,356.34,2.9697,115.2,3,7,5,0.602,2.66,c1ccc(CNc2cncc(Nc3cc[nH]n3)n2)nc1,6,False,False,True,rdkit_reaction_aryl_F
CAND_b899813954,rdkit,JAK2_968daa996c,Cc1[nH]nc(Nc2nc(N[C@@H](C)c3ccc(F)cn3)c(F)c(N3CCN(S(C)(=O)=O)CC3)n2)c1F,SAVDMOCCEHYBSN-NSHDSACASA-N,True,True,True,511.534,2.3187,132.03,3,9,7,0.4372,4.022,c1ccc(CNc2cc(N3CCNCC3)nc(Nc3cc[nH]n3)n2)nc1,6,False,False,True,rdkit_reaction_aryl_F
CAND_00535d9317,rdkit,JAK2_968daa996c,Cc1cc(Nc2nc(N[C@@H](C)c3ncc(F)cc3F)c(F)c(N3CCN(S(C)(=O)=O)CC3)n2)n[nH]1,YOFYRDZSCCXGJX-LBPRGKRZSA-N,True,True,True,511.534,2.3187,132.03,3,9,7,0.4372,4.022,c1ccc(CNc2cc(N3CCNCC3)nc(Nc3cc[nH]n3)n2)nc1,6,False,False,True,rdkit_reaction_aryl_F
CAND_b2f4af7a41,rdkit,JAK2_968daa996c,Cc1cc(Nc2nc(N[C@@H](C)c3cc(F)c(F)cn3)c(F)c(N3CCN(S(C)(=O)=O)CC3)n2)n[nH]1,JFSQLPZMDUBBEW-LBPRGKRZSA-N,True,True,True,511.534,2.3187,132.03,3,9,7,0.4372,4.022,c1ccc(CNc2cc(N3CCNCC3)nc(Nc3cc[nH]n3)n2)nc1,6,False,False,True,rdkit_reaction_aryl_F
CAND_02517c0cff,rdkit,JAK2_968daa996c,Cc1cc(Nc2nc(N[C@@H](C)c3ccc(F)c(F)n3)c(F)c(N3CCN(S(C)(=O)=O)CC3)n2)n[nH]1,HOUIREGENANYFA-LBPRGKRZSA-N,True,True,True,511.534,2.3187,132.03,3,9,7,0.409,4.022,c1ccc(CNc2cc(N3CCNCC3)nc(Nc3cc[nH]n3)n2)nc1,6,False,False,True,rdkit_reaction_aryl_F
CAND_6c5fa75c28,rdkit,JAK2_968daa996c,Cc1[nH]nc(Nc2nc(N[C@@H](C)c3ccc(F)cn3)c(F)c(N3CCN(S(C)(=O)=O)CC3)n2)c1Cl,CXQYXSDFFFCTTN-NSHDSACASA-N,True,True,True,527.989,2.833,132.03,3,9,7,0.424,4.114,c1ccc(CNc2cc(N3CCNCC3)nc(Nc3cc[nH]n3)n2)nc1,6,False,False,True,rdkit_reaction_aryl_Cl
CAND_5c378b028b,rdkit,JAK2_eb0f359259,COc1nc(N[C@@H](C)c2ncc(F)cn2)nc(Nc2ncc(C)s2)c1F,RTXPWADVFYTCOF-QMMMGPOBSA-N,True,True,True,379.396,3.235,97.74,2,9,6,0.6736,2.913,c1cnc(CNc2nccc(Nc3nccs3)n2)nc1,6,False,False,True,rdkit_reaction_aryl_F
CAND_15e5bc17f0,rdkit,JAK2_eb0f359259,COc1cc(Nc2nc(F)c(C)s2)nc(N[C@@H](C)c2ncc(F)cn2)n1,QCEANQLLHCGBAC-ZETCQYMHSA-N,True,True,True,379.396,3.235,97.74,2,9,6,0.6736,2.913,c1cnc(CNc2nccc(Nc3nccs3)n2)nc1,6,False,False,True,rdkit_reaction_aryl_F
CAND_7787ca9e42,rdkit,JAK2_eb0f359259,COc1cc(Nc2ncc(C)s2)nc(N[C@@H](C)c2ncc(F)c(F)n2)n1,QONLICKWHBGMIB-QMMMGPOBSA-N,True,True,True,379.396,3.235,97.74,2,9,6,0.6302,2.913,c1cnc(CNc2nccc(Nc3nccs3)n2)nc1,6,False,False,True,rdkit_reaction_aryl_F
CAND_0192bb45ae,rdkit,JAK2_eb0f359259,COc1nc(N[C@@H](C)c2ncc(F)cn2)nc(Nc2ncc(C)s2)c1Cl,IOHGKPKYILSCPJ-QMMMGPOBSA-N,True,True,True,395.851,3.7493,97.74,2,9,6,0.6508,3.005,c1cnc(CNc2nccc(Nc3nccs3)n2)nc1,6,False,False,True,rdkit_reaction_aryl_Cl
CAND_f920af0943,rdkit,JAK2_eb0f359259,COc1cc(Nc2nc(Cl)c(C)s2)nc(N[C@@H](C)c2ncc(F)cn2)n1,BLRDRLVSMUTHRF-ZETCQYMHSA-N,True,True,True,395.851,3.7493,97.74,2,9,6,0.6508,3.005,c1cnc(CNc2nccc(Nc3nccs3)n2)nc1,6,False,False,True,rdkit_reaction_aryl_Cl
CAND_7d69274c15,rdkit,JAK2_1bae26071f,Cc1ncc(N[C@@H](C)c2ccc(F)cn2)nc1Nc1n[nH]c(C)c1F,XBTVEIBXZGIEKX-QMMMGPOBSA-N,True,True,True,345.357,3.4064,91.41,3,6,5,0.6563,2.625,c1ccc(CNc2cncc(Nc3cc[nH]n3)n2)nc1,6,False,False,True,rdkit_reaction_aryl_F
CAND_6a0ac01c2b,rdkit,JAK2_1bae26071f,Cc1cc(Nc2nc(N[C@@H](C)c3ncc(F)cc3F)cnc2C)n[nH]1,GQGLBCCHPMFKHH-VIFPVBQESA-N,True,True,True,345.357,3.4064,91.41,3,6,5,0.6563,2.625,c1ccc(CNc2cncc(Nc3cc[nH]n3)n2)nc1,6,False,False,True,rdkit_reaction_aryl_F
CAND_d02ba58f58,rdkit,JAK2_1bae26071f,Cc1cc(Nc2nc(N[C@@H](C)c3cc(F)c(F)cn3)cnc2C)n[nH]1,FYDYIWZIIDBSBL-VIFPVBQESA-N,True,True,True,345.357,3.4064,91.41,3,6,5,0.6563,2.625,c1ccc(CNc2cncc(Nc3cc[nH]n3)n2)nc1,6,False,False,True,rdkit_reaction_aryl_F
CAND_ea91aba93c,rdkit,JAK2_1bae26071f,Cc1cc(Nc2nc(N[C@@H](C)c3ccc(F)c(F)n3)cnc2C)n[nH]1,XXPLRJGKDDXOBT-VIFPVBQESA-N,True,True,True,345.357,3.4064,91.41,3,6,5,0.614,2.625,c1ccc(CNc2cncc(Nc3cc[nH]n3)n2)nc1,6,False,False,True,rdkit_reaction_aryl_F
CAND_2c88cd6521,rdkit,JAK2_1bae26071f,Cc1cc(Nc2nc(N[C@@H](C)c3ccc(F)cn3)c(F)nc2C)n[nH]1,NFEFBHALHGJEAU-VIFPVBQESA-N,True,True,True,345.357,3.4064,91.41,3,6,5,0.6563,2.625,c1ccc(CNc2cncc(Nc3cc[nH]n3)n2)nc1,6,False,False,True,rdkit_reaction_aryl_F
CAND_6bf7023188,rdkit,JAK2_293336b5e7,Cc1nc(C#N)c(N[C@@H](C)c2ccc(F)cn2)nc1Nc1n[nH]c(C)c1F,WWTUDAYMMPCTJU-QMMMGPOBSA-N,True,True,True,370.367,3.2781,115.2,3,7,5,0.6311,2.738,c1ccc(CNc2cncc(Nc3cc[nH]n3)n2)nc1,6,False,False,True,rdkit_reaction_aryl_F
CAND_33bb0a2114,rdkit,JAK2_293336b5e7,Cc1cc(Nc2nc(N[C@@H](C)c3ncc(F)cc3F)c(C#N)nc2C)n[nH]1,CPLMGCBXVWOKJB-VIFPVBQESA-N,True,True,True,370.367,3.2781,115.2,3,7,5,0.6311,2.738,c1ccc(CNc2cncc(Nc3cc[nH]n3)n2)nc1,6,False,False,True,rdkit_reaction_aryl_F
CAND_03120f5be5,rdkit,JAK2_293336b5e7,Cc1cc(Nc2nc(N[C@@H](C)c3cc(F)c(F)cn3)c(C#N)nc2C)n[nH]1,QYYLBMKWGQNTRQ-VIFPVBQESA-N,True,True,True,370.367,3.2781,115.2,3,7,5,0.6311,2.738,c1ccc(CNc2cncc(Nc3cc[nH]n3)n2)nc1,6,False,False,True,rdkit_reaction_aryl_F
CAND_9c9639510d,rdkit,JAK2_293336b5e7,Cc1cc(Nc2nc(N[C@@H](C)c3ccc(F)c(F)n3)c(C#N)nc2C)n[nH]1,XXNQMFYFWJNICT-VIFPVBQESA-N,True,True,True,370.367,3.2781,115.2,3,7,5,0.5904,2.738,c1ccc(CNc2cncc(Nc3cc[nH]n3)n2)nc1,6,False,False,True,rdkit_reaction_aryl_F
CAND_ad99591548,rdkit,JAK2_293336b5e7,Cc1nc(C#N)c(N[C@@H](C)c2ccc(F)cn2)nc1Nc1n[nH]c(C)c1Cl,DODSLULDTHOVKZ-QMMMGPOBSA-N,True,True,True,386.822,3.7924,115.2,3,7,5,0.6104,2.83,c1ccc(CNc2cncc(Nc3cc[nH]n3)n2)nc1,6,False,False,True,rdkit_reaction_aryl_Cl
CAND_996c7e9d53,rdkit,JAK2_349178859a,C[C@H](Nc1nc(Nc2nc(F)c(C#N)s2)cc(N2CCOCC2)n1)c1ccc(F)cn1,TVIIWEUZQVHXCV-NSHDSACASA-N,True,True,True,444.471,3.2313,111.88,2,10,6,0.5917,3.525,c1ccc(CNc2nc(Nc3nccs3)cc(N3CCOCC3)n2)nc1,6,False,False,True,rdkit_reaction_aryl_F
CAND_59608ebc7f,rdkit,JAK2_349178859a,C[C@H](Nc1nc(Nc2ncc(C#N)s2)c(F)c(N2CCOCC2)n1)c1ccc(F)cn1,ZNEMQYQMRNTZLJ-NSHDSACASA-N,True,True,True,444.471,3.2313,111.88,2,10,6,0.5917,3.525,c1ccc(CNc2nc(Nc3nccs3)cc(N3CCOCC3)n2)nc1,6,False,False,True,rdkit_reaction_aryl_F
CAND_4a7fcb72db,rdkit,JAK2_349178859a,C[C@H](Nc1nc(Nc2ncc(C#N)s2)cc(N2CCOCC2)n1)c1ncc(F)cc1F,MHROUZXFIXSLSI-NSHDSACASA-N,True,True,True,444.471,3.2313,111.88,2,10,6,0.5917,3.525,c1ccc(CNc2nc(Nc3nccs3)cc(N3CCOCC3)n2)nc1,6,False,False,True,rdkit_reaction_aryl_F
CAND_9c0d96747c,rdkit,JAK2_349178859a,C[C@H](Nc1nc(Nc2ncc(C#N)s2)cc(N2CCOCC2)n1)c1cc(F)c(F)cn1,UYDNSTOWKCXQNI-NSHDSACASA-N,True,True,True,444.471,3.2313,111.88,2,10,6,0.5917,3.525,c1ccc(CNc2nc(Nc3nccs3)cc(N3CCOCC3)n2)nc1,6,False,False,True,rdkit_reaction_aryl_F
CAND_699c3c4457,rdkit,JAK2_349178859a,C[C@H](Nc1nc(Nc2ncc(C#N)s2)cc(N2CCOCC2)n1)c1ccc(F)c(F)n1,KQZJCOPDLMDUSA-NSHDSACASA-N,True,True,True,444.471,3.2313,111.88,2,10,6,0.5535,3.525,c1ccc(CNc2nc(Nc3nccs3)cc(N3CCOCC3)n2)nc1,6,False,False,True,rdkit_reaction_aryl_F
CAND_e95b052315,rdkit,JAK2_1ffaf013ab,Cc1sc(Nc2cc(N3CCOCC3)nc(N[C@@H](C)c3ncc(F)cn3)n2)nc1F,TZNJUYBYBHPWOU-JTQLQIEISA-N,True,True,True,434.476,3.063,100.98,2,10,6,0.606,3.469,c1cnc(CNc2nc(Nc3nccs3)cc(N3CCOCC3)n2)nc1,6,False,False,True,rdkit_reaction_aryl_F
CAND_740dfa4307,rdkit,JAK2_1ffaf013ab,Cc1cnc(Nc2nc(N[C@@H](C)c3ncc(F)cn3)nc(N3CCOCC3)c2F)s1,NOLJFJNOWXBGKG-NSHDSACASA-N,True,True,False,434.476,3.063,100.98,2,10,6,0.606,3.469,c1cnc(CNc2nc(Nc3nccs3)cc(N3CCOCC3)n2)nc1,6,False,False,True,rdkit_reaction_aryl_F
CAND_0d808ae0c6,rdkit,JAK2_1ffaf013ab,Cc1cnc(Nc2cc(N3CCOCC3)nc(N[C@@H](C)c3ncc(F)c(F)n3)n2)s1,FPSCXBANYFJWLN-NSHDSACASA-N,True,True,True,434.476,3.063,100.98,2,10,6,0.5669,3.469,c1cnc(CNc2nc(Nc3nccs3)cc(N3CCOCC3)n2)nc1,6,False,False,True,rdkit_reaction_aryl_F
CAND_2a2e8c10d9,rdkit,JAK2_1ffaf013ab,Cc1sc(Nc2cc(N3CCOCC3)nc(N[C@@H](C)c3ncc(F)cn3)n2)nc1Cl,NACPEHJQTMJISA-JTQLQIEISA-N,True,True,True,450.931,3.5773,100.98,2,10,6,0.583,3.561,c1cnc(CNc2nc(Nc3nccs3)cc(N3CCOCC3)n2)nc1,6,False,False,True,rdkit_reaction_aryl_Cl
CAND_23473e765c,rdkit,JAK2_1ffaf013ab,Cc1cnc(Nc2nc(N[C@@H](C)c3ncc(F)cn3)nc(N3CCOCC3)c2Cl)s1,BRKOZYRUDUMQRZ-NSHDSACASA-N,True,True,True,450.931,3.5773,100.98,2,10,6,0.583,3.561,c1cnc(CNc2nc(Nc3nccs3)cc(N3CCOCC3)n2)nc1,6,False,False,True,rdkit_reaction_aryl_Cl
CAND_d08b38338e,rdkit,JAK2_ea3454a640,Cc1[nH]nc(Nc2nc(N[C@@H](C)c3ccc(F)cn3)c(F)c(N3CCS(=O)(=O)CC3)n2)c1F,UKAUWBDMSQBGST-JTQLQIEISA-N,True,True,True,482.492,2.4719,128.79,3,9,6,0.4852,3.736,O=S1(=O)CCN(c2cc(NCc3ccccn3)nc(Nc3cc[nH]n3)n2)CC1,6,False,False,True,rdkit_reaction_aryl_F
CAND_09c07dc0a6,rdkit,JAK2_ea3454a640,Cc1cc(Nc2nc(N[C@@H](C)c3ncc(F)cc3F)c(F)c(N3CCS(=O)(=O)CC3)n2)n[nH]1,HLNYZJALHDTZEX-NSHDSACASA-N,True,True,True,482.492,2.4719,128.79,3,9,6,0.4852,3.736,O=S1(=O)CCN(c2cc(NCc3ccccn3)nc(Nc3cc[nH]n3)n2)CC1,6,False,False,True,rdkit_reaction_aryl_F
CAND_fb20d668d3,rdkit,JAK2_ea3454a640,Cc1cc(Nc2nc(N[C@@H](C)c3cc(F)c(F)cn3)c(F)c(N3CCS(=O)(=O)CC3)n2)n[nH]1,ABZBCVGCSUWHTH-NSHDSACASA-N,True,True,True,482.492,2.4719,128.79,3,9,6,0.4852,3.736,O=S1(=O)CCN(c2cc(NCc3ccccn3)nc(Nc3cc[nH]n3)n2)CC1,6,False,False,True,rdkit_reaction_aryl_F
CAND_8b0d03cb8c,rdkit,JAK2_ea3454a640,Cc1cc(Nc2nc(N[C@@H](C)c3ccc(F)c(F)n3)c(F)c(N3CCS(=O)(=O)CC3)n2)n[nH]1,GRAUCFNNDVIGLI-NSHDSACASA-N,True,True,True,482.492,2.4719,128.79,3,9,6,0.4539,3.736,O=S1(=O)CCN(c2cc(NCc3ccccn3)nc(Nc3cc[nH]n3)n2)CC1,6,False,False,True,rdkit_reaction_aryl_F
CAND_7adfdc5f80,rdkit,JAK2_ea3454a640,Cc1[nH]nc(Nc2nc(N[C@@H](C)c3ccc(F)cn3)c(F)c(N3CCS(=O)(=O)CC3)n2)c1Cl,XGBOXERYRSFEPL-JTQLQIEISA-N,True,True,True,498.947,2.9862,128.79,3,9,6,0.4693,3.827,O=S1(=O)CCN(c2cc(NCc3ccccn3)nc(Nc3cc[nH]n3)n2)CC1,6,False,False,True,rdkit_reaction_aryl_Cl
CAND_1a910e9491,rdkit,JAK2_8b3014135f,O=c1[nH]c(F)cc2c3[nH]c(-c4ccccc4Cl)nc3c3ccc(F)cc3c12,CRKNVMICJYNLOB-UHFFFAOYSA-N,True,True,True,381.769,5.1562,61.54,2,2,1,0.3112,2.58,O=c1[nH]ccc2c3[nH]c(-c4ccccc4)nc3c3ccccc3c12,6,False,False,True,rdkit_reaction_aryl_F
CAND_95ab018f3b,rdkit,JAK2_8b3014135f,O=c1[nH]cc(F)c2c3[nH]c(-c4ccccc4Cl)nc3c3ccc(F)cc3c12,SCZYTWMRSXZNTG-UHFFFAOYSA-N,True,True,True,381.769,5.1562,61.54,2,2,1,0.3941,2.58,O=c1[nH]ccc2c3[nH]c(-c4ccccc4)nc3c3ccccc3c12,6,False,False,True,rdkit_reaction_aryl_F
CAND_69019d0e87,rdkit,JAK2_8b3014135f,O=c1[nH]ccc2c3[nH]c(-c4c(F)cccc4Cl)nc3c3ccc(F)cc3c12,CMQVWDQTOHJZLK-UHFFFAOYSA-N,True,True,False,381.769,5.1562,61.54,2,2,1,0.3941,2.58,O=c1[nH]ccc2c3[nH]c(-c4ccccc4)nc3c3ccccc3c12,6,False,False,True,rdkit_reaction_aryl_F
CAND_c2b69c16c8,rdkit,JAK2_8b3014135f,O=c1[nH]ccc2c3[nH]c(-c4cc(F)ccc4Cl)nc3c3ccc(F)cc3c12,BTLLEVUCVFKUGI-UHFFFAOYSA-N,True,True,True,381.769,5.1562,61.54,2,2,1,0.3941,2.58,O=c1[nH]ccc2c3[nH]c(-c4ccccc4)nc3c3ccccc3c12,6,False,False,True,rdkit_reaction_aryl_F
CAND_eb5ea1308b,rdkit,JAK2_8b3014135f,O=c1[nH]ccc2c3[nH]c(-c4ccc(F)cc4Cl)nc3c3ccc(F)cc3c12,LGZBMZKTJDQSSY-UHFFFAOYSA-N,True,True,True,381.769,5.1562,61.54,2,2,1,0.3941,2.58,O=c1[nH]ccc2c3[nH]c(-c4ccccc4)nc3c3ccccc3c12,6,False,False,True,rdkit_reaction_aryl_F
CAND_ad09b73fa2,rdkit,JAK2_c828b6ae57,Cc1nc(C#N)c(N[C@@H](C)c2ncc(F)cn2)nc1Nc1n[nH]c(C)c1F,UJVQAUBBHFCJOT-QMMMGPOBSA-N,True,True,True,371.355,2.6731,128.09,3,8,5,0.6244,2.744,c1cnc(CNc2cncc(Nc3cc[nH]n3)n2)nc1,6,False,False,True,rdkit_reaction_aryl_F
CAND_0bf935a19f,rdkit,JAK2_c828b6ae57,Cc1cc(Nc2nc(N[C@@H](C)c3ncc(F)c(F)n3)c(C#N)nc2C)n[nH]1,GBDBDAXMWHYUIQ-QMMMGPOBSA-N,True,True,True,371.355,2.6731,128.09,3,8,5,0.5841,2.744,c1cnc(CNc2cncc(Nc3cc[nH]n3)n2)nc1,6,False,False,True,rdkit_reaction_aryl_F
CAND_8d93047bbf,rdkit,JAK2_c828b6ae57,Cc1nc(C#N)c(N[C@@H](C)c2ncc(F)cn2)nc1Nc1n[nH]c(C)c1Cl,WNXDIFUUXXBDJH-QMMMGPOBSA-N,True,True,True,387.81,3.1874,128.09,3,8,5,0.6084,2.835,c1cnc(CNc2cncc(Nc3cc[nH]n3)n2)nc1,6,False,False,True,rdkit_reaction_aryl_Cl
CAND_059c6276d8,rdkit,JAK2_c828b6ae57,Cc1cc(Nc2nc(N[C@@H](C)c3ncc(F)c(Cl)n3)c(C#N)nc2C)n[nH]1,VJHDRWMWYOTZDN-QMMMGPOBSA-N,True,True,True,387.81,3.1874,128.09,3,8,5,0.5691,2.835,c1cnc(CNc2cncc(Nc3cc[nH]n3)n2)nc1,6,False,False,True,rdkit_reaction_aryl_Cl
CAND_ec156f12f7,rdkit,JAK2_c828b6ae57,Cc1nc(C#N)c(N[C@@H](C)c2ncc(F)cn2)nc1Nc1n[nH]c(C)c1C,KIVIKAIPRHUDNF-JTQLQIEISA-N,True,True,True,367.392,2.8424,128.09,3,8,5,0.6278,2.722,c1cnc(CNc2cncc(Nc3cc[nH]n3)n2)nc1,6,False,False,True,rdkit_reaction_aryl_Me
CAND_95d67d4a78,rdkit,JAK2_7001b0c220,C[C@H](Nc1nc(Nc2n[nH]c(C3CC3)c2F)cnc1C#N)c1ccc(F)cn1,BUEDYGWSUKBGLV-VIFPVBQESA-N,True,True,True,382.378,3.5387,115.2,3,7,6,0.5971,3.18,c1ccc(CNc2cncc(Nc3cc(C4CC4)[nH]n3)n2)nc1,6,False,False,True,rdkit_reaction_aryl_F
CAND_b850777a1c,rdkit,JAK2_7001b0c220,C[C@H](Nc1nc(Nc2cc(C3CC3)[nH]n2)c(F)nc1C#N)c1ccc(F)cn1,BRFSYTCFUSKAGS-VIFPVBQESA-N,True,True,True,382.378,3.5387,115.2,3,7,6,0.5971,3.18,c1ccc(CNc2cncc(Nc3cc(C4CC4)[nH]n3)n2)nc1,6,False,False,True,rdkit_reaction_aryl_F
CAND_f84439c5f3,rdkit,JAK2_7001b0c220,C[C@H](Nc1nc(Nc2cc(C3CC3)[nH]n2)cnc1C#N)c1ncc(F)cc1F,LMMROYZQEQCJFV-VIFPVBQESA-N,True,True,True,382.378,3.5387,115.2,3,7,6,0.5971,3.18,c1ccc(CNc2cncc(Nc3cc(C4CC4)[nH]n3)n2)nc1,6,False,False,True,rdkit_reaction_aryl_F
CAND_c592a69615,rdkit,JAK2_7001b0c220,C[C@H](Nc1nc(Nc2cc(C3CC3)[nH]n2)cnc1C#N)c1cc(F)c(F)cn1,YXRDYRAJPNMHKD-VIFPVBQESA-N,True,True,True,382.378,3.5387,115.2,3,7,6,0.5971,3.18,c1ccc(CNc2cncc(Nc3cc(C4CC4)[nH]n3)n2)nc1,6,False,False,True,rdkit_reaction_aryl_F
CAND_404ad4e11c,rdkit,JAK2_7001b0c220,C[C@H](Nc1nc(Nc2cc(C3CC3)[nH]n2)cnc1C#N)c1ccc(F)c(F)n1,BQTQQDCQUVOWDY-VIFPVBQESA-N,True,True,True,382.378,3.5387,115.2,3,7,6,0.5586,3.18,c1ccc(CNc2cncc(Nc3cc(C4CC4)[nH]n3)n2)nc1,6,False,False,True,rdkit_reaction_aryl_F
CAND_ce5e9f018e,rdkit,JAK2_3a72ae39e0,O=c1[nH]c(F)cc2c(Nc3c(Cl)cc(OC(F)(F)F)cc3Cl)nc3ccncc3c12,GUPOQWOPGOYKFC-UHFFFAOYSA-N,True,True,True,459.186,5.5594,79.9,2,5,3,0.2384,3.261,O=c1[nH]ccc2c(Nc3ccccc3)nc3ccncc3c12,6,False,False,True,rdkit_reaction_aryl_F
CAND_2805258df3,rdkit,JAK2_3a72ae39e0,O=c1[nH]cc(F)c2c(Nc3c(Cl)cc(OC(F)(F)F)cc3Cl)nc3ccncc3c12,RIMKDEPPKUIAPH-UHFFFAOYSA-N,True,True,True,459.186,5.5594,79.9,2,5,3,0.31,3.261,O=c1[nH]ccc2c(Nc3ccccc3)nc3ccncc3c12,6,False,False,True,rdkit_reaction_aryl_F
CAND_adbd922eaf,rdkit,JAK2_3a72ae39e0,O=c1[nH]ccc2c(Nc3c(Cl)cc(OC(F)(F)F)c(F)c3Cl)nc3ccncc3c12,LAMJNVRZMJZMKM-UHFFFAOYSA-N,True,True,True,459.186,5.5594,79.9,2,5,3,0.2384,3.261,O=c1[nH]ccc2c(Nc3ccccc3)nc3ccncc3c12,6,False,False,True,rdkit_reaction_aryl_F
CAND_c851d2b675,rdkit,JAK2_3a72ae39e0,O=c1[nH]ccc2c(Nc3c(Cl)cc(OC(F)(F)F)cc3Cl)nc3c(F)cncc3c12,GALCUEODYJDWOJ-UHFFFAOYSA-N,True,True,True,459.186,5.5594,79.9,2,5,3,0.31,3.261,O=c1[nH]ccc2c(Nc3ccccc3)nc3ccncc3c12,6,False,False,True,rdkit_reaction_aryl_F
CAND_3c08d7cc5b,rdkit,JAK2_3a72ae39e0,O=c1[nH]ccc2c(Nc3c(Cl)cc(OC(F)(F)F)cc3Cl)nc3cc(F)ncc3c12,SJDLJSMHWOJFML-UHFFFAOYSA-N,True,True,True,459.186,5.5594,79.9,2,5,3,0.2384,3.261,O=c1[nH]ccc2c(Nc3ccccc3)nc3ccncc3c12,6,False,False,True,rdkit_reaction_aryl_F
CAND_e9d9d812d0,rdkit,JAK2_74d84b7dc6,Cc1[nH]nc(Nc2cc(N3CCOCC3)nc(N[C@@H](C)c3ncc(F)cn3)n2)c1F,CEYBPXUKXIYSMH-NSHDSACASA-N,True,True,True,417.424,2.3296,116.77,3,9,6,0.5554,3.375,c1cnc(CNc2nc(Nc3cc[nH]n3)cc(N3CCOCC3)n2)nc1,6,False,False,True,rdkit_reaction_aryl_F
CAND_70cc9d691f,rdkit,JAK2_74d84b7dc6,Cc1cc(Nc2nc(N[C@@H](C)c3ncc(F)cn3)nc(N3CCOCC3)c2F)n[nH]1,OEOAIVMRHLLTTR-NSHDSACASA-N,True,True,False,417.424,2.3296,116.77,3,9,6,0.5554,3.375,c1cnc(CNc2nc(Nc3cc[nH]n3)cc(N3CCOCC3)n2)nc1,6,False,False,True,rdkit_reaction_aryl_F
CAND_edcf637df4,rdkit,JAK2_74d84b7dc6,Cc1cc(Nc2cc(N3CCOCC3)nc(N[C@@H](C)c3ncc(F)c(F)n3)n2)n[nH]1,RIUSIQVUPMJVPZ-NSHDSACASA-N,True,True,True,417.424,2.3296,116.77,3,9,6,0.5196,3.375,c1cnc(CNc2nc(Nc3cc[nH]n3)cc(N3CCOCC3)n2)nc1,6,False,False,True,rdkit_reaction_aryl_F
CAND_b2fab483c6,rdkit,JAK2_74d84b7dc6,Cc1[nH]nc(Nc2cc(N3CCOCC3)nc(N[C@@H](C)c3ncc(F)cn3)n2)c1Cl,BIXCEJIDJGDVAU-NSHDSACASA-N,True,True,True,433.879,2.8439,116.77,3,9,6,0.5389,3.466,c1cnc(CNc2nc(Nc3cc[nH]n3)cc(N3CCOCC3)n2)nc1,6,False,False,True,rdkit_reaction_aryl_Cl
CAND_c4e3138137,rdkit,JAK2_74d84b7dc6,Cc1cc(Nc2nc(N[C@@H](C)c3ncc(F)cn3)nc(N3CCOCC3)c2Cl)n[nH]1,WTMZMIXYYDZHKB-NSHDSACASA-N,True,True,False,433.879,2.8439,116.77,3,9,6,0.5389,3.466,c1cnc(CNc2nc(Nc3cc[nH]n3)cc(N3CCOCC3)n2)nc1,6,False,False,True,rdkit_reaction_aryl_Cl
CAND_dfa8193680,rdkit,JAK2_06eea14a96,Cc1ccccc1C(=O)N1CCN(c2nc(Nc3n[nH]c(C)c3F)c3cccn3n2)CC1,YAKJHJGTQVOGPF-UHFFFAOYSA-N,True,True,True,434.479,2.9143,94.45,2,6,4,0.513,3.169,O=C(c1ccccc1)N1CCN(c2nc(Nc3cc[nH]n3)c3cccn3n2)CC1,6,False,False,True,rdkit_reaction_aryl_F
CAND_0cf953a812,rdkit,JAK2_06eea14a96,Cc1cc(Nc2nc(N3CCN(C(=O)c4c(C)cccc4F)CC3)nn3cccc23)n[nH]1,CITJCFLZERMHIR-UHFFFAOYSA-N,True,True,True,434.479,2.9143,94.45,2,6,4,0.513,3.169,O=C(c1ccccc1)N1CCN(c2nc(Nc3cc[nH]n3)c3cccn3n2)CC1,6,False,False,True,rdkit_reaction_aryl_F
CAND_e823a11c8e,rdkit,JAK2_06eea14a96,Cc1cc(Nc2nc(N3CCN(C(=O)c4cc(F)ccc4C)CC3)nn3cccc23)n[nH]1,OLXNDJMTYMIACE-UHFFFAOYSA-N,True,True,True,434.479,2.9143,94.45,2,6,4,0.513,3.169,O=C(c1ccccc1)N1CCN(c2nc(Nc3cc[nH]n3)c3cccn3n2)CC1,6,False,False,True,rdkit_reaction_aryl_F
CAND_3c730c7c3d,rdkit,JAK2_06eea14a96,Cc1cc(Nc2nc(N3CCN(C(=O)c4ccc(F)cc4C)CC3)nn3cccc23)n[nH]1,BNHWIAVLRATVRK-UHFFFAOYSA-N,True,True,True,434.479,2.9143,94.45,2,6,4,0.513,3.169,O=C(c1ccccc1)N1CCN(c2nc(Nc3cc[nH]n3)c3cccn3n2)CC1,6,False,False,True,rdkit_reaction_aryl_F
CAND_0f8739cb66,rdkit,JAK2_06eea14a96,Cc1cc(Nc2nc(N3CCN(C(=O)c4cccc(F)c4C)CC3)nn3cccc23)n[nH]1,SMYBWBDMCXDAAY-UHFFFAOYSA-N,True,True,True,434.479,2.9143,94.45,2,6,4,0.513,3.169,O=C(c1ccccc1)N1CCN(c2nc(Nc3cc[nH]n3)c3cccn3n2)CC1,6,False,False,True,rdkit_reaction_aryl_F
CAND_cf8dc4be01,rdkit,JAK2_f8ef9f9f68,Cc1cnc(N[C@@H](C)c2ncc(F)cn2)nc1Nc1n[nH]c(C)c1F,RDERGNFSWQTVTM-VIFPVBQESA-N,True,True,True,346.345,2.8014,104.3,3,7,5,0.6523,2.625,c1cnc(CNc2nccc(Nc3cc[nH]n3)n2)nc1,6,False,False,True,rdkit_reaction_aryl_F
CAND_044c25a2c1,rdkit,JAK2_f8ef9f9f68,Cc1cc(Nc2nc(N[C@@H](C)c3ncc(F)c(F)n3)ncc2C)n[nH]1,HQOHOJSBKGOSAB-VIFPVBQESA-N,True,True,True,346.345,2.8014,104.3,3,7,5,0.6102,2.625,c1cnc(CNc2nccc(Nc3cc[nH]n3)n2)nc1,6,False,False,True,rdkit_reaction_aryl_F
CAND_4c51eee082,rdkit,JAK2_f8ef9f9f68,Cc1cc(Nc2nc(N[C@@H](C)c3ncc(F)cn3)nc(F)c2C)n[nH]1,YAHKNLACFUIWIS-VIFPVBQESA-N,True,True,True,346.345,2.8014,104.3,3,7,5,0.6102,2.625,c1cnc(CNc2nccc(Nc3cc[nH]n3)n2)nc1,6,False,False,True,rdkit_reaction_aryl_F
CAND_87137b8420,rdkit,JAK2_f8ef9f9f68,Cc1cnc(N[C@@H](C)c2ncc(F)cn2)nc1Nc1n[nH]c(C)c1Cl,XJMIBFONNFJSRA-VIFPVBQESA-N,True,True,True,362.8,3.3157,104.3,3,7,5,0.6391,2.696,c1cnc(CNc2nccc(Nc3cc[nH]n3)n2)nc1,6,False,False,True,rdkit_reaction_aryl_Cl
CAND_1f5e5ff914,rdkit,JAK2_f8ef9f9f68,Cc1cc(Nc2nc(N[C@@H](C)c3ncc(F)c(Cl)n3)ncc2C)n[nH]1,WDLLESLDPWQFIG-VIFPVBQESA-N,True,True,True,362.8,3.3157,104.3,3,7,5,0.5978,2.696,c1cnc(CNc2nccc(Nc3cc[nH]n3)n2)nc1,6,False,False,True,rdkit_reaction_aryl_Cl
CAND_a7440a79d0,rdkit,JAK2_35d5ec9f03,Cc1[nH]nc(Nc2cnc(C#N)c(NC(C)c3ccc(F)cn3)n2)c1F,YNFNZEJZWUOKMX-UHFFFAOYSA-N,True,True,True,356.34,2.9697,115.2,3,7,5,0.6435,2.66,c1ccc(CNc2cncc(Nc3cc[nH]n3)n2)nc1,6,False,False,True,rdkit_reaction_aryl_F
CAND_ae89305d70,rdkit,JAK2_35d5ec9f03,Cc1cc(Nc2nc(NC(C)c3ccc(F)cn3)c(C#N)nc2F)n[nH]1,ZGCHEUWTKCDBAH-UHFFFAOYSA-N,True,True,True,356.34,2.9697,115.2,3,7,5,0.6435,2.66,c1ccc(CNc2cncc(Nc3cc[nH]n3)n2)nc1,6,False,False,True,rdkit_reaction_aryl_F
CAND_a7a3acd713,rdkit,JAK2_35d5ec9f03,Cc1cc(Nc2cnc(C#N)c(NC(C)c3ncc(F)cc3F)n2)n[nH]1,SUPBZGYECNTIKJ-UHFFFAOYSA-N,True,True,True,356.34,2.9697,115.2,3,7,5,0.6435,2.66,c1ccc(CNc2cncc(Nc3cc[nH]n3)n2)nc1,6,False,False,True,rdkit_reaction_aryl_F
CAND_7b86cea0f0,rdkit,JAK2_35d5ec9f03,Cc1cc(Nc2cnc(C#N)c(NC(C)c3cc(F)c(F)cn3)n2)n[nH]1,JDIFEYBAQYBMBC-UHFFFAOYSA-N,True,True,True,356.34,2.9697,115.2,3,7,5,0.6435,2.66,c1ccc(CNc2cncc(Nc3cc[nH]n3)n2)nc1,6,False,False,True,rdkit_reaction_aryl_F
CAND_187571b0b4,rdkit,JAK2_35d5ec9f03,Cc1cc(Nc2cnc(C#N)c(NC(C)c3ccc(F)c(F)n3)n2)n[nH]1,CKKYGAQCSHMRCZ-UHFFFAOYSA-N,True,True,True,356.34,2.9697,115.2,3,7,5,0.602,2.66,c1ccc(CNc2cncc(Nc3cc[nH]n3)n2)nc1,6,False,False,True,rdkit_reaction_aryl_F
CAND_76507a6fa0,rdkit,JAK2_050c16628f,Cc1[nH]nc(Nc2cncc(N[C@@H](C)c3ccc(F)cn3)n2)c1F,SWKYMKZYNCFTEA-QMMMGPOBSA-N,True,True,True,331.33,3.098,91.41,3,6,5,0.6653,2.625,c1ccc(CNc2cncc(Nc3cc[nH]n3)n2)nc1,6,False,False,True,rdkit_reaction_aryl_F
CAND_7c3f0d01ef,rdkit,JAK2_050c16628f,Cc1cc(Nc2nc(N[C@@H](C)c3ccc(F)cn3)cnc2F)n[nH]1,NBFUFUXUICMGQY-VIFPVBQESA-N,True,True,True,331.33,3.098,91.41,3,6,5,0.6653,2.625,c1ccc(CNc2cncc(Nc3cc[nH]n3)n2)nc1,6,False,False,True,rdkit_reaction_aryl_F
CAND_232661c3bb,rdkit,JAK2_050c16628f,Cc1cc(Nc2cnc(F)c(N[C@@H](C)c3ccc(F)cn3)n2)n[nH]1,JOBZUDYURBIPIB-VIFPVBQESA-N,True,True,True,331.33,3.098,91.41,3,6,5,0.6653,2.625,c1ccc(CNc2cncc(Nc3cc[nH]n3)n2)nc1,6,False,False,True,rdkit_reaction_aryl_F
CAND_c4aa40e2b7,rdkit,JAK2_050c16628f,Cc1cc(Nc2cncc(N[C@@H](C)c3ncc(F)cc3F)n2)n[nH]1,RVMYWGYZWXGWFZ-VIFPVBQESA-N,True,True,True,331.33,3.098,91.41,3,6,5,0.6653,2.625,c1ccc(CNc2cncc(Nc3cc[nH]n3)n2)nc1,6,False,False,True,rdkit_reaction_aryl_F
CAND_f3d3ef07a7,rdkit,JAK2_050c16628f,Cc1cc(Nc2cncc(N[C@@H](C)c3cc(F)c(F)cn3)n2)n[nH]1,PGHDKHIUFJTFLA-VIFPVBQESA-N,True,True,True,331.33,3.098,91.41,3,6,5,0.6653,2.625,c1ccc(CNc2cncc(Nc3cc[nH]n3)n2)nc1,6,False,False,True,rdkit_reaction_aryl_F
CAND_4f80e32ca2,rdkit,JAK2_763cf817fa,CC(Nc1nc(Nc2ncn(C)c2F)c2[nH]ccc2n1)c1ncc(F)cn1,VCHHMHXEFTYPEK-UHFFFAOYSA-N,True,True,True,371.355,2.6763,109.23,3,7,5,0.4947,2.994,c1cnc(CNc2nc(Nc3c[nH]cn3)c3[nH]ccc3n2)nc1,6,False,False,True,rdkit_reaction_aryl_F
CAND_20df8d501c,rdkit,JAK2_763cf817fa,CC(Nc1nc(Nc2cn(C)c(F)n2)c2[nH]ccc2n1)c1ncc(F)cn1,NHLITMLRJAUOFL-UHFFFAOYSA-N,True,True,True,371.355,2.6763,109.23,3,7,5,0.4947,2.994,c1cnc(CNc2nc(Nc3c[nH]cn3)c3[nH]ccc3n2)nc1,6,False,False,True,rdkit_reaction_aryl_F
CAND_36dfea479e,rdkit,JAK2_763cf817fa,CC(Nc1nc(Nc2cn(C)cn2)c2[nH]c(F)cc2n1)c1ncc(F)cn1,NJIAMUPGUXMRJM-UHFFFAOYSA-N,True,True,True,371.355,2.6763,109.23,3,7,5,0.4947,2.994,c1cnc(CNc2nc(Nc3c[nH]cn3)c3[nH]ccc3n2)nc1,6,False,False,True,rdkit_reaction_aryl_F
CAND_f4c9967f96,rdkit,JAK2_763cf817fa,CC(Nc1nc(Nc2cn(C)cn2)c2[nH]cc(F)c2n1)c1ncc(F)cn1,ZTWMQWVJKKQBBU-UHFFFAOYSA-N,True,True,True,371.355,2.6763,109.23,3,7,5,0.4947,2.994,c1cnc(CNc2nc(Nc3c[nH]cn3)c3[nH]ccc3n2)nc1,6,False,False,True,rdkit_reaction_aryl_F
CAND_84fd591daf,rdkit,JAK2_763cf817fa,CC(Nc1nc(Nc2cn(C)cn2)c2[nH]ccc2n1)c1ncc(F)c(F)n1,CTZQALRDUKZKGP-UHFFFAOYSA-N,True,True,True,371.355,2.6763,109.23,3,7,5,0.4628,2.994,c1cnc(CNc2nc(Nc3c[nH]cn3)c3[nH]ccc3n2)nc1,6,False,False,True,rdkit_reaction_aryl_F
CAND_200eb371d2,rdkit,JAK2_9ff6ebb055,Cc1[nH]nc(Nc2nc(N[C@@H](C)c3ccc(F)cc3)c(C#N)cc2F)c1F,OHLXDXNQLDKVMF-VIFPVBQESA-N,True,True,True,372.354,4.3188,89.42,3,5,5,0.6207,2.749,c1ccc(CNc2cccc(Nc3cc[nH]n3)n2)cc1,6,False,False,True,rdkit_reaction_aryl_F
CAND_122644d12d,rdkit,JAK2_9ff6ebb055,Cc1cc(Nc2nc(N[C@@H](C)c3ccc(F)cc3F)c(C#N)cc2F)n[nH]1,YATINJWDIPZPOG-JTQLQIEISA-N,True,True,True,372.354,4.3188,89.42,3,5,5,0.6207,2.749,c1ccc(CNc2cccc(Nc3cc[nH]n3)n2)cc1,6,False,False,True,rdkit_reaction_aryl_F
CAND_715bf415c8,rdkit,JAK2_9ff6ebb055,Cc1cc(Nc2nc(N[C@@H](C)c3ccc(F)c(F)c3)c(C#N)cc2F)n[nH]1,LADPUNRZXSWVKU-JTQLQIEISA-N,True,True,True,372.354,4.3188,89.42,3,5,5,0.6207,2.749,c1ccc(CNc2cccc(Nc3cc[nH]n3)n2)cc1,6,False,False,True,rdkit_reaction_aryl_F
CAND_579f5954be,rdkit,JAK2_9ff6ebb055,Cc1cc(Nc2nc(N[C@@H](C)c3ccc(F)cc3)c(C#N)c(F)c2F)n[nH]1,XZTNFVMLNQNBMB-JTQLQIEISA-N,True,True,True,372.354,4.3188,89.42,3,5,5,0.6207,2.749,c1ccc(CNc2cccc(Nc3cc[nH]n3)n2)cc1,6,False,False,True,rdkit_reaction_aryl_F
CAND_bd18842b9c,rdkit,JAK2_9ff6ebb055,Cc1[nH]nc(Nc2nc(N[C@@H](C)c3ccc(F)cc3)c(C#N)cc2F)c1Cl,JVXFVBHGILJPNN-VIFPVBQESA-N,True,True,True,388.809,4.8331,89.42,3,5,5,0.5819,2.841,c1ccc(CNc2cccc(Nc3cc[nH]n3)n2)cc1,6,False,False,True,rdkit_reaction_aryl_Cl
CAND_8829bea767,rdkit,JAK2_7bc09295aa,NC(=O)c1c(F)nc(NC(C2CC2)C2CC2)c2c1[nH]c1cc(-c3cn[nH]c3)ccc12,DZGQHSDRTKJLLH-UHFFFAOYSA-N,True,True,True,404.449,3.9447,112.48,4,4,6,0.3646,3.252,c1cc2[nH]c3cc(-c4cn[nH]c4)ccc3c2c(NC(C2CC2)C2CC2)n1,6,False,False,True,rdkit_reaction_aryl_F
CAND_4e8b209c3c,rdkit,JAK2_7bc09295aa,NC(=O)c1cnc(NC(C2CC2)C2CC2)c2c1[nH]c1c(F)c(-c3cn[nH]c3)ccc12,LKFFFFUFUXZTDJ-UHFFFAOYSA-N,True,True,True,404.449,3.9447,112.48,4,4,6,0.3897,3.252,c1cc2[nH]c3cc(-c4cn[nH]c4)ccc3c2c(NC(C2CC2)C2CC2)n1,6,False,False,True,rdkit_reaction_aryl_F
CAND_5795d4033b,rdkit,JAK2_7bc09295aa,NC(=O)c1cnc(NC(C2CC2)C2CC2)c2c1[nH]c1cc(-c3c[nH]nc3F)ccc12,WSOBNRKMELXLNV-UHFFFAOYSA-N,True,True,True,404.449,3.9447,112.48,4,4,6,0.3897,3.252,c1cc2[nH]c3cc(-c4cn[nH]c4)ccc3c2c(NC(C2CC2)C2CC2)n1,6,False,False,True,rdkit_reaction_aryl_F
CAND_c3bef14436,rdkit,JAK2_7bc09295aa,NC(=O)c1cnc(NC(C2CC2)C2CC2)c2c1[nH]c1cc(-c3cn[nH]c3)c(F)cc12,RSRQCZAPIULPNU-UHFFFAOYSA-N,True,True,True,404.449,3.9447,112.48,4,4,6,0.3897,3.252,c1cc2[nH]c3cc(-c4cn[nH]c4)ccc3c2c(NC(C2CC2)C2CC2)n1,6,False,False,True,rdkit_reaction_aryl_F
CAND_75a4df438e,rdkit,JAK2_7bc09295aa,NC(=O)c1cnc(NC(C2CC2)C2CC2)c2c1[nH]c1cc(-c3cn[nH]c3)cc(F)c12,PKQONNLJELLKNN-UHFFFAOYSA-N,True,True,True,404.449,3.9447,112.48,4,4,6,0.3897,3.252,c1cc2[nH]c3cc(-c4cn[nH]c4)ccc3c2c(NC(C2CC2)C2CC2)n1,6,False,False,True,rdkit_reaction_aryl_F
CAND_5139484ab5,rdkit,JAK2_aaa3dcf6eb,Cc1[nH]nc(Nc2nc(O[C@@H](C)c3ncc(F)cn3)ncc2Cl)c1F,IWKFHXHKYMSPQY-ZETCQYMHSA-N,True,True,True,367.747,3.1133,101.5,2,7,5,0.7139,2.724,c1cnc(COc2nccc(Nc3cc[nH]n3)n2)nc1,6,False,False,True,rdkit_reaction_aryl_F
CAND_4307b4005e,rdkit,JAK2_aaa3dcf6eb,Cc1cc(Nc2nc(O[C@@H](C)c3ncc(F)c(F)n3)ncc2Cl)n[nH]1,KCVPKEZPDHFDNI-ZETCQYMHSA-N,True,True,True,367.747,3.1133,101.5,2,7,5,0.6678,2.724,c1cnc(COc2nccc(Nc3cc[nH]n3)n2)nc1,6,False,False,True,rdkit_reaction_aryl_F
CAND_cde507d49c,rdkit,JAK2_aaa3dcf6eb,Cc1cc(Nc2nc(O[C@@H](C)c3ncc(F)cn3)nc(F)c2Cl)n[nH]1,JQYPGMJVAWJRPK-ZETCQYMHSA-N,True,True,True,367.747,3.1133,101.5,2,7,5,0.6678,2.724,c1cnc(COc2nccc(Nc3cc[nH]n3)n2)nc1,6,False,False,True,rdkit_reaction_aryl_F
CAND_3143330a0b,rdkit,JAK2_aaa3dcf6eb,Cc1[nH]nc(Nc2nc(O[C@@H](C)c3ncc(F)cn3)ncc2Cl)c1Cl,XOCKVRDRKILRBX-ZETCQYMHSA-N,True,True,True,384.202,3.6276,101.5,2,7,5,0.6927,2.815,c1cnc(COc2nccc(Nc3cc[nH]n3)n2)nc1,6,False,False,True,rdkit_reaction_aryl_Cl
CAND_94263efeb6,rdkit,JAK2_aaa3dcf6eb,Cc1cc(Nc2nc(O[C@@H](C)c3ncc(F)c(Cl)n3)ncc2Cl)n[nH]1,IVXMOZSUKBQGHH-ZETCQYMHSA-N,True,True,True,384.202,3.6276,101.5,2,7,5,0.648,2.815,c1cnc(COc2nccc(Nc3cc[nH]n3)n2)nc1,6,False,False,True,rdkit_reaction_aryl_Cl
CAND_45040942ba,rdkit,JAK2_752be8cf41,Cc1[nH]nc(Nc2nc(O[C@@H](C)c3ncc(F)cn3)c(F)c(N3CCOCC3)n2)c1F,IIGLPIWTKHDOAX-JTQLQIEISA-N,True,True,True,436.398,2.4356,113.97,2,9,6,0.6013,3.48,c1cnc(COc2cc(N3CCOCC3)nc(Nc3cc[nH]n3)n2)nc1,6,False,False,True,rdkit_reaction_aryl_F
CAND_68199b563f,rdkit,JAK2_752be8cf41,Cc1cc(Nc2nc(O[C@@H](C)c3ncc(F)c(F)n3)c(F)c(N3CCOCC3)n2)n[nH]1,JFDRTUXCRSUQPS-JTQLQIEISA-N,True,True,True,436.398,2.4356,113.97,2,9,6,0.5625,3.48,c1cnc(COc2cc(N3CCOCC3)nc(Nc3cc[nH]n3)n2)nc1,6,False,False,True,rdkit_reaction_aryl_F
CAND_134a994fa9,rdkit,JAK2_752be8cf41,Cc1[nH]nc(Nc2nc(O[C@@H](C)c3ncc(F)cn3)c(F)c(N3CCOCC3)n2)c1Cl,GFWRPTYKMBDPKO-JTQLQIEISA-N,True,True,True,452.853,2.9499,113.97,2,9,6,0.5821,3.571,c1cnc(COc2cc(N3CCOCC3)nc(Nc3cc[nH]n3)n2)nc1,6,False,False,True,rdkit_reaction_aryl_Cl
CAND_a271ec5706,rdkit,JAK2_752be8cf41,Cc1cc(Nc2nc(O[C@@H](C)c3ncc(F)c(Cl)n3)c(F)c(N3CCOCC3)n2)n[nH]1,FZNBHGANVVOKLW-JTQLQIEISA-N,True,True,True,452.853,2.9499,113.97,2,9,6,0.5445,3.571,c1cnc(COc2cc(N3CCOCC3)nc(Nc3cc[nH]n3)n2)nc1,6,False,False,True,rdkit_reaction_aryl_Cl
CAND_e8ba40b49e,rdkit,JAK2_752be8cf41,Cc1[nH]nc(Nc2nc(O[C@@H](C)c3ncc(F)cn3)c(F)c(N3CCOCC3)n2)c1C,BBGXXNAJHHUVAR-LBPRGKRZSA-N,True,True,True,432.435,2.6049,113.97,2,9,6,0.6065,3.458,c1cnc(COc2cc(N3CCOCC3)nc(Nc3cc[nH]n3)n2)nc1,6,False,False,True,rdkit_reaction_aryl_Me
CAND_ccc002b922,rdkit,JAK2_fc4de259e2,Cc1[nH]nc(Nc2nc(N[C@@H](C)c3ncc(F)cc3F)c(F)c(N3CCOCC3)n2)c1F,UZMBOWNZUXEEHP-JTQLQIEISA-N,True,True,True,452.416,3.2128,103.88,3,8,6,0.4902,3.569,c1ccc(CNc2cc(N3CCOCC3)nc(Nc3cc[nH]n3)n2)nc1,6,False,False,True,rdkit_reaction_aryl_F
CAND_6a8a7a11b2,rdkit,JAK2_fc4de259e2,Cc1cc(Nc2nc(N[C@@H](C)c3nc(F)c(F)cc3F)c(F)c(N3CCOCC3)n2)n[nH]1,JVJHTBOEPBWYMH-JTQLQIEISA-N,True,True,True,452.416,3.2128,103.88,3,8,6,0.3871,3.569,c1ccc(CNc2cc(N3CCOCC3)nc(Nc3cc[nH]n3)n2)nc1,6,False,False,True,rdkit_reaction_aryl_F
CAND_fb8a7b7f05,rdkit,JAK2_fc4de259e2,Cc1cc(Nc2nc(N[C@@H](C)c3ncc(F)c(F)c3F)c(F)c(N3CCOCC3)n2)n[nH]1,OIAWDWZLJCPTFH-JTQLQIEISA-N,True,True,True,452.416,3.2128,103.88,3,8,6,0.4902,3.569,c1ccc(CNc2cc(N3CCOCC3)nc(Nc3cc[nH]n3)n2)nc1,6,False,False,True,rdkit_reaction_aryl_F
CAND_07086d128e,rdkit,JAK2_fc4de259e2,Cc1[nH]nc(Nc2nc(N[C@@H](C)c3ncc(F)cc3F)c(F)c(N3CCOCC3)n2)c1Cl,AUCJYIANSMVHSK-JTQLQIEISA-N,True,True,True,468.871,3.7271,103.88,3,8,6,0.5026,3.66,c1ccc(CNc2cc(N3CCOCC3)nc(Nc3cc[nH]n3)n2)nc1,6,False,False,True,rdkit_reaction_aryl_Cl
CAND_019ea5d9c7,rdkit,JAK2_fc4de259e2,Cc1cc(Nc2nc(N[C@@H](C)c3nc(Cl)c(F)cc3F)c(F)c(N3CCOCC3)n2)n[nH]1,RBQYHIPLYUUPFQ-JTQLQIEISA-N,True,True,True,468.871,3.7271,103.88,3,8,6,0.4701,3.66,c1ccc(CNc2cc(N3CCOCC3)nc(Nc3cc[nH]n3)n2)nc1,6,False,False,True,rdkit_reaction_aryl_Cl
CAND_aad5d7b1c3,rdkit,JAK2_51eb2cd77d,COCCNC(=O)c1c(F)nc(N)c2cc(-c3ccc(S(=O)(=O)NC(C)(C)C)cc3)sc12,KMIVWWVJYSCFRA-UHFFFAOYSA-N,True,True,True,480.587,3.1376,123.41,3,7,7,0.3526,3.35,c1ccc(-c2cc3cnccc3s2)cc1,6,False,False,True,rdkit_reaction_aryl_F
CAND_7ce2b59bfe,rdkit,JAK2_51eb2cd77d,COCCNC(=O)c1cnc(N)c2c(F)c(-c3ccc(S(=O)(=O)NC(C)(C)C)cc3)sc12,OAFILFLCOUDWFQ-UHFFFAOYSA-N,True,True,True,480.587,3.1376,123.41,3,7,7,0.4466,3.35,c1ccc(-c2cc3cnccc3s2)cc1,6,False,False,True,rdkit_reaction_aryl_F
CAND_510a9ee9fd,rdkit,JAK2_51eb2cd77d,COCCNC(=O)c1cnc(N)c2cc(-c3ccc(S(=O)(=O)NC(C)(C)C)cc3F)sc12,KWNRFNCBHANHNX-UHFFFAOYSA-N,True,True,True,480.587,3.1376,123.41,3,7,7,0.4466,3.35,c1ccc(-c2cc3cnccc3s2)cc1,6,False,False,True,rdkit_reaction_aryl_F
CAND_74ca9d7a3c,rdkit,JAK2_51eb2cd77d,COCCNC(=O)c1cnc(N)c2cc(-c3ccc(S(=O)(=O)NC(C)(C)C)c(F)c3)sc12,NDCRRGJFSYTNHG-UHFFFAOYSA-N,True,True,True,480.587,3.1376,123.41,3,7,7,0.4466,3.35,c1ccc(-c2cc3cnccc3s2)cc1,6,False,False,True,rdkit_reaction_aryl_F
CAND_df99b2e8f0,rdkit,JAK2_51eb2cd77d,COCCNC(=O)c1c(Cl)nc(N)c2cc(-c3ccc(S(=O)(=O)NC(C)(C)C)cc3)sc12,FGRJKYNRNPIIDX-UHFFFAOYSA-N,True,True,True,497.042,3.6519,123.41,3,7,7,0.3386,3.442,c1ccc(-c2cc3cnccc3s2)cc1,6,False,False,True,rdkit_reaction_aryl_Cl
CAND_2c0b6d0e2a,rdkit,JAK2_636d21a80d,CCCN(CC(F)(F)F)C(=O)C1CCCN(c2ncnc(-c3c(N)nn4cccnc34)c2F)C1,FHFINFNYPMKYQA-UHFFFAOYSA-N,True,True,True,480.47,2.9249,105.54,1,7,6,0.541,3.725,c1cnc2c(-c3cc(N4CCCCC4)ncn3)cnn2c1,6,False,False,True,rdkit_reaction_aryl_F
CAND_9c0baad472,rdkit,JAK2_636d21a80d,CCCN(CC(F)(F)F)C(=O)C1CCCN(c2cc(-c3c(N)nn4c(F)ccnc34)ncn2)C1,QCRQNJXLRKEBFS-UHFFFAOYSA-N,True,True,True,480.47,2.9249,105.54,1,7,6,0.4272,3.725,c1cnc2c(-c3cc(N4CCCCC4)ncn3)cnn2c1,6,False,False,True,rdkit_reaction_aryl_F
CAND_959e00dfbc,rdkit,JAK2_636d21a80d,CCCN(CC(F)(F)F)C(=O)C1CCCN(c2cc(-c3c(N)nn4cc(F)cnc34)ncn2)C1,XVRYCIVYQOJZQG-UHFFFAOYSA-N,True,True,True,480.47,2.9249,105.54,1,7,6,0.541,3.725,c1cnc2c(-c3cc(N4CCCCC4)ncn3)cnn2c1,6,False,False,True,rdkit_reaction_aryl_F
CAND_301c62076a,rdkit,JAK2_636d21a80d,CCCN(CC(F)(F)F)C(=O)C1CCCN(c2cc(-c3c(N)nn4ccc(F)nc34)ncn2)C1,RRUVWDRBGFAURQ-UHFFFAOYSA-N,True,True,True,480.47,2.9249,105.54,1,7,6,0.4272,3.725,c1cnc2c(-c3cc(N4CCCCC4)ncn3)cnn2c1,6,False,False,True,rdkit_reaction_aryl_F
CAND_6b04720d0a,rdkit,JAK2_636d21a80d,CCCN(CC(F)(F)F)C(=O)C1CCCN(c2cc(-c3c(N)nn4cccnc34)nc(F)n2)C1,IJAHGBAYLXEZOO-UHFFFAOYSA-N,True,True,True,480.47,2.9249,105.54,1,7,6,0.4272,3.725,c1cnc2c(-c3cc(N4CCCCC4)ncn3)cnn2c1,6,False,False,True,rdkit_reaction_aryl_F
CAND_f086f69f19,rdkit,JAK2_b981ca4ff6,Cc1c(C(=O)N2CCOCC2)ccc(-c2cnc3cccc(-c4cc(F)c(CN5CCOCC5)c(F)c4)c3n2)c1F,KHXWDGRKZJMOBW-UHFFFAOYSA-N,True,True,True,562.592,4.9941,67.79,0,6,5,0.3415,4.006,O=C(c1ccc(-c2cnc3cccc(-c4ccc(CN5CCOCC5)cc4)c3n2)cc1)N1CCOCC1,6,False,False,True,rdkit_reaction_aryl_F
CAND_01d705b463,rdkit,JAK2_b981ca4ff6,Cc1cc(-c2nc3c(-c4cc(F)c(CN5CCOCC5)c(F)c4)cccc3nc2F)ccc1C(=O)N1CCOCC1,OVMGDGSOYHFNEW-UHFFFAOYSA-N,True,True,True,562.592,4.9941,67.79,0,6,5,0.3415,4.006,O=C(c1ccc(-c2cnc3cccc(-c4ccc(CN5CCOCC5)cc4)c3n2)cc1)N1CCOCC1,6,False,False,True,rdkit_reaction_aryl_F
CAND_927937d83c,rdkit,JAK2_b981ca4ff6,Cc1cc(-c2cnc3c(F)ccc(-c4cc(F)c(CN5CCOCC5)c(F)c4)c3n2)ccc1C(=O)N1CCOCC1,KFARCVAXRPBDGS-UHFFFAOYSA-N,True,True,True,562.592,4.9941,67.79,0,6,5,0.3415,4.006,O=C(c1ccc(-c2cnc3cccc(-c4ccc(CN5CCOCC5)cc4)c3n2)cc1)N1CCOCC1,6,False,False,True,rdkit_reaction_aryl_F
CAND_569f2f7d47,rdkit,JAK2_b981ca4ff6,Cc1cc(-c2cnc3cc(F)cc(-c4cc(F)c(CN5CCOCC5)c(F)c4)c3n2)ccc1C(=O)N1CCOCC1,TXTPCZJUNNIKBI-UHFFFAOYSA-N,True,True,True,562.592,4.9941,67.79,0,6,5,0.3415,4.006,O=C(c1ccc(-c2cnc3cccc(-c4ccc(CN5CCOCC5)cc4)c3n2)cc1)N1CCOCC1,6,False,False,True,rdkit_reaction_aryl_F
CAND_5fd9bc6a86,rdkit,JAK2_b981ca4ff6,Cc1cc(-c2cnc3ccc(F)c(-c4cc(F)c(CN5CCOCC5)c(F)c4)c3n2)ccc1C(=O)N1CCOCC1,VXRRYMXEKNNYOH-UHFFFAOYSA-N,True,True,True,562.592,4.9941,67.79,0,6,5,0.3415,4.006,O=C(c1ccc(-c2cnc3cccc(-c4ccc(CN5CCOCC5)cc4)c3n2)cc1)N1CCOCC1,6,False,False,True,rdkit_reaction_aryl_F
CAND_5f52f7f78d,rdkit,JAK2_86274ac229,CN1CCN(Cc2cc(Nc3nc4c(-c5ccc(S(C)(=O)=O)cc5)cccn4n3)ccc2F)CC1,QYQAXMKZUFSXAV-UHFFFAOYSA-N,True,True,True,494.596,3.4299,82.84,1,7,6,0.4398,3.753,c1ccc(-c2cccn3nc(Nc4cccc(CN5CCNCC5)c4)nc23)cc1,6,False,False,True,rdkit_reaction_aryl_F
CAND_37949b8ab6,rdkit,JAK2_86274ac229,CN1CCN(Cc2cc(F)cc(Nc3nc4c(-c5ccc(S(C)(=O)=O)cc5)cccn4n3)c2)CC1,BVSVEQSLMJHICO-UHFFFAOYSA-N,True,True,True,494.596,3.4299,82.84,1,7,6,0.4398,3.753,c1ccc(-c2cccn3nc(Nc4cccc(CN5CCNCC5)c4)nc23)cc1,6,False,False,True,rdkit_reaction_aryl_F
CAND_4d8e54a0ff,rdkit,JAK2_86274ac229,CN1CCN(Cc2ccc(F)c(Nc3nc4c(-c5ccc(S(C)(=O)=O)cc5)cccn4n3)c2)CC1,FFQYIMLGIOQDDE-UHFFFAOYSA-N,True,True,True,494.596,3.4299,82.84,1,7,6,0.4398,3.753,c1ccc(-c2cccn3nc(Nc4cccc(CN5CCNCC5)c4)nc23)cc1,6,False,False,True,rdkit_reaction_aryl_F
CAND_66076ee648,rdkit,JAK2_86274ac229,CN1CCN(Cc2cccc(Nc3nc4c(-c5ccc(S(C)(=O)=O)cc5F)cccn4n3)c2)CC1,NNQDWKKASFOXLM-UHFFFAOYSA-N,True,True,True,494.596,3.4299,82.84,1,7,6,0.4398,3.753,c1ccc(-c2cccn3nc(Nc4cccc(CN5CCNCC5)c4)nc23)cc1,6,False,False,True,rdkit_reaction_aryl_F
CAND_70bccf8a13,rdkit,JAK2_86274ac229,CN1CCN(Cc2cccc(Nc3nc4c(-c5ccc(S(C)(=O)=O)c(F)c5)cccn4n3)c2)CC1,QVTNQJZZSVGDOZ-UHFFFAOYSA-N,True,True,True,494.596,3.4299,82.84,1,7,6,0.4398,3.753,c1ccc(-c2cccn3nc(Nc4cccc(CN5CCNCC5)c4)nc23)cc1,6,False,False,True,rdkit_reaction_aryl_F
CAND_0f12c9d63d,rdkit,JAK2_474efd57c1,C[C@@H](NC(=O)c1c(F)[nH]c2ncc(-c3cn(C)c4cc(Cl)ccc34)nc12)C(=O)N1CC(C#N)C1,QZVUYZBQGQQSJQ-LLVKDONJSA-N,True,True,True,479.903,3.0094,119.7,2,5,4,0.466,3.672,O=C(NCC(=O)N1CCC1)c1c[nH]c2ncc(-c3c[nH]c4ccccc34)nc12,6,False,False,True,rdkit_reaction_aryl_F
CAND_c482e5efb9,rdkit,JAK2_474efd57c1,C[C@@H](NC(=O)c1c[nH]c2nc(F)c(-c3cn(C)c4cc(Cl)ccc34)nc12)C(=O)N1CC(C#N)C1,DCOBOHQNJMBUCQ-LLVKDONJSA-N,True,True,True,479.903,3.0094,119.7,2,5,4,0.466,3.672,O=C(NCC(=O)N1CCC1)c1c[nH]c2ncc(-c3c[nH]c4ccccc34)nc12,6,False,False,True,rdkit_reaction_aryl_F
CAND_cd12e169c5,rdkit,JAK2_474efd57c1,C[C@@H](NC(=O)c1c[nH]c2ncc(-c3c(F)n(C)c4cc(Cl)ccc34)nc12)C(=O)N1CC(C#N)C1,IRQUIVRENRBRJE-LLVKDONJSA-N,True,True,True,479.903,3.0094,119.7,2,5,4,0.466,3.672,O=C(NCC(=O)N1CCC1)c1c[nH]c2ncc(-c3c[nH]c4ccccc34)nc12,6,False,False,True,rdkit_reaction_aryl_F
CAND_a61d5fea5c,rdkit,JAK2_474efd57c1,C[C@@H](NC(=O)c1c[nH]c2ncc(-c3cn(C)c4c(F)c(Cl)ccc34)nc12)C(=O)N1CC(C#N)C1,XVHMUZHTQWHBFJ-LLVKDONJSA-N,True,True,True,479.903,3.0094,119.7,2,5,4,0.466,3.672,O=C(NCC(=O)N1CCC1)c1c[nH]c2ncc(-c3c[nH]c4ccccc34)nc12,6,False,False,True,rdkit_reaction_aryl_F
CAND_25e52c8fd8,rdkit,JAK2_474efd57c1,C[C@@H](NC(=O)c1c[nH]c2ncc(-c3cn(C)c4cc(Cl)c(F)cc34)nc12)C(=O)N1CC(C#N)C1,XHCNOYLNFAJKSL-LLVKDONJSA-N,True,True,True,479.903,3.0094,119.7,2,5,4,0.466,3.672,O=C(NCC(=O)N1CCC1)c1c[nH]c2ncc(-c3c[nH]c4ccccc34)nc12,6,False,False,True,rdkit_reaction_aryl_F
CAND_087da01414,rdkit,JAK2_a76d3b3ff0,Nc1nn2c(F)ccnc2c1-c1cc(N2CCCC2c2ccc(F)cc2)ncn1,GGVJCGYFMSOBEL-UHFFFAOYSA-N,True,True,True,393.401,3.3882,85.23,1,6,3,0.5373,3.066,c1ccc(C2CCCN2c2cc(-c3cnn4cccnc34)ncn2)cc1,6,False,False,True,rdkit_reaction_aryl_F
CAND_f93edadffe,rdkit,JAK2_a76d3b3ff0,Nc1nn2cc(F)cnc2c1-c1cc(N2CCCC2c2ccc(F)cc2)ncn1,NNDYEVJYVRVACG-UHFFFAOYSA-N,True,True,True,393.401,3.3882,85.23,1,6,3,0.5743,3.066,c1ccc(C2CCCN2c2cc(-c3cnn4cccnc34)ncn2)cc1,6,False,False,True,rdkit_reaction_aryl_F
CAND_af7f4089a7,rdkit,JAK2_a76d3b3ff0,Nc1nn2ccc(F)nc2c1-c1cc(N2CCCC2c2ccc(F)cc2)ncn1,OANRNPXCCQJDDW-UHFFFAOYSA-N,True,True,True,393.401,3.3882,85.23,1,6,3,0.5373,3.066,c1ccc(C2CCCN2c2cc(-c3cnn4cccnc34)ncn2)cc1,6,False,False,True,rdkit_reaction_aryl_F
CAND_6b5047ee91,rdkit,JAK2_a76d3b3ff0,Nc1nn2cccnc2c1-c1ncnc(N2CCCC2c2ccc(F)cc2)c1F,YMIOSOHVNSPYAR-UHFFFAOYSA-N,True,True,True,393.401,3.3882,85.23,1,6,3,0.5743,3.066,c1ccc(C2CCCN2c2cc(-c3cnn4cccnc34)ncn2)cc1,6,False,False,True,rdkit_reaction_aryl_F
CAND_5dda5047b6,rdkit,JAK2_a76d3b3ff0,Nc1nn2cccnc2c1-c1cc(N2CCCC2c2ccc(F)cc2F)ncn1,FDVKHYXLYIFPBQ-UHFFFAOYSA-N,True,True,True,393.401,3.3882,85.23,1,6,3,0.5743,3.066,c1ccc(C2CCCN2c2cc(-c3cnn4cccnc34)ncn2)cc1,6,False,False,True,rdkit_reaction_aryl_F
CAND_6e24ad8ce0,rdkit,JAK2_6a465d8a48,COc1c(F)cccc1C(=O)N1CCN(c2nc(Nc3cc(C)[nH]n3)c3cccn3n2)CC1,SPOGWFUPPHTRCJ-UHFFFAOYSA-N,True,True,True,450.478,2.6145,103.68,2,7,5,0.4817,3.383,O=C(c1ccccc1)N1CCN(c2nc(Nc3cc[nH]n3)c3cccn3n2)CC1,6,False,False,True,rdkit_reaction_aryl_F
CAND_daebbb275c,rdkit,JAK2_6a465d8a48,COc1cc(F)ccc1C(=O)N1CCN(c2nc(Nc3cc(C)[nH]n3)c3cccn3n2)CC1,YZCHEGKCOLGZNS-UHFFFAOYSA-N,True,True,True,450.478,2.6145,103.68,2,7,5,0.4817,3.383,O=C(c1ccccc1)N1CCN(c2nc(Nc3cc[nH]n3)c3cccn3n2)CC1,6,False,False,True,rdkit_reaction_aryl_F
CAND_be4642917f,rdkit,JAK2_6a465d8a48,COc1ccc(F)cc1C(=O)N1CCN(c2nc(Nc3cc(C)[nH]n3)c3cccn3n2)CC1,GTPFREXOJFPYMG-UHFFFAOYSA-N,True,True,True,450.478,2.6145,103.68,2,7,5,0.4817,3.383,O=C(c1ccccc1)N1CCN(c2nc(Nc3cc[nH]n3)c3cccn3n2)CC1,6,False,False,True,rdkit_reaction_aryl_F
CAND_49e55fec84,rdkit,JAK2_6a465d8a48,COc1cccc(F)c1C(=O)N1CCN(c2nc(Nc3cc(C)[nH]n3)c3cccn3n2)CC1,JBFZEEQVJSEIBJ-UHFFFAOYSA-N,True,True,True,450.478,2.6145,103.68,2,7,5,0.4817,3.383,O=C(c1ccccc1)N1CCN(c2nc(Nc3cc[nH]n3)c3cccn3n2)CC1,6,False,False,True,rdkit_reaction_aryl_F
CAND_c8d8c53afd,rdkit,JAK2_6a465d8a48,COc1ccccc1C(=O)N1CCN(c2nc(Nc3n[nH]c(C)c3F)c3cccn3n2)CC1,HLGUQLUNOZUWQT-UHFFFAOYSA-N,True,True,True,450.478,2.6145,103.68,2,7,5,0.4817,3.383,O=C(c1ccccc1)N1CCN(c2nc(Nc3cc[nH]n3)c3cccn3n2)CC1,6,False,False,True,rdkit_reaction_aryl_F
CAND_343931c622,rdkit,JAK2_38e5488d63,Cc1c(F)c(-c2ccccc2N(C)S(C)(=O)=O)n2nc(Nc3ccc(C4CCN(CC(N)=O)CC4)cc3)ncc12,KGYMVWRSUFRVDR-UHFFFAOYSA-N,True,True,True,565.675,3.6479,125.93,2,7,8,0.3341,4.398,c1ccc(-c2ccc3cnc(Nc4ccc(C5CCNCC5)cc4)nn23)cc1,6,False,False,True,rdkit_reaction_aryl_F
CAND_1736e50a41,rdkit,JAK2_38e5488d63,Cc1cc(-c2c(F)cccc2N(C)S(C)(=O)=O)n2nc(Nc3ccc(C4CCN(CC(N)=O)CC4)cc3)ncc12,SHBKJKZFUCXLKQ-UHFFFAOYSA-N,True,True,True,565.675,3.6479,125.93,2,7,8,0.3341,4.398,c1ccc(-c2ccc3cnc(Nc4ccc(C5CCNCC5)cc4)nn23)cc1,6,False,False,True,rdkit_reaction_aryl_F
CAND_9508a4e8d2,rdkit,JAK2_38e5488d63,Cc1cc(-c2cc(F)ccc2N(C)S(C)(=O)=O)n2nc(Nc3ccc(C4CCN(CC(N)=O)CC4)cc3)ncc12,MDEMOOJXUKJTLZ-UHFFFAOYSA-N,True,True,True,565.675,3.6479,125.93,2,7,8,0.3341,4.398,c1ccc(-c2ccc3cnc(Nc4ccc(C5CCNCC5)cc4)nn23)cc1,6,False,False,True,rdkit_reaction_aryl_F
CAND_8e7d541af5,rdkit,JAK2_38e5488d63,Cc1cc(-c2ccc(F)cc2N(C)S(C)(=O)=O)n2nc(Nc3ccc(C4CCN(CC(N)=O)CC4)cc3)ncc12,BCOMHFGFPUGXJI-UHFFFAOYSA-N,True,True,True,565.675,3.6479,125.93,2,7,8,0.3341,4.398,c1ccc(-c2ccc3cnc(Nc4ccc(C5CCNCC5)cc4)nn23)cc1,6,False,False,True,rdkit_reaction_aryl_F
CAND_7a047c0e62,rdkit,JAK2_38e5488d63,Cc1cc(-c2cccc(F)c2N(C)S(C)(=O)=O)n2nc(Nc3ccc(C4CCN(CC(N)=O)CC4)cc3)ncc12,AAWWBKKEJQISLT-UHFFFAOYSA-N,True,True,True,565.675,3.6479,125.93,2,7,8,0.3341,4.398,c1ccc(-c2ccc3cnc(Nc4ccc(C5CCNCC5)cc4)nn23)cc1,6,False,False,True,rdkit_reaction_aryl_F
CAND_f6671e12c4,rdkit,JAK2_927180c033,CC(=O)Nc1ccc(-c2ccnc(Nc3ccc(N4CCOCC4)cc3)n2)cc1F,JJXUEWHXMPSUMH-UHFFFAOYSA-N,True,True,True,407.449,3.8213,79.38,2,6,5,0.6694,2.944,c1ccc(-c2ccnc(Nc3ccc(N4CCOCC4)cc3)n2)cc1,6,False,False,True,rdkit_reaction_aryl_F
CAND_31d3b35d4e,rdkit,JAK2_927180c033,CC(=O)Nc1ccc(-c2ccnc(Nc3ccc(N4CCOCC4)cc3)n2)c(F)c1,CKIVPJKKYDNGFY-UHFFFAOYSA-N,True,True,True,407.449,3.8213,79.38,2,6,5,0.6694,2.944,c1ccc(-c2ccnc(Nc3ccc(N4CCOCC4)cc3)n2)cc1,6,False,False,True,rdkit_reaction_aryl_F
CAND_5c84f7cc1c,rdkit,JAK2_927180c033,CC(=O)Nc1ccc(-c2nc(Nc3ccc(N4CCOCC4)cc3)ncc2F)cc1,VUPNNRWKHABLJG-UHFFFAOYSA-N,True,True,False,407.449,3.8213,79.38,2,6,5,0.6694,2.944,c1ccc(-c2ccnc(Nc3ccc(N4CCOCC4)cc3)n2)cc1,6,False,False,True,rdkit_reaction_aryl_F
CAND_dce73c2ef5,rdkit,JAK2_927180c033,CC(=O)Nc1ccc(-c2cc(F)nc(Nc3ccc(N4CCOCC4)cc3)n2)cc1,OMAOMWNUBNCHSH-UHFFFAOYSA-N,True,True,True,407.449,3.8213,79.38,2,6,5,0.6262,2.944,c1ccc(-c2ccnc(Nc3ccc(N4CCOCC4)cc3)n2)cc1,6,False,False,True,rdkit_reaction_aryl_F
CAND_04312db049,rdkit,JAK2_927180c033,CC(=O)Nc1ccc(-c2ccnc(Nc3ccc(N4CCOCC4)cc3F)n2)cc1,VLHPIMYUZTVDEZ-UHFFFAOYSA-N,True,True,True,407.449,3.8213,79.38,2,6,5,0.6694,2.944,c1ccc(-c2ccnc(Nc3ccc(N4CCOCC4)cc3)n2)cc1,6,False,False,True,rdkit_reaction_aryl_F
CAND_316dbd8da9,rdkit,JAK2_b97262126f,CCCN(CC)C(=O)C1CCCN(c2ncnc(-c3c(N)nn4cccnc34)c2F)C1,ZXZGGCWZPLWBRV-UHFFFAOYSA-N,True,True,True,426.5,2.3825,105.54,1,7,6,0.645,3.425,c1cnc2c(-c3cc(N4CCCCC4)ncn3)cnn2c1,6,False,False,True,rdkit_reaction_aryl_F
CAND_6487cffcc5,rdkit,JAK2_b97262126f,CCCN(CC)C(=O)C1CCCN(c2cc(-c3c(N)nn4c(F)ccnc34)ncn2)C1,TWOFTJAVIKWSIZ-UHFFFAOYSA-N,True,True,True,426.5,2.3825,105.54,1,7,6,0.6034,3.425,c1cnc2c(-c3cc(N4CCCCC4)ncn3)cnn2c1,6,False,False,True,rdkit_reaction_aryl_F
CAND_2a2409204c,rdkit,JAK2_b97262126f,CCCN(CC)C(=O)C1CCCN(c2cc(-c3c(N)nn4cc(F)cnc34)ncn2)C1,LQEYSQAHUYQNPC-UHFFFAOYSA-N,True,True,True,426.5,2.3825,105.54,1,7,6,0.645,3.425,c1cnc2c(-c3cc(N4CCCCC4)ncn3)cnn2c1,6,False,False,True,rdkit_reaction_aryl_F
CAND_ec6fe74def,rdkit,JAK2_b97262126f,CCCN(CC)C(=O)C1CCCN(c2cc(-c3c(N)nn4ccc(F)nc34)ncn2)C1,HMAVTWAVAXSOFV-UHFFFAOYSA-N,True,True,True,426.5,2.3825,105.54,1,7,6,0.6034,3.425,c1cnc2c(-c3cc(N4CCCCC4)ncn3)cnn2c1,6,False,False,True,rdkit_reaction_aryl_F
CAND_95c260df9b,rdkit,JAK2_b97262126f,CCCN(CC)C(=O)C1CCCN(c2cc(-c3c(N)nn4cccnc34)nc(F)n2)C1,WZQMZFBWRYWPTR-UHFFFAOYSA-N,True,True,True,426.5,2.3825,105.54,1,7,6,0.6034,3.425,c1cnc2c(-c3cc(N4CCCCC4)ncn3)cnn2c1,6,False,False,True,rdkit_reaction_aryl_F
CAND_e9640dae3f,rdkit,JAK2_ed99096d7e,CN1CCN(c2c(F)cc(Nc3ncc4ccc(-c5ccccc5N(C)S(C)(=O)=O)n4n3)cc2F)CC1,VAJRLEIYCQSHTR-UHFFFAOYSA-N,True,True,True,527.601,3.5657,86.08,1,7,6,0.4104,3.937,c1ccc(-c2ccc3cnc(Nc4ccc(N5CCNCC5)cc4)nn23)cc1,6,False,False,True,rdkit_reaction_aryl_F
CAND_732a84f9d9,rdkit,JAK2_ed99096d7e,CN1CCN(c2cc(F)c(Nc3ncc4ccc(-c5ccccc5N(C)S(C)(=O)=O)n4n3)cc2F)CC1,ZYQUTMLKLKKVHW-UHFFFAOYSA-N,True,True,True,527.601,3.5657,86.08,1,7,6,0.4104,3.937,c1ccc(-c2ccc3cnc(Nc4ccc(N5CCNCC5)cc4)nn23)cc1,6,False,False,True,rdkit_reaction_aryl_F
CAND_bcbe4e79db,rdkit,JAK2_ed99096d7e,CN1CCN(c2ccc(Nc3nc(F)c4ccc(-c5ccccc5N(C)S(C)(=O)=O)n4n3)cc2F)CC1,KNBRNNDAMAEAFP-UHFFFAOYSA-N,True,True,True,527.601,3.5657,86.08,1,7,6,0.4104,3.937,c1ccc(-c2ccc3cnc(Nc4ccc(N5CCNCC5)cc4)nn23)cc1,6,False,False,True,rdkit_reaction_aryl_F
CAND_04032f7dd0,rdkit,JAK2_ed99096d7e,CN1CCN(c2ccc(Nc3ncc4c(F)cc(-c5ccccc5N(C)S(C)(=O)=O)n4n3)cc2F)CC1,FHMPOQKCPPSRJF-UHFFFAOYSA-N,True,True,True,527.601,3.5657,86.08,1,7,6,0.4104,3.937,c1ccc(-c2ccc3cnc(Nc4ccc(N5CCNCC5)cc4)nn23)cc1,6,False,False,True,rdkit_reaction_aryl_F
CAND_4a99359f70,rdkit,JAK2_ed99096d7e,CN1CCN(c2ccc(Nc3ncc4cc(F)c(-c5ccccc5N(C)S(C)(=O)=O)n4n3)cc2F)CC1,CPOBCTGLCZBVKO-UHFFFAOYSA-N,True,True,True,527.601,3.5657,86.08,1,7,6,0.4104,3.937,c1ccc(-c2ccc3cnc(Nc4ccc(N5CCNCC5)cc4)nn23)cc1,6,False,False,True,rdkit_reaction_aryl_F
CAND_a1607137fd,rdkit,JAK2_48f4c39175,Cn1nc(-c2cc(Cl)ccc2Cl)c(NC(=O)c2cnn3ccc(N)nc23)c1F,QJOOPJSMQMHAEY-UHFFFAOYSA-N,True,True,True,420.235,3.4102,103.13,2,5,3,0.5289,2.765,O=C(Nc1c[nH]nc1-c1ccccc1)c1cnn2cccnc12,6,False,False,True,rdkit_reaction_aryl_F
CAND_c2512dd068,rdkit,JAK2_48f4c39175,Cn1cc(NC(=O)c2c(F)nn3ccc(N)nc23)c(-c2cc(Cl)ccc2Cl)n1,AANSMDNHLXUXGD-UHFFFAOYSA-N,True,True,True,420.235,3.4102,103.13,2,5,3,0.5289,2.765,O=C(Nc1c[nH]nc1-c1ccccc1)c1cnn2cccnc12,6,False,False,True,rdkit_reaction_aryl_F
CAND_a882bd8494,rdkit,JAK2_48f4c39175,Cn1cc(NC(=O)c2cnn3c(F)cc(N)nc23)c(-c2cc(Cl)ccc2Cl)n1,GCAVWOOZTNHWDW-UHFFFAOYSA-N,True,True,True,420.235,3.4102,103.13,2,5,3,0.4948,2.765,O=C(Nc1c[nH]nc1-c1ccccc1)c1cnn2cccnc12,6,False,False,True,rdkit_reaction_aryl_F
CAND_626759c2fc,rdkit,JAK2_48f4c39175,Cn1cc(NC(=O)c2cnn3cc(F)c(N)nc23)c(-c2cc(Cl)ccc2Cl)n1,OKPCCPOBYZWNKM-UHFFFAOYSA-N,True,True,True,420.235,3.4102,103.13,2,5,3,0.5289,2.765,O=C(Nc1c[nH]nc1-c1ccccc1)c1cnn2cccnc12,6,False,False,True,rdkit_reaction_aryl_F
CAND_5b3df47718,rdkit,JAK2_48f4c39175,Cn1cc(NC(=O)c2cnn3ccc(N)nc23)c(-c2c(Cl)ccc(Cl)c2F)n1,LYHXYVUWXAHKBK-UHFFFAOYSA-N,True,True,True,420.235,3.4102,103.13,2,5,3,0.4948,2.765,O=C(Nc1c[nH]nc1-c1ccccc1)c1cnn2cccnc12,6,False,False,True,rdkit_reaction_aryl_F
CAND_97e2263a02,rdkit,JAK2_0d9a1ad05b,COc1[nH]nc(Nc2nc(N[C@@H](C)c3ncc(F)cn3)ncc2Br)c1F,NHQUTMNGWZQWHW-LURJTMIESA-N,True,True,True,427.213,2.9557,113.53,3,8,6,0.5506,3.179,c1cnc(CNc2nccc(Nc3cc[nH]n3)n2)nc1,6,False,False,True,rdkit_reaction_aryl_F
CAND_366f13e53d,rdkit,JAK2_0d9a1ad05b,COc1cc(Nc2nc(N[C@@H](C)c3ncc(F)c(F)n3)ncc2Br)n[nH]1,URQSTVHTTQLBNM-LURJTMIESA-N,True,True,True,427.213,2.9557,113.53,3,8,6,0.515,3.179,c1cnc(CNc2nccc(Nc3cc[nH]n3)n2)nc1,6,False,False,True,rdkit_reaction_aryl_F
CAND_1157cba82b,rdkit,JAK2_0d9a1ad05b,COc1cc(Nc2nc(N[C@@H](C)c3ncc(F)cn3)nc(F)c2Br)n[nH]1,QTFGZVGLSYRAPX-LURJTMIESA-N,True,True,True,427.213,2.9557,113.53,3,8,6,0.515,3.179,c1cnc(CNc2nccc(Nc3cc[nH]n3)n2)nc1,6,False,False,True,rdkit_reaction_aryl_F
CAND_6b86c85625,rdkit,JAK2_0d9a1ad05b,COc1[nH]nc(Nc2nc(N[C@@H](C)c3ncc(F)cn3)ncc2Br)c1Cl,CSIPSTUFKCYKFJ-LURJTMIESA-N,True,True,True,443.668,3.47,113.53,3,8,6,0.5306,3.27,c1cnc(CNc2nccc(Nc3cc[nH]n3)n2)nc1,6,False,False,True,rdkit_reaction_aryl_Cl
CAND_3de5799e5f,rdkit,JAK2_0d9a1ad05b,COc1cc(Nc2nc(N[C@@H](C)c3ncc(F)c(Cl)n3)ncc2Br)n[nH]1,CFZVLENYFLBUSX-LURJTMIESA-N,True,True,True,443.668,3.47,113.53,3,8,6,0.4963,3.27,c1cnc(CNc2nccc(Nc3cc[nH]n3)n2)nc1,6,False,False,True,rdkit_reaction_aryl_Cl
CAND_d36a787046,rdkit,JAK2_cc9087b35d,CNC(=O)c1c(F)nc(N)c2cc(-c3ccc(C(C)(C)C#N)cc3)sc12,BXCWCEFVOBJXRF-UHFFFAOYSA-N,True,True,True,368.437,3.8454,91.8,2,5,3,0.6871,2.227,c1ccc(-c2cc3cnccc3s2)cc1,6,False,False,True,rdkit_reaction_aryl_F
CAND_1ad6a624e5,rdkit,JAK2_cc9087b35d,CNC(=O)c1cnc(N)c2c(F)c(-c3ccc(C(C)(C)C#N)cc3)sc12,OVCBABWGQXNZMO-UHFFFAOYSA-N,True,True,True,368.437,3.8454,91.8,2,5,3,0.7345,2.227,c1ccc(-c2cc3cnccc3s2)cc1,6,False,False,True,rdkit_reaction_aryl_F
CAND_7df603df3f,rdkit,JAK2_cc9087b35d,CNC(=O)c1cnc(N)c2cc(-c3ccc(C(C)(C)C#N)cc3F)sc12,GMLRFLQJEFEAQU-UHFFFAOYSA-N,True,True,True,368.437,3.8454,91.8,2,5,3,0.7345,2.227,c1ccc(-c2cc3cnccc3s2)cc1,6,False,False,True,rdkit_reaction_aryl_F
CAND_a25ab6bcfd,rdkit,JAK2_cc9087b35d,CNC(=O)c1cnc(N)c2cc(-c3ccc(C(C)(C)C#N)c(F)c3)sc12,NBQXNFIADLCOHL-UHFFFAOYSA-N,True,True,True,368.437,3.8454,91.8,2,5,3,0.7345,2.227,c1ccc(-c2cc3cnccc3s2)cc1,6,False,False,True,rdkit_reaction_aryl_F
CAND_f269b642d9,rdkit,JAK2_cc9087b35d,CNC(=O)c1c(Cl)nc(N)c2cc(-c3ccc(C(C)(C)C#N)cc3)sc12,WSINHWCXAVXORX-UHFFFAOYSA-N,True,True,True,384.892,4.3597,91.8,2,5,3,0.656,2.319,c1ccc(-c2cc3cnccc3s2)cc1,6,False,False,True,rdkit_reaction_aryl_Cl
CAND_38fb809f75,rdkit,JAK2_5d1153c544,Cc1nc(C#N)c(O[C@@H](C)c2ccc(F)cn2)nc1Nc1n[nH]c(C)c1F,SGSAPXZRSGZHNL-JTQLQIEISA-N,True,True,True,371.351,3.245,112.4,2,7,5,0.7077,2.744,c1ccc(COc2cncc(Nc3cc[nH]n3)n2)nc1,6,False,False,True,rdkit_reaction_aryl_F
CAND_ee17b8f4a5,rdkit,JAK2_5d1153c544,Cc1cc(Nc2nc(O[C@@H](C)c3ncc(F)cc3F)c(C#N)nc2C)n[nH]1,CITVMMZMFMCMLM-JTQLQIEISA-N,True,True,True,371.351,3.245,112.4,2,7,5,0.7077,2.744,c1ccc(COc2cncc(Nc3cc[nH]n3)n2)nc1,6,False,False,True,rdkit_reaction_aryl_F
CAND_16423dfa82,rdkit,JAK2_5d1153c544,Cc1cc(Nc2nc(O[C@@H](C)c3cc(F)c(F)cn3)c(C#N)nc2C)n[nH]1,FKBCHXHPBYPNGD-JTQLQIEISA-N,True,True,True,371.351,3.245,112.4,2,7,5,0.7077,2.744,c1ccc(COc2cncc(Nc3cc[nH]n3)n2)nc1,6,False,False,True,rdkit_reaction_aryl_F
CAND_0ca6fe86b2,rdkit,JAK2_5d1153c544,Cc1cc(Nc2nc(O[C@@H](C)c3ccc(F)c(F)n3)c(C#N)nc2C)n[nH]1,DJPBTJBXLTUXKM-JTQLQIEISA-N,True,True,True,371.351,3.245,112.4,2,7,5,0.6621,2.744,c1ccc(COc2cncc(Nc3cc[nH]n3)n2)nc1,6,False,False,True,rdkit_reaction_aryl_F
CAND_ccb1e5e68f,rdkit,JAK2_5d1153c544,Cc1nc(C#N)c(O[C@@H](C)c2ccc(F)cn2)nc1Nc1n[nH]c(C)c1Cl,RPZIRIBUTWZDNP-JTQLQIEISA-N,True,True,True,387.806,3.7593,112.4,2,7,5,0.6848,2.835,c1ccc(COc2cncc(Nc3cc[nH]n3)n2)nc1,6,False,False,True,rdkit_reaction_aryl_Cl
CAND_a292bab5a0,rdkit,JAK2_e1ea9485cf,O=c1[nH]c(F)cc2nc(Nc3c(F)cc(F)cc3Cl)c3ccc(F)cc3c12,XDYXCSHEMYHDQE-UHFFFAOYSA-N,True,True,True,393.727,5.0297,57.78,2,3,2,0.2852,2.508,O=c1[nH]ccc2nc(Nc3ccccc3)c3ccccc3c12,6,False,False,True,rdkit_reaction_aryl_F
CAND_cf888c279e,rdkit,JAK2_e1ea9485cf,O=c1[nH]cc(F)c2nc(Nc3c(F)cc(F)cc3Cl)c3ccc(F)cc3c12,IJYTVSFMSFXRHL-UHFFFAOYSA-N,True,True,True,393.727,5.0297,57.78,2,3,2,0.3708,2.508,O=c1[nH]ccc2nc(Nc3ccccc3)c3ccccc3c12,6,False,False,True,rdkit_reaction_aryl_F
CAND_82f5780909,rdkit,JAK2_e1ea9485cf,O=c1[nH]ccc2nc(Nc3c(Cl)cc(F)c(F)c3F)c3ccc(F)cc3c12,CWTHEONRNZKZLC-UHFFFAOYSA-N,True,True,True,393.727,5.0297,57.78,2,3,2,0.2172,2.508,O=c1[nH]ccc2nc(Nc3ccccc3)c3ccccc3c12,6,False,False,True,rdkit_reaction_aryl_F
CAND_1920e8a893,rdkit,JAK2_e1ea9485cf,O=c1[nH]ccc2nc(Nc3c(F)cc(F)c(F)c3Cl)c3ccc(F)cc3c12,AGZROAHNTHSALU-UHFFFAOYSA-N,True,True,True,393.727,5.0297,57.78,2,3,2,0.2172,2.508,O=c1[nH]ccc2nc(Nc3ccccc3)c3ccccc3c12,6,False,False,True,rdkit_reaction_aryl_F
CAND_babfae5699,rdkit,JAK2_e1ea9485cf,O=c1[nH]ccc2nc(Nc3c(F)cc(F)cc3Cl)c3c(F)cc(F)cc3c12,HGVNABAVWGHPQI-UHFFFAOYSA-N,True,True,True,393.727,5.0297,57.78,2,3,2,0.3708,2.508,O=c1[nH]ccc2nc(Nc3ccccc3)c3ccccc3c12,6,False,False,True,rdkit_reaction_aryl_F
CAND_aaac4271a0,rdkit,JAK2_e41eb8fd4a,Cc1c(F)sc2c(Nc3cn(C)cn3)nc(N[C@@H](C)c3ncc(F)cn3)nc12,YLOYORQBLJEVAN-VIFPVBQESA-N,True,True,True,402.434,3.7181,93.44,2,8,5,0.5254,3.166,c1cnc(CNc2nc(Nc3c[nH]cn3)c3sccc3n2)nc1,6,False,False,True,rdkit_reaction_aryl_F
CAND_117dfbdd46,rdkit,JAK2_e41eb8fd4a,Cc1csc2c(Nc3ncn(C)c3F)nc(N[C@@H](C)c3ncc(F)cn3)nc12,JXYFINDIVIXEKC-VIFPVBQESA-N,True,True,True,402.434,3.7181,93.44,2,8,5,0.5254,3.166,c1cnc(CNc2nc(Nc3c[nH]cn3)c3sccc3n2)nc1,6,False,False,True,rdkit_reaction_aryl_F
CAND_411a1e7d91,rdkit,JAK2_e41eb8fd4a,Cc1csc2c(Nc3cn(C)c(F)n3)nc(N[C@@H](C)c3ncc(F)cn3)nc12,UXXIGHPAKZYACT-VIFPVBQESA-N,True,True,True,402.434,3.7181,93.44,2,8,5,0.5254,3.166,c1cnc(CNc2nc(Nc3c[nH]cn3)c3sccc3n2)nc1,6,False,False,True,rdkit_reaction_aryl_F
CAND_00c40ed0bf,rdkit,JAK2_e41eb8fd4a,Cc1csc2c(Nc3cn(C)cn3)nc(N[C@@H](C)c3ncc(F)c(F)n3)nc12,MQRJBFQANKFNLF-VIFPVBQESA-N,True,True,True,402.434,3.7181,93.44,2,8,5,0.4915,3.166,c1cnc(CNc2nc(Nc3c[nH]cn3)c3sccc3n2)nc1,6,False,False,True,rdkit_reaction_aryl_F
CAND_155548f64e,rdkit,JAK2_e41eb8fd4a,Cc1c(Cl)sc2c(Nc3cn(C)cn3)nc(N[C@@H](C)c3ncc(F)cn3)nc12,JDEOPZGZENYEAX-VIFPVBQESA-N,True,True,True,418.889,4.2324,93.44,2,8,5,0.5004,3.258,c1cnc(CNc2nc(Nc3c[nH]cn3)c3sccc3n2)nc1,6,False,False,True,rdkit_reaction_aryl_Cl
CAND_6ec3b3ab80,rdkit,JAK2_0e4efc6813,COc1[nH]nc(Nc2nc(N[C@@H](C)c3ncc(F)cn3)nc(N3CCOCC3)c2Cl)c1F,MESMMOXQMVBCAR-VIFPVBQESA-N,True,True,True,467.868,2.6832,126.0,3,10,7,0.477,3.78,c1cnc(CNc2nc(Nc3cc[nH]n3)cc(N3CCOCC3)n2)nc1,6,False,False,True,rdkit_reaction_aryl_F
CAND_31992456c5,rdkit,JAK2_0e4efc6813,COc1cc(Nc2nc(N[C@@H](C)c3ncc(F)c(F)n3)nc(N3CCOCC3)c2Cl)n[nH]1,QRYQPUCRMWSBJW-VIFPVBQESA-N,True,True,True,467.868,2.6832,126.0,3,10,7,0.4462,3.78,c1cnc(CNc2nc(Nc3cc[nH]n3)cc(N3CCOCC3)n2)nc1,6,False,False,True,rdkit_reaction_aryl_F
CAND_74646755cf,rdkit,JAK2_0e4efc6813,COc1[nH]nc(Nc2nc(N[C@@H](C)c3ncc(F)cn3)nc(N3CCOCC3)c2Cl)c1Cl,JVOBRNRDIUWVRX-VIFPVBQESA-N,True,True,True,484.323,3.1975,126.0,3,10,7,0.4604,3.871,c1cnc(CNc2nc(Nc3cc[nH]n3)cc(N3CCOCC3)n2)nc1,6,False,False,True,rdkit_reaction_aryl_Cl
CAND_2ad29e40cf,rdkit,JAK2_0e4efc6813,COc1cc(Nc2nc(N[C@@H](C)c3ncc(F)c(Cl)n3)nc(N3CCOCC3)c2Cl)n[nH]1,VQHFSACQVSCBSX-VIFPVBQESA-N,True,True,True,484.323,3.1975,126.0,3,10,7,0.4307,3.871,c1cnc(CNc2nc(Nc3cc[nH]n3)cc(N3CCOCC3)n2)nc1,6,False,False,True,rdkit_reaction_aryl_Cl
CAND_aa330ca8f8,rdkit,JAK2_0e4efc6813,COc1[nH]nc(Nc2nc(N[C@@H](C)c3ncc(F)cn3)nc(N3CCOCC3)c2Cl)c1C,KLVRVWCESYDNCT-NSHDSACASA-N,True,True,True,463.905,2.8525,126.0,3,10,7,0.481,3.758,c1cnc(CNc2nc(Nc3cc[nH]n3)cc(N3CCOCC3)n2)nc1,6,False,False,True,rdkit_reaction_aryl_Me
CAND_18ada7a542,rdkit,JAK2_5b3c863b86,CN1CCN(c2cc(Nc3nc4c(-c5ccc(C(F)(F)F)cc5)cccn4n3)ccc2F)CC1,JZQRDSNEANFPKI-UHFFFAOYSA-N,True,True,True,470.474,5.0496,48.7,1,5,4,0.4233,3.394,c1ccc(-c2cccn3nc(Nc4cccc(N5CCNCC5)c4)nc23)cc1,6,False,False,True,rdkit_reaction_aryl_F
CAND_2d849f6b99,rdkit,JAK2_5b3c863b86,CN1CCN(c2cc(F)cc(Nc3nc4c(-c5ccc(C(F)(F)F)cc5)cccn4n3)c2)CC1,UOUQOKKJGBFXAL-UHFFFAOYSA-N,True,True,True,470.474,5.0496,48.7,1,5,4,0.4233,3.394,c1ccc(-c2cccn3nc(Nc4cccc(N5CCNCC5)c4)nc23)cc1,6,False,False,True,rdkit_reaction_aryl_F
CAND_f84f72141a,rdkit,JAK2_5b3c863b86,CN1CCN(c2ccc(F)c(Nc3nc4c(-c5ccc(C(F)(F)F)cc5)cccn4n3)c2)CC1,PWFRWFCNHVTRKH-UHFFFAOYSA-N,True,True,True,470.474,5.0496,48.7,1,5,4,0.4233,3.394,c1ccc(-c2cccn3nc(Nc4cccc(N5CCNCC5)c4)nc23)cc1,6,False,False,True,rdkit_reaction_aryl_F
CAND_86150efe21,rdkit,JAK2_5b3c863b86,CN1CCN(c2cccc(Nc3nc4c(-c5ccc(C(F)(F)F)cc5F)cccn4n3)c2)CC1,TZMLHWDMARKFKL-UHFFFAOYSA-N,True,True,True,470.474,5.0496,48.7,1,5,4,0.4233,3.394,c1ccc(-c2cccn3nc(Nc4cccc(N5CCNCC5)c4)nc23)cc1,6,False,False,True,rdkit_reaction_aryl_F
CAND_a7e430a723,rdkit,JAK2_5b3c863b86,CN1CCN(c2cccc(Nc3nc4c(-c5ccc(C(F)(F)F)c(F)c5)cccn4n3)c2)CC1,DSLLSTBGEPJBFK-UHFFFAOYSA-N,True,True,True,470.474,5.0496,48.7,1,5,4,0.4233,3.394,c1ccc(-c2cccn3nc(Nc4cccc(N5CCNCC5)c4)nc23)cc1,6,False,False,True,rdkit_reaction_aryl_F
CAND_02581d089e,rdkit,JAK2_41f05c4fc6,Cc1[nH]nc(Nc2nc(O[C@@H](C)c3ccc(F)cn3)c(F)c(N3CCOCC3)n2)c1F,GPOKLGVMAVTZGW-NSHDSACASA-N,True,True,True,435.41,3.0406,101.08,2,8,6,0.6095,3.475,c1ccc(COc2cc(N3CCOCC3)nc(Nc3cc[nH]n3)n2)nc1,6,False,False,True,rdkit_reaction_aryl_F
CAND_55b934be09,rdkit,JAK2_41f05c4fc6,Cc1cc(Nc2nc(O[C@@H](C)c3ncc(F)cc3F)c(F)c(N3CCOCC3)n2)n[nH]1,CIYADEJAXJTPOH-NSHDSACASA-N,True,True,False,435.41,3.0406,101.08,2,8,6,0.6095,3.475,c1ccc(COc2cc(N3CCOCC3)nc(Nc3cc[nH]n3)n2)nc1,6,False,False,True,rdkit_reaction_aryl_F
CAND_cd3023e25f,rdkit,JAK2_41f05c4fc6,Cc1cc(Nc2nc(O[C@@H](C)c3cc(F)c(F)cn3)c(F)c(N3CCOCC3)n2)n[nH]1,KWAIAJUAQWYXIB-NSHDSACASA-N,True,True,True,435.41,3.0406,101.08,2,8,6,0.6095,3.475,c1ccc(COc2cc(N3CCOCC3)nc(Nc3cc[nH]n3)n2)nc1,6,False,False,True,rdkit_reaction_aryl_F
CAND_adaa8ccf95,rdkit,JAK2_41f05c4fc6,Cc1cc(Nc2nc(O[C@@H](C)c3ccc(F)c(F)n3)c(F)c(N3CCOCC3)n2)n[nH]1,MTQTYJNTZSACQF-NSHDSACASA-N,True,True,True,435.41,3.0406,101.08,2,8,6,0.5701,3.475,c1ccc(COc2cc(N3CCOCC3)nc(Nc3cc[nH]n3)n2)nc1,6,False,False,True,rdkit_reaction_aryl_F
CAND_81f3ce07b3,rdkit,JAK2_41f05c4fc6,Cc1[nH]nc(Nc2nc(O[C@@H](C)c3ccc(F)cn3)c(F)c(N3CCOCC3)n2)c1Cl,SANWIXPCUWYIKF-NSHDSACASA-N,True,True,True,451.865,3.5549,101.08,2,8,6,0.5864,3.566,c1ccc(COc2cc(N3CCOCC3)nc(Nc3cc[nH]n3)n2)nc1,6,False,False,True,rdkit_reaction_aryl_Cl
CAND_9fbcc26b59,rdkit,JAK2_7170569dc6,CCN(CC(F)(F)F)C(=O)C1CCCN(c2ncnc(-c3c(N)nn4cccnc34)c2F)C1,KJTOVQGMBHWRDB-UHFFFAOYSA-N,True,True,True,466.443,2.5348,105.54,1,7,5,0.5763,3.522,c1cnc2c(-c3cc(N4CCCCC4)ncn3)cnn2c1,6,False,False,True,rdkit_reaction_aryl_F
CAND_7084292691,rdkit,JAK2_7170569dc6,CCN(CC(F)(F)F)C(=O)C1CCCN(c2cc(-c3c(N)nn4c(F)ccnc34)ncn2)C1,GKMDUYHZFYOZOE-UHFFFAOYSA-N,True,True,True,466.443,2.5348,105.54,1,7,5,0.4551,3.522,c1cnc2c(-c3cc(N4CCCCC4)ncn3)cnn2c1,6,False,False,True,rdkit_reaction_aryl_F
CAND_9fe3dbd0f0,rdkit,JAK2_7170569dc6,CCN(CC(F)(F)F)C(=O)C1CCCN(c2cc(-c3c(N)nn4cc(F)cnc34)ncn2)C1,MYTAAQCSRYJKSX-UHFFFAOYSA-N,True,True,True,466.443,2.5348,105.54,1,7,5,0.5763,3.522,c1cnc2c(-c3cc(N4CCCCC4)ncn3)cnn2c1,6,False,False,True,rdkit_reaction_aryl_F
CAND_566ff97b65,rdkit,JAK2_7170569dc6,CCN(CC(F)(F)F)C(=O)C1CCCN(c2cc(-c3c(N)nn4ccc(F)nc34)ncn2)C1,KEKSQWYBHBKVEG-UHFFFAOYSA-N,True,True,True,466.443,2.5348,105.54,1,7,5,0.4551,3.522,c1cnc2c(-c3cc(N4CCCCC4)ncn3)cnn2c1,6,False,False,True,rdkit_reaction_aryl_F
CAND_1b76c419de,rdkit,JAK2_7170569dc6,CCN(CC(F)(F)F)C(=O)C1CCCN(c2cc(-c3c(N)nn4cccnc34)nc(F)n2)C1,UVXNOOMTMRJXDJ-UHFFFAOYSA-N,True,True,True,466.443,2.5348,105.54,1,7,5,0.4551,3.522,c1cnc2c(-c3cc(N4CCCCC4)ncn3)cnn2c1,6,False,False,True,rdkit_reaction_aryl_F
CAND_1ccd8244e7,rdkit,JAK2_af44d6ccb1,Cc1[nH]nc(Nc2nc(N[C@@H](C)c3ccc(F)cn3)c(F)c(N3CCNCC3)n2)c1F,WCSYYNLCYNGNHR-JTQLQIEISA-N,True,True,True,433.442,2.6467,106.68,4,8,6,0.4702,3.464,c1ccc(CNc2cc(N3CCNCC3)nc(Nc3cc[nH]n3)n2)nc1,6,False,False,True,rdkit_reaction_aryl_F
CAND_4a81c90516,rdkit,JAK2_af44d6ccb1,Cc1cc(Nc2nc(N[C@@H](C)c3ncc(F)cc3F)c(F)c(N3CCNCC3)n2)n[nH]1,DFWKNRSIZJRDCQ-NSHDSACASA-N,True,True,True,433.442,2.6467,106.68,4,8,6,0.4702,3.464,c1ccc(CNc2cc(N3CCNCC3)nc(Nc3cc[nH]n3)n2)nc1,6,False,False,True,rdkit_reaction_aryl_F
CAND_05adaed595,rdkit,JAK2_af44d6ccb1,Cc1cc(Nc2nc(N[C@@H](C)c3cc(F)c(F)cn3)c(F)c(N3CCNCC3)n2)n[nH]1,KXDIJGSFBMJDMK-NSHDSACASA-N,True,True,True,433.442,2.6467,106.68,4,8,6,0.4702,3.464,c1ccc(CNc2cc(N3CCNCC3)nc(Nc3cc[nH]n3)n2)nc1,6,False,False,True,rdkit_reaction_aryl_F
CAND_36c927e401,rdkit,JAK2_af44d6ccb1,Cc1cc(Nc2nc(N[C@@H](C)c3ccc(F)c(F)n3)c(F)c(N3CCNCC3)n2)n[nH]1,JCRFKUFOAHYDHC-NSHDSACASA-N,True,True,True,433.442,2.6467,106.68,4,8,6,0.4399,3.464,c1ccc(CNc2cc(N3CCNCC3)nc(Nc3cc[nH]n3)n2)nc1,6,False,False,True,rdkit_reaction_aryl_F
CAND_0245960cf2,rdkit,JAK2_af44d6ccb1,Cc1[nH]nc(Nc2nc(N[C@@H](C)c3ccc(F)cn3)c(F)c(N3CCNCC3)n2)c1Cl,OKVLVPALNOGDPD-JTQLQIEISA-N,True,True,True,449.897,3.161,106.68,4,8,6,0.4544,3.555,c1ccc(CNc2cc(N3CCNCC3)nc(Nc3cc[nH]n3)n2)nc1,6,False,False,True,rdkit_reaction_aryl_Cl
CAND_6f6d3734b2,rdkit,JAK2_1e26b0b096,NC(=O)c1c(F)nc(NC(C2CC2)C2CC2)c2c1[nH]c1cc(-c3cnc(N)cn3)ccc12,ZGMOPLMRAOGKLG-UHFFFAOYSA-N,True,True,True,431.475,3.5938,135.6,4,6,6,0.3446,3.403,c1cnc(-c2ccc3c(c2)[nH]c2ccnc(NC(C4CC4)C4CC4)c23)cn1,6,False,False,True,rdkit_reaction_aryl_F
CAND_ae311ed8f5,rdkit,JAK2_1e26b0b096,NC(=O)c1cnc(NC(C2CC2)C2CC2)c2c1[nH]c1c(F)c(-c3cnc(N)cn3)ccc12,QXIGVMPRUQREBP-UHFFFAOYSA-N,True,True,True,431.475,3.5938,135.6,4,6,6,0.3683,3.403,c1cnc(-c2ccc3c(c2)[nH]c2ccnc(NC(C4CC4)C4CC4)c23)cn1,6,False,False,True,rdkit_reaction_aryl_F
CAND_d3e8dd3420,rdkit,JAK2_1e26b0b096,NC(=O)c1cnc(NC(C2CC2)C2CC2)c2c1[nH]c1cc(-c3ncc(N)nc3F)ccc12,AYHCZVWVOCQGTC-UHFFFAOYSA-N,True,True,True,431.475,3.5938,135.6,4,6,6,0.3683,3.403,c1cnc(-c2ccc3c(c2)[nH]c2ccnc(NC(C4CC4)C4CC4)c23)cn1,6,False,False,True,rdkit_reaction_aryl_F
CAND_123f2d1fb1,rdkit,JAK2_1e26b0b096,NC(=O)c1cnc(NC(C2CC2)C2CC2)c2c1[nH]c1cc(-c3cnc(N)c(F)n3)ccc12,WRZOBXWMLQOMSI-UHFFFAOYSA-N,True,True,True,431.475,3.5938,135.6,4,6,6,0.3683,3.403,c1cnc(-c2ccc3c(c2)[nH]c2ccnc(NC(C4CC4)C4CC4)c23)cn1,6,False,False,True,rdkit_reaction_aryl_F
CAND_0ef0eb0c82,rdkit,JAK2_1e26b0b096,NC(=O)c1cnc(NC(C2CC2)C2CC2)c2c1[nH]c1cc(-c3cnc(N)cn3)c(F)cc12,ZBUIDJKBMIQEJV-UHFFFAOYSA-N,True,True,True,431.475,3.5938,135.6,4,6,6,0.3683,3.403,c1cnc(-c2ccc3c(c2)[nH]c2ccnc(NC(C4CC4)C4CC4)c23)cn1,6,False,False,True,rdkit_reaction_aryl_F
CAND_16caeb93ab,rdkit,JAK2_efc2226329,C[C@H](Nc1nc(-n2cnc3ccncc32)ncc1F)c1ccccc1,ARNRHKHVFFQPQP-LBPRGKRZSA-N,True,True,True,334.358,3.5227,68.52,1,5,4,0.6183,2.75,c1ccc(CNc2ccnc(-n3cnc4ccncc43)n2)cc1,6,False,False,True,rdkit_reaction_aryl_F
CAND_37c9135625,rdkit,JAK2_efc2226329,C[C@H](Nc1cc(F)nc(-n2cnc3ccncc32)n1)c1ccccc1,DAPWLYQYUYNRFM-LBPRGKRZSA-N,True,True,True,334.358,3.5227,68.52,1,5,4,0.5784,2.75,c1ccc(CNc2ccnc(-n3cnc4ccncc43)n2)cc1,6,False,False,True,rdkit_reaction_aryl_F
CAND_5ae29dd065,rdkit,JAK2_efc2226329,C[C@H](Nc1ccnc(-n2c(F)nc3ccncc32)n1)c1ccccc1,FTTQDHGVHWYRFS-LBPRGKRZSA-N,True,True,True,334.358,3.5227,68.52,1,5,4,0.6183,2.75,c1ccc(CNc2ccnc(-n3cnc4ccncc43)n2)cc1,6,False,False,True,rdkit_reaction_aryl_F
CAND_afa7a21f57,rdkit,JAK2_efc2226329,C[C@H](Nc1ccnc(-n2cnc3c(F)cncc32)n1)c1ccccc1,UJXZPGCMFXJYRE-LBPRGKRZSA-N,True,True,True,334.358,3.5227,68.52,1,5,4,0.6183,2.75,c1ccc(CNc2ccnc(-n3cnc4ccncc43)n2)cc1,6,False,False,True,rdkit_reaction_aryl_F
CAND_eefb7885ba,rdkit,JAK2_efc2226329,C[C@H](Nc1ccnc(-n2cnc3cc(F)ncc32)n1)c1ccccc1,SCORRCMDQCMYFN-LBPRGKRZSA-N,True,True,True,334.358,3.5227,68.52,1,5,4,0.5784,2.75,c1ccc(CNc2ccnc(-n3cnc4ccncc43)n2)cc1,6,False,False,True,rdkit_reaction_aryl_F
CAND_59f367f058,rdkit,JAK2_55b934be09,Cc1[nH]nc(Nc2nc(O[C@@H](C)c3ncc(F)cc3F)c(F)c(N3CCOCC3)n2)c1F,DIFBPXJQGMXSRE-JTQLQIEISA-N,True,True,True,453.4,3.1797,101.08,2,8,6,0.5492,3.574,c1ccc(COc2cc(N3CCOCC3)nc(Nc3cc[nH]n3)n2)nc1,6,False,False,True,rdkit_reaction_aryl_F
CAND_1eb65e8d11,rdkit,JAK2_55b934be09,Cc1cc(Nc2nc(O[C@@H](C)c3nc(F)c(F)cc3F)c(F)c(N3CCOCC3)n2)n[nH]1,DIFDMQVLOGLGFK-JTQLQIEISA-N,True,True,True,453.4,3.1797,101.08,2,8,6,0.4337,3.574,c1ccc(COc2cc(N3CCOCC3)nc(Nc3cc[nH]n3)n2)nc1,6,False,False,True,rdkit_reaction_aryl_F
CAND_e052d75cfc,rdkit,JAK2_55b934be09,Cc1cc(Nc2nc(O[C@@H](C)c3ncc(F)c(F)c3F)c(F)c(N3CCOCC3)n2)n[nH]1,QSBBBQMFARFQHC-JTQLQIEISA-N,True,True,True,453.4,3.1797,101.08,2,8,6,0.5492,3.574,c1ccc(COc2cc(N3CCOCC3)nc(Nc3cc[nH]n3)n2)nc1,6,False,False,True,rdkit_reaction_aryl_F
CAND_e1eb602d59,rdkit,JAK2_55b934be09,Cc1[nH]nc(Nc2nc(O[C@@H](C)c3ncc(F)cc3F)c(F)c(N3CCOCC3)n2)c1Cl,XQLSSAOREFYGLQ-JTQLQIEISA-N,True,True,True,469.855,3.694,101.08,2,8,6,0.5634,3.666,c1ccc(COc2cc(N3CCOCC3)nc(Nc3cc[nH]n3)n2)nc1,6,False,False,True,rdkit_reaction_aryl_Cl
CAND_b642f3485c,rdkit,JAK2_55b934be09,Cc1cc(Nc2nc(O[C@@H](C)c3nc(Cl)c(F)cc3F)c(F)c(N3CCOCC3)n2)n[nH]1,VGEGKLZMKZPDGW-JTQLQIEISA-N,True,True,True,469.855,3.694,101.08,2,8,6,0.527,3.666,c1ccc(COc2cc(N3CCOCC3)nc(Nc3cc[nH]n3)n2)nc1,6,False,False,True,rdkit_reaction_aryl_Cl
CAND_fe893a6b40,rdkit,JAK2_6756147e70,COc1[nH]nc(Nc2nc(N[C@@H](C)c3ncc(F)cn3)nc(N3CCOCC3)c2F)c1F,XCDPYKKDWVHLNR-VIFPVBQESA-N,True,True,True,451.413,2.1689,126.0,3,10,7,0.492,3.688,c1cnc(CNc2nc(Nc3cc[nH]n3)cc(N3CCOCC3)n2)nc1,6,False,False,True,rdkit_reaction_aryl_F
CAND_b05279b6f8,rdkit,JAK2_6756147e70,COc1cc(Nc2nc(N[C@@H](C)c3ncc(F)c(F)n3)nc(N3CCOCC3)c2F)n[nH]1,GEOMANOGLAZAJO-VIFPVBQESA-N,True,True,True,451.413,2.1689,126.0,3,10,7,0.4602,3.688,c1cnc(CNc2nc(Nc3cc[nH]n3)cc(N3CCOCC3)n2)nc1,6,False,False,True,rdkit_reaction_aryl_F
CAND_59e92133b3,rdkit,JAK2_6756147e70,COc1[nH]nc(Nc2nc(N[C@@H](C)c3ncc(F)cn3)nc(N3CCOCC3)c2F)c1Cl,GGIXSZDFXRKBJH-VIFPVBQESA-N,True,True,True,467.868,2.6832,126.0,3,10,7,0.477,3.78,c1cnc(CNc2nc(Nc3cc[nH]n3)cc(N3CCOCC3)n2)nc1,6,False,False,True,rdkit_reaction_aryl_Cl
CAND_83ca7758d5,rdkit,JAK2_6756147e70,COc1cc(Nc2nc(N[C@@H](C)c3ncc(F)c(Cl)n3)nc(N3CCOCC3)c2F)n[nH]1,SEGSHEGWIQATSF-VIFPVBQESA-N,True,True,True,467.868,2.6832,126.0,3,10,7,0.4462,3.78,c1cnc(CNc2nc(Nc3cc[nH]n3)cc(N3CCOCC3)n2)nc1,6,False,False,True,rdkit_reaction_aryl_Cl
CAND_51083fe013,rdkit,JAK2_6756147e70,COc1[nH]nc(Nc2nc(N[C@@H](C)c3ncc(F)cn3)nc(N3CCOCC3)c2F)c1C,OOZYKJLPZKEMSV-NSHDSACASA-N,True,True,True,447.45,2.3382,126.0,3,10,7,0.4967,3.666,c1cnc(CNc2nc(Nc3cc[nH]n3)cc(N3CCOCC3)n2)nc1,6,False,False,True,rdkit_reaction_aryl_Me
CAND_687be861b8,rdkit,JAK2_37bf299c61,Cc1sc(Nc2cncc(N[C@@H](C)c3ncc(F)cn3)n2)nc1F,OPCYLODINLRJHG-ZETCQYMHSA-N,True,True,True,349.37,3.2264,88.51,2,8,5,0.7309,2.625,c1cnc(CNc2cncc(Nc3nccs3)n2)nc1,6,False,False,True,rdkit_reaction_aryl_F
CAND_4b0197bca1,rdkit,JAK2_37bf299c61,Cc1cnc(Nc2nc(N[C@@H](C)c3ncc(F)cn3)cnc2F)s1,YAHWWSFTJDOTPL-QMMMGPOBSA-N,True,True,True,349.37,3.2264,88.51,2,8,5,0.7309,2.625,c1cnc(CNc2cncc(Nc3nccs3)n2)nc1,6,False,False,True,rdkit_reaction_aryl_F
CAND_1d5e8c57aa,rdkit,JAK2_37bf299c61,Cc1cnc(Nc2cnc(F)c(N[C@@H](C)c3ncc(F)cn3)n2)s1,FEZUQPNTZLKXGL-QMMMGPOBSA-N,True,True,True,349.37,3.2264,88.51,2,8,5,0.7309,2.625,c1cnc(CNc2cncc(Nc3nccs3)n2)nc1,6,False,False,True,rdkit_reaction_aryl_F
CAND_92ecf5dd4c,rdkit,JAK2_37bf299c61,Cc1cnc(Nc2cncc(N[C@@H](C)c3ncc(F)c(F)n3)n2)s1,CWIRYEBPSVRKLG-QMMMGPOBSA-N,True,True,True,349.37,3.2264,88.51,2,8,5,0.6837,2.625,c1cnc(CNc2cncc(Nc3nccs3)n2)nc1,6,False,False,True,rdkit_reaction_aryl_F
CAND_001704c252,rdkit,JAK2_37bf299c61,Cc1sc(Nc2cncc(N[C@@H](C)c3ncc(F)cn3)n2)nc1Cl,BABBDWFJJYORGR-ZETCQYMHSA-N,True,True,True,365.825,3.7407,88.51,2,8,5,0.7114,2.713,c1cnc(CNc2cncc(Nc3nccs3)n2)nc1,6,False,False,True,rdkit_reaction_aryl_Cl
CAND_b7ca0f3797,rdkit,JAK2_e1a1afc353,CS(=O)(=O)Nc1ccc(-c2ccnc(Nc3ccc(N4CCOCC4)cc3)n2)cc1F,YHOLTIPVSXPYSM-UHFFFAOYSA-N,True,True,True,443.504,3.2344,96.45,2,7,6,0.6038,3.269,c1ccc(-c2ccnc(Nc3ccc(N4CCOCC4)cc3)n2)cc1,6,False,False,True,rdkit_reaction_aryl_F
CAND_07a5b21de1,rdkit,JAK2_e1a1afc353,CS(=O)(=O)Nc1ccc(-c2ccnc(Nc3ccc(N4CCOCC4)cc3)n2)c(F)c1,PBAKOANXHFINFO-UHFFFAOYSA-N,True,True,True,443.504,3.2344,96.45,2,7,6,0.6038,3.269,c1ccc(-c2ccnc(Nc3ccc(N4CCOCC4)cc3)n2)cc1,6,False,False,True,rdkit_reaction_aryl_F
CAND_c1c4001527,rdkit,JAK2_e1a1afc353,CS(=O)(=O)Nc1ccc(-c2nc(Nc3ccc(N4CCOCC4)cc3)ncc2F)cc1,GIZNGJQSFVDTDO-UHFFFAOYSA-N,True,True,True,443.504,3.2344,96.45,2,7,6,0.6038,3.269,c1ccc(-c2ccnc(Nc3ccc(N4CCOCC4)cc3)n2)cc1,6,False,False,True,rdkit_reaction_aryl_F
CAND_9e2f236b7e,rdkit,JAK2_e1a1afc353,CS(=O)(=O)Nc1ccc(-c2cc(F)nc(Nc3ccc(N4CCOCC4)cc3)n2)cc1,POYVSJWAGQLOHZ-UHFFFAOYSA-N,True,True,True,443.504,3.2344,96.45,2,7,6,0.5648,3.269,c1ccc(-c2ccnc(Nc3ccc(N4CCOCC4)cc3)n2)cc1,6,False,False,True,rdkit_reaction_aryl_F
CAND_7e646f41b7,rdkit,JAK2_e1a1afc353,CS(=O)(=O)Nc1ccc(-c2ccnc(Nc3ccc(N4CCOCC4)cc3F)n2)cc1,CDNPPJXZWHCZRB-UHFFFAOYSA-N,True,True,True,443.504,3.2344,96.45,2,7,6,0.6038,3.269,c1ccc(-c2ccnc(Nc3ccc(N4CCOCC4)cc3)n2)cc1,6,False,False,True,rdkit_reaction_aryl_F
CAND_f69e6e3de4,rdkit,JAK2_20c09468c6,CC(=O)Nc1ccc(-c2ccnc(Nc3cccc(N4CCOCC4)c3)n2)cc1F,HPRAJTCCJWSMLA-UHFFFAOYSA-N,True,True,True,407.449,3.8213,79.38,2,6,5,0.6694,2.944,c1ccc(-c2ccnc(Nc3cccc(N4CCOCC4)c3)n2)cc1,6,False,False,True,rdkit_reaction_aryl_F
CAND_fcf6608bbf,rdkit,JAK2_20c09468c6,CC(=O)Nc1ccc(-c2ccnc(Nc3cccc(N4CCOCC4)c3)n2)c(F)c1,UOEZUBMGQGGMDJ-UHFFFAOYSA-N,True,True,True,407.449,3.8213,79.38,2,6,5,0.6694,2.944,c1ccc(-c2ccnc(Nc3cccc(N4CCOCC4)c3)n2)cc1,6,False,False,True,rdkit_reaction_aryl_F
CAND_416f92ea78,rdkit,JAK2_20c09468c6,CC(=O)Nc1ccc(-c2nc(Nc3cccc(N4CCOCC4)c3)ncc2F)cc1,HFKGWKVFIXFNTR-UHFFFAOYSA-N,True,True,True,407.449,3.8213,79.38,2,6,5,0.6694,2.944,c1ccc(-c2ccnc(Nc3cccc(N4CCOCC4)c3)n2)cc1,6,False,False,True,rdkit_reaction_aryl_F
CAND_b418b7e1d5,rdkit,JAK2_20c09468c6,CC(=O)Nc1ccc(-c2cc(F)nc(Nc3cccc(N4CCOCC4)c3)n2)cc1,UDFDNPUGHVNMSZ-UHFFFAOYSA-N,True,True,True,407.449,3.8213,79.38,2,6,5,0.6262,2.944,c1ccc(-c2ccnc(Nc3cccc(N4CCOCC4)c3)n2)cc1,6,False,False,True,rdkit_reaction_aryl_F
CAND_b1667ee2c6,rdkit,JAK2_20c09468c6,CC(=O)Nc1ccc(-c2ccnc(Nc3cc(N4CCOCC4)ccc3F)n2)cc1,LJJXVLGFTZMTIN-UHFFFAOYSA-N,True,True,True,407.449,3.8213,79.38,2,6,5,0.6694,2.944,c1ccc(-c2ccnc(Nc3cccc(N4CCOCC4)c3)n2)cc1,6,False,False,True,rdkit_reaction_aryl_F
CAND_08153067af,rdkit,JAK2_1ba3bb3de3,CC[C@@H](NC(=O)c1c(F)[nH]c2ncc(-c3nn(C)c4cc(Cl)ccc34)nc12)C(=O)N1CC(C#N)C1,HGKGSMHSDYITID-CQSZACIVSA-N,True,True,True,494.918,2.7945,132.59,2,6,5,0.4381,3.88,O=C(NCC(=O)N1CCC1)c1c[nH]c2ncc(-c3n[nH]c4ccccc34)nc12,6,False,False,True,rdkit_reaction_aryl_F
CAND_dc98489eb3,rdkit,JAK2_1ba3bb3de3,CC[C@@H](NC(=O)c1c[nH]c2nc(F)c(-c3nn(C)c4cc(Cl)ccc34)nc12)C(=O)N1CC(C#N)C1,RCXLDUSVFJVYBS-OAHLLOKOSA-N,True,True,True,494.918,2.7945,132.59,2,6,5,0.4381,3.88,O=C(NCC(=O)N1CCC1)c1c[nH]c2ncc(-c3n[nH]c4ccccc34)nc12,6,False,False,True,rdkit_reaction_aryl_F
CAND_e5b284a2b7,rdkit,JAK2_1ba3bb3de3,CC[C@@H](NC(=O)c1c[nH]c2ncc(-c3nn(C)c4c(F)c(Cl)ccc34)nc12)C(=O)N1CC(C#N)C1,XPFLQYRLQXDSSF-OAHLLOKOSA-N,True,True,True,494.918,2.7945,132.59,2,6,5,0.4381,3.88,O=C(NCC(=O)N1CCC1)c1c[nH]c2ncc(-c3n[nH]c4ccccc34)nc12,6,False,False,True,rdkit_reaction_aryl_F
CAND_ede00fd43b,rdkit,JAK2_1ba3bb3de3,CC[C@@H](NC(=O)c1c[nH]c2ncc(-c3nn(C)c4cc(Cl)c(F)cc34)nc12)C(=O)N1CC(C#N)C1,FVWOADXWUMUIAU-MRXNPFEDSA-N,True,True,True,494.918,2.7945,132.59,2,6,5,0.4381,3.88,O=C(NCC(=O)N1CCC1)c1c[nH]c2ncc(-c3n[nH]c4ccccc34)nc12,6,False,False,True,rdkit_reaction_aryl_F
CAND_43641bc401,rdkit,JAK2_1ba3bb3de3,CC[C@@H](NC(=O)c1c[nH]c2ncc(-c3nn(C)c4cc(Cl)cc(F)c34)nc12)C(=O)N1CC(C#N)C1,LJNOYKILAAPXFG-OAHLLOKOSA-N,True,True,True,494.918,2.7945,132.59,2,6,5,0.4381,3.88,O=C(NCC(=O)N1CCC1)c1c[nH]c2ncc(-c3n[nH]c4ccccc34)nc12,6,False,False,True,rdkit_reaction_aryl_F
CAND_95abd01146,rdkit,JAK2_4424830aa8,CN1CCN(c2ccc(-c3cnc4cccc(-c5cc(F)c(CN6CCOCC6)c(F)c5)c4n3)cc2F)CC1,SJCHUYLTYTZBGM-UHFFFAOYSA-N,True,True,True,533.598,4.9651,44.73,0,6,5,0.3613,3.845,c1cc(-c2ccc(CN3CCOCC3)cc2)c2nc(-c3ccc(N4CCNCC4)cc3)cnc2c1,6,False,False,True,rdkit_reaction_aryl_F
CAND_812b0826f1,rdkit,JAK2_4424830aa8,CN1CCN(c2ccc(-c3cnc4cccc(-c5cc(F)c(CN6CCOCC6)c(F)c5)c4n3)c(F)c2)CC1,QEKZKGRBBXHNDZ-UHFFFAOYSA-N,True,True,True,533.598,4.9651,44.73,0,6,5,0.3613,3.845,c1cc(-c2ccc(CN3CCOCC3)cc2)c2nc(-c3ccc(N4CCNCC4)cc3)cnc2c1,6,False,False,True,rdkit_reaction_aryl_F
CAND_fbf2fcb787,rdkit,JAK2_4424830aa8,CN1CCN(c2ccc(-c3nc4c(-c5cc(F)c(CN6CCOCC6)c(F)c5)cccc4nc3F)cc2)CC1,NQBHPYMRJZPSNC-UHFFFAOYSA-N,True,True,True,533.598,4.9651,44.73,0,6,5,0.3613,3.845,c1cc(-c2ccc(CN3CCOCC3)cc2)c2nc(-c3ccc(N4CCNCC4)cc3)cnc2c1,6,False,False,True,rdkit_reaction_aryl_F
CAND_61939b88f4,rdkit,JAK2_4424830aa8,CN1CCN(c2ccc(-c3cnc4c(F)ccc(-c5cc(F)c(CN6CCOCC6)c(F)c5)c4n3)cc2)CC1,MNWQZTJWRNZKIX-UHFFFAOYSA-N,True,True,True,533.598,4.9651,44.73,0,6,5,0.3613,3.845,c1cc(-c2ccc(CN3CCOCC3)cc2)c2nc(-c3ccc(N4CCNCC4)cc3)cnc2c1,6,False,False,True,rdkit_reaction_aryl_F
CAND_b9044e6f8f,rdkit,JAK2_4424830aa8,CN1CCN(c2ccc(-c3cnc4cc(F)cc(-c5cc(F)c(CN6CCOCC6)c(F)c5)c4n3)cc2)CC1,WWJKKYFZRXURGX-UHFFFAOYSA-N,True,True,True,533.598,4.9651,44.73,0,6,5,0.3613,3.845,c1cc(-c2ccc(CN3CCOCC3)cc2)c2nc(-c3ccc(N4CCNCC4)cc3)cnc2c1,6,False,False,True,rdkit_reaction_aryl_F
CAND_4c57951e1e,rdkit,JAK2_5c84f7cc1c,CC(=O)Nc1ccc(-c2nc(Nc3ccc(N4CCOCC4)cc3)ncc2F)cc1F,OLSQLTIPYCFDDN-UHFFFAOYSA-N,True,True,True,425.439,3.9604,79.38,2,6,5,0.6443,3.044,c1ccc(-c2ccnc(Nc3ccc(N4CCOCC4)cc3)n2)cc1,6,False,False,True,rdkit_reaction_aryl_F
CAND_2eeb9ed8a9,rdkit,JAK2_5c84f7cc1c,CC(=O)Nc1ccc(-c2nc(Nc3ccc(N4CCOCC4)cc3)ncc2F)c(F)c1,PEKJYXFRTXQYIM-UHFFFAOYSA-N,True,True,True,425.439,3.9604,79.38,2,6,5,0.6443,3.044,c1ccc(-c2ccnc(Nc3ccc(N4CCOCC4)cc3)n2)cc1,6,False,False,True,rdkit_reaction_aryl_F
CAND_b6bdcfe2c4,rdkit,JAK2_5c84f7cc1c,CC(=O)Nc1ccc(-c2nc(Nc3ccc(N4CCOCC4)cc3F)ncc2F)cc1,GRXXSEQXXWSASZ-UHFFFAOYSA-N,True,True,True,425.439,3.9604,79.38,2,6,5,0.6443,3.044,c1ccc(-c2ccnc(Nc3ccc(N4CCOCC4)cc3)n2)cc1,6,False,False,True,rdkit_reaction_aryl_F
CAND_dceb022eed,rdkit,JAK2_5c84f7cc1c,CC(=O)Nc1ccc(-c2nc(Nc3ccc(N4CCOCC4)c(F)c3)ncc2F)cc1,OXRUVJUAISLXKB-UHFFFAOYSA-N,True,True,True,425.439,3.9604,79.38,2,6,5,0.6443,3.044,c1ccc(-c2ccnc(Nc3ccc(N4CCOCC4)cc3)n2)cc1,6,False,False,True,rdkit_reaction_aryl_F
CAND_15070ef4ae,rdkit,JAK2_5c84f7cc1c,CC(=O)Nc1ccc(-c2nc(Nc3ccc(N4CCOCC4)cc3)nc(F)c2F)cc1,TUMMKQSUJUTRJD-UHFFFAOYSA-N,True,True,True,425.439,3.9604,79.38,2,6,5,0.6027,3.044,c1ccc(-c2ccnc(Nc3ccc(N4CCOCC4)cc3)n2)cc1,6,False,False,True,rdkit_reaction_aryl_F
CAND_6ba01a2347,rdkit,JAK2_e2cae42d88,Cc1cc(Nc2nc(N3CCN(C(=O)c4ccc(C)c(F)c4)CC3)nn3cccc23)n[nH]1,NMFNEKNTETWXCL-UHFFFAOYSA-N,True,True,True,434.479,2.9143,94.45,2,6,4,0.513,3.169,O=C(c1ccccc1)N1CCN(c2nc(Nc3cc[nH]n3)c3cccn3n2)CC1,6,False,False,True,rdkit_reaction_aryl_F
CAND_1f8d4a04ce,rdkit,JAK2_e2cae42d88,Cc1ccc(C(=O)N2CCN(c3nc(Nc4cc(C)[nH]n4)c4cccn4n3)CC2)c(F)c1,IWAJZPZWXCSTIT-UHFFFAOYSA-N,True,True,True,434.479,2.9143,94.45,2,6,4,0.513,3.169,O=C(c1ccccc1)N1CCN(c2nc(Nc3cc[nH]n3)c3cccn3n2)CC1,6,False,False,True,rdkit_reaction_aryl_F
CAND_ef0b5b5f9b,rdkit,JAK2_e2cae42d88,Cc1ccc(C(=O)N2CCN(c3nc(Nc4n[nH]c(C)c4F)c4cccn4n3)CC2)cc1,RSUQPLWPELPULI-UHFFFAOYSA-N,True,True,True,434.479,2.9143,94.45,2,6,4,0.513,3.169,O=C(c1ccccc1)N1CCN(c2nc(Nc3cc[nH]n3)c3cccn3n2)CC1,6,False,False,True,rdkit_reaction_aryl_F
CAND_1d96404512,rdkit,JAK2_e2cae42d88,Cc1ccc(C(=O)N2CCN(c3nc(Nc4cc(C)[nH]n4)c4c(F)ccn4n3)CC2)cc1,UYKHZSYPFIINOD-UHFFFAOYSA-N,True,True,True,434.479,2.9143,94.45,2,6,4,0.513,3.169,O=C(c1ccccc1)N1CCN(c2nc(Nc3cc[nH]n3)c3cccn3n2)CC1,6,False,False,True,rdkit_reaction_aryl_F
CAND_a7f1010124,rdkit,JAK2_e2cae42d88,Cc1ccc(C(=O)N2CCN(c3nc(Nc4cc(C)[nH]n4)c4cc(F)cn4n3)CC2)cc1,FTIWZOVOHSCQPB-UHFFFAOYSA-N,True,True,True,434.479,2.9143,94.45,2,6,4,0.513,3.169,O=C(c1ccccc1)N1CCN(c2nc(Nc3cc[nH]n3)c3cccn3n2)CC1,6,False,False,True,rdkit_reaction_aryl_F
CAND_1a0a1cd701,rdkit,JAK2_36f756e547,Cc1[nH]nc(Nc2nc(N3CCN(C(=O)Cc4ccccc4F)CC3)nn3cccc23)c1F,OCXKIVJBCGYCTL-UHFFFAOYSA-N,True,True,True,452.469,2.6739,94.45,2,6,5,0.4836,3.394,O=C(Cc1ccccc1)N1CCN(c2nc(Nc3cc[nH]n3)c3cccn3n2)CC1,6,False,False,True,rdkit_reaction_aryl_F
CAND_a9196b8a8d,rdkit,JAK2_36f756e547,Cc1cc(Nc2nc(N3CCN(C(=O)Cc4c(F)cccc4F)CC3)nn3cccc23)n[nH]1,SGNFPLFPQWRMFD-UHFFFAOYSA-N,True,True,True,452.469,2.6739,94.45,2,6,5,0.4836,3.394,O=C(Cc1ccccc1)N1CCN(c2nc(Nc3cc[nH]n3)c3cccn3n2)CC1,6,False,False,True,rdkit_reaction_aryl_F
CAND_d725a82287,rdkit,JAK2_36f756e547,Cc1cc(Nc2nc(N3CCN(C(=O)Cc4cc(F)ccc4F)CC3)nn3cccc23)n[nH]1,ZALAWITYBBFGOG-UHFFFAOYSA-N,True,True,True,452.469,2.6739,94.45,2,6,5,0.4836,3.394,O=C(Cc1ccccc1)N1CCN(c2nc(Nc3cc[nH]n3)c3cccn3n2)CC1,6,False,False,True,rdkit_reaction_aryl_F
CAND_7bdb43aeef,rdkit,JAK2_36f756e547,Cc1cc(Nc2nc(N3CCN(C(=O)Cc4cccc(F)c4F)CC3)nn3cccc23)n[nH]1,DMXIGSRDZWQRCS-UHFFFAOYSA-N,True,True,True,452.469,2.6739,94.45,2,6,5,0.4836,3.394,O=C(Cc1ccccc1)N1CCN(c2nc(Nc3cc[nH]n3)c3cccn3n2)CC1,6,False,False,True,rdkit_reaction_aryl_F
CAND_a5d9cbb4bc,rdkit,JAK2_36f756e547,Cc1cc(Nc2nc(N3CCN(C(=O)Cc4ccccc4F)CC3)nn3c(F)ccc23)n[nH]1,DKDNRZSAKVZBCE-UHFFFAOYSA-N,True,True,True,452.469,2.6739,94.45,2,6,5,0.4836,3.394,O=C(Cc1ccccc1)N1CCN(c2nc(Nc3cc[nH]n3)c3cccn3n2)CC1,6,False,False,True,rdkit_reaction_aryl_F
CAND_dd563017c5,rdkit,JAK2_67c546b8f6,CCN(CCC(F)(F)F)C(=O)C1CCCN(c2ncnc(-c3c(N)nn4cccnc34)c2F)C1,SDCHXBZEXKRUIR-UHFFFAOYSA-N,True,True,True,480.47,2.9249,105.54,1,7,6,0.541,3.725,c1cnc2c(-c3cc(N4CCCCC4)ncn3)cnn2c1,6,False,False,True,rdkit_reaction_aryl_F
CAND_e3dedb14fd,rdkit,JAK2_67c546b8f6,CCN(CCC(F)(F)F)C(=O)C1CCCN(c2cc(-c3c(N)nn4c(F)ccnc34)ncn2)C1,AICIFOQCWCJLNE-UHFFFAOYSA-N,True,True,True,480.47,2.9249,105.54,1,7,6,0.4272,3.725,c1cnc2c(-c3cc(N4CCCCC4)ncn3)cnn2c1,6,False,False,True,rdkit_reaction_aryl_F
CAND_842b7f5659,rdkit,JAK2_67c546b8f6,CCN(CCC(F)(F)F)C(=O)C1CCCN(c2cc(-c3c(N)nn4cc(F)cnc34)ncn2)C1,UDCRGAVFXDTZRG-UHFFFAOYSA-N,True,True,True,480.47,2.9249,105.54,1,7,6,0.541,3.725,c1cnc2c(-c3cc(N4CCCCC4)ncn3)cnn2c1,6,False,False,True,rdkit_reaction_aryl_F
CAND_817be560cf,rdkit,JAK2_67c546b8f6,CCN(CCC(F)(F)F)C(=O)C1CCCN(c2cc(-c3c(N)nn4ccc(F)nc34)ncn2)C1,BRYIUKYKIIFFHM-UHFFFAOYSA-N,True,True,True,480.47,2.9249,105.54,1,7,6,0.4272,3.725,c1cnc2c(-c3cc(N4CCCCC4)ncn3)cnn2c1,6,False,False,True,rdkit_reaction_aryl_F
CAND_cce782b65a,rdkit,JAK2_67c546b8f6,CCN(CCC(F)(F)F)C(=O)C1CCCN(c2cc(-c3c(N)nn4cccnc34)nc(F)n2)C1,AKJZZSRSBZGSCE-UHFFFAOYSA-N,True,True,True,480.47,2.9249,105.54,1,7,6,0.4272,3.725,c1cnc2c(-c3cc(N4CCCCC4)ncn3)cnn2c1,6,False,False,True,rdkit_reaction_aryl_F
CAND_a1f3378c3f,rdkit,JAK2_387ef5022f,CCCN(CCC)C(=O)C1CCCN(c2ncnc(-c3c(N)nn4cccnc34)c2F)C1,USGZWYAZXDYHNE-UHFFFAOYSA-N,True,True,True,440.527,2.7726,105.54,1,7,7,0.6021,3.628,c1cnc2c(-c3cc(N4CCCCC4)ncn3)cnn2c1,6,False,False,True,rdkit_reaction_aryl_F
CAND_6ce12bad93,rdkit,JAK2_387ef5022f,CCCN(CCC)C(=O)C1CCCN(c2cc(-c3c(N)nn4c(F)ccnc34)ncn2)C1,UHNUKMSBQAEPHB-UHFFFAOYSA-N,True,True,True,440.527,2.7726,105.54,1,7,7,0.5633,3.628,c1cnc2c(-c3cc(N4CCCCC4)ncn3)cnn2c1,6,False,False,True,rdkit_reaction_aryl_F
CAND_be74cec490,rdkit,JAK2_387ef5022f,CCCN(CCC)C(=O)C1CCCN(c2cc(-c3c(N)nn4cc(F)cnc34)ncn2)C1,KLIXTNFTIVVDHH-UHFFFAOYSA-N,True,True,True,440.527,2.7726,105.54,1,7,7,0.6021,3.628,c1cnc2c(-c3cc(N4CCCCC4)ncn3)cnn2c1,6,False,False,True,rdkit_reaction_aryl_F
CAND_82771710d2,rdkit,JAK2_387ef5022f,CCCN(CCC)C(=O)C1CCCN(c2cc(-c3c(N)nn4ccc(F)nc34)ncn2)C1,BGMNUPUEYYOWIC-UHFFFAOYSA-N,True,True,True,440.527,2.7726,105.54,1,7,7,0.5633,3.628,c1cnc2c(-c3cc(N4CCCCC4)ncn3)cnn2c1,6,False,False,True,rdkit_reaction_aryl_F
CAND_7a8c1a3620,rdkit,JAK2_387ef5022f,CCCN(CCC)C(=O)C1CCCN(c2cc(-c3c(N)nn4cccnc34)nc(F)n2)C1,AYFFNOFKMYTFGM-UHFFFAOYSA-N,True,True,True,440.527,2.7726,105.54,1,7,7,0.5633,3.628,c1cnc2c(-c3cc(N4CCCCC4)ncn3)cnn2c1,6,False,False,True,rdkit_reaction_aryl_F
CAND_056a82eb63,rdkit,JAK2_bb43002d12,Cc1[nH]nc(Nc2nc(N3CCN(C(=O)c4ccc(C#N)cc4)CC3)nn3cccc23)c1F,JRNRPIYWEXIOAI-UHFFFAOYSA-N,True,True,True,445.462,2.4776,118.24,2,7,4,0.4954,3.23,O=C(c1ccccc1)N1CCN(c2nc(Nc3cc[nH]n3)c3cccn3n2)CC1,6,False,False,True,rdkit_reaction_aryl_F
CAND_6e62f46349,rdkit,JAK2_bb43002d12,Cc1cc(Nc2nc(N3CCN(C(=O)c4ccc(C#N)cc4F)CC3)nn3cccc23)n[nH]1,DPLGQRVATLHVBL-UHFFFAOYSA-N,True,True,True,445.462,2.4776,118.24,2,7,4,0.4954,3.23,O=C(c1ccccc1)N1CCN(c2nc(Nc3cc[nH]n3)c3cccn3n2)CC1,6,False,False,True,rdkit_reaction_aryl_F
CAND_5806a180d7,rdkit,JAK2_bb43002d12,Cc1cc(Nc2nc(N3CCN(C(=O)c4ccc(C#N)c(F)c4)CC3)nn3cccc23)n[nH]1,GRTRDCZCMAOGAX-UHFFFAOYSA-N,True,True,True,445.462,2.4776,118.24,2,7,4,0.4954,3.23,O=C(c1ccccc1)N1CCN(c2nc(Nc3cc[nH]n3)c3cccn3n2)CC1,6,False,False,True,rdkit_reaction_aryl_F
CAND_84e686d764,rdkit,JAK2_bb43002d12,Cc1cc(Nc2nc(N3CCN(C(=O)c4ccc(C#N)cc4)CC3)nn3c(F)ccc23)n[nH]1,ZIWHRXQODGNHAO-UHFFFAOYSA-N,True,True,True,445.462,2.4776,118.24,2,7,4,0.4954,3.23,O=C(c1ccccc1)N1CCN(c2nc(Nc3cc[nH]n3)c3cccn3n2)CC1,6,False,False,True,rdkit_reaction_aryl_F
CAND_6346ebe4c2,rdkit,JAK2_bb43002d12,Cc1cc(Nc2nc(N3CCN(C(=O)c4ccc(C#N)cc4)CC3)nn3cc(F)cc23)n[nH]1,UQLLGEYFIOIHKL-UHFFFAOYSA-N,True,True,True,445.462,2.4776,118.24,2,7,4,0.4954,3.23,O=C(c1ccccc1)N1CCN(c2nc(Nc3cc[nH]n3)c3cccn3n2)CC1,6,False,False,True,rdkit_reaction_aryl_F
CAND_58648116a1,rdkit,JAK2_0f122b00bd,C[C@H](Nc1c(F)cc(C(N)=O)c2[nH]c3cc(-c4cnn(C)c4)ccc3c12)C(C)(C)C,SXYUYGYNWQDGGK-LBPRGKRZSA-N,True,True,True,407.493,4.8061,88.73,3,3,4,0.4537,3.069,c1ccc2c(c1)[nH]c1cc(-c3cn[nH]c3)ccc12,6,False,False,True,rdkit_reaction_aryl_F
CAND_d08a25a940,rdkit,JAK2_0f122b00bd,C[C@H](Nc1cc(F)c(C(N)=O)c2[nH]c3cc(-c4cnn(C)c4)ccc3c12)C(C)(C)C,PFXZCGKDSZDKNJ-LBPRGKRZSA-N,True,True,True,407.493,4.8061,88.73,3,3,4,0.4537,3.069,c1ccc2c(c1)[nH]c1cc(-c3cn[nH]c3)ccc12,6,False,False,True,rdkit_reaction_aryl_F
CAND_098b2c9482,rdkit,JAK2_0f122b00bd,C[C@H](Nc1ccc(C(N)=O)c2[nH]c3c(F)c(-c4cnn(C)c4)ccc3c12)C(C)(C)C,BPKSLEMMIZRINL-LBPRGKRZSA-N,True,True,True,407.493,4.8061,88.73,3,3,4,0.4537,3.069,c1ccc2c(c1)[nH]c1cc(-c3cn[nH]c3)ccc12,6,False,False,True,rdkit_reaction_aryl_F
CAND_ad9614d64a,rdkit,JAK2_0f122b00bd,C[C@H](Nc1ccc(C(N)=O)c2[nH]c3cc(-c4cn(C)nc4F)ccc3c12)C(C)(C)C,CZHKXCLNZSFYAA-LBPRGKRZSA-N,True,True,True,407.493,4.8061,88.73,3,3,4,0.4537,3.069,c1ccc2c(c1)[nH]c1cc(-c3cn[nH]c3)ccc12,6,False,False,True,rdkit_reaction_aryl_F
CAND_205802013c,rdkit,JAK2_0f122b00bd,C[C@H](Nc1ccc(C(N)=O)c2[nH]c3cc(-c4cnn(C)c4F)ccc3c12)C(C)(C)C,LYMBQHPVYYKILA-LBPRGKRZSA-N,True,True,True,407.493,4.8061,88.73,3,3,4,0.4537,3.069,c1ccc2c(c1)[nH]c1cc(-c3cn[nH]c3)ccc12,6,False,False,True,rdkit_reaction_aryl_F
CAND_1c7a269cf5,rdkit,JAK2_ee18a170dc,COc1cc(Nc2nc3cccc(-c4ccc(NS(C)(=O)=O)cc4)c3o2)c(F)c(OC)c1OC,XYBHITTUDNJLFF-UHFFFAOYSA-N,True,True,True,487.509,4.7748,111.92,2,8,8,0.3654,3.764,c1ccc(Nc2nc3cccc(-c4ccccc4)c3o2)cc1,6,False,False,True,rdkit_reaction_aryl_F
CAND_1b9a9d52c1,rdkit,JAK2_ee18a170dc,COc1cc(Nc2nc3c(F)ccc(-c4ccc(NS(C)(=O)=O)cc4)c3o2)cc(OC)c1OC,MHBJTAWVFARYFS-UHFFFAOYSA-N,True,True,True,487.509,4.7748,111.92,2,8,8,0.3654,3.764,c1ccc(Nc2nc3cccc(-c4ccccc4)c3o2)cc1,6,False,False,True,rdkit_reaction_aryl_F
CAND_0194c87506,rdkit,JAK2_ee18a170dc,COc1cc(Nc2nc3cc(F)cc(-c4ccc(NS(C)(=O)=O)cc4)c3o2)cc(OC)c1OC,FBMZDEWISWUBTA-UHFFFAOYSA-N,True,True,True,487.509,4.7748,111.92,2,8,8,0.3654,3.764,c1ccc(Nc2nc3cccc(-c4ccccc4)c3o2)cc1,6,False,False,True,rdkit_reaction_aryl_F
CAND_70c5aa870c,rdkit,JAK2_ee18a170dc,COc1cc(Nc2nc3ccc(F)c(-c4ccc(NS(C)(=O)=O)cc4)c3o2)cc(OC)c1OC,FSHWQCQOYGUESC-UHFFFAOYSA-N,True,True,True,487.509,4.7748,111.92,2,8,8,0.3654,3.764,c1ccc(Nc2nc3cccc(-c4ccccc4)c3o2)cc1,6,False,False,True,rdkit_reaction_aryl_F
CAND_aacb315766,rdkit,JAK2_ee18a170dc,COc1cc(Nc2nc3cccc(-c4ccc(NS(C)(=O)=O)cc4F)c3o2)cc(OC)c1OC,UYHNWNMXYKYNKX-UHFFFAOYSA-N,True,True,True,487.509,4.7748,111.92,2,8,8,0.3654,3.764,c1ccc(Nc2nc3cccc(-c4ccccc4)c3o2)cc1,6,False,False,True,rdkit_reaction_aryl_F
CAND_d5a667e4b3,rdkit,JAK2_835443b633,Cc1[nH]nc(Nc2nc(N[C@@H](C)c3ncc(F)cn3)cc(N3CCOCC3)n2)c1F,YPDYGHANXADIAU-NSHDSACASA-N,True,True,True,417.424,2.3296,116.77,3,9,6,0.5554,3.375,c1cnc(CNc2cc(N3CCOCC3)nc(Nc3cc[nH]n3)n2)nc1,6,False,False,True,rdkit_reaction_aryl_F
CAND_7823435d59,rdkit,JAK2_835443b633,Cc1cc(Nc2nc(N[C@@H](C)c3ncc(F)c(F)n3)cc(N3CCOCC3)n2)n[nH]1,SXZSUZKEVUNELA-NSHDSACASA-N,True,True,True,417.424,2.3296,116.77,3,9,6,0.5196,3.375,c1cnc(CNc2cc(N3CCOCC3)nc(Nc3cc[nH]n3)n2)nc1,6,False,False,True,rdkit_reaction_aryl_F
CAND_41b9969ce1,rdkit,JAK2_835443b633,Cc1cc(Nc2nc(N[C@@H](C)c3ncc(F)cn3)c(F)c(N3CCOCC3)n2)n[nH]1,HHTFIAAQLAURTD-NSHDSACASA-N,True,True,False,417.424,2.3296,116.77,3,9,6,0.5554,3.375,c1cnc(CNc2cc(N3CCOCC3)nc(Nc3cc[nH]n3)n2)nc1,6,False,False,True,rdkit_reaction_aryl_F
CAND_e5f7ecc070,rdkit,JAK2_835443b633,Cc1[nH]nc(Nc2nc(N[C@@H](C)c3ncc(F)cn3)cc(N3CCOCC3)n2)c1Cl,NATKTVSZOWAMDA-NSHDSACASA-N,True,True,True,433.879,2.8439,116.77,3,9,6,0.5389,3.466,c1cnc(CNc2cc(N3CCOCC3)nc(Nc3cc[nH]n3)n2)nc1,6,False,False,True,rdkit_reaction_aryl_Cl
CAND_d507985eb5,rdkit,JAK2_835443b633,Cc1cc(Nc2nc(N[C@@H](C)c3ncc(F)c(Cl)n3)cc(N3CCOCC3)n2)n[nH]1,VTMPJOMEXTUHQE-NSHDSACASA-N,True,True,True,433.879,2.8439,116.77,3,9,6,0.5041,3.466,c1cnc(CNc2cc(N3CCOCC3)nc(Nc3cc[nH]n3)n2)nc1,6,False,False,True,rdkit_reaction_aryl_Cl
CAND_205b623c17,rdkit,JAK2_6dc1db68d3,CNC(=O)c1c(C)cc(Nc2nc3cccc(-c4cc(F)c(CN5CCOCC5)c(F)c4)c3o2)cc1F,ZSHJVGLEYMWRMD-UHFFFAOYSA-N,True,True,True,510.516,5.1559,79.63,2,6,6,0.3734,3.92,c1ccc(Nc2nc3cccc(-c4ccc(CN5CCOCC5)cc4)c3o2)cc1,6,False,False,True,rdkit_reaction_aryl_F
CAND_761c81cb0a,rdkit,JAK2_6dc1db68d3,CNC(=O)c1cc(F)c(Nc2nc3cccc(-c4cc(F)c(CN5CCOCC5)c(F)c4)c3o2)cc1C,CLPCJOASMSJYLO-UHFFFAOYSA-N,True,True,True,510.516,5.1559,79.63,2,6,6,0.3734,3.92,c1ccc(Nc2nc3cccc(-c4ccc(CN5CCOCC5)cc4)c3o2)cc1,6,False,False,True,rdkit_reaction_aryl_F
CAND_8b0eea1deb,rdkit,JAK2_6dc1db68d3,CNC(=O)c1ccc(Nc2nc3c(F)ccc(-c4cc(F)c(CN5CCOCC5)c(F)c4)c3o2)cc1C,XRGLAVVKDATGPN-UHFFFAOYSA-N,True,True,True,510.516,5.1559,79.63,2,6,6,0.3734,3.92,c1ccc(Nc2nc3cccc(-c4ccc(CN5CCOCC5)cc4)c3o2)cc1,6,False,False,True,rdkit_reaction_aryl_F
CAND_bff7a00249,rdkit,JAK2_6dc1db68d3,CNC(=O)c1ccc(Nc2nc3cc(F)cc(-c4cc(F)c(CN5CCOCC5)c(F)c4)c3o2)cc1C,XSVFYACVCMISSD-UHFFFAOYSA-N,True,True,True,510.516,5.1559,79.63,2,6,6,0.3734,3.92,c1ccc(Nc2nc3cccc(-c4ccc(CN5CCOCC5)cc4)c3o2)cc1,6,False,False,True,rdkit_reaction_aryl_F
CAND_8d3a1b1213,rdkit,JAK2_6dc1db68d3,CNC(=O)c1ccc(Nc2nc3ccc(F)c(-c4cc(F)c(CN5CCOCC5)c(F)c4)c3o2)cc1C,FUSOOLVGLFYHNL-UHFFFAOYSA-N,True,True,True,510.516,5.1559,79.63,2,6,6,0.3734,3.92,c1ccc(Nc2nc3cccc(-c4ccc(CN5CCOCC5)cc4)c3o2)cc1,6,False,False,True,rdkit_reaction_aryl_F
CAND_a4fc1c807d,rdkit,JAK2_155be966f1,Cc1c(C(=O)NCCCN(C)C)ccc(Nc2nc3cccc(-c4cc(F)c(CN5CCOCC5)c(F)c4)c3o2)c1F,VWXNEFRPYMWTSH-UHFFFAOYSA-N,True,True,True,581.639,5.4778,82.87,2,7,10,0.2402,4.976,c1ccc(Nc2nc3cccc(-c4ccc(CN5CCOCC5)cc4)c3o2)cc1,6,False,False,True,rdkit_reaction_aryl_F
CAND_4ef0be91f1,rdkit,JAK2_155be966f1,Cc1cc(Nc2nc3c(F)ccc(-c4cc(F)c(CN5CCOCC5)c(F)c4)c3o2)ccc1C(=O)NCCCN(C)C,MLXOSNJDMQMAOL-UHFFFAOYSA-N,True,True,True,581.639,5.4778,82.87,2,7,10,0.2402,4.976,c1ccc(Nc2nc3cccc(-c4ccc(CN5CCOCC5)cc4)c3o2)cc1,6,False,False,True,rdkit_reaction_aryl_F
CAND_c6b5d34e59,rdkit,JAK2_155be966f1,Cc1cc(Nc2nc3cc(F)cc(-c4cc(F)c(CN5CCOCC5)c(F)c4)c3o2)ccc1C(=O)NCCCN(C)C,OJFZAVHVJRHHOS-UHFFFAOYSA-N,True,True,True,581.639,5.4778,82.87,2,7,10,0.2402,4.976,c1ccc(Nc2nc3cccc(-c4ccc(CN5CCOCC5)cc4)c3o2)cc1,6,False,False,True,rdkit_reaction_aryl_F
CAND_af0ac45302,rdkit,JAK2_155be966f1,Cc1cc(Nc2nc3ccc(F)c(-c4cc(F)c(CN5CCOCC5)c(F)c4)c3o2)ccc1C(=O)NCCCN(C)C,UQZOAMTUFCZWOX-UHFFFAOYSA-N,True,True,True,581.639,5.4778,82.87,2,7,10,0.2402,4.976,c1ccc(Nc2nc3cccc(-c4ccc(CN5CCOCC5)cc4)c3o2)cc1,6,False,False,True,rdkit_reaction_aryl_F
CAND_7d55a937f1,rdkit,JAK2_155be966f1,Cc1cc(Nc2nc3cccc(-c4cc(F)c(CN5CCOCC5)c(F)c4F)c3o2)ccc1C(=O)NCCCN(C)C,OOWIJBBFQHVVJR-UHFFFAOYSA-N,True,True,True,581.639,5.4778,82.87,2,7,10,0.1897,4.976,c1ccc(Nc2nc3cccc(-c4ccc(CN5CCOCC5)cc4)c3o2)cc1,6,False,False,True,rdkit_reaction_aryl_F
CAND_a179389507,rdkit,JAK2_80b89f8e05,Cn1ncc(-c2ccc3c(c2)[nH]c2c(C(N)=O)ccc(NC4CCCCC4)c23)c1F,WZQWZGRWDFHMAW-UHFFFAOYSA-N,True,True,True,405.477,4.7042,88.73,3,3,4,0.4596,3.008,c1cc(NC2CCCCC2)c2c(c1)[nH]c1cc(-c3cn[nH]c3)ccc12,6,False,False,True,rdkit_reaction_aryl_F
CAND_14ef407dfa,rdkit,JAK2_80b89f8e05,Cn1cc(-c2cc3[nH]c4c(C(N)=O)ccc(NC5CCCCC5)c4c3cc2F)cn1,RARHJYIKZJZFHB-UHFFFAOYSA-N,True,True,True,405.477,4.7042,88.73,3,3,4,0.4596,3.008,c1cc(NC2CCCCC2)c2c(c1)[nH]c1cc(-c3cn[nH]c3)ccc12,6,False,False,True,rdkit_reaction_aryl_F
CAND_e406b96aa6,rdkit,JAK2_80b89f8e05,Cn1cc(-c2cc(F)c3c(c2)[nH]c2c(C(N)=O)ccc(NC4CCCCC4)c23)cn1,IEHNVYJAISPQLL-UHFFFAOYSA-N,True,True,True,405.477,4.7042,88.73,3,3,4,0.4596,3.008,c1cc(NC2CCCCC2)c2c(c1)[nH]c1cc(-c3cn[nH]c3)ccc12,6,False,False,True,rdkit_reaction_aryl_F
CAND_dc4bff50c5,rdkit,JAK2_80b89f8e05,Cn1cc(-c2ccc3c([nH]c4c(C(N)=O)ccc(NC5CCCCC5)c43)c2F)cn1,IUNJRGLSQRTOKE-UHFFFAOYSA-N,True,True,True,405.477,4.7042,88.73,3,3,4,0.4596,3.008,c1cc(NC2CCCCC2)c2c(c1)[nH]c1cc(-c3cn[nH]c3)ccc12,6,False,False,True,rdkit_reaction_aryl_F
CAND_08f04f5639,rdkit,JAK2_80b89f8e05,Cn1cc(-c2ccc3c(c2)[nH]c2c(C(N)=O)c(F)cc(NC4CCCCC4)c23)cn1,VFLKLIMIFZFBBE-UHFFFAOYSA-N,True,True,True,405.477,4.7042,88.73,3,3,4,0.4596,3.008,c1cc(NC2CCCCC2)c2c(c1)[nH]c1cc(-c3cn[nH]c3)ccc12,6,False,False,True,rdkit_reaction_aryl_F
CAND_edbec81352,rdkit,JAK2_fe9236b0f3,Cc1sc(Nc2cc(N3CCOCC3)nc(N[C@@H](C)c3ccc(F)cn3)n2)nc1F,UGWBYKFVTSZRPT-NSHDSACASA-N,True,True,True,433.488,3.668,88.09,2,9,6,0.6089,3.464,c1ccc(CNc2nc(Nc3nccs3)cc(N3CCOCC3)n2)nc1,6,False,False,True,rdkit_reaction_aryl_F
CAND_4311d7fd0e,rdkit,JAK2_fe9236b0f3,Cc1cnc(Nc2nc(N[C@@H](C)c3ccc(F)cn3)nc(N3CCOCC3)c2F)s1,LIOMMGHXPNKUCU-LBPRGKRZSA-N,True,True,True,433.488,3.668,88.09,2,9,6,0.6089,3.464,c1ccc(CNc2nc(Nc3nccs3)cc(N3CCOCC3)n2)nc1,6,False,False,True,rdkit_reaction_aryl_F
CAND_20f7047e3e,rdkit,JAK2_fe9236b0f3,Cc1cnc(Nc2cc(N3CCOCC3)nc(N[C@@H](C)c3ncc(F)cc3F)n2)s1,PZFYVOQPKAKOSM-LBPRGKRZSA-N,True,True,True,433.488,3.668,88.09,2,9,6,0.6089,3.464,c1ccc(CNc2nc(Nc3nccs3)cc(N3CCOCC3)n2)nc1,6,False,False,True,rdkit_reaction_aryl_F
CAND_636754993e,rdkit,JAK2_fe9236b0f3,Cc1cnc(Nc2cc(N3CCOCC3)nc(N[C@@H](C)c3cc(F)c(F)cn3)n2)s1,HQTYEDVFWUTLDD-LBPRGKRZSA-N,True,True,True,433.488,3.668,88.09,2,9,6,0.6089,3.464,c1ccc(CNc2nc(Nc3nccs3)cc(N3CCOCC3)n2)nc1,6,False,False,True,rdkit_reaction_aryl_F
CAND_fe3d332e23,rdkit,JAK2_fe9236b0f3,Cc1cnc(Nc2cc(N3CCOCC3)nc(N[C@@H](C)c3ccc(F)c(F)n3)n2)s1,OOQJYMOGFBJHKF-LBPRGKRZSA-N,True,True,True,433.488,3.668,88.09,2,9,6,0.5696,3.464,c1ccc(CNc2nc(Nc3nccs3)cc(N3CCOCC3)n2)nc1,6,False,False,True,rdkit_reaction_aryl_F
CAND_0f07912bec,rdkit,JAK2_05c72e1270,CC(C)(C)NS(=O)(=O)c1ccc(-c2cc3c(N)ncc(C(=O)NCCCN4CCOCC4)c3s2)cc1F,FCFSKAODWZYQKD-UHFFFAOYSA-N,True,True,True,549.694,3.2135,126.65,3,8,8,0.3684,4.109,O=C(NCCCN1CCOCC1)c1cncc2cc(-c3ccccc3)sc12,6,False,False,True,rdkit_reaction_aryl_F
CAND_bb8aa96b3f,rdkit,JAK2_05c72e1270,CC(C)(C)NS(=O)(=O)c1ccc(-c2cc3c(N)ncc(C(=O)NCCCN4CCOCC4)c3s2)c(F)c1,JEVRLTIXZUCLNJ-UHFFFAOYSA-N,True,True,True,549.694,3.2135,126.65,3,8,8,0.3684,4.109,O=C(NCCCN1CCOCC1)c1cncc2cc(-c3ccccc3)sc12,6,False,False,True,rdkit_reaction_aryl_F
CAND_c2b6a30990,rdkit,JAK2_05c72e1270,CC(C)(C)NS(=O)(=O)c1ccc(-c2sc3c(C(=O)NCCCN4CCOCC4)cnc(N)c3c2F)cc1,BCVVITHVAONEOF-UHFFFAOYSA-N,True,True,True,549.694,3.2135,126.65,3,8,8,0.3684,4.109,O=C(NCCCN1CCOCC1)c1cncc2cc(-c3ccccc3)sc12,6,False,False,True,rdkit_reaction_aryl_F
CAND_7b5ff2ca73,rdkit,JAK2_05c72e1270,CC(C)(C)NS(=O)(=O)c1ccc(-c2cc3c(N)nc(F)c(C(=O)NCCCN4CCOCC4)c3s2)cc1,SYDVBRHJEOMYNR-UHFFFAOYSA-N,True,True,True,549.694,3.2135,126.65,3,8,8,0.2909,4.109,O=C(NCCCN1CCOCC1)c1cncc2cc(-c3ccccc3)sc12,6,False,False,True,rdkit_reaction_aryl_F
CAND_d879ee23d8,rdkit,JAK2_05c72e1270,CC(C)(C)NS(=O)(=O)c1ccc(-c2cc3c(N)ncc(C(=O)NCCCN4CCOCC4)c3s2)cc1Cl,QUHGWOXSPGWIAI-UHFFFAOYSA-N,True,True,True,566.149,3.7278,126.65,3,8,8,0.3552,4.201,O=C(NCCCN1CCOCC1)c1cncc2cc(-c3ccccc3)sc12,6,False,False,True,rdkit_reaction_aryl_Cl
CAND_5b179d4c71,rdkit,JAK2_4c33092d30,Cc1c(C(=O)N(C)C)ccc(Nc2nc3cccc(-c4cc(F)c(CN5CCOCC5)c(F)c4)c3o2)c1F,AZWMKZQZAPCZLV-UHFFFAOYSA-N,True,True,True,524.543,5.4981,70.84,1,6,6,0.3594,4.169,c1ccc(Nc2nc3cccc(-c4ccc(CN5CCOCC5)cc4)c3o2)cc1,6,False,False,True,rdkit_reaction_aryl_F
CAND_35c91e71f1,rdkit,JAK2_4c33092d30,Cc1cc(Nc2nc3c(F)ccc(-c4cc(F)c(CN5CCOCC5)c(F)c4)c3o2)ccc1C(=O)N(C)C,AMQXIRFDZWNIFK-UHFFFAOYSA-N,True,True,True,524.543,5.4981,70.84,1,6,6,0.3594,4.169,c1ccc(Nc2nc3cccc(-c4ccc(CN5CCOCC5)cc4)c3o2)cc1,6,False,False,True,rdkit_reaction_aryl_F
CAND_47dc2560f8,rdkit,JAK2_4c33092d30,Cc1cc(Nc2nc3cc(F)cc(-c4cc(F)c(CN5CCOCC5)c(F)c4)c3o2)ccc1C(=O)N(C)C,ORTFGIJNQRTZIH-UHFFFAOYSA-N,True,True,True,524.543,5.4981,70.84,1,6,6,0.3594,4.169,c1ccc(Nc2nc3cccc(-c4ccc(CN5CCOCC5)cc4)c3o2)cc1,6,False,False,True,rdkit_reaction_aryl_F
CAND_fbb2e28788,rdkit,JAK2_4c33092d30,Cc1cc(Nc2nc3ccc(F)c(-c4cc(F)c(CN5CCOCC5)c(F)c4)c3o2)ccc1C(=O)N(C)C,QAWCKUUOZMSRHZ-UHFFFAOYSA-N,True,True,True,524.543,5.4981,70.84,1,6,6,0.3594,4.169,c1ccc(Nc2nc3cccc(-c4ccc(CN5CCOCC5)cc4)c3o2)cc1,6,False,False,True,rdkit_reaction_aryl_F
CAND_519a4babec,rdkit,JAK2_4c33092d30,Cc1cc(Nc2nc3cccc(-c4cc(F)c(CN5CCOCC5)c(F)c4F)c3o2)ccc1C(=O)N(C)C,BAGGLVMIMNQNHN-UHFFFAOYSA-N,True,True,True,524.543,5.4981,70.84,1,6,6,0.3362,4.169,c1ccc(Nc2nc3cccc(-c4ccc(CN5CCOCC5)cc4)c3o2)cc1,6,False,False,True,rdkit_reaction_aryl_F
CAND_77808df4f7,rdkit,JAK2_42d4d2b240,CC(C)(C)NS(=O)(=O)c1ccc(-c2cc3c(N)ncc(C(=O)NCCN4CCCCC4)c3s2)cc1F,CCJIKMWIMCEJLM-UHFFFAOYSA-N,True,True,True,533.695,3.9771,117.42,3,7,7,0.423,3.896,O=C(NCCN1CCCCC1)c1cncc2cc(-c3ccccc3)sc12,6,False,False,True,rdkit_reaction_aryl_F
CAND_b0b48a9349,rdkit,JAK2_42d4d2b240,CC(C)(C)NS(=O)(=O)c1ccc(-c2cc3c(N)ncc(C(=O)NCCN4CCCCC4)c3s2)c(F)c1,HMKZGAGDHLFSLT-UHFFFAOYSA-N,True,True,True,533.695,3.9771,117.42,3,7,7,0.423,3.896,O=C(NCCN1CCCCC1)c1cncc2cc(-c3ccccc3)sc12,6,False,False,True,rdkit_reaction_aryl_F
CAND_20f27077f5,rdkit,JAK2_42d4d2b240,CC(C)(C)NS(=O)(=O)c1ccc(-c2sc3c(C(=O)NCCN4CCCCC4)cnc(N)c3c2F)cc1,PCJDKWCPSHZWTG-UHFFFAOYSA-N,True,True,True,533.695,3.9771,117.42,3,7,7,0.423,3.896,O=C(NCCN1CCCCC1)c1cncc2cc(-c3ccccc3)sc12,6,False,False,True,rdkit_reaction_aryl_F
CAND_20d1758f21,rdkit,JAK2_42d4d2b240,CC(C)(C)NS(=O)(=O)c1ccc(-c2cc3c(N)nc(F)c(C(=O)NCCN4CCCCC4)c3s2)cc1,VYNRTYHPMUNEGD-UHFFFAOYSA-N,True,True,True,533.695,3.9771,117.42,3,7,7,0.3957,3.896,O=C(NCCN1CCCCC1)c1cncc2cc(-c3ccccc3)sc12,6,False,False,True,rdkit_reaction_aryl_F
CAND_792fe1e0b2,rdkit,JAK2_42d4d2b240,CC(C)(C)NS(=O)(=O)c1ccc(-c2cc3c(N)ncc(C(=O)NCCN4CCCCC4)c3s2)cc1Cl,IBEMSDXTSYNMGP-UHFFFAOYSA-N,True,True,True,550.15,4.4914,117.42,3,7,7,0.3995,3.987,O=C(NCCN1CCCCC1)c1cncc2cc(-c3ccccc3)sc12,6,False,False,True,rdkit_reaction_aryl_Cl
CAND_b57c3b684f,rdkit,JAK2_f59a16ca04,N#Cc1cc2c(cc1F)ncn2-c1ncc2[nH]c(=O)n([C@@H]3CCOc4c(F)cccc43)c2n1,RRZIRZLUVBMCJV-QGZVFWFLSA-N,True,True,True,445.389,2.9803,114.41,1,6,2,0.4469,3.23,O=c1[nH]c2cnc(-n3cnc4ccccc43)nc2n1[C@@H]1CCOc2ccccc21,6,False,False,True,rdkit_reaction_aryl_F
CAND_21fd0837ee,rdkit,JAK2_f59a16ca04,N#Cc1cc(F)c2ncn(-c3ncc4[nH]c(=O)n([C@@H]5CCOc6c(F)cccc65)c4n3)c2c1,SMCJDLBDYDINHH-MRXNPFEDSA-N,True,True,True,445.389,2.9803,114.41,1,6,2,0.4469,3.23,O=c1[nH]c2cnc(-n3cnc4ccccc43)nc2n1[C@@H]1CCOc2ccccc21,6,False,False,True,rdkit_reaction_aryl_F
CAND_6b3fce2a7b,rdkit,JAK2_f59a16ca04,N#Cc1ccc2nc(F)n(-c3ncc4[nH]c(=O)n([C@@H]5CCOc6c(F)cccc65)c4n3)c2c1,XMIVGWFWAYLESX-MRXNPFEDSA-N,True,True,True,445.389,2.9803,114.41,1,6,2,0.4469,3.23,O=c1[nH]c2cnc(-n3cnc4ccccc43)nc2n1[C@@H]1CCOc2ccccc21,6,False,False,True,rdkit_reaction_aryl_F
CAND_9ee2eb9eea,rdkit,JAK2_f59a16ca04,N#Cc1ccc2ncn(-c3nc(F)c4[nH]c(=O)n([C@@H]5CCOc6c(F)cccc65)c4n3)c2c1,MBUUGCSIIFVXPV-OAHLLOKOSA-N,True,True,True,445.389,2.9803,114.41,1,6,2,0.418,3.23,O=c1[nH]c2cnc(-n3cnc4ccccc43)nc2n1[C@@H]1CCOc2ccccc21,6,False,False,True,rdkit_reaction_aryl_F
CAND_e07aa64199,rdkit,JAK2_f59a16ca04,N#Cc1ccc2ncn(-c3ncc4[nH]c(=O)n([C@@H]5CCOc6c5ccc(F)c6F)c4n3)c2c1,IMDYAGFRUJEHLF-MRXNPFEDSA-N,True,True,True,445.389,2.9803,114.41,1,6,2,0.4469,3.23,O=c1[nH]c2cnc(-n3cnc4ccccc43)nc2n1[C@@H]1CCOc2ccccc21,6,False,False,True,rdkit_reaction_aryl_F
CAND_976263f1fd,rdkit,JAK2_bb041e75cb,CC(=O)Nc1ccc(-c2nc(Nc3ccc(N4CCOCC4)cc3)ncc2C)cc1F,VQOCGOIGZKSCDV-UHFFFAOYSA-N,True,True,True,421.476,4.1297,79.38,2,6,5,0.645,3.022,c1ccc(-c2ccnc(Nc3ccc(N4CCOCC4)cc3)n2)cc1,6,False,False,True,rdkit_reaction_aryl_F
CAND_84f3d6a36f,rdkit,JAK2_bb041e75cb,CC(=O)Nc1ccc(-c2nc(Nc3ccc(N4CCOCC4)cc3)ncc2C)c(F)c1,ZOPFGMADWKRVGO-UHFFFAOYSA-N,True,True,True,421.476,4.1297,79.38,2,6,5,0.645,3.022,c1ccc(-c2ccnc(Nc3ccc(N4CCOCC4)cc3)n2)cc1,6,False,False,True,rdkit_reaction_aryl_F
CAND_644753e9fd,rdkit,JAK2_bb041e75cb,CC(=O)Nc1ccc(-c2nc(Nc3ccc(N4CCOCC4)cc3F)ncc2C)cc1,FSIZPILYZLPEKM-UHFFFAOYSA-N,True,True,True,421.476,4.1297,79.38,2,6,5,0.645,3.022,c1ccc(-c2ccnc(Nc3ccc(N4CCOCC4)cc3)n2)cc1,6,False,False,True,rdkit_reaction_aryl_F
CAND_42413af352,rdkit,JAK2_bb041e75cb,CC(=O)Nc1ccc(-c2nc(Nc3ccc(N4CCOCC4)c(F)c3)ncc2C)cc1,ZBZKWPKHXOAVOV-UHFFFAOYSA-N,True,True,True,421.476,4.1297,79.38,2,6,5,0.645,3.022,c1ccc(-c2ccnc(Nc3ccc(N4CCOCC4)cc3)n2)cc1,6,False,False,True,rdkit_reaction_aryl_F
CAND_bfe650d22c,rdkit,JAK2_bb041e75cb,CC(=O)Nc1ccc(-c2nc(Nc3ccc(N4CCOCC4)cc3)nc(F)c2C)cc1,JCULXYRPXUSXPC-UHFFFAOYSA-N,True,True,True,421.476,4.1297,79.38,2,6,5,0.6033,3.022,c1ccc(-c2ccnc(Nc3ccc(N4CCOCC4)cc3)n2)cc1,6,False,False,True,rdkit_reaction_aryl_F
CAND_03f2d5cd77,rdkit,JAK2_f94799c74c,COc1cc(-c2cnc3cccc(-c4ccc(CC(=O)N5CCS(=O)(=O)CC5)cc4)c3n2)c(F)c(OC)c1OC,PFQWWOZIDCHYKL-UHFFFAOYSA-N,True,True,True,565.623,3.9282,107.92,0,8,7,0.3319,4.273,O=C(Cc1ccc(-c2cccc3ncc(-c4ccccc4)nc23)cc1)N1CCS(=O)(=O)CC1,6,False,False,True,rdkit_reaction_aryl_F
CAND_0056626bc2,rdkit,JAK2_f94799c74c,COc1cc(-c2nc3c(-c4ccc(CC(=O)N5CCS(=O)(=O)CC5)cc4)cccc3nc2F)cc(OC)c1OC,UCWUNWVTFWEXPQ-UHFFFAOYSA-N,True,True,True,565.623,3.9282,107.92,0,8,7,0.3319,4.273,O=C(Cc1ccc(-c2cccc3ncc(-c4ccccc4)nc23)cc1)N1CCS(=O)(=O)CC1,6,False,False,True,rdkit_reaction_aryl_F
CAND_eebf88d735,rdkit,JAK2_f94799c74c,COc1cc(-c2cnc3c(F)ccc(-c4ccc(CC(=O)N5CCS(=O)(=O)CC5)cc4)c3n2)cc(OC)c1OC,OYBKWIHIVBJFIG-UHFFFAOYSA-N,True,True,True,565.623,3.9282,107.92,0,8,7,0.3319,4.273,O=C(Cc1ccc(-c2cccc3ncc(-c4ccccc4)nc23)cc1)N1CCS(=O)(=O)CC1,6,False,False,True,rdkit_reaction_aryl_F
CAND_deb31bfac5,rdkit,JAK2_f94799c74c,COc1cc(-c2cnc3cc(F)cc(-c4ccc(CC(=O)N5CCS(=O)(=O)CC5)cc4)c3n2)cc(OC)c1OC,RRUNKOWVOMZVDU-UHFFFAOYSA-N,True,True,True,565.623,3.9282,107.92,0,8,7,0.3319,4.273,O=C(Cc1ccc(-c2cccc3ncc(-c4ccccc4)nc23)cc1)N1CCS(=O)(=O)CC1,6,False,False,True,rdkit_reaction_aryl_F
CAND_2c2cec40d4,rdkit,JAK2_f94799c74c,COc1cc(-c2cnc3ccc(F)c(-c4ccc(CC(=O)N5CCS(=O)(=O)CC5)cc4)c3n2)cc(OC)c1OC,KICUDBPTAOUISL-UHFFFAOYSA-N,True,True,True,565.623,3.9282,107.92,0,8,7,0.3319,4.273,O=C(Cc1ccc(-c2cccc3ncc(-c4ccccc4)nc23)cc1)N1CCS(=O)(=O)CC1,6,False,False,True,rdkit_reaction_aryl_F
CAND_88d0b3b5b2,rdkit,JAK2_3b7ac4b7ff,CN1CCC[C@@H]1C(=O)Nc1ccc(-c2ccnc(Nc3ccc(N4CCOCC4)cc3)n2)cc1F,PGVKERPLHJXNFR-XMMPIXPASA-N,True,True,True,476.556,3.8956,82.62,2,7,6,0.5585,3.903,O=C(Nc1ccc(-c2ccnc(Nc3ccc(N4CCOCC4)cc3)n2)cc1)[C@H]1CCCN1,6,False,False,True,rdkit_reaction_aryl_F
CAND_3d5c4377a4,rdkit,JAK2_3b7ac4b7ff,CN1CCC[C@@H]1C(=O)Nc1ccc(-c2ccnc(Nc3ccc(N4CCOCC4)cc3)n2)c(F)c1,CHEIAOZTRUJUJG-XMMPIXPASA-N,True,True,True,476.556,3.8956,82.62,2,7,6,0.5585,3.903,O=C(Nc1ccc(-c2ccnc(Nc3ccc(N4CCOCC4)cc3)n2)cc1)[C@H]1CCCN1,6,False,False,True,rdkit_reaction_aryl_F
CAND_219eabea54,rdkit,JAK2_3b7ac4b7ff,CN1CCC[C@@H]1C(=O)Nc1ccc(-c2nc(Nc3ccc(N4CCOCC4)cc3)ncc2F)cc1,JOEVVBVMWANNSN-HSZRJFAPSA-N,True,True,True,476.556,3.8956,82.62,2,7,6,0.5585,3.903,O=C(Nc1ccc(-c2ccnc(Nc3ccc(N4CCOCC4)cc3)n2)cc1)[C@H]1CCCN1,6,False,False,True,rdkit_reaction_aryl_F
CAND_e25fa2c12a,rdkit,JAK2_3b7ac4b7ff,CN1CCC[C@@H]1C(=O)Nc1ccc(-c2cc(F)nc(Nc3ccc(N4CCOCC4)cc3)n2)cc1,XRRHSBCOMHDXBI-HSZRJFAPSA-N,True,True,True,476.556,3.8956,82.62,2,7,6,0.5224,3.903,O=C(Nc1ccc(-c2ccnc(Nc3ccc(N4CCOCC4)cc3)n2)cc1)[C@H]1CCCN1,6,False,False,True,rdkit_reaction_aryl_F
CAND_873be12506,rdkit,JAK2_3b7ac4b7ff,CN1CCC[C@@H]1C(=O)Nc1ccc(-c2ccnc(Nc3ccc(N4CCOCC4)cc3F)n2)cc1,TYBBVCQCWMBTTM-XMMPIXPASA-N,True,True,True,476.556,3.8956,82.62,2,7,6,0.5585,3.903,O=C(Nc1ccc(-c2ccnc(Nc3ccc(N4CCOCC4)cc3)n2)cc1)[C@H]1CCCN1,6,False,False,True,rdkit_reaction_aryl_F
CAND_462ee4f0d0,rdkit,JAK2_aab6d9dd88,Cc1ccccc1CC(=O)N1CCN(c2nc(Nc3n[nH]c(C)c3F)c3cccn3n2)CC1,HCOCLBALTMQVRH-UHFFFAOYSA-N,True,True,True,448.506,2.8432,94.45,2,6,5,0.4877,3.372,O=C(Cc1ccccc1)N1CCN(c2nc(Nc3cc[nH]n3)c3cccn3n2)CC1,6,False,False,True,rdkit_reaction_aryl_F
CAND_a1b7bf8296,rdkit,JAK2_aab6d9dd88,Cc1cc(Nc2nc(N3CCN(C(=O)Cc4c(C)cccc4F)CC3)nn3cccc23)n[nH]1,ZYBUNUUGSJEOQW-UHFFFAOYSA-N,True,True,True,448.506,2.8432,94.45,2,6,5,0.4877,3.372,O=C(Cc1ccccc1)N1CCN(c2nc(Nc3cc[nH]n3)c3cccn3n2)CC1,6,False,False,True,rdkit_reaction_aryl_F
CAND_a5cc882758,rdkit,JAK2_aab6d9dd88,Cc1cc(Nc2nc(N3CCN(C(=O)Cc4cc(F)ccc4C)CC3)nn3cccc23)n[nH]1,HWOPDTROPFKVAC-UHFFFAOYSA-N,True,True,True,448.506,2.8432,94.45,2,6,5,0.4877,3.372,O=C(Cc1ccccc1)N1CCN(c2nc(Nc3cc[nH]n3)c3cccn3n2)CC1,6,False,False,True,rdkit_reaction_aryl_F
CAND_e464f2a5fd,rdkit,JAK2_aab6d9dd88,Cc1cc(Nc2nc(N3CCN(C(=O)Cc4ccc(F)cc4C)CC3)nn3cccc23)n[nH]1,BBWSMLQPAZUYOC-UHFFFAOYSA-N,True,True,True,448.506,2.8432,94.45,2,6,5,0.4877,3.372,O=C(Cc1ccccc1)N1CCN(c2nc(Nc3cc[nH]n3)c3cccn3n2)CC1,6,False,False,True,rdkit_reaction_aryl_F
CAND_6a62764ce2,rdkit,JAK2_aab6d9dd88,Cc1cc(Nc2nc(N3CCN(C(=O)Cc4cccc(F)c4C)CC3)nn3cccc23)n[nH]1,CTERSDSMVFRUNG-UHFFFAOYSA-N,True,True,True,448.506,2.8432,94.45,2,6,5,0.4877,3.372,O=C(Cc1ccccc1)N1CCN(c2nc(Nc3cc[nH]n3)c3cccn3n2)CC1,6,False,False,True,rdkit_reaction_aryl_F
CAND_8b86749f7c,rdkit,JAK2_2fb115c7c6,CS(=O)(=O)c1cccc(Nc2nc3c(-c4ccc(S(C)(=O)=O)c(F)c4)cccn3n2)c1,BBJHNRRHVXPBMN-UHFFFAOYSA-N,True,True,True,460.512,3.086,110.5,1,7,5,0.4872,3.239,c1ccc(Nc2nc3c(-c4ccccc4)cccn3n2)cc1,6,False,False,True,rdkit_reaction_aryl_F
CAND_cbdddf47ab,rdkit,JAK2_2fb115c7c6,CS(=O)(=O)c1cccc(Nc2nc3c(-c4ccc(S(C)(=O)=O)cc4F)cccn3n2)c1,IZSGZNKFLMDYFI-UHFFFAOYSA-N,True,True,True,460.512,3.086,110.5,1,7,5,0.4872,3.239,c1ccc(Nc2nc3c(-c4ccccc4)cccn3n2)cc1,6,False,False,True,rdkit_reaction_aryl_F
CAND_d4108a426e,rdkit,JAK2_2fb115c7c6,CS(=O)(=O)c1ccc(-c2c(F)ccn3nc(Nc4cccc(S(C)(=O)=O)c4)nc23)cc1,KTKUPKNWQWZVLD-UHFFFAOYSA-N,True,True,True,460.512,3.086,110.5,1,7,5,0.4872,3.239,c1ccc(Nc2nc3c(-c4ccccc4)cccn3n2)cc1,6,False,False,True,rdkit_reaction_aryl_F
CAND_9fb86b958c,rdkit,JAK2_2fb115c7c6,CS(=O)(=O)c1ccc(-c2cc(F)cn3nc(Nc4cccc(S(C)(=O)=O)c4)nc23)cc1,GJXNTEBWYLINLG-UHFFFAOYSA-N,True,True,True,460.512,3.086,110.5,1,7,5,0.4872,3.239,c1ccc(Nc2nc3c(-c4ccccc4)cccn3n2)cc1,6,False,False,True,rdkit_reaction_aryl_F
CAND_7520decdf8,rdkit,JAK2_2fb115c7c6,CS(=O)(=O)c1ccc(-c2ccc(F)n3nc(Nc4cccc(S(C)(=O)=O)c4)nc23)cc1,RZEDCZCTETTXKH-UHFFFAOYSA-N,True,True,True,460.512,3.086,110.5,1,7,5,0.4558,3.239,c1ccc(Nc2nc3c(-c4ccccc4)cccn3n2)cc1,6,False,False,True,rdkit_reaction_aryl_F
CAND_ca84baa28f,rdkit,JAK2_6eec4980ac,O=C(Nc1ccc(-c2ccnc(Nc3ccc(N4CCOCC4)cc3)n2)cc1F)[C@H]1CCNC1,FDJQXHJIEWYONV-SFHVURJKSA-N,True,True,True,462.529,3.4109,91.41,3,7,6,0.5171,3.825,O=C(Nc1ccc(-c2ccnc(Nc3ccc(N4CCOCC4)cc3)n2)cc1)[C@H]1CCNC1,6,False,False,True,rdkit_reaction_aryl_F
CAND_a81e7c118d,rdkit,JAK2_6eec4980ac,O=C(Nc1ccc(-c2ccnc(Nc3ccc(N4CCOCC4)cc3)n2)c(F)c1)[C@H]1CCNC1,WLJJEUGHXSETKD-KRWDZBQOSA-N,True,True,True,462.529,3.4109,91.41,3,7,6,0.5171,3.825,O=C(Nc1ccc(-c2ccnc(Nc3ccc(N4CCOCC4)cc3)n2)cc1)[C@H]1CCNC1,6,False,False,True,rdkit_reaction_aryl_F
CAND_d1f1d40225,rdkit,JAK2_6eec4980ac,O=C(Nc1ccc(-c2nc(Nc3ccc(N4CCOCC4)cc3)ncc2F)cc1)[C@H]1CCNC1,XQBPAPVCVPHDMS-SFHVURJKSA-N,True,True,True,462.529,3.4109,91.41,3,7,6,0.5171,3.825,O=C(Nc1ccc(-c2ccnc(Nc3ccc(N4CCOCC4)cc3)n2)cc1)[C@H]1CCNC1,6,False,False,True,rdkit_reaction_aryl_F
CAND_c42a485c44,rdkit,JAK2_6eec4980ac,O=C(Nc1ccc(-c2cc(F)nc(Nc3ccc(N4CCOCC4)cc3)n2)cc1)[C@H]1CCNC1,VTPPCKXEULMQCZ-SFHVURJKSA-N,True,True,True,462.529,3.4109,91.41,3,7,6,0.4838,3.825,O=C(Nc1ccc(-c2ccnc(Nc3ccc(N4CCOCC4)cc3)n2)cc1)[C@H]1CCNC1,6,False,False,True,rdkit_reaction_aryl_F
CAND_2e279697ad,rdkit,JAK2_6eec4980ac,O=C(Nc1ccc(-c2ccnc(Nc3ccc(N4CCOCC4)cc3F)n2)cc1)[C@H]1CCNC1,VXIQZZRULXRXHT-SFHVURJKSA-N,True,True,True,462.529,3.4109,91.41,3,7,6,0.5171,3.825,O=C(Nc1ccc(-c2ccnc(Nc3ccc(N4CCOCC4)cc3)n2)cc1)[C@H]1CCNC1,6,False,False,True,rdkit_reaction_aryl_F
CAND_f7669121b4,rdkit,JAK2_1cd957a7af,COc1cc(Nc2ncc3ccn(-c4ccccn4)c3n2)c(F)c(OC)c1OC,BVZJGGOKLBEWHE-UHFFFAOYSA-N,True,True,True,395.394,3.724,83.32,1,7,6,0.5326,3.002,c1ccc(Nc2ncc3ccn(-c4ccccn4)c3n2)cc1,6,False,False,True,rdkit_reaction_aryl_F
CAND_ac28f1d7f5,rdkit,JAK2_1cd957a7af,COc1cc(Nc2nc(F)c3ccn(-c4ccccn4)c3n2)cc(OC)c1OC,DGFNAOHRBPCLBD-UHFFFAOYSA-N,True,True,True,395.394,3.724,83.32,1,7,6,0.4982,3.002,c1ccc(Nc2ncc3ccn(-c4ccccn4)c3n2)cc1,6,False,False,True,rdkit_reaction_aryl_F
CAND_efa1443267,rdkit,JAK2_1cd957a7af,COc1cc(Nc2ncc3c(F)cn(-c4ccccn4)c3n2)cc(OC)c1OC,UFZOTHOQJBYXMK-UHFFFAOYSA-N,True,True,True,395.394,3.724,83.32,1,7,6,0.5326,3.002,c1ccc(Nc2ncc3ccn(-c4ccccn4)c3n2)cc1,6,False,False,True,rdkit_reaction_aryl_F
CAND_6e020b79ad,rdkit,JAK2_1cd957a7af,COc1cc(Nc2ncc3cc(F)n(-c4ccccn4)c3n2)cc(OC)c1OC,BRRMMBLHJVTXLD-UHFFFAOYSA-N,True,True,True,395.394,3.724,83.32,1,7,6,0.5326,3.002,c1ccc(Nc2ncc3ccn(-c4ccccn4)c3n2)cc1,6,False,False,True,rdkit_reaction_aryl_F
CAND_629f49ffb7,rdkit,JAK2_1cd957a7af,COc1cc(Nc2ncc3ccn(-c4ncccc4F)c3n2)cc(OC)c1OC,YWPPBPNGXRJFJN-UHFFFAOYSA-N,True,True,True,395.394,3.724,83.32,1,7,6,0.5326,3.002,c1ccc(Nc2ncc3ccn(-c4ccccn4)c3n2)cc1,6,False,False,True,rdkit_reaction_aryl_F
CAND_2b9d4de308,rdkit,JAK2_fddab980f3,C[C@@H](NC(=O)c1c(F)[nH]c2ncc(-c3ncn4cc(F)ccc34)nc12)C(=O)N1CC(C#N)C1,BIZATKIIJARSBF-SNVBAGLBSA-N,True,True,True,450.409,1.6511,132.07,2,6,4,0.486,3.508,O=C(NCC(=O)N1CCC1)c1c[nH]c2ncc(-c3ncn4ccccc34)nc12,6,False,False,True,rdkit_reaction_aryl_F
CAND_cfc71c6454,rdkit,JAK2_fddab980f3,C[C@@H](NC(=O)c1c[nH]c2nc(F)c(-c3ncn4cc(F)ccc34)nc12)C(=O)N1CC(C#N)C1,XVXOCEWPSZHOMB-SNVBAGLBSA-N,True,True,True,450.409,1.6511,132.07,2,6,4,0.486,3.508,O=C(NCC(=O)N1CCC1)c1c[nH]c2ncc(-c3ncn4ccccc34)nc12,6,False,False,True,rdkit_reaction_aryl_F
CAND_5123ad675f,rdkit,JAK2_fddab980f3,C[C@@H](NC(=O)c1c[nH]c2ncc(-c3nc(F)n4cc(F)ccc34)nc12)C(=O)N1CC(C#N)C1,HDWPEJACSIQBNO-SNVBAGLBSA-N,True,True,True,450.409,1.6511,132.07,2,6,4,0.486,3.508,O=C(NCC(=O)N1CCC1)c1c[nH]c2ncc(-c3ncn4ccccc34)nc12,6,False,False,True,rdkit_reaction_aryl_F
CAND_038481b60e,rdkit,JAK2_fddab980f3,C[C@@H](NC(=O)c1c[nH]c2ncc(-c3ncn4c(F)c(F)ccc34)nc12)C(=O)N1CC(C#N)C1,FHKAHYUWGSRBPS-SNVBAGLBSA-N,True,True,True,450.409,1.6511,132.07,2,6,4,0.4546,3.508,O=C(NCC(=O)N1CCC1)c1c[nH]c2ncc(-c3ncn4ccccc34)nc12,6,False,False,True,rdkit_reaction_aryl_F
CAND_f3594d3aec,rdkit,JAK2_fddab980f3,C[C@@H](NC(=O)c1c[nH]c2ncc(-c3ncn4cc(F)c(F)cc34)nc12)C(=O)N1CC(C#N)C1,VICWOQPDCPXCOM-SNVBAGLBSA-N,True,True,True,450.409,1.6511,132.07,2,6,4,0.486,3.508,O=C(NCC(=O)N1CCC1)c1c[nH]c2ncc(-c3ncn4ccccc34)nc12,6,False,False,True,rdkit_reaction_aryl_F
CAND_d4f6137e43,rdkit,JAK2_a11a9fc11d,CS(=O)(=O)Nc1ccc(-c2ccnc(Nc3cccc(CN4CCCC4)c3)n2)cc1F,BDYTWLLRBPVDBN-UHFFFAOYSA-N,True,True,True,441.532,3.9936,87.22,2,6,7,0.5765,3.384,c1ccc(-c2ccnc(Nc3cccc(CN4CCCC4)c3)n2)cc1,6,False,False,True,rdkit_reaction_aryl_F
CAND_f8d2c5567f,rdkit,JAK2_a11a9fc11d,CS(=O)(=O)Nc1ccc(-c2ccnc(Nc3cccc(CN4CCCC4)c3)n2)c(F)c1,FHOQBTARTRKJDY-UHFFFAOYSA-N,True,True,True,441.532,3.9936,87.22,2,6,7,0.5765,3.384,c1ccc(-c2ccnc(Nc3cccc(CN4CCCC4)c3)n2)cc1,6,False,False,True,rdkit_reaction_aryl_F
CAND_803fe6038d,rdkit,JAK2_a11a9fc11d,CS(=O)(=O)Nc1ccc(-c2nc(Nc3cccc(CN4CCCC4)c3)ncc2F)cc1,KKGINZKBZZPZOD-UHFFFAOYSA-N,True,True,True,441.532,3.9936,87.22,2,6,7,0.5765,3.384,c1ccc(-c2ccnc(Nc3cccc(CN4CCCC4)c3)n2)cc1,6,False,False,True,rdkit_reaction_aryl_F
CAND_7a04c97714,rdkit,JAK2_a11a9fc11d,CS(=O)(=O)Nc1ccc(-c2cc(F)nc(Nc3cccc(CN4CCCC4)c3)n2)cc1,KVRHILGTIJVWOX-UHFFFAOYSA-N,True,True,True,441.532,3.9936,87.22,2,6,7,0.5393,3.384,c1ccc(-c2ccnc(Nc3cccc(CN4CCCC4)c3)n2)cc1,6,False,False,True,rdkit_reaction_aryl_F
CAND_70baadd53d,rdkit,JAK2_a11a9fc11d,CS(=O)(=O)Nc1ccc(-c2ccnc(Nc3cc(CN4CCCC4)ccc3F)n2)cc1,HJWAMSLFUNZXCB-UHFFFAOYSA-N,True,True,True,441.532,3.9936,87.22,2,6,7,0.5765,3.384,c1ccc(-c2ccnc(Nc3cccc(CN4CCCC4)c3)n2)cc1,6,False,False,True,rdkit_reaction_aryl_F
CAND_37e8fc0bfb,rdkit,JAK2_7749fd2b4f,Cc1[nH]nc(Nc2nc(N[C@@H](C)c3ccc(F)cn3)c(F)c(N3CCOCC3)n2)c1F,YIVMTQMIZYFFQR-JTQLQIEISA-N,True,True,True,434.426,3.0737,103.88,3,8,6,0.544,3.469,c1ccc(CNc2cc(N3CCOCC3)nc(Nc3cc[nH]n3)n2)nc1,6,False,False,True,rdkit_reaction_aryl_F
CAND_fc4de259e2,rdkit,JAK2_7749fd2b4f,Cc1cc(Nc2nc(N[C@@H](C)c3ncc(F)cc3F)c(F)c(N3CCOCC3)n2)n[nH]1,DDRVJAFCXMDEJM-NSHDSACASA-N,True,True,False,434.426,3.0737,103.88,3,8,6,0.544,3.469,c1ccc(CNc2cc(N3CCOCC3)nc(Nc3cc[nH]n3)n2)nc1,6,False,False,True,rdkit_reaction_aryl_F
CAND_f53d3f19a2,rdkit,JAK2_7749fd2b4f,Cc1cc(Nc2nc(N[C@@H](C)c3cc(F)c(F)cn3)c(F)c(N3CCOCC3)n2)n[nH]1,VGLVTLVIAATWHJ-NSHDSACASA-N,True,True,True,434.426,3.0737,103.88,3,8,6,0.544,3.469,c1ccc(CNc2cc(N3CCOCC3)nc(Nc3cc[nH]n3)n2)nc1,6,False,False,True,rdkit_reaction_aryl_F
CAND_c1c67c1b62,rdkit,JAK2_7749fd2b4f,Cc1cc(Nc2nc(N[C@@H](C)c3ccc(F)c(F)n3)c(F)c(N3CCOCC3)n2)n[nH]1,YPYAJFXRHYXWSY-NSHDSACASA-N,True,True,True,434.426,3.0737,103.88,3,8,6,0.5088,3.469,c1ccc(CNc2cc(N3CCOCC3)nc(Nc3cc[nH]n3)n2)nc1,6,False,False,True,rdkit_reaction_aryl_F
CAND_0706bcfafe,rdkit,JAK2_7749fd2b4f,Cc1[nH]nc(Nc2nc(N[C@@H](C)c3ccc(F)cn3)c(F)c(N3CCOCC3)n2)c1Cl,LPLXHKBZYAQIEY-JTQLQIEISA-N,True,True,True,450.881,3.588,103.88,3,8,6,0.5232,3.56,c1ccc(CNc2cc(N3CCOCC3)nc(Nc3cc[nH]n3)n2)nc1,6,False,False,True,rdkit_reaction_aryl_Cl
CAND_90c3238374,rdkit,JAK2_1baaacf4f4,Cc1[nH]nc(Nc2nc(N[C@@H](C)c3ccc(F)cn3)c(Cl)c(N3CCOCC3)n2)c1F,UNKMKQRTCVDKCY-JTQLQIEISA-N,True,True,True,450.881,3.588,103.88,3,8,6,0.5232,3.56,c1ccc(CNc2cc(N3CCOCC3)nc(Nc3cc[nH]n3)n2)nc1,6,False,False,True,rdkit_reaction_aryl_F
CAND_29d5009621,rdkit,JAK2_1baaacf4f4,Cc1cc(Nc2nc(N[C@@H](C)c3ncc(F)cc3F)c(Cl)c(N3CCOCC3)n2)n[nH]1,HDRMGQVWUCHDJK-NSHDSACASA-N,True,True,True,450.881,3.588,103.88,3,8,6,0.5232,3.56,c1ccc(CNc2cc(N3CCOCC3)nc(Nc3cc[nH]n3)n2)nc1,6,False,False,True,rdkit_reaction_aryl_F
CAND_05b22526e3,rdkit,JAK2_1baaacf4f4,Cc1cc(Nc2nc(N[C@@H](C)c3cc(F)c(F)cn3)c(Cl)c(N3CCOCC3)n2)n[nH]1,VZJQVIODLHAFGW-NSHDSACASA-N,True,True,True,450.881,3.588,103.88,3,8,6,0.5232,3.56,c1ccc(CNc2cc(N3CCOCC3)nc(Nc3cc[nH]n3)n2)nc1,6,False,False,True,rdkit_reaction_aryl_F
CAND_f08ed1f622,rdkit,JAK2_1baaacf4f4,Cc1cc(Nc2nc(N[C@@H](C)c3ccc(F)c(F)n3)c(Cl)c(N3CCOCC3)n2)n[nH]1,BVEIYMNJNRYLCC-NSHDSACASA-N,True,True,True,450.881,3.588,103.88,3,8,6,0.4894,3.56,c1ccc(CNc2cc(N3CCOCC3)nc(Nc3cc[nH]n3)n2)nc1,6,False,False,True,rdkit_reaction_aryl_F
CAND_9f794d87b1,rdkit,JAK2_1baaacf4f4,Cc1[nH]nc(Nc2nc(N[C@@H](C)c3ccc(F)cn3)c(Cl)c(N3CCOCC3)n2)c1Cl,PQIULDJSDPPVMC-JTQLQIEISA-N,True,True,True,467.336,4.1023,103.88,3,8,6,0.4981,3.652,c1ccc(CNc2cc(N3CCOCC3)nc(Nc3cc[nH]n3)n2)nc1,6,False,False,True,rdkit_reaction_aryl_Cl
CAND_d417ab65ea,rdkit,JAK2_3fc0ebe287,CONC(=O)c1c(F)c2c(N[C@@H](C)c3ccccc3)nc(-n3cnc4ccncc43)nc2n1C,MFUBVXNEQAKREB-ZDUSSCGKSA-N,True,True,True,460.473,3.3056,111.78,2,7,6,0.374,3.814,c1ccc(CNc2nc(-n3cnc4ccncc43)nc3[nH]ccc23)cc1,6,False,False,True,rdkit_reaction_aryl_F
CAND_d18f764142,rdkit,JAK2_3fc0ebe287,CONC(=O)c1cc2c(N[C@@H](C)c3ccccc3F)nc(-n3cnc4ccncc43)nc2n1C,VHLNJSPPKMDPFX-ZDUSSCGKSA-N,True,True,True,460.473,3.3056,111.78,2,7,6,0.374,3.814,c1ccc(CNc2nc(-n3cnc4ccncc43)nc3[nH]ccc23)cc1,6,False,False,True,rdkit_reaction_aryl_F
CAND_7424dd485d,rdkit,JAK2_3fc0ebe287,CONC(=O)c1cc2c(N[C@@H](C)c3cccc(F)c3)nc(-n3cnc4ccncc43)nc2n1C,VISVEZVWLDSTIV-ZDUSSCGKSA-N,True,True,True,460.473,3.3056,111.78,2,7,6,0.374,3.814,c1ccc(CNc2nc(-n3cnc4ccncc43)nc3[nH]ccc23)cc1,6,False,False,True,rdkit_reaction_aryl_F
CAND_1969729e23,rdkit,JAK2_3fc0ebe287,CONC(=O)c1cc2c(N[C@@H](C)c3ccc(F)cc3)nc(-n3cnc4ccncc43)nc2n1C,GPOTWDDHGJVXHL-ZDUSSCGKSA-N,True,True,True,460.473,3.3056,111.78,2,7,6,0.374,3.814,c1ccc(CNc2nc(-n3cnc4ccncc43)nc3[nH]ccc23)cc1,6,False,False,True,rdkit_reaction_aryl_F
CAND_e38009f229,rdkit,JAK2_3fc0ebe287,CONC(=O)c1cc2c(N[C@@H](C)c3ccccc3)nc(-n3c(F)nc4ccncc43)nc2n1C,SRAXZRKZWPFUCY-ZDUSSCGKSA-N,True,True,True,460.473,3.3056,111.78,2,7,6,0.374,3.814,c1ccc(CNc2nc(-n3cnc4ccncc43)nc3[nH]ccc23)cc1,6,False,False,True,rdkit_reaction_aryl_F
CAND_af1436d096,rdkit,JAK2_640f6a716a,COc1cc(Nc2ncc(F)c(Nc3ccc4c(n3)NC(=O)C(C)(C)O4)n2)c(F)c(OC)c1OC,KSUABKIXWJEBEW-UHFFFAOYSA-N,True,True,True,488.451,3.7723,128.75,3,10,7,0.452,3.644,O=C1COc2ccc(Nc3ccnc(Nc4ccccc4)n3)nc2N1,6,False,False,True,rdkit_reaction_aryl_F
CAND_75136cc672,rdkit,JAK2_640f6a716a,COc1cc(Nc2nc(F)c(F)c(Nc3ccc4c(n3)NC(=O)C(C)(C)O4)n2)cc(OC)c1OC,NJBGAXSLXAXSQX-UHFFFAOYSA-N,True,True,True,488.451,3.7723,128.75,3,10,7,0.4228,3.644,O=C1COc2ccc(Nc3ccnc(Nc4ccccc4)n3)nc2N1,6,False,False,True,rdkit_reaction_aryl_F
CAND_fef1fa23ca,rdkit,JAK2_640f6a716a,COc1cc(Nc2ncc(F)c(Nc3nc4c(cc3F)OC(C)(C)C(=O)N4)n2)cc(OC)c1OC,ZCILVGITQMCREM-UHFFFAOYSA-N,True,True,True,488.451,3.7723,128.75,3,10,7,0.452,3.644,O=C1COc2ccc(Nc3ccnc(Nc4ccccc4)n3)nc2N1,6,False,False,True,rdkit_reaction_aryl_F
CAND_1e91370286,rdkit,JAK2_640f6a716a,COc1cc(Nc2ncc(F)c(Nc3cc(F)c4c(n3)NC(=O)C(C)(C)O4)n2)cc(OC)c1OC,VVZSPVSFAKXDKP-UHFFFAOYSA-N,True,True,True,488.451,3.7723,128.75,3,10,7,0.452,3.644,O=C1COc2ccc(Nc3ccnc(Nc4ccccc4)n3)nc2N1,6,False,False,True,rdkit_reaction_aryl_F
CAND_ea55201e3d,rdkit,JAK2_640f6a716a,COc1cc(Nc2ncc(F)c(Nc3ccc4c(n3)NC(=O)C(C)(C)O4)n2)c(Cl)c(OC)c1OC,UTAXJMXVDYMNMK-UHFFFAOYSA-N,True,True,True,504.906,4.2866,128.75,3,10,7,0.4283,3.736,O=C1COc2ccc(Nc3ccnc(Nc4ccccc4)n3)nc2N1,6,False,False,True,rdkit_reaction_aryl_Cl
CAND_52e4915487,rdkit,JAK2_c4b25f65b1,Nc1nn2c(F)ccnc2c1-c1cc(NCc2ccccc2)ncn1,UOUVYDZPOPOICV-UHFFFAOYSA-N,True,True,True,335.346,2.5197,94.02,2,6,4,0.5566,2.5,c1ccc(CNc2cc(-c3cnn4cccnc34)ncn2)cc1,6,False,False,True,rdkit_reaction_aryl_F
CAND_fd01937851,rdkit,JAK2_c4b25f65b1,Nc1nn2cc(F)cnc2c1-c1cc(NCc2ccccc2)ncn1,STTXATZTEYVGKH-UHFFFAOYSA-N,True,True,True,335.346,2.5197,94.02,2,6,4,0.595,2.5,c1ccc(CNc2cc(-c3cnn4cccnc34)ncn2)cc1,6,False,False,True,rdkit_reaction_aryl_F
CAND_dd4a2d6cbe,rdkit,JAK2_c4b25f65b1,Nc1nn2ccc(F)nc2c1-c1cc(NCc2ccccc2)ncn1,GBEWAWVJTBMILT-UHFFFAOYSA-N,True,True,True,335.346,2.5197,94.02,2,6,4,0.5566,2.5,c1ccc(CNc2cc(-c3cnn4cccnc34)ncn2)cc1,6,False,False,True,rdkit_reaction_aryl_F
CAND_373d2b405a,rdkit,JAK2_c4b25f65b1,Nc1nn2cccnc2c1-c1ncnc(NCc2ccccc2)c1F,JWPSPWUHGPLLOM-UHFFFAOYSA-N,True,True,True,335.346,2.5197,94.02,2,6,4,0.595,2.5,c1ccc(CNc2cc(-c3cnn4cccnc34)ncn2)cc1,6,False,False,True,rdkit_reaction_aryl_F
CAND_93f5157e93,rdkit,JAK2_c4b25f65b1,Nc1nn2cccnc2c1-c1cc(NCc2ccccc2F)ncn1,BERYOGYYFZTWBT-UHFFFAOYSA-N,True,True,True,335.346,2.5197,94.02,2,6,4,0.595,2.5,c1ccc(CNc2cc(-c3cnn4cccnc34)ncn2)cc1,6,False,False,True,rdkit_reaction_aryl_F
CAND_f9aa959441,rdkit,JAK2_10be027f63,Cc1[nH]nc(Nc2nc(N3CCN(C(=O)c4ccccc4C#N)CC3)nn3cccc23)c1F,UQHYVGGXEOXICU-UHFFFAOYSA-N,True,True,True,445.462,2.4776,118.24,2,7,4,0.4954,3.23,O=C(c1ccccc1)N1CCN(c2nc(Nc3cc[nH]n3)c3cccn3n2)CC1,6,False,False,True,rdkit_reaction_aryl_F
CAND_8d7d12eb9a,rdkit,JAK2_10be027f63,Cc1cc(Nc2nc(N3CCN(C(=O)c4c(F)cccc4C#N)CC3)nn3cccc23)n[nH]1,VRZZINBZDNWKTN-UHFFFAOYSA-N,True,True,True,445.462,2.4776,118.24,2,7,4,0.4954,3.23,O=C(c1ccccc1)N1CCN(c2nc(Nc3cc[nH]n3)c3cccn3n2)CC1,6,False,False,True,rdkit_reaction_aryl_F
CAND_b7807aabb5,rdkit,JAK2_10be027f63,Cc1cc(Nc2nc(N3CCN(C(=O)c4cc(F)ccc4C#N)CC3)nn3cccc23)n[nH]1,MIJORZDQTAFQNE-UHFFFAOYSA-N,True,True,True,445.462,2.4776,118.24,2,7,4,0.4954,3.23,O=C(c1ccccc1)N1CCN(c2nc(Nc3cc[nH]n3)c3cccn3n2)CC1,6,False,False,True,rdkit_reaction_aryl_F
CAND_18eef4ad1e,rdkit,JAK2_10be027f63,Cc1cc(Nc2nc(N3CCN(C(=O)c4ccc(F)cc4C#N)CC3)nn3cccc23)n[nH]1,ROZBEPUKHXPKBB-UHFFFAOYSA-N,True,True,True,445.462,2.4776,118.24,2,7,4,0.4954,3.23,O=C(c1ccccc1)N1CCN(c2nc(Nc3cc[nH]n3)c3cccn3n2)CC1,6,False,False,True,rdkit_reaction_aryl_F
CAND_e3c898d382,rdkit,JAK2_10be027f63,Cc1cc(Nc2nc(N3CCN(C(=O)c4cccc(F)c4C#N)CC3)nn3cccc23)n[nH]1,PXYOIOOEGNGWOJ-UHFFFAOYSA-N,True,True,True,445.462,2.4776,118.24,2,7,4,0.4954,3.23,O=C(c1ccccc1)N1CCN(c2nc(Nc3cc[nH]n3)c3cccn3n2)CC1,6,False,False,True,rdkit_reaction_aryl_F
CAND_bee816ca23,rdkit,JAK2_a6956eeec1,CS(=O)(=O)Nc1ccc(-c2ccnc(Nc3ccc(N4CCC(O)CC4)cc3)n2)cc1F,RNFIUPCGJBWWHA-UHFFFAOYSA-N,True,True,True,457.531,3.3589,107.45,3,7,6,0.521,3.347,c1ccc(-c2ccnc(Nc3ccc(N4CCCCC4)cc3)n2)cc1,6,False,False,True,rdkit_reaction_aryl_F
CAND_595764f774,rdkit,JAK2_a6956eeec1,CS(=O)(=O)Nc1ccc(-c2ccnc(Nc3ccc(N4CCC(O)CC4)cc3)n2)c(F)c1,YDMOCYYKYYTWED-UHFFFAOYSA-N,True,True,True,457.531,3.3589,107.45,3,7,6,0.521,3.347,c1ccc(-c2ccnc(Nc3ccc(N4CCCCC4)cc3)n2)cc1,6,False,False,True,rdkit_reaction_aryl_F
CAND_70d8a67c17,rdkit,JAK2_a6956eeec1,CS(=O)(=O)Nc1ccc(-c2nc(Nc3ccc(N4CCC(O)CC4)cc3)ncc2F)cc1,GSKNPCXVHVEEQQ-UHFFFAOYSA-N,True,True,True,457.531,3.3589,107.45,3,7,6,0.521,3.347,c1ccc(-c2ccnc(Nc3ccc(N4CCCCC4)cc3)n2)cc1,6,False,False,True,rdkit_reaction_aryl_F
CAND_9a90850231,rdkit,JAK2_a6956eeec1,CS(=O)(=O)Nc1ccc(-c2cc(F)nc(Nc3ccc(N4CCC(O)CC4)cc3)n2)cc1,DLNDLAWYSIOPHG-UHFFFAOYSA-N,True,True,True,457.531,3.3589,107.45,3,7,6,0.4873,3.347,c1ccc(-c2ccnc(Nc3ccc(N4CCCCC4)cc3)n2)cc1,6,False,False,True,rdkit_reaction_aryl_F
CAND_a777e7eded,rdkit,JAK2_a6956eeec1,CS(=O)(=O)Nc1ccc(-c2ccnc(Nc3ccc(N4CCC(O)CC4)cc3F)n2)cc1,XNXGVPMMFSYRHB-UHFFFAOYSA-N,True,True,True,457.531,3.3589,107.45,3,7,6,0.521,3.347,c1ccc(-c2ccnc(Nc3ccc(N4CCCCC4)cc3)n2)cc1,6,False,False,True,rdkit_reaction_aryl_F
CAND_b6ca05fdc3,rdkit,JAK2_6635ff8a33,NC(=O)CN1CCC(c2ccc(Nc3ncc4ccc(-c5cccc6cccnc56)n4n3)cc2F)CC1,FFPQIPDDJOQASQ-UHFFFAOYSA-N,True,True,True,495.562,4.4919,101.44,2,6,6,0.3599,3.759,c1cnc2c(-c3ccc4cnc(Nc5ccc(C6CCNCC6)cc5)nn34)cccc2c1,6,False,False,True,rdkit_reaction_aryl_F
CAND_50a3b2ce93,rdkit,JAK2_6635ff8a33,NC(=O)CN1CCC(c2ccc(Nc3ncc4ccc(-c5cccc6cccnc56)n4n3)c(F)c2)CC1,SBZHLCMSIHTTGJ-UHFFFAOYSA-N,True,True,True,495.562,4.4919,101.44,2,6,6,0.3599,3.759,c1cnc2c(-c3ccc4cnc(Nc5ccc(C6CCNCC6)cc5)nn34)cccc2c1,6,False,False,True,rdkit_reaction_aryl_F
CAND_b7be9867af,rdkit,JAK2_6635ff8a33,NC(=O)CN1CCC(c2ccc(Nc3nc(F)c4ccc(-c5cccc6cccnc56)n4n3)cc2)CC1,STAKPYAXEOSCMW-UHFFFAOYSA-N,True,True,True,495.562,4.4919,101.44,2,6,6,0.3599,3.759,c1cnc2c(-c3ccc4cnc(Nc5ccc(C6CCNCC6)cc5)nn34)cccc2c1,6,False,False,True,rdkit_reaction_aryl_F
CAND_a56897cc1c,rdkit,JAK2_6635ff8a33,NC(=O)CN1CCC(c2ccc(Nc3ncc4c(F)cc(-c5cccc6cccnc56)n4n3)cc2)CC1,XHQQNZQDLHIZNX-UHFFFAOYSA-N,True,True,True,495.562,4.4919,101.44,2,6,6,0.3599,3.759,c1cnc2c(-c3ccc4cnc(Nc5ccc(C6CCNCC6)cc5)nn34)cccc2c1,6,False,False,True,rdkit_reaction_aryl_F
CAND_3963bfaf35,rdkit,JAK2_6635ff8a33,NC(=O)CN1CCC(c2ccc(Nc3ncc4cc(F)c(-c5cccc6cccnc56)n4n3)cc2)CC1,JLTNMIURHLQDFZ-UHFFFAOYSA-N,True,True,True,495.562,4.4919,101.44,2,6,6,0.3599,3.759,c1cnc2c(-c3ccc4cnc(Nc5ccc(C6CCNCC6)cc5)nn34)cccc2c1,6,False,False,True,rdkit_reaction_aryl_F
CAND_71f0cdaf9e,rdkit,JAK2_99cc6f9557,CC(=O)Nc1ccc(-c2ccnc(Nc3cccc(N4CCCCC4)c3)n2)cc1F,ZBALYTAHNNIMNC-UHFFFAOYSA-N,True,True,True,405.477,4.975,70.15,2,5,5,0.6268,2.933,c1ccc(-c2ccnc(Nc3cccc(N4CCCCC4)c3)n2)cc1,6,False,False,True,rdkit_reaction_aryl_F
CAND_4eb6bbc511,rdkit,JAK2_99cc6f9557,CC(=O)Nc1ccc(-c2ccnc(Nc3cccc(N4CCCCC4)c3)n2)c(F)c1,URTFBSJWGLDEQJ-UHFFFAOYSA-N,True,True,True,405.477,4.975,70.15,2,5,5,0.6268,2.933,c1ccc(-c2ccnc(Nc3cccc(N4CCCCC4)c3)n2)cc1,6,False,False,True,rdkit_reaction_aryl_F
CAND_a55332ca01,rdkit,JAK2_99cc6f9557,CC(=O)Nc1ccc(-c2nc(Nc3cccc(N4CCCCC4)c3)ncc2F)cc1,ASECOTQCTSKJQX-UHFFFAOYSA-N,True,True,True,405.477,4.975,70.15,2,5,5,0.6268,2.933,c1ccc(-c2ccnc(Nc3cccc(N4CCCCC4)c3)n2)cc1,6,False,False,True,rdkit_reaction_aryl_F
CAND_b2a027efd2,rdkit,JAK2_99cc6f9557,CC(=O)Nc1ccc(-c2cc(F)nc(Nc3cccc(N4CCCCC4)c3)n2)cc1,KCAONZTYSQPVSC-UHFFFAOYSA-N,True,True,True,405.477,4.975,70.15,2,5,5,0.5864,2.933,c1ccc(-c2ccnc(Nc3cccc(N4CCCCC4)c3)n2)cc1,6,False,False,True,rdkit_reaction_aryl_F
CAND_f118fe5898,rdkit,JAK2_99cc6f9557,CC(=O)Nc1ccc(-c2ccnc(Nc3cc(N4CCCCC4)ccc3F)n2)cc1,CSZIMFHPXDKUNC-UHFFFAOYSA-N,True,True,True,405.477,4.975,70.15,2,5,5,0.6268,2.933,c1ccc(-c2ccnc(Nc3cccc(N4CCCCC4)c3)n2)cc1,6,False,False,True,rdkit_reaction_aryl_F
CAND_f5d81d43ad,rdkit,JAK2_9dc9b86668,CCS(=O)(=O)N1CC(CC#N)(n2ncc(-c3ncnc4[nH]ccc34)c2F)C1,DLWUAFABIYUVDX-UHFFFAOYSA-N,True,True,True,389.416,1.2348,120.56,1,6,5,0.7007,2.844,c1nc(-c2cnn(C3CNC3)c2)c2cc[nH]c2n1,6,False,False,True,rdkit_reaction_aryl_F
CAND_38c83d968c,rdkit,JAK2_9dc9b86668,CCS(=O)(=O)N1CC(CC#N)(n2cc(-c3nc(F)nc4[nH]ccc34)cn2)C1,GHMXBOADAGNYDI-UHFFFAOYSA-N,True,True,True,389.416,1.2348,120.56,1,6,5,0.6555,2.844,c1nc(-c2cnn(C3CNC3)c2)c2cc[nH]c2n1,6,False,False,True,rdkit_reaction_aryl_F
CAND_a9ec8a4d41,rdkit,JAK2_9dc9b86668,CCS(=O)(=O)N1CC(CC#N)(n2cc(-c3ncnc4[nH]c(F)cc34)cn2)C1,IUNPLEUHKYMHGC-UHFFFAOYSA-N,True,True,True,389.416,1.2348,120.56,1,6,5,0.7007,2.844,c1nc(-c2cnn(C3CNC3)c2)c2cc[nH]c2n1,6,False,False,True,rdkit_reaction_aryl_F
CAND_6275e05bc4,rdkit,JAK2_9dc9b86668,CCS(=O)(=O)N1CC(CC#N)(n2cc(-c3ncnc4[nH]cc(F)c34)cn2)C1,PCSRKWSGMYRWQT-UHFFFAOYSA-N,True,True,True,389.416,1.2348,120.56,1,6,5,0.7007,2.844,c1nc(-c2cnn(C3CNC3)c2)c2cc[nH]c2n1,6,False,False,True,rdkit_reaction_aryl_F
CAND_20f3d5a2cb,rdkit,JAK2_9dc9b86668,CCS(=O)(=O)N1CC(CC#N)(n2cc(-c3ncnc4[nH]ccc34)c(F)n2)C1,VMMMTNWWHRSEJG-UHFFFAOYSA-N,True,True,True,389.416,1.2348,120.56,1,6,5,0.7007,2.844,c1nc(-c2cnn(C3CNC3)c2)c2cc[nH]c2n1,6,False,False,True,rdkit_reaction_aryl_F
CAND_610054d3c7,rdkit,JAK2_52b2cf11d9,CN1CCN(c2ncc(-c3cnc4cccc(-c5cc(F)c(CN6CCS(=O)(=O)CC6)c(F)c5)c4n3)cc2F)CC1,HPODUAYPMPTEMF-UHFFFAOYSA-N,True,True,True,582.652,3.7583,82.53,0,8,5,0.3521,4.118,O=S1(=O)CCN(Cc2ccc(-c3cccc4ncc(-c5ccc(N6CCNCC6)nc5)nc34)cc2)CC1,6,False,False,True,rdkit_reaction_aryl_F
CAND_188ec9a7fe,rdkit,JAK2_52b2cf11d9,CN1CCN(c2cc(F)c(-c3cnc4cccc(-c5cc(F)c(CN6CCS(=O)(=O)CC6)c(F)c5)c4n3)cn2)CC1,HTTFVVCQRMDNAQ-UHFFFAOYSA-N,True,True,True,582.652,3.7583,82.53,0,8,5,0.3521,4.118,O=S1(=O)CCN(Cc2ccc(-c3cccc4ncc(-c5ccc(N6CCNCC6)nc5)nc34)cc2)CC1,6,False,False,True,rdkit_reaction_aryl_F
CAND_838fe5f7c4,rdkit,JAK2_52b2cf11d9,CN1CCN(c2ccc(-c3nc4c(-c5cc(F)c(CN6CCS(=O)(=O)CC6)c(F)c5)cccc4nc3F)cn2)CC1,DIFFXVIRCQNLIU-UHFFFAOYSA-N,True,True,True,582.652,3.7583,82.53,0,8,5,0.3521,4.118,O=S1(=O)CCN(Cc2ccc(-c3cccc4ncc(-c5ccc(N6CCNCC6)nc5)nc34)cc2)CC1,6,False,False,True,rdkit_reaction_aryl_F
CAND_2e5f809925,rdkit,JAK2_52b2cf11d9,CN1CCN(c2ccc(-c3cnc4c(F)ccc(-c5cc(F)c(CN6CCS(=O)(=O)CC6)c(F)c5)c4n3)cn2)CC1,YCKIUVKJSFFHDE-UHFFFAOYSA-N,True,True,True,582.652,3.7583,82.53,0,8,5,0.3521,4.118,O=S1(=O)CCN(Cc2ccc(-c3cccc4ncc(-c5ccc(N6CCNCC6)nc5)nc34)cc2)CC1,6,False,False,True,rdkit_reaction_aryl_F
CAND_3bae8db332,rdkit,JAK2_52b2cf11d9,CN1CCN(c2ccc(-c3cnc4cc(F)cc(-c5cc(F)c(CN6CCS(=O)(=O)CC6)c(F)c5)c4n3)cn2)CC1,WJBUWFSGJYFRRU-UHFFFAOYSA-N,True,True,True,582.652,3.7583,82.53,0,8,5,0.3521,4.118,O=S1(=O)CCN(Cc2ccc(-c3cccc4ncc(-c5ccc(N6CCNCC6)nc5)nc34)cc2)CC1,6,False,False,True,rdkit_reaction_aryl_F
CAND_20b2e2b6de,rdkit,JAK2_be1b46c1d1,CC(=O)Nc1ccc(-c2ccnc(Nc3cccc(NC(=O)c4ccccc4Cl)c3)n2)cc1F,DBVNWBUWYINKOM-UHFFFAOYSA-N,True,True,True,475.911,5.8904,96.01,3,5,6,0.3229,3.895,O=C(Nc1cccc(Nc2nccc(-c3ccccc3)n2)c1)c1ccccc1,6,False,False,True,rdkit_reaction_aryl_F
CAND_c1d70fd2c2,rdkit,JAK2_be1b46c1d1,CC(=O)Nc1ccc(-c2ccnc(Nc3cccc(NC(=O)c4ccccc4Cl)c3)n2)c(F)c1,IAJQWARIJWPVGV-UHFFFAOYSA-N,True,True,True,475.911,5.8904,96.01,3,5,6,0.3229,3.895,O=C(Nc1cccc(Nc2nccc(-c3ccccc3)n2)c1)c1ccccc1,6,False,False,True,rdkit_reaction_aryl_F
CAND_ba320647ca,rdkit,JAK2_be1b46c1d1,CC(=O)Nc1ccc(-c2nc(Nc3cccc(NC(=O)c4ccccc4Cl)c3)ncc2F)cc1,VPKDQJNEJVJWJH-UHFFFAOYSA-N,True,True,True,475.911,5.8904,96.01,3,5,6,0.3229,3.895,O=C(Nc1cccc(Nc2nccc(-c3ccccc3)n2)c1)c1ccccc1,6,False,False,True,rdkit_reaction_aryl_F
CAND_bb400d6e13,rdkit,JAK2_be1b46c1d1,CC(=O)Nc1ccc(-c2cc(F)nc(Nc3cccc(NC(=O)c4ccccc4Cl)c3)n2)cc1,JRHXLKRVZRXTDX-UHFFFAOYSA-N,True,True,True,475.911,5.8904,96.01,3,5,6,0.302,3.895,O=C(Nc1cccc(Nc2nccc(-c3ccccc3)n2)c1)c1ccccc1,6,False,False,True,rdkit_reaction_aryl_F
CAND_79459679dd,rdkit,JAK2_be1b46c1d1,CC(=O)Nc1ccc(-c2ccnc(Nc3cc(NC(=O)c4ccccc4Cl)ccc3F)n2)cc1,AZYHHWGYEIOLKF-UHFFFAOYSA-N,True,True,True,475.911,5.8904,96.01,3,5,6,0.3229,3.895,O=C(Nc1cccc(Nc2nccc(-c3ccccc3)n2)c1)c1ccccc1,6,False,False,True,rdkit_reaction_aryl_F
CAND_cac205a66d,rdkit,JAK2_2113e5b7eb,O=c1[nH]c(F)cc2c(Nc3c(F)cc(F)cc3F)nc3ccncc3c12,UHUIIFPTSUZBEJ-UHFFFAOYSA-N,True,True,True,360.27,3.7713,70.67,2,4,2,0.3243,2.307,O=c1[nH]ccc2c(Nc3ccccc3)nc3ccncc3c12,6,False,False,True,rdkit_reaction_aryl_F
CAND_c881a09760,rdkit,JAK2_2113e5b7eb,O=c1[nH]cc(F)c2c(Nc3c(F)cc(F)cc3F)nc3ccncc3c12,MEVQICKKUKDYHS-UHFFFAOYSA-N,True,True,True,360.27,3.7713,70.67,2,4,2,0.4217,2.307,O=c1[nH]ccc2c(Nc3ccccc3)nc3ccncc3c12,6,False,False,True,rdkit_reaction_aryl_F
CAND_3c8cbef60c,rdkit,JAK2_2113e5b7eb,O=c1[nH]ccc2c(Nc3c(F)cc(F)c(F)c3F)nc3ccncc3c12,GITBRWHVMQXXFV-UHFFFAOYSA-N,True,True,True,360.27,3.7713,70.67,2,4,2,0.2471,2.307,O=c1[nH]ccc2c(Nc3ccccc3)nc3ccncc3c12,6,False,False,True,rdkit_reaction_aryl_F
CAND_18a527718d,rdkit,JAK2_2113e5b7eb,O=c1[nH]ccc2c(Nc3c(F)cc(F)cc3F)nc3c(F)cncc3c12,RDYXUKRAYLNXRP-UHFFFAOYSA-N,True,True,True,360.27,3.7713,70.67,2,4,2,0.4217,2.307,O=c1[nH]ccc2c(Nc3ccccc3)nc3ccncc3c12,6,False,False,True,rdkit_reaction_aryl_F
CAND_91b2bf705e,rdkit,JAK2_2113e5b7eb,O=c1[nH]ccc2c(Nc3c(F)cc(F)cc3F)nc3cc(F)ncc3c12,ZMWAKVXHDRDYND-UHFFFAOYSA-N,True,True,True,360.27,3.7713,70.67,2,4,2,0.3243,2.307,O=c1[nH]ccc2c(Nc3ccccc3)nc3ccncc3c12,6,False,False,True,rdkit_reaction_aryl_F
CAND_cc2244a62e,rdkit,JAK2_81b37eaffc,C[C@H](Nc1nc(-n2cnc3ccncc32)nc(N(C)C)c1F)c1ccccc1,OLQQJCTUGLWELB-ZDUSSCGKSA-N,True,True,True,377.427,3.5887,71.76,1,6,5,0.5731,3.027,c1ccc(CNc2ccnc(-n3cnc4ccncc43)n2)cc1,6,False,False,True,rdkit_reaction_aryl_F
CAND_ecc7f4e0e9,rdkit,JAK2_81b37eaffc,C[C@H](Nc1cc(N(C)C)nc(-n2c(F)nc3ccncc32)n1)c1ccccc1,YWGKYMPVWRPEEQ-ZDUSSCGKSA-N,True,True,True,377.427,3.5887,71.76,1,6,5,0.5731,3.027,c1ccc(CNc2ccnc(-n3cnc4ccncc43)n2)cc1,6,False,False,True,rdkit_reaction_aryl_F
CAND_9841b99e2f,rdkit,JAK2_81b37eaffc,C[C@H](Nc1cc(N(C)C)nc(-n2cnc3c(F)cncc32)n1)c1ccccc1,YBVQXALEQIBWEE-ZDUSSCGKSA-N,True,True,True,377.427,3.5887,71.76,1,6,5,0.5731,3.027,c1ccc(CNc2ccnc(-n3cnc4ccncc43)n2)cc1,6,False,False,True,rdkit_reaction_aryl_F
CAND_ef84ece98d,rdkit,JAK2_81b37eaffc,C[C@H](Nc1cc(N(C)C)nc(-n2cnc3cc(F)ncc32)n1)c1ccccc1,AABSDLZHCKRMSD-ZDUSSCGKSA-N,True,True,True,377.427,3.5887,71.76,1,6,5,0.5361,3.027,c1ccc(CNc2ccnc(-n3cnc4ccncc43)n2)cc1,6,False,False,True,rdkit_reaction_aryl_F
CAND_6c20a5abe6,rdkit,JAK2_81b37eaffc,C[C@H](Nc1cc(N(C)C)nc(-n2cnc3ccnc(F)c32)n1)c1ccccc1,CSPOAHCVKKLNLP-ZDUSSCGKSA-N,True,True,True,377.427,3.5887,71.76,1,6,5,0.5361,3.027,c1ccc(CNc2ccnc(-n3cnc4ccncc43)n2)cc1,6,False,False,True,rdkit_reaction_aryl_F
CAND_8523a2588f,rdkit,JAK2_5e05d7987e,Cc1c(F)nc2nc1-c1cccc(c1)COCC=CCOCc1cc(ccc1OCCN1CCCC1)N2,ZEJJLZNPHMCTPN-UHFFFAOYSA-N,True,True,True,504.606,5.4123,68.74,1,7,4,0.3763,4.965,C1=CCOCc2cc(ccc2OCCN2CCCC2)Nc2nccc(n2)-c2cccc(c2)COC1,18,True,False,True,rdkit_reaction_aryl_F
CAND_f840af9a73,rdkit,JAK2_5e05d7987e,Cc1cnc2nc1-c1cc(ccc1F)COCC=CCOCc1cc(ccc1OCCN1CCCC1)N2,MQPPUFDDPVNLFA-UHFFFAOYSA-N,True,True,True,504.606,5.4123,68.74,1,7,4,0.4765,4.965,C1=CCOCc2cc(ccc2OCCN2CCCC2)Nc2nccc(n2)-c2cccc(c2)COC1,18,True,False,True,rdkit_reaction_aryl_F
CAND_194655e3a9,rdkit,JAK2_5e05d7987e,Cc1cnc2nc1-c1cc(F)cc(c1)COCC=CCOCc1cc(ccc1OCCN1CCCC1)N2,GXZUTHMNIUBAGM-UHFFFAOYSA-N,True,True,True,504.606,5.4123,68.74,1,7,4,0.4765,4.965,C1=CCOCc2cc(ccc2OCCN2CCCC2)Nc2nccc(n2)-c2cccc(c2)COC1,18,True,False,True,rdkit_reaction_aryl_F
CAND_6cb6de64b7,rdkit,JAK2_5e05d7987e,Cc1cnc2nc1-c1ccc(F)c(c1)COCC=CCOCc1cc(ccc1OCCN1CCCC1)N2,UGHOKSXABJSGHR-UHFFFAOYSA-N,True,True,True,504.606,5.4123,68.74,1,7,4,0.4765,4.965,C1=CCOCc2cc(ccc2OCCN2CCCC2)Nc2nccc(n2)-c2cccc(c2)COC1,18,True,False,True,rdkit_reaction_aryl_F
CAND_b0380e4555,rdkit,JAK2_5e05d7987e,Cc1cnc2nc1-c1cccc(c1F)COCC=CCOCc1cc(ccc1OCCN1CCCC1)N2,XVZMVLACEKLUIQ-UHFFFAOYSA-N,True,True,True,504.606,5.4123,68.74,1,7,4,0.4765,4.965,C1=CCOCc2cc(ccc2OCCN2CCCC2)Nc2nccc(n2)-c2cccc(c2)COC1,18,True,False,True,rdkit_reaction_aryl_F
CAND_e1f06c3df5,rdkit,JAK2_3647a2142d,Cc1c(C(=O)N2CCN(C)CC2)ccc(-c2cnc3cccc(-c4ccc(CN5CCS(=O)(=O)CC5)cc4)c3n2)c1F,FRHLESCGQLKFFU-UHFFFAOYSA-N,True,True,True,587.721,4.0293,86.71,0,7,5,0.3486,4.146,O=C(c1ccc(-c2cnc3cccc(-c4ccc(CN5CCS(=O)(=O)CC5)cc4)c3n2)cc1)N1CCNCC1,6,False,False,True,rdkit_reaction_aryl_F
CAND_2fd55dbcd5,rdkit,JAK2_3647a2142d,Cc1cc(-c2nc3c(-c4ccc(CN5CCS(=O)(=O)CC5)cc4)cccc3nc2F)ccc1C(=O)N1CCN(C)CC1,LTVJUISLDIQEDV-UHFFFAOYSA-N,True,True,True,587.721,4.0293,86.71,0,7,5,0.3486,4.146,O=C(c1ccc(-c2cnc3cccc(-c4ccc(CN5CCS(=O)(=O)CC5)cc4)c3n2)cc1)N1CCNCC1,6,False,False,True,rdkit_reaction_aryl_F
CAND_85a5b00fd2,rdkit,JAK2_3647a2142d,Cc1cc(-c2cnc3c(F)ccc(-c4ccc(CN5CCS(=O)(=O)CC5)cc4)c3n2)ccc1C(=O)N1CCN(C)CC1,PBZFICRVTYRQND-UHFFFAOYSA-N,True,True,True,587.721,4.0293,86.71,0,7,5,0.3486,4.146,O=C(c1ccc(-c2cnc3cccc(-c4ccc(CN5CCS(=O)(=O)CC5)cc4)c3n2)cc1)N1CCNCC1,6,False,False,True,rdkit_reaction_aryl_F
CAND_e35100e644,rdkit,JAK2_3647a2142d,Cc1cc(-c2cnc3cc(F)cc(-c4ccc(CN5CCS(=O)(=O)CC5)cc4)c3n2)ccc1C(=O)N1CCN(C)CC1,UNOPNKMRSJVUQN-UHFFFAOYSA-N,True,True,True,587.721,4.0293,86.71,0,7,5,0.3486,4.146,O=C(c1ccc(-c2cnc3cccc(-c4ccc(CN5CCS(=O)(=O)CC5)cc4)c3n2)cc1)N1CCNCC1,6,False,False,True,rdkit_reaction_aryl_F
CAND_05ae367ce5,rdkit,JAK2_3647a2142d,Cc1cc(-c2cnc3ccc(F)c(-c4ccc(CN5CCS(=O)(=O)CC5)cc4)c3n2)ccc1C(=O)N1CCN(C)CC1,XUAGASDETFYLGU-UHFFFAOYSA-N,True,True,True,587.721,4.0293,86.71,0,7,5,0.3486,4.146,O=C(c1ccc(-c2cnc3cccc(-c4ccc(CN5CCS(=O)(=O)CC5)cc4)c3n2)cc1)N1CCNCC1,6,False,False,True,rdkit_reaction_aryl_F
CAND_13b5b47176,rdkit,JAK2_2dc2722230,Fc1cc(-c2cccc3ncc(-c4cnn(C5CCNCC5)c4)nc23)c(F)c(F)c1CN1CCOCC1,GIPIWUBTDDPZCO-UHFFFAOYSA-N,True,True,True,508.548,4.3343,68.1,1,6,5,0.405,3.706,c1cc(-c2ccc(CN3CCOCC3)cc2)c2nc(-c3cnn(C4CCNCC4)c3)cnc2c1,6,False,False,True,rdkit_reaction_aryl_F
CAND_0ff3fa77cb,rdkit,JAK2_2dc2722230,Fc1cc(-c2c(F)ccc3ncc(-c4cnn(C5CCNCC5)c4)nc23)cc(F)c1CN1CCOCC1,DNHXPJAGJWHUOL-UHFFFAOYSA-N,True,True,True,508.548,4.3343,68.1,1,6,5,0.4329,3.706,c1cc(-c2ccc(CN3CCOCC3)cc2)c2nc(-c3cnn(C4CCNCC4)c3)cnc2c1,6,False,False,True,rdkit_reaction_aryl_F
CAND_17f46e7ded,rdkit,JAK2_2dc2722230,Fc1cc(-c2cc(F)c(CN3CCOCC3)c(F)c2)c2nc(-c3cnn(C4CCNCC4)c3)cnc2c1,WPZQNXVRFFFJPA-UHFFFAOYSA-N,True,True,True,508.548,4.3343,68.1,1,6,5,0.4329,3.706,c1cc(-c2ccc(CN3CCOCC3)cc2)c2nc(-c3cnn(C4CCNCC4)c3)cnc2c1,6,False,False,True,rdkit_reaction_aryl_F
CAND_2067662104,rdkit,JAK2_2dc2722230,Fc1cc(-c2ccc(F)c3ncc(-c4cnn(C5CCNCC5)c4)nc23)cc(F)c1CN1CCOCC1,DDLFVRQIJIPSNV-UHFFFAOYSA-N,True,True,True,508.548,4.3343,68.1,1,6,5,0.4329,3.706,c1cc(-c2ccc(CN3CCOCC3)cc2)c2nc(-c3cnn(C4CCNCC4)c3)cnc2c1,6,False,False,True,rdkit_reaction_aryl_F
CAND_068407d51f,rdkit,JAK2_2dc2722230,Fc1cc(-c2cccc3nc(F)c(-c4cnn(C5CCNCC5)c4)nc23)cc(F)c1CN1CCOCC1,BVFXBTCSHJOMBR-UHFFFAOYSA-N,True,True,True,508.548,4.3343,68.1,1,6,5,0.4329,3.706,c1cc(-c2ccc(CN3CCOCC3)cc2)c2nc(-c3cnn(C4CCNCC4)c3)cnc2c1,6,False,False,True,rdkit_reaction_aryl_F
CAND_91f995b822,rdkit,JAK2_1ca43c17b9,Cc1[nH]nc(Nc2nc(N3CCN(C(=O)c4ccccc4Cl)CC3)nn3cccc23)c1F,KAENOCVPWUOPMZ-UHFFFAOYSA-N,True,True,True,454.897,3.2593,94.45,2,6,4,0.4913,3.283,O=C(c1ccccc1)N1CCN(c2nc(Nc3cc[nH]n3)c3cccn3n2)CC1,6,False,False,True,rdkit_reaction_aryl_F
CAND_be73abae9a,rdkit,JAK2_1ca43c17b9,Cc1cc(Nc2nc(N3CCN(C(=O)c4c(F)cccc4Cl)CC3)nn3cccc23)n[nH]1,HCMKGSGKEUUNFM-UHFFFAOYSA-N,True,True,True,454.897,3.2593,94.45,2,6,4,0.4913,3.283,O=C(c1ccccc1)N1CCN(c2nc(Nc3cc[nH]n3)c3cccn3n2)CC1,6,False,False,True,rdkit_reaction_aryl_F
CAND_8ad0164462,rdkit,JAK2_1ca43c17b9,Cc1cc(Nc2nc(N3CCN(C(=O)c4cc(F)ccc4Cl)CC3)nn3cccc23)n[nH]1,YMTLMUKYIPFBJV-UHFFFAOYSA-N,True,True,True,454.897,3.2593,94.45,2,6,4,0.4913,3.283,O=C(c1ccccc1)N1CCN(c2nc(Nc3cc[nH]n3)c3cccn3n2)CC1,6,False,False,True,rdkit_reaction_aryl_F
CAND_e3898fc220,rdkit,JAK2_1ca43c17b9,Cc1cc(Nc2nc(N3CCN(C(=O)c4ccc(F)cc4Cl)CC3)nn3cccc23)n[nH]1,GUJMUKFUNHQUHU-UHFFFAOYSA-N,True,True,True,454.897,3.2593,94.45,2,6,4,0.4913,3.283,O=C(c1ccccc1)N1CCN(c2nc(Nc3cc[nH]n3)c3cccn3n2)CC1,6,False,False,True,rdkit_reaction_aryl_F
CAND_435493a899,rdkit,JAK2_1ca43c17b9,Cc1cc(Nc2nc(N3CCN(C(=O)c4cccc(F)c4Cl)CC3)nn3cccc23)n[nH]1,MDFSZMBDVSPZPK-UHFFFAOYSA-N,True,True,True,454.897,3.2593,94.45,2,6,4,0.4913,3.283,O=C(c1ccccc1)N1CCN(c2nc(Nc3cc[nH]n3)c3cccn3n2)CC1,6,False,False,True,rdkit_reaction_aryl_F
CAND_5fafe1a785,rdkit,JAK2_522c241c10,Fc1c2ccc(OCCN3CCCC3)c1COC/C=C/COCc1ccc(s1)-c1ccnc(n1)N2,AMDSMNUYHKRZML-ONEGZZNKSA-N,True,True,True,496.608,5.1654,68.74,1,8,4,0.5002,4.797,C1=C/COCc2cc(ccc2OCCN2CCCC2)Nc2nccc(n2)-c2ccc(s2)COC/1,18,True,False,True,rdkit_reaction_aryl_F
CAND_9fea68e673,rdkit,JAK2_522c241c10,Fc1cc(OCCN2CCCC2)c2cc1Nc1nccc(n1)-c1ccc(s1)COC/C=C/COC2,PXUSNNQCMMRIMH-ONEGZZNKSA-N,True,True,True,496.608,5.1654,68.74,1,8,4,0.5002,4.797,C1=C/COCc2cc(ccc2OCCN2CCCC2)Nc2nccc(n2)-c2ccc(s2)COC/1,18,True,False,True,rdkit_reaction_aryl_F
CAND_aff4310213,rdkit,JAK2_522c241c10,Fc1cc2cc(c1OCCN1CCCC1)COC/C=C/COCc1ccc(s1)-c1ccnc(n1)N2,SCOQVHTZXIOBCD-ONEGZZNKSA-N,True,True,True,496.608,5.1654,68.74,1,8,4,0.5002,4.797,C1=C/COCc2cc(ccc2OCCN2CCCC2)Nc2nccc(n2)-c2ccc(s2)COC/1,18,True,False,True,rdkit_reaction_aryl_F
CAND_20ac08040f,rdkit,JAK2_522c241c10,Fc1cc2nc(n1)Nc1ccc(OCCN3CCCC3)c(c1)COC/C=C/COCc1ccc-2s1,FOHIMCQHEFJCFA-ONEGZZNKSA-N,True,True,True,496.608,5.1654,68.74,1,8,4,0.395,4.797,C1=C/COCc2cc(ccc2OCCN2CCCC2)Nc2nccc(n2)-c2ccc(s2)COC/1,18,True,False,True,rdkit_reaction_aryl_F
CAND_d80694fd5c,rdkit,JAK2_522c241c10,Fc1cnc2nc1-c1ccc(s1)COC/C=C/COCc1cc(ccc1OCCN1CCCC1)N2,VBECBCOANLRNSW-ONEGZZNKSA-N,True,True,True,496.608,5.1654,68.74,1,8,4,0.5002,4.797,C1=C/COCc2cc(ccc2OCCN2CCCC2)Nc2nccc(n2)-c2ccc(s2)COC/1,18,True,False,True,rdkit_reaction_aryl_F
CAND_e4858bdcfb,rdkit,JAK2_2b858ec493,CC(C)(O)COCc1nc(Nc2sc(-c3c(F)cc(C(C)(C)O)cc3F)cc2C(N)=O)ccc1F,VMEFAKPVLNFNLR-UHFFFAOYSA-N,True,True,True,509.55,4.5848,117.7,4,7,9,0.3354,3.761,c1ccc(-c2ccc(Nc3ccccn3)s2)cc1,6,False,False,True,rdkit_reaction_aryl_F
CAND_d6e19d1164,rdkit,JAK2_2b858ec493,CC(C)(O)COCc1cc(F)cc(Nc2sc(-c3c(F)cc(C(C)(C)O)cc3F)cc2C(N)=O)n1,VRGUZXSMMYQBHH-UHFFFAOYSA-N,True,True,True,509.55,4.5848,117.7,4,7,9,0.3354,3.761,c1ccc(-c2ccc(Nc3ccccn3)s2)cc1,6,False,False,True,rdkit_reaction_aryl_F
CAND_c3e38186cd,rdkit,JAK2_2b858ec493,CC(C)(O)COCc1ccc(F)c(Nc2sc(-c3c(F)cc(C(C)(C)O)cc3F)cc2C(N)=O)n1,MGHCNBPMFCUNSN-UHFFFAOYSA-N,True,True,True,509.55,4.5848,117.7,4,7,9,0.3354,3.761,c1ccc(-c2ccc(Nc3ccccn3)s2)cc1,6,False,False,True,rdkit_reaction_aryl_F
CAND_31593a9bf9,rdkit,JAK2_2b858ec493,CC(C)(O)COCc1cccc(Nc2sc(-c3c(F)cc(C(C)(C)O)c(F)c3F)cc2C(N)=O)n1,LMUGMGJKDWMLDI-UHFFFAOYSA-N,True,True,True,509.55,4.5848,117.7,4,7,9,0.3137,3.761,c1ccc(-c2ccc(Nc3ccccn3)s2)cc1,6,False,False,True,rdkit_reaction_aryl_F
CAND_8a660b534d,rdkit,JAK2_2b858ec493,CC(C)(O)COCc1cccc(Nc2sc(-c3c(F)cc(C(C)(C)O)cc3F)c(F)c2C(N)=O)n1,FMKHHNCVHBXARV-UHFFFAOYSA-N,True,True,True,509.55,4.5848,117.7,4,7,9,0.3354,3.761,c1ccc(-c2ccc(Nc3ccccn3)s2)cc1,6,False,False,True,rdkit_reaction_aryl_F
CAND_832f75b1d2,rdkit,JAK2_c4f254cc9f,Nc1nn2c(F)ccnc2c1-c1cc(OCc2ccc(F)cc2)ncn1,LQBFLJVFKXLTIR-UHFFFAOYSA-N,True,True,True,354.32,2.6257,91.22,1,6,4,0.5666,2.524,c1ccc(COc2cc(-c3cnn4cccnc34)ncn2)cc1,6,False,False,True,rdkit_reaction_aryl_F
CAND_8c74f6ee50,rdkit,JAK2_c4f254cc9f,Nc1nn2cc(F)cnc2c1-c1cc(OCc2ccc(F)cc2)ncn1,TXLNYMNRXUTNMJ-UHFFFAOYSA-N,True,True,True,354.32,2.6257,91.22,1,6,4,0.6057,2.524,c1ccc(COc2cc(-c3cnn4cccnc34)ncn2)cc1,6,False,False,True,rdkit_reaction_aryl_F
CAND_e788dd852f,rdkit,JAK2_c4f254cc9f,Nc1nn2ccc(F)nc2c1-c1cc(OCc2ccc(F)cc2)ncn1,WLEVZZSXULHNKM-UHFFFAOYSA-N,True,True,True,354.32,2.6257,91.22,1,6,4,0.5666,2.524,c1ccc(COc2cc(-c3cnn4cccnc34)ncn2)cc1,6,False,False,True,rdkit_reaction_aryl_F
CAND_600be7bdd5,rdkit,JAK2_c4f254cc9f,Nc1nn2cccnc2c1-c1ncnc(OCc2ccc(F)cc2)c1F,UVBYTLKWGAELMD-UHFFFAOYSA-N,True,True,True,354.32,2.6257,91.22,1,6,4,0.6057,2.524,c1ccc(COc2cc(-c3cnn4cccnc34)ncn2)cc1,6,False,False,True,rdkit_reaction_aryl_F
CAND_b97dcaf73f,rdkit,JAK2_c4f254cc9f,Nc1nn2cccnc2c1-c1cc(OCc2ccc(F)cc2F)ncn1,ABZHMAHVDIQWIB-UHFFFAOYSA-N,True,True,True,354.32,2.6257,91.22,1,6,4,0.6057,2.524,c1ccc(COc2cc(-c3cnn4cccnc34)ncn2)cc1,6,False,False,True,rdkit_reaction_aryl_F
CAND_0dc2118d7f,rdkit,JAK2_8953307114,Cc1c(C(=O)N2CCOCC2)ccc(-c2cccc3nc(Nc4ccc(N5CCN(C)CC5)cc4)oc23)c1F,WKCYMQGARXNBPI-UHFFFAOYSA-N,True,True,True,529.616,4.9101,74.08,1,7,5,0.3939,3.823,O=C(c1ccc(-c2cccc3nc(Nc4ccc(N5CCNCC5)cc4)oc23)cc1)N1CCOCC1,6,False,False,True,rdkit_reaction_aryl_F
CAND_2e9e2d6fa8,rdkit,JAK2_8953307114,Cc1cc(-c2c(F)ccc3nc(Nc4ccc(N5CCN(C)CC5)cc4)oc23)ccc1C(=O)N1CCOCC1,WPTISYVUCINYMN-UHFFFAOYSA-N,True,True,True,529.616,4.9101,74.08,1,7,5,0.3939,3.823,O=C(c1ccc(-c2cccc3nc(Nc4ccc(N5CCNCC5)cc4)oc23)cc1)N1CCOCC1,6,False,False,True,rdkit_reaction_aryl_F
CAND_62137b6872,rdkit,JAK2_8953307114,Cc1cc(-c2cc(F)cc3nc(Nc4ccc(N5CCN(C)CC5)cc4)oc23)ccc1C(=O)N1CCOCC1,SMSNZJHSKUJBKA-UHFFFAOYSA-N,True,True,True,529.616,4.9101,74.08,1,7,5,0.3939,3.823,O=C(c1ccc(-c2cccc3nc(Nc4ccc(N5CCNCC5)cc4)oc23)cc1)N1CCOCC1,6,False,False,True,rdkit_reaction_aryl_F
CAND_ebe9cc65ef,rdkit,JAK2_8953307114,Cc1cc(-c2ccc(F)c3nc(Nc4ccc(N5CCN(C)CC5)cc4)oc23)ccc1C(=O)N1CCOCC1,LGCINHDDWFKNJN-UHFFFAOYSA-N,True,True,True,529.616,4.9101,74.08,1,7,5,0.3939,3.823,O=C(c1ccc(-c2cccc3nc(Nc4ccc(N5CCNCC5)cc4)oc23)cc1)N1CCOCC1,6,False,False,True,rdkit_reaction_aryl_F
CAND_a38e1e9e4c,rdkit,JAK2_8953307114,Cc1cc(-c2cccc3nc(Nc4ccc(N5CCN(C)CC5)cc4F)oc23)ccc1C(=O)N1CCOCC1,VRHOGGXKMALCHI-UHFFFAOYSA-N,True,True,True,529.616,4.9101,74.08,1,7,5,0.3939,3.823,O=C(c1ccc(-c2cccc3nc(Nc4ccc(N5CCNCC5)cc4)oc23)cc1)N1CCOCC1,6,False,False,True,rdkit_reaction_aryl_F
CAND_1925343749,rdkit,JAK2_461d9c7add,CC(C)(C)NS(=O)(=O)c1ccc(-c2cc3c(N)ncc(C(=O)NCCO)c3s2)cc1F,VSUAEZBHWQLMRS-UHFFFAOYSA-N,True,True,True,466.56,2.4835,134.41,4,7,6,0.4409,3.148,c1ccc(-c2cc3cnccc3s2)cc1,6,False,False,True,rdkit_reaction_aryl_F
CAND_304980110c,rdkit,JAK2_461d9c7add,CC(C)(C)NS(=O)(=O)c1ccc(-c2cc3c(N)ncc(C(=O)NCCO)c3s2)c(F)c1,DUJYVUZJSQZVOA-UHFFFAOYSA-N,True,True,True,466.56,2.4835,134.41,4,7,6,0.4409,3.148,c1ccc(-c2cc3cnccc3s2)cc1,6,False,False,True,rdkit_reaction_aryl_F
CAND_a57e3ba225,rdkit,JAK2_461d9c7add,CC(C)(C)NS(=O)(=O)c1ccc(-c2sc3c(C(=O)NCCO)cnc(N)c3c2F)cc1,NYFGLAXTBYPVQY-UHFFFAOYSA-N,True,True,True,466.56,2.4835,134.41,4,7,6,0.4409,3.148,c1ccc(-c2cc3cnccc3s2)cc1,6,False,False,True,rdkit_reaction_aryl_F
CAND_303054804e,rdkit,JAK2_461d9c7add,CC(C)(C)NS(=O)(=O)c1ccc(-c2cc3c(N)nc(F)c(C(=O)NCCO)c3s2)cc1,WQPWJCQCXPBXRJ-UHFFFAOYSA-N,True,True,True,466.56,2.4835,134.41,4,7,6,0.4125,3.148,c1ccc(-c2cc3cnccc3s2)cc1,6,False,False,True,rdkit_reaction_aryl_F
CAND_26166c273b,rdkit,JAK2_461d9c7add,CC(C)(C)NS(=O)(=O)c1ccc(-c2cc3c(N)ncc(C(=O)NCCO)c3s2)cc1Cl,INZKXPSCZQTHBS-UHFFFAOYSA-N,True,True,True,483.015,2.9978,134.41,4,7,6,0.4263,3.239,c1ccc(-c2cc3cnccc3s2)cc1,6,False,False,True,rdkit_reaction_aryl_Cl
CAND_7e1ac6aa8c,rdkit,JAK2_0455727edb,CN(C)CCNC(=O)c1c(F)nc(N)c2cc(-c3ccc(S(=O)(=O)NC(C)(C)C)cc3)sc12,GWKSHDGULZCEBS-UHFFFAOYSA-N,True,True,True,493.63,3.0528,117.42,3,7,7,0.4357,3.423,c1ccc(-c2cc3cnccc3s2)cc1,6,False,False,True,rdkit_reaction_aryl_F
CAND_ab53a2ebb3,rdkit,JAK2_0455727edb,CN(C)CCNC(=O)c1cnc(N)c2c(F)c(-c3ccc(S(=O)(=O)NC(C)(C)C)cc3)sc12,OJKMUOAOEDPXOY-UHFFFAOYSA-N,True,True,True,493.63,3.0528,117.42,3,7,7,0.4657,3.423,c1ccc(-c2cc3cnccc3s2)cc1,6,False,False,True,rdkit_reaction_aryl_F
CAND_99a3bbd412,rdkit,JAK2_0455727edb,CN(C)CCNC(=O)c1cnc(N)c2cc(-c3ccc(S(=O)(=O)NC(C)(C)C)cc3F)sc12,JPOXMTOEVQOUFE-UHFFFAOYSA-N,True,True,True,493.63,3.0528,117.42,3,7,7,0.4657,3.423,c1ccc(-c2cc3cnccc3s2)cc1,6,False,False,True,rdkit_reaction_aryl_F
CAND_70844d7e63,rdkit,JAK2_0455727edb,CN(C)CCNC(=O)c1cnc(N)c2cc(-c3ccc(S(=O)(=O)NC(C)(C)C)c(F)c3)sc12,KBAQNTNQDFHSOI-UHFFFAOYSA-N,True,True,True,493.63,3.0528,117.42,3,7,7,0.4657,3.423,c1ccc(-c2cc3cnccc3s2)cc1,6,False,False,True,rdkit_reaction_aryl_F
CAND_202bb82791,rdkit,JAK2_0455727edb,CN(C)CCNC(=O)c1c(Cl)nc(N)c2cc(-c3ccc(S(=O)(=O)NC(C)(C)C)cc3)sc12,CRZWYRBXAKWNNB-UHFFFAOYSA-N,True,True,True,510.085,3.5671,117.42,3,7,7,0.419,3.514,c1ccc(-c2cc3cnccc3s2)cc1,6,False,False,True,rdkit_reaction_aryl_Cl
CAND_637e794d6e,rdkit,JAK2_5d437cebf2,Cc1c(C(=O)N(C)C)ccc(Nc2nc3cccc(-c4ccc(C(=O)N5CCOCC5)cc4)c3o2)c1F,JHILLMOUGABKBS-UHFFFAOYSA-N,True,True,True,502.546,4.8601,87.91,1,6,5,0.4195,3.672,O=C(c1ccc(-c2cccc3nc(Nc4ccccc4)oc23)cc1)N1CCOCC1,6,False,False,True,rdkit_reaction_aryl_F
CAND_349545d835,rdkit,JAK2_5d437cebf2,Cc1cc(Nc2nc3c(F)ccc(-c4ccc(C(=O)N5CCOCC5)cc4)c3o2)ccc1C(=O)N(C)C,HCZMVDNHHSQPFY-UHFFFAOYSA-N,True,True,True,502.546,4.8601,87.91,1,6,5,0.4195,3.672,O=C(c1ccc(-c2cccc3nc(Nc4ccccc4)oc23)cc1)N1CCOCC1,6,False,False,True,rdkit_reaction_aryl_F
CAND_298195c3c8,rdkit,JAK2_5d437cebf2,Cc1cc(Nc2nc3cc(F)cc(-c4ccc(C(=O)N5CCOCC5)cc4)c3o2)ccc1C(=O)N(C)C,DORXHMOSMIBFNG-UHFFFAOYSA-N,True,True,True,502.546,4.8601,87.91,1,6,5,0.4195,3.672,O=C(c1ccc(-c2cccc3nc(Nc4ccccc4)oc23)cc1)N1CCOCC1,6,False,False,True,rdkit_reaction_aryl_F
CAND_acce4057d1,rdkit,JAK2_5d437cebf2,Cc1cc(Nc2nc3ccc(F)c(-c4ccc(C(=O)N5CCOCC5)cc4)c3o2)ccc1C(=O)N(C)C,ILQZZXQPYOWUGQ-UHFFFAOYSA-N,True,True,True,502.546,4.8601,87.91,1,6,5,0.4195,3.672,O=C(c1ccc(-c2cccc3nc(Nc4ccccc4)oc23)cc1)N1CCOCC1,6,False,False,True,rdkit_reaction_aryl_F
CAND_99e9339eeb,rdkit,JAK2_5d437cebf2,Cc1cc(Nc2nc3cccc(-c4ccc(C(=O)N5CCOCC5)cc4F)c3o2)ccc1C(=O)N(C)C,ZWLOUUJFBZLECC-UHFFFAOYSA-N,True,True,True,502.546,4.8601,87.91,1,6,5,0.4195,3.672,O=C(c1ccc(-c2cccc3nc(Nc4ccccc4)oc23)cc1)N1CCOCC1,6,False,False,True,rdkit_reaction_aryl_F
CAND_cdbf00c3b2,rdkit,JAK2_3f9d4c8aea,C[C@H](Nc1nc(-n2cnc3ccncc32)ncc1F)c1ccc(F)cc1,KIDIPAIRCFQPPG-NSHDSACASA-N,True,True,True,352.348,3.6618,68.52,1,5,4,0.607,2.763,c1ccc(CNc2ccnc(-n3cnc4ccncc43)n2)cc1,6,False,False,True,rdkit_reaction_aryl_F
CAND_d6f745d2bf,rdkit,JAK2_3f9d4c8aea,C[C@H](Nc1cc(F)nc(-n2cnc3ccncc32)n1)c1ccc(F)cc1,LUWZLHVRCNLCIK-NSHDSACASA-N,True,True,True,352.348,3.6618,68.52,1,5,4,0.5678,2.763,c1ccc(CNc2ccnc(-n3cnc4ccncc43)n2)cc1,6,False,False,True,rdkit_reaction_aryl_F
CAND_c872f33bf4,rdkit,JAK2_3f9d4c8aea,C[C@H](Nc1ccnc(-n2c(F)nc3ccncc32)n1)c1ccc(F)cc1,SXXOVSGYJWYIRE-NSHDSACASA-N,True,True,True,352.348,3.6618,68.52,1,5,4,0.607,2.763,c1ccc(CNc2ccnc(-n3cnc4ccncc43)n2)cc1,6,False,False,True,rdkit_reaction_aryl_F
CAND_976dccd642,rdkit,JAK2_3f9d4c8aea,C[C@H](Nc1ccnc(-n2cnc3c(F)cncc32)n1)c1ccc(F)cc1,NPNAOEPTGFIPTH-NSHDSACASA-N,True,True,True,352.348,3.6618,68.52,1,5,4,0.607,2.763,c1ccc(CNc2ccnc(-n3cnc4ccncc43)n2)cc1,6,False,False,True,rdkit_reaction_aryl_F
CAND_685bf97a92,rdkit,JAK2_3f9d4c8aea,C[C@H](Nc1ccnc(-n2cnc3cc(F)ncc32)n1)c1ccc(F)cc1,ZOMBNJAOBZBCEH-NSHDSACASA-N,True,True,True,352.348,3.6618,68.52,1,5,4,0.5678,2.763,c1ccc(CNc2ccnc(-n3cnc4ccncc43)n2)cc1,6,False,False,True,rdkit_reaction_aryl_F
CAND_e8ac834396,rdkit,JAK2_9da7b44e3f,NC(=O)c1c(-c2cc(C(F)(F)F)ccc2Cl)[nH]c(-c2ccnc(N)n2)c1F,ANEVTJGBIMPMGG-UHFFFAOYSA-N,True,True,True,399.735,3.6311,110.68,3,4,3,0.5838,2.401,c1ccc(-c2ccc(-c3ccncn3)[nH]2)cc1,6,False,False,True,rdkit_reaction_aryl_F
CAND_11c1cc78ae,rdkit,JAK2_9da7b44e3f,NC(=O)c1cc(-c2nc(N)ncc2F)[nH]c1-c1cc(C(F)(F)F)ccc1Cl,RBICTAJBRYVTOI-UHFFFAOYSA-N,True,True,True,399.735,3.6311,110.68,3,4,3,0.5838,2.401,c1ccc(-c2ccc(-c3ccncn3)[nH]2)cc1,6,False,False,True,rdkit_reaction_aryl_F
CAND_0b9665997f,rdkit,JAK2_9da7b44e3f,NC(=O)c1cc(-c2cc(F)nc(N)n2)[nH]c1-c1cc(C(F)(F)F)ccc1Cl,CKOQWEVSXWVUDT-UHFFFAOYSA-N,True,True,True,399.735,3.6311,110.68,3,4,3,0.461,2.401,c1ccc(-c2ccc(-c3ccncn3)[nH]2)cc1,6,False,False,True,rdkit_reaction_aryl_F
CAND_23cd11e942,rdkit,JAK2_9da7b44e3f,NC(=O)c1cc(-c2ccnc(N)n2)[nH]c1-c1c(Cl)ccc(C(F)(F)F)c1F,RNCWGIUTEOTCNR-UHFFFAOYSA-N,True,True,True,399.735,3.6311,110.68,3,4,3,0.5838,2.401,c1ccc(-c2ccc(-c3ccncn3)[nH]2)cc1,6,False,False,True,rdkit_reaction_aryl_F
CAND_e83e387dd5,rdkit,JAK2_9da7b44e3f,NC(=O)c1cc(-c2ccnc(N)n2)[nH]c1-c1cc(C(F)(F)F)c(F)cc1Cl,XLYROGSZLOACMM-UHFFFAOYSA-N,True,True,True,399.735,3.6311,110.68,3,4,3,0.5838,2.401,c1ccc(-c2ccc(-c3ccncn3)[nH]2)cc1,6,False,False,True,rdkit_reaction_aryl_F
CAND_5274baffe1,rdkit,JAK2_8c93d98423,COc1cc(Nc2nc3cccc(-c4ccc(C(=O)N5CCOCC5)cc4)c3o2)c(F)c(OC)c1OC,JCZZOVXUDKNHCV-UHFFFAOYSA-N,True,True,True,507.518,4.8757,95.29,1,8,7,0.3785,3.95,O=C(c1ccc(-c2cccc3nc(Nc4ccccc4)oc23)cc1)N1CCOCC1,6,False,False,True,rdkit_reaction_aryl_F
CAND_e75ebca634,rdkit,JAK2_8c93d98423,COc1cc(Nc2nc3c(F)ccc(-c4ccc(C(=O)N5CCOCC5)cc4)c3o2)cc(OC)c1OC,FXERXTULTGCENM-UHFFFAOYSA-N,True,True,True,507.518,4.8757,95.29,1,8,7,0.3785,3.95,O=C(c1ccc(-c2cccc3nc(Nc4ccccc4)oc23)cc1)N1CCOCC1,6,False,False,True,rdkit_reaction_aryl_F
CAND_d8223b1c41,rdkit,JAK2_8c93d98423,COc1cc(Nc2nc3cc(F)cc(-c4ccc(C(=O)N5CCOCC5)cc4)c3o2)cc(OC)c1OC,ISJAJAMHHDRVNR-UHFFFAOYSA-N,True,True,True,507.518,4.8757,95.29,1,8,7,0.3785,3.95,O=C(c1ccc(-c2cccc3nc(Nc4ccccc4)oc23)cc1)N1CCOCC1,6,False,False,True,rdkit_reaction_aryl_F
CAND_c5e16769a1,rdkit,JAK2_8c93d98423,COc1cc(Nc2nc3ccc(F)c(-c4ccc(C(=O)N5CCOCC5)cc4)c3o2)cc(OC)c1OC,PTECTZOFZGAZPH-UHFFFAOYSA-N,True,True,True,507.518,4.8757,95.29,1,8,7,0.3785,3.95,O=C(c1ccc(-c2cccc3nc(Nc4ccccc4)oc23)cc1)N1CCOCC1,6,False,False,True,rdkit_reaction_aryl_F
CAND_b485f1a08e,rdkit,JAK2_8c93d98423,COc1cc(Nc2nc3cccc(-c4ccc(C(=O)N5CCOCC5)cc4F)c3o2)cc(OC)c1OC,MQEDXFOSBNATSI-UHFFFAOYSA-N,True,True,True,507.518,4.8757,95.29,1,8,7,0.3785,3.95,O=C(c1ccc(-c2cccc3nc(Nc4ccccc4)oc23)cc1)N1CCOCC1,6,False,False,True,rdkit_reaction_aryl_F
CAND_8234499038,rdkit,JAK2_9ce72827e9,C[C@@H](Nc1ncnc(-c2c(N)nn3cccnc23)c1F)c1ccc(Cl)cc1,NLTRUHJQOOPAGV-SNVBAGLBSA-N,True,True,True,383.818,3.7341,94.02,2,6,4,0.5573,2.938,c1ccc(CNc2cc(-c3cnn4cccnc34)ncn2)cc1,6,False,False,True,rdkit_reaction_aryl_F
CAND_6d7de7d493,rdkit,JAK2_9ce72827e9,C[C@@H](Nc1cc(-c2c(N)nn3c(F)ccnc23)ncn1)c1ccc(Cl)cc1,TUBKFBAAEXLHSD-SNVBAGLBSA-N,True,True,True,383.818,3.7341,94.02,2,6,4,0.5213,2.938,c1ccc(CNc2cc(-c3cnn4cccnc34)ncn2)cc1,6,False,False,True,rdkit_reaction_aryl_F
CAND_a228c3f06e,rdkit,JAK2_9ce72827e9,C[C@@H](Nc1cc(-c2c(N)nn3cc(F)cnc23)ncn1)c1ccc(Cl)cc1,JOJGFVPMKNZPLB-SNVBAGLBSA-N,True,True,True,383.818,3.7341,94.02,2,6,4,0.5573,2.938,c1ccc(CNc2cc(-c3cnn4cccnc34)ncn2)cc1,6,False,False,True,rdkit_reaction_aryl_F
CAND_1881183c8a,rdkit,JAK2_9ce72827e9,C[C@@H](Nc1cc(-c2c(N)nn3ccc(F)nc23)ncn1)c1ccc(Cl)cc1,HQILLHCAHCXZOI-SNVBAGLBSA-N,True,True,True,383.818,3.7341,94.02,2,6,4,0.5213,2.938,c1ccc(CNc2cc(-c3cnn4cccnc34)ncn2)cc1,6,False,False,True,rdkit_reaction_aryl_F
CAND_a9960291a4,rdkit,JAK2_9ce72827e9,C[C@@H](Nc1cc(-c2c(N)nn3cccnc23)nc(F)n1)c1ccc(Cl)cc1,ZTCNWKSORFVIKG-SNVBAGLBSA-N,True,True,True,383.818,3.7341,94.02,2,6,4,0.5213,2.938,c1ccc(CNc2cc(-c3cnn4cccnc34)ncn2)cc1,6,False,False,True,rdkit_reaction_aryl_F
