candidate_id,lipinski_violations,veber_pass,main_risk
CAND_892f0a0b8a,0,True,no_major_descriptor_risk
CAND_2d82a3112f,0,True,no_major_descriptor_risk
CAND_8ada73d8e7,1,True,1_lipinski_violations
CAND_bdbcf4400b,1,True,1_lipinski_violations
CAND_3b04a27187,0,True,no_major_descriptor_risk
CAND_d7461075fe,1,True,1_lipinski_violations
CAND_cf512c1a59,1,False,1_lipinski_violations;veber_fail
CAND_95aa521837,1,True,1_lipinski_violations
CAND_e20a58fcca,1,True,1_lipinski_violations
CAND_e6133af127,0,True,no_major_descriptor_risk
CAND_bf67072403,0,True,no_major_descriptor_risk
CAND_36309cbbbd,1,True,1_lipinski_violations
CAND_8cb2979ad0,0,True,no_major_descriptor_risk
CAND_e1abfebd36,0,True,no_major_descriptor_risk
CAND_8584dc54b3,0,True,no_major_descriptor_risk
CAND_84c5759bee,0,True,no_major_descriptor_risk
CAND_d66195d460,0,False,veber_fail
CAND_61a13aa5a3,0,False,veber_fail
CAND_02d78109d0,0,True,no_major_descriptor_risk
CAND_cc393e6d14,0,True,no_major_descriptor_risk
CAND_ce51ba69e3,0,True,no_major_descriptor_risk
CAND_6c76b542f8,0,True,no_major_descriptor_risk
CAND_436049ba6f,0,True,no_major_descriptor_risk
CAND_b681ee447e,0,True,no_major_descriptor_risk
CAND_daa71d20f5,0,True,no_major_descriptor_risk
CAND_f29733c56b,0,True,no_major_descriptor_risk
CAND_f45b75400d,0,True,no_major_descriptor_risk
CAND_d5653d80c6,0,True,no_major_descriptor_risk
CAND_b54831aa81,0,True,no_major_descriptor_risk
CAND_962ca21bbb,0,True,no_major_descriptor_risk
CAND_b11c9f0778,0,True,no_major_descriptor_risk
CAND_f36df41b19,0,True,no_major_descriptor_risk
CAND_723862eda4,0,True,no_major_descriptor_risk
CAND_1844a5e7cb,0,True,no_major_descriptor_risk
CAND_1976dc1ded,0,True,no_major_descriptor_risk
CAND_b7f89eaaeb,0,True,no_major_descriptor_risk
CAND_7d74780f2a,0,True,no_major_descriptor_risk
CAND_f2c45e07fa,0,True,no_major_descriptor_risk
CAND_62c3a47470,0,True,no_major_descriptor_risk
CAND_94975a67a5,0,True,no_major_descriptor_risk
CAND_6ef33d2db1,0,True,no_major_descriptor_risk
CAND_146ee69953,0,True,no_major_descriptor_risk
CAND_39f7040853,0,True,no_major_descriptor_risk
CAND_38772660c0,0,True,no_major_descriptor_risk
CAND_dd3a7cbff4,0,True,no_major_descriptor_risk
CAND_ac0bf2a6d4,0,True,no_major_descriptor_risk
CAND_aa54f839ab,0,True,no_major_descriptor_risk
CAND_ec89e4f93e,0,True,no_major_descriptor_risk
CAND_a18fae3685,0,True,no_major_descriptor_risk
CAND_cc645ecf5d,0,True,no_major_descriptor_risk
CAND_2d74ef7763,0,True,no_major_descriptor_risk
CAND_f327edc232,0,True,no_major_descriptor_risk
CAND_a135a966b9,0,True,no_major_descriptor_risk
CAND_fb4e8ff7f4,0,True,no_major_descriptor_risk
CAND_bc94024b31,0,True,no_major_descriptor_risk
CAND_83fc16f7dd,0,True,no_major_descriptor_risk
CAND_973c4f8fdf,0,True,no_major_descriptor_risk
CAND_5ac5ceef35,0,True,no_major_descriptor_risk
CAND_e15f64d9ad,0,True,no_major_descriptor_risk
CAND_6da3458816,0,False,veber_fail
CAND_8a01aa4ffc,0,False,veber_fail
CAND_3ba88cf515,0,True,no_major_descriptor_risk
CAND_9adbefbda4,0,True,no_major_descriptor_risk
CAND_09a8be36ed,0,True,no_major_descriptor_risk
CAND_94c5db3f6e,0,True,no_major_descriptor_risk
CAND_220ce7b9ab,0,True,no_major_descriptor_risk
CAND_b230549669,0,True,no_major_descriptor_risk
CAND_2db098539b,0,True,no_major_descriptor_risk
CAND_fcd1b77bb2,0,True,no_major_descriptor_risk
CAND_91bdb3b904,0,True,no_major_descriptor_risk
CAND_1c0791d79a,0,True,no_major_descriptor_risk
CAND_6cf50e6636,0,True,no_major_descriptor_risk
CAND_87e2e00ede,0,True,no_major_descriptor_risk
CAND_b8508fb54f,0,True,no_major_descriptor_risk
CAND_fe5592637a,0,True,no_major_descriptor_risk
CAND_aa88250717,0,True,no_major_descriptor_risk
CAND_37480bff4b,0,True,no_major_descriptor_risk
CAND_429aac4dde,0,True,no_major_descriptor_risk
CAND_01c8bfd6ca,0,True,no_major_descriptor_risk
CAND_dc0ba5c192,0,True,no_major_descriptor_risk
CAND_21524808dc,0,True,no_major_descriptor_risk
CAND_16f4a5cefa,0,True,no_major_descriptor_risk
CAND_8f8d552257,0,True,no_major_descriptor_risk
CAND_12aa6d80ad,0,True,no_major_descriptor_risk
CAND_54b3789dd7,0,True,no_major_descriptor_risk
CAND_bfc4028155,0,True,no_major_descriptor_risk
CAND_eb70d11a95,0,True,no_major_descriptor_risk
CAND_457ffeadb2,0,True,no_major_descriptor_risk
CAND_95d7c2f3f9,0,False,veber_fail
CAND_5b2ae00f2a,1,False,1_lipinski_violations;veber_fail
CAND_d0a503d8fc,1,True,1_lipinski_violations
CAND_70352da8fd,1,True,1_lipinski_violations
CAND_f2d2300b3a,0,False,veber_fail
CAND_3ae23284d4,1,False,1_lipinski_violations;veber_fail
CAND_deb4a44b92,1,True,1_lipinski_violations
CAND_88483e51ad,0,True,no_major_descriptor_risk
CAND_336d058e46,1,True,1_lipinski_violations
CAND_3df2182a25,0,True,no_major_descriptor_risk
CAND_86888a151b,0,False,veber_fail
CAND_6f60aa28e9,1,True,1_lipinski_violations
CAND_ad2c0f12d0,0,True,no_major_descriptor_risk
CAND_25835c868c,1,True,1_lipinski_violations
CAND_6d30732c1c,1,False,1_lipinski_violations;veber_fail
CAND_ad23ea1c2c,1,True,1_lipinski_violations
CAND_d7a0660828,0,True,no_major_descriptor_risk
CAND_87a937c65a,1,False,1_lipinski_violations;veber_fail
CAND_84b88b9bc8,0,True,no_major_descriptor_risk
CAND_fd7adc3514,0,True,no_major_descriptor_risk
CAND_eaefd8b632,0,True,no_major_descriptor_risk
CAND_7d0a5bde2c,0,True,no_major_descriptor_risk
CAND_d7cbde2d84,0,True,no_major_descriptor_risk
CAND_395a83733f,0,True,no_major_descriptor_risk
CAND_388f388d00,0,True,no_major_descriptor_risk
CAND_6efc5a9034,0,True,no_major_descriptor_risk
CAND_6b79cdc3df,0,True,no_major_descriptor_risk
CAND_aab523eb46,0,True,no_major_descriptor_risk
CAND_c36fc63ebc,0,True,no_major_descriptor_risk
CAND_5fd346b7a8,0,True,no_major_descriptor_risk
CAND_463960bec6,0,True,no_major_descriptor_risk
CAND_a8241d348f,0,True,no_major_descriptor_risk
CAND_2c8d8ee074,0,True,no_major_descriptor_risk
CAND_c5faa50a42,0,True,no_major_descriptor_risk
CAND_aeb4d80854,0,True,no_major_descriptor_risk
CAND_2638b720ea,0,True,no_major_descriptor_risk
CAND_787ce8892d,0,False,veber_fail
CAND_45f197ae3d,0,True,no_major_descriptor_risk
CAND_39d3eb0bd1,1,False,1_lipinski_violations;veber_fail
CAND_caab0e3f86,0,True,no_major_descriptor_risk
CAND_ad8602e83c,0,True,no_major_descriptor_risk
CAND_57aeddcc5f,0,True,no_major_descriptor_risk
CAND_cea52e6b70,2,True,2_lipinski_violations
CAND_b947aec122,0,True,no_major_descriptor_risk
CAND_40b6c97ba2,0,True,no_major_descriptor_risk
CAND_16675ad5b2,0,True,no_major_descriptor_risk
CAND_83d761efeb,0,True,no_major_descriptor_risk
CAND_8ced6a8186,0,True,no_major_descriptor_risk
CAND_62718e0971,0,True,no_major_descriptor_risk
CAND_9cf4869dd5,0,True,no_major_descriptor_risk
CAND_f437f6d89a,0,True,no_major_descriptor_risk
CAND_f4c51e432b,0,True,no_major_descriptor_risk
CAND_baa5adbe3b,0,True,no_major_descriptor_risk
CAND_389b0bd48c,0,True,no_major_descriptor_risk
CAND_127ab9a6da,0,True,no_major_descriptor_risk
CAND_8e8ae2652f,0,True,no_major_descriptor_risk
CAND_03964746e5,0,True,no_major_descriptor_risk
CAND_318e48ce20,0,True,no_major_descriptor_risk
CAND_78368c7901,0,True,no_major_descriptor_risk
CAND_92c8c66d5e,0,True,no_major_descriptor_risk
CAND_29982a008c,0,True,no_major_descriptor_risk
CAND_aefe185694,0,True,no_major_descriptor_risk
CAND_03abc0c2b1,0,True,no_major_descriptor_risk
CAND_0224bd2937,0,True,no_major_descriptor_risk
CAND_d2a7510685,0,True,no_major_descriptor_risk
CAND_b395d80db2,0,True,no_major_descriptor_risk
CAND_0e3fc8e798,0,True,no_major_descriptor_risk
CAND_d09aeeeeae,0,True,no_major_descriptor_risk
CAND_997f9cb188,0,True,no_major_descriptor_risk
CAND_3e4546e58d,0,True,no_major_descriptor_risk
CAND_831dd8b5ae,0,True,no_major_descriptor_risk
CAND_367b0bb41b,0,True,no_major_descriptor_risk
CAND_60014c3c69,0,True,no_major_descriptor_risk
CAND_36141b5abb,0,True,no_major_descriptor_risk
CAND_705dfac7db,0,True,no_major_descriptor_risk
CAND_ee25a26323,0,True,no_major_descriptor_risk
CAND_abbfe6b7e7,0,True,no_major_descriptor_risk
CAND_43a0cbe197,1,True,1_lipinski_violations
CAND_232732335c,0,True,no_major_descriptor_risk
CAND_a36c03bfb1,1,True,1_lipinski_violations
CAND_20cb32be46,1,True,1_lipinski_violations
CAND_5fb21f9000,1,True,1_lipinski_violations
CAND_f929e3b400,1,True,1_lipinski_violations
CAND_b99ad142b1,2,True,2_lipinski_violations
CAND_2586b394fa,1,False,1_lipinski_violations;veber_fail
CAND_bc2eb1b5fa,0,True,no_major_descriptor_risk
CAND_e6a938f9a0,0,True,no_major_descriptor_risk
CAND_baa376c0dd,0,True,no_major_descriptor_risk
CAND_f169596727,0,True,no_major_descriptor_risk
CAND_fc294c63f6,0,True,no_major_descriptor_risk
CAND_435eaf1872,0,True,no_major_descriptor_risk
CAND_6a3c9334b8,0,True,no_major_descriptor_risk
CAND_9d75308b45,0,True,no_major_descriptor_risk
CAND_bc25cf8d1d,0,True,no_major_descriptor_risk
CAND_27cad9f8da,0,True,no_major_descriptor_risk
CAND_1a1d3a703d,0,True,no_major_descriptor_risk
CAND_6de59c18c7,0,True,no_major_descriptor_risk
CAND_e6d041091b,0,True,no_major_descriptor_risk
CAND_645fdf9cf8,0,True,no_major_descriptor_risk
CAND_ccf270f33b,0,True,no_major_descriptor_risk
CAND_62a82bbd2d,0,True,no_major_descriptor_risk
CAND_1e3a57164b,0,True,no_major_descriptor_risk
CAND_323ae8bb99,0,True,no_major_descriptor_risk
CAND_f0651a9cfd,0,True,no_major_descriptor_risk
CAND_a5703c232e,0,True,no_major_descriptor_risk
CAND_87b36b5c7f,1,True,1_lipinski_violations
CAND_8088ec5a6a,1,True,1_lipinski_violations
CAND_af77f3263b,1,True,1_lipinski_violations
CAND_1934008e8c,1,True,1_lipinski_violations
CAND_532a441264,2,False,2_lipinski_violations;veber_fail
CAND_2c9dc917e3,1,True,1_lipinski_violations
CAND_f4562efd55,1,True,1_lipinski_violations
CAND_c915f8627d,1,True,1_lipinski_violations
CAND_fb49b55677,1,True,1_lipinski_violations
CAND_8543810958,1,True,1_lipinski_violations
CAND_f77280de93,1,True,1_lipinski_violations
CAND_49a4c47971,0,False,veber_fail
CAND_1cc95fb461,0,True,no_major_descriptor_risk
CAND_7b27b9c5bb,0,True,no_major_descriptor_risk
CAND_e0bac0032c,0,True,no_major_descriptor_risk
CAND_d28438001f,0,True,no_major_descriptor_risk
CAND_639597613a,0,True,no_major_descriptor_risk
CAND_f8867ac106,0,False,veber_fail
CAND_0be8e8e274,0,True,no_major_descriptor_risk
CAND_8ce6d41a2c,0,True,no_major_descriptor_risk
CAND_2333b40a1e,0,True,no_major_descriptor_risk
CAND_d8529cee66,0,True,no_major_descriptor_risk
CAND_352e3089bd,0,True,no_major_descriptor_risk
CAND_5ca141b9c7,0,True,no_major_descriptor_risk
CAND_de961426ef,0,False,veber_fail
CAND_47dc109f3d,0,True,no_major_descriptor_risk
CAND_873cf6d9d6,0,True,no_major_descriptor_risk
CAND_d7b714021b,0,True,no_major_descriptor_risk
CAND_7730b3e373,0,True,no_major_descriptor_risk
CAND_dc85b912b6,0,True,no_major_descriptor_risk
CAND_f3da04b434,1,True,1_lipinski_violations
CAND_1d80dd5492,0,True,no_major_descriptor_risk
CAND_bc644d80a9,0,True,no_major_descriptor_risk
CAND_6eee161d1c,0,True,no_major_descriptor_risk
CAND_27e700626f,0,True,no_major_descriptor_risk
CAND_d3ced9bd3e,0,True,no_major_descriptor_risk
CAND_a03e58906a,0,True,no_major_descriptor_risk
CAND_cdb29b5936,0,True,no_major_descriptor_risk
CAND_c69813fe93,0,True,no_major_descriptor_risk
CAND_e39c68c1d0,0,True,no_major_descriptor_risk
CAND_a51b19d980,0,True,no_major_descriptor_risk
CAND_c768dbc2e5,0,True,no_major_descriptor_risk
CAND_ad3b4145c3,0,True,no_major_descriptor_risk
CAND_6b207bd5cf,0,True,no_major_descriptor_risk
CAND_cf667f0279,0,True,no_major_descriptor_risk
CAND_90a56ce4dc,0,False,veber_fail
CAND_db06f75809,0,True,no_major_descriptor_risk
CAND_ac53bfa9ee,0,True,no_major_descriptor_risk
CAND_2ad61026cf,0,False,veber_fail
CAND_3856766834,0,True,no_major_descriptor_risk
CAND_7cc4831428,0,True,no_major_descriptor_risk
CAND_0b7d5011f9,0,True,no_major_descriptor_risk
CAND_dbec313029,0,True,no_major_descriptor_risk
CAND_9a8590793b,0,True,no_major_descriptor_risk
CAND_80061c131e,0,True,no_major_descriptor_risk
CAND_8e142159e9,1,True,1_lipinski_violations
CAND_87103df465,0,True,no_major_descriptor_risk
CAND_792431b4c1,0,True,no_major_descriptor_risk
CAND_6089dc8ff5,0,True,no_major_descriptor_risk
CAND_b76473a111,0,True,no_major_descriptor_risk
CAND_9212487f38,0,True,no_major_descriptor_risk
CAND_c1a889a6b3,0,True,no_major_descriptor_risk
CAND_43b9ecbc1a,0,True,no_major_descriptor_risk
CAND_300b55cc84,0,True,no_major_descriptor_risk
CAND_accb973151,0,True,no_major_descriptor_risk
CAND_bf3c3eaff9,0,True,no_major_descriptor_risk
CAND_2975d39b6a,0,True,no_major_descriptor_risk
CAND_196dfff212,1,True,1_lipinski_violations
CAND_cd934e22fa,0,False,veber_fail
CAND_45009584c0,0,True,no_major_descriptor_risk
CAND_5a54fe8e7d,0,True,no_major_descriptor_risk
CAND_0ec54935a6,0,True,no_major_descriptor_risk
CAND_604c04c34e,0,True,no_major_descriptor_risk
CAND_3cee2f7224,1,True,1_lipinski_violations
CAND_1ec78a43a4,0,True,no_major_descriptor_risk
CAND_faa89235f7,0,True,no_major_descriptor_risk
CAND_bf1bed9cef,0,True,no_major_descriptor_risk
CAND_e1a4b33103,0,True,no_major_descriptor_risk
CAND_439a8fec5f,0,True,no_major_descriptor_risk
CAND_9dcdbe0544,0,True,no_major_descriptor_risk
CAND_eabb68c726,0,True,no_major_descriptor_risk
CAND_2516aa57f8,0,True,no_major_descriptor_risk
CAND_b6499b9925,0,True,no_major_descriptor_risk
CAND_5ac9c45dba,0,False,veber_fail
CAND_66b632db45,0,True,no_major_descriptor_risk
CAND_d8535efc50,0,True,no_major_descriptor_risk
CAND_ec5ecaf13e,0,True,no_major_descriptor_risk
CAND_425ad7d019,0,False,veber_fail
CAND_f9d7ead0eb,0,True,no_major_descriptor_risk
CAND_0ba1ff5f9e,0,True,no_major_descriptor_risk
CAND_5bcd4c7daf,0,True,no_major_descriptor_risk
CAND_10a142b11e,0,False,veber_fail
CAND_56c308359e,0,True,no_major_descriptor_risk
CAND_dad5236b95,0,True,no_major_descriptor_risk
CAND_2e1f5bbf1e,0,False,veber_fail
CAND_cee3a7acb6,0,True,no_major_descriptor_risk
CAND_57ed7d3223,0,True,no_major_descriptor_risk
CAND_53dd7c868e,0,True,no_major_descriptor_risk
CAND_1dc4604721,0,True,no_major_descriptor_risk
CAND_81f71a2d4b,0,True,no_major_descriptor_risk
CAND_a69965504e,0,True,no_major_descriptor_risk
CAND_ab9a07585e,0,True,no_major_descriptor_risk
CAND_68664579d9,0,True,no_major_descriptor_risk
CAND_73dbfa90e8,0,True,no_major_descriptor_risk
CAND_999b776d0e,0,True,no_major_descriptor_risk
CAND_b8436c5440,0,True,no_major_descriptor_risk
CAND_a7451effdd,0,True,no_major_descriptor_risk
CAND_e0b4457ea4,0,True,no_major_descriptor_risk
CAND_afd50ddcb7,0,True,no_major_descriptor_risk
CAND_a32befc2a8,0,True,no_major_descriptor_risk
CAND_e745864709,0,True,no_major_descriptor_risk
CAND_16014bae8e,0,True,no_major_descriptor_risk
CAND_7ec681f418,1,True,1_lipinski_violations
CAND_938f68db17,0,True,no_major_descriptor_risk
CAND_c0bc0bf55f,1,True,1_lipinski_violations
CAND_836bea1c56,0,True,no_major_descriptor_risk
CAND_4b58448ce5,0,True,no_major_descriptor_risk
CAND_bed18191c0,0,True,no_major_descriptor_risk
CAND_90aa1d76c0,0,True,no_major_descriptor_risk
CAND_5855e47ac2,0,True,no_major_descriptor_risk
CAND_28b109704e,0,True,no_major_descriptor_risk
CAND_205d487531,0,True,no_major_descriptor_risk
CAND_dea4c588ae,1,True,1_lipinski_violations
CAND_ef9854693b,0,True,no_major_descriptor_risk
CAND_0ba6b219b4,1,False,1_lipinski_violations;veber_fail
CAND_4490dc0a57,0,True,no_major_descriptor_risk
CAND_acb36aa86b,1,False,1_lipinski_violations;veber_fail
CAND_7fa3d6570f,0,True,no_major_descriptor_risk
CAND_f6ead77590,1,False,1_lipinski_violations;veber_fail
CAND_cc525db4be,0,True,no_major_descriptor_risk
CAND_b3f190902b,0,True,no_major_descriptor_risk
CAND_99bf798473,1,True,1_lipinski_violations
CAND_9e25564517,0,True,no_major_descriptor_risk
CAND_2cae29ecc5,0,True,no_major_descriptor_risk
CAND_81484c022b,0,True,no_major_descriptor_risk
CAND_de65f5d552,0,True,no_major_descriptor_risk
CAND_6f37cf9c09,0,True,no_major_descriptor_risk
CAND_b9793baf5c,0,True,no_major_descriptor_risk
CAND_78ba184e1c,0,True,no_major_descriptor_risk
CAND_7a040ba6a1,0,True,no_major_descriptor_risk
CAND_8a2216ea0f,0,True,no_major_descriptor_risk
CAND_b171670fd4,0,True,no_major_descriptor_risk
CAND_1e41b006b0,0,True,no_major_descriptor_risk
CAND_b64dac7057,0,True,no_major_descriptor_risk
CAND_64b0556686,0,True,no_major_descriptor_risk
CAND_f638f4e1fc,0,True,no_major_descriptor_risk
CAND_36cb2b5c70,0,True,no_major_descriptor_risk
CAND_2e2292fcd9,0,True,no_major_descriptor_risk
CAND_5b93b42b39,0,True,no_major_descriptor_risk
CAND_a34f95ae60,0,True,no_major_descriptor_risk
CAND_61d4466246,0,True,no_major_descriptor_risk
CAND_bd9a5bcc10,0,True,no_major_descriptor_risk
CAND_52d2563d8a,0,False,veber_fail
CAND_d7ee43e669,0,False,veber_fail
CAND_e111064908,0,True,no_major_descriptor_risk
CAND_4dbb8219ec,0,True,no_major_descriptor_risk
CAND_5cfb4a31f7,1,True,1_lipinski_violations
CAND_b6804bbf20,0,True,no_major_descriptor_risk
CAND_bdc015b966,0,True,no_major_descriptor_risk
CAND_55eb6c5626,0,True,no_major_descriptor_risk
CAND_95a0601a21,0,True,no_major_descriptor_risk
CAND_086cf6b22c,0,True,no_major_descriptor_risk
CAND_b124b4893b,0,True,no_major_descriptor_risk
CAND_0688ec305d,0,True,no_major_descriptor_risk
CAND_5b2ed42749,0,True,no_major_descriptor_risk
CAND_b8be487a47,0,True,no_major_descriptor_risk
CAND_48aa5d7ff0,0,True,no_major_descriptor_risk
CAND_1add61a012,0,True,no_major_descriptor_risk
CAND_b91e20d57a,0,True,no_major_descriptor_risk
CAND_16b0548119,0,True,no_major_descriptor_risk
CAND_920721ba09,0,True,no_major_descriptor_risk
CAND_567fb9b858,0,True,no_major_descriptor_risk
CAND_24a41a2694,0,True,no_major_descriptor_risk
CAND_b9bcdd3ee3,0,True,no_major_descriptor_risk
CAND_2d244c3669,0,True,no_major_descriptor_risk
CAND_8894dc9e0d,0,True,no_major_descriptor_risk
CAND_7c07c45d3c,0,True,no_major_descriptor_risk
CAND_a61534eaa0,0,True,no_major_descriptor_risk
CAND_8fc4d597e8,0,True,no_major_descriptor_risk
CAND_aec6e98121,0,True,no_major_descriptor_risk
CAND_7912f70d52,0,True,no_major_descriptor_risk
CAND_e696063a19,0,True,no_major_descriptor_risk
CAND_07cdfe04de,0,True,no_major_descriptor_risk
CAND_0007a74c99,0,True,no_major_descriptor_risk
CAND_2e587ad70d,0,True,no_major_descriptor_risk
CAND_4d7ae15889,0,True,no_major_descriptor_risk
CAND_856eb03bfa,0,True,no_major_descriptor_risk
CAND_e634a9f88b,0,True,no_major_descriptor_risk
CAND_de4a226007,0,True,no_major_descriptor_risk
CAND_23877eac17,0,True,no_major_descriptor_risk
CAND_950c0794b8,0,True,no_major_descriptor_risk
CAND_8c4edf64cc,0,True,no_major_descriptor_risk
CAND_7b496d9561,0,True,no_major_descriptor_risk
CAND_23f2211783,0,True,no_major_descriptor_risk
CAND_68220d54a3,0,True,no_major_descriptor_risk
CAND_9451c6445f,0,True,no_major_descriptor_risk
CAND_1f80833c9b,0,True,no_major_descriptor_risk
CAND_842407f521,0,True,no_major_descriptor_risk
CAND_cf7a18b2b7,0,True,no_major_descriptor_risk
CAND_df3f25bbdc,0,True,no_major_descriptor_risk
CAND_fc2b23f419,0,True,no_major_descriptor_risk
CAND_2f6ea702b4,0,True,no_major_descriptor_risk
CAND_8140f479ff,0,True,no_major_descriptor_risk
CAND_e39aa0e4be,0,True,no_major_descriptor_risk
CAND_5bc0cc2087,0,True,no_major_descriptor_risk
CAND_6b002957c5,0,True,no_major_descriptor_risk
CAND_7107131cb8,0,True,no_major_descriptor_risk
CAND_628eb3c7b6,0,True,no_major_descriptor_risk
CAND_8707636f6f,0,True,no_major_descriptor_risk
CAND_a686c04f11,0,True,no_major_descriptor_risk
CAND_71130b25f7,0,True,no_major_descriptor_risk
CAND_deeaf87f44,0,True,no_major_descriptor_risk
CAND_6968bfec57,0,True,no_major_descriptor_risk
CAND_cde5e76002,0,True,no_major_descriptor_risk
CAND_e950626719,0,True,no_major_descriptor_risk
CAND_d577892d86,1,True,1_lipinski_violations
CAND_c6189e7dcf,1,False,1_lipinski_violations;veber_fail
CAND_8410dc5bfb,1,False,1_lipinski_violations;veber_fail
CAND_11f53ac492,1,False,1_lipinski_violations;veber_fail
CAND_8781109d93,1,True,1_lipinski_violations
CAND_c3c46b343c,1,False,1_lipinski_violations;veber_fail
CAND_bcfbe915b3,1,True,1_lipinski_violations
CAND_1ffc64d607,1,True,1_lipinski_violations
CAND_a7dde935c7,1,True,1_lipinski_violations
CAND_d1b8fc749c,1,True,1_lipinski_violations
CAND_58c169693f,1,True,1_lipinski_violations
CAND_9621ee2edf,0,True,no_major_descriptor_risk
CAND_655ade9d3d,0,False,veber_fail
CAND_089c208edf,1,True,1_lipinski_violations
CAND_568b594c42,1,False,1_lipinski_violations;veber_fail
CAND_450f1eea55,1,True,1_lipinski_violations
CAND_2ff20ea6c3,1,False,1_lipinski_violations;veber_fail
CAND_32d9e3e9da,2,False,2_lipinski_violations;veber_fail
CAND_22a0602207,1,True,1_lipinski_violations
CAND_75f5516b87,0,True,no_major_descriptor_risk
CAND_f5e0e8639b,0,True,no_major_descriptor_risk
CAND_c71aa58420,1,True,1_lipinski_violations
CAND_179db4d071,1,False,1_lipinski_violations;veber_fail
CAND_a65f2be2de,0,True,no_major_descriptor_risk
CAND_34d30ab507,0,True,no_major_descriptor_risk
CAND_b1c952283b,0,True,no_major_descriptor_risk
CAND_764d7e347a,0,True,no_major_descriptor_risk
CAND_79a14885c3,0,True,no_major_descriptor_risk
CAND_d315f2060a,0,True,no_major_descriptor_risk
CAND_c33bb7d215,0,True,no_major_descriptor_risk
CAND_cd21e4b808,0,True,no_major_descriptor_risk
CAND_884fc75a06,0,True,no_major_descriptor_risk
CAND_b0070a153d,0,False,veber_fail
CAND_5824f7e078,0,True,no_major_descriptor_risk
CAND_01138d3eb8,0,True,no_major_descriptor_risk
CAND_bf66a03596,0,True,no_major_descriptor_risk
CAND_83735d5467,0,True,no_major_descriptor_risk
CAND_9e05eb50ff,0,False,veber_fail
CAND_c313e39983,0,True,no_major_descriptor_risk
CAND_15fa180551,0,True,no_major_descriptor_risk
CAND_749528f319,0,True,no_major_descriptor_risk
CAND_d78c5cc3c0,0,True,no_major_descriptor_risk
CAND_6c16e54679,0,True,no_major_descriptor_risk
CAND_a03fbbd37a,0,True,no_major_descriptor_risk
CAND_dba0ecec92,0,True,no_major_descriptor_risk
CAND_1789512dac,0,True,no_major_descriptor_risk
CAND_1f3769e424,0,False,veber_fail
CAND_3a5ce7beec,0,True,no_major_descriptor_risk
CAND_d6bac24f33,0,True,no_major_descriptor_risk
CAND_dd51876fa8,0,True,no_major_descriptor_risk
CAND_95cea066ad,0,True,no_major_descriptor_risk
CAND_43ad34cb2a,0,True,no_major_descriptor_risk
CAND_e9b35bb4a5,0,True,no_major_descriptor_risk
CAND_f5d2b2c9c5,0,True,no_major_descriptor_risk
CAND_c0269e304d,0,True,no_major_descriptor_risk
CAND_efcc99d5da,0,True,no_major_descriptor_risk
CAND_c9640dfede,0,False,veber_fail
CAND_ba035cc35a,0,True,no_major_descriptor_risk
CAND_1efa6c7116,0,True,no_major_descriptor_risk
CAND_f67c5e1946,0,False,veber_fail
CAND_c9d7dfb4e4,0,True,no_major_descriptor_risk
CAND_443c26524f,0,True,no_major_descriptor_risk
CAND_50e0922847,0,True,no_major_descriptor_risk
CAND_ce6bc6de1f,0,False,veber_fail
CAND_f3fd3d5ca2,1,False,1_lipinski_violations;veber_fail
CAND_560b7ff0ed,0,True,no_major_descriptor_risk
CAND_4b5f710216,0,True,no_major_descriptor_risk
CAND_cd0ef0dc7c,0,True,no_major_descriptor_risk
CAND_2563943cd0,0,True,no_major_descriptor_risk
CAND_2872c59cd7,0,True,no_major_descriptor_risk
CAND_7687f8e564,0,True,no_major_descriptor_risk
CAND_f31c90b6e2,0,True,no_major_descriptor_risk
CAND_4bb2c766ac,0,True,no_major_descriptor_risk
CAND_78742d3bb4,0,True,no_major_descriptor_risk
CAND_9dd2ff53aa,0,True,no_major_descriptor_risk
CAND_6c87089749,0,True,no_major_descriptor_risk
CAND_e456e84e74,0,True,no_major_descriptor_risk
CAND_a4790d534e,0,True,no_major_descriptor_risk
CAND_8e1f1bf521,0,True,no_major_descriptor_risk
CAND_e26332d2f0,0,True,no_major_descriptor_risk
CAND_3ae3c455a5,0,True,no_major_descriptor_risk
CAND_2a3eff304d,0,True,no_major_descriptor_risk
CAND_564811f921,0,True,no_major_descriptor_risk
CAND_c13406d6f1,0,True,no_major_descriptor_risk
CAND_8f55b07da4,0,True,no_major_descriptor_risk
CAND_0bc5961c42,0,True,no_major_descriptor_risk
CAND_dc686ebc14,0,True,no_major_descriptor_risk
CAND_8d1817ed9a,0,True,no_major_descriptor_risk
CAND_b06b20e620,0,True,no_major_descriptor_risk
CAND_3a3bad5f65,0,True,no_major_descriptor_risk
CAND_8c2bb32df4,0,True,no_major_descriptor_risk
CAND_5c7921c640,0,True,no_major_descriptor_risk
CAND_a09c731743,0,True,no_major_descriptor_risk
CAND_c3fc4c0133,0,True,no_major_descriptor_risk
CAND_9460f44f81,0,True,no_major_descriptor_risk
CAND_34eb768b78,0,True,no_major_descriptor_risk
CAND_acdcf68c51,0,True,no_major_descriptor_risk
CAND_f57da70d7b,0,True,no_major_descriptor_risk
CAND_19676fd543,0,True,no_major_descriptor_risk
CAND_5b9921072e,0,True,no_major_descriptor_risk
CAND_f7c35d4742,0,False,veber_fail
CAND_ba33c2848f,0,True,no_major_descriptor_risk
CAND_4f50a6dd47,0,True,no_major_descriptor_risk
CAND_1f99ce4c04,0,True,no_major_descriptor_risk
CAND_4b1e11da86,0,True,no_major_descriptor_risk
CAND_243c2621c0,0,True,no_major_descriptor_risk
CAND_2e35a5f8f3,1,False,1_lipinski_violations;veber_fail
CAND_844a182024,0,True,no_major_descriptor_risk
CAND_0c15db5fa7,1,True,1_lipinski_violations
CAND_7dbeb311de,1,False,1_lipinski_violations;veber_fail
CAND_862983251d,1,True,1_lipinski_violations
CAND_4edbb30079,1,True,1_lipinski_violations
CAND_af34a606b5,2,True,2_lipinski_violations
CAND_acc54f1c94,0,True,no_major_descriptor_risk
CAND_fa79213382,0,True,no_major_descriptor_risk
CAND_85888b7bdb,0,True,no_major_descriptor_risk
CAND_761731b1dc,0,True,no_major_descriptor_risk
CAND_7a816ea2c7,0,True,no_major_descriptor_risk
CAND_a45fcab069,0,True,no_major_descriptor_risk
CAND_152b1d9532,0,True,no_major_descriptor_risk
CAND_788571773a,0,True,no_major_descriptor_risk
CAND_00d9174f1e,0,True,no_major_descriptor_risk
CAND_6af953eecd,0,True,no_major_descriptor_risk
CAND_5d32b08369,0,True,no_major_descriptor_risk
CAND_4ff2840bcd,0,True,no_major_descriptor_risk
CAND_65bc0ed680,0,True,no_major_descriptor_risk
CAND_a9ca27dfbb,0,True,no_major_descriptor_risk
CAND_8db2ffa5b1,0,True,no_major_descriptor_risk
CAND_d657c45d0a,0,True,no_major_descriptor_risk
CAND_f13da55552,0,True,no_major_descriptor_risk
CAND_b5d4c77a0b,0,True,no_major_descriptor_risk
CAND_953964254c,0,True,no_major_descriptor_risk
CAND_c5ba052617,0,True,no_major_descriptor_risk
CAND_e4fd369f79,0,True,no_major_descriptor_risk
CAND_8f5ed78833,0,True,no_major_descriptor_risk
CAND_14c635d256,0,True,no_major_descriptor_risk
CAND_c5c360bc17,0,True,no_major_descriptor_risk
CAND_41fb94dbe2,0,True,no_major_descriptor_risk
CAND_221b8aac69,0,True,no_major_descriptor_risk
CAND_a418bad564,0,True,no_major_descriptor_risk
CAND_ba8ed991fd,0,True,no_major_descriptor_risk
CAND_a8dc294e8f,0,True,no_major_descriptor_risk
CAND_4f9f053d4e,1,False,1_lipinski_violations;veber_fail
CAND_c7de5c06d8,0,True,no_major_descriptor_risk
CAND_19a182e2de,0,True,no_major_descriptor_risk
CAND_191dbc1902,0,True,no_major_descriptor_risk
CAND_cf0dcf799a,1,True,1_lipinski_violations
CAND_1c0ed20d99,0,True,no_major_descriptor_risk
CAND_6ff9ed56e5,0,True,no_major_descriptor_risk
CAND_d4117573fd,1,True,1_lipinski_violations
CAND_b5605cb271,0,True,no_major_descriptor_risk
CAND_2ac12dfc4c,1,True,1_lipinski_violations
CAND_abb5edda6d,0,True,no_major_descriptor_risk
CAND_2248498658,0,True,no_major_descriptor_risk
CAND_e8c9b15cd8,0,True,no_major_descriptor_risk
CAND_ae9323c917,0,True,no_major_descriptor_risk
CAND_3e7bc300c1,0,True,no_major_descriptor_risk
CAND_b8ca99728c,0,True,no_major_descriptor_risk
CAND_6a2fb55a1e,0,True,no_major_descriptor_risk
CAND_56e03535a5,0,True,no_major_descriptor_risk
CAND_e82cb67f7d,0,True,no_major_descriptor_risk
CAND_ec77a0bb2d,0,True,no_major_descriptor_risk
CAND_e0bfabb1b7,0,True,no_major_descriptor_risk
CAND_b5896fea79,0,True,no_major_descriptor_risk
CAND_7c4fd38a69,0,True,no_major_descriptor_risk
CAND_60d03ed5de,0,True,no_major_descriptor_risk
CAND_a61693c47a,0,True,no_major_descriptor_risk
CAND_141bd079bb,0,True,no_major_descriptor_risk
CAND_f8200b9c51,1,True,1_lipinski_violations
CAND_3b7002782c,0,True,no_major_descriptor_risk
CAND_ca06dc2614,0,False,veber_fail
CAND_a5c050cb0c,0,False,veber_fail
CAND_91a9e1b0ef,0,True,no_major_descriptor_risk
CAND_9e9e65d6c2,0,False,veber_fail
CAND_be2079b5cb,1,False,1_lipinski_violations;veber_fail
CAND_664fdb0443,0,True,no_major_descriptor_risk
CAND_04222779cf,0,True,no_major_descriptor_risk
CAND_3e5be9d659,0,False,veber_fail
CAND_b8814b4a81,0,True,no_major_descriptor_risk
CAND_a1a4ca2e87,0,True,no_major_descriptor_risk
CAND_9ff6ebb055,0,True,no_major_descriptor_risk
CAND_e7fc90d7ac,0,True,no_major_descriptor_risk
CAND_bc58d1ab4a,0,True,no_major_descriptor_risk
CAND_08da80c6cc,0,True,no_major_descriptor_risk
CAND_7396cd7646,0,True,no_major_descriptor_risk
CAND_130c814d43,0,True,no_major_descriptor_risk
CAND_23752bae34,0,True,no_major_descriptor_risk
CAND_414250d8af,0,True,no_major_descriptor_risk
CAND_69399a780d,0,True,no_major_descriptor_risk
CAND_843c1a02d3,0,True,no_major_descriptor_risk
CAND_e1ec767a5b,1,True,1_lipinski_violations
CAND_fa4bb93e6b,1,False,1_lipinski_violations;veber_fail
CAND_489612085d,1,False,1_lipinski_violations;veber_fail
CAND_a817c7640e,1,True,1_lipinski_violations
CAND_fc7b97ed8e,1,True,1_lipinski_violations
CAND_8519762a53,0,True,no_major_descriptor_risk
CAND_26af886c60,0,True,no_major_descriptor_risk
CAND_4ad9338c39,0,True,no_major_descriptor_risk
CAND_55df75b1f9,1,False,1_lipinski_violations;veber_fail
CAND_25c3ce317e,1,True,1_lipinski_violations
CAND_d33b92dfb3,1,True,1_lipinski_violations
CAND_d7440f92f3,0,True,no_major_descriptor_risk
CAND_7efcb67284,0,True,no_major_descriptor_risk
CAND_7882a425c5,0,True,no_major_descriptor_risk
CAND_44778e1466,0,True,no_major_descriptor_risk
CAND_2d894f0a15,0,True,no_major_descriptor_risk
CAND_f39c3169f2,0,True,no_major_descriptor_risk
CAND_33c881f9db,0,True,no_major_descriptor_risk
CAND_02163bf1ca,0,True,no_major_descriptor_risk
CAND_7d47983512,0,True,no_major_descriptor_risk
CAND_f969f05ce3,0,True,no_major_descriptor_risk
CAND_97f77c5b4a,0,True,no_major_descriptor_risk
CAND_ba28cb7067,0,True,no_major_descriptor_risk
CAND_2e664eff89,0,True,no_major_descriptor_risk
CAND_25aec18a56,0,True,no_major_descriptor_risk
CAND_9c56f5dddd,0,True,no_major_descriptor_risk
CAND_32792aa51d,0,True,no_major_descriptor_risk
CAND_50bdd64181,0,False,veber_fail
CAND_8c6d2ae5d1,0,True,no_major_descriptor_risk
CAND_2d7550789a,0,False,veber_fail
CAND_3ae0390c79,0,True,no_major_descriptor_risk
CAND_38659e93bf,0,True,no_major_descriptor_risk
CAND_aff8848291,0,True,no_major_descriptor_risk
CAND_a6453a8eee,0,True,no_major_descriptor_risk
CAND_4eee33d55e,0,True,no_major_descriptor_risk
CAND_a725b2c1eb,0,True,no_major_descriptor_risk
CAND_9532201434,0,True,no_major_descriptor_risk
CAND_45fd077ab1,0,True,no_major_descriptor_risk
CAND_ac8014d81b,0,True,no_major_descriptor_risk
CAND_f80e610860,0,True,no_major_descriptor_risk
CAND_c32ce57f42,0,True,no_major_descriptor_risk
CAND_1c4e62a847,0,True,no_major_descriptor_risk
CAND_1f57218bcf,0,True,no_major_descriptor_risk
CAND_7d25375c2d,0,True,no_major_descriptor_risk
CAND_060207da8b,0,True,no_major_descriptor_risk
CAND_fbd79771e3,0,True,no_major_descriptor_risk
CAND_af64214270,0,True,no_major_descriptor_risk
CAND_bf1c0519a6,0,True,no_major_descriptor_risk
CAND_bf96f23ef3,0,True,no_major_descriptor_risk
CAND_7822870ac5,0,True,no_major_descriptor_risk
CAND_c7ecc8d71d,0,True,no_major_descriptor_risk
CAND_0a73a9a9e6,0,True,no_major_descriptor_risk
CAND_67450ea5e5,0,True,no_major_descriptor_risk
CAND_4f89d3d1a7,0,True,no_major_descriptor_risk
CAND_8f533b369f,0,True,no_major_descriptor_risk
CAND_988453b220,0,True,no_major_descriptor_risk
CAND_33bb7b5f9a,0,True,no_major_descriptor_risk
CAND_fbdbd164f8,0,True,no_major_descriptor_risk
CAND_3a5edc9a32,0,True,no_major_descriptor_risk
CAND_68dbe3cf7a,0,True,no_major_descriptor_risk
CAND_304149dd61,0,True,no_major_descriptor_risk
CAND_7b7b46f9d8,0,True,no_major_descriptor_risk
CAND_9cb15121ad,0,True,no_major_descriptor_risk
CAND_a2ab69e995,0,True,no_major_descriptor_risk
CAND_ef8b0059ed,0,True,no_major_descriptor_risk
CAND_4f0595de4f,0,True,no_major_descriptor_risk
CAND_eb11efc149,0,True,no_major_descriptor_risk
CAND_62d2b83754,0,True,no_major_descriptor_risk
CAND_8de6a791df,0,False,veber_fail
CAND_33700c4d6e,0,True,no_major_descriptor_risk
CAND_ff560b09ec,0,True,no_major_descriptor_risk
CAND_1a0c47a501,1,True,1_lipinski_violations
CAND_f3ce2fc570,0,True,no_major_descriptor_risk
CAND_5af0235b41,1,True,1_lipinski_violations
CAND_afb19aa8e0,1,True,1_lipinski_violations
CAND_6e56d1ca3f,1,True,1_lipinski_violations
CAND_7d958228d2,1,True,1_lipinski_violations
CAND_bfc555d8ee,1,False,1_lipinski_violations;veber_fail
CAND_1bae63a813,1,True,1_lipinski_violations
CAND_2a1a52a977,1,True,1_lipinski_violations
CAND_a692354d78,0,True,no_major_descriptor_risk
CAND_917b85a20b,1,True,1_lipinski_violations
CAND_6a5e414dcf,1,True,1_lipinski_violations
CAND_09589e3ed9,0,True,no_major_descriptor_risk
CAND_814e3b6e61,0,True,no_major_descriptor_risk
CAND_44831b75c2,0,True,no_major_descriptor_risk
CAND_bff5371ed1,0,True,no_major_descriptor_risk
CAND_ebd5179e6f,1,True,1_lipinski_violations
CAND_70625aa8de,0,True,no_major_descriptor_risk
CAND_db773758b9,1,True,1_lipinski_violations
CAND_c2b5e2188f,1,True,1_lipinski_violations
CAND_9abfd759de,0,True,no_major_descriptor_risk
CAND_8f5691223a,1,True,1_lipinski_violations
CAND_cf20a1666d,0,True,no_major_descriptor_risk
CAND_1273e1b45d,0,True,no_major_descriptor_risk
CAND_b002d0de24,0,True,no_major_descriptor_risk
CAND_93b12f84fa,0,True,no_major_descriptor_risk
CAND_dc007fa426,0,True,no_major_descriptor_risk
CAND_850512d965,0,True,no_major_descriptor_risk
CAND_9958c1b89b,0,True,no_major_descriptor_risk
CAND_f7dc69667c,0,True,no_major_descriptor_risk
CAND_90e11b905a,0,False,veber_fail
CAND_2c4a950acd,0,True,no_major_descriptor_risk
CAND_7f4cb2dbc4,0,True,no_major_descriptor_risk
CAND_174292b8c5,0,True,no_major_descriptor_risk
CAND_a83cb6dab1,0,True,no_major_descriptor_risk
CAND_6f8cd3b430,0,False,veber_fail
CAND_87cc933744,0,True,no_major_descriptor_risk
CAND_ad2d7fc9e9,0,False,veber_fail
CAND_bfcd090eb7,0,True,no_major_descriptor_risk
CAND_94438394ea,0,True,no_major_descriptor_risk
CAND_53387a88c9,0,True,no_major_descriptor_risk
CAND_dccc04cac9,0,True,no_major_descriptor_risk
CAND_2e07988ce7,0,True,no_major_descriptor_risk
CAND_ce7a7a2fc0,0,True,no_major_descriptor_risk
CAND_ae132be572,0,True,no_major_descriptor_risk
CAND_d4710ef614,0,False,veber_fail
CAND_c5a2bc585d,0,True,no_major_descriptor_risk
CAND_3348240baa,0,True,no_major_descriptor_risk
CAND_f8198e4af0,0,True,no_major_descriptor_risk
CAND_203c884c20,0,False,veber_fail
CAND_b9e6b5c9e7,0,True,no_major_descriptor_risk
CAND_78d1339076,0,True,no_major_descriptor_risk
CAND_4171a15644,0,True,no_major_descriptor_risk
CAND_156116d17a,0,True,no_major_descriptor_risk
CAND_d3f1299376,1,True,1_lipinski_violations
CAND_f3cfb6c529,1,True,1_lipinski_violations
CAND_69f9fc2774,1,True,1_lipinski_violations
CAND_70315c0601,1,True,1_lipinski_violations
CAND_9586d6d731,1,True,1_lipinski_violations
CAND_74cbd174ee,1,True,1_lipinski_violations
CAND_91e7ab0334,1,True,1_lipinski_violations
CAND_c13250c0c8,1,True,1_lipinski_violations
CAND_f8de5ce60b,1,True,1_lipinski_violations
CAND_2c24670c71,1,True,1_lipinski_violations
CAND_457e50ce6d,0,True,no_major_descriptor_risk
CAND_5ea4bb8ddb,1,False,1_lipinski_violations;veber_fail
CAND_b5398e1c8f,1,True,1_lipinski_violations
CAND_25ec6eec84,1,True,1_lipinski_violations
CAND_3a147ebd92,1,True,1_lipinski_violations
CAND_a2e7f77b01,1,True,1_lipinski_violations
CAND_451e3035be,1,True,1_lipinski_violations
CAND_cff7b9d458,1,False,1_lipinski_violations;veber_fail
CAND_1447a0362c,1,True,1_lipinski_violations
CAND_c465554f48,1,True,1_lipinski_violations
CAND_67be011ae6,0,True,no_major_descriptor_risk
CAND_c712ed785e,1,False,1_lipinski_violations;veber_fail
CAND_2b4b75c559,0,True,no_major_descriptor_risk
CAND_18ee99790e,1,False,1_lipinski_violations;veber_fail
CAND_da13eb2a59,1,True,1_lipinski_violations
CAND_3f206a4c03,1,False,1_lipinski_violations;veber_fail
CAND_d129610859,0,True,no_major_descriptor_risk
CAND_1bab43cd1a,0,True,no_major_descriptor_risk
CAND_cd21eb9dd9,0,True,no_major_descriptor_risk
CAND_ef948fd2ca,0,True,no_major_descriptor_risk
CAND_7187d5d3e2,0,True,no_major_descriptor_risk
CAND_f20e3fe9be,0,True,no_major_descriptor_risk
CAND_f948a43e6a,0,True,no_major_descriptor_risk
CAND_c918edb1a8,0,True,no_major_descriptor_risk
CAND_e3e3e33b43,0,True,no_major_descriptor_risk
CAND_7f357f8cd5,1,True,1_lipinski_violations
CAND_6edee7ee90,0,True,no_major_descriptor_risk
CAND_e63ba7098c,0,True,no_major_descriptor_risk
CAND_64a53529ce,0,True,no_major_descriptor_risk
CAND_c75e30f1bc,0,True,no_major_descriptor_risk
CAND_e41622a7fd,1,True,1_lipinski_violations
CAND_6dd4fc99b7,0,True,no_major_descriptor_risk
CAND_70410126d1,0,False,veber_fail
CAND_de48e15237,1,True,1_lipinski_violations
CAND_56c2e2aab5,0,True,no_major_descriptor_risk
CAND_ccc51287d6,1,True,1_lipinski_violations
CAND_02b2196c7c,2,False,2_lipinski_violations;veber_fail
CAND_755a416806,0,True,no_major_descriptor_risk
CAND_8281cfb48a,2,False,2_lipinski_violations;veber_fail
CAND_797aa2ddf2,1,True,1_lipinski_violations
CAND_2c4ff1a208,1,True,1_lipinski_violations
CAND_de9cd72a91,1,True,1_lipinski_violations
CAND_c236a64cf6,0,True,no_major_descriptor_risk
CAND_c7474e3e57,1,True,1_lipinski_violations
CAND_e0638e79da,0,True,no_major_descriptor_risk
CAND_46d1ee4e40,0,False,veber_fail
CAND_143e90fbe5,0,True,no_major_descriptor_risk
CAND_e8e6a3bd29,0,True,no_major_descriptor_risk
CAND_22a0918f6a,0,True,no_major_descriptor_risk
CAND_8e56dc689a,0,True,no_major_descriptor_risk
CAND_2f2efda105,0,True,no_major_descriptor_risk
CAND_39cdeb7dcc,0,True,no_major_descriptor_risk
CAND_2652315dae,0,True,no_major_descriptor_risk
CAND_913fa4f21b,0,False,veber_fail
CAND_5f1a0ff638,0,True,no_major_descriptor_risk
CAND_5570d1b4fb,1,True,1_lipinski_violations
CAND_4ba6db14a3,1,False,1_lipinski_violations;veber_fail
CAND_bb013c0f5e,1,True,1_lipinski_violations
CAND_ed4fdb34b1,1,True,1_lipinski_violations
CAND_e6a9e2de5e,1,False,1_lipinski_violations;veber_fail
CAND_0fe1b5a640,0,True,no_major_descriptor_risk
CAND_959bb3f790,1,True,1_lipinski_violations
CAND_ab9a95354f,1,True,1_lipinski_violations
CAND_ed111e0e4b,1,True,1_lipinski_violations
CAND_0a68cc094a,2,True,2_lipinski_violations
CAND_35811d5578,0,True,no_major_descriptor_risk
CAND_5139a722e4,1,True,1_lipinski_violations
CAND_57d607cdfd,0,True,no_major_descriptor_risk
CAND_480fee8ed1,0,True,no_major_descriptor_risk
CAND_f2aef14dcc,0,True,no_major_descriptor_risk
CAND_5b23ff002a,0,True,no_major_descriptor_risk
CAND_d93751c7a4,0,True,no_major_descriptor_risk
CAND_c0de9e1465,0,True,no_major_descriptor_risk
CAND_605be73110,0,True,no_major_descriptor_risk
CAND_d3023f77ff,1,True,1_lipinski_violations
CAND_9fc598a548,0,True,no_major_descriptor_risk
CAND_2fa6685a68,0,True,no_major_descriptor_risk
CAND_58a5416235,1,False,1_lipinski_violations;veber_fail
CAND_11b406b9bd,1,True,1_lipinski_violations
CAND_2100ee8a15,0,True,no_major_descriptor_risk
CAND_38d33f87dc,0,True,no_major_descriptor_risk
CAND_0573eb469f,0,True,no_major_descriptor_risk
CAND_1b2dd626cc,1,False,1_lipinski_violations;veber_fail
CAND_eb2a04df00,0,False,veber_fail
CAND_829107624f,0,True,no_major_descriptor_risk
CAND_15f09e306b,0,True,no_major_descriptor_risk
CAND_35a270a0c0,0,True,no_major_descriptor_risk
CAND_c28d6877ef,0,True,no_major_descriptor_risk
CAND_f45cc12f40,0,False,veber_fail
CAND_fb4594ef90,0,True,no_major_descriptor_risk
CAND_2bd3788125,0,True,no_major_descriptor_risk
CAND_bfb1c23227,0,True,no_major_descriptor_risk
CAND_3606947800,0,True,no_major_descriptor_risk
CAND_6d89ea5c37,0,True,no_major_descriptor_risk
CAND_0da62859b3,0,True,no_major_descriptor_risk
CAND_e0c99fb77a,0,True,no_major_descriptor_risk
CAND_83a3051830,0,True,no_major_descriptor_risk
CAND_a1d6bc1fc3,0,True,no_major_descriptor_risk
CAND_b7778500be,0,True,no_major_descriptor_risk
CAND_ed96cf65e5,0,True,no_major_descriptor_risk
CAND_b07471dc99,0,True,no_major_descriptor_risk
CAND_267c9674c4,0,True,no_major_descriptor_risk
CAND_f38f39b9e5,0,True,no_major_descriptor_risk
CAND_6a4f7b4adb,0,True,no_major_descriptor_risk
CAND_717c028b62,0,True,no_major_descriptor_risk
CAND_c38b9b7897,0,True,no_major_descriptor_risk
CAND_93e1d3bccf,0,True,no_major_descriptor_risk
CAND_c31acf1050,0,True,no_major_descriptor_risk
CAND_c7b3e02350,0,True,no_major_descriptor_risk
CAND_2c72e0cb51,0,True,no_major_descriptor_risk
CAND_e4ef2d4a2e,0,True,no_major_descriptor_risk
CAND_9a17b2559a,0,True,no_major_descriptor_risk
CAND_8ec15e5706,0,True,no_major_descriptor_risk
CAND_d799d0427f,0,True,no_major_descriptor_risk
CAND_552e1e56b8,0,True,no_major_descriptor_risk
CAND_81527ea4ff,0,True,no_major_descriptor_risk
CAND_0ce43a81e6,0,True,no_major_descriptor_risk
CAND_ecf01c944b,0,True,no_major_descriptor_risk
CAND_d69f8c8d4a,0,True,no_major_descriptor_risk
CAND_7147db7db8,0,True,no_major_descriptor_risk
CAND_8ef62625a1,0,True,no_major_descriptor_risk
CAND_4b9b805b3b,0,True,no_major_descriptor_risk
CAND_0b41269f7c,0,True,no_major_descriptor_risk
CAND_637a0ef9fa,0,True,no_major_descriptor_risk
CAND_9586d6e3b7,0,True,no_major_descriptor_risk
CAND_0889988d17,0,True,no_major_descriptor_risk
CAND_6a1a6aaa68,0,True,no_major_descriptor_risk
CAND_14e778c263,0,True,no_major_descriptor_risk
CAND_8a89201c62,0,True,no_major_descriptor_risk
CAND_dec8a7d41e,1,True,1_lipinski_violations
CAND_3596d87154,1,True,1_lipinski_violations
CAND_5eef89d67a,1,True,1_lipinski_violations
CAND_c239ee8297,1,False,1_lipinski_violations;veber_fail
CAND_76c77c45c6,1,False,1_lipinski_violations;veber_fail
CAND_d43488536e,1,True,1_lipinski_violations
CAND_db071ffb2d,1,True,1_lipinski_violations
CAND_2499d6f687,1,True,1_lipinski_violations
CAND_39da4b73c2,1,True,1_lipinski_violations
CAND_e38184ae98,0,True,no_major_descriptor_risk
CAND_2ca4fd2f23,1,False,1_lipinski_violations;veber_fail
CAND_5dec84f9c8,1,True,1_lipinski_violations
CAND_ba2ef11993,0,True,no_major_descriptor_risk
CAND_f0cddf3e53,0,True,no_major_descriptor_risk
CAND_46866e82d7,0,True,no_major_descriptor_risk
CAND_57d866396c,0,True,no_major_descriptor_risk
CAND_e99521557f,0,True,no_major_descriptor_risk
CAND_f1a4bc49b6,0,True,no_major_descriptor_risk
CAND_cc70ad3aa7,0,True,no_major_descriptor_risk
CAND_5241fed012,0,True,no_major_descriptor_risk
CAND_0096fe8b7b,0,True,no_major_descriptor_risk
CAND_87667deadb,0,True,no_major_descriptor_risk
CAND_433987864a,0,True,no_major_descriptor_risk
CAND_2cfe56de77,1,True,1_lipinski_violations
CAND_93ce20b384,1,True,1_lipinski_violations
CAND_17e4f9607c,1,True,1_lipinski_violations
CAND_3313baf2be,1,True,1_lipinski_violations
CAND_83bdd9e09d,0,True,no_major_descriptor_risk
CAND_f637dcdbfb,0,True,no_major_descriptor_risk
CAND_a74c046c62,1,True,1_lipinski_violations
CAND_e7990c10b9,1,True,1_lipinski_violations
CAND_af6dcf065d,1,False,1_lipinski_violations;veber_fail
CAND_076c3ba898,1,True,1_lipinski_violations
CAND_0542f872a6,0,True,no_major_descriptor_risk
CAND_2ddcd8c4f6,0,True,no_major_descriptor_risk
CAND_7be31a40fa,0,True,no_major_descriptor_risk
CAND_f8e2421296,0,True,no_major_descriptor_risk
CAND_a8eb0fcdc0,0,True,no_major_descriptor_risk
CAND_b7ffc39eb8,0,True,no_major_descriptor_risk
CAND_832635225b,0,True,no_major_descriptor_risk
CAND_88ac7ed28e,0,True,no_major_descriptor_risk
CAND_75cfae79fe,0,True,no_major_descriptor_risk
CAND_02bb761bd1,0,True,no_major_descriptor_risk
CAND_abdc924256,1,False,1_lipinski_violations;veber_fail
CAND_ebc4696a12,0,True,no_major_descriptor_risk
CAND_fb94431c7b,1,True,1_lipinski_violations
CAND_6f84663c98,2,True,2_lipinski_violations
CAND_777ae6093b,0,True,no_major_descriptor_risk
CAND_f83bb66ce7,0,True,no_major_descriptor_risk
CAND_e36487f2c5,0,True,no_major_descriptor_risk
CAND_8c92069446,0,True,no_major_descriptor_risk
CAND_55972ce4f0,0,True,no_major_descriptor_risk
CAND_f84e7915cd,1,True,1_lipinski_violations
CAND_e6d62a6e97,0,True,no_major_descriptor_risk
CAND_a87c82d2f8,0,True,no_major_descriptor_risk
CAND_29f64a1113,0,True,no_major_descriptor_risk
CAND_553fe4027b,0,True,no_major_descriptor_risk
CAND_ae50e71b05,0,True,no_major_descriptor_risk
CAND_3f19203b4d,0,True,no_major_descriptor_risk
CAND_2b99a71121,0,True,no_major_descriptor_risk
CAND_4ab5e086bd,0,True,no_major_descriptor_risk
CAND_b815a1fef1,0,True,no_major_descriptor_risk
CAND_518ac723b0,0,True,no_major_descriptor_risk
CAND_41068dd649,0,True,no_major_descriptor_risk
CAND_f8c06d9738,0,True,no_major_descriptor_risk
CAND_be213c1616,0,True,no_major_descriptor_risk
CAND_e3dd6c9531,0,True,no_major_descriptor_risk
CAND_34d637516c,0,True,no_major_descriptor_risk
CAND_5db530d135,0,True,no_major_descriptor_risk
CAND_b7ba3c9246,0,True,no_major_descriptor_risk
CAND_461f39dde3,0,True,no_major_descriptor_risk
CAND_ce0b2a6093,0,True,no_major_descriptor_risk
CAND_847a705cbc,0,True,no_major_descriptor_risk
CAND_b9805b6a27,0,True,no_major_descriptor_risk
CAND_c57a78f6ee,0,True,no_major_descriptor_risk
CAND_6e5f6be1ea,0,True,no_major_descriptor_risk
CAND_4f6273d0f3,1,False,1_lipinski_violations;veber_fail
CAND_cff3e77528,0,True,no_major_descriptor_risk
CAND_676db70c1c,0,True,no_major_descriptor_risk
CAND_614f25bdd9,1,False,1_lipinski_violations;veber_fail
CAND_831fa67e62,0,True,no_major_descriptor_risk
CAND_741fbbb8a0,1,True,1_lipinski_violations
CAND_6c98335e4a,0,True,no_major_descriptor_risk
CAND_1393b014eb,0,True,no_major_descriptor_risk
CAND_cd419787a1,1,False,1_lipinski_violations;veber_fail
CAND_60006c9477,0,True,no_major_descriptor_risk
CAND_4ba467ac8d,0,True,no_major_descriptor_risk
CAND_c16d99d70c,0,True,no_major_descriptor_risk
CAND_e48019aa15,0,True,no_major_descriptor_risk
CAND_904261de6d,0,True,no_major_descriptor_risk
CAND_efb267d595,0,True,no_major_descriptor_risk
CAND_3088fd025d,0,True,no_major_descriptor_risk
CAND_06dc9af806,0,True,no_major_descriptor_risk
CAND_f55758e8f0,0,True,no_major_descriptor_risk
CAND_5671427068,0,True,no_major_descriptor_risk
CAND_032f235861,1,True,1_lipinski_violations
CAND_dad95cce97,1,False,1_lipinski_violations;veber_fail
CAND_56bcd8cb1f,0,True,no_major_descriptor_risk
CAND_b8536fbab5,1,False,1_lipinski_violations;veber_fail
CAND_85b781378d,1,False,1_lipinski_violations;veber_fail
CAND_1ca01f4948,2,False,2_lipinski_violations;veber_fail
CAND_352ce4dbb1,1,True,1_lipinski_violations
CAND_3a78e9a950,1,False,1_lipinski_violations;veber_fail
CAND_acc26358e2,1,False,1_lipinski_violations;veber_fail
CAND_7f20c2f0b7,0,True,no_major_descriptor_risk
CAND_44de30f1b9,3,False,3_lipinski_violations;veber_fail
CAND_25c672e460,1,False,1_lipinski_violations;veber_fail
CAND_b21f45351e,0,True,no_major_descriptor_risk
CAND_f8ed674859,1,True,1_lipinski_violations
CAND_51452641d5,1,True,1_lipinski_violations
CAND_3511dcf280,1,True,1_lipinski_violations
CAND_fe8c245bb5,0,True,no_major_descriptor_risk
CAND_1b8404c9dc,1,False,1_lipinski_violations;veber_fail
CAND_29a58998f0,0,True,no_major_descriptor_risk
CAND_ea1c2bed43,0,True,no_major_descriptor_risk
CAND_852b852b87,1,True,1_lipinski_violations
CAND_cf19572ada,0,True,no_major_descriptor_risk
CAND_5c509683a4,1,True,1_lipinski_violations
CAND_6ba62c6584,0,True,no_major_descriptor_risk
CAND_48adfbd5cf,0,True,no_major_descriptor_risk
CAND_e4402c3cd5,0,True,no_major_descriptor_risk
CAND_efcd04d674,0,True,no_major_descriptor_risk
CAND_78bb3c75da,0,True,no_major_descriptor_risk
CAND_760659a5da,0,True,no_major_descriptor_risk
CAND_35b1173c96,0,True,no_major_descriptor_risk
CAND_e28d9c3808,0,True,no_major_descriptor_risk
CAND_2be0538f8f,0,True,no_major_descriptor_risk
CAND_0b1d367892,0,True,no_major_descriptor_risk
CAND_f2a19f1914,0,True,no_major_descriptor_risk
CAND_4125838884,0,True,no_major_descriptor_risk
CAND_f1376eb3f5,0,True,no_major_descriptor_risk
CAND_884d52de45,0,True,no_major_descriptor_risk
CAND_b54e9e6dfe,0,True,no_major_descriptor_risk
CAND_72ef4a88b4,0,True,no_major_descriptor_risk
CAND_f0e2ee236e,0,True,no_major_descriptor_risk
CAND_4545464ac0,0,True,no_major_descriptor_risk
CAND_cf2813072c,0,False,veber_fail
CAND_343afb9596,0,True,no_major_descriptor_risk
CAND_b30d0d3799,0,True,no_major_descriptor_risk
CAND_331f71e66a,0,True,no_major_descriptor_risk
CAND_9ce6334ba0,0,True,no_major_descriptor_risk
CAND_c92d4cb8ce,0,False,veber_fail
CAND_2ca54e294d,0,True,no_major_descriptor_risk
CAND_8bfeb62f4a,0,True,no_major_descriptor_risk
CAND_1899452d0a,0,True,no_major_descriptor_risk
CAND_3cc4599694,0,True,no_major_descriptor_risk
CAND_10b0fc8e63,0,True,no_major_descriptor_risk
CAND_19d6c655bf,0,False,veber_fail
CAND_99d40b7fe0,0,True,no_major_descriptor_risk
CAND_bf81a30e55,0,True,no_major_descriptor_risk
CAND_71f9786c77,0,True,no_major_descriptor_risk
CAND_29c76adcaf,1,True,1_lipinski_violations
CAND_5d55803286,0,True,no_major_descriptor_risk
CAND_c7f7ae1dac,0,True,no_major_descriptor_risk
CAND_5434b63130,0,True,no_major_descriptor_risk
CAND_2cb48f006c,0,True,no_major_descriptor_risk
CAND_7413ac105c,0,True,no_major_descriptor_risk
CAND_719ee733e8,0,True,no_major_descriptor_risk
CAND_fbf450aba7,0,True,no_major_descriptor_risk
CAND_fcd293a9ed,0,True,no_major_descriptor_risk
CAND_6902891abf,0,True,no_major_descriptor_risk
CAND_20f4beabcf,0,True,no_major_descriptor_risk
CAND_ea53de1661,0,True,no_major_descriptor_risk
CAND_099b935d0e,0,True,no_major_descriptor_risk
CAND_9197ee01b3,0,True,no_major_descriptor_risk
CAND_99627c6ae5,0,True,no_major_descriptor_risk
CAND_dbdae18701,0,True,no_major_descriptor_risk
CAND_2584beb1c0,0,True,no_major_descriptor_risk
CAND_9eb7bf2c65,0,True,no_major_descriptor_risk
CAND_98b7791fbf,0,True,no_major_descriptor_risk
CAND_afb0d7da60,0,True,no_major_descriptor_risk
CAND_ae6566ad07,1,True,1_lipinski_violations
CAND_61f35a057d,1,True,1_lipinski_violations
CAND_61b0fa8111,1,True,1_lipinski_violations
CAND_90ed591573,1,True,1_lipinski_violations
CAND_a00b5dfdfb,1,True,1_lipinski_violations
CAND_fe18ec0688,1,True,1_lipinski_violations
CAND_7da4263f82,1,True,1_lipinski_violations
CAND_5bb13ef8fb,1,True,1_lipinski_violations
CAND_ba3d730f77,0,True,no_major_descriptor_risk
CAND_88483c2898,0,False,veber_fail
CAND_54be2943b6,0,False,veber_fail
CAND_458c7afc48,0,True,no_major_descriptor_risk
CAND_5735b2a387,0,True,no_major_descriptor_risk
CAND_4861c2d882,0,True,no_major_descriptor_risk
CAND_2413696eff,0,True,no_major_descriptor_risk
CAND_7580757537,0,True,no_major_descriptor_risk
CAND_dfaf4f488f,0,True,no_major_descriptor_risk
CAND_cf90506327,0,False,veber_fail
CAND_135f71c9b8,0,True,no_major_descriptor_risk
CAND_203dad43d1,0,True,no_major_descriptor_risk
CAND_5dd00759da,0,True,no_major_descriptor_risk
CAND_4a79ba8e13,0,True,no_major_descriptor_risk
CAND_d70ea0dac8,0,True,no_major_descriptor_risk
CAND_8804c5158c,0,True,no_major_descriptor_risk
CAND_e984d68b65,0,True,no_major_descriptor_risk
CAND_a848ee123b,0,True,no_major_descriptor_risk
CAND_344d035961,0,True,no_major_descriptor_risk
CAND_ed225ee7c9,0,True,no_major_descriptor_risk
CAND_38e41ea17b,0,True,no_major_descriptor_risk
CAND_d0096265d0,0,True,no_major_descriptor_risk
CAND_7eb0ffc030,0,True,no_major_descriptor_risk
CAND_bc32a271d5,0,True,no_major_descriptor_risk
CAND_db287c5d21,0,True,no_major_descriptor_risk
CAND_727cbd5a65,0,True,no_major_descriptor_risk
CAND_ce48ae1d96,0,True,no_major_descriptor_risk
CAND_280a976914,0,True,no_major_descriptor_risk
CAND_df35fafe37,0,True,no_major_descriptor_risk
CAND_71d3aa3c12,0,True,no_major_descriptor_risk
CAND_201a349205,0,True,no_major_descriptor_risk
CAND_b175585db3,0,True,no_major_descriptor_risk
CAND_b82cb5a678,0,True,no_major_descriptor_risk
CAND_1ee62ff214,0,True,no_major_descriptor_risk
CAND_e8d1cd05a7,0,True,no_major_descriptor_risk
CAND_a32815604b,0,True,no_major_descriptor_risk
CAND_e5cb0eb3ce,0,True,no_major_descriptor_risk
CAND_3768b076b2,0,True,no_major_descriptor_risk
CAND_e5457c5a16,0,True,no_major_descriptor_risk
CAND_85f49cbc22,0,True,no_major_descriptor_risk
CAND_5faf1754e4,0,True,no_major_descriptor_risk
CAND_3b9bd7126b,0,True,no_major_descriptor_risk
CAND_b750fcb6f0,0,True,no_major_descriptor_risk
CAND_4c6bb6280c,1,True,1_lipinski_violations
CAND_46f37ea29c,1,False,1_lipinski_violations;veber_fail
CAND_3f800620b0,1,True,1_lipinski_violations
CAND_0aedf85adb,1,True,1_lipinski_violations
CAND_9cb6a29d8d,1,True,1_lipinski_violations
CAND_38da9ca937,1,True,1_lipinski_violations
CAND_7f36b4af3e,0,True,no_major_descriptor_risk
CAND_03975a94ae,1,True,1_lipinski_violations
CAND_128543700c,2,True,2_lipinski_violations
CAND_7dc5270691,1,True,1_lipinski_violations
CAND_a90fa8ad6e,1,False,1_lipinski_violations;veber_fail
CAND_db14dce7ee,1,False,1_lipinski_violations;veber_fail
CAND_54ebf848da,0,True,no_major_descriptor_risk
CAND_c72a6207b7,1,True,1_lipinski_violations
CAND_914774ac40,1,True,1_lipinski_violations
CAND_86b3bd198b,0,True,no_major_descriptor_risk
CAND_e9b1e9bd89,1,False,1_lipinski_violations;veber_fail
CAND_719cc803dc,1,True,1_lipinski_violations
CAND_3d3d2ca880,0,True,no_major_descriptor_risk
CAND_6414a81d5f,1,True,1_lipinski_violations
CAND_38daa37c42,1,True,1_lipinski_violations
CAND_9d130d96af,0,True,no_major_descriptor_risk
CAND_5efc50b667,0,True,no_major_descriptor_risk
CAND_11e9392150,0,True,no_major_descriptor_risk
CAND_ffd34f3aea,0,True,no_major_descriptor_risk
CAND_ac29a02135,0,True,no_major_descriptor_risk
CAND_cd1b05bb61,0,True,no_major_descriptor_risk
CAND_46decb4af2,0,True,no_major_descriptor_risk
CAND_7bdd88f46c,0,True,no_major_descriptor_risk
CAND_a037bda383,0,True,no_major_descriptor_risk
CAND_24093906e7,0,True,no_major_descriptor_risk
CAND_ac666a61f2,0,True,no_major_descriptor_risk
CAND_d5c98a2d76,0,True,no_major_descriptor_risk
CAND_e152880eb7,0,True,no_major_descriptor_risk
CAND_832b6b0435,0,True,no_major_descriptor_risk
CAND_7078d9f5b1,0,True,no_major_descriptor_risk
CAND_99feb407ff,0,True,no_major_descriptor_risk
CAND_d05014800c,0,True,no_major_descriptor_risk
CAND_0c8149ffc5,0,True,no_major_descriptor_risk
CAND_ee9c621054,0,True,no_major_descriptor_risk
CAND_79a68e7d71,0,True,no_major_descriptor_risk
CAND_fd4c55ada1,0,True,no_major_descriptor_risk
CAND_e363a9981f,0,True,no_major_descriptor_risk
CAND_71497ef4a6,0,True,no_major_descriptor_risk
CAND_164da61b83,0,True,no_major_descriptor_risk
CAND_fa3060f737,0,True,no_major_descriptor_risk
CAND_929f868464,0,True,no_major_descriptor_risk
CAND_80877570c2,0,True,no_major_descriptor_risk
CAND_8d7dae0c8d,0,True,no_major_descriptor_risk
CAND_472476eeb3,0,True,no_major_descriptor_risk
CAND_9557d568de,0,True,no_major_descriptor_risk
CAND_f2f6e4d3e6,0,True,no_major_descriptor_risk
CAND_fd6b88bd62,0,True,no_major_descriptor_risk
CAND_59d2491752,0,True,no_major_descriptor_risk
CAND_2d8945993b,0,True,no_major_descriptor_risk
CAND_90cf0c09a1,0,True,no_major_descriptor_risk
CAND_4526064722,0,True,no_major_descriptor_risk
CAND_391a2e4764,0,True,no_major_descriptor_risk
CAND_7c8d650b01,0,True,no_major_descriptor_risk
CAND_2a8884e2ab,0,True,no_major_descriptor_risk
CAND_fbb7dafca7,0,True,no_major_descriptor_risk
CAND_3191dcb3e1,0,True,no_major_descriptor_risk
CAND_3dcd5bb635,0,True,no_major_descriptor_risk
CAND_4730f7efde,0,True,no_major_descriptor_risk
CAND_d05e400ff2,0,True,no_major_descriptor_risk
CAND_41970aca9f,0,True,no_major_descriptor_risk
CAND_143041a5b8,0,True,no_major_descriptor_risk
CAND_5f0ab8b83e,0,True,no_major_descriptor_risk
CAND_757807fd14,0,True,no_major_descriptor_risk
CAND_8a3ee1e9f9,0,True,no_major_descriptor_risk
CAND_1b2166a740,0,True,no_major_descriptor_risk
CAND_d71dc4bd2d,0,True,no_major_descriptor_risk
CAND_dcef4af228,0,True,no_major_descriptor_risk
CAND_c16644c1e9,1,True,1_lipinski_violations
CAND_52fbae5549,1,True,1_lipinski_violations
CAND_39c65b86dd,1,True,1_lipinski_violations
CAND_2a39777676,1,True,1_lipinski_violations
CAND_fe6aa980d1,1,True,1_lipinski_violations
CAND_905fd1f5ff,1,False,1_lipinski_violations;veber_fail
CAND_d0b62d19b7,1,False,1_lipinski_violations;veber_fail
CAND_1dfa0fd154,1,True,1_lipinski_violations
CAND_9b113590a7,1,True,1_lipinski_violations
CAND_fce2558e0e,0,True,no_major_descriptor_risk
CAND_e2acb8a927,0,False,veber_fail
CAND_0747c79831,0,True,no_major_descriptor_risk
CAND_19aa6c94de,0,True,no_major_descriptor_risk
CAND_45b4ddb700,0,True,no_major_descriptor_risk
CAND_5400797dd8,0,True,no_major_descriptor_risk
CAND_cc26a07a6d,0,True,no_major_descriptor_risk
CAND_e9b6aa0faf,0,True,no_major_descriptor_risk
CAND_5881df6b3e,0,True,no_major_descriptor_risk
CAND_4038a3217c,0,True,no_major_descriptor_risk
CAND_94f399ddab,0,True,no_major_descriptor_risk
CAND_466ddb68e6,0,True,no_major_descriptor_risk
CAND_909ceafba4,0,True,no_major_descriptor_risk
CAND_f3d4556a8b,0,True,no_major_descriptor_risk
CAND_5aaa483553,0,True,no_major_descriptor_risk
CAND_ab5598f4f0,0,True,no_major_descriptor_risk
CAND_6127b7b067,0,True,no_major_descriptor_risk
CAND_5e3a568f7d,0,True,no_major_descriptor_risk
CAND_9272bf8fad,0,True,no_major_descriptor_risk
CAND_38cffe86c4,0,True,no_major_descriptor_risk
CAND_198e902ccd,0,True,no_major_descriptor_risk
CAND_bd73a5e3b3,0,True,no_major_descriptor_risk
CAND_f9c59cb07d,0,True,no_major_descriptor_risk
CAND_77f481d410,0,True,no_major_descriptor_risk
CAND_e6532fa206,0,True,no_major_descriptor_risk
CAND_88f6fa018b,0,True,no_major_descriptor_risk
CAND_fd24230941,0,True,no_major_descriptor_risk
CAND_4fda7bc0a9,0,True,no_major_descriptor_risk
CAND_1433225568,0,True,no_major_descriptor_risk
CAND_b9a862d03e,0,True,no_major_descriptor_risk
CAND_a68dc1bc33,0,True,no_major_descriptor_risk
CAND_881085c48e,0,True,no_major_descriptor_risk
CAND_5b71ffca58,0,True,no_major_descriptor_risk
CAND_daf82c369e,0,True,no_major_descriptor_risk
CAND_aa8e6ac2e5,0,True,no_major_descriptor_risk
CAND_a75a3ddad9,0,True,no_major_descriptor_risk
CAND_0da7e9ade0,0,True,no_major_descriptor_risk
CAND_a31dfa188e,0,False,veber_fail
CAND_412d46725c,0,True,no_major_descriptor_risk
CAND_d8ca5c309a,0,True,no_major_descriptor_risk
CAND_68124d40ce,0,True,no_major_descriptor_risk
CAND_5ce18d9a67,0,True,no_major_descriptor_risk
CAND_181b031fe0,0,True,no_major_descriptor_risk
CAND_e2dcbc311a,0,True,no_major_descriptor_risk
CAND_f2f793b60c,0,True,no_major_descriptor_risk
CAND_ba768f8d22,0,True,no_major_descriptor_risk
CAND_2848d45551,0,True,no_major_descriptor_risk
CAND_9f30276a8f,0,True,no_major_descriptor_risk
CAND_a226b92ca0,0,True,no_major_descriptor_risk
CAND_f2b3ea21e5,0,True,no_major_descriptor_risk
CAND_ff099f671e,0,True,no_major_descriptor_risk
CAND_f683194089,0,True,no_major_descriptor_risk
CAND_8000f952a1,0,True,no_major_descriptor_risk
CAND_1176f07050,0,True,no_major_descriptor_risk
CAND_397dd7ec00,0,True,no_major_descriptor_risk
CAND_ff3c7c6085,0,True,no_major_descriptor_risk
CAND_7242b3d152,0,True,no_major_descriptor_risk
CAND_d749417818,0,True,no_major_descriptor_risk
CAND_5d66180b72,0,True,no_major_descriptor_risk
CAND_1b1dccdaaf,0,True,no_major_descriptor_risk
CAND_27954d62da,0,True,no_major_descriptor_risk
CAND_22b9343ecc,0,True,no_major_descriptor_risk
CAND_ac54f530b8,0,True,no_major_descriptor_risk
CAND_9ef0898160,0,True,no_major_descriptor_risk
CAND_1c62f37f34,0,True,no_major_descriptor_risk
CAND_db44b62596,0,True,no_major_descriptor_risk
CAND_1e93045892,0,True,no_major_descriptor_risk
CAND_df4207e98a,0,True,no_major_descriptor_risk
CAND_c02fc963dd,0,True,no_major_descriptor_risk
CAND_2b11517983,0,True,no_major_descriptor_risk
CAND_de8adae0c9,0,True,no_major_descriptor_risk
CAND_a30de9a90d,0,True,no_major_descriptor_risk
CAND_156493402d,0,True,no_major_descriptor_risk
CAND_e5f44d2c26,0,True,no_major_descriptor_risk
CAND_3dc2954ba5,0,True,no_major_descriptor_risk
CAND_bf84076ebd,0,False,veber_fail
CAND_ba7d317527,0,True,no_major_descriptor_risk
CAND_c3b175fc57,0,True,no_major_descriptor_risk
CAND_695bc60caa,0,True,no_major_descriptor_risk
CAND_d7304be4d6,1,True,1_lipinski_violations
CAND_8d34336567,0,True,no_major_descriptor_risk
CAND_6ddf6d2116,0,True,no_major_descriptor_risk
CAND_5ee0f1d13e,0,True,no_major_descriptor_risk
CAND_25463b7d1d,0,True,no_major_descriptor_risk
CAND_a2e494d2f2,0,True,no_major_descriptor_risk
CAND_4be59170c2,0,True,no_major_descriptor_risk
CAND_3c05a7b8fa,0,True,no_major_descriptor_risk
CAND_d933bf5bf7,0,True,no_major_descriptor_risk
CAND_ce98b11335,0,True,no_major_descriptor_risk
CAND_bad7d32bbd,0,True,no_major_descriptor_risk
CAND_a7161d2ce1,0,True,no_major_descriptor_risk
CAND_26fa7aaffa,0,True,no_major_descriptor_risk
CAND_9cb7ddad05,0,True,no_major_descriptor_risk
CAND_96d6bbfc96,0,True,no_major_descriptor_risk
CAND_38b5679c36,0,True,no_major_descriptor_risk
CAND_a1cc190e1b,0,True,no_major_descriptor_risk
CAND_f08d205e13,0,True,no_major_descriptor_risk
CAND_7199fc7e1a,0,True,no_major_descriptor_risk
CAND_68b80f53f9,0,True,no_major_descriptor_risk
CAND_70fb0e2fcc,0,True,no_major_descriptor_risk
CAND_9ab0d59bef,0,True,no_major_descriptor_risk
CAND_17430c7cb5,0,True,no_major_descriptor_risk
CAND_2f4037447d,0,True,no_major_descriptor_risk
CAND_bc3e8d85e5,0,True,no_major_descriptor_risk
CAND_f3272e201f,0,True,no_major_descriptor_risk
CAND_24f43e8b23,0,True,no_major_descriptor_risk
CAND_0073faf44b,0,False,veber_fail
CAND_da414186c2,0,True,no_major_descriptor_risk
CAND_3c6db01422,1,True,1_lipinski_violations
CAND_d8a3d451fb,0,True,no_major_descriptor_risk
CAND_fb06788e64,0,True,no_major_descriptor_risk
CAND_6368122721,0,True,no_major_descriptor_risk
CAND_8b792c4961,0,True,no_major_descriptor_risk
CAND_0c0456258a,0,True,no_major_descriptor_risk
CAND_b6c52b7e8f,0,True,no_major_descriptor_risk
CAND_b7cd6fabd1,0,True,no_major_descriptor_risk
CAND_162c0fe032,0,True,no_major_descriptor_risk
CAND_2c19e5586c,0,True,no_major_descriptor_risk
CAND_f8adc6545f,0,True,no_major_descriptor_risk
CAND_2db1089bf3,0,True,no_major_descriptor_risk
CAND_c91af2ea0f,0,True,no_major_descriptor_risk
CAND_dc21a02f9c,0,True,no_major_descriptor_risk
CAND_41947b31ce,0,True,no_major_descriptor_risk
CAND_3446b9d795,0,True,no_major_descriptor_risk
CAND_60a0dfb8c0,0,True,no_major_descriptor_risk
CAND_d37a986a12,0,True,no_major_descriptor_risk
CAND_5244fcd33d,0,True,no_major_descriptor_risk
CAND_d75163f3b7,0,True,no_major_descriptor_risk
CAND_7e1d55f6c1,0,True,no_major_descriptor_risk
CAND_42d4a3095c,0,True,no_major_descriptor_risk
CAND_9291042ef0,0,True,no_major_descriptor_risk
CAND_ffe7ba327d,0,True,no_major_descriptor_risk
CAND_2dbe48cdc0,0,True,no_major_descriptor_risk
CAND_c718b5f9e6,0,True,no_major_descriptor_risk
CAND_dd8507868a,0,True,no_major_descriptor_risk
CAND_e0f489d9fc,0,True,no_major_descriptor_risk
CAND_88fdcd39e2,0,True,no_major_descriptor_risk
CAND_1f3364860f,0,True,no_major_descriptor_risk
CAND_aaba334886,0,True,no_major_descriptor_risk
CAND_15f88575c3,0,True,no_major_descriptor_risk
CAND_340f67accd,0,True,no_major_descriptor_risk
CAND_e1cd692edb,0,True,no_major_descriptor_risk
CAND_4002c60704,0,True,no_major_descriptor_risk
CAND_fdd92711d3,0,True,no_major_descriptor_risk
CAND_b3e3a94fbc,0,True,no_major_descriptor_risk
CAND_7acf476f88,0,True,no_major_descriptor_risk
CAND_600735075d,0,True,no_major_descriptor_risk
CAND_4c68b8f698,1,True,1_lipinski_violations
CAND_32fa684514,0,True,no_major_descriptor_risk
CAND_40812897c8,1,True,1_lipinski_violations
CAND_d3e24b95d8,0,True,no_major_descriptor_risk
CAND_f1ee3b0bb5,1,False,1_lipinski_violations;veber_fail
CAND_6f83a148cd,0,True,no_major_descriptor_risk
CAND_a7059da06c,0,True,no_major_descriptor_risk
CAND_60ae0a4c33,0,True,no_major_descriptor_risk
CAND_0d7946aa89,0,True,no_major_descriptor_risk
CAND_691c4b6589,1,True,1_lipinski_violations
CAND_f720fc2afb,0,True,no_major_descriptor_risk
CAND_e8624bb741,1,True,1_lipinski_violations
CAND_c87c76ebb8,0,True,no_major_descriptor_risk
CAND_26cec9bab7,0,True,no_major_descriptor_risk
CAND_fb45b8d947,0,True,no_major_descriptor_risk
CAND_eca68f38c7,0,True,no_major_descriptor_risk
CAND_204ef23455,0,True,no_major_descriptor_risk
CAND_641d4d5ab5,0,True,no_major_descriptor_risk
CAND_01be9aeb28,0,True,no_major_descriptor_risk
CAND_95df6b2f21,0,True,no_major_descriptor_risk
CAND_ed614aadbe,0,True,no_major_descriptor_risk
CAND_aa7ac5e74d,0,True,no_major_descriptor_risk
CAND_6450211e06,0,True,no_major_descriptor_risk
CAND_2ea94fd710,0,True,no_major_descriptor_risk
CAND_11b5b62fd7,0,True,no_major_descriptor_risk
CAND_ef0d4fc82e,0,True,no_major_descriptor_risk
CAND_0ab90d7f8e,0,True,no_major_descriptor_risk
CAND_b32d042adf,0,True,no_major_descriptor_risk
CAND_5f960f62ca,0,True,no_major_descriptor_risk
CAND_e064a5a06c,0,True,no_major_descriptor_risk
CAND_c0c8c3185e,0,True,no_major_descriptor_risk
CAND_ca33735473,0,True,no_major_descriptor_risk
CAND_76e8c87089,0,True,no_major_descriptor_risk
CAND_a1c02e0c6c,0,False,veber_fail
CAND_d71ef382a6,0,True,no_major_descriptor_risk
CAND_e4770a78c8,0,True,no_major_descriptor_risk
CAND_6eabd34649,0,True,no_major_descriptor_risk
CAND_5d2bd990d5,0,True,no_major_descriptor_risk
CAND_bc4b5c5fce,0,True,no_major_descriptor_risk
CAND_050893e6f5,0,True,no_major_descriptor_risk
CAND_cebb7f9e37,0,True,no_major_descriptor_risk
CAND_10b3c1d278,0,True,no_major_descriptor_risk
CAND_3cba8db4ea,0,True,no_major_descriptor_risk
CAND_e56a0cf06a,0,True,no_major_descriptor_risk
CAND_ce9b9df567,0,True,no_major_descriptor_risk
CAND_025a2fd9ba,1,False,1_lipinski_violations;veber_fail
CAND_7fc02dbb1a,0,True,no_major_descriptor_risk
CAND_4de137ee9f,0,True,no_major_descriptor_risk
CAND_dd14291ae1,0,True,no_major_descriptor_risk
CAND_a9c4e73694,1,True,1_lipinski_violations
CAND_994bac60a4,0,True,no_major_descriptor_risk
CAND_18bb08ac4b,0,True,no_major_descriptor_risk
CAND_b54d252973,0,True,no_major_descriptor_risk
CAND_7c2a2052b1,0,True,no_major_descriptor_risk
CAND_1f43397d9c,0,True,no_major_descriptor_risk
CAND_b5386c7a7b,0,True,no_major_descriptor_risk
CAND_84c51d7190,0,True,no_major_descriptor_risk
CAND_188f17cb1a,0,True,no_major_descriptor_risk
CAND_6715a16915,0,True,no_major_descriptor_risk
CAND_8f434e6c5d,0,True,no_major_descriptor_risk
CAND_a574433b49,0,True,no_major_descriptor_risk
CAND_aab8244ccc,0,True,no_major_descriptor_risk
CAND_72b968e9b4,0,True,no_major_descriptor_risk
CAND_19273d4a4c,0,True,no_major_descriptor_risk
CAND_4abcd9989a,0,True,no_major_descriptor_risk
CAND_585be77d82,0,True,no_major_descriptor_risk
CAND_c709216eca,0,True,no_major_descriptor_risk
CAND_c34d09df71,0,True,no_major_descriptor_risk
CAND_c4c12f5c5f,0,True,no_major_descriptor_risk
CAND_cfb95e79d5,0,True,no_major_descriptor_risk
CAND_fa39cdab8c,0,True,no_major_descriptor_risk
CAND_f5e9dbfa7d,0,True,no_major_descriptor_risk
CAND_850660dc76,0,True,no_major_descriptor_risk
CAND_31e93fc271,0,True,no_major_descriptor_risk
CAND_2cdeff6ea6,0,True,no_major_descriptor_risk
CAND_5675065dfb,0,True,no_major_descriptor_risk
CAND_1c6b09dc62,0,True,no_major_descriptor_risk
CAND_4a9f001064,0,True,no_major_descriptor_risk
CAND_3ffb3582ed,0,True,no_major_descriptor_risk
CAND_72b1945370,0,True,no_major_descriptor_risk
CAND_50c50cb91e,0,True,no_major_descriptor_risk
CAND_e010433afc,0,True,no_major_descriptor_risk
CAND_8147de9537,0,True,no_major_descriptor_risk
CAND_b45104cc51,0,True,no_major_descriptor_risk
CAND_4856eabdcd,0,True,no_major_descriptor_risk
CAND_bfb5ec30ca,0,True,no_major_descriptor_risk
CAND_aba934943a,0,False,veber_fail
CAND_700cc51b12,0,True,no_major_descriptor_risk
CAND_ade5fd5f47,0,True,no_major_descriptor_risk
CAND_be76d7bbdf,0,True,no_major_descriptor_risk
CAND_17694b9c6a,0,True,no_major_descriptor_risk
CAND_47b52dc5bc,0,True,no_major_descriptor_risk
CAND_069a4ef3da,0,True,no_major_descriptor_risk
CAND_e5345b9d1a,1,True,1_lipinski_violations
CAND_e52842c84e,1,False,1_lipinski_violations;veber_fail
CAND_5dc752b283,1,True,1_lipinski_violations
CAND_7160403abc,2,True,2_lipinski_violations
CAND_f69fa9f13e,1,True,1_lipinski_violations
CAND_1e8ed5a5b7,1,True,1_lipinski_violations
CAND_3edbae48b6,1,True,1_lipinski_violations
CAND_00c7c60293,0,False,veber_fail
CAND_a18d05a542,1,True,1_lipinski_violations
CAND_56b8bc5ee6,0,True,no_major_descriptor_risk
CAND_e53f99fbe6,1,True,1_lipinski_violations
CAND_216683ddcd,0,True,no_major_descriptor_risk
CAND_7eddfce793,0,True,no_major_descriptor_risk
CAND_66c9ebb7c0,0,True,no_major_descriptor_risk
CAND_1ed250f75d,0,True,no_major_descriptor_risk
CAND_6dde38a6ed,0,True,no_major_descriptor_risk
CAND_1206357afa,0,True,no_major_descriptor_risk
CAND_caea519d1b,0,True,no_major_descriptor_risk
CAND_35acaa8105,0,True,no_major_descriptor_risk
CAND_179448e00c,0,True,no_major_descriptor_risk
CAND_346f03583d,0,True,no_major_descriptor_risk
CAND_6e259208df,0,True,no_major_descriptor_risk
CAND_c88305c9b5,0,True,no_major_descriptor_risk
CAND_ada5fb9485,0,True,no_major_descriptor_risk
CAND_3e8364c8e1,0,True,no_major_descriptor_risk
CAND_195429bfeb,0,True,no_major_descriptor_risk
CAND_e9bff2361d,0,True,no_major_descriptor_risk
CAND_c268eddd40,0,True,no_major_descriptor_risk
CAND_73bc58e31e,0,True,no_major_descriptor_risk
CAND_fd605e9b7b,0,True,no_major_descriptor_risk
CAND_9a91aea226,0,True,no_major_descriptor_risk
CAND_12209310d2,0,True,no_major_descriptor_risk
CAND_7c9f52f196,0,True,no_major_descriptor_risk
CAND_27655c2ab6,0,True,no_major_descriptor_risk
CAND_8652f9aa09,0,True,no_major_descriptor_risk
CAND_92f4352ef2,0,True,no_major_descriptor_risk
CAND_9b79d4b1d8,0,True,no_major_descriptor_risk
CAND_5d8ff12334,0,True,no_major_descriptor_risk
CAND_dabee004de,0,True,no_major_descriptor_risk
CAND_ea3656723c,0,True,no_major_descriptor_risk
CAND_11d3948338,0,True,no_major_descriptor_risk
CAND_0c7d00e551,0,True,no_major_descriptor_risk
CAND_f4abc7982d,0,True,no_major_descriptor_risk
CAND_56ba271daf,0,True,no_major_descriptor_risk
CAND_e874014f5b,0,True,no_major_descriptor_risk
CAND_b57d4c3adc,0,True,no_major_descriptor_risk
CAND_7d588f4a01,0,False,veber_fail
CAND_81079a2d21,0,True,no_major_descriptor_risk
CAND_654a59fff4,0,True,no_major_descriptor_risk
CAND_d4c14d714a,0,True,no_major_descriptor_risk
CAND_5b2300c932,0,True,no_major_descriptor_risk
CAND_9ce418cbd8,0,True,no_major_descriptor_risk
CAND_3ef276e30f,0,True,no_major_descriptor_risk
CAND_1a8c55b1c2,0,True,no_major_descriptor_risk
CAND_bf4fbdee7f,0,True,no_major_descriptor_risk
CAND_6cb470b971,0,True,no_major_descriptor_risk
CAND_23862a00ff,0,True,no_major_descriptor_risk
CAND_4e13d1ab0e,0,True,no_major_descriptor_risk
CAND_90f97e8af3,0,True,no_major_descriptor_risk
CAND_4c17b33555,0,True,no_major_descriptor_risk
CAND_4b9a80dcb9,0,True,no_major_descriptor_risk
CAND_a00eeb000b,0,False,veber_fail
CAND_22bc817467,0,True,no_major_descriptor_risk
CAND_af1fc030cf,0,True,no_major_descriptor_risk
CAND_079c76406d,0,True,no_major_descriptor_risk
CAND_5bbf60437d,0,True,no_major_descriptor_risk
CAND_eaf68d8f59,0,True,no_major_descriptor_risk
CAND_f6c549cd4c,0,True,no_major_descriptor_risk
CAND_8771372893,0,True,no_major_descriptor_risk
CAND_0690f21188,0,False,veber_fail
CAND_adf7573d48,0,True,no_major_descriptor_risk
CAND_2256203973,0,True,no_major_descriptor_risk
CAND_cdafc0def3,0,True,no_major_descriptor_risk
CAND_1ac1c6d5b1,0,False,veber_fail
CAND_9e429721b1,1,True,1_lipinski_violations
CAND_084068a74d,0,True,no_major_descriptor_risk
CAND_2a15cb9044,0,True,no_major_descriptor_risk
CAND_8d0affbcd7,0,True,no_major_descriptor_risk
CAND_941cce1320,0,True,no_major_descriptor_risk
CAND_b8a8f6549a,1,True,1_lipinski_violations
CAND_20c29368f4,0,True,no_major_descriptor_risk
CAND_7275598d53,0,True,no_major_descriptor_risk
CAND_6edf9f5e6b,0,True,no_major_descriptor_risk
CAND_895ecb9444,0,True,no_major_descriptor_risk
CAND_a6bed58fc9,0,True,no_major_descriptor_risk
CAND_d8664937ff,0,True,no_major_descriptor_risk
CAND_c0f7a1bc0b,0,True,no_major_descriptor_risk
CAND_eb0f359259,0,True,no_major_descriptor_risk
CAND_642d47b223,0,True,no_major_descriptor_risk
CAND_3174c90705,0,True,no_major_descriptor_risk
CAND_b071980404,0,True,no_major_descriptor_risk
CAND_f7fde8ca52,0,True,no_major_descriptor_risk
CAND_2c2063b136,0,True,no_major_descriptor_risk
CAND_84dc58bdb3,0,True,no_major_descriptor_risk
CAND_957695cbf7,0,True,no_major_descriptor_risk
CAND_1bae26071f,0,True,no_major_descriptor_risk
CAND_8732794f84,0,True,no_major_descriptor_risk
CAND_b75baa0f28,0,True,no_major_descriptor_risk
CAND_43c460795b,0,True,no_major_descriptor_risk
CAND_3fa11742db,0,True,no_major_descriptor_risk
CAND_fdb1879639,0,True,no_major_descriptor_risk
CAND_0328ebe1a9,0,True,no_major_descriptor_risk
CAND_9d9009a24f,0,True,no_major_descriptor_risk
CAND_b33c16787b,0,True,no_major_descriptor_risk
CAND_62ada37419,0,True,no_major_descriptor_risk
CAND_2284aad231,0,True,no_major_descriptor_risk
CAND_6b1b43063b,0,True,no_major_descriptor_risk
CAND_1e7d8422aa,0,True,no_major_descriptor_risk
CAND_400c24c855,0,True,no_major_descriptor_risk
CAND_4cee3f2d94,0,True,no_major_descriptor_risk
CAND_638cbe0984,0,True,no_major_descriptor_risk
CAND_5b29ac4c69,0,True,no_major_descriptor_risk
CAND_4ccab6db23,0,True,no_major_descriptor_risk
CAND_8b0c1e6417,0,True,no_major_descriptor_risk
CAND_647d09246b,0,True,no_major_descriptor_risk
CAND_83ab7ae9a2,0,True,no_major_descriptor_risk
CAND_5dcb5ccb58,0,True,no_major_descriptor_risk
CAND_b252ea621b,0,True,no_major_descriptor_risk
CAND_2b62a34376,0,True,no_major_descriptor_risk
CAND_1e710fbb22,0,True,no_major_descriptor_risk
CAND_22d092771b,0,True,no_major_descriptor_risk
CAND_d6230a1591,0,True,no_major_descriptor_risk
CAND_ab40ad05e1,1,True,1_lipinski_violations
CAND_20bc93a6f4,0,True,no_major_descriptor_risk
CAND_432c1c9890,1,True,1_lipinski_violations
CAND_55ba716c63,0,True,no_major_descriptor_risk
CAND_91e8126d06,1,True,1_lipinski_violations
CAND_4fb90a1c69,0,False,veber_fail
CAND_267d5d4225,1,True,1_lipinski_violations
CAND_d7a43aa137,0,True,no_major_descriptor_risk
CAND_d3138058a9,0,True,no_major_descriptor_risk
CAND_cfc02e3bf8,0,True,no_major_descriptor_risk
CAND_6b35d797fa,0,True,no_major_descriptor_risk
CAND_eb83842d9a,0,True,no_major_descriptor_risk
CAND_d380e91d7b,0,True,no_major_descriptor_risk
CAND_1ae854c5bb,0,True,no_major_descriptor_risk
CAND_5402cf0fdc,0,True,no_major_descriptor_risk
CAND_16199627c9,1,True,1_lipinski_violations
CAND_60dde4bd49,0,True,no_major_descriptor_risk
CAND_2cad14e4fd,0,True,no_major_descriptor_risk
CAND_8caead2f2f,0,True,no_major_descriptor_risk
CAND_d78653384d,1,False,1_lipinski_violations;veber_fail
CAND_7b399041f7,0,True,no_major_descriptor_risk
CAND_aa7fbba04f,1,False,1_lipinski_violations;veber_fail
CAND_2cabcbf2aa,0,True,no_major_descriptor_risk
CAND_e11eaac293,0,True,no_major_descriptor_risk
CAND_920680fc01,0,True,no_major_descriptor_risk
CAND_af4f888df2,0,True,no_major_descriptor_risk
CAND_8cb994b3c7,0,True,no_major_descriptor_risk
CAND_2dda7a996a,0,True,no_major_descriptor_risk
CAND_4fabe299cf,0,True,no_major_descriptor_risk
CAND_fbc9f2abcb,0,True,no_major_descriptor_risk
CAND_3d5c0c5372,0,True,no_major_descriptor_risk
CAND_a2f01d5a38,0,True,no_major_descriptor_risk
CAND_ec6a13f45d,0,True,no_major_descriptor_risk
CAND_5490853ca8,0,True,no_major_descriptor_risk
CAND_64b1f1fd27,0,True,no_major_descriptor_risk
CAND_6b4c0dddca,0,True,no_major_descriptor_risk
CAND_9ff613203c,0,False,veber_fail
CAND_74abcedaac,0,False,veber_fail
CAND_f807afcc0c,0,True,no_major_descriptor_risk
CAND_b090dd763b,0,True,no_major_descriptor_risk
CAND_6fb850a350,0,False,veber_fail
CAND_11ae3e4bf0,0,True,no_major_descriptor_risk
CAND_1ba493a351,0,True,no_major_descriptor_risk
CAND_7c72d86fe6,0,True,no_major_descriptor_risk
CAND_110d030a85,0,True,no_major_descriptor_risk
CAND_c05d9f82e5,0,True,no_major_descriptor_risk
CAND_527b0c26f5,0,True,no_major_descriptor_risk
CAND_c2cd3a867a,0,True,no_major_descriptor_risk
CAND_03d092f3ba,0,True,no_major_descriptor_risk
CAND_3f3a582a0c,0,True,no_major_descriptor_risk
CAND_ff5dc722c7,0,True,no_major_descriptor_risk
CAND_e807c710f9,0,True,no_major_descriptor_risk
CAND_7ce8a9983c,0,True,no_major_descriptor_risk
CAND_e0a4a5af65,0,True,no_major_descriptor_risk
CAND_cdb5b08ede,0,True,no_major_descriptor_risk
CAND_4397447b6c,0,True,no_major_descriptor_risk
CAND_57ba27f772,0,True,no_major_descriptor_risk
CAND_7001b0c220,0,True,no_major_descriptor_risk
CAND_03fba1bd07,0,True,no_major_descriptor_risk
CAND_2b8e0068aa,0,True,no_major_descriptor_risk
CAND_c5e0357092,0,True,no_major_descriptor_risk
CAND_a24b7ad1a9,0,True,no_major_descriptor_risk
CAND_5b35c2d3b2,1,True,1_lipinski_violations
CAND_99aa82c8c3,0,True,no_major_descriptor_risk
CAND_9d9fbc2e06,0,False,veber_fail
CAND_555b4f1683,0,True,no_major_descriptor_risk
CAND_a0ca93152b,0,False,veber_fail
CAND_98b8ed86c7,0,True,no_major_descriptor_risk
CAND_74199a7fa8,1,True,1_lipinski_violations
CAND_3133d4e673,0,True,no_major_descriptor_risk
CAND_8d2418ba06,0,True,no_major_descriptor_risk
CAND_5177158276,0,True,no_major_descriptor_risk
CAND_46df7bf44a,0,True,no_major_descriptor_risk
CAND_92b11affea,0,True,no_major_descriptor_risk
CAND_c952286793,0,True,no_major_descriptor_risk
CAND_39a9f8c0a6,0,True,no_major_descriptor_risk
CAND_8455925a36,0,True,no_major_descriptor_risk
CAND_42c7831368,0,True,no_major_descriptor_risk
CAND_c5e09b32ae,0,True,no_major_descriptor_risk
CAND_178c5974fe,0,True,no_major_descriptor_risk
CAND_2def81f056,0,False,veber_fail
CAND_e0c9eef669,0,True,no_major_descriptor_risk
CAND_0e3e757df4,0,True,no_major_descriptor_risk
CAND_cb1479eb15,0,True,no_major_descriptor_risk
CAND_b0330abc30,0,True,no_major_descriptor_risk
CAND_7c9b491a78,0,True,no_major_descriptor_risk
CAND_ef14c5c01f,0,True,no_major_descriptor_risk
CAND_833d27a2d5,0,True,no_major_descriptor_risk
CAND_9858b547e0,0,True,no_major_descriptor_risk
CAND_a64fc59971,0,True,no_major_descriptor_risk
CAND_12f69c088b,0,True,no_major_descriptor_risk
CAND_d3bf36f624,0,True,no_major_descriptor_risk
CAND_dda06dc13e,0,True,no_major_descriptor_risk
CAND_f7fb512f59,0,True,no_major_descriptor_risk
CAND_cac5259563,0,True,no_major_descriptor_risk
CAND_0e6ac65d62,0,True,no_major_descriptor_risk
CAND_c5f50c95a9,0,True,no_major_descriptor_risk
CAND_7f07767dc8,0,True,no_major_descriptor_risk
CAND_d0305ae5f8,0,True,no_major_descriptor_risk
CAND_70b219632b,0,True,no_major_descriptor_risk
CAND_b033405d0d,0,True,no_major_descriptor_risk
CAND_93c9ea2413,0,True,no_major_descriptor_risk
CAND_780efbb203,0,True,no_major_descriptor_risk
CAND_f24328fcef,0,True,no_major_descriptor_risk
CAND_80a8ac53e3,0,True,no_major_descriptor_risk
CAND_175d439f77,0,True,no_major_descriptor_risk
CAND_967f366ec2,0,True,no_major_descriptor_risk
CAND_43ed8337cb,0,True,no_major_descriptor_risk
CAND_0eaf201297,0,True,no_major_descriptor_risk
CAND_6aefc3ca83,0,True,no_major_descriptor_risk
CAND_62571ba8a9,0,True,no_major_descriptor_risk
CAND_fd8193ce9e,0,True,no_major_descriptor_risk
CAND_bd4945d12d,0,True,no_major_descriptor_risk
CAND_73513ef906,0,True,no_major_descriptor_risk
CAND_91ca13626f,0,True,no_major_descriptor_risk
CAND_33a777514f,0,True,no_major_descriptor_risk
CAND_b678182711,0,True,no_major_descriptor_risk
CAND_72a5f727bc,0,True,no_major_descriptor_risk
CAND_ab173a4b1b,0,True,no_major_descriptor_risk
CAND_0e36bf4538,0,True,no_major_descriptor_risk
CAND_21448aea22,0,True,no_major_descriptor_risk
CAND_d98881b1f9,0,True,no_major_descriptor_risk
CAND_a7200f3ca2,0,True,no_major_descriptor_risk
CAND_763cf817fa,0,True,no_major_descriptor_risk
CAND_1a396f9f14,0,True,no_major_descriptor_risk
CAND_a4459940e0,0,True,no_major_descriptor_risk
CAND_a7814a8562,0,True,no_major_descriptor_risk
CAND_d0224ef1f9,0,True,no_major_descriptor_risk
CAND_86de96ea27,0,True,no_major_descriptor_risk
CAND_9ffad86ec4,0,True,no_major_descriptor_risk
CAND_fa2553a110,0,True,no_major_descriptor_risk
CAND_d3b05ae4a3,0,True,no_major_descriptor_risk
CAND_0eae19ca67,0,True,no_major_descriptor_risk
CAND_8c930f8dbb,0,True,no_major_descriptor_risk
CAND_8ab5430751,0,True,no_major_descriptor_risk
CAND_ef79ba008b,0,True,no_major_descriptor_risk
CAND_6208cdc5ec,0,True,no_major_descriptor_risk
CAND_741a447a61,0,True,no_major_descriptor_risk
CAND_ec4f80a0a4,0,True,no_major_descriptor_risk
CAND_74005f4f6e,0,True,no_major_descriptor_risk
CAND_064aced528,0,True,no_major_descriptor_risk
CAND_f79c5adb1b,0,True,no_major_descriptor_risk
CAND_53d0f1fe53,0,True,no_major_descriptor_risk
CAND_3b83e093eb,0,True,no_major_descriptor_risk
CAND_4d1fb9743d,0,True,no_major_descriptor_risk
CAND_ed3d7a454a,0,True,no_major_descriptor_risk
CAND_4939c318b4,0,True,no_major_descriptor_risk
CAND_3ca174f3ef,0,True,no_major_descriptor_risk
CAND_d099072dbe,0,True,no_major_descriptor_risk
CAND_1e1f8f80e9,0,True,no_major_descriptor_risk
CAND_f16f36acd1,0,True,no_major_descriptor_risk
CAND_651a458800,0,True,no_major_descriptor_risk
CAND_a2f7dceef6,0,True,no_major_descriptor_risk
CAND_e55b906405,0,True,no_major_descriptor_risk
CAND_7cd31587a4,0,True,no_major_descriptor_risk
CAND_c4a9d2a684,0,True,no_major_descriptor_risk
CAND_658edd3b6e,0,True,no_major_descriptor_risk
CAND_c81804c362,0,True,no_major_descriptor_risk
CAND_24de0da0b9,0,True,no_major_descriptor_risk
CAND_0ae95fa0fa,0,True,no_major_descriptor_risk
CAND_78b14b1567,0,True,no_major_descriptor_risk
CAND_644b3539f5,0,True,no_major_descriptor_risk
CAND_146f589b4a,0,True,no_major_descriptor_risk
CAND_cfdab8b4b1,0,True,no_major_descriptor_risk
CAND_32d275b2c2,0,True,no_major_descriptor_risk
CAND_bd494645d5,0,True,no_major_descriptor_risk
CAND_1338c88bb7,0,True,no_major_descriptor_risk
CAND_0f7d8291d1,0,False,veber_fail
CAND_7a1448290a,0,True,no_major_descriptor_risk
CAND_806a1ef1f3,0,True,no_major_descriptor_risk
CAND_e612c58b48,0,True,no_major_descriptor_risk
CAND_b4c1b85b02,1,True,1_lipinski_violations
CAND_b2dd606650,0,True,no_major_descriptor_risk
CAND_ad980e424f,0,True,no_major_descriptor_risk
CAND_1b0f394f77,0,True,no_major_descriptor_risk
CAND_1055de312b,0,True,no_major_descriptor_risk
CAND_dbf3525fa8,0,True,no_major_descriptor_risk
CAND_ccdde56b90,0,True,no_major_descriptor_risk
CAND_8fd6ecedc7,0,True,no_major_descriptor_risk
CAND_04da90c00e,0,True,no_major_descriptor_risk
CAND_11665096e3,0,True,no_major_descriptor_risk
CAND_af78695b60,0,True,no_major_descriptor_risk
CAND_4ba298470c,0,True,no_major_descriptor_risk
CAND_eefec98797,0,True,no_major_descriptor_risk
CAND_51eb2cd77d,0,True,no_major_descriptor_risk
CAND_bcb5f7b9d3,0,True,no_major_descriptor_risk
CAND_c41a5ddedc,0,True,no_major_descriptor_risk
CAND_1d46d802c1,0,True,no_major_descriptor_risk
CAND_76a0e9a85e,0,True,no_major_descriptor_risk
CAND_3038728d6a,0,True,no_major_descriptor_risk
CAND_11d8b82ceb,0,True,no_major_descriptor_risk
CAND_3d18462ea5,1,True,1_lipinski_violations
CAND_9b7f26a596,0,True,no_major_descriptor_risk
CAND_5cf58e34ee,0,True,no_major_descriptor_risk
CAND_f35b68d4a4,0,True,no_major_descriptor_risk
CAND_e346d82a5f,0,True,no_major_descriptor_risk
CAND_55d09889d9,0,True,no_major_descriptor_risk
CAND_90951d2180,0,True,no_major_descriptor_risk
CAND_1467184d9d,0,True,no_major_descriptor_risk
CAND_5cf927f258,0,True,no_major_descriptor_risk
CAND_e1692380ac,0,True,no_major_descriptor_risk
CAND_ec918dd7d1,0,True,no_major_descriptor_risk
CAND_2479eb1c56,0,True,no_major_descriptor_risk
CAND_5247a2b4b7,0,True,no_major_descriptor_risk
CAND_2734beb3a3,0,True,no_major_descriptor_risk
CAND_2986bbb513,1,True,1_lipinski_violations
CAND_fff5b5b962,1,True,1_lipinski_violations
CAND_b981ca4ff6,1,True,1_lipinski_violations
CAND_3d7809fb5d,1,True,1_lipinski_violations
CAND_b7d919d455,1,False,1_lipinski_violations;veber_fail
CAND_a3ac155a22,0,True,no_major_descriptor_risk
CAND_669db9bc95,1,True,1_lipinski_violations
CAND_7829f6a913,2,True,2_lipinski_violations
CAND_9653828f4f,1,True,1_lipinski_violations
CAND_3f93b0e6b1,0,True,no_major_descriptor_risk
CAND_b3552dd168,1,True,1_lipinski_violations
CAND_2c92cd9363,0,True,no_major_descriptor_risk
CAND_aebf511cdc,0,True,no_major_descriptor_risk
CAND_cd72b1d3d5,0,True,no_major_descriptor_risk
CAND_7212bb82d3,0,False,veber_fail
CAND_67f574cc2f,0,True,no_major_descriptor_risk
CAND_1d960180d3,0,True,no_major_descriptor_risk
CAND_7de53b10a5,1,True,1_lipinski_violations
CAND_073b3167e7,0,True,no_major_descriptor_risk
CAND_ed2576285a,1,False,1_lipinski_violations;veber_fail
CAND_49f8fb922f,0,True,no_major_descriptor_risk
CAND_55839e9c64,0,True,no_major_descriptor_risk
CAND_14a7be2b82,0,True,no_major_descriptor_risk
CAND_81e866688c,0,True,no_major_descriptor_risk
CAND_c0afb5e888,0,True,no_major_descriptor_risk
CAND_faa0044bb8,1,True,1_lipinski_violations
CAND_2cc06eab13,0,True,no_major_descriptor_risk
CAND_64d6868ed9,0,True,no_major_descriptor_risk
CAND_4cb9d9d552,0,True,no_major_descriptor_risk
CAND_c22f5ec0dc,0,True,no_major_descriptor_risk
CAND_ab2c42e379,0,True,no_major_descriptor_risk
CAND_04546ff4c2,0,True,no_major_descriptor_risk
CAND_13c8aafff7,0,True,no_major_descriptor_risk
CAND_a66d8d2386,0,True,no_major_descriptor_risk
CAND_788d1f2080,0,True,no_major_descriptor_risk
CAND_a76d3b3ff0,0,True,no_major_descriptor_risk
CAND_8bb1aed24b,0,True,no_major_descriptor_risk
CAND_f24c3a4489,0,True,no_major_descriptor_risk
CAND_73293d53a4,0,True,no_major_descriptor_risk
CAND_5618ac5ea7,0,True,no_major_descriptor_risk
CAND_98e966acf6,0,True,no_major_descriptor_risk
CAND_5b9a541ca8,0,True,no_major_descriptor_risk
CAND_a2d02ece68,0,True,no_major_descriptor_risk
CAND_e931d91d1a,0,True,no_major_descriptor_risk
CAND_975e3de560,0,True,no_major_descriptor_risk
CAND_f8c2c84761,0,True,no_major_descriptor_risk
CAND_052f7a6961,0,True,no_major_descriptor_risk
CAND_33d632c1f8,0,True,no_major_descriptor_risk
CAND_1e32474102,0,True,no_major_descriptor_risk
CAND_1f2c049cb6,0,True,no_major_descriptor_risk
CAND_c059edd72b,0,True,no_major_descriptor_risk
CAND_3d1a527e76,0,True,no_major_descriptor_risk
CAND_599755b902,0,True,no_major_descriptor_risk
CAND_d4274dfe6f,0,True,no_major_descriptor_risk
CAND_b568120072,1,True,1_lipinski_violations
CAND_d07950dc84,0,True,no_major_descriptor_risk
CAND_175ff52401,0,True,no_major_descriptor_risk
CAND_8c24aa2619,1,True,1_lipinski_violations
CAND_98821b9bb0,1,True,1_lipinski_violations
CAND_487ca6e30e,2,False,2_lipinski_violations;veber_fail
CAND_51bc199c58,1,False,1_lipinski_violations;veber_fail
CAND_8018aa7b1f,1,False,1_lipinski_violations;veber_fail
CAND_8de4c0c4c2,2,False,2_lipinski_violations;veber_fail
CAND_b44e0387ae,1,True,1_lipinski_violations
CAND_8fe664e68b,1,True,1_lipinski_violations
CAND_f2e4b4d4e7,1,False,1_lipinski_violations;veber_fail
CAND_e370839301,0,True,no_major_descriptor_risk
CAND_7ecc660f75,0,True,no_major_descriptor_risk
CAND_d6b34c97b3,0,True,no_major_descriptor_risk
CAND_973c91085f,0,True,no_major_descriptor_risk
CAND_8f341804b1,0,True,no_major_descriptor_risk
CAND_72da4b2d91,0,True,no_major_descriptor_risk
CAND_7d0249bf35,0,True,no_major_descriptor_risk
CAND_07ac683d58,0,True,no_major_descriptor_risk
CAND_1eac7a69ca,0,True,no_major_descriptor_risk
CAND_1dbc9a5dcf,0,True,no_major_descriptor_risk
CAND_8c118b20fe,0,True,no_major_descriptor_risk
CAND_e5855bb322,0,True,no_major_descriptor_risk
CAND_8683764a52,0,True,no_major_descriptor_risk
CAND_ed974d2bfd,0,True,no_major_descriptor_risk
CAND_1df65c97d5,0,True,no_major_descriptor_risk
CAND_f9d87a5296,0,True,no_major_descriptor_risk
CAND_adb6447409,0,True,no_major_descriptor_risk
CAND_6f53824079,0,True,no_major_descriptor_risk
CAND_c427dc805f,0,True,no_major_descriptor_risk
CAND_62512a12a7,1,False,1_lipinski_violations;veber_fail
CAND_938384903e,0,False,veber_fail
CAND_6d864362af,1,False,1_lipinski_violations;veber_fail
CAND_b8eaa29348,0,True,no_major_descriptor_risk
CAND_cb7e5426fa,0,True,no_major_descriptor_risk
CAND_359f8515e6,1,True,1_lipinski_violations
CAND_f3d5320c8e,0,True,no_major_descriptor_risk
CAND_1dd71ff1f1,0,True,no_major_descriptor_risk
CAND_ed99096d7e,1,True,1_lipinski_violations
CAND_a12ea6c499,0,True,no_major_descriptor_risk
CAND_5b15561f8a,0,True,no_major_descriptor_risk
CAND_895a183ca5,0,True,no_major_descriptor_risk
CAND_48f4c39175,0,True,no_major_descriptor_risk
CAND_52c7f2966f,0,True,no_major_descriptor_risk
CAND_aead0e1960,0,True,no_major_descriptor_risk
CAND_577f2e4a02,0,True,no_major_descriptor_risk
CAND_c9b48cba1a,0,True,no_major_descriptor_risk
CAND_70291d2d44,0,True,no_major_descriptor_risk
CAND_7df34b52e0,0,True,no_major_descriptor_risk
CAND_01e61123d2,0,True,no_major_descriptor_risk
CAND_a1213e99e4,0,True,no_major_descriptor_risk
CAND_a95e545c02,0,True,no_major_descriptor_risk
CAND_480ad3df01,0,True,no_major_descriptor_risk
CAND_2fabe3c376,0,True,no_major_descriptor_risk
CAND_f518254079,0,True,no_major_descriptor_risk
CAND_04d69b2a85,0,True,no_major_descriptor_risk
CAND_0d9a1ad05b,0,True,no_major_descriptor_risk
CAND_d64282adfd,0,True,no_major_descriptor_risk
CAND_08115c6138,0,True,no_major_descriptor_risk
CAND_9a8aa03097,0,True,no_major_descriptor_risk
CAND_0427d9e5a1,0,True,no_major_descriptor_risk
CAND_728fd86441,0,True,no_major_descriptor_risk
CAND_3fe1408ec7,0,True,no_major_descriptor_risk
CAND_cc9087b35d,0,True,no_major_descriptor_risk
CAND_17c64a001b,0,True,no_major_descriptor_risk
CAND_9d39b9a1b3,0,True,no_major_descriptor_risk
CAND_83c03d2067,0,True,no_major_descriptor_risk
CAND_2fa177abda,0,True,no_major_descriptor_risk
CAND_7e551e3850,0,True,no_major_descriptor_risk
CAND_c4f6ae3341,0,True,no_major_descriptor_risk
CAND_c421fb7708,0,True,no_major_descriptor_risk
CAND_7b1290358f,0,True,no_major_descriptor_risk
CAND_5d1153c544,0,True,no_major_descriptor_risk
CAND_9fa00cb477,0,True,no_major_descriptor_risk
CAND_379ddede5e,0,True,no_major_descriptor_risk
CAND_f835bfb495,0,True,no_major_descriptor_risk
CAND_e175d7315c,0,True,no_major_descriptor_risk
CAND_f5e8d3c250,0,True,no_major_descriptor_risk
CAND_19ca6127f5,0,True,no_major_descriptor_risk
CAND_63aa8089de,0,True,no_major_descriptor_risk
CAND_81ce3957eb,0,True,no_major_descriptor_risk
CAND_b26be2a462,0,True,no_major_descriptor_risk
CAND_1eeb9a61a4,0,True,no_major_descriptor_risk
CAND_f2c7c38853,0,True,no_major_descriptor_risk
CAND_243e3af818,0,True,no_major_descriptor_risk
CAND_e1ea9485cf,0,True,no_major_descriptor_risk
CAND_5d63acdd61,0,True,no_major_descriptor_risk
CAND_cd5b0aa752,0,True,no_major_descriptor_risk
CAND_7e3295a83c,0,True,no_major_descriptor_risk
CAND_4f202c2610,0,True,no_major_descriptor_risk
CAND_cfcb3b121d,0,True,no_major_descriptor_risk
CAND_c0d67a987b,0,True,no_major_descriptor_risk
CAND_9499417154,0,True,no_major_descriptor_risk
CAND_7689737a77,0,True,no_major_descriptor_risk
CAND_44eb836360,0,True,no_major_descriptor_risk
CAND_209beeccec,0,True,no_major_descriptor_risk
CAND_61ee284b25,0,True,no_major_descriptor_risk
CAND_8e59399b53,0,True,no_major_descriptor_risk
CAND_557da4c681,0,True,no_major_descriptor_risk
CAND_2e8313a932,0,True,no_major_descriptor_risk
CAND_c323c28c96,0,True,no_major_descriptor_risk
CAND_6a113ddad3,0,True,no_major_descriptor_risk
CAND_165be7b5cb,0,True,no_major_descriptor_risk
CAND_97fe4c75f1,0,True,no_major_descriptor_risk
CAND_a204a3cfd7,0,True,no_major_descriptor_risk
CAND_2eab8c3ee4,0,True,no_major_descriptor_risk
CAND_64e3c62cc3,0,True,no_major_descriptor_risk
CAND_0e4efc6813,0,True,no_major_descriptor_risk
CAND_b26fb082e0,0,True,no_major_descriptor_risk
CAND_4b9969b8ba,0,False,veber_fail
CAND_9fc8d2db4a,0,True,no_major_descriptor_risk
CAND_4e55087acf,0,True,no_major_descriptor_risk
CAND_79a381ed71,0,True,no_major_descriptor_risk
CAND_27ea79ee60,0,True,no_major_descriptor_risk
CAND_eb2a0ea7a4,0,True,no_major_descriptor_risk
CAND_be9002561e,0,True,no_major_descriptor_risk
CAND_3711ac5982,0,True,no_major_descriptor_risk
CAND_3225d4d977,0,True,no_major_descriptor_risk
CAND_37d556a392,1,True,1_lipinski_violations
CAND_28c8871556,0,True,no_major_descriptor_risk
CAND_fdb0689ceb,0,True,no_major_descriptor_risk
CAND_ba27940c1f,0,True,no_major_descriptor_risk
CAND_54d88dd369,0,True,no_major_descriptor_risk
CAND_5aa07bb4cb,0,False,veber_fail
CAND_f9e74ffd2a,0,True,no_major_descriptor_risk
CAND_69f114061d,0,True,no_major_descriptor_risk
CAND_29cf1d90ca,0,True,no_major_descriptor_risk
CAND_f579840590,0,True,no_major_descriptor_risk
CAND_8f078d8d0e,0,False,veber_fail
CAND_67938f5d14,0,True,no_major_descriptor_risk
CAND_5d32bf3f42,0,True,no_major_descriptor_risk
CAND_67f07c19db,0,True,no_major_descriptor_risk
CAND_75f6ab5b09,0,True,no_major_descriptor_risk
CAND_32c4b4c773,0,True,no_major_descriptor_risk
CAND_05a835d9d1,0,True,no_major_descriptor_risk
CAND_4c4eb3eaac,0,True,no_major_descriptor_risk
CAND_4f137f396d,0,True,no_major_descriptor_risk
CAND_1bd86af63c,0,True,no_major_descriptor_risk
CAND_f1d83453f5,1,True,1_lipinski_violations
CAND_dd5515e3ae,0,True,no_major_descriptor_risk
CAND_4bd2248621,0,True,no_major_descriptor_risk
CAND_f3469e9560,0,True,no_major_descriptor_risk
CAND_d54a718da4,0,True,no_major_descriptor_risk
CAND_38bbaadb7a,0,True,no_major_descriptor_risk
CAND_d88e92d094,0,True,no_major_descriptor_risk
CAND_bc7648f751,0,True,no_major_descriptor_risk
CAND_37382133f9,0,True,no_major_descriptor_risk
CAND_944004e68e,0,True,no_major_descriptor_risk
CAND_d3653584e7,0,True,no_major_descriptor_risk
CAND_3c776998a7,0,True,no_major_descriptor_risk
CAND_844e2c944d,0,True,no_major_descriptor_risk
CAND_25f4c93a60,0,True,no_major_descriptor_risk
CAND_3eb5005c98,0,True,no_major_descriptor_risk
CAND_2d87dd1538,0,True,no_major_descriptor_risk
CAND_a08112a25e,0,True,no_major_descriptor_risk
CAND_86e5d528f1,0,True,no_major_descriptor_risk
CAND_0dd0230510,0,True,no_major_descriptor_risk
CAND_56185ba292,0,True,no_major_descriptor_risk
CAND_1c2d04cecf,0,True,no_major_descriptor_risk
CAND_1e26b0b096,0,True,no_major_descriptor_risk
CAND_9cc4afbbb4,0,True,no_major_descriptor_risk
CAND_8473513606,0,True,no_major_descriptor_risk
CAND_3404dcdd42,0,True,no_major_descriptor_risk
CAND_a666e0a772,0,True,no_major_descriptor_risk
CAND_e1bb08b668,0,True,no_major_descriptor_risk
CAND_371e1f6834,0,True,no_major_descriptor_risk
CAND_639d10f96f,0,True,no_major_descriptor_risk
CAND_17ae6b7abb,0,True,no_major_descriptor_risk
CAND_3a392a03ef,0,True,no_major_descriptor_risk
CAND_1b74ae5153,0,True,no_major_descriptor_risk
CAND_93d0dbec43,0,True,no_major_descriptor_risk
CAND_3a6dd51c29,0,True,no_major_descriptor_risk
CAND_4adf2dfa48,0,True,no_major_descriptor_risk
CAND_b10baaf4c8,0,True,no_major_descriptor_risk
CAND_14979c6672,0,True,no_major_descriptor_risk
CAND_d92a0d776b,0,True,no_major_descriptor_risk
CAND_fd14e35440,0,True,no_major_descriptor_risk
CAND_c051f7dbaf,0,True,no_major_descriptor_risk
CAND_6e34a5c796,0,True,no_major_descriptor_risk
CAND_05462d24a5,0,True,no_major_descriptor_risk
CAND_d020a11cb3,0,True,no_major_descriptor_risk
CAND_1c77cfc2b1,0,True,no_major_descriptor_risk
CAND_483ecb75a1,0,True,no_major_descriptor_risk
CAND_f7d6c67e1d,0,True,no_major_descriptor_risk
CAND_48f46c9e5c,1,False,1_lipinski_violations;veber_fail
CAND_018f791d3c,0,False,veber_fail
CAND_fae67485c9,0,True,no_major_descriptor_risk
CAND_f12d58e8ca,0,True,no_major_descriptor_risk
CAND_b674a42b0f,0,True,no_major_descriptor_risk
CAND_714db7aa0d,0,True,no_major_descriptor_risk
CAND_913fa079c7,0,True,no_major_descriptor_risk
CAND_b72d5826f6,0,True,no_major_descriptor_risk
CAND_848836a988,0,True,no_major_descriptor_risk
CAND_a8c3b2ace4,0,True,no_major_descriptor_risk
CAND_1adeb890b0,0,True,no_major_descriptor_risk
CAND_c131766321,0,True,no_major_descriptor_risk
CAND_12f3ff08f3,0,True,no_major_descriptor_risk
CAND_d664971cb8,0,True,no_major_descriptor_risk
CAND_d0dc25f899,0,True,no_major_descriptor_risk
CAND_cb0583bf74,0,True,no_major_descriptor_risk
CAND_075d5656d4,0,True,no_major_descriptor_risk
CAND_139fa3c4e8,0,True,no_major_descriptor_risk
CAND_5676d25b84,0,True,no_major_descriptor_risk
CAND_1f8fa4be44,0,True,no_major_descriptor_risk
CAND_6831c2b88e,0,True,no_major_descriptor_risk
CAND_892adb7d6c,0,True,no_major_descriptor_risk
CAND_7dab8b1cc1,0,True,no_major_descriptor_risk
CAND_a2ea4ea4dd,0,True,no_major_descriptor_risk
CAND_a6ca44d910,0,True,no_major_descriptor_risk
CAND_9f08c5ce89,0,True,no_major_descriptor_risk
CAND_c72485d474,0,True,no_major_descriptor_risk
CAND_25ff2663b1,0,True,no_major_descriptor_risk
CAND_403b46f626,0,True,no_major_descriptor_risk
CAND_ebbdee6ecf,0,True,no_major_descriptor_risk
CAND_08a3534750,0,True,no_major_descriptor_risk
CAND_e5c273e061,0,True,no_major_descriptor_risk
CAND_084b39a7ae,0,True,no_major_descriptor_risk
CAND_2196fd2792,0,True,no_major_descriptor_risk
CAND_97fdf6f7cd,0,True,no_major_descriptor_risk
CAND_a91c8d81b1,0,True,no_major_descriptor_risk
CAND_34513c341e,0,True,no_major_descriptor_risk
CAND_1ba3bb3de3,0,True,no_major_descriptor_risk
CAND_dc83183139,0,True,no_major_descriptor_risk
CAND_fdb31119e8,0,True,no_major_descriptor_risk
CAND_6405b90f95,0,True,no_major_descriptor_risk
CAND_a52c97e42d,0,True,no_major_descriptor_risk
CAND_5ba10ad85e,0,True,no_major_descriptor_risk
CAND_2809951529,0,True,no_major_descriptor_risk
CAND_9b7c0adad8,0,True,no_major_descriptor_risk
CAND_53bd3fdaa6,1,True,1_lipinski_violations
CAND_73f94a97e8,0,True,no_major_descriptor_risk
CAND_30c169f590,1,True,1_lipinski_violations
CAND_437d71eb04,0,True,no_major_descriptor_risk
CAND_11b3d2c2ce,0,True,no_major_descriptor_risk
CAND_41e94e7d15,1,True,1_lipinski_violations
CAND_1f7f00ea6c,0,True,no_major_descriptor_risk
CAND_ce326401d5,0,True,no_major_descriptor_risk
CAND_ed8daca934,2,False,2_lipinski_violations;veber_fail
CAND_21a7e0cd9a,0,True,no_major_descriptor_risk
CAND_502d98a7d6,0,True,no_major_descriptor_risk
CAND_8a1bd6374f,0,True,no_major_descriptor_risk
CAND_8819918356,0,False,veber_fail
CAND_5625cf5e77,0,True,no_major_descriptor_risk
CAND_100a4605d8,0,True,no_major_descriptor_risk
CAND_9985f4c0c9,0,True,no_major_descriptor_risk
CAND_f8d207ebf9,0,True,no_major_descriptor_risk
CAND_82b7ae5bab,0,True,no_major_descriptor_risk
CAND_d21bdb9c6a,0,True,no_major_descriptor_risk
CAND_ecc636bdd5,0,True,no_major_descriptor_risk
CAND_711b589c4a,0,True,no_major_descriptor_risk
CAND_457797d542,0,True,no_major_descriptor_risk
CAND_1cf521aea2,0,True,no_major_descriptor_risk
CAND_83636eff43,0,True,no_major_descriptor_risk
CAND_9355eae290,0,True,no_major_descriptor_risk
CAND_2d7623ef0f,1,True,1_lipinski_violations
CAND_9a917a6ae5,0,True,no_major_descriptor_risk
CAND_54637662e1,0,True,no_major_descriptor_risk
CAND_e428a3217f,0,True,no_major_descriptor_risk
CAND_adcfebee6d,0,True,no_major_descriptor_risk
CAND_df803039ed,0,True,no_major_descriptor_risk
CAND_2b83ea8328,0,True,no_major_descriptor_risk
CAND_72d1f78b24,0,True,no_major_descriptor_risk
CAND_e1feceb025,0,True,no_major_descriptor_risk
CAND_3f7c71466f,0,True,no_major_descriptor_risk
CAND_d862120c3c,0,True,no_major_descriptor_risk
CAND_b1b4a842e2,0,True,no_major_descriptor_risk
CAND_c62f51e470,0,True,no_major_descriptor_risk
CAND_9a9f09132e,0,True,no_major_descriptor_risk
CAND_b02a936c09,0,True,no_major_descriptor_risk
CAND_7dcbdae80a,0,True,no_major_descriptor_risk
CAND_12593486b4,0,True,no_major_descriptor_risk
CAND_3e0c283c1b,0,True,no_major_descriptor_risk
CAND_9f0c1174c6,0,False,veber_fail
CAND_a94f316a30,0,False,veber_fail
CAND_2ccc981045,0,True,no_major_descriptor_risk
CAND_a831ad8784,0,True,no_major_descriptor_risk
CAND_9550a47f25,0,False,veber_fail
CAND_e6b9b48cf0,0,True,no_major_descriptor_risk
CAND_cb44d3aa1c,0,True,no_major_descriptor_risk
CAND_31c1461a1a,0,True,no_major_descriptor_risk
CAND_82a796498b,0,True,no_major_descriptor_risk
CAND_5c4f17cd5b,0,True,no_major_descriptor_risk
CAND_0fc9c989ea,0,True,no_major_descriptor_risk
CAND_a41a57b3da,0,True,no_major_descriptor_risk
CAND_8f8ff15335,0,False,veber_fail
CAND_ef2318394e,0,True,no_major_descriptor_risk
CAND_54f480ff3b,0,True,no_major_descriptor_risk
CAND_669f11a606,0,True,no_major_descriptor_risk
CAND_062b1b7dd0,0,True,no_major_descriptor_risk
CAND_1fa9e817e3,0,True,no_major_descriptor_risk
CAND_332042ab28,0,True,no_major_descriptor_risk
CAND_2f8533fdd8,0,True,no_major_descriptor_risk
CAND_c2217e6082,0,True,no_major_descriptor_risk
CAND_884dacc1f9,0,True,no_major_descriptor_risk
CAND_ce068f6a7d,0,True,no_major_descriptor_risk
CAND_9655abde5f,0,True,no_major_descriptor_risk
CAND_ccac7c28ed,1,True,1_lipinski_violations
CAND_1d44d898a4,0,True,no_major_descriptor_risk
CAND_83190a72de,0,False,veber_fail
CAND_f7434884f9,0,True,no_major_descriptor_risk
CAND_94a3d8b814,0,True,no_major_descriptor_risk
CAND_6edfc5ad80,0,True,no_major_descriptor_risk
CAND_ccc533a5ec,0,True,no_major_descriptor_risk
CAND_d05563f1b5,0,True,no_major_descriptor_risk
CAND_fd0c6014eb,0,True,no_major_descriptor_risk
CAND_159a714355,0,True,no_major_descriptor_risk
CAND_8afedbe3c5,0,True,no_major_descriptor_risk
CAND_4988ece1e2,0,True,no_major_descriptor_risk
CAND_9e7ba7a515,0,False,veber_fail
CAND_f156b0dbe6,0,True,no_major_descriptor_risk
CAND_e32e6fd4a7,0,True,no_major_descriptor_risk
CAND_cd20306e7e,0,True,no_major_descriptor_risk
CAND_4a917d17dd,0,True,no_major_descriptor_risk
CAND_f5696a055a,0,True,no_major_descriptor_risk
CAND_d923607257,0,True,no_major_descriptor_risk
CAND_79187e2c14,1,False,1_lipinski_violations;veber_fail
CAND_f65e8b0d26,1,False,1_lipinski_violations;veber_fail
CAND_8be8c27cbd,0,True,no_major_descriptor_risk
CAND_713d0237ea,0,True,no_major_descriptor_risk
CAND_f61135c45c,0,True,no_major_descriptor_risk
CAND_29a2450e24,0,True,no_major_descriptor_risk
CAND_443e6bbc9a,1,False,1_lipinski_violations;veber_fail
CAND_715e8d4b4d,0,True,no_major_descriptor_risk
CAND_b88f79d3d7,0,True,no_major_descriptor_risk
CAND_fb98445934,1,False,1_lipinski_violations;veber_fail
CAND_835443b633,0,True,no_major_descriptor_risk
CAND_735448944d,0,True,no_major_descriptor_risk
CAND_ed86f85ccb,0,True,no_major_descriptor_risk
CAND_b85e5d6196,0,True,no_major_descriptor_risk
CAND_ecae3c1fa1,0,True,no_major_descriptor_risk
CAND_5eaf4973c2,0,True,no_major_descriptor_risk
CAND_ffa6d79ece,0,False,veber_fail
CAND_18849704b2,0,True,no_major_descriptor_risk
CAND_f8a5fd7086,0,True,no_major_descriptor_risk
CAND_6dc1db68d3,1,True,1_lipinski_violations
CAND_6b3a812f7f,0,False,veber_fail
CAND_26adf8e6a0,0,True,no_major_descriptor_risk
CAND_4d64370a29,0,True,no_major_descriptor_risk
CAND_c8c473ea5f,1,True,1_lipinski_violations
CAND_4357a47ba1,0,True,no_major_descriptor_risk
CAND_978e6eb768,1,True,1_lipinski_violations
CAND_cdf4c8dfbb,1,True,1_lipinski_violations
CAND_d9c10d5210,0,True,no_major_descriptor_risk
CAND_70f365611f,2,False,2_lipinski_violations;veber_fail
CAND_8c28356ec1,1,False,1_lipinski_violations;veber_fail
CAND_355ae2b664,2,False,2_lipinski_violations;veber_fail
CAND_2ea1e55d8f,1,True,1_lipinski_violations
CAND_39b8f43e8b,1,False,1_lipinski_violations;veber_fail
CAND_4571df8d96,1,False,1_lipinski_violations;veber_fail
CAND_9236648083,1,True,1_lipinski_violations
CAND_a7f2f97a31,0,True,no_major_descriptor_risk
CAND_517edf90a8,0,True,no_major_descriptor_risk
CAND_faf27da005,0,True,no_major_descriptor_risk
CAND_b00d31bcec,0,True,no_major_descriptor_risk
CAND_0549115a87,0,True,no_major_descriptor_risk
CAND_a4eead7438,0,True,no_major_descriptor_risk
CAND_e7bb386ecd,0,True,no_major_descriptor_risk
CAND_dcd678f8d5,0,True,no_major_descriptor_risk
CAND_7b4e55843d,0,True,no_major_descriptor_risk
CAND_8302a508f8,0,True,no_major_descriptor_risk
CAND_0ecbfea868,0,True,no_major_descriptor_risk
CAND_d4a37ee88b,0,True,no_major_descriptor_risk
CAND_110d5a2abd,0,True,no_major_descriptor_risk
CAND_33bae7461c,1,False,1_lipinski_violations;veber_fail
CAND_1a7ed1e7e1,0,True,no_major_descriptor_risk
CAND_16257d4ee9,0,True,no_major_descriptor_risk
CAND_377fd1231c,0,True,no_major_descriptor_risk
CAND_c3e66dfa1b,0,True,no_major_descriptor_risk
CAND_9722d31f19,0,True,no_major_descriptor_risk
CAND_0d513ba28e,0,True,no_major_descriptor_risk
CAND_48e927b04a,0,True,no_major_descriptor_risk
CAND_a31b58ade0,1,True,1_lipinski_violations
CAND_05c72e1270,1,True,1_lipinski_violations
CAND_0c66f2e8fe,1,True,1_lipinski_violations
CAND_8a32e553d7,1,True,1_lipinski_violations
CAND_60b0c80553,1,False,1_lipinski_violations;veber_fail
CAND_fbb0769c49,1,True,1_lipinski_violations
CAND_921038036e,1,False,1_lipinski_violations;veber_fail
CAND_131a5aa989,0,True,no_major_descriptor_risk
CAND_23b358c1d3,1,True,1_lipinski_violations
CAND_77ee65ac18,1,False,1_lipinski_violations;veber_fail
CAND_8bdfde1d40,0,True,no_major_descriptor_risk
CAND_75a7793bc9,0,True,no_major_descriptor_risk
CAND_4f7404d0f4,2,True,2_lipinski_violations
CAND_acc7b2cc5a,0,True,no_major_descriptor_risk
CAND_9c5331b6e4,0,True,no_major_descriptor_risk
CAND_00333b4cf7,0,True,no_major_descriptor_risk
CAND_ca694b454e,0,True,no_major_descriptor_risk
CAND_f931685b05,0,True,no_major_descriptor_risk
CAND_1666e874c2,1,True,1_lipinski_violations
CAND_8406bc60a0,1,True,1_lipinski_violations
CAND_d545111edf,0,True,no_major_descriptor_risk
CAND_f24ed965ec,1,True,1_lipinski_violations
CAND_6a0f0b8a79,0,True,no_major_descriptor_risk
CAND_73b2825513,0,True,no_major_descriptor_risk
CAND_1e63ac5f26,1,True,1_lipinski_violations
CAND_e64cc632ea,1,True,1_lipinski_violations
CAND_c6cf1ee075,1,False,1_lipinski_violations;veber_fail
CAND_5ccc8bbff8,1,True,1_lipinski_violations
CAND_13070c5028,1,True,1_lipinski_violations
CAND_f613c77d25,0,True,no_major_descriptor_risk
CAND_d98c40800e,1,True,1_lipinski_violations
CAND_3ddfa04cc2,1,True,1_lipinski_violations
CAND_a74bd9ef2b,1,True,1_lipinski_violations
CAND_4c6f1c6471,0,True,no_major_descriptor_risk
CAND_f3483e6859,0,False,veber_fail
CAND_a07117a3aa,0,True,no_major_descriptor_risk
CAND_3e0306420b,0,True,no_major_descriptor_risk
CAND_5c85722d7a,0,True,no_major_descriptor_risk
CAND_a7288779e7,0,True,no_major_descriptor_risk
CAND_1de66c8753,0,True,no_major_descriptor_risk
CAND_d9b3955886,0,True,no_major_descriptor_risk
CAND_57e59f96fd,0,True,no_major_descriptor_risk
CAND_1f072e5757,0,True,no_major_descriptor_risk
CAND_db9bceda82,0,True,no_major_descriptor_risk
CAND_22182d26f0,0,True,no_major_descriptor_risk
CAND_99eae9f210,0,True,no_major_descriptor_risk
CAND_4616641e82,0,True,no_major_descriptor_risk
CAND_ffefd7080a,0,True,no_major_descriptor_risk
CAND_144560b2ee,0,True,no_major_descriptor_risk
CAND_cf6da14732,0,True,no_major_descriptor_risk
CAND_279bcf4cf5,0,True,no_major_descriptor_risk
CAND_31a00de557,0,True,no_major_descriptor_risk
CAND_b83f62bd50,0,True,no_major_descriptor_risk
CAND_3302318d1a,1,True,1_lipinski_violations
CAND_a32499ad0a,1,True,1_lipinski_violations
CAND_b5f30528eb,1,True,1_lipinski_violations
CAND_e2a35de6fe,1,True,1_lipinski_violations
CAND_f622c608da,1,True,1_lipinski_violations
CAND_8a3dc31680,1,True,1_lipinski_violations
CAND_a4d0c1e555,1,False,1_lipinski_violations;veber_fail
CAND_28e730d577,0,True,no_major_descriptor_risk
CAND_8335d88383,1,True,1_lipinski_violations
CAND_3d07744864,0,True,no_major_descriptor_risk
CAND_7bae8641a7,1,True,1_lipinski_violations
CAND_35ff87f07a,1,True,1_lipinski_violations
CAND_4527d8f6bf,0,True,no_major_descriptor_risk
CAND_0c841e326f,0,True,no_major_descriptor_risk
CAND_6eec4980ac,0,True,no_major_descriptor_risk
CAND_bb10305889,0,True,no_major_descriptor_risk
CAND_01b79cb553,0,True,no_major_descriptor_risk
CAND_7ce6d4b6bb,0,True,no_major_descriptor_risk
CAND_2662daeec8,0,True,no_major_descriptor_risk
CAND_afdd5aed32,0,True,no_major_descriptor_risk
CAND_c67bc652e0,0,True,no_major_descriptor_risk
CAND_fb9212c79e,0,False,veber_fail
CAND_ffb659a1f6,0,True,no_major_descriptor_risk
CAND_fb8f1ef8d7,0,False,veber_fail
CAND_287a63e33e,0,True,no_major_descriptor_risk
CAND_dc040f5b9e,0,True,no_major_descriptor_risk
CAND_ad86586c1d,0,True,no_major_descriptor_risk
CAND_76dc801e5b,0,True,no_major_descriptor_risk
CAND_848c311bac,0,True,no_major_descriptor_risk
CAND_903e0e04b6,0,True,no_major_descriptor_risk
CAND_256e3793d1,0,True,no_major_descriptor_risk
CAND_57df00bcee,0,True,no_major_descriptor_risk
CAND_47a6ab289b,0,True,no_major_descriptor_risk
CAND_41bbd000fb,0,True,no_major_descriptor_risk
CAND_2fb115c7c6,0,True,no_major_descriptor_risk
CAND_56c5007c9d,0,True,no_major_descriptor_risk
CAND_130737d8e5,0,True,no_major_descriptor_risk
CAND_4bdbaa99b8,0,True,no_major_descriptor_risk
CAND_16b2c1be64,0,True,no_major_descriptor_risk
CAND_27b3004a91,0,True,no_major_descriptor_risk
CAND_d5bbd7348f,0,True,no_major_descriptor_risk
CAND_f2ab12723a,0,True,no_major_descriptor_risk
CAND_8152675718,0,True,no_major_descriptor_risk
CAND_232aad806c,0,True,no_major_descriptor_risk
CAND_691254116c,0,True,no_major_descriptor_risk
CAND_be598fac24,0,False,veber_fail
CAND_057ed23fcc,0,True,no_major_descriptor_risk
CAND_3c7af988c5,0,True,no_major_descriptor_risk
CAND_96ebb95248,0,True,no_major_descriptor_risk
CAND_6a12025983,0,True,no_major_descriptor_risk
CAND_c1f6c1e0ca,0,True,no_major_descriptor_risk
CAND_effeb9c74d,0,True,no_major_descriptor_risk
CAND_83be550ead,0,True,no_major_descriptor_risk
CAND_cdeea80277,0,True,no_major_descriptor_risk
CAND_f202327498,0,True,no_major_descriptor_risk
CAND_718d475d5a,0,True,no_major_descriptor_risk
CAND_f41657a541,0,True,no_major_descriptor_risk
CAND_5e73dbbd40,0,True,no_major_descriptor_risk
CAND_071dc020c6,0,True,no_major_descriptor_risk
CAND_7df26414ea,0,True,no_major_descriptor_risk
CAND_3621c298a9,0,True,no_major_descriptor_risk
CAND_d5a5e5e9d5,0,True,no_major_descriptor_risk
CAND_8cbc01b567,0,True,no_major_descriptor_risk
CAND_a1ab5551a9,0,True,no_major_descriptor_risk
CAND_388660ce6b,0,True,no_major_descriptor_risk
CAND_a8eccbe482,0,False,veber_fail
CAND_75e2efa69c,0,True,no_major_descriptor_risk
CAND_839a28a297,0,True,no_major_descriptor_risk
CAND_9605bc5052,0,True,no_major_descriptor_risk
CAND_8821405125,0,True,no_major_descriptor_risk
CAND_d48ad35c28,0,True,no_major_descriptor_risk
CAND_3cb742cba8,0,True,no_major_descriptor_risk
CAND_e7ab40ce3a,0,True,no_major_descriptor_risk
CAND_18b87b8e98,0,True,no_major_descriptor_risk
CAND_48a9d80e31,0,True,no_major_descriptor_risk
CAND_0f62a31c36,0,True,no_major_descriptor_risk
CAND_534af30563,0,True,no_major_descriptor_risk
CAND_c037342c0a,0,True,no_major_descriptor_risk
CAND_dfb83ce3b9,0,True,no_major_descriptor_risk
CAND_1ccd8629b4,0,True,no_major_descriptor_risk
CAND_44e8940bfe,0,True,no_major_descriptor_risk
CAND_f8e1e7ef2d,0,True,no_major_descriptor_risk
CAND_260ddac1cb,1,True,1_lipinski_violations
CAND_d66afeea8f,0,True,no_major_descriptor_risk
CAND_c62b25ca3a,0,True,no_major_descriptor_risk
CAND_5aa3228d60,0,True,no_major_descriptor_risk
CAND_e5cb948a17,0,True,no_major_descriptor_risk
CAND_66371d3ee1,0,False,veber_fail
CAND_a406525ba0,0,True,no_major_descriptor_risk
CAND_bd1e6b971d,0,True,no_major_descriptor_risk
CAND_38c28642c0,0,True,no_major_descriptor_risk
CAND_e9c54ed776,0,True,no_major_descriptor_risk
CAND_4ed8bc3405,0,True,no_major_descriptor_risk
CAND_fe141be295,0,True,no_major_descriptor_risk
CAND_d86e8066b2,0,True,no_major_descriptor_risk
CAND_a08d87c42e,0,True,no_major_descriptor_risk
CAND_d6ebb3b13c,0,True,no_major_descriptor_risk
CAND_ae9dbb1af0,0,True,no_major_descriptor_risk
CAND_5308e5ba94,0,True,no_major_descriptor_risk
CAND_f5fbff23d9,0,True,no_major_descriptor_risk
CAND_2402c7d6ae,0,True,no_major_descriptor_risk
CAND_c549f4ad76,0,True,no_major_descriptor_risk
CAND_6d10fdf45f,0,True,no_major_descriptor_risk
CAND_5cf1b6fe3f,0,True,no_major_descriptor_risk
CAND_e6a3ec7385,0,True,no_major_descriptor_risk
CAND_14a683fe95,0,True,no_major_descriptor_risk
CAND_086a0b246a,0,True,no_major_descriptor_risk
CAND_3fc0ebe287,0,True,no_major_descriptor_risk
CAND_09fbe3a7f3,0,True,no_major_descriptor_risk
CAND_67afdb076f,0,True,no_major_descriptor_risk
CAND_c91f0d3c72,0,True,no_major_descriptor_risk
CAND_fff8bd19f5,0,True,no_major_descriptor_risk
CAND_1fc82a27f2,0,True,no_major_descriptor_risk
CAND_0e48386c4a,0,False,veber_fail
CAND_e6e7eecae9,0,True,no_major_descriptor_risk
CAND_349248c010,1,False,1_lipinski_violations;veber_fail
CAND_ec1d632e26,1,False,1_lipinski_violations;veber_fail
CAND_cd3f4c17f2,0,True,no_major_descriptor_risk
CAND_302284d9a1,0,True,no_major_descriptor_risk
CAND_8cfadfa8d7,0,True,no_major_descriptor_risk
CAND_05e4528b8a,0,True,no_major_descriptor_risk
CAND_74be6a2278,0,False,veber_fail
CAND_0f060899b9,0,True,no_major_descriptor_risk
CAND_660833223d,0,True,no_major_descriptor_risk
CAND_2f7cbc5e7c,0,True,no_major_descriptor_risk
CAND_6635433624,0,True,no_major_descriptor_risk
CAND_ab336ddd9d,0,True,no_major_descriptor_risk
CAND_8b53620457,0,True,no_major_descriptor_risk
CAND_29ef611f13,0,True,no_major_descriptor_risk
CAND_ea44a2e3b6,0,True,no_major_descriptor_risk
CAND_c4b25f65b1,0,True,no_major_descriptor_risk
CAND_5201ab18ea,0,True,no_major_descriptor_risk
CAND_4b516d0ddc,0,True,no_major_descriptor_risk
CAND_10c0081f2d,0,True,no_major_descriptor_risk
CAND_be33e81475,0,True,no_major_descriptor_risk
CAND_512c3596eb,0,True,no_major_descriptor_risk
CAND_c3fecbe163,0,True,no_major_descriptor_risk
CAND_e12f7b29ab,0,True,no_major_descriptor_risk
CAND_3c6f2e532d,0,True,no_major_descriptor_risk
CAND_f4ef79697a,0,False,veber_fail
CAND_1317e3c765,0,True,no_major_descriptor_risk
CAND_0cc6da54ee,0,True,no_major_descriptor_risk
CAND_379e55dc52,0,True,no_major_descriptor_risk
CAND_64386f59c8,0,True,no_major_descriptor_risk
CAND_178652a359,0,True,no_major_descriptor_risk
CAND_1c934b567a,0,True,no_major_descriptor_risk
CAND_55a09c1d04,0,True,no_major_descriptor_risk
CAND_ad508c0e22,0,True,no_major_descriptor_risk
CAND_5f3ac1ac93,0,True,no_major_descriptor_risk
CAND_d6450835a3,1,True,1_lipinski_violations
CAND_9b89dbd2f3,0,True,no_major_descriptor_risk
CAND_846dc1b60d,0,True,no_major_descriptor_risk
CAND_d81efe41fe,0,True,no_major_descriptor_risk
CAND_b74a95c294,0,True,no_major_descriptor_risk
CAND_a4da80a531,0,True,no_major_descriptor_risk
CAND_9dd230a1f7,0,True,no_major_descriptor_risk
CAND_df518a5196,0,True,no_major_descriptor_risk
CAND_780e7a8d6a,0,True,no_major_descriptor_risk
CAND_8a9fddd8b1,0,True,no_major_descriptor_risk
CAND_442cb04bcd,0,True,no_major_descriptor_risk
CAND_7ba535b985,0,True,no_major_descriptor_risk
CAND_5a368a18a5,0,True,no_major_descriptor_risk
CAND_b635be4df9,0,True,no_major_descriptor_risk
CAND_c2825789a4,0,True,no_major_descriptor_risk
CAND_33beda348a,0,True,no_major_descriptor_risk
CAND_d80d914029,0,True,no_major_descriptor_risk
CAND_39d48b7b7d,0,True,no_major_descriptor_risk
CAND_28c6f5240f,0,True,no_major_descriptor_risk
CAND_8644fd175c,0,True,no_major_descriptor_risk
CAND_5e3e893009,1,True,1_lipinski_violations
CAND_3abb432769,0,True,no_major_descriptor_risk
CAND_5f0a28180d,0,True,no_major_descriptor_risk
CAND_6a31963631,0,True,no_major_descriptor_risk
CAND_bdfb350c34,0,True,no_major_descriptor_risk
CAND_8bc1930a0f,0,True,no_major_descriptor_risk
CAND_e47a89beb2,0,True,no_major_descriptor_risk
CAND_0ee774404c,0,False,veber_fail
CAND_d505721a30,0,False,veber_fail
CAND_bdcb84de6a,0,True,no_major_descriptor_risk
CAND_93d8adeef5,0,False,veber_fail
CAND_17535db17a,1,True,1_lipinski_violations
CAND_018837f09e,1,True,1_lipinski_violations
CAND_52b2cf11d9,1,True,1_lipinski_violations
CAND_1eafb16c56,1,False,1_lipinski_violations;veber_fail
CAND_56beea7a4a,1,True,1_lipinski_violations
CAND_274e558dd2,1,True,1_lipinski_violations
CAND_0eaea60367,1,True,1_lipinski_violations
CAND_5f98af69f4,1,True,1_lipinski_violations
CAND_c661ccff55,0,True,no_major_descriptor_risk
CAND_a214ae4898,1,True,1_lipinski_violations
CAND_445bda5e64,0,True,no_major_descriptor_risk
CAND_06bac1a998,0,True,no_major_descriptor_risk
CAND_82977d8de6,0,True,no_major_descriptor_risk
CAND_5e80f72c27,0,True,no_major_descriptor_risk
CAND_c326fbcc8b,0,True,no_major_descriptor_risk
CAND_9ae3aff7f1,0,True,no_major_descriptor_risk
CAND_3bee8d9b9b,1,True,1_lipinski_violations
CAND_1eac1398e4,0,True,no_major_descriptor_risk
CAND_e89621c0ab,1,True,1_lipinski_violations
CAND_be1b46c1d1,1,True,1_lipinski_violations
CAND_e03f117f3a,0,True,no_major_descriptor_risk
CAND_d5893a65fa,0,True,no_major_descriptor_risk
CAND_d9eb63d904,0,True,no_major_descriptor_risk
CAND_0530cf77e5,0,True,no_major_descriptor_risk
CAND_08bd82e8e7,0,True,no_major_descriptor_risk
CAND_fca73045e4,0,True,no_major_descriptor_risk
CAND_a5fe3fedcb,0,True,no_major_descriptor_risk
CAND_bd2c3524a0,0,True,no_major_descriptor_risk
CAND_dc9da0d7c9,0,True,no_major_descriptor_risk
CAND_d681620ec0,0,True,no_major_descriptor_risk
CAND_a41c898fc7,0,True,no_major_descriptor_risk
CAND_59a4df8194,0,True,no_major_descriptor_risk
CAND_e68e4649e7,0,True,no_major_descriptor_risk
CAND_801ac66786,0,True,no_major_descriptor_risk
CAND_c9141aec2d,0,True,no_major_descriptor_risk
CAND_5687c1fb72,0,True,no_major_descriptor_risk
CAND_981fe45653,0,True,no_major_descriptor_risk
CAND_f06e53f892,0,True,no_major_descriptor_risk
CAND_81b37eaffc,0,True,no_major_descriptor_risk
CAND_17fe140db8,0,True,no_major_descriptor_risk
CAND_55ae4491c0,1,False,1_lipinski_violations;veber_fail
CAND_f4ac5ae4c6,1,True,1_lipinski_violations
CAND_ca06ebebbf,0,True,no_major_descriptor_risk
CAND_c21f5b9d8d,1,False,1_lipinski_violations;veber_fail
CAND_c8f21cd6c6,1,False,1_lipinski_violations;veber_fail
CAND_fcd9a927eb,0,True,no_major_descriptor_risk
CAND_1001809f6b,0,True,no_major_descriptor_risk
CAND_5e05d7987e,1,True,1_lipinski_violations
CAND_37c1654aad,0,False,veber_fail
CAND_8a1767c861,0,True,no_major_descriptor_risk
CAND_e0bae844d8,0,True,no_major_descriptor_risk
CAND_454b084951,1,True,1_lipinski_violations
CAND_3c51f83d5e,1,False,1_lipinski_violations;veber_fail
CAND_1b69bd15c9,1,True,1_lipinski_violations
CAND_680771366f,1,True,1_lipinski_violations
CAND_4cc4f3c395,0,True,no_major_descriptor_risk
CAND_8e4d06c678,1,True,1_lipinski_violations
CAND_754572eec6,0,True,no_major_descriptor_risk
CAND_ac3fa2e18a,1,True,1_lipinski_violations
CAND_48020b74c5,1,True,1_lipinski_violations
CAND_1d4e38d9f3,1,True,1_lipinski_violations
CAND_bc66d93c29,1,True,1_lipinski_violations
CAND_b1f3d6459c,1,True,1_lipinski_violations
CAND_050ec7cf98,0,True,no_major_descriptor_risk
CAND_677a6d7b92,0,True,no_major_descriptor_risk
CAND_9f41f4ecad,1,True,1_lipinski_violations
CAND_02dd97238c,1,True,1_lipinski_violations
CAND_a55df73bd9,1,True,1_lipinski_violations
CAND_64b29a9efc,1,True,1_lipinski_violations
CAND_e16c37a483,0,True,no_major_descriptor_risk
CAND_c28ad86f81,0,True,no_major_descriptor_risk
CAND_a3ed9c2035,0,True,no_major_descriptor_risk
CAND_7ffa814118,0,True,no_major_descriptor_risk
CAND_629f0301ac,0,True,no_major_descriptor_risk
CAND_e3c3a12a16,0,True,no_major_descriptor_risk
CAND_9e471103c9,0,True,no_major_descriptor_risk
CAND_3c488ca977,0,True,no_major_descriptor_risk
CAND_ca34249cfb,0,True,no_major_descriptor_risk
CAND_1c8ec84438,0,True,no_major_descriptor_risk
CAND_4918d57f13,0,True,no_major_descriptor_risk
CAND_8d4094be50,0,True,no_major_descriptor_risk
CAND_b17ae500fc,0,True,no_major_descriptor_risk
CAND_8fe79f9f6b,0,True,no_major_descriptor_risk
CAND_e6fcee1895,0,True,no_major_descriptor_risk
CAND_578d0c3827,0,True,no_major_descriptor_risk
CAND_45341a8161,0,True,no_major_descriptor_risk
CAND_8c447f5c2b,0,True,no_major_descriptor_risk
CAND_cf1e01a3ec,0,True,no_major_descriptor_risk
CAND_10956fc923,1,True,1_lipinski_violations
CAND_fb936f31dc,1,True,1_lipinski_violations
CAND_acf000e326,0,True,no_major_descriptor_risk
CAND_f252b25b89,1,True,1_lipinski_violations
CAND_abc0b170d2,1,False,1_lipinski_violations;veber_fail
CAND_6d755de44e,0,False,veber_fail
CAND_b2669d1c16,0,True,no_major_descriptor_risk
CAND_29f14ece22,0,True,no_major_descriptor_risk
CAND_098d3afa25,0,True,no_major_descriptor_risk
CAND_e4009589d9,0,False,veber_fail
CAND_900c813cc5,0,True,no_major_descriptor_risk
CAND_e0ebd7a87b,0,True,no_major_descriptor_risk
CAND_3986cbcf38,1,False,1_lipinski_violations;veber_fail
CAND_c77f4ba4cd,1,False,1_lipinski_violations;veber_fail
CAND_8b7a4ca476,1,False,1_lipinski_violations;veber_fail
CAND_ca8b7d60c7,0,False,veber_fail
CAND_6bb2c95a28,0,False,veber_fail
CAND_fac55b56ab,1,True,1_lipinski_violations
CAND_18fac042a7,0,False,veber_fail
CAND_6a93d76de4,0,True,no_major_descriptor_risk
CAND_036a167dd1,0,True,no_major_descriptor_risk
CAND_3f62feaabe,0,True,no_major_descriptor_risk
CAND_56d9646909,0,True,no_major_descriptor_risk
CAND_131b134968,0,True,no_major_descriptor_risk
CAND_fbb12f28c8,0,True,no_major_descriptor_risk
CAND_16913144f0,0,True,no_major_descriptor_risk
CAND_b9f8b34629,0,True,no_major_descriptor_risk
CAND_daebe71348,1,True,1_lipinski_violations
CAND_d8603b0c88,1,True,1_lipinski_violations
CAND_f112184dd3,1,True,1_lipinski_violations
CAND_c21d63c71c,0,True,no_major_descriptor_risk
CAND_d0ff52f244,1,True,1_lipinski_violations
CAND_47f59a6d20,1,True,1_lipinski_violations
CAND_7dce99bd6a,0,True,no_major_descriptor_risk
CAND_0208ffdf1d,0,True,no_major_descriptor_risk
CAND_5b586ddccd,1,True,1_lipinski_violations
CAND_63f0abd5dd,1,True,1_lipinski_violations
CAND_3ff4939759,0,True,no_major_descriptor_risk
CAND_646b026cbb,1,True,1_lipinski_violations
CAND_c9b7bd6717,0,False,veber_fail
CAND_6add5c0b2f,0,True,no_major_descriptor_risk
CAND_5f223c007d,0,True,no_major_descriptor_risk
CAND_1aa93c9888,0,False,veber_fail
CAND_1fc22772f5,0,True,no_major_descriptor_risk
CAND_661c01c17b,0,False,veber_fail
CAND_ea5586fe3e,0,True,no_major_descriptor_risk
CAND_a7b294ca53,0,True,no_major_descriptor_risk
CAND_e7083b7670,1,False,1_lipinski_violations;veber_fail
CAND_f9e74d2a69,0,True,no_major_descriptor_risk
CAND_83b5eda4ea,1,True,1_lipinski_violations
CAND_c490a486f3,0,True,no_major_descriptor_risk
CAND_a1d3c817f2,0,True,no_major_descriptor_risk
CAND_4d28445841,0,False,veber_fail
CAND_4b10ada9b2,0,True,no_major_descriptor_risk
CAND_5926a203aa,0,False,veber_fail
CAND_9482b41190,2,False,2_lipinski_violations;veber_fail
CAND_dc71664b44,1,True,1_lipinski_violations
CAND_e59ec275dd,1,True,1_lipinski_violations
CAND_cfd884cac3,0,True,no_major_descriptor_risk
CAND_dc11da12cf,0,True,no_major_descriptor_risk
CAND_a3ed0af441,1,True,1_lipinski_violations
CAND_9c255c1b13,0,True,no_major_descriptor_risk
CAND_05e501b9e3,2,True,2_lipinski_violations
CAND_47244da440,0,True,no_major_descriptor_risk
CAND_901d72524a,0,True,no_major_descriptor_risk
CAND_6cb94c919e,0,True,no_major_descriptor_risk
CAND_5ab93c4489,0,True,no_major_descriptor_risk
CAND_27de82ec82,0,True,no_major_descriptor_risk
CAND_780995fced,0,True,no_major_descriptor_risk
CAND_ae35936557,0,True,no_major_descriptor_risk
CAND_9c24575558,0,True,no_major_descriptor_risk
CAND_473911ade7,0,True,no_major_descriptor_risk
CAND_9e8fe0c51c,0,True,no_major_descriptor_risk
CAND_a8f4047934,0,False,veber_fail
CAND_b63f33c94d,0,True,no_major_descriptor_risk
CAND_813163e35c,0,True,no_major_descriptor_risk
CAND_23709b257b,0,True,no_major_descriptor_risk
CAND_3b42d0167e,0,True,no_major_descriptor_risk
CAND_e5faf9a8ab,0,True,no_major_descriptor_risk
CAND_3967c68001,0,True,no_major_descriptor_risk
CAND_80c2bb9105,0,True,no_major_descriptor_risk
CAND_7a3ec7298c,0,True,no_major_descriptor_risk
CAND_1a02c51de2,0,True,no_major_descriptor_risk
CAND_2b6ccadb11,0,True,no_major_descriptor_risk
CAND_fa266b55ed,0,True,no_major_descriptor_risk
CAND_9da7b44e3f,0,True,no_major_descriptor_risk
CAND_2d98cb4c47,0,True,no_major_descriptor_risk
CAND_4c7cca2a38,0,True,no_major_descriptor_risk
CAND_dc18fd5c6e,1,True,1_lipinski_violations
CAND_2a7df84e67,0,True,no_major_descriptor_risk
CAND_e1574bf927,0,True,no_major_descriptor_risk
CAND_68a0d18aee,0,True,no_major_descriptor_risk
CAND_4119566437,0,True,no_major_descriptor_risk
CAND_8c9925b943,1,True,1_lipinski_violations
CAND_30dc437078,0,True,no_major_descriptor_risk
CAND_c404d69e99,0,True,no_major_descriptor_risk
CAND_663df03d13,0,True,no_major_descriptor_risk
CAND_a4de44cdf2,0,True,no_major_descriptor_risk
CAND_6781a9a52d,0,True,no_major_descriptor_risk
CAND_7d35665b56,0,True,no_major_descriptor_risk
CAND_dd9964f896,0,True,no_major_descriptor_risk
CAND_a337ce9f82,0,True,no_major_descriptor_risk
CAND_f74e7eb465,0,True,no_major_descriptor_risk
CAND_7fabaa83e1,0,True,no_major_descriptor_risk
CAND_9791b484a6,0,True,no_major_descriptor_risk
CAND_16379d5492,0,True,no_major_descriptor_risk
CAND_c4cce57892,0,True,no_major_descriptor_risk
CAND_b43641839e,0,True,no_major_descriptor_risk
CAND_6741d8c72c,0,True,no_major_descriptor_risk
CAND_49fc671c39,0,True,no_major_descriptor_risk
CAND_3aa6861e09,1,True,1_lipinski_violations
CAND_0a6343278d,1,True,1_lipinski_violations
CAND_1b62edf1a9,1,True,1_lipinski_violations
CAND_b87fc5d76b,1,True,1_lipinski_violations
CAND_2e2d49cc71,1,True,1_lipinski_violations
CAND_697cbaf8e1,0,True,no_major_descriptor_risk
CAND_d4b75fc2b8,0,True,no_major_descriptor_risk
CAND_a67a7a2d95,0,True,no_major_descriptor_risk
CAND_8d9d446e88,0,True,no_major_descriptor_risk
CAND_66b0ebb866,0,True,no_major_descriptor_risk
CAND_c3a069854a,0,True,no_major_descriptor_risk
CAND_aa89c47e16,0,True,no_major_descriptor_risk
CAND_a7a935c97f,0,True,no_major_descriptor_risk
CAND_b3eb3bba68,0,True,no_major_descriptor_risk
CAND_009c1d194b,0,True,no_major_descriptor_risk
CAND_29cab58bec,0,True,no_major_descriptor_risk
CAND_7a500f1829,0,True,no_major_descriptor_risk
CAND_d0cc1d3a96,0,True,no_major_descriptor_risk
CAND_849428f9a8,0,True,no_major_descriptor_risk
CAND_c0e1931185,0,True,no_major_descriptor_risk
CAND_5734a3bc86,1,True,1_lipinski_violations
CAND_f9258fa007,1,True,1_lipinski_violations
CAND_052ddc0159,1,True,1_lipinski_violations
CAND_62517210b3,1,True,1_lipinski_violations
CAND_4f246277ee,1,True,1_lipinski_violations
CAND_a54dcf380e,0,True,no_major_descriptor_risk
CAND_a7734ff3ac,0,True,no_major_descriptor_risk
CAND_c076571666,0,True,no_major_descriptor_risk
CAND_8bed7e5cbc,0,True,no_major_descriptor_risk
CAND_99e5a40d9a,0,True,no_major_descriptor_risk
CAND_f4575fb9b9,0,True,no_major_descriptor_risk
CAND_d3bdd07c00,0,True,no_major_descriptor_risk
CAND_595b21315a,0,True,no_major_descriptor_risk
CAND_154e94150d,0,True,no_major_descriptor_risk
CAND_2c3e86fa3a,0,True,no_major_descriptor_risk
CAND_d42bea8b9c,0,True,no_major_descriptor_risk
CAND_d267112a0b,0,True,no_major_descriptor_risk
CAND_3d1531f7b3,0,True,no_major_descriptor_risk
CAND_06cd7c219c,0,True,no_major_descriptor_risk
CAND_4fe5326f20,0,True,no_major_descriptor_risk
CAND_91b71a5957,1,True,1_lipinski_violations
CAND_364ad96546,1,True,1_lipinski_violations
CAND_9967b85f2e,1,True,1_lipinski_violations
CAND_de40e4a360,1,True,1_lipinski_violations
CAND_e01c3fac3d,1,True,1_lipinski_violations
CAND_618f35007a,1,True,1_lipinski_violations
CAND_b9683caec2,1,True,1_lipinski_violations
CAND_0e5ca68e8e,1,True,1_lipinski_violations
CAND_b171a33cdf,1,True,1_lipinski_violations
CAND_4e8670e242,1,True,1_lipinski_violations
CAND_ad32cfdc47,0,True,no_major_descriptor_risk
CAND_80dc7af7cd,0,True,no_major_descriptor_risk
CAND_d9bf2df8d7,0,True,no_major_descriptor_risk
CAND_82f22ca3b8,0,True,no_major_descriptor_risk
CAND_1c2cd767f6,0,True,no_major_descriptor_risk
CAND_12fa9d5019,0,True,no_major_descriptor_risk
CAND_1f584285cc,0,True,no_major_descriptor_risk
CAND_dfe2655633,0,True,no_major_descriptor_risk
CAND_1c4381014c,0,True,no_major_descriptor_risk
CAND_ffd999300f,0,True,no_major_descriptor_risk
CAND_f084c56bfb,0,True,no_major_descriptor_risk
CAND_e16c872724,0,True,no_major_descriptor_risk
CAND_cd7fa0fdbf,0,True,no_major_descriptor_risk
CAND_a34a7335e9,0,True,no_major_descriptor_risk
CAND_2e4a75985e,0,True,no_major_descriptor_risk
CAND_051491af31,0,True,no_major_descriptor_risk
CAND_a164cc6c14,0,True,no_major_descriptor_risk
CAND_f166e0daaa,0,True,no_major_descriptor_risk
CAND_e3019196a1,0,True,no_major_descriptor_risk
CAND_9ec9c2734d,0,True,no_major_descriptor_risk
CAND_2b7c64c1dc,0,True,no_major_descriptor_risk
CAND_1958cbe502,0,True,no_major_descriptor_risk
CAND_33014eceb3,0,True,no_major_descriptor_risk
CAND_8051817250,0,True,no_major_descriptor_risk
CAND_0a5166e5b3,0,True,no_major_descriptor_risk
CAND_0be5e5cb2a,1,True,1_lipinski_violations
CAND_87e5f11590,1,True,1_lipinski_violations
CAND_090b89546e,1,True,1_lipinski_violations
CAND_c9bcf60b26,1,True,1_lipinski_violations
CAND_fcb8bfae80,1,True,1_lipinski_violations
CAND_9351bd6f66,0,True,no_major_descriptor_risk
CAND_143e452545,0,True,no_major_descriptor_risk
CAND_ecffba18ac,0,True,no_major_descriptor_risk
CAND_83b54e29bd,0,True,no_major_descriptor_risk
CAND_6b73e10eb6,0,True,no_major_descriptor_risk
CAND_863d752436,0,True,no_major_descriptor_risk
CAND_920beba5de,0,True,no_major_descriptor_risk
CAND_f22e247fe6,0,True,no_major_descriptor_risk
CAND_e3d7f2f2dc,0,True,no_major_descriptor_risk
CAND_55d0c55777,0,True,no_major_descriptor_risk
CAND_cbe980af6a,1,True,1_lipinski_violations
CAND_a81ddd1a55,1,True,1_lipinski_violations
CAND_2b64229936,1,True,1_lipinski_violations
CAND_1bcc2a2844,1,True,1_lipinski_violations
CAND_20d123bc5b,1,True,1_lipinski_violations
CAND_e1bc2e0e85,0,True,no_major_descriptor_risk
CAND_0b28f4ac25,0,True,no_major_descriptor_risk
CAND_f217cb1464,0,True,no_major_descriptor_risk
CAND_6e8bcf7fe0,0,True,no_major_descriptor_risk
CAND_1742aaf797,0,True,no_major_descriptor_risk
CAND_16e5c2e9e4,0,True,no_major_descriptor_risk
CAND_b22440cf1d,0,True,no_major_descriptor_risk
CAND_ce2ef6005e,0,True,no_major_descriptor_risk
CAND_1c1e3c51cf,0,True,no_major_descriptor_risk
CAND_ad4c3e86a7,0,True,no_major_descriptor_risk
CAND_d4b1d3b503,0,True,no_major_descriptor_risk
CAND_2898dbea54,0,True,no_major_descriptor_risk
CAND_a360a9a258,0,True,no_major_descriptor_risk
CAND_ffc51eb5b7,0,True,no_major_descriptor_risk
CAND_18c504ac9e,0,True,no_major_descriptor_risk
CAND_12693edbf1,0,True,no_major_descriptor_risk
CAND_473072aabd,0,True,no_major_descriptor_risk
CAND_d0fcb6d321,0,True,no_major_descriptor_risk
CAND_56eab6a2be,0,True,no_major_descriptor_risk
CAND_2693c45629,0,True,no_major_descriptor_risk
CAND_ce80c5836c,0,True,no_major_descriptor_risk
CAND_7331773bc3,0,True,no_major_descriptor_risk
CAND_2bd4ef23eb,0,True,no_major_descriptor_risk
CAND_962eca9a92,0,True,no_major_descriptor_risk
CAND_0fbbd70609,0,True,no_major_descriptor_risk
CAND_e562a328f3,0,True,no_major_descriptor_risk
CAND_4ebf0aa8a8,0,True,no_major_descriptor_risk
CAND_bf3513adfc,0,True,no_major_descriptor_risk
CAND_2aeea43ace,0,True,no_major_descriptor_risk
CAND_7500cd36f2,0,True,no_major_descriptor_risk
CAND_d8788cc42b,0,True,no_major_descriptor_risk
CAND_866f933505,0,True,no_major_descriptor_risk
CAND_a97b441242,0,True,no_major_descriptor_risk
CAND_758d0558dd,0,True,no_major_descriptor_risk
CAND_a9ce2cc752,0,True,no_major_descriptor_risk
CAND_c0cee05489,0,True,no_major_descriptor_risk
CAND_aceea295b7,0,True,no_major_descriptor_risk
CAND_d3f15a75e4,0,True,no_major_descriptor_risk
CAND_136a6702f6,0,True,no_major_descriptor_risk
CAND_53832352c0,0,True,no_major_descriptor_risk
CAND_ba846ca306,0,True,no_major_descriptor_risk
CAND_edb1495bda,0,True,no_major_descriptor_risk
CAND_8d1590874b,0,True,no_major_descriptor_risk
CAND_df4f02fa75,0,True,no_major_descriptor_risk
CAND_3c6dfa8e8c,0,True,no_major_descriptor_risk
CAND_e416b61ef1,0,True,no_major_descriptor_risk
CAND_c9013ba4a3,0,True,no_major_descriptor_risk
CAND_9dbf06608f,0,True,no_major_descriptor_risk
CAND_f2837e2598,0,True,no_major_descriptor_risk
CAND_bdfb8a2ad8,0,True,no_major_descriptor_risk
CAND_88cd2f6ea9,0,True,no_major_descriptor_risk
CAND_d4c090264f,0,True,no_major_descriptor_risk
CAND_c3e2874167,0,True,no_major_descriptor_risk
CAND_c28923e1d3,0,True,no_major_descriptor_risk
CAND_6ac136afeb,0,True,no_major_descriptor_risk
CAND_07f197b544,0,True,no_major_descriptor_risk
CAND_947c66ff42,0,True,no_major_descriptor_risk
CAND_e15c5fecdb,0,True,no_major_descriptor_risk
CAND_6ba0ce1b0a,0,True,no_major_descriptor_risk
CAND_fb16b6d0d6,0,True,no_major_descriptor_risk
CAND_cd10a1e6a1,1,True,1_lipinski_violations
CAND_716b76fdcc,1,True,1_lipinski_violations
CAND_5e63cf0bf6,1,True,1_lipinski_violations
CAND_447a52fcca,1,True,1_lipinski_violations
CAND_f5a912f4d7,1,True,1_lipinski_violations
CAND_53c399283a,0,True,no_major_descriptor_risk
CAND_e8a9f68e78,0,True,no_major_descriptor_risk
CAND_1e79adef76,0,True,no_major_descriptor_risk
CAND_fdc1f877c0,0,True,no_major_descriptor_risk
CAND_19e97f190d,0,True,no_major_descriptor_risk
CAND_04d61a925f,0,True,no_major_descriptor_risk
CAND_e69b254710,0,True,no_major_descriptor_risk
CAND_c1c0e36adb,0,True,no_major_descriptor_risk
CAND_7baf4833b0,0,True,no_major_descriptor_risk
CAND_6d13833346,0,True,no_major_descriptor_risk
CAND_32982c41e7,0,True,no_major_descriptor_risk
CAND_dde938077f,0,True,no_major_descriptor_risk
CAND_61b6853d7f,0,True,no_major_descriptor_risk
CAND_c8fcab2b95,0,True,no_major_descriptor_risk
CAND_a6b6bf8fc3,0,True,no_major_descriptor_risk
CAND_adeadd016c,0,True,no_major_descriptor_risk
CAND_b54508f6da,0,True,no_major_descriptor_risk
CAND_179e881bad,0,True,no_major_descriptor_risk
CAND_a49ec68d05,0,True,no_major_descriptor_risk
CAND_5a50d9c8a1,0,True,no_major_descriptor_risk
CAND_e56e8b8f48,0,True,no_major_descriptor_risk
CAND_342338e4d7,0,True,no_major_descriptor_risk
CAND_941f1fa0d6,0,True,no_major_descriptor_risk
CAND_152ca21044,0,True,no_major_descriptor_risk
CAND_4c2a25b345,0,True,no_major_descriptor_risk
CAND_7cb57b2c0d,0,True,no_major_descriptor_risk
CAND_a6d8477cf2,0,True,no_major_descriptor_risk
CAND_2e8f4cc0f0,0,True,no_major_descriptor_risk
CAND_95d5853905,0,True,no_major_descriptor_risk
CAND_034be756ce,0,True,no_major_descriptor_risk
CAND_a1104be913,0,True,no_major_descriptor_risk
CAND_7f360140fd,0,True,no_major_descriptor_risk
CAND_fdd00f11fa,0,True,no_major_descriptor_risk
CAND_4579a96455,0,True,no_major_descriptor_risk
CAND_795af4cf20,0,True,no_major_descriptor_risk
CAND_59ff95561a,0,True,no_major_descriptor_risk
CAND_259a2d1d00,0,True,no_major_descriptor_risk
CAND_0558757c4f,0,True,no_major_descriptor_risk
CAND_4c2a7d3579,0,True,no_major_descriptor_risk
CAND_ea3af00dc3,0,True,no_major_descriptor_risk
CAND_3394f6daed,1,True,1_lipinski_violations
CAND_cb8f691292,1,True,1_lipinski_violations
CAND_5b8b1c1462,1,True,1_lipinski_violations
CAND_0b28e290ec,1,True,1_lipinski_violations
CAND_470ff62c45,1,True,1_lipinski_violations
CAND_3196e55778,1,True,1_lipinski_violations
CAND_271b47f6eb,1,True,1_lipinski_violations
CAND_7d2199854c,1,True,1_lipinski_violations
CAND_582b5ad854,1,True,1_lipinski_violations
CAND_1b9bfe4a59,1,True,1_lipinski_violations
CAND_e2fa44305d,0,True,no_major_descriptor_risk
CAND_276a0bc7cb,0,True,no_major_descriptor_risk
CAND_2c85ab41a0,0,True,no_major_descriptor_risk
CAND_3d6a597288,0,True,no_major_descriptor_risk
CAND_afdac17438,0,True,no_major_descriptor_risk
CAND_3e1ce693fd,0,True,no_major_descriptor_risk
CAND_ca8376e62e,0,True,no_major_descriptor_risk
CAND_c7a2f9a980,0,True,no_major_descriptor_risk
CAND_17d02259fd,0,True,no_major_descriptor_risk
CAND_fd860f9cc7,0,True,no_major_descriptor_risk
CAND_0067fa55f3,0,True,no_major_descriptor_risk
CAND_f783b36e5e,0,True,no_major_descriptor_risk
CAND_fe804489aa,0,True,no_major_descriptor_risk
CAND_031de9d76b,0,True,no_major_descriptor_risk
CAND_b0748ac5cc,0,True,no_major_descriptor_risk
CAND_dac3e02789,0,False,veber_fail
CAND_2a0f22ca3c,0,False,veber_fail
CAND_992ea15415,0,False,veber_fail
CAND_bf9fcba203,0,False,veber_fail
CAND_01614b5630,0,False,veber_fail
CAND_3dc2a3d206,0,True,no_major_descriptor_risk
CAND_a5ce656f8e,0,True,no_major_descriptor_risk
CAND_d8459cccf0,0,True,no_major_descriptor_risk
CAND_c62504f4b6,0,True,no_major_descriptor_risk
CAND_ce20fb264c,0,True,no_major_descriptor_risk
CAND_a13da45012,0,True,no_major_descriptor_risk
CAND_6ebc7c8c40,0,True,no_major_descriptor_risk
CAND_067730b848,0,True,no_major_descriptor_risk
CAND_cb18d3cda6,0,True,no_major_descriptor_risk
CAND_57c1ed08db,0,True,no_major_descriptor_risk
CAND_83ececd053,0,True,no_major_descriptor_risk
CAND_aef496df0a,0,True,no_major_descriptor_risk
CAND_7872e13cc7,0,True,no_major_descriptor_risk
CAND_93155d15b2,0,True,no_major_descriptor_risk
CAND_4133d043f3,0,True,no_major_descriptor_risk
CAND_24a78f6389,0,True,no_major_descriptor_risk
CAND_b61bf142f6,0,True,no_major_descriptor_risk
CAND_cb19d23511,0,True,no_major_descriptor_risk
CAND_1ef61ac67c,0,True,no_major_descriptor_risk
CAND_d699238134,0,True,no_major_descriptor_risk
CAND_11a52690e6,1,True,1_lipinski_violations
CAND_c6f725a5ee,1,True,1_lipinski_violations
CAND_9d901d9d57,1,True,1_lipinski_violations
CAND_0ff9dacc9b,1,True,1_lipinski_violations
CAND_eebce65c6d,1,True,1_lipinski_violations
CAND_64522bbab1,0,True,no_major_descriptor_risk
CAND_097fc8d36d,0,True,no_major_descriptor_risk
CAND_9a7bec6916,0,True,no_major_descriptor_risk
CAND_eab818af38,0,True,no_major_descriptor_risk
CAND_66dabd260b,0,True,no_major_descriptor_risk
CAND_4bd0be402b,0,True,no_major_descriptor_risk
CAND_7b83a8a5c2,0,True,no_major_descriptor_risk
CAND_8cc1ab3d8e,0,True,no_major_descriptor_risk
CAND_31425fe450,0,True,no_major_descriptor_risk
CAND_bc799b3da8,0,True,no_major_descriptor_risk
CAND_0de6313182,0,True,no_major_descriptor_risk
CAND_0366f5bc1e,0,True,no_major_descriptor_risk
CAND_3ddf49c331,0,True,no_major_descriptor_risk
CAND_fd608d7df8,0,True,no_major_descriptor_risk
CAND_e8cb3ee1d0,0,True,no_major_descriptor_risk
CAND_db7fdc6584,1,True,1_lipinski_violations
CAND_1613728f5d,1,True,1_lipinski_violations
CAND_ae8e57ad1e,1,True,1_lipinski_violations
CAND_6ca9fd184f,1,True,1_lipinski_violations
CAND_de66178810,1,True,1_lipinski_violations
CAND_b54366b2b8,1,True,1_lipinski_violations
CAND_f22b6aad8c,1,True,1_lipinski_violations
CAND_0a0fb0f87a,1,True,1_lipinski_violations
CAND_ded90c4076,1,True,1_lipinski_violations
CAND_b1de989ea2,1,True,1_lipinski_violations
CAND_597c797be0,0,True,no_major_descriptor_risk
CAND_5cbcb37059,0,True,no_major_descriptor_risk
CAND_24f2bba9be,0,True,no_major_descriptor_risk
CAND_6eac548ba8,0,True,no_major_descriptor_risk
CAND_8566b91ba7,0,True,no_major_descriptor_risk
CAND_328f3c61be,0,True,no_major_descriptor_risk
CAND_3966af36f8,0,True,no_major_descriptor_risk
CAND_3e6e7d88b5,0,True,no_major_descriptor_risk
CAND_4a783769d1,0,True,no_major_descriptor_risk
CAND_80137d6880,0,True,no_major_descriptor_risk
CAND_e5dd981d52,1,True,1_lipinski_violations
CAND_52428d1ad9,1,True,1_lipinski_violations
CAND_8e00c4c44f,1,True,1_lipinski_violations
CAND_a92d1a8a47,1,True,1_lipinski_violations
CAND_cbc0d11682,1,True,1_lipinski_violations
CAND_28e95a6c16,0,True,no_major_descriptor_risk
CAND_c2082aa267,0,True,no_major_descriptor_risk
CAND_81e68cc82f,0,True,no_major_descriptor_risk
CAND_94507f2bd2,0,True,no_major_descriptor_risk
CAND_6a0b280094,0,True,no_major_descriptor_risk
CAND_6afc6448c4,0,True,no_major_descriptor_risk
CAND_38fa60a4b5,0,True,no_major_descriptor_risk
CAND_373d7303a5,0,True,no_major_descriptor_risk
CAND_b0c00848da,0,True,no_major_descriptor_risk
CAND_e975a466f2,0,True,no_major_descriptor_risk
CAND_11d33431dd,0,True,no_major_descriptor_risk
CAND_ee91b0d7e6,0,True,no_major_descriptor_risk
CAND_a1b300a0fd,0,True,no_major_descriptor_risk
CAND_e3e59670ea,0,True,no_major_descriptor_risk
CAND_c01975e636,0,True,no_major_descriptor_risk
CAND_109dc72aa6,0,True,no_major_descriptor_risk
CAND_614e9f97bf,0,True,no_major_descriptor_risk
CAND_b6a48483b1,0,True,no_major_descriptor_risk
CAND_bd3042209f,0,True,no_major_descriptor_risk
CAND_1f5cf81bb8,0,True,no_major_descriptor_risk
CAND_f4ce4ddf43,0,True,no_major_descriptor_risk
CAND_3a8fd34d0b,0,True,no_major_descriptor_risk
CAND_971f2f84fa,0,True,no_major_descriptor_risk
CAND_683c4abcd4,0,True,no_major_descriptor_risk
CAND_23f2c6ae02,0,True,no_major_descriptor_risk
CAND_41afab5d69,0,True,no_major_descriptor_risk
CAND_7bf5b1abd7,0,True,no_major_descriptor_risk
CAND_2e39a7628d,0,True,no_major_descriptor_risk
CAND_a5eb9c2d0b,0,True,no_major_descriptor_risk
CAND_ee8ffef249,0,True,no_major_descriptor_risk
CAND_dc610fc98a,1,True,1_lipinski_violations
CAND_1de72d40fe,1,True,1_lipinski_violations
CAND_726e32be00,1,True,1_lipinski_violations
CAND_3623584634,1,True,1_lipinski_violations
CAND_ba863c402c,1,True,1_lipinski_violations
CAND_941e80d40e,1,True,1_lipinski_violations
CAND_fa7eaf1c31,1,True,1_lipinski_violations
CAND_69cb89e0de,1,True,1_lipinski_violations
CAND_213e99802d,1,True,1_lipinski_violations
CAND_0dc415d7b4,1,True,1_lipinski_violations
CAND_6b57987710,0,True,no_major_descriptor_risk
CAND_10c396e0d0,0,True,no_major_descriptor_risk
CAND_d4a3c38809,0,True,no_major_descriptor_risk
CAND_5ecfafaa96,0,True,no_major_descriptor_risk
CAND_7acf608983,0,True,no_major_descriptor_risk
CAND_dec77f8075,0,True,no_major_descriptor_risk
CAND_47145261d0,0,True,no_major_descriptor_risk
CAND_fb12e07247,0,True,no_major_descriptor_risk
CAND_6098bba147,0,True,no_major_descriptor_risk
CAND_e74666da22,0,True,no_major_descriptor_risk
CAND_1baa650670,0,True,no_major_descriptor_risk
CAND_ada0efcadb,0,True,no_major_descriptor_risk
CAND_5622d300fc,0,True,no_major_descriptor_risk
CAND_ca4744cb61,0,True,no_major_descriptor_risk
CAND_747e4789e3,0,True,no_major_descriptor_risk
CAND_0905079945,1,True,1_lipinski_violations
CAND_43c75c702a,1,True,1_lipinski_violations
CAND_8d21e70e5b,1,True,1_lipinski_violations
CAND_d18f56777e,1,True,1_lipinski_violations
CAND_6e0a13fb32,1,True,1_lipinski_violations
CAND_cffbbcceb7,1,True,1_lipinski_violations
CAND_3c1a1b2909,1,True,1_lipinski_violations
CAND_e33caa02b9,1,True,1_lipinski_violations
CAND_17409d174a,1,True,1_lipinski_violations
CAND_f8ac28d3e2,1,True,1_lipinski_violations
CAND_9602cd0e27,1,True,1_lipinski_violations
CAND_239e2bb85b,1,True,1_lipinski_violations
CAND_de9087e09a,1,True,1_lipinski_violations
CAND_0dc4eb4fa5,1,True,1_lipinski_violations
CAND_f50c8bd40a,1,True,1_lipinski_violations
CAND_0020dfc8d3,0,True,no_major_descriptor_risk
CAND_2c6d173951,0,True,no_major_descriptor_risk
CAND_eb84424fb9,0,True,no_major_descriptor_risk
CAND_9313fec30a,0,True,no_major_descriptor_risk
CAND_21c058120c,0,True,no_major_descriptor_risk
CAND_2208c21560,1,True,1_lipinski_violations
CAND_df1815c25f,1,True,1_lipinski_violations
CAND_fcbc410ebf,1,True,1_lipinski_violations
CAND_a9f0181461,1,True,1_lipinski_violations
CAND_80f5e7e5be,1,True,1_lipinski_violations
CAND_9e7db4d3fc,0,True,no_major_descriptor_risk
CAND_07d500124e,0,True,no_major_descriptor_risk
CAND_527ad17a14,0,True,no_major_descriptor_risk
CAND_29bc793ad5,0,True,no_major_descriptor_risk
CAND_d8a15b0795,0,True,no_major_descriptor_risk
CAND_b8b7b8eb1c,1,True,1_lipinski_violations
CAND_3e34d45dfc,1,True,1_lipinski_violations
CAND_4f2975e105,1,True,1_lipinski_violations
CAND_bcb904049c,1,True,1_lipinski_violations
CAND_b04afc7a8c,1,True,1_lipinski_violations
CAND_ad47e93e06,1,True,1_lipinski_violations
CAND_9253404325,1,True,1_lipinski_violations
CAND_7fba31df75,1,True,1_lipinski_violations
CAND_62e9e06226,1,True,1_lipinski_violations
CAND_ea9e4a7af9,1,True,1_lipinski_violations
CAND_079bbada5d,1,True,1_lipinski_violations
CAND_e68d8d7285,1,True,1_lipinski_violations
CAND_c2803f1242,1,True,1_lipinski_violations
CAND_bb9682aaa1,1,True,1_lipinski_violations
CAND_89710b71b1,1,True,1_lipinski_violations
CAND_20bb598852,0,True,no_major_descriptor_risk
CAND_f8f4c2e545,0,True,no_major_descriptor_risk
CAND_d80f1983e3,0,True,no_major_descriptor_risk
CAND_6d15253400,0,True,no_major_descriptor_risk
CAND_c32bf16dc2,0,True,no_major_descriptor_risk
CAND_ed9d65e84e,0,True,no_major_descriptor_risk
CAND_917434c9b4,0,True,no_major_descriptor_risk
CAND_65dcdc6a99,0,True,no_major_descriptor_risk
CAND_b3641fbd01,0,True,no_major_descriptor_risk
CAND_8af70a7406,0,True,no_major_descriptor_risk
CAND_ac7ed6422c,0,True,no_major_descriptor_risk
CAND_16d9104e93,0,True,no_major_descriptor_risk
CAND_2a24c97beb,0,True,no_major_descriptor_risk
CAND_3a28da5c58,0,True,no_major_descriptor_risk
CAND_5e3a6a30e1,0,True,no_major_descriptor_risk
CAND_0455213167,0,True,no_major_descriptor_risk
CAND_e6dc372706,0,True,no_major_descriptor_risk
CAND_75037ece8e,0,True,no_major_descriptor_risk
CAND_7fd0abde1a,0,True,no_major_descriptor_risk
CAND_eb93367dd5,0,True,no_major_descriptor_risk
CAND_513bca7e71,1,True,1_lipinski_violations
CAND_f70375b398,1,True,1_lipinski_violations
CAND_2cc1edbc3d,1,True,1_lipinski_violations
CAND_f708d16f05,1,True,1_lipinski_violations
CAND_c1cebc55cd,1,True,1_lipinski_violations
CAND_0a7cab3626,0,True,no_major_descriptor_risk
CAND_fd65dd26d7,0,True,no_major_descriptor_risk
CAND_1aa376bcc5,0,True,no_major_descriptor_risk
CAND_eaa9e62676,0,True,no_major_descriptor_risk
CAND_a4dc51b97f,0,True,no_major_descriptor_risk
CAND_771e04ba4e,1,True,1_lipinski_violations
CAND_4d596f7071,1,True,1_lipinski_violations
CAND_579d2da593,1,True,1_lipinski_violations
CAND_4185f687e6,1,True,1_lipinski_violations
CAND_878825175b,1,True,1_lipinski_violations
CAND_71e2724fa2,0,True,no_major_descriptor_risk
CAND_e2dab2a840,0,True,no_major_descriptor_risk
CAND_a2e202fdce,0,True,no_major_descriptor_risk
CAND_5f2d73ed93,0,True,no_major_descriptor_risk
CAND_61b6a7e277,0,True,no_major_descriptor_risk
CAND_0e3eaac415,1,True,1_lipinski_violations
CAND_ba88c7e837,1,True,1_lipinski_violations
CAND_ce8f6b96c3,1,True,1_lipinski_violations
CAND_af6ed212aa,1,True,1_lipinski_violations
CAND_6f650267d5,0,True,no_major_descriptor_risk
CAND_96be308c0e,0,True,no_major_descriptor_risk
CAND_ceabe36c95,0,True,no_major_descriptor_risk
CAND_b2e9448309,0,True,no_major_descriptor_risk
CAND_c5dd5b547e,0,True,no_major_descriptor_risk
CAND_f550f5d1a5,0,True,no_major_descriptor_risk
CAND_066245fb5e,0,True,no_major_descriptor_risk
CAND_6823fdec39,0,True,no_major_descriptor_risk
CAND_362e46ee0b,0,True,no_major_descriptor_risk
CAND_951c2bf607,0,True,no_major_descriptor_risk
CAND_94d9a758d9,1,True,1_lipinski_violations
CAND_fa6214cdc8,1,True,1_lipinski_violations
CAND_30c877814d,1,True,1_lipinski_violations
CAND_2bdb0fe6a0,1,True,1_lipinski_violations
CAND_d8b5690c7a,1,True,1_lipinski_violations
CAND_e7c529d334,0,True,no_major_descriptor_risk
CAND_ee7a2a9596,0,True,no_major_descriptor_risk
CAND_a040274618,0,True,no_major_descriptor_risk
CAND_4786131d9c,0,True,no_major_descriptor_risk
CAND_7087a8a438,0,True,no_major_descriptor_risk
CAND_1d804feb12,1,False,1_lipinski_violations;veber_fail
CAND_bb36854595,1,False,1_lipinski_violations;veber_fail
CAND_ada9b7bd35,1,False,1_lipinski_violations;veber_fail
CAND_a0b3e4ed4d,1,False,1_lipinski_violations;veber_fail
CAND_d344645f76,1,False,1_lipinski_violations;veber_fail
CAND_533dfa8f65,1,True,1_lipinski_violations
CAND_f93916712e,1,True,1_lipinski_violations
CAND_1f8e050b2d,1,True,1_lipinski_violations
CAND_e20925ab9b,1,True,1_lipinski_violations
CAND_7d4b29a9a2,1,True,1_lipinski_violations
CAND_21f5cb490c,0,True,no_major_descriptor_risk
CAND_eca2fa81f4,0,True,no_major_descriptor_risk
CAND_8f4c6c5e13,0,True,no_major_descriptor_risk
CAND_f26a3120cb,0,True,no_major_descriptor_risk
CAND_9782fb38cd,0,True,no_major_descriptor_risk
CAND_61f64373c9,0,True,no_major_descriptor_risk
CAND_45be37de8e,0,True,no_major_descriptor_risk
CAND_9cf0016637,0,True,no_major_descriptor_risk
CAND_48e3e38c4d,0,True,no_major_descriptor_risk
CAND_bcc2406de8,0,True,no_major_descriptor_risk
CAND_55c0cbd4ff,0,True,no_major_descriptor_risk
CAND_5a7c6369af,0,True,no_major_descriptor_risk
CAND_32ae43ee83,0,True,no_major_descriptor_risk
CAND_cb6c29351f,0,True,no_major_descriptor_risk
CAND_77d352d8af,0,True,no_major_descriptor_risk
CAND_b61c6b4572,0,True,no_major_descriptor_risk
CAND_2fbc8ed159,0,True,no_major_descriptor_risk
CAND_7c139a68f1,0,True,no_major_descriptor_risk
CAND_508690a760,0,True,no_major_descriptor_risk
CAND_4f19f597a6,0,True,no_major_descriptor_risk
CAND_ead919d874,0,True,no_major_descriptor_risk
CAND_691697b4c3,0,True,no_major_descriptor_risk
CAND_5651598859,0,True,no_major_descriptor_risk
CAND_ce9032574a,0,True,no_major_descriptor_risk
CAND_63e1a4252b,0,True,no_major_descriptor_risk
CAND_ba08e3e081,1,True,1_lipinski_violations
CAND_0754369f23,1,True,1_lipinski_violations
CAND_a499b252b2,1,True,1_lipinski_violations
CAND_84b8a977ab,1,True,1_lipinski_violations
CAND_302e21c5ca,1,True,1_lipinski_violations
CAND_8d9a518e58,0,True,no_major_descriptor_risk
CAND_b5fe6ef1c4,0,True,no_major_descriptor_risk
CAND_bfdcf3513a,0,True,no_major_descriptor_risk
CAND_16569d2482,0,True,no_major_descriptor_risk
CAND_49e00035e7,0,True,no_major_descriptor_risk
CAND_ad12dee446,0,True,no_major_descriptor_risk
CAND_a2e0a6cc0f,0,True,no_major_descriptor_risk
CAND_954c6af9a2,0,True,no_major_descriptor_risk
CAND_a80c5342ae,0,True,no_major_descriptor_risk
CAND_2cea4e00f6,0,True,no_major_descriptor_risk
CAND_c5f893e0e9,0,True,no_major_descriptor_risk
CAND_1563b8882b,0,True,no_major_descriptor_risk
CAND_b1df44a88d,0,True,no_major_descriptor_risk
CAND_3488a77309,0,True,no_major_descriptor_risk
CAND_2ca2179d2b,0,True,no_major_descriptor_risk
CAND_6c4ade0de5,0,True,no_major_descriptor_risk
CAND_647d163f3f,0,True,no_major_descriptor_risk
CAND_0fc9f963c5,0,True,no_major_descriptor_risk
CAND_29b5f37cc8,0,True,no_major_descriptor_risk
CAND_1151dc720e,0,True,no_major_descriptor_risk
CAND_0b5eaba5b4,1,True,1_lipinski_violations
CAND_cb625ba12a,1,True,1_lipinski_violations
CAND_7abfb2b49e,1,True,1_lipinski_violations
CAND_c06dc5fb21,1,True,1_lipinski_violations
CAND_98d882588c,1,True,1_lipinski_violations
CAND_a98bea00ac,1,True,1_lipinski_violations
CAND_3f2e05fde5,1,True,1_lipinski_violations
CAND_99543a34d9,1,True,1_lipinski_violations
CAND_add6f75f7a,1,True,1_lipinski_violations
CAND_f6d12fc84a,1,True,1_lipinski_violations
CAND_ad0ad82c9b,0,True,no_major_descriptor_risk
CAND_87b18c1991,0,True,no_major_descriptor_risk
CAND_3516e84ea7,0,True,no_major_descriptor_risk
CAND_ed61608160,0,True,no_major_descriptor_risk
CAND_6da6963835,0,True,no_major_descriptor_risk
CAND_3f1073feb6,0,True,no_major_descriptor_risk
CAND_63035592ca,0,True,no_major_descriptor_risk
CAND_0c6ef625c8,0,True,no_major_descriptor_risk
CAND_d32253f8df,0,True,no_major_descriptor_risk
CAND_87e4a928c3,0,True,no_major_descriptor_risk
CAND_69a08790fd,0,True,no_major_descriptor_risk
CAND_4d74a84b06,0,True,no_major_descriptor_risk
CAND_dda7c645ee,0,True,no_major_descriptor_risk
CAND_e9b9c3911d,0,True,no_major_descriptor_risk
CAND_03d28e6843,0,True,no_major_descriptor_risk
CAND_db535082cc,0,True,no_major_descriptor_risk
CAND_565929ae27,0,True,no_major_descriptor_risk
CAND_3318969c46,0,True,no_major_descriptor_risk
CAND_dde04ebaab,0,True,no_major_descriptor_risk
CAND_a635a57669,0,True,no_major_descriptor_risk
CAND_43fa388f29,0,True,no_major_descriptor_risk
CAND_eeaf9a0d3c,0,True,no_major_descriptor_risk
CAND_f77302d899,0,True,no_major_descriptor_risk
CAND_1e468d7a01,0,True,no_major_descriptor_risk
CAND_0dddbce83d,0,True,no_major_descriptor_risk
CAND_c87f448865,1,True,1_lipinski_violations
CAND_85cd3067b9,1,True,1_lipinski_violations
CAND_000c73ca14,1,True,1_lipinski_violations
CAND_02125b9bd5,1,True,1_lipinski_violations
CAND_47aff48ba8,1,True,1_lipinski_violations
CAND_be49055090,0,True,no_major_descriptor_risk
CAND_00f92894a4,0,True,no_major_descriptor_risk
CAND_e9230ee741,0,True,no_major_descriptor_risk
CAND_767bae7cdd,0,True,no_major_descriptor_risk
CAND_647c725fb7,0,True,no_major_descriptor_risk
CAND_9137340fa9,0,True,no_major_descriptor_risk
CAND_36f756e547,0,True,no_major_descriptor_risk
CAND_010d5fa28a,0,True,no_major_descriptor_risk
CAND_1f52d2b5fb,0,True,no_major_descriptor_risk
CAND_61cae903f5,0,True,no_major_descriptor_risk
CAND_42684ac9b0,0,True,no_major_descriptor_risk
CAND_fa7c2e1458,0,True,no_major_descriptor_risk
CAND_398badd822,0,True,no_major_descriptor_risk
CAND_57ba14de08,0,True,no_major_descriptor_risk
CAND_7907bd2ac3,0,True,no_major_descriptor_risk
CAND_ee0c00a45d,0,True,no_major_descriptor_risk
CAND_f8027ef1b1,0,True,no_major_descriptor_risk
CAND_2449e0f76d,0,True,no_major_descriptor_risk
CAND_d97e049dec,0,True,no_major_descriptor_risk
CAND_074cbbd63b,0,True,no_major_descriptor_risk
CAND_e2caab9155,0,True,no_major_descriptor_risk
CAND_749385837c,0,True,no_major_descriptor_risk
CAND_a9be98a340,0,True,no_major_descriptor_risk
CAND_4e1f0783c2,0,True,no_major_descriptor_risk
CAND_04c8aa29a2,0,True,no_major_descriptor_risk
CAND_8aa168b570,0,True,no_major_descriptor_risk
CAND_aaa5cf8e58,0,True,no_major_descriptor_risk
CAND_6907b339a3,0,True,no_major_descriptor_risk
CAND_fab0277637,0,True,no_major_descriptor_risk
CAND_e76ff59bac,0,True,no_major_descriptor_risk
CAND_a36b4566ff,0,True,no_major_descriptor_risk
CAND_635fc9bf62,0,True,no_major_descriptor_risk
CAND_d708c1e452,0,True,no_major_descriptor_risk
CAND_aaf5eb4c94,0,True,no_major_descriptor_risk
CAND_47282a4e6f,0,True,no_major_descriptor_risk
CAND_6275e3bcea,0,True,no_major_descriptor_risk
CAND_aaab62aa3f,0,True,no_major_descriptor_risk
CAND_d36eb92dbe,0,True,no_major_descriptor_risk
CAND_af5120713c,0,True,no_major_descriptor_risk
CAND_9b0d785abd,0,True,no_major_descriptor_risk
CAND_731f6c1823,0,True,no_major_descriptor_risk
CAND_8839152256,0,True,no_major_descriptor_risk
CAND_c169604037,0,True,no_major_descriptor_risk
CAND_e5b82ec580,0,True,no_major_descriptor_risk
CAND_1d6827331f,0,True,no_major_descriptor_risk
CAND_e1b5a80fa2,0,True,no_major_descriptor_risk
CAND_3e4389a19f,0,True,no_major_descriptor_risk
CAND_365313f2b9,0,True,no_major_descriptor_risk
CAND_f0b3aea685,0,True,no_major_descriptor_risk
CAND_fa203846e6,0,True,no_major_descriptor_risk
CAND_bc93cc701e,0,True,no_major_descriptor_risk
CAND_2a80801219,0,True,no_major_descriptor_risk
CAND_3c60b67dd9,0,True,no_major_descriptor_risk
CAND_cd97927676,0,True,no_major_descriptor_risk
CAND_89d57e600e,0,True,no_major_descriptor_risk
CAND_7e07ca503e,0,True,no_major_descriptor_risk
CAND_964ce8118a,0,True,no_major_descriptor_risk
CAND_8a3672a6cd,0,True,no_major_descriptor_risk
CAND_3e300024bd,0,True,no_major_descriptor_risk
CAND_78252f4429,0,True,no_major_descriptor_risk
CAND_83fb530d83,0,True,no_major_descriptor_risk
CAND_4b8c5cf26d,0,True,no_major_descriptor_risk
CAND_413d92f3aa,0,True,no_major_descriptor_risk
CAND_41b39e65a7,0,True,no_major_descriptor_risk
CAND_1766300bfa,0,True,no_major_descriptor_risk
CAND_3850df9691,0,True,no_major_descriptor_risk
CAND_e6c5e491a1,0,True,no_major_descriptor_risk
CAND_1cc3f2556d,0,True,no_major_descriptor_risk
CAND_c989723557,0,True,no_major_descriptor_risk
CAND_6825692825,1,True,1_lipinski_violations
CAND_c352901214,2,True,2_lipinski_violations
CAND_92041f9f23,2,True,2_lipinski_violations
CAND_a52a9dd73d,2,True,2_lipinski_violations
CAND_89d93a374f,2,True,2_lipinski_violations
CAND_fd700da932,2,True,2_lipinski_violations
CAND_9110b05984,0,True,no_major_descriptor_risk
CAND_13619b2f00,0,True,no_major_descriptor_risk
CAND_064c26d404,0,True,no_major_descriptor_risk
CAND_9c3e522837,0,True,no_major_descriptor_risk
CAND_ce1d308f25,0,True,no_major_descriptor_risk
CAND_3e08841150,0,True,no_major_descriptor_risk
CAND_0a9625ff71,0,True,no_major_descriptor_risk
CAND_1af3095b9f,0,True,no_major_descriptor_risk
CAND_6b5bd8f1df,0,True,no_major_descriptor_risk
CAND_7aed4ba2bb,0,True,no_major_descriptor_risk
CAND_a09e4a57a9,0,True,no_major_descriptor_risk
CAND_ad178f582b,0,True,no_major_descriptor_risk
CAND_ab16abc27b,0,True,no_major_descriptor_risk
CAND_492d50a387,0,True,no_major_descriptor_risk
CAND_51aa508533,0,True,no_major_descriptor_risk
CAND_1f4e0965d3,0,True,no_major_descriptor_risk
CAND_cf51657327,0,True,no_major_descriptor_risk
CAND_fbab7fb28d,0,True,no_major_descriptor_risk
CAND_b75052dca4,0,True,no_major_descriptor_risk
CAND_b98b74f824,0,True,no_major_descriptor_risk
CAND_30796a5d04,0,True,no_major_descriptor_risk
CAND_34148c2bee,0,True,no_major_descriptor_risk
CAND_df7361349c,0,True,no_major_descriptor_risk
CAND_ef69e32fe6,0,True,no_major_descriptor_risk
CAND_ecf4938dcd,0,True,no_major_descriptor_risk
CAND_65310c2931,0,True,no_major_descriptor_risk
CAND_2ac0ec74fc,0,True,no_major_descriptor_risk
CAND_58fad7a90f,0,True,no_major_descriptor_risk
CAND_36b78b1885,0,True,no_major_descriptor_risk
CAND_18f6443df0,0,True,no_major_descriptor_risk
CAND_db153b6edb,0,True,no_major_descriptor_risk
CAND_5f2d034a46,0,True,no_major_descriptor_risk
CAND_158368c7fa,0,True,no_major_descriptor_risk
CAND_ee767bd7b1,0,True,no_major_descriptor_risk
CAND_6759ff9896,0,True,no_major_descriptor_risk
CAND_8519e35fe0,0,True,no_major_descriptor_risk
CAND_d7dae4563d,0,True,no_major_descriptor_risk
CAND_ea0b00c80b,0,True,no_major_descriptor_risk
CAND_9adfe5c447,0,True,no_major_descriptor_risk
CAND_26fef9c7ec,0,True,no_major_descriptor_risk
CAND_9e5708e564,1,True,1_lipinski_violations
CAND_d1606a29be,1,True,1_lipinski_violations
CAND_2bf8303324,1,True,1_lipinski_violations
CAND_1e104cd78d,1,True,1_lipinski_violations
CAND_a1b8aeb8c7,1,True,1_lipinski_violations
CAND_90f36e214f,0,True,no_major_descriptor_risk
CAND_f2b7d1c6d6,0,True,no_major_descriptor_risk
CAND_963588fb8f,0,True,no_major_descriptor_risk
CAND_1f1a12450d,0,True,no_major_descriptor_risk
CAND_ff1dd3a5dd,0,True,no_major_descriptor_risk
CAND_8dd5182647,0,True,no_major_descriptor_risk
CAND_742d6dca9e,0,True,no_major_descriptor_risk
CAND_2e2895c131,0,True,no_major_descriptor_risk
CAND_de7249339b,0,True,no_major_descriptor_risk
CAND_418309c5c8,0,True,no_major_descriptor_risk
CAND_f1f0cfed2e,0,True,no_major_descriptor_risk
CAND_18ebb27cde,0,True,no_major_descriptor_risk
CAND_7de7fe0af9,0,True,no_major_descriptor_risk
CAND_49829c26d3,0,True,no_major_descriptor_risk
CAND_afe184bd6e,0,True,no_major_descriptor_risk
CAND_513a2ce6f9,0,True,no_major_descriptor_risk
CAND_44cd74c8e8,0,True,no_major_descriptor_risk
CAND_38353bc79f,0,True,no_major_descriptor_risk
CAND_119c7169b8,0,True,no_major_descriptor_risk
CAND_79a12f0910,0,True,no_major_descriptor_risk
CAND_77b8d903e7,0,True,no_major_descriptor_risk
CAND_65c59b0240,0,True,no_major_descriptor_risk
CAND_1b6701521a,0,True,no_major_descriptor_risk
CAND_b4a7d90749,0,True,no_major_descriptor_risk
CAND_387b17d729,0,True,no_major_descriptor_risk
CAND_ab1579b88d,0,True,no_major_descriptor_risk
CAND_0b49c0e2c5,0,True,no_major_descriptor_risk
CAND_81c7e7fdba,0,True,no_major_descriptor_risk
CAND_4909186694,0,True,no_major_descriptor_risk
CAND_624528f86a,0,True,no_major_descriptor_risk
CAND_b899813954,1,True,1_lipinski_violations
CAND_00535d9317,1,True,1_lipinski_violations
CAND_b2f4af7a41,1,True,1_lipinski_violations
CAND_02517c0cff,1,True,1_lipinski_violations
CAND_6c5fa75c28,1,True,1_lipinski_violations
CAND_5c378b028b,0,True,no_major_descriptor_risk
CAND_15e5bc17f0,0,True,no_major_descriptor_risk
CAND_7787ca9e42,0,True,no_major_descriptor_risk
CAND_0192bb45ae,0,True,no_major_descriptor_risk
CAND_f920af0943,0,True,no_major_descriptor_risk
CAND_7d69274c15,0,True,no_major_descriptor_risk
CAND_6a0ac01c2b,0,True,no_major_descriptor_risk
CAND_d02ba58f58,0,True,no_major_descriptor_risk
CAND_ea91aba93c,0,True,no_major_descriptor_risk
CAND_2c88cd6521,0,True,no_major_descriptor_risk
CAND_6bf7023188,0,True,no_major_descriptor_risk
CAND_33bb0a2114,0,True,no_major_descriptor_risk
CAND_03120f5be5,0,True,no_major_descriptor_risk
CAND_9c9639510d,0,True,no_major_descriptor_risk
CAND_ad99591548,0,True,no_major_descriptor_risk
CAND_996c7e9d53,0,True,no_major_descriptor_risk
CAND_59608ebc7f,0,True,no_major_descriptor_risk
CAND_4a7fcb72db,0,True,no_major_descriptor_risk
CAND_9c0d96747c,0,True,no_major_descriptor_risk
CAND_699c3c4457,0,True,no_major_descriptor_risk
CAND_e95b052315,0,True,no_major_descriptor_risk
CAND_740dfa4307,0,True,no_major_descriptor_risk
CAND_0d808ae0c6,0,True,no_major_descriptor_risk
CAND_2a2e8c10d9,0,True,no_major_descriptor_risk
CAND_23473e765c,0,True,no_major_descriptor_risk
CAND_d08b38338e,0,True,no_major_descriptor_risk
CAND_09c07dc0a6,0,True,no_major_descriptor_risk
CAND_fb20d668d3,0,True,no_major_descriptor_risk
CAND_8b0d03cb8c,0,True,no_major_descriptor_risk
CAND_7adfdc5f80,0,True,no_major_descriptor_risk
CAND_1a910e9491,1,True,1_lipinski_violations
CAND_95ab018f3b,1,True,1_lipinski_violations
CAND_69019d0e87,1,True,1_lipinski_violations
CAND_c2b69c16c8,1,True,1_lipinski_violations
CAND_eb5ea1308b,1,True,1_lipinski_violations
CAND_ad09b73fa2,0,True,no_major_descriptor_risk
CAND_0bf935a19f,0,True,no_major_descriptor_risk
CAND_8d93047bbf,0,True,no_major_descriptor_risk
CAND_059c6276d8,0,True,no_major_descriptor_risk
CAND_ec156f12f7,0,True,no_major_descriptor_risk
CAND_95d67d4a78,0,True,no_major_descriptor_risk
CAND_b850777a1c,0,True,no_major_descriptor_risk
CAND_f84439c5f3,0,True,no_major_descriptor_risk
CAND_c592a69615,0,True,no_major_descriptor_risk
CAND_404ad4e11c,0,True,no_major_descriptor_risk
CAND_ce5e9f018e,1,True,1_lipinski_violations
CAND_2805258df3,1,True,1_lipinski_violations
CAND_adbd922eaf,1,True,1_lipinski_violations
CAND_c851d2b675,1,True,1_lipinski_violations
CAND_3c08d7cc5b,1,True,1_lipinski_violations
CAND_e9d9d812d0,0,True,no_major_descriptor_risk
CAND_70cc9d691f,0,True,no_major_descriptor_risk
CAND_edcf637df4,0,True,no_major_descriptor_risk
CAND_b2fab483c6,0,True,no_major_descriptor_risk
CAND_c4e3138137,0,True,no_major_descriptor_risk
CAND_dfa8193680,0,True,no_major_descriptor_risk
CAND_0cf953a812,0,True,no_major_descriptor_risk
CAND_e823a11c8e,0,True,no_major_descriptor_risk
CAND_3c730c7c3d,0,True,no_major_descriptor_risk
CAND_0f8739cb66,0,True,no_major_descriptor_risk
CAND_cf8dc4be01,0,True,no_major_descriptor_risk
CAND_044c25a2c1,0,True,no_major_descriptor_risk
CAND_4c51eee082,0,True,no_major_descriptor_risk
CAND_87137b8420,0,True,no_major_descriptor_risk
CAND_1f5e5ff914,0,True,no_major_descriptor_risk
CAND_a7440a79d0,0,True,no_major_descriptor_risk
CAND_ae89305d70,0,True,no_major_descriptor_risk
CAND_a7a3acd713,0,True,no_major_descriptor_risk
CAND_7b86cea0f0,0,True,no_major_descriptor_risk
CAND_187571b0b4,0,True,no_major_descriptor_risk
CAND_76507a6fa0,0,True,no_major_descriptor_risk
CAND_7c3f0d01ef,0,True,no_major_descriptor_risk
CAND_232661c3bb,0,True,no_major_descriptor_risk
CAND_c4aa40e2b7,0,True,no_major_descriptor_risk
CAND_f3d3ef07a7,0,True,no_major_descriptor_risk
CAND_4f80e32ca2,0,True,no_major_descriptor_risk
CAND_20df8d501c,0,True,no_major_descriptor_risk
CAND_36dfea479e,0,True,no_major_descriptor_risk
CAND_f4c9967f96,0,True,no_major_descriptor_risk
CAND_84fd591daf,0,True,no_major_descriptor_risk
CAND_200eb371d2,0,True,no_major_descriptor_risk
CAND_122644d12d,0,True,no_major_descriptor_risk
CAND_715bf415c8,0,True,no_major_descriptor_risk
CAND_579f5954be,0,True,no_major_descriptor_risk
CAND_bd18842b9c,0,True,no_major_descriptor_risk
CAND_8829bea767,0,True,no_major_descriptor_risk
CAND_4e8b209c3c,0,True,no_major_descriptor_risk
CAND_5795d4033b,0,True,no_major_descriptor_risk
CAND_c3bef14436,0,True,no_major_descriptor_risk
CAND_75a4df438e,0,True,no_major_descriptor_risk
CAND_5139484ab5,0,True,no_major_descriptor_risk
CAND_4307b4005e,0,True,no_major_descriptor_risk
CAND_cde507d49c,0,True,no_major_descriptor_risk
CAND_3143330a0b,0,True,no_major_descriptor_risk
CAND_94263efeb6,0,True,no_major_descriptor_risk
CAND_45040942ba,0,True,no_major_descriptor_risk
CAND_68199b563f,0,True,no_major_descriptor_risk
CAND_134a994fa9,0,True,no_major_descriptor_risk
CAND_a271ec5706,0,True,no_major_descriptor_risk
CAND_e8ba40b49e,0,True,no_major_descriptor_risk
CAND_ccc002b922,0,True,no_major_descriptor_risk
CAND_6a8a7a11b2,0,True,no_major_descriptor_risk
CAND_fb8a7b7f05,0,True,no_major_descriptor_risk
CAND_07086d128e,0,True,no_major_descriptor_risk
CAND_019ea5d9c7,0,True,no_major_descriptor_risk
CAND_aad5d7b1c3,0,True,no_major_descriptor_risk
CAND_7ce2b59bfe,0,True,no_major_descriptor_risk
CAND_510a9ee9fd,0,True,no_major_descriptor_risk
CAND_74ca9d7a3c,0,True,no_major_descriptor_risk
CAND_df99b2e8f0,0,True,no_major_descriptor_risk
CAND_2c0b6d0e2a,0,True,no_major_descriptor_risk
CAND_9c0baad472,0,True,no_major_descriptor_risk
CAND_959e00dfbc,0,True,no_major_descriptor_risk
CAND_301c62076a,0,True,no_major_descriptor_risk
CAND_6b04720d0a,0,True,no_major_descriptor_risk
CAND_f086f69f19,1,True,1_lipinski_violations
CAND_01d705b463,1,True,1_lipinski_violations
CAND_927937d83c,1,True,1_lipinski_violations
CAND_569f2f7d47,1,True,1_lipinski_violations
CAND_5fd9bc6a86,1,True,1_lipinski_violations
CAND_5f52f7f78d,0,True,no_major_descriptor_risk
CAND_37949b8ab6,0,True,no_major_descriptor_risk
CAND_4d8e54a0ff,0,True,no_major_descriptor_risk
CAND_66076ee648,0,True,no_major_descriptor_risk
CAND_70bccf8a13,0,True,no_major_descriptor_risk
CAND_0f12c9d63d,0,True,no_major_descriptor_risk
CAND_c482e5efb9,0,True,no_major_descriptor_risk
CAND_cd12e169c5,0,True,no_major_descriptor_risk
CAND_a61d5fea5c,0,True,no_major_descriptor_risk
CAND_25e52c8fd8,0,True,no_major_descriptor_risk
CAND_087da01414,0,True,no_major_descriptor_risk
CAND_f93edadffe,0,True,no_major_descriptor_risk
CAND_af7f4089a7,0,True,no_major_descriptor_risk
CAND_6b5047ee91,0,True,no_major_descriptor_risk
CAND_5dda5047b6,0,True,no_major_descriptor_risk
CAND_6e24ad8ce0,0,True,no_major_descriptor_risk
CAND_daebbb275c,0,True,no_major_descriptor_risk
CAND_be4642917f,0,True,no_major_descriptor_risk
CAND_49e55fec84,0,True,no_major_descriptor_risk
CAND_c8d8c53afd,0,True,no_major_descriptor_risk
CAND_343931c622,1,True,1_lipinski_violations
CAND_1736e50a41,1,True,1_lipinski_violations
CAND_9508a4e8d2,1,True,1_lipinski_violations
CAND_8e7d541af5,1,True,1_lipinski_violations
CAND_7a047c0e62,1,True,1_lipinski_violations
CAND_f6671e12c4,0,True,no_major_descriptor_risk
CAND_31d3b35d4e,0,True,no_major_descriptor_risk
CAND_5c84f7cc1c,0,True,no_major_descriptor_risk
CAND_dce73c2ef5,0,True,no_major_descriptor_risk
CAND_04312db049,0,True,no_major_descriptor_risk
CAND_316dbd8da9,0,True,no_major_descriptor_risk
CAND_6487cffcc5,0,True,no_major_descriptor_risk
CAND_2a2409204c,0,True,no_major_descriptor_risk
CAND_ec6fe74def,0,True,no_major_descriptor_risk
CAND_95c260df9b,0,True,no_major_descriptor_risk
CAND_e9640dae3f,1,True,1_lipinski_violations
CAND_732a84f9d9,1,True,1_lipinski_violations
CAND_bcbe4e79db,1,True,1_lipinski_violations
CAND_04032f7dd0,1,True,1_lipinski_violations
CAND_4a99359f70,1,True,1_lipinski_violations
CAND_a1607137fd,0,True,no_major_descriptor_risk
CAND_c2512dd068,0,True,no_major_descriptor_risk
CAND_a882bd8494,0,True,no_major_descriptor_risk
CAND_626759c2fc,0,True,no_major_descriptor_risk
CAND_5b3df47718,0,True,no_major_descriptor_risk
CAND_97e2263a02,0,True,no_major_descriptor_risk
CAND_366f13e53d,0,True,no_major_descriptor_risk
CAND_1157cba82b,0,True,no_major_descriptor_risk
CAND_6b86c85625,0,True,no_major_descriptor_risk
CAND_3de5799e5f,0,True,no_major_descriptor_risk
CAND_d36a787046,0,True,no_major_descriptor_risk
CAND_1ad6a624e5,0,True,no_major_descriptor_risk
CAND_7df603df3f,0,True,no_major_descriptor_risk
CAND_a25ab6bcfd,0,True,no_major_descriptor_risk
CAND_f269b642d9,0,True,no_major_descriptor_risk
CAND_38fb809f75,0,True,no_major_descriptor_risk
CAND_ee17b8f4a5,0,True,no_major_descriptor_risk
CAND_16423dfa82,0,True,no_major_descriptor_risk
CAND_0ca6fe86b2,0,True,no_major_descriptor_risk
CAND_ccb1e5e68f,0,True,no_major_descriptor_risk
CAND_a292bab5a0,1,True,1_lipinski_violations
CAND_cf888c279e,1,True,1_lipinski_violations
CAND_82f5780909,1,True,1_lipinski_violations
CAND_1920e8a893,1,True,1_lipinski_violations
CAND_babfae5699,1,True,1_lipinski_violations
CAND_aaac4271a0,0,True,no_major_descriptor_risk
CAND_117dfbdd46,0,True,no_major_descriptor_risk
CAND_411a1e7d91,0,True,no_major_descriptor_risk
CAND_00c40ed0bf,0,True,no_major_descriptor_risk
CAND_155548f64e,0,True,no_major_descriptor_risk
CAND_6ec3b3ab80,0,True,no_major_descriptor_risk
CAND_31992456c5,0,True,no_major_descriptor_risk
CAND_74646755cf,0,True,no_major_descriptor_risk
CAND_2ad29e40cf,0,True,no_major_descriptor_risk
CAND_aa330ca8f8,0,True,no_major_descriptor_risk
CAND_18ada7a542,1,True,1_lipinski_violations
CAND_2d849f6b99,1,True,1_lipinski_violations
CAND_f84f72141a,1,True,1_lipinski_violations
CAND_86150efe21,1,True,1_lipinski_violations
CAND_a7e430a723,1,True,1_lipinski_violations
CAND_02581d089e,0,True,no_major_descriptor_risk
CAND_55b934be09,0,True,no_major_descriptor_risk
CAND_cd3023e25f,0,True,no_major_descriptor_risk
CAND_adaa8ccf95,0,True,no_major_descriptor_risk
CAND_81f3ce07b3,0,True,no_major_descriptor_risk
CAND_9fbcc26b59,0,True,no_major_descriptor_risk
CAND_7084292691,0,True,no_major_descriptor_risk
CAND_9fe3dbd0f0,0,True,no_major_descriptor_risk
CAND_566ff97b65,0,True,no_major_descriptor_risk
CAND_1b76c419de,0,True,no_major_descriptor_risk
CAND_1ccd8244e7,0,True,no_major_descriptor_risk
CAND_4a81c90516,0,True,no_major_descriptor_risk
CAND_05adaed595,0,True,no_major_descriptor_risk
CAND_36c927e401,0,True,no_major_descriptor_risk
CAND_0245960cf2,0,True,no_major_descriptor_risk
CAND_6f6d3734b2,0,True,no_major_descriptor_risk
CAND_ae311ed8f5,0,True,no_major_descriptor_risk
CAND_d3e8dd3420,0,True,no_major_descriptor_risk
CAND_123f2d1fb1,0,True,no_major_descriptor_risk
CAND_0ef0eb0c82,0,True,no_major_descriptor_risk
CAND_16caeb93ab,0,True,no_major_descriptor_risk
CAND_37c9135625,0,True,no_major_descriptor_risk
CAND_5ae29dd065,0,True,no_major_descriptor_risk
CAND_afa7a21f57,0,True,no_major_descriptor_risk
CAND_eefb7885ba,0,True,no_major_descriptor_risk
CAND_59f367f058,0,True,no_major_descriptor_risk
CAND_1eb65e8d11,0,True,no_major_descriptor_risk
CAND_e052d75cfc,0,True,no_major_descriptor_risk
CAND_e1eb602d59,0,True,no_major_descriptor_risk
CAND_b642f3485c,0,True,no_major_descriptor_risk
CAND_fe893a6b40,0,True,no_major_descriptor_risk
CAND_b05279b6f8,0,True,no_major_descriptor_risk
CAND_59e92133b3,0,True,no_major_descriptor_risk
CAND_83ca7758d5,0,True,no_major_descriptor_risk
CAND_51083fe013,0,True,no_major_descriptor_risk
CAND_687be861b8,0,True,no_major_descriptor_risk
CAND_4b0197bca1,0,True,no_major_descriptor_risk
CAND_1d5e8c57aa,0,True,no_major_descriptor_risk
CAND_92ecf5dd4c,0,True,no_major_descriptor_risk
CAND_001704c252,0,True,no_major_descriptor_risk
CAND_b7ca0f3797,0,True,no_major_descriptor_risk
CAND_07a5b21de1,0,True,no_major_descriptor_risk
CAND_c1c4001527,0,True,no_major_descriptor_risk
CAND_9e2f236b7e,0,True,no_major_descriptor_risk
CAND_7e646f41b7,0,True,no_major_descriptor_risk
CAND_f69e6e3de4,0,True,no_major_descriptor_risk
CAND_fcf6608bbf,0,True,no_major_descriptor_risk
CAND_416f92ea78,0,True,no_major_descriptor_risk
CAND_b418b7e1d5,0,True,no_major_descriptor_risk
CAND_b1667ee2c6,0,True,no_major_descriptor_risk
CAND_08153067af,0,True,no_major_descriptor_risk
CAND_dc98489eb3,0,True,no_major_descriptor_risk
CAND_e5b284a2b7,0,True,no_major_descriptor_risk
CAND_ede00fd43b,0,True,no_major_descriptor_risk
CAND_43641bc401,0,True,no_major_descriptor_risk
CAND_95abd01146,1,True,1_lipinski_violations
CAND_812b0826f1,1,True,1_lipinski_violations
CAND_fbf2fcb787,1,True,1_lipinski_violations
CAND_61939b88f4,1,True,1_lipinski_violations
CAND_b9044e6f8f,1,True,1_lipinski_violations
CAND_4c57951e1e,0,True,no_major_descriptor_risk
CAND_2eeb9ed8a9,0,True,no_major_descriptor_risk
CAND_b6bdcfe2c4,0,True,no_major_descriptor_risk
CAND_dceb022eed,0,True,no_major_descriptor_risk
CAND_15070ef4ae,0,True,no_major_descriptor_risk
CAND_6ba01a2347,0,True,no_major_descriptor_risk
CAND_1f8d4a04ce,0,True,no_major_descriptor_risk
CAND_ef0b5b5f9b,0,True,no_major_descriptor_risk
CAND_1d96404512,0,True,no_major_descriptor_risk
CAND_a7f1010124,0,True,no_major_descriptor_risk
CAND_1a0a1cd701,0,True,no_major_descriptor_risk
CAND_a9196b8a8d,0,True,no_major_descriptor_risk
CAND_d725a82287,0,True,no_major_descriptor_risk
CAND_7bdb43aeef,0,True,no_major_descriptor_risk
CAND_a5d9cbb4bc,0,True,no_major_descriptor_risk
CAND_dd563017c5,0,True,no_major_descriptor_risk
CAND_e3dedb14fd,0,True,no_major_descriptor_risk
CAND_842b7f5659,0,True,no_major_descriptor_risk
CAND_817be560cf,0,True,no_major_descriptor_risk
CAND_cce782b65a,0,True,no_major_descriptor_risk
CAND_a1f3378c3f,0,True,no_major_descriptor_risk
CAND_6ce12bad93,0,True,no_major_descriptor_risk
CAND_be74cec490,0,True,no_major_descriptor_risk
CAND_82771710d2,0,True,no_major_descriptor_risk
CAND_7a8c1a3620,0,True,no_major_descriptor_risk
CAND_056a82eb63,0,True,no_major_descriptor_risk
CAND_6e62f46349,0,True,no_major_descriptor_risk
CAND_5806a180d7,0,True,no_major_descriptor_risk
CAND_84e686d764,0,True,no_major_descriptor_risk
CAND_6346ebe4c2,0,True,no_major_descriptor_risk
CAND_58648116a1,0,True,no_major_descriptor_risk
CAND_d08a25a940,0,True,no_major_descriptor_risk
CAND_098b2c9482,0,True,no_major_descriptor_risk
CAND_ad9614d64a,0,True,no_major_descriptor_risk
CAND_205802013c,0,True,no_major_descriptor_risk
CAND_1c7a269cf5,0,True,no_major_descriptor_risk
CAND_1b9a9d52c1,0,True,no_major_descriptor_risk
CAND_0194c87506,0,True,no_major_descriptor_risk
CAND_70c5aa870c,0,True,no_major_descriptor_risk
CAND_aacb315766,0,True,no_major_descriptor_risk
CAND_d5a667e4b3,0,True,no_major_descriptor_risk
CAND_7823435d59,0,True,no_major_descriptor_risk
CAND_41b9969ce1,0,True,no_major_descriptor_risk
CAND_e5f7ecc070,0,True,no_major_descriptor_risk
CAND_d507985eb5,0,True,no_major_descriptor_risk
CAND_205b623c17,2,True,2_lipinski_violations
CAND_761c81cb0a,2,True,2_lipinski_violations
CAND_8b0eea1deb,2,True,2_lipinski_violations
CAND_bff7a00249,2,True,2_lipinski_violations
CAND_8d3a1b1213,2,True,2_lipinski_violations
CAND_a4fc1c807d,2,True,2_lipinski_violations
CAND_4ef0be91f1,2,True,2_lipinski_violations
CAND_c6b5d34e59,2,True,2_lipinski_violations
CAND_af0ac45302,2,True,2_lipinski_violations
CAND_7d55a937f1,2,True,2_lipinski_violations
CAND_a179389507,0,True,no_major_descriptor_risk
CAND_14ef407dfa,0,True,no_major_descriptor_risk
CAND_e406b96aa6,0,True,no_major_descriptor_risk
CAND_dc4bff50c5,0,True,no_major_descriptor_risk
CAND_08f04f5639,0,True,no_major_descriptor_risk
CAND_edbec81352,0,True,no_major_descriptor_risk
CAND_4311d7fd0e,0,True,no_major_descriptor_risk
CAND_20f7047e3e,0,True,no_major_descriptor_risk
CAND_636754993e,0,True,no_major_descriptor_risk
CAND_fe3d332e23,0,True,no_major_descriptor_risk
CAND_0f07912bec,1,True,1_lipinski_violations
CAND_bb8aa96b3f,1,True,1_lipinski_violations
CAND_c2b6a30990,1,True,1_lipinski_violations
CAND_7b5ff2ca73,1,True,1_lipinski_violations
CAND_d879ee23d8,1,True,1_lipinski_violations
CAND_5b179d4c71,2,True,2_lipinski_violations
CAND_35c91e71f1,2,True,2_lipinski_violations
CAND_47dc2560f8,2,True,2_lipinski_violations
CAND_fbb2e28788,2,True,2_lipinski_violations
CAND_519a4babec,2,True,2_lipinski_violations
CAND_77808df4f7,1,True,1_lipinski_violations
CAND_b0b48a9349,1,True,1_lipinski_violations
CAND_20f27077f5,1,True,1_lipinski_violations
CAND_20d1758f21,1,True,1_lipinski_violations
CAND_792fe1e0b2,1,True,1_lipinski_violations
CAND_b57c3b684f,0,True,no_major_descriptor_risk
CAND_21fd0837ee,0,True,no_major_descriptor_risk
CAND_6b3fce2a7b,0,True,no_major_descriptor_risk
CAND_9ee2eb9eea,0,True,no_major_descriptor_risk
CAND_e07aa64199,0,True,no_major_descriptor_risk
CAND_976263f1fd,0,True,no_major_descriptor_risk
CAND_84f3d6a36f,0,True,no_major_descriptor_risk
CAND_644753e9fd,0,True,no_major_descriptor_risk
CAND_42413af352,0,True,no_major_descriptor_risk
CAND_bfe650d22c,0,True,no_major_descriptor_risk
CAND_03f2d5cd77,1,True,1_lipinski_violations
CAND_0056626bc2,1,True,1_lipinski_violations
CAND_eebf88d735,1,True,1_lipinski_violations
CAND_deb31bfac5,1,True,1_lipinski_violations
CAND_2c2cec40d4,1,True,1_lipinski_violations
CAND_88d0b3b5b2,0,True,no_major_descriptor_risk
CAND_3d5c4377a4,0,True,no_major_descriptor_risk
CAND_219eabea54,0,True,no_major_descriptor_risk
CAND_e25fa2c12a,0,True,no_major_descriptor_risk
CAND_873be12506,0,True,no_major_descriptor_risk
CAND_462ee4f0d0,0,True,no_major_descriptor_risk
CAND_a1b7bf8296,0,True,no_major_descriptor_risk
CAND_a5cc882758,0,True,no_major_descriptor_risk
CAND_e464f2a5fd,0,True,no_major_descriptor_risk
CAND_6a62764ce2,0,True,no_major_descriptor_risk
CAND_8b86749f7c,0,True,no_major_descriptor_risk
CAND_cbdddf47ab,0,True,no_major_descriptor_risk
CAND_d4108a426e,0,True,no_major_descriptor_risk
CAND_9fb86b958c,0,True,no_major_descriptor_risk
CAND_7520decdf8,0,True,no_major_descriptor_risk
CAND_ca84baa28f,0,True,no_major_descriptor_risk
CAND_a81e7c118d,0,True,no_major_descriptor_risk
CAND_d1f1d40225,0,True,no_major_descriptor_risk
CAND_c42a485c44,0,True,no_major_descriptor_risk
CAND_2e279697ad,0,True,no_major_descriptor_risk
CAND_f7669121b4,0,True,no_major_descriptor_risk
CAND_ac28f1d7f5,0,True,no_major_descriptor_risk
CAND_efa1443267,0,True,no_major_descriptor_risk
CAND_6e020b79ad,0,True,no_major_descriptor_risk
CAND_629f49ffb7,0,True,no_major_descriptor_risk
CAND_2b9d4de308,0,True,no_major_descriptor_risk
CAND_cfc71c6454,0,True,no_major_descriptor_risk
CAND_5123ad675f,0,True,no_major_descriptor_risk
CAND_038481b60e,0,True,no_major_descriptor_risk
CAND_f3594d3aec,0,True,no_major_descriptor_risk
CAND_d4f6137e43,0,True,no_major_descriptor_risk
CAND_f8d2c5567f,0,True,no_major_descriptor_risk
CAND_803fe6038d,0,True,no_major_descriptor_risk
CAND_7a04c97714,0,True,no_major_descriptor_risk
CAND_70baadd53d,0,True,no_major_descriptor_risk
CAND_37e8fc0bfb,0,True,no_major_descriptor_risk
CAND_fc4de259e2,0,True,no_major_descriptor_risk
CAND_f53d3f19a2,0,True,no_major_descriptor_risk
CAND_c1c67c1b62,0,True,no_major_descriptor_risk
CAND_0706bcfafe,0,True,no_major_descriptor_risk
CAND_90c3238374,0,True,no_major_descriptor_risk
CAND_29d5009621,0,True,no_major_descriptor_risk
CAND_05b22526e3,0,True,no_major_descriptor_risk
CAND_f08ed1f622,0,True,no_major_descriptor_risk
CAND_9f794d87b1,0,True,no_major_descriptor_risk
CAND_d417ab65ea,0,True,no_major_descriptor_risk
CAND_d18f764142,0,True,no_major_descriptor_risk
CAND_7424dd485d,0,True,no_major_descriptor_risk
CAND_1969729e23,0,True,no_major_descriptor_risk
CAND_e38009f229,0,True,no_major_descriptor_risk
CAND_af1436d096,0,True,no_major_descriptor_risk
CAND_75136cc672,0,True,no_major_descriptor_risk
CAND_fef1fa23ca,0,True,no_major_descriptor_risk
CAND_1e91370286,0,True,no_major_descriptor_risk
CAND_ea55201e3d,1,True,1_lipinski_violations
CAND_52e4915487,0,True,no_major_descriptor_risk
CAND_fd01937851,0,True,no_major_descriptor_risk
CAND_dd4a2d6cbe,0,True,no_major_descriptor_risk
CAND_373d2b405a,0,True,no_major_descriptor_risk
CAND_93f5157e93,0,True,no_major_descriptor_risk
CAND_f9aa959441,0,True,no_major_descriptor_risk
CAND_8d7d12eb9a,0,True,no_major_descriptor_risk
CAND_b7807aabb5,0,True,no_major_descriptor_risk
CAND_18eef4ad1e,0,True,no_major_descriptor_risk
CAND_e3c898d382,0,True,no_major_descriptor_risk
CAND_bee816ca23,0,True,no_major_descriptor_risk
CAND_595764f774,0,True,no_major_descriptor_risk
CAND_70d8a67c17,0,True,no_major_descriptor_risk
CAND_9a90850231,0,True,no_major_descriptor_risk
CAND_a777e7eded,0,True,no_major_descriptor_risk
CAND_b6ca05fdc3,0,True,no_major_descriptor_risk
CAND_50a3b2ce93,0,True,no_major_descriptor_risk
CAND_b7be9867af,0,True,no_major_descriptor_risk
CAND_a56897cc1c,0,True,no_major_descriptor_risk
CAND_3963bfaf35,0,True,no_major_descriptor_risk
CAND_71f0cdaf9e,0,True,no_major_descriptor_risk
CAND_4eb6bbc511,0,True,no_major_descriptor_risk
CAND_a55332ca01,0,True,no_major_descriptor_risk
CAND_b2a027efd2,0,True,no_major_descriptor_risk
CAND_f118fe5898,0,True,no_major_descriptor_risk
CAND_f5d81d43ad,0,True,no_major_descriptor_risk
CAND_38c83d968c,0,True,no_major_descriptor_risk
CAND_a9ec8a4d41,0,True,no_major_descriptor_risk
CAND_6275e05bc4,0,True,no_major_descriptor_risk
CAND_20f3d5a2cb,0,True,no_major_descriptor_risk
CAND_610054d3c7,1,True,1_lipinski_violations
CAND_188ec9a7fe,1,True,1_lipinski_violations
CAND_838fe5f7c4,1,True,1_lipinski_violations
CAND_2e5f809925,1,True,1_lipinski_violations
CAND_3bae8db332,1,True,1_lipinski_violations
CAND_20b2e2b6de,1,True,1_lipinski_violations
CAND_c1d70fd2c2,1,True,1_lipinski_violations
CAND_ba320647ca,1,True,1_lipinski_violations
CAND_bb400d6e13,1,True,1_lipinski_violations
CAND_79459679dd,1,True,1_lipinski_violations
CAND_cac205a66d,0,True,no_major_descriptor_risk
CAND_c881a09760,0,True,no_major_descriptor_risk
CAND_3c8cbef60c,0,True,no_major_descriptor_risk
CAND_18a527718d,0,True,no_major_descriptor_risk
CAND_91b2bf705e,0,True,no_major_descriptor_risk
CAND_cc2244a62e,0,True,no_major_descriptor_risk
CAND_ecc7f4e0e9,0,True,no_major_descriptor_risk
CAND_9841b99e2f,0,True,no_major_descriptor_risk
CAND_ef84ece98d,0,True,no_major_descriptor_risk
CAND_6c20a5abe6,0,True,no_major_descriptor_risk
CAND_8523a2588f,2,True,2_lipinski_violations
CAND_f840af9a73,2,True,2_lipinski_violations
CAND_194655e3a9,2,True,2_lipinski_violations
CAND_6cb6de64b7,2,True,2_lipinski_violations
CAND_b0380e4555,2,True,2_lipinski_violations
CAND_e1f06c3df5,1,True,1_lipinski_violations
CAND_2fd55dbcd5,1,True,1_lipinski_violations
CAND_85a5b00fd2,1,True,1_lipinski_violations
CAND_e35100e644,1,True,1_lipinski_violations
CAND_05ae367ce5,1,True,1_lipinski_violations
CAND_13b5b47176,1,True,1_lipinski_violations
CAND_0ff3fa77cb,1,True,1_lipinski_violations
CAND_17f46e7ded,1,True,1_lipinski_violations
CAND_2067662104,1,True,1_lipinski_violations
CAND_068407d51f,1,True,1_lipinski_violations
CAND_91f995b822,0,True,no_major_descriptor_risk
CAND_be73abae9a,0,True,no_major_descriptor_risk
CAND_8ad0164462,0,True,no_major_descriptor_risk
CAND_e3898fc220,0,True,no_major_descriptor_risk
CAND_435493a899,0,True,no_major_descriptor_risk
CAND_5fafe1a785,1,True,1_lipinski_violations
CAND_9fea68e673,1,True,1_lipinski_violations
CAND_aff4310213,1,True,1_lipinski_violations
CAND_20ac08040f,1,True,1_lipinski_violations
CAND_d80694fd5c,1,True,1_lipinski_violations
CAND_e4858bdcfb,1,True,1_lipinski_violations
CAND_d6e19d1164,1,True,1_lipinski_violations
CAND_c3e38186cd,1,True,1_lipinski_violations
CAND_31593a9bf9,1,True,1_lipinski_violations
CAND_8a660b534d,1,True,1_lipinski_violations
CAND_832f75b1d2,0,True,no_major_descriptor_risk
CAND_8c74f6ee50,0,True,no_major_descriptor_risk
CAND_e788dd852f,0,True,no_major_descriptor_risk
CAND_600be7bdd5,0,True,no_major_descriptor_risk
CAND_b97dcaf73f,0,True,no_major_descriptor_risk
CAND_0dc2118d7f,1,True,1_lipinski_violations
CAND_2e9e2d6fa8,1,True,1_lipinski_violations
CAND_62137b6872,1,True,1_lipinski_violations
CAND_ebe9cc65ef,1,True,1_lipinski_violations
CAND_a38e1e9e4c,1,True,1_lipinski_violations
CAND_1925343749,0,True,no_major_descriptor_risk
CAND_304980110c,0,True,no_major_descriptor_risk
CAND_a57e3ba225,0,True,no_major_descriptor_risk
CAND_303054804e,0,True,no_major_descriptor_risk
CAND_26166c273b,0,True,no_major_descriptor_risk
CAND_7e1ac6aa8c,0,True,no_major_descriptor_risk
CAND_ab53a2ebb3,0,True,no_major_descriptor_risk
CAND_99a3bbd412,0,True,no_major_descriptor_risk
CAND_70844d7e63,0,True,no_major_descriptor_risk
CAND_202bb82791,1,True,1_lipinski_violations
CAND_637e794d6e,1,True,1_lipinski_violations
CAND_349545d835,1,True,1_lipinski_violations
CAND_298195c3c8,1,True,1_lipinski_violations
CAND_acce4057d1,1,True,1_lipinski_violations
CAND_99e9339eeb,1,True,1_lipinski_violations
CAND_cdbf00c3b2,0,True,no_major_descriptor_risk
CAND_d6f745d2bf,0,True,no_major_descriptor_risk
CAND_c872f33bf4,0,True,no_major_descriptor_risk
CAND_976dccd642,0,True,no_major_descriptor_risk
CAND_685bf97a92,0,True,no_major_descriptor_risk
CAND_e8ac834396,0,True,no_major_descriptor_risk
CAND_11c1cc78ae,0,True,no_major_descriptor_risk
CAND_0b9665997f,0,True,no_major_descriptor_risk
CAND_23cd11e942,0,True,no_major_descriptor_risk
CAND_e83e387dd5,0,True,no_major_descriptor_risk
CAND_5274baffe1,1,True,1_lipinski_violations
CAND_e75ebca634,1,True,1_lipinski_violations
CAND_d8223b1c41,1,True,1_lipinski_violations
CAND_c5e16769a1,1,True,1_lipinski_violations
CAND_b485f1a08e,1,True,1_lipinski_violations
CAND_8234499038,0,True,no_major_descriptor_risk
CAND_6d7de7d493,0,True,no_major_descriptor_risk
CAND_a228c3f06e,0,True,no_major_descriptor_risk
CAND_1881183c8a,0,True,no_major_descriptor_risk
CAND_a9960291a4,0,True,no_major_descriptor_risk
CAND_6afe76f8e5,2,True,2_lipinski_violations
CAND_1052640622,1,False,1_lipinski_violations;veber_fail
CAND_4ca6bad5c7,1,True,1_lipinski_violations
CAND_c07607a96b,1,True,1_lipinski_violations
CAND_d8606a3d69,2,True,2_lipinski_violations
CAND_569ada26eb,1,True,1_lipinski_violations
CAND_229d506b6a,1,True,1_lipinski_violations
CAND_000adff0e0,2,True,2_lipinski_violations
CAND_b9ef91030f,2,True,2_lipinski_violations
CAND_c7408d12be,1,False,1_lipinski_violations;veber_fail
CAND_4a5a4820c9,1,False,1_lipinski_violations;veber_fail
CAND_66c1c4d713,1,True,1_lipinski_violations
CAND_dcf10234f4,1,False,1_lipinski_violations;veber_fail
CAND_55ed27e685,1,False,1_lipinski_violations;veber_fail
CAND_091f79b962,1,False,1_lipinski_violations;veber_fail
CAND_337147a187,1,True,1_lipinski_violations
CAND_ea87638aa9,1,True,1_lipinski_violations
CAND_fe65117710,2,True,2_lipinski_violations
CAND_e9e5177b6e,1,False,1_lipinski_violations;veber_fail
CAND_0e07c41a23,1,False,1_lipinski_violations;veber_fail
CAND_5886d9ecf3,2,True,2_lipinski_violations
CAND_dda316ebb6,1,False,1_lipinski_violations;veber_fail
CAND_3cf5b742ea,1,True,1_lipinski_violations
CAND_6914f02292,1,False,1_lipinski_violations;veber_fail
CAND_a873e873c9,1,True,1_lipinski_violations
CAND_b6fa26cd68,0,True,no_major_descriptor_risk
CAND_ab56f3209e,0,True,no_major_descriptor_risk
CAND_15c97115ad,0,True,no_major_descriptor_risk
CAND_e8f24b221c,1,True,1_lipinski_violations
CAND_c0628767bf,0,True,no_major_descriptor_risk
CAND_35cf40bfb7,2,True,2_lipinski_violations
CAND_05c487c98d,0,True,no_major_descriptor_risk
CAND_dddef46c7f,0,True,no_major_descriptor_risk
CAND_167e85a5cb,1,True,1_lipinski_violations
CAND_1e01b197a5,1,True,1_lipinski_violations
CAND_77cd6eb2b8,2,True,2_lipinski_violations
CAND_bf26db9d9f,2,True,2_lipinski_violations
CAND_e6d579f1a5,2,True,2_lipinski_violations
CAND_fecb67e44c,1,True,1_lipinski_violations
CAND_8681f3fb57,1,True,1_lipinski_violations
CAND_144fb6eee0,1,True,1_lipinski_violations
CAND_49c4dadde3,1,True,1_lipinski_violations
CAND_d1322e6d51,1,True,1_lipinski_violations
CAND_2ff5d7bf20,1,True,1_lipinski_violations
CAND_d04cf49f7f,2,True,2_lipinski_violations
CAND_26eb59dd19,2,True,2_lipinski_violations
CAND_cab4d1ddaf,0,True,no_major_descriptor_risk
CAND_e0f9e6b867,0,True,no_major_descriptor_risk
CAND_4231884dd8,1,True,1_lipinski_violations
CAND_e389caa1ca,1,True,1_lipinski_violations
CAND_fef50cd638,1,True,1_lipinski_violations
CAND_61e922395b,1,True,1_lipinski_violations
CAND_2d0a5dc78b,0,True,no_major_descriptor_risk
CAND_f246ebd98e,1,True,1_lipinski_violations
CAND_d225c44763,1,True,1_lipinski_violations
CAND_8234d18cc9,1,True,1_lipinski_violations
CAND_06901a8bdb,0,True,no_major_descriptor_risk
CAND_c4fbd7a94d,1,True,1_lipinski_violations
CAND_93a13b4434,2,True,2_lipinski_violations
CAND_4a45b06b03,2,True,2_lipinski_violations
CAND_424529d868,1,True,1_lipinski_violations
CAND_13e91923fc,2,True,2_lipinski_violations
CAND_17e674f294,1,True,1_lipinski_violations
CAND_08986f0d73,2,True,2_lipinski_violations
CAND_a84b309f4b,2,True,2_lipinski_violations
CAND_58e0ae2edf,2,True,2_lipinski_violations
CAND_0f6ade3896,1,True,1_lipinski_violations
CAND_e710737731,2,True,2_lipinski_violations
CAND_31f5974cde,1,True,1_lipinski_violations
CAND_523163fd4b,2,True,2_lipinski_violations
CAND_6edb6d0532,1,True,1_lipinski_violations
CAND_d949fc7294,0,True,no_major_descriptor_risk
CAND_830d66d52c,0,True,no_major_descriptor_risk
CAND_20907360e6,0,True,no_major_descriptor_risk
CAND_f26536791c,1,True,1_lipinski_violations
CAND_32f4a40b91,0,True,no_major_descriptor_risk
CAND_5f15c88d3d,0,True,no_major_descriptor_risk
CAND_6623a78f89,0,True,no_major_descriptor_risk
CAND_8b61ac706c,1,True,1_lipinski_violations
CAND_5fa2379677,2,True,2_lipinski_violations
CAND_b538c50acf,1,True,1_lipinski_violations
CAND_05a27eb18e,2,True,2_lipinski_violations
CAND_9ce2476cb0,1,True,1_lipinski_violations
CAND_f7579f5358,0,True,no_major_descriptor_risk
CAND_8a1a8856f2,1,True,1_lipinski_violations
CAND_db68847dc0,0,True,no_major_descriptor_risk
CAND_40788cf980,0,True,no_major_descriptor_risk
CAND_bb22be3a7c,0,True,no_major_descriptor_risk
CAND_9710c64968,0,True,no_major_descriptor_risk
CAND_c581927c9b,0,True,no_major_descriptor_risk
CAND_1d78827bc8,0,True,no_major_descriptor_risk
CAND_c4299d3cf2,0,True,no_major_descriptor_risk
CAND_67023a6300,1,True,1_lipinski_violations
CAND_7319afe9e1,0,True,no_major_descriptor_risk
CAND_b5f7063bf0,1,True,1_lipinski_violations
CAND_9b22bdd5ab,1,True,1_lipinski_violations
CAND_0d5ecdfcc0,1,False,1_lipinski_violations;veber_fail
CAND_f44eddff6f,1,False,1_lipinski_violations;veber_fail
CAND_b010d27002,1,False,1_lipinski_violations;veber_fail
CAND_103bae42d9,2,True,2_lipinski_violations
CAND_a54e9f16ee,1,False,1_lipinski_violations;veber_fail
CAND_115177402f,1,True,1_lipinski_violations
CAND_ad8a4c8ec4,1,False,1_lipinski_violations;veber_fail
CAND_1fba78ab03,1,False,1_lipinski_violations;veber_fail
CAND_4d11499e1f,2,True,2_lipinski_violations
CAND_bd3f69c7d7,2,True,2_lipinski_violations
CAND_780ebd9478,2,True,2_lipinski_violations
CAND_ee409e151b,1,False,1_lipinski_violations;veber_fail
CAND_af1b679049,1,True,1_lipinski_violations
CAND_60ccbead6c,2,True,2_lipinski_violations
CAND_f057bef503,1,True,1_lipinski_violations
CAND_89d343d158,1,True,1_lipinski_violations
CAND_df50c37e62,2,True,2_lipinski_violations
CAND_3482465cfd,1,True,1_lipinski_violations
CAND_da4e54155e,2,True,2_lipinski_violations
CAND_5fd80a6985,1,False,1_lipinski_violations;veber_fail
CAND_c2c5a83aaa,1,True,1_lipinski_violations
CAND_c495267539,1,True,1_lipinski_violations
CAND_fa49112d69,0,True,no_major_descriptor_risk
CAND_d246fb9863,1,True,1_lipinski_violations
CAND_177c9e5e11,1,True,1_lipinski_violations
CAND_89b8e98669,1,True,1_lipinski_violations
CAND_69d3109de4,2,True,2_lipinski_violations
CAND_bef1a336db,1,True,1_lipinski_violations
CAND_e3d633a6c9,2,True,2_lipinski_violations
CAND_44538aad8d,1,True,1_lipinski_violations
CAND_d09e5fcdff,2,True,2_lipinski_violations
CAND_f9f82a068b,2,True,2_lipinski_violations
CAND_5a55304de2,1,True,1_lipinski_violations
CAND_7bb63de871,2,True,2_lipinski_violations
CAND_3d5e72e4df,1,True,1_lipinski_violations
CAND_5b9d654657,1,True,1_lipinski_violations
CAND_1d51dd1bce,1,True,1_lipinski_violations
CAND_d4313daf71,2,True,2_lipinski_violations
CAND_eb78bf5e76,1,True,1_lipinski_violations
CAND_b492a7a19a,1,True,1_lipinski_violations
CAND_907ad3c091,1,True,1_lipinski_violations
CAND_1c594b2d4e,1,True,1_lipinski_violations
CAND_92340895ca,1,True,1_lipinski_violations
CAND_46176e4f6e,1,True,1_lipinski_violations
CAND_b90bfd8aec,1,True,1_lipinski_violations
CAND_17b85546b2,0,True,no_major_descriptor_risk
CAND_1f1259e868,0,True,no_major_descriptor_risk
CAND_f6f1ed1886,0,True,no_major_descriptor_risk
CAND_1696f1e556,0,True,no_major_descriptor_risk
CAND_0c3dd8846c,0,True,no_major_descriptor_risk
CAND_2e81fe2dbe,0,True,no_major_descriptor_risk
CAND_fb6aba9f48,0,True,no_major_descriptor_risk
CAND_177e87f3a9,0,True,no_major_descriptor_risk
CAND_37edc45bb7,0,True,no_major_descriptor_risk
CAND_dd5ddb86a7,0,True,no_major_descriptor_risk
CAND_fa4a5e3dad,0,True,no_major_descriptor_risk
CAND_b5f796b2dc,0,True,no_major_descriptor_risk
CAND_72942dea5f,0,True,no_major_descriptor_risk
CAND_abf1a96d52,0,True,no_major_descriptor_risk
CAND_2b6e6df8b8,0,True,no_major_descriptor_risk
CAND_1450c465bc,0,True,no_major_descriptor_risk
CAND_75476d0578,0,True,no_major_descriptor_risk
CAND_101875c1e6,0,True,no_major_descriptor_risk
CAND_85812dd44d,1,True,1_lipinski_violations
CAND_795346cfcb,0,True,no_major_descriptor_risk
CAND_f8c05207d9,1,True,1_lipinski_violations
CAND_ea26257f3c,1,True,1_lipinski_violations
CAND_2f58c35193,0,True,no_major_descriptor_risk
CAND_b007ec2464,0,True,no_major_descriptor_risk
CAND_72f75d1236,1,True,1_lipinski_violations
CAND_24c3e0ce93,0,True,no_major_descriptor_risk
CAND_a8c0ae504d,1,True,1_lipinski_violations
CAND_9bbea8e007,0,True,no_major_descriptor_risk
CAND_c44c4e2176,0,True,no_major_descriptor_risk
CAND_ebf8ce6696,0,True,no_major_descriptor_risk
CAND_e1952e9249,1,True,1_lipinski_violations
CAND_e8d2dc876e,1,True,1_lipinski_violations
CAND_376c7be0a9,1,True,1_lipinski_violations
CAND_a147ab9ea1,1,True,1_lipinski_violations
CAND_c96111d99b,1,True,1_lipinski_violations
CAND_39d55ed837,0,True,no_major_descriptor_risk
CAND_7f45e27efb,0,True,no_major_descriptor_risk
CAND_bfd7befc0e,1,True,1_lipinski_violations
CAND_c150ee5f86,1,True,1_lipinski_violations
CAND_d6c48279c1,2,True,2_lipinski_violations
CAND_034647ab67,1,True,1_lipinski_violations
CAND_d867379132,2,True,2_lipinski_violations
CAND_adba122b9d,1,True,1_lipinski_violations
CAND_834a3c4be4,1,True,1_lipinski_violations
CAND_0325331520,1,True,1_lipinski_violations
CAND_7ed65db110,2,True,2_lipinski_violations
CAND_bbc3949600,2,True,2_lipinski_violations
CAND_739d90a2be,1,True,1_lipinski_violations
CAND_9c09a85780,1,True,1_lipinski_violations
CAND_dc70d42679,0,True,no_major_descriptor_risk
CAND_d684e26371,1,True,1_lipinski_violations
CAND_30181c57c7,0,True,no_major_descriptor_risk
CAND_130aa45415,1,True,1_lipinski_violations
CAND_622a83aad1,2,True,2_lipinski_violations
CAND_ece89c0195,1,True,1_lipinski_violations
CAND_5cca75f2ce,2,True,2_lipinski_violations
CAND_fb60de8657,1,True,1_lipinski_violations
CAND_cf7bc68f35,1,True,1_lipinski_violations
CAND_e7bb4e5e84,1,True,1_lipinski_violations
CAND_fce32a949f,2,True,2_lipinski_violations
CAND_13bcfa3875,1,True,1_lipinski_violations
CAND_9909ac3e19,0,True,no_major_descriptor_risk
CAND_4380e227ef,0,True,no_major_descriptor_risk
CAND_a0c5f80618,0,True,no_major_descriptor_risk
CAND_40908444f1,1,True,1_lipinski_violations
CAND_249aa3efd1,2,True,2_lipinski_violations
CAND_d12ad9430a,2,True,2_lipinski_violations
CAND_04d9f9bc34,0,True,no_major_descriptor_risk
CAND_208e1a8406,1,True,1_lipinski_violations
CAND_870646b3a1,0,True,no_major_descriptor_risk
CAND_d64cb16e93,1,True,1_lipinski_violations
CAND_255cefba4e,2,True,2_lipinski_violations
CAND_126fbc25f2,1,True,1_lipinski_violations
CAND_f7dd11fab0,2,True,2_lipinski_violations
CAND_4a6ddfe3f6,1,True,1_lipinski_violations
CAND_dadd7082d7,1,True,1_lipinski_violations
CAND_6759d4ac49,2,True,2_lipinski_violations
CAND_1648866445,1,True,1_lipinski_violations
CAND_6388cafc3f,1,True,1_lipinski_violations
CAND_aa1e023a02,1,True,1_lipinski_violations
CAND_c8cacfbf67,1,True,1_lipinski_violations
CAND_c5f5426bab,1,True,1_lipinski_violations
CAND_1a4b91aa93,2,True,2_lipinski_violations
CAND_01a6a8d94a,1,True,1_lipinski_violations
CAND_4d8c15185e,2,True,2_lipinski_violations
CAND_b06f7b5c6d,1,True,1_lipinski_violations
CAND_6099925d28,2,True,2_lipinski_violations
CAND_6b827ac45c,2,True,2_lipinski_violations
CAND_cceeda561d,2,True,2_lipinski_violations
CAND_e75782fc80,2,True,2_lipinski_violations
CAND_a3d190d63e,1,True,1_lipinski_violations
CAND_4da6871693,2,True,2_lipinski_violations
CAND_58ee9daa38,1,True,1_lipinski_violations
CAND_b748c27501,2,True,2_lipinski_violations
CAND_c0ca27192d,1,True,1_lipinski_violations
CAND_8494d9074c,1,True,1_lipinski_violations
CAND_73b9d0b0da,2,True,2_lipinski_violations
CAND_16fa081a86,1,True,1_lipinski_violations
CAND_2d7cbfc2dc,1,False,1_lipinski_violations;veber_fail
CAND_47301518e0,1,False,1_lipinski_violations;veber_fail
CAND_8449c6eb92,1,False,1_lipinski_violations;veber_fail
CAND_bead643e12,2,True,2_lipinski_violations
CAND_29dcb845b0,2,True,2_lipinski_violations
CAND_34d6703cc6,1,False,1_lipinski_violations;veber_fail
CAND_b003775b79,2,True,2_lipinski_violations
CAND_9e94808e27,1,False,1_lipinski_violations;veber_fail
CAND_d4385a7463,1,False,1_lipinski_violations;veber_fail
CAND_aab0a6e00f,1,False,1_lipinski_violations;veber_fail
CAND_c5d043bbf5,1,False,1_lipinski_violations;veber_fail
CAND_3483fbad6b,1,True,1_lipinski_violations
CAND_90d2d54af8,2,True,2_lipinski_violations
CAND_e1b78aa8a1,1,True,1_lipinski_violations
CAND_0d867ee730,2,True,2_lipinski_violations
CAND_cb467c14f2,1,True,1_lipinski_violations
CAND_55f5d4ed50,1,True,1_lipinski_violations
CAND_e464cc0e4b,2,True,2_lipinski_violations
CAND_04731ff8fe,1,True,1_lipinski_violations
CAND_2c4485a6bb,2,True,2_lipinski_violations
CAND_fd8c82cdc9,1,True,1_lipinski_violations
CAND_7fe2457241,2,True,2_lipinski_violations
CAND_90e740f668,1,True,1_lipinski_violations
CAND_07180b8018,2,True,2_lipinski_violations
CAND_7ad12f26a6,1,True,1_lipinski_violations
CAND_2097e5f5d5,1,True,1_lipinski_violations
CAND_391ba3c60d,2,True,2_lipinski_violations
CAND_269db435c2,1,True,1_lipinski_violations
CAND_72138c0fc3,2,True,2_lipinski_violations
CAND_f572e43ab9,2,True,2_lipinski_violations
CAND_010bb58bb2,1,True,1_lipinski_violations
CAND_ef2e16f7cd,2,True,2_lipinski_violations
CAND_fd638b6471,2,True,2_lipinski_violations
CAND_97718e67b8,1,True,1_lipinski_violations
CAND_5002139fb2,2,True,2_lipinski_violations
CAND_97e32810aa,1,True,1_lipinski_violations
CAND_9afeb12e4f,1,True,1_lipinski_violations
CAND_0e2b263679,1,True,1_lipinski_violations
CAND_044d74da21,1,True,1_lipinski_violations
CAND_827c06ba75,2,True,2_lipinski_violations
CAND_1b42d20d57,1,True,1_lipinski_violations
CAND_609cfb9de5,1,True,1_lipinski_violations
CAND_a37086a590,1,True,1_lipinski_violations
CAND_b3d7106e0c,2,True,2_lipinski_violations
CAND_69526adb78,1,True,1_lipinski_violations
CAND_c968c668d5,2,True,2_lipinski_violations
CAND_805d133b63,1,True,1_lipinski_violations
CAND_d5bb3eb6a1,1,True,1_lipinski_violations
CAND_6382865ddd,2,True,2_lipinski_violations
CAND_b6c6292426,2,True,2_lipinski_violations
CAND_664680dcc7,2,True,2_lipinski_violations
CAND_9cef3787f6,1,True,1_lipinski_violations
CAND_aa166099e3,1,True,1_lipinski_violations
CAND_3ce2b0ba2a,1,True,1_lipinski_violations
CAND_1e1ae451a9,0,True,no_major_descriptor_risk
CAND_ca5c99de4d,2,True,2_lipinski_violations
CAND_fb1d26fcd5,1,True,1_lipinski_violations
CAND_8ea3cfc0b2,1,True,1_lipinski_violations
CAND_07562d47a6,2,True,2_lipinski_violations
CAND_626d63f20d,2,True,2_lipinski_violations
CAND_88ea681feb,1,True,1_lipinski_violations
CAND_c341622335,2,True,2_lipinski_violations
CAND_788fdac5ee,2,True,2_lipinski_violations
CAND_a6ecbbd854,2,True,2_lipinski_violations
CAND_a0603c5225,2,True,2_lipinski_violations
CAND_e3657e0a67,2,True,2_lipinski_violations
CAND_d928627c78,2,True,2_lipinski_violations
CAND_38ea28b06b,1,True,1_lipinski_violations
CAND_bdd5691771,1,True,1_lipinski_violations
CAND_4e0086684e,1,True,1_lipinski_violations
CAND_e0ef8c3b70,1,True,1_lipinski_violations
CAND_b94b26d5c7,1,True,1_lipinski_violations
CAND_e4d4f58355,1,True,1_lipinski_violations
CAND_e1678c789f,1,True,1_lipinski_violations
CAND_21d4f45aae,1,True,1_lipinski_violations
CAND_8df3b9e204,1,True,1_lipinski_violations
CAND_6ab444ca4f,1,True,1_lipinski_violations
CAND_9bf9ae8972,1,True,1_lipinski_violations
CAND_b7fa23672c,0,True,no_major_descriptor_risk
CAND_0ccbe9e11d,0,True,no_major_descriptor_risk
CAND_92f435b98d,1,True,1_lipinski_violations
CAND_061368aa1a,2,True,2_lipinski_violations
CAND_642cc50c04,1,True,1_lipinski_violations
CAND_2b39f7e296,2,True,2_lipinski_violations
CAND_555032fd7b,1,True,1_lipinski_violations
CAND_9bdc8d03a2,2,True,2_lipinski_violations
CAND_e8a0a80468,1,True,1_lipinski_violations
CAND_ddf59cbbad,1,True,1_lipinski_violations
CAND_a89c7b257c,1,True,1_lipinski_violations
CAND_7dbd341dec,1,True,1_lipinski_violations
CAND_53d8dc4b30,2,True,2_lipinski_violations
CAND_d91102f369,2,True,2_lipinski_violations
CAND_8547f16377,1,True,1_lipinski_violations
CAND_cbefb48bda,1,True,1_lipinski_violations
CAND_85f6bc1e7f,1,True,1_lipinski_violations
CAND_c2262ec0c2,1,True,1_lipinski_violations
CAND_38a13d949b,0,True,no_major_descriptor_risk
CAND_f00ba45459,1,True,1_lipinski_violations
CAND_737ea61658,0,True,no_major_descriptor_risk
CAND_6787861775,1,True,1_lipinski_violations
CAND_bafcb87dc8,1,True,1_lipinski_violations
CAND_6026e6af06,1,True,1_lipinski_violations
CAND_40825fd46e,0,True,no_major_descriptor_risk
CAND_a80cf944f3,0,True,no_major_descriptor_risk
CAND_7e23e2e6fa,0,True,no_major_descriptor_risk
CAND_f74d38de72,0,True,no_major_descriptor_risk
CAND_7fa296f23a,0,True,no_major_descriptor_risk
CAND_1203d95ac4,2,True,2_lipinski_violations
CAND_a71d946dea,2,True,2_lipinski_violations
CAND_736761934b,1,True,1_lipinski_violations
CAND_59700bcbae,2,True,2_lipinski_violations
CAND_876e04dd22,2,True,2_lipinski_violations
CAND_55ca82cee4,0,True,no_major_descriptor_risk
CAND_5db49ef472,0,True,no_major_descriptor_risk
CAND_603d3c9dd6,0,True,no_major_descriptor_risk
CAND_cb495b10ab,2,True,2_lipinski_violations
CAND_81b0456037,1,True,1_lipinski_violations
CAND_4ec76f9b95,1,True,1_lipinski_violations
CAND_9b75afd75f,1,True,1_lipinski_violations
CAND_a40908e73e,1,True,1_lipinski_violations
CAND_3a091da193,1,True,1_lipinski_violations
CAND_42b5fb0971,1,True,1_lipinski_violations
CAND_2a7bbdf6bf,1,True,1_lipinski_violations
CAND_25979ba642,2,True,2_lipinski_violations
CAND_709a55edc7,2,True,2_lipinski_violations
CAND_7a01c92f6f,1,True,1_lipinski_violations
CAND_be65c01f2b,0,True,no_major_descriptor_risk
CAND_a739b08767,1,True,1_lipinski_violations
CAND_21168000e7,1,True,1_lipinski_violations
CAND_cbbe18f7ec,1,True,1_lipinski_violations
CAND_900cd5a0c6,1,True,1_lipinski_violations
CAND_6c07a1c6f6,1,False,1_lipinski_violations;veber_fail
CAND_78312bfbfb,1,True,1_lipinski_violations
CAND_e2d8e14764,2,True,2_lipinski_violations
CAND_5fd80d9507,1,False,1_lipinski_violations;veber_fail
CAND_55b2e633c8,1,True,1_lipinski_violations
CAND_35dd7c110a,1,True,1_lipinski_violations
CAND_807fbdd9c4,1,True,1_lipinski_violations
CAND_0abb5f553e,1,False,1_lipinski_violations;veber_fail
CAND_f84045dd4f,1,True,1_lipinski_violations
CAND_0339bf0ec8,1,True,1_lipinski_violations
CAND_3004257ad6,1,True,1_lipinski_violations
CAND_a0b52af8d4,1,True,1_lipinski_violations
CAND_1d484a042a,1,True,1_lipinski_violations
CAND_8c15825869,2,True,2_lipinski_violations
CAND_7998d40a63,2,True,2_lipinski_violations
CAND_cb0dba9727,1,True,1_lipinski_violations
CAND_e710c3d048,2,True,2_lipinski_violations
CAND_6811dfa7cf,2,True,2_lipinski_violations
CAND_a7f4d18782,1,True,1_lipinski_violations
CAND_7d26aea754,2,True,2_lipinski_violations
CAND_defa1291ad,2,True,2_lipinski_violations
CAND_a054f7bba7,2,True,2_lipinski_violations
CAND_f9f5ae8601,1,True,1_lipinski_violations
CAND_8c659144e1,2,True,2_lipinski_violations
CAND_f507808f3b,2,True,2_lipinski_violations
CAND_409d6ed891,1,True,1_lipinski_violations
CAND_17f2e1e730,2,True,2_lipinski_violations
CAND_7d8540e7a0,0,True,no_major_descriptor_risk
CAND_3f48c081b4,0,True,no_major_descriptor_risk
CAND_76b12058a9,1,True,1_lipinski_violations
CAND_5050cfbe65,2,True,2_lipinski_violations
CAND_6d48ebb348,1,True,1_lipinski_violations
CAND_d5b1a740e8,1,True,1_lipinski_violations
CAND_80338e67a7,1,True,1_lipinski_violations
CAND_f4639706f9,1,True,1_lipinski_violations
CAND_3378c73efc,1,True,1_lipinski_violations
CAND_2dd7910afe,1,True,1_lipinski_violations
CAND_ece88c2a67,2,True,2_lipinski_violations
CAND_55ccb5f60e,2,True,2_lipinski_violations
CAND_b539dc53a4,2,True,2_lipinski_violations
CAND_5f88b1be70,1,True,1_lipinski_violations
CAND_c6a7cafa35,2,True,2_lipinski_violations
CAND_288a2c1fb8,1,True,1_lipinski_violations
CAND_ce6698ad9a,1,True,1_lipinski_violations
CAND_29299358e2,0,True,no_major_descriptor_risk
CAND_ceefce472e,0,True,no_major_descriptor_risk
CAND_20b1ea184e,0,True,no_major_descriptor_risk
CAND_a0bba48ad9,0,True,no_major_descriptor_risk
CAND_ae409387c8,0,True,no_major_descriptor_risk
CAND_823d1a90e2,0,True,no_major_descriptor_risk
CAND_bf388ffe3f,0,True,no_major_descriptor_risk
CAND_0e74c886c6,0,True,no_major_descriptor_risk
CAND_8614b6d775,0,True,no_major_descriptor_risk
CAND_be7cb1e0cc,0,True,no_major_descriptor_risk
CAND_81820b935b,0,True,no_major_descriptor_risk
CAND_80d3ebdafa,0,True,no_major_descriptor_risk
CAND_b5ff93c6da,1,True,1_lipinski_violations
CAND_cb1611d460,1,True,1_lipinski_violations
CAND_fd8917bd02,1,True,1_lipinski_violations
CAND_b7f7813b9a,1,True,1_lipinski_violations
CAND_2840e0e1fa,1,True,1_lipinski_violations
CAND_74b6719a59,1,True,1_lipinski_violations
CAND_ab8cb3c718,1,True,1_lipinski_violations
CAND_094e122289,1,True,1_lipinski_violations
CAND_e8ec122d0b,1,True,1_lipinski_violations
CAND_ebeb4482cf,1,True,1_lipinski_violations
CAND_547916576a,1,True,1_lipinski_violations
CAND_6ba5daeb29,1,True,1_lipinski_violations
CAND_d88a8ec756,0,True,no_major_descriptor_risk
CAND_d2ea444e76,0,True,no_major_descriptor_risk
CAND_6a5aed6525,1,True,1_lipinski_violations
CAND_29ab263df8,1,True,1_lipinski_violations
CAND_7f6ea250e2,2,True,2_lipinski_violations
CAND_9fa63907fb,2,True,2_lipinski_violations
CAND_6bcc03c2f1,2,True,2_lipinski_violations
CAND_5f26f466f5,2,True,2_lipinski_violations
CAND_608fa456bb,1,True,1_lipinski_violations
CAND_d46d5b13b8,1,True,1_lipinski_violations
CAND_56085f5f1e,0,True,no_major_descriptor_risk
CAND_9586681ab2,0,True,no_major_descriptor_risk
CAND_b64d3541be,0,True,no_major_descriptor_risk
CAND_f3b5e5058e,0,True,no_major_descriptor_risk
CAND_d569056250,0,True,no_major_descriptor_risk
CAND_e2969643f5,1,True,1_lipinski_violations
CAND_5ff74952df,0,True,no_major_descriptor_risk
CAND_110b222a50,1,True,1_lipinski_violations
CAND_f47c39f9c8,0,True,no_major_descriptor_risk
CAND_04e8460a71,1,True,1_lipinski_violations
CAND_40da471687,0,True,no_major_descriptor_risk
CAND_2a05561313,0,True,no_major_descriptor_risk
CAND_7c54d1cc37,0,True,no_major_descriptor_risk
CAND_ce1fff0397,1,True,1_lipinski_violations
CAND_2cec525ed0,0,True,no_major_descriptor_risk
CAND_f9189cbe2c,0,True,no_major_descriptor_risk
CAND_242e3be466,0,True,no_major_descriptor_risk
CAND_67ace2dcda,1,True,1_lipinski_violations
CAND_554858444f,0,True,no_major_descriptor_risk
CAND_e329bb8dfc,0,True,no_major_descriptor_risk
CAND_5b8b20f512,0,True,no_major_descriptor_risk
CAND_c07c91d765,1,True,1_lipinski_violations
CAND_9779204efb,1,True,1_lipinski_violations
CAND_7b8280dde9,0,True,no_major_descriptor_risk
CAND_4844c8f363,1,True,1_lipinski_violations
CAND_781a28be34,1,False,1_lipinski_violations;veber_fail
CAND_06f8bbdea1,1,True,1_lipinski_violations
CAND_9ac26af661,1,True,1_lipinski_violations
CAND_f166f269db,1,False,1_lipinski_violations;veber_fail
CAND_8264502fed,1,False,1_lipinski_violations;veber_fail
CAND_a8543b8a5a,1,False,1_lipinski_violations;veber_fail
CAND_ef9808ac97,2,True,2_lipinski_violations
CAND_1fa1be662b,1,False,1_lipinski_violations;veber_fail
CAND_f0ce844187,1,True,1_lipinski_violations
CAND_d5f0cc9e69,1,False,1_lipinski_violations;veber_fail
CAND_84815bebd7,1,False,1_lipinski_violations;veber_fail
CAND_eec21094bd,1,False,1_lipinski_violations;veber_fail
CAND_b02b3ace4e,1,True,1_lipinski_violations
CAND_6bbe90908a,1,True,1_lipinski_violations
CAND_70408d5248,1,True,1_lipinski_violations
CAND_27ddfd0635,1,True,1_lipinski_violations
CAND_456445434b,2,True,2_lipinski_violations
CAND_5870d0f0b5,1,True,1_lipinski_violations
CAND_812d330b78,1,True,1_lipinski_violations
CAND_72f98fd767,1,True,1_lipinski_violations
CAND_7b85a14398,1,True,1_lipinski_violations
CAND_f19782d988,1,True,1_lipinski_violations
CAND_4e8a148392,1,True,1_lipinski_violations
CAND_39eda83b6f,1,True,1_lipinski_violations
CAND_2e4d4cbed4,2,True,2_lipinski_violations
CAND_47b2e08f94,1,True,1_lipinski_violations
CAND_f63a566d6c,1,True,1_lipinski_violations
CAND_f70d9f6a69,2,True,2_lipinski_violations
CAND_e197e670a4,1,True,1_lipinski_violations
CAND_364a8955ef,2,True,2_lipinski_violations
CAND_42ef214cc9,2,True,2_lipinski_violations
CAND_98b3899c4b,1,True,1_lipinski_violations
CAND_ce28cf96a3,2,True,2_lipinski_violations
CAND_8cb6443a8b,1,True,1_lipinski_violations
CAND_521c33c38d,2,True,2_lipinski_violations
CAND_0ab5339a6d,1,True,1_lipinski_violations
CAND_0333ed8a8b,1,True,1_lipinski_violations
CAND_60cf9ba1f3,1,True,1_lipinski_violations
CAND_302971769e,2,True,2_lipinski_violations
CAND_8b592e3aba,2,True,2_lipinski_violations
CAND_aabacef264,2,True,2_lipinski_violations
CAND_dc6edf12a2,1,True,1_lipinski_violations
CAND_9dcc4cdc87,2,True,2_lipinski_violations
CAND_7f43451372,1,True,1_lipinski_violations
CAND_80f455a86f,1,True,1_lipinski_violations
CAND_18e972e7cd,1,True,1_lipinski_violations
CAND_95a8d22e37,1,True,1_lipinski_violations
CAND_9038c9cd18,0,True,no_major_descriptor_risk
CAND_3c5255bd96,0,True,no_major_descriptor_risk
CAND_9ebb161851,0,True,no_major_descriptor_risk
CAND_8110817a69,0,True,no_major_descriptor_risk
CAND_b8a2ab6d5b,0,True,no_major_descriptor_risk
CAND_69c5850e03,2,True,2_lipinski_violations
CAND_84223f244d,1,True,1_lipinski_violations
CAND_b4099cc7e2,1,True,1_lipinski_violations
CAND_a14eb00f06,1,True,1_lipinski_violations
CAND_188e809eb3,1,True,1_lipinski_violations
CAND_b31dc5a253,0,True,no_major_descriptor_risk
CAND_c840b77876,0,True,no_major_descriptor_risk
CAND_bca41b61a7,1,False,1_lipinski_violations;veber_fail
CAND_a5fafdac53,1,False,1_lipinski_violations;veber_fail
CAND_1c72a3b9c8,1,False,1_lipinski_violations;veber_fail
CAND_bc1a9d3bdd,1,False,1_lipinski_violations;veber_fail
CAND_678b2b1a5c,1,False,1_lipinski_violations;veber_fail
CAND_0d554b9b6c,1,False,1_lipinski_violations;veber_fail
CAND_c96472066d,1,False,1_lipinski_violations;veber_fail
CAND_40f522616f,1,False,1_lipinski_violations;veber_fail
CAND_4fb31ff3d6,1,False,1_lipinski_violations;veber_fail
CAND_7547961503,1,False,1_lipinski_violations;veber_fail
CAND_17384b354b,1,False,1_lipinski_violations;veber_fail
CAND_7751428769,1,False,1_lipinski_violations;veber_fail
CAND_86afb13214,1,True,1_lipinski_violations
CAND_0358eae53e,2,True,2_lipinski_violations
CAND_9da48f0b7c,1,True,1_lipinski_violations
CAND_d7c711de8a,1,True,1_lipinski_violations
CAND_44434a38b2,1,True,1_lipinski_violations
CAND_f8a5ede1c8,1,True,1_lipinski_violations
CAND_1c1f9705b7,1,True,1_lipinski_violations
CAND_6f26506a46,1,True,1_lipinski_violations
CAND_5c8ab8605e,1,True,1_lipinski_violations
CAND_52e4a82a8e,1,True,1_lipinski_violations
CAND_c3cf4674e1,1,True,1_lipinski_violations
CAND_8e7809d966,1,True,1_lipinski_violations
CAND_06e3fc07c7,0,True,no_major_descriptor_risk
CAND_30d92dd835,0,True,no_major_descriptor_risk
CAND_bb38785d62,0,True,no_major_descriptor_risk
CAND_24fb49d387,0,True,no_major_descriptor_risk
CAND_50d9c66ace,1,True,1_lipinski_violations
CAND_10209cf436,2,True,2_lipinski_violations
CAND_5603da0817,2,True,2_lipinski_violations
CAND_d54278e7de,1,True,1_lipinski_violations
CAND_a6db715333,1,True,1_lipinski_violations
CAND_091f5e63b6,1,True,1_lipinski_violations
CAND_51aa7a6d32,1,True,1_lipinski_violations
CAND_f5993f9118,2,True,2_lipinski_violations
CAND_7fcf4112ec,0,True,no_major_descriptor_risk
CAND_ee73d53024,0,True,no_major_descriptor_risk
CAND_15410c7c0f,0,True,no_major_descriptor_risk
CAND_9a3ac3e85e,1,True,1_lipinski_violations
CAND_1bc40c9721,1,True,1_lipinski_violations
CAND_e073b2587e,1,True,1_lipinski_violations
CAND_4c15180b03,0,True,no_major_descriptor_risk
CAND_e72b4cb54e,1,True,1_lipinski_violations
CAND_a89a64fa73,2,True,2_lipinski_violations
CAND_0933427963,2,True,2_lipinski_violations
CAND_77923f8c39,0,True,no_major_descriptor_risk
CAND_4f997af8e3,0,True,no_major_descriptor_risk
CAND_d91709c98d,1,True,1_lipinski_violations
CAND_aadfe5a8bf,0,True,no_major_descriptor_risk
CAND_490b2d7480,1,True,1_lipinski_violations
CAND_008b2521eb,1,True,1_lipinski_violations
CAND_21b618c1f7,2,True,2_lipinski_violations
CAND_19908e0321,1,True,1_lipinski_violations
CAND_ec87608d3e,2,True,2_lipinski_violations
CAND_ae102e3a7d,1,True,1_lipinski_violations
CAND_833a4d5418,1,True,1_lipinski_violations
CAND_804018ac5e,1,True,1_lipinski_violations
CAND_b0e99f91e9,1,True,1_lipinski_violations
CAND_db23f56c20,2,True,2_lipinski_violations
CAND_78646b2aa2,2,True,2_lipinski_violations
CAND_668fa49d42,2,True,2_lipinski_violations
CAND_29cbea073c,1,True,1_lipinski_violations
CAND_18bf1fc1d1,1,True,1_lipinski_violations
CAND_929e5fcc40,1,True,1_lipinski_violations
CAND_6435cb36d5,1,True,1_lipinski_violations
CAND_8d7f27a9a0,2,True,2_lipinski_violations
CAND_7084a60282,1,True,1_lipinski_violations
CAND_8ed725b60d,1,True,1_lipinski_violations
CAND_76f806c5e6,0,True,no_major_descriptor_risk
CAND_7ca7bc4232,1,True,1_lipinski_violations
CAND_a58b08491c,0,True,no_major_descriptor_risk
CAND_e161873f3e,0,True,no_major_descriptor_risk
CAND_c453ebe0b9,0,True,no_major_descriptor_risk
CAND_3db85b5764,0,True,no_major_descriptor_risk
CAND_ec7af2e01d,0,True,no_major_descriptor_risk
CAND_0a2c373eb1,1,True,1_lipinski_violations
CAND_5b1b9526c1,1,True,1_lipinski_violations
CAND_c514ca859b,1,True,1_lipinski_violations
CAND_3af079cc7c,0,True,no_major_descriptor_risk
CAND_f2e37a9547,0,True,no_major_descriptor_risk
CAND_6bf1514aa7,1,True,1_lipinski_violations
CAND_de1cc38f34,1,True,1_lipinski_violations
CAND_a64946d6f3,1,True,1_lipinski_violations
CAND_ec26dd606c,1,True,1_lipinski_violations
CAND_2423245f68,1,True,1_lipinski_violations
CAND_6702de5809,2,True,2_lipinski_violations
CAND_76fb0ed95a,1,True,1_lipinski_violations
CAND_6f2671d193,1,True,1_lipinski_violations
CAND_feefb88ac8,2,True,2_lipinski_violations
CAND_cefbb78b35,2,True,2_lipinski_violations
CAND_4b67b5641f,1,True,1_lipinski_violations
CAND_4448930fcf,1,True,1_lipinski_violations
CAND_58e170e3bf,0,True,no_major_descriptor_risk
CAND_266b54cc3a,1,True,1_lipinski_violations
CAND_18e9e405f0,0,True,no_major_descriptor_risk
CAND_f833d14ac6,1,True,1_lipinski_violations
CAND_ba2bac52a1,1,True,1_lipinski_violations
CAND_168b1b4063,0,True,no_major_descriptor_risk
CAND_a639ce14f7,0,True,no_major_descriptor_risk
CAND_9b58d56294,1,True,1_lipinski_violations
CAND_39207b47cc,1,True,1_lipinski_violations
CAND_302c1b2544,1,True,1_lipinski_violations
CAND_bcb68d0ed5,1,True,1_lipinski_violations
CAND_6b064af1c2,1,True,1_lipinski_violations
CAND_8914ba5ba0,2,True,2_lipinski_violations
CAND_587649e3b8,1,True,1_lipinski_violations
CAND_ffe93fe54b,1,True,1_lipinski_violations
CAND_fa6edb605e,1,True,1_lipinski_violations
CAND_63d881c092,1,True,1_lipinski_violations
CAND_5f8b93e2b7,2,True,2_lipinski_violations
CAND_8233432ea3,2,True,2_lipinski_violations
CAND_8910545a17,2,True,2_lipinski_violations
CAND_8047a513e2,2,True,2_lipinski_violations
CAND_7da40dc907,2,True,2_lipinski_violations
CAND_f8b014a8f9,2,True,2_lipinski_violations
CAND_ea11a55f90,1,True,1_lipinski_violations
CAND_b584758713,1,True,1_lipinski_violations
CAND_f3b095e034,2,True,2_lipinski_violations
CAND_1ed12b9fc0,1,True,1_lipinski_violations
CAND_c16dac4557,0,True,no_major_descriptor_risk
CAND_f98963296a,2,True,2_lipinski_violations
CAND_7a249d81f2,0,True,no_major_descriptor_risk
CAND_dc2f7c8f18,1,True,1_lipinski_violations
CAND_7b1385959c,2,True,2_lipinski_violations
CAND_4b846270e7,1,True,1_lipinski_violations
CAND_1b43c97e66,0,False,veber_fail
CAND_ab872f9ff1,0,False,veber_fail
CAND_77f2864e10,0,False,veber_fail
CAND_6c9ac14baf,0,False,veber_fail
CAND_cdd5699ae9,1,False,1_lipinski_violations;veber_fail
CAND_84c531de8e,1,False,1_lipinski_violations;veber_fail
CAND_2909046fb6,1,False,1_lipinski_violations;veber_fail
CAND_503732edaa,2,False,2_lipinski_violations;veber_fail
CAND_d0feb4f41e,1,False,1_lipinski_violations;veber_fail
CAND_6dca978738,1,False,1_lipinski_violations;veber_fail
CAND_9ad8fad069,1,False,1_lipinski_violations;veber_fail
CAND_38241c2ba2,1,False,1_lipinski_violations;veber_fail
CAND_dcc05118df,0,True,no_major_descriptor_risk
CAND_4cc85ebd15,0,True,no_major_descriptor_risk
CAND_6b93ac4ac9,0,True,no_major_descriptor_risk
CAND_7be24e44d4,0,True,no_major_descriptor_risk
CAND_6d2fb6da20,1,True,1_lipinski_violations
CAND_0e1ca0fd81,0,True,no_major_descriptor_risk
CAND_489bb2ab70,1,True,1_lipinski_violations
CAND_828ee490b3,1,True,1_lipinski_violations
CAND_1d61ff7e33,0,True,no_major_descriptor_risk
CAND_f60be3e7ba,0,True,no_major_descriptor_risk
CAND_063354dbee,1,True,1_lipinski_violations
CAND_adb068d11c,1,True,1_lipinski_violations
CAND_a7f7aaed8e,1,True,1_lipinski_violations
CAND_1d5a663097,2,True,2_lipinski_violations
CAND_4b653f74f7,1,True,1_lipinski_violations
CAND_b417415d6c,2,True,2_lipinski_violations
CAND_f09ee16cec,2,True,2_lipinski_violations
CAND_44322ec620,1,True,1_lipinski_violations
CAND_1b895bfc06,2,True,2_lipinski_violations
CAND_e053cfaf37,1,True,1_lipinski_violations
CAND_a2625d67e3,2,True,2_lipinski_violations
CAND_19551514cd,2,True,2_lipinski_violations
CAND_75eda6a042,1,True,1_lipinski_violations
CAND_d630deb5b5,2,True,2_lipinski_violations
CAND_9b0111c961,0,True,no_major_descriptor_risk
CAND_9376297c4f,1,True,1_lipinski_violations
CAND_b409a2aab4,1,True,1_lipinski_violations
CAND_bb3886de90,1,True,1_lipinski_violations
CAND_0a2d3e7446,0,True,no_major_descriptor_risk
CAND_6c77a93ad2,1,True,1_lipinski_violations
CAND_18061ad49e,0,True,no_major_descriptor_risk
CAND_61f332d17b,1,True,1_lipinski_violations
CAND_4a780e8f30,0,True,no_major_descriptor_risk
CAND_39a462d159,0,True,no_major_descriptor_risk
CAND_07e6ca31c2,0,True,no_major_descriptor_risk
CAND_6c48e67372,1,True,1_lipinski_violations
CAND_20c1ed31af,0,True,no_major_descriptor_risk
CAND_195d05c92e,1,True,1_lipinski_violations
CAND_c3f6c9f38e,2,True,2_lipinski_violations
CAND_7307e76a6a,2,True,2_lipinski_violations
CAND_45da8fdf77,0,True,no_major_descriptor_risk
CAND_5782521d14,0,True,no_major_descriptor_risk
CAND_5d55d92469,0,True,no_major_descriptor_risk
CAND_721b3ecc19,0,True,no_major_descriptor_risk
CAND_2185481654,0,True,no_major_descriptor_risk
CAND_6fa5c008e3,1,True,1_lipinski_violations
CAND_b8461ed942,0,True,no_major_descriptor_risk
CAND_051a6a1431,0,True,no_major_descriptor_risk
CAND_f19b77178c,0,True,no_major_descriptor_risk
CAND_de07cb50b8,1,True,1_lipinski_violations
CAND_af6ba284bd,1,True,1_lipinski_violations
CAND_294eef52ff,1,True,1_lipinski_violations
CAND_8a7559414e,0,True,no_major_descriptor_risk
CAND_fad6a4ac14,0,True,no_major_descriptor_risk
CAND_031a2f618b,0,True,no_major_descriptor_risk
CAND_d52f810d65,0,True,no_major_descriptor_risk
CAND_136aa1807c,0,True,no_major_descriptor_risk
CAND_7fde3f028d,0,True,no_major_descriptor_risk
CAND_fa1cff06d1,0,True,no_major_descriptor_risk
CAND_55276d4bed,0,True,no_major_descriptor_risk
CAND_7f8e62d454,0,True,no_major_descriptor_risk
CAND_91ed7e3afa,1,True,1_lipinski_violations
CAND_27fb85c31e,0,True,no_major_descriptor_risk
CAND_605c59fb96,0,True,no_major_descriptor_risk
CAND_178a8450be,0,True,no_major_descriptor_risk
CAND_4653a2d4b5,0,True,no_major_descriptor_risk
CAND_0496128492,0,True,no_major_descriptor_risk
CAND_0f0a5c7e8e,0,True,no_major_descriptor_risk
CAND_3773686221,0,True,no_major_descriptor_risk
CAND_a6298c53dc,1,True,1_lipinski_violations
CAND_13b6d4ae03,1,True,1_lipinski_violations
CAND_7dfa0b8a36,0,True,no_major_descriptor_risk
CAND_96b14f2661,0,True,no_major_descriptor_risk
CAND_465a300687,1,True,1_lipinski_violations
CAND_229e255175,1,True,1_lipinski_violations
CAND_f1b1450d79,0,True,no_major_descriptor_risk
CAND_fd70fc367e,0,True,no_major_descriptor_risk
CAND_cbdea26739,1,True,1_lipinski_violations
CAND_6ce241cad3,0,True,no_major_descriptor_risk
CAND_ca18f9834d,0,True,no_major_descriptor_risk
CAND_65a3c27e4b,1,True,1_lipinski_violations
CAND_c4351a46f0,0,True,no_major_descriptor_risk
CAND_2c7d7742b9,1,True,1_lipinski_violations
CAND_a4f81a894e,0,True,no_major_descriptor_risk
CAND_95413fae56,0,True,no_major_descriptor_risk
CAND_9e79614bb5,0,True,no_major_descriptor_risk
CAND_d8fa357f61,0,True,no_major_descriptor_risk
CAND_c107da0044,0,True,no_major_descriptor_risk
CAND_36dc54754c,0,True,no_major_descriptor_risk
CAND_0fa53d3540,0,True,no_major_descriptor_risk
CAND_2147e6b8a9,0,True,no_major_descriptor_risk
CAND_bd16bc5ddd,1,True,1_lipinski_violations
CAND_390b7962e4,2,True,2_lipinski_violations
CAND_1a43907128,2,True,2_lipinski_violations
CAND_1e19c29306,1,True,1_lipinski_violations
CAND_22bd0d6a9d,1,True,1_lipinski_violations
CAND_8823b392fe,1,True,1_lipinski_violations
CAND_4b50f2c809,1,True,1_lipinski_violations
CAND_369860a208,1,True,1_lipinski_violations
CAND_223866af8d,1,True,1_lipinski_violations
CAND_0a13607de6,1,True,1_lipinski_violations
CAND_04c75e89a5,1,True,1_lipinski_violations
CAND_fc325f2703,1,True,1_lipinski_violations
CAND_2820f00ccc,1,True,1_lipinski_violations
CAND_c9ab7c8fe8,2,True,2_lipinski_violations
CAND_4a41e1b677,2,True,2_lipinski_violations
CAND_6f469e7646,1,True,1_lipinski_violations
CAND_44438fb736,1,True,1_lipinski_violations
CAND_fbfd9e9094,2,True,2_lipinski_violations
CAND_d7c8b54eb9,2,True,2_lipinski_violations
CAND_116ea93baa,1,True,1_lipinski_violations
CAND_c5605c1db3,2,True,2_lipinski_violations
CAND_aab4a7731a,2,True,2_lipinski_violations
CAND_e6b5cd2870,1,True,1_lipinski_violations
CAND_a699597af3,2,True,2_lipinski_violations
CAND_7dc1235f3f,1,True,1_lipinski_violations
CAND_51d56ecb69,2,True,2_lipinski_violations
CAND_87d47ccb58,2,True,2_lipinski_violations
CAND_f64df0a6b4,2,True,2_lipinski_violations
CAND_9b82e77de4,2,True,2_lipinski_violations
CAND_ec0458d114,1,True,1_lipinski_violations
CAND_a2bed68929,1,True,1_lipinski_violations
CAND_0ad1f178fd,2,True,2_lipinski_violations
CAND_962b191729,2,True,2_lipinski_violations
CAND_189b036694,0,True,no_major_descriptor_risk
CAND_171be39394,1,True,1_lipinski_violations
CAND_ace3c47421,0,True,no_major_descriptor_risk
CAND_c5aa0f47ad,2,True,2_lipinski_violations
CAND_a64c400a33,0,True,no_major_descriptor_risk
CAND_13f0b40979,0,True,no_major_descriptor_risk
CAND_20934bddc3,0,True,no_major_descriptor_risk
CAND_bdb8465918,1,False,1_lipinski_violations;veber_fail
CAND_ad765d606a,2,True,2_lipinski_violations
CAND_cf1d9d005d,2,False,2_lipinski_violations;veber_fail
CAND_c82692653c,2,True,2_lipinski_violations
CAND_266394086b,1,False,1_lipinski_violations;veber_fail
CAND_cd9bf0166c,1,False,1_lipinski_violations;veber_fail
CAND_1aef78f04a,1,False,1_lipinski_violations;veber_fail
CAND_3558d697ed,2,True,2_lipinski_violations
CAND_bb502df7e5,1,False,1_lipinski_violations;veber_fail
CAND_6a09eb89da,2,True,2_lipinski_violations
CAND_78347edc1e,1,False,1_lipinski_violations;veber_fail
CAND_98c7e86bbd,1,False,1_lipinski_violations;veber_fail
CAND_50fc0c814c,2,True,2_lipinski_violations
CAND_1fcb01733c,1,True,1_lipinski_violations
CAND_6e17b354e6,1,True,1_lipinski_violations
CAND_130defcf0b,1,True,1_lipinski_violations
CAND_ab2bb59b79,1,True,1_lipinski_violations
CAND_3c0bba1ba5,0,True,no_major_descriptor_risk
CAND_5aea97cc4f,0,True,no_major_descriptor_risk
CAND_282493f9bf,1,True,1_lipinski_violations
CAND_b38ab549a1,0,True,no_major_descriptor_risk
CAND_d3bf73e2ce,0,True,no_major_descriptor_risk
CAND_310f71619c,0,True,no_major_descriptor_risk
CAND_be4fd2c7a9,0,True,no_major_descriptor_risk
CAND_d613066d11,1,True,1_lipinski_violations
CAND_0dc958a07d,2,True,2_lipinski_violations
CAND_758c5de1e7,2,True,2_lipinski_violations
CAND_9d47f38fc8,1,True,1_lipinski_violations
CAND_2788809d35,2,True,2_lipinski_violations
CAND_2b81f50f3a,1,True,1_lipinski_violations
CAND_9f3f082a1c,1,True,1_lipinski_violations
CAND_ea4e49555b,1,True,1_lipinski_violations
CAND_c1390fc06f,1,True,1_lipinski_violations
CAND_9ba6233d44,1,True,1_lipinski_violations
CAND_ce25bdc5ec,1,True,1_lipinski_violations
CAND_79000c3aa7,1,True,1_lipinski_violations
CAND_9e6b3e7c83,1,True,1_lipinski_violations
CAND_da20dde470,1,True,1_lipinski_violations
CAND_f1ba1142a0,1,True,1_lipinski_violations
CAND_3ce6b198df,1,True,1_lipinski_violations
CAND_889b8a490d,1,True,1_lipinski_violations
CAND_8fa02979ec,2,True,2_lipinski_violations
CAND_b5efb23d91,1,True,1_lipinski_violations
CAND_3edc2f93bb,2,True,2_lipinski_violations
CAND_64259b3ba0,1,True,1_lipinski_violations
CAND_c4dc200bd4,1,True,1_lipinski_violations
CAND_d65c6f996f,2,True,2_lipinski_violations
CAND_4f8d1dfac5,2,True,2_lipinski_violations
CAND_e8240177b3,1,True,1_lipinski_violations
CAND_b812ab3899,1,False,1_lipinski_violations;veber_fail
CAND_4637479bb8,1,True,1_lipinski_violations
CAND_bf23fac6e6,1,False,1_lipinski_violations;veber_fail
CAND_018f83840a,1,False,1_lipinski_violations;veber_fail
CAND_370b4094b7,1,False,1_lipinski_violations;veber_fail
CAND_d9b51739e9,1,True,1_lipinski_violations
CAND_c476e8ddae,1,False,1_lipinski_violations;veber_fail
CAND_96e91e6bb9,1,True,1_lipinski_violations
CAND_7e60fd864e,1,False,1_lipinski_violations;veber_fail
CAND_d001d1b6d0,1,False,1_lipinski_violations;veber_fail
CAND_2981a7f1ee,1,True,1_lipinski_violations
CAND_94877fc619,1,True,1_lipinski_violations
CAND_a89ccf8fc3,1,False,1_lipinski_violations;veber_fail
CAND_aa7d3e82bb,1,True,1_lipinski_violations
CAND_882ab63bd8,1,True,1_lipinski_violations
CAND_8185893ec6,1,False,1_lipinski_violations;veber_fail
CAND_2f92168301,1,False,1_lipinski_violations;veber_fail
CAND_1eca914ac0,1,False,1_lipinski_violations;veber_fail
CAND_4992a7da7b,1,True,1_lipinski_violations
CAND_1e8bd7a6fa,1,True,1_lipinski_violations
CAND_eff4090a0c,1,True,1_lipinski_violations
CAND_0f19617b6c,1,True,1_lipinski_violations
CAND_1484a616c0,1,True,1_lipinski_violations
CAND_cdb3e38500,1,True,1_lipinski_violations
CAND_973d00d042,1,True,1_lipinski_violations
CAND_8093f8374f,2,True,2_lipinski_violations
CAND_b8856ab15b,1,True,1_lipinski_violations
CAND_309bd83803,1,True,1_lipinski_violations
CAND_27dc42f535,1,True,1_lipinski_violations
CAND_48b500e09a,1,True,1_lipinski_violations
CAND_42b05d8f10,1,True,1_lipinski_violations
CAND_c362917d8a,1,True,1_lipinski_violations
CAND_79c498b1fc,1,True,1_lipinski_violations
CAND_85ac3eef76,1,True,1_lipinski_violations
CAND_7dba7f9c34,1,True,1_lipinski_violations
CAND_fc709c1354,1,True,1_lipinski_violations
CAND_8d91a296f5,1,True,1_lipinski_violations
CAND_7b1694fdb3,1,True,1_lipinski_violations
CAND_de89c10d42,1,True,1_lipinski_violations
CAND_c7657db67f,1,True,1_lipinski_violations
CAND_b3253dd20b,1,True,1_lipinski_violations
CAND_5f38af5600,2,True,2_lipinski_violations
CAND_5410d6209c,2,True,2_lipinski_violations
CAND_f2f28bcaf5,1,True,1_lipinski_violations
CAND_657cc08b76,1,True,1_lipinski_violations
CAND_7b43ee6633,1,True,1_lipinski_violations
CAND_8e3d5a3277,1,True,1_lipinski_violations
CAND_4dd6aabe21,2,True,2_lipinski_violations
CAND_303f89c677,2,True,2_lipinski_violations
CAND_18c6cfa6d7,1,True,1_lipinski_violations
CAND_049efe075e,2,True,2_lipinski_violations
CAND_b75394404a,2,True,2_lipinski_violations
CAND_f78e044950,1,True,1_lipinski_violations
CAND_df796715f5,1,True,1_lipinski_violations
CAND_ef96a22802,2,True,2_lipinski_violations
CAND_91355fe33a,1,True,1_lipinski_violations
CAND_075bf129e9,2,True,2_lipinski_violations
CAND_2db195d0e6,1,True,1_lipinski_violations
CAND_1b0d4c20fc,1,True,1_lipinski_violations
CAND_7df95feae0,1,True,1_lipinski_violations
CAND_224f7b5d22,1,True,1_lipinski_violations
CAND_40d76ddbaf,1,True,1_lipinski_violations
CAND_ba8cc86e4c,1,True,1_lipinski_violations
CAND_6fe22255f1,2,True,2_lipinski_violations
CAND_3be4e8be38,2,True,2_lipinski_violations
CAND_4234b3b164,1,True,1_lipinski_violations
CAND_26f4e44f50,1,True,1_lipinski_violations
CAND_c58dddb37b,1,True,1_lipinski_violations
CAND_2426bd0ae1,2,True,2_lipinski_violations
CAND_52327ee50c,2,True,2_lipinski_violations
CAND_bc02b439cc,1,False,1_lipinski_violations;veber_fail
CAND_39fde421a2,1,True,1_lipinski_violations
CAND_f042bbb365,1,False,1_lipinski_violations;veber_fail
CAND_cddf2aeeb3,1,True,1_lipinski_violations
CAND_57ef9a2a2b,2,True,2_lipinski_violations
CAND_a8723d78da,1,True,1_lipinski_violations
CAND_c794b14d31,1,False,1_lipinski_violations;veber_fail
CAND_bf31ee6e8b,1,False,1_lipinski_violations;veber_fail
CAND_bcbb93a72b,1,False,1_lipinski_violations;veber_fail
CAND_f142afcbd1,1,True,1_lipinski_violations
CAND_d937e82791,1,False,1_lipinski_violations;veber_fail
CAND_388485224b,1,False,1_lipinski_violations;veber_fail
CAND_82106da352,1,True,1_lipinski_violations
CAND_b879f2ac74,1,True,1_lipinski_violations
CAND_7509f40fd6,1,True,1_lipinski_violations
CAND_10a41b94f7,1,True,1_lipinski_violations
CAND_30ddc660ca,2,True,2_lipinski_violations
CAND_3204a4e507,1,True,1_lipinski_violations
CAND_9deec8af6a,2,True,2_lipinski_violations
CAND_5ff67dbe2b,1,True,1_lipinski_violations
CAND_80f31605df,1,True,1_lipinski_violations
CAND_d1430b095b,1,True,1_lipinski_violations
CAND_6a75fbc89c,1,True,1_lipinski_violations
CAND_ec8410918d,1,True,1_lipinski_violations
CAND_8181085d46,0,True,no_major_descriptor_risk
CAND_d33a134ed3,0,True,no_major_descriptor_risk
CAND_6f7a9c9096,0,True,no_major_descriptor_risk
CAND_339abb81d5,1,True,1_lipinski_violations
CAND_13242b603e,0,True,no_major_descriptor_risk
CAND_c88a4664b3,0,True,no_major_descriptor_risk
CAND_62a0006957,0,True,no_major_descriptor_risk
CAND_c102cf2993,0,True,no_major_descriptor_risk
CAND_8740ced2ec,0,True,no_major_descriptor_risk
CAND_6c49f9c9b4,0,True,no_major_descriptor_risk
CAND_a9272ae140,1,True,1_lipinski_violations
CAND_890d55425e,0,True,no_major_descriptor_risk
CAND_6065fef33b,0,True,no_major_descriptor_risk
CAND_d502e55dce,0,True,no_major_descriptor_risk
CAND_1131c3ce69,0,True,no_major_descriptor_risk
CAND_d58be441ca,0,True,no_major_descriptor_risk
CAND_5adea769af,0,True,no_major_descriptor_risk
CAND_5348d035a2,0,True,no_major_descriptor_risk
CAND_3189118582,1,True,1_lipinski_violations
CAND_d54497aea3,0,True,no_major_descriptor_risk
CAND_8c05a94747,0,True,no_major_descriptor_risk
CAND_d3c5f508cc,0,True,no_major_descriptor_risk
CAND_cf3841581f,0,True,no_major_descriptor_risk
CAND_e6434489bc,1,True,1_lipinski_violations
CAND_d4f80cede1,1,True,1_lipinski_violations
CAND_ef17bb8057,1,True,1_lipinski_violations
CAND_31dfa9fb07,2,True,2_lipinski_violations
CAND_7286472efc,2,True,2_lipinski_violations
CAND_913b0dccd5,1,True,1_lipinski_violations
CAND_4880a1d5c7,0,True,no_major_descriptor_risk
CAND_0a3d64667f,0,True,no_major_descriptor_risk
CAND_25f3046720,0,True,no_major_descriptor_risk
CAND_d0e5d0ea25,0,True,no_major_descriptor_risk
CAND_bffaf10dd7,0,True,no_major_descriptor_risk
CAND_0390fa7174,0,True,no_major_descriptor_risk
CAND_88c4794d2b,0,True,no_major_descriptor_risk
CAND_4d193c9105,1,True,1_lipinski_violations
CAND_6ef5869b96,1,True,1_lipinski_violations
CAND_86d5b1a8c1,2,True,2_lipinski_violations
CAND_ae5db69acf,1,True,1_lipinski_violations
CAND_91521d034b,2,True,2_lipinski_violations
CAND_0225d2376b,1,True,1_lipinski_violations
CAND_cac534e82f,2,True,2_lipinski_violations
CAND_fba08095c6,1,True,1_lipinski_violations
CAND_73c14b9310,1,True,1_lipinski_violations
CAND_834c7cb97e,1,True,1_lipinski_violations
CAND_3466527e98,1,True,1_lipinski_violations
CAND_4b5e2168d1,1,True,1_lipinski_violations
CAND_0924c5c4d6,0,True,no_major_descriptor_risk
CAND_1504fd5f6a,0,True,no_major_descriptor_risk
CAND_b5802ae93a,0,True,no_major_descriptor_risk
CAND_05868c2f26,0,True,no_major_descriptor_risk
CAND_29abe5daee,0,True,no_major_descriptor_risk
CAND_2ea5430af8,0,True,no_major_descriptor_risk
CAND_9aa96e7552,0,True,no_major_descriptor_risk
CAND_bfc7b3ddae,0,True,no_major_descriptor_risk
CAND_82b86610d4,0,True,no_major_descriptor_risk
CAND_6982b83a84,0,True,no_major_descriptor_risk
CAND_882dcb1d31,0,True,no_major_descriptor_risk
CAND_0e5765aa69,0,True,no_major_descriptor_risk
CAND_678806e7ca,1,True,1_lipinski_violations
CAND_8efe3894fb,2,True,2_lipinski_violations
CAND_fb685e1949,2,True,2_lipinski_violations
CAND_8465071b6a,1,True,1_lipinski_violations
CAND_3444c0eade,2,True,2_lipinski_violations
CAND_e46c103c26,2,True,2_lipinski_violations
CAND_c5e30054f4,2,True,2_lipinski_violations
CAND_38c3eac701,2,True,2_lipinski_violations
CAND_5ae96464aa,1,True,1_lipinski_violations
CAND_27e6b13180,2,True,2_lipinski_violations
CAND_04c6b8595d,1,True,1_lipinski_violations
CAND_311ea97fca,2,True,2_lipinski_violations
CAND_49282f5c80,0,True,no_major_descriptor_risk
CAND_cffde2759b,0,True,no_major_descriptor_risk
CAND_a149b1cabb,0,True,no_major_descriptor_risk
CAND_79de806600,0,True,no_major_descriptor_risk
CAND_0b2ccd2e00,0,True,no_major_descriptor_risk
CAND_57fbe2fa2c,1,True,1_lipinski_violations
CAND_39c81341b4,0,True,no_major_descriptor_risk
CAND_73a9c55b3b,0,True,no_major_descriptor_risk
CAND_db3b49cf6f,2,True,2_lipinski_violations
CAND_ee4ad05a00,1,True,1_lipinski_violations
CAND_cdfbe3619d,0,True,no_major_descriptor_risk
CAND_5c966e40f6,1,True,1_lipinski_violations
CAND_6416717b2e,1,True,1_lipinski_violations
CAND_3160a435a4,2,True,2_lipinski_violations
CAND_2c6e6a21d8,2,True,2_lipinski_violations
CAND_721d186c74,1,True,1_lipinski_violations
CAND_5cb0189171,1,True,1_lipinski_violations
CAND_c464f05b6b,1,True,1_lipinski_violations
CAND_8d088d1311,1,True,1_lipinski_violations
CAND_5b2d998637,1,True,1_lipinski_violations
CAND_06ceeacfef,1,True,1_lipinski_violations
CAND_1976536770,1,True,1_lipinski_violations
CAND_d5fb68779f,1,True,1_lipinski_violations
CAND_c48b778d22,1,True,1_lipinski_violations
CAND_1b0430816b,0,True,no_major_descriptor_risk
CAND_57118fd3af,0,True,no_major_descriptor_risk
CAND_34c64f09be,0,True,no_major_descriptor_risk
CAND_9884448098,0,True,no_major_descriptor_risk
CAND_e5cba072ee,0,True,no_major_descriptor_risk
CAND_98a2ec596b,0,True,no_major_descriptor_risk
CAND_0644c5205e,0,True,no_major_descriptor_risk
CAND_8ad0dce611,0,True,no_major_descriptor_risk
CAND_49a2c11445,0,True,no_major_descriptor_risk
CAND_39a45170c0,0,True,no_major_descriptor_risk
CAND_ecbebacf17,0,True,no_major_descriptor_risk
CAND_a3a9fadba1,0,True,no_major_descriptor_risk
CAND_809b15d776,0,True,no_major_descriptor_risk
CAND_77ecbad5d8,0,True,no_major_descriptor_risk
CAND_c604d99092,0,True,no_major_descriptor_risk
CAND_a0f2e8d26d,0,True,no_major_descriptor_risk
CAND_5d7761601e,2,True,2_lipinski_violations
CAND_42bd50ef69,1,True,1_lipinski_violations
CAND_647c65b55a,2,True,2_lipinski_violations
CAND_680b507ec7,1,True,1_lipinski_violations
CAND_d6adb34370,1,True,1_lipinski_violations
CAND_c87afc5fec,0,True,no_major_descriptor_risk
CAND_4238751459,0,True,no_major_descriptor_risk
CAND_47f3b4144e,0,True,no_major_descriptor_risk
CAND_36e4f062af,2,True,2_lipinski_violations
CAND_3ce43bc921,1,True,1_lipinski_violations
CAND_aafcd1a083,2,True,2_lipinski_violations
CAND_717c556c5d,1,True,1_lipinski_violations
CAND_a4a295f194,1,True,1_lipinski_violations
CAND_e0bf42ee43,1,True,1_lipinski_violations
CAND_992a7e929a,1,True,1_lipinski_violations
CAND_625d4003c2,1,True,1_lipinski_violations
CAND_569bae8538,1,True,1_lipinski_violations
CAND_56ac59ae7b,1,True,1_lipinski_violations
CAND_061ce41cb1,1,True,1_lipinski_violations
CAND_727aacf57f,1,True,1_lipinski_violations
CAND_d6c6f9a211,1,True,1_lipinski_violations
CAND_161ab65b62,1,True,1_lipinski_violations
CAND_1a8628aa3b,1,True,1_lipinski_violations
CAND_685ab69316,1,True,1_lipinski_violations
CAND_a1a2d4bdd1,1,True,1_lipinski_violations
CAND_e430a9ffbf,1,True,1_lipinski_violations
CAND_153b0ecda2,2,True,2_lipinski_violations
CAND_2390db879d,2,True,2_lipinski_violations
CAND_b5e0ded4b6,1,True,1_lipinski_violations
CAND_418e6c96b3,1,True,1_lipinski_violations
CAND_97c16fd482,1,True,1_lipinski_violations
CAND_2d87250608,1,True,1_lipinski_violations
CAND_a2b6069fdb,1,False,1_lipinski_violations;veber_fail
CAND_4bd597675b,2,False,2_lipinski_violations;veber_fail
CAND_4978889879,1,False,1_lipinski_violations;veber_fail
CAND_d1835078e2,2,False,2_lipinski_violations;veber_fail
CAND_8c95d94464,1,False,1_lipinski_violations;veber_fail
CAND_e5c9d80dd7,1,False,1_lipinski_violations;veber_fail
CAND_4c3cf2122f,1,False,1_lipinski_violations;veber_fail
CAND_9a2c6ddfb4,1,False,1_lipinski_violations;veber_fail
CAND_74d5780898,1,False,1_lipinski_violations;veber_fail
CAND_05f0bed25d,1,False,1_lipinski_violations;veber_fail
CAND_fd229579d7,1,False,1_lipinski_violations;veber_fail
CAND_d82c7f645e,1,False,1_lipinski_violations;veber_fail
CAND_65049b945a,2,True,2_lipinski_violations
CAND_f276361911,1,True,1_lipinski_violations
CAND_9056d3f596,1,True,1_lipinski_violations
CAND_cbfac79454,1,True,1_lipinski_violations
CAND_57c1cd5012,1,False,1_lipinski_violations;veber_fail
CAND_55ad8db2d9,1,True,1_lipinski_violations
CAND_18cab0fdfe,1,True,1_lipinski_violations
CAND_f49f3a75da,1,True,1_lipinski_violations
CAND_4925c1528c,1,True,1_lipinski_violations
CAND_5b3f644929,1,True,1_lipinski_violations
CAND_3ec7d589ae,1,False,1_lipinski_violations;veber_fail
CAND_f2c960efb5,1,True,1_lipinski_violations
CAND_b374c4100e,2,True,2_lipinski_violations
CAND_2f0e4af76d,1,True,1_lipinski_violations
CAND_33d8f7add1,2,True,2_lipinski_violations
CAND_2ece284ab4,2,True,2_lipinski_violations
CAND_c0b6bf5f52,2,True,2_lipinski_violations
CAND_ce447c1c0d,1,True,1_lipinski_violations
CAND_c4f1674447,1,True,1_lipinski_violations
CAND_01a674513e,2,True,2_lipinski_violations
CAND_428ad3d25e,0,True,no_major_descriptor_risk
CAND_719a7cf570,0,True,no_major_descriptor_risk
CAND_f6eb6933e0,0,True,no_major_descriptor_risk
CAND_abddae22cc,1,True,1_lipinski_violations
CAND_eba3bd3ffa,0,True,no_major_descriptor_risk
CAND_c287d43b56,0,True,no_major_descriptor_risk
CAND_087a8acd7e,0,True,no_major_descriptor_risk
CAND_07dd8690ff,0,True,no_major_descriptor_risk
CAND_d479e5e187,0,True,no_major_descriptor_risk
CAND_c1d4f1b330,0,True,no_major_descriptor_risk
CAND_54991f7259,0,True,no_major_descriptor_risk
CAND_bb9e34a51e,0,True,no_major_descriptor_risk
CAND_e6b836f5b1,0,True,no_major_descriptor_risk
CAND_b9a636f5a1,0,True,no_major_descriptor_risk
CAND_c0c505491b,0,True,no_major_descriptor_risk
CAND_6a9a7c1222,0,True,no_major_descriptor_risk
CAND_5641d733d4,2,True,2_lipinski_violations
CAND_8fbcc0cc9b,2,True,2_lipinski_violations
CAND_7aa31a7974,2,True,2_lipinski_violations
CAND_52d3047dba,1,False,1_lipinski_violations;veber_fail
CAND_27aec14c52,2,True,2_lipinski_violations
CAND_6496af0c8e,2,True,2_lipinski_violations
CAND_d56fd46cda,2,True,2_lipinski_violations
CAND_4d920a8a3d,2,True,2_lipinski_violations
CAND_87ffb502cb,1,False,1_lipinski_violations;veber_fail
CAND_f6bd21c1d1,2,True,2_lipinski_violations
CAND_2f4d2f3f87,1,False,1_lipinski_violations;veber_fail
CAND_14ee3bf43c,2,True,2_lipinski_violations
CAND_30a2df8033,2,True,2_lipinski_violations
CAND_21d5caa379,2,True,2_lipinski_violations
CAND_d3f51877f4,1,True,1_lipinski_violations
CAND_26d403fdba,2,True,2_lipinski_violations
CAND_1a27c4b670,2,True,2_lipinski_violations
CAND_63288884d3,1,True,1_lipinski_violations
CAND_25802ac24f,2,True,2_lipinski_violations
CAND_cdb9fed12b,2,True,2_lipinski_violations
CAND_9b76bf5312,1,True,1_lipinski_violations
CAND_0f20261c04,1,True,1_lipinski_violations
CAND_b2820de149,2,True,2_lipinski_violations
CAND_78d1b08134,2,True,2_lipinski_violations
CAND_d9b79441d5,1,True,1_lipinski_violations
CAND_1ce3301cda,0,True,no_major_descriptor_risk
CAND_f7022894b2,1,True,1_lipinski_violations
CAND_33efcc8152,0,True,no_major_descriptor_risk
CAND_29fcaf7708,0,True,no_major_descriptor_risk
CAND_91a7bff50f,0,True,no_major_descriptor_risk
CAND_1ea039a161,0,True,no_major_descriptor_risk
CAND_bd9a90403a,1,True,1_lipinski_violations
CAND_1b1f560339,0,True,no_major_descriptor_risk
CAND_e1d3c38b70,1,True,1_lipinski_violations
CAND_e7925385b2,0,True,no_major_descriptor_risk
CAND_5a6462dd46,0,True,no_major_descriptor_risk
CAND_a0af8e4611,2,True,2_lipinski_violations
CAND_bfaae63e94,2,True,2_lipinski_violations
CAND_034dcad296,1,True,1_lipinski_violations
CAND_205e3f8acd,1,False,1_lipinski_violations;veber_fail
CAND_6da115687c,1,True,1_lipinski_violations
CAND_8c374e684e,2,True,2_lipinski_violations
CAND_90bef4ec7f,1,False,1_lipinski_violations;veber_fail
CAND_c06517dc75,2,True,2_lipinski_violations
CAND_17b30f7db0,1,True,1_lipinski_violations
CAND_7a80b1d1cd,2,True,2_lipinski_violations
CAND_26cdebf1ef,1,True,1_lipinski_violations
CAND_a9cf8de7b5,1,True,1_lipinski_violations
CAND_54ebec89c0,0,True,no_major_descriptor_risk
CAND_ecb601b7d5,1,True,1_lipinski_violations
CAND_f881ad36f5,0,True,no_major_descriptor_risk
CAND_d2ac3ff2b2,0,True,no_major_descriptor_risk
CAND_1279586a3e,1,True,1_lipinski_violations
CAND_e39c14d15e,0,True,no_major_descriptor_risk
CAND_99a67c7490,0,True,no_major_descriptor_risk
CAND_102ef7c31f,1,True,1_lipinski_violations
CAND_623003330a,1,True,1_lipinski_violations
CAND_483ce8e564,0,True,no_major_descriptor_risk
CAND_f573c53cff,2,True,2_lipinski_violations
CAND_bc8ca0e03a,1,True,1_lipinski_violations
CAND_63d4c4b628,0,True,no_major_descriptor_risk
CAND_c313183749,1,True,1_lipinski_violations
CAND_d5495f0f37,2,True,2_lipinski_violations
CAND_20095d64e5,0,True,no_major_descriptor_risk
CAND_f4264ded48,0,True,no_major_descriptor_risk
CAND_ab31384422,0,True,no_major_descriptor_risk
CAND_259b9b9d21,0,True,no_major_descriptor_risk
CAND_f27df353d1,0,True,no_major_descriptor_risk
CAND_8b7edfd749,0,True,no_major_descriptor_risk
CAND_519b319f16,1,True,1_lipinski_violations
CAND_a52a9a2cb3,0,True,no_major_descriptor_risk
CAND_8625455a7e,0,True,no_major_descriptor_risk
CAND_ddeee30ff5,1,True,1_lipinski_violations
CAND_7a8c5e52f6,2,True,2_lipinski_violations
CAND_bc2581839e,2,True,2_lipinski_violations
CAND_de2bf37abd,1,True,1_lipinski_violations
CAND_ae4b5d504a,1,True,1_lipinski_violations
CAND_f5d51c3533,1,True,1_lipinski_violations
CAND_bf060e2988,1,True,1_lipinski_violations
CAND_a2552ced33,1,True,1_lipinski_violations
CAND_1646744a1f,1,True,1_lipinski_violations
CAND_140b551739,2,True,2_lipinski_violations
CAND_9a18d2fb78,2,True,2_lipinski_violations
CAND_d6c4915cdd,2,True,2_lipinski_violations
CAND_14ec9d4c01,0,True,no_major_descriptor_risk
CAND_42342fc523,0,True,no_major_descriptor_risk
CAND_8c8e297dd1,0,True,no_major_descriptor_risk
CAND_f3172bcf1b,0,True,no_major_descriptor_risk
CAND_fb054bda8f,1,True,1_lipinski_violations
CAND_2684bbfc40,1,True,1_lipinski_violations
CAND_16661ff2d5,0,True,no_major_descriptor_risk
CAND_959e4f4a5a,0,True,no_major_descriptor_risk
CAND_249e46d4d5,0,True,no_major_descriptor_risk
CAND_f4544d8b11,2,True,2_lipinski_violations
CAND_cdf57f138b,1,True,1_lipinski_violations
CAND_514acaeb15,2,True,2_lipinski_violations
CAND_f7681e4cba,1,True,1_lipinski_violations
CAND_0f95d6264c,1,True,1_lipinski_violations
CAND_eb20038936,1,True,1_lipinski_violations
CAND_8d03acba38,1,True,1_lipinski_violations
CAND_1b5cde2852,1,False,1_lipinski_violations;veber_fail
CAND_709ac64a15,1,False,1_lipinski_violations;veber_fail
CAND_4abea8ef00,2,True,2_lipinski_violations
CAND_88b96445d6,1,True,1_lipinski_violations
CAND_c3539cdd11,1,True,1_lipinski_violations
CAND_b14bc41b0a,1,True,1_lipinski_violations
CAND_8417c1f4d5,1,True,1_lipinski_violations
CAND_337a24215d,1,True,1_lipinski_violations
CAND_f172028e97,1,False,1_lipinski_violations;veber_fail
CAND_a3f170ca1d,1,True,1_lipinski_violations
CAND_827a56143b,1,False,1_lipinski_violations;veber_fail
CAND_ac74ec575f,1,True,1_lipinski_violations
CAND_c6b8e8846c,1,False,1_lipinski_violations;veber_fail
CAND_64fcd472d1,1,False,1_lipinski_violations;veber_fail
CAND_695b38a19b,1,False,1_lipinski_violations;veber_fail
CAND_a76d546263,1,True,1_lipinski_violations
CAND_ebae8bf3c9,1,False,1_lipinski_violations;veber_fail
CAND_f5947b6250,1,True,1_lipinski_violations
CAND_a50e6c7239,2,True,2_lipinski_violations
CAND_41b1e1e5cd,1,False,1_lipinski_violations;veber_fail
CAND_da075b45b7,1,True,1_lipinski_violations
CAND_9daa249a72,1,True,1_lipinski_violations
CAND_868899246e,1,True,1_lipinski_violations
CAND_20e70d0669,2,True,2_lipinski_violations
CAND_8c6031ee9c,1,True,1_lipinski_violations
CAND_68b7567070,0,True,no_major_descriptor_risk
CAND_ca1d20404d,1,True,1_lipinski_violations
CAND_a9c2977fb9,0,True,no_major_descriptor_risk
CAND_44ac127e89,0,True,no_major_descriptor_risk
CAND_90d10fcb9a,0,True,no_major_descriptor_risk
CAND_d4d6377095,0,True,no_major_descriptor_risk
CAND_92272a7af6,0,True,no_major_descriptor_risk
CAND_3a501c15f6,1,True,1_lipinski_violations
CAND_bd2e7b97de,1,True,1_lipinski_violations
CAND_070f6fb79e,1,True,1_lipinski_violations
CAND_2389e4776c,1,True,1_lipinski_violations
CAND_16b7abbe7f,1,True,1_lipinski_violations
CAND_e8c4e829d3,1,True,1_lipinski_violations
CAND_6ba30ad5c6,1,True,1_lipinski_violations
CAND_b87ba62543,1,True,1_lipinski_violations
CAND_9dfa4305a5,1,True,1_lipinski_violations
CAND_29708b8aa4,1,True,1_lipinski_violations
CAND_fd94150ada,1,True,1_lipinski_violations
CAND_4d245d48ed,1,True,1_lipinski_violations
CAND_d6d35c8fc5,0,True,no_major_descriptor_risk
CAND_b4d7758cc8,1,True,1_lipinski_violations
CAND_40be84832b,0,True,no_major_descriptor_risk
CAND_ce5c0f949b,1,True,1_lipinski_violations
CAND_dd20b4b982,2,True,2_lipinski_violations
CAND_eb4caed41a,1,True,1_lipinski_violations
CAND_d6e73f4ceb,1,True,1_lipinski_violations
CAND_46d598016f,2,True,2_lipinski_violations
CAND_01754ec7b0,2,True,2_lipinski_violations
CAND_a5410f0b2f,2,True,2_lipinski_violations
CAND_5a7fb54cd1,1,True,1_lipinski_violations
CAND_9b0fcdd15f,1,True,1_lipinski_violations
CAND_402a3cf6a2,1,True,1_lipinski_violations
CAND_22a68ff9c2,1,True,1_lipinski_violations
CAND_78349aec23,1,True,1_lipinski_violations
CAND_10c2990bf5,1,True,1_lipinski_violations
CAND_0a1b7aa5f0,2,True,2_lipinski_violations
CAND_f6aa893b5e,1,True,1_lipinski_violations
CAND_74203a566a,0,True,no_major_descriptor_risk
CAND_d86cb51b49,0,True,no_major_descriptor_risk
CAND_70d9d9babb,0,True,no_major_descriptor_risk
CAND_d46bd647be,0,True,no_major_descriptor_risk
CAND_883a15de70,1,True,1_lipinski_violations
CAND_613a057921,1,True,1_lipinski_violations
CAND_9e2bc7965c,1,True,1_lipinski_violations
CAND_7410e0a7c4,1,True,1_lipinski_violations
CAND_b929583ecc,1,True,1_lipinski_violations
CAND_a8055d8e39,1,True,1_lipinski_violations
CAND_1a532e7d57,1,True,1_lipinski_violations
CAND_dca17233ab,1,True,1_lipinski_violations
CAND_e5fb6c370d,1,True,1_lipinski_violations
CAND_e507b76567,1,True,1_lipinski_violations
CAND_c98bfd33be,1,True,1_lipinski_violations
CAND_8741dcc5f1,1,True,1_lipinski_violations
CAND_c0334fe19c,1,True,1_lipinski_violations
CAND_2f9b088b00,1,True,1_lipinski_violations
CAND_7edea87b4e,2,True,2_lipinski_violations
CAND_a4b7130719,1,True,1_lipinski_violations
CAND_371936f393,2,True,2_lipinski_violations
CAND_c5df6abe75,1,False,1_lipinski_violations;veber_fail
CAND_826897738f,1,True,1_lipinski_violations
CAND_9a900f8d57,2,True,2_lipinski_violations
CAND_5c06bf7aa4,2,True,2_lipinski_violations
CAND_c545ef9d8f,2,True,2_lipinski_violations
CAND_e307821037,1,False,1_lipinski_violations;veber_fail
CAND_55ab98ab59,1,True,1_lipinski_violations
CAND_bdbfe42def,2,True,2_lipinski_violations
CAND_e4176f5132,1,True,1_lipinski_violations
CAND_0e9d2f4ded,0,True,no_major_descriptor_risk
CAND_102c735f22,0,True,no_major_descriptor_risk
CAND_f91ba8de37,0,True,no_major_descriptor_risk
CAND_cc1d154b1c,0,True,no_major_descriptor_risk
CAND_3e1b9d4daf,2,True,2_lipinski_violations
CAND_d5e33cb4a7,1,True,1_lipinski_violations
CAND_9e6b9ad4bb,1,True,1_lipinski_violations
CAND_3c04213e92,1,False,1_lipinski_violations;veber_fail
CAND_80c0098f4d,1,True,1_lipinski_violations
CAND_f94c9ec78f,1,True,1_lipinski_violations
CAND_1812b8267f,1,True,1_lipinski_violations
CAND_a980d40c73,1,True,1_lipinski_violations
CAND_2106a39396,0,True,no_major_descriptor_risk
CAND_754addf191,0,True,no_major_descriptor_risk
CAND_35b675d63e,0,True,no_major_descriptor_risk
CAND_cfeecb1ad8,0,True,no_major_descriptor_risk
CAND_5c3814f30c,1,True,1_lipinski_violations
CAND_855efcf772,1,True,1_lipinski_violations
CAND_704664a9aa,1,True,1_lipinski_violations
CAND_40b9e746f9,1,True,1_lipinski_violations
CAND_18e3f57129,2,True,2_lipinski_violations
CAND_c482c2ecae,1,True,1_lipinski_violations
CAND_53f02920bf,1,True,1_lipinski_violations
CAND_01ae1be47d,2,True,2_lipinski_violations
CAND_95aaa694cd,0,True,no_major_descriptor_risk
CAND_5aa3611fa3,0,True,no_major_descriptor_risk
CAND_b604ce184b,0,True,no_major_descriptor_risk
CAND_f4bc4bab7b,0,True,no_major_descriptor_risk
CAND_7de104267d,0,True,no_major_descriptor_risk
CAND_a45c8484d6,0,True,no_major_descriptor_risk
CAND_5c2ce6d47e,0,True,no_major_descriptor_risk
CAND_7c6dc7323d,0,True,no_major_descriptor_risk
CAND_ea4cbf2cc7,0,True,no_major_descriptor_risk
CAND_7188ef2f4b,0,True,no_major_descriptor_risk
CAND_3531f537f8,0,True,no_major_descriptor_risk
CAND_26d36c8881,0,True,no_major_descriptor_risk
CAND_ca0c3cf442,0,True,no_major_descriptor_risk
CAND_60b9c9ef3b,0,True,no_major_descriptor_risk
CAND_635eebf103,0,True,no_major_descriptor_risk
CAND_7f617fbb0e,1,True,1_lipinski_violations
CAND_dce09bc4e1,1,True,1_lipinski_violations
CAND_f737b29110,0,True,no_major_descriptor_risk
CAND_7a964ca982,0,True,no_major_descriptor_risk
CAND_832c2470ad,2,True,2_lipinski_violations
CAND_ec267a9865,0,True,no_major_descriptor_risk
CAND_511ec4305f,1,True,1_lipinski_violations
CAND_3a76c452af,0,True,no_major_descriptor_risk
CAND_406148d0c9,0,True,no_major_descriptor_risk
CAND_3d0132ff61,0,True,no_major_descriptor_risk
CAND_8c7da64702,1,True,1_lipinski_violations
CAND_e4f0e855de,0,True,no_major_descriptor_risk
CAND_febd6c00c1,0,True,no_major_descriptor_risk
CAND_4256a31537,0,True,no_major_descriptor_risk
CAND_d6cb6e2c99,0,True,no_major_descriptor_risk
CAND_469e89d15a,1,True,1_lipinski_violations
CAND_63fa24a837,0,True,no_major_descriptor_risk
CAND_ed43eb2da8,0,True,no_major_descriptor_risk
CAND_dffa6cb214,1,True,1_lipinski_violations
CAND_660cd5268a,0,True,no_major_descriptor_risk
CAND_b002fabe02,1,True,1_lipinski_violations
CAND_aa1b322ef0,1,True,1_lipinski_violations
CAND_bdb751fb45,1,True,1_lipinski_violations
CAND_fc14ef446e,0,True,no_major_descriptor_risk
CAND_a468c742a2,0,True,no_major_descriptor_risk
CAND_4920fbe179,0,True,no_major_descriptor_risk
CAND_ed7036b790,1,True,1_lipinski_violations
CAND_d4f94d07b0,0,True,no_major_descriptor_risk
CAND_5266375ed3,0,True,no_major_descriptor_risk
CAND_172efd6a70,0,True,no_major_descriptor_risk
CAND_a79e9e2a56,0,True,no_major_descriptor_risk
CAND_006c847feb,1,True,1_lipinski_violations
CAND_424ec6a250,0,True,no_major_descriptor_risk
CAND_f1d077c854,2,True,2_lipinski_violations
CAND_c90753bdb6,0,True,no_major_descriptor_risk
CAND_03a020ff80,0,True,no_major_descriptor_risk
CAND_3569d37402,0,True,no_major_descriptor_risk
CAND_791b985580,1,True,1_lipinski_violations
CAND_2151299b6c,0,True,no_major_descriptor_risk
CAND_5bd4e35430,0,True,no_major_descriptor_risk
CAND_a5d390513e,0,True,no_major_descriptor_risk
CAND_c2ad53a748,0,True,no_major_descriptor_risk
CAND_09af236df6,0,True,no_major_descriptor_risk
CAND_7a8fe45759,0,True,no_major_descriptor_risk
CAND_8600d4c539,0,True,no_major_descriptor_risk
CAND_7571ac18f5,2,True,2_lipinski_violations
CAND_6e7e59f672,1,True,1_lipinski_violations
CAND_b077635d92,1,True,1_lipinski_violations
CAND_89adaf161d,1,True,1_lipinski_violations
CAND_585c34aa23,2,True,2_lipinski_violations
CAND_b7a060bad2,1,True,1_lipinski_violations
CAND_a404a81c61,1,True,1_lipinski_violations
CAND_9f69eff37d,2,True,2_lipinski_violations
CAND_e87c501924,2,True,2_lipinski_violations
CAND_fbfa9a8d4b,2,True,2_lipinski_violations
CAND_fb87cdeaab,2,True,2_lipinski_violations
CAND_b43bc92721,1,True,1_lipinski_violations
CAND_b6f63df9a0,0,True,no_major_descriptor_risk
CAND_d5ed501af0,0,True,no_major_descriptor_risk
CAND_63b9e72669,0,True,no_major_descriptor_risk
CAND_e76217b6a5,0,True,no_major_descriptor_risk
CAND_4b6d6cebd9,2,True,2_lipinski_violations
CAND_e50e8944e4,2,True,2_lipinski_violations
CAND_6051eb9031,1,True,1_lipinski_violations
CAND_cd98f39793,1,True,1_lipinski_violations
CAND_155e2bc700,1,True,1_lipinski_violations
CAND_5f86e8705c,1,True,1_lipinski_violations
CAND_b187a3f0f3,0,True,no_major_descriptor_risk
CAND_9385f61926,0,True,no_major_descriptor_risk
CAND_ba859c16d1,0,True,no_major_descriptor_risk
CAND_05f2697e06,0,True,no_major_descriptor_risk
CAND_7b052cd79f,0,True,no_major_descriptor_risk
CAND_b8eb1459cb,0,True,no_major_descriptor_risk
CAND_31ba82524e,0,True,no_major_descriptor_risk
CAND_6f41f5284e,0,True,no_major_descriptor_risk
CAND_14ce9c3cc7,0,True,no_major_descriptor_risk
CAND_a92dcf7175,0,True,no_major_descriptor_risk
CAND_b0cfa6352b,0,True,no_major_descriptor_risk
CAND_57ce9af3de,1,True,1_lipinski_violations
CAND_71e5bba604,0,True,no_major_descriptor_risk
CAND_777a175998,0,True,no_major_descriptor_risk
CAND_86babd72a0,0,True,no_major_descriptor_risk
CAND_aeb5d2717d,0,True,no_major_descriptor_risk
CAND_4ecc1a25f4,0,True,no_major_descriptor_risk
CAND_948fe55167,0,True,no_major_descriptor_risk
CAND_34c9276f52,1,True,1_lipinski_violations
CAND_9b1309c7d4,1,True,1_lipinski_violations
CAND_d86ea110d1,0,True,no_major_descriptor_risk
CAND_1b3fdc3523,2,True,2_lipinski_violations
CAND_9af309c249,1,True,1_lipinski_violations
CAND_002d83220c,0,True,no_major_descriptor_risk
CAND_71b69a0ead,0,True,no_major_descriptor_risk
CAND_8d9dac226c,0,True,no_major_descriptor_risk
CAND_6b7cfbd665,0,True,no_major_descriptor_risk
CAND_9175049a44,0,True,no_major_descriptor_risk
CAND_b99714a843,0,True,no_major_descriptor_risk
CAND_d81d2ab738,0,True,no_major_descriptor_risk
CAND_8a46c3a7fb,0,True,no_major_descriptor_risk
CAND_7663dcf937,0,True,no_major_descriptor_risk
CAND_8d5a278190,0,True,no_major_descriptor_risk
CAND_a8d00072a6,0,True,no_major_descriptor_risk
CAND_413c81d519,0,True,no_major_descriptor_risk
CAND_db02ab413a,0,True,no_major_descriptor_risk
CAND_1405ea2b62,0,True,no_major_descriptor_risk
CAND_ae8e1f8629,0,True,no_major_descriptor_risk
CAND_3c398db57e,0,True,no_major_descriptor_risk
CAND_0ce7e6fd68,0,False,veber_fail
CAND_f0b3442cca,0,True,no_major_descriptor_risk
CAND_da4f56e932,0,True,no_major_descriptor_risk
CAND_28a5563962,0,False,veber_fail
CAND_289810dfdf,0,True,no_major_descriptor_risk
CAND_fdddc2aabb,0,False,veber_fail
CAND_7c9da2e4d3,0,True,no_major_descriptor_risk
CAND_b20ed6097f,0,True,no_major_descriptor_risk
CAND_540496a8e3,0,False,veber_fail
CAND_4ba01b0390,0,True,no_major_descriptor_risk
CAND_4485920543,1,True,1_lipinski_violations
CAND_5b0890cfd4,0,True,no_major_descriptor_risk
CAND_bbec8a9aa8,1,True,1_lipinski_violations
CAND_52b3d82169,1,True,1_lipinski_violations
CAND_b9b4b23944,0,True,no_major_descriptor_risk
CAND_e9b05783bf,1,True,1_lipinski_violations
CAND_6cf3d79f08,0,True,no_major_descriptor_risk
CAND_90ed4a7a9f,0,True,no_major_descriptor_risk
CAND_462d045b01,1,True,1_lipinski_violations
CAND_63ccc67bb2,1,True,1_lipinski_violations
CAND_43327fee08,1,True,1_lipinski_violations
CAND_4d9a95c123,0,True,no_major_descriptor_risk
CAND_2fd20f3df8,1,True,1_lipinski_violations
CAND_6766d489a0,1,True,1_lipinski_violations
CAND_36312e580d,1,True,1_lipinski_violations
CAND_0a1ad32930,2,True,2_lipinski_violations
CAND_09d97aa4cd,2,True,2_lipinski_violations
CAND_0230af7e36,2,True,2_lipinski_violations
CAND_33361161ec,1,True,1_lipinski_violations
CAND_2d1f0b56a4,2,True,2_lipinski_violations
CAND_1a3f62ce0f,1,True,1_lipinski_violations
CAND_c0b9a5753b,2,True,2_lipinski_violations
CAND_d918c6b219,2,True,2_lipinski_violations
CAND_689b77b5c8,0,True,no_major_descriptor_risk
CAND_d80d2fbd1f,0,True,no_major_descriptor_risk
CAND_945bfd7ab9,0,True,no_major_descriptor_risk
CAND_31204aca94,0,True,no_major_descriptor_risk
CAND_b97c8ee6ee,0,True,no_major_descriptor_risk
CAND_2fab8e63f6,0,True,no_major_descriptor_risk
CAND_a15cf7870c,0,True,no_major_descriptor_risk
CAND_ff196429ae,0,True,no_major_descriptor_risk
CAND_92e2666291,0,True,no_major_descriptor_risk
CAND_2ca228c488,0,True,no_major_descriptor_risk
CAND_03f3586071,0,True,no_major_descriptor_risk
CAND_4a893575c5,0,True,no_major_descriptor_risk
CAND_5e3045c8cf,1,True,1_lipinski_violations
CAND_e6b4de900a,2,True,2_lipinski_violations
CAND_3a70d7c630,0,True,no_major_descriptor_risk
CAND_c2fe1baf2d,0,True,no_major_descriptor_risk
CAND_23f36b712c,0,True,no_major_descriptor_risk
CAND_81c92d9518,0,True,no_major_descriptor_risk
CAND_563cffad15,0,True,no_major_descriptor_risk
CAND_d19468646d,0,True,no_major_descriptor_risk
CAND_f512581e14,0,True,no_major_descriptor_risk
CAND_563ca183a6,0,True,no_major_descriptor_risk
CAND_c81b603043,0,True,no_major_descriptor_risk
CAND_b8674874b9,0,True,no_major_descriptor_risk
CAND_ddac4c142f,1,True,1_lipinski_violations
CAND_cbd8a614fc,0,True,no_major_descriptor_risk
CAND_3f3a1ef34a,2,True,2_lipinski_violations
CAND_6fa7304f9e,1,True,1_lipinski_violations
CAND_18d3271be2,1,True,1_lipinski_violations
CAND_fb55eb5865,0,True,no_major_descriptor_risk
CAND_729c4fc511,0,True,no_major_descriptor_risk
CAND_cd8e934a81,0,True,no_major_descriptor_risk
CAND_4f01dabc35,0,True,no_major_descriptor_risk
CAND_53e3a175bf,1,True,1_lipinski_violations
CAND_70ccbde967,0,True,no_major_descriptor_risk
CAND_f645cd47b8,1,True,1_lipinski_violations
CAND_3a916fa3bd,2,True,2_lipinski_violations
CAND_f3ddf988b3,1,True,1_lipinski_violations
CAND_276a2fc415,1,True,1_lipinski_violations
CAND_05e73a4139,1,True,1_lipinski_violations
CAND_579209b7b2,1,True,1_lipinski_violations
CAND_c53e8a721a,1,True,1_lipinski_violations
CAND_9da67dbe6c,1,True,1_lipinski_violations
CAND_f4767bb892,1,True,1_lipinski_violations
CAND_6ef4783cb0,1,True,1_lipinski_violations
CAND_2a155b520d,1,True,1_lipinski_violations
CAND_aa854e2bdb,1,True,1_lipinski_violations
CAND_eed944869c,1,True,1_lipinski_violations
CAND_0e31f05ead,1,True,1_lipinski_violations
CAND_363de88ffe,1,True,1_lipinski_violations
CAND_5786a36a58,2,True,2_lipinski_violations
CAND_192853e2f5,1,True,1_lipinski_violations
CAND_67e7d746f0,1,True,1_lipinski_violations
CAND_4cf7e8b2dd,0,True,no_major_descriptor_risk
CAND_7813e8d75a,0,True,no_major_descriptor_risk
CAND_52623ee9e8,0,True,no_major_descriptor_risk
CAND_d5419bdcf6,0,True,no_major_descriptor_risk
CAND_c0493edeeb,1,True,1_lipinski_violations
CAND_e1637bb078,1,True,1_lipinski_violations
CAND_2afb1ac705,1,True,1_lipinski_violations
CAND_f15ea5ecbd,2,True,2_lipinski_violations
CAND_410e02f2af,2,True,2_lipinski_violations
CAND_b34133b707,1,True,1_lipinski_violations
CAND_e14502f827,1,True,1_lipinski_violations
CAND_5fd315f9b7,2,True,2_lipinski_violations
CAND_b72c15ac12,0,True,no_major_descriptor_risk
CAND_b242e2272d,0,True,no_major_descriptor_risk
CAND_836dc5afb6,0,True,no_major_descriptor_risk
CAND_2a7a47089c,0,True,no_major_descriptor_risk
CAND_86299a8e1e,1,True,1_lipinski_violations
CAND_96c6c9c018,1,True,1_lipinski_violations
CAND_864e5a77de,2,True,2_lipinski_violations
CAND_8eb6688044,2,True,2_lipinski_violations
CAND_a9366e57a7,2,True,2_lipinski_violations
CAND_70ae8ff016,2,True,2_lipinski_violations
CAND_f366b81a39,2,True,2_lipinski_violations
CAND_b2d81b3f47,2,True,2_lipinski_violations
CAND_d1e91f4083,1,True,1_lipinski_violations
CAND_a44fa4c4a6,2,True,2_lipinski_violations
CAND_9ec6e406ac,2,True,2_lipinski_violations
CAND_5c88970132,1,True,1_lipinski_violations
CAND_5a3348b1da,1,True,1_lipinski_violations
CAND_555acaf1e7,2,True,2_lipinski_violations
CAND_66c9a26374,2,True,2_lipinski_violations
CAND_b32b746491,0,True,no_major_descriptor_risk
CAND_ca14fac1df,0,True,no_major_descriptor_risk
CAND_72bd8e97c0,0,True,no_major_descriptor_risk
CAND_052c2d48d9,0,True,no_major_descriptor_risk
CAND_03bc65bb61,1,True,1_lipinski_violations
CAND_6520164502,0,True,no_major_descriptor_risk
CAND_520ac1c94c,1,True,1_lipinski_violations
CAND_bc20241fa6,2,True,2_lipinski_violations
CAND_bb437813bf,0,True,no_major_descriptor_risk
CAND_ecc1b36bd3,0,True,no_major_descriptor_risk
CAND_e2454fc0ff,0,True,no_major_descriptor_risk
CAND_26596ad672,0,True,no_major_descriptor_risk
CAND_b7de1f7fd9,2,True,2_lipinski_violations
CAND_4317a7c191,2,True,2_lipinski_violations
CAND_7e5ab13797,2,True,2_lipinski_violations
CAND_3830749c38,2,True,2_lipinski_violations
CAND_23e0e1fe0a,1,True,1_lipinski_violations
CAND_0386bd6543,1,True,1_lipinski_violations
CAND_b90cf3cdd4,2,True,2_lipinski_violations
CAND_2b10f46666,2,True,2_lipinski_violations
CAND_9ab1ea2e00,2,True,2_lipinski_violations
CAND_c049ed0c84,2,True,2_lipinski_violations
CAND_18f0f7a896,2,True,2_lipinski_violations
CAND_f1a516f7d5,0,True,no_major_descriptor_risk
CAND_b4a4fd802d,0,True,no_major_descriptor_risk
CAND_76cc2c1d18,0,True,no_major_descriptor_risk
CAND_92b2560cac,0,True,no_major_descriptor_risk
CAND_6255923dc5,0,True,no_major_descriptor_risk
CAND_cce27d5b6d,0,True,no_major_descriptor_risk
CAND_5de3eb55cb,0,True,no_major_descriptor_risk
CAND_9df1cdc0cc,0,True,no_major_descriptor_risk
CAND_56881ee635,1,True,1_lipinski_violations
CAND_eb63570b58,1,True,1_lipinski_violations
CAND_858e6e02b6,1,True,1_lipinski_violations
CAND_adeb8a0b91,1,True,1_lipinski_violations
CAND_f73949477c,0,True,no_major_descriptor_risk
CAND_f1cf151aa3,1,True,1_lipinski_violations
CAND_84e47a861c,1,True,1_lipinski_violations
CAND_4c1f2b8549,0,True,no_major_descriptor_risk
CAND_7f2ea98753,0,True,no_major_descriptor_risk
CAND_4bf5715aca,0,True,no_major_descriptor_risk
CAND_b13565311c,0,True,no_major_descriptor_risk
CAND_63de045861,0,True,no_major_descriptor_risk
CAND_10b670f75d,0,True,no_major_descriptor_risk
CAND_240c9a3a90,0,True,no_major_descriptor_risk
CAND_885c2f9073,0,True,no_major_descriptor_risk
CAND_7e5b915562,0,True,no_major_descriptor_risk
CAND_1c62a3a7da,0,True,no_major_descriptor_risk
CAND_5ff061964d,0,True,no_major_descriptor_risk
CAND_24d60d91b3,0,True,no_major_descriptor_risk
CAND_ec0fdcfc05,0,True,no_major_descriptor_risk
CAND_38ca6048cf,0,True,no_major_descriptor_risk
CAND_5d52d6b42a,1,True,1_lipinski_violations
CAND_fb0ca7ef4b,2,True,2_lipinski_violations
CAND_dda38d3058,2,True,2_lipinski_violations
CAND_6b3cdc2d13,1,True,1_lipinski_violations
CAND_3af6617025,2,True,2_lipinski_violations
CAND_b56e743282,0,True,no_major_descriptor_risk
CAND_ad7fb08ae4,1,True,1_lipinski_violations
CAND_4403fc094a,0,True,no_major_descriptor_risk
CAND_84b3118f9d,0,True,no_major_descriptor_risk
CAND_95c4b02f52,0,True,no_major_descriptor_risk
CAND_954e59a594,0,True,no_major_descriptor_risk
CAND_679a9a94b2,2,True,2_lipinski_violations
CAND_aca464bb4e,1,True,1_lipinski_violations
CAND_93abe34eda,2,True,2_lipinski_violations
CAND_59a3ee22f7,2,True,2_lipinski_violations
CAND_9d53890416,2,True,2_lipinski_violations
CAND_e7d90b865f,2,True,2_lipinski_violations
CAND_bbbbb7cb12,1,True,1_lipinski_violations
CAND_7686c09634,2,True,2_lipinski_violations
CAND_3e4475add9,2,True,2_lipinski_violations
CAND_16688c78fc,2,True,2_lipinski_violations
CAND_52e1ef3155,1,True,1_lipinski_violations
CAND_d2849feaff,2,True,2_lipinski_violations
CAND_2029264143,0,True,no_major_descriptor_risk
CAND_ed1aa1f305,1,True,1_lipinski_violations
CAND_ad4a3a0b40,1,True,1_lipinski_violations
CAND_99b49d192e,2,True,2_lipinski_violations
CAND_e3be58d988,2,True,2_lipinski_violations
CAND_5e7791a659,2,True,2_lipinski_violations
CAND_5cbfd19267,2,True,2_lipinski_violations
CAND_a0afdb434d,0,True,no_major_descriptor_risk
CAND_bf4fcec086,1,True,1_lipinski_violations
CAND_a02a79831a,1,True,1_lipinski_violations
CAND_bfda001d83,0,True,no_major_descriptor_risk
CAND_31613623ce,0,True,no_major_descriptor_risk
CAND_6905f99940,0,True,no_major_descriptor_risk
CAND_edf26a0208,0,True,no_major_descriptor_risk
CAND_938ef2420e,0,True,no_major_descriptor_risk
CAND_2d63f0994e,0,True,no_major_descriptor_risk
CAND_41978f0342,0,True,no_major_descriptor_risk
CAND_23a5f1de9a,0,True,no_major_descriptor_risk
CAND_c41aae623b,0,True,no_major_descriptor_risk
CAND_994e98facb,1,False,1_lipinski_violations;veber_fail
CAND_155f184348,1,True,1_lipinski_violations
CAND_714f4c9256,1,False,1_lipinski_violations;veber_fail
CAND_a0fba5fdf3,1,True,1_lipinski_violations
CAND_6e0f4ebc46,1,False,1_lipinski_violations;veber_fail
CAND_47be844217,1,True,1_lipinski_violations
CAND_e0e25b591e,1,False,1_lipinski_violations;veber_fail
CAND_f5ce947285,1,True,1_lipinski_violations
CAND_1ed3558ad8,1,True,1_lipinski_violations
CAND_98a3ccc21f,1,True,1_lipinski_violations
CAND_1dff68160e,1,False,1_lipinski_violations;veber_fail
CAND_9a12c8884d,1,False,1_lipinski_violations;veber_fail
CAND_d7042ec02b,0,True,no_major_descriptor_risk
CAND_0feb57e148,0,True,no_major_descriptor_risk
CAND_5ca47dbfbb,0,True,no_major_descriptor_risk
CAND_582e6f4484,0,True,no_major_descriptor_risk
CAND_c5052727aa,0,True,no_major_descriptor_risk
CAND_e0fb42f17c,0,True,no_major_descriptor_risk
CAND_bb383316b2,0,True,no_major_descriptor_risk
CAND_0afbd4371b,0,True,no_major_descriptor_risk
CAND_038fb96d60,0,True,no_major_descriptor_risk
CAND_91e1d0ece4,2,True,2_lipinski_violations
CAND_619761bc7c,1,True,1_lipinski_violations
CAND_8c9f8a7f47,1,True,1_lipinski_violations
CAND_bca4c4a0b4,0,True,no_major_descriptor_risk
CAND_0248262dd9,0,True,no_major_descriptor_risk
CAND_e35fc6841c,1,True,1_lipinski_violations
CAND_c2685484d9,1,True,1_lipinski_violations
CAND_98cb9712ad,1,True,1_lipinski_violations
CAND_7908f6c054,0,True,no_major_descriptor_risk
CAND_8e3f7d0c80,0,True,no_major_descriptor_risk
CAND_f223d783e6,0,True,no_major_descriptor_risk
CAND_6eb82565f8,0,True,no_major_descriptor_risk
CAND_5f83d3fca0,0,True,no_major_descriptor_risk
CAND_4db1be6dc1,0,True,no_major_descriptor_risk
CAND_8003e37f87,1,True,1_lipinski_violations
CAND_e6ad762cd5,0,True,no_major_descriptor_risk
CAND_77e26f1d1a,0,True,no_major_descriptor_risk
CAND_9c80e4b0db,1,True,1_lipinski_violations
CAND_cc60e30b5e,0,True,no_major_descriptor_risk
CAND_1384c26031,0,True,no_major_descriptor_risk
CAND_8a1dce68ff,0,True,no_major_descriptor_risk
CAND_17a308d686,0,True,no_major_descriptor_risk
CAND_0f3d0eb5eb,0,True,no_major_descriptor_risk
CAND_da75edf590,0,True,no_major_descriptor_risk
CAND_eff26f30f2,0,True,no_major_descriptor_risk
CAND_db3fc3c2db,0,True,no_major_descriptor_risk
CAND_f26250c946,0,True,no_major_descriptor_risk
CAND_ce283ad9f2,1,True,1_lipinski_violations
CAND_ec59055c66,0,True,no_major_descriptor_risk
CAND_f773fba5fe,1,True,1_lipinski_violations
CAND_9f91abddbd,1,True,1_lipinski_violations
CAND_8a80453ec6,2,True,2_lipinski_violations
CAND_0d73f9440d,2,True,2_lipinski_violations
CAND_bc33c978b6,2,True,2_lipinski_violations
CAND_ab3edab531,3,True,3_lipinski_violations
CAND_b7016e4f04,2,True,2_lipinski_violations
CAND_815f7078d0,3,True,3_lipinski_violations
CAND_bf8d3ed093,2,True,2_lipinski_violations
CAND_22fc1a2116,2,True,2_lipinski_violations
CAND_8d07c0e33d,0,True,no_major_descriptor_risk
CAND_3fe77c40b3,1,True,1_lipinski_violations
CAND_bb9888605f,1,True,1_lipinski_violations
CAND_93dfa5df7b,1,True,1_lipinski_violations
CAND_1e72355186,0,True,no_major_descriptor_risk
CAND_e9530a9a17,1,True,1_lipinski_violations
CAND_7a5f5148e4,2,True,2_lipinski_violations
CAND_a0ed229869,2,True,2_lipinski_violations
CAND_ff786b8889,2,True,2_lipinski_violations
CAND_fe4cef2170,2,True,2_lipinski_violations
CAND_bceb180cb9,2,True,2_lipinski_violations
CAND_4eb9a2d248,2,True,2_lipinski_violations
CAND_fe3eabf4ac,1,True,1_lipinski_violations
CAND_bc08d3bf62,1,True,1_lipinski_violations
CAND_4356772ff1,1,False,1_lipinski_violations;veber_fail
CAND_12ebe6b9c8,1,True,1_lipinski_violations
CAND_5dbd98a952,2,False,2_lipinski_violations;veber_fail
CAND_270091dbf2,1,True,1_lipinski_violations
CAND_d73ef150fe,1,True,1_lipinski_violations
CAND_60328a81ee,1,True,1_lipinski_violations
CAND_3c7877bd50,1,False,1_lipinski_violations;veber_fail
CAND_b2f9c07681,1,True,1_lipinski_violations
CAND_7633d69725,1,True,1_lipinski_violations
CAND_bb4c8cdb79,1,False,1_lipinski_violations;veber_fail
CAND_4cbd766b9b,1,True,1_lipinski_violations
CAND_a36f65a39d,0,True,no_major_descriptor_risk
CAND_6fb3271e9f,1,True,1_lipinski_violations
CAND_af2f146ce1,1,True,1_lipinski_violations
CAND_c4daf36324,1,True,1_lipinski_violations
CAND_f608d2a9a0,0,True,no_major_descriptor_risk
CAND_63fc49b038,1,True,1_lipinski_violations
CAND_d0d0c7188b,1,True,1_lipinski_violations
CAND_bdd4153c1e,1,True,1_lipinski_violations
CAND_31d504541e,0,True,no_major_descriptor_risk
CAND_e73d1f20ce,1,True,1_lipinski_violations
CAND_10c264741b,0,True,no_major_descriptor_risk
CAND_cf5168e50c,0,True,no_major_descriptor_risk
CAND_54cf89e339,0,False,veber_fail
CAND_36906fefe0,0,False,veber_fail
CAND_40c901f04d,0,True,no_major_descriptor_risk
CAND_98b2552102,0,True,no_major_descriptor_risk
CAND_ebcfd1f7b9,0,True,no_major_descriptor_risk
CAND_f46747b6b0,0,False,veber_fail
CAND_030a0135bb,0,True,no_major_descriptor_risk
CAND_3ce574886a,0,True,no_major_descriptor_risk
CAND_5a75f5b42f,0,False,veber_fail
CAND_3fa4dec2e7,0,True,no_major_descriptor_risk
CAND_08e86ea318,1,True,1_lipinski_violations
CAND_32a59a88eb,0,True,no_major_descriptor_risk
CAND_79aa3cc153,1,True,1_lipinski_violations
CAND_b79c363119,2,True,2_lipinski_violations
CAND_8309f95d71,0,True,no_major_descriptor_risk
CAND_49bfd8acd7,0,True,no_major_descriptor_risk
CAND_5c13a3303e,0,True,no_major_descriptor_risk
CAND_faec7f0a49,0,True,no_major_descriptor_risk
CAND_49ec7dc730,0,True,no_major_descriptor_risk
CAND_6d953ed4cb,1,True,1_lipinski_violations
CAND_81adeb1907,0,True,no_major_descriptor_risk
CAND_4d4dca97d9,0,True,no_major_descriptor_risk
CAND_26e3dce80d,2,True,2_lipinski_violations
CAND_64faf84545,2,True,2_lipinski_violations
CAND_12d172f5f9,2,True,2_lipinski_violations
CAND_82d3e517ac,2,True,2_lipinski_violations
CAND_4cd4314085,2,True,2_lipinski_violations
CAND_cc88d7f9e1,2,True,2_lipinski_violations
CAND_fbcb5b2a99,2,True,2_lipinski_violations
CAND_5530f94dd3,2,True,2_lipinski_violations
CAND_512ff10f56,1,True,1_lipinski_violations
CAND_860e8f14e3,1,True,1_lipinski_violations
CAND_0553e08fe1,1,True,1_lipinski_violations
CAND_f0fd757bef,2,True,2_lipinski_violations
CAND_c36c161535,1,True,1_lipinski_violations
CAND_aa3a7e5583,0,True,no_major_descriptor_risk
CAND_7838501e35,0,True,no_major_descriptor_risk
CAND_a018b1f554,0,True,no_major_descriptor_risk
CAND_34e1accc4d,0,True,no_major_descriptor_risk
CAND_fe018d22f2,1,True,1_lipinski_violations
CAND_8ee521b4fb,0,True,no_major_descriptor_risk
CAND_e3085abdcb,0,True,no_major_descriptor_risk
CAND_a590b8eb51,1,True,1_lipinski_violations
CAND_c4024a0f2b,2,True,2_lipinski_violations
CAND_7f7a176b70,1,True,1_lipinski_violations
CAND_1e64e985e4,1,True,1_lipinski_violations
CAND_3587f32352,1,True,1_lipinski_violations
CAND_3e652027ab,1,True,1_lipinski_violations
CAND_b33e7ccfb2,1,True,1_lipinski_violations
CAND_ff105edba1,2,True,2_lipinski_violations
CAND_4aa467477d,1,True,1_lipinski_violations
CAND_b2ee32e3b1,1,True,1_lipinski_violations
CAND_e5273a8854,0,True,no_major_descriptor_risk
CAND_b0a0b5a6cb,0,True,no_major_descriptor_risk
CAND_358bcc58c8,0,True,no_major_descriptor_risk
CAND_2a2cf57f20,0,True,no_major_descriptor_risk
CAND_a5fb4f296a,0,True,no_major_descriptor_risk
CAND_98d3b38ce9,0,True,no_major_descriptor_risk
CAND_b43cde6926,0,True,no_major_descriptor_risk
CAND_2ecbbbe38c,0,True,no_major_descriptor_risk
CAND_03fca0654a,0,True,no_major_descriptor_risk
CAND_8f936e6ccd,0,True,no_major_descriptor_risk
CAND_1f440748ca,0,True,no_major_descriptor_risk
CAND_f8c199fe88,1,True,1_lipinski_violations
CAND_5736f8488e,0,True,no_major_descriptor_risk
CAND_286e554c0b,0,True,no_major_descriptor_risk
CAND_fb3e67e321,0,True,no_major_descriptor_risk
CAND_409e617876,0,True,no_major_descriptor_risk
CAND_a805ef6775,0,True,no_major_descriptor_risk
CAND_4b3ca0fa5a,0,True,no_major_descriptor_risk
CAND_a87004571e,0,True,no_major_descriptor_risk
CAND_f14d3a2cba,0,True,no_major_descriptor_risk
CAND_d5af80f01e,0,True,no_major_descriptor_risk
CAND_a197fcb9c2,0,True,no_major_descriptor_risk
CAND_6613e7a7ab,0,True,no_major_descriptor_risk
CAND_67fd4ebe5f,0,True,no_major_descriptor_risk
CAND_c91414a707,0,True,no_major_descriptor_risk
CAND_972e029023,0,True,no_major_descriptor_risk
CAND_0b70dd8765,0,True,no_major_descriptor_risk
CAND_5e5838b904,0,True,no_major_descriptor_risk
CAND_f51492fec7,0,True,no_major_descriptor_risk
CAND_3a37400fe4,0,True,no_major_descriptor_risk
CAND_0a18685673,0,True,no_major_descriptor_risk
CAND_dcda7a9253,0,True,no_major_descriptor_risk
CAND_7315ba7846,0,True,no_major_descriptor_risk
CAND_5c6a27132e,1,True,1_lipinski_violations
CAND_7ec2ead7a4,0,True,no_major_descriptor_risk
CAND_0e94d20e5a,0,True,no_major_descriptor_risk
CAND_765087ff41,0,True,no_major_descriptor_risk
CAND_9e6043191f,1,True,1_lipinski_violations
CAND_98bb6395e4,0,True,no_major_descriptor_risk
CAND_fa065b723a,0,True,no_major_descriptor_risk
CAND_cdcd686ac5,0,True,no_major_descriptor_risk
CAND_90c200af1d,0,True,no_major_descriptor_risk
CAND_b570efa8ad,0,True,no_major_descriptor_risk
CAND_09b6c379b6,0,True,no_major_descriptor_risk
CAND_140b50cd13,0,True,no_major_descriptor_risk
CAND_396a2a3236,0,True,no_major_descriptor_risk
CAND_d47366bc39,0,True,no_major_descriptor_risk
CAND_c16de8f8b4,0,True,no_major_descriptor_risk
CAND_1037c34aab,0,True,no_major_descriptor_risk
CAND_7bd5ba586c,0,True,no_major_descriptor_risk
CAND_112a54a137,0,True,no_major_descriptor_risk
CAND_4ff2cb23da,1,True,1_lipinski_violations
CAND_a45680c7c4,1,True,1_lipinski_violations
CAND_3a3da2f620,0,True,no_major_descriptor_risk
CAND_16c31d19fc,0,True,no_major_descriptor_risk
CAND_de18d0a2e6,0,True,no_major_descriptor_risk
CAND_46d0ec4ccf,0,True,no_major_descriptor_risk
CAND_dab2915107,0,True,no_major_descriptor_risk
CAND_d6b22871eb,1,True,1_lipinski_violations
CAND_c828b66987,1,True,1_lipinski_violations
CAND_7462dfc639,0,True,no_major_descriptor_risk
CAND_b7c9977902,0,True,no_major_descriptor_risk
CAND_c6669a32a9,2,True,2_lipinski_violations
CAND_3a0751cfea,1,True,1_lipinski_violations
CAND_e91111c9cc,2,True,2_lipinski_violations
CAND_40a15ade64,2,True,2_lipinski_violations
CAND_f75c3ddd78,2,True,2_lipinski_violations
CAND_936d8cd82f,1,True,1_lipinski_violations
CAND_637d97ac05,1,True,1_lipinski_violations
CAND_c4344e293c,0,True,no_major_descriptor_risk
CAND_a693cf5fb0,0,True,no_major_descriptor_risk
CAND_d4edc06c2b,0,True,no_major_descriptor_risk
CAND_7f676a9dac,0,True,no_major_descriptor_risk
CAND_d0206cfe57,0,True,no_major_descriptor_risk
CAND_a0d42e7c77,0,True,no_major_descriptor_risk
CAND_2804070352,0,True,no_major_descriptor_risk
CAND_8695bb2dd6,0,True,no_major_descriptor_risk
CAND_dc51b9cc87,0,True,no_major_descriptor_risk
CAND_09581a4647,0,True,no_major_descriptor_risk
CAND_8ba77ffe2a,0,True,no_major_descriptor_risk
CAND_e0f4df7adb,0,True,no_major_descriptor_risk
CAND_3e920120dc,0,True,no_major_descriptor_risk
CAND_9f989c667a,1,True,1_lipinski_violations
CAND_9b213e6290,1,True,1_lipinski_violations
CAND_328c01de9c,0,True,no_major_descriptor_risk
CAND_8dfe815fc2,0,True,no_major_descriptor_risk
CAND_90ae2f7625,1,True,1_lipinski_violations
CAND_2f16f680ae,1,True,1_lipinski_violations
CAND_0b6f2b39cb,1,True,1_lipinski_violations
CAND_53eeb46ce0,1,True,1_lipinski_violations
CAND_6393f19e53,2,True,2_lipinski_violations
CAND_d6182e7682,2,True,2_lipinski_violations
CAND_bc504ed6ba,1,True,1_lipinski_violations
CAND_742061b51e,1,True,1_lipinski_violations
CAND_8695a94247,2,True,2_lipinski_violations
CAND_114d4f8673,1,True,1_lipinski_violations
CAND_e2eb81c37c,1,True,1_lipinski_violations
CAND_f49a9bd2a1,1,True,1_lipinski_violations
CAND_1980d9946c,1,True,1_lipinski_violations
CAND_1e9a748605,0,True,no_major_descriptor_risk
CAND_53deaed576,0,True,no_major_descriptor_risk
CAND_b845ac2434,0,True,no_major_descriptor_risk
CAND_ddb2a5b164,2,True,2_lipinski_violations
CAND_f015ef426f,1,True,1_lipinski_violations
CAND_b74cd52239,1,True,1_lipinski_violations
CAND_4640cd5c15,1,True,1_lipinski_violations
CAND_d9ec0050c0,1,True,1_lipinski_violations
CAND_a72330cacc,0,True,no_major_descriptor_risk
CAND_dff2e77b93,0,True,no_major_descriptor_risk
CAND_d61def5ee0,0,True,no_major_descriptor_risk
CAND_e091d66a0b,1,False,1_lipinski_violations;veber_fail
CAND_1288a432df,2,True,2_lipinski_violations
CAND_8a0aac16e7,1,True,1_lipinski_violations
CAND_8606dc7f9c,1,True,1_lipinski_violations
CAND_10596a141d,1,True,1_lipinski_violations
CAND_9b65526174,1,True,1_lipinski_violations
CAND_dbf622b377,1,True,1_lipinski_violations
CAND_34ed2d62d2,1,True,1_lipinski_violations
CAND_ae1c9f6252,1,True,1_lipinski_violations
CAND_171c20de72,1,True,1_lipinski_violations
CAND_b3b026d007,1,True,1_lipinski_violations
CAND_b390e5e5a8,1,True,1_lipinski_violations
CAND_82cf172d5b,1,True,1_lipinski_violations
CAND_d11caedd6b,1,True,1_lipinski_violations
CAND_834677a05c,1,True,1_lipinski_violations
CAND_d655e2e0bb,1,True,1_lipinski_violations
CAND_6ecec69de8,2,True,2_lipinski_violations
CAND_ad2baf88f0,1,True,1_lipinski_violations
CAND_d27947e416,1,True,1_lipinski_violations
CAND_b17d4fc070,1,True,1_lipinski_violations
CAND_089cd43a40,1,True,1_lipinski_violations
CAND_0e5c6adfb1,1,True,1_lipinski_violations
CAND_04ffa24fcc,1,True,1_lipinski_violations
CAND_591224ce95,1,True,1_lipinski_violations
CAND_51186b1dc2,2,True,2_lipinski_violations
CAND_791adb46c8,2,True,2_lipinski_violations
CAND_2908805908,1,True,1_lipinski_violations
CAND_b36219dcb0,1,True,1_lipinski_violations
CAND_81da6815a2,2,True,2_lipinski_violations
CAND_13eec61675,1,True,1_lipinski_violations
CAND_07521db980,2,True,2_lipinski_violations
CAND_2db0ab367b,2,True,2_lipinski_violations
CAND_5e38de35c3,1,True,1_lipinski_violations
CAND_f5dd68fcc6,2,True,2_lipinski_violations
CAND_2f5f3aec24,1,True,1_lipinski_violations
CAND_8aebb39de2,1,True,1_lipinski_violations
CAND_ed2eea0ccd,1,True,1_lipinski_violations
CAND_38217a7f65,1,True,1_lipinski_violations
CAND_75b02252d9,1,True,1_lipinski_violations
CAND_212b80a089,1,True,1_lipinski_violations
CAND_53270e670f,1,True,1_lipinski_violations
CAND_3e9f53767c,1,True,1_lipinski_violations
CAND_9ddcdc7a80,1,True,1_lipinski_violations
CAND_15a0f12854,1,True,1_lipinski_violations
CAND_75708e944d,1,True,1_lipinski_violations
CAND_9055ca764a,1,True,1_lipinski_violations
CAND_5018eb22fd,1,True,1_lipinski_violations
CAND_1e35f327b0,1,True,1_lipinski_violations
CAND_7b30bc7b69,1,True,1_lipinski_violations
CAND_e83d07bbab,1,True,1_lipinski_violations
CAND_48978c824a,1,True,1_lipinski_violations
CAND_c7c012f927,1,True,1_lipinski_violations
CAND_2dec4c7a04,1,True,1_lipinski_violations
CAND_4b01b0ce72,1,True,1_lipinski_violations
CAND_211036c207,1,False,1_lipinski_violations;veber_fail
CAND_6d9c507fed,1,True,1_lipinski_violations
CAND_3460c35240,2,True,2_lipinski_violations
CAND_65afbe8330,1,True,1_lipinski_violations
CAND_0f3882ec2f,0,True,no_major_descriptor_risk
CAND_659ed9a166,0,True,no_major_descriptor_risk
CAND_180247c8c6,0,True,no_major_descriptor_risk
CAND_b1ba4fa923,0,True,no_major_descriptor_risk
CAND_35990a0897,0,True,no_major_descriptor_risk
CAND_e7d9bfeb7d,1,True,1_lipinski_violations
CAND_2d514381ff,0,True,no_major_descriptor_risk
CAND_4306e24596,0,True,no_major_descriptor_risk
CAND_43ba405170,0,True,no_major_descriptor_risk
CAND_626f2d856c,0,True,no_major_descriptor_risk
CAND_5be78ff459,0,True,no_major_descriptor_risk
CAND_75f757d822,0,True,no_major_descriptor_risk
CAND_14ca182c22,1,True,1_lipinski_violations
CAND_80aaddf041,1,True,1_lipinski_violations
CAND_c3a1c90ae8,1,True,1_lipinski_violations
CAND_53f00e3a84,2,True,2_lipinski_violations
CAND_6addc86563,2,True,2_lipinski_violations
CAND_b376dfcc47,1,True,1_lipinski_violations
CAND_80fcf72792,1,True,1_lipinski_violations
CAND_d24eee42b1,1,True,1_lipinski_violations
CAND_34a25ee9c6,1,True,1_lipinski_violations
CAND_2e59572156,1,True,1_lipinski_violations
CAND_861949c250,1,True,1_lipinski_violations
CAND_193134a739,1,True,1_lipinski_violations
CAND_a861f95601,1,False,1_lipinski_violations;veber_fail
CAND_d5260ee64d,2,True,2_lipinski_violations
CAND_57c9dce965,2,True,2_lipinski_violations
CAND_c47b7665b5,1,True,1_lipinski_violations
CAND_47fafc63cc,2,True,2_lipinski_violations
CAND_0904b1427a,1,True,1_lipinski_violations
CAND_ad2318bb3e,1,True,1_lipinski_violations
CAND_98a01b996a,1,True,1_lipinski_violations
CAND_f9b1858a7c,1,True,1_lipinski_violations
CAND_374546528f,1,True,1_lipinski_violations
CAND_6f69325093,1,True,1_lipinski_violations
CAND_3cf16fb329,1,True,1_lipinski_violations
CAND_0bb0b85c22,1,True,1_lipinski_violations
CAND_bc324aa631,1,True,1_lipinski_violations
CAND_35d74ab286,2,True,2_lipinski_violations
CAND_596681c1d7,1,True,1_lipinski_violations
CAND_be96918f26,1,True,1_lipinski_violations
CAND_6f942ff8f7,2,True,2_lipinski_violations
CAND_ca366e7fae,2,True,2_lipinski_violations
CAND_0d8a060522,1,True,1_lipinski_violations
CAND_c15b92b618,1,True,1_lipinski_violations
CAND_731f1b52a9,2,True,2_lipinski_violations
CAND_eb3386deb7,0,True,no_major_descriptor_risk
CAND_7e95a6b6d3,0,True,no_major_descriptor_risk
CAND_1848bfaee1,1,True,1_lipinski_violations
CAND_35e187c4b1,1,True,1_lipinski_violations
CAND_01751b77cd,1,True,1_lipinski_violations
CAND_cf9247308f,1,True,1_lipinski_violations
CAND_7d29283c1e,2,True,2_lipinski_violations
CAND_05d2e0c253,0,True,no_major_descriptor_risk
CAND_a217537183,0,True,no_major_descriptor_risk
CAND_6a1dcc3ae7,0,True,no_major_descriptor_risk
CAND_86b6fd139b,0,True,no_major_descriptor_risk
CAND_39a4f83490,1,True,1_lipinski_violations
CAND_9995ad2307,1,True,1_lipinski_violations
CAND_bfe14a86dc,1,True,1_lipinski_violations
CAND_23e8876011,1,True,1_lipinski_violations
CAND_d979a3e603,1,True,1_lipinski_violations
CAND_8b98cebcb4,2,True,2_lipinski_violations
CAND_d0275c0a54,1,True,1_lipinski_violations
CAND_921f1f3cb7,2,True,2_lipinski_violations
CAND_c77a32b977,2,True,2_lipinski_violations
CAND_a60bffa601,1,True,1_lipinski_violations
CAND_2ad5432ed9,2,True,2_lipinski_violations
CAND_48e0a6993c,2,True,2_lipinski_violations
CAND_2d787cf7e0,1,True,1_lipinski_violations
CAND_ee7b71320a,1,True,1_lipinski_violations
CAND_fd6e5424c1,2,True,2_lipinski_violations
CAND_b7ce7157d9,0,True,no_major_descriptor_risk
CAND_e4d626a927,0,True,no_major_descriptor_risk
CAND_628c88c783,0,True,no_major_descriptor_risk
CAND_7ecb29e572,0,True,no_major_descriptor_risk
CAND_b1061df10d,0,True,no_major_descriptor_risk
CAND_fea585cc89,0,True,no_major_descriptor_risk
CAND_c568bbb5a1,0,True,no_major_descriptor_risk
CAND_b516cf67c1,0,True,no_major_descriptor_risk
CAND_1215d9d28f,0,True,no_major_descriptor_risk
CAND_5ee293b2ff,1,True,1_lipinski_violations
CAND_0b7d4c77af,0,True,no_major_descriptor_risk
CAND_992235cc18,0,True,no_major_descriptor_risk
CAND_37c9ddc3f8,1,True,1_lipinski_violations
CAND_75777ad24c,1,True,1_lipinski_violations
CAND_8b396f2051,1,True,1_lipinski_violations
CAND_2a6bfbab20,2,True,2_lipinski_violations
CAND_d3d19b7e92,2,True,2_lipinski_violations
CAND_d529910e78,1,True,1_lipinski_violations
CAND_3469fff618,1,True,1_lipinski_violations
CAND_c8c8e4b784,2,True,2_lipinski_violations
CAND_d09c40f5f8,2,True,2_lipinski_violations
CAND_0466e3ea95,1,True,1_lipinski_violations
CAND_0c23926e24,1,True,1_lipinski_violations
CAND_e4b01a9034,1,True,1_lipinski_violations
CAND_a846aa83f3,1,True,1_lipinski_violations
CAND_b2754758e3,0,True,no_major_descriptor_risk
CAND_d54f6d6451,0,True,no_major_descriptor_risk
CAND_59dc0283c2,1,True,1_lipinski_violations
CAND_510a1d1a27,0,True,no_major_descriptor_risk
CAND_fa2d3dff25,1,True,1_lipinski_violations
CAND_24f7811850,0,True,no_major_descriptor_risk
CAND_9dc556f0c6,1,True,1_lipinski_violations
CAND_518135689f,0,True,no_major_descriptor_risk
CAND_d8c5847c4e,1,True,1_lipinski_violations
CAND_8fd602cfb6,0,True,no_major_descriptor_risk
CAND_842555d85a,0,True,no_major_descriptor_risk
CAND_754653e3d1,1,True,1_lipinski_violations
CAND_bb3d74cb3a,0,True,no_major_descriptor_risk
CAND_e8d7a4d2af,1,True,1_lipinski_violations
CAND_e5034083b9,0,True,no_major_descriptor_risk
CAND_a7ee84d57f,1,True,1_lipinski_violations
CAND_27dba937ee,0,True,no_major_descriptor_risk
CAND_6423586983,0,True,no_major_descriptor_risk
CAND_ed050098f9,0,True,no_major_descriptor_risk
CAND_9fc2d713ec,1,True,1_lipinski_violations
CAND_17410c48c0,1,True,1_lipinski_violations
CAND_7e79603035,0,True,no_major_descriptor_risk
CAND_0855b5c59a,0,True,no_major_descriptor_risk
CAND_3a3e1a8553,2,True,2_lipinski_violations
CAND_16f6aa60f4,2,True,2_lipinski_violations
CAND_13bf5fe575,1,True,1_lipinski_violations
CAND_6ff95fc298,1,True,1_lipinski_violations
CAND_6e8ba594b1,2,True,2_lipinski_violations
CAND_e616b78e51,2,True,2_lipinski_violations
CAND_c5bfc8f6a2,0,True,no_major_descriptor_risk
CAND_58f2272a05,1,True,1_lipinski_violations
CAND_946135fce2,0,True,no_major_descriptor_risk
CAND_854d70f2eb,0,True,no_major_descriptor_risk
CAND_ac16e11e1c,0,True,no_major_descriptor_risk
CAND_9bd211a669,0,True,no_major_descriptor_risk
CAND_833d6d3849,0,True,no_major_descriptor_risk
CAND_4ace1b0b2f,0,True,no_major_descriptor_risk
CAND_1fa313fbb8,1,True,1_lipinski_violations
CAND_3e0f81042d,0,True,no_major_descriptor_risk
CAND_11f3273ee1,0,True,no_major_descriptor_risk
CAND_7b99944d77,0,True,no_major_descriptor_risk
CAND_47ec448df6,0,True,no_major_descriptor_risk
CAND_8b6891577e,1,True,1_lipinski_violations
CAND_eeff627ebe,2,True,2_lipinski_violations
CAND_6cebb07221,2,True,2_lipinski_violations
CAND_b6698afc8e,2,False,2_lipinski_violations;veber_fail
CAND_21bab69c70,1,True,1_lipinski_violations
CAND_fdfa164241,2,True,2_lipinski_violations
CAND_5cc4381675,0,True,no_major_descriptor_risk
CAND_200b7ecefb,1,True,1_lipinski_violations
CAND_a225899eb3,1,True,1_lipinski_violations
CAND_3dfcbc7242,2,True,2_lipinski_violations
CAND_37d88012f4,2,True,2_lipinski_violations
CAND_6b853284f6,2,False,2_lipinski_violations;veber_fail
CAND_e4f05bb875,2,True,2_lipinski_violations
CAND_f31c06abe0,2,True,2_lipinski_violations
CAND_10bde2ced3,2,True,2_lipinski_violations
CAND_bf34c3913d,2,True,2_lipinski_violations
CAND_664e82871b,2,True,2_lipinski_violations
CAND_0cbb695b88,2,True,2_lipinski_violations
CAND_b9c05347e4,2,True,2_lipinski_violations
CAND_44263bf865,2,True,2_lipinski_violations
CAND_feb50df853,1,True,1_lipinski_violations
CAND_2af59df800,1,True,1_lipinski_violations
CAND_632716967c,2,True,2_lipinski_violations
CAND_a7710df88c,0,True,no_major_descriptor_risk
CAND_919cb2ba9e,1,True,1_lipinski_violations
CAND_92981070d1,1,True,1_lipinski_violations
CAND_05099a283b,1,True,1_lipinski_violations
CAND_ce1c134152,1,True,1_lipinski_violations
CAND_9c1065bfbb,1,True,1_lipinski_violations
CAND_456304b127,2,True,2_lipinski_violations
CAND_3a2d135f2f,2,True,2_lipinski_violations
CAND_5e15332073,1,True,1_lipinski_violations
CAND_db6df8d2b7,1,True,1_lipinski_violations
CAND_97f2828e10,0,True,no_major_descriptor_risk
CAND_b17da6b688,0,True,no_major_descriptor_risk
CAND_1a6aa1fe07,1,True,1_lipinski_violations
CAND_6a7497f503,1,True,1_lipinski_violations
CAND_6bcc513ea1,1,True,1_lipinski_violations
CAND_6d4b4c1242,2,True,2_lipinski_violations
CAND_b4ce21edac,1,True,1_lipinski_violations
CAND_f2007cd540,1,True,1_lipinski_violations
CAND_eafda81a7d,1,True,1_lipinski_violations
CAND_dda9d8e901,1,True,1_lipinski_violations
CAND_8609371294,1,True,1_lipinski_violations
CAND_7724f7f851,1,True,1_lipinski_violations
CAND_3870097eb9,1,True,1_lipinski_violations
CAND_95940dde39,1,True,1_lipinski_violations
CAND_1eb5d2d2b4,1,True,1_lipinski_violations
CAND_4f1c54b7fe,1,True,1_lipinski_violations
CAND_6b3dc6d2ea,1,True,1_lipinski_violations
CAND_38f034e13b,1,True,1_lipinski_violations
CAND_a7bae3f94e,1,True,1_lipinski_violations
CAND_d05b378ee3,1,True,1_lipinski_violations
CAND_70b5b5f766,1,True,1_lipinski_violations
CAND_5b120d05a6,2,True,2_lipinski_violations
CAND_df8b683207,1,True,1_lipinski_violations
CAND_365ae5cf48,2,True,2_lipinski_violations
CAND_0bdf69bf7d,1,True,1_lipinski_violations
CAND_06489a8697,2,True,2_lipinski_violations
CAND_d62b841704,2,True,2_lipinski_violations
CAND_e327f2803a,1,False,1_lipinski_violations;veber_fail
CAND_2d50328c96,1,False,1_lipinski_violations;veber_fail
CAND_09c376bf03,1,False,1_lipinski_violations;veber_fail
CAND_3f098a410a,2,True,2_lipinski_violations
CAND_0708adc78e,1,True,1_lipinski_violations
CAND_1011c6af89,0,False,veber_fail
CAND_d850277db2,0,False,veber_fail
CAND_658c98c1a4,0,False,veber_fail
CAND_4ccf922621,1,True,1_lipinski_violations
CAND_9f1900fd7e,0,False,veber_fail
CAND_20de97f220,0,False,veber_fail
CAND_354354e5cf,1,True,1_lipinski_violations
CAND_4bdefa9e73,1,True,1_lipinski_violations
CAND_069a879919,0,True,no_major_descriptor_risk
CAND_9dd89fc671,0,True,no_major_descriptor_risk
CAND_bb03c75bed,1,True,1_lipinski_violations
CAND_390cf67906,0,True,no_major_descriptor_risk
CAND_0d15ba3c75,0,True,no_major_descriptor_risk
CAND_b6cef3c4b0,1,True,1_lipinski_violations
CAND_8557760ca5,0,True,no_major_descriptor_risk
CAND_88f1626e94,0,True,no_major_descriptor_risk
CAND_155fc929fa,0,True,no_major_descriptor_risk
CAND_dd74d0284f,1,True,1_lipinski_violations
CAND_30cd6e1b1c,1,True,1_lipinski_violations
CAND_241195c5f1,1,True,1_lipinski_violations
CAND_d31722e873,1,True,1_lipinski_violations
CAND_6bb013f7fc,1,True,1_lipinski_violations
CAND_9af04eadb0,1,True,1_lipinski_violations
CAND_00522020b2,2,True,2_lipinski_violations
CAND_b2ad03d9d8,1,True,1_lipinski_violations
CAND_3ce99ec261,2,True,2_lipinski_violations
CAND_69e0c496ba,1,True,1_lipinski_violations
CAND_621fc49335,2,True,2_lipinski_violations
CAND_3f3f83bb2c,2,True,2_lipinski_violations
CAND_836b662fbb,1,True,1_lipinski_violations
CAND_aa0b4d70e3,1,True,1_lipinski_violations
CAND_6ee67a6271,0,True,no_major_descriptor_risk
CAND_f3135fa11d,2,True,2_lipinski_violations
CAND_40c649079d,1,True,1_lipinski_violations
CAND_a7d9626efb,0,True,no_major_descriptor_risk
CAND_873f956165,2,True,2_lipinski_violations
CAND_b9a0b4551f,1,True,1_lipinski_violations
CAND_ba807f2b2a,1,True,1_lipinski_violations
CAND_075749d57d,0,True,no_major_descriptor_risk
CAND_533f721570,2,True,2_lipinski_violations
CAND_17083cc881,1,True,1_lipinski_violations
CAND_01e76d7526,1,True,1_lipinski_violations
CAND_a9325408fe,0,True,no_major_descriptor_risk
CAND_55c7185a74,0,True,no_major_descriptor_risk
CAND_e890fcefc7,0,True,no_major_descriptor_risk
CAND_da7c555aa8,1,True,1_lipinski_violations
CAND_01c0f87fa2,1,True,1_lipinski_violations
CAND_d6744380ba,0,True,no_major_descriptor_risk
CAND_92f5252116,0,True,no_major_descriptor_risk
CAND_22144ee135,1,True,1_lipinski_violations
CAND_4a40443f55,0,True,no_major_descriptor_risk
CAND_614d2af274,1,True,1_lipinski_violations
CAND_6e70bc03e7,1,True,1_lipinski_violations
CAND_a6ea3b1f9a,0,True,no_major_descriptor_risk
CAND_9b52494e9b,0,True,no_major_descriptor_risk
CAND_cc87398406,0,True,no_major_descriptor_risk
CAND_6c0d6b2b93,0,True,no_major_descriptor_risk
CAND_b4f391c3fe,0,True,no_major_descriptor_risk
CAND_9eb4a404a5,0,True,no_major_descriptor_risk
CAND_02592e8862,1,True,1_lipinski_violations
CAND_260aa9b5c3,0,True,no_major_descriptor_risk
CAND_9d918deab0,0,True,no_major_descriptor_risk
CAND_336b8fa78c,0,True,no_major_descriptor_risk
CAND_f4d997d9dc,2,True,2_lipinski_violations
CAND_ba5eb632a0,1,True,1_lipinski_violations
CAND_f58d88c665,2,True,2_lipinski_violations
CAND_c0f0903cba,2,True,2_lipinski_violations
CAND_266efd63ec,1,True,1_lipinski_violations
CAND_3500c6b4fe,1,True,1_lipinski_violations
CAND_4c6f7e5ac3,1,True,1_lipinski_violations
CAND_4d7bcc8c33,2,True,2_lipinski_violations
CAND_cea8cbf965,1,True,1_lipinski_violations
CAND_f273d925f4,1,True,1_lipinski_violations
CAND_8c40fbf945,2,True,2_lipinski_violations
CAND_640d39f299,2,True,2_lipinski_violations
CAND_3f725327c7,1,True,1_lipinski_violations
CAND_c503066126,1,True,1_lipinski_violations
CAND_b5c827bd8e,2,True,2_lipinski_violations
CAND_e08288a119,1,False,1_lipinski_violations;veber_fail
CAND_3bf4b85bef,1,False,1_lipinski_violations;veber_fail
CAND_ad93325946,2,True,2_lipinski_violations
CAND_48cf6535cf,1,False,1_lipinski_violations;veber_fail
CAND_6275f73f7d,1,True,1_lipinski_violations
CAND_e0ed2528bc,1,False,1_lipinski_violations;veber_fail
CAND_f5f5f90310,1,False,1_lipinski_violations;veber_fail
CAND_554300000f,1,True,1_lipinski_violations
CAND_5dd7ad7164,1,False,1_lipinski_violations;veber_fail
CAND_1863305536,1,True,1_lipinski_violations
CAND_7f36b287d7,1,False,1_lipinski_violations;veber_fail
CAND_a999f9cfe2,1,True,1_lipinski_violations
CAND_3ba6b1b9a3,2,True,2_lipinski_violations
CAND_aa9ea2ae04,2,True,2_lipinski_violations
CAND_3b9a87e769,2,True,2_lipinski_violations
CAND_4b84c201cc,1,True,1_lipinski_violations
CAND_0c9124c3bd,1,True,1_lipinski_violations
CAND_4f4521333a,2,True,2_lipinski_violations
CAND_67025cbf5b,1,True,1_lipinski_violations
CAND_4a4659514b,1,True,1_lipinski_violations
CAND_b8dd9c152a,2,True,2_lipinski_violations
CAND_af0c17163b,2,True,2_lipinski_violations
CAND_3a805d9cf4,0,True,no_major_descriptor_risk
CAND_06ac3811b2,0,True,no_major_descriptor_risk
CAND_e105c7b685,2,True,2_lipinski_violations
CAND_a81b78ef34,0,True,no_major_descriptor_risk
CAND_dcddd05794,1,True,1_lipinski_violations
CAND_1d07da64a8,2,True,2_lipinski_violations
CAND_be8642b7ed,2,True,2_lipinski_violations
CAND_3820644823,1,True,1_lipinski_violations
CAND_9cda5f7085,2,True,2_lipinski_violations
CAND_3301eeecf7,1,True,1_lipinski_violations
CAND_3cfbb99297,0,True,no_major_descriptor_risk
CAND_63c499c041,0,True,no_major_descriptor_risk
CAND_cc834f020f,0,True,no_major_descriptor_risk
CAND_e7f71ff944,0,True,no_major_descriptor_risk
CAND_ee32bc9574,0,True,no_major_descriptor_risk
CAND_66e14656bd,0,True,no_major_descriptor_risk
CAND_cf37ae2a3a,1,True,1_lipinski_violations
CAND_9ab568a6bb,1,True,1_lipinski_violations
CAND_9bb4084853,1,True,1_lipinski_violations
CAND_f0190cc94a,1,True,1_lipinski_violations
CAND_34372336da,1,True,1_lipinski_violations
CAND_1e8da85f18,0,True,no_major_descriptor_risk
CAND_4ce00f9510,0,True,no_major_descriptor_risk
CAND_338835d233,0,True,no_major_descriptor_risk
CAND_b6e5a891cb,1,True,1_lipinski_violations
CAND_40b88afc39,1,True,1_lipinski_violations
CAND_bd36e206d8,1,True,1_lipinski_violations
CAND_1d9e92aab6,1,True,1_lipinski_violations
CAND_a58adcca97,1,True,1_lipinski_violations
CAND_96910d80ee,1,True,1_lipinski_violations
CAND_11c6ca427a,1,True,1_lipinski_violations
CAND_769a627d4e,1,True,1_lipinski_violations
CAND_672d67445a,1,True,1_lipinski_violations
CAND_00c4609580,1,True,1_lipinski_violations
CAND_4c47658ce5,1,True,1_lipinski_violations
CAND_b6d5c598c9,1,True,1_lipinski_violations
CAND_73282667b4,2,True,2_lipinski_violations
CAND_fa4c47fe08,1,True,1_lipinski_violations
CAND_ddae30a6b3,1,True,1_lipinski_violations
CAND_6364dd5dd6,2,True,2_lipinski_violations
CAND_b69342ba57,1,True,1_lipinski_violations
CAND_0433c02f60,1,True,1_lipinski_violations
CAND_1362e82419,1,True,1_lipinski_violations
CAND_bc25bab97c,1,True,1_lipinski_violations
CAND_81e1ccf267,1,True,1_lipinski_violations
CAND_96a325dfe0,1,True,1_lipinski_violations
CAND_18377f75ba,1,True,1_lipinski_violations
CAND_e8d5aa7ecd,1,True,1_lipinski_violations
CAND_1b6388b142,1,True,1_lipinski_violations
CAND_302e4e4526,2,True,2_lipinski_violations
CAND_5a408fb679,1,True,1_lipinski_violations
CAND_10364fab80,1,True,1_lipinski_violations
CAND_9f3ed8d6b6,1,True,1_lipinski_violations
CAND_46e2402edf,1,True,1_lipinski_violations
CAND_b8164ef89e,1,True,1_lipinski_violations
CAND_a9c0ba3dc5,1,True,1_lipinski_violations
CAND_cf6ddbdcd8,1,True,1_lipinski_violations
CAND_6e20aed073,1,True,1_lipinski_violations
CAND_688c72a4e0,2,True,2_lipinski_violations
CAND_089121221a,1,True,1_lipinski_violations
CAND_c2a30ccd60,1,True,1_lipinski_violations
CAND_a36afb6d50,1,True,1_lipinski_violations
CAND_0e26b6f95d,1,True,1_lipinski_violations
CAND_0ea0f17714,1,True,1_lipinski_violations
CAND_c649a17034,1,True,1_lipinski_violations
CAND_a4b315ac91,0,True,no_major_descriptor_risk
CAND_8fedbada46,0,True,no_major_descriptor_risk
CAND_3dc4faf530,0,True,no_major_descriptor_risk
CAND_81eadb78e4,0,True,no_major_descriptor_risk
CAND_df336d7068,1,True,1_lipinski_violations
CAND_0dcdba3782,1,True,1_lipinski_violations
CAND_fbf3ac071c,1,True,1_lipinski_violations
CAND_ddf37d4af2,1,True,1_lipinski_violations
CAND_5e570ba24b,1,True,1_lipinski_violations
CAND_fbf0226dc3,2,True,2_lipinski_violations
CAND_626a3e25c7,0,True,no_major_descriptor_risk
CAND_adbaa3912e,0,True,no_major_descriptor_risk
CAND_7f367236ff,1,True,1_lipinski_violations
CAND_803e042d5c,1,True,1_lipinski_violations
CAND_95057c1e3a,1,True,1_lipinski_violations
CAND_14a7ce9c51,2,True,2_lipinski_violations
CAND_45df2aba6d,1,True,1_lipinski_violations
CAND_b3030e0e4e,2,True,2_lipinski_violations
CAND_5996a84d6e,2,True,2_lipinski_violations
CAND_43f84a3fc3,1,True,1_lipinski_violations
CAND_847edc8a69,2,True,2_lipinski_violations
CAND_464a2834c0,1,True,1_lipinski_violations
CAND_fc6a482949,1,True,1_lipinski_violations
CAND_4f84b8c357,2,True,2_lipinski_violations
CAND_706c9ed7b9,2,True,2_lipinski_violations
CAND_017564a47d,2,True,2_lipinski_violations
CAND_85be114942,1,True,1_lipinski_violations
CAND_ee94a9d960,0,True,no_major_descriptor_risk
CAND_162450a640,0,True,no_major_descriptor_risk
CAND_b36cd0ed97,1,True,1_lipinski_violations
CAND_84de9f3dc4,0,True,no_major_descriptor_risk
CAND_1c63b71a86,0,True,no_major_descriptor_risk
CAND_f8d90bd6a5,0,True,no_major_descriptor_risk
CAND_feac6e6508,0,True,no_major_descriptor_risk
CAND_07bcb9cfd4,1,True,1_lipinski_violations
CAND_2e7c2e4803,0,True,no_major_descriptor_risk
CAND_7cc8f173f5,0,True,no_major_descriptor_risk
CAND_0f47143e12,0,True,no_major_descriptor_risk
CAND_d4dd7a7078,0,True,no_major_descriptor_risk
CAND_d9136e6739,2,True,2_lipinski_violations
CAND_f2e98e76c7,1,True,1_lipinski_violations
CAND_2511f406a8,1,True,1_lipinski_violations
CAND_168c9b1da6,2,True,2_lipinski_violations
CAND_ac684ab13b,2,True,2_lipinski_violations
CAND_ee73118de5,2,True,2_lipinski_violations
CAND_93941596bb,2,True,2_lipinski_violations
CAND_82ee273bc4,2,True,2_lipinski_violations
CAND_bc1a923e47,2,True,2_lipinski_violations
CAND_ebdace6817,2,True,2_lipinski_violations
CAND_c17908a5e9,2,True,2_lipinski_violations
CAND_c30ee0ba08,2,True,2_lipinski_violations
CAND_a53d94ca99,1,True,1_lipinski_violations
CAND_dd55327490,2,True,2_lipinski_violations
CAND_e644a137e7,2,True,2_lipinski_violations
CAND_47efe2d1d7,2,True,2_lipinski_violations
CAND_67764d870e,2,True,2_lipinski_violations
CAND_0496208f44,2,True,2_lipinski_violations
CAND_07f2da1b33,2,True,2_lipinski_violations
CAND_dfe87523cb,2,True,2_lipinski_violations
CAND_032273c5f5,1,True,1_lipinski_violations
CAND_5f66515a41,2,True,2_lipinski_violations
CAND_87aa446867,2,True,2_lipinski_violations
CAND_a94e3baab4,1,True,1_lipinski_violations
CAND_fea3a8f37f,1,True,1_lipinski_violations
CAND_7f5ae039bd,0,True,no_major_descriptor_risk
CAND_effd90f5b1,2,True,2_lipinski_violations
CAND_99e1b2b119,1,True,1_lipinski_violations
CAND_7370317dfd,1,True,1_lipinski_violations
CAND_e4df689974,0,True,no_major_descriptor_risk
CAND_9d0fabd0aa,0,True,no_major_descriptor_risk
CAND_7d1f791e2e,0,True,no_major_descriptor_risk
CAND_0c6474d182,0,True,no_major_descriptor_risk
CAND_88ec846684,0,True,no_major_descriptor_risk
CAND_42f6996e22,0,True,no_major_descriptor_risk
CAND_4bba189768,1,True,1_lipinski_violations
CAND_c8a4a68233,2,True,2_lipinski_violations
CAND_2960a008f8,2,True,2_lipinski_violations
CAND_7f3f111041,0,True,no_major_descriptor_risk
CAND_2ec59cfa15,0,True,no_major_descriptor_risk
CAND_f9d41b7f92,0,True,no_major_descriptor_risk
CAND_1ce00d4d3f,1,True,1_lipinski_violations
CAND_e3ec3b87bf,1,True,1_lipinski_violations
CAND_a4c2a7f37e,2,True,2_lipinski_violations
CAND_0af8eae193,2,True,2_lipinski_violations
CAND_21d5c2a058,1,False,1_lipinski_violations;veber_fail
CAND_2cc57d1974,2,True,2_lipinski_violations
CAND_8ef0c516b0,1,False,1_lipinski_violations;veber_fail
CAND_7bdfc9ff18,1,True,1_lipinski_violations
CAND_f78b7adfc8,2,True,2_lipinski_violations
CAND_9c54bb8751,1,True,1_lipinski_violations
CAND_30b66e2f49,1,True,1_lipinski_violations
CAND_ce9b976ff8,1,False,1_lipinski_violations;veber_fail
CAND_0344f398af,2,True,2_lipinski_violations
CAND_515c5f5575,2,True,2_lipinski_violations
CAND_b5c97f3c63,2,True,2_lipinski_violations
CAND_394f33a108,2,True,2_lipinski_violations
CAND_bdc24da64d,2,True,2_lipinski_violations
CAND_ec7c8c3017,2,True,2_lipinski_violations
CAND_41793a8520,2,True,2_lipinski_violations
CAND_45f6e90190,1,True,1_lipinski_violations
CAND_01394ecda3,2,True,2_lipinski_violations
CAND_997439924b,2,True,2_lipinski_violations
CAND_68b00052e0,2,True,2_lipinski_violations
CAND_07051de585,2,True,2_lipinski_violations
CAND_65bfc6d358,2,True,2_lipinski_violations
CAND_9d236a87dc,1,True,1_lipinski_violations
CAND_70eaeabdb8,1,True,1_lipinski_violations
CAND_edc9e4944c,1,True,1_lipinski_violations
CAND_e122b1eaf0,2,True,2_lipinski_violations
CAND_cc25a26110,2,True,2_lipinski_violations
CAND_96778bb7e3,2,True,2_lipinski_violations
CAND_28cac63be1,2,True,2_lipinski_violations
CAND_6bd78de17e,1,True,1_lipinski_violations
CAND_8030c5035e,2,True,2_lipinski_violations
CAND_2c663de68d,1,True,1_lipinski_violations
CAND_0d6b83e819,1,True,1_lipinski_violations
CAND_4855454628,1,True,1_lipinski_violations
CAND_384cba7aad,1,True,1_lipinski_violations
CAND_e86332d2dd,1,True,1_lipinski_violations
CAND_3cd6386e26,1,True,1_lipinski_violations
CAND_7b84cfd46b,2,True,2_lipinski_violations
CAND_62beaa9218,1,True,1_lipinski_violations
CAND_4097220d1a,2,True,2_lipinski_violations
CAND_2ff2f46946,2,True,2_lipinski_violations
CAND_502cbe052e,1,True,1_lipinski_violations
CAND_bb6ad6378d,1,True,1_lipinski_violations
CAND_26a443d5db,1,True,1_lipinski_violations
CAND_38fda60f9d,1,True,1_lipinski_violations
CAND_d74c04b525,2,True,2_lipinski_violations
CAND_fdcd8ab57d,2,True,2_lipinski_violations
CAND_52d095f91b,1,True,1_lipinski_violations
CAND_67421354d4,2,True,2_lipinski_violations
CAND_d815bf9c51,2,True,2_lipinski_violations
CAND_02493d68bd,0,True,no_major_descriptor_risk
CAND_af8b14f318,1,True,1_lipinski_violations
CAND_12f587d270,2,True,2_lipinski_violations
CAND_980a896e97,0,True,no_major_descriptor_risk
CAND_a8038a77ad,0,True,no_major_descriptor_risk
CAND_3587853a33,0,True,no_major_descriptor_risk
CAND_471c379b50,0,True,no_major_descriptor_risk
CAND_7f954142ab,1,True,1_lipinski_violations
CAND_7cfbf8a339,2,True,2_lipinski_violations
CAND_e03b9d8fa0,1,True,1_lipinski_violations
CAND_e68001e6b5,2,True,2_lipinski_violations
CAND_7e61edd3ba,1,True,1_lipinski_violations
CAND_a9a8e2e373,1,True,1_lipinski_violations
CAND_bd25688d6a,2,True,2_lipinski_violations
CAND_3e490e3341,1,True,1_lipinski_violations
CAND_8038e17e48,2,True,2_lipinski_violations
CAND_47395eb333,1,True,1_lipinski_violations
CAND_56809e1486,1,True,1_lipinski_violations
CAND_ebec8de63c,1,True,1_lipinski_violations
CAND_1ca7064cbd,1,True,1_lipinski_violations
CAND_8ed92f3f56,1,True,1_lipinski_violations
CAND_7b8bebb63a,1,True,1_lipinski_violations
CAND_20b8723a92,1,True,1_lipinski_violations
CAND_ccd3b94e08,0,True,no_major_descriptor_risk
CAND_dfaf63d177,0,True,no_major_descriptor_risk
CAND_fbbe9f00c0,1,True,1_lipinski_violations
CAND_8643112726,1,True,1_lipinski_violations
CAND_7170e4ea93,2,True,2_lipinski_violations
CAND_a5e4a7a031,1,True,1_lipinski_violations
CAND_9c76d97cf0,2,True,2_lipinski_violations
CAND_052bfbefd8,2,True,2_lipinski_violations
CAND_0a27bcff37,0,True,no_major_descriptor_risk
CAND_2178f270ef,0,True,no_major_descriptor_risk
CAND_5981b9e066,1,True,1_lipinski_violations
CAND_f06a3fdd4a,0,True,no_major_descriptor_risk
CAND_1ac07ab109,1,True,1_lipinski_violations
CAND_5d37f86703,1,True,1_lipinski_violations
CAND_38c623180c,1,True,1_lipinski_violations
CAND_086ae10145,1,True,1_lipinski_violations
CAND_92bbcb9c46,1,True,1_lipinski_violations
CAND_954ede6eec,0,True,no_major_descriptor_risk
CAND_234e2e8445,0,True,no_major_descriptor_risk
CAND_fd66474a08,1,True,1_lipinski_violations
CAND_277dcef086,1,True,1_lipinski_violations
CAND_643f369524,1,True,1_lipinski_violations
CAND_cb17073443,1,True,1_lipinski_violations
CAND_c57a4382cb,1,True,1_lipinski_violations
CAND_6f5ef8cc8e,1,True,1_lipinski_violations
CAND_baa90f56f0,1,True,1_lipinski_violations
CAND_cd201dbd81,2,True,2_lipinski_violations
CAND_8f3766b6c6,1,True,1_lipinski_violations
CAND_2dae785cbc,1,True,1_lipinski_violations
CAND_25816272de,1,True,1_lipinski_violations
CAND_39c42fa51b,2,True,2_lipinski_violations
CAND_7c9c96b946,1,True,1_lipinski_violations
CAND_c9d76fce72,0,True,no_major_descriptor_risk
CAND_f975c22371,0,True,no_major_descriptor_risk
CAND_fb43874462,1,True,1_lipinski_violations
CAND_32e0942ec0,0,True,no_major_descriptor_risk
CAND_79fb694411,1,True,1_lipinski_violations
CAND_f0703d79a3,1,True,1_lipinski_violations
CAND_4f8dfc846c,1,True,1_lipinski_violations
CAND_cdb3dcd33c,1,True,1_lipinski_violations
CAND_6d3d2803c2,1,True,1_lipinski_violations
CAND_e8b9953a6b,1,True,1_lipinski_violations
CAND_aa8a7c7444,1,True,1_lipinski_violations
CAND_4086af4ce5,1,True,1_lipinski_violations
CAND_975aa2caf1,1,True,1_lipinski_violations
CAND_ee77245a6f,0,True,no_major_descriptor_risk
CAND_7879c56f04,0,True,no_major_descriptor_risk
CAND_0c23388412,0,True,no_major_descriptor_risk
CAND_a4a72641e8,0,True,no_major_descriptor_risk
CAND_0d30d4b5f0,1,True,1_lipinski_violations
CAND_b0c2c765c3,0,True,no_major_descriptor_risk
CAND_71b8fb9970,0,True,no_major_descriptor_risk
CAND_36cc9c28a3,0,True,no_major_descriptor_risk
CAND_772db48db6,0,True,no_major_descriptor_risk
CAND_56b90184b5,0,True,no_major_descriptor_risk
CAND_164dd19a3f,1,True,1_lipinski_violations
CAND_7cd3bc201a,0,False,veber_fail
CAND_84aa1e8b9c,0,False,veber_fail
CAND_a62244c45c,1,True,1_lipinski_violations
CAND_f8ec1734d4,0,True,no_major_descriptor_risk
CAND_4116572802,1,True,1_lipinski_violations
CAND_55f81b4ed3,1,False,1_lipinski_violations;veber_fail
CAND_4b2f24b0ef,1,False,1_lipinski_violations;veber_fail
CAND_19cc481cba,1,True,1_lipinski_violations
CAND_ca19d8b9ad,1,False,1_lipinski_violations;veber_fail
CAND_ab9b05b3e6,1,False,1_lipinski_violations;veber_fail
CAND_d215975546,1,False,1_lipinski_violations;veber_fail
CAND_8ef92b9bdd,1,True,1_lipinski_violations
CAND_2b446cec57,0,True,no_major_descriptor_risk
CAND_2bc5624bee,0,True,no_major_descriptor_risk
CAND_319d64e5e6,0,True,no_major_descriptor_risk
CAND_d41bdfe2a1,0,True,no_major_descriptor_risk
CAND_a247dbcf2a,1,True,1_lipinski_violations
CAND_529b827afc,0,True,no_major_descriptor_risk
CAND_7d9285db0c,0,True,no_major_descriptor_risk
CAND_98e7c42073,1,True,1_lipinski_violations
CAND_80956f1703,0,True,no_major_descriptor_risk
CAND_6581208ea1,1,True,1_lipinski_violations
CAND_209fc40f4e,1,True,1_lipinski_violations
CAND_7fbe23f5aa,1,True,1_lipinski_violations
CAND_e43dda5bf9,1,True,1_lipinski_violations
CAND_00b1d45781,1,True,1_lipinski_violations
CAND_c326ba5f4a,2,True,2_lipinski_violations
CAND_c7144f64ab,1,True,1_lipinski_violations
CAND_dc2175df05,1,True,1_lipinski_violations
CAND_a6a2336a2b,1,True,1_lipinski_violations
CAND_711f4cf902,2,True,2_lipinski_violations
CAND_d5c7d57131,1,True,1_lipinski_violations
CAND_3a04ab4eb5,1,True,1_lipinski_violations
CAND_a6a2487132,1,True,1_lipinski_violations
CAND_b1c386dfde,1,True,1_lipinski_violations
CAND_a9b2f7d882,1,True,1_lipinski_violations
CAND_1508544e76,1,True,1_lipinski_violations
CAND_cef7f4116c,2,True,2_lipinski_violations
CAND_7d4df91781,2,True,2_lipinski_violations
CAND_f904d637a3,1,True,1_lipinski_violations
CAND_aa78690372,1,True,1_lipinski_violations
CAND_16de04be41,1,True,1_lipinski_violations
CAND_e75de26c06,2,True,2_lipinski_violations
CAND_261cd9a7c4,1,True,1_lipinski_violations
CAND_5d252fce88,1,True,1_lipinski_violations
CAND_f70865917f,1,True,1_lipinski_violations
CAND_fac1d682b4,2,True,2_lipinski_violations
CAND_c790c0740d,1,True,1_lipinski_violations
CAND_f919269957,1,True,1_lipinski_violations
CAND_67f2264879,2,True,2_lipinski_violations
CAND_21f164f71c,2,True,2_lipinski_violations
CAND_363ad1b621,1,True,1_lipinski_violations
CAND_a0e3b655e0,1,True,1_lipinski_violations
CAND_23f52cdfc9,1,True,1_lipinski_violations
CAND_2b1b8ed033,0,True,no_major_descriptor_risk
CAND_515d23d990,0,True,no_major_descriptor_risk
CAND_9cba540bc7,0,True,no_major_descriptor_risk
CAND_e89abb92c9,1,True,1_lipinski_violations
CAND_336a01b86f,1,True,1_lipinski_violations
CAND_5db95d7999,1,True,1_lipinski_violations
CAND_6f0f198c18,2,False,2_lipinski_violations;veber_fail
CAND_decd998413,2,True,2_lipinski_violations
CAND_46dfc2cb2e,3,True,3_lipinski_violations
CAND_6488856dd9,3,True,3_lipinski_violations
CAND_62c98ef1d7,3,False,3_lipinski_violations;veber_fail
CAND_b92ed07937,3,True,3_lipinski_violations
CAND_f3acc69c5e,2,True,2_lipinski_violations
CAND_6cdb8038dd,2,False,2_lipinski_violations;veber_fail
CAND_bf2a76c936,2,False,2_lipinski_violations;veber_fail
CAND_529a6c3f1f,2,True,2_lipinski_violations
CAND_3bbbb23974,1,True,1_lipinski_violations
CAND_ac84f158b0,2,True,2_lipinski_violations
CAND_ddacef815f,0,True,no_major_descriptor_risk
CAND_ccbfd0eb2b,0,True,no_major_descriptor_risk
CAND_acb24334b7,0,True,no_major_descriptor_risk
CAND_ba68c68024,0,True,no_major_descriptor_risk
CAND_4259713b64,0,True,no_major_descriptor_risk
CAND_ae981c6fb0,0,True,no_major_descriptor_risk
CAND_e2b52bbbe2,0,True,no_major_descriptor_risk
CAND_38c7b9224a,0,True,no_major_descriptor_risk
CAND_8e4462dac3,0,True,no_major_descriptor_risk
CAND_773ac93850,0,True,no_major_descriptor_risk
CAND_cf2e802e21,0,True,no_major_descriptor_risk
CAND_3a5c9150cd,0,True,no_major_descriptor_risk
CAND_eb6d950551,0,True,no_major_descriptor_risk
CAND_2b2bd3f17f,0,True,no_major_descriptor_risk
CAND_c68e47b024,0,True,no_major_descriptor_risk
CAND_bf189fd61f,1,True,1_lipinski_violations
CAND_68edec2ba2,0,True,no_major_descriptor_risk
CAND_407e2e2cab,1,True,1_lipinski_violations
CAND_31e115e99c,1,True,1_lipinski_violations
CAND_ad4a50e3d2,1,True,1_lipinski_violations
CAND_751ceb6ce5,1,True,1_lipinski_violations
CAND_5393acf626,1,True,1_lipinski_violations
CAND_4fd2b80583,0,True,no_major_descriptor_risk
CAND_b238ded386,0,True,no_major_descriptor_risk
CAND_4d76f94e09,1,True,1_lipinski_violations
CAND_806f002d1f,2,True,2_lipinski_violations
CAND_71649d9412,1,True,1_lipinski_violations
CAND_151b03c520,1,True,1_lipinski_violations
CAND_274b6de417,1,True,1_lipinski_violations
CAND_2cde398b80,1,True,1_lipinski_violations
CAND_f51a33665a,0,True,no_major_descriptor_risk
CAND_6145e7244b,0,True,no_major_descriptor_risk
CAND_e361997c1b,0,True,no_major_descriptor_risk
CAND_42166d09fe,1,True,1_lipinski_violations
CAND_463be3a881,1,True,1_lipinski_violations
CAND_68fe7e0b44,2,True,2_lipinski_violations
CAND_564d228a16,2,True,2_lipinski_violations
CAND_85b9df8756,1,True,1_lipinski_violations
CAND_9b30d43433,1,True,1_lipinski_violations
CAND_97921c712a,1,True,1_lipinski_violations
CAND_ee2c192ce9,2,True,2_lipinski_violations
CAND_ebe0951fec,1,True,1_lipinski_violations
CAND_57f2810073,1,True,1_lipinski_violations
CAND_561f52fbbd,1,True,1_lipinski_violations
CAND_8ea1aa06c7,1,True,1_lipinski_violations
CAND_bf97977090,2,True,2_lipinski_violations
CAND_68d01c2ed9,1,True,1_lipinski_violations
CAND_faa1d1ad04,1,True,1_lipinski_violations
CAND_548b8f2e74,1,True,1_lipinski_violations
CAND_b800802576,0,True,no_major_descriptor_risk
CAND_79876d234c,1,True,1_lipinski_violations
CAND_c1d2b2c23d,0,True,no_major_descriptor_risk
CAND_64922e5b02,1,True,1_lipinski_violations
CAND_bee53cd5a2,1,True,1_lipinski_violations
CAND_cf66d47f14,2,True,2_lipinski_violations
CAND_0aebecab5e,1,True,1_lipinski_violations
CAND_83158954ea,0,True,no_major_descriptor_risk
CAND_dfb4816b66,1,True,1_lipinski_violations
CAND_dfe8b043cd,0,True,no_major_descriptor_risk
CAND_ff47daeb26,0,True,no_major_descriptor_risk
CAND_695c8e9cf8,0,False,veber_fail
CAND_5193270aa3,1,True,1_lipinski_violations
CAND_b38b2a5d27,0,True,no_major_descriptor_risk
CAND_b7fe6ba6f1,0,True,no_major_descriptor_risk
CAND_fc5fa297de,0,True,no_major_descriptor_risk
CAND_d3cbab849a,0,False,veber_fail
CAND_2145627c64,0,True,no_major_descriptor_risk
CAND_a82d196107,0,True,no_major_descriptor_risk
CAND_f4d3e80099,0,True,no_major_descriptor_risk
CAND_688ab03bb6,0,True,no_major_descriptor_risk
CAND_008b440ef4,1,True,1_lipinski_violations
CAND_c8655bcb8d,1,True,1_lipinski_violations
CAND_6c80ae4581,1,True,1_lipinski_violations
CAND_38aa9ccb8c,1,True,1_lipinski_violations
CAND_35823d429a,2,True,2_lipinski_violations
CAND_bf89d5e925,1,True,1_lipinski_violations
CAND_bd479e467e,1,True,1_lipinski_violations
CAND_5a45147ed9,1,True,1_lipinski_violations
CAND_abd148ccc9,1,True,1_lipinski_violations
CAND_3f2a5c2d4c,1,True,1_lipinski_violations
CAND_6ac341832b,2,True,2_lipinski_violations
CAND_f4b15fd9d2,1,True,1_lipinski_violations
CAND_122a278888,2,True,2_lipinski_violations
CAND_009838c7d8,2,True,2_lipinski_violations
CAND_89180da441,2,True,2_lipinski_violations
CAND_2607483a27,2,True,2_lipinski_violations
CAND_a6ca9e5545,2,True,2_lipinski_violations
CAND_24d53b707e,2,True,2_lipinski_violations
CAND_9211b0b752,1,True,1_lipinski_violations
CAND_0740fc47ed,0,True,no_major_descriptor_risk
CAND_344bde067b,0,True,no_major_descriptor_risk
CAND_87002a6ca2,1,True,1_lipinski_violations
CAND_2e5198015a,0,True,no_major_descriptor_risk
CAND_ca087bd4a7,0,True,no_major_descriptor_risk
CAND_b677b74932,0,True,no_major_descriptor_risk
CAND_b059a08900,0,True,no_major_descriptor_risk
CAND_32e75fc8a2,0,True,no_major_descriptor_risk
CAND_8a8ace909f,0,True,no_major_descriptor_risk
CAND_aeac2cea3b,0,True,no_major_descriptor_risk
CAND_f3cb3c0c2e,0,True,no_major_descriptor_risk
CAND_e0f4206df0,1,True,1_lipinski_violations
CAND_c2e0f1c972,0,True,no_major_descriptor_risk
CAND_2afddc5d05,0,True,no_major_descriptor_risk
CAND_33254a6a0a,1,True,1_lipinski_violations
CAND_01a84bab3a,0,True,no_major_descriptor_risk
CAND_0a8194ce14,0,True,no_major_descriptor_risk
CAND_36153ff10a,0,True,no_major_descriptor_risk
CAND_ca9b5b94fe,0,True,no_major_descriptor_risk
CAND_45414c9627,1,True,1_lipinski_violations
CAND_6d36424498,1,True,1_lipinski_violations
CAND_17c55e3e2a,1,True,1_lipinski_violations
CAND_7844b953f8,0,True,no_major_descriptor_risk
CAND_15591f58cc,1,True,1_lipinski_violations
CAND_b05a3decec,2,True,2_lipinski_violations
CAND_6e059290b1,2,True,2_lipinski_violations
CAND_b066130b58,2,True,2_lipinski_violations
CAND_c2380d4a67,2,True,2_lipinski_violations
CAND_14f4128ca7,2,True,2_lipinski_violations
CAND_69e1d3f01b,2,True,2_lipinski_violations
CAND_328d6627f6,2,True,2_lipinski_violations
CAND_70fb82066c,2,True,2_lipinski_violations
CAND_74d87ab436,1,True,1_lipinski_violations
CAND_5e49a1f78e,2,True,2_lipinski_violations
CAND_d9173d0a6e,1,True,1_lipinski_violations
CAND_84834fc76a,2,True,2_lipinski_violations
CAND_a35b62ee63,2,True,2_lipinski_violations
CAND_1d33f09a7f,1,True,1_lipinski_violations
CAND_b50f1761e3,2,True,2_lipinski_violations
CAND_7484823cb2,1,True,1_lipinski_violations
CAND_09efdfe281,2,True,2_lipinski_violations
CAND_e835e0fd94,2,True,2_lipinski_violations
CAND_1673e84380,1,True,1_lipinski_violations
CAND_b7c90cceaf,1,True,1_lipinski_violations
CAND_e38bd809f0,2,True,2_lipinski_violations
CAND_b31b5fdd92,2,True,2_lipinski_violations
CAND_4633171b8e,2,True,2_lipinski_violations
CAND_f8ef4bff60,2,True,2_lipinski_violations
CAND_b0fca6c704,1,True,1_lipinski_violations
CAND_36e63087ee,1,True,1_lipinski_violations
CAND_0b8d190a83,2,True,2_lipinski_violations
CAND_07fa6be3c9,2,True,2_lipinski_violations
CAND_338f8e887a,2,True,2_lipinski_violations
CAND_83616b9304,2,True,2_lipinski_violations
CAND_4c1122e3a4,1,True,1_lipinski_violations
CAND_e6a4c5babc,1,True,1_lipinski_violations
CAND_a789e10a1a,1,True,1_lipinski_violations
CAND_d64fe690e0,2,True,2_lipinski_violations
CAND_0adccc6670,1,True,1_lipinski_violations
CAND_96824da12c,1,True,1_lipinski_violations
CAND_92a49dbf08,1,True,1_lipinski_violations
CAND_70688a7818,1,True,1_lipinski_violations
CAND_6fe440242d,2,True,2_lipinski_violations
CAND_8835abd223,1,True,1_lipinski_violations
CAND_f5cb6ad52c,2,True,2_lipinski_violations
CAND_4b9c31f67e,1,True,1_lipinski_violations
CAND_d6962ef8a5,1,True,1_lipinski_violations
CAND_f156846243,2,True,2_lipinski_violations
CAND_d6751aac8b,2,True,2_lipinski_violations
CAND_d90aabd703,1,True,1_lipinski_violations
CAND_e6e60900eb,2,True,2_lipinski_violations
CAND_e62c1c221e,2,True,2_lipinski_violations
CAND_31e494e063,2,True,2_lipinski_violations
CAND_c28861c406,2,True,2_lipinski_violations
CAND_470f87bc5e,1,True,1_lipinski_violations
CAND_9c874e0da8,2,True,2_lipinski_violations
CAND_3b87e0d1a4,2,True,2_lipinski_violations
CAND_ce1dd22c00,2,True,2_lipinski_violations
CAND_b20cb4f790,2,True,2_lipinski_violations
CAND_55d051434a,1,True,1_lipinski_violations
CAND_e276a5820c,2,True,2_lipinski_violations
CAND_7d8adc03f2,2,True,2_lipinski_violations
CAND_8251f50d35,1,True,1_lipinski_violations
CAND_e213384bef,2,True,2_lipinski_violations
CAND_120af8c1e6,2,True,2_lipinski_violations
CAND_68b4170d1b,1,True,1_lipinski_violations
CAND_8d7d8bec09,1,True,1_lipinski_violations
CAND_ad7aad0646,2,True,2_lipinski_violations
CAND_d4110897b4,0,True,no_major_descriptor_risk
CAND_9eebb0a866,1,True,1_lipinski_violations
CAND_e18e4175c2,0,True,no_major_descriptor_risk
CAND_d2b385c05a,0,True,no_major_descriptor_risk
CAND_da533db453,0,True,no_major_descriptor_risk
CAND_5294569553,0,True,no_major_descriptor_risk
CAND_727a3c97c8,0,True,no_major_descriptor_risk
CAND_1ec37624ce,1,True,1_lipinski_violations
CAND_57b13ffc6b,0,True,no_major_descriptor_risk
CAND_f4d4bd8e02,0,True,no_major_descriptor_risk
CAND_8075aac89b,0,True,no_major_descriptor_risk
CAND_462298ef07,0,True,no_major_descriptor_risk
CAND_5f82d86ea7,1,True,1_lipinski_violations
CAND_7bb453b886,2,True,2_lipinski_violations
CAND_0d0d0fa2d0,1,True,1_lipinski_violations
CAND_6e7519d901,2,True,2_lipinski_violations
CAND_a6c8df8091,2,True,2_lipinski_violations
CAND_8871cec734,2,True,2_lipinski_violations
CAND_b8a4129a0e,1,True,1_lipinski_violations
CAND_16b81b9a61,2,True,2_lipinski_violations
CAND_4a9810404a,2,True,2_lipinski_violations
CAND_001b62446b,2,True,2_lipinski_violations
CAND_b3bde82ae6,1,True,1_lipinski_violations
CAND_d95537c3b9,1,False,1_lipinski_violations;veber_fail
CAND_cd85f21532,2,True,2_lipinski_violations
CAND_06acb27349,1,True,1_lipinski_violations
CAND_ed2e007054,1,False,1_lipinski_violations;veber_fail
CAND_c0523868a9,1,False,1_lipinski_violations;veber_fail
CAND_574e7e7cf8,1,True,1_lipinski_violations
CAND_af0d0ee723,1,False,1_lipinski_violations;veber_fail
CAND_0be4d17b85,1,False,1_lipinski_violations;veber_fail
CAND_92dac9236d,1,True,1_lipinski_violations
CAND_906d0476ee,1,False,1_lipinski_violations;veber_fail
CAND_39be04d9cb,1,True,1_lipinski_violations
CAND_00bdf7e4d5,1,False,1_lipinski_violations;veber_fail
CAND_5f9f5d09dd,1,True,1_lipinski_violations
CAND_9271a3cd06,1,True,1_lipinski_violations
CAND_0996574f3b,1,True,1_lipinski_violations
CAND_0bbfaa8686,2,True,2_lipinski_violations
CAND_a53f2fbae4,2,True,2_lipinski_violations
CAND_4a249088a0,1,True,1_lipinski_violations
CAND_d638787d03,2,True,2_lipinski_violations
CAND_d77851b222,1,True,1_lipinski_violations
CAND_6b4009e564,1,True,1_lipinski_violations
CAND_7d25f723fb,2,True,2_lipinski_violations
CAND_6cb48efa81,1,True,1_lipinski_violations
CAND_d6f4462979,1,True,1_lipinski_violations
CAND_e30033452e,1,True,1_lipinski_violations
CAND_e70248d679,2,True,2_lipinski_violations
CAND_f632a02b3f,2,True,2_lipinski_violations
CAND_28dac4d274,2,True,2_lipinski_violations
CAND_96d0490ca2,2,True,2_lipinski_violations
CAND_fa5cfcefc8,2,True,2_lipinski_violations
CAND_ca63e6b2f0,1,True,1_lipinski_violations
CAND_2aa586cbd7,2,True,2_lipinski_violations
CAND_8450e1d89e,2,True,2_lipinski_violations
CAND_0eb7e9be3b,2,True,2_lipinski_violations
CAND_8956e81a7d,1,True,1_lipinski_violations
CAND_a8e756541d,1,True,1_lipinski_violations
CAND_854555e928,0,True,no_major_descriptor_risk
CAND_bac79d6da9,0,True,no_major_descriptor_risk
CAND_d67718317f,1,True,1_lipinski_violations
CAND_682fd95ebf,1,True,1_lipinski_violations
CAND_722b7b4c2e,0,True,no_major_descriptor_risk
CAND_0167e6d3d1,0,True,no_major_descriptor_risk
CAND_9c3a607aef,0,True,no_major_descriptor_risk
CAND_0746343a53,0,True,no_major_descriptor_risk
CAND_d5a4037bc5,0,True,no_major_descriptor_risk
CAND_d992a20165,0,True,no_major_descriptor_risk
CAND_05f56ab50c,0,True,no_major_descriptor_risk
CAND_a81776c27f,2,True,2_lipinski_violations
CAND_57a863a9e9,2,True,2_lipinski_violations
CAND_0deb013ed1,1,True,1_lipinski_violations
CAND_22ccdec266,2,True,2_lipinski_violations
CAND_f7cd0bffe4,1,True,1_lipinski_violations
CAND_23e85b7d07,0,True,no_major_descriptor_risk
CAND_4d87f3eac0,1,True,1_lipinski_violations
CAND_aa8549b25a,0,True,no_major_descriptor_risk
CAND_d1492f9026,0,True,no_major_descriptor_risk
CAND_32d20f1c4e,1,True,1_lipinski_violations
CAND_5fcc425a1a,0,True,no_major_descriptor_risk
CAND_305d7fe57a,0,True,no_major_descriptor_risk
CAND_5962f60543,2,True,2_lipinski_violations
CAND_ec2867463a,2,True,2_lipinski_violations
CAND_4b184c3a71,2,True,2_lipinski_violations
CAND_df08348a3e,1,True,1_lipinski_violations
CAND_2e867a274d,2,True,2_lipinski_violations
CAND_4242f58a6a,2,True,2_lipinski_violations
CAND_b3ff15b8d8,1,True,1_lipinski_violations
CAND_f629e541e2,1,True,1_lipinski_violations
CAND_ea9f4c7c11,1,True,1_lipinski_violations
CAND_250b717f95,2,True,2_lipinski_violations
CAND_a07c9056fa,0,True,no_major_descriptor_risk
CAND_275b854ff2,0,True,no_major_descriptor_risk
CAND_5759b92ae2,0,True,no_major_descriptor_risk
CAND_4c3a91ce68,0,True,no_major_descriptor_risk
CAND_82256bdb63,0,True,no_major_descriptor_risk
CAND_92e3d0d3ad,1,True,1_lipinski_violations
CAND_0a8da131b5,0,True,no_major_descriptor_risk
CAND_ea7863f09f,0,True,no_major_descriptor_risk
CAND_f6e2d6f6b7,1,True,1_lipinski_violations
CAND_20d49bba09,2,True,2_lipinski_violations
CAND_47f431b5c6,1,True,1_lipinski_violations
CAND_4cbd2a52ac,0,True,no_major_descriptor_risk
