candidate_id,qed,sa_score,mw,logp,tpsa,hbd,hba,rotatable_bonds,lipinski_violations,veber_pass,admet_score,synthesis_score,safety_proxy_score,main_risk
CAND_8f58782c4d,0.4626,4.512,482.587,4.2729,94.82,1,8,3,0,True,0.75817,0.609778,1.0,no_major_descriptor_risk
CAND_0ea6b3bd67,0.4626,4.512,482.587,4.2729,94.82,1,8,3,0,True,0.75817,0.609778,1.0,no_major_descriptor_risk
CAND_0f3be20d2f,0.4483,4.59,496.614,4.3154,94.82,1,8,3,0,True,0.751735,0.601111,1.0,no_major_descriptor_risk
CAND_aba9ac81c8,0.4651,4.292,465.535,3.1293,106.85,2,8,2,0,True,0.759295,0.634222,1.0,no_major_descriptor_risk
CAND_85fbfbf3db,0.4516,4.37,479.562,3.1718,106.85,2,8,2,0,True,0.75322,0.625556,1.0,no_major_descriptor_risk
CAND_59b9cb396b,0.4753,4.417,465.535,3.1293,106.85,2,8,3,0,True,0.763885,0.620333,1.0,no_major_descriptor_risk
CAND_b11643e912,0.4615,4.495,479.562,3.1718,106.85,2,8,3,0,True,0.757675,0.611667,1.0,no_major_descriptor_risk
CAND_7c716cbf2c,0.4651,4.292,465.535,3.1293,106.85,2,8,2,0,True,0.759295,0.634222,1.0,no_major_descriptor_risk
CAND_715e53ab6e,0.4516,4.37,479.562,3.1718,106.85,2,8,2,0,True,0.75322,0.625556,1.0,no_major_descriptor_risk
CAND_97d10b2bf0,0.4626,4.512,482.587,4.2729,94.82,1,8,3,0,True,0.75817,0.609778,1.0,no_major_descriptor_risk
CAND_ae3e5b7c5c,0.4483,4.59,496.614,4.3154,94.82,1,8,3,0,True,0.751735,0.601111,1.0,no_major_descriptor_risk
CAND_eee3e9a9b2,0.4526,4.387,482.587,4.2729,94.82,1,8,2,0,True,0.75367,0.623667,1.0,no_major_descriptor_risk
CAND_49672ce1f9,0.4651,4.292,465.535,3.1293,106.85,2,8,2,0,True,0.759295,0.634222,1.0,no_major_descriptor_risk
CAND_fefc918672,0.4516,4.37,479.562,3.1718,106.85,2,8,2,0,True,0.75322,0.625556,1.0,no_major_descriptor_risk
CAND_8a6617e03a,0.5006,4.67,488.592,3.8266,100.64,3,8,2,0,True,0.77527,0.592222,1.0,no_major_descriptor_risk
CAND_f11ff7167e,0.4455,5.197,521.712,5.6868,79.38,2,8,2,2,True,0.552475,0.533667,1.0,2_lipinski_violations
CAND_fd80188ca2,0.4305,5.038,549.766,5.5556,79.38,2,8,2,2,True,0.545725,0.551333,1.0,2_lipinski_violations
CAND_7de9ad38a2,0.4123,4.85,521.025,3.3946,92.08,2,9,2,1,True,0.636535,0.572222,1.0,1_lipinski_violations
CAND_d609b40c0f,0.3962,4.945,538.077,4.5382,80.05,1,9,2,1,True,0.62929,0.561667,1.0,1_lipinski_violations
CAND_8963515af2,0.4123,4.85,521.025,3.3946,92.08,2,9,2,1,True,0.636535,0.572222,1.0,1_lipinski_violations
CAND_c40fa5398d,0.3983,4.928,535.052,3.7847,92.08,2,9,2,1,True,0.630235,0.563556,1.0,1_lipinski_violations
CAND_19a536e3d2,0.3915,4.725,521.025,3.3946,92.08,2,9,1,1,True,0.627175,0.586111,1.0,1_lipinski_violations
CAND_e4823f5727,0.3782,4.803,535.052,3.7847,92.08,2,9,1,1,True,0.62119,0.577444,1.0,1_lipinski_violations
CAND_73d68e9fba,0.4123,4.85,521.025,3.3946,92.08,2,9,2,1,True,0.636535,0.572222,1.0,1_lipinski_violations
CAND_c78b3e4148,0.3915,4.475,521.025,3.3962,92.08,2,9,1,1,True,0.627175,0.613889,1.0,1_lipinski_violations
CAND_9e4ffceec9,0.3488,5.201,568.172,5.4287,70.82,1,9,3,2,True,0.50896,0.533222,1.0,2_lipinski_violations
CAND_fb3d46d368,0.3389,5.301,582.199,5.4712,70.82,1,9,3,2,True,0.504505,0.522111,1.0,2_lipinski_violations
CAND_b8e4d9515e,0.3389,5.301,582.199,5.4712,70.82,1,9,3,2,True,0.504505,0.522111,1.0,2_lipinski_violations
CAND_7c05d32b8d,0.4292,4.631,504.038,4.8275,70.82,1,7,3,1,True,0.64414,0.596556,1.0,1_lipinski_violations
CAND_9ba10771de,0.4007,4.82,538.077,4.6696,80.05,1,9,3,1,True,0.631315,0.575556,1.0,1_lipinski_violations
CAND_efe79e39a5,0.3891,4.898,552.104,4.7121,80.05,1,9,3,1,True,0.626095,0.566889,1.0,1_lipinski_violations
CAND_30f572f263,0.3595,5.102,554.145,5.3862,70.82,1,9,3,2,True,0.513775,0.544222,1.0,2_lipinski_violations
CAND_39ff2db598,0.3488,5.201,568.172,5.4287,70.82,1,9,3,2,True,0.50896,0.533222,1.0,2_lipinski_violations
CAND_047bf215c9,0.3595,5.102,554.145,5.3862,70.82,1,9,3,2,True,0.513775,0.544222,1.0,2_lipinski_violations
CAND_1e4806b1e8,0.3488,5.201,568.172,5.4287,70.82,1,9,3,2,True,0.50896,0.533222,1.0,2_lipinski_violations
CAND_3dfa95d1a2,0.4199,4.506,504.038,4.8275,70.82,1,7,2,1,True,0.639955,0.610444,1.0,1_lipinski_violations
CAND_ca7271b53b,0.4115,4.6,521.025,3.526,92.08,2,9,2,1,True,0.636175,0.6,1.0,1_lipinski_violations
CAND_0c68695d46,0.6082,3.756,427.501,4.1894,86.47,2,6,1,0,True,0.82369,0.693778,1.0,no_major_descriptor_risk
CAND_993cf43817,0.5669,3.672,412.49,3.7199,89.27,3,6,1,0,True,0.805105,0.703111,1.0,no_major_descriptor_risk
CAND_f9e5444988,0.626,3.678,413.474,4.1469,86.47,2,6,1,0,True,0.8317,0.702444,1.0,no_major_descriptor_risk
CAND_a556a9df63,0.626,3.678,413.474,4.1469,86.47,2,6,1,0,True,0.8317,0.702444,1.0,no_major_descriptor_risk
CAND_8dcd0c2abd,0.6433,3.6,399.447,4.1044,86.47,2,6,1,0,True,0.839485,0.711111,1.0,no_major_descriptor_risk
CAND_6e72f84e62,0.5775,3.767,429.542,4.8635,77.24,2,6,1,0,True,0.809875,0.692556,1.0,no_major_descriptor_risk
CAND_ce8d15fc15,0.4228,4.881,481.626,4.9508,94.02,2,8,4,0,True,0.74026,0.568778,1.0,no_major_descriptor_risk
CAND_7e8acdf14b,0.4187,4.244,434.479,3.0481,115.28,3,8,1,0,True,0.738415,0.639556,1.0,no_major_descriptor_risk
CAND_15a9335668,0.4228,4.881,481.626,4.9508,94.02,2,8,4,0,True,0.74026,0.568778,1.0,no_major_descriptor_risk
CAND_1fb5702091,0.4187,4.244,434.479,3.0481,115.28,3,8,1,0,True,0.738415,0.639556,1.0,no_major_descriptor_risk
CAND_962906b23f,0.4373,4.803,467.599,4.9083,94.02,2,8,4,0,True,0.746785,0.577444,1.0,no_major_descriptor_risk
CAND_e2374410f0,0.4228,4.881,481.626,4.9508,94.02,2,8,4,0,True,0.74026,0.568778,1.0,no_major_descriptor_risk
CAND_5f15fcafbf,0.4187,4.244,434.479,3.0481,115.28,3,8,1,0,True,0.738415,0.639556,1.0,no_major_descriptor_risk
CAND_1641f8e1c6,0.3973,5.112,545.698,3.6871,118.24,2,9,3,1,True,0.629785,0.543111,1.0,1_lipinski_violations
CAND_8b249116f4,0.3932,5.112,545.698,4.0347,118.24,2,9,3,1,True,0.62794,0.543111,1.0,1_lipinski_violations
CAND_6505f7fae8,0.3932,5.112,545.698,4.0347,118.24,2,9,3,1,True,0.62794,0.543111,1.0,1_lipinski_violations
CAND_96365819ec,0.3458,5.451,606.709,2.4699,157.28,2,10,5,1,False,0.52411,0.505444,1.0,1_lipinski_violations;veber_fail
CAND_e31092dadf,0.3398,5.529,620.736,2.5124,157.28,2,10,5,1,False,0.52141,0.496778,1.0,1_lipinski_violations;veber_fail
CAND_d64ca99774,0.3696,4.887,527.629,3.3905,119.04,3,8,4,1,True,0.61732,0.568111,1.0,1_lipinski_violations
CAND_0e4a71ecf2,0.3859,4.982,544.681,4.5341,107.01,2,8,4,1,True,0.624655,0.557556,1.0,1_lipinski_violations
CAND_ca30483579,0.3597,4.965,541.656,3.433,119.04,3,8,4,1,True,0.612865,0.559444,1.0,1_lipinski_violations
CAND_610f7f38c1,0.3751,5.059,558.708,4.5766,107.01,2,8,4,1,True,0.619795,0.549,1.0,1_lipinski_violations
CAND_8b442635ee,0.2616,6.29,630.884,6.1584,97.78,2,8,6,2,True,0.46972,0.412222,1.0,2_lipinski_violations
CAND_730652f3ed,0.3696,4.887,527.629,3.3905,119.04,3,8,4,1,True,0.61732,0.568111,1.0,1_lipinski_violations
CAND_512a664d8c,0.3597,4.965,541.656,3.433,119.04,3,8,4,1,True,0.612865,0.559444,1.0,1_lipinski_violations
CAND_a73b261e28,0.3318,5.42,574.776,5.2932,97.78,2,8,5,2,True,0.50131,0.508889,1.0,2_lipinski_violations
CAND_801f262b3b,0.3774,5.107,544.681,4.5341,107.01,2,8,5,1,True,0.62083,0.543667,1.0,1_lipinski_violations
CAND_b881c16a29,0.3668,5.184,558.708,4.5766,107.01,2,8,5,1,True,0.61606,0.535111,1.0,1_lipinski_violations
CAND_a312e81d35,0.5403,4.214,451.539,4.9475,57.78,2,5,2,0,True,0.793135,0.642889,1.0,no_major_descriptor_risk
CAND_3d37604b64,0.5403,4.214,451.539,4.9475,57.78,2,5,2,0,True,0.793135,0.642889,1.0,no_major_descriptor_risk
CAND_29378a1891,0.5403,4.214,451.539,4.9475,57.78,2,5,2,0,True,0.793135,0.642889,1.0,no_major_descriptor_risk
CAND_3771d2cd1e,0.4441,4.833,493.62,5.7702,57.78,2,5,2,1,True,0.650845,0.574111,1.0,1_lipinski_violations
CAND_61a009d8d5,0.5585,4.136,437.512,4.905,57.78,2,5,2,0,True,0.801325,0.651556,1.0,no_major_descriptor_risk
CAND_b0f0b07bd6,0.5403,4.214,451.539,4.9475,57.78,2,5,2,0,True,0.793135,0.642889,1.0,no_major_descriptor_risk
CAND_5648602f83,0.3213,4.42,488.588,4.1168,97.76,3,8,0,0,True,0.694585,0.62,1.0,no_major_descriptor_risk
CAND_0458e10347,0.5277,4.072,462.0,3.9618,119.91,3,7,2,0,True,0.787465,0.658667,1.0,no_major_descriptor_risk
CAND_cf287a9c63,0.5277,4.072,462.0,3.9618,119.91,3,7,2,0,True,0.787465,0.658667,1.0,no_major_descriptor_risk
CAND_635b03db22,0.5118,4.15,476.027,4.0043,119.91,3,7,2,0,True,0.78031,0.65,1.0,no_major_descriptor_risk
CAND_8cce66ac10,0.544,4.194,447.973,3.9193,119.91,3,7,2,0,True,0.7948,0.645111,1.0,no_major_descriptor_risk
CAND_017f50f348,0.5277,4.272,462.0,3.9618,119.91,3,7,2,0,True,0.787465,0.636444,1.0,no_major_descriptor_risk
CAND_4ff08f140a,0.5277,4.072,462.0,3.9618,119.91,3,7,2,0,True,0.787465,0.658667,1.0,no_major_descriptor_risk
CAND_ff7f42ba15,0.5118,4.15,476.027,4.0043,119.91,3,7,2,0,True,0.78031,0.65,1.0,no_major_descriptor_risk
CAND_ec0aa042ad,0.5277,4.072,462.0,3.9618,119.91,3,7,2,0,True,0.787465,0.658667,1.0,no_major_descriptor_risk
CAND_6596fea968,0.5118,4.15,476.027,4.0043,119.91,3,7,2,0,True,0.78031,0.65,1.0,no_major_descriptor_risk
CAND_a778cbbbb7,0.5394,4.397,462.0,3.9618,119.91,3,7,3,0,True,0.79273,0.622556,1.0,no_major_descriptor_risk
CAND_18ff16ea57,0.5277,4.272,462.0,3.9618,119.91,3,7,2,0,True,0.787465,0.636444,1.0,no_major_descriptor_risk
CAND_fd93385f54,0.392,5.388,588.803,5.3224,103.17,2,9,4,2,True,0.5284,0.512444,1.0,2_lipinski_violations
CAND_2337c488f5,0.4199,5.149,574.776,4.9323,103.17,2,9,4,1,True,0.639955,0.539,1.0,1_lipinski_violations
CAND_a162768e25,0.4452,5.071,560.749,4.5422,103.17,2,9,4,1,True,0.65134,0.547667,1.0,1_lipinski_violations
CAND_69a07565ef,0.4357,4.658,448.617,5.671,51.45,1,6,3,1,True,0.647065,0.593556,1.0,1_lipinski_violations
CAND_f2cb9a32be,0.4665,4.46,420.563,5.586,51.45,1,6,3,1,True,0.660925,0.615556,1.0,1_lipinski_violations
CAND_4b8eca5245,0.4357,4.658,448.617,5.671,51.45,1,6,3,1,True,0.647065,0.593556,1.0,1_lipinski_violations
CAND_23d31edfc6,0.4357,4.658,448.617,5.671,51.45,1,6,3,1,True,0.647065,0.593556,1.0,1_lipinski_violations
CAND_7ed28995d4,0.4263,4.533,448.617,5.671,51.45,1,6,2,1,True,0.642835,0.607444,1.0,1_lipinski_violations
CAND_ceef604fb9,0.4116,4.633,462.644,5.7135,51.45,1,6,2,1,True,0.63622,0.596333,1.0,1_lipinski_violations
CAND_a76951d760,0.459,3.984,432.549,4.9544,60.68,1,6,1,0,True,0.75655,0.668444,1.0,no_major_descriptor_risk
CAND_7bebab68be,0.4357,4.658,448.617,5.671,51.45,1,6,3,1,True,0.647065,0.593556,1.0,1_lipinski_violations
CAND_c386247c39,0.4884,3.828,404.495,4.8694,60.68,1,6,1,0,True,0.76978,0.685778,1.0,no_major_descriptor_risk
CAND_70cf77c252,0.459,3.984,432.549,4.9544,60.68,1,6,1,0,True,0.75655,0.668444,1.0,no_major_descriptor_risk
CAND_8e2fa0749b,0.5186,3.733,387.443,3.7258,72.71,2,6,1,0,True,0.78337,0.696333,1.0,no_major_descriptor_risk
CAND_fb2e8ad883,0.459,3.984,432.549,4.9544,60.68,1,6,1,0,True,0.75655,0.668444,1.0,no_major_descriptor_risk
CAND_52ae1b0d16,0.459,3.984,432.549,4.9544,60.68,1,6,1,0,True,0.75655,0.668444,1.0,no_major_descriptor_risk
CAND_32ebaae372,0.369,4.96,506.657,5.6297,97.34,2,7,3,2,True,0.51805,0.56,1.0,2_lipinski_violations
CAND_3cf67c171d,0.3387,4.52,506.588,4.0612,90.62,1,7,0,1,True,0.603415,0.608889,1.0,1_lipinski_violations
CAND_537188c53a,0.3387,4.52,506.588,4.0612,90.62,1,7,0,1,True,0.603415,0.608889,1.0,1_lipinski_violations
CAND_04e0ad685f,0.3387,4.52,506.588,4.0612,90.62,1,7,0,1,True,0.603415,0.608889,1.0,1_lipinski_violations
CAND_14230044a8,0.3354,4.77,506.588,4.2756,90.62,1,7,0,1,True,0.60193,0.581111,1.0,1_lipinski_violations
CAND_9406d4f0ce,0.3377,4.77,506.588,4.1331,90.62,1,7,0,1,True,0.602965,0.581111,1.0,1_lipinski_violations
CAND_a92d44aab8,0.3377,4.77,506.588,4.1331,90.62,1,7,0,1,True,0.602965,0.581111,1.0,1_lipinski_violations
CAND_32bf808ca5,0.3602,4.645,506.588,4.407,90.62,1,7,1,1,True,0.61309,0.595,1.0,1_lipinski_violations
CAND_b0fc20df73,0.3695,5.676,592.835,5.3547,105.4,3,9,4,2,True,0.518275,0.480444,1.0,2_lipinski_violations
CAND_47e3af0154,0.396,5.421,578.808,4.9646,105.4,3,9,4,1,True,0.6292,0.508778,1.0,1_lipinski_violations
CAND_9105992db1,0.4201,5.343,564.781,4.5745,105.4,3,9,4,1,True,0.640045,0.517444,1.0,1_lipinski_violations
CAND_753eb85451,0.6029,3.694,380.473,3.2724,89.27,3,6,1,0,True,0.821305,0.700667,1.0,no_major_descriptor_risk
CAND_c330824ad5,0.3459,5.819,616.64,6.3757,87.22,2,7,2,2,True,0.507655,0.464556,1.0,2_lipinski_violations
CAND_87c980e09d,0.3459,5.819,616.64,6.3757,87.22,2,7,2,2,True,0.507655,0.464556,1.0,2_lipinski_violations
CAND_3dd26928ed,0.3221,6.966,630.667,6.7642,87.22,2,7,5,2,True,0.496945,0.337111,0.9,2_lipinski_violations
CAND_fb03354a02,0.353,6.594,602.613,6.3316,87.22,2,7,5,2,True,0.51085,0.378444,1.0,2_lipinski_violations
CAND_6c6a9703e6,0.3816,6.321,588.586,5.9415,87.22,2,7,5,2,True,0.52372,0.408778,1.0,2_lipinski_violations
CAND_61e1fd9ffc,0.3536,6.443,616.64,6.3741,87.22,2,7,3,2,True,0.51112,0.395222,1.0,2_lipinski_violations
CAND_323b3d6c28,0.4644,4.855,524.452,5.4717,87.22,2,5,2,2,True,0.56098,0.571667,1.0,2_lipinski_violations
CAND_8e24b6f94d,0.4471,4.714,541.439,4.1702,108.48,3,7,2,1,True,0.652195,0.587333,1.0,1_lipinski_violations
CAND_38b2bdbb10,0.4349,4.791,555.466,4.2127,108.48,3,7,2,1,True,0.646705,0.578778,1.0,1_lipinski_violations
CAND_6535ca65f6,0.346,6.318,616.64,6.3741,87.22,2,7,2,2,True,0.5077,0.409111,1.0,2_lipinski_violations
CAND_24b4d55806,0.3536,6.193,616.64,6.3741,87.22,2,7,3,2,True,0.51112,0.423,1.0,2_lipinski_violations
CAND_cea375f6df,0.3624,6.094,602.613,6.3316,87.22,2,7,3,2,True,0.51508,0.434,1.0,2_lipinski_violations
CAND_a205f61904,0.3536,6.193,616.64,6.3741,87.22,2,7,3,2,True,0.51112,0.423,1.0,2_lipinski_violations
CAND_c36c74dacf,0.2212,5.026,552.61,3.7953,111.38,4,7,2,1,True,0.55054,0.552667,1.0,1_lipinski_violations
CAND_1626e1531d,0.252,5.031,553.594,4.2223,108.58,3,7,2,1,True,0.5644,0.552111,1.0,1_lipinski_violations
CAND_6f4eefeec8,0.2591,4.953,539.567,4.1798,108.58,3,7,2,1,True,0.567595,0.560778,1.0,1_lipinski_violations
CAND_6792104129,0.2591,4.953,539.567,4.1798,108.58,3,7,2,1,True,0.567595,0.560778,1.0,1_lipinski_violations
CAND_b7d3262689,0.252,5.031,553.594,4.2223,108.58,3,7,2,1,True,0.5644,0.552111,1.0,1_lipinski_violations
CAND_efd2dfdbf6,0.2593,5.005,521.596,5.0543,90.12,3,5,3,2,True,0.468685,0.555,1.0,2_lipinski_violations
CAND_2d55839247,0.2576,5.156,553.594,4.2223,108.58,3,7,3,1,True,0.56692,0.538222,1.0,1_lipinski_violations
CAND_2395f6bbf3,0.2648,5.078,539.567,4.1798,108.58,3,7,3,1,True,0.57016,0.546889,1.0,1_lipinski_violations
CAND_be0fe17b1e,0.252,5.031,553.594,4.2223,108.58,3,7,2,1,True,0.5644,0.552111,1.0,1_lipinski_violations
CAND_a3fc63fa79,0.2591,4.953,539.567,4.1798,108.58,3,7,2,1,True,0.567595,0.560778,1.0,1_lipinski_violations
CAND_b57d9cfa48,0.2273,4.948,538.583,3.7528,111.38,4,7,2,1,True,0.553285,0.561333,1.0,1_lipinski_violations
CAND_b9cb3d18b5,0.2591,4.953,539.567,4.1798,108.58,3,7,2,1,True,0.567595,0.560778,1.0,1_lipinski_violations
CAND_15f78693b6,0.252,5.031,553.594,4.2223,108.58,3,7,2,1,True,0.5644,0.552111,1.0,1_lipinski_violations
CAND_bfe8b369cd,0.2591,4.953,539.567,4.1798,108.58,3,7,2,1,True,0.567595,0.560778,1.0,1_lipinski_violations
CAND_f00d577955,0.252,5.031,553.594,4.2223,108.58,3,7,2,1,True,0.5644,0.552111,1.0,1_lipinski_violations
CAND_9672557829,0.2212,5.026,552.61,3.7953,111.38,4,7,2,1,True,0.55054,0.552667,1.0,1_lipinski_violations
CAND_ac9affc817,0.252,5.031,553.594,4.2223,108.58,3,7,2,1,True,0.5644,0.552111,1.0,1_lipinski_violations
CAND_cd7232c3e5,0.2591,4.953,539.567,4.1798,108.58,3,7,2,1,True,0.567595,0.560778,1.0,1_lipinski_violations
CAND_134e224ee7,0.2859,5.311,480.058,6.6263,60.94,3,5,1,1,True,0.579655,0.521,0.9,1_lipinski_violations
CAND_95c7b249e8,0.2859,5.311,480.058,6.6263,60.94,3,5,1,1,True,0.579655,0.521,0.9,1_lipinski_violations
CAND_b9165e2e82,0.2859,5.311,480.058,6.6263,60.94,3,5,1,1,True,0.579655,0.521,0.9,1_lipinski_violations
CAND_17599b8c6c,0.6001,3.741,388.876,3.4215,52.82,0,4,1,0,True,0.820045,0.695444,1.0,no_major_descriptor_risk
CAND_ca9c306ca8,0.68,3.938,401.919,3.8172,53.93,1,5,0,0,True,0.856,0.673556,1.0,no_major_descriptor_risk
CAND_91c8e323e4,0.7017,3.861,387.892,3.4271,53.93,1,5,0,0,True,0.865765,0.682111,1.0,no_major_descriptor_risk
CAND_daa9ac9995,0.6001,3.741,388.876,3.4215,52.82,0,4,1,0,True,0.820045,0.695444,1.0,no_major_descriptor_risk
CAND_962c510576,0.3387,4.52,506.588,4.0612,90.62,1,7,0,1,True,0.603415,0.608889,1.0,1_lipinski_violations
CAND_edd0a9eb66,0.3387,4.52,506.588,4.0612,90.62,1,7,0,1,True,0.603415,0.608889,1.0,1_lipinski_violations
CAND_88e52ef6c4,0.3387,4.52,506.588,4.0612,90.62,1,7,0,1,True,0.603415,0.608889,1.0,1_lipinski_violations
CAND_6590f0f2f6,0.3354,4.77,506.588,4.2756,90.62,1,7,0,1,True,0.60193,0.581111,1.0,1_lipinski_violations
CAND_ae4e96f08a,0.3377,4.77,506.588,4.1331,90.62,1,7,0,1,True,0.602965,0.581111,1.0,1_lipinski_violations
CAND_150d19a497,0.3377,4.77,506.588,4.1331,90.62,1,7,0,1,True,0.602965,0.581111,1.0,1_lipinski_violations
CAND_480b3b79e9,0.3178,4.962,463.603,6.112,60.94,3,5,1,1,True,0.59401,0.559778,1.0,1_lipinski_violations
CAND_7d0f8b5cf3,0.3178,4.962,463.603,6.112,60.94,3,5,1,1,True,0.59401,0.559778,1.0,1_lipinski_violations
CAND_db9dae84ff,0.3178,4.962,463.603,6.112,60.94,3,5,1,1,True,0.59401,0.559778,1.0,1_lipinski_violations
CAND_5a25a596e8,0.3158,5.116,507.443,6.1833,70.67,2,6,2,2,True,0.49411,0.542667,1.0,2_lipinski_violations
CAND_fe6a11e077,0.3158,5.116,507.443,6.1833,70.67,2,6,2,2,True,0.49411,0.542667,1.0,2_lipinski_violations
CAND_f9640bda66,0.2869,4.767,493.416,6.1408,70.67,2,6,0,1,True,0.580105,0.581444,1.0,1_lipinski_violations
CAND_ab35eaf9df,0.2869,4.767,493.416,6.1408,70.67,2,6,0,1,True,0.580105,0.581444,1.0,1_lipinski_violations
CAND_828b3741e8,0.2815,5.488,535.497,6.6159,70.67,2,6,2,2,True,0.478675,0.501333,0.9,2_lipinski_violations
CAND_12390a9902,0.3158,5.116,507.443,6.1833,70.67,2,6,2,2,True,0.49411,0.542667,1.0,2_lipinski_violations
CAND_62324ed594,0.2771,4.866,507.443,6.1833,70.67,2,6,0,2,True,0.476695,0.570444,1.0,2_lipinski_violations
CAND_021ab9c7ff,0.2469,5.238,535.497,6.6159,70.67,2,6,0,2,True,0.463105,0.529111,0.9,2_lipinski_violations
CAND_883263f33a,0.2771,4.866,507.443,6.1833,70.67,2,6,0,2,True,0.476695,0.570444,1.0,2_lipinski_violations
CAND_3cb5344724,0.4594,4.348,475.568,4.6344,71.54,2,7,0,0,True,0.75673,0.628,1.0,no_major_descriptor_risk
CAND_c8ebc259ea,0.4146,5.513,546.766,5.2907,86.1,2,9,5,2,True,0.53857,0.498556,1.0,2_lipinski_violations
CAND_09cb60804c,0.3427,5.118,546.766,4.902,86.1,2,9,5,1,True,0.605215,0.542444,1.0,1_lipinski_violations
CAND_0c7e2cb677,0.4464,5.281,531.099,5.1496,67.87,1,6,6,2,True,0.55288,0.524333,1.0,2_lipinski_violations
CAND_88961a9946,0.4464,5.281,531.099,5.1496,67.87,1,6,6,2,True,0.55288,0.524333,1.0,2_lipinski_violations
CAND_988970e7e2,0.2394,4.981,496.032,6.5396,61.54,2,4,0,1,True,0.55873,0.557667,0.9,1_lipinski_violations
CAND_cc849f108d,0.215,5.353,524.086,6.9722,61.54,2,4,0,2,True,0.44875,0.516333,0.9,2_lipinski_violations
CAND_8ec1b0e33f,0.2591,5.106,496.032,6.5396,61.54,2,4,1,1,True,0.567595,0.543778,0.9,1_lipinski_violations
CAND_b46a9ce582,0.2591,5.106,496.032,6.5396,61.54,2,4,1,1,True,0.567595,0.543778,0.9,1_lipinski_violations
CAND_c7f1c20ea4,0.2394,4.981,496.032,6.5396,61.54,2,4,0,1,True,0.55873,0.557667,0.9,1_lipinski_violations
CAND_f6eb590819,0.2591,5.106,496.032,6.5396,61.54,2,4,1,1,True,0.567595,0.543778,0.9,1_lipinski_violations
CAND_8e7e6c082c,0.3858,5.305,573.694,5.0746,107.07,2,9,1,2,True,0.52561,0.521667,1.0,2_lipinski_violations
CAND_908c799136,0.3588,5.578,587.721,5.4647,107.07,2,9,1,2,True,0.51346,0.491333,1.0,2_lipinski_violations
CAND_b0c98b44b7,0.42,4.002,458.309,3.2662,98.37,2,6,0,0,True,0.739,0.666444,1.0,no_major_descriptor_risk
CAND_716eba24b5,0.4077,4.08,472.336,3.3087,98.37,2,6,0,0,True,0.733465,0.657778,1.0,no_major_descriptor_risk
CAND_8bdcb25efc,0.3848,4.473,505.456,5.1689,77.11,1,6,1,2,True,0.52516,0.614111,1.0,2_lipinski_violations
CAND_69d7bfe2f3,0.42,4.002,458.309,3.2662,98.37,2,6,0,0,True,0.739,0.666444,1.0,no_major_descriptor_risk
CAND_e75dca8970,0.4077,4.08,472.336,3.3087,98.37,2,6,0,0,True,0.733465,0.657778,1.0,no_major_descriptor_risk
CAND_17ed87549f,0.4211,4.48,491.429,5.0894,77.11,1,6,2,1,True,0.640495,0.613333,1.0,1_lipinski_violations
CAND_c2492f217c,0.6661,3.7,381.457,3.9653,86.47,2,6,1,0,True,0.849745,0.7,1.0,no_major_descriptor_risk
CAND_5d9dc163a4,0.6661,3.7,381.457,3.9653,86.47,2,6,1,0,True,0.849745,0.7,1.0,no_major_descriptor_risk
CAND_496377791d,0.6661,3.5,381.457,3.9653,86.47,2,6,1,0,True,0.849745,0.722222,1.0,no_major_descriptor_risk
CAND_3d6fa25337,0.6502,3.578,395.484,4.0078,86.47,2,6,1,0,True,0.84259,0.713556,1.0,no_major_descriptor_risk
CAND_1bba8e2957,0.6502,3.578,395.484,4.0078,86.47,2,6,1,0,True,0.84259,0.713556,1.0,no_major_descriptor_risk
CAND_d225895d4e,0.4106,4.848,520.634,4.6289,67.16,1,8,2,1,True,0.63577,0.572444,1.0,1_lipinski_violations
CAND_e7bb4e5e84,0.4306,4.753,503.582,3.4853,79.19,2,8,2,1,True,0.64477,0.583,1.0,1_lipinski_violations
CAND_be869a9620,0.415,4.831,517.609,3.8754,79.19,2,8,2,1,True,0.63775,0.574333,1.0,1_lipinski_violations
CAND_8c39d1fc9d,0.4306,4.753,503.582,3.4853,79.19,2,8,2,1,True,0.64477,0.583,1.0,1_lipinski_violations
CAND_61faf2e014,0.4106,4.848,520.634,4.6289,67.16,1,8,2,1,True,0.63577,0.572444,1.0,1_lipinski_violations
CAND_fd9c8f3d0c,0.335,5.732,564.756,5.7781,57.93,1,8,4,2,True,0.50275,0.474222,1.0,2_lipinski_violations
CAND_cc4ff6c2dc,0.335,5.732,564.756,5.7781,57.93,1,8,4,2,True,0.50275,0.474222,1.0,2_lipinski_violations
CAND_f6778d07a9,0.3683,5.176,536.702,5.4769,57.93,1,8,4,2,True,0.517735,0.536,1.0,2_lipinski_violations
CAND_e2d3ae359c,0.3566,5.275,550.729,5.5194,57.93,1,8,4,2,True,0.51247,0.525,1.0,2_lipinski_violations
CAND_3642056bc1,0.4342,4.409,486.595,4.9182,57.93,1,6,2,0,True,0.74539,0.621222,1.0,no_major_descriptor_risk
CAND_9ee953a1cc,0.4296,4.503,503.582,3.6167,79.19,2,8,2,1,True,0.64432,0.610778,1.0,1_lipinski_violations
CAND_97fea24a13,0.4173,4.581,517.609,3.6592,79.19,2,8,2,1,True,0.638785,0.602111,1.0,1_lipinski_violations
CAND_f581caf324,0.4296,4.503,503.582,3.6167,79.19,2,8,2,1,True,0.64432,0.610778,1.0,1_lipinski_violations
CAND_89c7995ed8,0.406,4.598,520.634,4.7603,67.16,1,8,2,1,True,0.6337,0.600222,1.0,1_lipinski_violations
CAND_724cb4fec3,0.4296,4.503,503.582,3.6167,79.19,2,8,2,1,True,0.64432,0.610778,1.0,1_lipinski_violations
CAND_30e3b84281,0.406,4.598,520.634,4.7603,67.16,1,8,2,1,True,0.6337,0.600222,1.0,1_lipinski_violations
CAND_bf5372e1b1,0.358,5.15,550.729,5.5194,57.93,1,8,3,2,True,0.5131,0.538889,1.0,2_lipinski_violations
CAND_456fd25f73,0.4438,4.534,486.595,4.9182,57.93,1,6,3,0,True,0.74971,0.607333,1.0,no_major_descriptor_risk
CAND_dfee0904b3,0.4149,4.723,520.634,4.7603,67.16,1,8,3,1,True,0.637705,0.586333,1.0,1_lipinski_violations
CAND_96f2c8539e,0.4021,4.801,534.661,4.8028,67.16,1,8,3,1,True,0.631945,0.577667,1.0,1_lipinski_violations
CAND_c31cf293c0,0.3011,5.567,537.62,3.8426,90.71,3,6,1,1,True,0.586495,0.492556,1.0,1_lipinski_violations
CAND_baa8a14f82,0.3015,5.567,537.62,3.8015,90.71,3,6,1,1,True,0.586675,0.492556,1.0,1_lipinski_violations
CAND_8b9af8481c,0.3015,5.567,537.62,3.8015,90.71,3,6,1,1,True,0.586675,0.492556,1.0,1_lipinski_violations
CAND_fbd03954ab,0.3163,5.692,537.62,3.9313,90.71,3,6,2,1,True,0.593335,0.478667,1.0,1_lipinski_violations
CAND_9370717a57,0.3163,5.692,537.62,3.9313,90.71,3,6,2,1,True,0.593335,0.478667,1.0,1_lipinski_violations
CAND_8c6ac44cf7,0.3163,5.692,537.62,3.9313,90.71,3,6,2,1,True,0.593335,0.478667,1.0,1_lipinski_violations
CAND_fcb89d3d8c,0.3163,5.692,537.62,3.9313,90.71,3,6,2,1,True,0.593335,0.478667,1.0,1_lipinski_violations
CAND_b927d65c98,0.4548,5.14,528.723,5.6446,84.73,2,7,3,2,True,0.55666,0.54,1.0,2_lipinski_violations
CAND_f01cb75ea6,0.462,4.947,528.723,5.5085,84.73,2,7,4,2,True,0.5599,0.561444,1.0,2_lipinski_violations
CAND_e1b65b9b84,0.5536,4.459,486.642,4.6858,84.73,2,7,4,0,True,0.79912,0.615667,1.0,no_major_descriptor_risk
CAND_df0ca2934c,0.517,4.575,500.669,5.0759,84.73,2,7,4,2,True,0.58465,0.602778,1.0,2_lipinski_violations
CAND_55197c620d,0.5417,4.334,486.642,4.9517,84.73,2,7,3,0,True,0.793765,0.629556,1.0,no_major_descriptor_risk
CAND_b590e1e07b,0.5238,4.412,500.669,4.9942,84.73,2,7,3,1,True,0.68671,0.620889,1.0,1_lipinski_violations
CAND_4c6d073b98,0.5238,4.612,500.669,4.9942,84.73,2,7,3,1,True,0.68671,0.598667,1.0,1_lipinski_violations
CAND_380b00cbe1,0.5417,4.534,486.642,4.9517,84.73,2,7,3,0,True,0.793765,0.607333,1.0,no_major_descriptor_risk
CAND_efc92d046b,0.5417,4.534,486.642,4.9517,84.73,2,7,3,0,True,0.793765,0.607333,1.0,no_major_descriptor_risk
CAND_58120f30af,0.5238,4.612,500.669,4.9942,84.73,2,7,3,1,True,0.68671,0.598667,1.0,1_lipinski_violations
CAND_5cb20f39ae,0.4691,4.981,528.723,5.4268,84.73,2,7,3,2,True,0.563095,0.557667,1.0,2_lipinski_violations
CAND_e92aeadc82,0.5417,4.534,486.642,4.9517,84.73,2,7,3,0,True,0.793765,0.607333,1.0,no_major_descriptor_risk
CAND_3f7bdea2fa,0.5238,4.612,500.669,4.9942,84.73,2,7,3,1,True,0.68671,0.598667,1.0,1_lipinski_violations
CAND_16ba775e67,0.397,5.192,492.576,3.2836,95.99,2,9,6,0,True,0.72865,0.534222,1.0,no_major_descriptor_risk
CAND_e8b6bc09b6,0.4217,5.036,464.522,2.851,95.99,2,9,6,0,True,0.739765,0.551556,1.0,no_major_descriptor_risk
CAND_b60ef5071e,0.4088,5.114,478.549,3.2411,95.99,2,9,6,0,True,0.73396,0.542889,1.0,no_major_descriptor_risk
CAND_e25aa42e50,0.4239,4.989,478.549,2.8935,95.99,2,9,5,0,True,0.740755,0.556778,1.0,no_major_descriptor_risk
CAND_8814a551d0,0.4365,4.911,464.522,2.851,95.99,2,9,5,0,True,0.746425,0.565444,1.0,no_major_descriptor_risk
CAND_e5b97ea0a5,0.4109,5.067,492.576,3.2836,95.99,2,9,5,0,True,0.734905,0.548111,1.0,no_major_descriptor_risk
CAND_ed1464aab7,0.4431,4.406,486.026,3.9254,103.13,2,7,2,0,True,0.749395,0.621556,1.0,no_major_descriptor_risk
CAND_ac7189544c,0.3875,4.639,528.107,4.7481,103.13,2,7,2,1,True,0.625375,0.595667,1.0,1_lipinski_violations
CAND_30ad100671,0.4366,4.406,486.026,4.273,103.13,2,7,2,0,True,0.74647,0.621556,1.0,no_major_descriptor_risk
CAND_a64c2a3aff,0.3844,3.894,438.879,2.2886,124.39,3,7,0,0,True,0.72298,0.678444,1.0,no_major_descriptor_risk
CAND_ebbe429890,0.3737,3.972,452.906,2.3311,124.39,3,7,0,0,True,0.718165,0.669778,1.0,no_major_descriptor_risk
CAND_bdd3d50866,0.4163,4.281,486.026,4.1913,103.13,2,7,1,0,True,0.737335,0.635444,1.0,no_major_descriptor_risk
CAND_0adfa5a593,0.4395,5.554,557.699,3.9826,103.88,3,9,4,1,True,0.648775,0.494,1.0,1_lipinski_violations
CAND_15793515ce,0.4823,5.559,558.683,4.4096,101.08,2,9,4,1,True,0.668035,0.493444,1.0,1_lipinski_violations
CAND_f1252cea07,0.4182,5.71,585.753,4.0676,103.88,3,9,4,1,True,0.63919,0.476667,1.0,1_lipinski_violations
CAND_bfa0b1cb9a,0.4579,5.715,586.737,4.4946,101.08,2,9,4,1,True,0.657055,0.476111,1.0,1_lipinski_violations
CAND_c19ca39941,0.4284,5.632,571.726,4.0251,103.88,3,9,4,1,True,0.64378,0.485333,1.0,1_lipinski_violations
CAND_c8f2422f81,0.4696,5.637,572.71,4.4521,101.08,2,9,4,1,True,0.66232,0.484778,1.0,1_lipinski_violations
CAND_b1041a14ea,0.4395,5.554,557.699,3.9826,103.88,3,9,4,1,True,0.648775,0.494,1.0,1_lipinski_violations
CAND_e1f5168073,0.4823,5.559,558.683,4.4096,101.08,2,9,4,1,True,0.668035,0.493444,1.0,1_lipinski_violations
CAND_f83bef50bf,0.4696,5.637,572.71,4.4521,101.08,2,9,4,1,True,0.66232,0.484778,1.0,1_lipinski_violations
CAND_6aeebd63d8,0.517,3.711,383.427,2.612,105.06,4,5,1,0,True,0.78265,0.698778,1.0,no_major_descriptor_risk
CAND_94236bfc8b,0.5894,4.145,416.547,4.3985,83.8,3,5,3,0,True,0.81523,0.650556,1.0,no_major_descriptor_risk
CAND_35c724f6bb,0.5028,4.139,474.055,4.5581,110.68,3,6,2,0,True,0.77626,0.651222,1.0,no_major_descriptor_risk
CAND_daa2d8d0ac,0.5361,3.983,446.001,4.4731,110.68,3,6,2,0,True,0.791245,0.668556,1.0,no_major_descriptor_risk
CAND_b98f6fc825,0.5028,4.139,474.055,4.5581,110.68,3,6,2,0,True,0.77626,0.651222,1.0,no_major_descriptor_risk
CAND_b8ac1489d5,0.5193,4.061,460.028,4.5156,110.68,3,6,2,0,True,0.783685,0.659889,1.0,no_major_descriptor_risk
CAND_84a5089b9f,0.4868,4.217,488.082,4.6006,110.68,3,6,2,0,True,0.76906,0.642556,1.0,no_major_descriptor_risk
CAND_1edb1b5726,0.6102,3.905,395.894,3.9144,110.68,3,4,2,0,True,0.82459,0.677222,1.0,no_major_descriptor_risk
CAND_412d2f2118,0.5028,4.339,474.055,4.5581,110.68,3,6,2,0,True,0.77626,0.629,1.0,no_major_descriptor_risk
CAND_9e6da3c65d,0.5111,3.999,412.881,2.6129,131.94,4,6,2,0,True,0.779995,0.666778,1.0,no_major_descriptor_risk
CAND_56f84d5b06,0.5361,4.183,446.001,4.4731,110.68,3,6,2,0,True,0.791245,0.646333,1.0,no_major_descriptor_risk
CAND_474adfebe5,0.5028,4.139,474.055,4.5581,110.68,3,6,2,0,True,0.77626,0.651222,1.0,no_major_descriptor_risk
CAND_6665fbb32b,0.5193,4.061,460.028,4.5156,110.68,3,6,2,0,True,0.783685,0.659889,1.0,no_major_descriptor_risk
CAND_096861318d,0.4868,4.217,488.082,4.6006,110.68,3,6,2,0,True,0.76906,0.642556,1.0,no_major_descriptor_risk
CAND_dc7653b151,0.5028,4.139,474.055,4.5581,110.68,3,6,2,0,True,0.77626,0.651222,1.0,no_major_descriptor_risk
CAND_40369069ec,0.5193,4.061,460.028,4.5156,110.68,3,6,2,0,True,0.783685,0.659889,1.0,no_major_descriptor_risk
CAND_72a20287ec,0.4558,4.295,502.109,4.9907,110.68,3,6,2,1,True,0.65611,0.633889,1.0,1_lipinski_violations
CAND_927186a5b6,0.5308,4.386,460.028,4.5156,110.68,3,6,3,0,True,0.78886,0.623778,1.0,no_major_descriptor_risk
CAND_5939a58016,0.5139,4.464,474.055,4.5581,110.68,3,6,3,0,True,0.781255,0.615111,1.0,no_major_descriptor_risk
CAND_6bbd4ec161,0.5028,4.339,474.055,4.5581,110.68,3,6,2,0,True,0.77626,0.629,1.0,no_major_descriptor_risk
CAND_2f2c5b47a5,0.5361,4.183,446.001,4.4731,110.68,3,6,2,0,True,0.791245,0.646333,1.0,no_major_descriptor_risk
CAND_4f99e2fd9d,0.5112,4.068,477.508,5.0691,86.47,2,6,1,1,True,0.68104,0.659111,1.0,1_lipinski_violations
CAND_20600f6248,0.5289,3.969,463.481,5.0266,86.47,2,6,1,1,True,0.689005,0.670111,1.0,1_lipinski_violations
CAND_f8a36e8c1d,0.5081,3.872,448.47,4.5571,89.27,3,6,1,0,True,0.778645,0.680889,1.0,no_major_descriptor_risk
CAND_42453ca39f,0.5471,3.878,449.454,4.9841,86.47,2,6,1,0,True,0.796195,0.680222,1.0,no_major_descriptor_risk
CAND_66b9ed3339,0.5289,3.969,463.481,5.0266,86.47,2,6,1,1,True,0.689005,0.670111,1.0,1_lipinski_violations
CAND_7377efa7ea,0.5471,3.878,449.454,4.9841,86.47,2,6,1,0,True,0.796195,0.680222,1.0,no_major_descriptor_risk
CAND_14dae0a27e,0.5112,4.268,477.508,5.0691,86.47,2,6,1,1,True,0.68104,0.636889,1.0,1_lipinski_violations
CAND_fc90ea6005,0.492,4.15,462.497,4.5996,89.27,3,6,1,0,True,0.7714,0.65,1.0,no_major_descriptor_risk
CAND_822720dad6,0.5289,4.169,463.481,5.0266,86.47,2,6,1,1,True,0.689005,0.647889,1.0,1_lipinski_violations
CAND_f9c1579b7f,0.5081,4.072,448.47,4.5571,89.27,3,6,1,0,True,0.778645,0.658667,1.0,no_major_descriptor_risk
CAND_0df184274f,0.5471,4.078,449.454,4.9841,86.47,2,6,1,0,True,0.796195,0.658,1.0,no_major_descriptor_risk
CAND_8b0f8c9cf5,0.5289,3.969,463.481,5.0266,86.47,2,6,1,1,True,0.689005,0.670111,1.0,1_lipinski_violations
CAND_35837c49f6,0.5471,3.878,449.454,4.9841,86.47,2,6,1,0,True,0.796195,0.680222,1.0,no_major_descriptor_risk
CAND_e96d4fe4d1,0.5289,3.969,463.481,5.0266,86.47,2,6,1,1,True,0.689005,0.670111,1.0,1_lipinski_violations
CAND_b4ba46fa09,0.5471,3.878,449.454,4.9841,86.47,2,6,1,0,True,0.796195,0.680222,1.0,no_major_descriptor_risk
CAND_b2db88aa06,0.5112,4.268,477.508,5.0691,86.47,2,6,1,1,True,0.68104,0.636889,1.0,1_lipinski_violations
CAND_62ab113547,0.5289,4.169,463.481,5.0266,86.47,2,6,1,1,True,0.689005,0.647889,1.0,1_lipinski_violations
CAND_831b96e6df,0.5081,4.072,448.47,4.5571,89.27,3,6,1,0,True,0.778645,0.658667,1.0,no_major_descriptor_risk
CAND_e73e5d572f,0.5471,4.078,449.454,4.9841,86.47,2,6,1,0,True,0.796195,0.658,1.0,no_major_descriptor_risk
CAND_384865d144,0.6046,4.356,454.552,2.9568,90.15,1,8,1,0,True,0.82207,0.627111,1.0,no_major_descriptor_risk
CAND_123e890bcc,0.6046,4.356,454.552,2.9568,90.15,1,8,1,0,True,0.82207,0.627111,1.0,no_major_descriptor_risk
CAND_a609a4ae30,0.6046,4.356,454.552,2.9568,90.15,1,8,1,0,True,0.82207,0.627111,1.0,no_major_descriptor_risk
CAND_70e4b3d62f,0.5857,4.434,468.579,3.3469,90.15,1,8,1,0,True,0.813565,0.618444,1.0,no_major_descriptor_risk
CAND_6e9a42e763,0.5686,4.512,482.606,3.3894,90.15,1,8,1,0,True,0.80587,0.609778,1.0,no_major_descriptor_risk
CAND_fcfa1f6dbc,0.586,4.792,465.562,1.3008,126.8,2,9,4,0,True,0.8137,0.578667,1.0,no_major_descriptor_risk
CAND_79a8e4a471,0.586,4.792,465.562,1.3008,126.8,2,9,4,0,True,0.8137,0.578667,1.0,no_major_descriptor_risk
CAND_11dab482c1,0.5947,5.125,480.573,1.7687,124.0,1,9,4,0,True,0.817615,0.541667,1.0,no_major_descriptor_risk
CAND_82292829c1,0.5756,4.792,465.562,1.2992,126.8,2,9,2,0,True,0.80902,0.578667,1.0,no_major_descriptor_risk
CAND_756c24d56a,0.5756,4.792,465.562,1.2992,126.8,2,9,2,0,True,0.80902,0.578667,1.0,no_major_descriptor_risk
CAND_e95c04f21d,0.5947,5.125,480.573,1.7687,124.0,1,9,4,0,True,0.817615,0.541667,1.0,no_major_descriptor_risk
CAND_cc14a97070,0.5756,4.792,465.562,1.2992,126.8,2,9,2,0,True,0.80902,0.578667,1.0,no_major_descriptor_risk
CAND_b3fbe45f0a,0.5756,4.792,465.562,1.2992,126.8,2,9,2,0,True,0.80902,0.578667,1.0,no_major_descriptor_risk
CAND_994772434b,0.463,4.901,487.674,5.2224,91.41,3,8,3,1,True,0.65935,0.566556,1.0,1_lipinski_violations
CAND_9af57c0d70,0.5321,4.556,445.593,4.7473,91.41,3,8,3,0,True,0.789445,0.604889,1.0,no_major_descriptor_risk
CAND_fe187859c4,0.515,4.634,459.62,4.7898,91.41,3,8,3,0,True,0.78175,0.596222,1.0,no_major_descriptor_risk
CAND_e3277e541d,0.4125,3.721,407.865,3.4861,113.99,3,5,0,0,True,0.735625,0.697667,1.0,no_major_descriptor_risk
CAND_d50b6f5bca,0.3395,3.816,424.852,2.1846,135.25,4,7,0,0,True,0.702775,0.687111,1.0,no_major_descriptor_risk
CAND_6db1f85ec5,0.3711,4.281,486.026,4.1298,113.99,3,7,1,0,True,0.716995,0.635444,1.0,no_major_descriptor_risk
CAND_0ed9466ff7,0.5457,4.014,474.055,4.3145,99.82,2,6,1,0,True,0.795565,0.665111,1.0,no_major_descriptor_risk
CAND_7f239cfba5,0.581,3.858,446.001,4.2295,99.82,2,6,1,0,True,0.81145,0.682444,1.0,no_major_descriptor_risk
CAND_44f23ccfaa,0.5457,4.014,474.055,4.3145,99.82,2,6,1,0,True,0.795565,0.665111,1.0,no_major_descriptor_risk
CAND_5c6b3511db,0.5287,4.092,488.082,4.357,99.82,2,6,1,0,True,0.787915,0.656444,1.0,no_major_descriptor_risk
CAND_bac54a359b,0.5457,4.214,474.055,4.3145,99.82,2,6,1,0,True,0.795565,0.642889,1.0,no_major_descriptor_risk
CAND_77dec61c4a,0.5638,3.874,412.881,2.3693,121.08,3,6,1,0,True,0.80371,0.680667,1.0,no_major_descriptor_risk
CAND_90ff94e71a,0.581,4.058,446.001,4.2295,99.82,2,6,1,0,True,0.81145,0.660222,1.0,no_major_descriptor_risk
CAND_2f320144eb,0.5457,4.014,474.055,4.3145,99.82,2,6,1,0,True,0.795565,0.665111,1.0,no_major_descriptor_risk
CAND_c085056dbc,0.5632,3.936,460.028,4.272,99.82,2,6,1,0,True,0.80344,0.673778,1.0,no_major_descriptor_risk
CAND_2edede7faa,0.5287,4.092,488.082,4.357,99.82,2,6,1,0,True,0.787915,0.656444,1.0,no_major_descriptor_risk
CAND_aa5da2fb15,0.5931,4.261,460.028,4.272,99.82,2,6,2,0,True,0.816895,0.637667,1.0,no_major_descriptor_risk
CAND_4a8a755de9,0.5747,4.339,474.055,4.3145,99.82,2,6,2,0,True,0.808615,0.629,1.0,no_major_descriptor_risk
CAND_25fe2e1e6d,0.5457,4.014,474.055,4.3145,99.82,2,6,1,0,True,0.795565,0.665111,1.0,no_major_descriptor_risk
CAND_9c255e523f,0.5632,3.936,460.028,4.272,99.82,2,6,1,0,True,0.80344,0.673778,1.0,no_major_descriptor_risk
CAND_5c26912b8d,0.4989,4.17,502.109,4.7471,99.82,2,6,1,1,True,0.675505,0.647778,1.0,1_lipinski_violations
CAND_6d63acff3b,0.5457,4.214,474.055,4.3145,99.82,2,6,1,0,True,0.795565,0.642889,1.0,no_major_descriptor_risk
CAND_33855ef1b1,0.581,4.058,446.001,4.2295,99.82,2,6,1,0,True,0.81145,0.660222,1.0,no_major_descriptor_risk
CAND_4a842fc4ca,0.3953,4.853,476.606,4.4071,110.85,3,6,2,0,True,0.727885,0.571889,1.0,no_major_descriptor_risk
CAND_119af45441,0.3649,4.259,459.554,3.2635,122.88,4,6,2,0,True,0.714205,0.637889,1.0,no_major_descriptor_risk
CAND_e1f1e73c3c,0.3953,4.353,476.606,4.4071,110.85,3,6,2,0,True,0.727885,0.627444,1.0,no_major_descriptor_risk
CAND_cdee7d200d,0.3719,4.384,459.554,3.5004,122.88,4,6,3,0,True,0.717355,0.624,1.0,no_major_descriptor_risk
CAND_86cbdefe29,0.4261,4.389,460.538,3.9274,120.08,3,6,3,0,True,0.741745,0.623444,1.0,no_major_descriptor_risk
CAND_2542a5fb8a,0.4025,4.92,533.658,2.7411,104.1,2,9,2,1,True,0.632125,0.564444,1.0,1_lipinski_violations
CAND_d8fe5f093b,0.4155,4.926,534.642,3.1681,101.3,1,9,2,1,True,0.637975,0.563778,1.0,1_lipinski_violations
CAND_f867e87e60,0.4025,4.92,533.658,2.7411,104.1,2,9,2,1,True,0.632125,0.564444,1.0,1_lipinski_violations
CAND_859666efa9,0.3917,4.998,547.685,3.1312,104.1,2,9,2,1,True,0.627265,0.555778,1.0,1_lipinski_violations
CAND_970af5bca3,0.4671,4.092,429.531,3.4783,102.25,2,9,2,0,True,0.760195,0.656444,1.0,no_major_descriptor_risk
CAND_1e8a4b9e77,0.3822,4.979,520.703,5.5108,48.7,1,7,3,2,True,0.52399,0.557889,1.0,2_lipinski_violations
CAND_7bea1d474b,0.4645,4.242,456.569,4.9096,48.7,1,5,2,0,True,0.759025,0.639778,1.0,no_major_descriptor_risk
CAND_94b772483e,0.4351,4.431,490.608,4.7517,57.93,1,7,2,0,True,0.745795,0.618778,1.0,no_major_descriptor_risk
CAND_aa2aa1d64e,0.4211,4.509,504.635,4.7942,57.93,1,7,2,1,True,0.640495,0.610111,1.0,1_lipinski_violations
CAND_3688f8acdc,0.4132,4.306,490.608,4.7517,57.93,1,7,1,0,True,0.73594,0.632667,1.0,no_major_descriptor_risk
CAND_14995d7ea5,0.4378,4.211,473.556,3.6081,69.96,2,7,1,0,True,0.74701,0.643222,1.0,no_major_descriptor_risk
CAND_bc4c659f94,0.4467,4.217,474.54,4.0351,67.16,1,7,1,0,True,0.751015,0.642556,1.0,no_major_descriptor_risk
CAND_75527d50b3,0.483,4.467,474.54,3.9053,67.16,1,7,3,0,True,0.76735,0.614778,1.0,no_major_descriptor_risk
CAND_b30ef8ecba,0.4053,4.086,473.556,3.4783,69.96,2,7,0,0,True,0.732385,0.657111,1.0,no_major_descriptor_risk
CAND_5445caadcc,0.395,4.4,462.533,3.2068,115.28,3,8,1,0,True,0.72775,0.622222,1.0,no_major_descriptor_risk
CAND_4d166c157e,0.395,4.4,462.533,3.2068,115.28,3,8,1,0,True,0.72775,0.622222,1.0,no_major_descriptor_risk
CAND_0277c31aeb,0.5488,3.945,425.583,3.6507,110.68,3,6,1,0,True,0.79696,0.672778,1.0,no_major_descriptor_risk
CAND_af67537a94,0.5196,3.605,364.409,1.7055,131.94,4,6,1,0,True,0.78382,0.710556,1.0,no_major_descriptor_risk
CAND_226ae96264,0.5789,3.789,397.529,3.5657,110.68,3,6,1,0,True,0.810505,0.690111,1.0,no_major_descriptor_risk
CAND_ae3f23b213,0.5779,4.07,425.583,3.6507,110.68,3,6,2,0,True,0.810055,0.658889,1.0,no_major_descriptor_risk
CAND_023d265a20,0.5488,3.945,425.583,3.6507,110.68,3,6,1,0,True,0.79696,0.672778,1.0,no_major_descriptor_risk
CAND_a11be68f24,0.5119,3.901,453.637,4.0833,110.68,3,6,1,0,True,0.780355,0.677667,1.0,no_major_descriptor_risk
CAND_8dad54977f,0.5488,3.745,425.583,3.6507,110.68,3,6,1,0,True,0.79696,0.695,1.0,no_major_descriptor_risk
CAND_1e8331339e,0.5119,3.901,453.637,4.0833,110.68,3,6,1,0,True,0.780355,0.677667,1.0,no_major_descriptor_risk
CAND_e75f8af8e1,0.5119,3.901,453.637,4.0833,110.68,3,6,1,0,True,0.780355,0.677667,1.0,no_major_descriptor_risk
CAND_a288ba4633,0.5488,3.745,425.583,3.6507,110.68,3,6,1,0,True,0.79696,0.695,1.0,no_major_descriptor_risk
CAND_77ed9a9627,0.3,5.143,489.645,5.4343,108.82,4,5,2,1,True,0.586,0.539667,1.0,1_lipinski_violations
CAND_c18340f956,0.3,5.143,489.645,5.4343,108.82,4,5,2,1,True,0.586,0.539667,1.0,1_lipinski_violations
CAND_b9b56655d8,0.3,4.643,489.645,5.4343,108.82,4,5,2,1,True,0.586,0.595222,1.0,1_lipinski_violations
CAND_9f12a55566,0.2396,5.676,533.767,6.5098,99.59,4,5,4,2,True,0.45982,0.480444,0.9,2_lipinski_violations
CAND_3b75488f71,0.3321,4.533,461.591,5.2756,108.82,4,5,3,1,True,0.600445,0.607444,1.0,1_lipinski_violations
CAND_79a9d634cd,0.3207,4.632,475.618,5.3181,108.82,4,5,3,1,True,0.595315,0.596444,1.0,1_lipinski_violations
CAND_8db97f4d12,0.3097,4.731,489.645,5.3606,108.82,4,5,3,1,True,0.590365,0.585444,1.0,1_lipinski_violations
CAND_7a3969a8ca,0.3321,4.533,461.591,5.2756,108.82,4,5,3,1,True,0.600445,0.607444,1.0,1_lipinski_violations
CAND_2af5040fc7,0.3207,4.632,475.618,5.3181,108.82,4,5,3,1,True,0.595315,0.596444,1.0,1_lipinski_violations
CAND_318a7b0cd4,0.3097,4.731,489.645,5.3606,108.82,4,5,3,1,True,0.590365,0.585444,1.0,1_lipinski_violations
CAND_801d8b72e2,0.4745,4.013,437.912,4.4179,81.41,1,6,1,0,True,0.763525,0.665222,1.0,no_major_descriptor_risk
CAND_f658f1a8a4,0.4532,3.794,420.86,3.2743,93.44,2,6,0,0,True,0.75394,0.689556,1.0,no_major_descriptor_risk
CAND_a5e8395bb7,0.4906,3.919,420.86,3.2743,93.44,2,6,1,0,True,0.77077,0.675667,1.0,no_major_descriptor_risk
CAND_b95aadbcaa,0.4771,3.997,434.887,3.3168,93.44,2,6,1,0,True,0.764695,0.667,1.0,no_major_descriptor_risk
CAND_811ce8bf5b,0.1877,5.19,559.623,4.4038,106.51,3,8,5,1,True,0.535465,0.534444,1.0,1_lipinski_violations
CAND_4a491c7191,0.1877,5.19,559.623,4.4038,106.51,3,8,5,1,True,0.535465,0.534444,1.0,1_lipinski_violations
CAND_e6ccec7aca,0.1726,5.095,542.571,3.2232,118.54,4,8,5,1,True,0.52867,0.545,1.0,1_lipinski_violations
CAND_f612820bf2,0.1715,5.339,575.691,5.1204,97.28,3,8,5,2,True,0.429175,0.517889,1.0,2_lipinski_violations
CAND_812eecd4c6,0.1669,5.438,589.718,5.1629,97.28,3,8,5,2,True,0.427105,0.506889,1.0,2_lipinski_violations
CAND_86f45984cd,0.1715,5.339,575.691,5.1204,97.28,3,8,5,2,True,0.429175,0.517889,1.0,2_lipinski_violations
CAND_42c65bb3d3,0.1669,5.438,589.718,5.1629,97.28,3,8,5,2,True,0.427105,0.506889,1.0,2_lipinski_violations
CAND_05ac7d68eb,0.1669,5.438,589.718,5.1629,97.28,3,8,5,2,True,0.427105,0.506889,1.0,2_lipinski_violations
CAND_a2ee1529f4,0.3272,5.273,529.561,1.0664,163.08,3,9,1,1,False,0.51574,0.525222,1.0,1_lipinski_violations;veber_fail
CAND_18bc7272d8,0.2911,5.279,575.655,2.1475,157.95,3,10,3,1,False,0.499495,0.524556,1.0,1_lipinski_violations;veber_fail
CAND_26d798d6bd,0.2975,5.201,561.628,2.0122,157.95,3,10,3,1,False,0.502375,0.533222,1.0,1_lipinski_violations;veber_fail
CAND_9af242fa8f,0.3349,5.206,562.612,2.4392,155.15,2,10,3,1,False,0.519205,0.532667,1.0,1_lipinski_violations;veber_fail
CAND_02f70af471,0.2916,5.076,561.628,2.142,157.95,3,10,2,1,False,0.49972,0.547111,1.0,1_lipinski_violations;veber_fail
CAND_9f38a386f3,0.2849,5.154,575.655,2.1845,157.95,3,10,2,1,False,0.496705,0.538444,1.0,1_lipinski_violations;veber_fail
CAND_d87a16f949,0.3265,5.456,562.612,2.569,155.15,2,10,5,1,False,0.515425,0.504889,1.0,1_lipinski_violations;veber_fail
CAND_c988929121,0.2975,5.201,561.628,2.0122,157.95,3,10,3,1,False,0.502375,0.533222,1.0,1_lipinski_violations;veber_fail
CAND_50dc6f21ee,0.271,5.029,575.655,2.4023,157.95,3,10,1,1,False,0.49045,0.552333,1.0,1_lipinski_violations;veber_fail
CAND_7f94821a97,0.271,5.029,575.655,2.4023,157.95,3,10,1,1,False,0.49045,0.552333,1.0,1_lipinski_violations;veber_fail
CAND_a385ecc3f2,0.3351,5.206,562.612,2.569,155.15,2,10,3,1,False,0.519295,0.532667,1.0,1_lipinski_violations;veber_fail
CAND_371ed60385,0.2849,5.154,575.655,2.1845,157.95,3,10,2,1,False,0.496705,0.538444,1.0,1_lipinski_violations;veber_fail
CAND_c79796d63b,0.3884,5.107,544.677,4.6176,98.94,2,8,3,1,True,0.62578,0.543667,1.0,1_lipinski_violations
CAND_180c2adbf4,0.4002,5.029,530.65,4.5751,98.94,2,8,3,1,True,0.63109,0.552333,1.0,1_lipinski_violations
CAND_f052e0c4e6,0.4214,4.951,516.623,4.185,98.94,2,8,3,1,True,0.64063,0.561,1.0,1_lipinski_violations
CAND_7a321931c5,0.3773,4.529,530.65,4.3589,98.94,2,8,1,1,True,0.620785,0.607889,1.0,1_lipinski_violations
CAND_5fd1dd5947,0.4357,4.784,486.58,3.0083,93.46,1,9,1,0,True,0.746065,0.579556,1.0,no_major_descriptor_risk
CAND_45a45afe77,0.4217,4.778,485.596,2.5813,96.26,2,9,1,0,True,0.739765,0.580222,1.0,no_major_descriptor_risk
CAND_a2be166cf7,0.4097,4.856,499.623,2.6238,96.26,2,9,1,0,True,0.734365,0.571556,1.0,no_major_descriptor_risk
CAND_a729691aed,0.4441,4.653,485.596,2.5829,96.26,2,9,2,0,True,0.749845,0.594111,1.0,no_major_descriptor_risk
CAND_14d3f1b205,0.4589,4.659,486.58,3.0099,93.46,1,9,2,0,True,0.756505,0.593444,1.0,no_major_descriptor_risk
CAND_3ea11f7096,0.4218,4.528,485.596,2.7127,96.26,2,9,1,0,True,0.73981,0.608,1.0,no_major_descriptor_risk
CAND_f2f209450a,0.4098,4.606,499.623,2.7552,96.26,2,9,1,0,True,0.73441,0.599333,1.0,no_major_descriptor_risk
CAND_0de1b009aa,0.4217,4.778,485.596,2.5813,96.26,2,9,1,0,True,0.739765,0.580222,1.0,no_major_descriptor_risk
CAND_dfdb840f5a,0.4357,4.784,486.58,3.0083,93.46,1,9,1,0,True,0.746065,0.579556,1.0,no_major_descriptor_risk
CAND_e65255187e,0.4357,4.784,486.58,3.0083,93.46,1,9,1,0,True,0.746065,0.579556,1.0,no_major_descriptor_risk
CAND_c0f2f44e90,0.4539,5.028,485.596,2.5813,96.26,2,9,3,0,True,0.754255,0.552444,1.0,no_major_descriptor_risk
CAND_312d0537cd,0.441,5.106,499.623,2.9714,96.26,2,9,3,0,True,0.74845,0.543778,1.0,no_major_descriptor_risk
CAND_fa823cde7f,0.4218,4.528,485.596,2.7127,96.26,2,9,1,0,True,0.73981,0.608,1.0,no_major_descriptor_risk
CAND_5069130231,0.4355,4.534,486.58,3.1397,93.46,1,9,1,0,True,0.745975,0.607333,1.0,no_major_descriptor_risk
CAND_5aa43f00ce,0.4589,4.659,486.58,3.0099,93.46,1,9,2,0,True,0.756505,0.593444,1.0,no_major_descriptor_risk
CAND_211acb3347,0.2545,5.602,582.111,5.3245,141.08,3,11,6,3,False,0.285025,0.488667,1.0,3_lipinski_violations;veber_fail
CAND_246732b072,0.2811,5.35,566.043,4.6079,150.31,3,11,6,2,False,0.395995,0.516667,1.0,2_lipinski_violations;veber_fail
CAND_7ef6141366,0.2737,5.428,580.07,4.6504,150.31,3,11,6,2,False,0.392665,0.508,1.0,2_lipinski_violations;veber_fail
CAND_97e93697ce,0.2545,5.602,582.111,5.3245,141.08,3,11,6,3,False,0.285025,0.488667,1.0,3_lipinski_violations;veber_fail
CAND_d088655aa3,0.2811,5.35,566.043,4.6079,150.31,3,11,6,2,False,0.395995,0.516667,1.0,2_lipinski_violations;veber_fail
CAND_f11f5e4bc9,0.2737,5.428,580.07,4.6504,150.31,3,11,6,2,False,0.392665,0.508,1.0,2_lipinski_violations;veber_fail
CAND_ccee403e5b,0.2678,5.412,582.111,5.1947,141.08,3,11,5,3,False,0.29101,0.509778,1.0,3_lipinski_violations;veber_fail
CAND_e899159d2d,0.2619,5.747,582.111,5.3656,141.08,3,11,5,3,False,0.288355,0.472556,1.0,3_lipinski_violations;veber_fail
CAND_2aaa40cae0,0.2264,5.951,596.138,5.367,141.08,3,11,8,3,False,0.27238,0.449889,1.0,3_lipinski_violations;veber_fail
CAND_67fac5344c,0.2208,6.05,610.165,5.4095,141.08,3,11,8,3,False,0.26986,0.438889,1.0,3_lipinski_violations;veber_fail
CAND_449e329975,0.2545,5.602,582.111,5.3245,141.08,3,11,6,3,False,0.285025,0.488667,1.0,3_lipinski_violations;veber_fail
CAND_6443495e21,0.2545,5.602,582.111,5.3245,141.08,3,11,6,3,False,0.285025,0.488667,1.0,3_lipinski_violations;veber_fail
CAND_230f571a7d,0.2545,5.602,582.111,5.3245,141.08,3,11,6,3,False,0.285025,0.488667,1.0,3_lipinski_violations;veber_fail
CAND_7fc2edd2d2,0.2545,5.602,582.111,5.3245,141.08,3,11,6,3,False,0.285025,0.488667,1.0,3_lipinski_violations;veber_fail
CAND_28d0dcfea8,0.2545,5.602,582.111,5.3245,141.08,3,11,6,3,False,0.285025,0.488667,1.0,3_lipinski_violations;veber_fail
CAND_abd31a51c5,0.2477,5.701,596.138,5.367,141.08,3,11,6,3,False,0.281965,0.477667,1.0,3_lipinski_violations;veber_fail
CAND_4c45198fc2,0.2545,5.602,582.111,5.3245,141.08,3,11,6,3,False,0.285025,0.488667,1.0,3_lipinski_violations;veber_fail
CAND_c21d39ec92,0.2477,5.701,596.138,5.367,141.08,3,11,6,3,False,0.281965,0.477667,1.0,3_lipinski_violations;veber_fail
CAND_d36c365154,0.2545,5.602,582.111,5.3245,141.08,3,11,6,3,False,0.285025,0.488667,1.0,3_lipinski_violations;veber_fail
CAND_1db41f611e,0.2477,5.701,596.138,5.367,141.08,3,11,6,3,False,0.281965,0.477667,1.0,3_lipinski_violations;veber_fail
CAND_d8cc3c982c,0.4025,4.92,533.658,2.7411,104.1,2,9,2,1,True,0.632125,0.564444,1.0,1_lipinski_violations
CAND_9934a2d61a,0.4155,4.926,534.642,3.1681,101.3,1,9,2,1,True,0.637975,0.563778,1.0,1_lipinski_violations
CAND_bb3451bfd9,0.4247,4.801,534.642,3.1697,101.3,1,9,3,1,True,0.642115,0.577667,1.0,1_lipinski_violations
CAND_6f2fd0a2ba,0.4025,4.92,533.658,2.7411,104.1,2,9,2,1,True,0.632125,0.564444,1.0,1_lipinski_violations
CAND_44483aad03,0.3917,4.998,547.685,3.1312,104.1,2,9,2,1,True,0.627265,0.555778,1.0,1_lipinski_violations
CAND_16f8cdce9b,0.4247,4.801,534.642,3.1697,101.3,1,9,3,1,True,0.642115,0.577667,1.0,1_lipinski_violations
CAND_c39f2960d0,0.2267,5.151,514.022,6.6787,61.54,2,4,0,2,True,0.454015,0.538778,0.9,2_lipinski_violations
CAND_63a2380b62,0.3884,4.114,469.496,4.106,119.91,4,8,0,0,True,0.72478,0.654,1.0,no_major_descriptor_risk
CAND_dba197d20d,0.6573,3.789,397.5,3.3845,86.47,2,6,1,0,True,0.845785,0.690111,1.0,no_major_descriptor_risk
CAND_1f1699dcb0,0.6877,3.433,369.446,3.2178,86.47,2,6,1,0,True,0.859465,0.729667,1.0,no_major_descriptor_risk
CAND_1e36227027,0.4167,5.292,510.624,3.6726,114.72,2,10,2,1,True,0.638515,0.523111,1.0,1_lipinski_violations
CAND_c204542690,0.3742,5.287,509.64,3.2456,117.52,3,10,2,1,True,0.61939,0.523667,1.0,1_lipinski_violations
CAND_df12b5bb66,0.3554,5.412,509.64,3.244,117.52,3,10,1,1,True,0.61093,0.509778,1.0,1_lipinski_violations
CAND_bbda25b206,0.3554,5.412,509.64,3.244,117.52,3,10,1,1,True,0.61093,0.509778,1.0,1_lipinski_violations
CAND_fa26bc1e9c,0.3734,4.558,490.926,4.5017,90.62,1,5,1,0,True,0.71803,0.604667,1.0,no_major_descriptor_risk
CAND_fd281151b2,0.3811,3.747,367.434,1.9982,98.21,4,5,0,0,True,0.721495,0.694778,1.0,no_major_descriptor_risk
CAND_e45ddb74b8,0.3737,3.825,381.461,2.0407,98.21,4,5,0,0,True,0.718165,0.686111,1.0,no_major_descriptor_risk
CAND_0474edc8b6,0.3811,3.747,367.434,1.9982,98.21,4,5,0,0,True,0.721495,0.694778,1.0,no_major_descriptor_risk
CAND_e0d74948a8,0.3737,3.825,381.461,2.0407,98.21,4,5,0,0,True,0.718165,0.686111,1.0,no_major_descriptor_risk
CAND_5bd85c7cd9,0.4695,3.717,384.486,3.1007,86.18,3,5,1,0,True,0.761275,0.698111,1.0,no_major_descriptor_risk
CAND_44a888268f,0.3045,5.842,599.732,5.8593,99.11,2,7,3,2,True,0.489025,0.462,1.0,2_lipinski_violations
CAND_fa0fc1f6f3,0.2819,6.115,613.759,6.2494,99.11,2,7,3,2,True,0.478855,0.431667,1.0,2_lipinski_violations
CAND_c67e781ea7,0.2693,6.29,615.8,6.5759,89.88,2,7,3,2,True,0.473185,0.412222,0.9,2_lipinski_violations
CAND_691a7971ad,0.268,5.896,612.775,5.8224,101.91,3,7,3,2,True,0.4726,0.456,1.0,2_lipinski_violations
CAND_cc9b2e6248,0.2532,6.563,629.827,6.966,89.88,2,7,3,2,True,0.46594,0.381889,0.9,2_lipinski_violations
CAND_3e908061c6,0.2693,6.54,615.8,6.5759,89.88,2,7,3,2,True,0.473185,0.384444,0.9,2_lipinski_violations
CAND_a87c333726,0.268,6.146,612.775,5.8224,101.91,3,7,3,2,True,0.4726,0.428222,1.0,2_lipinski_violations
CAND_79e2b184e1,0.2532,6.813,629.827,6.966,89.88,2,7,3,2,True,0.46594,0.354111,0.9,2_lipinski_violations
CAND_f3f3470e2d,0.268,6.146,612.775,5.8224,101.91,3,7,3,2,True,0.4726,0.428222,1.0,2_lipinski_violations
CAND_b79f0ee670,0.2618,6.245,626.802,5.8649,101.91,3,7,3,2,True,0.46981,0.417222,1.0,2_lipinski_violations
CAND_461edffb9f,0.2693,6.54,615.8,6.5759,89.88,2,7,3,2,True,0.473185,0.384444,0.9,2_lipinski_violations
CAND_0c7af99eae,0.2532,6.813,629.827,6.966,89.88,2,7,3,2,True,0.46594,0.354111,0.9,2_lipinski_violations
CAND_d4bb45d26b,0.3045,6.092,599.732,5.8593,99.11,2,7,3,2,True,0.489025,0.434222,1.0,2_lipinski_violations
CAND_d262069701,0.2819,6.365,613.759,6.2494,99.11,2,7,3,2,True,0.478855,0.403889,1.0,2_lipinski_violations
CAND_c78396574b,0.4953,4.453,449.609,4.2325,85.23,1,8,4,0,True,0.772885,0.616333,1.0,no_major_descriptor_risk
CAND_44152f8fa7,0.419,4.82,515.622,2.2417,104.85,2,8,2,1,True,0.63955,0.575556,1.0,1_lipinski_violations
CAND_64ca2eb7ee,0.419,4.82,515.622,2.2417,104.85,2,8,2,1,True,0.63955,0.575556,1.0,1_lipinski_violations
CAND_43b9d1ed8e,0.27,5.217,587.128,4.5308,124.43,4,8,2,1,True,0.5725,0.531444,1.0,1_lipinski_violations
CAND_3bc15a4f73,0.2824,5.139,573.101,4.1407,124.43,4,8,2,1,True,0.57808,0.540111,1.0,1_lipinski_violations
CAND_f7b92103a7,0.27,5.217,587.128,4.5308,124.43,4,8,2,1,True,0.5725,0.531444,1.0,1_lipinski_violations
CAND_8d80926214,0.2921,5.408,604.18,5.1923,112.4,3,8,4,2,True,0.483445,0.510222,1.0,2_lipinski_violations
CAND_16f8512400,0.3039,5.332,556.114,5.5736,103.17,3,6,4,2,True,0.488755,0.518667,1.0,2_lipinski_violations
CAND_0b333a78da,0.2894,5.442,590.153,5.4157,112.4,3,8,4,2,True,0.48223,0.506444,1.0,2_lipinski_violations
CAND_156f2ea3e1,0.282,5.541,604.18,5.4582,112.4,3,8,4,2,True,0.4789,0.495444,1.0,2_lipinski_violations
CAND_9651bedce8,0.2552,5.89,606.221,6.1323,103.17,3,8,4,2,True,0.46684,0.456667,1.0,2_lipinski_violations
CAND_2c75830767,0.249,5.989,620.248,6.1748,103.17,3,8,4,2,True,0.46405,0.445667,1.0,2_lipinski_violations
CAND_1eab0165b9,0.2857,5.139,573.101,4.2721,124.43,4,8,4,1,True,0.579565,0.540111,1.0,1_lipinski_violations
CAND_c263e10a75,0.2894,5.442,590.153,5.4157,112.4,3,8,4,2,True,0.48223,0.506444,1.0,2_lipinski_violations
CAND_75d85e2d6a,0.2752,5.64,618.207,5.5007,112.4,3,8,4,2,True,0.47584,0.484444,1.0,2_lipinski_violations
CAND_dd61423922,0.249,5.989,620.248,6.1748,103.17,3,8,4,2,True,0.46405,0.445667,1.0,2_lipinski_violations
CAND_b1d7e1ceb4,0.2985,5.082,556.114,5.5736,103.17,3,6,2,2,True,0.486325,0.546444,1.0,2_lipinski_violations
CAND_e51bb22945,0.2806,4.889,573.101,4.2721,124.43,4,8,2,1,True,0.57727,0.567889,1.0,1_lipinski_violations
CAND_d9a01c3bc1,0.2985,5.082,556.114,5.5736,103.17,3,6,2,2,True,0.486325,0.546444,1.0,2_lipinski_violations
CAND_dff664468e,0.2806,4.889,573.101,4.2721,124.43,4,8,2,1,True,0.57727,0.567889,1.0,1_lipinski_violations
CAND_ddddf92b41,0.2186,6.585,662.329,6.6499,103.17,3,8,5,2,True,0.45037,0.379444,0.9,2_lipinski_violations
CAND_9478c6393c,0.2905,5.317,590.153,5.4157,112.4,3,8,3,2,True,0.482725,0.520333,1.0,2_lipinski_violations
CAND_32b6070b0d,0.4458,5.065,559.711,4.7935,81.21,1,9,2,1,True,0.65161,0.548333,1.0,1_lipinski_violations
CAND_6b878c57b4,0.4488,5.101,513.686,5.583,62.75,1,7,2,2,True,0.55396,0.544333,1.0,2_lipinski_violations
CAND_c76730c0fe,0.4555,4.94,559.711,4.7951,81.21,1,9,3,1,True,0.655975,0.562222,1.0,1_lipinski_violations
CAND_84ac93f809,0.4586,4.977,513.686,5.5846,62.75,1,7,3,2,True,0.55837,0.558111,1.0,2_lipinski_violations
CAND_2b923a7049,0.3937,4.712,520.077,5.2337,71.54,2,7,0,2,True,0.529165,0.587556,1.0,2_lipinski_violations
CAND_36406f56a3,0.6326,4.266,393.447,2.8558,101.16,3,6,3,0,True,0.83467,0.637111,1.0,no_major_descriptor_risk
CAND_bda4a26d9e,0.3219,5.824,583.737,3.7944,99.95,3,10,5,1,True,0.595855,0.464,1.0,1_lipinski_violations
CAND_702d51b2d2,0.3212,5.907,598.748,4.2639,97.15,2,10,7,1,True,0.59554,0.454778,1.0,1_lipinski_violations
CAND_879d0edc48,0.298,5.824,583.737,3.7944,99.95,3,10,7,1,True,0.5851,0.464,1.0,1_lipinski_violations
CAND_c34f15f2da,0.3043,5.918,600.789,4.938,87.92,2,10,7,1,True,0.587935,0.453556,1.0,1_lipinski_violations
CAND_3b48cf0c68,0.3314,5.574,583.737,3.663,99.95,3,10,3,1,True,0.60013,0.491778,1.0,1_lipinski_violations
CAND_5a82ea5246,0.4507,5.026,552.697,4.7976,87.2,1,10,2,1,True,0.653815,0.552667,1.0,1_lipinski_violations
CAND_d9c3b1fa9a,0.4435,5.068,537.686,4.1967,90.0,2,10,1,1,True,0.650575,0.548,1.0,1_lipinski_violations
CAND_f2745e9268,0.3563,4.982,544.681,3.672,118.01,3,8,4,1,True,0.611335,0.557556,1.0,1_lipinski_violations
CAND_15d5541ac6,0.3563,4.982,544.681,3.672,118.01,3,8,4,1,True,0.611335,0.557556,1.0,1_lipinski_violations
CAND_6e4c0a439c,0.3557,5.482,544.681,3.7439,118.01,3,8,4,1,True,0.611065,0.502,1.0,1_lipinski_violations
CAND_f5d578935d,0.3187,5.387,527.629,2.6003,130.04,4,8,4,1,True,0.594415,0.512556,1.0,1_lipinski_violations
CAND_d1c7207437,0.3104,5.465,541.656,2.6428,130.04,4,8,4,1,True,0.59068,0.503889,1.0,1_lipinski_violations
CAND_0fb8e6bd37,0.3202,5.446,560.749,4.7755,108.78,3,8,5,1,True,0.59509,0.506,1.0,1_lipinski_violations
CAND_db7d7322ab,0.3115,5.524,574.776,4.818,108.78,3,8,5,1,True,0.591175,0.497333,1.0,1_lipinski_violations
CAND_0ee1e7e5bb,0.3127,5.274,574.776,4.7769,108.78,3,8,5,1,True,0.591715,0.525111,1.0,1_lipinski_violations
CAND_ce7c4e443e,0.3187,5.387,527.629,2.6003,130.04,4,8,4,1,True,0.594415,0.512556,1.0,1_lipinski_violations
CAND_257aeeab16,0.3103,5.465,541.656,2.9904,130.04,4,8,4,1,True,0.590635,0.503889,1.0,1_lipinski_violations
CAND_970003175c,0.3115,5.524,574.776,4.818,108.78,3,8,5,1,True,0.591175,0.497333,1.0,1_lipinski_violations
CAND_d6eed45508,0.3297,4.522,484.516,2.5003,122.3,4,7,3,0,True,0.698365,0.608667,1.0,no_major_descriptor_risk
CAND_fef5e89244,0.281,5.23,587.771,5.2682,101.04,3,7,3,2,True,0.47845,0.53,1.0,2_lipinski_violations
CAND_be7c190dfc,0.3005,5.018,573.744,4.8781,101.04,3,7,3,1,True,0.586225,0.553556,1.0,1_lipinski_violations
CAND_8a3ca2e693,0.2651,5.799,587.771,5.6569,101.04,3,7,4,2,True,0.471295,0.466778,1.0,2_lipinski_violations
CAND_f4a7e98c9c,0.3275,4.306,445.527,3.527,133.74,5,6,3,0,True,0.697375,0.632667,1.0,no_major_descriptor_risk
CAND_35dfd76fe8,0.351,4.4,462.579,4.6706,121.71,4,6,3,0,True,0.70795,0.622222,1.0,no_major_descriptor_risk
CAND_bca0beab21,0.318,4.384,459.554,3.5695,133.74,5,6,3,0,True,0.6931,0.624,1.0,no_major_descriptor_risk
CAND_646fbecff3,0.3396,4.478,476.606,4.7131,121.71,4,6,3,0,True,0.70282,0.613556,1.0,no_major_descriptor_risk
CAND_2ce959d527,0.2591,5.379,534.755,5.9048,112.48,4,6,4,2,True,0.468595,0.513444,1.0,2_lipinski_violations
CAND_dffda90534,0.351,4.4,462.579,4.6706,121.71,4,6,3,0,True,0.70795,0.622222,1.0,no_major_descriptor_risk
CAND_3c9d9752ff,0.3396,4.478,476.606,4.7131,121.71,4,6,3,0,True,0.70282,0.613556,1.0,no_major_descriptor_risk
CAND_eb4ccc87b4,0.411,3.941,402.462,2.5189,115.28,3,8,0,0,True,0.73495,0.673222,1.0,no_major_descriptor_risk
CAND_3bd86314ed,0.4006,4.019,416.489,2.5614,115.28,3,8,0,0,True,0.73027,0.664556,1.0,no_major_descriptor_risk
CAND_825352b0e1,0.411,3.941,402.462,2.5189,115.28,3,8,0,0,True,0.73495,0.673222,1.0,no_major_descriptor_risk
CAND_8863b912ad,0.4006,4.019,416.489,2.5614,115.28,3,8,0,0,True,0.73027,0.664556,1.0,no_major_descriptor_risk
CAND_09837f6344,0.411,3.941,402.462,2.5189,115.28,3,8,0,0,True,0.73495,0.673222,1.0,no_major_descriptor_risk
CAND_ded718ba5a,0.4006,4.019,416.489,2.5614,115.28,3,8,0,0,True,0.73027,0.664556,1.0,no_major_descriptor_risk
CAND_abb41a922d,0.4862,4.15,417.473,2.8586,112.48,2,8,1,0,True,0.76879,0.65,1.0,no_major_descriptor_risk
CAND_ce08eddc26,0.4006,4.019,416.489,2.5614,115.28,3,8,0,0,True,0.73027,0.664556,1.0,no_major_descriptor_risk
CAND_cd2bcebeef,0.4862,4.15,417.473,2.8586,112.48,2,8,1,0,True,0.76879,0.65,1.0,no_major_descriptor_risk
CAND_15b15b12d8,0.4006,4.019,416.489,2.5614,115.28,3,8,0,0,True,0.73027,0.664556,1.0,no_major_descriptor_risk
CAND_85546fff9a,0.4445,4.066,402.462,2.3891,115.28,3,8,1,0,True,0.750025,0.659333,1.0,no_major_descriptor_risk
CAND_37896201ac,0.4989,4.072,403.446,2.8161,112.48,2,8,1,0,True,0.774505,0.658667,1.0,no_major_descriptor_risk
CAND_3c8a704cec,0.411,3.941,402.462,2.5189,115.28,3,8,0,0,True,0.73495,0.673222,1.0,no_major_descriptor_risk
CAND_fc5fb427fe,0.4006,4.019,416.489,2.5614,115.28,3,8,0,0,True,0.73027,0.664556,1.0,no_major_descriptor_risk
CAND_6f34b017e0,0.4746,4.578,449.609,4.4216,94.02,2,8,3,0,True,0.76357,0.602444,1.0,no_major_descriptor_risk
CAND_c59ea20703,0.4234,4.275,485.038,4.6516,77.11,1,6,1,0,True,0.74053,0.636111,1.0,no_major_descriptor_risk
CAND_8e3fb00f71,0.451,3.81,423.864,2.7064,98.37,2,6,0,0,True,0.75295,0.687778,1.0,no_major_descriptor_risk
CAND_d06f18a0d7,0.4387,3.888,437.891,2.7489,98.37,2,6,0,0,True,0.747415,0.679111,1.0,no_major_descriptor_risk
CAND_c771b0e9c2,0.4375,4.197,471.011,4.6091,77.11,1,6,1,0,True,0.746875,0.644778,1.0,no_major_descriptor_risk
CAND_8f93f36d67,0.451,3.81,423.864,2.7064,98.37,2,6,0,0,True,0.75295,0.687778,1.0,no_major_descriptor_risk
CAND_03390190f4,0.4387,3.888,437.891,2.7489,98.37,2,6,0,0,True,0.747415,0.679111,1.0,no_major_descriptor_risk
CAND_3a328d06e8,0.4692,4.322,471.011,4.3432,77.11,1,6,2,0,True,0.76114,0.630889,1.0,no_major_descriptor_risk
CAND_ede685f506,0.4576,4.322,471.011,4.6908,77.11,1,6,2,0,True,0.75592,0.630889,1.0,no_major_descriptor_risk
CAND_63bbb0d328,0.4842,4.244,456.984,4.3007,77.11,1,6,2,0,True,0.76789,0.639556,1.0,no_major_descriptor_risk
CAND_167a057e5e,0.4234,4.275,485.038,4.6516,77.11,1,6,1,0,True,0.74053,0.636111,1.0,no_major_descriptor_risk
CAND_768dab7c60,0.2192,5.239,568.609,3.4591,120.61,4,8,3,1,True,0.54964,0.529,1.0,1_lipinski_violations
CAND_2256223f5c,0.2247,5.162,554.582,3.4166,120.61,4,8,3,1,True,0.552115,0.537556,1.0,1_lipinski_violations
CAND_8a1aaec84d,0.2247,5.162,554.582,3.4166,120.61,4,8,3,1,True,0.552115,0.537556,1.0,1_lipinski_violations
CAND_7bf66f4ff7,0.2192,5.239,568.609,3.4591,120.61,4,8,3,1,True,0.54964,0.529,1.0,1_lipinski_violations
CAND_83405bea72,0.2247,5.162,554.582,3.4166,120.61,4,8,3,1,True,0.552115,0.537556,1.0,1_lipinski_violations
CAND_2c1902cdea,0.2192,5.239,568.609,3.4591,120.61,4,8,3,1,True,0.54964,0.529,1.0,1_lipinski_violations
CAND_225f082dbf,0.2247,5.162,554.582,3.4166,120.61,4,8,3,1,True,0.552115,0.537556,1.0,1_lipinski_violations
CAND_4e2bc73f5b,0.2202,5.484,587.702,5.2768,99.35,3,8,3,2,True,0.45109,0.501778,1.0,2_lipinski_violations
CAND_4daf10e68a,0.2145,5.583,601.729,5.3193,99.35,3,8,3,2,True,0.448525,0.490778,1.0,2_lipinski_violations
CAND_424b5e4f17,0.2094,5.682,615.756,5.3618,99.35,3,8,3,2,True,0.44623,0.479778,1.0,2_lipinski_violations
CAND_cd943a8bc3,0.2202,5.484,587.702,5.2768,99.35,3,8,3,2,True,0.45109,0.501778,1.0,2_lipinski_violations
CAND_f6325e97f7,0.2145,5.583,601.729,5.3193,99.35,3,8,3,2,True,0.448525,0.490778,1.0,2_lipinski_violations
CAND_4165362d8e,0.2094,5.682,615.756,5.3618,99.35,3,8,3,2,True,0.44623,0.479778,1.0,2_lipinski_violations
CAND_7c28420b06,0.2989,4.791,577.686,5.0019,105.18,1,7,1,2,True,0.486505,0.578778,1.0,2_lipinski_violations
CAND_30ad59e1d3,0.3525,4.091,474.431,2.234,126.44,2,7,0,0,True,0.708625,0.656556,1.0,no_major_descriptor_risk
CAND_82c59bb629,0.3425,4.169,488.458,2.2765,126.44,2,7,0,0,True,0.704125,0.647889,1.0,no_major_descriptor_risk
CAND_1ccad1c8d6,0.4146,4.122,457.444,3.5355,105.18,1,5,1,0,True,0.73657,0.653111,1.0,no_major_descriptor_risk
CAND_e2f1a9f8cd,0.3525,4.091,474.431,2.234,126.44,2,7,0,0,True,0.708625,0.656556,1.0,no_major_descriptor_risk
CAND_cf7d3d5ac2,0.383,3.997,457.444,3.5355,105.18,1,5,0,0,True,0.72235,0.667,1.0,no_major_descriptor_risk
CAND_6c9f919126,0.3525,4.091,474.431,2.234,126.44,2,7,0,0,True,0.708625,0.656556,1.0,no_major_descriptor_risk
CAND_09f36916c1,0.3702,4.993,503.697,5.7276,66.07,2,7,3,2,True,0.51859,0.556333,1.0,2_lipinski_violations
CAND_5d778026cc,0.3576,5.092,517.724,5.7701,66.07,2,7,3,2,True,0.51292,0.545333,1.0,2_lipinski_violations
CAND_48dc8c5ba1,0.3282,5.365,531.751,6.1602,66.07,2,7,3,2,True,0.49969,0.515,1.0,2_lipinski_violations
CAND_3d744ad231,0.3702,4.993,503.697,5.7276,66.07,2,7,3,2,True,0.51859,0.556333,1.0,2_lipinski_violations
CAND_ca0a13c54e,0.3576,5.092,517.724,5.7701,66.07,2,7,3,2,True,0.51292,0.545333,1.0,2_lipinski_violations
CAND_adf93ab1ae,0.3835,4.893,489.67,5.6851,66.07,2,7,3,1,True,0.623575,0.567444,1.0,1_lipinski_violations
CAND_c2fad985ce,0.3211,5.24,531.751,6.1602,66.07,2,7,2,2,True,0.496495,0.528889,1.0,2_lipinski_violations
CAND_8b17bffdfe,0.3499,4.967,517.724,5.7701,66.07,2,7,2,2,True,0.509455,0.559222,1.0,2_lipinski_violations
CAND_a39d167821,0.3622,4.868,503.697,5.7276,66.07,2,7,2,2,True,0.51499,0.570222,1.0,2_lipinski_violations
CAND_091eb210dc,0.4013,4.117,456.55,3.8249,87.33,3,7,1,0,True,0.730585,0.653667,1.0,no_major_descriptor_risk
CAND_0fcbc91443,0.4135,4.039,442.523,3.7824,87.33,3,7,1,0,True,0.736075,0.662333,1.0,no_major_descriptor_risk
CAND_c1d77bcdc8,0.2721,5.473,610.671,4.3331,141.76,3,9,3,1,False,0.490945,0.503,1.0,1_lipinski_violations;veber_fail
CAND_3927bfd90f,0.2599,5.551,624.698,4.7232,141.76,3,9,3,1,False,0.485455,0.494333,1.0,1_lipinski_violations;veber_fail
CAND_379cd58022,0.2498,5.562,626.739,4.8788,132.53,3,9,5,1,True,0.56341,0.493111,1.0,1_lipinski_violations
CAND_d6bad9c33f,0.1995,6.006,583.57,6.8669,99.35,3,7,3,2,True,0.441775,0.443778,0.9,2_lipinski_violations
CAND_9986e32201,0.1995,6.006,583.57,6.8669,99.35,3,7,3,2,True,0.441775,0.443778,0.9,2_lipinski_violations
CAND_e4ba124c43,0.2186,5.186,527.462,6.3493,99.35,3,7,1,2,True,0.45037,0.534889,1.0,2_lipinski_violations
CAND_74787930a2,0.2186,5.186,527.462,6.3493,99.35,3,7,1,2,True,0.45037,0.534889,1.0,2_lipinski_violations
CAND_93a943ef3a,0.1995,6.006,583.57,6.8669,99.35,3,7,3,2,True,0.441775,0.443778,0.9,2_lipinski_violations
CAND_c8f7f4613f,0.2186,5.186,527.462,6.3493,99.35,3,7,1,2,True,0.45037,0.534889,1.0,2_lipinski_violations
CAND_6da059e7f7,0.2019,5.061,527.462,6.3493,99.35,3,7,0,2,True,0.442855,0.548778,1.0,2_lipinski_violations
CAND_e6663fdb96,0.2453,4.503,477.355,5.7906,99.35,3,5,0,1,True,0.561385,0.610778,1.0,1_lipinski_violations
CAND_85aa8970a8,0.2019,5.061,527.462,6.3493,99.35,3,7,0,2,True,0.442855,0.548778,1.0,2_lipinski_violations
CAND_a1c1270b89,0.2116,5.285,541.489,6.3918,99.35,3,7,1,2,True,0.44722,0.523889,1.0,2_lipinski_violations
CAND_720380419b,0.2019,5.061,527.462,6.3493,99.35,3,7,0,2,True,0.442855,0.548778,1.0,2_lipinski_violations
CAND_7c9e4211b6,0.2186,5.186,527.462,6.3493,99.35,3,7,1,2,True,0.45037,0.534889,1.0,2_lipinski_violations
CAND_deff8b93de,0.2019,5.061,527.462,6.3493,99.35,3,7,0,2,True,0.442855,0.548778,1.0,2_lipinski_violations
CAND_2d29a49cf1,0.4398,4.014,415.449,3.3812,103.51,3,7,2,0,True,0.74791,0.665111,1.0,no_major_descriptor_risk
CAND_4287a61ab4,0.2702,4.589,496.6,4.0156,132.69,4,8,1,0,True,0.67159,0.601222,1.0,no_major_descriptor_risk
CAND_652ddc01da,0.313,4.508,479.613,5.276,111.43,3,6,2,1,True,0.59185,0.610222,1.0,1_lipinski_violations
CAND_959162d21f,0.2702,4.589,496.6,4.0156,132.69,4,8,1,0,True,0.67159,0.601222,1.0,no_major_descriptor_risk
CAND_765513bf54,0.313,4.508,479.613,5.276,111.43,3,6,2,1,True,0.59185,0.610222,1.0,1_lipinski_violations
CAND_3f5c5a0b6a,0.2702,4.589,496.6,4.0156,132.69,4,8,1,0,True,0.67159,0.601222,1.0,no_major_descriptor_risk
CAND_a6b0ddee55,0.2622,4.667,510.627,4.0581,132.69,4,8,1,1,True,0.56899,0.592556,1.0,1_lipinski_violations
CAND_49a2fb8b17,0.313,4.508,479.613,5.276,111.43,3,6,2,1,True,0.59185,0.610222,1.0,1_lipinski_violations
CAND_4b27962dcb,0.2702,4.589,496.6,4.0156,132.69,4,8,1,0,True,0.67159,0.601222,1.0,no_major_descriptor_risk
CAND_17a29591e5,0.2622,4.667,510.627,4.0581,132.69,4,8,1,1,True,0.56899,0.592556,1.0,1_lipinski_violations
CAND_a189d06501,0.313,4.508,479.613,5.276,111.43,3,6,2,1,True,0.59185,0.610222,1.0,1_lipinski_violations
CAND_1aead96a94,0.3154,5.824,651.262,5.0006,132.59,2,8,4,2,True,0.49393,0.464,1.0,2_lipinski_violations
CAND_f79304c333,0.3931,5.04,532.699,4.0321,114.33,2,9,5,1,True,0.627895,0.551111,1.0,1_lipinski_violations
CAND_a1a412f421,0.3466,5.352,588.807,4.5497,114.33,2,9,5,1,True,0.60697,0.516444,1.0,1_lipinski_violations
CAND_ad3632a446,0.3822,5.118,546.726,4.0746,114.33,2,9,5,1,True,0.62299,0.542444,1.0,1_lipinski_violations
CAND_41ebb3eac6,0.3822,5.118,546.726,4.0746,114.33,2,9,5,1,True,0.62299,0.542444,1.0,1_lipinski_violations
CAND_f5d65cfc38,0.3466,5.352,588.807,4.5497,114.33,2,9,5,1,True,0.60697,0.516444,1.0,1_lipinski_violations
CAND_4a99f159a8,0.3861,5.106,499.579,1.898,135.59,3,9,3,0,True,0.723745,0.543778,1.0,no_major_descriptor_risk
CAND_06a9217308,0.4228,5.201,516.631,3.0416,123.56,2,9,3,1,True,0.64126,0.533222,1.0,1_lipinski_violations
CAND_70b0ab2b05,0.3822,5.118,546.726,4.0746,114.33,2,9,5,1,True,0.62299,0.542444,1.0,1_lipinski_violations
CAND_4869d7bacd,0.3861,5.106,499.579,1.898,135.59,3,9,3,0,True,0.723745,0.543778,1.0,no_major_descriptor_risk
CAND_ce94b0c29e,0.3769,5.184,513.606,2.2881,135.59,3,9,3,1,True,0.620605,0.535111,1.0,1_lipinski_violations
CAND_3387c6b9e9,0.5078,4.964,532.594,3.6095,132.65,2,9,2,1,True,0.67951,0.559556,1.0,1_lipinski_violations
CAND_bf7d13d93c,0.4266,4.275,485.038,4.558,77.11,1,6,1,0,True,0.74197,0.636111,1.0,no_major_descriptor_risk
CAND_677ee4400c,0.4509,3.81,423.864,2.6128,98.37,2,6,0,0,True,0.752905,0.687778,1.0,no_major_descriptor_risk
CAND_fcb1a6e5cd,0.4386,3.888,437.891,2.6553,98.37,2,6,0,0,True,0.74737,0.679111,1.0,no_major_descriptor_risk
CAND_0f275d7a86,0.4406,4.197,471.011,4.5155,77.11,1,6,1,0,True,0.74827,0.644778,1.0,no_major_descriptor_risk
CAND_d1a741f083,0.4509,3.81,423.864,2.6128,98.37,2,6,0,0,True,0.752905,0.687778,1.0,no_major_descriptor_risk
CAND_ad52fa42f5,0.4386,3.888,437.891,2.6553,98.37,2,6,0,0,True,0.74737,0.679111,1.0,no_major_descriptor_risk
CAND_36034b6100,0.4652,4.322,471.011,4.4785,77.11,1,6,2,0,True,0.75934,0.630889,1.0,no_major_descriptor_risk
CAND_75f1485cb9,0.452,4.322,471.011,4.8261,77.11,1,6,2,0,True,0.7534,0.630889,1.0,no_major_descriptor_risk
CAND_327aeadc56,0.4803,4.244,456.984,4.436,77.11,1,6,2,0,True,0.766135,0.639556,1.0,no_major_descriptor_risk
CAND_6a98ce34b7,0.4266,4.275,485.038,4.558,77.11,1,6,1,0,True,0.74197,0.636111,1.0,no_major_descriptor_risk
CAND_314cdd1184,0.5974,3.947,403.486,3.1697,71.54,2,7,0,0,True,0.81883,0.672556,1.0,no_major_descriptor_risk
CAND_0a0e2b2dea,0.6088,4.061,446.551,3.8556,68.74,1,7,1,0,True,0.82396,0.659889,1.0,no_major_descriptor_risk
CAND_2b7a639e67,0.627,3.983,432.524,3.8131,68.74,1,7,1,0,True,0.83215,0.668556,1.0,no_major_descriptor_risk
CAND_1bee5c40bc,0.3555,3.942,447.491,3.0701,109.75,3,7,0,0,True,0.709975,0.673111,1.0,no_major_descriptor_risk
CAND_7103ba42eb,0.376,3.786,419.437,2.9851,109.75,3,7,0,0,True,0.7192,0.690444,1.0,no_major_descriptor_risk
CAND_433b7244a1,0.3658,3.864,433.464,3.0276,109.75,3,7,0,0,True,0.71461,0.681778,1.0,no_major_descriptor_risk
CAND_59c01524de,0.3555,3.942,447.491,3.0701,109.75,3,7,0,0,True,0.709975,0.673111,1.0,no_major_descriptor_risk
CAND_6ea2fc16a8,0.3966,3.947,448.475,3.4971,106.95,2,7,0,0,True,0.72847,0.672556,1.0,no_major_descriptor_risk
CAND_c039c3d1e6,0.3658,3.864,433.464,3.0276,109.75,3,7,0,0,True,0.71461,0.681778,1.0,no_major_descriptor_risk
CAND_89d433f85a,0.4083,3.869,434.448,3.4546,106.95,2,7,0,0,True,0.733735,0.681222,1.0,no_major_descriptor_risk
CAND_332473e181,0.3555,3.942,447.491,3.0701,109.75,3,7,0,0,True,0.709975,0.673111,1.0,no_major_descriptor_risk
CAND_995a7d9373,0.376,3.786,419.437,2.9851,109.75,3,7,0,0,True,0.7192,0.690444,1.0,no_major_descriptor_risk
CAND_95b9b9b3bc,0.3658,3.864,433.464,3.0276,109.75,3,7,0,0,True,0.71461,0.681778,1.0,no_major_descriptor_risk
CAND_14bff5ed78,0.3225,5.156,553.627,2.7936,124.25,2,9,1,1,True,0.596125,0.538222,1.0,1_lipinski_violations
CAND_8f01a27ead,0.3143,5.234,567.654,3.1837,124.25,2,9,1,1,True,0.592435,0.529556,1.0,1_lipinski_violations
CAND_7a20d1ecf6,0.3225,5.156,553.627,2.7936,124.25,2,9,1,1,True,0.596125,0.538222,1.0,1_lipinski_violations
CAND_0c4c571dfb,0.3224,4.906,553.627,2.925,124.25,2,9,1,1,True,0.59608,0.566,1.0,1_lipinski_violations
CAND_7bb640e370,0.3146,4.984,567.654,2.9675,124.25,2,9,1,1,True,0.59257,0.557333,1.0,1_lipinski_violations
CAND_41d4e94ffe,0.3225,5.156,553.627,2.7936,124.25,2,9,1,1,True,0.596125,0.538222,1.0,1_lipinski_violations
CAND_5a97f362dc,0.3143,5.234,567.654,3.1837,124.25,2,9,1,1,True,0.592435,0.529556,1.0,1_lipinski_violations
CAND_77c6dea9a3,0.3396,5.031,553.627,2.7952,124.25,2,9,2,1,True,0.60382,0.552111,1.0,1_lipinski_violations
CAND_0ff829bf6a,0.3224,4.906,553.627,2.925,124.25,2,9,1,1,True,0.59608,0.566,1.0,1_lipinski_violations
CAND_0b27caaeee,0.3396,5.031,553.627,2.888,124.25,2,9,2,1,True,0.60382,0.552111,1.0,1_lipinski_violations
CAND_3ff403a17c,0.3535,4.587,473.581,3.4725,122.88,4,6,2,0,True,0.709075,0.601444,1.0,no_major_descriptor_risk
CAND_7bc97f0fe0,0.3533,4.587,473.581,3.5095,122.88,4,6,2,0,True,0.708985,0.601444,1.0,no_major_descriptor_risk
CAND_3b3082de1a,0.3533,4.587,473.581,3.5095,122.88,4,6,2,0,True,0.708985,0.601444,1.0,no_major_descriptor_risk
CAND_8549297afc,0.354,5.087,473.581,3.3654,122.88,4,6,2,0,True,0.7093,0.545889,1.0,no_major_descriptor_risk
CAND_08b54610ec,0.354,5.087,473.581,3.3654,122.88,4,6,2,0,True,0.7093,0.545889,1.0,no_major_descriptor_risk
CAND_357e45b771,0.3611,4.712,473.581,3.5095,122.88,4,6,3,0,True,0.712495,0.587556,1.0,no_major_descriptor_risk
CAND_5b23445a2b,0.4137,4.717,474.565,3.9365,120.08,3,6,3,0,True,0.736165,0.587,1.0,no_major_descriptor_risk
CAND_d67a9ef0b7,0.3611,4.712,473.581,3.5095,122.88,4,6,3,0,True,0.712495,0.587556,1.0,no_major_descriptor_risk
CAND_fb356d436b,0.4137,4.717,474.565,3.9365,120.08,3,6,3,0,True,0.736165,0.587,1.0,no_major_descriptor_risk
CAND_f052a4028a,0.3446,5.568,627.8,3.8288,156.38,2,9,3,1,False,0.52357,0.492444,1.0,1_lipinski_violations;veber_fail
CAND_83acde3226,0.402,4.258,414.473,2.4863,115.28,3,8,0,0,True,0.7309,0.638,1.0,no_major_descriptor_risk
CAND_f7d1a45571,0.402,4.258,414.473,2.4863,115.28,3,8,0,0,True,0.7309,0.638,1.0,no_major_descriptor_risk
CAND_d766cd7f09,0.402,4.258,414.473,2.4863,115.28,3,8,0,0,True,0.7309,0.638,1.0,no_major_descriptor_risk
CAND_8be2ff7562,0.3916,4.336,428.5,2.8764,115.28,3,8,0,0,True,0.72622,0.629333,1.0,no_major_descriptor_risk
CAND_54dc84ab36,0.4693,3.914,397.486,3.7467,94.02,2,6,0,0,True,0.761185,0.676222,1.0,no_major_descriptor_risk
CAND_5eea81b5b7,0.4019,4.008,414.473,2.4452,115.28,3,8,0,0,True,0.730855,0.665778,1.0,no_major_descriptor_risk
CAND_37578faec4,0.3913,4.086,428.5,2.4877,115.28,3,8,0,0,True,0.726085,0.657111,1.0,no_major_descriptor_risk
CAND_fdbb3ef588,0.401,4.258,414.473,2.1713,115.28,3,8,0,0,True,0.73045,0.638,1.0,no_major_descriptor_risk
CAND_3cdfb620ec,0.4371,4.353,431.525,3.3149,103.25,2,8,0,0,True,0.746695,0.627444,1.0,no_major_descriptor_risk
CAND_7e977bd2d9,0.4551,4.52,461.62,4.3479,94.02,2,8,2,0,True,0.754795,0.608889,1.0,no_major_descriptor_risk
CAND_ef71159702,0.4693,3.914,397.486,3.7467,94.02,2,6,0,0,True,0.761185,0.676222,1.0,no_major_descriptor_risk
CAND_220efee5d2,0.4019,4.008,414.473,2.4452,115.28,3,8,0,0,True,0.730855,0.665778,1.0,no_major_descriptor_risk
CAND_3dd20a9d3d,0.3913,4.086,428.5,2.4877,115.28,3,8,0,0,True,0.726085,0.657111,1.0,no_major_descriptor_risk
CAND_85557e1e55,0.4693,3.914,397.486,3.7467,94.02,2,6,0,0,True,0.761185,0.676222,1.0,no_major_descriptor_risk
CAND_7a4b585420,0.4019,4.008,414.473,2.4452,115.28,3,8,0,0,True,0.730855,0.665778,1.0,no_major_descriptor_risk
CAND_8f136f2ddc,0.3913,4.086,428.5,2.4877,115.28,3,8,0,0,True,0.726085,0.657111,1.0,no_major_descriptor_risk
CAND_beee1ab454,0.4409,4.598,475.647,4.3904,94.02,2,8,2,0,True,0.748405,0.600222,1.0,no_major_descriptor_risk
CAND_f0ba60f802,0.4693,3.914,397.486,3.7467,94.02,2,6,0,0,True,0.761185,0.676222,1.0,no_major_descriptor_risk
CAND_6a1a769c80,0.4019,4.008,414.473,2.4452,115.28,3,8,0,0,True,0.730855,0.665778,1.0,no_major_descriptor_risk
CAND_3198f64aca,0.4693,3.914,397.486,3.7467,94.02,2,6,0,0,True,0.761185,0.676222,1.0,no_major_descriptor_risk
CAND_cdaa041666,0.458,5.254,548.694,4.2919,112.4,2,10,4,1,True,0.6571,0.527333,1.0,1_lipinski_violations
CAND_762c696b6a,0.4347,5.332,562.721,4.682,112.4,2,10,4,1,True,0.646615,0.518667,1.0,1_lipinski_violations
CAND_fa5360470f,0.4124,5.488,590.775,4.767,112.4,2,10,4,1,True,0.63658,0.501333,1.0,1_lipinski_violations
CAND_983b987e74,0.4347,5.332,562.721,4.682,112.4,2,10,4,1,True,0.646615,0.518667,1.0,1_lipinski_violations
CAND_ea2f170ec0,0.4333,5.148,529.601,2.8218,133.66,3,10,4,1,True,0.645985,0.539111,1.0,1_lipinski_violations
CAND_0cd234477b,0.4408,5.488,590.775,4.767,112.4,2,10,4,1,True,0.64936,0.501333,1.0,1_lipinski_violations
CAND_62aafc3906,0.4198,5.238,590.775,4.5508,112.4,2,10,4,1,True,0.63991,0.529111,1.0,1_lipinski_violations
CAND_7c9873f395,0.4198,5.238,590.775,4.5508,112.4,2,10,4,1,True,0.63991,0.529111,1.0,1_lipinski_violations
CAND_338ba40b96,0.3752,4.551,476.414,5.3967,83.56,2,7,2,1,True,0.61984,0.605444,1.0,1_lipinski_violations
CAND_f9b10424da,0.3623,4.65,490.441,5.4392,83.56,2,7,2,1,True,0.614035,0.594444,1.0,1_lipinski_violations
CAND_6d8c4e0670,0.3752,4.551,476.414,5.3967,83.56,2,7,2,1,True,0.61984,0.605444,1.0,1_lipinski_violations
CAND_c6b87a5459,0.3623,4.65,490.441,5.4392,83.56,2,7,2,1,True,0.614035,0.594444,1.0,1_lipinski_violations
CAND_096c917f29,0.3291,4.301,476.414,5.3967,83.56,2,7,0,1,True,0.599095,0.633222,1.0,1_lipinski_violations
CAND_5b1f05f680,0.3623,4.65,490.441,5.4392,83.56,2,7,2,1,True,0.614035,0.594444,1.0,1_lipinski_violations
CAND_f6c25bac8b,0.3291,4.301,476.414,5.3967,83.56,2,7,0,1,True,0.599095,0.633222,1.0,1_lipinski_violations
CAND_957d598496,0.3752,4.551,476.414,5.3967,83.56,2,7,2,1,True,0.61984,0.605444,1.0,1_lipinski_violations
CAND_6d572e5a90,0.3623,4.65,490.441,5.4392,83.56,2,7,2,1,True,0.614035,0.594444,1.0,1_lipinski_violations
CAND_54069a7fda,0.3291,4.301,476.414,5.3967,83.56,2,7,0,1,True,0.599095,0.633222,1.0,1_lipinski_violations
CAND_cfa8e3a3fb,0.3178,4.4,490.441,5.4392,83.56,2,7,0,1,True,0.59401,0.622222,1.0,1_lipinski_violations
CAND_232be7b3f5,0.3623,4.65,490.441,5.4392,83.56,2,7,2,1,True,0.614035,0.594444,1.0,1_lipinski_violations
CAND_4e5f728889,0.3178,4.4,490.441,5.4392,83.56,2,7,0,1,True,0.59401,0.622222,1.0,1_lipinski_violations
CAND_daeec764e0,0.3291,4.301,476.414,5.3967,83.56,2,7,0,1,True,0.599095,0.633222,1.0,1_lipinski_violations
CAND_ca111dfb8a,0.3291,4.301,476.414,5.3967,83.56,2,7,0,1,True,0.599095,0.633222,1.0,1_lipinski_violations
CAND_5b5668aef9,0.5488,4.72,497.577,2.6342,128.9,2,9,2,0,True,0.79696,0.586667,1.0,no_major_descriptor_risk
CAND_d2d33754ea,0.5334,4.798,511.604,2.6767,128.9,2,9,2,1,True,0.69103,0.578,1.0,1_lipinski_violations
CAND_0361d9f297,0.4749,4.444,425.508,3.7823,105.06,4,5,1,0,True,0.763705,0.617333,1.0,no_major_descriptor_risk
CAND_650318854f,0.4749,4.444,425.508,3.7823,105.06,4,5,1,0,True,0.763705,0.617333,1.0,no_major_descriptor_risk
CAND_59113e51a6,0.4749,4.444,425.508,3.7823,105.06,4,5,1,0,True,0.763705,0.617333,1.0,no_major_descriptor_risk
CAND_daa00fab24,0.4913,4.367,411.481,3.3922,105.06,4,5,1,0,True,0.771085,0.625889,1.0,no_major_descriptor_risk
CAND_7d818dbe03,0.2176,6.688,646.692,6.7791,111.15,2,10,6,2,True,0.44992,0.368,0.9,2_lipinski_violations
CAND_04e4ade59e,0.2587,6.039,582.558,6.4438,111.15,2,8,5,2,True,0.468415,0.440111,1.0,2_lipinski_violations
CAND_0cd8e9760c,0.2086,6.813,646.692,6.7791,111.15,2,10,7,2,True,0.44587,0.354111,0.9,2_lipinski_violations
CAND_343b407a1b,0.2587,6.039,582.558,6.4438,111.15,2,8,5,2,True,0.468415,0.440111,1.0,2_lipinski_violations
CAND_1270d75c06,0.3371,4.297,455.555,5.6206,57.78,2,5,0,1,True,0.602695,0.633667,1.0,1_lipinski_violations
CAND_e7b52bc90f,0.3254,4.396,469.582,5.6631,57.78,2,5,0,1,True,0.59743,0.622667,1.0,1_lipinski_violations
CAND_34e877b6dc,0.2982,4.669,483.609,6.0532,57.78,2,5,0,1,True,0.58519,0.592333,1.0,1_lipinski_violations
CAND_03628395bc,0.3843,4.547,455.555,5.6206,57.78,2,5,2,1,True,0.623935,0.605889,1.0,1_lipinski_violations
CAND_2a54ce2c6a,0.3371,4.297,455.555,5.6206,57.78,2,5,0,1,True,0.602695,0.633667,1.0,1_lipinski_violations
CAND_f3eaa63a3b,0.3254,4.396,469.582,5.6631,57.78,2,5,0,1,True,0.59743,0.622667,1.0,1_lipinski_violations
CAND_27e50bf41c,0.3815,3.897,439.487,4.904,67.01,2,5,0,0,True,0.721675,0.678111,1.0,no_major_descriptor_risk
CAND_e93e312e01,0.394,3.819,425.46,4.8615,67.01,2,5,0,0,True,0.7273,0.686778,1.0,no_major_descriptor_risk
CAND_453ed8ccf4,0.3371,4.297,455.555,5.6206,57.78,2,5,0,1,True,0.602695,0.633667,1.0,1_lipinski_violations
CAND_78d7ba53ac,0.3254,4.396,469.582,5.6631,57.78,2,5,0,1,True,0.59743,0.622667,1.0,1_lipinski_violations
CAND_b57feba8b7,0.3843,4.547,455.555,5.6206,57.78,2,5,2,1,True,0.623935,0.605889,1.0,1_lipinski_violations
CAND_62b368d8ee,0.398,4.448,441.528,5.5781,57.78,2,5,2,1,True,0.6301,0.616889,1.0,1_lipinski_violations
CAND_0a631f68b0,0.3815,3.897,439.487,4.904,67.01,2,5,0,0,True,0.721675,0.678111,1.0,no_major_descriptor_risk
CAND_364526afef,0.394,3.819,425.46,4.8615,67.01,2,5,0,0,True,0.7273,0.686778,1.0,no_major_descriptor_risk
CAND_82789a4503,0.3843,4.547,455.555,5.6206,57.78,2,5,2,1,True,0.623935,0.605889,1.0,1_lipinski_violations
CAND_0276da182f,0.398,4.448,441.528,5.5781,57.78,2,5,2,1,True,0.6301,0.616889,1.0,1_lipinski_violations
CAND_a4a687e9cf,0.3371,4.297,455.555,5.6206,57.78,2,5,0,1,True,0.602695,0.633667,1.0,1_lipinski_violations
CAND_a451f95cf3,0.3254,4.396,469.582,5.6631,57.78,2,5,0,1,True,0.59743,0.622667,1.0,1_lipinski_violations
CAND_9a5372141f,0.2982,4.669,483.609,6.0532,57.78,2,5,0,1,True,0.58519,0.592333,1.0,1_lipinski_violations
CAND_5064c336a2,0.3371,4.297,455.555,5.6206,57.78,2,5,0,1,True,0.602695,0.633667,1.0,1_lipinski_violations
CAND_cf1b23f4e8,0.6605,3.972,385.445,3.6873,85.73,2,8,3,0,True,0.847225,0.669778,1.0,no_major_descriptor_risk
CAND_d93f8441dd,0.4454,4.92,488.61,3.445,92.35,3,8,4,0,True,0.75043,0.564444,1.0,no_major_descriptor_risk
CAND_b2014637d9,0.4385,4.42,488.61,3.2288,92.35,3,8,2,0,True,0.747325,0.62,1.0,no_major_descriptor_risk
CAND_0aca04f8ed,0.4385,4.42,488.61,3.2288,92.35,3,8,2,0,True,0.747325,0.62,1.0,no_major_descriptor_risk
CAND_461a50c822,0.3064,4.522,484.516,2.5414,122.3,4,7,1,0,True,0.68788,0.608667,1.0,no_major_descriptor_risk
CAND_2815980031,0.3273,4.862,545.69,4.4455,101.04,3,7,3,1,True,0.598285,0.570889,1.0,1_lipinski_violations
CAND_bb3eaa2923,0.3537,5.737,635.741,3.0651,103.79,1,10,2,1,True,0.610165,0.473667,1.0,1_lipinski_violations
CAND_277ae498a0,0.3252,5.743,636.725,3.4921,100.99,0,10,2,1,True,0.59734,0.473,1.0,1_lipinski_violations
CAND_b5dda6711b,0.3615,5.612,635.741,3.0651,103.79,1,10,3,1,True,0.613675,0.487556,1.0,1_lipinski_violations
CAND_214d2e0739,0.3324,5.618,636.725,3.4921,100.99,0,10,3,1,True,0.60058,0.486889,1.0,1_lipinski_violations
CAND_d7d853a027,0.3537,5.487,635.741,3.0651,103.79,1,10,2,1,True,0.610165,0.501444,1.0,1_lipinski_violations
CAND_a141f34cfb,0.3252,5.493,636.725,3.4921,100.99,0,10,2,1,True,0.59734,0.500778,1.0,1_lipinski_violations
CAND_e06b3aa9ce,0.3313,5.618,636.725,3.6646,100.99,0,10,3,1,True,0.600085,0.486889,1.0,1_lipinski_violations
CAND_a5b2278611,0.3537,5.737,635.741,3.0651,103.79,1,10,2,1,True,0.610165,0.473667,1.0,1_lipinski_violations
CAND_078422cf1a,0.3252,5.743,636.725,3.4921,100.99,0,10,2,1,True,0.59734,0.473,1.0,1_lipinski_violations
CAND_8e66d2e406,0.3615,5.612,635.741,3.0651,103.79,1,10,3,1,True,0.613675,0.487556,1.0,1_lipinski_violations
CAND_3008494b20,0.3324,5.618,636.725,3.4921,100.99,0,10,3,1,True,0.60058,0.486889,1.0,1_lipinski_violations
CAND_6ec39fafb1,0.3552,5.69,649.768,3.4552,103.79,1,10,3,1,True,0.61084,0.478889,1.0,1_lipinski_violations
CAND_3055e7fec4,0.3249,5.696,650.752,3.8822,100.99,0,10,3,1,True,0.597205,0.478222,1.0,1_lipinski_violations
CAND_11b54f0ee4,0.3537,5.487,635.741,3.0651,103.79,1,10,2,1,True,0.610165,0.501444,1.0,1_lipinski_violations
CAND_344591ba3f,0.3252,5.493,636.725,3.4921,100.99,0,10,2,1,True,0.59734,0.500778,1.0,1_lipinski_violations
CAND_34b8f2ef56,0.3313,5.618,636.725,3.6646,100.99,0,10,3,1,True,0.600085,0.486889,1.0,1_lipinski_violations
CAND_2273967af0,0.3492,6.201,606.749,3.8263,121.53,2,9,5,1,True,0.60814,0.422111,1.0,1_lipinski_violations
CAND_ba6afc6e93,0.3426,6.279,620.776,3.8688,121.53,2,9,5,1,True,0.60517,0.413444,1.0,1_lipinski_violations
CAND_580425aff3,0.3264,6.435,648.83,4.3014,121.53,2,9,5,1,True,0.59788,0.396111,1.0,1_lipinski_violations
CAND_86bb07683b,0.3476,5.701,606.749,3.9704,121.53,2,9,5,1,True,0.60742,0.477667,1.0,1_lipinski_violations
CAND_1543b6a94a,0.3409,5.779,620.776,4.0129,121.53,2,9,5,1,True,0.604405,0.469,1.0,1_lipinski_violations
CAND_c40c5c1307,0.5324,4.136,473.555,4.0457,112.13,2,9,2,0,True,0.78958,0.651556,1.0,no_major_descriptor_risk
CAND_c32dd7599c,0.5162,4.214,487.582,4.0882,112.13,2,9,2,0,True,0.78229,0.642889,1.0,no_major_descriptor_risk
CAND_73a0bf279e,0.5324,4.136,473.555,4.0457,112.13,2,9,2,0,True,0.78958,0.651556,1.0,no_major_descriptor_risk
CAND_5d297de22b,0.5162,4.214,487.582,4.0882,112.13,2,9,2,0,True,0.78229,0.642889,1.0,no_major_descriptor_risk
CAND_2517f84ca9,0.5324,4.136,473.555,4.0457,112.13,2,9,2,0,True,0.78958,0.651556,1.0,no_major_descriptor_risk
CAND_7f07bc29a6,0.5162,4.214,487.582,4.0882,112.13,2,9,2,0,True,0.78229,0.642889,1.0,no_major_descriptor_risk
CAND_13c0f71e8d,0.5162,4.214,487.582,4.0882,112.13,2,9,2,0,True,0.78229,0.642889,1.0,no_major_descriptor_risk
CAND_841a11ae6f,0.5324,4.136,473.555,4.0457,112.13,2,9,2,0,True,0.78958,0.651556,1.0,no_major_descriptor_risk
CAND_3174ca3e3a,0.5162,4.214,487.582,4.0882,112.13,2,9,2,0,True,0.78229,0.642889,1.0,no_major_descriptor_risk
CAND_f64b5720c1,0.5324,4.136,473.555,4.0457,112.13,2,9,2,0,True,0.78958,0.651556,1.0,no_major_descriptor_risk
CAND_9925454114,0.5324,4.136,473.555,4.0457,112.13,2,9,2,0,True,0.78958,0.651556,1.0,no_major_descriptor_risk
CAND_5db21a2329,0.5162,4.214,487.582,4.0882,112.13,2,9,2,0,True,0.78229,0.642889,1.0,no_major_descriptor_risk
CAND_8f6d2c8dd9,0.6069,3.858,423.448,3.487,112.13,2,7,2,0,True,0.823105,0.682444,1.0,no_major_descriptor_risk
CAND_bed1bdf755,0.5324,4.136,473.555,4.0457,112.13,2,9,2,0,True,0.78958,0.651556,1.0,no_major_descriptor_risk
CAND_a2772fbae0,0.5162,4.214,487.582,4.0882,112.13,2,9,2,0,True,0.78229,0.642889,1.0,no_major_descriptor_risk
CAND_b1a044a1d9,0.5746,4.87,479.589,1.6909,126.8,2,9,4,0,True,0.80857,0.57,1.0,no_major_descriptor_risk
CAND_003c9704c4,0.5746,4.87,479.589,1.6909,126.8,2,9,4,0,True,0.80857,0.57,1.0,no_major_descriptor_risk
CAND_3f17d1878c,0.5808,5.203,494.6,2.1588,124.0,1,9,4,0,True,0.81136,0.533,1.0,no_major_descriptor_risk
CAND_fc33aaf67a,0.5644,4.87,479.589,1.6893,126.8,2,9,2,0,True,0.80398,0.57,1.0,no_major_descriptor_risk
CAND_7614798310,0.5644,4.87,479.589,1.6893,126.8,2,9,2,0,True,0.80398,0.57,1.0,no_major_descriptor_risk
CAND_8878fcebf8,0.5808,5.203,494.6,2.1588,124.0,1,9,4,0,True,0.81136,0.533,1.0,no_major_descriptor_risk
CAND_606515ef3c,0.5644,4.87,479.589,1.6893,126.8,2,9,2,0,True,0.80398,0.57,1.0,no_major_descriptor_risk
CAND_0045212991,0.5644,4.87,479.589,1.6893,126.8,2,9,2,0,True,0.80398,0.57,1.0,no_major_descriptor_risk
CAND_ab9d8f5979,0.5313,5.507,526.736,3.7971,105.54,1,9,5,1,True,0.690085,0.499222,1.0,1_lipinski_violations
CAND_451ce8f4b7,0.4111,4.484,500.053,4.7167,103.13,2,7,2,1,True,0.635995,0.612889,1.0,1_lipinski_violations
CAND_ebbcc1cf17,0.4111,4.484,500.053,4.7167,103.13,2,7,2,1,True,0.635995,0.612889,1.0,1_lipinski_violations
CAND_318ca2a071,0.4208,4.484,500.053,4.4061,103.13,2,7,2,1,True,0.64036,0.612889,1.0,1_lipinski_violations
CAND_35b54cf2d0,0.3865,4.428,467.537,3.3614,107.6,2,8,1,0,True,0.723925,0.619111,1.0,no_major_descriptor_risk
CAND_25ac157938,0.3751,4.506,481.564,3.4039,107.6,2,8,1,0,True,0.718795,0.610444,1.0,no_major_descriptor_risk
CAND_b805389aa8,0.3865,4.428,467.537,3.3614,107.6,2,8,1,0,True,0.723925,0.619111,1.0,no_major_descriptor_risk
CAND_147203ca8d,0.3751,4.506,481.564,3.4039,107.6,2,8,1,0,True,0.718795,0.610444,1.0,no_major_descriptor_risk
CAND_0305306792,0.3866,4.428,467.537,3.3244,107.6,2,8,1,0,True,0.72397,0.619111,1.0,no_major_descriptor_risk
CAND_e026c0b2f3,0.3753,4.506,481.564,3.3669,107.6,2,8,1,0,True,0.718885,0.610444,1.0,no_major_descriptor_risk
CAND_4b510e4daf,0.3865,4.428,467.537,3.3614,107.6,2,8,1,0,True,0.723925,0.619111,1.0,no_major_descriptor_risk
CAND_a90e872972,0.3751,4.506,481.564,3.4039,107.6,2,8,1,0,True,0.718795,0.610444,1.0,no_major_descriptor_risk
CAND_b5a0f72857,0.3865,4.428,467.537,3.3614,107.6,2,8,1,0,True,0.723925,0.619111,1.0,no_major_descriptor_risk
CAND_d6653c2749,0.3963,4.433,468.521,3.7884,104.8,1,8,1,0,True,0.728335,0.618556,1.0,no_major_descriptor_risk
CAND_d131159e2f,0.3751,4.506,481.564,3.4039,107.6,2,8,1,0,True,0.718795,0.610444,1.0,no_major_descriptor_risk
CAND_87eff56b42,0.3844,4.511,482.548,3.8309,104.8,1,8,1,0,True,0.72298,0.609889,1.0,no_major_descriptor_risk
CAND_96abac3e6a,0.353,4.848,500.657,5.2216,86.34,1,8,2,2,True,0.51085,0.572444,1.0,2_lipinski_violations
CAND_6f079ece64,0.3412,4.947,514.684,5.2641,86.34,1,8,2,2,True,0.50554,0.561444,1.0,2_lipinski_violations
CAND_fe333ac6a8,0.3865,4.428,467.537,3.3614,107.6,2,8,1,0,True,0.723925,0.619111,1.0,no_major_descriptor_risk
CAND_213cf503b5,0.3963,4.433,468.521,3.7884,104.8,1,8,1,0,True,0.728335,0.618556,1.0,no_major_descriptor_risk
CAND_3485e67436,0.3751,4.506,481.564,3.4039,107.6,2,8,1,0,True,0.718795,0.610444,1.0,no_major_descriptor_risk
CAND_fbf4bb128b,0.3844,4.511,482.548,3.8309,104.8,1,8,1,0,True,0.72298,0.609889,1.0,no_major_descriptor_risk
CAND_e1f17be740,0.3956,4.631,481.564,3.2741,107.6,2,8,2,0,True,0.72802,0.596556,1.0,no_major_descriptor_risk
CAND_dfbb217b3d,0.3865,4.428,467.537,3.3614,107.6,2,8,1,0,True,0.723925,0.619111,1.0,no_major_descriptor_risk
CAND_96c39340e3,0.3137,5.52,574.045,2.4544,153.85,3,8,1,1,False,0.509665,0.497778,1.0,1_lipinski_violations;veber_fail
CAND_869cdd40b7,0.6876,3.534,387.534,2.9471,78.33,1,7,1,0,True,0.85942,0.718444,1.0,no_major_descriptor_risk
CAND_d336458ec5,0.4001,5.009,549.697,4.1559,105.68,2,9,0,1,True,0.631045,0.554556,1.0,1_lipinski_violations
CAND_333d8380cf,0.2403,5.622,610.696,5.0483,128.63,3,10,6,2,True,0.460135,0.486444,1.0,2_lipinski_violations
CAND_4f915c6504,0.235,5.722,624.723,5.0908,128.63,3,10,6,2,True,0.45775,0.475333,1.0,2_lipinski_violations
CAND_39c81e9e0f,0.4941,4.236,491.539,4.2069,119.91,3,6,2,0,True,0.772345,0.640444,1.0,no_major_descriptor_risk
CAND_c388f94aff,0.5259,4.08,463.485,4.1219,119.91,3,6,2,0,True,0.786655,0.657778,1.0,no_major_descriptor_risk
CAND_b4c7a5bb49,0.5098,4.158,477.512,4.1644,119.91,3,6,2,0,True,0.77941,0.649111,1.0,no_major_descriptor_risk
CAND_f96188b540,0.454,4.326,507.607,4.9235,110.68,3,6,2,1,True,0.6553,0.630444,1.0,1_lipinski_violations
CAND_43e4a741f4,0.4693,4.248,493.58,4.881,110.68,3,6,2,0,True,0.761185,0.639111,1.0,no_major_descriptor_risk
CAND_b9a176210f,0.4852,4.17,479.553,4.8385,110.68,3,6,2,0,True,0.76834,0.647778,1.0,no_major_descriptor_risk
CAND_53002911bf,0.454,4.526,507.607,4.9235,110.68,3,6,2,1,True,0.6553,0.608222,1.0,1_lipinski_violations
CAND_a68fc59c0b,0.4786,4.186,446.433,2.9783,131.94,4,6,2,0,True,0.76537,0.646,1.0,no_major_descriptor_risk
CAND_a77e12c523,0.4852,4.37,479.553,4.8385,110.68,3,6,2,0,True,0.76834,0.625556,1.0,no_major_descriptor_risk
CAND_3375429b43,0.4649,4.264,460.46,3.0208,131.94,4,6,2,0,True,0.759205,0.637333,1.0,no_major_descriptor_risk
CAND_c6a5956286,0.4693,4.448,493.58,4.881,110.68,3,6,2,0,True,0.761185,0.616889,1.0,no_major_descriptor_risk
CAND_0744ffa6d6,0.3979,4.706,521.634,5.3547,110.68,3,6,1,2,True,0.531055,0.588222,1.0,2_lipinski_violations
CAND_a27ff6bc5d,0.464,4.451,507.607,4.9235,110.68,3,6,3,1,True,0.6598,0.616556,1.0,1_lipinski_violations
CAND_f7edbf02a9,0.454,4.326,507.607,4.9235,110.68,3,6,2,1,True,0.6553,0.630444,1.0,1_lipinski_violations
CAND_389dcbbee6,0.4693,4.248,493.58,4.881,110.68,3,6,2,0,True,0.761185,0.639111,1.0,no_major_descriptor_risk
CAND_ce1c094078,0.4852,4.17,479.553,4.8385,110.68,3,6,2,0,True,0.76834,0.647778,1.0,no_major_descriptor_risk
CAND_8a5973fafe,0.454,4.326,507.607,4.9235,110.68,3,6,2,1,True,0.6553,0.630444,1.0,1_lipinski_violations
CAND_662c534536,0.4693,4.248,493.58,4.881,110.68,3,6,2,0,True,0.761185,0.639111,1.0,no_major_descriptor_risk
CAND_bad567dc32,0.4394,4.404,521.634,4.966,110.68,3,6,2,1,True,0.64873,0.621778,1.0,1_lipinski_violations
CAND_d5f31bb51e,0.464,4.651,507.607,4.9235,110.68,3,6,3,1,True,0.6598,0.594333,1.0,1_lipinski_violations
CAND_0aa5884ea6,0.7423,4.338,428.916,3.4492,60.03,1,5,2,0,True,0.884035,0.629111,1.0,no_major_descriptor_risk
CAND_d5fceecf54,0.4511,4.703,494.506,2.4787,93.46,1,9,2,0,True,0.752995,0.588556,1.0,no_major_descriptor_risk
CAND_715358e1ce,0.4286,4.328,494.506,2.6101,93.46,1,9,1,0,True,0.74287,0.630222,1.0,no_major_descriptor_risk
CAND_d274cda64e,0.2791,5.449,597.761,5.5942,72.2,0,9,1,2,True,0.477595,0.505667,1.0,2_lipinski_violations
CAND_babe2f2c95,0.3786,4.887,527.626,4.3389,72.2,0,9,2,1,True,0.62137,0.568111,1.0,1_lipinski_violations
CAND_3d174f92b3,0.3445,4.871,569.707,4.5978,72.2,0,9,2,1,True,0.606025,0.569889,1.0,1_lipinski_violations
CAND_3a45dcc1e7,0.4511,4.453,494.506,2.4803,93.46,1,9,2,0,True,0.752995,0.616333,1.0,no_major_descriptor_risk
CAND_7a160da947,0.2959,4.886,570.666,5.2693,81.39,1,6,1,2,True,0.485155,0.568222,1.0,2_lipinski_violations
CAND_327736de45,0.334,4.798,556.639,4.8792,81.39,1,6,2,1,True,0.6013,0.578,1.0,1_lipinski_violations
CAND_d294af19d0,0.2959,4.886,570.666,5.2693,81.39,1,6,1,2,True,0.485155,0.568222,1.0,2_lipinski_violations
CAND_ad0bcbf04b,0.3116,5.011,570.666,5.2693,81.39,1,6,2,2,True,0.49222,0.554333,1.0,2_lipinski_violations
CAND_615ab09d64,0.3502,5.454,584.637,1.8115,174.36,4,9,2,1,False,0.52609,0.505111,1.0,1_lipinski_violations;veber_fail
CAND_f72e50e4e0,0.3502,5.454,584.637,1.8115,174.36,4,9,2,1,False,0.52609,0.505111,1.0,1_lipinski_violations;veber_fail
CAND_b5802acb04,0.5455,4.523,484.553,3.4968,98.94,2,8,1,0,True,0.795475,0.608556,1.0,no_major_descriptor_risk
CAND_0d5dfb2f8b,0.5858,4.523,484.553,3.6282,98.94,2,8,3,0,True,0.81361,0.608556,1.0,no_major_descriptor_risk
CAND_4729640931,0.5558,4.725,498.58,3.7118,98.94,2,8,2,0,True,0.80011,0.586111,1.0,no_major_descriptor_risk
CAND_34455eab88,0.5727,4.648,484.553,3.6693,98.94,2,8,2,0,True,0.807715,0.594667,1.0,no_major_descriptor_risk
CAND_e0583d4a2c,0.5685,4.6,498.58,3.6707,98.94,2,8,3,0,True,0.805825,0.6,1.0,no_major_descriptor_risk
CAND_74f579f214,0.5558,4.725,498.58,3.7118,98.94,2,8,2,0,True,0.80011,0.586111,1.0,no_major_descriptor_risk
CAND_47521808b3,0.5858,4.523,484.553,3.6282,98.94,2,8,3,0,True,0.81361,0.608556,1.0,no_major_descriptor_risk
CAND_66dadee58f,0.5685,4.6,498.58,3.6707,98.94,2,8,3,0,True,0.805825,0.6,1.0,no_major_descriptor_risk
CAND_a29bc33f75,0.5858,4.523,484.553,3.6282,98.94,2,8,3,0,True,0.81361,0.608556,1.0,no_major_descriptor_risk
CAND_7482bcc82c,0.5685,4.6,498.58,3.6707,98.94,2,8,3,0,True,0.805825,0.6,1.0,no_major_descriptor_risk
CAND_1dc624d7d9,0.5685,4.6,498.58,3.6707,98.94,2,8,3,0,True,0.805825,0.6,1.0,no_major_descriptor_risk
CAND_451d6a1f05,0.4875,4.557,526.728,5.0009,105.51,2,9,3,2,True,0.571375,0.604778,1.0,2_lipinski_violations
CAND_6492222717,0.5499,4.35,453.568,2.9921,117.54,3,9,3,0,True,0.797455,0.627778,1.0,no_major_descriptor_risk
CAND_86d9b8b7e9,0.3718,4.392,438.471,2.157,130.49,4,9,2,0,True,0.71731,0.623111,1.0,no_major_descriptor_risk
CAND_6b3203d0fa,0.3528,4.768,490.988,5.669,70.67,2,6,2,1,True,0.60976,0.581333,1.0,1_lipinski_violations
CAND_5625d67564,0.3528,4.768,490.988,5.669,70.67,2,6,2,1,True,0.60976,0.581333,1.0,1_lipinski_violations
CAND_dcfe5cefe3,0.3206,4.419,476.961,5.6265,70.67,2,6,0,1,True,0.59527,0.620111,1.0,1_lipinski_violations
CAND_65678a9595,0.3206,4.419,476.961,5.6265,70.67,2,6,0,1,True,0.59527,0.620111,1.0,1_lipinski_violations
CAND_a0343ba4a4,0.3206,4.419,476.961,5.6265,70.67,2,6,0,1,True,0.59527,0.620111,1.0,1_lipinski_violations
CAND_f6f53842bd,0.3206,4.419,476.961,5.6265,70.67,2,6,0,1,True,0.59527,0.620111,1.0,1_lipinski_violations
CAND_6b24d7aab5,0.3123,5.14,519.042,6.1016,70.67,2,6,2,2,True,0.492535,0.54,1.0,2_lipinski_violations
CAND_9e8be32a59,0.3528,4.768,490.988,5.669,70.67,2,6,2,1,True,0.60976,0.581333,1.0,1_lipinski_violations
CAND_a64c6f59d5,0.3094,4.518,490.988,5.669,70.67,2,6,0,1,True,0.59023,0.609111,1.0,1_lipinski_violations
CAND_b83d707b9a,0.274,4.89,519.042,6.1016,70.67,2,6,0,2,True,0.4753,0.567778,1.0,2_lipinski_violations
CAND_fccdea07d6,0.3094,4.518,490.988,5.669,70.67,2,6,0,1,True,0.59023,0.609111,1.0,1_lipinski_violations
CAND_47782f688b,0.274,4.89,519.042,6.1016,70.67,2,6,0,2,True,0.4753,0.567778,1.0,2_lipinski_violations
CAND_21950a2730,0.3094,4.518,490.988,5.669,70.67,2,6,0,1,True,0.59023,0.609111,1.0,1_lipinski_violations
CAND_bb30bb6066,0.3094,4.518,490.988,5.669,70.67,2,6,0,1,True,0.59023,0.609111,1.0,1_lipinski_violations
CAND_df4b9dd3ac,0.3549,5.405,597.638,5.5081,97.84,2,8,1,2,True,0.511705,0.510556,1.0,2_lipinski_violations
CAND_a2a7fe8e90,0.3108,4.802,524.017,5.3708,83.96,1,8,0,2,True,0.49186,0.577556,1.0,2_lipinski_violations
CAND_8bffe34cec,0.2782,5.371,567.69,5.5234,82.9,1,8,0,2,True,0.47719,0.514333,1.0,2_lipinski_violations
CAND_918d65ad81,0.2936,5.641,595.744,5.7509,82.9,1,8,2,2,True,0.48412,0.484333,1.0,2_lipinski_violations
CAND_c512401d0b,0.2647,5.292,581.717,5.7084,82.9,1,8,0,2,True,0.471115,0.523111,1.0,2_lipinski_violations
CAND_61d7f4a4c5,0.5846,3.794,398.463,3.4115,89.27,3,6,1,0,True,0.81307,0.689556,1.0,no_major_descriptor_risk
CAND_fa2d656067,0.5846,3.794,398.463,3.4115,89.27,3,6,1,0,True,0.81307,0.689556,1.0,no_major_descriptor_risk
CAND_bb8bfba213,0.4627,4.878,503.538,2.5622,124.43,3,9,3,1,True,0.659215,0.569111,1.0,1_lipinski_violations
CAND_2118db7376,0.4499,4.956,517.565,2.9523,124.43,3,9,3,1,True,0.653455,0.560444,1.0,1_lipinski_violations
CAND_1dc3b1d199,0.4209,5.468,564.712,4.855,103.17,2,9,5,1,True,0.640405,0.503556,1.0,1_lipinski_violations
CAND_6d0d10e531,0.4209,5.468,564.712,4.855,103.17,2,9,5,1,True,0.640405,0.503556,1.0,1_lipinski_violations
CAND_ec7183ec99,0.4499,4.956,517.565,2.9523,124.43,3,9,3,1,True,0.653455,0.560444,1.0,1_lipinski_violations
CAND_bb7836aa4d,0.4447,5.14,550.685,4.8125,103.17,2,9,3,1,True,0.651115,0.54,1.0,1_lipinski_violations
CAND_1258fa0495,0.4627,4.878,503.538,2.5622,124.43,3,9,3,1,True,0.659215,0.569111,1.0,1_lipinski_violations
CAND_4d1048b9bf,0.4709,5.062,536.658,4.4224,103.17,2,9,3,1,True,0.662905,0.548667,1.0,1_lipinski_violations
CAND_234cd80ace,0.4321,5.218,564.712,4.855,103.17,2,9,3,1,True,0.645445,0.531333,1.0,1_lipinski_violations
CAND_e2eea9cf80,0.4514,5.015,550.685,4.5963,103.17,2,9,4,1,True,0.65413,0.553889,1.0,1_lipinski_violations
CAND_a40312a34a,0.4532,4.89,550.685,4.5963,103.17,2,9,3,1,True,0.65494,0.567778,1.0,1_lipinski_violations
CAND_9bcd026a3d,0.4532,4.89,550.685,4.5963,103.17,2,9,3,1,True,0.65494,0.567778,1.0,1_lipinski_violations
CAND_79f948044f,0.4532,4.89,550.685,4.5963,103.17,2,9,3,1,True,0.65494,0.567778,1.0,1_lipinski_violations
CAND_6d7115d3ed,0.3664,5.229,611.718,4.3357,89.05,1,8,3,1,True,0.61588,0.530111,1.0,1_lipinski_violations
CAND_b7395df940,0.3119,5.754,642.251,5.2114,104.1,2,9,3,2,True,0.492355,0.471778,1.0,2_lipinski_violations
CAND_f4df5baf09,0.3084,5.304,625.199,4.1992,116.13,3,9,3,1,True,0.58978,0.521778,1.0,1_lipinski_violations
CAND_25ebbdaef4,0.3102,5.304,625.199,4.0694,116.13,3,9,3,1,True,0.59059,0.521778,1.0,1_lipinski_violations
CAND_8f771a9dff,0.3398,5.309,626.183,4.4964,113.33,2,9,3,1,True,0.60391,0.521222,1.0,1_lipinski_violations
CAND_2ac36f7357,0.3102,5.304,625.199,4.0694,116.13,3,9,3,1,True,0.59059,0.521778,1.0,1_lipinski_violations
CAND_7e196925e5,0.3398,5.309,626.183,4.4964,113.33,2,9,3,1,True,0.60391,0.521222,1.0,1_lipinski_violations
CAND_9ce1009cea,0.2882,5.054,625.199,4.0694,116.13,3,9,1,1,True,0.58069,0.549556,1.0,1_lipinski_violations
CAND_3e3da6db7e,0.4002,4.884,504.591,3.2395,130.26,4,7,1,1,True,0.63109,0.568444,1.0,1_lipinski_violations
CAND_8c9a7334d6,0.4126,5.306,490.564,2.7053,130.26,4,7,1,0,True,0.73567,0.521556,1.0,no_major_descriptor_risk
CAND_e6f4c636b5,0.4409,4.406,486.026,4.0607,103.13,2,7,2,0,True,0.748405,0.621556,1.0,no_major_descriptor_risk
CAND_65a30b6e63,0.3825,4.639,528.107,4.8834,103.13,2,7,2,1,True,0.623125,0.595667,1.0,1_lipinski_violations
CAND_b12905a959,0.4331,4.406,486.026,4.4083,103.13,2,7,2,0,True,0.744895,0.621556,1.0,no_major_descriptor_risk
CAND_bf23571262,0.3841,3.894,438.879,2.195,124.39,3,7,0,0,True,0.722845,0.678444,1.0,no_major_descriptor_risk
CAND_4406674328,0.3734,3.972,452.906,2.2375,124.39,3,7,0,0,True,0.71803,0.669778,1.0,no_major_descriptor_risk
CAND_c8388d2f09,0.418,4.281,486.026,4.0977,103.13,2,7,1,0,True,0.7381,0.635444,1.0,no_major_descriptor_risk
CAND_2e134662b9,0.4033,4.114,455.931,2.9605,119.46,3,8,1,0,True,0.731485,0.654,1.0,no_major_descriptor_risk
CAND_7e3567af23,0.4505,4.119,456.915,3.3875,116.66,2,8,1,0,True,0.752725,0.653444,1.0,no_major_descriptor_risk
CAND_7b3cbfd57d,0.4744,4.244,456.915,3.3875,116.66,2,8,2,0,True,0.76348,0.639556,1.0,no_major_descriptor_risk
CAND_1de0a5765f,0.3721,3.989,455.931,3.2264,119.46,3,8,0,0,True,0.717445,0.667889,1.0,no_major_descriptor_risk
CAND_db839af344,0.3612,4.066,469.958,3.2689,119.46,3,8,0,0,True,0.71254,0.659333,1.0,no_major_descriptor_risk
CAND_3ec42831ee,0.3721,3.989,455.931,3.2264,119.46,3,8,0,0,True,0.717445,0.667889,1.0,no_major_descriptor_risk
CAND_e20cf4e88d,0.3612,4.066,469.958,3.2689,119.46,3,8,0,0,True,0.71254,0.659333,1.0,no_major_descriptor_risk
CAND_5f08870b16,0.3612,4.066,469.958,3.2689,119.46,3,8,0,0,True,0.71254,0.659333,1.0,no_major_descriptor_risk
CAND_3b7d76d0b6,0.3612,4.066,469.958,3.2689,119.46,3,8,0,0,True,0.71254,0.659333,1.0,no_major_descriptor_risk
CAND_cad078200a,0.3612,4.066,469.958,3.2689,119.46,3,8,0,0,True,0.71254,0.659333,1.0,no_major_descriptor_risk
CAND_95ef58e852,0.3721,3.989,455.931,3.2264,119.46,3,8,0,0,True,0.717445,0.667889,1.0,no_major_descriptor_risk
CAND_6f6b881907,0.3612,4.066,469.958,3.2689,119.46,3,8,0,0,True,0.71254,0.659333,1.0,no_major_descriptor_risk
CAND_97a814278c,0.3721,3.989,455.931,3.2264,119.46,3,8,0,0,True,0.717445,0.667889,1.0,no_major_descriptor_risk
CAND_6bb9d4ea07,0.3612,4.066,469.958,3.2689,119.46,3,8,0,0,True,0.71254,0.659333,1.0,no_major_descriptor_risk
CAND_2bc2e5c531,0.3612,4.066,469.958,3.2689,119.46,3,8,0,0,True,0.71254,0.659333,1.0,no_major_descriptor_risk
CAND_d7c784f2dd,0.3721,3.989,455.931,3.2264,119.46,3,8,0,0,True,0.717445,0.667889,1.0,no_major_descriptor_risk
CAND_df0a4a465a,0.3721,3.989,455.931,3.2264,119.46,3,8,0,0,True,0.717445,0.667889,1.0,no_major_descriptor_risk
CAND_db29bddebf,0.3612,4.066,469.958,3.2689,119.46,3,8,0,0,True,0.71254,0.659333,1.0,no_major_descriptor_risk
CAND_37a3fa7f53,0.3319,4.651,488.031,5.9679,50.38,1,4,0,1,True,0.600355,0.594333,1.0,1_lipinski_violations
CAND_52774b9d8e,0.3751,4.279,459.977,5.5353,50.38,1,4,0,1,True,0.619795,0.635667,1.0,1_lipinski_violations
CAND_061fdf15a7,0.3866,5.026,488.031,5.9679,50.38,1,4,3,1,True,0.62497,0.552667,1.0,1_lipinski_violations
CAND_fa34d91d39,0.4477,4.435,458.993,5.1083,53.18,2,4,3,1,True,0.652465,0.618333,1.0,1_lipinski_violations
CAND_76e69e7e77,0.437,4.654,459.977,5.5353,50.38,1,4,3,1,True,0.64765,0.594,1.0,1_lipinski_violations
CAND_1d8812ca57,0.4326,4.534,473.02,5.1508,53.18,2,4,3,1,True,0.64567,0.607333,1.0,1_lipinski_violations
CAND_5bbedaabff,0.4219,4.753,474.004,5.5778,50.38,1,4,3,1,True,0.640855,0.583,1.0,1_lipinski_violations
CAND_11876d3342,0.3646,5.293,476.045,6.3864,41.15,1,4,2,1,True,0.61507,0.523,1.0,1_lipinski_violations
CAND_5e2b7c54f2,0.3866,5.026,488.031,5.9679,50.38,1,4,3,1,True,0.62497,0.552667,1.0,1_lipinski_violations
CAND_10f57a4cf0,0.4477,4.435,458.993,5.1083,53.18,2,4,3,1,True,0.652465,0.618333,1.0,1_lipinski_violations
CAND_23b7f2ccbc,0.437,4.654,459.977,5.5353,50.38,1,4,3,1,True,0.64765,0.594,1.0,1_lipinski_violations
CAND_b36bc74021,0.4326,4.534,473.02,5.1508,53.18,2,4,3,1,True,0.64567,0.607333,1.0,1_lipinski_violations
CAND_fb5a61d473,0.4219,4.753,474.004,5.5778,50.38,1,4,3,1,True,0.640855,0.583,1.0,1_lipinski_violations
CAND_a564e0af24,0.3646,5.293,476.045,6.3864,41.15,1,4,2,1,True,0.61507,0.523,1.0,1_lipinski_violations
CAND_f0ff503e31,0.3381,5.473,504.099,6.6845,41.15,1,4,3,2,True,0.504145,0.503,0.9,2_lipinski_violations
CAND_4a2f3d6547,0.3798,5.101,476.045,6.2519,41.15,1,4,3,1,True,0.62191,0.544333,1.0,1_lipinski_violations
CAND_3a9eabfcf7,0.3667,5.2,490.072,6.2944,41.15,1,4,3,1,True,0.616015,0.533333,1.0,1_lipinski_violations
CAND_36b2bf4931,0.3646,5.293,476.045,6.3864,41.15,1,4,2,1,True,0.61507,0.523,1.0,1_lipinski_violations
CAND_d42da17ca0,0.3381,5.473,504.099,6.6845,41.15,1,4,3,2,True,0.504145,0.503,0.9,2_lipinski_violations
CAND_d5e7c9c24c,0.3798,5.101,476.045,6.2519,41.15,1,4,3,1,True,0.62191,0.544333,1.0,1_lipinski_violations
CAND_d47086646b,0.5279,4.684,468.57,4.9926,70.67,2,6,3,0,True,0.787555,0.590667,1.0,no_major_descriptor_risk
CAND_430af78a08,0.4003,5.065,559.667,4.3505,100.09,1,10,0,1,True,0.631135,0.548333,1.0,1_lipinski_violations
CAND_31c936b693,0.3966,4.815,559.667,4.493,100.09,1,10,0,1,True,0.62947,0.576111,1.0,1_lipinski_violations
CAND_5dc0d87958,0.3746,4.893,573.694,4.8831,100.09,1,10,0,1,True,0.61957,0.567444,1.0,1_lipinski_violations
CAND_dd9a4bb0ee,0.4367,5.393,573.694,4.8378,100.09,1,10,4,1,True,0.647515,0.511889,1.0,1_lipinski_violations
CAND_bac43ea316,0.4491,5.315,559.667,4.7953,100.09,1,10,4,1,True,0.653095,0.520556,1.0,1_lipinski_violations
CAND_e24f8d481c,0.4367,5.393,573.694,4.8378,100.09,1,10,4,1,True,0.647515,0.511889,1.0,1_lipinski_violations
CAND_32b93ade69,0.4985,4.692,492.555,3.6573,100.64,3,8,2,0,True,0.774325,0.589778,1.0,no_major_descriptor_risk
CAND_36070f3e3d,0.4531,5.135,525.675,5.5175,79.38,2,8,2,2,True,0.555895,0.540556,1.0,2_lipinski_violations
CAND_e140d9ccde,0.5162,4.614,478.528,3.2672,100.64,3,8,2,0,True,0.78229,0.598444,1.0,no_major_descriptor_risk
CAND_83e7970dd3,0.4905,4.862,511.648,5.1274,79.38,2,8,2,2,True,0.572725,0.570889,1.0,2_lipinski_violations
CAND_6ffda73c1d,0.4377,4.975,553.729,5.3863,79.38,2,8,2,2,True,0.548965,0.558333,1.0,2_lipinski_violations
CAND_73d4c719e6,0.4517,4.876,539.702,5.3438,79.38,2,8,2,2,True,0.555265,0.569333,1.0,2_lipinski_violations
CAND_1a0cde7b34,0.4377,4.975,553.729,5.3863,79.38,2,8,2,2,True,0.548965,0.558333,1.0,2_lipinski_violations
CAND_8c88eb8b3c,0.4517,4.876,539.702,5.3438,79.38,2,8,2,2,True,0.555265,0.569333,1.0,2_lipinski_violations
CAND_138db4aa3b,0.4871,4.378,413.453,2.381,114.29,4,6,1,0,True,0.769195,0.624667,1.0,no_major_descriptor_risk
CAND_d2e24d13a3,0.5457,4.389,460.6,4.0675,93.03,3,6,3,0,True,0.795565,0.623444,1.0,no_major_descriptor_risk
CAND_8b1107c328,0.5626,4.312,446.573,4.025,93.03,3,6,3,0,True,0.80317,0.632,1.0,no_major_descriptor_risk
CAND_c953315fec,0.5457,4.389,460.6,4.0675,93.03,3,6,3,0,True,0.795565,0.623444,1.0,no_major_descriptor_risk
CAND_ec14beee74,0.5457,4.389,460.6,4.0675,93.03,3,6,3,0,True,0.795565,0.623444,1.0,no_major_descriptor_risk
CAND_a9d1b7c75d,0.2605,5.508,547.533,6.2716,90.9,3,7,3,2,True,0.469225,0.499111,1.0,2_lipinski_violations
CAND_f3f1cd734c,0.2691,5.409,533.506,6.2291,90.9,3,7,3,2,True,0.473095,0.510111,1.0,2_lipinski_violations
CAND_feda32349e,0.2783,5.31,519.479,6.1866,90.9,3,7,3,2,True,0.477235,0.521111,1.0,2_lipinski_violations
CAND_d6c644cbc6,0.3051,6.051,624.743,2.6235,127.57,3,10,5,1,True,0.588295,0.438778,1.0,1_lipinski_violations
CAND_76cf30ec91,0.3339,6.146,641.795,3.7671,115.54,2,10,5,1,True,0.601255,0.428222,1.0,1_lipinski_violations
CAND_9a7f886962,0.3051,6.051,624.743,2.6235,127.57,3,10,5,1,True,0.588295,0.438778,1.0,1_lipinski_violations
CAND_8ac19b2d82,0.3305,5.932,625.727,3.0521,124.77,2,10,6,1,True,0.599725,0.452,1.0,1_lipinski_violations
CAND_d2368caa84,0.3421,5.807,625.727,3.0521,124.77,2,10,5,1,True,0.604945,0.465889,1.0,1_lipinski_violations
CAND_8c5234201d,0.3368,5.885,639.754,3.0946,124.77,2,10,5,1,True,0.60256,0.457222,1.0,1_lipinski_violations
CAND_edd4ecebfb,0.3421,5.807,625.727,3.0521,124.77,2,10,5,1,True,0.604945,0.465889,1.0,1_lipinski_violations
CAND_fa9c3a890e,0.2389,6.005,630.771,5.8409,118.55,2,8,3,2,True,0.459505,0.443889,1.0,2_lipinski_violations
CAND_6e0dea6dce,0.2389,6.005,630.771,5.8409,118.55,2,8,3,2,True,0.459505,0.443889,1.0,2_lipinski_violations
CAND_7edf78567a,0.2655,5.151,597.651,3.9823,139.81,3,8,3,1,True,0.570475,0.538778,1.0,1_lipinski_violations
CAND_7e62661542,0.2587,5.6,588.69,5.4972,118.55,2,8,5,2,True,0.468415,0.488889,1.0,2_lipinski_violations
CAND_2aec60a7b3,0.2403,5.897,630.771,5.6247,118.55,2,8,5,2,True,0.460135,0.455889,1.0,2_lipinski_violations
CAND_17b7ae0ef0,0.2458,5.798,616.744,5.5822,118.55,2,8,5,2,True,0.46261,0.466889,1.0,2_lipinski_violations
CAND_e2301f0244,0.2587,5.6,588.69,5.4972,118.55,2,8,5,2,True,0.468415,0.488889,1.0,2_lipinski_violations
CAND_6c381c958d,0.2587,5.6,588.69,5.4972,118.55,2,8,5,2,True,0.468415,0.488889,1.0,2_lipinski_violations
CAND_96386adadd,0.2587,5.6,588.69,5.4972,118.55,2,8,5,2,True,0.468415,0.488889,1.0,2_lipinski_violations
CAND_d46f9faca0,0.3529,5.117,591.778,5.247,81.21,1,10,0,2,True,0.510805,0.542556,1.0,2_lipinski_violations
CAND_84b23d19ac,0.3413,5.483,554.721,5.3906,102.67,2,10,4,2,True,0.505585,0.501889,1.0,2_lipinski_violations
CAND_da16c70739,0.4042,5.054,512.64,4.5679,102.67,2,10,4,1,True,0.63289,0.549556,1.0,1_lipinski_violations
CAND_c3cfa1549e,0.325,5.648,568.748,5.5647,102.67,2,10,4,2,True,0.49825,0.483556,1.0,2_lipinski_violations
CAND_fa26006f52,0.351,5.375,554.721,5.1746,102.67,2,10,4,2,True,0.50995,0.513889,1.0,2_lipinski_violations
CAND_e60b74fdbd,0.4101,5.054,512.64,4.3519,102.67,2,10,4,1,True,0.635545,0.549556,1.0,1_lipinski_violations
CAND_500a2333c5,0.3369,5.529,554.721,5.4834,102.67,2,10,4,2,True,0.503605,0.496778,1.0,2_lipinski_violations
CAND_99fd2e8661,0.4012,5.054,512.64,4.6607,102.67,2,10,4,1,True,0.63154,0.549556,1.0,1_lipinski_violations
CAND_edb1453ee7,0.3251,5.647,568.748,5.5629,102.67,2,10,4,2,True,0.498295,0.483667,1.0,2_lipinski_violations
CAND_d43c0dcf39,0.3511,5.374,554.721,5.1728,102.67,2,10,4,2,True,0.509995,0.514,1.0,2_lipinski_violations
CAND_5adbe7afe6,0.4,5.054,512.64,4.6977,102.67,2,10,4,1,True,0.631,0.549556,1.0,1_lipinski_violations
CAND_8ebbd48a41,0.4,5.054,512.64,4.6977,102.67,2,10,4,1,True,0.631,0.549556,1.0,1_lipinski_violations
CAND_2184cb74e1,0.413,4.976,498.613,4.6552,102.67,2,10,4,0,True,0.73585,0.558222,1.0,no_major_descriptor_risk
CAND_45b6e26c52,0.4,5.054,512.64,4.6977,102.67,2,10,4,1,True,0.631,0.549556,1.0,1_lipinski_violations
CAND_cbe9c8730f,0.413,4.976,498.613,4.6552,102.67,2,10,4,0,True,0.73585,0.558222,1.0,no_major_descriptor_risk
CAND_d1aef04481,0.4,5.054,512.64,4.6977,102.67,2,10,4,1,True,0.631,0.549556,1.0,1_lipinski_violations
CAND_df127d6aee,0.4,5.054,512.64,4.6977,102.67,2,10,4,1,True,0.631,0.549556,1.0,1_lipinski_violations
CAND_45ee2562fd,0.3808,4.628,520.471,5.0617,103.13,2,7,2,2,True,0.52336,0.596889,1.0,2_lipinski_violations
CAND_89188c567f,0.3808,4.628,520.471,5.0617,103.13,2,7,2,2,True,0.52336,0.596889,1.0,2_lipinski_violations
CAND_479ae365c4,0.3588,4.085,473.324,2.8484,124.39,3,7,0,0,True,0.71146,0.657222,1.0,no_major_descriptor_risk
CAND_ed20d006ac,0.3485,4.163,487.351,2.8909,124.39,3,7,0,0,True,0.706825,0.648556,1.0,no_major_descriptor_risk
CAND_4cca09062a,0.3734,4.472,520.471,4.7511,103.13,2,7,1,1,True,0.61903,0.614222,1.0,1_lipinski_violations
CAND_daabc7b3cd,0.3143,4.506,526.502,3.1518,169.66,3,11,1,2,False,0.410935,0.610444,1.0,2_lipinski_violations;veber_fail
CAND_666c18d753,0.2544,6.207,652.797,3.3045,136.36,4,10,5,1,True,0.56548,0.421444,1.0,1_lipinski_violations
CAND_953b1eeaaf,0.2544,5.957,652.797,3.3061,136.36,4,10,5,1,True,0.56548,0.449222,1.0,1_lipinski_violations
CAND_627aeae374,0.2544,5.957,652.797,3.3061,136.36,4,10,5,1,True,0.56548,0.449222,1.0,1_lipinski_violations
CAND_97ac8f4dab,0.2927,5.963,653.781,3.7331,133.56,3,10,5,1,True,0.582715,0.448556,1.0,1_lipinski_violations
CAND_8948b554e2,0.5568,4.362,536.695,3.8864,132.65,2,9,1,1,True,0.70156,0.626444,1.0,1_lipinski_violations
CAND_a1b98b7358,0.6056,4.909,522.668,3.6998,132.65,2,9,2,1,True,0.72352,0.565667,1.0,1_lipinski_violations
CAND_2aa6875099,0.5887,4.987,536.695,3.7423,132.65,2,9,2,1,True,0.715915,0.557,1.0,1_lipinski_violations
CAND_a587de627c,0.6452,4.753,494.614,3.2672,132.65,2,9,2,0,True,0.84034,0.583,1.0,no_major_descriptor_risk
CAND_6a1cd35e01,0.5992,4.921,524.709,4.3882,123.42,2,9,4,1,True,0.72064,0.564333,1.0,1_lipinski_violations
CAND_2b6652d6c1,0.3583,5.149,547.75,5.5501,63.92,1,8,3,2,True,0.513235,0.539,1.0,2_lipinski_violations
CAND_514e28b916,0.3701,5.049,533.723,5.5076,63.92,1,8,3,2,True,0.518545,0.550111,1.0,2_lipinski_violations
CAND_3fd6e950fa,0.3583,5.149,547.75,5.5501,63.92,1,8,3,2,True,0.513235,0.539,1.0,2_lipinski_violations
CAND_28e879db76,0.3826,4.95,519.696,5.4651,63.92,1,8,3,2,True,0.52417,0.561111,1.0,2_lipinski_violations
CAND_825369e39e,0.3285,5.547,561.777,5.9402,63.92,1,8,4,2,True,0.499825,0.494778,1.0,2_lipinski_violations
CAND_7f5aca5067,0.3686,5.174,533.723,5.5076,63.92,1,8,4,2,True,0.51787,0.536222,1.0,2_lipinski_violations
CAND_52f023a68b,0.3811,5.075,519.696,5.4651,63.92,1,8,4,2,True,0.523495,0.547222,1.0,2_lipinski_violations
CAND_23e32edbb0,0.3569,5.274,547.75,5.5501,63.92,1,8,4,2,True,0.512605,0.525111,1.0,2_lipinski_violations
CAND_2527b8f77c,0.3686,5.174,533.723,5.5076,63.92,1,8,4,2,True,0.51787,0.536222,1.0,2_lipinski_violations
CAND_b275d54954,0.3285,5.547,561.777,5.9402,63.92,1,8,4,2,True,0.499825,0.494778,1.0,2_lipinski_violations
CAND_9d84e39f14,0.3569,5.274,547.75,5.5501,63.92,1,8,4,2,True,0.512605,0.525111,1.0,2_lipinski_violations
CAND_e1f628f61f,0.3686,5.174,533.723,5.5076,63.92,1,8,4,2,True,0.51787,0.536222,1.0,2_lipinski_violations
CAND_d54a29a137,0.3569,5.274,547.75,5.5501,63.92,1,8,4,2,True,0.512605,0.525111,1.0,2_lipinski_violations
CAND_92a78310bb,0.3115,4.934,513.562,2.7068,133.04,3,9,3,1,True,0.591175,0.562889,1.0,1_lipinski_violations
CAND_0e44abec49,0.3626,4.839,496.575,4.0453,111.78,2,7,3,0,True,0.71317,0.573444,1.0,no_major_descriptor_risk
CAND_684faf5c53,0.3114,4.934,513.562,2.614,133.04,3,9,3,1,True,0.59113,0.562889,1.0,1_lipinski_violations
CAND_ff8228287e,0.2815,5.601,588.763,4.7315,111.78,2,9,5,1,True,0.577675,0.488778,1.0,1_lipinski_violations
CAND_0e0bef700a,0.3063,5.368,546.682,4.567,111.78,2,9,5,1,True,0.588835,0.514667,1.0,1_lipinski_violations
CAND_093a50fb34,0.3048,4.809,513.562,2.7438,133.04,3,9,2,1,True,0.58816,0.576778,1.0,1_lipinski_violations
CAND_ae3b9736b8,0.3054,5.368,546.682,4.604,111.78,2,9,5,1,True,0.58843,0.514667,1.0,1_lipinski_violations
CAND_864aef1749,0.3048,4.809,513.562,2.7438,133.04,3,9,2,1,True,0.58816,0.576778,1.0,1_lipinski_violations
CAND_ceb1671b18,0.3114,4.934,513.562,2.614,133.04,3,9,3,1,True,0.59113,0.562889,1.0,1_lipinski_violations
CAND_6b22dda74e,0.2815,5.601,588.763,4.7315,111.78,2,9,5,1,True,0.577675,0.488778,1.0,1_lipinski_violations
CAND_ad63baefa8,0.3048,4.809,513.562,2.7438,133.04,3,9,2,1,True,0.58816,0.576778,1.0,1_lipinski_violations
CAND_40fdde9008,0.3997,4.998,547.656,4.1215,103.14,2,10,0,1,True,0.630865,0.555778,1.0,1_lipinski_violations
CAND_85ec11f0e8,0.4029,5.004,548.64,4.5485,100.34,1,10,0,1,True,0.632305,0.555111,1.0,1_lipinski_violations
CAND_5665b78fed,0.3983,4.754,548.64,4.691,100.34,1,10,0,1,True,0.630235,0.582889,1.0,1_lipinski_violations
CAND_37471022d5,0.3734,4.872,562.667,5.0811,100.34,1,10,0,2,True,0.52003,0.569778,1.0,2_lipinski_violations
CAND_58664d5da5,0.403,5.254,548.64,4.5469,100.34,1,10,0,1,True,0.63235,0.527333,1.0,1_lipinski_violations
CAND_8d10e8ab5c,0.3812,5.326,561.683,4.51,103.14,2,10,0,1,True,0.62254,0.519333,1.0,1_lipinski_violations
CAND_1bc0b70bb5,0.3795,5.331,562.667,4.937,100.34,1,10,0,1,True,0.621775,0.518778,1.0,1_lipinski_violations
CAND_e67629456a,0.3735,5.121,562.667,5.0795,100.34,1,10,0,2,True,0.520075,0.542111,1.0,2_lipinski_violations
CAND_8fdbe33271,0.457,4.253,413.485,3.3184,89.78,2,7,0,0,True,0.75565,0.638556,1.0,no_major_descriptor_risk
CAND_9a5f73a0b9,0.457,4.253,413.485,3.3184,89.78,2,7,0,0,True,0.75565,0.638556,1.0,no_major_descriptor_risk
CAND_fd29a453e3,0.4412,4.347,430.537,4.462,77.75,1,7,0,0,True,0.74854,0.628111,1.0,no_major_descriptor_risk
CAND_1f26aca914,0.457,4.253,413.485,3.3184,89.78,2,7,0,0,True,0.75565,0.638556,1.0,no_major_descriptor_risk
CAND_9d41dccfa7,0.3879,4.965,488.686,5.3387,68.52,1,7,1,1,True,0.625555,0.559444,1.0,1_lipinski_violations
CAND_0e6a600e1d,0.4016,4.866,474.659,5.2962,68.52,1,7,1,1,True,0.63172,0.570444,1.0,1_lipinski_violations
CAND_836aea54fd,0.4572,4.003,413.485,3.2773,89.78,2,7,0,0,True,0.75574,0.666333,1.0,no_major_descriptor_risk
CAND_abd2e3fe37,0.4449,4.081,427.512,3.3198,89.78,2,7,0,0,True,0.750205,0.657667,1.0,no_major_descriptor_risk
CAND_02b810108f,0.4572,4.003,413.485,3.2773,89.78,2,7,0,0,True,0.75574,0.666333,1.0,no_major_descriptor_risk
CAND_661d4f7b8a,0.4572,4.003,413.485,3.2773,89.78,2,7,0,0,True,0.75574,0.666333,1.0,no_major_descriptor_risk
CAND_8a4bbb30bb,0.4449,4.081,427.512,3.3198,89.78,2,7,0,0,True,0.750205,0.657667,1.0,no_major_descriptor_risk
CAND_7be70ac6e7,0.3916,4.678,488.686,5.265,68.52,1,7,1,1,True,0.62722,0.591333,1.0,1_lipinski_violations
CAND_a2966c092e,0.4054,4.579,474.659,5.2225,68.52,1,7,1,1,True,0.63343,0.602333,1.0,1_lipinski_violations
CAND_7a34dfaa94,0.449,4.347,430.537,4.147,77.75,1,7,0,0,True,0.75205,0.628111,1.0,no_major_descriptor_risk
CAND_318accd881,0.4322,5.116,474.659,5.2962,68.52,1,7,3,1,True,0.64549,0.542667,1.0,1_lipinski_violations
CAND_793738736a,0.4573,4.505,446.605,5.1375,68.52,1,7,2,1,True,0.656785,0.610556,1.0,1_lipinski_violations
CAND_f10ce59a93,0.427,4.704,474.659,5.2225,68.52,1,7,2,1,True,0.64315,0.588444,1.0,1_lipinski_violations
CAND_f9a818c675,0.4419,4.605,460.632,5.18,68.52,1,7,2,1,True,0.649855,0.599444,1.0,1_lipinski_violations
CAND_68b6166499,0.4712,3.908,396.498,4.5788,68.52,1,5,0,0,True,0.76204,0.676889,1.0,no_major_descriptor_risk
CAND_3f11440989,0.4572,4.003,413.485,3.2773,89.78,2,7,0,0,True,0.75574,0.666333,1.0,no_major_descriptor_risk
CAND_7ba2168d87,0.414,5.596,587.721,4.8505,99.23,2,10,3,1,True,0.6373,0.489333,1.0,1_lipinski_violations
CAND_0cdce138af,0.3946,5.583,601.748,5.0697,99.23,2,10,4,2,True,0.52957,0.490778,1.0,2_lipinski_violations
CAND_d355d1aad8,0.42,4.625,435.467,2.703,136.46,4,9,0,0,True,0.739,0.597222,1.0,no_major_descriptor_risk
CAND_8ee9923f02,0.42,4.625,435.467,2.703,136.46,4,9,0,0,True,0.739,0.597222,1.0,no_major_descriptor_risk
CAND_aa48096883,0.4845,4.767,528.631,3.7377,132.65,2,9,1,1,True,0.669025,0.581444,1.0,1_lipinski_violations
CAND_ebccc172b3,0.4713,4.845,542.658,3.7802,132.65,2,9,1,1,True,0.663085,0.572778,1.0,1_lipinski_violations
CAND_1063ab7ebf,0.5098,4.942,528.631,3.7788,132.65,2,9,2,1,True,0.68041,0.562,1.0,1_lipinski_violations
CAND_3ae5270c3c,0.4098,4.514,460.538,4.0639,117.96,3,8,2,0,True,0.73441,0.609556,1.0,no_major_descriptor_risk
CAND_5d246e350b,0.3735,4.748,502.619,4.1914,117.96,3,8,2,1,True,0.619075,0.583556,1.0,1_lipinski_violations
CAND_ab821206ef,0.3612,4.264,460.538,3.9341,117.96,3,8,0,0,True,0.71254,0.637333,1.0,no_major_descriptor_risk
CAND_d9137abde2,0.3503,4.342,474.565,3.9766,117.96,3,8,0,0,True,0.707635,0.628667,1.0,no_major_descriptor_risk
CAND_9e562c840d,0.4098,4.514,460.538,4.0639,117.96,3,8,2,0,True,0.73441,0.609556,1.0,no_major_descriptor_risk
CAND_59c1599b42,0.3852,4.67,488.592,4.1489,117.96,3,8,2,0,True,0.72334,0.592222,1.0,no_major_descriptor_risk
CAND_b77e224cbb,0.3549,5.16,493.658,5.9241,96.7,2,8,2,1,True,0.610705,0.537778,1.0,1_lipinski_violations
CAND_1ddd74e763,0.3201,5.458,535.739,6.0516,96.7,2,8,2,2,True,0.496045,0.504667,1.0,2_lipinski_violations
CAND_f95afe1e58,0.4098,4.514,460.538,4.0639,117.96,3,8,2,0,True,0.73441,0.609556,1.0,no_major_descriptor_risk
CAND_3babd6fcd3,0.4098,4.514,460.538,4.0639,117.96,3,8,2,0,True,0.73441,0.609556,1.0,no_major_descriptor_risk
CAND_25a8481360,0.3311,5.359,521.712,6.0091,96.7,2,8,2,2,True,0.500995,0.515667,1.0,2_lipinski_violations
CAND_b5beaf3fc5,0.3427,5.259,507.685,5.9666,96.7,2,8,2,2,True,0.506215,0.526778,1.0,2_lipinski_violations
CAND_41021d9f23,0.4981,5.095,497.646,4.1754,109.0,3,7,3,0,True,0.774145,0.545,1.0,no_major_descriptor_risk
CAND_7347c50590,0.4727,5.173,511.673,4.5655,109.0,3,7,3,1,True,0.663715,0.536333,1.0,1_lipinski_violations
CAND_cf527b3335,0.4352,4.411,464.526,2.4593,130.26,4,7,1,0,True,0.74584,0.621,1.0,no_major_descriptor_risk
CAND_194ceb9400,0.4905,4.845,497.646,4.4493,109.0,3,7,3,0,True,0.770725,0.572778,1.0,no_major_descriptor_risk
CAND_57901242b8,0.4753,4.923,511.673,4.4918,109.0,3,7,3,1,True,0.664885,0.564111,1.0,1_lipinski_violations
CAND_d76a079d0b,0.4905,4.845,497.646,4.4493,109.0,3,7,3,0,True,0.770725,0.572778,1.0,no_major_descriptor_risk
CAND_500734f9df,0.3911,5.413,567.781,5.357,109.0,3,7,3,2,True,0.527995,0.509667,1.0,2_lipinski_violations
CAND_d8cf91d102,0.4753,4.923,511.673,4.4918,109.0,3,7,3,1,True,0.664885,0.564111,1.0,1_lipinski_violations
CAND_e27f5e5a07,0.3368,4.793,445.613,5.9729,60.94,3,5,1,1,True,0.60256,0.578556,1.0,1_lipinski_violations
CAND_f71bdf1f21,0.3368,4.793,445.613,5.9729,60.94,3,5,1,1,True,0.60256,0.578556,1.0,1_lipinski_violations
CAND_fe51c80340,0.3368,4.793,445.613,5.9729,60.94,3,5,1,1,True,0.60256,0.578556,1.0,1_lipinski_violations
CAND_3b10bf79e2,0.3133,4.751,570.633,2.4183,118.26,2,9,1,1,True,0.591985,0.583222,1.0,1_lipinski_violations
CAND_22bea2cb40,0.313,5.001,570.633,2.2869,118.26,2,9,1,1,True,0.59185,0.555444,1.0,1_lipinski_violations
CAND_e65bb0ffd3,0.313,5.001,570.633,2.2869,118.26,2,9,1,1,True,0.59185,0.555444,1.0,1_lipinski_violations
CAND_c0ed9348bb,0.3067,5.079,584.66,2.677,118.26,2,9,1,1,True,0.589015,0.546778,1.0,1_lipinski_violations
CAND_1446de26fc,0.3369,5.251,570.633,2.2869,118.26,2,9,3,1,True,0.602605,0.527667,1.0,1_lipinski_violations
CAND_95ab215f71,0.3133,4.751,570.633,2.4183,118.26,2,9,1,1,True,0.591985,0.583222,1.0,1_lipinski_violations
CAND_741a4e8a23,0.2768,5.792,673.888,5.1862,97.0,1,9,4,2,True,0.47656,0.467556,1.0,2_lipinski_violations
CAND_b206a3c74d,0.3133,4.751,570.633,2.4183,118.26,2,9,1,1,True,0.591985,0.583222,1.0,1_lipinski_violations
CAND_1156c34ecd,0.3133,4.751,570.633,2.4183,118.26,2,9,1,1,True,0.591985,0.583222,1.0,1_lipinski_violations
CAND_4cfa33a0ef,0.3064,4.829,584.66,2.4608,118.26,2,9,1,1,True,0.58888,0.574556,1.0,1_lipinski_violations
CAND_fae66322f1,0.2601,6.065,687.915,5.5763,97.0,1,9,4,2,True,0.469045,0.437222,1.0,2_lipinski_violations
CAND_553a2c6db6,0.2768,5.792,673.888,5.1862,97.0,1,9,4,2,True,0.47656,0.467556,1.0,2_lipinski_violations
