activity_type,activity_value_nM,assay_id,canonical_smiles,confidence_score,has_constrained_ring_8_11,has_macrocycle_12_20,inchikey,max_ring_size,mol_id,notes,p_activity,source,source_id,split,target
IC50,1615.0,CHEMBL2067611,COc1ccccc1Nc1nc2c(-c3ccc(S(C)(=O)=O)cc3)cccn2n1,,False,False,FTQMDBNOBLWTEF-UHFFFAOYSA-N,6,JAK2_79038ef114,curated_from_chembl_api,5.791827,ChEMBL,CHEMBL2062797,train,JAK2
IC50,5.1,CHEMBL2214787,CC(=O)Nc1ccc(-c2nc(Nc3ccc(N4CCOCC4)cc3)ncc2C)cc1,,False,False,XRNNLWRNKTXVIA-UHFFFAOYSA-N,6,JAK2_bb041e75cb,curated_from_chembl_api,8.29243,ChEMBL,CHEMBL2208028,train,JAK2
IC50,3503.0,CHEMBL1613998,CC1CCCN(CCCNC(=O)c2cc3c(Cl)nc4ccccc4c3s2)C1,,False,False,KBQSNNCVJNKFHP-UHFFFAOYSA-N,6,JAK2_1eae0c1a0e,curated_from_chembl_api,5.45556,ChEMBL,CHEMBL1476181,train,JAK2
IC50,0.4,CHEMBL1926252,COc1ccc(-c2ccc3cnc(Nc4ccc(N5CCN(C)CC5)c(Cl)c4)nn23)cn1,,False,False,IKEZDZFCQUVLLG-UHFFFAOYSA-N,6,JAK2_155bd54352,curated_from_chembl_api,9.39794,ChEMBL,CHEMBL1923590,train,JAK2
IC50,140.0,CHEMBL3239499,Cc1cccc(Nc2sc(-c3ccc(F)cc3)cc2C(N)=O)n1,,False,False,ACAOHWOPNZHWAF-UHFFFAOYSA-N,6,JAK2_d4e8488591,curated_from_chembl_api,6.853872,ChEMBL,CHEMBL3234881,train,JAK2
IC50,83.0,CHEMBL2184201,C1=CCOCc2cc(ccc2N2CCNCC2)Nc2nccc(n2)-c2cccc(c2)COC1,,False,True,AXXRIEDSBPYONW-UHFFFAOYSA-N,18,JAK2_d2047728cd,curated_from_chembl_api,7.080922,ChEMBL,CHEMBL2181322,train,JAK2
IC50,210.0,CHEMBL3377596,C[C@@]1(F)CCC[C@H]1Nc1c(C(N)=O)cnn2cccc12,,False,False,UPBRYBJZTWHUQK-BXUZGUMPSA-N,6,JAK2_3c0daf6c94,curated_from_chembl_api,6.677781,ChEMBL,CHEMBL3359929,train,JAK2
IC50,35.0,CHEMBL2184201,Nc1cc2cc(c1)Nc1nccc(n1)-c1cccc(c1)COCC=CCOC2,,False,True,LVRXBZNKAGNVHM-UHFFFAOYSA-N,18,JAK2_e510bd5a84,curated_from_chembl_api,7.455932,ChEMBL,CHEMBL2181085,train,JAK2
IC50,0.6,CHEMBL1044318,CC[C@@H](Nc1cc(-c2c(N)nn3cccnc23)ncn1)c1ccc(F)cc1,,False,False,BTOVCFAIIUJMFA-CQSZACIVSA-N,6,JAK2_628eb3c7b6,curated_from_chembl_api,9.221849,ChEMBL,CHEMBL569966,train,JAK2
IC50,10.8,CHEMBL2329570,C[C@H](NC(=O)c1c[nH]c2ncc(C3CC3)nc12)C(C)(C)C,,False,False,YCFLEMHGWPQDSP-VIFPVBQESA-N,6,JAK2_8e43755f1e,curated_from_chembl_api,7.966576,ChEMBL,CHEMBL2325903,train,JAK2
IC50,4.8,CHEMBL1685409,Cc1cc(Nc2nc(N3CCN(C(=O)c4ccc(C#N)cc4)CC3)nn3cccc23)n[nH]1,,False,False,ZAKOKIKZDMKTLC-UHFFFAOYSA-N,6,JAK2_bb43002d12,curated_from_chembl_api,8.318759,ChEMBL,CHEMBL1682376,train,JAK2
IC50,2.1,CHEMBL1936085,CN(c1ncccc1-c1ccc2cnc(Nc3ccc(C4CCN(CC(N)=O)CC4)cc3)nn12)S(C)(=O)=O,,False,False,JKNCXKNOUNKWSO-UHFFFAOYSA-N,6,JAK2_bfebc14fe9,curated_from_chembl_api,8.677781,ChEMBL,CHEMBL1934344,train,JAK2
IC50,0.6,CHEMBL1936085,COc1ccccc1-c1ccc2cnc(Nc3ccc(C4CCN(CC(N)=O)CC4)cc3)nn12,,False,False,VSOBEWDEAFPUPX-UHFFFAOYSA-N,6,JAK2_2e8eed6911,curated_from_chembl_api,9.221849,ChEMBL,CHEMBL1934335,train,JAK2
IC50,750.0,CHEMBL1291235,O=c1[nH]ccc2nc(NC3CC(F)(F)C3)c3ccc(F)cc3c12,,False,False,ASPDEPIEGDDDCD-UHFFFAOYSA-N,6,JAK2_14d06e82bc,curated_from_chembl_api,6.124939,ChEMBL,CHEMBL1289096,train,JAK2
IC50,53.0,CHEMBL2184201,Oc1ccc2cc1COCC=CCOCc1cccc(c1)-c1ccnc(n1)N2,,False,True,UVANEUUATLLBKA-UHFFFAOYSA-N,18,JAK2_396d75ed4a,curated_from_chembl_api,7.275724,ChEMBL,CHEMBL2181320,train,JAK2
IC50,308.0,CHEMBL3374493,COc1ccc(Cl)cc1-c1[nH]c(-c2ccnc(N)n2)cc1C(N)=O,,False,False,ABUHZFPSYFNGPG-UHFFFAOYSA-N,6,JAK2_f1e7af637d,curated_from_chembl_api,6.511449,ChEMBL,CHEMBL3330123,train,JAK2
IC50,11.0,CHEMBL1108564,N#CCNC(=O)c1ccc(-c2ccnc(Nc3ccc(N4CCOCC4)cc3)n2)cc1,,False,False,ZVHNDZWQTBEVRY-UHFFFAOYSA-N,6,JAK2_9af79f3778,curated_from_chembl_api,7.958607,ChEMBL,CHEMBL1078178,train,JAK2
IC50,136.0,CHEMBL2067611,COc1ccccc1-c1cccn2nc(Nc3ccccc3)nc12,,False,False,HBCGXHDDFKAZGS-UHFFFAOYSA-N,6,JAK2_310f20bf06,curated_from_chembl_api,6.866461,ChEMBL,CHEMBL2062794,train,JAK2
IC50,23.7,CHEMBL2415128,O=C(O)c1ccc(Nc2nc3c(-c4cnn(C5CCCC5)c4)cccn3n2)cc1,,False,False,ORKMOELSWADEED-UHFFFAOYSA-N,6,JAK2_c7e43971d9,curated_from_chembl_api,7.625252,ChEMBL,CHEMBL2414540,train,JAK2
IC50,83.0,CHEMBL1102456,O=c1[nH]c2cnc(-n3cnc4ccccc43)nc2n1C1CCOc2ccc(F)cc21,,False,False,MRYVGOHMJFCIFR-UHFFFAOYSA-N,6,JAK2_0ac788f1c8,curated_from_chembl_api,7.080922,ChEMBL,CHEMBL1081190,train,JAK2
IC50,1.7,CHEMBL2214787,C[C@@H](N)C(=O)Nc1ccc(-c2ccnc(Nc3ccc(N4CCOCC4)cc3)n2)cc1,,False,False,DHNKBAKGYDFYFP-MRXNPFEDSA-N,6,JAK2_d918415381,curated_from_chembl_api,8.769551,ChEMBL,CHEMBL2208032,train,JAK2
IC50,0.9,CHEMBL1685409,Cc1cc(Nc2nc(N3CCN(C(=O)Cc4ccc(F)cc4)CC3)nn3cccc23)n[nH]1,,False,False,TZFDRICFHMOYIQ-UHFFFAOYSA-N,6,JAK2_1f52d2b5fb,curated_from_chembl_api,9.045757,ChEMBL,CHEMBL1682384,train,JAK2
IC50,3.0,CHEMBL2383938,Cc1cc(Nc2nc(N[C@@H](C)c3ccc(F)cn3)c(F)c(N3CCS(=O)(=O)CC3)n2)n[nH]1,,False,False,VUTANNSKXVAAIF-LBPRGKRZSA-N,6,JAK2_ea3454a640,curated_from_chembl_api,8.522879,ChEMBL,CHEMBL2381986,train,JAK2
IC50,7832.0,CHEMBL1613998,COC1(OC)C(/C=C/c2ccc(Cl)cc2)C(C#N)(C#N)C1(OC)OC,,False,False,WTXBTYXCVPLYNX-JXMROGBWSA-N,6,JAK2_8a3262104b,curated_from_chembl_api,5.106127,ChEMBL,CHEMBL1976304,train,JAK2
IC50,29000.0,CHEMBL947777,Nc1ncc(NC(=O)c2cc(NC(=O)c3cccc(C(F)(F)F)c3)ccc2Cl)cc1Cl,,False,False,CJXUHPRULWSPBE-UHFFFAOYSA-N,6,JAK2_1e564fa7d7,curated_from_chembl_api,4.537602,ChEMBL,CHEMBL475817,train,JAK2
IC50,3498.0,CHEMBL1613998,C/C(=C\c1ccc(N(C)C)cc1)[N+](=O)[O-],,False,False,XLLDXYINDPHTJG-CMDGGOBGSA-N,6,JAK2_4501ba46d1,curated_from_chembl_api,5.45618,ChEMBL,CHEMBL1299997,train,JAK2
IC50,175.0,CHEMBL3239499,NC(=O)c1cc(-c2ccccc2)sc1Nc1ccncc1,,False,False,DVXWZGCFMXPDSQ-UHFFFAOYSA-N,6,JAK2_4bb01853de,curated_from_chembl_api,6.756962,ChEMBL,CHEMBL3234891,train,JAK2
IC50,5000.0,CHEMBL2214787,CC(=O)Nc1ccc(-c2ccnc(NCC3CN(C(=O)c4c(Cl)cccc4Cl)C3)n2)cc1,,False,False,DTVCSYNRPDBHIK-UHFFFAOYSA-N,6,JAK2_c9bfb2d3c7,curated_from_chembl_api,5.30103,ChEMBL,CHEMBL2207763,train,JAK2
IC50,10000.0,CHEMBL3118993,O=C1NC(=O)C(c2c[nH]c3ccccc23)=C1Nc1cccc(C2CCN(c3ccnc(F)c3)C2)c1,,False,False,XJVHQVSZWYUGJK-UHFFFAOYSA-N,6,JAK2_c5f0ce9a58,curated_from_chembl_api,5.0,ChEMBL,CHEMBL3114763,train,JAK2
IC50,100000.0,CHEMBL3363474,C#Cc1ccn2c(-c3ccnc(SC)n3)c(-c3ccc(F)cc3)nc2n1,,False,False,SGCIIARCCWAUSQ-UHFFFAOYSA-N,6,JAK2_8d121a21d7,curated_from_chembl_api,4.0,ChEMBL,CHEMBL3314272,train,JAK2
IC50,7255.0,CHEMBL1613998,Cc1ccc(C)c(Sc2ccc(NC(=O)CCl)cc2)c1,,False,False,KACFZWRSHRBOAC-UHFFFAOYSA-N,6,JAK2_bd7e2a006f,curated_from_chembl_api,5.139363,ChEMBL,CHEMBL1597039,train,JAK2
IC50,5600.0,CHEMBL1049518,Oc1ccc(C2Nc3ccccc3-c3ccnc4[nH]cc2c34)c(Cl)c1,,False,False,GWQOJNLUSACQPH-UHFFFAOYSA-N,7,JAK2_c706b0d0af,curated_from_chembl_api,5.251812,ChEMBL,CHEMBL591800,train,JAK2
IC50,1036.0,CHEMBL1613998,O=C(CCl)/N=c1\sccn1Cc1cccc2ccccc12,,False,False,UWMDLXSQGLERIU-VLGSPTGOSA-N,6,JAK2_b3e12556ba,curated_from_chembl_api,5.98464,ChEMBL,CHEMBL1973122,train,JAK2
IC50,95.0,CHEMBL1102456,O=c1[nH]c2cnc(-n3cnc4ccccc43)nc2n1C1CCOc2cc(F)ccc21,,False,False,AWYBUVIAIMRQPX-UHFFFAOYSA-N,6,JAK2_aaf047e8d1,curated_from_chembl_api,7.022276,ChEMBL,CHEMBL1080110,train,JAK2
IC50,5700.0,CHEMBL2327181,c1cc2c(ncc3ncn(C4CCCCC4)c32)[nH]1,,False,False,VKHAJXJHGMVFFP-UHFFFAOYSA-N,6,JAK2_461a3f3c7d,curated_from_chembl_api,5.244125,ChEMBL,CHEMBL2322138,train,JAK2
IC50,860.0,CHEMBL1049518,Oc1ccc(C2Nc3ccccc3-c3ccnc4[nH]cc2c34)cc1F,,False,False,XZBDMMYLOSUXDO-UHFFFAOYSA-N,7,JAK2_ddf177d193,curated_from_chembl_api,6.065502,ChEMBL,CHEMBL591096,train,JAK2
IC50,0.8,CHEMBL3131376,O=c1[nH]ccc2c(Nc3c(Cl)cc(F)cc3Cl)nc3ccncc3c12,,False,False,CODIBUDSZRMNBU-UHFFFAOYSA-N,6,JAK2_0a1653190d,curated_from_chembl_api,9.09691,ChEMBL,CHEMBL3126341,train,JAK2
IC50,0.3,CHEMBL2378515,N#CC[C@H](C1CCCC1)n1cc(-c2ncnc3[nH]ccc23)cn1,,False,False,HFNKQEVNSGCOJV-OAHLLOKOSA-N,6,JAK2_0363b39a60,curated_from_chembl_api,9.522879,ChEMBL,CHEMBL1789941,train,JAK2
IC50,160.0,CHEMBL1948620,CN1C/C=C/CCOc2cc(F)cc(c2)-c2ccnc(n2)Nc2cccc(c2)C1,,False,True,MDPQZSCXKLJMQD-NSCUHMNNSA-N,18,JAK2_ae95950785,curated_from_chembl_api,6.79588,ChEMBL,CHEMBL1946442,train,JAK2
IC50,132.0,CHEMBL1107753,N#CCNCc1cccc(-c2ccnc(Nc3ccc(N4CCOCC4)cc3)n2)c1,,False,False,MJIQGRRGRNUPCX-UHFFFAOYSA-N,6,JAK2_4f6fafc041,curated_from_chembl_api,6.879426,ChEMBL,CHEMBL1078165,train,JAK2
IC50,1342.0,CHEMBL1613998,COc1cccc(N(C(=O)CCl)C(C(=O)NCCc2ccccc2)c2cccs2)c1,,False,False,ASSYJPCLSRNQGT-UHFFFAOYSA-N,6,JAK2_c4daf046a9,curated_from_chembl_api,5.872247,ChEMBL,CHEMBL1304902,train,JAK2
IC50,3.0,CHEMBL1840115,O=c1[nH]ccc2c3[nH]c(-c4ccccc4Cl)nc3c3ccc(F)cc3c12,,False,False,JYYPZVBYHBGFJH-UHFFFAOYSA-N,6,JAK2_8b3014135f,curated_from_chembl_api,8.522879,ChEMBL,CHEMBL261386,train,JAK2
IC50,44.0,CHEMBL2184201,CCN(CC)CCC(=O)Nc1cc2cc(c1)Nc1nccc(n1)-c1cccc(c1)COCC=CCOC2,,False,True,ADOICFZLVOHSAF-UHFFFAOYSA-N,18,JAK2_756371ea71,curated_from_chembl_api,7.356547,ChEMBL,CHEMBL2181086,train,JAK2
IC50,42.3,CHEMBL2186603,Cn1cc(NC(=O)c2cnn3cccnc23)c(-c2cc(Cl)ccc2Cl)n1,,False,False,JDIZUWGLJSYCHD-UHFFFAOYSA-N,6,JAK2_8945d571c7,curated_from_chembl_api,7.37366,ChEMBL,CHEMBL2178799,train,JAK2
IC50,7122.0,CHEMBL1613998,Oc1ccccc1OCCOc1ccccc1OCCOc1ccccc1O,,False,False,CINIAUHMMYGXJU-UHFFFAOYSA-N,6,JAK2_bc6702e419,curated_from_chembl_api,5.147398,ChEMBL,CHEMBL1530569,train,JAK2
IC50,270.0,CHEMBL3239499,Cc1cccc(Nc2sc(-c3ccccc3)cc2C(N)=O)n1,,False,False,KFKOZYNYWLCLCJ-UHFFFAOYSA-N,6,JAK2_b9143a07c2,curated_from_chembl_api,6.568636,ChEMBL,CHEMBL3234890,train,JAK2
IC50,0.35,CHEMBL1926252,COc1ccccc1-c1ccc2cnc(Nc3ccc(N4CCN(C)CC4)c(F)c3)nn12,,False,False,DDQSSRAAUWYLCY-UHFFFAOYSA-N,6,JAK2_364f20ca75,curated_from_chembl_api,9.455932,ChEMBL,CHEMBL1923583,train,JAK2
IC50,100.0,CHEMBL3377596,CC1(C)[C@H](Nc2c(C(N)=O)cnn3cccc23)CC[C@]1(C)O,,False,False,POBDSPXBIIAMTG-WBMJQRKESA-N,6,JAK2_b8daa3eb9c,curated_from_chembl_api,7.0,ChEMBL,CHEMBL3359914,train,JAK2
IC50,2.0,CHEMBL3118637,CN[C@@H]1C[C@H]2O[C@@](C)([C@@H]1OC)n1c3ccccc3c3c4c(c5c6ccccc6n2c5c31)C(=O)NC4,,False,False,HKSZLNNOFSGOKW-FYTWVXJKSA-N,7,JAK2_2d0f835aa0,curated_from_chembl_api,8.69897,ChEMBL,CHEMBL388978,train,JAK2
IC50,190.0,CHEMBL1044318,NC(=O)C1CCN(c2cc(-c3c(N)nn4cccnc34)ncn2)CC1,,False,False,YNYGFIMGZVTXSV-UHFFFAOYSA-N,6,JAK2_38c30605e5,curated_from_chembl_api,6.721246,ChEMBL,CHEMBL576272,train,JAK2
IC50,10000.0,CHEMBL1009273,CNC(=O)c1ccc(Nc2nccc(-c3cnc(C)n3C(C)C)n2)cc1F,,False,False,OCUYCOQPRGFQEV-UHFFFAOYSA-N,6,JAK2_eeec6fe338,curated_from_chembl_api,5.0,ChEMBL,CHEMBL455428,train,JAK2
IC50,4000.0,CHEMBL1007370,C#Cc1cccc(Nc2ncnc3cc(OCCOC)c(OCCOC)cc23)c1,,False,False,AAKJLRGGTJKAMG-UHFFFAOYSA-N,6,JAK2_1afb564680,curated_from_chembl_api,5.39794,ChEMBL,CHEMBL553,train,JAK2
IC50,10000.0,CHEMBL3300963,CN1CCN(C[C@@H](NC(=O)C[C@H]2CNC(=O)c3cc(-c4cccc(Cl)c4)cn32)C2CCCCC2)CC1,,False,False,UKZRGBUTBINTPD-LOSJGSFVSA-N,6,JAK2_36d4ea3267,curated_from_chembl_api,5.0,ChEMBL,CHEMBL3297762,train,JAK2
IC50,131.0,CHEMBL2186598,Cc1cc(NC(=O)c2cnn3ccc(N)nc23)n(-c2cccc(Cl)c2)n1,,False,False,VCZAFUUQQIEMKI-UHFFFAOYSA-N,6,JAK2_7f60871f3d,curated_from_chembl_api,6.882729,ChEMBL,CHEMBL2178807,train,JAK2
IC50,9.1,CHEMBL2214787,CCN1CCC[C@@H]1C(=O)Nc1ccc(-c2ccnc(Nc3ccc(N4CCOCC4)cc3)n2)cc1,,False,False,HKCCVEZCHYRSPJ-RUZDIDTESA-N,6,JAK2_0cfea2ed0f,curated_from_chembl_api,8.040959,ChEMBL,CHEMBL2207760,train,JAK2
IC50,83.0,CHEMBL1840262,NC(=O)c1cnc(NC2CCC2)c2c1[nH]c1ccc(F)cc12,,False,False,PFWJELRTDOUPFN-UHFFFAOYSA-N,6,JAK2_19546a8603,curated_from_chembl_api,7.080922,ChEMBL,CHEMBL1835022,train,JAK2
IC50,3.0,CHEMBL3374493,CCc1ccc(Cl)cc1-c1[nH]c(-c2ccnc(N)n2)cc1C(N)=O,,False,False,GJWYRBQDZYWGDV-UHFFFAOYSA-N,6,JAK2_f2b3ea21e5,curated_from_chembl_api,8.522879,ChEMBL,CHEMBL3330129,train,JAK2
IC50,690.0,CHEMBL3239499,Cc1cccc(Nc2sc(-c3cccc(C(F)(F)F)c3)cc2C(N)=O)n1,,False,False,LINDYQCNJFSPNQ-UHFFFAOYSA-N,6,JAK2_a1446e7a88,curated_from_chembl_api,6.161151,ChEMBL,CHEMBL3234876,train,JAK2
IC50,1170.0,CHEMBL1941383,CN(C)C(=O)c1cnc(N)c2cc(-c3ccc(N4CCOCC4)cc3)sc12,,False,False,VBGSAFBRLRCZEW-UHFFFAOYSA-N,6,JAK2_58c426eb98,curated_from_chembl_api,5.931814,ChEMBL,CHEMBL1938648,train,JAK2
IC50,20.0,CHEMBL1116984,COc1cc(-c2cnc3cccc(-c4ccc(CN5CCOCC5)c(F)c4)c3n2)cc(OC)c1OC,,False,False,CSIZOJIMVWNMST-UHFFFAOYSA-N,6,JAK2_e67c843919,curated_from_chembl_api,7.69897,ChEMBL,CHEMBL1088857,train,JAK2
IC50,160.0,CHEMBL1044318,CCCN(CC)C(=O)C1CCN(c2cc(-c3c(N)nn4cccnc34)ncn2)C1,,False,False,PHAZDIDRFRDJGP-UHFFFAOYSA-N,6,JAK2_54bc2cde0b,curated_from_chembl_api,6.79588,ChEMBL,CHEMBL570231,train,JAK2
IC50,770.0,CHEMBL1011746,Cc1cc(-c2ccc(S(=O)(=O)NC(C)(C)C)cc2)cc2c(N)n[nH]c12,,False,False,DKOFSMUNNKPPDR-UHFFFAOYSA-N,6,JAK2_3e73acf8f9,curated_from_chembl_api,6.113509,ChEMBL,CHEMBL482188,train,JAK2
IC50,3.0,CHEMBL1043451,Cc1cc(Nc2nc(N[C@@H](C)c3ccc(F)cn3)cnc2C)n[nH]1,,False,False,OGOUUWVUPLCXQA-JTQLQIEISA-N,6,JAK2_1bae26071f,curated_from_chembl_api,8.522879,ChEMBL,CHEMBL576068,train,JAK2
IC50,5677.0,CHEMBL1613998,Oc1ccc(/C=N/N2CCN(C3c4ccccc4-c4ccccc43)CC2)cc1O,,False,False,GKLQFLINJRNJOX-PCLIKHOPSA-N,6,JAK2_43e3933bb0,curated_from_chembl_api,5.245881,ChEMBL,CHEMBL3196363,train,JAK2
IC50,205.0,CHEMBL2186598,Nc1ccn2ncc(C(=O)Nc3c[nH]nc3-c3cccc(Cl)c3)c2n1,,False,False,HCHBQMYGEZFZQS-UHFFFAOYSA-N,6,JAK2_81f4cf91ce,curated_from_chembl_api,6.688246,ChEMBL,CHEMBL2178255,train,JAK2
IC50,5.0,CHEMBL2383938,Cc1cc(Nc2nc(N[C@@H](C)c3ncc(F)cn3)cc(N3CCOCC3)n2)n[nH]1,,False,False,FSGWUHMHSBTDLW-LBPRGKRZSA-N,6,JAK2_835443b633,curated_from_chembl_api,8.30103,ChEMBL,CHEMBL2381985,train,JAK2
IC50,66.0,CHEMBL3374493,Cc1ccc(Cl)cc1-c1c(C(N)=O)cc(-c2ccnc(N)n2)n1C,,False,False,QMGFZXHYEOADBG-UHFFFAOYSA-N,6,JAK2_cc50037476,curated_from_chembl_api,7.180456,ChEMBL,CHEMBL3330115,train,JAK2
IC50,13.0,CHEMBL1840262,Cn1cc(-c2ccc3[nH]c4c(C(N)=O)cnc(NC5CCCCC5)c4c3c2)cn1,,False,False,MFTABEOJHUIVJY-UHFFFAOYSA-N,6,JAK2_74ba919b0d,curated_from_chembl_api,7.886057,ChEMBL,CHEMBL1835036,train,JAK2
IC50,3.0,CHEMBL2067611,CN1CCN(c2ccc(Nc3nc4c(-c5ccc(S(C)(=O)=O)cc5)cccn4n3)cc2)CC1,,False,False,OJYGBLKQPJSZIR-UHFFFAOYSA-N,6,JAK2_09edf70d78,curated_from_chembl_api,8.522879,ChEMBL,CHEMBL2062805,train,JAK2
IC50,12.0,CHEMBL1107753,CS(=O)(=O)Nc1ccc(-c2ccnc(Nc3cccc(CN4CCC(O)CC4)c3)n2)cc1,,False,False,SVDIZPBCTLXSOH-UHFFFAOYSA-N,6,JAK2_80be2c2b1c,curated_from_chembl_api,7.920819,ChEMBL,CHEMBL1078688,train,JAK2
IC50,10000.0,CHEMBL1805358,CSc1cn2c(-c3cn[nH]c3)cnc2c(Nc2cc(C)ns2)n1,,False,False,FTFDOZLQPLTYBX-UHFFFAOYSA-N,6,JAK2_530b044866,curated_from_chembl_api,5.0,ChEMBL,CHEMBL1270795,train,JAK2
IC50,26.0,CHEMBL2067611,CN1CCN(c2cccc(Nc3nc4c(-c5ccc(F)cc5)cccn4n3)c2)CC1,,False,False,DRBLSGJGTGHHCV-UHFFFAOYSA-N,6,JAK2_85fd848de0,curated_from_chembl_api,7.585027,ChEMBL,CHEMBL2062812,train,JAK2
IC50,13.0,CHEMBL1116984,COc1cc(-c2cnc3cccc(-c4ccc(CC(=O)N5CCOCC5)cc4)c3n2)cc(OC)c1OC,,False,False,MXIOGEZGIZYSII-UHFFFAOYSA-N,6,JAK2_0009cd3e47,curated_from_chembl_api,7.886057,ChEMBL,CHEMBL1093191,train,JAK2
IC50,12.0,CHEMBL1840262,Cn1cc(-c2ccc3c(c2)[nH]c2c(C(N)=O)cnc(N[C@H](C4CCC4)C(F)(F)F)c23)cn1,,False,False,QRTDJXYSBUIPST-LJQANCHMSA-N,6,JAK2_a35ca9dec6,curated_from_chembl_api,7.920819,ChEMBL,CHEMBL1835145,train,JAK2
IC50,0.6,CHEMBL1044318,CC(C)[C@@H](Nc1cc(-c2c(N)nn3cccnc23)ncn1)c1ccc(F)cc1,,False,False,HHUWJVYTBKEMON-GOSISDBHSA-N,6,JAK2_a77381c7fa,curated_from_chembl_api,9.221849,ChEMBL,CHEMBL570217,train,JAK2
IC50,9549.0,CHEMBL1613998,CC(C)(C)/C(O)=C/c1nc2cc(Cl)ccc2oc1=O,,False,False,XJFAWAMVGDBFRS-GHXNOFRVSA-N,6,JAK2_e36d161f74,curated_from_chembl_api,5.020042,ChEMBL,CHEMBL1481601,train,JAK2
IC50,695.0,CHEMBL3374493,Cc1ccccc1-c1[nH]c(-c2ccnc(N)n2)cc1C(N)=O,,False,False,XSQBVAOOZUWVNF-UHFFFAOYSA-N,6,JAK2_045f56a0d8,curated_from_chembl_api,6.158015,ChEMBL,CHEMBL3330100,train,JAK2
IC50,13.0,CHEMBL1840262,NC(=O)c1ccc(NC2CCCCC2)c2c1[nH]c1cc(-c3cn[nH]c3)ccc12,,False,False,QWCQVNIBTYLOHK-UHFFFAOYSA-N,6,JAK2_2e18080ebc,curated_from_chembl_api,7.886057,ChEMBL,CHEMBL1835037,train,JAK2
IC50,230.0,CHEMBL2184201,C1=CCOc2cccc(c2)Nc2nccc(n2)-c2cccc(c2)OCC1,,False,True,WVCWTIZSQNCNBU-UHFFFAOYSA-N,17,JAK2_2d7f8229b0,curated_from_chembl_api,6.638272,ChEMBL,CHEMBL2181316,train,JAK2
IC50,0.8,CHEMBL2329570,CC(C)(C)[C@@H](NC(=O)c1c[nH]c2ncc(C3CC3)nc12)C(=O)N1CC(C#N)C1,,False,False,SIEMFXMJGAMFQR-INIZCTEOSA-N,6,JAK2_1a53985c87,curated_from_chembl_api,9.09691,ChEMBL,CHEMBL2325895,train,JAK2
IC50,250.0,CHEMBL2186598,O=C(Nc1ccncc1-c1cccc(Cl)c1)c1cnn2cccnc12,,False,False,GJJWKAPPVNNWLJ-UHFFFAOYSA-N,6,JAK2_09aa9d2602,curated_from_chembl_api,6.60206,ChEMBL,CHEMBL2178249,train,JAK2
IC50,230.0,CHEMBL1948620,CN1C/C=C/COCc2cccc(c2)Nc2nccc(n2)-c2cccc(c2)C1,,False,True,VNUICWVLRHUNJF-NSCUHMNNSA-N,18,JAK2_48bd1ba00c,curated_from_chembl_api,6.638272,ChEMBL,CHEMBL1944700,train,JAK2
IC50,3699.0,CHEMBL1613998,O=C(Nc1cccc(NC(=O)c2cccs2)c1)c1ccc([N+](=O)[O-])o1,,False,False,DVCOSFGUZDERBQ-UHFFFAOYSA-N,6,JAK2_d2383e7b94,curated_from_chembl_api,5.431916,ChEMBL,CHEMBL1599994,train,JAK2
IC50,1637.0,CHEMBL3118993,Cn1cc(C2=C(Nc3cccc(OCCNc4ccnc(F)c4)c3)C(=O)NC2=O)c2ccccc21,,False,False,XKLMCGLZGMCFOY-UHFFFAOYSA-N,6,JAK2_1bffeba5d4,curated_from_chembl_api,5.785951,ChEMBL,CHEMBL3114775,train,JAK2
IC50,16.0,CHEMBL2378515,COc1ccc2c(-c3cnc4[nH]cc(C(=O)N[C@H](C)C(=O)N5CC(C#N)C5)c4n3)nn(C)c2c1,,False,False,MJJPFIFLAMTXHQ-GFCCVEGCSA-N,6,JAK2_6893d6e910,curated_from_chembl_api,7.79588,ChEMBL,CHEMBL2376149,train,JAK2
IC50,10000.0,CHEMBL2211514,CC(C)(C)NS(=O)(=O)c1cncc(-c2ccn3nc(N)nc3c2)c1,,False,False,IVYWKCAOPCHVMX-UHFFFAOYSA-N,6,JAK2_13ea9ede8c,curated_from_chembl_api,5.0,ChEMBL,CHEMBL2205766,train,JAK2
IC50,1950.0,CHEMBL1011746,Nc1n[nH]c2ccc(-c3ccncc3)cc12,,False,False,UTMCUTMEDJDDJZ-UHFFFAOYSA-N,6,JAK2_5398c0fb90,curated_from_chembl_api,5.709965,ChEMBL,CHEMBL479620,train,JAK2
IC50,1100.0,CHEMBL1840115,O=c1[nH]ccc2c1c1cc(F)ccc1n2-c1ccccc1,,False,False,RHCIMODDPPJZBX-UHFFFAOYSA-N,6,JAK2_e239028038,curated_from_chembl_api,5.958607,ChEMBL,CHEMBL1834949,train,JAK2
IC50,55.0,CHEMBL897052,C[C@H](Nc1nc(-n2cnc3ccncc32)nc2c1cc(C(=O)NS(C)(=O)=O)n2C)c1ccccc1,,False,False,PFVBQDGXJUNELS-AWEZNQCLSA-N,6,JAK2_9ca9771eb4,curated_from_chembl_api,7.259637,ChEMBL,CHEMBL394174,train,JAK2
IC50,100.0,CHEMBL1941383,Nc1ncc(C(=O)NCc2ccccc2)c2sc(-c3ccc(N4CCOCC4)cc3)cc12,,False,False,YRJVKIRTSBKFQV-UHFFFAOYSA-N,6,JAK2_6e51f2408c,curated_from_chembl_api,7.0,ChEMBL,CHEMBL1938646,train,JAK2
IC50,16.0,CHEMBL3377596,CC1(C)CCC[C@H]1Nc1c(C(N)=O)cnn2cccc12,,False,False,OJOPEZPLUQZWLY-GFCCVEGCSA-N,6,JAK2_def8ecbfaa,curated_from_chembl_api,7.79588,ChEMBL,CHEMBL3359908,train,JAK2
IC50,5185.0,CHEMBL1613998,Cc1nc(O)c(C(=O)/C=C/c2ccccc2F)c2c1CCCC2,,False,False,YXZKKQAZJWYKNB-ZHACJKMWSA-N,6,JAK2_0081f277ed,curated_from_chembl_api,5.285251,ChEMBL,CHEMBL1599132,train,JAK2
IC50,19.0,CHEMBL908418,C[C@H](Nc1cc(N2CCN(C)CC2)nc(-n2cnc3ccncc32)n1)c1ccccc1,,False,False,CUUNJFMBWBXEHO-KRWDZBQOSA-N,6,JAK2_3ef5e26b1b,curated_from_chembl_api,7.721246,ChEMBL,CHEMBL375296,train,JAK2
IC50,3000.0,CHEMBL2039260,C=CC(=O)NCc1coc(-c2c(N)ncnc2Nc2ccc(OCc3ccccn3)c(Cl)c2)n1,,False,False,PRTPANUTPYMUDM-UHFFFAOYSA-N,6,JAK2_554d4dcabe,curated_from_chembl_api,5.522879,ChEMBL,CHEMBL2035810,train,JAK2
IC50,41.0,CHEMBL2184201,CN1CCN(c2ccc3cc2COCC=CCOCc2cccc(c2)-c2ccnc(n2)N3)CC1,,False,True,VWXMOLWJXUSYOA-UHFFFAOYSA-N,18,JAK2_5e0d0678dd,curated_from_chembl_api,7.387216,ChEMBL,CHEMBL2181323,train,JAK2
IC50,32.9,CHEMBL2415128,CN1CCN(c2ccc(Nc3nc4cccc(-c5ccc(S(C)(=O)=O)cc5)n4n3)cc2)CC1,,False,False,HMUQEJJWSZHJAA-UHFFFAOYSA-N,6,JAK2_4811c772c8,curated_from_chembl_api,7.482804,ChEMBL,CHEMBL2414547,train,JAK2
IC50,0.2,CHEMBL945937,O=c1[nH]ccc2c3[nH]c(-c4c(F)cccc4Cl)nc3c3ccc(F)cc3c12,,False,False,CMQVWDQTOHJZLK-UHFFFAOYSA-N,6,JAK2_69019d0e87,curated_from_chembl_api,9.69897,ChEMBL,CHEMBL272424,train,JAK2
IC50,688.0,CHEMBL1776838,CC(C)Oc1cc(Nc2nc(N[C@@H](C)c3ccc(F)cc3)c(C#N)cc2F)n[nH]1,,False,False,QRAQXWWNHQMCBH-LBPRGKRZSA-N,6,JAK2_32235f59d7,curated_from_chembl_api,6.162412,ChEMBL,CHEMBL1774054,train,JAK2
IC50,27.0,CHEMBL1941383,CNC(=O)c1cnc(N)c2cc(-c3ccc(C)cc3)sc12,,False,False,YGCHDCFSEVMWGM-UHFFFAOYSA-N,6,JAK2_3bf22d85ab,curated_from_chembl_api,7.568636,ChEMBL,CHEMBL1938650,train,JAK2
IC50,10.0,CHEMBL1272516,Cc1cn2c(-c3cn[nH]c3)cnc2c(Nc2cc([C@@H](C)N3C[C@@H](C)O[C@@H](C)C3)ns2)n1,,False,False,QBWKPGNFQQJGFY-QLFBSQMISA-N,6,JAK2_0e403bb8eb,curated_from_chembl_api,8.0,ChEMBL,CHEMBL1270399,train,JAK2
IC50,56.0,CHEMBL1102456,O=c1[nH]c2cnc(-n3cnc4ccc(Cl)cc43)nc2n1[C@@H]1CCOc2c(F)cccc21,,False,False,FPMUSEUHKXRVCM-MRXNPFEDSA-N,6,JAK2_8085aa66d8,curated_from_chembl_api,7.251812,ChEMBL,CHEMBL1081379,train,JAK2
IC50,650.0,CHEMBL2013787,O=c1[nH]nc2cc(CO)c3ccc(-c4ccc[nH]4)cc3n12,,False,False,FEKDFTQZRBQDGS-UHFFFAOYSA-N,6,JAK2_64fd5f45df,curated_from_chembl_api,6.187087,ChEMBL,CHEMBL2012881,train,JAK2
IC50,25.0,CHEMBL2383938,Cc1cnc(Nc2nc(N[C@@H](C)c3ncc(F)cn3)nc(N3CCOCC3)c2F)s1,,False,False,NOLJFJNOWXBGKG-NSHDSACASA-N,6,JAK2_740dfa4307,curated_from_chembl_api,7.60206,ChEMBL,CHEMBL1080151,train,JAK2
IC50,30000.0,CHEMBL1932879,Cc1ccc(-n2nc(C(C)(C)C)cc2NC(=O)Nc2ccc(OCCN3CCOCC3)c3ccccc23)cc1,,False,False,MVCOAUNKQVWQHZ-UHFFFAOYSA-N,6,JAK2_f8c51b4e32,curated_from_chembl_api,4.522879,ChEMBL,CHEMBL103667,train,JAK2
IC50,34.0,CHEMBL1044318,CCN(Cc1ccccc1)c1cc(-c2c(N)nn3cccnc23)ncn1,,False,False,RDGMEFMTSARPKI-UHFFFAOYSA-N,6,JAK2_705f4d3109,curated_from_chembl_api,7.468521,ChEMBL,CHEMBL584322,train,JAK2
IC50,110.0,CHEMBL1685409,CC(C)n1cnc(Nc2nc(N3CCN(C(=O)Cc4ccccc4)CC3)nn3cccc23)c1,,False,False,JBGHJFSFWWBYMZ-UHFFFAOYSA-N,6,JAK2_53772733cc,curated_from_chembl_api,6.958607,ChEMBL,CHEMBL1682364,train,JAK2
IC50,1500.0,CHEMBL1948620,C1=C/CN(CC2CC2)Cc2cccc(c2)Nc2nccc(n2)-c2cccc(c2)OCC/1,,False,True,OJPZPHHRLPRKHR-OWOJBTEDSA-N,18,JAK2_1b4ffa7121,curated_from_chembl_api,5.823909,ChEMBL,CHEMBL1944871,train,JAK2
IC50,59.0,CHEMBL3374493,Cc1ccc(Cl)cc1-c1[nH]c(-c2ccnc(Nc3ccc(N4CCN(C)CC4)cc3)n2)cc1C(N)=O,,False,False,RZBOHPWHBKCYMV-UHFFFAOYSA-N,6,JAK2_a4a67430fd,curated_from_chembl_api,7.229148,ChEMBL,CHEMBL3330120,train,JAK2
IC50,77.0,CHEMBL2184201,CN(C)CCN(C)c1ccc2cc1COCC=CCOCc1cccc(c1)-c1ccnc(n1)N2,,False,True,MCHYSTQTMONBPK-UHFFFAOYSA-N,18,JAK2_b9ef0dccdb,curated_from_chembl_api,7.113509,ChEMBL,CHEMBL2181327,train,JAK2
IC50,82.0,CHEMBL1948620,CN1C/C=C/CCOc2cccc(c2)-c2ccnc(n2)Nc2ccc(Cl)c(c2)C1,,False,True,VQNXOAVFMIVTAT-NSCUHMNNSA-N,18,JAK2_08437571d3,curated_from_chembl_api,7.086186,ChEMBL,CHEMBL1945051,train,JAK2
IC50,70.0,CHEMBL2378977,CC(NC(=O)c1c[nH]c2ncc(Oc3ccccc3)nc12)C1CC1,,False,False,TUNBOTWJAARGCJ-UHFFFAOYSA-N,6,JAK2_217581626e,curated_from_chembl_api,7.154902,ChEMBL,CHEMBL2376337,train,JAK2
IC50,8333.0,CHEMBL886500,c1ccc(-c2c(-c3ccc(OCCN4CCCC4)cc3)oc3ncnc(NCCN4CCNCC4)c23)cc1,,False,False,DMZTWOCJNVKCBW-UHFFFAOYSA-N,6,JAK2_e9c7a5b465,curated_from_chembl_api,5.079199,ChEMBL,CHEMBL247468,train,JAK2
IC50,170.0,CHEMBL2040119,COCCOc1ccc2cc1CN(C)C/C=C/COCc1ccc(s1)-c1ccnc(n1)N2,,False,True,GBFWZCHKVJJGKE-ONEGZZNKSA-N,18,JAK2_71edeb4185,curated_from_chembl_api,6.769551,ChEMBL,CHEMBL2035182,train,JAK2
IC50,1500.0,CHEMBL3268711,Cn1cc2c(Nc3nc(N[C@@H]4CCOC[C@@H]4N)cc4cc[nH]c(=O)c34)cccc2n1,,False,False,UILXYBOXAAJRAE-WMLDXEAASA-N,6,JAK2_03d1a9b8de,curated_from_chembl_api,5.823909,ChEMBL,CHEMBL3262622,train,JAK2
IC50,0.27,CHEMBL1936085,NC(=O)CN1CCC(c2ccc(Nc3ncc4ccc(-c5cccc(CO)c5)n4n3)cc2)CC1,,False,False,ZHAUVQVDFHILNB-UHFFFAOYSA-N,6,JAK2_0be2eaa185,curated_from_chembl_api,9.568636,ChEMBL,CHEMBL1934341,train,JAK2
IC50,10000.0,CHEMBL3118993,O=C1NC(=O)C(c2c[nH]c3ccccc23)=C1Nc1ccccc1OCCn1ccnc1,,False,False,QLNVMVUPVQLKAN-UHFFFAOYSA-N,6,JAK2_3f16324207,curated_from_chembl_api,5.0,ChEMBL,CHEMBL3114770,train,JAK2
IC50,23.0,CHEMBL1840262,NC(=O)c1cnc(NC2CCCCC2)c2c1[nH]c1cc(-c3ccn[nH]3)ccc12,,False,False,HCVISALGHUEHJA-UHFFFAOYSA-N,6,JAK2_7ca62fbe94,curated_from_chembl_api,7.638272,ChEMBL,CHEMBL1835038,train,JAK2
IC50,1.4,CHEMBL1044318,C[C@@H](Nc1cc(-c2c(N)nn3cccnc23)ncn1)c1ccccc1,,False,False,AKILHWBTOZTDGA-GFCCVEGCSA-N,6,JAK2_10b80be790,curated_from_chembl_api,8.853872,ChEMBL,CHEMBL568816,train,JAK2
IC50,1100.0,CHEMBL2186598,Cc1cc(NC(=O)c2cnn3cccnc23)n(-c2cccc(Cl)c2)n1,,False,False,YLBXBHSEZZNJPX-UHFFFAOYSA-N,6,JAK2_ca39d80886,curated_from_chembl_api,5.958607,ChEMBL,CHEMBL2178806,train,JAK2
IC50,1238.0,CHEMBL3118993,O=C1NC(=O)C(c2c[nH]c3ccccc23)=C1Nc1cccc(OC2CCN(c3ccnc(F)c3)C2)c1,,False,False,ULLVSXLCIMTNQM-UHFFFAOYSA-N,6,JAK2_de6f2c0053,curated_from_chembl_api,5.907279,ChEMBL,CHEMBL3114786,train,JAK2
IC50,270.0,CHEMBL1102456,N#Cc1ccc2ncn(-c3ncc4[nH]c(=O)n(Cc5cccc(F)c5F)c4n3)c2c1,,False,False,QXLMRXPZIZEHMX-UHFFFAOYSA-N,6,JAK2_b9e55f321a,curated_from_chembl_api,6.568636,ChEMBL,CHEMBL1080332,train,JAK2
IC50,33.0,CHEMBL1107753,c1cc(-c2ccc3[nH]ccc3c2)nc(Nc2ccc(N3CCOCC3)cc2)n1,,False,False,DRAMIPAVQGEJMC-UHFFFAOYSA-N,6,JAK2_a02e005f3d,curated_from_chembl_api,7.481486,ChEMBL,CHEMBL1081138,train,JAK2
IC50,3.0,CHEMBL1043451,Cc1cc(Nc2nc(N[C@@H](C)c3ccc(F)cn3)c(C#N)nc2C)n[nH]1,,False,False,FLYNZEXUURBXAW-JTQLQIEISA-N,6,JAK2_293336b5e7,curated_from_chembl_api,8.522879,ChEMBL,CHEMBL578201,train,JAK2
IC50,1.0,CHEMBL1291235,CC(C)[C@@H](Nc1nc2cc[nH]c(=O)c2c2cc(F)ccc12)C(F)(F)F,,False,False,SDYVZQPJOBQDEW-CQSZACIVSA-N,6,JAK2_21004599ab,curated_from_chembl_api,9.0,ChEMBL,CHEMBL1289097,train,JAK2
IC50,25000.0,CHEMBL2032473,COc1ccc2c(Oc3ccc(NC(=O)c4c(C)n(CC(C)(C)O)n(-c5ccccc5)c4=O)nc3)ccnc2c1,,False,False,GLBZSOQDAOLMGC-UHFFFAOYSA-N,6,JAK2_d6f0557177,curated_from_chembl_api,4.60206,ChEMBL,CHEMBL460472,train,JAK2
IC50,1.0,CHEMBL3131376,O=c1[nH]ccc2c(Nc3c(Cl)cc(-c4ccn[nH]4)cc3Cl)nc3ccncc3c12,,False,False,VINIUFYOSWAWBQ-UHFFFAOYSA-N,6,JAK2_b5896fea79,curated_from_chembl_api,9.0,ChEMBL,CHEMBL3126348,train,JAK2
IC50,1666.0,CHEMBL1613998,O=C(/C(=N/N=C/c1ccc(O)c(O)c1)c1ccccc1)c1ccccc1,,False,False,PTPHBFWUIVDPAV-DAEAJKMYSA-N,6,JAK2_05f74b5037,curated_from_chembl_api,5.778325,ChEMBL,CHEMBL3193428,train,JAK2
IC50,10000.0,CHEMBL1073305,NCCn1cc(-c2cc(-c3cc4ccccc4s3)c3[nH]ncc3c2)c2nc(N)ncc21,,False,False,JPOSFPUHBHRUAX-UHFFFAOYSA-N,6,JAK2_d0c920f8f8,curated_from_chembl_api,5.0,ChEMBL,CHEMBL590109,train,JAK2
IC50,163.0,CHEMBL1107753,N#CCNC(=O)c1ccc(-c2ccnc(Nc3ccc(CN4CCOCC4)cc3)n2)cc1,,False,False,ZGWDWXIWRGKYHA-UHFFFAOYSA-N,6,JAK2_74828577f1,curated_from_chembl_api,6.787812,ChEMBL,CHEMBL1078721,train,JAK2
IC50,4.2,CHEMBL2378515,CC[C@@H](NC(=O)c1c[nH]c2ncc(-c3nn(C)c4cc(Cl)ccc34)nc12)C(=O)N1CC(C#N)C1,,False,False,CKJIHNYDJSGBTB-MRXNPFEDSA-N,6,JAK2_1ba3bb3de3,curated_from_chembl_api,8.376751,ChEMBL,CHEMBL2376153,train,JAK2
IC50,5308.0,CHEMBL1613998,O=S(=O)(c1cnc(Cl)c(Br)c1)N1CCc2ccccc21,,False,False,IHCZZRFPMAHSIS-UHFFFAOYSA-N,6,JAK2_7129b581e3,curated_from_chembl_api,5.275069,ChEMBL,CHEMBL1307636,train,JAK2
IC50,47.0,CHEMBL2067611,CS(=O)(=O)c1ccc(-c2cccn3nc(N)nc23)cc1,,False,False,WDNUVLHOFJIDRO-UHFFFAOYSA-N,6,JAK2_62383467ec,curated_from_chembl_api,7.327902,ChEMBL,CHEMBL2062792,train,JAK2
IC50,8.9,CHEMBL1936085,NC(=O)CN1CCC(c2ccc(Nc3ncc4ccc(-c5cnccn5)n4n3)cc2)CC1,,False,False,CRNDZINQKKIWHU-UHFFFAOYSA-N,6,JAK2_c5435d61dd,curated_from_chembl_api,8.05061,ChEMBL,CHEMBL1934347,train,JAK2
IC50,22.0,CHEMBL1685409,CC1(c2cc(Nc3nc(N4CCN(C(=O)Cc5ccccc5)CC4)nn4cccc34)n[nH]2)CC1,,False,False,OTQMUWZYUOZEJQ-UHFFFAOYSA-N,6,JAK2_bdd65b23cd,curated_from_chembl_api,7.657577,ChEMBL,CHEMBL1682366,train,JAK2
IC50,3741.0,CHEMBL1613998,CC(C)(C)OC(=O)N[C@@H](Cc1ccccc1)c1nnc(S(=O)(=O)Cc2cccc(F)c2)o1,,False,False,VCSNQZGUMMNBJW-SFHVURJKSA-N,6,JAK2_68a5f26e29,curated_from_chembl_api,5.427012,ChEMBL,CHEMBL1549175,train,JAK2
IC50,89.8,CHEMBL2186598,Cn1cc(NC(=O)c2cnn3cccnc23)c(-c2cccc(Cl)c2)n1,,False,False,QOQWGXFCUOWNQI-UHFFFAOYSA-N,6,JAK2_b64ffa805a,curated_from_chembl_api,7.046724,ChEMBL,CHEMBL2178252,train,JAK2
IC50,467.0,CHEMBL1107753,c1ccc(-c2ccnc(Nc3ccc(N4CCOCC4)cc3)n2)cc1,,False,False,XCBVVBMORUYAJM-UHFFFAOYSA-N,6,JAK2_0a1f55b83a,curated_from_chembl_api,6.330683,ChEMBL,CHEMBL1080394,train,JAK2
IC50,2966.0,CHEMBL1613998,Cc1oc2c(O)c(O)ccc2c(=O)c1-c1cnn(-c2ccccc2)c1,,False,False,ZVWHFHQBQHDONN-UHFFFAOYSA-N,6,JAK2_208a9ca923,curated_from_chembl_api,5.527829,ChEMBL,CHEMBL1560296,train,JAK2
IC50,21.0,CHEMBL897052,C[C@H](Nc1nc(-n2cnc3ccncc32)nc2c1cc(C(=O)N1CCOCC1)n2C)c1ccccc1,,False,False,MTKCYOINNNUGKU-KRWDZBQOSA-N,6,JAK2_321a0f12a6,curated_from_chembl_api,7.677781,ChEMBL,CHEMBL391096,train,JAK2
IC50,3.0,CHEMBL1840262,CC(C)C(Nc1ncc(C(N)=O)c2[nH]c3cc(-c4cnn(C)c4)ccc3c12)C1CC1,,False,False,IJGITWYHJMNRMO-UHFFFAOYSA-N,6,JAK2_bc0710184a,curated_from_chembl_api,8.522879,ChEMBL,CHEMBL1835140,train,JAK2
IC50,38.0,CHEMBL2378515,C[C@@H](NC(=O)c1c[nH]c2ncc(-c3nn(C)c4cc(C#N)ccc34)nc12)C(=O)N1CC(C#N)C1,,False,False,PVVVYOIGLMKRJI-GFCCVEGCSA-N,6,JAK2_e2afa78ffd,curated_from_chembl_api,7.420216,ChEMBL,CHEMBL2376148,train,JAK2
IC50,11.0,CHEMBL1044318,Nc1nn2cccnc2c1-c1cc(N[C@@H]2CCc3ccccc32)ncn1,,False,False,XILUZFJBSJGJSN-CQSZACIVSA-N,6,JAK2_52e2aaf803,curated_from_chembl_api,7.958607,ChEMBL,CHEMBL570229,train,JAK2
IC50,90.0,CHEMBL2327345,c1cc2c(ncc3nnc(C4CCCCC4)n32)[nH]1,,False,False,ZVJRUPARGURZPI-UHFFFAOYSA-N,6,JAK2_9744adf6ff,curated_from_chembl_api,7.045757,ChEMBL,CHEMBL2322141,train,JAK2
IC50,186.0,CHEMBL1107753,COc1cnc(Nc2ccc(N3CCOCC3)cc2)nc1-c1ccc(C(=O)NCC#N)cc1,,False,False,PQAPIAXNANSJSC-UHFFFAOYSA-N,6,JAK2_2d99fb5dc8,curated_from_chembl_api,6.730487,ChEMBL,CHEMBL1079120,train,JAK2
IC50,2.0,CHEMBL3131376,O=c1[nH]ccc2c(Nc3c(Cl)cncc3Cl)nc3ccncc3c12,,False,False,VQNQLGQGLJSCSM-UHFFFAOYSA-N,6,JAK2_e8465d9792,curated_from_chembl_api,8.69897,ChEMBL,CHEMBL3126342,train,JAK2
IC50,440.0,CHEMBL1102770,COc1cc(Nc2nc3cccc(-c4cccc(Cl)c4)c3o2)cc(OC)c1OC,,False,False,FZAGFNHIURVENH-UHFFFAOYSA-N,6,JAK2_383c6d94d7,curated_from_chembl_api,6.356547,ChEMBL,CHEMBL1081291,train,JAK2
IC50,3.0,CHEMBL1043451,Cc1cc(Nc2cnc(C#N)c(N[C@@H](C)c3ccc(F)cn3)n2)n[nH]1,,False,False,KJMALBRUCRDMTE-JTQLQIEISA-N,6,JAK2_c57d118ac8,curated_from_chembl_api,8.522879,ChEMBL,CHEMBL576257,train,JAK2
IC50,83.0,CHEMBL1107753,NS(=O)(=O)c1ccc(-c2ccnc(Nc3ccc(N4CCOCC4)cc3)n2)cc1,,False,False,QYSKUOOJFFFYCZ-UHFFFAOYSA-N,6,JAK2_7bb684659d,curated_from_chembl_api,7.080922,ChEMBL,CHEMBL1080954,train,JAK2
IC50,19.0,CHEMBL1840262,NC(=O)c1cnc(NC2CCCCCC2)c2c1[nH]c1ccc(F)cc12,,False,False,ARZNBXLYUCJLRP-UHFFFAOYSA-N,7,JAK2_2c78302646,curated_from_chembl_api,7.721246,ChEMBL,CHEMBL1835025,train,JAK2
IC50,1746.0,CHEMBL887085,CNc1ncnc(-c2cccnc2Oc2cc(NC(=O)c3cccc(OC(F)(F)C(F)F)c3)ccc2C)n1,,False,False,GHRNBCMJJKMYNR-UHFFFAOYSA-N,6,JAK2_1462d0e6eb,curated_from_chembl_api,5.757956,ChEMBL,CHEMBL246356,train,JAK2
IC50,4100.0,CHEMBL1291235,O=c1[nH]ccc2nc(Nc3cccc(F)c3)c3ccc(F)cc3c12,,False,False,VCIYSSWETBFVSU-UHFFFAOYSA-N,6,JAK2_37af99755c,curated_from_chembl_api,5.387216,ChEMBL,CHEMBL1290650,train,JAK2
IC50,10000.0,CHEMBL1016953,COc1cc2ncnc(Nc3ccc(O)cc3)c2cc1OC,,False,False,HOZUXBLMYUPGPZ-UHFFFAOYSA-N,6,JAK2_fd4db09bf8,curated_from_chembl_api,5.0,ChEMBL,CHEMBL405130,train,JAK2
IC50,10000.0,CHEMBL3118993,O=C1C=C(Nc2cccc(OCCNc3ccnc(F)c3)c2)C(=O)N1,,False,False,IWUZBOXHKMMRPD-UHFFFAOYSA-N,6,JAK2_f21434d369,curated_from_chembl_api,5.0,ChEMBL,CHEMBL3114782,train,JAK2
IC50,108.0,CHEMBL1043451,Cc1cc(Nc2nc(O[C@H](C)c3ccc(F)cn3)c(C#N)nc2C)n[nH]1,,False,False,NUUZIPNBPALDNV-LLVKDONJSA-N,6,JAK2_23b1e4cf36,curated_from_chembl_api,6.966576,ChEMBL,CHEMBL571526,train,JAK2
IC50,10000.0,CHEMBL3118993,O=C1NC(=O)C(c2c[nH]c3ccccc23)=C1Nc1ccc(OCCn2ccnc2)cc1,,False,False,GGZLVOAXOXQJIG-UHFFFAOYSA-N,6,JAK2_4b77f09040,curated_from_chembl_api,5.0,ChEMBL,CHEMBL3114768,train,JAK2
IC50,345.4,CHEMBL2329570,C[C@@H](NC(=O)c1c[nH]c2ncc(C3CC3)nc12)C(=O)N1CCC1,,False,False,QDCKKDJBUXQBNC-SECBINFHSA-N,6,JAK2_86f77269d9,curated_from_chembl_api,6.461678,ChEMBL,CHEMBL2325911,train,JAK2
IC50,1.0,CHEMBL3224485,CS(=O)(=O)O.O=C(NCc1cccc(O)c1)Nc1nc(-c2ccncc2)cs1,,False,False,UJYHOKCIZXHJLJ-UHFFFAOYSA-N,6,JAK2_9e9e65d6c2,curated_from_chembl_api,9.0,ChEMBL,CHEMBL3218297,train,JAK2
IC50,231.2,CHEMBL2329570,C[C@@H](NC(=O)c1c[nH]c2ncc(C3CC3)nc12)C(=O)N(C)C,,False,False,UCYRVSPHWUSSEB-MRVPVSSYSA-N,6,JAK2_c081816cf4,curated_from_chembl_api,6.636012,ChEMBL,CHEMBL2325908,train,JAK2
IC50,15840.0,CHEMBL1613998,O=S(=O)(c1cnc(Cl)c(Cl)c1)N1CCc2ccccc21,,False,False,WDCHVRWSRQPXRU-UHFFFAOYSA-N,6,JAK2_094eeb5506,curated_from_chembl_api,4.800245,ChEMBL,CHEMBL1416895,train,JAK2
IC50,60.0,CHEMBL2184201,C1=CCOCc2cc(ccc2N2CCOCC2)Nc2nccc(n2)-c2cccc(c2)COC1,,False,True,WMUXXPHPNKQBBA-UHFFFAOYSA-N,18,JAK2_f5336c0fa9,curated_from_chembl_api,7.221849,ChEMBL,CHEMBL2181321,train,JAK2
IC50,6.8,CHEMBL1116984,CN1CCN(c2ccc(-c3cnc4cccc(-c5cc(F)c(CN6CCS(=O)(=O)CC6)c(F)c5)c4n3)cn2)CC1,,False,False,JVJAREODIMVDGM-UHFFFAOYSA-N,6,JAK2_52b2cf11d9,curated_from_chembl_api,8.167491,ChEMBL,CHEMBL1092925,train,JAK2
IC50,130.0,CHEMBL3377596,CC1(C)[C@@H](N)CC[C@H]1Nc1c(C(N)=O)cnn2cccc12,,False,False,WJOHFIWALCWIHK-NWDGAFQWSA-N,6,JAK2_3cfef51f91,curated_from_chembl_api,6.886057,ChEMBL,CHEMBL3359919,train,JAK2
IC50,0.9,CHEMBL1926252,C[C@H](O)CN1CCC(c2ccc(Nc3ncc4ccc(-c5ccccc5N(C)S(C)(=O)=O)n4n3)cc2)CC1,,False,False,QSAUPKPUCQZYSW-FQEVSTJZSA-N,6,JAK2_33518fcb72,curated_from_chembl_api,9.045757,ChEMBL,CHEMBL1923592,train,JAK2
IC50,8174.0,CHEMBL1613998,CCCn1c(CN(C)Cc2ccccc2)nc2c1c(=O)n(C)c(=O)n2C,,False,False,YXUWZBOASXLGTC-UHFFFAOYSA-N,6,JAK2_29bddf2015,curated_from_chembl_api,5.087565,ChEMBL,CHEMBL1443757,train,JAK2
IC50,10000.0,CHEMBL1292866,CCOC(=O)c1cccc(Nc2nc(N)n(C(=O)c3ccccc3F)n2)c1,,False,False,XUADBUYNWROMGU-UHFFFAOYSA-N,6,JAK2_6cc1e32c2e,curated_from_chembl_api,5.0,ChEMBL,CHEMBL1288062,train,JAK2
IC50,50000.0,CHEMBL704112,COc1cc2ncc(N[C@H]3CC[C@H](O)CC3)nc2cc1OC,,False,False,CYVRFHRDWQAJGA-XYPYZODXSA-N,6,JAK2_b7b977e332,curated_from_chembl_api,4.30103,ChEMBL,CHEMBL104466,train,JAK2
IC50,3.6,CHEMBL1044318,CCCN(CC)C(=O)C1CCCN(c2cc(-c3c(N)nn4cccnc34)ncn2)C1,,False,False,XPHKWIAETGQLDW-UHFFFAOYSA-N,6,JAK2_b97262126f,curated_from_chembl_api,8.443697,ChEMBL,CHEMBL569757,train,JAK2
IC50,6.0,CHEMBL2383938,Cc1cc(Nc2nc(N[C@@H](C)c3ccc(F)cn3)c(F)c(N3CCOCC3)n2)n[nH]1,,False,False,GRFHCJSWTCLQRZ-LBPRGKRZSA-N,6,JAK2_7749fd2b4f,curated_from_chembl_api,8.221849,ChEMBL,CHEMBL2381981,train,JAK2
IC50,9.8,CHEMBL2186603,Cc1ccc(Cl)cc1-c1nn(C)cc1NC(=O)c1cnn2ccc(N)nc12,,False,False,YWMBSOPSEUFEGU-UHFFFAOYSA-N,6,JAK2_31b4961f61,curated_from_chembl_api,8.008774,ChEMBL,CHEMBL2178805,train,JAK2
IC50,77.0,CHEMBL908418,C[C@H](Nc1cc(-c2cnn(C)c2)nc(-n2cnc3ccncc32)n1)c1ccccc1,,False,False,MRSNJDJDIJAPCO-HNNXBMFYSA-N,6,JAK2_dea7048134,curated_from_chembl_api,7.113509,ChEMBL,CHEMBL221376,train,JAK2
IC50,1.1,CHEMBL2378515,Cn1nc(-c2cnc3[nH]cc(C(=O)N[C@@H](C(=O)N4CC(C#N)C4)C4CC4)c3n2)c2ccc(Cl)cc21,,False,False,FTIQSPABOXACSR-LJQANCHMSA-N,6,JAK2_70edd2cf07,curated_from_chembl_api,8.958607,ChEMBL,CHEMBL2376154,train,JAK2
IC50,10450.0,CHEMBL1613998,O=CO.c1ccc2c(c1)CSc1sccc1C2=C1CCNCC1,,False,False,RLCJVPSOCDTFAZ-UHFFFAOYSA-N,7,JAK2_95d4098df3,curated_from_chembl_api,4.980884,ChEMBL,CHEMBL1539757,train,JAK2
IC50,12.8,CHEMBL2214787,CC(=O)Nc1ccc(-c2ccnc(Nc3ccccc3)n2)cc1,,False,False,AOJLLAFITFFUGQ-UHFFFAOYSA-N,6,JAK2_1f9173a0e5,curated_from_chembl_api,7.89279,ChEMBL,CHEMBL2208023,train,JAK2
IC50,2874.0,CHEMBL2067611,COc1ccc(-c2cccn3nc(N)nc23)cn1,,False,False,ZAKFPSAFWOHCKF-UHFFFAOYSA-N,6,JAK2_4b47cf7d5d,curated_from_chembl_api,5.541513,ChEMBL,CHEMBL2062789,train,JAK2
IC50,100.0,CHEMBL1948620,CCS(=O)(=O)c1ccc2cc1CN(C)C/C=C/CCOc1cccc(c1)-c1ccnc(n1)N2,,False,True,BUVPYHQHZUQYBS-SNAWJCMRSA-N,18,JAK2_64908a7579,curated_from_chembl_api,7.0,ChEMBL,CHEMBL1945566,train,JAK2
IC50,1000.0,CHEMBL1038361,CNc1ccn(-c2ccccc2)c(=O)c1C(=O)Nc1ccc(Oc2ccnc3cc(OC)c(OC)cc23)cn1,,False,False,DSTDNBAORRODRL-UHFFFAOYSA-N,6,JAK2_aa0200c611,curated_from_chembl_api,6.0,ChEMBL,CHEMBL585927,train,JAK2
IC50,14.0,CHEMBL1102770,COc1cc(Nc2nc3cccc(-c4ccc(CN5CCOCC5)cc4)c3o2)cc(OC)c1OC,,False,False,OTGRWCKXTPMAJC-UHFFFAOYSA-N,6,JAK2_f17eb9053f,curated_from_chembl_api,7.853872,ChEMBL,CHEMBL1081485,train,JAK2
IC50,2.0,CHEMBL3374493,CCc1ccc(C(F)(F)F)cc1-c1[nH]c(-c2ccnc(N)n2)cc1C(N)=O,,False,False,DBTPIYXNTFESLE-UHFFFAOYSA-N,6,JAK2_e984d68b65,curated_from_chembl_api,8.69897,ChEMBL,CHEMBL3330130,train,JAK2
IC50,210.0,CHEMBL1044318,Nc1nn2cccnc2c1-c1cc(N2CCOCC2)ncn1,,False,False,QZKDVPFPVWQJIY-UHFFFAOYSA-N,6,JAK2_90220289eb,curated_from_chembl_api,6.677781,ChEMBL,CHEMBL576486,train,JAK2
IC50,9.3,CHEMBL1685409,Cc1cc(Nc2nc(N3CCN(C(=O)N(C)C)CC3)nn3cccc23)n[nH]1,,False,False,PCXPNJOIYHRNLS-UHFFFAOYSA-N,6,JAK2_259a9f277d,curated_from_chembl_api,8.031517,ChEMBL,CHEMBL1682370,train,JAK2
IC50,8352.0,CHEMBL1613998,O=C(CCl)NCc1cc(-c2ccc(Cl)cc2)no1,,False,False,UQMGWSHJWYKFGS-UHFFFAOYSA-N,6,JAK2_e657a98017,curated_from_chembl_api,5.07821,ChEMBL,CHEMBL1472103,train,JAK2
IC50,2506.0,CHEMBL1613998,O=C(CCl)N(C/C=C/c1ccccc1)c1ccc2c(c1)OCCO2,,False,False,WCNGHJWXHCWDNG-QPJJXVBHSA-N,6,JAK2_975f88f891,curated_from_chembl_api,5.601019,ChEMBL,CHEMBL1423501,train,JAK2
IC50,4613.0,CHEMBL1613998,Nc1nc(N)c2nc(-c3ccccc3)c(N)nc2n1,,False,False,FNYLWPVRPXGIIP-UHFFFAOYSA-N,6,JAK2_bcb1599df7,curated_from_chembl_api,5.336017,ChEMBL,CHEMBL585,train,JAK2
IC50,68.0,CHEMBL908418,CN1CCN(c2cc(Oc3c(F)cccc3F)nc(-n3cnc4ccncc43)n2)CC1,,False,False,JQKAAJXARPCPBU-UHFFFAOYSA-N,6,JAK2_5d9eb4f9ea,curated_from_chembl_api,7.167491,ChEMBL,CHEMBL385114,train,JAK2
IC50,320.0,CHEMBL1102456,O=c1[nH]c2cnc(-n3cnc4ccc(F)cc43)nc2n1Cc1c(F)cccc1F,,False,False,PLBIOPHLHUUMDK-UHFFFAOYSA-N,6,JAK2_de12304eb6,curated_from_chembl_api,6.49485,ChEMBL,CHEMBL1080333,train,JAK2
IC50,39.0,CHEMBL2378977,CC(=O)N[C@@H]1CCc2ccc(Oc3cnc4[nH]cc(C(=O)N[C@@H](C(=O)N5CC(C#N)C5)C5CC5)c4n3)cc21,,False,False,KGNIKVYPAXDZAZ-FYYLOGMGSA-N,6,JAK2_58babf3cf4,curated_from_chembl_api,7.408935,ChEMBL,CHEMBL2376439,train,JAK2
IC50,34.0,CHEMBL3239499,NC(=O)c1cc(-c2ccccc2F)sc1Nc1cccc(CN2CCOCC2)n1,,False,False,VWZIWKHACUENGU-UHFFFAOYSA-N,6,JAK2_e4d13b4bbb,curated_from_chembl_api,7.468521,ChEMBL,CHEMBL3234874,train,JAK2
IC50,1.0,CHEMBL3131376,O=c1[nH]ccc2c(Nc3c(Cl)cc(C(F)(F)F)cc3Cl)nc3ccncc3c12,,False,False,XDVPPCRXMKACCE-UHFFFAOYSA-N,6,JAK2_809c0ece50,curated_from_chembl_api,9.0,ChEMBL,CHEMBL3126344,train,JAK2
IC50,13000.0,CHEMBL1959335,COc1ccc(COc2ccc(Cc3cnc(N)nc3N)cc2OC)cc1,,False,False,MYQAUKPBNJWPIE-UHFFFAOYSA-N,6,JAK2_70fe545409,curated_from_chembl_api,4.886057,ChEMBL,CHEMBL261849,train,JAK2
IC50,3.0,CHEMBL3118240,CC(Nc1nc(Nc2cn(C)cn2)c2[nH]ccc2n1)c1ncc(F)cn1,,False,False,OUALHPDZWRDTBH-UHFFFAOYSA-N,6,JAK2_763cf817fa,curated_from_chembl_api,8.522879,ChEMBL,CHEMBL3116055,train,JAK2
IC50,0.9,CHEMBL3131376,O=c1[nH]ccc2c(Nc3c(F)cc(F)cc3Cl)nc3ccncc3c12,,False,False,LCXFJNAPNKZSFF-UHFFFAOYSA-N,6,JAK2_471915c039,curated_from_chembl_api,9.045757,ChEMBL,CHEMBL3126352,train,JAK2
IC50,50.0,CHEMBL1948620,CN1C/C=C/CCOc2cccc(c2)-c2ccnc(n2)Nc2cc(cc(NC(=O)C(F)(F)F)c2)C1,,False,True,MYMHNTVTLZQVKZ-NSCUHMNNSA-N,18,JAK2_87f82fe33f,curated_from_chembl_api,7.30103,ChEMBL,CHEMBL1946005,train,JAK2
IC50,220.0,CHEMBL2184201,ClCCOc1ccc2cc1COCC=CCOCc1cccc(c1)-c1ccnc(n1)N2,,False,True,XTRLHFSOKPUNCR-UHFFFAOYSA-N,18,JAK2_16664f4335,curated_from_chembl_api,6.657577,ChEMBL,CHEMBL2181328,train,JAK2
IC50,63.0,CHEMBL2040119,C1=C/Cn2ccc3ccc(cc32)-c2ccnc(n2)Nc2ccc(OCCN3CCCC3)c(c2)COC/1,,False,True,OEOVBBKVSXNPSX-ONEGZZNKSA-N,17,JAK2_01d8a80836,curated_from_chembl_api,7.200659,ChEMBL,CHEMBL2035049,train,JAK2
IC50,161.0,CHEMBL3239499,NC(=O)c1cc(-c2ccccc2)sc1Nc1ccc(F)cn1,,False,False,UHRZCQNOYZSYSW-UHFFFAOYSA-N,6,JAK2_427939efd5,curated_from_chembl_api,6.793174,ChEMBL,CHEMBL3234887,train,JAK2
IC50,22.4,CHEMBL2329570,CC(NC(=O)c1c[nH]c2ncc(C3CC3)nc12)C1CC1,,False,False,MGBQLTSHRNLWDQ-UHFFFAOYSA-N,6,JAK2_bb684b6aa3,curated_from_chembl_api,7.649752,ChEMBL,CHEMBL2325900,train,JAK2
IC50,3.0,CHEMBL1776838,Cc1cc(Nc2nc(N[C@@H](C)c3ccc(F)cc3)c(C#N)cc2F)n[nH]1,,False,False,SUNXHXDJOIXABJ-NSHDSACASA-N,6,JAK2_9ff6ebb055,curated_from_chembl_api,8.522879,ChEMBL,CHEMBL1774055,train,JAK2
IC50,27.0,CHEMBL3118240,C[C@H](Nc1nc(Nc2cn(C)cn2)c2ccn(C)c2n1)c1ncc(F)cn1,,False,False,IGCWHAZMGYJLQW-JTQLQIEISA-N,6,JAK2_f7d9533ff3,curated_from_chembl_api,7.568636,ChEMBL,CHEMBL3116051,train,JAK2
IC50,116.0,CHEMBL1107753,N#CCNC(=O)c1ccc(-c2ccnc(Nc3ccc(N4CCOCC4)c(F)c3)n2)cc1,,False,False,HSQKKTMYEWBKDJ-UHFFFAOYSA-N,6,JAK2_fbbcd63fe7,curated_from_chembl_api,6.935542,ChEMBL,CHEMBL1078228,train,JAK2
IC50,12.5,CHEMBL1116984,Cc1cc(-c2cnc3cccc(-c4ccc(CN5CCOCC5)c(F)c4)c3n2)ccc1C(=O)N1CCOCC1,,False,False,PDNNOFTUQUSMHH-UHFFFAOYSA-N,6,JAK2_88aea7d062,curated_from_chembl_api,7.90309,ChEMBL,CHEMBL1092840,train,JAK2
IC50,1.2,CHEMBL1926252,CN1CCN(c2ccc(Nc3ncc4ccc(-c5cccc(S(=O)(=O)NC(C)(C)C)c5)n4n3)cc2Cl)CC1,,False,False,DWAWSDBNWWEXEB-UHFFFAOYSA-N,6,JAK2_14588c086c,curated_from_chembl_api,8.920819,ChEMBL,CHEMBL1923587,train,JAK2
IC50,194.0,CHEMBL2378977,CC(=O)N[C@@H]1CCc2ccc(Oc3cnc4[nH]cc(C(=O)N[C@H](C)C5CC5)c4n3)cc21,,False,False,ZLMYXZMBDPHCEG-CWTRNNRKSA-N,6,JAK2_4d4ffae9ce,curated_from_chembl_api,6.712198,ChEMBL,CHEMBL2376437,train,JAK2
IC50,3.0,CHEMBL1043451,Cc1cc(Nc2cnc(C#N)c(NC(C)c3ccc(F)cn3)n2)n[nH]1,,False,False,KJMALBRUCRDMTE-UHFFFAOYSA-N,6,JAK2_35d5ec9f03,curated_from_chembl_api,8.522879,ChEMBL,CHEMBL568788,train,JAK2
IC50,30.4,CHEMBL2186598,Cn1cc(NC(=O)c2cnn3ccc(N)nc23)c(-c2cccc(Cl)c2)n1,,False,False,TTWJUJRTJUODCG-UHFFFAOYSA-N,6,JAK2_2001e52f1c,curated_from_chembl_api,7.517126,ChEMBL,CHEMBL2178254,train,JAK2
IC50,176.0,CHEMBL2186598,Cc1nc(-c2cccc(Cl)c2)c(NC(=O)c2cnn3ccc(N)nc23)s1,,False,False,NPRMPQSNJGVJOQ-UHFFFAOYSA-N,6,JAK2_e36804ea19,curated_from_chembl_api,6.754487,ChEMBL,CHEMBL2178258,train,JAK2
IC50,40000.0,CHEMBL1036442,Cc1cc(Cl)c2c(n1)N(CCc1ccccc1)CCc1c-2[nH]c2ccccc12,,False,False,FKSBROWWHIJTKO-UHFFFAOYSA-N,7,JAK2_5c2f9b1689,curated_from_chembl_api,4.39794,ChEMBL,CHEMBL563080,train,JAK2
IC50,1.0,CHEMBL1291235,CC(C)[C@@H](Nc1nc2cc[nH]c(=O)c2c2cnccc12)C(F)(F)F,,False,False,DBPPYNQBKGUMSZ-CYBMUJFWSA-N,6,JAK2_9befca631f,curated_from_chembl_api,9.0,ChEMBL,CHEMBL1289218,train,JAK2
IC50,290.0,CHEMBL2040119,C1=C/COCc2cc(ccc2OCCN2CCCC2)Nc2nccc(n2)-c2cncc(c2)COC/1,,False,True,UDJDOFKOOAFZRH-ONEGZZNKSA-N,18,JAK2_9ed0e79538,curated_from_chembl_api,6.537602,ChEMBL,CHEMBL2035051,train,JAK2
IC50,5.0,CHEMBL1102770,Cc1cc(Nc2nc3cccc(-c4cc(F)c(CN5CCOCC5)c(F)c4)c3o2)ccc1C(=O)N(C)C,,False,False,MBBPTMKXDHVDSS-UHFFFAOYSA-N,6,JAK2_4c33092d30,curated_from_chembl_api,8.30103,ChEMBL,CHEMBL1080159,train,JAK2
IC50,69.0,CHEMBL1107753,N#CCNC(=O)c1ccc(-c2ccnc(Nc3ccc(N4CCSCC4)cc3)n2)cc1,,False,False,PULGHSXSJBTNHW-UHFFFAOYSA-N,6,JAK2_49f97fbd06,curated_from_chembl_api,7.161151,ChEMBL,CHEMBL1077841,train,JAK2
IC50,3.0,CHEMBL2383938,Cc1cc(Nc2nc(N[C@@H](C)c3ncc(F)cc3F)c(F)c(N3CCOCC3)n2)n[nH]1,,False,False,DDRVJAFCXMDEJM-NSHDSACASA-N,6,JAK2_fc4de259e2,curated_from_chembl_api,8.522879,ChEMBL,CHEMBL2381983,train,JAK2
IC50,545.0,CHEMBL1107753,N#CCNC(=O)c1cccc(-c2ccnc(Nc3ccc(N4CCOCC4)cc3)n2)c1,,False,False,DKSMHPPLVBSAQL-UHFFFAOYSA-N,6,JAK2_55cf14f4f0,curated_from_chembl_api,6.263603,ChEMBL,CHEMBL1078159,train,JAK2
IC50,4.4,CHEMBL2214787,CC(=O)Nc1ccc(-c2nc(Nc3ccc(N4CCOCC4)cc3)ncc2F)cc1,,False,False,VUPNNRWKHABLJG-UHFFFAOYSA-N,6,JAK2_5c84f7cc1c,curated_from_chembl_api,8.356547,ChEMBL,CHEMBL2208027,train,JAK2
IC50,18.0,CHEMBL1840262,NC(=O)c1cnc(NC2CCOCC2)c2c1[nH]c1ccc(F)cc12,,False,False,IEMSSHYKEDNTPV-UHFFFAOYSA-N,6,JAK2_eb8aa12232,curated_from_chembl_api,7.744727,ChEMBL,CHEMBL1835026,train,JAK2
IC50,0.5,CHEMBL3131376,CC(C)(O)c1cc(Cl)c(Nc2nc3ccncc3c3c(=O)[nH]ccc23)c(Cl)c1,,False,False,GQLLFQLMJSBBNK-UHFFFAOYSA-N,6,JAK2_b21735112e,curated_from_chembl_api,9.30103,ChEMBL,CHEMBL3126347,train,JAK2
IC50,1.0,CHEMBL1926252,C[C@H](O)CN1CCN(c2ccc(Nc3ncc4ccc(-c5ccccc5N(C)S(C)(=O)=O)n4n3)cc2F)CC1,,False,False,SZRIHXIBDWPIKZ-IBGZPJMESA-N,6,JAK2_2208c21560,curated_from_chembl_api,9.0,ChEMBL,CHEMBL1923578,train,JAK2
IC50,23.1,CHEMBL2329570,C[C@@H](NC(=O)c1c[nH]c2ncc(C3CC3)nc12)C(=O)N1CCC(C#N)C1,,False,False,CAQNSLRCRMSKBV-NFJWQWPMSA-N,6,JAK2_9521b9272b,curated_from_chembl_api,7.636388,ChEMBL,CHEMBL2325912,train,JAK2
IC50,352.0,CHEMBL3363474,CCOC(=O)Cn1cc(-c2ccc(-c3nc(-c4ccc(F)cc4)c(-c4cc[nH]c(=O)c4)[nH]3)cc2)nn1,,False,False,QIWJUGNVLWBVFX-UHFFFAOYSA-N,6,JAK2_dc6c02ad03,curated_from_chembl_api,6.453457,ChEMBL,CHEMBL3314278,train,JAK2
IC50,90.0,CHEMBL2040119,CN1C/C=C/COCc2ccc(s2)-c2ccnc(n2)Nc2ccc(OCCN3CCCC3)c(c2)C1,,False,True,SWWXXPBMWZJWOL-SNAWJCMRSA-N,18,JAK2_fcc705ef41,curated_from_chembl_api,7.045757,ChEMBL,CHEMBL2035055,train,JAK2
IC50,1100.0,CHEMBL1049518,OCc1ccc(C2Nc3ccccc3-c3ccnc4[nH]cc2c34)cc1,,False,False,NIBBSZDCZSIRFX-UHFFFAOYSA-N,7,JAK2_e606acde18,curated_from_chembl_api,5.958607,ChEMBL,CHEMBL592034,train,JAK2
IC50,24.0,CHEMBL3118240,COc1ccc2c(Nc3cn(C)cn3)nc(NC(C)c3ncc(F)cn3)nc2c1,,False,False,XIUNXTXIMGZQFU-UHFFFAOYSA-N,6,JAK2_e651f7b356,curated_from_chembl_api,7.619789,ChEMBL,CHEMBL3116060,train,JAK2
IC50,64.2,CHEMBL2186603,Cc1ccc(C)c(-c2nn(C)cc2NC(=O)c2cnn3cccnc23)c1,,False,False,NFQKXDIBUBJLEU-UHFFFAOYSA-N,6,JAK2_461a3e9f9c,curated_from_chembl_api,7.192465,ChEMBL,CHEMBL2178266,train,JAK2
IC50,6871.0,CHEMBL1613998,O=C(O)c1[nH]c(=O)[nH]c(=O)c1F,,False,False,SEHFUALWMUWDKS-UHFFFAOYSA-N,6,JAK2_490b74b470,curated_from_chembl_api,5.16298,ChEMBL,CHEMBL1232805,train,JAK2
IC50,3.9,CHEMBL2186598,Cn1cc(NC(=O)c2cnn3ccc(N)nc23)c(-c2cc(Cl)ccc2Cl)n1,,False,False,NNGCTIVKZKXWGS-UHFFFAOYSA-N,6,JAK2_48f4c39175,curated_from_chembl_api,8.408935,ChEMBL,CHEMBL2178804,train,JAK2
IC50,10.0,CHEMBL2443999,CN1CCC(NC(=O)c2cc(-c3c(O)cc(O)cc3Oc3ccc([N+](=O)[O-])cc3)on2)CC1,,False,False,YLQODGGPIHWTHR-UHFFFAOYSA-N,6,JAK2_0151947536,curated_from_chembl_api,8.0,ChEMBL,CHEMBL2443044,train,JAK2
IC50,3.0,CHEMBL1840262,NC(=O)c1cnc(NC(C2CC2)C2CC2)c2c1[nH]c1cc(-c3cn[nH]c3)ccc12,,False,False,VLSYEZFPVCVHNR-UHFFFAOYSA-N,6,JAK2_7bc09295aa,curated_from_chembl_api,8.522879,ChEMBL,CHEMBL1835146,train,JAK2
IC50,0.36,CHEMBL1926252,C[C@H](O)CN1CCN(c2ccc(Nc3ncc4ccc(-c5cccc(S(=O)(=O)NC(C)(C)C)c5)n4n3)cc2F)CC1,,False,False,AERRKJAGWKRHEZ-FQEVSTJZSA-N,6,JAK2_2c9dc917e3,curated_from_chembl_api,9.443697,ChEMBL,CHEMBL1923580,train,JAK2
IC50,7519.0,CHEMBL1613998,COc1ccc(C2=Nn3c(nnc3C3CCCCC3)SC2)cc1OC,,False,False,GZKQZDCBXDRWEG-UHFFFAOYSA-N,6,JAK2_d02a89e100,curated_from_chembl_api,5.12384,ChEMBL,CHEMBL1561655,train,JAK2
IC50,1676.0,CHEMBL1613998,Cc1ccccc1CS(=O)(=O)c1nnc([C@H](CC(C)C)NC(=O)OC(C)(C)C)o1,,False,False,YHEGOWAWRJPXJC-INIZCTEOSA-N,6,JAK2_bf422951f8,curated_from_chembl_api,5.775726,ChEMBL,CHEMBL1341981,train,JAK2
IC50,0.35,CHEMBL1926252,COc1ccccc1-c1ccc2cnc(Nc3cccc(N4CCOCC4)c3)nn12,,False,False,VJIKTTNMNOTLSG-UHFFFAOYSA-N,6,JAK2_ccf270f33b,curated_from_chembl_api,9.455932,ChEMBL,CHEMBL1923575,train,JAK2
IC50,5.0,CHEMBL1941383,CC(C)(C)NS(=O)(=O)c1ccc(-c2cc3c(N)ncc(C(=O)NCCCN4CCOCC4)c3s2)cc1,,False,False,DDQMAQPUXCDQSZ-UHFFFAOYSA-N,6,JAK2_05c72e1270,curated_from_chembl_api,8.30103,ChEMBL,CHEMBL1938660,train,JAK2
IC50,0.5,CHEMBL2329570,N#C[C@H]1CCN(C(=O)[C@H](NC(=O)c2c[nH]c3ncc(C4CC4)nc23)C2CC2)C1,,False,False,WRLLXWRAXRGFBQ-BDJLRTHQSA-N,6,JAK2_9dcdbe0544,curated_from_chembl_api,9.30103,ChEMBL,CHEMBL2325898,train,JAK2
IC50,146.0,CHEMBL3239499,N#Cc1ccc(Nc2sc(-c3ccccc3)cc2C(N)=O)nc1,,False,False,LNKJVBPMSIWNLF-UHFFFAOYSA-N,6,JAK2_3ef13a169e,curated_from_chembl_api,6.835647,ChEMBL,CHEMBL3234888,train,JAK2
IC50,6.0,CHEMBL897052,CONC(=O)c1cc2c(N[C@@H](C)c3ccccc3)nc(-n3cnc4ccncc43)nc2n1C,,False,False,VKQLWIKRVRNIRP-AWEZNQCLSA-N,6,JAK2_3fc0ebe287,curated_from_chembl_api,8.221849,ChEMBL,CHEMBL391492,train,JAK2
IC50,9.0,CHEMBL1656588,C[C@H](Nc1ncc(Cl)c(Nc2cc(N(C)C)[nH]n2)n1)c1ncc(F)cn1,,False,False,PPLRBMLMJLUEFX-QMMMGPOBSA-N,6,JAK2_a450c8fc87,curated_from_chembl_api,8.045757,ChEMBL,CHEMBL1650730,train,JAK2
IC50,28.0,CHEMBL2155759,N#CC[C@H](C1CCCC1)n1cc(-c2ncnc3[nH]ccc23)cn1.O=P(O)(O)O,,False,False,JFMWPOCYMYGEDM-XFULWGLBSA-N,6,JAK2_11b9c27dcd,curated_from_chembl_api,7.552842,ChEMBL,CHEMBL1795071,train,JAK2
IC50,46.0,CHEMBL2040119,C1=C/COCc2cc(ccc2OCCN2CCCC2)Nc2nccc(n2)-c2ccc(o2)COC/1,,False,True,NNXDIGHYPZHXTR-ONEGZZNKSA-N,18,JAK2_8d7410b68f,curated_from_chembl_api,7.337242,ChEMBL,CHEMBL2035185,train,JAK2
IC50,7218.0,CHEMBL908418,c1ccc2c(c1)CCC[C@@H]2Nc1ccnc(-n2cnc3ccncc32)n1,,False,False,AHSJRZNMESAIKM-INIZCTEOSA-N,6,JAK2_4e74665b71,curated_from_chembl_api,5.141583,ChEMBL,CHEMBL221038,train,JAK2
IC50,2110.0,CHEMBL1292866,Nc1nc(Nc2ccc(C(=O)O)cc2)nn1C(=O)c1c(F)cccc1F,,False,False,LTYMDXLXKVBMED-UHFFFAOYSA-N,6,JAK2_2e1facad8d,curated_from_chembl_api,5.675718,ChEMBL,CHEMBL1287941,train,JAK2
IC50,36.0,CHEMBL2184201,COc1cc2cc(c1OCCN1CCCC1)COCC=CCOCc1cccc(c1)-c1ccnc(n1)N2,,False,True,KYEFPHMQFQFRLZ-UHFFFAOYSA-N,18,JAK2_5f2f4ef7ea,curated_from_chembl_api,7.443697,ChEMBL,CHEMBL2181087,train,JAK2
IC50,3.0,CHEMBL1043451,C[C@H](Nc1nc(Nc2cc(C3CC3)[nH]n2)cnc1C#N)c1ccc(F)cn1,,False,False,XRMZZVRXPFSXIR-JTQLQIEISA-N,6,JAK2_7001b0c220,curated_from_chembl_api,8.522879,ChEMBL,CHEMBL578194,train,JAK2
IC50,3644.0,CHEMBL1613998,Cc1cccc(CS(=O)(=O)c2nnc([C@H](Cc3ccccc3)NC(=O)OC(C)(C)C)o2)c1,,False,False,PLKLULXRWFMWEX-IBGZPJMESA-N,6,JAK2_95e4e1d633,curated_from_chembl_api,5.438422,ChEMBL,CHEMBL1470321,train,JAK2
IC50,11500.0,CHEMBL1291235,CC(Nc1nc2cc[nH]c(=O)c2cc1-c1nc(-c2ccccc2)no1)C(C)(C)C,,False,False,VPKHSUDBZGYCSR-UHFFFAOYSA-N,6,JAK2_3e3077caeb,curated_from_chembl_api,4.939302,ChEMBL,CHEMBL1290197,train,JAK2
IC50,1710.0,CHEMBL2378977,CC(=O)N[C@H]1CCc2ccc(Oc3cnc4[nH]cc(C(=O)NC(C)C)c4n3)cc21,,False,False,WISJHPKKVVBBCE-KRWDZBQOSA-N,6,JAK2_31cdd2b6db,curated_from_chembl_api,5.767004,ChEMBL,CHEMBL2376339,train,JAK2
IC50,380.0,CHEMBL3377596,C[C@@]1(CO)CCC[C@H]1Nc1c(C(N)=O)cnn2cccc12,,False,False,GATQRZORHMQKNV-DOMZBBRYSA-N,6,JAK2_e575fd492b,curated_from_chembl_api,6.420216,ChEMBL,CHEMBL3359925,train,JAK2
IC50,270.0,CHEMBL1042393,O=C1Nc2ccccc2-c2ccnc3[nH]cc(c23)C1c1ccc(O)cc1,,True,False,LGIBDQRYOFBMTC-UHFFFAOYSA-N,8,JAK2_6f0d12cc27,curated_from_chembl_api,6.568636,ChEMBL,CHEMBL584052,train,JAK2
IC50,1100.0,CHEMBL1049518,Oc1ccc(C2Nc3ccccc3-c3ccnc4[nH]cc2c34)cc1,,False,False,XIQPDNBPLNSVNZ-UHFFFAOYSA-N,7,JAK2_006b54a7cf,curated_from_chembl_api,5.958607,ChEMBL,CHEMBL600875,train,JAK2
IC50,27.0,CHEMBL3118240,C[C@H](Nc1nc(Nc2cn(C)cn2)c2ccn(C3CC3)c2n1)c1ncc(F)cn1,,False,False,MXIBMXWJAOYHPZ-NSHDSACASA-N,6,JAK2_6bcdbde591,curated_from_chembl_api,7.568636,ChEMBL,CHEMBL3116052,train,JAK2
IC50,20.0,CHEMBL2378515,C[C@@H](NC(=O)c1c[nH]c2ncc(-c3nn(C)c4ccccc34)nc12)C(=O)N1CC(C#N)C1,,False,False,VSHIAPVCBLJCQM-GFCCVEGCSA-N,6,JAK2_016054866d,curated_from_chembl_api,7.69897,ChEMBL,CHEMBL2376146,train,JAK2
IC50,1860.0,CHEMBL897052,CN1CCN(C(=O)c2cc3c(NCc4ccccc4F)nc(-n4cnc5ccncc54)nc3n2C)CC1,,False,False,KKXMMGZDHJEHEV-UHFFFAOYSA-N,6,JAK2_15829dfdea,curated_from_chembl_api,5.730487,ChEMBL,CHEMBL231925,train,JAK2
IC50,3700.0,CHEMBL3130286,O=C(CCc1nc2ccccc2c(=O)[nH]1)Nc1ncc(Cc2ccc(F)c(F)c2)s1,,False,False,NSBOINOQPZJFJR-UHFFFAOYSA-N,6,JAK2_c7dfd2659f,curated_from_chembl_api,5.431798,ChEMBL,CHEMBL3125863,train,JAK2
IC50,7.8,CHEMBL1044318,Nc1nn2cccnc2c1-c1cc(OCc2ccc(F)cc2)ncn1,,False,False,ORAFRUSBDQFMFV-UHFFFAOYSA-N,6,JAK2_c4f254cc9f,curated_from_chembl_api,8.107905,ChEMBL,CHEMBL568815,train,JAK2
IC50,154.0,CHEMBL3374493,Cc1ccc(Cl)cc1-c1[nH]c(-c2ccnc(N)n2)cc1C(=O)NCc1ccccc1,,False,False,STEACKYPSKNGJJ-UHFFFAOYSA-N,6,JAK2_d93ca6a47d,curated_from_chembl_api,6.812479,ChEMBL,CHEMBL3330112,train,JAK2
IC50,160.0,CHEMBL1049518,Oc1ccc(C2=Nc3ccccc3-c3ncnc4[nH]cc2c34)c(Cl)c1,,False,False,NXGKHHZHGCQDFN-UHFFFAOYSA-N,7,JAK2_184e1f03ba,curated_from_chembl_api,6.79588,ChEMBL,CHEMBL603048,train,JAK2
IC50,380.0,CHEMBL3239499,Cc1cccc(Nc2sc(-c3ccc(C(F)(F)F)cc3)cc2C(N)=O)n1,,False,False,QEKRWXNCLYLCFJ-UHFFFAOYSA-N,6,JAK2_5f782405d4,curated_from_chembl_api,6.420216,ChEMBL,CHEMBL3234875,train,JAK2
IC50,0.5,CHEMBL1926252,COc1ccccc1-c1ccc2cnc(Nc3ccc(N4CCN(C)CC4)c(Cl)c3)nn12,,False,False,JQZXQAHNRZXEAP-UHFFFAOYSA-N,6,JAK2_698071eb2b,curated_from_chembl_api,9.30103,ChEMBL,CHEMBL1923584,train,JAK2
IC50,10000.0,CHEMBL1948620,Cc1cc2nc(n1)Nc1cccc(c1)CN(C)C/C=C/CCOc1cccc-2c1,,False,True,KEQKYXVIVJFQSZ-ONEGZZNKSA-N,18,JAK2_12286137c9,curated_from_chembl_api,5.0,ChEMBL,CHEMBL1946152,train,JAK2
IC50,3.0,CHEMBL1656588,Cc1cc(Nc2cc(N3CCOCC3)nc(N[C@@H](C)c3ncc(F)cn3)n2)n[nH]1,,False,False,VQLGDEFHXMDXJG-LBPRGKRZSA-N,6,JAK2_74d84b7dc6,curated_from_chembl_api,8.522879,ChEMBL,CHEMBL1650732,train,JAK2
IC50,930.0,CHEMBL2040119,C1=C/COCc2cncc(c2)-c2ccnc(n2)Nc2cccc(c2)COC/1,,False,True,TWRIPCVWWMPBCA-OWOJBTEDSA-N,18,JAK2_09427d2b15,curated_from_chembl_api,6.031517,ChEMBL,CHEMBL2035046,train,JAK2
IC50,3940.0,CHEMBL1291235,CC(Nc1nc2cc[nH]c(=O)c2cc1-c1ccc(F)cc1)c1cc(F)c(Cl)cc1Cl,,False,False,WBSBRCJNWZWMFW-UHFFFAOYSA-N,6,JAK2_490317e0f3,curated_from_chembl_api,5.404504,ChEMBL,CHEMBL1290090,train,JAK2
IC50,24.0,CHEMBL3299230,CC[C@@](C)(Nc1ccnc(-c2c[nH]c3ncccc23)n1)C(=O)NCC(F)(F)F,,False,False,ASUGUQWIHMTFJL-QGZVFWFLSA-N,6,JAK2_6d5beb07bc,curated_from_chembl_api,7.619789,ChEMBL,CHEMBL3039513,train,JAK2
IC50,1.8,CHEMBL2067611,CN1CCN(c2cccc(Nc3nc4c(-c5ccc(S(C)(=O)=O)cc5)cccn4n3)c2)CC1,,False,False,RFZKSQIFOZZIAQ-UHFFFAOYSA-N,6,JAK2_8cf1e0547e,curated_from_chembl_api,8.744727,ChEMBL,CHEMBL2062804,train,JAK2
IC50,4.0,CHEMBL1656588,COc1cc(Nc2nc(N[C@@H](C)c3ncc(F)cn3)nc(N3CCOCC3)c2Cl)n[nH]1,,False,False,UXPJEUHRPHLFQP-JTQLQIEISA-N,6,JAK2_0e4efc6813,curated_from_chembl_api,8.39794,ChEMBL,CHEMBL1650737,train,JAK2
IC50,3.0,CHEMBL1043451,Cc1cc(Nc2nc(N[C@@H](C)c3ncc(F)cn3)c(C#N)nc2C)n[nH]1,,False,False,DCQUEYKYABNNDA-VIFPVBQESA-N,6,JAK2_c828b6ae57,curated_from_chembl_api,8.522879,ChEMBL,CHEMBL569720,train,JAK2
IC50,117.0,CHEMBL2415128,CC(C)c1cccc(-c2cccc3nc(Nc4ccnc(CO)c4)nn23)c1,,False,False,LFBSGSKFVJYZDC-UHFFFAOYSA-N,6,JAK2_043a23a1a0,curated_from_chembl_api,6.931814,ChEMBL,CHEMBL2414549,train,JAK2
IC50,3157.0,CHEMBL1291235,CC(C)(CN)CNc1nc2cc[nH]c(=O)c2c2cc(F)ccc12,,False,False,IPJLUAGVDVCCQR-UHFFFAOYSA-N,6,JAK2_ca5d1cb272,curated_from_chembl_api,5.500725,ChEMBL,CHEMBL1290310,train,JAK2
IC50,500.0,CHEMBL1102456,O=c1[nH]c2cnc(-n3cnc4ccccc43)nc2n1C1CCOc2ccc(Cl)cc21,,False,False,UEMPIQREYQXXPD-UHFFFAOYSA-N,6,JAK2_e1038442f7,curated_from_chembl_api,6.30103,ChEMBL,CHEMBL1076221,train,JAK2
IC50,3.0,CHEMBL1776838,C[C@H](Nc1nc(Nc2cc(C3CC3)[nH]n2)c(F)cc1C#N)c1ccc(F)cc1,,False,False,RIJRDASGHLOWRC-NSHDSACASA-N,6,JAK2_1da373e9c1,curated_from_chembl_api,8.522879,ChEMBL,CHEMBL1774053,train,JAK2
IC50,1350.0,CHEMBL2378977,CC(=O)N[C@@H]1CCc2ccc(Oc3cnc4[nH]cc(C(=O)N[C@H](C)C(=O)N5CC(C#N)C5)c4n3)cc21,,False,False,CIOIMVILPNRXTM-ZUOKHONESA-N,6,JAK2_0267e2cace,curated_from_chembl_api,5.869666,ChEMBL,CHEMBL2376438,train,JAK2
IC50,22.4,CHEMBL2186603,COc1ccc(Cl)cc1-c1nn(C)cc1NC(=O)c1cnn2cccnc12,,False,False,PBBLZBUJHLNSRL-UHFFFAOYSA-N,6,JAK2_19f01be8c3,curated_from_chembl_api,7.649752,ChEMBL,CHEMBL2178801,train,JAK2
IC50,260.0,CHEMBL1044318,CCN(CC)C(=O)C1CCCN(c2cc(-c3c(N)nn4cc(C)cnc34)ncn2)C1,,False,False,GSPRHQQRHQRQGF-UHFFFAOYSA-N,6,JAK2_90c8423c64,curated_from_chembl_api,6.585027,ChEMBL,CHEMBL568866,train,JAK2
IC50,100000.0,CHEMBL3363474,Cn1c(-c2cn(-c3cccc(C(=O)O)c3)nn2)nc(-c2ccc(F)cc2)c1-c1ccncc1,,False,False,AWDXPJVBIPFUMF-UHFFFAOYSA-N,6,JAK2_89775bae50,curated_from_chembl_api,4.0,ChEMBL,CHEMBL3120983,train,JAK2
IC50,446.0,CHEMBL908418,COC[C@H](C)Nc1cc(-c2ccoc2)nc(-n2cnc3ccncc32)n1,,False,False,UTBPYMUVVZGFEJ-LBPRGKRZSA-N,6,JAK2_b4e126bbe9,curated_from_chembl_api,6.350665,ChEMBL,CHEMBL220484,train,JAK2
IC50,10000.0,CHEMBL1064437,CC(C)CC(=O)Nc1n[nH]c2c1CN(C(=O)C1CCN(C)CC1)C2(C)C,,False,False,HUXYBQXJVXOMKX-UHFFFAOYSA-N,6,JAK2_df1b0055a1,curated_from_chembl_api,5.0,ChEMBL,CHEMBL1230607,train,JAK2
IC50,653.0,CHEMBL1613998,O=C(CCl)/N=c1\sccn1Cc1ccc(Cl)cc1Cl,,False,False,OYYOBWASUAPCJB-VBKFSLOCSA-N,6,JAK2_bca2550737,curated_from_chembl_api,6.185087,ChEMBL,CHEMBL3191989,train,JAK2
IC50,2.0,CHEMBL1840262,Cn1cc(-c2ccc3c(c2)[nH]c2c(C(N)=O)cnc(NC(C4CC4)C4CC4)c23)cn1,,False,False,MFBHTCKAEJJJMP-UHFFFAOYSA-N,6,JAK2_c56e6976c9,curated_from_chembl_api,8.69897,ChEMBL,CHEMBL1835141,train,JAK2
IC50,333.0,CHEMBL1102456,O=c1[nH]c2cnc(-n3cnc4ccccc43)nc2n1[C@@H]1CCOc2c(F)cccc21,,False,False,HADOQYZZUATJAT-MRXNPFEDSA-N,6,JAK2_08c3e396bf,curated_from_chembl_api,6.477556,ChEMBL,CHEMBL1081377,train,JAK2
IC50,190.0,CHEMBL3268711,Cc1c[nH]c2c(Nc3nc(N[C@@H]4CCCC[C@@H]4N)cc4nc[nH]c(=O)c34)cccc12,,False,False,ZTMATBOBWAXBCV-LSDHHAIUSA-N,6,JAK2_ddd6be70e8,curated_from_chembl_api,6.721246,ChEMBL,CHEMBL3262357,train,JAK2
IC50,6512.0,CHEMBL1613998,O=C(Oc1cccc2c(O)cccc12)c1ccccc1,,False,False,TWYZJDASIMIAPK-UHFFFAOYSA-N,6,JAK2_72cd1365a7,curated_from_chembl_api,5.186286,ChEMBL,CHEMBL1588408,train,JAK2
IC50,100000.0,CHEMBL3372981,CN(Cc1ccccc1)C(=O)c1ccc(S(=O)(=O)Nc2ccccc2)cc1,,False,False,UNWYGJWQCPQFQS-UHFFFAOYSA-N,6,JAK2_f347617ecf,curated_from_chembl_api,4.0,ChEMBL,CHEMBL3355482,train,JAK2
IC50,393.0,CHEMBL1102456,O=c1[nH]c2cnc(-n3cnc4ccc(Cl)cc43)nc2n1C1CCOCC1,,False,False,AVUNZQVPUJFUDR-UHFFFAOYSA-N,6,JAK2_358715451a,curated_from_chembl_api,6.405607,ChEMBL,CHEMBL1080322,train,JAK2
IC50,370.0,CHEMBL2040119,Cc1cnc2nc1-c1ccc3ccn(c3c1)C/C=C/COCc1cc(ccc1OCCN1CCCC1)N2,,False,True,LMRBJOUAEXZHHL-SNAWJCMRSA-N,17,JAK2_1b9ba10888,curated_from_chembl_api,6.431798,ChEMBL,CHEMBL2035050,train,JAK2
IC50,70.0,CHEMBL1044318,Nc1nn2cccnc2c1-c1cc(N2CCCC(O)C2)ncn1,,False,False,SBNGFGYSGYLMHT-UHFFFAOYSA-N,6,JAK2_367832b9a9,curated_from_chembl_api,7.154902,ChEMBL,CHEMBL570462,train,JAK2
IC50,5938.0,CHEMBL1613998,Oc1ccc(Cl)cc1/N=C/c1sc2ccccc2c1Cl,,False,False,AWZCZZCNLMDIIW-QGMBQPNBSA-N,6,JAK2_3d4c8af3a1,curated_from_chembl_api,5.22636,ChEMBL,CHEMBL1981883,train,JAK2
IC50,1810.0,CHEMBL3268711,N[C@H]1CCCC[C@H]1Nc1cc2nc[nH]c(=O)c2c(Nc2cccc3c(Cl)c[nH]c23)n1,,False,False,KDXHNAAPPFDXHV-UONOGXRCSA-N,6,JAK2_c7a8610bb2,curated_from_chembl_api,5.742321,ChEMBL,CHEMBL3262358,train,JAK2
IC50,5.7,CHEMBL2214787,O=C(Nc1ccc(-c2ccnc(Nc3ccc(N4CCOCC4)cc3)n2)cc1)[C@H]1CCNC1,,False,False,MBXBJDNOYYRDNF-IBGZPJMESA-N,6,JAK2_6eec4980ac,curated_from_chembl_api,8.244125,ChEMBL,CHEMBL2207758,train,JAK2
IC50,4.0,CHEMBL908418,C[C@H](Nc1ccnc(-n2cnc3ccncc32)n1)c1ccccc1,,False,False,YBUYQRWPWRYTQG-ZDUSSCGKSA-N,6,JAK2_efc2226329,curated_from_chembl_api,8.39794,ChEMBL,CHEMBL221029,train,JAK2
IC50,209.0,CHEMBL897052,C[C@H](Nc1nc(-n2cnc3ccncc32)nc2c1cc(C(=O)N1CCN(C)CC1)n2C)C(C)(C)O,,False,False,OOFLZIIXCQFQOK-HNNXBMFYSA-N,6,JAK2_8413cb701a,curated_from_chembl_api,6.679854,ChEMBL,CHEMBL232147,train,JAK2
IC50,100.0,CHEMBL1656192,Cl.[2H]C([2H])(c1cc(Nc2nc(C)cn3c(-c4cn[nH]c4)cnc23)sn1)N1CCC(F)(F)C1,,False,False,NFJPXRXPCPLHJV-PWLDLRDISA-N,6,JAK2_47c91ed7e9,curated_from_chembl_api,7.0,ChEMBL,CHEMBL1650551,train,JAK2
IC50,35.0,CHEMBL3374493,CNC(=O)c1cc(-c2ccnc(N)n2)[nH]c1-c1cc(Cl)ccc1C,,False,False,BFOWVKRAGHVYJA-UHFFFAOYSA-N,6,JAK2_1db93b6dba,curated_from_chembl_api,7.455932,ChEMBL,CHEMBL3330105,train,JAK2
IC50,31.0,CHEMBL3377596,C[C@]1(C#N)CCC[C@H]1Nc1c(C(N)=O)cnn2cccc12,,False,False,QASDPHCNHAXDKX-IUODEOHRSA-N,6,JAK2_63b7cd19c7,curated_from_chembl_api,7.508638,ChEMBL,CHEMBL3359926,train,JAK2
IC50,460.0,CHEMBL3368761,COc1cc(Nc2nc3cccc(-c4cccc5[nH]cnc45)c3o2)cc(OC)c1OC,,False,False,ZWUCWBYYVLQXEP-UHFFFAOYSA-N,6,JAK2_3545c5cc71,curated_from_chembl_api,6.337242,ChEMBL,CHEMBL3298194,train,JAK2
IC50,18.0,CHEMBL908418,C[C@H](Nc1cc(-c2ccc(C#N)cc2)nc(-n2cnc3ccncc32)n1)c1ccccc1,,False,False,JMSLZSBXJWSFBI-KRWDZBQOSA-N,6,JAK2_87f6a98848,curated_from_chembl_api,7.744727,ChEMBL,CHEMBL374321,train,JAK2
IC50,78.0,CHEMBL1011746,CC(C)(C)NS(=O)(=O)c1ccc(-c2ccc3[nH]nc(N)c3c2)cc1,,False,False,KFJCXIOVAGJCKB-UHFFFAOYSA-N,6,JAK2_921bceb681,curated_from_chembl_api,7.107905,ChEMBL,CHEMBL480411,train,JAK2
IC50,2.8,CHEMBL1685409,Cc1cc(Nc2nc(N3CCN(C(=O)Cc4ccccc4)CC3)nn3cccc23)n[nH]1,,False,False,LIJMMAIKLORKRT-UHFFFAOYSA-N,6,JAK2_725776d8f2,curated_from_chembl_api,8.552842,ChEMBL,CHEMBL1682367,train,JAK2
IC50,130.0,CHEMBL2184201,COc1ccc2cc1COCC=CCCOc1cccc(c1)-c1ccnc(n1)N2,,False,True,HQKBTTAFASOYDG-UHFFFAOYSA-N,18,JAK2_2ed91465fe,curated_from_chembl_api,6.886057,ChEMBL,CHEMBL2181317,train,JAK2
IC50,129.9,CHEMBL2214787,CC(=O)Nc1ccc(-c2ccnc(Nc3cccc(NC(=O)c4c(Cl)cccc4Cl)n3)n2)cc1,,False,False,HNZDEBHWPODCPN-UHFFFAOYSA-N,6,JAK2_a368780209,curated_from_chembl_api,6.886391,ChEMBL,CHEMBL2207765,train,JAK2
IC50,570.0,CHEMBL3377596,C[C@H](Nc1c(C(N)=O)cnn2cccc12)C(C)(C)C,,False,False,PNFSAIKBTUBIOW-VIFPVBQESA-N,6,JAK2_a16a2d932b,curated_from_chembl_api,6.244125,ChEMBL,CHEMBL3359909,train,JAK2
IC50,6.5,CHEMBL2214787,CC(=O)Nc1ccc(-c2ccnc(Nc3cccc(N4CCCCC4)c3)n2)cc1,,False,False,ZOTCIBXODUTCKF-UHFFFAOYSA-N,6,JAK2_99cc6f9557,curated_from_chembl_api,8.187087,ChEMBL,CHEMBL2208024,train,JAK2
IC50,8.0,CHEMBL1941383,CC(C)(C)NS(=O)(=O)c1ccc(-c2cc3c(N)ncc(C(=O)NCCO)c3s2)cc1,,False,False,CXVHVGLFXSFLSB-UHFFFAOYSA-N,6,JAK2_461d9c7add,curated_from_chembl_api,8.09691,ChEMBL,CHEMBL1938655,train,JAK2
IC50,3615.0,CHEMBL1613998,COc1cc(/C=C2\COC/C(=C\c3ccc(O)c(OC)c3)C2=O)ccc1O,,False,False,FNGUUSNEVVYVES-BGPOSVGRSA-N,6,JAK2_c88e43e181,curated_from_chembl_api,5.441892,ChEMBL,CHEMBL1411125,train,JAK2
IC50,20.0,CHEMBL3374493,Cc1ccc(Cl)cc1-c1[nH]c(-c2ccnc(N)n2)cc1C(N)=O,,False,False,DQDASFFHMDSYAZ-UHFFFAOYSA-N,6,JAK2_397dd7ec00,curated_from_chembl_api,7.69897,ChEMBL,CHEMBL3330104,train,JAK2
IC50,32.6,CHEMBL2329570,CC(C)[C@H](C)NC(=O)c1c[nH]c2ncc(C3CC3)nc12,,False,False,NFTVSOUVOHMGDQ-VIFPVBQESA-N,6,JAK2_d21420afe1,curated_from_chembl_api,7.486782,ChEMBL,CHEMBL2325899,train,JAK2
IC50,21.9,CHEMBL2415128,COc1ccc(-c2cccc3nc(Nc4ccc(N5CCN(C)CC5)cc4)nn23)cc1,,False,False,DPVQBIWIVWTDRV-UHFFFAOYSA-N,6,JAK2_2948ac0a45,curated_from_chembl_api,7.659556,ChEMBL,CHEMBL2414544,train,JAK2
IC50,480.0,CHEMBL1926252,CN1CCN(c2ccc(Nc3ncc4ccc(-c5ccccc5N(C)S(C)(=O)=O)n4n3)c(Cl)c2)CC1,,False,False,RJSFPBZAQWNTND-UHFFFAOYSA-N,6,JAK2_17f1746207,curated_from_chembl_api,6.318759,ChEMBL,CHEMBL1923591,train,JAK2
IC50,10000.0,CHEMBL1120244,CC(C)COC(=O)Nc1ccc(-c2cnc3c(-c4ccc(N5CCN(C)CC5)cc4)cnn3c2N)cc1,,False,False,DAZCBQNFGSWSQG-UHFFFAOYSA-N,6,JAK2_e1e0f1f159,curated_from_chembl_api,5.0,ChEMBL,CHEMBL1085511,train,JAK2
IC50,0.77,CHEMBL1936085,COc1ccc(-c2ccc3cnc(Nc4ccc(C5CCN(CC(N)=O)CC5)cc4)nn23)cn1,,False,False,OOTYDAPLACFYPB-UHFFFAOYSA-N,6,JAK2_6f4dcc3327,curated_from_chembl_api,9.113509,ChEMBL,CHEMBL1934338,train,JAK2
IC50,2.0,CHEMBL1840262,NC(=O)c1cnc(NC(C2CC2)C2CC2)c2c1[nH]c1cc(-c3cccnn3)ccc12,,False,False,MJSGAQVMOHSLBX-UHFFFAOYSA-N,6,JAK2_5faf1754e4,curated_from_chembl_api,8.69897,ChEMBL,CHEMBL1835147,train,JAK2
IC50,10.0,CHEMBL1043451,CC(C)Oc1cc(Nc2cncc(N[C@@H](C)c3ccc(F)cn3)n2)n[nH]1,,False,False,NGMZLWDETZHMAI-NSHDSACASA-N,6,JAK2_9fccb710a4,curated_from_chembl_api,8.0,ChEMBL,CHEMBL576286,train,JAK2
IC50,346.0,CHEMBL1656588,Cc1cc(Nc2nc(O[C@H](C)c3ncc(F)cn3)ncc2Cl)n[nH]1,,False,False,WZPILCWIFRRMQR-MRVPVSSYSA-N,6,JAK2_365c8f86d1,curated_from_chembl_api,6.460924,ChEMBL,CHEMBL1650727,train,JAK2
IC50,11.1,CHEMBL2214787,CC(=O)Nc1ccc(-c2ccnc(Nc3cccc(NC(=O)c4ccccc4)c3)n2)cc1,,False,False,VQAONYKIVYSXJJ-UHFFFAOYSA-N,6,JAK2_1fa7fecedb,curated_from_chembl_api,7.954677,ChEMBL,CHEMBL2207767,train,JAK2
IC50,220.0,CHEMBL2040119,C1=C/COCc2ccc(o2)-c2ccnc(n2)Nc2cccc(c2)COC/1,,False,True,RADMAAOUVWABJD-OWOJBTEDSA-N,18,JAK2_aba55c653f,curated_from_chembl_api,6.657577,ChEMBL,CHEMBL2035048,train,JAK2
IC50,10000.0,CHEMBL1040939,CN1CCN(c2nc(C3=C(c4c[nH]c5ccccc45)C(=O)NC3=O)c3ccccc3n2)CC1,,False,False,OAVGBZOFDPFGPJ-UHFFFAOYSA-N,6,JAK2_d989c57ae0,curated_from_chembl_api,5.0,ChEMBL,CHEMBL565612,train,JAK2
IC50,2165.0,CHEMBL2067611,CS(=O)(=O)c1cccc(-c2cccn3nc(N)nc23)c1,,False,False,XEEVJRWLNSZSAT-UHFFFAOYSA-N,6,JAK2_7d79a361fa,curated_from_chembl_api,5.664542,ChEMBL,CHEMBL2062791,train,JAK2
IC50,22.0,CHEMBL1685409,CCC(=O)N1CCN(c2nc(Nc3cc(C)[nH]n3)c3cccn3n2)CC1,,False,False,NWZRTRKZGVMZIZ-UHFFFAOYSA-N,6,JAK2_d6d006c9e2,curated_from_chembl_api,7.657577,ChEMBL,CHEMBL1682369,train,JAK2
IC50,3.0,CHEMBL1656588,COc1cc(Nc2nc(N[C@@H](C)c3ncc(F)cn3)ncc2Cl)n[nH]1,,False,False,KWKMYGPZQBMLGC-ZETCQYMHSA-N,6,JAK2_48e15ba2e4,curated_from_chembl_api,8.522879,ChEMBL,CHEMBL1650723,train,JAK2
IC50,6007.0,CHEMBL1613998,N#C/C(=C\c1ccc(O)c(O)c1)C(=O)NCCCc1ccccc1,,False,False,GSQOBTOAOGXIFL-LFIBNONCSA-N,6,JAK2_f113b245bb,curated_from_chembl_api,5.221342,ChEMBL,CHEMBL53898,train,JAK2
IC50,10000.0,CHEMBL1657171,O=C1NC(=O)C(c2c[nH]c3ccccc23)=C1c1cc(N2CCOCC2)ccc1C(F)(F)F,,False,False,DPLZZZQSNRTCJY-UHFFFAOYSA-N,6,JAK2_5f4edcae25,curated_from_chembl_api,5.0,ChEMBL,CHEMBL1650956,train,JAK2
IC50,61.0,CHEMBL3377596,CC1(C)C[C@](C)(O)C[C@H]1Nc1c(C(N)=O)cnn2cccc12,,False,False,RMCFFPUQAHGNPG-MLGOLLRUSA-N,6,JAK2_ab6e109fe3,curated_from_chembl_api,7.21467,ChEMBL,CHEMBL3359917,train,JAK2
IC50,10000.0,CHEMBL3381081,Nc1nc2c3c(F)cccc3nc(Cc3ccc4c(c3)OCO4)n2n1,,False,False,OWLAKERMHYDWTB-UHFFFAOYSA-N,6,JAK2_3e06fcf816,curated_from_chembl_api,5.0,ChEMBL,CHEMBL3309990,train,JAK2
IC50,280.0,CHEMBL3377596,CC1(C)[C@H](Nc2c(C(N)=O)cnn3cccc23)CC[C@@]1(C)N,,False,False,CLYUZZLJBLEOOA-MLGOLLRUSA-N,6,JAK2_56ea4fced8,curated_from_chembl_api,6.552842,ChEMBL,CHEMBL3359920,train,JAK2
IC50,1000.0,CHEMBL1247968,CNc1nccc(-c2cccnc2Oc2ccc(NC(=O)c3ccccc3Nc3ccccc3)cc2)n1,,False,False,YRIZEPGWRQGUBO-UHFFFAOYSA-N,6,JAK2_05fbd16d4f,curated_from_chembl_api,6.0,ChEMBL,CHEMBL1243200,train,JAK2
IC50,820.0,CHEMBL2040119,CN1C/C=C/COCc2ccc(o2)-c2ccnc(n2)Nc2cccc(c2)C1,,False,True,NAMNDYOCPPYNFK-NSCUHMNNSA-N,18,JAK2_989e4e23b7,curated_from_chembl_api,6.086186,ChEMBL,CHEMBL2035047,train,JAK2
IC50,6962.0,CHEMBL1613998,COc1ccc2nc(C)cc(Sc3nc4ccccc4s3)c2c1,,False,False,PGWZWDHGBCTCBR-UHFFFAOYSA-N,6,JAK2_5fad1856dc,curated_from_chembl_api,5.157266,ChEMBL,CHEMBL1533676,train,JAK2
IC50,410.0,CHEMBL2378977,Cc1cccc(Oc2cnc3[nH]cc(C(=O)NC(C)C)c3n2)c1,,False,False,WVDKRODNGYMRQH-UHFFFAOYSA-N,6,JAK2_0124c4af7b,curated_from_chembl_api,6.387216,ChEMBL,CHEMBL2376331,train,JAK2
IC50,240.0,CHEMBL870360,COc1ccc(N(C(=O)Oc2c(C)cccc2C)c2ccnc(Nc3cc(OC)c(OCCCN4CCN(C)CC4)c(OC)c3)n2)c(OC)c1,,False,False,VSJXTUFWPAOYLC-UHFFFAOYSA-N,6,JAK2_f389383369,curated_from_chembl_api,6.619789,ChEMBL,CHEMBL386760,train,JAK2
IC50,670.0,CHEMBL3118240,COc1ccc2nc(NC(C)c3ncc(F)cn3)nc(Nc3cn(C)cn3)c2c1,,False,False,SMHWNMNBXBTYPV-UHFFFAOYSA-N,6,JAK2_9a6e834330,curated_from_chembl_api,6.173925,ChEMBL,CHEMBL3116059,train,JAK2
IC50,7.3,CHEMBL1116984,Fc1cc(-c2cccc3ncc(-c4cnn(C5CCNCC5)c4)nc23)cc(F)c1CN1CCOCC1,,False,False,IBPVXAOOVUAOKJ-UHFFFAOYSA-N,6,JAK2_2dc2722230,curated_from_chembl_api,8.136677,ChEMBL,CHEMBL1092926,train,JAK2
IC50,178.0,CHEMBL3239499,Cc1ccc(Nc2sc(-c3ccccc3)cc2C(N)=O)nc1,,False,False,GYDCIXOMZASZCK-UHFFFAOYSA-N,6,JAK2_d96ee2df18,curated_from_chembl_api,6.74958,ChEMBL,CHEMBL3234885,train,JAK2
IC50,33500.0,CHEMBL1036442,Cc1cc2c(c(Cl)n1)-c1[nH]c3ccccc3c1CCN2CCc1ccccc1,,False,False,VSCNEMQPXDDNNG-UHFFFAOYSA-N,7,JAK2_1ac6383706,curated_from_chembl_api,4.474955,ChEMBL,CHEMBL560245,train,JAK2
IC50,2132.0,CHEMBL2067611,COc1ccccc1-c1cccn2nc(N)nc12,,False,False,ZWFPVUBQZQFVFZ-UHFFFAOYSA-N,6,JAK2_8f2cde4faa,curated_from_chembl_api,5.671213,ChEMBL,CHEMBL2062787,train,JAK2
IC50,0.8,CHEMBL1926252,COc1ccccc1-c1ccc2cnc(Nc3cccc(N4CCN(C)CC4)c3)nn12,,False,False,HZDPYDDFQSGPAX-UHFFFAOYSA-N,6,JAK2_d7634eac48,curated_from_chembl_api,9.09691,ChEMBL,CHEMBL1923576,train,JAK2
IC50,3.0,CHEMBL1102770,COc1cc(Nc2nc3cccc(-c4ccc(C(=O)N5CCOCC5)c(F)c4)c3o2)cc(OC)c1OC,,False,False,MTBQULNINNEDEC-UHFFFAOYSA-N,6,JAK2_e70670bc05,curated_from_chembl_api,8.522879,ChEMBL,CHEMBL1081484,train,JAK2
IC50,379.0,CHEMBL2415128,CC(C)c1cc(-c2cccn3nc(Nc4ccc(C(=O)O)cc4)nc23)ccn1,,False,False,YQFDZCQBFKFMCM-UHFFFAOYSA-N,6,JAK2_8d464933d6,curated_from_chembl_api,6.421361,ChEMBL,CHEMBL2414539,train,JAK2
IC50,540.0,CHEMBL1291235,CN1CCC(N(c2nc3cc[nH]c(=O)c3c3cc(F)ccc23)C2CC2)CC1,,False,False,DKLHZNZQFYSDTE-UHFFFAOYSA-N,6,JAK2_a5cce799d5,curated_from_chembl_api,6.267606,ChEMBL,CHEMBL1290534,train,JAK2
IC50,26.0,CHEMBL1102456,Cc1nc2c(-c3cnc(N)nc3)nc(N3CCOCC3)nc2n1C(C)C,,False,False,QYBGBLQCOOISAR-UHFFFAOYSA-N,6,JAK2_e015004f7f,curated_from_chembl_api,7.585027,ChEMBL,CHEMBL3393066,train,JAK2
IC50,5328.0,CHEMBL1613998,Cc1ccccc1CS(=O)(=O)c1nnc([C@H](Cc2ccccc2)NC(=O)OC(C)(C)C)o1,,False,False,OPZXUEIGPNYNBQ-IBGZPJMESA-N,6,JAK2_d783e41f9e,curated_from_chembl_api,5.273436,ChEMBL,CHEMBL1449794,train,JAK2
IC50,298.0,CHEMBL897052,C[C@@H](Nc1nc(-n2cnc3ccncc32)nc2c1cc(C(=O)N1CCN(C)CC1)n2C)c1ccccc1,,False,False,YORQISSGMDZWMJ-GOSISDBHSA-N,6,JAK2_83b62c6f40,curated_from_chembl_api,6.525784,ChEMBL,CHEMBL392371,train,JAK2
IC50,8.0,CHEMBL1102770,Cc1cc(-c2cccc3nc(Nc4ccc(N5CCN(C)CC5)cc4)oc23)ccc1C(=O)N1CCOCC1,,False,False,LFIZDKRIFIBADR-UHFFFAOYSA-N,6,JAK2_8953307114,curated_from_chembl_api,8.09691,ChEMBL,CHEMBL1082023,train,JAK2
IC50,70.0,CHEMBL1840262,NC(=O)c1cnc(NC2CCCCC2)c2c1[nH]c1cc(-c3ccccc3)ccc12,,False,False,DTQRFFQRMXUVRB-UHFFFAOYSA-N,6,JAK2_a39872076a,curated_from_chembl_api,7.154902,ChEMBL,CHEMBL1835033,train,JAK2
IC50,323.0,CHEMBL897052,CN1CCN(C(=O)c2cc3c(NC(C)(C)C)nc(-n4cnc5ccncc54)nc3n2C)CC1,,False,False,FYQQKGXVWKPQPL-UHFFFAOYSA-N,6,JAK2_9ea4c09ae4,curated_from_chembl_api,6.490797,ChEMBL,CHEMBL232149,train,JAK2
IC50,3.0,CHEMBL1656588,Cc1cc(Nc2nc(O[C@@H](C)c3ncc(F)cn3)ncc2Cl)n[nH]1,,False,False,WZPILCWIFRRMQR-QMMMGPOBSA-N,6,JAK2_aaa3dcf6eb,curated_from_chembl_api,8.522879,ChEMBL,CHEMBL1650726,train,JAK2
IC50,10000.0,CHEMBL1948620,CN1C/C=C/CNC(=O)c2cccc(c2)-c2ccnc(n2)Nc2cccc(c2)C1,,False,True,ZMLBTAKSSGMMME-NSCUHMNNSA-N,18,JAK2_bb5849ef90,curated_from_chembl_api,5.0,ChEMBL,CHEMBL1947160,train,JAK2
IC50,210.0,CHEMBL1840262,C[C@@H](Nc1ncc(C(N)=O)c2[nH]c3ccc(F)cc3c12)C(C)(C)C,,False,False,IIQLKSGKWYUBGL-SECBINFHSA-N,6,JAK2_cdc678b86f,curated_from_chembl_api,6.677781,ChEMBL,CHEMBL1835021,train,JAK2
IC50,1.8,CHEMBL1685409,COc1cc(F)c(CC(=O)N2CCN(c3nc(Nc4cc(C)n[nH]4)c4cccn4n3)CC2)c(F)c1,,False,False,CFXACTJFCDMPJK-UHFFFAOYSA-N,6,JAK2_7d123907a9,curated_from_chembl_api,8.744727,ChEMBL,CHEMBL1615027,train,JAK2
IC50,1400.0,CHEMBL2415128,Cc1ccnc(Nc2nc3cccc(-c4cccc(C(C)C)c4)n3n2)c1,,False,False,SLWFFRYPUBAAEP-UHFFFAOYSA-N,6,JAK2_12096dd534,curated_from_chembl_api,5.853872,ChEMBL,CHEMBL2414550,train,JAK2
IC50,100000.0,CHEMBL3363474,Cl.Cn1c(-c2cn([C@H]3CCNC[C@@H]3F)nn2)nc(-c2ccc(F)cc2)c1-c1ccncc1,,False,False,HCPVVGFCXFZSCV-QQTWVUFVSA-N,6,JAK2_764051eb34,curated_from_chembl_api,4.0,ChEMBL,CHEMBL3120986,train,JAK2
IC50,4200.0,CHEMBL1116984,COc1cc(-c2cnc3cc(C)cc(-c4ccc(CC(=O)N5CCS(=O)(=O)CC5)cc4)c3n2)cc(OC)c1OC,,False,False,QVRUUIVCOVCNGQ-UHFFFAOYSA-N,6,JAK2_12ed66a48a,curated_from_chembl_api,5.376751,ChEMBL,CHEMBL1091190,train,JAK2
IC50,17.0,CHEMBL2040119,C1=C/COCc2cc(ccc2OCCN2CCCC2)Nc2nccc(n2)-c2csc(c2)COC/1,,False,True,HJLQTCJLJAJRFH-ONEGZZNKSA-N,18,JAK2_5d0ef37da5,curated_from_chembl_api,7.769551,ChEMBL,CHEMBL2035184,train,JAK2
IC50,4.0,CHEMBL1840262,NC(=O)c1cnc(NC(C2CC2)C2CC2)c2c1[nH]c1cc(-c3cnc(N)cn3)ccc12,,False,False,AJAZCQSMDCWFSC-UHFFFAOYSA-N,6,JAK2_1e26b0b096,curated_from_chembl_api,8.39794,ChEMBL,CHEMBL1835148,train,JAK2
IC50,6.0,CHEMBL1044318,Nc1nn2cccnc2c1-c1cc(NCc2ccccc2)ncn1,,False,False,SQORTIXACHFWII-UHFFFAOYSA-N,6,JAK2_c4b25f65b1,curated_from_chembl_api,8.221849,ChEMBL,CHEMBL570890,train,JAK2
IC50,100000.0,CHEMBL3363474,CCOP(=O)(CCn1cc(-c2nc(-c3ccc(F)cc3)c(-c3ccncc3)n2C)nn1)OCC,,False,False,GXZIHMSRYZODGT-UHFFFAOYSA-N,6,JAK2_eb5deaf3f3,curated_from_chembl_api,4.0,ChEMBL,CHEMBL3120969,train,JAK2
IC50,1500.0,CHEMBL1948620,CC(C)CN1C/C=C/CCOc2cccc(c2)-c2ccnc(n2)Nc2cccc(c2)C1,,False,True,MUPFBXXZGZFXEZ-ONEGZZNKSA-N,18,JAK2_1646d01925,curated_from_chembl_api,5.823909,ChEMBL,CHEMBL1944870,train,JAK2
IC50,1010.0,CHEMBL3239499,NC(=O)c1cc(-c2ccccc2)sc1Nc1ccccc1,,False,False,IOQOXJYPPSTVRX-UHFFFAOYSA-N,6,JAK2_6721c978fb,curated_from_chembl_api,5.995679,ChEMBL,CHEMBL3234893,train,JAK2
IC50,0.2,CHEMBL1936085,COc1cc(Nc2ncc3ccc(-c4ccccc4)n3n2)cc(OC)c1OC,,False,False,NRQSCGVAXSQZCR-UHFFFAOYSA-N,6,JAK2_6c55e74feb,curated_from_chembl_api,9.69897,ChEMBL,CHEMBL1822511,train,JAK2
IC50,3.7,CHEMBL1926252,CN1CCN(c2ccc(Nc3ncc4ccc(-c5ccccc5N(C)S(C)(=O)=O)n4n3)cc2F)CC1,,False,False,DSCDGGNZDOEWPA-UHFFFAOYSA-N,6,JAK2_ed99096d7e,curated_from_chembl_api,8.431798,ChEMBL,CHEMBL1923581,train,JAK2
IC50,8516.0,CHEMBL1613998,O=C1C=CCC(/C=C/c2ccccc2)O1,,False,False,RLGHFVLWYYVMQZ-MDZDMXLPSA-N,6,JAK2_e3393601a3,curated_from_chembl_api,5.069764,ChEMBL,CHEMBL1170485,train,JAK2
IC50,9.0,CHEMBL1840262,Cn1cc(-c2ccc3c(c2)[nH]c2c(C(N)=O)cnc(N[C@@H](C4CC4)C(F)(F)F)c23)cn1,,False,False,KFXMLXYIPRAORY-SFHVURJKSA-N,6,JAK2_58e8871c61,curated_from_chembl_api,8.045757,ChEMBL,CHEMBL1835143,train,JAK2
IC50,83.0,CHEMBL3268711,N[C@H]1CCCC[C@H]1Nc1cc2nc[nH]c(=O)c2c(Nc2cccc3[nH]ccc23)n1,,False,False,JBBNRIFQSNWZOK-XJKSGUPXSA-N,6,JAK2_c5b6242340,curated_from_chembl_api,7.080922,ChEMBL,CHEMBL3262616,train,JAK2
IC50,40000.0,CHEMBL1036442,COc1cc(C)nc2c1-c1[nH]c3ccccc3c1CCN2CCc1ccccc1,,False,False,BRKIQLMANMDSLF-UHFFFAOYSA-N,7,JAK2_4b7d891b62,curated_from_chembl_api,4.39794,ChEMBL,CHEMBL563257,train,JAK2
IC50,10000.0,CHEMBL1292866,Nc1nc(Nc2ccccc2)nn1C(=O)c1c(F)cccc1F,,False,False,VWXZXMUTJDFDBX-UHFFFAOYSA-N,6,JAK2_db6dd9965d,curated_from_chembl_api,5.0,ChEMBL,CHEMBL1287971,train,JAK2
IC50,100000.0,CHEMBL3363474,CSc1nccc(-c2c(-c3ccc(F)cc3)nc3nc(N)ccn23)n1,,False,False,BVOXXCFSYHFTLW-UHFFFAOYSA-N,6,JAK2_443019253e,curated_from_chembl_api,4.0,ChEMBL,CHEMBL3314271,train,JAK2
IC50,10.0,CHEMBL2443999,CC(C)Nc1ccc(Oc2cc(O)cc(O)c2-c2cc(C(=O)NC3CCN(C)CC3)no2)cc1,,False,False,PFINYWQVHGQFKS-UHFFFAOYSA-N,6,JAK2_24f5fdceed,curated_from_chembl_api,8.0,ChEMBL,CHEMBL2443139,train,JAK2
IC50,4.0,CHEMBL1043451,Cc1cc(Nc2nc(O[C@@H](C)c3ccc(F)cn3)c(C#N)nc2C)n[nH]1,,False,False,NUUZIPNBPALDNV-NSHDSACASA-N,6,JAK2_5d1153c544,curated_from_chembl_api,8.39794,ChEMBL,CHEMBL570192,train,JAK2
IC50,4277.0,CHEMBL1613998,Cc1nn2c(NCc3ccccn3)c3c(nc2c1-c1ccccc1)CCC3,,False,False,UFGNAHYYMKJYSC-UHFFFAOYSA-N,6,JAK2_f3e4f09aed,curated_from_chembl_api,5.368861,ChEMBL,CHEMBL1393319,train,JAK2
IC50,12.0,CHEMBL1840262,C[C@H](Nc1ccc(C(N)=O)c2[nH]c3cc(-c4ccnc(N)n4)ccc3c12)C(C)(C)C,,False,False,WIYHOPZLDKFRMX-LBPRGKRZSA-N,6,JAK2_cc79504532,curated_from_chembl_api,7.920819,ChEMBL,CHEMBL1834948,train,JAK2
IC50,100000.0,CHEMBL3363474,CSc1nccc(-c2c(-c3ccc(F)cc3)nc3nc(-c4cn(CC(=O)[O-])nn4)ccn23)n1.[Na+],,False,False,CWJBAPFHGXBIMX-UHFFFAOYSA-M,6,JAK2_b2e6676788,curated_from_chembl_api,4.0,ChEMBL,CHEMBL3314273,train,JAK2
IC50,170.0,CHEMBL1102456,O=c1[nH]c2cnc(-n3cnc4ccccc43)nc2n1C1CCOc2ccccc21,,False,False,IYQNSOWQLSAIBF-UHFFFAOYSA-N,6,JAK2_db3a321aeb,curated_from_chembl_api,6.769551,ChEMBL,CHEMBL1079525,train,JAK2
IC50,11410.0,CHEMBL1613998,Cc1nn(Cc2ccc(Cl)cc2Cl)c(C)c1NC(=O)CCl,,False,False,FZASWUJFYQIWBM-UHFFFAOYSA-N,6,JAK2_56ebccdcf5,curated_from_chembl_api,4.942714,ChEMBL,CHEMBL1417496,train,JAK2
IC50,1200.0,CHEMBL2188525,CN1CCN(c2ccc(Nc3ncc4nc(Nc5ccccc5)n(C5CCCC5)c4n3)cc2)CC1,,False,False,QPOURHROVVCOHC-UHFFFAOYSA-N,6,JAK2_1ba607a497,curated_from_chembl_api,5.920819,ChEMBL,CHEMBL2178352,train,JAK2
IC50,450.0,CHEMBL1937386,CN1C/C=C/CCOc2cccc(c2)-c2nc(nc3[nH]cnc23)Nc2cccc(c2)C1,,False,True,IADKHXRZAFUCSV-NSCUHMNNSA-N,18,JAK2_8c4874ec3d,curated_from_chembl_api,6.346787,ChEMBL,CHEMBL1933344,train,JAK2
IC50,446.0,CHEMBL2378977,CC(=O)N[C@@H]1CCc2ccc(Oc3cnc4[nH]cc(C(=O)N[C@@H](C(=O)N5CC(C#N)C5)C(C)(C)C)c4n3)cc21,,False,False,WZRKPAUVPLLULB-QPPBQGQZSA-N,6,JAK2_347a6efb4d,curated_from_chembl_api,6.350665,ChEMBL,CHEMBL2376440,train,JAK2
IC50,220.0,CHEMBL1948620,CN1CCN(CCOc2ccc3cc2CN(C)C/C=C/CCOc2cccc(c2)-c2ccnc(n2)N3)CC1,,False,True,JZZOHGCQTMNNHS-ONEGZZNKSA-N,18,JAK2_77e9cdb162,curated_from_chembl_api,6.657577,ChEMBL,CHEMBL1945706,train,JAK2
IC50,8580.0,CHEMBL1011746,CN1CCN(c2ccc(-c3ccc4[nH]nc(N)c4c3)cc2)CC1,,False,False,KRHPSHLHIMPROB-UHFFFAOYSA-N,6,JAK2_ccd5157645,curated_from_chembl_api,5.066513,ChEMBL,CHEMBL519279,train,JAK2
IC50,200.0,CHEMBL1049518,Oc1ccc(C2Nc3ccccc3-c3ncnc4[nH]cc2c34)c(F)c1,,False,False,IROWCEJAOYOCFJ-UHFFFAOYSA-N,7,JAK2_9475c16aaa,curated_from_chembl_api,6.69897,ChEMBL,CHEMBL604038,train,JAK2
IC50,6620.0,CHEMBL3363474,O=c1cc(-c2[nH]c(C3CCNCC3)nc2-c2ccc(F)cc2)cc[nH]1,,False,False,BQMYSDCMUDBCHJ-UHFFFAOYSA-N,6,JAK2_8a98d94bcd,curated_from_chembl_api,5.179142,ChEMBL,CHEMBL3314283,train,JAK2
IC50,0.6,CHEMBL2329570,N#CC1CN(C(=O)[C@H](NC(=O)c2c[nH]c3ncc(C4CC4)nc23)C2CC2)C1,,False,False,MIHIZGXUSZQEJD-OAHLLOKOSA-N,6,JAK2_c385760536,curated_from_chembl_api,9.221849,ChEMBL,CHEMBL2325896,train,JAK2
IC50,2.0,CHEMBL1941383,CC(C)(C)NS(=O)(=O)c1ccc(-c2cc3c(N)ncc(C(=O)NCCN4CCOCC4)c3s2)cc1,,False,False,ILYLHLOBPWMKMH-UHFFFAOYSA-N,6,JAK2_9cb6a29d8d,curated_from_chembl_api,8.69897,ChEMBL,CHEMBL1938659,train,JAK2
IC50,900.0,CHEMBL2378977,CC(C)NC(=O)c1c[nH]c2ncc(Oc3ccc(C#N)cc3)nc12,,False,False,VCYTZLRIHWNOGN-UHFFFAOYSA-N,6,JAK2_7e3dee0498,curated_from_chembl_api,6.045757,ChEMBL,CHEMBL2376335,train,JAK2
IC50,298.0,CHEMBL1107753,CN(CC#N)C(=O)c1ccc(-c2ccnc(Nc3ccc(N4CCOCC4)cc3)n2)cc1,,False,False,VOMQGBZTOWNIRU-UHFFFAOYSA-N,6,JAK2_6f4c447e44,curated_from_chembl_api,6.525784,ChEMBL,CHEMBL1078370,train,JAK2
IC50,4.2,CHEMBL2214787,CC(=O)Nc1ccc(-c2ccnc(Nc3cccc(N4CCOCC4)c3)n2)cc1,,False,False,VRBKKJSGMYCOFW-UHFFFAOYSA-N,6,JAK2_20c09468c6,curated_from_chembl_api,8.376751,ChEMBL,CHEMBL2208025,train,JAK2
IC50,4365.0,CHEMBL1613998,Br.CCCCn1c(=N)n(CC(=O)c2ccc(Br)s2)c2ccccc21,,False,False,LYHIAHWATTYRAK-UHFFFAOYSA-N,6,JAK2_48bad702c4,curated_from_chembl_api,5.360016,ChEMBL,CHEMBL1306583,train,JAK2
IC50,72.0,CHEMBL1941383,Nc1ncc(C(=O)Nc2ccccc2)c2sc(-c3ccc(N4CCOCC4)cc3)cc12,,False,False,JCLVRHLKXKPHHX-UHFFFAOYSA-N,6,JAK2_f8aebb0aa0,curated_from_chembl_api,7.142668,ChEMBL,CHEMBL1938645,train,JAK2
IC50,30.0,CHEMBL1107753,COc1cc(-c2ccnc(Nc3ccc(N4CCOCC4)cc3)n2)ccc1C(=O)NCC#N,,False,False,OGYJYBMWSHOXRO-UHFFFAOYSA-N,6,JAK2_5b73b9e127,curated_from_chembl_api,7.522879,ChEMBL,CHEMBL1078364,train,JAK2
IC50,1711.0,CHEMBL1613998,COc1ccc(Nc2ccc3c(c2)=NC2(CCCCC2)[N+]=3[O-])cc1,,False,False,HWFYFSNVLANFJX-UHFFFAOYSA-N,6,JAK2_478a83525a,curated_from_chembl_api,5.76675,ChEMBL,CHEMBL1427637,train,JAK2
IC50,12.6,CHEMBL2214787,CC(=O)Nc1ccc(-c2ccnc(Nc3cccc(NC(=O)c4c(Cl)cccc4Cl)c3)n2)cc1,,False,False,YJLSAFWTHWLPPK-UHFFFAOYSA-N,6,JAK2_18328acc7d,curated_from_chembl_api,7.899629,ChEMBL,CHEMBL2207764,train,JAK2
IC50,2882.0,CHEMBL1839965,CCN1CCN(c2ccc(Nc3cc(N(C)C(=O)Nc4c(Cl)c(OC)cc(OC)c4Cl)ncn3)cc2)CC1.O=P(O)(O)O,,False,False,GUQNHCGYHLSITB-UHFFFAOYSA-N,6,JAK2_a6f302e8b7,curated_from_chembl_api,5.540306,ChEMBL,CHEMBL1834657,train,JAK2
IC50,510.0,CHEMBL1641117,Cc1cc(NC(=O)N2CC[C@@H](C)[C@@H](N(C)c3ncnc4[nH]ccc34)C2)sn1,,False,False,XZXYNRDSRVDEFY-RISCZKNCSA-N,6,JAK2_05122e5146,curated_from_chembl_api,6.29243,ChEMBL,CHEMBL1630789,train,JAK2
IC50,1030.0,CHEMBL952061,Cc1ccc(NC(=O)c2cccc(C(F)(F)F)c2)cc1C(=O)Nc1cnc(Nc2ccc(N3CCN(C)CC3)cc2)nc1,,False,False,YMZHRXONGJQIMG-UHFFFAOYSA-N,6,JAK2_0a92dd77d6,curated_from_chembl_api,5.987163,ChEMBL,CHEMBL272888,train,JAK2
IC50,34.5,CHEMBL2186603,Cc1ccc(Cl)cc1-c1nn(C)cc1NC(=O)c1cnn2cccnc12,,False,False,IDCYJIXJAWIGMX-UHFFFAOYSA-N,6,JAK2_177b249eea,curated_from_chembl_api,7.462181,ChEMBL,CHEMBL2178800,train,JAK2
IC50,24.0,CHEMBL2184201,CCN(CC)CCOc1ccc2cc1COCC=CCOCc1cccc(c1)-c1ccnc(n1)N2,,False,True,MLIJDZYVRSRDJT-UHFFFAOYSA-N,18,JAK2_8693a4181d,curated_from_chembl_api,7.619789,ChEMBL,CHEMBL2181329,train,JAK2
IC50,250.0,CHEMBL2378977,CC(C)NC(=O)c1c[nH]c2ncc(Oc3ccccc3)nc12,,False,False,GFOUEDIPVAYXKK-UHFFFAOYSA-N,6,JAK2_1717a410f4,curated_from_chembl_api,6.60206,ChEMBL,CHEMBL2376330,train,JAK2
IC50,1950.0,CHEMBL1011746,CC(C)(C)NC(=O)c1ccc(-c2ccc3[nH]nc(N)c3c2)cc1,,False,False,CIKBLPHOAAJDCO-UHFFFAOYSA-N,6,JAK2_55ac41bae4,curated_from_chembl_api,5.709965,ChEMBL,CHEMBL447670,train,JAK2
IC50,15.0,CHEMBL1107850,COc1cc(Nc2nc3cccc(-c4ccccc4)c3o2)cc(OC)c1OC,,False,False,VCWXWVQQCDUJCG-UHFFFAOYSA-N,6,JAK2_a53c4d9c0f,curated_from_chembl_api,7.823909,ChEMBL,CHEMBL1081290,train,JAK2
IC50,1.5,CHEMBL1926252,C[C@H](O)CN1CCC(c2ccc(Nc3ncc4ccc(-c5cccc(S(=O)(=O)NC(C)(C)C)c5)n4n3)cc2)CC1,,False,False,ZVEIHLPLPNRAHW-NRFANRHFSA-N,6,JAK2_3313baf2be,curated_from_chembl_api,8.823909,ChEMBL,CHEMBL1921819,train,JAK2
IC50,4.0,CHEMBL2383938,Cc1cc(Nc2nc(O[C@@H](C)c3ncc(F)cc3F)c(F)c(N3CCOCC3)n2)n[nH]1,,False,False,CIYADEJAXJTPOH-NSHDSACASA-N,6,JAK2_55b934be09,curated_from_chembl_api,8.39794,ChEMBL,CHEMBL2381984,train,JAK2
IC50,720.0,CHEMBL1948620,OCCN1C/C=C/CCOc2cccc(c2)-c2ccnc(n2)Nc2cccc(c2)C1,,False,True,HWIHAMKZTYYAKI-OWOJBTEDSA-N,18,JAK2_0a392ff493,curated_from_chembl_api,6.142668,ChEMBL,CHEMBL1945047,train,JAK2
IC50,6492.0,CHEMBL1613998,COc1ccccc1C(C[N+](=O)[O-])c1c(N)n(C)c(=O)n(C)c1=O,,False,False,RCJPUSOUOAULCR-UHFFFAOYSA-N,6,JAK2_51ec31bf24,curated_from_chembl_api,5.187621,ChEMBL,CHEMBL1326817,train,JAK2
IC50,242.0,CHEMBL2186603,Cn1cc(NC(=O)c2cnn3cccnc23)c(-c2c(Cl)cccc2Cl)n1,,False,False,JRCGYAAWGVMLMW-UHFFFAOYSA-N,6,JAK2_42140b447a,curated_from_chembl_api,6.616185,ChEMBL,CHEMBL2177122,train,JAK2
IC50,7.3,CHEMBL1685409,Cc1cc(Nc2nc(N3CCN(C(=O)c4ccccc4Cl)CC3)nn3cccc23)n[nH]1,,False,False,GSWUREBNRYSHSL-UHFFFAOYSA-N,6,JAK2_1ca43c17b9,curated_from_chembl_api,8.136677,ChEMBL,CHEMBL1682378,train,JAK2
IC50,1270.0,CHEMBL3118993,O=C1NC(=O)C(c2c[nH]c3ccccc23)=C1Nc1ccc(OCCCNc2ccnc(F)c2)cc1,,False,False,KASQUAQOPLNJCY-UHFFFAOYSA-N,6,JAK2_6fe91bdb49,curated_from_chembl_api,5.896196,ChEMBL,CHEMBL3114771,train,JAK2
IC50,141.0,CHEMBL908418,COC[C@H](C)Nc1cc(-c2ccoc2)nc(-n2cnc3ccncc32)n1.Cl,,False,False,HYIZYKALRRUCKV-YDALLXLXSA-N,6,JAK2_961fff5a83,curated_from_chembl_api,6.850781,ChEMBL,CHEMBL557844,train,JAK2
IC50,1200.0,CHEMBL2184201,C1=CCCOc2cccc(c2)-c2ccnc(n2)Nc2cccc(c2)OCC1,,False,True,UHIXWXSSDNZPPY-UHFFFAOYSA-N,18,JAK2_c18ec7771e,curated_from_chembl_api,5.920819,ChEMBL,CHEMBL2181315,train,JAK2
IC50,10000.0,CHEMBL908418,Cc1nc2ccncc2n1-c1nccc(N[C@@H](C)c2ccccc2)n1,,False,False,ULUXLMLAWYUOPB-ZDUSSCGKSA-N,6,JAK2_c7bfb6cce9,curated_from_chembl_api,5.0,ChEMBL,CHEMBL217937,train,JAK2
IC50,1500.0,CHEMBL1613998,CCN1C/C(=C/c2ccc(OC)c(O)c2)C(=O)/C(=C/c2ccc(OC)c(O)c2)C1,,False,False,UDVWXXKUVFFLEB-BUOZRGFLSA-N,6,JAK2_bf16d362a9,curated_from_chembl_api,5.823909,ChEMBL,CHEMBL1459746,train,JAK2
IC50,1.0,CHEMBL1926252,CN1CCN(c2ccc(Nc3ncc4ccc(-c5cccc(S(=O)(=O)NC(C)(C)C)c5)n4n3)cc2F)CC1,,False,False,DYDMXIWYULAKCW-UHFFFAOYSA-N,6,JAK2_0be5e5cb2a,curated_from_chembl_api,9.0,ChEMBL,CHEMBL1923586,train,JAK2
IC50,9300.0,CHEMBL1011746,Nc1n[nH]c2ccc(-c3cc[nH]n3)cc12,,False,False,IGZUVSXJCYZCJZ-UHFFFAOYSA-N,6,JAK2_c2fa5306ba,curated_from_chembl_api,5.031517,ChEMBL,CHEMBL479619,train,JAK2
IC50,1.3,CHEMBL2067611,CS(=O)(=O)c1ccc(Nc2nc3c(-c4ccc(S(C)(=O)=O)cc4)cccn3n2)cc1,,False,False,WSPIZPODLJKULH-UHFFFAOYSA-N,6,JAK2_cb5596e52c,curated_from_chembl_api,8.886057,ChEMBL,CHEMBL2062801,train,JAK2
IC50,133600.0,CHEMBL1227372,O=C(CCc1cn(Cc2ccc(Cl)cc2)c2ccccc12)Nc1ccncc1,,False,False,KTMXBAQZQLHSIQ-UHFFFAOYSA-N,6,JAK2_5c694234ac,curated_from_chembl_api,3.874194,ChEMBL,CHEMBL185140,train,JAK2
IC50,75.0,CHEMBL1043451,Cc1cc(Nc2nc(N[C@H](C)c3ccc(F)cn3)c(C#N)nc2C)n[nH]1,,False,False,FLYNZEXUURBXAW-SNVBAGLBSA-N,6,JAK2_e118ddf262,curated_from_chembl_api,7.124939,ChEMBL,CHEMBL570230,train,JAK2
IC50,790.0,CHEMBL1011746,CCS(=O)(=O)c1ccc(-c2ccc3[nH]nc(N)c3c2)cc1,,False,False,OBWNDLABSGHHAC-UHFFFAOYSA-N,6,JAK2_5b5a4d4655,curated_from_chembl_api,6.102373,ChEMBL,CHEMBL481985,train,JAK2
IC50,3.0,CHEMBL1103123,COc1cc(Nc2ncc(C)s2)nc(N[C@@H](C)c2ncc(F)cn2)n1,,False,False,WGKSOSILOJKGAV-VIFPVBQESA-N,6,JAK2_eb0f359259,curated_from_chembl_api,8.522879,ChEMBL,CHEMBL1088029,train,JAK2
IC50,1800.0,CHEMBL1102456,O=c1[nH]c2cnc(-n3cnc4cc(C(F)(F)F)ccc43)nc2n1C1CCOCC1,,False,False,ZPKZKZHOCOFPQU-UHFFFAOYSA-N,6,JAK2_f97e77572b,curated_from_chembl_api,5.744727,ChEMBL,CHEMBL1087236,train,JAK2
IC50,29.0,CHEMBL908418,C[C@H](Nc1cc(-c2ccoc2)nc(-n2cnc3ccc(C#N)cc32)n1)c1ccccc1,,False,False,FBIBUVNBGIWSET-INIZCTEOSA-N,6,JAK2_0ea667a781,curated_from_chembl_api,7.537602,ChEMBL,CHEMBL375205,train,JAK2
IC50,0.4,CHEMBL1840262,Cn1cc(-c2ccc3c(c2)[nH]c2c(C(N)=O)cnc(N[C@H](C4CC4)C(F)(F)F)c23)cn1,,False,False,KFXMLXYIPRAORY-GOSISDBHSA-N,6,JAK2_1cc95fb461,curated_from_chembl_api,9.39794,ChEMBL,CHEMBL1835142,train,JAK2
IC50,13710.0,CHEMBL1613998,O=C(Nc1cccc2c1[nH]c1ccccc12)C(F)(F)F,,False,False,ZZVSTWVVMYTUJI-UHFFFAOYSA-N,6,JAK2_da21376389,curated_from_chembl_api,4.862963,ChEMBL,CHEMBL1386220,train,JAK2
IC50,1600.0,CHEMBL2040119,CN1C/C=C/CCn2ccc3ccc(cc32)-c2ccnc(n2)Nc2cccc(c2)C1,,False,True,POMYHNIMGZPDRA-NSCUHMNNSA-N,18,JAK2_e8596d56e7,curated_from_chembl_api,5.79588,ChEMBL,CHEMBL2035042,train,JAK2
IC50,0.6,CHEMBL1685409,Cc1cc(Nc2nc(N3CCN(C(=O)Cc4ccc(Cl)cc4)CC3)nn3cccc23)n[nH]1,,False,False,PEWNLAZCWLHUMS-UHFFFAOYSA-N,6,JAK2_bc8d95b8eb,curated_from_chembl_api,9.221849,ChEMBL,CHEMBL1682386,train,JAK2
IC50,18.0,CHEMBL2040119,C1=C/COCc2cc(ccc2OCCN2CCCC2)Nc2nccc(n2)-c2ccnc(c2)OCC/1,,False,True,OXTDGTVIBFENNG-DAFODLJHSA-N,18,JAK2_dd65fc4349,curated_from_chembl_api,7.744727,ChEMBL,CHEMBL2035052,train,JAK2
IC50,355.2,CHEMBL2329570,C[C@H](NC(=O)c1c[nH]c2ncc(C3CC3)nc12)C1CCCCC1,,False,False,RAMKRKRPBSBNMP-NSHDSACASA-N,6,JAK2_d5d27dfd44,curated_from_chembl_api,6.449527,ChEMBL,CHEMBL2325907,train,JAK2
IC50,4.0,CHEMBL1103122,Cc1cnc(Nc2cncc(N[C@@H](C)c3ncc(F)cn3)n2)s1,,False,False,LPLPZSMLCGODQL-VIFPVBQESA-N,6,JAK2_37bf299c61,curated_from_chembl_api,8.39794,ChEMBL,CHEMBL1087898,train,JAK2
IC50,0.5,CHEMBL1926252,COc1ccccc1-c1ccc2cnc(Nc3ccc(N4CCN(C[C@H](C)O)CC4)c(F)c3)nn12,,False,False,MBYILQJHVBMZBA-SFHVURJKSA-N,6,JAK2_67619c76a6,curated_from_chembl_api,9.30103,ChEMBL,CHEMBL1923579,train,JAK2
IC50,10.0,CHEMBL3374493,Cc1ccc(C(F)(F)F)cc1-c1[nH]c(-c2ccnc(N)n2)cc1C(N)=O,,False,False,BOOUSDCCWQVKID-UHFFFAOYSA-N,6,JAK2_344d035961,curated_from_chembl_api,8.0,ChEMBL,CHEMBL3330124,train,JAK2
IC50,28.0,CHEMBL1102456,N#Cc1ccc2ncn(-c3ncc4[nH]c(=O)n(Cc5c(F)cccc5F)c4n3)c2c1,,False,False,MDEJMNFUZCWVBX-UHFFFAOYSA-N,6,JAK2_93bce114c0,curated_from_chembl_api,7.552842,ChEMBL,CHEMBL1079523,train,JAK2
IC50,480.0,CHEMBL1641117,C[C@@H]1CCN(C(=O)CO)C[C@@H]1N(C)c1ncnc2[nH]ccc12,,False,False,CCOHWQFOFWCBMH-PWSUYJOCSA-N,6,JAK2_78be45a21d,curated_from_chembl_api,6.318759,ChEMBL,CHEMBL1630791,train,JAK2
IC50,3619.0,CHEMBL1613998,CCCc1nc2ccccc2c(=O)n1/N=C/c1ccc(O)c(O)c1,,False,False,ZAGYRXCHJNKGDS-YBFXNURJSA-N,6,JAK2_fe3a302ec1,curated_from_chembl_api,5.441411,ChEMBL,CHEMBL3214200,train,JAK2
IC50,0.64,CHEMBL2067611,CS(=O)(=O)c1ccc(-c2cccn3nc(Nc4cccc(CN5CCS(=O)(=O)CC5)c4)nc23)cc1,,False,False,XHYSVEHSAPSKSY-UHFFFAOYSA-N,6,JAK2_4635e8b5a7,curated_from_chembl_api,9.19382,ChEMBL,CHEMBL2062807,train,JAK2
IC50,11400.0,CHEMBL2327181,FC(F)(F)c1nc2cnc3[nH]ccc3c2n1C1CCCCC1,,False,False,DAEHEXHIXLMIJT-UHFFFAOYSA-N,6,JAK2_88aab806f5,curated_from_chembl_api,4.943095,ChEMBL,CHEMBL2322139,train,JAK2
IC50,3.0,CHEMBL1103123,C[C@H](Nc1nc(Nc2ncc(C#N)s2)cc(N2CCOCC2)n1)c1ccc(F)cn1,,False,False,ZIPDKFHUDBCNEM-LBPRGKRZSA-N,6,JAK2_349178859a,curated_from_chembl_api,8.522879,ChEMBL,CHEMBL1087398,train,JAK2
IC50,6000.0,CHEMBL2327181,Cc1nc2cnc3[nH]ccc3c2n1C1CCCCC1,,False,False,XXXPSYBQNILIFB-UHFFFAOYSA-N,6,JAK2_6bffee181b,curated_from_chembl_api,5.221849,ChEMBL,CHEMBL2159198,train,JAK2
IC50,43.0,CHEMBL3374493,CNc1nccc(-c2cc(C(N)=O)c(-c3cc(Cl)ccc3C)[nH]2)n1,,False,False,BGPKIRZIIRONDF-UHFFFAOYSA-N,6,JAK2_d0967076f8,curated_from_chembl_api,7.366532,ChEMBL,CHEMBL3330118,train,JAK2
IC50,1235.0,CHEMBL3374493,Cc1ccc(Cl)cc1-c1[nH]c(-c2ccncn2)cc1C(N)=O,,False,False,AOUBZGNTXINLBC-UHFFFAOYSA-N,6,JAK2_61625c48ba,curated_from_chembl_api,5.908333,ChEMBL,CHEMBL3330117,train,JAK2
IC50,21513.0,CHEMBL3136746,COc1cc(Nc2nccc(-c3ccc(Cl)cc3)n2)cc(OC)c1OC,,False,False,YMFWMHNWDMYUDT-UHFFFAOYSA-N,6,JAK2_3c0d066975,curated_from_chembl_api,4.667299,ChEMBL,CHEMBL3134612,train,JAK2
IC50,2906.0,CHEMBL1613998,Clc1ccc(-n2nnnc2Sc2ncnc3sccc23)cc1,,False,False,FEXPLGPKTJVGOT-UHFFFAOYSA-N,6,JAK2_61db91efb0,curated_from_chembl_api,5.536704,ChEMBL,CHEMBL1557820,train,JAK2
IC50,30.0,CHEMBL3377596,C[C@@H](Nc1c(C(N)=O)cnn2cccc12)C(C)(C)C,,False,False,PNFSAIKBTUBIOW-SECBINFHSA-N,6,JAK2_334ed3669d,curated_from_chembl_api,7.522879,ChEMBL,CHEMBL3359907,train,JAK2
IC50,10080.0,CHEMBL3118993,O=C1NC(=O)C(c2c[nH]c3ccccc23)=C1Nc1cccc(OC2CN(c3ccnc(F)c3)C2)c1,,False,False,KUQPKFVKXRXCRU-UHFFFAOYSA-N,6,JAK2_0e2e03941d,curated_from_chembl_api,4.996539,ChEMBL,CHEMBL3114785,train,JAK2
IC50,49.0,CHEMBL1840262,CCCCNc1ncc(C(N)=O)c2[nH]c3ccc(F)cc3c12,,False,False,INKVVMVGSICIEZ-UHFFFAOYSA-N,6,JAK2_0d848f1cb9,curated_from_chembl_api,7.309804,ChEMBL,CHEMBL1835017,train,JAK2
IC50,6.9,CHEMBL2214787,CC(=O)Nc1ccc(-c2ccnc(Nc3cccc(NC(=O)c4ccccc4Cl)c3)n2)cc1,,False,False,GCJZCJOWHACAFB-UHFFFAOYSA-N,6,JAK2_be1b46c1d1,curated_from_chembl_api,8.161151,ChEMBL,CHEMBL2207766,train,JAK2
IC50,10000.0,CHEMBL1064437,CC(C)(C)C(=O)N1Cc2c(NC(=O)c3cc(F)cc(F)c3)n[nH]c2C1(C)C,,False,False,QXBKFUBBGBWPCJ-UHFFFAOYSA-N,6,JAK2_d538809150,curated_from_chembl_api,5.0,ChEMBL,CHEMBL604712,train,JAK2
IC50,3.1,CHEMBL2067611,CN1CCN(Cc2cccc(Nc3nc4c(-c5ccc(S(C)(=O)=O)cc5)cccn4n3)c2)CC1,,False,False,YWMLURLUTWNCDX-UHFFFAOYSA-N,6,JAK2_86274ac229,curated_from_chembl_api,8.508638,ChEMBL,CHEMBL2062806,train,JAK2
IC50,72.0,CHEMBL1116984,COc1cc(-c2cnc3cccc(-c4ccc(C(=O)N5CCOCC5)cc4)c3n2)cc(OC)c1OC,,False,False,OULZBAGEWRZSEB-UHFFFAOYSA-N,6,JAK2_bc7f2f8905,curated_from_chembl_api,7.142668,ChEMBL,CHEMBL1091565,train,JAK2
IC50,384.0,CHEMBL3374493,Cc1ccc(Cl)cc1-c1[nH]c(-c2ccnc(N)n2)cc1C(=O)NCC(C)C,,False,False,JCPLJMMYNOZMBU-UHFFFAOYSA-N,6,JAK2_83f2649a0b,curated_from_chembl_api,6.415669,ChEMBL,CHEMBL3330111,train,JAK2
IC50,130.0,CHEMBL1044318,CCOC(=O)C1CCCN(c2cc(-c3c(N)nn4cccnc34)ncn2)C1,,False,False,QGOAHVCCBKWAON-UHFFFAOYSA-N,6,JAK2_acc745bbd8,curated_from_chembl_api,6.886057,ChEMBL,CHEMBL571119,train,JAK2
IC50,21000.0,CHEMBL2384683,COc1ccc2c(c1)C(=O)N(c1nc(C(=O)Nc3cnccc3N3CCNCC3)cs1)C2,,False,False,KLJVDMAOKMSBQX-UHFFFAOYSA-N,6,JAK2_6bebe2f849,curated_from_chembl_api,4.677781,ChEMBL,CHEMBL2381116,train,JAK2
IC50,10000.0,CHEMBL1656532,COc1cc(O)c2c(c1)CCC[C@H](O)[C@H](O)C(=O)/C=C\C[C@H](C)OC2=O,,False,True,QXPNJMHRUZCEAP-UXBSLASESA-N,14,JAK2_42eda36dd1,curated_from_chembl_api,5.0,ChEMBL,CHEMBL2012519,train,JAK2
IC50,50.0,CHEMBL1948620,CN1C/C=C/CCOc2cccc(c2)-c2ccnc(n2)Nc2cc(N)cc(c2)C1,,False,True,JCRCSNBABSGPEN-NSCUHMNNSA-N,18,JAK2_5820b88f74,curated_from_chembl_api,7.30103,ChEMBL,CHEMBL1946006,train,JAK2
IC50,1115.0,CHEMBL1291235,O=c1[nH]ccc2nc(NCc3ccccn3)c3ccc(F)cc3c12,,False,False,NKVMMNLSDVEDCO-UHFFFAOYSA-N,6,JAK2_58abbc6ba8,curated_from_chembl_api,5.952725,ChEMBL,CHEMBL1290424,train,JAK2
IC50,10000.0,CHEMBL3268711,Cn1ccc2cccc(Nc3nc(N[C@@H]4CCCC[C@@H]4N)cc4nc[nH]c(=O)c34)c21,,False,False,ZOWLYZDDVZVMPV-LSDHHAIUSA-N,6,JAK2_8d71f4b7aa,curated_from_chembl_api,5.0,ChEMBL,CHEMBL3262359,train,JAK2
IC50,150.0,CHEMBL1102770,COc1cc(Nc2nc3cccc(-c4cccc(NS(C)(=O)=O)c4)c3o2)cc(OC)c1OC,,False,False,XZUACEBPSMDTSG-UHFFFAOYSA-N,6,JAK2_816a38b335,curated_from_chembl_api,6.823909,ChEMBL,CHEMBL1081976,train,JAK2
IC50,1110.0,CHEMBL1613998,O=C(CCl)/N=c1\sccn1Cc1ccccc1Cl,,False,False,PYEWRVJBQXWXNV-QINSGFPZSA-N,6,JAK2_392e861f10,curated_from_chembl_api,5.954677,ChEMBL,CHEMBL3193058,train,JAK2
IC50,53.0,CHEMBL3374493,NC(=O)c1cc(-c2ccnc(N)n2)[nH]c1-c1cc(Cl)ccc1C(F)(F)F,,False,False,FWVOSTMZZQGURQ-UHFFFAOYSA-N,6,JAK2_04ac301396,curated_from_chembl_api,7.275724,ChEMBL,CHEMBL3330128,train,JAK2
IC50,10000.0,CHEMBL3381081,OCCCNc1ccc2c(c1)nc(-c1ccc3c(c1)OCO3)n1ncnc21,,False,False,GIAVVFIPFBOBRR-UHFFFAOYSA-N,6,JAK2_a238e9d43d,curated_from_chembl_api,5.0,ChEMBL,CHEMBL3309997,train,JAK2
IC50,9150.0,CHEMBL1657171,CN(C)c1ccc(C(F)(F)F)c(C2=C(c3c[nH]c4ccccc34)C(=O)NC2=O)c1,,False,False,LEYNTKLXQDXVGJ-UHFFFAOYSA-N,6,JAK2_e9e7548316,curated_from_chembl_api,5.038579,ChEMBL,CHEMBL1650954,train,JAK2
IC50,1406.0,CHEMBL2067611,Nc1nc2c(-c3ccncc3)cccn2n1,,False,False,RTIGNTBNXXAABX-UHFFFAOYSA-N,6,JAK2_2fcf0c292c,curated_from_chembl_api,5.852015,ChEMBL,CHEMBL2062790,train,JAK2
IC50,178.0,CHEMBL3239499,Cc1cccc(Nc2sc(-c3ccc(F)cc3F)cc2C(N)=O)n1,,False,False,AGPCFCFLRORQFL-UHFFFAOYSA-N,6,JAK2_031455ed44,curated_from_chembl_api,6.74958,ChEMBL,CHEMBL3234880,train,JAK2
IC50,100000.0,CHEMBL3363474,Oc1ccc(-c2nc(-c3ccc(F)cc3)c(-c3ccncc3)[nH]2)cc1,,False,False,QHKYPYXTTXKZST-UHFFFAOYSA-N,6,JAK2_3a930d656a,curated_from_chembl_api,4.0,ChEMBL,CHEMBL278041,train,JAK2
IC50,260.0,CHEMBL2184201,COc1ccc2cc1COCC=CCOc1cccc(c1)-c1ccnc(n1)N2,,False,True,WVSIOWNEXQMNSF-UHFFFAOYSA-N,17,JAK2_efbd18d7a2,curated_from_chembl_api,6.585027,ChEMBL,CHEMBL2181318,train,JAK2
IC50,40000.0,CHEMBL2019675,CSc1ccccc1Nc1nc(N2CCNCC2)nc2c(NCC3CC3)ncnc12,,False,False,HFLMLZKGLUEWBU-UHFFFAOYSA-N,6,JAK2_a47ffa20df,curated_from_chembl_api,4.39794,ChEMBL,CHEMBL2017214,train,JAK2
IC50,84.0,CHEMBL2184201,OCCN1CCN(c2ccc3cc2COCC=CCOCc2cccc(c2)-c2ccnc(n2)N3)CC1,,False,True,WFFGKDZTGGLZGQ-UHFFFAOYSA-N,18,JAK2_11f8c9d4db,curated_from_chembl_api,7.075721,ChEMBL,CHEMBL2181324,train,JAK2
IC50,7.3,CHEMBL2040119,C1=C/COCc2cc(ccc2OCCN2CCCC2)Nc2nccc(n2)-c2ccc(s2)COC/1,,False,True,HXETYVYQZULBML-ONEGZZNKSA-N,18,JAK2_522c241c10,curated_from_chembl_api,8.136677,ChEMBL,CHEMBL2035183,train,JAK2
IC50,10000.0,CHEMBL1948127,Cn1c2c(c3ccc(Cl)c(Cl)c31)C(C#N)C1(CCNCC1)NC2=O,,False,False,OWAWOKKHZNRHGV-UHFFFAOYSA-N,6,JAK2_9308a0b3ff,curated_from_chembl_api,5.0,ChEMBL,CHEMBL1945559,train,JAK2
IC50,1.5,CHEMBL1044318,Nc1nn2cccnc2c1-c1cc(NCc2ccc(F)cc2)ncn1,,False,False,NDEINSMNUHKCPT-UHFFFAOYSA-N,6,JAK2_02db94a4e8,curated_from_chembl_api,8.823909,ChEMBL,CHEMBL570686,train,JAK2
IC50,24.0,CHEMBL3374493,NC(=O)c1cc(-c2ccnc(N)n2)[nH]c1-c1cc(OC(F)(F)F)ccc1Cl,,False,False,IVXPIHCWBHLFEM-UHFFFAOYSA-N,6,JAK2_5398d50772,curated_from_chembl_api,7.619789,ChEMBL,CHEMBL3330126,train,JAK2
IC50,5.0,CHEMBL1840262,C[C@H](Nc1ccc(C(N)=O)c2[nH]c3cc(-c4cnn(C)c4)ccc3c12)C(C)(C)C,,False,False,LUNNEKXNBPTSAG-ZDUSSCGKSA-N,6,JAK2_0f122b00bd,curated_from_chembl_api,8.30103,ChEMBL,CHEMBL1835039,train,JAK2
IC50,230.0,CHEMBL1840118,CCNc1ncc(C(N)=O)c2[nH]c3ccc(F)cc3c12,,False,False,VYCZGZDYYGZFCM-UHFFFAOYSA-N,6,JAK2_1799a43d5c,curated_from_chembl_api,6.638272,ChEMBL,CHEMBL1835014,train,JAK2
IC50,2500.0,CHEMBL1292866,CN(C)c1ccc(Nc2nc(N)n(C(=O)c3c(F)cccc3F)n2)cc1,,False,False,ZGFGFQUPXGGIOJ-UHFFFAOYSA-N,6,JAK2_f4b445f0d9,curated_from_chembl_api,5.60206,ChEMBL,CHEMBL1288002,train,JAK2
IC50,20.0,CHEMBL1044318,CC(C)Nc1cc(-c2c(N)nn3cccnc23)ncn1,,False,False,FORJSACMWZCLAC-UHFFFAOYSA-N,6,JAK2_078daf1496,curated_from_chembl_api,7.69897,ChEMBL,CHEMBL568790,train,JAK2
IC50,3.6,CHEMBL2214787,CC(=O)Nc1ccc(-c2ccnc(Nc3ccc(N4CCOCC4)cc3)n2)cc1,,False,False,RMBHIVQOFNFWFU-UHFFFAOYSA-N,6,JAK2_927180c033,curated_from_chembl_api,8.443697,ChEMBL,CHEMBL1077458,train,JAK2
IC50,68.3,CHEMBL2154716,CC(C)Oc1cc(-n2cnc3ccc(N[C@@H](C)c4ccc(F)cn4)nc32)n[nH]1,,False,False,FZBVNCFBCNXULH-LBPRGKRZSA-N,6,JAK2_1987bf3668,curated_from_chembl_api,7.165579,ChEMBL,CHEMBL2151321,train,JAK2
IC50,0.3,CHEMBL2329570,N#C[C@@H]1CCN(C(=O)[C@H](NC(=O)c2c[nH]c3ncc(C4CC4)nc23)C2CC2)C1,,False,False,WRLLXWRAXRGFBQ-MEDUHNTESA-N,6,JAK2_69b6c7ad6e,curated_from_chembl_api,9.522879,ChEMBL,CHEMBL2325897,train,JAK2
IC50,7505.0,CHEMBL1613998,O=C(/C=C/c1ccc(O)c(O)c1)c1ccc(S(=O)(=O)N2CCCCCC2)cc1,,False,False,GXFSGKQBMVFDCW-VZUCSPMQSA-N,7,JAK2_1d134684ff,curated_from_chembl_api,5.124649,ChEMBL,CHEMBL1511663,train,JAK2
IC50,6.0,CHEMBL1107753,CS(=O)(=O)Nc1ccc(-c2ccnc(Nc3ccc(N4CCC(O)CC4)cc3)n2)cc1,,False,False,SNCROWOTWGUING-UHFFFAOYSA-N,6,JAK2_a6956eeec1,curated_from_chembl_api,8.221849,ChEMBL,CHEMBL1079078,train,JAK2
IC50,3.0,CHEMBL1656588,Cc1cc(Nc2nc(N[C@@H](C)c3ncc(F)cn3)ncc2Br)n[nH]1,,False,False,UNCBWJVKPSYJLA-QMMMGPOBSA-N,6,JAK2_78f0dc8dac,curated_from_chembl_api,8.522879,ChEMBL,CHEMBL1650729,train,JAK2
IC50,10000.0,CHEMBL1948620,CC(C)(C)CN1C/C=C/CCOc2cccc(c2)-c2ccnc(n2)Nc2cccc(c2)C1,,False,True,MQTLYTFYVXHFAN-SNAWJCMRSA-N,18,JAK2_c778160c54,curated_from_chembl_api,5.0,ChEMBL,CHEMBL1944872,train,JAK2
IC50,120.0,CHEMBL1116984,COc1cc(-c2cnc3cccc(-c4ccc(CN5CCOCC5)cc4)c3n2)cc(OC)c1OC,,False,False,WLUISUFZNRYUDB-UHFFFAOYSA-N,6,JAK2_d17f69b0dc,curated_from_chembl_api,6.920819,ChEMBL,CHEMBL1092588,train,JAK2
IC50,2.7,CHEMBL2214787,N[C@H](CO)C(=O)Nc1ccc(-c2ccnc(Nc3ccc(N4CCOCC4)cc3)n2)cc1,,False,False,SAJGNNIHYOWVDB-HXUWFJFHSA-N,6,JAK2_6132155614,curated_from_chembl_api,8.568636,ChEMBL,CHEMBL2208033,train,JAK2
IC50,2259.0,CHEMBL1613998,CNC(=O)c1nnsc1[S+]([O-])c1ccc(Cl)cc1,,False,False,QUIPMCDJRFFKGK-UHFFFAOYSA-N,6,JAK2_07db07d1c5,curated_from_chembl_api,5.646084,ChEMBL,CHEMBL1440303,train,JAK2
IC50,1000.0,CHEMBL2378977,COc1cc(OC)cc(Oc2cnc3[nH]cc(C(=O)NC(C)C)c3n2)c1,,False,False,PCLPJEJPDRXJHK-UHFFFAOYSA-N,6,JAK2_865410227d,curated_from_chembl_api,6.0,ChEMBL,CHEMBL2376333,train,JAK2
IC50,150.0,CHEMBL3377596,C[C@]1(O)CCC[C@H]1Nc1c(C(N)=O)cnn2cccc12,,False,False,QJPWFJUJHXVLEI-RISCZKNCSA-N,6,JAK2_127ddad99a,curated_from_chembl_api,6.823909,ChEMBL,CHEMBL3359922,train,JAK2
IC50,11.0,CHEMBL897052,C[C@H](Nc1nc(-n2cnc3ccncc32)nc2c1cc(C(=O)N1CCN(C)CC1)n2C)c1ccccc1,,False,False,YORQISSGMDZWMJ-SFHVURJKSA-N,6,JAK2_29329cdbc7,curated_from_chembl_api,7.958607,ChEMBL,CHEMBL233151,train,JAK2
IC50,26.0,CHEMBL1291235,CC(Nc1nc2cc[nH]c(=O)c2c2cc(F)ccc12)C(C)(C)C,,False,False,FWSWBGCMLCFSRN-UHFFFAOYSA-N,6,JAK2_1b1d19348c,curated_from_chembl_api,7.585027,ChEMBL,CHEMBL1290309,train,JAK2
IC50,10000.0,CHEMBL3300963,CC(C)(C)CNC(=O)CC1CNC(=O)c2cc(-c3ccsc3)cn21,,False,False,PNMQDIXULZYDDT-UHFFFAOYSA-N,6,JAK2_be6c98f234,curated_from_chembl_api,5.0,ChEMBL,CHEMBL3298400,train,JAK2
IC50,10.0,CHEMBL3131376,CC(C)[C@H](Nc1nc2ccncc2c2c(=O)[nH]ccc12)C(F)(F)F,,False,False,TVSDLBOZXLYNDG-ZDUSSCGKSA-N,6,JAK2_8d10e8b31b,curated_from_chembl_api,8.0,ChEMBL,CHEMBL3126351,train,JAK2
IC50,5.2,CHEMBL2214787,CN1CCC[C@@H]1C(=O)Nc1ccc(-c2ccnc(Nc3ccc(N4CCOCC4)cc3)n2)cc1,,False,False,BLLBBHLYMYLPPW-XMMPIXPASA-N,6,JAK2_3b7ac4b7ff,curated_from_chembl_api,8.283997,ChEMBL,CHEMBL2207759,train,JAK2
IC50,44.0,CHEMBL1948620,CN1C/C=C/CCOc2cccc(c2)-c2ccnc(n2)Nc2cc(cc(NC(=O)N3CCOCC3)c2)C1,,False,True,NNLIBDONTYMYIU-NSCUHMNNSA-N,18,JAK2_1a54d57745,curated_from_chembl_api,7.356547,ChEMBL,CHEMBL1946151,train,JAK2
IC50,5800.0,CHEMBL1011746,Nc1n[nH]c2ccc(-c3cccc(Cl)n3)cc12,,False,False,AKDXHLKQWLSKFV-UHFFFAOYSA-N,6,JAK2_86b883535b,curated_from_chembl_api,5.236572,ChEMBL,CHEMBL481585,train,JAK2
IC50,580.0,CHEMBL2378977,CC(C)NC(=O)c1c[nH]c2ncc(Oc3ccc4c(c3)CCC4)nc12,,False,False,XGDWVOZTJDBLOF-UHFFFAOYSA-N,6,JAK2_4ca52a31fc,curated_from_chembl_api,6.236572,ChEMBL,CHEMBL2376338,train,JAK2
IC50,10000.0,CHEMBL3118993,O=C1NC(=O)C(c2c[nH]c3ccccc23)=C1Nc1cccc(OCCn2ccnc2)c1,,False,False,YULRHTXKTTVFGH-UHFFFAOYSA-N,6,JAK2_f95a1174a7,curated_from_chembl_api,5.0,ChEMBL,CHEMBL3114767,train,JAK2
IC50,28.0,CHEMBL2378515,C[C@@H](NC(=O)c1c[nH]c2ncc(-c3nn(C)c4ccc(Cl)cc34)nc12)C(=O)N1CC(C#N)C1,,False,False,VBBBMVLVNAZHSI-LLVKDONJSA-N,6,JAK2_e7866c3380,curated_from_chembl_api,7.552842,ChEMBL,CHEMBL2376145,train,JAK2
IC50,350.0,CHEMBL3377596,CC1(C)C[C@@](C)(O)C[C@H]1Nc1c(C(N)=O)cnn2cccc12,,False,False,RMCFFPUQAHGNPG-WBMJQRKESA-N,6,JAK2_1a8156304e,curated_from_chembl_api,6.455932,ChEMBL,CHEMBL3359916,train,JAK2
IC50,113.0,CHEMBL1107753,N#CCNC(=O)c1ccc(-c2ccnc(Nc3cccc(N4CCOCC4)c3)n2)cc1,,False,False,BMUQBXPJHZHPET-UHFFFAOYSA-N,6,JAK2_609fb0ec9d,curated_from_chembl_api,6.946922,ChEMBL,CHEMBL1078229,train,JAK2
IC50,65.0,CHEMBL3239499,NC(=O)c1cc(-c2ccccc2)sc1Nc1ccccn1,,False,False,VCCDHNSFGNKDHR-UHFFFAOYSA-N,6,JAK2_f7a7250a14,curated_from_chembl_api,7.187087,ChEMBL,CHEMBL3234894,train,JAK2
IC50,1505.0,CHEMBL1006340,COc1cc(N2CCC(N3CCN(C)CC3)CC2)ccc1Nc1ncc(Cl)c(Nc2ccccc2S(=O)(=O)C(C)C)n1,,False,False,QQWUGDVOUVUTOY-UHFFFAOYSA-N,6,JAK2_7ada34f615,curated_from_chembl_api,5.822464,ChEMBL,CHEMBL509032,train,JAK2
IC50,100.0,CHEMBL945937,N#Cc1cccc(C#N)c1-c1nc2c3ccc(Cl)cc3c3ccccc3c2[nH]1,,False,False,BVFLHOOKHPFDCT-UHFFFAOYSA-N,6,JAK2_788ecb8a6d,curated_from_chembl_api,7.0,ChEMBL,CHEMBL412099,train,JAK2
IC50,190.0,CHEMBL1685409,O=C(Cc1ccccc1)N1CCN(c2nc(Nc3ccccn3)c3cccn3n2)CC1,,False,False,OATDYDXOJKSFHN-UHFFFAOYSA-N,6,JAK2_f35e9dcb00,curated_from_chembl_api,6.721246,ChEMBL,CHEMBL1682363,train,JAK2
IC50,12.0,CHEMBL3374493,NC(=O)c1cc(-c2ccnc(N)n2)[nH]c1-c1cc(Cl)ccc1Cl,,False,False,MIEONHFLSVAHFB-UHFFFAOYSA-N,6,JAK2_d419cab11a,curated_from_chembl_api,7.920819,ChEMBL,CHEMBL3330122,train,JAK2
IC50,8759.0,CHEMBL1613998,COc1ccc(-c2cc(-c3cc(C)ccc3O)[nH]n2)cc1,,False,False,FAXASVFSGHQOHP-UHFFFAOYSA-N,6,JAK2_6ba48c0238,curated_from_chembl_api,5.057545,ChEMBL,CHEMBL1424355,train,JAK2
IC50,4653.0,CHEMBL1613998,COc1ccccc1-c1nnc(Sc2nc([N+](=O)[O-])nn2C)o1,,False,False,KIXAQAHEYFGFQB-UHFFFAOYSA-N,6,JAK2_2359f243c7,curated_from_chembl_api,5.332267,ChEMBL,CHEMBL1576722,train,JAK2
IC50,49.0,CHEMBL908418,C[C@@H](Nc1nccc(-n2cnc3ccncc32)n1)c1ccccc1,,False,False,ONPQTJONKMRPSA-CYBMUJFWSA-N,6,JAK2_98950431a1,curated_from_chembl_api,7.309804,ChEMBL,CHEMBL375076,train,JAK2
IC50,0.23,CHEMBL1926252,COc1ccccc1-c1ccc2cnc(Nc3ccc(N4CCOCC4)cc3)nn12,,False,False,WGISNQGRTXXQPY-UHFFFAOYSA-N,6,JAK2_6bbe5c39de,curated_from_chembl_api,9.638272,ChEMBL,CHEMBL1923573,train,JAK2
IC50,22.0,CHEMBL2184201,O=C1CCN(CCOc2ccc3cc2COCC=CCOCc2cccc(c2)-c2ccnc(n2)N3)C1,,False,True,WBQXXEXQCBWJEJ-UHFFFAOYSA-N,18,JAK2_52a796004f,curated_from_chembl_api,7.657577,ChEMBL,CHEMBL2181082,train,JAK2
IC50,1100.0,CHEMBL2040119,COCCOc1ccc2cc1CN(C)C/C=C/COCc1ccc(o1)-c1ccnc(n1)N2,,False,True,CTVGUZZYYBOQJM-ONEGZZNKSA-N,18,JAK2_84511f374e,curated_from_chembl_api,5.958607,ChEMBL,CHEMBL2035056,train,JAK2
IC50,13.0,CHEMBL1116984,Cc1cc(-c2cccc3ncc(-c4ccc(C(=O)N5CCOCC5)c(C)c4)nc23)ccc1CN1CCOCC1,,False,False,QTMBJAFKWNRRDA-UHFFFAOYSA-N,6,JAK2_f40344ea88,curated_from_chembl_api,7.886057,ChEMBL,CHEMBL1089815,train,JAK2
IC50,190.0,CHEMBL2415128,Cc1cc(Nc2nc3cccc(-c4cccc(C(C)C)c4)n3n2)ccn1,,False,False,MGIIOCCBGLHASR-UHFFFAOYSA-N,6,JAK2_2840b6d407,curated_from_chembl_api,6.721246,ChEMBL,CHEMBL2414548,train,JAK2
IC50,56.0,CHEMBL2378515,C[C@@H](NC(=O)c1c[nH]c2ncc(-c3nn(C)c4cc(Cl)cc(F)c34)nc12)C(=O)N1CC(C#N)C1,,False,False,IEMUTVIQLOVPKB-SNVBAGLBSA-N,6,JAK2_1fabe0b6e5,curated_from_chembl_api,7.251812,ChEMBL,CHEMBL2376152,train,JAK2
IC50,11060.0,CHEMBL1613998,O=C(CSc1nnnn1-c1ccc(F)cc1)c1ccc(O)c(O)c1,,False,False,NRRQKDJQQPTFNZ-UHFFFAOYSA-N,6,JAK2_861df9394a,curated_from_chembl_api,4.956245,ChEMBL,CHEMBL1375393,train,JAK2
IC50,150.0,CHEMBL1948620,CN1C/C=C/CCOc2cccc(c2)-c2ccnc(n2)Nc2ccc(OC(F)(F)F)c(c2)C1,,False,True,KPEWGEQNXTXESG-NSCUHMNNSA-N,18,JAK2_ef845a765a,curated_from_chembl_api,6.823909,ChEMBL,CHEMBL1945052,train,JAK2
IC50,44.0,CHEMBL1044318,Nc1nn2cccnc2c1-c1cc(N2CCCCC2)ncn1,,False,False,LPZVMLLYYYZZRO-UHFFFAOYSA-N,6,JAK2_1d42209606,curated_from_chembl_api,7.356547,ChEMBL,CHEMBL570668,train,JAK2
IC50,560.0,CHEMBL1102456,O=c1[nH]c2cnc(-n3cnc4ccc(C(F)(F)F)cc43)nc2n1C1CCOCC1,,False,False,VVFYORVEGPBUFQ-UHFFFAOYSA-N,6,JAK2_ac110a4094,curated_from_chembl_api,6.251812,ChEMBL,CHEMBL1088423,train,JAK2
IC50,0.52,CHEMBL1936085,CS(=O)(=O)c1cccc(-c2ccc3cnc(Nc4ccc(C5CCN(CC(N)=O)CC5)cc4)nn23)c1,,False,False,NUBQSBJQEOZDKV-UHFFFAOYSA-N,6,JAK2_4ca72aaeb3,curated_from_chembl_api,9.283997,ChEMBL,CHEMBL1934343,train,JAK2
IC50,5.1,CHEMBL1116984,COc1cc(-c2cnc3cccc(-c4ccc(CC(=O)N5CCS(=O)(=O)CC5)cc4)c3n2)cc(OC)c1OC,,False,False,GQGMGPZPVHWSRC-UHFFFAOYSA-N,6,JAK2_f94799c74c,curated_from_chembl_api,8.29243,ChEMBL,CHEMBL1093468,train,JAK2
IC50,62.0,CHEMBL1948620,CN1C/C=C/CCOc2cccc(c2)-c2ccnc(n2)Nc2ccc(OCCN3CCCCC3)c(c2)C1,,False,True,GOWRQMXPMZRPRM-ONEGZZNKSA-N,18,JAK2_efe4ea3ad3,curated_from_chembl_api,7.207608,ChEMBL,CHEMBL1945707,train,JAK2
IC50,174.0,CHEMBL2415128,COc1ccc(-c2cccc3nc(Nc4ccnc(C)c4)nn23)cc1,,False,False,GCLMTOAQWBBGCE-UHFFFAOYSA-N,6,JAK2_00b175c137,curated_from_chembl_api,6.759451,ChEMBL,CHEMBL2414553,train,JAK2
IC50,41.0,CHEMBL1107753,CN1CCN(c2ccc(Nc3nccc(-c4ccc(C(=O)NCC#N)cc4)n3)cc2)CC1,,False,False,JWNVJLOTJWLIAA-UHFFFAOYSA-N,6,JAK2_144c512109,curated_from_chembl_api,7.387216,ChEMBL,CHEMBL1078934,train,JAK2
IC50,330.0,CHEMBL2040119,CN1C/C=C/COCc2ccc(o2)-c2ccnc(n2)Nc2ccc(OCCN3CCCC3)c(c2)C1,,False,True,RVBGHTGHDLQSCG-SNAWJCMRSA-N,18,JAK2_b881dd1b25,curated_from_chembl_api,6.481486,ChEMBL,CHEMBL2035054,train,JAK2
IC50,4373.0,CHEMBL1613998,O=C(CCl)NC(=O)NC12CC3CC(CC(C3)C1)C2,,False,False,OBLFEICGDWLKQF-UHFFFAOYSA-N,6,JAK2_98be60090e,curated_from_chembl_api,5.359221,ChEMBL,CHEMBL1305275,train,JAK2
IC50,3600.0,CHEMBL955790,CN(C)CCOc1ccc(/C=C/c2cc(-c3cc4c(=O)[nH]cnc4[nH]3)ccn2)cc1,,False,False,RLAJOHAIIACFAM-ZZXKWVIFSA-N,6,JAK2_eb8659fda2,curated_from_chembl_api,5.443697,ChEMBL,CHEMBL461140,train,JAK2
IC50,10000.0,CHEMBL908418,c1ccc(CNc2ccnc(-n3cnc4ccncc43)n2)cc1,,False,False,HLJFSZSPYMQRSO-UHFFFAOYSA-N,6,JAK2_0d8451bc9f,curated_from_chembl_api,5.0,ChEMBL,CHEMBL374854,train,JAK2
IC50,31.0,CHEMBL1941383,CNC(=O)c1cnc(N)c2cc(-c3ccc(N4CCOCC4)cc3)sc12,,False,False,JNNQSTULXLHQBB-UHFFFAOYSA-N,6,JAK2_f800abb061,curated_from_chembl_api,7.508638,ChEMBL,CHEMBL1938643,train,JAK2
IC50,7.1,CHEMBL1116984,Cc1cc(-c2cnc3cccc(-c4ccc(CN5CCS(=O)(=O)CC5)cc4)c3n2)ccc1C(=O)N1CCN(C)CC1,,False,False,BUYQNLCSZXGAEE-UHFFFAOYSA-N,6,JAK2_3647a2142d,curated_from_chembl_api,8.148742,ChEMBL,CHEMBL1092063,train,JAK2
IC50,3.0,CHEMBL2067611,CN1CCN(c2cccc(Nc3nc4c(-c5ccc(P(C)(C)=O)cc5)cccn4n3)c2)CC1,,False,False,NIPWBXDGHVSIOT-UHFFFAOYSA-N,6,JAK2_4be59170c2,curated_from_chembl_api,8.522879,ChEMBL,CHEMBL2062813,train,JAK2
IC50,3.0,CHEMBL1656588,Cc1cc(Nc2nc(N[C@@H](C)c3ncc(F)cn3)nc(N3CCOCC3)c2F)n[nH]1,,False,False,OEOAIVMRHLLTTR-NSHDSACASA-N,6,JAK2_70cc9d691f,curated_from_chembl_api,8.522879,ChEMBL,CHEMBL1650733,train,JAK2
IC50,1199.0,CHEMBL1613998,O=C(OCn1ncc(Cl)c(Cl)c1=O)c1ccccc1Cl,,False,False,XUUFIOHTEHAJQL-UHFFFAOYSA-N,6,JAK2_98ab1cfb36,curated_from_chembl_api,5.921181,ChEMBL,CHEMBL1543839,train,JAK2
IC50,10000.0,CHEMBL2065150,CSc1ccccc1Nc1nc(N2CCN(C3CCNCC3)CC2)nc2c(NCC3CC3)ncnc12,,False,False,QEMQWMRZJAAQSZ-UHFFFAOYSA-N,6,JAK2_1101b15f92,curated_from_chembl_api,5.0,ChEMBL,CHEMBL2063926,train,JAK2
IC50,1000.0,CHEMBL2032473,COc1cc2nccc(Oc3ccc(NC(=O)c4c(C)n(C)n(-c5ccccc5)c4=O)cc3F)c2cc1OC,,False,False,SBLMCLDRWJNEJK-UHFFFAOYSA-N,6,JAK2_662a262f4c,curated_from_chembl_api,6.0,ChEMBL,CHEMBL2031893,train,JAK2
IC50,501.0,CHEMBL1116984,COc1cc(-c2cnc3cccc(-c4ccc(CN5CCOCC5)cc4F)c3n2)cc(OC)c1OC,,False,False,QGHDWXGDKDWKGF-UHFFFAOYSA-N,6,JAK2_960b66cbbc,curated_from_chembl_api,6.300162,ChEMBL,CHEMBL1089814,train,JAK2
IC50,790.0,CHEMBL1641117,C[C@@H]1CCN(S(=O)(=O)CC(F)(F)F)C[C@@H]1N(C)c1ncnc2[nH]ccc12,,False,False,IQGBQQYFBCFKHW-PWSUYJOCSA-N,6,JAK2_c5389e0c5f,curated_from_chembl_api,6.102373,ChEMBL,CHEMBL1630788,train,JAK2
IC50,1550.0,CHEMBL1102456,N#Cc1ccc2ncn(-c3ncc4[nH]c(=O)n(Cc5c(Cl)cccc5Cl)c4n3)c2c1,,False,False,GLGROCMJDUBCIY-UHFFFAOYSA-N,6,JAK2_b1adeeecf0,curated_from_chembl_api,5.809668,ChEMBL,CHEMBL1079524,train,JAK2
IC50,1.3,CHEMBL2378515,Cn1nc(-c2cnc3[nH]cc(C(=O)N[C@@H](C(=O)N4CC(C#N)C4)C(C)(C)C)c3n2)c2ccc(Cl)cc21,,False,False,TZFRKKJNAGWGGT-NRFANRHFSA-N,6,JAK2_0d061b421e,curated_from_chembl_api,8.886057,ChEMBL,CHEMBL2376155,train,JAK2
IC50,52.0,CHEMBL1107753,N#CCNC(=O)c1ccc(-c2ccnc(Nc3ccc(CN4CCS(=O)(=O)CC4)cc3)n2)cc1,,False,False,QYRJYUJVVWXZQA-UHFFFAOYSA-N,6,JAK2_d890adc937,curated_from_chembl_api,7.283997,ChEMBL,CHEMBL1077842,train,JAK2
IC50,11.0,CHEMBL1107753,CS(=O)(=O)Nc1ccc(-c2ccnc(Nc3ccc(CN4CCCCC4)cc3)n2)cc1,,False,False,YATMAUBCVFJJHK-UHFFFAOYSA-N,6,JAK2_96a01ee8ba,curated_from_chembl_api,7.958607,ChEMBL,CHEMBL1078276,train,JAK2
IC50,6662.0,CHEMBL1613998,COc1cccc(/C=N/NC(=O)c2[nH]c(C)c(C(=O)N/N=C/c3cccc(OC)c3O)c2C)c1O,,False,False,VOEWPZDGLNIHGI-KOZSXFMUSA-N,6,JAK2_d166bdb885,curated_from_chembl_api,5.176395,ChEMBL,CHEMBL3211859,train,JAK2
IC50,73.0,CHEMBL1948620,CN1C/C=C/CCOc2cccc(c2)-c2ccnc(n2)Nc2cccc(c2)C1,,False,True,VXBAJLGYBMTJCY-NSCUHMNNSA-N,18,JAK2_11c5ca5dd8,curated_from_chembl_api,7.136677,ChEMBL,CHEMBL1944698,train,JAK2
IC50,100.0,CHEMBL1656192,Cc1cn2c(-c3cn[nH]c3)cnc2c(Nc2cc(CN3CCC(F)(F)C3)ns2)n1.Cl,,False,False,NFJPXRXPCPLHJV-UHFFFAOYSA-N,6,JAK2_6735dbe647,curated_from_chembl_api,7.0,ChEMBL,CHEMBL1650545,train,JAK2
IC50,400.0,CHEMBL3377596,C[C@@]1(O)CCC[C@H]1Nc1c(C(N)=O)cnn2cccc12,,False,False,QJPWFJUJHXVLEI-BXUZGUMPSA-N,6,JAK2_24b9ac8616,curated_from_chembl_api,6.39794,ChEMBL,CHEMBL3359923,train,JAK2
IC50,4555.0,CHEMBL1613998,Cc1nc2c(=O)n(C)c(=O)n(C)c2nc1Cl,,False,False,NFFGFYRLRNSHSV-UHFFFAOYSA-N,6,JAK2_99c1157220,curated_from_chembl_api,5.341512,ChEMBL,CHEMBL1505902,train,JAK2
IC50,10.0,CHEMBL1107753,N#CCC(=O)Nc1ccc(-c2ccnc(Nc3ccc(N4CCOCC4)cc3)n2)cc1,,False,False,RFPTXMLFYMYJSO-UHFFFAOYSA-N,6,JAK2_2de3546599,curated_from_chembl_api,8.0,ChEMBL,CHEMBL1078166,train,JAK2
IC50,56.0,CHEMBL908418,C[C@H](Nc1cc(-c2cccc(C#N)c2)nc(-n2cnc3ccncc32)n1)c1ccccc1,,False,False,WFLNBACIYXIRBK-KRWDZBQOSA-N,6,JAK2_a11faf2283,curated_from_chembl_api,7.251812,ChEMBL,CHEMBL220969,train,JAK2
IC50,123.1,CHEMBL2329570,C[C@@H](NC(=O)c1c[nH]c2ncc(C3CC3)nc12)C(=O)N1CCCCC1,,False,False,STEKXUJMQOKLQV-LLVKDONJSA-N,6,JAK2_caacddddc1,curated_from_chembl_api,6.909742,ChEMBL,CHEMBL2325909,train,JAK2
IC50,3.0,CHEMBL3118240,C[C@H](Nc1nc(Nc2cn(C)cn2)c2ccccc2n1)c1ncc(F)cn1,,False,False,ICKCIQUITBJRKI-NSHDSACASA-N,6,JAK2_7199fc7e1a,curated_from_chembl_api,8.522879,ChEMBL,CHEMBL3116058,train,JAK2
IC50,53.4,CHEMBL2415128,CS(=O)(=O)c1ccc(-c2cccn3nc(Nc4ccc(C(=O)N5CCOCC5)cc4)nc23)cc1,,False,False,JWGTVLHHDDDEOE-UHFFFAOYSA-N,6,JAK2_e216ad2482,curated_from_chembl_api,7.272459,ChEMBL,CHEMBL2414535,train,JAK2
IC50,48.0,CHEMBL1948620,CCN(CC)CCOc1ccc2cc1CN(C)C/C=C/CCOc1cccc(c1)-c1ccnc(n1)N2,,False,True,PCPQEEKOBNWGAR-VOTSOKGWSA-N,18,JAK2_f140dc790a,curated_from_chembl_api,7.318759,ChEMBL,CHEMBL1945703,train,JAK2
IC50,84.0,CHEMBL2378977,CC(=O)N[C@@H]1CCc2ccc(Oc3cnc4[nH]cc(C(=O)N[C@@H](C)C5CC5)c4n3)cc21,,False,False,ZLMYXZMBDPHCEG-HXPMCKFVSA-N,6,JAK2_8a10d0f2de,curated_from_chembl_api,7.075721,ChEMBL,CHEMBL2376436,train,JAK2
IC50,2000.0,CHEMBL2415128,Cc1cccc(Nc2nc3cccc(-c4cccc(C(C)C)c4)n3n2)c1,,False,False,GQCZJJYSVZVQLZ-UHFFFAOYSA-N,6,JAK2_c347932503,curated_from_chembl_api,5.69897,ChEMBL,CHEMBL2414552,train,JAK2
IC50,17.0,CHEMBL1840262,NC(=O)c1cnc(NC2CCCCC2)c2c1[nH]c1ccc(F)cc12,,False,False,CWIGGEHUYBKCHC-UHFFFAOYSA-N,6,JAK2_3ed58ca77d,curated_from_chembl_api,7.769551,ChEMBL,CHEMBL1835024,train,JAK2
IC50,1220.0,CHEMBL1011746,CC(C)(C)NS(=O)(=O)c1ccc(-c2cc(Cl)c3[nH]nc(N)c3c2)cc1,,False,False,VCEXCUAUEUWDED-UHFFFAOYSA-N,6,JAK2_1d59c0fe84,curated_from_chembl_api,5.91364,ChEMBL,CHEMBL482187,train,JAK2
IC50,3565.0,CHEMBL1613998,CC(C)C1C(C#N)=C(N)Oc2[nH]nc(-c3ccc4ccccc4c3)c21,,False,False,STGILPZYVPADSY-UHFFFAOYSA-N,6,JAK2_e11695626f,curated_from_chembl_api,5.44794,ChEMBL,CHEMBL1334315,train,JAK2
IC50,3.0,CHEMBL1656588,Cc1cc(Nc2nc(N[C@@H](C)c3ncc(F)cn3)ncc2Cl)[nH]n1,,False,False,PDOQBOJDRPLBQU-QMMMGPOBSA-N,6,JAK2_ac54f530b8,curated_from_chembl_api,8.522879,ChEMBL,CHEMBL1231124,train,JAK2
IC50,59.0,CHEMBL908418,C[C@H](Nc1cc(N2CC[C@@H](O)C2)nc(-n2cnc3ccncc32)n1)c1ccccc1,,False,False,DFOZPRDJHFPHHA-DOTOQJQBSA-N,6,JAK2_494298beb8,curated_from_chembl_api,7.229148,ChEMBL,CHEMBL221037,train,JAK2
IC50,3.0,CHEMBL1043451,COc1cc(Nc2cncc(N[C@@H](C)c3ccc(F)cn3)n2)n[nH]1,,False,False,DHOIHSCVDFPCPW-VIFPVBQESA-N,6,JAK2_5244fcd33d,curated_from_chembl_api,8.522879,ChEMBL,CHEMBL570464,train,JAK2
IC50,10000.0,CHEMBL2040119,CN1C/C=C/COCC2CCCN(C2)c2ccnc(n2)Nc2cccc(c2)C1,,False,True,LNYUDKNXQXNIDZ-NSCUHMNNSA-N,18,JAK2_be75e8f15e,curated_from_chembl_api,5.0,ChEMBL,CHEMBL2035041,train,JAK2
IC50,1250.0,CHEMBL2378977,CC(C)NC(=O)c1c[nH]c2ncc(Oc3cccc(C#N)c3)nc12,,False,False,QMNGQDIXRNDIAT-UHFFFAOYSA-N,6,JAK2_01705de244,curated_from_chembl_api,5.90309,ChEMBL,CHEMBL2376334,train,JAK2
IC50,61.0,CHEMBL3363474,O=c1cc(-c2[nH]c(-c3ccc(-c4nnn[n-]4)cc3)nc2-c2ccc(F)cc2)cc[nH]1.[K+],,False,False,GZPMEQAFSSWIRV-UHFFFAOYSA-M,6,JAK2_c4dc83ae2d,curated_from_chembl_api,7.21467,ChEMBL,CHEMBL3314284,train,JAK2
IC50,97.0,CHEMBL1102456,O=c1[nH]c2cnc(-n3cnc4ccccc43)nc2n1C1CCOc2cccc(F)c21,,False,False,GWIYWVOOKZDFBH-UHFFFAOYSA-N,6,JAK2_48306393f8,curated_from_chembl_api,7.013228,ChEMBL,CHEMBL1079526,train,JAK2
IC50,4.0,CHEMBL1107753,CS(=O)(=O)Nc1ccc(-c2ccnc(Nc3ccc(N4CCOCC4)cc3)n2)cc1,,False,False,DRZIYEHEFJCBRL-UHFFFAOYSA-N,6,JAK2_e1a1afc353,curated_from_chembl_api,8.39794,ChEMBL,CHEMBL1079077,train,JAK2
IC50,10000.0,CHEMBL3118993,O=C1NC(=O)C(c2c[nH]c3ccccc23)=C1Nc1cccc(C2CN(c3ccnc(F)c3)C2)c1,,False,False,UVKZQVCPVZXPHH-UHFFFAOYSA-N,6,JAK2_f00eb40003,curated_from_chembl_api,5.0,ChEMBL,CHEMBL3114765,train,JAK2
IC50,10000.0,CHEMBL3381081,Nc1ccc2c(c1)nc(Cc1ccc3c(c1)OCO3)n1nc(N)nc21,,False,False,FGNQVZZMORDWIZ-UHFFFAOYSA-N,6,JAK2_9d41fad277,curated_from_chembl_api,5.0,ChEMBL,CHEMBL3309995,train,JAK2
IC50,512.0,CHEMBL1291235,O=c1[nH]ccc2nc(NCC3CCS(=O)(=O)C3)c3ccc(F)cc3c12,,False,False,YJQUADKQWWERLA-UHFFFAOYSA-N,6,JAK2_170d19e2a6,curated_from_chembl_api,6.29073,ChEMBL,CHEMBL1290423,train,JAK2
IC50,0.2,CHEMBL1044318,C[C@@H](Nc1cc(-c2c(N)nn3cccnc23)ncn1)c1ccc(F)cc1,,False,False,PNFXHJHLWYEAPD-LLVKDONJSA-N,6,JAK2_c68e5406e0,curated_from_chembl_api,9.69897,ChEMBL,CHEMBL583895,train,JAK2
IC50,330.0,CHEMBL1937386,COc1ccc(-c2nc(Nc3cccc(NC(=O)CN)c3)nc3[nH]cnc23)cc1OC,,False,False,ZHOWANFERDNTSO-UHFFFAOYSA-N,6,JAK2_f45bea85ce,curated_from_chembl_api,6.481486,ChEMBL,CHEMBL1933346,train,JAK2
IC50,8.0,CHEMBL1107753,Cc1cnc(Nc2ccc(N3CCOCC3)cc2)nc1-c1ccc(C(=O)NCC#N)cc1,,False,False,PKEOFNLYKBPOQT-UHFFFAOYSA-N,6,JAK2_dd3afb5ac3,curated_from_chembl_api,8.09691,ChEMBL,CHEMBL1078005,train,JAK2
IC50,3850.0,CHEMBL1613998,Cc1cc2[nH]c3c(c[n+](C)c4ccccc34)c2cc1C.[I-],,False,False,XOPOYECQYINKEO-UHFFFAOYSA-N,6,JAK2_b7121e44d6,curated_from_chembl_api,5.414539,ChEMBL,CHEMBL1470728,train,JAK2
IC50,81.0,CHEMBL1107753,Cc1nccn1Cc1ccc(-c2ccnc(Nc3ccc(N4CCOCC4)cc3)n2)cc1,,False,False,FKASQBZKYSZCLL-UHFFFAOYSA-N,6,JAK2_1e2ec72c32,curated_from_chembl_api,7.091515,ChEMBL,CHEMBL1080955,train,JAK2
IC50,25000.0,CHEMBL971828,COc1cc2c(Oc3ccc(-c4cnc(Cc5ccccc5)n(C)c4=O)cc3F)ccnc2cc1OCCCN1CCOCC1,,False,False,PEGWVOKOYYAQEV-UHFFFAOYSA-N,6,JAK2_4249473428,curated_from_chembl_api,4.60206,ChEMBL,CHEMBL505896,train,JAK2
IC50,4.7,CHEMBL1044318,CCCN(CCC)C(=O)C1CCCN(c2cc(-c3c(N)nn4cccnc34)ncn2)C1,,False,False,HVXCOLYHVNHNKP-UHFFFAOYSA-N,6,JAK2_387ef5022f,curated_from_chembl_api,8.327902,ChEMBL,CHEMBL569091,train,JAK2
IC50,43.0,CHEMBL2329570,C[C@@H](NC(=O)c1c[nH]c2ncc(C3CC3)nc12)C(C)(C)O,,False,False,ODYYFDDUIDLRBK-MRVPVSSYSA-N,6,JAK2_50d7d45815,curated_from_chembl_api,7.366532,ChEMBL,CHEMBL2325905,train,JAK2
IC50,20000.0,CHEMBL1049518,OB(O)c1ccc(C2Nc3ccccc3-c3ccnc4[nH]cc2c34)cc1,,False,False,XIWHJAWGWMCWOS-UHFFFAOYSA-N,7,JAK2_a4b0117455,curated_from_chembl_api,4.69897,ChEMBL,CHEMBL599911,train,JAK2
IC50,840.0,CHEMBL1102770,COc1ccc(-c2cccc3nc(Nc4cc(OC)c(OC)c(OC)c4)oc23)cc1,,False,False,XYSGFDULUQQBMY-UHFFFAOYSA-N,6,JAK2_dccb9a779d,curated_from_chembl_api,6.075721,ChEMBL,CHEMBL1081292,train,JAK2
IC50,10000.0,CHEMBL2024909,Nc1ncc(-c2cnn(CCO)c2)c2scc(-c3ccc(NC(=O)Nc4cccc(F)c4)cc3)c12,,False,False,WPHKIQPVPYJNAX-UHFFFAOYSA-N,6,JAK2_3c24dd783d,curated_from_chembl_api,5.0,ChEMBL,CHEMBL1980297,train,JAK2
IC50,685.0,CHEMBL1116984,COc1cc(-c2cnc3cccc(-c4ccc(CN5CCOCC5)cc4C)c3n2)cc(OC)c1OC,,False,False,BJKIDAJALFVMDP-UHFFFAOYSA-N,6,JAK2_a16f325c7e,curated_from_chembl_api,6.164309,ChEMBL,CHEMBL1089813,train,JAK2
IC50,0.8,CHEMBL2378515,COc1cc(-c2cnc3[nH]cc(C(=O)N[C@H](C)C(=O)N4CC(C#N)C4)c3n2)cc(OC)c1OC,,False,False,MLABEZYXQDQKQV-GFCCVEGCSA-N,6,JAK2_523a543e49,curated_from_chembl_api,9.09691,ChEMBL,CHEMBL2376040,train,JAK2
IC50,10000.0,CHEMBL2040119,CN1C/C=C/COCc2cncc(c2)-c2ccnc(n2)Nc2cccc(c2)C1,,False,True,QYHOUFKSRXQWPG-NSCUHMNNSA-N,18,JAK2_bdbc5fb8c3,curated_from_chembl_api,5.0,ChEMBL,CHEMBL2035045,train,JAK2
IC50,3.0,CHEMBL1840262,CC(C)[C@@H](Nc1ncc(C(N)=O)c2[nH]c3cc(-c4cnn(C)c4)ccc3c12)C(F)(F)F,,False,False,QAACMLAGVGSRKU-GOSISDBHSA-N,6,JAK2_9e2ca53048,curated_from_chembl_api,8.522879,ChEMBL,CHEMBL1835144,train,JAK2
IC50,10000.0,CHEMBL928476,CCN(CC)CCOc1ccc(Nc2cc(NC(=O)Nc3c(Cl)cccc3Cl)ncn2)cc1,,False,False,FOMAIMPXVLHOCI-UHFFFAOYSA-N,6,JAK2_8885b7a502,curated_from_chembl_api,5.0,ChEMBL,CHEMBL253292,train,JAK2
IC50,4387.0,CHEMBL1613998,CC1CCN(CCCNC(=O)c2cc3c(Cl)nc4ccccc4c3s2)CC1,,False,False,MDTLCDMSANFHNI-UHFFFAOYSA-N,6,JAK2_7d79e6dcac,curated_from_chembl_api,5.357832,ChEMBL,CHEMBL1562235,train,JAK2
IC50,16.0,CHEMBL1656588,C[C@H](Nc1ncc(F)c(Nc2cc(N(C)C)[nH]n2)n1)c1ncc(F)cn1,,False,False,UGAAPUDPSIDFJZ-QMMMGPOBSA-N,6,JAK2_ba80624c8d,curated_from_chembl_api,7.79588,ChEMBL,CHEMBL1650731,train,JAK2
IC50,1110.0,CHEMBL1011746,Nc1n[nH]c2ccc(-c3ccc(CN4CCOCC4)cc3)cc12,,False,False,PEUXAHTWNCMVAB-UHFFFAOYSA-N,6,JAK2_8da2d9a891,curated_from_chembl_api,5.954677,ChEMBL,CHEMBL479830,train,JAK2
IC50,1760.0,CHEMBL1613998,O=C1C=CC(=O)N1CCNc1ncc(C(F)(F)F)cc1Cl,,False,False,XRJVXAMPYWOKBH-UHFFFAOYSA-N,6,JAK2_dd744628bf,curated_from_chembl_api,5.754487,ChEMBL,CHEMBL1427185,train,JAK2
IC50,20.0,CHEMBL1116984,COc1cc(-c2cnc3cccc(-c4ccc(C(=O)N5CCOCC5)c(C)c4)c3n2)cc(OC)c1OC,,False,False,BUNXZYXBVGVIPQ-UHFFFAOYSA-N,6,JAK2_0ed9821b25,curated_from_chembl_api,7.69897,ChEMBL,CHEMBL1088856,train,JAK2
IC50,93.0,CHEMBL3239499,Cc1cccc(Nc2sc(-c3ccccc3Cl)cc2C(N)=O)n1,,False,False,WHFCMMSQBVBJNM-UHFFFAOYSA-N,6,JAK2_1bab63115e,curated_from_chembl_api,7.031517,ChEMBL,CHEMBL3234878,train,JAK2
IC50,12.0,CHEMBL1941383,CNC(=O)c1cnc(N)c2cc(-c3ccc(OC(F)(F)F)cc3)sc12,,False,False,ZYYHYWCLONWJSJ-UHFFFAOYSA-N,6,JAK2_bfa22225e6,curated_from_chembl_api,7.920819,ChEMBL,CHEMBL1938652,train,JAK2
IC50,1.5,CHEMBL2067611,CS(=O)(=O)c1ccc(-c2cccn3nc(Nc4ccccc4)nc23)cc1,,False,False,XLCDCOGTVWLGOJ-UHFFFAOYSA-N,6,JAK2_c2aa2a9954,curated_from_chembl_api,8.823909,ChEMBL,CHEMBL2062796,train,JAK2
IC50,3.6,CHEMBL1936085,Cc1cc(-c2ccccc2N(C)S(C)(=O)=O)n2nc(Nc3ccc(C4CCN(CC(N)=O)CC4)cc3)ncc12,,False,False,IZXVMYGSHYBFKM-UHFFFAOYSA-N,6,JAK2_38e5488d63,curated_from_chembl_api,8.443697,ChEMBL,CHEMBL1934352,train,JAK2
IC50,3311.0,CHEMBL1613998,Cc1ccc2nc(C)cc(Nc3ccc([N+](=O)[O-])cc3)c2c1,,False,False,UJKFQZSNQANFHU-UHFFFAOYSA-N,6,JAK2_4289ac4d2d,curated_from_chembl_api,5.480041,ChEMBL,CHEMBL1501466,train,JAK2
IC50,193.0,CHEMBL2067611,Nc1nc2c(-c3ccc(C(F)(F)F)cc3)cccn2n1,,False,False,IXXXZKAKULPJHA-UHFFFAOYSA-N,6,JAK2_779b81d230,curated_from_chembl_api,6.714443,ChEMBL,CHEMBL2062793,train,JAK2
IC50,740.0,CHEMBL1011746,Nc1n[nH]c2ccc(-c3cccc(Cl)c3)cc12,,False,False,JNMNZGXGVBHQTA-UHFFFAOYSA-N,6,JAK2_8b7a869eb4,curated_from_chembl_api,6.130768,ChEMBL,CHEMBL481583,train,JAK2
IC50,143.0,CHEMBL2186598,O=C(Nc1c[nH]nc1-c1cccc(Cl)c1)c1cnn2cccnc12,,False,False,WUGATYAZBCNSNU-UHFFFAOYSA-N,6,JAK2_e8771262b0,curated_from_chembl_api,6.844664,ChEMBL,CHEMBL2178253,train,JAK2
IC50,379.0,CHEMBL1926252,COc1cc(N2CCN(C[C@H](C)O)CC2)ccc1Nc1ncc2ccc(-c3ccccc3N(C)S(C)(=O)=O)n2n1,,False,False,PYEVUJXYLLDVLP-FQEVSTJZSA-N,6,JAK2_c3a50c8b83,curated_from_chembl_api,6.421361,ChEMBL,CHEMBL1822525,train,JAK2
IC50,16600.0,CHEMBL3131078,NS(=O)(=O)OCCn1cnc2c(Nc3ccc(F)cc3)nc(NCc3ccc(C4CCCCC4)cc3)nc21,,False,False,SDEPDOGWVAMEDD-UHFFFAOYSA-N,6,JAK2_daf4d3e0d7,curated_from_chembl_api,4.779892,ChEMBL,CHEMBL3125667,train,JAK2
IC50,18.0,CHEMBL1107753,CN1CCN(Cc2ccc(Nc3nccc(-c4ccc(NS(C)(=O)=O)cc4)n3)cc2)CC1,,False,False,RISBISCHGLDTQD-UHFFFAOYSA-N,6,JAK2_b95c444e8f,curated_from_chembl_api,7.744727,ChEMBL,CHEMBL1078971,train,JAK2
IC50,330.0,CHEMBL1657171,O=C1CCN(c2ncc(C(F)(F)F)c(C3=C(c4c[nH]c5ccccc45)C(=O)NC3=O)n2)CC1,,False,False,MYIILBMNTUDZDH-UHFFFAOYSA-N,6,JAK2_2d847dbe40,curated_from_chembl_api,6.481486,ChEMBL,CHEMBL1235315,train,JAK2
IC50,319.0,CHEMBL3239499,NC(=O)c1cc(-c2ccccc2)sc1Nc1cccnc1,,False,False,BNDJKXPGRLDHFV-UHFFFAOYSA-N,6,JAK2_34a663fafd,curated_from_chembl_api,6.496209,ChEMBL,CHEMBL3234892,train,JAK2
IC50,12.0,CHEMBL3129257,Cc1nc([C@](C)(O)CO)sc1-c1cnc(N)c(O[C@H](C)c2cc(F)ccc2-n2nccn2)c1,,False,False,DIXMBHMNEHPFCX-MCMMXHMISA-N,6,JAK2_6ac62e2ed5,curated_from_chembl_api,7.920819,ChEMBL,CHEMBL3128069,train,JAK2
IC50,15.0,CHEMBL2184201,C1=CCOCc2cc(ccc2OCCN2CCCCC2)Nc2nccc(n2)-c2cccc(c2)COC1,,False,True,VLNBTEQPYIXIMB-UHFFFAOYSA-N,18,JAK2_8c7a3c32e1,curated_from_chembl_api,7.823909,ChEMBL,CHEMBL2181331,train,JAK2
IC50,8616.0,CHEMBL1613998,Cc1c(Cc2ccccc2)c(=O)oc2c(O)c(O)ccc12,,False,False,DLDOVDSFVAFCQE-UHFFFAOYSA-N,6,JAK2_2a47bb5fcf,curated_from_chembl_api,5.064694,ChEMBL,CHEMBL560919,train,JAK2
IC50,120.0,CHEMBL1948620,CC(C)NCC(=O)N1C/C=C/CCOc2cccc(c2)-c2ccnc(n2)Nc2cccc(c2)C1,,False,True,NSTKOFAZZWRLGR-ONEGZZNKSA-N,18,JAK2_14bf65c909,curated_from_chembl_api,6.920819,ChEMBL,CHEMBL1945049,train,JAK2
IC50,39.6,CHEMBL2214787,CC(=O)Nc1ccc(-c2nc(Nc3ccc(N4CCOCC4)cc3)ncc2C(F)(F)F)cc1,,False,False,BYHMRSHIDGDWLN-UHFFFAOYSA-N,6,JAK2_d5cdf1833d,curated_from_chembl_api,7.402305,ChEMBL,CHEMBL2208029,train,JAK2
IC50,14.0,CHEMBL1840262,C[C@H](Nc1ccc(C(N)=O)c2[nH]c3cc(-c4ccc(Cl)nn4)ccc3c12)C(C)(C)C,,False,False,MXMNITSDXKDKHO-LBPRGKRZSA-N,6,JAK2_0ad5cb1c3d,curated_from_chembl_api,7.853872,ChEMBL,CHEMBL1835042,train,JAK2
IC50,139.0,CHEMBL1291235,CC(C)Nc1nc2cc[nH]c(=O)c2c2cc(F)ccc12,,False,False,HPVGIMAFCHRMAY-UHFFFAOYSA-N,6,JAK2_021e1f9ba0,curated_from_chembl_api,6.856985,ChEMBL,CHEMBL1288720,train,JAK2
IC50,100000.0,CHEMBL3363474,CSc1nccc(-c2[nH]c(-c3ccc(O)cc3)nc2-c2ccc(F)cc2)n1,,False,False,JEZWGJUZMFFAHM-UHFFFAOYSA-N,6,JAK2_ce61816287,curated_from_chembl_api,4.0,ChEMBL,CHEMBL3314285,train,JAK2
IC50,1631.0,CHEMBL1613998,Cc1cccc(N(Cc2ccccc2)C(=O)CCl)c1,,False,False,FKHCQUXRYRIDMR-UHFFFAOYSA-N,6,JAK2_2a6788af5f,curated_from_chembl_api,5.787546,ChEMBL,CHEMBL1399938,train,JAK2
IC50,44.3,CHEMBL2329570,CC[C@H](C)NC(=O)c1c[nH]c2ncc(C3CC3)nc12,,False,False,VAZJXEJUMZTDQP-QMMMGPOBSA-N,6,JAK2_0834168958,curated_from_chembl_api,7.353596,ChEMBL,CHEMBL2325902,train,JAK2
IC50,2400.0,CHEMBL3299201,O=C(Nc1nc2cccc(-c3ccc(CN4CCS(=O)(=O)CC4)cc3)n2n1)C1CC1,,False,False,RIJLVEAXPNLDTC-UHFFFAOYSA-N,6,JAK2_f975082624,curated_from_chembl_api,5.619789,ChEMBL,CHEMBL3301607,train,JAK2
IC50,330.0,CHEMBL1011746,Nc1n[nH]c2ccc(-c3ccc(S(=O)(=O)N4CCOCC4)cc3)cc12,,False,False,YRLQZPMDQZAQQK-UHFFFAOYSA-N,6,JAK2_77deb1cb5a,curated_from_chembl_api,6.481486,ChEMBL,CHEMBL520947,train,JAK2
IC50,10000.0,CHEMBL3118993,O=C1NC(=O)C(c2c[nH]c3ccccc23)=C1Nc1ccccc1OCCNc1ccnc(F)c1,,False,False,FPGIZZNRCUIQNC-UHFFFAOYSA-N,6,JAK2_a2ab6addf6,curated_from_chembl_api,5.0,ChEMBL,CHEMBL3114773,train,JAK2
IC50,13.0,CHEMBL1936085,NC(=O)CN1CCC(c2ccc(Nc3ncc4ccc(-c5cccc6c5OC(F)(F)O6)n4n3)cc2)CC1,,False,False,DZPFKGQUWAWYKE-UHFFFAOYSA-N,6,JAK2_12d3d678a1,curated_from_chembl_api,7.886057,ChEMBL,CHEMBL1934348,train,JAK2
IC50,10000.0,CHEMBL3118993,O=C1NC(=O)C(c2c[nH]c3ccccc23)=C1Nc1ccc(OCCCn2ccnc2)cc1,,False,False,MHRPDZTYNYCVEB-UHFFFAOYSA-N,6,JAK2_8824d01afc,curated_from_chembl_api,5.0,ChEMBL,CHEMBL3114769,train,JAK2
IC50,11080.0,CHEMBL3118993,O=C1NC(=O)C(c2ccccc2)=C1Nc1cccc(OCCNc2ccnc(F)c2)c1,,False,False,SHEQZUSXNKTDJT-UHFFFAOYSA-N,6,JAK2_7afa25920b,curated_from_chembl_api,4.95546,ChEMBL,CHEMBL3114781,train,JAK2
IC50,41.0,CHEMBL1840262,CC(C)Cn1cc(-c2ccc3c(c2)[nH]c2c(C(N)=O)ccc(N[C@@H](C)C(C)(C)C)c23)cn1,,False,False,PZBUGQROFHTDOV-INIZCTEOSA-N,6,JAK2_599df69c77,curated_from_chembl_api,7.387216,ChEMBL,CHEMBL1835040,train,JAK2
IC50,16.0,CHEMBL1107753,CS(=O)(=O)Nc1ccc(-c2ccnc(Nc3ccc(CN4CCC(O)CC4)cc3)n2)cc1,,False,False,MLIKCBALQRTPFL-UHFFFAOYSA-N,6,JAK2_0c060525b7,curated_from_chembl_api,7.79588,ChEMBL,CHEMBL1078767,train,JAK2
IC50,10000.0,CHEMBL1016953,N#C/C(=C\c1ccc(O)c(O)c1)C(=O)NCc1ccccc1,,False,False,TUCIOBMMDDOEMM-RIYZIHGNSA-N,6,JAK2_290a5a9c8a,curated_from_chembl_api,5.0,ChEMBL,CHEMBL56543,train,JAK2
IC50,891.0,CHEMBL3239499,NC(=O)c1cc(-c2ccccc2)sc1Nc1cccc(C(F)(F)F)n1,,False,False,KRUHDWCIWRXWRL-UHFFFAOYSA-N,6,JAK2_aa38d6c9d7,curated_from_chembl_api,6.050122,ChEMBL,CHEMBL3234883,train,JAK2
IC50,3.0,CHEMBL1103123,Cc1cnc(Nc2cc(N3CCOCC3)nc(N[C@@H](C)c3ncc(F)cn3)n2)s1,,False,False,ODONICFHLYWURU-LBPRGKRZSA-N,6,JAK2_1ffaf013ab,curated_from_chembl_api,8.522879,ChEMBL,CHEMBL1088030,train,JAK2
IC50,200.0,CHEMBL1044318,CN(C)C(=O)C1CCCN(c2cc(-c3c(N)nn4cccnc34)ncn2)C1,,False,False,WWENLOXPRAJWMO-UHFFFAOYSA-N,6,JAK2_d1623f98be,curated_from_chembl_api,6.69897,ChEMBL,CHEMBL569737,train,JAK2
IC50,3676.0,CHEMBL1613998,Cc1nc([N+](=O)[O-])c(Br)n1CC(=O)c1ccc2ccccc2c1,,False,False,FKJFPVNMXOYFQM-UHFFFAOYSA-N,6,JAK2_7229466f90,curated_from_chembl_api,5.434624,ChEMBL,CHEMBL1431684,train,JAK2
IC50,223.0,CHEMBL1613998,CN(C)C(=S)SSC(=S)N(C)C,,False,False,KUAZQDVKQLNFPE-UHFFFAOYSA-N,0,JAK2_755237cf1f,curated_from_chembl_api,6.651695,ChEMBL,CHEMBL120563,train,JAK2
IC50,3068.0,CHEMBL3270967,Cc1c(NC(=O)c2ccc(C(C)(C)C)cc2)cccc1-c1nc(Nc2ccc(C(=O)N3CCOCC3)cc2)c2nc[nH]c2n1,,False,False,IGXJXMLDIIGDNE-UHFFFAOYSA-N,6,JAK2_f50bf956d2,curated_from_chembl_api,5.513145,ChEMBL,CHEMBL3263640,train,JAK2
IC50,25.0,CHEMBL1044318,CCCN(CCC)c1cc(-c2c(N)nn3cccnc23)ncn1,,False,False,UBHNRBCDGPKEKU-UHFFFAOYSA-N,6,JAK2_e7aaafe0f1,curated_from_chembl_api,7.60206,ChEMBL,CHEMBL569948,train,JAK2
IC50,5.0,CHEMBL1102770,COc1cc(Nc2nc3cccc(-c4ccc(NS(C)(=O)=O)cc4)c3o2)cc(OC)c1OC,,False,False,JRRYENJTDMKDRR-UHFFFAOYSA-N,6,JAK2_ee18a170dc,curated_from_chembl_api,8.30103,ChEMBL,CHEMBL1081977,train,JAK2
IC50,110.0,CHEMBL3119788,COc1ccc(Nc2nc(N3CCOCC3)c3nc[nH]c3n2)cc1OC,,False,False,HQTWCSJFLUYOJR-UHFFFAOYSA-N,6,JAK2_7cb66438d8,curated_from_chembl_api,6.958607,ChEMBL,CHEMBL3115325,train,JAK2
IC50,100.0,CHEMBL1656192,CCN(Cc1cc(Nc2nc(C)cn3c(-c4cn[nH]c4)cnc23)sn1)C(C)(C)CO.Cl,,False,False,YBAZMWNWFHDNTH-UHFFFAOYSA-N,6,JAK2_0cbefcf53b,curated_from_chembl_api,7.0,ChEMBL,CHEMBL1650533,train,JAK2
IC50,0.15,CHEMBL3131376,NS(=O)(=O)c1cc(Cl)c(Nc2nc3ccncc3c3c(=O)[nH]ccc23)c(Cl)c1,,False,False,WJKYXXHHDXZQCI-UHFFFAOYSA-N,6,JAK2_e1ad5dee43,curated_from_chembl_api,9.823909,ChEMBL,CHEMBL3126350,train,JAK2
IC50,195.0,CHEMBL1116984,COc1cc(-c2cnc3cccc(-c4ccc(CN5CCOCC5)c(C)c4)c3n2)cc(OC)c1OC,,False,False,GIEHCMJOLMYDLH-UHFFFAOYSA-N,6,JAK2_aa619448ef,curated_from_chembl_api,6.709965,ChEMBL,CHEMBL1093454,train,JAK2
IC50,398.0,CHEMBL3239499,Cc1ccnc(Nc2sc(-c3ccccc3)cc2C(N)=O)c1,,False,False,VTXTZOSQVPMRAU-UHFFFAOYSA-N,6,JAK2_79ec819e41,curated_from_chembl_api,6.400117,ChEMBL,CHEMBL3234889,train,JAK2
IC50,9.0,CHEMBL3131376,O=c1[nH]ccc2c(Nc3c(F)cccc3C(F)(F)F)nc3ccncc3c12,,False,False,ZKARUZSOFAZGMB-UHFFFAOYSA-N,6,JAK2_6040ae7a3d,curated_from_chembl_api,8.045757,ChEMBL,CHEMBL3126345,train,JAK2
IC50,1421.0,CHEMBL1613998,Cc1ccc(Nc2nc(N)nc(CCl)n2)cc1,,False,False,NDCXQFXHUZSBIB-UHFFFAOYSA-N,6,JAK2_e890d999da,curated_from_chembl_api,5.847406,ChEMBL,CHEMBL1364913,train,JAK2
IC50,3400.0,CHEMBL1102456,O=c1[nH]c2cnc(-n3cnc4ccc(F)cc43)nc2n1C1CCOCC1,,False,False,CZBNYTJYQPWJEF-UHFFFAOYSA-N,6,JAK2_74d0637379,curated_from_chembl_api,5.468521,ChEMBL,CHEMBL1088424,train,JAK2
IC50,31.0,CHEMBL3377596,CC1(C)[C@H](Nc2c(C(N)=O)cnn3cccc23)CC[C@@]1(C)O,,False,False,POBDSPXBIIAMTG-MLGOLLRUSA-N,6,JAK2_5aa453eb0c,curated_from_chembl_api,7.508638,ChEMBL,CHEMBL3359915,train,JAK2
IC50,210.0,CHEMBL1948620,COc1cc2cc(c1OCCN1CCCC1)CN(C)C/C=C/CCOc1cccc(c1)-c1ccnc(n1)N2,,False,True,YIDRUYNPCLUMDM-ONEGZZNKSA-N,18,JAK2_5f8f64daca,curated_from_chembl_api,6.677781,ChEMBL,CHEMBL1946004,train,JAK2
IC50,90.0,CHEMBL1948620,C1=C/CN(C2CC2)Cc2cccc(c2)Nc2nccc(n2)-c2cccc(c2)OCC/1,,False,True,TXYKUCFACDXMFT-OWOJBTEDSA-N,18,JAK2_ca0a832409,curated_from_chembl_api,7.045757,ChEMBL,CHEMBL1944701,train,JAK2
IC50,180.0,CHEMBL1937386,Cc1cnc2nc1-c1cccc(c1)OCC/C=C/CN(C)Cc1cccc(c1)N2,,False,True,RPAYUDDKBDJILL-ONEGZZNKSA-N,18,JAK2_471b7843d8,curated_from_chembl_api,6.744727,ChEMBL,CHEMBL1933343,train,JAK2
IC50,51.0,CHEMBL908418,C[C@H](Nc1ccnc(-n2cnc3cnccc32)n1)c1ccccc1,,False,False,GVGRBYMMMDPTET-ZDUSSCGKSA-N,6,JAK2_b7da26021f,curated_from_chembl_api,7.29243,ChEMBL,CHEMBL220585,train,JAK2
IC50,980.0,CHEMBL2214787,CC(=O)Nc1ccc(-c2cc(Nc3ccc(N4CCOCC4)cc3)ncn2)cc1,,False,False,IUTBWIDXUBWESB-UHFFFAOYSA-N,6,JAK2_90987f6c96,curated_from_chembl_api,6.008774,ChEMBL,CHEMBL2208026,train,JAK2
IC50,22.0,CHEMBL1044318,Nc1nn2cccnc2c1-c1cc(NCc2ccccn2)ncn1,,False,False,AESKVXGNIRQPSX-UHFFFAOYSA-N,6,JAK2_c7f9b9faad,curated_from_chembl_api,7.657577,ChEMBL,CHEMBL576475,train,JAK2
IC50,50.0,CHEMBL2327345,Cn1nc(C2CCCCC2)c2c3cc[nH]c3ncc21,,False,False,ITJOPOBKLBQUJE-UHFFFAOYSA-N,6,JAK2_8b6ea9ab13,curated_from_chembl_api,7.30103,ChEMBL,CHEMBL2322136,train,JAK2
IC50,167.0,CHEMBL908418,C[C@H](Nc1cc(-c2cccc(N(C)C)c2)nc(-n2cnc3ccncc32)n1)c1ccccc1,,False,False,HQMGONANONWPGR-SFHVURJKSA-N,6,JAK2_8ed5190fd0,curated_from_chembl_api,6.777284,ChEMBL,CHEMBL373523,train,JAK2
IC50,2460.0,CHEMBL1613998,CCCOc1ccc(C(=O)C(CN2CCOCC2)c2ccccc2)cc1,,False,False,WVAHEPZRTLCPMI-UHFFFAOYSA-N,6,JAK2_6fc84de61e,curated_from_chembl_api,5.609065,ChEMBL,CHEMBL1382022,train,JAK2
IC50,10710.0,CHEMBL1613998,COC(=O)/C=C/c1ccc(OC(=O)OC)c(OC(=O)OC)c1,,False,False,QEWUDAKCWIEESB-FNORWQNLSA-N,6,JAK2_0527f3a0e8,curated_from_chembl_api,4.970211,ChEMBL,CHEMBL1587526,train,JAK2
IC50,13000.0,CHEMBL2383899,NC(=O)c1cnc(N[C@H]2CC[C@H](N)CC2)c2nc(-c3ccc(Cl)cc3)cn12,,False,False,DIVVQJIIRBQSMU-HDJSIYSDSA-N,6,JAK2_a0b82402a1,curated_from_chembl_api,4.886057,ChEMBL,CHEMBL2381601,train,JAK2
IC50,150.0,CHEMBL2184201,CCS(=O)(=O)N1CCN(c2ccc3cc2COCC=CCOCc2cccc(c2)-c2ccnc(n2)N3)CC1,,False,True,MVYLGMHXUJOQBG-UHFFFAOYSA-N,18,JAK2_e3b8202d52,curated_from_chembl_api,6.823909,ChEMBL,CHEMBL2181326,train,JAK2
IC50,10000.0,CHEMBL3118993,O=C1NC(=O)C(c2c[nH]c3ccccc23)=C1Nc1cccc(O[C@@H]2CCN(c3ccnc(F)c3)C2)c1,,False,False,ULLVSXLCIMTNQM-LJQANCHMSA-N,6,JAK2_5257383b76,curated_from_chembl_api,5.0,ChEMBL,CHEMBL3114762,train,JAK2
IC50,1000.0,CHEMBL1102456,O=c1[nH]c2cnc(-n3cnc4ccc(F)cc43)nc2n1Cc1cccc(F)c1F,,False,False,QXLJDDRYEUTLQD-UHFFFAOYSA-N,6,JAK2_4303028045,curated_from_chembl_api,6.0,ChEMBL,CHEMBL1081846,train,JAK2
IC50,100000.0,CHEMBL3363474,Cn1c(-c2cn(CCO)nn2)nc(-c2ccc(F)cc2)c1-c1ccncc1,,False,False,SCFAXAIGJNYTQW-UHFFFAOYSA-N,6,JAK2_a330abcf3a,curated_from_chembl_api,4.0,ChEMBL,CHEMBL3120963,train,JAK2
IC50,0.5,CHEMBL1926252,COc1ccc(-c2ccc3cnc(Nc4ccc(C5CCN(C[C@H](C)O)CC5)cc4)nn23)cn1,,False,False,DIGUSWNOUFBFFJ-SFHVURJKSA-N,6,JAK2_205d487531,curated_from_chembl_api,9.30103,ChEMBL,CHEMBL1923594,train,JAK2
IC50,19.0,CHEMBL2183761,C1=N/C2=N/c3ccc(OCCN4CCCC4)c(c3)COC/C=C/COCc3cccc(c3)C(=C1)N2,,False,True,HWXVIOGONBBTBY-ONEGZZNKSA-N,18,JAK2_b065db2dc7,curated_from_chembl_api,7.721246,ChEMBL,CHEMBL2035187,train,JAK2
IC50,2283.0,CHEMBL1613998,CS(=O)(=O)c1nc(-c2ccco2)cc(C(F)(F)F)n1,,False,False,DYLWYHLPRCPPQD-UHFFFAOYSA-N,6,JAK2_e7a55180ca,curated_from_chembl_api,5.641494,ChEMBL,CHEMBL1444859,train,JAK2
IC50,37.0,CHEMBL2378515,C[C@@H](NC(=O)c1c[nH]c2ncc(-c3ncn4cc(F)cc(F)c34)nc12)C(=O)N1CC(C#N)C1,,False,False,XVOQZCVSDBIDJD-SNVBAGLBSA-N,6,JAK2_bfa52bc93e,curated_from_chembl_api,7.431798,ChEMBL,CHEMBL2376158,train,JAK2
IC50,89.0,CHEMBL2415128,COc1ccc(-c2cccn3nc(Nc4cnn([C@H](C)CO)c4)nc23)cc1,,False,False,SOAZJXRYDAOFEW-CYBMUJFWSA-N,6,JAK2_2d23ea0d7b,curated_from_chembl_api,7.05061,ChEMBL,CHEMBL2414536,train,JAK2
IC50,22.0,CHEMBL3374493,Cc1ccc(Cl)cc1-c1c(C(N)=O)cc(-c2ccnc(Nc3ccc(N4CCN(C)CC4)cc3)n2)n1C,,False,False,GTPKZTQLTICGMS-UHFFFAOYSA-N,6,JAK2_ac5439f7ce,curated_from_chembl_api,7.657577,ChEMBL,CHEMBL3330121,train,JAK2
IC50,227.0,CHEMBL3239499,NC(=O)c1cc(-c2ccccc2)sc1Nc1cc(F)ccn1,,False,False,BMKQUIYXVMJNGT-UHFFFAOYSA-N,6,JAK2_5461f44079,curated_from_chembl_api,6.643974,ChEMBL,CHEMBL3234886,train,JAK2
IC50,1.1,CHEMBL1926252,CN1CCN(c2ccc(Nc3ncc4ccc(-c5ccccc5N(C)S(C)(=O)=O)n4n3)cc2Cl)CC1,,False,False,YKWILWXFQSULJA-UHFFFAOYSA-N,6,JAK2_dc987bb327,curated_from_chembl_api,8.958607,ChEMBL,CHEMBL1923582,train,JAK2
IC50,100000.0,CHEMBL3363474,Cn1c(-c2cn(CCP(=O)([O-])[O-])nn2)nc(-c2ccc(F)cc2)c1-c1ccncc1.[Na+].[Na+],,False,False,KTAAEGBHFHOMIG-UHFFFAOYSA-L,6,JAK2_bc3d94a134,curated_from_chembl_api,4.0,ChEMBL,CHEMBL3120985,train,JAK2
IC50,19.0,CHEMBL897052,C[C@H](Nc1nc(-n2cnc3ccncc32)nc2c1cc(C(=O)NCCN(C)C)n2C)c1ccccc1,,False,False,PIVJMAKIXQYHOB-KRWDZBQOSA-N,6,JAK2_e546f615da,curated_from_chembl_api,7.721246,ChEMBL,CHEMBL233555,train,JAK2
IC50,5000.0,CHEMBL1292866,CN(C)c1cccc(Nc2nc(N)n(C(=O)c3c(F)cccc3F)n2)c1,,False,False,DJAICIVAVSHFRM-UHFFFAOYSA-N,6,JAK2_ff9a901bf3,curated_from_chembl_api,5.30103,ChEMBL,CHEMBL1288001,train,JAK2
IC50,4.6,CHEMBL1044318,CCN(CCC(F)(F)F)C(=O)C1CCCN(c2cc(-c3c(N)nn4cccnc34)ncn2)C1,,False,False,DWPLJUAHYRWOBJ-UHFFFAOYSA-N,6,JAK2_67c546b8f6,curated_from_chembl_api,8.337242,ChEMBL,CHEMBL570456,train,JAK2
IC50,0.5,CHEMBL1044318,CCC[C@@H](Nc1cc(-c2c(N)nn3cccnc23)ncn1)c1ccc(F)cc1,,False,False,XCZBUTZZORQJOU-OAHLLOKOSA-N,6,JAK2_22b5f1b127,curated_from_chembl_api,9.30103,ChEMBL,CHEMBL584944,train,JAK2
IC50,10000.0,CHEMBL1948620,CN1C/C=C/CC(=O)Nc2cccc(c2)-c2ccnc(n2)Nc2cccc(c2)C1,,False,True,FWMQFPCUIRCJLI-NSCUHMNNSA-N,18,JAK2_1c395c5584,curated_from_chembl_api,5.0,ChEMBL,CHEMBL1947159,train,JAK2
IC50,7.0,CHEMBL908418,C[C@H](Nc1cc(N(C)C)nc(-n2cnc3ccncc32)n1)c1ccccc1,,False,False,HTQVFEXMGNYDLT-AWEZNQCLSA-N,6,JAK2_81b37eaffc,curated_from_chembl_api,8.154902,ChEMBL,CHEMBL218579,train,JAK2
IC50,15.0,CHEMBL2378515,C[C@@H](NC(=O)c1c[nH]c2ncc(-c3nn(C)c4cc(C5CC5)ccc34)nc12)C(=O)N1CC(C#N)C1,,False,False,RPGXZHSALRKUKG-CYBMUJFWSA-N,6,JAK2_f46c4ac647,curated_from_chembl_api,7.823909,ChEMBL,CHEMBL2376150,train,JAK2
IC50,22.0,CHEMBL2378515,C[C@@H](NC(=O)c1c[nH]c2ncc(-c3nn(C)c4cc(Cl)ccc34)nc12)C(=O)N1CC(C#N)C1,,False,False,CBAQRGUWFGLMKB-LLVKDONJSA-N,6,JAK2_12086577ea,curated_from_chembl_api,7.657577,ChEMBL,CHEMBL2376144,train,JAK2
IC50,60.0,CHEMBL1033558,CC/C(=C(/CC)c1ccc(O)c(CN(CC)CC)c1)c1ccc(O)c(CN(CC)CC)c1,,False,False,QFNJFVBKASKGEU-OCEACIFDSA-N,6,JAK2_1cbf54dd49,curated_from_chembl_api,7.221849,ChEMBL,CHEMBL559626,train,JAK2
IC50,5.0,CHEMBL1102770,Cc1cc(Nc2nc3cccc(-c4cc(F)c(CN5CCOCC5)c(F)c4)c3o2)ccc1C(=O)NCCCN(C)C,,False,False,CCYLXRZCCYTEPD-UHFFFAOYSA-N,6,JAK2_155be966f1,curated_from_chembl_api,8.30103,ChEMBL,CHEMBL1076700,train,JAK2
IC50,6.0,CHEMBL3268711,COc1cc(Nc2ncc(F)c(Nc3ccc4c(n3)NC(=O)C(C)(C)O4)n2)cc(OC)c1OC,,False,False,NHHQJBCNYHBUSI-UHFFFAOYSA-N,6,JAK2_640f6a716a,curated_from_chembl_api,8.221849,ChEMBL,CHEMBL475251,train,JAK2
IC50,65.0,CHEMBL1107753,Cc1cc(-c2ccnc(Nc3ccc(N4CCOCC4)cc3)n2)ccc1C(=O)NCC#N,,False,False,HFNYDUGXJCRIRE-UHFFFAOYSA-N,6,JAK2_84d1d011c9,curated_from_chembl_api,7.187087,ChEMBL,CHEMBL1078363,train,JAK2
IC50,0.6,CHEMBL3131376,CC(O)c1cc(Cl)c(Nc2nc3ccncc3c3c(=O)[nH]ccc23)c(Cl)c1,,False,False,BRBXDSJWXHVEHB-UHFFFAOYSA-N,6,JAK2_6517cb645a,curated_from_chembl_api,9.221849,ChEMBL,CHEMBL3126346,train,JAK2
IC50,31.0,CHEMBL1685409,Cc1cc(Nc2nc(N3CCNCC3)nn3cccc23)n[nH]1,,False,False,ORCXWVGSUSIELN-UHFFFAOYSA-N,6,JAK2_e4f689f816,curated_from_chembl_api,7.508638,ChEMBL,CHEMBL1682368,train,JAK2
IC50,2.4,CHEMBL1685409,Cc1cc(Nc2nc(N3CCN(C(=O)Cc4ccc(F)cc4F)CC3)nn3cccc23)n[nH]1,,False,False,XHTUTACCUMHKNS-UHFFFAOYSA-N,6,JAK2_b61bf142f6,curated_from_chembl_api,8.619789,ChEMBL,CHEMBL1682387,train,JAK2
IC50,16900.0,CHEMBL1036442,Cc1cc2c(c(=O)[nH]1)-c1[nH]c3ccccc3c1CCN2CCc1ccccc1,,False,False,BWGKFZUZSRUEHZ-UHFFFAOYSA-N,7,JAK2_3b6bdc2a02,curated_from_chembl_api,4.772113,ChEMBL,CHEMBL564365,train,JAK2
IC50,10.0,CHEMBL2443999,CN1CCC(NC(=O)c2cc(-c3c(O)cc(O)cc3Oc3ccc(N(C)C)cc3)on2)CC1,,False,False,VUOFPKJWKCCHBI-UHFFFAOYSA-N,6,JAK2_4e176748e3,curated_from_chembl_api,8.0,ChEMBL,CHEMBL2443138,train,JAK2
IC50,2404.0,CHEMBL1613998,CCOc1ccc(C(=O)C(CN2CCOCC2)c2ccccc2)cc1.Cl,,False,False,CSPPBRFZXWPNTC-UHFFFAOYSA-N,6,JAK2_eae799ec15,curated_from_chembl_api,5.619066,ChEMBL,CHEMBL1585185,train,JAK2
IC50,42.0,CHEMBL1107850,CNS(=O)(=O)c1ccc(-c2cccc3ncc(-c4cc(OC)c(OC)c(OC)c4)nc23)cc1,,False,False,LYSCAOWDVVWGQK-UHFFFAOYSA-N,6,JAK2_620238896b,curated_from_chembl_api,7.376751,ChEMBL,CHEMBL1093749,train,JAK2
IC50,19.0,CHEMBL2184201,COc1ccc2cc1COCC=CCOCc1cc(ccc1OCCN1CCCC1)Nc1nccc-2n1,,False,True,HLNMMXYNDBSAPI-UHFFFAOYSA-N,18,JAK2_4c1cea8d33,curated_from_chembl_api,7.721246,ChEMBL,CHEMBL2181313,train,JAK2
IC50,4.0,CHEMBL1656588,COc1cc(Nc2nc(N[C@@H](C)c3ncc(F)cn3)nc(N3CCOCC3)c2F)n[nH]1,,False,False,KDEZEJSFZUZWID-JTQLQIEISA-N,6,JAK2_6756147e70,curated_from_chembl_api,8.39794,ChEMBL,CHEMBL1650736,train,JAK2
IC50,0.5,CHEMBL1926252,COc1ccc(Nc2ncc3ccc(-c4ccccc4OC)n3n2)cc1,,False,False,LHHGPWPUBLDJPL-UHFFFAOYSA-N,6,JAK2_0c0d246793,curated_from_chembl_api,9.30103,ChEMBL,CHEMBL1923570,train,JAK2
IC50,42.0,CHEMBL3377596,CC1(C)[C@H](O)CC[C@H]1Nc1c(C(N)=O)cnn2cccc12,,False,False,NQMVPZBPGADIQN-VXGBXAGGSA-N,6,JAK2_0ae2e7d4d4,curated_from_chembl_api,7.376751,ChEMBL,CHEMBL3359913,train,JAK2
IC50,4.0,CHEMBL1291235,O=c1[nH]ccc2nc(Nc3c(F)cc(F)cc3Cl)c3ccc(F)cc3c12,,False,False,GYPCUVVRSOIEEF-UHFFFAOYSA-N,6,JAK2_e1ea9485cf,curated_from_chembl_api,8.39794,ChEMBL,CHEMBL1290651,train,JAK2
IC50,3.1,CHEMBL1116984,Cc1cc(-c2cnc3cccc(-c4cc(F)c(CN5CCOCC5)c(F)c4)c3n2)ccc1C(=O)N1CCOCC1,,False,False,GBRGJHQHNKMEPR-UHFFFAOYSA-N,6,JAK2_b981ca4ff6,curated_from_chembl_api,8.508638,ChEMBL,CHEMBL1093119,train,JAK2
IC50,1750.0,CHEMBL1948620,O=C1CC/C=C\COc2cccc(c2)-c2ccnc(n2)Nc2cccc(c2)N1,,False,True,XDZQOHWIPBUZJT-IWQZZHSRSA-N,18,JAK2_7397607b96,curated_from_chembl_api,5.756962,ChEMBL,CHEMBL1947158,train,JAK2
IC50,1440.0,CHEMBL1641117,C[C@@H]1CCN(Cc2cccc(F)c2F)C[C@@H]1N(C)c1ncnc2[nH]ccc12,,False,False,AVRPPQPEZXXZIO-DYVFJYSZSA-N,6,JAK2_973cbbda4f,curated_from_chembl_api,5.841638,ChEMBL,CHEMBL1630790,train,JAK2
IC50,200.0,CHEMBL3131376,O=c1[nH]ccc2c(NC3CC3)nc3ccc(F)cc3c12,,False,False,JVUPCNIPPMTQKN-UHFFFAOYSA-N,6,JAK2_98e3cbb9f7,curated_from_chembl_api,6.69897,ChEMBL,CHEMBL3126338,train,JAK2
IC50,1721.0,CHEMBL1260175,O=C(Nc1n[nH]c2cc(C(=O)N[C@H](CN3CCCC3)c3ccccc3)sc12)c1ccc(N2CCOCC2)cc1,,False,False,ORWIYCURPDKSBI-XMMPIXPASA-N,6,JAK2_7300d24f37,curated_from_chembl_api,5.764219,ChEMBL,CHEMBL1258913,train,JAK2
IC50,130.0,CHEMBL3377596,CC1(C)CCC[C@@H]1Nc1c(C(N)=O)cnn2cccc12,,False,False,OJOPEZPLUQZWLY-LBPRGKRZSA-N,6,JAK2_7afcbebd5f,curated_from_chembl_api,6.886057,ChEMBL,CHEMBL3359910,train,JAK2
IC50,3056.0,CHEMBL3374493,Cc1ccc(Cl)cc1-c1[nH]c(-c2ccnc(N)n2)cc1C(=O)N(C)C,,False,False,QIHLJTBBSVIFSD-UHFFFAOYSA-N,6,JAK2_cb8d8ee44c,curated_from_chembl_api,5.514847,ChEMBL,CHEMBL3330106,train,JAK2
IC50,2.1,CHEMBL1685409,Cc1cc(Nc2nc(N3CCN(C(=O)c4ccccc4Br)CC3)nn3cccc23)n[nH]1,,False,False,XZADAEFCZNLPHW-UHFFFAOYSA-N,6,JAK2_2b70dc76a0,curated_from_chembl_api,8.677781,ChEMBL,CHEMBL1682379,train,JAK2
IC50,300.0,CHEMBL3268711,Cc1c[nH]c2c(Nc3nc(N[C@@H]4CCCC[C@@H]4N)cc4cc[nH]c(=O)c34)cccc12,,False,False,LJRBXGZFMWMQNY-DLBZAZTESA-N,6,JAK2_69affe3916,curated_from_chembl_api,6.522879,ChEMBL,CHEMBL3262625,train,JAK2
IC50,2072.0,CHEMBL1613998,Cc1cccc(Nc2nc(N)nc(CCl)n2)c1C,,False,False,UXJDIALRLMIANN-UHFFFAOYSA-N,6,JAK2_6817614314,curated_from_chembl_api,5.68361,ChEMBL,CHEMBL1447125,train,JAK2
IC50,490.0,CHEMBL3118240,C[C@H](Nc1nc(Nc2cn(C)cn2)c2cc(F)cnc2n1)c1ncc(F)cn1,,False,False,HWMRIZDUVJSJGB-VIFPVBQESA-N,6,JAK2_b84f73f8cc,curated_from_chembl_api,6.309804,ChEMBL,CHEMBL3116062,train,JAK2
IC50,24.0,CHEMBL2184201,Fc1cc2cc(c1)-c1ccnc(n1)Nc1ccc(OCCN3CCCC3)c(c1)COCC=CCOC2,,False,True,KJOZOAQMGSIFNM-UHFFFAOYSA-N,18,JAK2_256b00588d,curated_from_chembl_api,7.619789,ChEMBL,CHEMBL2181312,train,JAK2
IC50,1081.0,CHEMBL1613998,Nc1nc(CCl)nc(Nc2ccc3ccccc3c2)n1,,False,False,TUHLIPYSHRIRKP-UHFFFAOYSA-N,6,JAK2_4e34f2c6aa,curated_from_chembl_api,5.966174,ChEMBL,CHEMBL1424118,train,JAK2
IC50,25.0,CHEMBL2184201,Fc1ccc2cc1COCC=CCOCc1cc(ccc1OCCN1CCCC1)Nc1nccc-2n1,,False,True,KJWOPJDOKNDKSM-UHFFFAOYSA-N,18,JAK2_d3faa600af,curated_from_chembl_api,7.60206,ChEMBL,CHEMBL2181314,train,JAK2
IC50,16.0,CHEMBL1107753,COc1cc(-c2ccnc(Nc3ccc(N4CCOCC4)cc3)n2)ccc1N,,False,False,REQSEWPDVZEDAX-UHFFFAOYSA-N,6,JAK2_ba28a205aa,curated_from_chembl_api,7.79588,ChEMBL,CHEMBL1080411,train,JAK2
IC50,0.7,CHEMBL2067611,CN1CCC(c2cccc(Nc3nc4c(-c5ccc(S(C)(=O)=O)cc5)cccn4n3)c2)CC1,,False,False,QVEWCURGCSBRER-UHFFFAOYSA-N,6,JAK2_34d30ab507,curated_from_chembl_api,9.154902,ChEMBL,CHEMBL2062809,train,JAK2
IC50,10000.0,CHEMBL2067611,Nc1nc2c(-c3cccnc3)cccn2n1,,False,False,WRFIDIKMEQWQMH-UHFFFAOYSA-N,6,JAK2_8fb5981054,curated_from_chembl_api,5.0,ChEMBL,CHEMBL2062788,train,JAK2
IC50,40000.0,CHEMBL1613998,CN(c1ccccc1)S(=O)(=O)c1cccc(C(=O)NCCc2ccc(O)c(O)c2)c1,,False,False,CRTNJAQTUJOJKC-UHFFFAOYSA-N,6,JAK2_4c7fbe6cf1,curated_from_chembl_api,4.39794,ChEMBL,CHEMBL1467766,train,JAK2
IC50,3.0,CHEMBL1941383,COCCNC(=O)c1cnc(N)c2cc(-c3ccc(S(=O)(=O)NC(C)(C)C)cc3)sc12,,False,False,PYAGKUPDMHSDNB-UHFFFAOYSA-N,6,JAK2_51eb2cd77d,curated_from_chembl_api,8.522879,ChEMBL,CHEMBL1938656,train,JAK2
IC50,120.0,CHEMBL3268711,N[C@H]1CCCC[C@H]1Nc1cc2nc[nH]c(=O)c2c(Nc2cccc(-n3nccn3)c2)n1,,False,False,NTTIWAXCPUSMSY-JKSUJKDBSA-N,6,JAK2_08baa18ebe,curated_from_chembl_api,6.920819,ChEMBL,CHEMBL3262355,train,JAK2
IC50,150.0,CHEMBL3374493,CC(C)c1ccc(Cl)cc1-c1[nH]c(-c2ccnc(N)n2)cc1C(N)=O,,False,False,KMWLMMWKLAILOY-UHFFFAOYSA-N,6,JAK2_5e93f11c0e,curated_from_chembl_api,6.823909,ChEMBL,CHEMBL3330131,train,JAK2
IC50,2500.0,CHEMBL1292866,Nc1nc(Nc2cccc(S(N)(=O)=O)c2)nn1C(=O)c1c(F)cccc1F,,False,False,VABBNZZMPROWAP-UHFFFAOYSA-N,6,JAK2_1f22960c7f,curated_from_chembl_api,5.60206,ChEMBL,CHEMBL1287883,train,JAK2
IC50,0.6,CHEMBL1926252,COc1ccccc1-c1ccc2cnc(Nc3ccc(C4CCN(C[C@H](C)O)CC4)cc3)nn12,,False,False,DAFXRPXUCAFTRI-IBGZPJMESA-N,6,JAK2_4c13d3aa84,curated_from_chembl_api,9.221849,ChEMBL,CHEMBL1923593,train,JAK2
IC50,117.0,CHEMBL2415128,CN(C)C(=O)c1ccc(Nc2nc3c(-c4ccc(S(C)(=O)=O)cc4)cccn3n2)cc1,,False,False,HVEMOANMBXRPOK-UHFFFAOYSA-N,6,JAK2_d8675ab6f8,curated_from_chembl_api,6.931814,ChEMBL,CHEMBL2414534,train,JAK2
IC50,3.0,CHEMBL2067611,COc1ccc(Nc2nc3c(-c4ccc(S(C)(=O)=O)cc4)cccn3n2)cc1,,False,False,JQINQDGMMPSNCQ-UHFFFAOYSA-N,6,JAK2_ade5fd5f47,curated_from_chembl_api,8.522879,ChEMBL,CHEMBL2062799,train,JAK2
IC50,10000.0,CHEMBL1016953,COc1cc2ncnc(Nc3ccc(O)c(Br)c3)c2cc1OC,,False,False,CBIAKDAYHRWZCU-UHFFFAOYSA-N,6,JAK2_eb936c7158,curated_from_chembl_api,5.0,ChEMBL,CHEMBL473773,train,JAK2
IC50,8350.0,CHEMBL1291235,CC(Nc1nc2cc[nH]c(=O)c2cc1C(=O)NCCN(C)C)C(C)(C)C,,False,False,HMPHOYHOCDWJJO-UHFFFAOYSA-N,6,JAK2_8d2989c01d,curated_from_chembl_api,5.078314,ChEMBL,CHEMBL1290308,train,JAK2
IC50,830.0,CHEMBL1937386,Oc1ccc(-c2nc(Nc3cccc(Cl)c3)nc3[nH]cnc23)cc1,,False,False,DVJXBMQCLHDFIV-UHFFFAOYSA-N,6,JAK2_eefd73669b,curated_from_chembl_api,6.080922,ChEMBL,CHEMBL1933345,train,JAK2
IC50,130.0,CHEMBL3377596,CC1(C)[C@@H](O)CC[C@H]1Nc1c(C(N)=O)cnn2cccc12,,False,False,NQMVPZBPGADIQN-NEPJUHHUSA-N,6,JAK2_085ed345f8,curated_from_chembl_api,6.886057,ChEMBL,CHEMBL3359912,train,JAK2
IC50,48.0,CHEMBL2184201,C1=CCOCc2cccc(c2)-c2ccnc(n2)Nc2cc(cc(OCCN3CCCC3)c2)COC1,,False,True,COJQUQBFOGVUBH-UHFFFAOYSA-N,18,JAK2_ddd315e2f6,curated_from_chembl_api,7.318759,ChEMBL,CHEMBL2181083,train,JAK2
IC50,120.0,CHEMBL3118240,C[C@H](Nc1ncc(Cl)c(Nc2cn(C)cn2)n1)c1ncc(F)cn1,,False,False,MCQOIECYCLOOKY-QMMMGPOBSA-N,6,JAK2_a1f046c748,curated_from_chembl_api,6.920819,ChEMBL,CHEMBL3116057,train,JAK2
IC50,53.0,CHEMBL897052,C[C@H](Nc1nc(-n2cnc3ccncc32)nc2c1cc(C(=O)NCCCn1ccnc1)n2C)c1ccccc1,,False,False,GJXKBHVQEUJUGU-IBGZPJMESA-N,6,JAK2_a84cb3850f,curated_from_chembl_api,7.275724,ChEMBL,CHEMBL231733,train,JAK2
IC50,10000.0,CHEMBL1292866,Nc1nc(Nc2cccnc2)nn1C(=O)c1c(F)cccc1F,,False,False,OAKPDANQZXYWES-UHFFFAOYSA-N,6,JAK2_2501ed0c0c,curated_from_chembl_api,5.0,ChEMBL,CHEMBL1288032,train,JAK2
IC50,10.0,CHEMBL1840262,C[C@H](Nc1ccc(C(N)=O)c2[nH]c3cc(-c4ccc(N)nn4)ccc3c12)C(C)(C)C,,False,False,DHOQBCYYNAPJAH-LBPRGKRZSA-N,6,JAK2_238d6846a6,curated_from_chembl_api,8.0,ChEMBL,CHEMBL1835043,train,JAK2
IC50,230.0,CHEMBL1804347,CN(C[C@@H]1COCCO1)S(=O)(=O)Nc1ccc2ccc3ncc(-c4cnn(C)c4)cc3c(=O)c2c1,,False,False,JGEBLDKNWBUGRZ-HXUWFJFHSA-N,7,JAK2_82cc0d8c9d,curated_from_chembl_api,6.638272,ChEMBL,CHEMBL1822792,train,JAK2
IC50,3.0,CHEMBL1656588,C[C@H](Nc1ncc(Cl)c(Nc2cc(C3CC3)[nH]n2)n1)c1ncc(F)cn1,,False,False,VYJBUWRWDPVJKR-QMMMGPOBSA-N,6,JAK2_8d61ec1030,curated_from_chembl_api,8.522879,ChEMBL,CHEMBL1650724,train,JAK2
IC50,20.0,CHEMBL908418,C[C@H](Nc1cc(-c2ccc(N(C)C)cc2)nc(-n2cnc3ccncc32)n1)c1ccccc1,,False,False,CMXVRFDAZVLFOZ-SFHVURJKSA-N,6,JAK2_73bee44fdc,curated_from_chembl_api,7.69897,ChEMBL,CHEMBL384820,train,JAK2
IC50,10000.0,CHEMBL1696959,O=C(Nc1ccc([N+](=O)[O-])cc1Cl)c1cc(Cl)ccc1O,,False,False,RJMUSRYZPJIFPJ-UHFFFAOYSA-N,6,JAK2_a81df0467c,curated_from_chembl_api,5.0,ChEMBL,CHEMBL1448,train,JAK2
IC50,0.8,CHEMBL2067611,CS(=O)(=O)c1ccc(-c2cccn3nc(Nc4cccc(N5CCOCC5)c4)nc23)cc1,,False,False,KCFIWVSFAVCRGS-UHFFFAOYSA-N,6,JAK2_cd0ef0dc7c,curated_from_chembl_api,9.09691,ChEMBL,CHEMBL2062802,train,JAK2
IC50,10000.0,CHEMBL3118993,O=C1NC(=O)C(c2c[nH]c3ccccc23)=C1Nc1cccc(OC2CCCN(c3ccnc(F)c3)C2)c1,,False,False,AIFGLCSAVPEUSL-UHFFFAOYSA-N,6,JAK2_50692d5f74,curated_from_chembl_api,5.0,ChEMBL,CHEMBL3114784,train,JAK2
IC50,1537.0,CHEMBL3374493,CCn1c(-c2ccnc(N)n2)cc(C(N)=O)c1-c1cc(Cl)ccc1C,,False,False,GPSCMUMAFNLGBT-UHFFFAOYSA-N,6,JAK2_7f030855a6,curated_from_chembl_api,5.813326,ChEMBL,CHEMBL3330116,train,JAK2
IC50,4670.0,CHEMBL1613998,CCC(C)[C@@H](NC(=O)OC(C)(C)C)c1nnc(S(=O)(=O)Cc2cccc(C)c2)o1,,False,False,ZIUUJQFALWMFMS-BZSJEYESSA-N,6,JAK2_123f0870c5,curated_from_chembl_api,5.330683,ChEMBL,CHEMBL1365696,train,JAK2
IC50,2.0,CHEMBL1685409,Cc1cc(Nc2nc(N3CCN(C(=O)CCc4ccccc4)CC3)nn3cccc23)n[nH]1,,False,False,CJPGWGLZKUWPFH-UHFFFAOYSA-N,6,JAK2_ce48ae1d96,curated_from_chembl_api,8.69897,ChEMBL,CHEMBL1682372,train,JAK2
IC50,0.9,CHEMBL2214787,O=C1CC[C@H](C(=O)Nc2ccc(-c3ccnc(Nc4ccc(N5CCOCC5)cc4)n3)cc2)N1,,False,False,AXJKIKRRWDOPDO-JOCHJYFZSA-N,6,JAK2_ba8ed991fd,curated_from_chembl_api,9.045757,ChEMBL,CHEMBL2208035,train,JAK2
IC50,9.0,CHEMBL1107753,CS(=O)(=O)Nc1ccc(-c2ccnc(Nc3ccc(CN4CCOCC4)cc3)n2)cc1,,False,False,SQBKHFJXBMLBCK-UHFFFAOYSA-N,6,JAK2_168037a051,curated_from_chembl_api,8.045757,ChEMBL,CHEMBL1078689,train,JAK2
IC50,8441.0,CHEMBL1613998,Cc1nc([N+](=O)[O-])c(Br)n1Cc1ccc(Cl)c(Cl)c1,,False,False,GUNDYOSMXWMGCV-UHFFFAOYSA-N,6,JAK2_27e841aec4,curated_from_chembl_api,5.073606,ChEMBL,CHEMBL1520801,train,JAK2
IC50,85.0,CHEMBL1936085,NC(=O)CN1CCC(c2ccc(Nc3ncc4ccc(-c5ncccn5)n4n3)cc2)CC1,,False,False,HENGJELRUQAYJK-UHFFFAOYSA-N,6,JAK2_7d87127a7a,curated_from_chembl_api,7.070581,ChEMBL,CHEMBL1934346,train,JAK2
IC50,10000.0,CHEMBL1657171,O=C1NC(=O)C(c2c[nH]c3ccccc23)=C1c1cc(F)ccc1C(F)(F)F,,False,False,BINXNLWGCFGBLQ-UHFFFAOYSA-N,6,JAK2_5812dc0236,curated_from_chembl_api,5.0,ChEMBL,CHEMBL1650952,train,JAK2
IC50,222.0,CHEMBL897052,COC[C@H](C)Nc1nc(-n2cnc3ccncc32)nc2c1cc(C(=O)N1CCN(C)CC1)n2C,,False,False,SXSFJPFPADZTNN-HNNXBMFYSA-N,6,JAK2_fd1cea57b5,curated_from_chembl_api,6.653647,ChEMBL,CHEMBL231949,train,JAK2
IC50,359.0,CHEMBL897052,C[C@H](Nc1nc(-n2cnc3ccncc32)nc2c1cc(C(=O)NS(=O)(=O)c1ccccc1)n2C)c1ccccc1,,False,False,YMMDELZWPXRMGE-SFHVURJKSA-N,6,JAK2_872f4a4e2c,curated_from_chembl_api,6.444906,ChEMBL,CHEMBL392998,train,JAK2
IC50,5.0,CHEMBL1840262,Cn1cc(-c2ccc3c(c2)[nH]c2c(C(N)=O)ccc(NC4CCCCC4)c23)cn1,,False,False,JPYCNAKIVUEACC-UHFFFAOYSA-N,6,JAK2_80b89f8e05,curated_from_chembl_api,8.30103,ChEMBL,CHEMBL1835035,train,JAK2
IC50,21.0,CHEMBL3374493,NC(=O)c1cc(-c2ccnc(N)n2)[nH]c1-c1cc(C(F)(F)F)ccc1C(F)(F)F,,False,False,MOMYBDKTKLWNMV-UHFFFAOYSA-N,6,JAK2_7258b6b2a1,curated_from_chembl_api,7.677781,ChEMBL,CHEMBL3330127,train,JAK2
IC50,5.3,CHEMBL1685409,Cc1cc(Nc2nc(N3CCN(C(=O)Cc4ccccc4C)CC3)nn3cccc23)n[nH]1,,False,False,MOTZDDUFTNAMKW-UHFFFAOYSA-N,6,JAK2_aab6d9dd88,curated_from_chembl_api,8.275724,ChEMBL,CHEMBL1682381,train,JAK2
IC50,180.0,CHEMBL1840262,NC(=O)c1cnc(NC2CCCCC2)c2c1[nH]c1ccc(-c3ccccc3)cc12,,False,False,USNFVLLNFDHRRA-UHFFFAOYSA-N,6,JAK2_09dce2f4d2,curated_from_chembl_api,6.744727,ChEMBL,CHEMBL1835034,train,JAK2
IC50,12.0,CHEMBL1840262,C[C@H](Nc1ccc(C(N)=O)c2[nH]c3cc(-c4cnc(N)nc4)ccc3c12)C(C)(C)C,,False,False,YJRBRBORNHEAET-LBPRGKRZSA-N,6,JAK2_46fb903abc,curated_from_chembl_api,7.920819,ChEMBL,CHEMBL1835041,train,JAK2
IC50,10.9,CHEMBL2329570,C[C@H](NC(=O)c1c[nH]c2ncc(C3CC3)nc12)C(C)(C)C#N,,False,False,KWQZARKJYBFQDG-VIFPVBQESA-N,6,JAK2_cd87bdbbc4,curated_from_chembl_api,7.962574,ChEMBL,CHEMBL2325906,train,JAK2
IC50,3.0,CHEMBL2383938,Cc1cc(Nc2nc(N[C@@H](C)c3ncc(F)cn3)c(F)c(N3CCOCC3)n2)n[nH]1,,False,False,HHTFIAAQLAURTD-NSHDSACASA-N,6,JAK2_41b9969ce1,curated_from_chembl_api,8.522879,ChEMBL,CHEMBL2381979,train,JAK2
IC50,120.0,CHEMBL3377596,C[C@@]1(C#N)CCC[C@H]1Nc1c(C(N)=O)cnn2cccc12,,False,False,QASDPHCNHAXDKX-DOMZBBRYSA-N,6,JAK2_5c4838f40a,curated_from_chembl_api,6.920819,ChEMBL,CHEMBL3352892,train,JAK2
IC50,2.2,CHEMBL2214787,O=C(Nc1ccc(-c2ccnc(Nc3ccc(N4CCOCC4)cc3)n2)cc1)[C@H]1CCCN1,,False,False,ISOCDPQFIXDIMS-HSZRJFAPSA-N,6,JAK2_1509a7bf44,curated_from_chembl_api,8.657577,ChEMBL,CHEMBL2208034,train,JAK2
IC50,3.0,CHEMBL1043451,Cc1cc(Nc2nc(NC(C)c3ccc(F)cn3)c(C#N)nc2C)n[nH]1,,False,False,FLYNZEXUURBXAW-UHFFFAOYSA-N,6,JAK2_7c9f52f196,curated_from_chembl_api,8.522879,ChEMBL,CHEMBL568789,train,JAK2
IC50,10.0,CHEMBL2327345,c1cc2c(ncc3[nH]nc(C4CCCCC4)c32)[nH]1,,False,False,NQKQBQVEFPTHFU-UHFFFAOYSA-N,6,JAK2_f80439c7b2,curated_from_chembl_api,8.0,ChEMBL,CHEMBL2322135,train,JAK2
IC50,3.0,CHEMBL1656588,Cc1cc(Nc2nc(N[C@@H](C)c3ncc(F)cn3)ncc2C)n[nH]1,,False,False,QNBLPUFFJOANGD-JTQLQIEISA-N,6,JAK2_f8ef9f9f68,curated_from_chembl_api,8.522879,ChEMBL,CHEMBL1650725,train,JAK2
IC50,2.1,CHEMBL1926252,COc1ccccc1-c1ccc2cnc(Nc3ccc(S(=O)(=O)N(C)C)cc3)nn12,,False,False,HYQLNTYXAJMFSB-UHFFFAOYSA-N,6,JAK2_94bd16fd4f,curated_from_chembl_api,8.677781,ChEMBL,CHEMBL1923572,train,JAK2
IC50,290.0,CHEMBL3268711,N[C@H]1COCC[C@H]1Nc1cc2nc[nH]c(=O)c2c(Nc2cccc3cc[nH]c23)n1,,False,False,LZAOAQYGUGHFQO-QWHCGFSZSA-N,6,JAK2_3ea0a48a8e,curated_from_chembl_api,6.537602,ChEMBL,CHEMBL3262617,train,JAK2
IC50,14.0,CHEMBL1116984,COc1cc(-c2cnc3cccc(-c4ccc(CN5CCS(=O)(=O)CC5)cc4)c3n2)cc(OC)c1OC,,False,False,HLGHAHZUUARNCW-UHFFFAOYSA-N,6,JAK2_c1b88c9b92,curated_from_chembl_api,7.853872,ChEMBL,CHEMBL1089833,train,JAK2
IC50,4200.0,CHEMBL3363474,CCOP(=O)(CCn1cc(-c2ccc(-c3nc(-c4ccc(F)cc4)c(-c4cc[nH]c(=O)c4)[nH]3)cc2)nn1)OCC,,False,False,DPOVKIPGQXHUQC-UHFFFAOYSA-N,6,JAK2_14d7597dd3,curated_from_chembl_api,5.376751,ChEMBL,CHEMBL3314279,train,JAK2
IC50,303.0,CHEMBL1107753,N#CCC(=O)Nc1cccc(-c2ccnc(Nc3ccc(N4CCOCC4)cc3)n2)c1,,False,False,FGDRZTODQLVQGL-UHFFFAOYSA-N,6,JAK2_67cf406997,curated_from_chembl_api,6.518557,ChEMBL,CHEMBL1077575,train,JAK2
IC50,0.22,CHEMBL1936085,CS(=O)(=O)Nc1cccc(-c2ccc3cnc(Nc4ccc(C5CCN(CC(N)=O)CC5)cc4)nn23)c1,,False,False,WXTUWRZQCBDOEW-UHFFFAOYSA-N,6,JAK2_a16dc6f15f,curated_from_chembl_api,9.657577,ChEMBL,CHEMBL1934339,train,JAK2
IC50,30000.0,CHEMBL3371228,Clc1ccc(-c2ccc(-c3nccn3-c3ccc(N4CCNCC4)cc3)o2)cc1,,False,False,SLLRTLCGZRODTB-UHFFFAOYSA-N,6,JAK2_72363ef411,curated_from_chembl_api,4.522879,ChEMBL,CHEMBL3314140,train,JAK2
IC50,2833.0,CHEMBL1613998,C#CCSc1nsc(SCC#C)c1C#N,,False,False,XWYJKRZSAPDODU-UHFFFAOYSA-N,5,JAK2_1c386b4db1,curated_from_chembl_api,5.547753,ChEMBL,CHEMBL1597766,train,JAK2
IC50,190.0,CHEMBL1840262,NC(=O)c1cnc(N2CCCCC2)c2c1[nH]c1ccc(F)cc12,,False,False,MMGYQTOTWDVWKG-UHFFFAOYSA-N,6,JAK2_9d9a9fd819,curated_from_chembl_api,6.721246,ChEMBL,CHEMBL1835028,train,JAK2
IC50,14.0,CHEMBL2040119,Cc1cnc2nc1-c1ccnc(c1)OCC/C=C/COCc1cc(ccc1OCCN1CCCC1)N2,,False,True,DWMYQJBUFRLTQG-GORDUTHDSA-N,18,JAK2_0f8fe1bc4c,curated_from_chembl_api,7.853872,ChEMBL,CHEMBL2035053,train,JAK2
IC50,446.0,CHEMBL2415128,Cc1cc(Nc2nc3cccc(-c4cccc(S(C)(=O)=O)c4)n3n2)ccn1,,False,False,XZWSKIZJBIWMFK-UHFFFAOYSA-N,6,JAK2_5ca6d8c011,curated_from_chembl_api,6.350665,ChEMBL,CHEMBL2414555,train,JAK2
IC50,115.0,CHEMBL2415128,CCn1cc(-c2cccc3nc(Nc4ccnc(CO)c4)nn23)cn1,,False,False,IHOZCQOCOSYTJT-UHFFFAOYSA-N,6,JAK2_82ddfd3479,curated_from_chembl_api,6.939302,ChEMBL,CHEMBL2414531,train,JAK2
IC50,4700.0,CHEMBL1657171,O=C1NC(=O)C(c2c[nH]c3ccccc23)=C1c1cc(N2CCNCC2)ccc1C(F)(F)F,,False,False,KSWPVLJUULLKJR-UHFFFAOYSA-N,6,JAK2_999eeb76db,curated_from_chembl_api,5.327902,ChEMBL,CHEMBL1650953,train,JAK2
IC50,1210.0,CHEMBL2378977,CCc1cccc(Oc2cnc3[nH]cc(C(=O)NC(C)C)c3n2)c1,,False,False,IUHHPKRKDSGDFI-UHFFFAOYSA-N,6,JAK2_ba835f2750,curated_from_chembl_api,5.917215,ChEMBL,CHEMBL2376332,train,JAK2
IC50,12.0,CHEMBL2378515,C[C@@H](NC(=O)c1c[nH]c2ncc(-c3nn(C)c4cc(F)ccc34)nc12)C(=O)N1CC(C#N)C1,,False,False,AGTYRXOJPORGGM-LLVKDONJSA-N,6,JAK2_081abce294,curated_from_chembl_api,7.920819,ChEMBL,CHEMBL2376147,train,JAK2
IC50,27.0,CHEMBL1291235,CC(C)[C@H](C)Nc1nc2cc[nH]c(=O)c2c2cc(F)ccc12,,False,False,PKCJWSFDRJQONO-JTQLQIEISA-N,6,JAK2_44cc5faa59,curated_from_chembl_api,7.568636,ChEMBL,CHEMBL1289095,train,JAK2
IC50,8.0,CHEMBL1840262,NC(=O)c1cnc(N[C@H](C2CC2)C(F)(F)F)c2c1[nH]c1cc(-c3cnc(N4CCOCC4)nc3)ccc12,,False,False,DALGRIWHYIBOST-OAQYLSRUSA-N,6,JAK2_04835c356d,curated_from_chembl_api,8.09691,ChEMBL,CHEMBL1835151,train,JAK2
IC50,1584.89,CHEMBL1838267,Cc1ccc(Nc2nc(N[C@@H]3CCOC[C@@H]3N)ncc2C(N)=O)cc1,,False,False,KBPYMFSSFLOJPH-UONOGXRCSA-N,6,JAK2_6347e2acc3,curated_from_chembl_api,5.800001,ChEMBL,CHEMBL1835071,train,JAK2
IC50,22.0,CHEMBL2184201,O=C1CCCN1CCOc1ccc2cc1COCC=CCOCc1cccc(c1)-c1ccnc(n1)N2,,False,True,HWPAUBMGDYJWHS-UHFFFAOYSA-N,18,JAK2_63ed0c3402,curated_from_chembl_api,7.657577,ChEMBL,CHEMBL2181332,train,JAK2
IC50,3550.0,CHEMBL1011746,CC(C)(C)NS(=O)(=O)c1cccc(-c2ccc3[nH]nc(N)c3c2)c1,,False,False,VPKLJPDVIXYRRU-UHFFFAOYSA-N,6,JAK2_cd873cfa5a,curated_from_chembl_api,5.449772,ChEMBL,CHEMBL480998,train,JAK2
IC50,11000.0,CHEMBL3119788,O=C1Nc2ccc3c(oc4ccccc43)c2/C1=N/Nc1ccncc1,,False,False,MOPDJAFDQOXVKK-UHFFFAOYSA-N,6,JAK2_b2cd0935ed,curated_from_chembl_api,4.958607,ChEMBL,CHEMBL3115320,train,JAK2
IC50,86.9,CHEMBL2415128,COc1ccc(-c2cccn3nc(Nc4cnn(C5CCOCC5)c4)nc23)cc1,,False,False,MNHPVHGSTQRKND-UHFFFAOYSA-N,6,JAK2_b68f81bbb0,curated_from_chembl_api,7.06098,ChEMBL,CHEMBL2414537,train,JAK2
IC50,1700.0,CHEMBL1948620,CN1C/C=C/COCc2cccc(c2)-c2ccnc(n2)Nc2cccc(c2)C1,,False,True,QKJJEBZDSXDZMC-NSCUHMNNSA-N,18,JAK2_9a046a10eb,curated_from_chembl_api,5.769551,ChEMBL,CHEMBL1944699,train,JAK2
IC50,110.0,CHEMBL2040119,C1=C/COCc2cc(ccc2OCCN2CCCC2)Nc2nccc(n2)-c2cc(co2)COC/1,,False,True,IPKRPPJQWDGNHK-ONEGZZNKSA-N,18,JAK2_fc324d5fae,curated_from_chembl_api,6.958607,ChEMBL,CHEMBL2035181,train,JAK2
IC50,1.2,CHEMBL1685409,COc1ccc(CC(=O)N2CCN(c3nc(Nc4cc(C)[nH]n4)c4cccn4n3)CC2)cc1,,False,False,VGBCROSCXXBWEY-UHFFFAOYSA-N,6,JAK2_d3fbad0d44,curated_from_chembl_api,8.920819,ChEMBL,CHEMBL1682385,train,JAK2
IC50,2.0,CHEMBL3116823,C[C@H](Nc1nc(Nc2cn(C)cn2)c2cc[nH]c2n1)c1ncc(F)cn1,,False,False,QHXBWJSQXSYAGG-VIFPVBQESA-N,6,JAK2_cc0f142b89,curated_from_chembl_api,8.69897,ChEMBL,CHEMBL3116050,train,JAK2
IC50,130.0,CHEMBL3377596,C[C@@]1(F)CCC[C@@H]1Nc1c(C(N)=O)cnn2cccc12,,False,False,UPBRYBJZTWHUQK-SMDDNHRTSA-N,6,JAK2_58bab7df27,curated_from_chembl_api,6.886057,ChEMBL,CHEMBL3359928,train,JAK2
IC50,202.0,CHEMBL1107753,O=C(NCc1ccco1)c1ccc(-c2ccnc(Nc3ccc(N4CCOCC4)cc3)n2)cc1,,False,False,HKOUNDNKRVMCIE-UHFFFAOYSA-N,6,JAK2_e4d3938dce,curated_from_chembl_api,6.694649,ChEMBL,CHEMBL1079690,train,JAK2
IC50,10680.0,CHEMBL1613998,O=C(C=C=Nc1ccccc1)C(=O)N=C=Cc1ccccc1,,False,False,DDGJLZWYTNCSEI-UHFFFAOYSA-N,6,JAK2_007e48c345,curated_from_chembl_api,4.971429,ChEMBL,CHEMBL1502358,train,JAK2
IC50,0.22,CHEMBL1936085,CS(=O)(=O)c1ccc(-c2ccc3cnc(Nc4ccc(C5CCN(CC(N)=O)CC5)cc4)nn23)cc1,,False,False,QXJBBWIDIJSXNA-UHFFFAOYSA-N,6,JAK2_11eb785811,curated_from_chembl_api,9.657577,ChEMBL,CHEMBL1934342,train,JAK2
IC50,1.14,CHEMBL1926252,C[C@H](O)CN1CCN(c2ccc(Nc3ncc4ccc(-c5ccccc5N(C)S(C)(=O)=O)n4n3)cc2)CC1,,False,False,PUVCWOYYOGTJQF-FQEVSTJZSA-N,6,JAK2_797aa2ddf2,curated_from_chembl_api,8.943095,ChEMBL,CHEMBL1923569,train,JAK2
IC50,840.0,CHEMBL1102456,O=c1[nH]c2cnc(-n3cnc4ccccc43)nc2n1C1CCOc2c(Cl)cccc21,,False,False,BYARLSXPYJDUIM-UHFFFAOYSA-N,6,JAK2_066f3b1fc8,curated_from_chembl_api,6.075721,ChEMBL,CHEMBL1081376,train,JAK2
IC50,6561.0,CHEMBL1613998,Cn1c(Cl)cnc1/C=C/C(=O)c1ccccc1O,,False,False,QBBFQBPTZNVWQY-VOTSOKGWSA-N,6,JAK2_cb7070498d,curated_from_chembl_api,5.18303,ChEMBL,CHEMBL1478382,train,JAK2
IC50,59.0,CHEMBL1685409,O=C(Cc1ccccc1)N1CCN(c2nc(Nc3nccs3)c3cccn3n2)CC1,,False,False,VPADVEKHFFJWJK-UHFFFAOYSA-N,6,JAK2_5ddb5d0aa4,curated_from_chembl_api,7.229148,ChEMBL,CHEMBL1682365,train,JAK2
IC50,14.0,CHEMBL1291235,O=c1[nH]ccc2nc(Nc3c(Cl)cccc3Cl)c3ccc(F)cc3c12,,False,False,ZGBZDEDHSMWXEG-UHFFFAOYSA-N,6,JAK2_c64d7f6934,curated_from_chembl_api,7.853872,ChEMBL,CHEMBL1290767,train,JAK2
IC50,247.0,CHEMBL3374493,Cc1ccc(Cl)cc1-c1[nH]c(-c2ccnc(N)n2)cc1C(=O)Nc1ccccc1,,False,False,AOBREUVPEFZVPG-UHFFFAOYSA-N,6,JAK2_512d87164a,curated_from_chembl_api,6.607303,ChEMBL,CHEMBL3330113,train,JAK2
IC50,5000.0,CHEMBL1049518,Oc1ccc(C2Nc3ccccc3-c3ccnc4[nH]cc2c34)cc1Br,,False,False,YQBFPAVJHLRXBA-UHFFFAOYSA-N,7,JAK2_27cafa9b71,curated_from_chembl_api,5.30103,ChEMBL,CHEMBL592033,train,JAK2
IC50,3.0,CHEMBL1656588,Cc1cc(Nc2nc(N[C@@H](C)c3ncc(F)cn3)ncc2F)n[nH]1,,False,False,RDRRGPBIENGEQJ-QMMMGPOBSA-N,6,JAK2_fc1e2398b3,curated_from_chembl_api,8.522879,ChEMBL,CHEMBL1650697,train,JAK2
IC50,36.0,CHEMBL1044318,Nc1nn2cccnc2c1-c1cc(NCc2cccnc2)ncn1,,False,False,ZAJZFBGLQXRCPE-UHFFFAOYSA-N,6,JAK2_0789a97f1f,curated_from_chembl_api,7.443697,ChEMBL,CHEMBL583030,train,JAK2
IC50,1600.0,CHEMBL1948620,COCCN1C/C=C/CCOc2cccc(c2)-c2ccnc(n2)Nc2cccc(c2)C1,,False,True,IGRKSDPUORCBFN-NSCUHMNNSA-N,18,JAK2_b13e78c95d,curated_from_chembl_api,5.79588,ChEMBL,CHEMBL1945046,train,JAK2
IC50,8.0,CHEMBL1102770,COc1cc(Nc2nc3cccc(-c4ccc5ncccc5c4)c3o2)cc(OC)c1OC,,False,False,VVOLBRCSXARCDJ-UHFFFAOYSA-N,6,JAK2_9859bb3af2,curated_from_chembl_api,8.09691,ChEMBL,CHEMBL1081975,train,JAK2
IC50,1270.0,CHEMBL3118993,O=C1NC(=O)C(c2c[nH]c3ccccc23)=C1Nc1cccc(OC2CCN(c3ccnc(F)c3)CC2)c1,,False,False,HOAUEHQFUFQGNJ-UHFFFAOYSA-N,6,JAK2_24694de90c,curated_from_chembl_api,5.896196,ChEMBL,CHEMBL3114783,train,JAK2
IC50,510.0,CHEMBL1948620,COc1ccc2cc1OCC/C=C/CN(C)Cc1cccc(c1)Nc1nccc-2n1,,False,True,LMHRITSLHYFYAE-ONEGZZNKSA-N,18,JAK2_2d508b2bcb,curated_from_chembl_api,6.29243,ChEMBL,CHEMBL1946443,train,JAK2
IC50,3600.0,CHEMBL2156903,CNC(=O)c1nc(-c2ccc(Cl)c(S(=O)(=O)Nc3cccc(F)c3F)c2)cnc1N,,False,False,GEYLKEHPEKRUTC-UHFFFAOYSA-N,6,JAK2_ae47a3ff43,curated_from_chembl_api,5.443697,ChEMBL,CHEMBL2152252,train,JAK2
IC50,40000.0,CHEMBL1613998,CCN(CC)S(=O)(=O)c1cccc(N2C(=O)/C(=C\Nc3ccccc3C(=O)O)c3ccccc3C2=O)c1,,False,False,MWEIJEKMIWUCGG-QJOMJCCJSA-N,6,JAK2_b9a8095375,curated_from_chembl_api,4.39794,ChEMBL,CHEMBL1332689,train,JAK2
IC50,10.0,CHEMBL1656588,COc1cc(Nc2cc(N3CCOCC3)nc(N[C@@H](C)c3ncc(F)cn3)n2)n[nH]1,,False,False,QVRNOZLSUAECTA-NSHDSACASA-N,6,JAK2_e5db354ecb,curated_from_chembl_api,8.0,ChEMBL,CHEMBL1650735,train,JAK2
IC50,17.0,CHEMBL908418,CN1CCN(c2cc(Oc3ccccc3Cl)nc(-n3cnc4ccncc43)n2)CC1,,False,False,YVYVYJVBTLPFJU-UHFFFAOYSA-N,6,JAK2_b32d58bce2,curated_from_chembl_api,7.769551,ChEMBL,CHEMBL218439,train,JAK2
IC50,100.0,CHEMBL1840262,CC(C)Nc1ncc(C(N)=O)c2[nH]c3ccc(F)cc3c12,,False,False,XJHKIHWUNMWGFZ-UHFFFAOYSA-N,6,JAK2_a47c4dae25,curated_from_chembl_api,7.0,ChEMBL,CHEMBL1835018,train,JAK2
IC50,132.0,CHEMBL897052,COc1ccc(Cl)c(Nc2nc(-n3cnc4ccncc43)nc3c2cc(C(=O)N2CCN(C)CC2)n3C)c1,,False,False,VZJQVOZCBLRROZ-UHFFFAOYSA-N,6,JAK2_d7c729c2c7,curated_from_chembl_api,6.879426,ChEMBL,CHEMBL393375,train,JAK2
IC50,151.0,CHEMBL2415128,CC(C)n1cc(-c2cccn3nc(Nc4ccc(C(=O)O)cc4)nc23)cn1,,False,False,AYPDRLYCPNYUMB-UHFFFAOYSA-N,6,JAK2_2fbd9b5970,curated_from_chembl_api,6.821023,ChEMBL,CHEMBL2414542,train,JAK2
IC50,274.0,CHEMBL1291235,CC(C)(CO)CNc1nc2cc[nH]c(=O)c2c2cc(F)ccc12,,False,False,WRGCIDKKUQNGGQ-UHFFFAOYSA-N,6,JAK2_89681736da,curated_from_chembl_api,6.562249,ChEMBL,CHEMBL1289217,train,JAK2
IC50,12440.0,CHEMBL1613998,COc1ccc(OC)c(NS(=O)(=O)c2ccc(SC)cc2)c1,,False,False,KHKINSFQHMMKAG-UHFFFAOYSA-N,6,JAK2_62181abde5,curated_from_chembl_api,4.90518,ChEMBL,CHEMBL1454438,train,JAK2
IC50,1.4,CHEMBL2067611,CN1CCN(C2CCN(c3cccc(Nc4nc5c(-c6ccc(S(C)(=O)=O)cc6)cccn5n4)c3)CC2)CC1,,False,False,AOZVGWQFXBDXCF-UHFFFAOYSA-N,6,JAK2_b4d9aeab68,curated_from_chembl_api,8.853872,ChEMBL,CHEMBL2062529,train,JAK2
IC50,200.0,CHEMBL1291235,CC1(C)C2CCCC1(C)[C@@H]2Nc1nc2cc[nH]c(=O)c2c2cc(F)ccc12,,False,False,FFSCPZBJYXHNHZ-GXPWMBGSSA-N,6,JAK2_76a0b02083,curated_from_chembl_api,6.69897,ChEMBL,CHEMBL1290768,train,JAK2
IC50,0.64,CHEMBL1936085,CC(C)(C)NS(=O)(=O)c1cccc(-c2ccc3cnc(Nc4ccc(C5CCN(CC(N)=O)CC5)cc4)nn23)c1,,False,False,QORBSYUFEAFSTK-UHFFFAOYSA-N,6,JAK2_6d024c163e,curated_from_chembl_api,9.19382,ChEMBL,CHEMBL1934337,train,JAK2
IC50,165.0,CHEMBL2415128,Cc1cc(Nc2nc3cccc(-c4cnn(CC(C)C)c4)n3n2)ccn1,,False,False,FBTAYMNEFQLEDK-UHFFFAOYSA-N,6,JAK2_4be86e3724,curated_from_chembl_api,6.782516,ChEMBL,CHEMBL2414532,train,JAK2
IC50,20000.0,CHEMBL1044320,CCN(CC)C(=O)C1CCCN(c2cc(-c3c(N)nn4cccnc34)ncn2)C1.Cl,,False,False,FEQXTCXKVFPREY-UHFFFAOYSA-N,6,JAK2_b8c588ec1e,curated_from_chembl_api,4.69897,ChEMBL,CHEMBL1204012,val,JAK2
IC50,8.0,CHEMBL1941383,CN(C)CCNC(=O)c1cnc(N)c2cc(-c3ccc(S(=O)(=O)NC(C)(C)C)cc3)sc12,,False,False,NBIYPVUMBLBZST-UHFFFAOYSA-N,6,JAK2_0455727edb,curated_from_chembl_api,8.09691,ChEMBL,CHEMBL1938657,val,JAK2
IC50,140.0,CHEMBL1049518,Oc1ccc(C2Nc3ccccc3-c3ncnc4[nH]cc2c34)cc1F,,False,False,OSIJBHLNHYZDAT-UHFFFAOYSA-N,7,JAK2_3122b540ca,curated_from_chembl_api,6.853872,ChEMBL,CHEMBL589869,val,JAK2
IC50,3.0,CHEMBL1043451,Cc1cc(Nc2cncc(N[C@@H](C)c3ccc(F)cn3)n2)n[nH]1,,False,False,KTPAQUKUOMIFDN-JTQLQIEISA-N,6,JAK2_050c16628f,curated_from_chembl_api,8.522879,ChEMBL,CHEMBL569738,val,JAK2
IC50,39.0,CHEMBL1102770,CN(C)C(=O)c1ccc(Nc2nc3cccc(-c4ccc(C(=O)N5CCOCC5)cc4)c3o2)cc1,,False,False,YHHXQBNEOPDJIV-UHFFFAOYSA-N,6,JAK2_ac97500aa0,curated_from_chembl_api,7.408935,ChEMBL,CHEMBL1081663,val,JAK2
IC50,7.5,CHEMBL3239499,CC(C)(O)COCc1cccc(Nc2sc(-c3c(F)cc(C(C)(C)O)cc3F)cc2C(N)=O)n1,,False,False,HRQQSHKLURUDMQ-UHFFFAOYSA-N,6,JAK2_2b858ec493,curated_from_chembl_api,8.124939,ChEMBL,CHEMBL3234895,val,JAK2
IC50,326.0,CHEMBL1107753,NC(=O)c1ccc(-c2ccnc(Nc3ccc(N4CCOCC4)cc3)n2)cc1,,False,False,VQSBCCFCEYSUBI-UHFFFAOYSA-N,6,JAK2_a3fcf76182,curated_from_chembl_api,6.486782,ChEMBL,CHEMBL1080395,val,JAK2
IC50,3710.0,CHEMBL3363474,O=C([O-])c1cc(-c2nc(-c3ccc(F)cc3)c(-c3cc[nH]c(=O)c3)[nH]2)ccc1O.[Na+],,False,False,AOMXWQNXVBNUEW-UHFFFAOYSA-M,6,JAK2_48f0f73732,curated_from_chembl_api,5.430626,ChEMBL,CHEMBL3314282,val,JAK2
IC50,166.0,CHEMBL1107753,CCN(CC)CCCOc1ccc(Nc2nccc(-c3ccc(C(=O)NCC#N)cc3)n2)cc1,,False,False,GZEDYEUOAMGZBJ-UHFFFAOYSA-N,6,JAK2_fe63a15dd7,curated_from_chembl_api,6.779892,ChEMBL,CHEMBL1078720,val,JAK2
IC50,6798.0,CHEMBL1613998,O=c1cnn([C@@H]2O[C@H](CO)[C@@H](O)[C@H]2O)c(=O)[nH]1,,False,False,WYXSYVWAUAUWLD-SHUUEZRQSA-N,6,JAK2_ced8b58c13,curated_from_chembl_api,5.167619,ChEMBL,CHEMBL564201,val,JAK2
IC50,4.0,CHEMBL2383938,Cc1cc(Nc2nc(N[C@@H](C)c3ccc(F)cn3)c(F)c(N3CCNCC3)n2)n[nH]1,,False,False,DLAKFNPHZDVWQL-LBPRGKRZSA-N,6,JAK2_af44d6ccb1,curated_from_chembl_api,8.39794,ChEMBL,CHEMBL2381976,val,JAK2
IC50,1.4,CHEMBL2067611,COc1cccc(Nc2nc3c(-c4ccc(S(C)(=O)=O)cc4)cccn3n2)c1,,False,False,TYNLXQIQTDHRRN-UHFFFAOYSA-N,6,JAK2_d4de330de6,curated_from_chembl_api,8.853872,ChEMBL,CHEMBL2062798,val,JAK2
IC50,88.0,CHEMBL1107753,Cc1cc(-c2ccnc(Nc3ccc(N4CCOCC4)cc3)n2)cc(C)c1O,,False,False,XVEXECDZILLSIY-UHFFFAOYSA-N,6,JAK2_34831252f9,curated_from_chembl_api,7.055517,ChEMBL,CHEMBL1077431,val,JAK2
IC50,1263.0,CHEMBL1613998,Nc1nc(CCl)nc(N(c2ccccc2)c2ccccc2)n1,,False,False,MYVHEXLYWFMBCL-UHFFFAOYSA-N,6,JAK2_fd60474d3f,curated_from_chembl_api,5.898597,ChEMBL,CHEMBL1481030,val,JAK2
IC50,10000.0,CHEMBL1936520,CN1CCN(c2ccc(OC(F)(F)F)c(Nc3nccc(-c4cc(C(N)=O)cn4C)n3)c2)CC1,,False,False,HGBZKLOZYQAERY-UHFFFAOYSA-N,6,JAK2_2cc6d2750f,curated_from_chembl_api,5.0,ChEMBL,CHEMBL1933576,val,JAK2
IC50,8900.0,CHEMBL3130286,O=c1[nH]c(CSc2nnc(NCC3CCCO3)s2)nc2sc(-c3ccccc3)cc12,,False,False,KBNGOEJXKREKIB-UHFFFAOYSA-N,6,JAK2_b27b9007b4,curated_from_chembl_api,5.05061,ChEMBL,CHEMBL3125862,val,JAK2
IC50,10000.0,CHEMBL1948620,CN1C/C=C/CCOc2cccc(c2)-c2cc(N3CCCC3)nc(n2)Nc2cccc(c2)C1,,False,True,LKYBNWASGDSVOP-NSCUHMNNSA-N,18,JAK2_e5976c5a3a,curated_from_chembl_api,5.0,ChEMBL,CHEMBL1946153,val,JAK2
IC50,68.6,CHEMBL2186603,Cc1ccccc1-c1nn(C)cc1NC(=O)c1cnn2ccc(N)nc12,,False,False,KVMZEFZVTUVVAV-UHFFFAOYSA-N,6,JAK2_c31b8d2399,curated_from_chembl_api,7.163676,ChEMBL,CHEMBL2178802,val,JAK2
IC50,153.0,CHEMBL908418,C[C@@H](c1ccccc1)N(C)c1ccnc(-n2cnc3ccncc32)n1,,False,False,RPNBQKNVAGTSGA-AWEZNQCLSA-N,6,JAK2_f62dbdb57f,curated_from_chembl_api,6.815309,ChEMBL,CHEMBL218602,val,JAK2
IC50,1924.0,CHEMBL1613998,CCOc1ccc(Nc2nc(N)nc(CCl)n2)cc1,,False,False,GQUQMAJNMRIGRM-UHFFFAOYSA-N,6,JAK2_aefb824ea8,curated_from_chembl_api,5.715795,ChEMBL,CHEMBL1466500,val,JAK2
IC50,1.0,CHEMBL1685409,Cc1cc(Nc2nc(N3CCN(C(=O)Cc4c(F)cc(Cl)cc4F)CC3)nn3cccc23)n[nH]1,,False,False,QYPLCRVWZFTORG-UHFFFAOYSA-N,6,JAK2_1c241344ac,curated_from_chembl_api,9.0,ChEMBL,CHEMBL1682388,val,JAK2
IC50,16.0,CHEMBL3239499,CS(=O)(=O)c1ccc(Nc2sc(-c3ccccc3)cc2C(N)=O)nc1,,False,False,ALQAFKSRAQPQEL-UHFFFAOYSA-N,6,JAK2_95fef3e105,curated_from_chembl_api,7.79588,ChEMBL,CHEMBL3234884,val,JAK2
IC50,800.0,CHEMBL3118240,C[C@H](Nc1nc(Nc2cn(C)cn2)c2nccnc2n1)c1ncc(F)cn1,,False,False,RLQNKAIBGWNMOO-VIFPVBQESA-N,6,JAK2_60e1f9529a,curated_from_chembl_api,6.09691,ChEMBL,CHEMBL3116064,val,JAK2
IC50,2656.0,CHEMBL1613998,COc1ccc(Nc2nc(N)nc(CCl)n2)cc1,,False,False,WNMJRAUNFFYVKN-UHFFFAOYSA-N,6,JAK2_d8009ef3ac,curated_from_chembl_api,5.575772,ChEMBL,CHEMBL1521348,val,JAK2
IC50,114.0,CHEMBL3374493,Cc1ccc(Cl)cc1-c1[nH]c(-c2ccnc(N)n2)cc1C(=O)NCCF,,False,False,PNYZVAIGFZQRDS-UHFFFAOYSA-N,6,JAK2_cdad169dd1,curated_from_chembl_api,6.943095,ChEMBL,CHEMBL3330109,val,JAK2
IC50,680.0,CHEMBL3268711,N[C@H]1COCC[C@H]1Nc1cc2cc[nH]c(=O)c2c(Nc2cccc3cc[nH]c23)n1,,False,False,VPFQXVNSENBLHV-LSDHHAIUSA-N,6,JAK2_ea93263857,curated_from_chembl_api,6.167491,ChEMBL,CHEMBL3262624,val,JAK2
IC50,150.0,CHEMBL2040119,C1=C/Cn2ccc3ccc(cc32)-c2ccnc(n2)Nc2cccc(c2)COC/1,,False,True,GHBIFDBGDNHWRO-OWOJBTEDSA-N,17,JAK2_9bb49f0413,curated_from_chembl_api,6.823909,ChEMBL,CHEMBL2035043,val,JAK2
IC50,7532.0,CHEMBL1613998,O=C1/C(=N\c2ccc(O)cc2)C=C(O)c2ccccc21,,False,False,IVACPRKQWLVKLQ-VKAVYKQESA-N,6,JAK2_bd308fc1c4,curated_from_chembl_api,5.12309,ChEMBL,CHEMBL1972249,val,JAK2
IC50,6.0,CHEMBL1107753,CS(=O)(=O)Nc1ccc(-c2ccnc(Nc3cccc(CN4CCCC4)c3)n2)cc1,,False,False,JMNXFCIFXVHPEZ-UHFFFAOYSA-N,6,JAK2_a11a9fc11d,curated_from_chembl_api,8.221849,ChEMBL,CHEMBL1078275,val,JAK2
IC50,13.0,CHEMBL2378515,C[C@@H](NC(=O)c1c[nH]c2ncc(-c3nn(C)c4cc(C(C)(C)C)ccc34)nc12)C(=O)N1CC(C#N)C1,,False,False,VJDMSRHUHZQUNZ-CQSZACIVSA-N,6,JAK2_bea8b9dc72,curated_from_chembl_api,7.886057,ChEMBL,CHEMBL2376151,val,JAK2
IC50,2320.0,CHEMBL2378977,Cc1ccccc1Oc1cnc2[nH]cc(C(=O)NC(C)C)c2n1,,False,False,MHLIOMONSDMFOV-UHFFFAOYSA-N,6,JAK2_58872cfbbb,curated_from_chembl_api,5.634512,ChEMBL,CHEMBL2376336,val,JAK2
IC50,3.0,CHEMBL2383938,Cc1cc(Nc2nc(O[C@@H](C)c3ncc(F)cn3)c(F)c(N3CCOCC3)n2)n[nH]1,,False,False,NFYAORHLODKCQX-NSHDSACASA-N,6,JAK2_752be8cf41,curated_from_chembl_api,8.522879,ChEMBL,CHEMBL2381980,val,JAK2
IC50,74.0,CHEMBL1840262,CC(C)CNc1ncc(C(N)=O)c2[nH]c3ccc(F)cc3c12,,False,False,UQYAMLLLVAMXSQ-UHFFFAOYSA-N,6,JAK2_63d199f3b4,curated_from_chembl_api,7.130768,ChEMBL,CHEMBL1835019,val,JAK2
IC50,35640.0,CHEMBL1613998,COc1cc2c(cc1OC)-c1cc(N3CCCc4ccccc43)nc(=O)n1CC2,,False,False,UYPMUBFBYLWPON-UHFFFAOYSA-N,6,JAK2_3a609859f9,curated_from_chembl_api,4.448062,ChEMBL,CHEMBL1420155,val,JAK2
IC50,285.0,CHEMBL1102456,O=c1[nH]c2cnc(-n3cnc4ccccc43)nc2n1C1CCOc2c(F)cccc21,,False,False,HADOQYZZUATJAT-UHFFFAOYSA-N,6,JAK2_62d2b91836,curated_from_chembl_api,6.545155,ChEMBL,CHEMBL1080111,val,JAK2
IC50,14300.0,CHEMBL3363474,C#Cc1ccc(-c2nc(-c3ccc(F)cc3)c(-c3cc[nH]c(=O)c3)[nH]2)cc1,,False,False,MVQBKMQIDKFCHI-UHFFFAOYSA-N,6,JAK2_ad7758bd61,curated_from_chembl_api,4.844664,ChEMBL,CHEMBL3314276,val,JAK2
IC50,1600.0,CHEMBL1011746,Nc1n[nH]c2ccc(-c3ccccc3)cc12,,False,False,ZCUSNQPYUNLATP-UHFFFAOYSA-N,6,JAK2_fc870ffa78,curated_from_chembl_api,5.79588,ChEMBL,CHEMBL500779,val,JAK2
IC50,617.0,CHEMBL3374493,NC(=O)c1cc(-c2ccnc(N)n2)[nH]c1-c1cccc(Cl)c1,,False,False,BWAICTCJSMQHLG-UHFFFAOYSA-N,6,JAK2_1cb993148a,curated_from_chembl_api,6.209715,ChEMBL,CHEMBL3330102,val,JAK2
IC50,394.0,CHEMBL3374493,COc1ccc(CNc2nccc(-c3cc(C(N)=O)c(-c4cc(Cl)ccc4C)[nH]3)n2)cc1,,False,False,MFHGBONQYSNHIV-UHFFFAOYSA-N,6,JAK2_9f036929ff,curated_from_chembl_api,6.404504,ChEMBL,CHEMBL3330119,val,JAK2
IC50,3020.0,CHEMBL1613998,c1ccc(CCNc2nc(-c3ccccn3)nc3ccccc23)cc1,,False,False,FIBATSPGNRZQTN-UHFFFAOYSA-N,6,JAK2_a2c1bac0c3,curated_from_chembl_api,5.519993,ChEMBL,CHEMBL1518085,val,JAK2
IC50,10000.0,CHEMBL3268711,Cc1nc2cc(N[C@@H]3CCCC[C@@H]3N)nc(Nc3cccc4c(C)c[nH]c34)c2c(=O)[nH]1,,False,False,PVBNHEXAZQJRCD-JKSUJKDBSA-N,6,JAK2_b830894e8e,curated_from_chembl_api,5.0,ChEMBL,CHEMBL3262621,val,JAK2
IC50,57.0,CHEMBL3374493,Cc1ccc(Cl)cc1-c1[nH]c(-c2ccnc(N)n2)cc1C(=O)NCCO,,False,False,ZXKPOMXJHLXQKX-UHFFFAOYSA-N,6,JAK2_05bb7eeb7d,curated_from_chembl_api,7.244125,ChEMBL,CHEMBL3329229,val,JAK2
IC50,3336.0,CHEMBL1613998,COc1ccc(-n2nnnc2SCC(=O)c2ccc(O)c(O)c2)cc1,,False,False,GDWOAVFPULCMCY-UHFFFAOYSA-N,6,JAK2_a150b93118,curated_from_chembl_api,5.476774,ChEMBL,CHEMBL254255,val,JAK2
IC50,1138.0,CHEMBL1613998,O=C(OCn1ncc(Cl)c(Cl)c1=O)c1ccc(F)cc1,,False,False,YIGYFDAHCNYMIX-UHFFFAOYSA-N,6,JAK2_661f8f3892,curated_from_chembl_api,5.943858,ChEMBL,CHEMBL1572967,val,JAK2
IC50,5896.0,CHEMBL1613998,CCCn1c(CC)nc([N+](=O)[O-])c1S(=O)(=O)c1ccccc1,,False,False,OOPQTTHZIVMBFO-UHFFFAOYSA-N,6,JAK2_594586d437,curated_from_chembl_api,5.229443,ChEMBL,CHEMBL1574219,val,JAK2
IC50,33.0,CHEMBL3118240,CC(Nc1nc(Nc2cn(C)cn2)c2cccnc2n1)c1ncc(F)cn1,,False,False,DFOVHOILEQUUQL-UHFFFAOYSA-N,6,JAK2_d614dea70b,curated_from_chembl_api,7.481486,ChEMBL,CHEMBL3116061,val,JAK2
IC50,0.17,CHEMBL1926252,COc1ccccc1-c1ccc2cnc(Nc3ccc(C(=O)N4CCOCC4)cc3)nn12,,False,False,VFKPLCLOSWACIS-UHFFFAOYSA-N,6,JAK2_b891e0a2ae,curated_from_chembl_api,9.769551,ChEMBL,CHEMBL1923571,val,JAK2
IC50,30.0,CHEMBL2327345,c1cc2c(ncc3onc(C4CCCCC4)c32)[nH]1,,False,False,MNRAJFUSWSJXCI-UHFFFAOYSA-N,6,JAK2_38497200b0,curated_from_chembl_api,7.522879,ChEMBL,CHEMBL2322137,val,JAK2
IC50,3.3,CHEMBL2378515,C[C@@H](NC(=O)c1c[nH]c2ncc(-c3cn(C)c4cc(Cl)ccc34)nc12)C(=O)N1CC(C#N)C1,,False,False,ZAWMNWJJILKGIJ-GFCCVEGCSA-N,6,JAK2_474efd57c1,curated_from_chembl_api,8.481486,ChEMBL,CHEMBL2376143,val,JAK2
IC50,100000.0,CHEMBL3363474,Cn1c(-c2cn(-c3ccc(C(=O)O)cc3)nn2)nc(-c2ccc(F)cc2)c1-c1ccncc1,,False,False,PSOABNHNKXPGIE-UHFFFAOYSA-N,6,JAK2_c966179cf8,curated_from_chembl_api,4.0,ChEMBL,CHEMBL3120995,val,JAK2
IC50,37.0,CHEMBL2383938,COc1cc(Nc2nc(N[C@@H](C)c3ncc(F)cn3)c(F)c(N3CCOCC3)n2)n[nH]1,,False,False,TXSZBYPJUSXOFM-JTQLQIEISA-N,6,JAK2_1d192f1116,curated_from_chembl_api,7.431798,ChEMBL,CHEMBL2381978,val,JAK2
IC50,5.9,CHEMBL1107850,COc1cc(Nc2ncc3ccn(-c4ccccn4)c3n2)cc(OC)c1OC,,False,False,YENZSPIOXMNEFF-UHFFFAOYSA-N,6,JAK2_1cd957a7af,curated_from_chembl_api,8.229148,ChEMBL,CHEMBL205098,val,JAK2
IC50,70.0,CHEMBL2184201,COc1ccc2cc1COCC=CCOCc1cccc(c1)-c1ccnc(n1)N2,,False,True,NVVRIZGTMNCPSN-UHFFFAOYSA-N,18,JAK2_0f8af01b6c,curated_from_chembl_api,7.154902,ChEMBL,CHEMBL2181319,val,JAK2
IC50,3600.0,CHEMBL2038177,O=c1[nH]c(CN2CC[C@@H](O)C2)nc2c1oc1ccc(Br)cc12,,False,False,FRRLLRQAGKSVMU-SECBINFHSA-N,6,JAK2_b5cb665496,curated_from_chembl_api,5.443697,ChEMBL,CHEMBL2030386,val,JAK2
IC50,3261.0,CHEMBL1613998,COc1ccc([N+](=O)[O-])c(S(=O)(=O)c2ccc(Cl)cc2)n1,,False,False,PRKWNRUVAZZHPH-UHFFFAOYSA-N,6,JAK2_71820de48c,curated_from_chembl_api,5.486649,ChEMBL,CHEMBL1439384,val,JAK2
IC50,3.5,CHEMBL1685409,COc1ccccc1C(=O)N1CCN(c2nc(Nc3cc(C)[nH]n3)c3cccn3n2)CC1,,False,False,LQCRFQWAROOYGX-UHFFFAOYSA-N,6,JAK2_6a465d8a48,curated_from_chembl_api,8.455932,ChEMBL,CHEMBL1682377,val,JAK2
IC50,8.0,CHEMBL908418,C[C@H](Nc1ccnc(-n2cnc3ccncc32)n1)c1ccc(F)cc1,,False,False,PPOFTHNFMSSOFB-LBPRGKRZSA-N,6,JAK2_3f9d4c8aea,curated_from_chembl_api,8.09691,ChEMBL,CHEMBL221976,val,JAK2
IC50,880.0,CHEMBL1044318,CN(C)C1CCN(c2cc(-c3c(N)nn4cccnc34)ncn2)C1,,False,False,JODJTZLGTGMBHR-UHFFFAOYSA-N,6,JAK2_7965d6fd2c,curated_from_chembl_api,6.055517,ChEMBL,CHEMBL585527,val,JAK2
IC50,2.0,CHEMBL1840262,NC(=O)c1cnc(N[C@H](C2CC2)C(F)(F)F)c2c1[nH]c1cc(-c3ccc(N4CCS(=O)(=O)CC4)nn3)ccc12,,False,False,UJGMROGDTTZZAX-JOCHJYFZSA-N,6,JAK2_b8536fbab5,curated_from_chembl_api,8.69897,ChEMBL,CHEMBL1835152,val,JAK2
IC50,0.33,CHEMBL1926252,CN1CCN(c2ccc(Nc3ncc4ccc(-c5cccc(S(=O)(=O)NC(C)(C)C)c5)n4n3)cc2)CC1,,False,False,RIKZRUCSTZUNOM-UHFFFAOYSA-N,6,JAK2_a36c03bfb1,curated_from_chembl_api,9.481486,ChEMBL,CHEMBL1923585,val,JAK2
IC50,113.0,CHEMBL908418,CN1CCN(c2cc(Nc3ccccc3Cl)nc(-n3cnc4ccncc43)n2)CC1,,False,False,YXXMGRMTBNJMGJ-UHFFFAOYSA-N,6,JAK2_f5592e1b45,curated_from_chembl_api,6.946922,ChEMBL,CHEMBL376885,val,JAK2
IC50,260.0,CHEMBL2040119,CN1C/C=C/CCOc2cc(ccn2)-c2ccnc(n2)Nc2cccc(c2)C1,,False,True,GILWXCHDCXNXEJ-NSCUHMNNSA-N,18,JAK2_262bf0ff2a,curated_from_chembl_api,6.585027,ChEMBL,CHEMBL2035044,val,JAK2
IC50,25000000.0,CHEMBL973643,COc1cc2nccc(Oc3ccc4c(NC(=O)c5cccc(C(F)(F)F)c5)nn(C)c4c3)c2cc1OC,,False,False,VCBGNDQGKNIBBK-UHFFFAOYSA-N,6,JAK2_6db9136321,curated_from_chembl_api,1.60206,ChEMBL,CHEMBL462168,val,JAK2
IC50,2700.0,CHEMBL1685409,O=C(NC1CC1)c1cc(Nc2nc(N3CCN(C(=O)Cc4ccccc4)CC3)nn3cccc23)n[nH]1,,False,False,CPJUKTSXUBHIDW-UHFFFAOYSA-N,6,JAK2_56a7d5e603,curated_from_chembl_api,5.568636,ChEMBL,CHEMBL1682362,val,JAK2
IC50,500000.0,CHEMBL920666,C/C(O)=C(\C#N)C(=O)Nc1cc(Br)ccc1Br,,False,False,UVSVTDVJQAJIFG-VURMDHGXSA-N,6,JAK2_430240bac7,curated_from_chembl_api,3.30103,ChEMBL,CHEMBL228043,val,JAK2
IC50,1480.0,CHEMBL3118993,O=C1NC(=O)C(c2c[nH]c3ccccc23)=C1Nc1cccc(O[C@H]2CCN(c3ccnc(F)c3)C2)c1,,False,False,ULLVSXLCIMTNQM-IBGZPJMESA-N,6,JAK2_ba292d2417,curated_from_chembl_api,5.829738,ChEMBL,CHEMBL3114761,val,JAK2
IC50,53.0,CHEMBL1291235,O=c1[nH]ccc2nc(NCc3c(Cl)cccc3Cl)c3ccc(F)cc3c12,,False,False,SVRPJZDUCBNJNX-UHFFFAOYSA-N,6,JAK2_d160fe9573,curated_from_chembl_api,7.275724,ChEMBL,CHEMBL1290533,val,JAK2
IC50,1.27,CHEMBL2067611,CC(C)S(=O)(=O)c1ccc(-c2cccn3nc(Nc4cccc(N5CCN(C)CC5)c4)nc23)cc1,,False,False,ZTWLETHVLGNRKG-UHFFFAOYSA-N,6,JAK2_8b297816a9,curated_from_chembl_api,8.896196,ChEMBL,CHEMBL2062810,val,JAK2
IC50,29000.0,CHEMBL1291235,CC(C)(C)CNc1nc2cc[nH]c(=O)c2cc1-c1ccc(F)cc1,,False,False,XKOVMYXTXSURCO-UHFFFAOYSA-N,6,JAK2_4a8a65b032,curated_from_chembl_api,4.537602,ChEMBL,CHEMBL1289992,val,JAK2
IC50,61.0,CHEMBL3239499,NC(=O)Nc1sc(-c2ccccc2)cc1C(N)=O,,False,False,PSVUSJKZJQMCSP-UHFFFAOYSA-N,6,JAK2_ad173a2b36,curated_from_chembl_api,7.21467,ChEMBL,CHEMBL404609,val,JAK2
IC50,3600.0,CHEMBL2156903,CNC(=O)c1nc(-c2ccc(Cl)c(S(=O)(=O)Nc3cccc(F)c3C)c2)cnc1N,,False,False,LFOKRWIYRIYGNF-UHFFFAOYSA-N,6,JAK2_0d290b9165,curated_from_chembl_api,5.443697,ChEMBL,CHEMBL2152253,val,JAK2
IC50,4.0,CHEMBL2067611,CN1CCN(c2cccc(Nc3nc4c(-c5ccc(C(F)(F)F)cc5)cccn4n3)c2)CC1,,False,False,QYLHIQHJHCIUAA-UHFFFAOYSA-N,6,JAK2_5b3c863b86,curated_from_chembl_api,8.39794,ChEMBL,CHEMBL2062811,val,JAK2
IC50,10000.0,CHEMBL3381081,Nc1nc2c3ccc(NCCO)cc3nc(Cc3ccc4c(c3)OCO4)n2n1,,False,False,QPVNTDBWWRFMIC-UHFFFAOYSA-N,6,JAK2_07fdb02205,curated_from_chembl_api,5.0,ChEMBL,CHEMBL3309998,val,JAK2
IC50,3.0,CHEMBL1685409,Cc1cc(Nc2nc(N3CCN(C(=O)c4ccccc4C)CC3)nn3cccc23)n[nH]1,,False,False,PUCOEOFFWWBOGJ-UHFFFAOYSA-N,6,JAK2_06eea14a96,curated_from_chembl_api,8.522879,ChEMBL,CHEMBL1682373,val,JAK2
IC50,55.0,CHEMBL1291235,CC(C)[C@H](Nc1nc2cc[nH]c(=O)c2c2cc(F)ccc12)C(F)(F)F,,False,False,SDYVZQPJOBQDEW-AWEZNQCLSA-N,6,JAK2_71b1cf07ec,curated_from_chembl_api,7.259637,ChEMBL,CHEMBL1289216,val,JAK2
IC50,110.0,CHEMBL1948620,CCS(=O)(=O)CCOc1ccc2cc1CN(C)C/C=C/CCOc1cccc(c1)-c1ccnc(n1)N2,,False,True,KFBWYQJUHSEIDI-SNAWJCMRSA-N,18,JAK2_b21b5d167f,curated_from_chembl_api,6.958607,ChEMBL,CHEMBL1945567,val,JAK2
IC50,3250.0,CHEMBL1102456,O=c1[nH]c2cnc(-n3cnc4ccccc43)nc2n1C1CCOCC1,,False,False,WURORWMCWDGYBQ-UHFFFAOYSA-N,6,JAK2_d71f577892,curated_from_chembl_api,5.488117,ChEMBL,CHEMBL1087235,val,JAK2
IC50,4.5,CHEMBL1685409,Cc1ccc(C(=O)N2CCN(c3nc(Nc4cc(C)[nH]n4)c4cccn4n3)CC2)cc1,,False,False,RJGZGYBLGZGBNT-UHFFFAOYSA-N,6,JAK2_e2cae42d88,curated_from_chembl_api,8.346787,ChEMBL,CHEMBL1682374,val,JAK2
IC50,8.0,CHEMBL3374493,NC(=O)c1cc(-c2ccnc(N)n2)[nH]c1-c1cc(C(F)(F)F)ccc1Cl,,False,False,CZUQYAXYBOEHCY-UHFFFAOYSA-N,6,JAK2_9da7b44e3f,curated_from_chembl_api,8.09691,ChEMBL,CHEMBL3330125,val,JAK2
IC50,2.5,CHEMBL1936085,CN(c1ccccc1-c1cc(Cl)c2cnc(Nc3ccc(C4CCN(CC(N)=O)CC4)cc3)nn12)S(C)(=O)=O,,False,False,DUKPHDKHHJUGAK-UHFFFAOYSA-N,6,JAK2_02f6b1c446,curated_from_chembl_api,8.60206,ChEMBL,CHEMBL1934353,val,JAK2
IC50,1350.0,CHEMBL1948620,C1=C/CN(Cc2ccccn2)Cc2cccc(c2)Nc2nccc(n2)-c2cccc(c2)OCC/1,,False,True,MFQNYMZZSRZQKB-DAFODLJHSA-N,18,JAK2_22b820a577,curated_from_chembl_api,5.869666,ChEMBL,CHEMBL1945045,val,JAK2
IC50,20.0,CHEMBL3239499,CC(C)(O)c1ccc(-c2cc(C(N)=O)c(Nc3cccc(CN4CCOCC4)n3)s2)cc1,,False,False,BCMDTOXGFFLULX-UHFFFAOYSA-N,6,JAK2_f7c26b39d2,curated_from_chembl_api,7.69897,ChEMBL,CHEMBL3234873,val,JAK2
IC50,600.0,CHEMBL908418,O=C1Nc2ccc(-c3cccnc3)cc2/C1=C/c1ccc[nH]1,,False,False,IQNTXIMXKCURDC-YBEGLDIGSA-N,6,JAK2_b424313b47,curated_from_chembl_api,6.221849,ChEMBL,CHEMBL323994,val,JAK2
IC50,39.0,CHEMBL1011746,CC(C)(C)NS(=O)(=O)c1ccc(-c2ccc3[nH]nc(N)c3c2)c(Cl)c1,,False,False,VSMZYLYGAGOBGV-UHFFFAOYSA-N,6,JAK2_54d1964fb9,curated_from_chembl_api,7.408935,ChEMBL,CHEMBL482189,val,JAK2
IC50,1.0,CHEMBL1840262,C[C@H](Nc1ncc(C(N)=O)c2[nH]c3cc(-c4cnn(C)c4)ccc3c12)C1CC1,,False,False,FSHBEPXUOKWEBA-NSHDSACASA-N,6,JAK2_ec117125df,curated_from_chembl_api,9.0,ChEMBL,CHEMBL1835137,val,JAK2
IC50,2.0,CHEMBL1936085,CN(c1ccccc1-c1ccc2cnc(Nc3ccc(C4CCN(CC(N)=O)CC4)cc3)nn12)S(C)(=O)=O,,False,False,HEBHVXJRMDQONJ-UHFFFAOYSA-N,6,JAK2_0a194c8fbd,curated_from_chembl_api,8.69897,ChEMBL,CHEMBL1934336,val,JAK2
IC50,250.0,CHEMBL1936085,COc1cc(C2CCN(CC(N)=O)CC2)ccc1Nc1ncc2ccc(-c3ccccc3OC)n2n1,,False,False,WLTMYDRAYRGWMO-UHFFFAOYSA-N,6,JAK2_f4e69c401b,curated_from_chembl_api,6.60206,ChEMBL,CHEMBL1934334,val,JAK2
IC50,268.0,CHEMBL3374493,COCCNC(=O)c1cc(-c2ccnc(N)n2)[nH]c1-c1cc(Cl)ccc1C,,False,False,OSTUOGNGBFCXNG-UHFFFAOYSA-N,6,JAK2_d0a1231c82,curated_from_chembl_api,6.571865,ChEMBL,CHEMBL3330110,val,JAK2
IC50,40000.0,CHEMBL1613998,Cc1cccc(OCC(=O)Nc2cc(C)ccc2O)c1,,False,False,QRSGMNRMRKEVOZ-UHFFFAOYSA-N,6,JAK2_dc16e5a7a3,curated_from_chembl_api,4.39794,ChEMBL,CHEMBL1613090,val,JAK2
IC50,1.0,CHEMBL981410,O=C(Nc1c[nH]nc1-c1nc2ccc(CN3CCOCC3)cc2[nH]1)NC1CC1,,False,False,LOLPPWBBNUVNQZ-UHFFFAOYSA-N,6,JAK2_dbe7510318,curated_from_chembl_api,9.0,ChEMBL,CHEMBL495727,val,JAK2
IC50,610.0,CHEMBL2406333,Cc1cc(Nc2ncc(Cl)c(Nc3ccccc3S(=O)(=O)C(C)C)n2)c(OC(C)C)cc1C1CCNCC1,,False,False,VERWOWGGCGHDQE-UHFFFAOYSA-N,6,JAK2_47a002966a,curated_from_chembl_api,6.21467,ChEMBL,CHEMBL2403108,val,JAK2
IC50,2900.0,CHEMBL1936085,CN(C)Cc1ccc(-c2ccc3cnc(Nc4ccc(C5CCN(CC(N)=O)CC5)cc4)nn23)cc1,,False,False,UVQDFNNRWWYMIJ-UHFFFAOYSA-N,6,JAK2_2869bc3f0e,curated_from_chembl_api,5.537602,ChEMBL,CHEMBL1934349,val,JAK2
IC50,62.0,CHEMBL3377596,CC1(C)[C@H](Nc2c(C(N)=O)cnn3cccc23)CC[C@]1(C)N,,False,False,CLYUZZLJBLEOOA-WBMJQRKESA-N,6,JAK2_9837082dc9,curated_from_chembl_api,7.207608,ChEMBL,CHEMBL3359921,val,JAK2
IC50,42.0,CHEMBL897052,C[C@H](Nc1nc(-n2cnc3ccncc32)nc2c1cc(C(=O)NCCCN1CCOCC1)n2C)c1ccccc1,,False,False,MXWHTSIBOUKPHF-FQEVSTJZSA-N,6,JAK2_380b64c771,curated_from_chembl_api,7.376751,ChEMBL,CHEMBL233969,val,JAK2
IC50,8349.0,CHEMBL1613998,O=c1oc2ccc(Cl)cc2nc1/C=C(\O)c1ccco1,,False,False,QKPZFMVTSNNDIS-XFFZJAGNSA-N,6,JAK2_b00790f400,curated_from_chembl_api,5.078366,ChEMBL,CHEMBL1311354,val,JAK2
IC50,23.0,CHEMBL1840262,NC(=O)c1cnc(NC2CCCCC2)c2c1[nH]c1cc(Cl)ccc12,,False,False,ZZLDWLCAHCKPNS-UHFFFAOYSA-N,6,JAK2_041e0fc105,curated_from_chembl_api,7.638272,ChEMBL,CHEMBL1835031,val,JAK2
IC50,50.0,CHEMBL1043451,Cc1cc(Nc2nc(N[C@H](C)c3ncc(F)cn3)c(C#N)nc2C)n[nH]1,,False,False,DCQUEYKYABNNDA-SECBINFHSA-N,6,JAK2_5f93014523,curated_from_chembl_api,7.30103,ChEMBL,CHEMBL569721,val,JAK2
IC50,274.0,CHEMBL3363474,O=C([O-])c1ccc(-c2nc(-c3ccc(F)cc3)c(-c3cc[nH]c(=O)c3)[nH]2)cc1.[Na+],,False,False,SOCCKASETRICRR-UHFFFAOYSA-M,6,JAK2_a101bd58e7,curated_from_chembl_api,6.562249,ChEMBL,CHEMBL3313935,val,JAK2
IC50,2.0,CHEMBL1840262,CCC(Nc1ncc(C(N)=O)c2[nH]c3cc(-c4cnn(C)c4)ccc3c12)C1CC1,,False,False,NAQHFYOEQBTMQW-UHFFFAOYSA-N,6,JAK2_6ddcac62d4,curated_from_chembl_api,8.69897,ChEMBL,CHEMBL1835139,val,JAK2
IC50,10000.0,CHEMBL3118993,O=C1NC(=O)C(c2c[nH]c3ccccc23)=C1Nc1cccc(C2CCN(c3ccnc(F)c3)CC2)c1,,False,False,QXGXJBRTRMTKOC-UHFFFAOYSA-N,6,JAK2_07d8f9b0de,curated_from_chembl_api,5.0,ChEMBL,CHEMBL3114764,val,JAK2
IC50,4.3,CHEMBL1116984,CN1CCN(c2ccc(-c3cnc4cccc(-c5cc(F)c(CN6CCOCC6)c(F)c5)c4n3)cc2)CC1,,False,False,LBZZVBOHWAZYRL-UHFFFAOYSA-N,6,JAK2_4424830aa8,curated_from_chembl_api,8.366532,ChEMBL,CHEMBL1089773,val,JAK2
IC50,40.4,CHEMBL2186603,Cc1ccc(C)c(-c2nn(C)cc2NC(=O)c2cnn3ccc(N)nc23)c1,,False,False,LKNYWEOBQHMSCE-UHFFFAOYSA-N,6,JAK2_d8b2dc25f9,curated_from_chembl_api,7.393619,ChEMBL,CHEMBL2178803,val,JAK2
IC50,8000.0,CHEMBL1247968,CNc1nccc(-c2cccnc2Oc2ccc(NC(=O)c3cccc(C(F)(F)F)c3)cc2C)n1,,False,False,FFNIWOOLZGAOAB-UHFFFAOYSA-N,6,JAK2_9749fd0d32,curated_from_chembl_api,5.09691,ChEMBL,CHEMBL1242977,val,JAK2
IC50,3400.0,CHEMBL971828,COc1cc2c(Oc3ccc(-c4cnc(Nc5ccc(F)cc5)n(C)c4=O)cc3F)ccnc2cc1OCCCN1CCOCC1,,False,False,ONSZEUCTVQJHOZ-UHFFFAOYSA-N,6,JAK2_5d8b3b166c,curated_from_chembl_api,5.468521,ChEMBL,CHEMBL453737,val,JAK2
IC50,1170.0,CHEMBL1941383,CC(C)(C)NC(=O)c1cnc(N)c2cc(-c3ccc(N4CCOCC4)cc3)sc12,,False,False,XLCLFBILYNYYBD-UHFFFAOYSA-N,6,JAK2_dc317d2e99,curated_from_chembl_api,5.931814,ChEMBL,CHEMBL1938647,val,JAK2
IC50,8.0,CHEMBL1107753,CS(=O)(=O)Nc1ccc(-c2ccnc(Nc3cccc(CN4CCOCC4)c3)n2)cc1,,False,False,HKMQCDWYQWFDPW-UHFFFAOYSA-N,6,JAK2_1dea496cca,curated_from_chembl_api,8.09691,ChEMBL,CHEMBL1078277,val,JAK2
IC50,67.0,CHEMBL2040119,C1=C/COCc2cc(ccc2OCCN2CCCC2)Nc2nccc(n2)-c2coc(c2)COC/1,,False,True,NVQBQWBWTJVBDD-ONEGZZNKSA-N,18,JAK2_9ee4e5a341,curated_from_chembl_api,7.173925,ChEMBL,CHEMBL2035186,val,JAK2
IC50,150.0,CHEMBL1948620,C1=C/CNCc2cccc(c2)Nc2nccc(n2)-c2cccc(c2)OCC/1,,False,True,JEMMIJOETMAKME-OWOJBTEDSA-N,18,JAK2_1891397aa8,curated_from_chembl_api,6.823909,ChEMBL,CHEMBL1947162,val,JAK2
IC50,140.0,CHEMBL1948620,CN1C/C=C/CCOc2cccc(c2)-c2ccnc(n2)Nc2ccc(OCC(=O)N3CCCC3)c(c2)C1,,False,True,PURYJFFLQNINCL-NSCUHMNNSA-N,18,JAK2_3452a5d8c9,curated_from_chembl_api,6.853872,ChEMBL,CHEMBL1945568,val,JAK2
IC50,3500.0,CHEMBL2341960,Cc1c(C(=O)N2CCOc3ccc(-c4ccc(N)nc4)cc3C2)ccc(S(C)(=O)=O)c1F,,False,False,LNFBAYSBVQBKFR-UHFFFAOYSA-N,7,JAK2_e113bd753c,curated_from_chembl_api,5.455932,ChEMBL,CHEMBL2333365,val,JAK2
IC50,25000.0,CHEMBL1247968,CNc1nccc(-c2cccnc2Oc2ccc(Nc3nnc(-c4ccc(F)cc4)c4ccccc34)cc2)n1,,False,False,DZICJKNDYKNBTO-UHFFFAOYSA-N,6,JAK2_00ce79806b,curated_from_chembl_api,4.60206,ChEMBL,CHEMBL1243326,val,JAK2
IC50,10000.0,CHEMBL3381081,CN1CCN(c2cc(F)c3c(c2)nc(Cc2ccc4c(c2)OCO4)n2nc(N)nc32)CC1,,False,False,QUYGYUVUHYMMRW-UHFFFAOYSA-N,6,JAK2_73aaa360cd,curated_from_chembl_api,5.0,ChEMBL,CHEMBL3310151,val,JAK2
IC50,5462.0,CHEMBL1613998,Cc1ccc(NC(=O)C(=Cc2ccc(C(=O)O)cc2)C(=O)Nc2ccc(C)cc2C)c(C)c1,,False,False,QZOHMGLHJDZRBE-UHFFFAOYSA-N,6,JAK2_14bc91eedb,curated_from_chembl_api,5.262648,ChEMBL,CHEMBL1302460,val,JAK2
IC50,5.9,CHEMBL2378515,C[C@@H](NC(=O)c1c[nH]c2ncc(-c3ncn4cc(F)ccc34)nc12)C(=O)N1CC(C#N)C1,,False,False,UHJVSLVHPVNWQN-LLVKDONJSA-N,6,JAK2_fddab980f3,curated_from_chembl_api,8.229148,ChEMBL,CHEMBL2376157,val,JAK2
IC50,6884.0,CHEMBL1613998,Cc1cccc(NC(=O)c2ccc([N+](=O)[O-])o2)c1,,False,False,SLTPHPQCJKBPDQ-UHFFFAOYSA-N,6,JAK2_85a13b2e26,curated_from_chembl_api,5.162159,ChEMBL,CHEMBL1348654,val,JAK2
IC50,312.0,CHEMBL3239499,Cc1cccc(Nc2sc(-c3cccc(Cl)c3)cc2C(N)=O)n1,,False,False,JKTSJFULSAPROF-UHFFFAOYSA-N,6,JAK2_864acfec45,curated_from_chembl_api,6.505845,ChEMBL,CHEMBL3234877,val,JAK2
IC50,10000.0,CHEMBL3118993,O=C1NC(=O)C(c2c[nH]c3ccccc23)=C1Nc1cccc(OCCCn2ccnc2)c1,,False,False,PCRCFPMHQKVAMW-UHFFFAOYSA-N,6,JAK2_4a326d99ba,curated_from_chembl_api,5.0,ChEMBL,CHEMBL3114766,val,JAK2
IC50,8.0,CHEMBL1044318,C[C@@H](Nc1cc(-c2c(N)nn3cccnc23)ncn1)c1ccc(Cl)cc1,,False,False,GGKOYZAFZZEFKZ-LLVKDONJSA-N,6,JAK2_9ce72827e9,curated_from_chembl_api,8.09691,ChEMBL,CHEMBL570206,val,JAK2
IC50,91.0,CHEMBL2174405,O=C(O)c1ccc(Nc2ncc(F)c(Nc3ccccc3Cl)n2)cc1,,False,False,BLFRZPJRKJLHGU-UHFFFAOYSA-N,6,JAK2_e4d8e37a39,curated_from_chembl_api,7.040959,ChEMBL,CHEMBL2170419,val,JAK2
IC50,3900.0,CHEMBL1011746,CC(C)(C)NC(=O)Nc1ccc(-c2ccc3[nH]nc(N)c3c2)cc1,,False,False,DZMQEARCRJKNAB-UHFFFAOYSA-N,6,JAK2_cd0d93d1b9,curated_from_chembl_api,5.408935,ChEMBL,CHEMBL480412,val,JAK2
IC50,19.0,CHEMBL1941383,NC(=O)c1cnc(N)c2cc(-c3ccc(N4CCOCC4)cc3)sc12,,False,False,DZFFBPVWOUUHPX-UHFFFAOYSA-N,6,JAK2_caf227844b,curated_from_chembl_api,7.721246,ChEMBL,CHEMBL1938642,val,JAK2
IC50,2700.0,CHEMBL1840262,CCN(c1ncc(C(N)=O)c2[nH]c3ccc(F)cc3c12)C1CCCCC1,,False,False,YNKYTUYGFXOPOU-UHFFFAOYSA-N,6,JAK2_27bda0ed2d,curated_from_chembl_api,5.568636,ChEMBL,CHEMBL1835029,val,JAK2
IC50,0.54,CHEMBL1926252,COc1ccccc1-c1ccc2cnc(Nc3cccc(N4CCN(C[C@H](C)O)CC4)c3)nn12,,False,False,LPIVFMVCIWTQEK-IBGZPJMESA-N,6,JAK2_e06ffc340f,curated_from_chembl_api,9.267606,ChEMBL,CHEMBL1923577,val,JAK2
IC50,1.1,CHEMBL1685409,Cc1cc(Nc2nc(N3CCN(C(=O)c4ccccc4S(C)(=O)=O)CC3)nn3cccc23)n[nH]1,,False,False,CHBAPBLNNGSPAO-UHFFFAOYSA-N,6,JAK2_772111c41c,curated_from_chembl_api,8.958607,ChEMBL,CHEMBL1682380,val,JAK2
IC50,10000.0,CHEMBL1948620,O=C(N1C/C=C/CCOc2cccc(c2)-c2ccnc(n2)Nc2cccc(c2)C1)C(F)(F)F,,False,True,RJXSWQAGHJRLJJ-OWOJBTEDSA-N,18,JAK2_f174044a05,curated_from_chembl_api,5.0,ChEMBL,CHEMBL1945048,val,JAK2
IC50,1.0,CHEMBL1840262,NC(=O)c1cnc(N[C@H](C2CC2)C(F)(F)F)c2c1[nH]c1cc(-c3cn[nH]c3)ccc12,,False,False,XFHDMYNLGPVHLJ-QGZVFWFLSA-N,6,JAK2_03f06fbf7f,curated_from_chembl_api,9.0,ChEMBL,CHEMBL1835149,val,JAK2
IC50,10610.0,CHEMBL1613998,CC1CCCC(NC(=O)NC(=O)CCl)C1C,,False,False,HMBFDDSLYMRBIX-UHFFFAOYSA-N,6,JAK2_e2f2f5219d,curated_from_chembl_api,4.974285,ChEMBL,CHEMBL1498517,val,JAK2
IC50,470.0,CHEMBL1102456,N#Cc1ccc2ncn(-c3ncc4[nH]c(=O)n(C5CCOCC5)c4n3)c2c1,,False,False,XNHDUPKWQUTNRA-UHFFFAOYSA-N,6,JAK2_eb1d7cac8e,curated_from_chembl_api,6.327902,ChEMBL,CHEMBL1080323,val,JAK2
IC50,1.1,CHEMBL2067611,CS(=O)(=O)c1ccc(-c2cccn3nc(Nc4cccc(N5CCC(N6CCOCC6)CC5)c4)nc23)cc1,,False,False,GYQHHRDRGBGZKH-UHFFFAOYSA-N,6,JAK2_bbc5da8cb1,curated_from_chembl_api,8.958607,ChEMBL,CHEMBL2062808,val,JAK2
IC50,0.2,CHEMBL3131376,O=c1[nH]ccc2c(Nc3c(Cl)cc(C(O)C(F)F)cc3Cl)nc3ccncc3c12,,False,False,SRKIVHVOPUXVOR-UHFFFAOYSA-N,6,JAK2_e6b69b948a,curated_from_chembl_api,9.69897,ChEMBL,CHEMBL3126349,val,JAK2
IC50,6.0,CHEMBL2383938,Cc1cc(Nc2nc(N[C@@H](C)c3ccc(F)cn3)c(Cl)c(N3CCOCC3)n2)n[nH]1,,False,False,CAVXKRYGYMMNGC-LBPRGKRZSA-N,6,JAK2_1baaacf4f4,curated_from_chembl_api,8.221849,ChEMBL,CHEMBL2380329,val,JAK2
IC50,14000.0,CHEMBL1685409,Cc1nnc(Nc2nc(N3CCN(C(=O)Cc4ccccc4)CC3)nn3cccc23)s1,,False,False,KINQBFBTEKKXKF-UHFFFAOYSA-N,6,JAK2_4cdb917a68,curated_from_chembl_api,4.853872,ChEMBL,CHEMBL1682361,val,JAK2
IC50,7.0,CHEMBL3131376,O=c1[nH]ccc2c(Nc3c(F)cc(F)cc3F)nc3ccncc3c12,,False,False,IEKOMPUUUZHZLO-UHFFFAOYSA-N,6,JAK2_2113e5b7eb,curated_from_chembl_api,8.154902,ChEMBL,CHEMBL3126340,val,JAK2
IC50,121.6,CHEMBL2329570,C[C@@H](NC(=O)c1c[nH]c2ncc(C3CC3)nc12)C(=O)N1CCCC1,,False,False,RSRZWOGIABCIFQ-SNVBAGLBSA-N,6,JAK2_dc0e1c1b9b,curated_from_chembl_api,6.915066,ChEMBL,CHEMBL2325910,val,JAK2
IC50,158.0,CHEMBL2186598,Nc1ccn2ncc(C(=O)Nc3conc3-c3cccc(Cl)c3)c2n1,,False,False,LVTOASRSQVQBSU-UHFFFAOYSA-N,6,JAK2_581580e609,curated_from_chembl_api,6.801343,ChEMBL,CHEMBL2178257,val,JAK2
IC50,0.4,CHEMBL1926252,COc1ccc(-c2ccc3cnc(Nc4ccc(N5CCN(C)CC5)c(F)c4)nn23)cn1,,False,False,BMRWKIYVKWSZAZ-UHFFFAOYSA-N,6,JAK2_1225662731,curated_from_chembl_api,9.39794,ChEMBL,CHEMBL1923589,val,JAK2
IC50,20.0,CHEMBL2383938,Cc1cnc(Nc2nc(N[C@@H](C)c3ncc(F)cn3)c(F)c(N3CCOCC3)n2)s1,,False,False,BGCLPDIMXFCTKK-NSHDSACASA-N,6,JAK2_89781c2158,curated_from_chembl_api,7.69897,ChEMBL,CHEMBL2381977,val,JAK2
IC50,10670.0,CHEMBL1613998,Cc1cc(SCC(=O)N/N=C/c2ccc(O)c(O)c2)c(C)cc1Br,,False,False,WKTNKPAFSYJGSF-UFWORHAWSA-N,6,JAK2_a240793028,curated_from_chembl_api,4.971836,ChEMBL,CHEMBL3193887,val,JAK2
IC50,6.6,CHEMBL3299201,CCS(=O)(=O)N1CC(CC#N)(n2cc(-c3ncnc4[nH]ccc34)cn2)C1,,False,False,XUZMWHLSFXCVMG-UHFFFAOYSA-N,6,JAK2_9dc9b86668,curated_from_chembl_api,8.180456,ChEMBL,CHEMBL2105759,val,JAK2
IC50,8.0,CHEMBL2067611,CS(=O)(=O)c1cccc(-c2cccn3nc(Nc4ccccc4)nc23)c1,,False,False,WDNHLKQUQTYIIP-UHFFFAOYSA-N,6,JAK2_777f2ced5f,curated_from_chembl_api,8.09691,ChEMBL,CHEMBL2062795,val,JAK2
IC50,3.0,CHEMBL1043451,Cc1cc(Nc2cncc(N[C@@H](C)c3ncc(F)cn3)n2)n[nH]1,,False,False,KIMQVFJKYTXAFU-VIFPVBQESA-N,6,JAK2_6111c0246b,curated_from_chembl_api,8.522879,ChEMBL,CHEMBL570899,val,JAK2
IC50,56.0,CHEMBL1948620,CN1C/C=C/CCOc2cccc(c2)-c2ccnc(n2)Nc2ccc(OCCN3CCCC3)c(c2)C1,,False,True,MWGRYABLZKKGOT-NSCUHMNNSA-N,18,JAK2_ae14213e4e,curated_from_chembl_api,7.251812,ChEMBL,CHEMBL1945704,val,JAK2
IC50,96.0,CHEMBL2184201,C1=CCOCc2cccc(c2)-c2ccnc(n2)Nc2cc(cc(OCCN3CCOCC3)c2)COC1,,False,True,YXYRNIOFBYFCTC-UHFFFAOYSA-N,18,JAK2_c104abb853,curated_from_chembl_api,7.017729,ChEMBL,CHEMBL2181084,val,JAK2
IC50,3850.0,CHEMBL3118993,O=C1NC(=O)C(c2cn(CCCn3ccnc3)c3ccccc23)=C1Nc1ccccc1,,False,False,KIWODJBCHRADND-UHFFFAOYSA-N,6,JAK2_d1f641d822,curated_from_chembl_api,5.414539,ChEMBL,CHEMBL366266,val,JAK2
IC50,51.0,CHEMBL1840262,NC(=O)c1cnc(NC2CCCC2)c2c1[nH]c1ccc(F)cc12,,False,False,DZPVFVSIJWSCAA-UHFFFAOYSA-N,6,JAK2_0868404338,curated_from_chembl_api,7.29243,ChEMBL,CHEMBL1835023,val,JAK2
IC50,10000.0,CHEMBL908418,C[C@H](Nc1ccnc(-n2ccc3ccncc32)n1)c1ccccc1,,False,False,CFUFAGYYVDZNEY-AWEZNQCLSA-N,6,JAK2_f14aaf41b2,curated_from_chembl_api,5.0,ChEMBL,CHEMBL222028,val,JAK2
IC50,259.0,CHEMBL2186598,CNc1ccn2ncc(C(=O)Nc3cc(C)nn3-c3cccc(Cl)c3)c2n1,,False,False,GRKVHVFMHBOEFZ-UHFFFAOYSA-N,6,JAK2_4bb556c059,curated_from_chembl_api,6.5867,ChEMBL,CHEMBL2178247,val,JAK2
IC50,320.0,CHEMBL1011746,Cc1nc(C)c(-c2ccc3[nH]nc(N)c3c2)s1,,False,False,BLSFBFJSSNCFOX-UHFFFAOYSA-N,6,JAK2_fdf063faa3,curated_from_chembl_api,6.49485,ChEMBL,CHEMBL510641,val,JAK2
IC50,36.8,CHEMBL2329570,C[C@@H](NC(=O)c1c[nH]c2ncc(C3CC3)nc12)C(=O)N1CC(C#N)C1,,False,False,XUHZZDAPCLYTNF-SECBINFHSA-N,6,JAK2_9cc155601e,curated_from_chembl_api,7.434152,ChEMBL,CHEMBL2325894,val,JAK2
IC50,16.0,CHEMBL1936085,CS(=O)(=O)N1Cc2cccc(-c3ccc4cnc(Nc5ccc(C6CCN(CC(N)=O)CC6)cc5)nn34)c2C1,,False,False,OBKWVNQNMBDGSL-UHFFFAOYSA-N,6,JAK2_e522bad3ce,curated_from_chembl_api,7.79588,ChEMBL,CHEMBL1934350,val,JAK2
IC50,500.0,CHEMBL3363474,O=c1cc(-c2[nH]c(-c3ccc(-c4cn(CCO)nn4)cc3)nc2-c2ccc(F)cc2)cc[nH]1,,False,False,HJPSQYDUHYYPLU-UHFFFAOYSA-N,6,JAK2_401fbedf78,curated_from_chembl_api,6.30103,ChEMBL,CHEMBL3314277,val,JAK2
IC50,5.0,CHEMBL1103123,Cc1cnc(Nc2cc(N3CCOCC3)nc(N[C@@H](C)c3ccc(F)cn3)n2)s1,,False,False,XCGHYXHBCOQVTC-ZDUSSCGKSA-N,6,JAK2_fe9236b0f3,curated_from_chembl_api,8.30103,ChEMBL,CHEMBL1087269,val,JAK2
IC50,374.0,CHEMBL1107753,N#CCNC(=O)c1ccc(-c2ccnc(Nc3ccc(N4CCOCC4)c(C(F)(F)F)c3)n2)cc1,,False,False,SDEDLQGWJHWNGN-UHFFFAOYSA-N,6,JAK2_1da5b70a49,curated_from_chembl_api,6.427128,ChEMBL,CHEMBL1079121,val,JAK2
IC50,13770.0,CHEMBL1613998,O=C(NC1C=CS(=O)(=O)C1)c1sc2ccccc2c1Cl,,False,False,QFAZQWQCOSKELB-UHFFFAOYSA-N,6,JAK2_82af31902b,curated_from_chembl_api,4.861066,ChEMBL,CHEMBL1330242,val,JAK2
IC50,900.0,CHEMBL945937,Fc1cccc(Cl)c1-c1nc2c3ccccc3c3ccccc3c2[nH]1,,False,False,WVNNQKBSDUJVPA-UHFFFAOYSA-N,6,JAK2_df6c679d4d,curated_from_chembl_api,6.045757,ChEMBL,CHEMBL270347,val,JAK2
IC50,9687.0,CHEMBL3118993,O=C1NC(=O)C(c2c[nH]c3ccccc23)=C1Nc1ccc(OCCNc2ccnc(F)c2)cc1,,False,False,QITNSGLALOTVGB-UHFFFAOYSA-N,6,JAK2_c8e4f1d444,curated_from_chembl_api,5.013811,ChEMBL,CHEMBL3114772,val,JAK2
IC50,5.6,CHEMBL2067611,CS(=O)(=O)c1ccc(-c2cccn3nc(Nc4cccc(S(C)(=O)=O)c4)nc23)cc1,,False,False,HNQDVIYDZGTLTL-UHFFFAOYSA-N,6,JAK2_2fb115c7c6,curated_from_chembl_api,8.251812,ChEMBL,CHEMBL2062800,val,JAK2
IC50,47.0,CHEMBL1107753,CCN1CCN(Cc2ccc(Nc3nccc(-c4ccc(C(=O)NCC#N)cc4)n3)cc2)CC1,,False,False,HBTCPVXXBIMFAT-UHFFFAOYSA-N,6,JAK2_66c6f9c4b4,curated_from_chembl_api,7.327902,ChEMBL,CHEMBL1078933,val,JAK2
IC50,184.0,CHEMBL3268711,Cc1c[nH]c2c(Nc3nc(N[C@@H]4CCOC[C@@H]4N)cc4nc[nH]c(=O)c34)cccc12,,False,False,WCSCGZHKZNEMNJ-UONOGXRCSA-N,6,JAK2_27f93cd5ff,curated_from_chembl_api,6.735182,ChEMBL,CHEMBL3262620,val,JAK2
IC50,3200.0,CHEMBL3374493,NC(=O)c1cc(-c2ccnc(N)n2)[nH]c1-c1ccccc1,,False,False,VOQXQYXTZZHYBF-UHFFFAOYSA-N,6,JAK2_3c26f1262f,curated_from_chembl_api,5.49485,ChEMBL,CHEMBL1270230,val,JAK2
IC50,101.0,CHEMBL1116984,COc1cc(-c2cnc3cc(F)cc(-c4ccc(CC(=O)N5CCOCC5)cc4)c3n2)cc(OC)c1OC,,False,False,JAWKHVZHKTWGST-UHFFFAOYSA-N,6,JAK2_33706a826b,curated_from_chembl_api,6.995679,ChEMBL,CHEMBL1091191,val,JAK2
IC50,10.0,CHEMBL2443999,CN(C)c1ccc(Oc2cc(O)cc(O)c2-c2cc(C(=O)NC3CCN(C4CCC5(CC4)OCCO5)CC3)no2)cc1,,False,False,DPZWKZQIGWCTDT-UHFFFAOYSA-N,6,JAK2_b27a899dff,curated_from_chembl_api,8.0,ChEMBL,CHEMBL2443026,val,JAK2
IC50,3.4,CHEMBL1044318,Nc1nn2cccnc2c1-c1cc(N2CCCC2c2ccc(F)cc2)ncn1,,False,False,WNDJXHTVTVODGW-UHFFFAOYSA-N,6,JAK2_a76d3b3ff0,curated_from_chembl_api,8.468521,ChEMBL,CHEMBL582808,val,JAK2
IC50,120.0,CHEMBL1948620,CN1C/C=C/CCOc2cccc(c2)-c2ccnc(n2)Nc2ccc(OCCN3CCOCC3)c(c2)C1,,False,True,VKNAJXFNUPMHHE-NSCUHMNNSA-N,18,JAK2_d93114e5db,curated_from_chembl_api,6.920819,ChEMBL,CHEMBL1945705,val,JAK2
IC50,68.0,CHEMBL1840262,CCCNc1ncc(C(N)=O)c2[nH]c3ccc(F)cc3c12,,False,False,NGVAFSPHMCTAFX-UHFFFAOYSA-N,6,JAK2_cafdcf5d70,curated_from_chembl_api,7.167491,ChEMBL,CHEMBL1835016,val,JAK2
IC50,280.0,CHEMBL1948620,COc1ccc2cc1CN(C)C/C=C/CCOc1cccc(c1)-c1ccnc(n1)N2,,False,True,BTJHWCJCRJUEGO-ONEGZZNKSA-N,18,JAK2_2a386c8786,curated_from_chembl_api,6.552842,ChEMBL,CHEMBL1945050,val,JAK2
IC50,3.0,CHEMBL1292866,Cc1cnc(Nc2ccc(OCCN3CCCC3)cc2)nc1Nc1cccc(S(=O)(=O)NC(C)(C)C)c1,,False,False,JOOXLOJCABQBSG-UHFFFAOYSA-N,6,JAK2_f69fa9f13e,curated_from_chembl_api,8.522879,ChEMBL,CHEMBL1287853,val,JAK2
IC50,3.0,CHEMBL1103123,Cc1cnc(Nc2cc(N3CCN(C)CC3)nc(N[C@@H](C)c3ccc(F)cn3)n2)s1,,False,False,RIZYPSQRIHNRNS-AWEZNQCLSA-N,6,JAK2_808899f7bc,curated_from_chembl_api,8.522879,ChEMBL,CHEMBL1087268,val,JAK2
IC50,1000.0,CHEMBL1109692,O=C(Cc1ccccc1)Nc1cccc(-c2nc3sccn3c2-c2ccnc(Nc3cccc(N4CCOCC4)c3)n2)c1,,False,False,XKZQZMSAWVDRSP-UHFFFAOYSA-N,6,JAK2_075392b486,curated_from_chembl_api,6.0,ChEMBL,CHEMBL1090360,val,JAK2
IC50,109.0,CHEMBL3374493,CCNC(=O)c1cc(-c2ccnc(N)n2)[nH]c1-c1cc(Cl)ccc1C,,False,False,RMCUEMSKMGVKOG-UHFFFAOYSA-N,6,JAK2_de5414429e,curated_from_chembl_api,6.962574,ChEMBL,CHEMBL3330107,val,JAK2
IC50,15000.0,CHEMBL3119788,O=C1NN(c2ccccc2)C(=O)/C1=C\c1cc(Cl)ccc1OCc1ccccc1,,False,False,NZUZATUYJGLCBX-ZHZULCJRSA-N,6,JAK2_ebd69b937d,curated_from_chembl_api,4.823909,ChEMBL,CHEMBL3115323,test,JAK2
IC50,1.1,CHEMBL1685409,Cc1ccc(CC(=O)N2CCN(c3nc(Nc4cc(C)[nH]n4)c4cccn4n3)CC2)cc1,,False,False,LTGPUQZRLFLMGW-UHFFFAOYSA-N,6,JAK2_9959650146,curated_from_chembl_api,8.958607,ChEMBL,CHEMBL1682382,test,JAK2
IC50,1570.0,CHEMBL1011746,Nc1n[nH]c2ccc(-c3ccc(C(=O)N4CCOCC4)cc3)cc12,,False,False,ZMCVNXJGEFPGSD-UHFFFAOYSA-N,6,JAK2_642b8e0f91,curated_from_chembl_api,5.8041,ChEMBL,CHEMBL480606,test,JAK2
IC50,73.1,CHEMBL2415128,CN1CCN(c2ccc(Nc3nc4cccc(-c5cccc(S(C)(=O)=O)c5)n4n3)cc2)CC1,,False,False,XEFMGFQXNLZBQW-UHFFFAOYSA-N,6,JAK2_cabdd7d46d,curated_from_chembl_api,7.136083,ChEMBL,CHEMBL2414545,test,JAK2
IC50,630.0,CHEMBL1291235,CC(Nc1nc2cc[nH]c(=O)c2cc1-c1ccccn1)C(C)(C)C,,False,False,CTIOFGTUACTKHE-UHFFFAOYSA-N,6,JAK2_b1c6e31290,curated_from_chembl_api,6.200659,ChEMBL,CHEMBL1290196,test,JAK2
IC50,1.6,CHEMBL1641122,C[C@@H]1CCN(C(=O)CC#N)C[C@@H]1N(C)c1ncnc2[nH]ccc12,,False,False,UJLAWZDWDVHWOW-YPMHNXCESA-N,6,JAK2_3f3d946705,curated_from_chembl_api,8.79588,ChEMBL,CHEMBL221959,test,JAK2
IC50,1.4,CHEMBL1044318,Nc1nn2cccnc2c1-c1cc(NCc2ccc(Cl)cc2)ncn1,,False,False,DOIVHRUKMVCXKP-UHFFFAOYSA-N,6,JAK2_8ec15e5706,curated_from_chembl_api,8.853872,ChEMBL,CHEMBL569012,test,JAK2
IC50,7000.0,CHEMBL1102456,O=c1[nH]c2cnc(-n3cnc4ccccc43)nc2n1[C@H]1CCOc2c(F)cccc21,,False,False,HADOQYZZUATJAT-INIZCTEOSA-N,6,JAK2_830f2e4e11,curated_from_chembl_api,5.154902,ChEMBL,CHEMBL1081378,test,JAK2
IC50,134.2,CHEMBL2329570,CC1CCN(C(=O)[C@@H](C)NC(=O)c2c[nH]c3ncc(C4CC4)nc23)C1,,False,False,GYUYXDVWIXPSBG-RRKGBCIJSA-N,6,JAK2_f63200c6fc,curated_from_chembl_api,6.872247,ChEMBL,CHEMBL2325913,test,JAK2
IC50,8322.0,CHEMBL1613998,COc1ccc(N2CCc3c(C)nc4c(OC)cc(OC)cc4c32)c(OC)c1,,False,False,MSELVEFUVDXEPF-UHFFFAOYSA-N,6,JAK2_dd69d5b360,curated_from_chembl_api,5.079772,ChEMBL,CHEMBL1524363,test,JAK2
IC50,8.0,CHEMBL1102770,Cc1cc(Nc2nc3cccc(-c4ccc(C(=O)N5CCOCC5)cc4)c3o2)ccc1C(=O)N(C)C,,False,False,CNRQOXNRQIWKIQ-UHFFFAOYSA-N,6,JAK2_5d437cebf2,curated_from_chembl_api,8.09691,ChEMBL,CHEMBL1081664,test,JAK2
IC50,1.0,CHEMBL1776842,Cc1cc(Nc2nc(N[C@@H](C)c3ccc(F)cn3)c(C#N)cc2F)n[nH]1,,False,False,HIHOEGPXVVKJPP-JTQLQIEISA-N,6,JAK2_fd8b24dad5,curated_from_chembl_api,9.0,ChEMBL,CHEMBL1774056,test,JAK2
IC50,8.0,CHEMBL1102770,COc1cc(Nc2nc3cccc(-c4ccc(C(=O)N5CCOCC5)cc4)c3o2)cc(OC)c1OC,,False,False,RGJMICFWNAVTAA-UHFFFAOYSA-N,6,JAK2_8c93d98423,curated_from_chembl_api,8.09691,ChEMBL,CHEMBL1081978,test,JAK2
IC50,16.0,CHEMBL908418,C[C@H](Nc1cc(-c2ccoc2)nc(-n2cnc3ccncc32)n1)c1ccccc1,,False,False,JGJPJLWZMJEYPN-HNNXBMFYSA-N,6,JAK2_69e4e150d8,curated_from_chembl_api,7.79588,ChEMBL,CHEMBL222027,test,JAK2
IC50,1444.0,CHEMBL1657171,O=CN1CCN(c2ccc(C(F)(F)F)c(C3=C(c4c[nH]c5ccccc45)C(=O)NC3=O)c2)CC1,,False,False,IKLXBNGCTJXQCF-UHFFFAOYSA-N,6,JAK2_54ea24ef39,curated_from_chembl_api,5.840433,ChEMBL,CHEMBL1650955,test,JAK2
IC50,1750.0,CHEMBL3268711,NC(=O)c1cnc(N[C@@H]2CCCC[C@@H]2N)nc1Nc1cccc(-n2nccn2)c1,,False,False,TXGKRVFSSHPBAJ-JKSUJKDBSA-N,6,JAK2_eb43f38c08,curated_from_chembl_api,5.756962,ChEMBL,CHEMBL2177736,test,JAK2
IC50,3341.0,CHEMBL1613998,COC(=O)COc1cccc2c(=O)n(CC(=O)NCc3ccc(F)cc3)ccc12,,False,False,JISCYQWWSXPVCV-UHFFFAOYSA-N,6,JAK2_47c663cfbd,curated_from_chembl_api,5.476124,ChEMBL,CHEMBL1489454,test,JAK2
IC50,25.0,CHEMBL897052,COCCNC(=O)c1cc2c(N[C@@H](C)c3ccccc3)nc(-n3cnc4ccncc43)nc2n1C,,False,False,NMFYXMHYCDPDBI-INIZCTEOSA-N,6,JAK2_01774c8952,curated_from_chembl_api,7.60206,ChEMBL,CHEMBL231948,test,JAK2
IC50,5658.0,CHEMBL1613998,O=S(=O)(c1cccs1)N1CCN(c2ccc(O)cc2)CC1,,False,False,AMAVAQLCDDYRMN-UHFFFAOYSA-N,6,JAK2_5d9303ab15,curated_from_chembl_api,5.247337,ChEMBL,CHEMBL1559437,test,JAK2
IC50,10710.0,CHEMBL1613998,Cl.c1ccc2c(CN3CCCCCC3)c[nH]c2c1,,False,False,MBYHBXWLZCTWQV-UHFFFAOYSA-N,7,JAK2_9d0e4f3f8a,curated_from_chembl_api,4.970211,ChEMBL,CHEMBL1524240,test,JAK2
IC50,0.4,CHEMBL1840111,NC(=O)c1cnc(N[C@H](C2CC2)C(F)(F)F)c2c1[nH]c1cc(-c3cnc(N)nc3)ccc12,,False,False,SHSWWKAPCSHSHG-QGZVFWFLSA-N,6,JAK2_f6c9a7f30d,curated_from_chembl_api,9.39794,ChEMBL,CHEMBL1835153,test,JAK2
IC50,75.0,CHEMBL1291235,O=c1[nH]ccc2nc(NC3CCC3)c3ccc(F)cc3c12,,False,False,UQGCDSQHWUMCPI-UHFFFAOYSA-N,6,JAK2_fa62330e96,curated_from_chembl_api,7.124939,ChEMBL,CHEMBL1290769,test,JAK2
IC50,18.0,CHEMBL1948620,CCS(=O)(=O)CNc1cc2cc(c1)Nc1nccc(n1)-c1cccc(c1)OCC/C=C/CN(C)C2,,False,True,HZRJYORBAMJSIQ-SNAWJCMRSA-N,18,JAK2_e5685f45f3,curated_from_chembl_api,7.744727,ChEMBL,CHEMBL1946150,test,JAK2
IC50,170.0,CHEMBL3377596,CC1(C)[C@H](N)CC[C@H]1Nc1c(C(N)=O)cnn2cccc12,,False,False,WJOHFIWALCWIHK-VXGBXAGGSA-N,6,JAK2_bc0785694a,curated_from_chembl_api,6.769551,ChEMBL,CHEMBL3359918,test,JAK2
IC50,0.09,CHEMBL1936085,CN(c1cccc(-c2ccc3cnc(Nc4ccc(C5CCN(CC(N)=O)CC5)cc4)nn23)c1)S(C)(=O)=O,,False,False,PQISYCKBAAVHIB-UHFFFAOYSA-N,6,JAK2_6f8843e888,curated_from_chembl_api,10.045757,ChEMBL,CHEMBL1934340,test,JAK2
IC50,30000.0,CHEMBL1932879,CN(C)CCN1CCN(C(=O)c2cc(C(C)(C)C)sc2NC(=O)Nc2cccc(Cl)c2Cl)CCC1=O,,False,False,SIUIQMQVKUUQQF-UHFFFAOYSA-N,7,JAK2_28f3f32e88,curated_from_chembl_api,4.522879,ChEMBL,CHEMBL1929238,test,JAK2
IC50,106.2,CHEMBL2329570,CC(C)NC(=O)c1c[nH]c2ncc(C3CC3)nc12,,False,False,HJUGTIXMQHUMKG-UHFFFAOYSA-N,6,JAK2_d8edcf57e7,curated_from_chembl_api,6.973875,ChEMBL,CHEMBL2325901,test,JAK2
IC50,5100.0,CHEMBL1036442,COc1nc(C)cc2c1-c1[nH]c3cc(N4CCN(C)CC4)ccc3c1CCN2CCc1ccccc1,,False,False,AAWMAJBBHSVQCG-UHFFFAOYSA-N,7,JAK2_22d36598a0,curated_from_chembl_api,5.29243,ChEMBL,CHEMBL551570,test,JAK2
IC50,1100.0,CHEMBL2186598,Cc1cc(NC(=O)c2cnn3cccnc23)c(-c2cccc(Cl)c2)cn1,,False,False,MHVVFDUISIWISF-UHFFFAOYSA-N,6,JAK2_79f98ea88a,curated_from_chembl_api,5.958607,ChEMBL,CHEMBL2178250,test,JAK2
IC50,10000.0,CHEMBL1656532,COc1cc(O)c2c(c1)CCC[C@H](O)CC(=O)/C=C\C[C@H](C)OC2=O,,False,True,QMEZKJBCLUGJTN-APQFZBCISA-N,14,JAK2_0b57062283,curated_from_chembl_api,5.0,ChEMBL,CHEMBL1651521,test,JAK2
IC50,11000.0,CHEMBL2388367,O=C1c2oc(-c3ccc(Cl)cc3)cc2Cc2cc(N3CCNCC3)ccc2N1Cc1ccccc1-c1cccnc1,,False,False,WCQPZKBEGJASRO-UHFFFAOYSA-N,7,JAK2_57f45da782,curated_from_chembl_api,4.958607,ChEMBL,CHEMBL2385543,test,JAK2
IC50,3.1,CHEMBL1044318,CCCN(CC(F)(F)F)C(=O)C1CCCN(c2cc(-c3c(N)nn4cccnc34)ncn2)C1,,False,False,PEMDGSTUSDIADL-UHFFFAOYSA-N,6,JAK2_636d21a80d,curated_from_chembl_api,8.508638,ChEMBL,CHEMBL569957,test,JAK2
IC50,10000.0,CHEMBL1292866,COC(=O)c1ccc(Nc2nc(N)n(C(=O)c3c(F)cccc3F)n2)cc1,,False,False,YOUVIGDQXAQLGK-UHFFFAOYSA-N,6,JAK2_5bccbf5381,curated_from_chembl_api,5.0,ChEMBL,CHEMBL1287940,test,JAK2
IC50,28.0,CHEMBL908418,C[C@H](Nc1cc(-c2ccoc2)nc(-n2cnc3ccncc32)n1)c1ccc(F)cc1,,False,False,CXHJYPWHKZNVBZ-AWEZNQCLSA-N,6,JAK2_4c92614d40,curated_from_chembl_api,7.552842,ChEMBL,CHEMBL221378,test,JAK2
IC50,3.0,CHEMBL2383938,Cc1cc(Nc2nc(N[C@@H](C)c3ccc(F)cn3)c(F)c(N3CCN(S(C)(=O)=O)CC3)n2)n[nH]1,,False,False,OEQWYBMMCJIJKN-ZDUSSCGKSA-N,6,JAK2_968daa996c,curated_from_chembl_api,8.522879,ChEMBL,CHEMBL2381975,test,JAK2
IC50,5.0,CHEMBL1102770,CNC(=O)c1ccc(Nc2nc3cccc(-c4cc(F)c(CN5CCOCC5)c(F)c4)c3o2)cc1C,,False,False,JPVQJSNRDPPJID-UHFFFAOYSA-N,6,JAK2_6dc1db68d3,curated_from_chembl_api,8.30103,ChEMBL,CHEMBL1082022,test,JAK2
IC50,187.0,CHEMBL3374493,Cc1ccc(Cl)c(-c2[nH]c(-c3ccnc(N)n3)cc2C(N)=O)c1,,False,False,MDONDWLCISBSBA-UHFFFAOYSA-N,6,JAK2_1de5bcc24c,curated_from_chembl_api,6.728158,ChEMBL,CHEMBL3330103,test,JAK2
IC50,10000.0,CHEMBL1292866,CCOC(=O)c1cccc(Nc2nc(N)n(C(=O)c3c(F)cccc3F)n2)c1,,False,False,JPUYPWPBMDSISN-UHFFFAOYSA-N,6,JAK2_8224c874ed,curated_from_chembl_api,5.0,ChEMBL,CHEMBL1287812,test,JAK2
IC50,230.0,CHEMBL1840262,NC(=O)c1cnc(N2CCCC2)c2c1[nH]c1ccc(F)cc12,,False,False,SJSWGFWLFRARFJ-UHFFFAOYSA-N,6,JAK2_ea60b61550,curated_from_chembl_api,6.638272,ChEMBL,CHEMBL1835027,test,JAK2
IC50,2067.0,CHEMBL1613998,COc1ccc(-c2cnc3c(c2)CCC3(C#N)C#N)cc1,,False,False,JIWSNKGVMRFRBY-UHFFFAOYSA-N,6,JAK2_a437644d7e,curated_from_chembl_api,5.68466,ChEMBL,CHEMBL1482285,test,JAK2
IC50,14.0,CHEMBL1107753,CN1CCN(Cc2cccc(Nc3nccc(-c4ccc(NS(C)(=O)=O)cc4)n3)c2)CC1,,False,False,FACHOPIRQYUOES-UHFFFAOYSA-N,6,JAK2_01aa2cd0f0,curated_from_chembl_api,7.853872,ChEMBL,CHEMBL1078866,test,JAK2
IC50,210.0,CHEMBL1840262,CNc1ncc(C(N)=O)c2[nH]c3ccc(F)cc3c12,,False,False,OMHSQXZTZPYFBY-UHFFFAOYSA-N,6,JAK2_d5a0980bbf,curated_from_chembl_api,6.677781,ChEMBL,CHEMBL1835015,test,JAK2
IC50,3125.0,CHEMBL1613998,Cc1nc2ccccc2c(O)c1C(=O)/C=C/c1ccccc1,,False,False,GLMXCYNQAMJMGO-VAWYXSNFSA-N,6,JAK2_2eda2afd5e,curated_from_chembl_api,5.50515,ChEMBL,CHEMBL1563340,test,JAK2
IC50,2.2,CHEMBL1685409,Cc1cc(Nc2nc(N3CCN(C(=O)c4ccccc4)CC3)nn3cccc23)n[nH]1,,False,False,BADQVFCFXXWJOF-UHFFFAOYSA-N,6,JAK2_d2844f380a,curated_from_chembl_api,8.657577,ChEMBL,CHEMBL1682371,test,JAK2
IC50,4605.0,CHEMBL1613998,COc1ccccc1N(C(=O)CCl)c1cn(C(C)=O)c2ccccc12,,False,False,FKZSWIPTPGQJJO-UHFFFAOYSA-N,6,JAK2_7794ab5f7d,curated_from_chembl_api,5.33677,ChEMBL,CHEMBL1325021,test,JAK2
IC50,87.0,CHEMBL1044318,COC(=O)C1CCN(c2cc(-c3c(N)nn4cccnc34)ncn2)C1,,False,False,OQVOEJQVDHUNIR-UHFFFAOYSA-N,6,JAK2_2e6607578d,curated_from_chembl_api,7.060481,ChEMBL,CHEMBL571118,test,JAK2
IC50,4.0,CHEMBL1656588,COc1cc(Nc2nc(N[C@@H](C)c3ncc(F)cn3)ncc2Br)n[nH]1,,False,False,WMZWKZSZFLNJAR-ZETCQYMHSA-N,6,JAK2_0d9a1ad05b,curated_from_chembl_api,8.39794,ChEMBL,CHEMBL1650728,test,JAK2
IC50,980.0,CHEMBL2214787,CC(=O)Nc1ccc(-c2ccnc(NC3CCCC(NC(=O)c4c(Cl)cccc4Cl)C3)n2)cc1,,False,False,KWCRWNXTHBZLFB-UHFFFAOYSA-N,6,JAK2_c4d9eb4f14,curated_from_chembl_api,6.008774,ChEMBL,CHEMBL2207762,test,JAK2
IC50,83.0,CHEMBL2378515,C[C@@H](NC(=O)c1c[nH]c2ncc(-n3ncc4cc(Cl)ccc43)nc12)C(=O)N1CC(C#N)C1,,False,False,CHHLXGOWLAGVTK-LLVKDONJSA-N,6,JAK2_821a4c0e24,curated_from_chembl_api,7.080922,ChEMBL,CHEMBL2376156,test,JAK2
IC50,10000.0,CHEMBL704111,O=C1NCc2c(-c3ccc(F)cc3F)cc(C3CCNCC3)cc2N1c1c(Cl)cccc1Cl,,False,False,NEQVXWUMTYNMHH-UHFFFAOYSA-N,6,JAK2_2a0691a470,curated_from_chembl_api,5.0,ChEMBL,CHEMBL319556,test,JAK2
IC50,10.0,CHEMBL1941383,CNC(=O)c1cnc(N)c2cc(-c3ccc(C(C)(C)C)cc3)sc12,,False,False,YOVOSWQKQOPRCG-UHFFFAOYSA-N,6,JAK2_5d4e57723f,curated_from_chembl_api,8.0,ChEMBL,CHEMBL1938651,test,JAK2
IC50,536.0,CHEMBL1785330,CNC(=O)c1ncc(C#Cc2cc(C(=O)Nc3ccc(CN4CCN(CCO)CC4)c(C(F)(F)F)c3)ccc2C)n1C,,False,False,SUXYGJZMCWKJJI-UHFFFAOYSA-N,6,JAK2_8db4a8b97f,curated_from_chembl_api,6.270835,ChEMBL,CHEMBL1784637,test,JAK2
IC50,3300.0,CHEMBL1948620,C1=C/CNc2cccc(c2)Nc2nccc(n2)-c2cccc(c2)OCC/1,,False,True,USIDNFXDNPBRBR-OWOJBTEDSA-N,17,JAK2_aea62984ba,curated_from_chembl_api,5.481486,ChEMBL,CHEMBL1947161,test,JAK2
IC50,549.0,CHEMBL1107753,CC(C)(C#N)NC(=O)c1ccc(-c2ccnc(Nc3ccc(N4CCOCC4)cc3)n2)cc1,,False,False,XRZVCGWERZVRNT-UHFFFAOYSA-N,6,JAK2_260f9e930a,curated_from_chembl_api,6.260428,ChEMBL,CHEMBL1078453,test,JAK2
IC50,7757.0,CHEMBL1613998,Cc1ccc(Cn2ccs/c2=N\C(=O)CCl)cc1,,False,False,FNVXAXAJLFXSKP-SQFISAMPSA-N,6,JAK2_379928ad0b,curated_from_chembl_api,5.110306,ChEMBL,CHEMBL1980982,test,JAK2
IC50,0.17,CHEMBL1926252,COc1ccccc1-c1ccc2cnc(Nc3ccc(N4CCN(C)CC4)cc3)nn12,,False,False,LLSXHTXXTKDPRH-UHFFFAOYSA-N,6,JAK2_6d4bc95598,curated_from_chembl_api,9.769551,ChEMBL,CHEMBL1822515,test,JAK2
IC50,57.0,CHEMBL2378515,C[C@@H](NC(=O)c1c[nH]c2ncc(-c3cnc4cc(Cl)ccn34)nc12)C(=O)N1CC(C#N)C1,,False,False,YVEQDFBWROHLBY-LLVKDONJSA-N,6,JAK2_4f45584432,curated_from_chembl_api,7.244125,ChEMBL,CHEMBL2376159,test,JAK2
IC50,28600.0,CHEMBL1011746,Cc1noc(C)c1-c1ccc2[nH]nc(N)c2c1,,False,False,VNVOFPOBSPJSAR-UHFFFAOYSA-N,6,JAK2_ae93ba0eb4,curated_from_chembl_api,4.543634,ChEMBL,CHEMBL481584,test,JAK2
IC50,50.0,CHEMBL3118240,CC(Nc1nc(Nc2cn(C)cn2)c2cn[nH]c2n1)c1ncc(F)cn1,,False,False,MLPFLKLPZSACMH-UHFFFAOYSA-N,6,JAK2_d71f5ff66b,curated_from_chembl_api,7.30103,ChEMBL,CHEMBL3116053,test,JAK2
IC50,156.0,CHEMBL2415128,CC(C)Cn1cc(-c2cccn3nc(Nc4ccc(C(=O)O)cc4)nc23)cn1,,False,False,GZVKFWNSJXUBGD-UHFFFAOYSA-N,6,JAK2_0ca7f05399,curated_from_chembl_api,6.806875,ChEMBL,CHEMBL2414538,test,JAK2
IC50,50000000.0,CHEMBL937065,CC(C)(C)n1nc(-c2ccc(Cl)cc2)c2c(N)ncnc21,,False,False,PBBRWFOVCUAONR-UHFFFAOYSA-N,6,JAK2_f4012c0c35,curated_from_chembl_api,1.30103,ChEMBL,CHEMBL406845,test,JAK2
IC50,45500.0,CHEMBL3363474,O=c1cc(-c2[nH]c(-c3ccc(-c4cn(CCP(=O)([O-])[O-])nn4)cc3)nc2-c2ccc(F)cc2)cc[nH]1.[Na+].[Na+],,False,False,PUELAVBBYKKIPZ-UHFFFAOYSA-L,6,JAK2_4cdfd96edb,curated_from_chembl_api,4.341989,ChEMBL,CHEMBL3314280,test,JAK2
IC50,11800.0,CHEMBL1291235,O=c1[nH]ccc2nc(N3CCC(F)(F)C3)c(-c3ccc(F)cc3)cc12,,False,False,RWZFIOPDEVIWLA-UHFFFAOYSA-N,6,JAK2_f92f7b4efe,curated_from_chembl_api,4.928118,ChEMBL,CHEMBL1290089,test,JAK2
IC50,7.0,CHEMBL2184201,Cc1cnc2nc1-c1cccc(c1)COCC=CCOCc1cc(ccc1OCCN1CCCC1)N2,,False,True,ZLRQBYKTDVAMPK-UHFFFAOYSA-N,18,JAK2_5e05d7987e,curated_from_chembl_api,8.154902,ChEMBL,CHEMBL2181088,test,JAK2
IC50,0.47,CHEMBL1926252,COc1ccccc1-c1ccc2cnc(Nc3ccc(N4CCN(C[C@H](C)O)CC4)cc3)nn12,,False,False,XBUQQHQVIVLQAQ-IBGZPJMESA-N,6,JAK2_1e3c7a3902,curated_from_chembl_api,9.327902,ChEMBL,CHEMBL1923574,test,JAK2
IC50,84.0,CHEMBL1044318,NC(=O)C1CCCN(c2cc(-c3c(N)nn4cccnc34)ncn2)C1,,False,False,ZBPPYBLIVLEDGE-UHFFFAOYSA-N,6,JAK2_e70174d250,curated_from_chembl_api,7.075721,ChEMBL,CHEMBL577944,test,JAK2
IC50,6000.0,CHEMBL3119788,O=C1NN(c2ccccc2)C(=O)/C1=C/c1ccc(-c2ccccc2Cl)o1,,False,False,IJEIOYCUDMECBQ-FOWTUZBSSA-N,6,JAK2_7044b47d7e,curated_from_chembl_api,5.221849,ChEMBL,CHEMBL3112617,test,JAK2
IC50,980.0,CHEMBL3268711,C[C@H](N)CNc1cc2nc[nH]c(=O)c2c(Nc2cccc3cc[nH]c23)n1,,False,False,GVRXIDPSFXZQGC-JTQLQIEISA-N,6,JAK2_e40dcdc050,curated_from_chembl_api,6.008774,ChEMBL,CHEMBL3262618,test,JAK2
IC50,1010.0,CHEMBL2378977,CC(=O)N[C@@H]1CCc2ccc(Oc3cnc4[nH]cc(C(=O)NC(C)C)c4n3)cc21,,False,False,WISJHPKKVVBBCE-QGZVFWFLSA-N,6,JAK2_58595a79e9,curated_from_chembl_api,5.995679,ChEMBL,CHEMBL2376340,test,JAK2
IC50,3.0,CHEMBL1107753,COc1cc(-c2ccnc(Nc3ccc(N4CCOCC4)cc3)n2)ccc1O,,False,False,TVTOSNJQUDDNPC-UHFFFAOYSA-N,6,JAK2_1546723152,curated_from_chembl_api,8.522879,ChEMBL,CHEMBL1078274,test,JAK2
IC50,100000.0,CHEMBL3363474,CSc1nccc(-c2c(-c3ccc(F)cc3)nc3nc(-c4cn(CCP(=O)([O-])[O-])nn4)ccn23)n1.[Na+].[Na+],,False,False,CFRGENDBRVRDEV-UHFFFAOYSA-L,6,JAK2_dfa49262c4,curated_from_chembl_api,4.0,ChEMBL,CHEMBL3314275,test,JAK2
IC50,17.0,CHEMBL2383938,Cc1cc(Nc2nc(N[C@@H](C)c3ccc(F)cn3)c(F)c(N3CCN(C)CC3)n2)n[nH]1,,False,False,LIBIKEQDGUDLLZ-ZDUSSCGKSA-N,6,JAK2_441c44af85,curated_from_chembl_api,7.769551,ChEMBL,CHEMBL2381987,test,JAK2
IC50,15.0,CHEMBL3118240,C[C@H](Nc1nc(Nc2cn(C)cn2)c2cnn(C)c2n1)c1ncc(F)cn1,,False,False,LGZHHNWKOWOUKT-VIFPVBQESA-N,6,JAK2_dd66b2b5a2,curated_from_chembl_api,7.823909,ChEMBL,CHEMBL3116054,test,JAK2
IC50,6.0,CHEMBL1685409,Cc1cc(Nc2nc(N3CCN(C(=O)c4ccccc4C#N)CC3)nn3cccc23)n[nH]1,,False,False,WEOQBMCUCUCMON-UHFFFAOYSA-N,6,JAK2_10be027f63,curated_from_chembl_api,8.221849,ChEMBL,CHEMBL1682375,test,JAK2
IC50,2.0,CHEMBL1840262,NC(=O)c1cnc(N[C@H](C2CC2)C(F)(F)F)c2c1[nH]c1cc(-c3ccc(N)nc3)ccc12,,False,False,GOEHQYOOVNZIEI-LJQANCHMSA-N,6,JAK2_e05cc76b4d,curated_from_chembl_api,8.69897,ChEMBL,CHEMBL1835150,test,JAK2
IC50,4.0,CHEMBL1941383,CNC(=O)c1cnc(N)c2cc(-c3ccc(C(C)(C)C#N)cc3)sc12,,False,False,XISWHQQHCZRLLC-UHFFFAOYSA-N,6,JAK2_cc9087b35d,curated_from_chembl_api,8.39794,ChEMBL,CHEMBL1938653,test,JAK2
IC50,10000.0,CHEMBL1292866,Nc1nc(Nc2cccc(C(=O)O)c2)nn1C(=O)c1c(F)cccc1F,,False,False,NDUDLSAXSTVEQW-UHFFFAOYSA-N,6,JAK2_9baf94ff1d,curated_from_chembl_api,5.0,ChEMBL,CHEMBL1287910,test,JAK2
IC50,11.0,CHEMBL1840262,C[C@@H](Nc1ncc(C(N)=O)c2[nH]c3cc(-c4cnn(C)c4)ccc3c12)C1CC1,,False,False,FSHBEPXUOKWEBA-LLVKDONJSA-N,6,JAK2_55b1d45b03,curated_from_chembl_api,7.958607,ChEMBL,CHEMBL1835138,test,JAK2
IC50,10990.0,CHEMBL1613998,O=C1/C(=C/c2ccc(O)c(O)c2)SC(=S)N1Nc1ccccc1,,False,False,ATKORQIIELSXJL-ZROIWOOFSA-N,6,JAK2_e0376cef38,curated_from_chembl_api,4.959002,ChEMBL,CHEMBL1575649,test,JAK2
IC50,560.0,CHEMBL1044318,CCN(Cc1ccncc1)c1cc(-c2c(N)nn3cccnc23)ncn1,,False,False,XTSLTQZNZBRQCY-UHFFFAOYSA-N,6,JAK2_d9376c48d4,curated_from_chembl_api,6.251812,ChEMBL,CHEMBL569739,test,JAK2
IC50,1300.0,CHEMBL955790,O=c1[nH]cnc2[nH]c(-c3ccnc(/C=C/c4ccc(CN5CCOCC5)cc4)c3)cc12,,False,False,AWZFCQRICMFIES-AATRIKPKSA-N,6,JAK2_d030cbf822,curated_from_chembl_api,5.886057,ChEMBL,CHEMBL461139,test,JAK2
IC50,2550.0,CHEMBL1657171,CC(C)(O)C(=O)N1CCN(c2ccc(C(F)(F)F)c(C3=C(c4c[nH]c5ccccc45)C(=O)NC3=O)c2)CC1,,False,False,CLGRAWDGLMENOD-UHFFFAOYSA-N,6,JAK2_251d794f95,curated_from_chembl_api,5.59346,ChEMBL,CHEMBL1650951,test,JAK2
IC50,100.0,CHEMBL3131376,O=c1[nH]ccc2nc(NC3CC3)c3ccc(F)cc3c12,,False,False,XJOIAIYXLBIIDL-UHFFFAOYSA-N,6,JAK2_8697621f15,curated_from_chembl_api,7.0,ChEMBL,CHEMBL3126339,test,JAK2
IC50,80.0,CHEMBL3239499,Cc1cccc(Nc2sc(-c3cccc(F)c3F)cc2C(N)=O)n1,,False,False,TZVGQLGCOMURSY-UHFFFAOYSA-N,6,JAK2_c7558a5e17,curated_from_chembl_api,7.09691,ChEMBL,CHEMBL3234879,test,JAK2
IC50,131000.0,CHEMBL1011746,Nc1n[nH]c2cc(Br)ccc12,,False,False,WLDHNAMVDBASAW-UHFFFAOYSA-N,6,JAK2_af3f2ac33a,curated_from_chembl_api,3.882729,ChEMBL,CHEMBL501406,test,JAK2
IC50,105.0,CHEMBL3268711,N[C@H]1CCCC[C@H]1Nc1cc2nc[nH]c(=O)c2c(Nc2cccc3cc[nH]c23)n1,,False,False,JZLUCFJMWJDRIK-UONOGXRCSA-N,6,JAK2_3075d88d24,curated_from_chembl_api,6.978811,ChEMBL,CHEMBL3262356,test,JAK2
IC50,12.0,CHEMBL3118240,C[C@H](Nc1nc(Nc2cn(C)cn2)c2ccncc2n1)c1ncc(F)cn1,,False,False,CDGIMSOONKIVTM-JTQLQIEISA-N,6,JAK2_da4d3700bb,curated_from_chembl_api,7.920819,ChEMBL,CHEMBL3116065,test,JAK2
IC50,4768.0,CHEMBL1613998,CCCC(=O)N(C1CC(C)C(C#N)(C#N)C1(C#N)C#N)N(C)C,,False,False,QCESUACIVCNKOD-UHFFFAOYSA-N,5,JAK2_ea5f279bb0,curated_from_chembl_api,5.321664,ChEMBL,CHEMBL1450393,test,JAK2
IC50,1225.0,CHEMBL3268711,N[C@H]1CCCC[C@H]1Nc1cc2cc[nH]c(=O)c2c(Nc2cccc3c(Cl)c[nH]c23)n1,,False,False,DNNZXXBLUGPLSI-JKSUJKDBSA-N,6,JAK2_cd086afbf1,curated_from_chembl_api,5.911864,ChEMBL,CHEMBL3262623,test,JAK2
IC50,10000.0,CHEMBL1936520,CN1CCN(c2ccc(OC(F)(F)F)c(Nc3nccc(-c4cc5c(n4C)CCNC5=O)n3)c2)CC1,,False,False,CYXABCVHENZAID-UHFFFAOYSA-N,6,JAK2_24c0a54635,curated_from_chembl_api,5.0,ChEMBL,CHEMBL1933582,test,JAK2
IC50,48.0,CHEMBL1941383,CCNC(=O)c1cnc(N)c2cc(-c3ccc(N4CCOCC4)cc3)sc12,,False,False,MWEYUGKSUFPEAR-UHFFFAOYSA-N,6,JAK2_8bb1f44f4a,curated_from_chembl_api,7.318759,ChEMBL,CHEMBL1938644,test,JAK2
IC50,212.0,CHEMBL2415128,COc1ccc(-c2cccn3nc(Nc4ccc(C(=O)O)cc4)nc23)cc1,,False,False,YZUKESPJWCKIQZ-UHFFFAOYSA-N,6,JAK2_171dcf4f6c,curated_from_chembl_api,6.673664,ChEMBL,CHEMBL2414533,test,JAK2
IC50,46.0,CHEMBL3374493,Cc1ccc(Cl)cc1-c1[nH]c(-c2ccnc(N)n2)cc1C(=O)NC1CCN(C)CC1,,False,False,WNZGPMKWLNIIEW-UHFFFAOYSA-N,6,JAK2_fbddd8d0f0,curated_from_chembl_api,7.337242,ChEMBL,CHEMBL3330114,test,JAK2
IC50,3.0,CHEMBL1656588,C[C@H](Nc1ncc(F)c(Nc2cc(C3CC3)[nH]n2)n1)c1ncc(F)cn1,,False,False,PFXXPRYKFJNBAN-QMMMGPOBSA-N,6,JAK2_2b11517983,curated_from_chembl_api,8.522879,ChEMBL,CHEMBL1650698,test,JAK2
IC50,110.0,CHEMBL1840262,NC(=O)c1cnc(NC2CCCCC2)c2c1[nH]c1cccc(Cl)c12,,False,False,VYMXTTQKWUVBCN-UHFFFAOYSA-N,6,JAK2_6c93b9243c,curated_from_chembl_api,6.958607,ChEMBL,CHEMBL1835032,test,JAK2
IC50,1400.0,CHEMBL1291235,O=c1[nH]ccc2nc(NCc3ccncc3)c(-c3ccccc3)cc12,,False,False,KRBUNJKMPNSZEH-UHFFFAOYSA-N,6,JAK2_266ae9304d,curated_from_chembl_api,5.853872,ChEMBL,CHEMBL1289991,test,JAK2
IC50,220.0,CHEMBL1948620,FC(F)(F)CN1C/C=C/CCOc2cccc(c2)-c2ccnc(n2)Nc2ccc(OCCN3CCCC3)c(c2)C1,,False,True,TXTVDCLCTLZNTD-OWOJBTEDSA-N,18,JAK2_91a12e5b93,curated_from_chembl_api,6.657577,ChEMBL,CHEMBL1945822,test,JAK2
IC50,100000.0,CHEMBL3363474,CCOP(=O)(CCn1cc(-c2ccn3c(-c4ccnc(SC)n4)c(-c4ccc(F)cc4)nc3n2)nn1)OCC,,False,False,FBUBDEOFMHAIPS-UHFFFAOYSA-N,6,JAK2_bd9be69539,curated_from_chembl_api,4.0,ChEMBL,CHEMBL3314274,test,JAK2
IC50,59.0,CHEMBL1840262,NC(=O)c1cnc(NC2CCCCC2)c2c1[nH]c1ccccc12,,False,False,HQMGUKDCWLDRDK-UHFFFAOYSA-N,6,JAK2_53d90c9291,curated_from_chembl_api,7.229148,ChEMBL,CHEMBL1835030,test,JAK2
IC50,3.0,CHEMBL1043451,Cc1cc(Nc2cnc(C#N)c(N[C@@H](C)c3ncc(F)cn3)n2)n[nH]1,,False,False,PIRRYRRDDTYFPP-VIFPVBQESA-N,6,JAK2_4138d82a33,curated_from_chembl_api,8.522879,ChEMBL,CHEMBL570002,test,JAK2
IC50,250.0,CHEMBL3377596,NC(=O)c1cnn2cccc2c1NC1CCCC1,,False,False,ZBSVAMAKPQOWFS-UHFFFAOYSA-N,6,JAK2_f61ca4cf43,curated_from_chembl_api,6.60206,ChEMBL,CHEMBL3359911,test,JAK2
IC50,52.0,CHEMBL1044318,Nc1nn2cccnc2c1-c1cc(N[C@H]2CCc3ccccc32)ncn1,,False,False,XILUZFJBSJGJSN-AWEZNQCLSA-N,6,JAK2_f1b54aa680,curated_from_chembl_api,7.283997,ChEMBL,CHEMBL576476,test,JAK2
IC50,110.0,CHEMBL3377596,C[C@]1(CO)CCC[C@H]1Nc1c(C(N)=O)cnn2cccc12,,False,False,GATQRZORHMQKNV-IUODEOHRSA-N,6,JAK2_0b104b3e32,curated_from_chembl_api,6.958607,ChEMBL,CHEMBL3359924,test,JAK2
IC50,950.0,CHEMBL3268711,O=c1[nH]cnc2cc(N[C@@H]3CCCNC3)nc(Nc3cccc4cc[nH]c34)c12,,False,False,SYCNFZSLURHSBO-CYBMUJFWSA-N,6,JAK2_35db01c01b,curated_from_chembl_api,6.022276,ChEMBL,CHEMBL3262619,test,JAK2
IC50,5197.0,CHEMBL1613998,[O-][N+]1=c2ccc(Nc3ccccc3)cc2=NC12CCCCC2,,False,False,QEKYDTGXFOVMRB-UHFFFAOYSA-N,6,JAK2_af2894c914,curated_from_chembl_api,5.284247,ChEMBL,CHEMBL1318943,test,JAK2
IC50,18.0,CHEMBL3377596,C[C@]1(F)CCC[C@H]1Nc1c(C(N)=O)cnn2cccc12,,False,False,UPBRYBJZTWHUQK-RISCZKNCSA-N,6,JAK2_28d566642d,curated_from_chembl_api,7.744727,ChEMBL,CHEMBL3359927,test,JAK2
IC50,145300.0,CHEMBL1011746,Nc1n[nH]c2cc(-c3ccccc3)ccc12,,False,False,JVRYRQAVZOZLTL-UHFFFAOYSA-N,6,JAK2_e5e426679c,curated_from_chembl_api,3.837734,ChEMBL,CHEMBL446576,test,JAK2
IC50,21.0,CHEMBL1044318,C[C@H](Nc1cc(-c2c(N)nn3cccnc23)ncn1)c1ccccc1,,False,False,AKILHWBTOZTDGA-LBPRGKRZSA-N,6,JAK2_cad0757663,curated_from_chembl_api,7.677781,ChEMBL,CHEMBL576862,test,JAK2
IC50,3.0,CHEMBL1776838,Cc1cc(Nc2nc(N[C@@H](C)c3ccc(F)cn3)c(C#N)cc2Cl)n[nH]1,,False,False,DWBXDMFMVZHVSB-JTQLQIEISA-N,6,JAK2_9130ed79cb,curated_from_chembl_api,8.522879,ChEMBL,CHEMBL1773082,test,JAK2
IC50,110.0,CHEMBL1102770,COc1cc(Nc2nc3cccc(-c4ccccn4)c3o2)cc(OC)c1OC,,False,False,DEDZRYZURNCPPC-UHFFFAOYSA-N,6,JAK2_f5f8777571,curated_from_chembl_api,6.958607,ChEMBL,CHEMBL1081443,test,JAK2
IC50,44.0,CHEMBL3374493,CNCCNC(=O)c1cc(-c2ccnc(N)n2)[nH]c1-c1cc(Cl)ccc1C,,False,False,NKTCWCPLTZQABU-UHFFFAOYSA-N,6,JAK2_ac2faab9b4,curated_from_chembl_api,7.356547,ChEMBL,CHEMBL3330108,test,JAK2
IC50,490.0,CHEMBL3118993,CN(CCOc1cccc(NC2=C(c3c[nH]c4ccccc34)C(=O)NC2=O)c1)c1ccnc(F)c1,,False,False,SKJAPOHPBVKPHD-UHFFFAOYSA-N,6,JAK2_91727c62f5,curated_from_chembl_api,6.309804,ChEMBL,CHEMBL3114776,test,JAK2
IC50,720.0,CHEMBL1049518,Oc1ccc(C2Nc3ccccc3-c3ccnc4[nH]cc2c34)c(F)c1,,False,False,PKMVIZBIARMZQW-UHFFFAOYSA-N,7,JAK2_645b775a07,curated_from_chembl_api,6.142668,ChEMBL,CHEMBL602183,test,JAK2
IC50,18.0,CHEMBL2378515,CCn1cc(-c2cnc3[nH]cc(C(=O)N[C@H](C)C(=O)N4CC(C#N)C4)c3n2)cn1,,False,False,VFFSAQXTKFQKMB-LLVKDONJSA-N,6,JAK2_5ba0b26a20,curated_from_chembl_api,7.744727,ChEMBL,CHEMBL2376142,test,JAK2
IC50,615.0,CHEMBL3374493,NC(=O)c1cc(-c2ccnc(N)n2)[nH]c1-c1ccccc1Cl,,False,False,KRVBJEQIVDIUNS-UHFFFAOYSA-N,6,JAK2_e84f14e6dd,curated_from_chembl_api,6.211125,ChEMBL,CHEMBL3330101,test,JAK2
IC50,4217.0,CHEMBL1613998,COc1cccc(F)c1C(C[N+](=O)[O-])c1c(N)n(C)c(=O)n(C)c1=O,,False,False,DQAXUFHBWMQUGP-UHFFFAOYSA-N,6,JAK2_f7fbe8bb1c,curated_from_chembl_api,5.374996,ChEMBL,CHEMBL1466593,test,JAK2
IC50,40900.0,CHEMBL1011746,Nc1n[nH]c2ccc(Br)cc12,,False,False,OMPYFDJVSAMSMA-UHFFFAOYSA-N,6,JAK2_2155a1b6b6,curated_from_chembl_api,4.388277,ChEMBL,CHEMBL465091,test,JAK2
IC50,40000.0,CHEMBL1036442,COc1nc(C)cc2c1-c1[nH]c3ccccc3c1CCN2CCc1ccccc1,,False,False,OUYFJAPLMHCKHR-UHFFFAOYSA-N,7,JAK2_57c57b908a,curated_from_chembl_api,4.39794,ChEMBL,CHEMBL563555,test,JAK2
IC50,5.0,CHEMBL1102456,N#Cc1ccc2ncn(-c3ncc4[nH]c(=O)n([C@@H]5CCOc6c(F)cccc65)c4n3)c2c1,,False,False,XJWGKOBGZZIMAU-QGZVFWFLSA-N,6,JAK2_f59a16ca04,curated_from_chembl_api,8.30103,ChEMBL,CHEMBL1079594,test,JAK2
IC50,100000.0,CHEMBL3363474,C[C@H](Nc1nccc(-c2c(-c3ccc(F)cc3)nc3nc(N)ccn23)n1)c1ccccc1,,False,False,VIZCCOPDAKHRKH-HNNXBMFYSA-N,6,JAK2_33d39d88ec,curated_from_chembl_api,4.0,ChEMBL,CHEMBL3120970,test,JAK2
IC50,3.0,CHEMBL3131376,O=c1[nH]ccc2c(Nc3c(Cl)cc(OC(F)(F)F)cc3Cl)nc3ccncc3c12,,False,False,XVFQKMDYUHFDTQ-UHFFFAOYSA-N,6,JAK2_3a72ae39e0,curated_from_chembl_api,8.522879,ChEMBL,CHEMBL3126343,test,JAK2
IC50,150.0,CHEMBL1948620,N#CCN1C/C=C/CCOc2cccc(c2)-c2ccnc(n2)Nc2ccc(OCCN3CCCC3)c(c2)C1,,False,True,AKCFVJMKEAGVQZ-OWOJBTEDSA-N,18,JAK2_e1c49205c8,curated_from_chembl_api,6.823909,ChEMBL,CHEMBL1945823,test,JAK2
IC50,58.0,CHEMBL1941383,CNC(=O)c1cnc(N)c2cc(-c3ccccc3)sc12,,False,False,VKVXEWNGPFYOGR-UHFFFAOYSA-N,6,JAK2_5f62e30391,curated_from_chembl_api,7.236572,ChEMBL,CHEMBL1938649,test,JAK2
IC50,2.0,CHEMBL1107753,CS(=O)(=O)Nc1ccc(-c2ccnc(Nc3ccc(CN4CCS(=O)(=O)CC4)cc3)n2)cc1,,False,False,NPIJYPKOHBKMAM-UHFFFAOYSA-N,6,JAK2_0745eb1ac4,curated_from_chembl_api,8.69897,ChEMBL,CHEMBL1078889,test,JAK2
IC50,3.0,CHEMBL1656588,Cc1cc(Nc2nc(N[C@@H](C)c3ncc(F)cn3)nc(N3CCOCC3)c2Cl)n[nH]1,,False,False,WTMZMIXYYDZHKB-NSHDSACASA-N,6,JAK2_c4e3138137,curated_from_chembl_api,8.522879,ChEMBL,CHEMBL1650734,test,JAK2
IC50,31.0,CHEMBL2415128,O=C(O)c1ccc(Nc2nc3c(-c4cnn(C5CCCCC5)c4)cccn3n2)cc1,,False,False,ILLVVCCWYJBGMD-UHFFFAOYSA-N,6,JAK2_e50306a9df,curated_from_chembl_api,7.508638,ChEMBL,CHEMBL2414541,test,JAK2
IC50,550.0,CHEMBL910182,CN(C)[C@H]1CCCN(c2ccc(C(F)(F)F)cc2NC(=O)c2cc(C#Cc3cnc(N)nc3)ccc2F)C1,,False,False,GMVQPWCWWLPOQT-FQEVSTJZSA-N,6,JAK2_d22d2e2cb0,curated_from_chembl_api,6.259637,ChEMBL,CHEMBL386637,test,JAK2
IC50,155.0,CHEMBL3239499,Cc1cccc(Nc2sc(-c3cccc(F)c3)cc2C(N)=O)n1,,False,False,SEJJQNQCXGAZTA-UHFFFAOYSA-N,6,JAK2_8d7562cae6,curated_from_chembl_api,6.809668,ChEMBL,CHEMBL3234882,test,JAK2
IC50,3.0,CHEMBL3118240,CC(Nc1nc(Nc2cn(C)cn2)c2ccc(Cl)nc2n1)c1ncc(F)cn1,,False,False,KKRWFGBMTXVZCB-UHFFFAOYSA-N,6,JAK2_3bd770708d,curated_from_chembl_api,8.522879,ChEMBL,CHEMBL3116063,test,JAK2
IC50,911.0,CHEMBL3363474,O=c1cc(-c2[nH]c(-c3ccc(O)cc3)nc2-c2ccc(F)cc2)cc[nH]1,,False,False,PHJQPCSZIMNJGO-UHFFFAOYSA-N,6,JAK2_4c7527667c,curated_from_chembl_api,6.040482,ChEMBL,CHEMBL3314281,test,JAK2
IC50,8.7,CHEMBL2214787,C[C@H](N)C(=O)Nc1ccc(-c2ccnc(Nc3ccc(N4CCOCC4)cc3)n2)cc1,,False,False,DHNKBAKGYDFYFP-INIZCTEOSA-N,6,JAK2_2ff148ba0e,curated_from_chembl_api,8.060481,ChEMBL,CHEMBL2208031,test,JAK2
IC50,4891.0,CHEMBL886500,CC(C)Nc1ncnc2oc(-c3ccc(OCCN4CCCC4)cc3)c(-c3ccccc3)c12,,False,False,SSVDSZIWJBBCNN-UHFFFAOYSA-N,6,JAK2_e70992e983,curated_from_chembl_api,5.310602,ChEMBL,CHEMBL247866,test,JAK2
IC50,1.6,CHEMBL1926252,CN1CCN(c2ccc(Nc3ncc4ccc(-c5ccccc5N(C)S(C)(=O)=O)n4n3)cc2)CC1,,False,False,XFXOOLLVYYZWQL-UHFFFAOYSA-N,6,JAK2_777ae6093b,curated_from_chembl_api,8.79588,ChEMBL,CHEMBL1821735,test,JAK2
IC50,104.0,CHEMBL2214787,CC(=O)Nc1ccc(-c2ccnc(NCCCNC(=O)c3c(Cl)cccc3Cl)n2)cc1,,False,False,JWRXOIAKTAXUHC-UHFFFAOYSA-N,6,JAK2_92e1603cc3,curated_from_chembl_api,6.982967,ChEMBL,CHEMBL2207761,test,JAK2
IC50,370.0,CHEMBL1011746,Nc1n[nH]c2ccc(-c3ccccc3Cl)cc12,,False,False,XKAXPZKYFSNGLW-UHFFFAOYSA-N,6,JAK2_7c83eaf384,curated_from_chembl_api,6.431798,ChEMBL,CHEMBL498859,test,JAK2
IC50,533.0,CHEMBL1107753,N#Cc1ccc(-c2ccnc(Nc3ccc(N4CCOCC4)cc3)n2)cc1,,False,False,VQZIREYXUVLDGO-UHFFFAOYSA-N,6,JAK2_9a8152ce7e,curated_from_chembl_api,6.273273,ChEMBL,CHEMBL1078984,test,JAK2
IC50,4.6,CHEMBL1685409,Cc1cc(Nc2nc(N3CCN(C(=O)Cc4ccccc4F)CC3)nn3cccc23)n[nH]1,,False,False,XAWQBFNSUIBUSA-UHFFFAOYSA-N,6,JAK2_36f756e547,curated_from_chembl_api,8.337242,ChEMBL,CHEMBL1682383,test,JAK2
IC50,980.0,CHEMBL2214787,CC(=O)Nc1ccc(-c2cc(C)nc(Nc3ccc(N4CCOCC4)cc3)n2)cc1,,False,False,JGFGFZXZKZEVDQ-UHFFFAOYSA-N,6,JAK2_08c650d72e,curated_from_chembl_api,6.008774,ChEMBL,CHEMBL2208030,test,JAK2
IC50,4.0,CHEMBL2383938,Cc1cc(Nc2nc(O[C@@H](C)c3ccc(F)cn3)c(F)c(N3CCOCC3)n2)n[nH]1,,False,False,CYEHXFRTKYDPLR-LBPRGKRZSA-N,6,JAK2_41f05c4fc6,curated_from_chembl_api,8.39794,ChEMBL,CHEMBL2381982,test,JAK2
IC50,106700.0,CHEMBL1227372,O=C(CCc1cn(Cc2ccc(Cl)cc2)c2ccccc12)Nc1ccc([N+](=O)[O-])cc1,,False,False,JJPXEFKUBDVJJP-UHFFFAOYSA-N,6,JAK2_a380b37e44,curated_from_chembl_api,3.971836,ChEMBL,CHEMBL1221633,test,JAK2
IC50,322.0,CHEMBL1107753,Nc1cccc(-c2ccnc(Nc3ccc(N4CCOCC4)cc3)n2)c1,,False,False,SQEREIXEURLXJM-UHFFFAOYSA-N,6,JAK2_a0a529af44,curated_from_chembl_api,6.492144,ChEMBL,CHEMBL1079689,test,JAK2
IC50,49.0,CHEMBL1948620,CN1C/C=C/CCOc2cccc(c2)-c2ccnc(n2)Nc2ccc(N3CCOCC3)c(c2)C1,,False,True,AKRNFKRFCXLYGZ-NSCUHMNNSA-N,18,JAK2_7fafbd97b3,curated_from_chembl_api,7.309804,ChEMBL,CHEMBL1945569,test,JAK2
IC50,16.0,CHEMBL1936085,COc1cccnc1-c1ccc2cnc(Nc3ccc(C4CCN(CC(N)=O)CC4)cc3)nn12,,False,False,SYEQKNIMSSBEHO-UHFFFAOYSA-N,6,JAK2_bb59505934,curated_from_chembl_api,7.79588,ChEMBL,CHEMBL1934345,test,JAK2
IC50,100000.0,CHEMBL3363474,Cn1c(-c2c[nH]nn2)nc(-c2ccc(F)cc2)c1-c1ccncc1,,False,False,JGMBDYVHJQPCAG-UHFFFAOYSA-N,6,JAK2_ebabd2162e,curated_from_chembl_api,4.0,ChEMBL,CHEMBL3120960,test,JAK2
IC50,330.0,CHEMBL2184201,COc1ccc2cc1-c1ccnc(n1)Nc1ccc(OCCN3CCCC3)c(c1)COCC=CCOC2,,False,True,HGLAHGCWAJXFPU-UHFFFAOYSA-N,18,JAK2_4f6cca3ffb,curated_from_chembl_api,6.481486,ChEMBL,CHEMBL2181311,test,JAK2
IC50,2130.0,CHEMBL3118993,O=C1NC(=O)C(c2c[nH]c3ccccc23)=C1Nc1cccc(OCCNc2ccnc(F)c2)c1,,False,False,SUEDYPJQGIJAGG-UHFFFAOYSA-N,6,JAK2_f0afeb2563,curated_from_chembl_api,5.67162,ChEMBL,CHEMBL3114774,test,JAK2
IC50,17.0,CHEMBL2184201,Fc1cnc2nc1-c1cccc(c1)COCC=CCOCc1cc(ccc1OCCN1CCCC1)N2,,False,True,UOVGPFNJJWXQBV-UHFFFAOYSA-N,18,JAK2_4d87107920,curated_from_chembl_api,7.769551,ChEMBL,CHEMBL2181310,test,JAK2
IC50,0.3,CHEMBL1926252,COc1ccc(-c2ccc3cnc(Nc4ccc(N5CCN(C)CC5)cc4)nn23)cn1,,False,False,AUBMHGIYZLILEO-UHFFFAOYSA-N,6,JAK2_4c8ff71131,curated_from_chembl_api,9.522879,ChEMBL,CHEMBL1923588,test,JAK2
IC50,124.0,CHEMBL908418,COC[C@H](C)Nc1ccnc(-n2cnc3ccc(C#N)cc32)n1,,False,False,KAMXIOXHEJUOEK-NSHDSACASA-N,6,JAK2_3b0ff69632,curated_from_chembl_api,6.906578,ChEMBL,CHEMBL221912,test,JAK2
IC50,3759.0,CHEMBL1613998,CC(C)(C)c1cc(NC(=O)CCl)n(-c2ccccc2)n1,,False,False,LJYKWBIMPOHGAE-UHFFFAOYSA-N,6,JAK2_9fa3a7a49a,curated_from_chembl_api,5.424928,ChEMBL,CHEMBL1525669,test,JAK2
IC50,52.0,CHEMBL1840262,C[C@H](Nc1ncc(C(N)=O)c2[nH]c3ccc(F)cc3c12)C(C)(C)C,,False,False,IIQLKSGKWYUBGL-VIFPVBQESA-N,6,JAK2_c931cd8e42,curated_from_chembl_api,7.283997,ChEMBL,CHEMBL1835020,test,JAK2
IC50,2000.0,CHEMBL957083,CCOc1ccn(-c2ccc(F)cc2)c(=O)c1C(=O)Nc1ccc(Oc2ccnc(N)c2Cl)c(F)c1,,False,False,VNBRGSXVFBYQNN-UHFFFAOYSA-N,6,JAK2_72b18e0e30,curated_from_chembl_api,5.69897,ChEMBL,CHEMBL460702,test,JAK2
IC50,100000.0,CHEMBL3363474,C#Cc1ccc(-c2nc(-c3ccc(F)cc3)c(-c3ccnc(SC)n3)[nH]2)cc1,,False,False,KUAJRXFNWLHITE-UHFFFAOYSA-N,6,JAK2_75b2a74d8c,curated_from_chembl_api,4.0,ChEMBL,CHEMBL3314286,test,JAK2
IC50,36.0,CHEMBL3239499,Cc1cccc(Nc2sc(-c3ccccc3F)cc2C(N)=O)n1,,False,False,LVLRUUAOYVXFQO-UHFFFAOYSA-N,6,JAK2_5de2b7a63e,curated_from_chembl_api,7.443697,ChEMBL,CHEMBL3233031,test,JAK2
IC50,1.0,CHEMBL704109,CC(C)(C)c1nc2c3ccc(F)cc3c3c(=O)[nH]ccc3c2[nH]1,,False,False,VNDWQCSOSCCWIP-UHFFFAOYSA-N,6,JAK2_071bd53e13,curated_from_chembl_api,9.0,ChEMBL,CHEMBL21156,test,JAK2
IC50,10000.0,CHEMBL2064935,Nc1ncnn2ccc(C(=O)Nc3ccc(NC(=O)Nc4cccc(F)c4)cc3)c12,,False,False,DASFSPDIWCMVRW-UHFFFAOYSA-N,6,JAK2_130b76deb6,curated_from_chembl_api,5.0,ChEMBL,CHEMBL1990583,test,JAK2
IC50,62.0,CHEMBL1948620,COCCOc1ccc2cc1CN(C)C/C=C/CCOc1cccc(c1)-c1ccnc(n1)N2,,False,True,PHIBUDNSTRRWNP-ONEGZZNKSA-N,18,JAK2_b49a7e665d,curated_from_chembl_api,7.207608,ChEMBL,CHEMBL1945565,test,JAK2
IC50,51.0,CHEMBL908418,C[C@H](Nc1ccnc(-n2cnc3ccncc32)n1)c1ccc(Cl)cc1,,False,False,YHZMGOWCNDVVNF-LBPRGKRZSA-N,6,JAK2_25b9be50fa,curated_from_chembl_api,7.29243,ChEMBL,CHEMBL218746,test,JAK2
IC50,4.0,CHEMBL3118240,Cc1csc2c(Nc3cn(C)cn3)nc(N[C@@H](C)c3ncc(F)cn3)nc12,,False,False,DVWTWOHVDUVPJV-JTQLQIEISA-N,6,JAK2_e41eb8fd4a,curated_from_chembl_api,8.39794,ChEMBL,CHEMBL3116056,test,JAK2
IC50,1.0,CHEMBL1840262,NC(=O)c1cnc(NC(C2CC2)C2CC2)c2c1[nH]c1cc(-c3cnc(N)nc3)ccc12,,False,False,HBDARCLZIJMRIA-UHFFFAOYSA-N,6,JAK2_7888931f4a,curated_from_chembl_api,9.0,ChEMBL,CHEMBL1833986,test,JAK2
IC50,1.0,CHEMBL1941383,CNC(=O)c1cnc(N)c2cc(-c3ccc(S(=O)(=O)NC(C)(C)C)cc3)sc12,,False,False,FVVCSMCEMMLEGG-UHFFFAOYSA-N,6,JAK2_d95b4cdfb1,curated_from_chembl_api,9.0,ChEMBL,CHEMBL1938654,test,JAK2
IC50,2113.0,CHEMBL1613998,CCCCCCN(C(=O)CCl)c1ccccc1,,False,False,SMNOCVUFCBKAEU-UHFFFAOYSA-N,6,JAK2_cf1406226a,curated_from_chembl_api,5.675101,ChEMBL,CHEMBL1379604,test,JAK2
IC50,4.0,CHEMBL1044318,CCN(CC(F)(F)F)C(=O)C1CCCN(c2cc(-c3c(N)nn4cccnc34)ncn2)C1,,False,False,YQIGPSHQXOMOQQ-UHFFFAOYSA-N,6,JAK2_7170569dc6,curated_from_chembl_api,8.39794,ChEMBL,CHEMBL569092,test,JAK2
IC50,100000.0,CHEMBL3363474,Cn1c(-c2cn([C@@H]3[C@@H](O)[C@H](O)[C@@H](CO)O[C@H]3O)nn2)nc(-c2ccc(F)cc2)c1-c1ccncc1,,False,False,OXLSSSLDAPCKMJ-DSKKVCCRSA-N,6,JAK2_45cc532020,curated_from_chembl_api,4.0,ChEMBL,CHEMBL3314270,test,JAK2
IC50,5.0,CHEMBL1941383,CC(C)(C)NS(=O)(=O)c1ccc(-c2cc3c(N)ncc(C(=O)NCCN4CCCCC4)c3s2)cc1,,False,False,LBLDKNCNFRSBBM-UHFFFAOYSA-N,6,JAK2_42d4d2b240,curated_from_chembl_api,8.30103,ChEMBL,CHEMBL1938658,test,JAK2
IC50,12.0,CHEMBL908418,COc1ccc(-c2cc(N[C@@H](C)c3ccccc3)nc(-n3cnc4ccncc43)n2)cc1OC,,False,False,QRAUCOBDQSCEDZ-KRWDZBQOSA-N,6,JAK2_7c29e69302,curated_from_chembl_api,7.920819,ChEMBL,CHEMBL220483,test,JAK2
IC50,53.6,CHEMBL2415128,COc1cccc(-c2cccc3nc(Nc4ccc(N5CCN(C)CC5)cc4)nn23)c1,,False,False,WBJPWZBTANRGTP-UHFFFAOYSA-N,6,JAK2_c096612cb1,curated_from_chembl_api,7.270835,ChEMBL,CHEMBL2414546,test,JAK2
IC50,76.7,CHEMBL2329570,C[C@H](NC(=O)c1c[nH]c2ncc(C3CC3)nc12)C(C)(C)O,,False,False,ODYYFDDUIDLRBK-QMMMGPOBSA-N,6,JAK2_b207202af8,curated_from_chembl_api,7.115205,ChEMBL,CHEMBL2325904,test,JAK2
IC50,120.0,CHEMBL2184201,CC(=O)N1CCN(c2ccc3cc2COCC=CCOCc2cccc(c2)-c2ccnc(n2)N3)CC1,,False,True,CYHMFOWPBLLTPY-UHFFFAOYSA-N,18,JAK2_3946ef17a2,curated_from_chembl_api,6.920819,ChEMBL,CHEMBL2181325,test,JAK2
IC50,0.9,CHEMBL2067611,CS(=O)(=O)c1ccc(-c2cccn3nc(Nc4ccc(N5CCOCC5)cc4)nc23)cc1,,False,False,UUVZHZJBZYONMR-UHFFFAOYSA-N,6,JAK2_c5ba052617,curated_from_chembl_api,9.045757,ChEMBL,CHEMBL2062803,test,JAK2
IC50,6.3,CHEMBL1936085,NC(=O)CN1CCC(c2ccc(Nc3ncc4ccc(-c5cccc6cccnc56)n4n3)cc2)CC1,,False,False,SMOLATMZTWOLFX-UHFFFAOYSA-N,6,JAK2_6635ff8a33,curated_from_chembl_api,8.200659,ChEMBL,CHEMBL1934351,test,JAK2
