mol_id,source,source_id,canonical_smiles,inchikey,activity_type,activity_value_nM,p_activity,target,assay_id,confidence_score,max_ring_size,has_macrocycle_12_20,has_constrained_ring_8_11,split,notes
PREMAC_23e5646a75,ChEMBL_macrocycle_scan,CHEMBL29490,c1ccc(CNCCCCCN2CCCN(CCCCCNCc3ccccc3)CCN(CCCCCNCc3ccccc3)CCCN(CCCCCNCc3ccccc3)CC2)cc1,ZOBFQWCDUQPBHF-UHFFFAOYSA-N,,,,broad_macrocycle_pretrain,,,14,True,False,pretrain_train,pretraining_macrocycle; max_phase=None
PREMAC_bcf9dee9a6,ChEMBL_macrocycle_scan,CHEMBL293593,CO/C1=C\C(C)=C\[C@@H](C)[C@@H](O)[C@@H](C)C/C(C)=C/C=C/[C@H](OC)[C@@H]([C@@H](C)[C@@H](O)[C@H](C)[C@@]2(O)C[C@@H](C(=O)OCNC(=O)OCC3c4ccccc4-c4ccccc43)[C@H](C)[C@@H](C(C)C)O2)OC1=O,MQMAMLAYZKLECG-GNCAUCCPSA-N,,,,broad_macrocycle_pretrain,,,16,True,False,pretrain_train,pretraining_macrocycle; max_phase=None
PREMAC_039f0d6d38,ChEMBL_macrocycle_scan,CHEMBL412392,CCOc1ccc(C[C@H]2NC(=O)CC(CC)(CC)SSC[C@H](C(=O)N3CCC[C@H]3C(=O)N[C@H](CCCN=C(N)N)C(N)=O)NC(=O)[C@@H](CC(N)=O)NC(=O)[C@H](C(C)C)NC(=O)[C@@H](Cc3ccccc3)NC2=O)cc1,HAUODKFSJGOVIN-FYPSOLLUSA-N,,,,broad_macrocycle_pretrain,,,20,True,False,pretrain_train,pretraining_macrocycle; max_phase=None
PREMAC_ecc28db5b9,ChEMBL_macrocycle_scan,CHEMBL24761,CNC(=O)[C@@H]1CCCCN(S(=O)(=O)c2ccccc2)CCC[C@H](C(=O)NO)[C@@H](CC(C)C)C(=O)N1,HLOJKFSLAAGGSY-HBMCJLEFSA-N,,,,broad_macrocycle_pretrain,,,13,True,False,pretrain_train,pretraining_macrocycle; max_phase=None
PREMAC_0a00d50fe1,ChEMBL_macrocycle_scan,CHEMBL305863,CCCCCC[C@H]1OC(=O)CNC(=O)[C@@H]([C@H](C)OC)NC(=O)[C@H](CO)NC(=O)[C@H]([C@H](C)CC)NC(=O)[C@H](CC(C)C)N(C)C(=O)[C@@H]1C,PZHGRXQELWBQEP-OJHCMSPFSA-N,,,,broad_macrocycle_pretrain,,,19,True,False,pretrain_train,pretraining_macrocycle; max_phase=None
PREMAC_5700bfcbed,ChEMBL_macrocycle_scan,CHEMBL295999,CC[C@H]1OC(=O)/C(C)=C/[C@H](C)[C@@H](O[C@@H]2O[C@H](C)C[C@H](N(C)C)[C@H]2O)[C@@](C)(OC)C[C@@H](C)[C@@H]2NCCN3C(=O)O[C@@]1(C)[C@H]3[C@H]2C,ZSXFSOAHDGQXOT-UKFDWBBOSA-N,,,,broad_macrocycle_pretrain,,,14,True,False,pretrain_train,pretraining_macrocycle; max_phase=None
PREMAC_bea23dabfc,ChEMBL_macrocycle_scan,CHEMBL63956,CC[C@H](C)[C@H]1O[C@]2(CC[C@@H]1C)C[C@@H]1C[C@@H](C/C=C(\C)[C@@H](O[C@@H]3C[C@@H](OC)[C@H](O[C@@H]4C[C@@H](OC)[C@H](O)[C@@H](C)O4)[C@@H](C)O3)[C@@H](C)/C=C/C=C3\COC4[C@H](O)C(C)=C[C@@H](C(=O)O1)[C@]34O)O2,AZSNMRSAGSSBNP-KCHNCZCCSA-N,,,,broad_macrocycle_pretrain,,,16,True,False,pretrain_train,pretraining_macrocycle; max_phase=None
PREMAC_316ba023a3,ChEMBL_macrocycle_scan,CHEMBL305063,CC(C)[C@@H]1NC(=O)/C=C\CCCCCOc2ccc(cc2)C[C@@H]([C@H](O)CN2CC3CCCCC3C[C@H]2C(=O)NC(C)(C)C)NC1=O,VANGMTGZZOAFPM-SRUULYKESA-N,,,,broad_macrocycle_pretrain,,,19,True,False,pretrain_train,pretraining_macrocycle; max_phase=None
PREMAC_e41102343b,ChEMBL_macrocycle_scan,CHEMBL18734,CN1C(=O)c2ccccc2SSc2ccccc2NC(=O)[C@H](CC(=O)O)NC(=O)CNC(=O)[C@@H]1CCCN=C(N)N,YITSCMGHJOGUNC-ROUUACIJSA-N,,,,broad_macrocycle_pretrain,,,17,True,False,pretrain_train,pretraining_macrocycle; max_phase=None
PREMAC_2f72745443,ChEMBL_macrocycle_scan,CHEMBL431373,N=C(N)NCCC[C@@H]1NC(=O)c2cccc(c2)CSC[C@@H](C(=O)O)NC(=O)[C@H](CC(=O)O)NC(=O)CNC1=O,GJTFLSXWEKTYAH-JYJNAYRXSA-N,,,,broad_macrocycle_pretrain,,,18,True,False,pretrain_train,pretraining_macrocycle; max_phase=None
PREMAC_86a12272f2,ChEMBL_macrocycle_scan,CHEMBL433450,CC[C@H]1OC(=O)C[C@@H](O)[C@H](C)[C@@H](O[C@@H]2O[C@H](C)[C@@H](O)[C@H](N(C)C)[C@H]2O)[C@@H](CCOc2cccc(N(C)C)c2)C[C@@H](C)C(=O)/C=C/C(C)=C/[C@@H]1CO[C@@H]1O[C@H](C)[C@@H](O)[C@@H](OC)[C@H]1OC,JRUAHJDDIFIXLT-XAKBQOEISA-N,,,,broad_macrocycle_pretrain,,,16,True,False,pretrain_train,pretraining_macrocycle; max_phase=None
PREMAC_ac6939b649,ChEMBL_macrocycle_scan,CHEMBL297210,CC[C@H]1OC(=O)/C(C)=C/[C@H](C)[C@@H](O[C@@H]2O[C@H](C)C[C@H](N(C)C)[C@H]2O)[C@@](C)(OC)C[C@@H](C)C(=O)[C@H](C)[C@H]2N(CCCOc3ccc(Cl)cc3)C(=O)O[C@]12C,QDGSUWPWTCTCTP-ZBEQBWKJSA-N,,,,broad_macrocycle_pretrain,,,14,True,False,pretrain_train,pretraining_macrocycle; max_phase=None
PREMAC_4e7176c188,ChEMBL_macrocycle_scan,CHEMBL406756,CC[C@H]1OC(=O)/C(C)=C/[C@H](C)[C@@H](O[C@@H]2O[C@H](C)C[C@H](N(C)C)[C@H]2O)[C@@](C)(OC)C[C@@H](C)C(=O)[C@H](C)[C@H]2N(NCCCc3cccc(N)c3)C(=O)O[C@]12C,UPRSRWGSHXPXNK-GZXMRBOCSA-N,,,,broad_macrocycle_pretrain,,,14,True,False,pretrain_train,pretraining_macrocycle; max_phase=None
PREMAC_3a55dada84,ChEMBL_macrocycle_scan,CHEMBL266678,COc1ccc(C[C@H]2NC(=O)/C=C/C[C@@H]([C@@](C)(O)C#Cc3ccccc3)OC(=O)[C@H](CC(C)C)OC(=O)CCNC2=O)cc1,ZXAJDPZZIZWYET-UNKATRCSSA-N,,,,broad_macrocycle_pretrain,,,16,True,False,pretrain_train,pretraining_macrocycle; max_phase=None
PREMAC_66c1b1c990,ChEMBL_macrocycle_scan,CHEMBL296045,CC[C@H]1OC(=O)/C(C)=C/[C@H](C)[C@@H](O[C@@H]2O[C@H](C)C[C@H](N(C)C)[C@H]2O)[C@@](C)(OC)C[C@@H](C)C(=O)[C@H](C)[C@H]2N(CCCOc3ccccc3)C(=O)O[C@]12C,ZGWKVQBRWMOTAV-CFHZJCBUSA-N,,,,broad_macrocycle_pretrain,,,14,True,False,pretrain_train,pretraining_macrocycle; max_phase=None
PREMAC_56c17d218d,ChEMBL_macrocycle_scan,CHEMBL300004,CC[C@H]1OC(=O)[C@H](C)[C@@H](O[C@H]2C[C@@](C)(OC)[C@@H](O)[C@H](C)O2)[C@H](C)[C@@H](O[C@@H]2O[C@H](C)C[C@H](N(C)C)[C@H]2O)[C@@]2(C)CC(C)=C(O2)[C@H](C)[C@@H](O)[C@]1(C)O,JFVYXJKGJMUGRG-KJPZRSJGSA-N,,,,broad_macrocycle_pretrain,,,13,True,False,pretrain_train,pretraining_macrocycle; max_phase=None
PREMAC_0f8c1a86ef,ChEMBL_macrocycle_scan,CHEMBL311727,CC[C@H]1NC(=O)[C@H](NC(=O)[C@@H](NC(=O)[C@H](CO)NC(=O)[C@@H](N)Cc2ccc(O)cc2)[C@@H](C)O)CSC(=O)[C@@H](CCSC)NC(=O)[C@@H]([C@@H](C)CC)NC(=O)[C@@H](Cc2ccccc2)NC1=O,BOWAMPLNHPWOMR-FHPBUMDNSA-N,,,,broad_macrocycle_pretrain,,,16,True,False,pretrain_train,pretraining_macrocycle; max_phase=None
PREMAC_f1dcb3ce2e,ChEMBL_macrocycle_scan,CHEMBL441164,CN[C@H](Cc1ccccc1)C(=O)N[C@H]1CSSC(C)(C)[C@@H](C(=O)N[C@H](C(N)=O)[C@@H](C)O)NC(=O)[C@H]([C@@H](C)O)NC(=O)[C@H](CCCN)NC(=O)[C@H](Cc2c[nH]c3ccccc23)NC(=O)[C@H](Cc2ccc(O)cc2)NC1=O,UDIQZIJXCIABQJ-JHLIUKOASA-N,,,,broad_macrocycle_pretrain,,,20,True,False,pretrain_train,pretraining_macrocycle; max_phase=None
PREMAC_31534a1749,ChEMBL_macrocycle_scan,CHEMBL296332,CC[C@H]1OC(=O)/C(C)=C/[C@H](C)[C@@H](O[C@@H]2O[C@H](C)C[C@H](N(C)C)[C@H]2O)[C@@](C)(OC)C[C@@H](C)C(=O)[C@H](C)[C@H]2N(Cc3ccccc3)C(=O)O[C@]12C,UYXSXTIPTNZPII-UCOZVZGJSA-N,,,,broad_macrocycle_pretrain,,,14,True,False,pretrain_train,pretraining_macrocycle; max_phase=None
PREMAC_632d22ae7f,ChEMBL_macrocycle_scan,CHEMBL303204,CC(C)C[C@@H]1NC(=O)[C@H](C(C)C)NC(=O)[C@H](C)N(C)C(=O)[C@H](CC(=O)O)NC(=O)[C@@H](Cc2c[nH]c3ccccc23)NC1=O,KSMSPMKPVAUQAX-UMPHLXDOSA-N,,,,broad_macrocycle_pretrain,,,15,True,False,pretrain_train,pretraining_macrocycle; max_phase=None
PREMAC_58d773012e,ChEMBL_macrocycle_scan,CHEMBL65606,C[n+]1ccc(-c2c3nc(c(-c4cc[n+](C)cc4)c4ccc([nH]4)c(-c4cc[n+](C)cc4)c4ccc([nH]4)c(-c4cc[n+](C)cc4)c4nc2C=C4)C=C3)cc1,ABCGFHPGHXSVKI-UHFFFAOYSA-O,,,,broad_macrocycle_pretrain,,,16,True,False,pretrain_train,pretraining_macrocycle; max_phase=None
PREMAC_8b11cedc47,ChEMBL_macrocycle_scan,CHEMBL17240,CC1(C)CCNC(=O)[C@@H](NC(=O)[C@@H](N)Cc2ccc(O)cc2)CSSC[C@@H](C(=O)O)NC1=O,JIXSLEDAECILOI-JYJNAYRXSA-N,,,,broad_macrocycle_pretrain,,,13,True,False,pretrain_train,pretraining_macrocycle; max_phase=None
PREMAC_2997fbe773,ChEMBL_macrocycle_scan,CHEMBL290242,CC[C@H]1OC(=O)[C@H](C)[C@@H](O[C@H]2C[C@@](C)(OC)[C@@H](O)[C@H](C)O2)[C@H](C)[C@@H](O[C@@H]2O[C@H](C)C[C@H](N(C)C)[C@H]2O)[C@](C)(O)C[C@@H](C)[C@H](N)[C@H](C)[C@@H](O)[C@]1(C)O,XCLJRCAJSCMIND-JCTYMORFSA-N,,,,broad_macrocycle_pretrain,,,14,True,False,pretrain_train,pretraining_macrocycle; max_phase=None
PREMAC_4791032cf8,ChEMBL_macrocycle_scan,CHEMBL266822,CC[C@H]1OC(=O)CC(O)[C@H](C)[C@@H](O[C@@H]2O[C@H](C)C[C@H](N(C)C)[C@H]2O)[C@@H](CCN(CCCN(C)C)C(=O)CN)C[C@@H](C)C(=O)/C=C/C(C)=C/[C@@H]1C,JDCQOHUIRVYGDP-AFKLHIJLSA-N,,,,broad_macrocycle_pretrain,,,16,True,False,pretrain_train,pretraining_macrocycle; max_phase=None
PREMAC_16ec9efcf1,ChEMBL_macrocycle_scan,CHEMBL297822,CC[C@H]1OC(=O)/C(C)=C/[C@H](C)[C@@H](O[C@@H]2O[C@H](C)C[C@H](N(C)C)[C@H]2O)[C@@](C)(OC)C[C@@H](C)C(=O)[C@H](C)[C@H]2N(NCCc3ccccc3)C(=O)O[C@]12C,UXHKPTGMWFAWSI-IDIDBGRKSA-N,,,,broad_macrocycle_pretrain,,,14,True,False,pretrain_train,pretraining_macrocycle; max_phase=None
PREMAC_5d4ba6ac24,ChEMBL_macrocycle_scan,CHEMBL437432,CCC(C)[C@H]1O[C@]2(C=C[C@@H]1C)C[C@@H]1C[C@@H](C/C=C(\C)[C@@H](O[C@H]3C[C@H](OC)[C@@H](O[C@H]4C[C@H](OC)[C@@H](NC(C)=O)[C@H](C)O4)[C@H](C)O3)[C@@H](C)/C=C/C=C3\CO[C@@H]4[C@H](O)C(C)=C[C@@H](C(=O)O1)[C@]34O)O2,ZKWQQXZUCOBISE-BWWRBHOYSA-N,,,,broad_macrocycle_pretrain,,,16,True,False,pretrain_train,pretraining_macrocycle; max_phase=None
PREMAC_a1d5d74b7e,ChEMBL_macrocycle_scan,CHEMBL43414,CC[C@H]1OC(=O)C[C@@H](O)[C@H](C)[C@@H](O[C@@H]2O[C@H](C)[C@@H](O)[C@H](N(C)C)[C@H]2O)[C@@H](CCOc2ccc(OC)cc2)C[C@@H](C)C(=O)/C=C/C(C)=C/[C@@H]1CO[C@@H]1O[C@H](C)[C@@H](O)[C@@H](OC)[C@H]1OC,JJNCUDCQBHQTEP-JRCIRHIHSA-N,,,,broad_macrocycle_pretrain,,,16,True,False,pretrain_train,pretraining_macrocycle; max_phase=None
PREMAC_db65bf6d21,ChEMBL_macrocycle_scan,CHEMBL297039,CCn1cc(C(=O)Nc2ccc3c(c2)C(=O)NCCC(=O)N[C@@H](CCN)C(=O)N[C@@H](Cc2ccccc2)CO3)c(=O)c2ccc(C)nc21,FBNQLZUCWMSTKD-CUBQBAPOSA-N,,,,broad_macrocycle_pretrain,,,14,True,False,pretrain_train,pretraining_macrocycle; max_phase=None
PREMAC_3b0864b9f0,ChEMBL_macrocycle_scan,CHEMBL432725,N=C(N)NCCC[C@@H]1NC(=O)CNC(=O)CCSC[C@@H](C(=O)O)NC(=O)[C@H](CC(=O)O)NC(=O)CNC1=O,DFGWDLNQNIFHBN-SRVKXCTJSA-N,,,,broad_macrocycle_pretrain,,,19,True,False,pretrain_train,pretraining_macrocycle; max_phase=None
PREMAC_e161399fea,ChEMBL_macrocycle_scan,CHEMBL306702,C[C@@H](O)[C@H]1NC(=O)[C@H](CCCCN)NC(=O)[C@@H](Cc2c[nH]c3ccccc23)NC(=O)[C@H](Cc2ccccc2)NC(=O)[C@@H](N)CSC[C@H](C(=O)O)NC1=O,UVIRGNNFCYBSOY-AVTGEJSLSA-N,,,,broad_macrocycle_pretrain,,,19,True,False,pretrain_train,pretraining_macrocycle; max_phase=None
PREMAC_4ac990e813,ChEMBL_macrocycle_scan,CHEMBL266208,CC[C@H]1OC(=O)C[C@@H](O)[C@H](C)[C@@H](O[C@@H]2O[C@H](C)[C@@H](O[C@H]3C[C@@](C)(O)[C@@H](O)[C@H](C)O3)[C@H](N(C)C)[C@H]2O)[C@@H](CCOc2ccccc2)C[C@@H](C)C(=O)/C=C/C(C)=C/[C@@H]1CO[C@@H]1O[C@H](C)[C@@H](O)[C@@H](O)[C@H]1OC,OHHWTQJQDTVQOM-SHNLVAHDSA-N,,,,broad_macrocycle_pretrain,,,16,True,False,pretrain_train,pretraining_macrocycle; max_phase=None
PREMAC_1e50f38ed3,ChEMBL_macrocycle_scan,CHEMBL287898,CCOC(=O)c1ccc(OCC[C@H]2C[C@@H](C)C(=O)/C=C/C(C)=C/[C@H](CO[C@@H]3O[C@H](C)[C@@H](O)[C@@H](OC)[C@H]3OC)[C@@H](CC)OC(=O)C[C@@H](O)[C@H](C)[C@H]2O[C@@H]2O[C@H](C)[C@@H](O)[C@H](N(C)C)[C@H]2O)cc1,GUDJHXNEEDYSQH-UIBXCPBPSA-N,,,,broad_macrocycle_pretrain,,,16,True,False,pretrain_train,pretraining_macrocycle; max_phase=None
PREMAC_4685804740,ChEMBL_macrocycle_scan,CHEMBL273275,CC[C@H]1OC(=O)[C@H](C)[C@@H](OC(=O)N2C(=O)OC[C@@H]2C)[C@H](C)[C@@H](OC2O[C@H](C)C[C@H](N(C)C3CCCC3)[C@H]2O)[C@@](C)(OC)C[C@@H](C)C(=O)[C@H](C)[C@H]2N(CCc3ccc(Cl)cc3)C(=O)O[C@]12C,LUFXWRGOFGFWQK-IUMIYALLSA-N,,,,broad_macrocycle_pretrain,,,14,True,False,pretrain_train,pretraining_macrocycle; max_phase=None
PREMAC_3d0cd33590,ChEMBL_macrocycle_scan,CHEMBL266560,CC[C@H]1OC(=O)CC(O)[C@H](C)[C@@H](O[C@@H]2O[C@H](C)C[C@H](N(C)C)[C@H]2O)[C@@H](CCN2CCCCC2)C[C@@H](C)C(=O)/C=C/[C@]2(C)O[C@H]2[C@@H]1C,JYZBLBNKRABAJY-SANHPOADSA-N,,,,broad_macrocycle_pretrain,,,16,True,False,pretrain_train,pretraining_macrocycle; max_phase=None
PREMAC_a77d4eec57,ChEMBL_macrocycle_scan,CHEMBL288885,CC[C@H]1OC(=O)C[C@@H](O)[C@H](C)[C@@H](O[C@@H]2O[C@H](C)[C@@H](O)[C@H](N(C)C)[C@H]2O)[C@@H](CCO)C[C@@H](C)C(=O)/C=C/C(C)=C/[C@@H]1CO[C@@H]1O[C@H](C)[C@@H](O)[C@@H](OC)[C@H]1OC,SFZHIQOBXLORCI-NLGRAQRVSA-N,,,,broad_macrocycle_pretrain,,,16,True,False,pretrain_train,pretraining_macrocycle; max_phase=None
PREMAC_d2835e03a0,ChEMBL_macrocycle_scan,CHEMBL55556,CO/C1=C\C(C)=C\[C@@H](C)C(=O)[C@@H](C)C/C(C)=C/C=C/[C@H](OC)[C@@H]([C@@H](C)[C@@H](O)[C@H](C)[C@@]2(O)C[C@@H](O)[C@H](C)[C@@H](C(C)C)O2)OC1=O,SXPGMICPSLQFEA-NDUAABOZSA-N,,,,broad_macrocycle_pretrain,,,16,True,False,pretrain_train,pretraining_macrocycle; max_phase=None
PREMAC_1992001df6,ChEMBL_macrocycle_scan,CHEMBL304756,CC(C)C[C@@H]1NC(=O)[C@H](C(C)C)NC(=O)[C@@H]2CCCN2C(=O)[C@H](CCC(=O)O)NC(=O)[C@@H](Cc2c[nH]c3ccccc23)NC1=O,PTHCNAFMSNFAAH-DKLFHUDLSA-N,,,,broad_macrocycle_pretrain,,,15,True,False,pretrain_train,pretraining_macrocycle; max_phase=None
PREMAC_f1d017daba,ChEMBL_macrocycle_scan,CHEMBL13529,COc1ccc(C[C@H]2NC(=O)/C=C/C[C@@H]([C@H](C)/C=C/c3ccccc3)OC(=O)[C@H](CC(C)C)OC(=O)[C@H](C)CNC2=O)cc1Cl,QLGFKEFRTAOKJU-XVUNPSCXSA-N,,,,broad_macrocycle_pretrain,,,16,True,False,pretrain_train,pretraining_macrocycle; max_phase=None
PREMAC_298fe11ce2,ChEMBL_macrocycle_scan,CHEMBL25891,COC1=C2C[C@H](C)C[C@H](OC)[C@@H](O)[C@H](C)/C=C(\C)C[C@H](OC(N)=O)[C@@H](OC)/C=C\C=C(/C)C(=O)NC(=CC1=O)C2=O,QLILXEQZDZEGJK-WHUPZRLBSA-N,,,,broad_macrocycle_pretrain,,,20,True,False,pretrain_train,pretraining_macrocycle; max_phase=None
PREMAC_b983aad1b4,ChEMBL_macrocycle_scan,CHEMBL9780,CC1CCOC(=O)/C=C/C=C\C(=O)O[C@@H]2C[C@H]3O[C@@H]4C[C@@H](C)[C@H](O)C[C@]4(COC(=O)C1O)[C@]2(C)C31CO1,ZXJNGNSKZPGCAW-LLDHFCMOSA-N,,,,broad_macrocycle_pretrain,,,18,True,False,pretrain_train,pretraining_macrocycle; max_phase=None
PREMAC_b22d3c5ea9,ChEMBL_macrocycle_scan,CHEMBL276380,CCCCC[C@@H]1/C=C\C2C(=O)CC(O)[C@@H]2C/C=C\CCCC(=O)O1,HZYSFMCHNGCKLZ-LVYWRPEESA-N,,,,broad_macrocycle_pretrain,,,13,True,False,pretrain_train,pretraining_macrocycle; max_phase=None
PREMAC_9017608702,ChEMBL_macrocycle_scan,CHEMBL16888,N[C@@H](Cc1ccc(O)cc1)C(=O)NC1CCCCC[C@@H](C(=O)O)NC(=O)C2(CCCC2)CCNC1=O,PENRQVQQEGPKSY-YSTUSHMSSA-N,,,,broad_macrocycle_pretrain,,,14,True,False,pretrain_train,pretraining_macrocycle; max_phase=None
PREMAC_6827f57d14,ChEMBL_macrocycle_scan,CHEMBL42662,CC[C@H]1OC(=O)C[C@@H](O)[C@H](C)[C@@H](O[C@@H]2O[C@H](C)[C@@H](O)[C@H](N(C)C)[C@H]2O)[C@@H](CC=C2OCCCO2)C[C@@H](C)C(=O)/C=C/C(C)=C/[C@@H]1CO[C@@H]1O[C@H](C)[C@@H](O)[C@@H](OC)[C@H]1OC,QKPYODXBRISTPM-PVJHHFICSA-N,,,,broad_macrocycle_pretrain,,,16,True,False,pretrain_train,pretraining_macrocycle; max_phase=None
PREMAC_3d924ba37c,ChEMBL_macrocycle_scan,CHEMBL405432,CC[C@H]1OC(=O)[C@H](C)[C@@H](O[C@H]2C[C@@](C)(OC)[C@@H](O)[C@H](C)O2)[C@H](C)[C@@H](O[C@@H]2O[C@H](C)C[C@H](/N=C\CCCCCCCCCOc3ccc([N+](=O)[O-])cc3OC)[C@H]2O)[C@@](C)(O)C[C@@H](C)C(=O)[C@H](C)[C@@H](O)[C@]1(C)O,ZDHRJGPQUGYFPC-XKHCROHASA-N,,,,broad_macrocycle_pretrain,,,14,True,False,pretrain_train,pretraining_macrocycle; max_phase=None
PREMAC_ca9464f79f,ChEMBL_macrocycle_scan,CHEMBL70787,CC(C)(C)NC(=O)[C@@H]1CC2CCCCC2CN1C[C@@H](O)[C@@H]1Cc2ccc(cc2)OCCCOc2cc3ccccc3cc2C(=O)N[C@@H](CC(N)=O)C(=O)N1,BWWVOUZOSLUBHW-LJGDZNAYSA-N,,,,broad_macrocycle_pretrain,,,18,True,False,pretrain_train,pretraining_macrocycle; max_phase=None
PREMAC_33de896984,ChEMBL_macrocycle_scan,CHEMBL41080,O=C1CNC(=O)CNC(=O)[C@H](Cc2ccccc2)NC(=O)CNC(=O)[C@H](Cc2ccc(O)cc2)NC(=O)CCN1,RMXLESPASMIYTH-SFTDATJTSA-N,,,,broad_macrocycle_pretrain,,,19,True,False,pretrain_train,pretraining_macrocycle; max_phase=None
PREMAC_98807f880d,ChEMBL_macrocycle_scan,CHEMBL281840,NCCCNCCN(CCNCCCN)CCNC1CCCCCCCCCCC1,UPLLXQVEGCJLBN-UHFFFAOYSA-N,,,,broad_macrocycle_pretrain,,,12,True,False,pretrain_train,pretraining_macrocycle; max_phase=None
PREMAC_4f49886007,ChEMBL_macrocycle_scan,CHEMBL293417,N=C(N)NCCC[C@@H]1NC(=O)CNC(=O)[C@@H](Cc2ccccc2)SC[C@@H](C(=O)O)NC(=O)[C@H](CC(=O)O)NC(=O)CNC1=O,PECKOTHCSJMAES-XLAORIBOSA-N,,,,broad_macrocycle_pretrain,,,18,True,False,pretrain_train,pretraining_macrocycle; max_phase=None
PREMAC_9ff37385c9,ChEMBL_macrocycle_scan,CHEMBL275251,CC[C@H]1OC(=O)[C@H](C)[C@@H](OC(=O)N2CCOCC2)[C@H](C)[C@@H](OC2O[C@H](C)C[C@H](N(C)C(C)C)[C@H]2O)[C@@](C)(OC)C[C@@H](C)C(=O)[C@H](C)[C@H]2N(CCc3ccc(Cl)cc3)C(=O)O[C@]12C,XDIZKFSMPUGKFY-GRGHQODPSA-N,,,,broad_macrocycle_pretrain,,,14,True,False,pretrain_train,pretraining_macrocycle; max_phase=None
PREMAC_6237adba89,ChEMBL_macrocycle_scan,CHEMBL297227,Clc1ccc2c(N3CCCN(c4ccnc5cc(Cl)ccc45)CCN(c4ccnc5cc(Cl)ccc45)CCCNCC3)ccnc2c1,PJQGKBGMEBLEMM-UHFFFAOYSA-N,,,,broad_macrocycle_pretrain,,,14,True,False,pretrain_train,pretraining_macrocycle; max_phase=None
PREMAC_a2b8ad64c2,ChEMBL_macrocycle_scan,CHEMBL275907,CN1C2C=CC1/C(c1ccc(C(=O)O)cc1)=c1/cc/c([nH]1)=C(\c1ccc(C(=O)O)cc1)C1=N/C(=C(/c3ccc(C(=O)O)cc3)C3=N/C(=C\2c2ccc(C(=O)O)cc2)C=C3)C=C1,JJVCONHEUFNCRK-JFDCWINTSA-N,,,,broad_macrocycle_pretrain,,,16,True,False,pretrain_train,pretraining_macrocycle; max_phase=None
PREMAC_1e542dee42,ChEMBL_macrocycle_scan,CHEMBL294149,CC[C@H]1OC(=O)[C@H](C)[C@@H](O[C@H]2C[C@@](C)(OC)[C@@](O)(c3ccco3)[C@H](C)O2)[C@H](C)[C@@H](O[C@@H]2O[C@H](C)C[C@H](N(C)C)[C@H]2O)[C@](C)(O)C[C@@H](C)CN[C@H](C)[C@@H](O)[C@]1(C)O,XZOZLFUVAYFSDE-RQTSPDPLSA-N,,,,broad_macrocycle_pretrain,,,15,True,False,pretrain_train,pretraining_macrocycle; max_phase=None
PREMAC_b45d55f2ca,ChEMBL_macrocycle_scan,CHEMBL278513,NCCCNCCC(=O)NC1CNC(=O)[C@@H](C2CCN=C(N)N2)NC(=O)/C(=C/Nc2ccc(Cl)c(Cl)c2)NC(=O)[C@@H](CO)NC(=O)[C@@H](CO)NC1=O,AILQVWYSMMJXLB-IXSUYOIQSA-N,,,,broad_macrocycle_pretrain,,,16,True,False,pretrain_train,pretraining_macrocycle; max_phase=None
PREMAC_c88b7b3a30,ChEMBL_macrocycle_scan,CHEMBL280181,O=C1CN2CCc3cncn3Cc3cccc(c3)Oc3ccc4cccc(c4c3)N1CC2,BJSYVDIHBYVMSH-UHFFFAOYSA-N,,,,broad_macrocycle_pretrain,,,17,True,False,pretrain_train,pretraining_macrocycle; max_phase=None
PREMAC_60e6456b96,ChEMBL_macrocycle_scan,CHEMBL408316,CC(=O)N[C@@H](Cc1ccccc1)C(=O)N[C@H]1CSSC[C@@H](C(=O)N[C@@H](CCCCN)C(=O)N[C@@H](Cc2ccc(O)cc2)C(=O)N[C@@H](CC(C)C)C(N)=O)NC(=O)[C@H](Cc2ccc(O)cc2)NC(=O)[C@H](CC(=O)O)NC(=O)[C@H](CO)NC1=O,SHPPBDJULDZICP-FSLKYBNLSA-N,,,,broad_macrocycle_pretrain,,,17,True,False,pretrain_train,pretraining_macrocycle; max_phase=None
PREMAC_7422ab6c80,ChEMBL_macrocycle_scan,CHEMBL290390,COC(=O)[C@@H]1CSCc2c(O)cc(OC)c(C)c2C(=O)OCCCC/C(S)=N/1,CBVTUGDRZQEVMK-ZDUSSCGKSA-N,,,,broad_macrocycle_pretrain,,,14,True,False,pretrain_train,pretraining_macrocycle; max_phase=None
PREMAC_695b4849f3,ChEMBL_macrocycle_scan,CHEMBL410090,C[C@@H](O)[C@H](NC(=O)[C@H]1NC(=O)[C@H]([C@@H](C)O)NC(=O)[C@H](CCCCN)NC(=O)[C@H](Cc2c[nH]c3ccccc23)NC(=O)[C@H](Cc2ccc(O)cc2)NC(=O)[C@@H](NC(=O)[C@@H](N)Cc2ccccc2)CSSC1(C)C)C(N)=O,VSEYLDNPHYTJMJ-FXDYLLDDSA-N,,,,broad_macrocycle_pretrain,,,20,True,False,pretrain_train,pretraining_macrocycle; max_phase=None
PREMAC_186f44f7b3,ChEMBL_macrocycle_scan,CHEMBL312121,CN1Cc2cncn2Cc2ccc(C#N)c(c2)Oc2ccc3cccc(c3c2)N2CCC1C2=O,LLIPALBHLJKSHD-UHFFFAOYSA-N,,,,broad_macrocycle_pretrain,,,16,True,False,pretrain_train,pretraining_macrocycle; max_phase=None
PREMAC_e643a6dbb7,ChEMBL_macrocycle_scan,CHEMBL62932,NC(=O)C[C@@H]1NC(=O)C[S+]([O-])C[C@@H](C(=O)O)NC(=O)[C@H](CC(=O)O)NC(=O)CNC(=O)[C@H](CCCN=C(N)N)NC1=O,WVKRQRRDBUVAHI-DWIZJWFLSA-N,,,,broad_macrocycle_pretrain,,,18,True,False,pretrain_train,pretraining_macrocycle; max_phase=None
PREMAC_cd6e55aa33,ChEMBL_macrocycle_scan,CHEMBL430940,COc1ccc2c(O[C@@H]3C[C@H]4C(=O)N[C@]5(C(=O)O)C[C@H]5/C=C\CCCCC[C@H](NC(=O)OC5CCCC5)C(=O)N4C3)cc(-n3ccc(C)n3)nc2c1,KHBBWMGLXHPSNY-JPYPTUILSA-N,,,,broad_macrocycle_pretrain,,,15,True,False,pretrain_train,pretraining_macrocycle; max_phase=None
PREMAC_97d0193245,ChEMBL_macrocycle_scan,CHEMBL304405,CCC1SC[C@@H](C(=O)O)NC(=O)[C@H](CC(=O)O)NC(=O)CNC(=O)[C@H](CCCN=C(N)N)NC(=O)CNC1=O,PKIIHLJERYMZGK-TXRDPFJMSA-N,,,,broad_macrocycle_pretrain,,,18,True,False,pretrain_train,pretraining_macrocycle; max_phase=None
PREMAC_7237acb6c6,ChEMBL_macrocycle_scan,CHEMBL439136,CC(C)[C@H]1NC(=O)[C@H](CCCCN)NC(=O)[C@@H](Cc2c[nH]c3ccccc23)NC(=O)[C@H](Cc2cccnc2)NC(=O)[C@@H](NC(=O)[C@@H](N)Cc2ccc(Cl)cc2)CSSC[C@H](C(=O)N[C@@H](Cc2ccc(Cl)cc2)C(N)=O)NC1=O,HUDNCNKRBYKWKH-HGYOODBQSA-N,,,,broad_macrocycle_pretrain,,,20,True,False,pretrain_train,pretraining_macrocycle; max_phase=None
PREMAC_8ae23858a9,ChEMBL_macrocycle_scan,CHEMBL418292,CNC(=O)[C@@H]1Cc2ccc(cc2)OCCCC[C@H](C(=O)NO)[C@@H](CC(C)C)C(=O)N1,BJOZETKUSDMMAN-OTWHNJEPSA-N,,,,broad_macrocycle_pretrain,,,15,True,False,pretrain_train,pretraining_macrocycle; max_phase=None
PREMAC_f87f7a241e,ChEMBL_macrocycle_scan,CHEMBL46608,C=CC[C@@]1(O)CC/C(C)=C\CC[C@]2(C)[C@@H]([C@H](C)CCCC(C)C)CC[C@H]2c2ccc(cc2C(=O)O)C1,YENPUEYHRDEXGM-KYSVCXNISA-N,,,,broad_macrocycle_pretrain,,,14,True,False,pretrain_train,pretraining_macrocycle; max_phase=None
PREMAC_6d08a0518f,ChEMBL_macrocycle_scan,CHEMBL12924,COc1ccc(C[C@H]2NC(=O)/C=C/C[C@@H](C(O)CCc3ccccc3)OC(=O)[C@H](CC(C)C)OC(=O)[C@H](C)CNC2=O)cc1,FYGQEHBLVRFZSS-KAAYBUADSA-N,,,,broad_macrocycle_pretrain,,,16,True,False,pretrain_train,pretraining_macrocycle; max_phase=None
PREMAC_dd0038e34b,ChEMBL_macrocycle_scan,CHEMBL71387,C=C(C=O)[C@H]1CC(OC(C)=O)[C@@]23O[C@@H]2C(C[C@]2(C)O[C@H]2c2cc(C)c(o2)C1OC(C)=O)OC3=O,MEFFELURXRIWBN-CEHMNFAUSA-N,,,,broad_macrocycle_pretrain,,,13,True,False,pretrain_train,pretraining_macrocycle; max_phase=None
PREMAC_b03c65dc0e,ChEMBL_macrocycle_scan,CHEMBL53408,COC(=O)c1cc2oc1C[C@@H](C(C)C)CCC1C[C@@H](C[C@](C)(O)C2)OC1=O,LZBSJKGMAVYZOA-ZFKDUMRVSA-N,,,,broad_macrocycle_pretrain,,,13,True,False,pretrain_train,pretraining_macrocycle; max_phase=None
PREMAC_92becc7e9d,ChEMBL_macrocycle_scan,CHEMBL288317,CC(C)[C@@H](NC(=O)[C@@H]1NC(=O)[C@@H](CC(=O)O)NC(=O)[C@H](Cc2ccccc2)NC(=O)[C@@H](NC(=O)[C@@H](N)Cc2ccc(O)cc2)C(C)(C)SSC1(C)C)C(=O)NCC(N)=O,CIXRLSHQKQIGJK-NTWBUTRESA-N,,,,broad_macrocycle_pretrain,,,14,True,False,pretrain_train,pretraining_macrocycle; max_phase=None
PREMAC_b0db1278b6,ChEMBL_macrocycle_scan,CHEMBL269025,CC[C@H](C)[C@@H]1NC(=O)[C@@H](Cc2ccc(O)cc2)NC(=O)CCSSC[C@@H](C(=O)N2CCC[C@@H]2C(=O)N[C@@H](CCCN=C(N)N)C(=O)N[C@@H](Cc2ccc(N)cc2)C(N)=O)NC(=O)[C@H](CC(N)=O)NC(=O)[C@@H](CCC(N)=O)NC1=O,UHKTXMMPWGEQEB-RAMCOJFESA-N,,,,broad_macrocycle_pretrain,,,20,True,False,pretrain_train,pretraining_macrocycle; max_phase=None
PREMAC_20a4614541,ChEMBL_macrocycle_scan,CHEMBL440796,C[C@H]1CCCCC[C@@H]2C[C@H](O)C[C@H]2[C@H](O)CCC(=O)O1,YZQJEGLDWIIEEF-XPABHHOTSA-N,,,,broad_macrocycle_pretrain,,,13,True,False,pretrain_train,pretraining_macrocycle; max_phase=None
PREMAC_d1d23fe425,ChEMBL_macrocycle_scan,CHEMBL431312,COc1ccc2c(O[C@@H]3C[C@H]4C(=O)N[C@]5(C(=O)O)C[C@H]5/C=C\CCCCC[C@H](NC(=O)OC(C)(C)C)C(=O)N4C3)cc(-n3cnc(C)c3)nc2c1,MGRYRDPHJWDTIT-MCQSFFMYSA-N,,,,broad_macrocycle_pretrain,,,15,True,False,pretrain_train,pretraining_macrocycle; max_phase=None
PREMAC_df2a3b27d4,ChEMBL_macrocycle_scan,CHEMBL293241,NC(N)=NCC[C@@H]1NC(=O)[C@H](Cc2c[nH]c3ccccc23)NC(=O)[C@@H](CC2CCCCC2)NC(=O)[C@@H]2CCCN2C(=O)[C@@H](NC(=O)[C@@H](N)Cc2ccccc2)CCCCNC1=O,AGJLQWICTGRNHX-IAOCYLLQSA-N,,,,broad_macrocycle_pretrain,,,19,True,False,pretrain_train,pretraining_macrocycle; max_phase=None
PREMAC_f6b27f1e21,ChEMBL_macrocycle_scan,CHEMBL296981,CC(C)CCC[C@@H](C)[C@H]1CC[C@H]2c3ccc(cc3C(=O)O)CC(O)CCC(C)CCC[C@]12C,STXMFQXJBAKHCC-KBPFWUMHSA-N,,,,broad_macrocycle_pretrain,,,14,True,False,pretrain_train,pretraining_macrocycle; max_phase=None
PREMAC_b1f1e73e9c,ChEMBL_macrocycle_scan,CHEMBL288173,COC(=O)[C@H]1CSCc2c(O)cc(O)c(C)c2C(=O)OC[C@H](NC(=O)OC(C)(C)C)C(=O)N1,DPVFGCGWVDNSQT-QWHCGFSZSA-N,,,,broad_macrocycle_pretrain,,,12,True,False,pretrain_train,pretraining_macrocycle; max_phase=None
PREMAC_5410b0cdcf,ChEMBL_macrocycle_scan,CHEMBL312025,CC[C@H]1OC(=O)[C@H](C)[C@H]2OC3(CCN(Cc4cccnc4)CC3)O[C@](C)(C[C@@H](C)CN(C)[C@H](C)[C@@H](O)[C@]1(C)O)[C@H](O[C@@H]1O[C@H](C)C[C@H](N(C)C)[C@H]1O)[C@H]2C,VDMNJFCVHVBDHL-OVKFHSAPSA-N,,,,broad_macrocycle_pretrain,,,15,True,False,pretrain_train,pretraining_macrocycle; max_phase=None
PREMAC_500438d968,ChEMBL_macrocycle_scan,CHEMBL42946,CC(C)CCN(C[C@@H](O)[C@@H]1Cc2ccc(cc2)OCCCCCC(=O)N[C@@H](C(C)C)C(=O)N1)NC(=O)NC(=O)[C@@H](N)C(C)C,OXJXMTHQHZLPSB-YJAMSFDDSA-N,,,,broad_macrocycle_pretrain,,,17,True,False,pretrain_train,pretraining_macrocycle; max_phase=None
PREMAC_b38230f646,ChEMBL_macrocycle_scan,CHEMBL293245,NCCC[C@H]1NC(=O)CSC[C@@H](C(=O)O)NC(=O)[C@H](CC(=O)O)NC(=O)CNC(=O)[C@H](CCCN=C(N)N)NC1=O,BBQOZRDGEGTYPJ-CRWXNKLISA-N,,,,broad_macrocycle_pretrain,,,18,True,False,pretrain_train,pretraining_macrocycle; max_phase=None
PREMAC_5efaf7c570,ChEMBL_macrocycle_scan,CHEMBL290049,CCCCCCC[C@H]1OC(=O)C[C@@H](O)[C@H](Cc2ccccc2)N(C)C(=O)COC(=O)[C@H]1C,BLMHSWGWEUOGCI-VXSCBNMQSA-N,,,,broad_macrocycle_pretrain,,,12,True,False,pretrain_train,pretraining_macrocycle; max_phase=None
PREMAC_e0fb337559,ChEMBL_macrocycle_scan,CHEMBL72129,Cc1ccc(S(=O)(=O)[C@H](C)NC(=O)N[C@H](C(=O)N[C@@H](Cc2ccccc2)[C@@H](O)C(=O)N[C@H]2Cc3ccc(cc3)OCCCNC(=O)[C@H](C(C)C)NC2=O)C(C)C)cc1,MBHINOUPXNHYSN-FPKRYRDLSA-N,,,,broad_macrocycle_pretrain,,,15,True,False,pretrain_train,pretraining_macrocycle; max_phase=None
PREMAC_15f92b45a7,ChEMBL_macrocycle_scan,CHEMBL82474,CC[C@H]1OC(=O)[C@H](C)[C@H]2OC3(CCN(CCc4cccc(OC)c4)CC3)O[C@](C)(C[C@@H](C)CN[C@H](C)[C@@H](O)[C@]1(C)O)[C@H](O[C@@H]1O[C@H](C)C[C@H](N(C)C)[C@H]1O)[C@H]2C,QXOZCFVSQLDWIJ-MZKCSLBKSA-N,,,,broad_macrocycle_pretrain,,,15,True,False,pretrain_train,pretraining_macrocycle; max_phase=None
PREMAC_fcb224188a,ChEMBL_macrocycle_scan,CHEMBL418067,CC[C@H]1OC(=O)[C@H](C)[C@@H](OC(=O)N2C(=O)OC[C@@H]2C)[C@H](C)[C@@H](OC2O[C@H](C)C[C@H](N(C)C3CCCCC3)[C@H]2O)[C@@](C)(OC)C[C@@H](C)C(=O)[C@H](C)[C@H]2N(CCc3ccc(Cl)c(Cl)c3)C(=O)O[C@]12C,WDYWBILMWVFRQX-KWEZEEBHSA-N,,,,broad_macrocycle_pretrain,,,14,True,False,pretrain_train,pretraining_macrocycle; max_phase=None
PREMAC_d42922eade,ChEMBL_macrocycle_scan,CHEMBL295894,C/C1=C/CC[C@]2(C)[C@@H]([C@H](C)CCCC(C)C)CC[C@H]2c2ccc(cc2CO)C[C@@H](O)CC1,PXBWNGKEUOCNRT-PZWZCXTDSA-N,,,,broad_macrocycle_pretrain,,,14,True,False,pretrain_train,pretraining_macrocycle; max_phase=None
PREMAC_a31775a37f,ChEMBL_macrocycle_scan,CHEMBL38933,C[C@@H]1NC(=O)[C@H](CO)NC(=O)CCCCCC[C@@H](C(=O)O)NC1=O,OURNOUVWSSKCEH-DCAQKATOSA-N,,,,broad_macrocycle_pretrain,,,15,True,False,pretrain_train,pretraining_macrocycle; max_phase=None
PREMAC_238b6154f3,ChEMBL_macrocycle_scan,CHEMBL47153,COCc1cc2ccc1[C@@H]1CC[C@H]([C@H](C)CCCC(C)C)[C@@]1(C)CC/C=C(/C)CC[C@](C)(OC(C)=O)C2,URERBFYAQFSUNN-DVFGBSKFSA-N,,,,broad_macrocycle_pretrain,,,14,True,False,pretrain_train,pretraining_macrocycle; max_phase=None
PREMAC_a05e26d95c,ChEMBL_macrocycle_scan,CHEMBL266595,CC[C@H]1OC(=O)CC(O)[C@H](C)[C@@H](O[C@@H]2O[C@H](C)C[C@H](N(C)C)[C@H]2O)[C@@H](CCN2CCCCCC2)C[C@@H](C)C(=O)/C=C/C(C)=C/[C@@H]1C,OYDVERACJVZDME-ADKOJLCPSA-N,,,,broad_macrocycle_pretrain,,,16,True,False,pretrain_train,pretraining_macrocycle; max_phase=None
PREMAC_6317431d66,ChEMBL_macrocycle_scan,CHEMBL300794,O=C(NC(Cc1ccccc1)C(O)CN1CCCCCCCCCCCOC1=O)O[C@H]1CO[C@H]2OCC[C@H]21,KEKJFJPYOLOXEK-HGKBCKHUSA-N,,,,broad_macrocycle_pretrain,,,14,True,False,pretrain_train,pretraining_macrocycle; max_phase=None
PREMAC_3194bf5e57,ChEMBL_macrocycle_scan,CHEMBL79651,COC(=O)[C@H]1Cc2ccc(O)c(c2)Oc2ccc(cc2)C[C@H](NC(C)=O)C(=O)N[C@@H](Cc2ccc(O)cc2)C(=O)N1,ZZGFITOJDYJAOJ-CCDWMCETSA-N,,,,broad_macrocycle_pretrain,,,17,True,False,pretrain_train,pretraining_macrocycle; max_phase=None
PREMAC_f6dbd912e6,ChEMBL_macrocycle_scan,CHEMBL81034,CC[C@H]1OC(=O)[C@H](C)[C@H]2OC3(CCN(C(=O)c4cccnc4Cl)CC3)O[C@](C)(C[C@@H](C)CN[C@H](C)[C@@H](O)[C@]1(C)O)[C@H](O[C@@H]1O[C@H](C)C[C@H](N(C)C)[C@H]1O)[C@H]2C,PHCDMEKABPMYPJ-FPBUFIONSA-N,,,,broad_macrocycle_pretrain,,,15,True,False,pretrain_train,pretraining_macrocycle; max_phase=None
PREMAC_a5e5063769,ChEMBL_macrocycle_scan,CHEMBL285451,COC(=O)[C@@H]1CSCc2c(O)cc(OC)c(C)c2C(=O)OCCCCC/C(S)=N/1,DMXQRUBFCVRYDK-AWEZNQCLSA-N,,,,broad_macrocycle_pretrain,,,15,True,False,pretrain_train,pretraining_macrocycle; max_phase=None
PREMAC_246e230f07,ChEMBL_macrocycle_scan,CHEMBL59732,O=C(NC(Cc1ccccc1)C(O)CN1CCCCCCCCC/C=C/CCOC1=O)O[C@H]1CO[C@H]2OCC[C@H]21,ALRIPXLHDVNKNQ-GFZKKPQCSA-N,,,,broad_macrocycle_pretrain,,,16,True,False,pretrain_train,pretraining_macrocycle; max_phase=None
PREMAC_06a1d0dbfe,ChEMBL_macrocycle_scan,CHEMBL293874,CC(C)C[C@@H]1NC(=O)[C@H](C(C)C)NC(=O)CN(C)C(=O)[C@H](CC(=O)O)NC(=O)[C@@H](Cc2c[nH]c3ccccc23)NC1=O,NTOICOGZAADBIV-MTQWNXOMSA-N,,,,broad_macrocycle_pretrain,,,15,True,False,pretrain_train,pretraining_macrocycle; max_phase=None
PREMAC_a02ee6e842,ChEMBL_macrocycle_scan,CHEMBL51522,CC[C@H]1OC(=O)[C@H](C)[C@@H](O[C@H]2C[C@@](C)(OC)C[C@H](C)O2)[C@H](C)[C@@H](O[C@@H]2O[C@H](C)C[C@H](N(C)C)[C@H]2O)[C@@]2(C)CC(C)=C(O2)[C@H](C)[C@@H](O)[C@]1(C)O,UJUXMUPAZCCNTJ-ANUGEFLXSA-N,,,,broad_macrocycle_pretrain,,,13,True,False,pretrain_train,pretraining_macrocycle; max_phase=None
PREMAC_a86a9d527c,ChEMBL_macrocycle_scan,CHEMBL64295,N=C(N)NCCC[C@@H]1NC(=O)CNC(=O)C(c2ccccc2)SC[C@@H](C(=O)O)NC(=O)[C@H](CC(=O)O)NC(=O)CNC1=O,XSBCDEUAXRNIMC-TVISWJTBSA-N,,,,broad_macrocycle_pretrain,,,18,True,False,pretrain_train,pretraining_macrocycle; max_phase=None
PREMAC_2f12894eac,ChEMBL_macrocycle_scan,CHEMBL294380,CC[C@H]1OC(=O)[C@H](C)[C@@H](O[C@H]2C[C@@](C)(OC)[C@@](O)(CCCOC)[C@H](C)O2)[C@H](C)[C@@H](O[C@@H]2O[C@H](C)C[C@H](N(C)C)[C@H]2O)[C@](C)(O)C[C@@H](C)CN(C)[C@H](C)[C@@H](O)[C@]1(C)O,VOKJIEPNDYBMAJ-ASIIUGTMSA-N,,,,broad_macrocycle_pretrain,,,15,True,False,pretrain_train,pretraining_macrocycle; max_phase=None
PREMAC_112b9f8b23,ChEMBL_macrocycle_scan,CHEMBL290432,CCCCCCC[C@H]1OC(=O)C[C@H](O)[C@H](Cc2ccccc2)N(C)C(=O)[C@H](C(C)C)OC(=O)[C@H]1C,NJNAHFYVTBZQHU-GICWPUQQSA-N,,,,broad_macrocycle_pretrain,,,12,True,False,pretrain_train,pretraining_macrocycle; max_phase=None
PREMAC_83bf52bad9,ChEMBL_macrocycle_scan,CHEMBL7937,CCCCCCC[C@H]1OC(=O)C[C@@H](O)[C@H](Cc2ccccc2)N(C)C(=O)[C@H](CC(C)C)OC(=O)[C@H]1C,OPIIAUYZVWPRCL-CVCYMHMSSA-N,,,,broad_macrocycle_pretrain,,,12,True,False,pretrain_train,pretraining_macrocycle; max_phase=None
PREMAC_cdec6c17cd,ChEMBL_macrocycle_scan,CHEMBL61425,CC(C)C[C@@H]1NC(=O)[C@@H](c2cccs2)NC(=O)[C@H](CC(=O)[O-])NC(=O)[C@H](CC(=O)N2CCN(c3ccccc3)CC2)NC(=O)[C@@H](CC(=O)[O-])NC(=O)[C@@H](Cc2c[nH]c3ccccc23)NC1=O.[Na+].[Na+],UWHBIISPHYTOGL-PFSAEEMXSA-L,,,,broad_macrocycle_pretrain,,,18,True,False,pretrain_train,pretraining_macrocycle; max_phase=None
PREMAC_514c7c69aa,ChEMBL_macrocycle_scan,CHEMBL275908,C=CC1=C(C)c2cc3nc(cc4[nH]c(cc5c(C=C)c(C)c(cc1n2)n5C)c(C)c4CCC(=O)O)C(CCC(=O)O)=C3C,PVFDRPFABLMUFH-UHFFFAOYSA-N,,,,broad_macrocycle_pretrain,,,16,True,False,pretrain_train,pretraining_macrocycle; max_phase=None
PREMAC_9a07591d12,ChEMBL_macrocycle_scan,CHEMBL443778,CCCCCCCOC(C)c1c(C)c2cc3[nH]c(cc4nc(c5c6nc(cc1[nH]2)C(C)=C6C(=O)N(CCCCCC)C5=O)[C@@H](CCC(=O)OC)[C@@H]4C)c(C)c3CC,FXBLDQOHSANTKY-AXGQMMPJSA-N,,,,broad_macrocycle_pretrain,,,16,True,False,pretrain_train,pretraining_macrocycle; max_phase=None
PREMAC_85be73976d,ChEMBL_macrocycle_scan,CHEMBL266602,CC[C@H]1OC(=O)CC(O)[C@H](C)[C@@H](O[C@@H]2O[C@H](C)C[C@H](N(C)C)[C@H]2O)[C@@H](CCNCC(O)CO)C[C@@H](C)C(=O)/C=C/C(C)=C/[C@@H]1C,LNFUWRPMSAPLFY-AQJHGQKISA-N,,,,broad_macrocycle_pretrain,,,16,True,False,pretrain_train,pretraining_macrocycle; max_phase=None
PREMAC_63a29a3d94,ChEMBL_macrocycle_scan,CHEMBL303578,O=C(NC(Cc1ccccc1)C(O)CN1CCCCCCCCCCCC(c2ccccc2)OC1=O)O[C@H]1CO[C@H]2OCC[C@H]21,WYIIQKIFHLRJHP-LNOJYWKJSA-N,,,,broad_macrocycle_pretrain,,,15,True,False,pretrain_train,pretraining_macrocycle; max_phase=None
PREMAC_75b5b64663,ChEMBL_macrocycle_scan,CHEMBL293181,N=C(N)NCCC[C@@H]1NC(=O)[C@@H](Cc2c[nH]c3ccccc23)NC(=O)CSC[C@@H](C(=O)O)NC(=O)[C@H](CC(=O)O)NC(=O)CNC1=O,PIVQYHTZYSKTOM-YRPNKDGESA-N,,,,broad_macrocycle_pretrain,,,18,True,False,pretrain_train,pretraining_macrocycle; max_phase=None
PREMAC_0d97ddd7a2,ChEMBL_macrocycle_scan,CHEMBL22171,NCCN(CCN)CCNC1CCCCCCCCCCCCCC1,MZEWJEFTDDKVLC-UHFFFAOYSA-N,,,,broad_macrocycle_pretrain,,,15,True,False,pretrain_train,pretraining_macrocycle; max_phase=None
PREMAC_da00e933d9,ChEMBL_macrocycle_scan,CHEMBL288627,COc1ccc2c(O[C@@H]3C[C@H]4C(=O)N[C@]5(C(=O)O)C[C@H]5/C=C\CCCCC[C@H](NC(=O)OC(C)(C)C)C(=O)N4C3)cc(-n3cccc3)nc2c1,SQUHAORDUSFHFZ-KDKIYWRNSA-N,,,,broad_macrocycle_pretrain,,,15,True,False,pretrain_train,pretraining_macrocycle; max_phase=None
PREMAC_f3514b9cfc,ChEMBL_macrocycle_scan,CHEMBL281952,CCC1OC(=O)C(C)C(O[C@H]2C[C@@](C)(OC)[C@@H](O)C(C)O2)C(C)[C@@H](OC2OC(C)CC(N(C)C)[C@H]2O)[C@]2(C)CC(C)C3(O[C@]1(C)[C@H](O)[C@H]3C)O2,YKAVHPRGGAUFDN-RGPNGSSDSA-N,,,,broad_macrocycle_pretrain,,,12,True,False,pretrain_train,pretraining_macrocycle; max_phase=None
PREMAC_1c9b005178,ChEMBL_macrocycle_scan,CHEMBL441575,CN(CC(=O)N[C@@H](CCCN=C(N)N)C(=O)NCC(=O)O)C(=O)[C@@H]1CSSC[C@@H](N)C(=O)N[C@H](Cc2ccc(O)cc2)C(=O)N[C@@H](Cc2ccccc2)C(=O)N[C@H](CCC(N)=O)C(=O)N[C@@H](CC(N)=O)C(=O)N1,OARXWIGBNIJKFF-ZQMWXFQRSA-N,,,,broad_macrocycle_pretrain,,,20,True,False,pretrain_train,pretraining_macrocycle; max_phase=None
PREMAC_35496978cc,ChEMBL_macrocycle_scan,CHEMBL301428,CC[C@H]1OC(=O)[C@H](C)[C@@H](O[C@H]2C[C@@](C)(OC)[C@@](O)(c3cc4ccccc4n3C)[C@H](C)O2)[C@H](C)[C@@H](O[C@@H]2O[C@H](C)C[C@H](N(C)C)[C@H]2O)[C@](C)(O)C[C@@H](C)CN(C)[C@H](C)[C@@H](O)[C@]1(C)O,HDKQXSARCLKICO-IJQAEKRMSA-N,,,,broad_macrocycle_pretrain,,,15,True,False,pretrain_train,pretraining_macrocycle; max_phase=None
PREMAC_707debd8c0,ChEMBL_macrocycle_scan,CHEMBL45229,CC[C@H]1OC(=O)/C(C)=C/[C@H](C)[C@@H](O[C@@H]2O[C@H](C)C[C@H](N(C)C)[C@H]2O)[C@@](C)(OC)C[C@@H](C)C(=O)[C@H](C)[C@H]2N(NCCCn3cnc(-c4ccccc4)c3)C(=O)O[C@]12C,KIVLNNGTLFUOEF-LXBIIPAVSA-N,,,,broad_macrocycle_pretrain,,,14,True,False,pretrain_train,pretraining_macrocycle; max_phase=None
PREMAC_9f6e4bdc17,ChEMBL_macrocycle_scan,CHEMBL311136,CC[C@H]1OC(=O)[C@H](C)[C@H]2OC3(CCN(CCc4ccnc5ccccc45)CC3)O[C@](C)(C[C@@H](C)CN(C)[C@H](C)[C@@H](O)[C@]1(C)O)[C@H](O[C@@H]1O[C@H](C)C[C@H](N(C)C)[C@H]1O)[C@H]2C,VDKVNUDRTOHBRT-UNEBURTFSA-N,,,,broad_macrocycle_pretrain,,,15,True,False,pretrain_train,pretraining_macrocycle; max_phase=None
PREMAC_7d63cc4ec8,ChEMBL_macrocycle_scan,CHEMBL267072,COc1ccc(C[C@H]2NC(=O)/C=C/C[C@@H]([C@H](C)/C=C/c3ccccc3)OC(=O)[C@H](CC(C)C)OC(=O)[C@H](C)CNC2=O)cc1,IEYSWBYGDJSUEZ-FBLQQVRNSA-N,,,,broad_macrocycle_pretrain,,,16,True,False,pretrain_train,pretraining_macrocycle; max_phase=None
PREMAC_e8f38ae228,ChEMBL_macrocycle_scan,CHEMBL78365,CC1(C)SSC(C)(C)[C@@H](NC(=O)[C@@H](N)Cc2ccc(O)c(N)c2)C(=O)NCC(=O)N[C@@H](Cc2ccccc2)C(=O)N[C@H]1C(=O)O,DRVAKLOZNKQVGM-TZYAJKAJSA-N,,,,broad_macrocycle_pretrain,,,14,True,False,pretrain_train,pretraining_macrocycle; max_phase=None
PREMAC_b43944900b,ChEMBL_macrocycle_scan,CHEMBL45141,CCC1OC(=O)C(C)C(O[C@H]2C[C@@](C)(OC)CC(C)O2)C(C)[C@@H](OC2CC(N(C)C(C)C)CC(C)O2)[C@]2(C)CC(C)=C(O2)[C@H](C)C(=O)[C@]1(C)OC,WTZWLGHLVQEHQL-NKPWMUFTSA-N,,,,broad_macrocycle_pretrain,,,13,True,False,pretrain_train,pretraining_macrocycle; max_phase=None
PREMAC_78ba9fb901,ChEMBL_macrocycle_scan,CHEMBL303222,CSCC[C@H](NC(=O)[C@H](CC(C)C)NC(=O)CN1CCCNC(=O)CCCC(=O)N[C@H](CCCN=C(N)N)C(=O)N[C@@H](Cc2ccccc2)C(=O)N[C@H](Cc2ccccc2)C1=O)C(N)=O,NCFCVGUQIMTNNB-WGZBAJHCSA-N,,,,broad_macrocycle_pretrain,,,19,True,False,pretrain_train,pretraining_macrocycle; max_phase=None
PREMAC_92d8cda77c,ChEMBL_macrocycle_scan,CHEMBL80866,Cc1cn(C2CC(N=[N+]=[N-])C(COC(=O)CCCC(=O)N3CCCN(C(=O)OC(C)(C)C)CCN(C(=O)OC(C)(C)C)CCCN(C(=O)OC(C)(C)C)CC3)O2)c(=O)[nH]c1=O,FZSCJHMFWIZNSP-UHFFFAOYSA-N,,,,broad_macrocycle_pretrain,,,14,True,False,pretrain_train,pretraining_macrocycle; max_phase=None
PREMAC_0bb99d9885,ChEMBL_macrocycle_scan,CHEMBL38932,CCCCCCC[C@@H]1CC(=O)O[C@@H](C(C)C)C(=O)N(C)[C@@H](Cc2ccccc2)[C@H](OCOC)CC(=O)O1,XGNUNLFFZAYAOG-JHXDXHAQSA-N,,,,broad_macrocycle_pretrain,,,12,True,False,pretrain_train,pretraining_macrocycle; max_phase=None
PREMAC_8223655ebf,ChEMBL_macrocycle_scan,CHEMBL53821,N#Cc1ccc2cc1Oc1ccc3cccc(c3c1)N1CC[C@H](NCc3cncn3C2)C1=O,USPFJPDEADLGIG-QHCPKHFHSA-N,,,,broad_macrocycle_pretrain,,,16,True,False,pretrain_train,pretraining_macrocycle; max_phase=None
PREMAC_7f5fb67ef8,ChEMBL_macrocycle_scan,CHEMBL297884,COc1ccc2c(O[C@@H]3C[C@H]4C(=O)N[C@]5(C(=O)O)C[C@H]5/C=C\CCCCC[C@H](NC(=O)OC5CCCC5)C(=O)N4C3)cc(-c3csc(NC(C)C)n3)nc2c1,PJZPDFUUXKKDNB-KNINVFKUSA-N,,,,broad_macrocycle_pretrain,,,15,True,False,pretrain_train,pretraining_macrocycle; max_phase=2.0
PREMAC_26a9bb86ea,ChEMBL_macrocycle_scan,CHEMBL282159,CO[C@@H](CC[C@H](C)[C@H]1O[C@@]23CC(OC(=O)C[C@H]([C@@H](C)O)OC(=O)C[C@](O)(O2)[C@H](C)CC3(C)C)[C@@H]1C)c1cccc(O)c1,REAZZDPREXHWNV-BUNNSNHRSA-N,,,,broad_macrocycle_pretrain,,,12,True,False,pretrain_train,pretraining_macrocycle; max_phase=None
PREMAC_da0de6205d,ChEMBL_macrocycle_scan,CHEMBL303073,N=C(N)NCCC[C@@H]1NC(=O)[C@H](CCC(=O)O)NC(=O)C[S+]([O-])C[C@@H](C(=O)O)NC(=O)[C@H](CC(=O)O)NC(=O)CNC1=O,CWEDQTIHVNMFPX-SKIZQQFTSA-N,,,,broad_macrocycle_pretrain,,,18,True,False,pretrain_train,pretraining_macrocycle; max_phase=None
PREMAC_17890b8c2e,ChEMBL_macrocycle_scan,CHEMBL12731,CCCCC[C@@H]1/C=C\C2[C@H](O)CC(=O)[C@@H]2CCCCCCC(=O)O1,PAPRKPWTFGPHGR-JKOQQFFFSA-N,,,,broad_macrocycle_pretrain,,,13,True,False,pretrain_train,pretraining_macrocycle; max_phase=None
PREMAC_91a5fb81ee,ChEMBL_macrocycle_scan,CHEMBL26194,CCC1OC(=O)C[C@@H](O)[C@H](C)[C@@H](OC2OC(C)CC(N(C)C)C2O)[C@@H](CC=O)C[C@@H](C)C(=O)/C=C/[C@]2(C)OC2C1C,IUPCWCLVECYZRV-KHTBHGMKSA-N,,,,broad_macrocycle_pretrain,,,16,True,False,pretrain_train,pretraining_macrocycle; max_phase=None
PREMAC_f0211b6090,ChEMBL_macrocycle_scan,CHEMBL298985,C=C(C)[C@@H]1Cc2oc(cc2C=O)[C@@H]2O[C@@]2(C)C[C@H]2OC(=O)[C@@]3(O[C@H]23)[C@@H](OC(C)=O)C1,KGRIGHVGXOOCOY-QEZNSZSOSA-N,,,,broad_macrocycle_pretrain,,,13,True,False,pretrain_train,pretraining_macrocycle; max_phase=None
PREMAC_703439d57d,ChEMBL_macrocycle_scan,CHEMBL81818,CC[C@H]1OC(=O)[C@H](C)[C@H]2OC3(CCN(C(=O)c4ccc5ccccc5n4)CC3)O[C@](C)(C[C@@H](C)CN(C)[C@H](C)[C@@H](O)[C@]1(C)O)[C@H](O[C@@H]1O[C@H](C)C[C@H](N(C)C)[C@H]1O)[C@H]2C,YSMNXAPVJGXSQO-OLROFJLRSA-N,,,,broad_macrocycle_pretrain,,,15,True,False,pretrain_train,pretraining_macrocycle; max_phase=None
PREMAC_f5f0bf21bd,ChEMBL_macrocycle_scan,CHEMBL56614,COC1CC(C)CC(C)[C@@H](O)[C@@H](C)CC(C)CCCC(OC)[C@@H]([C@@H](C)[C@@H](O)[C@H](C)[C@@]2(OC)C[C@@H](C(=O)Oc3ccccc3)[C@H](C)[C@@H](C(C)C)O2)OC1=O,AEVFOOWYAKOVOR-YEWMLHHJSA-N,,,,broad_macrocycle_pretrain,,,16,True,False,pretrain_train,pretraining_macrocycle; max_phase=None
PREMAC_17d439db9f,ChEMBL_macrocycle_scan,CHEMBL79397,CCC(C)[C@H]1O[C@]2(C=C[C@@H]1C)C[C@@H]1C[C@@H](C/C=C(\C)[C@@H](O[C@H]3C[C@H](OC)[C@@H](O[C@H]4C[C@H](OC)[C@@H](N)[C@H](C)O4)[C@H](C)O3)[C@@H](C)/C=C/C=C3\CO[C@@H]4[C@H](O)C(C)=C[C@@H](C(=O)O1)[C@]34O)O2,WDJBWFOPQSVCHG-AEEZZUFYSA-N,,,,broad_macrocycle_pretrain,,,16,True,False,pretrain_train,pretraining_macrocycle; max_phase=None
PREMAC_81dafed1c0,ChEMBL_macrocycle_scan,CHEMBL297041,CC[C@H]1OC(=O)C[C@@H](O)[C@H](C)[C@@H](O[C@@H]2O[C@H](C)[C@@H](O)[C@H](N(C)C)[C@H]2O)[C@@H](CCOS(=O)c2ccccc2)C[C@@H](C)C(=O)/C=C/C(C)=C/[C@@H]1CO[C@@H]1O[C@H](C)[C@@H](O)[C@@H](OC)[C@H]1OC,ZNTZJMDKXWRNNU-OQONFEGLSA-N,,,,broad_macrocycle_pretrain,,,16,True,False,pretrain_train,pretraining_macrocycle; max_phase=None
PREMAC_8e2c9037b1,ChEMBL_macrocycle_scan,CHEMBL296249,COC(=O)c1cc2ccc1[C@@H]1CC[C@H]([C@H](C)CCCC(C)C)[C@@]1(C)CC/C=C(/C)CC[C@H](O)C2,RAOUITVYFWHIKM-OUVXOMCQSA-N,,,,broad_macrocycle_pretrain,,,14,True,False,pretrain_train,pretraining_macrocycle; max_phase=None
PREMAC_e4a4ac5e54,ChEMBL_macrocycle_scan,CHEMBL309972,CC[C@H]1OC(=O)[C@H](C)[C@H]2OC3(CCN(CCc4ccc5ccccc5n4)CC3)O[C@](C)(C[C@@H](C)CN[C@H](C)[C@@H](O)[C@]1(C)O)[C@H](O[C@@H]1O[C@H](C)C[C@H](N(C)C)[C@H]1O)[C@H]2C,RGULNXLQXAJKOP-IMYSOWAISA-N,,,,broad_macrocycle_pretrain,,,15,True,False,pretrain_train,pretraining_macrocycle; max_phase=None
PREMAC_cba839476d,ChEMBL_macrocycle_scan,CHEMBL438281,CC(C)[C@H]1NC(=O)[C@H](CCCCN)NC(=O)[C@@H](Cc2c[nH]c3ccccc23)NC(=O)[C@H](Cc2cccnc2)NC(=O)[C@@H](NC(=O)[C@@H](N)Cc2ccccc2F)CSSC[C@H](C(=O)N[C@@H](Cc2ccccc2F)C(N)=O)NC1=O,OCHMDWMGQAQDSI-HGYOODBQSA-N,,,,broad_macrocycle_pretrain,,,20,True,False,pretrain_train,pretraining_macrocycle; max_phase=None
PREMAC_f8581401da,ChEMBL_macrocycle_scan,CHEMBL436557,CC[C@H]1OC(=O)[C@H](C)[C@@H](O[C@H]2C[C@@](C)(OC)[C@@](O)(c3cccs3)[C@H](C)O2)[C@H](C)[C@@H](O[C@@H]2O[C@H](C)C[C@H](N(C)C)[C@H]2O)[C@](C)(O)C[C@@H](C)CN[C@H](C)[C@@H](O)[C@]1(C)O,FNNWFFHHFZXVQP-RQTSPDPLSA-N,,,,broad_macrocycle_pretrain,,,15,True,False,pretrain_train,pretraining_macrocycle; max_phase=None
PREMAC_70f516ede8,ChEMBL_macrocycle_scan,CHEMBL282141,COOC1(OOCCCCCCI)CCCCCCCCCCC1,UBEZDUSDYQQTDH-UHFFFAOYSA-N,,,,broad_macrocycle_pretrain,,,12,True,False,pretrain_train,pretraining_macrocycle; max_phase=None
PREMAC_91ea1067f0,ChEMBL_macrocycle_scan,CHEMBL309606,CC[C@H]1OC(=O)[C@H](C)[C@H]2OC3(CCN(Cc4ccc(-c5ccccc5)cc4)CC3)O[C@](C)(C[C@@H](C)CN(C)[C@H](C)[C@@H](O)[C@]1(C)O)[C@H](O[C@@H]1O[C@H](C)C[C@H](N(C)C)[C@H]1O)[C@H]2C,KQIVJGCEOGMWMI-DDXRARNKSA-N,,,,broad_macrocycle_pretrain,,,15,True,False,pretrain_train,pretraining_macrocycle; max_phase=None
PREMAC_9adca0aa01,ChEMBL_macrocycle_scan,CHEMBL265343,CC[C@H]1OC(=O)CC(O)[C@H](C)[C@@H](O[C@@H]2O[C@H](C)C[C@H](N(C)C)[C@H]2O)[C@@H](CCN2CCOCC2)C[C@@H](C)C(=O)/C=C/C(C)=C/[C@@H]1C,XDCMQTFTCYZOSU-GMSKGLBDSA-N,,,,broad_macrocycle_pretrain,,,16,True,False,pretrain_train,pretraining_macrocycle; max_phase=None
PREMAC_49a54f2f29,ChEMBL_macrocycle_scan,CHEMBL44810,CC[C@H]1OC(=O)/C(C)=C/[C@H](C)[C@@H](O[C@@H]2O[C@H](C)C[C@H](N(C)C)[C@H]2O)[C@@](C)(OC)C[C@@H](C)C(=O)[C@H](C)[C@H]2N(NC/C=C/c3ccccc3)C(=O)O[C@]12C,ZSPQAQKMTIZNMH-CVUXEZETSA-N,,,,broad_macrocycle_pretrain,,,14,True,False,pretrain_train,pretraining_macrocycle; max_phase=None
PREMAC_70a690aeaf,ChEMBL_macrocycle_scan,CHEMBL300372,CCCC[C@@]1(O)[C@H](C)O[C@@H](O[C@H]2[C@H](C)[C@@H](O[C@@H]3O[C@H](C)C[C@H](N(C)C)[C@H]3O)[C@](C)(O)C[C@@H](C)CN[C@H](C)[C@@H](O)[C@](C)(O)[C@@H](CC)OC(=O)[C@@H]2C)C[C@@]1(C)OC,XGRODDAWSNAYLR-GQOMQJQLSA-N,,,,broad_macrocycle_pretrain,,,15,True,False,pretrain_train,pretraining_macrocycle; max_phase=None
PREMAC_428db3e058,ChEMBL_macrocycle_scan,CHEMBL278891,N[C@@H](Cc1ccc(O)cc1)C(=O)N[C@@H]1CCCNC(=O)CNC(=O)[C@H]2CCCN2C(=O)[C@H](Cc2cccc3ccccc23)NC1=O,NKJJNXZVPZHGIR-ICYKMPLBSA-N,,,,broad_macrocycle_pretrain,,,15,True,False,pretrain_train,pretraining_macrocycle; max_phase=None
PREMAC_f39f8f7f8e,ChEMBL_macrocycle_scan,CHEMBL289838,CC[C@H]1OC(=O)/C(C)=C/[C@H](C)[C@@H](O[C@@H]2O[C@H](C)C[C@H](N(C)C)[C@H]2O)[C@@](C)(OC)C[C@@H](C)C(=O)[C@H](C)[C@H]2N(NCc3ccc(N(C)C)cc3)C(=O)O[C@]12C,SEMFWXLEVRKJLS-GZXMRBOCSA-N,,,,broad_macrocycle_pretrain,,,14,True,False,pretrain_train,pretraining_macrocycle; max_phase=None
PREMAC_5becc2d46f,ChEMBL_macrocycle_scan,CHEMBL431727,CC[C@H]1OC(=O)C[C@@H](O)[C@H](C)[C@@H](O[C@@H]2O[C@H](C)[C@@H](O)[C@H](N(C)C)[C@H]2O)[C@@H](CCN2C(=O)c3ccccc3C2=O)C[C@@H](C)C(=O)/C=C/C(C)=C/[C@@H]1CO,KEPPJQCQVJPFII-QCYRSXNMSA-N,,,,broad_macrocycle_pretrain,,,16,True,False,pretrain_train,pretraining_macrocycle; max_phase=None
PREMAC_0e907d93e0,ChEMBL_macrocycle_scan,CHEMBL301896,CCCCCCCCCCCCOC(=O)[C@H](O)C/C=C\C[C@@H]1O[C@@H]2/C=C/C/C=C/C(C)=C\[C@H]3O[C@@H](C/C=C/C=C/C(=O)O[C@H](C2)[C@@]1(C)CO)C[C@H](O)[C@H]3C,MVNNHKYJZMHQHS-QKYKMSATSA-N,,,,broad_macrocycle_pretrain,,,20,True,False,pretrain_train,pretraining_macrocycle; max_phase=None
PREMAC_65187a45f3,ChEMBL_macrocycle_scan,CHEMBL263627,CO[C@H]1/C=C\C=C(/C)C(=O)NC2=CC(=O)C(NCCCCC#C[C@]3(O)CC[C@@]4(C)C5CCC6=CC(=O)CC[C@]6(C)[C@@]5(C)CC[C@@]43C)=C(C[C@H](C)C[C@H](OC)[C@@H](O)[C@H](C)/C=C(\C)C[C@@H]1OC(N)=O)C2=O,BBXIKXVEOQHAND-BHPHKQJOSA-N,,,,broad_macrocycle_pretrain,,,20,True,False,pretrain_train,pretraining_macrocycle; max_phase=None
PREMAC_04679e1c9c,ChEMBL_macrocycle_scan,CHEMBL21873,N#CCCNCCN(CCNCCC#N)CCNC1CCCCCCCCCCC1,JXAOQAGPCBUXSE-UHFFFAOYSA-N,,,,broad_macrocycle_pretrain,,,12,True,False,pretrain_train,pretraining_macrocycle; max_phase=None
PREMAC_5e5c16c300,ChEMBL_macrocycle_scan,CHEMBL36624,COC(=O)[C@@H]1CSCc2c(O)cc(OC)c(C)c2C(=O)OCC(NC(=O)OC(C)(C)C)C(=O)N1,AOGYCWGLPVTBNN-KZUDCZAMSA-N,,,,broad_macrocycle_pretrain,,,12,True,False,pretrain_train,pretraining_macrocycle; max_phase=None
PREMAC_d3dae09705,ChEMBL_macrocycle_scan,CHEMBL437452,NCCC[C@H](N)CC(=O)NC1CNC(=O)[C@@H](C2CC(NC(=O)OCc3ccc(Cl)cc3F)N=C(N)N2)NC(=O)/C(=C/NC(N)=O)NC(=O)[C@@H](CO)NC(=O)[C@@H](CO)NC1=O,RJXPFXWZEOMJHI-VCZIETFASA-N,,,,broad_macrocycle_pretrain,,,16,True,False,pretrain_train,pretraining_macrocycle; max_phase=None
PREMAC_bcad4abc5e,ChEMBL_macrocycle_scan,CHEMBL27680,COOC1(OOC(C)(C)OC)CCCCCCCCCCC1,BFYTYAJNSKEVOR-UHFFFAOYSA-N,,,,broad_macrocycle_pretrain,,,12,True,False,pretrain_train,pretraining_macrocycle; max_phase=None
PREMAC_d9a0cfc9f8,ChEMBL_macrocycle_scan,CHEMBL13546,CCCN1C[C@H](C)[C@@H](O)[C@](C)(O)[C@@H](CC)OC(=O)[C@H](C)[C@@H](O[C@H]2C[C@@](C)(OC)C(N)[C@H](C)O2)[C@H](C)[C@@H](O[C@@H]2O[C@H](C)C[C@H](N(C)C)[C@H]2O)[C@](C)(O)C[C@H]1C,KTGHFDSMYHAZKQ-JDDDQEIHSA-N,,,,broad_macrocycle_pretrain,,,15,True,False,pretrain_train,pretraining_macrocycle; max_phase=None
PREMAC_f9b3d8c24e,ChEMBL_macrocycle_scan,CHEMBL310887,CC[C@H]1OC(=O)[C@H](C)[C@H]2OC3(CCN(CCc4cccc(OC)c4)CC3)O[C@](C)(C[C@@H](C)CN(C)[C@H](C)[C@@H](O)[C@]1(C)O)[C@H](O[C@@H]1O[C@H](C)C[C@H](N(C)C)[C@H]1O)[C@H]2C,VYOQILHKYNKXRG-JBDOFWSRSA-N,,,,broad_macrocycle_pretrain,,,15,True,False,pretrain_train,pretraining_macrocycle; max_phase=None
PREMAC_616fb31f0b,ChEMBL_macrocycle_scan,CHEMBL282555,CC[C@H]1OC(=O)[C@H](C)[C@H]2OC3(CCN(c4ccc([N+](=O)[O-])cc4)CC3)O[C@](C)(C[C@@H](C)CN(C)[C@H](C)[C@@H](O)[C@]1(C)O)[C@H](O[C@@H]1O[C@H](C)CC(N(C)C)[C@H]1O)[C@H]2C,VAFKBOOENPCZQS-VWPBGQCNSA-N,,,,broad_macrocycle_pretrain,,,15,True,False,pretrain_train,pretraining_macrocycle; max_phase=None
PREMAC_be32e8c161,ChEMBL_macrocycle_scan,CHEMBL268002,CC[C@H]1OC(=O)[C@H](C)[C@@H](O[C@H]2C[C@@](C)(OC)C(N)[C@H](C)O2)[C@H](C)[C@@H](O[C@@H]2O[C@H](C)C[C@H](N(C)C)[C@H]2O)[C@](C)(O)C[C@@H](C)N(C)C[C@H](C)[C@@H](O)[C@]1(C)O,DDKAMWZDUSOYAG-YTPZRLISSA-N,,,,broad_macrocycle_pretrain,,,15,True,False,pretrain_train,pretraining_macrocycle; max_phase=None
PREMAC_f4cd7781ef,ChEMBL_macrocycle_scan,CHEMBL297852,CC[C@H]1OC(=O)C[C@@H](O)[C@H](C)[C@@H](O[C@@H]2O[C@H](C)[C@@H](O)[C@H](N(C)C)[C@H]2O)[C@@H](CCN2CCCCCCC2)C[C@@H](C)C(=O)/C=C/C(C)=C/[C@@H]1CO[C@@H]1O[C@H](C)[C@@H](O)[C@@H](OC)[C@H]1OC,ISXLOUPTYKJKDA-GAWSDFDHSA-N,,,,broad_macrocycle_pretrain,,,16,True,False,pretrain_train,pretraining_macrocycle; max_phase=None
PREMAC_15939a756c,ChEMBL_macrocycle_scan,CHEMBL386471,CC(C)[C@@H]1CN[C@@H](C(=O)N[C@H](C(N)=O)[C@@H](C)O)CSSC[C@H](NC(=O)[C@@H](N)Cc2ccccc2)C(=O)N[C@@H](Cc2ccc(O)cc2)C(=O)N[C@H](Cc2c[nH]c3ccccc23)C(=O)N[C@@H](CCCCN)C(=O)N1,NXPDQLHOSGJBKV-SEAXYXQHSA-N,,,,broad_macrocycle_pretrain,,,20,True,False,pretrain_train,pretraining_macrocycle; max_phase=None
PREMAC_9a227e5adb,ChEMBL_macrocycle_scan,CHEMBL404804,NC(=O)CC[C@H]1NC(=O)[C@H](Cc2ccccc2)NC(=O)[C@@H](Cc2ccc(O)cc2)NC(=O)[C@H](N)CSSC[C@@H](C(=O)C2CC=C[C@@H]2C(=O)N[C@@H](CCCN=C(N)N)C(=O)NCC(=O)O)NC(=O)[C@H](CC(N)=O)NC1=O,MLSWCGPVGRLEAW-XMLRCPJVSA-N,,,,broad_macrocycle_pretrain,,,20,True,False,pretrain_train,pretraining_macrocycle; max_phase=None
PREMAC_3a8820b8c6,ChEMBL_macrocycle_scan,CHEMBL288073,CCCCCN1C(=O)[C@@H](C)NC(=O)[C@@H]2Cc3ccc(OC)c(c3)Oc3ccc(cc3)C[C@@H](C(=O)N2C)N(C)C(=O)[C@H](C)NC(=O)[C@H](Cc2ccc(OC)cc2)N(C)C(=O)[C@@H]1C,UIUNNTLPHGVSTD-DRMQKWIMSA-N,,,,broad_macrocycle_pretrain,,,18,True,False,pretrain_train,pretraining_macrocycle; max_phase=None
PREMAC_1599723202,ChEMBL_macrocycle_scan,CHEMBL42743,CC[C@H]1OC(=O)C[C@@H](O)[C@H](C)[C@@H](O[C@@H]2O[C@H](C)[C@@H](O[C@H]3C[C@@](C)(O)[C@@H](O)[C@H](C)O3)[C@H](N(C)C)[C@H]2O)[C@@H](CC=O)C[C@@H](C)C(=O)/C=C/C(C)=C/[C@@H]1CO[C@@H]1O[C@H](C)[C@@H](O)[C@@H](OC)[C@H]1OC,WBPYTXDJUQJLPQ-VMXQISHHSA-N,,,,broad_macrocycle_pretrain,,,16,True,False,pretrain_train,pretraining_macrocycle; max_phase=2.0
PREMAC_91b3ab2938,ChEMBL_macrocycle_scan,CHEMBL48893,C=C(C)[C@H]1CC2O[C@@](O)(/C(C)=C\C(=O)/C=C(/C)C[C@H]3OC(=O)[C@@]24O[C@H]34)[C@@H]1OC(C)=O,HMJCTYOUGGYKMA-SVRAUSSSSA-N,,,,broad_macrocycle_pretrain,,,12,True,False,pretrain_train,pretraining_macrocycle; max_phase=None
PREMAC_5f46d37daf,ChEMBL_macrocycle_scan,CHEMBL73922,CCCCCCCCCC[C@H]1OC(=O)CNC(=O)[C@@H]([C@H](C)O)NC(=O)[C@H](CO)NC(=O)[C@H]([C@H](C)CC)NC(=O)[C@H](CC(C)C)N(C)C(=O)[C@@H]1C,XJUHQLYDQQQVBO-UMBBCUFVSA-N,,,,broad_macrocycle_pretrain,,,19,True,False,pretrain_train,pretraining_macrocycle; max_phase=None
PREMAC_1081b29114,ChEMBL_macrocycle_scan,CHEMBL385746,C[C@@H](O)[C@@H]1NC(=O)[C@H](CCCCN)NC(=O)[C@@H](Cc2c[nH]c3ccccc23)NC(=O)[C@@H](Cc2ccccn2)NC(=O)[C@@H](NC(=O)[C@@H](N)Cc2ccc(Cl)cc2)CSSC[C@@H](C(=O)N[C@@H](Cc2ccc3ccccc3c2)C(N)=O)NC1=O,GCUVZFXQQBLWJG-CKUVSZACSA-N,,,,broad_macrocycle_pretrain,,,20,True,False,pretrain_train,pretraining_macrocycle; max_phase=None
PREMAC_82c05e39f4,ChEMBL_macrocycle_scan,CHEMBL408663,CC(C)[C@@H]1NC(=O)c2cccc(n2)CNC(=O)[C@H](CC(=O)O)NC(=O)CNC(=O)[C@H](CCCN=C(N)N)N(C)C1=O,WFKAYQKNZKERIA-ZWOKBUDYSA-N,,,,broad_macrocycle_pretrain,,,18,True,False,pretrain_train,pretraining_macrocycle; max_phase=None
PREMAC_f10a5bd6d6,ChEMBL_macrocycle_scan,CHEMBL45409,COC(=O)c1cc2ccc1[C@@H]1CC[C@H]([C@H](C)CCCC(C)C)[C@@]1(C)CC/C=C(/C)CCC(=O)C2,MPBBVCREOZICFM-HRMXSXNQSA-N,,,,broad_macrocycle_pretrain,,,14,True,False,pretrain_train,pretraining_macrocycle; max_phase=None
PREMAC_49bc1cfe7e,ChEMBL_macrocycle_scan,CHEMBL264604,CC[C@H]1OC(=O)C[C@@H](O)[C@H](C)[C@@H](O[C@@H]2O[C@H](C)[C@@H](O[C@H]3C[C@@](C)(O)[C@@H](O)[C@H](C)O3)[C@H](N(C)C)[C@H]2O)[C@@H](C)C[C@@H](C)C(=O)/C=C/C(C)=C/[C@@H]1CO[C@@H]1O[C@H](C)[C@@H](O)[C@@H](OC)[C@H]1OC,DYQLJLSOTKRQCO-DIYLDRNKSA-N,,,,broad_macrocycle_pretrain,,,16,True,False,pretrain_train,pretraining_macrocycle; max_phase=None
PREMAC_fa3a928bc8,ChEMBL_macrocycle_scan,CHEMBL310943,N#Cc1ccc2cc1Oc1cccc(c1)C(c1ccccc1)N1CCC(NCc3cncn3C2)C1=O,UEBNHTSMTQUOQB-UHFFFAOYSA-N,,,,broad_macrocycle_pretrain,,,16,True,False,pretrain_train,pretraining_macrocycle; max_phase=None
PREMAC_8071905442,ChEMBL_macrocycle_scan,CHEMBL298192,CC[C@H]1OC(=O)/C(C)=C/[C@H](C)[C@@H](O[C@@H]2O[C@H](C)C[C@H](N(C)C)[C@H]2O)[C@@](C)(OC)C[C@@H](C)C(=O)[C@H](C)[C@H]2N(CCc3cccc(C(F)(F)F)c3)C(=O)O[C@]12C,BNLDSHRCFJNLQS-ZGMODJPSSA-N,,,,broad_macrocycle_pretrain,,,14,True,False,pretrain_train,pretraining_macrocycle; max_phase=None
PREMAC_3f9e3c03a0,ChEMBL_macrocycle_scan,CHEMBL24997,CCC1=C(CC)c2cc3[nH]c(cc4nc(cc5[nH]c(cc1n2)C1=CCC(C(=O)OC)=C(C(=O)OC)C15CC)C(CC)=C4CC)c(CC)c3CC,DOGLGLBLRZBUJE-UHFFFAOYSA-N,,,,broad_macrocycle_pretrain,,,16,True,False,pretrain_train,pretraining_macrocycle; max_phase=None
PREMAC_7b6555d88e,ChEMBL_macrocycle_scan,CHEMBL276805,NC(N)=NCCC[C@H](N)CC(=O)NC[C@@H]1NC(=O)[C@H](CO)NC(=O)C(N)CNC(=O)[C@H](C2CCN=C(N)N2)NC(=O)/C(=C/NC(=O)Nc2ccc(C3CCCCC3)cc2)NC1=O,CITBDWYTFAUWCY-XVUDXMJSSA-N,,,,broad_macrocycle_pretrain,,,16,True,False,pretrain_train,pretraining_macrocycle; max_phase=None
PREMAC_7f9ea8fa00,ChEMBL_macrocycle_scan,CHEMBL262753,COc1ccc(C[C@H]2NC(=O)CCSSC[C@@H](C(=O)N3CCC[C@@H]3C(=O)N[C@H](CCCN=C(N)N)C(=O)NCC(N)=O)NC(=O)[C@H](CC(N)=O)NC(=O)[C@@H](C(C)C)NC(=O)[C@H](Cc3ccccc3)NC2=O)cc1,GDTIHLWEYOUSKB-VMHDTZIWSA-N,,,,broad_macrocycle_pretrain,,,20,True,False,pretrain_train,pretraining_macrocycle; max_phase=None
PREMAC_34e30d9411,ChEMBL_macrocycle_scan,CHEMBL66039,NC(=O)[C@@H]1CC(=O)NCCC[C@@H](NC(=O)[C@@H](N)Cc2ccc(O)cc2)C(=O)N[C@@H](C2CCCCC2)C(=O)N1,NWGQJLUMVGAMDN-IIZPIQPGSA-N,,,,broad_macrocycle_pretrain,,,13,True,False,pretrain_train,pretraining_macrocycle; max_phase=None
PREMAC_2ed48fcef7,ChEMBL_macrocycle_scan,CHEMBL310945,CC[C@H]1OC(=O)[C@H](C)[C@@H](O[C@H]2C[C@@](C)(OC)[C@@H](O)[C@H](C)O2)[C@H](C)[C@@H](OC2O[C@H](C)C[C@H](N(C)C)[C@H]2O)[C@](C)(OC)C[C@@H](C)C(=O)N[C@H](C)[C@@H](O)[C@]1(C)O,DKJDMFKBFWCHQJ-KTAMMEBISA-N,,,,broad_macrocycle_pretrain,,,15,True,False,pretrain_train,pretraining_macrocycle; max_phase=None
PREMAC_82c49e49d5,ChEMBL_macrocycle_scan,CHEMBL44505,CCn1cc(C(=O)Nc2ccc3c(c2)C(=O)NCCC(=O)N[C@@H](CCN)C(=O)N[C@H](Cc2ccccc2)CO3)c(=O)c2ccc(C)nc21,FBNQLZUCWMSTKD-YWEHKCAJSA-N,,,,broad_macrocycle_pretrain,,,14,True,False,pretrain_train,pretraining_macrocycle; max_phase=None
PREMAC_822bd80541,ChEMBL_macrocycle_scan,CHEMBL408773,CNCC(=O)N[C@@H](CCCN=C(N)N)C(=O)N1C[C@H]2C[C@H]1C(=O)N[C@@H](Cc1ccc(O)cc1)C(=O)N[C@H](C(=O)N[C@@H](Cc1c[nH]cn1)C(=O)N1CCC[C@H]1C(=O)N[C@@H](Cc1ccccc1)C(=O)O)CSS2,REABXZNZWCYJOF-PKVJMXJZSA-N,,,,broad_macrocycle_pretrain,,,12,True,False,pretrain_train,pretraining_macrocycle; max_phase=None
PREMAC_268243de3c,ChEMBL_macrocycle_scan,CHEMBL269195,C=CCN1C[C@H](C)[C@@H](O)[C@](C)(O)[C@@H](CC)OC(=O)[C@H](C)[C@@H](O[C@H]2C[C@@](C)(OC)C(N)[C@H](C)O2)[C@H](C)[C@@H](O[C@@H]2O[C@H](C)C[C@H](N(C)C)[C@H]2O)[C@](C)(O)C[C@H]1C,AEBGBWRCVGILDN-JDDDQEIHSA-N,,,,broad_macrocycle_pretrain,,,15,True,False,pretrain_train,pretraining_macrocycle; max_phase=None
PREMAC_5efcdd981a,ChEMBL_macrocycle_scan,CHEMBL274130,COc1ccc(C[C@H]2NC(=O)/C=C/C[C@@H](C(=O)C#Cc3ccccc3)OC(=O)[C@H](CC(C)C)OC(=O)[C@H](C)CNC2=O)cc1,GFZCAIYNCMMPBG-VZGBYQJOSA-N,,,,broad_macrocycle_pretrain,,,16,True,False,pretrain_train,pretraining_macrocycle; max_phase=None
PREMAC_5d32c0109f,ChEMBL_macrocycle_scan,CHEMBL263342,C[C@@H](O)[C@H](NC(=O)[C@@H]1NC(=O)CNC(=O)[C@H](CCCCN)NC(=O)[C@@H](Cc2c[nH]c3ccccc23)NC(=O)[C@H](Cc2ccc(O)cc2)NC(=O)[C@@H](NC(=O)[C@H](N)Cc2ccccc2)CSSC1(C)C)C(N)=O,GHGYBWDQDIPKMV-NIJHCXRNSA-N,,,,broad_macrocycle_pretrain,,,20,True,False,pretrain_train,pretraining_macrocycle; max_phase=None
PREMAC_270ee102c5,ChEMBL_macrocycle_scan,CHEMBL405818,CCOc1ccc(C[C@H]2NC(=O)CC3(CCCCC3)SSC[C@H](C(=O)NCCCCCN)NC(=O)[C@@H](CC(N)=O)NC(=O)[C@H](C(C)C)NC(=O)[C@@H](Cc3ccccc3)NC2=O)cc1,PDBKYPQULNSDDF-DMRKQDHBSA-N,,,,broad_macrocycle_pretrain,,,20,True,False,pretrain_train,pretraining_macrocycle; max_phase=None
PREMAC_0c1c5912f8,ChEMBL_macrocycle_scan,CHEMBL41825,CCCCCCCCCCCCN1C(=O)c2c3nc(cc4nc(cc5[nH]c(cc6[nH]c2c(c6C)C1=O)c(CC)c5C)C(C(C)OCCCCCC)=C4C)[C@@H](C)[C@@H]3CCC(=O)OC,JPONSNLJYFNXBY-SQMUEVOUSA-N,,,,broad_macrocycle_pretrain,,,16,True,False,pretrain_train,pretraining_macrocycle; max_phase=None
PREMAC_4476236e12,ChEMBL_macrocycle_scan,CHEMBL436666,CNCC(=O)N[C@@H](CCCN=C(N)N)C(=O)N[C@H]1CCC(=O)NCCCC[C@@H](C(=O)N[C@@H](Cc2c[nH]cn2)C(=O)N2CCC[C@H]2C(=O)N[C@H](Cc2ccccc2)C(=O)O)NC(=O)[C@H](Cc2ccc(O)cc2)NC1=O,ILHKHKZWSBOPQV-OFDRTADWSA-N,,,,broad_macrocycle_pretrain,,,15,True,False,pretrain_train,pretraining_macrocycle; max_phase=None
PREMAC_5ef1ff60db,ChEMBL_macrocycle_scan,CHEMBL405499,CC(C)[C@H]1NC(=O)[C@H](Cc2ccccc2)NC(=O)[C@H](Cc2ccccc2)NC(=O)CC2(CCCCC2)SSC[C@@H](C(=O)N2CCC[C@H]2C(=O)N[C@H](CCCN=C(N)N)C(=O)NCC(N)=O)NC(=O)[C@H](CC(N)=O)NC1=O,AUPQOJCSCYBFTO-WKHGZLICSA-N,,,,broad_macrocycle_pretrain,,,20,True,False,pretrain_train,pretraining_macrocycle; max_phase=None
PREMAC_f35c3096d9,ChEMBL_macrocycle_scan,CHEMBL435777,NC(N)=NCC[C@H]1NC(=O)[C@H](Cc2c[nH]c3ccccc23)NC(=O)[C@@H](CC2CCCCC2)NC(=O)[C@@H]2CCCN2C(=O)[C@@H](NC(=O)[C@@H](N)Cc2ccccc2)CCCCNC1=O,AGJLQWICTGRNHX-AEYODTTDSA-N,,,,broad_macrocycle_pretrain,,,19,True,False,pretrain_train,pretraining_macrocycle; max_phase=None
PREMAC_280431ddc2,ChEMBL_macrocycle_scan,CHEMBL46967,CC(C)CCN(C[C@@H](O)[C@@H]1Cc2ccc(cc2)OCCCCCC(=O)N[C@@H](C(C)C)C(=O)N1)S(=O)(=O)c1cccc2cccnc12,ABEPSBWODXCWNX-VATRQPNGSA-N,,,,broad_macrocycle_pretrain,,,17,True,False,pretrain_train,pretraining_macrocycle; max_phase=None
PREMAC_2dcdcd63e7,ChEMBL_macrocycle_scan,CHEMBL385213,C[N+](C)(C)Cc1ccc(-c2c3nc(c(-c4ccc(C[N+](C)(C)C)cc4)c4ccc([nH]4)c(-c4ccc(C[N+](C)(C)C)cc4)c4ccc([nH]4)c(-c4ccc(C[N+](C)(C)C)cc4)c4nc2C=C4)C=C3)cc1.[Cl-].[Cl-].[Cl-].[Cl-],ZDFKTTFNYAKRTC-UHFFFAOYSA-J,,,,broad_macrocycle_pretrain,,,16,True,False,pretrain_train,pretraining_macrocycle; max_phase=None
PREMAC_d3a41a2fa4,ChEMBL_macrocycle_scan,CHEMBL54212,N#Cc1ccc2cc1Oc1ccc3cccc(c3c1)C(=O)NCCNCc1cncn1C2,LUQBIRLUHCYXQM-UHFFFAOYSA-N,,,,broad_macrocycle_pretrain,,,17,True,False,pretrain_train,pretraining_macrocycle; max_phase=None
PREMAC_1451f03cf9,ChEMBL_macrocycle_scan,CHEMBL9355,CC1CCOC(=O)/C=C/C=C\C(=O)O[C@@H]2C[C@H]3O[C@@H]4[C@@H]5O[C@]5(C)CC[C@]4(COC(=O)C1O)[C@]2(C)C31CO1,CLNDGDZYSDRNSO-WETTXFNFSA-N,,,,broad_macrocycle_pretrain,,,18,True,False,pretrain_train,pretraining_macrocycle; max_phase=None
PREMAC_fed211aed2,ChEMBL_macrocycle_scan,CHEMBL427567,CC[C@H]1OC(=O)C[C@@H](O)[C@H](C)[C@@H](O[C@@H]2O[C@H](C)[C@@H](O[C@H]3C[C@@](C)(O)[C@@H](O)[C@H](C)O3)[C@H](N(C)C)[C@H]2O)[C@@H](C)C[C@@H](C)C(=O)/C=C/C(C)=C/[C@@H]1CO,LXHKXOVQLSDGHY-DTFJQZABSA-N,,,,broad_macrocycle_pretrain,,,16,True,False,pretrain_train,pretraining_macrocycle; max_phase=None
PREMAC_0954db2cdb,ChEMBL_macrocycle_scan,CHEMBL216353,C[C@@H](O)[C@@H]1NC(=O)[C@H](CCCCN)NC(=O)[C@H](Cc2c[nH]c3ccccc23)NC(=O)[C@H](Cc2ccc(O)cc2)NC(=O)[C@@H](NC(=O)[C@H](N)Cc2ccccc2)CSSC(C)(C)[C@@H](C(=O)N[C@@H](CC(N)=O)C(N)=O)NC1=O,RTBMXCZGXDQCQH-RSYJOQQOSA-N,,,,broad_macrocycle_pretrain,,,20,True,False,pretrain_train,pretraining_macrocycle; max_phase=None
PREMAC_8119e8925f,ChEMBL_macrocycle_scan,CHEMBL408302,CCC(C)[C@H]1O[C@]2(C=C[C@@H]1C)C[C@@H]1C[C@@H](C/C=C(\C)[C@@H](O[C@H]3C[C@H](OC)[C@@H](O[C@H]4C[C@H](OC)[C@H](N(C)C)[C@H](C)O4)[C@H](C)O3)[C@@H](C)/C=C/C=C3\CO[C@@H]4[C@H](O)C(C)=C[C@@H](C(=O)O1)[C@]34O)O2,HIKFYTJKQRMVRQ-SQHUZQEMSA-N,,,,broad_macrocycle_pretrain,,,16,True,False,pretrain_train,pretraining_macrocycle; max_phase=None
PREMAC_240dea4aa9,ChEMBL_macrocycle_scan,CHEMBL413950,C[C@@H](O)[C@H](NC(=O)[C@@H]1NC(=O)[C@@H]([C@@H](C)O)NC(=O)[C@H](CCCN=C(N)N)NC(=O)[C@@H](Cc2c[nH]c3ccccc23)NC(=O)[C@H](Cc2ccc(O)cc2)NC(=O)[C@@H](NC(=O)[C@H](N)Cc2ccccc2)CSSC1(C)C)C(N)=O,OFMQLVRLOGHAJI-JGPYJKKXSA-N,,,,broad_macrocycle_pretrain,,,20,True,False,pretrain_train,pretraining_macrocycle; max_phase=None
PREMAC_e6f5e02113,ChEMBL_macrocycle_scan,CHEMBL42081,CC[C@H]1OC(=O)/C(C)=C/[C@H](C)[C@@H](O[C@@H]2O[C@H](C)C[C@H](N(C)C)[C@H]2O)[C@@](C)(OC)C[C@@H](C)C(=O)[C@H](C)[C@H]2N(CCc3ccc(Br)cc3)C(=O)O[C@]12C,UHURXLBOBIPACL-RFAGPKTGSA-N,,,,broad_macrocycle_pretrain,,,14,True,False,pretrain_train,pretraining_macrocycle; max_phase=None
PREMAC_d7a942643c,ChEMBL_macrocycle_scan,CHEMBL412569,CC1(C)SSC(C)(C)[C@@H](NC(=O)[C@@H](N)Cc2ccc(O)c([N+](=O)[O-])c2)C(=O)NCC(=O)N[C@@H](Cc2ccccc2)C(=O)N[C@H]1C(=O)O,OJUQGPYQUAXREA-WJNSRDFLSA-N,,,,broad_macrocycle_pretrain,,,14,True,False,pretrain_train,pretraining_macrocycle; max_phase=None
PREMAC_fabd0decf4,ChEMBL_macrocycle_scan,CHEMBL9899,COc1ccc(C[C@H]2NC(=O)/C=C/C[C@@H](C(O)CCc3ccccc3)OC(=O)[C@H](CC(C)C)OC(=O)CCNC2=O)cc1,PFGHAYYAZWJCJS-MWWBPNNQSA-N,,,,broad_macrocycle_pretrain,,,16,True,False,pretrain_train,pretraining_macrocycle; max_phase=None
PREMAC_03354eda9d,ChEMBL_macrocycle_scan,CHEMBL40333,CCCCCCC[C@H]1OC(=O)C[C@@H](OCOC)[C@H](Cc2ccccc2)N(C)C(=O)[C@H](C(C)C)OC(=O)[C@H]1C,STAAVYLOHNGUFX-ZNKMBPQTSA-N,,,,broad_macrocycle_pretrain,,,12,True,False,pretrain_train,pretraining_macrocycle; max_phase=None
PREMAC_f0c2a13e5a,ChEMBL_macrocycle_scan,CHEMBL13774,COc1ccc(C[C@H]2NC(=O)/C=C/C[C@@H](C(O)/C=C/c3ccccc3)OC(=O)[C@H](CC(C)C)OC(=O)[C@H](C)CNC2=O)cc1,ZDFGKRBKHGJHPV-WRXWOCILSA-N,,,,broad_macrocycle_pretrain,,,16,True,False,pretrain_train,pretraining_macrocycle; max_phase=None
PREMAC_bb25533ae9,ChEMBL_macrocycle_scan,CHEMBL289025,CC[C@H]1OC(=O)/C(C)=C/[C@H](C)[C@@H](O[C@@H]2O[C@H](C)C[C@H](N(C)C)[C@H]2O)[C@@](C)(OC)C[C@@H](C)C(=O)[C@H](C)[C@H]2N(CC/C=C\c3ccc(Cl)cc3)C(=O)O[C@]12C,VJWAUAJMXMVZCO-IOMRSDAMSA-N,,,,broad_macrocycle_pretrain,,,14,True,False,pretrain_train,pretraining_macrocycle; max_phase=None
PREMAC_4dcdf224b7,ChEMBL_macrocycle_scan,CHEMBL45829,NC(=O)C[C@@H]1NC(=O)[C@H](NC(=O)OCC2c3ccccc3-c3ccccc32)Cc2ccc(cc2)Oc2c(O)ccc(CC(=O)O)c2NC1=O,NFEHZKXTTYRMHM-IZLXSDGUSA-N,,,,broad_macrocycle_pretrain,,,14,True,False,pretrain_train,pretraining_macrocycle; max_phase=None
PREMAC_d14c661e4b,ChEMBL_macrocycle_scan,CHEMBL14838,NCCC[C@H](N)CC(=O)NC1CNC(=O)[C@H](C2C[C@@H](O)N=C(N)N2)NC(=O)/C(=C/Nc2ccc(Cl)c(Cl)c2)NC(=O)[C@H](CO)NC(=O)[C@H](CO)NC1=O,AZXYXKFXTWLUOM-VARHHJQJSA-N,,,,broad_macrocycle_pretrain,,,16,True,False,pretrain_train,pretraining_macrocycle; max_phase=None
PREMAC_0d9d0d7e0f,ChEMBL_macrocycle_scan,CHEMBL38977,CCCC[C@H]1OC(=O)C[C@H](OCOC)[C@H](Cc2ccccc2)N(C)C(=O)COC(=O)[C@H]1C,HAHGQVNMKLTSCY-WJMWBRGCSA-N,,,,broad_macrocycle_pretrain,,,12,True,False,pretrain_train,pretraining_macrocycle; max_phase=None
PREMAC_32d7600764,ChEMBL_macrocycle_scan,CHEMBL292743,N=C(N)NCCC[C@@H]1NC(=O)[C@H](CCC(=O)O)NC(=O)CSC[C@@H](C(=O)O)NC(=O)[C@H](CC(=O)O)NC(=O)CNC1=O,BOHIOMJEXMWHQC-CYDGBPFRSA-N,,,,broad_macrocycle_pretrain,,,18,True,False,pretrain_train,pretraining_macrocycle; max_phase=None
PREMAC_6d2604ea14,ChEMBL_macrocycle_scan,CHEMBL298795,C=C(CO)[C@H]1C[C@H](O)[C@@]23O[C@@H]2[C@@H](C[C@]2(C)O[C@H]2c2cc(C)c(o2)[C@@H]1OC(C)=O)OC3=O,JHGPMYNXJUTSNA-UZSUROCWSA-N,,,,broad_macrocycle_pretrain,,,13,True,False,pretrain_train,pretraining_macrocycle; max_phase=None
PREMAC_f5783d1a65,ChEMBL_macrocycle_scan,CHEMBL291678,NC(=O)C[C@@H]1NC(=O)C2(CCCCC2)NC(=O)C[C@@H](c2ccc(CP(=O)(O)O)cc2)/C=C/C[C@@H](Cc2cccc3ccccc23)CNC1=O,RHYFMOCFCFUTNH-GZNVFMSSSA-N,,,,broad_macrocycle_pretrain,,,15,True,False,pretrain_train,pretraining_macrocycle; max_phase=None
PREMAC_1975f72f86,ChEMBL_macrocycle_scan,CHEMBL63535,CC(C)[C@@H]1NC(=O)Cc2csc(n2)NC(=O)[C@H](CC(=O)O)NC(=O)CNC(=O)[C@H](CCCN=C(N)N)N(C)C1=O,ATUSLVQGSHPDDX-DEYYWGMASA-N,,,,broad_macrocycle_pretrain,,,18,True,False,pretrain_train,pretraining_macrocycle; max_phase=None
PREMAC_e75876a38d,ChEMBL_macrocycle_scan,CHEMBL32195,C=C1/C=C(\C)[C@H](CC)OC(=O)[C@H](C)C(=O)[C@@](O)(CO)C/C=C/[C@@H](C)C1,JGVDQHBHLCHHMJ-GOMASLRESA-N,,,,broad_macrocycle_pretrain,,,14,True,False,pretrain_train,pretraining_macrocycle; max_phase=None
PREMAC_bc566b8f53,ChEMBL_macrocycle_scan,CHEMBL9136,CC[C@H]1OC(=O)CC(O)[C@H](C)[C@@H](O[C@@H]2O[C@H](C)C[C@H](N(C)C)[C@H]2O)[C@@H](CCNCCN(C)C)C[C@@H](C)C(=O)/C=C/C(C)=C/[C@@H]1C,YTJKDYXWJQXARE-VLGOSVMCSA-N,,,,broad_macrocycle_pretrain,,,16,True,False,pretrain_train,pretraining_macrocycle; max_phase=None
PREMAC_5e8431a4f6,ChEMBL_macrocycle_scan,CHEMBL305337,N=C(N)NCCC[C@@H]1NC(=O)[C@H](Cc2ccc(O)cc2)NC(=O)CS(=O)(=O)C[C@@H](C(=O)O)NC(=O)[C@H](CC(=O)O)NC(=O)CNC1=O,PIRKTBPNORXZJD-XSLAGTTESA-N,,,,broad_macrocycle_pretrain,,,18,True,False,pretrain_train,pretraining_macrocycle; max_phase=None
PREMAC_6f04a2c072,ChEMBL_macrocycle_scan,CHEMBL46402,CC[C@H]1OC(=O)/C(C)=C/[C@H](C)[C@@H](O[C@@H]2O[C@H](C)C[C@H](N(C)C)[C@H]2O)[C@@](C)(OC)C[C@@H](C)C(=O)/C(C)=C/[C@]1(C)OC(=O)NCCCOc1ccc2ccccc2c1,KBYQYNQHXKXCCL-TUYVVWEUSA-N,,,,broad_macrocycle_pretrain,,,14,True,False,pretrain_train,pretraining_macrocycle; max_phase=None
PREMAC_e15c4a8cea,ChEMBL_macrocycle_scan,CHEMBL404820,CCOc1ccc(C[C@H]2NC(=O)CC(CC)(CC)SSC[C@H](C(=O)N3CCC[C@H]3C(=O)N[C@H](CCCN=C(N)N)C(=O)NCC(N)=O)NC(=O)[C@@H](CC(N)=O)NC(=O)[C@H](C(C)C)NC(=O)[C@@H](Cc3ccccc3)NC2=O)cc1,IYBJSRHJCBIAAN-PBULFYHOSA-N,,,,broad_macrocycle_pretrain,,,20,True,False,pretrain_train,pretraining_macrocycle; max_phase=None
PREMAC_bbd1840f5c,ChEMBL_macrocycle_scan,CHEMBL33428,C=C1/C=C(\C)[C@H](CC)OC(=O)[C@H](C)C(=O)[C@@](O)(CO)[C@@H](OC)/C=C/[C@@H](C)C1,QPAKKFXBRDOIDW-GVMNRWRTSA-N,,,,broad_macrocycle_pretrain,,,14,True,False,pretrain_train,pretraining_macrocycle; max_phase=None
PREMAC_30fe343b67,ChEMBL_macrocycle_scan,CHEMBL410692,CN1C(=O)[C@@H](CCCN=C(N)N)NC(=O)[C@H](Cc2c[nH]c3ccccc23)NC(=O)[C@@H](CC2CCCCC2)NC(=O)[C@@H]2CCCN2C(=O)[C@H](Cc2c[nH]c3ccccc23)NC(=O)[C@@H]1Cc1ccccc1,GWZKTRMPHMGBKC-PQMFPINGSA-N,,,,broad_macrocycle_pretrain,,,18,True,False,pretrain_train,pretraining_macrocycle; max_phase=None
PREMAC_af5c1b9dc9,ChEMBL_macrocycle_scan,CHEMBL288499,COC(=O)[C@@H]1CSCc2c(O)cc(O)c(C)c2C(=O)OCC(NC(=O)OC(C)(C)C)C(=O)N1,DPVFGCGWVDNSQT-ABLWVSNPSA-N,,,,broad_macrocycle_pretrain,,,12,True,False,pretrain_train,pretraining_macrocycle; max_phase=None
PREMAC_5b75d534d3,ChEMBL_macrocycle_scan,CHEMBL54145,C=C(C)[C@@H]1Cc2oc(cc2C(=O)OC)[C@@H]2O[C@@]2(C)C[C@H]2OC(=O)[C@@]3(O[C@H]23)[C@@H](OC(C)=O)C1,QFVLPFJFNHETFU-PODBDYCPSA-N,,,,broad_macrocycle_pretrain,,,13,True,False,pretrain_train,pretraining_macrocycle; max_phase=None
PREMAC_8f71b39f42,ChEMBL_macrocycle_scan,CHEMBL289569,COC(=O)[C@@H]1CSCc2c(O)cc(OC)c(C)c2C(=O)OCCC/C(S)=N/1,FLYVCGVCHQQJQY-LBPRGKRZSA-N,,,,broad_macrocycle_pretrain,,,13,True,False,pretrain_train,pretraining_macrocycle; max_phase=None
PREMAC_a5295a51f8,ChEMBL_macrocycle_scan,CHEMBL311916,CC[C@H]1OC(=O)[C@H](C)[C@H]2OC3(CCN(Cc4ccncc4)CC3)O[C@](C)(C[C@@H](C)CN[C@H](C)[C@@H](O)[C@]1(C)O)[C@H](O[C@@H]1O[C@H](C)C[C@H](N(C)C)[C@H]1O)[C@H]2C,ZBXULLJWZKOILT-XLTIUPLHSA-N,,,,broad_macrocycle_pretrain,,,15,True,False,pretrain_train,pretraining_macrocycle; max_phase=None
PREMAC_a6da93ebe2,ChEMBL_macrocycle_scan,CHEMBL412577,CN[C@H](CC(C)C)C(=O)N[C@H]1C(=O)N[C@@H](CC#N)C(=O)N[C@H]2C(=O)N[C@H]3C(=O)N[C@H](C(=O)N[C@H](C(=O)OC)c4cc(O)cc(O)c4-c4cc3ccc4O)[C@H](O)c3ccc(c(Cl)c3)Oc3cc2cc(c3O)Oc2ccc(cc2Cl)[C@H]1O,OWCXJBSFLGMFJD-GTWRJQTOSA-N,,,,broad_macrocycle_pretrain,,,16,True,False,pretrain_train,pretraining_macrocycle; max_phase=None
PREMAC_f01dfe8260,ChEMBL_macrocycle_scan,CHEMBL274576,COc1ccc(C[C@H]2NC(=O)/C=C/C[C@@H](C(O)/C=C/c3ccccc3)OC(=O)[C@H](CC(C)C)OC(=O)CCNC2=O)cc1,JPFBIYKPFUSXBE-YGWXSOKISA-N,,,,broad_macrocycle_pretrain,,,16,True,False,pretrain_train,pretraining_macrocycle; max_phase=None
PREMAC_88de414d8f,ChEMBL_macrocycle_scan,CHEMBL412365,CC[C@H](C)[C@H]1NC(=O)[C@@H](Cc2ccccc2)NC(=O)[C@@H](C)NC(=O)[C@H](NC(=O)[C@@H](NC(=O)[C@H](CO)NC(=O)CCCOc2ccc(C(=O)c3ccccc3)cc2)[C@@H](C)O)CSC(=O)[C@@H](CCSC)NC1=O,SXTGIQPZHCJWLD-HNVXZDFTSA-N,,,,broad_macrocycle_pretrain,,,16,True,False,pretrain_train,pretraining_macrocycle; max_phase=None
PREMAC_a6f9500453,ChEMBL_macrocycle_scan,CHEMBL289268,CC[C@H]1OC(=O)C[C@@H](O)[C@H](C)[C@@H](O[C@@H]2O[C@H](C)[C@@H](O)[C@H](N(C)C)[C@H]2O)[C@@H](CCOC)C[C@@H](C)C(=O)/C=C/C(C)=C/[C@@H]1CO[C@@H]1O[C@H](C)[C@@H](O)[C@@H](OC)[C@H]1OC,SSLDVERQFBUJPM-JMTHFGHWSA-N,,,,broad_macrocycle_pretrain,,,16,True,False,pretrain_train,pretraining_macrocycle; max_phase=None
PREMAC_2dc13a617e,ChEMBL_macrocycle_scan,CHEMBL35829,COC(=O)[C@@H]1CSCc2c(O)cc(O)c(C)c2C(=O)OCC(NC(=O)CCO)C(=O)N1,XTAAKCUALOWKGN-KIYNQFGBSA-N,,,,broad_macrocycle_pretrain,,,12,True,False,pretrain_train,pretraining_macrocycle; max_phase=None
PREMAC_aa51e0e970,ChEMBL_macrocycle_scan,CHEMBL43313,CCC1OC(=O)C(C)C(O[C@H]2C[C@@](C)(OC)CC(C)O2)C(C)[C@@H](OC2OC(C)CC(N(C)CC)[C@H]2O)[C@]2(C)CC(C)=C(O2)[C@H](C)C(=O)[C@]1(C)OC,FLPOEYDFXJEWCT-KZJRKJAHSA-N,,,,broad_macrocycle_pretrain,,,13,True,False,pretrain_train,pretraining_macrocycle; max_phase=None
PREMAC_9bc6d6916c,ChEMBL_macrocycle_scan,CHEMBL292443,CO/C1=C\C(C)=C\[C@@H](C)[C@@H](O)[C@@H](C)C/C(C)=C/C=C/[C@H](OC)[C@@H]([C@@H](C)[C@@H](O)[C@H](C)[C@@]2(O)C[C@@H](NC3CCCCC3)[C@H](C)[C@@H](C(C)C)O2)OC1=O,SAJCAPIORYTGHZ-JTXUSFJNSA-N,,,,broad_macrocycle_pretrain,,,16,True,False,pretrain_train,pretraining_macrocycle; max_phase=None
PREMAC_3123413c5e,ChEMBL_macrocycle_scan,CHEMBL64013,CNC(=O)[C@@H]1Cc2ccc(cc2)OCCCC[C@H](C(=O)NO)[C@@H](CCCc2ccc(C)cc2)C(=O)N1,YKYLOHCKSMYHPL-DSITVLBTSA-N,,,,broad_macrocycle_pretrain,,,15,True,False,pretrain_train,pretraining_macrocycle; max_phase=None
PREMAC_a149265b51,ChEMBL_macrocycle_scan,CHEMBL71368,C=C(C(=O)OC)[C@H]1CC(OC(C)=O)[C@@]23O[C@@H]2C(C[C@]2(C)O[C@H]2c2cc(C)c(o2)C1OC(C)=O)OC3=O,SETTUTVEWZFWRZ-NCUADSTCSA-N,,,,broad_macrocycle_pretrain,,,13,True,False,pretrain_train,pretraining_macrocycle; max_phase=None
PREMAC_6ccda380f3,ChEMBL_macrocycle_scan,CHEMBL285112,CC(C)C[C@H](CS)C(=O)N[C@H]1Cc2cn(c3ccccc23)CCCCCCNC1=O,YKHOQKKUOWOUDP-CTNGQTDRSA-N,,,,broad_macrocycle_pretrain,,,13,True,False,pretrain_train,pretraining_macrocycle; max_phase=None
PREMAC_cbea0960b3,ChEMBL_macrocycle_scan,CHEMBL415994,c1ncc(CN2CCCNCCNCCCNCC2)nc1CN1CCCNCCNCCCNCC1,HEFYTDSFSBFEIL-UHFFFAOYSA-N,,,,broad_macrocycle_pretrain,,,14,True,False,pretrain_train,pretraining_macrocycle; max_phase=None
PREMAC_d8b27f93c3,ChEMBL_macrocycle_scan,CHEMBL295489,CC[C@H]1OC(=O)[C@H](C)C(=O)[C@H](C)[C@@H](O[C@@H]2OCC[C@H](N(C)C)[C@H]2O)[C@@](C)(OCC#CCC2CC(c3ccccc3)=NO2)C[C@@H](C)C(=O)[C@H](C)[C@H]2NC(=O)O[C@@]21C,SHCMKAOIBGVRDQ-CJVSPDNOSA-N,,,,broad_macrocycle_pretrain,,,14,True,False,pretrain_train,pretraining_macrocycle; max_phase=None
PREMAC_5fce2c078a,ChEMBL_macrocycle_scan,CHEMBL402672,CC(=O)CC(=O)O[C@H]1CC/C(C)=C\CC[C@]2(C)[C@@H]([C@H](C)CCCC(C)C)CC[C@H]2c2ccc(cc2C(=O)O)C1,HEHTXCRLOLJCLE-FHXLTAANSA-N,,,,broad_macrocycle_pretrain,,,14,True,False,pretrain_train,pretraining_macrocycle; max_phase=None
PREMAC_5636a538f8,ChEMBL_macrocycle_scan,CHEMBL311580,CC[C@H](C)[C@H]1NC(=O)[C@@H](Cc2ccccc2)NC(=O)[C@@H](C)NC(=O)[C@H](NC(=O)[C@@H](NC(=O)[C@H](CO)NC(=O)[C@@H](N)Cc2ccc(O)cc2)[C@@H](C)O)CSC(=O)[C@@H](CCSC)NC1=O,WNOVAKDTEBMOEZ-HBGMUOQTSA-N,,,,broad_macrocycle_pretrain,,,16,True,False,pretrain_train,pretraining_macrocycle; max_phase=None
PREMAC_46b32bf319,ChEMBL_macrocycle_scan,CHEMBL264019,CO[C@H]1/C=C\C=C(/C)C(=O)NC2=CC(=O)C(NCCCCCCC#C[C@]3(O)CC[C@@]4(C)C5CCC6=CC(=O)CC[C@]6(C)[C@@]5(C)CC[C@@]43C)=C(C[C@H](C)C[C@H](OC)[C@@H](O)[C@H](C)/C=C(\C)C[C@@H]1OC(N)=O)C2=O,YNHJDEJXVYFGLC-ORFHPSMBSA-N,,,,broad_macrocycle_pretrain,,,20,True,False,pretrain_train,pretraining_macrocycle; max_phase=None
PREMAC_bb6fbfcc4b,ChEMBL_macrocycle_scan,CHEMBL277151,Nc1cc(CN2CCCNCCNCCCNCC2)cc(CN2CCCNCCNCCCNCC2)c1,RZEACDQYNPOVRN-UHFFFAOYSA-N,,,,broad_macrocycle_pretrain,,,14,True,False,pretrain_train,pretraining_macrocycle; max_phase=None
PREMAC_ffcafbb95c,ChEMBL_macrocycle_scan,CHEMBL298023,CC[C@H]1OC(=O)/C(C)=C/[C@H](C)[C@@H](O[C@@H]2O[C@H](C)C[C@H](N(C)C)[C@H]2O)[C@@](C)(OC)C[C@@H](C)C(=O)[C@H](C)[C@H]2N(NCc3ccc(N)cc3)C(=O)O[C@]12C,ZZIXOTXMOZOLEW-JBSIADLXSA-N,,,,broad_macrocycle_pretrain,,,14,True,False,pretrain_train,pretraining_macrocycle; max_phase=None
PREMAC_f31c74643b,ChEMBL_macrocycle_scan,CHEMBL292025,CC[C@H]1OC(=O)[C@H](C)[C@@H](O[C@H]2C[C@@](C)(OC)[C@@](O)(c3ccccc3)[C@H](C)O2)[C@H](C)[C@@H](O[C@@H]2O[C@H](C)C[C@H](N(C)C)[C@H]2O)[C@](C)(O)C[C@@H](C)CN[C@H](C)[C@@H](O)[C@]1(C)O,DYXXJXBBXIMQNY-VCSXUULUSA-N,,,,broad_macrocycle_pretrain,,,15,True,False,pretrain_train,pretraining_macrocycle; max_phase=None
PREMAC_9e2f40e49b,ChEMBL_macrocycle_scan,CHEMBL216838,CC[C@H]1OC(=O)C[C@@H](O)[C@H](C)[C@@H](O[C@@H]2O[C@H](C)[C@@H](O[C@H]3C[C@@](C)(O)[C@@H](O)[C@H](C)O3)[C@H](N(C)C)[C@H]2O)[C@@H](CCOS(=O)(=O)c2ccc(C)cc2)C[C@@H](C)C(=O)/C=C/C(C)=C/[C@@H]1CO[C@@H]1O[C@H](C)[C@@H](O)[C@@H](OC)[C@H]1OC,FNUNVKOSKSNTPI-ZJXRGYRCSA-N,,,,broad_macrocycle_pretrain,,,16,True,False,pretrain_train,pretraining_macrocycle; max_phase=None
PREMAC_3b3e9d0f67,ChEMBL_macrocycle_scan,CHEMBL262971,NCCC[C@H](N)CC(=O)NC1CNC(=O)[C@@H](C2CC(NC(=O)Nc3ccc(Cl)c(Cl)c3)N=C(N)N2)NC(=O)/C(=C/NC(=O)Nc2ccc(Cl)c(Cl)c2)NC(=O)[C@@H](CO)NC(=O)[C@@H](CO)NC1=O,YAIZXCKGQIVVKS-LNQIIBCASA-N,,,,broad_macrocycle_pretrain,,,16,True,False,pretrain_train,pretraining_macrocycle; max_phase=None
PREMAC_9ffae5135e,ChEMBL_macrocycle_scan,CHEMBL286018,Fc1ccc(-c2c3nc(c(-c4ccc(F)cc4F)c4ccc([nH]4)c(-c4ccc(F)cc4F)c4ccc([nH]4)c(-c4ccc(F)cc4F)c4nc2C=C4)C=C3)c(F)c1,YCOZEIPPIGVVHJ-UHFFFAOYSA-N,,,,broad_macrocycle_pretrain,,,16,True,False,pretrain_train,pretraining_macrocycle; max_phase=None
PREMAC_18e5748906,ChEMBL_macrocycle_scan,CHEMBL306771,CC1(C)SSC[C@H](C(=O)N[C@@H](CCCCN)C(=O)N[C@@H](CCCCN)C(N)=O)NC(=O)[C@@H](Cc2ccccc2)NC(=O)[C@H](CO)NC(=O)CNC(=O)[C@H](Cc2ccc(O)cc2)NC(=O)[C@H]1N,MTCKAXZMLFVTCH-YDXAKCMFSA-N,,,,broad_macrocycle_pretrain,,,20,True,False,pretrain_train,pretraining_macrocycle; max_phase=None
PREMAC_a53a4a0b24,ChEMBL_macrocycle_scan,CHEMBL295542,C/C1=C/CC[C@]2(C)[C@@H]([C@H](C)CCCC(C)C)CC[C@H]2c2ccc(cc2C(=O)O)CC(O)CC1,DMANGOFWCGEISU-XSOLRCEOSA-N,,,,broad_macrocycle_pretrain,,,14,True,False,pretrain_train,pretraining_macrocycle; max_phase=None
PREMAC_ba0013cfcd,ChEMBL_macrocycle_scan,CHEMBL384607,CC(C)[C@H]1NC(=O)[C@H](CCCCN)NC(=O)[C@@H](Cc2c[nH]c3ccccc23)NC(=O)[C@H](Cc2cccnc2)NC(=O)[C@@H](NC(=O)[C@@H](N)Cc2ccc(C#N)cc2)CSSC[C@H](C(=O)N[C@@H](Cc2ccc(C#N)cc2)C(N)=O)NC1=O,NVRCIDVDOATWMU-PZBKDITISA-N,,,,broad_macrocycle_pretrain,,,20,True,False,pretrain_train,pretraining_macrocycle; max_phase=None
PREMAC_3c10a9a1ed,ChEMBL_macrocycle_scan,CHEMBL16475,CC(=O)N[C@@H](Cc1ccc(O)cc1)C(=O)N[C@@H]1CSSC[C@H](C(=O)O)NC(=O)[C@H]2CCCN2C(=O)[C@@H](CC(=O)O)NC1=O,IXDDZIVBYAEUTN-OMQSBVIBSA-N,,,,broad_macrocycle_pretrain,,,14,True,False,pretrain_train,pretraining_macrocycle; max_phase=None
PREMAC_a1557cb8d8,ChEMBL_macrocycle_scan,CHEMBL284621,CC(C)[C@@H](NC(=O)[C@H]1NC(=O)[C@@H](CC(=O)O)NC(=O)[C@H](Cc2ccccc2)NC(=O)[C@@H](NC(=O)[C@@H](N)Cc2ccc(O)cc2)C(C)(C)SSC1(C)C)C(=O)NCC(N)=O,CIXRLSHQKQIGJK-JITDTWSESA-N,,,,broad_macrocycle_pretrain,,,14,True,False,pretrain_train,pretraining_macrocycle; max_phase=None
PREMAC_c355a70e84,ChEMBL_macrocycle_scan,CHEMBL289314,CC1(C)NC(=O)[C@H](Cc2ccc(O)cc2)NC(=O)CNC(=O)CNC(=O)[C@H](Cc2ccccc2)NC1=O,MERZKQRXIODKLJ-PMACEKPBSA-N,,,,broad_macrocycle_pretrain,,,15,True,False,pretrain_train,pretraining_macrocycle; max_phase=None
PREMAC_834f3c6e3d,ChEMBL_macrocycle_scan,CHEMBL285169,Fc1ccccc1-c1c2nc(c(-c3ccccc3F)c3ccc([nH]3)c(-c3ccccc3F)c3ccc([nH]3)c(-c3ccccc3F)c3nc1C=C3)C=C2,XUHATPGNPVVDOZ-UHFFFAOYSA-N,,,,broad_macrocycle_pretrain,,,16,True,False,pretrain_train,pretraining_macrocycle; max_phase=None
PREMAC_a08404d435,ChEMBL_macrocycle_scan,CHEMBL29632,c1ccc(CNCCCCCN2CCCN(CCCCCNCc3ccccc3)CCCN(CCCCCNCc3ccccc3)CCN(CCCCCNCc3ccccc3)CCC2)cc1,URMSWXDBLUJTIJ-UHFFFAOYSA-N,,,,broad_macrocycle_pretrain,,,15,True,False,pretrain_train,pretraining_macrocycle; max_phase=None
PREMAC_2c90e56e03,ChEMBL_macrocycle_scan,CHEMBL291040,COc1ccc2c(O[C@@H]3C[C@H]4C(=O)N[C@]5(C(=O)O)C[C@H]5/C=C\CCCCC[C@H](NC(=O)OC(C)(C)C)C(=O)N4C3)cc(-c3csc(NC(C)=O)n3)nc2c1,DHNZJGURMYHJHM-VTUXAIMNSA-N,,,,broad_macrocycle_pretrain,,,15,True,False,pretrain_train,pretraining_macrocycle; max_phase=None
PREMAC_33bcb7ab9e,ChEMBL_macrocycle_scan,CHEMBL81580,CCC(C)[C@H]1O[C@]2(C=C[C@@H]1C)C[C@@H]1C[C@@H](C/C=C(\C)[C@@H](O[C@H]3C[C@H](OC)[C@H](NC(C)=O)[C@H](C)O3)[C@@H](C)/C=C/C=C3\CO[C@@H]4[C@H](O)C(C)=C[C@@H](C(=O)O1)[C@]34O)O2,QOAORQJRZVSITG-NWBQBONLSA-N,,,,broad_macrocycle_pretrain,,,16,True,False,pretrain_train,pretraining_macrocycle; max_phase=None
PREMAC_eb9a56de2d,ChEMBL_macrocycle_scan,CHEMBL442738,CC(C)CCN(C[C@@H](O)[C@@H]1Cc2ccc(cc2)OCCCCCC(=O)N[C@@H](C(C)C)C(=O)N1)S(=O)(=O)c1ccc(N)cc1,FBNSKSOTNMECSA-FLBADVGZSA-N,,,,broad_macrocycle_pretrain,,,17,True,False,pretrain_train,pretraining_macrocycle; max_phase=None
PREMAC_f83928854e,ChEMBL_macrocycle_scan,CHEMBL428640,CC1(C)SSC[C@H](C(=O)N[C@@H](CCCCN)C(N)=O)NC(=O)[C@@H](Cc2ccccc2)NC(=O)[C@H](CO)NC(=O)CNC(=O)[C@H](Cc2ccc(O)cc2)NC(=O)[C@H]1NC(=O)[C@@H](N)Cc1ccc(O)cc1,VLJOHEXYBZWGRW-WFJRCVOASA-N,,,,broad_macrocycle_pretrain,,,20,True,False,pretrain_train,pretraining_macrocycle; max_phase=None
PREMAC_dce2d19bcd,ChEMBL_macrocycle_scan,CHEMBL433280,CC[C@H]1OC(=O)[C@H](C)[C@@H](O[C@H]2C[C@@](C)(OC)C[C@H](C)O2)[C@H](C)[C@@H](O[C@@H]2O[C@H](C)C[C@H](N(C)C)[C@H]2O)[C@@]2(C)CC(C)=C(O2)[C@H](C)[C@@H](O)[C@H]1C,XIGSDZJYJMPVCE-CYXPHBAASA-N,,,,broad_macrocycle_pretrain,,,13,True,False,pretrain_train,pretraining_macrocycle; max_phase=None
PREMAC_1ea790524b,ChEMBL_macrocycle_scan,CHEMBL263520,CCn1cc(C(=O)Nc2ccc3c(c2)C(=O)NCCC(=O)N[C@H](CCN)C(=O)N[C@@H](Cc2ccc(O)cc2)CO3)c(=O)c2ccc(C)nc21,QZZRKRHYYIHMTE-NEKDWFFYSA-N,,,,broad_macrocycle_pretrain,,,14,True,False,pretrain_train,pretraining_macrocycle; max_phase=None
PREMAC_18c73bcce9,ChEMBL_macrocycle_scan,CHEMBL309622,CC[C@H]1OC(=O)[C@H](C)[C@@H](O[C@H]2C[C@@](C)(OC)[C@@H](O)[C@H](C)O2)[C@H](C)[C@@H](O[C@@H]2O[C@H](C)C[C@H](N(C)C)[C@H]2O)[C@](C)(OC)C[C@@H](C)C2=N[C@H](C)[C@@H](O2)[C@]1(C)O,LYTDHICTWWDMSI-OHVLUQOPSA-N,,,,broad_macrocycle_pretrain,,,14,True,False,pretrain_train,pretraining_macrocycle; max_phase=None
PREMAC_f87b8c8860,ChEMBL_macrocycle_scan,CHEMBL37436,COC(=O)[C@@H]1CSCc2c(O)cc(OC)c(C)c2C(=O)OC[C@H](C)C(=O)N1,HKYNHJPFPLZWGQ-CABZTGNLSA-N,,,,broad_macrocycle_pretrain,,,12,True,False,pretrain_train,pretraining_macrocycle; max_phase=None
PREMAC_4c4272468d,ChEMBL_macrocycle_scan,CHEMBL47163,Clc1ccc2c(N3CCCNCCN(c4ccnc5cc(Cl)ccc45)CCCNCC3)ccnc2c1,BMCBCIKZJCWYCR-UHFFFAOYSA-N,,,,broad_macrocycle_pretrain,,,14,True,False,pretrain_train,pretraining_macrocycle; max_phase=None
PREMAC_0969ab51ce,ChEMBL_macrocycle_scan,CHEMBL416819,CC(=O)O[C@H]1CCC(C)CCC[C@]2(C)[C@@H]([C@H](C)CCCC(C)C)CC[C@H]2c2ccc(cc2C(=O)O)C1,OFDNBSPPDQDPAL-XMJXBGPOSA-N,,,,broad_macrocycle_pretrain,,,14,True,False,pretrain_train,pretraining_macrocycle; max_phase=None
PREMAC_2f8fbb6a3d,ChEMBL_macrocycle_scan,CHEMBL292597,C=CC[C@@]1(O)[C@H](C)O[C@@H](O[C@H]2[C@H](C)[C@@H](O[C@@H]3O[C@H](C)C[C@H](N(C)C)[C@H]3O)[C@](C)(O)C[C@@H](C)CN[C@H](C)[C@@H](O)[C@](C)(O)[C@@H](CC)OC(=O)[C@@H]2C)C[C@@]1(C)OC,SKPBSRJBKOSDKH-BMNWWTOTSA-N,,,,broad_macrocycle_pretrain,,,15,True,False,pretrain_train,pretraining_macrocycle; max_phase=None
PREMAC_d098517b1e,ChEMBL_macrocycle_scan,CHEMBL9117,CC[C@H]1OC(=O)CC(O)[C@H](C)[C@@H](O[C@@H]2O[C@H](C)C[C@H](N(C)C)[C@H]2O)[C@@H](CCN(C)C)C[C@@H](C)C(=O)/C=C/C(C)=C/[C@@H]1C,UBUQXETZFPVEOF-IQUVFPQISA-N,,,,broad_macrocycle_pretrain,,,16,True,False,pretrain_train,pretraining_macrocycle; max_phase=None
PREMAC_13ca981319,ChEMBL_macrocycle_scan,CHEMBL31421,CC1(C)SSC(C)(C)[C@@H](NC(=O)[C@@H](N)Cc2ccc(O)cc2)C(=O)NCC(=O)N[C@@H](Cc2ccccc2)C(=O)N[C@H]1C(=O)O,MCMMCRYPQBNCPH-WMIMKTLMSA-N,,,,broad_macrocycle_pretrain,,,14,True,False,pretrain_train,pretraining_macrocycle; max_phase=None
PREMAC_7e6a396af0,ChEMBL_macrocycle_scan,CHEMBL429166,CC(C)(C)C[C@@H]1NC(=O)[C@H](CCCCN)NC(=O)[C@@H](Cc2c[nH]c3ccccc23)NC(=O)[C@H](Cc2cccnc2)NC(=O)[C@@H](NC(=O)[C@@H](N)Cc2ccc(Cl)cc2)CSSC[C@@H](C(=O)N[C@@H](Cc2ccc3ccccc3c2)C(N)=O)NC1=O,ASEVWZTXHWQCAK-LIAWXVJMSA-N,,,,broad_macrocycle_pretrain,,,20,True,False,pretrain_train,pretraining_macrocycle; max_phase=None
PREMAC_9d09c815c3,ChEMBL_macrocycle_scan,CHEMBL286071,COc1cc(O)c2c(c1C)C(=O)O[C@H](CO)CC/C(S)=N/[C@H](c1nc(C)no1)CSC2,CBVXSEAFOYXDOB-JSGCOSHPSA-N,,,,broad_macrocycle_pretrain,,,13,True,False,pretrain_train,pretraining_macrocycle; max_phase=None
PREMAC_e34d62f687,ChEMBL_macrocycle_scan,CHEMBL311695,CC(C)[C@@H]1NC(=O)[C@H](CCCCN)NC(=O)[C@@H](Cc2c[nH]c3ccccc23)NC(=O)[C@H](Cc2ccc(O)cc2)NC(=O)[C@H](C)N(C)C(=O)[C@H](Cc2ccccc2)NC1=O,NPJIOCBFOAHEDO-AVWFULIKSA-N,,,,broad_macrocycle_pretrain,,,18,True,False,pretrain_train,pretraining_macrocycle; max_phase=2.0
PREMAC_f45a91162d,ChEMBL_macrocycle_scan,CHEMBL406635,O=C1OC2C3OC(=O)c4cc(O)c(O)c(O)c4-c4c(O)c(O)c5oc(=O)c6c(c(O)c(O)c7oc(=O)c4c5c76)-c4c(cc(O)c(O)c4O)C(=O)CC3O[C@H](O)C2OC(=O)c2cc(O)c(O)c(O)c2-c2c1cc(O)c(O)c2O,QFGKTHQDZTUCHS-UOFKNCNMSA-N,,,,broad_macrocycle_pretrain,,,16,True,False,pretrain_train,pretraining_macrocycle; max_phase=None
PREMAC_dc0ad61a59,ChEMBL_macrocycle_scan,CHEMBL12589,CC[C@H]1OC(=O)[C@H](C)[C@@H](OC(=O)N2CCNC2=O)[C@H](C)[C@@H](OC2O[C@H](C)C[C@H](N(C)C(C)C)[C@H]2O)[C@@](C)(OC)C[C@@H](C)C(=O)[C@H](C)[C@H]2N(CCc3ccc(Cl)cc3)C(=O)O[C@]12C,YSVQLALSGJMFMP-CKRRCRIGSA-N,,,,broad_macrocycle_pretrain,,,14,True,False,pretrain_train,pretraining_macrocycle; max_phase=None
PREMAC_d060a5ded7,ChEMBL_macrocycle_scan,CHEMBL429209,NCCC[C@H](N)CC(=O)NC1CNC(=O)[C@@H](C2CC(NC(=O)OCc3ccc(Cl)cc3Cl)N=C(N)N2)NC(=O)/C(=C/NC(=O)Nc2ccc(Cl)c(Cl)c2)NC(=O)[C@@H](CO)NC(=O)[C@@H](CO)NC1=O,VVYHGCVEHSNKQK-MXCMNVMRSA-N,,,,broad_macrocycle_pretrain,,,16,True,False,pretrain_train,pretraining_macrocycle; max_phase=None
PREMAC_4d74b153b5,ChEMBL_macrocycle_scan,CHEMBL39378,CCCCCCN1C(=O)c2c3nc(cc4nc(cc5[nH]c(cc6[nH]c2c(c6C)C1=O)c(CC)c5C)C(C(C)OCCC)=C4C)[C@@H](C)[C@@H]3CCC(=O)OC,LZOOUQTXCPEDBB-IDWGMCNCSA-N,,,,broad_macrocycle_pretrain,,,16,True,False,pretrain_train,pretraining_macrocycle; max_phase=None
PREMAC_177b5ef07d,ChEMBL_macrocycle_scan,CHEMBL418079,CC[C@H]1OC(=O)C[C@@H](O)[C@H](C)[C@@H](O[C@@H]2O[C@H](C)[C@@H](O)[C@H](N(C)C)[C@H]2O)[C@@H](CCOS(=O)(=O)c2ccc(C)cc2)C[C@@H](C)C(=O)/C=C/C(C)=C/[C@@H]1CO[C@@H]1O[C@H](C)[C@@H](O)[C@@H](OC)[C@H]1OC,DSPVYMGQLVWTGX-ZDGISEQISA-N,,,,broad_macrocycle_pretrain,,,16,True,False,pretrain_train,pretraining_macrocycle; max_phase=None
PREMAC_958ea7dd51,ChEMBL_macrocycle_scan,CHEMBL53183,CN1C(=O)CNCc2cncn2Cc2ccc(C#N)c(c2)Oc2ccc3cccc1c3c2,MIUVLTBXZYHORO-UHFFFAOYSA-N,,,,broad_macrocycle_pretrain,,,16,True,False,pretrain_train,pretraining_macrocycle; max_phase=None
PREMAC_3675a822df,ChEMBL_macrocycle_scan,CHEMBL385689,CC(C)[C@H]1NC(=O)[C@H](CCCCN)NC(=O)[C@@H](Cc2c[nH]c3ccccc23)NC(=O)[C@H](Cc2cccnc2)NC(=O)[C@@H](NC(=O)[C@@H](N)Cc2ccc3ccccc3c2)CSSC[C@H](C(=O)N[C@@H](Cc2ccc(F)cc2)C(N)=O)NC1=O,CMAZOTLBTNGGSS-TVEITAAYSA-N,,,,broad_macrocycle_pretrain,,,20,True,False,pretrain_train,pretraining_macrocycle; max_phase=None
PREMAC_0b35166e5d,ChEMBL_macrocycle_scan,CHEMBL418914,CC[C@H]1OC(=O)[C@H](C)[C@H]2OC3(CCN(C(=O)c4cccnc4)CC3)O[C@](C)(C[C@@H](C)CN[C@H](C)[C@@H](O)[C@]1(C)O)[C@H](O[C@@H]1O[C@H](C)C[C@H](N(C)C)[C@H]1O)[C@H]2C,SGYXTQUDDBTUGB-WDPNLORNSA-N,,,,broad_macrocycle_pretrain,,,15,True,False,pretrain_train,pretraining_macrocycle; max_phase=None
PREMAC_1d409eaffc,ChEMBL_macrocycle_scan,CHEMBL264387,CC[C@H]1OC(=O)[C@H](C)[C@H]2OC3(CCN(C(=O)c4ccnc5ccccc45)CC3)O[C@](C)(C[C@@H](C)CN(C)[C@H](C)[C@@H](O)[C@]1(C)O)[C@H](O[C@@H]1O[C@H](C)C[C@H](N(C)C)[C@H]1O)[C@H]2C,HQAPZYTYXRTPSQ-OLROFJLRSA-N,,,,broad_macrocycle_pretrain,,,15,True,False,pretrain_train,pretraining_macrocycle; max_phase=None
PREMAC_a4edb94238,ChEMBL_macrocycle_scan,CHEMBL15501,NCCC[C@H](N)CC(=O)NC1CNC(=O)[C@@H](C2CC(NC(=O)OCc3ccccc3)N=C(N)N2)NC(=O)/C(=C/NC(N)=O)NC(=O)[C@@H](CO)NC(=O)[C@@H](CO)NC1=O,RQSADZBKEHQRGI-QNLUPZRXSA-N,,,,broad_macrocycle_pretrain,,,16,True,False,pretrain_train,pretraining_macrocycle; max_phase=None
PREMAC_b6e31b68f7,ChEMBL_macrocycle_scan,CHEMBL431921,CC[C@H]1OC(=O)C[C@@H](O)[C@H](C)[C@@H](O[C@@H]2O[C@H](C)[C@@H](O[C@H]3C[C@@](C)(O)[C@@H](O)[C@H](C)O3)[C@H](N(C)C)[C@H]2O)[C@@H](CCNCCc2ccccc2)C[C@@H](C)C(=O)/C=C/C(C)=C/[C@@H]1C,YHQVBCVAWCXKRE-BKIGCNKESA-N,,,,broad_macrocycle_pretrain,,,16,True,False,pretrain_train,pretraining_macrocycle; max_phase=None
PREMAC_e830182593,ChEMBL_macrocycle_scan,CHEMBL296992,CC(C)[C@@H]1NC(=O)CCCCCOc2ccc(cc2)C[C@@H]([C@H](O)CN(CCCCCC(=O)O)S(=O)(=O)c2ccc(N)cc2)NC1=O,LHMLSOKQSGLNCV-LBRLCBGXSA-N,,,,broad_macrocycle_pretrain,,,17,True,False,pretrain_train,pretraining_macrocycle; max_phase=None
PREMAC_f55172363b,ChEMBL_macrocycle_scan,CHEMBL302643,C[C@@H]1NC(=O)CSC[C@@H](C(=O)O)NC(=O)[C@H](CC(=O)O)NC(=O)CNC(=O)[C@H](CCCN=C(N)N)NC1=O,RNRNOOHZNNWVAO-BJDJZHNGSA-N,,,,broad_macrocycle_pretrain,,,18,True,False,pretrain_train,pretraining_macrocycle; max_phase=None
PREMAC_138fa107b8,ChEMBL_macrocycle_scan,CHEMBL216606,CCOc1ccc(C[C@H]2NC(=O)CC3(CCCCC3)SSC[C@H](C(=O)N3CCC[C@H]3C(=O)N[C@H](CCCN=C(N)N)C(=O)NCC(N)=O)NC(=O)[C@@H](CC(N)=O)NC(=O)[C@H](C(C)C)NC(=O)[C@@H](Cc3ccccc3)NC2=O)cc1,SDFJYGJKEXYVCG-JEYKLBOYSA-N,,,,broad_macrocycle_pretrain,,,20,True,False,pretrain_train,pretraining_macrocycle; max_phase=None
PREMAC_75ac43d52a,ChEMBL_macrocycle_scan,CHEMBL438461,CC[C@H]1OC(=O)[C@H](C)[C@@H](O[C@H]2C[C@@](C)(OC)[C@H](N)[C@H](C)O2)[C@H](C)[C@@H](O[C@@H]2O[C@H](C)C[C@H](N(C)C)[C@H]2OC(=O)OCC2c3ccccc3-c3ccccc32)[C@](C)(O)C[C@@H](C)N(CCF)C[C@H](C)[C@@H](O)[C@]1(C)O,ZCANOWWJUXNLQZ-IEYPMPECSA-N,,,,broad_macrocycle_pretrain,,,15,True,False,pretrain_train,pretraining_macrocycle; max_phase=None
PREMAC_700c7f7821,ChEMBL_macrocycle_scan,CHEMBL431952,N=C(N)NCCC[C@@H]1NC(=O)CNC(=O)C(c2ccccc2C(F)(F)F)SC[C@@H](C(=O)O)NC(=O)[C@H](CC(=O)O)NC(=O)CNC1=O,JUSVWLUTQHJJFB-TVISWJTBSA-N,,,,broad_macrocycle_pretrain,,,18,True,False,pretrain_train,pretraining_macrocycle; max_phase=None
PREMAC_f9082a1477,ChEMBL_macrocycle_scan,CHEMBL284754,Fc1cccc(F)c1-c1c2nc(c(-c3c(F)cccc3F)c3ccc([nH]3)c(-c3c(F)cccc3F)c3ccc([nH]3)c(-c3c(F)cccc3F)c3nc1C=C3)C=C2,MJRKCZWVXSNSIQ-UHFFFAOYSA-N,,,,broad_macrocycle_pretrain,,,16,True,False,pretrain_train,pretraining_macrocycle; max_phase=None
PREMAC_d0799ddac7,ChEMBL_macrocycle_scan,CHEMBL297064,C/C1=C/CC[C@]2(C)[C@@H]([C@H](C)CCCC(C)C)CC[C@H]2c2ccc(cc2C=O)C[C@@H](O)CC1,WFHYSJRWYJHNJM-PZWZCXTDSA-N,,,,broad_macrocycle_pretrain,,,14,True,False,pretrain_train,pretraining_macrocycle; max_phase=None
PREMAC_d30e97ccc0,ChEMBL_macrocycle_scan,CHEMBL279056,CCC1=C(CC)c2cc3[nH]c(cc4nc(cc5[nH]c(cc1n2)C1=CCC(C#N)(C#N)C(C#N)(C#N)C15CC)C(CC)=C4CC)c(CC)c3CC,PRBSAHLEOONKMA-UHFFFAOYSA-N,,,,broad_macrocycle_pretrain,,,16,True,False,pretrain_train,pretraining_macrocycle; max_phase=None
PREMAC_479c5488c2,ChEMBL_macrocycle_scan,CHEMBL303180,CC[C@@H]1/C=C(\C)[C@@H](O)[C@H](C)[C@H](OC)[C@H]2O[C@@](O)(C(=O)C(=O)N3CCCC[C@H]3C(=O)O[C@H](/C(C)=C/[C@@H]3CC[C@@H](Oc4ccc5c(ccn5C)c4)[C@H](OC)C3)[C@H](C)[C@@H](O)CC1=O)[C@H](C)C[C@@H]2OC,YJSYJENQBQQYEQ-ZUZRNCNGSA-N,,,,broad_macrocycle_pretrain,,,20,True,False,pretrain_train,pretraining_macrocycle; max_phase=None
PREMAC_d948a51582,ChEMBL_macrocycle_scan,CHEMBL42497,CCn1cc(C(=O)Nc2ccc3c(c2)C(=O)NCCC(=O)N[C@H](CCN)C(=O)N[C@@H](Cc2ccccc2)CO3)c(=O)c2ccc(C)nc21,FBNQLZUCWMSTKD-RBJSKKJNSA-N,,,,broad_macrocycle_pretrain,,,14,True,False,pretrain_train,pretraining_macrocycle; max_phase=None
PREMAC_0b44f56efb,ChEMBL_macrocycle_scan,CHEMBL44163,CC(=O)O[C@H]1CC/C(C)=C\CC[C@]2(C)[C@@H]([C@H](C)CCCC(C)C)CC[C@H]2c2ccc(cc2C=O)C1,ZGNCHBYVQHKLQO-CZFGXCISSA-N,,,,broad_macrocycle_pretrain,,,14,True,False,pretrain_train,pretraining_macrocycle; max_phase=None
PREMAC_c1070e2884,ChEMBL_macrocycle_scan,CHEMBL264448,N=C(N)NCCCC(NC(=O)C1CCCN1C(=O)C1CSSCCC(=O)NC(Cc2ccc(O)cc2)C(=O)NC(Cc2ccccc2)C(=O)NC(CCC(N)=O)C(=O)NC(CC(N)=O)C(=O)N1)C(=O)NCC(N)=O,NFLWUMRGJYTJIN-UHFFFAOYSA-N,,,,broad_macrocycle_pretrain,,,20,True,False,pretrain_train,pretraining_macrocycle; max_phase=None
PREMAC_6b9a153b38,ChEMBL_macrocycle_scan,CHEMBL429870,CCC(C)[C@H]1O[C@]2(C=C[C@@H]1C)C[C@@H]1C[C@@H](C/C=C(\C)[C@@H](O[C@H]3C[C@H](OC)[C@@H](O[C@H]4C[C@H](OC)[C@H](NS(C)(=O)=O)[C@H](C)O4)[C@H](C)O3)[C@@H](C)/C=C/C=C3\CO[C@@H]4[C@H](O)C(C)=C[C@@H](C(=O)O1)[C@]34O)O2,BOEHOLJUZSNPJG-FICZPBMPSA-N,,,,broad_macrocycle_pretrain,,,16,True,False,pretrain_train,pretraining_macrocycle; max_phase=None
PREMAC_f7bc0b4f18,ChEMBL_macrocycle_scan,CHEMBL264202,CN[C@H](CC(C)C)C(=O)N[C@H]1C(=O)N[C@@H](CC(N)=O)C(=O)N[C@H]2C(=O)N[C@H]3C(=O)N[C@H](C(=O)N[C@H](C(=O)O)c4cc(O)cc(O)c4-c4cc3ccc4O)[C@H](O)c3ccc(cc3)Oc3cc2cc(c3O)Oc2ccc(cc2Cl)[C@H]1O,RWFDKJBPMLNBSI-GAZOPBORSA-N,,,,broad_macrocycle_pretrain,,,16,True,False,pretrain_train,pretraining_macrocycle; max_phase=None
PREMAC_8c69ae526b,ChEMBL_macrocycle_scan,CHEMBL406491,CC(C)[C@H]1NC(=O)[C@H](CCCCN)NC(=O)[C@@H](Cc2c[nH]c3ccccc23)NC(=O)[C@H](Cc2c[nH]cn2)NC(=O)[C@@H](NC(=O)[C@@H](N)Cc2ccccc2F)CSSC[C@@H](C(=O)N[C@@H](Cc2ccccc2F)C(N)=O)NC1=O,FKFGMQQTWSHGDT-RRBMOYSISA-N,,,,broad_macrocycle_pretrain,,,20,True,False,pretrain_train,pretraining_macrocycle; max_phase=None
PREMAC_c39e9667b0,ChEMBL_macrocycle_scan,CHEMBL430304,NCCC[C@H](N)CC(=O)NC[C@@H]1NC(=O)[C@H](CO)NC(=O)C(N)CNC(=O)[C@H](C2CCN=C(N)N2)NC(=O)/C(=C/NC(=O)Nc2cc(Cl)c(Cl)c(Cl)c2)NC1=O,ULNOOIRSJLZBKW-UUWRFUCWSA-N,,,,broad_macrocycle_pretrain,,,16,True,False,pretrain_train,pretraining_macrocycle; max_phase=None
PREMAC_32fd9b7b39,ChEMBL_macrocycle_scan,CHEMBL289643,CCCCCCCCCCCCOC(C)C1=C(C)c2cc3nc(c4c5[nH]c(cc6[nH]c(cc1n2)c(C)c6CC)c(C)c5C(=O)N(C)C4=O)[C@@H](CCC(=O)OC)[C@@H]3C,ZLCRODDBYGWPJU-AXGQMMPJSA-N,,,,broad_macrocycle_pretrain,,,16,True,False,pretrain_train,pretraining_macrocycle; max_phase=None
PREMAC_efedf6d75f,ChEMBL_macrocycle_scan,CHEMBL301363,CC(=O)O[C@H]1C[C@H](C2(C)CO2)[C@@H](OC(C)=O)c2oc(cc2C)[C@@H]2O[C@@]2(C)C[C@H]2OC(=O)[C@@]13O[C@H]23,FXDXTJXKPXLNSW-YPXXXPCLSA-N,,,,broad_macrocycle_pretrain,,,13,True,False,pretrain_train,pretraining_macrocycle; max_phase=None
PREMAC_5fbe6c5594,ChEMBL_macrocycle_scan,CHEMBL289984,Cc1c(O)cc(O)c2c1C(=O)OCC(NC(=O)OC(C)(C)C)C(=O)NCCSC2,WIPKZIOQLVGLJN-UHFFFAOYSA-N,,,,broad_macrocycle_pretrain,,,12,True,False,pretrain_train,pretraining_macrocycle; max_phase=None
PREMAC_aab12b7511,ChEMBL_macrocycle_scan,CHEMBL262020,CCCO[C@H]1[C@H](O[C@H]2[C@@H](CCN3C(=O)c4ccccc4C3=O)C[C@@H](C)C(=O)/C=C/C(C)=C/[C@H](CO[C@@H]3O[C@H](C)[C@@H](O)[C@@H](OC)[C@H]3OC)[C@@H](CC)OC(=O)C[C@@H](O)[C@@H]2C)O[C@H](C)[C@@H](O)[C@@H]1N(C)C,BYLMWBBJUSOZDU-RWOOYSLQSA-N,,,,broad_macrocycle_pretrain,,,16,True,False,pretrain_train,pretraining_macrocycle; max_phase=None
PREMAC_549ee5f312,ChEMBL_macrocycle_scan,CHEMBL386233,NC(=O)CC[C@H]1NC(=O)[C@H](Cc2ccccc2)NC(=O)[C@@H](Cc2ccc(O)cc2)NC(=O)CCSSC[C@@H](C(=O)N2CCC[C@@H]2C(=O)N[C@@H](CCCN=C(N)N)C(=O)NCC(=O)O)NC(=O)[C@H](CC(N)=O)NC1=O,YCIABLJDBHHUNM-LGICKDKMSA-N,,,,broad_macrocycle_pretrain,,,20,True,False,pretrain_train,pretraining_macrocycle; max_phase=None
PREMAC_eba2e38631,ChEMBL_macrocycle_scan,CHEMBL17589,O=C(O)c1cc(CN2CCCNCCNCCCNCC2)ccc1CN1CCCNCCNCCCNCC1,HUWDOBZPYDAGQS-UHFFFAOYSA-N,,,,broad_macrocycle_pretrain,,,14,True,False,pretrain_train,pretraining_macrocycle; max_phase=None
PREMAC_f4782c4f8b,ChEMBL_macrocycle_scan,CHEMBL80648,Cc1cc(O)ccc1C[C@H](N)C(=O)N[C@H]1C(=O)NCC(=O)N[C@@H](Cc2ccccc2)C(=O)N[C@@H](C(=O)O)C(C)(C)SSC1(C)C,KEUIDCYDWUYLMB-TWVZQSRDSA-N,,,,broad_macrocycle_pretrain,,,14,True,False,pretrain_train,pretraining_macrocycle; max_phase=None
PREMAC_2f8820e6fa,ChEMBL_macrocycle_scan,CHEMBL286278,COOC1(OOCCC(=O)O)CCCCCCCCCCC1,JKCDZKVYGBCMLT-UHFFFAOYSA-N,,,,broad_macrocycle_pretrain,,,12,True,False,pretrain_train,pretraining_macrocycle; max_phase=None
PREMAC_3ba0441f11,ChEMBL_macrocycle_scan,CHEMBL60388,N=C(N)NCCC[C@@H]1NC(=O)[C@H](Cc2c[nH]c3ccccc23)NC(=O)CSC[C@@H](C(=O)O)NC(=O)[C@H](CC(=O)O)NC(=O)CNC1=O,PIVQYHTZYSKTOM-MUGJNUQGSA-N,,,,broad_macrocycle_pretrain,,,18,True,False,pretrain_train,pretraining_macrocycle; max_phase=None
PREMAC_b6cc050dba,ChEMBL_macrocycle_scan,CHEMBL216742,COc1ccc(C[C@H]2NC(=O)CCSSC[C@@H](C(=O)N3CCC[C@@H]3C(=O)N[C@H](CCCN=C(N)N)C(=O)NCC(N)=O)NC(=O)[C@H](CC(N)=O)NC(=O)[C@@H](CCC(N)=O)NC(=O)[C@H](Cc3ccccc3)NC2=O)cc1,WKEMELUMLNQGFK-DYTIMTQYSA-N,,,,broad_macrocycle_pretrain,,,20,True,False,pretrain_train,pretraining_macrocycle; max_phase=None
PREMAC_761c2af7aa,ChEMBL_macrocycle_scan,CHEMBL421704,CCC(C)[C@H]1O[C@]2(C=C[C@@H]1C)C[C@@H]1C[C@@H](C/C=C(\C)[C@@H](O[C@H]3C[C@H](OC)[C@@H](O[C@H]4C[C@H](OC)[C@H](N)[C@H](C)O4)[C@H](C)O3)[C@@H](C)/C=C/C=C3\CO[C@@H]4[C@H](O)C(C)=C[C@@H](C(=O)O1)[C@]34O)O2,WDJBWFOPQSVCHG-JLDJZADQSA-N,,,,broad_macrocycle_pretrain,,,16,True,False,pretrain_train,pretraining_macrocycle; max_phase=None
PREMAC_aacac41729,ChEMBL_macrocycle_scan,CHEMBL405681,CC(=O)N[C@H]1C(=O)N[C@@H](Cc2ccc3ccccc3c2)C(=O)NCC(=O)N[C@@H](CO)C(=O)N[C@H](Cc2ccccc2)C(=O)N[C@@H](C(=O)N[C@@H](CCCCN)C(=O)N[C@@H](CCCN=C(N)N)C(N)=O)CSSC1(C)C,RLMDVJMHWZVFEI-BQQBDQLKSA-N,,,,broad_macrocycle_pretrain,,,20,True,False,pretrain_train,pretraining_macrocycle; max_phase=None
PREMAC_a5cb19ccfe,ChEMBL_macrocycle_scan,CHEMBL281183,CO[C@H]1/C=C\C=C(/C)C(=O)NC2=CC(=O)C(NCCC#C[C@]3(O)CC[C@@]4(C)C5CCC6=CC(=O)CC[C@]6(C)[C@@]5(C)CC[C@@]43C)=C(C[C@H](C)C[C@H](OC)[C@@H](O)[C@H](C)/C=C(\C)C[C@@H]1OC(N)=O)C2=O,MKCTZENTVADRBJ-HEMNGIKGSA-N,,,,broad_macrocycle_pretrain,,,20,True,False,pretrain_train,pretraining_macrocycle; max_phase=None
PREMAC_49fc5f42d5,ChEMBL_macrocycle_scan,CHEMBL293686,CC[C@H]1OC(=O)/C(C)=C(/OCOCCN(C)C)[C@H](C)[C@@H](O[C@@H]2O[C@H](C)C[C@H](N(C)C)[C@H]2O)[C@](C)(OC)C[C@@H](C)C(=O)[C@H](C)[C@H]2N(CCCCn3cnc(-c4cccnc4)c3)C(=O)O[C@]12C,KVZZFAPCFOHWRT-QRPNRDITSA-N,,,,broad_macrocycle_pretrain,,,14,True,False,pretrain_train,pretraining_macrocycle; max_phase=None
PREMAC_eb385da5fe,ChEMBL_macrocycle_scan,CHEMBL407841,CC(C)[C@@H]1CN[C@@H](C(=O)N[C@H](C(N)=O)[C@@H](C)O)CSSC[C@H](NC(=O)[C@@H](N)Cc2ccccc2)C(=O)N[C@@H](Cc2ccc(O)cc2)C(=O)N[C@H](Cc2c[nH]c3ccccc23)CN[C@@H](CCCCN)C(=O)N1,OIJNABIRPAGYRY-FEHWTPJSSA-N,,,,broad_macrocycle_pretrain,,,20,True,False,pretrain_train,pretraining_macrocycle; max_phase=None
PREMAC_072114c518,ChEMBL_macrocycle_scan,CHEMBL28602,C=CCOOC1(OOCC=C)CCCCCCCCCCC1,SHHWBKDKYBZJKJ-UHFFFAOYSA-N,,,,broad_macrocycle_pretrain,,,12,True,False,pretrain_train,pretraining_macrocycle; max_phase=None
PREMAC_e9187b933b,ChEMBL_macrocycle_scan,CHEMBL41930,CC[C@H]1OC(=O)C[C@@H](O)[C@H](C)[C@@H](O[C@@H]2O[C@H](C)[C@@H](O)[C@H](N(C)C)[C@H]2OC(C)=O)[C@@H](CCOc2ccccc2)C[C@@H](C)C(=O)/C=C/C(C)=C/[C@@H]1CO[C@@H]1O[C@H](C)[C@@H](O)[C@@H](OC)[C@H]1OC,DSJHKVWAEBYSEP-LUFZKQFKSA-N,,,,broad_macrocycle_pretrain,,,16,True,False,pretrain_train,pretraining_macrocycle; max_phase=None
PREMAC_c3000c6dfe,ChEMBL_macrocycle_scan,CHEMBL278054,c1cc(CN2CCCNCCNCCCNCC2)nc(CN2CCCNCCNCCCNCC2)c1,BKJDPXSXCZMISN-UHFFFAOYSA-N,,,,broad_macrocycle_pretrain,,,14,True,False,pretrain_train,pretraining_macrocycle; max_phase=None
PREMAC_b02dd9da15,ChEMBL_macrocycle_scan,CHEMBL15207,NCCC[C@H](N)CC(=O)NC1CNC(=O)[C@@H](C2CC(NC(=O)OCc3ccc(I)cc3)N=C(N)N2)NC(=O)/C(=C/NC(N)=O)NC(=O)[C@@H](CO)NC(=O)[C@@H](CO)NC1=O,ASTZFWRDKUITHY-WJIWHGLWSA-N,,,,broad_macrocycle_pretrain,,,16,True,False,pretrain_train,pretraining_macrocycle; max_phase=None
PREMAC_033a7e6d7d,ChEMBL_macrocycle_scan,CHEMBL407571,CN[C@H](Cc1ccccc1)C(=O)N[C@@H]1CSSC[C@@H](C(=O)N[C@H](C(N)=O)[C@@H](C)O)NC(=O)[C@H]([C@@H](C)O)NC(=O)[C@H](CCCCN)NC(=O)[C@H](Cc2c[nH]c3ccccc23)NC(=O)[C@H](Cc2ccccc2)NC1=O,ZYZIUEVCVLJYFN-ACHDUQACSA-N,,,,broad_macrocycle_pretrain,,,20,True,False,pretrain_train,pretraining_macrocycle; max_phase=None
PREMAC_ac2cabc6f4,ChEMBL_macrocycle_scan,CHEMBL303590,O=C(NC(Cc1ccccc1)C(O)CN1CCCCCCCCCCCCOC1=O)O[C@H]1CO[C@H]2OCC[C@H]21,MFNQYKSTTNQZCY-NGTCRZMDSA-N,,,,broad_macrocycle_pretrain,,,15,True,False,pretrain_train,pretraining_macrocycle; max_phase=None
PREMAC_7350381fe7,ChEMBL_macrocycle_scan,CHEMBL81350,CC[C@H]1OC(=O)[C@H](C)[C@H]2OC3(CCN(C(=O)c4cccnc4)CC3)O[C@](C)(C[C@@H](C)CN(C)[C@H](C)[C@@H](O)[C@]1(C)O)[C@H](O[C@@H]1O[C@H](C)C[C@H](N(C)C)[C@H]1O)[C@H]2C,ZHVNQCZBAZDCQP-GJZHXCCNSA-N,,,,broad_macrocycle_pretrain,,,15,True,False,pretrain_train,pretraining_macrocycle; max_phase=None
PREMAC_69a1f185d6,ChEMBL_macrocycle_scan,CHEMBL385223,CC(=O)N[C@@H]1C(=O)N[C@@H](Cc2ccc(O)cc2)C(=O)NCC(=O)N[C@@H](CO)C(=O)N[C@H](Cc2ccccc2)C(=O)N[C@@H](C(=O)N[C@@H](CCCCN)C(=O)N[C@@H](CCCN=C(N)N)C(N)=O)CSSC1(C)C,JHSZQUIGRBEYOU-JMHANICHSA-N,,,,broad_macrocycle_pretrain,,,20,True,False,pretrain_train,pretraining_macrocycle; max_phase=None
PREMAC_959e727059,ChEMBL_macrocycle_scan,CHEMBL8460,CC(C)[C@@H]1OC(=O)[C@@H](C)N(O)C(=O)[C@@H]2CCCNN2C(=O)CNC(=O)[C@H](C)N(O)C(=O)[C@H]2CCCNN2C(=O)[C@H]1NC(=O)[C@@](C)(O)CCCc1ccccc1,QAEGJKUKPVAHJK-GOJBKEDNSA-N,,,,broad_macrocycle_pretrain,,,19,True,False,pretrain_train,pretraining_macrocycle; max_phase=None
PREMAC_f372f19fcc,ChEMBL_macrocycle_scan,CHEMBL80024,O=C1CC2O[C@H](O)C(O)C(O)C2OC(=O)c2cc(O)c(O)c(O)c2-c2c(O)c(O)c3oc(=O)c4c(c(O)c(O)c5oc(=O)c2c3c54)-c2c1cc(O)c(O)c2O,PZPLKSSVYSCAPW-BUDOHCFYSA-N,,,,broad_macrocycle_pretrain,,,16,True,False,pretrain_train,pretraining_macrocycle; max_phase=None
PREMAC_0ae48391aa,ChEMBL_macrocycle_scan,CHEMBL309451,CC[C@H]1OC(=O)[C@H](C)[C@H]2OC3(CCN(C(=O)c4cc5ccccc5[nH]4)CC3)O[C@](C)(C[C@@H](C)CN[C@H](C)[C@@H](O)[C@]1(C)O)[C@H](O[C@@H]1O[C@H](C)C[C@H](N(C)C)[C@H]1O)[C@H]2C,KQHZSYVEOSFGSJ-KPPVGCFLSA-N,,,,broad_macrocycle_pretrain,,,15,True,False,pretrain_train,pretraining_macrocycle; max_phase=None
PREMAC_019db19dda,ChEMBL_macrocycle_scan,CHEMBL296352,CC[C@H]1OC(=O)C[C@@H](O)[C@H](C)[C@@H](O[C@@H]2O[C@H](C)[C@@H](O)[C@H](N(C)C)[C@H]2O)[C@@H](CCOc2ccc(OC(C)=O)cc2)C[C@@H](C)C(=O)/C=C/C(C)=C/[C@@H]1CO[C@@H]1O[C@H](C)[C@@H](O)[C@@H](OC)[C@H]1OC,OWTBXVFHEMDVHO-CCGYTOTOSA-N,,,,broad_macrocycle_pretrain,,,16,True,False,pretrain_train,pretraining_macrocycle; max_phase=None
PREMAC_91d3f88eae,ChEMBL_macrocycle_scan,CHEMBL282146,CC(C)C[C@H](CC(=O)O)C(=O)N[C@H]1Cc2cn(c3ccccc23)CCCCCCNC1=O,AKWKBACKRMYPRV-NQIIRXRSSA-N,,,,broad_macrocycle_pretrain,,,13,True,False,pretrain_train,pretraining_macrocycle; max_phase=None
PREMAC_cc6c3375fb,ChEMBL_macrocycle_scan,CHEMBL304431,CN1C(=O)[C@H](NC(=O)[C@@H](N)Cc2ccc(O)cc2)CCCNC(=O)C[C@@H](C(N)=O)NC(=O)[C@@H]1Cc1ccccc1,VOICTBLLXAGMMO-BJESRGMDSA-N,,,,broad_macrocycle_pretrain,,,13,True,False,pretrain_train,pretraining_macrocycle; max_phase=None
PREMAC_2603349302,ChEMBL_macrocycle_scan,CHEMBL81380,CC[C@H]1OC(=O)[C@H](C)C(=O)[C@H](C)[C@@H](O[C@@H]2O[C@H](C)C[C@H](N(C)C)[C@H]2O)[C@](C)(OC)C[C@@H](C)CN(C)[C@H](C)[C@@H](O)[C@]1(C)O,BNCWXZLEYYCTCC-COWFYMLESA-N,,,,broad_macrocycle_pretrain,,,15,True,False,pretrain_train,pretraining_macrocycle; max_phase=None
PREMAC_83ce260517,ChEMBL_macrocycle_scan,CHEMBL312278,CC[C@H]1OC(=O)[C@H](C)[C@H]2OC3(CCN(C(=O)c4ccnc5ccccc45)CC3)O[C@](C)(C[C@@H](C)CN[C@H](C)[C@@H](O)[C@]1(C)O)[C@H](O[C@@H]1O[C@H](C)C[C@H](N(C)C)[C@H]1O)[C@H]2C,FXOSBRJWXSCNOT-OSPYXSAVSA-N,,,,broad_macrocycle_pretrain,,,15,True,False,pretrain_train,pretraining_macrocycle; max_phase=None
PREMAC_a652e63f35,ChEMBL_macrocycle_scan,CHEMBL293343,CC[C@H]1OC(=O)[C@H](C)[C@@H](O[C@H]2C[C@@](C)(OC)[C@@](O)(CCO)[C@H](C)O2)[C@H](C)[C@@H](O[C@@H]2O[C@H](C)C[C@H](N(C)C)[C@H]2O)[C@](C)(O)C[C@@H](C)CN[C@H](C)[C@@H](O)[C@]1(C)O,AECJYZFQQYFHTM-VSYZXMJYSA-N,,,,broad_macrocycle_pretrain,,,15,True,False,pretrain_train,pretraining_macrocycle; max_phase=None
PREMAC_f1f22ff61a,ChEMBL_macrocycle_scan,CHEMBL417397,CC[C@H]1OC(=O)[C@H](C)[C@@H](O[C@H]2C[C@@](C)(OC)[C@]3(CO3)[C@H](C)O2)[C@H](C)[C@@H](O[C@@H]2O[C@H](C)C[C@H](N(C)C)[C@H]2O)[C@](C)(O)C[C@@H](C)CN[C@H](C)[C@@H](O)[C@]1(C)O,MZLSJTXEHSQWSU-NTQLNWHZSA-N,,,,broad_macrocycle_pretrain,,,15,True,False,pretrain_train,pretraining_macrocycle; max_phase=None
PREMAC_b3dddcd7f5,ChEMBL_macrocycle_scan,CHEMBL37463,CCCCCCCCCOC(C)C1=C(C)c2cc3nc(c4c5[nH]c(cc6[nH]c(cc1n2)c(C)c6CC)c(C)c5C(=O)N(CCCCCC)C4=O)[C@@H](CCC(=O)OC)[C@@H]3C,CMCSECFBTVSBRN-ACIJSBLTSA-N,,,,broad_macrocycle_pretrain,,,16,True,False,pretrain_train,pretraining_macrocycle; max_phase=None
PREMAC_9ab8822015,ChEMBL_macrocycle_scan,CHEMBL437445,CN[C@H](CC(C)C)C(=O)N[C@H]1C(=O)N[C@@H](CC(N)=O)C(=O)N[C@H]2C(=O)N[C@H]3C(=O)N[C@H](C(=O)N[C@H](C(=O)OC)c4cc(O)cc(O)c4-c4cc3ccc4O)[C@H](O)c3ccc(c(Cl)c3)Oc3cc2cc(c3O)Oc2ccc(cc2Cl)[C@H]1O,RTLLESIPEZFJBD-BAPXYDONSA-N,,,,broad_macrocycle_pretrain,,,16,True,False,pretrain_train,pretraining_macrocycle; max_phase=None
PREMAC_3479cbba03,ChEMBL_macrocycle_scan,CHEMBL43578,CC[C@H]1OC(=O)C[C@@H](O)[C@H](C)[C@@H](O[C@@H]2O[C@H](C)[C@@H](O)[C@H](N(C)C)[C@H]2O)[C@@H](CCOC(C)=O)C[C@@H](C)C(=O)/C=C/C(C)=C/[C@@H]1CO[C@@H]1O[C@H](C)[C@@H](O)[C@@H](OC)[C@H]1OC,YDGKKSBKMOXYSS-SOTQMXNJSA-N,,,,broad_macrocycle_pretrain,,,16,True,False,pretrain_train,pretraining_macrocycle; max_phase=None
PREMAC_bce7798da7,ChEMBL_macrocycle_scan,CHEMBL430312,CCC1CN(C(=O)O[C@H]2[C@H](C)[C@@H](OC3O[C@H](C)C[C@H](N(C)C(C)C)[C@H]3O)[C@@](C)(OC)C[C@@H](C)C(=O)[C@H](C)[C@H]3N(CCc4ccc(Cl)cc4)C(=O)O[C@]3(C)[C@@H](CC)OC(=O)[C@@H]2C)C(=O)O1,ULCZAXFGWNUBFQ-QHVYRLIWSA-N,,,,broad_macrocycle_pretrain,,,14,True,False,pretrain_train,pretraining_macrocycle; max_phase=None
PREMAC_fb1533f8b7,ChEMBL_macrocycle_scan,CHEMBL47411,CC[C@H]1OC(=O)/C(C)=C/[C@H](C)[C@@H](O[C@@H]2O[C@H](C)C[C@H](N(C)C)[C@H]2O)[C@@](C)(OC)C[C@@H](C)C(=O)[C@H](C)[C@H]2N(NCc3ccc(Cl)cc3)C(=O)O[C@]12C,AUOXYTLDKDIVOC-JBSIADLXSA-N,,,,broad_macrocycle_pretrain,,,14,True,False,pretrain_train,pretraining_macrocycle; max_phase=None
PREMAC_ba94dc2ffe,ChEMBL_macrocycle_scan,CHEMBL216252,CCC(C)N(CC1CC1)[C@H]1C[C@@H](C)OC(O[C@@H]2[C@@H](C)[C@H](OC3C[C@@](C)(OC)[C@@H](O)[C@H](C)O3)[C@@H](C)C(=O)O[C@H](CC)[C@@]3(C)OC(=O)N(CCc4ccc(Cl)cc4)[C@@H]3[C@@H](C)C(=O)[C@H](C)C[C@]2(C)OC)[C@@H]1O,QJFIHIWKNRXYSU-KNPUDJCRSA-N,,,,broad_macrocycle_pretrain,,,14,True,False,pretrain_train,pretraining_macrocycle; max_phase=None
PREMAC_4e6adcba1d,ChEMBL_macrocycle_scan,CHEMBL25317,O[C@@]12CCCCCC[C@H]3CCN4CCC[C@H](CCCCCC[C@H]5CCN(CCC1)[C@@H]2O5)[C@H]4O3,DAHFKODECRYGAQ-ACWZPJHASA-N,,,,broad_macrocycle_pretrain,,,20,True,False,pretrain_train,pretraining_macrocycle; max_phase=None
PREMAC_f27d928939,ChEMBL_macrocycle_scan,CHEMBL305324,CCCC1SC[C@@H](C(=O)O)NC(=O)[C@H](CC(=O)O)NC(=O)CNC(=O)[C@H](CCCN=C(N)N)NC(=O)CNC1=O,GEXLWFJEDGQQNS-AIOZOAKWSA-N,,,,broad_macrocycle_pretrain,,,18,True,False,pretrain_train,pretraining_macrocycle; max_phase=None
PREMAC_bae70d4c3f,ChEMBL_macrocycle_scan,CHEMBL218028,CC[C@H]1OC(=O)[C@H](C)[C@@H](O[C@H]2C[C@@](C)(OC)[C@H](N(C)C)[C@H](C)O2)[C@H](C)[C@@H](O[C@@H]2O[C@H](C)C[C@H](N(C)C)[C@H]2OC(=O)OCC2c3ccccc3-c3ccccc32)[C@](C)(O)C[C@@H](C)N(C)C[C@H](C)[C@@H](O)[C@]1(C)O,WGVFKTMHXZZYQA-KCYMBQQUSA-N,,,,broad_macrocycle_pretrain,,,15,True,False,pretrain_train,pretraining_macrocycle; max_phase=None
PREMAC_425144640a,ChEMBL_macrocycle_scan,CHEMBL32325,CNC(=O)[C@@H]1CCCN(C(C)=O)CCCCO[C@H](C(=O)NO)[C@@H](CCCc2ccccc2)C(=O)N1,UHNRWKXPDCQTKE-FSSWDIPSSA-N,,,,broad_macrocycle_pretrain,,,14,True,False,pretrain_train,pretraining_macrocycle; max_phase=None
PREMAC_145203fdab,ChEMBL_macrocycle_scan,CHEMBL268111,CC[C@H]1OC(=O)[C@H](C)[C@@H](O[C@H]2C[C@@](C)(OC)[C@@H](O)[C@H](C)O2)[C@H](C)[C@@H](O[C@@H]2O[C@H](C)C[C@H](NC(=O)CNC(=O)CCCOc3ccc([N+](=O)[O-])cc3OC)[C@H]2O)[C@@](C)(O)C[C@@H](C)C(=O)[C@H](C)[C@@H](O)[C@]1(C)O,WBDXCHQJZCORNJ-DFHJKFKISA-N,,,,broad_macrocycle_pretrain,,,14,True,False,pretrain_train,pretraining_macrocycle; max_phase=None
PREMAC_3dd1a66432,ChEMBL_macrocycle_scan,CHEMBL301117,COC(=O)[C@@H]1[C@H](C)/C=C(C)/C=C(\OC)C(=O)O[C@H]([C@@H](C)[C@@H](O)[C@H](C)[C@@]2(O)C[C@@H](C(=O)OC)[C@H](C)[C@@H](C(C)C)O2)[C@@H](OC)/C=C/C=C(\C)C[C@@H]1C,OSVZIKMLNYWEKG-NFNNCWEZSA-N,,,,broad_macrocycle_pretrain,,,16,True,False,pretrain_train,pretraining_macrocycle; max_phase=None
PREMAC_979ad661fa,ChEMBL_macrocycle_scan,CHEMBL55168,CO/C1=C\C(C)=C\[C@@H](C)[C@@H](O)[C@@H](C)C/C(C)=C/C=C/[C@H](OC)[C@@H]([C@@H](C)[C@@H](O)[C@H](C)[C@@]2(O)CC(=O)[C@H](C)[C@@H](C(C)C)O2)OC1=O,CXXLQDDYRITUQS-PIIDQMAISA-N,,,,broad_macrocycle_pretrain,,,16,True,False,pretrain_train,pretraining_macrocycle; max_phase=None
PREMAC_aac9881849,ChEMBL_macrocycle_scan,CHEMBL288907,CCC(C)N(C[C@@H](O)[C@@H]1Cc2ccc(cc2)OCCCCCC(=O)N[C@@H](C(C)C)C(=O)N1)S(=O)(=O)c1ccc(N)cc1,WDOZDZVUNIMRHU-JZVPZSOSSA-N,,,,broad_macrocycle_pretrain,,,17,True,False,pretrain_train,pretraining_macrocycle; max_phase=None
PREMAC_c6f9906576,ChEMBL_macrocycle_scan,CHEMBL9176,CC[C@H]1OC(=O)CC(O)[C@H](C)[C@@H](O[C@@H]2O[C@H](C)C[C@H](N(C)C)[C@H]2O)[C@@H](CCNC(C)(C)C)C[C@@H](C)C(=O)/C=C/C(C)=C/[C@@H]1C,CFJAMMQQUYQKPE-AVAHSLNDSA-N,,,,broad_macrocycle_pretrain,,,16,True,False,pretrain_train,pretraining_macrocycle; max_phase=None
PREMAC_4131e10b12,ChEMBL_macrocycle_scan,CHEMBL52176,CC[C@H](C)[C@@H]1NC(=O)[C@H](Cc2c[nH]c3ccccc23)NC(=O)[C@H]2CCCN2C(=O)[C@H](Cc2c[nH]cn2)NC(=O)[C@H]2CCCCN2C(=O)[C@@H]2CCCCN2C1=O,WCNGAVKBHXZVJO-FJVAKGSSSA-N,,,,broad_macrocycle_pretrain,,,18,True,False,pretrain_train,pretraining_macrocycle; max_phase=None
PREMAC_3c5c19a36f,ChEMBL_macrocycle_scan,CHEMBL408391,CC(=O)N[C@@H](Cc1ccccc1)C(=O)N[C@H]1CCCNC(=O)[C@@H](CCN=C(N)N)NC(=O)[C@H](Cc2c[nH]c3ccccc23)NC(=O)[C@@H](CC2CCCCC2)NC(=O)[C@@H]2CCCN2C1=O,VNKDGKWRTWDGPW-BKTLRGHCSA-N,,,,broad_macrocycle_pretrain,,,18,True,False,pretrain_train,pretraining_macrocycle; max_phase=None
PREMAC_7d150b4b57,ChEMBL_macrocycle_scan,CHEMBL68313,CC(C)[C@@H]1NC(=O)CCCCCCOc2ccc(cc2)C[C@@H]([C@H](O)CN2CC3CCCCC3C[C@H]2C(=O)NC(C)(C)C)NC1=O,NLFSULIAFLPDQL-CIXVBMNJSA-N,,,,broad_macrocycle_pretrain,,,18,True,False,pretrain_train,pretraining_macrocycle; max_phase=None
PREMAC_cd2cbb64c8,ChEMBL_macrocycle_scan,CHEMBL78693,CC[C@H]1OC(=O)[C@H](C)[C@H]2OC3(CCN(CCc4ccccc4OC)CC3)O[C@](C)(C[C@@H](C)CN[C@H](C)[C@@H](O)[C@]1(C)O)[C@H](O[C@@H]1O[C@H](C)C[C@H](N(C)C)[C@H]1O)[C@H]2C,QGWBFIMQZGZPCV-CUGGYXNFSA-N,,,,broad_macrocycle_pretrain,,,15,True,False,pretrain_train,pretraining_macrocycle; max_phase=None
PREMAC_d49128ffa9,ChEMBL_macrocycle_scan,CHEMBL386674,NC(=O)CC[C@H]1NC(=O)[C@H](Cc2ccccc2)NC(=O)[C@@H](Cc2ccc(O)cc2)NC(=O)[C@H](N)CSSC[C@@H](C(=O)N2CC=C[C@@H]2C(=O)N[C@@H](CCCN=C(N)N)C(=O)NCC(=O)O)NC(=O)[C@H](CC(N)=O)NC1=O,XUEORGBGOKVHSS-BOXDWKHASA-N,,,,broad_macrocycle_pretrain,,,20,True,False,pretrain_train,pretraining_macrocycle; max_phase=None
PREMAC_18ce1ff8d4,ChEMBL_macrocycle_scan,CHEMBL42012,CC1COc2c(N3CCN(C)CC3)c(F)cc3c2N1CC(C(=O)NCCCC(=O)Nc1ccc2c(c1)C(=O)NCCC(=O)N[C@@H](CCN)C(=O)N[C@H](Cc1ccc(O)cc1)CO2)C3=O,VBPUGHWTMGPBSQ-VWXILZMOSA-N,,,,broad_macrocycle_pretrain,,,14,True,False,pretrain_train,pretraining_macrocycle; max_phase=None
PREMAC_1b6a19773e,ChEMBL_macrocycle_scan,CHEMBL419480,CC[C@H]1OC(=O)[C@@](C)(F)C(=O)[C@H](C)[C@@H](OC2O[C@H](C)C[C@H](N(C)C)[C@H]2O)[C@@](C)(OCC#Cc2cnc3ccccc3c2)C[C@@H](C)/C(=N\OC)[C@H](C)[C@H]2NC(=O)O[C@@]21C,KHOYTKJASHTRDV-GDFYXYIUSA-N,,,,broad_macrocycle_pretrain,,,14,True,False,pretrain_train,pretraining_macrocycle; max_phase=None
PREMAC_a552016afa,ChEMBL_macrocycle_scan,CHEMBL47106,CC[C@H]1OC(=O)/C(C)=C/[C@H](C)[C@@H](O[C@@H]2O[C@H](C)C[C@H](N(C)C)[C@H]2O)[C@@](C)(OC)C[C@@H](C)C(=O)[C@H](C)[C@H]2N(CCCCc3ccccc3)C(=O)O[C@]12C,BTNJPUBMFYVTEW-BUTNRRCISA-N,,,,broad_macrocycle_pretrain,,,14,True,False,pretrain_train,pretraining_macrocycle; max_phase=None
PREMAC_60c843d8cd,ChEMBL_macrocycle_scan,CHEMBL312490,CC[C@H]1OC(=O)[C@H](C)C(=O)[C@H](C)[C@@H](OC2O[C@H](C)C[C@H](N(C)C)[C@H]2O)[C@](C)(OC)C[C@@H](C)C(=O)[C@H](C)[C@H]2N(CCCCn3cnc(-c4cccnc4)c3)C(=O)O[C@]12C,LJVAJPDWBABPEJ-NCBYUSOJSA-N,,,,broad_macrocycle_pretrain,,,14,True,False,pretrain_train,pretraining_macrocycle; max_phase=None
PREMAC_260c4cb602,ChEMBL_macrocycle_scan,CHEMBL263469,CC[C@H]1OC(=O)/C(C)=C/[C@H](C)[C@@H](O[C@@H]2O[C@H](C)C[C@H](N(C)C)[C@H]2O)[C@@](C)(OC)C[C@@H](C)C(=O)[C@H](C)[C@H]2N(NCc3ccc(SC)cc3)C(=O)O[C@]12C,AWNOLVLBSVCXQM-ZGMODJPSSA-N,,,,broad_macrocycle_pretrain,,,14,True,False,pretrain_train,pretraining_macrocycle; max_phase=None
PREMAC_5dbf14a5cf,ChEMBL_macrocycle_scan,CHEMBL295112,CC[C@H]1OC(=O)/C(C)=C/[C@H](C)[C@@H](O[C@@H]2O[C@H](C)C[C@H](N(C)C)[C@H]2O)[C@@](C)(OC)C[C@@H](C)C(=O)[C@H](C)[C@H]2N(NCc3cc([N+](=O)[O-])ccc3O)C(=O)O[C@]12C,UNXOWIOOPFCGOM-NZCJGWJHSA-N,,,,broad_macrocycle_pretrain,,,14,True,False,pretrain_train,pretraining_macrocycle; max_phase=None
PREMAC_fedf3c6729,ChEMBL_macrocycle_scan,CHEMBL312016,CC[C@H]1OC(=O)[C@H](C)[C@H]2OC3(CCN(C(=O)c4ccccc4)CC3)O[C@](C)(C[C@@H](C)CN(C)[C@H](C)[C@@H](O)[C@]1(C)O)[C@H](O[C@@H]1O[C@H](C)C[C@H](N(C)C)[C@H]1O)[C@H]2C,HZMUVEAEMLGPJH-SWBBBNKGSA-N,,,,broad_macrocycle_pretrain,,,15,True,False,pretrain_train,pretraining_macrocycle; max_phase=None
PREMAC_cf045c676c,ChEMBL_macrocycle_scan,CHEMBL411009,C[C@@H](O)[C@H](NC(=O)[C@@H]1CSSC[C@H](NC(=O)[C@H](N)Cc2ccccc2)C(=O)N[C@@H](Cc2c[nH]cn2)C(=O)N[C@@H](Cc2ccc(F)cc2)C(=O)N[C@@H](CCCN=C(N)N)C(=O)N[C@H](Cc2c[nH]c3ccccc23)C(=O)N1)C(N)=O,DUYUSGKRSDSGJV-WFESNETRSA-N,,,,broad_macrocycle_pretrain,,,20,True,False,pretrain_train,pretraining_macrocycle; max_phase=None
PREMAC_b015ecc49e,ChEMBL_macrocycle_scan,CHEMBL308471,C[C@@H](O)[C@@H]1NC(=O)[C@H](CCCCN)NC(=O)[C@H](Cc2c[nH]c3ccccc23)NC(=O)[C@H](Cc2ccc(O)cc2)NC(=O)[C@@H](NC(=O)[C@H](N)Cc2ccccc2)CSSC(C)(C)[C@@H](C(N)=O)NC1=O,HARCHSZEXNNVMF-YAFRBUFYSA-N,,,,broad_macrocycle_pretrain,,,20,True,False,pretrain_train,pretraining_macrocycle; max_phase=None
PREMAC_28af6c6b08,ChEMBL_macrocycle_scan,CHEMBL428354,CC(O)C1/C=C/C=C\C(=O)O[C@@H]2C[C@H]3O[C@@H]4[C@@H]5O[C@]5(C)CC[C@]4(COC(=O)C4OC4(C)C(O)CO1)[C@]2(C)C31CO1,DGBITFNXKQHKLI-WSJYAZAJSA-N,,,,broad_macrocycle_pretrain,,,18,True,False,pretrain_train,pretraining_macrocycle; max_phase=None
PREMAC_416c483b5d,ChEMBL_macrocycle_scan,CHEMBL439461,C[C@@H](O)[C@H](NC(=O)[C@@H]1CSSC[C@@H](NC(=O)[C@H](N)Cc2ccccc2)C(=O)N[C@@H](Cc2ccccc2)C(=O)N[C@@H](Cc2c[nH]c3ccccc23)C(=O)N[C@@H](CCCCN)C(=O)N(C)[C@@H]([C@@H](C)O)C(=O)N1)C(N)=O,IKXVJCGODAGFHR-JBJZNJHGSA-N,,,,broad_macrocycle_pretrain,,,20,True,False,pretrain_train,pretraining_macrocycle; max_phase=None
PREMAC_a2958b1986,ChEMBL_macrocycle_scan,CHEMBL262212,C[C@H](c1ccc2ccccc2c1)[C@H]1NC(=O)[C@H](NC(=O)[C@@H](N)Cc2ccc(O)cc2)C(C)(C)SSC[C@H](C(=O)N[C@@H](CCCCN)C(=O)N[C@@H](CCCN=C(N)N)C(N)=O)NC(=O)[C@@H](Cc2ccccc2)NC(=O)[C@H](CO)NC(=O)CNC1=O,HWTDVIKHJPOWJP-JDMNTRJUSA-N,,,,broad_macrocycle_pretrain,,,20,True,False,pretrain_train,pretraining_macrocycle; max_phase=None
PREMAC_96592d39a0,ChEMBL_macrocycle_scan,CHEMBL45053,CCCCCCCC(=O)O[C@H]1/C(=C/C(=O)OC)CC2C[C@H]([C@@H](C)O)OC(=O)C[C@H](O)CCO[C@H](C(C)(C)C)C[C@@H]3CCO[C@H](/C=C/C(C)(C)[C@]1(O)O2)O3,BJNQKVADRDIKFO-GTFOYZODSA-N,,,,broad_macrocycle_pretrain,,,20,True,False,pretrain_train,pretraining_macrocycle; max_phase=None
PREMAC_d18f8daab9,ChEMBL_macrocycle_scan,CHEMBL409059,CC[C@H]1OC(=O)CC(O)[C@H](C)[C@@H](O[C@@H]2O[C@H](C)C[C@H](N(C)C)[C@H]2O)[C@@H](CCN(C)CC)C[C@@H](C)C(=O)/C=C/C(C)=C/[C@@H]1C,SFZLMTWYXKGXGS-AVAHSLNDSA-N,,,,broad_macrocycle_pretrain,,,16,True,False,pretrain_train,pretraining_macrocycle; max_phase=None
PREMAC_75c0e9f706,ChEMBL_macrocycle_scan,CHEMBL288106,CC[C@H]1OC(=O)C[C@@H](O)[C@H](C)[C@@H](O[C@@H]2O[C@H](C)[C@@H](O[C@H]3C[C@@](C)(O)[C@@H](O)[C@H](C)O3)[C@H](N(C)C)[C@H]2O)[C@@H](CCF)C[C@@H](C)C(=O)/C=C/C(C)=C/[C@@H]1CO[C@@H]1O[C@H](C)[C@@H](O)[C@@H](OC)[C@H]1OC,UYCPWBNNMOQJPJ-VMXQISHHSA-N,,,,broad_macrocycle_pretrain,,,16,True,False,pretrain_train,pretraining_macrocycle; max_phase=None
PREMAC_310b821cb3,ChEMBL_macrocycle_scan,CHEMBL311567,C=C1[C@H](OCC(C)C)[C@@H](OC(C)=O)[C@@H](OC(C)=O)C(C)(C)/C=C/[C@@H](C)C(=O)[C@@]2(OC(C)=O)C[C@@](C)(OC(C)=O)[C@H](OC(C)=O)[C@@H]2[C@H]1OC(C)=O,NHJNNLRBLBVYRH-WVTFKXISSA-N,,,,broad_macrocycle_pretrain,,,12,True,False,pretrain_train,pretraining_macrocycle; max_phase=None
PREMAC_16e745782d,ChEMBL_macrocycle_scan,CHEMBL296308,CC[C@H]1OC(=O)C[C@@H](O)[C@H](C)[C@@H](O[C@@H]2O[C@H](C)[C@@H](O[C@H]3C[C@@](C)(O)[C@@H](O)[C@H](C)O3)[C@H](N(C)C)[C@H]2O)[C@@H](CCN2C(=O)c3ccccc3C2=O)C[C@@H](C)C(=O)/C=C/C(C)=C/[C@@H]1C,JUUVBPZDMRIZMA-FVOBSFDBSA-N,,,,broad_macrocycle_pretrain,,,16,True,False,pretrain_train,pretraining_macrocycle; max_phase=None
PREMAC_f061d301ae,ChEMBL_macrocycle_scan,CHEMBL430764,CC[C@H]1OC(=O)/C(C)=C/[C@H](C)[C@@H](O[C@@H]2O[C@H](C)C[C@H](N(C)C)[C@H]2O)[C@@](C)(OC)C[C@@H](C)C(=O)[C@H](C)[C@H]2N(CCc3ccc(O)cc3)C(=O)O[C@]12C,LXXFLUFOYZVEQR-RFAGPKTGSA-N,,,,broad_macrocycle_pretrain,,,14,True,False,pretrain_train,pretraining_macrocycle; max_phase=None
PREMAC_da8f7dece4,ChEMBL_macrocycle_scan,CHEMBL405673,CC[C@H]1OC(=O)[C@H](C)[C@@H](O[C@H]2C[C@@](C)(OC)[C@@H](O)[C@H](C)O2)[C@H](C)[C@@H](O[C@@H]2O[C@H](C)C[C@H](NC(=O)C(Cc3ccc(O)cc3)NC(=O)CCCOc3ccc([N+](=O)[O-])cc3OC)[C@H]2O)[C@@](C)(O)C[C@@H](C)C(=O)[C@H](C)[C@@H](O)[C@]1(C)O,CBVYVKDGERYURU-OAVGWYQOSA-N,,,,broad_macrocycle_pretrain,,,14,True,False,pretrain_train,pretraining_macrocycle; max_phase=None
PREMAC_0c38194620,ChEMBL_macrocycle_scan,CHEMBL411838,CCC(C)[C@H]1O[C@]2(C=C[C@@H]1C)C[C@@H]1C[C@@H](C/C=C(\C)[C@@H](O[C@H]3C[C@H](OC)[C@@H](O[C@H]4C[C@H](OC)[C@H](NN(C)C)[C@H](C)O4)[C@H](C)O3)[C@@H](C)/C=C/C=C3\CO[C@@H]4[C@H](O)C(C)=C[C@@H](C(=O)O1)[C@]34O)O2,AXDRWWAYSZYQOA-SQHUZQEMSA-N,,,,broad_macrocycle_pretrain,,,16,True,False,pretrain_train,pretraining_macrocycle; max_phase=None
PREMAC_509431d3f1,ChEMBL_macrocycle_scan,CHEMBL295330,CN1CCN(c2cc3c(cc2F)C(=O)C(C(=O)Nc2ccc4c(c2)C(=O)NCCC(=O)N[C@@H](CCN)C(=O)N[C@H](Cc2ccc(O)cc2)CO4)CN3C2CC2)CC1,FOOROZILKZHUGN-JYHHRUKYSA-N,,,,broad_macrocycle_pretrain,,,14,True,False,pretrain_train,pretraining_macrocycle; max_phase=None
PREMAC_d5280c3273,ChEMBL_macrocycle_scan,CHEMBL297807,CC(C)CCC[C@@H](C)[C@H]1CC[C@H]2c3ccc(cc3C(=O)O)CC(=O)CCC(C)CCC[C@]12C,RDSUPBNWZZGNKW-YBTOPQDHSA-N,,,,broad_macrocycle_pretrain,,,14,True,False,pretrain_train,pretraining_macrocycle; max_phase=None
PREMAC_f8e58a9a11,ChEMBL_macrocycle_scan,CHEMBL275525,CC[C@H]1OC(=O)[C@H](C)C(=O)[C@H](C)[C@@H](O[C@@H]2O[C@H](C)C[C@H](N(C)C)[C@H]2O)[C@@](C)(OCC#CCc2ccccc2)C[C@@H](C)C(=O)[C@H](C)[C@H]2NC(=O)O[C@@]21C,PAQVRNMMHIDARH-PBHMPTJCSA-N,,,,broad_macrocycle_pretrain,,,14,True,False,pretrain_train,pretraining_macrocycle; max_phase=None
PREMAC_1ce7cbe513,ChEMBL_macrocycle_scan,CHEMBL278514,NCCC[C@H](N)CC(=O)NC1CNC(=O)[C@@H](C2CC(O)N=C(N)N2)NC(=O)/C(=C/NC(N)=O)NC(=O)[C@@H](CO)NC(=O)[C@@H](CO)NC1=O,GXFAIFRPOKBQRV-BSAIWRDJSA-N,,,,broad_macrocycle_pretrain,,,16,True,False,pretrain_train,pretraining_macrocycle; max_phase=None
PREMAC_0d8e710c19,ChEMBL_macrocycle_scan,CHEMBL406782,O=C(O)CCC1=C(CC(=O)O)c2cc3nc(cc4[nH]c(cc5[nH]c(cc1n2)c(CCC(=O)O)c5CC(=O)O)c(CC(=O)O)c4CCC(=O)O)C(CC(=O)O)=C3CCC(=O)O,ZVMKTYCTECBPLO-UHFFFAOYSA-N,,,,broad_macrocycle_pretrain,,,16,True,False,pretrain_train,pretraining_macrocycle; max_phase=None
PREMAC_de4d855af4,ChEMBL_macrocycle_scan,CHEMBL299513,C=C(C=O)[C@@H]1Cc2oc(cc2C(=O)OC)[C@@H]2O[C@@]2(C)C[C@H]2OC(=O)[C@@]3(O[C@H]23)[C@@H](OC(C)=O)C1,AMXQRHQMVKOSQE-PODBDYCPSA-N,,,,broad_macrocycle_pretrain,,,13,True,False,pretrain_train,pretraining_macrocycle; max_phase=None
PREMAC_d35aa2e65d,ChEMBL_macrocycle_scan,CHEMBL286184,C=C1/C=C(\C)[C@H](CC)OC(=O)[C@H](C)C(=O)[C@@](O)(CO)C/C(Cl)=C/[C@@H](C)C1,CGUZQJIBCFQKJK-HXDVSDDLSA-N,,,,broad_macrocycle_pretrain,,,14,True,False,pretrain_train,pretraining_macrocycle; max_phase=None
PREMAC_5ae40df745,ChEMBL_macrocycle_scan,CHEMBL303185,CC(C)C[C@@H]1NC(=O)[C@H](C(C)C)NC(=O)[C@@H]2CCCN2C(=O)[C@H](CC(=O)O)NC(=O)[C@@H](Cc2c[nH]c3ccccc23)NC1=O,VYCMAAOURFJIHD-SIBOWDGYSA-N,,,,broad_macrocycle_pretrain,,,15,True,False,pretrain_train,pretraining_macrocycle; max_phase=None
PREMAC_4cb74cfa8a,ChEMBL_macrocycle_scan,CHEMBL301697,CCOC(=O)[C@H](O)C/C=C\C[C@@H]1O[C@@H]2/C=C/C/C=C/C(C)=C\[C@H]3O[C@@H](C/C=C/C=C/C(=O)O[C@H](C2)[C@@]1(C)CO)C[C@H](O)[C@H]3C,WCMZFPSVVXXBAU-HZCMXYACSA-N,,,,broad_macrocycle_pretrain,,,20,True,False,pretrain_train,pretraining_macrocycle; max_phase=None
PREMAC_a5c8a102dc,ChEMBL_macrocycle_scan,CHEMBL290854,CCCCCCOC(C)C1=C(C)c2cc3nc(c4c5[nH]c(cc6[nH]c(cc1n2)c(C)c6CC)c(C)c5C(=O)N(CCC)C4=O)[C@@H](CCC(=O)OC)[C@@H]3C,UOHZSFNPKBKYEI-IDWGMCNCSA-N,,,,broad_macrocycle_pretrain,,,16,True,False,pretrain_train,pretraining_macrocycle; max_phase=None
PREMAC_3e9e193035,ChEMBL_macrocycle_scan,CHEMBL418377,S=P(N1CCOCCOCCOCCOCC1)(N1CC1)N1CC1,VBONZNKUXDLDMU-UHFFFAOYSA-N,,,,broad_macrocycle_pretrain,,,15,True,False,pretrain_train,pretraining_macrocycle; max_phase=None
PREMAC_72b7be9faf,ChEMBL_macrocycle_scan,CHEMBL427582,COC(=O)[C@@H]1CSCc2c(O)cc(OC)c(C)c2C(=O)OCC/C(S)=N/1,RSVUXIVBDLJSJJ-NSHDSACASA-N,,,,broad_macrocycle_pretrain,,,12,True,False,pretrain_train,pretraining_macrocycle; max_phase=None
PREMAC_b3d9c88766,ChEMBL_macrocycle_scan,CHEMBL291717,CCCC[C@@H]1NC(=O)[C@H]2CCCN2C(=O)[C@H](C(C)C)NC(=O)[C@@H](Cc2ccc(OP(=O)(O)O)cc2)NC(=O)CNC(=O)[C@@H](CC(C)C)NC1=O,UNKZBYFJQILFSD-IDFBPUONSA-N,,,,broad_macrocycle_pretrain,,,18,True,False,pretrain_train,pretraining_macrocycle; max_phase=None
PREMAC_5463ee4e47,ChEMBL_macrocycle_scan,CHEMBL64737,N=C(N)NCCC[C@@H]1NC(=O)CNC(=O)[C@H](Cc2ccccc2)SC[C@@H](C(=O)O)NC(=O)[C@H](CC(=O)O)NC(=O)CNC1=O,PECKOTHCSJMAES-XSLAGTTESA-N,,,,broad_macrocycle_pretrain,,,18,True,False,pretrain_train,pretraining_macrocycle; max_phase=None
PREMAC_5ebadc7657,ChEMBL_macrocycle_scan,CHEMBL430978,NCCCC[C@@H]1NC(=O)C[S+]([O-])C[C@@H](C(=O)O)NC(=O)[C@H](CC(=O)O)NC(=O)CNC(=O)[C@H](CCCN=C(N)N)NC1=O,LTIDGEKEJCQKNB-WQSJQMPZSA-N,,,,broad_macrocycle_pretrain,,,18,True,False,pretrain_train,pretraining_macrocycle; max_phase=None
PREMAC_de2e189c85,ChEMBL_macrocycle_scan,CHEMBL435580,NC(N)=NCC[C@H]1NC(=O)[C@H](Cc2c[nH]c3ccccc23)NC(=O)[C@@H](CC2CCCCC2)NC(=O)[C@@H]2CCCN2C(=O)[C@@H](NC(=O)[C@@H](N)Cc2ccccc2)CCCNC1=O,KWGUJHWVTUTXTJ-HEPCJBHQSA-N,,,,broad_macrocycle_pretrain,,,18,True,False,pretrain_train,pretraining_macrocycle; max_phase=None
PREMAC_6f544be231,ChEMBL_macrocycle_scan,CHEMBL60806,C=C(CCC(C)C)COC(=O)[C@H](O)C/C=C\C[C@@H]1O[C@@H]2/C=C/C/C=C/C(C)=C\[C@@H]3C[C@@H](O)C[C@H](C/C=C/C=C/C(=O)O[C@H](C2)[C@@]1(C)CO)O3,MSNIKNYEPIEHHP-JOSHZJLLSA-N,,,,broad_macrocycle_pretrain,,,20,True,False,pretrain_train,pretraining_macrocycle; max_phase=None
PREMAC_c177c4406b,ChEMBL_macrocycle_scan,CHEMBL417807,NCCC[C@H](N)CC(=O)NC1CNC(=O)[C@@H](C2CC(NC(=O)OCc3cccc(Cl)c3Cl)N=C(N)N2)NC(=O)/C(=C/NC(N)=O)NC(=O)[C@@H](CO)NC(=O)[C@@H](CO)NC1=O,PPBPYPKLTXKTSJ-KQZLGSTNSA-N,,,,broad_macrocycle_pretrain,,,16,True,False,pretrain_train,pretraining_macrocycle; max_phase=None
PREMAC_088d8b038d,ChEMBL_macrocycle_scan,CHEMBL405153,CC[C@H]1OC(=O)C[C@@H](O)[C@H](C)[C@@H](O[C@@H]2O[C@H](C)[C@@H](O)[C@H](N(C)C)[C@H]2O)[C@@H](CCOc2ccc([N+](=O)[O-])cc2)C[C@@H](C)C(=O)/C=C/C(C)=C/[C@@H]1CO[C@@H]1O[C@H](C)[C@@H](O)[C@@H](OC)[C@H]1OC,WSFLFIURODBSRU-FLFLYZQMSA-N,,,,broad_macrocycle_pretrain,,,16,True,False,pretrain_train,pretraining_macrocycle; max_phase=None
PREMAC_2d8ad2ae6c,ChEMBL_macrocycle_scan,CHEMBL296937,CC(C)CCN(C[C@@H](O)[C@@H]1Cc2ccc(cc2)OCCCCCC(=O)N[C@@H](C(C)C)C(=O)N1)S(=O)(=O)c1ccc2ccccc2c1,MJIHGBRCJJDHSL-UJNSZXMOSA-N,,,,broad_macrocycle_pretrain,,,17,True,False,pretrain_train,pretraining_macrocycle; max_phase=None
PREMAC_bbb32833ca,ChEMBL_macrocycle_scan,CHEMBL46183,CNC(=O)[C@@H]1CCCCNC(=O)C[C@H](C(=O)O)N[C@@H](CCc2ccccc2)C(=O)N1,ZKUXVTKGURJPOW-YESZJQIVSA-N,,,,broad_macrocycle_pretrain,,,13,True,False,pretrain_train,pretraining_macrocycle; max_phase=None
PREMAC_820da3475d,ChEMBL_macrocycle_scan,CHEMBL288792,CCCCCCN(C[C@@H](O)[C@@H]1Cc2ccc(cc2)OCCCCCC(=O)N[C@@H](C(C)C)C(=O)N1)S(=O)(=O)c1ccc(N)cc1,PIEAPTFYCZJAGK-WTGSTYHVSA-N,,,,broad_macrocycle_pretrain,,,17,True,False,pretrain_train,pretraining_macrocycle; max_phase=None
PREMAC_c6edc4e049,ChEMBL_macrocycle_scan,CHEMBL405226,CC[C@H]1OC(=O)[C@H](C)[C@H]2OC3(CCN(c4cc(OC)nc(OC)n4)CC3)O[C@](C)(C[C@@H](C)CN(C)[C@H](C)[C@@H](O)[C@]1(C)O)[C@H](O[C@@H]1O[C@H](C)CC(N(C)C)[C@H]1O)[C@H]2C,GPFANWOQAFHRAL-PUWSURRVSA-N,,,,broad_macrocycle_pretrain,,,15,True,False,pretrain_train,pretraining_macrocycle; max_phase=None
PREMAC_b85b43f79a,ChEMBL_macrocycle_scan,CHEMBL441617,CCC1=C(C)C2=N/C1=C\c1[nH]c(c(CCC(=O)NCCc3c[nH]cn3)c1C)/C=c1\[nH]/c(c(CC)c1CC)=C\c1[nH]c(c(C)c1CCC(=O)NCCc1c[nH]cn1)/C=C1\N=C(C2)C(C)=C1CC,WFOHFSZIXFGWLI-KVMFXJCQSA-N,,,,broad_macrocycle_pretrain,,,20,True,False,pretrain_train,pretraining_macrocycle; max_phase=None
PREMAC_460b56190d,ChEMBL_macrocycle_scan,CHEMBL275330,C=CC1=C(C)c2cc3nc(cc4[nH]c(cc5[nH]c(cc1n2)c(C)c5CCC(=O)NC1C(O)OC(CO)C(O)C1O)c(CCC(=O)NC1C(O)OC(CO)C(O)C1O)c4C)C(C=C)=C3C,HTHJLFLRXVRNBZ-UHFFFAOYSA-N,,,,broad_macrocycle_pretrain,,,16,True,False,pretrain_train,pretraining_macrocycle; max_phase=None
PREMAC_be1737c409,ChEMBL_macrocycle_scan,CHEMBL415860,C[C@@H](O)[C@@H](NC(=O)[C@H]1CSSC[C@H](NC(=O)[C@@H](N)Cc2ccccc2)C(=O)N[C@@H](Cc2ccccc2)C(=O)N[C@H](Cc2c[nH]c3ccccc23)C(=O)N[C@@H](CCCCN)C(=O)N[C@H]([C@@H](C)O)C(=O)N1)C(=O)O,KEKAEHDXIJNAIJ-ARNWWDNFSA-N,,,,broad_macrocycle_pretrain,,,20,True,False,pretrain_train,pretraining_macrocycle; max_phase=None
PREMAC_f882d3bb94,ChEMBL_macrocycle_scan,CHEMBL82421,CC[C@H]1OC(=O)[C@H](C)[C@H]2OC3(CCNCC3)O[C@](C)(C[C@@H](C)CN(C)[C@H](C)[C@@H](O)[C@]1(C)O)[C@H](O[C@@H]1O[C@H](C)C[C@H](N(C)C)[C@H]1O)[C@H]2C,LZQRRXSIZZAMCJ-WEDQHGDLSA-N,,,,broad_macrocycle_pretrain,,,15,True,False,pretrain_train,pretraining_macrocycle; max_phase=None
PREMAC_1d7fbf6e69,ChEMBL_macrocycle_scan,CHEMBL41661,COc1ccc2c(O[C@@H]3C[C@H]4C(=O)N[C@]5(C(=O)O)C[C@H]5/C=C\CCCCC[C@H](NC(=O)OC(C)(C)C)C(=O)N4C3)cc(-c3csc(N)n3)nc2c1,HHLVBVPUGUWUNP-VLKCJWKCSA-N,,,,broad_macrocycle_pretrain,,,15,True,False,pretrain_train,pretraining_macrocycle; max_phase=None
PREMAC_a2975bcb66,ChEMBL_macrocycle_scan,CHEMBL28967,C1CNCCNCCCN(CCCN2CCCNCCNCCCNCC2)CCNC1,SCMFKRCYKTYWIW-UHFFFAOYSA-N,,,,broad_macrocycle_pretrain,,,14,True,False,pretrain_train,pretraining_macrocycle; max_phase=None
PREMAC_0551c47fce,ChEMBL_macrocycle_scan,CHEMBL413652,CC(C)[C@H]1NC[C@H](CCCCN)NC(=O)[C@@H](Cc2c[nH]c3ccccc23)NC(=O)[C@H](Cc2ccc(O)cc2)NC(=O)[C@@H](NC(=O)[C@@H](N)Cc2ccccc2)CSSC[C@H](C(=O)N[C@H](C(N)=O)[C@@H](C)O)NC1=O,HGVLUGSPWRGOLU-JXKHUKJCSA-N,,,,broad_macrocycle_pretrain,,,20,True,False,pretrain_train,pretraining_macrocycle; max_phase=None
PREMAC_5dec9c0cca,ChEMBL_macrocycle_scan,CHEMBL439165,C[C@@H](O)[C@H](NC(=O)[C@H]1CSSC[C@H](NC(=O)[C@H](N)Cc2ccccc2)C(=O)N[C@H](Cc2ccc(I)cc2)C(=O)N[C@@H](Cc2c[nH]c3ccccc23)C(=O)N[C@@H](CCCN=C(N)N)C(=O)N[C@H]([C@@H](C)O)C(=O)N1)C(N)=O,JXENZCFMNWMJQA-NWKLPLIKSA-N,,,,broad_macrocycle_pretrain,,,20,True,False,pretrain_train,pretraining_macrocycle; max_phase=None
PREMAC_5e91730687,ChEMBL_macrocycle_scan,CHEMBL59760,OC1c2cc3ccc([nH]3)c(-c3ccccc3)c3ccc(cc4nc(c(-c5ccccc5)c(n2)C1O)C=C4)[nH]3,MFHYGFIVJZPMFC-UHFFFAOYSA-N,,,,broad_macrocycle_pretrain,,,16,True,False,pretrain_train,pretraining_macrocycle; max_phase=None
PREMAC_d3a6b33eed,ChEMBL_macrocycle_scan,CHEMBL419460,O=S(=O)([O-])c1ccc(-c2c3nc(c(-c4ccc(S(=O)(=O)[O-])cc4)c4ccc([nH]4)c(-c4ccc(S(=O)(=O)[O-])cc4)c4ccc([nH]4)c(-c4ccc(S(=O)(=O)[O-])cc4)c4nc2C=C4)C=C3)cc1.[Na+].[Na+].[Na+].[Na+],QSGMJPJNWVUDQP-UHFFFAOYSA-J,,,,broad_macrocycle_pretrain,,,16,True,False,pretrain_train,pretraining_macrocycle; max_phase=None
PREMAC_3e695d430f,ChEMBL_macrocycle_scan,CHEMBL420580,Cc1cn(C2CC(N=[N+]=[N-])C(COC(=O)CCCC(=O)N3CCCNCCNCCCNCC3)O2)c(=O)[nH]c1=O,CKYCPSLGLMTWTD-UHFFFAOYSA-N,,,,broad_macrocycle_pretrain,,,14,True,False,pretrain_train,pretraining_macrocycle; max_phase=None
PREMAC_ed8162dbe6,ChEMBL_macrocycle_scan,CHEMBL51553,C=C(C=O)[C@H]1C[C@H](OC(C)=O)[C@@]23O[C@@H]2[C@@H](C[C@]2(C)O[C@H]2c2cc(C)c(o2)[C@@H]1OC(C)=O)OC3=O,MEFFELURXRIWBN-CHICZLJJSA-N,,,,broad_macrocycle_pretrain,,,13,True,False,pretrain_train,pretraining_macrocycle; max_phase=None
PREMAC_42741550db,ChEMBL_macrocycle_scan,CHEMBL80025,CCC(C)[C@H]1O[C@]2(C=C[C@@H]1C)C[C@@H]1C[C@@H](C/C=C(\C)[C@@H](O[C@H]3C[C@H](OC)[C@@H](O[C@H]4C[C@H](OC)[C@@H](O)[C@H](C)O4)[C@H](C)O3)[C@@H](C)/C=C/C=C3\CO[C@@H]4[C@H](O)C(C)=C[C@@H](C(=O)O1)[C@]34O)O2,RRZXIRBKKLTSOM-VDYLCOMISA-N,,,,broad_macrocycle_pretrain,,,16,True,False,pretrain_train,pretraining_macrocycle; max_phase=None
PREMAC_189f52d82c,ChEMBL_macrocycle_scan,CHEMBL262130,CC[C@H]1OC(=O)/C(C)=C/[C@H](C)[C@@H](O[C@@H]2O[C@H](C)C[C@H](N(C)C)[C@H]2O)[C@@](C)(OC)C[C@@H](C)C(=O)[C@H](C)[C@H]2N(CCc3ccc(F)cc3)C(=O)O[C@]12C,VGNZBBDFUAPGMA-RFAGPKTGSA-N,,,,broad_macrocycle_pretrain,,,14,True,False,pretrain_train,pretraining_macrocycle; max_phase=None
PREMAC_40f2d91834,ChEMBL_macrocycle_scan,CHEMBL263620,C[C@@H](O)[C@H](NC(=O)[C@H]1CSSC[C@H](NC(=O)[C@H](N)Cc2ccccc2)C(=O)N[C@@H](Cc2ccc(O)cc2)C(=O)N[C@H](Cc2c[nH]c3ccccc23)C(=O)N[C@@H](CCCCN)C(=O)N[C@H]([C@@H](C)O)C(=O)N1)C(=O)O,QGZGIBMEBJNHKH-QHOIYZQSSA-N,,,,broad_macrocycle_pretrain,,,20,True,False,pretrain_train,pretraining_macrocycle; max_phase=None
PREMAC_fe4b271b19,ChEMBL_macrocycle_scan,CHEMBL409401,CO[C@H]1/C=C\C=C(/C)C(=O)NC2=CC(=O)C(NCCCC/C=C/[C@]3(O)CC[C@@]4(C)C5CC=C6CC7(CC[C@]6(C)[C@@]5(C)CC[C@@]43C)OCCO7)=C(C[C@H](C)C[C@H](OC)[C@@H](O)[C@H](C)/C=C(\C)C[C@@H]1OC(N)=O)C2=O,CDRVFJHXZMCBNV-BNSKYYPNSA-N,,,,broad_macrocycle_pretrain,,,20,True,False,pretrain_train,pretraining_macrocycle; max_phase=None
PREMAC_7f307a9f74,ChEMBL_macrocycle_scan,CHEMBL289368,COC(=O)[C@@H]1CSCc2c(O)cc(O)c(C)c2C(=O)OC[C@H](N)C(=O)N1,YDFQDVOPKKDMKV-UWVGGRQHSA-N,,,,broad_macrocycle_pretrain,,,12,True,False,pretrain_train,pretraining_macrocycle; max_phase=None
PREMAC_c615628ac4,ChEMBL_macrocycle_scan,CHEMBL405421,C[C@@H](O)[C@H](NC(=O)[C@@H]1CSSC[C@@H](N(C)C(=O)[C@H](N)Cc2ccccc2)C(=O)N[C@@H](Cc2ccccc2)C(=O)N[C@@H](Cc2c[nH]c3ccccc23)C(=O)N[C@@H](CCCCN)C(=O)N[C@@H]([C@@H](C)O)C(=O)N1)C(N)=O,RFRFOINVWYAOEL-WWBNSYMRSA-N,,,,broad_macrocycle_pretrain,,,20,True,False,pretrain_train,pretraining_macrocycle; max_phase=None
PREMAC_1ecb069666,ChEMBL_macrocycle_scan,CHEMBL9248,CC[C@H]1OC(=O)CC(O)[C@H](C)[C@@H](O[C@@H]2O[C@H](C)C[C@H](N(C)C)[C@H]2O)[C@@H](CCN2CCCC2)C[C@@H](C)C(=O)/C=C/C(C)=C/[C@@H]1C,WPDLJDLIVLHYKP-VLGOSVMCSA-N,,,,broad_macrocycle_pretrain,,,16,True,False,pretrain_train,pretraining_macrocycle; max_phase=None
PREMAC_c5a0c79334,ChEMBL_macrocycle_scan,CHEMBL311792,CC[C@H]1OC(=O)[C@H](C)[C@H]2OC3(CCN(C(=O)c4cccc(OC)c4)CC3)O[C@](C)(C[C@@H](C)CN[C@H](C)[C@@H](O)[C@]1(C)O)[C@H](O[C@@H]1O[C@H](C)C[C@H](N(C)C)[C@H]1O)[C@H]2C,FZCVDCQXRWQNJJ-DDTVGAPESA-N,,,,broad_macrocycle_pretrain,,,15,True,False,pretrain_train,pretraining_macrocycle; max_phase=None
PREMAC_6ef8a99af0,ChEMBL_macrocycle_scan,CHEMBL12947,O=C(O)c1ccc(/C2=C3\C=CC(=N3)/C(c3ccc(Cl)cc3)=C3/C=CC(=N3)/C(c3ccc(C(=O)O)cc3)=c3/cc/c([nH]3)=C(\c3ccc(C(=O)O)cc3)C3C=CC2N3)cc1,JOBDRBLDQSIYHR-QGCBMQFQSA-N,,,,broad_macrocycle_pretrain,,,16,True,False,pretrain_train,pretraining_macrocycle; max_phase=None
PREMAC_7e24ec138e,ChEMBL_macrocycle_scan,CHEMBL427925,CC[C@H]1OC(=O)C[C@@H](O)[C@H](C)[C@@H](O[C@@H]2O[C@H](C)[C@@H](O)[C@H](N(C)C)[C@H]2O)CC[C@@H](C/C=C2\Nc3ccccc3S2)C(=O)/C=C/C(C)=C/[C@@H]1CO[C@@H]1O[C@H](C)[C@@H](O)[C@@H](OC)[C@H]1OC,QLFMQATVCCPOOF-LIGWGLKSSA-N,,,,broad_macrocycle_pretrain,,,16,True,False,pretrain_train,pretraining_macrocycle; max_phase=None
PREMAC_cb3b9e596e,ChEMBL_macrocycle_scan,CHEMBL289953,CC[C@H]1OC(=O)/C(C)=C/[C@H](C)[C@@H](O[C@@H]2O[C@H](C)C[C@H](N(C)C)[C@H]2O)[C@@](C)(OC)C[C@@H](C)C(=O)[C@H](C)[C@H]2N(CCCOc3cccc4cccnc34)C(=O)O[C@]12C,QVSPJYWMYTYHLB-PSPFMBHQSA-N,,,,broad_macrocycle_pretrain,,,14,True,False,pretrain_train,pretraining_macrocycle; max_phase=None
PREMAC_4b64265e6d,ChEMBL_macrocycle_scan,CHEMBL264082,C[C@@H](O)[C@H](NC(=O)[C@H]1NC(=O)[C@H]([C@@H](C)O)NC(=O)[C@H](CCCCN)NC(=O)[C@H](Cc2c[nH]c3ccccc23)NC(=O)[C@H](Cc2ccc(O)cc2)NC(=O)[C@@H](NC(=O)[C@@H](N)Cc2c[nH]c3ccccc23)CSSC1(C)C)C(N)=O,XIJALVRTLDVCSP-KCLFFFBDSA-N,,,,broad_macrocycle_pretrain,,,20,True,False,pretrain_train,pretraining_macrocycle; max_phase=None
PREMAC_e93e081502,ChEMBL_macrocycle_scan,CHEMBL409532,CCC(C)[C@H]1O[C@]2(C=C[C@@H]1C)C[C@@H]1C[C@@H](C/C=C(\C)[C@@H](O[C@H]3C[C@H](OC)[C@@H](O[C@H]4C[C@H](OC)[C@H](NC(=O)C(C)(C)C)[C@H](C)O4)[C@H](C)O3)[C@@H](C)/C=C/C=C3\CO[C@@H]4[C@H](O)C(C)=C[C@@H](C(=O)O1)[C@]34O)O2,HJJPLDGJYNTKAD-RFZKXZDDSA-N,,,,broad_macrocycle_pretrain,,,16,True,False,pretrain_train,pretraining_macrocycle; max_phase=None
PREMAC_473316be59,ChEMBL_macrocycle_scan,CHEMBL306897,CC(C)[C@@H]1NC(=O)c2ccccc2OCCCOc2ccc(cc2)C[C@@H]([C@H](O)CN2CC3CCCCC3C[C@H]2C(=O)NC(C)(C)C)NC1=O,GRKWALBGUZROQR-JNDHMAHKSA-N,,,,broad_macrocycle_pretrain,,,18,True,False,pretrain_train,pretraining_macrocycle; max_phase=None
PREMAC_3b0f2fce29,ChEMBL_macrocycle_scan,CHEMBL278199,N[C@@H](Cc1ccc(O)cc1)C(=O)N[C@H]1CSSC[C@@H](C(=O)O)NC(=O)C2(CCCC2)CCNC1=O,RSTZPOQSPRAZIO-BZSNNMDCSA-N,,,,broad_macrocycle_pretrain,,,13,True,False,pretrain_train,pretraining_macrocycle; max_phase=None
PREMAC_42a7bba91b,ChEMBL_macrocycle_scan,CHEMBL385849,CC[C@H](C)[C@@H]1NC(=O)[C@H](Cc2c[nH]c3ccccc23)NC(=O)CC2(CCCCC2)SSC[C@@H](C(=O)N2CCC[C@@H]2C(=O)N[C@H](CCCN=C(N)N)C(=O)N[C@H](C)C(N)=O)NC(=O)[C@H](CC(N)=O)NC(=O)[C@@H](Cc2c[nH]c3ccccc23)NC1=O,GXUQLBPRKTUXLE-PIANAGJMSA-N,,,,broad_macrocycle_pretrain,,,20,True,False,pretrain_train,pretraining_macrocycle; max_phase=None
PREMAC_000c3a90c7,ChEMBL_macrocycle_scan,CHEMBL282626,CC[C@H]1OC(=O)[C@H](C)[C@H]2OC3(CCN(c4ccc(N)cc4)CC3)O[C@](C)(C[C@@H](C)CN(C)[C@H](C)[C@@H](O)[C@]1(C)O)[C@H](O[C@@H]1O[C@H](C)CC(N(C)C)[C@H]1O)[C@H]2C,FNINGEYBVKSMFY-VWPBGQCNSA-N,,,,broad_macrocycle_pretrain,,,15,True,False,pretrain_train,pretraining_macrocycle; max_phase=None
PREMAC_04d0a621c6,ChEMBL_macrocycle_scan,CHEMBL62201,NC(N)=NCC[C@@H]1NC(=O)[C@H](Cc2c[nH]c3ccccc23)NC(=O)[C@@H](CC2CCCCC2)NC(=O)[C@@H]2CCCN2C(=O)[C@@H](NC(=O)[C@@H](N)Cc2ccccc2)CCCNC1=O,KWGUJHWVTUTXTJ-GNBZLLLQSA-N,,,,broad_macrocycle_pretrain,,,18,True,False,pretrain_train,pretraining_macrocycle; max_phase=None
PREMAC_8eee5ff4a3,ChEMBL_macrocycle_scan,CHEMBL429339,CC[C@H](C)[C@H]1O[C@]2(CC(O)[C@@H]1C)C[C@@H]1C[C@@H](C/C=C(\C)[C@@H](OC3CC(OC)C(OC4CC(OC)C(O)C(C)O4)C(C)O3)[C@@H](C)/C=C/C=C3\CO[C@@H]4[C@H](OC)C(C)=C[C@@H](C(=O)O1)[C@]34O)O2,JVGWUGTWQIAGHJ-DRBFDSOZSA-N,,,,broad_macrocycle_pretrain,,,16,True,False,pretrain_train,pretraining_macrocycle; max_phase=None
PREMAC_e9f5277418,ChEMBL_macrocycle_scan,CHEMBL61620,COc1ccc(C[C@H]2NC(=O)/C=C/C[C@@H]([C@H](C)[C@@H](O)[C@@H](I)c3ccccc3)OC(=O)[C@H](CC(C)C)OC(=O)[C@H](C)CNC2=O)cc1Cl,OTKDTYLPRBBZFX-OFWIHYRESA-N,,,,broad_macrocycle_pretrain,,,16,True,False,pretrain_train,pretraining_macrocycle; max_phase=None
PREMAC_6b5fd8d604,ChEMBL_macrocycle_scan,CHEMBL440116,CC[C@H]1OC(=O)[C@H](C)C(=O)[C@H](C)[C@@H](O[C@@H]2O[C@H](C)C[C@H](N(C)C)[C@H]2O)[C@@](C)(OCC#CCc2cnc3ccccc3c2)C[C@@H](C)C(=O)[C@H](C)[C@H]2NC(=O)O[C@@]21C,RHXKOYDLBWEQOR-LWHSLWHQSA-N,,,,broad_macrocycle_pretrain,,,14,True,False,pretrain_train,pretraining_macrocycle; max_phase=None
PREMAC_20f5c8a7ca,ChEMBL_macrocycle_scan,CHEMBL300903,CC(=O)O[C@H]1C[C@H](C2(C)CO2)[C@@H](OC(C)=O)c2oc(cc2C)[C@@H]2O[C@@]2(C)C[C@@H]2C=C1C(=O)O2,ZKPQWDXTJKFKDU-SZTWMKIDSA-N,,,,broad_macrocycle_pretrain,,,13,True,False,pretrain_train,pretraining_macrocycle; max_phase=None
PREMAC_3725d16c93,ChEMBL_macrocycle_scan,CHEMBL70590,C[C@@H]1C[C@H](C)C[C@H](C)[C@@H](O)CC(=O)O[C@H]([C@@H]2CCC[C@H]2C(=O)O)C/C=C/C=C(/C#N)[C@H](O)[C@@H](C)C1,OJCKRNPLOZHAOU-UGKRXNSESA-N,,,,broad_macrocycle_pretrain,,,18,True,False,pretrain_train,pretraining_macrocycle; max_phase=None
PREMAC_bad16f55de,ChEMBL_macrocycle_scan,CHEMBL423303,CC[C@H]1NCc2cncn2Cc2ccc(C#N)c(c2)Oc2ccc3cccc(c3c2)NC1=O,YCUWEXRMZLDWND-HSZRJFAPSA-N,,,,broad_macrocycle_pretrain,,,16,True,False,pretrain_train,pretraining_macrocycle; max_phase=None
PREMAC_2b55343332,ChEMBL_macrocycle_scan,CHEMBL44556,CC[C@H]1OC(=O)C[C@@H](O)[C@H](C)[C@@H](O[C@@H]2O[C@H](C)[C@@H](O)[C@H](N(C)C)[C@H]2O)[C@@H](CCSc2ccccc2)C[C@@H](C)C(=O)/C=C/C(C)=C/[C@@H]1CO[C@@H]1O[C@H](C)[C@@H](O)[C@@H](OC)[C@H]1OC,LNBVDYCBULJKNI-OHSHHRKGSA-N,,,,broad_macrocycle_pretrain,,,16,True,False,pretrain_train,pretraining_macrocycle; max_phase=None
PREMAC_ba4cecf9e3,ChEMBL_macrocycle_scan,CHEMBL77504,CN1Cc2cncn2Cc2ccc(C#N)c(c2)Oc2ccc3c(c2)C(CC3)N2CCC1C2=O,KPRXKFKHZVTBIT-UHFFFAOYSA-N,,,,broad_macrocycle_pretrain,,,16,True,False,pretrain_train,pretraining_macrocycle; max_phase=None
PREMAC_c547eb61e3,ChEMBL_macrocycle_scan,CHEMBL291792,NC(N)=NCC[C@@H]1NC(=O)[C@H](Cc2c[nH]c3ccccc23)NC(=O)[C@@H](CC2CCCCC2)NC(=O)[C@@H]2CCCN2C(=O)[C@@H](NC(=O)[C@@H](N)Cc2ccccc2)CNC1=O,VVQNNLDBIZYQRT-NPICMPDBSA-N,,,,broad_macrocycle_pretrain,,,16,True,False,pretrain_train,pretraining_macrocycle; max_phase=None
PREMAC_bff1b9978b,ChEMBL_macrocycle_scan,CHEMBL407172,CC1=C[C@H]2O[C@@H]3C[C@H]4OC(=O)/C=C\C=C\C(C(C)O)OCCC(C)C(O)C(=O)OC[C@@]2(C[C@H]1O)[C@]4(C)C31CO1,GVZIONLFUHXCGG-OGDMIQLYSA-N,,,,broad_macrocycle_pretrain,,,18,True,False,pretrain_train,pretraining_macrocycle; max_phase=None
PREMAC_2f67bee7dc,ChEMBL_macrocycle_scan,CHEMBL408474,NCCCC[C@H](NC(=O)[C@H]1CCCN1C(=O)[C@@H]1CSSC[C@@H](N)C(=O)N[C@H](Cc2ccc(O)cc2)C(=O)N[C@@H](Cc2ccccc2)C(=O)N[C@H](CCC(N)=O)C(=O)N[C@@H](CC(N)=O)C(=O)N1)C(=O)NCC(=O)O,ZROKNFKQDJQQGV-FQMYWHBPSA-N,,,,broad_macrocycle_pretrain,,,20,True,False,pretrain_train,pretraining_macrocycle; max_phase=None
PREMAC_d1909eb332,ChEMBL_macrocycle_scan,CHEMBL297436,CC[C@H]1OC(=O)/C(C)=C/[C@H](C)[C@@H](O[C@@H]2O[C@H](C)C[C@H](N(C)C)[C@H]2O)[C@@](C)(OC)C[C@@H](C)C(=O)[C@H](C)[C@H]2N(NCc3ccc(OC)cc3)C(=O)O[C@]12C,YNCNWGFUYPXDOZ-ZGMODJPSSA-N,,,,broad_macrocycle_pretrain,,,14,True,False,pretrain_train,pretraining_macrocycle; max_phase=None
PREMAC_d956011319,ChEMBL_macrocycle_scan,CHEMBL311220,CC[C@H]1OC(=O)[C@H](C)[C@@H](O[C@H]2C[C@@](C)(OC)[C@@H](O)[C@H](C)O2)[C@H](C)[C@@H](O[C@@H]2O[C@H](C)C[C@H](N(C)C)[C@H]2O)[C@](C)(OC)C[C@@H](C)CN(C)[C@H](C)[C@@H](O)[C@]1(C)O,ORVGLRAXIUNDTG-SBXXAWCKSA-N,,,,broad_macrocycle_pretrain,,,15,True,False,pretrain_train,pretraining_macrocycle; max_phase=None
PREMAC_fd78724757,ChEMBL_macrocycle_scan,CHEMBL440061,C[C@@H](O)[C@H](NC(=O)[C@H]1CSSC(C)(C)[C@H](NC(=O)[C@H](N)c2ccccc2)C(=O)N[C@@H](Cc2ccccc2)C(=O)N[C@H](Cc2c[nH]c3ccccc23)C(=O)N[C@@H](CCCCN)C(=O)N[C@H]([C@@H](C)O)C(=O)N1)C(=O)O,OEGHPXWUWKEXCF-WJMAAKBCSA-N,,,,broad_macrocycle_pretrain,,,20,True,False,pretrain_train,pretraining_macrocycle; max_phase=None
PREMAC_23033f96fa,ChEMBL_macrocycle_scan,CHEMBL416256,CC[C@H]1OC(=O)C[C@@H](O)[C@H](C)[C@@H](O[C@@H]2O[C@H](C)[C@@H](O)[C@H](N(C)C)[C@H]2O)[C@@H](CCN2CCCCCCC2)C[C@@H](C)C(=O)/C=C/C(C)=C/[C@@H]1C,OGBHXPMDCHSRPZ-OTWZHGGLSA-N,,,,broad_macrocycle_pretrain,,,16,True,False,pretrain_train,pretraining_macrocycle; max_phase=None
PREMAC_2e0ed2ec47,ChEMBL_macrocycle_scan,CHEMBL412578,CC(=O)N[C@@H](Cc1ccccc1)C(=O)N[C@H]1CSSC[C@@H](C(=O)N[C@@H](Cc2ccc(O)cc2)C(=O)N[C@@H](CC(C)C)C(N)=O)NC(=O)[C@H](CO)NC(=O)[C@H](Cc2ccc(O)cc2)NC(=O)[C@H](CC(=O)O)NC(=O)[C@H](CO)NC1=O,UWPVDCPXYLZNSD-JBRKIFEHSA-N,,,,broad_macrocycle_pretrain,,,20,True,False,pretrain_train,pretraining_macrocycle; max_phase=None
PREMAC_c9d6c6a7e1,ChEMBL_macrocycle_scan,CHEMBL436165,COC(=O)[C@@H]1C[C@](OC)([C@@H](C)[C@H](O)[C@H](C)[C@H]2OC(=O)/C(OC)=C/C(C)=C/[C@@H](C)[C@@H](O)[C@@H](C)C/C(C)=C/C=C/[C@@H]2OC)O[C@H](C(C)C)[C@H]1C,TXEXFDWSLXWROX-UXNDOWBYSA-N,,,,broad_macrocycle_pretrain,,,16,True,False,pretrain_train,pretraining_macrocycle; max_phase=None
PREMAC_24be89094e,ChEMBL_macrocycle_scan,CHEMBL433463,CC[C@H]1OC(=O)/C(C)=C/[C@H](C)[C@@H](O[C@@H]2O[C@H](C)C[C@H](N(C)C)[C@H]2O)[C@@](C)(OC)C[C@@H](C)C(=O)[C@H](C)[C@H]2N(NCCCc3ccccc3Cl)C(=O)O[C@]12C,MBVUCFQIALPBCJ-ZBEQBWKJSA-N,,,,broad_macrocycle_pretrain,,,14,True,False,pretrain_train,pretraining_macrocycle; max_phase=None
PREMAC_324d250ddc,ChEMBL_macrocycle_scan,CHEMBL303852,CC[C@@H]1/C=C(\C)[C@@H](O)[C@H](C)[C@H](OC)[C@H]2O[C@@](O)(C(=O)C(=O)N3CCCC[C@H]3C(=O)O[C@H](/C(C)=C/[C@@H]3CC[C@@H](O)[C@H](OC)C3)[C@H](C)[C@@H](O)CC1=O)[C@H](C)C[C@@H]2OC,RYGZCZJNNREQIG-XDYJYFMZSA-N,,,,broad_macrocycle_pretrain,,,20,True,False,pretrain_train,pretraining_macrocycle; max_phase=None
PREMAC_25fba10036,ChEMBL_macrocycle_scan,CHEMBL62989,NC(=O)C[C@@H]1NC(=O)CSC[C@@H](C(=O)O)NC(=O)[C@H](CC(=O)O)NC(=O)CNC(=O)[C@H](CCCN=C(N)N)NC1=O,LQQZROUEVYSTCD-BJDJZHNGSA-N,,,,broad_macrocycle_pretrain,,,18,True,False,pretrain_train,pretraining_macrocycle; max_phase=None
PREMAC_44c5111cb2,ChEMBL_macrocycle_scan,CHEMBL289616,CC[C@H]1OC(=O)[C@H](C)[C@@H](O[C@H]2C[C@@](C)(OC)[C@@H](O)[C@H](C)O2)[C@H](C)[C@@H](O[C@@H]2O[C@H](C)C[C@H](N(C)C)[C@H]2O)[C@](C)(O)C[C@@H](C)[C@@H](n2ccc(O)c2C(=O)OC(C)(C)C)[C@H](C)[C@@H](O)[C@]1(C)O,RUVWSIGAINFKPQ-ZYPJHDIKSA-N,,,,broad_macrocycle_pretrain,,,14,True,False,pretrain_train,pretraining_macrocycle; max_phase=None
PREMAC_e2a812e751,ChEMBL_macrocycle_scan,CHEMBL23692,CSC1=NC2/C(=C(/O)OCCCCCSc3c2cccc3[N+](=O)[O-])C(C)=N1,WASSYUHVCUFIGT-VKAVYKQESA-N,,,,broad_macrocycle_pretrain,,,12,True,False,pretrain_train,pretraining_macrocycle; max_phase=None
PREMAC_f0ef9dab95,ChEMBL_macrocycle_scan,CHEMBL288975,CC[C@H]1OC(=O)/C(C)=C/[C@H](C)[C@@H](O[C@@H]2O[C@H](C)C[C@H](N(C)C)[C@H]2O)[C@@](C)(OC)C[C@@H](C)C(=O)[C@H](C)[C@H]2N(NCCCc3ccnc4ccccc34)C(=O)O[C@]12C,IMOPXIBAVMGQAT-AGPVWVFLSA-N,,,,broad_macrocycle_pretrain,,,14,True,False,pretrain_train,pretraining_macrocycle; max_phase=None
PREMAC_967626f60f,ChEMBL_macrocycle_scan,CHEMBL47676,C=CC[C@]1(O)CC/C(C)=C\CC[C@]2(C)[C@@H]([C@H](C)CCCC(C)C)CC[C@H]2c2ccc(cc2C(=O)O)C1,YENPUEYHRDEXGM-XIZNSRHLSA-N,,,,broad_macrocycle_pretrain,,,14,True,False,pretrain_train,pretraining_macrocycle; max_phase=None
PREMAC_31646ce7a2,ChEMBL_macrocycle_scan,CHEMBL429192,C=Cc1c(C)c2cc3[nH]c(c(CC(=O)O)c4nc(cc5nc(cc1[nH]2)C(C)=C5CC)C(C)=C4C(=O)O)c(CCC(=O)O)c3C,ABNZRAIPVHBMKN-UHFFFAOYSA-N,,,,broad_macrocycle_pretrain,,,16,True,False,pretrain_train,pretraining_macrocycle; max_phase=None
PREMAC_53d636a978,ChEMBL_macrocycle_scan,CHEMBL408925,CC[C@H]1OC(=O)[C@H](C)[C@@H](OC(=O)N2C(=O)OC[C@@H]2C)[C@H](C)[C@@H](OC2O[C@H](C)C[C@H](N(CC3CC3)CC3CC3)[C@H]2O)[C@@](C)(OC)C[C@@H](C)C(=O)[C@H](C)[C@H]2N(CCc3ccc(Cl)c(Cl)c3)C(=O)O[C@]12C,UQOZGHIVBUARBG-FEYWCLOZSA-N,,,,broad_macrocycle_pretrain,,,14,True,False,pretrain_train,pretraining_macrocycle; max_phase=None
PREMAC_1a3b9d8e16,ChEMBL_macrocycle_scan,CHEMBL411771,CC[C@H]1OC(=O)C[C@@H](O)[C@H](C)[C@@H](O[C@@H]2O[C@H](C)[C@@H](O[C@H]3C[C@@](C)(O)[C@@H](O)[C@H](C)O3)[C@H](N(C)C)[C@H]2O)[C@@H](CCSc2nnnn2C)C[C@@H](C)C(=O)/C=C/C(C)=C/[C@@H]1CO[C@@H]1O[C@H](C)[C@@H](O)[C@@H](OC)[C@H]1OC,GJGWVQXLJMODMK-XBMGJYKESA-N,,,,broad_macrocycle_pretrain,,,16,True,False,pretrain_train,pretraining_macrocycle; max_phase=None
PREMAC_1b6237ad41,ChEMBL_macrocycle_scan,CHEMBL8856,CC[C@H]1OC(=O)CC(O)[C@H](C)[C@@H](O[C@@H]2O[C@H](C)C[C@H](N(C)C)[C@H]2O)[C@@H](CCNC2C(O)CCCC2O)C[C@@H](C)C(=O)/C=C/C(C)=C/[C@@H]1C,VNISQMWQQLBEIL-JAKHOXNFSA-N,,,,broad_macrocycle_pretrain,,,16,True,False,pretrain_train,pretraining_macrocycle; max_phase=None
PREMAC_642c3c05d7,ChEMBL_macrocycle_scan,CHEMBL407845,C[C@@H](O)[C@H](NC(=O)[C@H]1CSSC[C@H](NC(=O)[C@@H](N)Cc2ccccc2)C(=O)N[C@@H](Cc2c[nH]cn2)C(=O)N[C@H](Cc2ccccc2)C(=O)N[C@@H](CCCN=C(N)N)C(=O)N[C@H](Cc2c[nH]c3ccccc23)C(=O)N1)C(N)=O,HGUGDVPBNFFDAR-LGWFJKSVSA-N,,,,broad_macrocycle_pretrain,,,20,True,False,pretrain_train,pretraining_macrocycle; max_phase=None
PREMAC_412ffcb157,ChEMBL_macrocycle_scan,CHEMBL9412,CC1CC(=O)OC[C@]23C[C@@H](O)[C@H](C)C[C@H]2O[C@@H]2C[C@@H](OC(=O)/C=C\C=C\C(C(C)O)O[C@H](O)C1)[C@@]3(C)C21CO1,LCISUYPYBUURIT-JPMHJOKMSA-N,,,,broad_macrocycle_pretrain,,,18,True,False,pretrain_train,pretraining_macrocycle; max_phase=None
PREMAC_7539fe4068,ChEMBL_macrocycle_scan,CHEMBL408137,CC1(C)SSC[C@@H](C(=O)N[C@@H](CCCCN)C(=O)N[C@@H](CCCCN)C(N)=O)NC(=O)[C@@H](Cc2ccccc2)NC(=O)[C@H](CO)NC(=O)CNC(=O)[C@H](Cc2ccc(O)cc2)NC(=O)[C@@H]1NC(=O)[C@@H](N)Cc1ccc(O)cc1,QHGJKFDEUSXYAA-TXFLVTEJSA-N,,,,broad_macrocycle_pretrain,,,20,True,False,pretrain_train,pretraining_macrocycle; max_phase=None
PREMAC_2c421ca765,ChEMBL_macrocycle_scan,CHEMBL54526,CO/C1=C\C(C)=C\[C@@H](C)[C@@H](O)[C@@H](C)C/C(C)=C/C=C/[C@H](OC)[C@@H]([C@@H](C)[C@@H](O)[C@H](C)[C@@]2(O)C[C@@H](C(=O)OCCC(=O)O)[C@H](C)[C@@H](C(C)C)O2)OC1=O,CCTCZHUYKRIOSJ-NDLJPBPXSA-N,,,,broad_macrocycle_pretrain,,,16,True,False,pretrain_train,pretraining_macrocycle; max_phase=None
PREMAC_008f5559e0,ChEMBL_macrocycle_scan,CHEMBL296286,CC[C@H]1C[C@@H](C)C(=O)/C=C/C(C)=C/[C@H](C)[C@@H](CC)OC(=O)C[C@@H](O)[C@H](C)[C@H]1O[C@@H]1O[C@H](C)[C@@H](O)[C@H](N(C)C)[C@H]1O,BMKVJAXXBOWJEE-BPFVPZITSA-N,,,,broad_macrocycle_pretrain,,,16,True,False,pretrain_train,pretraining_macrocycle; max_phase=None
PREMAC_5a872aec81,ChEMBL_macrocycle_scan,CHEMBL407682,CC(C)[C@H](NC(=O)[C@H](CCCN=C(N)N)NC(=O)[C@@H](N)CC(=O)O)C(=O)N[C@@H](Cc1ccc(O)cc1)C(=O)N[C@H]1CC/C=C\SC[C@@H](C(=O)N[C@@H](Cc2ccccc2)C(=O)O)NC(=O)[C@H](Cc2c[nH]cn2)NC1=O,GNSZAQHNPUBQHX-BMBOTJBXSA-N,,,,broad_macrocycle_pretrain,,,13,True,False,pretrain_train,pretraining_macrocycle; max_phase=None
PREMAC_ff8b779245,ChEMBL_macrocycle_scan,CHEMBL408885,NCC(=O)N[C@@H](CCCN=C(N)N)C(=O)N[C@@H]1CSSCC[C@H](C(=O)N[C@@H](Cc2c[nH]cn2)C(=O)N2CCC[C@@H]2C(=O)N[C@@H](Cc2ccccc2)C(=O)O)NC(=O)[C@@H](Cc2ccc(O)cc2)NC1=O,NRBXOSOPTQPWTR-QXOHNXFISA-N,,,,broad_macrocycle_pretrain,,,12,True,False,pretrain_train,pretraining_macrocycle; max_phase=None
PREMAC_dbabc7c8a3,ChEMBL_macrocycle_scan,CHEMBL266469,C[C@@H](O)[C@H](NC(=O)[C@@H]1CSC[C@@H](NC(=O)[C@H](N)Cc2ccccc2)C(=O)N[C@H](Cc2ccccc2)C(=O)N[C@@H](Cc2c[nH]c3ccccc23)C(=O)N[C@H](CCCCN)C(=O)N[C@@H]([C@@H](C)O)C(=O)N1)C(=O)O,LFOIRPWSTKRJFG-MNTGUQQXSA-N,,,,broad_macrocycle_pretrain,,,19,True,False,pretrain_train,pretraining_macrocycle; max_phase=None
PREMAC_f05b687fb0,ChEMBL_macrocycle_scan,CHEMBL283641,CCCOOC1(OOCCC)CCCCCCCCCCC1,YXOXBCAVDHAVHW-UHFFFAOYSA-N,,,,broad_macrocycle_pretrain,,,12,True,False,pretrain_train,pretraining_macrocycle; max_phase=None
PREMAC_8e3d4a60bd,ChEMBL_macrocycle_scan,CHEMBL300966,C[C@@H]1C(=O)Nc2cccc3ccc(cc23)Oc2cc(ccc2C#N)Cn2cncc2CN1Cc1ccccc1,USLBJXXUUBLNQX-JOCHJYFZSA-N,,,,broad_macrocycle_pretrain,,,16,True,False,pretrain_train,pretraining_macrocycle; max_phase=None
PREMAC_d5fb8e4b5f,ChEMBL_macrocycle_scan,CHEMBL428008,CC[C@H]1OC(=O)[C@H](C)[C@@H](OC(=O)C2CCCC2)[C@H](C)[C@@H](OC2O[C@H](C)C[C@H](N(C)C(C)C)[C@H]2O)[C@@](C)(OC)C[C@@H](C)C(=O)[C@H](C)[C@H]2N(CCc3ccc(Cl)cc3)C(=O)O[C@]12C,GTBTUBUNSCBXGT-WEOVUBDSSA-N,,,,broad_macrocycle_pretrain,,,14,True,False,pretrain_train,pretraining_macrocycle; max_phase=None
PREMAC_462144e74c,ChEMBL_macrocycle_scan,CHEMBL430560,CSCC[C@@H]1NC(=O)CSC[C@@H](C(=O)O)NC(=O)[C@H](CC(=O)O)NC(=O)CNC(=O)[C@H](CCCN=C(N)N)NC1=O,KXLMLPVYDRIZFO-XUXIUFHCSA-N,,,,broad_macrocycle_pretrain,,,18,True,False,pretrain_train,pretraining_macrocycle; max_phase=None
PREMAC_2d6640c297,ChEMBL_macrocycle_scan,CHEMBL40037,CCCCCCC[C@H]1OC(=O)C[C@H](OCOC)[C@H](Cc2ccccc2)N(C)C(=O)C(C)(C)OC(=O)[C@H]1C,KNTPFGSYNKRFMD-CGBRIMPHSA-N,,,,broad_macrocycle_pretrain,,,12,True,False,pretrain_train,pretraining_macrocycle; max_phase=None
PREMAC_14aa776521,ChEMBL_macrocycle_scan,CHEMBL274298,C[C@@H](O)[C@H](NC(=O)[C@H]1CSSC[C@H](NC(=O)[C@H](N)Cc2ccc(O)cc2)C(=O)N[C@@H](Cc2ccc(O)cc2)C(=O)N[C@H](Cc2c[nH]c3ccccc23)C(=O)N[C@@H](CCCCN)C(=O)N[C@H]([C@@H](C)O)C(=O)N1)C(=O)O,NBMOVRAPBWKSOS-RZJCKZIGSA-N,,,,broad_macrocycle_pretrain,,,20,True,False,pretrain_train,pretraining_macrocycle; max_phase=None
PREMAC_841bb14b3b,ChEMBL_macrocycle_scan,CHEMBL40334,COC(=O)[C@@H]1CSCc2ccc(O)c(C)c2C(=O)OCC(NC(=O)OC(C)(C)C)C(=O)N1,JVLAJLWHSXWYCV-KZUDCZAMSA-N,,,,broad_macrocycle_pretrain,,,12,True,False,pretrain_train,pretraining_macrocycle; max_phase=None
PREMAC_c8d3cce912,ChEMBL_macrocycle_scan,CHEMBL14758,CC1=C[C@H]2C(=O)O[C@H]3C[C@@H](C/C=C(\C)[C@@H](O)[C@@H](C)/C=C/C=C4\CO[C@H]([C@@H]1O)[C@@]42O)O[C@@]1(CC[C@H](C)[C@@H](C(C)C)O1)C3,UBVLPDBSWIZGLP-XMGCMGKSSA-N,,,,broad_macrocycle_pretrain,,,16,True,False,pretrain_train,pretraining_macrocycle; max_phase=None
PREMAC_868227ad31,ChEMBL_macrocycle_scan,CHEMBL295582,COC(=O)c1cc2ccc1[C@@H]1CC[C@H]([C@H](C)CCCC(C)C)[C@@]1(C)CC/C=C(/C)CC[C@H](OC(C)=O)C2,FJJABLJLANFIQZ-FBBJXNIBSA-N,,,,broad_macrocycle_pretrain,,,14,True,False,pretrain_train,pretraining_macrocycle; max_phase=None
PREMAC_4236ffcc70,ChEMBL_macrocycle_scan,CHEMBL296657,CC[C@H]1OC(=O)/C(C)=C/[C@H](C)[C@@H](O[C@@H]2O[C@H](C)C[C@H](N(C)C)[C@H]2O)[C@@](C)(OC)C[C@@H](C)C(=O)[C@H](C)[C@H]2N(NCCCn3nnc4ccccc43)C(=O)O[C@]12C,GSEPNZBTXLMMRD-ZBEQBWKJSA-N,,,,broad_macrocycle_pretrain,,,14,True,False,pretrain_train,pretraining_macrocycle; max_phase=None
PREMAC_098bfb43da,ChEMBL_macrocycle_scan,CHEMBL28463,CC[C@H]1OC(=O)[C@H](C)[C@H]2OC3(CCN(c4ccc(C#N)cc4)CC3)O[C@](C)(C[C@@H](C)CN(C)[C@H](C)[C@@H](O)[C@]1(C)O)[C@H](O[C@@H]1O[C@H](C)CC(N(C)C)[C@H]1O)[C@H]2C,OLIPMBQGZVCSLL-QKHIGKKQSA-N,,,,broad_macrocycle_pretrain,,,15,True,False,pretrain_train,pretraining_macrocycle; max_phase=None
PREMAC_7c42bff403,ChEMBL_macrocycle_scan,CHEMBL442552,N#Cc1ccc2cc1Oc1ccc3c(c1)[C@@H](CCC3)N1CCC(NCc3cncn3C2)C1=O,VWNBOOIWICWEPL-XMMISQBUSA-N,,,,broad_macrocycle_pretrain,,,16,True,False,pretrain_train,pretraining_macrocycle; max_phase=None
PREMAC_e22e1d7133,ChEMBL_macrocycle_scan,CHEMBL303274,CC[C@H]1OC(=O)[C@H](C)[C@@H](OC(=O)N2C(=O)OC[C@@H]2C)[C@H](C)[C@@H](O[C@@H]2O[C@H](C)C[C@H](N(C)CC3CC3)[C@H]2O)[C@@](C)(OC)C[C@@H](C)C(=O)[C@H](C)[C@H]2N(CCc3ccc(Cl)c(Cl)c3)C(=O)O[C@]12C,PJFKNTBUDOJUIM-KCRUJQDRSA-N,,,,broad_macrocycle_pretrain,,,14,True,False,pretrain_train,pretraining_macrocycle; max_phase=None
PREMAC_3427cd0d98,ChEMBL_macrocycle_scan,CHEMBL416337,CC[C@H]1OC(=O)[C@H](C)[C@@H](OC(=O)N2CCN(C)C2=O)[C@H](C)[C@@H](OC2O[C@H](C)C[C@H](N(C)C(C)C)[C@H]2O)[C@@](C)(OC)C[C@@H](C)C(=O)[C@H](C)[C@H]2N(CCc3ccc(Cl)cc3)C(=O)O[C@]12C,ZNYMQFMWFDSMNL-DTKBCVRPSA-N,,,,broad_macrocycle_pretrain,,,14,True,False,pretrain_train,pretraining_macrocycle; max_phase=None
PREMAC_6970119c3c,ChEMBL_macrocycle_scan,CHEMBL298441,CC[C@H]1OC(=O)C[C@@H](O)[C@H](C)[C@@H](O[C@@H]2O[C@H](C)[C@@H](O)[C@H](N(C)C)[C@H]2O)[C@@H](CCI)C[C@@H](C)C(=O)/C=C/C(C)=C/[C@@H]1CO[C@@H]1O[C@H](C)[C@@H](O)[C@@H](OC)[C@H]1OC,SYYBATDSCXAKJP-NLGRAQRVSA-N,,,,broad_macrocycle_pretrain,,,16,True,False,pretrain_train,pretraining_macrocycle; max_phase=None
PREMAC_6f0902d533,ChEMBL_macrocycle_scan,CHEMBL27419,CCC1OC(=O)C(C)C(O[C@H]2C[C@@](C)(OC)[C@@H](O)C(C)O2)C(C)[C@@H](OC2OC(C)CC(N(C)C)[C@H]2O)[C@]2(C)CC(C)=C(O2)[C@H](C)C(=O)[C@]1(C)OC,KKTOSBVFNPKTOM-SZJCMSKHSA-N,,,,broad_macrocycle_pretrain,,,13,True,False,pretrain_train,pretraining_macrocycle; max_phase=None
PREMAC_504b4bde04,ChEMBL_macrocycle_scan,CHEMBL430770,CC[C@H](C)[C@@H]1NC(=O)[C@@H](Cc2ccc(O)cc2)NC(=O)[C@H](N)CSSC[C@@H](C(=O)N(C)[C@H](C)C(=O)N[C@@H](CC(C)C)C(=O)NCC(N)=O)NC(=O)[C@H](CC(N)=O)NC(=O)[C@@H](CCC(N)=O)NC1=O,FXXPVHMZEUYFEB-ODDYZXMYSA-N,,,,broad_macrocycle_pretrain,,,20,True,False,pretrain_train,pretraining_macrocycle; max_phase=None
PREMAC_820fe6d21a,ChEMBL_macrocycle_scan,CHEMBL13720,COc1ccc(C[C@H]2NC(=O)/C=C/C[C@@H](CC#Cc3ccccc3)OC(=O)[C@H](CC(C)C)OC(=O)[C@@H](C)CNC2=O)cc1,XLFKLUATRPTUQM-WOXKILNRSA-N,,,,broad_macrocycle_pretrain,,,16,True,False,pretrain_train,pretraining_macrocycle; max_phase=None
PREMAC_c84d3e286c,ChEMBL_macrocycle_scan,CHEMBL301702,CC1(C)SSC(C)(C)[C@@H](NC(=O)[C@@H](N)Cc2ccc(O)cc2)C(=O)NCC(=O)N[C@H](Cc2ccccc2)C(=O)N[C@@H]1C(=O)O,MCMMCRYPQBNCPH-SGKWCMOWSA-N,,,,broad_macrocycle_pretrain,,,14,True,False,pretrain_train,pretraining_macrocycle; max_phase=None
PREMAC_b6bcecdc24,ChEMBL_macrocycle_scan,CHEMBL268040,CC(=O)OC1C(=O)OC[C@]23CC[C@@]4(C)O[C@H]4[C@H]2O[C@@H]2C[C@@H](OC(=O)/C=C\C=C\C(=O)OCCC1C)[C@@]3(C)C21CO1,JDFKYDYICWYZMF-RHADHMLCSA-N,,,,broad_macrocycle_pretrain,,,18,True,False,pretrain_train,pretraining_macrocycle; max_phase=None
PREMAC_7f2fd83e24,ChEMBL_macrocycle_scan,CHEMBL23680,CC[C@H]1OC(=O)CC(O)[C@H](C)[C@@H](O[C@@H]2O[C@H](C)C[C@H](N(C)C)[C@H]2O)[C@@H](CCN(C)CCN(C)C)C[C@@H](C)C(=O)/C=C/C(C)=C/[C@@H]1C,ZQLXXFHXCQCGLW-LCLNQJHGSA-N,,,,broad_macrocycle_pretrain,,,16,True,False,pretrain_train,pretraining_macrocycle; max_phase=None
PREMAC_2480c6e134,ChEMBL_macrocycle_scan,CHEMBL44429,CC[C@H]1OC(=O)/C(C)=C/[C@H](C)[C@@H](O[C@@H]2O[C@H](C)C[C@H](N(C)C)[C@H]2O)[C@@](C)(OC)C[C@@H](C)C(=O)[C@H](C)[C@H]2N(NC/C=C/c3ccc(NC(C)=O)cc3)C(=O)O[C@]12C,JPKUQSUZVJNRMC-UOHSYKCWSA-N,,,,broad_macrocycle_pretrain,,,14,True,False,pretrain_train,pretraining_macrocycle; max_phase=None
PREMAC_ea0bb6273f,ChEMBL_macrocycle_scan,CHEMBL22002,N#CCCNCCN(CCNC1CCCCCCCCCCC1)CCNC1CCCCCCCCCCC1,HEWHOIJUAOPVRP-UHFFFAOYSA-N,,,,broad_macrocycle_pretrain,,,12,True,False,pretrain_train,pretraining_macrocycle; max_phase=None
PREMAC_a08814b48e,ChEMBL_macrocycle_scan,CHEMBL54443,CC[C@H](C)[C@@H]1NC(=O)[C@H](Cc2c[nH]c3ccccc23)NC(=O)[C@H]2CCCN2C(=O)[C@H](Cc2c[nH]cn2)NC(=O)[C@H]2CCCCN2C(=O)[C@@H]2CCNCN2C1=O,WTETWKLTCVIOPR-PBKJTSCRSA-N,,,,broad_macrocycle_pretrain,,,18,True,False,pretrain_train,pretraining_macrocycle; max_phase=None
PREMAC_d9958bbf6d,ChEMBL_macrocycle_scan,CHEMBL276759,NCCC[C@H](N)CC(=O)NC1CNC(=O)[C@@H](C2CC(c3ccc(O)c(O)c3)N=C(N)N2)NC(=O)/C(=C/NC(=O)Nc2ccc(Cl)c(Cl)c2)NC(=O)[C@@H](CO)NC(=O)[C@@H](CO)NC1=O,CRAHTJBQFJMKEW-CDHFREGXSA-N,,,,broad_macrocycle_pretrain,,,16,True,False,pretrain_train,pretraining_macrocycle; max_phase=None
PREMAC_ec9640b4f2,ChEMBL_macrocycle_scan,CHEMBL434981,CNCC(=O)N[C@@H](CCCN=C(N)N)C(=O)N[C@H](C(=O)N[C@@H](Cc1ccc(O)cc1)C(=O)N[C@H]1CSSC[C@H](C(=O)O)NC(=O)[C@@H]2CCCN2C(=O)[C@H](Cc2c[nH]cn2)NC1=O)C(C)C,LJSWXYVMUAOMJY-AMSNFGFKSA-N,,,,broad_macrocycle_pretrain,,,14,True,False,pretrain_train,pretraining_macrocycle; max_phase=None
PREMAC_192e0813aa,ChEMBL_macrocycle_scan,CHEMBL432313,CC[C@H]1OC(=O)/C(C)=C/[C@H](C)[C@@H](O[C@@H]2O[C@H](C)C[C@H](N(C)C)[C@H]2O)[C@@](C)(OC)C[C@@H](C)C(=O)[C@H](C)[C@H]2N(NCCCc3ccccc3[N+](=O)[O-])C(=O)O[C@]12C,YRRDJKVNOIPBOE-ZBEQBWKJSA-N,,,,broad_macrocycle_pretrain,,,14,True,False,pretrain_train,pretraining_macrocycle; max_phase=None
PREMAC_cff5d80b0e,ChEMBL_macrocycle_scan,CHEMBL418520,CO[C@@H]1[C@@H](OC2OC(C)C(OC3CC(C)(O)C(OC(=O)CC(C)C)C(C)O3)C(N(C)C)C2O)[C@@H](CC=O)C[C@@H](C)C(=O)/C=C/C=C/C[C@@H](C)OC(=O)C[C@H]1OC(C)=O,ZRNXEMIDBIPJDC-PBNNBXSRSA-N,,,,broad_macrocycle_pretrain,,,16,True,False,pretrain_train,pretraining_macrocycle; max_phase=None
PREMAC_feac487c9b,ChEMBL_macrocycle_scan,CHEMBL384243,CCC(C)[C@H]1O[C@]2(C=C[C@@H]1C)C[C@@H]1C[C@@H](C/C=C(\C)[C@@H](O[C@H]3C[C@H](OC)[C@@H](O[C@H]4C[C@H](OC)[C@H](N(C)C(C)=O)[C@H](C)O4)[C@H](C)O3)[C@@H](C)/C=C/C=C3\CO[C@@H]4[C@H](O)C(C)=C[C@@H](C(=O)O1)[C@]34O)O2,FUWFYIJPUSUJAT-JZIPDGKGSA-N,,,,broad_macrocycle_pretrain,,,16,True,False,pretrain_train,pretraining_macrocycle; max_phase=None
PREMAC_5037b2b955,ChEMBL_macrocycle_scan,CHEMBL30782,CC[C@@H](N[C@@H](CC(C)C)C(=O)N[C@H]1Cc2cn(c3ccccc23)CCCCCCNC1=O)C(=O)O,KSSHTSOSCFKFRS-VJBWXMMDSA-N,,,,broad_macrocycle_pretrain,,,13,True,False,pretrain_train,pretraining_macrocycle; max_phase=None
PREMAC_c4b9e40a2a,ChEMBL_macrocycle_scan,CHEMBL57874,CO/C1=C\C(C)=C\[C@@H](C)[C@@H](O)[C@@H](C)C/C(C)=C/C=C/[C@H](OC)[C@@H]([C@@H](C)[C@@H](O)[C@H](C)C(O)C[C@H](O)[C@H](C)C(O)C(C)C)OC1=O,FLFPVNLSHKIPRI-KDDZSTIXSA-N,,,,broad_macrocycle_pretrain,,,16,True,False,pretrain_train,pretraining_macrocycle; max_phase=None
PREMAC_8961a741bb,ChEMBL_macrocycle_scan,CHEMBL9062,CC[C@H]1OC(=O)CC(O)[C@H](C)[C@@H](O[C@@H]2O[C@H](C)C[C@H](N(C)C)[C@H]2O)[C@@H](CCN(C)CCN(C)C(=O)[C@H](C)N)C[C@@H](C)C(=O)/C=C/C(C)=C/[C@@H]1C,MUGBPTHNXDQXCH-BLAGAWBRSA-N,,,,broad_macrocycle_pretrain,,,16,True,False,pretrain_train,pretraining_macrocycle; max_phase=None
PREMAC_83a5547dba,ChEMBL_macrocycle_scan,CHEMBL277677,C=Cc1c(C)c2cc3nc(cc4nc(cc5[nH]c(cc1[nH]2)C1(C)C5=CCC(C#N)(C#N)C1(C#N)C#N)C(C)=C4CCC(=O)OC)C(CCC(=O)OC)=C3C,XHQCQLQGORHDHW-UHFFFAOYSA-N,,,,broad_macrocycle_pretrain,,,16,True,False,pretrain_train,pretraining_macrocycle; max_phase=None
PREMAC_cbbdcb7e39,ChEMBL_macrocycle_scan,CHEMBL420217,CC[C@H]1OC(=O)[C@H](C)[C@H]2OC3(CCN(C(=O)c4ccccc4)CC3)O[C@](C)(C[C@@H](C)CN[C@H](C)[C@@H](O)[C@]1(C)O)[C@H](O[C@@H]1O[C@H](C)C[C@H](N(C)C)[C@H]1O)[C@H]2C,NPQFMMSIUZORLG-GJZHXCCNSA-N,,,,broad_macrocycle_pretrain,,,15,True,False,pretrain_train,pretraining_macrocycle; max_phase=None
PREMAC_353e226b31,ChEMBL_macrocycle_scan,CHEMBL264187,CCC(C)[C@H]1O[C@]2(CC[C@@H]1C)C[C@@H]1C[C@@H](C/C=C(\C)[C@@H](O[C@H]3C[C@H](OC)[C@@H](O[C@H]4C[C@H](OC)[C@H](NC(C)=O)[C@H](C)O4)[C@H](C)O3)[C@@H](C)/C=C/C=C3\CO[C@@H]4[C@H](O)C(C)=C[C@@H](C(=O)O1)[C@]34O)O2,RFOFCINIEFWCGQ-BTUYMBSXSA-N,,,,broad_macrocycle_pretrain,,,16,True,False,pretrain_train,pretraining_macrocycle; max_phase=None
PREMAC_dff27465cb,ChEMBL_macrocycle_scan,CHEMBL38750,CC(C)[C@@H]1OC(=O)[C@@H](C)COC(=O)C[C@@H](O)[C@H](Cc2ccccc2)N(C)C1=O,FLYPVINMSITAOM-RMRDIRSESA-N,,,,broad_macrocycle_pretrain,,,12,True,False,pretrain_train,pretraining_macrocycle; max_phase=None
PREMAC_63fddb39e6,ChEMBL_macrocycle_scan,CHEMBL290512,CCNc1nc(-c2cc(O[C@@H]3C[C@H]4C(=O)N[C@]5(C(=O)O)C[C@H]5/C=C\CCCCC[C@H](NC(=O)OC5CCCC5)C(=O)N4C3)c3ccc(OC)cc3n2)cs1,LAEVGEXPHYGHLZ-KLUSHLFPSA-N,,,,broad_macrocycle_pretrain,,,15,True,False,pretrain_train,pretraining_macrocycle; max_phase=None
PREMAC_2177a85e80,ChEMBL_macrocycle_scan,CHEMBL56091,C=C(CCC(C)C)COC(=O)[C@H](O)C/C=C\C[C@@H]1O[C@@H]2/C=C/C/C=C/C(C)=C\[C@H]3O[C@@H](C/C=C/C=C/C(=O)O[C@H](C2)[C@@]1(C)CO)C[C@H](O)[C@H]3C,XYYABYHBQHRGAT-ZUFIHRSYSA-N,,,,broad_macrocycle_pretrain,,,20,True,False,pretrain_train,pretraining_macrocycle; max_phase=None
PREMAC_d4bf74f42b,ChEMBL_macrocycle_scan,CHEMBL46252,CCCCCCCC(=O)O[C@H]1/C(=C/C(=O)OC)CC2C[C@H]([C@@H](C)O)OC(=O)C[C@H](O)C[C@@H]3CCC[C@H](C[C@@H]4CCO[C@H](/C=C/C(C)(C)[C@]1(O)O2)O4)O3,RSTWARDIGORXQU-VKPYBGPASA-N,,,,broad_macrocycle_pretrain,,,20,True,False,pretrain_train,pretraining_macrocycle; max_phase=None
PREMAC_1acccd2786,ChEMBL_macrocycle_scan,CHEMBL42714,CC[C@H]1OC(=O)C[C@@H](O)[C@H](C)[C@@H](O[C@@H]2O[C@H](C)[C@@H](O)[C@H](N(C)C)[C@H]2O)CC[C@@H](C/C=C2\SCCN2Cc2ccccc2)C(=O)/C=C/C(C)=C/[C@@H]1CO[C@@H]1O[C@H](C)[C@@H](O)[C@@H](OC)[C@H]1OC,HIKVFNAUQIPQGY-CBKPFNIJSA-N,,,,broad_macrocycle_pretrain,,,16,True,False,pretrain_train,pretraining_macrocycle; max_phase=None
PREMAC_dca3222c68,ChEMBL_macrocycle_scan,CHEMBL55296,CCCO[C@@H]1C[C@](OC)([C@@H](C)[C@H](O)[C@H](C)[C@H]2OC(=O)/C(OC)=C/C(C)=C/[C@@H](C)[C@@H](O)[C@@H](C)C/C(C)=C/C=C/[C@@H]2OC)O[C@H](C(C)C)[C@H]1C,AMIWMWLEVDGCLW-YUJWGQGKSA-N,,,,broad_macrocycle_pretrain,,,16,True,False,pretrain_train,pretraining_macrocycle; max_phase=None
PREMAC_0ad7c988c1,ChEMBL_macrocycle_scan,CHEMBL429013,O=C(O)CCC1=C(CC(=O)O)c2cc3nc(cc4[nH]c(cc5[nH]c(cc1n2)c(CC(=O)O)c5CCC(=O)O)c(CC(=O)O)c4CCC(=O)O)C(CC(=O)O)=C3CCC(=O)O,MOTVYDVWODTRDF-UHFFFAOYSA-N,,,,broad_macrocycle_pretrain,,,16,True,False,pretrain_train,pretraining_macrocycle; max_phase=None
PREMAC_1dce59aa22,ChEMBL_macrocycle_scan,CHEMBL311411,CC[C@H]1OC(=O)[C@H](C)[C@H]2OC3(CCN(C(=O)c4cccs4)CC3)O[C@](C)(C[C@@H](C)CN(C)[C@H](C)[C@@H](O)[C@]1(C)O)[C@H](O[C@@H]1O[C@H](C)C[C@H](N(C)C)[C@H]1O)[C@H]2C,KMCYFEUDHOBBCR-DIXCZMCDSA-N,,,,broad_macrocycle_pretrain,,,15,True,False,pretrain_train,pretraining_macrocycle; max_phase=None
PREMAC_b5d51d6396,ChEMBL_macrocycle_scan,CHEMBL273730,O=C1CCC/C=C\C[C@@H]2C(/C=C\[C@@H](COc3ccccc3)O1)[C@H](O)C[C@@H]2O,ZWESPJLQSOQNEF-SZJFYACFSA-N,,,,broad_macrocycle_pretrain,,,13,True,False,pretrain_train,pretraining_macrocycle; max_phase=None
PREMAC_e2f054e8e9,ChEMBL_macrocycle_scan,CHEMBL299261,COC1/C=C(\C)C[C@@H](C)[C@@H](O)[C@@H](C)CC(C)/C=C/CC(OC)[C@@H]([C@@H](C)[C@@H](O)[C@H](C)[C@@]2(O)C[C@@H](O)[C@H](C)[C@@H](C(C)C)O2)OC1=O,HTPOXOKSTPTRBF-BNDJRQSYSA-N,,,,broad_macrocycle_pretrain,,,16,True,False,pretrain_train,pretraining_macrocycle; max_phase=None
PREMAC_8eac28c03d,ChEMBL_macrocycle_scan,CHEMBL267647,Cc1ccc(/C2=C3\C=CC(=N3)/C(c3ccc(C(=O)O)cc3)=c3/cc/c([nH]3)=C(\c3ccc(C)cc3)C3C=CC(N3)/C(c3ccc(C)cc3)=C3/C=CC2=N3)cc1,ZISTUMCMAZGCCW-DEOMLKMPSA-N,,,,broad_macrocycle_pretrain,,,16,True,False,pretrain_train,pretraining_macrocycle; max_phase=None
PREMAC_a98afb0f93,ChEMBL_macrocycle_scan,CHEMBL421485,CSCC[C@H](NC(=O)[C@H](CC(C)C)NC(=O)CN1CCCNC(=O)CCC(=O)N[C@H](CCCN=C(N)N)C(=O)N[C@@H](Cc2ccccc2)C(=O)N[C@H](Cc2ccccc2)C1=O)C(N)=O,ZFMPRZDNGINSND-FVXJUOQQSA-N,,,,broad_macrocycle_pretrain,,,18,True,False,pretrain_train,pretraining_macrocycle; max_phase=None
PREMAC_ff486f1732,ChEMBL_macrocycle_scan,CHEMBL384284,C[C@@H](O)[C@H](NC(=O)[C@@H]1NC(=O)[C@@H]([C@@H](C)O)NC(=O)[C@H](CCCCN)NC(=O)[C@@H](Cc2c[nH]c3ccccc23)NC(=O)[C@H](Cc2ccc(O)cc2)NC(=O)[C@@H](NC(=O)[C@H](N)c2ccccc2)CSSC1(C)C)C(N)=O,MAYLVNQSAJCEEF-XGMLMNQMSA-N,,,,broad_macrocycle_pretrain,,,20,True,False,pretrain_train,pretraining_macrocycle; max_phase=None
PREMAC_845a7ea963,ChEMBL_macrocycle_scan,CHEMBL411556,CC(C)[C@H]1NC(=O)[C@H](CCCCN)NC(=O)[C@@H](Cc2c[nH]c3ccccc23)NC(=O)[C@H](Cc2c[nH]cn2)NC(=O)[C@@H](NC(=O)[C@@H](N)Cc2cccc(F)c2)CSSC[C@@H](C(=O)N[C@@H](Cc2cccc(F)c2)C(N)=O)NC1=O,NUXBOPDGSBEUPX-RRBMOYSISA-N,,,,broad_macrocycle_pretrain,,,20,True,False,pretrain_train,pretraining_macrocycle; max_phase=None
PREMAC_268b722882,ChEMBL_macrocycle_scan,CHEMBL81783,O=C(c1ccc(C(=O)N2CCCNCCNCCCNCC2)cc1)N1CCCNCCNCCCNCC1,ZQBOYIMVWAOTSR-UHFFFAOYSA-N,,,,broad_macrocycle_pretrain,,,14,True,False,pretrain_train,pretraining_macrocycle; max_phase=None
PREMAC_25bf4d1b13,ChEMBL_macrocycle_scan,CHEMBL28513,COOC1(OOCCCCCCOC2CCOCC2)CCCCCCCCCCC1,OANRRCUYEPVHAD-UHFFFAOYSA-N,,,,broad_macrocycle_pretrain,,,12,True,False,pretrain_train,pretraining_macrocycle; max_phase=None
PREMAC_4488bd8fc5,ChEMBL_macrocycle_scan,CHEMBL29719,CC[C@H]1OC(=O)[C@H](C)[C@H]2OC3(CCN(c4cncc(Cl)n4)CC3)O[C@](C)(C[C@@H](C)CN(C)[C@H](C)[C@@H](O)[C@]1(C)O)[C@H](O[C@@H]1O[C@H](C)CC(N(C)C)[C@H]1O)[C@H]2C,YBXDPJWJWYCJNV-CRIYGKMBSA-N,,,,broad_macrocycle_pretrain,,,15,True,False,pretrain_train,pretraining_macrocycle; max_phase=None
PREMAC_3f149ecbc3,ChEMBL_macrocycle_scan,CHEMBL310681,C[C@H](c1ccc(O)cc1)[C@H](N)C(=O)N[C@H]1C(=O)NCC(=O)N[C@@H](Cc2ccccc2)C(=O)N[C@@H](C(=O)O)C(C)(C)SSC1(C)C,ABAHQIMHTWGRPU-IPEGHREBSA-N,,,,broad_macrocycle_pretrain,,,14,True,False,pretrain_train,pretraining_macrocycle; max_phase=None
PREMAC_dcefe7d64d,ChEMBL_macrocycle_scan,CHEMBL431319,CC[C@H]1OC(=O)[C@H](C)[C@@H](O[C@H]2C[C@@](C)(OC)[C@@H](O)[C@H](C)O2)[C@H](C)[C@@H](O[C@@H]2O[C@H](C)C[C@H](N(C)C)[C@H]2O)[C@](C)(O)C[C@@H](C)[C@H](n2ccc(O)c2C(=O)OC(C)(C)C)[C@H](C)[C@@H](O)[C@]1(C)O,RUVWSIGAINFKPQ-ARYHFXRSSA-N,,,,broad_macrocycle_pretrain,,,14,True,False,pretrain_train,pretraining_macrocycle; max_phase=None
PREMAC_d517cd3d8d,ChEMBL_macrocycle_scan,CHEMBL408687,C[C@@H](O)[C@@H](CO)NC(=O)[C@H]1CSS[C@H](NC(=O)[C@@H](N)Cc2ccccc2)C(=O)N[C@@H](Cc2ccccc2)C(=O)N[C@H](Cc2c[nH]c3ccccc23)C(=O)N[C@@H](CCCCN)C(=O)N[C@H]([C@@H](C)O)C(=O)N1,WNBILILJFBJQFP-SDLVTCPTSA-N,,,,broad_macrocycle_pretrain,,,19,True,False,pretrain_train,pretraining_macrocycle; max_phase=None
PREMAC_0119d55612,ChEMBL_macrocycle_scan,CHEMBL406194,CC1COc2c(N3CCN(C)CC3)c(F)cc3c2N1CC(C(=O)N(C)CC(=O)Nc1ccc2c(c1)C(=O)NCCC(=O)N[C@@H](CCN)C(=O)N[C@H](Cc1ccc(O)cc1)CO2)C3=O,LDGDSOBCLNPABA-IEERDDTRSA-N,,,,broad_macrocycle_pretrain,,,14,True,False,pretrain_train,pretraining_macrocycle; max_phase=None
PREMAC_2e4b937cae,ChEMBL_macrocycle_scan,CHEMBL293404,O=C1N[C@@H](C(c2ccccc2)c2ccccc2)C(=O)N2CCC[C@@H]2C(=O)NCc2ccccc2-c2ccccc21,GLPZEDCPNIGVJV-VEEOACQBSA-N,,,,broad_macrocycle_pretrain,,,13,True,False,pretrain_train,pretraining_macrocycle; max_phase=None
PREMAC_24c6136962,ChEMBL_macrocycle_scan,CHEMBL63175,CO[C@H]1/C=C\C=C(/C)C(=O)NC2=CC(=O)C(NCCCN)=C(C[C@@H](C)C[C@H](OC)[C@H](O)[C@@H](C)/C=C(\C)[C@@H]1OC(N)=O)C2=O,CTVDXWAMOJGHNA-ZOMYCCNSSA-N,,,,broad_macrocycle_pretrain,,,19,True,False,pretrain_train,pretraining_macrocycle; max_phase=None
PREMAC_7b458a71e3,ChEMBL_macrocycle_scan,CHEMBL21763,C1CCCCCC(NCCN(CCNC2CCCCCCCCCCC2)CCNC2CCC3(CC2)OCCO3)CCCCC1,JSQNVILEWJJXSR-UHFFFAOYSA-N,,,,broad_macrocycle_pretrain,,,12,True,False,pretrain_train,pretraining_macrocycle; max_phase=None
PREMAC_31fc3b06cb,ChEMBL_macrocycle_scan,CHEMBL42901,CC[C@H]1OC(=O)C[C@@H](O)[C@H](C)[C@@H](O[C@@H]2O[C@H](C)[C@@H](O)[C@H](N(C)C)[C@H]2O)[C@@H](CCOc2ccccc2)C[C@@H](C)C(=O)/C=C/C(C)=C/[C@@H]1CO[C@@H]1O[C@H](C)[C@@H](O)[C@@H](OC)[C@H]1OC,HZIOKXAJYAYHND-OHSHHRKGSA-N,,,,broad_macrocycle_pretrain,,,16,True,False,pretrain_train,pretraining_macrocycle; max_phase=None
PREMAC_a4cd86dd0e,ChEMBL_macrocycle_scan,CHEMBL427972,CC[C@H]1OC(=O)CC(O)[C@H](C)[C@@H](O[C@@H]2O[C@H](C)C[C@H](N(C)C)[C@H]2O)[C@@H](CCN(C)CCCN(C)C)C[C@@H](C)C(=O)/C=C/C(C)=C/[C@@H]1C,MORTYNBEAZKDDS-ADKOJLCPSA-N,,,,broad_macrocycle_pretrain,,,16,True,False,pretrain_train,pretraining_macrocycle; max_phase=None
PREMAC_7debd8bb8c,ChEMBL_macrocycle_scan,CHEMBL285669,CC(=O)O[C@@H]1C[C@H]2[C@H](O)/C=C/C(=O)O[C@@H](C)CCC/C=C\[C@@H]2C1,CADUJKRDAXBXOW-VCWGZRMTSA-N,,,,broad_macrocycle_pretrain,,,13,True,False,pretrain_train,pretraining_macrocycle; max_phase=None
PREMAC_47e3db0f7a,ChEMBL_macrocycle_scan,CHEMBL265495,CCC1OC(=O)C(C)C(O[C@H]2C[C@@](C)(OC)[C@@H](O)C(C)O2)C(C)[C@@H](OC2OC(C)CC(N(C)CC)[C@H]2O)[C@]2(C)CC(C)=C(O2)[C@H](C)C(=O)[C@]1(C)OC,XCCTXIYGKSJGKG-ZGWAZFDCSA-N,,,,broad_macrocycle_pretrain,,,13,True,False,pretrain_train,pretraining_macrocycle; max_phase=None
PREMAC_3f299c020e,ChEMBL_macrocycle_scan,CHEMBL430417,CC1(C)SSC[C@H](C(=O)N[C@@H](CCCCN)C(=O)N[C@@H](CCCN=C(N)N)C(N)=O)NC(=O)[C@@H](Cc2ccccc2)NC(=O)[C@H](CO)NC(=O)CNC(=O)[C@H](Cc2ccc(O)cc2)NC(=O)[C@H]1N,IIZJMJXZKCYNGQ-VKNBEXDBSA-N,,,,broad_macrocycle_pretrain,,,20,True,False,pretrain_train,pretraining_macrocycle; max_phase=None
PREMAC_c816e9b75e,ChEMBL_macrocycle_scan,CHEMBL283429,CNC(=O)[C@@H]1CCCCN(S(=O)(=O)C(F)(F)F)CCC[C@H](C(=O)NO)[C@@H](CC(C)C)C(=O)N1,WBONEAZKRBRCNC-ZNMIVQPWSA-N,,,,broad_macrocycle_pretrain,,,13,True,False,pretrain_train,pretraining_macrocycle; max_phase=None
PREMAC_336cbc6b66,ChEMBL_macrocycle_scan,CHEMBL44306,CC[C@H]1C[C@@H](C)C(=O)/C=C/C(C)=C/[C@H](CO[C@@H]2O[C@H](C)[C@@H](O)[C@@H](O)[C@H]2OC)[C@@H](CC)OC(=O)C[C@@H](O)[C@H](C)[C@H]1O[C@@H]1O[C@H](C)[C@@H](O)[C@H](N(C)C)[C@H]1O,KTAZGNSYYVJYPT-CIWUFHOTSA-N,,,,broad_macrocycle_pretrain,,,16,True,False,pretrain_train,pretraining_macrocycle; max_phase=None
PREMAC_41bf56aaa7,ChEMBL_macrocycle_scan,CHEMBL42666,CC[C@H]1OC(=O)C[C@@H](O)[C@H](C)[C@@H](O[C@@H]2O[C@H](C)[C@@H](O)[C@H](N(C)C)[C@H]2O)[C@@H](CC=O)C[C@@H](C)C(=O)/C=C/C(C)=C/[C@@H]1CO[C@@H]1O[C@H](C)[C@@H](O)[C@@H](O)[C@H]1OC,CFMSCYSETWZXRS-DPQTXAOLSA-N,,,,broad_macrocycle_pretrain,,,16,True,False,pretrain_train,pretraining_macrocycle; max_phase=None
PREMAC_add8840921,ChEMBL_macrocycle_scan,CHEMBL427766,CC(C)[C@H]1NC(=O)C/C=C\CNC(=O)[C@@H](CC(=O)O)NC(=O)CNC(=O)[C@@H](CCCN=C(N)N)N(C)C1=O,JJJYFRMPJYJNIF-MVOMDFKXSA-N,,,,broad_macrocycle_pretrain,,,18,True,False,pretrain_train,pretraining_macrocycle; max_phase=None
PREMAC_4795df3747,ChEMBL_macrocycle_scan,CHEMBL71961,CC(C)[C@@H]1NC(=O)[C@@H](NC(=O)[C@H](O)[C@H](Cc2ccccc2)NC(=O)[C@@H](N[C@H](C)NC(=O)OCc2ccccc2)C(C)C)Cc2ccc(cc2)OCCCNC1=O,YIXPSMLMQRKUFI-PKQOSAAKSA-N,,,,broad_macrocycle_pretrain,,,15,True,False,pretrain_train,pretraining_macrocycle; max_phase=None
PREMAC_875e46b007,ChEMBL_macrocycle_scan,CHEMBL29724,CC[C@H]1OC(=O)[C@H](C)[C@H]2OC3(CCN(c4ccc(C(=O)O)c(C(F)(F)F)c4)CC3)O[C@](C)(C[C@@H](C)CN(C)[C@H](C)[C@@H](O)[C@]1(C)O)[C@H](O[C@@H]1O[C@H](C)CC(N(C)C)[C@H]1O)[C@H]2C,QVPOYXWVXJZLKM-FRNZYTQNSA-N,,,,broad_macrocycle_pretrain,,,15,True,False,pretrain_train,pretraining_macrocycle; max_phase=None
PREMAC_64c8664b96,ChEMBL_macrocycle_scan,CHEMBL9271,CC[C@H]1OC(=O)CC(O)[C@H](C)[C@@H](O[C@@H]2O[C@H](C)C[C@H](N(C)C)[C@H]2O)[C@@H](CCN(CCCN(C)C)C(=O)CNC)C[C@@H](C)C(=O)/C=C/C(C)=C/[C@@H]1C,AHKGBVVOFCTJKT-INPCHMKSSA-N,,,,broad_macrocycle_pretrain,,,16,True,False,pretrain_train,pretraining_macrocycle; max_phase=None
PREMAC_2fb62701b6,ChEMBL_macrocycle_scan,CHEMBL288741,CCCC[C@H]1OC(=O)C[C@H](O)[C@H](Cc2ccccc2)N(C)C(=O)COC(=O)[C@H]1C,CTARJIQUQSWZRW-DSLXNQLJSA-N,,,,broad_macrocycle_pretrain,,,12,True,False,pretrain_train,pretraining_macrocycle; max_phase=None
PREMAC_bbe3b9cc96,ChEMBL_macrocycle_scan,CHEMBL410181,CC(C)C[C@@H]1NC(=O)[C@H](CCCCN)NC(=O)[C@@H](Cc2c[nH]c3ccccc23)NC(=O)[C@H](Cc2cccnc2)NC(=O)[C@@H](NC(=O)[C@@H](N)Cc2ccc3ccccc3c2)CSSC[C@@H](C(=O)N[C@@H](Cc2ccc3ccccc3c2)C(N)=O)NC1=O,QRMWPLQGFPMTNY-BAMANEJQSA-N,,,,broad_macrocycle_pretrain,,,20,True,False,pretrain_train,pretraining_macrocycle; max_phase=None
PREMAC_c8bd038198,ChEMBL_macrocycle_scan,CHEMBL37047,COC(=O)[C@@H]1CSCc2c(O)cc(OC)c(C)c2C(=O)OCCCC(=O)N1,VQMFDTZKGBVVKZ-LBPRGKRZSA-N,,,,broad_macrocycle_pretrain,,,13,True,False,pretrain_train,pretraining_macrocycle; max_phase=None
PREMAC_9a98d86981,ChEMBL_macrocycle_scan,CHEMBL262951,CC[C@H]1OC(=O)C[C@@H](O)[C@H](C)[C@@H](O[C@@H]2O[C@H](C)[C@@H](O[C@H]3C[C@@](C)(O)[C@@H](O)[C@H](C)O3)[C@H](N(C)C)[C@H]2O)[C@@H](CCOc2ccc(OC)cc2)C[C@@H](C)C(=O)/C=C/C(C)=C/[C@@H]1CO[C@@H]1O[C@H](C)[C@@H](O)[C@@H](OC)[C@H]1OC,WATPQHFWJAMFIK-BVQXEXROSA-N,,,,broad_macrocycle_pretrain,,,16,True,False,pretrain_train,pretraining_macrocycle; max_phase=None
PREMAC_e414c358ff,ChEMBL_macrocycle_scan,CHEMBL16695,N[C@@H](Cc1ccc(O)cc1)C(=O)NC1CCCC[C@@H](C(=O)O)NC(=O)C2(CCCC2)CCNC1=O,FQDGABDTUJIKQM-WMEOFMBSSA-N,,,,broad_macrocycle_pretrain,,,13,True,False,pretrain_train,pretraining_macrocycle; max_phase=None
PREMAC_ae06b2e8c5,ChEMBL_macrocycle_scan,CHEMBL13121,O=NN(CCF)C(=O)NC1CCCCCCCCCCC1,QWCNUVGJRHARHM-UHFFFAOYSA-N,,,,broad_macrocycle_pretrain,,,12,True,False,pretrain_train,pretraining_macrocycle; max_phase=None
PREMAC_d17354b3b1,ChEMBL_macrocycle_scan,CHEMBL384352,CNCC(=O)N[C@@H](CCCN=C(N)N)C(=O)N1C[C@H]2C[C@H]1C(=O)N[C@@H](Cc1ccc(O)cc1)C(=O)N[C@H](C(=O)N[C@@H](Cc1c[nH]cn1)C(=O)N1CCC[C@H]1C(=O)N[C@@H](Cc1ccccc1)C(=O)O)CCSS2,HTVRDIRGEIESHE-LTGHFUFGSA-N,,,,broad_macrocycle_pretrain,,,13,True,False,pretrain_train,pretraining_macrocycle; max_phase=None
PREMAC_f13c76b2ca,ChEMBL_macrocycle_scan,CHEMBL265223,CCC(C)[C@H]1O[C@]2(C=C[C@@H]1C)C[C@@H]1C[C@@H](C/C=C(\C)[C@@H](O[C@H]3C[C@H](OC)[C@@H](O[C@H]4C[C@H](OC)[C@H](NC(C)C)[C@H](C)O4)[C@H](C)O3)[C@@H](C)/C=C/C=C3\CO[C@@H]4[C@H](O)C(C)=C[C@@H](C(=O)O1)[C@]34O)O2,QDTFQENUAGDPIN-BANSBCDESA-N,,,,broad_macrocycle_pretrain,,,16,True,False,pretrain_train,pretraining_macrocycle; max_phase=None
PREMAC_86ec949f2c,ChEMBL_macrocycle_scan,CHEMBL14887,N[C@@H](Cc1ccc(O)cc1)C(=O)N[C@@H]1CCCNC(=O)CNC(=O)[C@H]2CCCN2C(=O)[C@H](Cc2c[nH]c3ccccc23)NC1=O,VBWDWSVVPKNCGW-XERFRFFQSA-N,,,,broad_macrocycle_pretrain,,,15,True,False,pretrain_train,pretraining_macrocycle; max_phase=None
PREMAC_1edd23506f,ChEMBL_macrocycle_scan,CHEMBL60321,N=C(N)NCCC[C@@H]1NC(=O)[C@@H](CC(=O)O)NC(=O)CSC[C@@H](C(=O)O)NC(=O)[C@H](CC(=O)O)NC(=O)CNC1=O,SNKLZYNRZMCEJU-YFKTTZPYSA-N,,,,broad_macrocycle_pretrain,,,18,True,False,pretrain_train,pretraining_macrocycle; max_phase=None
PREMAC_6e6f7aeee4,ChEMBL_macrocycle_scan,CHEMBL297775,CC[C@H]1OC(=O)/C(C)=C/[C@H](C)[C@@H](O[C@@H]2O[C@H](C)C[C@H](N(C)C)[C@H]2O)[C@@](C)(OC)C[C@@H](C)C(=O)[C@H](C)[C@H]2N(NCCCc3cccc(O)c3)C(=O)O[C@]12C,HJGXMOBAFGRLDS-GZXMRBOCSA-N,,,,broad_macrocycle_pretrain,,,14,True,False,pretrain_train,pretraining_macrocycle; max_phase=None
PREMAC_0f77d7d112,ChEMBL_macrocycle_scan,CHEMBL296131,CC[C@H]1OC(=O)C[C@@H](O)[C@H](C)[C@@H](O[C@@H]2O[C@H](C)[C@@H](O)[C@H](N(C)C)[C@H]2O)[C@@H](CCSc2nnnn2C)C[C@@H](C)C(=O)/C=C/C(C)=C/[C@@H]1CO[C@@H]1O[C@H](C)[C@@H](O)[C@@H](OC)[C@H]1OC,PAJJBWGILCCNGI-JMTHFGHWSA-N,,,,broad_macrocycle_pretrain,,,16,True,False,pretrain_train,pretraining_macrocycle; max_phase=None
PREMAC_090a34c933,ChEMBL_macrocycle_scan,CHEMBL265318,CC[C@H]1OC(=O)[C@H](C)[C@H]2OC3(CCN(c4ccc(C(=O)OCc5ccccc5)c(C(F)(F)F)c4)CC3)O[C@](C)(C[C@@H](C)CN(C)[C@H](C)[C@@H](O)[C@]1(C)O)[C@H](O[C@@H]1O[C@H](C)CC(N(C)C)[C@H]1O)[C@H]2C,BHEGDHUNXWWUPE-OHPPMMKVSA-N,,,,broad_macrocycle_pretrain,,,15,True,False,pretrain_train,pretraining_macrocycle; max_phase=None
PREMAC_6afa70679d,ChEMBL_macrocycle_scan,CHEMBL35871,COc1cc(O)c2c(c1C)C(=O)OC[C@H](NC(=O)OC(C)(C)C)C(=O)N[C@H](C(=O)O)CSC2,ADRJLTLAUWIANO-STQMWFEESA-N,,,,broad_macrocycle_pretrain,,,12,True,False,pretrain_train,pretraining_macrocycle; max_phase=None
PREMAC_e0ed1652a9,ChEMBL_macrocycle_scan,CHEMBL408886,CNCC(=O)N[C@@H](CCCN=C(N)N)C(=O)N1C[C@@H]2C[C@H]1C(=O)N[C@@H](Cc1ccc(O)cc1)C(=O)N[C@H](C(=O)N[C@@H](Cc1c[nH]cn1)C(=O)N1CCC[C@H]1C(=O)N[C@@H](Cc1ccccc1)C(=O)O)CCSS2,HTVRDIRGEIESHE-QSVFAHTRSA-N,,,,broad_macrocycle_pretrain,,,13,True,False,pretrain_train,pretraining_macrocycle; max_phase=None
PREMAC_793e3eddf9,ChEMBL_macrocycle_scan,CHEMBL297377,CC[C@H]1OC(=O)/C(C)=C/[C@H](C)[C@@H](O[C@@H]2O[C@H](C)C[C@H](N(C)C)[C@H]2O)[C@@](C)(OC)C[C@@H](C)C(=O)[C@H](C)[C@H]2N(NCc3c[nH]c4ccccc34)C(=O)O[C@]12C,INLFXTDBHWYQAW-UVQYVLMNSA-N,,,,broad_macrocycle_pretrain,,,14,True,False,pretrain_train,pretraining_macrocycle; max_phase=None
PREMAC_28b2af1737,ChEMBL_macrocycle_scan,CHEMBL307967,CC(=O)OC1c2oc(cc2C)[C@@H]2O[C@@]2(C)CC2OC(=O)[C@@]3(O[C@H]23)C(OC(C)=O)C[C@@H]1C1(C)CO1,FXDXTJXKPXLNSW-SZGRTYITSA-N,,,,broad_macrocycle_pretrain,,,13,True,False,pretrain_train,pretraining_macrocycle; max_phase=None
PREMAC_302934e2f8,ChEMBL_macrocycle_scan,CHEMBL384640,CC1(C)SSC[C@H](C(=O)N[C@@H](CCCCN)C(=O)N[C@@H](CCCN=C(N)N)C(N)=O)NC(=O)[C@@H](Cc2ccccc2)NC(=O)[C@H](CO)NC(=O)CNC(=O)[C@H](Cc2ccc(O)cc2)NC(=O)[C@H]1NC(=O)[C@@H](N)Cc1ccc(O)cc1,QPQGTFCGMCEEJE-PBDKPWLCSA-N,,,,broad_macrocycle_pretrain,,,20,True,False,pretrain_train,pretraining_macrocycle; max_phase=None
PREMAC_560193714e,ChEMBL_macrocycle_scan,CHEMBL80524,CC[C@H]1OC(=O)[C@H](C)[C@H]2OC3(CCN(C(=O)c4cccc(O)n4)CC3)O[C@](C)(C[C@@H](C)CN[C@H](C)[C@@H](O)[C@]1(C)O)[C@H](O[C@@H]1O[C@H](C)C[C@H](N(C)C)[C@H]1O)[C@H]2C,IXBKQZLIDMCOFP-HQWZRJKXSA-N,,,,broad_macrocycle_pretrain,,,15,True,False,pretrain_train,pretraining_macrocycle; max_phase=None
PREMAC_e839069685,ChEMBL_macrocycle_scan,CHEMBL295756,CC[C@H]1OC(=O)/C(C)=C/[C@H](C)[C@@H](O[C@@H]2O[C@H](C)C[C@H](N(C)C)[C@H]2O)[C@@](C)(OC)C[C@@H](C)C(=O)[C@H](C)[C@H]2N(NCc3cccnc3)C(=O)O[C@]12C,ILTNRESMJLUFIS-JDWQTDEZSA-N,,,,broad_macrocycle_pretrain,,,14,True,False,pretrain_train,pretraining_macrocycle; max_phase=None
PREMAC_e35f4c7a68,ChEMBL_macrocycle_scan,CHEMBL267958,CC(C)[C@@H]1OC(=O)[C@@H](C)N(O)C(=O)[C@@H]2CCCNN2C(=O)CNC(=O)[C@H](C)N(O)C(=O)[C@H]2CCCNN2C(=O)[C@H]1NC(=O)[C@](C)(O)CCCc1ccccc1,QAEGJKUKPVAHJK-CMCZFLDKSA-N,,,,broad_macrocycle_pretrain,,,19,True,False,pretrain_train,pretraining_macrocycle; max_phase=None
PREMAC_2b9028f0e0,ChEMBL_macrocycle_scan,CHEMBL299876,CC[C@H]1OC(=O)[C@@](C)(F)C(=O)[C@H](C)[C@@H](O[C@@H]2O[C@H](C)C[C@H](N(C)C)[C@H]2O)[C@@](C)(OCC#CCc2ccc(-c3csnn3)cc2)C[C@@H](C)C(=O)[C@H](C)[C@H]2NC(=O)O[C@@]21C,RBDKKDYHWXBVOV-GWUHTVCJSA-N,,,,broad_macrocycle_pretrain,,,14,True,False,pretrain_train,pretraining_macrocycle; max_phase=None
PREMAC_70d17806f3,ChEMBL_macrocycle_scan,CHEMBL63972,NC(=O)[C@@H]1CC(=O)NCCC[C@@H](NC(=O)[C@@H](N)Cc2ccc(O)cc2)C(=O)N[C@H](Cc2ccccc2)C(=O)N1,HNDAPGXWFDLKOJ-LNRXMEIDSA-N,,,,broad_macrocycle_pretrain,,,13,True,False,pretrain_train,pretraining_macrocycle; max_phase=None
PREMAC_eda6c79038,ChEMBL_macrocycle_scan,CHEMBL299049,CO/C1=C\C(C)=C\[C@@H](C)[C@@H](O)[C@@H](C)C/C(C)=C/C=C/[C@H](OC)[C@@H]([C@@H](C)[C@@H](O)[C@H](C)[C@@]2(OC)C[C@@H](O)[C@H](C)[C@@H](C(C)C)O2)OC1=O,QITFETZTNYARLF-QANPHIHVSA-N,,,,broad_macrocycle_pretrain,,,16,True,False,pretrain_train,pretraining_macrocycle; max_phase=None
PREMAC_c9aefdb12b,ChEMBL_macrocycle_scan,CHEMBL41442,O=C1CNC(=O)CNC(=O)[C@H](Cc2ccccc2)NC(=O)CNC(=O)[C@H](Cc2ccc(O)cc2)NC(=O)CCCN1,PWZJQTYEJSOUNY-VXKWHMMOSA-N,,,,broad_macrocycle_pretrain,,,20,True,False,pretrain_train,pretraining_macrocycle; max_phase=None
PREMAC_ac280f8df2,ChEMBL_macrocycle_scan,CHEMBL288802,CC[C@H]1OC(=O)/C(C)=C/[C@H](C)[C@@H](O[C@@H]2O[C@H](C)C[C@H](N(C)C)[C@H]2O)[C@@](C)(OC)C[C@@H](C)C(=O)[C@H](C)[C@H]2N(CCCN(C)c3ccccc3)C(=O)O[C@]12C,NMOYDUHLJZOUHT-BUTNRRCISA-N,,,,broad_macrocycle_pretrain,,,14,True,False,pretrain_train,pretraining_macrocycle; max_phase=None
PREMAC_75bff82953,ChEMBL_macrocycle_scan,CHEMBL421336,CC[C@H]1OC(=O)[C@H](C)[C@H]2OC3(CCN(CCc4ccc5ccccc5n4)CC3)O[C@](C)(C[C@@H](C)CN(C)[C@H](C)[C@@H](O)[C@]1(C)O)[C@H](O[C@@H]1O[C@H](C)C[C@H](N(C)C)[C@H]1O)[C@H]2C,BYIYKPWMLJVZSD-UNEBURTFSA-N,,,,broad_macrocycle_pretrain,,,15,True,False,pretrain_train,pretraining_macrocycle; max_phase=None
PREMAC_2dab37a572,ChEMBL_macrocycle_scan,CHEMBL419066,C[C@@H](O)[C@H](NC(=O)[C@H]1NC(=O)[C@H]([C@@H](C)O)NC(=O)[C@H](Cc2c[nH]c3ccccc23)NC(=O)[C@H](Cc2ccc(O)cc2)NC(=O)[C@@H](NC(=O)[C@@H](N)Cc2ccccc2)CSSC1(C)C)C(N)=O,BNVJPQJAHJKTKX-URNKBNJMSA-N,,,,broad_macrocycle_pretrain,,,17,True,False,pretrain_train,pretraining_macrocycle; max_phase=None
PREMAC_61bd996f56,ChEMBL_macrocycle_scan,CHEMBL410785,CCCCCCCCN[C@@H]1[C@H](C)O[C@@H](O[C@H]2[C@H](C)O[C@@H](O[C@@H]3/C(C)=C/C[C@@H]4C[C@@H](C[C@]5(C=C[C@H](C)[C@@H](C(C)CC)O5)O4)OC(=O)[C@@H]4C=C(C)[C@@H](O)[C@H]5OC/C(=C\C=C\[C@@H]3C)[C@]54O)C[C@@H]2OC)C[C@@H]1OC,PFZCTEGIAWQIKC-YBRQCOMZSA-N,,,,broad_macrocycle_pretrain,,,16,True,False,pretrain_train,pretraining_macrocycle; max_phase=None
PREMAC_49f8ef26b3,ChEMBL_macrocycle_scan,CHEMBL433622,C/C=C/C(=O)CC1CCC2(O)CC(C)C(CCCNC(=O)C(C)C3CNC(=O)CC(O1)C(C)CCCCC(CCC(C)/C=C(\C)C(C)O)O3)O2,NPSOIFAWYAHWOH-XZXXBFBESA-N,,,,broad_macrocycle_pretrain,,,19,True,False,pretrain_train,pretraining_macrocycle; max_phase=None
PREMAC_aa773e3def,ChEMBL_macrocycle_scan,CHEMBL268489,CC[C@H]1OC(=O)[C@H](C)[C@@H](OC(=O)C2CCOC2)[C@H](C)[C@@H](OC2O[C@H](C)C[C@H](N(C)C(C)C)[C@H]2O)[C@@](C)(OC)C[C@@H](C)C(=O)[C@H](C)[C@H]2N(CCc3ccc(Cl)cc3)C(=O)O[C@]12C,KSANPGGGQSSGPS-GVUKSHIUSA-N,,,,broad_macrocycle_pretrain,,,14,True,False,pretrain_train,pretraining_macrocycle; max_phase=None
PREMAC_0ea613f052,ChEMBL_macrocycle_scan,CHEMBL418254,CC[C@H]1OC(=O)C[C@@H](O)[C@H](C)[C@@H](O[C@@H]2O[C@H](C)[C@@H](O)[C@H](N(C)C)[C@H]2O)[C@@H](CCOc2ncnc3ccccc23)C[C@@H](C)C(=O)/C=C/C(C)=C/[C@@H]1CO[C@@H]1O[C@H](C)[C@@H](O)[C@@H](OC)[C@H]1OC,ZOIRXKKZWPCATK-LZGLAPTCSA-N,,,,broad_macrocycle_pretrain,,,16,True,False,pretrain_train,pretraining_macrocycle; max_phase=None
PREMAC_27c86fe4f7,ChEMBL_macrocycle_scan,CHEMBL387403,CC[C@H]1OC(=O)[C@H](C)[C@@H](O[C@H]2C[C@@](C)(OC)[C@H](N)[C@H](C)O2)[C@H](C)[C@@H](O[C@@H]2O[C@H](C)C[C@H](N(C)C)[C@H]2OC(=O)OCC2c3ccccc3-c3ccccc32)[C@](C)(O)C[C@@H](C)N(C)C[C@H](C)[C@@H](O)[C@]1(C)O,SNYJYXSCXBCGLE-IEIXEPHISA-N,,,,broad_macrocycle_pretrain,,,15,True,False,pretrain_train,pretraining_macrocycle; max_phase=None
PREMAC_1a32c9d747,ChEMBL_macrocycle_scan,CHEMBL267790,CC[C@H](C)[C@H]1O[C@]2(C=C[C@@H]1C)C[C@@H]1C[C@@H](C/C=C(\C)[C@@H](OC3CC(OC)C(OC4CC(OC)C(O)C(C)O4)C(C)O3)[C@@H](C)/C=C/C=C3\CO[C@@H]4[C@H](OC)C(C)=C[C@@H](C(=O)O1)[C@]34O)O2,AFSHKCWTGFDXJR-HLFFGZBOSA-N,,,,broad_macrocycle_pretrain,,,16,True,False,pretrain_train,pretraining_macrocycle; max_phase=None
PREMAC_1cf169523f,ChEMBL_macrocycle_scan,CHEMBL291153,COc1ccc2c(O[C@@H]3C[C@H]4C(=O)N[C@]5(C(=O)O)C[C@H]5/C=C\CCCCC[C@H](NC(=O)OC(C)(C)C)C(=O)N4C3)cc(-n3cc(C)cn3)nc2c1,PVBNAIRMXKTMNY-MCQSFFMYSA-N,,,,broad_macrocycle_pretrain,,,15,True,False,pretrain_train,pretraining_macrocycle; max_phase=None
PREMAC_5d472a2403,ChEMBL_macrocycle_scan,CHEMBL296936,CC(C)CCN(C[C@@H](O)[C@@H]1Cc2ccc(cc2)OCCCCCC(=O)N[C@@H](C(C)C)C(=O)N1)NC(=O)NC1CCCCC1,GLZODVRRNKSQGS-FLBADVGZSA-N,,,,broad_macrocycle_pretrain,,,17,True,False,pretrain_train,pretraining_macrocycle; max_phase=None
PREMAC_bd897a6d74,ChEMBL_macrocycle_scan,CHEMBL405009,CC(C)[C@H]1NC[C@H](CCCCN)NC(=O)[C@@H](Cc2c[nH]c3ccccc23)NC(=O)[C@H](Cc2ccc(O)cc2)NC[C@@H](NC(=O)[C@@H](N)Cc2ccc3ccccc3c2)CSSC[C@H](C(=O)N[C@H](C(N)=O)[C@@H](C)O)NC1=O,PQCCJZJLJPYLAH-QQEJVQQRSA-N,,,,broad_macrocycle_pretrain,,,20,True,False,pretrain_train,pretraining_macrocycle; max_phase=None
PREMAC_cb55a59e80,ChEMBL_macrocycle_scan,CHEMBL415201,CC(C)[C@H]1NC(=O)[C@H](CCCCN)NC(=O)[C@@H](Cc2c[nH]c3ccccc23)NC(=O)[C@H](Cc2cccnc2)NC(=O)[C@@H](NC(=O)[C@@H](N)Cc2ccc(F)cc2)CSSC[C@H](C(=O)N[C@@H](Cc2ccc3ccccc3c2)C(N)=O)NC1=O,OKJBHYFBFWBWSS-TVEITAAYSA-N,,,,broad_macrocycle_pretrain,,,20,True,False,pretrain_train,pretraining_macrocycle; max_phase=None
PREMAC_2ef47b46ee,ChEMBL_macrocycle_scan,CHEMBL282425,CC[C@H]1OC(=O)[C@H](C)C2OC3(CCNCC3)O[C@](C)(C[C@@H](C)CN(C)[C@H](C)[C@@H](O)[C@]1(C)O)[C@H](O[C@@H]1O[C@H](C)C[C@H](N(C)C)[C@H]1O)[C@H]2C,LZQRRXSIZZAMCJ-DGZWMACMSA-N,,,,broad_macrocycle_pretrain,,,15,True,False,pretrain_train,pretraining_macrocycle; max_phase=None
PREMAC_d76df43466,ChEMBL_macrocycle_scan,CHEMBL406517,CCC1OC(=O)C(C)C(O[C@H]2C[C@@](C)(OC)[C@@H](O)C(C)O2)C(C)[C@@H](OC2OC(C)CC(N(C)C)[C@H]2O)[C@@](C)(O)C[C@@H](C)C(=O)[C@H](C)[C@@H](O)[C@]1(C)O,ULGZDMOVFRHVEP-NLGTXLAHSA-N,,,,broad_macrocycle_pretrain,,,14,True,False,pretrain_train,pretraining_macrocycle; max_phase=None
PREMAC_84213babd0,ChEMBL_macrocycle_scan,CHEMBL65918,CC(C)(C)S(=O)(=O)C[C@@H](Cc1ccccc1)C(=O)NC1CSCCC[C@H](CN2CCOCC2)OC(=O)[C@H](O)[C@H](CC2CCCCC2)NC1=O,YTDCLZOYDJEJQM-KMXRORLRSA-N,,,,broad_macrocycle_pretrain,,,13,True,False,pretrain_train,pretraining_macrocycle; max_phase=None
PREMAC_efb5209f5c,ChEMBL_macrocycle_scan,CHEMBL21667,NCCN(CCN)CCNC1CCCCCCCCCCCCCCC1,HTHRFEUNWZIDDQ-UHFFFAOYSA-N,,,,broad_macrocycle_pretrain,,,16,True,False,pretrain_train,pretraining_macrocycle; max_phase=None
PREMAC_a6e7fbddcd,ChEMBL_macrocycle_scan,CHEMBL9712,CC1CC(=O)OC[C@]23C[C@@H](O)[C@H](C)C[C@H]2O[C@@H]2C[C@@H](OC(=O)/C=C\C=C\C(C(C)O)O[C@@H](O)C1)[C@@]3(C)C21CO1,LCISUYPYBUURIT-SINHLIRXSA-N,,,,broad_macrocycle_pretrain,,,18,True,False,pretrain_train,pretraining_macrocycle; max_phase=None
PREMAC_c8bf2cc432,ChEMBL_macrocycle_scan,CHEMBL54043,C[C@H]1NCc2cncn2Cc2ccc(C#N)c(c2)Oc2ccc3cccc(c3c2)N(C)C1=O,SGTLQNSIWNWVHS-QGZVFWFLSA-N,,,,broad_macrocycle_pretrain,,,16,True,False,pretrain_train,pretraining_macrocycle; max_phase=None
PREMAC_dc107accd9,ChEMBL_macrocycle_scan,CHEMBL267254,CC[C@H]1OC(=O)CC(O)[C@H](C)[C@@H](O[C@@H]2O[C@H](C)C[C@H](N(C)C)[C@H]2O)[C@@H](CCNCCO)C[C@@H](C)C(=O)/C=C/C(C)=C/[C@@H]1C,BPOCUVBDUYOBPU-HUGBGKFXSA-N,,,,broad_macrocycle_pretrain,,,16,True,False,pretrain_train,pretraining_macrocycle; max_phase=None
PREMAC_a2aa9e3b21,ChEMBL_macrocycle_scan,CHEMBL295843,NCC[C@@H]1NC(=O)CCNC(=O)c2cc(NC(=O)c3cnc4ccccc4c3)ccc2OC[C@@H](Cc2ccc(O)cc2)NC1=O,STCPJEHMBOEASM-YWEHKCAJSA-N,,,,broad_macrocycle_pretrain,,,14,True,False,pretrain_train,pretraining_macrocycle; max_phase=None
PREMAC_9c0ace24d4,ChEMBL_macrocycle_scan,CHEMBL11444,O=C(NCCN(CCNC1CCCCCCCCCCC1)CCNC1CCCCCCCCCCC1)c1ccccc1,DHVSYYZPPFJMAD-UHFFFAOYSA-N,,,,broad_macrocycle_pretrain,,,12,True,False,pretrain_train,pretraining_macrocycle; max_phase=None
PREMAC_c292a672a7,ChEMBL_macrocycle_scan,CHEMBL439173,CC[C@H]1OC(=O)[C@H](C)[C@@H](O[C@H]2C[C@@](C)(OC)[C@H](n3cccc3)[C@H](C)O2)[C@H](C)[C@@H](O[C@@H]2O[C@H](C)C[C@H](N(C)C)[C@H]2OC(=O)OCC2c3ccccc3-c3ccccc32)[C@](C)(O)C[C@@H](C)N(C)C[C@H](C)[C@@H](O)[C@]1(C)O,FNNZIUYWFJVOGB-OYFOGQDGSA-N,,,,broad_macrocycle_pretrain,,,15,True,False,pretrain_train,pretraining_macrocycle; max_phase=None
PREMAC_3bb811076f,ChEMBL_macrocycle_scan,CHEMBL28758,CC[C@H]1OC(=O)[C@H](C)[C@H]2OC3(CCN(c4nc(Cl)nc(-c5ccccc5)n4)CC3)O[C@](C)(C[C@@H](C)CN(C)[C@H](C)[C@@H](O)[C@]1(C)O)[C@H](O[C@@H]1O[C@H](C)CC(N(C)C)[C@H]1O)[C@H]2C,DWBQMWIADBPFMY-NIKYWDIJSA-N,,,,broad_macrocycle_pretrain,,,15,True,False,pretrain_train,pretraining_macrocycle; max_phase=None
PREMAC_550825b7d6,ChEMBL_macrocycle_scan,CHEMBL46456,C=COCCCN1C(=O)O[C@]2(C)[C@@H](CC)OC(=O)/C(C)=C/[C@H](C)[C@@H](O[C@@H]3O[C@H](C)C[C@H](N(C)C)[C@H]3O)[C@@](C)(OC)C[C@@H](C)C(=O)[C@H](C)[C@@H]12,CEKOVFZLYVKSGR-HABBCIAZSA-N,,,,broad_macrocycle_pretrain,,,14,True,False,pretrain_train,pretraining_macrocycle; max_phase=None
PREMAC_c4ae5b3aac,ChEMBL_macrocycle_scan,CHEMBL12652,O=C1CCC/C=C\C[C@@H]2C(/C=C\[C@@H](CCc3ccccc3)O1)[C@H](O)C[C@@H]2O,RIBUBQDYGJHEOM-QIVYNSNDSA-N,,,,broad_macrocycle_pretrain,,,13,True,False,pretrain_train,pretraining_macrocycle; max_phase=None
PREMAC_91894cdbb6,ChEMBL_macrocycle_scan,CHEMBL29110,CC[C@H]1OC(=O)[C@H](C)[C@H]2OC3(CCN(c4ccc(C#N)cn4)CC3)O[C@](C)(C[C@@H](C)CN[C@H](C)[C@@H](O)[C@]1(C)O)[C@H](O[C@@H]1O[C@H](C)CC(N(C)C)[C@H]1O)[C@H]2C,PSMAQQLKYNDJFO-DDTYJIESSA-N,,,,broad_macrocycle_pretrain,,,15,True,False,pretrain_train,pretraining_macrocycle; max_phase=None
PREMAC_c0dbffede7,ChEMBL_macrocycle_scan,CHEMBL429949,CC[C@H]1OC(=O)[C@H](C)[C@@H](OC(=O)N2C(=O)OC[C@H]2C)[C@H](C)[C@@H](OC2O[C@H](C)C[C@H](N(C)C(C)C)[C@H]2O)[C@@](C)(OC)C[C@@H](C)C(=O)[C@H](C)[C@H]2N(CCc3ccc(Cl)cc3)C(=O)O[C@]12C,GTVMFQNCOSGPQH-FDVVEZPQSA-N,,,,broad_macrocycle_pretrain,,,14,True,False,pretrain_train,pretraining_macrocycle; max_phase=None
PREMAC_ad642ef210,ChEMBL_macrocycle_scan,CHEMBL79679,C=C1[C@H](OCC(C)C)[C@@H](O)[C@@H](OC(=O)c2cccnc2)C(C)(C)/C=C/[C@H](C)[C@H](OC(C)=O)[C@@]2(O)C[C@@](C)(OC(C)=O)[C@H](OC(=O)c3ccccc3)[C@@H]2[C@H]1OC(C)=O,IRBRSTWNGIELEA-MZKXOQCGSA-N,,,,broad_macrocycle_pretrain,,,12,True,False,pretrain_train,pretraining_macrocycle; max_phase=None
PREMAC_7be9af06ed,ChEMBL_macrocycle_scan,CHEMBL288226,CC[C@H]1OC(=O)/C(C)=C/[C@H](C)[C@@H](O[C@@H]2O[C@H](C)C[C@H](N(C)C)[C@H]2O)[C@@](C)(OC)C[C@@H](C)C(=O)[C@@H](C)[C@H]2N(NCCCc3ccccc3)C(=O)O[C@]12C,SEISEOOGQAWOTN-YNQHHNJSSA-N,,,,broad_macrocycle_pretrain,,,14,True,False,pretrain_train,pretraining_macrocycle; max_phase=None
PREMAC_da6a2a095c,ChEMBL_macrocycle_scan,CHEMBL278476,N[C@@H](Cc1ccc(O)cc1)C(=O)N/C1=C/CCC[C@@H](C(=O)O)NC(=O)C2(CCCC2)CCNC1=O,JHCGDWGOFAFCAS-GVMVEIQHSA-N,,,,broad_macrocycle_pretrain,,,13,True,False,pretrain_train,pretraining_macrocycle; max_phase=None
PREMAC_a8afe3781e,ChEMBL_macrocycle_scan,CHEMBL55826,N#Cc1ccc2cc1Oc1ccc3cccc(c3c1)N1CC[C@H](NCCc3cncn3C2)C1=O,OBXLXUGOZZWQOW-DEOSSOPVSA-N,,,,broad_macrocycle_pretrain,,,17,True,False,pretrain_train,pretraining_macrocycle; max_phase=None
PREMAC_e147ec29d1,ChEMBL_macrocycle_scan,CHEMBL9177,CCNCC[C@H]1C[C@@H](C)C(=O)/C=C/C(C)=C/[C@H](C)[C@@H](CC)OC(=O)CC(O)[C@H](C)[C@H]1O[C@@H]1O[C@H](C)C[C@H](N(C)C)[C@H]1O,SXCHHKXNWAQYAU-IQUVFPQISA-N,,,,broad_macrocycle_pretrain,,,16,True,False,pretrain_train,pretraining_macrocycle; max_phase=None
PREMAC_69fa483856,ChEMBL_macrocycle_scan,CHEMBL37891,COC(=O)[C@@H]1CSCc2c(O)cc(OC)c(C)c2C(=O)OC[C@@H](C)C(=O)N1,HKYNHJPFPLZWGQ-SKDRFNHKSA-N,,,,broad_macrocycle_pretrain,,,12,True,False,pretrain_train,pretraining_macrocycle; max_phase=None
PREMAC_0965931872,ChEMBL_macrocycle_scan,CHEMBL292495,O=C1NC(=O)C2=C1c1cn(c3ccccc13)CCO[C@H](CO)CCn1cc2c2ccccc21,BGVKOUSMQGMSDY-INIZCTEOSA-N,,,,broad_macrocycle_pretrain,,,14,True,False,pretrain_train,pretraining_macrocycle; max_phase=None
PREMAC_12ea59fc18,ChEMBL_macrocycle_scan,CHEMBL22410,CCC1=C(C)c2cc3[nH]c(cc4nc(cc5[nH]c(cc1n2)C1(C)C5=CCC(C(=O)OC)=C1C(=O)OC)C(C)=C4CC)c(C)c3CC,ZUBNUJWKGLODPE-UHFFFAOYSA-N,,,,broad_macrocycle_pretrain,,,16,True,False,pretrain_train,pretraining_macrocycle; max_phase=None
PREMAC_4cd2c5dd00,ChEMBL_macrocycle_scan,CHEMBL416087,CC[C@H]1OC(=O)C[C@@H](O)[C@H](C)[C@@H](O[C@@H]2O[C@H](C)[C@@H](O)[C@H](N(C)C)[C@H]2O)[C@@H](CCO[N+](=O)[O-])C[C@@H](C)C(=O)/C=C/C(C)=C/[C@@H]1CO[C@@H]1O[C@H](C)[C@@H](O)[C@@H](OC)[C@H]1OC,BFFOZOJAPKTRBJ-NLGRAQRVSA-N,,,,broad_macrocycle_pretrain,,,16,True,False,pretrain_train,pretraining_macrocycle; max_phase=None
PREMAC_3ff2d291ce,ChEMBL_macrocycle_scan,CHEMBL81290,CC(O)C1/C=C/C=C\C(=O)O[C@@H]2C[C@H]3O[C@@H]4C=C(CO)CC[C@]4(COC(=O)C(O)C(C)CCO1)[C@]2(C)C31CO1,MTCJPNLHWBJVAG-QJNPRJHYSA-N,,,,broad_macrocycle_pretrain,,,18,True,False,pretrain_train,pretraining_macrocycle; max_phase=None
PREMAC_185b494bf4,ChEMBL_macrocycle_scan,CHEMBL23155,N#Cc1ccc2cc1Oc1ccc3cccc(c3c1)N1CCN(CCc3cncn3C2)CC1=O,QAQOQARNGPJYIW-UHFFFAOYSA-N,,,,broad_macrocycle_pretrain,,,17,True,False,pretrain_train,pretraining_macrocycle; max_phase=None
PREMAC_8547462533,ChEMBL_macrocycle_scan,CHEMBL44093,CC[C@H]1OC(=O)C[C@@H](O)[C@H](C)[C@@H](O[C@@H]2O[C@H](C)[C@@H](O)[C@H](N(C)C)[C@H]2O)[C@@H](CCN=[N+]=[N-])C[C@@H](C)C(=O)/C=C/C(C)=C/[C@@H]1CO[C@@H]1O[C@H](C)[C@@H](O)[C@@H](OC)[C@H]1OC,TUNHHUBXIOEPRW-NLGRAQRVSA-N,,,,broad_macrocycle_pretrain,,,16,True,False,pretrain_train,pretraining_macrocycle; max_phase=None
PREMAC_cafbc6b684,ChEMBL_macrocycle_scan,CHEMBL56140,O=c1c2c(oc(O)c1C(c1ccccc1)C1CC1)CCCCCCCCCC2,QTOOWUXWHVVEOB-UHFFFAOYSA-N,,,,broad_macrocycle_pretrain,,,12,True,False,pretrain_train,pretraining_macrocycle; max_phase=None
PREMAC_b8bd7a95d2,ChEMBL_macrocycle_scan,CHEMBL25763,CSC1=NC2/C(=C(/O)OCCCCCSc3ccc([N+](=O)[O-])cc32)C(C)=N1,HDOFHDIMICWWKS-ICFOKQHNSA-N,,,,broad_macrocycle_pretrain,,,12,True,False,pretrain_train,pretraining_macrocycle; max_phase=None
PREMAC_258f557c7a,ChEMBL_macrocycle_scan,CHEMBL293428,C[C@@H]1NC(=O)C[S+]([O-])C[C@@H](C(=O)O)NC(=O)[C@H](CC(=O)O)NC(=O)CNC(=O)[C@H](CCCN=C(N)N)NC1=O,UXLACDKTWCDPEZ-BJMMVJROSA-N,,,,broad_macrocycle_pretrain,,,18,True,False,pretrain_train,pretraining_macrocycle; max_phase=None
PREMAC_4c34a04ace,ChEMBL_macrocycle_scan,CHEMBL295772,CC[C@H]1OC(=O)/C(C)=C/[C@H](C)[C@@H](O[C@@H]2O[C@H](C)C[C@H](N(C)C)[C@H]2O)[C@@](C)(OC)C[C@@H](C)C(=O)[C@H](C)[C@H]2N(NCCCc3ccc(Cl)cc3Cl)C(=O)O[C@]12C,KVADRJZDDSNWAH-PYTCZYFYSA-N,,,,broad_macrocycle_pretrain,,,14,True,False,pretrain_train,pretraining_macrocycle; max_phase=None
PREMAC_39fcdf344d,ChEMBL_macrocycle_scan,CHEMBL46848,CC[C@H]1OC(=O)C[C@@H](O)[C@H](C)[C@@H](O[C@@H]2O[C@H](C)[C@@H](O)[C@H](N(C)C)[C@H]2O)[C@@H](CCO)C[C@@H](C)C(=O)/C=C/C(C)=C/[C@@H]1CO,ASYTUEHNRQJLRY-VKRLOHBMSA-N,,,,broad_macrocycle_pretrain,,,16,True,False,pretrain_train,pretraining_macrocycle; max_phase=None
PREMAC_2370478b03,ChEMBL_macrocycle_scan,CHEMBL299621,N#Cc1ccc2cc1Oc1ccc3cccc(c3c1)NC(=O)[C@@H](Cc1ccccc1)N(Cc1ccccc1)Cc1cncn1C2,QIQWUVXAQGNSCR-PSXMRANNSA-N,,,,broad_macrocycle_pretrain,,,16,True,False,pretrain_train,pretraining_macrocycle; max_phase=None
PREMAC_f893f37fed,ChEMBL_macrocycle_scan,CHEMBL417848,CC[C@H]1OC(=O)[C@H](C)[C@H]2OC3(CCN(c4nccc(C(F)(F)F)n4)CC3)O[C@](C)(C[C@@H](C)CN[C@H](C)[C@@H](O)[C@]1(C)O)[C@H](O[C@@H]1O[C@H](C)CC(N(C)C)[C@H]1O)[C@H]2C,ZVORNODFCKZVMG-XSMRHPFGSA-N,,,,broad_macrocycle_pretrain,,,15,True,False,pretrain_train,pretraining_macrocycle; max_phase=None
PREMAC_0d0eaaeac6,ChEMBL_macrocycle_scan,CHEMBL275952,COc1ccc(C[C@H]2NC(=O)/C=C/C[C@@H]([C@](C)(O)C#Cc3ccccc3)OC(=O)[C@H](CC(C)C)OC(=O)CCNC2=O)cc1,ZXAJDPZZIZWYET-MAGIDRPVSA-N,,,,broad_macrocycle_pretrain,,,16,True,False,pretrain_train,pretraining_macrocycle; max_phase=None
PREMAC_f6fa9f4d11,ChEMBL_macrocycle_scan,CHEMBL9022,CC[C@H]1OC(=O)CC(O)[C@H](C)[C@@H](O[C@@H]2O[C@H](C)[C@@H](O)[C@H](N(C)C)[C@H]2O)[C@@H](CCN(C)CCCNC)C[C@@H](C)C(=O)/C=C/C(C)=C/[C@@H]1CO[C@@H]1O[C@H](C)[C@@H](O)[C@@H](OC)[C@H]1OC,QEMCJRGOFQFBMX-RJEOQGNGSA-N,,,,broad_macrocycle_pretrain,,,16,True,False,pretrain_train,pretraining_macrocycle; max_phase=None
PREMAC_a4059b3fbd,ChEMBL_macrocycle_scan,CHEMBL38799,CCc1c(C)c2cc3[nH]c(cc4nc(c5c6nc(cc1[nH]2)C(C)=C6C(=O)N(C)C5=O)[C@@H](CCC(=O)OC)[C@@H]4C)c(C)c3C(C)OC,SHYXLTMMPSGUKZ-BGKUMUJYSA-N,,,,broad_macrocycle_pretrain,,,16,True,False,pretrain_train,pretraining_macrocycle; max_phase=None
PREMAC_7d1dc6069a,ChEMBL_macrocycle_scan,CHEMBL412623,CC[C@H](C)[C@@H]1NC(=O)[C@@H](Cc2ccc(O)cc2)NC(=O)[C@H](N)CSSC[C@@H](C(=O)N2CCC[C@@H]2C(=O)N[C@@H](CCCN=C(N)N)C(=O)N[C@@H](Cc2ccc(O)cc2)C(N)=O)NC(=O)[C@H](CC(N)=O)NC(=O)[C@@H](CCC(N)=O)NC1=O,SFJJVOKALYHWBP-GNZUNXJDSA-N,,,,broad_macrocycle_pretrain,,,20,True,False,pretrain_train,pretraining_macrocycle; max_phase=None
PREMAC_e44cda2cec,ChEMBL_macrocycle_scan,CHEMBL414966,C[C@@H](O)[C@H](NC(=O)[C@@H]1NC(=O)[C@@H](Cc2c[nH]c3ccccc23)NC(=O)[C@H](CCCN=C(N)N)NC(=O)[C@H](Cc2c[nH]c3ccccc23)NC(=O)[C@H](Cc2ccccc2)NC(=O)[C@@H](NC(=O)[C@H](N)Cc2ccccc2)CSSC1(C)C)C(N)=O,WGCQEKFJVKJRQS-PJYMXJEZSA-N,,,,broad_macrocycle_pretrain,,,20,True,False,pretrain_train,pretraining_macrocycle; max_phase=None
PREMAC_824678ea43,ChEMBL_macrocycle_scan,CHEMBL282363,CC(=O)N[C@@H]1CSSC[C@H](C(N)=O)NC(=O)[C@@H](Cc2ccc(O)cc2)NC(=O)[C@H](CCCCN)NC(=O)[C@@H](CO)NC(=O)[C@H](Cc2ccc(O)cc2)NC1=O,NLBXPFFCXVVPII-YHRKHFDESA-N,,,,broad_macrocycle_pretrain,,,20,True,False,pretrain_train,pretraining_macrocycle; max_phase=None
PREMAC_0baeaec04d,ChEMBL_macrocycle_scan,CHEMBL298045,CC[C@H]1OC(=O)/C(C)=C/[C@H](C)[C@@H](O[C@@H]2O[C@H](C)C[C@H](N(C)C)[C@H]2O)[C@@](C)(OC)C[C@@H](C)C(=O)[C@H](C)[C@H]2N(CCCc3ccccc3)C(=O)O[C@]12C,ATBRVEMURHSZHP-CFHZJCBUSA-N,,,,broad_macrocycle_pretrain,,,14,True,False,pretrain_train,pretraining_macrocycle; max_phase=None
PREMAC_698a146914,ChEMBL_macrocycle_scan,CHEMBL283369,O=C1CN2CCc3cncn3Cc3ccc(C#CCCC(F)(F)F)c(c3)Oc3ccc4cccc(c4c3)N1CC2,HZUKRNKCJCVHQD-UHFFFAOYSA-N,,,,broad_macrocycle_pretrain,,,17,True,False,pretrain_train,pretraining_macrocycle; max_phase=None
PREMAC_f305510f25,ChEMBL_macrocycle_scan,CHEMBL65517,N=C(N)NCCC[C@@H]1NC(=O)[C@H]2CCCN2C(=O)CSC[C@@H](C(=O)O)NC(=O)[C@H](CC(=O)O)NC(=O)CNC1=O,CCEWOJIAQCICDN-XDQVBPFNSA-N,,,,broad_macrocycle_pretrain,,,18,True,False,pretrain_train,pretraining_macrocycle; max_phase=None
PREMAC_b516a97c5e,ChEMBL_macrocycle_scan,CHEMBL262142,CC[C@H]1OC(=O)C[C@@H](O)[C@H](C)[C@@H](O[C@@H]2O[C@H](C)[C@@H](O[C@H]3C[C@@](C)(O)[C@@H](O)[C@H](C)O3)[C@H](N(C)C)[C@H]2O)[C@@H](CCOc2cc(Cl)cc(Cl)c2)C[C@@H](C)C(=O)/C=C/C(C)=C/[C@@H]1CO[C@@H]1O[C@H](C)[C@@H](O)[C@@H](OC)[C@H]1OC,NSQHGPZFWFZHIE-VCBWWGECSA-N,,,,broad_macrocycle_pretrain,,,16,True,False,pretrain_train,pretraining_macrocycle; max_phase=None
PREMAC_2e6e0e2da3,ChEMBL_macrocycle_scan,CHEMBL216354,C[C@@H](O)[C@@H]1NC(=O)[C@H](CCCCN)NC(=O)[C@H](Cc2c[nH]c3ccccc23)NC(=O)[C@H](Cc2ccc(O)cc2)NC(=O)[C@@H](NC(=O)[C@H]2Cc3ccccc3CN2)CSSC(C)(C)[C@@H](C(=O)N[C@@H](CO)C(N)=O)NC1=O,DNMGCVVRVMDESC-ZSKCUPFPSA-N,,,,broad_macrocycle_pretrain,,,20,True,False,pretrain_train,pretraining_macrocycle; max_phase=None
PREMAC_8e1e12901c,ChEMBL_macrocycle_scan,CHEMBL287792,COc1ccc2c(O[C@@H]3C[C@H]4C(=O)N[C@]5(C(=O)O)C[C@H]5/C=C\CCCCC[C@H](NC(=O)OC(C)(C)C)C(=O)N4C3)cc(-n3cccn3)nc2c1,NWVNIRNYZSSEAH-GKJCQWIHSA-N,,,,broad_macrocycle_pretrain,,,15,True,False,pretrain_train,pretraining_macrocycle; max_phase=None
PREMAC_0b5451638d,ChEMBL_macrocycle_scan,CHEMBL294246,C/C=C/CC(=O)[C@@H](C)[C@H](O)[C@H](C)[C@H]1OC(=O)/C(OC)=C/C(C)=C/[C@@H](C)[C@@H](O)[C@@H](C)C/C(C)=C/C=C/[C@@H]1OC,MHQXLJPQUSEINJ-OHCSYSOFSA-N,,,,broad_macrocycle_pretrain,,,16,True,False,pretrain_train,pretraining_macrocycle; max_phase=None
PREMAC_406e912b63,ChEMBL_macrocycle_scan,CHEMBL291595,CC[C@H]1OC(=O)[C@H](C)[C@@H](O[C@H]2C[C@@](C)(OC)[C@@](O)(c3nccn3C)[C@H](C)O2)[C@H](C)[C@@H](O[C@@H]2O[C@H](C)C[C@H](N(C)C)[C@H]2O)[C@](C)(O)C[C@@H](C)CN(C)[C@H](C)[C@@H](O)[C@]1(C)O,PWFUMELSLSULTE-HFOGJTIKSA-N,,,,broad_macrocycle_pretrain,,,15,True,False,pretrain_train,pretraining_macrocycle; max_phase=None
PREMAC_1ae1752a4f,ChEMBL_macrocycle_scan,CHEMBL416756,CC(C)[C@@H]1NC(=O)c2csc(n2)[C@H](Cc2ccccc2)NC(=O)C2CSC(=N2)[C@@H](C)NC(=O)[C@H]2N=C1O[C@@H]2C,BRLJUCBNCZSZRH-CMLPATKISA-N,,,,broad_macrocycle_pretrain,,,18,True,False,pretrain_train,pretraining_macrocycle; max_phase=None
PREMAC_013f9168da,ChEMBL_macrocycle_scan,CHEMBL288400,CC(C)CCN(C[C@@H](O)[C@@H]1Cc2ccc(cc2)OCCCCCC(=O)N[C@@H](C(C)C)C(=O)N1)NC(=O)NCc1ccccc1,ZFMXFSQOALLRBJ-WTGSTYHVSA-N,,,,broad_macrocycle_pretrain,,,17,True,False,pretrain_train,pretraining_macrocycle; max_phase=None
PREMAC_4d0fab5201,ChEMBL_macrocycle_scan,CHEMBL411375,NC(=O)CC[C@H]1NC(=O)[C@H](Cc2ccccc2)NC(=O)[C@@H](Cc2ccc(O)cc2)NC(=O)CC(C2CCCC2)(C2CCCC2)SSC[C@@H](C(=O)N2CCC[C@@H]2C(=O)N[C@@H](CCCN=C(N)N)C(=O)O)NC(=O)[C@H](CC(N)=O)NC1=O,CCKFVRZIDYFXRA-ORYKYRHMSA-N,,,,broad_macrocycle_pretrain,,,20,True,False,pretrain_train,pretraining_macrocycle; max_phase=None
PREMAC_94795c646e,ChEMBL_macrocycle_scan,CHEMBL416697,CC[C@H]1OC(=O)CC(O)[C@H](C)[C@@H](O[C@@H]2O[C@H](C)C[C@H](N(C)C)[C@H]2O)[C@@H](CCN(C)CCNC)C[C@@H](C)C(=O)/C=C/C(C)=C/[C@@H]1C,VKIZMBPYIWZGQQ-VLGOSVMCSA-N,,,,broad_macrocycle_pretrain,,,16,True,False,pretrain_train,pretraining_macrocycle; max_phase=None
PREMAC_6a5928c48b,ChEMBL_macrocycle_scan,CHEMBL282548,C=C(C)COOC1(OOCC(=C)C)CCCCCCCCCCC1,VGQCYQREZJIKPE-UHFFFAOYSA-N,,,,broad_macrocycle_pretrain,,,12,True,False,pretrain_train,pretraining_macrocycle; max_phase=None
PREMAC_63d9e9041a,ChEMBL_macrocycle_scan,CHEMBL263500,CC[C@H]1OC(=O)C[C@@H](O)[C@H](C)[C@@H](O[C@@H]2O[C@H](C)[C@@H](O[C@H]3C[C@@](C)(O)[C@@H](O)[C@H](C)O3)[C@H](N(C)C)[C@H]2O)[C@@H](CCOc2ccc(OC(C)=O)cc2)C[C@@H](C)C(=O)/C=C/C(C)=C/[C@@H]1CO[C@@H]1O[C@H](C)[C@@H](O)[C@@H](OC)[C@H]1OC,NBTDJIASRFJFEK-GQKPNQSOSA-N,,,,broad_macrocycle_pretrain,,,16,True,False,pretrain_train,pretraining_macrocycle; max_phase=None
PREMAC_78c613d433,ChEMBL_macrocycle_scan,CHEMBL39957,C[C@@H]1C(=O)OCC(=O)N(C)[C@@H](Cc2ccccc2)[C@@H](O)CC(=O)O[C@@H]1C,XLFLWCGFMHRVNS-XRGAULLZSA-N,,,,broad_macrocycle_pretrain,,,12,True,False,pretrain_train,pretraining_macrocycle; max_phase=None
PREMAC_14288bd8a6,ChEMBL_macrocycle_scan,CHEMBL300103,CC[C@H](C)[C@H]1NC(=O)[C@@H](Cc2ccccc2)NC(=O)[C@@H]2CCCN2C(=O)[C@@H](Cc2ccccc2)N(C)C(=O)[C@@H]2CCCCN2C(=O)[C@H]2CCNCN2C1=O,HTIWTPWTPBGFAS-ANFHIVLNSA-N,,,,broad_macrocycle_pretrain,,,18,True,False,pretrain_train,pretraining_macrocycle; max_phase=None
PREMAC_227cdaca43,ChEMBL_macrocycle_scan,CHEMBL263298,CC(C)[C@H]1NC(=O)[C@H](CCCCN)NC(=O)[C@@H](Cc2c[nH]c3ccccc23)NC(=O)[C@H](Cc2ccc(O)cc2)NC(=O)[C@@H](NC(=O)[C@@H](N)Cc2ccccc2)CSSC[C@H](CN[C@H](C(N)=O)[C@@H](C)O)NC1=O,GVZBCQBKQDODLQ-BPARPYPLSA-N,,,,broad_macrocycle_pretrain,,,20,True,False,pretrain_train,pretraining_macrocycle; max_phase=None
PREMAC_9593392f40,ChEMBL_macrocycle_scan,CHEMBL431360,CC[C@@H]1/C=C(\C)C[C@H](C)[C@H](OC)[C@H]2O[C@@](O)(C(=O)C(=O)N3CCCC[C@H]3C(=O)O[C@H](/C(C)=C/[C@@H]3CC[C@@H](Oc4ccc5[nH]ccc5c4)[C@H](OC)C3)[C@H](C)[C@@H](O)CC1=O)[C@H](C)C[C@@H]2OC,FYCXTNKLEVQTIK-OQGZAIGOSA-N,,,,broad_macrocycle_pretrain,,,20,True,False,pretrain_train,pretraining_macrocycle; max_phase=None
PREMAC_fb37209a9d,ChEMBL_macrocycle_scan,CHEMBL282916,CCCCCCOC(C)C1=C(C)c2cc3nc(c4c5[nH]c(cc6[nH]c(cc1n2)c(C)c6CC)c(C)c5C(=O)N(CCCCCC)C4=O)[C@@H](CCC(=O)OC)[C@@H]3C,KOTMQMXOLQCFGB-KHLAINANSA-N,,,,broad_macrocycle_pretrain,,,16,True,False,pretrain_train,pretraining_macrocycle; max_phase=None
PREMAC_9520ba33c5,ChEMBL_macrocycle_scan,CHEMBL300816,C=C[C@@]1(O)[C@H](C)O[C@@H](O[C@H]2[C@H](C)[C@@H](O[C@@H]3O[C@H](C)C[C@H](N(C)C)[C@H]3O)[C@](C)(O)C[C@@H](C)CN[C@H](C)[C@@H](O)[C@](C)(O)[C@@H](CC)OC(=O)[C@@H]2C)C[C@@]1(C)OC,ASUQGWOIKGRIQQ-VSYZXMJYSA-N,,,,broad_macrocycle_pretrain,,,15,True,False,pretrain_train,pretraining_macrocycle; max_phase=None
PREMAC_92b18802c0,ChEMBL_macrocycle_scan,CHEMBL29677,CC(C)[C@@H]1NC(=O)C2CSC(=N2)[C@H](Cc2ccccc2)NC(=O)C2CSC(=N2)[C@@H](C)NC(=O)[C@H]2N=C1O[C@@H]2C,WNSIWZVQPOAVNY-QAYHURINSA-N,,,,broad_macrocycle_pretrain,,,18,True,False,pretrain_train,pretraining_macrocycle; max_phase=None
PREMAC_7aee87aecd,ChEMBL_macrocycle_scan,CHEMBL52921,N#Cc1ccc2cc1Oc1ccc3cccc(c3c1)NC(=O)[C@@H](Cc1cccs1)NCc1cncn1C2,YUFXAWQITMCWMO-HHHXNRCGSA-N,,,,broad_macrocycle_pretrain,,,16,True,False,pretrain_train,pretraining_macrocycle; max_phase=None
PREMAC_e7ca5f7e35,ChEMBL_macrocycle_scan,CHEMBL290814,CO/C1=C\C(C)=C\[C@@H](C)[C@@H](O)[C@@H](C)C/C(C)=C/C=C/[C@H](OC)[C@@H]([C@@H](C)[C@@H](O)[C@H](C)[C@@]2(O)C[C@@H](O)[C@H](C)[C@@H](C(C)C)O2)OC1=O,XDHNQDDQEHDUTM-JQWOJBOSSA-N,,,,broad_macrocycle_pretrain,,,16,True,False,pretrain_train,pretraining_macrocycle; max_phase=None
PREMAC_99553cac50,ChEMBL_macrocycle_scan,CHEMBL441939,CCNC(=O)[C@H](CC(C)C)NC(=O)[C@H](CCCN=C(N)N)N(C)C(=O)[C@H](CCCN=C(N)N)NC(=O)[C@H]1CSSC[C@H](NC(=O)[C@@H](N)Cc2ccc(O)cc2)C(=O)NCC(=O)N[C@H](Cc2ccccc2)C(=O)N1,UQHCMUXJGZRDTC-ADYVUFBVSA-N,,,,broad_macrocycle_pretrain,,,14,True,False,pretrain_train,pretraining_macrocycle; max_phase=None
PREMAC_a4baac4279,ChEMBL_macrocycle_scan,CHEMBL23725,CNC(=O)[C@@H]1CCCCN(C(=O)OC(C)(C)C)CCC[C@H](C(=O)NO)[C@@H](CC(C)C)C(=O)N1,SXCBCJFEHSPGNX-KSZLIROESA-N,,,,broad_macrocycle_pretrain,,,13,True,False,pretrain_train,pretraining_macrocycle; max_phase=None
PREMAC_0df5c2c97f,ChEMBL_macrocycle_scan,CHEMBL71849,CC[C@@H]1/C=C(\C)C[C@H](C)[C@H](OC)[C@H]2O[C@@](O)(C(=O)C(=O)N3CCCC[C@H]3C(=O)O[C@H](/C(C)=C/[C@@H]3CC[C@@H](Oc4ccccc4)[C@H](OC)C3)[C@H](C)[C@@H](O)CC1=O)[C@H](C)C[C@@H]2OC,FTUSJUADLVNIGZ-VKJWDYEOSA-N,,,,broad_macrocycle_pretrain,,,20,True,False,pretrain_train,pretraining_macrocycle; max_phase=None
PREMAC_c78a98bcb5,ChEMBL_macrocycle_scan,CHEMBL43838,CC[C@H]1OC(=O)/C(C)=C/[C@H](C)[C@@H](O[C@@H]2O[C@H](C)C[C@H](N(C)C)[C@H]2O)[C@@](C)(OC)C[C@@H](C)C(=O)[C@H](C)[C@H]2N(NCc3ccc(N(C)C)c4ccccc34)C(=O)O[C@]12C,CUJCHRKUCKZKDA-UQLYLJOFSA-N,,,,broad_macrocycle_pretrain,,,14,True,False,pretrain_train,pretraining_macrocycle; max_phase=None
PREMAC_b67478ba6b,ChEMBL_macrocycle_scan,CHEMBL386483,COc1ccc(C[C@H]2NC(=O)CCSSC[C@@H](C(=O)N3CCC[C@@H]3C(=O)N[C@@H](CCCN=C(N)N)C(=O)NCC(N)=O)NC(=O)[C@H](CC(N)=O)NC(=O)[C@@H](C(C)C)NC(=O)[C@H](Cc3ccccc3)NC2=O)cc1,GDTIHLWEYOUSKB-VPIWUQJQSA-N,,,,broad_macrocycle_pretrain,,,20,True,False,pretrain_train,pretraining_macrocycle; max_phase=None
PREMAC_07d1df727a,ChEMBL_macrocycle_scan,CHEMBL265355,CCCO[C@H]1[C@H](O[C@H]2[C@@H](CCCl)C[C@@H](C)C(=O)/C=C/C(C)=C/[C@H](CO[C@@H]3O[C@H](C)[C@@H](O)[C@@H](OC)[C@H]3OC)[C@@H](CC)OC(=O)C[C@@H](O)[C@@H]2C)O[C@H](C)[C@@H](O[C@H]2C[C@@](C)(O)[C@@H](O)[C@H](C)O2)[C@@H]1N(C)C,UNMQGTUUCKJHPB-OBEFKBAWSA-N,,,,broad_macrocycle_pretrain,,,16,True,False,pretrain_train,pretraining_macrocycle; max_phase=None
PREMAC_6c1fca9087,ChEMBL_macrocycle_scan,CHEMBL47082,C/C1=C/CC[C@]2(C)[C@@H]([C@H](C)CCCC(C)C)CC[C@H]2c2ccc(cc2C(C)O)C[C@@](C)(O)CC1,VBUXMTFVEUFNRT-ZTKRSIBISA-N,,,,broad_macrocycle_pretrain,,,14,True,False,pretrain_train,pretraining_macrocycle; max_phase=None
PREMAC_835f011fac,ChEMBL_macrocycle_scan,CHEMBL288934,COC(=O)[C@@H]1CSCc2c(O)ccc(C)c2C(=O)OCC(NC(=O)OC(C)(C)C)C(=O)N1,HYDZSNMUPXAIDJ-KZUDCZAMSA-N,,,,broad_macrocycle_pretrain,,,12,True,False,pretrain_train,pretraining_macrocycle; max_phase=None
PREMAC_320aa0a75c,ChEMBL_macrocycle_scan,CHEMBL78568,CC(=O)O[C@@H]1[C@@H](OC(C)=O)C(C)(C)/C=C/[C@H](C)C(=O)C2(OC(C)=O)C[C@@](C)(O)[C@H](OC(=O)c3ccccc3)/C2=C\[C@](C)(OC(C)=O)[C@@H]1OC(C)=O,ZXGXFXYQGFBFDO-PXBFBDEHSA-N,,,,broad_macrocycle_pretrain,,,12,True,False,pretrain_train,pretraining_macrocycle; max_phase=None
PREMAC_34e4a98303,ChEMBL_macrocycle_scan,CHEMBL265525,C[C@@H](O)[C@@H](CO)NC(=O)[C@H]1CSSC[C@H](NC(=O)[C@H](N)Cc2ccccc2)C(=O)N[C@@H](Cc2ccc(O)cc2)C(=O)N[C@H](Cc2c[nH]c3ccccc23)C(=O)N[C@@H](CCCCN)C(=O)N[C@H]([C@@H](C)O)C(=O)N1,LHCIROHUTQLZCZ-QZQWMJDASA-N,,,,broad_macrocycle_pretrain,,,20,True,False,pretrain_train,pretraining_macrocycle; max_phase=None
PREMAC_78bbe2dbfd,ChEMBL_macrocycle_scan,CHEMBL311986,CC[C@H]1OC(=O)[C@H](C)[C@H]2OC3(CCN(CCc4ccc(OC)cc4)CC3)O[C@](C)(C[C@@H](C)CN[C@H](C)[C@@H](O)[C@]1(C)O)[C@H](O[C@@H]1O[C@H](C)C[C@H](N(C)C)[C@H]1O)[C@H]2C,RCVIGFVVVSCNSN-MZKCSLBKSA-N,,,,broad_macrocycle_pretrain,,,15,True,False,pretrain_train,pretraining_macrocycle; max_phase=None
PREMAC_e32ef8e69e,ChEMBL_macrocycle_scan,CHEMBL405557,NC(N)=NCCC[C@H](NC(=O)[C@@H](N)CC(=O)O)C(=O)N[C@H]1CSSCC[C@@H](C(=O)N[C@@H](Cc2c[nH]cn2)C(=O)N2CCC[C@H]2C(=O)N[C@@H](Cc2ccccc2)C(=O)O)NC(=O)[C@H](Cc2ccc(O)cc2)NC1=O,QYVVPNALOCEJFB-VTGDPKQBSA-N,,,,broad_macrocycle_pretrain,,,12,True,False,pretrain_train,pretraining_macrocycle; max_phase=None
PREMAC_4c9e017cb2,ChEMBL_macrocycle_scan,CHEMBL52975,N#Cc1ccc2cc1Oc1ccc3cccc(c3c1)NC(=O)CNCc1cncn1C2,CYBHYVCTXZJLET-UHFFFAOYSA-N,,,,broad_macrocycle_pretrain,,,16,True,False,pretrain_train,pretraining_macrocycle; max_phase=None
PREMAC_ebb98ab23c,ChEMBL_macrocycle_scan,CHEMBL32631,CNC(=O)[C@@H]1CCCN(C(=O)OC(C)(C)C)CCCCO[C@H](C(=O)NO)[C@@H](CCCc2ccccc2)C(=O)N1,PYHVMKLBOIYJOG-VJBWXMMDSA-N,,,,broad_macrocycle_pretrain,,,14,True,False,pretrain_train,pretraining_macrocycle; max_phase=None
PREMAC_35ba6ce1d8,ChEMBL_macrocycle_scan,CHEMBL276882,CC[C@H]1OC(=O)/C(C)=C/[C@H](C)[C@@H](O[C@@H]2O[C@H](C)C[C@H](N(C)C)[C@H]2O)[C@@](C)(OC)C[C@@H](C)C(=O)[C@H](C)[C@H]2N(NCCc3ccc(Oc4ccccc4)cc3)C(=O)O[C@]12C,SHXKZTLFVOOLMR-JWGXSRRVSA-N,,,,broad_macrocycle_pretrain,,,14,True,False,pretrain_train,pretraining_macrocycle; max_phase=None
PREMAC_5fab35a0e6,ChEMBL_macrocycle_scan,CHEMBL28892,COOC1(OOCCCc2ccccc2)CCCCCCCCCCC1,GJRIJJDHPXXJME-UHFFFAOYSA-N,,,,broad_macrocycle_pretrain,,,12,True,False,pretrain_train,pretraining_macrocycle; max_phase=None
PREMAC_f962ad7513,ChEMBL_macrocycle_scan,CHEMBL295023,CC[C@H]1OC(=O)/C(C)=C/[C@H](C)[C@@H](O[C@@H]2O[C@H](C)C[C@H](N(C)C)[C@H]2O)[C@@](C)(OC)C[C@@H](C)C(=O)[C@H](C)[C@H]2N(NCCCc3cccc(Cl)c3)C(=O)O[C@]12C,YMPGKGJNVRFDIB-GZXMRBOCSA-N,,,,broad_macrocycle_pretrain,,,14,True,False,pretrain_train,pretraining_macrocycle; max_phase=None
PREMAC_2ec4e15a1c,ChEMBL_macrocycle_scan,CHEMBL268491,CC[C@H]1OC(=O)[C@H](C)[C@@H](OC(=O)CC(C)C)[C@H](C)[C@@H](OC2O[C@H](C)C[C@H](N(C)C(C)C)[C@H]2O)[C@@](C)(OC)C[C@@H](C)C(=O)[C@H](C)[C@H]2N(CCc3ccc(Cl)cc3)C(=O)O[C@]12C,JQYDSMQGUHAPFD-WXSIESSQSA-N,,,,broad_macrocycle_pretrain,,,14,True,False,pretrain_train,pretraining_macrocycle; max_phase=None
PREMAC_ad6ab1d709,ChEMBL_macrocycle_scan,CHEMBL63436,CC[C@H](C)[C@H]1O[C@]2(C=C[C@@H]1C)C[C@@H]1C[C@@H](C/C=C(\C)[C@@H](O[C@@H]3C[C@@H](OC)[C@H](O[C@@H]4C[C@@H](OC)[C@H](O)[C@@H](C)O4)[C@@H](C)O3)[C@@H](C)/C=C/C=C3\COC4[C@H](O)C(C)=C[C@@H](C(=O)O1)[C@]34O)O2,RRZXIRBKKLTSOM-KCHNCZCCSA-N,,,,broad_macrocycle_pretrain,,,16,True,False,pretrain_train,pretraining_macrocycle; max_phase=None
PREMAC_19c9aec6dd,ChEMBL_macrocycle_scan,CHEMBL32310,CNC(=O)[C@@H]1CCCN(S(=O)(=O)c2ccccc2)CCCCO[C@H](C(=O)NO)[C@@H](CCCc2ccccc2)C(=O)N1,KXPIKWNUKVNKRA-ZNZIZOMTSA-N,,,,broad_macrocycle_pretrain,,,14,True,False,pretrain_train,pretraining_macrocycle; max_phase=None
PREMAC_b51c702bdb,ChEMBL_macrocycle_scan,CHEMBL304675,N=C(N)NCCC[C@@H]1NC(=O)[C@H](Cc2ccccc2)NC(=O)C[S+]([O-])C[C@@H](C(=O)O)NC(=O)[C@H](CC(=O)O)NC(=O)CNC1=O,HBIADZKHMCJYMA-SLIJORJISA-N,,,,broad_macrocycle_pretrain,,,18,True,False,pretrain_train,pretraining_macrocycle; max_phase=None
PREMAC_c053bc5f62,ChEMBL_macrocycle_scan,CHEMBL406195,CC[C@H]1OC(=O)/C(C)=C/[C@H](C)[C@@H](O[C@@H]2O[C@H](C)C[C@H](N(C)C)[C@H]2O)[C@@](C)(OC)C[C@@H](C)C(=O)[C@H](C)[C@H]2N(NCCCc3ccc([N+](=O)[O-])cc3)C(=O)O[C@]12C,MPSCQHRMNFYMLF-ZBEQBWKJSA-N,,,,broad_macrocycle_pretrain,,,14,True,False,pretrain_train,pretraining_macrocycle; max_phase=None
PREMAC_e2a70bf0f4,ChEMBL_macrocycle_scan,CHEMBL293078,CO/C1=C\C(C)=C\[C@@H](C)[C@@H](O)[C@@H](C)C/C(C)=C/C=C/[C@H](OC)[C@@H]([C@@H](C)[C@@H](O)[C@H](C)[C@@]2(O)C[C@@H](OC)[C@H](C)[C@@H](C(C)C)O2)OC1=O,SFLNWFBBCTZPBV-DCOOOOFJSA-N,,,,broad_macrocycle_pretrain,,,16,True,False,pretrain_train,pretraining_macrocycle; max_phase=None
PREMAC_a9bc74763f,ChEMBL_macrocycle_scan,CHEMBL66530,N=C(N)NCCC[C@@H]1NC(=O)CNC(=O)C(c2ccc3ccccc3c2)SC[C@@H](C(=O)O)NC(=O)[C@H](CC(=O)O)NC(=O)CNC1=O,CUNMRDASFORTJM-RBIKLVAFSA-N,,,,broad_macrocycle_pretrain,,,18,True,False,pretrain_train,pretraining_macrocycle; max_phase=None
PREMAC_6375e37b41,ChEMBL_macrocycle_scan,CHEMBL38905,C[C@@H]1NC(=O)CCCCCCC[C@@H](C(=O)O)NC(=O)[C@H](C)NC1=O,BBWRIUCCLCCEBH-SRVKXCTJSA-N,,,,broad_macrocycle_pretrain,,,16,True,False,pretrain_train,pretraining_macrocycle; max_phase=None
PREMAC_46d77df1e3,ChEMBL_macrocycle_scan,CHEMBL385409,C[C@@H](O)[C@H](NC(=O)[C@@H]1CSSC[C@@H](NC(=O)[C@H](N)Cc2ccc(O)cc2)C(=O)N[C@@H](Cc2ccccc2)C(=O)N[C@@H](Cc2c[nH]c3ccccc23)C(=O)N[C@@H](CCCCN)C(=O)N[C@@H]([C@@H](C)O)C(=O)N1)C(N)=O,YMDVFVDSTRVRPC-DDOYJDHJSA-N,,,,broad_macrocycle_pretrain,,,20,True,False,pretrain_train,pretraining_macrocycle; max_phase=None
PREMAC_bcc6936354,ChEMBL_macrocycle_scan,CHEMBL295464,CC(C)CCN(C[C@@H](O)[C@@H]1Cc2ccc(cc2)OCCCCCC(=O)N[C@@H](C(C)C)C(=O)N1)S(=O)(=O)c1ccccc1,NTBVARLSFWGEMB-FLBADVGZSA-N,,,,broad_macrocycle_pretrain,,,17,True,False,pretrain_train,pretraining_macrocycle; max_phase=None
PREMAC_f15e149faa,ChEMBL_macrocycle_scan,CHEMBL386676,C[C@@H](O)[C@H](NC(=O)[C@@H]1CSSC[C@@H](NC(=O)[C@H](N)Cc2ccc(O)cc2)C(=O)N(C)[C@@H](Cc2ccccc2)C(=O)N[C@@H](Cc2c[nH]c3ccccc23)C(=O)N[C@@H](CCCCN)C(=O)N[C@@H]([C@@H](C)O)C(=O)N1)C(N)=O,IYZVLEAIOOUSGP-ARBHAYAYSA-N,,,,broad_macrocycle_pretrain,,,20,True,False,pretrain_train,pretraining_macrocycle; max_phase=None
PREMAC_038dae642a,ChEMBL_macrocycle_scan,CHEMBL285389,Fc1c(F)c(F)c(-c2c3nc(c(-c4c(F)c(F)c(F)c(F)c4F)c4ccc([nH]4)c(-c4c(F)c(F)c(F)c(F)c4F)c4ccc([nH]4)c(-c4c(F)c(F)c(F)c(F)c4F)c4nc2C=C4)C=C3)c(F)c1F,GBAPBSUXEFFUAD-UHFFFAOYSA-N,,,,broad_macrocycle_pretrain,,,16,True,False,pretrain_train,pretraining_macrocycle; max_phase=None
PREMAC_cd5d76840b,ChEMBL_macrocycle_scan,CHEMBL28883,CC[C@H]1OC(=O)[C@H](C)[C@H]2OC3(CCN(c4nc(C)ccc4C#N)CC3)O[C@](C)(C[C@@H](C)CN[C@H](C)[C@@H](O)[C@]1(C)O)[C@H](O[C@@H]1O[C@H](C)CC(N(C)C)[C@H]1O)[C@H]2C,LBQBPNUDPMXAOW-QEMBODDQSA-N,,,,broad_macrocycle_pretrain,,,15,True,False,pretrain_train,pretraining_macrocycle; max_phase=None
PREMAC_aff6c38983,ChEMBL_macrocycle_scan,CHEMBL18154,c1ccc2c(CN3CCCNCCNCCCNCC3)cc(CN3CCCNCCNCCCNCC3)nc2c1,PYNBEBNAZATNTP-UHFFFAOYSA-N,,,,broad_macrocycle_pretrain,,,14,True,False,pretrain_train,pretraining_macrocycle; max_phase=None
PREMAC_6d0b6e86f6,ChEMBL_macrocycle_scan,CHEMBL298584,C#C[C@@]1(O)[C@H](C)O[C@@H](O[C@H]2[C@H](C)[C@@H](O[C@@H]3O[C@H](C)C[C@H](N(C)C)[C@H]3O)[C@](C)(O)C[C@@H](C)CN[C@H](C)[C@@H](O)[C@](C)(O)[C@@H](CC)OC(=O)[C@@H]2C)C[C@@]1(C)OC,IUFHPVGTYKEOQQ-VSYZXMJYSA-N,,,,broad_macrocycle_pretrain,,,15,True,False,pretrain_train,pretraining_macrocycle; max_phase=None
PREMAC_1a36178fe6,ChEMBL_macrocycle_scan,CHEMBL296502,CC[C@H]1OC(=O)C[C@@H](O)[C@H](C)[C@@H](O[C@@H]2O[C@H](C)[C@@H](O[C@H]3C[C@@](C)(O)[C@@H](O)[C@H](C)O3)[C@H](N(C)C)[C@H]2O)[C@@H](CCO)C[C@@H](C)C(=O)/C=C/C(C)=C/[C@@H]1C,FRYNZEWZACWWMQ-FYXRSSPKSA-N,,,,broad_macrocycle_pretrain,,,16,True,False,pretrain_train,pretraining_macrocycle; max_phase=None
PREMAC_a2cfcb024e,ChEMBL_macrocycle_scan,CHEMBL290688,CC[C@H]1OC(=O)[C@H](C)[C@@H](O[C@H]2C[C@@](C)(OC)[C@@H](O)[C@H](C)O2)[C@H](C)[C@@H](O[C@@H]2O[C@H](C)C[C@H](N(C)C)[C@H]2O)[C@](C)(O)C[C@@H](C)[C@@H](n2cccc2)[C@H](C)[C@@H](O)[C@]1(C)O,YILYMIPTRHJLQO-AIVRPSHGSA-N,,,,broad_macrocycle_pretrain,,,14,True,False,pretrain_train,pretraining_macrocycle; max_phase=None
PREMAC_6ef12151cc,ChEMBL_macrocycle_scan,CHEMBL532,CC[C@H]1OC(=O)[C@H](C)[C@@H](O[C@H]2C[C@@](C)(OC)[C@@H](O)[C@H](C)O2)[C@H](C)[C@@H](O[C@@H]2O[C@H](C)C[C@H](N(C)C)[C@H]2O)[C@](C)(O)C[C@@H](C)C(=O)[C@H](C)[C@@H](O)[C@]1(C)O,ULGZDMOVFRHVEP-RWJQBGPGSA-N,,,,broad_macrocycle_pretrain,,,14,True,False,pretrain_train,pretraining_macrocycle; max_phase=4.0
PREMAC_c1e95a9bbc,ChEMBL_macrocycle_scan,CHEMBL66922,CC(C)[C@@H]1NC(=O)c2ccc(s2)CNC(=O)[C@H](CC(=O)O)NC(=O)CNC(=O)[C@H](CCCN=C(N)N)N(C)C1=O,RQNVVDHZBQHVQM-DOXZYTNZSA-N,,,,broad_macrocycle_pretrain,,,18,True,False,pretrain_train,pretraining_macrocycle; max_phase=None
PREMAC_d0078a9eea,ChEMBL_macrocycle_scan,CHEMBL438471,C[C@@H](O)[C@H](NC(=O)[C@@H]1CSSC[C@@H](NC(=O)[C@H](N)Cc2ccc(O)cc2)C(=O)N[C@@H](Cc2ccccc2)C(=O)N(C)[C@@H](Cc2c[nH]c3ccccc23)C(=O)N[C@@H](CCCCN)C(=O)N[C@@H]([C@@H](C)O)C(=O)N1)C(N)=O,LJUHWXKBOZQLDN-ICTGKNHMSA-N,,,,broad_macrocycle_pretrain,,,20,True,False,pretrain_train,pretraining_macrocycle; max_phase=None
PREMAC_e73264d0ef,ChEMBL_macrocycle_scan,CHEMBL42559,CC1COc2c(N3CCN(C)CC3)c(F)cc3c2N1CC(C(=O)NCC(=O)Nc1ccc2c(c1)C(=O)NCCC(=O)N[C@@H](CCN)C(=O)N[C@H](Cc1ccc(O)cc1)CO2)C3=O,IJLCZTUVYSZHIT-IYCRIUIKSA-N,,,,broad_macrocycle_pretrain,,,14,True,False,pretrain_train,pretraining_macrocycle; max_phase=None
PREMAC_ea84a6a24d,ChEMBL_macrocycle_scan,CHEMBL55768,CO/C1=C\C(C)=C\[C@@H](C)C(=O)[C@@H](C)C/C(C)=C/C=C/[C@H](OC)[C@@H]([C@@H](C)[C@@H](O)[C@H](C)C(=O)O)OC1=O,KVGSCPQRSTYYNA-HOFZHQQKSA-N,,,,broad_macrocycle_pretrain,,,16,True,False,pretrain_train,pretraining_macrocycle; max_phase=None
PREMAC_23930615e1,ChEMBL_macrocycle_scan,CHEMBL288994,CC[C@H]1OC(=O)/C(C)=C/[C@H](C)[C@@H](O[C@@H]2O[C@H](C)C[C@H](N(C)C)[C@H]2O)[C@@](C)(OC)C[C@@H](C)C(=O)[C@H](C)[C@H]2N(CCCOc3ccc4ccccc4c3)C(=O)O[C@]12C,OXKPWSNFUCVQNJ-IAPMAQBLSA-N,,,,broad_macrocycle_pretrain,,,14,True,False,pretrain_train,pretraining_macrocycle; max_phase=None
PREMAC_4beeab91f8,ChEMBL_macrocycle_scan,CHEMBL29145,CC[C@H]1OC(=O)[C@H](C)[C@H]2OC3(CCN(c4nccc(C(F)(F)F)n4)CC3)O[C@](C)(C[C@@H](C)CN(C)[C@H](C)[C@@H](O)[C@]1(C)O)[C@H](O[C@@H]1O[C@H](C)CC(N(C)C)[C@H]1O)[C@H]2C,UTYXGTGZKPBVNC-GHYCCBSTSA-N,,,,broad_macrocycle_pretrain,,,15,True,False,pretrain_train,pretraining_macrocycle; max_phase=None
PREMAC_0ad40d9f52,ChEMBL_macrocycle_scan,CHEMBL44949,CC[C@H]1OC(=O)C[C@@H](O)[C@H](C)[C@@H](O[C@@H]2O[C@H](C)[C@@H](O)[C@H](N(C)C)[C@H]2O)[C@@H](CC=O)C[C@@H](C)C(=O)/C=C/C(C)=C/[C@@H]1CO,WGUJDBLMJBJUQU-VKRLOHBMSA-N,,,,broad_macrocycle_pretrain,,,16,True,False,pretrain_train,pretraining_macrocycle; max_phase=None
PREMAC_fe26f0be35,ChEMBL_macrocycle_scan,CHEMBL405099,CC[C@H](C)[C@H]1O[C@]2(C=C[C@@H]1C)C[C@@H]1C[C@@H](C/C=C(\C)[C@@H](O[C@@H]3C[C@@H](OC)[C@H](O[C@@H]4C[C@@H](OC)[C@H](O)[C@@H](C)O4)[C@@H](C)O3)[C@@H](C)/C=C/C(Sc3ccccc3)[C@]3(O)COC4[C@H](O)C(C)=C[C@@H](C(=O)O1)[C@@]43O)O2,POFJIDQEKCLOLL-XIRZEQFZSA-N,,,,broad_macrocycle_pretrain,,,16,True,False,pretrain_train,pretraining_macrocycle; max_phase=None
PREMAC_b9eeca0e23,ChEMBL_macrocycle_scan,CHEMBL40960,COC(=O)[C@@H]1CSCc2c(O)cc(O)c(C)c2C(=O)OC[C@H](NC(C)=O)C(=O)N1,SKNPMWFVVSRGRN-RYUDHWBXSA-N,,,,broad_macrocycle_pretrain,,,12,True,False,pretrain_train,pretraining_macrocycle; max_phase=None
PREMAC_221ecb300d,ChEMBL_macrocycle_scan,CHEMBL62562,NCCCC[C@@H]1NC(=O)CSC[C@@H](C(=O)O)NC(=O)[C@H](CC(=O)O)NC(=O)CNC(=O)[C@H](CCCN=C(N)N)NC1=O,LIVJMKKGGBCAKD-AJNGGQMLSA-N,,,,broad_macrocycle_pretrain,,,18,True,False,pretrain_train,pretraining_macrocycle; max_phase=None
PREMAC_3a4f950f07,ChEMBL_macrocycle_scan,CHEMBL386537,CC[C@H]1OC(=O)[C@H](C)[C@@H](O[C@H]2C[C@@](C)(OC)[C@@H](n3cccc3)[C@H](C)O2)[C@H](C)[C@@H](O[C@@H]2O[C@H](C)C[C@H](N(C)C)[C@H]2OC(=O)OCC2c3ccccc3-c3ccccc32)[C@](C)(O)C[C@@H](C)N(C)C[C@H](C)[C@@H](O)[C@]1(C)O,FNNZIUYWFJVOGB-VOUWWOLMSA-N,,,,broad_macrocycle_pretrain,,,15,True,False,pretrain_train,pretraining_macrocycle; max_phase=None
PREMAC_b3b5661356,ChEMBL_macrocycle_scan,CHEMBL45242,CC[C@H]1OC(=O)/C(C)=C/[C@H](C)[C@@H](O[C@@H]2O[C@H](C)C[C@H](N(C)C)[C@H]2O)[C@@](C)(OC)C[C@@H](C)C(=O)[C@H](C)[C@H]2N(NCCCc3ccc(NC(C)=O)cc3)C(=O)O[C@]12C,QHPGGSVBIGOWFL-JSPAPWSBSA-N,,,,broad_macrocycle_pretrain,,,14,True,False,pretrain_train,pretraining_macrocycle; max_phase=None
PREMAC_807017a956,ChEMBL_macrocycle_scan,CHEMBL288132,CC(C)C[C@H]1NC(=O)CNC(=O)[C@@H](Cc2ccccc2)NC(=O)[C@H](Cc2ccccc2)NC(=O)[C@@H](N)CSSC[C@H](C(N)=O)NC1=O,XZLHONYJXKUTCO-FMTGGWRCSA-N,,,,broad_macrocycle_pretrain,,,20,True,False,pretrain_train,pretraining_macrocycle; max_phase=None
PREMAC_43bb12b794,ChEMBL_macrocycle_scan,CHEMBL288202,C[C@@H]1NC(=O)CCCCCC[C@H](C(=O)O)NC(=O)[C@H](C)NC1=O,VVYAQBKHUJSQSM-GARJFASQSA-N,,,,broad_macrocycle_pretrain,,,15,True,False,pretrain_train,pretraining_macrocycle; max_phase=None
PREMAC_b4177d28a1,ChEMBL_macrocycle_scan,CHEMBL298022,CC[C@H]1OC(=O)/C(C)=C/[C@H](C)[C@@H](O[C@@H]2O[C@H](C)C[C@H](N(C)C)[C@H]2O)[C@@](C)(OC)C[C@@H](C)C(=O)[C@H](C)[C@H]2N(NCc3ccc(C#N)cc3)C(=O)O[C@]12C,LWMDBGAHYLUEBN-PABJEWGFSA-N,,,,broad_macrocycle_pretrain,,,14,True,False,pretrain_train,pretraining_macrocycle; max_phase=None
PREMAC_1ae839b36a,ChEMBL_macrocycle_scan,CHEMBL312107,CC[C@H]1OC(=O)[C@H](C)[C@H]2OC3(CCN(CCc4ccccc4)CC3)O[C@](C)(C[C@@H](C)CN(C)[C@H](C)[C@@H](O)[C@]1(C)O)[C@H](O[C@@H]1O[C@H](C)C[C@H](N(C)C)[C@H]1O)[C@H]2C,LTDUWSVZCRLCMO-QZVBMDDZSA-N,,,,broad_macrocycle_pretrain,,,15,True,False,pretrain_train,pretraining_macrocycle; max_phase=None
PREMAC_5db1dc5715,ChEMBL_macrocycle_scan,CHEMBL33699,C[C@H]1CCC/C=C\[C@@H]2CC(=O)C[C@H]2[C@H](O)/C=C/C(=O)O1,IKUWMGOXYQGWPC-XMQDBXQUSA-N,,,,broad_macrocycle_pretrain,,,13,True,False,pretrain_train,pretraining_macrocycle; max_phase=None
PREMAC_1881d79c94,ChEMBL_macrocycle_scan,CHEMBL312774,CC[C@H]1OC(=O)[C@H](C)[C@H]2OC3(CCN(C(=O)c4ccoc4)CC3)O[C@](C)(C[C@@H](C)CN[C@H](C)[C@@H](O)[C@]1(C)O)[C@H](O[C@@H]1O[C@H](C)C[C@H](N(C)C)[C@H]1O)[C@H]2C,OERHZWDWJGLIPH-TUJWLOJGSA-N,,,,broad_macrocycle_pretrain,,,15,True,False,pretrain_train,pretraining_macrocycle; max_phase=None
PREMAC_cfc349c457,ChEMBL_macrocycle_scan,CHEMBL281813,CC(C)C[C@@H]1NC(=O)CSC[C@@H](C(=O)O)NC(=O)[C@H](CC(=O)O)NC(=O)CNC(=O)[C@H](CCCN=C(N)N)NC1=O,ZVWYSDIQMZGYAI-AJNGGQMLSA-N,,,,broad_macrocycle_pretrain,,,18,True,False,pretrain_train,pretraining_macrocycle; max_phase=None
PREMAC_86e4673404,ChEMBL_macrocycle_scan,CHEMBL12913,COc1ccc(C[C@H]2NC(=O)/C=C/C[C@@H](C(C#Cc3ccccc3)OS(C)(=O)=O)OC(=O)[C@H](CC(C)C)OC(=O)CCNC2=O)cc1,NFOBEDHKQVAAEV-QZSLFNDASA-N,,,,broad_macrocycle_pretrain,,,16,True,False,pretrain_train,pretraining_macrocycle; max_phase=None
PREMAC_b306ab69b3,ChEMBL_macrocycle_scan,CHEMBL412705,C[C@H]1NC(=O)CNC(=O)[C@H](Cc2ccc(O)cc2)NC(=O)[C@H](NC(=O)[C@@H](N)Cc2ccc(O)cc2)C(C)(C)SSC[C@H](C(=O)N[C@@H](CCCCN)C(=O)N[C@@H](CCCCN)C(N)=O)NC(=O)[C@@H](Cc2ccccc2)NC1=O,LXEOWPKRALGMPD-DKUYPLRSSA-N,,,,broad_macrocycle_pretrain,,,20,True,False,pretrain_train,pretraining_macrocycle; max_phase=None
PREMAC_a6943a6309,ChEMBL_macrocycle_scan,CHEMBL385745,C[C@@H](O)[C@@H]1NC(=O)[C@H](CCCCN)NC(=O)[C@@H](Cc2c[nH]c3ccccc23)NC(=O)[C@H](Cc2ccccn2)NC(=O)[C@@H](NC(=O)[C@@H](N)Cc2ccc(Cl)cc2)CSSC[C@@H](C(=O)N[C@@H](Cc2ccc3ccccc3c2)C(N)=O)NC1=O,GCUVZFXQQBLWJG-KITQEZLCSA-N,,,,broad_macrocycle_pretrain,,,20,True,False,pretrain_train,pretraining_macrocycle; max_phase=None
PREMAC_ae4c14197a,ChEMBL_macrocycle_scan,CHEMBL307614,C[C@@H](c1ccc(O)cc1)[C@@H](N)C(=O)N[C@H]1C(=O)NCC(=O)N[C@@H](Cc2ccccc2)C(=O)N[C@@H](C(=O)O)C(C)(C)SSC1(C)C,ABAHQIMHTWGRPU-OUZCYRFOSA-N,,,,broad_macrocycle_pretrain,,,14,True,False,pretrain_train,pretraining_macrocycle; max_phase=None
PREMAC_41cd289fdb,ChEMBL_macrocycle_scan,CHEMBL310789,CC[C@H]1OC(=O)[C@H](C)[C@H]2OC3(CCN(CCc4ccoc4)CC3)O[C@](C)(C[C@@H](C)CN(C)[C@H](C)[C@@H](O)[C@]1(C)O)[C@H](O[C@@H]1O[C@H](C)C[C@H](N(C)C)[C@H]1O)[C@H]2C,JNVRIQHUWBKOQP-OVKFHSAPSA-N,,,,broad_macrocycle_pretrain,,,15,True,False,pretrain_train,pretraining_macrocycle; max_phase=None
PREMAC_c24c522dbd,ChEMBL_macrocycle_scan,CHEMBL288797,CC1COc2c(N3CCN(C)CC3)c(F)cc3c2N1CC(C(=O)Nc1ccc2c(c1)C(=O)NCCC(=O)N[C@@H](CCN)C(=O)N[C@H](Cc1ccc(O)cc1)CO2)C3=O,YKRNWEMYEHTWEP-PGZSXTLXSA-N,,,,broad_macrocycle_pretrain,,,14,True,False,pretrain_train,pretraining_macrocycle; max_phase=None
PREMAC_61d673b78e,ChEMBL_macrocycle_scan,CHEMBL38010,CCn1cc(C(=O)Nc2ccc3c(c2)C(=O)NCCC(=O)N[C@H](CCN)C(=O)N[C@H](Cc2ccccc2)CO3)c(=O)c2ccc(C)nc21,FBNQLZUCWMSTKD-UFHPHHKVSA-N,,,,broad_macrocycle_pretrain,,,14,True,False,pretrain_train,pretraining_macrocycle; max_phase=None
PREMAC_f23ebc2bd7,ChEMBL_macrocycle_scan,CHEMBL294895,O=C(NC(Cc1ccccc1)C(O)CN1CCCC/C=C/CCCCCCC(c2ccccc2)OC1=O)O[C@H]1CO[C@H]2OCC[C@H]21,PUNIEWFKHFDVJS-VDNBADRDSA-N,,,,broad_macrocycle_pretrain,,,16,True,False,pretrain_train,pretraining_macrocycle; max_phase=None
PREMAC_8c463a7ac7,ChEMBL_macrocycle_scan,CHEMBL310571,C/C1=C\C(=O)OC[C@]23CC[C@@]4(C)O[C@H]4[C@H]2O[C@@H]2C[C@@H](OC(=O)/C=C\C=C\C(=O)OCC1)[C@@]3(C)C21CO1,YCFUTMSJGAOBRU-OXFPLJKISA-N,,,,broad_macrocycle_pretrain,,,18,True,False,pretrain_train,pretraining_macrocycle; max_phase=None
PREMAC_77e1f91a6b,ChEMBL_macrocycle_scan,CHEMBL312413,CC(=O)O[C@@H]1[C@@H](OC(C)=O)C(C)(C)/C=C/[C@H](C)C(=O)[C@@]2(OC(C)=O)C[C@@H](C)[C@H](OC(=O)c3ccccc3)/C2=C\[C@](C)(OC(C)=O)[C@@H]1OC(C)=O,HXMJADWUMPWCNP-MZXQJPLRSA-N,,,,broad_macrocycle_pretrain,,,12,True,False,pretrain_train,pretraining_macrocycle; max_phase=None
PREMAC_7f8e740bf6,ChEMBL_macrocycle_scan,CHEMBL294511,O=C(NC(Cc1ccccc1)C(O)CN1CCCCCCCCCCCCC(c2ccccc2)OC1=O)O[C@H]1CO[C@H]2OCC[C@H]21,GLFPRWXZXNFWRU-FAMQDRCSSA-N,,,,broad_macrocycle_pretrain,,,16,True,False,pretrain_train,pretraining_macrocycle; max_phase=None
PREMAC_cb9dad4697,ChEMBL_macrocycle_scan,CHEMBL277305,COC1CC(OC2C(C)OC(O[C@@H]3/C(C)=C/C[C@@H]4C[C@@H](C[C@]5(CC(O)[C@H](C)[C@@H](C(C)C)O5)O4)OC(=O)[C@@H]4C=C(C)[C@@H](O)[C@H]5OC/C(=C\C=C\[C@@H]3C)[C@]54O)CC2OC)OC(C)C1O,ZPAKHHSWIYDSBJ-QDXJZMFISA-N,,,,broad_macrocycle_pretrain,,,16,True,False,pretrain_train,pretraining_macrocycle; max_phase=None
PREMAC_ff55afcf8c,ChEMBL_macrocycle_scan,CHEMBL404595,CC(=O)N[C@H]1C(=O)N[C@H](Cc2ccc3ccccc3c2)C(=O)NCC(=O)N[C@@H](CO)C(=O)N[C@H](Cc2ccccc2)C(=O)N[C@@H](C(=O)N[C@@H](CCCCN)C(=O)N[C@@H](CCCN=C(N)N)C(N)=O)CSSC1(C)C,RLMDVJMHWZVFEI-LNZYVXNRSA-N,,,,broad_macrocycle_pretrain,,,20,True,False,pretrain_train,pretraining_macrocycle; max_phase=None
PREMAC_f99c04ff26,ChEMBL_macrocycle_scan,CHEMBL385283,CNCC(=O)N[C@@H](CCCN=C(N)N)C(=O)N[C@H]1CCSS[C@@H]2C[C@@H](C(=O)N[C@@H](Cc3c[nH]cn3)C(=O)N3CCC[C@H]3C(=O)N[C@@H](Cc3ccccc3)C(=O)O)N(C2)C(=O)[C@H](Cc2ccc(O)cc2)NC1=O,MZBJHWJCYUAEBH-LTGHFUFGSA-N,,,,broad_macrocycle_pretrain,,,12,True,False,pretrain_train,pretraining_macrocycle; max_phase=None
PREMAC_13477262bd,ChEMBL_macrocycle_scan,CHEMBL53037,N#Cc1ccc2cc1Oc1ccc3cccc(c3c1)C(=O)NCCCNCc1cncn1C2,AFXXVFSLJYLSOC-UHFFFAOYSA-N,,,,broad_macrocycle_pretrain,,,18,True,False,pretrain_train,pretraining_macrocycle; max_phase=None
PREMAC_ba48043973,ChEMBL_macrocycle_scan,CHEMBL34926,COc1cc(O)c2c(c1C)C(=O)O[C@H](CO)CCC/C(S)=N/[C@H](c1nc(C)no1)CSC2,ORFLHHVSQCYYAM-ZFWWWQNUSA-N,,,,broad_macrocycle_pretrain,,,14,True,False,pretrain_train,pretraining_macrocycle; max_phase=None
PREMAC_4944b00b96,ChEMBL_macrocycle_scan,CHEMBL41547,CC(=O)N[C@@H](Cc1ccccc1)C(=O)N[C@H]1CCCNC(=O)[C@H](CCCN=C(N)N)NC(=O)[C@H](Cc2c[nH]c3ccccc23)NC(=O)[C@@H](CC2CCCCC2)NC(=O)[C@@H]2CCCN2C1=O,YOKBGCTZYPOSQM-HPSWDUTRSA-N,,,,broad_macrocycle_pretrain,,,18,True,False,pretrain_train,pretraining_macrocycle; max_phase=None
PREMAC_452a1b0575,ChEMBL_macrocycle_scan,CHEMBL307633,CCCCCC[C@H]1OC(=O)CNC(=O)[C@@H]([C@@H](C)O)NC(=O)[C@H](CO)NC(=O)[C@H]([C@H](C)CC)NC(=O)[C@H](CC(C)C)N(C)C(=O)[C@@H]1C,VFGBXFZXJAWPOE-IVTUMIKZSA-N,,,,broad_macrocycle_pretrain,,,19,True,False,pretrain_train,pretraining_macrocycle; max_phase=None
PREMAC_7628a8539a,ChEMBL_macrocycle_scan,CHEMBL32487,C=C1/C=C(\C)[C@H](CC)OC(=O)[C@H](C)C(=O)[C@@](O)(CO)C/C(OCC(F)(F)F)=C/[C@@H](C)C1,CMYWCROCUXHVPA-JHLWGXAASA-N,,,,broad_macrocycle_pretrain,,,14,True,False,pretrain_train,pretraining_macrocycle; max_phase=None
PREMAC_3c3170598b,ChEMBL_macrocycle_scan,CHEMBL286488,CC[C@H]1OC(=O)[C@H](C)[C@H]2OC3(CCN(c4ncc(C(=O)OCc5ccccc5)c(C(F)(F)F)n4)CC3)O[C@](C)(C[C@@H](C)CN(C)[C@H](C)[C@@H](O)[C@]1(C)O)[C@H](O[C@@H]1O[C@H](C)CC(N(C)C)[C@H]1O)[C@H]2C,OGCFBHXAVQWYEQ-BTFFZBOASA-N,,,,broad_macrocycle_pretrain,,,15,True,False,pretrain_train,pretraining_macrocycle; max_phase=None
PREMAC_1222a009e7,ChEMBL_macrocycle_scan,CHEMBL75562,C[C@@](O)(C(=O)Nc1ccc(S(=O)(=O)NC2CCCCCCCCCCC2)cc1Cl)C(F)(F)F,OVUREOQFPBNHNM-OAQYLSRUSA-N,,,,broad_macrocycle_pretrain,,,12,True,False,pretrain_train,pretraining_macrocycle; max_phase=None
PREMAC_1bcc3e4fe3,ChEMBL_macrocycle_scan,CHEMBL25266,CCCCCCNC(=O)CC[C@@H]1c2nc(cc3[nH]c(cc4[nH]c(cc5nc6c2C(=O)N(CCCCCC)C(=O)C6=C5C)c(CC)c4C)c(C(C)OC)c3C)[C@H]1C,BRYGOOAIRSPUKO-KHLAINANSA-N,,,,broad_macrocycle_pretrain,,,16,True,False,pretrain_train,pretraining_macrocycle; max_phase=None
PREMAC_5f2ca2a157,ChEMBL_macrocycle_scan,CHEMBL262393,COC(=O)C(=O)O[C@H]1CC/C(C)=C\CC[C@]2(C)[C@@H]([C@H](C)CCCC(C)C)CC[C@H]2c2ccc(cc2C(=O)O)C1,DUVJAQMZHPJJOW-CKSMOQTFSA-N,,,,broad_macrocycle_pretrain,,,14,True,False,pretrain_train,pretraining_macrocycle; max_phase=None
PREMAC_cac9a65bd5,ChEMBL_macrocycle_scan,CHEMBL63407,NC(=O)[C@@H]1CC(=O)NCCC[C@@H](NC(=O)[C@@H](N)Cc2ccc(O)cc2)C(=O)N[C@@H](Cc2ccccc2)C(=O)N1,HNDAPGXWFDLKOJ-LRSLUSHPSA-N,,,,broad_macrocycle_pretrain,,,13,True,False,pretrain_train,pretraining_macrocycle; max_phase=None
PREMAC_96554f8dec,ChEMBL_macrocycle_scan,CHEMBL80408,Cc1cn(C2CC(N=[N+]=[N-])C(COC(=O)CCCCN3CCCN(Cc4ccc(CN5CCCNCCNCCCNCC5)cc4)CCNCCCNCC3)O2)c(=O)[nH]c1=O,SXMZHJOAJMRALF-UHFFFAOYSA-N,,,,broad_macrocycle_pretrain,,,14,True,False,pretrain_train,pretraining_macrocycle; max_phase=None
PREMAC_b0d2be814c,ChEMBL_macrocycle_scan,CHEMBL408752,C[C@@H](O)[C@H](NC(=O)[C@@H]1CSSC[C@@H](NC(=O)[C@H](N)Cc2ccccc2)C(=O)N[C@@H](Cc2ccccc2)C(=O)N[C@@H](Cc2c[nH]c3ccccc23)C(=O)N[C@@H](CCCCN)C(=O)N[C@@H]([C@@H](C)O)C(=O)N1)C(N)=O,SGYDRBBPYPDBRO-LAZRLQHVSA-N,,,,broad_macrocycle_pretrain,,,20,True,False,pretrain_train,pretraining_macrocycle; max_phase=None
PREMAC_a030149d51,ChEMBL_macrocycle_scan,CHEMBL8751,CC[C@H]1OC(=O)CC(O)[C@H](C)[C@@H](O[C@@H]2O[C@H](C)C[C@H](N(C)C)[C@H]2O)[C@@H](CCN2CCN(C)CC2)C[C@@H](C)C(=O)/C=C/C(C)=C/[C@@H]1C,DIPKZMVRMYRQGW-UCOAPUMWSA-N,,,,broad_macrocycle_pretrain,,,16,True,False,pretrain_train,pretraining_macrocycle; max_phase=None
PREMAC_b36fdb769d,ChEMBL_macrocycle_scan,CHEMBL291450,COC(=O)[C@@H](C)[C@H](O)[C@H](C)[C@H]1OC(=O)/C(OC)=C/C(C)=C/[C@@H](C)C(=O)[C@@H](C)C/C(C)=C/C=C/[C@@H]1OC,ITSKLXWMGLTEBT-VRQQIVQTSA-N,,,,broad_macrocycle_pretrain,,,16,True,False,pretrain_train,pretraining_macrocycle; max_phase=None
PREMAC_aa5feb9741,ChEMBL_macrocycle_scan,CHEMBL289114,CC[C@H]1OC(=O)C[C@@H](O)[C@H](C)[C@@H](O[C@@H]2O[C@H](C)[C@@H](O)[C@H](N(C)C)[C@H]2O)[C@@H](CCOc2ccc(CO)cc2)C[C@@H](C)C(=O)/C=C/C(C)=C/[C@@H]1CO[C@@H]1O[C@H](C)[C@@H](O)[C@@H](OC)[C@H]1OC,OJGFVXWZCXNKGP-RDPGEPDGSA-N,,,,broad_macrocycle_pretrain,,,16,True,False,pretrain_train,pretraining_macrocycle; max_phase=None
PREMAC_6e3f12b7ac,ChEMBL_macrocycle_scan,CHEMBL441792,CC[C@H]1OC(=O)[C@H](C)[C@@H](O[C@H]2C[C@@](C)(OC)[C@@](O)(CCCOC)[C@H](C)O2)[C@H](C)[C@@H](O[C@@H]2O[C@H](C)C[C@H](N(C)C)[C@H]2O)[C@](C)(O)C[C@@H](C)CN[C@H](C)[C@@H](O)[C@]1(C)O,BHNUBZZBRFUVHZ-GQOMQJQLSA-N,,,,broad_macrocycle_pretrain,,,15,True,False,pretrain_train,pretraining_macrocycle; max_phase=None
PREMAC_d8fa7f2782,ChEMBL_macrocycle_scan,CHEMBL297562,CC[C@H]1OC(=O)C[C@@H](O)[C@H](C)[C@@H](O[C@@H]2O[C@H](C)[C@@H](O)[C@H](N(C)C)[C@H]2O)[C@@H](CCS(=O)(=O)c2ccc(C)cc2)C[C@@H](C)C(=O)/C=C/C(C)=C/[C@@H]1CO[C@@H]1O[C@H](C)[C@@H](O)[C@@H](OC)[C@H]1OC,GGIGPAJZRZPPLC-ZDGISEQISA-N,,,,broad_macrocycle_pretrain,,,16,True,False,pretrain_train,pretraining_macrocycle; max_phase=None
PREMAC_5076201d0b,ChEMBL_macrocycle_scan,CHEMBL436783,C[C@@H](O)[C@H](NC(=O)[C@@H]1CSC[C@@H](NC(=O)[C@H](N)Cc2ccccc2)C(=O)N[C@H](Cc2ccccc2)C(=O)N[C@@H](Cc2c[nH]c3ccccc23)C(=O)N[C@H](CCCCN)C(=O)N[C@@H]([C@@H](C)O)C(=O)N1)C(N)=O,DTIUHIDPXKIHMG-MNTGUQQXSA-N,,,,broad_macrocycle_pretrain,,,19,True,False,pretrain_train,pretraining_macrocycle; max_phase=None
PREMAC_bdcbd21f7f,ChEMBL_macrocycle_scan,CHEMBL282791,COOC1(OOC)CCCCCCCCCCC1,BWTFMCVEAMKISX-UHFFFAOYSA-N,,,,broad_macrocycle_pretrain,,,12,True,False,pretrain_train,pretraining_macrocycle; max_phase=None
PREMAC_181f9be3d5,ChEMBL_macrocycle_scan,CHEMBL303418,NC(=O)[C@@H]1CC(=O)NCCC[C@@H](NC(=O)[C@@H](N)Cc2ccc(O)cc2)C(=O)N[C@@H](Cc2ccc([N+](=O)[O-])cc2)C(=O)N1,YHLQBUMFTKANHO-LRSLUSHPSA-N,,,,broad_macrocycle_pretrain,,,13,True,False,pretrain_train,pretraining_macrocycle; max_phase=None
PREMAC_aec72edfa8,ChEMBL_macrocycle_scan,CHEMBL294120,O=C1NC(=O)C2=C1c1cn(c3ccccc13)CCCOC(CO)CCn1cc2c2ccccc21,XIFXMAQLEGCDQV-UHFFFAOYSA-N,,,,broad_macrocycle_pretrain,,,15,True,False,pretrain_train,pretraining_macrocycle; max_phase=None
PREMAC_c174d05645,ChEMBL_macrocycle_scan,CHEMBL12415,O=NN(CCCl)C(=O)NC1CCCCCCCCCCC1,GTKDEBRRAOOCCY-UHFFFAOYSA-N,,,,broad_macrocycle_pretrain,,,12,True,False,pretrain_train,pretraining_macrocycle; max_phase=None
PREMAC_14b4560761,ChEMBL_macrocycle_scan,CHEMBL56572,CO/C1=C\C(C)=C\[C@@H](C)[C@@H](O)[C@@H](C)C/C(C)=C/C=C/[C@H](OC)[C@@H]([C@@H](C)[C@@H](O)[C@H](C)[C@@]2(O)C[C@@H](C(=O)OCN)[C@H](C)[C@@H](C(C)C)O2)OC1=O,OAIWCCGLGIZHLA-QSUUEFFESA-N,,,,broad_macrocycle_pretrain,,,16,True,False,pretrain_train,pretraining_macrocycle; max_phase=None
PREMAC_985b3163ed,ChEMBL_macrocycle_scan,CHEMBL277196,CCCCCCNC(=O)CC[C@@H]1c2nc(cc3[nH]c(cc4[nH]c(cc5nc6c2C(=O)N(CCCCCC)C(=O)C6=C5C)c(CC)c4C)c(C(C)OCCC)c3C)[C@H]1C,WLKMKSYZWQCXSV-SVNOLVIHSA-N,,,,broad_macrocycle_pretrain,,,16,True,False,pretrain_train,pretraining_macrocycle; max_phase=None
PREMAC_5a910ae335,ChEMBL_macrocycle_scan,CHEMBL436149,N=C(N)NCCC[C@H]1NC(=O)[C@@H]2CCCN2C(=O)[C@@H](NC=O)CNC(=O)/C=C/C(Cc2ccc(O)cc2)NC(=O)[C@@H](Cc2ccccc2)NC(=O)C1=O,CDWXSPKJKIUEQF-BODGWVRKSA-N,,,,broad_macrocycle_pretrain,,,19,True,False,pretrain_train,pretraining_macrocycle; max_phase=None
PREMAC_0e28caf0e5,ChEMBL_macrocycle_scan,CHEMBL46420,CC[C@H]1OC(=O)C[C@@H](O)[C@H](C)[C@@H](O[C@@H]2O[C@H](C)[C@@H](O)[C@H](N(C)C)[C@H]2O)[C@@H](CCF)C[C@@H](C)C(=O)/C=C/C(C)=C/[C@@H]1CO[C@@H]1O[C@H](C)[C@@H](O)[C@@H](OC)[C@H]1OC,VQBLBIOTCFGJTG-NLGRAQRVSA-N,,,,broad_macrocycle_pretrain,,,16,True,False,pretrain_train,pretraining_macrocycle; max_phase=None
PREMAC_4c7c6c2ce9,ChEMBL_macrocycle_scan,CHEMBL434022,CO[C@H]1/C=C\C=C(/C)C(=O)NC2=CC(=O)C(NCC(O)CN)=C(C[C@@H](C)C[C@H](OC)[C@H](O)[C@@H](C)/C=C(\C)[C@@H]1OC(N)=O)C2=O,WVQGADVJMWSIEK-AXONLCQGSA-N,,,,broad_macrocycle_pretrain,,,19,True,False,pretrain_train,pretraining_macrocycle; max_phase=None
PREMAC_c0501c6144,ChEMBL_macrocycle_scan,CHEMBL301578,C=C(C)[C@H]1C[C@H](OC(C)=O)C2=C[C@@H](C[C@]3(C)O[C@H]3c3cc(C)c(o3)[C@@H]1OC(C)=O)OC2=O,BSRQZDCQSDYEKJ-SQDRVSCESA-N,,,,broad_macrocycle_pretrain,,,13,True,False,pretrain_train,pretraining_macrocycle; max_phase=None
PREMAC_41859325b2,ChEMBL_macrocycle_scan,CHEMBL287813,CC[C@H]1OC(=O)C[C@@H](O)[C@H](C)[C@H]2OCC[C@H]2C[C@@H](C)C(=O)/C=C/C(C)=C/[C@@H]1CO[C@@H]1O[C@H](C)[C@@H](O)[C@@H](OC)[C@H]1OC,LWRJNIIJGWPGTQ-ADIANQOJSA-N,,,,broad_macrocycle_pretrain,,,16,True,False,pretrain_train,pretraining_macrocycle; max_phase=None
PREMAC_bc2d713a58,ChEMBL_macrocycle_scan,CHEMBL296337,CC[C@H]1OC(=O)C[C@@H](O)[C@H](C)[C@@H](O[C@@H]2O[C@H](C)[C@@H](O[C@H]3C[C@@](C)(O)[C@@H](O)[C@H](C)O3)[C@H](N(C)C)[C@H]2O)[C@@H](CC=O)C[C@@H](C)C(=O)/C=C/C(C)=C/[C@@H]1CO,ZVOOGERIHVAODX-LXKXJHEOSA-N,,,,broad_macrocycle_pretrain,,,16,True,False,pretrain_train,pretraining_macrocycle; max_phase=None
PREMAC_c17f485fb2,ChEMBL_macrocycle_scan,CHEMBL414159,C[C@H](c1ccc2ccccc2c1)[C@@H]1NC(=O)[C@H](NC(=O)[C@@H](N)Cc2ccc(O)cc2)C(C)(C)SSC[C@H](C(=O)N[C@@H](CCCCN)C(=O)N[C@@H](CCCN=C(N)N)C(N)=O)NC(=O)[C@@H](Cc2ccccc2)NC(=O)[C@H](CO)NC(=O)CNC1=O,HWTDVIKHJPOWJP-DRSDNMEYSA-N,,,,broad_macrocycle_pretrain,,,20,True,False,pretrain_train,pretraining_macrocycle; max_phase=None
PREMAC_6fb9afad6d,ChEMBL_macrocycle_scan,CHEMBL263470,CC[C@H]1OC(=O)/C(C)=C/[C@H](C)[C@@H](O[C@@H]2O[C@H](C)C[C@H](N(C)C)[C@H]2O)[C@@](C)(OC)C[C@@H](C)C(=O)[C@H](C)[C@H]2N(NCCCc3ccc(OC)cc3)C(=O)O[C@]12C,ALYJXZSZFJYHGG-VNPYJTNFSA-N,,,,broad_macrocycle_pretrain,,,14,True,False,pretrain_train,pretraining_macrocycle; max_phase=None
PREMAC_a57425c97a,ChEMBL_macrocycle_scan,CHEMBL37988,Cc1c(O)cc(O)c2c1C(=O)OCCC(=O)NCCSC2,IYBBSGUGNFFQGP-UHFFFAOYSA-N,,,,broad_macrocycle_pretrain,,,12,True,False,pretrain_train,pretraining_macrocycle; max_phase=None
PREMAC_65d0853fae,ChEMBL_macrocycle_scan,CHEMBL279011,COC1CC(O[C@@H]2/C(C)=C/C[C@@H]3C[C@@H](C[C@]4(CC(O)[C@H](C)[C@@H](C(C)C)O4)O3)OC(=O)[C@@H]3C=C(C)[C@@H](O)[C@H]4OC/C(=C\C=C\[C@@H]2C)[C@]43O)OC(C)C1O,YIPLIYLHPUXRMG-TURTXYPHSA-N,,,,broad_macrocycle_pretrain,,,16,True,False,pretrain_train,pretraining_macrocycle; max_phase=None
PREMAC_5dd25dbf81,ChEMBL_macrocycle_scan,CHEMBL417454,Nc1cc(CN2CCCNCCNCCCNCC2)ccc1CN1CCCNCCNCCCNCC1,ZUESNEQIVOJVPL-UHFFFAOYSA-N,,,,broad_macrocycle_pretrain,,,14,True,False,pretrain_train,pretraining_macrocycle; max_phase=None
PREMAC_40c385f481,ChEMBL_macrocycle_scan,CHEMBL29121,CCOOC1(OOCC)CCCCCCCCCCC1,GYHYKPUUFZIAOS-UHFFFAOYSA-N,,,,broad_macrocycle_pretrain,,,12,True,False,pretrain_train,pretraining_macrocycle; max_phase=None
PREMAC_e0928b5a02,ChEMBL_macrocycle_scan,CHEMBL406068,CCCCCCCCCCCCOC(C)C1=C(C)c2cc3nc(c4c5[nH]c(cc6[nH]c(cc1n2)c(C)c6CC)c(C)c5C(=O)N(CCCCCCCCCCCC)C4=O)[C@@H](CCC(=O)OC)[C@@H]3C,JPGBYTQCPCASAR-NEUYCFJJSA-N,,,,broad_macrocycle_pretrain,,,16,True,False,pretrain_train,pretraining_macrocycle; max_phase=None
PREMAC_65b3256e24,ChEMBL_macrocycle_scan,CHEMBL285462,CCCCCCCCCCN1C(=O)c2c3nc(cc4nc(cc5[nH]c(cc6[nH]c2c(c6C)C1=O)c(CC)c5C)C(CC)=C4C)[C@@H](C)[C@@H]3CCC(=O)OC,SIBPOWXSIPKBNC-DHIFEGFHSA-N,,,,broad_macrocycle_pretrain,,,16,True,False,pretrain_train,pretraining_macrocycle; max_phase=None
PREMAC_0ea4efb53e,ChEMBL_macrocycle_scan,CHEMBL58841,CC(=O)N[C@@H](Cc1ccccc1)C(=O)N[C@H]1CCNC(=O)[C@@H](CCN=C(N)N)NC(=O)[C@H](Cc2c[nH]c3ccccc23)NC(=O)[C@@H](CC2CCCCC2)NC(=O)[C@@H]2CCCN2C1=O,XZGOGPXRZKJHLH-AXOWIMNESA-N,,,,broad_macrocycle_pretrain,,,17,True,False,pretrain_train,pretraining_macrocycle; max_phase=None
PREMAC_098e8317ef,ChEMBL_macrocycle_scan,CHEMBL13610,COc1ccc(C[C@H]2NC(=O)/C=C/C[C@@H]([C@@H](C)/C=C/c3ccccc3)OC(=O)[C@H](CC(C)C)OC(=O)[C@H](C)CNC2=O)cc1,IEYSWBYGDJSUEZ-BNEQJXBGSA-N,,,,broad_macrocycle_pretrain,,,16,True,False,pretrain_train,pretraining_macrocycle; max_phase=None
PREMAC_cd88294d47,ChEMBL_macrocycle_scan,CHEMBL73828,CCCCCC[C@H]1OC(=O)CNC(=O)[C@@H]([C@H](C)O)NC(=O)[C@H](CO)NC(=O)[C@H]([C@@H](C)CC)NC(=O)[C@H](CC(C)C)N(C)C(=O)[C@@H]1C,VFGBXFZXJAWPOE-BWQWVWOUSA-N,,,,broad_macrocycle_pretrain,,,19,True,False,pretrain_train,pretraining_macrocycle; max_phase=None
PREMAC_be85f1e86f,ChEMBL_macrocycle_scan,CHEMBL44328,CC[C@H]1OC(=O)C[C@@H](O)[C@H](C)[C@@H](O[C@@H]2O[C@H](C)[C@@H](O[C@H]3C[C@@](C)(O)[C@@H](O)[C@H](C)O3)[C@H](N(C)C)[C@H]2O)[C@@H](CCN2C(=O)c3ccccc3C2=O)C[C@@H](C)C(=O)/C=C/C(C)=C/[C@@H]1CO,AWTNPBUQQXKWAY-PHINDBNSSA-N,,,,broad_macrocycle_pretrain,,,16,True,False,pretrain_train,pretraining_macrocycle; max_phase=None
PREMAC_6cce05e885,ChEMBL_macrocycle_scan,CHEMBL62969,N=C(N)NCCC[C@@H]1NC(=O)CNC(=O)C(c2cccc3ccccc23)SC[C@@H](C(=O)O)NC(=O)[C@H](CC(=O)O)NC(=O)CNC1=O,RUZPDEXRJNESMI-RBIKLVAFSA-N,,,,broad_macrocycle_pretrain,,,18,True,False,pretrain_train,pretraining_macrocycle; max_phase=None
PREMAC_d219ba0758,ChEMBL_macrocycle_scan,CHEMBL293214,CC(C)[C@@H]1NC(=O)C[S+]([O-])C[C@@H](C(=O)O)NC(=O)[C@H](CC(=O)O)NC(=O)CNC(=O)[C@H](CCCN=C(N)N)NC1=O,GPYDNKNVGLPQHE-BETHWKPISA-N,,,,broad_macrocycle_pretrain,,,18,True,False,pretrain_train,pretraining_macrocycle; max_phase=None
PREMAC_15e839828d,ChEMBL_macrocycle_scan,CHEMBL266524,CC[C@H]1OC(=O)CC(O)[C@H](C)[C@@H](O[C@@H]2O[C@H](C)C[C@H](N(C)C)[C@H]2O)[C@@H](CCN(C)CCCN(C)C(=O)CNC)C[C@@H](C)C(=O)/C=C/C(C)=C/[C@@H]1C,HCQXRNXSSCCVIH-INPCHMKSSA-N,,,,broad_macrocycle_pretrain,,,16,True,False,pretrain_train,pretraining_macrocycle; max_phase=None
PREMAC_2a2cbe10dd,ChEMBL_macrocycle_scan,CHEMBL310742,CC1(C)SSC(C)(C)[C@@H](NC(=O)[C@]2(N)CCC3C=C(O)C=CC3C2)C(=O)NCC(=O)N[C@@H](Cc2ccccc2)C(=O)N[C@H]1C(=O)O,IWDKQFKJJQRUSL-XKZJSZITSA-N,,,,broad_macrocycle_pretrain,,,14,True,False,pretrain_train,pretraining_macrocycle; max_phase=None
PREMAC_e7e6606dc9,ChEMBL_macrocycle_scan,CHEMBL38209,COc1cc(O)c2c(c1C)C(=O)OC[C@H](NC(=O)OC(C)(C)C)C(=O)N[C@H](CO)CSC2,RYNMFFIFPZCMNA-OCCSQVGLSA-N,,,,broad_macrocycle_pretrain,,,12,True,False,pretrain_train,pretraining_macrocycle; max_phase=None
PREMAC_a8dbcaf8ca,ChEMBL_macrocycle_scan,CHEMBL289593,COc1ccc2c(O[C@@H]3C[C@H]4C(=O)N[C@]5(C(=O)O)C[C@H]5/C=C\CCCCC[C@H](NC(=O)OC(C)(C)C)C(=O)N4C3)ccnc2c1,NKBBQMKXBXDZTM-RHBYLHKYSA-N,,,,broad_macrocycle_pretrain,,,15,True,False,pretrain_train,pretraining_macrocycle; max_phase=None
PREMAC_a0c793f86d,ChEMBL_macrocycle_scan,CHEMBL430809,CC[C@@H]1/C=C(\C)[C@@H](O)[C@H](C)[C@H](OC)[C@H]2O[C@@](O)(C(=O)C(=O)N3CCCC[C@H]3C(=O)O[C@H](/C(C)=C/[C@@H]3CC[C@@H](Oc4ccc5ccccc5c4)[C@H](OC)C3)[C@H](C)[C@@H](O)CC1=O)[C@H](C)C[C@@H]2OC,XWNRZMDQIVRXSD-UKIPXVPCSA-N,,,,broad_macrocycle_pretrain,,,20,True,False,pretrain_train,pretraining_macrocycle; max_phase=None
PREMAC_a1299502df,ChEMBL_macrocycle_scan,CHEMBL432746,CCC(C)[C@H]1O[C@]2(C=C[C@@H]1C)C[C@@H]1C[C@@H](C/C=C(\C)[C@@H](O[C@H]3C[C@H](OC)[C@@H](O[C@H]4C[C@H](OC)[C@H](NC)[C@H](C)O4)[C@H](C)O3)[C@@H](C)/C=C/C=C3\CO[C@@H]4[C@H](O)C(C)=C[C@@H](C(=O)O1)[C@]34O)O2,CXEGAUYXQAKHKJ-FICZPBMPSA-N,,,,broad_macrocycle_pretrain,,,16,True,False,pretrain_train,pretraining_macrocycle; max_phase=None
PREMAC_287616badd,ChEMBL_macrocycle_scan,CHEMBL267252,CC[C@H]1OC(=O)CC(O)[C@H](C)[C@@H](O[C@@H]2O[C@H](C)C[C@H](N(C)C)[C@H]2O)[C@@H](CCNCCCN(C)C)C[C@@H](C)C(=O)/C=C/C(C)=C/[C@@H]1C,SKULVJPINBPWSV-LCLNQJHGSA-N,,,,broad_macrocycle_pretrain,,,16,True,False,pretrain_train,pretraining_macrocycle; max_phase=None
PREMAC_0295d352a7,ChEMBL_macrocycle_scan,CHEMBL17300,CC(=O)N1CCC(c2ccc(O)cc2)C1C(=O)N[C@H]1CCSC[C@@H](C(=O)O)NC(=O)C2(CCCC2)CCNC1=O,FPCLQJCVDNGFQH-NULCOVKLSA-N,,,,broad_macrocycle_pretrain,,,13,True,False,pretrain_train,pretraining_macrocycle; max_phase=None
PREMAC_d0f4ac2f7c,ChEMBL_macrocycle_scan,CHEMBL37203,CC(C)[C@@H]1OC(=O)[C@@H](C)[C@@H](C)OC(=O)C[C@@H](O)[C@H](Cc2ccccc2)N(C)C1=O,PBDWEPPZSHZNKO-HOXSDCPRSA-N,,,,broad_macrocycle_pretrain,,,12,True,False,pretrain_train,pretraining_macrocycle; max_phase=None
PREMAC_d76cbf5768,ChEMBL_macrocycle_scan,CHEMBL297779,CC[C@H]1OC(=O)/C(C)=C/[C@H](C)[C@@H](O[C@@H]2O[C@H](C)C[C@H](N(C)C)[C@H]2O)[C@@](C)(OC)C[C@@H](C)C(=O)[C@H](C)[C@H]2N(N)C(=O)O[C@]12C,NGTAEMDMCCGMIX-HMODDIRLSA-N,,,,broad_macrocycle_pretrain,,,14,True,False,pretrain_train,pretraining_macrocycle; max_phase=None
PREMAC_ad04b6898f,ChEMBL_macrocycle_scan,CHEMBL275230,CC[C@H]1OC(=O)[C@H](C)[C@H]2OC3(CCN(c4ncc(C(=O)OCc5ccccc5)c(C(F)(F)F)n4)CC3)O[C@](C)(C[C@@H](C)CN[C@H](C)[C@@H](O)[C@]1(C)O)[C@H](O[C@@H]1O[C@H](C)CC(N(C)C)[C@H]1O)[C@H]2C,SHHAFMQKCUDCOL-OQGXBDJWSA-N,,,,broad_macrocycle_pretrain,,,15,True,False,pretrain_train,pretraining_macrocycle; max_phase=None
PREMAC_8d3d9a70b7,ChEMBL_macrocycle_scan,CHEMBL437538,C/C=C1\NC(=O)[C@H]2NC(=O)[C@@H](NC(=O)C(C)C)CCCNC(=O)Nc3cc(O)c(O)cc3C[C@@H](C(=O)N[C@@H](C(C)C)C(=O)O[C@H]2C)N(C)C(=O)[C@H](Cc2ccccc2)N2C(=O)[C@H](CC[C@H]2O)NC1=O,MHMMGTGXNPFNAJ-MVPXUFHVSA-N,,,,broad_macrocycle_pretrain,,,20,True,False,pretrain_train,pretraining_macrocycle; max_phase=None
PREMAC_b6058b10d8,ChEMBL_macrocycle_scan,CHEMBL261913,C[C@@H](O)[C@H](NC(=O)[C@@H]1NC(=O)[C@@H]([C@@H](C)O)NC(=O)[C@H](CCCN=C(N)N)NC(=O)[C@H](Cc2ccccc2)NC(=O)[C@H](Cc2ccccc2)NC(=O)[C@@H](NC(=O)[C@H](N)Cc2ccccc2)CSSC1(C)C)C(N)=O,UHCNFGRIRAJQQC-GNKRCVSKSA-N,,,,broad_macrocycle_pretrain,,,20,True,False,pretrain_train,pretraining_macrocycle; max_phase=None
PREMAC_e39e8315f0,ChEMBL_macrocycle_scan,CHEMBL411997,NC(N)=NCCC[C@H](NC(=O)[C@@H](N)CC(=O)O)C(=O)N[C@H]1CCSSCC[C@@H](C(=O)N[C@@H](Cc2c[nH]cn2)C(=O)N2CCC[C@H]2C(=O)N[C@@H](Cc2ccccc2)C(=O)O)NC(=O)[C@H](Cc2ccc(O)cc2)NC1=O,FULUKRVDSYUNQA-MDKUUQCZSA-N,,,,broad_macrocycle_pretrain,,,13,True,False,pretrain_train,pretraining_macrocycle; max_phase=None
PREMAC_f586221c18,ChEMBL_macrocycle_scan,CHEMBL407195,CC(C)[C@H]1NC(=O)[C@H](CCCCN)NC(=O)[C@@H](Cc2c[nH]c3ccccc23)NC(=O)[C@H](Cc2cccnc2)NC(=O)[C@@H](NC(=O)[C@@H](N)Cc2ccc(F)cc2)CSSC[C@H](C(=O)N[C@@H](Cc2ccc(F)cc2)C(N)=O)NC1=O,LTACDVAIRNGSCW-HGYOODBQSA-N,,,,broad_macrocycle_pretrain,,,20,True,False,pretrain_train,pretraining_macrocycle; max_phase=None
PREMAC_9c7d23060d,ChEMBL_macrocycle_scan,CHEMBL311751,C=C1[C@H](OC(C)=O)CC(=O)C(C)(C)/C=C/[C@@H](C)C(=O)[C@@]2(OC(C)=O)C[C@@](C)(OC(C)=O)[C@H](OC(C)=O)[C@@H]2[C@H]1OC(C)=O,DHHVTLZJOAQUPG-HZGNIPQVSA-N,,,,broad_macrocycle_pretrain,,,12,True,False,pretrain_train,pretraining_macrocycle; max_phase=None
PREMAC_0124bd35e4,ChEMBL_macrocycle_scan,CHEMBL422238,CC[C@H]1OC(=O)[C@H](C)[C@H]2OC3(CCN(CCc4ccc(OC)cc4)CC3)O[C@](C)(C[C@@H](C)CN(C)[C@H](C)[C@@H](O)[C@]1(C)O)[C@H](O[C@@H]1O[C@H](C)C[C@H](N(C)C)[C@H]1O)[C@H]2C,OJQRTKZVLPIKEC-JBDOFWSRSA-N,,,,broad_macrocycle_pretrain,,,15,True,False,pretrain_train,pretraining_macrocycle; max_phase=None
PREMAC_e829510eb4,ChEMBL_macrocycle_scan,CHEMBL284267,C=C1/C=C(\C)[C@H](CC)OC(=O)[C@H](C)C(=O)[C@@](O)(CO)C/C(C)=C/[C@@H](C)C1,MRDSIEAKMVLPRW-PWIIXOMXSA-N,,,,broad_macrocycle_pretrain,,,14,True,False,pretrain_train,pretraining_macrocycle; max_phase=None
PREMAC_504ec66997,ChEMBL_macrocycle_scan,CHEMBL18097,O=C(O)c1cc(CN2CCCNCCNCCCNCC2)cc(CN2CCCNCCNCCCNCC2)c1,ZYICSDPZGRXXEI-UHFFFAOYSA-N,,,,broad_macrocycle_pretrain,,,14,True,False,pretrain_train,pretraining_macrocycle; max_phase=None
PREMAC_3903aba0a4,ChEMBL_macrocycle_scan,CHEMBL283839,CC[C@H]1OC(=O)[C@H](C)[C@H]2OC3(CCN(c4ncccn4)CC3)O[C@](C)(C[C@@H](C)CN(C)[C@H](C)[C@@H](O)[C@]1(C)O)[C@H](O[C@@H]1O[C@H](C)CC(N(C)C)[C@H]1O)[C@H]2C,BCIKRIANRYQYGU-RWWDJMBXSA-N,,,,broad_macrocycle_pretrain,,,15,True,False,pretrain_train,pretraining_macrocycle; max_phase=None
PREMAC_a5549a7102,ChEMBL_macrocycle_scan,CHEMBL269376,CC(C)[C@H](NC(=O)[C@H](CCCN=C(N)N)NC(=O)[C@@H](N)CC(=O)O)C(=O)N[C@@H](Cc1ccc(O)cc1)C(=O)N[C@H]1CC/C=C/SC[C@@H](C(=O)N[C@@H](Cc2ccccc2)C(=O)O)NC(=O)[C@H](Cc2c[nH]cn2)NC1=O,GNSZAQHNPUBQHX-XCMASARQSA-N,,,,broad_macrocycle_pretrain,,,13,True,False,pretrain_train,pretraining_macrocycle; max_phase=None
PREMAC_325716f855,ChEMBL_macrocycle_scan,CHEMBL53743,C=C(C)[C@H]1CCC2=C[C@@H](C/C(C)=C/c3cc(C(=O)OC)c(o3)C1)OC2=O,MBPPADJEJHCJGU-XLQKBUROSA-N,,,,broad_macrocycle_pretrain,,,13,True,False,pretrain_train,pretraining_macrocycle; max_phase=None
PREMAC_07b5c1e4d7,ChEMBL_macrocycle_scan,CHEMBL267367,CC[C@H]1OC(=O)C[C@@H](O)[C@H](C)[C@@H](O[C@@H]2O[C@H](C)[C@@H](O)[C@H](N(C)C)[C@H]2O)[C@@H](CCOc2ccc(C(=O)c3ccccc3)cc2)C[C@@H](C)C(=O)/C=C/C(C)=C/[C@@H]1CO[C@@H]1O[C@H](C)[C@@H](O)[C@@H](OC)[C@H]1OC,CKPUCCJVTDZOTQ-CBLAECCRSA-N,,,,broad_macrocycle_pretrain,,,16,True,False,pretrain_train,pretraining_macrocycle; max_phase=None
PREMAC_aa8e30cfa3,ChEMBL_macrocycle_scan,CHEMBL384836,C[C@@H](O)[C@H](NC(=O)[C@@H]1CSSC[C@@H](NC(=O)[C@H](N)Cc2ccc(O)cc2)C(=O)N[C@@H](Cc2ccccc2)C(=O)N[C@@H](Cc2c[nH]c3ccccc23)C(=O)N[C@@H](CCCCN)C(=O)N[C@@H]([C@@H](C)O)C(=O)N1C)C(N)=O,BJGMUCNXLCWWGI-ARBHAYAYSA-N,,,,broad_macrocycle_pretrain,,,20,True,False,pretrain_train,pretraining_macrocycle; max_phase=None
PREMAC_149bb417bd,ChEMBL_macrocycle_scan,CHEMBL413147,CC[C@H](C)[C@@H]1NC(=O)[C@@H](Cc2ccccc2)NC(=O)[C@H](N)CSSC[C@@H](C(=O)N2CCC[C@@H]2C(=O)N[C@@H](CCCN=C(N)N)C(=O)N[C@@H](Cc2ccc(O)cc2)C(N)=O)NC(=O)[C@H](CC(N)=O)NC(=O)[C@@H](CCC(N)=O)NC1=O,HXAIDRPXMYDXQE-RYGLIUPQSA-N,,,,broad_macrocycle_pretrain,,,20,True,False,pretrain_train,pretraining_macrocycle; max_phase=None
PREMAC_a35a17a226,ChEMBL_macrocycle_scan,CHEMBL299534,C=C(C(=O)OC)[C@H]1C[C@H](OC(C)=O)[C@@]23O[C@@H]2[C@@H](C[C@]2(C)O[C@H]2c2cc(C)c(o2)[C@@H]1OC(C)=O)OC3=O,SETTUTVEWZFWRZ-FEXMGBQDSA-N,,,,broad_macrocycle_pretrain,,,13,True,False,pretrain_train,pretraining_macrocycle; max_phase=None
PREMAC_79353bde19,ChEMBL_macrocycle_scan,CHEMBL301879,CC#C[C@@]1(O)[C@H](C)O[C@@H](O[C@H]2[C@H](C)[C@@H](O[C@@H]3O[C@H](C)C[C@H](N(C)C)[C@H]3O)[C@](C)(O)C[C@@H](C)CN[C@H](C)[C@@H](O)[C@](C)(O)[C@@H](CC)OC(=O)[C@@H]2C)C[C@@]1(C)OC,FLWTTXPHSOFYIM-BMNWWTOTSA-N,,,,broad_macrocycle_pretrain,,,15,True,False,pretrain_train,pretraining_macrocycle; max_phase=None
PREMAC_6525a12a36,ChEMBL_macrocycle_scan,CHEMBL289602,C=CCN1C(=O)[C@@H](C)NC(=O)[C@@H]2Cc3ccc(OC)c(c3)Oc3ccc(cc3)C[C@@H](C(=O)N2C)N(C)C(=O)[C@H](C)NC(=O)[C@H](Cc2ccc(OC)cc2)N(C)C(=O)[C@@H]1C,OGNOKIGXQJIDBI-PTXJBNNCSA-N,,,,broad_macrocycle_pretrain,,,18,True,False,pretrain_train,pretraining_macrocycle; max_phase=None
PREMAC_4e925e9a63,ChEMBL_macrocycle_scan,CHEMBL384413,C[C@@H](O)[C@H](NC(=O)[C@H]1CSSC[C@H](NC(=O)[C@H](N)Cc2ccccc2)C(=O)N[C@@H](Cc2ccc(O)cc2)C(=O)N[C@@H](Cc2c[nH]c3ccccc23)C(=O)N[C@@H](CCCN=C(N)N)C(=O)N[C@H]([C@@H](C)O)C(=O)N1)C(N)=O,ZVKZIDWEGXCACW-VWIILWHPSA-N,,,,broad_macrocycle_pretrain,,,20,True,False,pretrain_train,pretraining_macrocycle; max_phase=None
PREMAC_ffc6de90e3,ChEMBL_macrocycle_scan,CHEMBL269011,c1ccc(C2(c3ccc4c(c3)OCCOCCOCCOCCOCCO4)C34C5=C6C7=C8Cc9c%10c8c8c%11c%12c%13c%14c%15c(c6c6c%16c%17c(c%18c%19c3c(c3c9c9c%20c%10c%11c%10c%11c%12c%12c%14c(c%15%16)c%14c%17c%15c%18c%16c%19c3c9c3c%16c9c%15c%14c%12c%11c9c3c%20%10)C5)C642)C7C8%13)cc1,IJEXEDORBBXPAI-UHFFFAOYSA-N,,,,broad_macrocycle_pretrain,,,18,True,False,pretrain_train,pretraining_macrocycle; max_phase=None
PREMAC_f68ea60c24,ChEMBL_macrocycle_scan,CHEMBL383857,CC[C@H]1OC(=O)[C@H](C)[C@@H](O[C@H]2C[C@@](C)(OC)[C@H](NC(C)=O)[C@H](C)O2)[C@H](C)[C@@H](O[C@@H]2O[C@H](C)C[C@H](N(C)C)[C@H]2OC(=O)OCC2c3ccccc3-c3ccccc32)[C@](C)(O)C[C@@H](C)N(C)C[C@H](C)[C@@H](O)[C@]1(C)O,UIYRTEUNOHJJBZ-XJETVZCZSA-N,,,,broad_macrocycle_pretrain,,,15,True,False,pretrain_train,pretraining_macrocycle; max_phase=None
PREMAC_9884c9bbc8,ChEMBL_macrocycle_scan,CHEMBL289601,COc1ccc(C[C@H]2C(=O)N[C@@H](C)C(=O)N(C)[C@H]3Cc4ccc(cc4)Oc4cc(ccc4OC)C[C@@H](C(=O)N[C@H](C)C(=O)N[C@@H](C)C(=O)N2C)N(C)C3=O)cc1,MBQKTLYFUYNAPZ-FEZMQHRXSA-N,,,,broad_macrocycle_pretrain,,,18,True,False,pretrain_train,pretraining_macrocycle; max_phase=None
PREMAC_5a43735652,ChEMBL_macrocycle_scan,CHEMBL294091,CC[C@H]1OC(=O)[C@H](C)[C@@H](O[C@H]2C[C@@](C)(OC)[C@@H](O)[C@H](C)O2)[C@H](C)[C@@H](O[C@@H]2O[C@H](C)C[C@H](N(C)C)[C@H]2O)[C@](C)(O)C[C@@H](C)N(C)C[C@@H](C)C[C@]1(C)O,HDNJEQOZYCMWBM-FBAJJSPLSA-N,,,,broad_macrocycle_pretrain,,,15,True,False,pretrain_train,pretraining_macrocycle; max_phase=None
PREMAC_1aac4489f4,ChEMBL_macrocycle_scan,CHEMBL305289,CC(C)(C)NC(=O)[C@@H]1CCCN1C[C@@H](O)[C@@H]1Cc2ccc(cc2)OCCCOc2cc3ccccc3cc2C(=O)N[C@@H](CC(N)=O)C(=O)N1,CEMSZICGXBUJDS-XHPANXIASA-N,,,,broad_macrocycle_pretrain,,,18,True,False,pretrain_train,pretraining_macrocycle; max_phase=None
PREMAC_56251ac20e,ChEMBL_macrocycle_scan,CHEMBL278404,c1ccc(CCC2CNCCNCCCNCCNC2)nc1,DRZFFJKEQWUEGB-UHFFFAOYSA-N,,,,broad_macrocycle_pretrain,,,14,True,False,pretrain_train,pretraining_macrocycle; max_phase=None
PREMAC_a1e8b7ae92,ChEMBL_macrocycle_scan,CHEMBL406443,CC[C@H]1OC(=O)C[C@@H](O)[C@H](C)[C@@H](O[C@@H]2O[C@H](C)[C@@H](O)[C@H](N(C)C)[C@H]2O)[C@@H](CCOc2cccc(Oc3ccccc3)c2)C[C@@H](C)C(=O)/C=C/C(C)=C/[C@@H]1CO[C@@H]1O[C@H](C)[C@@H](O)[C@@H](OC)[C@H]1OC,NHTGXFKVXVYFKS-QWQAMPRASA-N,,,,broad_macrocycle_pretrain,,,16,True,False,pretrain_train,pretraining_macrocycle; max_phase=None
PREMAC_17fe6f2bfb,ChEMBL_macrocycle_scan,CHEMBL312262,CC[C@H]1OC(=O)[C@H](C)[C@H]2OC3(CCN(CCc4ccc(Cl)c(Cl)c4)CC3)O[C@](C)(C[C@@H](C)CN(C)[C@H](C)[C@@H](O)[C@]1(C)O)[C@H](O[C@@H]1O[C@H](C)C[C@H](N(C)C)[C@H]1O)[C@H]2C,CJHZOMJQSRJHFX-OCWBYCICSA-N,,,,broad_macrocycle_pretrain,,,15,True,False,pretrain_train,pretraining_macrocycle; max_phase=None
PREMAC_fc9b1dc3b4,ChEMBL_macrocycle_scan,CHEMBL15006,NC1=NC([C@H]2NC(=O)/C(=C/NC(=O)Nc3ccc(C4CCCCC4)cc3)NC(=O)[C@@H](CO)NC(=O)[C@@H](CO)NC(=O)C(NC(=O)Nc3ccc(Br)cc3)CNC2=O)CCN1,ROQCUWGWCNMMSD-SPPKEZQLSA-N,,,,broad_macrocycle_pretrain,,,16,True,False,pretrain_train,pretraining_macrocycle; max_phase=None
PREMAC_e8c20ae5c4,ChEMBL_macrocycle_scan,CHEMBL64504,NCCCC[C@H]1NC(=O)CSC[C@@H](C(=O)O)NC(=O)[C@H](CC(=O)O)NC(=O)CNC(=O)[C@H](CCCN=C(N)N)NC1=O,LIVJMKKGGBCAKD-XGUBFFRZSA-N,,,,broad_macrocycle_pretrain,,,18,True,False,pretrain_train,pretraining_macrocycle; max_phase=None
PREMAC_35d44d68f0,ChEMBL_macrocycle_scan,CHEMBL65159,CC(C)C[C@H]1C(=O)N[C@H](C(=O)Nc2ccccn2)Cc2ccc(cc2)OCCCC[C@@H]1C(=O)NO,XEONYLBJVDXPRB-BDTNDASRSA-N,,,,broad_macrocycle_pretrain,,,15,True,False,pretrain_train,pretraining_macrocycle; max_phase=None
PREMAC_7d1db932e6,ChEMBL_macrocycle_scan,CHEMBL297725,CC[C@H](C)[C@H]1NC(=O)[C@@H](Cc2ccccc2)NC(=O)[C@@H]2CCCN2C(=O)[C@@H](Cc2ccccc2)NC(=O)[C@@H]2CCCCN2C(=O)[C@H]2CCCCN2C1=O,GCNSQAISKHRWNO-YVYVVVIZSA-N,,,,broad_macrocycle_pretrain,,,18,True,False,pretrain_train,pretraining_macrocycle; max_phase=None
PREMAC_5b688956bb,ChEMBL_macrocycle_scan,CHEMBL279118,NCCC[C@H](N)CC(=O)NC[C@@H]1NC(=O)[C@H](CO)NC(=O)C(N)CNC(=O)[C@H](C2CCN=C(N)N2)NC(=O)/C(=C/NC(=O)Nc2ccc(N3CCCCC3)cc2)NC1=O,PSTJTEPRHCFRNS-CIVJQTMHSA-N,,,,broad_macrocycle_pretrain,,,16,True,False,pretrain_train,pretraining_macrocycle; max_phase=None
PREMAC_3f5ec69909,ChEMBL_macrocycle_scan,CHEMBL45709,CC(=O)c1cc2ccc1[C@@H]1CC[C@H]([C@H](C)CCCC(C)C)[C@@]1(C)CC/C=C(/C)CC[C@](C)(O)C2,ZMPWOTIAAZKMSB-HBGOTERESA-N,,,,broad_macrocycle_pretrain,,,14,True,False,pretrain_train,pretraining_macrocycle; max_phase=None
PREMAC_d284ddb909,ChEMBL_macrocycle_scan,CHEMBL42715,COc1ccc(CCN(C[C@@H](O)[C@@H]2Cc3ccc(cc3)OCCCCCC(=O)N[C@@H](C(C)C)C(=O)N2)S(=O)(=O)c2ccc(N)cc2)cc1,SVRZMLZCBKLXGX-UJNSZXMOSA-N,,,,broad_macrocycle_pretrain,,,17,True,False,pretrain_train,pretraining_macrocycle; max_phase=None
PREMAC_90551eff98,ChEMBL_macrocycle_scan,CHEMBL431916,CC(C)[C@@H]1NC(=O)c2ccc([nH]2)CNC(=O)[C@H](CC(=O)O)NC(=O)CNC(=O)[C@H](CCCN=C(N)N)N(C)C1=O,QAPQCCRYLOSACY-BXWFABGCSA-N,,,,broad_macrocycle_pretrain,,,18,True,False,pretrain_train,pretraining_macrocycle; max_phase=None
PREMAC_15d8307229,ChEMBL_macrocycle_scan,CHEMBL432317,CC[C@H]1OC(=O)[C@H](C)[C@@H](O[C@H]2C[C@@](C)(OC)[C@@H](O)[C@H](C)O2)[C@H](C)[C@@H](O[C@@H]2O[C@H](C)C[C@H](N(C)C)[C@H]2O)[C@@]2(C)CC(C)=C(O2)[C@H](C)[C@@H](O)[C@H]1C,RVWZXQUMKFWVJM-JJRNAJBXSA-N,,,,broad_macrocycle_pretrain,,,13,True,False,pretrain_train,pretraining_macrocycle; max_phase=None
PREMAC_f9a816356f,ChEMBL_macrocycle_scan,CHEMBL16385,N[C@@H](Cc1ccc(O)cc1)C(=O)N/C1=C/CCCC[C@@H](C(=O)O)NC(=O)C2(CCCC2)CCNC1=O,BCLDOKZEBZCGAU-XQVDWLNNSA-N,,,,broad_macrocycle_pretrain,,,14,True,False,pretrain_train,pretraining_macrocycle; max_phase=None
PREMAC_a23491aa75,ChEMBL_macrocycle_scan,CHEMBL442482,CC[C@H]1OC(=O)[C@H](C)[C@@H](OC2C[C@@](C)(OC)[C@@H](O)[C@H](C)O2)[C@H](C)[C@@H](OC2O[C@H](C)C[C@H](N(C)C3CCCC3)[C@H]2O)[C@@](C)(OC)C[C@@H](C)C(=O)[C@H](C)[C@H]2N(CCc3ccc(Cl)cc3)C(=O)O[C@]12C,MJKZEZXKTGTYGI-WKFRAXOPSA-N,,,,broad_macrocycle_pretrain,,,14,True,False,pretrain_train,pretraining_macrocycle; max_phase=None
PREMAC_17301a446a,ChEMBL_macrocycle_scan,CHEMBL273440,CC[C@H]1OC(=O)[C@H](C)[C@@H](OC(=O)N2C(=O)OC[C@@H]2C)[C@H](C)[C@@H](OC2O[C@H](C)C[C@H](N(C)C(C)C)[C@H]2O)[C@@](C)(OC)C[C@@H](C)C(=O)[C@H](C)[C@H]2N(CCc3ccc(Cl)c(Cl)c3)C(=O)O[C@]12C,NMMJQRFUTXRKRS-KZJWYMMGSA-N,,,,broad_macrocycle_pretrain,,,14,True,False,pretrain_train,pretraining_macrocycle; max_phase=None
PREMAC_014ac15984,ChEMBL_macrocycle_scan,CHEMBL298392,N#Cc1ccc2cc1Oc1ccc3cccc(c3c1)NC(=O)CN(Cc1ccccc1)Cc1cncn1C2,AIFZYTDMYQYJMV-UHFFFAOYSA-N,,,,broad_macrocycle_pretrain,,,16,True,False,pretrain_train,pretraining_macrocycle; max_phase=None
PREMAC_cf49d8fbdf,ChEMBL_macrocycle_scan,CHEMBL299450,CC[C@H]1OC(=O)[C@H](C)[C@@H](O[C@H]2C[C@@](C)(OC)[C@@](O)(C#CCOC)[C@H](C)O2)[C@H](C)[C@@H](O[C@@H]2O[C@H](C)C[C@H](N(C)C)[C@H]2O)[C@](C)(O)C[C@@H](C)CN(C)[C@H](C)[C@@H](O)[C@]1(C)O,IPKQNXWFXWCKGC-ASIIUGTMSA-N,,,,broad_macrocycle_pretrain,,,15,True,False,pretrain_train,pretraining_macrocycle; max_phase=None
PREMAC_8a0c901bc0,ChEMBL_macrocycle_scan,CHEMBL312026,CC[C@H]1OC(=O)[C@H](C)[C@H]2OC3(CCN(Cc4cccnc4)CC3)O[C@](C)(C[C@@H](C)CN[C@H](C)[C@@H](O)[C@]1(C)O)[C@H](O[C@@H]1O[C@H](C)C[C@H](N(C)C)[C@H]1O)[C@H]2C,ORLMNQBXVSEZET-XLTIUPLHSA-N,,,,broad_macrocycle_pretrain,,,15,True,False,pretrain_train,pretraining_macrocycle; max_phase=None
PREMAC_e1829931c1,ChEMBL_macrocycle_scan,CHEMBL266111,CCCO[C@H]1[C@H](O[C@H]2[C@@H](CCN3C(=O)c4ccccc4C3=O)C[C@@H](C)C(=O)/C=C/C(C)=C/[C@H](CO[C@@H]3O[C@H](C)[C@@H](O)[C@@H](OC)[C@H]3OC)[C@@H](CC)OC(=O)C[C@@H](O)[C@@H]2C)O[C@H](C)[C@@H](OCCC)[C@@H]1N(C)C,DRDZMSJXSHZHGD-CBTZZELDSA-N,,,,broad_macrocycle_pretrain,,,16,True,False,pretrain_train,pretraining_macrocycle; max_phase=None
PREMAC_d8e36d0dcd,ChEMBL_macrocycle_scan,CHEMBL440097,CN1C(=O)[C@@H](Cc2ccc(O)c([125I])c2)NC(=O)c2cccc(c2)CNC(=O)[C@H](CC(=O)O)NC(=O)CNC(=O)[C@@H]1CCCN=C(N)N.O=C(O)C(F)(F)F,OBBIBPBHRRQXGJ-ONNUHWOPSA-N,,,,broad_macrocycle_pretrain,,,18,True,False,pretrain_train,pretraining_macrocycle; max_phase=None
PREMAC_fdf8104968,ChEMBL_macrocycle_scan,CHEMBL278223,CC(C)C[C@@H]1NC(=O)[C@@H]2CNC(=O)C[C@H](NC(=O)[C@H](CSCC3O[C@@H](O)C(O)[C@H](O)[C@H]3O)CNC1=O)C(=O)N[C@@H](Cc1c[nH]c3ccccc13)C(=O)N[C@@H](Cc1ccccc1)C(=O)N2,JBKYEZRNAXELBJ-LWSRQTGQSA-N,,,,broad_macrocycle_pretrain,,,15,True,False,pretrain_train,pretraining_macrocycle; max_phase=None
PREMAC_e6f87ccd7d,ChEMBL_macrocycle_scan,CHEMBL266373,CC[C@H]1OC(=O)CC(O)[C@H](C)[C@@H](O[C@@H]2O[C@H](C)C[C@H](N(C)C)[C@H]2O)[C@@H](CCN(CC)CC)C[C@@H](C)C(=O)/C=C/C(C)=C/[C@@H]1C,NZKUZTYTBFSNID-NGCNCOPKSA-N,,,,broad_macrocycle_pretrain,,,16,True,False,pretrain_train,pretraining_macrocycle; max_phase=None
PREMAC_59c731c851,ChEMBL_macrocycle_scan,CHEMBL21671,COC(=O)CCNCCN(CCNCCC(=O)OC)CCNC1CCCCCCCCCCC1,JNUOJTVCAVDFIM-UHFFFAOYSA-N,,,,broad_macrocycle_pretrain,,,12,True,False,pretrain_train,pretraining_macrocycle; max_phase=None
PREMAC_41252511f1,ChEMBL_macrocycle_scan,CHEMBL55580,CO/C1=C\C(C)=C\[C@@H](C)[C@@H](O)[C@@H](C)C/C(C)=C/C=C/[C@H](OC)[C@@H]([C@@H](C)[C@@H](O)[C@H](C)[C@@]2(O)C[C@@H](C(=O)Oc3ccccc3)[C@H](C)[C@@H](C(C)C)O2)OC1=O,OSLYGEOFIZTCCJ-KLGRNRQOSA-N,,,,broad_macrocycle_pretrain,,,16,True,False,pretrain_train,pretraining_macrocycle; max_phase=None
PREMAC_0d7d4bd7c0,ChEMBL_macrocycle_scan,CHEMBL410404,C[C@@H](O)[C@H](NC(=O)[C@H]1CSSC[C@H](NC(=O)[C@H](N)Cc2ccccc2)C(=O)N[C@@H](Cc2c[nH]cn2)C(=O)N[C@@H](Cc2ccccc2)C(=O)N[C@@H](CCCN=C(N)N)C(=O)N[C@H](Cc2c[nH]c3ccccc23)C(=O)N1)C(N)=O,HGUGDVPBNFFDAR-NVTBXEIASA-N,,,,broad_macrocycle_pretrain,,,20,True,False,pretrain_train,pretraining_macrocycle; max_phase=None
PREMAC_f7a02082db,ChEMBL_macrocycle_scan,CHEMBL288216,CC[C@H]1OC(=O)[C@H](C)[C@@H](O)[C@H](C)[C@@H](OC2O[C@H](C)C[C@H](N(C)C)[C@H]2O)[C@@](C)(OC)C[C@@H](C)C(=O)[C@H](C)[C@H]2N(CCc3ccc(Cl)cc3)C(=O)O[C@]12C,ZQHDNOPMHPQULD-XPTBBACVSA-N,,,,broad_macrocycle_pretrain,,,14,True,False,pretrain_train,pretraining_macrocycle; max_phase=None
PREMAC_62613097aa,ChEMBL_macrocycle_scan,CHEMBL268650,CC[C@H]1OC(=O)C[C@@H](O)[C@H](C)[C@@H](O[C@@H]2O[C@H](C)[C@@H](O[C@H]3C[C@@](C)(O)[C@@H](O)[C@H](C)O3)[C@H](N(C)C)[C@H]2O)[C@@H](CCOC(C(F)(F)F)C(F)(F)F)C[C@@H](C)C(=O)/C=C/C(C)=C/[C@@H]1CO[C@@H]1O[C@H](C)[C@@H](O)[C@@H](OC)[C@H]1OC,QNDGMWYLNUORHW-KSUBGMHHSA-N,,,,broad_macrocycle_pretrain,,,16,True,False,pretrain_train,pretraining_macrocycle; max_phase=None
PREMAC_16dc0982dd,ChEMBL_macrocycle_scan,CHEMBL291579,CC(C)(C)C[C@H]1NC(=O)CSC[C@@H](C(=O)O)NC(=O)[C@H](CC(=O)O)NC(=O)CNC(=O)[C@H](CCCN=C(N)N)NC1=O,BEIUZYAXIMVQKS-XQLPTFJDSA-N,,,,broad_macrocycle_pretrain,,,18,True,False,pretrain_train,pretraining_macrocycle; max_phase=None
PREMAC_a6448c78f2,ChEMBL_macrocycle_scan,CHEMBL8097,CCCCCCC[C@H]1OC(=O)C[C@@H](O)[C@H](Cc2ccccc2)N(C)C(=O)[C@H](C)OC(=O)[C@H]1C,LMKYKYILQNHPKH-PXVQWCDCSA-N,,,,broad_macrocycle_pretrain,,,12,True,False,pretrain_train,pretraining_macrocycle; max_phase=None
PREMAC_5ceeb35df9,ChEMBL_macrocycle_scan,CHEMBL296971,CC[C@H]1OC(=O)/C(C)=C/[C@H](C)[C@@H](O[C@@H]2O[C@H](C)C[C@H](N(C)C)[C@H]2O)[C@@](C)(OC)C[C@@H](C)C(=O)[C@H](C)[C@H]2N(NCCCc3ccc(N)cc3)C(=O)O[C@]12C,PHQJDVFSTWWVCA-ZBEQBWKJSA-N,,,,broad_macrocycle_pretrain,,,14,True,False,pretrain_train,pretraining_macrocycle; max_phase=None
PREMAC_ee666ff4a6,ChEMBL_macrocycle_scan,CHEMBL267568,CC[C@H]1OC(=O)[C@H](C)[C@@H](OC(=O)N2CC(C)OC2=O)[C@H](C)[C@@H](OC2O[C@H](C)C[C@H](N(C)C(C)C)[C@H]2O)[C@@](C)(OC)C[C@@H](C)C(=O)[C@H](C)[C@H]2N(CCc3ccc(Cl)cc3)C(=O)O[C@]12C,IUKDYEARNZNKQU-ORYMAKSBSA-N,,,,broad_macrocycle_pretrain,,,14,True,False,pretrain_train,pretraining_macrocycle; max_phase=None
PREMAC_061931a10c,ChEMBL_macrocycle_scan,CHEMBL428109,NC(=O)CC[C@H]1NC(=O)[C@H](Cc2ccccc2)NC(=O)[C@@H](Cc2ccc(O)cc2)NC(=O)[C@H](N)CSSC[C@@H](C(=O)NCC(=O)N[C@@H](CCCN=C(N)N)C(=O)NCC(=O)O)NC(=O)[C@H](CC(N)=O)NC1=O,WKGLKNPDUGCXHO-YPTHTFKISA-N,,,,broad_macrocycle_pretrain,,,20,True,False,pretrain_train,pretraining_macrocycle; max_phase=None
PREMAC_61009b650f,ChEMBL_macrocycle_scan,CHEMBL13537,COc1ccc(C[C@H]2NC(=O)/C=C/C[C@@H](C(O)C#Cc3ccccc3)OC(=O)[C@H](CC(C)C)OC(=O)[C@@H](C)CNC2=O)cc1,IDCLSLFWDSXUKP-HUFVFGDBSA-N,,,,broad_macrocycle_pretrain,,,16,True,False,pretrain_train,pretraining_macrocycle; max_phase=None
PREMAC_6c48afdf52,ChEMBL_macrocycle_scan,CHEMBL62007,CNC(=O)[C@@H]1Cc2ccc(cc2)OCCCCC[C@H](C(=O)NO)[C@@H](CC(C)C)C(=O)N1,LBZOGBFXCHOCBC-ZCNNSNEGSA-N,,,,broad_macrocycle_pretrain,,,16,True,False,pretrain_train,pretraining_macrocycle; max_phase=None
PREMAC_b0d776c277,ChEMBL_macrocycle_scan,CHEMBL269545,COc1ccc(C[C@H]2NC(=O)/C=C/C[C@@H](C(/C=C/c3ccccc3)OC(C)=O)OC(=O)[C@H](CC(C)C)OC(=O)[C@H](C)CNC2=O)cc1,OJPSGQXEFOBQMC-ORJBIDBCSA-N,,,,broad_macrocycle_pretrain,,,16,True,False,pretrain_train,pretraining_macrocycle; max_phase=None
PREMAC_12d6b6dfc9,ChEMBL_macrocycle_scan,CHEMBL12666,CC[C@H]1OC(=O)[C@H](C)[C@@H](OC(=O)N2CCCC2)[C@H](C)[C@@H](OC2O[C@H](C)C[C@H](N(C)C(C)C)[C@H]2O)[C@@](C)(OC)C[C@@H](C)C(=O)[C@H](C)[C@H]2N(CCc3ccc(Cl)cc3)C(=O)O[C@]12C,TYSBLBWVIHFXHE-GRGHQODPSA-N,,,,broad_macrocycle_pretrain,,,14,True,False,pretrain_train,pretraining_macrocycle; max_phase=None
PREMAC_7eb64c9207,ChEMBL_macrocycle_scan,CHEMBL406290,CNCC(=O)N[C@@H](CCCN=C(N)N)C(=O)N[C@H]1CCSS[C@H]2C[C@@H](C(=O)N[C@@H](Cc3c[nH]cn3)C(=O)N3CCC[C@H]3C(=O)N[C@@H](Cc3ccccc3)C(=O)O)N(C2)C(=O)[C@H](Cc2ccc(O)cc2)NC1=O,MZBJHWJCYUAEBH-QSVFAHTRSA-N,,,,broad_macrocycle_pretrain,,,12,True,False,pretrain_train,pretraining_macrocycle; max_phase=None
PREMAC_c21c621ab5,ChEMBL_macrocycle_scan,CHEMBL80626,C[C@H](c1ccc(O)cc1)[C@@H](N)C(=O)N[C@H]1C(=O)NCC(=O)N[C@@H](Cc2ccccc2)C(=O)N[C@@H](C(=O)O)C(C)(C)SSC1(C)C,ABAHQIMHTWGRPU-ODJGSJHLSA-N,,,,broad_macrocycle_pretrain,,,14,True,False,pretrain_train,pretraining_macrocycle; max_phase=None
PREMAC_b3e47b8bda,ChEMBL_macrocycle_scan,CHEMBL276816,NCCC[C@H](N)CC(=O)NC1CNC(=O)[C@@H](C2CC(NC(=O)OCc3cccc(I)c3)N=C(N)N2)NC(=O)/C(=C/NC(N)=O)NC(=O)[C@@H](CO)NC(=O)[C@@H](CO)NC1=O,DOGCYWMQCHQGHN-WJIWHGLWSA-N,,,,broad_macrocycle_pretrain,,,16,True,False,pretrain_train,pretraining_macrocycle; max_phase=None
PREMAC_f8738ee673,ChEMBL_macrocycle_scan,CHEMBL291225,CCCOC(C)C1=C(C)c2cc3nc(c4c5[nH]c(cc6[nH]c(cc1n2)c(C)c6CC)c(C)c5C(=O)N(CCC)C4=O)[C@@H](CCC(=O)OC)[C@@H]3C,YZVHRACDIMNFOF-USOGPTGWSA-N,,,,broad_macrocycle_pretrain,,,16,True,False,pretrain_train,pretraining_macrocycle; max_phase=None
PREMAC_0a8b93721c,ChEMBL_macrocycle_scan,CHEMBL65138,N=C(N)NCCC[C@@H]1NC(=O)CCNC(=O)CSC[C@@H](C(=O)O)NC(=O)[C@H](CC(=O)O)NC(=O)CNC1=O,KXTBADBGYGMUFO-SRVKXCTJSA-N,,,,broad_macrocycle_pretrain,,,19,True,False,pretrain_train,pretraining_macrocycle; max_phase=None
PREMAC_dfffe49495,ChEMBL_macrocycle_scan,CHEMBL278190,CC[C@H]1OC(=O)[C@H](C)[C@H]2OC3(CCN(C(=O)c4c[nH]c5ccccc45)CC3)O[C@](C)(C[C@@H](C)CN[C@H](C)[C@@H](O)[C@]1(C)O)[C@H](O[C@@H]1O[C@H](C)C[C@H](N(C)C)[C@H]1O)[C@H]2C,JTHKRBMFBIZTAE-KPPVGCFLSA-N,,,,broad_macrocycle_pretrain,,,15,True,False,pretrain_train,pretraining_macrocycle; max_phase=None
PREMAC_b633263d14,ChEMBL_macrocycle_scan,CHEMBL12015,CCCCC[C@]1(C)/C=C\C2[C@H](O)C[C@H](O)[C@@H]2C/C=C\CCCC(=O)O1,HWOPMIJWXGQTJL-MSTYCCLKSA-N,,,,broad_macrocycle_pretrain,,,13,True,False,pretrain_train,pretraining_macrocycle; max_phase=None
PREMAC_75433164e7,ChEMBL_macrocycle_scan,CHEMBL291252,C=C(C)CN1C(=O)[C@@H](C)NC(=O)[C@@H]2Cc3ccc(OC)c(c3)Oc3ccc(cc3)C[C@@H](C(=O)N2C)N(C)C(=O)[C@H](C)NC(=O)[C@H](Cc2ccc(OC)cc2)N(C)C(=O)[C@@H]1C,HPJWPBPTBBPODN-GRCQCCPSSA-N,,,,broad_macrocycle_pretrain,,,18,True,False,pretrain_train,pretraining_macrocycle; max_phase=None
PREMAC_f96cf50a52,ChEMBL_macrocycle_scan,CHEMBL297753,CC[C@H]1OC(=O)/C(C)=C/[C@H](C)[C@@H](O[C@@H]2O[C@H](C)C[C@H](N(C)C)[C@H]2O)[C@@](C)(OC)C[C@@H](C)C(=O)[C@H](C)[C@H]2N(NCCCc3cccc([N+](=O)[O-])c3)C(=O)O[C@]12C,SKOMOESERJBFRP-GZXMRBOCSA-N,,,,broad_macrocycle_pretrain,,,14,True,False,pretrain_train,pretraining_macrocycle; max_phase=None
PREMAC_2ac79b904e,ChEMBL_macrocycle_scan,CHEMBL79533,CC1CCOC(=O)/C=C/C=C\C(=O)O[C@@H]2C[C@H]3O[C@@H]4C=C(CO)CC[C@]4(COC(=O)C1O)[C@]2(C)C31CO1,CHWMTSYJQGXKSR-KCKQQGKLSA-N,,,,broad_macrocycle_pretrain,,,18,True,False,pretrain_train,pretraining_macrocycle; max_phase=None
PREMAC_c8d6293cbc,ChEMBL_macrocycle_scan,CHEMBL298596,COC(=O)[C@@H]1C[C@](O)([C@@H](C)[C@H](O)[C@H](C)[C@H]2OC(=O)/C(OC)=C/C(C)=C/[C@@H](C)[C@@H](O)[C@@H](C)C/C(C)=C/C=C/[C@@H]2OC)O[C@H](C(C)C)[C@H]1C,DVHPZDAMZAOCIR-RMAHDPAMSA-N,,,,broad_macrocycle_pretrain,,,16,True,False,pretrain_train,pretraining_macrocycle; max_phase=None
PREMAC_cc68c38438,ChEMBL_macrocycle_scan,CHEMBL40000,COC(=O)[C@@H]1CSCc2cccc(C)c2C(=O)OCC(NC(=O)OC(C)(C)C)C(=O)N1,GWTCNWUWDXFHIQ-LOACHALJSA-N,,,,broad_macrocycle_pretrain,,,12,True,False,pretrain_train,pretraining_macrocycle; max_phase=None
PREMAC_22c0abc537,ChEMBL_macrocycle_scan,CHEMBL55422,COC(=O)[C@@H]1[C@H](C)/C=C(C)/C=C(\OC)C(=O)O[C@H]([C@@H](C)[C@@H](O)[C@H](C)[C@@]2(O)C[C@@H](OC)[C@H](C)[C@@H](C(C)C)O2)[C@@H](OC)/C=C/C=C(\C)C[C@@H]1C,KSAGIMHBQCSADU-WMFIAHLXSA-N,,,,broad_macrocycle_pretrain,,,16,True,False,pretrain_train,pretraining_macrocycle; max_phase=None
PREMAC_026c7f0707,ChEMBL_macrocycle_scan,CHEMBL27360,CC[C@H]1OC(=O)[C@H](C)[C@H]2OC3(CCN(c4ccc([N+](=O)[O-])cn4)CC3)O[C@](C)(C[C@@H](C)CN[C@H](C)[C@@H](O)[C@]1(C)O)[C@H](O[C@@H]1O[C@H](C)CC(N(C)C)[C@H]1O)[C@H]2C,ONAAIJSVISHANW-KFJUZQFMSA-N,,,,broad_macrocycle_pretrain,,,15,True,False,pretrain_train,pretraining_macrocycle; max_phase=None
PREMAC_5999c0cf73,ChEMBL_macrocycle_scan,CHEMBL385566,C[C@@H](O)[C@H](NC(=O)[C@@H]1NC(=O)[C@@H](CO)NC(=O)[C@H](CCCN=C(N)N)NC(=O)[C@H](Cc2c[nH]c3ccccc23)NC(=O)[C@H](Cc2ccc(O)cc2)NC(=O)[C@@H](NC(=O)[C@H](N)Cc2ccccc2)CSSC1(C)C)C(N)=O,QZTGYAVOYPDBEY-KGVZURNFSA-N,,,,broad_macrocycle_pretrain,,,20,True,False,pretrain_train,pretraining_macrocycle; max_phase=None
PREMAC_a04c5cf1cd,ChEMBL_macrocycle_scan,CHEMBL21467,NCCN(CCNC1CCCCCCCCCCCCCC1)CCNC1CCCCCCCCCCCCCC1,NJBKXHKOUMYEST-UHFFFAOYSA-N,,,,broad_macrocycle_pretrain,,,15,True,False,pretrain_train,pretraining_macrocycle; max_phase=None
PREMAC_0ce71de47a,ChEMBL_macrocycle_scan,CHEMBL27795,CC[C@H]1OC(=O)[C@H](C)[C@H]2OC3(CCN(c4nc5ccccc5[nH]4)CC3)O[C@](C)(C[C@@H](C)CN(C)[C@H](C)[C@@H](O)[C@]1(C)O)[C@H](O[C@@H]1O[C@H](C)CC(N(C)C)[C@H]1O)[C@H]2C,HGYQSGCPOFGUQK-CBBNIXPBSA-N,,,,broad_macrocycle_pretrain,,,15,True,False,pretrain_train,pretraining_macrocycle; max_phase=None
PREMAC_f744fc927f,ChEMBL_macrocycle_scan,CHEMBL297388,CC[C@H]1OC(=O)/C(C)=C/[C@H](C)[C@@H](O[C@@H]2O[C@H](C)C[C@H](N(C)C)[C@H]2O)[C@@](C)(OC)C[C@@H](C)C(=O)[C@H](C)[C@H]2N(NCCCn3nc4ccccc4n3)C(=O)O[C@]12C,UBUAZDNLNJOCPI-ZBEQBWKJSA-N,,,,broad_macrocycle_pretrain,,,14,True,False,pretrain_train,pretraining_macrocycle; max_phase=None
PREMAC_328482c957,ChEMBL_macrocycle_scan,CHEMBL292702,COc1cc2cc(c1Cl)N(C)C(=O)C[C@H](OC(=O)[C@H](C)N(C)C(C)=O)[C@]1(C)O[C@H]1[C@H](C)[C@@H]1C[C@@](O)(NC(=O)O1)[C@H](OC)/C=C/C=C(\C)C2,WKPWGQKGSOKKOO-RSFHAFMBSA-N,,,,broad_macrocycle_pretrain,,,19,True,False,pretrain_train,pretraining_macrocycle; max_phase=2.0
PREMAC_56488c063f,ChEMBL_macrocycle_scan,CHEMBL285987,CCCCCCCOCc1c2nc(c3c4nc(cc5[nH]c(cc6[nH]c1c(C)c6CC)c(C)c5CC)C(C)=C4C(=O)N(CCCCCC)C3=O)[C@@H](CCC(=O)OC)[C@@H]2C,DNNGAIXFUXNDRH-NHZFLZHXSA-N,,,,broad_macrocycle_pretrain,,,16,True,False,pretrain_train,pretraining_macrocycle; max_phase=None
PREMAC_887ca39a11,ChEMBL_macrocycle_scan,CHEMBL298283,CC[C@H]1OC(=O)C[C@@H](O)[C@H](C)[C@@H](O[C@@H]2O[C@H](C)[C@@H](O[C@H]3C[C@@](C)(O)[C@@H](O)[C@H](C)O3)[C@H](N(C)C)[C@H]2O)[C@@H](CCO)C[C@@H](C)C(=O)/C=C/C(C)=C/[C@@H]1CO[C@@H]1O[C@H](C)[C@@H](O)[C@@H](OC)[C@H]1OC,QDAVFUSCCPXZTE-VMXQISHHSA-N,,,,broad_macrocycle_pretrain,,,16,True,False,pretrain_train,pretraining_macrocycle; max_phase=2.0
PREMAC_198f2ec0a7,ChEMBL_macrocycle_scan,CHEMBL15994,NCCC[C@H](N)CC(=O)NC[C@@H]1NC(=O)[C@H](CO)NC(=O)C(NC(=O)[C@@H](O)CCN)CNC(=O)[C@H](C2CCN=C(N)N2)NC(=O)/C(=C/NC(=O)Nc2ccc(C3CCCCC3)cc2)NC1=O,XGZOXLDMEVHZEJ-OYENYGGTSA-N,,,,broad_macrocycle_pretrain,,,16,True,False,pretrain_train,pretraining_macrocycle; max_phase=None
PREMAC_bbcc51059c,ChEMBL_macrocycle_scan,CHEMBL311661,CC1=C[C@H]2O[C@@H]3C[C@H]4OC(=O)/C=C\C=C\C(=O)OCC/C(C)=C/C(=O)OC[C@@]2(C[C@H]1O)[C@]4(C)C31CO1,BOMPKFLFSCDGLF-ZHTUSYDASA-N,,,,broad_macrocycle_pretrain,,,18,True,False,pretrain_train,pretraining_macrocycle; max_phase=None
PREMAC_d688060f54,ChEMBL_macrocycle_scan,CHEMBL427585,CC[C@H]1OC(=O)C[C@@H](O)[C@H](C)[C@@H](O[C@@H]2O[C@H](C)[C@@H](O[C@H]3C[C@@](C)(O)[C@@H](O)[C@H](C)O3)[C@H](N(C)C)[C@H]2O)[C@@H](CCN2CCCCCCC2)C[C@@H](C)C(=O)/C=C/C(C)=C/[C@@H]1CO[C@@H]1O[C@H](C)[C@@H](O)[C@@H](OC)[C@H]1OC,XOFMLBDXYDLTHS-VTAWRFMPSA-N,,,,broad_macrocycle_pretrain,,,16,True,False,pretrain_train,pretraining_macrocycle; max_phase=None
PREMAC_b311255835,ChEMBL_macrocycle_scan,CHEMBL43315,CC[C@H]1OC(=O)/C(C)=C/[C@H](C)[C@@H](O[C@@H]2O[C@H](C)C[C@H](N(C)C)[C@H]2O)[C@@](C)(OC)C[C@@H](C)C(=O)[C@@H](C)[C@H]2N(N)C(=O)O[C@]12C,NGTAEMDMCCGMIX-AZNUDYJJSA-N,,,,broad_macrocycle_pretrain,,,14,True,False,pretrain_train,pretraining_macrocycle; max_phase=None
PREMAC_8411853b43,ChEMBL_macrocycle_scan,CHEMBL39969,CCCCCCC[C@H]1OC(=O)C[C@@H](OCOC)[C@H](Cc2ccccc2)N(C)C(=O)[C@H](C)OC(=O)[C@H]1C,PPKAEAOAOBQBQA-LYIXCCSJSA-N,,,,broad_macrocycle_pretrain,,,12,True,False,pretrain_train,pretraining_macrocycle; max_phase=None
PREMAC_d5fdc1da70,ChEMBL_macrocycle_scan,CHEMBL28788,CC[C@H]1OC(=O)[C@H](C)[C@H]2OC3(CCN(c4ncccc4[N+](=O)[O-])CC3)O[C@](C)(C[C@@H](C)CN[C@H](C)[C@@H](O)[C@]1(C)O)[C@H](O[C@@H]1O[C@H](C)CC(N(C)C)[C@H]1O)[C@H]2C,NTKMKXSBFAUUIY-VJZZHUNNSA-N,,,,broad_macrocycle_pretrain,,,15,True,False,pretrain_train,pretraining_macrocycle; max_phase=None
PREMAC_39f871d73b,ChEMBL_macrocycle_scan,CHEMBL46367,CC[C@H]1OC(=O)C[C@@H](O)[C@H](C)[C@@H](O[C@@H]2O[C@H](C)[C@@H](O)[C@H](N(C)C)[C@H]2O)[C@@H](CCN2C(=O)c3ccccc3C2=O)C[C@@H](C)C(=O)/C=C/C(C)=C/[C@@H]1C,JNPWHSCVBFOGTM-OUTYMMBLSA-N,,,,broad_macrocycle_pretrain,,,16,True,False,pretrain_train,pretraining_macrocycle; max_phase=None
PREMAC_be958fb1b3,ChEMBL_macrocycle_scan,CHEMBL302232,CC[C@H]1OC(=O)[C@H](C)[C@@H](O[C@H]2C[C@@](C)(OC)[C@@](O)(c3cc4ccccc4n3C)[C@H](C)O2)[C@H](C)[C@@H](O[C@@H]2O[C@H](C)C[C@H](N(C)C)[C@H]2O)[C@](C)(O)C[C@@H](C)CN[C@H](C)[C@@H](O)[C@]1(C)O,JWGRHDVHNCMOFN-KZEIKKQFSA-N,,,,broad_macrocycle_pretrain,,,15,True,False,pretrain_train,pretraining_macrocycle; max_phase=None
PREMAC_f38558b4c8,ChEMBL_macrocycle_scan,CHEMBL273985,C=Cc1c(C)c2cc3[nH]c(cc4nc(cc5nc(cc1[nH]2)C(C)=C5CCC(=O)O)C(CCC(=O)O)=C4C)c(C)c3C(C)O,YFPRKBHRSWJRBU-UHFFFAOYSA-N,,,,broad_macrocycle_pretrain,,,16,True,False,pretrain_train,pretraining_macrocycle; max_phase=None
PREMAC_e16b25bb44,ChEMBL_macrocycle_scan,CHEMBL17058,CC(=O)N1CCC(c2ccc(O)cc2)C1C(=O)N[C@H]1CCSCC[C@@H](C(=O)O)NC(=O)C2(CCCC2)CCNC1=O,SRLYNPVHVAXJEQ-XZZNXKJUSA-N,,,,broad_macrocycle_pretrain,,,14,True,False,pretrain_train,pretraining_macrocycle; max_phase=None
PREMAC_075add2307,ChEMBL_macrocycle_scan,CHEMBL423490,N=C(N)NCCC[C@@H]1NC(=O)[C@H](Cc2ccccc2)NC(=O)CSC[C@@H](C(=O)O)NC(=O)[C@H](CC(=O)O)NC(=O)CNC1=O,VSEAEAOBIZHMFV-XSLAGTTESA-N,,,,broad_macrocycle_pretrain,,,18,True,False,pretrain_train,pretraining_macrocycle; max_phase=None
PREMAC_19d8e80390,ChEMBL_macrocycle_scan,CHEMBL21758,c1ccc(CNCCN(CCNC2CCCCCCCCCCC2)CCNC2CCCCCCCCCCC2)cc1,OMBUEWSJCNOBSX-UHFFFAOYSA-N,,,,broad_macrocycle_pretrain,,,12,True,False,pretrain_train,pretraining_macrocycle; max_phase=None
PREMAC_20c42181ef,ChEMBL_macrocycle_scan,CHEMBL287907,COC(=O)[C@@H]1CSCc2c(O)cccc2C(=O)OCC(NC(=O)[C@H](CO)NC(=O)OC(C)(C)C)C(=O)N1,UJFAOEXXDNALOU-AQOJYXMDSA-N,,,,broad_macrocycle_pretrain,,,12,True,False,pretrain_train,pretraining_macrocycle; max_phase=None
PREMAC_5e89060cd6,ChEMBL_macrocycle_scan,CHEMBL13594,COc1ccc(C[C@H]2NC(=O)/C=C/C[C@@H](CCCc3ccccc3)OC(=O)[C@H](CC(C)C)OC(=O)CCNC2=O)cc1Cl,IYPGTDHKYXWYSZ-OZJVSQTJSA-N,,,,broad_macrocycle_pretrain,,,16,True,False,pretrain_train,pretraining_macrocycle; max_phase=None
PREMAC_14a5f93efe,ChEMBL_macrocycle_scan,CHEMBL47771,CC(=O)O[C@H]1CC/C(C)=C\CC[C@]2(C)[C@@H]([C@H](C)CCCC(C)C)CC[C@H]2c2ccc(cc2CO)C1,MAKGOTXYJQHSJB-CZFGXCISSA-N,,,,broad_macrocycle_pretrain,,,14,True,False,pretrain_train,pretraining_macrocycle; max_phase=None
PREMAC_c0e72b7ae9,ChEMBL_macrocycle_scan,CHEMBL312204,CC1CCOC(=O)/C=C/C=C\C(=O)O[C@@H]2C[C@H]3O[C@@H]4[C@@H]5O[C@]5(CO)CC[C@]4(COC(=O)C1O)[C@]2(C)C31CO1,IOPKZMJIPNQIGU-BVJSAGQGSA-N,,,,broad_macrocycle_pretrain,,,18,True,False,pretrain_train,pretraining_macrocycle; max_phase=None
PREMAC_7330d6399c,ChEMBL_macrocycle_scan,CHEMBL431138,N=C(N)NCCC[C@@H]1NC(=O)[C@@H]2CCCN2C(=O)CSC[C@@H](C(=O)O)NC(=O)[C@H](CC(=O)O)NC(=O)CNC1=O,CCEWOJIAQCICDN-XUXIUFHCSA-N,,,,broad_macrocycle_pretrain,,,18,True,False,pretrain_train,pretraining_macrocycle; max_phase=None
PREMAC_5c3ce46211,ChEMBL_macrocycle_scan,CHEMBL310888,CC[C@H]1OC(=O)[C@H](C)C(=O)[C@H](C)[C@@H](OC2O[C@H](C)C[C@H](N(C)C)[C@H]2O)[C@@](C)(OCC#Cc2ccc(-c3nnn(C)n3)s2)C[C@@H](C)/C(=N\OC)[C@H](C)[C@H]2NC(=O)O[C@@]21C,PXIHARSJDFSIEX-IRVDOUHXSA-N,,,,broad_macrocycle_pretrain,,,14,True,False,pretrain_train,pretraining_macrocycle; max_phase=None
PREMAC_44d6edc048,ChEMBL_macrocycle_scan,CHEMBL40845,COc1cc(O)c2c(c1C)C(=O)OC[C@H](NC(=O)OC(C)(C)C)C(=O)N[C@H](C(N)=O)CSC2,RNQHWDRNZRYROG-STQMWFEESA-N,,,,broad_macrocycle_pretrain,,,12,True,False,pretrain_train,pretraining_macrocycle; max_phase=None
PREMAC_7828358574,ChEMBL_macrocycle_scan,CHEMBL412634,CC[C@H]1COC(=O)N1C(=O)O[C@H]1[C@H](C)[C@@H](OC2O[C@H](C)C[C@H](N(C)C(C)C)[C@H]2O)[C@@](C)(OC)C[C@@H](C)C(=O)[C@H](C)[C@H]2N(CCc3ccc(Cl)cc3)C(=O)O[C@]2(C)[C@@H](CC)OC(=O)[C@@H]1C,PZJHYOBXDHQHBK-XPVPJXBTSA-N,,,,broad_macrocycle_pretrain,,,14,True,False,pretrain_train,pretraining_macrocycle; max_phase=None
PREMAC_f1dcf18786,ChEMBL_macrocycle_scan,CHEMBL285891,Oc1cccc(-c2c3nc(c(-c4cccc(O)c4)c4ccc([nH]4)c(-c4cccc(O)c4)c4ccc([nH]4)c(-c4cccc(O)c4)c4nc2C=C4)C=C3)c1,XAEPFBXVLMACNN-UHFFFAOYSA-N,,,,broad_macrocycle_pretrain,,,16,True,False,pretrain_train,pretraining_macrocycle; max_phase=None
PREMAC_e74df1588e,ChEMBL_macrocycle_scan,CHEMBL28459,COOC1(OOCCCCCCO)CCCCCCCCCCC1,NWKMHASNBSLVAZ-UHFFFAOYSA-N,,,,broad_macrocycle_pretrain,,,12,True,False,pretrain_train,pretraining_macrocycle; max_phase=None
PREMAC_c5c895246a,ChEMBL_macrocycle_scan,CHEMBL269170,CC(=O)OC1C(=O)OC[C@]23CC[C@H](C)C[C@H]2O[C@@H]2C[C@@H](OC(=O)/C=C\C=C\C(=O)OCCC1C)[C@@]3(C)C21CO1,OWEYYAQMUBJLBM-VAHRDVQFSA-N,,,,broad_macrocycle_pretrain,,,18,True,False,pretrain_train,pretraining_macrocycle; max_phase=None
PREMAC_6ec4e0c05e,ChEMBL_macrocycle_scan,CHEMBL309627,O=C(CCCC(=O)N1CCCNCCNCCCNCC1)N1CCCNCCNCCCNCC1,SQFVERAZRGKDRW-UHFFFAOYSA-N,,,,broad_macrocycle_pretrain,,,14,True,False,pretrain_train,pretraining_macrocycle; max_phase=None
PREMAC_e7565578db,ChEMBL_macrocycle_scan,CHEMBL299311,COc1ccc(C[C@H]2NC(=O)/C=C/C[C@@H]([C@H](C)C3OC3c3ccccc3)OC(=O)[C@H](CC(C)C)OCCNC2=O)cc1,TZPUAUOAKASUHL-LEXSYOAOSA-N,,,,broad_macrocycle_pretrain,,,15,True,False,pretrain_train,pretraining_macrocycle; max_phase=None
PREMAC_c4a240c451,ChEMBL_macrocycle_scan,CHEMBL262499,CCOc1ccc(C[C@H]2NC(=O)CC3(CCCCC3)SSC[C@H](C(=O)N3CCC[C@H]3C(=O)N[C@H](CCCCN)C(N)=O)NC(=O)[C@@H](CC(N)=O)NC(=O)[C@H](C(C)C)NC(=O)[C@@H](Cc3ccccc3)NC2=O)cc1,GBIDPAPOSPLFEC-YJXPDNFRSA-N,,,,broad_macrocycle_pretrain,,,20,True,False,pretrain_train,pretraining_macrocycle; max_phase=None
PREMAC_c7f136bb66,ChEMBL_macrocycle_scan,CHEMBL297503,O=C(Cn1c2c(c(=O)n3nc(-c4ccccc4)cc13)CN(C1CCCCCCCCCCC1)C2=O)c1ccccc1,IIRHSNCNHQJUEH-UHFFFAOYSA-N,,,,broad_macrocycle_pretrain,,,12,True,False,pretrain_train,pretraining_macrocycle; max_phase=None
PREMAC_2cd273df71,ChEMBL_macrocycle_scan,CHEMBL277326,CC[C@H](C)[C@H]1O[C@]2(CC[C@@H]1C)C[C@@H]1C[C@@H](C/C=C(\C)[C@@H](O[C@H]3C[C@H](OC)[C@@H](O[C@H]4C[C@H](OC)[C@@H](O)[C@H](C)O4)[C@H](C)O3)[C@@H](C)/C=C/C=C3\CO[C@@H]4[C@H](OC)C(C)=C[C@@H](C(=O)O1)[C@]34O)O2,IFVXVTAOFPRCBD-SQOHEDJBSA-N,,,,broad_macrocycle_pretrain,,,16,True,False,pretrain_train,pretraining_macrocycle; max_phase=None
PREMAC_49a94fb51a,ChEMBL_macrocycle_scan,CHEMBL70024,NC(=O)C[C@@H]1NC(=O)C2(CCCCC2)NC(=O)[C@@H](CC(=O)O)[C@@H](c2ccc(C(C(=O)[O-])C(=O)[O-])cc2)/C=C/C[C@@H](Cc2cccc3ccccc23)CNC1=O.[Na+].[Na+],IMXNBRPNRNFHSM-UAWPCHCESA-L,,,,broad_macrocycle_pretrain,,,15,True,False,pretrain_train,pretraining_macrocycle; max_phase=None
PREMAC_f410ff012e,ChEMBL_macrocycle_scan,CHEMBL299395,C=C(CO)[C@H]1C[C@H](OC(C)=O)[C@@]23O[C@@H]2[C@@H](C[C@]2(C)O[C@H]2c2cc(C)c(o2)[C@@H]1OC(C)=O)OC3O,SNJPTPOTSXBKIB-IFHCYGNOSA-N,,,,broad_macrocycle_pretrain,,,13,True,False,pretrain_train,pretraining_macrocycle; max_phase=None
PREMAC_75b44af5a1,ChEMBL_macrocycle_scan,CHEMBL413847,CC(=O)N[C@@H](Cc1ccc(O)cc1)C(=O)N[C@@H]1C(=O)N[C@@H](Cc2ccc(O)cc2)C(=O)NCC(=O)N[C@@H](CO)C(=O)N[C@H](Cc2ccccc2)C(=O)N[C@@H](C(=O)N[C@@H](CCCCN)C(=O)N[C@@H](CCCCN)C(N)=O)CSSC1(C)C,XIEUPQCARGIGOP-ZEUUDXFQSA-N,,,,broad_macrocycle_pretrain,,,20,True,False,pretrain_train,pretraining_macrocycle; max_phase=None
PREMAC_abfc3b0c85,ChEMBL_macrocycle_scan,CHEMBL52073,N#Cc1ccc2cc1Oc1ccc3cccc(c3c1)N1CCN(CC1=O)Cc1cncn1C2,NLKNPWNNYCYNKB-UHFFFAOYSA-N,,,,broad_macrocycle_pretrain,,,16,True,False,pretrain_train,pretraining_macrocycle; max_phase=None
PREMAC_3970a2472c,ChEMBL_macrocycle_scan,CHEMBL19980,C[C@H]1CCC/C=C/[C@@H]2C[C@H](O)C[C@H]2[C@H](O)/C=C/C(=O)O1,KQNZDYYTLMIZCT-KQPMLPITSA-N,,,,broad_macrocycle_pretrain,,,13,True,False,pretrain_train,pretraining_macrocycle; max_phase=None
PREMAC_2d43312d9e,ChEMBL_macrocycle_scan,CHEMBL59779,CC[C@H]1OC(=O)CC(O)[C@H](C)[C@@H](OC2O[C@H](C)[C@@H](O)[C@H](N(C)C)[C@H]2O)[C@@H](CCN2C[C@H](C)C[C@H](C)C2)CC(C)C(=O)/C=C/C(C)=C/[C@@H]1CO[C@@H]1O[C@H](C)[C@@H](O)[C@@H](OC)[C@H]1OC,JTSDBFGMPLKDCD-NDWGGOCKSA-N,,,,broad_macrocycle_pretrain,,,16,True,False,pretrain_train,pretraining_macrocycle; max_phase=None
PREMAC_568d9fd086,ChEMBL_macrocycle_scan,CHEMBL295325,CC(=O)O[C@@]1(C)CCC(C)CCC[C@]2(C)[C@@H]([C@H](C)CCCC(C)C)CC[C@H]2c2ccc(cc2CN2CCOCC2)C1,PWKGKXXMXHLSGK-ROEZPRNPSA-N,,,,broad_macrocycle_pretrain,,,14,True,False,pretrain_train,pretraining_macrocycle; max_phase=None
PREMAC_0ba11901b9,ChEMBL_macrocycle_scan,CHEMBL12061,CCCCC[C@@H]1/C=C\C2CCC(=O)[C@@H]2C/C=C\CCCC(=O)O1,PQCNSZMJCICDHV-DRRUSAPESA-N,,,,broad_macrocycle_pretrain,,,13,True,False,pretrain_train,pretraining_macrocycle; max_phase=None
PREMAC_9e105bdd21,ChEMBL_macrocycle_scan,CHEMBL264064,NC(=O)CC[C@H]1NC(=O)[C@H](Cc2ccccc2)NC(=O)[C@@H](Cc2ccc(O)cc2)NC(=O)CCSSC[C@@H](C(=O)N2CCC[C@@H]2C(=O)N[C@@H](CCCN=C(N)N)C(=O)O)NC(=O)[C@H](CC(N)=O)NC1=O,OPAKKFNXNZXOBI-VHCQHZAOSA-N,,,,broad_macrocycle_pretrain,,,20,True,False,pretrain_train,pretraining_macrocycle; max_phase=None
PREMAC_81e8458132,ChEMBL_macrocycle_scan,CHEMBL268303,CC[C@H]1OC(=O)C[C@@H](O)[C@H](C)[C@@H](O[C@@H]2O[C@H](C)[C@@H](O[C@H]3C[C@@](C)(O)[C@@H](O)[C@H](C)O3)[C@H](N(C)C)[C@H]2O)[C@@H](CCNCCc2ccccc2)C[C@@H](C)C(=O)/C=C/C(C)=C/[C@@H]1CO[C@@H]1O[C@H](C)[C@@H](O)[C@@H](OC)[C@H]1OC,VVHXYKXHYQITIN-UCSGTITISA-N,,,,broad_macrocycle_pretrain,,,16,True,False,pretrain_train,pretraining_macrocycle; max_phase=None
PREMAC_2ed104b805,ChEMBL_macrocycle_scan,CHEMBL289478,CCCCCCCCCCOC(C)C1=C(C)c2cc3nc(c4c5[nH]c(cc6[nH]c(cc1n2)c(C)c6CC)c(C)c5C(=O)N(CCC)C4=O)[C@@H](CCC(=O)OC)[C@@H]3C,TXOYCBYMMIBZMV-AXGQMMPJSA-N,,,,broad_macrocycle_pretrain,,,16,True,False,pretrain_train,pretraining_macrocycle; max_phase=None
PREMAC_bc8e85168a,ChEMBL_macrocycle_scan,CHEMBL412561,CC(C)[C@H]1NC(=O)[C@H](CCCCN)NC(=O)[C@@H](Cc2c[nH]c3ccccc23)NC(=O)[C@H](Cc2cccnc2)NC(=O)[C@@H](NC(=O)[C@H](N)Cc2ccc(F)cc2)CSSC[C@H](C(=O)N[C@H](Cc2ccc(F)cc2)C(N)=O)NC1=O,LTACDVAIRNGSCW-JYHYLWLUSA-N,,,,broad_macrocycle_pretrain,,,20,True,False,pretrain_train,pretraining_macrocycle; max_phase=None
PREMAC_7cc4f4c329,ChEMBL_macrocycle_scan,CHEMBL294514,CCC1=C(C)C2=N/C1=C\c1[nH]c(c(CCC(=O)NCCOCCOCCN)c1C)/C=c1\[nH]/c(c(CC)c1CC)=C\c1[nH]c(c(C)c1CCC(=O)NCCOCCOCCN)/C=C1\N=C(C2)C(C)=C1CC,GKASXZRNVJMEKR-WJEPDYNNSA-N,,,,broad_macrocycle_pretrain,,,20,True,False,pretrain_train,pretraining_macrocycle; max_phase=None
PREMAC_4ec342a0e5,ChEMBL_macrocycle_scan,CHEMBL21183,CN(C)CCN(CCN(C)C1CCCCCCCCCCC1)CCN(C)C1CCCCCCCCCCC1,FAOCIQNVRUUWGX-UHFFFAOYSA-N,,,,broad_macrocycle_pretrain,,,12,True,False,pretrain_train,pretraining_macrocycle; max_phase=None
PREMAC_77e9cdf3bf,ChEMBL_macrocycle_scan,CHEMBL295350,CC[C@H]1OC(=O)/C(C)=C/[C@H](C)[C@@H](O[C@@H]2O[C@H](C)C[C@H](N(C)C)[C@H]2O)[C@@](C)(OC)C[C@@H](C)C(=O)[C@H](C)[C@H]2N(CCc3ccc(OCc4ccccc4)c(OCc4ccccc4)c3)C(=O)O[C@]12C,HGHREOPVBPMFIB-DPLMZTOJSA-N,,,,broad_macrocycle_pretrain,,,14,True,False,pretrain_train,pretraining_macrocycle; max_phase=None
PREMAC_86f4f7b36c,ChEMBL_macrocycle_scan,CHEMBL50690,CC[C@H]1OC(=O)[C@H](C)C(=O)[C@H](C)[C@@H](O[C@@H]2O[C@H](C)C[C@H](N(C)C)[C@H]2O)[C@@](C)(OCC#CCc2ccc(-c3cccnc3)cc2)C[C@@H](C)C(=O)[C@H](C)[C@H]2NC(=O)O[C@@]21C,WKTMGHWFQHODTC-UCTJEMIPSA-N,,,,broad_macrocycle_pretrain,,,14,True,False,pretrain_train,pretraining_macrocycle; max_phase=None
PREMAC_d98807cfd2,ChEMBL_macrocycle_scan,CHEMBL8838,CC[C@H]1OC(=O)CC(O)[C@H](C)[C@@H](O[C@@H]2O[C@H](C)C[C@H](N(C)C)[C@H]2O)[C@@H](CCN(C)CCO)C[C@@H](C)C(=O)/C=C/C(C)=C/[C@@H]1C,SQOGRSWXCXOFAQ-HJAPAKNOSA-N,,,,broad_macrocycle_pretrain,,,16,True,False,pretrain_train,pretraining_macrocycle; max_phase=None
PREMAC_96b305ed21,ChEMBL_macrocycle_scan,CHEMBL18128,c1nc(CN2CCCNCCNCCCNCC2)cnc1CN1CCCNCCNCCCNCC1,TXZXVRYOKBKTFH-UHFFFAOYSA-N,,,,broad_macrocycle_pretrain,,,14,True,False,pretrain_train,pretraining_macrocycle; max_phase=None
PREMAC_e67a0daf05,ChEMBL_macrocycle_scan,CHEMBL430288,CC1=C(CCC(=O)O)c2cc3[nH]c(cc4[nH]c(cc5nc(cc1n2)C(CCC(=O)O)=C5CC(=O)O)c(CCC(=O)O)c4CC(=O)O)c(CCC(=O)O)c3CC(=O)O,NIGVICSDLYHPTO-UHFFFAOYSA-N,,,,broad_macrocycle_pretrain,,,16,True,False,pretrain_train,pretraining_macrocycle; max_phase=None
PREMAC_61728935f4,ChEMBL_macrocycle_scan,CHEMBL291589,CC(=O)N[C@@H](Cc1ccccc1)C(=O)N[C@H]1CCCCNC(=O)[C@@H](CCN=C(N)N)NC(=O)[C@H](Cc2c[nH]c3ccccc23)NC(=O)[C@@H](CC2CCCCC2)NC(=O)[C@@H]2CCCN2C1=O,LSWNJMISCWEBER-OXWDOHASSA-N,,,,broad_macrocycle_pretrain,,,19,True,False,pretrain_train,pretraining_macrocycle; max_phase=None
PREMAC_3056e91d00,ChEMBL_macrocycle_scan,CHEMBL419817,CC[C@@H]1/C=C(\C)C[C@H](C)[C@H](OC)[C@H]2O[C@@](O)(C(=O)C(=O)N3CCCC[C@H]3C(=O)O[C@H](/C(C)=C/[C@@H]3CC[C@@H](Oc4ccc5c(ccn5C)c4)[C@H](OC)C3)[C@H](C)[C@@H](O)CC1=O)[C@H](C)C[C@@H]2OC,BDSBJUGHRWINKN-HLCCTNQESA-N,,,,broad_macrocycle_pretrain,,,20,True,False,pretrain_train,pretraining_macrocycle; max_phase=None
PREMAC_b57a2327e6,ChEMBL_macrocycle_scan,CHEMBL70388,CC(=O)N[C@@H](Cc1ccccc1)C(=O)N[C@H](C(=O)N[C@@H](Cc1ccccc1)[C@@H](O)C(=O)N[C@H]1Cc2ccc(cc2)OCCCNC(=O)[C@H](C(C)C)NC1=O)C(C)C,QARZZZNSPSIMMW-RHIIWVEJSA-N,,,,broad_macrocycle_pretrain,,,15,True,False,pretrain_train,pretraining_macrocycle; max_phase=None
PREMAC_3af9266cc4,ChEMBL_macrocycle_scan,CHEMBL21715,NCCN(CCNC1CCCCCCCCCCC1)CCNC1CCCCCCCCCCC1,DOWGCASDURLUQP-UHFFFAOYSA-N,,,,broad_macrocycle_pretrain,,,12,True,False,pretrain_train,pretraining_macrocycle; max_phase=None
PREMAC_f7e630f63a,ChEMBL_macrocycle_scan,CHEMBL274365,CC[C@H]1OC(=O)[C@H](C)[C@@H](O[C@H]2C[C@@](C)(OC)[C@H](O)[C@H](C)O2)[C@H](C)[C@@H](O[C@@H]2O[C@H](C)C[C@H](N(C)C)[C@H]2O)[C@](C)(O)C[C@@H](C)N(C)C[C@H](C)[C@@H](O)[C@]1(C)O,CVVWWIGGJJALDG-LNCIQATJSA-N,,,,broad_macrocycle_pretrain,,,15,True,False,pretrain_train,pretraining_macrocycle; max_phase=None
PREMAC_9c86a1b723,ChEMBL_macrocycle_scan,CHEMBL267408,CN[C@H](CC(C)C)C(=O)N[C@H]1C(=O)N[C@@H](CC#N)C(=O)N[C@H]2C(=O)N[C@H]3C(=O)N[C@H](C(=O)N[C@H](C(=O)OC)c4cc(OC)cc(OC)c4-c4cc3ccc4OC)[C@H](O)c3ccc(c(Cl)c3)Oc3cc2cc(c3OC)Oc2ccc(cc2Cl)[C@H]1O,OFDHTZQGKDLCHF-FGQDODDYSA-N,,,,broad_macrocycle_pretrain,,,16,True,False,pretrain_train,pretraining_macrocycle; max_phase=None
PREMAC_0e28474af0,ChEMBL_macrocycle_scan,CHEMBL274052,NCC[C@@H](O)[C@H](N)CC(=O)NC1CNC(=O)[C@@H](C2CCN=C(N)N2)NC(=O)/C(=C/Nc2ccc(Cl)c(Cl)c2)NC(=O)[C@@H](CO)NC(=O)[C@@H](CO)NC1=O,KCMBXVAHMRRKAQ-HSMOROMRSA-N,,,,broad_macrocycle_pretrain,,,16,True,False,pretrain_train,pretraining_macrocycle; max_phase=None
PREMAC_bbd51d08db,ChEMBL_macrocycle_scan,CHEMBL60729,O=C(NC(Cc1ccccc1)C(O)CN1CCCCCCCCCCC(c2ccccc2)OC1=O)O[C@H]1CO[C@H]2OCC[C@H]21,UUVXUEMJNCILPM-FGRULSHXSA-N,,,,broad_macrocycle_pretrain,,,14,True,False,pretrain_train,pretraining_macrocycle; max_phase=None
PREMAC_9cec59c6d8,ChEMBL_macrocycle_scan,CHEMBL302040,CC[C@@H]1/C=C(\C)C[C@H](C)[C@H](OC)[C@H]2O[C@@](O)(C(=O)C(=O)N3CCCC[C@H]3C(=O)O[C@H](/C(C)=C/[C@@H]3CC[C@@H](Oc4ccc5ccccc5c4)[C@H](OC)C3)[C@H](C)[C@@H](O)CC1=O)[C@H](C)C[C@@H]2OC,HXQBZJPBECLXEL-LMNXLRFISA-N,,,,broad_macrocycle_pretrain,,,20,True,False,pretrain_train,pretraining_macrocycle; max_phase=None
PREMAC_3ade2cec8b,ChEMBL_macrocycle_scan,CHEMBL42833,CC1COc2c(N3CCN(C)CC3)c(F)cc3c2N1CC(C(=O)NCCCCC(=O)Nc1ccc2c(c1)C(=O)NCCC(=O)N[C@@H](CCN)C(=O)N[C@H](Cc1ccc(O)cc1)CO2)C3=O,JRHIKOISTWWBGH-OCECDHMOSA-N,,,,broad_macrocycle_pretrain,,,14,True,False,pretrain_train,pretraining_macrocycle; max_phase=None
PREMAC_46bbde26b2,ChEMBL_macrocycle_scan,CHEMBL59693,CC(C)[C@H]1NC(=O)CSC[C@@H](C(=O)O)NC(=O)[C@H](CC(=O)O)NC(=O)CNC(=O)[C@H](CCCN=C(N)N)NC1=O,ZWFZEAWYCOFELN-NEULZYRMSA-N,,,,broad_macrocycle_pretrain,,,18,True,False,pretrain_train,pretraining_macrocycle; max_phase=None
PREMAC_efbf8a1965,ChEMBL_macrocycle_scan,CHEMBL18562,N=C(N)NCCC[C@@H]1NC(=O)[C@@H]2CCCN2C(=O)[C@H]2CCCN2C(=O)CNC(=O)[C@H](CC(=O)O)NC(=O)CNC1=O,XRURHRUDSRBRSG-YHUYYLMFSA-N,,,,broad_macrocycle_pretrain,,,18,True,False,pretrain_train,pretraining_macrocycle; max_phase=None
PREMAC_0d3ab62f9d,ChEMBL_macrocycle_scan,CHEMBL298966,C=C(C(=O)OC)[C@H]1C[C@H](OC(C)=O)C2=C[C@@H](C[C@]3(C)O[C@H]3c3cc(C)c(o3)[C@@H]1OC(C)=O)OC2=O,DORQEQXBYZYXMV-PNCPNADGSA-N,,,,broad_macrocycle_pretrain,,,13,True,False,pretrain_train,pretraining_macrocycle; max_phase=None
PREMAC_edf33fd2b0,ChEMBL_macrocycle_scan,CHEMBL287358,O=C1N[C@H](C(=O)O)CCCCCCc2cccc(c2)CC1CS,KLCDUNQMSZJEDY-LYKKTTPLSA-N,,,,broad_macrocycle_pretrain,,,14,True,False,pretrain_train,pretraining_macrocycle; max_phase=None
PREMAC_f5dadca8f5,ChEMBL_macrocycle_scan,CHEMBL419287,CC[C@H]1OC(=O)[C@H](C)[C@H]2OC3(CCN(C(=O)c4cnc5ccccc5c4)CC3)O[C@](C)(C[C@@H](C)CN[C@H](C)[C@@H](O)[C@]1(C)O)[C@H](O[C@@H]1O[C@H](C)C[C@H](N(C)C)[C@H]1O)[C@H]2C,DQWMKQKYYZLXPA-OSPYXSAVSA-N,,,,broad_macrocycle_pretrain,,,15,True,False,pretrain_train,pretraining_macrocycle; max_phase=None
PREMAC_70c1b842b3,ChEMBL_macrocycle_scan,CHEMBL406842,C[C@H](O)[C@@H](NC(=O)[C@H]1CSSC[C@H](NC(=O)[C@H](N)Cc2ccccc2)C(=O)N[C@@H](Cc2c[nH]cn2)C(=O)N[C@@H](Cc2ccc(Cl)cc2)C(=O)N[C@@H](CCCN=C(N)N)C(=O)N[C@H](Cc2c[nH]c3ccccc23)C(=O)N1)C(N)=O,WZAMLQNJEPHSTH-JMCLYXOWSA-N,,,,broad_macrocycle_pretrain,,,20,True,False,pretrain_train,pretraining_macrocycle; max_phase=None
PREMAC_1b32147ebd,ChEMBL_macrocycle_scan,CHEMBL311492,C=C1[C@H](OC(C)=O)[C@@H](O)[C@@H](OC(=O)c2cccnc2)C(C)(C)/C=C/[C@H](C)[C@H](OC(C)=O)[C@@]2(O)C[C@@](C)(OC(C)=O)[C@H](OC(=O)c3ccccc3)[C@@H]2[C@H]1OC(C)=O,GLYDSECXZWCLMS-RWMROPJHSA-N,,,,broad_macrocycle_pretrain,,,12,True,False,pretrain_train,pretraining_macrocycle; max_phase=None
PREMAC_55b70633e9,ChEMBL_macrocycle_scan,CHEMBL53154,C[C@H]1NC(=O)Cc2cncn2Cc2ccc(C#N)c(c2)Oc2ccc3cccc(c3c2)NC1=O,RZBRPHGLFWWUEG-MRXNPFEDSA-N,,,,broad_macrocycle_pretrain,,,17,True,False,pretrain_train,pretraining_macrocycle; max_phase=None
PREMAC_cccff89304,ChEMBL_macrocycle_scan,CHEMBL296561,CC[C@H]1OC(=O)/C(C)=C/[C@H](C)[C@@H](O[C@@H]2O[C@H](C)C[C@H](N(C)C)[C@H]2O)[C@@](C)(OC)C[C@@H](C)C(=O)[C@H](C)[C@H]2N(NCc3ccccn3)C(=O)O[C@]12C,WEGUEMSMZWAHLY-DAZWJVGDSA-N,,,,broad_macrocycle_pretrain,,,14,True,False,pretrain_train,pretraining_macrocycle; max_phase=None
PREMAC_5f6d8ee387,ChEMBL_macrocycle_scan,CHEMBL71143,CC(C)[C@@H]1NC(=O)[C@@H](NC(=O)[C@@H](O)[C@H](Cc2ccccc2)NC(=O)OC(C)(C)C)Cc2ccc(cc2)OCCCNC1=O,ZEVMAWZDVJKZCY-FWEHEUNISA-N,,,,broad_macrocycle_pretrain,,,15,True,False,pretrain_train,pretraining_macrocycle; max_phase=None
PREMAC_b9234368e0,ChEMBL_macrocycle_scan,CHEMBL421493,C[C@@H](O)[C@H]1NC(=O)[C@H](CCCCN)NC(=O)[C@@H](Cc2c[nH]c3ccccc23)NC(=O)[C@H](Cc2ccccc2)NC(=O)[C@@H](NC(=O)[C@@H](N)Cc2ccccc2)CSSC[C@H](C(=O)O)NC1=O,KDRDDUWNTUSPFR-IAGZALEMSA-N,,,,broad_macrocycle_pretrain,,,20,True,False,pretrain_train,pretraining_macrocycle; max_phase=None
PREMAC_8bf9987279,ChEMBL_macrocycle_scan,CHEMBL279632,NCCC[C@H](N)CC(=O)NC[C@@H]1NC(=O)[C@H](CO)NC(=O)C(N)CNC(=O)[C@H](C2CCN=C(N)N2)NC(=O)/C(=C/NC(=O)Nc2cccc(C3CCCC3)c2)NC1=O,LJSKBLOVZFLWGV-FUKCHLGOSA-N,,,,broad_macrocycle_pretrain,,,16,True,False,pretrain_train,pretraining_macrocycle; max_phase=None
PREMAC_211210dc71,ChEMBL_macrocycle_scan,CHEMBL293845,N=C(N)NCCC[C@@H]1NC(=O)[C@@H](Cc2ccccc2)NC(=O)CSC[C@@H](C(=O)O)NC(=O)[C@H](CC(=O)O)NC(=O)CNC1=O,VSEAEAOBIZHMFV-MHORFTMASA-N,,,,broad_macrocycle_pretrain,,,18,True,False,pretrain_train,pretraining_macrocycle; max_phase=None
PREMAC_39cf8a91c3,ChEMBL_macrocycle_scan,CHEMBL40743,CC[C@H]1OC(=O)[C@H](C)[C@@H](OC2C[C@@](C)(OC)[C@@H](O)[C@H](C)O2)[C@H](C)[C@@H](OC2O[C@H](C)C[C@H](N(C)C)[C@H]2O)[C@@](C)(OC)C[C@@H](C)C(=O)[C@H](C)[C@H]2N(CCc3ccc(Cl)cc3)C(=O)O[C@]12C,SEYLHWRHNHTFGI-IRTDLJHBSA-N,,,,broad_macrocycle_pretrain,,,14,True,False,pretrain_train,pretraining_macrocycle; max_phase=None
PREMAC_dbf371dc8e,ChEMBL_macrocycle_scan,CHEMBL44258,O=C(O)C[C@@H]1NC(=O)CNC(=O)[C@H](Cc2ccccc2)NC(=O)CNC(=O)[C@H](Cc2ccc(O)cc2)NC1=O,QRGCEOSRFUSXRZ-UFYCRDLUSA-N,,,,broad_macrocycle_pretrain,,,15,True,False,pretrain_train,pretraining_macrocycle; max_phase=None
PREMAC_f74b4e819b,ChEMBL_macrocycle_scan,CHEMBL433331,CC[C@H]1OC(=O)[C@H](C)[C@H]2OC3(CCN(CCc4ccc(NC(C)=O)cc4)CC3)O[C@](C)(C[C@@H](C)CN(C)[C@H](C)[C@@H](O)[C@]1(C)O)[C@H](O[C@@H]1O[C@H](C)C[C@H](N(C)C)[C@H]1O)[C@H]2C,JFOWTVXUZBKASG-IMYSOWAISA-N,,,,broad_macrocycle_pretrain,,,15,True,False,pretrain_train,pretraining_macrocycle; max_phase=None
PREMAC_c7db919725,ChEMBL_macrocycle_scan,CHEMBL40288,NCC[C@@H]1NC(=O)CCNC(=O)c2cc(NC(=O)c3cnccn3)ccc2OC[C@@H](Cc2ccc(O)cc2)NC1=O,YMWOACNYSGWMHT-KNQAVFIVSA-N,,,,broad_macrocycle_pretrain,,,14,True,False,pretrain_train,pretraining_macrocycle; max_phase=None
PREMAC_70adc157db,ChEMBL_macrocycle_scan,CHEMBL430103,CC1=C(CCC(=O)O)c2cc3nc(cc4[nH]c(cc5[nH]c(cc1n2)c(CCC(=O)O)c5CC(=O)O)c(CCC(=O)O)c4C)C(CCC(=O)O)=C3C,TYGCXSQVCOXZEU-UHFFFAOYSA-N,,,,broad_macrocycle_pretrain,,,16,True,False,pretrain_train,pretraining_macrocycle; max_phase=None
PREMAC_ba4fa7c894,ChEMBL_macrocycle_scan,CHEMBL64446,N=C(N)NCCC[C@@H]1NC(=O)[C@@H](CO)NC(=O)CSC[C@@H](C(=O)O)NC(=O)[C@H](CC(=O)O)NC(=O)CNC1=O,JTZFJPHPFSHXBE-YFKTTZPYSA-N,,,,broad_macrocycle_pretrain,,,18,True,False,pretrain_train,pretraining_macrocycle; max_phase=None
PREMAC_f06e1020a6,ChEMBL_macrocycle_scan,CHEMBL430105,NCC[C@@H](O)[C@H](N)CC(=O)NC1CNC(=O)[C@@H](C2CCN=C(N)N2)NC(=O)/C(=C/NC(=O)Nc2ccc(C3CCCC3)cc2Cl)NC(=O)[C@@H](CO)NC(=O)[C@@H](CO)NC1=O,PWCZXQTWKSDUAQ-MSOUMXEQSA-N,,,,broad_macrocycle_pretrain,,,16,True,False,pretrain_train,pretraining_macrocycle; max_phase=None
PREMAC_22626599f6,ChEMBL_macrocycle_scan,CHEMBL43923,CC[C@H]1OC(=O)C[C@@H](O)[C@H](C)[C@@H](O[C@@H]2O[C@H](C)[C@@H](O)[C@H](N(C)C)[C@H]2O)[C@@H](CCN)C[C@@H](C)C(=O)/C=C/C(C)=C/[C@@H]1CO[C@@H]1O[C@H](C)[C@@H](O)[C@@H](OC)[C@H]1OC,KNADNQVSKZTBNM-NLGRAQRVSA-N,,,,broad_macrocycle_pretrain,,,16,True,False,pretrain_train,pretraining_macrocycle; max_phase=None
PREMAC_17fd986486,ChEMBL_macrocycle_scan,CHEMBL12645,c1ccc2c(c1)C1=NC/2=N\C2=NC(=N\C3NC(NC4=N/C(=N\1)c1ccccc14)c1ccccc13)/c1ccccc12,BAAXGDIYTOVABV-UHFFFAOYSA-N,,,,broad_macrocycle_pretrain,,,16,True,False,pretrain_train,pretraining_macrocycle; max_phase=None
PREMAC_434889feb1,ChEMBL_macrocycle_scan,CHEMBL301438,C#CC[N+](C)(C)C1CC(C)OC(O[C@@H]2C(C)C(OC3CC(C)(OC)C(O)C(C)O3)C(C)C(=O)OC(CC)[C@@](C)(O)[C@H](O)[C@@H](C)C3O[C@@]2(C)C[C@H]3C)C1O.[Br-],SWWGTIZLXJPPLM-ZBJJUFLDSA-M,,,,broad_macrocycle_pretrain,,,13,True,False,pretrain_train,pretraining_macrocycle; max_phase=None
PREMAC_32535bbc7a,ChEMBL_macrocycle_scan,CHEMBL438640,CCOc1ccc(C[C@@H]2NC(=O)CC3(CCCCC3)SSC[C@H](C(=O)N3CCC[C@H]3C(=O)N[C@H](CCCN=C(N)N)C(N)=O)NC(=O)[C@@H](CC(N)=O)NC(=O)[C@H](C(C)C)NC(=O)[C@@H](Cc3ccccc3)NC2=O)cc1,DRLYXDZRLDZVIS-ZCEFIARASA-N,,,,broad_macrocycle_pretrain,,,20,True,False,pretrain_train,pretraining_macrocycle; max_phase=None
PREMAC_06b5521735,ChEMBL_macrocycle_scan,CHEMBL45135,CC(C)CCN(C[C@@H](O)[C@@H]1Cc2ccc(cc2)OCCCC(=O)N[C@@H](C(N)=O)C(=O)N1)S(=O)(=O)c1ccccc1,QIZJJPPKMBIHOW-GSLIJJQTSA-N,,,,broad_macrocycle_pretrain,,,15,True,False,pretrain_train,pretraining_macrocycle; max_phase=None
PREMAC_bc7cf1b0a8,ChEMBL_macrocycle_scan,CHEMBL296386,CC[C@H]1OC(=O)[C@H](C)C(=O)[C@H](C)[C@@H](O[C@@H]2OCC[C@H](N(C)C)[C@H]2O)[C@@](C)(OCC#CCC2CC(c3cnc4ccccc4c3)=NO2)C[C@@H](C)C(=O)[C@H](C)[C@H]2NC(=O)O[C@@]21C,WBZMMPWGSHATEA-ASLUWRNVSA-N,,,,broad_macrocycle_pretrain,,,14,True,False,pretrain_train,pretraining_macrocycle; max_phase=None
PREMAC_d3fcf14cc7,ChEMBL_macrocycle_scan,CHEMBL413373,CN[C@H](Cc1ccc(O)cc1)C(=O)N[C@@H]1CSSC[C@@H](C(=O)N[C@H](C(N)=O)[C@@H](C)O)NC(=O)[C@H]([C@@H](C)O)NC(=O)[C@H](CCCCN)NC(=O)[C@H](Cc2c[nH]c3ccccc23)NC(=O)[C@H](Cc2ccccc2)NC1=O,UMQFFYQMTCKUJM-WTBLPMODSA-N,,,,broad_macrocycle_pretrain,,,20,True,False,pretrain_train,pretraining_macrocycle; max_phase=None
PREMAC_9aa3cc96dc,ChEMBL_macrocycle_scan,CHEMBL300373,CCC[C@@]1(O)[C@H](C)O[C@@H](O[C@H]2[C@H](C)[C@@H](O[C@@H]3O[C@H](C)C[C@H](N(C)C)[C@H]3O)[C@](C)(O)C[C@@H](C)CN[C@H](C)[C@@H](O)[C@](C)(O)[C@@H](CC)OC(=O)[C@@H]2C)C[C@@]1(C)OC,FFIQNHYLFLIOJD-BMNWWTOTSA-N,,,,broad_macrocycle_pretrain,,,15,True,False,pretrain_train,pretraining_macrocycle; max_phase=None
PREMAC_56501da345,ChEMBL_macrocycle_scan,CHEMBL407496,CC(C)[C@H]1NC(=O)[C@H](CCCCN)NC(=O)[C@@H](Cc2c[nH]c3ccccc23)NC(=O)[C@H](Cc2c[nH]cn2)NC(=O)[C@@H](NC(=O)[C@@H](N)Cc2ccc(F)cc2)CSSC[C@@H](C(=O)N[C@@H](Cc2ccc(F)cc2)C(N)=O)NC1=O,DFKGFOFSEQICAI-RRBMOYSISA-N,,,,broad_macrocycle_pretrain,,,20,True,False,pretrain_train,pretraining_macrocycle; max_phase=None
PREMAC_9834a8b690,ChEMBL_macrocycle_scan,CHEMBL300931,C=C(C)[C@H]1CCC2=C[C@@H](C[C@]3(C)O[C@H]3c3cc(C=O)c(o3)C1)OC2=O,CDYDRAISDJZNIZ-IBBHNLMTSA-N,,,,broad_macrocycle_pretrain,,,13,True,False,pretrain_train,pretraining_macrocycle; max_phase=None
PREMAC_fb878b1eaf,ChEMBL_macrocycle_scan,CHEMBL315745,COC(=O)[C@@H]1Cc2cccc(c2)CNC(=O)C[C@H](NC(=O)C(NC(=O)CC(C)C)C(C)C)C(=O)N[C@@H](CC(C)C)P(=O)(O)O1,BOYAGOIPWLIWCX-KDJDBPPTSA-N,,,,broad_macrocycle_pretrain,,,15,True,False,pretrain_train,pretraining_macrocycle; max_phase=None
PREMAC_2c969a5fde,ChEMBL_macrocycle_scan,CHEMBL263249,CC[C@H]1OC(=O)C[C@@H](O)[C@H](C)[C@@H](O[C@@H]2O[C@H](C)[C@@H](O[C@H]3C[C@@](C)(O)[C@@H](O)[C@H](C)O3)[C@H](N(C)C)[C@H]2OC(C)=O)[C@@H](CCOc2ccccc2)C[C@@H](C)C(=O)/C=C/C(C)=C/[C@@H]1CO[C@@H]1O[C@H](C)[C@@H](O)[C@@H](OC)[C@H]1OC,HYTLIMHNUUOWPP-JTFRFDFLSA-N,,,,broad_macrocycle_pretrain,,,16,True,False,pretrain_train,pretraining_macrocycle; max_phase=None
PREMAC_e8997ae39a,ChEMBL_macrocycle_scan,CHEMBL310946,CC[C@H]1OC(=O)[C@H](C)C(=O)[C@H](C)[C@@H](OC2O[C@H](C)C[C@H](N(C)C)[C@H]2O)[C@@](C)(OCC#Cc2cnc3ccccc3c2)C[C@@H](C)/C(=N\OC)[C@H](C)[C@H]2NC(=O)O[C@@]21C,JMEBLJABUPGZDY-PDSLFYOWSA-N,,,,broad_macrocycle_pretrain,,,14,True,False,pretrain_train,pretraining_macrocycle; max_phase=None
PREMAC_278d388ce9,ChEMBL_macrocycle_scan,CHEMBL277658,CNC(=O)[C@@H]1CCCCN(S(=O)(=O)c2c(C)cc(C)cc2C)CCC[C@H](C(=O)NO)[C@@H](CC(C)C)C(=O)N1,KOLIYILUYWKKNC-ZRBLBEILSA-N,,,,broad_macrocycle_pretrain,,,13,True,False,pretrain_train,pretraining_macrocycle; max_phase=None
PREMAC_a924570666,ChEMBL_macrocycle_scan,CHEMBL262268,CC[C@H]1OC(=O)[C@H](C)[C@@H](O[C@H]2C[C@@](C)(OC)[C@@](O)(c3ccccn3)[C@H](C)O2)[C@H](C)[C@@H](O[C@@H]2O[C@H](C)C[C@H](N(C)C)[C@H]2O)[C@](C)(O)C[C@@H](C)CN[C@H](C)[C@@H](O)[C@]1(C)O,IHYAXKGXYODMSW-GCTZUTBUSA-N,,,,broad_macrocycle_pretrain,,,15,True,False,pretrain_train,pretraining_macrocycle; max_phase=None
PREMAC_c14b8ce98e,ChEMBL_macrocycle_scan,CHEMBL78569,CC[C@H]1OC(=O)[C@H](C)[C@H]2OC3(CCN(C(=O)c4cccn4C)CC3)O[C@](C)(C[C@@H](C)CN[C@H](C)[C@@H](O)[C@]1(C)O)[C@H](O[C@@H]1O[C@H](C)C[C@H](N(C)C)[C@H]1O)[C@H]2C,OEFUWWDPRNNMRS-WDPNLORNSA-N,,,,broad_macrocycle_pretrain,,,15,True,False,pretrain_train,pretraining_macrocycle; max_phase=None
PREMAC_f22b91b0a9,ChEMBL_macrocycle_scan,CHEMBL292280,COc1cc2c3cc1Oc1cc(ccc1O)C[C@@H]1c4c(cc(OC)c(O)c4Oc4ccc(cc4)C[C@@H]3N(C)CC2)CC[N+]1(C)C.Cl.[Cl-],GXFZCDMWGMFGFL-KKXMJGKMSA-N,,,,broad_macrocycle_pretrain,,,18,True,False,pretrain_train,pretraining_macrocycle; max_phase=None
PREMAC_3920d1a394,ChEMBL_macrocycle_scan,CHEMBL26912,CC[C@H]1OC(=O)CC(O)[C@H](C)[C@@H](O[C@@H]2O[C@H](C)C[C@H](N(C)C)[C@H]2O)[C@@H](CCN(CCCN(C)C)C(=O)[C@H](C)N)C[C@@H](C)C(=O)/C=C/C(C)=C/[C@@H]1C,IMYCTGQFQWAFBO-UDNLUMFNSA-N,,,,broad_macrocycle_pretrain,,,16,True,False,pretrain_train,pretraining_macrocycle; max_phase=None
PREMAC_9e49bcf97c,ChEMBL_macrocycle_scan,CHEMBL407912,CC[C@H](C)[C@@H]1NC(=O)[C@@H](Cc2ccc(O)cc2)NC(=O)CCSSC[C@@H](C(=O)N2CCC[C@@H]2C(=O)N[C@@H](CCCN=C(N)N)C(=O)NCC(N)=O)NC(=O)[C@H](CC(N)=O)NC(=O)[C@@H](CCC(N)=O)NC1=O,MKIGJWTYIAFGIM-PSCCLIGLSA-N,,,,broad_macrocycle_pretrain,,,20,True,False,pretrain_train,pretraining_macrocycle; max_phase=None
PREMAC_59de071d60,ChEMBL_macrocycle_scan,CHEMBL39000,COc1ccc2c(O[C@@H]3C[C@H]4C(=O)N[C@]5(C(=O)O)C[C@H]5/C=C\CCCCC[C@H](NC(=O)OC5CCCC5)C(=O)N4C3)cc(-c3csc(NC(C)=O)n3)nc2c1,TUOWTXFYRQVTSE-NAGMYTHMSA-N,,,,broad_macrocycle_pretrain,,,15,True,False,pretrain_train,pretraining_macrocycle; max_phase=None
PREMAC_c6c44622ad,ChEMBL_macrocycle_scan,CHEMBL77606,C1CCCCCC2(CCCCC1)OOCCCCCOO2,PECAGRNYGNMJSZ-UHFFFAOYSA-N,,,,broad_macrocycle_pretrain,,,12,True,False,pretrain_train,pretraining_macrocycle; max_phase=None
PREMAC_628f6aab8a,ChEMBL_macrocycle_scan,CHEMBL297401,CC[C@H]1OC(=O)C(C)C(=O)[C@H](C)[C@@H](O[C@@H]2O[C@H](C)C[C@H](N(C)C)[C@H]2O)[C@@](C)(OC)C[C@@H](C)C(=O)[C@H](C)[C@H]2N(NCCCc3ccnc4ccccc34)C(=O)O[C@]12C,NEXGHZNDZNYBRI-VCKPQEMQSA-N,,,,broad_macrocycle_pretrain,,,14,True,False,pretrain_train,pretraining_macrocycle; max_phase=None
PREMAC_05d4a97db7,ChEMBL_macrocycle_scan,CHEMBL410940,CC[C@H]1OC(=O)[C@H](C)[C@@H](OC2C[C@@](C)(OC)[C@@H](O)[C@H](C)O2)[C@H](C)[C@@H](OC2O[C@H](C)C[C@H](N(CC3CC3)CC3CC3)[C@H]2O)[C@@](C)(OC)C[C@@H](C)C(=O)[C@H](C)[C@H]2N(CCc3ccc(F)c(Cl)c3)C(=O)O[C@]12C,MHGFAAZXCSMVBD-BGDSLNCBSA-N,,,,broad_macrocycle_pretrain,,,14,True,False,pretrain_train,pretraining_macrocycle; max_phase=None
PREMAC_c766f12ea6,ChEMBL_macrocycle_scan,CHEMBL284220,CC[C@H]1OC(=O)[C@H](C)[C@H]2OC3(CCN(c4cc(C)c([N+](=O)[O-])cn4)CC3)O[C@](C)(C[C@@H](C)CN[C@H](C)[C@@H](O)[C@]1(C)O)[C@H](O[C@@H]1O[C@H](C)CC(N(C)C)[C@H]1O)[C@H]2C,DDDIGBNAUGQRFK-SXQRURKBSA-N,,,,broad_macrocycle_pretrain,,,15,True,False,pretrain_train,pretraining_macrocycle; max_phase=None
PREMAC_ec93562816,ChEMBL_macrocycle_scan,CHEMBL277320,NCCC[C@H](N)CC(=O)NC1CNC(=O)[C@@H](C2CC(N[C@H](CS)C(=O)O)N=C(N)N2)NC(=O)/C(=C/NC(=O)Nc2ccc(Cl)c(Cl)c2)NC(=O)[C@@H](CO)NC(=O)[C@@H](CO)NC1=O,IQTASBXKMOXRTG-OVNHYOIOSA-N,,,,broad_macrocycle_pretrain,,,16,True,False,pretrain_train,pretraining_macrocycle; max_phase=None
PREMAC_2f732c99b9,ChEMBL_macrocycle_scan,CHEMBL431754,CC(C)(C)NC(=O)[C@@H]1CC2CCCCC2CN1C[C@@H](O)[C@@H]1Cc2ccc(cc2)OCCOc2cc3ccccc3cc2C(=O)N[C@@H](CC(N)=O)C(=O)N1,BXXKSGNCOZTWCZ-BKGDRJHFSA-N,,,,broad_macrocycle_pretrain,,,17,True,False,pretrain_train,pretraining_macrocycle; max_phase=None
PREMAC_6b59e46dd1,ChEMBL_macrocycle_scan,CHEMBL12468,O=C1CCC/C=C\C[C@H]2C(=O)C[C@@H](O)C2/C=C\[C@@H](CCc2ccccc2)O1,WWHYWVRAJPRWHZ-ZYJGZXNPSA-N,,,,broad_macrocycle_pretrain,,,13,True,False,pretrain_train,pretraining_macrocycle; max_phase=None
PREMAC_ca0013ac63,ChEMBL_macrocycle_scan,CHEMBL8965,CC[C@H]1OC(=O)C[C@@H](O)[C@H](C)[C@@H](O[C@@H]2O[C@H](C)C[C@H](N(C)C)[C@H]2O)[C@@H](CC=O)C[C@@H](C)C(=O)/C=C/[C@]2(C)O[C@H]2[C@@H]1C,IUPCWCLVECYZRV-JZMZINANSA-N,,,,broad_macrocycle_pretrain,,,16,True,False,pretrain_train,pretraining_macrocycle; max_phase=2.0
PREMAC_88849a310f,ChEMBL_macrocycle_scan,CHEMBL263586,CCOC(=O)NN(CC[C@H]1C[C@@H](C)C(=O)/C=C/C(C)=C/[C@H](CO[C@@H]2O[C@H](C)[C@@H](O)[C@@H](OC)[C@H]2OC)[C@@H](CC)OC(=O)C[C@@H](O)[C@H](C)[C@H]1O[C@@H]1O[C@H](C)[C@@H](O[C@H]2C[C@@](C)(O)[C@@H](O)[C@H](C)O2)[C@H](N(C)C)[C@H]1O)C(=O)OCC,SMPRVGPZNNPJNE-SKSIPMFFSA-N,,,,broad_macrocycle_pretrain,,,16,True,False,pretrain_train,pretraining_macrocycle; max_phase=None
PREMAC_c09a34797e,ChEMBL_macrocycle_scan,CHEMBL281971,C[C@@H](O)[C@H]1NC(=O)[C@H](Cc2ccc(F)cc2)NC(=O)[C@@H](Cc2c[nH]c3ccccc23)NC(=O)[C@H](Cc2cccc3ccccc23)NC(=O)[C@@H]2CCCN2C(=O)[C@H](Cc2ccccc2)NC1=O,SBIZXCKDTDLJHC-NBGFENBTSA-N,,,,broad_macrocycle_pretrain,,,18,True,False,pretrain_train,pretraining_macrocycle; max_phase=None
PREMAC_3ce8bb5df1,ChEMBL_macrocycle_scan,CHEMBL286234,Fc1cnc(F)c(F)c1-c1c2nc(c(-c3c(F)cnc(F)c3F)c3ccc([nH]3)c(-c3c(F)cnc(F)c3F)c3ccc([nH]3)c(-c3c(F)cnc(F)c3F)c3nc1C=C3)C=C2,OLDJDDPGYPPIOK-UHFFFAOYSA-N,,,,broad_macrocycle_pretrain,,,16,True,False,pretrain_train,pretraining_macrocycle; max_phase=None
PREMAC_a5a9941bae,ChEMBL_macrocycle_scan,CHEMBL44344,NCC[C@@H]1NC(=O)CCNC(=O)c2cc(NC(=O)c3ccc4ccccc4c3)ccc2OC[C@@H](Cc2ccc(O)cc2)NC1=O,SNZFNUGKRMPUBK-UHSQPCAPSA-N,,,,broad_macrocycle_pretrain,,,14,True,False,pretrain_train,pretraining_macrocycle; max_phase=None
PREMAC_f351117c4c,ChEMBL_macrocycle_scan,CHEMBL43194,CC[C@H]1OC(=O)[C@H](C)[C@@H](O[C@H]2C[C@@](C)(OC)[C@@H](O)[C@H](C)O2)[C@H](C)[C@@H](O[C@@H]2O[C@H](C)C[C@H](N(C)C)[C@H]2O)[C@](C)(O)C[C@@H](C)[C@@H](n2ccc(C=O)c2)[C@H](C)[C@@H](O)[C@]1(C)O,LHRZVRCDLCRLPW-VDKKCZOESA-N,,,,broad_macrocycle_pretrain,,,14,True,False,pretrain_train,pretraining_macrocycle; max_phase=None
PREMAC_86fd54fd36,ChEMBL_macrocycle_scan,CHEMBL302486,CC(C)(C)NC(=O)[C@@H]1CCCN1C[C@@H](O)[C@@H]1Cc2ccc(cc2)OCCOc2cc3ccccc3cc2C(=O)N[C@@H](CC(N)=O)C(=O)N1,GGHCDVBZSIKOJD-GCXHJFECSA-N,,,,broad_macrocycle_pretrain,,,17,True,False,pretrain_train,pretraining_macrocycle; max_phase=None
PREMAC_ca37d0dbfd,ChEMBL_macrocycle_scan,CHEMBL301375,CC[C@H]1OC(=O)[C@H](C)[C@@H](O[C@H]2C[C@@](C)(OC)[C@@](O)(CC)[C@H](C)O2)[C@H](C)[C@@H](O[C@@H]2O[C@H](C)C[C@H](N(C)C)[C@H]2O)[C@](C)(O)C[C@@H](C)CN[C@H](C)[C@@H](O)[C@]1(C)O,SLDYUUIMPWPZRW-VSYZXMJYSA-N,,,,broad_macrocycle_pretrain,,,15,True,False,pretrain_train,pretraining_macrocycle; max_phase=None
PREMAC_654c5f6963,ChEMBL_macrocycle_scan,CHEMBL415457,CC(C)[C@H]1NC(=O)[C@H](CCCCN)NC[C@@H](Cc2c[nH]c3ccccc23)NC(=O)[C@H](Cc2ccc(O)cc2)NC(=O)[C@@H](NC(=O)[C@@H](N)Cc2ccccc2)CSSC[C@H](C(=O)N[C@H](C(N)=O)[C@@H](C)O)NC1=O,JODMDZYDTXHNEC-NEQOMBFBSA-N,,,,broad_macrocycle_pretrain,,,20,True,False,pretrain_train,pretraining_macrocycle; max_phase=None
PREMAC_cc27233ca7,ChEMBL_macrocycle_scan,CHEMBL296885,CC[C@H]1OC(=O)[C@H](C)[C@@H](O[C@H]2C[C@@](C)(OC)C[C@H](C)O2)[C@H](C)[C@@H](O[C@@H]2O[C@H](C)C[C@H](NC)[C@H]2O)[C@@]2(C)CC(C)=C(O2)[C@H](C)[C@@H](O)[C@H]1C,NEOVXKSSQHGPDW-MPVIZYSESA-N,,,,broad_macrocycle_pretrain,,,13,True,False,pretrain_train,pretraining_macrocycle; max_phase=None
PREMAC_62361a166c,ChEMBL_macrocycle_scan,CHEMBL39548,COc1cc(O)c2c(c1C)C(=O)CCCCC/C(S)=N/[C@H](c1nc(CO)no1)CSC2,JVZNFULAQRDTJL-AWEZNQCLSA-N,,,,broad_macrocycle_pretrain,,,14,True,False,pretrain_train,pretraining_macrocycle; max_phase=None
PREMAC_c610230c30,ChEMBL_macrocycle_scan,CHEMBL293908,N=C(N)NCCC[C@@H]1NC(=O)[C@H](CO)NC(=O)CSC[C@@H](C(=O)O)NC(=O)[C@H](CC(=O)O)NC(=O)CNC1=O,JTZFJPHPFSHXBE-BJDJZHNGSA-N,,,,broad_macrocycle_pretrain,,,18,True,False,pretrain_train,pretraining_macrocycle; max_phase=None
PREMAC_fa69c071da,ChEMBL_macrocycle_scan,CHEMBL65442,N=C(N)NCCC[C@@H]1NC(=O)CNC(=O)C(c2cccc(C(F)(F)F)c2)SC[C@@H](C(=O)O)NC(=O)[C@H](CC(=O)O)NC(=O)CNC1=O,VEUVXVVWIPGJHE-TVISWJTBSA-N,,,,broad_macrocycle_pretrain,,,18,True,False,pretrain_train,pretraining_macrocycle; max_phase=None
PREMAC_3810f70b09,ChEMBL_macrocycle_scan,CHEMBL418260,CC[C@H]1OC(=O)C[C@@H](O)[C@H](C)[C@@H](O[C@@H]2O[C@H](C)[C@@H](O)[C@H](N(C)C)[C@H]2O)[C@@H](CCI)C[C@@H](C)C(=O)/C=C/C(C)=C/[C@@H]1CO[C@@H]1O[C@H](C)[C@@H](O)[C@@H](O)[C@H]1OC,PRKWVLMGJCMBBN-DPQTXAOLSA-N,,,,broad_macrocycle_pretrain,,,16,True,False,pretrain_train,pretraining_macrocycle; max_phase=None
PREMAC_1b6098da55,ChEMBL_macrocycle_scan,CHEMBL264508,CN[C@H](CC(C)C)C(=O)N[C@@H]1Cc2ccc(cc2)Oc2cc(ccc2O)C(C(=O)N[C@@H](CN)C(=O)N[C@@H](Cc2ccccc2)C(=O)N2Cc3[nH]c4ccccc4c3C[C@H]2C(N)=O)NC(=O)[C@H](CC(N)=O)NC1=O,VJOYOVJEBIVKJU-MDRRPHSGSA-N,,,,broad_macrocycle_pretrain,,,16,True,False,pretrain_train,pretraining_macrocycle; max_phase=None
PREMAC_b01cedcd80,ChEMBL_macrocycle_scan,CHEMBL275935,CC[C@H]1OC(=O)[C@H](C)[C@@H](OC(=O)N2C(=O)OC[C@@H]2C)[C@H](C)[C@@H](OC2O[C@H](C)C[C@H](N(C)C3CCCC3)[C@H]2O)[C@@](C)(OC)C[C@@H](C)C(=O)[C@H](C)[C@H]2N(CCc3ccc(Cl)c(Cl)c3)C(=O)O[C@]12C,MASIMUDHAIYCMI-DEDQJDAQSA-N,,,,broad_macrocycle_pretrain,,,14,True,False,pretrain_train,pretraining_macrocycle; max_phase=None
PREMAC_c24fd7a65f,ChEMBL_macrocycle_scan,CHEMBL275670,N[C@@H](Cc1ccc(O)cc1)C(=O)N[C@H]1CCCNC(=O)CNC(=O)[C@H]2CCCN2C(=O)[C@H](Cc2ccc3ccccc3c2)NC1=O,SLXJQGKPHAGFLG-XFTNXAEASA-N,,,,broad_macrocycle_pretrain,,,15,True,False,pretrain_train,pretraining_macrocycle; max_phase=None
PREMAC_626847e709,ChEMBL_macrocycle_scan,CHEMBL32849,C=C1/C=C(\C)[C@H](CC)OC(=O)[C@H](C)C(=O)[C@@](O)(CO)C/C(SC)=C/[C@@H](C)C1,LRQSUMUIBKNZKW-MEAVKYDDSA-N,,,,broad_macrocycle_pretrain,,,14,True,False,pretrain_train,pretraining_macrocycle; max_phase=None
PREMAC_76bb997445,ChEMBL_macrocycle_scan,CHEMBL429046,CC(=O)C(=O)N[C@@H]1C(=O)N2NCCC[C@@H]2C(=O)N(O)[C@@H](C)C(=O)NCC(=O)N2NCCC[C@H]2C(=O)N(O)[C@H](C)C(=O)O[C@H]1C(C)C,LRHVIXOCGYVNOW-AILWYZJWSA-N,,,,broad_macrocycle_pretrain,,,19,True,False,pretrain_train,pretraining_macrocycle; max_phase=None
PREMAC_9ba44b4859,ChEMBL_macrocycle_scan,CHEMBL300049,CC[C@H]1OC(=O)[C@H](C)[C@@H](O[C@H]2C[C@@](C)(OC)C[C@H](C)O2)[C@H](C)[C@@H](O[C@@H]2O[C@H](C)C[C@H](N(C)CC)[C@H]2O)[C@@]2(C)CC(C)=C(O2)[C@H](C)[C@@H](O)[C@H]1C,IWTSXJNGTTXMFK-KTQUSEMZSA-N,,,,broad_macrocycle_pretrain,,,13,True,False,pretrain_train,pretraining_macrocycle; max_phase=2.0
PREMAC_568635353d,ChEMBL_macrocycle_scan,CHEMBL18397,c1cc(CN2CCCNCCNCCCNCC2)ncc1CN1CCCNCCNCCCNCC1,ZVNOVAQVIOZWTR-UHFFFAOYSA-N,,,,broad_macrocycle_pretrain,,,14,True,False,pretrain_train,pretraining_macrocycle; max_phase=None
PREMAC_0061bdfc16,ChEMBL_macrocycle_scan,CHEMBL51124,CC[C@H]1OC(=O)[C@H](C)C(=O)[C@H](C)[C@@H](O[C@@H]2O[C@H](C)C[C@H](N(C)C)[C@H]2O)[C@@](C)(OCC#CCc2ccc(-c3cnccn3)cc2)C[C@@H](C)C(=O)[C@H](C)[C@H]2NC(=O)O[C@@]21C,SNOOXKXUXXOBMH-NUWZDZSJSA-N,,,,broad_macrocycle_pretrain,,,14,True,False,pretrain_train,pretraining_macrocycle; max_phase=None
PREMAC_77445e37fd,ChEMBL_macrocycle_scan,CHEMBL431340,CCN1CC(CNc2ccc3c(c2)C(=O)NCCC(=O)N[C@@H](CCN)C(=O)N[C@H](Cc2ccc(O)cc2)CO3)C(=O)c2ccc(C)nc21,NUNSPBDMVNESKJ-JLTLOGAASA-N,,,,broad_macrocycle_pretrain,,,14,True,False,pretrain_train,pretraining_macrocycle; max_phase=None
PREMAC_3154fa28bb,ChEMBL_macrocycle_scan,CHEMBL441387,CC[C@H](C)[C@@H]1NC(=O)[C@@H](Cc2ccc(O)cc2)NC(=O)[C@H](N)CSSC[C@@H](C(=O)N2CCC[C@@H]2C(=O)N[C@@H](CCCN=C(N)N)C(=O)NCC(N)=O)NC(=O)[C@H](CC(N)=O)NC(=O)[C@@H](CCC(N)=O)NC1=O,OXDZADMCOWPSOC-QHNVOMRFSA-N,,,,broad_macrocycle_pretrain,,,20,True,False,pretrain_train,pretraining_macrocycle; max_phase=None
PREMAC_6d99369074,ChEMBL_macrocycle_scan,CHEMBL296947,CC(C)CCN(C[C@@H](O)[C@@H]1Cc2ccc(cc2)OCCCCCC(=O)N[C@@H](C(C)C)C(=O)N1)S(=O)(=O)c1c(C(C)C)cc(C(C)C)cc1C(C)C,IPWCPKKGJOQJAU-UIJXAYEMSA-N,,,,broad_macrocycle_pretrain,,,17,True,False,pretrain_train,pretraining_macrocycle; max_phase=None
PREMAC_cea809b0d5,ChEMBL_macrocycle_scan,CHEMBL437661,CCCC[C@H](NC(=O)[C@H](Cc1c[nH]c2ccccc12)NC(=O)[C@@H]1CCCCNC(=O)[C@H](NC(=O)OC(C)(C)C)CCC(=O)N[C@H](Cc2ccc(O)cc2)C(=O)N[C@@H](CCCC)C(=O)N1)C(=O)N[C@@H](CC(=O)O)C(=O)N[C@H](Cc1ccccc1)C(N)=O,QYGITTKALAXEFT-XDPRFSKJSA-N,,,,broad_macrocycle_pretrain,,,18,True,False,pretrain_train,pretraining_macrocycle; max_phase=None
PREMAC_5db9f1071a,ChEMBL_macrocycle_scan,CHEMBL278801,CC[C@H]1OC(=O)[C@H](C)[C@@H](O[C@H]2C[C@@](C)(OC)[C@@H](O)[C@H](C)O2)[C@H](C)[C@@H](O[C@@H]2O[C@H](C)C[C@H](N(C)C)[C@H]2O)[C@](C)(O)C[C@@H](C)NC[C@H](C)[C@@H](O)[C@]1(C)O,RECSSHHDKCPKFK-IJRXGBMOSA-N,,,,broad_macrocycle_pretrain,,,15,True,False,pretrain_train,pretraining_macrocycle; max_phase=None
PREMAC_adac3e62bb,ChEMBL_macrocycle_scan,CHEMBL16742,N[C@@H](Cc1ccc(O)cc1)C(=O)N[C@H]1CSSC[C@@H](C(=O)O)NC(=O)C2(CCCC2)CNC1=O,MPNANYRMDHBWSO-ULQDDVLXSA-N,,,,broad_macrocycle_pretrain,,,12,True,False,pretrain_train,pretraining_macrocycle; max_phase=None
PREMAC_b43e2f0073,ChEMBL_macrocycle_scan,CHEMBL58617,N=C(N)NCCC[C@H]1NC(=O)[C@H](Cc2c[nH]c3ccccc23)NC(=O)[C@@H](CC2CCCCC2)NC(=O)[C@@H]2CCCN2C(=O)[C@H](Cc2c[nH]c3ccccc23)NC(=O)[C@H](Cc2ccccc2)NC1=O,LGJAFDOWLBEYOQ-NDOCVWRHSA-N,,,,broad_macrocycle_pretrain,,,18,True,False,pretrain_train,pretraining_macrocycle; max_phase=None
PREMAC_094e39f4ce,ChEMBL_macrocycle_scan,CHEMBL436712,CO[C@H]1/C=C\C=C(/C)C(=O)NC2=CC(=O)C(NCCCCCC#C[C@]3(O)CC[C@@]4(C)C5CCC6=CC(=O)CC[C@]6(C)[C@@]5(C)CC[C@@]43C)=C(C[C@H](C)C[C@H](OC)[C@@H](O)[C@H](C)/C=C(\C)C[C@@H]1OC(N)=O)C2=O,GPLVCCPBNQYCJM-QONWHILRSA-N,,,,broad_macrocycle_pretrain,,,20,True,False,pretrain_train,pretraining_macrocycle; max_phase=None
PREMAC_3f4b03450d,ChEMBL_macrocycle_scan,CHEMBL268306,CC(C)C[C@@H]1NC(=O)[C@@H](Cc2ccccc2)NC(=O)[C@H](Cc2ccc(O)cc2)NC(=O)CCSSC[C@H](C(=O)N2CCC[C@@H]2C(=O)N[C@@H](CCCN=C(N)N)C(=O)NCC(N)=O)NC(=O)[C@@H](CC(N)=O)NC1=O,CYOLRNSRVHAZDY-XYFYQEOVSA-N,,,,broad_macrocycle_pretrain,,,20,True,False,pretrain_train,pretraining_macrocycle; max_phase=None
PREMAC_929c9d8957,ChEMBL_macrocycle_scan,CHEMBL268085,CCC(C)[C@H]1O[C@]2(CC(O)[C@@H]1C)C[C@@H]1C[C@@H](C/C=C(\C)[C@@H](O[C@H]3C[C@H](OC)[C@@H](O[C@H]4C[C@H](OC)[C@H](NC(C)=O)[C@H](C)O4)[C@H](C)O3)[C@@H](C)/C=C/C=C3\CO[C@@H]4[C@H](O)C(C)=C[C@@H](C(=O)O1)[C@]34O)O2,PLWIYFTWTBRGSA-UJIOELJRSA-N,,,,broad_macrocycle_pretrain,,,16,True,False,pretrain_train,pretraining_macrocycle; max_phase=None
PREMAC_bbb8a6dab2,ChEMBL_macrocycle_scan,CHEMBL310586,N#Cc1ccc2cc1Oc1cccc(c1)-c1ccccc1N1CCC(NCc3cncn3C2)C1=O,BDXLTTUQHGMFEE-UHFFFAOYSA-N,,,,broad_macrocycle_pretrain,,,17,True,False,pretrain_train,pretraining_macrocycle; max_phase=None
PREMAC_ce4afdd57a,ChEMBL_macrocycle_scan,CHEMBL65617,CC(C)[C@@H]1NC(=O)c2cccc(c2)CNC(=O)[C@H](CC(=O)O)NC(=O)CNC(=O)[C@H](CCCN=C(N)N)N(C)C1=O,TZZMWRLTTWMKCL-WFXMLNOXSA-N,,,,broad_macrocycle_pretrain,,,18,True,False,pretrain_train,pretraining_macrocycle; max_phase=None
PREMAC_400aea963b,ChEMBL_macrocycle_scan,CHEMBL428807,CC[C@H]1OC(=O)C[C@@H](O)[C@H](C)[C@@H](O[C@@H]2O[C@H](C)[C@@H](O[C@H]3C[C@@](C)(O)[C@@H](O)[C@H](C)O3)[C@H](N(C)C)[C@H]2O)[C@@H](CCN=[N+]=[N-])C[C@@H](C)C(=O)/C=C/C(C)=C/[C@@H]1CO[C@@H]1O[C@H](C)[C@@H](O)[C@@H](OC)[C@H]1OC,NIYZEQPXBHBITH-VMXQISHHSA-N,,,,broad_macrocycle_pretrain,,,16,True,False,pretrain_train,pretraining_macrocycle; max_phase=None
PREMAC_68ef15d779,ChEMBL_macrocycle_scan,CHEMBL264540,CCOc1ccc(C[C@H]2NC(=O)CC3(CCCCC3)SSC[C@H](C(=O)N3CCC[C@@H]3C(=O)NCCCCCN)NC(=O)[C@@H](CC(N)=O)NC(=O)[C@H](C(C)C)NC(=O)[C@@H](Cc3ccccc3)NC2=O)cc1,BCCJSYKFXXWBSR-TVMZQVGDSA-N,,,,broad_macrocycle_pretrain,,,20,True,False,pretrain_train,pretraining_macrocycle; max_phase=None
PREMAC_956f60ec51,ChEMBL_macrocycle_scan,CHEMBL273473,CC[C@H]1OC(=O)CC(O)[C@H](C)[C@@H](O[C@@H]2O[C@H](C)C[C@H](N(C)C)[C@H]2O)[C@@H](CCN2CCCC2)C[C@@H](C)C(=O)/C=C/[C@]2(C)O[C@H]2[C@@H]1C,ZUZZBQTWBULUJW-HFIDRKHSSA-N,,,,broad_macrocycle_pretrain,,,16,True,False,pretrain_train,pretraining_macrocycle; max_phase=None
PREMAC_4b15a2b09b,ChEMBL_macrocycle_scan,CHEMBL282706,CSC1=NC2/C(=C(/O)OCCCCCSc3ccccc32)C(C)=N1,PIRYLGGXEKYRTL-ICFOKQHNSA-N,,,,broad_macrocycle_pretrain,,,12,True,False,pretrain_train,pretraining_macrocycle; max_phase=None
PREMAC_92364e01a4,ChEMBL_macrocycle_scan,CHEMBL64949,NC(=O)[C@@H]1CC(=O)NCCC[C@H](NC(=O)[C@@H](N)Cc2ccc(O)cc2)C(=O)N[C@@H](Cc2ccccc2)C(=O)N1,HNDAPGXWFDLKOJ-CMOCDZPBSA-N,,,,broad_macrocycle_pretrain,,,13,True,False,pretrain_train,pretraining_macrocycle; max_phase=None
PREMAC_9223c3a3ac,ChEMBL_macrocycle_scan,CHEMBL43030,COc1ccc2c(O[C@@H]3C[C@H]4C(=O)N[C@]5(C(=O)O)C[C@H]5/C=C\CCCCC[C@H](NC(=O)OC5CCCC5)C(=O)N4C3)cc(-n3cccn3)nc2c1,ONNCFDXTFKFFEM-OGQFAUFVSA-N,,,,broad_macrocycle_pretrain,,,15,True,False,pretrain_train,pretraining_macrocycle; max_phase=None
PREMAC_8a41e72735,ChEMBL_macrocycle_scan,CHEMBL289476,CC1(C)SSC(C)(C)[C@H](NC(=O)[C@@H](N)Cc2ccc(O)cc2)C(=O)NCC(=O)N[C@H](Cc2ccccc2)C(=O)N[C@@H]1C(=O)O,MCMMCRYPQBNCPH-XWVZOOPGSA-N,,,,broad_macrocycle_pretrain,,,14,True,False,pretrain_train,pretraining_macrocycle; max_phase=None
PREMAC_3201b99b34,ChEMBL_macrocycle_scan,CHEMBL312684,CC[C@H]1OC(=O)[C@H](C)C(=O)[C@H](C)[C@@H](OC2O[C@H](C)C[C@H](N(C)C)[C@H]2O)[C@@](C)(OCC#Cc2cnc3cccnc3c2)C[C@@H](C)/C(=N\OC)[C@H](C)[C@H]2NC(=O)O[C@@]21C,NNNFPVMXPRCIMS-OTSSUHEOSA-N,,,,broad_macrocycle_pretrain,,,14,True,False,pretrain_train,pretraining_macrocycle; max_phase=None
PREMAC_7135a08a22,ChEMBL_macrocycle_scan,CHEMBL30804,CC(C)C[C@H](CP(=O)(O)CSc1ccc2ccccc2n1)C(=O)N[C@H]1Cc2cn(c3ccccc23)CCCCCCNC1=O,UDNLRUDZHBXCON-OFSOJUDTSA-N,,,,broad_macrocycle_pretrain,,,13,True,False,pretrain_train,pretraining_macrocycle; max_phase=None
PREMAC_e538c7cd34,ChEMBL_macrocycle_scan,CHEMBL47989,C/C1=C/CC[C@]2(C)[C@@H]([C@H](C)CCCC(C)C)CC[C@H]2c2ccc(cc2C(=O)O)CC(=O)CC1,CHSUASFCRFONQW-YEGBQVPISA-N,,,,broad_macrocycle_pretrain,,,14,True,False,pretrain_train,pretraining_macrocycle; max_phase=None
PREMAC_cff863311b,ChEMBL_macrocycle_scan,CHEMBL414367,CC(C)[C@H]1NC(=O)[C@H](CCCCN)NC(=O)[C@@H](Cc2c[nH]c3ccccc23)NC(=O)[C@H](Cc2ccc(O)cc2)NC(=O)[C@@H](NC(=O)[C@@H](N)Cc2cccc3ccccc23)CSSC[C@H](C(=O)N[C@H](C(N)=O)[C@@H](C)O)NC1=O,MTZCFOPUEIXJQS-QVWHZHPDSA-N,,,,broad_macrocycle_pretrain,,,20,True,False,pretrain_train,pretraining_macrocycle; max_phase=None
PREMAC_1b04d789a2,ChEMBL_macrocycle_scan,CHEMBL268352,CC(=O)NCSC[C@H](NC(=O)CNC(=O)[C@H](CSCNC(C)=O)NC(=O)CNC(=O)CNC(=O)[C@H]1CSCC(=O)N[C@@H](Cc2ccc(O)cc2)C(=O)N[C@H](CCCN=C(N)N)C(=O)NCC(=O)N[C@H](CC(=O)O)C(=O)N1)C(N)=O,UPIKWBNPYAXVOE-BTDHYQSWSA-N,,,,broad_macrocycle_pretrain,,,18,True,False,pretrain_train,pretraining_macrocycle; max_phase=None
PREMAC_e094b6eb00,ChEMBL_macrocycle_scan,CHEMBL289955,CCC1OC(=O)C(C)C(O[C@H]2C[C@@](C)(OC)CC(C)O2)C(C)[C@@H](OC2OC(C)CC(N(C)C(C)C)[C@H]2O)[C@]2(C)CC(C)=C(O2)[C@H](C)C(=O)[C@]1(C)OC,RMFHRRZPSVILFQ-VJSOZDCOSA-N,,,,broad_macrocycle_pretrain,,,13,True,False,pretrain_train,pretraining_macrocycle; max_phase=None
PREMAC_d5d5715b48,ChEMBL_macrocycle_scan,CHEMBL311237,CC(=O)O[C@@H]1[C@@H](OC(C)=O)C(C)(C)/C=C/[C@H](C)[C@H](OC(C)=O)[C@@]2(OC(C)=O)C[C@@H](C)[C@H](OC(=O)c3ccccc3)[C@@H]2/C=C(\C)[C@@H]1O,JUTSMXHGEKYOLZ-OKXWIIARSA-N,,,,broad_macrocycle_pretrain,,,12,True,False,pretrain_train,pretraining_macrocycle; max_phase=None
PREMAC_125d860084,ChEMBL_macrocycle_scan,CHEMBL79487,C=C1[C@H](OC(C)=O)C[C@@H](OC(C)=O)C(C)(C)/C=C/[C@@H](C)C(=O)[C@@]2(OC(C)=O)C[C@@](C)(OC(C)=O)[C@H](OC(C)=O)[C@@H]2[C@H]1OC(C)=O,OPQAEQYPBHCNDV-SIOVGDGMSA-N,,,,broad_macrocycle_pretrain,,,12,True,False,pretrain_train,pretraining_macrocycle; max_phase=None
PREMAC_047c7fb9d4,ChEMBL_macrocycle_scan,CHEMBL310646,O=C1CCc2ccc(O)c(c2)Oc2ccc(cc2)CCNC(=O)CN1,CAMUMOWXAPLSTI-UHFFFAOYSA-N,,,,broad_macrocycle_pretrain,,,17,True,False,pretrain_train,pretraining_macrocycle; max_phase=None
PREMAC_83632261bd,ChEMBL_macrocycle_scan,CHEMBL43337,CC[C@H]1OC(=O)C[C@@H](O)[C@H](C)[C@@H](O[C@@H]2O[C@H](C)[C@@H](O)[C@H](N(C)C)[C@H]2O)[C@@H](C)C[C@@H](C)C(=O)/C=C/C(C)=C/[C@@H]1CO,CLVVUTFANIQNLR-ADMIUPCUSA-N,,,,broad_macrocycle_pretrain,,,16,True,False,pretrain_train,pretraining_macrocycle; max_phase=None
PREMAC_3642e3658f,ChEMBL_macrocycle_scan,CHEMBL265654,CC(C)[C@H]1NC[C@H](CCCCN)NC(=O)[C@@H](Cc2c[nH]c3ccccc23)NC(=O)[C@H](Cc2ccc(O)cc2)NC[C@@H](NC(=O)[C@@H](N)Cc2ccccc2)CSSC[C@H](C(=O)N[C@H](C(N)=O)[C@@H](C)O)NC1=O,PQJRTSFKZIKGNW-HOFSUXONSA-N,,,,broad_macrocycle_pretrain,,,20,True,False,pretrain_train,pretraining_macrocycle; max_phase=None
PREMAC_1377ea5bf6,ChEMBL_macrocycle_scan,CHEMBL216814,CC[C@H]1OC(=O)C[C@@H](O)[C@H](C)[C@@H](O[C@@H]2O[C@H](C)[C@@H](O[C@H]3C[C@@](C)(O)[C@@H](O)[C@H](C)O3)[C@H](N(C)C)[C@H]2O)[C@@H](CCOc2ccc(-c3ccccc3)cc2)C[C@@H](C)C(=O)/C=C/C(C)=C/[C@@H]1CO[C@@H]1O[C@H](C)[C@@H](O)[C@@H](OC)[C@H]1OC,GQHKGCXWBCZWFP-ACPDJZKDSA-N,,,,broad_macrocycle_pretrain,,,16,True,False,pretrain_train,pretraining_macrocycle; max_phase=None
PREMAC_e24b02663f,ChEMBL_macrocycle_scan,CHEMBL62970,N=C(N)NCCC[C@@H]1NC(=O)[C@H](CC(=O)O)NC(=O)C[S+]([O-])C[C@@H](C(=O)O)NC(=O)[C@H](CC(=O)O)NC(=O)CNC1=O,JQQPAMCEEOBVRO-DWIZJWFLSA-N,,,,broad_macrocycle_pretrain,,,18,True,False,pretrain_train,pretraining_macrocycle; max_phase=None
PREMAC_925c9ffc8e,ChEMBL_macrocycle_scan,CHEMBL277955,c1cc(CN2CCCNCCNCCCNCC2)cc(CN2CCCNCCNCCCNCC2)n1,MBOGXJRSJWHMRU-UHFFFAOYSA-N,,,,broad_macrocycle_pretrain,,,14,True,False,pretrain_train,pretraining_macrocycle; max_phase=None
PREMAC_42f630db6d,ChEMBL_macrocycle_scan,CHEMBL411400,C[C@@H](O)[C@H](NC(=O)[C@@H]1NC(=O)[C@@H](Cc2c[nH]c3ccccc23)NC(=O)[C@H](CCCN=C(N)N)NC(=O)[C@@H](Cc2ccccc2)NC(=O)[C@@H](Cc2c[nH]cn2)NC(=O)[C@@H](NC(=O)[C@H](N)Cc2ccccc2)CSSC1(C)C)C(N)=O,HJGHPWYMORIUAG-FFQQBTGJSA-N,,,,broad_macrocycle_pretrain,,,20,True,False,pretrain_train,pretraining_macrocycle; max_phase=None
PREMAC_75dd3ca297,ChEMBL_macrocycle_scan,CHEMBL42253,CCn1cc(C(=O)Nc2ccc3c(c2)C(=O)NCCC(=O)N[C@@H](CCN)C(=O)N[C@@H](Cc2ccc(O)cc2)CO3)c(=O)c2ccc(C)nc21,QZZRKRHYYIHMTE-FIPFOOKPSA-N,,,,broad_macrocycle_pretrain,,,14,True,False,pretrain_train,pretraining_macrocycle; max_phase=None
PREMAC_02a878c224,ChEMBL_macrocycle_scan,CHEMBL47104,CC1COc2c(N3CCN(C)CC3)c(F)cc3c2N1CC(C(=O)NCCCCCC(=O)Nc1ccc2c(c1)C(=O)NCCC(=O)N[C@@H](CCN)C(=O)N[C@H](Cc1ccc(O)cc1)CO2)C3=O,MKQKMMCXYGPQBQ-KCTBKPDZSA-N,,,,broad_macrocycle_pretrain,,,14,True,False,pretrain_train,pretraining_macrocycle; max_phase=None
PREMAC_345298f9bc,ChEMBL_macrocycle_scan,CHEMBL298167,CNC(=O)[C@@H]1CCC(=O)OCCNC(=O)CC[C@H](C(=O)O)N[C@@H](CCc2ccccc2)C(=O)N1,PMVTXYIJWIAFKQ-OKZBNKHCSA-N,,,,broad_macrocycle_pretrain,,,16,True,False,pretrain_train,pretraining_macrocycle; max_phase=None
PREMAC_1e6f872cbd,ChEMBL_macrocycle_scan,CHEMBL310083,CC[C@H]1OC(=O)[C@H](C)[C@H]2OC3(CCN(C(=O)c4ccc5ccccc5n4)CC3)O[C@](C)(C[C@@H](C)CN[C@H](C)[C@@H](O)[C@]1(C)O)[C@H](O[C@@H]1O[C@H](C)C[C@H](N(C)C)[C@H]1O)[C@H]2C,DAPJVZWSMQHUIR-OSPYXSAVSA-N,,,,broad_macrocycle_pretrain,,,15,True,False,pretrain_train,pretraining_macrocycle; max_phase=None
PREMAC_0ae48b4417,ChEMBL_macrocycle_scan,CHEMBL34272,Oc1ccc(O)c(-c2c3nc(c(-c4cc(O)ccc4O)c4ccc([nH]4)c(-c4cc(O)ccc4O)c4ccc([nH]4)c(-c4cc(O)ccc4O)c4nc2C=C4)C=C3)c1,UJBLKBHSMGBUOB-UHFFFAOYSA-N,,,,broad_macrocycle_pretrain,,,16,True,False,pretrain_train,pretraining_macrocycle; max_phase=None
PREMAC_3c211cd9b4,ChEMBL_macrocycle_scan,CHEMBL432702,CC[C@H]1OC(=O)C[C@@H](O)[C@H](C)[C@@H](O[C@@H]2O[C@H](C)[C@@H](O)[C@H](N(C)C)[C@H]2O)[C@@H](CCOc2ccc(C=O)cc2)C[C@@H](C)C(=O)/C=C/C(C)=C/[C@@H]1CO[C@@H]1O[C@H](C)[C@@H](O)[C@@H](OC)[C@H]1OC,VCXHRTXYBKWMPL-RDPGEPDGSA-N,,,,broad_macrocycle_pretrain,,,16,True,False,pretrain_train,pretraining_macrocycle; max_phase=None
PREMAC_da6556f6a6,ChEMBL_macrocycle_scan,CHEMBL285753,COC(=O)[C@@H]1CSCc2c(O)cc(O)c(C)c2C(=O)OC[C@@H](NC(=O)OC(C)(C)C)C(=O)N1,DPVFGCGWVDNSQT-OLZOCXBDSA-N,,,,broad_macrocycle_pretrain,,,12,True,False,pretrain_train,pretraining_macrocycle; max_phase=None
PREMAC_848b9f792c,ChEMBL_macrocycle_scan,CHEMBL44849,CC[C@H]1OC(=O)/C(C)=C/[C@H](C)[C@@H](O[C@@H]2O[C@H](C)C[C@H](N(C)C)[C@H]2O)[C@@](C)(OC)C[C@@H](C)C(=O)[C@H](C)[C@H]2N(NCCCc3ccc(O)cc3)C(=O)O[C@]12C,HYYQBKFLAZISJG-ZBEQBWKJSA-N,,,,broad_macrocycle_pretrain,,,14,True,False,pretrain_train,pretraining_macrocycle; max_phase=None
PREMAC_6c3a07d88a,ChEMBL_macrocycle_scan,CHEMBL407738,CC[C@H]1OC(=O)C[C@@H](O)[C@H](C)[C@@H](O[C@@H]2O[C@H](C)[C@@H](O)[C@H](N(C)C)[C@H]2O)[C@@H](CCOc2ccc(CN3CCCCCC3)cc2)C[C@@H](C)C(=O)/C=C/C(C)=C/[C@@H]1CO[C@@H]1O[C@H](C)[C@@H](O)[C@@H](OC)[C@H]1OC,ZZGGXSDOXMJJCM-OFHKRVATSA-N,,,,broad_macrocycle_pretrain,,,16,True,False,pretrain_train,pretraining_macrocycle; max_phase=None
PREMAC_89ad616847,ChEMBL_macrocycle_scan,CHEMBL35924,CCCCCCC[C@@H]1CC(=O)O[C@@H](C(C)C)C(=O)N(C)[C@@H](Cc2ccccc2)[C@H](O)CC(=O)O1,OKLJLJXFMBXPDZ-VUMQFKOGSA-N,,,,broad_macrocycle_pretrain,,,12,True,False,pretrain_train,pretraining_macrocycle; max_phase=None
PREMAC_82a6b7bc56,ChEMBL_macrocycle_scan,CHEMBL275434,c1ccc(-c2cc(CN3CCCNCCNCCCNCC3)cc(CN3CCCNCCNCCCNCC3)c2)cc1,PEVXYXHSRSSKFF-UHFFFAOYSA-N,,,,broad_macrocycle_pretrain,,,14,True,False,pretrain_train,pretraining_macrocycle; max_phase=None
PREMAC_7f3750ba1f,ChEMBL_macrocycle_scan,CHEMBL39217,CCCCCCCN1C(=O)c2c3nc(cc4nc(cc5[nH]c(cc6[nH]c2c(c6C)C1=O)c(CC)c5C)C(C(C)OCCCCCC)=C4C)[C@@H](C)[C@@H]3CCC(=O)OC,GHQPOVSERSTPNJ-AXGQMMPJSA-N,,,,broad_macrocycle_pretrain,,,16,True,False,pretrain_train,pretraining_macrocycle; max_phase=None
PREMAC_1b1b8d7beb,ChEMBL_macrocycle_scan,CHEMBL44676,CC(=O)O[C@@]1(C)CCC(C)CCC[C@]2(C)[C@@H]([C@H](C)CCCC(C)C)CC[C@H]2c2ccc(cc2C)C1,SLMGRJCOWNFZIT-ZHDVCHJNSA-N,,,,broad_macrocycle_pretrain,,,14,True,False,pretrain_train,pretraining_macrocycle; max_phase=None
PREMAC_1fdeff3462,ChEMBL_macrocycle_scan,CHEMBL59080,CC[C@H]1OC(=O)[C@H](C)[C@@H](O[C@H]2C[C@@](C)(OC)[C@@]3(CO3)[C@H](C)O2)[C@H](C)[C@@H](O[C@@H]2O[C@H](C)C[C@H](N(C)C)[C@H]2O)[C@](C)(O)C[C@@H](C)CN[C@H](C)[C@@H](O)[C@]1(C)O,MZLSJTXEHSQWSU-BVJRFPLSSA-N,,,,broad_macrocycle_pretrain,,,15,True,False,pretrain_train,pretraining_macrocycle; max_phase=None
PREMAC_a31bd07de5,ChEMBL_macrocycle_scan,CHEMBL295384,O=C1CNC(=O)[C@@H](Cc2ccc(O)cc2)NC(=O)CNC(=O)[C@@H](Cc2ccccc2)NC(=O)CN1,YIZOYSMEGDDBOU-RTBURBONSA-N,,,,broad_macrocycle_pretrain,,,15,True,False,pretrain_train,pretraining_macrocycle; max_phase=None
PREMAC_f3a7ec64c8,ChEMBL_macrocycle_scan,CHEMBL13538,COc1ccc(C[C@H]2NC(=O)/C=C/C[C@@H](C(O)C#Cc3ccccc3)OC(=O)[C@H](CC(C)C)OC(=O)CCNC2=O)cc1,IMVONPXSHIWMSF-MWWBPNNQSA-N,,,,broad_macrocycle_pretrain,,,16,True,False,pretrain_train,pretraining_macrocycle; max_phase=None
PREMAC_a6f2468f3d,ChEMBL_macrocycle_scan,CHEMBL304243,CNC(=O)[C@@H]1Cc2ccc(cc2)OCCCC[C@H](C(=O)NO)[C@@H](CCCCOCc2ccccc2)C(=O)N1,CIQJGNDHWOIZCK-ZNZIZOMTSA-N,,,,broad_macrocycle_pretrain,,,15,True,False,pretrain_train,pretraining_macrocycle; max_phase=None
PREMAC_bf10e5abd8,ChEMBL_macrocycle_scan,CHEMBL216946,CC[C@H]1OC(=O)[C@H](C)[C@@H](O[C@H]2C[C@@](C)(OC)[C@@H](N(C)C)[C@H](C)O2)[C@H](C)[C@@H](O[C@@H]2O[C@H](C)C[C@H](N(C)C)[C@H]2OC(=O)OCC2c3ccccc3-c3ccccc32)[C@](C)(O)C[C@@H](C)N(C)C[C@H](C)[C@@H](O)[C@]1(C)O,WGVFKTMHXZZYQA-ZKGDGCJJSA-N,,,,broad_macrocycle_pretrain,,,15,True,False,pretrain_train,pretraining_macrocycle; max_phase=None
PREMAC_49a28a204e,ChEMBL_macrocycle_scan,CHEMBL60396,O=C(NC(Cc1ccccc1)C(O)CN1CCCCCCCCC/C=C/CC(c2ccccc2)OC1=O)O[C@H]1CO[C@H]2OCC[C@H]21,LHHBASZCOMLUPW-GFKLCUBQSA-N,,,,broad_macrocycle_pretrain,,,16,True,False,pretrain_train,pretraining_macrocycle; max_phase=None
PREMAC_071581abe9,ChEMBL_macrocycle_scan,CHEMBL412466,C[C@@H](O)[C@H](NC(=O)[C@@H]1CSSC[C@@H](NC(=O)[C@H](N)Cc2ccccc2)C(=O)N[C@@H](Cc2ccccc2)C(=O)N[C@@H](Cc2c[nH]c3ccccc23)C(=O)N(C)[C@@H](CCCCN)C(=O)N[C@@H]([C@@H](C)O)C(=O)N1)C(N)=O,HMXVKJKGTQRUOL-JDBXKHNRSA-N,,,,broad_macrocycle_pretrain,,,20,True,False,pretrain_train,pretraining_macrocycle; max_phase=None
PREMAC_46c7aa605a,ChEMBL_macrocycle_scan,CHEMBL437220,CC(C)[C@H]1NC(=O)[C@H](CCCCN)NC(=O)[C@@H](Cc2c[nH]c3ccccc23)NC(=O)[C@H](Cc2cccnc2)NC(=O)[C@@H](NC(=O)[C@@H](N)Cc2ccc(Cl)cc2)CSSC[C@H](C(=O)N[C@@H](Cc2ccc3ccccc3c2)C(N)=O)NC1=O,LISLABYFWXYBID-TVEITAAYSA-N,,,,broad_macrocycle_pretrain,,,20,True,False,pretrain_train,pretraining_macrocycle; max_phase=None
PREMAC_c4f8392d4f,ChEMBL_macrocycle_scan,CHEMBL298333,CC[C@H]1OC(=O)/C(C)=C/[C@H](C)[C@@H](O[C@@H]2O[C@H](C)C[C@H](N(C)C)[C@H]2O)[C@@](C)(OC)C[C@@H](C)C(=O)/C(C)=C/[C@]1(C)OC(=O)OC,YKPOMUQXXJGASD-KLWDQSBFSA-N,,,,broad_macrocycle_pretrain,,,14,True,False,pretrain_train,pretraining_macrocycle; max_phase=None
PREMAC_1d34756981,ChEMBL_macrocycle_scan,CHEMBL40147,CCCCCCOC(C)C1=C(C)c2cc3nc(c4c5[nH]c(cc6[nH]c(cc1n2)c(C)c6CC)c(C)c5C(=O)N(C)C4=O)[C@@H](CCC(=O)OC)[C@@H]3C,BJDDJEBBIBCQGZ-UMQIIANQSA-N,,,,broad_macrocycle_pretrain,,,16,True,False,pretrain_train,pretraining_macrocycle; max_phase=None
PREMAC_2d99f076dc,ChEMBL_macrocycle_scan,CHEMBL402680,CN[C@H](CC(C)C)C(=O)N[C@H]1C(=O)N[C@@H](CC#N)C(=O)N[C@H]2C(=O)N[C@H]3C(=O)N[C@H](C(=O)N[C@H](C(=O)O)c4cc(O)cc(O)c4-c4cc3ccc4O)[C@H](O)c3ccc(c(Cl)c3)Oc3cc2cc(c3O)Oc2ccc(cc2Cl)[C@H]1O,IZDPHNLZBGKMGH-JEXMTKABSA-N,,,,broad_macrocycle_pretrain,,,16,True,False,pretrain_train,pretraining_macrocycle; max_phase=None
PREMAC_77be0be2ec,ChEMBL_macrocycle_scan,CHEMBL296665,CC[C@H]1OC(=O)/C(C)=C/[C@H](C)[C@@H](O[C@@H]2O[C@H](C)C[C@H](N(C)C)[C@H]2O)[C@@](C)(OC)C[C@@H](C)C(=O)[C@H](C)[C@H]2N(NCCCc3ccc(Cl)cc3)C(=O)O[C@]12C,HCGXMVCIKRSQTH-ZBEQBWKJSA-N,,,,broad_macrocycle_pretrain,,,14,True,False,pretrain_train,pretraining_macrocycle; max_phase=None
PREMAC_12987b9c07,ChEMBL_macrocycle_scan,CHEMBL29109,CC[C@H]1OC(=O)[C@H](C)[C@H]2OC3(CCN(c4ccc(C(N)=O)cn4)CC3)O[C@](C)(C[C@@H](C)CN[C@H](C)[C@@H](O)[C@]1(C)O)[C@H](O[C@@H]1O[C@H](C)CC(N(C)C)[C@H]1O)[C@H]2C,IQCSANCYCBVGKI-VXMBSZRSSA-N,,,,broad_macrocycle_pretrain,,,15,True,False,pretrain_train,pretraining_macrocycle; max_phase=None
PREMAC_96983b7f40,ChEMBL_macrocycle_scan,CHEMBL269413,CN(C)Cc1cc(-c2c3nc(c(-c4ccccc4)c4ccc([nH]4)c(-c4ccccc4)c4nc(c(-c5ccccc5)c5ccc2[nH]5)C=C4)C=C3)ccc1O,TXZMCOVMODLOBB-UHFFFAOYSA-N,,,,broad_macrocycle_pretrain,,,16,True,False,pretrain_train,pretraining_macrocycle; max_phase=None
PREMAC_6a59694a0b,ChEMBL_macrocycle_scan,CHEMBL406982,COCCOCCOc1ccc(-c2c3nc(c(-c4ccc(OCCOCCOC)cc4)c4ccc([nH]4)c(-c4ccc(OC(C(=O)O)C(=O)O)cc4)c4nc(c(-c5ccc(OCCOCCOC)cc5)c5ccc2[nH]5)C=C4)C=C3)cc1,XLCGVTAJLJIUDV-UHFFFAOYSA-N,,,,broad_macrocycle_pretrain,,,16,True,False,pretrain_train,pretraining_macrocycle; max_phase=None
PREMAC_f89a7a9443,ChEMBL_macrocycle_scan,CHEMBL43421,CC[C@H]1OC(=O)C[C@@H](O)[C@H](C)[C@@H](O[C@@H]2O[C@H](C)[C@@H](O)[C@H](N(C)C)[C@H]2O)[C@@H](CCNCCc2ccccc2)C[C@@H](C)C(=O)/C=C/C(C)=C/[C@@H]1CO,XOXJKQAHSMPPQK-DXXLCVTPSA-N,,,,broad_macrocycle_pretrain,,,16,True,False,pretrain_train,pretraining_macrocycle; max_phase=None
PREMAC_934ab7f2c6,ChEMBL_macrocycle_scan,CHEMBL300126,CO/C1=C\C(C)=C\[C@@H](C)C(=O)[C@@H](C)C/C(C)=C/C=C/[C@H](OC)[C@@H]([C@@H](C)[C@@H](O)[C@H](C)[C@@]2(O)CC(=O)[C@H](C)[C@@H](C(C)C)O2)OC1=O,LSTPCZYIRREGRC-PHYYHISYSA-N,,,,broad_macrocycle_pretrain,,,16,True,False,pretrain_train,pretraining_macrocycle; max_phase=None
PREMAC_eefdbc6586,ChEMBL_macrocycle_scan,CHEMBL46996,CC[C@H]1OC(=O)C[C@@H](O)[C@H](C)[C@@H](O[C@@H]2O[C@H](C)[C@@H](O[C@H]3C[C@@](C)(O)[C@@H](O)[C@H](C)O3)[C@H](N(C)C)[C@H]2O)[C@@H](CCCl)C[C@@H](C)C(=O)/C=C/C(C)=C/[C@@H]1CO[C@@H]1O[C@H](C)[C@@H](O)[C@@H](OC)[C@H]1OC,MNKCKMPMKZTCAM-VMXQISHHSA-N,,,,broad_macrocycle_pretrain,,,16,True,False,pretrain_train,pretraining_macrocycle; max_phase=None
PREMAC_fede054c3d,ChEMBL_macrocycle_scan,CHEMBL298801,C=C(C)[C@H]1C[C@H](OC(C)=O)[C@@]23O[C@@H]2[C@@H](C[C@]2(C)O[C@H]2c2cc(C)c(o2)[C@@H]1OC(C)=O)OC3=O,MFRKHEQNZYVKBU-CHICZLJJSA-N,,,,broad_macrocycle_pretrain,,,13,True,False,pretrain_train,pretraining_macrocycle; max_phase=None
PREMAC_85fdf3a88b,ChEMBL_macrocycle_scan,CHEMBL284466,CC[C@H]1OC(=O)[C@H](C)[C@@H](O[C@H]2C[C@@](C)(OC)[C@@H](O)[C@H](C)O2)[C@H](C)[C@@H](O[C@@H]2O[C@H](C)C[C@H](N(C)C)[C@H]2O)[C@](C)(O)C[C@@H](C)NC(=O)[C@H](C)[C@@H](O)[C@]1(C)O,RSLHBMVNCZFJEL-XBWOTNPQSA-N,,,,broad_macrocycle_pretrain,,,15,True,False,pretrain_train,pretraining_macrocycle; max_phase=None
PREMAC_c2d839dca4,ChEMBL_macrocycle_scan,CHEMBL75482,CCCCCC[C@H]1OC(=O)CNC(=O)[C@@H](CC)NC(=O)[C@H](CO)NC(=O)[C@H]([C@H](C)CC)NC(=O)[C@H](CC(C)C)N(C)C(=O)[C@@H]1C,DKMIJPIPINKKAB-BCGUINDDSA-N,,,,broad_macrocycle_pretrain,,,19,True,False,pretrain_train,pretraining_macrocycle; max_phase=None
PREMAC_e4566156b6,ChEMBL_macrocycle_scan,CHEMBL289006,CC(C)[C@@H](NC(=O)[C@H]1CSSC[C@H](NC(=O)[C@@H](N)Cc2ccc(O)cc2)C(=O)N[C@@H](Cc2ccccc2)C(=O)N[C@H](CC(=O)O)C(=O)N1)C(=O)NCC(N)=O,YOZBAOXLTILTGR-SLTQQXTHSA-N,,,,broad_macrocycle_pretrain,,,14,True,False,pretrain_train,pretraining_macrocycle; max_phase=None
PREMAC_20a3e509d8,ChEMBL_macrocycle_scan,CHEMBL273387,CC[C@H]1OC(=O)[C@H](C)[C@@H](OC2C[C@@](C)(OC)[C@@H](O)[C@H](C)O2)[C@H](C)[C@@H](OC2O[C@H](C)C[C@H](N(C)C(C)C)[C@H]2O)[C@@](C)(OC)C[C@@H](C)C(=O)[C@H](C)[C@H]2N(CCc3ccc(Cl)cc3)C(=O)O[C@]12C,XMFQZKXJPHKZLS-CWDGTPDGSA-N,,,,broad_macrocycle_pretrain,,,14,True,False,pretrain_train,pretraining_macrocycle; max_phase=None
PREMAC_36d7533cdf,ChEMBL_macrocycle_scan,CHEMBL26966,CCC1OC(=O)C(C)C(O[C@H]2C[C@@](C)(OC)[C@@H](O)C(C)O2)C(C)[C@@H](OC2OC(C)CC(N(C)CC)[C@H]2O)[C@]2(C)CC(C)=C(O2)[C@H](C)[C@@H](O)[C@]1(C)O,UTTLXGDLSXWDJI-QPPOEDLTSA-N,,,,broad_macrocycle_pretrain,,,13,True,False,pretrain_train,pretraining_macrocycle; max_phase=None
PREMAC_371e93c2b8,ChEMBL_macrocycle_scan,CHEMBL431560,CC[C@H]1OC(=O)[C@H](C)[C@@H](O[C@H]2C[C@@](C)(OC)[C@@H](O)[C@H](C)O2)[C@H](C)[C@@H](O[C@@H]2O[C@H](C)C[C@H](N(C)C)[C@H]2O)[C@](C)(O)C[C@@H](C)N(C)C/C(C)=C/[C@]1(C)O,DKZKHPNSAJPWEQ-KURARKGCSA-N,,,,broad_macrocycle_pretrain,,,15,True,False,pretrain_train,pretraining_macrocycle; max_phase=None
PREMAC_8d60b83dd8,ChEMBL_macrocycle_scan,CHEMBL303513,NC(=O)[C@H]1CC(=O)NCCC[C@@H](NC(=O)[C@@H](N)Cc2ccc(O)cc2)C(=O)N[C@@H](Cc2ccccc2)C(=O)N1,HNDAPGXWFDLKOJ-CBPXPLCBSA-N,,,,broad_macrocycle_pretrain,,,13,True,False,pretrain_train,pretraining_macrocycle; max_phase=None
PREMAC_5dbfc28920,ChEMBL_macrocycle_scan,CHEMBL37006,COC(=O)[C@@H]1CSCc2c(O)cc(OC)c(C)c2C(=O)OCCCCCCCC/C(S)=N/1,CLRGUVWJZSHFDZ-KRWDZBQOSA-N,,,,broad_macrocycle_pretrain,,,18,True,False,pretrain_train,pretraining_macrocycle; max_phase=None
PREMAC_47aee62b7f,ChEMBL_macrocycle_scan,CHEMBL24347,CNC(=O)[C@@H]1CCCCN(S(=O)(=O)c2ccc(N)cc2)CCC[C@H](C(=O)NO)[C@@H](CC(C)C)C(=O)N1,OQHRPJHBPQDYML-HBMCJLEFSA-N,,,,broad_macrocycle_pretrain,,,13,True,False,pretrain_train,pretraining_macrocycle; max_phase=None
PREMAC_3d99a108a2,ChEMBL_macrocycle_scan,CHEMBL415623,CC[C@H]1OC(=O)CC(O)[C@H](C)[C@@H](O[C@@H]2O[C@H](C)[C@@H](O)[C@H](N(C)C)[C@H]2O)[C@@H](CCNCCCN(C)C)C[C@@H](C)C(=O)/C=C/C(C)=C/[C@@H]1CO[C@@H]1O[C@H](C)[C@@H](O)[C@@H](OC)[C@H]1OC,KELCOXUYDHOSBR-RJEOQGNGSA-N,,,,broad_macrocycle_pretrain,,,16,True,False,pretrain_train,pretraining_macrocycle; max_phase=None
PREMAC_1ac1b7e237,ChEMBL_macrocycle_scan,CHEMBL42289,CC[C@H]1OC(=O)C[C@@H](O)[C@H](C)[C@@H](O[C@@H]2O[C@H](C)[C@@H](O)[C@H](N(C)C)[C@H]2O)[C@@H](CCNc2ccc(OC(C)=O)cc2)C[C@@H](C)C(=O)/C=C/C(C)=C/[C@@H]1CO[C@@H]1O[C@H](C)[C@@H](O)[C@@H](OC)[C@H]1OC,APLXZEVIXWPRCD-CCGYTOTOSA-N,,,,broad_macrocycle_pretrain,,,16,True,False,pretrain_train,pretraining_macrocycle; max_phase=None
PREMAC_6b7f4a0cc0,ChEMBL_macrocycle_scan,CHEMBL39610,COC(=O)[C@@H]1CSCc2c(O)cc(O)c(C)c2C(=O)OCC(NC(=O)[C@@H](CO)NC(=O)OC(C)(C)C)C(=O)N1,MVPVWLIXZFPPOP-LOWNFYCTSA-N,,,,broad_macrocycle_pretrain,,,12,True,False,pretrain_train,pretraining_macrocycle; max_phase=None
PREMAC_38cd8c23cf,ChEMBL_macrocycle_scan,CHEMBL45251,CC(=O)O[C@@]1(C)CC/C(C)=C\CC[C@]2(C)[C@@H]([C@H](C)CCCC(C)C)CC[C@H]2c2ccc(cc2C(C)O)C1,CQOHHIQCEVNEMJ-PTULRISESA-N,,,,broad_macrocycle_pretrain,,,14,True,False,pretrain_train,pretraining_macrocycle; max_phase=None
PREMAC_21f935e837,ChEMBL_macrocycle_scan,CHEMBL43309,CC[C@H]1OC(=O)C[C@@H](O)[C@H](C)[C@@H](O[C@@H]2O[C@H](C)[C@@H](O)[C@H](N(C)C)[C@H]2O)[C@@H](CCOCCc2ccccc2)C[C@@H](C)C(=O)/C=C/C(C)=C/[C@@H]1CO[C@@H]1O[C@H](C)[C@@H](O)[C@@H](OC)[C@H]1OC,UGSHXDKOJADZSI-UGGNTTEXSA-N,,,,broad_macrocycle_pretrain,,,16,True,False,pretrain_train,pretraining_macrocycle; max_phase=None
PREMAC_a905b8a0c0,ChEMBL_macrocycle_scan,CHEMBL275744,NC(=O)CC[C@H]1NC(=O)[C@H](Cc2ccccc2)NC(=O)[C@@H](Cc2ccc(O)cc2)NC(=O)[C@H](N)CSSC[C@@H](C(=O)N2CCC[C@@H]2C(=O)N[C@@H](CCCN=C(N)N)C(N)=O)NC(=O)[C@H](CC(N)=O)NC1=O,FLKMPKCEWOMIER-RTPHDQPNSA-N,,,,broad_macrocycle_pretrain,,,20,True,False,pretrain_train,pretraining_macrocycle; max_phase=None
PREMAC_9e4d08356a,ChEMBL_macrocycle_scan,CHEMBL405791,C[C@@H](O)[C@H](NC(=O)[C@H]1CSSC[C@H](NC(=O)[C@H](N)Cc2ccccc2)C(=O)N[C@@H](Cc2ncc[nH]2)C(=O)N[C@H](Cc2cccc3ccccc23)C(=O)N[C@@H](CCCN=C(N)N)C(=O)N[C@H](Cc2c[nH]c3ccccc23)C(=O)N1)C(N)=O,ZZPIZTRTJLPEKP-FKSJIRLYSA-N,,,,broad_macrocycle_pretrain,,,20,True,False,pretrain_train,pretraining_macrocycle; max_phase=None
PREMAC_94f1a889ae,ChEMBL_macrocycle_scan,CHEMBL277758,NCCC[C@H](N)CC(=O)NC1CNC(=O)[C@@H](C2CC(NC(=O)Nc3ccc(Cl)c(Cl)c3)N=C(N)N2)NC(=O)/C(=C/NC(N)=O)NC(=O)[C@@H](CO)NC(=O)[C@@H](CO)NC1=O,AGAYQICOWAMMBZ-PJRMKSLSSA-N,,,,broad_macrocycle_pretrain,,,16,True,False,pretrain_train,pretraining_macrocycle; max_phase=None
PREMAC_1c91899fa0,ChEMBL_macrocycle_scan,CHEMBL308640,CC[C@H]1OC(=O)[C@H](C)[C@@H](O[C@H]2C[C@@](C)(OC)[C@@H](O)[C@H](C)O2)[C@H](C)[C@@H](O[C@@H]2O[C@H](C)C[C@H](NC(=O)COc3cc(N=[N+]=[N-])ccc3CO)[C@H]2O)[C@@](C)(O)C[C@@H](C)C(=O)[C@H](C)[C@@H](O)[C@]1(C)O,LXDYAILZKUCGQU-ASXAPOIKSA-N,,,,broad_macrocycle_pretrain,,,14,True,False,pretrain_train,pretraining_macrocycle; max_phase=None
PREMAC_a77e9d335f,ChEMBL_macrocycle_scan,CHEMBL276839,COc1ccc(C[C@H]2NC(=O)/C=C/C[C@@H]([C@](C)(O)/C=C\c3ccccc3)OC(=O)[C@H](CC(C)C)OC(=O)CCNC2=O)cc1,VPBLLSQCGFJMNJ-HUBRWOLHSA-N,,,,broad_macrocycle_pretrain,,,16,True,False,pretrain_train,pretraining_macrocycle; max_phase=None
PREMAC_0cf5ad1513,ChEMBL_macrocycle_scan,CHEMBL416934,CC[C@H]1OC(=O)[C@H](C)[C@H]2OC3(CCN(c4ccc(C(=O)OCc5ccccc5)c(C(F)(F)F)c4)CC3)O[C@](C)(C[C@@H](C)CN[C@H](C)[C@@H](O)[C@]1(C)O)[C@H](O[C@@H]1O[C@H](C)CC(N(C)C)[C@H]1O)[C@H]2C,MKGCSBVCJYAVDI-ZUOJVVBISA-N,,,,broad_macrocycle_pretrain,,,15,True,False,pretrain_train,pretraining_macrocycle; max_phase=None
PREMAC_2ba18a9e88,ChEMBL_macrocycle_scan,CHEMBL409242,CC[C@H]1OC(=O)C[C@@H](O)[C@H](C)[C@@H](O[C@@H]2O[C@H](C)[C@@H](O[C@H]3C[C@@](C)(O)[C@@H](O)[C@H](C)O3)[C@H](N(C)C)[C@H]2O)[C@@H](CCN2C(=O)c3ccccc3C2=O)C[C@@H](C)C(=O)/C=C/C(C)=C/[C@@H]1CO[C@@H]1O[C@H](C)[C@@H](O)[C@@H](OC)[C@H]1OC,MHYGVMFFCRAXKB-NKUPPARGSA-N,,,,broad_macrocycle_pretrain,,,16,True,False,pretrain_train,pretraining_macrocycle; max_phase=None
PREMAC_51724577c3,ChEMBL_macrocycle_scan,CHEMBL264075,CC[C@H]1OC(=O)C[C@@H](O)[C@H](C)[C@@H](O[C@@H]2O[C@H](C)[C@@H](O)[C@H](N(C)C)[C@H]2O)[C@@H](CCOC2NNC(c3ccccc3)C(c3ccccc3)N2)C[C@@H](C)C(=O)/C=C/C(C)=C/[C@@H]1CO[C@@H]1O[C@H](C)[C@@H](O)[C@@H](OC)[C@H]1OC,BYYHPVGLUSZVNL-BJOVIRPTSA-N,,,,broad_macrocycle_pretrain,,,16,True,False,pretrain_train,pretraining_macrocycle; max_phase=None
PREMAC_0faa62d7f2,ChEMBL_macrocycle_scan,CHEMBL274295,NC(=O)CC[C@H]1NC(=O)[C@H](Cc2ccccc2)NC(=O)[C@@H](Cc2ccc(O)cc2)NC(=O)CC(C2CCCC2)(C2CCCC2)SSC[C@@H](C(=O)N2CCC[C@@H]2C(=O)N[C@@H](CCCN=C(N)N)C(N)=O)NC(=O)[C@H](CC(N)=O)NC1=O,GZVPVJFHJQUJGK-IAHUTUMBSA-N,,,,broad_macrocycle_pretrain,,,20,True,False,pretrain_train,pretraining_macrocycle; max_phase=None
PREMAC_d8ba170a49,ChEMBL_macrocycle_scan,CHEMBL266142,CC[C@H]1OC(=O)CC(O)[C@H](C)[C@@H](O[C@@H]2O[C@H](C)C[C@H](N(C)C)[C@H]2O)[C@@H](CCN2CCCCC2)C[C@@H](C)C(=O)/C=C/C(C)=C/[C@@H]1C,PIUGSSHLCBOXSV-LCLNQJHGSA-N,,,,broad_macrocycle_pretrain,,,16,True,False,pretrain_train,pretraining_macrocycle; max_phase=None
PREMAC_281ed11396,ChEMBL_macrocycle_scan,CHEMBL293714,COc1ccc(C[C@H]2NC(=O)/C=C/C[C@@H]([C@H](C)[C@@H](O)[C@@H](Br)c3ccccc3)OC(=O)[C@H](CC(C)C)OC(=O)[C@H](C)CNC2=O)cc1Cl,HFOAOOZWWATFPH-OFWIHYRESA-N,,,,broad_macrocycle_pretrain,,,16,True,False,pretrain_train,pretraining_macrocycle; max_phase=None
PREMAC_8c90554b36,ChEMBL_macrocycle_scan,CHEMBL40066,COCO[C@@H]1CC(=O)OC[C@H](C)C(=O)O[C@@H](C(C)C)C(=O)N(C)[C@H]1Cc1ccccc1,ABJHZTBPBIEJNR-ROPHOZQPSA-N,,,,broad_macrocycle_pretrain,,,12,True,False,pretrain_train,pretraining_macrocycle; max_phase=None
PREMAC_761b8944a7,ChEMBL_macrocycle_scan,CHEMBL279010,CCOC(=O)C(N)CCCCN1C(=O)C2=C(C)c3cc4[nH]c(cc5[nH]c(cc6nc(c(c2n3)C1=O)[C@@H](CCC(=O)OC)[C@@H]6C)c(C)c5C=O)C(C)(O)C4(O)CC,MGHRSIDVLFFBBI-KTDGLQOESA-N,,,,broad_macrocycle_pretrain,,,16,True,False,pretrain_train,pretraining_macrocycle; max_phase=None
PREMAC_a5ee76636b,ChEMBL_macrocycle_scan,CHEMBL50228,CNC(=O)[C@@H]1CCCCNC(=O)CC[C@H](C(=O)O)N[C@@H](CCc2ccccc2)C(=O)N1,NSZHVJWSFHBPMB-OKZBNKHCSA-N,,,,broad_macrocycle_pretrain,,,14,True,False,pretrain_train,pretraining_macrocycle; max_phase=None
PREMAC_9b62cb37be,ChEMBL_macrocycle_scan,CHEMBL23248,O=C1CN2CCc3cncn3Cc3ccc(-c4ccc(C(F)(F)F)cc4)c(c3)Oc3ccc4cccc(c4c3)N1CC2,DSUYZKFAJRJFFP-UHFFFAOYSA-N,,,,broad_macrocycle_pretrain,,,17,True,False,pretrain_train,pretraining_macrocycle; max_phase=None
PREMAC_86cb315ba8,ChEMBL_macrocycle_scan,CHEMBL44347,CCCO[C@H]1[C@H](O[C@H]2[C@@H](CCCl)C[C@@H](C)C(=O)/C=C/C(C)=C/[C@H](CO[C@@H]3O[C@H](C)[C@@H](O)[C@@H](OC)[C@H]3OC)[C@@H](CC)OC(=O)C[C@@H](O)[C@@H]2C)O[C@H](C)[C@@H](O)[C@@H]1N(C)C,SWHVDRFPQPCHMG-ZGWBQBAKSA-N,,,,broad_macrocycle_pretrain,,,16,True,False,pretrain_train,pretraining_macrocycle; max_phase=None
PREMAC_66d59dd7d3,ChEMBL_macrocycle_scan,CHEMBL32596,CNC(=O)[C@@H]1CCCN(C(C)=O)CC(C)CO[C@H](C(=O)NO)[C@@H](CCCc2ccccc2)C(=O)N1,JYPUUSQERHUIDJ-USQNYJEOSA-N,,,,broad_macrocycle_pretrain,,,13,True,False,pretrain_train,pretraining_macrocycle; max_phase=None
PREMAC_6b07795b0c,ChEMBL_macrocycle_scan,CHEMBL65592,C[C@H]1[C@@H]2CC(=O)O[C@H](/C=C/I)C(C)(C)[C@H]3C[C@@H](C)[C@](O)(O3)C(=O)C[C@H](C[C@@H]1O)O2,DFCFBFKGDMVRQE-TXCGNEFDSA-N,,,,broad_macrocycle_pretrain,,,13,True,False,pretrain_train,pretraining_macrocycle; max_phase=None
PREMAC_95d6be5141,ChEMBL_macrocycle_scan,CHEMBL282827,CCOC(=O)c1ccc(N2CCC3(CC2)O[C@H]2[C@H](C)[C@@H](O[C@@H]4O[C@H](C)CC(N(C)C)[C@H]4O)[C@@](C)(C[C@@H](C)CN[C@H](C)[C@@H](O)[C@](C)(O)[C@@H](CC)OC(=O)[C@@H]2C)O3)nc1,FMNWOPLBEHPGGD-UZXOWIRASA-N,,,,broad_macrocycle_pretrain,,,15,True,False,pretrain_train,pretraining_macrocycle; max_phase=None
PREMAC_caaeb73158,ChEMBL_macrocycle_scan,CHEMBL422591,Cc1cn(C2CC(N=[N+]=[N-])C(COC(=O)CCCCN3CCCN(C(=O)OC(C)(C)C)CCN(C(=O)OC(C)(C)C)CCCN(C(=O)OC(C)(C)C)CC3)O2)c(=O)[nH]c1=O,XKIJYIVLLKCQMD-UHFFFAOYSA-N,,,,broad_macrocycle_pretrain,,,14,True,False,pretrain_train,pretraining_macrocycle; max_phase=None
PREMAC_a6f0d8c68a,ChEMBL_macrocycle_scan,CHEMBL408560,NC(N)=NCCC[C@H](NC(=O)[C@@H](N)CC(=O)O)C(=O)N[C@H]1CCSSC[C@@H](C(=O)N[C@@H](Cc2c[nH]cn2)C(=O)N2CCC[C@H]2C(=O)N[C@@H](Cc2ccccc2)C(=O)O)NC(=O)[C@H](Cc2ccc(O)cc2)NC1=O,NBQGNMXWEIRZCV-VTGDPKQBSA-N,,,,broad_macrocycle_pretrain,,,12,True,False,pretrain_train,pretraining_macrocycle; max_phase=None
PREMAC_22857f1aa7,ChEMBL_macrocycle_scan,CHEMBL276353,CCC1(CC)CCNC(=O)[C@@H](NC(=O)[C@@H](N)Cc2ccc(O)cc2)CSSC[C@@H](C(=O)O)NC1=O,RQWHAASFVALSEJ-BZSNNMDCSA-N,,,,broad_macrocycle_pretrain,,,13,True,False,pretrain_train,pretraining_macrocycle; max_phase=None
PREMAC_d1ad52c7a2,ChEMBL_macrocycle_scan,CHEMBL64185,CSCC[C@H]1NC(=O)CSC[C@@H](C(=O)O)NC(=O)[C@H](CC(=O)O)NC(=O)CNC(=O)[C@H](CCCN=C(N)N)NC1=O,KXLMLPVYDRIZFO-CRWXNKLISA-N,,,,broad_macrocycle_pretrain,,,18,True,False,pretrain_train,pretraining_macrocycle; max_phase=None
PREMAC_eb13190e02,ChEMBL_macrocycle_scan,CHEMBL54969,C[C@@H]1C(=O)Nc2cccc3ccc(cc23)Oc2cc(ccc2C#N)Cn2cncc2CN1C,BAQAZCQBLRUMRU-QGZVFWFLSA-N,,,,broad_macrocycle_pretrain,,,16,True,False,pretrain_train,pretraining_macrocycle; max_phase=None
PREMAC_ad1a8b0584,ChEMBL_macrocycle_scan,CHEMBL266103,CC[C@H]1OC(=O)CC(O)[C@H](C)[C@@H](O[C@@H]2O[C@H](C)C[C@H](N(C)C)[C@H]2O)[C@@H](CCN2CCC2)C[C@@H](C)C(=O)/C=C/C(C)=C/[C@@H]1C,NYOXUVRQTJSYPX-HJAPAKNOSA-N,,,,broad_macrocycle_pretrain,,,16,True,False,pretrain_train,pretraining_macrocycle; max_phase=None
PREMAC_f4bfe7e8b5,ChEMBL_macrocycle_scan,CHEMBL61361,CC[C@H]1OC(=O)[C@H](C)[C@@H](O[C@H]2C[C@@](C)(OC)[C@](C)(O)[C@H](C)O2)[C@H](C)[C@@H](O[C@@H]2O[C@H](C)C[C@H](N(C)C)[C@H]2O)[C@](C)(O)C[C@@H](C)CN(C)[C@H](C)[C@@H](O)[C@]1(C)O,WVPGOQNCPPEMMK-VSYZXMJYSA-N,,,,broad_macrocycle_pretrain,,,15,True,False,pretrain_train,pretraining_macrocycle; max_phase=None
PREMAC_24415f6d56,ChEMBL_macrocycle_scan,CHEMBL443853,CCC(C)[C@H]1O[C@]2(C=C[C@@H]1C)C[C@@H]1C[C@@H](C/C=C(\C)[C@@H](O[C@H]3C[C@H](OC)[C@@H](O[C@H]4C[C@H](OC)[C@H](NC(=O)C(F)(F)F)[C@H](C)O4)[C@H](C)O3)[C@@H](C)/C=C/C=C3\CO[C@@H]4[C@H](O)C(C)=C[C@@H](C(=O)O1)[C@]34O)O2,FNROMVRBQKSWTK-VDGVAKHBSA-N,,,,broad_macrocycle_pretrain,,,16,True,False,pretrain_train,pretraining_macrocycle; max_phase=None
PREMAC_11d6148061,ChEMBL_macrocycle_scan,CHEMBL417976,CC(O)C1/C=C/C=C\C(=O)O[C@@H]2C[C@H]3O[C@@H]4[C@@H]5O[C@]5(C)CC[C@]4(COC(=O)C(O)C(C)CCO1)[C@]2(C)C31CO1,POIJHYBEYXGIET-JMDIIUSJSA-N,,,,broad_macrocycle_pretrain,,,18,True,False,pretrain_train,pretraining_macrocycle; max_phase=None
PREMAC_4e0fe67f1b,ChEMBL_macrocycle_scan,CHEMBL273466,CC[C@H]1OC(=O)[C@H](C)[C@@H](OC(=O)N2CCOC2=O)[C@H](C)[C@@H](OC2O[C@H](C)C[C@H](N(C)C(C)C)[C@H]2O)[C@@](C)(OC)C[C@@H](C)C(=O)[C@H](C)[C@H]2N(CCc3ccc(Cl)cc3)C(=O)O[C@]12C,HYNCJXJSFTWOTF-CKRRCRIGSA-N,,,,broad_macrocycle_pretrain,,,14,True,False,pretrain_train,pretraining_macrocycle; max_phase=None
PREMAC_1706c4a11d,ChEMBL_macrocycle_scan,CHEMBL302465,N=C(N)NCCC[C@@H]1NC(=O)[C@H](Cc2ccc(O)cc2)NC(=O)C[S+]([O-])C[C@@H](C(=O)O)NC(=O)[C@H](CC(=O)O)NC(=O)CNC1=O,DMXRDQJVBMEHPP-OBHJWUNDSA-N,,,,broad_macrocycle_pretrain,,,18,True,False,pretrain_train,pretraining_macrocycle; max_phase=None
PREMAC_6f8d9ab89b,ChEMBL_macrocycle_scan,CHEMBL406997,N=C(N)c1ccc(C[C@H]2NC(=O)[C@H](Cc3ccc(O)cc3)NC(=O)CSC[C@H](C(=O)N[C@@H](CCCCN)C(=O)NCC(=O)N[C@@H](CS)C(=O)NCC(N)=O)NC(=O)[C@@H](CC(=O)O)NC(=O)CNC2=O)cc1,KJHPDNQEEUNUMQ-XSFYONRBSA-N,,,,broad_macrocycle_pretrain,,,18,True,False,pretrain_train,pretraining_macrocycle; max_phase=None
PREMAC_9a86e9c0b5,ChEMBL_macrocycle_scan,CHEMBL293566,CC[C@H]1OC(=O)[C@H](C)[C@@H](O[C@H]2C[C@@](C)(OC)[C@@](O)(C#CCN(C)C)[C@H](C)O2)[C@H](C)[C@@H](O[C@@H]2O[C@H](C)C[C@H](N(C)C)[C@H]2O)[C@](C)(O)C[C@@H](C)CN(C)[C@H](C)[C@@H](O)[C@]1(C)O,MWKDKHNZDVQKOG-HEJNULLJSA-N,,,,broad_macrocycle_pretrain,,,15,True,False,pretrain_train,pretraining_macrocycle; max_phase=None
PREMAC_a5fa7dda80,ChEMBL_macrocycle_scan,CHEMBL418532,CCCCC[C@@H]1/C=C\C2[C@H](O)C[C@H](O)[C@@H]2CCCCCCC(=O)O1,ZMUOKHRYAWJZAG-QBVTZUIJSA-N,,,,broad_macrocycle_pretrain,,,13,True,False,pretrain_train,pretraining_macrocycle; max_phase=None
PREMAC_166f5b5644,ChEMBL_macrocycle_scan,CHEMBL75616,CCCCCC[C@H]1OC(=O)CNC(=O)[C@@H]([C@H](C)O)NC(=O)[C@H](CO)NC(=O)[C@H]([C@H](C)CC)NC(=O)[C@H](CC(C)C)NC(=O)[C@@H]1C,MOXOSDFPWIMCCF-ICODMZQASA-N,,,,broad_macrocycle_pretrain,,,19,True,False,pretrain_train,pretraining_macrocycle; max_phase=None
PREMAC_cf3b44c25a,ChEMBL_macrocycle_scan,CHEMBL294909,COc1ccc(C[C@H]2NC(=O)/C=C/C[C@@H]([C@H](C)[C@@H](O)[C@@H](Cl)c3ccccc3)OC(=O)[C@H](CC(C)C)OC(=O)[C@H](C)CNC2=O)cc1Cl,TVIRNGFXQVMMGB-OFWIHYRESA-N,,,,broad_macrocycle_pretrain,,,16,True,False,pretrain_train,pretraining_macrocycle; max_phase=None
PREMAC_c416224068,ChEMBL_macrocycle_scan,CHEMBL64388,N=C(N)NCCC[C@@H]1NC(=O)CNC(=O)CSC[C@@H](C(N)=O)NC(=O)[C@H](CC(=O)O)NC(=O)CNC1=O,PAFICDQSPQMTGA-DCAQKATOSA-N,,,,broad_macrocycle_pretrain,,,18,True,False,pretrain_train,pretraining_macrocycle; max_phase=None
PREMAC_d0e868107b,ChEMBL_macrocycle_scan,CHEMBL385638,C[n+]1ccc(-c2c3nc(c(-c4cc[n+](C)cc4F)c4ccc([nH]4)c(-c4cc[n+](C)cc4F)c4ccc([nH]4)c(-c4cc[n+](C)cc4F)c4nc2C=C4)C=C3)c(F)c1.Cc1ccc(S(=O)(=O)[O-])cc1.Cc1ccc(S(=O)(=O)[O-])cc1.Cc1ccc(S(=O)(=O)[O-])cc1.Cc1ccc(S(=O)(=O)[O-])cc1,QEINEZNSGLIPCN-UHFFFAOYSA-K,,,,broad_macrocycle_pretrain,,,16,True,False,pretrain_train,pretraining_macrocycle; max_phase=None
PREMAC_8b01cea9c7,ChEMBL_macrocycle_scan,CHEMBL43663,CC[C@H]1OC(=O)C[C@@H](O)[C@H](C)[C@@H](O[C@@H]2O[C@H](C)[C@@H](O[C@H]3C[C@@](C)(O)[C@@H](O)[C@H](C)O3)[C@H](N(C)C)[C@H]2O)[C@@H](CCO)C[C@@H](C)C(=O)/C=C/C(C)=C/[C@@H]1CO[C@@H]1O[C@H](C)[C@@H](O)[C@@H](O)[C@H]1OC,VUTLMZINWYSEDQ-HQCAVAADSA-N,,,,broad_macrocycle_pretrain,,,16,True,False,pretrain_train,pretraining_macrocycle; max_phase=None
PREMAC_22184ad311,ChEMBL_macrocycle_scan,CHEMBL81351,CC[C@H]1OC(=O)[C@H](C)[C@H]2OC3(CCN(C(=O)c4ccccn4)CC3)O[C@](C)(C[C@@H](C)CN(C)[C@H](C)[C@@H](O)[C@]1(C)O)[C@H](O[C@@H]1O[C@H](C)C[C@H](N(C)C)[C@H]1O)[C@H]2C,YADKLKDCPTZSMP-GJZHXCCNSA-N,,,,broad_macrocycle_pretrain,,,15,True,False,pretrain_train,pretraining_macrocycle; max_phase=None
PREMAC_13ecd2b998,ChEMBL_macrocycle_scan,CHEMBL300496,C=C(C)[C@@H]1Cc2oc(cc2CO)[C@@H]2O[C@@]2(C)C[C@H]2OC(=O)[C@@]3(O[C@H]23)[C@@H](OC(C)=O)C1,HRWQXDZVHNBGAU-QEZNSZSOSA-N,,,,broad_macrocycle_pretrain,,,13,True,False,pretrain_train,pretraining_macrocycle; max_phase=None
PREMAC_305d25d5d5,ChEMBL_macrocycle_scan,CHEMBL418256,CC[C@H]1OC(=O)[C@H](C)[C@@H](OC(=O)N2C(=O)OC[C@@H]2C)[C@H](C)[C@@H](OC2O[C@H](C)C[C@H](N(C)CC3CC3)[C@H]2O)[C@@](C)(OC)C[C@@H](C)C(=O)[C@H](C)[C@H]2N(CCc3ccc(Cl)cc3)C(=O)O[C@]12C,LSWLRKGXSVFLJY-ZWKBLDHJSA-N,,,,broad_macrocycle_pretrain,,,14,True,False,pretrain_train,pretraining_macrocycle; max_phase=None
PREMAC_663ee51fed,ChEMBL_macrocycle_scan,CHEMBL41530,CCN1CCCNC(=O)c2cc(Cl)c(N)cc2OCCOCC1,XVYMPLWZBYVRPM-UHFFFAOYSA-N,,,,broad_macrocycle_pretrain,,,14,True,False,pretrain_train,pretraining_macrocycle; max_phase=None
PREMAC_6372d25b50,ChEMBL_macrocycle_scan,CHEMBL63235,NC(=O)[C@@H]1CCNC(=O)C[C@@H](NC(=O)[C@@H](N)Cc2ccc(O)cc2)C(=O)N[C@@H](Cc2ccccc2)C(=O)N1,WCYSVYGPAPZADV-XSDIEEQYSA-N,,,,broad_macrocycle_pretrain,,,12,True,False,pretrain_train,pretraining_macrocycle; max_phase=None
PREMAC_9b177ae51e,ChEMBL_macrocycle_scan,CHEMBL425452,NC(=O)CC[C@H]1NC(=O)[C@H](Cc2ccccc2)NC(=O)[C@@H](Cc2ccc(O)cc2)NC(=O)CCSSC[C@@H](C(=O)N2CCC[C@@H]2C(=O)N[C@@H](CCCN=C(N)N)C(N)=O)NC(=O)[C@H](CC(N)=O)NC1=O,AMQKXWMISSYJPB-ZPJSNDENSA-N,,,,broad_macrocycle_pretrain,,,20,True,False,pretrain_train,pretraining_macrocycle; max_phase=None
PREMAC_df11304057,ChEMBL_macrocycle_scan,CHEMBL432681,CCN1CCCCCOc2cc(N)c(Cl)cc2C(=O)NCCC1,WHVQUSLAQBLJHI-UHFFFAOYSA-N,,,,broad_macrocycle_pretrain,,,14,True,False,pretrain_train,pretraining_macrocycle; max_phase=None
PREMAC_8ca657c179,ChEMBL_macrocycle_scan,CHEMBL82660,CC[C@H]1OC(=O)[C@H](C)[C@H]2OC3(CCN(CCc4ccc(Cl)cc4)CC3)O[C@](C)(C[C@@H](C)CN(C)[C@H](C)[C@@H](O)[C@]1(C)O)[C@H](O[C@@H]1O[C@H](C)C[C@H](N(C)C)[C@H]1O)[C@H]2C,NFLAHPLKDSNZFQ-MZKCSLBKSA-N,,,,broad_macrocycle_pretrain,,,15,True,False,pretrain_train,pretraining_macrocycle; max_phase=None
PREMAC_6bdb895b33,ChEMBL_macrocycle_scan,CHEMBL36062,CCCCCCCOC(C)C1=C(C)c2cc3nc(c4c5[nH]c(cc6[nH]c(cc1n2)c(C)c6CC)c(C)c5C(=O)N(CCCCCC)C4=O)[C@@H](CCC(=O)OC)[C@@H]3C,SGWPEDJWYFAGOD-AXGQMMPJSA-N,,,,broad_macrocycle_pretrain,,,16,True,False,pretrain_train,pretraining_macrocycle; max_phase=None
PREMAC_67f0f0d9b1,ChEMBL_macrocycle_scan,CHEMBL274400,C[C@@H](O)[C@H](NC(=O)[C@@H]1NC(=O)[C@@H]([C@@H](C)O)NC(=O)[C@H](CCCCN)NC(=O)[C@H](Cc2c[nH]c3ccccc23)NC(=O)[C@H](Cc2ccc(O)cc2)NC(=O)[C@@H](NC(=O)[C@H](N)Cc2ccccc2)CSSC1(C)C)C(N)=O,VSEYLDNPHYTJMJ-AVTOYXFISA-N,,,,broad_macrocycle_pretrain,,,20,True,False,pretrain_train,pretraining_macrocycle; max_phase=None
PREMAC_c53f898246,ChEMBL_macrocycle_scan,CHEMBL439343,CN[C@H](CC(C)C)C(=O)N[C@H]1C(=O)N[C@@H](CC(N)=O)C(=O)N[C@H]2C(=O)N[C@H]3C(=O)N[C@H](C(=O)N[C@H](C(=O)O)c4cc(O)cc(O)c4-c4cc3ccc4O)[C@H](O)c3ccc(c(Cl)c3)Oc3cc2cc(c3O)Oc2ccc(cc2Cl)[C@H]1O,JHIKFOISFAQTJQ-YZANBJIASA-N,,,,broad_macrocycle_pretrain,,,16,True,False,pretrain_train,pretraining_macrocycle; max_phase=None
PREMAC_675b88af9a,ChEMBL_macrocycle_scan,CHEMBL296848,CC[C@H]1OC(=O)/C(C)=C/[C@H](C)[C@@H](O[C@@H]2O[C@H](C)C[C@H](N(C)C)[C@H]2O)[C@@](C)(OC)C[C@@H](C)C(=O)[C@H](C)[C@H]2N(NCCCc3ccc(F)cc3)C(=O)O[C@]12C,KVAGSBQFZXIEHI-ZBEQBWKJSA-N,,,,broad_macrocycle_pretrain,,,14,True,False,pretrain_train,pretraining_macrocycle; max_phase=None
PREMAC_3b93157c90,ChEMBL_macrocycle_scan,CHEMBL278430,c1ccc(-c2cc(CN3CCCNCCNCCCNCC3)cc(CN3CCCNCCNCCCNCC3)n2)cc1,JMBAQNKPHSQCRU-UHFFFAOYSA-N,,,,broad_macrocycle_pretrain,,,14,True,False,pretrain_train,pretraining_macrocycle; max_phase=None
PREMAC_734ae81869,ChEMBL_macrocycle_scan,CHEMBL311588,CC[C@H]1OC(=O)[C@H](C)[C@H]2OC3(CCN(CCc4ccc(Cl)c(Cl)c4)CC3)O[C@](C)(C[C@@H](C)CN[C@H](C)[C@@H](O)[C@]1(C)O)[C@H](O[C@@H]1O[C@H](C)C[C@H](N(C)C)[C@H]1O)[C@H]2C,DZQSVXYTJAMMHW-VRWHLRHGSA-N,,,,broad_macrocycle_pretrain,,,15,True,False,pretrain_train,pretraining_macrocycle; max_phase=None
PREMAC_c2f448c1fa,ChEMBL_macrocycle_scan,CHEMBL217503,CC[C@H]1OC(=O)[C@H](C)[C@@H](O[C@H]2C[C@@](C)(OC)[C@@H](NC(C)=O)[C@H](C)O2)[C@H](C)[C@@H](O[C@@H]2O[C@H](C)C[C@H](N(C)C)[C@H]2OC(=O)OCC2c3ccccc3-c3ccccc32)[C@](C)(O)C[C@@H](C)N(C)C[C@H](C)[C@@H](O)[C@]1(C)O,UIYRTEUNOHJJBZ-BXXNDXENSA-N,,,,broad_macrocycle_pretrain,,,15,True,False,pretrain_train,pretraining_macrocycle; max_phase=None
PREMAC_2f37ba3480,ChEMBL_macrocycle_scan,CHEMBL300306,CC[C@H]1OC(=O)[C@H](C)C(=O)[C@H](C)[C@@H](O[C@@H]2O[C@H](C)C[C@H](N(C)C)[C@H]2O)[C@@](C)(OCC#CCc2ccc(-c3csnn3)cc2)C[C@@H](C)C(=O)[C@H](C)[C@H]2NC(=O)O[C@@]21C,SUAJRQCEUOCGFY-JTDJYLJUSA-N,,,,broad_macrocycle_pretrain,,,14,True,False,pretrain_train,pretraining_macrocycle; max_phase=None
PREMAC_4ac3823510,ChEMBL_macrocycle_scan,CHEMBL43485,CCCCN1C(=O)[C@@H](C)NC(=O)[C@@H]2Cc3ccc(OC)c(c3)Oc3ccc(cc3)C[C@@H](C(=O)N2C)N(C)C(=O)[C@H](C)NC(=O)[C@H](Cc2ccc(OC)cc2)N(C)C(=O)[C@@H]1C,OFOHDOZKARJNIZ-GRCQCCPSSA-N,,,,broad_macrocycle_pretrain,,,18,True,False,pretrain_train,pretraining_macrocycle; max_phase=None
PREMAC_13afd06391,ChEMBL_macrocycle_scan,CHEMBL274161,CC1CCOC(=O)/C=C/C=C\C(=O)O[C@@H]2C[C@H]3O[C@@H]4C[C@@H](C)C(=O)C[C@]4(COC(=O)C1O)[C@]2(C)C31CO1,YLZBEKKURGTQBQ-JESOZSPUSA-N,,,,broad_macrocycle_pretrain,,,18,True,False,pretrain_train,pretraining_macrocycle; max_phase=None
PREMAC_81e4e8a339,ChEMBL_macrocycle_scan,CHEMBL262289,CCC(C)[C@H]1O[C@]2(C=C[C@@H]1C)C[C@@H]1C[C@@H](C/C=C(\C)[C@@H](O[C@H]3C[C@H](OC)[C@@H](O[C@H]4C[C@H](OC)[C@H](NC(=O)c5ccccc5)[C@H](C)O4)[C@H](C)O3)[C@@H](C)/C=C/C=C3\CO[C@@H]4[C@H](O)C(C)=C[C@@H](C(=O)O1)[C@]34O)O2,HSRHDIWRBQWJFD-XRTFOAATSA-N,,,,broad_macrocycle_pretrain,,,16,True,False,pretrain_train,pretraining_macrocycle; max_phase=None
PREMAC_d8212ddafa,ChEMBL_macrocycle_scan,CHEMBL47976,CC[C@H]1OC(=O)/C(C)=C/[C@H](C)[C@@H](O[C@@H]2O[C@H](C)C[C@H](N(C)C)[C@H]2O)[C@@](C)(OC)C[C@@H](C)C(=O)[C@H](C)[C@H]2N(NCc3ccc(NC(C)=O)cc3)C(=O)O[C@]12C,MKDIODCLLIBBIG-PYTCZYFYSA-N,,,,broad_macrocycle_pretrain,,,14,True,False,pretrain_train,pretraining_macrocycle; max_phase=None
PREMAC_6a76fbedc9,ChEMBL_macrocycle_scan,CHEMBL420190,CC(=O)N[C@@H]1C(=O)N[C@@H](Cc2ccc(O)cc2)C(=O)NCC(=O)N[C@@H](CO)C(=O)N[C@H](Cc2ccccc2)C(=O)N[C@@H](C(=O)N[C@@H](CCCCN)C(=O)N[C@@H](CCCCN)C(N)=O)CSSC1(C)C,JSAVUDGQKSHCOP-MFZPSMAJSA-N,,,,broad_macrocycle_pretrain,,,20,True,False,pretrain_train,pretraining_macrocycle; max_phase=None
PREMAC_6fd7ace432,ChEMBL_macrocycle_scan,CHEMBL46371,CCn1cc(C(=O)Nc2ccc3c(c2)C(=O)NCCC(=O)N[C@@H](CCN)C(=O)N[C@H](Cc2ccc(O)cc2)CO3)c(=O)c2ccc(C)nc21,QZZRKRHYYIHMTE-LXFBAYGMSA-N,,,,broad_macrocycle_pretrain,,,14,True,False,pretrain_train,pretraining_macrocycle; max_phase=None
PREMAC_e3fdffe82a,ChEMBL_macrocycle_scan,CHEMBL288413,COc1ccc2c(O[C@@H]3C[C@H]4C(=O)N[C@]5(C(=O)O)C[C@H]5/C=C\CCCCC[C@H](NC(=O)OC(C)(C)C)C(=O)N4C3)cc(-n3ccnc3)nc2c1,PARUNSVMNWGMTP-XZDVLMJXSA-N,,,,broad_macrocycle_pretrain,,,15,True,False,pretrain_train,pretraining_macrocycle; max_phase=None
PREMAC_f100392278,ChEMBL_macrocycle_scan,CHEMBL42391,CC[C@H]1C[C@@H](C)C(=O)/C=C/C(C)=C/[C@H](CO)[C@@H](CC)OC(=O)C[C@@H](O)[C@H](C)[C@H]1O[C@@H]1O[C@H](C)[C@@H](O)[C@H](N(C)C)[C@H]1O,AEEUCDDHSDVQCD-CRGCSIJASA-N,,,,broad_macrocycle_pretrain,,,16,True,False,pretrain_train,pretraining_macrocycle; max_phase=None
PREMAC_f18be9b3f7,ChEMBL_macrocycle_scan,CHEMBL9757,CC1CCOC(=O)/C=C/C=C\C(=O)O[C@@H]2C[C@H]3O[C@@H]4C[C@@H](C)[C@@H](O)C[C@]4(COC(=O)C1O)[C@]2(C)C31CO1,ZXJNGNSKZPGCAW-ADWVHJPISA-N,,,,broad_macrocycle_pretrain,,,18,True,False,pretrain_train,pretraining_macrocycle; max_phase=None
PREMAC_17e2bbed05,ChEMBL_macrocycle_scan,CHEMBL67131,CC(C)[C@@H]1NC(=O)c2cccc(c2F)CNC(=O)[C@H](CC(=O)O)NC(=O)CNC(=O)[C@H](CCCN=C(N)N)N(C)C1=O,UMBVVGYRMZYGDW-FIKGOQFSSA-N,,,,broad_macrocycle_pretrain,,,18,True,False,pretrain_train,pretraining_macrocycle; max_phase=None
PREMAC_9ac91c3606,ChEMBL_macrocycle_scan,CHEMBL297609,CC[C@H]1OC(=O)/C(C)=C/[C@H](C)[C@@H](O[C@@H]2O[C@H](C)C[C@H](N(C)C)[C@H]2O)[C@@](C)(OC)C[C@@H](C)C(=O)[C@H](C)[C@H]2NC(=O)O[C@@]21C,UGYMIFXFRCMDEP-HMODDIRLSA-N,,,,broad_macrocycle_pretrain,,,14,True,False,pretrain_train,pretraining_macrocycle; max_phase=None
PREMAC_c1826a1eb0,ChEMBL_macrocycle_scan,CHEMBL36859,C=CCNC(=O)[C@@H]1CSCc2c(O)cc(OC)c(C)c2C(=O)OC[C@H](NC(=O)OC(C)(C)C)C(=O)N1,XAFJQSHHQRNHLG-HOTGVXAUSA-N,,,,broad_macrocycle_pretrain,,,12,True,False,pretrain_train,pretraining_macrocycle; max_phase=None
PREMAC_d845d4df7d,ChEMBL_macrocycle_scan,CHEMBL78614,CC[C@H]1OC(=O)[C@@](C)(F)C(=O)[C@H](C)[C@@H](OC2O[C@H](C)C[C@H](N(C)C)[C@H]2O)[C@@](C)(OCC#Cc2ccc(-c3nnn(C)n3)s2)C[C@@H](C)/C(=N\OC)[C@H](C)[C@H]2NC(=O)O[C@@]21C,IRAUNIOCSQZCAD-NGQAZARNSA-N,,,,broad_macrocycle_pretrain,,,14,True,False,pretrain_train,pretraining_macrocycle; max_phase=None
PREMAC_c6f05b6e1e,ChEMBL_macrocycle_scan,CHEMBL416631,Cc1cc2ccc1[C@@H]1CC[C@H]([C@H](C)CCCC(C)C)[C@@]1(C)CCCC(C)CC[C@](C)(O)C2,JAMSPNAQAVUVME-VQADHKQHSA-N,,,,broad_macrocycle_pretrain,,,14,True,False,pretrain_train,pretraining_macrocycle; max_phase=None
PREMAC_8f70ada214,ChEMBL_macrocycle_scan,CHEMBL430995,CC(C)[C@@H]1NC(=O)[C@@H](NC(=O)C(=O)C(Cc2ccccc2)NC(=O)OC(C)(C)C)Cc2ccc(cc2)OCCCNC1=O,HJRINTUTOZYZMC-WIXBZOCESA-N,,,,broad_macrocycle_pretrain,,,15,True,False,pretrain_train,pretraining_macrocycle; max_phase=None
PREMAC_4dc218e9c5,ChEMBL_macrocycle_scan,CHEMBL69379,C[C@@H](O)[C@@H]1NC(=O)[C@@H](CCCCN)NC(=O)[C@H](Cc2c[nH]c3ccccc23)NC(=O)[C@@H](Cc2ccccc2)NC(=O)[C@H](NC(=O)[C@H](N)Cc2ccccc2)CSC[C@@H](C(=O)O)NC1=O,GCLWZDVCIUHXSH-JOXPAQKRSA-N,,,,broad_macrocycle_pretrain,,,19,True,False,pretrain_train,pretraining_macrocycle; max_phase=None
PREMAC_9df8c18643,ChEMBL_macrocycle_scan,CHEMBL42240,CC[C@H]1OC(=O)C[C@@H](O)[C@H](C)[C@@H](O[C@@H]2O[C@H](C)[C@@H](O)[C@H](N(C)C)[C@H]2O)[C@@H](CCO)C[C@@H](C)C(=O)/C=C/C(C)=C/[C@@H]1CO[C@@H]1O[C@H](C)[C@@H](O)[C@@H](O)[C@H]1OC,PFRCEBLDEDNTIE-DPQTXAOLSA-N,,,,broad_macrocycle_pretrain,,,16,True,False,pretrain_train,pretraining_macrocycle; max_phase=None
PREMAC_bb50cad85a,ChEMBL_macrocycle_scan,CHEMBL411148,C[C@@H]1NC(=O)[C@@H](Cc2ccccc2)NC(=O)[C@H](Cc2ccc(O)cc2)NC(=O)CCSSC[C@H](C(=O)N2CCC[C@@H]2C(=O)N[C@@H](CCCN=C(N)N)C(=O)NCC(N)=O)NC(=O)[C@@H](CC(N)=O)NC1=O,VIAKLERFFQGEMB-MYWADEGNSA-N,,,,broad_macrocycle_pretrain,,,20,True,False,pretrain_train,pretraining_macrocycle; max_phase=None
PREMAC_0e0d89af84,ChEMBL_macrocycle_scan,CHEMBL416434,NCC[C@@H]1NC(=O)CCNC(=O)c2cc(NC(=O)Cn3cnc4c(N)ncnc43)ccc2OC[C@@H](Cc2ccc(O)cc2)NC1=O,GEQWBXBDSOILOP-KNQAVFIVSA-N,,,,broad_macrocycle_pretrain,,,14,True,False,pretrain_train,pretraining_macrocycle; max_phase=None
PREMAC_ad6cb5d981,ChEMBL_macrocycle_scan,CHEMBL274355,CC(O)C(=O)N[C@@H]1C(=O)N2NCCC[C@@H]2C(=O)N(O)[C@@H](C)C(=O)NCC(=O)N2NCCC[C@H]2C(=O)N(O)[C@H](C)C(=O)O[C@H]1C(C)C,FXPVPTMLNSYZMV-LHHKADPISA-N,,,,broad_macrocycle_pretrain,,,19,True,False,pretrain_train,pretraining_macrocycle; max_phase=None
PREMAC_befaa7ff21,ChEMBL_macrocycle_scan,CHEMBL303298,CC(C)C[C@H]1C(=O)N[C@H](C(=O)NCCN(C)C)Cc2ccc(cc2)OCCCC[C@@H]1C(=O)NO,HEPINVNDBLHRTM-BDTNDASRSA-N,,,,broad_macrocycle_pretrain,,,15,True,False,pretrain_train,pretraining_macrocycle; max_phase=None
PREMAC_3d25dc6448,ChEMBL_macrocycle_scan,CHEMBL296664,CC[C@H]1OC(=O)C[C@@H](O)[C@H](C)[C@@H](O[C@@H]2O[C@H](C)[C@@H](O)[C@H](N(C)C)[C@H]2O)[C@@H](CCNCCc2ccccc2)C[C@@H](C)C(=O)/C=C/C(C)=C/[C@@H]1CO[C@@H]1O[C@H](C)[C@@H](O)[C@@H](OC)[C@H]1OC,QLRWVXLPHBQDEB-UGGNTTEXSA-N,,,,broad_macrocycle_pretrain,,,16,True,False,pretrain_train,pretraining_macrocycle; max_phase=None
PREMAC_d7efc907e8,ChEMBL_macrocycle_scan,CHEMBL268906,CC[C@H]1OC(=O)CC(O)[C@H](C)[C@@H](O[C@@H]2O[C@H](C)C[C@H](N(C)C)[C@H]2O)[C@@H](CCN2CCCCCC2)C[C@@H](C)C(=O)/C=C/[C@]2(C)O[C@H]2[C@@H]1C,INCNYXSDFKGPSD-YIMFJMEHSA-N,,,,broad_macrocycle_pretrain,,,16,True,False,pretrain_train,pretraining_macrocycle; max_phase=None
PREMAC_cca92cac9a,ChEMBL_macrocycle_scan,CHEMBL43407,CC[C@H]1OC(=O)C[C@@H](O)[C@H](C)[C@@H](O[C@@H]2O[C@H](C)[C@@H](O)[C@H](N(C)C)[C@H]2O)[C@@H](CCOc2ccccc2)C[C@@H](C)C(=O)/C=C/C(C)=C/[C@@H]1CO[C@@H]1O[C@H](C)[C@@H](O)[C@@H](O)[C@H]1OC,WBBZAYVFQGFBEN-RAUWYSHNSA-N,,,,broad_macrocycle_pretrain,,,16,True,False,pretrain_train,pretraining_macrocycle; max_phase=None
PREMAC_1dc45630a9,ChEMBL_macrocycle_scan,CHEMBL295327,CC[C@H]1OC(=O)C[C@@H](O)[C@H](C)[C@@H](O[C@@H]2O[C@H](C)[C@@H](O[C@H]3C[C@@](C)(O)[C@@H](O)[C@H](C)O3)[C@H](N(C)C)[C@H]2O)[C@@H](C)C[C@@H](C)C(=O)/C=C/C(C)=C/[C@@H]1CO[C@@H]1O[C@H](C)[C@@H](O)[C@@H](O)[C@H]1OC,POHSRQWWWMWKBK-ZIBZDMJGSA-N,,,,broad_macrocycle_pretrain,,,16,True,False,pretrain_train,pretraining_macrocycle; max_phase=None
PREMAC_91c5b47bae,ChEMBL_macrocycle_scan,CHEMBL29044,COOC1(OOCCCCCC(=O)O)CCCCCCCCCCC1,KSBPHAOVEOZGDQ-UHFFFAOYSA-N,,,,broad_macrocycle_pretrain,,,12,True,False,pretrain_train,pretraining_macrocycle; max_phase=None
PREMAC_82004d26e0,ChEMBL_macrocycle_scan,CHEMBL275087,CC1=C(CCC(=O)O)c2cc3[nH]c(cc4[nH]c(cc5nc(cc1n2)C(CCC(=O)O)=C5CC(=O)O)c(CCC(=O)O)c4C)c(CCC(=O)O)c3CC(=O)O,VABIWCFEFIHDBJ-UHFFFAOYSA-N,,,,broad_macrocycle_pretrain,,,16,True,False,pretrain_train,pretraining_macrocycle; max_phase=None
PREMAC_9e8ce9ecce,ChEMBL_macrocycle_scan,CHEMBL44473,CC[C@H]1C[C@@H](C)C(=O)/C=C/C(C)=C/[C@H](CO[C@@H]2O[C@H](C)[C@@H](O)[C@@H](OC)[C@H]2OC)[C@@H](CC)OC(=O)C[C@@H](O)[C@H](C)[C@H]1O[C@@H]1O[C@H](C)[C@@H](O)[C@H](N(C)C)[C@H]1O,IZWKAYZMSMUSJX-YMQVAQLYSA-N,,,,broad_macrocycle_pretrain,,,16,True,False,pretrain_train,pretraining_macrocycle; max_phase=None
PREMAC_a5fe983c2e,ChEMBL_macrocycle_scan,CHEMBL432692,CC[C@H]1OC(=O)/C(C)=C/[C@H](C)[C@@H](O[C@@H]2O[C@H](C)C[C@H](N(C)C)[C@H]2O)[C@@](C)(OC)C[C@@H](C)C(=O)[C@H](C)[C@H]2N(NC/C=C/c3ccc(N)cc3)C(=O)O[C@]12C,IZLWEKVTUHFBLM-OTJHZOFDSA-N,,,,broad_macrocycle_pretrain,,,14,True,False,pretrain_train,pretraining_macrocycle; max_phase=None
PREMAC_99f72a6d38,ChEMBL_macrocycle_scan,CHEMBL288155,COc1ccc2c(O[C@@H]3C[C@H]4C(=O)N[C@]5(C(=O)O)C[C@H]5/C=C\CCCCC[C@H](NC(=O)OC5CCCC5)C(=O)N4C3)cc(-n3cccc3)nc2c1,JUGLNFCWZSQNQM-CUNINWTOSA-N,,,,broad_macrocycle_pretrain,,,15,True,False,pretrain_train,pretraining_macrocycle; max_phase=None
PREMAC_a02c7c6100,ChEMBL_macrocycle_scan,CHEMBL407616,CC[C@H]1OC(=O)C[C@@H](O)[C@H](C)[C@@H](O[C@@H]2O[C@H](C)[C@@H](O[C@H]3C[C@@](C)(O)[C@@H](O)[C@H](C)O3)[C@H](N(C)C)[C@H]2O)[C@@H](CCOS(=O)(=O)c2ccc(C)cc2)C[C@@H](C)C(=O)/C=C/C(C)=C/[C@@H]1CO[C@@H]1O[C@H](C)[C@@H](O)[C@@H](O)[C@H]1OC,ZZJIMIJNDCHCIA-CCDYGZCGSA-N,,,,broad_macrocycle_pretrain,,,16,True,False,pretrain_train,pretraining_macrocycle; max_phase=None
PREMAC_d7357ee8b4,ChEMBL_macrocycle_scan,CHEMBL287796,CC[C@H]1OC(=O)C[C@@H](O)[C@H](C)[C@@H](O[C@@H]2O[C@H](C)[C@@H](O)[C@H](N(C)C)[C@H]2O)[C@@H](CCOc2ccc(-c3ccccc3)cc2)C[C@@H](C)C(=O)/C=C/C(C)=C/[C@@H]1CO[C@@H]1O[C@H](C)[C@@H](O)[C@@H](OC)[C@H]1OC,KVLMFFYXICQREI-KEIFWEBJSA-N,,,,broad_macrocycle_pretrain,,,16,True,False,pretrain_train,pretraining_macrocycle; max_phase=None
PREMAC_c0628c903a,ChEMBL_macrocycle_scan,CHEMBL433129,CC[C@H]1OC(=O)[C@H](C)[C@H]2OC3(CCN(CCc4ccc(Cl)cc4)CC3)O[C@](C)(C[C@@H](C)CN[C@H](C)[C@@H](O)[C@]1(C)O)[C@H](O[C@@H]1O[C@H](C)C[C@H](N(C)C)[C@H]1O)[C@H]2C,ULTTUBKYIYYEQW-FJEWZUSTSA-N,,,,broad_macrocycle_pretrain,,,15,True,False,pretrain_train,pretraining_macrocycle; max_phase=None
PREMAC_4eb3487825,ChEMBL_macrocycle_scan,CHEMBL306727,CC(C)[C@@H]1NC(=O)/C=C\CCCOc2ccc(cc2)C[C@@H]([C@H](O)CN2CC3CCCCC3C[C@H]2C(=O)NC(C)(C)C)NC1=O,OOFHOBZEPRIFQH-GFMSVYRFSA-N,,,,broad_macrocycle_pretrain,,,17,True,False,pretrain_train,pretraining_macrocycle; max_phase=None
PREMAC_5323a45fec,ChEMBL_macrocycle_scan,CHEMBL277443,NCCCOCCN(CCOCCCN)CCOC1CCCCCCCCCCC1,NEXYOPWLZOGBNZ-UHFFFAOYSA-N,,,,broad_macrocycle_pretrain,,,12,True,False,pretrain_train,pretraining_macrocycle; max_phase=None
PREMAC_483b07356b,ChEMBL_macrocycle_scan,CHEMBL43364,CC[C@H]1OC(=O)C[C@@H](O)[C@H](C)[C@@H](O[C@@H]2O[C@H](C)[C@@H](O)[C@H](N(C)C)[C@H]2O)[C@@H](CCOc2cccnc2)C[C@@H](C)C(=O)/C=C/C(C)=C/[C@@H]1CO[C@@H]1O[C@H](C)[C@@H](O)[C@@H](OC)[C@H]1OC,JCCQGOALSUZGJJ-ZVPTXJDISA-N,,,,broad_macrocycle_pretrain,,,16,True,False,pretrain_train,pretraining_macrocycle; max_phase=None
PREMAC_3017241359,ChEMBL_macrocycle_scan,CHEMBL413830,C[C@@H](O)[C@@H]1NC(=O)[C@H](CCCCN)NC(=O)[C@H](Cc2c[nH]c3ccccc23)NC(=O)[C@H](Cc2ccccc2)NC(=O)[C@H](NC(=O)[C@H](N)Cc2ccc(O)cc2)CSSC[C@@H](C(=O)N(C)[C@H](C(N)=O)[C@@H](C)O)NC1=O,DNHHFQHMGNZUOW-ARBHAYAYSA-N,,,,broad_macrocycle_pretrain,,,20,True,False,pretrain_train,pretraining_macrocycle; max_phase=None
PREMAC_d8518225a3,ChEMBL_macrocycle_scan,CHEMBL21571,C1CCCCCC(NCCN(CCNC2CCCCCCCCCCC2)CCNC2CCCCC2)CCCCC1,BTMOORSTZWZBBL-UHFFFAOYSA-N,,,,broad_macrocycle_pretrain,,,12,True,False,pretrain_train,pretraining_macrocycle; max_phase=None
PREMAC_24991bae28,ChEMBL_macrocycle_scan,CHEMBL310326,CC[C@H]1OC(=O)[C@H](C)C(=O)[C@H](C)[C@@H](OC2O[C@H](C)C[C@H](N(C)C)[C@H]2O)[C@@](C)(OCC#Cc2ccc3nccnc3c2)C[C@@H](C)/C(=N\OC)[C@H](C)[C@H]2NC(=O)O[C@@]21C,UZHGLQKAGGNWLP-OTSSUHEOSA-N,,,,broad_macrocycle_pretrain,,,14,True,False,pretrain_train,pretraining_macrocycle; max_phase=None
PREMAC_38ad6d2d85,ChEMBL_macrocycle_scan,CHEMBL269701,COc1ccc(C[C@H]2NC(=O)/C=C/C[C@@H](C(=O)CCc3ccccc3)OC(=O)[C@H](CC(C)C)OC(=O)CCNC2=O)cc1,XNUFNIAXGFHYDR-HUOUUOGISA-N,,,,broad_macrocycle_pretrain,,,16,True,False,pretrain_train,pretraining_macrocycle; max_phase=None
PREMAC_be284d3846,ChEMBL_macrocycle_scan,CHEMBL53862,CN1Cc2cncn2Cc2ccc(C#N)c(c2)Oc2ccc3cccc(c3c2)NC(=O)[C@H]1Cc1ccccc1,BYAJXJYFHAJINJ-SSEXGKCCSA-N,,,,broad_macrocycle_pretrain,,,16,True,False,pretrain_train,pretraining_macrocycle; max_phase=None
PREMAC_8d7561801b,ChEMBL_macrocycle_scan,CHEMBL40070,CCCCCCC[C@H]1OC(=O)CC[C@H](Cc2ccccc2)N(C)C(=O)[C@H](C(C)C)OC(=O)[C@H]1C,VHUIPQJPOUPXDB-PFHLPCBSSA-N,,,,broad_macrocycle_pretrain,,,12,True,False,pretrain_train,pretraining_macrocycle; max_phase=None
PREMAC_994471ecb2,ChEMBL_macrocycle_scan,CHEMBL40265,COc1ccc2c(O[C@@H]3C[C@H]4C(=O)N[C@]5(C(=O)O)C[C@H]5/C=C\CCCCC[C@H](NC(=O)OC(C)(C)C)C(=O)N4C3)cc(-n3ccc(C)n3)nc2c1,QPUNNOCALCGZEN-MCQSFFMYSA-N,,,,broad_macrocycle_pretrain,,,15,True,False,pretrain_train,pretraining_macrocycle; max_phase=None
PREMAC_2255f26ec1,ChEMBL_macrocycle_scan,CHEMBL269145,NC(=O)CC[C@H]1NC(=O)[C@H](Cc2ccccc2)NC(=O)[C@@H](Cc2ccc(O)cc2)NC(=O)[C@H](N)CSSC[C@@H](C(=O)N2CC(O)C[C@@H]2C(=O)N[C@@H](CCCN=C(N)N)C(=O)NCC(=O)O)NC(=O)[C@H](CC(N)=O)NC1=O,UNVYFQMWCBWQRY-FPYAMGFLSA-N,,,,broad_macrocycle_pretrain,,,20,True,False,pretrain_train,pretraining_macrocycle; max_phase=None
PREMAC_a476919ec3,ChEMBL_macrocycle_scan,CHEMBL437093,C[C@@H](O)[C@H](NC(=O)[C@@H]1CSSC[C@@H](NC(=O)[C@H](N)Cc2ccc(O)cc2)C(=O)N[C@@H](Cc2ccccc2)C(=O)N[C@@H](Cc2c[nH]c3ccccc23)C(=O)N[C@@H](CCCCN)C(=O)N(C)[C@@H]([C@@H](C)O)C(=O)N1)C(N)=O,NGISEDHBPLFVJG-ARBHAYAYSA-N,,,,broad_macrocycle_pretrain,,,20,True,False,pretrain_train,pretraining_macrocycle; max_phase=None
PREMAC_be9eb52c44,ChEMBL_macrocycle_scan,CHEMBL287835,COC(=O)[C@@H]1CSCc2c(O)cc(OC)c(C)c2C(=O)OCCCCCC(=O)N1,CHJDZKJSOYOPRN-AWEZNQCLSA-N,,,,broad_macrocycle_pretrain,,,15,True,False,pretrain_train,pretraining_macrocycle; max_phase=None
PREMAC_ffef80a686,ChEMBL_macrocycle_scan,CHEMBL408299,C=CCN1C[C@H](C)[C@@H](O)[C@](C)(O)[C@@H](CC)OC(=O)[C@H](C)[C@@H](O[C@H]2C[C@@](C)(OC)[C@@H](N)[C@H](C)O2)[C@H](C)[C@@H](O[C@@H]2O[C@H](C)C[C@H](N(C)C)[C@H]2OC(=O)OCC2c3ccccc3-c3ccccc32)[C@](C)(O)C[C@H]1C,AHUYZHKBTFILMG-ZKGDGCJJSA-N,,,,broad_macrocycle_pretrain,,,15,True,False,pretrain_train,pretraining_macrocycle; max_phase=None
PREMAC_c8ba3fb381,ChEMBL_macrocycle_scan,CHEMBL45310,CC(C)CCN(C[C@@H](O)[C@@H]1Cc2ccc(cc2)OCCCCCC(=O)N[C@@H](C(C)C)C(=O)N1)NC(=O)NC(C)(C)C,NOMOVGUKCWQICM-REUBFRLUSA-N,,,,broad_macrocycle_pretrain,,,17,True,False,pretrain_train,pretraining_macrocycle; max_phase=None
PREMAC_c827d1695f,ChEMBL_macrocycle_scan,CHEMBL37076,COc1cc(O)c2c(c1C)C(=O)O[C@H](CO)C/C(S)=N/[C@H](c1nc(C)no1)CSC2,DELYZRLCRAHIHW-AAEUAGOBSA-N,,,,broad_macrocycle_pretrain,,,12,True,False,pretrain_train,pretraining_macrocycle; max_phase=None
PREMAC_6b806eecf2,ChEMBL_macrocycle_scan,CHEMBL33942,CCc1c(CC)c2cc3nc(cc4[nH]c(c(C)c4CC)c4[nH]c(cc5nc(cc1[nH]2)C(CCC(=O)NCCNCCN)=C5C)c(CC)c4C)C(C)=C3CCC(=O)NCCNCCN,QSCYQGZUAARQBI-UHFFFAOYSA-N,,,,broad_macrocycle_pretrain,,,19,True,False,pretrain_train,pretraining_macrocycle; max_phase=None
PREMAC_47fc58a1c0,ChEMBL_macrocycle_scan,CHEMBL43841,C/C1=C/CC[C@]2(C)[C@@H]([C@H](C)COC(=O)c3ccccc3)CC[C@H]2c2ccc(cc2C(=O)O)C[C@@H](O)CC1,CCYACPCPTKBPAH-BLDKECFUSA-N,,,,broad_macrocycle_pretrain,,,14,True,False,pretrain_train,pretraining_macrocycle; max_phase=None
PREMAC_4f39856c55,ChEMBL_macrocycle_scan,CHEMBL299183,C=C(CO)[C@H]1C[C@H](OC(C)=O)[C@@]23O[C@@H]2[C@@H](C[C@]2(C)O[C@H]2c2cc(C)c(o2)[C@@H]1OC(C)=O)OC3=O,YZHFJOLZJGYJEL-CHICZLJJSA-N,,,,broad_macrocycle_pretrain,,,13,True,False,pretrain_train,pretraining_macrocycle; max_phase=None
PREMAC_3d48106240,ChEMBL_macrocycle_scan,CHEMBL288637,Cc1cccc2c1C(=O)OC[C@H](NC(=O)C1C(O)CCC1C(=O)C(N)CO)C(=O)N[C@H](C(=O)NC(C)C(=O)O)CSC2,TVEYJDPKLMSJTD-XBYOAFBOSA-N,,,,broad_macrocycle_pretrain,,,12,True,False,pretrain_train,pretraining_macrocycle; max_phase=None
PREMAC_8300213a89,ChEMBL_macrocycle_scan,CHEMBL34557,CO[C@@H]1/C=C/C(=O)O[C@@H](C)CCC/C=C\[C@@H]2C[C@H](O)C[C@H]21,XUHVOYMFCDAZJW-WHSNNUMRSA-N,,,,broad_macrocycle_pretrain,,,13,True,False,pretrain_train,pretraining_macrocycle; max_phase=None
PREMAC_0dd9ae1314,ChEMBL_macrocycle_scan,CHEMBL429161,CC[C@H](C)[C@@H]1NC(=O)[C@H](Cc2ccc(O)cc2)NC(=O)[C@H](N)CSSC[C@@H](C(=O)N2[C@H](C(=O)N[C@@H](CC(C)C)C(=O)NCC(N)=O)CC[C@@H]2C(C)(C)C)NC(=O)[C@H](CC(N)=O)NC(=O)[C@H](CCC(N)=O)NC1=O,BQAIZCWVMPMKDN-GEYUUAIJSA-N,,,,broad_macrocycle_pretrain,,,20,True,False,pretrain_train,pretraining_macrocycle; max_phase=None
PREMAC_8195026261,ChEMBL_macrocycle_scan,CHEMBL298012,CC[C@H]1OC(=O)/C(C)=C/[C@H](C)[C@@H](O[C@@H]2O[C@H](C)C[C@H](N(C)C)[C@H]2O)[C@@](C)(OC)C[C@@H](C)C(=O)[C@H](C)[C@H]2N(CCCOc3ccncc3)C(=O)O[C@]12C,LENPBIUKAMUHIQ-IDIDBGRKSA-N,,,,broad_macrocycle_pretrain,,,14,True,False,pretrain_train,pretraining_macrocycle; max_phase=None
PREMAC_7ea8a3804f,ChEMBL_macrocycle_scan,CHEMBL297120,CC[C@H]1OC(=O)/C(C)=C/[C@H](C)[C@@H](O[C@@H]2O[C@H](C)C[C@H](N(C)C)[C@H]2O)[C@@](C)(OC)C[C@@H](C)C(=O)[C@H](C)[C@H]2N(NCCCc3ccccc3O)C(=O)O[C@]12C,BFNGLZQHSIXKRW-UBEBSNILSA-N,,,,broad_macrocycle_pretrain,,,14,True,False,pretrain_train,pretraining_macrocycle; max_phase=None
PREMAC_3aa967e6c2,ChEMBL_macrocycle_scan,CHEMBL277904,CCCCCCN1C(=O)c2c3nc(cc4nc(cc5[nH]c(cc6[nH]c2c(c6C)C1=O)c(CC)c5C)C(C(C)OCCCC)=C4C)[C@@H](C)[C@@H]3CCC(=O)OC,JSLMVHHLHJHMIH-NFUCCUETSA-N,,,,broad_macrocycle_pretrain,,,16,True,False,pretrain_train,pretraining_macrocycle; max_phase=None
PREMAC_f4d203cabf,ChEMBL_macrocycle_scan,CHEMBL442159,CC[C@H](C)[C@H](NC(=O)[C@@H](NC(=O)[C@@H]1CCCN1)C(C)C)C(=O)NCC(O)C1Cc2ccc(cc2)OCCCC(=O)NC(CC(N)=O)C(=O)N1,XGMGJFOBJHKLFV-QURRLEKOSA-N,,,,broad_macrocycle_pretrain,,,15,True,False,pretrain_train,pretraining_macrocycle; max_phase=None
PREMAC_41b6da543e,ChEMBL_macrocycle_scan,CHEMBL292373,CC1CCCCCCCCCCOC(=O)N(CC(O)C(Cc2ccccc2)NC(=O)O[C@H]2CO[C@H]3OCC[C@H]32)C1,NASQVRVEBVOVLH-OIPMRRPOSA-N,,,,broad_macrocycle_pretrain,,,15,True,False,pretrain_train,pretraining_macrocycle; max_phase=None
PREMAC_e615759096,ChEMBL_macrocycle_scan,CHEMBL44155,CC[C@H]1OC(=O)/C(C)=C/[C@H](C)[C@@H](O[C@@H]2O[C@H](C)C[C@H](N(C)C)[C@H]2O)[C@@](C)(OC)C[C@@H](C)C(=O)[C@H](C)[C@H]2N(CCc3ccccc3)C(=O)O[C@]12C,JUNOMONXAJGBCY-IDIDBGRKSA-N,,,,broad_macrocycle_pretrain,,,14,True,False,pretrain_train,pretraining_macrocycle; max_phase=None
PREMAC_283dafba68,ChEMBL_macrocycle_scan,CHEMBL48258,CNC(=O)[C@@H]1CCCCNC(=O)CO[C@H](C(=O)NO)[C@@H](CC(C)C)C(=O)N1,PGWQPFWCLKSUIC-DYEKYZERSA-N,,,,broad_macrocycle_pretrain,,,13,True,False,pretrain_train,pretraining_macrocycle; max_phase=None
PREMAC_076822fa89,ChEMBL_macrocycle_scan,CHEMBL297082,CC[C@H]1OC(=O)/C(C)=C/[C@H](C)[C@@H](O[C@@H]2O[C@H](C)C[C@H](N(C)C)[C@H]2O)[C@@](C)(OC)C[C@@H](C)C(=O)[C@H](C)[C@H]2N(CCc3ccc(C)cc3)C(=O)O[C@]12C,TZRRHGONXWNQQV-VSWHKGPWSA-N,,,,broad_macrocycle_pretrain,,,14,True,False,pretrain_train,pretraining_macrocycle; max_phase=None
PREMAC_7bf5ca6b8e,ChEMBL_macrocycle_scan,CHEMBL41012,C[C@@H]1NC(=O)[C@H](COC(C)(C)C)NC(=O)CCCCCC[C@H](C(=O)O)NC1=O,IWRPTJIICMOCKJ-MJBXVCDLSA-N,,,,broad_macrocycle_pretrain,,,15,True,False,pretrain_train,pretraining_macrocycle; max_phase=None
PREMAC_7e51b3bdde,ChEMBL_macrocycle_scan,CHEMBL302227,CNC(=O)[C@@H]1Cc2ccc(cc2)OCCCC[C@@H](C(=O)NO)[C@@H](CC(C)C)C(=O)N1,BJOZETKUSDMMAN-QRVBRYPASA-N,,,,broad_macrocycle_pretrain,,,15,True,False,pretrain_train,pretraining_macrocycle; max_phase=None
PREMAC_6bac448e9e,ChEMBL_macrocycle_scan,CHEMBL311954,C=C1[C@H](OCC(C)C)[C@H](OCC(C)C)[C@@H](OC(C)=O)C(C)(C)[C@@H]2O[C@H]2[C@@H](C)C(=O)[C@@]2(OC(C)=O)C[C@@](C)(OC(C)=O)[C@H](OC(C)=O)[C@@H]2[C@H]1OC(C)=O,LPEFRJUIZDXBFS-ZGJWRYLKSA-N,,,,broad_macrocycle_pretrain,,,12,True,False,pretrain_train,pretraining_macrocycle; max_phase=None
PREMAC_4b5cdea5c1,ChEMBL_macrocycle_scan,CHEMBL17760,c1ncc(CN2CCCNCCNCCCNCC2)cc1CN1CCCNCCNCCCNCC1,PKTIKIGPTFPMNI-UHFFFAOYSA-N,,,,broad_macrocycle_pretrain,,,14,True,False,pretrain_train,pretraining_macrocycle; max_phase=None
PREMAC_791018449c,ChEMBL_macrocycle_scan,CHEMBL415917,CC[C@H]1OC(=O)/C(C)=C/[C@H](C)[C@@H](O[C@@H]2O[C@H](C)C[C@H](N(C)C)[C@H]2O)[C@@](C)(OC)C[C@@H](C)C(=O)/C(C)=C/[C@]1(C)O,NCHZQRUKCJDZIH-SFJZHURPSA-N,,,,broad_macrocycle_pretrain,,,14,True,False,pretrain_train,pretraining_macrocycle; max_phase=None
PREMAC_57b05c682d,ChEMBL_macrocycle_scan,CHEMBL269436,CC(C)[C@H]1NC(=O)[C@H](CCCCN)NC(=O)[C@@H](Cc2c[nH]c3ccccc23)NC(=O)[C@H](Cc2ccc(O)cc2)NC[C@@H](NC(=O)[C@@H](N)Cc2ccccc2)CSSC[C@H](C(=O)N[C@H](C(N)=O)[C@@H](C)O)NC1=O,KLSRJLRHSFULAC-SAGSEKIDSA-N,,,,broad_macrocycle_pretrain,,,20,True,False,pretrain_train,pretraining_macrocycle; max_phase=None
PREMAC_5c4749796b,ChEMBL_macrocycle_scan,CHEMBL32773,C=C1/C=C(\C)[C@H](CC)OC(=O)[C@H](C)C(=O)[C@@](O)(CO)C/C(OC)=C/[C@@H](C)C1,WOFFENQLRMDHKE-MEAVKYDDSA-N,,,,broad_macrocycle_pretrain,,,14,True,False,pretrain_train,pretraining_macrocycle; max_phase=None
PREMAC_17cd09d84f,ChEMBL_macrocycle_scan,CHEMBL414386,CC(C)[C@H]1NC(=O)[C@H](CCCCN)NC(=O)[C@@H](Cc2c[nH]c3ccccc23)NC(=O)[C@H](Cc2cccnc2)NC(=O)[C@@H](NC(=O)[C@@H](N)Cc2ccc3ccccc3c2)CSSC[C@H](C(=O)N[C@@H](Cc2ccc3ccccc3c2)C(N)=O)NC1=O,UNNCSLBEGAGSLK-JCZOTTNSSA-N,,,,broad_macrocycle_pretrain,,,20,True,False,pretrain_train,pretraining_macrocycle; max_phase=None
PREMAC_46914b7057,ChEMBL_macrocycle_scan,CHEMBL79127,CC[C@H]1OC(=O)[C@H](C)[C@H]2OC3(CCN(C(=O)c4ccco4)CC3)O[C@](C)(C[C@@H](C)CN[C@H](C)[C@@H](O)[C@]1(C)O)[C@H](O[C@@H]1O[C@H](C)C[C@H](N(C)C)[C@H]1O)[C@H]2C,ZOWYDCBPCPMUEE-XCULBTSASA-N,,,,broad_macrocycle_pretrain,,,15,True,False,pretrain_train,pretraining_macrocycle; max_phase=None
PREMAC_b95671c561,ChEMBL_macrocycle_scan,CHEMBL290004,CC[C@H]1OC(=O)/C(C)=C/[C@H](C)[C@@H](O[C@@H]2O[C@H](C)C[C@H](N(C)C)[C@H]2O)[C@@](C)(OC)C[C@@H](C)C(=O)[C@H](C)[C@H]2N(NCCCc3ccccc3N)C(=O)O[C@]12C,UFOALFMNXPASTI-ZBEQBWKJSA-N,,,,broad_macrocycle_pretrain,,,14,True,False,pretrain_train,pretraining_macrocycle; max_phase=None
PREMAC_d4ce518f8a,ChEMBL_macrocycle_scan,CHEMBL432129,CC[C@H]1OC(=O)[C@H](C)[C@@H](O[C@H]2C[C@@](C)(OC)[C@@H](O)[C@H](C)O2)[C@H](C)[C@@H](O[C@@H]2O[C@H](C)C[C@H](NC)[C@H]2O)[C@@]2(C)CC(C)=C(O2)[C@H](C)[C@@H](O)[C@]1(C)O,MJNFBHNVYNPCKI-UCUMWJIBSA-N,,,,broad_macrocycle_pretrain,,,13,True,False,pretrain_train,pretraining_macrocycle; max_phase=None
PREMAC_7e4f10dbc3,ChEMBL_macrocycle_scan,CHEMBL267716,CO[C@H]1/C=C\C=C(/C)C(=O)NC2=CC(=O)C(NCCCC#C[C@]3(O)CC[C@@]4(C)C5CCC6=CC(=O)CC[C@]6(C)[C@@]5(C)CC[C@@]43C)=C(C[C@H](C)C[C@H](OC)[C@@H](O)[C@H](C)/C=C(\C)C[C@@H]1OC(N)=O)C2=O,TVTNHGLWGIABHV-ITPSNCNRSA-N,,,,broad_macrocycle_pretrain,,,20,True,False,pretrain_train,pretraining_macrocycle; max_phase=None
PREMAC_517cf333fe,ChEMBL_macrocycle_scan,CHEMBL432465,CC[C@H]1OC(=O)[C@H](C)[C@H]2OC3(CCN(c4ccc(C)nn4)CC3)O[C@](C)(C[C@@H](C)CN(C)[C@H](C)[C@@H](O)[C@]1(C)O)[C@H](O[C@@H]1O[C@H](C)CC(N(C)C)[C@H]1O)[C@H]2C,KKXVBQGXYQZFEG-URASVBNUSA-N,,,,broad_macrocycle_pretrain,,,15,True,False,pretrain_train,pretraining_macrocycle; max_phase=None
PREMAC_c4929623d1,ChEMBL_macrocycle_scan,CHEMBL216839,CC[C@H]1OC(=O)C[C@@H](O)[C@H](C)[C@@H](O[C@@H]2O[C@H](C)[C@@H](O[C@H]3C[C@@](C)(O)[C@@H](O)[C@H](C)O3)[C@H](N(C)C)[C@H]2O)[C@@H](CCNc2ccc(OC(C)=O)cc2)C[C@@H](C)C(=O)/C=C/C(C)=C/[C@@H]1CO[C@@H]1O[C@H](C)[C@@H](O)[C@@H](OC)[C@H]1OC,VMADBLYEKPCIQK-GQKPNQSOSA-N,,,,broad_macrocycle_pretrain,,,16,True,False,pretrain_train,pretraining_macrocycle; max_phase=None
PREMAC_59a6e912f4,ChEMBL_macrocycle_scan,CHEMBL279631,NCCC[C@H](N)CC(=O)NC1CNC(=O)[C@@H](C2CC(SCCN)NC(N)=N2)NC(=O)/C(=C/NC(=O)Nc2ccc(Cl)c(Cl)c2)NC(=O)[C@@H](CO)NC(=O)[C@@H](CO)NC1=O,PAFJLNSBBUSCRM-HWBYNNHCSA-N,,,,broad_macrocycle_pretrain,,,16,True,False,pretrain_train,pretraining_macrocycle; max_phase=None
PREMAC_1bb67ccb4c,ChEMBL_macrocycle_scan,CHEMBL274565,CC[C@@H](C)CC1CCC(O)([C@](C)(O)C(=O)NC2C(=O)N3NCCC[C@@H]3C(=O)N(O)[C@@H](C)C(=O)NCCC(=O)N3NCCC[C@H]3C(=O)N(O)[C@H](C)C(=O)O[C@H]2C(C)C)OC1C,SLGGWKNXKVEXOP-ALDYRCBLSA-N,,,,broad_macrocycle_pretrain,,,20,True,False,pretrain_train,pretraining_macrocycle; max_phase=None
PREMAC_f1e18450ba,ChEMBL_macrocycle_scan,CHEMBL283155,NCCNC(=O)CCNCCN(CCNCCC(=O)NCCN)CCNC1CCCCCCCCCCC1,XJZHIMYUVQFULP-UHFFFAOYSA-N,,,,broad_macrocycle_pretrain,,,12,True,False,pretrain_train,pretraining_macrocycle; max_phase=None
PREMAC_cc46a0547b,ChEMBL_macrocycle_scan,CHEMBL287387,Oc1ccccc1-c1c2nc(c(-c3ccccc3O)c3ccc([nH]3)c(-c3ccccc3O)c3ccc([nH]3)c(-c3ccccc3O)c3nc1C=C3)C=C2,OPSXEUJUZSPZJT-UHFFFAOYSA-N,,,,broad_macrocycle_pretrain,,,16,True,False,pretrain_train,pretraining_macrocycle; max_phase=None
PREMAC_ba9f05292b,ChEMBL_macrocycle_scan,CHEMBL216616,CC(=O)N[C@@H](Cc1ccc(O)cc1)C(=O)N[C@@H]1C(=O)N[C@@H](Cc2ccc(O)cc2)C(=O)NCC(=O)N[C@@H](CO)C(=O)N[C@H](Cc2ccccc2)C(=O)N[C@@H](C(=O)N[C@@H](CCCCN)C(=O)N[C@@H](CCCN=C(N)N)C(N)=O)CSSC1(C)C,QJVZOYUYUOLRBT-PQBVLFSCSA-N,,,,broad_macrocycle_pretrain,,,20,True,False,pretrain_train,pretraining_macrocycle; max_phase=None
PREMAC_67aace07f1,ChEMBL_macrocycle_scan,CHEMBL47967,CC(C)CCC[C@@H](C)[C@H]1CC[C@H]2c3ccc(cc3CO)C[C@@H](O)CCC(C)CCC[C@]12C,XNBOHAUDJPAPCB-WEIWOABCSA-N,,,,broad_macrocycle_pretrain,,,14,True,False,pretrain_train,pretraining_macrocycle; max_phase=None
PREMAC_a6853c520c,ChEMBL_macrocycle_scan,CHEMBL405718,CC[C@H]1OC(=O)C[C@@H](O)[C@H](C)[C@@H](O[C@@H]2O[C@H](C)[C@@H](O)[C@H](N(C)C)[C@H]2O)[C@@H](CCOc2ccc(Oc3ccccc3)cc2)C[C@@H](C)C(=O)/C=C/C(C)=C/[C@@H]1CO[C@@H]1O[C@H](C)[C@@H](O)[C@@H](OC)[C@H]1OC,YYDGIGWSUIKDEC-BNLPPSSXSA-N,,,,broad_macrocycle_pretrain,,,16,True,False,pretrain_train,pretraining_macrocycle; max_phase=None
PREMAC_f2e0187bae,ChEMBL_macrocycle_scan,CHEMBL27679,CCOC(C)OOC1(OOC)CCCCCCCCCCC1,BYERBXZSINWORS-UHFFFAOYSA-N,,,,broad_macrocycle_pretrain,,,12,True,False,pretrain_train,pretraining_macrocycle; max_phase=None
PREMAC_afbb7523be,ChEMBL_macrocycle_scan,CHEMBL43387,CC[C@H]1OC(=O)C[C@@H](O)[C@H](C)[C@@H](O[C@@H]2O[C@H](C)[C@@H](O[C@H]3C[C@@](C)(O)[C@@H](O)[C@H](C)O3)[C@H](N(C)C)[C@H]2O)[C@@H](CCNCCc2ccccc2)C[C@@H](C)C(=O)/C=C/C(C)=C/[C@@H]1CO,MYLNHSCLCOKXLD-PMXPDNOUSA-N,,,,broad_macrocycle_pretrain,,,16,True,False,pretrain_train,pretraining_macrocycle; max_phase=None
PREMAC_9167973688,ChEMBL_macrocycle_scan,CHEMBL297168,CCC1OC(=O)C(C)C(O[C@H]2C[C@@](C)(OC)CC(C)O2)C(C)[C@@H](OC2OC(C)CC(N(C)C)[C@H]2O)[C@]2(C)CC(C)=C(O2)[C@H](C)C(=O)[C@]1(C)OC,QPDSUXFANDPCAL-RLGQAKIPSA-N,,,,broad_macrocycle_pretrain,,,13,True,False,pretrain_train,pretraining_macrocycle; max_phase=None
PREMAC_cf19c2fe94,ChEMBL_macrocycle_scan,CHEMBL402871,COc1ccc(C[C@H]2NC(=O)/C=C/C[C@@H](C(C#Cc3ccccc3)OS(C)(=O)=O)OC(=O)[C@H](CC(C)C)OC(=O)[C@H](C)CNC2=O)cc1,CXMIZECPZVURLN-KJNYPUIBSA-N,,,,broad_macrocycle_pretrain,,,16,True,False,pretrain_train,pretraining_macrocycle; max_phase=None
PREMAC_5764177095,ChEMBL_macrocycle_scan,CHEMBL412218,C[C@@H](c1ccc2ccccc2c1)[C@H]1NC(=O)[C@H](NC(=O)[C@@H](N)Cc2ccc(O)cc2)C(C)(C)SSC[C@H](C(=O)N[C@@H](CCCCN)C(=O)N[C@@H](CCCN=C(N)N)C(N)=O)NC(=O)[C@@H](Cc2ccccc2)NC(=O)[C@H](CO)NC(=O)CNC1=O,HWTDVIKHJPOWJP-YOGAMANKSA-N,,,,broad_macrocycle_pretrain,,,20,True,False,pretrain_train,pretraining_macrocycle; max_phase=None
PREMAC_13b5a0e15c,ChEMBL_macrocycle_scan,CHEMBL263343,CC[C@H](C)[C@@H]1NC(=O)[C@@H](Cc2ccc(O)cc2)NC(=O)CCSSC[C@@H](C(=O)N2CCC[C@@H]2C(=O)N[C@@H](CCCN=C(N)N)C(=O)N[C@@H](Cc2ccc(N=[N+]=[N-])cc2)C(N)=O)NC(=O)[C@H](CC(N)=O)NC(=O)[C@@H](CCC(N)=O)NC1=O,LHAKRIOXQNXLED-RAMCOJFESA-N,,,,broad_macrocycle_pretrain,,,20,True,False,pretrain_train,pretraining_macrocycle; max_phase=None
PREMAC_c500c09e65,ChEMBL_macrocycle_scan,CHEMBL275047,CCCCC[C@@H]1/C=C\C2C=CC(=O)[C@@H]2C/C=C\CCCC(=O)O1,XVEUTSYMDSLSBX-DRRUSAPESA-N,,,,broad_macrocycle_pretrain,,,13,True,False,pretrain_train,pretraining_macrocycle; max_phase=None
PREMAC_32653c0a6d,ChEMBL_macrocycle_scan,CHEMBL59355,CC(=O)N[C@@H](Cc1ccccc1)C(=O)N[C@H]1CCCNC(=O)[C@H](CCN=C(N)N)NC(=O)[C@H](Cc2c[nH]c3ccccc23)NC(=O)[C@@H](CC2CCCCC2)NC(=O)[C@@H]2CCCN2C1=O,VNKDGKWRTWDGPW-WYLITWLFSA-N,,,,broad_macrocycle_pretrain,,,18,True,False,pretrain_train,pretraining_macrocycle; max_phase=None
PREMAC_1c004dd1ad,ChEMBL_macrocycle_scan,CHEMBL21519,COC(=O)CCN(CCN(CCN(CCC(=O)OC)C1CCCCCCCCCCC1)CCN(CCC(=O)OC)C1CCCCCCCCCCC1)C1CCCCCCCCCCC1,RBKZOGXQTFVYCD-UHFFFAOYSA-N,,,,broad_macrocycle_pretrain,,,12,True,False,pretrain_train,pretraining_macrocycle; max_phase=None
PREMAC_572a33634e,ChEMBL_macrocycle_scan,CHEMBL312694,C1CCCCCC2(CCCCC1)OOCCCCCCOO2,UBXSDKXQIFZKLQ-UHFFFAOYSA-N,,,,broad_macrocycle_pretrain,,,12,True,False,pretrain_train,pretraining_macrocycle; max_phase=None
PREMAC_453a9166c4,ChEMBL_macrocycle_scan,CHEMBL413142,COc1ccc(C[C@H]2NC(=O)CC(C3CCCC3)(C3CCCC3)SSC[C@@H](C(=O)N3CCC[C@@H]3C(=O)N[C@@H](CCCN=C(N)N)C(=O)O)NC(=O)[C@H](CC(N)=O)NC(=O)[C@@H](CCC(N)=O)NC(=O)[C@H](Cc3ccccc3)NC2=O)cc1,KZAQWVNPQAYXPN-CPICDZTNSA-N,,,,broad_macrocycle_pretrain,,,20,True,False,pretrain_train,pretraining_macrocycle; max_phase=None
PREMAC_a2c77d6a50,ChEMBL_macrocycle_scan,CHEMBL290635,CCCCCCC[C@H]1OC(=O)C[C@H](O)[C@H](Cc2ccccc2)N(C)C(=O)C(C)(C)OC(=O)[C@H]1C,DDBPETVFTOPHDM-XXTHSBEZSA-N,,,,broad_macrocycle_pretrain,,,12,True,False,pretrain_train,pretraining_macrocycle; max_phase=None
PREMAC_907d09d62d,ChEMBL_macrocycle_scan,CHEMBL216989,COc1ccc(C[C@H]2NC(=O)CCSSC[C@@H](C(=O)N3CCC[C@@H]3C(=O)N[C@@H](CCCN=C(N)N)C(=O)NCC(N)=O)NC(=O)[C@H](CC(N)=O)NC(=O)[C@@H](CCC(N)=O)NC(=O)[C@H](Cc3ccccc3)NC2=O)cc1,WKEMELUMLNQGFK-IBVCNPJWSA-N,,,,broad_macrocycle_pretrain,,,20,True,False,pretrain_train,pretraining_macrocycle; max_phase=None
PREMAC_4361c5634f,ChEMBL_macrocycle_scan,CHEMBL386391,CCC(C)[C@H]1O[C@]2(C=C[C@@H]1C)C[C@@H]1C[C@@H](C/C=C(\C)[C@@H](O[C@H]3C[C@H](OC)[C@@H](O[C@H]4C[C@H](OC)[C@H](NC(=O)NC)[C@H](C)O4)[C@H](C)O3)[C@@H](C)/C=C/C=C3\CO[C@@H]4[C@H](O)C(C)=C[C@@H](C(=O)O1)[C@]34O)O2,AIYMUPQXJGNEBW-NUXPRJNTSA-N,,,,broad_macrocycle_pretrain,,,16,True,False,pretrain_train,pretraining_macrocycle; max_phase=None
PREMAC_d76ec2686c,ChEMBL_macrocycle_scan,CHEMBL384920,CC[C@H]1OC(=O)[C@H](C)[C@@H](OC2C[C@@](C)(OC)[C@@H](O)[C@H](C)O2)[C@H](C)[C@@H](OC2O[C@H](C)C[C@H](N(C)C3CCCCC3)[C@H]2O)[C@@](C)(OC)C[C@@H](C)C(=O)[C@H](C)[C@H]2N(CCc3ccc(Cl)cc3)C(=O)O[C@]12C,DNIWCJBUTSJBTP-NUMJTTQSSA-N,,,,broad_macrocycle_pretrain,,,14,True,False,pretrain_train,pretraining_macrocycle; max_phase=None
PREMAC_c22ccc2645,ChEMBL_macrocycle_scan,CHEMBL266450,NC(N)=NCCC[C@H](NC(=O)[C@@H](N)CC(=O)O)C(=O)N[C@H]1CS/C=C/CC[C@@H](C(=O)N[C@@H](Cc2c[nH]cn2)C(=O)N2CCC[C@H]2C(=O)N[C@@H](Cc2ccccc2)C(=O)O)NC(=O)[C@H](Cc2ccc(O)cc2)NC1=O,PHFYNENDJGGXOG-MOIREFPPSA-N,,,,broad_macrocycle_pretrain,,,13,True,False,pretrain_train,pretraining_macrocycle; max_phase=None
PREMAC_c3b954220a,ChEMBL_macrocycle_scan,CHEMBL290776,COC(=O)[C@H]1NC(=O)C(NC(=O)OC(C)(C)C)COC(=O)c2ccccc2CSC1N,OTGPGOXAWCYSOZ-SLTAFYQDSA-N,,,,broad_macrocycle_pretrain,,,12,True,False,pretrain_train,pretraining_macrocycle; max_phase=None
PREMAC_ced9cec2dd,ChEMBL_macrocycle_scan,CHEMBL441018,COc1ccc(C[C@H]2NC(=O)/C=C/C[C@@H]([C@H](C)[C@H]3O[C@@H]3c3ccccc3)OC(=O)[C@H](CC(C)C)OC(=O)[C@H](C)CNC2=O)cc1Cl,PSNOPSMXOBPNNV-VVCTWANISA-N,,,,broad_macrocycle_pretrain,,,16,True,False,pretrain_train,pretraining_macrocycle; max_phase=None
PREMAC_95c939b00d,ChEMBL_macrocycle_scan,CHEMBL281795,CC(C)C[C@H](CC(=O)NO)C(=O)N[C@H]1Cc2cn(c3ccccc23)CCCCCCNC1=O,GCBPAPVOMPJQHK-NQIIRXRSSA-N,,,,broad_macrocycle_pretrain,,,13,True,False,pretrain_train,pretraining_macrocycle; max_phase=None
PREMAC_c34bd161ad,ChEMBL_macrocycle_scan,CHEMBL298021,CC[C@H]1OC(=O)/C(C)=C/[C@H](C)[C@@H](O[C@@H]2O[C@H](C)C[C@H](N(C)C)[C@H]2O)[C@@](C)(OC)C[C@@H](C)C(=O)[C@H](C)[C@H]2N(NCc3ccccc3O)C(=O)O[C@]12C,WQTWVPVERVZQCW-DNKDLIEWSA-N,,,,broad_macrocycle_pretrain,,,14,True,False,pretrain_train,pretraining_macrocycle; max_phase=None
PREMAC_9dcb31f1b1,ChEMBL_macrocycle_scan,CHEMBL262423,CCOc1ccc(C[C@H]2NC(=O)CC3(CCCCC3)SSC[C@H](C(=O)N3CCC[C@H]3C(=O)N[C@H](CCCN=C(N)N)C(N)=O)NC(=O)[C@@H](CC(N)=O)NC(=O)[C@H](C(C)C)NC(=O)[C@@H](Cc3ccccc3)NC2=O)cc1,DRLYXDZRLDZVIS-WJYIYHQASA-N,,,,broad_macrocycle_pretrain,,,20,True,False,pretrain_train,pretraining_macrocycle; max_phase=None
PREMAC_6d99a46bdc,ChEMBL_macrocycle_scan,CHEMBL63806,CC(C)[C@H]1NC(=O)/C=C\CCNC(=O)[C@@H](CC(=O)O)NC(=O)CNC(=O)[C@@H](CCCN=C(N)N)N(C)C1=O,ZQSSYSKCICZOKO-YQAYOWFRSA-N,,,,broad_macrocycle_pretrain,,,18,True,False,pretrain_train,pretraining_macrocycle; max_phase=None
PREMAC_1e307cb6fa,ChEMBL_macrocycle_scan,CHEMBL295077,CC[C@H]1OC(=O)/C(C)=C/[C@H](C)[C@@H](O[C@@H]2O[C@H](C)C[C@H](N(C)C)[C@H]2O)[C@@](C)(OC)C[C@@H](C)C(=O)[C@H](C)[C@H]2N(CCc3ccc([N+](=O)[O-])cc3)C(=O)O[C@]12C,NWWWPZAAFHQJNV-RFAGPKTGSA-N,,,,broad_macrocycle_pretrain,,,14,True,False,pretrain_train,pretraining_macrocycle; max_phase=None
PREMAC_2671260932,ChEMBL_macrocycle_scan,CHEMBL64224,CC[C@H]1OC(=O)/C(C)=C\[C@H](C)[C@@H](O[C@@H]2O[C@H](C)C[C@H](N(C)C)[C@H]2O)[C@](C)(OC)C[C@@H](C)C(=O)[C@H](C)[C@H]2N(CCCCn3cnc(-c4cccnc4)c3)C(=O)O[C@]12C,IKKCSESMCDMXSQ-CANHLPCJSA-N,,,,broad_macrocycle_pretrain,,,14,True,False,pretrain_train,pretraining_macrocycle; max_phase=None
PREMAC_b85e6524a8,ChEMBL_macrocycle_scan,CHEMBL295144,CC[C@H]1OC(=O)/C(C)=C/[C@H](C)[C@@H](O[C@@H]2O[C@H](C)C[C@H](N(C)C)[C@H]2O)[C@@](C)(OC)C[C@@H](C)[C@@H]2NN3C(=O)O[C@@]1(C)[C@H]3[C@H]2C,PXOWTSULLNXFCM-RKAOLQKHSA-N,,,,broad_macrocycle_pretrain,,,14,True,False,pretrain_train,pretraining_macrocycle; max_phase=None
PREMAC_2abd55c275,ChEMBL_macrocycle_scan,CHEMBL288681,CCCCCCCCCCN1C(=O)c2c3nc(cc4nc(cc5[nH]c(cc6[nH]c2c(c6C)C1=O)c(CC)c5C)C(C(C)OCCCCCC)=C4C)[C@@H](C)[C@@H]3CCC(=O)OC,CKELYDUXWJDBNK-XOSXXJMWSA-N,,,,broad_macrocycle_pretrain,,,16,True,False,pretrain_train,pretraining_macrocycle; max_phase=None
PREMAC_2e2e1983e2,ChEMBL_macrocycle_scan,CHEMBL60728,CC1C/C=C/CCCCCCCCOC(=O)N(CC(O)C(Cc2ccccc2)NC(=O)O[C@H]2CO[C@H]3OCC[C@H]32)C1,RDLIORFDKYRMIZ-XJQPOIMTSA-N,,,,broad_macrocycle_pretrain,,,16,True,False,pretrain_train,pretraining_macrocycle; max_phase=None
PREMAC_c4464d6f00,ChEMBL_macrocycle_scan,CHEMBL59405,O=C(NC(Cc1ccccc1)C(O)CN1C/C=C\CCCCCCCC(c2ccccc2)OC1=O)O[C@H]1CO[C@H]2OCC[C@H]21,ATKGTYUGMFKFHM-GGEXRMKZSA-N,,,,broad_macrocycle_pretrain,,,14,True,False,pretrain_train,pretraining_macrocycle; max_phase=None
PREMAC_fb01891dd3,ChEMBL_macrocycle_scan,CHEMBL417875,COC(=O)[C@@H]1CSCc2c(O)cc(OC)c(C)c2C(=O)OCCCCCCCCC(=O)N1,WYYFINXTLDGUMG-KRWDZBQOSA-N,,,,broad_macrocycle_pretrain,,,18,True,False,pretrain_train,pretraining_macrocycle; max_phase=None
PREMAC_5d76fc1615,ChEMBL_macrocycle_scan,CHEMBL38248,COCO[C@H]1CC(=O)O[C@H](C)[C@H](C)C(=O)OCC(=O)N(C)[C@H]1Cc1ccccc1,JBUZVHAAWGDAAE-MVJTYMMSSA-N,,,,broad_macrocycle_pretrain,,,12,True,False,pretrain_train,pretraining_macrocycle; max_phase=None
PREMAC_2c0ff2691f,ChEMBL_macrocycle_scan,CHEMBL415297,C/C=C1/C(=O)C[C@@H](C(=O)O)[C@H](C)C(=O)N[C@@H](C(C)C)C(=O)N[C@@H](/C=C/C(C)=C/[C@H](C)[C@H](Cc2ccccc2)OC)[C@H](C)C(=O)N[C@@H](C(=O)O)CCC(=O)N1C,YGPFHSIUUSEAMQ-RFFGMVOZSA-N,,,,broad_macrocycle_pretrain,,,19,True,False,pretrain_train,pretraining_macrocycle; max_phase=None
PREMAC_8aee92edc6,ChEMBL_macrocycle_scan,CHEMBL299568,N#Cc1ccc2cc1Oc1ccc3cccc(c3c1)NC(=O)[C@@H](Cc1ccccc1)NCc1cncn1C2,LONOBJYLFFURAI-GDLZYMKVSA-N,,,,broad_macrocycle_pretrain,,,16,True,False,pretrain_train,pretraining_macrocycle; max_phase=None
PREMAC_9ee03febf6,ChEMBL_macrocycle_scan,CHEMBL266112,CC[C@H]1OC(=O)C[C@@H](O)[C@H](C)[C@@H](O[C@@H]2O[C@H](C)[C@@H](O[C@H]3C[C@@](C)(O)[C@@H](O)[C@H](C)O3)[C@H](N(C)C)[C@H]2O)[C@@H](CCOc2ccc(C=O)cc2)C[C@@H](C)C(=O)/C=C/C(C)=C/[C@@H]1CO[C@@H]1O[C@H](C)[C@@H](O)[C@@H](OC)[C@H]1OC,DHTMOFNLKPZHEP-JLTQGABHSA-N,,,,broad_macrocycle_pretrain,,,16,True,False,pretrain_train,pretraining_macrocycle; max_phase=None
PREMAC_fc806ee681,ChEMBL_macrocycle_scan,CHEMBL407634,C[C@@H](O)[C@H](NC(=O)[C@@H]1CSSC[C@@H](NC(=O)[C@H](N)Cc2ccccc2)C(=O)N[C@@H](Cc2c[nH]cn2)C(=O)N[C@@H](Cc2ccc3ccccc3c2)C(=O)N[C@@H](CCCN=C(N)N)C(=O)N[C@H](Cc2c[nH]c3ccccc23)C(=O)N1)C(N)=O,DUACKRKJOLXUTH-HUZRFOFRSA-N,,,,broad_macrocycle_pretrain,,,20,True,False,pretrain_train,pretraining_macrocycle; max_phase=None
PREMAC_d38e8c0948,ChEMBL_macrocycle_scan,CHEMBL53792,CCCC[C@@H]1NC(=O)[C@H]2CCCN2C(=O)[C@H](C(C)C)NC(=O)[C@@H](Cc2ccc(COP(=O)(O)O)cc2)NC(=O)CNC(=O)[C@@H](CC(C)C)NC1=O,SOXJVLKUYOCBDY-LNUXVGPYSA-N,,,,broad_macrocycle_pretrain,,,18,True,False,pretrain_train,pretraining_macrocycle; max_phase=None
PREMAC_fbf1a1a868,ChEMBL_macrocycle_scan,CHEMBL283427,CNC(=O)[C@@H]1CCCCN(S(=O)(=O)c2cn(C)cn2)CCC[C@H](C(=O)NO)[C@@H](CC(C)C)C(=O)N1,JHUFDQZOUBDJHZ-KSZLIROESA-N,,,,broad_macrocycle_pretrain,,,13,True,False,pretrain_train,pretraining_macrocycle; max_phase=None
PREMAC_7ff5f24e2b,ChEMBL_macrocycle_scan,CHEMBL68177,NC(=O)[C@@H]1CCCNC(=O)C[C@@H](NC(=O)[C@@H](N)Cc2ccc(O)cc2)C(=O)N[C@@H](Cc2ccccc2)C(=O)N1,RAYNTFITBYGTEZ-MYGLTJDJSA-N,,,,broad_macrocycle_pretrain,,,13,True,False,pretrain_train,pretraining_macrocycle; max_phase=None
PREMAC_3c1bbfcf9e,ChEMBL_macrocycle_scan,CHEMBL42783,CC[C@H]1OC(=O)C[C@@H](O)[C@H](C)[C@@H](O[C@@H]2O[C@H](C)[C@@H](O[C@H]3C[C@@](C)(O)[C@@H](O)[C@H](C)O3)[C@H](N(C)C)[C@H]2O)[C@@H](CCI)C[C@@H](C)C(=O)/C=C/C(C)=C/[C@@H]1CO[C@@H]1O[C@H](C)[C@@H](O)[C@@H](O)[C@H]1OC,SYXSHQZQRKLHHN-HQCAVAADSA-N,,,,broad_macrocycle_pretrain,,,16,True,False,pretrain_train,pretraining_macrocycle; max_phase=None
PREMAC_8f7fee1c6e,ChEMBL_macrocycle_scan,CHEMBL302596,C[C@@H](O)[C@H](NC(=O)[C@@H]1NC(=O)[C@H](CCCCN)NC(=O)[C@H](Cc2c[nH]c3ccccc23)NC(=O)[C@H](Cc2ccc(O)cc2)NC(=O)[C@@H](NC(=O)[C@@H](N)Cc2ccccc2)CSSC1(C)C)C(N)=O,ONCSWBSXRSYNEQ-BQZJVUDQSA-N,,,,broad_macrocycle_pretrain,,,17,True,False,pretrain_train,pretraining_macrocycle; max_phase=None
PREMAC_464f99c8a5,ChEMBL_macrocycle_scan,CHEMBL16710,CC(=O)N[C@@H](Cc1ccc(O)cc1)C(=O)N[C@H]1CSSC[C@@H](C(=O)O)NC(=O)C2(CCCC2)CCNC1=O,NIIOQEIZEWMBBI-UFYCRDLUSA-N,,,,broad_macrocycle_pretrain,,,13,True,False,pretrain_train,pretraining_macrocycle; max_phase=None
PREMAC_7e70cce27c,ChEMBL_macrocycle_scan,CHEMBL63082,N=C(N)NCCC[C@@H]1NC(=O)[C@@H](Cc2ccccc2)NC(=O)C[S+]([O-])C[C@@H](C(=O)O)NC(=O)[C@H](CC(=O)O)NC(=O)CNC1=O,HBIADZKHMCJYMA-VQWOUNGCSA-N,,,,broad_macrocycle_pretrain,,,18,True,False,pretrain_train,pretraining_macrocycle; max_phase=None
PREMAC_9da142f2bd,ChEMBL_macrocycle_scan,CHEMBL405087,C[C@@H](O)[C@H](NC(=O)[C@H]1CSSC[C@H](NC(=O)[C@H](N)Cc2ccccc2)C(=O)N[C@H](Cc2c[nH]cn2)C(=O)N[C@H](Cc2ccccc2)C(=O)N[C@@H](CCCN=C(N)N)C(=O)N[C@H](Cc2c[nH]c3ccccc23)C(=O)N1)C(N)=O,HGUGDVPBNFFDAR-NVKXZJFQSA-N,,,,broad_macrocycle_pretrain,,,20,True,False,pretrain_train,pretraining_macrocycle; max_phase=None
PREMAC_ddc21788d8,ChEMBL_macrocycle_scan,CHEMBL413831,C[C@@H](O)[C@@H]1NC(=O)[C@H](CCCCN)NC(=O)[C@H](Cc2c[nH]c3ccccc23)NC(=O)[C@H](Cc2ccc(O)cc2)NC(=O)[C@@H](NC(=O)[C@H](N)Cc2ccccc2)CSSC(C)(C)[C@@H](C(=O)N[C@@H](CO)C(N)=O)NC1=O,CZHYANIVCWJVSJ-STQBQBQTSA-N,,,,broad_macrocycle_pretrain,,,20,True,False,pretrain_train,pretraining_macrocycle; max_phase=None
PREMAC_11a6872e6c,ChEMBL_macrocycle_scan,CHEMBL432680,CCCCCCCCCCOC(C)C1=C(C)c2cc3nc(c4c5[nH]c(cc6[nH]c(cc1n2)c(C)c6CC)c(C)c5C(=O)N(CCCCCCCCCC)C4=O)[C@@H](CCC(=O)OC)[C@@H]3C,JZSQYLHHHYNQDV-RJPKSTDHSA-N,,,,broad_macrocycle_pretrain,,,16,True,False,pretrain_train,pretraining_macrocycle; max_phase=None
PREMAC_a659166b23,ChEMBL_macrocycle_scan,CHEMBL44329,CC[C@H]1OC(=O)C[C@@H](O)[C@H](C)[C@@H](O[C@@H]2O[C@H](C)[C@@H](O)[C@H](N(C)C)[C@H]2O)[C@@H](CCOc2cc(Cl)cc(Cl)c2)C[C@@H](C)C(=O)/C=C/C(C)=C/[C@@H]1CO[C@@H]1O[C@H](C)[C@@H](O)[C@@H](OC)[C@H]1OC,HFVOYJLFWSNTAY-LOEXXFHXSA-N,,,,broad_macrocycle_pretrain,,,16,True,False,pretrain_train,pretraining_macrocycle; max_phase=None
PREMAC_848658ed7f,ChEMBL_macrocycle_scan,CHEMBL288124,CCCCCCC[C@H]1OC(=O)C[C@H](OCOC)[C@H](Cc2ccccc2)N(C)C(=O)[C@H](C(C)C)OC(=O)[C@H]1C,STAAVYLOHNGUFX-NPNDYVEYSA-N,,,,broad_macrocycle_pretrain,,,12,True,False,pretrain_train,pretraining_macrocycle; max_phase=None
PREMAC_fe1ed2f331,ChEMBL_macrocycle_scan,CHEMBL50284,Cc1cc(O)cc(C)c1[C@H](C)[C@H](N)C(=O)N[C@H]1C(=O)NCC(=O)N[C@@H](Cc2ccccc2)C(=O)N[C@@H](C(=O)O)C(C)(C)SSC1(C)C,YQDQZNIFGIPRHF-FVGRXGBHSA-N,,,,broad_macrocycle_pretrain,,,14,True,False,pretrain_train,pretraining_macrocycle; max_phase=None
PREMAC_27ce7030a5,ChEMBL_macrocycle_scan,CHEMBL415200,C[C@@H](O)[C@H](NC(=O)[C@H]1CSSC[C@H](NC(=O)[C@H](N)Cc2ccccc2)C(=O)N[C@@H](Cc2c[nH]cn2)C(=O)N[C@@H](Cc2ccccc2)C(=O)N(CCCN)CC(=O)N[C@H](Cc2c[nH]c3ccccc23)C(=O)N1)C(N)=O,DWRYDXIVRLJQFS-KWGBNJDESA-N,,,,broad_macrocycle_pretrain,,,20,True,False,pretrain_train,pretraining_macrocycle; max_phase=None
PREMAC_a5f313e5d7,ChEMBL_macrocycle_scan,CHEMBL312347,CC[C@H]1OC(=O)[C@H](C)[C@H]2OC3(CCN(C(=O)c4cnccn4)CC3)O[C@](C)(C[C@@H](C)CN[C@H](C)[C@@H](O)[C@]1(C)O)[C@H](O[C@@H]1O[C@H](C)C[C@H](N(C)C)[C@H]1O)[C@H]2C,YJBULWYQCOLMBK-TUJWLOJGSA-N,,,,broad_macrocycle_pretrain,,,15,True,False,pretrain_train,pretraining_macrocycle; max_phase=None
PREMAC_fccf410d0a,ChEMBL_macrocycle_scan,CHEMBL58145,CC[C@H]1OC(=O)[C@H](C)[C@@H](O[C@H]2C[C@@](C)(OC)[C@](C)(O)[C@H](C)O2)[C@H](C)[C@@H](O[C@@H]2O[C@H](C)C[C@H](N(C)C)[C@H]2O)[C@](C)(O)C[C@@H](C)CN[C@H](C)[C@@H](O)[C@]1(C)O,XMSVDPARMMQTDM-BVJRFPLSSA-N,,,,broad_macrocycle_pretrain,,,15,True,False,pretrain_train,pretraining_macrocycle; max_phase=None
PREMAC_fced911697,ChEMBL_macrocycle_scan,CHEMBL305290,CC(C)(C)NC(=O)[C@@H]1CCCN1C[C@H](O)[C@@H]1Cc2ccc(cc2)OCCCOc2cc3ccccc3cc2C(=O)N[C@@H](CC(N)=O)C(=O)N1,CEMSZICGXBUJDS-ORYMTKCHSA-N,,,,broad_macrocycle_pretrain,,,18,True,False,pretrain_train,pretraining_macrocycle; max_phase=None
PREMAC_52348a2524,ChEMBL_macrocycle_scan,CHEMBL275337,COc1ccc(C[C@H]2NC(=O)/C=C/C[C@@H](C(=O)/C=C/c3ccccc3)OC(=O)[C@H](CC(C)C)OC(=O)[C@H](C)CNC2=O)cc1,CPNQUCINPMOFDV-HSAHSCEUSA-N,,,,broad_macrocycle_pretrain,,,16,True,False,pretrain_train,pretraining_macrocycle; max_phase=None
PREMAC_32ea0ebb48,ChEMBL_macrocycle_scan,CHEMBL297092,CC[C@H]1OC(=O)/C(C)=C/[C@H](C)[C@@H](O[C@@H]2O[C@H](C)C[C@H](N(C)C)[C@H]2O)[C@@](C)(OC)C[C@@H](C)C(=O)[C@H](C)[C@H]2N(CCCc3cnc4ccccc4c3)C(=O)O[C@]12C,KITNQDPPKGXAIA-CQKFQZDVSA-N,,,,broad_macrocycle_pretrain,,,14,True,False,pretrain_train,pretraining_macrocycle; max_phase=None
PREMAC_fb1d0f6db6,ChEMBL_macrocycle_scan,CHEMBL42285,O=C1CNC(=O)[C@H](Cc2ccccc2)NC(=O)CNC(=O)[C@H](Cc2ccc(O)cc2)NC(=O)CN1,XYSMTRFTHHHXOZ-OALUTQOASA-N,,,,broad_macrocycle_pretrain,,,15,True,False,pretrain_train,pretraining_macrocycle; max_phase=None
PREMAC_8df87c4064,ChEMBL_macrocycle_scan,CHEMBL281925,COOC1(OOCCCI)CCCCCCCCCCC1,BGLWRNGLVVXCOX-UHFFFAOYSA-N,,,,broad_macrocycle_pretrain,,,12,True,False,pretrain_train,pretraining_macrocycle; max_phase=None
PREMAC_72bf6879b5,ChEMBL_macrocycle_scan,CHEMBL53811,N#Cc1ccc2cc1Oc1ccc3cccc(c3c1)NC(=O)CNC(=O)Cc1cncn1C2,DWFPFAQHVZRKBX-UHFFFAOYSA-N,,,,broad_macrocycle_pretrain,,,17,True,False,pretrain_train,pretraining_macrocycle; max_phase=None
PREMAC_0235a48a58,ChEMBL_macrocycle_scan,CHEMBL298413,C=C(C)[C@@H]1Cc2oc(cc2C(=O)OC)[C@@H]2O[C@@]2(C)C[C@@H]2C=C(C(=O)O2)[C@@H](OC(C)=O)C1,WJKBXPONHMNWTM-JRQYWZTFSA-N,,,,broad_macrocycle_pretrain,,,13,True,False,pretrain_train,pretraining_macrocycle; max_phase=None
PREMAC_482629362c,ChEMBL_macrocycle_scan,CHEMBL263956,CCCCCCC[C@H]1OC(=O)C[C@@H](O)[C@H](Cc2ccccc2)N(C)C(=O)[C@H](Cc2ccccc2)OC(=O)[C@H]1C,SHKAVHLKQFRDQE-OANXNEKNSA-N,,,,broad_macrocycle_pretrain,,,12,True,False,pretrain_train,pretraining_macrocycle; max_phase=None
PREMAC_0cc9624ad9,ChEMBL_macrocycle_scan,CHEMBL57847,C=CC[N+](C)(C)C1CC(C)OC(O[C@@H]2C(C)C(OC3CC(C)(OC)C(O)C(C)O3)C(C)C(=O)OC(CC)[C@@](C)(O)[C@H](O)[C@@H](C)C3O[C@@]2(C)C[C@H]3C)C1O.[Br-],NEDZJLDFACMGGZ-ZBJJUFLDSA-M,,,,broad_macrocycle_pretrain,,,13,True,False,pretrain_train,pretraining_macrocycle; max_phase=None
PREMAC_68503ec13a,ChEMBL_macrocycle_scan,CHEMBL314841,COC(=O)[C@H]1Cc2ccc(O)c(c2)Oc2ccc(cc2)C[C@H](N)C(=O)N[C@@H](Cc2ccc(O)cc2)C(=O)N1,OYUVAYNPMPDLBV-RJGXRXQPSA-N,,,,broad_macrocycle_pretrain,,,17,True,False,pretrain_train,pretraining_macrocycle; max_phase=None
PREMAC_18cd9e023e,ChEMBL_macrocycle_scan,CHEMBL32420,C[C@H]1CCC[C@@H]2O[C@@H]2[C@@H]2C[C@H](O)C[C@H]2[C@H](O)/C=C/C(=O)O1,ORKXDRBJQIPSHX-JDAFEDHFSA-N,,,,broad_macrocycle_pretrain,,,13,True,False,pretrain_train,pretraining_macrocycle; max_phase=None
PREMAC_7ddeb0a80a,ChEMBL_macrocycle_scan,CHEMBL66403,C[C@@H](O)[C@H](NC(=O)[C@H]1NC(=O)[C@H](CC(N)=O)NC(=O)[C@H](Cc2ccc(O)cc2)NC(=O)[C@@H](NC(=O)[C@@H](N)Cc2ccccc2)CSSC1(C)C)C(N)=O,POYLGHPNUHGJJZ-SVIMHBBWSA-N,,,,broad_macrocycle_pretrain,,,14,True,False,pretrain_train,pretraining_macrocycle; max_phase=None
PREMAC_66919e81d8,ChEMBL_macrocycle_scan,CHEMBL430984,CC(C)(C)NC(=O)[C@@H]1CC2CCCCC2CN1C[C@@H](O)[C@@H]1Cc2ccc(cc2)OCCCCOc2cc3ccccc3cc2C(=O)N[C@@H](CC(N)=O)C(=O)N1,KCGRCWANRPFPEE-GMKIGUAOSA-N,,,,broad_macrocycle_pretrain,,,19,True,False,pretrain_train,pretraining_macrocycle; max_phase=None
PREMAC_a66ac62ba3,ChEMBL_macrocycle_scan,CHEMBL387008,CC(C)(C)OC(=O)N1CCCN(C(=O)OC(C)(C)C)CCN(C(=O)c2ccc(C(=O)N3CCCN(C(=O)OC(C)(C)C)CCN(C(=O)OC(C)(C)C)CCCN(C(=O)OC(C)(C)C)CC3)cc2)CCCN(C(=O)OC(C)(C)C)CC1,QPIZXGDSPHXJFM-UHFFFAOYSA-N,,,,broad_macrocycle_pretrain,,,14,True,False,pretrain_train,pretraining_macrocycle; max_phase=None
PREMAC_887c0b2495,ChEMBL_macrocycle_scan,CHEMBL303040,C[C@@H](O)[C@H](NC(=O)[C@H]1NC(=O)[C@H](CC(N)=O)NC(=O)[C@H](Cc2ccccc2)NC(=O)[C@@H](NC(=O)[C@@H](N)Cc2ccc(O)cc2)CSSC1(C)C)C(N)=O,CMIDVTFMCYHZQO-SVIMHBBWSA-N,,,,broad_macrocycle_pretrain,,,14,True,False,pretrain_train,pretraining_macrocycle; max_phase=None
PREMAC_7ebd086f48,ChEMBL_macrocycle_scan,CHEMBL416114,CCOc1ccc(C[C@H]2NC(=O)CC3(CCCCC3)SSC[C@H](C(=O)N[C@H](CCCCN)C(N)=O)NC(=O)[C@@H](CC(N)=O)NC(=O)[C@H](C(C)C)NC(=O)[C@@H](Cc3ccccc3)NC2=O)cc1,HRFWEUADKZZMBI-YHYOEJKBSA-N,,,,broad_macrocycle_pretrain,,,20,True,False,pretrain_train,pretraining_macrocycle; max_phase=None
PREMAC_0dc9ebe4a3,ChEMBL_macrocycle_scan,CHEMBL443787,CC[C@H]1OC(=O)/C(C)=C/[C@H](C)[C@@H](O[C@@H]2O[C@H](C)C[C@H](N(C)C)[C@H]2O)[C@@](C)(OC)C[C@@H](C)C(=O)[C@H](C)[C@H]2N(CCc3cccc(OC)c3)C(=O)O[C@]12C,ZEAZTCCKQLUANZ-GZXMRBOCSA-N,,,,broad_macrocycle_pretrain,,,14,True,False,pretrain_train,pretraining_macrocycle; max_phase=None
PREMAC_e007fc72fd,ChEMBL_macrocycle_scan,CHEMBL433250,CNC(=O)[C@@H]1Cc2ccc(cc2)OCCC[C@H](C(=O)O)[C@@H](CC(C)C)C(=O)N1,UTTKOYMMTNAAJL-KSZLIROESA-N,,,,broad_macrocycle_pretrain,,,14,True,False,pretrain_train,pretraining_macrocycle; max_phase=None
PREMAC_455771ebee,ChEMBL_macrocycle_scan,CHEMBL288396,CC[C@H]1OC(=O)[C@H](C)[C@@H](OC2C[C@@](C)(OC)[C@@H](O)[C@H](C)O2)[C@H](C)[C@@H](OC2O[C@H](C)C[C@H](NC)[C@H]2O)[C@@](C)(OC)C[C@@H](C)C(=O)[C@H](C)[C@H]2N(CCc3ccc(Cl)cc3)C(=O)O[C@]12C,SFEZEWDFTZQVRO-XPFRZMGDSA-N,,,,broad_macrocycle_pretrain,,,14,True,False,pretrain_train,pretraining_macrocycle; max_phase=None
PREMAC_2ff7c28e37,ChEMBL_macrocycle_scan,CHEMBL297171,CC(C)[C@@H]1NC(=O)CCCCCOc2ccc(cc2)C[C@@H]([C@H](O)CN(CCc2ccccc2)S(=O)(=O)c2ccc(N)cc2)NC1=O,XPEMFVYGUSQIRR-MVIDNBQJSA-N,,,,broad_macrocycle_pretrain,,,17,True,False,pretrain_train,pretraining_macrocycle; max_phase=None
PREMAC_1560923172,ChEMBL_macrocycle_scan,CHEMBL312034,N#Cc1ccc2cc1Oc1cccc(c1)C(c1cccc(Cl)c1)N1CCC(NCc3cncn3C2)C1=O,MVPXMHNFAQUXRM-UHFFFAOYSA-N,,,,broad_macrocycle_pretrain,,,16,True,False,pretrain_train,pretraining_macrocycle; max_phase=None
PREMAC_7d784abde3,ChEMBL_macrocycle_scan,CHEMBL430714,CC(=O)N(C1CC([C@H]2NC(=O)/C(=C/NC(=O)Nc3ccc(Cl)c(Cl)c3)NC(=O)[C@@H](CO)NC(=O)[C@@H](CO)NC(=O)C(NC(=O)C[C@@H](N)CCCN)CNC2=O)N=C(N)N1)[C@H](CS)C(=O)O,XAHWBWLBJYBVBA-WBOOZIABSA-N,,,,broad_macrocycle_pretrain,,,16,True,False,pretrain_train,pretraining_macrocycle; max_phase=None
PREMAC_2d32b180ce,ChEMBL_macrocycle_scan,CHEMBL273535,CC[C@H]1OC(=O)[C@H](C)[C@@H](OC(=O)N2C(=O)O[C@H](C)[C@@H]2C)[C@H](C)[C@@H](OC2O[C@H](C)C[C@H](N(C)C(C)C)[C@H]2O)[C@@](C)(OC)C[C@@H](C)C(=O)[C@H](C)[C@H]2N(CCc3ccc(Cl)cc3)C(=O)O[C@]12C,JUFQDIZGNPWYAW-LKRKPCTMSA-N,,,,broad_macrocycle_pretrain,,,14,True,False,pretrain_train,pretraining_macrocycle; max_phase=None
PREMAC_63cffbad40,ChEMBL_macrocycle_scan,CHEMBL65359,N=C(N)NCCC[C@@H]1NC(=O)[C@H](Cc2c[nH]cn2)NC(=O)CSC[C@@H](C(=O)O)NC(=O)[C@H](CC(=O)O)NC(=O)CNC1=O,LUAGPVPPCBTVMI-AJNGGQMLSA-N,,,,broad_macrocycle_pretrain,,,18,True,False,pretrain_train,pretraining_macrocycle; max_phase=None
PREMAC_65dd0ea080,ChEMBL_macrocycle_scan,CHEMBL56733,CO/C1=C\C(C)=C\[C@@H](C)[C@@H](O)[C@@H](C)C/C(C)=C/C=C/[C@H](OC)[C@@H]([C@@H](C)[C@@H](O)[C@H](C)[C@@]2(O)C[C@@H](N3CCCCC3)[C@H](C)[C@@H](C(C)C)O2)OC1=O,GXRIDHQEQAYARU-JKLSHOLFSA-N,,,,broad_macrocycle_pretrain,,,16,True,False,pretrain_train,pretraining_macrocycle; max_phase=None
PREMAC_e31962b701,ChEMBL_macrocycle_scan,CHEMBL414987,CCCC[C@@H]1NC(=O)[C@@H](Cc2c[nH]c3ccccc23)NC(=O)[C@H](Cc2ccc(O)cc2)NC(=O)[C@@H](NC(=O)[C@H](N)Cc2ccccc2)CSSC(C)(C)[C@H](C(=O)N[C@H](C(N)=O)[C@@H](C)O)NC(=O)[C@@H]([C@@H](C)O)NC1=O,LAIDMTFKQJDMKH-MHKBYQEDSA-N,,,,broad_macrocycle_pretrain,,,20,True,False,pretrain_train,pretraining_macrocycle; max_phase=None
PREMAC_114f945b42,ChEMBL_macrocycle_scan,CHEMBL292632,CC(C)(C)C[C@@H]1NC(=O)CSC[C@@H](C(=O)O)NC(=O)[C@H](CC(=O)O)NC(=O)CNC(=O)[C@H](CCCN=C(N)N)NC1=O,BEIUZYAXIMVQKS-AJNGGQMLSA-N,,,,broad_macrocycle_pretrain,,,18,True,False,pretrain_train,pretraining_macrocycle; max_phase=None
PREMAC_5800901ef3,ChEMBL_macrocycle_scan,CHEMBL294318,NCCC[C@@H]1NC(=O)CSC[C@@H](C(=O)O)NC(=O)[C@H](CC(=O)O)NC(=O)CNC(=O)[C@H](CCCN=C(N)N)NC1=O,BBQOZRDGEGTYPJ-XUXIUFHCSA-N,,,,broad_macrocycle_pretrain,,,18,True,False,pretrain_train,pretraining_macrocycle; max_phase=None
PREMAC_019f23a20f,ChEMBL_macrocycle_scan,CHEMBL269666,CC1=CC2OC3CC4OC(=O)/C=C/C=C/C(C(C)O)OCCC5(C)OC5C(=O)OCCC2(CC1)C4(C)C31CO1,HADZIPJVIWSMLK-KQQUZDAGSA-N,,,,broad_macrocycle_pretrain,,,19,True,False,pretrain_train,pretraining_macrocycle; max_phase=None
PREMAC_fa6d72fe59,ChEMBL_macrocycle_scan,CHEMBL39112,COc1ccc2c(O[C@@H]3C[C@H]4C(=O)N[C@]5(C(=O)O)C[C@H]5/C=C\CCCCC[C@H](NC(=O)N[C@H](C)C(C)(C)C)C(=O)N4C3)cc(-c3csc(NC(C)=O)n3)nc2c1,OAKWVRZJCHBROB-KWCZVJGHSA-N,,,,broad_macrocycle_pretrain,,,15,True,False,pretrain_train,pretraining_macrocycle; max_phase=None
PREMAC_a6d79601b0,ChEMBL_macrocycle_scan,CHEMBL405244,C[C@@H](O)[C@@H]1NC(=O)[C@H](CCCCN)NC(=O)[C@H](Cc2c[nH]c3ccccc23)NC(=O)[C@H](Cc2ccc(O)cc2)NC(=O)[C@@H](NC(=O)[C@H](N)Cc2ccccc2)CSSC(C)(C)[C@@H](C(=O)N[C@@H](CC(=O)O)C(N)=O)NC1=O,MBLUFZJTUFVMAR-RSYJOQQOSA-N,,,,broad_macrocycle_pretrain,,,20,True,False,pretrain_train,pretraining_macrocycle; max_phase=None
PREMAC_bf733946ff,ChEMBL_macrocycle_scan,CHEMBL416812,CC1COc2c(N3CCN(C)CC3)c(F)cc3c2N1CC(C(=O)NCCC(=O)Nc1ccc2c(c1)C(=O)NCCC(=O)N[C@@H](CCN)C(=O)N[C@H](Cc1ccc(O)cc1)CO2)C3=O,DBDISNXMPZMUOI-IEERDDTRSA-N,,,,broad_macrocycle_pretrain,,,14,True,False,pretrain_train,pretraining_macrocycle; max_phase=None
PREMAC_245e58cb63,ChEMBL_macrocycle_scan,CHEMBL311941,CC[C@H]1OC(=O)[C@H](C)C(=O)[C@H](C)[C@@H](OC2O[C@H](C)C[C@H](N(C)C)[C@H]2O)[C@@](C)(OCC#Cc2ccc(-c3ccccn3)s2)C[C@@H](C)/C(=N\OC)[C@H](C)[C@H]2NC(=O)O[C@@]21C,QPXGGANJAPOENA-HDISWEEQSA-N,,,,broad_macrocycle_pretrain,,,14,True,False,pretrain_train,pretraining_macrocycle; max_phase=None
PREMAC_f8374e6b71,ChEMBL_macrocycle_scan,CHEMBL42305,NCC[C@@H]1NC(=O)CCNC(=O)c2cc(NC(=O)Cn3cnc4c(O)nc(N)nc43)ccc2OC[C@@H](Cc2ccc(O)cc2)NC1=O,KQJAHSRHHBVCLD-NQIIRXRSSA-N,,,,broad_macrocycle_pretrain,,,14,True,False,pretrain_train,pretraining_macrocycle; max_phase=None
PREMAC_cb042b2d5c,ChEMBL_macrocycle_scan,CHEMBL38121,COC(=O)[C@@H]1CSCc2c(N)cccc2C(=O)OCC(NC(=O)[C@H](CO)NC(=O)OC(C)(C)C)C(=O)N1,XBMBGOPGOZIYSX-QRFGZVGRSA-N,,,,broad_macrocycle_pretrain,,,12,True,False,pretrain_train,pretraining_macrocycle; max_phase=None
PREMAC_6984a9780c,ChEMBL_macrocycle_scan,CHEMBL310504,CC(=O)O[C@@H]1[C@@H](OC(C)=O)C(C)(C)/C=C/[C@H](C)C(=O)[C@@]2(OC(C)=O)C[C@@H](C)[C@H](OC(=O)c3ccccc3)/C2=C\[C@](C)(O)[C@@H]1OC(C)=O,MGQBTBLHNLYVIS-MXPQHFOLSA-N,,,,broad_macrocycle_pretrain,,,12,True,False,pretrain_train,pretraining_macrocycle; max_phase=None
PREMAC_60fda600ea,ChEMBL_macrocycle_scan,CHEMBL306657,NC(=O)C[C@@H]1NC(=O)C2(CCCCC2)NC(=O)[C@@H](CC(=O)O)[C@@H](c2ccc(CP(=O)(O)O)cc2)/C=C/C[C@@H](Cc2cccc3ccccc23)CNC1=O,YWOITRAWXNSFNB-FETINEJHSA-N,,,,broad_macrocycle_pretrain,,,15,True,False,pretrain_train,pretraining_macrocycle; max_phase=None
PREMAC_8e8b469390,ChEMBL_macrocycle_scan,CHEMBL38964,C[C@@H]1NC(=O)[C@H](COC(C)(C)C)NC(=O)CCCCCC[C@@H](C(=O)O)NC1=O,IWRPTJIICMOCKJ-IHRRRGAJSA-N,,,,broad_macrocycle_pretrain,,,15,True,False,pretrain_train,pretraining_macrocycle; max_phase=None
PREMAC_ef8291c735,ChEMBL_macrocycle_scan,CHEMBL43441,CC[C@H]1OC(=O)C[C@@H](O)[C@H](C)[C@@H](O[C@@H]2O[C@H](C)[C@@H](O)[C@H](N(C)C)[C@H]2O)[C@@H](CC=O)C[C@@H](C)C(=O)/C=C/C(C)=C/[C@@H]1CO[C@@H]1O[C@H](C)[C@@H](O)[C@@H](OC)[C@H]1OC,QRPHLEPFYLNRDA-NLGRAQRVSA-N,,,,broad_macrocycle_pretrain,,,16,True,False,pretrain_train,pretraining_macrocycle; max_phase=None
PREMAC_baa2993930,ChEMBL_macrocycle_scan,CHEMBL30214,C1CCCCCC2(CCCCC1)OOCCCOO2,GDASXAAUCLPIRP-UHFFFAOYSA-N,,,,broad_macrocycle_pretrain,,,12,True,False,pretrain_train,pretraining_macrocycle; max_phase=None
PREMAC_054a834800,ChEMBL_macrocycle_scan,CHEMBL274801,CC[C@H]1OC(=O)CC(O)[C@H](C)[C@@H](O[C@@H]2O[C@H](C)C[C@H](N(C)C)[C@H]2O)[C@@H](CCN2CC(O)C2)C[C@@H](C)C(=O)/C=C/C(C)=C/[C@@H]1C,PLTSBEYMHCROKV-PMSZAORNSA-N,,,,broad_macrocycle_pretrain,,,16,True,False,pretrain_train,pretraining_macrocycle; max_phase=None
PREMAC_8dca5809ac,ChEMBL_macrocycle_scan,CHEMBL29091,CCCCOOC1(OOC)CCCCCCCCCCC1,ZHJAPZDKIUICLG-UHFFFAOYSA-N,,,,broad_macrocycle_pretrain,,,12,True,False,pretrain_train,pretraining_macrocycle; max_phase=None
PREMAC_9c774cf6d8,ChEMBL_macrocycle_scan,CHEMBL80115,C=C1[C@H](OCC(C)C)[C@@H](O)[C@@H](OC(C)=O)C(C)(C)/C=C/[C@H](C)[C@H](OC(C)=O)[C@@]2(O)C[C@@](C)(OC(C)=O)[C@H](OC(=O)c3ccccc3)[C@@H]2[C@H]1OC(C)=O,DBPPERDZDTXBDS-WPKOCLLCSA-N,,,,broad_macrocycle_pretrain,,,12,True,False,pretrain_train,pretraining_macrocycle; max_phase=None
PREMAC_dce8cce3d5,ChEMBL_macrocycle_scan,CHEMBL410634,O=C1OC(C2OC(=O)c3cc(O)c(O)c(O)c3-c3c(O)c(O)c4oc(=O)c5c(c(O)c(O)c6oc(=O)c3c4c65)-c3c(cc(O)c(O)c3O)C(=O)OCC2O)C2OC(=O)c3c(c(O)c(O)c(O)c3[C@H]2O)-c2c1cc(O)c(O)c2O,FESAEKUFXJFTFG-QOQCXZSNSA-N,,,,broad_macrocycle_pretrain,,,17,True,False,pretrain_train,pretraining_macrocycle; max_phase=None
PREMAC_c030cd4d72,ChEMBL_macrocycle_scan,CHEMBL295743,CC[C@H]1OC(=O)C[C@@H](O)[C@H](C)[C@@H](O[C@@H]2O[C@H](C)[C@@H](O)[C@H](N(C)C)[C@H]2O)[C@@H](CCN2C(=O)c3ccccc3C2=O)C[C@@H](C)C(=O)/C=C/C(C)=C/[C@@H]1CO[C@@H]1O[C@H](C)[C@@H](O)[C@@H](OC)[C@H]1OC,UMEBCJLCKFDILP-ITAKMVHWSA-N,,,,broad_macrocycle_pretrain,,,16,True,False,pretrain_train,pretraining_macrocycle; max_phase=None
PREMAC_067a2f00d7,ChEMBL_macrocycle_scan,CHEMBL47161,CC[C@H]1OC(=O)/C(C)=C/[C@H](C)[C@@H](O[C@@H]2O[C@H](C)C[C@H](N(C)C)[C@H]2O)[C@@](C)(OC)C[C@@H](C)C(=O)[C@@H](C)[C@H]2N(NC/C=C/c3ccccc3)C(=O)O[C@]12C,ZSPQAQKMTIZNMH-QJSRRYPZSA-N,,,,broad_macrocycle_pretrain,,,14,True,False,pretrain_train,pretraining_macrocycle; max_phase=None
PREMAC_cbbfec0c9d,ChEMBL_macrocycle_scan,CHEMBL30187,CC[C@H]1OC(=O)[C@H](C)[C@H]2OC3(CCN(c4ccc(C(=O)N(C)c5ccncc5)cc4F)CC3)O[C@](C)(C[C@@H](C)CN(C)[C@H](C)[C@@H](O)[C@]1(C)O)[C@H](O[C@@H]1O[C@H](C)CC(N(C)C)[C@H]1O)[C@H]2C,BZEUWPWDZIIFFQ-ZUOJVVBISA-N,,,,broad_macrocycle_pretrain,,,15,True,False,pretrain_train,pretraining_macrocycle; max_phase=None
PREMAC_91d84239fa,ChEMBL_macrocycle_scan,CHEMBL28617,CCCOOC1(OC)CCCCCCCCCCC1,YJPUCTOJSZEVBX-UHFFFAOYSA-N,,,,broad_macrocycle_pretrain,,,12,True,False,pretrain_train,pretraining_macrocycle; max_phase=None
PREMAC_bb46f65d7d,ChEMBL_macrocycle_scan,CHEMBL44549,CC[C@H]1OC(=O)/C(C)=C/[C@H](C)[C@@H](O[C@@H]2O[C@H](C)C[C@H](N(C)C)[C@H]2O)[C@@](C)(OC)C[C@@H](C)[C@H]2[C@H](C)[C@H]3N(C(=O)O[C@]13C)N2CCCc1ccccc1,KCXFYJXOAOOOGG-JLFVMTFMSA-N,,,,broad_macrocycle_pretrain,,,14,True,False,pretrain_train,pretraining_macrocycle; max_phase=None
PREMAC_e059bff9dc,ChEMBL_macrocycle_scan,CHEMBL273536,CC[C@H]1OC(=O)[C@H](C)[C@@H](OC(=O)N2C(=O)OCC2(C)C)[C@H](C)[C@@H](OC2O[C@H](C)C[C@H](N(C)C(C)C)[C@H]2O)[C@@](C)(OC)C[C@@H](C)C(=O)[C@H](C)[C@H]2N(CCc3ccc(Cl)cc3)C(=O)O[C@]12C,NFPLWIBRFHLKBO-IYNYSKGNSA-N,,,,broad_macrocycle_pretrain,,,14,True,False,pretrain_train,pretraining_macrocycle; max_phase=None
PREMAC_f177601a26,ChEMBL_macrocycle_scan,CHEMBL43197,CC[C@H]1OC(=O)C[C@@H](O)[C@H](C)[C@@H](O[C@@H]2O[C@H](C)[C@@H](O)[C@H](N(C)C)[C@H]2O)[C@@H](CC=O)C[C@@H](C)C(=O)/C=C/C(C)=C/[C@@H]1C,FERSDKADYZRIAA-CQGKBTLCSA-N,,,,broad_macrocycle_pretrain,,,16,True,False,pretrain_train,pretraining_macrocycle; max_phase=None
PREMAC_437d88dc45,ChEMBL_macrocycle_scan,CHEMBL275586,Cc1ccc(S(=O)(=O)NC2CC([C@H]3NC(=O)/C(=C/NC(N)=O)NC(=O)[C@@H](CO)NC(=O)[C@@H](CO)NC(=O)C(NC(=O)C[C@@H](N)CCCN)CNC3=O)N=C(N)N2)cc1,WXARDJTYBVAKJC-KKXAYSSZSA-N,,,,broad_macrocycle_pretrain,,,16,True,False,pretrain_train,pretraining_macrocycle; max_phase=None
PREMAC_f743d4d99e,ChEMBL_macrocycle_scan,CHEMBL274531,CCC(C)[C@H]1O[C@]2(C=C[C@@H]1C)C[C@@H]1C[C@@H](C/C=C(\C)[C@@H](O[C@H]3C[C@H](OC)[C@@H](O[C@H]4C[C@H](OC)[C@H](NC(=O)OC)[C@H](C)O4)[C@H](C)O3)[C@@H](C)/C=C/C=C3\CO[C@@H]4[C@H](O)C(C)=C[C@@H](C(=O)O1)[C@]34O)O2,XMWIOPLGIHIWNN-NUXPRJNTSA-N,,,,broad_macrocycle_pretrain,,,16,True,False,pretrain_train,pretraining_macrocycle; max_phase=None
PREMAC_de3c6ae651,ChEMBL_macrocycle_scan,CHEMBL80504,CC1(C)SSC(C)(C)[C@@H](NC(=O)[C@@H](N)Cc2ccc(O)c(I)c2)C(=O)NCC(=O)N[C@@H](Cc2ccccc2)C(=O)N[C@H]1C(=O)O,GJRSLVSQJOSXJL-TZYAJKAJSA-N,,,,broad_macrocycle_pretrain,,,14,True,False,pretrain_train,pretraining_macrocycle; max_phase=None
PREMAC_4ba65d8e39,ChEMBL_macrocycle_scan,CHEMBL287155,C[C@H]1CCC/C=C\[C@@H]2CC(=O)C[C@H]2C(=O)CCC(=O)O1,SXLRTDFNLPCKBK-DGQBXJIASA-N,,,,broad_macrocycle_pretrain,,,13,True,False,pretrain_train,pretraining_macrocycle; max_phase=None
PREMAC_a73028eef5,ChEMBL_macrocycle_scan,CHEMBL296792,CC[C@H]1OC(=O)C[C@@H](O)[C@H](C)[C@@H](O[C@@H]2O[C@H](C)[C@@H](O)[C@H](N(C)C)[C@H]2O)[C@@H](CCOc2ccc(OC(C)=O)cc2)C[C@@H](C)C(=O)/C=C/C(C)=C/[C@@H]1CO,CWOWLQJMKXVHID-SPLMQCMISA-N,,,,broad_macrocycle_pretrain,,,16,True,False,pretrain_train,pretraining_macrocycle; max_phase=None
PREMAC_039dd7eddb,ChEMBL_macrocycle_scan,CHEMBL289765,COc1ccc2c(O[C@@H]3C[C@H]4C(=O)N[C@]5(C(=O)O)C[C@H]5/C=C\CCCCC[C@H](NC(=O)OC5CCCC5)C(=O)N4C3)cc(-c3csc(N)n3)nc2c1,YHZLLSCHIWKQPF-WXZZEUSMSA-N,,,,broad_macrocycle_pretrain,,,15,True,False,pretrain_train,pretraining_macrocycle; max_phase=None
PREMAC_4a332cba0f,ChEMBL_macrocycle_scan,CHEMBL414565,CN[C@H](CC(C)C)C(=O)N[C@H]1C(=O)N[C@@H](CC#N)C(=O)N[C@H]2C(=O)N[C@H]3C(=O)N[C@H](C(=O)N[C@H](C(=O)O)c4cc(OC)cc(OC)c4-c4cc3ccc4OC)[C@H](O)c3ccc(c(Cl)c3)Oc3cc2cc(c3OC)Oc2ccc(cc2Cl)[C@H]1O,XHQIWWSIJAZXNB-GFPXXBHKSA-N,,,,broad_macrocycle_pretrain,,,16,True,False,pretrain_train,pretraining_macrocycle; max_phase=None
PREMAC_01a0c3c04a,ChEMBL_macrocycle_scan,CHEMBL9063,CC[C@H]1OC(=O)CC(O)[C@H](C)[C@@H](O[C@@H]2O[C@H](C)C[C@H](N(C)C)[C@H]2O)[C@@H](CCN(C)CCN(C)C(=O)CN)C[C@@H](C)C(=O)/C=C/C(C)=C/[C@@H]1C,MHRRQIXSYRILLB-UUMGSIKXSA-N,,,,broad_macrocycle_pretrain,,,16,True,False,pretrain_train,pretraining_macrocycle; max_phase=None
PREMAC_5432bd0543,ChEMBL_macrocycle_scan,CHEMBL43382,CC[C@H]1C[C@@H](C)C(=O)/C=C/C(C)=C/[C@H](CO)[C@@H](CC)OC(=O)C[C@@H](O)[C@H](C)[C@H]1O[C@@H]1O[C@H](C)[C@@H](O[C@H]2C[C@@](C)(O)[C@@H](O)[C@H](C)O2)[C@H](N(C)C)[C@H]1O,ZKQACYFUDYDDRW-GMEXIMJCSA-N,,,,broad_macrocycle_pretrain,,,16,True,False,pretrain_train,pretraining_macrocycle; max_phase=None
PREMAC_b55c719efd,ChEMBL_macrocycle_scan,CHEMBL263591,CO[C@H]1/C=C\C=C(/C)C(=O)NC2=CC(=O)C(NCCCC/C=C\[C@]3(O)CC[C@@]4(C)C5CC=C6CC7(CC[C@]6(C)[C@@]5(C)CC[C@@]43C)OCCO7)=C(C[C@H](C)C[C@H](OC)[C@@H](O)[C@H](C)/C=C(\C)C[C@@H]1OC(N)=O)C2=O,CDRVFJHXZMCBNV-WTLBWRFKSA-N,,,,broad_macrocycle_pretrain,,,20,True,False,pretrain_train,pretraining_macrocycle; max_phase=None
PREMAC_4464d4070a,ChEMBL_macrocycle_scan,CHEMBL23859,CCCCCCCOC(C)C1=C(C)c2cc3nc(c4c5[nH]c(cc6[nH]c(cc1n2)c(C)c6CC)c(C)c5C(=O)N(CCCCCC)C4=O)[C@@H](CCC(=O)NCCCCCC)[C@@H]3C,SCAIOESVPMOTCD-SQMUEVOUSA-N,,,,broad_macrocycle_pretrain,,,16,True,False,pretrain_train,pretraining_macrocycle; max_phase=None
PREMAC_a6810b1bda,ChEMBL_macrocycle_scan,CHEMBL308208,CC(C)[C@@H]1NC(=O)[C@H](C)NC(=O)[C@H](CC(=O)O)NC(=O)[C@@H](Cc2c[nH]c3ccccc23)NC(=O)[C@@H]2CCCN2C1=O,HGWPPPNZQIZVHJ-YFJNJSKQSA-N,,,,broad_macrocycle_pretrain,,,15,True,False,pretrain_train,pretraining_macrocycle; max_phase=None
PREMAC_80aaa839dc,ChEMBL_macrocycle_scan,CHEMBL444262,O=P(N1CCOCCOCCOCCOCC1)(N1CC1)N1CC1,HZJINMTVVVKUGS-UHFFFAOYSA-N,,,,broad_macrocycle_pretrain,,,15,True,False,pretrain_train,pretraining_macrocycle; max_phase=None
PREMAC_37dd59a1c2,ChEMBL_macrocycle_scan,CHEMBL291795,NC(N)=NCC[C@@H]1NC(=O)[C@H](Cc2c[nH]c3ccccc23)NC(=O)[C@@H](CC2CCCCC2)NC(=O)[C@@H]2CCCN2C(=O)[C@@H](NC(=O)[C@@H](N)Cc2ccccc2)CCNC1=O,IEXRHDKZVHQERQ-OFTILJDBSA-N,,,,broad_macrocycle_pretrain,,,17,True,False,pretrain_train,pretraining_macrocycle; max_phase=None
PREMAC_e95bd9197d,ChEMBL_macrocycle_scan,CHEMBL68406,NCCC[C@H](N)CC(=O)N[C@H]1CNC(=O)[C@H](C2C[C@H](O)N=C(N)N2)NC(=O)/C(=C/NC(N)=O)NC(=O)[C@H](CO)NC(=O)[C@H](CO)NC1=O,GXFAIFRPOKBQRV-IKZNKTFNSA-N,,,,broad_macrocycle_pretrain,,,16,True,False,pretrain_train,pretraining_macrocycle; max_phase=None
PREMAC_b542fe0e0b,ChEMBL_macrocycle_scan,CHEMBL414116,C[C@@H]1NC(=O)[C@H](CCCCN)NC(=O)[C@@H](Cc2c[nH]c3ccccc23)NC(=O)[C@H](Cc2cccnc2)NC(=O)[C@@H](NC(=O)[C@@H](N)Cc2ccc3ccccc3c2)CSSC[C@@H](C(=O)N[C@@H](Cc2ccc3ccccc3c2)C(N)=O)NC1=O,WTCGFNGKABLMFK-JDPFVKLISA-N,,,,broad_macrocycle_pretrain,,,20,True,False,pretrain_train,pretraining_macrocycle; max_phase=None
PREMAC_cc57044475,ChEMBL_macrocycle_scan,CHEMBL265153,CCCO[C@H]1[C@H](O[C@H]2[C@@H](CCN3C(=O)c4ccccc4C3=O)C[C@@H](C)C(=O)/C=C/C(C)=C/[C@H](CO[C@@H]3O[C@H](C)[C@@H](O)[C@@H](OC)[C@H]3OC)[C@@H](CC)OC(=O)C[C@@H](O)[C@@H]2C)O[C@H](C)[C@@H](O[C@H]2C[C@@](C)(O)[C@@H](O)[C@H](C)O2)[C@@H]1N(C)C,GBMOAVZPTVHALM-VOARUVKTSA-N,,,,broad_macrocycle_pretrain,,,16,True,False,pretrain_train,pretraining_macrocycle; max_phase=None
PREMAC_46cc793967,ChEMBL_macrocycle_scan,CHEMBL276533,NCCC[C@H](N)CC(=O)NC1CNC(=O)[C@@H](C2CC(NC(=O)NCc3cccc(C4CCCCC4)c3)N=C(N)N2)NC(=O)/C(=C/NC(N)=O)NC(=O)[C@@H](CO)NC(=O)[C@@H](CO)NC1=O,BEROQOMHHLYQSR-DRNVQVTASA-N,,,,broad_macrocycle_pretrain,,,16,True,False,pretrain_train,pretraining_macrocycle; max_phase=None
PREMAC_bd41987df5,ChEMBL_macrocycle_scan,CHEMBL304752,CSCC[C@H](NC(=O)[C@H](CC(C)C)NC(=O)CN1CCNC(=O)CCC(=O)NCC(=O)N[C@H](CCCN=C(N)N)C(=O)N[C@@H](Cc2ccccc2)C(=O)N[C@H](Cc2ccccc2)C1=O)C(N)=O,WGEKOVQGZROQRH-FVXJUOQQSA-N,,,,broad_macrocycle_pretrain,,,20,True,False,pretrain_train,pretraining_macrocycle; max_phase=None
PREMAC_ede859f858,ChEMBL_macrocycle_scan,CHEMBL281102,C=C(C)COOC1(OOC)CCCCCCCCCCC1,UPYVCBJRRCLRDQ-UHFFFAOYSA-N,,,,broad_macrocycle_pretrain,,,12,True,False,pretrain_train,pretraining_macrocycle; max_phase=None
PREMAC_7ff649eec7,ChEMBL_macrocycle_scan,CHEMBL295980,CC[C@H]1OC(=O)C[C@@H](O)[C@H](C)[C@@H](O[C@@H]2O[C@H](C)[C@@H](O)[C@H](N(C)C)[C@H]2O)[C@@H](CCOC(C(F)(F)F)C(F)(F)F)C[C@@H](C)C(=O)/C=C/C(C)=C/[C@@H]1CO[C@@H]1O[C@H](C)[C@@H](O)[C@@H](OC)[C@H]1OC,PRVOBUOAPUXHKB-NLGRAQRVSA-N,,,,broad_macrocycle_pretrain,,,16,True,False,pretrain_train,pretraining_macrocycle; max_phase=None
PREMAC_7bdc8ee2c5,ChEMBL_macrocycle_scan,CHEMBL292035,COC1C(O)C(C)OC(O[C@H]2C(OC)COC(O[C@H]3C[C@H]4CC(=O)[C@@]5(O)O[C@H](C[C@H]5C)C(C)(C)[C@@H](/C=C/c5ccccc5)OC(=O)C[C@H](O4)[C@@H]3C)[C@@H]2OC)[C@H]1OC,QEMKXZSVWOENLZ-UEMRFUSASA-N,,,,broad_macrocycle_pretrain,,,13,True,False,pretrain_train,pretraining_macrocycle; max_phase=None
PREMAC_9bdc3e27b3,ChEMBL_macrocycle_scan,CHEMBL406755,COc1ccc(C[C@H]2C(=O)N[C@@H](C)C(=O)N(C)[C@H]3Cc4ccc(cc4)Oc4cc(ccc4OC)C[C@@H](C(=O)N[C@H](C)C(=O)N(C)[C@@H](C)C(=O)N2C)N(C)C3=O)cc1,RSIXXJFWYUEENK-HCQCDIKSSA-N,,,,broad_macrocycle_pretrain,,,18,True,False,pretrain_train,pretraining_macrocycle; max_phase=None
PREMAC_735203d058,ChEMBL_macrocycle_scan,CHEMBL39858,CCCCCCC[C@H]1OC(=O)C[C@@H](OCOC)[C@H](Cc2ccccc2)N(C)C(=O)COC(=O)[C@H]1C,UCCMWXLZDDHCOI-IQFVJIFQSA-N,,,,broad_macrocycle_pretrain,,,12,True,False,pretrain_train,pretraining_macrocycle; max_phase=None
PREMAC_eb322d9325,ChEMBL_macrocycle_scan,CHEMBL12265,CC[C@H]1OC(=O)[C@H](C)[C@@H](O)[C@H](C)[C@@H](OC2O[C@H](C)C[C@H](N(C)C(C)C)[C@H]2O)[C@@](C)(OC)C[C@@H](C)C(=O)[C@H](C)[C@H]2N(CCc3ccc(Cl)cc3)C(=O)O[C@]12C,LZWGDOIDWKLICE-SQSYKBIRSA-N,,,,broad_macrocycle_pretrain,,,14,True,False,pretrain_train,pretraining_macrocycle; max_phase=None
PREMAC_be3dfca6cc,ChEMBL_macrocycle_scan,CHEMBL279636,C[C@@H]1NC(=O)[C@H]2CCCN2C(=O)[C@H](CCCCCC(=O)[C@@H]2CO2)NC(=O)[C@@H](C)NC1=O,GNYCTMYOHGBSBI-SVZOTFJBSA-N,,,,broad_macrocycle_pretrain,,,12,True,False,pretrain_train,pretraining_macrocycle; max_phase=None
PREMAC_fc6a30d15a,ChEMBL_macrocycle_scan,CHEMBL288008,CC(C)[C@@H]1NC(=O)CCCCCOc2ccc(cc2)C[C@@H]([C@H](O)CN(C2CCCC2)S(=O)(=O)c2ccc(N)cc2)NC1=O,KDPUBVCQGWMTJJ-FLBADVGZSA-N,,,,broad_macrocycle_pretrain,,,17,True,False,pretrain_train,pretraining_macrocycle; max_phase=None
PREMAC_d86c8b4218,ChEMBL_macrocycle_scan,CHEMBL280371,C1CCCCCC(NCCN(CCNC2CCCCCCCCCCC2)CCNC2CCCCCCCCCCC2)CCCCC1,RBJNKMYZRJDPFY-UHFFFAOYSA-N,,,,broad_macrocycle_pretrain,,,12,True,False,pretrain_train,pretraining_macrocycle; max_phase=None
PREMAC_ebe86cffc1,ChEMBL_macrocycle_scan,CHEMBL300642,CC[C@H](C)[C@H]1NC(=O)[C@@H](Cc2c[nH]c3ccccc23)NC(=O)[C@@H]2CCCN2C(=O)[C@@H](Cc2ccccc2)N(C)C(=O)[C@@H]2CCCCN2C(=O)[C@H]2CCCCN2C1=O,ZJZVPGODNLHLEQ-FQABGADESA-N,,,,broad_macrocycle_pretrain,,,18,True,False,pretrain_train,pretraining_macrocycle; max_phase=None
PREMAC_a729ff003c,ChEMBL_macrocycle_scan,CHEMBL417597,C/C=C/CC(O)[C@@H](C)[C@H](O)[C@H](C)[C@H]1OC(=O)/C(OC)=C/C(C)=C/[C@@H](C)[C@@H](O)[C@@H](C)C/C(C)=C/C=C/[C@@H]1OC,AZWPXDYNBFKJKO-AORQGELOSA-N,,,,broad_macrocycle_pretrain,,,16,True,False,pretrain_train,pretraining_macrocycle; max_phase=None
PREMAC_9a325040b1,ChEMBL_macrocycle_scan,CHEMBL411943,N=C(N)NCCC[C@@H]1NC(=O)[C@@H](Cc2c[nH]cn2)NC(=O)CSC[C@@H](C(=O)O)NC(=O)[C@H](CC(=O)O)NC(=O)CNC1=O,LUAGPVPPCBTVMI-XGUBFFRZSA-N,,,,broad_macrocycle_pretrain,,,18,True,False,pretrain_train,pretraining_macrocycle; max_phase=None
PREMAC_a177dace46,ChEMBL_macrocycle_scan,CHEMBL276217,CC[C@H]1OC(=O)[C@H](C)[C@@H](OC(=O)N2C(=O)OC[C@H]2CC(C)C)[C@H](C)[C@@H](OC2O[C@H](C)C[C@H](N(C)C(C)C)[C@H]2O)[C@@](C)(OC)C[C@@H](C)C(=O)[C@H](C)[C@H]2N(CCc3ccc(Cl)cc3)C(=O)O[C@]12C,LLXPYVFZBAHOJD-AUZHYGGTSA-N,,,,broad_macrocycle_pretrain,,,14,True,False,pretrain_train,pretraining_macrocycle; max_phase=None
PREMAC_bf0eeaf8cb,ChEMBL_macrocycle_scan,CHEMBL300206,N#Cc1ccc2cc1Oc1ccc3cccc(c3c1)C(=O)NCCNC(=O)Cc1cncn1C2,XOFBXIHLMNJMOE-UHFFFAOYSA-N,,,,broad_macrocycle_pretrain,,,18,True,False,pretrain_train,pretraining_macrocycle; max_phase=None
PREMAC_624caa7e7b,ChEMBL_macrocycle_scan,CHEMBL21840,NCCN(CCN)CCNC1CCCCCCCCCCC1,JZBOEIXWVMIAFW-UHFFFAOYSA-N,,,,broad_macrocycle_pretrain,,,12,True,False,pretrain_train,pretraining_macrocycle; max_phase=None
PREMAC_5da4fe2d81,ChEMBL_macrocycle_scan,CHEMBL217639,CCC(C)[C@H]1O[C@]2(C=C[C@@H]1C)C[C@@H]1C[C@@H](C/C=C(\C)[C@@H](O[C@H]3C[C@H](OC)[C@@H](O[C@H]4C[C@H](OC)/C(=N\NC(N)=O)[C@H](C)O4)[C@H](C)O3)[C@@H](C)/C=C/C=C3\CO[C@@H]4[C@H](O)C(C)=C[C@@H](C(=O)O1)[C@]34O)O2,ADVIYLOHAUAKPE-GKRFMDBPSA-N,,,,broad_macrocycle_pretrain,,,16,True,False,pretrain_train,pretraining_macrocycle; max_phase=None
PREMAC_09fe9ef971,ChEMBL_macrocycle_scan,CHEMBL306262,CCCCCC[C@H]1OC(=O)CNC(=O)[C@@H]([C@H](C)O)NC(=O)[C@H](CO)NC(=O)[C@H]([C@H](C)CC)NC(=O)[C@H](CC(C)C)N(C)C(=O)[C@@H]1C,VFGBXFZXJAWPOE-XLHBGBJPSA-N,,,,broad_macrocycle_pretrain,,,19,True,False,pretrain_train,pretraining_macrocycle; max_phase=None
PREMAC_8956e97de3,ChEMBL_macrocycle_scan,CHEMBL293231,N=C(N)NCCC[C@@H]1NC(=O)CNC(=O)C(c2ccc(C(F)(F)F)cc2)SC[C@@H](C(=O)O)NC(=O)[C@H](CC(=O)O)NC(=O)CNC1=O,NGANJPNQBBUQKM-TVISWJTBSA-N,,,,broad_macrocycle_pretrain,,,18,True,False,pretrain_train,pretraining_macrocycle; max_phase=None
PREMAC_2299eef1f2,ChEMBL_macrocycle_scan,CHEMBL408987,NCCCC[C@@H]1NC(=O)[C@@H](Cc2c[nH]c3ccccc23)NC(=O)[C@H](Cc2cccnc2)NC(=O)[C@@H](NC(=O)[C@@H](N)Cc2ccc3ccccc3c2)CSSC[C@@H](C(=O)N[C@@H](Cc2ccc3ccccc3c2)C(N)=O)NC(=O)CNC1=O,URGHEMXGVHHWOC-DBUBICOYSA-N,,,,broad_macrocycle_pretrain,,,20,True,False,pretrain_train,pretraining_macrocycle; max_phase=None
PREMAC_fc072e5b90,ChEMBL_macrocycle_scan,CHEMBL42075,CC[C@H]1OC(=O)/C(C)=C/[C@H](C)[C@@H](O[C@@H]2O[C@H](C)C[C@H](N(C)C)[C@H]2O)[C@@](C)(OC)C[C@@H](C)C(=O)[C@H](C)[C@H]2N(CCc3ccc(Cl)c(Cl)c3)C(=O)O[C@]12C,TYUMKMZEHWSBIR-NVCJNQEXSA-N,,,,broad_macrocycle_pretrain,,,14,True,False,pretrain_train,pretraining_macrocycle; max_phase=None
PREMAC_8f049eb22b,ChEMBL_macrocycle_scan,CHEMBL433482,COc1ccc(C[C@H]2NC(=O)/C=C/C[C@@H]([C@H](C)C3OC3c3ccccc3)OC(=O)[C@H](CC(C)C)CC(=O)CCNC2=O)cc1,KNGZNRBPLJJLQQ-SGLUIGHMSA-N,,,,broad_macrocycle_pretrain,,,16,True,False,pretrain_train,pretraining_macrocycle; max_phase=None
PREMAC_d426774211,ChEMBL_macrocycle_scan,CHEMBL296011,CC[C@H]1OC(=O)/C(C)=C/[C@H](C)[C@@H](O[C@@H]2O[C@H](C)C[C@H](N(C)C)[C@H]2O)[C@@](C)(OC)C[C@@H](C)C(=O)[C@H](C)[C@H]2N(CCc3ccc(N)cc3)C(=O)O[C@]12C,ZDSLSQQRBACBJJ-RFAGPKTGSA-N,,,,broad_macrocycle_pretrain,,,14,True,False,pretrain_train,pretraining_macrocycle; max_phase=None
PREMAC_5b910fd06b,ChEMBL_macrocycle_scan,CHEMBL305871,C1CCCCCC2(CCCCC1)OOCCCCCCCCOO2,NGLSVJMWDOBMFI-UHFFFAOYSA-N,,,,broad_macrocycle_pretrain,,,13,True,False,pretrain_train,pretraining_macrocycle; max_phase=None
PREMAC_faeb9d517a,ChEMBL_macrocycle_scan,CHEMBL34085,CNC(=O)[C@@H]1CCCNCCCCO[C@H](C(=O)NO)[C@@H](CCCc2ccccc2)C(=O)N1,UEXHODHUQXSZDN-AABGKKOBSA-N,,,,broad_macrocycle_pretrain,,,14,True,False,pretrain_train,pretraining_macrocycle; max_phase=None
PREMAC_8099a9662c,ChEMBL_macrocycle_scan,CHEMBL444306,N=C(N)NCCC[C@@H]1NC(=O)CNC(=O)C(c2ccc(-c3ccccc3)cc2)SC[C@@H](C(=O)O)NC(=O)[C@H](CC(=O)O)NC(=O)CNC1=O,DNYYJQPHMWSUJW-GAUDMLSGSA-N,,,,broad_macrocycle_pretrain,,,18,True,False,pretrain_train,pretraining_macrocycle; max_phase=None
PREMAC_bf9f7a6188,ChEMBL_macrocycle_scan,CHEMBL17211,c1cc(CN2CCCNCCNCCCNCC2)cc(CN2CCCNCCNCCCNCC2)c1,TWROELGOZKDRSL-UHFFFAOYSA-N,,,,broad_macrocycle_pretrain,,,14,True,False,pretrain_train,pretraining_macrocycle; max_phase=None
PREMAC_646c33ffd1,ChEMBL_macrocycle_scan,CHEMBL264043,CC[C@H]1OC(=O)[C@H](C)[C@@H](OC2C[C@@](C)(OC)[C@@H](O)[C@H](C)O2)[C@H](C)[C@@H](OC2O[C@H](C)C[C@H](N(C)C3CCCC3)[C@H]2O)[C@@](C)(OC)C[C@@H](C)C(=O)[C@H](C)[C@H]2N(CCc3ccc(Cl)c(Cl)c3)C(=O)O[C@]12C,LSWFHLLLERACMP-HBSLEZBNSA-N,,,,broad_macrocycle_pretrain,,,14,True,False,pretrain_train,pretraining_macrocycle; max_phase=None
PREMAC_d20cdca17d,ChEMBL_macrocycle_scan,CHEMBL430145,C/C=C1/C(=O)N[C@@H](C(=O)O)[C@H](C)C(=O)N[C@@H](C(C)C)C(=O)N[C@@H](/C=C/C(C)=C/[C@H](C)[C@H](Cc2ccccc2)OC)[C@H](C)C(=O)N[C@@H](C(=O)O)CCC(=O)N1C,GIRIHYQVGVTBIP-NJYUBDSESA-N,,,,broad_macrocycle_pretrain,,,19,True,False,pretrain_train,pretraining_macrocycle; max_phase=None
PREMAC_9ef4469122,ChEMBL_macrocycle_scan,CHEMBL275521,CC[C@H]1OC(=O)[C@H](C)[C@@H](OC(=O)N2CCOC2C)[C@H](C)[C@@H](OC2O[C@H](C)C[C@H](N(C)C(C)C)[C@H]2O)[C@@](C)(OC)C[C@@H](C)C(=O)[C@H](C)[C@H]2N(CCc3ccc(Cl)cc3)C(=O)O[C@]12C,SAYIDHXRRQULEO-QOTJYFATSA-N,,,,broad_macrocycle_pretrain,,,14,True,False,pretrain_train,pretraining_macrocycle; max_phase=None
PREMAC_3cb3564b3b,ChEMBL_macrocycle_scan,CHEMBL285908,Cc1c(O)cc(O)c2c1C(=O)OCC(NC(=O)[C@@H]1C(O)CCC1C(=O)[C@@H](N)CO)C(=O)N[C@H](C(=O)N[C@@H](C)C(=O)O)CSC2,ZBOGRTMXZUURLO-JFDBBGFVSA-N,,,,broad_macrocycle_pretrain,,,12,True,False,pretrain_train,pretraining_macrocycle; max_phase=None
PREMAC_6168879686,ChEMBL_macrocycle_scan,CHEMBL408655,CC1(C)SSC[C@H](C(=O)N[C@@H](CCCN=C(N)N)C(N)=O)NC(=O)[C@@H](Cc2ccccc2)NC(=O)[C@H](CO)NC(=O)CNC(=O)[C@H](Cc2ccc3ccccc3c2)NC(=O)[C@@H]1NC(=O)[C@@H](N)Cc1ccc(O)cc1,QRUJUTKGTLOQMP-CNJHCESRSA-N,,,,broad_macrocycle_pretrain,,,20,True,False,pretrain_train,pretraining_macrocycle; max_phase=None
PREMAC_4e93e57679,ChEMBL_macrocycle_scan,CHEMBL305320,CC[C@H]1OC(=O)C(C)(Cl)C(=O)[C@H](C)[C@@H](O[C@@H]2O[C@H](C)C[C@H](N(C)C)[C@H]2O)[C@](C)(OC)C[C@@H](C)C(=O)[C@H](C)[C@H]2N(CCCCn3cnc(-c4cccnc4)c3)C(=O)O[C@]12C,MLEGQKKPOIQYNW-HFHKDZLLSA-N,,,,broad_macrocycle_pretrain,,,14,True,False,pretrain_train,pretraining_macrocycle; max_phase=None
PREMAC_73e8d72cd1,ChEMBL_macrocycle_scan,CHEMBL385302,CCC(=O)N[C@@H]1[C@H](C)O[C@@H](O[C@H]2[C@H](C)O[C@@H](O[C@@H]3/C(C)=C/C[C@@H]4C[C@@H](C[C@]5(C=C[C@H](C)[C@@H](C(C)CC)O5)O4)OC(=O)[C@@H]4C=C(C)[C@@H](O)[C@H]5OC/C(=C\C=C\[C@@H]3C)[C@]54O)C[C@@H]2OC)C[C@@H]1OC,LELFJTRYBNPTPW-JPAAUQISSA-N,,,,broad_macrocycle_pretrain,,,16,True,False,pretrain_train,pretraining_macrocycle; max_phase=None
PREMAC_03fbfcd3c6,ChEMBL_macrocycle_scan,CHEMBL274820,CCCCC[C@@H]1/C=C\C2[C@H](O)C[C@H](O)[C@@H]2C/C=C\CCCC(=O)O1,UTLCNJREJFJDLH-RMVXSJBVSA-N,,,,broad_macrocycle_pretrain,,,13,True,False,pretrain_train,pretraining_macrocycle; max_phase=None
PREMAC_b0daa36abc,ChEMBL_macrocycle_scan,CHEMBL312462,Cc1cn(C2CC(N=[N+]=[N-])C(COC(=O)CCCCN3CCCN(C(=O)c4ccc(C(=O)N5CCCNCCNCCCNCC5)cc4)CCNCCCNCC3)O2)c(=O)[nH]c1=O,SOWPTUSQVKIVHI-UHFFFAOYSA-N,,,,broad_macrocycle_pretrain,,,14,True,False,pretrain_train,pretraining_macrocycle; max_phase=None
PREMAC_9a1b606f16,ChEMBL_macrocycle_scan,CHEMBL306587,CCCCCC[C@H]1OC(=O)CNC(=O)[C@@H]([C@@H](C)O)NC(=O)[C@H](CO)NC(=O)[C@H]([C@@H](C)CC)NC(=O)[C@H](CC(C)C)N(C)C(=O)[C@@H]1C,VFGBXFZXJAWPOE-GIFZQRBASA-N,,,,broad_macrocycle_pretrain,,,19,True,False,pretrain_train,pretraining_macrocycle; max_phase=None
PREMAC_f9ff8cc747,ChEMBL_macrocycle_scan,CHEMBL50840,CN1C(=O)[C@@H](CCCCNC(=O)CCc2ccc(O)c([125I])c2)NC(=O)c2cccc(c2)CNC(=O)[C@H](CC(=O)O)NC(=O)CNC(=O)[C@@H]1CCCN=C(N)N.O=C(O)C(F)(F)F,XGYMPTYOFLDLOG-JHTOZREOSA-N,,,,broad_macrocycle_pretrain,,,18,True,False,pretrain_train,pretraining_macrocycle; max_phase=None
PREMAC_77cbea9529,ChEMBL_macrocycle_scan,CHEMBL37779,COc1cc(O)c2c(c1C)C(=O)CCCCC/C(S)=N/[C@H](c1nc(NC(C)=O)no1)CSC2,STGYJGZIMPLJDV-HNNXBMFYSA-N,,,,broad_macrocycle_pretrain,,,14,True,False,pretrain_train,pretraining_macrocycle; max_phase=None
PREMAC_82ef45de77,ChEMBL_macrocycle_scan,CHEMBL293687,CC[C@H]1OC(=O)C(C)(C)C(=O)[C@H](C)[C@@H](O[C@@H]2O[C@H](C)C[C@H](N(C)C)[C@H]2O)[C@](C)(OC)C[C@@H](C)C(=O)[C@H](C)[C@H]2N(CCCCn3cnc(-c4cccnc4)c3)C(=O)O[C@]12C,IIOVFUSFZBCOIE-HWZGYSOYSA-N,,,,broad_macrocycle_pretrain,,,14,True,False,pretrain_train,pretraining_macrocycle; max_phase=None
PREMAC_c77cd1f7ec,ChEMBL_macrocycle_scan,CHEMBL282826,CC[C@H]1OC(=O)[C@H](C)[C@H]2OC3(CCN(c4cc(OC)nc(OC)n4)CC3)O[C@](C)(C[C@@H](C)CN[C@H](C)[C@@H](O)[C@]1(C)O)[C@H](O[C@@H]1O[C@H](C)CC(N(C)C)[C@H]1O)[C@H]2C,KRMYMYWYKLHLTJ-LGGKMPDMSA-N,,,,broad_macrocycle_pretrain,,,15,True,False,pretrain_train,pretraining_macrocycle; max_phase=None
PREMAC_1f8ce62550,ChEMBL_macrocycle_scan,CHEMBL288533,CNc1nc(-c2cc(O[C@@H]3C[C@H]4C(=O)N[C@]5(C(=O)O)C[C@H]5/C=C\CCCCC[C@H](NC(=O)OC5CCCC5)C(=O)N4C3)c3ccc(OC)cc3n2)cs1,HQRQLLDPYLHHRZ-KRMIZZHTSA-N,,,,broad_macrocycle_pretrain,,,15,True,False,pretrain_train,pretraining_macrocycle; max_phase=None
PREMAC_d436ebe665,ChEMBL_macrocycle_scan,CHEMBL28796,CC[C@H]1OC(=O)[C@H](C)[C@H]2OC3(CCN(c4ccc(NC(=O)c5ccccc5)cc4)CC3)O[C@](C)(C[C@@H](C)CN(C)[C@H](C)[C@@H](O)[C@]1(C)O)[C@H](O[C@@H]1O[C@H](C)CC(N(C)C)[C@H]1O)[C@H]2C,FLRIGKXCXOICAX-XDQVSDLESA-N,,,,broad_macrocycle_pretrain,,,15,True,False,pretrain_train,pretraining_macrocycle; max_phase=None
PREMAC_a0419f8a41,ChEMBL_macrocycle_scan,CHEMBL59410,CC[C@H]1OC(=O)[C@H](C)[C@@H](O[C@H]2C[C@@](C)(OC)[C@@](O)(CSC)[C@H](C)O2)[C@H](C)[C@@H](O[C@@H]2O[C@H](C)C[C@H](N(C)C)[C@H]2O)[C@](C)(O)C[C@@H](C)CN[C@H](C)[C@@H](O)[C@]1(C)O,WRIDKEBEFSFSIJ-VSYZXMJYSA-N,,,,broad_macrocycle_pretrain,,,15,True,False,pretrain_train,pretraining_macrocycle; max_phase=None
PREMAC_dfb7ce6bca,ChEMBL_macrocycle_scan,CHEMBL288467,COC(=O)[C@@H]1CSCc2c(O)cc(O)c(C)c2C(=O)OCCC(=O)N1,OFQPTFBFYRYYHK-JTQLQIEISA-N,,,,broad_macrocycle_pretrain,,,12,True,False,pretrain_train,pretraining_macrocycle; max_phase=None
PREMAC_8da1b745cb,ChEMBL_macrocycle_scan,CHEMBL405453,CC(C(=O)[C@@H]1CSSC[C@@H](N)C(=O)N[C@H](Cc2ccc(O)cc2)C(=O)N[C@@H](Cc2ccccc2)C(=O)N[C@H](CCC(N)=O)C(=O)N[C@@H](CC(N)=O)C(=O)N1)[C@H](C)C(=O)N[C@@H](CCCN=C(N)N)C(=O)NCC(=O)O,DKULRTBGVQSZAM-RDHPHNSJSA-N,,,,broad_macrocycle_pretrain,,,20,True,False,pretrain_train,pretraining_macrocycle; max_phase=None
PREMAC_941fbeb029,ChEMBL_macrocycle_scan,CHEMBL82302,CCC(C)[C@H]1O[C@]2(CC[C@@H]1C)C[C@@H]1C[C@@H](C/C=C(\C)[C@@H](O[C@H]3C[C@H](OC)[C@@H](O[C@H]4C[C@H](OC)[C@H](N)[C@H](C)O4)[C@H](C)O3)[C@@H](C)/C=C/C=C3\CO[C@@H]4[C@H](O)C(C)=C[C@@H](C(=O)O1)[C@]34O)O2,VZUZPCRAHATZIM-JLDJZADQSA-N,,,,broad_macrocycle_pretrain,,,16,True,False,pretrain_train,pretraining_macrocycle; max_phase=None
PREMAC_e240104234,ChEMBL_macrocycle_scan,CHEMBL305857,O=S(=O)([O-])c1ccc(-c2c3nc(c(-c4ccc(S(=O)(=O)[O-])cc4)c4ccc(s4)c(-c4ccc(S(=O)(=O)[O-])cc4)c4nc(c(-c5ccc(S(=O)(=O)[O-])cc5)c5ccc2s5)C=C4)C=C3)cc1.[Na+].[Na+].[Na+].[Na+],RNYKQMKMLZCDBK-UHFFFAOYSA-J,,,,broad_macrocycle_pretrain,,,16,True,False,pretrain_train,pretraining_macrocycle; max_phase=None
PREMAC_172c94bbbe,ChEMBL_macrocycle_scan,CHEMBL279332,NCCC[C@H](N)CC(=O)NC1CNC(=O)[C@@H](C2CC(NC(=O)OCc3ccc(Cl)c(Cl)c3)N=C(N)N2)NC(=O)/C(=C/NC(N)=O)NC(=O)[C@@H](CO)NC(=O)[C@@H](CO)NC1=O,VUYDGBYJVCCOCS-RUTHXFGOSA-N,,,,broad_macrocycle_pretrain,,,16,True,False,pretrain_train,pretraining_macrocycle; max_phase=None
PREMAC_a6fc8e9671,ChEMBL_macrocycle_scan,CHEMBL16180,CC(C)C[C@@H]1NC(=O)[C@@H]2CNC(=O)C[C@H](NC(=O)[C@H](C)CNC1=O)C(=O)N[C@@H](Cc1c[nH]c3ccccc13)C(=O)N[C@@H](Cc1ccccc1)C(=O)N2,RYKUVFWRJUHGJW-HFDYSIKMSA-N,,,,broad_macrocycle_pretrain,,,15,True,False,pretrain_train,pretraining_macrocycle; max_phase=None
PREMAC_92189182d8,ChEMBL_macrocycle_scan,CHEMBL411837,CCC(C)[C@H]1O[C@]2(C=C[C@@H]1C)C[C@@H]1C[C@@H](C/C=C(\C)[C@@H](O[C@H]3C[C@H](OC)[C@@H](O[C@H]4C[C@H](OC)[C@H](/N=C/N(C)C)[C@H](C)O4)[C@H](C)O3)[C@@H](C)/C=C/C=C3\CO[C@@H]4[C@H](O)C(C)=C[C@@H](C(=O)O1)[C@]34O)O2,SLKUEHDXAJZXSR-YZYSTPCYSA-N,,,,broad_macrocycle_pretrain,,,16,True,False,pretrain_train,pretraining_macrocycle; max_phase=None
PREMAC_6a2b4b0d8f,ChEMBL_macrocycle_scan,CHEMBL18442,c1cc(CN2CCCNCCNCCCNCC2)ccc1CN1CCCNCCNCCCNCC1,YIQPUIGJQJDJOS-UHFFFAOYSA-N,,,,broad_macrocycle_pretrain,,,14,True,False,pretrain_train,pretraining_macrocycle; max_phase=4.0
PREMAC_5ba4b4ac2c,ChEMBL_macrocycle_scan,CHEMBL279354,NCCC[C@H](N)CC(=O)NC1CNC(=O)[C@@H](C2CC(NC(=O)NCc3ccc(C4CCCCC4)cc3)N=C(N)N2)NC(=O)/C(=C/NC(N)=O)NC(=O)[C@@H](CO)NC(=O)[C@@H](CO)NC1=O,KBSVPHNGFAUITI-DRNVQVTASA-N,,,,broad_macrocycle_pretrain,,,16,True,False,pretrain_train,pretraining_macrocycle; max_phase=None
PREMAC_f7b3632394,ChEMBL_macrocycle_scan,CHEMBL407913,C[C@@H](O)[C@H](NC(=O)[C@@H]1NC(=O)[C@H](Cc2c[nH]c3ccccc23)NC(=O)[C@H](CCCN=C(N)N)NC(=O)[C@H](Cc2c[nH]c3ccccc23)NC(=O)[C@H](Cc2ccccc2)NC(=O)[C@@H](NC(=O)[C@H](N)Cc2ccccc2)CSSC1(C)C)C(N)=O,WGCQEKFJVKJRQS-BUVIFOQVSA-N,,,,broad_macrocycle_pretrain,,,20,True,False,pretrain_train,pretraining_macrocycle; max_phase=None
PREMAC_a942eb7fbd,ChEMBL_macrocycle_scan,CHEMBL55037,Nc1c2ccccc2nc2c(C(=O)NC3CCCCCCCCCCC3)cccc12,SLBBLMVUNKURGD-UHFFFAOYSA-N,,,,broad_macrocycle_pretrain,,,12,True,False,pretrain_train,pretraining_macrocycle; max_phase=None
PREMAC_a412232525,ChEMBL_macrocycle_scan,CHEMBL266296,CC[C@H]1OC(=O)CC(O)[C@H](C)[C@@H](O[C@@H]2O[C@H](C)[C@@H](O)[C@H](N(C)C)[C@H]2O)[C@@H](CCN(C)CCCN(C)C)C[C@@H](C)C(=O)/C=C/C(C)=C/[C@@H]1CO[C@@H]1O[C@H](C)[C@@H](O)[C@@H](OC)[C@H]1OC,XLEXOWFKSFHBKG-RXNSDVQBSA-N,,,,broad_macrocycle_pretrain,,,16,True,False,pretrain_train,pretraining_macrocycle; max_phase=None
PREMAC_4d4c9146c9,ChEMBL_macrocycle_scan,CHEMBL80702,N#Cc1ccc2cc1Oc1ccc3cccc(c3c1)N1CCC(NCCc3cncn3C2)C1=O,OBXLXUGOZZWQOW-UHFFFAOYSA-N,,,,broad_macrocycle_pretrain,,,17,True,False,pretrain_train,pretraining_macrocycle; max_phase=None
PREMAC_dc4557b978,ChEMBL_macrocycle_scan,CHEMBL292174,C#C[C@@]1(O)[C@H](C)O[C@@H](O[C@H]2[C@H](C)[C@@H](O[C@@H]3O[C@H](C)C[C@H](N(C)C)[C@H]3O)[C@](C)(O)C[C@@H](C)CN(C)[C@H](C)[C@@H](O)[C@](C)(O)[C@@H](CC)OC(=O)[C@@H]2C)C[C@@]1(C)OC,ZACKMJMPUHCXHW-BMNWWTOTSA-N,,,,broad_macrocycle_pretrain,,,15,True,False,pretrain_train,pretraining_macrocycle; max_phase=None
PREMAC_4982079847,ChEMBL_macrocycle_scan,CHEMBL416615,O=C1OCC2OC(O)C(O)C(O)C2OC(=O)c2cc(O)c(O)c(O)c2-c2c(O)c(O)c3oc(=O)c4c(c(O)c(O)c5oc(=O)c2c3c54)-c2c1cc(O)c(O)c2O,IQHIEHIKNWLKFB-UHFFFAOYSA-N,,,,broad_macrocycle_pretrain,,,17,True,False,pretrain_train,pretraining_macrocycle; max_phase=None
PREMAC_dcf40a791e,ChEMBL_macrocycle_scan,CHEMBL301491,CN1CC(=O)Nc2cccc3ccc(cc23)Oc2cc(ccc2C#N)Cn2cncc2C1,KDJOWKLMGPUQBA-UHFFFAOYSA-N,,,,broad_macrocycle_pretrain,,,16,True,False,pretrain_train,pretraining_macrocycle; max_phase=None
PREMAC_0c044f937c,ChEMBL_macrocycle_scan,CHEMBL274532,CC1(C)SSC[C@H](C(=O)N[C@@H](CCCCN)C(=O)N[C@@H](CCCCN)C(N)=O)NC(=O)[C@@H](Cc2ccccc2)NC(=O)[C@H](CO)NC(=O)CNC(=O)[C@H](Cc2ccc(O)cc2)NC(=O)[C@@H]1NC(=O)[C@@H](N)Cc1ccc(O)cc1,QHGJKFDEUSXYAA-JYLXWPQQSA-N,,,,broad_macrocycle_pretrain,,,20,True,False,pretrain_train,pretraining_macrocycle; max_phase=None
PREMAC_c2189e56e4,ChEMBL_macrocycle_scan,CHEMBL309596,COc1cc(C[C@H](N)C(=O)N[C@H]2C(=O)NCC(=O)N[C@@H](Cc3ccccc3)C(=O)N[C@@H](C(=O)O)C(C)(C)SSC2(C)C)ccc1O,LKDXELPLORFJQR-WNLYKICVSA-N,,,,broad_macrocycle_pretrain,,,14,True,False,pretrain_train,pretraining_macrocycle; max_phase=None
PREMAC_765c0f1eb7,ChEMBL_macrocycle_scan,CHEMBL35823,COC(=O)[C@@H]1CSCc2ccccc2C(=O)OCC(NC(=O)OC(C)(C)C)C(=O)N1,ZLAWDQOPWUTEAN-LOACHALJSA-N,,,,broad_macrocycle_pretrain,,,12,True,False,pretrain_train,pretraining_macrocycle; max_phase=None
PREMAC_23b7c6369e,ChEMBL_macrocycle_scan,CHEMBL42221,O=C1CNC(=O)[C@@H](Cc2ccccc2)NC(=O)CNC(=O)[C@@H](Cc2ccc(O)cc2)NC(=O)CN1,XYSMTRFTHHHXOZ-RTBURBONSA-N,,,,broad_macrocycle_pretrain,,,15,True,False,pretrain_train,pretraining_macrocycle; max_phase=None
PREMAC_025b37cd61,ChEMBL_macrocycle_scan,CHEMBL287388,Fc1cccc(-c2c3nc(c(-c4cccc(F)c4)c4ccc([nH]4)c(-c4cccc(F)c4)c4ccc([nH]4)c(-c4cccc(F)c4)c4nc2C=C4)C=C3)c1,DOEPDUMCRVDMIR-UHFFFAOYSA-N,,,,broad_macrocycle_pretrain,,,16,True,False,pretrain_train,pretraining_macrocycle; max_phase=None
PREMAC_31f645cfd4,ChEMBL_macrocycle_scan,CHEMBL407050,CC[C@H](C)[C@H]1O[C@]2(C=C[C@@H]1C)C[C@@H]1C[C@@H](C/C=C(\C)[C@@H](O[C@@H]3C[C@@H](OC)[C@H](O[C@@H]4C[C@@H](OC)[C@H](O)[C@@H](C)O4)[C@@H](C)O3)[C@@H](C)/C=C/[C@@H]3O[C@]34COC3[C@H](O)C(C)=C[C@@H](C(=O)O1)[C@@]34O)O2,BWDVGCWGWRHOJE-IFTTWMAGSA-N,,,,broad_macrocycle_pretrain,,,16,True,False,pretrain_train,pretraining_macrocycle; max_phase=None
PREMAC_951bda7e70,ChEMBL_macrocycle_scan,CHEMBL289861,O=C1CNC(=O)CNC(=O)[C@H](Cc2ccccc2)NC(=O)CNC(=O)[C@H](Cc2ccc(O)cc2)NC(=O)CN1,ZZLPPUFQKZYHOB-PMACEKPBSA-N,,,,broad_macrocycle_pretrain,,,18,True,False,pretrain_train,pretraining_macrocycle; max_phase=None
PREMAC_1a48df857b,ChEMBL_macrocycle_scan,CHEMBL17932,c1ccc(C2CCNCCNCCCNCCN2)nc1,OECZDEDPPPNBCH-UHFFFAOYSA-N,,,,broad_macrocycle_pretrain,,,14,True,False,pretrain_train,pretraining_macrocycle; max_phase=None
PREMAC_fc3ccfa759,ChEMBL_macrocycle_scan,CHEMBL302682,N=C(N)NCCC[C@@H]1NC(=O)[C@H](CO)NC(=O)C[S+]([O-])C[C@@H](C(=O)O)NC(=O)[C@H](CC(=O)O)NC(=O)CNC1=O,MQTBOXWGQFIMSZ-IGVFDEQQSA-N,,,,broad_macrocycle_pretrain,,,18,True,False,pretrain_train,pretraining_macrocycle; max_phase=None
PREMAC_bf7f0a1722,ChEMBL_macrocycle_scan,CHEMBL261892,CCCC[C@H](NC(C)=O)C(=O)N[C@H]1CCCNC(=O)CC[C@H](C(=O)N[C@@H](Cc2c[nH]c3ccccc23)C(=O)NCC(=O)N[C@@H](CCCCN)C(N)=O)NC(=O)[C@@H](Cc2ccccc2)NC(=O)[C@@H](Cc2c[nH]cn2)NC1=O,OMOGKOQNIMYLFR-SWNQMDHASA-N,,,,broad_macrocycle_pretrain,,,17,True,False,pretrain_train,pretraining_macrocycle; max_phase=None
PREMAC_c181d16323,ChEMBL_macrocycle_scan,CHEMBL28999,C=CCCOOC1(OOC)CCCCCCCCCCC1,JXYDYQWSGNBDJH-UHFFFAOYSA-N,,,,broad_macrocycle_pretrain,,,12,True,False,pretrain_train,pretraining_macrocycle; max_phase=None
PREMAC_df0749e5e6,ChEMBL_macrocycle_scan,CHEMBL50857,CN1C(=O)CNC(=O)Cc2cncn2Cc2ccc(C#N)c(c2)Oc2ccc3cccc1c3c2,QJAYXHNDUQQSPN-UHFFFAOYSA-N,,,,broad_macrocycle_pretrain,,,17,True,False,pretrain_train,pretraining_macrocycle; max_phase=None
PREMAC_af9377a373,ChEMBL_macrocycle_scan,CHEMBL13396,COc1ccc(C[C@H]2NC(=O)/C=C/C[C@@H](C(=O)C#Cc3ccccc3)OC(=O)[C@H](CC(C)C)OC(=O)[C@@H](C)CNC2=O)cc1,GFZCAIYNCMMPBG-OODCXWFISA-N,,,,broad_macrocycle_pretrain,,,16,True,False,pretrain_train,pretraining_macrocycle; max_phase=None
PREMAC_a715bc63bb,ChEMBL_macrocycle_scan,CHEMBL280264,N[C@@H](Cc1ccc(O)cc1)C(=O)N[C@H]1CCCNC(=O)[C@H]2CCCN2C(=O)[C@H](Cc2ccc3ccccc3c2)NC1=O,LABQDBMZPVLBTI-LAJGZZDBSA-N,,,,broad_macrocycle_pretrain,,,12,True,False,pretrain_train,pretraining_macrocycle; max_phase=None
PREMAC_26eefc9055,ChEMBL_macrocycle_scan,CHEMBL439005,C[C@@H](O)[C@@H]1NC(=O)[C@H](CCCCN)NC(=O)[C@@H](Cc2c[nH]c3ccccc23)NC(=O)[C@H](Cc2ccccc2)NC(=O)[C@@H](NC(=O)[C@@H](N)Cc2ccc(Cl)cc2)CSSC[C@@H](C(=O)N[C@@H](Cc2ccc3ccccc3c2)C(N)=O)NC1=O,VSRBFZFTFFYHBT-SLNGEIHESA-N,,,,broad_macrocycle_pretrain,,,20,True,False,pretrain_train,pretraining_macrocycle; max_phase=None
PREMAC_d5f8517240,ChEMBL_macrocycle_scan,CHEMBL433838,NC(N)=NCC[C@H]1NC(=O)[C@H](Cc2c[nH]c3ccccc23)NC(=O)[C@@H](CC2CCCCC2)NC(=O)[C@@H]2CCCN2C(=O)[C@@H](NC(=O)[C@@H](N)Cc2ccccc2)CCNC1=O,IEXRHDKZVHQERQ-DPCRESECSA-N,,,,broad_macrocycle_pretrain,,,17,True,False,pretrain_train,pretraining_macrocycle; max_phase=None
PREMAC_cfff18d236,ChEMBL_macrocycle_scan,CHEMBL289065,CC[C@H]1OC(=O)/C(C)=C/[C@H](C)[C@@H](O[C@@H]2O[C@H](C)C[C@H](N(C)C)[C@H]2O)[C@@](C)(OC)C[C@@H](C)C(=O)[C@H](C)[C@H]2N(NC/C=C/c3ccc([N+](=O)[O-])o3)C(=O)O[C@]12C,JOFSVIIIBARHRV-AIJATINNSA-N,,,,broad_macrocycle_pretrain,,,14,True,False,pretrain_train,pretraining_macrocycle; max_phase=None
PREMAC_ca6f1a58a7,ChEMBL_macrocycle_scan,CHEMBL268897,CC[C@H]1OC(=O)CC(O)[C@H](C)[C@@H](O[C@@H]2O[C@H](C)C[C@H](N(C)C)[C@H]2O)[C@@H](CCN(CCO)CCO)C[C@@H](C)C(=O)/C=C/C(C)=C/[C@@H]1C,YKSVWCMFALZBNX-GMSKGLBDSA-N,,,,broad_macrocycle_pretrain,,,16,True,False,pretrain_train,pretraining_macrocycle; max_phase=None
PREMAC_007a20a25d,ChEMBL_macrocycle_scan,CHEMBL273430,COc1ccc(C[C@H]2NC(=O)/C=C/C[C@@H](C(Br)C#Cc3ccccc3)OC(=O)[C@H](CC(C)C)OC(=O)[C@H](C)CNC2=O)cc1,QTOQRNZNIQTUTN-NNJITBPPSA-N,,,,broad_macrocycle_pretrain,,,16,True,False,pretrain_train,pretraining_macrocycle; max_phase=None
PREMAC_447bfe11e4,ChEMBL_macrocycle_scan,CHEMBL74166,CC(=O)N[C@@H](Cc1ccc(O)cc1)C(=O)N[C@H](C(=O)N[C@@H](Cc1ccccc1)[C@@H](O)C(=O)N[C@H]1Cc2ccc(cc2)OCCCNC(=O)[C@H](C(C)C)NC1=O)C(C)C,FLCKUBUGOFHCRF-RHIIWVEJSA-N,,,,broad_macrocycle_pretrain,,,15,True,False,pretrain_train,pretraining_macrocycle; max_phase=None
PREMAC_f4db6e2bae,ChEMBL_macrocycle_scan,CHEMBL432115,CC[C@H]1OC(=O)/C(C)=C/[C@H](C)[C@@H](O[C@@H]2O[C@H](C)C[C@H](N(C)C)[C@H]2O)[C@@](C)(OC)C[C@@H](C)C(=O)[C@H](C)[C@H]2N(NC/C=C/c3ccc([N+](=O)[O-])cc3)C(=O)O[C@]12C,IRAYNMFSEFYIJR-OTJHZOFDSA-N,,,,broad_macrocycle_pretrain,,,14,True,False,pretrain_train,pretraining_macrocycle; max_phase=None
PREMAC_8a77e9272c,ChEMBL_macrocycle_scan,CHEMBL278938,CC(C)C[C@H]1NC(=O)CNC(=O)[C@@H](Cc2ccccc2)NC(=O)[C@H](Cc2ccccc2)NC(=O)[C@@H](NC(=O)[C@@H](CCC(N)=O)N(C)C)CSSC[C@H](C(N)=O)NC1=O,IJVWWLXRKNPGKG-NDNBUHTASA-N,,,,broad_macrocycle_pretrain,,,20,True,False,pretrain_train,pretraining_macrocycle; max_phase=None
PREMAC_4d006b70db,ChEMBL_macrocycle_scan,CHEMBL65370,N=C(N)NCCC[C@@H]1NC(=O)[C@@H](CCC(=O)O)NC(=O)CSC[C@@H](C(=O)O)NC(=O)[C@H](CC(=O)O)NC(=O)CNC1=O,BOHIOMJEXMWHQC-RNJOBUHISA-N,,,,broad_macrocycle_pretrain,,,18,True,False,pretrain_train,pretraining_macrocycle; max_phase=None
PREMAC_f51cd141ec,ChEMBL_macrocycle_scan,CHEMBL278202,c1ccc2c(CN3CCCNCCNCCCNCC3)cc(CN3CCCNCCNCCCNCC3)cc2c1,FNEGYJISVMUKGC-UHFFFAOYSA-N,,,,broad_macrocycle_pretrain,,,14,True,False,pretrain_train,pretraining_macrocycle; max_phase=None
PREMAC_28999c65b7,ChEMBL_macrocycle_scan,CHEMBL312414,C=C1[C@H](OCC(C)C)[C@@H](OC(C)=O)[C@@H](OC(C)=O)C(C)(C)[C@@H]2O[C@H]2[C@@H](C)C(=O)[C@@]2(OC(C)=O)C[C@@](C)(OC(C)=O)[C@H](OC(C)=O)[C@@H]2[C@H]1OC(C)=O,BKVBYHVSLQCIAC-QYGFYXRZSA-N,,,,broad_macrocycle_pretrain,,,12,True,False,pretrain_train,pretraining_macrocycle; max_phase=None
PREMAC_a33338502b,ChEMBL_macrocycle_scan,CHEMBL291637,CC(C)[C@@H]1NC(=O)c2ccc(o2)CNC(=O)[C@H](CC(=O)O)NC(=O)CNC(=O)[C@H](CCCN=C(N)N)N(C)C1=O,CBGQQPRPOXXUEZ-DOXZYTNZSA-N,,,,broad_macrocycle_pretrain,,,18,True,False,pretrain_train,pretraining_macrocycle; max_phase=None
PREMAC_5eb729fc1d,ChEMBL_macrocycle_scan,CHEMBL34748,CCc1c(CC)c2cc3nc(cc4[nH]c(c(C)c4CC)c4[nH]c(cc5nc(cc1[nH]2)C(CCC(=O)N(CCO)CCO)=C5C)c(CC)c4C)C(C)=C3CCC(=O)N(CCO)CCO,RJYSUFQIQHPEEG-UHFFFAOYSA-N,,,,broad_macrocycle_pretrain,,,19,True,False,pretrain_train,pretraining_macrocycle; max_phase=None
PREMAC_3599ea7e40,ChEMBL_macrocycle_scan,CHEMBL39631,CCCCCCCCCCN1C(=O)c2c3nc(cc4nc(cc5[nH]c(cc6[nH]c2c(c6C)C1=O)c(CC)c5C)C(C(C)OCCC)=C4C)[C@@H](C)[C@@H]3CCC(=O)OC,UUTLYZXUXSDMDF-AXGQMMPJSA-N,,,,broad_macrocycle_pretrain,,,16,True,False,pretrain_train,pretraining_macrocycle; max_phase=None
PREMAC_12ef4bc947,ChEMBL_macrocycle_scan,CHEMBL430725,CC[C@H]1OC(=O)[C@H](C)[C@H]2OC3(CCN(c4ncc(C(=O)NCc5ccncc5)cn4)CC3)O[C@](C)(C[C@@H](C)CN(C)[C@H](C)[C@@H](O)[C@]1(C)O)[C@H](O[C@@H]1O[C@H](C)CC(N(C)C)[C@H]1O)[C@H]2C,APECSCCCGQBQSP-DUSVOKLWSA-N,,,,broad_macrocycle_pretrain,,,15,True,False,pretrain_train,pretraining_macrocycle; max_phase=None
PREMAC_ef67a83191,ChEMBL_macrocycle_scan,CHEMBL285485,CCCCCCCCOCC1=C(C)c2cc3nc(c4c5[nH]c(cc6[nH]c(cc1n2)c(C)c6CC)c(C)c5C(=O)N(CCCCCC)C4=O)[C@@H](CCC(=O)OC)[C@@H]3C,SSHFYGFZNQDHKD-ZQAZVOLISA-N,,,,broad_macrocycle_pretrain,,,16,True,False,pretrain_train,pretraining_macrocycle; max_phase=None
PREMAC_e702a90f63,ChEMBL_macrocycle_scan,CHEMBL286694,C[C@@H]1NC(=O)[C@H](CO)NC(=O)CCCCCC[C@H](C(=O)O)NC1=O,OURNOUVWSSKCEH-AXFHLTTASA-N,,,,broad_macrocycle_pretrain,,,15,True,False,pretrain_train,pretraining_macrocycle; max_phase=None
PREMAC_ebfa247238,ChEMBL_macrocycle_scan,CHEMBL299799,CC[C@H]1OC(=O)[C@H](C)[C@@H](O[C@H]2C[C@@](C)(OC)[C@@H](O)[C@H](C)O2)[C@H](C)[C@@H](O[C@@H]2O[C@H](C)C[C@H](N(C)CC)[C@H]2O)[C@@]2(C)CC(C)=C(O2)[C@H](C)[C@@H](O)[C@]1(C)O,UTTLXGDLSXWDJI-QZCZOBQCSA-N,,,,broad_macrocycle_pretrain,,,13,True,False,pretrain_train,pretraining_macrocycle; max_phase=None
PREMAC_d79055b647,ChEMBL_macrocycle_scan,CHEMBL275806,CC[C@H](C)[C@@H]1NC(=O)[C@H](CCCCN)NC(=O)[C@@H](Cc2c[nH]c3ccccc23)NC(=O)[C@H](Cc2cccnc2)NC(=O)[C@@H](NC(=O)[C@@H](N)Cc2ccc3ccccc3c2)CSSC[C@@H](C(=O)N[C@@H](Cc2ccc3ccccc3c2)C(=O)O)NC1=O,SJBOPNMSLHGWSS-JIIAEOEYSA-N,,,,broad_macrocycle_pretrain,,,20,True,False,pretrain_train,pretraining_macrocycle; max_phase=None
PREMAC_f0ffbd34a2,ChEMBL_macrocycle_scan,CHEMBL420402,C=C1[C@H](OC(C)=O)C[C@@H](OC(=O)c2cccnc2)C(C)(C)/C=C/[C@@H](C)C(=O)[C@@]2(OC(C)=O)C[C@H](C)[C@H](OC(C)=O)[C@@H]2[C@H]1OC(C)=O,TXGHOMTZFCIHDL-JLACXKQRSA-N,,,,broad_macrocycle_pretrain,,,12,True,False,pretrain_train,pretraining_macrocycle; max_phase=None
PREMAC_6a72173af6,ChEMBL_macrocycle_scan,CHEMBL302466,N=C(N)NCCC[C@@H]1NC(=O)[C@@H](Cc2ccc(O)cc2)NC(=O)C[S+]([O-])C[C@@H](C(=O)O)NC(=O)[C@H](CC(=O)O)NC(=O)CNC1=O,DMXRDQJVBMEHPP-OREKCURGSA-N,,,,broad_macrocycle_pretrain,,,18,True,False,pretrain_train,pretraining_macrocycle; max_phase=None
PREMAC_bc9cb474e0,ChEMBL_macrocycle_scan,CHEMBL407069,CC[C@H]1OC(=O)C[C@@H](O)[C@H](C)[C@@H](O[C@@H]2O[C@H](C)[C@@H](O[C@H]3C[C@@](C)(O)[C@@H](O)[C@H](C)O3)[C@H](N(C)C)[C@H]2O)[C@@H](CCOc2ccc([N+](=O)[O-])cc2)C[C@@H](C)C(=O)/C=C/C(C)=C/[C@@H]1CO[C@@H]1O[C@H](C)[C@@H](O)[C@@H](OC)[C@H]1OC,BHRRRTJGCJJOQR-HAQKKPGASA-N,,,,broad_macrocycle_pretrain,,,16,True,False,pretrain_train,pretraining_macrocycle; max_phase=None
PREMAC_42b1e9fe5c,ChEMBL_macrocycle_scan,CHEMBL438813,C=CCN1C[C@H](C)[C@@H](O)[C@](C)(O)[C@@H](CC)OC(=O)[C@H](C)[C@@H](O[C@H]2C[C@@](C)(OC)[C@H](N)[C@H](C)O2)[C@H](C)[C@@H](O[C@@H]2O[C@H](C)C[C@H](N(C)C)[C@H]2OC(=O)OCC2c3ccccc3-c3ccccc32)[C@](C)(O)C[C@H]1C,AHUYZHKBTFILMG-KCYMBQQUSA-N,,,,broad_macrocycle_pretrain,,,15,True,False,pretrain_train,pretraining_macrocycle; max_phase=None
PREMAC_92ca15488c,ChEMBL_macrocycle_scan,CHEMBL58781,CC(=O)N[C@@H](Cc1ccccc1)C(=O)N[C@H]1CNC(=O)[C@@H](CCN=C(N)N)NC(=O)[C@H](Cc2c[nH]c3ccccc23)NC(=O)[C@@H](CC2CCCCC2)NC(=O)[C@@H]2CCCN2C1=O,CDFLGDRVBOZIAS-QXXPMLATSA-N,,,,broad_macrocycle_pretrain,,,16,True,False,pretrain_train,pretraining_macrocycle; max_phase=None
PREMAC_3f61a33c85,ChEMBL_macrocycle_scan,CHEMBL12204,CC[C@H]1OC(=O)[C@H](C)[C@@H](OC(=O)N2CCOC2)[C@H](C)[C@@H](OC2O[C@H](C)C[C@H](N(C)C(C)C)[C@H]2O)[C@@](C)(OC)C[C@@H](C)C(=O)[C@H](C)[C@H]2N(CCc3ccc(Cl)cc3)C(=O)O[C@]12C,MSFCVHNYIUKKJK-IKDQNBGBSA-N,,,,broad_macrocycle_pretrain,,,14,True,False,pretrain_train,pretraining_macrocycle; max_phase=None
PREMAC_fc98143526,ChEMBL_macrocycle_scan,CHEMBL56897,C=C1C(C)C2C(Cc3ccccc3)NC(=O)C23OC(=O)/C=C/C(O)CCCC(C)C/C=C/C3C1O,GBOGMAARMMDZGR-LFKALUBKSA-N,,,,broad_macrocycle_pretrain,,,14,True,False,pretrain_train,pretraining_macrocycle; max_phase=None
PREMAC_08d7a1790a,ChEMBL_macrocycle_scan,CHEMBL293082,CO/C1=C\C(C)=C\[C@@H](C)[C@@H](O)[C@@H](C)C/C(C)=C/C=C/[C@H](OC)[C@@H]([C@@H](C)[C@@H](O)[C@H](C)C(=O)O)OC1=O,IJPJCRAUPZATAY-MQMGXAQVSA-N,,,,broad_macrocycle_pretrain,,,16,True,False,pretrain_train,pretraining_macrocycle; max_phase=None
PREMAC_a89687937d,ChEMBL_macrocycle_scan,CHEMBL287385,C[C@H]1CCC/C=C\[C@@H]2C[C@H](O)C[C@H]2[C@H](O)/C=C/C(=O)O1,KQNZDYYTLMIZCT-LIQIAJTGSA-N,,,,broad_macrocycle_pretrain,,,13,True,False,pretrain_train,pretraining_macrocycle; max_phase=None
PREMAC_b9169e458c,ChEMBL_macrocycle_scan,CHEMBL301326,CSCC[C@@H]1NC(=O)[C@H]2CCCN2C(=O)[C@H](C(C)C)NC(=O)[C@@H](Cc2ccc(COP(=O)(O)O)cc2)NC(=O)CNC(=O)[C@@H](CC(C)C)NC1=O,RVZGQQHJGRWRRJ-IDFBPUONSA-N,,,,broad_macrocycle_pretrain,,,18,True,False,pretrain_train,pretraining_macrocycle; max_phase=None
PREMAC_07ddff6a08,ChEMBL_macrocycle_scan,CHEMBL414144,CC(C)[C@H]1NC(=O)[C@H](CCCCN)NC(=O)[C@@H](Cc2c[nH]c3ccccc23)NC[C@H](Cc2ccc(O)cc2)NC(=O)[C@@H](NC(=O)[C@@H](N)Cc2ccccc2)CSSC[C@H](C(=O)N[C@H](C(N)=O)[C@@H](C)O)NC1=O,XIQYDXFLNWTZAA-JXKHUKJCSA-N,,,,broad_macrocycle_pretrain,,,20,True,False,pretrain_train,pretraining_macrocycle; max_phase=None
PREMAC_2106282f64,ChEMBL_macrocycle_scan,CHEMBL45421,CC[C@H]1OC(=O)C[C@@H](O)[C@H](C)[C@@H](O[C@@H]2O[C@H](C)[C@@H](O)[C@H](N(C)C)[C@H]2O)[C@@H](C)C[C@@H](C)C(=O)/C=C/C(C)=C/[C@@H]1CO[C@@H]1O[C@H](C)[C@@H](O)[C@@H](OC)[C@H]1OC,QPFZVOBGKSRNES-PKASZKBUSA-N,,,,broad_macrocycle_pretrain,,,16,True,False,pretrain_train,pretraining_macrocycle; max_phase=None
PREMAC_6bcbff94bb,ChEMBL_macrocycle_scan,CHEMBL30980,CC(C)C[C@H](CN(O)C=O)C(=O)N[C@H]1Cc2cn(c3ccccc23)CCCCCCNC1=O,IZYWROOEWSDARX-IRLDBZIGSA-N,,,,broad_macrocycle_pretrain,,,13,True,False,pretrain_train,pretraining_macrocycle; max_phase=None
PREMAC_9e0f28e40c,ChEMBL_macrocycle_scan,CHEMBL293003,CNC(=O)[C@@H]1Cc2ccc(cc2)OCCCCCC[C@H](C(=O)NO)[C@@H](CC(C)C)C(=O)N1,VCJOCQOXJUMEBE-HBMCJLEFSA-N,,,,broad_macrocycle_pretrain,,,17,True,False,pretrain_train,pretraining_macrocycle; max_phase=None
PREMAC_0077b8f9e8,ChEMBL_macrocycle_scan,CHEMBL529,CC[C@H]1OC(=O)[C@H](C)[C@@H](O[C@H]2C[C@@](C)(OC)[C@@H](O)[C@H](C)O2)[C@H](C)[C@@H](O[C@@H]2O[C@H](C)C[C@H](N(C)C)[C@H]2O)[C@](C)(O)C[C@@H](C)CN(C)[C@H](C)[C@@H](O)[C@]1(C)O,MQTOSJVFKKJCRP-BICOPXKESA-N,,,,broad_macrocycle_pretrain,,,15,True,False,pretrain_train,pretraining_macrocycle; max_phase=4.0
PREMAC_c872519ec6,ChEMBL_macrocycle_scan,CHEMBL385063,CNCC(=O)N[C@@H](CCCN=C(N)N)C(=O)N[C@H]1CC(=O)NCCC[C@@H](C(=O)N[C@@H](Cc2c[nH]cn2)C(=O)N2CCC[C@H]2C(=O)N[C@H](Cc2ccccc2)C(=O)O)NC(=O)[C@H](Cc2ccc(O)cc2)NC1=O,UXJKURILZSDDDR-ZQKMHRCXSA-N,,,,broad_macrocycle_pretrain,,,13,True,False,pretrain_train,pretraining_macrocycle; max_phase=None
PREMAC_1ba8517c9f,ChEMBL_macrocycle_scan,CHEMBL412588,CC[C@H]1OC(=O)[C@H](C)[C@@H](O[C@H]2C[C@@](C)(OC)[C@@H](N)[C@H](C)O2)[C@H](C)[C@@H](O[C@@H]2O[C@H](C)C[C@H](N(C)C)[C@H]2OC(=O)OCC2c3ccccc3-c3ccccc32)[C@](C)(O)C[C@@H](C)N(CCF)C[C@H](C)[C@@H](O)[C@]1(C)O,ZCANOWWJUXNLQZ-MVKYOVFJSA-N,,,,broad_macrocycle_pretrain,,,15,True,False,pretrain_train,pretraining_macrocycle; max_phase=None
PREMAC_dc587f9287,ChEMBL_macrocycle_scan,CHEMBL27424,CCC1OC(=O)C(C)C(O[C@H]2C[C@@](C)(OC)[C@@H](O)C(C)O2)C(C)[C@@H](OC2OC(C)CC(N(C)C(C)C)[C@H]2O)[C@]2(C)CC(C)=C(O2)[C@H](C)C(=O)[C@]1(C)OC,BELMMAAWNYFCGF-VOQAQCMISA-N,,,,broad_macrocycle_pretrain,,,13,True,False,pretrain_train,pretraining_macrocycle; max_phase=None
PREMAC_ddcf96e2d7,ChEMBL_macrocycle_scan,CHEMBL276612,COc1ccc(C[C@H]2NC(=O)/C=C/C[C@@H](C(=O)/C=C/c3ccccc3)OC(=O)[C@H](CC(C)C)OC(=O)CCNC2=O)cc1,WSQJOXJJQYZKMK-CFGLNRTOSA-N,,,,broad_macrocycle_pretrain,,,16,True,False,pretrain_train,pretraining_macrocycle; max_phase=None
PREMAC_cbaf5fbbf8,ChEMBL_macrocycle_scan,CHEMBL48256,CNC(=O)[C@@H]1CCCCNC(=O)CC[C@H](C(=O)O)N[C@@H](CCc2ccc(-c3ccccc3)cc2)C(=O)N1,DOXXSEYJDIFFAY-KMDXXIMOSA-N,,,,broad_macrocycle_pretrain,,,14,True,False,pretrain_train,pretraining_macrocycle; max_phase=None
PREMAC_4a528ec87c,ChEMBL_macrocycle_scan,CHEMBL275968,O=C(O)c1ccc(/C2=C3\C=CC(=N3)/C(c3ccc(C(=O)O)cc3)=c3/cc/c([nH]3)=C(\c3ccc(C(=O)O)cc3)C3C=CC(N3)/C(c3ccc(C(=O)O)cc3)=C3/C=CC2=N3)cc1,BGEKWMZPALPEGU-QGCBMQFQSA-N,,,,broad_macrocycle_pretrain,,,16,True,False,pretrain_train,pretraining_macrocycle; max_phase=None
PREMAC_a66bc8bdd7,ChEMBL_macrocycle_scan,CHEMBL278609,C=Cc1c(C)c2cc3nc(cc4nc(cc5[nH]c(cc1[nH]2)C1(C)C5=CCC(C(=O)OC)=C1C(=O)OC)C(C)=C4CCC(=O)OC)C(CCC(=O)OC)=C3C,WEAHWYOTPJBDKA-UHFFFAOYSA-N,,,,broad_macrocycle_pretrain,,,16,True,False,pretrain_train,pretraining_macrocycle; max_phase=None
PREMAC_feaa604cf0,ChEMBL_macrocycle_scan,CHEMBL430757,C=C(CO)[C@H]1C[C@H](OC(C)=O)[C@@]23O[C@@H]2[C@@H](C[C@]2(C)O[C@H]2c2cc(C)c(o2)[C@@H]1O)OC3=O,VYEIAQHPZWBDHX-NAXQBTESSA-N,,,,broad_macrocycle_pretrain,,,13,True,False,pretrain_train,pretraining_macrocycle; max_phase=None
PREMAC_b482506bcd,ChEMBL_macrocycle_scan,CHEMBL44064,CC(=O)O[C@H]1CC/C(C)=C\CC[C@]2(C)[C@@H]([C@H](C)CCCC(C)C)CC[C@H]2c2ccc(cc2C(=O)O)C1,YISUXIPPQVNPNR-HDQBXNIYSA-N,,,,broad_macrocycle_pretrain,,,14,True,False,pretrain_val,pretraining_macrocycle; max_phase=None
PREMAC_258dcfbf5c,ChEMBL_macrocycle_scan,CHEMBL296871,CC[C@H]1OC(=O)/C(C)=C/[C@H](C)[C@@H](O[C@@H]2O[C@H](C)C[C@H](N(C)C)[C@H]2O)[C@@](C)(OC)C[C@@H](C)C(=O)[C@H](C)[C@H]2N(NCc3ccc(C(F)(F)F)cc3)C(=O)O[C@]12C,DSBMHVCSEMTJFF-JBSIADLXSA-N,,,,broad_macrocycle_pretrain,,,14,True,False,pretrain_val,pretraining_macrocycle; max_phase=None
PREMAC_e98bdb77df,ChEMBL_macrocycle_scan,CHEMBL57086,CO/C1=C\C(C)=C\[C@@H](C)C(=O)[C@@H](C)C/C(C)=C/C=C/[C@H](OC)[C@@H]([C@@H](C)[C@@H](O)[C@H](C)[C@@]2(O)C[C@@H](C(=O)Oc3ccccc3)[C@H](C)[C@@H](C(C)C)O2)OC1=O,RFXMOIFJLBWXSU-SXDGAXRHSA-N,,,,broad_macrocycle_pretrain,,,16,True,False,pretrain_val,pretraining_macrocycle; max_phase=None
PREMAC_c55805cea2,ChEMBL_macrocycle_scan,CHEMBL268280,COc1ccc(-c2c3nc(c(-c4ccccc4)c4ccc([nH]4)c(-c4ccccc4)c4nc(c(-c5ccccc5)c5ccc2[nH]5)C=C4)C=C3)cc1C[N+](C)(C)C.[I-],YNTFGVNEYZXYHI-UHFFFAOYSA-M,,,,broad_macrocycle_pretrain,,,16,True,False,pretrain_val,pretraining_macrocycle; max_phase=None
PREMAC_e5fc71daad,ChEMBL_macrocycle_scan,CHEMBL12659,CC1=C(C(O)CO)c2cc3nc(cc4[nH]c(cc5[nH]c(cc1n2)c(C)c5CCC(=O)O)c(CCC(=O)O)c4C)C(C(O)CO)=C3C,GAVJVYKTGGHFIM-UHFFFAOYSA-N,,,,broad_macrocycle_pretrain,,,16,True,False,pretrain_val,pretraining_macrocycle; max_phase=None
PREMAC_25b9076538,ChEMBL_macrocycle_scan,CHEMBL35756,CCCCCCCCCCCCN1C(=O)c2c3nc(cc4nc(cc5[nH]c(cc6[nH]c2c(c6C)C1=O)c(CC)c5C)C(C(C)OC)=C4C)[C@@H](C)[C@@H]3CCC(=O)OC,QUEVYLPNSLONGM-AXGQMMPJSA-N,,,,broad_macrocycle_pretrain,,,16,True,False,pretrain_val,pretraining_macrocycle; max_phase=None
PREMAC_56a48a60b7,ChEMBL_macrocycle_scan,CHEMBL405672,CC(C)[C@H](NC(=O)[C@H]1NC(=O)[C@H]([C@@H](C)O)NC(=O)[C@H](CCCCN)NC(=O)[C@H](Cc2c[nH]c3ccccc23)NC(=O)[C@H](Cc2ccc(O)cc2)NC(=O)[C@@H](NC(=O)[C@H]2Cc3ccccc3CN2)CSSC1(C)C)C(N)=O,AEKGFWYAAMLPJX-NHDTUFRESA-N,,,,broad_macrocycle_pretrain,,,20,True,False,pretrain_val,pretraining_macrocycle; max_phase=None
PREMAC_b5a5fe1c29,ChEMBL_macrocycle_scan,CHEMBL52610,N#Cc1ccc2cc1Oc1ccc3cccc(c3c1)NC(=O)[C@@H](Cc1ccccc1)NC(=O)Cc1cncn1C2,QGCNWBQUPNGUPL-GDLZYMKVSA-N,,,,broad_macrocycle_pretrain,,,17,True,False,pretrain_val,pretraining_macrocycle; max_phase=None
PREMAC_51e2a5d1c1,ChEMBL_macrocycle_scan,CHEMBL291913,COC(=O)[C@@H]1C[C@](O)([C@@H](C)[C@H](O)[C@H](C)[C@H]2OC(=O)/C(OC)=C/C(C)=C/[C@@H](C)C(=O)[C@@H](C)C/C(C)=C/C=C/[C@@H]2OC)O[C@H](C(C)C)[C@H]1C,JUKBNHYQDLPSNG-WJDCSICSSA-N,,,,broad_macrocycle_pretrain,,,16,True,False,pretrain_val,pretraining_macrocycle; max_phase=None
PREMAC_00fd8ae1ca,ChEMBL_macrocycle_scan,CHEMBL274445,O=C(CCCCC[C@@H]1NC(=O)[C@H]2CCCCN2C(=O)[C@H](Cc2ccccc2)NC(=O)[C@H](Cc2ccccc2)NC1=O)C1CO1,GXVXXETYXSPSOA-FTVDGDNDSA-N,,,,broad_macrocycle_pretrain,,,12,True,False,pretrain_val,pretraining_macrocycle; max_phase=None
PREMAC_8c3fb35c05,ChEMBL_macrocycle_scan,CHEMBL29325,CC[C@H]1OC(=O)[C@H](C)[C@H]2OC3(CCN(c4cc(CO)cc(Cl)n4)CC3)O[C@](C)(C[C@@H](C)CN[C@H](C)[C@@H](O)[C@]1(C)O)[C@H](O[C@@H]1O[C@H](C)CC(N(C)C)[C@H]1O)[C@H]2C,UBXFIOUNMGLFDI-ZGUZEVSBSA-N,,,,broad_macrocycle_pretrain,,,15,True,False,pretrain_val,pretraining_macrocycle; max_phase=None
PREMAC_49c59c7ba9,ChEMBL_macrocycle_scan,CHEMBL405408,C[C@@H](O)[C@H](NC(=O)[C@@H]1CSSC[C@H](NC(=O)[C@H](N)Cc2ccccc2)C(=O)N[C@@H](Cc2c[nH]cn2)C(=O)N[C@@H](Cc2cccc3ccccc23)C(=O)N[C@@H](CCCN=C(N)N)C(=O)N[C@H](Cc2c[nH]c3ccccc23)C(=O)N1)C(N)=O,AHKPRMYZYZMEDA-SCTWWAJVSA-N,,,,broad_macrocycle_pretrain,,,20,True,False,pretrain_val,pretraining_macrocycle; max_phase=None
PREMAC_8adcfd0580,ChEMBL_macrocycle_scan,CHEMBL386347,[Cl-].c1ccc(CNCCCCCN2CCCN(CCCCCNCc3ccccc3)CCN(CCCCCNCc3ccccc3)CCC[N+](CCCCCNCc3ccccc3)(CCCCCNCc3ccccc3)CCC2)cc1,SMIUILACNJCYPC-UHFFFAOYSA-M,,,,broad_macrocycle_pretrain,,,15,True,False,pretrain_val,pretraining_macrocycle; max_phase=None
PREMAC_0b92cc0aea,ChEMBL_macrocycle_scan,CHEMBL281193,S=P(N1CCOCCOCCOCCOCCOCC1)(N1CC1)N1CC1,LBJNMFFKHFJFNV-UHFFFAOYSA-N,,,,broad_macrocycle_pretrain,,,18,True,False,pretrain_val,pretraining_macrocycle; max_phase=None
PREMAC_b201524161,ChEMBL_macrocycle_scan,CHEMBL45078,CC[C@H]1OC(=O)/C(C)=C/[C@H](C)[C@@H](O[C@@H]2O[C@H](C)C[C@H](N(C)C)[C@H]2O)[C@@](C)(OC)C[C@@H](C)C(=O)[C@H](C)[C@H]2N(NCc3ccc(O)cc3)C(=O)O[C@]12C,PNVCBNLDXPTRIJ-JBSIADLXSA-N,,,,broad_macrocycle_pretrain,,,14,True,False,pretrain_val,pretraining_macrocycle; max_phase=None
PREMAC_795343bce8,ChEMBL_macrocycle_scan,CHEMBL302646,N=C(N)NCCC[C@@H]1NC(=O)[C@H](Cc2ccc(O)cc2)NC(=O)C[S+]([O-])C[C@@H](C(N)=O)NC(=O)[C@H](CC(=O)O)NC(=O)CNC1=O,RKSHZSNKMSLOIR-OBHJWUNDSA-N,,,,broad_macrocycle_pretrain,,,18,True,False,pretrain_val,pretraining_macrocycle; max_phase=None
PREMAC_c69fcf4040,ChEMBL_macrocycle_scan,CHEMBL52813,CC[C@H](C)[C@@H]1NC(=O)[C@@H](Cc2ccccc2)NC(=O)[C@@H]2CCCN2C(=O)[C@@H](Cc2ccccc2)N(C)C(=O)[C@@H]2CCCN2C(=O)[C@H]2CCCN2C1=O,HXGGOWUTOKFJEM-NSTWBPGMSA-N,,,,broad_macrocycle_pretrain,,,18,True,False,pretrain_val,pretraining_macrocycle; max_phase=None
PREMAC_1f9b3ab117,ChEMBL_macrocycle_scan,CHEMBL217307,CCOc1ccc(C[C@H]2NC(=O)CCSSC[C@@H](C(=O)N3CCC[C@@H]3C(=O)N[C@H](CCCN=C(N)N)C(=O)NCC(N)=O)NC(=O)[C@H](CC(N)=O)NC(=O)[C@@H](CCC(N)=O)NC(=O)[C@H](Cc3ccccc3)NC2=O)cc1,ZMKZQOXAFNYQLM-ZBXKLLDPSA-N,,,,broad_macrocycle_pretrain,,,20,True,False,pretrain_val,pretraining_macrocycle; max_phase=None
PREMAC_7e842e8d12,ChEMBL_macrocycle_scan,CHEMBL39593,COC(=O)[C@@H]1CSCc2c(O)cc(OC)c(C)c2C(=O)OCCCCCCC(=O)N1,ZJEIIKLPTXHKEO-HNNXBMFYSA-N,,,,broad_macrocycle_pretrain,,,16,True,False,pretrain_val,pretraining_macrocycle; max_phase=None
PREMAC_c92eaa0345,ChEMBL_macrocycle_scan,CHEMBL297230,CC[C@H]1OC(=O)/C(C)=C/[C@H](C)[C@@H](O[C@@H]2O[C@H](C)C[C@H](N(C)C)[C@H]2O)[C@@](C)(OC)C[C@@H](C)C2=NCCN3C(=O)O[C@@]1(C)[C@H]3[C@H]2C,LLZBDCBLBHKQKH-SYBIPBJRSA-N,,,,broad_macrocycle_pretrain,,,14,True,False,pretrain_val,pretraining_macrocycle; max_phase=None
PREMAC_68f8a229a8,ChEMBL_macrocycle_scan,CHEMBL386268,CC(C)CN(C(=O)N[C@@H](CCCN=C(N)N)C(=O)NCC(=O)O)C(=O)[C@@H]1CSSC[C@@H](N)C(=O)N[C@H](Cc2ccc(O)cc2)C(=O)N[C@@H](Cc2ccccc2)C(=O)N[C@H](CCC(N)=O)C(=O)N[C@@H](CC(N)=O)C(=O)N1,JZKYLPSFHDFUOH-WUCRXGINSA-N,,,,broad_macrocycle_pretrain,,,20,True,False,pretrain_val,pretraining_macrocycle; max_phase=None
PREMAC_9097e87070,ChEMBL_macrocycle_scan,CHEMBL46574,CC[C@H]1OC(=O)C[C@@H](O)[C@H](C)[C@@H](O[C@@H]2O[C@H](C)[C@@H](O)[C@H](N(C)C)[C@H]2O)[C@@H](CCBr)C[C@@H](C)C(=O)/C=C/C(C)=C/[C@@H]1CO[C@@H]1O[C@H](C)[C@@H](O)[C@@H](OC)[C@H]1OC,VJDPRHWUXBDYPL-NLGRAQRVSA-N,,,,broad_macrocycle_pretrain,,,16,True,False,pretrain_val,pretraining_macrocycle; max_phase=None
PREMAC_547ee8f675,ChEMBL_macrocycle_scan,CHEMBL269137,CCCCCCC[C@H]1OC(=O)C[C@@H](O)[C@H](Cc2ccccc2)N(C)C(=O)[C@H](C(C)C)OC(=O)[C@H]1C,NJNAHFYVTBZQHU-LFFUDGMSSA-N,,,,broad_macrocycle_pretrain,,,12,True,False,pretrain_val,pretraining_macrocycle; max_phase=None
PREMAC_2a33d35558,ChEMBL_macrocycle_scan,CHEMBL262680,CC[C@H]1OC(=O)C[C@@H](O)[C@H](C)[C@@H](O[C@@H]2O[C@H](C)[C@@H](O[C@H]3C[C@@](C)(O)[C@@H](O)[C@H](C)O3)[C@H](N(C)C)[C@H]2O)[C@@H](CCOc2ncnc3ccccc23)C[C@@H](C)C(=O)/C=C/C(C)=C/[C@@H]1CO[C@@H]1O[C@H](C)[C@@H](O)[C@@H](OC)[C@H]1OC,GDSODLBKCVTURV-RHNAIRBTSA-N,,,,broad_macrocycle_pretrain,,,16,True,False,pretrain_val,pretraining_macrocycle; max_phase=None
PREMAC_751c0924a3,ChEMBL_macrocycle_scan,CHEMBL23411,O=C1CN2CCc3cncn3Cc3ccc(Br)c(c3)Oc3ccc4cccc(c4c3)N1CC2,HCTZGNQLYBGGPK-UHFFFAOYSA-N,,,,broad_macrocycle_pretrain,,,17,True,False,pretrain_val,pretraining_macrocycle; max_phase=None
PREMAC_bcbf31948f,ChEMBL_macrocycle_scan,CHEMBL305466,CC(C)[C@@H]1NC(=O)c2cc3ccccc3cc2OCCCOc2ccc(cc2)C[C@@H]([C@H](O)CN2CC3CCCCC3C[C@H]2C(=O)NC(C)(C)C)NC1=O,ZABNQKMXHNVFGT-VOSDFCEVSA-N,,,,broad_macrocycle_pretrain,,,18,True,False,pretrain_val,pretraining_macrocycle; max_phase=None
PREMAC_32228ef878,ChEMBL_macrocycle_scan,CHEMBL310052,CC[C@H]1OC(=O)[C@H](C)[C@H]2OC3(CCN(CCc4ccc(C#N)cc4)CC3)O[C@](C)(C[C@@H](C)CN(C)[C@H](C)[C@@H](O)[C@]1(C)O)[C@H](O[C@@H]1O[C@H](C)C[C@H](N(C)C)[C@H]1O)[C@H]2C,JKTNYCALHJYJKD-JBDOFWSRSA-N,,,,broad_macrocycle_pretrain,,,15,True,False,pretrain_val,pretraining_macrocycle; max_phase=None
PREMAC_392eaba1f1,ChEMBL_macrocycle_scan,CHEMBL29043,CC[C@H]1OC(=O)[C@H](C)[C@H]2OC3(CCN(c4ccc([N+](=O)[O-])cn4)CC3)O[C@](C)(C[C@@H](C)CN(C)[C@H](C)[C@@H](O)[C@]1(C)O)[C@H](O[C@@H]1O[C@H](C)CC(N(C)C)[C@H]1O)[C@H]2C,WDEQXQLFGNVADO-DDTYJIESSA-N,,,,broad_macrocycle_pretrain,,,15,True,False,pretrain_val,pretraining_macrocycle; max_phase=None
PREMAC_c9b2ae4156,ChEMBL_macrocycle_scan,CHEMBL47304,CC[C@H]1OC(=O)/C(C)=C/[C@H](C)[C@@H](O[C@@H]2O[C@H](C)C[C@H](N(C)C)[C@H]2O)[C@@](C)(OC)C[C@@H](C)C(=O)[C@H](C)[C@H]2N(NC/C=C/c3cccc4ccccc34)C(=O)O[C@]12C,JYHODQASBYHOHX-ZGVISDNISA-N,,,,broad_macrocycle_pretrain,,,14,True,False,pretrain_val,pretraining_macrocycle; max_phase=None
PREMAC_8c47106f74,ChEMBL_macrocycle_scan,CHEMBL78930,Cc1cn(C2CC(N=[N+]=[N-])C(COC(=O)CCCCN3CCCN(C(=O)CCCC(=O)N4CCCNCCNCCCNCC4)CCNCCCNCC3)O2)c(=O)[nH]c1=O,QWSSBZCTUXKEHW-UHFFFAOYSA-N,,,,broad_macrocycle_pretrain,,,14,True,False,pretrain_val,pretraining_macrocycle; max_phase=None
PREMAC_b53c60a4a7,ChEMBL_macrocycle_scan,CHEMBL216402,CC[C@H]1OC(=O)C[C@@H](O)[C@H](C)[C@@H](O[C@@H]2O[C@H](C)[C@@H](O[C@H]3C[C@@](C)(O)[C@@H](O)[C@H](C)O3)[C@H](N(C)C)[C@H]2O)[C@@H](CCOc2cccc(N(C)C)c2)C[C@@H](C)C(=O)/C=C/C(C)=C/[C@@H]1CO[C@@H]1O[C@H](C)[C@@H](O)[C@@H](OC)[C@H]1OC,BDFHNZBIEOYALM-SHOOJRKOSA-N,,,,broad_macrocycle_pretrain,,,16,True,False,pretrain_val,pretraining_macrocycle; max_phase=None
PREMAC_6510abc665,ChEMBL_macrocycle_scan,CHEMBL283793,CCCCc1ccc2cc1Oc1ccc3cccc(c3c1)N1CCN(CCc3cncn3C2)CC1=O,VBTFFQXCBWFXEN-UHFFFAOYSA-N,,,,broad_macrocycle_pretrain,,,17,True,False,pretrain_val,pretraining_macrocycle; max_phase=None
PREMAC_c559e5ba3c,ChEMBL_macrocycle_scan,CHEMBL409019,C[C@@H](O)[C@H](NC(=O)[C@@H]1CSSC[C@@H](NC(=O)[C@H](N)Cc2ccccc2)C(=O)N[C@@H](Cc2ccccc2)C(=O)N[C@@H](Cc2c[nH]c3ccccc23)C(=O)N[C@@H](CCCCN)C(=O)N[C@@H]([C@@H](C)O)C(=O)N1C)C(N)=O,XFGSVYLLRWBKDX-JBJZNJHGSA-N,,,,broad_macrocycle_pretrain,,,20,True,False,pretrain_val,pretraining_macrocycle; max_phase=None
PREMAC_1b4049e629,ChEMBL_macrocycle_scan,CHEMBL310278,CC1=C[C@H]2O[C@@H]3C[C@H]4OC(=O)/C=C\C=C\C5OC(OC5C)C(O)/C(C)=C/C(=O)OC[C@@]2(CC1)[C@]4(C)C31CO1,MCGWYAODOJPYQT-VTMMYWSFSA-N,,,,broad_macrocycle_pretrain,,,18,True,False,pretrain_val,pretraining_macrocycle; max_phase=None
PREMAC_0b4aac39f5,ChEMBL_macrocycle_scan,CHEMBL9118,CC[C@H]1OC(=O)CC(O)[C@H](C)[C@@H](O[C@@H]2O[C@H](C)C[C@H](N(C)C)[C@H]2O)[C@@H](CCN(CC)CC)C[C@@H](C)C(=O)/C=C/[C@]2(C)O[C@H]2[C@@H]1C,GTKFJFWBDGHPGI-RPMVFPDXSA-N,,,,broad_macrocycle_pretrain,,,16,True,False,pretrain_val,pretraining_macrocycle; max_phase=None
PREMAC_e7d42a3f94,ChEMBL_macrocycle_scan,CHEMBL53069,CN1CC(=O)N(C)c2cccc3ccc(cc23)Oc2cc(ccc2C#N)Cn2cncc2C1,ICFXMOZSPFIDAS-UHFFFAOYSA-N,,,,broad_macrocycle_pretrain,,,16,True,False,pretrain_val,pretraining_macrocycle; max_phase=None
PREMAC_c32953cba8,ChEMBL_macrocycle_scan,CHEMBL408766,CC(C)C[C@@H]1NC(=O)C[S+]([O-])C[C@@H](C(=O)O)NC(=O)[C@H](CC(=O)O)NC(=O)CNC(=O)[C@H](CCCN=C(N)N)NC1=O,MAKSXVQDFNAIOP-BMZSTWQHSA-N,,,,broad_macrocycle_pretrain,,,18,True,False,pretrain_val,pretraining_macrocycle; max_phase=None
PREMAC_4a58e4915a,ChEMBL_macrocycle_scan,CHEMBL12042,C[N+](C)(C)Cc1cc(-c2c3nc(c(-c4ccccc4)c4ccc([nH]4)c(-c4ccccc4)c4nc(c(-c5ccccc5)c5ccc2[nH]5)C=C4)C=C3)ccc1O.[I-],SSQAFNKLCOKQCC-UHFFFAOYSA-N,,,,broad_macrocycle_pretrain,,,16,True,False,pretrain_val,pretraining_macrocycle; max_phase=None
PREMAC_d3f183314e,ChEMBL_macrocycle_scan,CHEMBL278889,N[C@@H](Cc1ccc(O)cc1)C(=O)N[C@@H]1CCNC(=O)CNC(=O)[C@@H]2CCCN2C(=O)[C@@H](Cc2ccc3ccccc3c2)NC1=O,AKLNDWRVJOAYFT-HFLBTKGNSA-N,,,,broad_macrocycle_pretrain,,,14,True,False,pretrain_val,pretraining_macrocycle; max_phase=None
PREMAC_f9e3dd17d0,ChEMBL_macrocycle_scan,CHEMBL298895,C[C@H]1NCc2cncn2Cc2ccc(C#N)c(c2)Oc2ccc3cccc(c3c2)NC1=O,AHPUIZQTTZGXBJ-MRXNPFEDSA-N,,,,broad_macrocycle_pretrain,,,16,True,False,pretrain_val,pretraining_macrocycle; max_phase=None
PREMAC_474eae59f4,ChEMBL_macrocycle_scan,CHEMBL44787,CC(C)CCN(C[C@@H](O)[C@@H]1Cc2ccc(cc2)OCCCCCC(=O)N[C@@H](C(C)C)C(=O)N1)S(=O)(=O)c1cccc([N+](=O)[O-])c1,GIPQGBRJIMGNJG-FLBADVGZSA-N,,,,broad_macrocycle_pretrain,,,17,True,False,pretrain_val,pretraining_macrocycle; max_phase=None
PREMAC_975a74ecfe,ChEMBL_macrocycle_scan,CHEMBL13551,COc1ccc(C[C@H]2NC(=O)/C=C/C[C@@H]([C@@](C)(O)/C=C\c3ccccc3)OC(=O)[C@H](CC(C)C)OC(=O)CCNC2=O)cc1,VPBLLSQCGFJMNJ-ZETNYVMUSA-N,,,,broad_macrocycle_pretrain,,,16,True,False,pretrain_val,pretraining_macrocycle; max_phase=None
PREMAC_b00fb64c90,ChEMBL_macrocycle_scan,CHEMBL431117,C=C1/C=C(\C)[C@H](CC)OC(=O)[C@@H](C)C(=O)[C@@](O)(CO)C/C(OC)=C/[C@@H](C)C1,WOFFENQLRMDHKE-FQRWGRJKSA-N,,,,broad_macrocycle_pretrain,,,14,True,False,pretrain_val,pretraining_macrocycle; max_phase=None
PREMAC_95a58c5f19,ChEMBL_macrocycle_scan,CHEMBL295915,CC[C@H]1OC(=O)/C(C)=C/[C@H](C)[C@@H](O[C@@H]2O[C@H](C)C[C@H](N(C)C)[C@H]2O)[C@@](C)(OC)C[C@@H](C)C(=O)[C@H](C)[C@H]2N(NCCCc3ccccc3)C(=O)O[C@]12C,SEISEOOGQAWOTN-CFHZJCBUSA-N,,,,broad_macrocycle_pretrain,,,14,True,False,pretrain_val,pretraining_macrocycle; max_phase=None
PREMAC_29764ff749,ChEMBL_macrocycle_scan,CHEMBL76086,C[C@@H](c1ccc(O)cc1)[C@H](N)C(=O)N[C@H]1C(=O)NCC(=O)N[C@@H](Cc2ccccc2)C(=O)N[C@@H](C(=O)O)C(C)(C)SSC1(C)C,ABAHQIMHTWGRPU-FNKBIRPFSA-N,,,,broad_macrocycle_pretrain,,,14,True,False,pretrain_val,pretraining_macrocycle; max_phase=None
PREMAC_6f2b5f6a0a,ChEMBL_macrocycle_scan,CHEMBL27661,CC[C@H]1OC(=O)CC(O)[C@H](C)[C@@H](O[C@@H]2O[C@H](C)C[C@H](N(C)C)[C@H]2O)[C@@H](CCN(C)CCCN(C)C(=O)[C@H](C)N)C[C@@H](C)C(=O)/C=C/C(C)=C/[C@@H]1C,BVNPZYWRHMOCRH-UDNLUMFNSA-N,,,,broad_macrocycle_pretrain,,,16,True,False,pretrain_val,pretraining_macrocycle; max_phase=None
PREMAC_9690e516b7,ChEMBL_macrocycle_scan,CHEMBL311561,N#Cc1ccc2cc1Oc1ccc(Br)c(c1)CN1CCC(NCc3cncn3C2)C1=O,OUQYWOOMZNKZCC-UHFFFAOYSA-N,,,,broad_macrocycle_pretrain,,,16,True,False,pretrain_val,pretraining_macrocycle; max_phase=None
PREMAC_325d88b698,ChEMBL_macrocycle_scan,CHEMBL384731,CCCC[C@H](NC(=O)[C@H](Cc1c[nH]c2ccccc12)NC(=O)[C@@H]1CCCCNC(=O)CC[C@H](NC(=O)OC(C)(C)C)C(=O)N[C@H](Cc2ccc(O)cc2)C(=O)N[C@@H](CCCC)C(=O)N1)C(=O)N[C@@H](CC(=O)O)C(=O)N[C@@H](Cc1ccccc1)C(N)=O,RJGYFDISIBJKFO-FHYJZJLOSA-N,,,,broad_macrocycle_pretrain,,,18,True,False,pretrain_val,pretraining_macrocycle; max_phase=None
PREMAC_0df0d72489,ChEMBL_macrocycle_scan,CHEMBL44653,CC[C@H]1OC(=O)/C(C)=C/[C@H](C)[C@@H](O[C@@H]2O[C@H](C)C[C@H](N(C)C)[C@H]2O)[C@@](C)(OC)C[C@@H](C)C(=O)[C@H](C)[C@H]2N(CCc3ccc(Oc4ccccc4)cc3)C(=O)O[C@]12C,QVPHGZCNBZLRBB-JWGXSRRVSA-N,,,,broad_macrocycle_pretrain,,,14,True,False,pretrain_val,pretraining_macrocycle; max_phase=None
PREMAC_db1ebac81c,ChEMBL_macrocycle_scan,CHEMBL310000,CC[C@H]1OC(=O)[C@H](C)[C@H]2OC3(CCN(C(=O)c4occc4C)CC3)O[C@](C)(C[C@@H](C)CN[C@H](C)[C@@H](O)[C@]1(C)O)[C@H](O[C@@H]1O[C@H](C)C[C@H](N(C)C)[C@H]1O)[C@H]2C,QGHQVCKFFQNPIL-KVSIYDSJSA-N,,,,broad_macrocycle_pretrain,,,15,True,False,pretrain_val,pretraining_macrocycle; max_phase=None
PREMAC_fc2c2d26ed,ChEMBL_macrocycle_scan,CHEMBL428151,CCC(C)[C@H]1O[C@]2(C=C[C@@H]1C)C[C@@H]1C[C@@H](C/C=C(\C)[C@@H](O[C@H]3C[C@H](OC)[C@@H](O[C@H]4C[C@H](OC)[C@H](NCCO)[C@H](C)O4)[C@H](C)O3)[C@@H](C)/C=C/C=C3\CO[C@@H]4[C@H](O)C(C)=C[C@@H](C(=O)O1)[C@]34O)O2,VILLOZQAZCWYLJ-BECNMJPWSA-N,,,,broad_macrocycle_pretrain,,,16,True,False,pretrain_val,pretraining_macrocycle; max_phase=None
PREMAC_d7045162e2,ChEMBL_macrocycle_scan,CHEMBL281926,CCC/C=C/C=C/C(=O)O[C@H]1/C(=C/C(=O)OC)C[C@H]2CC([C@@H](C)O)OC(=O)C[C@H](O)C[C@@H]3C[C@H](OC(C)=O)C(C)(C)[C@](O)(C[C@@H]4C/C(=C/C(=O)OC)C[C@H](/C=C/C(C)(C)[C@]1(O)O2)O4)O3,MJQUEDHRCUIRLF-YCVQJEHTSA-N,,,,broad_macrocycle_pretrain,,,20,True,False,pretrain_val,pretraining_macrocycle; max_phase=None
PREMAC_8bafdaa010,ChEMBL_macrocycle_scan,CHEMBL32108,C=C1/C=C(\C)[C@H](CC)OC(=O)[C@H](C)C(=O)[C@@](O)(CO)[C@H](OC)/C=C/[C@@H](C)C1,QPAKKFXBRDOIDW-RQYQLKMESA-N,,,,broad_macrocycle_pretrain,,,14,True,False,pretrain_val,pretraining_macrocycle; max_phase=None
PREMAC_c91e709b64,ChEMBL_macrocycle_scan,CHEMBL274724,NCCC[C@H](N)CC(=O)NC1CNC(=O)[C@@H](C2CC(c3ccc(O)c(O)c3)N=C(N)N2)NC(=O)/C(=C/NC(N)=O)NC(=O)[C@@H](CO)NC(=O)[C@@H](CO)NC1=O,QNUKEOKSBHHJCB-KKXYLSEPSA-N,,,,broad_macrocycle_pretrain,,,16,True,False,pretrain_val,pretraining_macrocycle; max_phase=None
PREMAC_2a5b8b9ae4,ChEMBL_macrocycle_scan,CHEMBL431911,CNc1nc(-c2cc(O[C@@H]3C[C@H]4C(=O)N[C@]5(C(=O)O)C[C@H]5/C=C\CCCCC[C@H](NC(=O)OC(C)(C)C)C(=O)N4C3)c3ccc(OC)cc3n2)cs1,CFRABRGPUDAWRN-LVUNWXLKSA-N,,,,broad_macrocycle_pretrain,,,15,True,False,pretrain_val,pretraining_macrocycle; max_phase=None
PREMAC_f00ec28b4f,ChEMBL_macrocycle_scan,CHEMBL296632,CC[C@H]1OC(=O)C[C@@H](O)[C@H](C)[C@@H](O[C@@H]2O[C@H](C)[C@@H](O[C@H]3C[C@@](C)(O)[C@@H](O)[C@H](C)O3)[C@H](N(C)C)[C@H]2O)[C@@H](CC=O)C[C@@H](C)C(=O)/C=C/C(C)=C/[C@@H]1C,BXCAOHIJTXVWHN-FYXRSSPKSA-N,,,,broad_macrocycle_pretrain,,,16,True,False,pretrain_val,pretraining_macrocycle; max_phase=None
PREMAC_721f82cb58,ChEMBL_macrocycle_scan,CHEMBL275772,O=C(O)c1ccc(/C2=C3\C=CC(=N3)/C(c3ccccc3)=c3/cc/c([nH]3)=C(\c3ccc(C(=O)O)cc3)C3C=CC(N3)/C(c3ccc(C(=O)O)cc3)=C3/C=CC2=N3)cc1,VJPIXWVBSBULQG-NDRUMMBDSA-N,,,,broad_macrocycle_pretrain,,,16,True,False,pretrain_val,pretraining_macrocycle; max_phase=None
PREMAC_b7accb5114,ChEMBL_macrocycle_scan,CHEMBL15100,N[C@@H](Cc1ccc(O)cc1)C(=O)N[C@H]1CCCNC(=O)CNC(=O)[C@H]2CCCN2C(=O)[C@H](Cc2ccccc2)NC1=O,UYMRSRTZOVHZOJ-OJJQZRKESA-N,,,,broad_macrocycle_pretrain,,,15,True,False,pretrain_val,pretraining_macrocycle; max_phase=None
PREMAC_13fb6758ee,ChEMBL_macrocycle_scan,CHEMBL60947,N=C(N)NCCC[C@@H]1NC(=O)[C@@H](Cc2ccc(O)cc2)NC(=O)CSC[C@@H](C(=O)O)NC(=O)[C@H](CC(=O)O)NC(=O)CNC1=O,VNNMTZFLPCRBMP-MHORFTMASA-N,,,,broad_macrocycle_pretrain,,,18,True,False,pretrain_val,pretraining_macrocycle; max_phase=None
PREMAC_077772fd51,ChEMBL_macrocycle_scan,CHEMBL433634,N=C(N)NCCC[C@@H]1NC(=O)[C@H](Cc2ccc(O)cc2)NC(=O)CSC[C@@H](C(=O)O)NC(=O)[C@H](CC(=O)O)NC(=O)CNC1=O,VNNMTZFLPCRBMP-XSLAGTTESA-N,,,,broad_macrocycle_pretrain,,,18,True,False,pretrain_val,pretraining_macrocycle; max_phase=None
PREMAC_c0b68edca8,ChEMBL_macrocycle_scan,CHEMBL303534,CC(C)/C=C/C=C/C=C/[C@H]1OC(=O)C[C@@H]2O[C@H](CC(=O)[C@@]3(O)O[C@H](C[C@H]3C)C1(C)C)C[C@H](O)[C@H]2C,FDQWXDJYVLMKEL-DRUANWSHSA-N,,,,broad_macrocycle_pretrain,,,13,True,False,pretrain_val,pretraining_macrocycle; max_phase=None
PREMAC_7dff9fd0ed,ChEMBL_macrocycle_scan,CHEMBL276179,CCC1=C(C)c2cc3[nH]c(cc4[nH]c(cc5nc(cc1n2)C(C)=C5CC)c(C)c4CCC(=O)O)c(CCC(=O)O)c3C,HJGJNBYHCNWHIU-UHFFFAOYSA-N,,,,broad_macrocycle_pretrain,,,16,True,False,pretrain_val,pretraining_macrocycle; max_phase=None
PREMAC_2f67d556f4,ChEMBL_macrocycle_scan,CHEMBL295782,CC[C@H]1OC(=O)/C(C)=C/[C@H](C)[C@@H](O[C@@H]2O[C@H](C)C[C@H](N(C)C)[C@H]2O)[C@@](C)(OC)C[C@@H](C)C(=O)[C@H](C)[C@H]2N(NCc3ccccc3)C(=O)O[C@]12C,CPZDQSZAEYIZNC-UCOZVZGJSA-N,,,,broad_macrocycle_pretrain,,,14,True,False,pretrain_val,pretraining_macrocycle; max_phase=None
PREMAC_264d709922,ChEMBL_macrocycle_scan,CHEMBL290042,CC[C@H]1OC(=O)C[C@@H](O)[C@H](C)[C@@H](O[C@@H]2O[C@H](C)[C@@H](O)[C@H](N(C)C)[C@H]2O)[C@@H](CCN2CCCCCCC2)C[C@@H](C)C(=O)/C=C/C(C)=C/[C@@H]1CO,VOZDYIJAEDHHHH-FSBGNYCISA-N,,,,broad_macrocycle_pretrain,,,16,True,False,pretrain_val,pretraining_macrocycle; max_phase=None
PREMAC_3978deb501,ChEMBL_macrocycle_scan,CHEMBL443519,CC(C)(C)N(CC(O)C1Cc2ccc(cc2)OCCCC(=O)NC(CC(N)=O)C(=O)N1)C(=O)C1CCCCN1,MUQGEOQOYLOCJI-UHFFFAOYSA-N,,,,broad_macrocycle_pretrain,,,15,True,False,pretrain_val,pretraining_macrocycle; max_phase=None
PREMAC_ecf30fa24f,ChEMBL_macrocycle_scan,CHEMBL42623,O=C1CNC(=O)[C@H](Cc2ccccc2)NC(=O)CNC(=O)[C@H](Cc2ccc(O)cc2)N1,NWNWAGFSTXMKMW-ROUUACIJSA-N,,,,broad_macrocycle_pretrain,,,12,True,False,pretrain_val,pretraining_macrocycle; max_phase=None
PREMAC_01a3760b1a,ChEMBL_macrocycle_scan,CHEMBL288836,CC(C)CCN(C[C@@H](O)[C@@H]1Cc2ccc(cc2)OCCCCC(=O)N[C@@H](C(C)C)C(=O)N1)S(=O)(=O)c1ccccc1,FMROKUKFSAXFKK-LXQNXJGFSA-N,,,,broad_macrocycle_pretrain,,,16,True,False,pretrain_val,pretraining_macrocycle; max_phase=None
PREMAC_f2b9d56f16,ChEMBL_macrocycle_scan,CHEMBL416679,NC(=O)C[C@H]1NC(=O)CSC[C@@H](C(=O)O)NC(=O)[C@H](CC(=O)O)NC(=O)CNC(=O)[C@H](CCCN=C(N)N)NC1=O,LQQZROUEVYSTCD-USZNOCQGSA-N,,,,broad_macrocycle_pretrain,,,18,True,False,pretrain_val,pretraining_macrocycle; max_phase=None
PREMAC_11e4db29f8,ChEMBL_macrocycle_scan,CHEMBL262407,CCC(C)[C@H]1O[C@]2(C=C[C@@H]1C)C[C@@H]1C[C@@H](C/C=C(\C)[C@@H](O[C@H]3C[C@H](OC)[C@@H](O[C@H]4C[C@@H](OC)[C@@H](NC(C)=O)[C@H](C)O4)[C@H](C)O3)[C@@H](C)/C=C/C=C3\CO[C@@H]4[C@H](O)C(C)=C[C@@H](C(=O)O1)[C@]34O)O2,ZKWQQXZUCOBISE-YOWRTNHMSA-N,,,,broad_macrocycle_pretrain,,,16,True,False,pretrain_val,pretraining_macrocycle; max_phase=None
PREMAC_465b0d36a3,ChEMBL_macrocycle_scan,CHEMBL275828,NCCC[C@H](N)CC(=O)NC[C@@H]1NC(=O)[C@H](CO)NC(=O)C(N)CNC(=O)[C@H](C2CCN=C(N)N2)NC(=O)/C(=C/NC(=O)Nc2ccc(C3CCCCC3)cc2)NC1=O,KEXZNDOROCQDEZ-XVUDXMJSSA-N,,,,broad_macrocycle_pretrain,,,16,True,False,pretrain_val,pretraining_macrocycle; max_phase=None
PREMAC_53e31be7ce,ChEMBL_macrocycle_scan,CHEMBL276419,[Cl-].c1ccc(CNCCCCCN2CCCN(CCCCCNCc3ccccc3)CC[N+](CCCCCNCc3ccccc3)(CCCCCNCc3ccccc3)CCCN(CCCCCNCc3ccccc3)CC2)cc1,PHKBSGMZIXRDDT-UHFFFAOYSA-M,,,,broad_macrocycle_pretrain,,,14,True,False,pretrain_val,pretraining_macrocycle; max_phase=None
PREMAC_7a2eac0170,ChEMBL_macrocycle_scan,CHEMBL295744,CC[C@H]1OC(=O)C[C@@H](O)[C@H](C)[C@@H](O[C@@H]2O[C@H](C)[C@@H](O[C@H]3C[C@@](C)(O)[C@@H](O)[C@H](C)O3)[C@H](N(C)C)[C@H]2O)[C@@H](CCO)C[C@@H](C)C(=O)/C=C/C(C)=C/[C@@H]1CO,HAOLCARBNYLYAL-LXKXJHEOSA-N,,,,broad_macrocycle_pretrain,,,16,True,False,pretrain_val,pretraining_macrocycle; max_phase=None
PREMAC_a085b5aa3c,ChEMBL_macrocycle_scan,CHEMBL81210,CC[C@H]1OC(=O)[C@H](C)[C@H]2OC3(CCN(Cc4ccccn4)CC3)O[C@](C)(C[C@@H](C)CN(C)[C@H](C)[C@@H](O)[C@]1(C)O)[C@H](O[C@@H]1O[C@H](C)C[C@H](N(C)C)[C@H]1O)[C@H]2C,PIHUJEDEFLYGGP-OVKFHSAPSA-N,,,,broad_macrocycle_pretrain,,,15,True,False,pretrain_val,pretraining_macrocycle; max_phase=None
PREMAC_f33ede6862,ChEMBL_macrocycle_scan,CHEMBL32333,CC(=O)O[C@@H]1C[C@@H]2[C@H](/C=C\CCC[C@H](C)OC(=O)/C=C/[C@H]2OC(C)=O)C1,ILLPGJFSCLASDH-AXVQZLFFSA-N,,,,broad_macrocycle_pretrain,,,13,True,False,pretrain_val,pretraining_macrocycle; max_phase=None
PREMAC_131720a5b6,ChEMBL_macrocycle_scan,CHEMBL298020,CC[C@H]1OC(=O)/C(C)=C/[C@H](C)[C@@H](O[C@@H]2O[C@H](C)C[C@H](N(C)C)[C@H]2O)[C@@](C)(OC)C[C@@H](C)C(=O)[C@H](C)[C@H]2N(NCc3cccc(O)c3)C(=O)O[C@]12C,DREXHKBAINLFDA-TYQAEWFASA-N,,,,broad_macrocycle_pretrain,,,14,True,False,pretrain_val,pretraining_macrocycle; max_phase=None
PREMAC_3c9d861cff,ChEMBL_macrocycle_scan,CHEMBL55299,CCO[C@@H]1C[C@](O)([C@@H](C)[C@H](O)[C@H](C)[C@H]2OC(=O)/C(OC)=C/C(C)=C/[C@@H](C)[C@@H](O)[C@@H](C)C/C(C)=C/C=C/[C@@H]2OC)O[C@H](C(C)C)[C@H]1C,OYICHKYGIJJDEY-XQVGVZLYSA-N,,,,broad_macrocycle_pretrain,,,16,True,False,pretrain_val,pretraining_macrocycle; max_phase=None
PREMAC_405b189e7b,ChEMBL_macrocycle_scan,CHEMBL294659,CSCC[C@@H]1NC(=O)[C@H]2CCCN2C(=O)[C@H](C(C)C)NC(=O)[C@@H](Cc2ccc(OP(=O)(O)O)cc2)NC(=O)CNC(=O)[C@@H](CC(C)C)NC1=O,SFWYJJJJFSNJTO-DWVJAJOPSA-N,,,,broad_macrocycle_pretrain,,,18,True,False,pretrain_val,pretraining_macrocycle; max_phase=None
PREMAC_4a7a46ec8f,ChEMBL_macrocycle_scan,CHEMBL280252,Oc1cccnc1C1CCNCCNCCCNCCN1,BRUJGZBLCHTIRF-UHFFFAOYSA-N,,,,broad_macrocycle_pretrain,,,14,True,False,pretrain_val,pretraining_macrocycle; max_phase=None
PREMAC_5f318600e3,ChEMBL_macrocycle_scan,CHEMBL404818,NC(=O)CC[C@H]1NC(=O)[C@H](Cc2ccccc2)NC(=O)[C@@H](Cc2ccc(O)cc2)NC(=O)CC2(CCCCC2)SSC[C@@H](C(=O)N2CCC[C@@H]2C(=O)N[C@@H](CCCN=C(N)N)C(=O)NCC(=O)O)NC(=O)[C@H](CC(N)=O)NC1=O,PCUMBFSDEDTGLY-NYMOHXIGSA-N,,,,broad_macrocycle_pretrain,,,20,True,False,pretrain_val,pretraining_macrocycle; max_phase=None
PREMAC_287ec36ed1,ChEMBL_macrocycle_scan,CHEMBL282353,CC[C@H]1OC(=O)[C@H](C)[C@H]2OC3(CCN(c4ccc(C(F)(F)F)cn4)CC3)O[C@](C)(C[C@@H](C)CN[C@H](C)[C@@H](O)[C@]1(C)O)[C@H](O[C@@H]1O[C@H](C)CC(N(C)C)[C@H]1O)[C@H]2C,TVVBQYBFKVPTOF-KFJUZQFMSA-N,,,,broad_macrocycle_pretrain,,,15,True,False,pretrain_val,pretraining_macrocycle; max_phase=None
PREMAC_b2b9c1b379,ChEMBL_macrocycle_scan,CHEMBL295453,CC[C@H]1OC(=O)/C(C)=C/[C@H](C)[C@@H](O[C@@H]2O[C@H](C)C[C@H](N(C)C)[C@H]2O)[C@@](C)(OC)C[C@@H](C)C(=O)[C@H](C)[C@H]2N(NCc3ccc(O)c(O)c3)C(=O)O[C@]12C,WPLWYKLZORRJKZ-SYRWFQOFSA-N,,,,broad_macrocycle_pretrain,,,14,True,False,pretrain_val,pretraining_macrocycle; max_phase=None
PREMAC_5d6fed1ee7,ChEMBL_macrocycle_scan,CHEMBL64170,Cc1ccc(-c2c3nc(c(-c4ccc(C[N+](C)(C)C)cc4)c4ccc([nH]4)c(-c4ccc(C)cc4)c4ccc([nH]4)c(-c4ccc(C[N+](C)(C)C)cc4)c4nc2C=C4)C=C3)cc1.[Cl-].[Cl-],LOSJCAJJGFTZNC-UHFFFAOYSA-L,,,,broad_macrocycle_pretrain,,,16,True,False,pretrain_val,pretraining_macrocycle; max_phase=None
PREMAC_aca45e2b28,ChEMBL_macrocycle_scan,CHEMBL261947,C[C@H](C(=O)N[C@@H](CCCN=C(N)N)C(=O)NCC(=O)O)N(C)C(=O)[C@@H]1CSSC[C@@H](N)C(=O)N[C@H](Cc2ccc(O)cc2)C(=O)N[C@@H](Cc2ccccc2)C(=O)N[C@H](CCC(N)=O)C(=O)N[C@@H](CC(N)=O)C(=O)N1,CRWNGTDSSXTXRZ-RXAOFSKDSA-N,,,,broad_macrocycle_pretrain,,,20,True,False,pretrain_val,pretraining_macrocycle; max_phase=None
PREMAC_30ca49f192,ChEMBL_macrocycle_scan,CHEMBL33855,CCC1=C(CC)c2cc3[nH]c(cc4[nH]c(c(C)c4CC)c4[nH]c(cc5nc(cc1n2)C(CCC(=O)NCCOCCOCCN)=C5C)c(CC)c4C)c(C)c3CCC(=O)NCCOCCOCCN,CQQLLMRAYYCDRO-UHFFFAOYSA-N,,,,broad_macrocycle_pretrain,,,19,True,False,pretrain_val,pretraining_macrocycle; max_phase=None
PREMAC_d4c6ed4069,ChEMBL_macrocycle_scan,CHEMBL412045,NC(N)=NCCC[C@H](NC(=O)[C@@H](N)CC(=O)O)C(=O)N[C@H]1CS/C=C\CC[C@@H](C(=O)N[C@@H](Cc2c[nH]cn2)C(=O)N2CCC[C@H]2C(=O)N[C@@H](Cc2ccccc2)C(=O)O)NC(=O)[C@H](Cc2ccc(O)cc2)NC1=O,PHFYNENDJGGXOG-PTAFLYCDSA-N,,,,broad_macrocycle_pretrain,,,13,True,False,pretrain_val,pretraining_macrocycle; max_phase=None
PREMAC_5dce3f0c26,ChEMBL_macrocycle_scan,CHEMBL302958,CC(=O)N[C@@H](Cc1c[nH]c2ccccc12)C(=O)N[C@H](C(=O)N[C@@H](Cc1ccccc1)[C@@H](O)C(=O)N[C@H]1Cc2ccc(cc2)OCCCNC(=O)[C@H](C(C)C)NC1=O)C(C)C,NEFLBYBCIDVAIQ-BYAJYZPISA-N,,,,broad_macrocycle_pretrain,,,15,True,False,pretrain_val,pretraining_macrocycle; max_phase=None
PREMAC_7c943381da,ChEMBL_macrocycle_scan,CHEMBL41679,CC[C@H]1OC(=O)[C@H](C)[C@@H](O[C@H]2C[C@@](C)(OC)[C@@H](O)[C@H](C)O2)[C@H](C)[C@@H](O[C@@H]2O[C@H](C)C[C@H](N(C)C)[C@H]2O)[C@](C)(O)C[C@@H](C)[C@H](n2cccc2)[C@H](C)[C@@H](O)[C@]1(C)O,YILYMIPTRHJLQO-PHNQTDPPSA-N,,,,broad_macrocycle_pretrain,,,14,True,False,pretrain_val,pretraining_macrocycle; max_phase=None
PREMAC_166a41cf94,ChEMBL_macrocycle_scan,CHEMBL413214,CC(O)C1/C=C/C=C\C(=O)O[C@@H]2C[C@H]3O[C@@H]4C[C@@H](C)[C@H](O)C[C@]4(COC(=O)C(O)C(C)CCO1)[C@]2(C)C31CO1,QAAJJBFHCDNTNX-FXRCTQNUSA-N,,,,broad_macrocycle_pretrain,,,18,True,False,pretrain_val,pretraining_macrocycle; max_phase=None
PREMAC_b91ad9464d,ChEMBL_macrocycle_scan,CHEMBL273931,CC[C@H]1OC(=O)[C@H](C)[C@@H](O[C@H]2C[C@@](C)(OC)[C@@H](O)[C@H](C)O2)[C@H](C)[C@@H](O[C@@H]2O[C@H](C)C[C@H](N(C)C)[C@H]2O)[C@](C)(O)C[C@@H](C)N(C)C[C@H](C)[C@@H](O)[C@]1(C)O,CVVWWIGGJJALDG-CFLXSVEWSA-N,,,,broad_macrocycle_pretrain,,,15,True,False,pretrain_val,pretraining_macrocycle; max_phase=None
PREMAC_a310584db3,ChEMBL_macrocycle_scan,CHEMBL384164,C[C@@H](O)[C@H](NC(=O)[C@@H]1CSSC[C@@H](NC(=O)[C@H](N)Cc2ccccc2)C(=O)N(C)[C@@H](Cc2ccccc2)C(=O)N[C@@H](Cc2c[nH]c3ccccc23)C(=O)N[C@@H](CCCCN)C(=O)N[C@@H]([C@@H](C)O)C(=O)N1)C(N)=O,LQIBGFAXEBHGIC-JBJZNJHGSA-N,,,,broad_macrocycle_pretrain,,,20,True,False,pretrain_val,pretraining_macrocycle; max_phase=None
PREMAC_db1225f6c6,ChEMBL_macrocycle_scan,CHEMBL273179,NC(=O)c1ccc(/C2=C3\C=CC(=N3)/C(c3ccc(C(N)=O)cc3)=c3/cc/c([nH]3)=C(\c3ccc(C(N)=O)cc3)C3C=CC(N3)/C(c3ccc(C(N)=O)cc3)=C3/C=CC2=N3)cc1,NBAZJNRTRRQZGL-QGCBMQFQSA-N,,,,broad_macrocycle_pretrain,,,16,True,False,pretrain_val,pretraining_macrocycle; max_phase=None
PREMAC_657df1a6ae,ChEMBL_macrocycle_scan,CHEMBL60299,CC[C@H]1OC(=O)[C@H](C)[C@@H](O[C@H]2C[C@@](C)(OC)[C@@H](O)[C@H](C)O2)[C@H](C)[C@@H](O[C@@H]2O[C@H](C)C[C@H](N(C)C)[C@H]2O)[C@](C)(O)C[C@@H](C)N(C)C[C@H](C)C[C@]1(C)O,HDNJEQOZYCMWBM-NUSFUANCSA-N,,,,broad_macrocycle_pretrain,,,15,True,False,pretrain_val,pretraining_macrocycle; max_phase=None
PREMAC_8c2bf620fb,ChEMBL_macrocycle_scan,CHEMBL266829,C[C@@H](O)[C@H](NC(=O)[C@H]1NC(=O)[C@H]([C@@H](C)O)NC(=O)[C@H](CCCCN)NC(=O)[C@H](CCCN)NC(=O)[C@H](Cc2ccc(O)cc2)NC(=O)[C@@H](NC(=O)[C@@H](N)Cc2ccccc2)CSSC1(C)C)C(N)=O,SXUHCJSDGDDHGY-RSDYCKIXSA-N,,,,broad_macrocycle_pretrain,,,20,True,False,pretrain_val,pretraining_macrocycle; max_phase=None
PREMAC_fbf32c7e1b,ChEMBL_macrocycle_scan,CHEMBL13549,COc1ccc(C[C@H]2NC(=O)/C=C/C[C@@H](C(Br)C#Cc3ccccc3)OC(=O)[C@H](CC(C)C)OC(=O)[C@@H](C)CNC2=O)cc1,QTOQRNZNIQTUTN-HMSGIMDHSA-N,,,,broad_macrocycle_pretrain,,,16,True,False,pretrain_val,pretraining_macrocycle; max_phase=None
PREMAC_5ece4a3e57,ChEMBL_macrocycle_scan,CHEMBL266364,CC[C@H]1OC(=O)CC(O)[C@H](C)[C@@H](O[C@@H]2O[C@H](C)C[C@H](N(C)C)[C@H]2O)[C@@H](CCN2CC(C)CC(C)C2)C[C@@H](C)C(=O)/C=C/[C@]2(C)O[C@H]2[C@@H]1C,QTGPMHAKDFKPSE-CZAMDFNMSA-N,,,,broad_macrocycle_pretrain,,,16,True,False,pretrain_val,pretraining_macrocycle; max_phase=None
PREMAC_d1cf0b011b,ChEMBL_macrocycle_scan,CHEMBL310991,CC[C@H]1OC(=O)[C@H](C)[C@H]2OC3(CCN(C(=O)c4ccc[nH]4)CC3)O[C@](C)(C[C@@H](C)CN[C@H](C)[C@@H](O)[C@]1(C)O)[C@H](O[C@@H]1O[C@H](C)C[C@H](N(C)C)[C@H]1O)[C@H]2C,IETCNTNANDJBTD-TUJWLOJGSA-N,,,,broad_macrocycle_pretrain,,,15,True,False,pretrain_val,pretraining_macrocycle; max_phase=None
PREMAC_9e19e2ba12,ChEMBL_macrocycle_scan,CHEMBL55304,C=C(CCC(C)C)COC(=O)[C@H](O)C/C=C\C[C@@H]1O[C@@H]2/C=C/C/C=C/C(C)=C\[C@H]3O[C@@H](C/C=C/C=C/C(=O)O[C@H](C2)[C@@]1(C)CCO)C[C@H](O)[C@H]3C,CBRYMYMCXGAXBE-GPBKTCRHSA-N,,,,broad_macrocycle_pretrain,,,20,True,False,pretrain_val,pretraining_macrocycle; max_phase=None
PREMAC_a1d62e2185,ChEMBL_macrocycle_scan,CHEMBL411017,C[C@@H](O)[C@H](NC(=O)[C@@H]1CSSC[C@@H](NC(=O)[C@H](N)Cc2ccc(O)cc2)C(=O)N[C@@H](Cc2ccccc2)C(=O)N[C@@H](Cc2c[nH]c3ccccc23)C(=O)N(C)[C@@H](CCCCN)C(=O)N[C@@H]([C@@H](C)O)C(=O)N1)C(N)=O,YYARFNQRUXJMEB-ICTGKNHMSA-N,,,,broad_macrocycle_pretrain,,,20,True,False,pretrain_val,pretraining_macrocycle; max_phase=None
PREMAC_629a1305a8,ChEMBL_macrocycle_scan,CHEMBL301708,CC[C@@H](C)[C@H]1NC(=O)[C@@H](Cc2c[nH]c3ccccc23)NC(=O)[C@@H]2CCCN2C(=O)[C@@H](Cc2ccccc2)N(C)C(=O)N2CCN(CC2)C(=O)[C@H]2CCCCN2C1=O,FFIPKNOYSOECEH-HRHQHYIOSA-N,,,,broad_macrocycle_pretrain,,,20,True,False,pretrain_val,pretraining_macrocycle; max_phase=None
PREMAC_c6c074a72e,ChEMBL_macrocycle_scan,CHEMBL264450,CNCC(=O)N[C@@H](CCCN=C(N)N)C(=O)N[C@@H]1CCSSCC[C@H](C(=O)N[C@@H](Cc2c[nH]cn2)C(=O)N2CCC[C@@H]2C(=O)N[C@@H](Cc2ccccc2)C(=O)O)NC(=O)[C@@H](Cc2ccc(O)cc2)NC1=O,VUJKZLLQFJUYIG-VZQVFHNMSA-N,,,,broad_macrocycle_pretrain,,,13,True,False,pretrain_val,pretraining_macrocycle; max_phase=None
PREMAC_de949c9143,ChEMBL_macrocycle_scan,CHEMBL266372,CC[C@H]1OC(=O)CC(O)[C@H](C)[C@@H](O[C@@H]2O[C@H](C)[C@@H](O)[C@H](N(C)C)[C@H]2O)[C@@H](CCN(C)CCN(C)C)C[C@@H](C)C(=O)/C=C/C(C)=C/[C@@H]1CO[C@@H]1O[C@H](C)[C@@H](O)[C@@H](OC)[C@H]1OC,JGWXDFMLTACUIZ-RJEOQGNGSA-N,,,,broad_macrocycle_pretrain,,,16,True,False,pretrain_val,pretraining_macrocycle; max_phase=None
PREMAC_569d171a1d,ChEMBL_macrocycle_scan,CHEMBL40490,COc1ccc2c(O[C@@H]3C[C@H]4C(=O)N[C@]5(C(=O)O)C[C@H]5/C=C\CCCCC[C@H](NC(=O)OC5CCC5)C(=O)N4C3)cc(-c3csc(NC(C)=O)n3)nc2c1,NHCPNFMMEDSKIV-JOEZFTFMSA-N,,,,broad_macrocycle_pretrain,,,15,True,False,pretrain_val,pretraining_macrocycle; max_phase=None
PREMAC_a62bd327c1,ChEMBL_macrocycle_scan,CHEMBL273702,COc1ccc(C[C@H]2NC(=O)/C=C/C[C@@H](C/C=C/c3ccccc3)OC(=O)[C@H](CC(C)C)OC(=O)[C@H](C)CNC2=O)cc1,KQDRQXAPEQPMNH-YIXOJNHPSA-N,,,,broad_macrocycle_pretrain,,,16,True,False,pretrain_val,pretraining_macrocycle; max_phase=None
PREMAC_61b0d9c364,ChEMBL_macrocycle_scan,CHEMBL418757,C[C@@H](O)[C@H]1NC(=O)[C@H](Cc2ccc(F)cc2)NC(=O)[C@@H](Cc2c[nH]c3ccccc23)NC(=O)[C@H](Cc2ccc3ccccc3c2)NC(=O)[C@@H]2CCCN2C(=O)[C@H](Cc2ccccc2)NC1=O,ABXDOBDGLYDVQT-NBGFENBTSA-N,,,,broad_macrocycle_pretrain,,,18,True,False,pretrain_val,pretraining_macrocycle; max_phase=None
PREMAC_4c50f31b33,ChEMBL_macrocycle_scan,CHEMBL34049,CC(=O)O[C@@H]1/C=C/C(=O)O[C@@H](C)CCC/C=C\[C@@H]2C[C@H](O)C[C@H]21,HVKKVRWIIIJCSS-VCWGZRMTSA-N,,,,broad_macrocycle_pretrain,,,13,True,False,pretrain_val,pretraining_macrocycle; max_phase=None
PREMAC_d224be34e0,ChEMBL_macrocycle_scan,CHEMBL267870,CC(C)[C@H]1NC(=O)[C@H](CCCCN)NC(=O)[C@@H](Cc2c[nH]c3ccccc23)NC(=O)[C@H](Cc2ccc(O)cc2)NC(=O)[C@@H](NC[C@@H](N)Cc2ccccc2)CSSC[C@H](C(=O)N[C@H](C(N)=O)[C@@H](C)O)NC1=O,PAZZXWQEMALGHO-OWLBJFOLSA-N,,,,broad_macrocycle_pretrain,,,20,True,False,pretrain_val,pretraining_macrocycle; max_phase=None
PREMAC_d4cd798aaa,ChEMBL_macrocycle_scan,CHEMBL295566,CC[C@H]1OC(=O)/C(C)=C/[C@H](C)[C@@H](O[C@@H]2O[C@H](C)C[C@H](N(C)C)[C@H]2O)[C@@](C)(OC)C[C@@H](C)C(=O)[C@H](C)[C@H]2N(CCNCc3ccccc3)C(=O)O[C@]12C,FMBXIUPQQCISSW-VSWHKGPWSA-N,,,,broad_macrocycle_pretrain,,,14,True,False,pretrain_val,pretraining_macrocycle; max_phase=None
PREMAC_7e9919f714,ChEMBL_macrocycle_scan,CHEMBL300413,CC[C@H](C)[C@@H]1NC(=O)[C@@H](Cc2ccc(O)cc2)NC(=O)[C@H](N)CSSC[C@@H](C(=O)N(C)CC(=O)N[C@@H](CC(C)C)C(=O)NCC(N)=O)NC(=O)[C@H](CC(N)=O)NC(=O)[C@@H](CCC(N)=O)NC1=O,UACHJDGPXGGVJB-SDDIRJTGSA-N,,,,broad_macrocycle_pretrain,,,20,True,False,pretrain_val,pretraining_macrocycle; max_phase=None
PREMAC_ab94e59ab1,ChEMBL_macrocycle_scan,CHEMBL288010,CC(C)CCN(C[C@@H](O)[C@@H]1Cc2ccc(cc2)OCCCC(=O)N[C@@H](C(C)C)C(=O)N1)S(=O)(=O)c1ccccc1,WRUVOSYKHXGAQN-GKRYNVPLSA-N,,,,broad_macrocycle_pretrain,,,15,True,False,pretrain_val,pretraining_macrocycle; max_phase=None
PREMAC_9e4eecf067,ChEMBL_macrocycle_scan,CHEMBL41669,CCOC(C[C@H]1C[C@@H](C)C(=O)/C=C/C(C)=C/[C@H](CO[C@@H]2O[C@H](C)[C@@H](O)[C@@H](OC)[C@H]2OC)[C@@H](CC)OC(=O)C[C@@H](O)[C@H](C)[C@H]1O[C@@H]1O[C@H](C)[C@@H](O)[C@H](N(C)C)[C@H]1O)OCC,REYCTWCSJSJOIM-XHBHLBCYSA-N,,,,broad_macrocycle_pretrain,,,16,True,False,pretrain_val,pretraining_macrocycle; max_phase=None
PREMAC_3e6b338827,ChEMBL_macrocycle_scan,CHEMBL264188,CCC(C)[C@H]1O[C@]2(C=C[C@@H]1C)C[C@@H]1C[C@@H](C/C=C(\C)[C@@H](O[C@H]3C[C@H](OC)[C@@H](O[C@H]4C[C@H](OC)[C@H](NC(C)=O)[C@H](C)O4)[C@H](C)O3)[C@@H](C)/C=C/C=C3\CO[C@@H]4[C@H](O)C(C)=C[C@@H](C(=O)O1)[C@]34O)O2,ZKWQQXZUCOBISE-BTUYMBSXSA-N,,,,broad_macrocycle_pretrain,,,16,True,False,pretrain_val,pretraining_macrocycle; max_phase=None
PREMAC_14566970f5,ChEMBL_macrocycle_scan,CHEMBL64787,N=C(N)NCCC[C@@H]1NC(=O)[C@H](Cc2ccc(O)cc2)NC(=O)CSC[C@@H](C(N)=O)NC(=O)[C@H](CC(=O)O)NC(=O)CNC1=O,QGNISVMTFSLPEO-XSLAGTTESA-N,,,,broad_macrocycle_pretrain,,,18,True,False,pretrain_val,pretraining_macrocycle; max_phase=None
PREMAC_dc79a481ee,ChEMBL_macrocycle_scan,CHEMBL311597,C=C1[C@H](OC(C)=O)[C@@H](OC(C)=O)[C@@H](OC(C)=O)C(C)(C)/C=C/[C@H](C)[C@H](OC(C)=O)[C@@]2(O)C[C@@](C)(OC(C)=O)[C@H](OC(=O)c3ccccc3)[C@@H]2[C@H]1OC(C)=O,AHHKCKIAGSAXCR-DXFPZIRUSA-N,,,,broad_macrocycle_pretrain,,,12,True,False,pretrain_val,pretraining_macrocycle; max_phase=None
PREMAC_c44feb5d32,ChEMBL_macrocycle_scan,CHEMBL289326,CCCCCCN1C(=O)c2c3nc(cc4nc(cc5[nH]c(cc6[nH]c2c(c6C)C1=O)c(CC)c5C)C(C(C)OC)=C4C)[C@@H](C)[C@@H]3CCC(=O)OC,PREBQGLCEANOBJ-UMQIIANQSA-N,,,,broad_macrocycle_pretrain,,,16,True,False,pretrain_val,pretraining_macrocycle; max_phase=None
PREMAC_1e6a63abd2,ChEMBL_macrocycle_scan,CHEMBL70822,CC[C@@H]1/C=C(\C)C[C@H](C)[C@H](OC)[C@H]2O[C@@](O)(C(=O)C(=O)N3CCCC[C@H]3C(=O)O[C@H](/C(C)=C/[C@@H]3CC[C@@H](O)[C@H](OC)C3)[C@H](C)[C@@H](O)CC1=O)[C@H](C)C[C@@H]2OC,HLLXLLIJOGRJAZ-SIQHPVEJSA-N,,,,broad_macrocycle_pretrain,,,20,True,False,pretrain_val,pretraining_macrocycle; max_phase=None
PREMAC_cfc0b094bb,ChEMBL_macrocycle_scan,CHEMBL284450,CCCCOOC1(OOCCCC)CCCCCCCCCCC1,WTDVKBOZSNQUCL-UHFFFAOYSA-N,,,,broad_macrocycle_pretrain,,,12,True,False,pretrain_val,pretraining_macrocycle; max_phase=None
PREMAC_2316230a95,ChEMBL_macrocycle_scan,CHEMBL262498,CC[C@H](C)[C@H]1O[C@]2(C=C[C@@H]1C)C[C@@H]1C[C@@H](C/C=C(\C)[C@@H](O[C@@H]3C[C@@H](OC)[C@H](O[C@@H]4C[C@@H](OC)[C@H](O)[C@@H](C)O4)[C@@H](C)O3)[C@@H](C)/C=C/C(O)[C@]3(O)COC4[C@H](O)C(C)=C[C@@H](C(=O)O1)[C@@]43O)O2,GCJDWCSKHNGXAC-MIISFBPRSA-N,,,,broad_macrocycle_pretrain,,,16,True,False,pretrain_val,pretraining_macrocycle; max_phase=None
PREMAC_0b628072eb,ChEMBL_macrocycle_scan,CHEMBL81617,CC[C@H]1OC(=O)[C@H](C)[C@H]2OC3(CCN(C(=O)c4ccco4)CC3)O[C@](C)(C[C@@H](C)CN(C)[C@H](C)[C@@H](O)[C@]1(C)O)[C@H](O[C@@H]1O[C@H](C)C[C@H](N(C)C)[C@H]1O)[C@H]2C,OMVUGOJTCBVFFP-DIXCZMCDSA-N,,,,broad_macrocycle_pretrain,,,15,True,False,pretrain_val,pretraining_macrocycle; max_phase=None
PREMAC_619da58b2e,ChEMBL_macrocycle_scan,CHEMBL420572,Cc1c2cc(c(C)[n+]1-c1ccc(S(=O)(=O)Nc3nnc(S(N)(=O)=O)s3)cc1)CCCCCCCCC2.[O-][Cl+3]([O-])([O-])[O-],UTVSLTWGWRNBMS-UHFFFAOYSA-M,,,,broad_macrocycle_pretrain,,,12,True,False,pretrain_val,pretraining_macrocycle; max_phase=None
PREMAC_6908bb2367,ChEMBL_macrocycle_scan,CHEMBL281698,CC[C@H]1OC(=O)[C@H](C)[C@H]2OC3(CCN(c4ccc(C(=O)OCc5ccccc5)cc4)CC3)O[C@](C)(C[C@@H](C)CN(C)[C@H](C)[C@@H](O)[C@]1(C)O)[C@H](O[C@@H]1O[C@H](C)CC(N(C)C)[C@H]1O)[C@H]2C,LMODQRCBPDCKPV-VBVLHELPSA-N,,,,broad_macrocycle_pretrain,,,15,True,False,pretrain_val,pretraining_macrocycle; max_phase=None
PREMAC_0e1f019a42,ChEMBL_macrocycle_scan,CHEMBL42446,COc1ccc(C[C@H]2C(=O)N[C@@H](C)C(=O)N(C)[C@H]3Cc4ccc(cc4)Oc4cc(ccc4OC)C[C@@H](C(=O)N[C@H](C)C(=O)N(C/C=C/c4ccccc4)[C@@H](C)C(=O)N2C)N(C)C3=O)cc1,LPCSYWFGCSOBMI-HFYCOFKCSA-N,,,,broad_macrocycle_pretrain,,,18,True,False,pretrain_val,pretraining_macrocycle; max_phase=None
PREMAC_645d6a79cb,ChEMBL_macrocycle_scan,CHEMBL304634,CC[C@H]1OC(=O)[C@H](C)[C@@H](O[C@H]2C[C@@](C)(OC)[C@@](O)(C#CCOC)[C@H](C)O2)[C@H](C)[C@@H](O[C@@H]2O[C@H](C)C[C@H](N(C)C)[C@H]2O)[C@](C)(O)C[C@@H](C)CN[C@H](C)[C@@H](O)[C@]1(C)O,OCKQOOMELURKJO-GQOMQJQLSA-N,,,,broad_macrocycle_pretrain,,,15,True,False,pretrain_val,pretraining_macrocycle; max_phase=None
PREMAC_d0f66c0364,ChEMBL_macrocycle_scan,CHEMBL53918,C=C(C(=O)OC)[C@H]1CC2O[C@@](O)(/C(C)=C\C(=O)/C=C(/C)C[C@H]3OC(=O)[C@@]24O[C@H]34)[C@@H]1OC(C)=O,LLTUVULYEDWJJW-SFXQMQJESA-N,,,,broad_macrocycle_pretrain,,,12,True,False,pretrain_val,pretraining_macrocycle; max_phase=None
PREMAC_5a1c3ff6ec,ChEMBL_macrocycle_scan,CHEMBL412609,CCOc1ccc(C[C@@H]2NC(=O)CC(CC)(CC)SSC[C@H](C(=O)N3CCC[C@H]3C(=O)N[C@H](CCCN=C(N)N)C(N)=O)NC(=O)[C@@H](CC(N)=O)NC(=O)[C@H](C(C)C)NC(=O)[C@@H](Cc3ccccc3)NC2=O)cc1,HAUODKFSJGOVIN-RTBRYEJBSA-N,,,,broad_macrocycle_pretrain,,,20,True,False,pretrain_val,pretraining_macrocycle; max_phase=None
PREMAC_c78c266cba,ChEMBL_macrocycle_scan,CHEMBL23650,O=C1CN2CCc3cncn3Cc3ccc(CCCCC(F)(F)F)c(c3)Oc3ccc4cccc(c4c3)N1CC2,PHGAACKWQSAJHR-UHFFFAOYSA-N,,,,broad_macrocycle_pretrain,,,17,True,False,pretrain_val,pretraining_macrocycle; max_phase=None
PREMAC_ec17495a6a,ChEMBL_macrocycle_scan,CHEMBL52870,COc1ccc(C[C@H]2NC(=O)/C=C/C[C@@H]([C@H](C)C3OC3c3ccccc3)OC(=O)[C@H](CC(C)C)NC(=O)CCNC2=O)cc1,GSEOUHKVJXZNML-GTCUPIFSSA-N,,,,broad_macrocycle_pretrain,,,16,True,False,pretrain_val,pretraining_macrocycle; max_phase=None
PREMAC_1096e5711b,ChEMBL_macrocycle_scan,CHEMBL45390,CC[C@H]1OC(=O)/C(C)=C/[C@H](C)[C@@H](O[C@@H]2O[C@H](C)C[C@H](N(C)C)[C@H]2O)[C@@](C)(OC)C[C@@H](C)C(=O)[C@H](C)[C@H]2N(NCc3ccccc3CO)C(=O)O[C@]12C,MJPYBNFHUWDEGC-PABJEWGFSA-N,,,,broad_macrocycle_pretrain,,,14,True,False,pretrain_val,pretraining_macrocycle; max_phase=None
PREMAC_a76e1542fa,ChEMBL_macrocycle_scan,CHEMBL62458,C[C@H]1NC(=O)CSC[C@@H](C(=O)O)NC(=O)[C@H](CC(=O)O)NC(=O)CNC(=O)[C@H](CCCN=C(N)N)NC1=O,RNRNOOHZNNWVAO-RHYQMDGZSA-N,,,,broad_macrocycle_pretrain,,,18,True,False,pretrain_val,pretraining_macrocycle; max_phase=None
PREMAC_0ad86d0a1a,ChEMBL_macrocycle_scan,CHEMBL274280,N[C@@H](Cc1ccc(O)cc1)C(=O)N[C@H]1CSSC[C@@H](C(=O)O)NC(=O)C2(CCCC2)CCCNC1=O,QCFWGLHYMNGKNG-FHWLQOOXSA-N,,,,broad_macrocycle_pretrain,,,14,True,False,pretrain_val,pretraining_macrocycle; max_phase=None
PREMAC_8c798b44f2,ChEMBL_macrocycle_scan,CHEMBL275817,CC(=O)N1CCC(c2ccc(O)cc2)C1C(=O)N[C@H]1CSCC[C@@H](C(=O)O)NC(=O)C2(CCCC2)CCNC1=O,FUMUNZSMTFBHGN-NULCOVKLSA-N,,,,broad_macrocycle_pretrain,,,13,True,False,pretrain_val,pretraining_macrocycle; max_phase=None
PREMAC_27ea8e990e,ChEMBL_macrocycle_scan,CHEMBL50134,C=C(C)[C@@H]1Cc2oc(cc2C=O)[C@@H]2O[C@@]2(C)C[C@@H]2C=C(C(=O)O2)[C@@H](OC(C)=O)C1,NPZNRRDKNMSIDD-HGQVNPMOSA-N,,,,broad_macrocycle_pretrain,,,13,True,False,pretrain_val,pretraining_macrocycle; max_phase=None
PREMAC_b51c3e8a97,ChEMBL_macrocycle_scan,CHEMBL273962,COc1ccc(C[C@H]2NC(=O)/C=C/C[C@@H](C(=O)/C=C/c3ccccc3)OC(=O)[C@H](CC(C)C)OC(=O)[C@H](C)CNC2=O)cc1Cl,MYJWFVIQQIVNNP-OELMIFAHSA-N,,,,broad_macrocycle_pretrain,,,16,True,False,pretrain_val,pretraining_macrocycle; max_phase=None
PREMAC_75cc696978,ChEMBL_macrocycle_scan,CHEMBL445578,CC[C@H]1OC(=O)/C(C)=C/[C@H](C)[C@@H](O[C@@H]2O[C@H](C)C[C@H](N(C)C)[C@H]2O)[C@@](C)(OC)C[C@@H](C)C(=O)[C@H](C)[C@H]2N(NCc3cc(O)ccc3O)C(=O)O[C@]12C,IICJZDGLMDPXNA-NZCJGWJHSA-N,,,,broad_macrocycle_pretrain,,,14,True,False,pretrain_val,pretraining_macrocycle; max_phase=None
PREMAC_ef35322d8a,ChEMBL_macrocycle_scan,CHEMBL265411,COc1ccc(C[C@H]2NC(=O)CC(C3CCCC3)(C3CCCC3)SSC[C@@H](C(=O)N3CCC[C@@H]3C(=O)N[C@@H](CCCN=C(N)N)C(N)=O)NC(=O)[C@H](CC(N)=O)NC(=O)[C@@H](CCC(N)=O)NC(=O)[C@H](Cc3ccccc3)NC2=O)cc1,LVLNFJLYHVVUOH-NXNSGBMLSA-N,,,,broad_macrocycle_pretrain,,,20,True,False,pretrain_val,pretraining_macrocycle; max_phase=None
PREMAC_2d2f37500f,ChEMBL_macrocycle_scan,CHEMBL218076,CC[C@H]1OC(=O)[C@H](C)[C@@H](O[C@H]2C[C@@](C)(OC)[C@@H](N)[C@H](C)O2)[C@H](C)[C@@H](O[C@@H]2O[C@H](C)C[C@H](N(C)C)[C@H]2OC(=O)OCC2c3ccccc3-c3ccccc32)[C@](C)(O)C[C@@H](C)N(C)C[C@H](C)[C@@H](O)[C@]1(C)O,SNYJYXSCXBCGLE-WZIOGMAYSA-N,,,,broad_macrocycle_pretrain,,,15,True,False,pretrain_val,pretraining_macrocycle; max_phase=None
PREMAC_737455a433,ChEMBL_macrocycle_scan,CHEMBL309642,CC[C@H]1OC(=O)[C@H](C)[C@H]2OC3(CCN(C(=O)c4ccccn4)CC3)O[C@](C)(C[C@@H](C)CN[C@H](C)[C@@H](O)[C@]1(C)O)[C@H](O[C@@H]1O[C@H](C)C[C@H](N(C)C)[C@H]1O)[C@H]2C,WIOCREDFGGUDJG-WDPNLORNSA-N,,,,broad_macrocycle_pretrain,,,15,True,False,pretrain_val,pretraining_macrocycle; max_phase=None
PREMAC_c23b2588e4,ChEMBL_macrocycle_scan,CHEMBL312797,CC[C@H]1OC(=O)[C@H](C)[C@H]2OC3(CCN(Cc4ccccn4)CC3)O[C@](C)(C[C@@H](C)CN[C@H](C)[C@@H](O)[C@]1(C)O)[C@H](O[C@@H]1O[C@H](C)C[C@H](N(C)C)[C@H]1O)[C@H]2C,DBEGQLGZFWSADG-XLTIUPLHSA-N,,,,broad_macrocycle_pretrain,,,15,True,False,pretrain_val,pretraining_macrocycle; max_phase=None
PREMAC_365d3f4345,ChEMBL_macrocycle_scan,CHEMBL286629,CC(C)[C@@H](NC(=O)[C@@H]1NC(=O)[C@@H](CC(=O)O)NC(=O)[C@H](Cc2ccccc2)NC(=O)[C@@H](NC(=O)[C@@H](N)Cc2ccc(O)cc2)CSSC1(C)C)C(=O)NCC(N)=O,DIXNNWRHERAZLO-XYHHVMNMSA-N,,,,broad_macrocycle_pretrain,,,14,True,False,pretrain_val,pretraining_macrocycle; max_phase=None
PREMAC_bf68a21834,ChEMBL_macrocycle_scan,CHEMBL273300,C=CC1=C(C)c2cc3nc(cc4[nH]c(cc5[nH]c(cc1n2)c(C)c5CO)c(C)c4CCC(=O)O)C(CCC(=O)O)=C3C,HBMHROCTIMYSQJ-UHFFFAOYSA-N,,,,broad_macrocycle_pretrain,,,16,True,False,pretrain_val,pretraining_macrocycle; max_phase=None
PREMAC_5128bf3022,ChEMBL_macrocycle_scan,CHEMBL34617,CCc1c(CC)c2cc3nc(cc4[nH]c(c(C)c4CC)c4[nH]c(cc5nc(cc1[nH]2)C(CCC(=O)NCCN(CCN)CCN)=C5C)c(CC)c4C)C(C)=C3CCC(=O)NCCN(CCN)CCN,WFROZQMVBKFGTA-UHFFFAOYSA-N,,,,broad_macrocycle_pretrain,,,19,True,False,pretrain_val,pretraining_macrocycle; max_phase=None
PREMAC_94303f669a,ChEMBL_macrocycle_scan,CHEMBL290433,COCO[C@@H]1CC(=O)O[C@H](C)[C@H](C)C(=O)O[C@@H](C(C)C)C(=O)N(C)[C@H]1Cc1ccccc1,RUUILPBPMVBRRX-ASTLDXIKSA-N,,,,broad_macrocycle_pretrain,,,12,True,False,pretrain_val,pretraining_macrocycle; max_phase=None
PREMAC_b1db045790,ChEMBL_macrocycle_scan,CHEMBL295992,CC[C@H]1C[C@@H](C)C(=O)/C=C/C(C)=C/[C@H](C)[C@@H](CC)OC(=O)C[C@@H](O)[C@H](C)[C@H]1O[C@@H]1O[C@H](C)[C@@H](O[C@H]2C[C@@](C)(O)[C@@H](O)[C@H](C)O2)[C@H](N(C)C)[C@H]1O,LRTUFOSKBBTDPR-OCWATHKRSA-N,,,,broad_macrocycle_pretrain,,,16,True,False,pretrain_val,pretraining_macrocycle; max_phase=None
PREMAC_8234e16f02,ChEMBL_macrocycle_scan,CHEMBL276926,COc1ccc(C2CC([C@H]3NC(=O)/C(=C/NC(=O)Nc4ccc(Cl)c(Cl)c4)NC(=O)[C@@H](CO)NC(=O)[C@@H](CO)NC(=O)C(NC(=O)C[C@@H](N)CCCN)CNC3=O)N=C(N)N2)cc1OC,JILIUDVNCCGBBL-YCYIQZLDSA-N,,,,broad_macrocycle_pretrain,,,16,True,False,pretrain_val,pretraining_macrocycle; max_phase=None
PREMAC_e65469dcf3,ChEMBL_macrocycle_scan,CHEMBL8468,CC[C@H]1OC(=O)CC(O)[C@H](C)[C@@H](O[C@@H]2O[C@H](C)C[C@H](N(C)C)[C@H]2O)[C@@H](CCNC(CO)CO)C[C@@H](C)C(=O)/C=C/C(C)=C/[C@@H]1C,JRNSMTSSLHTOCQ-PMSZAORNSA-N,,,,broad_macrocycle_pretrain,,,16,True,False,pretrain_val,pretraining_macrocycle; max_phase=None
PREMAC_e80469310d,ChEMBL_macrocycle_scan,CHEMBL47049,C/C1=C/CC[C@]2(C)[C@@H]([C@H](C)CCCC(C)C)CC[C@H]2c2ccc(cc2C=O)C[C@H](Oc2ccccc2)CC1,NXVVFHWQTNXCCG-PRVSUOEESA-N,,,,broad_macrocycle_pretrain,,,14,True,False,pretrain_val,pretraining_macrocycle; max_phase=None
PREMAC_7c1d70ec29,ChEMBL_macrocycle_scan,CHEMBL289865,CC[C@H]1OC(=O)[C@H](C)[C@@H](O[C@H]2C[C@@](C)(OC)[C@@H](O)[C@H](C)O2)[C@H](C)[C@@H](O[C@@H]2O[C@H](C)C[C@H](N(C)C)[C@H]2O)[C@](C)(O)C[C@@H](C)[C@H](n2ccc(C=O)c2)[C@H](C)[C@@H](O)[C@]1(C)O,LHRZVRCDLCRLPW-BJSOIONYSA-N,,,,broad_macrocycle_pretrain,,,14,True,False,pretrain_val,pretraining_macrocycle; max_phase=None
PREMAC_731f5b5098,ChEMBL_macrocycle_scan,CHEMBL59524,CCC1OC(=O)C(C)C(OC2CC(C)(OC)C(O)C(C)O2)C(C)[C@@H](OC2OC(C)CC([N+](C)(C)C)C2O)[C@]2(C)C[C@@H](C)C(O2)[C@H](C)[C@@H](O)[C@]1(C)O.[I-],ZTZUMCRGXRIYAC-ZHIKRYESSA-M,,,,broad_macrocycle_pretrain,,,13,True,False,pretrain_val,pretraining_macrocycle; max_phase=None
PREMAC_2dc4da7803,ChEMBL_macrocycle_scan,CHEMBL8361,CCCCCCC[C@H]1OC(=O)C[C@@H](O)[C@H](Cc2ccccc2)N(C)C(=O)[C@H](CCSC)OC(=O)[C@H]1C,UCAJRDKVXJYKDH-GWVYKECKSA-N,,,,broad_macrocycle_pretrain,,,12,True,False,pretrain_val,pretraining_macrocycle; max_phase=None
PREMAC_91e2e1e675,ChEMBL_macrocycle_scan,CHEMBL54305,C=C(CO)[C@H]1C[C@H](O)[C@@]23O[C@@H]2[C@@H](C[C@]2(C)O[C@H]2c2cc(C)c(o2)[C@@H]1OC(C)=O)OC3O,GYBOOFPOODPDMD-VYAWXPATSA-N,,,,broad_macrocycle_pretrain,,,13,True,False,pretrain_val,pretraining_macrocycle; max_phase=None
PREMAC_60bfa608e3,ChEMBL_macrocycle_scan,CHEMBL418268,C[C@@H]1C(=O)N(C)c2cccc3ccc(cc23)Oc2cc(ccc2C#N)Cn2cncc2CN1C,UJRNHAPUICJBGE-GOSISDBHSA-N,,,,broad_macrocycle_pretrain,,,16,True,False,pretrain_val,pretraining_macrocycle; max_phase=None
PREMAC_2a37c30d65,ChEMBL_macrocycle_scan,CHEMBL283133,CCCCCCCCCCOC(C)C1=C(C)c2cc3nc(c4c5[nH]c(cc6[nH]c(cc1n2)c(C)c6CC)c(C)c5C(=O)N(CCCCCC)C4=O)[C@@H](CCC(=O)OC)[C@@H]3C,FDTPETALBPSPFF-XOSXXJMWSA-N,,,,broad_macrocycle_pretrain,,,16,True,False,pretrain_val,pretraining_macrocycle; max_phase=None
PREMAC_db3845621f,ChEMBL_macrocycle_scan,CHEMBL432677,CC[C@H]1OC(=O)C[C@@H](O)[C@H](C)[C@@H](O[C@@H]2O[C@H](C)[C@@H](OC(C)=O)[C@H](N(C)C)[C@H]2OC(C)=O)[C@@H](CCOc2ccccc2)C[C@@H](C)C(=O)/C=C/C(C)=C/[C@@H]1CO[C@@H]1O[C@H](C)[C@@H](O)[C@@H](OC)[C@H]1OC,GYKMHWKPGQGKPI-KFJMUWDYSA-N,,,,broad_macrocycle_pretrain,,,16,True,False,pretrain_val,pretraining_macrocycle; max_phase=None
PREMAC_fcd4d982d8,ChEMBL_macrocycle_scan,CHEMBL80673,Cc1cn(C2CC(N=[N+]=[N-])C(COC(=O)CCCCN3CCCNCCNCCCNCC3)O2)c(=O)[nH]c1=O,LWCDLTVKNMYQDE-UHFFFAOYSA-N,,,,broad_macrocycle_pretrain,,,14,True,False,pretrain_val,pretraining_macrocycle; max_phase=None
PREMAC_a86f0d7a77,ChEMBL_macrocycle_scan,CHEMBL407280,CCC(C)[C@H]1O[C@]2(C=C[C@@H]1C)C[C@@H]1C[C@@H](C/C=C(\C)[C@@H](O[C@H]3C[C@H](OC)[C@@H](O[C@H]4C[C@H](OC)[C@H](NCc5ccccc5)[C@H](C)O4)[C@H](C)O3)[C@@H](C)/C=C/C=C3\CO[C@@H]4[C@H](O)C(C)=C[C@@H](C(=O)O1)[C@]34O)O2,FSCDJMKRDJZGGE-YNFQNUJASA-N,,,,broad_macrocycle_pretrain,,,16,True,False,pretrain_val,pretraining_macrocycle; max_phase=None
PREMAC_21f6dba762,ChEMBL_macrocycle_scan,CHEMBL80958,CC[C@H]1OC(=O)[C@H](C)[C@H]2OC3(CCN(CCc4ccnc5ccccc45)CC3)O[C@](C)(C[C@@H](C)CN[C@H](C)[C@@H](O)[C@]1(C)O)[C@H](O[C@@H]1O[C@H](C)C[C@H](N(C)C)[C@H]1O)[C@H]2C,IEUBRFDPIGLXGX-IMYSOWAISA-N,,,,broad_macrocycle_pretrain,,,15,True,False,pretrain_val,pretraining_macrocycle; max_phase=None
PREMAC_cc4aa41a5f,ChEMBL_macrocycle_scan,CHEMBL437283,C[C@@H](O)[C@H](NC(=O)[C@@H]1NC(=O)[C@@H]([C@@H](C)O)NC(=O)[C@H](CCCCN)NC(=O)[C@@H](Cc2c[nH]c3ccccc23)NC(=O)[C@H](Cc2ccc(O)cc2)NC(=O)[C@@H](NC(=O)[C@H](N)Cc2ccccc2)CSSC1(C)C)C(N)=O,VSEYLDNPHYTJMJ-MHKBYQEDSA-N,,,,broad_macrocycle_pretrain,,,20,True,False,pretrain_val,pretraining_macrocycle; max_phase=None
PREMAC_0c50c42f71,ChEMBL_macrocycle_scan,CHEMBL62910,N=C(N)NCCC[C@@H]1NC(=O)CNC(=O)CSC[C@@H](C(=O)O)NC(=O)[C@H](CC(=O)O)NC(=O)CNC1=O,ULKYPKCVQKXPOK-DCAQKATOSA-N,,,,broad_macrocycle_pretrain,,,18,True,False,pretrain_val,pretraining_macrocycle; max_phase=None
PREMAC_36ebd7e9bb,ChEMBL_macrocycle_scan,CHEMBL410803,CC[C@H](C)[C@@H]1NC(=O)[C@@H](Cc2ccc(O)cc2)NC(=O)CCSSC[C@@H](C(=O)N[C@H](CCCCN)C(=O)N[C@@H](CCCN=C(N)N)C(=O)NCC(N)=O)NC(=O)[C@H](CC(N)=O)NC(=O)[C@@H](CCC(N)=O)NC1=O,VZZOSXOAMYZTAW-PXDXZXMASA-N,,,,broad_macrocycle_pretrain,,,20,True,False,pretrain_val,pretraining_macrocycle; max_phase=None
PREMAC_e81340f171,ChEMBL_macrocycle_scan,CHEMBL302689,O=C(NC(Cc1ccccc1)C(O)CN1C/C=C\CCCCCCCCOC1=O)O[C@H]1CO[C@H]2OCC[C@H]21,FSOOXQRRZAINCT-HJYQAKJLSA-N,,,,broad_macrocycle_pretrain,,,14,True,False,pretrain_val,pretraining_macrocycle; max_phase=None
PREMAC_3d01fba0bb,ChEMBL_macrocycle_scan,CHEMBL14818,CC(C)(C)c1ccc(COC(=O)NC2CC([C@H]3NC(=O)/C(=C/NC(N)=O)NC(=O)[C@@H](CO)NC(=O)[C@@H](CO)NC(=O)C(NC(=O)C[C@@H](N)CCCN)CNC3=O)N=C(N)N2)cc1,PTBVJEYXGHVHHM-FOQQCYHJSA-N,,,,broad_macrocycle_pretrain,,,16,True,False,pretrain_val,pretraining_macrocycle; max_phase=None
PREMAC_e92b78cc18,ChEMBL_macrocycle_scan,CHEMBL298634,N=C(N)NCCC[C@H]1NC(=O)[C@@H](Cc2ccccc2)NC(=O)[C@@H](Cc2c[nH]cn2)NC(=O)CNC(=O)CNC(=O)[C@H](Cc2c[nH]c3ccccc23)NC1=O,BSZVFFGMTYXESK-OVHUPFAXSA-N,,,,broad_macrocycle_pretrain,,,18,True,False,pretrain_val,pretraining_macrocycle; max_phase=None
PREMAC_d8efe51261,ChEMBL_macrocycle_scan,CHEMBL430320,CO[C@H]1/C=C\C=C(/C)C(=O)NC2=CC(=O)C(NCCCCCC[C@]3(O)CC[C@@]4(C)C5CC=C6CC7(CC[C@]6(C)[C@@]5(C)CC[C@]34C)OCCO7)=C(C[C@H](C)C[C@H](OC)[C@@H](O)[C@H](C)/C=C(\C)C[C@@H]1OC(N)=O)C2=O,IZLMCMUCBPHRCS-FPVJRMBJSA-N,,,,broad_macrocycle_pretrain,,,20,True,False,pretrain_val,pretraining_macrocycle; max_phase=None
PREMAC_92e0330706,ChEMBL_macrocycle_scan,CHEMBL416275,C/C1=C/CC[C@]2(C)[C@@H]([C@H](C)CCCC(C)C)CC[C@H]2c2ccc(cc2C(=O)O)C[C@H](Oc2ccccc2)CC1,VVUCIXDRULNGRD-ZARZTCTQSA-N,,,,broad_macrocycle_pretrain,,,14,True,False,pretrain_val,pretraining_macrocycle; max_phase=None
PREMAC_3f567ca913,ChEMBL_macrocycle_scan,CHEMBL36898,COc1cc(O)c2c(c1C)C(=O)CCCCC/C(S)=N/[C@H](c1nc(NC(=O)[C@H](C)N)no1)CSC2,PFDJRNOXDHJFRE-ZFWWWQNUSA-N,,,,broad_macrocycle_pretrain,,,14,True,False,pretrain_val,pretraining_macrocycle; max_phase=None
PREMAC_c74825ac38,ChEMBL_macrocycle_scan,CHEMBL304369,CC(C)(C)NC(=O)[C@@H]1CCCN1C[C@@H](O)[C@@H]1Cc2ccc(cc2)OCCCCOc2cc3ccccc3cc2C(=O)N[C@@H](CC(N)=O)C(=O)N1,OWYWHGKNWSVKDF-RTNMLALUSA-N,,,,broad_macrocycle_pretrain,,,19,True,False,pretrain_val,pretraining_macrocycle; max_phase=None
PREMAC_37dc99fee8,ChEMBL_macrocycle_scan,CHEMBL431569,CC(C)[C@@H]1NC(=O)/C=C\CCCCOc2ccc(cc2)C[C@@H]([C@H](O)CN2CC3CCCCC3C[C@H]2C(=O)NC(C)(C)C)NC1=O,QTAYUWFZSBEHPK-SADARCSXSA-N,,,,broad_macrocycle_pretrain,,,18,True,False,pretrain_val,pretraining_macrocycle; max_phase=None
PREMAC_386c0abdd1,ChEMBL_macrocycle_scan,CHEMBL7886,CCCCCCC[C@H]1OC(=O)C[C@@H](O)[C@H](Cc2ccccc2)N(C)C(=O)[C@H](C(C)CC)OC(=O)[C@H]1C,PXFTUHQHLDMSON-IUGIEKGVSA-N,,,,broad_macrocycle_pretrain,,,12,True,False,pretrain_val,pretraining_macrocycle; max_phase=None
PREMAC_ee5905f090,ChEMBL_macrocycle_scan,CHEMBL297791,CC[C@H]1OC(=O)/C(C)=C/[C@H](C)[C@@H](O[C@@H]2O[C@H](C)C[C@H](N(C)C)[C@H]2O)[C@@](C)(OC)C[C@@H](C)C(=O)[C@H](C)[C@H]2N(C(C)C)C(=O)O[C@]12C,KXYGTWJUSJSIBE-CVSICMKHSA-N,,,,broad_macrocycle_pretrain,,,14,True,False,pretrain_val,pretraining_macrocycle; max_phase=None
PREMAC_889587d0ba,ChEMBL_macrocycle_scan,CHEMBL417830,CCC1=C(C)c2cc3[nH]c(cc4[nH]c(cc5nc(cc1n2)C(C)=C5CC)C1(C)C4=CCC(C#N)(C#N)C1(C#N)C#N)c(C)c3CC,GBLNHZPKBBAAEG-UHFFFAOYSA-N,,,,broad_macrocycle_pretrain,,,16,True,False,pretrain_val,pretraining_macrocycle; max_phase=None
PREMAC_b58e65667f,ChEMBL_macrocycle_scan,CHEMBL42402,CC(=O)Nc1ccc(S(=O)(=O)N(CCC(C)C)C[C@@H](O)[C@@H]2Cc3ccc(cc3)OCCCCCC(=O)N[C@@H](C(C)C)C(=O)N2)cc1,AMAIAUFNSURFAS-PZWMIYICSA-N,,,,broad_macrocycle_pretrain,,,17,True,False,pretrain_val,pretraining_macrocycle; max_phase=None
PREMAC_b967e01262,ChEMBL_macrocycle_scan,CHEMBL416227,COC(=O)[C@@H]1CSCc2c(O)cccc2C(=O)OCC(NC(=O)OC(C)(C)C)C(=O)N1,DVMGJSRZMYGZBL-KZUDCZAMSA-N,,,,broad_macrocycle_pretrain,,,12,True,False,pretrain_val,pretraining_macrocycle; max_phase=None
PREMAC_c08b027837,ChEMBL_macrocycle_scan,CHEMBL310526,COc1ccc2cc1Oc1ccc(cc1)C[C@H](NC(C)=O)C(=O)N[C@@H](Cc1ccc(O)cc1)C(=O)N[C@@H](C(=O)O)C2,FRWKFFCNGNYYMC-CCDWMCETSA-N,,,,broad_macrocycle_pretrain,,,17,True,False,pretrain_val,pretraining_macrocycle; max_phase=None
PREMAC_d5ffcf9aa3,ChEMBL_macrocycle_scan,CHEMBL312642,CC1=C[C@H]2O[C@@H]3C[C@H]4OC(=O)/C=C\C=C\C(C(C)O)OCC(O)C5(C)OC5C(=O)OC[C@@]2(C[C@H]1O)[C@]4(C)C31CO1,ZGOCMMMDEQOCDU-KSLWJEAZSA-N,,,,broad_macrocycle_pretrain,,,18,True,False,pretrain_val,pretraining_macrocycle; max_phase=None
PREMAC_bdb08b0871,ChEMBL_macrocycle_scan,CHEMBL292527,N=C(N)NCCC[C@@H]1NC(=O)[C@H](CC(=O)O)NC(=O)CSC[C@@H](C(=O)O)NC(=O)[C@H](CC(=O)O)NC(=O)CNC1=O,SNKLZYNRZMCEJU-BJDJZHNGSA-N,,,,broad_macrocycle_pretrain,,,18,True,False,pretrain_val,pretraining_macrocycle; max_phase=None
PREMAC_a774b4bf34,ChEMBL_macrocycle_scan,CHEMBL310234,CC(=O)O[C@@H]1[C@@H](OC(C)=O)C(C)(C)/C=C/[C@H](C)[C@H](OC(C)=O)[C@@]2(OC(C)=O)C[C@H](C)[C@H](OC(=O)c3ccccc3)/C2=C\[C@](C)(O)[C@@H]1OC(C)=O,NJQQWAAKIAOYTD-CABSBIRUSA-N,,,,broad_macrocycle_pretrain,,,12,True,False,pretrain_test,pretraining_macrocycle; max_phase=None
PREMAC_9022ad40d3,ChEMBL_macrocycle_scan,CHEMBL308558,CCCCCCCC[C@H]1OC(=O)CNC(=O)[C@@H]([C@H](C)O)NC(=O)[C@H](CO)NC(=O)[C@H]([C@H](C)CC)NC(=O)[C@H](CC(C)C)N(C)C(=O)[C@@H]1C,IPDAQEWYJLJGEJ-TYIQXFFBSA-N,,,,broad_macrocycle_pretrain,,,19,True,False,pretrain_test,pretraining_macrocycle; max_phase=None
PREMAC_ae6423c625,ChEMBL_macrocycle_scan,CHEMBL296612,CC[C@H]1OC(=O)[C@H](C)[C@@H](O[C@H]2C[C@@](C)(OC)C[C@H](C)O2)[C@H](C)[C@@H](O[C@@H]2O[C@H](C)C[C@H](N(C)CC)[C@H]2O)[C@@]2(C)CC(C)=C(O2)[C@H](C)[C@@H](O)[C@]1(C)O,UBTOWTPNNMVHLK-PYMOLZTESA-N,,,,broad_macrocycle_pretrain,,,13,True,False,pretrain_test,pretraining_macrocycle; max_phase=None
PREMAC_5fa4879bad,ChEMBL_macrocycle_scan,CHEMBL418291,CCCc1ccc(CC[C@H]2C(=O)N[C@H](C(=O)NC)Cc3ccc(cc3)OCCCC[C@@H]2C(=O)NO)cc1,RGQWTGAVFAYQEF-NXCFDTQHSA-N,,,,broad_macrocycle_pretrain,,,15,True,False,pretrain_test,pretraining_macrocycle; max_phase=None
PREMAC_2be5f5cc35,ChEMBL_macrocycle_scan,CHEMBL275625,NCC1NC(=O)[C@H](CO)NC(=O)[C@H](CO)NC(=O)C(NC(=O)Nc2ccc(C3CCCCC3)cc2)CNC(=O)[C@H](C2CCN=C(N)N2)NC1=O,HOSLAVPAWAUCFM-LKDGEGJSSA-N,,,,broad_macrocycle_pretrain,,,16,True,False,pretrain_test,pretraining_macrocycle; max_phase=None
PREMAC_6a357ff175,ChEMBL_macrocycle_scan,CHEMBL71646,CC(C)[C@@H]1NC(=O)[C@@H](NC(=O)[C@H](O)[C@H](Cc2ccccc2)NC(=O)OC(C)(C)C)Cc2ccc(cc2)OCCCNC1=O,ZEVMAWZDVJKZCY-YIPNQBBMSA-N,,,,broad_macrocycle_pretrain,,,15,True,False,pretrain_test,pretraining_macrocycle; max_phase=None
PREMAC_037af23aad,ChEMBL_macrocycle_scan,CHEMBL78742,CC1c2ccc(C#N)c(c2)Oc2cccc(c2)CN2CCC(NCc3cncn31)C2=O,CIFGPLIJBYKXOG-UHFFFAOYSA-N,,,,broad_macrocycle_pretrain,,,16,True,False,pretrain_test,pretraining_macrocycle; max_phase=None
PREMAC_c945ea9225,ChEMBL_macrocycle_scan,CHEMBL276594,CC[C@H]1OC(=O)CC(O)[C@H](C)[C@@H](O[C@@H]2O[C@H](C)C[C@H](N(C)C)[C@H]2O)[C@@H](CCN(CCCN(C)C)C(C)=O)C[C@@H](C)C(=O)/C=C/C(C)=C/[C@@H]1C,ZPJZWWAYDXNXOS-UNDVDVKYSA-N,,,,broad_macrocycle_pretrain,,,16,True,False,pretrain_test,pretraining_macrocycle; max_phase=None
PREMAC_381a7dc28f,ChEMBL_macrocycle_scan,CHEMBL292579,CC[C@@H](C)[C@H]1NC(=O)[C@@H](Cc2ccccc2)NC(=O)[C@@H]2CCCN2C(=O)[C@@H](Cc2ccccc2)N(C)C(=O)[C@H](CCCN)NC(=O)[C@H]2CCNCN2C1=O,YFKASIKGYHDNJC-WCVBITMESA-N,,,,broad_macrocycle_pretrain,,,18,True,False,pretrain_test,pretraining_macrocycle; max_phase=None
PREMAC_771c8c5834,ChEMBL_macrocycle_scan,CHEMBL557334,Fc1cnccc1-c1c2nc(c(-c3ccncc3F)c3ccc([nH]3)c(-c3ccncc3F)c3ccc([nH]3)c(-c3ccncc3F)c3nc1C=C3)C=C2,GVWCWSJALRIODO-UHFFFAOYSA-N,,,,broad_macrocycle_pretrain,,,16,True,False,pretrain_test,pretraining_macrocycle; max_phase=None
PREMAC_a84a6a9e1f,ChEMBL_macrocycle_scan,CHEMBL296630,C=C(C)[C@H]1C[C@H](OC(C)=O)[C@@]23O[C@@H]2[C@@H](C[C@](C)(O)/C=C2/C=C(C=O)C(OCC)(C1)O2)OC3=O,JAYRBXGJZSQPST-QXQIGULQSA-N,,,,broad_macrocycle_pretrain,,,13,True,False,pretrain_test,pretraining_macrocycle; max_phase=None
PREMAC_c74a74e07b,ChEMBL_macrocycle_scan,CHEMBL297824,CC[C@H]1OC(=O)/C(C)=C/[C@H](C)[C@@H](O[C@@H]2O[C@H](C)C[C@H](N(C)C)[C@H]2O)[C@@](C)(OC)C[C@@H](C)C(=O)[C@H](C)[C@H]2N(NCc3ccncc3)C(=O)O[C@]12C,CDBDGVZCANRQKV-DAZWJVGDSA-N,,,,broad_macrocycle_pretrain,,,14,True,False,pretrain_test,pretraining_macrocycle; max_phase=None
PREMAC_da40f0b0ed,ChEMBL_macrocycle_scan,CHEMBL413034,CNCC(=O)N[C@@H](CCCN=C(N)N)C(=O)N[C@H]1CC(=O)NCCCC[C@@H](C(=O)N[C@@H](Cc2c[nH]cn2)C(=O)N2CCC[C@H]2C(=O)N[C@H](Cc2ccccc2)C(=O)O)NC(=O)[C@H](Cc2ccc(O)cc2)NC1=O,HIGZTGXMLLVBGQ-IQSCWYJSSA-N,,,,broad_macrocycle_pretrain,,,14,True,False,pretrain_test,pretraining_macrocycle; max_phase=None
PREMAC_c4c63f69aa,ChEMBL_macrocycle_scan,CHEMBL262985,CC[C@H]1OC(=O)C[C@@H](O)[C@H](C)[C@@H](O[C@@H]2O[C@H](C)[C@@H](O[C@H]3C[C@@](C)(O)[C@@H](O)[C@H](C)O3)[C@H](N(C)C)[C@H]2O)[C@@H](CCN2CCCCCCC2)C[C@@H](C)C(=O)/C=C/C(C)=C/[C@@H]1CO[C@@H]1O[C@H](C)[C@@H](O)[C@@H](O)[C@H]1OC,TXWYWMSUGYGUAU-MJABQTNJSA-N,,,,broad_macrocycle_pretrain,,,16,True,False,pretrain_test,pretraining_macrocycle; max_phase=None
PREMAC_8fa59fc4c4,ChEMBL_macrocycle_scan,CHEMBL43483,CC[C@H]1OC(=O)C[C@@H](O)[C@H](C)[C@@H](O[C@@H]2O[C@H](C)[C@@H](O)[C@H](N(C)C)[C@H]2O)[C@@H](CCCl)C[C@@H](C)C(=O)/C=C/C(C)=C/[C@@H]1CO[C@@H]1O[C@H](C)[C@@H](O)[C@@H](OC)[C@H]1OC,JRRKFFORMUPRGY-NLGRAQRVSA-N,,,,broad_macrocycle_pretrain,,,16,True,False,pretrain_test,pretraining_macrocycle; max_phase=None
PREMAC_9f79a3c7a7,ChEMBL_macrocycle_scan,CHEMBL12467,C=Cc1c(C)c2cc3[nH]c(cc4nc(cc5nc(cc1[nH]2)C(C)=C5CCC(=O)OC)C(CCC(=O)OC)=C4C)c(C)c3C=C,LQBPATQBTSBIIH-UHFFFAOYSA-N,,,,broad_macrocycle_pretrain,,,16,True,False,pretrain_test,pretraining_macrocycle; max_phase=None
PREMAC_633b8378c8,ChEMBL_macrocycle_scan,CHEMBL58982,CNCC(=O)N[C@@H](CCCN=C(N)N)C(=O)N[C@H]1CSSC[C@H](C(=O)N[C@H](Cc2ccccc2)C(=O)O)NC(=O)[C@H](Cc2c[nH]cn2)NC(=O)[C@H](C(C)C)NC(=O)[C@H](Cc2ccc(O)cc2)NC1=O,WLTSGVNWJDOIAX-TZCWEUCESA-N,,,,broad_macrocycle_pretrain,,,17,True,False,pretrain_test,pretraining_macrocycle; max_phase=None
PREMAC_0285be5a29,ChEMBL_macrocycle_scan,CHEMBL309422,CC(O)C1/C=C/C=C\C(=O)O[C@@H]2C[C@H]3O[C@@H]4[C@@H]5O[C@]5(C)[C@H](O)C[C@]4(COC(=O)C(O)C(C)CCO1)[C@]2(C)C31CO1,DYIWWIJYZCGJAG-GROGKFBTSA-N,,,,broad_macrocycle_pretrain,,,18,True,False,pretrain_test,pretraining_macrocycle; max_phase=None
PREMAC_d121181f48,ChEMBL_macrocycle_scan,CHEMBL264891,CC[C@H](C)[C@@H]1NC(=O)[C@H](Cc2c[nH]c3ccccc23)NC(=O)CC2(CCCCC2)SSC[C@@H](C(=O)N2c3ccccc3C[C@@H]2C(=O)N[C@H](CCCN=C(N)N)C(=O)N[C@H](C)C(N)=O)NC(=O)[C@H](CC(N)=O)NC(=O)[C@@H](CCC(N)=O)NC1=O,NTWXSMAKZDUXFB-NWNPHRLSSA-N,,,,broad_macrocycle_pretrain,,,20,True,False,pretrain_test,pretraining_macrocycle; max_phase=None
PREMAC_41736684d3,ChEMBL_macrocycle_scan,CHEMBL277255,CCCCCCNC(=O)CC[C@@H]1c2nc(cc3[nH]c(cc4[nH]c(cc5nc6c2C(=O)N(CCCCCC)C(=O)C6=C5C)c(CC)c4C)c(C(C)OCCCCC)c3C)[C@H]1C,WTJIJWPJJUABRL-XOSXXJMWSA-N,,,,broad_macrocycle_pretrain,,,16,True,False,pretrain_test,pretraining_macrocycle; max_phase=None
PREMAC_ae6cc00ff4,ChEMBL_macrocycle_scan,CHEMBL62182,CC1CCCCCCCCCCCOC(=O)N1CC(O)C(Cc1ccccc1)NC(=O)O[C@H]1CO[C@H]2OCC[C@H]21,CFPRDTFCTNURQJ-OIPMRRPOSA-N,,,,broad_macrocycle_pretrain,,,15,True,False,pretrain_test,pretraining_macrocycle; max_phase=None
PREMAC_4abb165cd9,ChEMBL_macrocycle_scan,CHEMBL21299,CN(CCN(CC[N+](C)(C)C)CC[N+](C)(C)C)C1CCCCCCCCCCC1.[I-].[I-],PNFQZHWEWARACW-UHFFFAOYSA-L,,,,broad_macrocycle_pretrain,,,12,True,False,pretrain_test,pretraining_macrocycle; max_phase=None
PREMAC_ff19b64baa,ChEMBL_macrocycle_scan,CHEMBL15629,COc1ccc(C2CC([C@H]3NC(=O)/C(=C/NC(N)=O)NC(=O)[C@@H](CO)NC(=O)[C@@H](CO)NC(=O)C(NC(=O)C[C@@H](N)CCCN)CNC3=O)N=C(N)N2)cc1OC,WJEDHGFRLVJUDU-ZAOWDMLKSA-N,,,,broad_macrocycle_pretrain,,,16,True,False,pretrain_test,pretraining_macrocycle; max_phase=None
PREMAC_bde9d526c2,ChEMBL_macrocycle_scan,CHEMBL12584,CCCCC[C@@H]1/C=C\C2[C@H](O)CC(=O)[C@@H]2C/C=C\CCCC(=O)O1,BJXHXZDHQUYRMA-RLICMCOWSA-N,,,,broad_macrocycle_pretrain,,,13,True,False,pretrain_test,pretraining_macrocycle; max_phase=None
PREMAC_c427020ec3,ChEMBL_macrocycle_scan,CHEMBL305872,C1CCCCCC2(CCCCC1)OOCCCCOO2,XPOWCICWOMWZGG-UHFFFAOYSA-N,,,,broad_macrocycle_pretrain,,,12,True,False,pretrain_test,pretraining_macrocycle; max_phase=None
PREMAC_8ac75851dc,ChEMBL_macrocycle_scan,CHEMBL265021,CO[C@H]1C[C@H](O[C@H]2[C@H](C)O[C@@H](O[C@@H]3/C(C)=C/C[C@@H]4C[C@@H](C[C@]5(CC[C@H](C)[C@@H](C(C)C)O5)O4)OC(=O)[C@@H]4CC(C)[C@@H](O)[C@H]5OC/C(=C\C=C\[C@@H]3C)[C@]54O)C[C@@H]2OC)O[C@@H](C)[C@@H]1O,FMEPHAHAOQNPBT-VCQMNJJISA-N,,,,broad_macrocycle_pretrain,,,16,True,False,pretrain_test,pretraining_macrocycle; max_phase=None
PREMAC_15f684b81d,ChEMBL_macrocycle_scan,CHEMBL416084,CC(=O)O[C@@]1(C)CC/C(C)=C\CC[C@]2(C)[C@@H]([C@H](C)CCCC(C)C)CC[C@H]2c2ccc(cc2C(C)=O)C1,XSYQHJFCWQFQLT-GKQYAEJYSA-N,,,,broad_macrocycle_pretrain,,,14,True,False,pretrain_test,pretraining_macrocycle; max_phase=None
PREMAC_a31529e8aa,ChEMBL_macrocycle_scan,CHEMBL266643,CC(C)[C@@H]1NC(=O)[C@@H](Cc2ccccc2)NC(=O)[C@@H](Cc2ccccc2)NC(=O)CC2(CCCCC2)SSC[C@@H](C(=O)N2CCC[C@H]2C(=O)N[C@@H](CCCN=C(N)N)C(=O)NCC(N)=O)NC(=O)[C@@H](CC(N)=O)NC1=O,AUPQOJCSCYBFTO-LWBAHHHCSA-N,,,,broad_macrocycle_pretrain,,,20,True,False,pretrain_test,pretraining_macrocycle; max_phase=None
PREMAC_3439cc6782,ChEMBL_macrocycle_scan,CHEMBL18628,COC(=O)c1cc(CN2CCCNCCNCCCNCC2)ccc1CN1CCCNCCNCCCNCC1,ZRSLNKVAEMYCMV-UHFFFAOYSA-N,,,,broad_macrocycle_pretrain,,,14,True,False,pretrain_test,pretraining_macrocycle; max_phase=None
PREMAC_e766a07ce0,ChEMBL_macrocycle_scan,CHEMBL431595,CC[C@H]1OC(=O)[C@H](C)[C@H]2OC3(CCN(CCc4ccccc4)CC3)O[C@](C)(C[C@@H](C)CN[C@H](C)[C@@H](O)[C@]1(C)O)[C@H](O[C@@H]1O[C@H](C)C[C@H](N(C)C)[C@H]1O)[C@H]2C,KNXSJJIJHUVFFQ-PUILMPPKSA-N,,,,broad_macrocycle_pretrain,,,15,True,False,pretrain_test,pretraining_macrocycle; max_phase=None
PREMAC_5145816b3a,ChEMBL_macrocycle_scan,CHEMBL298233,CCOC(=O)NN(CC[C@H]1C[C@@H](C)C(=O)/C=C/C(C)=C/[C@H](CO[C@@H]2O[C@H](C)[C@@H](O)[C@@H](OC)[C@H]2OC)[C@@H](CC)OC(=O)C[C@@H](O)[C@H](C)[C@H]1O[C@@H]1O[C@H](C)[C@@H](O)[C@H](N(C)C)[C@H]1O)C(=O)OCC,MXINFXOIWURXSP-PJKKXOMHSA-N,,,,broad_macrocycle_pretrain,,,16,True,False,pretrain_test,pretraining_macrocycle; max_phase=None
PREMAC_e3def694fc,ChEMBL_macrocycle_scan,CHEMBL44234,COc1ccc(C[C@H]2C(=O)N[C@@H](C)C(=O)N(C)[C@H]3Cc4ccc(cc4)Oc4cc(ccc4OC)C[C@@H](C(=O)N[C@H](C)C(=O)N(C/C=C(\C)CCC=C(C)C)[C@@H](C)C(=O)N2C)N(C)C3=O)cc1,LVABXVUPAWOTQP-WXOWLSIXSA-N,,,,broad_macrocycle_pretrain,,,18,True,False,pretrain_test,pretraining_macrocycle; max_phase=None
PREMAC_560674fb49,ChEMBL_macrocycle_scan,CHEMBL58324,CO/C1=C\C(C)=C\[C@@H](C)[C@@H](O)[C@@H](C)C/C(C)=C/C=C/[C@H](OC)[C@@H]([C@@H](C)[C@@H](O)[C@H](C)[C@@]2(OC)C[C@@H](C(=O)Oc3ccccc3)[C@H](C)[C@@H](C(C)C)O2)OC1=O,MMKPHMLESUNJRK-JXOKBNNNSA-N,,,,broad_macrocycle_pretrain,,,16,True,False,pretrain_test,pretraining_macrocycle; max_phase=None
PREMAC_397a240957,ChEMBL_macrocycle_scan,CHEMBL42581,CCOC(=O)C1CS/C(=C/C[C@@H]2CC[C@H](O[C@@H]3O[C@H](C)[C@@H](O)[C@H](N(C)C)[C@H]3O)[C@@H](C)[C@H](O)CC(=O)O[C@H](CC)[C@@H](CO[C@@H]3O[C@H](C)[C@@H](O)[C@@H](OC)[C@H]3OC)/C=C(C)/C=C/C2=O)N1,PLSCTQIWPHPTIS-RIKYYYMUSA-N,,,,broad_macrocycle_pretrain,,,16,True,False,pretrain_test,pretraining_macrocycle; max_phase=None
PREMAC_fdd96e43ae,ChEMBL_macrocycle_scan,CHEMBL54107,CO/C1=C\C(C)=C\[C@@H](C)[C@@H](O)[C@@H](C)C/C(C)=C/C=C/[C@H](OC)[C@@H]([C@@H](C)[C@@H](O)[C@H](C)C(=O)/C=C/[C@H](C)C(O)C(C)C)OC1=O,ZKOTUWJMGBWBEO-WKUYHQEXSA-N,,,,broad_macrocycle_pretrain,,,16,True,False,pretrain_test,pretraining_macrocycle; max_phase=None
PREMAC_b8db8788aa,ChEMBL_macrocycle_scan,CHEMBL386921,CC1(C)SSC[C@H](C(=O)N[C@@H](CCCN=C(N)N)C(N)=O)NC(=O)[C@@H](Cc2ccccc2)NC(=O)[C@H](CO)NC(=O)CNC(=O)[C@H](Cc2ccc(O)cc2)NC(=O)[C@H]1NC(=O)[C@@H](N)Cc1ccc(O)cc1,LMWQUOGWPFPMBT-MFZPSMAJSA-N,,,,broad_macrocycle_pretrain,,,20,True,False,pretrain_test,pretraining_macrocycle; max_phase=None
PREMAC_b211380288,ChEMBL_macrocycle_scan,CHEMBL432683,CC(C)C[C@H]1NC(=O)[C@H](C(C)C)NC(=O)[C@@H](C)NC(=O)[C@H](CCC(=O)O)NC(=O)[C@H](Cc2c[nH]c3ccccc23)NC1=O,VKWWONDOCUPZRG-NSGJSMTFSA-N,,,,broad_macrocycle_pretrain,,,15,True,False,pretrain_test,pretraining_macrocycle; max_phase=None
PREMAC_5da11622ba,ChEMBL_macrocycle_scan,CHEMBL52859,N#Cc1ccc2cc1Oc1ccc3cccc(c3c1)NC(=O)[C@@H](Cc1cccnc1)NCc1cncn1C2,IDVLFUHLBYSGQS-MUUNZHRXSA-N,,,,broad_macrocycle_pretrain,,,16,True,False,pretrain_test,pretraining_macrocycle; max_phase=None
PREMAC_d9b5d134eb,ChEMBL_macrocycle_scan,CHEMBL310349,CC(O)C1/C=C/C=C\C(=O)O[C@@H]2C[C@H]3O[C@@H]4[C@@H]5O[C@]5(CO)CC[C@]4(COC(=O)C(O)C(C)CCO1)[C@]2(C)C31CO1,GYGQMCOYMMNSHJ-GXZQKVOXSA-N,,,,broad_macrocycle_pretrain,,,18,True,False,pretrain_test,pretraining_macrocycle; max_phase=None
PREMAC_ba28bb8d5e,ChEMBL_macrocycle_scan,CHEMBL413670,C[C@@H](c1ccc2ccccc2c1)[C@@H]1NC(=O)[C@H](NC(=O)[C@@H](N)Cc2ccc(O)cc2)C(C)(C)SSC[C@H](C(=O)N[C@@H](CCCCN)C(=O)N[C@@H](CCCN=C(N)N)C(N)=O)NC(=O)[C@@H](Cc2ccccc2)NC(=O)[C@H](CO)NC(=O)CNC1=O,HWTDVIKHJPOWJP-WISPORKVSA-N,,,,broad_macrocycle_pretrain,,,20,True,False,pretrain_test,pretraining_macrocycle; max_phase=None
PREMAC_22fe5cd16f,ChEMBL_macrocycle_scan,CHEMBL33222,CO[C@@H]1C[C@@H]2[C@H](/C=C\CCC[C@H](C)OC(=O)/C=C/[C@H]2OC)C1,CZMLPXRPYSQGTD-XLPBMLPMSA-N,,,,broad_macrocycle_pretrain,,,13,True,False,pretrain_test,pretraining_macrocycle; max_phase=None
PREMAC_3b9c12dab7,ChEMBL_macrocycle_scan,CHEMBL268780,CCOc1ccc(C[C@H]2NC(=O)CCSSC[C@@H](C(=O)N3CCC[C@@H]3C(=O)N[C@@H](CCCN=C(N)N)C(=O)NCC(N)=O)NC(=O)[C@H](CC(N)=O)NC(=O)[C@@H](CCC(N)=O)NC(=O)[C@H](Cc3ccccc3)NC2=O)cc1,ZMKZQOXAFNYQLM-CYAAJPPMSA-N,,,,broad_macrocycle_pretrain,,,20,True,False,pretrain_test,pretraining_macrocycle; max_phase=None
PREMAC_6df1eb5c02,ChEMBL_macrocycle_scan,CHEMBL35038,COc1cc(O)c2c(c1C)C(=O)OCCCC(=O)N[C@H](c1nc(C)no1)CSC2,SYKYKKHHZJBAQU-ZDUSSCGKSA-N,,,,broad_macrocycle_pretrain,,,13,True,False,pretrain_test,pretraining_macrocycle; max_phase=None
PREMAC_2948f6fd4d,ChEMBL_macrocycle_scan,CHEMBL278315,COC1=C2C[C@@H](C)C[C@H](OC)[C@H](O)[C@@H](C)/C=C(\C)[C@H](OC(N)=O)[C@@H](OC)/C=C\C=C(/C)C(=O)NC(=CC1=O)C2=O,QTQAWLPCGQOSGP-KSRBKZBZSA-N,,,,broad_macrocycle_pretrain,,,19,True,False,pretrain_test,pretraining_macrocycle; max_phase=2.0
PREMAC_85d0e17e8a,ChEMBL_macrocycle_scan,CHEMBL46597,CC[C@H]1OC(=O)/C(C)=C/[C@H](C)[C@@H](O[C@@H]2O[C@H](C)C[C@H](N(C)C)[C@H]2O)[C@@](C)(OC)C[C@@H](C)C(=O)[C@H](C)[C@H]2N(NCc3ccc([N+](=O)[O-])cc3)C(=O)O[C@]12C,PBKLCFHKRDHRMJ-JBSIADLXSA-N,,,,broad_macrocycle_pretrain,,,14,True,False,pretrain_test,pretraining_macrocycle; max_phase=None
PREMAC_8283bb21e7,ChEMBL_macrocycle_scan,CHEMBL62623,CC(C)[C@@H]1NC(=O)CSC[C@@H](C(=O)O)NC(=O)[C@H](CC(=O)O)NC(=O)CNC(=O)[C@H](CCCN=C(N)N)NC1=O,ZWFZEAWYCOFELN-MRHIQRDNSA-N,,,,broad_macrocycle_pretrain,,,18,True,False,pretrain_test,pretraining_macrocycle; max_phase=None
PREMAC_8b2a908904,ChEMBL_macrocycle_scan,CHEMBL263259,CC[C@H]1OC(=O)C[C@@H](O)[C@H](C)[C@@H](O[C@@H]2O[C@H](C)[C@@H](O[C@H]3C[C@@](C)(O)[C@@H](O)[C@H](C)O3)[C@H](N(C)C)[C@H]2O)[C@@H](CC=O)C[C@@H](C)C(=O)/C=C/C(C)=C/[C@@H]1CO[C@@H]1O[C@H](C)[C@@H](O)[C@@H](O)[C@H]1OC,UFUYRGNJTFAODM-HQCAVAADSA-N,,,,broad_macrocycle_pretrain,,,16,True,False,pretrain_test,pretraining_macrocycle; max_phase=None
PREMAC_10478449af,ChEMBL_macrocycle_scan,CHEMBL46053,CCCCCCCC(=O)O[C@H]1/C(=C/C(=O)OC)CC2C[C@H]([C@@H](C)O)OC(=O)C[C@@H](O)C[C@@H]3CCC[C@H](C[C@@H]4CCO[C@H](/C=C/C(C)(C)[C@]1(O)O2)O4)O3,RSTWARDIGORXQU-JAGFQYIRSA-N,,,,broad_macrocycle_pretrain,,,20,True,False,pretrain_test,pretraining_macrocycle; max_phase=None
PREMAC_f9a234b56a,ChEMBL_macrocycle_scan,CHEMBL302848,CC(C)C[C@H]1NC(=O)CSC[C@@H](C(=O)O)NC(=O)[C@H](CC(=O)O)NC(=O)CNC(=O)[C@H](CCCN=C(N)N)NC1=O,ZVWYSDIQMZGYAI-XGUBFFRZSA-N,,,,broad_macrocycle_pretrain,,,18,True,False,pretrain_test,pretraining_macrocycle; max_phase=None
PREMAC_1744e5074a,ChEMBL_macrocycle_scan,CHEMBL28479,CC[C@H]1OC(=O)[C@H](C)[C@H]2OC3(CCN(c4ccc(C(=O)OCc5ccccc5)cc4F)CC3)O[C@](C)(C[C@@H](C)CN[C@H](C)[C@@H](O)[C@]1(C)O)[C@H](O[C@@H]1O[C@H](C)CC(N(C)C)[C@H]1O)[C@H]2C,HHLSQSJDTZEVGB-ZUOJVVBISA-N,,,,broad_macrocycle_pretrain,,,15,True,False,pretrain_test,pretraining_macrocycle; max_phase=None
PREMAC_86359743f9,ChEMBL_macrocycle_scan,CHEMBL287464,C[C@@H]1NC(=O)CCCCCC[C@@H](C(=O)O)NC(=O)[C@H](C)NC1=O,VVYAQBKHUJSQSM-DCAQKATOSA-N,,,,broad_macrocycle_pretrain,,,15,True,False,pretrain_test,pretraining_macrocycle; max_phase=None
PREMAC_2bfce98199,ChEMBL_macrocycle_scan,CHEMBL430597,CC[C@H]1OC(=O)[C@H](C)[C@@H](O[C@H]2C[C@@](C)(OC)[C@@H](O)[C@H](C)O2)[C@H](C)[C@@H](O[C@@H]2O[C@H](C)C[C@H](NC(=O)CCCOc3ccc([N+](=O)[O-])cc3OC)[C@H]2O)[C@@](C)(O)C[C@@H](C)C(=O)[C@H](C)[C@@H](O)[C@]1(C)O,PDMALISQJGKIRR-GXXBBRQCSA-N,,,,broad_macrocycle_pretrain,,,14,True,False,pretrain_test,pretraining_macrocycle; max_phase=None
PREMAC_2447bae3a4,ChEMBL_macrocycle_scan,CHEMBL408347,C[C@@H](O)[C@@H]1NC(=O)[C@H](CCCCN)NC(=O)[C@@H](Cc2c[nH]c3ccccc23)NC(=O)[C@@H](Cc2cccnc2)NC(=O)[C@@H](NC(=O)[C@@H](N)Cc2ccc(Cl)cc2)CSSC[C@@H](C(=O)N[C@@H](Cc2ccc3ccccc3c2)C(N)=O)NC1=O,PDOUJSYSARKFTN-CKUVSZACSA-N,,,,broad_macrocycle_pretrain,,,20,True,False,pretrain_test,pretraining_macrocycle; max_phase=None
PREMAC_7b004be6bb,ChEMBL_macrocycle_scan,CHEMBL282792,CC[C@H]1OC(=O)[C@H](C)[C@H]2OC3(CCN(c4ccc(S(=O)(=O)c5ccc(F)cc5)cc4)CC3)O[C@](C)(C[C@@H](C)CN(C)[C@H](C)[C@@H](O)[C@]1(C)O)[C@H](O[C@@H]1O[C@H](C)CC(N(C)C)[C@H]1O)[C@H]2C,AWVBPNNFSKPXQH-JSTVMBMSSA-N,,,,broad_macrocycle_pretrain,,,15,True,False,pretrain_test,pretraining_macrocycle; max_phase=None
PREMAC_a817626610,ChEMBL_macrocycle_scan,CHEMBL266856,COc1ccc(C[C@H]2NC(=O)/C=C/C[C@@H](C/C=C/c3ccccc3)OC(=O)[C@H](CC(C)C)OC(=O)[C@H](C)CNC2=O)cc1Cl,YMZVKVLSUBCSND-DWEOSBBHSA-N,,,,broad_macrocycle_pretrain,,,16,True,False,pretrain_test,pretraining_macrocycle; max_phase=None
PREMAC_79c08fbe27,ChEMBL_macrocycle_scan,CHEMBL416228,COC(=O)[C@@H]1CSCc2c(O)cc(O)c(C)c2C(=O)OC[C@H](NC(=O)OC(C)(C)C)C(=O)N1,DPVFGCGWVDNSQT-STQMWFEESA-N,,,,broad_macrocycle_pretrain,,,12,True,False,pretrain_test,pretraining_macrocycle; max_phase=None
PREMAC_547e56a487,ChEMBL_macrocycle_scan,CHEMBL288604,CCCN1C(=O)[C@@H](C)NC(=O)[C@@H]2Cc3ccc(OC)c(c3)Oc3ccc(cc3)C[C@@H](C(=O)N2C)N(C)C(=O)[C@H](C)NC(=O)[C@H](Cc2ccc(OC)cc2)N(C)C(=O)[C@@H]1C,YLZZPVMGQAYFNK-PTXJBNNCSA-N,,,,broad_macrocycle_pretrain,,,18,True,False,pretrain_test,pretraining_macrocycle; max_phase=None
PREMAC_555acafee4,ChEMBL_macrocycle_scan,CHEMBL416793,C[C@@H]1NC(=O)CCCCCCC[C@H](C(=O)O)NC(=O)[C@H](C)NC1=O,BBWRIUCCLCCEBH-SDDRHHMPSA-N,,,,broad_macrocycle_pretrain,,,16,True,False,pretrain_test,pretraining_macrocycle; max_phase=None
PREMAC_16f0c49465,ChEMBL_macrocycle_scan,CHEMBL311412,C/C1=C\C(=O)OC[C@]23CC[C@@]4(C)O[C@H]4[C@H]2O[C@@H]2C[C@@H](OC(=O)/C=C\C=C\C4OC(OC4C)C1O)[C@@]3(C)C21CO1,LDGIFPCAIAXJCW-FTVUENLXSA-N,,,,broad_macrocycle_pretrain,,,18,True,False,pretrain_test,pretraining_macrocycle; max_phase=None
PREMAC_8005535802,ChEMBL_macrocycle_scan,CHEMBL407209,C[C@@H](O)[C@H](NC(=O)[C@@H]1CSSC[C@@H](NC(=O)[C@H](N)Cc2ccccc2)C(=O)N[C@@H](Cc2ccccc2)C(=O)N(C)[C@@H](Cc2c[nH]c3ccccc23)C(=O)N[C@@H](CCCCN)C(=O)N[C@@H]([C@@H](C)O)C(=O)N1)C(N)=O,XQOMHPQXEDJCGI-JDBXKHNRSA-N,,,,broad_macrocycle_pretrain,,,20,True,False,pretrain_test,pretraining_macrocycle; max_phase=None
PREMAC_b1fd6012cd,ChEMBL_macrocycle_scan,CHEMBL274126,C1=C/C2=C(\c3ccccc3)C3C=CC(N3)/C(c3ccccc3)=c3/cc/c([nH]3)=C(\c3ccccc3)C3=N/C(=C(/c4ccccc4)C1=N2)C=C3,CZLOYWOGPHZRBM-QGCBMQFQSA-N,,,,broad_macrocycle_pretrain,,,16,True,False,pretrain_test,pretraining_macrocycle; max_phase=None
PREMAC_1fb68ea95b,ChEMBL_macrocycle_scan,CHEMBL274533,CC(C)(C)OC(=O)N1CCCN(C(=O)OC(C)(C)C)CCN(C(=O)OC(C)(C)C)CCCN(Cc2ccc(CN3CCCN(C(=O)OC(C)(C)C)CCN(C(=O)OC(C)(C)C)CCCN(C(=O)OC(C)(C)C)CC3)cc2)CC1,QFUXFQRXAFYLHV-UHFFFAOYSA-N,,,,broad_macrocycle_pretrain,,,14,True,False,pretrain_test,pretraining_macrocycle; max_phase=None
PREMAC_c6c2ff71a0,ChEMBL_macrocycle_scan,CHEMBL312459,N#Cc1ccc2cc1Oc1cc(Cl)cc(c1)CN1CCC(NCc3cncn3C2)C1=O,HHCUIUUICDIYLM-UHFFFAOYSA-N,,,,broad_macrocycle_pretrain,,,16,True,False,pretrain_test,pretraining_macrocycle; max_phase=None
PREMAC_3e0ba68d13,ChEMBL_macrocycle_scan,CHEMBL288044,CCCCCCCCCCCCOC(C)C1=C(C)c2cc3nc(c4c5[nH]c(cc6[nH]c(cc1n2)c(C)c6CC)c(C)c5C(=O)N(CCCCCC)C4=O)[C@@H](CCC(=O)OC)[C@@H]3C,KLONXXJCFMHEDC-SQMUEVOUSA-N,,,,broad_macrocycle_pretrain,,,16,True,False,pretrain_test,pretraining_macrocycle; max_phase=None
PREMAC_637a5023ad,ChEMBL_macrocycle_scan,CHEMBL304221,CNC(=O)[C@@H]1Cc2ccc(cc2)OCCCCC[C@H](C(=O)O)[C@@H](CC(C)C)C(=O)N1,RTSLKKUJJKXEJT-ZCNNSNEGSA-N,,,,broad_macrocycle_pretrain,,,16,True,False,pretrain_test,pretraining_macrocycle; max_phase=None
PREMAC_150a6a3180,ChEMBL_macrocycle_scan,CHEMBL284893,CC[C@H]1OC(=O)[C@H](C)[C@H]2OC3(CCN(c4nc5ccccc5o4)CC3)O[C@](C)(C[C@@H](C)CN(C)[C@H](C)[C@@H](O)[C@]1(C)O)[C@H](O[C@@H]1O[C@H](C)CC(N(C)C)[C@H]1O)[C@H]2C,PQRYGGZBZJLTJX-BVBBRXRQSA-N,,,,broad_macrocycle_pretrain,,,15,True,False,pretrain_test,pretraining_macrocycle; max_phase=None
PREMAC_72afdcd952,ChEMBL_macrocycle_scan,CHEMBL432130,CN(C)C[C@@H]1CCn2cc(c3ccccc32)C2=C(C(=O)NC2=O)c2cn(c3ccccc23)CCO1.CS(=O)(=O)O,DUHQBKLTAVUXFF-FERBBOLQSA-N,,,,broad_macrocycle_pretrain,,,14,True,False,pretrain_test,pretraining_macrocycle; max_phase=None
PREMAC_cbf3664177,ChEMBL_macrocycle_scan,CHEMBL65047,NC(=O)[C@@H]1CC(=O)NCCC[C@@H](NC(=O)[C@@H](N)Cc2ccc(O)cc2)C(=O)N[C@@H](CCc2ccccc2)C(=O)N1,UCNKQZQIXSIGBL-BJESRGMDSA-N,,,,broad_macrocycle_pretrain,,,13,True,False,pretrain_test,pretraining_macrocycle; max_phase=None
PREMAC_69081dbeca,ChEMBL_macrocycle_scan,CHEMBL59747,N=C(N)NCCC[C@@H]1NC(=O)CNC(=O)C[S+]([O-])C[C@@H](C(=O)O)NC(=O)[C@H](CC(=O)O)NC(=O)CNC1=O,NOGJEZSRANWTRH-OXKPXZTESA-N,,,,broad_macrocycle_pretrain,,,18,True,False,pretrain_test,pretraining_macrocycle; max_phase=None
PREMAC_484618642d,ChEMBL_macrocycle_scan,CHEMBL35489,COC(=O)[C@@H]1CSCc2c(O)cc(OC)c(C)c2C(=O)OCCCCC(=O)N1,WZWBINBVJASILX-ZDUSSCGKSA-N,,,,broad_macrocycle_pretrain,,,14,True,False,pretrain_test,pretraining_macrocycle; max_phase=None
PREMAC_17972cf1fe,ChEMBL_macrocycle_scan,CHEMBL411787,CC[C@H]1OC(=O)C[C@@H](O)[C@H](C)[C@@H](O[C@@H]2O[C@H](C)[C@@H](O[C@H]3C[C@@](C)(O)[C@@H](O)[C@H](C)O3)[C@H](N(C)C)[C@H]2O)[C@@H](CCOc2ccc(C(=O)c3ccccc3)cc2)C[C@@H](C)C(=O)/C=C/C(C)=C/[C@@H]1CO[C@@H]1O[C@H](C)[C@@H](O)[C@@H](OC)[C@H]1OC,OEFIDHXRFYMGQO-BOWQHFEJSA-N,,,,broad_macrocycle_pretrain,,,16,True,False,pretrain_test,pretraining_macrocycle; max_phase=None
PREMAC_5cc534a711,ChEMBL_macrocycle_scan,CHEMBL418698,CC[C@H]1OC(=O)/C(C)=C/[C@H](C)[C@@H](O[C@@H]2O[C@H](C)C[C@H](N(C)C)[C@H]2O)[C@@](C)(OC)C[C@@H](C)C2=NN3C(=O)O[C@@]1(C)[C@H]3[C@H]2C,UQSHYVRRNHKBAX-HMODDIRLSA-N,,,,broad_macrocycle_pretrain,,,14,True,False,pretrain_test,pretraining_macrocycle; max_phase=None
PREMAC_aa6e421f4b,ChEMBL_macrocycle_scan,CHEMBL279910,CCC1(O)c2cc3nc4c(c5nc(cc6[nH]c(cc([nH]2)C1(C)O)c(C=O)c6C)[C@@H](C)[C@@H]5CCC(=O)NC(CC(=O)OC(C)(C)C)C(=O)OC(C)(C)C)C(=O)OC(=O)C4=C3C,NPJNBTMYAXCBCU-SZSMQXATSA-N,,,,broad_macrocycle_pretrain,,,16,True,False,pretrain_test,pretraining_macrocycle; max_phase=None
PREMAC_9c58bd5baa,ChEMBL_macrocycle_scan,CHEMBL274636,CCOc1ccc(C[C@H]2NC(=O)CCSSC[C@@H](C(=O)N3CCC[C@@H]3C(=O)N[C@H](CCCN=C(N)N)C(=O)NCC(N)=O)NC(=O)[C@H](CC(N)=O)NC(=O)[C@@H](C(C)C)NC(=O)[C@H](Cc3ccccc3)NC2=O)cc1,YBCGTBVLMRQKFC-SLUIKDMTSA-N,,,,broad_macrocycle_pretrain,,,20,True,False,pretrain_test,pretraining_macrocycle; max_phase=None
PREMAC_38c57675ba,ChEMBL_macrocycle_scan,CHEMBL433309,CC(C)[C@@H]1NC(=O)CCCCCOc2ccc(cc2)C[C@@H]([C@H](O)CN2CC3CCCCC3C[C@H]2C(=O)NC(C)(C)C)NC1=O,MPSUCFFGDLOVOA-HXENFPAXSA-N,,,,broad_macrocycle_pretrain,,,17,True,False,pretrain_test,pretraining_macrocycle; max_phase=None
PREMAC_bfd3e4fb52,ChEMBL_macrocycle_scan,CHEMBL300390,C=C(C)[C@H]1CCC2=C[C@@H](C[C@]3(C)O[C@H]3c3cc(C(=O)OC)c(o3)C1)OC2=O,PPHCYWKQJLNLQQ-TVVYHTAVSA-N,,,,broad_macrocycle_pretrain,,,13,True,False,pretrain_test,pretraining_macrocycle; max_phase=None
PREMAC_3a8308ee48,ChEMBL_macrocycle_scan,CHEMBL284467,CC[C@H]1OC(=O)[C@H](C)[C@@H](O[C@H]2C[C@@](C)(OC)[C@@H](O)[C@H](C)O2)[C@H](C)[C@@H](O[C@@H]2O[C@H](C)C[C@H](N(C)C)[C@H]2O)[C@@]2(C)C[C@@H](C)N=C(O2)[C@H](C)[C@@H](O)[C@]1(C)O,WJHMYCUHZMBNPY-XBWOTNPQSA-N,,,,broad_macrocycle_pretrain,,,13,True,False,pretrain_test,pretraining_macrocycle; max_phase=None
PREMAC_78b13bcfee,ChEMBL_macrocycle_scan,CHEMBL305165,CC[C@H]1OC(=O)[C@@](C)(F)C(=O)[C@H](C)[C@@H](O[C@@H]2O[C@H](C)C[C@H](N(C)C)[C@H]2O)[C@](C)(OC)C[C@@H](C)C(=O)[C@H](C)[C@H]2N(CCCCn3cnc(-c4cccnc4)c3)C(=O)O[C@]12C,RSIQCUSPSFSWMQ-XXTFOGKVSA-N,,,,broad_macrocycle_pretrain,,,14,True,False,pretrain_test,pretraining_macrocycle; max_phase=None
PREMAC_c00ca71c25,ChEMBL_macrocycle_scan,CHEMBL408035,CC[C@H]1OC(=O)[C@H](C)[C@@H](O[C@H]2C[C@@](C)(OC)[C@@](O)(c3cccnc3)[C@H](C)O2)[C@H](C)[C@@H](O[C@@H]2O[C@H](C)C[C@H](N(C)C)[C@H]2O)[C@](C)(O)C[C@@H](C)CN[C@H](C)[C@@H](O)[C@]1(C)O,QWRVBWRZZQITQQ-ZIMYWQGISA-N,,,,broad_macrocycle_pretrain,,,15,True,False,pretrain_test,pretraining_macrocycle; max_phase=None
PREMAC_97866b72b7,ChEMBL_macrocycle_scan,CHEMBL276838,COc1ccc(C[C@H]2NC(=O)/C=C/C[C@@H](C(C#Cc3ccccc3)OS(C)(=O)=O)OC(=O)[C@H](CC(C)C)OC(=O)[C@@H](C)CNC2=O)cc1,CXMIZECPZVURLN-CZCQLQPMSA-N,,,,broad_macrocycle_pretrain,,,16,True,False,pretrain_test,pretraining_macrocycle; max_phase=None
PREMAC_5afeeab87e,ChEMBL_macrocycle_scan,CHEMBL442557,NC(=O)CC[C@H]1NC(=O)CSC[C@@H](C(=O)O)NC(=O)[C@H](CC(=O)O)NC(=O)CNC(=O)[C@H](CCCN=C(N)N)NC1=O,JPTRMWXSXVJLJS-RNJOBUHISA-N,,,,broad_macrocycle_pretrain,,,18,True,False,pretrain_test,pretraining_macrocycle; max_phase=None
PREMAC_3e32eb1548,ChEMBL_macrocycle_scan,CHEMBL66134,CSCCNC(=O)[C@@H]1Cc2ccc(cc2)OCCCC[C@H](C(=O)NO)[C@@H](CC(C)C)C(=O)N1,QPPXLNJKZJGLRN-HBMCJLEFSA-N,,,,broad_macrocycle_pretrain,,,15,True,False,pretrain_test,pretraining_macrocycle; max_phase=None
PREMAC_ab46c1f0a8,ChEMBL_macrocycle_scan,CHEMBL302349,CSCC[C@H](NC(=O)[C@H](CC(C)C)NC(=O)CN1CCCNC(=O)CCCCC(=O)N[C@H](CCCN=C(N)N)C(=O)N[C@@H](Cc2ccccc2)C(=O)N[C@H](Cc2ccccc2)C1=O)C(N)=O,MHGTZHZAQAFNNE-DUQWPARQSA-N,,,,broad_macrocycle_pretrain,,,20,True,False,pretrain_test,pretraining_macrocycle; max_phase=None
PREMAC_eab5db86be,ChEMBL_macrocycle_scan,CHEMBL36091,COC(=O)[C@@H]1CSCc2c(O)cc(OC)c(C)c2C(=O)OCCCCCC/C(S)=N/1,ZUYPRTQSVKLTFL-HNNXBMFYSA-N,,,,broad_macrocycle_pretrain,,,16,True,False,pretrain_test,pretraining_macrocycle; max_phase=None
PREMAC_42bdfa5cf4,ChEMBL_macrocycle_scan,CHEMBL407898,CCC1=C(C)C2=N/C1=C\c1[nH]c(c(CCC(=O)N(C)CC(O)C(O)C(O)C(O)CO)c1C)/C=c1\[nH]/c(c(CC)c1CC)=C\c1[nH]c(c(C)c1CCC(=O)N(C)CC(O)C(O)C(O)C(O)CO)/C=C1\N=C(C2)C(C)=C1CC,TYXBDXIDURGPJH-UIUZFVHMSA-N,,,,broad_macrocycle_pretrain,,,20,True,False,pretrain_test,pretraining_macrocycle; max_phase=None
PREMAC_6dd5e263ad,ChEMBL_macrocycle_scan,CHEMBL29833,CCOOC1(OC)CCCCCCCCCCC1,NOEPDPNKEWDPLW-UHFFFAOYSA-N,,,,broad_macrocycle_pretrain,,,12,True,False,pretrain_test,pretraining_macrocycle; max_phase=None
PREMAC_b1cd9ebd59,ChEMBL_macrocycle_scan,CHEMBL274795,CCN1CC(C(=O)Nc2ccc3c(c2)C(=O)NCCC(=O)N[C@@H](CCN)C(=O)N[C@H](Cc2ccc(O)cc2)CO3)C(=O)c2ccc(C)nc21,JVWRCSCYWJKNMR-CUWFNYONSA-N,,,,broad_macrocycle_pretrain,,,14,True,False,pretrain_test,pretraining_macrocycle; max_phase=None
PREMAC_19073e8c68,ChEMBL_macrocycle_scan,CHEMBL290925,C/C=C/CN1C(=O)[C@@H](C)NC(=O)[C@@H]2Cc3ccc(OC)c(c3)Oc3ccc(cc3)C[C@@H](C(=O)N2C)N(C)C(=O)[C@H](C)NC(=O)[C@H](Cc2ccc(OC)cc2)N(C)C(=O)[C@@H]1C,NYHQNMDVZZKZBI-NJHVIDCQSA-N,,,,broad_macrocycle_pretrain,,,18,True,False,pretrain_test,pretraining_macrocycle; max_phase=None
PREMAC_4751115fd8,ChEMBL_macrocycle_scan,CHEMBL428856,CCC1(O)c2cc3nc4c(c5nc(cc6[nH]c(cc([nH]2)C1(C)O)c(C=O)c6C)[C@@H](C)[C@@H]5CCC(=O)OC)C(=O)OC(=O)C4=C3C,ATKVKVYJSDJQAS-HSOHVCEISA-N,,,,broad_macrocycle_pretrain,,,16,True,False,pretrain_test,pretraining_macrocycle; max_phase=None
PREMAC_ebc2108671,ChEMBL_macrocycle_scan,CHEMBL290484,CCN1C(=O)[C@@H](C)NC(=O)[C@@H]2Cc3ccc(OC)c(c3)Oc3ccc(cc3)C[C@@H](C(=O)N2C)N(C)C(=O)[C@H](C)NC(=O)[C@H](Cc2ccc(OC)cc2)N(C)C(=O)[C@@H]1C,LUGGKXDFZMMQJA-QDJVBVQDSA-N,,,,broad_macrocycle_pretrain,,,18,True,False,pretrain_test,pretraining_macrocycle; max_phase=None
PREMAC_ec094b805c,ChEMBL_macrocycle_scan,CHEMBL425802,CC[C@H]1OC(=O)/C(C)=C(/OCOCCCc2ccccc2)[C@H](C)[C@@H](O[C@@H]2O[C@H](C)C[C@H](N(C)C)[C@H]2O)[C@](C)(OC)C[C@@H](C)C(=O)[C@H](C)[C@H]2N(CCCCn3cnc(-c4cccnc4)c3)C(=O)O[C@]12C,WYAAOCQHQHNIGX-BNVPNJJTSA-N,,,,broad_macrocycle_pretrain,,,14,True,False,pretrain_test,pretraining_macrocycle; max_phase=None
PREMAC_4017be145b,ChEMBL_macrocycle_scan,CHEMBL295879,CC[C@H]1OC(=O)/C(C)=C/[C@H](C)[C@@H](O[C@@H]2O[C@H](C)C[C@H](N(C)C)[C@H]2O)[C@@](C)(OC)C[C@@H](C)C(=O)[C@H](C)[C@H]2N(CCc3cccs3)C(=O)O[C@]12C,MMLNSDHFMYYFIF-ZXICEDJXSA-N,,,,broad_macrocycle_pretrain,,,14,True,False,pretrain_test,pretraining_macrocycle; max_phase=None
PREMAC_65f389ca71,ChEMBL_macrocycle_scan,CHEMBL312350,CCC(C)[C@H]1O[C@]2(C=C[C@@H]1C)C[C@@H]1C[C@@H](C/C=C(\C)[C@@H](O[C@H]3C[C@H](OC)[C@@H](O[C@H]4C[C@H](OC)[C@H](NC=O)[C@H](C)O4)[C@H](C)O3)[C@@H](C)/C=C/C=C3\CO[C@@H]4[C@H](O)C(C)=C[C@@H](C(=O)O1)[C@]34O)O2,CTOLTUCVXLWGDP-BBOHMHIASA-N,,,,broad_macrocycle_pretrain,,,16,True,False,pretrain_test,pretraining_macrocycle; max_phase=None
PREMAC_9e0c546305,ChEMBL_macrocycle_scan,CHEMBL406427,CCC(C)[C@H]1O[C@]2(CC[C@@H]1C)C[C@@H]1C[C@@H](C/C=C(\C)[C@@H](O[C@H]3C[C@H](OC)[C@@H](O[C@H]4C[C@H](OC)[C@H](NC(=O)COC)[C@H](C)O4)[C@H](C)O3)[C@@H](C)/C=C/C=C3\CO[C@@H]4[C@H](O)C(C)=C[C@@H](C(=O)O1)[C@]34O)O2,ZCWVLBOIQNEMLG-FUCQIEGZSA-N,,,,broad_macrocycle_pretrain,,,16,True,False,pretrain_test,pretraining_macrocycle; max_phase=None
PREMAC_0852fba0fd,ChEMBL_macrocycle_scan,CHEMBL277784,NCCC[C@H](N)CC(=O)NC1CNC(=O)[C@@H](C2CC(NC(=O)NCc3ccc(Cl)c(Cl)c3)N=C(N)N2)NC(=O)/C(=C/NC(N)=O)NC(=O)[C@@H](CO)NC(=O)[C@@H](CO)NC1=O,VVWJRKJYJFHWCC-RTSSWOKHSA-N,,,,broad_macrocycle_pretrain,,,16,True,False,pretrain_test,pretraining_macrocycle; max_phase=None
PREMAC_9b55561b4e,ChEMBL_macrocycle_scan,CHEMBL309702,C/C1=C\C(=O)OC[C@]23CC[C@@]4(C)O[C@H]4[C@H]2O[C@@H]2C[C@@H](OC(=O)/C=C\C=C\C4OC(C1)OC4C)[C@@]3(C)C21CO1,ZIYCBQPVLHOKPQ-LTFXSFCWSA-N,,,,broad_macrocycle_pretrain,,,18,True,False,pretrain_test,pretraining_macrocycle; max_phase=None
PREMAC_a5ba28de0b,ChEMBL_macrocycle_scan,CHEMBL276155,COc1ccc(C[C@H]2NC(=O)/C=C/C[C@@H](C(=O)/C=C\c3ccccc3)OC(=O)[C@H](CC(C)C)OC(=O)CCNC2=O)cc1,WSQJOXJJQYZKMK-NJNHIXHQSA-N,,,,broad_macrocycle_pretrain,,,16,True,False,pretrain_test,pretraining_macrocycle; max_phase=None
PREMAC_00f63e0c04,ChEMBL_macrocycle_scan,CHEMBL411378,Cc1nc(C[C@@H]2NC(=O)[C@@H](NC(=O)[C@@H](N)Cc3ccccc3)CSSC[C@H](C(=O)N[C@H](C(N)=O)[C@@H](C)O)NC(=O)[C@@H](Cc3c[nH]c4ccccc34)NC(=O)[C@H](CCCN=C(N)N)NC(=O)[C@@H](Cc3ccccc3)NC2=O)c[nH]1,HEOQNUAQOHARQX-UCJIMMPYSA-N,,,,broad_macrocycle_pretrain,,,20,True,False,pretrain_test,pretraining_macrocycle; max_phase=None
PREMAC_caff65fae8,ChEMBL_macrocycle_scan,CHEMBL262546,CC(C)(C)OC(=O)N1CCCN(C(=O)OC(C)(C)C)CCN(C(=O)OC(C)(C)C)CCCN(C(=O)CCCC(=O)N2CCCN(C(=O)OC(C)(C)C)CCN(C(=O)OC(C)(C)C)CCCN(C(=O)OC(C)(C)C)CC2)CC1,NJSJYYQXAVLSIO-UHFFFAOYSA-N,,,,broad_macrocycle_pretrain,,,14,True,False,pretrain_test,pretraining_macrocycle; max_phase=None
PREMAC_ae36872366,ChEMBL_macrocycle_scan,CHEMBL265636,C[C@@H](O)[C@@H]1NC(=O)[C@H](CCCCN)NC(=O)[C@H](Cc2c[nH]c3ccccc23)NC(=O)[C@H](Cc2ccccc2)NC(=O)[C@H](NC(=O)[C@H](N)Cc2ccccc2)CSSC[C@@H](C(=O)N(C)[C@H](C(N)=O)[C@@H](C)O)NC1=O,RWYRUUWOABTOSN-JBJZNJHGSA-N,,,,broad_macrocycle_pretrain,,,20,True,False,pretrain_test,pretraining_macrocycle; max_phase=None
PREMAC_17789f7ff5,ChEMBL_macrocycle_scan,CHEMBL293861,N=C(N)NCCC[C@@H]1NC(=O)CSC[C@@H](C(=O)O)NC(=O)[C@H](CC(=O)O)NC(=O)CNC1=O,XYOKUUVUGGBFHW-GUBZILKMSA-N,,,,broad_macrocycle_pretrain,,,15,True,False,pretrain_test,pretraining_macrocycle; max_phase=None
PREMAC_1bc81ed10e,ChEMBL_macrocycle_scan,CHEMBL12282,CC[C@H]1OC(=O)[C@H](C)[C@@H](OC(=O)N2C(=O)OC[C@@H]2C)[C@H](C)[C@@H](OC2O[C@H](C)C[C@H](N(C)CC3CC3)[C@H]2O)[C@@](C)(OC)C[C@@H](C)C(=O)[C@H](C)[C@H]2N(CCc3ccc(F)c(Cl)c3)C(=O)O[C@]12C,XPNNHFRRFNZYAS-VOJQBVHPSA-N,,,,broad_macrocycle_pretrain,,,14,True,False,pretrain_test,pretraining_macrocycle; max_phase=None
PREMAC_b674dcc4af,ChEMBL_macrocycle_scan,CHEMBL13656,COc1ccc(C[C@H]2NC(=O)/C=C/C[C@@H](C(Br)C#Cc3ccccc3)OC(=O)[C@H](CC(C)C)OC(=O)CCNC2=O)cc1,SFJYGXIFGMDCOL-MNPBWNLPSA-N,,,,broad_macrocycle_pretrain,,,16,True,False,pretrain_test,pretraining_macrocycle; max_phase=None
PREMAC_7f4dd78ea9,ChEMBL_macrocycle_scan,CHEMBL541457,C[C@@H](O)[C@@H]1NC(=O)[C@H](CCCN)NC(=O)[C@H](Cc2c[nH]c3ccccc23)NC(=O)[C@H](Cc2ccc(O)cc2)NC(=O)[C@@H](NC(=O)[C@H](N)Cc2ccccc2)CSSC(C)(C)[C@@H](C(N)=O)NC1=O,UNBDFPKZSFMPQB-FZZKYORTSA-N,,,,broad_macrocycle_pretrain,,,20,True,False,pretrain_test,pretraining_macrocycle; max_phase=None
PREMAC_572559099a,ChEMBL_macrocycle_scan,CHEMBL283854,C/C=C/C(=O)CC1CCC2(O)CC(C)C(CCCNC(=O)C(C)C3CNC(=O)CC(O1)C(C)CCCCC(CCC(C)/C=C(\C)C(C)OC(C)=O)O3)O2,LSVIFGZELQKBJY-UZBLCXHJSA-N,,,,broad_macrocycle_pretrain,,,19,True,False,pretrain_test,pretraining_macrocycle; max_phase=None
PREMAC_5a6001c936,ChEMBL_macrocycle_scan,CHEMBL292615,CO/C1=C\C(C)=C\C(C)C(=O)[C@@H](C)C/C(C)=C/C=C/C(OC)[C@@H]([C@@H](C)C(=O)[C@H](C)C2=CC(=O)[C@H](C)[C@@H](C(C)C)O2)OC1=O,LOMMMCIEBYSLCY-VKKUNWSCSA-N,,,,broad_macrocycle_pretrain,,,16,True,False,pretrain_test,pretraining_macrocycle; max_phase=None
PREMAC_f439f6cbe9,ChEMBL_macrocycle_scan,CHEMBL43504,CC[C@H]1OC(=O)C[C@@H](O)[C@H](C)[C@@H](O[C@@H]2O[C@H](C)[C@@H](O)[C@H](N(C)C)[C@H]2O)[C@@H](CCO)C[C@@H](C)C(=O)/C=C/C(C)=C/[C@@H]1C,XQKWQTHDMFMQOD-CQGKBTLCSA-N,,,,broad_macrocycle_pretrain,,,16,True,False,pretrain_test,pretraining_macrocycle; max_phase=None
PREMAC_de0a3303f0,ChEMBL_macrocycle_scan,CHEMBL408492,NC(N)=NCC[C@H]1NC(=O)[C@H](Cc2c[nH]c3ccccc23)NC(=O)[C@@H](CC2CCCCC2)NC(=O)[C@@H]2CCCN2C(=O)[C@@H](NC(=O)[C@@H](N)Cc2ccccc2)CNC1=O,VVQNNLDBIZYQRT-WXSCBCFWSA-N,,,,broad_macrocycle_pretrain,,,16,True,False,pretrain_test,pretraining_macrocycle; max_phase=None
PREMAC_47ed0c92a2,ChEMBL_macrocycle_scan,CHEMBL61164,CC1C/C=C\CCCCCCCCCOC(=O)N1CC(O)C(Cc1ccccc1)NC(=O)O[C@H]1CO[C@H]2OCC[C@H]21,LPCGWMPRBJOGPB-ZMDRSFAASA-N,,,,broad_macrocycle_pretrain,,,16,True,False,pretrain_test,pretraining_macrocycle; max_phase=None
PREMAC_c4732f09c6,ChEMBL_macrocycle_scan,CHEMBL37451,COC(=O)[C@@H]1CSCc2c(OC)cc(O)c(C)c2C(=O)OCC(NC(=O)OC(C)(C)C)C(=O)N1,MIWKALBMBPFPLO-KZUDCZAMSA-N,,,,broad_macrocycle_pretrain,,,12,True,False,pretrain_test,pretraining_macrocycle; max_phase=None
PREMAC_1739e17f82,ChEMBL_macrocycle_scan,CHEMBL52805,COc1cc(NS(C)(=O)=O)ccc1Nc1c2ccccc2nc2c(C(=O)NC3CCCCCCCCCCC3)cccc12,HNSZZHDLJWSBFS-UHFFFAOYSA-N,,,,broad_macrocycle_pretrain,,,12,True,False,pretrain_test,pretraining_macrocycle; max_phase=None
PREMAC_1298b4355a,ChEMBL_macrocycle_scan,CHEMBL276461,COc1ccc(C[C@H]2NC(=O)/C=C/C[C@@H](C(=O)C#Cc3ccccc3)OC(=O)[C@H](CC(C)C)OC(=O)CCNC2=O)cc1,PMMNXTILDCXNMF-HUOUUOGISA-N,,,,broad_macrocycle_pretrain,,,16,True,False,pretrain_test,pretraining_macrocycle; max_phase=None
PREMAC_1f5e4566be,ChEMBL_macrocycle_scan,CHEMBL411010,CC[C@H]1OC(=O)C[C@@H](O)[C@H](C)[C@@H](O[C@@H]2O[C@H](C)[C@@H](O[C@H]3C[C@@](C)(O)[C@@H](O)[C@H](C)O3)[C@H](N(C)C)[C@H]2O)[C@@H](CCSc2ccccc2)C[C@@H](C)C(=O)/C=C/C(C)=C/[C@@H]1CO[C@@H]1O[C@H](C)[C@@H](O)[C@@H](OC)[C@H]1OC,ZWOXSWZFCWWARU-WKLXBBMDSA-N,,,,broad_macrocycle_pretrain,,,16,True,False,pretrain_test,pretraining_macrocycle; max_phase=None
PREMAC_5ff76ebd09,ChEMBL_macrocycle_scan,CHEMBL275603,CC(=O)N1CCC(c2ccc(O)cc2)C1C(=O)N[C@H]1CSSC[C@@H](C(=O)O)NC(=O)C2(CCCC2)CCNC1=O,VAZGXXMURSMRGV-INAZGPRKSA-N,,,,broad_macrocycle_pretrain,,,13,True,False,pretrain_test,pretraining_macrocycle; max_phase=None
PREMAC_0db0718c3b,ChEMBL_macrocycle_scan,CHEMBL298129,CC[C@H]1OC(=O)[C@H](C)[C@@H](O[C@H]2C[C@@](C)(OC)C[C@H](C)O2)[C@H](C)[C@@H](O[C@@H]2O[C@H](C)C[C@H](NC)[C@H]2O)[C@@]2(C)CC(C)=C(O2)[C@H](C)[C@@H](O)[C@]1(C)O,RQRONMWZCPMUSV-LSJLKCSDSA-N,,,,broad_macrocycle_pretrain,,,13,True,False,pretrain_test,pretraining_macrocycle; max_phase=None
PREMAC_af1a7b4774,ChEMBL_macrocycle_scan,CHEMBL46598,CC[C@H]1OC(=O)/C(C)=C/[C@H](C)[C@@H](O[C@@H]2O[C@H](C)C[C@H](N(C)C)[C@H]2O)[C@@](C)(OC)C[C@@H](C)C(=O)[C@H](C)[C@H]2N(NCc3c(O)ccc4ccccc34)C(=O)O[C@]12C,PCJAUMQNSCZGTF-GVGZNUGLSA-N,,,,broad_macrocycle_pretrain,,,14,True,False,pretrain_test,pretraining_macrocycle; max_phase=None
PREMAC_d3b402ed4d,ChEMBL_macrocycle_scan,CHEMBL431387,CC(C)[C@@H]1NC(=O)CCCCCCCOc2ccc(cc2)C[C@@H]([C@H](O)CN2CC3CCCCC3C[C@H]2C(=O)NC(C)(C)C)NC1=O,WEDYIPBWZKOBFA-ZUCIFVEUSA-N,,,,broad_macrocycle_pretrain,,,19,True,False,pretrain_test,pretraining_macrocycle; max_phase=None
PREMAC_8a6070cb88,ChEMBL_macrocycle_scan,CHEMBL275467,CC[C@H]1OC(=O)[C@H](C)[C@@H](OC(=O)N2C(=O)OC[C@@H]2C)[C@H](C)[C@@H](OC2O[C@H](C)C[C@H](N(C)C(C)C)[C@H]2O)[C@@](C)(OC)C[C@@H](C)C(=O)[C@H](C)[C@H]2N(CCc3ccc(Cl)cc3)C(=O)O[C@]12C,GTVMFQNCOSGPQH-PCIFNHOVSA-N,,,,broad_macrocycle_pretrain,,,14,True,False,pretrain_test,pretraining_macrocycle; max_phase=None
PREMAC_21a323c75c,ChEMBL_macrocycle_scan,CHEMBL411587,CCOc1ccc(C[C@H]2NC(=O)CC(C)(C)SSC[C@H](C(=O)N3CCC[C@H]3C(=O)N[C@H](CCCN=C(N)N)C(=O)NCC(N)=O)NC(=O)[C@@H](CC(N)=O)NC(=O)[C@H](C(C)C)NC(=O)[C@@H](Cc3ccccc3)NC2=O)cc1,RHLYUMPLHSJBPY-TUHVAHTNSA-N,,,,broad_macrocycle_pretrain,,,20,True,False,pretrain_test,pretraining_macrocycle; max_phase=None
PREMAC_81a418c385,ChEMBL_macrocycle_scan,CHEMBL417689,COc1cc(O)c2c(c1C)C(=O)OCCC/C(S)=N/[C@H](c1nc(C)no1)CSC2,CWGOACAMLGMXIK-ZDUSSCGKSA-N,,,,broad_macrocycle_pretrain,,,13,True,False,pretrain_test,pretraining_macrocycle; max_phase=None
PREMAC_70bcba97fc,ChEMBL_macrocycle_scan,CHEMBL434021,CC#C[C@@]1(O)[C@H](C)O[C@@H](O[C@H]2[C@H](C)[C@@H](O[C@@H]3O[C@H](C)C[C@H](N(C)C)[C@H]3O)[C@](C)(O)C[C@@H](C)CN(C)[C@H](C)[C@@H](O)[C@](C)(O)[C@@H](CC)OC(=O)[C@@H]2C)C[C@@]1(C)OC,YUZFFWVNAHVOEY-GQOMQJQLSA-N,,,,broad_macrocycle_pretrain,,,15,True,False,pretrain_test,pretraining_macrocycle; max_phase=None
PREMAC_3efe419589,ChEMBL_macrocycle_scan,CHEMBL288534,CC[C@H]1OC(=O)[C@H](C)[C@@H](OC2C[C@@](C)(OC)[C@@H](O)[C@H](C)O2)[C@H](C)[C@@H](OC2O[C@H](C)C[C@H](N(C)CC3CC3)[C@H]2O)[C@@](C)(OC)C[C@@H](C)C(=O)[C@H](C)[C@H]2N(CCc3ccc(Cl)cc3)C(=O)O[C@]12C,YGKMYYFJXJYWAH-OJXVMNKKSA-N,,,,broad_macrocycle_pretrain,,,14,True,False,pretrain_test,pretraining_macrocycle; max_phase=None
PREMAC_4e1dab430b,ChEMBL_macrocycle_scan,CHEMBL297832,CC[C@H]1OC(=O)C[C@@H](O)[C@H](C)[C@@H](O[C@@H]2O[C@H](C)[C@@H](O)[C@H](N(C)C)[C@H]2O)[C@@H](CCN2CCCCCCC2)C[C@@H](C)C(=O)/C=C/C(C)=C/[C@@H]1CO[C@@H]1O[C@H](C)[C@@H](O)[C@@H](O)[C@H]1OC,ZNIJFFREWIXGOO-ZNKCUAEUSA-N,,,,broad_macrocycle_pretrain,,,16,True,False,pretrain_test,pretraining_macrocycle; max_phase=None
PREMAC_63b82bca28,ChEMBL_macrocycle_scan,CHEMBL274012,N[C@@H](Cc1ccc(O)cc1)C(=O)N[C@H]1CCCCNC(=O)CNC(=O)[C@H]2CCCN2C(=O)[C@H](Cc2ccc3ccccc3c2)NC1=O,HXRSYJPZHHJNPY-GCXHJFECSA-N,,,,broad_macrocycle_pretrain,,,16,True,False,pretrain_test,pretraining_macrocycle; max_phase=None
PREMAC_d7b71edebf,ChEMBL_macrocycle_scan,CHEMBL290471,CCn1cc(C(=O)Nc2ccc3c(c2)C(=O)NCCC(=O)N[C@H](CCN)C(=O)N[C@H](Cc2ccc(O)cc2)CO3)c(=O)c2ccc(C)nc21,QZZRKRHYYIHMTE-QDPGVEIFSA-N,,,,broad_macrocycle_pretrain,,,14,True,False,pretrain_test,pretraining_macrocycle; max_phase=None
PREMAC_9acfa5683f,ChEMBL_macrocycle_scan,CHEMBL14831,COC1CC(O[C@@H]2/C(C)=C/C[C@@H]3C[C@@H](C[C@]4(C=C[C@H](C)[C@@H](C(C)C)O4)O3)OC(=O)[C@@H]3C=C(C)[C@@H](O)[C@H]4OC/C(=C\C=C\[C@@H]2C)[C@]43O)OC(C)C1O,NJTGMYOUKBELLQ-NVQQORPBSA-N,,,,broad_macrocycle_pretrain,,,16,True,False,pretrain_test,pretraining_macrocycle; max_phase=None
PREMAC_24dcaa5081,ChEMBL_macrocycle_scan,CHEMBL386280,CCOc1ccc(C[C@H]2NC(=O)CCSSC[C@@H](C(=O)N3CCC[C@@H]3C(=O)N[C@@H](CCCN=C(N)N)C(=O)NCC(N)=O)NC(=O)[C@H](CC(N)=O)NC(=O)[C@@H](C(C)C)NC(=O)[C@H](Cc3ccccc3)NC2=O)cc1,YBCGTBVLMRQKFC-CWYFRLGTSA-N,,,,broad_macrocycle_pretrain,,,20,True,False,pretrain_test,pretraining_macrocycle; max_phase=None
PREMAC_b4b8420255,ChEMBL_macrocycle_scan,CHEMBL41182,COc1ccc2c(O[C@@H]3C[C@H]4C(=O)N[C@]5(C(=O)O)C[C@H]5/C=C\CCCCC[C@H](NC(=O)OC(C)(C)C)C(=O)N4C3)cc(-c3nnc(C)o3)nc2c1,NVVNPPFHEZIWDE-YUTMHXLUSA-N,,,,broad_macrocycle_pretrain,,,15,True,False,pretrain_test,pretraining_macrocycle; max_phase=None
PREMAC_e237e9df3d,ChEMBL_macrocycle_scan,CHEMBL77008,Cc1cc(O)ccc1C[C@@H](N)C(=O)N[C@H]1C(=O)NCC(=O)N[C@@H](Cc2ccccc2)C(=O)N[C@@H](C(=O)O)C(C)(C)SSC1(C)C,KEUIDCYDWUYLMB-NJRQHTIISA-N,,,,broad_macrocycle_pretrain,,,14,True,False,pretrain_test,pretraining_macrocycle; max_phase=None
PREMAC_8fe02b3ad7,ChEMBL_macrocycle_scan,CHEMBL28643,COOC1(OOCCC(=O)OC)CCCCCCCCCCC1,RKAQVBPHERBCCO-UHFFFAOYSA-N,,,,broad_macrocycle_pretrain,,,12,True,False,pretrain_test,pretraining_macrocycle; max_phase=None
PREMAC_385e14049e,ChEMBL_macrocycle_scan,CHEMBL277483,O=P(N1CCOCCOCCOCCOCCOCC1)(N1CC1)N1CC1,KQXGWGHWPSKYGD-UHFFFAOYSA-N,,,,broad_macrocycle_pretrain,,,18,True,False,pretrain_test,pretraining_macrocycle; max_phase=None
PREMAC_c1f45d0ab8,ChEMBL_macrocycle_scan,CHEMBL309514,CC[C@H]1OC(=O)[C@H](C)[C@H]2OC3(CCN(C(=O)c4cnc5ccccc5c4)CC3)O[C@](C)(C[C@@H](C)CN(C)[C@H](C)[C@@H](O)[C@]1(C)O)[C@H](O[C@@H]1O[C@H](C)C[C@H](N(C)C)[C@H]1O)[C@H]2C,LBRXTHSVIORIGU-OLROFJLRSA-N,,,,broad_macrocycle_pretrain,,,15,True,False,pretrain_test,pretraining_macrocycle; max_phase=None
PREMAC_be1ebf7dca,ChEMBL_macrocycle_scan,CHEMBL295844,COc1ccc2c(O[C@@H]3C[C@H]4C(=O)N[C@]5(C(=O)O)C[C@H]5/C=C\CCCCC[C@H](NC(=O)OC(C)(C)C)C(=O)N4C3)cc(-c3ccccc3)nc2c1,XAZOEZNXZFURMS-WCBFGBOISA-N,,,,broad_macrocycle_pretrain,,,15,True,False,pretrain_test,pretraining_macrocycle; max_phase=None
PREMAC_cadb06046b,ChEMBL_macrocycle_scan,CHEMBL43037,COc1ccc(C[C@H]2C(=O)N[C@@H](C)C(=O)N(C)[C@H]3Cc4ccc(cc4)Oc4cc(ccc4OC)C[C@@H](C(=O)N[C@H](C)C(=O)N(CC=C(C)C)[C@@H](C)C(=O)N2C)N(C)C3=O)cc1,BRMHUNGNIDFTFX-DRMQKWIMSA-N,,,,broad_macrocycle_pretrain,,,18,True,False,pretrain_test,pretraining_macrocycle; max_phase=None
PREMAC_0bf8dab76e,ChEMBL_macrocycle_scan,CHEMBL307324,CC(C)C[C@H]1C(=O)N[C@H](Cc2c[nH]c3ccccc23)C(=O)N[C@@H](CC(=O)O)C(=O)N2CCC[C@H]2C(=O)N[C@@H](C(C)C)C(=O)N1C,DAFCCKSWJXSKCS-HOIWYFOJSA-N,,,,broad_macrocycle_pretrain,,,15,True,False,pretrain_test,pretraining_macrocycle; max_phase=None
PREMAC_07406d40f7,ChEMBL_macrocycle_scan,CHEMBL278339,CCCCCCCCOC(C)C1=C(C)c2cc3nc(c4c5[nH]c(cc6[nH]c(cc1n2)c(C)c6CC)c(C)c5C(=O)N(CCCCCC)C4=O)[C@@H](CCC(=O)OC)[C@@H]3C,KCYMFCMPPXGOCB-SVNOLVIHSA-N,,,,broad_macrocycle_pretrain,,,16,True,False,pretrain_test,pretraining_macrocycle; max_phase=None
PREMAC_fcdeb4471b,ChEMBL_macrocycle_scan,CHEMBL311416,CC[C@H]1OC(=O)[C@H](C)[C@H]2OC3(CCN(C(=O)c4ccc(-c5ccccc5)cc4)CC3)O[C@](C)(C[C@@H](C)CN[C@H](C)[C@@H](O)[C@]1(C)O)[C@H](O[C@@H]1O[C@H](C)C[C@H](N(C)C)[C@H]1O)[C@H]2C,NKDLGKXSGSZLKG-KFAPTCKFSA-N,,,,broad_macrocycle_pretrain,,,15,True,False,pretrain_test,pretraining_macrocycle; max_phase=None
PREMAC_d2b17e1ac7,ChEMBL_macrocycle_scan,CHEMBL80877,NC(=O)CNC(=O)[C@H](CCCN=C(N)N)NC(=O)[C@H]1CCCN1C(=O)[C@H]1CSSCCC(=O)N[C@@H](Cc2ccc(O)cc2)C(=O)N[C@H](Cc2ccccc2)C(=O)NCC(=O)N[C@H](CC(N)=O)C(=O)N1,XZDZYGSNLJCRQP-YZNZALTISA-N,,,,broad_macrocycle_pretrain,,,20,True,False,pretrain_test,pretraining_macrocycle; max_phase=None
PREMAC_bfcfbbb48b,ChEMBL_macrocycle_scan,CHEMBL268212,CC[C@H]1OC(=O)CC(O)[C@H](C)[C@@H](O[C@@H]2O[C@H](C)C[C@H](N(C)C)[C@H]2O)[C@@H](CCNCC(C)(C)CO)C[C@@H](C)C(=O)/C=C/C(C)=C/[C@@H]1C,OMMQYCKANCODNS-YIUNGAEGSA-N,,,,broad_macrocycle_pretrain,,,16,True,False,pretrain_test,pretraining_macrocycle; max_phase=None
PREMAC_d66018d10c,ChEMBL_macrocycle_scan,CHEMBL309630,CC[C@H]1OC(=O)[C@H](C)[C@H]2OC3(CCN(C(=O)c4cncc(Cl)c4Cl)CC3)O[C@](C)(C[C@@H](C)CN[C@H](C)[C@@H](O)[C@]1(C)O)[C@H](O[C@@H]1O[C@H](C)C[C@H](N(C)C)[C@H]1O)[C@H]2C,LIZQQWSXCCUHBC-AEFBHLTRSA-N,,,,broad_macrocycle_pretrain,,,15,True,False,pretrain_test,pretraining_macrocycle; max_phase=None
PREMAC_0a6613eb15,ChEMBL_macrocycle_scan,CHEMBL289140,COC(=O)[C@@H]1CSCc2c(O)cc(O)c(C)c2C(=O)OCC(NC(=O)[C@H](CO)NC(=O)OC(C)(C)C)C(=O)N1,MVPVWLIXZFPPOP-LWEDLAQUSA-N,,,,broad_macrocycle_pretrain,,,12,True,False,pretrain_test,pretraining_macrocycle; max_phase=None
PREMAC_a2161432c7,ChEMBL_macrocycle_scan,CHEMBL413925,CNCC(=O)N[C@@H](CCCN=C(N)N)C(=O)N1C[C@@H]2C[C@H]1C(=O)N[C@@H](Cc1ccc(O)cc1)C(=O)N[C@H](C(=O)N[C@@H](Cc1c[nH]cn1)C(=O)N1CCC[C@H]1C(=O)N[C@@H](Cc1ccccc1)C(=O)O)CSS2,REABXZNZWCYJOF-MDKUUQCZSA-N,,,,broad_macrocycle_pretrain,,,12,True,False,pretrain_test,pretraining_macrocycle; max_phase=None
PREMAC_f60610cebb,ChEMBL_macrocycle_scan,CHEMBL296851,CCOCCCN1C(=O)O[C@]2(C)[C@@H](CC)OC(=O)/C(C)=C/[C@H](C)[C@@H](O[C@@H]3O[C@H](C)C[C@H](N(C)C)[C@H]3O)[C@@](C)(OC)C[C@@H](C)C(=O)[C@H](C)[C@@H]12,OXNSICNPQFNYGX-HABBCIAZSA-N,,,,broad_macrocycle_pretrain,,,14,True,False,pretrain_test,pretraining_macrocycle; max_phase=None
PREMAC_eacdfe48d3,ChEMBL_macrocycle_scan,CHEMBL28851,CC[C@H]1OC(=O)[C@H](C)[C@H]2OC3(CCN(c4nccs4)CC3)O[C@](C)(C[C@@H](C)CN(C)[C@H](C)[C@@H](O)[C@]1(C)O)[C@H](O[C@@H]1O[C@H](C)CC(N(C)C)[C@H]1O)[C@H]2C,DUEJQJCIWQIRDR-SRTKHRSUSA-N,,,,broad_macrocycle_pretrain,,,15,True,False,pretrain_test,pretraining_macrocycle; max_phase=None
PREMAC_2e17ec8356,ChEMBL_macrocycle_scan,CHEMBL268302,CC[C@H]1OC(=O)C[C@@H](O)[C@H](C)[C@@H](O[C@@H]2O[C@H](C)[C@@H](O[C@H]3C[C@@](C)(O)[C@@H](O)[C@H](C)O3)[C@H](N(C)C)[C@H]2O)[C@@H](CCOc2ccccc2)C[C@@H](C)C(=O)/C=C/C(C)=C/[C@@H]1CO[C@@H]1O[C@H](C)[C@@H](O)[C@@H](OC)[C@H]1OC,XCXVEDQZWPFTRN-WKLXBBMDSA-N,,,,broad_macrocycle_pretrain,,,16,True,False,pretrain_test,pretraining_macrocycle; max_phase=None
PREMAC_56091c8802,ChEMBL_macrocycle_scan,CHEMBL268091,CC(C)[C@H]1NC(=O)[C@H](Cc2ccccc2)NC(=O)[C@@H](Cc2ccc(O)cc2)NC(=O)CCSSC[C@@H](C(=O)N2CCC[C@@H]2C(=O)N[C@@H](CCCN=C(N)N)C(=O)NCC(N)=O)NC(=O)[C@H](CC(N)=O)NC1=O,KEBRFHAVFOSSOX-OXXJGCMJSA-N,,,,broad_macrocycle_pretrain,,,20,True,False,pretrain_test,pretraining_macrocycle; max_phase=None
PREMAC_bd499d5872,ChEMBL_macrocycle_scan,CHEMBL302776,CC(C)C[C@@H]1NC(=O)[C@H](C(C)C)NC(=O)[C@H](C)NC(=O)[C@H](CC(=O)O)NC(=O)[C@@H](Cc2c[nH]c3ccccc23)NC1=O,GBGNTWNIJJNICS-LJHGKCNASA-N,,,,broad_macrocycle_pretrain,,,15,True,False,pretrain_test,pretraining_macrocycle; max_phase=None
PREMAC_1964eb3684,ChEMBL_macrocycle_scan,CHEMBL63031,NC(=O)CC[C@@H]1NC(=O)CSC[C@@H](C(=O)O)NC(=O)[C@H](CC(=O)O)NC(=O)CNC(=O)[C@H](CCCN=C(N)N)NC1=O,JPTRMWXSXVJLJS-CYDGBPFRSA-N,,,,broad_macrocycle_pretrain,,,18,True,False,pretrain_test,pretraining_macrocycle; max_phase=None
PREMAC_2863d2c161,ChEMBL_macrocycle_scan,CHEMBL68027,C=CC[C@@H]1/C=C(\C)C[C@H](C)[C@H](OC)[C@H]2O[C@@](O)(C(=O)C(=O)N3CCCC[C@H]3C(=O)O[C@H](/C(C)=C/[C@@H]3CC[C@@H](O)[C@H](OC)C3)[C@H](C)[C@@H](O)CC1=O)[C@H](C)C[C@@H]2OC,LXCDNECJDXFACO-ZGIDGVMNSA-N,,,,broad_macrocycle_pretrain,,,20,True,False,pretrain_test,pretraining_macrocycle; max_phase=None
PREMAC_29f823f150,ChEMBL_macrocycle_scan,CHEMBL28625,CC[C@H]1OC(=O)[C@H](C)[C@H]2OC3(CCN(c4ccccc4[N+](=O)[O-])CC3)O[C@](C)(C[C@@H](C)CN(C)[C@H](C)[C@@H](O)[C@]1(C)O)[C@H](O[C@@H]1O[C@H](C)CC(N(C)C)[C@H]1O)[C@H]2C,UNHGVKGWFKTJPA-VWPBGQCNSA-N,,,,broad_macrocycle_pretrain,,,15,True,False,pretrain_test,pretraining_macrocycle; max_phase=None
PREMAC_936e40a280,ChEMBL_macrocycle_scan,CHEMBL406152,CC(C)[C@H]1NC(=O)[C@H](CCCCN)NC(=O)[C@@H](Cc2c[nH]c3ccccc23)NC(=O)[C@H](Cc2cccnc2)NC(=O)[C@@H](NC(=O)[C@@H](N)Cc2cccc(F)c2)CSSC[C@H](C(=O)N[C@@H](Cc2cccc(F)c2)C(N)=O)NC1=O,XXEIFBVIMQQYBX-HGYOODBQSA-N,,,,broad_macrocycle_pretrain,,,20,True,False,pretrain_test,pretraining_macrocycle; max_phase=None
PREMAC_3df51978df,ChEMBL_macrocycle_scan,CHEMBL269087,CC[C@H]1OC(=O)CC(O)[C@H](C)[C@@H](O[C@@H]2O[C@H](C)C[C@H](N(C)C)[C@H]2O)[C@@H](CCN(C)C)C[C@@H](C)C(=O)/C=C/[C@]2(C)O[C@H]2[C@@H]1C,HSUOMAAHVNOZIB-MWJKMEKKSA-N,,,,broad_macrocycle_pretrain,,,16,True,False,pretrain_test,pretraining_macrocycle; max_phase=None
PREMAC_23ea44fd32,ChEMBL_macrocycle_scan,CHEMBL299665,CC[C@H]1OC(=O)[C@H](C)[C@@H](O[C@H]2C[C@@](C)(OC)[C@@](O)(C#CCN(C)C)[C@H](C)O2)[C@H](C)[C@@H](O[C@@H]2O[C@H](C)C[C@H](N(C)C)[C@H]2O)[C@](C)(O)C[C@@H](C)CN[C@H](C)[C@@H](O)[C@]1(C)O,SZCXFXCQFLVKKA-ASIIUGTMSA-N,,,,broad_macrocycle_pretrain,,,15,True,False,pretrain_test,pretraining_macrocycle; max_phase=None
PREMAC_d23a239383,ChEMBL_macrocycle_scan,CHEMBL45631,CNC(=O)[C@@H]1Cc2ccc(cc2)OCCC[C@H](C(=O)NO)[C@@H](CC(C)C)C(=O)N1,USEJKZYMWYHGSP-KSZLIROESA-N,,,,broad_macrocycle_pretrain,,,14,True,False,pretrain_test,pretraining_macrocycle; max_phase=None
PREMAC_ab5f99fd67,ChEMBL_macrocycle_scan,CHEMBL405561,C[C@@H](O)[C@H](NC(=O)[C@@H]1CSSC[C@@H](N(C)C(=O)[C@H](N)Cc2ccc(O)cc2)C(=O)N[C@@H](Cc2ccccc2)C(=O)N[C@@H](Cc2c[nH]c3ccccc23)C(=O)N[C@@H](CCCCN)C(=O)N[C@@H]([C@@H](C)O)C(=O)N1)C(N)=O,MRUDPTFRARWCOJ-UWSKEZGXSA-N,,,,broad_macrocycle_pretrain,,,20,True,False,pretrain_test,pretraining_macrocycle; max_phase=None
PREMAC_c6905f3669,ChEMBL_macrocycle_scan,CHEMBL27480,CC[C@H]1OC(=O)[C@H](C)[C@H]2OC3(CCN(c4ccc([N+](=O)[O-])c(N)n4)CC3)O[C@](C)(C[C@@H](C)CN[C@H](C)[C@@H](O)[C@]1(C)O)[C@H](O[C@@H]1O[C@H](C)CC(N(C)C)[C@H]1O)[C@H]2C,NUDUNMAIXSGYQG-WSNSHRSESA-N,,,,broad_macrocycle_pretrain,,,15,True,False,pretrain_test,pretraining_macrocycle; max_phase=None
PREMAC_70ba86295a,ChEMBL_macrocycle_scan,CHEMBL273346,CO[C@H]1C[C@H](O[C@@H]2/C(C)=C/C[C@@H]3C[C@@H](C[C@]4(CC[C@H](C)[C@@H](C(C)C)O4)O3)OC(=O)[C@@H]3C=C(C)[C@@H](O)[C@H]4OC/C(=C\C=C\[C@@H]2C)[C@]43O)O[C@@H](C)[C@@H]1O,JZVIADUHHSTLSF-SVNGNTECSA-N,,,,broad_macrocycle_pretrain,,,16,True,False,pretrain_test,pretraining_macrocycle; max_phase=None
PREMAC_3b07bad529,ChEMBL_macrocycle_scan,CHEMBL273896,CC1CCOC(=O)/C=C/C=C\C(=O)O[C@@H]2C[C@H]3O[C@@H]4[C@H]5O[C@@]5(C)CC[C@]4(COC(=O)C1O)[C@]2(C)C31CO1,CLNDGDZYSDRNSO-SKNIWLKHSA-N,,,,broad_macrocycle_pretrain,,,18,True,False,pretrain_test,pretraining_macrocycle; max_phase=None
PREMAC_339187cd6c,ChEMBL_macrocycle_scan,CHEMBL276822,CC(O)C1/C=C/C=C\C(=O)O[C@@H]2C[C@H]3O[C@@H]4C[C@@H](C)[C@H](O)C[C@]4(COC(=O)C4OC4(C)C(O)CO1)[C@]2(C)C31CO1,SPEYYNVOJXTCGN-CGGOSABXSA-N,,,,broad_macrocycle_pretrain,,,18,True,False,pretrain_test,pretraining_macrocycle; max_phase=None
PREMAC_01d3c3d166,ChEMBL_macrocycle_scan,CHEMBL405152,CC/C=C/CN1C(=O)[C@@H](C)NC(=O)[C@@H]2Cc3ccc(OC)c(c3)Oc3ccc(cc3)C[C@@H](C(=O)N2C)N(C)C(=O)[C@H](C)NC(=O)[C@H](Cc2ccc(OC)cc2)N(C)C(=O)[C@@H]1C,WCENRYQCLKTPPK-UURXIPFQSA-N,,,,broad_macrocycle_pretrain,,,18,True,False,pretrain_test,pretraining_macrocycle; max_phase=None
PREMAC_029507d8a4,ChEMBL_macrocycle_scan,CHEMBL293518,CNCC(=O)N[C@@H](CCCN=C(N)N)C(=O)N[C@H]1CSSC[C@H](C(=O)O)NC(=O)[C@@H]2CCCN2C(=O)[C@H](Cc2c[nH]cn2)NC(=O)[C@H](C(C)C)NC(=O)[C@H](Cc2ccc(O)cc2)NC1=O,YBSKEMCPPLMLRX-AMSNFGFKSA-N,,,,broad_macrocycle_pretrain,,,20,True,False,pretrain_test,pretraining_macrocycle; max_phase=None
PREMAC_b11521ff72,ChEMBL_macrocycle_scan,CHEMBL267518,COc1ccc(C[C@H]2NC(=O)/C=C/C[C@@H](CCCc3ccccc3)OC(=O)[C@H](CC(C)C)OC(=O)CCNC2=O)cc1,OQBDHZREXNPUQA-MWGAGICUSA-N,,,,broad_macrocycle_pretrain,,,16,True,False,pretrain_test,pretraining_macrocycle; max_phase=None
PREMAC_d27e13e03b,ChEMBL_macrocycle_scan,CHEMBL298337,C[C@@H]1NCc2cncn2Cc2ccc(C#N)c(c2)Oc2ccc3cccc(c3c2)NC1=O,AHPUIZQTTZGXBJ-INIZCTEOSA-N,,,,broad_macrocycle_pretrain,,,16,True,False,pretrain_test,pretraining_macrocycle; max_phase=None
PREMAC_f454c3e6b9,ChEMBL_macrocycle_scan,CHEMBL267152,CC1(C)SSC[C@H](C(=O)N[C@@H](CCCCN)C(=O)N[C@@H](CCCCN)C(N)=O)NC(=O)[C@@H](Cc2ccccc2)NC(=O)[C@H](CO)NC(=O)CNC(=O)[C@H](Cc2ccc3ccccc3c2)NC(=O)[C@H]1NC(=O)[C@@H](N)Cc1ccc(O)cc1,IREGTTSUCNOKNE-KGFXBMCJSA-N,,,,broad_macrocycle_pretrain,,,20,True,False,pretrain_test,pretraining_macrocycle; max_phase=None
PREMAC_0f1ffd6315,ChEMBL_macrocycle_scan,CHEMBL66532,CC(C)C[C@H]1C(=O)N[C@H](C(=O)NCCc2ccc(S(N)(=O)=O)cc2)Cc2ccc(cc2)OCCCC[C@@H]1C(=O)NO,ANFAAJVPGXQKBB-NXCFDTQHSA-N,,,,broad_macrocycle_pretrain,,,15,True,False,pretrain_test,pretraining_macrocycle; max_phase=None
PREMAC_fdeb4642ed,ChEMBL_macrocycle_scan,CHEMBL408255,CSC[C@@H](NC1CC([C@H]2NC(=O)/C(=C/NC(=O)Nc3ccc(Cl)c(Cl)c3)NC(=O)[C@@H](CO)NC(=O)[C@@H](CO)NC(=O)C(NC(=O)C[C@@H](N)CCCN)CNC2=O)N=C(N)N1)C(=O)O,COZNVJXHKJSZMX-XGVGLXEKSA-N,,,,broad_macrocycle_pretrain,,,16,True,False,pretrain_test,pretraining_macrocycle; max_phase=None
PREMAC_cbfeeebcea,ChEMBL_macrocycle_scan,CHEMBL386274,NC(=O)CC[C@H]1NC(=O)[C@H](Cc2ccccc2)NC(=O)[C@@H](Cc2ccc(O)cc2)NC(=O)[C@H](N)CSSC[C@@H](C(=O)N2CCC[C@@H]2C(=O)N[C@@H](CCCN=C(N)N)C(=O)O)NC(=O)[C@H](CC(N)=O)NC1=O,SXYIOPJBWYQZRQ-CZKUSROVSA-N,,,,broad_macrocycle_pretrain,,,20,True,False,pretrain_test,pretraining_macrocycle; max_phase=None
PREMAC_7c52c77140,ChEMBL_macrocycle_scan,CHEMBL273880,CCCC[C@H](NC(=O)[C@H](Cc1c[nH]c2ccccc12)NC(=O)[C@@H]1CCCCNC(=O)CC[C@@H](NC(=O)OC(C)(C)C)C(=O)N[C@H](Cc2ccc(O)cc2)C(=O)N[C@@H](CCCC)C(=O)N1)C(=O)N[C@@H](CC(=O)O)C(=O)N[C@@H](Cc1ccccc1)C(N)=O,RJGYFDISIBJKFO-UZLGZYMTSA-N,,,,broad_macrocycle_pretrain,,,18,True,False,pretrain_test,pretraining_macrocycle; max_phase=None
PREMAC_16deb2d06f,ChEMBL_macrocycle_scan,CHEMBL27738,NCCCC[C@H](NC(=O)[C@H]1CSCC(=O)N[C@@H](Cc2ccc(O)cc2)C(=O)N[C@H](CSCCCN)C(=O)NCC(=O)N[C@H](CC(=O)O)C(=O)N1)C(=O)N[C@@H](CS)C(=O)NCC(N)=O,QIUVELRJHSKQHF-WTYWGGPZSA-N,,,,broad_macrocycle_pretrain,,,18,True,False,pretrain_test,pretraining_macrocycle; max_phase=None
PREMAC_7827932d15,ChEMBL_macrocycle_scan,CHEMBL286233,Fc1nc(F)c(F)c(-c2c3nc(c(-c4c(F)c(F)nc(F)c4F)c4ccc([nH]4)c(-c4c(F)c(F)nc(F)c4F)c4ccc([nH]4)c(-c4c(F)c(F)nc(F)c4F)c4nc2C=C4)C=C3)c1F,JILRUMQAWLSOGL-UHFFFAOYSA-N,,,,broad_macrocycle_pretrain,,,16,True,False,pretrain_test,pretraining_macrocycle; max_phase=None
PREMAC_fc09940cd6,ChEMBL_macrocycle_scan,CHEMBL288528,COC(=O)[C@@H]1CSCc2c(O)cc(O)cc2C(=O)OCC(NC(=O)OC(C)(C)C)C(=O)N1,YKTIETWISYOQPR-KZUDCZAMSA-N,,,,broad_macrocycle_pretrain,,,12,True,False,pretrain_test,pretraining_macrocycle; max_phase=None
PREMAC_0556a600ec,ChEMBL_macrocycle_scan,CHEMBL407087,CC1(C)SSC[C@@H](C(=O)N[C@@H](CCCCN)C(=O)N[C@@H](CCCCN)C(N)=O)NC(=O)[C@@H](Cc2ccccc2)NC(=O)[C@H](CO)NC(=O)CNC(=O)[C@H](Cc2ccc(O)cc2)NC(=O)[C@H]1NC(=O)[C@@H](N)Cc1ccc(O)cc1,QHGJKFDEUSXYAA-DVJKSYSRSA-N,,,,broad_macrocycle_pretrain,,,20,True,False,pretrain_test,pretraining_macrocycle; max_phase=None
PREMAC_99da2e61f4,ChEMBL_macrocycle_scan,CHEMBL272943,CC[C@H]1OC(=O)CC(O)[C@H](C)[C@@H](O[C@@H]2O[C@H](C)C[C@H](N(C)C)[C@H]2O)[C@@H](CCN(C)CCCNC)C[C@@H](C)C(=O)/C=C/C(C)=C/[C@@H]1C,OZCVVIBXTMWPBH-LCLNQJHGSA-N,,,,broad_macrocycle_pretrain,,,16,True,False,pretrain_test,pretraining_macrocycle; max_phase=None
PREMAC_ebb07ca0da,ChEMBL_macrocycle_scan,CHEMBL274723,NCCC[C@H](N)CC(=O)NC1CNC(=O)[C@@H](C2CC(O)N=C(N)N2)NC(=O)/C(=C/NC(=O)Nc2ccc(Cl)c(Cl)c2)NC(=O)[C@@H](CO)NC(=O)[C@@H](CO)NC1=O,NLNOOPSEQPDRGK-WNBSUUBJSA-N,,,,broad_macrocycle_pretrain,,,16,True,False,pretrain_test,pretraining_macrocycle; max_phase=None
PREMAC_4abd1519b9,ChEMBL_macrocycle_scan,CHEMBL62921,N=C(N)NCCC[C@@H]1NC(=O)CNC(=O)CS(=O)(=O)C[C@@H](C(=O)O)NC(=O)[C@H](CC(=O)O)NC(=O)CNC1=O,BYAJINXSXQREIN-DCAQKATOSA-N,,,,broad_macrocycle_pretrain,,,18,True,False,pretrain_test,pretraining_macrocycle; max_phase=None
