candidate_id,source_generator,parent_mol_id,canonical_smiles,inchikey,valid_rdkit,unique_flag,novel_flag,mw,logp,tpsa,hbd,hba,rotatable_bonds,qed,sa_score,murcko_scaffold,max_ring_size,has_macrocycle_12_20,has_constrained_ring_8_11,passes_basic_filters,generation_notes
CAND_892f0a0b8a,selfies,JAK2_6f8843e888,C=NC=CC=CCCC1=CC=NC(NC=CC2=COPC3CCN(CC(N)=O)CC3C=C2)=NN1,BKXICPYKYKFNLJ-UHFFFAOYSA-N,True,True,True,481.541,2.7089,116.7,3,8,9,0.266,4.856,C1=CNN=C(NC=CC2=COPC3CCNCC3C=C2)N=C1,8,False,True,True,selfies_token_mutation
CAND_2d82a3112f,selfies,JAK2_6f8843e888,CNC=CC=CCC=CC=C1C=NC(Nc2ccc(C3CCN(CC(N)=O)CC3)cc2)=NN1,VUDBSBNNCPYCDY-UHFFFAOYSA-N,True,True,True,447.587,2.8277,107.14,4,7,9,0.4356,3.417,C=C1C=NC(Nc2ccc(C3CCNCC3)cc2)=NN1,6,False,False,True,selfies_token_mutation
CAND_8ada73d8e7,selfies,JAK2_6f8843e888,CN1CC=CC(c2ccc3cnc(Nc4ccc(C5CCN(CC(N)=O)CC5)cc4)nn23)=C1S(C)(=O)=O,OUNZVRCFTXMEGA-UHFFFAOYSA-N,True,True,True,521.647,2.3524,125.93,2,8,7,0.4854,4.029,C1=CC(c2ccc3cnc(Nc4ccc(C5CCNCC5)cc4)nn23)=CNC1,6,False,False,True,selfies_token_mutation
CAND_bdbcf4400b,selfies,JAK2_6f8843e888,CS(=O)N(CO)c1cc2cc(c1)n1nc(Nc3ccc(C4CCN(CC(N)=O)CC4)cc3)nccccc21,RVCBFBOJSJJQEG-UHFFFAOYSA-N,True,True,True,533.658,2.9027,129.09,3,7,8,0.2971,4.97,c1ccc2c3cccc(c3)n2nc(Nc2ccc(C3CCNCC3)cc2)nc1,9,False,True,True,selfies_token_mutation
CAND_3b04a27187,selfies,JAK2_6f8843e888,ClCC=CNC1N=CC=CC=CCC=CC=CNC=NN=[SH]1,MAVQBTWVBQXEQK-UHFFFAOYSA-N,True,True,True,337.88,2.8003,61.14,3,5,3,0.5475,3.075,C1=CC=NC[SH]=NN=CNC=CC=CCC=C1,17,True,False,True,selfies_token_mutation
CAND_d7461075fe,selfies,JAK2_6f8843e888,CN(C=C1C=CC(C=c2ccc3nc(NC=C4C=CC(CC5CN(CC(N)=O)CC=N5)=C4)nn23)=C1)S(C)(=O)=O,BHHCHEZSIVCQEA-UHFFFAOYSA-N,True,True,True,546.657,0.9226,138.29,2,8,9,0.477,4.668,C=C1C=CC(C=c2ccc3nc(NC=C4C=CC(CC5CNCC=N5)=C4)nn23)=C1,6,False,False,True,selfies_token_mutation
CAND_cf512c1a59,selfies,JAK2_6f8843e888,CN(C=CC1=CC(C=CC2=CC=NC(NC=CC=C(C=CNS)C3CCN(CC(N)=O)CC3)=NN2)=C1)S(C)(=O)=O,WEGWAMNHVNBLIX-UHFFFAOYSA-N,True,True,True,584.772,1.8181,144.52,5,10,12,0.1739,4.554,C(C=CC1CCNCC1)=CNC1=NNC(C=CC2=CC=C2)=CC=N1,7,False,False,True,selfies_token_mutation
CAND_95aa521837,selfies,JAK2_6f8843e888,CC1=CC=C(Nc2ncc3ccc(C4=CC(N(C)S(C)(=O)=O)=CCC4)n3n2)C=CN=CCN(CC(N)=O)C1,XTPDCOWFLQIXGQ-UHFFFAOYSA-N,True,True,True,536.662,2.3093,138.29,2,8,7,0.5537,4.412,C1=CCCC(c2ccc3cnc(NC4=CC=CCNCC=NC=C4)nn23)=C1,11,False,True,True,selfies_token_mutation
CAND_e20a58fcca,selfies,JAK2_6f8843e888,CN(CN)CCC1C2=CC=C(Nc3ncc4ccc(-c5cccc(N(C)S(C)(=O)=O)c5)n4n3)C=CC1CO2,SLYUAATUDKNVTH-UHFFFAOYSA-N,True,True,True,535.674,3.0423,118.09,2,8,9,0.4017,5.357,C1=CC2COC(=CC=C1Nc1ncc3ccc(-c4ccccc4)n3n1)C2,8,False,True,True,selfies_token_mutation
CAND_e6133af127,selfies,JAK2_6f8843e888,CS(=O)(=O)SN1C=CC=C(C=CC=CC=NCCl)C1,HGTFTTFRNJHEMU-UHFFFAOYSA-N,True,True,True,318.851,2.7294,49.74,0,5,6,0.1886,2.0,C1=CCNC=C1,6,False,False,True,selfies_token_mutation
CAND_bf67072403,selfies,JAK2_6f8843e888,CCCN(CCC1=CC=CC2N=CC=CC3=CCC(=CC=CNC)N3N=C12)CC(N)=O,DYORSHYNWZXDLO-UHFFFAOYSA-N,True,True,True,420.561,2.6418,86.32,2,6,9,0.6004,4.017,C=C1CC=C2C=CC=NC3C=CC=CC3=NN12,9,False,True,True,selfies_token_mutation
CAND_36309cbbbd,selfies,JAK2_6f8843e888,CSC12C=CC=CC=NC(NC3=CC=CP4CCCN(CC(N)=O)C4C=C3NN)=C1N(C=O)C=CC=C2,VPNZRJUEOAOGHL-UHFFFAOYSA-N,True,True,True,537.63,2.343,129.08,4,8,7,0.1698,5.167,C1=CC=NC(NC2=CC=CP3CCCNC3C=C2)=C2NC=CC=CC2C=C1,9,False,True,True,selfies_token_mutation
CAND_8cb2979ad0,selfies,JAK2_e1ad5dee43,NS(=O)(=O)C=CC(Cl)=CNC1=Nc2ccncc2CC(=O)NC2=CC21,JDGBPMJYIWHMJW-UHFFFAOYSA-N,True,True,True,379.829,0.7696,126.54,3,6,3,0.6684,3.041,O=C1Cc2cnccc2N=CC2C=C2N1,9,False,True,True,selfies_token_mutation
CAND_e1abfebd36,selfies,JAK2_e1ad5dee43,NS(=O)(=O)Sc1cc(Cl)c(Nc2nc3ccncc3c3c(=O)[nH]ccc23)c(Cl)c1,MVDUCDSQPHCBGS-UHFFFAOYSA-N,True,True,True,468.347,3.8173,130.83,3,7,4,0.3066,3.157,O=c1[nH]ccc2c(Nc3ccccc3)nc3ccncc3c12,6,False,False,True,selfies_token_mutation
CAND_8584dc54b3,selfies,JAK2_e1ad5dee43,O=C1C=CCC=C1c1cnccc1N=CNC1=C(Cl)C=CS(=O)(=O)NC=C1Cl,CDSKUDPNFDZZBH-UHFFFAOYSA-N,True,True,True,437.308,3.2207,100.52,2,5,4,0.5567,3.235,O=C1C=CCC=C1c1cnccc1N=CNC1=CC=CS(=O)(=O)NC=C1,8,False,True,True,selfies_token_mutation
CAND_84c5759bee,selfies,JAK2_e1ad5dee43,NS(=O)C(=O)c1cc(Cl)c(Nc2nc3ccncc3c3c(=O)[nH]ccc23)c(Cl)c1,SUCYPFHCZVIUEO-UHFFFAOYSA-N,True,True,True,448.291,3.2843,130.83,3,6,3,0.4125,3.171,O=c1[nH]ccc2c(Nc3ccccc3)nc3ccncc3c12,6,False,False,True,selfies_token_mutation
CAND_d66195d460,selfies,JAK2_e1ad5dee43,NS(=O)(=O)C=C1C=C(Cl)C(NC2=Nc3ccncc3CC(=O)NC=CC2O)=C1Cl,OFULJMQPZXECLP-UHFFFAOYSA-N,True,True,True,456.311,1.0072,146.77,4,7,2,0.5224,3.341,C=C1C=CC(NC2=Nc3ccncc3CC(=O)NC=CC2)=C1,10,False,True,True,selfies_token_mutation
CAND_61a13aa5a3,selfies,JAK2_e1ad5dee43,CC(CC1=CNN=CC1=CN=CNC=C(Cl)C=CS(N)(=O)=O)ONC=CCN,OPORPWZDIZTTPH-UHFFFAOYSA-N,True,True,True,429.934,0.6157,156.22,5,8,11,0.1393,3.319,C=C1C=CNN=C1,6,False,False,True,selfies_token_mutation
CAND_02d78109d0,selfies,JAK2_e1ad5dee43,NS(=O)(=O)C=CC(Cl)=C(CNCCl)N1C=Nc2ccncc2CC(=O)C=CC1,WINHUDGUTZOBPS-UHFFFAOYSA-N,True,True,True,444.344,1.7633,117.75,2,7,6,0.3924,3.274,O=C1C=CCNC=Nc2ccncc2C1,10,False,True,True,selfies_token_mutation
CAND_cc393e6d14,selfies,JAK2_e1ad5dee43,O=S1(=O)C=CC(Cl)=C(NC=NC=C2C=NC=CO2)C(Cl)=CN1,JVGIXQWKNRMYCX-UHFFFAOYSA-N,True,True,True,361.21,1.9952,92.15,2,5,3,0.5941,2.437,O=S1(=O)C=CC=C(NC=NC=C2C=NC=CO2)C=CN1,8,False,True,True,selfies_token_mutation
CAND_ce51ba69e3,selfies,JAK2_e1ad5dee43,NS(=O)(=O)C=CC(Cl)=C(Nc1nc2ccncc2c2c(=O)[nH]ccc12)C(F)Cl,BQYTWLQWXCXGKB-UHFFFAOYSA-N,True,True,True,444.275,2.6702,130.83,3,6,5,0.3152,3.149,O=c1[nH]ccc2cnc3ccncc3c12,6,False,False,True,selfies_token_mutation
CAND_6c76b542f8,selfies,JAK2_e1ad5dee43,N[SH]1(=O)CC=C(Cl)C(Nc2nc3ccncc3c3c(=O)[nH]ccc23)=C(Cl)C1,WEMTZMAALLPMGB-UHFFFAOYSA-N,True,True,True,424.313,2.3603,113.76,4,5,2,0.3727,2.663,O=c1[nH]ccc2c(NC3=CCS(=O)CC=C3)nc3ccncc3c12,7,False,False,True,selfies_token_mutation
CAND_436049ba6f,selfies,JAK2_6d4bc95598,COc1ccccc1C=C=CC=NC(=NN)NC=CC1C=C=CC2CN(C)CCN2NO1,STZAWXYFEWXYGB-UHFFFAOYSA-N,True,True,True,435.532,1.413,99.74,3,7,5,0.2114,3.85,N=C(N=CC=C=Cc1ccccc1)NC=CC1C=C=CC2CNCCN2NO1,8,False,True,True,selfies_token_mutation
CAND_b681ee447e,selfies,JAK2_6d4bc95598,CN1CCN(C(C=CN)=CC=NC2N=CC=C(C=Cc3ccccc3NO)N2)CC1,BVYYJFKUCSBQRD-UHFFFAOYSA-N,True,True,True,407.522,2.0169,101.51,4,8,7,0.3134,3.195,C(=CN1CCNCC1)C=NC1N=CC=C(C=Cc2ccccc2)N1,6,False,False,True,selfies_token_mutation
CAND_daa71d20f5,selfies,JAK2_6d4bc95598,COc1ccccc1C=C1C=CC2C=NC(Nc3ccc(N4CCN(C)CN4)cc3)=NN12,UKDRDFNDHLCXNE-UHFFFAOYSA-N,True,True,True,429.528,2.9579,67.73,2,8,4,0.7791,3.392,C1=CC2C=NC(Nc3ccc(N4CCNCN4)cc3)=NN2C1=Cc1ccccc1,6,False,False,True,selfies_token_mutation
CAND_f29733c56b,selfies,JAK2_6d4bc95598,COc1ccccc1C=c1ccc2n1C(NC=C1C=C(NC3CNCCCC3C)C1=N)N=2,ZLPXTBMAHIEEAR-UHFFFAOYSA-N,True,True,True,430.556,1.7833,86.46,4,6,6,0.5629,4.148,N=C1C(=CNC2N=c3ccc(=Cc4ccccc4)n32)C=C1NC1CCCCNC1,7,False,False,True,selfies_token_mutation
CAND_f45b75400d,selfies,JAK2_6d4bc95598,COc1ccccc1-c1ccccnc(Nc2ccc(N3CCN(C)CC3)cc2)n[nH]1,KWLNFOLYJQBTLJ-UHFFFAOYSA-N,True,True,True,416.529,4.1001,69.31,2,6,5,0.6527,3.495,c1ccc(-c2ccccnc(Nc3ccc(N4CCNCC4)cc3)n[nH]2)cc1,9,False,True,True,selfies_token_mutation
CAND_d5653d80c6,selfies,JAK2_6d4bc95598,CN1CCN(c2ccc(NC34COc5c(cccc53)C=CC=CC=N4)cc2)CC1,OVZWVIVXWYMVPA-UHFFFAOYSA-N,True,True,True,386.499,3.7495,40.1,1,5,3,0.8722,3.528,C1=CC=NC2(Nc3ccc(N4CCNCC4)cc3)COc3c(cccc32)C=C1,10,False,True,True,selfies_token_mutation
CAND_b54831aa81,selfies,JAK2_6d4bc95598,COc1ccccc1C=CC1=CC=NC(n2cccc(CCN(C)CSC)c2=N)N1,YVGOXALZMHEGTB-UHFFFAOYSA-N,True,True,True,423.586,3.4984,65.64,2,6,9,0.6061,3.534,N=c1ccccn1C1N=CC=C(C=Cc2ccccc2)N1,6,False,False,True,selfies_token_mutation
CAND_962ca21bbb,selfies,JAK2_6d4bc95598,ClC=CC=CNC1NN2COc3c(cccc32)C=CC=CCS1,OIFPEPKKYFXDCZ-UHFFFAOYSA-N,True,True,True,347.871,3.8031,36.53,2,5,3,0.8132,3.575,C1=CCSCNN2COc3c(cccc32)C=C1,12,True,False,True,selfies_token_mutation
CAND_b11c9f0778,selfies,JAK2_6d4bc95598,C=NOc1ccccc1-c1ccc2cnc(Nc3ccc(N4CCN(C)CC4)cc3)nn12,IMVAMCWYGAIKII-UHFFFAOYSA-N,True,True,True,427.512,3.8861,70.29,1,7,6,0.3719,3.381,c1ccc(-c2ccc3cnc(Nc4ccc(N5CCNCC5)cc4)nn23)cc1,6,False,False,True,selfies_token_mutation
CAND_f36df41b19,selfies,JAK2_6d4bc95598,COc1ccccc1-c1ccc2cnc(n[nH]1)Nc1ccc(cc1)NCCN(C)CC2,XOYHAEBKXRGKEH-UHFFFAOYSA-N,True,True,True,416.529,4.2481,78.1,3,6,2,0.5798,4.02,c1ccc(-c2ccc3cnc(n[nH]2)Nc2ccc(cc2)NCCNCC3)cc1,15,True,False,True,selfies_token_mutation
CAND_723862eda4,selfies,JAK2_6d4bc95598,C1=CC=NC(NC2=CC=CN3CCNCCC3C=C2)COc2ccccc2C=C1,ROCUUPMPFCRKHV-UHFFFAOYSA-N,True,True,True,388.515,3.2662,48.89,2,5,2,0.8165,3.464,C1=CC=NC(NC2=CC=CN3CCNCCC3C=C2)COc2ccccc2C=C1,11,False,True,True,selfies_token_mutation
CAND_1844a5e7cb,selfies,JAK2_6d4bc95598,COC=CC=CC=C(C)C=C1C=NC(Nc2ccc(N3CCN(C)CC3)cc2)=NN1,KNECDWUITMJUFD-UHFFFAOYSA-N,True,True,True,406.534,3.3418,64.49,2,7,6,0.5604,2.814,C=C1C=NC(Nc2ccc(N3CCNCC3)cc2)=NN1,6,False,False,True,selfies_token_mutation
CAND_1976dc1ded,selfies,JAK2_b891e0a2ae,CCOCCNC(=O)c1cccn(C2CC=CN(C=Cc3ccccc3OC)N2)c1=N,SGIRHYBAQRTJDF-UHFFFAOYSA-N,True,True,True,423.517,2.636,91.61,3,6,9,0.5396,3.533,N=c1ccccn1C1CC=CN(C=Cc2ccccc2)N1,6,False,False,True,selfies_token_mutation
CAND_b7f89eaaeb,selfies,JAK2_b891e0a2ae,COc1cc2ccc1C=C1C=CC=NC(NC=CC=C(C=O)C1=N)N2,KLMMHFRKXCQXAT-UHFFFAOYSA-N,True,True,True,334.379,2.6767,86.57,3,6,2,0.7259,3.7,N=C1C=CC=CNC2N=CC=CC1=Cc1ccc(cc1)N2,12,True,False,True,selfies_token_mutation
CAND_7d74780f2a,selfies,JAK2_b891e0a2ae,CNC(C=O)=CC=CNC1=C=NN2C(=CC=CC=CC=N1)C=CC2OC,WFHJARMKUREXBB-UHFFFAOYSA-N,True,True,True,351.41,1.743,78.32,2,7,6,0.433,3.708,C1=CN=CC=CC=CC=C2C=CCN2N=1,12,True,False,True,selfies_token_mutation
CAND_f2c45e07fa,selfies,JAK2_b891e0a2ae,CC1C=C2C=CC=CC=NC(N=CC=C(C=C=C=NN)C(=O)N3CCOCC3)=C2O1,BSUGOHLDMRIXKV-UHFFFAOYSA-N,True,True,True,405.458,1.8081,101.87,1,7,4,0.1924,3.308,O=C(C=CC=NC1=C2OCC=C2C=CC=CC=N1)N1CCOCC1,9,False,True,True,selfies_token_mutation
CAND_62c3a47470,selfies,JAK2_b891e0a2ae,COc1ccccc1C1=C[SH]=C2C=NC(Nc3ccc(C(=O)N4CCOCC4)cc3)=NN12,GJEPJVQWLCUNGR-UHFFFAOYSA-N,True,True,True,449.536,2.8445,78.76,2,7,4,0.5545,3.253,O=C(c1ccc(NC2=NN3C(c4ccccc4)=C[SH]=C3C=N2)cc1)N1CCOCC1,6,False,False,True,selfies_token_mutation
CAND_94975a67a5,selfies,JAK2_b891e0a2ae,COC1=CCSC=C1c1ccc2cnc(NC3=CC=C(C=O)N4CCOCC4C=C3)nn12,QUQKIOIYGINMST-UHFFFAOYSA-N,True,True,True,449.536,2.9965,80.99,1,8,5,0.6982,4.128,C1=CN2CCOCC2C=CC(Nc2ncc3ccc(C4=CSCC=C4)n3n2)=C1,8,False,True,True,selfies_token_mutation
CAND_6ef33d2db1,selfies,JAK2_b891e0a2ae,COc1ccccc1C=CC1=CC=NC(NC=CC2C=CC3COCCN3C(=O)N=CC2)=NN1,DUSDRMOBAQQBHQ-UHFFFAOYSA-N,True,True,True,460.538,3.1083,99.91,2,7,5,0.658,4.239,O=C1N=CCC(C=CNC2=NNC(C=Cc3ccccc3)=CC=N2)C=CC2COCCN12,9,False,True,True,selfies_token_mutation
CAND_146ee69953,selfies,JAK2_b891e0a2ae,COc1ccccc1C=C1C=CC=NC(NC=C2C=CC(CC(=O)N3CCOCC3)=C2)=NN1,FITLEEZOHZDBBN-UHFFFAOYSA-N,True,True,True,445.523,2.7559,87.55,2,7,5,0.7279,3.656,O=C(CC1=CC(=CNC2=NNC(=Cc3ccccc3)C=CC=N2)C=C1)N1CCOCC1,8,False,True,True,selfies_token_mutation
CAND_39f7040853,selfies,JAK2_b891e0a2ae,COC=NCC=c1ccc2n1C(N=CC=C(C=CN)C(=O)N1CCOCC1)N=CC=2,CISWPEKVRYRWTO-UHFFFAOYSA-N,True,True,True,410.478,-0.4073,106.8,1,7,7,0.2855,3.211,C=c1ccc2n1C(N=CC=CC(=O)N1CCOCC1)N=CC=2,6,False,False,True,selfies_token_mutation
CAND_38772660c0,selfies,JAK2_b891e0a2ae,CCCOCNC(=O)c1cccn(C2N=CC=C(C=Cc3ccccc3OC)N2)c1=N,PUDKGNPQNULUHU-UHFFFAOYSA-N,True,True,True,421.501,2.8175,100.73,3,6,9,0.4281,3.522,N=c1ccccn1C1N=CC=C(C=Cc2ccccc2)N1,6,False,False,True,selfies_token_mutation
CAND_dd3a7cbff4,selfies,JAK2_69019d0e87,O=c1[nH]cnc2c3[nH]c(-c4c(F)cccc4Cl)nc3c3ccc(F)cc3c12,CMRFFSGFFCOVJU-UHFFFAOYSA-N,True,True,True,382.757,4.5512,74.43,2,3,1,0.4175,2.507,O=c1[nH]cnc2c3[nH]c(-c4ccccc4)nc3c3ccccc3c12,6,False,False,True,selfies_token_mutation
CAND_ac0bf2a6d4,selfies,JAK2_69019d0e87,CC1=CC2(NC=Cc3c(NC=O)cc4cc(F)ccc4c32)C(Cl)=CC1,UXURUPLNPOMFFV-UHFFFAOYSA-N,True,True,True,354.812,4.7891,41.13,2,2,2,0.6011,2.527,C1=CC2(C=CC1)NC=Cc1ccc3ccccc3c12,6,False,False,True,selfies_token_mutation
CAND_aa54f839ab,selfies,JAK2_69019d0e87,O=CNC=CC1=c2[nH]c(-c3c(F)cccc3Cl)nc2=CC=CC(F)=CCS1,WOBKWIQFRCBYJV-UHFFFAOYSA-N,True,True,True,405.857,3.174,57.78,2,3,4,0.7681,3.06,C1=CC=c2nc(-c3ccccc3)[nH]c2=CSCC=C1,10,False,True,True,selfies_token_mutation
CAND_ec89e4f93e,selfies,JAK2_69019d0e87,C=c1cc(F)ccc1=c1nc(-c2c(F)cccc2Cl)[nH]c1=C=CNC=O,GMBXSMOSHJFWQG-UHFFFAOYSA-N,True,True,True,371.774,2.3447,57.78,2,2,3,0.6943,2.246,C=c1ccccc1=c1nc(-c2ccccc2)[nH]c1=C,6,False,False,True,selfies_token_mutation
CAND_a18fae3685,selfies,JAK2_69019d0e87,CC1C=CC=c2nc(-c3c(F)cccc3Cl)[nH]c2=CC=C(NC=O)C1,MAYXSHVJSVUNIF-UHFFFAOYSA-N,True,True,True,357.816,2.6561,57.78,2,2,3,0.8297,2.918,C1=CCCC=CC=c2[nH]c(-c3ccccc3)nc2=C1,10,False,True,True,selfies_token_mutation
CAND_cc645ecf5d,selfies,JAK2_69019d0e87,O=CNC=CC=c1[nH]c(-c2c(F)cccc2Cl)nc1=C1C=C2C=C1C=C2F,HLAILFAXYXNDSM-UHFFFAOYSA-N,True,True,True,383.785,2.7935,57.78,2,2,4,0.7976,2.688,C=c1[nH]c(-c2ccccc2)nc1=C1C=C2C=CC1=C2,6,False,False,True,selfies_token_mutation
CAND_2d74ef7763,selfies,JAK2_69019d0e87,NC=CC=CC(F)=CC(Cl)NC=CC=CNC=O,SHCJQAFULNRKLM-UHFFFAOYSA-N,True,True,True,271.723,1.7963,67.15,3,3,8,0.2729,2.25,,0,False,False,True,selfies_token_mutation
CAND_f327edc232,selfies,JAK2_69019d0e87,Nc1cccc(F)c1-c1nc2c3ccc(F)cc3c3c(=O)[nH]ccc3c2[nH]1,QRVFOBKIXVWNCV-UHFFFAOYSA-N,True,True,True,362.339,4.085,87.56,3,3,1,0.31,2.394,O=c1[nH]ccc2c3[nH]c(-c4ccccc4)nc3c3ccccc3c12,6,False,False,True,selfies_token_mutation
CAND_a135a966b9,selfies,JAK2_69019d0e87,C=COC=CC(F)=CC(Cl)NC=CC=CNC=O,HFCSYRDOQRTVJK-UHFFFAOYSA-N,True,True,True,272.707,2.4415,50.36,2,3,9,0.2228,2.375,,0,False,False,True,selfies_token_mutation
CAND_fb4e8ff7f4,selfies,JAK2_69019d0e87,O=CNC=C1C=CNC2(C=C(F)C=CC2Cl)C1=C1C=C2C=C1C=C2F,SFQHALWHPXUGND-UHFFFAOYSA-N,True,True,True,358.775,3.5326,41.13,2,2,2,0.5854,2.799,C=C1C=CNC2(C=CC=CC2)C1=C1C=C2C=CC1=C2,6,False,False,True,selfies_token_mutation
CAND_bc94024b31,selfies,JAK2_69019d0e87,C=Nc1c(=O)[nH]cccc2[nH]c(-c3c(Cl)ccnc3F)nc2c2ccc(F)cc12,OXIICCOLABLONM-UHFFFAOYSA-N,True,True,True,411.799,4.8545,86.79,2,4,2,0.3647,3.093,O=c1cc2ccccc2c2nc(-c3cccnc3)[nH]c2ccc[nH]1,10,False,True,True,selfies_token_mutation
CAND_83fc16f7dd,selfies,JAK2_e6b69b948a,O=CNC=C1C=C2C=NC=CN2C(Nc2c(Cl)cc(C(O)C(F)F)cc2Cl)=C1,FRSYMSQSMPTIKI-UHFFFAOYSA-N,True,True,True,427.238,3.9302,76.96,3,5,6,0.6018,3.179,C=C1C=C2C=NC=CN2C(Nc2ccccc2)=C1,6,False,False,True,selfies_token_mutation
CAND_973c4f8fdf,selfies,JAK2_e6b69b948a,O=CNC=CC=C(Cl)NC=C(Cl)C=C=NC(O)C(F)F,OWIKCDKBDQNZDX-UHFFFAOYSA-N,True,True,True,326.13,1.8055,73.72,3,4,8,0.2756,2.25,,0,False,False,True,selfies_token_mutation
CAND_5ac5ceef35,selfies,JAK2_e6b69b948a,O=CNC=C1C=C2C=NC=CC2C(NC2=C(Cl)C=C(CCOC(F)F)C2Cl)=C1,IVGIUWDACHKXQD-UHFFFAOYSA-N,True,True,True,428.266,3.8712,62.72,2,4,8,0.456,3.685,C=C1C=C2C=NC=CC2C(NC2=CC=CC2)=C1,6,False,False,True,selfies_token_mutation
CAND_e15f64d9ad,selfies,JAK2_e6b69b948a,O=CNC=C1C=C(Nc2c(Cl)cc(C(O)C(F)F)cc2Cl)N=CC=CN=CC1,JIFOICWYFGTDBU-UHFFFAOYSA-N,True,True,True,429.254,4.2341,86.08,3,5,6,0.5919,3.44,C=C1C=C(Nc2ccccc2)N=CC=CN=CC1,10,False,True,True,selfies_token_mutation
CAND_6da3458816,selfies,JAK2_e6b69b948a,O=CNNC=CC1=C(NC=C(Cl)C=C(C=CNCl)C(O)C(F)F)C2C=CN=CC2=C1,KIBBSMOFLKBYDI-UHFFFAOYSA-N,True,True,True,458.296,2.6384,97.78,5,6,11,0.1079,3.977,C1=CC2C=CN=CC2=C1,6,False,False,True,selfies_token_mutation
CAND_8a01aa4ffc,selfies,JAK2_e6b69b948a,C=C1C=NC=CC1=NC(=CC=CNC=O)NC=C(Cl)C=C(C=CCl)OCOC(F)F,CTZLKMJCDXWCGW-UHFFFAOYSA-N,True,True,True,459.28,4.2023,84.31,2,6,12,0.1984,3.357,C=C1C=NC=CC1=N,6,False,False,True,selfies_token_mutation
CAND_3ba88cf515,selfies,JAK2_e6b69b948a,CC(F)C(O)C1=CC(Cl)=CN(C2=CC=C(NC=O)C=C3C=NC=CC32)C1Cl,RLQTUICODLPZHW-UHFFFAOYSA-N,True,True,True,410.276,3.2605,64.93,2,4,5,0.4156,3.71,C1=CC=C(N2C=CC=CC2)C2C=CN=CC2=C1,7,False,False,True,selfies_token_mutation
CAND_9adbefbda4,selfies,JAK2_e6b69b948a,CC(F)C(O)C1=CC(Cl)=CN(C2=c3ccncc3=C3CNC3=CO2)C1Cl,FPXQDTIKWDQQSY-UHFFFAOYSA-N,True,True,True,396.249,1.3788,57.62,2,5,3,0.5975,3.382,C1=CCN(C2=c3ccncc3=C3CNC3=CO2)C=C1,7,False,False,True,selfies_token_mutation
CAND_09a8be36ed,selfies,JAK2_e6b69b948a,NC(C1=CC(Cl)C(=CC=CNC=O)NCC(Cl)=C1)C(F)F,DWXQMPLRVVLBAN-UHFFFAOYSA-N,True,True,True,338.185,1.9821,67.15,3,3,5,0.5305,2.875,C=C1CC=CC=CCN1,8,False,True,True,selfies_token_mutation
CAND_94c5db3f6e,selfies,JAK2_e6b69b948a,O=C1C=C2CONC=C2C(OC=C(Cl)C=CCOC(F)F)=CC=CN1,IUGDTGKPXGBMQU-UHFFFAOYSA-N,True,True,True,372.755,2.7511,68.82,2,5,6,0.554,2.876,O=C1C=C2CONC=C2C=CC=CN1,9,False,True,True,selfies_token_mutation
CAND_220ce7b9ab,selfies,JAK2_6c55e74feb,COC=CC1NCN=Cc2ccc(-c3ccccc3)n2NS#CCC(OC)=C1OC,SGJKGTWUFIHCAG-UHFFFAOYSA-N,True,True,True,426.542,3.7088,69.04,2,6,5,0.5636,4.25,C1#SNn2c(ccc2-c2ccccc2)C=NCNCC=CC1,13,True,False,True,selfies_token_mutation
CAND_b230549669,selfies,JAK2_6c55e74feb,COC=CC(=CC(=COC)OC)N1CN=C2C=CC=C(C=CC=CF)N2N1,AHJFMYWBGAOVOB-UHFFFAOYSA-N,True,True,True,374.416,3.0509,58.56,1,7,8,0.5206,2.636,C1=CC2=NCNNN2C=C1,6,False,False,True,selfies_token_mutation
CAND_2db098539b,selfies,JAK2_6c55e74feb,COc1cc(Nc2ncc3ccc(-c4ccccc4)n3n2)cc(SC)c1OC,QBQIBHOHTXXNOG-UHFFFAOYSA-N,True,True,True,392.484,4.879,60.68,1,6,6,0.4721,2.986,c1ccc(Nc2ncc3ccc(-c4ccccc4)n3n2)cc1,6,False,False,True,selfies_token_mutation
CAND_fcd1b77bb2,selfies,JAK2_6c55e74feb,NC1=CC=C=CC1=CC1=CC=CC=NCNc2coc1c2,OAWNNUHKOHESSV-UHFFFAOYSA-N,True,True,True,277.327,3.1669,63.55,2,4,1,0.7749,2.375,C1=CC=CC(=CC2=CC=CC=NCNc3coc2c3)C=1,11,False,True,True,selfies_token_mutation
CAND_91bdb3b904,selfies,JAK2_6c55e74feb,CNOC=CC(=CCC=COC)Nc1ncc2ccc(-c3ccccc3)n2n1,JAMGMFCTVBOUQJ-UHFFFAOYSA-N,True,True,True,377.448,3.907,72.71,2,6,9,0.3347,3.027,c1ccc(-c2ccc3cncnn23)cc1,6,False,False,True,selfies_token_mutation
CAND_1c0791d79a,selfies,JAK2_6c55e74feb,COC=CCNc1ncc2ccc(-c3ccccc3)n2n1,MFVUCSCKYWHLNM-UHFFFAOYSA-N,True,True,True,280.331,2.9683,51.45,1,4,5,0.73,2.375,c1ccc(-c2ccc3cncnn23)cc1,6,False,False,True,selfies_token_mutation
CAND_6cf50e6636,selfies,JAK2_6c55e74feb,C=CC(C)=Cc1cccc2nc(NC3C=COCC(OC)=C3OC)nn12,CGZOZQAUGKDJLW-UHFFFAOYSA-N,True,True,True,354.41,3.1474,69.91,1,6,6,0.8039,2.775,C1=CC(Nc2nc3ccccn3n2)C=COC1,7,False,False,True,selfies_token_mutation
CAND_87e2e00ede,selfies,JAK2_6c55e74feb,COC=C1C(Nc2ncc3ccc(-c4ccccc4)n3n2)=CC(SO)C=C1OC,KOIVENSWNNVFMC-UHFFFAOYSA-N,True,True,True,408.483,4.3411,80.91,2,7,6,0.4638,3.325,C=C1C=CCC=C1Nc1ncc2ccc(-c3ccccc3)n2n1,6,False,False,True,selfies_token_mutation
CAND_b8508fb54f,selfies,JAK2_6c55e74feb,COC=C1C2=CC(C=C1OC)c1ccccc1C1=CC=CC(=NCN2)NOCN1,MGFVZCBOFHJARP-UHFFFAOYSA-N,True,True,True,392.459,2.6665,76.14,3,7,2,0.6722,3.936,C=C1C=CC2C=C1NCN=C1C=CC=C(NCON1)c1ccccc12,13,True,False,True,selfies_token_mutation
CAND_fe5592637a,selfies,JAK2_6c55e74feb,COC1=C(Cl)COC2=CC(=C1)NCN=CC=CC=C2C=CC=CCN,FHJBOUFRDNZSIZ-UHFFFAOYSA-N,True,True,True,359.857,3.0664,68.87,2,5,4,0.7568,2.555,C1=CC=NCNC2=CC=CCOC(=C2)C=C1,11,False,True,True,selfies_token_mutation
CAND_aa88250717,selfies,JAK2_6c55e74feb,CONC1COC=CC1(NCN=CC=Cc1c(N)cccc1N)OC,GIBRZAHIXRAKLD-UHFFFAOYSA-N,True,True,True,347.419,0.8883,116.15,4,8,8,0.2388,3.0,C(=Cc1ccccc1)C=NCNC1C=COCC1,6,False,False,True,selfies_token_mutation
CAND_37480bff4b,selfies,JAK2_6c55e74feb,COC1=C(OC)C2CN=CC=CC3=C(NNC2=COC1)C(C)C=C3,SOICXYCLGJEJQD-UHFFFAOYSA-N,True,True,True,329.4,2.1734,64.11,2,6,2,0.8128,3.0,C1=CC2=C(CC=C2)NNC2=COCC=CC2CN=C1,11,False,True,True,selfies_token_mutation
CAND_429aac4dde,selfies,JAK2_c68e5406e0,C[C@H](C=CC1=C(F)C=C1)Nc1cc(-c2c(N)nn3cccnc23)ncn1,XMJGVXNZQUBWQU-LLVKDONJSA-N,True,True,True,349.373,2.9185,94.02,2,6,5,0.7355,2.875,C1=CC(C=CCNc2cc(-c3cnn4cccnc34)ncn2)=C1,6,False,False,True,selfies_token_mutation
CAND_01c8bfd6ca,selfies,JAK2_c68e5406e0,CN=CC=CNN=C(N)C1=NC=NN([C@H](C)C=CC=C(C)C)C=C1,MXFILKKPWCFZBE-OAHLLOKOSA-N,True,True,True,327.436,2.187,90.73,2,6,7,0.3249,2.375,C1=CNN=CN=C1,7,False,False,True,selfies_token_mutation
CAND_dc0ba5c192,selfies,JAK2_c68e5406e0,C[C@@H](NC=C1N=CN=C1CC(N)=NN[SH]1C=CC=NC1)c1ccc(F)cc1,QIXAYYPTOMVLKH-CYBMUJFWSA-N,True,True,True,387.488,2.5243,99.52,4,6,7,0.2503,3.333,C1=C[SH](NN=CCC2=NC=NC2=CNCc2ccccc2)CN=C1,6,False,False,True,selfies_token_mutation
CAND_21524808dc,selfies,JAK2_c68e5406e0,CC1=CC[C@@H](C)NC=CC2(CN=C=CNN=C(N)C2)C(=N)C1,JOCBUWLIGWVACU-JBZHPUCOSA-N,True,True,True,300.41,1.6734,98.65,4,6,0,0.5121,2.5,N=C1CC=CCCNC=CC12CC=NNC=C=NC2,10,False,True,True,selfies_token_mutation
CAND_16f4a5cefa,selfies,JAK2_c68e5406e0,C[C@@H](NC1=CC(c2c(N)nn3cccnc23)=NSC1)c1ccc(F)cc1,PPOJLZDTCVSKPG-LLVKDONJSA-N,True,True,True,368.441,3.1362,80.6,2,6,4,0.6917,2.852,C1=C(NCc2ccccc2)CSN=C1c1cnn2cccnc12,6,False,False,True,selfies_token_mutation
CAND_8f8d552257,selfies,JAK2_c68e5406e0,C=CC(F)=CC=CN[C@@H](C)SNc1cc(-c2c(N)nn3cccnc23)ncn1,KBXVIYTZNQUPSN-GFCCVEGCSA-N,True,True,True,398.471,3.3173,106.05,3,8,8,0.3014,3.269,c1cnc2c(-c3ccncn3)cnn2c1,6,False,False,True,selfies_token_mutation
CAND_12aa6d80ad,selfies,JAK2_c68e5406e0,CC(c1ccc(F)cc1)n1ccc(CC2=C3N=CC=CN3N=NC2)n1,BJXCVSZLWYTHLN-UHFFFAOYSA-N,True,True,True,336.374,3.6665,58.14,0,5,4,0.8552,2.75,C1=CN2N=NCC(Cc3ccn(Cc4ccccc4)n3)=C2N=C1,6,False,False,True,selfies_token_mutation
CAND_54b3789dd7,selfies,JAK2_c68e5406e0,C[C@@H]1Cc2cnc3c(c(N)n[nH]c2)C2C=NN1C3=C2,HHLYAKAHIKKDPP-YOXFSPIKSA-N,True,True,True,254.297,1.1954,83.19,2,5,0,0.7283,3.0,C1=NN2CCc3cnc4c(cn[nH]c3)C1C=C42,9,False,True,True,selfies_token_mutation
CAND_bfc4028155,selfies,JAK2_c68e5406e0,C=CC(F)=CC[C@@H](C)NC1=CC(CC(N)=NNC=CC2=NC2N)C=N1,ISESPNKYDZJRKW-ZBFVHZJFSA-N,True,True,True,345.426,1.441,113.18,4,6,10,0.2076,3.5,C1=CC(CC=NNC=CC2=NC2)C=N1,5,False,False,True,selfies_token_mutation
CAND_eb70d11a95,selfies,JAK2_c68e5406e0,OC1(CC2=NC=NC2=CN[CH]c2ccc(F)cc2)N=NN2C=CC=NC21,PVGRUIZFMWGRKT-UHFFFAOYSA-N,True,True,True,352.353,1.9352,97.3,2,8,5,0.8472,3.138,[CH](NC=C1N=CN=C1CC1N=NN2C=CC=NC12)c1ccccc1,6,False,False,True,selfies_token_mutation
CAND_457ffeadb2,selfies,JAK2_c68e5406e0,C[C@@H](NC=C1N=CN=C1CC1=CN=CC=CNN=NC1)c1ccc(F)cc1,LPHIKOUZIXUXQP-CQSZACIVSA-N,True,True,True,365.416,3.6295,85.86,2,7,5,0.8348,3.211,C1=CNN=NCC(CC2=NC=NC2=CNCc2ccccc2)=CN=C1,10,False,True,True,selfies_token_mutation
CAND_95d7c2f3f9,selfies,JAK2_c68e5406e0,CSOCN=C(C=CN[C@H](C)CC=CSCF)c1c(N)nn2cccnc12,SFJWQJIQWXTADT-CYBMUJFWSA-N,True,True,True,410.544,3.4085,89.83,2,8,11,0.3332,3.461,c1cnc2ccnn2c1,6,False,False,True,selfies_token_mutation
CAND_5b2ae00f2a,selfies,JAK2_a16dc6f15f,CC1C2=C(CCCN1C(N)=O)C(=N)C1(N=CC=CC3=CC4(S)CS(=O)(=O)NC=CC=C4N31)NC=C2,WQHFPODOTRLMJK-UHFFFAOYSA-N,True,True,True,513.649,1.4758,143.98,5,8,0,0.3118,4.359,N=C1C2=C(C=CNC13N=CC=CC1=CC4CS(=O)(=O)NC=CC=C4N13)CNCCC2,8,False,True,True,selfies_token_mutation
CAND_d0a503d8fc,selfies,JAK2_a16dc6f15f,CS12C=CC=C(NC3=NNC4(C=CC5=CN(C=CC=C5)S(=O)(=O)C4)C=N3)C=CC1CN(CC(N)=O)C2,AIGLUSNKYMSCFJ-UHFFFAOYSA-N,True,True,True,527.676,0.9576,132.49,3,8,3,0.5009,4.812,O=S1(=O)CC2(C=CC3=CN1C=CC=C3)C=NC(NC1=CC=C[SH]3CNCC3C=C1)=NN2,8,False,True,True,selfies_token_mutation
CAND_70352da8fd,selfies,JAK2_a16dc6f15f,CS(=O)(=O)N1C=C(C2=CC[SH]3C=NC(Nc4ccc(C5CCN(CC(N)=O)CC5)cc4)=NN23)C=CC1,RQGVNFJQHUQVNW-UHFFFAOYSA-N,True,True,True,529.692,1.9071,123.7,3,8,6,0.4839,4.198,C1=CC(C2=CC[SH]3C=NC(Nc4ccc(C5CCNCC5)cc4)=NN23)=CNC1,6,False,False,True,selfies_token_mutation
CAND_f2d2300b3a,selfies,JAK2_a16dc6f15f,NC=CC(=CC=NC1N=CC=C=CC2CS(=O)(=O)NC=CC=C2N1)C1CCN(CC(N)=O)CC1,WKLSOUCLAPPRPQ-UHFFFAOYSA-N,True,True,True,485.614,0.269,155.27,4,8,6,0.2404,4.253,O=S1(=O)CC2C=C=CC=NC(N=CC=CC3CCNCC3)NC2=CC=CN1,9,False,True,True,selfies_token_mutation
CAND_3ae23284d4,selfies,JAK2_a16dc6f15f,CS(=O)(=O)NC=CC1=CC(C=CC2=CC=NC(NC=CC=C(C=CCl)C3CCN(CC(N)=O)CC3)[SH]=NN2)=C1,XGICKAKQPZIWDO-UHFFFAOYSA-N,True,True,True,592.191,2.2064,141.28,5,8,12,0.174,5.346,C(C=CC1CCNCC1)=CNC1N=CC=C(C=CC2=CC=C2)NN=[SH]1,8,False,True,True,selfies_token_mutation
CAND_deb4a44b92,selfies,JAK2_a16dc6f15f,C=CC(=CCN=C1N=CC=CC=CC2(C=CC=CNS(=O)(=O)C2)NN1)C1CCON(CCN)CC1,HLIIKBIDLGOQQP-UHFFFAOYSA-N,True,True,True,501.657,1.0898,133.44,4,7,6,0.4005,4.343,O=S1(=O)CC2(C=CC=CC=NC(=NCC=CC3CCNOCC3)NN2)C=CC=CN1,10,False,True,True,selfies_token_mutation
CAND_88483e51ad,selfies,JAK2_a16dc6f15f,NC(=O)CN1CCC2c3ccc(cc3)NC(N=CC=CC=CC3C=CC=CNS(=O)(=O)C3)=NC2C1,QARQVRGFARPAJX-UHFFFAOYSA-N,True,True,True,494.621,1.9136,129.25,3,7,5,0.4254,4.878,O=S1(=O)CC(C=CC=CC=NC2=NC3CNCCC3c3ccc(cc3)N2)C=CC=CN1,9,False,True,True,selfies_token_mutation
CAND_336d058e46,selfies,JAK2_a16dc6f15f,CS(=O)(=O)Nc1cccc(-c2ccc3cnc(Nc4ccc(C5CCN(CCCN=O)C5)cc4)nn23)c1,KEGGBGOYCGFMOP-UHFFFAOYSA-N,True,True,True,519.631,4.4572,121.06,2,8,10,0.2344,4.642,c1ccc(-c2ccc3cnc(Nc4ccc(C5CCNC5)cc4)nn23)cc1,6,False,False,True,selfies_token_mutation
CAND_3df2182a25,selfies,JAK2_a16dc6f15f,C=S(=O)=CC=CC=NC1=NNOC2CC(CCN2CC(N)=O)c2ccc(cc2)N1,BTIVFXAWKDFNNM-UHFFFAOYSA-N,True,True,True,416.507,0.505,121.41,3,8,4,0.3735,4.569,C1=NNOC2CC(CCN2)c2ccc(cc2)N1,12,True,False,True,selfies_token_mutation
CAND_86888a151b,selfies,JAK2_11eb785811,CC(N)CN(C)CCCC1=CC=CN(C(F)N=CC=CC=CC=CC=CS(C)(=O)=O)C=C1,WGWWOPSSRGLRBS-UHFFFAOYSA-N,True,True,True,462.635,3.8658,79.0,1,6,13,0.2554,3.876,C1=CC=CNC=C1,7,False,False,True,selfies_token_mutation
CAND_6f60aa28e9,selfies,JAK2_11eb785811,CS(=O)(=O)C=C1C=CC(C=c2ccc3nc(NC=C4C=CC(C5CCN(CC(N)=O)CC5)=CN4)nn23)=C1,QGADWRUEKGBMJX-UHFFFAOYSA-N,True,True,True,519.631,1.1473,134.72,3,8,7,0.496,4.017,C=C1C=CC(C=c2ccc3nc(NC=C4C=CC(C5CCNCC5)=CN4)nn23)=C1,6,False,False,True,selfies_token_mutation
CAND_ad2c0f12d0,selfies,JAK2_11eb785811,CS(=O)(=O)C=CC1=C2CC(=CC=NCN3C=C=C(C4CCN(CC(N)=O)CC4)C=C3N)N12,DNBSTFWBGRCOQN-UHFFFAOYSA-N,True,True,True,456.572,0.7398,125.1,2,8,8,0.4076,3.592,C1=CN(CN=CC=C2CC3=CN23)C=CC=1C1CCNCC1,6,False,False,True,selfies_token_mutation
CAND_25835c868c,selfies,JAK2_11eb785811,CCCN(CCc1cccn(C2NN=Cc3ccc(-c4ccc(S(C)(=O)=O)cc4)n32)c1=N)CC(N)=O,UATVSCKTDHPBQT-UHFFFAOYSA-N,True,True,True,509.636,1.5209,138.57,3,7,10,0.3804,4.387,N=c1ccccn1C1NN=Cc2ccc(-c3ccccc3)n21,6,False,False,True,selfies_token_mutation
CAND_6d30732c1c,selfies,JAK2_11eb785811,C[SH](O)C=CC=C1CC(=CC=NCNC=CC2=C(CCC3CCN3CCNCN=O)C=C2)NN1,WGNNKTAWVXUZLJ-UHFFFAOYSA-N,True,True,True,487.674,3.0358,113.38,6,9,15,0.0911,4.515,C=C1CC(=CC=NCNC=CC2=C(CCC3CCN3)C=C2)NN1,5,False,False,True,selfies_token_mutation
CAND_ad23ea1c2c,selfies,JAK2_11eb785811,CS(=O)(=O)c1ccc(-c2ccc3cnc(NN4C=CC=C(C5CCN(CC(N)=O)CC5)C4)nn23)cc1,MPIZBXNAOWBMDV-UHFFFAOYSA-N,True,True,True,507.62,2.0797,125.93,2,8,7,0.4979,3.951,C1=CN(Nc2ncc3ccc(-c4ccccc4)n3n2)CC(C2CCNCC2)=C1,6,False,False,True,selfies_token_mutation
CAND_d7a0660828,selfies,JAK2_11eb785811,CC(N)CN1CCCC=CC(=CNCN=CC=CC=CC2=CC=CS(=O)(=O)C2)C1,MDZFGQBWPHDMAC-UHFFFAOYSA-N,True,True,True,416.591,2.4683,87.79,2,6,8,0.3605,3.62,O=S1(=O)C=CC=C(C=CC=CC=NCNC=C2C=CCCCNC2)C1,8,False,True,True,selfies_token_mutation
CAND_87a937c65a,selfies,JAK2_11eb785811,CCN(CCCc1ccc(Nc2ncc3ccc(-c4ccc(S(C)(=O)=O)cc4)n3n2)cc1)CC(N)=O,ORLCILXOEJRTPN-UHFFFAOYSA-N,True,True,True,506.632,3.2832,122.69,2,7,11,0.32,4.245,c1ccc(Nc2ncc3ccc(-c4ccccc4)n3n2)cc1,6,False,False,True,selfies_token_mutation
CAND_84b88b9bc8,selfies,JAK2_11eb785811,CCCN(CCc1c2ccn(c1=N)C1N=CC=C3C=CC(=CC=CS(=O)(=O)CN31)C2)CC(N)=O,LNMYTLLAYNQXCZ-UHFFFAOYSA-N,True,True,True,482.61,1.3721,124.85,2,7,7,0.6073,4.562,N=c1cc2ccn1C1N=CC=C3C=CC(=CC=CS(=O)(=O)CN31)C2,11,False,True,True,selfies_token_mutation
CAND_fd7adc3514,selfies,JAK2_6bbe5c39de,COc1ccccc1C=C1C=CC=NC(SNc2ccc(N3CCOCC3)cc2)=NN1,SBMSCCUGKLFEBF-UHFFFAOYSA-N,True,True,True,435.553,4.1342,70.48,2,8,5,0.6884,3.6,C1=CC(=Cc2ccccc2)NN=C(SNc2ccc(N3CCOCC3)cc2)N=C1,8,False,True,True,selfies_token_mutation
CAND_eaefd8b632,selfies,JAK2_6bbe5c39de,COc1ccccc1C=c1ccc2nc(NC=C3C=CC(N[SH]4CCOCC4)=C3)nn12,KAQMQVFBQVGJKW-UHFFFAOYSA-N,True,True,True,435.553,2.5711,72.71,3,6,6,0.5172,3.425,C1=CC(N[SH]2CCOCC2)=CC1=CNc1nc2ccc(=Cc3ccccc3)n2n1,6,False,False,True,selfies_token_mutation
CAND_7d0a5bde2c,selfies,JAK2_6bbe5c39de,NC1=CC(N2CCOCC2)C=CN1C1=COc2ccccc2C=CC=CC=N1,GTUQGGCLEGUKJF-UHFFFAOYSA-N,True,True,True,376.46,2.8483,63.32,1,6,2,0.86,3.147,C1=CC=NC(N2C=CC(N3CCOCC3)C=C2)=COc2ccccc2C=C1,11,False,True,True,selfies_token_mutation
CAND_d7cbde2d84,selfies,JAK2_6bbe5c39de,COc1ccccc1-c1ccc2cnc(Nc3ccc(N4CCOSC4)cc3)nn12,KRQLOYCMJAHQMK-UHFFFAOYSA-N,True,True,True,419.51,4.5908,63.92,1,7,5,0.4747,3.211,c1ccc(-c2ccc3cnc(Nc4ccc(N5CCOSC5)cc4)nn23)cc1,6,False,False,True,selfies_token_mutation
CAND_395a83733f,selfies,JAK2_6bbe5c39de,FNC1N=CC=CC=Cc2ccccc2OCNN=N1,FIHWPOOQECCKMM-UHFFFAOYSA-N,True,True,True,275.287,2.3912,70.37,2,6,1,0.773,3.075,C1=CC=NCN=NNCOc2ccccc2C=C1,14,True,False,True,selfies_token_mutation
CAND_388f388d00,selfies,JAK2_6bbe5c39de,Oc1ccccc1C=CC1C=NC(Nc2ccc(N3CCOCC3)cc2)=NN1,COAAUPPYCWNWLK-UHFFFAOYSA-N,True,True,True,377.448,2.6677,81.48,3,7,4,0.7632,2.902,C(=CC1C=NC(Nc2ccc(N3CCOCC3)cc2)=NN1)c1ccccc1,6,False,False,True,selfies_token_mutation
CAND_6efc5a9034,selfies,JAK2_6bbe5c39de,COc1ccccc1-c1c2cccnc(Nc3ccc(N4CCOCC4)cc3)nn1-2,UKOYQWVOQDSZKM-UHFFFAOYSA-N,True,True,True,401.47,3.9609,64.44,1,6,5,0.5461,3.611,c1ccc(-c2c3cccnc(Nc4ccc(N5CCOCC5)cc4)nn2-3)cc1,8,False,True,True,selfies_token_mutation
CAND_6b79cdc3df,selfies,JAK2_6bbe5c39de,CCOCCNc1cccn(C2CC=Cc3cc4c(OC)cccc4n32)c1=N,ZJYMZJHZKLGPIL-UHFFFAOYSA-N,True,True,True,378.476,3.8431,64.2,2,4,7,0.6141,3.283,N=c1ccccn1C1CC=Cc2cc3ccccc3n21,6,False,False,True,selfies_token_mutation
CAND_aab523eb46,selfies,JAK2_6bbe5c39de,CCOCCNc1cccn(CN=CC2c3cc4c(ONC)cccc4n32)c1=N,JJIBVPIPTSPYLU-UHFFFAOYSA-N,True,True,True,394.479,2.5152,88.59,3,6,10,0.2801,3.747,N=c1ccccn1CN=CC1c2cc3ccccc3n21,6,False,False,True,selfies_token_mutation
CAND_c36fc63ebc,selfies,JAK2_6bbe5c39de,COc1ccccc1-c1ccc2n1NC1=CC(NC3C=COCC3)=CC1NCN=C2,OXXAOAFSYBHQPH-UHFFFAOYSA-N,True,True,True,403.486,2.729,71.84,3,6,4,0.7323,3.997,C1=CC(NC2=CC3NCN=Cc4ccc(-c5ccccc5)n4NC3=C2)CCO1,9,False,True,True,selfies_token_mutation
CAND_5fd346b7a8,selfies,JAK2_6bbe5c39de,COc1c2ccc3c1cc1n3N=C(N=CC=C1)NC2C=C(C)N1CCOCC1,SEIDOSDCAOUKCV-UHFFFAOYSA-N,True,True,True,377.448,2.7469,63.38,1,6,3,0.8934,3.477,C1=Cc2cc3cc4ccc3n2N=C(N=C1)NC4C=CN1CCOCC1,9,False,True,True,selfies_token_mutation
CAND_463960bec6,selfies,JAK2_6bbe5c39de,C1=CC2=Cc3ccccc3OCN2N=C(Nc2ccc(N3CCOCC3)cc2)SN=C1,BQOMUYQHEIRPAQ-UHFFFAOYSA-N,True,True,True,433.537,4.1879,61.69,1,8,2,0.717,3.414,C1=CC2=Cc3ccccc3OCN2N=C(Nc2ccc(N3CCOCC3)cc2)SN=C1,9,False,True,True,selfies_token_mutation
CAND_a8241d348f,selfies,JAK2_0be2eaa185,NC(=O)C1CCC2=CC(NCN=Cc3ccc(-c4cccc(CO)c4)n3N)=CCC2CCN1,AWRVEENVQCEFAZ-UHFFFAOYSA-N,True,True,True,448.571,1.7848,130.69,5,6,7,0.3256,4.423,C(=NCNC1=CCC2CCNCCCC2=C1)c1ccc(-c2ccccc2)[nH]1,8,False,True,True,selfies_token_mutation
CAND_2c8d8ee074,selfies,JAK2_0be2eaa185,NC(=O)CN1CCC(c2ccc(NCN=Cc3ccc4c5cccc(CO)c5[nH]n34)cc2)CC1,PTCRVIQPIRZIPM-UHFFFAOYSA-N,True,True,True,458.566,3.0661,111.15,4,5,8,0.3042,3.803,C(=NCNc1ccc(C2CCNCC2)cc1)c1ccc2c3ccccc3[nH]n12,6,False,False,True,selfies_token_mutation
CAND_c5faa50a42,selfies,JAK2_0be2eaa185,NC1C=CC=CC2=C(C=CC=NCNC(=CC=CC3CCNCC(=O)N3)N2)O1,LUGTYWJMFBYWNJ-UHFFFAOYSA-N,True,True,True,382.468,0.2784,112.8,5,7,2,0.4689,3.18,O=C1CNCCC(C=CC=C2NCN=CC=CC3=C(C=CC=CCO3)N2)N1,10,False,True,True,selfies_token_mutation
CAND_aeb4d80854,selfies,JAK2_0be2eaa185,CNC(=O)CN1CCC(c2ccc(Nc3ncc4ccc(-c5cccc(CO)c5)n4n3)cc2)CC1,NNTBDWINCRFBEY-UHFFFAOYSA-N,True,True,True,470.577,3.5576,94.79,3,6,7,0.3824,3.745,c1ccc(-c2ccc3cnc(Nc4ccc(C5CCNCC5)cc4)nn23)cc1,6,False,False,True,selfies_token_mutation
CAND_2638b720ea,selfies,JAK2_0be2eaa185,NCC(=O)CN1CCC(c2ccc(Nc3ncc4ccc(-c5cccc(CO)c5)n4n3)cc2)CC1,RIWCGMXKIKLVRZ-UHFFFAOYSA-N,True,True,True,470.577,3.3394,108.78,3,7,8,0.3624,3.87,c1ccc(-c2ccc3cnc(Nc4ccc(C5CCNCC5)cc4)nn23)cc1,6,False,False,True,selfies_token_mutation
CAND_787ce8892d,selfies,JAK2_0be2eaa185,NNN1C(C=CC=NCNC2=CC(=CC3CCN(CCC(N)=O)C3)C=C2)=C1c1cccc(CO)c1,MIPIDHHCRLSLQG-UHFFFAOYSA-N,True,True,True,475.597,1.2929,132.01,5,8,12,0.1748,4.448,C(=CC1=C(c2ccccc2)N1)C=NCNC1=CC(=CC2CCNC2)C=C1,6,False,False,True,selfies_token_mutation
CAND_45f197ae3d,selfies,JAK2_0be2eaa185,CCC12CC3=NN4C#CC=CC=NCONC5(C=C41)C(N3)C(=O)N25,CFRVWQAMZRWOJH-UHFFFAOYSA-N,True,True,True,324.344,-0.3576,81.56,2,7,1,0.5086,4.275,O=C1C2NC3=NN4C#CC=CC=NCONC25C=C4C(C3)N15,13,True,False,True,selfies_token_mutation
CAND_39d3eb0bd1,selfies,JAK2_0be2eaa185,CCC1C=CC=C(NCN=C=C=C(NN)c2cccc(CO)c2)C=CC1CNCC(N)=O,MEWYNACWYNYECH-UHFFFAOYSA-N,True,True,True,436.56,1.0822,137.79,6,7,11,0.1329,4.356,C(=C=NCNC1=CC=CCCC=C1)=Cc1ccccc1,8,False,True,True,selfies_token_mutation
CAND_caab0e3f86,selfies,JAK2_0be2eaa185,NC(=O)CNCCCC=CC=CNC1=NNC=C(CO)C=CC=CC=CC=CC=N1,JNRPVQJILDRTCM-UHFFFAOYSA-N,True,True,True,410.522,1.547,124.13,5,7,9,0.2914,3.911,C1=CC=CC=CNN=CN=CC=CC=C1,15,True,False,True,selfies_token_mutation
CAND_ad8602e83c,selfies,JAK2_0be2eaa185,CC1=CC(NC2=NN3C(C=C4C=CC(C=N)OC4)=CC3C=N2)=CCC12CCNC(C(N)=O)C2,ZNRIAJPYRXPJMS-UHFFFAOYSA-N,True,True,True,447.543,1.4881,128.19,4,8,4,0.4856,4.242,C1=CC(=CC2=CC3C=NC(NC4=CCC5(C=C4)CCNCC5)=NN23)COC1,6,False,False,True,selfies_token_mutation
CAND_57aeddcc5f,selfies,JAK2_4c8ff71131,C=CC(=CC=CNN=NC12COC=CC3=C(C=CC(=CC=N1)NN2)C=N3)N1CCN(C)CC1,KFKNTUQQXCXWMY-UHFFFAOYSA-N,True,True,True,447.547,1.9291,101.24,3,9,6,0.3268,4.742,C(C=CN1CCNCC1)=CNN=NC12COC=CC3=C(C=CC(=CC=N1)NN2)C=N3,12,True,False,True,selfies_token_mutation
CAND_cea52e6b70,selfies,JAK2_4c8ff71131,COC=CC=C(C=N)C=CC=C1C=NC(NC=CC=C(C=CNS)N2CCN(C)CC2)=NNN1,RMYDUZPDGNHDIV-UHFFFAOYSA-N,True,True,True,483.646,1.7949,112.4,6,11,10,0.1216,3.492,C=C1C=NC(NC=CC=CN2CCNCC2)=NNN1,7,False,False,True,selfies_token_mutation
CAND_b947aec122,selfies,JAK2_4c8ff71131,COc1ccc(C2=C=C=C3C=NC(Nc4ccc(N5CCN(C)CC5)cc4)=NN32)cn1,YNBYYFGVWHEMKC-UHFFFAOYSA-N,True,True,True,413.485,2.6039,68.59,1,8,4,0.7775,3.053,C1=C=C(c2cccnc2)N2N=C(Nc3ccc(N4CCNCC4)cc3)N=CC=12,6,False,False,True,selfies_token_mutation
CAND_40b6c97ba2,selfies,JAK2_4c8ff71131,CN1CCN(c2ccc(Nc3ncc4ccc(-c5ccc(O)nc5)n4n3)cc2)CC1,VPWBWYLGRWOWRI-UHFFFAOYSA-N,True,True,True,401.474,2.9923,81.82,2,7,4,0.544,2.986,c1cncc(-c2ccc3cnc(Nc4ccc(N5CCNCC5)cc4)nn23)c1,6,False,False,True,selfies_token_mutation
CAND_16675ad5b2,selfies,JAK2_4c8ff71131,COC=CC=C(C=N)C=CC1=CC=NC2C(=NN1)N2C=CC=CN1CCN(C)CC1,LCPQMPSPLMLMCU-UHFFFAOYSA-N,True,True,True,407.522,2.0666,79.32,2,8,8,0.2787,3.82,C1=CNN=C2C(N=C1)N2C=CC=CN1CCNCC1,8,False,True,True,selfies_token_mutation
CAND_83d761efeb,selfies,JAK2_4c8ff71131,COc1ccc(C=CC=C2C=NC(Nc3ccc(N4CCN(C)CC4)cc3)=NN2)cn1,WMXVCXFVUQPWIX-UHFFFAOYSA-N,True,True,True,417.517,2.7962,77.38,2,8,5,0.7791,3.0,C(=Cc1cccnc1)C=C1C=NC(Nc2ccc(N3CCNCC3)cc2)=NN1,6,False,False,True,selfies_token_mutation
CAND_8ced6a8186,selfies,JAK2_4c8ff71131,COC=C1N=NC(c2ccc3cnc(Nc4ccc(N5CCN(C)CC5)cc4)nn23)=CS1,PPMRBYGKAJABJI-UHFFFAOYSA-N,True,True,True,448.556,4.1674,82.65,1,9,5,0.5868,3.373,C=C1N=NC(c2ccc3cnc(Nc4ccc(N5CCNCC5)cc4)nn23)=CS1,6,False,False,True,selfies_token_mutation
CAND_62718e0971,selfies,JAK2_4c8ff71131,COC=CC=Cc1ccc2cnc(Nc3ccc(N4CCN(C)CC4)cc3)nn12,PDRWBSPSZOYILV-UHFFFAOYSA-N,True,True,True,390.491,3.398,57.93,1,6,6,0.5143,2.975,c1cc2cnc(Nc3ccc(N4CCNCC4)cc3)nn2c1,6,False,False,True,selfies_token_mutation
CAND_9cf4869dd5,selfies,JAK2_4c8ff71131,CN1CCN(c2ccc(NC3=NNC(=CCC4=CC=COCN4)C=N3)cc2)CC1,QFADATKIVXIZQE-UHFFFAOYSA-N,True,True,True,393.495,2.0442,76.52,3,8,4,0.7269,2.742,C1=COCNC(CC=C2C=NC(Nc3ccc(N4CCNCC4)cc3)=NN2)=C1,7,False,False,True,selfies_token_mutation
CAND_f437f6d89a,selfies,JAK2_4c8ff71131,COC=CC=C(CF)c1ccc2cnc(Nc3ccc(N4CCN(C)CC4)cc3)nn12,IKXKDBAHDGRNEE-UHFFFAOYSA-N,True,True,True,422.508,3.7377,57.93,1,6,7,0.4625,3.278,c1cc2cnc(Nc3ccc(N4CCNCC4)cc3)nn2c1,6,False,False,True,selfies_token_mutation
CAND_f4c51e432b,selfies,JAK2_4c8ff71131,CN1CCN(c2ccc3c(c2)NNC(C=CC2=CC=COCN=C2)=CC=NC3)CC1,WYGBHHSEKLXVCX-UHFFFAOYSA-N,True,True,True,404.518,2.878,64.49,2,7,3,0.8111,3.178,C1=COCN=CC(C=CC2=CC=NCc3ccc(N4CCNCC4)cc3NN2)=C1,9,False,True,True,selfies_token_mutation
CAND_baa5adbe3b,selfies,JAK2_4c8ff71131,CCCN(C)CNCNC=CC=CNC12N=CC=CC=CC3=CC=COC31NN2,LDJNKSXPAGJMPQ-UHFFFAOYSA-N,True,True,True,397.527,1.1644,84.98,5,8,10,0.2149,4.264,C1=CC=NC2NNC23OC=CC=C3C=C1,9,False,True,True,selfies_token_mutation
CAND_389b0bd48c,selfies,JAK2_0363b39a60,N#CC[C@@H](CNC=CCCl)C1CCCC1NC=C=CC=NC=N,XSCLYHVCNYBMRQ-ZZBNECFVSA-N,True,True,True,333.867,2.9634,84.06,3,4,10,0.2486,3.25,C1CCCC1,5,False,False,True,selfies_token_mutation
CAND_127ab9a6da,selfies,JAK2_0363b39a60,NC1NC=C(NC=Nc2ccc[nH]2)NC2CCC1C2,AGGMJAQDUXLGIC-UHFFFAOYSA-N,True,True,True,260.345,0.7093,90.26,5,4,3,0.4088,3.375,C(=Nc1ccc[nH]1)NC1=CNCC2CCC(C2)N1,8,False,True,True,selfies_token_mutation
CAND_8e8ae2652f,selfies,JAK2_0363b39a60,N#CC[C@@H](NC=C(C=N)c1ncnc2[nH]ccc12)C1CCCC1,XRBVSHCBSBMGKY-OAHLLOKOSA-N,True,True,True,308.389,3.0105,101.24,3,5,6,0.7138,2.75,C(=Cc1ncnc2[nH]ccc12)NCC1CCCC1,6,False,False,True,selfies_token_mutation
CAND_03964746e5,selfies,JAK2_0363b39a60,N#CC[C@H](C1CCCC1)n1cc(C2=NC=NCNC=C=C2)cn1,YQTXKJGZQOMRRO-WHUHTXJMSA-N,True,True,True,308.389,2.575,78.36,1,5,4,0.8683,3.0,C1=CNCN=CN=C(c2cnn(CC3CCCC3)c2)C=1,9,False,True,True,selfies_token_mutation
CAND_318e48ce20,selfies,JAK2_0363b39a60,CC(C=NNc1ccc[nH]1)=CN[C@H](CC#N)C1CCCC1,ZZQOBZGWAXJGLQ-OAHLLOKOSA-N,True,True,True,285.395,3.3783,76.0,3,4,7,0.5307,2.625,C(=CNCC1CCCC1)C=NNc1ccc[nH]1,5,False,False,True,selfies_token_mutation
CAND_78368c7901,selfies,JAK2_0363b39a60,N#C[C@H](Cl)n1cc(-c2ncnc3[nH]ccc23)cn1,QHJABWAAIWVSCD-SECBINFHSA-N,True,True,True,258.672,2.0824,83.18,1,4,2,0.7135,2.25,c1nc(-c2cn[nH]c2)c2cc[nH]c2n1,6,False,False,True,selfies_token_mutation
CAND_92c8c66d5e,selfies,JAK2_0363b39a60,CCC(C)[C@@H](CC)n1cc(-c2ncnc3[nH]ccc23)cn1,PYGBQEFXVGTHFZ-SBXXRYSUSA-N,True,True,True,283.379,3.8186,59.39,1,3,5,0.774,2.875,c1nc(-c2cn[nH]c2)c2cc[nH]c2n1,6,False,False,True,selfies_token_mutation
CAND_29982a008c,selfies,JAK2_0363b39a60,N#CCS[C@@H](NC=C1C=NC=NNC=CC1N)C1CCCC1,MHCPRUGIIQFILN-YSSOQSIOSA-N,True,True,True,318.45,1.6913,98.59,3,7,5,0.6701,3.125,C1=CNN=CN=CC(=CNCC2CCCC2)C1,9,False,True,True,selfies_token_mutation
CAND_aefe185694,selfies,JAK2_0363b39a60,N#CC[C@H]1N=C(c2ncnc3[nH]ccc23)C=NC2CCCC21,SLAAFIBOBFVFIB-KGPNIALWSA-N,True,True,True,292.346,2.2824,90.08,1,5,2,0.9202,3.0,C1=NC2CCCC2CN=C1c1ncnc2[nH]ccc12,7,False,False,True,selfies_token_mutation
CAND_03abc0c2b1,selfies,JAK2_0363b39a60,CC[C@H](C1CCCC1)N1C=CC=NC=NCNC=CCC=N1,GAQPRICSTOFNRO-QGZVFWFLSA-N,True,True,True,301.438,3.3203,52.35,1,5,3,0.8691,3.325,C1=CN(CC2CCCC2)N=CCC=CNCN=CN=C1,14,True,False,True,selfies_token_mutation
CAND_0224bd2937,selfies,JAK2_0363b39a60,N#CC1CCC[C@@H]1n1cc(-c2ncnc3[nH]ccc23)cn1,NCECBCGFDLYZQH-HQVZTVAUSA-N,True,True,True,278.319,2.6862,83.18,1,4,2,0.7808,2.75,c1nc(-c2cnn(C3CCCC3)c2)c2cc[nH]c2n1,6,False,False,True,selfies_token_mutation
CAND_d2a7510685,selfies,JAK2_69b6c7ad6e,C=C[C@H](C(=O)NCC[CH]C#N)N(O)c1c[nH]c2ncc(C3CC3)nc12,LSTLZEFVKSANOJ-CYBMUJFWSA-N,True,True,True,339.379,1.8197,117.93,3,6,8,0.3835,3.0,c1cc2nc(C3CC3)cnc2[nH]1,6,False,False,True,selfies_token_mutation
CAND_b395d80db2,selfies,JAK2_69b6c7ad6e,N#C[CH]C1CN(C(=O)[C@H](NC(=O)C=C2C=NC3CC3C=C=CN=CN2)C2CC2)C1,PDVADZYTPNGIQA-SNVQQOOFSA-N,True,True,True,391.455,0.711,109.95,2,6,5,0.5312,4.105,O=C(C=C1C=NC2CC2C=C=CN=CN1)N[C@@H](C(=O)N1CCC1)C1CC1,11,False,True,True,selfies_token_mutation
CAND_0e3fc8e798,selfies,JAK2_69b6c7ad6e,N#C[CH]C1CN(C(=N)O[C@H](NC(=O)c2c[nH]c3ncc(C4CC4)nc23)C2CC2)C1,DTPVSWFBKBDTRJ-IBGZPJMESA-N,True,True,True,392.443,1.9122,130.78,3,6,6,0.391,3.436,N=C(O[C@H](NC(=O)c1c[nH]c2ncc(C3CC3)nc12)C1CC1)N1CCC1,6,False,False,True,selfies_token_mutation
CAND_d09aeeeeae,selfies,JAK2_69b6c7ad6e,C=CC[C@@H](NC(=O)c1c[nH]c2ncc(C3CC3)nc12)C(=O)N=CC[CH]C#N,FVWQFFMCOQUOSD-CQSZACIVSA-N,True,True,True,363.401,2.2252,123.89,2,5,8,0.4227,3.074,c1cc2nc(C3CC3)cnc2[nH]1,6,False,False,True,selfies_token_mutation
CAND_997f9cb188,selfies,JAK2_69b6c7ad6e,N#C[CH]C1CN1C(=O)[CH]NC(=O)C=CNC=NC=CCl,XKTCXIDEQICJNE-UHFFFAOYSA-N,True,True,True,293.714,0.0447,97.36,2,4,7,0.2997,2.375,C1CN1,3,False,False,True,selfies_token_mutation
CAND_3e4546e58d,selfies,JAK2_69b6c7ad6e,N#C[CH]CCNC(=O)[CH]C(=O)c1c[nH]c2ncc(C3CC3)nc12,WKVPZIHFWUKRMC-UHFFFAOYSA-N,True,True,True,309.329,1.4565,111.53,2,5,7,0.4566,2.625,c1cc2nc(C3CC3)cnc2[nH]1,6,False,False,True,selfies_token_mutation
CAND_831dd8b5ae,selfies,JAK2_69b6c7ad6e,N#C[CH]CC=NC(=O)[CH]c1c[nH]c2ncc(C3CC3)nc12,URMUHMYANIXEJS-UHFFFAOYSA-N,True,True,True,279.303,2.1031,94.79,1,4,5,0.6694,2.375,c1cc2nc(C3CC3)cnc2[nH]1,6,False,False,True,selfies_token_mutation
CAND_367b0bb41b,selfies,JAK2_69b6c7ad6e,N#CO[CH]C1CN(C(=O)[C@H](NC(=O)c2c[nH]c3ncc(C4CC4)nc23)OC2CC2)C1,WARCEJWVJKBOSN-LJQANCHMSA-N,True,True,True,409.426,1.1881,133.23,2,7,8,0.494,3.78,O=C(N[C@H](OC1CC1)C(=O)N1CCC1)c1c[nH]c2ncc(C3CC3)nc12,6,False,False,True,selfies_token_mutation
CAND_60014c3c69,selfies,JAK2_69b6c7ad6e,CC[C@@H](NC(C)C1C=NC2CC2NC=CN=CN1)C(=O)NCC[CH]C#N,YAHXNUDBYLMWDS-SKJHWLIMSA-N,True,True,True,358.47,0.2499,113.7,4,7,8,0.4646,4.047,C1=CNC2CC2N=CCNC=N1,11,False,True,True,selfies_token_mutation
CAND_36141b5abb,selfies,JAK2_a36c03bfb1,CC1C(N2CNc3ccc(-c4cccc(S(=O)(=O)NC(C)(C)C)c4)n3N2)=CC=CN2CCNCC12,GDDNVVXSMWKCMR-UHFFFAOYSA-N,True,True,True,497.669,2.6965,93.67,4,7,4,0.5161,4.02,C1=CN2CCNCC2CC(N2CNc3ccc(-c4ccccc4)n3N2)=C1,7,False,False,True,selfies_token_mutation
CAND_705dfac7db,selfies,JAK2_a36c03bfb1,CC(C)(C)NS(=O)(=O)c1cccc(C2=CC=C=NCN(C(F)=CC=CN3CCNCC3)NN2)c1,CXFJXQOMCYHXEP-UHFFFAOYSA-N,True,True,True,489.621,1.8423,101.1,4,8,6,0.3574,3.776,C1=CC=C(c2ccccc2)NNN(C=CC=CN2CCNCC2)CN=1,9,False,True,True,selfies_token_mutation
CAND_ee25a26323,selfies,JAK2_a36c03bfb1,CCC1C2=C=CN3C(NCC13)C(C=CC=CC(=C=CN)S(=O)(=O)NC(C)(C)C)=CC=CC=NCN2,BEUHOMVQLZKUTL-UHFFFAOYSA-N,True,True,True,496.681,2.5222,111.85,4,7,6,0.3322,5.515,C1=CN2C3CNC2C=CC=CC=NCNC=1C3,13,True,False,True,selfies_token_mutation
CAND_abbfe6b7e7,selfies,JAK2_a36c03bfb1,O=[SH](=O)C1C=CC=CC2=CC=C(C=C1)C=NCN1C3=CC(=CN4CCCN(C=C3)CC4)NN21,HEOBQBVIYULBQR-UHFFFAOYSA-N,True,True,True,464.595,1.7983,71.49,2,8,1,0.5737,3.712,C1=CCC=CC2=CC=C(C=C1)N1NC3=CN4CCCN(C=CC(=C3)N1CN=C2)CC4,11,False,True,True,selfies_token_mutation
CAND_43a0cbe197,selfies,JAK2_a36c03bfb1,C=CC(C)(C)N[SH](O)C1(N)C=CC=CC2=CC=C3C=[SH]N4CC1NC23C4,LTKJFXZOGGTMCT-UHFFFAOYSA-N,True,True,True,392.594,1.7861,73.55,6,5,4,0.25,4.237,C1=CCC2CN3CC4(N2)C(=CC=C4C=[SH]3)C=C1,9,False,True,True,selfies_token_mutation
CAND_232732335c,selfies,JAK2_a36c03bfb1,CC(C)(C)NS(=O)(=O)c1cccc(-c2ccc3cnc(C4=CC=CN5CCNC4C5)nn23)c1,CTMUPIQPOZDVMV-UHFFFAOYSA-N,True,True,True,464.595,2.6576,91.63,2,6,4,0.6169,3.587,C1=CN2CCNC(C2)C(c2ncc3ccc(-c4ccccc4)n3n2)=C1,7,False,False,True,selfies_token_mutation
CAND_a36c03bfb1,selfies,JAK2_a36c03bfb1,CN1CCN(c2ccc(Nc3ncc4ccc(-c5cccc(S(=O)(=O)NC(C)(C)C)c5)n4n3)cc2)CC1,RIKZRUCSTZUNOM-UHFFFAOYSA-N,True,True,False,519.675,3.9685,94.87,2,7,6,0.3981,3.893,c1ccc(-c2ccc3cnc(Nc4ccc(N5CCNCC5)cc4)nn23)cc1,6,False,False,True,selfies_token_mutation
CAND_20cb32be46,selfies,JAK2_a36c03bfb1,CNCC1CCN1C=CC1=C(NCN=C2C=CC3=C(C=CC4=CC=CPS(=O)(=O)NC(C)CC=C4)N3N2)C=C1,FRRYVFZETITFLV-UHFFFAOYSA-N,True,True,True,565.684,3.0225,100.87,4,7,9,0.3191,5.773,O=S1(=O)NCCC=CC(C=CC2=C3C=CC(=NCNC4=C(C=CN5CCC5)C=C4)NN23)=CC=CP1,11,False,True,True,selfies_token_mutation
CAND_5fb21f9000,selfies,JAK2_a36c03bfb1,CCC1=CC(=CN2CCNCC2)N2CC=C3C=NC(=NN3c3c2cccc3S(=O)(=O)NC(C)(C)C)N1,XKMYSPKHWVHBPA-UHFFFAOYSA-N,True,True,True,510.668,2.2728,104.67,3,9,4,0.5709,4.093,C1=CC(=CN2CCNCC2)N2CC=C3C=NC(=NN3c3ccccc32)N1,10,False,True,True,selfies_token_mutation
CAND_f929e3b400,selfies,JAK2_a36c03bfb1,C=CC(=CC=CN1CCCNCC1)NCNc1cc2[nH]n1c2C1=CC#CPS(=O)(=O)NC(C)(C)C=C1,PWOVHSQQDQWPHN-UHFFFAOYSA-N,True,True,True,527.635,2.7487,105.7,5,6,8,0.1565,4.937,O=S1(=O)NCC=CC(c2c3cc(NCNC=CC=CN4CCCNCC4)n2[nH]3)=CC#CP1,10,False,True,True,selfies_token_mutation
CAND_b99ad142b1,selfies,JAK2_a36c03bfb1,CC(C)(C)NS(=O)(=O)c1cccc(-c2ccc3cnc(Nc4ccc(N5C=CCCC5)cc4)nn23)c1,HSFJNMDONIYULM-UHFFFAOYSA-N,True,True,True,502.644,5.3306,91.63,2,6,6,0.3703,3.963,C1=CN(c2ccc(Nc3ncc4ccc(-c5ccccc5)n4n3)cc2)CCC1,6,False,False,True,selfies_token_mutation
CAND_2586b394fa,selfies,JAK2_a36c03bfb1,CCC(N)NS(=O)(=O)C1C=CC(=CC2=CC(=CC=NCNC3=CC(=CN4CCC(NC)C4)C=C3)N2N)C=C1,IXNVOSXKWSFTGB-UHFFFAOYSA-N,True,True,True,538.722,1.2279,141.11,5,9,11,0.1503,4.923,C1=CC(=CC2=CC(=CC=NCNC3=CC(=CN4CCCC4)C=C3)N2)C=CC1,6,False,False,True,selfies_token_mutation
CAND_bc2eb1b5fa,selfies,JAK2_364f20ca75,COC=C1C=CSC=C1C=C1C=NC(Nc2ccc(N3CCN(C)CC3)c(F)c2)=NNC1,YVIXMBFVWONRAJ-UHFFFAOYSA-N,True,True,True,454.575,3.5355,64.49,2,8,4,0.6789,3.081,C=C1C=CSC=C1C=C1C=NC(Nc2ccc(N3CCNCC3)cc2)=NNC1,7,False,False,True,selfies_token_mutation
CAND_e6a938f9a0,selfies,JAK2_364f20ca75,COc1cccc2c1cc1n2NC2=C(F)C(N3CCN(C)CC3)=CCC2N=CC=C1,XMZZQMDKOWYCHE-UHFFFAOYSA-N,True,True,True,407.493,3.3757,45.03,1,5,2,0.8292,3.519,C1=Cc2cc3ccccc3n2NC2=CC(N3CCNCC3)=CCC2N=C1,9,False,True,True,selfies_token_mutation
CAND_baa376c0dd,selfies,JAK2_364f20ca75,C=Cc1ccccc1C(N)C=C1C=NC2=NN1CN1CCN(CC1)c1ccc(cc1F)N2,BSUZOJRXDIRMHF-UHFFFAOYSA-N,True,True,True,431.519,3.215,72.49,2,7,3,0.7809,4.478,C1=NC2=NN(CN3CCN(CC3)c3ccc(cc3)N2)C1=CCc1ccccc1,13,True,False,True,selfies_token_mutation
CAND_f169596727,selfies,JAK2_364f20ca75,C1=CC=NC2=NN(COc3ccccc3C=C1)CN1CCN(CC1)c1cccn12,KNTXXDINTXSOMA-UHFFFAOYSA-N,True,True,True,388.475,2.6926,48.6,0,6,0,0.6963,3.614,C1=CC=NC2=NN(COc3ccccc3C=C1)CN1CCN(CC1)c1cccn12,13,True,False,True,selfies_token_mutation
CAND_fc294c63f6,selfies,JAK2_364f20ca75,COc1ccccc1C=CC=CC=NCNC=CC=C(CF)N1CCN(C)CC1,PQJOROITIGTXAH-UHFFFAOYSA-N,True,True,True,398.526,3.497,40.1,1,5,10,0.3721,3.02,C(=CC=NCNC=CC=CN1CCNCC1)C=Cc1ccccc1,6,False,False,True,selfies_token_mutation
CAND_435eaf1872,selfies,JAK2_364f20ca75,COCC=CC1=CC=CC=C2C=NC(NC=CC=C(Cl)N3CCN(C)CC3)=NN12,OZTYSGQGUVJTOV-UHFFFAOYSA-N,True,True,True,414.941,2.6149,55.7,1,7,6,0.5345,2.861,C1=CC=C2C=NC(NC=CC=CN3CCNCC3)=NN2C=C1,7,False,False,True,selfies_token_mutation
CAND_6a3c9334b8,selfies,JAK2_364f20ca75,COc1ccccc1C=C1C=CC=NC(NC=C2C=C(F)C(NC3CCCN(C)C3)=C2)=NN1,ZGIAXLCDXPFTHW-UHFFFAOYSA-N,True,True,True,448.546,3.4455,73.28,3,7,5,0.6437,3.922,C1=CC(=Cc2ccccc2)NN=C(NC=C2C=CC(NC3CCCNC3)=C2)N=C1,8,False,True,True,selfies_token_mutation
CAND_9d75308b45,selfies,JAK2_364f20ca75,COc1ccccc1C=CC1=CC=NC(N=CC=C(C(F)=CN)N2CCN(C)CC2)N1,FUIONLWKNXMBJR-UHFFFAOYSA-N,True,True,True,424.524,2.5216,78.48,2,7,7,0.5195,3.289,C(=CN1CCNCC1)C=NC1N=CC=C(C=Cc2ccccc2)N1,6,False,False,True,selfies_token_mutation
CAND_bc25cf8d1d,selfies,JAK2_364f20ca75,COc1ccccc1-c1ccc2n1NC=C(F)C(N1CCN(C)CC1)=CC=CNCN=C2,OKJWFRLOABWWJB-UHFFFAOYSA-N,True,True,True,436.535,3.1427,57.06,2,6,3,0.7744,4.056,C1=CNCN=Cc2ccc(-c3ccccc3)n2NC=CC(N2CCNCC2)=C1,13,True,False,True,selfies_token_mutation
CAND_27cad9f8da,selfies,JAK2_ccf270f33b,COc1cc2nn1c2=CC=CC=C1C=CCNC=CC=CC(Cl)=C1,QBVLCXPLIXVAQP-UHFFFAOYSA-N,True,True,True,339.826,3.1147,38.56,1,3,3,0.9335,2.875,C1=CC=CC(=CC=CC=c2c3ccn2n3)C=CCNC=C1,11,False,True,True,selfies_token_mutation
CAND_1a1d3a703d,selfies,JAK2_ccf270f33b,COc1ccccc1C=CC1=CC=NC(NC=C=CC(=CN=N)N2CCOCC2)N1,ROJPHQXYCJWFAK-UHFFFAOYSA-N,True,True,True,406.49,3.0129,94.33,3,8,8,0.3505,3.314,C=C(C=C=CNC1N=CC=C(C=Cc2ccccc2)N1)N1CCOCC1,6,False,False,True,selfies_token_mutation
CAND_6de59c18c7,selfies,JAK2_ccf270f33b,COc1ccccc1C=CC1=C=NC(Nc2cccc(N3CCOCC3)c2)=NN1,ULDUNTBHOYJPFL-UHFFFAOYSA-N,True,True,True,389.459,3.0849,70.48,2,7,5,0.8225,2.844,C1=NC(Nc2cccc(N3CCOCC3)c2)=NNC=1C=Cc1ccccc1,6,False,False,True,selfies_token_mutation
CAND_e6d041091b,selfies,JAK2_ccf270f33b,COc1ccccc1C=c1ccc2n1C=[SH]C(Nc1cccc(N3CCOCC3)c1)N=2,JSWGIIDXQBMVKN-UHFFFAOYSA-N,True,True,True,434.565,2.2643,51.02,2,5,5,0.4779,3.545,C1=[SH]C(Nc2cccc(N3CCOCC3)c2)N=c2ccc(=Cc3ccccc3)n21,6,False,False,True,selfies_token_mutation
CAND_645fdf9cf8,selfies,JAK2_ccf270f33b,COc1ccccc1C=CC=CC=NC1C=C2C=CC23CCOCC3=C1N,SIOHQWLFHQTJPK-UHFFFAOYSA-N,True,True,True,360.457,3.8333,56.84,1,4,5,0.6412,3.183,C(=CC=NC1C=C2C=CC23CCOCC3=C1)C=Cc1ccccc1,6,False,False,True,selfies_token_mutation
CAND_ccf270f33b,selfies,JAK2_ccf270f33b,COc1ccccc1-c1ccc2cnc(Nc3cccc(N4CCOCC4)c3)nn12,VJIKTTNMNOTLSG-UHFFFAOYSA-N,True,True,False,401.47,3.9851,63.92,1,6,5,0.5457,3.111,c1ccc(-c2ccc3cnc(Nc4cccc(N5CCOCC5)c4)nn23)cc1,6,False,False,True,selfies_token_mutation
CAND_62a82bbd2d,selfies,JAK2_ccf270f33b,COC=C1C=CCN=C1c1ccc2cnc(Nc3cccc(N4CCOCO4)c3)nn12,GOMUDWJUVACFQF-UHFFFAOYSA-N,True,True,True,418.457,3.0878,85.51,1,8,5,0.6375,3.205,C=C1C=CCN=C1c1ccc2cnc(Nc3cccc(N4CCOCO4)c3)nn12,6,False,False,True,selfies_token_mutation
CAND_1e3a57164b,selfies,JAK2_ccf270f33b,COc1c2cccc1C1(NC=C=CC=CC(OC)N3CCOCC3)N=CC=C(C=C2)NN1,QLZMBKGLKQMFFS-UHFFFAOYSA-N,True,True,True,435.528,2.0141,79.38,3,8,7,0.4467,4.35,C(=CC=CCN1CCOCC1)=CNC12N=CC=C(C=Cc3cccc1c3)NN2,9,False,True,True,selfies_token_mutation
CAND_323ae8bb99,selfies,JAK2_ccf270f33b,COC=CC=C=Cc1ccc2cnc(Nc3cccc(N4CCOCC4)c3)nn12,OTAOBQDLYCAFMV-UHFFFAOYSA-N,True,True,True,389.459,3.6379,63.92,1,6,6,0.3945,2.969,c1cc(Nc2ncc3cccn3n2)cc(N2CCOCC2)c1,6,False,False,True,selfies_token_mutation
CAND_f0651a9cfd,selfies,JAK2_ccf270f33b,COc1ccccc1C=CC1=CC=NC(=NNCl)NC=CC=C=C=C1,YGDXLKYUMHVHNQ-UHFFFAOYSA-N,True,True,True,352.825,3.7033,58.01,2,3,4,0.4932,3.216,N=C1N=CC=C(C=Cc2ccccc2)C=C=C=CC=CN1,12,True,False,True,selfies_token_mutation
CAND_a5703c232e,selfies,JAK2_ccf270f33b,CC12C=CC=NC(NCC=CCF)NCOC=CC1=C2,RRVLEOVTZOMEQD-UHFFFAOYSA-N,True,True,True,277.343,2.0496,45.65,2,4,4,0.7731,3.7,C1=CC2C=C2C=COCNCN=C1,12,True,False,True,selfies_token_mutation
CAND_87b36b5c7f,selfies,JAK2_2c9dc917e3,C[C@H](O)CNCC1C(F)C(N2CN=C3C=CC(c4cccc(S(=O)(=O)NC(C)(C)C)c4)N3N2)=CC=CN1C,HORFMVIHYIJNEJ-QZNUIVKSSA-N,True,True,True,547.701,1.7876,112.54,4,9,8,0.3899,5.098,C1=CNCCC(N2CN=C3C=CC(c4ccccc4)N3N2)=C1,7,False,False,True,selfies_token_mutation
CAND_8088ec5a6a,selfies,JAK2_2c9dc917e3,O=[SH](=O)CC=CC=CC1=CC1=CC=NCNC1=CC=CN2CCNCOC[C@H](CSCC2)C(F)=C1,LSQTVHQJXGYETE-HSZRJFAPSA-N,True,True,True,520.696,2.6878,83.03,3,8,8,0.2579,5.148,C1=CN2CCNCOC[C@@H](C=CC(NCN=CC=C3C=C3)=C1)CSCC2,12,True,False,True,selfies_token_mutation
CAND_af77f3263b,selfies,JAK2_2c9dc917e3,C[C@H](O)CNCC1C(F)C(N2CN=C3C=C=C(c4cccc(S(=O)(=O)NC(C)(C)C)c4)N3N2)=CC=CN1C,GVNMCYPZOPXCMW-KETPHWKMSA-N,True,True,True,545.685,1.6863,112.54,4,9,8,0.3654,4.837,C1=CC2=NCN(C3=CC=CNCC3)NN2C=1c1ccccc1,7,False,False,True,selfies_token_mutation
CAND_1934008e8c,selfies,JAK2_2c9dc917e3,CC(C)(C)NS(=O)(=O)CC=CC=C1C2=CC=C3C=NC(Nc4ccc(N5CCN(C[C@@H](O)F)CC5)c(F)c4)=NN3C12,YLHUQOOELLVIES-DCWQJPKNSA-N,True,True,True,587.697,2.7115,112.87,3,9,8,0.4289,5.021,C=C1C2=CC=C3C=NC(Nc4ccc(N5CCNCC5)cc4)=NN3C12,6,False,False,True,selfies_token_mutation
CAND_532a441264,selfies,JAK2_2c9dc917e3,C=CC(C)(C)N[SH](O)C(N)C=CC=CC=CC=CC=NCNC1=CC=CN2CC[C@H](O)CNC(C2)C1F,ADIRWUJBNZEYES-CIOZQPGNSA-N,True,True,True,534.746,2.8314,118.17,7,8,12,0.0891,5.526,C1=CCC2CN(C=C1)CCCCN2,8,False,True,True,selfies_token_mutation
CAND_2c9dc917e3,selfies,JAK2_2c9dc917e3,C[C@H](O)CN1CCN(c2ccc(Nc3ncc4ccc(-c5cccc(S(=O)(=O)NC(C)(C)C)c5)n4n3)cc2F)CC1,AERRKJAGWKRHEZ-FQEVSTJZSA-N,True,True,False,581.718,3.8586,115.1,3,8,8,0.2875,4.737,c1ccc(-c2ccc3cnc(Nc4ccc(N5CCNCC5)cc4)nn23)cc1,6,False,False,True,selfies_token_mutation
CAND_f4562efd55,selfies,JAK2_2c9dc917e3,CC(C)(C)NS(=O)(=O)C(N)C=CC=CC=CC=CC=NCNC1=CC=CN2CC[C@H](O)CNC(C2)C1F,LECGQNXIADMZPY-VJUVZTAMSA-N,True,True,True,536.718,1.6059,132.08,5,8,10,0.2117,5.287,C1=CCC2CN(C=C1)CCCCN2,8,False,True,True,selfies_token_mutation
CAND_c915f8627d,selfies,JAK2_2c9dc917e3,CC(C)C=NS(=O)(=O)C1C=CC(=CC2=CC(=CC=NCNC3=CC(C45CCO[C@H](CN4)C5)C(F)=C3)N2N)C=C1,ZATJFFVADWWWSF-RFVKBHEBSA-N,True,True,True,554.692,2.9271,121.41,3,8,9,0.296,5.212,C1=CC(=CC2=CC(=CC=NCNC3=CC(C45CCO[C@H](CN4)C5)C=C3)N2)C=CC1,6,False,False,True,selfies_token_mutation
CAND_fb49b55677,selfies,JAK2_2c9dc917e3,C[C@H](O)NCCN(C)C=C1C=C(CF)NC2=NN3C(=CC=C1c1cccc(S(=O)(=O)NC(C)(C)C)c13)C=N2,QTIHAKMVFDHKER-KRWDZBQOSA-N,True,True,True,543.669,2.4063,121.66,4,9,8,0.3717,4.826,C=C1C=CNC2=NN3C(=CC=C1c1ccccc13)C=N2,10,False,True,True,selfies_token_mutation
CAND_8543810958,selfies,JAK2_2c9dc917e3,C[C@H](O)CN1CCN(C2=CC=C(NCN=C3C=CC=C(c4cccc(S(=O)(=O)NC(C)(C)C)c4)NC3N)C2F)CC1,ZYPWXLKCKXDRTJ-FMJDMSIASA-N,True,True,True,587.766,1.6545,135.32,5,9,9,0.2945,5.196,C1=CC(=NCNC2=CC=C(N3CCNCC3)C2)CNC(c2ccccc2)=C1,7,False,False,True,selfies_token_mutation
CAND_f77280de93,selfies,JAK2_2c9dc917e3,C[C@H](O)CN1CCN(C2C=C(NCN=CC=C3C=C(c4cccc(S(=O)(=O)NC(C)(C)C)c4)NN3N)C=C2F)CC1,BYMIRMRNMHCGCK-SVQMELKDSA-N,True,True,True,588.754,1.4179,138.56,5,10,10,0.2029,5.076,C1=CC(N2CCNCC2)C=C1NCN=CC=C1C=C(c2ccccc2)NN1,6,False,False,True,selfies_token_mutation
CAND_49a4c47971,selfies,JAK2_1cc95fb461,CCOC[C@@H](NC(F)N=CC(=CNc1cccc(-c2cnn(C)c2)c1)C(N)=O)C(F)F,JDNWCMGCONBCJO-DIAVIDTQSA-N,True,True,True,438.454,2.4519,106.56,3,6,12,0.2682,3.991,c1ccc(-c2cn[nH]c2)cc1,6,False,False,True,selfies_token_mutation
CAND_1cc95fb461,selfies,JAK2_1cc95fb461,Cn1cc(-c2ccc3c(c2)[nH]c2c(C(N)=O)cnc(N[C@H](C4CC4)C(F)(F)F)c23)cn1,KFXMLXYIPRAORY-GOSISDBHSA-N,True,True,False,428.418,3.9683,101.62,3,4,5,0.4477,3.511,c1cc2[nH]c3cc(-c4cn[nH]c4)ccc3c2c(NCC2CC2)n1,6,False,False,True,selfies_token_mutation
CAND_7b27b9c5bb,selfies,JAK2_1cc95fb461,CC(=CNc1cccc(C2=CNCN=C2)c1)CN=O,GQYCVAQJPWLPID-UHFFFAOYSA-N,True,True,True,256.309,2.7411,65.85,2,5,5,0.796,2.125,C1=NCNC=C1c1ccccc1,6,False,False,True,selfies_token_mutation
CAND_e0bac0032c,selfies,JAK2_1cc95fb461,CNC=C1CN1c1cccc2c1C1=C(N[C@H](C3CC3)C(F)(F)F)N=COC(=CN2)C1OCN,AOKILMRZQMKKKW-IKFQTANKSA-N,True,True,True,462.476,2.7933,95.94,4,8,7,0.3657,4.2,C=C1CN1c1cccc2c1C1=C(NCC3CC3)N=COC(=CN2)C1,7,False,False,True,selfies_token_mutation
CAND_d28438001f,selfies,JAK2_1cc95fb461,Cn1cc(-c2ccc3c(c2)[nH]c2c(C(N)=O)nnc(N[C@H](C4CC4)C(F)(F)F)c23)cn1,KLILKGNXRSJGTK-QGZVFWFLSA-N,True,True,True,429.406,3.3633,114.51,3,5,5,0.4501,3.516,c1cc2c(cc1-c1cn[nH]c1)[nH]c1cnnc(NCC3CC3)c12,6,False,False,True,selfies_token_mutation
CAND_639597613a,selfies,JAK2_1cc95fb461,C[C@H](CC(F)(F)F)NC12NC(CCN=O)=CNc3cccc(c3)C3=CN1C32,GULHUGQVOVOZBO-WKPOSZSTSA-N,True,True,True,379.386,3.3226,68.53,3,6,6,0.5226,4.163,C1=CNC2C3C(=CN23)c2cccc(c2)N1,10,False,True,True,selfies_token_mutation
CAND_f8867ac106,selfies,JAK2_1cc95fb461,CNC=C1C=C(NC=C(CN)OC=NC(F)N[C@@H](NC(F)F)C2CC2)C=CC1,PTVUIAIROXNJFZ-PYUWXLGESA-N,True,True,True,400.449,1.7591,95.73,5,7,12,0.1127,3.78,C=C1C=C(NC=COC=NCNCC2CC2)C=CC1,6,False,False,True,selfies_token_mutation
CAND_0be8e8e274,selfies,JAK2_f6c9a7f30d,C[C@H](CC(F)(F)F)NC(=NC=CC(N)=O)C1NC=C2C(C=CN=C(N)N=CF)=CC=C21,XMSGSDPRDNUWQY-ZVDHGWRTSA-N,True,True,True,439.417,1.8627,130.25,4,4,7,0.2088,3.372,C1=CC2=CNCC2=C1,5,False,False,True,selfies_token_mutation
CAND_8ce6d41a2c,selfies,JAK2_f6c9a7f30d,C=C(C=CNc1cc(N[C@H](C2CC2)C(F)(F)F)ncc1C(N)=O)CN=C(N)N=CC,YAIQNRXZUCVKSF-MRXNPFEDSA-N,True,True,True,423.443,2.8205,130.78,4,5,9,0.2756,3.283,c1ccc(NCC2CC2)nc1,6,False,False,True,selfies_token_mutation
CAND_2333b40a1e,selfies,JAK2_f6c9a7f30d,NC(=O)c1cnc2cc1NCC(F)=CC=CC1(CC1)[C@H](C(F)(F)F)N2,XCKDHJUMXCTNGR-CQSZACIVSA-N,True,True,True,356.323,3.1386,80.04,3,4,1,0.6756,3.36,C1=CCNc2ccnc(c2)NCC2(C=C1)CC2,12,True,False,True,selfies_token_mutation
CAND_d8529cee66,selfies,JAK2_f6c9a7f30d,NC(=O)C=CN=C1N2C=C=C(N)N=C2CC=C2C3CC3[C@H](Cl)N21,QQIVBIXALFXOTQ-OAQUUNCKSA-N,True,True,True,330.779,0.7724,100.31,2,4,2,0.3379,3.0,N=C1N2C=C=CN=C2CC=C2C3CC3CN12,7,False,False,True,selfies_token_mutation
CAND_352e3089bd,selfies,JAK2_f6c9a7f30d,C=CC[C@H](F)NC1=NC=CC(=O)NC1Nc1cccc(-c2cnc(N)nc2)c1,HJDNDODLMQLLRL-NNJIEVJOSA-N,True,True,True,381.415,1.9671,117.32,4,7,6,0.4489,3.175,O=C1C=CN=CC(Nc2cccc(-c3cncnc3)c2)N1,7,False,False,True,selfies_token_mutation
CAND_5ca141b9c7,selfies,JAK2_f6c9a7f30d,C=CC=C=CNC1NC(=O)C=CN=C1N1C[C@@H]1C(C)(F)F,WJMCIOQCUMICBO-WKNKIIMTSA-N,True,True,True,294.305,1.1383,56.5,2,4,4,0.4643,2.5,O=C1C=CN=C(N2CC2)CN1,7,False,False,True,selfies_token_mutation
CAND_de961426ef,selfies,JAK2_f6c9a7f30d,C=CC=C(C=CN=C=NCNN=C)C=CNc1cc(N[C@H](C2CC2)C(F)(F)F)ncc1C(N)=O,JVHXSRXMIBGVRJ-HXUWFJFHSA-N,True,True,True,474.491,3.8216,129.15,4,8,13,0.1495,3.942,c1ccc(NCC2CC2)nc1,6,False,False,True,selfies_token_mutation
CAND_47dc109f3d,selfies,JAK2_1225662731,COSc1ccc(C=c2ccc3n2C(NC=CC=C(C(F)=C=C=N)N2CCN(C)CC2)N=3)[nH]1,OEABXBNJRIJNAV-UHFFFAOYSA-N,True,True,True,467.574,1.8794,84.67,3,7,8,0.239,3.903,C(C=CN1CCNCC1)=CNC1N=c2ccc(=Cc3ccc[nH]3)n21,6,False,False,True,selfies_token_mutation
CAND_873cf6d9d6,selfies,JAK2_1225662731,COc1ccc(C=CC=C2C=NC(Nc3ccc(N4CCN(C)CC4)c(F)c3)=NN2)cn1,FTDHSSHSHWNMJZ-UHFFFAOYSA-N,True,True,True,435.507,2.9353,77.38,2,8,5,0.7522,3.1,C(=Cc1cccnc1)C=C1C=NC(Nc2ccc(N3CCNCC3)cc2)=NN1,6,False,False,True,selfies_token_mutation
CAND_d7b714021b,selfies,JAK2_1225662731,C=CNC(C=CC=NC1=NNCN2CCN(CC2)c2ccc(cc2F)N1)=CC=COC,SALZLTIIMGXILB-UHFFFAOYSA-N,True,True,True,425.512,2.5954,76.52,3,8,6,0.3696,4.57,C1=NNCN2CCN(CC2)c2ccc(cc2)N1,13,True,False,True,selfies_token_mutation
CAND_7730b3e373,selfies,JAK2_1225662731,COC=CC1=C(C=CC2=CC=NC(NC=CC3=C=CNN4CCN(C)CC4C(F)=C3)=NN2)C=N1,LDZRIEJEYRBZSJ-UHFFFAOYSA-N,True,True,True,462.533,2.0,88.88,3,9,6,0.4135,4.125,C1=CNN2CCNCC2C=CC=1C=CNC1=NNC(C=CC2=CN=C2)=CC=N1,8,False,True,True,selfies_token_mutation
CAND_dc85b912b6,selfies,JAK2_1225662731,COC=CC=CNc1ccc2cnc(Oc3ccc(N4CCN(C)CC4)c(F)c3)nn12,SSNIESMYVLORMX-UHFFFAOYSA-N,True,True,True,424.48,3.4982,67.16,1,7,7,0.46,3.289,c1cc2cnc(Oc3ccc(N4CCNCC4)cc3)nn2c1,6,False,False,True,selfies_token_mutation
CAND_f3da04b434,selfies,JAK2_1225662731,CCN(C)CN=Nc1ccc(Nc2ncc3ccc(C(=CC=COC)CCl)n3n2)cc1F,YBVGAPKGFZJPKC-UHFFFAOYSA-N,True,True,True,457.941,5.3872,79.41,1,7,10,0.191,3.793,c1ccc(Nc2ncc3cccn3n2)cc1,6,False,False,True,selfies_token_mutation
CAND_1d80dd5492,selfies,JAK2_1225662731,COC=CC(C=N)c1ccc2cnc(Nc3ccc(N4CCN(C)CC4)c(F)c3)nn12,ZFDNFFOGMVUMMC-UHFFFAOYSA-N,True,True,True,423.496,3.2571,81.78,2,7,7,0.4485,3.533,c1cc2cnc(Nc3ccc(N4CCNCC4)cc3)nn2c1,6,False,False,True,selfies_token_mutation
CAND_bc644d80a9,selfies,JAK2_155bd54352,COC1=CC=C(C=N)C=C=NC2C=NC(Nc3ccc(N4CCN(C)CC4)c(Cl)c3)=NN12,STPDXUWBBHHOLH-UHFFFAOYSA-N,True,True,True,452.95,2.7905,91.91,2,9,4,0.6852,3.822,C1=CC=CC=CN2N=C(Nc3ccc(N4CCNCC4)cc3)N=CC2N=1,9,False,True,True,selfies_token_mutation
CAND_6eee161d1c,selfies,JAK2_155bd54352,CCN(C)CCNC(=CC=CNC1N=CC=Cc2cc3c(n21)C=COCN3)CCl,RZQFSUCLGYEKRW-UHFFFAOYSA-N,True,True,True,416.957,3.1794,65.85,3,6,9,0.4259,3.497,C1=Cc2cc3c(n2CN=C1)C=COCN3,7,False,False,True,selfies_token_mutation
CAND_27e700626f,selfies,JAK2_155bd54352,CC1CN(C)CNC(CCl)=CC=CNC2N=CC=C(C=CC3=CC=COC3)N12,ZPRQNWSMNQSHSU-UHFFFAOYSA-N,True,True,True,401.942,2.6738,52.13,2,6,3,0.712,4.114,C1=CNCNCCN2C(C=CC3=CC=COC3)=CC=NC2NC=C1,12,True,False,True,selfies_token_mutation
CAND_d3ced9bd3e,selfies,JAK2_155bd54352,CN1CCN(C2=CC=CNC3(N=CC=C(C=CC4=CC=COCN4)N3)C2(N)Cl)CC1,NDZKMKCPDJSOQN-UHFFFAOYSA-N,True,True,True,429.956,0.8712,90.18,4,8,3,0.3907,3.319,C1=CNC2(CC(N3CCNCC3)=C1)N=CC=C(C=CC1=CC=COCN1)N2,7,False,False,True,selfies_token_mutation
CAND_a03e58906a,selfies,JAK2_155bd54352,COC#CC(C=N)c1ccc2cnc(Nc3ccc(N4CCN(C)CC4)c(Cl)c3)nn12,RGYMCLKSOHTCBO-UHFFFAOYSA-N,True,True,True,437.935,3.2186,81.78,2,7,5,0.4709,3.364,c1cc2cnc(Nc3ccc(N4CCNCC4)cc3)nn2c1,6,False,False,True,selfies_token_mutation
CAND_cdb29b5936,selfies,JAK2_155bd54352,COc1ccc(-c2ccc3cnc(C=C4C=C(Cl)CC(N5CCN(C)CC5)=C4)nn23)cn1,NPOMPSJMGWLTGX-UHFFFAOYSA-N,True,True,True,448.958,3.841,58.79,0,6,4,0.604,3.25,C1=CC(=Cc2ncc3ccc(-c4cccnc4)n3n2)C=C(N2CCNCC2)C1,6,False,False,True,selfies_token_mutation
CAND_c69813fe93,selfies,JAK2_155bd54352,COC1=C=C(C=c2ccc3nc(NC=C4C=C(Cl)C(NC5CCCCNC5)=C4)nn23)C=N1,UXYOASCMYRMIIK-UHFFFAOYSA-N,True,True,True,449.946,2.3739,87.87,3,7,6,0.5868,3.755,C1=CN=CC=1C=c1ccc2nc(NC=C3C=CC(NC4CCCCNC4)=C3)nn12,7,False,False,True,selfies_token_mutation
CAND_e39c68c1d0,selfies,JAK2_155bd54352,FCC=CNC1=NN=C2N=CC(=CC=CO2)C=CC=CC=N1,QPFJHUXRFOEWLY-UHFFFAOYSA-N,True,True,True,299.309,2.4241,70.7,1,6,2,0.8503,2.95,C1=CC=NC=NN=C2N=CC(=CC=CO2)C=C1,13,True,False,True,selfies_token_mutation
CAND_a51b19d980,selfies,JAK2_155bd54352,CN1CCN(c2ccc(Nc3ncc4ccc(C5=CC=COCN=C5)n4n3)cc2Cl)CC1,BQPNNEPWSZVSNE-UHFFFAOYSA-N,True,True,True,449.946,3.8337,70.29,1,7,4,0.6523,3.755,C1=COCN=CC(c2ccc3cnc(Nc4ccc(N5CCNCC5)cc4)nn23)=C1,8,False,True,True,selfies_token_mutation
CAND_c768dbc2e5,selfies,JAK2_155bd54352,CN1CCN(C(=CC=CNC2N=CC=C(C=CC3=CC=COCN3)N2)CCCl)CC1,VIBQBBUIUHWWOD-UHFFFAOYSA-N,True,True,True,430.984,2.2225,64.16,3,7,8,0.4052,3.45,C(C=CN1CCNCC1)=CNC1N=CC=C(C=CC2=CC=COCN2)N1,7,False,False,True,selfies_token_mutation
CAND_ad3b4145c3,selfies,JAK2_155bd54352,COC1C=C(C=C2C=CC=NC(NC=C3C=C(Cl)C(NC4C=NN(C)CC4)=C3)=NN2)C=N1,HCWSURTXRNSRFF-UHFFFAOYSA-N,True,True,True,452.95,2.128,98.0,3,9,5,0.5933,4.197,C1=CC(=CC2=CCN=C2)NN=C(NC=C2C=CC(NC3C=NNCC3)=C2)N=C1,8,False,True,True,selfies_token_mutation
CAND_6b207bd5cf,selfies,JAK2_155bd54352,CN1CCN(C2=CCN=NC3(N=CC=C(C=CC4=CC=COCN4)N3)C2(N)Cl)CC1,DEKMYDPGFATSJL-UHFFFAOYSA-N,True,True,True,430.944,1.2201,102.87,3,9,3,0.4593,3.325,C1=COCNC(C=CC2=CC=NC3(CC(N4CCNCC4)=CCN=N3)N2)=C1,7,False,False,True,selfies_token_mutation
CAND_cf667f0279,selfies,JAK2_1e3c7a3902,COC=CC=CC#CCC=C1C=NC(Nc2ccc(N3CCN(C[C@H](C)O)NC3)cc2)=NN1,ZLCYOZILWRSGHH-FQEVSTJZSA-N,True,True,True,449.559,2.0021,96.75,4,9,7,0.2873,3.428,C=C1C=NC(Nc2ccc(N3CCNNC3)cc2)=NN1,6,False,False,True,selfies_token_mutation
CAND_90a56ce4dc,selfies,JAK2_1e3c7a3902,C=CN(CCNc1cccn(C2N=CC=c3ccc(=CCC=COC)n32)c1=N)C[C@H](C)O,JNWKCGBTWCURQI-XGLRFROISA-N,True,True,True,436.56,1.2073,90.8,3,6,11,0.462,4.106,C=c1ccc2n1C(n1ccccc1=N)N=CC=2,6,False,False,True,selfies_token_mutation
CAND_db06f75809,selfies,JAK2_1e3c7a3902,COc1cccc2c1cc1n2NC(Nc2ccc(N3CCN(C[C@H](C)O)CC3)cc2)=C=C1,REIYYTWTFHLNSA-SFHVURJKSA-N,True,True,True,431.54,3.2754,64.93,3,6,6,0.5209,3.653,C1=Cc2cc3ccccc3n2NC=1Nc1ccc(N2CCNCC2)cc1,6,False,False,True,selfies_token_mutation
CAND_ac53bfa9ee,selfies,JAK2_1e3c7a3902,CCN(CCNc1cccn(C2N=CC=C3Cc4c(OC)cccc4N32)c1=N)[C@H](C)OC,SSWRPBXRQGXVHM-KEJDIYNNSA-N,True,True,True,436.56,3.1895,78.11,2,7,9,0.5906,4.106,N=c1ccccn1C1N=CC=C2Cc3ccccc3N21,6,False,False,True,selfies_token_mutation
CAND_2ad61026cf,selfies,JAK2_1e3c7a3902,COc1ccccc1C=CC=CC=NCNNc1ccc(N2CCN(C[C@H](C)O)CC2)cc1NCl,CPZHAYAQRXPFEG-NRFANRHFSA-N,True,True,True,499.059,3.9781,84.39,4,8,12,0.1157,4.328,C(=CC=NCNNc1ccc(N2CCNCC2)cc1)C=Cc1ccccc1,6,False,False,True,selfies_token_mutation
CAND_3856766834,selfies,JAK2_1e3c7a3902,COc1ccccc1C=CC1=CC=NC(n2cccc(N3CCN(C[C@H](C)O)CC3)c2=N)N1,PIRZEEZJDUCLHE-UBDBMELISA-N,True,True,True,448.571,2.2064,89.11,3,7,7,0.6044,3.923,N=c1c(N2CCNCC2)cccn1C1N=CC=C(C=Cc2ccccc2)N1,6,False,False,True,selfies_token_mutation
CAND_7cc4831428,selfies,JAK2_1e3c7a3902,COc1ccccc1C=c1ccc2n1N=C(Nc1ccc(N3CCN(C[C@H](C)O)CC3)cc1)NN=2,WNQLHYNKVKDMRQ-IBGZPJMESA-N,True,True,True,473.581,1.1973,89.65,3,8,6,0.4987,3.887,C(c1ccccc1)=c1ccc2n1N=C(Nc1ccc(N3CCNCC3)cc1)NN=2,6,False,False,True,selfies_token_mutation
CAND_0b7d5011f9,selfies,JAK2_1e3c7a3902,COC=CC=CC#CCC=C1C=NC(Nc2ccc(N3CCN(C[C@H](C)N)CC3)cc2)=NN1,LELUZUOQIQORTK-NRFANRHFSA-N,True,True,True,447.587,2.5064,90.51,3,8,7,0.3381,3.417,C=C1C=NC(Nc2ccc(N3CCNCC3)cc2)=NN1,6,False,False,True,selfies_token_mutation
CAND_dbec313029,selfies,JAK2_1e3c7a3902,COc1ccccc1C=CC=CC=NC1NO[C@@H](C)CN2CCN(CC2)C2C=CN1C(N)=C2,ZPVUEGSNFSDTLU-QCVKPBSVSA-N,True,True,True,450.587,2.1579,78.59,2,8,5,0.5258,5.334,C(=CC=NC1NOCCN2CCN(CC2)C2C=CN1C=C2)C=Cc1ccccc1,13,True,False,True,selfies_token_mutation
CAND_9a8590793b,selfies,JAK2_1e3c7a3902,COc1ccccc1-c1ccc2n1NC1=CCCN(C[C@H](C)O)CCNC=CC=C1NCN=C2,IMNVARDPMGUOOH-FQEVSTJZSA-N,True,True,True,462.598,2.6444,86.08,4,7,4,0.5591,4.576,C1=CNCCNCCC=C2Nn3c(ccc3-c3ccccc3)C=NCNC2=C1,12,True,False,True,selfies_token_mutation
CAND_80061c131e,selfies,JAK2_b21735112e,C=C(Cl)C(Nc1nc2ccncc2c2c(=O)[nH]ccc12)=C(Cl)COC(C)(C)O,RAZMJLFZWLZTNO-UHFFFAOYSA-N,True,True,True,421.284,3.8311,100.13,3,6,6,0.3179,2.896,O=c1[nH]ccc2cnc3ccncc3c12,6,False,False,True,selfies_token_mutation
CAND_8e142159e9,selfies,JAK2_b21735112e,CC1(C)COC(=CC(Cl)=CNc2nc3ccncc3c3c(=O)[nH]ccc23)C=C1Cl,HRRLERDDTMUZEK-UHFFFAOYSA-N,True,True,True,429.307,5.0264,79.9,2,5,3,0.5715,2.829,O=c1[nH]ccc2c(NC=CC=C3C=CCCO3)nc3ccncc3c12,6,False,False,True,selfies_token_mutation
CAND_87103df465,selfies,JAK2_b21735112e,CC(C)(O)CC(Cl)=C(Cl)N1C=Nc2ccncc2CC([NH])C=CC1,NCZJGRCDYNDVAA-UHFFFAOYSA-N,True,True,True,368.288,3.6149,72.52,1,4,3,0.6543,2.727,C1=CCNC=Nc2ccncc2CC1,10,False,True,True,selfies_token_mutation
CAND_792431b4c1,selfies,JAK2_b21735112e,CC(C)(O)COCC(Cl)=C1C=NCc2cc3nc(c4cc[nH]c(=O)c4c3cn2)N1,GBNAYINISNNNMO-UHFFFAOYSA-N,True,True,True,413.865,2.7055,112.49,3,7,4,0.5667,3.355,C=C1C=NCc2cc3nc(c4cc[nH]c(=O)c4c3cn2)N1,10,False,True,True,selfies_token_mutation
CAND_6089dc8ff5,selfies,JAK2_b21735112e,CC(C)(O)C=C1C=C(Cl)C(NC=NC=C2SC=NC=C2c2ccc[nH]c2=O)=C1Cl,YDLFJTYBYLQKFZ-UHFFFAOYSA-N,True,True,True,449.363,4.2342,89.84,3,5,5,0.4637,2.927,C=C1C=CC(NC=NC=C2SC=NC=C2c2ccc[nH]c2=O)=C1,6,False,False,True,selfies_token_mutation
CAND_b76473a111,selfies,JAK2_b21735112e,CC=CNC(=O)c1cnccc1N=CC(CCl)=C(Cl)C=CC(C)(C)O,BNIJYNUEFBGVMD-UHFFFAOYSA-N,True,True,True,382.291,4.1061,74.58,2,4,7,0.4235,2.304,c1ccncc1,6,False,False,True,selfies_token_mutation
CAND_9212487f38,selfies,JAK2_b21735112e,CC1(O)C=CC(Cl)=C(Nc2nc3ccncc3c3c(=O)[nH]ccc23)C1,ZZOTYVQIGDEIFV-UHFFFAOYSA-N,True,True,True,354.797,3.0445,90.9,3,5,2,0.6152,2.527,O=c1[nH]ccc2c(NC3=CC=CCC3)nc3ccncc3c12,6,False,False,True,selfies_token_mutation
CAND_c1a889a6b3,selfies,JAK2_b21735112e,CC(C)(O)C=CC(Cl)=C(Cl)NC=Nc1ccncc1CCC=O,VNGCVWURAFTGIZ-UHFFFAOYSA-N,True,True,True,356.253,3.4363,74.58,2,4,8,0.246,2.285,c1ccncc1,6,False,False,True,selfies_token_mutation
CAND_43b9ecbc1a,selfies,JAK2_b21735112e,CC(C)(O)C=CC(Cl)=C(CCl)NC=NC=C=CC=NC=Cc1ccc[nH]c1=O,IECPOORQBORHNR-UHFFFAOYSA-N,True,True,True,421.328,3.7194,89.84,3,4,9,0.1867,2.771,O=c1cccc[nH]1,6,False,False,True,selfies_token_mutation
CAND_300b55cc84,selfies,JAK2_b21735112e,C=C(Cl)c1[nH]c2ncccncc(c(C(C)(C)O)cc1Cl)c1c(=O)[nH]ccc21,RBOMVTDKABKLHT-UHFFFAOYSA-N,True,True,True,417.296,4.5763,94.66,3,4,2,0.5692,2.874,O=c1[nH]ccc2c3ncccncc(cccc[nH]3)c12,10,False,True,True,selfies_token_mutation
CAND_accb973151,selfies,JAK2_698071eb2b,COC=C1C[SH]=CC=C1c1ccc2cnc(Nc3ccc(N4CCN(C)CC4)c(Cl)c3)nn12,XDEOSSGGGOZWON-UHFFFAOYSA-N,True,True,True,483.041,4.0731,57.93,2,6,5,0.3246,3.564,C=C1C[SH]=CC=C1c1ccc2cnc(Nc3ccc(N4CCNCC4)cc3)nn12,6,False,False,True,selfies_token_mutation
CAND_bf3c3eaff9,selfies,JAK2_698071eb2b,C=C1c2ccccc2CC=C2C=NC(Nc3ccc(N4CCN(C)CC4)c(Cl)c3)=NN12,FAQWNNVYKGJATO-UHFFFAOYSA-N,True,True,True,432.959,4.272,46.47,1,6,2,0.7693,2.911,C=C1c2ccccc2CC=C2C=NC(Nc3ccc(N4CCNCC4)cc3)=NN12,7,False,False,True,selfies_token_mutation
CAND_2975d39b6a,selfies,JAK2_698071eb2b,COc1ccccc1C=C1C=CC2C=NC(NC3=CCN(N4CCN(C)CC4)C(Cl)=C3)=NN12,YYQHQZMBIDEKMD-UHFFFAOYSA-N,True,True,True,465.989,2.6636,58.94,1,8,4,0.6898,3.594,C1=CN(N2CCNCC2)CC=C1NC1=NN2C(=Cc3ccccc3)C=CC2C=N1,6,False,False,True,selfies_token_mutation
CAND_196dfff212,selfies,JAK2_698071eb2b,C=C(C=CC=CC=COC)C=CC=NC(Cl)Nc1ccc(N2CCN(C)CC2)c(Cl)c1,PVEBQMWYHJPRTE-UHFFFAOYSA-N,True,True,True,461.437,5.4818,40.1,1,5,10,0.1647,3.86,c1ccc(N2CCNCC2)cc1,6,False,False,True,selfies_token_mutation
CAND_cd934e22fa,selfies,JAK2_698071eb2b,CCCC(C)CNC(=CC=CNC1=NNC(C=Cc2ccccc2OC)=CC=N1)CCl,KNSKPNNZUVTCSM-UHFFFAOYSA-N,True,True,True,442.007,4.7891,70.04,3,6,11,0.3409,3.636,C(=Cc1ccccc1)C1=CC=NC=NN1,7,False,False,True,selfies_token_mutation
CAND_45009584c0,selfies,JAK2_698071eb2b,COc1ccccc1-c1ccc2cnc(Nc3ccc(N4CCN(C)C=N4)c(Cl)c3)nn12,DVYMYAIBQGDHSY-UHFFFAOYSA-N,True,True,True,447.93,4.497,70.29,1,7,5,0.4855,3.369,C1=NN(c2ccc(Nc3ncc4ccc(-c5ccccc5)n4n3)cc2)CCN1,6,False,False,True,selfies_token_mutation
CAND_5a54fe8e7d,selfies,JAK2_698071eb2b,CN1CNC2=C(C=CNC3(COC=CC4=CC4(C)C=CC=N3)C2=NN)C1CCl,KYGHJZPZHODLQC-UHFFFAOYSA-N,True,True,True,400.914,1.5855,87.27,3,7,1,0.3532,3.658,N=C1C2=C(C=CNC13COC=CC1=CC1C=CC=N3)CNCN2,11,False,True,True,selfies_token_mutation
CAND_0ec54935a6,selfies,JAK2_698071eb2b,CCN(C)CCNC(=CC=CNC1N=CC=Cc2cc3c(OC)cccc3n21)CCl,QEBXNYOLWIMXHC-UHFFFAOYSA-N,True,True,True,427.98,3.9709,53.82,2,5,10,0.4447,3.683,C1=Cc2cc3ccccc3n2CN=C1,7,False,False,True,selfies_token_mutation
CAND_604c04c34e,selfies,JAK2_698071eb2b,COc1ccccc1-c1ccc2n1OC(NC1C=C(Cl)C(CN3CCN(C)CC3)=C1)N=C2,ZTUBAQASJISWAA-UHFFFAOYSA-N,True,True,True,453.974,2.5767,54.26,1,6,6,0.7282,4.028,C1=CC(NC2N=Cc3ccc(-c4ccccc4)n3O2)C=C1CN1CCNCC1,6,False,False,True,selfies_token_mutation
CAND_3cee2f7224,selfies,JAK2_698071eb2b,CCCN(C)CCC(=CC=CNC1N=CC=Cc2cc3c(OC)cccc3n21)CCl,BRVUPALTNPDESJ-UHFFFAOYSA-N,True,True,True,426.992,5.204,41.79,1,4,10,0.4188,3.78,C1=Cc2cc3ccccc3n2CN=C1,7,False,False,True,selfies_token_mutation
CAND_1ec78a43a4,selfies,JAK2_9dcdbe0544,CCC[C@@H](NC(=O)c1c[nH]c2ncc(C3CC3)nc12)C(=O)NCC[CH]C#N,HJDMDAUOTQDFFW-CQSZACIVSA-N,True,True,True,367.433,1.968,123.56,3,5,9,0.5847,3.222,c1cc2nc(C3CC3)cnc2[nH]1,6,False,False,True,selfies_token_mutation
CAND_faa89235f7,selfies,JAK2_9dcdbe0544,CC1C[C@H](C(=O)NCC[CH]C#N)NC(=O)CNc2ncc(C3CC3)nc21,YUBZMWNPNVIQGM-GLGOKHISSA-N,True,True,True,355.422,0.9921,119.8,3,6,5,0.6777,3.405,O=C1CNc2ncc(C3CC3)nc2CCCN1,9,False,True,True,selfies_token_mutation
CAND_bf1bed9cef,selfies,JAK2_9dcdbe0544,CCCC1=CN=CNC=CC(=O)N[C@@H](C(=O)NCC[CH]C#N)CC(C)CC1,RHYGQJVNSOGFNN-UHUGOGIASA-N,True,True,True,372.493,2.341,106.38,3,5,6,0.6222,3.825,O=C1C=CNC=NC=CCCCCCN1,14,True,False,True,selfies_token_mutation
CAND_e1a4b33103,selfies,JAK2_9dcdbe0544,CCCC1=CNC#CC(=O)N2C1CC(C)C[C@@H]2C(=O)NCC[CH]C#N,CXKAEDQMAKGPNO-BDVYOWHSSA-N,True,True,True,341.435,1.4644,85.23,2,4,6,0.5658,3.5,O=C1C#CNC=CC2CCCCN12,8,False,True,True,selfies_token_mutation
CAND_439a8fec5f,selfies,JAK2_9dcdbe0544,CCN(CC[CH]C#N)C(=O)[C@H](NC(=O)c1c[nH]c2ncc(C3CC3)nc12)C1CC1,USAMRRPCIBSYMG-QGZVFWFLSA-N,True,True,True,393.471,2.3102,114.77,2,5,9,0.6346,3.617,O=C(NCC1CC1)c1c[nH]c2ncc(C3CC3)nc12,6,False,False,True,selfies_token_mutation
CAND_9dcdbe0544,selfies,JAK2_9dcdbe0544,N#C[C@H]1CCN(C(=O)[C@H](NC(=O)c2c[nH]c3ncc(C4CC4)nc23)C2CC2)C1,WRLLXWRAXRGFBQ-BDJLRTHQSA-N,True,True,False,378.436,1.7158,114.77,2,5,5,0.8219,3.483,O=C(N[C@@H](C(=O)N1CCCC1)C1CC1)c1c[nH]c2ncc(C3CC3)nc12,6,False,False,True,selfies_token_mutation
CAND_eabb68c726,selfies,JAK2_9dcdbe0544,CC(O[C@H](NC(=O)c1c[nH]c2ncc(C3CC3)nc12)C1CC1)N1CC([CH]C#N)C1,RDTHSHYABIOLNC-FHQWGVRCSA-N,True,True,True,393.471,2.3235,106.93,2,6,8,0.6668,3.942,O=C(N[C@@H](OCN1CCC1)C1CC1)c1c[nH]c2ncc(C3CC3)nc12,6,False,False,True,selfies_token_mutation
CAND_2516aa57f8,selfies,JAK2_9dcdbe0544,CC1N[C@H](C(=O)N2CC2[CH]SC#N)C(C2CC2)=CN=CNC=CO1,UCXKFPOLGBAHBW-BMLVJFARSA-N,True,True,True,346.436,1.2907,89.52,2,7,4,0.5889,3.5,O=C([C@H]1NCOC=CNC=NC=C1C1CC1)N1CC1,11,False,True,True,selfies_token_mutation
CAND_b6499b9925,selfies,JAK2_67619c76a6,COc1ccccc1C=c1ccc2n1NN(NC1=CC=C3C[C@H](C)OCC(C(F)=C1)N3CCN)CN=2,UEYOCBMRQOZHOX-VEXWJQHLSA-N,True,True,True,493.587,1.2542,92.31,3,8,6,0.5581,4.748,C1=CC2COCCC(=CC=C1NN1CN=c3ccc(=Cc4ccccc4)n3N1)N2,8,False,True,True,selfies_token_mutation
CAND_5ac9c45dba,selfies,JAK2_67619c76a6,CCCC(CNC(=CC=CNC1N=CC=CC23COc4ccc(cc42)N13)CF)C[C@H](C)O,YSQRBVHMQWQDGX-MJPOYFGRSA-N,True,True,True,440.563,3.752,69.12,3,6,11,0.4574,4.878,C1=CC23COc4ccc(cc42)N3CN=C1,7,False,False,True,selfies_token_mutation
CAND_66b632db45,selfies,JAK2_67619c76a6,C[C@H](O)CN1CCN(C2=CC=CNC3COc4ccccc4-c4ccc(n4C2(F)P=N)C=N3)CC1,NFDXNLFYBBCXJT-UTTDKNERSA-N,True,True,True,496.527,3.5801,89.11,3,7,4,0.5635,4.764,C1=CNC2COc3ccccc3-c3ccc(n3CC(N3CCNCC3)=C1)C=N2,11,False,True,True,selfies_token_mutation
CAND_d8535efc50,selfies,JAK2_67619c76a6,COc1ccccc1C=c1ccc2nc(NC=C3C=C(F)C(NC4CCON(C[C@H](C)O)C4)=C3)nn12,RQOGWDGFAVZRIV-DIMJTDRSSA-N,True,True,True,492.555,2.3086,96.18,3,8,8,0.4411,4.492,C1=CC(NC2CCONC2)=CC1=CNc1nc2ccc(=Cc3ccccc3)n2n1,6,False,False,True,selfies_token_mutation
CAND_ec5ecaf13e,selfies,JAK2_67619c76a6,COc1ccccc1-c1ccc2cnc(Nc3ccc(C4CCCN(C[C@H](C)O)C4)c(F)c3)nn12,WJDQMGBAIDKGHD-OYKVQYDMSA-N,True,True,True,475.568,4.8478,74.92,2,6,7,0.3982,4.273,c1ccc(-c2ccc3cnc(Nc4ccc(C5CCCNC5)cc4)nn23)cc1,6,False,False,True,selfies_token_mutation
CAND_425ad7d019,selfies,JAK2_67619c76a6,CCN(CCNC(=CC=CNC1N=CC=Cc2cc3c(OC)cccc3n21)CF)C[C@H](C)O,JJTMSFKVTKHQKE-UBDBMELISA-N,True,True,True,455.578,3.4526,74.05,3,6,12,0.4277,4.337,C1=Cc2cc3ccccc3n2CN=C1,7,False,False,True,selfies_token_mutation
CAND_f9d7ead0eb,selfies,JAK2_67619c76a6,C[C@H]1CNCCN(c2ccc(Nc3ncc4ccc(C5=CC=CC=COC5)n4n3)cc2F)CCO1,RAZGGDIAPRECEU-IBGZPJMESA-N,True,True,True,476.556,3.9102,75.95,2,7,4,0.5914,4.153,C1=CC=C(c2ccc3cnc(Nc4ccc(N5CCNCCOCC5)cc4)nn23)COC=C1,9,False,True,True,selfies_token_mutation
CAND_0ba1ff5f9e,selfies,JAK2_67619c76a6,COC=CC=CC#CCC=C1C=NC(Nc2ccc(N3CCN(C[C@H](C)O)CC3)c(F)c2)=NN1,NYLBWKOSYJAMCJ-FQEVSTJZSA-N,True,True,True,466.561,2.6791,84.72,3,8,7,0.3256,3.523,C=C1C=NC(Nc2ccc(N3CCNCC3)cc2)=NN1,6,False,False,True,selfies_token_mutation
CAND_5bcd4c7daf,selfies,JAK2_67619c76a6,CC1=CC=CC=COC2=NNC2(NC=CCl)N=CC=C1,CQXVHANXFGMWDN-UHFFFAOYSA-N,True,True,True,290.754,2.5299,58.01,2,5,2,0.8215,3.2,C1=CC=CC=NC2NN=C2OC=CC=C1,13,True,False,True,selfies_token_mutation
CAND_10a142b11e,selfies,JAK2_0c0d246793,COC=CC=CC=NCNC(=CC=COC)CC=CC=CCl,SQCDQCUYMBBGAV-UHFFFAOYSA-N,True,True,True,322.836,4.0634,42.85,1,4,11,0.3542,2.375,,0,False,False,True,selfies_token_mutation
CAND_56c308359e,selfies,JAK2_0c0d246793,COc1ccccc1C12C=CC=NCN(NN1)C1=CC=C(C=CN1)OC2,SYGOSADUKANLKQ-UHFFFAOYSA-N,True,True,True,351.41,1.6722,70.15,3,7,2,0.7531,3.008,C1=CC2(c3ccccc3)COC3=CC=C(NC=C3)N(CN=C1)NN2,10,False,True,True,selfies_token_mutation
CAND_dad5236b95,selfies,JAK2_0c0d246793,CC1=CC=CC2=NCN(C3=CC=COCC3)NN2COC=CC=C1,JSTGOIPNEYWXLT-UHFFFAOYSA-N,True,True,True,326.4,2.7576,49.33,1,6,1,0.8028,3.075,C1=CC=COCN2NN(C3=CC=COCC3)CN=C2C=CC=C1,12,True,False,True,selfies_token_mutation
CAND_2e1f5bbf1e,selfies,JAK2_0c0d246793,C=CPC(=CC=COC)NCN=CC=CC1=C(OC=C2C=CC=NC2)OCN1N,VXEWLRZAKHBXCP-UHFFFAOYSA-N,True,True,True,415.434,2.8576,93.7,2,8,11,0.1772,3.489,C1=CC(=COC2=CNCO2)CN=C1,6,False,False,True,selfies_token_mutation
CAND_cee3a7acb6,selfies,JAK2_0c0d246793,COc1ccc(NC2=COCC=C(c3ccccc3OC)NNS2)cc1,PXOLJDQDFKFUII-UHFFFAOYSA-N,True,True,True,371.462,3.7283,63.78,3,7,5,0.6923,2.994,C1=C(Nc2ccccc2)SNNC(c2ccccc2)=CCO1,9,False,True,True,selfies_token_mutation
CAND_57ed7d3223,selfies,JAK2_0c0d246793,NCOC1=C=CC=CC1=CC=CC=NCNC1C=COCCO1,CJKOZIAAMWJEPV-UHFFFAOYSA-N,True,True,True,315.373,1.5151,78.1,2,6,7,0.423,2.625,C1=CC=CC(=CC=CC=NCNC2C=COCCO2)C=1,7,False,False,True,selfies_token_mutation
CAND_53dd7c868e,selfies,JAK2_0c0d246793,COc1ccc(NC2=NN3CC(C=CC=C4C=C4O)=CC=C3C=N2)cc1,FTZUHPPHOJRDBM-UHFFFAOYSA-N,True,True,True,346.39,3.5265,69.45,2,6,4,0.875,2.5,C(=CC1=CC=C2C=NC(Nc3ccccc3)=NN2C1)C=C1C=C1,6,False,False,True,selfies_token_mutation
CAND_1dc4604721,selfies,JAK2_0c0d246793,COC=C=C1CN2NC3(N=CC2=CC=CC=CC=CC=C3O)N1,GEHXGIFVVBWGOY-UHFFFAOYSA-N,True,True,True,310.357,1.7853,69.12,3,6,1,0.5087,3.325,C=C1CN2NC3(C=CC=CC=CC=CC=C2C=N3)N1,13,True,False,True,selfies_token_mutation
CAND_81f71a2d4b,selfies,JAK2_0c0d246793,COC=Cc1cc[nH]c1NCN=Cc1ccc(-c2ccccc2OC)n1NCl,GFXAAZNLFUTQRZ-UHFFFAOYSA-N,True,True,True,399.882,4.2947,75.6,3,5,9,0.2848,3.152,C(=NCNc1ccc[nH]1)c1ccc(-c2ccccc2)[nH]1,6,False,False,True,selfies_token_mutation
CAND_a69965504e,selfies,JAK2_0c0d246793,CCc1ccccc1-c1ccc2cnc(Nc3ccc(OC)cc3)nn12,WZVBJENWPKMWKZ-UHFFFAOYSA-N,True,True,True,344.418,4.7109,51.45,1,4,5,0.5695,2.625,c1ccc(Nc2ncc3ccc(-c4ccccc4)n3n2)cc1,6,False,False,True,selfies_token_mutation
CAND_ab9a07585e,selfies,JAK2_22b5f1b127,CCC[C@@H](NC=CC1=NC=NNc2nn3cccnc3c21)c1ccc(F)cc1,GDJGTZULCHICGY-MRXNPFEDSA-N,True,True,True,377.427,3.671,78.97,2,6,6,0.687,3.152,C(=CC1=NC=NNc2nn3cccnc3c21)NCc1ccccc1,7,False,False,True,selfies_token_mutation
CAND_68664579d9,selfies,JAK2_22b5f1b127,CCC[C@@H]1CC=C(F)C=CCSC2(C=CN1)CCNN1C=CC=NC12,DVCJCBGSFYQFEN-LMDPOFIKSA-N,True,True,True,362.518,3.6782,39.66,2,5,2,0.7861,4.02,C1=CCCNC=CC2(CCNN3C=CC=NC32)SCC=C1,12,True,False,True,selfies_token_mutation
CAND_73dbfa90e8,selfies,JAK2_22b5f1b127,CCC[C@H](C=C(F)F)NC=CC1(C=N)CC(N)N2C=CC=NC21,CMEKLNGSRHVBNH-YTIJQFLQSA-N,True,True,True,323.391,2.5895,77.5,3,5,7,0.6303,3.375,C1=CN2CCCC2N=C1,6,False,False,True,selfies_token_mutation
CAND_999b776d0e,selfies,JAK2_22b5f1b127,CCC[C@H](C=CC=C(C)F)Nc1cc(-c2c(N)nn3cccnc23)ncn1,RZOAXDQPRSSSHD-CQSZACIVSA-N,True,True,True,367.432,3.7786,94.02,2,6,7,0.6173,2.972,c1cnc2c(-c3ccncn3)cnn2c1,6,False,False,True,selfies_token_mutation
CAND_b8436c5440,selfies,JAK2_22b5f1b127,C=CC(F)C=C[C@@H](CCC)Nc1cc(-c2c(N)nn3cccnc23)ncn1,IEGCMHNZIOZEOT-ARLHGKGLSA-N,True,True,True,367.432,3.4294,94.02,2,6,8,0.5925,3.347,c1cnc2c(-c3ccncn3)cnn2c1,6,False,False,True,selfies_token_mutation
CAND_a7451effdd,selfies,JAK2_22b5f1b127,CCC[C@@H](Nc1cc(-c2c(N)nn3cccnc23)ncn1)c1ccc(F)cn1,KGQNUEZVLDIONT-CQSZACIVSA-N,True,True,True,378.415,3.2559,106.91,2,7,6,0.5302,3.158,c1ccc(CNc2cc(-c3cnn4cccnc34)ncn2)nc1,6,False,False,True,selfies_token_mutation
CAND_e0b4457ea4,selfies,JAK2_22b5f1b127,CC=C1C=CC(F)[C@H]2CCCC13C(=CN2)CN=CC=CNNC3C=N,LYOGCLLNPHKIRK-WNWFYTGBSA-N,True,True,True,343.45,2.5635,72.3,4,5,1,0.5531,3.625,C=C1C=CC[C@H]2CCCC13CNNC=CC=NCC3=CN2,10,False,True,True,selfies_token_mutation
CAND_afd50ddcb7,selfies,JAK2_22b5f1b127,CC[C@H](C=CC=C(F)CF)Nc1cc(-c2c(N)nn3cccnc23)ncn1,RXVXQTAJLMCBKH-CYBMUJFWSA-N,True,True,True,371.395,3.3381,94.02,2,6,7,0.6188,2.994,c1cnc2c(-c3ccncn3)cnn2c1,6,False,False,True,selfies_token_mutation
CAND_a32befc2a8,selfies,JAK2_22b5f1b127,C=CC(F)=CC=C[C@@H](CCC)NC=C1N=CN=NC1c1c(N)nn2cccnc12,ZEZMQPMWGHIXBZ-NNJIEVJOSA-N,True,True,True,394.458,4.042,105.32,2,7,8,0.6591,3.497,C=C1N=CN=NC1c1cnn2cccnc12,6,False,False,True,selfies_token_mutation
CAND_e745864709,selfies,JAK2_22b5f1b127,CCC1C(Pc2c(N)nn3cncnc23)=CN[C@H]1Sc1ccc(F)cc1,FTDNSPIJAMJNPU-TYJDENFWSA-N,True,True,True,388.412,2.7386,81.13,2,6,5,0.6545,3.588,C1=C(Pc2cnn3cncnc23)C[C@H](Sc2ccccc2)N1,6,False,False,True,selfies_token_mutation
CAND_16014bae8e,selfies,JAK2_205d487531,COC=CC=C(CCl)c1ccc2cnc(Nc3ccc(C4CCN(C[C@H](C)O)CC4)cc3)nn12,OLTQFBUYBBSIFT-IBGZPJMESA-N,True,True,True,482.028,4.8154,74.92,2,6,9,0.2592,4.108,c1cc2cnc(Nc3ccc(C4CCNCC4)cc3)nn2c1,6,False,False,True,selfies_token_mutation
CAND_7ec681f418,selfies,JAK2_205d487531,C=CC1CO[C@@H](C)CNCCC1PC=CC=[SH]NC12COC=C3C=C(C=N3)C=c3ccc(n3N1)=N2,QUSKHRJBVVDZHG-LWTPLLIUSA-N,True,True,True,512.62,1.5152,84.2,4,7,6,0.1528,5.353,C(=CPC1CCNCCOCC1)C=[SH]NC12COC=C3C=C(C=N3)C=c3ccc(n3N1)=N2,11,False,True,True,selfies_token_mutation
CAND_938f68db17,selfies,JAK2_205d487531,COc1ccc(N=CC=C2C=NC(Nc3ccc(C4CCN(C[C@H](C)O)CC4)cc3)=NN2)cn1,TUVJVAQICXWVDW-SFHVURJKSA-N,True,True,True,461.57,3.2937,106.73,3,9,7,0.5465,3.745,C1=NC(Nc2ccc(C3CCNCC3)cc2)=NNC1=CC=Nc1cccnc1,6,False,False,True,selfies_token_mutation
CAND_c0bc0bf55f,selfies,JAK2_205d487531,COC=CC1=C(C=CC2=CC=NC(NC=CC3=C=NPC4CCN(C[C@H](C)O)CC4C=C3)=NN2)C=N1,VYYZTBVCASFAAV-YFLGLAMVSA-N,True,True,True,505.563,2.8041,106.2,3,9,8,0.3476,5.364,C1=NPC2CCNCC2C=CC=1C=CNC1=NNC(C=CC2=CN=C2)=CC=N1,8,False,True,True,selfies_token_mutation
CAND_836bea1c56,selfies,JAK2_205d487531,COC=C1C=C(C=c2ccc3nc(NC=C4C=CC(CC5CCON(C[C@@H](C)Cl)C5)=C4)nn23)CO1,VDQIYOUWFPOAIJ-ITUIMRKVSA-N,True,True,True,496.011,3.736,73.15,1,7,8,0.4415,4.511,C=C1C=C(C=c2ccc3nc(NC=C4C=CC(CC5CCONC5)=C4)nn23)CO1,6,False,False,True,selfies_token_mutation
CAND_4b58448ce5,selfies,JAK2_205d487531,COc1ccc(-c2ccc3cnc(NC4=CC=CC5CCNC[C@H](C)OCC5C=C4)nn23)cn1,JPFZDSOFUBNFJH-JSOIOWGOSA-N,True,True,True,458.566,3.8525,85.6,2,7,4,0.6142,4.553,C1=CC2CCNCCOCC2C=CC(Nc2ncc3ccc(-c4cccnc4)n3n2)=C1,9,False,True,True,selfies_token_mutation
CAND_bed18191c0,selfies,JAK2_205d487531,CNOC=CC=C(C=NF)c1ccc2cnc(Nc3ccc(C4CCN(C[C@H](C)O)CC4)cc3)nn12,WDBKSYQFHPINFP-IBGZPJMESA-N,True,True,True,493.587,4.0365,99.31,3,8,10,0.1697,4.298,c1cc2cnc(Nc3ccc(C4CCNCC4)cc3)nn2c1,6,False,False,True,selfies_token_mutation
CAND_90aa1d76c0,selfies,JAK2_205d487531,CCCC(CCc1cccn(C2NN=C=C(C=CC3=CC=COCN3)N2)c1=N)C[C@H](C)O,HYDPSQOZPARCNO-BHWOZTKKSA-N,True,True,True,438.576,2.736,106.69,5,7,10,0.3862,4.242,N=c1ccccn1C1NN=C=C(C=CC2=CC=COCN2)N1,7,False,False,True,selfies_token_mutation
CAND_5855e47ac2,selfies,JAK2_205d487531,C[C@H](O)CN1CCC(c2ccc(Nc3ncc4ccc(-c5ccc(O)nc5)n4n3)cc2)CO1,RTSYKHIKPLYZMF-UCFFOFKASA-N,True,True,True,446.511,3.3422,108.04,3,8,6,0.4139,3.986,c1cncc(-c2ccc3cnc(Nc4ccc(C5CCNOC5)cc4)nn23)c1,6,False,False,True,selfies_token_mutation
CAND_28b109704e,selfies,JAK2_205d487531,COc1ccc(-c2ccc3cnc(NC4=CCC(C5CCN(C[C@H](C)O)CC5)C=C4)nn23)cn1,KOZCUTUZGAAJHH-OYKVQYDMSA-N,True,True,True,460.582,3.7646,87.81,2,7,7,0.555,4.189,C1=CC(C2CCNCC2)CC=C1Nc1ncc2ccc(-c3cccnc3)n2n1,6,False,False,True,selfies_token_mutation
CAND_205d487531,selfies,JAK2_205d487531,COc1ccc(-c2ccc3cnc(Nc4ccc(C5CCN(C[C@H](C)O)CC5)cc4)nn23)cn1,DIGUSWNOUFBFFJ-SFHVURJKSA-N,True,True,False,458.566,4.1037,87.81,2,7,7,0.431,3.928,c1cncc(-c2ccc3cnc(Nc4ccc(C5CCNCC5)cc4)nn23)c1,6,False,False,True,selfies_token_mutation
CAND_dea4c588ae,selfies,JAK2_4ca72aaeb3,CS(=O)(=O)C=C1C=CC(C=c2ccc3nc(NC=C4C=CC(CC5=NCN(CC(N)=O)CC5)=C4)nn23)=C1,CFDXOTHJPXPBER-UHFFFAOYSA-N,True,True,True,517.615,1.425,135.05,2,8,8,0.5407,4.131,C=C1C=CC(C=c2ccc3nc(NC=C4C=CC(CC5=NCNCC5)=C4)nn23)=C1,6,False,False,True,selfies_token_mutation
CAND_ef9854693b,selfies,JAK2_4ca72aaeb3,C=C(N)CN1CC(CC2=CC(=CNc3n[nH]c4c3CS(=O)(=O)C=C4)C=C2)CCO1,CVBXKARDEZIWNA-UHFFFAOYSA-N,True,True,True,415.519,2.2168,113.34,3,7,6,0.6527,3.364,O=S1(=O)C=Cc2[nH]nc(NC=C3C=CC(CC4CCONC4)=C3)c2C1,6,False,False,True,selfies_token_mutation
CAND_0ba6b219b4,selfies,JAK2_4ca72aaeb3,NN=[SH]C=CC(=CC=CNC1=C2C(C=CC=CC=N1)C=CC=CS2(=O)=O)C1CCN(CC(N)=O)CC1,OCXMFKSFYAMFJN-UHFFFAOYSA-N,True,True,True,528.704,2.0797,143.24,4,7,8,0.1644,4.493,O=S1(=O)C=CC=CC2C=CC=CC=NC(NC=CC=CC3CCNCC3)=C21,9,False,True,True,selfies_token_mutation
CAND_4490dc0a57,selfies,JAK2_4ca72aaeb3,NC(=O)CN1CCC(c2ccc(NC3=NN4C(=CCC45C=CC=CS(=O)(=O)C5)C=N3)cc2)CC1,YURDLOLNUZUIFM-UHFFFAOYSA-N,True,True,True,480.594,1.9453,120.46,2,8,4,0.6796,3.676,O=S1(=O)C=CC=CC2(CC=C3C=NC(Nc4ccc(C5CCNCC5)cc4)=NN32)C1,7,False,False,True,selfies_token_mutation
CAND_acb36aa86b,selfies,JAK2_4ca72aaeb3,CC1C(C=CNC2N=Cc3ccc(C4C=CC=CS(=O)(=O)C4)n32)=C(C=N[SH]=N)CCCN1C(N)=O,GRMNHMOYALIGLC-UHFFFAOYSA-N,True,True,True,515.665,2.4846,146.0,4,6,6,0.3405,4.42,O=S1(=O)C=CC=CC(c2ccc3n2C(NC=CC2=CCCCNC2)N=C3)C1,7,False,False,True,selfies_token_mutation
CAND_7fa3d6570f,selfies,JAK2_4ca72aaeb3,CN(C=CN=O)CCCC1=CC=CN(C2=NN3C(=CC=N2)C=CC32C=CC=CS(=O)(=O)C2)C=C1,VGKRRHDIFVXCKR-UHFFFAOYSA-N,True,True,True,478.578,3.5536,98.01,0,9,6,0.5417,3.714,O=S1(=O)C=CC=CC2(C=CC3=CC=NC(N4C=CC=CC=C4)=NN32)C1,7,False,False,True,selfies_token_mutation
CAND_f6ead77590,selfies,JAK2_4ca72aaeb3,CS(=O)(=O)C=CC=CCC1C=Cc2nc(NC=C3C=CC(CCCN(CCCl)CC(N)=O)=C3)nn21,OSWINMVRNCJYNY-UHFFFAOYSA-N,True,True,True,519.071,2.9489,123.21,2,7,14,0.2864,4.439,C1=CC(=CNc2nc3n(n2)CC=C3)C=C1,5,False,False,True,selfies_token_mutation
CAND_cc525db4be,selfies,JAK2_4ca72aaeb3,CC1C2=C(CCCN1C(N)=O)C(=N)C1(N=CC=CC3=CC4C[SH](O)C=CC=C4N31)NC=C2,SIANIMHSNSABPQ-UHFFFAOYSA-N,True,True,True,452.584,2.9782,118.04,5,6,0,0.3632,3.77,N=C1C2=C(C=CNC13N=CC=CC1=CC4CSC=CC=C4N13)CNCCC2,7,False,False,True,selfies_token_mutation
CAND_b3f190902b,selfies,JAK2_4ca72aaeb3,C[SH]1(=O)CC=CC(c2ccc3cnc(NC4=C=C(NC5CCN(CC(N)=O)CC5)C=C4)nn23)=CC1,AVPWNPMLHVLYOQ-UHFFFAOYSA-N,True,True,True,493.637,1.2167,117.65,4,7,7,0.3384,3.873,O=S1CC=CC(c2ccc3cnc(NC4=C=C(NC5CCNCC5)C=C4)nn23)=CC1,7,False,False,True,selfies_token_mutation
CAND_99bf798473,selfies,JAK2_4ca72aaeb3,CS(=O)(=O)C=CC=CC1(S)C=CC2=CC=C=NC3NC=CCCCCCN(CC(N)=O)CC3NN21,GBFSOPZGCQVHHX-UHFFFAOYSA-N,True,True,True,518.709,1.3861,120.13,4,9,5,0.3207,5.262,C1=CC=C2C=CCN2NC2CNCCCCCC=CNC2N=1,12,True,False,True,selfies_token_mutation
CAND_9e25564517,selfies,JAK2_e06ffc340f,C=C1CO[C@@H](C)CNCCN1C1C=CC=CNC2=NNC(C=Cc3ccc1cc3OC)C=N2,LDHZOLDPLVAVCJ-BVVFMGSASA-N,True,True,True,448.571,2.5602,82.51,3,8,2,0.6452,4.948,C=C1COCCNCCN1C1C=CC=CNC2=NNC(C=Cc3ccc1cc3)C=N2,16,True,False,True,selfies_token_mutation
CAND_2cae29ecc5,selfies,JAK2_e06ffc340f,COc1ccccc1C=c1ccc2n1C(NC=CC=CC(=CON)N1CCN(C[C@H](C)O)CC1)N=2,CDUDFUXCICKWFQ-DQUNLGLBSA-N,True,True,True,478.597,0.8044,100.51,3,8,10,0.2639,4.464,C=C(C=CC=CNC1N=c2ccc(=Cc3ccccc3)n21)N1CCNCC1,6,False,False,True,selfies_token_mutation
CAND_81484c022b,selfies,JAK2_e06ffc340f,C=C1CN(CCl)CNC2(NN)CC1=CNC1=COc3cc2ccc3C=CC=CC=N1,NMZIUBQDHDLZRU-UHFFFAOYSA-N,True,True,True,424.936,2.6266,86.94,4,7,2,0.2526,3.416,C=C1CNCNC2CC1=CNC1=COc3cc2ccc3C=CC=CC=N1,11,False,True,True,selfies_token_mutation
CAND_de65f5d552,selfies,JAK2_e06ffc340f,C=C1N=CCN(Cl)OCCC1=CC=CNC1=Nn2c(cc3c(OC)cccc32)C=CC=N1,WTDTZUSKNWZZSX-UHFFFAOYSA-N,True,True,True,450.93,4.2719,75.74,1,7,3,0.7083,3.436,C=C1N=CCNOCCC1=CC=CNC1=Nn2c(cc3ccccc32)C=CC=N1,9,False,True,True,selfies_token_mutation
CAND_6f37cf9c09,selfies,JAK2_e06ffc340f,COc1ccccc1C=C[SH]1C=CC=NC(NC=CC=C2CCON(F)CCNC2)=CNN1,MPMAMDCPRIZLFV-UHFFFAOYSA-N,True,True,True,474.606,3.2144,82.18,5,8,6,0.32,3.942,C(=CNC1=CNN[SH](C=Cc2ccccc2)C=CC=N1)C=C1CCONCCNC1,9,False,True,True,selfies_token_mutation
CAND_b9793baf5c,selfies,JAK2_e06ffc340f,COc1cc2ccc1C=CC=CC=NCNC=C1C=CC(NCCl)[SH]=NN12,WRCNAHWFCFJSDV-UHFFFAOYSA-N,True,True,True,403.939,3.1392,61.25,3,6,3,0.412,4.125,C1=CC=NCNC=C2C=CC[SH]=NN2c2ccc(cc2)C=C1,15,True,False,True,selfies_token_mutation
CAND_78ba184e1c,selfies,JAK2_e06ffc340f,COc1ccccc1-c1ccc2n1N=[SH]CCN(C[C@H](C)O)CCNCC=C=CNNCN=C2,GSHLWMLPPABALS-MJBYWONFSA-N,True,True,True,485.658,1.3507,98.44,5,8,4,0.3314,4.454,C1=CCNCCNCC[SH]=Nn2c(ccc2-c2ccccc2)C=NCNNC=1,19,True,False,True,selfies_token_mutation
CAND_7a040ba6a1,selfies,JAK2_e06ffc340f,COc1ccccc1-c1ccccnc2nn1CO[C@@H](C)CN1CCN(CC1)c1cccc(c1)N2,USEZSNZDAARHKV-NRFANRHFSA-N,True,True,True,472.593,4.3199,67.68,1,7,2,0.5958,4.581,c1ccc(-c2ccccnc3nn2COCCN2CCN(CC2)c2cccc(c2)N3)cc1,15,True,False,True,selfies_token_mutation
CAND_8a2216ea0f,selfies,JAK2_e06ffc340f,COC=C1C=CC2=CN1C=CC1=CC=NC(NC=CC=CC2(N)N2CCN(C[C@H](C)O)CC2)N1,KJIWBMKWEUVZOA-LXKSKSEUSA-N,True,True,True,465.602,0.9116,101.62,4,9,4,0.4548,5.092,C=C1C=CC2=CN1C=CC1=CC=NC(NC=CC=CC2N2CCNCC2)N1,14,True,False,True,selfies_token_mutation
CAND_b171670fd4,selfies,JAK2_4c13d3aa84,CC[C@@H](O)N1CCCC2=CC=CNC13CCC=CC=Cc1ccc2cc1OC3,PLNNGJDLRJVIGQ-MIHMCVIASA-N,True,True,True,378.516,4.4494,44.73,2,4,2,0.7981,3.608,C1=CCCC23COc4cc(ccc4C=C1)C(=CC=CN2)CCCN3,11,False,True,True,selfies_token_mutation
CAND_1e41b006b0,selfies,JAK2_4c13d3aa84,COc1ccccc1C=CC1=C=NC(Nc2ccc(C3CCN(C[C@H](C)O)CC3)cc2)=NN1,BMMBUCNDVKBADT-IBGZPJMESA-N,True,True,True,445.567,3.8085,81.48,3,7,7,0.6039,3.656,C1=NC(Nc2ccc(C3CCNCC3)cc2)=NNC=1C=Cc1ccccc1,6,False,False,True,selfies_token_mutation
CAND_b64dac7057,selfies,JAK2_4c13d3aa84,COc1ccccc1-c1ccc2cnc(NC3=CC=C4CCN(C[C@H](C)O)CC(C=C3)C4)nn12,OSULFBJLMMATBQ-ZQRQZVKFSA-N,True,True,True,457.578,4.2897,74.92,2,6,6,0.5753,4.548,C1=CC2CNCCC(=CC=C1Nc1ncc3ccc(-c4ccccc4)n3n1)C2,8,False,True,True,selfies_token_mutation
CAND_64b0556686,selfies,JAK2_4c13d3aa84,COC=C1C=COC=C1c1ccc2cnc(Nc3ccc(C4CCN5COCCOC45)cc3)nn12,YDDJLMRRWSUAEI-UHFFFAOYSA-N,True,True,True,473.533,4.0077,82.38,1,8,5,0.557,4.011,C=C1C=COC=C1c1ccc2cnc(Nc3ccc(C4CCN5COCCOC45)cc3)nn12,7,False,False,True,selfies_token_mutation
CAND_f638f4e1fc,selfies,JAK2_4c13d3aa84,FNC1N=CC=C=Cc2ccccc2OC=NN=[SH]1,HQQUNIUZCNHFII-UHFFFAOYSA-N,True,True,True,278.312,2.0176,58.34,2,5,1,0.4689,3.075,C1=CC=NC[SH]=NN=COc2ccccc2C=1,13,True,False,True,selfies_token_mutation
CAND_36cb2b5c70,selfies,JAK2_4c13d3aa84,CCN1CCCc2cccn(c2=N)C2N=CC(=CC=Cc3ccccc3OC)N(N2)C1C(C)O,XDVRQRSNCOPQPM-UHFFFAOYSA-N,True,True,True,462.598,2.8956,89.11,3,7,5,0.6359,4.501,N=c1c2cccn1C1N=CC(=CC=Cc3ccccc3)N(CNCCC2)N1,11,False,True,True,selfies_token_mutation
CAND_2e2292fcd9,selfies,JAK2_4c13d3aa84,C[C@H](O)CN1CCC(c2ccc(Nc3nccccc4n(n3)COc3ccccc3-4)cc2)CC1,VKVMWPVZGQAIMZ-FQEVSTJZSA-N,True,True,True,457.578,4.7232,75.44,2,6,5,0.5773,4.173,c1ccc2n(nc(Nc3ccc(C4CCNCC4)cc3)nc1)COc1ccccc1-2,9,False,True,True,selfies_token_mutation
CAND_5b93b42b39,selfies,JAK2_4c13d3aa84,COc1ccccc1C=CC=C1C=Nc2nn1n2-c1ccc(C2CCN(C[C@H](C)O)CC2)cc1,DRSMZXBGDRBQEI-FQEVSTJZSA-N,True,True,True,457.578,4.5128,67.81,1,5,7,0.5668,3.923,C(=Cc1ccccc1)C=C1C=Nc2nn1n2-c1ccc(C2CCNCC2)cc1,6,False,False,True,selfies_token_mutation
CAND_a34f95ae60,selfies,JAK2_4c13d3aa84,COc1ccccc1C=CC1=CC=NCc2ccc(C3CCN(C[C@H](C)O)CC3)cc2NN1,LYLSGQXLPNJWBJ-FQEVSTJZSA-N,True,True,True,446.595,4.3536,69.12,3,6,6,0.6154,4.037,C(=Cc1ccccc1)C1=CC=NCc2ccc(C3CCNCC3)cc2NN1,9,False,True,True,selfies_token_mutation
CAND_61d4466246,selfies,JAK2_4c13d3aa84,COc1ccccc1-c1ccc2n1C(Nc1ccc(C3CCN(C[C@H](C)O)CC3)cc1N)N=C2,FTBOOGWXTADOAE-HSYKDVHTSA-N,True,True,True,459.594,4.3068,88.04,3,6,7,0.4585,4.184,C1=NC(Nc2ccc(C3CCNCC3)cc2)n2c1ccc2-c1ccccc1,6,False,False,True,selfies_token_mutation
CAND_bd9a5bcc10,selfies,JAK2_4c13d3aa84,FNc1ncccccc2ccccc2ocnn1,ADBSJDPVMIPLJO-UHFFFAOYSA-N,True,True,True,258.256,3.163,63.84,1,5,1,0.7958,2.825,c1ccncnncoc2ccccc2cc1,13,True,False,True,selfies_token_mutation
CAND_52d2563d8a,selfies,JAK2_4c13d3aa84,CCCN(CCc1cccn(C2N=CC=C(C=Cc3ccccc3OC)N2)c1=N)C[C@H](C)O,MZHDIDDEQLOSOI-DQUNLGLBSA-N,True,True,True,449.599,3.3389,85.87,3,6,11,0.4912,4.178,N=c1ccccn1C1N=CC=C(C=Cc2ccccc2)N1,6,False,False,True,selfies_token_mutation
CAND_d7ee43e669,selfies,JAK2_2e8eed6911,O=NCCCNCCCC=CC=CNC12COc3ccc1cc3C=CC=CC=N2,UWJZMFSIWUFFTJ-UHFFFAOYSA-N,True,True,True,392.503,4.0714,75.08,2,6,11,0.3381,4.361,C1=CC=NC2COc3ccc2cc3C=C1,10,False,True,True,selfies_token_mutation
CAND_e111064908,selfies,JAK2_2e8eed6911,COc1ccccc1-c1ccccnc(Nc2ccc(C3CCN(CC(N)=O)CC3)cc2)n[nH]1,XZRMCDFXZVKRPA-UHFFFAOYSA-N,True,True,True,458.566,4.013,109.16,3,6,7,0.4935,3.978,c1ccc(-c2ccccnc(Nc3ccc(C4CCNCC4)cc3)n[nH]2)cc1,9,False,True,True,selfies_token_mutation
CAND_4dbb8219ec,selfies,JAK2_2e8eed6911,COc1ccccc1C=CC1=CC=NC(C2=CC=C3CC(C=C2N)C3CCNCC(N)=O)N1,NFHNXPYXAJRJSF-UHFFFAOYSA-N,True,True,True,445.567,2.4025,114.76,4,6,9,0.4359,5.106,C(=Cc1ccccc1)C1=CC=NC(C2=CC=C3CC(C=C2)C3)N1,8,False,True,True,selfies_token_mutation
CAND_5cfb4a31f7,selfies,JAK2_2e8eed6911,COc1ccc2cc1C=CC1=CC=NC(=NN2)NC=CC=C(CCCCl)C=C1,IRCBMHVFFISMLK-UHFFFAOYSA-N,True,True,True,394.906,5.0206,58.01,2,5,4,0.7047,3.71,C1=CC=CC2=CC=NC(=NNc3cccc(c3)C=C2)NC=C1,12,True,False,True,selfies_token_mutation
CAND_b6804bbf20,selfies,JAK2_2e8eed6911,COc1ccccc1C=CC=CC=NC(=NF)Nc1ccc(C2CCN(CC(N)=O)CC2)cc1,DFJOGRHVKQORBH-UHFFFAOYSA-N,True,True,True,463.557,4.3527,92.31,2,4,8,0.3458,3.381,N=C(N=CC=CC=Cc1ccccc1)Nc1ccc(C2CCNCC2)cc1,6,False,False,True,selfies_token_mutation
CAND_bdc015b966,selfies,JAK2_2e8eed6911,COC1NC=CC=C1C=c1ccc2n1NC=C(NNC1=CC=C(C)CCCN(CC(N)=O)CC1)N=2,GXGUNZCFOWIFHM-UHFFFAOYSA-N,True,True,True,478.601,0.1556,120.97,5,8,7,0.3541,4.339,C1=CCCCNCCC(NNC2=CNn3c(=CC4=CC=CNC4)ccc3=N2)=C1,10,False,True,True,selfies_token_mutation
CAND_55eb6c5626,selfies,JAK2_2e8eed6911,COc1ccccc1C=c1ccc2n1NC1=NCC(CC3CSCN(CC(N)=O)C3)=C1C=CCN=2,JKGNKQAMIPELTA-UHFFFAOYSA-N,True,True,True,490.633,1.265,97.24,2,7,6,0.6357,4.481,C1=CC2=C(CC3CNCSC3)CN=C2Nn2c(=Cc3ccccc3)ccc2=NC1,9,False,True,True,selfies_token_mutation
CAND_95a0601a21,selfies,JAK2_2e8eed6911,C=CC(=CC=CNC1=Nn2c(cc3c(OC)cccc32)C=CC=N1)CCCOCC(N)=O,KONHHHYPJHYGMA-UHFFFAOYSA-N,True,True,True,433.512,3.3644,103.23,2,6,10,0.4429,3.964,C1=Cc2cc3ccccc3n2N=CN=C1,8,False,True,True,selfies_token_mutation
CAND_086cf6b22c,selfies,JAK2_2e8eed6911,COc1ccccc1-c1ccc2cnc(NC3=CC=C4C(C=C3)P4CCCNCC(C)N)nn12,BUBBQHDPOMMKNP-UHFFFAOYSA-N,True,True,True,474.549,4.3454,89.5,3,6,10,0.2992,4.892,C1=CC2PC2=CC=C1Nc1ncc2ccc(-c3ccccc3)n2n1,7,False,False,True,selfies_token_mutation
CAND_b124b4893b,selfies,JAK2_c385760536,CCC[C@@H](NC(=O)c1c[nH]c2ncc(C3CC3)nc12)C(=O)NCCC#N,BSYBEMCMYGRBIH-CYBMUJFWSA-N,True,True,True,354.414,1.7637,123.56,3,5,8,0.6233,3.025,c1cc2nc(C3CC3)cnc2[nH]1,6,False,False,True,selfies_token_mutation
CAND_0688ec305d,selfies,JAK2_c385760536,N#CC1CN(C(=O)[C@H](NC(=O)C2=CNC3=NC=C(C4CC4)CN23)C2CC2)C1,PYLZMTKSCFXFRL-MRXNPFEDSA-N,True,True,True,366.425,0.2733,100.83,2,6,5,0.7275,3.166,O=C(N[C@@H](C(=O)N1CCC1)C1CC1)C1=CNC2=NC=C(C3CC3)CN12,6,False,False,True,selfies_token_mutation
CAND_5b2ed42749,selfies,JAK2_c385760536,CCCC1=CN=CNC=CC(=O)N[C@@H](C(=O)NCCC#N)CC(C)CC1,VDTAVMBXZUEDLU-OMOCHNIRSA-N,True,True,True,359.474,2.1367,106.38,3,5,5,0.6538,3.628,O=C1C=CNC=NC=CCCCCCN1,14,True,False,True,selfies_token_mutation
CAND_b8be487a47,selfies,JAK2_c385760536,C=C(N[C@@H](C(=O)N1CC(C#N)C1)C1CC1)c1c[nH]c2ncc(C3CC3)nc12,BYDDNOYZGKVYDP-QGZVFWFLSA-N,True,True,True,362.437,2.1562,97.7,2,5,6,0.8205,3.269,C=C(N[C@@H](C(=O)N1CCC1)C1CC1)c1c[nH]c2ncc(C3CC3)nc12,6,False,False,True,selfies_token_mutation
CAND_48aa5d7ff0,selfies,JAK2_c385760536,C[SH]1CNC=NC(C2CC2)=CN=CNC=CC(=O)N[C@@H](C(=O)NCCC#N)C1,QURFBLORIZONRY-MRXNPFEDSA-N,True,True,True,405.528,0.1041,130.77,5,7,4,0.3345,4.008,O=C1C=CNC=NC=C(C2CC2)N=CNCSCCN1,16,True,False,True,selfies_token_mutation
CAND_1add61a012,selfies,JAK2_c385760536,CN(CCC#N)C(=O)[C@@H](C1CC1)N1C(=O)C=C2CC13CC3=CN=CN2,PXLXWHPPJCSAMF-PYUWXLGESA-N,True,True,True,339.399,0.9112,88.8,1,5,5,0.8062,3.625,O=C1C=C2CC3(CC3=CN=CN2)N1CC1CC1,8,False,True,True,selfies_token_mutation
CAND_b91e20d57a,selfies,JAK2_c385760536,CN(CCC#N)C(=O)[C@H](NC1CNC2=NC=CC3CC3N=C2C1)C1CC1,KVTJEHNNDPLQNY-ACSWQBRGSA-N,True,True,True,354.458,0.8439,92.88,2,6,6,0.7393,4.275,C1=CC2CC2N=C2CC(NCC3CC3)CNC2=N1,8,False,True,True,selfies_token_mutation
CAND_16b0548119,selfies,JAK2_c385760536,N#CCC1CSC(NCF)=CC(=O)N[C@H](C2CC2)C1=O,LCAHMCWJNDYGHH-FFFFSGIJSA-N,True,True,True,297.355,1.085,81.99,2,5,4,0.759,3.0,O=C1C=CSCCC(=O)[C@@H](C2CC2)N1,9,False,True,True,selfies_token_mutation
CAND_920721ba09,selfies,JAK2_c385760536,N#CCC1CN1C(=O)[C@H](NC(=O)CN=CNc1cnc(C2CC2)cn1)C1CC1,XVNNDVXESOUCSA-BWOZIEDHSA-N,True,True,True,381.44,0.8135,123.14,2,6,9,0.3707,3.8,O=C(CN=CNc1cnc(C2CC2)cn1)N[C@@H](C(=O)N1CC1)C1CC1,6,False,False,True,selfies_token_mutation
CAND_567fb9b858,selfies,JAK2_c385760536,CN=CNC1=C(C(=O)N[CH]C(=O)N=CCC#N)C=NC1C1CC1,LPWQLGVCJUDFHX-UHFFFAOYSA-N,True,True,True,313.341,0.1403,119.07,2,5,7,0.5129,2.625,C1=CC(C2CC2)N=C1,5,False,False,True,selfies_token_mutation
CAND_24a41a2694,selfies,JAK2_bc8d95b8eb,O=C(Cc1ccc(Cl)cc1)N1CCN(c2ncn(C3C=CCN3)cccnn2)CC1,JUAPKIABKXRSPJ-UHFFFAOYSA-N,True,True,True,425.924,2.0002,79.18,1,6,4,0.7546,3.672,O=C(Cc1ccccc1)N1CCN(c2ncn(C3C=CCN3)cccnn2)CC1,9,False,True,True,selfies_token_mutation
CAND_b9bcdd3ee3,selfies,JAK2_bc8d95b8eb,O=C(CC=C1C=C(Cl)COC1)N1CC(=NCl)C(NC2=CN=CNC3C=CC2N3)C1,RAEDAAHAOKMGEL-UHFFFAOYSA-N,True,True,True,437.331,1.178,90.35,3,7,4,0.5752,4.235,N=C1CN(C(=O)CC=C2C=CCOC2)CC1NC1=CN=CNC2C=CC1N2,8,False,True,True,selfies_token_mutation
CAND_2d244c3669,selfies,JAK2_bc8d95b8eb,CC=CC1NC=NC(=Nn2cccc2)N2CCc3cc(Cl)c(cc3CN(C=O)CC2)CN1,JKAHLWTUPQLCGG-UHFFFAOYSA-N,True,True,True,453.978,2.4006,77.26,2,4,3,0.5523,4.603,C1=NC(=Nn2cccc2)N2CCNCc3cc(ccc3CC2)CNCN1,14,True,False,True,selfies_token_mutation
CAND_8894dc9e0d,selfies,JAK2_bc8d95b8eb,CC1=CC(NC=NC(=NNC=CC=CN)N2CCN(C(=O)Cc3ccc(Cl)cc3)CC2)N1,HRPFNTKUTJPGRL-UHFFFAOYSA-N,True,True,True,456.982,1.3244,110.38,4,5,7,0.2131,3.469,N=C(N=CNC1C=CN1)N1CCN(C(=O)Cc2ccccc2)CC1,6,False,False,True,selfies_token_mutation
CAND_7c07c45d3c,selfies,JAK2_bc8d95b8eb,O=C(Cc1ccc(Cl)cc1)N1CCN(c2nc(NC3C=CC3)c3cccn3n2)CC1,RXIXPQXEDVHMAF-UHFFFAOYSA-N,True,True,True,422.92,3.0144,65.77,1,5,5,0.6401,3.48,O=C(Cc1ccccc1)N1CCN(c2nc(NC3C=CC3)c3cccn3n2)CC1,6,False,False,True,selfies_token_mutation
CAND_a61534eaa0,selfies,JAK2_bc8d95b8eb,CCN(CSNC1=Nn2cccc2N(C2=NNCC=C2)C=N1)C(=O)CC=CC=NCCl,OQAFVHUQFBLZGD-UHFFFAOYSA-N,True,True,True,461.983,2.1856,101.98,2,9,8,0.203,3.372,C1=CC(N2C=NC=Nn3cccc32)=NNC1,7,False,False,True,selfies_token_mutation
CAND_8fc4d597e8,selfies,JAK2_bc8d95b8eb,CC=CC1=NNC(=C2C=CC(Cl)=[SH]C2)CC(=O)N2CCC(C2)NC(=Nn2cccc2)N=CN1,VGZOJHRXFXPDID-UHFFFAOYSA-N,True,True,True,487.033,1.9566,98.41,4,5,2,0.2916,4.461,O=C1CC(=C2C=CC=[SH]C2)NN=CNC=NC(=Nn2cccc2)NC2CCN1C2,14,True,False,True,selfies_token_mutation
CAND_aec6e98121,selfies,JAK2_bc8d95b8eb,CCN(CCNC(N=CNC1=NNCC=C1)=Nn1cccc1)C(=O)CC=CC=C(F)Cl,LHBYWYGPUZZVGX-UHFFFAOYSA-N,True,True,True,448.934,2.1321,98.41,3,4,9,0.306,3.175,C1=CC(NC=NC=Nn2cccc2)=NNC1,6,False,False,True,selfies_token_mutation
CAND_7912f70d52,selfies,JAK2_bc8d95b8eb,CC=CC1NC=NC(n2cccc2)NCCN(CC[SH]=N)C(=O)Cc2ccc(Cl)c(c2)N1,WVXXALKLLXZVBN-UHFFFAOYSA-N,True,True,True,476.05,2.7814,97.54,5,6,5,0.3391,4.775,O=C1Cc2cccc(c2)NCNC=NC(n2cccc2)NCCN1,15,True,False,True,selfies_token_mutation
CAND_e696063a19,selfies,JAK2_bc8d95b8eb,N=C1CC2C(C=CC=CCl)C(=O)N2CCNC12N=CN(C1C=CCN1)c1cccn12,WPNCWQDRVMQIJA-UHFFFAOYSA-N,True,True,True,425.924,1.581,88.75,3,6,3,0.3895,4.497,N=C1CC2CC(=O)N2CCNC12N=CN(C1C=CCN1)c1cccn12,8,False,True,True,selfies_token_mutation
CAND_07cdfe04de,selfies,JAK2_bc8d95b8eb,CC=C1NN=C1NC=NC(=Nn1cccc1)NC1CCc2cc(Cl)ccc2CC(=O)N(P)C1,BPBCEWVCBNKGHR-UHFFFAOYSA-N,True,True,True,484.932,2.4648,98.41,3,4,3,0.3539,4.125,C=C1NN=C1NC=NC(=Nn1cccc1)NC1CCc2ccccc2CC(=O)NC1,9,False,True,True,selfies_token_mutation
CAND_0007a74c99,selfies,JAK2_6517cb645a,CC(O)C=CC(Cl)=C(CCl)NC1=Nc2ccncc2CC(=O)NC=CC1,XETGLOYQUFNVDK-UHFFFAOYSA-N,True,True,True,395.29,2.9035,86.61,3,5,4,0.5406,3.002,O=C1Cc2cnccc2N=CCC=CN1,10,False,True,True,selfies_token_mutation
CAND_2e587ad70d,selfies,JAK2_6517cb645a,CC(O)C=CC(Cl)=C(CCl)NC=NC=CC=NC1=CC=CC(=O)C1,SUISFKLOKLCBSL-UHFFFAOYSA-N,True,True,True,368.264,3.2279,74.05,2,4,8,0.299,2.601,O=C1C=CC=CC1,6,False,False,True,selfies_token_mutation
CAND_4d7ae15889,selfies,JAK2_6517cb645a,CC(O)C=CC1(C)C=Cc2c(nc3ccncc3c2C([NH])=O)N1,JNWXOGDVTHBQTL-UHFFFAOYSA-N,True,True,True,309.349,2.1873,98.91,2,5,3,0.8467,2.625,C1=Cc2cc3cnccc3nc2NC1,6,False,False,True,selfies_token_mutation
CAND_856eb03bfa,selfies,JAK2_6517cb645a,C=CC=CNC(=O)Cc1cnccc1N=CNC=C(Cl)C=CC(C)O,WTBWHDGHPORAFS-UHFFFAOYSA-N,True,True,True,360.845,2.7066,86.61,3,4,9,0.3588,2.685,c1ccncc1,6,False,False,True,selfies_token_mutation
CAND_e634a9f88b,selfies,JAK2_6517cb645a,CC(O)C=CC(Cl)=C(CCCl)Nc1nc2ccncc2c2c(=O)[nH]ccc12,MKWOHVMJOVFZEK-UHFFFAOYSA-N,True,True,True,405.285,3.8995,90.9,3,5,6,0.3288,3.057,O=c1[nH]ccc2cnc3ccncc3c12,6,False,False,True,selfies_token_mutation
CAND_de4a226007,selfies,JAK2_6517cb645a,CC(O)=C1C=CC(Cl)(Nc2nc3ccncc3c3c(=O)[nH]ccc23)C(Cl)=C1,KMTRBSPXKZDTBC-UHFFFAOYSA-N,True,True,True,401.253,4.3428,90.9,3,5,2,0.2572,2.785,C=C1C=CC(Nc2nc3ccncc3c3c(=O)[nH]ccc23)C=C1,6,False,False,True,selfies_token_mutation
CAND_23877eac17,selfies,JAK2_6517cb645a,OC1C=CC(Cl)=C(NC=NC=C2C=NC=C=N2)C(Cl)=CC1,YHSXNWKNUMRJGC-UHFFFAOYSA-N,True,True,True,323.183,2.6074,69.34,2,4,3,0.6191,2.625,C1=CN=CC(=CN=CNC2=CC=CCCC=C2)N=1,8,False,True,True,selfies_token_mutation
CAND_950c0794b8,selfies,JAK2_6517cb645a,C#CC=CNC(=O)Cc1cnccc1N=CNC(CCl)=C(Cl)C=CC(C)S,RABLKBLYNMXXBM-UHFFFAOYSA-N,True,True,True,423.369,3.7003,66.38,3,4,9,0.1418,3.033,c1ccncc1,6,False,False,True,selfies_token_mutation
CAND_8c4edf64cc,selfies,JAK2_6517cb645a,CC(O)C=CC(Cl)=C(N)c1nc2ccncc2c2c(=O)[nH]ccc12,WPNFQWQFXPDYGO-UHFFFAOYSA-N,True,True,True,342.786,2.2744,104.89,3,5,3,0.5,2.375,O=c1[nH]ccc2cnc3ccncc3c12,6,False,False,True,selfies_token_mutation
CAND_7b496d9561,selfies,JAK2_6517cb645a,CC(O)C=C(Cl)CNc1nc2ccncc2c2c(=O)[nH]ccc12,PVVXUTQDTYHUPM-UHFFFAOYSA-N,True,True,True,330.775,2.3867,90.9,3,5,4,0.6389,2.5,O=c1[nH]ccc2cnc3ccncc3c12,6,False,False,True,selfies_token_mutation
CAND_23f2211783,selfies,JAK2_a77381c7fa,CC(C)[C@@H](NC=CCP=NCc1c(N)nn2cccnc12)Sc1ccc(F)cc1,YDWADTGTOGGLNW-FQEVSTJZSA-N,True,True,True,430.493,4.9581,80.6,2,6,9,0.285,3.572,C(=CNCSc1ccccc1)CP=NCc1cnn2cccnc12,6,False,False,True,selfies_token_mutation
CAND_68220d54a3,selfies,JAK2_a77381c7fa,CNC#CNN=C(N)CC1=NC=NN([C@@H](C=CC=CCF)C(C)C)C=C1,BILMIMKHIPUWFA-KRWDZBQOSA-N,True,True,True,359.453,1.6962,90.4,3,6,8,0.1536,2.553,C1=CNN=CN=C1,7,False,False,True,selfies_token_mutation
CAND_9451c6445f,selfies,JAK2_a77381c7fa,CC1CN=CN=C(CCl)C=CN[C@H]1c1ccc(F)cc1,MGTXRMUBNHJTGV-JOPIAHFSSA-N,True,True,True,293.773,3.3279,36.75,1,3,2,0.8345,2.75,C1=CN[C@@H](c2ccccc2)CCN=CN=C1,10,False,True,True,selfies_token_mutation
CAND_1f80833c9b,selfies,JAK2_a77381c7fa,C=CC(F)=CC=CS[C@H](NC=CCCl)C(C)C,UACCVINZZYXRCD-ZDUSSCGKSA-N,True,True,True,275.82,4.5969,12.03,1,2,8,0.3948,2.25,,0,False,False,True,selfies_token_mutation
CAND_842407f521,selfies,JAK2_a77381c7fa,C=CC(F)=CC=C[C@@H](CCN=CC)Nc1cc(-c2c(N)nn3cccnc23)ncn1,CDLHXWCPWPOPMA-INIZCTEOSA-N,True,True,True,406.469,3.6254,106.38,2,7,9,0.4152,3.439,c1cnc2c(-c3ccncn3)cnn2c1,6,False,False,True,selfies_token_mutation
CAND_cf7a18b2b7,selfies,JAK2_a77381c7fa,CC(C)[C@@H](NC=CC(=NC=N)c1c(N)nn2cccnc12)Sc1ccc(F)cc1,LDYBQHCFDKXPMP-FQEVSTJZSA-N,True,True,True,411.51,3.7245,104.45,3,6,8,0.2268,3.342,N=C(C=CNCSc1ccccc1)c1cnn2cccnc12,6,False,False,True,selfies_token_mutation
CAND_df3f25bbdc,selfies,JAK2_a77381c7fa,CC(C)[C@@H](SNC=Cc1n[nH]cccnp1CCN)Sc1ccc(F)cc1,KNWIPJBAGRJFJQ-YDONVPIESA-N,True,True,True,425.539,4.9964,79.62,3,6,9,0.2982,4.045,C(=Cc1n[nH]cccn[pH]1)NSCSc1ccccc1,8,False,True,True,selfies_token_mutation
CAND_fc2b23f419,selfies,JAK2_a77381c7fa,CC(F)=CC=C[C@@H](C(C)C)N1C=CC(C(N)NN2C=CC=NC2)=CC=N1,KPLMVCULOMJFBK-OYKVQYDMSA-N,True,True,True,358.465,2.829,69.25,2,6,7,0.5423,2.922,C1=CN(NCC2=CC=NNC=C2)CN=C1,7,False,False,True,selfies_token_mutation
CAND_2f6ea702b4,selfies,JAK2_a77381c7fa,CCCC[C@@H](NC=CC(=NC=NCS)c1c(N)nn2cccnc12)c1ccc(F)cc1,ZSKGYUKQUMXLAL-GOSISDBHSA-N,True,True,True,439.564,4.1901,92.96,3,6,10,0.2509,3.748,N=C(C=CNCc1ccccc1)c1cnn2cccnc12,6,False,False,True,selfies_token_mutation
CAND_8140f479ff,selfies,JAK2_a77381c7fa,[CH]C(C)(Nc1cc(-c2c(N)nn3cccnc23)ncn1)c1ccc(F)cc1,ZEOUHWUFQUGZKZ-UHFFFAOYSA-N,True,True,True,361.384,2.946,94.02,2,6,4,0.5804,2.813,c1ccc(CNc2cc(-c3cnn4cccnc34)ncn2)cc1,6,False,False,True,selfies_token_mutation
CAND_e39aa0e4be,selfies,JAK2_a77381c7fa,C=CC(F)[C@H](NNc1cc(-c2c(N)nn3cccnc23)ncn1)C(C)C,GLSYJEZWMMJQBX-JOPIAHFSSA-N,True,True,True,356.409,2.2337,106.05,3,7,7,0.4402,3.161,c1cnc2c(-c3ccncn3)cnn2c1,6,False,False,True,selfies_token_mutation
CAND_5bc0cc2087,selfies,JAK2_628eb3c7b6,C=CC(F)=CC[C@@H](CC)N1C=C(c2c(N)nn3cccnc23)NC=N1,SRBCCTNJAFVCKL-CYBMUJFWSA-N,True,True,True,341.394,2.6665,83.84,2,6,6,0.7893,2.75,C1=NNC=C(c2cnn3cccnc23)N1,6,False,False,True,selfies_token_mutation
CAND_6b002957c5,selfies,JAK2_628eb3c7b6,CC[C@@H](NC=CC(=NC=N)c1c(N)nn2cccnc12)c1ccc(F)cc1,HWIZQLUCVBFXNL-OAHLLOKOSA-N,True,True,True,365.416,3.1014,104.45,3,5,7,0.4419,2.961,N=C(C=CNCc1ccccc1)c1cnn2cccnc12,6,False,False,True,selfies_token_mutation
CAND_7107131cb8,selfies,JAK2_628eb3c7b6,CC[C@H](C=CC=C1C=CN1)Nc1cc(-c2c(N)nn3cccnc23)ncn1,UPFGTDQERLNVSQ-CYBMUJFWSA-N,True,True,True,360.425,2.516,106.05,3,7,6,0.62,3.058,C(=CCNc1cc(-c2cnn3cccnc23)ncn1)C=C1C=CN1,6,False,False,True,selfies_token_mutation
CAND_628eb3c7b6,selfies,JAK2_628eb3c7b6,CC[C@@H](Nc1cc(-c2c(N)nn3cccnc23)ncn1)c1ccc(F)cc1,BTOVCFAIIUJMFA-CQSZACIVSA-N,True,True,False,363.4,3.4708,94.02,2,6,5,0.5638,2.949,c1ccc(CNc2cc(-c3cnn4cccnc34)ncn2)cc1,6,False,False,True,selfies_token_mutation
CAND_8707636f6f,selfies,JAK2_628eb3c7b6,C=C[C@@H]1CC=C(F)C=CN=CC2(C=CN1)CC(N)N1C=CC=NC12,ZOLSQBXELHOAFM-VGZZGSPPSA-N,True,True,True,327.407,2.387,66.01,2,5,1,0.7269,4.075,C1=CCCNC=CC2(C=NC=C1)CCN1C=CC=NC12,12,True,False,True,selfies_token_mutation
CAND_a686c04f11,selfies,JAK2_628eb3c7b6,C=CC[C@H](C=CC=C(F)C=C)NC=C1CN(c2c(N)nn3cccnc23)NC=N1,RNSRQQBVDHPFIJ-MRXNPFEDSA-N,True,True,True,394.458,2.6357,95.87,3,7,8,0.4706,3.247,C=C1CN(c2cnn3cccnc23)NC=N1,6,False,False,True,selfies_token_mutation
CAND_71130b25f7,selfies,JAK2_628eb3c7b6,CC[C@@H](Nc1cc(-c2c(N)nn3cccnc23)ncn1)c1ccc(C)cc1,OLDCZEJJKWEAAB-OAHLLOKOSA-N,True,True,True,359.437,3.6401,94.02,2,6,5,0.5649,2.927,c1ccc(CNc2cc(-c3cnn4cccnc34)ncn2)cc1,6,False,False,True,selfies_token_mutation
CAND_deeaf87f44,selfies,JAK2_628eb3c7b6,CNC12C=CNC1(N)CC1=NC(C)[C@H](c3ccc(F)cc3)NC2=C1,SOGUABKPNUPUTF-GRIQYDHGSA-N,True,True,True,327.407,1.3172,74.47,4,5,2,0.6609,3.25,C1=CC2C3=CC(=NC[C@H](c4ccccc4)N3)CC2N1,7,False,False,True,selfies_token_mutation
CAND_6968bfec57,selfies,JAK2_628eb3c7b6,C=CC(F)=C[C@@H](CC)NC=CC(=N)C1=C2N=CC=CN2N=NC1,SFGOEUOCFKJPGY-CYBMUJFWSA-N,True,True,True,314.368,3.42,76.2,2,6,7,0.5578,2.625,C1=CN2N=NCC=C2N=C1,6,False,False,True,selfies_token_mutation
CAND_cde5e76002,selfies,JAK2_628eb3c7b6,C=CC(F)=CC[C@@H](CC)c1cc(-c2c(N)nn3cccnc23)ncn1,ARKBPYLYIYAUFR-GFCCVEGCSA-N,True,True,True,338.39,3.6916,81.99,1,5,6,0.6932,2.75,c1cnc2c(-c3ccncn3)cnn2c1,6,False,False,True,selfies_token_mutation
CAND_e950626719,selfies,JAK2_628eb3c7b6,CC[C@@H](Nc1cc(CC(N)=NN2C3=CC=NC32)ncn1)c1ccc(F)cc1,UVAIGRZZXAJUGS-QYRJMHQMSA-N,True,True,True,365.416,2.6036,91.56,2,6,7,0.447,3.461,C1=NC2C(=C1)N2N=CCc1cc(NCc2ccccc2)ncn1,6,False,False,True,selfies_token_mutation
CAND_d577892d86,selfies,JAK2_6d024c163e,C=CC(=CC=CNC1N=CC=C2C=CC3(C=CC=CS(=O)(=O)NC(C)COC3)N21)C1CCN(CC(N)=O)CC1,AJTBYXHNEUNKGI-UHFFFAOYSA-N,True,True,True,554.717,1.6699,129.36,3,8,7,0.4084,5.262,O=S1(=O)C=CC=CC2(C=CC3=CC=NC(NC=CC=CC4CCNCC4)N32)COCCN1,11,False,True,True,selfies_token_mutation
CAND_c6189e7dcf,selfies,JAK2_6d024c163e,CC(C)(C)NS(=O)(=O)C=C1C=CC(C=c2ccc3nc(NC=C4C=CC(CCCN(CCCl)CC(N)=O)=C4)nn23)=C1,MITATWBDVSBELO-UHFFFAOYSA-N,True,True,True,598.173,2.925,134.72,3,7,13,0.3022,4.879,C=C1C=CC(C=c2ccc3nc(NC=C4C=CC=C4)nn23)=C1,5,False,False,True,selfies_token_mutation
CAND_8410dc5bfb,selfies,JAK2_6d024c163e,CC(C)(C)NS(=O)(=O)C=C1C=CC(C=C2C=NC=NC(CNc3ccc(C4CCN(CC(N)=O)CC4)cc3)=NN2)=C1,KZQDAJUMGZMKDJ-UHFFFAOYSA-N,True,True,True,578.743,2.7609,153.64,4,9,9,0.3534,4.896,C=C1C=CC(C=C2C=NC=NC(CNc3ccc(C4CCNCC4)cc3)=NN2)=C1,8,False,True,True,selfies_token_mutation
CAND_11f53ac492,selfies,JAK2_6d024c163e,CC1(C)CC2(C=CC=CS(=O)(=O)N1)C=CC1=CC=NC(N=CC=C(C=CN)C3CCN(CC(N)=O)CC3)N12,MRGMQNWJGKMMPG-UHFFFAOYSA-N,True,True,True,539.706,1.6874,146.48,3,8,6,0.3458,4.804,O=S1(=O)C=CC=CC2(C=CC3=CC=NC(N=CC=CC4CCNCC4)N32)CCN1,9,False,True,True,selfies_token_mutation
CAND_8781109d93,selfies,JAK2_6d024c163e,NC(=O)CN1CCC(c2ccc(NC3=NN4C(=CCC45C=CS(=O)(=O)NCCCC5)C=N3)cc2)CC1,UTTYNQHATHLRCC-UHFFFAOYSA-N,True,True,True,511.652,2.064,132.49,3,8,4,0.5669,4.348,O=S1(=O)C=CC2(CC=C3C=NC(Nc4ccc(C5CCNCC5)cc4)=NN32)CCCCN1,9,False,True,True,selfies_token_mutation
CAND_c3c46b343c,selfies,JAK2_6d024c163e,CC(C)(C)NS(=O)(=O)C=C1C=C=NC(c2ccc3cnc(Nc4ccc(C5CCN(CC(N)=O)CC5)cc4)nn23)=C1,XROSTPUKQWBKKK-UHFFFAOYSA-N,True,True,True,574.711,3.3198,147.08,3,8,8,0.3739,4.448,C=C1C=C=NC(c2ccc3cnc(Nc4ccc(C5CCNCC5)cc4)nn23)=C1,6,False,False,True,selfies_token_mutation
CAND_bcfbe915b3,selfies,JAK2_6d024c163e,CC1C(C2=CC=C(NC3N=Cc4ccc(C5C=CC=CS(=O)(=O)NC(C)(C)C5)n43)C2=N)CCN1CCCN=O,NGBKRZGLFTZAPV-UHFFFAOYSA-N,True,True,True,551.717,3.9321,132.01,3,8,8,0.3327,5.821,N=C1C(NC2N=Cc3ccc(C4C=CC=CS(=O)(=O)NCC4)n32)=CC=C1C1CCNC1,9,False,True,True,selfies_token_mutation
CAND_1ffc64d607,selfies,JAK2_6d024c163e,C=CC1CC(CC(N)=O)CC2=C1C=CNC1=C3C(C=CC=CC=N1)C=CC2=NCS(=O)(=O)NC3(C)C,WVMKACAQKNJNRG-UHFFFAOYSA-N,True,True,True,507.66,3.1784,126.01,3,6,3,0.5073,4.501,O=S1(=O)CN=C2C=CC3C=CC=CC=NC(=C3CN1)NC=CC1=C2CCCC1,11,False,True,True,selfies_token_mutation
CAND_a7dde935c7,selfies,JAK2_6d024c163e,CC(C)(C)NS(=O)(=O)C=CC=CC1(S)C=CC2=CC=NCN3C=CC=CCCCN(CC(N)=O)CCS3=NN21,ZEDQOMKYHMXYKU-UHFFFAOYSA-N,True,True,True,593.845,2.7828,123.7,3,9,6,0.3216,5.555,C1=CCCCNCCS2=NN3CC=CC3=CC=NCN2C=C1,12,True,False,True,selfies_token_mutation
CAND_d1b8fc749c,selfies,JAK2_6d024c163e,CC(N)CN1CC(CC2=CC(=CNc3nc4ccc(=CC5=CC(=CS(=O)(=O)NC(C)(C)C)C=C5)n4n3)C=C2)CCO1,UBINFFXNFHBQIN-UHFFFAOYSA-N,True,True,True,577.755,3.1095,126.88,3,8,9,0.4151,5.09,C=C1C=CC(C=c2ccc3nc(NC=C4C=CC(CC5CCONC5)=C4)nn23)=C1,6,False,False,True,selfies_token_mutation
CAND_58c169693f,selfies,JAK2_6d024c163e,CC1(C)CC2(C=CC=CS(=O)(=O)N1)C=CC1=CC=NC(c3ccc(C4CCN(CC(N)=O)CC4)cc3N)N12,MQZCIIGDNNNBCL-UHFFFAOYSA-N,True,True,True,536.702,2.6826,134.12,3,7,4,0.5068,4.737,O=S1(=O)C=CC=CC2(C=CC3=CC=NC(c4ccc(C5CCNCC5)cc4)N32)CCN1,9,False,True,True,selfies_token_mutation
CAND_9621ee2edf,selfies,JAK2_6d024c163e,CC1(C)CC=C(C=CC=CCCl)C=CC=CS(=O)(=O)N1,QXHVGKAVPNIIJL-UHFFFAOYSA-N,True,True,True,313.85,3.4356,46.17,1,2,3,0.6406,2.125,O=S1(=O)C=CC=CC=CCCN1,10,False,True,True,selfies_token_mutation
CAND_655ade9d3d,selfies,JAK2_4635e8b5a7,CC1=C2C(=CS(C)(=O)=O)C3(C)C(=C1)C=CNN=C3NC=CC=CC2(N)CNCC(=O)C=O,VYAJQKHAGZLCNR-UHFFFAOYSA-N,True,True,True,457.556,0.3363,142.75,4,9,6,0.3303,4.098,C=C1C2=CC=C3C=CNN=C(NC=CC=CC2)C13,10,False,True,True,selfies_token_mutation
CAND_089c208edf,selfies,JAK2_4635e8b5a7,C=CC(=CCS(C)(=O)=O)c1cccn2nc(Nc3cccc(CN4CCS(=O)(=O)CC4)c3)nc12,JWPVTFAJWSSPRB-UHFFFAOYSA-N,True,True,True,501.634,2.3173,113.74,1,8,8,0.468,3.842,O=S1(=O)CCN(Cc2cccc(Nc3nc4ccccn4n3)c2)CC1,6,False,False,True,selfies_token_mutation
CAND_568b594c42,selfies,JAK2_4635e8b5a7,C=CC(C=CC=C(N=C)N=CNc1cccc(CN2CCS(=O)(=O)CC2)c1)=CC=CS(C)(=O)=O,QLEAFYYEHPMBHI-UHFFFAOYSA-N,True,True,True,502.662,3.1261,108.27,1,7,11,0.283,3.723,O=S1(=O)CCN(Cc2ccccc2)CC1,6,False,False,True,selfies_token_mutation
CAND_450f1eea55,selfies,JAK2_4635e8b5a7,CC(C=CC=C1N=C(Oc2cccc(CN3CCS(=O)(=O)CC3)c2N)C1C)=CC=CS(C)(=O)=O,VXUKLCOTTJWJCG-UHFFFAOYSA-N,True,True,True,505.662,2.8709,119.13,1,8,7,0.4469,3.74,C=C1CC(Oc2cccc(CN3CCS(=O)(=O)CC3)c2)=N1,6,False,False,True,selfies_token_mutation
CAND_2ff20ea6c3,selfies,JAK2_4635e8b5a7,C=CC(C=CC=C1C=NC(N2C=CC=CC(CNCCS(=O)C=O)=C2)=NN1)=CC=CS(C)(=O)=O,SQGONWGTJQGZJT-UHFFFAOYSA-N,True,True,True,501.634,1.8401,120.3,2,9,11,0.2518,3.967,C=C1C=NC(N2C=CC=CC=C2)=NN1,7,False,False,True,selfies_token_mutation
CAND_32d9e3e9da,selfies,JAK2_4635e8b5a7,CS(=O)(=O)C=CC=CNC=C1C=CNN=C(ON)c2cccc(CN3CCS(=O)(=O)CC3)c2N=C1,JATVYCXOMQOMLB-UHFFFAOYSA-N,True,True,True,520.637,0.8336,155.55,3,11,6,0.3652,3.948,C=C1C=CNN=Cc2cccc(CN3CCS(=O)(=O)CC3)c2N=C1,10,False,True,True,selfies_token_mutation
CAND_22a0602207,selfies,JAK2_4635e8b5a7,C=C1C=CC=C2NN=C(NC=CC=CC(N)(C3NCC[SH](O)CC3=C)C1=CS(C)(=O)=O)C2C,ZFYQUBIBWWSEQS-UHFFFAOYSA-N,True,True,True,491.683,1.8368,128.84,6,8,2,0.2568,4.987,C=C1C=CC=C2CC(=NN2)NC=CC=CC(C2NCCSCC2=C)C1=C,14,True,False,True,selfies_token_mutation
CAND_75f5516b87,selfies,JAK2_4635e8b5a7,C=NC1(C)C(=NNC=CC=CC2=CC=CS(=O)(=O)C2)NC=CC=CCSCCCS1(=O)=O,XATNTHPKOKILBN-UHFFFAOYSA-N,True,True,True,496.68,2.4559,117.06,2,8,5,0.341,4.39,O=S1(=O)C=CC=C(C=CC=CNN=C2CS(=O)(=O)CCCSCC=CC=CN2)C1,13,True,False,True,selfies_token_mutation
CAND_f5e0e8639b,selfies,JAK2_4635e8b5a7,O=S1(=O)C=C2C=NC3=NNC=CC(=CC(=C2)C=CC1)C=C(CF)C=CC=CN3,IPIBUWHEADQONR-UHFFFAOYSA-N,True,True,True,398.463,2.7354,82.92,2,6,1,0.7115,3.344,O=S1(=O)C=C2C=NC3=NNC=CC(=CC(=C2)C=CC1)C=CC=CC=CN3,13,True,False,True,selfies_token_mutation
CAND_c71aa58420,selfies,JAK2_4635e8b5a7,CS(=O)(=O)C=C1C=CC(C=CCN=Cn2nc3nc2C2CN(CCS2(=O)=O)Cc2cccc(c2)N3)=C1,CBYNJKRMGSVHBB-UHFFFAOYSA-N,True,True,True,526.644,2.1641,126.62,1,9,5,0.464,4.806,C=C1C=CC(C=CCN=Cn2nc3nc2C2CN(CCS2(=O)=O)Cc2cccc(c2)N3)=C1,11,False,True,True,selfies_token_mutation
CAND_179db4d071,selfies,JAK2_34d30ab507,CNCC1CCC1C=CC1=CC(SNCN=CC(=CC=CNN)C=C2C=COC(NS(C)=O)=C2)=C1,JKJDPSMVLNOGSH-UHFFFAOYSA-N,True,True,True,514.721,2.9764,112.8,5,8,14,0.0605,4.915,C=C(C=NCNSC1=CC(C=CC2CCC2)=C1)C=C1C=COC=C1,6,False,False,True,selfies_token_mutation
CAND_a65f2be2de,selfies,JAK2_34d30ab507,CNCCCC=CC=CCN1CN=CCC=CC=CSCC(=O)OC=CCNN1,XJNFEXCVDDHQAS-UHFFFAOYSA-N,True,True,True,419.595,2.7016,77.99,3,8,7,0.3326,3.712,O=C1CSC=CC=CCC=NCNNNCC=CO1,18,True,False,True,selfies_token_mutation
CAND_34d30ab507,selfies,JAK2_34d30ab507,CN1CCC(c2cccc(Nc3nc4c(-c5ccc(S(C)(=O)=O)cc5)cccn4n3)c2)CC1,QVEWCURGCSBRER-UHFFFAOYSA-N,True,True,False,461.591,4.3526,79.6,1,6,5,0.4759,3.445,c1ccc(-c2cccn3nc(Nc4cccc(C5CCNCC5)c4)nc23)cc1,6,False,False,True,selfies_token_mutation
CAND_b1c952283b,selfies,JAK2_34d30ab507,CS(=O)(=O)C=CCC1=CC=CN2NC3=CC=CC4CCCNC(C=C3N2CN=C1)C4,XXJOSZVMSUTSQI-UHFFFAOYSA-N,True,True,True,427.574,2.5499,77.04,2,7,3,0.7209,3.806,C1=CC=NCN2C3=CC4CC(C=CC=C3NN2C=C1)CCCN4,9,False,True,True,selfies_token_mutation
CAND_764d7e347a,selfies,JAK2_34d30ab507,FC1C=NCNCC=CC=CCCC2NC=NN2C1,YWKAXDXRDLGJKU-UHFFFAOYSA-N,True,True,True,265.336,1.0232,52.02,2,5,0,0.6874,3.2,C1=CCCC2NC=NN2CCC=NCNCC=C1,15,True,False,True,selfies_token_mutation
CAND_79a14885c3,selfies,JAK2_34d30ab507,C=S(C)(=O)c1ccc(-c2cccn3nc(NCC=CC=C4PC5=C4CCC(NC)C5)nc23)cc1,HMCBKYPWZXHANU-UHFFFAOYSA-N,True,True,True,491.601,4.6715,71.32,2,5,7,0.3713,4.612,C(=CCNc1nc2c(-c3ccccc3)cccn2n1)C=C1PC2=C1CCCC2,6,False,False,True,selfies_token_mutation
CAND_d315f2060a,selfies,JAK2_34d30ab507,CN1c2ccc(-c3ccc(S(C)(=O)=O)cc3)c(=NCNC3(C)C=CC=CC4CCN(C4)C3)n21,CDIOZVUGENXJQT-UHFFFAOYSA-N,True,True,True,465.623,2.4259,69.71,1,6,5,0.6872,4.717,C1=CC2CCN(C2)CC(NCN=c2c(-c3ccccc3)ccc3n2N3)C=C1,9,False,True,True,selfies_token_mutation
CAND_c33bb7d215,selfies,JAK2_34d30ab507,CCC1C=CC=CC(c2nc3c(-c4ccc(S(C)(=O)=O)cc4)cccn3n2)CNCC1,PQISNXNUHYWCIR-UHFFFAOYSA-N,True,True,True,436.581,4.0153,76.36,1,5,4,0.6686,3.981,C1=CCCCNCC(c2nc3c(-c4ccccc4)cccn3n2)C=C1,10,False,True,True,selfies_token_mutation
CAND_cd21e4b808,selfies,JAK2_34d30ab507,C=C1COC(=O)CSC1=CC=CC1(C=NCNC2(C)C=CC=CC3CCN(C3)C2)C=CN1N,KWZFNABFQIGDTL-UHFFFAOYSA-N,True,True,True,467.639,2.539,83.19,2,8,6,0.3529,4.904,C=C1COC(=O)CSC1=CC=CC1(C=NCNC2C=CC=CC3CCN(C3)C2)C=CN1,9,False,True,True,selfies_token_mutation
CAND_884fc75a06,selfies,JAK2_34d30ab507,CNC1CCC(C=C2C=CC(NCN=CC3(c4ccc(S(C)(=O)=O)cc4)OCC=CN3N)=C2)C1,BNAZSUHKKZJJHS-UHFFFAOYSA-N,True,True,True,483.638,2.3486,109.05,3,8,8,0.3847,4.492,C1=CNC(C=NCNC2=CC(=CC3CCCC3)C=C2)(c2ccccc2)OC1,6,False,False,True,selfies_token_mutation
CAND_b0070a153d,selfies,JAK2_6f4dcc3327,COC=CC=C(C=N)C=CC1=Cc2nc(N3C=CC=C(CC=NN(C)CC(C)N)C=C3)nn21,PYLLZMPHZKHIIV-UHFFFAOYSA-N,True,True,True,446.559,3.3106,108.65,2,8,11,0.2336,3.911,C1=CC=CN(c2nc3n(n2)C=C3)C=C1,7,False,False,True,selfies_token_mutation
CAND_5824f7e078,selfies,JAK2_6f4dcc3327,CCCN(CCc1ccc2n(c1=N)C1N=CC=C(C=CC(=CCOC)N2)N1)CC(N)=O,ZHEDQIRYIPSLOD-UHFFFAOYSA-N,True,True,True,425.537,1.2334,120.76,4,7,9,0.4743,4.045,C=C1C=CC2=CC=NC(N2)n2c(cccc2=N)N1,9,False,True,True,selfies_token_mutation
CAND_01138d3eb8,selfies,JAK2_6f4dcc3327,CCN(CCCc1cccn(C2N=CC=C(C=CC3=CC=COCN3)N2)c1=N)CC(N)=O,DHEMJGDCMRLFMN-UHFFFAOYSA-N,True,True,True,437.548,1.2525,120.76,4,7,10,0.4391,3.736,N=c1ccccn1C1N=CC=C(C=CC2=CC=COCN2)N1,7,False,False,True,selfies_token_mutation
CAND_bf66a03596,selfies,JAK2_6f4dcc3327,N=c1c(C2CCN(CC(N)=O)CC2)cccn1C1N=CC=C2CN=[SH]3(C=CC=COC3)N21,BFHKDHYVSNTPLC-UHFFFAOYSA-N,True,True,True,455.588,1.3723,112.3,3,7,4,0.5955,3.537,N=c1c(C2CCNCC2)cccn1C1N=CC=C2CN=[SH]3(C=CC=COC3)N21,7,False,False,True,selfies_token_mutation
CAND_83735d5467,selfies,JAK2_6f4dcc3327,C=CN(CCCc1cccn(C2N=CC=C(C=CC3=CC=COCN3)N2)c1=N)CC(N)=O,MMXAQKNHIANEBX-UHFFFAOYSA-N,True,True,True,435.532,1.3761,120.76,4,7,10,0.4425,3.725,N=c1ccccn1C1N=CC=C(C=CC2=CC=COCN2)N1,7,False,False,True,selfies_token_mutation
CAND_9e05eb50ff,selfies,JAK2_6f4dcc3327,CC1=CC=CN(C2N=CC=C(C=CC(C=N)=CC=CON)N2)C(N)=CCCN(CC(N)=O)C1,ACASECLSSKNWLJ-UHFFFAOYSA-N,True,True,True,452.563,1.1172,159.08,5,9,8,0.1596,3.82,C1=CCNCCC=CN(C2N=CC=CN2)C=C1,11,False,True,True,selfies_token_mutation
CAND_c313e39983,selfies,JAK2_6f4dcc3327,CCN(CCCc1cccn(C2N=CC=C(C=CC3=CC=COCN3)N2)c1=N)CC(C)N,PVCFPYAHEJGJJO-UHFFFAOYSA-N,True,True,True,437.592,2.1144,103.69,4,7,10,0.4489,3.987,N=c1ccccn1C1N=CC=C(C=CC2=CC=COCN2)N1,7,False,False,True,selfies_token_mutation
CAND_15fa180551,selfies,JAK2_6f4dcc3327,CCC1PC2=CC(=CNC3=NN4COc5ccc(cn5)C=CC=C4C3)C=CC1CN2CC(N)=O,DRRGSWKSWRRSOT-UHFFFAOYSA-N,True,True,True,476.521,3.1067,96.08,2,7,4,0.6487,4.653,C1=Cc2ccc(nc2)OCN2N=C(NC=C3C=CC4CNC(=C3)PC4)CC2=C1,11,False,True,True,selfies_token_mutation
CAND_749528f319,selfies,JAK2_6f4dcc3327,NC(=O)CN1CCC(C=CC=C2NC3C=C2NNC(=CCC2=CC=CCN2)C=N3)CC1,YTERKUQIUKCUBG-UHFFFAOYSA-N,True,True,True,421.549,0.9329,106.81,5,7,6,0.4369,3.897,C1=CCNC(CC=C2C=NC3C=C(NN2)C(=CC=CC2CCNCC2)N3)=C1,8,False,True,True,selfies_token_mutation
CAND_d78c5cc3c0,selfies,JAK2_6f4dcc3327,COc1ccc(-c2ccccnc(Nc3ccc(C4CCN(CC(N)=O)CC4)cc3)n[nH]2)cn1,SMSGKLCBSSJPOT-UHFFFAOYSA-N,True,True,True,459.554,3.408,122.05,3,7,7,0.4948,3.984,c1ccc(-c2cccnc2)[nH]nc(Nc2ccc(C3CCNCC3)cc2)nc1,9,False,True,True,selfies_token_mutation
CAND_6c16e54679,selfies,JAK2_6f4dcc3327,C1=CC2=C(C=COCN=C2)NN=C2N=CC(=C1)C=CC1=CCN2CCN=CCC1,QBEVZMLPIDDECJ-UHFFFAOYSA-N,True,True,True,388.475,2.9031,73.94,1,7,0,0.6934,2.714,C1=CC2=C(C=COCN=C2)NN=C2N=CC(=C1)C=CC1=CCN2CCN=CCC1,11,False,True,True,selfies_token_mutation
CAND_a03fbbd37a,selfies,JAK2_1a53985c87,CC(F)C(C)[C@H]1NC(=O)c2c[nH]c3ncc(nc23)C2CC2CC(C#N)CNC1=O,IBLXXGXWGCLWGZ-LPERZMKRSA-N,True,True,True,398.442,1.8136,123.56,3,5,2,0.7118,4.719,O=C1CNC(=O)c2c[nH]c3ncc(nc23)C2CC2CCCN1,14,True,False,True,selfies_token_mutation
CAND_dba0ecec92,selfies,JAK2_1a53985c87,CC(C)(C)[C@@H](NC(=O)c1c[nH]c2ncc(C3CC3)nc12)C(=O)NN1CC(C#N)C1,KCJPVCALHFCHHQ-INIZCTEOSA-N,True,True,True,395.467,1.4664,126.8,3,6,5,0.7035,3.128,O=C(CNC(=O)c1c[nH]c2ncc(C3CC3)nc12)NN1CCC1,6,False,False,True,selfies_token_mutation
CAND_1789512dac,selfies,JAK2_1a53985c87,CC(C)(C)[C@H](C(=O)N1CC(C#N)C1)N1CC(CCN)=CN=CC1C=O,HGNHPNQVBWPHKC-LYKKTTPLSA-N,True,True,True,345.447,0.5697,102.79,1,6,5,0.7339,2.625,O=C(CN1CC=CN=CC1)N1CCC1,7,False,False,True,selfies_token_mutation
CAND_1f3769e424,selfies,JAK2_1a53985c87,C=NC(C)(C)[C@H]1NC(=O)C2=CNC(=NC=C(N)C3=NC3)C21C(=O)N1CC(C#N)C1,WTPYOKYRLPTNPN-NYRJJRHWSA-N,True,True,True,394.439,-0.9273,148.33,3,7,5,0.5154,3.372,O=C1NCC2(C(=O)N3CCC3)C1=CNC2=NC=CC1=NC1,5,False,False,True,selfies_token_mutation
CAND_3a5ce7beec,selfies,JAK2_1a53985c87,CC(C)(CS)[C@@H](NC(N)c1c[nH]c2ncc(C3CC3)nc12)C(=O)N1CC(C#N)C1,HALJWSQDXIZADY-BHWOMJMDSA-N,True,True,True,413.551,1.6888,123.72,4,7,7,0.4045,3.728,O=C(CNCc1c[nH]c2ncc(C3CC3)nc12)N1CCC1,6,False,False,True,selfies_token_mutation
CAND_d6bac24f33,selfies,JAK2_1a53985c87,CC(C)(F)C[C@@H](NC(=O)C=CNSc1cnc(C2CC2)cn1)C(=O)N1CC(C#N)C1,LBTUVOPAPLCRTR-OAHLLOKOSA-N,True,True,True,432.525,2.0694,111.01,2,7,9,0.4539,3.583,O=C(C=CNSc1cnc(C2CC2)cn1)NCC(=O)N1CCC1,6,False,False,True,selfies_token_mutation
CAND_dd51876fa8,selfies,JAK2_1a53985c87,CC=CN=CNC=CC(=O)N[C@@H](C=O)C(C)(C)C,VDHYAAWJFNXVSP-NSHDSACASA-N,True,True,True,251.33,1.3814,70.56,2,3,6,0.3241,2.0,,0,False,False,True,selfies_token_mutation
CAND_95cea066ad,selfies,JAK2_1a53985c87,CC(C)(C)[C@H](CC=O)NC(=O)C=CNC=NCl,ISEGPPTYGROOEW-VIFPVBQESA-N,True,True,True,259.737,1.3917,70.56,2,3,6,0.3278,2.0,,0,False,False,True,selfies_token_mutation
CAND_43ad34cb2a,selfies,JAK2_1a53985c87,CC(C)(C)[C@H](C=O)NC(=O)c1c[nH]c2ncc(C3CC3)nc12,XIODIKXVIFIQNT-LBPRGKRZSA-N,True,True,True,300.362,2.1787,87.74,2,4,4,0.8471,2.5,c1cc2nc(C3CC3)cnc2[nH]1,6,False,False,True,selfies_token_mutation
CAND_e9b35bb4a5,selfies,JAK2_1a53985c87,CC(C)(C)[C@@H]1N=C2C(=CNC2=NC=CC2CC2)C(=O)N1,DAMUMOAKYUSFMF-CQSZACIVSA-N,True,True,True,272.352,1.7387,65.85,2,3,2,0.8038,2.25,O=C1NCN=C2C1=CNC2=NC=CC1CC1,6,False,False,True,selfies_token_mutation
CAND_f5d2b2c9c5,selfies,JAK2_1a53985c87,CC(=CN=CNC=CC(=O)N[C@@H](OC=O)C(C)(C)C)CN(C)N,DTBCVNPSSXZIPL-AWEZNQCLSA-N,True,True,True,325.413,0.4887,109.05,3,6,9,0.1082,2.375,,0,False,False,True,selfies_token_mutation
CAND_c0269e304d,selfies,JAK2_523a543e49,CC=C(C=C(C=COC)c1cnc2[nH]cc(C(=O)N[C@H](C)C(=O)C3CC(C#N)C3)c2n1)OC,FJPKMTYBSLLXQG-HPUBIQBYSA-N,True,True,True,449.511,3.2888,129.99,2,7,9,0.4436,3.678,O=C(NCC(=O)C1CCC1)c1c[nH]c2nccnc12,6,False,False,True,selfies_token_mutation
CAND_efcc99d5da,selfies,JAK2_523a543e49,COC1=C(OC)C23N=C2C(OC=O)=CNC=NC=CC(=C1)C=CO3,REUOGBUKQXHPAC-UHFFFAOYSA-N,True,True,True,329.312,1.2716,90.74,1,8,4,0.7813,3.95,C1=CC23N=C2C=CNC=NC=CC(=C1)C=CO3,13,True,False,True,selfies_token_mutation
CAND_c9640dfede,selfies,JAK2_523a543e49,COC=CC(=CC(OC)OCCl)c1cnc2[nH]cc(C(=O)N[C@H](C)C(=O)OCC(C)C#N)c2n1,CYCDBAVZBCBJJR-TXKKKEFDSA-N,True,True,True,491.932,2.508,148.45,2,9,12,0.15,4.539,c1cnc2[nH]ccc2n1,6,False,False,True,selfies_token_mutation
CAND_ba035cc35a,selfies,JAK2_523a543e49,COC1=C(OC)C2OC=CC1C=CN=CNC=C2C(=O)N=CC(=O)N1CC(C#N)C1,NMTXLPGNLOLQKU-UHFFFAOYSA-N,True,True,True,411.418,0.628,125.61,1,8,4,0.6725,3.591,O=C(N=CC(=O)N1CCC1)C1=CNC=NC=CC2C=COC1C=C2,11,False,True,True,selfies_token_mutation
CAND_1efa6c7116,selfies,JAK2_523a543e49,COC1=C(OC)C(C=CN=CNC=CC=O)C=COC1,DITWLGFYRROSBZ-UHFFFAOYSA-N,True,True,True,278.308,1.4951,69.15,1,5,7,0.3306,2.375,C1=CCOC=CC1,7,False,False,True,selfies_token_mutation
CAND_f67c5e1946,selfies,JAK2_523a543e49,CN=C=CNC(=O)[C@@H](C)NC(=O)C(C=N)=CNC=NC=CC(C=COC)=CC(=COC)OC,JKPMOQKVTKHADC-QGZVFWFLSA-N,True,True,True,458.519,1.3063,146.49,4,8,14,0.1015,3.353,,0,False,False,True,selfies_token_mutation
CAND_c9d7dfb4e4,selfies,JAK2_523a543e49,COC1=CC2N=c3[nH]cc(C(=O)N[C@H](C)C(=O)N4CC(C#N)C4)c3=NC2=COC1,PDSDCXAVLZHHSN-IAPIXIRKSA-N,True,True,True,396.407,-0.8617,132.17,2,7,4,0.6834,3.258,O=C(NCC(=O)N1CCC1)c1c[nH]c2c1=NC1=COCC=CC1N=2,7,False,False,True,selfies_token_mutation
CAND_443c26524f,selfies,JAK2_523a543e49,COC=CCC=C(C=CN=C1NC=C(C(=O)N[C@H](C)C(=O)N2CC(C#N)C2)C1=N)C=COC,GDOXHCDKEQRUTI-MRXNPFEDSA-N,True,True,True,452.515,1.5288,139.9,3,7,10,0.3392,3.57,N=C1NC=C(C(=O)NCC(=O)N2CCC2)C1=N,5,False,False,True,selfies_token_mutation
CAND_50e0922847,selfies,JAK2_523a543e49,C=CC1(OC)C2C=CN=c3[nH]cc(C(=O)N[C@H](C)N(O)N4CC(C#N)C4)c3=NC1OC=C2,NBFNGTNXSOIMDO-AUPFEXFTSA-N,True,True,True,439.476,-0.024,138.57,3,9,6,0.3215,4.747,O=C(NCNN1CCC1)c1c[nH]c2c1=NC1CC(C=CN=2)C=CO1,9,False,True,True,selfies_token_mutation
CAND_ce6bc6de1f,selfies,JAK2_523a543e49,COC=C1C(OC)=CC(OC)C=C1c1cnc2[nH]cc(C(=O)N[C@H](C)C(=O)N3CC(C#N)C3)c2n1,WXHPDAIEQNGIBZ-AFYYWNPRSA-N,True,True,True,478.509,1.5308,142.46,2,8,7,0.5707,4.089,C=C1C=CCC=C1c1cnc2[nH]cc(C(=O)NCC(=O)N3CCC3)c2n1,6,False,False,True,selfies_token_mutation
CAND_f3fd3d5ca2,selfies,JAK2_523a543e49,COC=CC(=CC(C=COC)ON)C=C1N=CNC=C(C(=O)NN[C@H](C)C(=O)N2CC(C#N)C2)C=N1,MMYFZCOMDYSYOF-QRIPLOBPSA-N,True,True,True,498.544,-0.0892,175.69,4,11,11,0.1723,4.7,C=C1N=CNC=C(C(=O)NNCC(=O)N2CCC2)C=N1,8,False,True,True,selfies_token_mutation
CAND_560b7ff0ed,selfies,JAK2_cd0ef0dc7c,CS(=O)(=O)c1ccc(-c2ccc[nH]nc(Nc3cccc(N4CCOCC4)c3)nc2)cc1,LBKBSYDPVCZBBB-UHFFFAOYSA-N,True,True,True,451.552,3.5798,100.21,2,7,5,0.6115,3.689,c1ccc(-c2ccc[nH]nc(Nc3cccc(N4CCOCC4)c3)nc2)cc1,9,False,True,True,selfies_token_mutation
CAND_4b5f710216,selfies,JAK2_cd0ef0dc7c,CC1C(=CC=CC2=CC=CS(=O)(=O)CC2N)NN=C1N1CC=CC(=CN)NCCOCC1,AORFFJFTXLAILP-UHFFFAOYSA-N,True,True,True,460.604,0.4532,135.07,4,9,2,0.4666,3.614,C=C1C=CCN(C2=NNC(=CC=CC3=CC=CS(=O)(=O)CC3)C2)CCOCCN1,11,False,True,True,selfies_token_mutation
CAND_cd0ef0dc7c,selfies,JAK2_cd0ef0dc7c,CS(=O)(=O)c1ccc(-c2cccn3nc(Nc4cccc(N5CCOCC5)c4)nc23)cc1,KCFIWVSFAVCRGS-UHFFFAOYSA-N,True,True,False,449.536,3.38,88.83,1,7,5,0.4996,3.378,c1ccc(-c2cccn3nc(Nc4cccc(N5CCOCC5)c4)nc23)cc1,6,False,False,True,selfies_token_mutation
CAND_2563943cd0,selfies,JAK2_cd0ef0dc7c,C=CC12C(=C=CC3=C1C=CS(=O)(=O)C3)NN=C2Nc1cccc(N2CCOCC2)c1,JJSWAMRABSXWEM-UHFFFAOYSA-N,True,True,True,422.51,2.3155,83.03,2,7,3,0.5747,3.228,O=S1(=O)C=CC2=C(C=C=C3NN=C(Nc4cccc(N5CCOCC5)c4)C32)C1,6,False,False,True,selfies_token_mutation
CAND_2872c59cd7,selfies,JAK2_cd0ef0dc7c,CS(=O)(=O)c1ccc(C=c2ccn3nc(Nc4cccc(N5CCOCC5)c4)nc23)cc1,WANSPNCFHIPTRE-UHFFFAOYSA-N,True,True,True,449.536,2.2607,88.83,1,7,5,0.4999,3.378,C(c1ccccc1)=c1ccn2nc(Nc3cccc(N4CCOCC4)c3)nc12,6,False,False,True,selfies_token_mutation
CAND_7687f8e564,selfies,JAK2_cd0ef0dc7c,NC1=CC(c2cccn3nc(Nc4cccc(N5CCOCC5)c4)nc23)=CC=CS(=O)(=O)C1,APGSFHAFSNPNNL-UHFFFAOYSA-N,True,True,True,464.551,2.4776,114.85,2,8,4,0.6052,3.836,O=S1(=O)C=CC=C(c2cccn3nc(Nc4cccc(N5CCOCC5)c4)nc23)C=CC1,8,False,True,True,selfies_token_mutation
CAND_f31c90b6e2,selfies,JAK2_cd0ef0dc7c,C=NC(=NC=CCOC(C)=CC=CS(C)(=O)=O)Nc1cccc(N2CCOCC2)c1,ROPPUUXTPJKAOO-UHFFFAOYSA-N,True,True,True,432.546,2.9841,92.59,1,6,8,0.2938,2.959,c1ccc(N2CCOCC2)cc1,6,False,False,True,selfies_token_mutation
CAND_4bb2c766ac,selfies,JAK2_cd0ef0dc7c,CC1=CC(=CS(C)(=O)=O)C2(C)C(=C1)C=CNN=C2N=CC=CC(=CN)NCCF,FSVULEHFXRVBTM-UHFFFAOYSA-N,True,True,True,419.526,2.2241,108.94,3,7,6,0.4518,2.886,C=C1C=CC=C2C=CNN=CC12,7,False,False,True,selfies_token_mutation
CAND_78742d3bb4,selfies,JAK2_cd0ef0dc7c,C=COCCNC1C=CC=CNC=NNC=CC1=CC=CC=CS(C)(=O)=O,RWJKGJPNJWPDHE-UHFFFAOYSA-N,True,True,True,390.509,1.8653,91.82,3,7,8,0.3329,3.925,C=C1C=CNN=CNC=CC=CC1,12,True,False,True,selfies_token_mutation
CAND_9dd2ff53aa,selfies,JAK2_d7634eac48,COc1ccccc1C=CC1=CC=NC(N2C=CC=CC(NCCN3CN3)=C2)=NN1,FOHQXJPVVAYRTK-UHFFFAOYSA-N,True,True,True,403.49,2.1315,86.2,3,8,7,0.605,3.422,C1=CC(NCCN2CN2)=CN(C2=NNC(C=Cc3ccccc3)=CC=N2)C=C1,7,False,False,True,selfies_token_mutation
CAND_6c87089749,selfies,JAK2_d7634eac48,CN1CCN(c2cccc(Nc3nccccc4n(n3)CON=CC=CC=C4)c2)CC1,CHDHYQVJDYACQL-UHFFFAOYSA-N,True,True,True,417.517,3.4408,70.81,1,7,3,0.825,3.25,C1=CC=NOCn2nc(Nc3cccc(N4CCNCC4)c3)nccccc2C=C1,10,False,True,True,selfies_token_mutation
CAND_e456e84e74,selfies,JAK2_d7634eac48,CNOc1ccccc1-c1cc2c3cnc(nn13)NC1=CC=CCS23CCN(C)CC3=C1,XGLGZOYXWPDULI-UHFFFAOYSA-N,True,True,True,446.58,3.7815,66.72,2,6,3,0.5972,3.862,C1=CCS23CCNCC2=CC(=C1)Nc1ncc2c3cc(-c3ccccc3)n2n1,10,False,True,True,selfies_token_mutation
CAND_a4790d534e,selfies,JAK2_d7634eac48,COc1ccccc1-c1c2cc3n1NC1=C(C=C=CNN2CN=C3)N2CCN(C)CC12,CCKYRZNTPKRMDG-UHFFFAOYSA-N,True,True,True,415.501,1.9318,60.3,2,7,2,0.7314,3.564,C1=CNN2CN=Cc3cc2c(-c2ccccc2)n3NC2=C(C=1)N1CCNCC21,11,False,True,True,selfies_token_mutation
CAND_8e1f1bf521,selfies,JAK2_d7634eac48,FCOC=CNC1=NN2COc3c(cccc32)C=CC=CC=N1,XBVFAGWLQDATRL-UHFFFAOYSA-N,True,True,True,314.32,2.7721,58.45,1,6,3,0.8717,3.325,C1=CC=NC=NN2COc3c(cccc32)C=C1,12,True,False,True,selfies_token_mutation
CAND_e26332d2f0,selfies,JAK2_d7634eac48,CN1CCN(c2cccc(Nc3nccccc4n(n3)COC=CC=C=C4)c2)CC1,COTLBTJBOHVCQR-UHFFFAOYSA-N,True,True,True,402.502,3.5676,58.45,1,6,3,0.7925,3.167,C1=CC=COCn2nc(Nc3cccc(N4CCNCC4)c3)nccccc2C=1,9,False,True,True,selfies_token_mutation
CAND_3ae3c455a5,selfies,JAK2_d7634eac48,COc1ccccc1-c1ccc2cnc(Nc3cccc(N4CCN(C)NC4)c3)nn12,IUPWVJZILMSAOE-UHFFFAOYSA-N,True,True,True,415.501,3.3624,69.96,2,7,5,0.5179,3.189,c1ccc(-c2ccc3cnc(Nc4cccc(N5CCNNC5)c4)nn23)cc1,6,False,False,True,selfies_token_mutation
CAND_2a3eff304d,selfies,JAK2_d7634eac48,COc1ccccc1C=CC1=C=NC(Nc2cccc(N3CCN(C)CC3)c2)=NN1,PZOAKBOLHJNJNL-UHFFFAOYSA-N,True,True,True,402.502,3.0001,64.49,2,7,5,0.8051,2.917,C1=NC(Nc2cccc(N3CCNCC3)c2)=NNC=1C=Cc1ccccc1,6,False,False,True,selfies_token_mutation
CAND_564811f921,selfies,JAK2_d7634eac48,CCN(C)CCC1=C(N)N(C2N=CC=C(C=Cc3ccccc3OCl)N2)C=CC=C1,LLWOSCGPBCQYOD-UHFFFAOYSA-N,True,True,True,425.964,3.9715,66.12,2,6,8,0.6592,3.422,C1=CC=CN(C2N=CC=C(C=Cc3ccccc3)N2)C=C1,7,False,False,True,selfies_token_mutation
CAND_c13406d6f1,selfies,JAK2_d7634eac48,COc1ccccc1C=C1C=C(CNc2cccc(N3CCN(C)CC3)c2)NN1,WNCYIROQAYRSMJ-UHFFFAOYSA-N,True,True,True,391.519,2.8917,51.8,3,6,6,0.7041,2.981,C(=C1C=C(CNc2cccc(N3CCNCC3)c2)NN1)c1ccccc1,6,False,False,True,selfies_token_mutation
CAND_8f55b07da4,selfies,JAK2_d7634eac48,FC=CNC1=NNNCOc2ccccc2C=CC=CC=N1,JYNXQZHTXOPYSR-UHFFFAOYSA-N,True,True,True,301.325,2.0722,70.04,3,6,1,0.7425,2.825,C1=CC=NC=NNNCOc2ccccc2C=C1,14,True,False,True,selfies_token_mutation
CAND_0bc5961c42,selfies,JAK2_0a1653190d,O=CNC=CC=C1C=C(Cl)C(=C(Cl)C=CF)NP1,GCRWWWXCLKGHGM-UHFFFAOYSA-N,True,True,True,307.092,3.383,41.13,2,2,4,0.6173,2.0,C=C1C=CC(=C)PN1,6,False,False,True,selfies_token_mutation
CAND_dc686ebc14,selfies,JAK2_0a1653190d,C=C1C=NC=CC1=NC(=CC=CNC=O)Nc1c(Cl)cc(F)cc1Cl,UHZGOYHRPWCWLP-UHFFFAOYSA-N,True,True,True,379.222,4.2408,65.85,2,4,6,0.5737,2.412,C=C(N=C1C=CN=CC1=C)Nc1ccccc1,6,False,False,True,selfies_token_mutation
CAND_8d1817ed9a,selfies,JAK2_0a1653190d,O=CNC1=CC=C(N=C(Cl)C=C(F)C=CCl)C2C=CN=CC2=C1,LWKPWFJGDOBEFX-UHFFFAOYSA-N,True,True,True,352.196,3.8977,53.82,1,3,5,0.4555,2.387,C1=CC=C2C=NC=CC2C=C1,7,False,False,True,selfies_token_mutation
CAND_b06b20e620,selfies,JAK2_0a1653190d,O=CNC=CCOPNc1c(Cl)cc(F)cc1Cl,YCMHHUUFOUTSMH-UHFFFAOYSA-N,True,True,True,311.08,3.3292,50.36,2,3,7,0.4612,2.375,c1ccccc1,6,False,False,True,selfies_token_mutation
CAND_3a3bad5f65,selfies,JAK2_0a1653190d,Nc1cc(F)cc(Cl)c1NC1=CC(=CNC=O)C=C2C=NC=CC21,SWOAWQGMZHWGAM-UHFFFAOYSA-N,True,True,True,344.777,3.1413,79.51,3,4,4,0.5796,2.5,C=C1C=C2C=NC=CC2C(Nc2ccccc2)=C1,6,False,False,True,selfies_token_mutation
CAND_8c2bb32df4,selfies,JAK2_0a1653190d,O=CNC=CC=C(Cl)NC=C(Cl)C=CNCF,LBKBWPSBZOSNPD-UHFFFAOYSA-N,True,True,True,280.13,2.0264,53.16,3,3,8,0.3621,2.0,,0,False,False,True,selfies_token_mutation
CAND_5c7921c640,selfies,JAK2_0a1653190d,O=c1cc2cnccc2nc(Nc2c(Cl)cc(F)cc2Cl)ccc[nH]1,CIPFVHVXDBHKEW-UHFFFAOYSA-N,True,True,True,377.206,4.632,70.67,2,4,2,0.6832,2.651,O=c1cc2cnccc2nc(Nc2ccccc2)ccc[nH]1,10,False,True,True,selfies_token_mutation
CAND_a09c731743,selfies,JAK2_0a1653190d,O=CNCC=C(F)Nc1c(Cl)cc(F)cc1Cl,LHYZIXXAZHAKLB-UHFFFAOYSA-N,True,True,True,281.089,3.1013,41.13,2,2,5,0.4944,1.875,c1ccccc1,6,False,False,True,selfies_token_mutation
CAND_c3fc4c0133,selfies,JAK2_0a1653190d,O=CNC=CC=C(N=C1C=CN=C=N1)Nc1c(Cl)cc(F)cc1Cl,QNYFUNDMALFCFW-UHFFFAOYSA-N,True,True,True,366.183,3.7452,78.21,2,4,6,0.5943,2.34,C=C(N=C1C=CN=C=N1)Nc1ccccc1,6,False,False,True,selfies_token_mutation
CAND_9460f44f81,selfies,JAK2_0a1653190d,Fc1cc(Cl)c(Nc2nc3ccncc3c3c2C=CNC3)c(Cl)c1,BCXIDQMCYJXDIK-UHFFFAOYSA-N,True,True,True,361.207,4.8932,49.84,2,4,2,0.6822,2.312,C1=Cc2c(Nc3ccccc3)nc3ccncc3c2CN1,6,False,False,True,selfies_token_mutation
CAND_34eb768b78,selfies,JAK2_1f52d2b5fb,Cc1cc(F)ccc1C(=O)N1CCNC(N(N)C2=NNCC=C2)(n2cccc2)C1=N,RWNUPFRTEXLAKN-UHFFFAOYSA-N,True,True,True,410.457,0.9174,114.77,4,7,3,0.4438,2.961,N=C1N(C(=O)c2ccccc2)CCNC1(NC1=NNCC=C1)n1cccc1,6,False,False,True,selfies_token_mutation
CAND_acdcf68c51,selfies,JAK2_1f52d2b5fb,O=C(Cc1ccc(F)cc1)N1CCN(C2=NNCC=CN(C3C=CCN3)C=N2)CC1,AYKYQMJVGQSXOR-UHFFFAOYSA-N,True,True,True,411.485,0.7161,75.57,2,7,3,0.7172,3.467,O=C(Cc1ccccc1)N1CCN(C2=NNCC=CN(C3C=CCN3)C=N2)CC1,9,False,True,True,selfies_token_mutation
CAND_f57da70d7b,selfies,JAK2_1f52d2b5fb,Cc1cc(Nc2nc(N3CCN(C(=O)Cc4ccc(F)cc4)CN3)nn3cccc23)n[nH]1,GOZRPQOCSWOWLW-UHFFFAOYSA-N,True,True,True,435.467,1.9969,106.48,3,7,5,0.4402,3.3,O=C(Cc1ccccc1)N1CCN(c2nc(Nc3cc[nH]n3)c3cccn3n2)NC1,6,False,False,True,selfies_token_mutation
CAND_19676fd543,selfies,JAK2_1f52d2b5fb,CC=C1NN=C1NC=NC1CC(=Nn2cccc2)N(CCNC(=O)Cc2ccc(F)cc2)O1,MKWHJYYEXAOWHV-UHFFFAOYSA-N,True,True,True,452.494,1.5495,107.64,3,6,8,0.4162,3.819,C=C1NN=C1NC=NC1CC(=Nn2cccc2)N(CCNC(=O)Cc2ccccc2)O1,6,False,False,True,selfies_token_mutation
CAND_5b9921072e,selfies,JAK2_1f52d2b5fb,CCN(CCNC1=Nn2cccc2N(C2=NNCC=C2)C=N1)C(=O)CC=CC=C(F)F,QCTABOVHTLMTTH-UHFFFAOYSA-N,True,True,True,430.463,2.0932,89.62,2,7,7,0.6486,3.072,C1=CC(N2C=NC=Nn3cccc32)=NNC1,7,False,False,True,selfies_token_mutation
CAND_f7c35d4742,selfies,JAK2_1f52d2b5fb,CCN(CCNC(=Cn1cccc1)N=CNC1=NNCC=C1)C(=O)CC=C(C)CF,ZVFXPTVEKAKWIV-UHFFFAOYSA-N,True,True,True,415.517,2.0788,86.05,3,5,11,0.2935,3.239,C1=CC(NC=NC=Cn2cccc2)=NNC1,6,False,False,True,selfies_token_mutation
CAND_ba33c2848f,selfies,JAK2_1f52d2b5fb,CC=CC1NN(C)c2cccn2N=C1N1CCN(C(=O)CC2=CC=C(F)[SH]=C2)CC1,JEUKSOUOBWVMJE-UHFFFAOYSA-N,True,True,True,430.553,2.1017,56.11,2,5,3,0.4382,3.073,O=C(CC1=CC=C[SH]=C1)N1CCN(C2=Nn3cccc3NNC2)CC1,7,False,False,True,selfies_token_mutation
CAND_4f50a6dd47,selfies,JAK2_1f52d2b5fb,N=C1N(C=O)CCNC2N=CNC3C=CC1(N3)c1cccn12,LXDOTMUUVXXUKU-UHFFFAOYSA-N,True,True,True,299.338,-0.7046,97.54,4,6,1,0.4069,3.375,N=C1NCCNC2N=CNC3C=CC1(N3)c1cccn12,9,False,True,True,selfies_token_mutation
CAND_1f99ce4c04,selfies,JAK2_1f52d2b5fb,O=C(Cc1ccc(F)cc1)N1CCN2C3N=CNC4(C=CC4)C(=C=CN3)C2C1,QSLMKVWBPLKMFG-UHFFFAOYSA-N,True,True,True,379.439,1.137,59.97,2,5,2,0.5977,3.864,O=C(Cc1ccccc1)N1CCN2C3N=CNC4(C=CC4)C(=C=CN3)C2C1,8,False,True,True,selfies_token_mutation
CAND_4b1e11da86,selfies,JAK2_1f52d2b5fb,O=CN1CCN(c2nc(NS3=NNCC=C3)c3cccn3n2)CCc2cc(F)ccc2C1,HLXILEYYADQXNE-UHFFFAOYSA-N,True,True,True,454.535,2.0502,90.16,2,7,4,0.5868,4.031,C1=CS(Nc2nc(N3CCNCc4ccccc4CC3)nn3cccc23)=NNC1,9,False,True,True,selfies_token_mutation
CAND_243c2621c0,selfies,JAK2_1f52d2b5fb,O=C(Cc1ccc(F)cc1)N1CCN(C(N=CNc2[nH][nH]c2O)=NNC2C=CCO2)CC1,IHTNUNUDRFWROV-UHFFFAOYSA-N,True,True,True,444.471,0.7877,133.37,5,5,6,0.1936,3.525,O=C(Cc1ccccc1)N1CCN(C(N=CNc2c[nH][nH]2)=NNC2C=CCO2)CC1,6,False,False,True,selfies_token_mutation
CAND_2e35a5f8f3,selfies,JAK2_33518fcb72,C[C@H](O)CNC1CCC(C=C2C=CC(NCN=CC=C3C=C(C=C=NC=CC=CN(C)S(C)=O)ON3N)=C2)C1,BRWSWODTQCPYNX-FSTGDUGRSA-N,True,True,True,553.733,2.4908,127.81,4,9,13,0.1568,5.382,C1=CC(=CC=NCNC2=CC(=CC3CCCC3)C=C2)NO1,5,False,False,True,selfies_token_mutation
CAND_844a182024,selfies,JAK2_33518fcb72,CN(SC=O)c1ccccc1C1=CC=CC=NCNC2=CC=CC3CCN(C2)C1[C@@H](O)C3,MDDXIPKJOCUWOU-WDEWVQCLSA-N,True,True,True,450.608,3.4275,68.17,2,7,4,0.5412,5.259,C1=CC=C(c2ccccc2)C2CCC3C=CC=C(CN2CC3)NCN=C1,12,True,False,True,selfies_token_mutation
CAND_0c15db5fa7,selfies,JAK2_33518fcb72,CC1=CC(Nc2ncc3ccc(-c4ccccc4N(C)S(C)(=O)=O)n3n2)=CCC12CCNC([C@H](C)O)C2,PREKJMDOMFXYIX-VSRNOXKVSA-N,True,True,True,522.675,3.5571,111.86,3,7,6,0.4539,4.659,C1=CC2(CC=C1Nc1ncc3ccc(-c4ccccc4)n3n1)CCNCC2,6,False,False,True,selfies_token_mutation
CAND_7dbeb311de,selfies,JAK2_33518fcb72,C=CC(CCNC[C@H](C)O)c1ccc(Nc2ncc3ccc(-c4ccccc4N(C)S(C)(=O)=O)n3n2)cc1,TZMBPNQAWJUGCN-BGERDNNASA-N,True,True,True,534.686,4.1658,111.86,3,7,12,0.1848,5.026,c1ccc(Nc2ncc3ccc(-c4ccccc4)n3n2)cc1,6,False,False,True,selfies_token_mutation
CAND_862983251d,selfies,JAK2_33518fcb72,CN(c1ccccc1-c1ccc2cnc(Nc3ccc(C4CCN(C[SH](C)O)CC4)cc3)nn12)S(C)(=O)=O,DCRFMNPKRPEOOV-UHFFFAOYSA-N,True,True,True,554.742,4.7766,103.07,3,7,8,0.2695,4.587,c1ccc(-c2ccc3cnc(Nc4ccc(C5CCNCC5)cc4)nn23)cc1,6,False,False,True,selfies_token_mutation
CAND_4edbb30079,selfies,JAK2_33518fcb72,C[C@H](O)CN1CCC(c2ccc(NC3=NN4OC(c5ccccc5N(C)SC=O)=CC=C4C=N3)cc2)CC1,HNILMONBCFCXFO-FQEVSTJZSA-N,True,True,True,532.67,4.4609,93.0,2,10,8,0.3804,4.465,C1=NC(Nc2ccc(C3CCNCC3)cc2)=NN2OC(c3ccccc3)=CC=C12,6,False,False,True,selfies_token_mutation
CAND_af34a606b5,selfies,JAK2_33518fcb72,CC(C)CN1CCC(c2ccc(Nc3ncc4ccc(-c5ccccc5N(C)S(C)(=O)=O)n4n3)cc2)CC1,LKFVIAFTBKCOTQ-UHFFFAOYSA-N,True,True,True,532.714,5.3711,82.84,1,6,8,0.3285,4.401,c1ccc(-c2ccc3cnc(Nc4ccc(C5CCNCC5)cc4)nn23)cc1,6,False,False,True,selfies_token_mutation
CAND_acc54f1c94,selfies,JAK2_33518fcb72,O[C@H]1CCCC2C=C3C=C(C=CN(CC2)C1)NCN=CC=Cc1c(-c2ccccc2NF)on13,HIBAVMGYDQVVJP-BPARTEKVSA-N,True,True,True,463.557,4.7944,77.96,3,6,2,0.5582,4.081,C1=Cc2c(-c3ccccc3)on2C2=CC3CCCCCN(C=CC(=C2)NCN=C1)CC3,11,False,True,True,selfies_token_mutation
CAND_fa79213382,selfies,JAK2_33518fcb72,CC1C=CC=C2NCN=CC=CC=C(c3ccccc3N(C)[SH](C)C=O)C([C@H](C)O)NC(C1)C2C,VOKOYSIQULQFFH-HBHYDNCDSA-N,True,True,True,496.721,4.2537,76.96,4,6,5,0.3621,5.39,C1=CC=C(c2ccccc2)CNC2CCC=CC=C(C2)NCN=C1,13,True,False,True,selfies_token_mutation
CAND_85888b7bdb,selfies,JAK2_471915c039,O=CNCc1cc2cnccc2nc1Nc1c(F)cc(F)cc1Cl,PGHHTNYMIMJQRJ-UHFFFAOYSA-N,True,True,True,348.74,3.551,66.91,2,4,5,0.6919,2.375,c1ccc(Nc2ccc3cnccc3n2)cc1,6,False,False,True,selfies_token_mutation
CAND_761731b1dc,selfies,JAK2_471915c039,O=c1[nH]ccc2c1=C=C=NC=CC=NC=2Nc1c(F)cc(F)cc1Cl,DXVKTFQGACHERL-UHFFFAOYSA-N,True,True,True,358.735,1.6877,69.61,2,4,2,0.8574,2.549,O=c1[nH]ccc2c1=C=C=NC=CC=NC=2Nc1ccccc1,10,False,True,True,selfies_token_mutation
CAND_7a816ea2c7,selfies,JAK2_471915c039,C=CNC(F)=CC(F)=CNC(Cl)=CC=CNC=O,IYJJNYJEFUMLMN-UHFFFAOYSA-N,True,True,True,275.686,2.2708,53.16,3,3,8,0.3618,2.0,,0,False,False,True,selfies_token_mutation
CAND_a45fcab069,selfies,JAK2_471915c039,FCN=C=CC(F)=CNC1=C(C=CNCOCl)SC=c2cnccc2=N1,MTRDZFJAXYHLQW-UHFFFAOYSA-N,True,True,True,397.838,2.1397,70.9,2,7,8,0.2311,2.766,C1=CSC=c2cnccc2=N1,7,False,False,True,selfies_token_mutation
CAND_152b1d9532,selfies,JAK2_471915c039,O=CNC=CC=C(N=C1C=CN=CC1=S)Nc1c(F)cc(F)cc1Cl,VYJWJCMHDMYNAY-UHFFFAOYSA-N,True,True,True,380.807,3.5402,65.85,2,5,6,0.4504,2.421,C=C(N=C1C=CN=CC1=S)Nc1ccccc1,6,False,False,True,selfies_token_mutation
CAND_788571773a,selfies,JAK2_471915c039,O=c1[nH]ccc2c1=C1C=NC=CC1NC=2Nc1c(F)cc(F)cc1Cl,CZJCYNOOSUJNFY-UHFFFAOYSA-N,True,True,True,360.751,1.2049,69.28,3,4,2,0.7537,2.56,O=c1[nH]ccc2c1=C1C=NC=CC1NC=2Nc1ccccc1,6,False,False,True,selfies_token_mutation
CAND_00d9174f1e,selfies,JAK2_471915c039,C=C1C=NC=CC1C=CC(F)=CC(F)=CNC=CC=CNC=O,CGLICWDTNQHZRK-UHFFFAOYSA-N,True,True,True,317.339,3.3404,53.49,2,3,8,0.5327,2.5,C=C1C=NC=CC1,6,False,False,True,selfies_token_mutation
CAND_6af953eecd,selfies,JAK2_471915c039,CC1=CC(F)=CN(C2=CC=C3NCC3=C3C=NC=CC23)C1Cl,IEOJZMKSKOUNNF-UHFFFAOYSA-N,True,True,True,315.779,3.5196,27.63,1,3,1,0.592,2.625,C1=CCN(C2=CC=C3NCC3=C3C=NC=CC23)C=C1,7,False,False,True,selfies_token_mutation
CAND_5d32b08369,selfies,JAK2_471915c039,O=c1[nH]ccc2c(Nc3c(F)cc(F)cc3Cl)ncccnccc12,CXQQPBBFDZGUPT-UHFFFAOYSA-N,True,True,True,360.751,4.1177,70.67,2,4,2,0.7209,2.56,O=c1[nH]ccc2c(Nc3ccccc3)ncccnccc12,10,False,True,True,selfies_token_mutation
CAND_4ff2840bcd,selfies,JAK2_471915c039,O=CNOC1=CC=C(N2C=C(F)C(F)C=C2Cl)C2C=CN=CC2=C1,ZBWJSZWKEOACHX-UHFFFAOYSA-N,True,True,True,351.74,3.1309,53.93,1,4,4,0.4808,2.76,C1=CC=C(N2C=CCC=C2)C2C=CN=CC2=C1,7,False,False,True,selfies_token_mutation
CAND_65bc0ed680,selfies,JAK2_471915c039,Cc1cc(F)cc(Cl)c1Nc1nc2ccncc2c2c(=O)[nH]ccc12,LJZDUSBVOXBDDZ-UHFFFAOYSA-N,True,True,True,354.772,4.3158,70.67,2,4,2,0.526,2.277,O=c1[nH]ccc2c(Nc3ccccc3)nc3ccncc3c12,6,False,False,True,selfies_token_mutation
CAND_a9ca27dfbb,selfies,JAK2_471915c039,NC#CC(F)=CC(F)=CNC1=CN=C=CNC(=O)C=C2C=NC=CC21,BRAMNJAEIURUDD-UHFFFAOYSA-N,True,True,True,341.321,1.4552,91.87,3,5,3,0.4122,2.625,O=C1C=C2C=NC=CC2C=CN=C=CN1,10,False,True,True,selfies_token_mutation
CAND_8db2ffa5b1,selfies,JAK2_c5ba052617,C=CC(=CCS(C)(=O)=O)c1cccn2nc(Nc3ccc(N4CCOCC4)cc3)nc12,ZQEKATKTSYTPFL-UHFFFAOYSA-N,True,True,True,439.541,2.9235,88.83,1,7,7,0.5664,3.372,c1ccn2nc(Nc3ccc(N4CCOCC4)cc3)nc2c1,6,False,False,True,selfies_token_mutation
CAND_d657c45d0a,selfies,JAK2_c5ba052617,C[SH](=O)=C1C=CNN=C(NC=C2C=C(N3CCOCC3)C=CO2)N=C1,LMBAFFMTZUSBPU-UHFFFAOYSA-N,True,True,True,363.443,-0.0807,87.55,3,8,2,0.4699,2.825,[SH]=C1C=CNN=C(NC=C2C=C(N3CCOCC3)C=CO2)N=C1,8,False,True,True,selfies_token_mutation
CAND_f13da55552,selfies,JAK2_c5ba052617,CS(=O)(=O)C=CC=c1cccc2c1=NC(Nc1ccc(N3CCOCC3)cc1)=N2,MZEXFXFMZHTTRP-UHFFFAOYSA-N,True,True,True,410.499,1.5948,83.36,1,7,4,0.8278,2.836,C=c1cccc2c1=NC(Nc1ccc(N3CCOCC3)cc1)=N2,6,False,False,True,selfies_token_mutation
CAND_b5d4c77a0b,selfies,JAK2_c5ba052617,C=Cc1cccc2[nH]nc(n3[nH]cc(n(CS(C)(=O)=O)c1)N1CCOCC1C=C3)N=C2,FUULXEFZUCPUBC-UHFFFAOYSA-N,True,True,True,443.533,2.1126,113.3,2,6,3,0.7544,4.545,C1=Cn2[nH]cc([nH]cccccc3[nH]nc2N=C3)N2CCOCC12,14,True,False,True,selfies_token_mutation
CAND_953964254c,selfies,JAK2_c5ba052617,O=S1(=O)C=C2C=CNC(=C2)C=CC=C(N=C(N=CS)Nc2ccc(N3CCOCC3)cc2)C1,ZTPPPPNBEIMVOE-UHFFFAOYSA-N,True,True,True,483.619,3.0024,95.39,3,6,3,0.3476,3.617,O=S1(=O)C=C2C=CNC(=C2)C=CC=C(N=CNc2ccc(N3CCOCC3)cc2)C1,10,False,True,True,selfies_token_mutation
CAND_c5ba052617,selfies,JAK2_c5ba052617,CS(=O)(=O)c1ccc(-c2cccn3nc(Nc4ccc(N5CCOCC5)cc4)nc23)cc1,UUVZHZJBZYONMR-UHFFFAOYSA-N,True,True,False,449.536,3.38,88.83,1,7,5,0.4996,3.378,c1ccc(-c2cccn3nc(Nc4ccc(N5CCOCC5)cc4)nc23)cc1,6,False,False,True,selfies_token_mutation
CAND_e4fd369f79,selfies,JAK2_c5ba052617,CS(=O)(=O)c1ccc(C2=CC=CN=C(NC=C3C=CC(CN4CCOCC4)=C3)N=C2)cc1,BOKRQJDISIZOLW-UHFFFAOYSA-N,True,True,True,450.564,2.7295,83.36,1,7,5,0.7459,3.684,C1=CN=C(NC=C2C=CC(CN3CCOCC3)=C2)N=CC(c2ccccc2)=C1,8,False,True,True,selfies_token_mutation
CAND_8f5ed78833,selfies,JAK2_c5ba052617,O=CCC=C1C=CC(C=C2C=CNN=C(NC=C3C=CC(NC4C=COCC4)=C3)N=C2)=C1,JDNBAHAQOUKWLV-UHFFFAOYSA-N,True,True,True,427.508,3.2025,87.11,3,7,6,0.5669,3.931,C=C1C=CC(C=C2C=CNN=C(NC=C3C=CC(NC4C=COCC4)=C3)N=C2)=C1,8,False,True,True,selfies_token_mutation
CAND_14c635d256,selfies,JAK2_c5ba052617,CS(=O)(=O)c1ccc(-c2cccn3nc(NC4=CCN(N5CCOCC5)C=C4)nc23)cc1,WCYXYMGTSKWISF-UHFFFAOYSA-N,True,True,True,452.54,2.1721,92.07,1,8,5,0.6299,3.395,C1=CN(N2CCOCC2)CC=C1Nc1nc2c(-c3ccccc3)cccn2n1,6,False,False,True,selfies_token_mutation
CAND_c5c360bc17,selfies,JAK2_ba8ed991fd,C=C1CC[C@H](C(=O)Nc2ccc(-c3ccnc(Nc4ccc(N5CCOCC5)cc4)n3)cc2)N1,YNHSBTQOMGNADE-XMMPIXPASA-N,True,True,True,456.55,3.928,91.41,3,7,6,0.5177,3.792,C=C1CC[C@H](C(=O)Nc2ccc(-c3ccnc(Nc4ccc(N5CCOCC5)cc4)n3)cc2)N1,6,False,False,True,selfies_token_mutation
CAND_41fb94dbe2,selfies,JAK2_ba8ed991fd,N[C@H](CCC=O)C(=O)c1ccc(-c2ccnc(Nc3ccc(N4CCOCC4)cc3)n2)cc1,WUQBTMUOMWKGIY-JOCHJYFZSA-N,True,True,True,445.523,3.2129,110.44,2,8,9,0.3816,3.906,c1ccc(-c2ccnc(Nc3ccc(N4CCOCC4)cc3)n2)cc1,6,False,False,True,selfies_token_mutation
CAND_221b8aac69,selfies,JAK2_ba8ed991fd,NC1=CC(c2ccnc(Nc3ccc(N4CCOCC4)cc3)n2)C=CN1C(=O)[C@@H]1CCNO1,NLSGYFKUGQHKBL-FZCLLLDFSA-N,True,True,True,449.515,1.5899,117.87,3,9,5,0.6253,3.878,O=C([C@@H]1CCNO1)N1C=CC(c2ccnc(Nc3ccc(N4CCOCC4)cc3)n2)C=C1,6,False,False,True,selfies_token_mutation
CAND_a418bad564,selfies,JAK2_ba8ed991fd,O=CCC[C@@H](NCl)C(=O)Nc1ccc(-c2ccnc(Nc3ccc(N4CCOCC4)cc3)n2)cc1,IMJOVZSVBZDHDE-HSZRJFAPSA-N,True,True,True,494.983,3.7534,108.48,3,8,10,0.2887,4.305,c1ccc(-c2ccnc(Nc3ccc(N4CCOCC4)cc3)n2)cc1,6,False,False,True,selfies_token_mutation
CAND_ba8ed991fd,selfies,JAK2_ba8ed991fd,O=C1CC[C@H](C(=O)Nc2ccc(-c3ccnc(Nc4ccc(N5CCOCC5)cc4)n3)cc2)N1,AXJKIKRRWDOPDO-JOCHJYFZSA-N,True,True,False,458.522,2.9409,108.48,3,7,6,0.5212,3.803,O=C1CC[C@H](C(=O)Nc2ccc(-c3ccnc(Nc4ccc(N5CCOCC5)cc4)n3)cc2)N1,6,False,False,True,selfies_token_mutation
CAND_a8dc294e8f,selfies,JAK2_ba8ed991fd,NC1=CC=CN(C(=O)[CH]CCC=O)C=CNc2cc(N3CCOCC3)ccc2CN=CC=C1,XTQSPAVUDAJWHR-UHFFFAOYSA-N,True,True,True,448.547,2.9152,100.26,2,7,5,0.5307,4.122,C1=CC=CNC=CNc2cc(N3CCOCC3)ccc2CN=CC=C1,15,True,False,True,selfies_token_mutation
CAND_4f9f053d4e,selfies,JAK2_ba8ed991fd,C=CC(=CCC=CNC1N=[SH]C(=CC2=CC(=CNC(=O)[C@H]3CC(C=O)N3)C=C2)N1)NC1CCOC1,LKJMWCOMBUMZCK-MKNDZYQNSA-N,True,True,True,496.637,1.0806,115.88,6,8,11,0.1441,5.19,O=C(NC=C1C=CC(C=C2NC(NC=CCC=CNC3CCOC3)N=[SH]2)=C1)[C@H]1CCN1,5,False,False,True,selfies_token_mutation
CAND_c7de5c06d8,selfies,JAK2_ba8ed991fd,O=C1CC[C@H](C(=O)Nc2ccc(-c3ccnc(Nc4ccc(N5CCONC5)cc4)n3)cc2)N1,PXQHLEJUGQZINC-OAQYLSRUSA-N,True,True,True,459.51,2.403,120.51,4,8,6,0.4436,3.808,O=C1CC[C@H](C(=O)Nc2ccc(-c3ccnc(Nc4ccc(N5CCONC5)cc4)n3)cc2)N1,6,False,False,True,selfies_token_mutation
CAND_19a182e2de,selfies,JAK2_ba8ed991fd,O=C1CC[C@H](C(=O)Nc2ccc(-c3ccnc(Nc4ccc(N5C=COCC5)cc4)n3)cc2)N1,ZAXWGVLWGGMGTC-JOCHJYFZSA-N,True,True,True,456.506,3.4121,108.48,3,7,6,0.5216,3.792,O=C1CC[C@H](C(=O)Nc2ccc(-c3ccnc(Nc4ccc(N5C=COCC5)cc4)n3)cc2)N1,6,False,False,True,selfies_token_mutation
CAND_191dbc1902,selfies,JAK2_809c0ece50,O=CNC=C1C=C2C=NC=CN2C(Nc2c(Cl)cc(C(F)(F)F)cc2Cl)=C1,FCAICNIZTXVSDL-UHFFFAOYSA-N,True,True,True,415.202,4.6505,56.73,2,4,4,0.7045,2.612,C=C1C=C2C=NC=CN2C(Nc2ccccc2)=C1,6,False,False,True,selfies_token_mutation
CAND_cf0dcf799a,selfies,JAK2_809c0ece50,O=CNC=CC=C(N=C1C=CN=CC1=CO)Nc1c(Cl)cc(C(F)(F)F)cc1Cl,OSLHCPWQFKRLKM-UHFFFAOYSA-N,True,True,True,445.228,5.0062,86.08,3,5,6,0.3272,2.782,C=C(N=C1C=CN=CC1=C)Nc1ccccc1,6,False,False,True,selfies_token_mutation
CAND_1c0ed20d99,selfies,JAK2_809c0ece50,NC#CC(=CC(Cl)=CNC1=c2cc[nH]c(=O)c2=C2C=NC=C=C2C1)C(F)(F)F,NUGDFDOTIXNVSR-UHFFFAOYSA-N,True,True,True,404.779,1.239,83.27,3,4,3,0.3067,2.429,O=c1[nH]ccc2c1=C1C=NC=C=C1CC=2,6,False,False,True,selfies_token_mutation
CAND_6ff9ed56e5,selfies,JAK2_809c0ece50,O=CNC=CC=C(Cl)NC=C(Cl)COCC(F)(F)F,TZSJYMMICRNHRH-UHFFFAOYSA-N,True,True,True,319.11,2.575,50.36,2,3,8,0.4107,2.0,,0,False,False,True,selfies_token_mutation
CAND_d4117573fd,selfies,JAK2_809c0ece50,O=c1[nH]ccc2c(NC3=C(Cl)CC(C(F)(F)F)C=C3Cl)nc3ccncc3c12,HWJGGQVHBWZFQF-UHFFFAOYSA-N,True,True,True,427.213,5.0385,70.67,2,4,2,0.5628,2.948,O=c1[nH]ccc2c(NC3=CCCC=C3)nc3ccncc3c12,6,False,False,True,selfies_token_mutation
CAND_b5605cb271,selfies,JAK2_809c0ece50,C=CC=NC=CC1=C(C=CNC=O)C(Cl)=C(CCF)C(C)=CN1,OOCYXZWZSURKJL-UHFFFAOYSA-N,True,True,True,335.81,3.6302,53.49,2,3,8,0.5255,2.25,C1=CC=CNC=C1,7,False,False,True,selfies_token_mutation
CAND_2ac12dfc4c,selfies,JAK2_809c0ece50,O=c1[nH]ccc2c(Nc3c(S)cc(C(F)(F)F)cc3Cl)nc3ccncc3c12,VYAPMWDNFDWWPU-UHFFFAOYSA-N,True,True,True,422.819,5.1758,70.67,3,5,2,0.3075,2.742,O=c1[nH]ccc2c(Nc3ccccc3)nc3ccncc3c12,6,False,False,True,selfies_token_mutation
CAND_abb5edda6d,selfies,JAK2_809c0ece50,C=C1C=NC=CC1=NC(=CC=CNC=O)NC=C(F)Cl,RHSDPIDNKFYBGQ-UHFFFAOYSA-N,True,True,True,294.717,2.2796,65.85,2,4,6,0.5829,2.0,C=C1C=NC=CC1=N,6,False,False,True,selfies_token_mutation
CAND_2248498658,selfies,JAK2_809c0ece50,O=CNC=CC=C(Cl)NOc1ccc(C(F)(F)F)cc1Cl,GHFJWQMDYKITIV-UHFFFAOYSA-N,True,True,True,341.116,3.5821,50.36,2,3,6,0.3599,2.0,c1ccccc1,6,False,False,True,selfies_token_mutation
CAND_e8c9b15cd8,selfies,JAK2_809c0ece50,FCCC(=CC(Cl)=CNC1=CC=CNOC2=C3C=NC=CC132)CCl,OVWJEQNNLCTAMC-UHFFFAOYSA-N,True,True,True,368.239,3.9656,45.65,2,4,6,0.5511,3.351,C1=CNOC2=C3C=NC=CC32C=C1,8,False,True,True,selfies_token_mutation
CAND_ae9323c917,selfies,JAK2_809c0ece50,O=CNC=C1C=CC=[SH]CC=NC(Nc2c(Cl)cc(C(F)(F)F)cc2Cl)=C1,WVBKUUVZLPJJEE-UHFFFAOYSA-N,True,True,True,436.286,4.8037,53.49,3,3,4,0.3609,2.979,C=C1C=CC=[SH]CC=NC(Nc2ccccc2)=C1,10,False,True,True,selfies_token_mutation
CAND_3e7bc300c1,selfies,JAK2_809c0ece50,C=C1C=NC=CC1C(=CC=CNC=O)NC=C(Cl)C=CCF,SFYPBCUVERQGRI-UHFFFAOYSA-N,True,True,True,321.783,3.096,53.49,2,3,8,0.533,2.5,C=C1C=NC=CC1,6,False,False,True,selfies_token_mutation
CAND_b8ca99728c,selfies,JAK2_b5896fea79,C=C1C=NC=CC1=NC1=CC=CNC(=O)C(Cl)=CC(Cl)=CN1,BBTRDZUGSDDTIC-UHFFFAOYSA-N,True,True,True,335.194,2.8591,65.85,2,4,1,0.7738,2.125,C=C1C=NC=CC1=NC1=CC=CNC(=O)C=CC=CN1,11,False,True,True,selfies_token_mutation
CAND_6a2fb55a1e,selfies,JAK2_b5896fea79,O=CNC1=CC=C(Nc2c(Cl)cc(-c3ccn[nH]3)cc2Cl)NCN=CC=C1,VAHYYTOHSDDHQY-UHFFFAOYSA-N,True,True,True,403.273,3.4544,94.2,4,5,5,0.5756,3.171,C1=CC=NCNC(Nc2ccc(-c3ccn[nH]3)cc2)=CC=C1,10,False,True,True,selfies_token_mutation
CAND_56e03535a5,selfies,JAK2_b5896fea79,C=S1CC=NC=C1C=NC(=CC=CNC=O)Nc1c(Cl)cc(-c2ccn[nH]2)cc1Cl,LETOAYNPJCVCMD-UHFFFAOYSA-N,True,True,True,461.378,4.594,94.53,3,5,8,0.2323,3.619,C=C(N=CC1=CN=CCS1=C)Nc1ccc(-c2ccn[nH]2)cc1,6,False,False,True,selfies_token_mutation
CAND_e82cb67f7d,selfies,JAK2_b5896fea79,O=c1[nH]cccc(Nc2c(Cl)cc(-c3ccn[nH]3)cc2Cl)nc2ccncc2c1O,JAABYTWBQIFHBF-UHFFFAOYSA-N,True,True,True,441.278,4.5886,119.58,4,6,3,0.3693,3.382,O=c1cc2cnccc2nc(Nc2ccc(-c3ccn[nH]3)cc2)ccc[nH]1,10,False,True,True,selfies_token_mutation
CAND_ec77a0bb2d,selfies,JAK2_b5896fea79,C=C1C=NC=CC1=NC(=CC=CNOO)Nc1c(Cl)cc(-c2ccn[nH]2)cc1Cl,NNAGSNJIAPMFSA-UHFFFAOYSA-N,True,True,True,431.283,4.74,106.92,4,7,7,0.2879,3.077,C=C(N=C1C=CN=CC1=C)Nc1ccc(-c2ccn[nH]2)cc1,6,False,False,True,selfies_token_mutation
CAND_e0bfabb1b7,selfies,JAK2_b5896fea79,O=CNC=CC=C(NCl)Nc1c(Cl)cc(-c2ccn[nH]2)cc1Cl,WYNCQAKTWNPCKJ-UHFFFAOYSA-N,True,True,True,372.643,3.6399,81.84,4,4,7,0.3397,2.501,c1ccc(-c2ccn[nH]2)cc1,6,False,False,True,selfies_token_mutation
CAND_b5896fea79,selfies,JAK2_b5896fea79,O=c1[nH]ccc2c(Nc3c(Cl)cc(-c4ccn[nH]4)cc3Cl)nc3ccncc3c12,VINIUFYOSWAWBQ-UHFFFAOYSA-N,True,True,False,423.263,4.9118,99.35,3,5,3,0.3583,2.982,O=c1[nH]ccc2c(Nc3ccc(-c4ccn[nH]4)cc3)nc3ccncc3c12,6,False,False,True,selfies_token_mutation
CAND_7c4fd38a69,selfies,JAK2_b5896fea79,O=CNC=C1C=CNC=C(Cl)C=C(CF)C1Cl,KQJHRMZCSQQTEC-UHFFFAOYSA-N,True,True,True,277.126,2.3167,41.13,2,2,3,0.6137,2.375,C=C1C=CNC=CC=CC1,9,False,True,True,selfies_token_mutation
CAND_60d03ed5de,selfies,JAK2_b5896fea79,C=CC=NC=CC=NC(=CC=CNC=O)Nc1c(Cl)cc(-c2ccn[nH]2)cc1Cl,LAFRHKWOOLBWTE-UHFFFAOYSA-N,True,True,True,429.311,4.7378,94.53,3,5,10,0.2894,3.191,c1ccc(-c2ccn[nH]2)cc1,6,False,False,True,selfies_token_mutation
CAND_a61693c47a,selfies,JAK2_b5896fea79,O=CNC=CC=C1N=c2ccncc2=C=Nc2c(C=CC=NF)cc(Cl)c(c2Cl)N1,HUDPLJPFYWVULN-UHFFFAOYSA-N,True,True,True,443.269,3.1761,91.1,2,6,5,0.5496,3.393,C=C1N=c2ccncc2=C=Nc2cccc(c2)N1,10,False,True,True,selfies_token_mutation
CAND_141bd079bb,selfies,JAK2_b5896fea79,C=C1NCC(=CC=CNC=O)NC=C(Cl)c2cc1n[nH]2,HMDWFPAKCQIJKU-UHFFFAOYSA-N,True,True,True,291.742,1.254,81.84,4,4,3,0.632,2.375,C=C1CNC(=C)c2cc([nH]n2)C=CN1,10,False,True,True,selfies_token_mutation
CAND_f8200b9c51,selfies,JAK2_b5896fea79,O=CC=CC=C(N=CC=CN=CCCl)Nc1c(Cl)cc(-c2ccn[nH]2)cc1Cl,IUMKQACVVJLSMZ-UHFFFAOYSA-N,True,True,True,436.73,5.286,82.5,2,5,9,0.1842,3.25,c1ccc(-c2ccn[nH]2)cc1,6,False,False,True,selfies_token_mutation
CAND_3b7002782c,selfies,JAK2_9e9e65d6c2,CS(=O)S.O=C1NC=NCOC=CC=NC=C(CS)Oc2cccc(c2)CN1,CLRRZEWQYWCLAK-UHFFFAOYSA-N,True,True,True,442.588,2.446,101.38,4,7,1,0.3964,3.589,O=C1NC=NCOC=CC=NC=COc2cccc(c2)CN1,18,True,False,True,selfies_token_mutation
CAND_ca06dc2614,selfies,JAK2_9e9e65d6c2,CS(=O)(=O)O.NOC(NCc1cccc(O)c1)N1C=NC(c2ccncc2)S1,ZHDYMDYTIBDPES-UHFFFAOYSA-N,True,True,True,427.508,1.2456,150.37,4,10,6,0.2294,3.431,C1=NC(c2ccncc2)SN1CNCc1ccccc1,6,False,False,True,selfies_token_mutation
CAND_a5c050cb0c,selfies,JAK2_9e9e65d6c2,NC1OCCC=CC1=CCNC(=O)c1nc(-c2ccncc2)cs1.O=S(=O)(O)CF,FPNYMCGPRBJWJK-UHFFFAOYSA-N,True,True,True,456.521,1.9238,144.5,3,8,5,0.5789,3.217,O=C(NCC=C1C=CCCOC1)c1nc(-c2ccncc2)cs1,7,False,False,True,selfies_token_mutation
CAND_91a9e1b0ef,selfies,JAK2_9e9e65d6c2,CS(C)(=O)(OO)C1C=CC=CCN1C(=O)Nc1nc(-c2ccncc2)cs1,GXOOXKUFHKZSEU-UHFFFAOYSA-N,True,True,True,408.505,2.9754,104.65,2,7,4,0.5953,2.825,O=C(Nc1nc(-c2ccncc2)cs1)N1CC=CC=CC1,7,False,False,True,selfies_token_mutation
CAND_9e9e65d6c2,selfies,JAK2_9e9e65d6c2,CS(=O)(=O)O.O=C(NCc1cccc(O)c1)Nc1nc(-c2ccncc2)cs1,UJYHOKCIZXHJLJ-UHFFFAOYSA-N,True,True,False,422.488,2.7364,141.51,4,7,4,0.4736,2.653,O=C(NCc1ccccc1)Nc1nc(-c2ccncc2)cs1,6,False,False,True,selfies_token_mutation
CAND_be2079b5cb,selfies,JAK2_9e9e65d6c2,CS(=O)(=O)O.O=C(NC=NC(C=C1C=CN=[SH]C1)=CS)NCc1cccc(O)c1,BFFISYIXJONPFE-UHFFFAOYSA-N,True,True,True,458.587,1.9471,140.45,6,7,5,0.1732,2.728,C=C(C=C1C=CN=[SH]C1)N=CNC(=O)NCc1ccccc1,6,False,False,True,selfies_token_mutation
CAND_664fdb0443,selfies,JAK2_9e9e65d6c2,CS(C)=O.O=C(NCc1cccc(O)c1)Nc1nc(-c2ccncc2)cs1,GXCNTNMYBLXWKU-UHFFFAOYSA-N,True,True,True,404.517,3.2271,104.21,3,6,4,0.6193,2.553,O=C(NCc1ccccc1)Nc1nc(-c2ccncc2)cs1,6,False,False,True,selfies_token_mutation
CAND_04222779cf,selfies,JAK2_9e9e65d6c2,C[SH](=O)(O)Cl.O=C(NCC=CC=CF)Nc1nc(-c2ccncc2)cs1,ILSAJPMGNCFIPN-UHFFFAOYSA-N,True,True,True,420.919,3.6257,104.21,4,5,5,0.3357,2.519,c1cc(-c2cscn2)ccn1,6,False,False,True,selfies_token_mutation
CAND_3e5be9d659,selfies,JAK2_9e9e65d6c2,CS(=O)(=O)O.NOC(NCc1cccc(O)c1)Nc1nc(-c2ccncc2)cs1,IURKLQBTBAHMRT-UHFFFAOYSA-N,True,True,True,439.519,1.7903,159.69,5,10,7,0.2085,3.372,c1ccc(CNCNc2nc(-c3ccncc3)cs2)cc1,6,False,False,True,selfies_token_mutation
CAND_b8814b4a81,selfies,JAK2_9e9e65d6c2,O=C(NCC=CC1=CC=NCOC1)N1C=Nc2ccncc2CS1.O=C(O)O,ZYOWSJJKOKHHHM-UHFFFAOYSA-N,True,True,True,405.436,2.6783,136.71,3,7,3,0.6576,2.433,O=C(NCC=CC1=CC=NCOC1)N1C=Nc2ccncc2CS1,7,False,False,True,selfies_token_mutation
CAND_a1a4ca2e87,selfies,JAK2_9e9e65d6c2,CS(=O)(=O)O.Oc1cccc(CNCN=NC(=CS)c2ccncc2)c1,WMHYEKRNQJMQHL-UHFFFAOYSA-N,True,True,True,396.494,2.7189,124.24,4,8,6,0.2575,2.508,C=C(N=NCNCc1ccccc1)c1ccncc1,6,False,False,True,selfies_token_mutation
CAND_9ff6ebb055,selfies,JAK2_fd8b24dad5,Cc1cc(Nc2nc(N[C@@H](C)c3ccc(F)cc3)c(C#N)cc2F)n[nH]1,SUNXHXDJOIXABJ-NSHDSACASA-N,True,True,False,354.364,4.1797,89.42,3,5,5,0.6395,2.649,c1ccc(CNc2cccc(Nc3cc[nH]n3)n2)cc1,6,False,False,True,selfies_token_mutation
CAND_e7fc90d7ac,selfies,JAK2_fd8b24dad5,CC=CC(=N[NH])NC1=NC(N[CH]N(C)c2ccc(F)cn2)=C(C#N)C1F,DBZCMCUKBKZUQN-UHFFFAOYSA-N,True,True,True,358.356,1.6133,112.5,2,6,5,0.4717,2.421,[CH](NC1=CCC=N1)Nc1ccccn1,6,False,False,True,selfies_token_mutation
CAND_bc58d1ab4a,selfies,JAK2_fd8b24dad5,C=C=CC(C#N)=C(N=CNC(F)C=CC)N[C@@H](C)c1ccc(F)cn1,QVBJJDPFOSVFOQ-CWQZNGJJSA-N,True,True,True,343.381,3.4372,73.1,2,4,8,0.1442,2.75,c1ccncc1,6,False,False,True,selfies_token_mutation
CAND_08da80c6cc,selfies,JAK2_fd8b24dad5,C[C@H](Nc1c[nH]cc(F)n(C2C=CC2)cn1)c1ccc(F)cn1,RVTGJQNSJRZLOY-AMGKYWFPSA-N,True,True,True,317.343,3.6829,58.53,2,3,4,0.8457,3.25,C1=CC(n2cc[nH]cc(NCc3ccccn3)nc2)C1,8,False,True,True,selfies_token_mutation
CAND_7396cd7646,selfies,JAK2_fd8b24dad5,C[C@H](Nc1nc(NC2=NNS(C)=C2)c(F)cc1C#N)c1ccc(F)cn1,LDFSNACLHPXFBO-ZDXFGZRSSA-N,True,True,True,375.408,2.7441,98.02,3,7,4,0.7111,2.891,C1=[SH]NN=C1Nc1cccc(NCc2ccccn2)n1,6,False,False,True,selfies_token_mutation
CAND_130c814d43,selfies,JAK2_fd8b24dad5,N#CC1(N[C@@H]2CC=C(F)C=NC2)C=C(F)C2(C=CCN2)NC=N1,KTRACXBRCBQOMI-LRVUVFPRSA-N,True,True,True,318.331,0.833,84.6,3,6,2,0.6586,2.75,C1=CC[C@@H](NC2C=CC3(C=CCN3)NC=N2)CN=C1,7,False,False,True,selfies_token_mutation
CAND_23752bae34,selfies,JAK2_fd8b24dad5,CC=CC(F)n1cc[nH]cc(N[C@@H](C)c2ccc(F)cn2)nc1,QVEIREGHGBJBEE-SFVWDYPZSA-N,True,True,True,319.359,4.087,58.53,2,3,5,0.8162,3.125,c1ccc(CNc2c[nH]cc[nH]cn2)nc1,8,False,True,True,selfies_token_mutation
CAND_414250d8af,selfies,JAK2_fd8b24dad5,CC=CC1(F)C2N=CN1C=CC(C#N)C(F)=CC=C[C@H](C)NP2,UYQBQNNNEAYESF-FYZVFFDKSA-N,True,True,True,336.326,3.5466,51.42,1,4,1,0.4526,3.825,C1=CCC=CN2C=NC(C2)PNCC=C1,13,True,False,True,selfies_token_mutation
CAND_69399a780d,selfies,JAK2_fd8b24dad5,C[C@@H](C=CC=C(F)C=N)NCN=CNC1C=CC1,VOBUGAVLLBHTGD-AMGKYWFPSA-N,True,True,True,250.321,1.9276,60.27,3,3,8,0.2667,2.75,C1=CCC1,4,False,False,True,selfies_token_mutation
CAND_843c1a02d3,selfies,JAK2_fd8b24dad5,Cc1cc(NC2NC(N[C@@H](N)c3ccc(F)cn3)=C(C#N)C=C2F)n[nH]1,ZNFWDOJMEGBAHW-IURRXHLWSA-N,True,True,True,358.356,1.4291,127.47,5,7,5,0.5116,2.921,C1=CC(Nc2cc[nH]n2)NC(NCc2ccccn2)=C1,6,False,False,True,selfies_token_mutation
CAND_e1ec767a5b,selfies,JAK2_0be5e5cb2a,C=CCCCNS(=O)(=O)C(N)C=CC=CC1=CC=CC=NCNC2=CC=CN3CC1NCC3C2F,UQHNTXIAYORNRL-UHFFFAOYSA-N,True,True,True,502.66,1.775,111.85,4,7,9,0.2173,6.173,C1=CC=NCNC2=CC=CN3CC(C=C1)NCC3C2,14,True,False,True,selfies_token_mutation
CAND_fa4bb93e6b,selfies,JAK2_0be5e5cb2a,CNCCN(F)C=C1C=CC(NCN=CC=C2C=C(C=C3C=C=CC(S(=O)(=O)NC(C)(C)C)=C3)N2N)=C1,GCARWZHBSHYGSM-UHFFFAOYSA-N,True,True,True,527.67,2.558,115.09,4,8,11,0.1413,4.112,C=C1C=CC(NCN=CC=C2C=C(C=C3C=C=CC=C3)N2)=C1,6,False,False,True,selfies_token_mutation
CAND_489612085d,selfies,JAK2_0be5e5cb2a,C=CC=C(C=CC=CC1=C2C=CC(=NCNC(F)=CC=CN3CCNCC3)NN12)S(=O)(=O)NC(C)(C)C,RMJBQFNFVFLVAU-UHFFFAOYSA-N,True,True,True,529.686,2.6636,100.87,4,7,11,0.2412,4.123,C(C=CN1CCNCC1)=CNCN=C1C=CC2=CN2N1,6,False,False,True,selfies_token_mutation
CAND_a817c7640e,selfies,JAK2_0be5e5cb2a,CC(C)(C)NS(=O)(=O)C1=CC(c2ccc3n2N=C2CN4C=CC=C(NCN3)C(F)C4CN2)=C[SH]=C1,UTYHXVNWSIYTLA-UHFFFAOYSA-N,True,True,True,519.672,1.8694,102.79,5,7,3,0.3088,5.218,C1=CC(c2ccc3n2N=C2CN4C=CC=C(CC4CN2)NCN3)=C[SH]=C1,12,True,False,True,selfies_token_mutation
CAND_fc7b97ed8e,selfies,JAK2_0be5e5cb2a,CC(C)(C)NS(=O)(=O)c1cccc(-c2ccccnc3nn2CN2CCN(CC2)c2ccc(cc2F)N3)c1,SSTLDIWUUBXQTA-UHFFFAOYSA-N,True,True,True,537.665,4.1221,95.39,2,7,3,0.519,4.818,c1ccc(-c2ccccnc3nn2CN2CCN(CC2)c2ccc(cc2)N3)cc1,13,True,False,True,selfies_token_mutation
CAND_8519762a53,selfies,JAK2_0be5e5cb2a,CN1C=CC2=CC=C(NNC3=CC=CC(=NCN2)C=C(C=O)C=CC=CO3)NN(F)CC1,VBDZXDWOAWIPMH-UHFFFAOYSA-N,True,True,True,439.495,1.5808,93.26,4,9,1,0.3616,3.572,C1=CC=CC2=NCNC3=CC=C(NNCCNC=C3)NNC(=CC=C2)OC=C1,14,True,False,True,selfies_token_mutation
CAND_26af886c60,selfies,JAK2_0be5e5cb2a,C=CCCN(C)S(=O)(=O)C1=CNC(=CC=NCNC2=CC=CN3CCNC23)C=C(N)C=CC=C1,NMVZJWGMTLOCJX-UHFFFAOYSA-N,True,True,True,483.642,1.368,115.09,4,8,9,0.2892,4.367,C1=CC=CNC(=CC=NCNC2=CC=CN3CCNC23)C=CC=C1,10,False,True,True,selfies_token_mutation
CAND_4ad9338c39,selfies,JAK2_0be5e5cb2a,CC(C)(C)NS(=O)(=O)c1cccc(-c2ccc3n2N=CNCCN2C=CC=C(NCN=C3)C2F)c1,VFXYKOJXWBDLFP-UHFFFAOYSA-N,True,True,True,499.616,2.6013,103.12,3,7,3,0.5637,4.656,C1=CN2CCNC=Nn3c(ccc3-c3ccccc3)C=NCNC(=C1)C2,14,True,False,True,selfies_token_mutation
CAND_55df75b1f9,selfies,JAK2_0be5e5cb2a,CNCCN(F)C=C1C=CC(NCN=COc2ccc(-c3cccc(S(=O)(=O)NC(C)(C)C)c3)n2N)=C1,IBLKAYIKBCKDES-UHFFFAOYSA-N,True,True,True,531.658,2.6434,126.01,4,8,12,0.1436,4.259,C=C1C=CC(NCN=COc2ccc(-c3ccccc3)[nH]2)=C1,6,False,False,True,selfies_token_mutation
CAND_25c3ce317e,selfies,JAK2_0be5e5cb2a,CC(C)(C)NS(=O)(=O)CC=CC=CC1=Cc2cc(=NCNC3=CC=CN4CCCNCC4C3F)n1[nH]2,WVVWYVUXXKFFET-UHFFFAOYSA-N,True,True,True,517.675,1.819,106.55,4,6,8,0.3939,4.432,C1=CN2CCCNCC2CC(NCN=c2cc3[nH]n2C=C3)=C1,7,False,False,True,selfies_token_mutation
CAND_d33b92dfb3,selfies,JAK2_0be5e5cb2a,C=C(C=CC=CC1=CC=CC2=NCN(C(C=CF)=CC=CN3CCCNCC3)NN12)S(=O)NC(C)(C)C,UNILYNSZTNVZIJ-UHFFFAOYSA-N,True,True,True,527.714,3.6873,75.24,3,7,9,0.3974,4.112,C1=CC2=NCN(C=CC=CN3CCCNCC3)NN2C=C1,7,False,False,True,selfies_token_mutation
CAND_d7440f92f3,selfies,JAK2_21004599ab,CC(C)[C@H](CCF)Nc1nc2cc[nH]c(=O)c2c2cc(F)ccc12,BSLJRCRVVMUMBG-AWEZNQCLSA-N,True,True,True,331.366,4.0115,57.78,2,3,5,0.6946,2.625,O=c1[nH]ccc2ncc3ccccc3c12,6,False,False,True,selfies_token_mutation
CAND_7efcb67284,selfies,JAK2_21004599ab,CC(C)[C@H](CF)NC=NCC=CC(=O)CC=CCl,HLNDQYFWOFTMON-ZDUSSCGKSA-N,True,True,True,274.767,2.8663,41.46,1,2,9,0.399,2.375,,0,False,False,True,selfies_token_mutation
CAND_7882a425c5,selfies,JAK2_21004599ab,CC(C)[C@H](CF)N1C=C=C(F)C=Cc2c(cc[nH]c2=O)N=C1,KVUFYTZLKYBNKL-RVTFPFDGSA-N,True,True,True,305.328,3.3236,48.46,1,3,3,0.8709,2.625,O=c1[nH]ccc2c1C=CC=C=CNC=N2,10,False,True,True,selfies_token_mutation
CAND_44778e1466,selfies,JAK2_21004599ab,CC(C)[C@@H](Nc1nc2c(c3cc(F)ccc13)C(=O)NOC2)C(F)F,HHAVPODPHQNLOX-CYBMUJFWSA-N,True,True,True,339.317,3.2505,63.25,2,4,4,0.8975,2.5,O=C1NOCc2ncc3ccccc3c21,6,False,False,True,selfies_token_mutation
CAND_2d894f0a15,selfies,JAK2_21004599ab,CC1C=CC(C=O)NC=CCN=CN([C@H](C(C)C)C(F)(F)F)C=C1,ZZNSCEUATUCCIU-UYSNPLJNSA-N,True,True,True,343.393,3.294,44.7,1,4,3,0.6317,3.575,C1=CCNC=CCN=CNC=CC1,13,True,False,True,selfies_token_mutation
CAND_f39c3169f2,selfies,JAK2_21004599ab,CC(C)(NC=Nc1cc[nH]c(=O)c1C=C1C=C=CSC1F)C(F)(F)F,ZWDQMXNTJQJQIT-UHFFFAOYSA-N,True,True,True,373.375,4.0598,57.25,2,3,4,0.3622,2.38,O=c1[nH]cccc1C=C1C=C=CSC1,6,False,False,True,selfies_token_mutation
CAND_33c881f9db,selfies,JAK2_21004599ab,C=C1NC=CC(N=CN[C@H](C(C)C)C(F)(F)F)=C1C=CC(F)=CC=COS,KBGKRQMFKBTOMB-QGZVFWFLSA-N,True,True,True,403.445,4.8606,45.65,3,4,8,0.1032,2.797,C=C1C=CC=CN1,6,False,False,True,selfies_token_mutation
CAND_02163bf1ca,selfies,JAK2_21004599ab,CC(C)[C@@H](NCSc1c2c[nH]c(=O)c1-c1cc(F)ccc1-2)C(F)(F)F,ADVUAHWENRXUCV-OAHLLOKOSA-N,True,True,True,372.387,4.3875,44.89,2,3,5,0.3967,2.749,O=c1[nH]cc2cc1-c1ccccc1-2,6,False,False,True,selfies_token_mutation
CAND_7d47983512,selfies,JAK2_21004599ab,CC(C)[C@@H](Nc1nc2c(c3cc(F)ccc13)C(=O)CC=C2)C(F)(F)F,LTVDZVMPQKTQDF-MRXNPFEDSA-N,True,True,True,352.331,4.9723,41.99,1,3,3,0.793,2.388,O=C1CC=Cc2ncc3ccccc3c21,6,False,False,True,selfies_token_mutation
CAND_f969f05ce3,selfies,JAK2_21004599ab,CC1Cc2c(cc[nH]c2=O)N=CN[C@H]1C(F)(F)F,QSHCFHZJHOISKB-IOJJLOCKSA-N,True,True,True,259.231,1.7474,57.25,2,3,0,0.7454,2.5,O=c1[nH]ccc2c1CCCNC=N2,8,False,True,True,selfies_token_mutation
CAND_97f77c5b4a,selfies,JAK2_21004599ab,C=CCC(F)c1c(N=CN[C@H](CC)C(F)N(F)F)cc[nH]c1=O,PTMMFRUYFFDAEY-RUETXSTFSA-N,True,True,True,334.317,3.3562,60.49,2,3,9,0.1818,3.125,O=c1cccc[nH]1,6,False,False,True,selfies_token_mutation
CAND_ba28cb7067,selfies,JAK2_ec117125df,C[C@H]1CCC2C(=NC=C(C(N)=O)CCc3cc(-c4cnn(C)c4)ccc32)N1,HLDKWZBMWOFSSI-YTJLLHSVSA-N,True,True,True,363.465,2.6565,85.3,2,4,2,0.8601,3.325,C1=CN=C2NCCCC2c2ccc(-c3cn[nH]c3)cc2CC1,9,False,True,True,selfies_token_mutation
CAND_2e664eff89,selfies,JAK2_ec117125df,O=NC1CCCC=CC2C[C@@H](C3CC3)N2C=NC=C=N1,NYZBGHWFGORJPX-SLTAFYQDSA-N,True,True,True,272.352,2.8836,57.39,0,5,2,0.573,3.95,C1=CN=CN2C(C=CCCCCN=1)C[C@H]2C1CC1,13,True,False,True,selfies_token_mutation
CAND_25aec18a56,selfies,JAK2_ec117125df,Cn1cc(-c2ccc3c(c2)NC(C(N)=O)=CN=CNC3)cn1,KUPHIIJUWSOSGB-UHFFFAOYSA-N,True,True,True,296.334,0.9572,97.33,3,5,2,0.7685,2.5,C1=CNc2cc(-c3cn[nH]c3)ccc2CNC=N1,9,False,True,True,selfies_token_mutation
CAND_9c56f5dddd,selfies,JAK2_ec117125df,Cn1cc(-c2ccc3c4c([nH]c3c2)C(C(N)=O)=CN=CN[C@H]4C2CC2)cn1,DIDVADGXDXUPLI-SFHVURJKSA-N,True,True,True,360.421,2.4772,101.09,3,4,3,0.6686,3.383,C1=Cc2[nH]c3cc(-c4cn[nH]c4)ccc3c2[C@H](C2CC2)NC=N1,8,False,True,True,selfies_token_mutation
CAND_32792aa51d,selfies,JAK2_ec117125df,CNC#CC=C(C=CNCC(=CN=CN[C@@H](C)C1CC1)C(N)=O)c1cnn(C)c1,FYAYVDMSJJGQAY-INIZCTEOSA-N,True,True,True,395.511,0.8727,109.36,4,5,10,0.1174,3.253,C=C(C=CNCC=CN=CNCC1CC1)c1cn[nH]c1,5,False,False,True,selfies_token_mutation
CAND_50bdd64181,selfies,JAK2_ec117125df,C[C@@H](CC1CC1)NC=NC=C(CNC=CCCC=NNF)C(N)=O,BRYDLEUIQCWQAC-ZDUSSCGKSA-N,True,True,True,338.431,1.5055,103.9,4,5,13,0.102,3.0,C1CC1,3,False,False,True,selfies_token_mutation
CAND_8c6d2ae5d1,selfies,JAK2_ec117125df,Cc1ccc(-c2cnn(C)c2)cc1CNCC(=CN=CN[C@@H](C)C1CC1)C(N)=O,WZNOWTVSEYPXER-INIZCTEOSA-N,True,True,True,394.523,2.2707,97.33,3,4,10,0.3271,3.497,C(=CN=CNCC1CC1)CNCc1cccc(-c2cn[nH]c2)c1,6,False,False,True,selfies_token_mutation
CAND_2d7550789a,selfies,JAK2_ec117125df,C[C@H](NC=NC=C(CNC1=CC(CC=NN(C)CCl)=CC=CNC1)C(N)=O)C1CC1,DYVXCOVBCIWJBP-INIZCTEOSA-N,True,True,True,433.988,1.7928,107.14,4,6,12,0.0937,4.217,C1=CC=C(NCC=CN=CNCC2CC2)CNC=C1,8,False,True,True,selfies_token_mutation
CAND_3ae0390c79,selfies,JAK2_ec117125df,C[C@H]1C2c3c(cccc3-c3cnn(C)c3)CC(C(N)=O)=CN=CN21,KZKOLZINLZUMOQ-LZBWKNJSSA-N,True,True,True,321.384,1.7859,76.28,1,4,2,0.8568,3.25,C1=CN=CN2CC2c2c(cccc2-c2cn[nH]c2)C1,9,False,True,True,selfies_token_mutation
CAND_38659e93bf,selfies,JAK2_ec117125df,C[C@H](NC1=NC=C(C(N)F)OCNCC(c2cnn(C)c2)=CC=CC1)C1CC1,FADJIUXSTPSZSI-PVCZSOGJSA-N,True,True,True,388.491,2.2094,89.49,3,6,4,0.6884,4.164,C1=CCC(NCC2CC2)=NC=COCNCC(c2cn[nH]c2)=C1,13,True,False,True,selfies_token_mutation
CAND_aff8848291,selfies,JAK2_ec117125df,C[C@H](Nc1nc2c(C(N)=O)c3[nH]c4cc(ccc4c13)CC=NN(C)C2)C1CC1,AXWSYPJAHRCFGK-NSHDSACASA-N,True,True,True,376.464,2.9991,99.4,3,5,4,0.6516,4.297,C1=NNCc2cc3[nH]c4cc(ccc4c3c(NCC3CC3)n2)C1,12,True,False,True,selfies_token_mutation
CAND_a6453a8eee,selfies,JAK2_9befca631f,CC(C)[C@H](CF)N1C=CC=C=Cc2c(cc[nH]c2=O)N=C1,XINWXHMWBDAUJY-QBOVCPBZSA-N,True,True,True,287.338,3.0264,48.46,1,3,3,0.8687,2.625,O=c1[nH]ccc2c1C=C=CC=CNC=N2,10,False,True,True,selfies_token_mutation
CAND_4eee33d55e,selfies,JAK2_9befca631f,CC(C=O)=CCN=CN[C@@H](CN=c1cc1C(F)(F)F)C(C)C,SRYOGVFRHAKBSR-AWEZNQCLSA-N,True,True,True,315.339,2.2694,53.82,1,3,8,0.3462,2.5,N=c1cc1,3,False,False,True,selfies_token_mutation
CAND_a725b2c1eb,selfies,JAK2_9befca631f,CC=NCC[C@H](CCF)Nc1nc2cc[nH]c(=O)c2c2cnccc12,VTQNFCSADRPXGP-LBPRGKRZSA-N,True,True,True,341.39,3.0922,83.03,2,5,7,0.5109,2.875,O=c1[nH]ccc2ncc3ccncc3c12,6,False,False,True,selfies_token_mutation
CAND_9532201434,selfies,JAK2_9befca631f,CC(C)[C@@H](NC=NCC1=C=CNC(=O)C1c1cccnc1)C(F)(F)F,GSSNVFPFVPEPND-YSSOQSIOSA-N,True,True,True,352.36,2.5388,66.38,2,3,6,0.4697,2.763,O=C1NC=C=CC1c1cccnc1,6,False,False,True,selfies_token_mutation
CAND_45fd077ab1,selfies,JAK2_9befca631f,CC(C)[C@@H](NC1=NCC=CNC(=O)CN(C)N=CC=C1)C(F)(F)F,QBZOFUDOHTXCPQ-CQSZACIVSA-N,True,True,True,345.369,1.6787,69.09,2,5,2,0.8,2.95,O=C1CNN=CC=CC=NCC=CN1,13,True,False,True,selfies_token_mutation
CAND_ac8014d81b,selfies,JAK2_9befca631f,CC(C)[C@@H](NC=Nc1cc[nH]c(=O)c1-c1c#ccnc1)C(F)CF,SALPUMSQZPEHPH-FQNRMIAFSA-N,True,True,True,332.354,2.6189,70.14,2,3,7,0.6048,2.875,O=c1[nH]cccc1-c1c#ccnc1,6,False,False,True,selfies_token_mutation
CAND_f80e610860,selfies,JAK2_9befca631f,[CH]C(C)(NC=NC=C1C=CNC(=O)C1c1cccnc1)C(F)(F)F,QEVXRWMZBKVGTP-UHFFFAOYSA-N,True,True,True,336.317,2.3426,66.38,2,3,4,0.6551,2.5,C=C1C=CNC(=O)C1c1cccnc1,6,False,False,True,selfies_token_mutation
CAND_c32ce57f42,selfies,JAK2_dbe7510318,[NH]C1=CC(OCN2CCOCC2)=CC1=CN=Cc1n[nH]cc1NC(=O)NC1CC1,WBKAJXXXKHNQHJ-UHFFFAOYSA-N,True,True,True,398.447,1.367,127.67,3,6,7,0.5978,3.144,O=C(Nc1c[nH]nc1C=NC=C1C=CC(OCN2CCOCC2)=C1)NC1CC1,6,False,False,True,selfies_token_mutation
CAND_1c4e62a847,selfies,JAK2_dbe7510318,C=COCCNCc1ccc2nc(-c3n[nH]cc3C=O)[nH]c2c1,HABKNPQGYFSNQX-UHFFFAOYSA-N,True,True,True,311.345,2.0152,95.69,3,5,8,0.3359,2.75,c1ccc2[nH]c(-c3cc[nH]n3)nc2c1,6,False,False,True,selfies_token_mutation
CAND_1f57218bcf,selfies,JAK2_dbe7510318,[NH]c1cc(CN2CCOCC2)ccc1N=Cc1n[nH]cc1NC(=O)NC1CC1,QECCBWZIOUBWLP-UHFFFAOYSA-N,True,True,True,382.448,2.1908,118.44,3,5,6,0.6636,2.93,O=C(Nc1c[nH]nc1C=Nc1ccc(CN2CCOCC2)cc1)NC1CC1,6,False,False,True,selfies_token_mutation
CAND_7d25375c2d,selfies,JAK2_dbe7510318,O=C(NC1=C=NN=C1c1nc2ccc(CN3CCOCC3)cc2[nH]1)N1CC1,FDGWRCJGXAQYAZ-UHFFFAOYSA-N,True,True,True,365.397,0.6916,97.98,2,6,4,0.7792,2.786,O=C(NC1=C=NN=C1c1nc2ccc(CN3CCOCC3)cc2[nH]1)N1CC1,6,False,False,True,selfies_token_mutation
CAND_060207da8b,selfies,JAK2_dbe7510318,O=C=CNc1c[nH]nc1-c1nc2ccc(CN3CCOCC3)cc2[nH]1,PYIAHUACCMTNNG-UHFFFAOYSA-N,True,True,True,338.371,1.5424,98.93,3,6,5,0.6105,2.625,c1cc(-c2nc3ccc(CN4CCOCC4)cc3[nH]2)n[nH]1,6,False,False,True,selfies_token_mutation
CAND_fbd79771e3,selfies,JAK2_dbe7510318,CC1COCNC1C(=CC=CN=Cc1n[nH]cc1NC(=O)C1CC1)C[NH],LXRJFRHOFQPXRY-UHFFFAOYSA-N,True,True,True,357.438,1.4821,115.2,3,5,7,0.5062,3.166,O=C(Nc1c[nH]nc1C=NC=CC=CC1CCOCN1)C1CC1,6,False,False,True,selfies_token_mutation
CAND_af64214270,selfies,JAK2_dbe7510318,[NH]NC=CC(=CC=CN=Cc1n[nH]cc1NC(=O)NC1CC1)CN1CCOCC1,POQZBHKMXCNXAB-UHFFFAOYSA-N,True,True,True,399.479,1.186,130.47,4,6,9,0.2814,3.15,O=C(Nc1c[nH]nc1C=NC=CC=CCN1CCOCC1)NC1CC1,6,False,False,True,selfies_token_mutation
CAND_bf1c0519a6,selfies,JAK2_dbe7510318,c1cc2nc(-c3n[nH]cc3NCNC3CC3)[nH]c2cc1CN1CCOCC1,ARKJIVDIRSSBID-UHFFFAOYSA-N,True,True,True,367.457,1.9066,93.89,4,6,7,0.4768,3.172,c1cc2nc(-c3n[nH]cc3NCNC3CC3)[nH]c2cc1CN1CCOCC1,6,False,False,True,selfies_token_mutation
CAND_bf96f23ef3,selfies,JAK2_dbe7510318,[NH]C=CN(NN=CC=NCC=CCNF)C(=O)C1CC1,PMQXFQRCNHKSHL-UHFFFAOYSA-N,True,True,True,281.315,0.5706,92.89,2,5,9,0.2799,2.375,C1CC1,3,False,False,True,selfies_token_mutation
CAND_7822870ac5,selfies,JAK2_dbe7510318,C=CC1COCCC1C=CN=Cc1n[nH]cc1NC([NH])=O,IXSANANRIDMXDF-UHFFFAOYSA-N,True,True,True,288.331,1.9958,103.17,2,4,5,0.6392,2.625,C(=CC1CCOCC1)N=Cc1cc[nH]n1,6,False,False,True,selfies_token_mutation
CAND_c7ecc8d71d,selfies,JAK2_dbe7510318,C1=CNC(NC2CC2)=[SH]OC(c2nc3ccc(CN4CCOCC4)cc3[nH]2)=NN1,GVSOIIIEOIYFNU-UHFFFAOYSA-N,True,True,True,415.523,0.9572,98.83,5,8,4,0.3747,3.564,C1=CNC(NC2CC2)=[SH]OC(c2nc3ccc(CN4CCOCC4)cc3[nH]2)=NN1,9,False,True,True,selfies_token_mutation
CAND_0a73a9a9e6,selfies,JAK2_071bd53e13,CC1(C)CNc2c(c3ccc(F)cc3c3c(=O)[nH]ccc23)N1,IITNNOGQORLFDU-UHFFFAOYSA-N,True,True,True,297.333,3.4364,56.92,3,3,0,0.5571,2.0,O=c1[nH]ccc2c3c(c4ccccc4c12)NCCN3,6,False,False,True,selfies_token_mutation
CAND_67450ea5e5,selfies,JAK2_071bd53e13,CC(C)c1nc2c3ccc(F)cc3c3c(=O)[nH]ccc3c2[nH]1,CUDFTIQZQCLCLN-UHFFFAOYSA-N,True,True,True,295.317,3.8201,61.54,2,2,1,0.5243,2.125,O=c1[nH]ccc2c3[nH]cnc3c3ccccc3c12,6,False,False,True,selfies_token_mutation
CAND_4f89d3d1a7,selfies,JAK2_071bd53e13,CC(C)=Nc1c([NH])c2cc[nH]c(=O)c2c2cc(F)ccc12,ITHCPQFTTUQNKM-UHFFFAOYSA-N,True,True,True,282.298,3.8471,69.02,1,2,1,0.5343,1.875,O=c1[nH]ccc2ccc3ccccc3c12,6,False,False,True,selfies_token_mutation
CAND_8f533b369f,selfies,JAK2_071bd53e13,CC1C=CC=C2N=C(C(C)(C)C)NC=C3C=CNN(O)C3C=C21,MKCKIETVELZWDY-UHFFFAOYSA-N,True,True,True,312.417,3.026,59.89,3,5,0,0.6433,2.75,C1=CCC2=CC3NNC=CC3=CNC=NC2=C1,9,False,True,True,selfies_token_mutation
CAND_988453b220,selfies,JAK2_071bd53e13,CC1(F)CNc2c(c3ccc(F)cc3c3c(=O)[nH]ccc23)C1,JNJBTPNGYSUFEY-UHFFFAOYSA-N,True,True,True,300.308,3.5166,44.89,2,2,0,0.624,2.25,O=c1[nH]ccc2c3c(c4ccccc4c12)CCCN3,6,False,False,True,selfies_token_mutation
CAND_33bb7b5f9a,selfies,JAK2_071bd53e13,CC(C)(C)N1C=c2ccc(F)cc2=c2c(cc[nH]c2=O)=CSN1,UMOVGAXWJVKFBN-UHFFFAOYSA-N,True,True,True,331.416,1.5439,48.13,2,4,0,0.7193,2.25,O=c1[nH]ccc2c1=c1ccccc1=CNNSC=2,9,False,True,True,selfies_token_mutation
CAND_fbdbd164f8,selfies,JAK2_071bd53e13,CC(C)(C)n1[nH]c2c3cc[nH]c(=O)c3c3cc(F)ccc3c21,SGCBHSDOXFGVBQ-UHFFFAOYSA-N,True,True,True,297.333,3.8582,53.58,2,1,0,0.4758,2.0,O=c1[nH]ccc2c3[nH][nH]c3c3ccccc3c12,6,False,False,True,selfies_token_mutation
CAND_3a5edc9a32,selfies,JAK2_071bd53e13,CC(C)(C)c1nc2c([nH]1)=C1C=CNC(=O)C=C3NC(F)C=C1C=23,PCKQRAJUJJSEOM-UHFFFAOYSA-N,True,True,True,312.348,0.3748,69.81,3,3,0,0.6065,2.75,O=C1C=C2NCC=C3C2=c2nc[nH]c2=C3C=CN1,9,False,True,True,selfies_token_mutation
CAND_68dbe3cf7a,selfies,JAK2_071bd53e13,CC(C)(C)C=NC=C=NC=CC(F)=CC=c1c(=C[NH])cc[nH]c1=O,IJVLJBITGLGKFK-UHFFFAOYSA-N,True,True,True,327.383,1.8437,81.38,1,3,4,0.6643,1.75,C=c1cc[nH]c(=O)c1=C,6,False,False,True,selfies_token_mutation
CAND_304149dd61,selfies,JAK2_071bd53e13,CC(C)(C)C=NC=c1ccc(F)cc1=C1C(=O)NC=CC1[SH]=C[NH],MIVYEVGSYMLEFR-UHFFFAOYSA-N,True,True,True,346.451,1.3515,65.26,2,2,2,0.4739,2.0,C=c1ccccc1=C1CC=CNC1=O,6,False,False,True,selfies_token_mutation
CAND_7b7b46f9d8,selfies,JAK2_d95b4cdfb1,NC1CC=C2C=CC=C(SC=O)C(S)C1=NC=C1C(=O)NCC21,ZGVAHFWMGPCVFG-UHFFFAOYSA-N,True,True,True,347.465,1.3902,84.55,3,6,2,0.5205,3.25,O=C1NCC2C3=CCCC(=NC=C12)CC=CC=C3,10,False,True,True,selfies_token_mutation
CAND_9cb15121ad,selfies,JAK2_d95b4cdfb1,CNC(=O)C=CN=C1CC=C(C=CC=C(CS)S(=O)(=O)NC(C)(C)C)C=N1,QFOCWFCURSZRNU-UHFFFAOYSA-N,True,True,True,410.565,2.1333,99.99,3,5,7,0.3405,2.461,N=C1CC=CC=N1,6,False,False,True,selfies_token_mutation
CAND_a2ab69e995,selfies,JAK2_d95b4cdfb1,C=C(NC)C1=CN=C(N)C2C=C(c3ccc(S(=O)(=O)NC(C)(C)C)cc3)SN12,RMMOQTYHMWCJJA-UHFFFAOYSA-N,True,True,True,419.576,2.382,99.82,3,7,5,0.6339,3.012,C1=CN2SC(c3ccccc3)=CC2C=N1,6,False,False,True,selfies_token_mutation
CAND_ef8b0059ed,selfies,JAK2_d95b4cdfb1,CNC(=O)OCN=C(N)C1=CSC2=CC(=C1)C2=CC=CS(=O)(=O)NC(C)(C)C,LYITVHHYACFRIM-UHFFFAOYSA-N,True,True,True,424.548,2.2697,122.88,3,6,6,0.444,2.914,C=C1C2=CC=CSC1=C2,7,False,False,True,selfies_token_mutation
CAND_4f0595de4f,selfies,JAK2_d95b4cdfb1,CNC(=O)C=COC1CC2=C3C=CC=C(CC=C2)[SH](C=O)C(C)C(=N1)CS3,QACRAAMBSKRWOZ-UHFFFAOYSA-N,True,True,True,404.557,3.4143,67.76,2,5,4,0.3261,3.803,C1=CC2=C3C=CCC(=C1)SCC(=NCC3)CS2,10,False,True,True,selfies_token_mutation
CAND_eb11efc149,selfies,JAK2_d95b4cdfb1,CN1CSNC2=CCC(=NC=CC1=O)NC=CCC([SH](=N)=O)=CC=C2,JGWVOCUAVXYNRT-UHFFFAOYSA-N,True,True,True,379.511,2.0304,97.65,4,7,1,0.4128,3.239,O=C1C=CN=C2CC=C(C=CC=CCC=CN2)NSCN1,12,True,False,True,selfies_token_mutation
CAND_62d2b83754,selfies,JAK2_d95b4cdfb1,O=CC(=CC=CC=CCNCC1=NC2=CC(=O)NCC2SC1)PS,SYFCYQGVDSGIEC-UHFFFAOYSA-N,True,True,True,381.463,1.8646,70.56,3,6,8,0.1499,3.175,O=C1C=C2N=CCSC2CN1,6,False,False,True,selfies_token_mutation
CAND_8de6a791df,selfies,JAK2_d95b4cdfb1,C=COC(=CC=CC(=CCC(N)=NC=CC(=O)NC)CSC)S(=O)(=O)NC(C)(C)C,HHFGFCMZKLVLRA-UHFFFAOYSA-N,True,True,True,456.634,2.5584,122.88,3,6,12,0.1363,3.092,,0,False,False,True,selfies_token_mutation
CAND_33700c4d6e,selfies,JAK2_d95b4cdfb1,C#CC(=CC=Cc1cc2c(N)ncc(C(=O)NC)c2s1)S(=O)(=O)NC(C)(C)C,RIABQTJZRSLDJW-UHFFFAOYSA-N,True,True,True,418.544,2.4863,114.18,3,6,5,0.5098,2.506,c1cc2sccc2cn1,6,False,False,True,selfies_token_mutation
CAND_ff560b09ec,selfies,JAK2_d95b4cdfb1,O=CN=[SH]C1=CC=CC2=CCC(=NC3=CC(=O)NCC3S2)NC=C1,NGFHYZQOCACARN-UHFFFAOYSA-N,True,True,True,360.464,1.4999,82.92,3,5,2,0.5148,2.808,O=C1C=C2N=C3CC=C(C=CC=CC=CN3)SC2CN1,11,False,True,True,selfies_token_mutation
CAND_1a0c47a501,selfies,JAK2_2208c21560,CN(c1ccccc1-c1ccc2n1N=C[C@H]1CNCCN(C=CC=C(CF)NCN=C2)CO1)S(C)(=O)=O,ORZAZCPBFZDHAQ-JOCHJYFZSA-N,True,True,True,529.642,1.9794,103.56,2,8,4,0.6281,4.948,C1=CNCN=Cc2ccc(-c3ccccc3)n2N=C[C@H]2CNCCN(C=C1)CO2,16,True,False,True,selfies_token_mutation
CAND_f3ce2fc570,selfies,JAK2_2208c21560,C=CC=C1C=NC2=NN1C1(c3ccccc3N(C)S(C)(=O)=O)N(F)CCNCN3[C@@H](O)CC231,NCLYMCTVMXYQTB-PELRDEGISA-N,True,True,True,475.55,0.5287,104.08,2,9,4,0.6125,4.648,C=C1C=NC2=NN1C1(c3ccccc3)NCCNCN3CCC231,8,False,True,True,selfies_token_mutation
CAND_5af0235b41,selfies,JAK2_2208c21560,CS(=O)(=O)CCNc1ccccc1C1=CC=CC=NCNC2=CC=CN3CC[C@H](O)C1NCC3C2F,NYJVRYZQVPGNSW-VNGSWXTBSA-N,True,True,True,515.655,1.8569,106.06,4,8,5,0.4744,5.745,C1=CC=C(c2ccccc2)C2CCCN3C=CC=C(CC3CN2)NCN=C1,14,True,False,True,selfies_token_mutation
CAND_afb19aa8e0,selfies,JAK2_2208c21560,CN1SCC(=O)ON(N)C2=CC(=NCNC3=CC=CN4CCNC[C@@H](O)C34)C(=C2)c2ccccc21,PLFJVXXFZMEDBZ-LETIRJCYSA-N,True,True,True,495.609,0.7334,118.69,4,11,3,0.3531,4.384,O=C1CSNc2ccccc2C2=CC(=CC2=NCNC2=CC=CN3CCNCCC23)NO1,11,False,True,True,selfies_token_mutation
CAND_6e56d1ca3f,selfies,JAK2_2208c21560,C=CC1=CCN(F)C(CNC[C@H](C)O)C(C=CC=CN(C)[SH](C)O)c2ccc3cnc(nn3oo2)N1,CVUYVHYDFHAAPT-RPCJCACASA-N,True,True,True,523.635,3.1649,127.47,5,10,9,0.1447,6.04,C1=CNc2ncc3ccc(oon3n2)CCNC1,13,True,False,True,selfies_token_mutation
CAND_7d958228d2,selfies,JAK2_2208c21560,C[C@H](O)CC1CCON(c2ccc(N=c3ncc4ccc(-c5ccccc5N(C)S(C)(=O)=O)n4[nH]3)cc2F)C1,HVIGOXOSCOKLTJ-OYKVQYDMSA-N,True,True,True,554.648,3.6255,115.53,2,7,7,0.3606,4.712,c1ccc(-c2ccc3cnc(=Nc4ccc(N5CCCCO5)cc4)[nH]n23)cc1,6,False,False,True,selfies_token_mutation
CAND_bfc555d8ee,selfies,JAK2_2208c21560,C=CC(=CC=CN(F)CCNC[C@H](C)O)NCN=C1C=CC=C1c1ccccc1NCCS(C)(=O)=O,IAYOSOQOSRJSCA-NRFANRHFSA-N,True,True,True,517.671,2.8249,106.06,4,8,16,0.1518,4.182,N=C1C=CC=C1c1ccccc1,6,False,False,True,selfies_token_mutation
CAND_1bae63a813,selfies,JAK2_2208c21560,C[C@H](O)C=CN1CCN(c2ccc(Nc3ncc4ccc(-c5ccccc5N(C)[SH](C)(=O)O)n4n3)cc2F)CC1,SAVGWHCFQHNBPO-FQEVSTJZSA-N,True,True,True,567.691,3.7662,109.47,4,7,8,0.2385,4.659,c1ccc(-c2ccc3cnc(Nc4ccc(N5CCNCC5)cc4)nn23)cc1,6,False,False,True,selfies_token_mutation
CAND_2a1a52a977,selfies,JAK2_2208c21560,CCN1C=CC=C(Nc2ncc3ccc(-c4ccccc4N(C)S(C)(=O)=O)n3n2)C[C@H](O)CNCC1,OQRFGYLAEHCHEX-NRFANRHFSA-N,True,True,True,511.652,2.2777,115.1,3,8,6,0.4618,4.398,C1=CNCCNCCCC(Nc2ncc3ccc(-c4ccccc4)n3n2)=C1,11,False,True,True,selfies_token_mutation
CAND_a692354d78,selfies,JAK2_2208c21560,CN(NC=CC=CCN1C[CH]N(O)CNCC1)S(C)(=O)=O,PLEFHJIZWQINSO-UHFFFAOYSA-N,True,True,True,318.423,-0.832,88.15,3,7,6,0.435,2.5,[CH]1CNCCNCN1,8,False,True,True,selfies_token_mutation
CAND_917b85a20b,selfies,JAK2_2208c21560,C[CH]OCN1CCN(c2ccc(Nc3ncc4ccc(-c5ccccc5N(C)S(C)(=O)=O)n4n3)cc2F)CC1,CLIJWUUOWWYWKR-UHFFFAOYSA-N,True,True,True,552.656,3.9526,95.31,1,8,9,0.3336,4.451,c1ccc(-c2ccc3cnc(Nc4ccc(N5CCNCC5)cc4)nn23)cc1,6,False,False,True,selfies_token_mutation
CAND_6a5e414dcf,selfies,JAK2_2208c21560,CS(=O)(=O)CCC=CC=CC=CC1=CC=CC=NCNC2=CC=CN3CC[C@H](O)C1NC(C3)C2F,HYYBWOONDVUDNW-VNGSWXTBSA-N,True,True,True,502.656,2.3465,94.03,3,7,6,0.4831,5.548,C1=CC=NCNC2=CC=CN3CCCC(C=C1)NC(C2)C3,13,True,False,True,selfies_token_mutation
CAND_09589e3ed9,selfies,JAK2_1c241344ac,FN(CCl)CCC1C=C=Nn2cccc2C2C=CC(NC=N1)N2,ZILRWNWUJUXMBW-UHFFFAOYSA-N,True,True,True,336.802,1.7767,56.95,2,5,4,0.3812,4.2,C1=CCN=CNC2C=CC(N2)c2cccn2N=1,12,True,False,True,selfies_token_mutation
CAND_814e3b6e61,selfies,JAK2_1c241344ac,Cc1cc(NC=NC(=Nn2cccc2)N2CCN(C(=O)Cc3c(F)cc(Cl)cc3F)CC2)n[nH]1,INAQKEZEDLDJPX-UHFFFAOYSA-N,True,True,True,488.93,3.0976,93.91,2,3,5,0.4261,3.397,O=C(Cc1ccccc1)N1CCN(C(N=CNc2cc[nH]n2)=Nn2cccc2)CC1,6,False,False,True,selfies_token_mutation
CAND_44831b75c2,selfies,JAK2_1c241344ac,O=C1CC=C(F)C=C(Cl)C=CCC2=CCNC3N=CNC4C=C2C4N1CCN3,YKYPOLNQUHOOMB-UHFFFAOYSA-N,True,True,True,403.889,1.8526,68.76,3,5,0,0.5772,4.449,O=C1CC=CC=CC=CCC2=CCNC3N=CNC4C=C2C4N1CCN3,13,True,False,True,selfies_token_mutation
CAND_bff5371ed1,selfies,JAK2_1c241344ac,O=C(Cc1c(F)cc(Cl)cc1F)N1CCNC(N=CNC2=NNCC=C2)(n2cccc2)C1,QCHLVEWSNZYKIW-UHFFFAOYSA-N,True,True,True,461.904,1.7953,86.05,3,5,5,0.4679,3.497,O=C(Cc1ccccc1)N1CCNC(N=CNC2=NNCC=C2)(n2cccc2)C1,6,False,False,True,selfies_token_mutation
CAND_ebd5179e6f,selfies,JAK2_1c241344ac,Cc1cc(NC2=NC(N3CCN(C(=O)Cc4c(F)cc(Cl)cc4F)CC3)=NN3[SH]=CC=C23)n[nH]1,JJFQDYQIPULKPH-UHFFFAOYSA-N,True,True,True,506.97,2.5138,92.22,3,7,3,0.4393,3.447,O=C(Cc1ccccc1)N1CCN(C2=NN3[SH]=CC=C3C(Nc3cc[nH]n3)=N2)CC1,6,False,False,True,selfies_token_mutation
CAND_70625aa8de,selfies,JAK2_1c241344ac,FCN(F)CCNC1C=Nn2cccc2C2C=CC(=NN2)NC=N1,WCHSAHDNNVZSFJ-UHFFFAOYSA-N,True,True,True,336.35,0.4967,81.34,3,7,5,0.5402,4.325,C1=CC2NN=C1NC=NCC=Nn1cccc12,12,True,False,True,selfies_token_mutation
CAND_db773758b9,selfies,JAK2_1c241344ac,CC=C1CC=NC(NCCN(C=N)C(C)c2c(F)cc(Cl)cc2F)n2cccc21,CRRSMZLMUHQBMA-UHFFFAOYSA-N,True,True,True,419.907,5.0135,56.41,2,3,7,0.4891,3.52,C=C1CC=NC(NCCNCc2ccccc2)n2cccc21,7,False,False,True,selfies_token_mutation
CAND_c2b5e2188f,selfies,JAK2_1c241344ac,CC=C1NN=C1NC=NC(=NNc1ccco1)N1C=NN(C(=O)Cc2c(F)cc(Cl)cc2F)CC1,SAKKPXFGOGXOLR-UHFFFAOYSA-N,True,True,True,503.901,2.6627,122.22,3,7,5,0.3274,3.48,C=C1NN=C1NC=NC(=NNc1ccco1)N1C=NN(C(=O)Cc2ccccc2)CC1,6,False,False,True,selfies_token_mutation
CAND_9abfd759de,selfies,JAK2_1c241344ac,O=C(Cc1c(F)cc(Cl)cc1F)N1CCN(c2nc(C3=NNCC=C3)c3cccn3n2)CC1,OVUUUUNSXYOFMD-UHFFFAOYSA-N,True,True,True,471.899,2.4157,78.13,1,6,4,0.632,3.377,O=C(Cc1ccccc1)N1CCN(c2nc(C3=NNCC=C3)c3cccn3n2)CC1,6,False,False,True,selfies_token_mutation
CAND_8f5691223a,selfies,JAK2_1c241344ac,CC=C1NN=C1NC=NC(=NNc1cccs1)N1CCN(C(=O)Cc2c(F)cc(Cl)cc2F)CC1,LBVWSDBQADOBBU-UHFFFAOYSA-N,True,True,True,520.997,3.1879,96.72,3,6,5,0.3195,3.575,C=C1NN=C1NC=NC(=NNc1cccs1)N1CCN(C(=O)Cc2ccccc2)CC1,6,False,False,True,selfies_token_mutation
CAND_cf20a1666d,selfies,JAK2_1c241344ac,N=CN(CCNC1N=NC2CC=C2c2cccn21)C(=O)C1C=C(F)C=C(Cl)C1F,CGRMIPCRBYVNAE-UHFFFAOYSA-N,True,True,True,420.851,3.535,85.84,2,5,6,0.5445,4.144,O=C(NCCNC1N=NC2CC=C2c2cccn21)C1C=CC=CC1,7,False,False,True,selfies_token_mutation
CAND_1273e1b45d,selfies,JAK2_03f06fbf7f,NC(=O)C=CN=C1CCc2cc(-c3cn[nH]c3)ccc2CC(F)(F)[C@@H](C2CC2)N1,BEVLPNBOXNVIHF-HXUWFJFHSA-N,True,True,True,399.445,2.9664,96.16,3,3,4,0.6899,3.525,N=C1CCc2cc(-c3cn[nH]c3)ccc2CC[C@@H](C2CC2)N1,9,False,True,True,selfies_token_mutation
CAND_b002d0de24,selfies,JAK2_03f06fbf7f,NC(=O)C=CN=C1C2=C(CNC=C(c3cn[nH]c3)OC=C2)N1[C@H](C1CC1)C(F)(F)F,BNNYBLYGHZYIFP-QGZVFWFLSA-N,True,True,True,420.395,2.1497,108.63,3,5,5,0.6329,3.766,N=C1C2=C(CNC=C(c3cn[nH]c3)OC=C2)N1CC1CC1,9,False,True,True,selfies_token_mutation
CAND_93b12f84fa,selfies,JAK2_03f06fbf7f,NC(=O)c1cnc(N[C@H](C2CC2)C(F)(F)F)cc1NC=C1C=CC=C1CC1=NNNC1,BGQXJVHCSLQLRQ-GOSISDBHSA-N,True,True,True,433.438,2.5792,116.46,5,7,8,0.4304,3.714,C1=CC(=CNc2ccnc(NCC3CC3)c2)C(CC2=NNNC2)=C1,6,False,False,True,selfies_token_mutation
CAND_dc007fa426,selfies,JAK2_03f06fbf7f,NC(=O)C=CN=C(F)N[C@@H](C(F)Cl)C1CC1,YJXVZHQVVSUURM-GVHYBUMESA-N,True,True,True,251.664,1.2135,67.48,2,2,5,0.2536,2.375,C1CC1,3,False,False,True,selfies_token_mutation
CAND_850512d965,selfies,JAK2_03f06fbf7f,NC(=O)C=CN=C1N[C@@H]2C3CC3OC(=CCc3[nH]ncc31)C2(F)F,VKBICFILPABJHM-XNYVMAQISA-N,True,True,True,335.314,0.6075,105.39,3,4,2,0.6886,3.5,N=C1N[C@H]2CC(=CCc3[nH]ncc31)OC1CC12,9,False,True,True,selfies_token_mutation
CAND_9958c1b89b,selfies,JAK2_03f06fbf7f,CNN=CCc1cccc(C#CC(=NC=CC(N)=O)N[C@H](C2CC2)C(F)(F)F)c1,ODPQHXZPHOLAMW-LJQANCHMSA-N,True,True,True,405.424,2.1138,91.87,3,4,7,0.2133,2.933,N=C(C#Cc1ccccc1)NCC1CC1,6,False,False,True,selfies_token_mutation
CAND_f7dc69667c,selfies,JAK2_03f06fbf7f,NC(=O)c1cnc(S[C@H](C2CC2)C(F)(F)F)c2c1[nH]c1cc(CC=NNCl)ccc12,FQBGLUCUMBFCBN-MRXNPFEDSA-N,True,True,True,455.893,4.5197,96.16,3,5,7,0.2111,3.713,c1ccc2c(c1)[nH]c1ccnc(SCC3CC3)c12,6,False,False,True,selfies_token_mutation
CAND_90e11b905a,selfies,JAK2_03f06fbf7f,C=CC(CCNCC)CNc1cc(N[C@H](C2CC2)C(F)(F)F)ncc1C(N)=O,CIARGRSEOUHSME-RGUGMKFQSA-N,True,True,True,399.461,3.147,92.07,4,5,12,0.3201,3.775,c1ccc(NCC2CC2)nc1,6,False,False,True,selfies_token_mutation
CAND_2c4a950acd,selfies,JAK2_03f06fbf7f,C=CCc1[nH]ncc1C#CNC=CC(=C=CC(N)=O)N[C@H](C1CC1)C(F)(F)F,KKMZCEYXJPYHPS-TVLVIKLPSA-N,True,True,True,391.397,2.0053,95.83,4,4,8,0.1361,2.98,C=C(C=CNC#Cc1cn[nH]c1)NCC1CC1,5,False,False,True,selfies_token_mutation
CAND_7f4cb2dbc4,selfies,JAK2_03f06fbf7f,CC1N=CCC12C=CNCC(=NC=CC(N)=O)N[C@H](C1CC1)C(F)(F)COC=C2,OSUAFVHUTNRBHH-PJOPYLDSSA-N,True,True,True,407.465,1.884,101.1,3,5,3,0.622,4.394,N=C1CNC=CC2(C=COCC[C@@H](C3CC3)N1)CC=NC2,13,True,False,True,selfies_token_mutation
CAND_174292b8c5,selfies,JAK2_03f06fbf7f,NC(=O)CN=C(F)N[C@H](C1CC1)C(F)OCCF,ZUDAOZWWJZZPNZ-VEDVMXKPSA-N,True,True,True,267.251,0.4471,76.71,2,3,8,0.3806,2.75,C1CC1,3,False,False,True,selfies_token_mutation
CAND_a83cb6dab1,selfies,JAK2_03f06fbf7f,NC1CN=C(N[C@H](C2CC2)C(F)(F)F)c2c([nH]c3cc(-c4cn[nH]c4)ccc23)C1,FRSIGDFMXILCFB-PQJIZZRHSA-N,True,True,True,402.424,3.1185,94.88,4,4,3,0.5422,3.366,c1cc2c3c([nH]c2cc1-c1cn[nH]c1)CCCN=C3NCC1CC1,7,False,False,True,selfies_token_mutation
CAND_6f8cd3b430,selfies,JAK2_7888931f4a,NC(=O)c1cnc(NC(C2CC2)C2CC2)cc1NC=C1COCC=C1c1cnc(N)nc1,XIAGMIKEJZZIPM-UHFFFAOYSA-N,True,True,True,433.516,2.5628,141.07,4,8,8,0.4977,3.664,C(Nc1ccnc(NC(C2CC2)C2CC2)c1)=C1COCC=C1c1cncnc1,6,False,False,True,selfies_token_mutation
CAND_87cc933744,selfies,JAK2_7888931f4a,NC(=O)C=CN=C1CNc2cc(-c3cnc(N)nc3)ccc2CC2CC3CC3(C2)N1,RLJCOPPOBGGTKD-UHFFFAOYSA-N,True,True,True,403.49,1.8496,131.31,4,6,3,0.5785,4.122,N=C1CNc2cc(-c3cncnc3)ccc2CC2CC3CC3(C2)N1,10,False,True,True,selfies_token_mutation
CAND_ad2d7fc9e9,selfies,JAK2_7888931f4a,NC(=O)C=NCN=C1C=CNC=CC(c2cnc(N)nc2)C=CC2CC2C(C2CC2)N1,OVJJDZLUNMXEKS-UHFFFAOYSA-N,True,True,True,420.521,1.2456,143.67,4,7,5,0.4168,5.217,N=C1C=CNC=CC(c2cncnc2)C=CC2CC2C(C2CC2)N1,13,True,False,True,selfies_token_mutation
CAND_bfcd090eb7,selfies,JAK2_7888931f4a,NC(=O)c1cnc(NC(C2CC2)C2CC2)c2c3c([nH]c12)=CC(c1cnc(N)nc1)=C=C=3,BCBLZSPCBQUJLB-UHFFFAOYSA-N,True,True,True,411.469,1.0467,135.6,4,6,6,0.4478,3.291,C1=C=c2c([nH]c3ccnc(NC(C4CC4)C4CC4)c23)=CC=1c1cncnc1,6,False,False,True,selfies_token_mutation
CAND_94438394ea,selfies,JAK2_7888931f4a,O=C(F)c1cnc(NC(C2CC2)C2CC2)c2c1[nH]c1cc(C3=CN=CNN=C3)ccc12,DWYNUQDKYTZQDB-UHFFFAOYSA-N,True,True,True,416.46,4.3845,94.53,3,6,6,0.5198,3.319,C1=NC=C(c2ccc3c(c2)[nH]c2ccnc(NC(C4CC4)C4CC4)c23)C=NN1,7,False,False,True,selfies_token_mutation
CAND_53387a88c9,selfies,JAK2_7888931f4a,NC(=O)C=C1N=C(CNC(C2CC2)C2CC2)c2c1[nH]c1cc(-c3cnc(N)nc3)ccc21,YIIVCTNJUOUJFA-UHFFFAOYSA-N,True,True,True,427.512,2.6142,135.07,4,6,7,0.4299,3.506,C=C1N=C(CNC(C2CC2)C2CC2)c2c1[nH]c1cc(-c3cncnc3)ccc21,6,False,False,True,selfies_token_mutation
CAND_dccc04cac9,selfies,JAK2_7888931f4a,NC(C=O)=C(NC(C1CC1)C1CC1)c1c[nH]c2cc(-c3cnc(N)nc3)ccc12,PKDDMKUJVKOCDP-UHFFFAOYSA-N,True,True,True,388.475,2.8115,122.71,4,6,7,0.3645,3.289,C=C(NC(C1CC1)C1CC1)c1c[nH]c2cc(-c3cncnc3)ccc12,6,False,False,True,selfies_token_mutation
CAND_2e07988ce7,selfies,JAK2_7888931f4a,NC(=O)C=CN=C(NC12CCCC1C2)c1c[nH]c2cc(-c3cnc(N)nc3)ccc12,NBWDQHCIKSMJKW-UHFFFAOYSA-N,True,True,True,401.474,2.4849,135.07,4,5,5,0.2959,3.611,N=C(NC12CCCC1C2)c1c[nH]c2cc(-c3cncnc3)ccc12,6,False,False,True,selfies_token_mutation
CAND_ce7a7a2fc0,selfies,JAK2_7888931f4a,NC(=O)C=CN=C=CNC1C2C3C2C13c1c[nH]c2cc(-c3cnc(N)nc3)ccc12,DPTKSPXLHQOGNN-UHFFFAOYSA-N,True,True,True,397.442,1.4749,135.07,4,6,6,0.369,3.964,c1ncc(-c2ccc3c(C45CC6C4C65)c[nH]c3c2)cn1,6,False,False,True,selfies_token_mutation
CAND_ae132be572,selfies,JAK2_9959650146,Cc1ccc(CC(=O)N2CCN(N3N=C(Nc4cc(C)[nH]n4)c4cccn4N3)CC2)cc1,VGUFSOJRUNHZCU-UHFFFAOYSA-N,True,True,True,433.52,1.6777,96.82,3,7,4,0.5794,3.164,O=C(Cc1ccccc1)N1CCN(N2N=C(Nc3cc[nH]n3)c3cccn3N2)CC1,6,False,False,True,selfies_token_mutation
CAND_d4710ef614,selfies,JAK2_9959650146,CCN(CCNC(=O)CC1=CC=CCC1)CN=C(C=CCNN)Nc1cc(C)[nH]n1,FDPXMVQVXADGKA-UHFFFAOYSA-N,True,True,True,414.558,1.6101,123.46,5,6,12,0.1532,3.359,O=C(CC1=CC=CCC1)NCCNCN=CNc1cc[nH]n1,6,False,False,True,selfies_token_mutation
CAND_c5a2bc585d,selfies,JAK2_9959650146,CCN(CCNC(=O)Cc1ccc(C)cc1)c1nn2cccc2n1NCC1=C(N)CNN1,BPSKQWZSUWHTGJ-UHFFFAOYSA-N,True,True,True,437.552,0.451,116.68,5,7,10,0.3127,3.736,O=C(Cc1ccccc1)NCCNc1nn2cccc2n1NCC1=CCNN1,6,False,False,True,selfies_token_mutation
CAND_3348240baa,selfies,JAK2_9959650146,CC=CC=CCC(=O)NCCN1NN2C=CCC(=NCO1)N1CC=C(C)N21,HTDJNBZELDSKFU-UHFFFAOYSA-N,True,True,True,373.461,1.2186,75.68,2,8,6,0.6782,3.13,C1=CN2NNOCN=C(C1)N1CC=CN21,9,False,True,True,selfies_token_mutation
CAND_f8198e4af0,selfies,JAK2_9959650146,Cc1cc(Nc2nc(N3CCN(C(=O)CC4=CC=CC4)CC3)nn3cccc23)n[nH]1,PCUQFGOTNYHRLK-UHFFFAOYSA-N,True,True,True,404.478,2.4294,94.45,2,6,5,0.6783,3.128,O=C(CC1=CC=CC1)N1CCN(c2nc(Nc3cc[nH]n3)c3cccn3n2)CC1,6,False,False,True,selfies_token_mutation
CAND_203c884c20,selfies,JAK2_9959650146,CCN(CCNC(=O)CC1=CC=CCC1)CN(Nc1cc(C)[nH]n1)c1cccn1N,QARINBDKUNQCAV-UHFFFAOYSA-N,True,True,True,412.542,2.129,107.24,4,6,11,0.2559,3.472,O=C(CC1=CC=CCC1)NCCNCN(Nc1cc[nH]n1)c1ccc[nH]1,6,False,False,True,selfies_token_mutation
CAND_b9e6b5c9e7,selfies,JAK2_9959650146,CC1=CC=C(CC(=O)N2CN(CN=C(C=CC=CN=NN)Nc3cc(C)[nH]n3)CC2C)C1,FXVQQINXIUQBCF-UHFFFAOYSA-N,True,True,True,437.552,3.0385,127.36,3,6,8,0.1438,3.486,O=C(CC1=CC=CC1)N1CCN(CN=CNc2cc[nH]n2)C1,5,False,False,True,selfies_token_mutation
CAND_78d1339076,selfies,JAK2_9959650146,CCN(CCNC(=O)CC1=CC=CCC1)N=C(Nc1cc(C)[nH]n1)c1cccn1N,BPFFFUBFYVRYQE-UHFFFAOYSA-N,True,True,True,410.526,2.1117,116.36,4,5,9,0.2187,3.211,O=C(CC1=CC=CCC1)NCCNN=C(Nc1cc[nH]n1)c1ccc[nH]1,6,False,False,True,selfies_token_mutation
CAND_4171a15644,selfies,JAK2_9959650146,Cc1cc(C(N)=NCN2CCNC(=O)CC3=CC=C(CC3)C2C)n[nH]1,YDHBIMOJAKQSCL-UHFFFAOYSA-N,True,True,True,342.447,1.2379,99.4,3,4,3,0.5683,3.125,O=C1CC2=CC=C(CC2)CN(CN=Cc2cc[nH]n2)CCN1,11,False,True,True,selfies_token_mutation
CAND_156116d17a,selfies,JAK2_9959650146,CC(=CCNc1nc(N2CCN(C(=O)CC3=CC=CCC3)CC2)nn2cccc12)NCl,UORGXTYRUKQHFT-UHFFFAOYSA-N,True,True,True,441.967,3.1035,77.8,2,6,7,0.6427,3.386,O=C(CC1=CC=CCC1)N1CCN(c2ncc3cccn3n2)CC1,6,False,False,True,selfies_token_mutation
CAND_d3f1299376,selfies,JAK2_bbc5da8cb1,CS(=O)(=O)C1=C=C(C=C2C=CNN=C3SNC(=CC=CCN4CCC(N5CCOCC5)CC4)C34N=C24)C=C1,GJGLUNSTZVYAQT-UHFFFAOYSA-N,True,True,True,552.726,2.0483,98.63,2,10,6,0.3818,4.826,C1=CC=CC=1C=C1C=CNN=C2SNC(=CC=CCN3CCC(N4CCOCC4)CC3)C23N=C13,8,False,True,True,selfies_token_mutation
CAND_f3cfb6c529,selfies,JAK2_bbc5da8cb1,O=S1(=O)C=CC=C(c2cccn3nc(Nc4cccc(N5CCC(N6CCOCC6)CC5)c4)nc23)C=CC1,BNJDZOPBHJIUBC-UHFFFAOYSA-N,True,True,True,532.67,3.6556,92.07,1,8,5,0.5325,4.34,O=S1(=O)C=CC=C(c2cccn3nc(Nc4cccc(N5CCC(N6CCOCC6)CC5)c4)nc23)C=CC1,8,False,True,True,selfies_token_mutation
CAND_69f9fc2774,selfies,JAK2_bbc5da8cb1,C=CC(=CCS(C)(=O)=O)c1cccn2nc(Nc3cccc(N4CCC(N5CCOCC5)CC4)c3)nc12,VHPDSGODATZFTO-UHFFFAOYSA-N,True,True,True,522.675,3.3879,92.07,1,8,8,0.4504,4.159,c1cc(Nc2nc3ccccn3n2)cc(N2CCC(N3CCOCC3)CC2)c1,6,False,False,True,selfies_token_mutation
CAND_70315c0601,selfies,JAK2_bbc5da8cb1,CC(C=CC=C1NN=C(N2CC=CC(N3CCC(N4CCOCC4)CC3)=C2N)C1C)=CC=CS(C)(=O)=O,IJQWZBKQSCVKIS-UHFFFAOYSA-N,True,True,True,528.723,2.2801,103.5,2,9,6,0.5064,3.993,C=C1CC(N2C=C(N3CCC(N4CCOCC4)CC3)C=CC2)=NN1,6,False,False,True,selfies_token_mutation
CAND_9586d6d731,selfies,JAK2_bbc5da8cb1,C=CC12C(=CC=CC1C=CCS(C)(=O)=O)NN=C2NC=CC=CC1=CC2CC(N3CCOCC3)CCN12,KOVIPUYQFXTPLJ-UHFFFAOYSA-N,True,True,True,523.703,2.4684,86.27,2,8,8,0.3735,5.165,C1=CCC2C(=C1)NN=C2NC=CC=CC1=CC2CC(N3CCOCC3)CCN12,6,False,False,True,selfies_token_mutation
CAND_74cbd174ee,selfies,JAK2_bbc5da8cb1,CN(C=CC=C1N=C2N=C1C1(N3CCOCC3)CCN(CC1)c1cccc(c1)N2)CC=CS(C)(=O)=O,XFQDFWCMHVDCAR-UHFFFAOYSA-N,True,True,True,510.664,2.4816,89.84,1,9,6,0.6289,4.343,C=C1N=C2N=C1C1(N3CCOCC3)CCN(CC1)c1cccc(c1)N2,11,False,True,True,selfies_token_mutation
CAND_91e7ab0334,selfies,JAK2_bbc5da8cb1,CS(=O)(=O)C=CC=Cc1cccn2nc[nH]c3c(nc12)=C1CC(N2CCOCC2)CCN1CC=CC=3,FGKOSRAYLGGLCY-UHFFFAOYSA-N,True,True,True,508.648,1.0084,95.83,1,7,4,0.6161,4.331,C1=CCN2CCC(N3CCOCC3)CC2=c2nc3ccccn3nc[nH]c2=C1,8,False,True,True,selfies_token_mutation
CAND_c13250c0c8,selfies,JAK2_bbc5da8cb1,CC(C=CC=C1NN=C(N2C=CCC(N3CCC(N4CCOCC4)CC3)=C2N)C1C)=CC=CS(C)(=O)=O,YWYJLJXBRHWZBA-UHFFFAOYSA-N,True,True,True,528.723,2.6277,103.5,2,9,6,0.5074,3.993,C=C1CC(N2C=CCC(N3CCC(N4CCOCC4)CC3)=C2)=NN1,6,False,False,True,selfies_token_mutation
CAND_f8de5ce60b,selfies,JAK2_bbc5da8cb1,CS(=O)(=O)c1ccc(-c2cccn3nc(Nc4cccc(NCCC5C(N)C6COCCN56)c4)nc23)cc1,DUPTYHMPIRFZPH-UHFFFAOYSA-N,True,True,True,533.658,2.7557,126.88,3,9,8,0.3133,4.97,c1ccc(-c2cccn3nc(Nc4cccc(NCCC5CC6COCCN56)c4)nc23)cc1,6,False,False,True,selfies_token_mutation
CAND_2c24670c71,selfies,JAK2_bbc5da8cb1,C[SH]1C=CC=C(CC=Cn2cnc(Nc3cccc(N4CCC(N5CCOCC5)CC4)c3)n2)CC1=O,PKFRBTGUCOHLQO-UHFFFAOYSA-N,True,True,True,508.692,4.1849,75.52,2,7,7,0.5435,4.207,O=C1CC(CC=Cn2cnc(Nc3cccc(N4CCC(N5CCOCC5)CC4)c3)n2)=CC=CS1,7,False,False,True,selfies_token_mutation
CAND_457e50ce6d,selfies,JAK2_bbc5da8cb1,CS(=O)(=O)C=C1CC=CC2=CNN=C3NC=CC=C4CNCC5CCOCC5CC4=C3N=C21,GZIULIHCMFHIEA-UHFFFAOYSA-N,True,True,True,467.595,2.0598,104.18,3,8,1,0.5454,3.978,C=C1CC=CC2=CNN=C3NC=CC=C4CNCC5CCOCC5CC4=C3N=C12,8,False,True,True,selfies_token_mutation
CAND_5ea4bb8ddb,selfies,JAK2_dc987bb327,CNCN(Cl)C=C1C=CC(NCN=CC=CC=C(NPN)c2ccccc2N(C)S(C)(=O)=O)=C1,ROQFVRUUMSXVEF-UHFFFAOYSA-N,True,True,True,524.031,2.6245,115.09,4,8,13,0.1032,4.217,C=C1C=CC(NCN=CC=CC=Cc2ccccc2)=C1,6,False,False,True,selfies_token_mutation
CAND_b5398e1c8f,selfies,JAK2_dc987bb327,CN1CS(=O)(=O)N(C)C2=CCOC=C2c2ccc(C=NCNC3=CC=C(N4CCNCC4)C3Cl)n21,SUWLOJAZVQJREZ-UHFFFAOYSA-N,True,True,True,520.059,0.8036,94.44,2,8,5,0.4388,4.52,O=S1(=O)CNn2c(C=NCNC3=CC=C(N4CCNCC4)C3)ccc2C2=COCC=C2N1,8,False,True,True,selfies_token_mutation
CAND_25ec6eec84,selfies,JAK2_dc987bb327,CN(c1ccccc1C1=CC=CC=NNCNC(C=CCl)=CC=CN2CCCN1CC2)S(C)(=O)=O,WVOKGRZMQQOLDZ-UHFFFAOYSA-N,True,True,True,517.099,3.2734,80.28,2,7,4,0.6391,4.378,C1=CC=C(c2ccccc2)N2CCCN(C=CC=CNCNN=C1)CC2,17,True,False,True,selfies_token_mutation
CAND_3a147ebd92,selfies,JAK2_dc987bb327,C=Nn1c(C=NCNC2=CC(=CN3CCC(NC)C3)C(Cl)=C2)ccc1-c1ccccc1N(C)S(C)(=O)=O,CLISQESCCYJXLX-UHFFFAOYSA-N,True,True,True,542.109,3.1784,94.33,2,7,10,0.4506,4.567,C1=CC(NCN=Cc2ccc(-c3ccccc3)[nH]2)=CC1=CN1CCCC1,6,False,False,True,selfies_token_mutation
CAND_a2e7f77b01,selfies,JAK2_dc987bb327,CN(SSCC(N)=O)c1ccccc1C1=CC=CC=NCNC(CCl)=CC=CN2CCNC1C2,DRWGUIXUJLUMED-UHFFFAOYSA-N,True,True,True,519.14,3.3858,85.99,3,8,7,0.2896,5.015,C1=CC=C(c2ccccc2)C2CN(C=CC=CNCN=C1)CCN2,15,True,False,True,selfies_token_mutation
CAND_451e3035be,selfies,JAK2_dc987bb327,CN(c1ccccc1[SH]1C=CC=C1C=NCNC(C=CCl)=CC=CN1CCCNCC1)S(C)(=O)=O,ORFMKYLRZNFOFM-UHFFFAOYSA-N,True,True,True,536.167,3.917,77.04,3,6,10,0.2404,4.284,C(C=CN1CCCNCC1)=CNCN=CC1=CC=C[SH]1c1ccccc1,7,False,False,True,selfies_token_mutation
CAND_cff7b9d458,selfies,JAK2_dc987bb327,CNCCN(Cl)C=CC1=C(NSCN=CC=C2C=C(C=CC=CC=CNCCS(C)(=O)=O)N2N)C=C1,GJUYGAVMGYALTQ-UHFFFAOYSA-N,True,True,True,552.17,2.4827,115.09,4,10,17,0.054,4.123,C1=CC(NSCN=CC=C2C=CN2)=C1,4,False,False,True,selfies_token_mutation
CAND_1447a0362c,selfies,JAK2_dc987bb327,CNCCN(Cl)Sc1ccc(Nc2ncc3ccc(-c4ccccc4N(C)S(C)(=O)=O)n3n2)cc1,DRNSMPGGACXZRV-UHFFFAOYSA-N,True,True,True,532.095,4.218,94.87,2,8,10,0.2319,4.262,c1ccc(Nc2ncc3ccc(-c4ccccc4)n3n2)cc1,6,False,False,True,selfies_token_mutation
CAND_c465554f48,selfies,JAK2_dc987bb327,CN(SCC(=O)ON)c1ccccc1C1=CC2=CC=NCNC(=CC=CN3CCN(CC3)C1)C2NCl,JSSGFHILDKMJAA-UHFFFAOYSA-N,True,True,True,530.098,2.27,98.46,3,10,6,0.291,5.401,C1=CN2CCN(CC2)CC(c2ccccc2)=CC2=CC=NCNC(=C1)C2,13,True,False,True,selfies_token_mutation
CAND_67be011ae6,selfies,JAK2_dc987bb327,NOC(=O)CN(S)c1ccccc1C1=CC=C=NCNC2=CC=CN3CC1NC(C3)C2Cl,IVSCWAGVYBDOMV-UHFFFAOYSA-N,True,True,True,473.002,1.5857,95.22,4,9,4,0.3001,5.133,C1=CC=C(c2ccccc2)C2CN3C=CC=C(CC(C3)N2)NCN=1,12,True,False,True,selfies_token_mutation
CAND_c712ed785e,selfies,JAK2_dc987bb327,CCN1C=CC=C(NCN=CC=Cc2c(NN)cc(O)cc2N(C)S(C)=O)C=C(Cl)C1CNCl,PXIXGIXDXFSFAO-UHFFFAOYSA-N,True,True,True,528.51,3.0064,118.25,5,8,11,0.1297,4.867,C1=CNCC=CC(NCN=CC=Cc2ccccc2)=C1,8,False,True,True,selfies_token_mutation
CAND_2b4b75c559,selfies,JAK2_70edd2cf07,ClC#CNC=NC=CC1=NNCC=CC#CC=C1,ROKZNNFNDABIJH-UHFFFAOYSA-N,True,True,True,258.712,1.3502,48.78,2,3,3,0.3475,2.125,C1#CC=CCNN=CC=C1,10,False,True,True,selfies_token_mutation
CAND_18ee99790e,selfies,JAK2_70edd2cf07,C=CC(Cl)=CC=CC(C=C1N=CNC=C(C(=O)N=NCC(=O)N2CC(C#N)C2C2CC2)C=N1)=NNC,LSVGCYIGVYOXJU-UHFFFAOYSA-N,True,True,True,507.986,2.5937,147.03,2,9,9,0.2129,4.753,C=C1N=CNC=C(C(=O)N=NCC(=O)N2CCC2C2CC2)C=N1,8,False,True,True,selfies_token_mutation
CAND_da13eb2a59,selfies,JAK2_70edd2cf07,CNN=C(C=C1N=CNC=C(CC(=O)N[C@@H](C(=O)N2CC(C#N)C2)C2CC2)C=N1)c1ccc(Cl)cc1,JJBSJLJLCZKDAG-XMMPIXPASA-N,True,True,True,506.998,1.958,134.34,3,8,8,0.3657,4.622,N=C(C=C1N=CNC=C(CC(=O)N[C@@H](C(=O)N2CCC2)C2CC2)C=N1)c1ccccc1,8,False,True,True,selfies_token_mutation
CAND_3f206a4c03,selfies,JAK2_70edd2cf07,CNN=C(C=C1N=c2c(C(=O)N[C@@H](C(=O)N3CC(C#N)C3)C3CC3)c[nH]c2=NN1)c1ccc(Cl)cc1,PAYOACYUJGXVSI-HXUWFJFHSA-N,True,True,True,505.97,0.381,150.13,4,8,7,0.3167,4.192,N=C(C=C1N=c2c(C(=O)N[C@@H](C(=O)N3CCC3)C3CC3)c[nH]c2=NN1)c1ccccc1,6,False,False,True,selfies_token_mutation
CAND_d129610859,selfies,JAK2_70edd2cf07,N#CC1CN(C(=O)[C@H](NC(=O)c2c[nH]c3ncc(N4NCc5cc(Cl)ccc54)nc23)C2CC2)C1,MUFQEDHVYZIXEN-LJQANCHMSA-N,True,True,True,476.928,2.258,130.04,3,7,5,0.5145,3.78,O=C(N[C@@H](C(=O)N1CCC1)C1CC1)c1c[nH]c2ncc(N3NCc4ccccc43)nc12,6,False,False,True,selfies_token_mutation
CAND_1bab43cd1a,selfies,JAK2_70edd2cf07,CC12CC3NC(CC3C#N)[C@@H](C1)NC(=O)C1=CNC=NC=CC3=NNC1C2=CC(Cl)=C3,JUSRLWYOQXCKGX-TWIXUTJCSA-N,True,True,True,437.935,1.5612,113.7,4,7,0,0.459,4.189,O=C1N[C@@H]2CC(CC3CCC2N3)C2=CC=CC3=NNC2C1=CNC=NC=C3,11,False,True,True,selfies_token_mutation
CAND_cd21eb9dd9,selfies,JAK2_70edd2cf07,CC[C@H](CC=O)NOC(C)C1=CNC=NC=CC2=NNC(N=C1)c1cc(Cl)ccc12,NWBHUVPXPCKTSE-CXJKMVGQSA-N,True,True,True,428.924,3.0231,99.47,3,8,7,0.4576,5.013,C1=CNC=NC=CC2=NNC(N=C1)c1ccccc12,13,True,False,True,selfies_token_mutation
CAND_ef948fd2ca,selfies,JAK2_70edd2cf07,N#CC1CN(C(=O)[C@H](NC(=O)c2c[nH]c3ncc(C4=NNCc5cc(Cl)ccc54)nc23)C2CC2)C1,UUKNJRYEBMSATH-LJQANCHMSA-N,True,True,True,488.939,1.9573,139.16,3,7,5,0.5013,3.847,O=C(N[C@@H](C(=O)N1CCC1)C1CC1)c1c[nH]c2ncc(C3=NNCc4ccccc43)nc12,6,False,False,True,selfies_token_mutation
CAND_7187d5d3e2,selfies,JAK2_70edd2cf07,N#CC12CN(C1)C(=O)[C@@H](C1CC1)NC(=O)c1c[nH]cnccc3n[nH]c(c12)-c1cc(Cl)ccc1-3,HKTRJEJWIVOLEH-HXUWFJFHSA-N,True,True,True,473.924,2.808,130.56,3,5,1,0.4999,4.463,O=C1N[C@H](C2CC2)C(=O)N2CC(C2)c2c1c[nH]cnccc1n[nH]c2-c2ccccc2-1,12,True,False,True,selfies_token_mutation
CAND_f20e3fe9be,selfies,JAK2_70edd2cf07,N#CC1CCC2CC3=CC(Cl)=CCC4=NNC3C(=CNC=NC=C4)C(=O)N[C@H](C2)C(=O)N1,KYNCKMWEQYFRAG-OOGVXFSASA-N,True,True,True,453.934,1.4795,130.77,4,7,0,0.441,4.077,O=C1N[C@@H]2CC(CCCNC2=O)CC2=CC=CCC3=NNC2C1=CNC=NC=C3,11,False,True,True,selfies_token_mutation
CAND_f948a43e6a,selfies,JAK2_70edd2cf07,O=CC1=CNC=NC=CC2=NNC1C=CC(Cl)=CC2,ZJVCMTSKJJFXCG-UHFFFAOYSA-N,True,True,True,276.727,1.6112,65.85,2,5,1,0.7153,2.375,C1=CCC2=NNC(C=C1)C=CNC=NC=C2,11,False,True,True,selfies_token_mutation
CAND_c918edb1a8,selfies,JAK2_772111c41c,CC=CC1=NNc2ccc(S(C)(=O)=O)c(c2)C(=O)N2CCN(CC2)c2nc(c3cccn3n2)N1,NVRHJZZDUPNCTO-UHFFFAOYSA-N,True,True,True,480.554,1.8222,124.3,2,9,2,0.5693,4.375,O=C1c2cccc(c2)NN=CNc2nc(nn3cccc23)N2CCN1CC2,15,True,False,True,selfies_token_mutation
CAND_e3e3e33b43,selfies,JAK2_772111c41c,COC(=O)CSc1ccccc1C(=O)N1CC(NC(N=CNC2C=C(C)N2)n2cccc2)C1=N,ZKANPEWZONLELL-UHFFFAOYSA-N,True,True,True,481.582,1.7518,123.84,4,8,10,0.1764,4.731,N=C1C(NC(N=CNC2C=CN2)n2cccc2)CN1C(=O)c1ccccc1,6,False,False,True,selfies_token_mutation
CAND_7f357f8cd5,selfies,JAK2_772111c41c,CCON(CNC(N=CNC1=NNCC=C1)=Nn1cccc1)C1(C)C=CC=C1[SH](C)NO,KYQLVUUYNFRSDH-UHFFFAOYSA-N,True,True,True,461.596,1.2358,122.83,6,7,9,0.1075,3.995,C1=CC(NCNC(N=CNC2=NNCC=C2)=Nn2cccc2)C=C1,6,False,False,True,selfies_token_mutation
CAND_6edee7ee90,selfies,JAK2_772111c41c,CC1=CC(NC=NC(=NNC=CC=CCl)N2CCN(C(=O)c3ccccc3CC(=O)O)CC2)N1,PHTIKSOQCPLQQQ-UHFFFAOYSA-N,True,True,True,485.976,1.6493,121.66,4,5,8,0.191,3.755,N=C(N=CNC1C=CN1)N1CCN(C(=O)c2ccccc2)CC1,6,False,False,True,selfies_token_mutation
CAND_e63ba7098c,selfies,JAK2_772111c41c,CS(=O)(=O)C1=CC=CC=CC(=O)N2CCN(c3n[nH]ccccc(NC4C=CCN4)n3)C1C2,OAHDRSDKUUZILM-UHFFFAOYSA-N,True,True,True,469.571,0.8982,123.32,3,8,4,0.556,4.164,O=C1C=CC=CC=CC2CN1CCN2c1n[nH]ccccc(NC2C=CCN2)n1,10,False,True,True,selfies_token_mutation
CAND_64a53529ce,selfies,JAK2_772111c41c,CS(=O)(=O)c1ccccc1C(=O)N1CCNC2(N=CN(C3C=CCN3)c3cccn32)C1=N,QKARKTSHFGMQHN-UHFFFAOYSA-N,True,True,True,453.528,0.5586,122.89,3,8,3,0.5839,3.65,N=C1N(C(=O)c2ccccc2)CCNC12N=CN(C1C=CCN1)c1cccn12,6,False,False,True,selfies_token_mutation
CAND_c75e30f1bc,selfies,JAK2_772111c41c,O=C(O)C(=O)N1CCNC2=Nn3cccc3C3NN=C(C=C3CC1)NCO2,UHLUJGXHYBFVKF-UHFFFAOYSA-N,True,True,True,373.373,-1.0248,132.58,4,8,0,0.4278,3.78,C1=C2CCNCCNC3=Nn4cccc4C2NN=C1NCO3,12,True,False,True,selfies_token_mutation
CAND_e41622a7fd,selfies,JAK2_772111c41c,CS(=O)(=O)c1ccccc1C(=O)N1CCN(C(N=CC2=NNCC=C2)=NNC=CCCl)SC1,BZEOBOYHHCRBQM-UHFFFAOYSA-N,True,True,True,510.045,1.6529,118.83,2,8,6,0.1966,3.389,N=C(N=CC1=NNCC=C1)N1CCN(C(=O)c2ccccc2)CS1,6,False,False,True,selfies_token_mutation
CAND_6dd4fc99b7,selfies,JAK2_772111c41c,CS(=O)(=O)CC=CC=CC(=O)NCCNPC1=C=Nn2cccc2N(C2=NNCC=C2)C=N1,IUHBKHOMZCTPQF-UHFFFAOYSA-N,True,True,True,488.514,0.5398,132.55,3,9,9,0.2012,4.395,C1=CN=CN(C2=NNCC=C2)c2cccn2N=1,8,False,True,True,selfies_token_mutation
CAND_70410126d1,selfies,JAK2_772111c41c,CS(=O)(=O)c1ccccc1C(=O)N1CCN(C2=NNC=CC=C(N)CC3=CC(NC=N2)N3)CC1,POGZQQHBCPTNQC-UHFFFAOYSA-N,True,True,True,484.586,-0.1004,144.52,4,10,2,0.4555,4.648,O=C(c1ccccc1)N1CCN(C2=NNC=CC=CCC3=CC(NC=N2)N3)CC1,14,True,False,True,selfies_token_mutation
CAND_de48e15237,selfies,JAK2_797aa2ddf2,C[C@H](O)CN1CCN(c2ccc(Oc3ncc4ccc(-c5ccccc5N(C)S(C)(=O)=O)n4n3)cc2)CC1,JLWUNWWQUXUTSK-FQEVSTJZSA-N,True,True,True,536.658,3.0872,103.51,1,8,8,0.3666,4.487,c1ccc(-c2ccc3cnc(Oc4ccc(N5CCNCC5)cc4)nn23)cc1,6,False,False,True,selfies_token_mutation
CAND_56c2e2aab5,selfies,JAK2_797aa2ddf2,CC1C2=CC=CN(C)CC1NC([C@H](C)O)C(c1ccccc1N(C)S(C)(=O)=O)=CC=CC=NCN2,GBVMVVNKDKTHKE-QJNIBMDTSA-N,True,True,True,499.681,2.3402,97.27,3,7,4,0.5885,5.282,C1=CC=C(c2ccccc2)CNC2CNC=CC=C(C2)NCN=C1,13,True,False,True,selfies_token_mutation
CAND_ccc51287d6,selfies,JAK2_797aa2ddf2,C[CH]COC1CN(C=CC=C(CC)NC2=NN3C(CCS(C)(=O)=O)=CC=CC=CC4=CC4=C3C=N2)CCN1,KQXMUZVUEFIYJS-UHFFFAOYSA-N,True,True,True,537.71,3.1518,98.63,2,9,10,0.4133,5.043,C1=CC=CN2N=C(NC=CC=CN3CCNCC3)N=CC2=C2C=C2C=C1,10,False,True,True,selfies_token_mutation
CAND_02b2196c7c,selfies,JAK2_797aa2ddf2,CCNN1C=CC=C(NCN=NC=CC=C(N=NPN)c2ccccc2N(C)S(C)(=O)=O)C=CC[C@H](O)CNCC1,RCYNXRQAMUXTLO-QHCPKHFHSA-N,True,True,True,604.722,2.9902,172.4,5,12,12,0.1376,6.115,C(C=Cc1ccccc1)=CN=NCNC1=CC=CNCCNCCCC=C1,13,True,False,True,selfies_token_mutation
CAND_755a416806,selfies,JAK2_797aa2ddf2,CC1C(NCN=CC=CC=C2C=C=CC=C2N2C[SH]2C(=O)ON)=CC=CN2CC[C@H](O)CN1C2,RGCTYWMKAZKXGO-LNOFZLLSSA-N,True,True,True,484.626,2.0211,106.43,4,9,6,0.1492,4.998,C1=CC=C(N2CS2)C(=CC=CC=NCNC2=CC=CN3CCCCN(C2)C3)C=1,8,False,True,True,selfies_token_mutation
CAND_8281cfb48a,selfies,JAK2_797aa2ddf2,C[C@H](O)CNC1CCN(C=C2C=CC(NCN=CC=C3C=C(c4ccccc4N(C)[SH](C)(=O)O)ON3N)=C2)C1,ZEIWQMBUHLWERX-AJZOCDQUSA-N,True,True,True,557.721,1.5032,138.92,6,9,11,0.1358,5.029,C1=CC(NCN=CC=C2C=C(c3ccccc3)ON2)=CC1=CN1CCCC1,6,False,False,True,selfies_token_mutation
CAND_797aa2ddf2,selfies,JAK2_797aa2ddf2,C[C@H](O)CN1CCN(c2ccc(Nc3ncc4ccc(-c5ccccc5N(C)S(C)(=O)=O)n4n3)cc2)CC1,PUVCWOYYOGTJQF-FQEVSTJZSA-N,True,True,False,535.674,3.0385,106.31,2,8,8,0.3547,4.482,c1ccc(-c2ccc3cnc(Nc4ccc(N5CCNCC5)cc4)nn23)cc1,6,False,False,True,selfies_token_mutation
CAND_2c4ff1a208,selfies,JAK2_797aa2ddf2,CCC1C(N2CN=CC=CC=C3c4c(cccc4N(C)S(C)(=O)=O)N32)=CC=CNC1CNCOC(C)C,BXHTYNRGDCWBMF-UHFFFAOYSA-N,True,True,True,526.707,3.4261,89.51,2,8,9,0.3765,5.107,C1=CC=C2c3ccccc3N2N(C2=CC=CNCC2)CN=C1,9,False,True,True,selfies_token_mutation
CAND_de9cd72a91,selfies,JAK2_797aa2ddf2,CN(c1ccccc1-c1ccc2cnc(NCC=CN3C=CCCC([CH]O)NCC3)nn12)S(C)(=O)=O,ADXAYBQTPZCIPD-UHFFFAOYSA-N,True,True,True,510.644,2.8197,115.1,3,8,8,0.4239,4.642,C1=CN(C=CCNc2ncc3ccc(-c4ccccc4)n3n2)CCNCCC1,9,False,True,True,selfies_token_mutation
CAND_c236a64cf6,selfies,JAK2_797aa2ddf2,CN(c1cccc2c1C(=CC=CC=NCNC1=CC=CN3CCNCC[C@@H](O)C13)N2)S(C)(=O)=O,GBZBWUAHZLZXOM-LETIRJCYSA-N,True,True,True,484.626,1.4589,109.3,4,8,7,0.434,4.623,C(=CC=C1Nc2ccccc21)C=NCNC1=CC=CN2CCNCCCC12,8,False,True,True,selfies_token_mutation
CAND_c7474e3e57,selfies,JAK2_d3fbad0d44,COC=C1C=CC(CC(=O)NC2CCN(CN=C(NCC3=C[SH](C)NN3)c3cccn3N)C2)=C1,UQQPIEPQOVRUOG-UHFFFAOYSA-N,True,True,True,486.646,0.5979,120.97,6,7,9,0.0994,4.384,C=C1C=CC(CC(=O)NC2CCN(CN=C(NCC3=CSNN3)c3ccc[nH]3)C2)=C1,5,False,False,True,selfies_token_mutation
CAND_e0638e79da,selfies,JAK2_d3fbad0d44,COC=C1C=CC(CC(=O)NC2CCN(CN=C(C=C=CC=CNN)Nc3cc(C)[nH]n3)C2)=C1,GKRXUUAJZXCMQB-UHFFFAOYSA-N,True,True,True,464.574,1.7814,132.69,5,7,10,0.0678,3.887,C=C1C=CC(CC(=O)NC2CCN(CN=CNc3cc[nH]n3)C2)=C1,5,False,False,True,selfies_token_mutation
CAND_46d1ee4e40,selfies,JAK2_d3fbad0d44,COc1ccc(CC(C)ONCCN(C)CN=C(Nc2cc(C)[nH]n2)c2cccn2N)cc1,QRVCXSRSXQWKMR-UHFFFAOYSA-N,True,True,True,454.579,2.1424,117.75,4,7,12,0.1089,4.081,c1ccc(CCONCCNCN=C(Nc2cc[nH]n2)c2ccc[nH]2)cc1,6,False,False,True,selfies_token_mutation
CAND_143e90fbe5,selfies,JAK2_d3fbad0d44,CC1=CCN2C3=NCN4C(=NN(C=CC3)N12)CNC(=O)C(C1=CC=COCC1)C4C,JUDGXHAMYVVMEU-UHFFFAOYSA-N,True,True,True,409.494,1.5372,76.01,1,8,1,0.7081,3.656,O=C1NCC2=NN3C=CCC(=NCN2CC1C1=CC=COCC1)N1CC=CN31,9,False,True,True,selfies_token_mutation
CAND_e8e6a3bd29,selfies,JAK2_d3fbad0d44,Cc1cc(Nc2nc(N3CCN(C(=O)Cc4ccc(O)cc4)CC3)nn3cccc23)n[nH]1,MOUUMNIQSJMKPS-UHFFFAOYSA-N,True,True,True,432.488,2.1013,114.68,3,7,5,0.4424,3.283,O=C(Cc1ccccc1)N1CCN(c2nc(Nc3cc[nH]n3)c3cccn3n2)CC1,6,False,False,True,selfies_token_mutation
CAND_22a0918f6a,selfies,JAK2_d3fbad0d44,C=C1CN(c2nc(Nc3cc(C)[nH]n3)c3cccn3n2)CCC(CC2=CC=COC2)N1,LXHBPRIJPLOCFR-UHFFFAOYSA-N,True,True,True,418.505,3.0468,95.4,3,7,5,0.5861,3.456,C=C1CN(c2nc(Nc3cc[nH]n3)c3cccn3n2)CCC(CC2=CC=COC2)N1,7,False,False,True,selfies_token_mutation
CAND_8e56dc689a,selfies,JAK2_d3fbad0d44,COC=C1C=CC(CC(=O)NC2CCN(CN3N=C(Nc4cc(C)[nH]n4)c4cccn4N3)C2)=C1,LSBDHJSXHMCTGQ-UHFFFAOYSA-N,True,True,True,463.546,1.632,114.84,4,8,7,0.4616,3.956,C=C1C=CC(CC(=O)NC2CCN(CN3N=C(Nc4cc[nH]n4)c4cccn4N3)C2)=C1,6,False,False,True,selfies_token_mutation
CAND_2f2efda105,selfies,JAK2_d3fbad0d44,COC=C1C=C=CC(CC(=O)N2CCN(c3nc(NCC=C(C)NN)c4cccn4n3)CC2)=C1,SDOGDPXTARZKEO-UHFFFAOYSA-N,True,True,True,462.558,1.7286,113.05,3,8,8,0.2353,3.625,C=C1C=C=CC(CC(=O)N2CCN(c3ncc4cccn4n3)CC2)=C1,6,False,False,True,selfies_token_mutation
CAND_39cdeb7dcc,selfies,JAK2_d3fbad0d44,COc1ccc(CC(=O)N2CCN(C3=NN4C=CCC(=N3)CCC3=CCCNN34)CC2)cc1,JGBLCAYBJBCQIM-UHFFFAOYSA-N,True,True,True,449.559,2.1163,76.01,1,8,3,0.762,3.628,O=C(Cc1ccccc1)N1CCN(C2=NN3C=CCC(=N2)CCC2=CCCNN23)CC1,9,False,True,True,selfies_token_mutation
CAND_2652315dae,selfies,JAK2_d3fbad0d44,COC=C1C=CC(CC(=O)NC2CCN(CN=C(NCc3cn[nH]c3C)c3cccn3N)C2)=C1,BYOFBQHFYIOORO-UHFFFAOYSA-N,True,True,True,464.574,1.3344,125.59,4,6,9,0.1921,4.012,C=C1C=CC(CC(=O)NC2CCN(CN=C(NCc3cn[nH]c3)c3ccc[nH]3)C2)=C1,5,False,False,True,selfies_token_mutation
CAND_913fa4f21b,selfies,JAK2_d3fbad0d44,COC=CC=CCC(=O)NCCNOc1nc(Nc2cc(C)[nH]n2)c2cccn2n1,NDZDTVMUBDILLX-UHFFFAOYSA-N,True,True,True,412.454,1.6104,130.49,4,8,11,0.1617,3.472,c1cc2c(Nc3cc[nH]n3)ncnn2c1,6,False,False,True,selfies_token_mutation
CAND_5f1a0ff638,selfies,JAK2_d3fbad0d44,COC=C1C=C2CC(=O)CCN(CC1C)c1nc(c3cccn3n1)Nc1n[nH]c(C)c1N2,IYZLTQLUCPRPPD-UHFFFAOYSA-N,True,True,True,434.504,3.1495,112.47,3,8,1,0.5009,4.244,C=C1C=C2CC(=O)CCN(CC1)c1nc(c3cccn3n1)Nc1n[nH]cc1N2,13,True,False,True,selfies_token_mutation
CAND_5570d1b4fb,selfies,JAK2_14588c086c,CC(C)(C)NS(=O)(=O)c1cccc(-c2ccc3cnc(Nc4ccc(N5CCCNCC5)cc4)nn23)c1,ASLMNALKHDHRLU-UHFFFAOYSA-N,True,True,True,519.675,4.0164,103.66,3,7,6,0.3536,3.893,c1ccc(-c2ccc3cnc(Nc4ccc(N5CCCNCC5)cc4)nn23)cc1,7,False,False,True,selfies_token_mutation
CAND_4ba6db14a3,selfies,JAK2_14588c086c,C=CC=C(C=CC=CC1=C2C=CC(=NCNC3=C(CNCCNC)C(Cl)=C3)NN12)S(=O)(=O)NC(C)(C)C,NRYJKXVAGOTJAZ-UHFFFAOYSA-N,True,True,True,546.141,2.6332,109.66,5,7,14,0.1685,4.34,C1=CC(NCN=C2C=CC3=CN3N2)=C1,6,False,False,True,selfies_token_mutation
CAND_bb013c0f5e,selfies,JAK2_14588c086c,CN1CCN(c2ccc(Nc3ncc4ccc(-c5cccc(S(=O)(=O)NC(C)(C)C)c5)n4n3)nc2Cl)CC1,QBJFKZMXMPHQNA-UHFFFAOYSA-N,True,True,True,555.108,4.0169,107.76,2,8,6,0.3441,4.089,c1ccc(-c2ccc3cnc(Nc4ccc(N5CCNCC5)cn4)nn23)cc1,6,False,False,True,selfies_token_mutation
CAND_ed4fdb34b1,selfies,JAK2_14588c086c,C=CC1=CC=CON(Cl)CCNCC(C=CC=CC(CN)S(=O)(=O)NC(C)(C)C)=CC=CC=NCN1,JCOGGRGKNJUOLC-UHFFFAOYSA-N,True,True,True,539.146,2.8187,121.08,4,8,7,0.2903,4.626,C1=CC=NCNC=CC=CONCCNCC=C1,18,True,False,True,selfies_token_mutation
CAND_e6a9e2de5e,selfies,JAK2_14588c086c,CNCC=NOC=C1C=C(NCN=Cc2ccc(-c3cccc(S(=O)(=O)NC(C)(C)C)c3)n2CN)C=C1F,PMXNDJHEVGUVGG-UHFFFAOYSA-N,True,True,True,543.669,2.9707,135.13,4,8,12,0.1847,4.326,C=C1C=CC(NCN=Cc2ccc(-c3ccccc3)[nH]2)=C1,6,False,False,True,selfies_token_mutation
CAND_0fe1b5a640,selfies,JAK2_14588c086c,CC(C)(C)NS(=O)(=O)C1=C(N)C(=C=CC=NCNC2=CC=CC3CNC23)C=CC1,BDJBIYNPUVSORQ-UHFFFAOYSA-N,True,True,True,415.563,1.5756,108.61,4,6,6,0.389,3.364,C(=CC=NCNC1=CC=CC2CNC12)=C1C=CCC=C1,6,False,False,True,selfies_token_mutation
CAND_959bb3f790,selfies,JAK2_14588c086c,C=C(C=CC=CC1=CC=CC2=NCN(C(C=CCl)=CC=CN3CCNOCC3)NN12)S(=O)NC(C)(C)C,XRPSRBHJZSEZBE-UHFFFAOYSA-N,True,True,True,546.141,3.4981,84.47,3,8,9,0.3824,4.215,C1=CC2=NCN(C=CC=CN3CCNOCC3)NN2C=C1,7,False,False,True,selfies_token_mutation
CAND_ab9a95354f,selfies,JAK2_14588c086c,CNCC1CCN1C=CC1=C(NCN=c2ccc3c([nH]2)OC=CC=CC(S(=O)(=O)NC(C)(C)C)=C=CN3)C=C1Cl,HDGBWVMQVHULEA-UHFFFAOYSA-N,True,True,True,586.162,3.2489,122.88,5,8,9,0.282,5.187,C1=CC=CC=COc2[nH]c(=NCNC3=C(C=CN4CCC4)C=C3)ccc2NC=1,11,False,True,True,selfies_token_mutation
CAND_ed111e0e4b,selfies,JAK2_14588c086c,CC(C)(C)NS(=O)(=O)c1cccc(-c2ccc3cnc(NC(C=CCl)=CCN4CCNCC4)nn23)c1,QHADUFOHMJXHTR-UHFFFAOYSA-N,True,True,True,530.098,3.4266,103.66,3,7,8,0.384,4.001,C(=CNc1ncc2ccc(-c3ccccc3)n2n1)CN1CCNCC1,6,False,False,True,selfies_token_mutation
CAND_0a68cc094a,selfies,JAK2_14588c086c,C=CC(C)(C)N[SH](O)C(N)C=CC=CC1=CC=CC=NCNC2=CC=CN3CC1NC(C3)C2Cl,XOAAENGSJPYLDZ-UHFFFAOYSA-N,True,True,True,505.132,3.1021,97.94,6,7,7,0.1379,5.687,C1=CC=NCNC2=CC=CN3CC(C=C1)NC(C2)C3,13,True,False,True,selfies_token_mutation
CAND_35811d5578,selfies,JAK2_14588c086c,CNCCN1C=CC2=CNCN=CC=CC=CCC=CC(SC=O)=CN2N1,NRXMEBSUTAOOJW-UHFFFAOYSA-N,True,True,True,386.525,2.0531,72.0,3,8,5,0.6248,3.528,C1=CC=NCNC=C2C=CNNN2C=CC=CCC=C1,16,True,False,True,selfies_token_mutation
CAND_5139a722e4,selfies,JAK2_8b297816a9,CC(CF)S(=O)(=O)c1ccc(-c2cccn3nc(Nc4cccc(N5CCN(C)CC5)c4)cc23)cc1,KWBIGPSOOBVWTA-UHFFFAOYSA-N,True,True,True,507.635,4.6284,69.95,1,6,7,0.3935,4.201,c1ccc(-c2cccn3nc(Nc4cccc(N5CCNCC5)c4)cc23)cc1,6,False,False,True,selfies_token_mutation
CAND_57d607cdfd,selfies,JAK2_8b297816a9,CC(C=CC=C1NN=C(n2ccc(NC3CCCN(N)C3)c2N)C1C)=CC=CS(=O)(=O)C(C)C,WDWLBUDYVKPKMD-UHFFFAOYSA-N,True,True,True,487.674,2.9445,130.77,4,8,7,0.3435,3.89,C=C1CC(n2ccc(NC3CCCNC3)c2)=NN1,6,False,False,True,selfies_token_mutation
CAND_480fee8ed1,selfies,JAK2_8b297816a9,CC1CC(C=CC=CNN=CNCCl)=CC=CS1(=O)=O,IETATGKYHLTRSE-UHFFFAOYSA-N,True,True,True,315.826,2.0222,70.56,2,4,6,0.1964,2.25,O=S1(=O)C=CC=CCC1,7,False,False,True,selfies_token_mutation
CAND_f2aef14dcc,selfies,JAK2_8b297816a9,CC(C)S(=O)(=O)c1ccc(-c2cccn3nc[nH]c4cccc(N5CCN(C)CC5)c4nc23)cc1,PSADKCLJVBCVOY-UHFFFAOYSA-N,True,True,True,490.633,3.9359,86.6,1,6,4,0.4664,3.981,c1ccc(-c2cccn3nc[nH]c4cccc(N5CCNCC5)c4nc23)cc1,8,False,True,True,selfies_token_mutation
CAND_5b23ff002a,selfies,JAK2_8b297816a9,CCS(=O)(=O)C=C1C=CC(C=C2C=CNN=C(NC=C3C=CC(NC4CC=CN(C)C4)=C3)N=C2)=C1,QIUZZMRYVRKWDW-UHFFFAOYSA-N,True,True,True,490.633,2.9209,98.19,3,8,6,0.5297,4.281,C=C1C=CC(C=C2C=CNN=C(NC=C3C=CC(NC4CC=CNC4)=C3)N=C2)=C1,8,False,True,True,selfies_token_mutation
CAND_d93751c7a4,selfies,JAK2_8b297816a9,CC1(C)C(N=C(Cl)NCF)C=CC#CC=CS1(=O)=O,SALZVAADZXWBLH-UHFFFAOYSA-N,True,True,True,304.774,1.7467,58.53,1,3,2,0.3658,2.25,O=S1(=O)C=CC#CC=CCC1,9,False,True,True,selfies_token_mutation
CAND_c0de9e1465,selfies,JAK2_8b297816a9,CC(C)S(=O)(=O)C=CC=CC=C1C=CSn2nc[nH]c3cccc(N4CCN(C)CC4)c3nc21,WFGYZGZAUMJXHP-UHFFFAOYSA-N,True,True,True,498.678,3.9357,87.12,1,7,5,0.6251,3.951,C=C1C=CSn2nc[nH]c3cccc(N4CCNCC4)c3nc21,8,False,True,True,selfies_token_mutation
CAND_605be73110,selfies,JAK2_8b297816a9,CC(C=CC=C1C=NN(NC2=CC=CC(N3CCN(C)CC3)S2)N1)=CC=CS(=O)(=O)C(C)C,ICGWQJHXOYWEAF-UHFFFAOYSA-N,True,True,True,490.699,2.7382,80.28,2,9,8,0.503,3.782,C=C1C=NN(NC2=CC=CC(N3CCNCC3)S2)N1,6,False,False,True,selfies_token_mutation
CAND_d3023f77ff,selfies,JAK2_8b297816a9,CC(C)S(=O)(=O)c1ccc(-c2cccn3nc(Sc4cccc(N5CCN(C)CO5)c4)nc23)cc1,RDZQVOYMKRWKHM-UHFFFAOYSA-N,True,True,True,509.657,4.3705,80.04,0,8,6,0.3791,3.837,c1ccc(-c2cccn3nc(Sc4cccc(N5CCNCO5)c4)nc23)cc1,6,False,False,True,selfies_token_mutation
CAND_9fc598a548,selfies,JAK2_8b297816a9,C=CC(=CCS(=O)(=O)C(C)C)c1cccn2nc(Nc3cccc(N4CCN(C)CC4)c3)nc12,KCDQZVXJQDXGKK-UHFFFAOYSA-N,True,True,True,480.638,3.6173,82.84,1,7,8,0.4932,3.726,c1cc(Nc2nc3ccccn3n2)cc(N2CCNCC2)c1,6,False,False,True,selfies_token_mutation
CAND_2fa6685a68,selfies,JAK2_0d061b421e,CCC1(C)CNC(=O)[C@H]1NC(=O)C=CNC=NC=CC1=NNCN=C1,ISDXXGLBNDAONH-IURRXHLWSA-N,True,True,True,345.407,-0.3499,119.34,4,6,7,0.2863,2.875,O=C(C=CNC=NC=CC1=NNCN=C1)N[C@H]1CCNC1=O,6,False,False,True,selfies_token_mutation
CAND_58a5416235,selfies,JAK2_0d061b421e,C#CC(Cl)=CC=CC(C=C1N=CCC(C(=O)N[C@@H](C(=N)ON2CC(C#N)C2)C(C)C)=CNC=N1)=NNC,VAHCGHFVQRFNPS-HSZRJFAPSA-N,True,True,True,524.029,2.1966,150.35,4,10,9,0.1195,4.342,C=C1N=CCC(C(=O)NCC(=N)ON2CCC2)=CNC=N1,9,False,True,True,selfies_token_mutation
CAND_11b406b9bd,selfies,JAK2_0d061b421e,CC(C)(C)[C@@H](NC(=O)c1c[nH]c2ncc(C3=NNCc4cc(Cl)ccc43)nc12)C(=O)N1CC(C#N)C1,AWWLFSWAEZROKR-NRFANRHFSA-N,True,True,True,504.982,2.5934,139.16,3,7,4,0.4987,3.811,O=C(NCC(=O)N1CCC1)c1c[nH]c2ncc(C3=NNCc4ccccc43)nc12,6,False,False,True,selfies_token_mutation
CAND_2100ee8a15,selfies,JAK2_0d061b421e,CC(C)(C)[C@@H](NC(=O)C1=CNC=NCC2=NNC12)C(=O)N1CC(C#N)C1,KXELZZZDPBVRLC-KZUDCZAMSA-N,True,True,True,357.418,-0.6575,121.98,3,7,3,0.6191,3.166,O=C(NCC(=O)N1CCC1)C1=CNC=NCC2=NNC12,8,False,True,True,selfies_token_mutation
CAND_38d33f87dc,selfies,JAK2_0d061b421e,CNN=Cc1cnc2c(n1)CC(C)(C)N(C(=O)N1CC(C#N)C1)C(=O)CC=CN2,AIUJNDBHBDTVAM-UHFFFAOYSA-N,True,True,True,396.455,1.0843,126.61,2,8,2,0.5657,2.758,O=C1CC=CNc2nccnc2CCN1C(=O)N1CCC1,10,False,True,True,selfies_token_mutation
CAND_0573eb469f,selfies,JAK2_0d061b421e,CC1CCC2=CC(Cl)=CCC3=NNCC2C(=CNC=NC=C3)C(=O)N[C@@H](C=O)C1,ROAVNRFPGKUOHX-PJOPYLDSSA-N,True,True,True,415.925,2.5338,94.95,3,6,1,0.5733,4.191,O=C1NCCCCCC2=CC=CCC3=NNCC2C1=CNC=NC=C3,12,True,False,True,selfies_token_mutation
CAND_1b2dd626cc,selfies,JAK2_0d061b421e,Cn1nc(-c2cnc3[nH]c(C(=O)N[C@@H](C(=O)N4CC(C#N)C4)C(C)(C)C)nc3n2)c2ccc(Cl)cc21,ZRJBFLOFJHCIFI-SFHVURJKSA-N,True,True,True,505.97,2.6865,145.48,2,7,4,0.4332,3.817,O=C(NCC(=O)N1CCC1)c1nc2nc(-c3n[nH]c4ccccc34)cnc2[nH]1,6,False,False,True,selfies_token_mutation
CAND_eb2a04df00,selfies,JAK2_0d061b421e,CNN=C(C=CC=CCCl)C=CN=CNC=CC(=O)N[CH]C(=O)NCCC#N,RIBQXIFPKDGGNH-UHFFFAOYSA-N,True,True,True,404.882,0.8662,130.77,4,6,13,0.0687,2.805,,0,False,False,True,selfies_token_mutation
CAND_829107624f,selfies,JAK2_0d061b421e,O=CC[CH]NC(=O)C1=CNC=NC=CC2=NNC3(N=C3CC1)c1cc(Cl)ccc12,ACYFURLNUPFAML-UHFFFAOYSA-N,True,True,True,409.857,1.931,107.31,3,7,4,0.5213,4.483,C1=CNC=NC=CC2=NNC3(N=C3CC1)c1ccccc12,14,True,False,True,selfies_token_mutation
CAND_15f09e306b,selfies,JAK2_0d061b421e,CC1(C)CC2=NC23C=CC(Cl)=CCOCC(=NN3)C=CN=CNC2=C(C=O)NC21,PRIRGPJTGGNGJD-UHFFFAOYSA-N,True,True,True,414.897,1.7358,99.47,3,8,1,0.5674,4.186,C1=CCOCC2=NNC3(C=C1)N=C3CCC1NC=C1NC=NC=C2,14,True,False,True,selfies_token_mutation
CAND_35a270a0c0,selfies,JAK2_0d061b421e,CCC(CS)CC(=O)[C@H]1CC(C)C(C)C2=CC(Cl)=CC3=NNC2C(=CNC=NC=C3)C(=O)N1,NHVJAYNVWBBFCG-PACMTNNTSA-N,True,True,True,490.073,3.4683,94.95,4,7,5,0.4446,4.653,O=C1NCCCCC2=CC=CC3=NNC2C1=CNC=NC=C3,11,False,True,True,selfies_token_mutation
CAND_c28d6877ef,selfies,JAK2_0d061b421e,O=COCC1=CNC=NC=CC2=NNOC3(N=C13)c1cc(Cl)ccc12,GQUQXGZIRIUGCS-UHFFFAOYSA-N,True,True,True,357.757,1.3884,96.67,2,8,3,0.7967,3.868,C1=CC2=NNOC3(N=C3C=CNC=N1)c1ccccc12,12,True,False,True,selfies_token_mutation
CAND_f45cc12f40,selfies,JAK2_cb5596e52c,CS(=O)(=O)CC1=CC=C(NCN=CC(=CC=CNSN)c2ccc(S(C)(=O)=O)cc2)C1,CMYSQZUIZUHQCX-UHFFFAOYSA-N,True,True,True,482.653,1.9752,130.72,3,9,11,0.2479,3.612,C=C(C=NCNC1=CC=CC1)c1ccccc1,6,False,False,True,selfies_token_mutation
CAND_fb4594ef90,selfies,JAK2_cb5596e52c,CS(=O)(=O)c1ccc(-c2cccn(N)c2=NCNC2=C=CS(=O)(=O)C2)cn1,FPYCOYCPWSMJSQ-UHFFFAOYSA-N,True,True,True,407.477,-0.4599,136.51,2,8,5,0.5054,2.694,O=S1(=O)C=C=C(NCN=c2[nH]cccc2-c2cccnc2)C1,6,False,False,True,selfies_token_mutation
CAND_2bd3788125,selfies,JAK2_cb5596e52c,CS(=O)(=O)c1ccc(-c2cccn(NCl)c2=NCNC#CC[SH](C)(C)=O)cc1,NEINGLUNSYDLNI-UHFFFAOYSA-N,True,True,True,442.994,0.9409,92.56,3,6,6,0.2035,2.767,N=c1[nH]cccc1-c1ccccc1,6,False,False,True,selfies_token_mutation
CAND_bfb1c23227,selfies,JAK2_cb5596e52c,CS(=O)(=O)C1=CC=C(NCN=C2NNC=CC=C2Cc2ccc(S(C)(=O)=O)cc2)C1,IUEGUXXSDQGFLW-UHFFFAOYSA-N,True,True,True,448.57,1.3422,116.73,3,7,7,0.5763,3.173,C1=CCC(NCN=C2NNC=CC=C2Cc2ccccc2)=C1,7,False,False,True,selfies_token_mutation
CAND_3606947800,selfies,JAK2_cb5596e52c,CS(=O)(=O)c1ccc2c(c1)CC=CN(N)C(=NCC=O)C2,IJVCUAHMAZDIPY-UHFFFAOYSA-N,True,True,True,307.375,0.4755,92.83,1,5,3,0.6473,2.375,N=C1Cc2ccccc2CC=CN1,8,False,True,True,selfies_token_mutation
CAND_6d89ea5c37,selfies,JAK2_cb5596e52c,C=C1C([SH](C)(C)=O)=CC=CC12C=CNNN(C(C)=CC=CS(C)(=O)=O)CN=C2,GZQNFYGFNMWGQL-UHFFFAOYSA-N,True,True,True,424.592,1.5879,90.87,3,7,4,0.469,3.164,C=C1C=CC=CC12C=CNNNCN=C2,9,False,True,True,selfies_token_mutation
CAND_0da62859b3,selfies,JAK2_cb5596e52c,C=CC(=CC=Cc1ccn(N)c(=NCNc2ccc(S(C)(=O)=O)cc2)c1)[SH](C)(C)=O,KMWYGGHQFROZSQ-UHFFFAOYSA-N,True,True,True,448.614,1.9351,106.55,3,6,8,0.325,3.048,c1ccc(NCN=c2cccc[nH]2)cc1,6,False,False,True,selfies_token_mutation
CAND_e0c99fb77a,selfies,JAK2_cb5596e52c,CC1=CC=CS(=O)(=O)CC2(C3=NC=CCC(=O)OC=C3CC=CN)C=NC(=N2)N1,TWTWBOPJUTUWQF-UHFFFAOYSA-N,True,True,True,415.475,1.2491,135.57,2,9,3,0.666,3.239,O=C1CC=CN=C(C23C=NC(=N2)NC=CC=CS(=O)(=O)C3)C=CO1,10,False,True,True,selfies_token_mutation
CAND_83a3051830,selfies,JAK2_cb5596e52c,C#CC(=CC=CC1C=NC2NC(=CC=CS(C)(=O)=O)NN2C1)S(C)(=O)=O,QDOPOTPHLDGEHS-UHFFFAOYSA-N,True,True,True,396.494,-0.102,107.94,2,8,5,0.4934,2.883,C=C1NC2N=CCCN2N1,6,False,False,True,selfies_token_mutation
CAND_a1d6bc1fc3,selfies,JAK2_cb5596e52c,CS(=O)(=O)C=CC1=CN2CN=CCC=C=C(S(C)(=O)=O)C=CCN2N1,ZUPWVNIBSIJQLQ-UHFFFAOYSA-N,True,True,True,384.483,0.4951,99.15,1,8,3,0.7073,3.267,C1=CC=CCN2NC=CN2CN=CCC=1,12,True,False,True,selfies_token_mutation
CAND_b7778500be,selfies,JAK2_10b80be790,C=C=CC=CS[C@@H](C)NC=CC(=NCl)c1c(N)nn2cccnc12,VJQGVPFAXRYIMB-LBPRGKRZSA-N,True,True,True,360.874,3.2917,80.6,2,6,7,0.3425,2.685,c1cnc2ccnn2c1,6,False,False,True,selfies_token_mutation
CAND_ed96cf65e5,selfies,JAK2_10b80be790,C[C@@H]1NC=NC(=C2CCC(N)=NN3C=CC=NC23)NS1,HNOQSYLPRZLLKR-SZSXPDSJSA-N,True,True,True,291.384,0.7055,90.4,3,8,0,0.5717,2.25,C1=CN2N=CCCC(=C3N=CNCSN3)C2N=C1,7,False,False,True,selfies_token_mutation
CAND_b07471dc99,selfies,JAK2_10b80be790,C[C@@H](Nc1cc(CC(N)=NN2C=CC=NC2)ncn1)c1ccccc1,MJBZQSYHVRGCGT-CQSZACIVSA-N,True,True,True,335.415,2.322,91.79,2,6,6,0.6242,2.75,C1=CN(N=CCc2cc(NCc3ccccc3)ncn2)CN=C1,6,False,False,True,selfies_token_mutation
CAND_267c9674c4,selfies,JAK2_10b80be790,N=CN=C1CC2=NN3C=NC(N2)C1=CN[C@@H](c1ccccc1)C3,DSBNXNRVBWFWAX-IURRXHLWSA-N,True,True,True,307.361,1.2397,88.23,3,6,2,0.5672,3.25,N=C1CC2=NN3C=NC(N2)C1=CN[C@@H](c1ccccc1)C3,9,False,True,True,selfies_token_mutation
CAND_f38f39b9e5,selfies,JAK2_10b80be790,CC1=CC=CC=CN=CC(CC(N)=NNC=CC=N)=C=CN1,YAHTYINVXXZDHN-UHFFFAOYSA-N,True,True,True,296.378,2.0883,98.65,4,5,5,0.2704,3.075,C1=CC=NC=CC=CC=CNC=1,12,True,False,True,selfies_token_mutation
CAND_6a4f7b4adb,selfies,JAK2_10b80be790,C=CCC#C[C@@H](C)NC=C1N=C=CN=C1c1c(N)nn2cccnc12,ZINUUOSGUZZLIK-CYBMUJFWSA-N,True,True,True,331.383,1.6966,92.96,2,6,4,0.6586,2.5,C=C1N=C=CN=C1c1cnn2cccnc12,6,False,False,True,selfies_token_mutation
CAND_717c028b62,selfies,JAK2_10b80be790,C=CC=C=C[C@@H](C)Nc1cc(-c2c(N)nn3cccnc23)ncn1,PKVOXOCMAVRTFS-AVQSDEANSA-N,True,True,True,319.372,2.4662,94.02,2,6,5,0.554,2.625,c1cnc2c(-c3ccncn3)cnn2c1,6,False,False,True,selfies_token_mutation
CAND_c38b9b7897,selfies,JAK2_10b80be790,C=CC=CC=C[C@@H](C)Nc1cc(-c2c(N)nn3cccnc23)ncn1,JKSFDQWFPPOJRD-CYBMUJFWSA-N,True,True,True,333.399,2.8673,94.02,2,6,6,0.6737,2.75,c1cnc2c(-c3ccncn3)cnn2c1,6,False,False,True,selfies_token_mutation
CAND_93e1d3bccf,selfies,JAK2_10b80be790,C[C@@H](Nc1cc(-c2c(N)nn3cccnc23)ncn1)C1=C=CC=C=C1,JSSRODNSMGMIHG-GFCCVEGCSA-N,True,True,True,329.367,2.3753,94.02,2,6,4,0.7138,2.75,C1=CC=C=C(CNc2cc(-c3cnn4cccnc34)ncn2)C=1,6,False,False,True,selfies_token_mutation
CAND_c31acf1050,selfies,JAK2_8ec15e5706,ClC1=CC(=CCNC2=NC=NC2=CC2=C3N=C=NN=C3N2)C=C=C1,WCZXGOBKPDQQEM-UHFFFAOYSA-N,True,True,True,335.758,1.9901,85.86,2,7,3,0.7727,2.375,C1=CC=CC(=CCNC2=NC=NC2=CC2=C3N=C=NN=C3N2)C=1,6,False,False,True,selfies_token_mutation
CAND_c7b3e02350,selfies,JAK2_8ec15e5706,CC(Cl)=CC=CCCC(C=N)C=Cc1c(N)nn2cccnc12,DETVACNMOLMJBE-UHFFFAOYSA-N,True,True,True,329.835,4.0695,80.06,2,4,7,0.5932,2.625,c1cnc2ccnn2c1,6,False,False,True,selfies_token_mutation
CAND_2c72e0cb51,selfies,JAK2_8ec15e5706,Nc1nn2cccnc2c1C=C1N=CN=C1NCC=C1C=C=CC(Cl)=C1,XLNHMWZUKSFHST-UHFFFAOYSA-N,True,True,True,363.812,2.4564,92.96,2,6,3,0.819,2.452,C1=CC=CC(=CCNC2=NC=NC2=Cc2cnn3cccnc23)C=1,6,False,False,True,selfies_token_mutation
CAND_e4ef2d4a2e,selfies,JAK2_8ec15e5706,N=CN=C(Cc1c(N)nn2cccnc12)NCc1ccc(F)cc1,RULXPSOMHWKMPU-UHFFFAOYSA-N,True,True,True,325.351,1.7885,104.45,3,4,5,0.4911,2.375,N=C(Cc1cnn2cccnc12)NCc1ccccc1,6,False,False,True,selfies_token_mutation
CAND_9a17b2559a,selfies,JAK2_8ec15e5706,N=CC(C=Cc1c(N)nn2cccnc12)NC1C=C=C(Cl)C=C1N,WLUXLVFJEYXWLT-UHFFFAOYSA-N,True,True,True,341.806,1.4351,118.11,4,6,5,0.4845,2.875,C1=CC=CC(NCC=Cc2cnn3cccnc23)C=1,6,False,False,True,selfies_token_mutation
CAND_8ec15e5706,selfies,JAK2_8ec15e5706,Nc1nn2cccnc2c1-c1cc(NCc2ccc(Cl)cc2)ncn1,DOIVHRUKMVCXKP-UHFFFAOYSA-N,True,True,False,351.801,3.034,94.02,2,6,4,0.5866,2.51,c1ccc(CNc2cc(-c3cnn4cccnc34)ncn2)cc1,6,False,False,True,selfies_token_mutation
CAND_d799d0427f,selfies,JAK2_8ec15e5706,N=CN=C(C=C=Cc1c(N)nn2cccnc12)NCc1ccc(Cl)cc1,IIWUPHKXHRKNIT-UHFFFAOYSA-N,True,True,True,365.828,2.9286,104.45,3,4,5,0.367,2.463,N=C(C=C=Cc1cnn2cccnc12)NCc1ccccc1,6,False,False,True,selfies_token_mutation
CAND_552e1e56b8,selfies,JAK2_8ec15e5706,NC=NN1C=CC=NC1=CNC=CC=CNCc1ccc(Cl)cc1NC=NF,WTFDZFSUTZLFQL-UHFFFAOYSA-N,True,True,True,402.865,2.9723,102.43,4,6,9,0.2887,2.919,C(C=CNCc1ccccc1)=CNC=C1N=CC=CN1,6,False,False,True,selfies_token_mutation
CAND_81527ea4ff,selfies,JAK2_8ec15e5706,C=CC(Cl)=CC=CCNC12C=C(N=CN1)c1c(N)nn3ccc2nc13,GMTNNWGUAUWLLZ-UHFFFAOYSA-N,True,True,True,353.817,1.9048,92.63,3,6,5,0.7139,2.896,C1=NC2=CC(N1)c1ccn3ncc2c3n1,7,False,False,True,selfies_token_mutation
CAND_0ce43a81e6,selfies,JAK2_8ec15e5706,N=CN=C(C=Cc1c(N)nn2cccnc12)NCC=CC=C(F)Cl,LVKNPGYWRJKFJZ-UHFFFAOYSA-N,True,True,True,347.785,2.5258,104.45,3,4,6,0.424,2.25,c1cnc2ccnn2c1,6,False,False,True,selfies_token_mutation
CAND_ecf01c944b,selfies,JAK2_d4de330de6,COC=CC=CCN1CN=CCC=CC=C(S(C)(=O)=O)C=CC=CNN1,VLHOMRLXLOCZHR-UHFFFAOYSA-N,True,True,True,378.498,2.0005,83.03,2,7,5,0.5624,3.233,C1=CC=CCC=NCNNNC=CC=C1,15,True,False,True,selfies_token_mutation
CAND_d69f8c8d4a,selfies,JAK2_d4de330de6,FC1=CC=CNN=C2C=C(C=CC=CO2)NCN=C1,XMLFBUCECRGVAS-UHFFFAOYSA-N,True,True,True,260.272,1.8721,58.01,2,5,0,0.6988,2.7,C1=CC=NCNC2=CC(=NNC=C1)OC=CC=C2,13,True,False,True,selfies_token_mutation
CAND_7147db7db8,selfies,JAK2_d4de330de6,C=C1C([SH](C)C=O)=CC=CC12C=CNNN(C1C=CC=COC1)CN=C2,TZMWEVXDUKGCMR-UHFFFAOYSA-N,True,True,True,372.494,2.1394,65.96,3,6,3,0.5233,3.5,C=C1C=CC=CC12C=CNNN(C1C=CC=COC1)CN=C2,9,False,True,True,selfies_token_mutation
CAND_8ef62625a1,selfies,JAK2_d4de330de6,C=COC(O)(C=CN1C=NCN(C2=COC=CC=C2)NNC=CC1)SC,ZCVLMUKCVAHJNP-UHFFFAOYSA-N,True,True,True,377.47,1.7371,81.59,3,9,6,0.477,3.153,C1=COC=C(N2CN=CNCC=CNN2)C=C1,10,False,True,True,selfies_token_mutation
CAND_4b9b805b3b,selfies,JAK2_d4de330de6,C=C(C=CC=COC)NCN=CC(=CC=CNN)C=C1C=COC(=O)CC(S)=C1,YOFUCIOGHOJHAQ-UHFFFAOYSA-N,True,True,True,414.531,2.9384,97.97,4,8,10,0.0835,3.359,C=C1C=CCC(=O)OC=C1,8,False,True,True,selfies_token_mutation
CAND_0b41269f7c,selfies,JAK2_d4de330de6,COC=C1C=C(Nc2nc3c(-c4ccc(S(C)(=O)=O)cc4)cccn3n2)COC1,XJUFVEZGPVDNRB-UHFFFAOYSA-N,True,True,True,412.471,2.6561,94.82,1,7,5,0.6439,2.972,C=C1C=C(Nc2nc3c(-c4ccccc4)cccn3n2)COC1,6,False,False,True,selfies_token_mutation
CAND_637a0ef9fa,selfies,JAK2_d4de330de6,COC=CC=CC1=CN1c1nc2c(-c3ccc(S(C)(=O)=O)cc3)cccn2n1,QTLFTVHEVADBSQ-UHFFFAOYSA-N,True,True,True,394.456,3.1775,76.57,0,6,6,0.4721,2.997,C1=CN1c1nc2c(-c3ccccc3)cccn2n1,6,False,False,True,selfies_token_mutation
CAND_9586d6e3b7,selfies,JAK2_d4de330de6,C=C1C([SH](C)(C)=O)=CC=CC12C=CNNN(C1C=CC=COC1)CN=C2,IQCLCOSYLUBASS-UHFFFAOYSA-N,True,True,True,374.51,1.5945,65.96,3,6,2,0.6409,3.136,C=C1C=CC=CC12C=CNNN(C1C=CC=COC1)CN=C2,9,False,True,True,selfies_token_mutation
CAND_0889988d17,selfies,JAK2_d4de330de6,COC=CC=CCNc1nc2n(n1)C=CCc1cc(S(C)(=O)=O)ccc1C2,WGSPRBMIEKUZIV-UHFFFAOYSA-N,True,True,True,386.477,2.4274,86.11,1,6,6,0.6061,3.203,C1=Cn2ncnc2Cc2ccccc2C1,8,False,True,True,selfies_token_mutation
CAND_6a1a6aaa68,selfies,JAK2_d4de330de6,CS(=O)(=O)c1ccc(-c2cccn3nc(NC4=CCOC=CC=C4)nc23)cc1,JFCPAQYYGGUKJD-UHFFFAOYSA-N,True,True,True,394.456,3.1957,85.59,1,6,4,0.7314,3.247,C1=COCC=C(Nc2nc3c(-c4ccccc4)cccn3n2)C=C1,8,False,True,True,selfies_token_mutation
CAND_14e778c263,selfies,JAK2_d4de330de6,COC=CC1=CC(NCN=C2CC(C=C3C=CC([SH](C)NC=O)=C3)=CC=CNN2)=C1,QTDYHIAZQOITNS-UHFFFAOYSA-N,True,True,True,425.558,2.5261,86.78,5,5,9,0.2227,4.045,C1=CNNC(=NCNC2=CC=C2)CC(C=C2C=CC=C2)=C1,8,False,True,True,selfies_token_mutation
CAND_8a89201c62,selfies,JAK2_d4de330de6,C=COC(=CC=CC1=CC=CN2N=C(C(=C)C=CC=COC)NC2N1)SF,WHRDSFJEQCGRHG-UHFFFAOYSA-N,True,True,True,388.468,3.9374,58.12,2,7,9,0.461,3.089,C1=CNC2NC=NN2C=C1,7,False,False,True,selfies_token_mutation
CAND_dec8a7d41e,selfies,JAK2_b4d9aeab68,C=CC(=C=C1C=CNNN(C2(C)C=CC=CN3CCCN4CCNC42C3C)CN=C1)SCC(=O)OC,KBODVUVPEDKURG-UHFFFAOYSA-N,True,True,True,511.696,1.8925,84.47,3,10,5,0.2911,4.773,C=C1C=CNNN(C2C=CC=CN3CCCN4CCNC24C3)CN=C1,9,False,True,True,selfies_token_mutation
CAND_3596d87154,selfies,JAK2_b4d9aeab68,CNC1CCC2CN(c3cccc(Nc4nc5c(-c6ccc(S(C)(=O)=O)cc6)cccn5n4)c3)CCC2NNC1,UQMKCGPLTIOPJW-UHFFFAOYSA-N,True,True,True,560.728,3.2143,115.69,4,9,6,0.2822,5.371,c1ccc(-c2cccn3nc(Nc4cccc(N5CCC6NNCCCCC6C5)c4)nc23)cc1,8,False,True,True,selfies_token_mutation
CAND_5eef89d67a,selfies,JAK2_b4d9aeab68,CN1CCN(C2CCN(c3cccc(NCN=c4c(-c5ccc(S(C)(=O)=O)cc5)cccn4Cl)c3)CC2)CC1,CWDFDBSJOBLZRP-UHFFFAOYSA-N,True,True,True,569.175,3.747,73.18,1,7,7,0.468,4.293,c1ccc(-c2ccc[nH]c2=NCNc2cccc(N3CCC(N4CCNCC4)CC3)c2)cc1,6,False,False,True,selfies_token_mutation
CAND_c239ee8297,selfies,JAK2_b4d9aeab68,C=C(C=CC=CN(CC)CCCN1CCCNCC1)N1CN=CC(C=CC=C=NS(C)(=O)=O)=CC=CNN1,SQDXBRPCDNWXOP-UHFFFAOYSA-N,True,True,True,542.754,2.1122,104.67,3,9,12,0.2545,4.571,C=C(C=CC=CNCCCN1CCCNCC1)N1CN=CC=CC=CNN1,10,False,True,True,selfies_token_mutation
CAND_76c77c45c6,selfies,JAK2_b4d9aeab68,CNC1CCN(CC2CCN(C=C3C=CC(NCN=CC(=CC=CNN)Cc4ccc(S(C)(=O)=O)cc4)=C3)C2)C1,JMBKMGZUHMFIIK-UHFFFAOYSA-N,True,True,True,565.788,2.1071,115.09,4,9,13,0.1245,5.199,C=C(C=NCNC1=CC(=CN2CCC(CN3CCCC3)C2)C=C1)Cc1ccccc1,6,False,False,True,selfies_token_mutation
CAND_d43488536e,selfies,JAK2_b4d9aeab68,CC=C(C=CC=CN1CCC(N2CCN(C)C2)C1C)Nc1nc2c(-c3ccc(S(C)(=O)=O)cc3)cccn2n1,NEVCXIXEDOCUGE-UHFFFAOYSA-N,True,True,True,547.729,3.8531,86.08,1,8,8,0.4259,4.798,C=C(C=CC=CN1CCC(N2CCNC2)C1)Nc1nc2c(-c3ccccc3)cccn2n1,6,False,False,True,selfies_token_mutation
CAND_db071ffb2d,selfies,JAK2_b4d9aeab68,CN1CCN(C2CCSN(C=CC=C(CN)Nc3nc4c(-c5ccc(S(C)(=O)=O)cc5)cccn4n3)C2)CC1,KKSGLPCBEWEVBA-UHFFFAOYSA-N,True,True,True,568.773,2.5379,112.1,2,10,8,0.3106,4.665,C(C=CN1CC(N2CCNCC2)CCS1)=CNc1nc2c(-c3ccccc3)cccn2n1,6,False,False,True,selfies_token_mutation
CAND_2499d6f687,selfies,JAK2_b4d9aeab68,COCC(=CC=CC1C=Cn2nc(NC3(C)C=CC=CNCCN4C5CCC3NCC54)nc21)[SH](C)(C)=O,DKWRPSPLYKYIBQ-UHFFFAOYSA-N,True,True,True,527.739,1.8573,96.11,4,8,7,0.2425,6.262,C1=CNCCN2C3CCC(NCC32)C(Nc2nc3n(n2)C=CC3)C=C1,13,True,False,True,selfies_token_mutation
CAND_39da4b73c2,selfies,JAK2_b4d9aeab68,CCC1SC2=C(Nc3nc4c(-c5ccc(S(C)(=O)=O)cc5)cccn4n3)C=CCN2CCCN1CCNC,UEDBGFISDCGINF-UHFFFAOYSA-N,True,True,True,553.758,3.647,94.87,2,9,8,0.4335,5.082,C1=CC(Nc2nc3c(-c4ccccc4)cccn3n2)=C2SCNCCCN2C1,8,False,True,True,selfies_token_mutation
CAND_e38184ae98,selfies,JAK2_b4d9aeab68,CC1N2C=CC=CC(C)(NN=CC(Cl)c3ccc(S(C)(=O)=O)cc3)C13CN(CCC2)CCN3,NXAJUULPCMWHHU-UHFFFAOYSA-N,True,True,True,492.089,2.5258,77.04,2,7,5,0.3742,4.914,C1=CC(NN=CCc2ccccc2)C23CN(C=C1)CCCN(CCN2)C3,8,False,True,True,selfies_token_mutation
CAND_2ca4fd2f23,selfies,JAK2_b4d9aeab68,C=Nn1cccc(C2C=CC(S(C)(=O)=O)=CC2)c1=NCNC1=CC(=CN2CCC(CN=CCNC)C2)C=C1,ILGVOJFDWYUBQS-UHFFFAOYSA-N,True,True,True,535.718,2.3213,103.45,2,8,11,0.4236,4.907,C1=CCC(c2ccc[nH]c2=NCNC2=CC(=CN3CCCC3)C=C2)C=C1,6,False,False,True,selfies_token_mutation
CAND_5dec84f9c8,selfies,JAK2_b4d9aeab68,CC1C2CNC3CN2CCCN1C=CC=CC3(C)c1nc2c(-c3ccc(S(C)(=O)=O)cc3)cccn2n1,ZBIMDNSDJFCVAY-UHFFFAOYSA-N,True,True,True,518.687,2.8776,82.84,1,7,3,0.571,5.012,C1=CC(c2nc3c(-c4ccccc4)cccn3n2)C2CN3CCCN(C=C1)CC3CN2,11,False,True,True,selfies_token_mutation
CAND_ba2ef11993,selfies,JAK2_02db94a4e8,Nc1nn2cccnc2c1C1=CC(=Nc2ccc(F)cc2)OCON1,CNIDMWPMJOFKTB-UHFFFAOYSA-N,True,True,True,340.318,2.0306,99.06,2,7,2,0.7405,2.25,C1=C(c2cnn3cccnc23)NOCOC1=Nc1ccccc1,7,False,False,True,selfies_token_mutation
CAND_f0cddf3e53,selfies,JAK2_02db94a4e8,Nc1nn2cccnc2c1C=C=C1N=CN=C1NCC=C1C=CCC(F)=C1,HXLQSELMKUHUDC-UHFFFAOYSA-N,True,True,True,361.384,2.5772,92.96,2,6,3,0.822,2.438,C(=Cc1cnn2cccnc12)=C1N=CN=C1NCC=C1C=CCC=C1,6,False,False,True,selfies_token_mutation
CAND_46866e82d7,selfies,JAK2_02db94a4e8,N=CC(C=CC12N=CC=CN1N=CN2)NCC=CC=NCF,HXSJFKIKXYPGSA-UHFFFAOYSA-N,True,True,True,303.345,0.8048,88.23,3,7,8,0.352,3.0,C1=CN2N=CNC2N=C1,6,False,False,True,selfies_token_mutation
CAND_57d866396c,selfies,JAK2_02db94a4e8,NC=NN=C1C=CC=NC1=Cc1cc(NCc2ccc(F)cc2)ncn1,GLSCVCSMQYJXMR-UHFFFAOYSA-N,True,True,True,349.373,2.5523,100.91,2,6,5,0.492,2.375,N=C1C=CC=NC1=Cc1cc(NCc2ccccc2)ncn1,6,False,False,True,selfies_token_mutation
CAND_e99521557f,selfies,JAK2_02db94a4e8,Fc1ccc(CNCC=C2NC23N=CC=CNN=CN3)cc1,AQYGGRHAKDGABV-UHFFFAOYSA-N,True,True,True,300.341,0.7768,82.75,4,6,4,0.489,3.0,C1=CNN=CNC2(N=C1)NC2=CCNCc1ccccc1,9,False,True,True,selfies_token_mutation
CAND_f1a4bc49b6,selfies,JAK2_02db94a4e8,Nc1nn2c(c1-c1cc(NCc3ccc(F)cc3)ncn1)N=C=C=C2,JAKLODRMJUQSOS-UHFFFAOYSA-N,True,True,True,333.33,2.6141,94.01,2,6,4,0.5599,2.5,C1=C=Nc2c(-c3cc(NCc4ccccc4)ncn3)cnn2C=1,6,False,False,True,selfies_token_mutation
CAND_cc70ad3aa7,selfies,JAK2_02db94a4e8,NC1SN2C=CC3=NC2=C1c1cc(ncn1)NCC=CC=C(F)C=C3,DZPPITDNTKRNJR-UHFFFAOYSA-N,True,True,True,354.414,2.7534,79.43,2,7,0,0.6976,3.475,C1=CC=CC2=NC3=C(CSN3C=C2)c2cc(ncn2)NCC=C1,15,True,False,True,selfies_token_mutation
CAND_5241fed012,selfies,JAK2_02db94a4e8,Nc1nn2cccnc2c1C=CC1=NC=Nc2cc(ccc2F)CN1,GHZIFZSDNZLYHJ-UHFFFAOYSA-N,True,True,True,335.346,2.3255,92.96,2,6,2,0.7515,2.75,C(=Cc1cnn2cccnc12)C1=NC=Nc2cccc(c2)CN1,9,False,True,True,selfies_token_mutation
CAND_0096fe8b7b,selfies,JAK2_02db94a4e8,Fc1ccc(CNc2cc(-c3cnccnnc[nH]3)ncn2)cc1,IKGGOCBPNDYPPP-UHFFFAOYSA-N,True,True,True,323.335,2.5323,92.27,2,6,4,0.7663,2.75,c1ccc(CNc2cc(-c3cnccnnc[nH]3)ncn2)cc1,9,False,True,True,selfies_token_mutation
CAND_87667deadb,selfies,JAK2_02db94a4e8,N=CN=C1C=C(c2c(N)nn3cccnc23)C=CC(F)=CC=CCN1,AJMHILLMWLLITH-UHFFFAOYSA-N,True,True,True,337.362,2.2695,104.45,3,4,2,0.5773,2.5,N=C1C=C(c2cnn3cccnc23)C=CC=CC=CCN1,11,False,True,True,selfies_token_mutation
CAND_433987864a,selfies,JAK2_02db94a4e8,Fc1ccc2cc1N=CN=C(C=Cc1cncccnc[nH]1)NC2,ZQJOWSFPHBCKOX-UHFFFAOYSA-N,True,True,True,322.347,2.9431,78.32,2,5,2,0.8921,2.5,C(=Cc1cncccnc[nH]1)C1=NC=Nc2cccc(c2)CN1,9,False,True,True,selfies_token_mutation
CAND_2cfe56de77,selfies,JAK2_3313baf2be,CC1C(NCN=CC=CC=C2C=CC=C(S(=O)(=O)NC(C)(C)C)C2N)=CC=CC2CC[C@H](O)CN1C2,PHPJRQSQBVOZIF-XOAKBPDHSA-N,True,True,True,515.724,2.5009,120.05,4,7,7,0.3869,5.046,C(=CC=C1C=CC=CC1)C=NCNC1=CC=CC2CCCCN(C1)C2,8,False,True,True,selfies_token_mutation
CAND_93ce20b384,selfies,JAK2_3313baf2be,CC1C(N2C=C[SH]3C=CC=C(CC=CCS(=O)(=O)NC(C)(C)C)CN3N2)=CC=CC2CO[C@@H](C)CNCC21,PNFUVEIKASRDDT-LKBZUADZSA-N,True,True,True,563.834,3.8594,85.94,4,7,6,0.2885,5.438,C1=CCN2NN(C3=CC=CC4COCCNCC4C3)C=C[SH]2C=C1,8,False,True,True,selfies_token_mutation
CAND_17e4f9607c,selfies,JAK2_3313baf2be,C[C@H](O)CN1CCC(Nc2ccc(Nc3ncc4ccc(-c5cccc(S(=O)(=O)NC(C)(C)C)c5)n4n3)cc2)C1,CLIHHPZMJLORBI-QHELBMECSA-N,True,True,True,563.728,4.0837,123.89,4,8,9,0.2402,5.012,c1ccc(-c2ccc3cnc(Nc4ccc(NC5CCNC5)cc4)nn23)cc1,6,False,False,True,selfies_token_mutation
CAND_3313baf2be,selfies,JAK2_3313baf2be,C[C@H](O)CN1CCC(c2ccc(Nc3ncc4ccc(-c5cccc(S(=O)(=O)NC(C)(C)C)c5)n4n3)cc2)CC1,ZVEIHLPLPNRAHW-NRFANRHFSA-N,True,True,False,562.74,4.7769,111.86,3,7,8,0.2835,4.632,c1ccc(-c2ccc3cnc(Nc4ccc(C5CCNCC5)cc4)nn23)cc1,6,False,False,True,selfies_token_mutation
CAND_83bdd9e09d,selfies,JAK2_3313baf2be,C=CC(C)(C)[SH](N)(=O)C1(N)C=CC=CC2=CC=CC=NCC3=C1C=CC1CCNC[C@@H](O)C231,MSOUWUFPCZMUQM-MJZKPUTMSA-N,True,True,True,468.667,2.0126,113.73,5,5,3,0.322,4.534,C1=CC=C2C=CC=CCC3=C(CN=C1)C21CCNCCC1C=C3,9,False,True,True,selfies_token_mutation
CAND_f637dcdbfb,selfies,JAK2_3313baf2be,C=CCC(C=CC=CC1=CC=CC=NCNC2=CC=C1C1CCC[C@H](O)C(C=C2)NCC1)SC=O,YUWTXEKDFJDORM-DQZVPRTBSA-N,True,True,True,491.701,4.9704,73.72,3,6,7,0.2664,5.612,C1=CC=NCNC2=CC=C(C=C1)C1CCCCC(C=C2)NCC1,12,True,False,True,selfies_token_mutation
CAND_a74c046c62,selfies,JAK2_3313baf2be,N=[SH](=O)C1C=CC=CC2=CC=C(C=C1)C=NCN1C3=CC(=CC4C=CC[C@H](O)CN(C=C3)CC4)NN21,CULXARGYYUOUHA-NGRVGSHDSA-N,True,True,True,504.66,3.0942,95.26,4,8,1,0.3239,4.684,C1=CCC=CC2=CC=C(C=C1)N1NC3=CC4C=CCCCN(C=CC(=C3)N1CN=C2)CC4,11,False,True,True,selfies_token_mutation
CAND_e7990c10b9,selfies,JAK2_3313baf2be,C=CC(C=CC=CC1=CC=CC=NCNC2=CC=CC34CCC3[C@H](C)NC2C14)S(=O)(=O)NCCCC,UVCRAESLEYMJGN-KIGFLYJYSA-N,True,True,True,508.732,4.3136,82.59,3,5,9,0.2462,5.507,C1=CC=NCNC2=CC=CC34CCC3CNC2C4C=C1,11,False,True,True,selfies_token_mutation
CAND_af6dcf065d,selfies,JAK2_3313baf2be,C[CH]COCNCCCC=CC=Cc1ncc2ccc(-c3cccc(S(=O)(=O)NC(C)(C)C)c3)n2n1,TYWBRPOMGSESLE-UHFFFAOYSA-N,True,True,True,510.684,4.6106,97.62,2,6,13,0.198,4.143,c1ccc(-c2ccc3cncnn23)cc1,6,False,False,True,selfies_token_mutation
CAND_076c3ba898,selfies,JAK2_3313baf2be,CC1=CC(c2ncc3ccc(-c4cccc(S(=O)(=O)NC(C)(C)C)c4)n3n2)=CC=CC12CCC2CNC[C@H](C)O,QCBIIFQEXQASKK-BRIKYGDMSA-N,True,True,True,561.752,4.7394,108.62,3,6,8,0.3667,5.126,C1=CC2(C=CC(c3ncc4ccc(-c5ccccc5)n4n3)=C1)CCC2,7,False,False,True,selfies_token_mutation
CAND_0542f872a6,selfies,JAK2_c2aa2a9954,C=CC(C=CC=C1C=NC(NC=CC=CCl)=NN1)=CC=CS(C)(=O)=O,LRFSUZIKGMMZRK-UHFFFAOYSA-N,True,True,True,378.885,2.898,82.92,2,6,7,0.6671,2.285,C=C1C=NC=NN1,6,False,False,True,selfies_token_mutation
CAND_2ddcd8c4f6,selfies,JAK2_c2aa2a9954,C=CC1=CC=CS(=O)(=O)CN(NC=CC=CC=C=NN=C)C=CC=C1,YHEHEQICEQICKC-UHFFFAOYSA-N,True,True,True,356.451,2.7863,74.13,1,6,6,0.4511,2.536,O=S1(=O)C=CC=CC=CC=CNC1,11,False,True,True,selfies_token_mutation
CAND_7be31a40fa,selfies,JAK2_c2aa2a9954,CNc1nc(=NNC=CC=CC2=CC(=CS(C)(=O)=O)C2)[nH]c2ccccc12,UPVCKMLAPOHJJA-UHFFFAOYSA-N,True,True,True,383.477,2.3384,99.24,3,6,6,0.5252,2.686,C=C1C=C(C=CC=CNN=c2ncc3ccccc3[nH]2)C1,6,False,False,True,selfies_token_mutation
CAND_f8e2421296,selfies,JAK2_c2aa2a9954,C=CC(C=CC=C1C=NC(n2ccc(C)c2)=NN1)=CC=CS(C)(=O)=O,CDZBTWYFYKSLPS-UHFFFAOYSA-N,True,True,True,356.451,2.7004,75.82,1,5,5,0.8243,2.161,C=C1C=NC(n2cccc2)=NN1,6,False,False,True,selfies_token_mutation
CAND_a8eb0fcdc0,selfies,JAK2_c2aa2a9954,CS(=O)(=O)C=CC=C1C=C=Nc2ccccc2Nc2nc3c1cccn3n2,MOPJLNNSINEYHO-UHFFFAOYSA-N,True,True,True,377.429,3.2856,88.72,1,6,2,0.7403,2.902,C=C1C=C=Nc2ccccc2Nc2nc3c1cccn3n2,11,False,True,True,selfies_token_mutation
CAND_b7ffc39eb8,selfies,JAK2_c2aa2a9954,CC(=CC=CS(C)(=O)=O)c1cccn2nc(Nc3ccccc3)nc12,JBOJZSKGWUBPCM-UHFFFAOYSA-N,True,True,True,354.435,3.4345,76.36,1,5,5,0.7105,2.4,c1ccc(Nc2nc3ccccn3n2)cc1,6,False,False,True,selfies_token_mutation
CAND_832635225b,selfies,JAK2_c2aa2a9954,CS(=O)(=O)c1ccc(C2=CC=C=C=C=C(Nc3ccccc3)N=C2)cc1,FXKWVWHVBDGUHW-UHFFFAOYSA-N,True,True,True,360.438,3.9767,58.53,1,4,4,0.8393,2.808,C1=C=CC=C(c2ccccc2)C=NC(Nc2ccccc2)=C=1,9,False,True,True,selfies_token_mutation
CAND_88ac7ed28e,selfies,JAK2_c2aa2a9954,C=NC(=CC=CS(C)=O)CC=CN=C=CNc1ccccc1,ATDIXTDESLIFPJ-UHFFFAOYSA-N,True,True,True,313.426,3.6624,53.82,1,4,8,0.588,2.5,c1ccccc1,6,False,False,True,selfies_token_mutation
CAND_75cfae79fe,selfies,JAK2_c2aa2a9954,C=CC(C=CC1N=CN1N=CNc1ccccc1)=CC=CS(C)(=O)=O,WURTZVIAPCMLCS-UHFFFAOYSA-N,True,True,True,356.451,2.9387,74.13,1,5,8,0.4414,2.786,C1=NCN1N=CNc1ccccc1,6,False,False,True,selfies_token_mutation
CAND_02bb761bd1,selfies,JAK2_777ae6093b,CN1CCN(c2ccc(Nc3ncc4cnc(-c5ccccc5N(C)S(C)(=O)=O)n4n3)cc2)CC1,PPOFIVSTLCQCRD-UHFFFAOYSA-N,True,True,True,492.609,2.6825,98.97,1,8,6,0.4387,3.742,c1ccc(-c2ncc3cnc(Nc4ccc(N5CCNCC5)cc4)nn23)cc1,6,False,False,True,selfies_token_mutation
CAND_abdc924256,selfies,JAK2_777ae6093b,CC1C(NCN=CC=CC=C(NPN)c2ccccc2N(C)S(C)(=O)=O)=CC=C1N1CCN(C)C1,WCUHJPUZQRNDAH-UHFFFAOYSA-N,True,True,True,517.64,2.2766,106.3,3,8,11,0.2349,4.556,C(=CC=NCNC1=CC=C(N2CCNC2)C1)C=Cc1ccccc1,6,False,False,True,selfies_token_mutation
CAND_ebc4696a12,selfies,JAK2_777ae6093b,CN(c1ccccc1C=CC=CC=NCNC1=CC=CN2CCCNC(C1)C2)S(C)(=O)=O,ZJEXZOHBNRXHAR-UHFFFAOYSA-N,True,True,True,455.628,2.7349,77.04,2,6,8,0.4656,4.087,C(=CC=NCNC1=CC=CN2CCCNC(C1)C2)C=Cc1ccccc1,8,False,True,True,selfies_token_mutation
CAND_fb94431c7b,selfies,JAK2_777ae6093b,CNC1CCN(C=C2C=CC(NCN=CC=C3C=C(c4ccccc4N[SH](C)S(C)=O)ON3N)=C2)C1,XMZXQUCPAKICJY-UHFFFAOYSA-N,True,True,True,529.736,2.5329,107.25,5,9,10,0.1363,4.999,C1=CC(NCN=CC=C2C=C(c3ccccc3)ON2)=CC1=CN1CCCC1,6,False,False,True,selfies_token_mutation
CAND_6f84663c98,selfies,JAK2_777ae6093b,CNC1CCN(C=C2C=CC(NCN=CC=C3C=C(C4=CC=CC[SH]4N(C)[SH](N)C=O)ON3N)=C2)C1,KGMIEYWZYHKASS-UHFFFAOYSA-N,True,True,True,532.74,1.4061,124.48,6,10,10,0.1072,5.015,C1=CCSC(C2=CC(=CC=NCNC3=CC(=CN4CCCC4)C=C3)NO2)=C1,6,False,False,True,selfies_token_mutation
CAND_777ae6093b,selfies,JAK2_777ae6093b,CN1CCN(c2ccc(Nc3ncc4ccc(-c5ccccc5N(C)S(C)(=O)=O)n4n3)cc2)CC1,XFXOOLLVYYZWQL-UHFFFAOYSA-N,True,True,False,491.621,3.2875,86.08,1,7,6,0.443,3.737,c1ccc(-c2ccc3cnc(Nc4ccc(N5CCNCC5)cc4)nn23)cc1,6,False,False,True,selfies_token_mutation
CAND_f83bb66ce7,selfies,JAK2_777ae6093b,C=C1C2=CC(Nc3ncc4ccc(-c5ccccc5N(C)S(C)(=O)=O)n4n3)=CN1CCNCC2,SNNQUHHRZKWETJ-UHFFFAOYSA-N,True,True,True,477.594,2.7944,94.87,2,7,5,0.5835,4.034,C=C1C2=CC(Nc3ncc4ccc(-c5ccccc5)n4n3)=CN1CCNCC2,8,False,True,True,selfies_token_mutation
CAND_e36487f2c5,selfies,JAK2_777ae6093b,CC1C(NCN=CC=CC=C2CC=CC=C2N(C)S(C)(=O)=O)=CC=CN2CCN1CC2,TXEPYUFJBFFUNU-UHFFFAOYSA-N,True,True,True,443.617,2.2394,68.25,1,6,7,0.6115,4.145,C(=CC=C1C=CC=CC1)C=NCNC1=CC=CN2CCN(CC2)C1,9,False,True,True,selfies_token_mutation
CAND_8c92069446,selfies,JAK2_777ae6093b,CN(c1ccccc1C=[SH]CC=CC=NCNC1=CC=CN2CCNC1CC2)[SH](C)C=O,VNPIOINOAOCBTJ-UHFFFAOYSA-N,True,True,True,473.712,2.724,59.97,4,6,10,0.1822,4.687,C(=CC[SH]=Cc1ccccc1)C=NCNC1=CC=CN2CCNC1CC2,8,False,True,True,selfies_token_mutation
CAND_55972ce4f0,selfies,JAK2_777ae6093b,C1=CC(=NCNC2=CC=CN3CCNC(C=C2)CC3)N=C1,RCLVWBPPXYGIKM-UHFFFAOYSA-N,True,True,True,283.379,1.2039,52.02,2,4,3,0.8182,2.875,C1=CC(=NCNC2=CC=CN3CCNC(C=C2)CC3)N=C1,10,False,True,True,selfies_token_mutation
CAND_f84e7915cd,selfies,JAK2_777ae6093b,CN1CCN(c2ccc(Nc3ncc4ccc(-c5ccccc5N(C)S(C)(=O)=O)n4n3)cc2)CS1,ROKZEANYZGPJCM-UHFFFAOYSA-N,True,True,True,509.661,3.8932,86.08,1,8,6,0.392,3.837,c1ccc(-c2ccc3cnc(Nc4ccc(N5CCNSC5)cc4)nn23)cc1,6,False,False,True,selfies_token_mutation
CAND_e6d62a6e97,selfies,JAK2_777ae6093b,CCC(=CC=CN1CCNCC1)Nc1ncc2ccc(-c3ccccc3N(C)S(C)(=O)=O)n2n1,JGLWZIBXHKZYCJ-UHFFFAOYSA-N,True,True,True,481.626,2.9168,94.87,2,7,8,0.4779,3.731,C(C=CN1CCNCC1)=CNc1ncc2ccc(-c3ccccc3)n2n1,6,False,False,True,selfies_token_mutation
CAND_a87c82d2f8,selfies,JAK2_3f3d946705,C[C@@H]1CSN(C(=O)CC#N)C[C@@H]1N(C)c1ncnc2[nH]ccc12,QQFLIQPBZHMJLB-PWSUYJOCSA-N,True,True,True,330.417,1.8029,88.91,1,6,3,0.8634,2.625,c1nc(N[C@@H]2CCSNC2)c2cc[nH]c2n1,6,False,False,True,selfies_token_mutation
CAND_29f64a1113,selfies,JAK2_3f3d946705,CC=CCNCN=CN=CC(C)[C@@H]1C[CH]CCN(F)NC1,KHXCHUPVFMVSKE-YSSOQSIOSA-N,True,True,True,296.414,2.1502,52.02,2,4,7,0.2488,3.125,[CH]1CCCNNCC1,8,False,True,True,selfies_token_mutation
CAND_553fe4027b,selfies,JAK2_3f3d946705,C[C@@H]1CCN(C(=O)CC#N)C[C@@H]1N(C)C1=NC=NCNC=CC1,VEFNRPKMMSTTNF-KGLIPLIRSA-N,True,True,True,316.409,0.9602,84.09,1,6,2,0.8222,2.75,C1=CNCN=CN=C(N[C@@H]2CCCNC2)C1,9,False,True,True,selfies_token_mutation
CAND_ae50e71b05,selfies,JAK2_3f3d946705,CC(C#N)N1CC[CH]C[C@H]1N1C=NC=NCNC=CC1,QOMIFYKAUWDNPJ-KZUDCZAMSA-N,True,True,True,273.364,0.9577,67.02,1,6,2,0.8134,2.75,[CH]1CCN[C@H](N2C=NC=NCNC=CC2)C1,10,False,True,True,selfies_token_mutation
CAND_3f19203b4d,selfies,JAK2_3f3d946705,CCCC(=O)N1CC(C)[C@@H](N(C)C2=NC=NCNC=C=C2)CN1,HPBGLJKGYSYIET-VUPPGXSCSA-N,True,True,True,318.425,0.7261,72.33,2,6,3,0.7525,2.875,C1=CNCN=CN=C(N[C@@H]2CCNNC2)C=1,9,False,True,True,selfies_token_mutation
CAND_2b99a71121,selfies,JAK2_3f3d946705,CN(C=CN(CC[CH]CN)C(=O)CC#N)c1ncnc2[nH]ccc12,AKNQCRCWYWISGN-UHFFFAOYSA-N,True,True,True,326.384,1.1607,114.93,2,6,8,0.7034,2.5,c1ncc2cc[nH]c2n1,6,False,False,True,selfies_token_mutation
CAND_4ab5e086bd,selfies,JAK2_3f3d946705,N#CCC(=O)N1CC[CH]C[C@@H](CC2C=NNc3[nH]ccc32)C1,LMCVECDXBKJWNT-UEWDXFNNSA-N,True,True,True,298.37,2.2563,84.28,2,4,3,0.8973,2.625,[CH]1CCNC[C@H](CC2C=NNc3[nH]ccc32)C1,7,False,False,True,selfies_token_mutation
CAND_b815a1fef1,selfies,JAK2_3f3d946705,C[C@@H]1CCN(C(=O)CC#N)C[C@@H]1CCc1ncnc2[nH]ccc12,JKGYDGKJNWPJMR-OLZOCXBDSA-N,True,True,True,311.389,2.2888,85.67,1,4,4,0.9383,2.75,c1nc(CC[C@@H]2CCCNC2)c2cc[nH]c2n1,6,False,False,True,selfies_token_mutation
CAND_518ac723b0,selfies,JAK2_3f3d946705,CC=CNCN=CN=CN(C)[C@H]1CN(C(=O)CC#N)CC[C@H]1C,ZLFFXDQTQZTVOS-CABCVRRESA-N,True,True,True,318.425,1.2062,84.09,1,4,7,0.4342,2.625,C1CCNCC1,6,False,False,True,selfies_token_mutation
CAND_41068dd649,selfies,JAK2_3f3d946705,C[C@@H]1CCN(C(=O)C=C=N)C[C@@H]1N(C)C1=NC=NCNC=CC1,BXEXZERTIOMPGY-KGLIPLIRSA-N,True,True,True,316.409,0.8512,84.15,2,6,2,0.585,2.75,C1=CNCN=CN=C(N[C@@H]2CCCNC2)C1,9,False,True,True,selfies_token_mutation
CAND_f8c06d9738,selfies,JAK2_3f3d946705,CCCN(CC=CON(C)c1ncnc2[nH]ccc12)C(=O)CC#N,HXLNOBWOHLCUJN-UHFFFAOYSA-N,True,True,True,328.376,1.9917,98.14,1,6,8,0.5876,2.5,c1ncc2cc[nH]c2n1,6,False,False,True,selfies_token_mutation
CAND_be213c1616,selfies,JAK2_3f3d946705,CC(C#N)N1CC[CH]C[C@H]1N(C)C=NC=NC1CC=CN1,CDKGMALHXIDDAG-NRXISQOPSA-N,True,True,True,287.391,1.3462,67.02,1,4,5,0.612,2.875,[CH]1CCN[C@H](NC=NC=NC2CC=CN2)C1,6,False,False,True,selfies_token_mutation
CAND_e3dd6c9531,selfies,JAK2_d918415381,C#CC(=CC=CNC1N=CC(=CC2=CC(=CNC(=O)[C@@H](C)N)C=C2)N=N1)N1CCOCC1,WTJWHWRSKUEFBL-LIXIDFRTSA-N,True,True,True,433.516,1.4866,116.7,3,8,7,0.4154,3.589,C=C1C=CC(C=C2C=NC(NC=CC=CN3CCOCC3)N=N2)=C1,6,False,False,True,selfies_token_mutation
CAND_34d637516c,selfies,JAK2_d918415381,C=CC(=CC=CNC1=NN2C=CC=C(C=C=N1)CC[C@@H](N)C2=O)NF,GKQSPZDIXOMJBZ-OAHLLOKOSA-N,True,True,True,342.378,1.534,95.11,3,6,4,0.5333,2.75,O=C1CCCC2=CC=CN1N=CN=C=C2,10,False,True,True,selfies_token_mutation
CAND_5db530d135,selfies,JAK2_d918415381,C[C@@H](N)C(=O)n1cccc(CC=NCNc2ccc(N3CCOCC3)cc2)[nH]cc1,NWFDAFHHNBKBGQ-GOSISDBHSA-N,True,True,True,410.522,2.4475,100.67,3,6,7,0.6089,3.711,C(Cc1ccc[nH]cc[nH]1)=NCNc1ccc(N2CCOCC2)cc1,8,False,True,True,selfies_token_mutation
CAND_b7ba3c9246,selfies,JAK2_d918415381,C[C@@H](N)C(N)c1ccc2c(c1)N=C(Nc1ccc(N3CCOCC3)cc1)N=CC=C2,JCERIZPZJVNQEC-XESZBRCGSA-N,True,True,True,404.518,3.0674,101.26,3,7,4,0.727,3.803,C1=Cc2ccccc2N=C(Nc2ccc(N3CCOCC3)cc2)N=C1,8,False,True,True,selfies_token_mutation
CAND_461f39dde3,selfies,JAK2_d918415381,C=COCCNC1=CC=[SH]N2C(C=C)N=CC=CC3=C(C=CNC(=O)[C@H](N)C3)C12,VWVGMGSCZBTLCL-QHGAOEGBSA-N,True,True,True,413.547,1.2971,91.98,4,6,6,0.1732,4.103,O=C1CCC2=C(C=CN1)C1C=CC=[SH]N1CN=CC=C2,9,False,True,True,selfies_token_mutation
CAND_ce0b2a6093,selfies,JAK2_d918415381,C[C@@H](N)C(N)c1ccc(-c2ccnc(Nc3ccc(N4CCOCC4)cc3)n2)cc1,XMKQEBFAJOGKSF-XESZBRCGSA-N,True,True,True,404.518,3.0708,102.32,3,7,6,0.5801,3.553,c1ccc(-c2ccnc(Nc3ccc(N4CCOCC4)cc3)n2)cc1,6,False,False,True,selfies_token_mutation
CAND_847a705cbc,selfies,JAK2_d918415381,CC1(N2C=CC=C(N3CCOCC3)C=C2)N=CC=CC2=CC=CNC(F)[C@H](N)C21,OJPACVPJHFKMDX-HARJDGEMSA-N,True,True,True,397.498,2.1847,66.12,2,6,2,0.6995,4.014,C1=CNCCC2C(=C1)C=CC=NC2N1C=CC=C(N2CCOCC2)C=C1,8,False,True,True,selfies_token_mutation
CAND_b9805b6a27,selfies,JAK2_d918415381,CCOCCNC1=COCN(C2(C)C[C@@H](N)C(=O)N3C=CC=C(C=CCN2)C3)C1=N,YKBUIBUMSMJRTI-OQHSHRKDSA-N,True,True,True,416.526,0.5962,115.94,4,7,6,0.4686,3.87,N=C1C=COCN1C1CCC(=O)N2C=CC=C(C=CCN1)C2,11,False,True,True,selfies_token_mutation
CAND_c57a78f6ee,selfies,JAK2_d918415381,C[C@@H](N)C(=O)NC=CC#CC=CC=NC(N=N)NF,VWBFVVYZSXOGKR-BFHBGLAWSA-N,True,True,True,266.28,0.3826,115.72,4,6,6,0.2409,2.25,,0,False,False,True,selfies_token_mutation
CAND_6e5f6be1ea,selfies,JAK2_7d123907a9,Cc1cc(Nc2nc(N3CCN4C(F)C=COCC=C(F)C4C3)nn3cccc23)[nH]n1,XQQYTXIJSXZWIN-UHFFFAOYSA-N,True,True,True,428.447,2.6879,86.61,2,7,3,0.6206,4.011,C1=CC2CN(c3nc(Nc4ccn[nH]4)c4cccn4n3)CCN2CC=COC1,9,False,True,True,selfies_token_mutation
CAND_4f6273d0f3,selfies,JAK2_7d123907a9,C=C(F)C(CC(=O)NCC1CCN1CN=C(Nc1cc(C)n[nH]1)c1cccn1N=NS)=C(F)C=COC,ANTHTYVNVATUOA-UHFFFAOYSA-N,True,True,True,533.609,3.8434,124.29,4,7,12,0.0824,4.52,c1c[nH]c(C(=NCN2CCC2)Nc2ccn[nH]2)c1,5,False,False,True,selfies_token_mutation
CAND_cff3e77528,selfies,JAK2_7d123907a9,Cc1cc(F)c(CC(=O)N2CCN(c3nc(Nc4cc(C)n[nH]4)c4cccn4n3)CC2)c(F)c1,NBUYIQWXLMVMQT-UHFFFAOYSA-N,True,True,True,466.496,2.9823,94.45,2,6,5,0.4698,3.472,O=C(Cc1ccccc1)N1CCN(c2nc(Nc3ccn[nH]3)c3cccn3n2)CC1,6,False,False,True,selfies_token_mutation
CAND_676db70c1c,selfies,JAK2_7d123907a9,COc1cc(F)c(CC(=O)N2CCN(C3=NC4=CC4=CC(NC=C=NCC=N[NH])=N3)CC2)c(F)c1,DNHIPFMSKFKXOK-UHFFFAOYSA-N,True,True,True,481.487,1.2938,118.05,1,8,6,0.4867,3.48,O=C(Cc1ccccc1)N1CCN(C2=NC3=CC3=CC=N2)CC1,7,False,False,True,selfies_token_mutation
CAND_614f25bdd9,selfies,JAK2_7d123907a9,C=C(F)CC(NCC(=O)NCCN1CN=C(Nc2cc(C)n[nH]2)CC=CNN1)=C(F)C=COC,HRKIEZCKZLPUOZ-UHFFFAOYSA-N,True,True,True,479.536,1.6349,130.73,6,9,11,0.2087,4.095,C1=CNNNCN=C(Nc2ccn[nH]2)C1,9,False,True,True,selfies_token_mutation
CAND_831fa67e62,selfies,JAK2_7d123907a9,Cc1cc(NNCC=NCN2CCNC(=O)CC3(CC2)OC(F)C=COCC=C3F)[nH]n1,FZSFFIDEHYINCP-UHFFFAOYSA-N,True,True,True,453.494,1.3232,115.9,4,8,6,0.2917,4.075,O=C1CC2(C=CCOC=CCO2)CCN(CN=CCNNc2ccn[nH]2)CCN1,9,False,True,True,selfies_token_mutation
CAND_741fbbb8a0,selfies,JAK2_7d123907a9,COC=CC(F)=C(CCS(=O)N1CCN(c2nc(Nc3cc(C)n[nH]3)c3cccn3n2)CC1)C(F)F,PJCFYPNLKBYCMY-UHFFFAOYSA-N,True,True,True,524.573,3.329,103.68,2,7,10,0.3098,4.47,c1cc2c(Nc3ccn[nH]3)nc(N3CCNCC3)nn2c1,6,False,False,True,selfies_token_mutation
CAND_6c98335e4a,selfies,JAK2_7d123907a9,COC1=CC(F)=C2CC(=O)N(CCNc3nc(Nc4cc(C)n[nH]4)c4cccn4n3)C(C2)C(F)=C1,ADROACASFSATGJ-UHFFFAOYSA-N,True,True,True,482.495,3.5282,112.47,3,7,7,0.4723,4.561,O=C1CC2=CC=CC=CC(C2)N1CCNc1nc(Nc2ccn[nH]2)c2cccn2n1,8,False,True,True,selfies_token_mutation
CAND_1393b014eb,selfies,JAK2_7d123907a9,COC=C=CC(F)=CCC(=O)N1CCN(C2=NN=C=CC=CC(Nc3cc(C)n[nH]3)=N2)CC1,MCPCBIWEZABXLJ-UHFFFAOYSA-N,True,True,True,452.494,2.2981,110.57,2,8,5,0.4047,3.444,C1=CC=CC(Nc2ccn[nH]2)=NC(N2CCNCC2)=NN=1,9,False,True,True,selfies_token_mutation
CAND_cd419787a1,selfies,JAK2_7d123907a9,C=C(F)C(CC(=O)NCC1CCN1CN=C(NC=CC1=CCC=NN1)c1cccn1N)=C(F)C=COC,QBOAXTYTAGSNDQ-UHFFFAOYSA-N,True,True,True,514.581,2.3198,121.3,4,7,12,0.1117,4.414,C(=CC1=CCC=NN1)NC(=NCN1CCC1)c1ccc[nH]1,6,False,False,True,selfies_token_mutation
CAND_60006c9477,selfies,JAK2_8cf1e0547e,CC1=CC(S(C)(=O)=O)=CCC12C=CNNN(C1(C)C=CC=CN3CNC1C3)CN=C2,WUGGNSYKIPVUHZ-UHFFFAOYSA-N,True,True,True,430.578,1.1916,89.07,3,8,2,0.6064,3.948,C1=CCC2(C=C1)C=CNNN(C1C=CC=CN3CNC1C3)CN=C2,9,False,True,True,selfies_token_mutation
CAND_4ba467ac8d,selfies,JAK2_8cf1e0547e,CC1=C(N2CCN(C)CC2)C=C1NCN=CC(=CC=CNN)C=C1C=CCC(S(C)(=O)=O)=C1,XDTDYIVNVYPNSK-UHFFFAOYSA-N,True,True,True,470.643,1.7414,103.06,3,8,9,0.2041,3.545,C=C(C=NCNC1=CC(N2CCNCC2)=C1)C=C1C=CCC=C1,6,False,False,True,selfies_token_mutation
CAND_c16d99d70c,selfies,JAK2_8cf1e0547e,CSC(C=O)=CC=CC1=CC=CN=CSN=C(Nc2cccc(N3CCNCC3)c2)N=C1,UCSTYIQJXSUCST-UHFFFAOYSA-N,True,True,True,466.636,4.0671,81.45,2,9,6,0.2847,3.648,C1=CC=NC(Nc2cccc(N3CCNCC3)c2)=NSC=NC=C1,11,False,True,True,selfies_token_mutation
CAND_e48019aa15,selfies,JAK2_8cf1e0547e,CNC1CCN(C=C2C=CC(NCN=c3c(-c4ccc(S(C)(=O)=O)cc4)cccn3N=N)=C2)C1,LRYIURFDLKQAFM-UHFFFAOYSA-N,True,True,True,479.61,2.4318,114.94,3,8,8,0.5033,3.97,C1=CC(NCN=c2[nH]cccc2-c2ccccc2)=CC1=CN1CCCC1,6,False,False,True,selfies_token_mutation
CAND_904261de6d,selfies,JAK2_8cf1e0547e,CONC1=NN2CC(C=CCCl)C=NCNCC=CCN2C1,UXYNZOPYEQZFJV-UHFFFAOYSA-N,True,True,True,326.832,0.5824,64.49,2,7,3,0.4512,3.325,C1=CCN2CC=NN2CCC=NCNC1,12,True,False,True,selfies_token_mutation
CAND_efb267d595,selfies,JAK2_8cf1e0547e,CNCCN1Cc2cc(S(C)(=O)=O)ccc2-c2cccn3nc(nc23)Nc2cccc1c2,DREXTMMMHXMXSB-UHFFFAOYSA-N,True,True,True,448.552,3.0828,91.63,2,7,4,0.4957,4.448,c1cc2cc(c1)Nc1nc3c(cccn3n1)-c1ccccc1CN2,12,True,False,True,selfies_token_mutation
CAND_3088fd025d,selfies,JAK2_8cf1e0547e,CCC12C=CC=CNCCNC1=NNC=CC1C=CC=C(S(C)(=O)=O)C=CC(N=C1)N2,YNSRIMCBABQYMH-UHFFFAOYSA-N,True,True,True,442.589,1.4855,106.98,4,8,2,0.5162,3.764,C1=CC=CC2N=CC(C=C1)C=CNN=C1NCCNC=CC=CC1N2,11,False,True,True,selfies_token_mutation
CAND_06dc9af806,selfies,JAK2_8cf1e0547e,CC1(NCN=CC(=CC=CNSN)c2ccc(S(C)(=O)=O)cc2)C=CC=CN2CCN(C2)C1,WIRICMYRBLHKBE-UHFFFAOYSA-N,True,True,True,488.683,2.1339,103.06,3,9,9,0.276,4.645,C=C(C=NCNC1C=CC=CN2CCN(C1)C2)c1ccccc1,9,False,True,True,selfies_token_mutation
CAND_f55758e8f0,selfies,JAK2_8cf1e0547e,CN1CCC2C(=CC=CCNc3nc4c(-c5ccc(S(C)(=O)=O)cc5)cccn4n3)N2CC1,FZQVSMJUXWGHLZ-UHFFFAOYSA-N,True,True,True,464.595,2.6715,82.61,1,7,6,0.5618,3.837,C(=CCNc1nc2c(-c3ccccc3)cccn2n1)C=C1C2CCNCCN12,7,False,False,True,selfies_token_mutation
CAND_5671427068,selfies,JAK2_8cf1e0547e,C=CC(=CCC1=CC=CNN=C2C3=NCCN2C(CC)(C=CC=C3)NCN=C1)S(C)(=O)=O,ITECZTUHOLZRRP-UHFFFAOYSA-N,True,True,True,454.6,2.4546,98.52,2,8,5,0.622,4.406,C1=CC=NCNC2C=CC=CC3=NCCN2C3=NNC=C1,13,True,False,True,selfies_token_mutation
CAND_032f235861,selfies,JAK2_b8536fbab5,C=CC[C@H](Cl)NC1=NC=CC(=O)N2c3ccc(-c4ccc(N5CCS(=O)(=O)CC5)nn4)cc3NC12,DGDNZHYEXIMDFQ-HWYAHNCWSA-N,True,True,True,514.011,2.1194,119.89,2,9,5,0.3542,4.236,O=C1C=CN=CC2Nc3cc(-c4ccc(N5CCS(=O)(=O)CC5)nn4)ccc3N12,7,False,False,True,selfies_token_mutation
CAND_dad95cce97,selfies,JAK2_b8536fbab5,O=CC[C@H](CF)NC1=NCC(=O)NC1Nc1cccc(-c2ccc(N3CCS(=O)(=O)CC3)nn2)c1,NAAFFUQTGWBETQ-PLEWWHCXSA-N,True,True,True,503.56,0.1614,145.75,3,10,8,0.4289,4.353,O=C1CN=CC(Nc2cccc(-c3ccc(N4CCS(=O)(=O)CC4)nn3)c2)N1,6,False,False,True,selfies_token_mutation
CAND_56bcd8cb1f,selfies,JAK2_b8536fbab5,NC(=O)C=CN=C(C=CC1N=NC1=CC=CN1CCS(=O)(=O)CC1)N[C@@H](CCF)C1CC1,KNSBCENWVUWCNR-KKFHFHRHSA-N,True,True,True,464.567,1.6303,129.58,2,7,10,0.2883,4.136,N=C(C=CC1N=NC1=CC=CN1CCS(=O)(=O)CC1)NCC1CC1,6,False,False,True,selfies_token_mutation
CAND_b8536fbab5,selfies,JAK2_b8536fbab5,NC(=O)c1cnc(N[C@H](C2CC2)C(F)(F)F)c2c1[nH]c1cc(-c3ccc(N4CCS(=O)(=O)CC4)nn3)ccc12,UJGMROGDTTZZAX-JOCHJYFZSA-N,True,True,False,559.574,3.2596,146.96,3,8,6,0.3263,4.364,O=S1(=O)CCN(c2ccc(-c3ccc4c(c3)[nH]c3ccnc(NCC5CC5)c34)nn2)CC1,6,False,False,True,selfies_token_mutation
CAND_85b781378d,selfies,JAK2_b8536fbab5,NC(=O)c1c2cc(N[C@H](C3CC3)C(F)(F)F)nc1C=CC=C(c1ccc(N3CCS(=O)(=O)CC3)nn1)C=CN2,ZRTZTJRMPXQNLI-HSZRJFAPSA-N,True,True,True,561.59,2.9941,143.2,3,9,6,0.485,4.876,O=S1(=O)CCN(c2ccc(C3=CC=Cc4cc(cc(NCC5CC5)n4)NC=C3)nn2)CC1,10,False,True,True,selfies_token_mutation
CAND_1ca01f4948,selfies,JAK2_b8536fbab5,NC(=O)C=C1N=C(N[C@H](C2CC2)C(F)(F)F)CS2=C1Nc1cc(-c3[nH]c4cc3CC[SH](=O)(C=O)CCN4)ccc12,CTXYWYMKANTBRD-OQMUSNMJSA-N,True,True,True,594.685,2.7516,141.47,6,7,5,0.1362,5.184,C=C1N=C(NCC2CC2)CS2=C1Nc1cc(-c3[nH]c4cc3CCS(=O)CCN4)ccc12,9,False,True,True,selfies_token_mutation
CAND_352ce4dbb1,selfies,JAK2_b8536fbab5,O=Cc1cnc(N[C@H](C2CC2)C(F)(F)F)c2c1[nH]c1cc(-c3ccc(N4CCS(=O)(=O)CC4)nn3)ccc12,GDACRTGVAUPJSX-HSZRJFAPSA-N,True,True,True,544.559,3.9732,120.94,2,8,6,0.35,4.281,O=S1(=O)CCN(c2ccc(-c3ccc4c(c3)[nH]c3ccnc(NCC5CC5)c34)nn2)CC1,6,False,False,True,selfies_token_mutation
CAND_3a78e9a950,selfies,JAK2_b8536fbab5,C=CC=C(CNc1cc(N[C@H](C2CC2)C(F)(F)F)ncc1C(N)=O)c1ccc(N2CCS(=O)(=O)CC2)nn1,XKCOLILCVPUCFS-JOCHJYFZSA-N,True,True,True,551.595,2.6396,143.2,3,9,10,0.3798,4.62,C=C(CNc1ccnc(NCC2CC2)c1)c1ccc(N2CCS(=O)(=O)CC2)nn1,6,False,False,True,selfies_token_mutation
CAND_acc26358e2,selfies,JAK2_b8536fbab5,N=C(N)c1cnc(N[C@H](C2CC2)C(F)(F)F)c2c1[nH]c1cc(-c3ccc(N4CCS(=O)(=O)CC4)nn3)ccc12,UNDJBADSCAHRRE-JOCHJYFZSA-N,True,True,True,558.59,3.4448,153.74,4,8,6,0.2073,4.359,O=S1(=O)CCN(c2ccc(-c3ccc4c(c3)[nH]c3ccnc(NCC5CC5)c34)nn2)CC1,6,False,False,True,selfies_token_mutation
CAND_7f20c2f0b7,selfies,JAK2_b8536fbab5,CCCNC1=NC=CC(=O)NC(NC=C2C=CC=C2C=C2N=NC(N3CCS(=O)(=O)CC3)=CN2)=C1,TTWIDGSDDDMHOP-UHFFFAOYSA-N,True,True,True,496.597,1.2652,139.65,4,10,6,0.4341,4.064,O=C1C=CN=CC=C(NC=C2C=CC=C2C=C2N=NC(N3CCS(=O)(=O)CC3)=CN2)N1,8,False,True,True,selfies_token_mutation
CAND_44de30f1b9,selfies,JAK2_b8536fbab5,N=CCS(=O)(=O)CCNC1=CC(=CC2=CC=C3NC(N)Oc4cnc(N[C@H](C5CC5)C(F)(F)F)cc4NC=C23)N=N1,STXSYFMJVCZREE-MIHMCVIASA-N,True,True,True,591.62,3.0235,178.97,6,12,10,0.2231,5.792,C1=CC(=CC2=CC=C3NCOc4cnc(NCC5CC5)cc4NC=C23)N=N1,9,False,True,True,selfies_token_mutation
CAND_25c672e460,selfies,JAK2_0745eb1ac4,CS(=O)(=O)NC=C1C=CC(C=CC=NC(CC=N)ONC=CC=CCN2CCS(=O)(=O)CC2)=C1,UJSKNEWNRQIIMI-UHFFFAOYSA-N,True,True,True,509.654,1.23,141.02,3,9,13,0.1926,4.137,C=C1C=CC(C=CC=NCONC=CC=CCN2CCS(=O)(=O)CC2)=C1,6,False,False,True,selfies_token_mutation
CAND_b21f45351e,selfies,JAK2_0745eb1ac4,C=CC1=CC2=CN[SH](=O)(F)CC(=C1)C(N1C=CC=C(C3CCS(=O)(=O)N3C)C=C1)=N2,WFEPSUPFRLTHCO-UHFFFAOYSA-N,True,True,True,450.561,2.0014,82.08,2,5,2,0.4981,3.559,O=S1CC2=CC=CC(=CN1)N=C2N1C=CC=C(C2CCS(=O)(=O)N2)C=C1,8,False,True,True,selfies_token_mutation
CAND_f8ed674859,selfies,JAK2_0745eb1ac4,O=[SH]CCNCC=CC=CNC1N=CC=CC2=CC=CN[SH](O)C1C=C2,GXSABUBXXYNYND-UHFFFAOYSA-N,True,True,True,394.566,1.5048,85.75,6,6,8,0.2135,3.998,C1=CNSC2C=CC(=C1)C=CC=NC2,9,False,True,True,selfies_token_mutation
CAND_51452641d5,selfies,JAK2_0745eb1ac4,CS(=O)(=O)NC=C1C=CC(C=C2C=NC(NC=C3C=CNC(CN4CCS(=O)(=O)CC4)=C3)=N2)=C1,FUGHJABMTXXLNK-UHFFFAOYSA-N,True,True,True,502.622,0.4447,132.33,3,9,6,0.4803,3.598,C=C1C=CC(C=C2C=NC(NC=C3C=CNC(CN4CCS(=O)(=O)CC4)=C3)=N2)=C1,6,False,False,True,selfies_token_mutation
CAND_3511dcf280,selfies,JAK2_0745eb1ac4,CC1C[SH](O)CCNC1C1=CN=C=C(Nc2nccc(CC3=CC(=CNS(C)(=O)=O)C=C3)n2)C1,ZOSMXBBNMVRORX-UHFFFAOYSA-N,True,True,True,502.666,2.2836,128.6,5,8,7,0.3619,4.473,C=C1C=CC(Cc2ccnc(NC3=C=NC=C(C4CCSCCN4)C3)n2)=C1,7,False,False,True,selfies_token_mutation
CAND_fe8c245bb5,selfies,JAK2_0745eb1ac4,CS(=O)(=O)N1C=CC=C(C=CC=NC(=N)N2C=CC=C(C=NC[SH](=O)=NC=O)C=C2)C=C1,JHMNFPWFKVEBFB-UHFFFAOYSA-N,True,True,True,474.568,1.8959,135.69,2,6,7,0.2514,3.317,N=C(N=CC=CC1=CC=CNC=C1)N1C=CC=CC=C1,7,False,False,True,selfies_token_mutation
CAND_1b8404c9dc,selfies,JAK2_0745eb1ac4,C=CS(=O)(=O)C1CNCc2ccc(cc2)Nc2nccc(n2)C(=CC=CNS(C)(=O)=O)C=C=N1,JRWZJKSAPNHTGV-UHFFFAOYSA-N,True,True,True,500.606,1.88,142.51,3,9,5,0.5648,4.912,C=C1C=C=NCCNCc2ccc(cc2)Nc2nccc1n2,16,True,False,True,selfies_token_mutation
CAND_29a58998f0,selfies,JAK2_0745eb1ac4,C[SH](C)(=O)Nc1ccc(-c2ccnc(Nc3ccc(CN4CCS(=O)(=O)CC4)cc3)n2)cc1,IDXFKVKTDGNASZ-UHFFFAOYSA-N,True,True,True,487.651,2.7208,104.29,3,7,7,0.4403,3.64,O=S1(=O)CCN(Cc2ccc(Nc3nccc(-c4ccccc4)n3)cc2)CC1,6,False,False,True,selfies_token_mutation
CAND_ea1c2bed43,selfies,JAK2_0745eb1ac4,CC1(NC2=CC=C(CN3CCS(=O)(=O)CC3)CS2)CS(=O)(=O)N2C=CC=C(C=CC=N1)C2,VNBFVBGKZSDQGM-UHFFFAOYSA-N,True,True,True,496.68,1.2633,99.15,1,8,4,0.6256,4.065,O=S1(=O)CCN(CC2=CC=C(NC3CS(=O)(=O)N4C=CC=C(C=CC=N3)C4)SC2)CC1,10,False,True,True,selfies_token_mutation
CAND_852b852b87,selfies,JAK2_0745eb1ac4,O=S1(=O)CCN(Cc2ccc3c(c2)N2C=CC4=CNS(=O)(=O)CC(=C4)CC2=NCONC3)CC1,CQRSSNQGJPODLK-UHFFFAOYSA-N,True,True,True,505.622,0.7749,120.41,2,9,2,0.605,3.815,O=S1(=O)CCN(Cc2ccc3c(c2)N2C=CC4=CNS(=O)(=O)CC(=C4)CC2=NCONC3)CC1,9,False,True,True,selfies_token_mutation
CAND_cf19572ada,selfies,JAK2_0745eb1ac4,CS(=O)(=O)N1C=CC(c2ccnc(Nc3ccc(CN4CCS(=O)(=O)CC4)cc3)n2)C=C1,VRJMHRKGZJSKKQ-UHFFFAOYSA-N,True,True,True,475.596,1.8368,112.57,1,8,6,0.6735,3.448,O=S1(=O)CCN(Cc2ccc(Nc3nccc(C4C=CNC=C4)n3)cc2)CC1,6,False,False,True,selfies_token_mutation
CAND_5c509683a4,selfies,JAK2_0745eb1ac4,CS(=O)(=O)NC=C1C=CC(NC2=C=C=NC(Nc3ccc(CN4CCS(=O)(=O)CC4)cc3)=N2)=C1,CMDNRQHOCTXEGH-UHFFFAOYSA-N,True,True,True,500.606,0.8411,132.33,3,9,7,0.4728,3.712,C=C1C=CC(NC2=C=C=NC(Nc3ccc(CN4CCS(=O)(=O)CC4)cc3)=N2)=C1,6,False,False,True,selfies_token_mutation
CAND_6ba62c6584,selfies,JAK2_c56e6976c9,Cn1cc(-c2ccc3c(c2)[nH]c2c(C(N)=O)cnc(NC(CCCl)C4CC4)c23)cn1,USDJKAKHAXRVSU-UHFFFAOYSA-N,True,True,True,422.92,4.0349,101.62,3,4,7,0.391,3.73,c1cc2[nH]c3cc(-c4cn[nH]c4)ccc3c2c(NCC2CC2)n1,6,False,False,True,selfies_token_mutation
CAND_48adfbd5cf,selfies,JAK2_c56e6976c9,CN=C(N=CC(=CNc1cccc(C2=C(C)N=C2)c1)C(N)=O)NC(C1CC1)C1CC1,YUOVHSFLTQJMJK-UHFFFAOYSA-N,True,True,True,404.518,3.1179,104.23,3,4,8,0.3522,3.303,N=C(N=CC=CNc1cccc(C2=CN=C2)c1)NC(C1CC1)C1CC1,6,False,False,True,selfies_token_mutation
CAND_e4402c3cd5,selfies,JAK2_c56e6976c9,C=C(CN=CC(=CNC1=CC2=C3C=NC(N2)C1C3)C(N)=O)NC(C1CC1)C1CC1,FFNHEGLRIILDQM-UHFFFAOYSA-N,True,True,True,392.507,1.4795,103.9,4,6,10,0.3339,4.186,C=C(CN=CC=CNC1=CC2=C3C=NC(N2)C1C3)NC(C1CC1)C1CC1,6,False,False,True,selfies_token_mutation
CAND_efcd04d674,selfies,JAK2_c56e6976c9,C=C1CC12CC2CNC1N=Cc2cccc(c2NC=CC(N)=O)C2=CNC1N=C2,MWHITJDIUDXRRU-UHFFFAOYSA-N,True,True,True,388.475,1.7529,103.9,4,6,6,0.4402,4.664,C=C1CC12CC2CNC1N=Cc2cccc(c2)C2=CNC1N=C2,10,False,True,True,selfies_token_mutation
CAND_78bb3c75da,selfies,JAK2_c56e6976c9,CN1C=C(C=C2C=C=NC(Nc3cc(NC(C4CC4)N4CC4)ncc3C(N)=O)=C2)C1,IYDMQEHCYRZBCH-UHFFFAOYSA-N,True,True,True,403.49,1.8926,98.65,3,7,8,0.5736,3.747,C1=CC(=CC2=CNC2)C=C(Nc2ccnc(NC(C3CC3)N3CC3)c2)N=1,6,False,False,True,selfies_token_mutation
CAND_760659a5da,selfies,JAK2_c56e6976c9,C=CCC(NC12N=CC(C(N)=O)=CNc3ccc1c(c3)C1=C2NCN=C1)C1CC1,MFHBJEKTBGBCMT-UHFFFAOYSA-N,True,True,True,388.475,2.0054,103.9,4,6,6,0.5597,4.164,C1=CNc2ccc3c(c2)C2=C(NCN=C2)C3(NCC2CC2)N=C1,10,False,True,True,selfies_token_mutation
CAND_35b1173c96,selfies,JAK2_c56e6976c9,NC(=O)C(=Cc1cccc(C2=CNCN=C2)c1)CF,BQHQCKNLSTYHTJ-UHFFFAOYSA-N,True,True,True,259.284,1.4972,67.48,2,3,4,0.8045,2.0,C1=NCNC=C1c1ccccc1,6,False,False,True,selfies_token_mutation
CAND_e28d9c3808,selfies,JAK2_c56e6976c9,NC(=O)C1C=NC(NC(C2CC2)C2CC2)=Cc2cc(cc(C3=CNCN3)c2)N1,VSZPQDOPOIWKSH-UHFFFAOYSA-N,True,True,True,378.48,1.5621,103.57,5,6,6,0.5169,3.858,C1=NC(NC(C2CC2)C2CC2)=Cc2cc(cc(C3=CNCN3)c2)NC1,9,False,True,True,selfies_token_mutation
CAND_2be0538f8f,selfies,JAK2_c56e6976c9,CNC=C(C=N)c1cccc2c1C1=C(NC(C3CC3)C3CC3)N=CC(=CN2)C1CCN=O,GMAJQGMLAGLRSM-UHFFFAOYSA-N,True,True,True,430.556,4.5098,101.73,4,7,10,0.324,4.148,C1=NC(NC(C2CC2)C2CC2)=C2CC1=CNc1ccccc12,7,False,False,True,selfies_token_mutation
CAND_0b1d367892,selfies,JAK2_cc0f142b89,C[C@H](Nc1nc[nH]cccc(Nc2cn(C)cn2)n1)c1ncc(F)cn1,FETRJWTZDVNFJZ-NSHDSACASA-N,True,True,True,355.381,2.5084,109.23,3,7,5,0.6449,3.155,c1cnc(CNc2nc[nH]cccc(Nc3c[nH]cn3)n2)nc1,9,False,True,True,selfies_token_mutation
CAND_f2a19f1914,selfies,JAK2_cc0f142b89,C[C@H](Nc1nc(Nc2cn(C)cn2)c2cc[nH]c2n1)Oc1ncc(F)cn1,ACWZMOVPMONHIE-SECBINFHSA-N,True,True,True,369.364,2.201,118.46,3,8,6,0.4427,3.108,c1cnc(OCNc2nc(Nc3c[nH]cn3)c3cc[nH]c3n2)nc1,6,False,False,True,selfies_token_mutation
CAND_4125838884,selfies,JAK2_cc0f142b89,CN=C1NC=CC1=C(N=CN[C@@H](C)c1ncc(F)cn1)Nc1cn(C)cn1,JSBXJWWRWYLAAD-NSHDSACASA-N,True,True,True,369.408,1.497,104.41,3,6,6,0.5265,2.858,N=C1NC=CC1=C(N=CNCc1ncccn1)Nc1c[nH]cn1,6,False,False,True,selfies_token_mutation
CAND_f1376eb3f5,selfies,JAK2_cc0f142b89,C[C@@H](C=NC=C(F)C#N)NC=NCN(Nc1cn(C)cn1)C1C=CNC1=N,LPCWFPBVUDHDLA-NBFOIZRFSA-N,True,True,True,372.412,0.8809,129.51,4,7,9,0.2204,3.25,N=C1NC=CC1NNc1c[nH]cn1,5,False,False,True,selfies_token_mutation
CAND_884d52de45,selfies,JAK2_cc0f142b89,C=CNNc1nc(Nc2cn(C)cn2)c2cc[nH]c2n1,MKSYPWNMMJHNPB-UHFFFAOYSA-N,True,True,True,270.3,1.495,95.48,4,6,5,0.5247,2.375,c1nc(Nc2c[nH]cn2)c2cc[nH]c2n1,6,False,False,True,selfies_token_mutation
CAND_b54e9e6dfe,selfies,JAK2_cc0f142b89,Cn1cnc(Nc2nc(N[C@@H](F)CC=C(F)C=N)nc3[nH]ccc23)c1,IGWOPMMMOQIXTH-LLVKDONJSA-N,True,True,True,346.345,3.0356,107.3,4,6,7,0.3885,2.875,c1nc(Nc2c[nH]cn2)c2cc[nH]c2n1,6,False,False,True,selfies_token_mutation
CAND_72ef4a88b4,selfies,JAK2_cc0f142b89,CC(N)=CN=C[C@H](C)Nc1nc(Nc2cn(C)cn2)c2cc[nH]c2n1,FPUKVJGAWRUZEA-NSHDSACASA-N,True,True,True,339.407,2.1262,121.83,4,7,6,0.5104,2.75,c1nc(Nc2c[nH]cn2)c2cc[nH]c2n1,6,False,False,True,selfies_token_mutation
CAND_f0e2ee236e,selfies,JAK2_cc0f142b89,C[C@H](NC=NC(Nc1cn(C)cn1)=C1C=CNC1C=N)c1ncc(F)cn1,NVXGWWBJCMZARP-ZSOXZCCMSA-N,True,True,True,369.408,1.4869,115.9,4,7,7,0.434,3.233,C1=CC(=C(N=CNCc2ncccn2)Nc2c[nH]cn2)CN1,6,False,False,True,selfies_token_mutation
CAND_4545464ac0,selfies,JAK2_cc0f142b89,C[C@@H](C=NC=C(F)C#N)Nc1nc(Nc2cn(C)cn2)c2cc[nH]c2n1,KTMDLPFXAIXJCW-JTQLQIEISA-N,True,True,True,353.365,2.6407,119.6,3,7,6,0.4628,2.769,c1nc(Nc2c[nH]cn2)c2cc[nH]c2n1,6,False,False,True,selfies_token_mutation
CAND_cf2813072c,selfies,JAK2_cc0f142b89,C=N[C@@H](C=NC=C(F)SC=N)NC=NC(SNc1cn(C)cn1)=C1C=CNC1=N,DBQIYQOBHUDSEG-CYBMUJFWSA-N,True,True,True,434.53,2.61,138.69,5,9,11,0.2061,3.595,N=C1NC=CC1=CSNc1c[nH]cn1,5,False,False,True,selfies_token_mutation
CAND_343afb9596,selfies,JAK2_cc0f142b89,C[C@@H](C=NCl)Nc1nc(Nc2cn(C)cn2)c2cc[nH]c2n1,PDMIHORLSPFOSL-QMMMGPOBSA-N,True,True,True,318.772,2.46,95.81,3,6,5,0.628,2.625,c1nc(Nc2c[nH]cn2)c2cc[nH]c2n1,6,False,False,True,selfies_token_mutation
CAND_b30d0d3799,selfies,JAK2_cc0f142b89,Cn1cnc(C(N)N=CN[C@@H](N)c2ncc(F)cn2)c1,KKBZTLSXOQRVGO-QVDQXJPCSA-N,True,True,True,278.295,-0.4181,120.03,3,6,5,0.388,2.625,C(=NCc1c[nH]cn1)NCc1ncccn1,6,False,False,True,selfies_token_mutation
CAND_331f71e66a,selfies,JAK2_e05cc76b4d,O=C1CN=C(N[C@@H](CF)C2CC2)C(NCCl)N1,PKWGNQRLBLCRMD-BYDSUWOYSA-N,True,True,True,262.716,-0.0356,65.52,3,4,5,0.4814,2.625,O=C1CN=C(NCC2CC2)CN1,6,False,False,True,selfies_token_mutation
CAND_9ce6334ba0,selfies,JAK2_e05cc76b4d,C[C@H](CC(F)(F)F)NC(CNc1cccc(-c2ccc(F)nc2)c1)=NC=CC(N)=O,UOUHPKVNDQKOOI-CYBMUJFWSA-N,True,True,True,423.414,3.6276,92.4,3,4,8,0.1988,3.158,c1ccc(-c2cccnc2)cc1,6,False,False,True,selfies_token_mutation
CAND_c92d4cb8ce,selfies,JAK2_e05cc76b4d,N#CCC[C@H](CF)NC(=NC=CC(N)=O)c1c[nH]c2cc(-c3ccc(N)nc3)ccc12,FXNULADEQNYAAW-MRXNPFEDSA-N,True,True,True,419.464,2.7892,145.97,4,5,8,0.2519,3.386,c1cncc(-c2ccc3cc[nH]c3c2)c1,6,False,False,True,selfies_token_mutation
CAND_2ca54e294d,selfies,JAK2_e05cc76b4d,NC(=O)C=CNC1=CNc2cc(-c3ccc(N)nc3)ccc2CC(F)(F)[C@@H](C2CC2)N1,MQSZYLACKCTBBF-OAQYLSRUSA-N,True,True,True,426.471,2.6898,118.09,5,6,5,0.4694,3.8,C1=CN[C@H](C2CC2)CCc2ccc(-c3cccnc3)cc2N1,9,False,True,True,selfies_token_mutation
CAND_8bfeb62f4a,selfies,JAK2_e05cc76b4d,CC(N)C1N=C(N[C@@H](C(F)CCF)C2CC2)c2c1[nH]c1cc(-c3ccc(N)nc3)ccc21,AZHWGGGQVKHLLV-QERNVXGLSA-N,True,True,True,438.526,4.0265,105.11,4,5,7,0.447,4.567,c1cncc(-c2ccc3c4c([nH]c3c2)CN=C4NCC2CC2)c1,6,False,False,True,selfies_token_mutation
CAND_1899452d0a,selfies,JAK2_e05cc76b4d,NC(=O)C=CN=C(F)N[C@H](C1CC1)C(F)OCF,PGGZSAQGNNILHM-VEDVMXKPSA-N,True,True,True,265.235,0.9183,76.71,2,3,7,0.3108,2.625,C1CC1,3,False,False,True,selfies_token_mutation
CAND_3cc4599694,selfies,JAK2_e05cc76b4d,NC(=O)c1cnc(N[C@H](C2CC2)C(F)(F)F)cc1NC=CCN1C=CC=C(N)C1=C1C=C1S,LKNGVYBTSGZQMM-HXUWFJFHSA-N,True,True,True,476.528,3.6122,109.3,5,7,8,0.367,3.953,C1=CC(=C2C=C2)N(CC=CNc2ccnc(NCC3CC3)c2)C=C1,6,False,False,True,selfies_token_mutation
CAND_10b0fc8e63,selfies,JAK2_e05cc76b4d,NC(=O)c1cnc(N[C@@H](SCCF)C2CC2)c2c1[nH]c1cc(-c3ccc(N)nc3)ccc12,SXBBIGVWXUSLNW-QHCPKHFHSA-N,True,True,True,450.543,4.3099,122.71,4,6,8,0.2968,4.009,c1cncc(-c2ccc3c(c2)[nH]c2ccnc(NCC4CC4)c23)c1,6,False,False,True,selfies_token_mutation
CAND_19d6c655bf,selfies,JAK2_e05cc76b4d,NC(=O)CN=C(C=c1[nH]cc2c1=Cc1nc(N)ccc1NOC2)N[C@H](C1CC1)C(F)(F)F,UYUBTQDYMIRGFT-LJQANCHMSA-N,True,True,True,449.437,0.2726,143.44,5,6,5,0.3276,3.927,N=C(C=c1[nH]cc2c1=Cc1ncccc1NOC2)NCC1CC1,8,False,True,True,selfies_token_mutation
CAND_99d40b7fe0,selfies,JAK2_e05cc76b4d,NC(=O)C=CN=C(CNc1cccc(-c2ccc(N)nc2)c1)N[C@H](C1CC1)C(F)(F)F,HQDQNXYOHJMUMW-HXUWFJFHSA-N,True,True,True,432.45,3.0707,118.42,4,5,8,0.2905,3.458,N=C(CNc1cccc(-c2cccnc2)c1)NCC1CC1,6,False,False,True,selfies_token_mutation
CAND_bf81a30e55,selfies,JAK2_e05cc76b4d,NC(=O)C=CN=C(CNc1cccc(-c2ccc(N)nc2)c1)N[CH]OCCC(F)(F)F,XQFNNYFJQZKKPD-UHFFFAOYSA-N,True,True,True,435.43,2.8181,127.65,4,6,10,0.1967,3.225,c1ccc(-c2cccnc2)cc1,6,False,False,True,selfies_token_mutation
CAND_71f9786c77,selfies,JAK2_2d0f835aa0,CN[C@@H]1C[CH]O[C](C)[C@@H]1OCNc1c2cccc1C#C2,SLCNKXYSYGBTFK-ZBFHGGJFSA-N,True,True,True,270.332,1.8764,42.52,2,4,5,0.6428,2.875,C1#Cc2cccc1c2NCO[C@H]1[CH]O[CH]CC1,6,False,False,True,selfies_token_mutation
CAND_29c76adcaf,selfies,JAK2_2d0f835aa0,CN[C@@H]1C[C@H]2O[C@@](C)([C@@H]1OC)n1c3ccccc3c3ccc4c5ccccc5n2c4c31,DMQGTDUUMWEVBP-PCYJJEIWSA-N,True,True,True,411.505,5.1106,40.35,1,3,2,0.4388,3.847,c1ccc2c(c1)c1ccc3c4ccccc4n4c3c1n2C1CCC[C@H]4O1,7,False,False,True,selfies_token_mutation
CAND_5d55803286,selfies,JAK2_2d0f835aa0,CN[C@@H]1C[CH]O[C@](C)(Nc2ccc3cc2C=CCO3)[C@@H]1OC,UJCIQNFDDCYWBV-ZACQAIPSSA-N,True,True,True,303.382,2.4054,51.75,2,5,4,0.8944,3.0,[CH]1CCCC(Nc2ccc3cc2C=CCO3)O1,7,False,False,True,selfies_token_mutation
CAND_c7f7ae1dac,selfies,JAK2_2d0f835aa0,CNC(=O)Nc1cc2c3ccccc3n3c2c2c1c1ccccc1n2C1[CH]OC3[C@H](OC)N(C)[CH]1,NOUUGLHIFYQYNU-HCECCDOVSA-N,True,True,True,467.529,4.9651,72.69,2,4,2,0.3848,4.353,[CH]1NCC2O[CH]C1n1c3ccccc3c3ccc4c5ccccc5n2c4c31,8,False,True,True,selfies_token_mutation
CAND_5434b63130,selfies,JAK2_2d0f835aa0,CN[C@@H]1C2[CH]O[C@](C)(Nc3ccccc3C=CC(C=O)=Cc3ccccc32)[C@@H]1OC,HVARWMNCMOXIBX-APOMXEJKSA-N,True,True,True,403.502,4.0026,59.59,2,5,3,0.7589,5.072,[CH]1OC2CCC1c1ccccc1C=CC=Cc1ccccc1N2,13,True,False,True,selfies_token_mutation
CAND_2cb48f006c,selfies,JAK2_2d0f835aa0,CN[C@@H]1C2[C@H]3O[C@]4(C)CN=C=CC=C3c3c5c(c6c7ccccc7n2c6c3ON[C@H]14)C(=O)NC5,CXNAXUAQSQWLGV-TWGQRPIPSA-N,True,True,True,453.502,2.2266,88.91,3,6,1,0.526,4.4,O=C1NCc2c3c4c5c(c21)c1ccccc1n5C1C[C@@H](NO4)C2CN=C=CC=C3[C@@H]1O2,9,False,True,True,selfies_token_mutation
CAND_7413ac105c,selfies,JAK2_2d0f835aa0,CN[C@@H]1C2[CH]O[C@]3(C)NC4=CCSC=C4C=CC(C=O)=C4C=CC=C=C4N2C=CCO[C@H]13,CIZMJUBIHJUGNX-PMENIEFESA-N,True,True,True,448.568,2.844,62.83,2,7,2,0.4976,5.198,C1=CC=CC2=CC=CC3=CSCC=C3NC3O[CH]C4C[C@H]3OCC=CN4C=12,13,True,False,True,selfies_token_mutation
CAND_719ee733e8,selfies,JAK2_2d0f835aa0,CN[C@@H]1C[CH]O[C@](C)(Nc2cc3ccc2C=CC(=CC=CCCl)C(=O)NC3)[C@@H]1OC,XCMUKFWQRLKCTO-LSWJPFSZSA-N,True,True,True,430.956,3.3642,71.62,3,5,6,0.4765,4.45,C=C1C=Cc2ccc(cc2NC2CCC[CH]O2)CNC1=O,10,False,True,True,selfies_token_mutation
CAND_fbf450aba7,selfies,JAK2_2d0f835aa0,CNC(=O)C1=C2c3ccccc3NN2C=CC1=Cc1ccccc1N[C@@]1(C)O[CH]C[C@@H](NC)[C@H]1OC,CDWYIKILSPFZTJ-RJRADHEHSA-N,True,True,True,486.596,3.7103,86.89,4,7,6,0.4953,4.459,[CH]1CCCC(Nc2ccccc2C=C2C=CN3Nc4ccccc4C3=C2)O1,6,False,False,True,selfies_token_mutation
CAND_fcd293a9ed,selfies,JAK2_2d0f835aa0,CN[CH]C[C@H]1O[C]=NCC(Nc2cccc3c2C=C(C=O)C2C=CCC=C2NC=C3)[C@@H]1OC,GVWKXZMWTVTJDE-MWZGXSJASA-N,True,True,True,446.551,3.1737,83.98,3,7,7,0.4408,4.911,[C]1=NCC(Nc2cccc3c2C=CC2C=CCC=C2NC=C3)CCO1,9,False,True,True,selfies_token_mutation
CAND_6902891abf,selfies,JAK2_2d0f835aa0,CN[CH]C1[CH]OCC(F)Cn2c3ccccc3c3c4c(c5c6ccccc6n1c5c32)C(=O)NC4,JZJYOCLFWDTUJW-UHFFFAOYSA-N,True,True,True,454.505,4.5982,60.22,2,3,2,0.41,4.031,O=C1NCc2c1c1c3ccccc3n3c1c1c2c2ccccc2n1CCCO[CH]C3,10,False,True,True,selfies_token_mutation
CAND_20f4beabcf,selfies,JAK2_2d0f835aa0,CO[C@@H]1[C@H]2C[C@H]3O[C@]1(C)Nc1ccccc1-c1cc(C=O)c4c(c1CN2)N3N1CC=CC=C41,RDQXVMPSOVLXQA-XPLBRSQRSA-N,True,True,True,442.519,3.4887,66.07,2,7,2,0.6905,4.464,C1=CCN2C(=C1)c1ccc3c4c1N2[C@H]1C[C@H](CC(Nc2ccccc2-3)O1)NC4,10,False,True,True,selfies_token_mutation
CAND_ea53de1661,selfies,JAK2_e8465d9792,O=CNC=CC=C(Cl)NC=C1C=CN=C[SH]1Cl,AALNMWSALOMEMX-UHFFFAOYSA-N,True,True,True,292.191,2.4679,53.49,3,3,5,0.3154,2.125,C=C1C=CN=CS1,6,False,False,True,selfies_token_mutation
CAND_099b935d0e,selfies,JAK2_e8465d9792,C=C1C=NC=CC1=NNC(=CC=CNC=O)Nc1c(Cl)cncc1Cl,XZNVERKMPPZJSQ-UHFFFAOYSA-N,True,True,True,377.235,3.0013,90.77,3,6,7,0.3871,2.526,C=C(NN=C1C=CN=CC1=C)Nc1ccncc1,6,False,False,True,selfies_token_mutation
CAND_9197ee01b3,selfies,JAK2_e8465d9792,Cc1c(C=CNC=O)c(NC2=C(Cl)C=NCC2Cl)nc2ccncc12,KWXMGOMUWJNRHF-UHFFFAOYSA-N,True,True,True,376.247,3.209,79.27,2,5,5,0.6205,2.771,C1=NCCC(Nc2ccc3cnccc3n2)=C1,6,False,False,True,selfies_token_mutation
CAND_99627c6ae5,selfies,JAK2_e8465d9792,O=c1[nH]cccc(Nc2c(Cl)cncc2Cl)nc2ccnc3c2c1-3,YOXJIWWQHPREIQ-UHFFFAOYSA-N,True,True,True,358.188,3.8683,83.56,2,5,2,0.5684,2.795,O=c1[nH]cccc(Nc2ccncc2)nc2ccnc3c2c1-3,10,False,True,True,selfies_token_mutation
CAND_dbdae18701,selfies,JAK2_e8465d9792,O=c1[nH]ccc2c(NC3=C(Cl)C=NCC3Cl)nc3ccnnc3c12,VEQGPLIVSJXLTA-UHFFFAOYSA-N,True,True,True,361.192,2.4204,95.92,2,6,2,0.5399,2.562,O=c1[nH]ccc2c(NC3=CC=NCC3)nc3ccnnc3c12,6,False,False,True,selfies_token_mutation
CAND_2584beb1c0,selfies,JAK2_e8465d9792,O=CNC1=CC=C2CCN=CC(=C1)NC#CN=CC(Cl)=CN2,ZVLNVLHVARXKRZ-UHFFFAOYSA-N,True,True,True,315.764,1.1208,77.88,3,5,2,0.5277,3.2,C1#CNC2=CC=CC=C(CCN=C2)NC=CC=N1,14,True,False,True,selfies_token_mutation
CAND_9eb7bf2c65,selfies,JAK2_e8465d9792,O=C1C=C2C=C=NC=C2C=NC2=CC(=CN1)C(CCl)N2,DTZKBZINVZEETI-UHFFFAOYSA-N,True,True,True,286.722,1.1727,65.85,2,4,1,0.7109,2.625,O=C1C=C2C=C=NC=C2C=NC2=CC(=CN1)CN2,11,False,True,True,selfies_token_mutation
CAND_98b7791fbf,selfies,JAK2_e8465d9792,NC(=CC=CNC=O)c1c(Cl)cncc1Cl,AYSYBMQLNQLQCW-UHFFFAOYSA-N,True,True,True,258.108,1.9477,68.01,2,3,4,0.6402,1.75,c1ccncc1,6,False,False,True,selfies_token_mutation
CAND_afb0d7da60,selfies,JAK2_e8465d9792,O=C1NCCc2c(Nc3c(Cl)cncc3Cl)nc3ccncc3c21,YKSMMRAPQLXSOI-UHFFFAOYSA-N,True,True,True,360.204,3.3611,79.8,2,5,2,0.7327,2.307,O=C1NCCc2c(Nc3ccncc3)nc3ccncc3c21,6,False,False,True,selfies_token_mutation
CAND_ae6566ad07,selfies,JAK2_0a194c8fbd,CN(c1ccccc1-c1ccc2cnc(Nc3ccc(C4CCN(CC(N)=O)CC4)cc3)nn12)[SH](C)C=O,ZPDNIRFGSNYIGH-UHFFFAOYSA-N,True,True,True,531.686,3.977,108.86,3,7,9,0.2215,4.584,c1ccc(-c2ccc3cnc(Nc4ccc(C5CCNCC5)cc4)nn23)cc1,6,False,False,True,selfies_token_mutation
CAND_61f35a057d,selfies,JAK2_0a194c8fbd,CN(c1ccccc1C=CC=CN1C=NC2=NN1C(C(N)=O)N1CCC(CC1)c1ccc(cc1)N2)S(C)(=O)=O,LJDXUCCYCWWADN-UHFFFAOYSA-N,True,True,True,548.673,2.5577,126.94,2,9,6,0.5314,5.504,C(C=CN1C=NC2=NN1CN1CCC(CC1)c1ccc(cc1)N2)=Cc1ccccc1,13,True,False,True,selfies_token_mutation
CAND_61b0fa8111,selfies,JAK2_0a194c8fbd,CN(c1ccccc1C=CC1=CC=Nc2nn1n2C=CC1=COPC2CCN(CC(N)=O)CC2C=C1)C(C)(O)O,BPIHTESQBUITFF-UHFFFAOYSA-N,True,True,True,563.599,2.7596,134.37,3,8,8,0.3322,5.637,C1=CC2CNCCC2POC=C1C=Cn1c2nn1C(C=Cc1ccccc1)=CC=N2,8,False,True,True,selfies_token_mutation
CAND_90ed591573,selfies,JAK2_0a194c8fbd,CS(=O)Nc1ccccc1-c1ccc2cnc(Nc3ccc(C4CCN(CC(N)=O)CC4)cc3)nn12,AKTFRNJKOCRRRS-UHFFFAOYSA-N,True,True,True,503.632,3.51,117.65,3,6,8,0.3387,4.304,c1ccc(-c2ccc3cnc(Nc4ccc(C5CCNCC5)cc4)nn23)cc1,6,False,False,True,selfies_token_mutation
CAND_a00b5dfdfb,selfies,JAK2_0a194c8fbd,CN(c1ccccc1C=c1ccc2nc(NC=C3C=CCC(C4CCN(CC(N)=O)CC4)=C3)nn12)[SH](C)(=O)F,OAOXSMAOYSMZMG-UHFFFAOYSA-N,True,True,True,551.692,2.5386,108.86,3,6,8,0.2934,4.321,C1=CC(=CNc2nc3ccc(=Cc4ccccc4)n3n2)C=C(C2CCNCC2)C1,6,False,False,True,selfies_token_mutation
CAND_fe18ec0688,selfies,JAK2_0a194c8fbd,CN(SC=O)c1ccccc1-c1ccc2cnc(Nc3ccc(C4CCN(CC(N)=O)CC4)cc3)nn12,DUKRNXJRZKEAGE-UHFFFAOYSA-N,True,True,True,515.643,4.0792,108.86,2,8,9,0.2536,4.245,c1ccc(-c2ccc3cnc(Nc4ccc(C5CCNCC5)cc4)nn23)cc1,6,False,False,True,selfies_token_mutation
CAND_7da4263f82,selfies,JAK2_0a194c8fbd,CC(C=O)=[SH]N(C)c1ccccc1-c1ccc2ccc(Nc3ccc(C4CCN(CC(N)=O)CC4)cc3)nn12,POWFIOXHQNDUFW-UHFFFAOYSA-N,True,True,True,542.709,4.6175,95.97,3,6,9,0.1623,4.396,c1ccc(-c2ccc3ccc(Nc4ccc(C5CCNCC5)cc4)nn23)cc1,6,False,False,True,selfies_token_mutation
CAND_5bb13ef8fb,selfies,JAK2_0a194c8fbd,CN(SC(=O)O)c1ccccc1-c1ccc2cnc(Nc3ccc(C4CCN(CC(N)=O)CC4)cc3)nn12,ORKRVQVTXRZYPY-UHFFFAOYSA-N,True,True,True,531.642,4.567,129.09,3,8,8,0.2801,4.209,c1ccc(-c2ccc3cnc(Nc4ccc(C5CCNCC5)cc4)nn23)cc1,6,False,False,True,selfies_token_mutation
CAND_ba3d730f77,selfies,JAK2_0a194c8fbd,NNC1=CC2COCCNCCCC2=CC=CN1C1N=CC=CC=CC2=CC=CCC21CC(=O)O,JGDPKPXZRYWGKE-UHFFFAOYSA-N,True,True,True,477.609,2.9333,112.21,4,7,4,0.3638,4.459,C1=CC=NC(N2C=CC=C3CCCNCCOCC3C=C2)C2CC=CC=C2C=C1,10,False,True,True,selfies_token_mutation
CAND_88483c2898,selfies,JAK2_0a194c8fbd,CCN(CCCc1cccn(C2N=CC=C(C=Cc3ccccc3N(C)C(=O)O)N2)c1=N)CC(N)=O,HYFCKZQSLZVYPQ-UHFFFAOYSA-N,True,True,True,491.596,2.549,140.04,4,6,11,0.3824,4.162,N=c1ccccn1C1N=CC=C(C=Cc2ccccc2)N1,6,False,False,True,selfies_token_mutation
CAND_54be2943b6,selfies,JAK2_0a194c8fbd,CCON(CF)CCCC1=CC=CN(C2=NNC(C=Cc3ccccc3N(C)OO)=CC=N2)C=C1,ZDFOTWMFYYCMCN-UHFFFAOYSA-N,True,True,True,482.56,4.5996,85.16,2,9,11,0.2709,3.861,C1=CC=CN(C2=NNC(C=Cc3ccccc3)=CC=N2)C=C1,7,False,False,True,selfies_token_mutation
CAND_458c7afc48,selfies,JAK2_0a194c8fbd,CNc1ccccc1-c1ccc2n1NC1=CC(CC3CCN(CC(N)=O)CC3)=CC1=CCN=C2,CUDOYHUIGWFVTI-UHFFFAOYSA-N,True,True,True,456.594,3.5105,87.68,3,5,6,0.6208,4.042,C1=NCC=C2C=C(CC3CCNCC3)C=C2Nn2c1ccc2-c1ccccc1,9,False,True,True,selfies_token_mutation
CAND_5735b2a387,selfies,JAK2_6ddcac62d4,CCC(Nc1ncc(C(N)=O)c2[nH]c3cc(-c4cnn(C)n4)ccc3c12)C1CC1,PIKKTIDCSFAWIU-UHFFFAOYSA-N,True,True,True,389.463,3.211,114.51,3,5,6,0.4684,3.419,c1cc2[nH]c3cc(-c4cn[nH]n4)ccc3c2c(NCC2CC2)n1,6,False,False,True,selfies_token_mutation
CAND_4861c2d882,selfies,JAK2_6ddcac62d4,Cn1cc(-c2ccc3c(c2)NCOC(C(N)F)=CN(N=CNC2=CC2)C3)cn1,UKLMXFWKCYONOS-UHFFFAOYSA-N,True,True,True,383.431,2.2049,92.73,3,6,5,0.4165,3.561,C1=CN(N=CNC2=CC2)Cc2ccc(-c3cn[nH]c3)cc2NCO1,9,False,True,True,selfies_token_mutation
CAND_2413696eff,selfies,JAK2_6ddcac62d4,CCC1CCc2c([nH]c3cc(-c4cnn(C)c4)ccc23)C(C(N)=O)=CN=N1,XYXMWDXMUHOYPE-UHFFFAOYSA-N,True,True,True,362.437,3.5716,101.42,2,4,3,0.7438,3.194,C1=Cc2[nH]c3cc(-c4cn[nH]c4)ccc3c2CCCN=N1,9,False,True,True,selfies_token_mutation
CAND_7580757537,selfies,JAK2_6ddcac62d4,CC(ONc1ncc(C(N)=O)c2[nH]c3cc(-c4cnn(O)c4)ccc3c12)C1CC1,PPOFZWRILSUDCN-UHFFFAOYSA-N,True,True,True,392.419,3.0578,131.08,4,6,6,0.2946,3.436,c1cc2[nH]c3cc(-c4cn[nH]c4)ccc3c2c(NOCC2CC2)n1,6,False,False,True,selfies_token_mutation
CAND_dfaf4f488f,selfies,JAK2_6ddcac62d4,CCC(C1CC1)N1C#CC=C(CC=NNC)C=CNCOC(CCN)=CN=C1,SBAYTMAVZRLFTP-UHFFFAOYSA-N,True,True,True,384.528,2.2691,87.27,3,7,8,0.3395,4.142,C1#CN(CC2CC2)C=NC=COCNC=CC=C1,14,True,False,True,selfies_token_mutation
CAND_cf90506327,selfies,JAK2_6ddcac62d4,CCC(NC=NC=C(CNC=CC(=CCl)c1cnn(C)c1)C(N)=O)C1CC1,HZQGGKVUSHKZAY-UHFFFAOYSA-N,True,True,True,390.919,2.2788,97.33,3,4,11,0.2335,3.352,C=C(C=CNCC=CN=CNCC1CC1)c1cn[nH]c1,5,False,False,True,selfies_token_mutation
CAND_135f71c9b8,selfies,JAK2_6ddcac62d4,CCC(CC)N1C=NC=C2Nc3cc(-c4cnn(C)c4)ccc3C1=CC2O,MWTZNGJEEOPDRQ-UHFFFAOYSA-N,True,True,True,363.465,3.5883,65.68,2,5,4,0.8712,3.325,C1=NC=C2CC=C(N1)c1ccc(-c3cn[nH]c3)cc1N2,8,False,True,True,selfies_token_mutation
CAND_203dad43d1,selfies,JAK2_6ddcac62d4,CCC1CCC2c3ccc(-c4cnn(C)c4)cc3CC(C(N)=O)=CN=CN12,JORYMGWXIYNQNM-UHFFFAOYSA-N,True,True,True,363.465,2.9562,76.51,1,4,3,0.9107,3.45,C1=CN=CN2CCCC2c2ccc(-c3cn[nH]c3)cc2C1,9,False,True,True,selfies_token_mutation
CAND_5dd00759da,selfies,JAK2_6ddcac62d4,CCC(NC1=NC=C(C(N)O)OCNC=CC(C=NNC)=CCC=CC1)C1CC1,BZEJEPMIFXLTHG-UHFFFAOYSA-N,True,True,True,402.543,1.8406,116.29,5,8,6,0.2003,4.242,C1=CCC=CCC(NCC2CC2)=NC=COCNC=C1,15,True,False,True,selfies_token_mutation
CAND_4a79ba8e13,selfies,JAK2_e984d68b65,CCc1ccc(C(F)(F)F)cc1CNC(N)(O)C=CCC(=N)N,AJHGZUSUTYPGJC-UHFFFAOYSA-N,True,True,True,330.354,1.8445,108.15,5,4,7,0.2274,2.375,c1ccccc1,6,False,False,True,selfies_token_mutation
CAND_d70ea0dac8,selfies,JAK2_e984d68b65,CCc1ccc(C(F)(F)F)cc1CNC(C=CC=NC(N)CCl)CF,MIFTWOOFXVKNNK-UHFFFAOYSA-N,True,True,True,379.829,3.8461,50.41,2,3,9,0.3888,3.041,c1ccccc1,6,False,False,True,selfies_token_mutation
CAND_8804c5158c,selfies,JAK2_e984d68b65,CCC=C1C=C(C(F)(F)F)CN=C1c1[nH]c(-c2ccnc(N)n2)cc1NC(N)=O,PRQRCAHVKHISGC-UHFFFAOYSA-N,True,True,True,405.384,3.1723,135.07,4,5,4,0.6212,2.558,C=C1C=CCN=C1c1ccc(-c2ccncn2)[nH]1,6,False,False,True,selfies_token_mutation
CAND_e984d68b65,selfies,JAK2_e984d68b65,CCc1ccc(C(F)(F)F)cc1-c1[nH]c(-c2ccnc(N)n2)cc1C(N)=O,DBTPIYXNTFESLE-UHFFFAOYSA-N,True,True,False,375.354,3.401,110.68,3,4,4,0.6489,2.391,c1ccc(-c2ccc(-c3ccncn3)[nH]2)cc1,6,False,False,True,selfies_token_mutation
CAND_a848ee123b,selfies,JAK2_e984d68b65,CCc1ccc(C(F)(F)F)cc1-c1[nH]c(C=CC=NC(N)Cl)cc1CN,JSRNAMNIFORRGI-UHFFFAOYSA-N,True,True,True,384.833,4.2867,80.19,3,3,6,0.3944,2.694,c1ccc(-c2ccc[nH]2)cc1,6,False,False,True,selfies_token_mutation
CAND_344d035961,selfies,JAK2_e984d68b65,Cc1ccc(C(F)(F)F)cc1-c1[nH]c(-c2ccnc(N)n2)cc1C(N)=O,BOOUSDCCWQVKID-UHFFFAOYSA-N,True,True,False,361.327,3.147,110.68,3,4,3,0.6653,2.188,c1ccc(-c2ccc(-c3ccncn3)[nH]2)cc1,6,False,False,True,selfies_token_mutation
CAND_ed225ee7c9,selfies,JAK2_e984d68b65,CCc1ccc(C(F)(F)F)cc1-c1[nH]c(C2N=C(N)N=CN2)cc1C(N)=O,OEWVIRZLOOYBGA-UHFFFAOYSA-N,True,True,True,378.358,2.3066,121.65,4,5,4,0.6529,2.658,C1=NC=NC(c2ccc(-c3ccccc3)[nH]2)N1,6,False,False,True,selfies_token_mutation
CAND_38e41ea17b,selfies,JAK2_e984d68b65,CC1C=CC(C(F)(F)F)C=C1c1[nH]c(-c2ccnc(N)n2)cc1C(N)=O,RVVSSAHMAZTQPQ-UHFFFAOYSA-N,True,True,True,363.343,2.9206,110.68,3,4,3,0.7282,2.699,C1=CCC(c2ccc(-c3ccncn3)[nH]2)=CC1,6,False,False,True,selfies_token_mutation
CAND_d0096265d0,selfies,JAK2_e984d68b65,CCc1ccc(C(F)(F)F)cc1-c1[nH]c(-c2ccnc(N)n2)cc1CO,JNAKQJWBCUUPLD-UHFFFAOYSA-N,True,True,True,362.355,3.7944,87.82,3,4,4,0.6588,2.319,c1ccc(-c2ccc(-c3ccncn3)[nH]2)cc1,6,False,False,True,selfies_token_mutation
CAND_7eb0ffc030,selfies,JAK2_e984d68b65,CCc1ccc(C(F)(F)F)cc1-c1[nH]c(-c2ccnc(N)n2)cc1CN=O,XZUGCCMNERLXDB-UHFFFAOYSA-N,True,True,True,375.354,4.5685,97.02,2,5,5,0.6385,2.516,c1ccc(-c2ccc(-c3ccncn3)[nH]2)cc1,6,False,False,True,selfies_token_mutation
CAND_bc32a271d5,selfies,JAK2_ce48ae1d96,O=C(CCc1ccccc1)N1CCN(C(N=NC2C=CCN2)=Nn2cccc2)CC1,ADLAPWVMIQGQHW-UHFFFAOYSA-N,True,True,True,405.506,2.3219,77.59,1,4,5,0.3589,3.183,O=C(CCc1ccccc1)N1CCN(C(N=NC2C=CCN2)=Nn2cccc2)CC1,6,False,False,True,selfies_token_mutation
CAND_db287c5d21,selfies,JAK2_ce48ae1d96,N=[SH]CCN1CCNC(N=CNC2C=CC2)NC=CC=Cc2cccc(c2)CCC1=O,YVXABWJMGZZIOA-UHFFFAOYSA-N,True,True,True,440.617,1.9748,92.61,5,5,6,0.2024,4.703,O=C1CCc2cccc(c2)C=CC=CNC(N=CNC2C=CC2)NCCN1,16,True,False,True,selfies_token_mutation
CAND_727cbd5a65,selfies,JAK2_ce48ae1d96,CC=C1NN=C1NC=NC1=NNC=CC=COC2CN1CCN2C(=O)CCc1ccccc1,WJFVBXSDIUYASX-UHFFFAOYSA-N,True,True,True,448.531,1.4461,105.95,3,8,4,0.4756,3.797,C=C1NN=C1NC=NC1=NNC=CC=COC2CN1CCN2C(=O)CCc1ccccc1,11,False,True,True,selfies_token_mutation
CAND_ce48ae1d96,selfies,JAK2_ce48ae1d96,Cc1cc(Nc2nc(N3CCN(C(=O)CCc4ccccc4)CC3)nn3cccc23)n[nH]1,CJPGWGLZKUWPFH-UHFFFAOYSA-N,True,True,False,430.516,2.7858,94.45,2,6,6,0.4885,3.397,O=C(CCc1ccccc1)N1CCN(c2nc(Nc3cc[nH]n3)c3cccn3n2)CC1,6,False,False,True,selfies_token_mutation
CAND_280a976914,selfies,JAK2_ce48ae1d96,[NH]NC1(NC=NNC(=NNC=CC=CCl)N2CCN(C(=O)CCc3ccccc3)CC2)C=CC1,TWVNMPFQOJFXMP-UHFFFAOYSA-N,True,True,True,485.016,1.4564,120.19,4,5,10,0.0996,4.0,N=C(NN=CNC1C=CC1)N1CCN(C(=O)CCc2ccccc2)CC1,6,False,False,True,selfies_token_mutation
CAND_df35fafe37,selfies,JAK2_ce48ae1d96,CC=CCNC1=NCN2CCN(C(=O)CCc3cccnc3)CC2=Nn2cccc21,VUFDVUTUYSXTIW-UHFFFAOYSA-N,True,True,True,405.506,1.7051,78.12,1,6,5,0.7685,3.433,O=C(CCc1cccnc1)N1CCN2CN=Cc3cccn3N=C2C1,8,False,True,True,selfies_token_mutation
CAND_71d3aa3c12,selfies,JAK2_ce48ae1d96,O=C(CCc1ccccc1)N1CCN2C(C=CNC3=NNCC=C3)=NN=C=CC2C1,LUAHFTJUWRJNHW-UHFFFAOYSA-N,True,True,True,403.49,1.2612,84.69,2,7,5,0.7753,3.172,O=C(CCc1ccccc1)N1CCN2C(C=CNC3=NNCC=C3)=NN=C=CC2C1,7,False,False,True,selfies_token_mutation
CAND_201a349205,selfies,JAK2_ce48ae1d96,Cc1cc(NC=NC(=Nn2cc3cc2-3)N2CCN(C(=O)CCc3ccccc3)CC2)n[nH]1,BWDKFYRMMUBSGB-UHFFFAOYSA-N,True,True,True,430.516,2.5365,93.91,2,3,6,0.3631,3.397,O=C(CCc1ccccc1)N1CCN(C(N=CNc2cc[nH]n2)=Nn2cc3cc2-3)CC1,6,False,False,True,selfies_token_mutation
CAND_b175585db3,selfies,JAK2_ce48ae1d96,O=C(CCc1ccccc1)N1CCN(c2nc(N3CC=CC3)c3cccn3n2)CC1,KSDLTBHIRNHEOF-UHFFFAOYSA-N,True,True,True,402.502,2.3869,56.98,0,5,5,0.6136,3.117,O=C(CCc1ccccc1)N1CCN(c2nc(N3CC=CC3)c3cccn3n2)CC1,6,False,False,True,selfies_token_mutation
CAND_b82cb5a678,selfies,JAK2_ce48ae1d96,N=C1CN(C(=O)CCc2ccccc2)CNC12N=CN(C1C=CN1)C1=CCCN12,MPVCEDXVRLUCTN-UHFFFAOYSA-N,True,True,True,391.479,1.0161,87.06,3,7,4,0.7134,3.43,N=C1CN(C(=O)CCc2ccccc2)CNC12N=CN(C1C=CN1)C1=CCCN12,6,False,False,True,selfies_token_mutation
CAND_1ee62ff214,selfies,JAK2_ce48ae1d96,Cc1ccccc1CC(=O)N1CCNC2(N=CN(C3C=CCN3)c3cccn32)C1=N,AXRYCUWNZNWKNF-UHFFFAOYSA-N,True,True,True,403.49,1.3924,88.75,3,6,3,0.6761,3.372,N=C1N(C(=O)Cc2ccccc2)CCNC12N=CN(C1C=CCN1)c1cccn12,6,False,False,True,selfies_token_mutation
CAND_e8d1cd05a7,selfies,JAK2_5faf1754e4,NC(=O)c1cnc(NC(C2CC2)C2CC2)cc1NC=CC(=CCl)Cc1cccnn1,FHQDKQDZDZGRRM-UHFFFAOYSA-N,True,True,True,424.936,3.862,105.82,3,6,10,0.4998,3.666,C=C(C=CNc1ccnc(NC(C2CC2)C2CC2)c1)Cc1cccnn1,6,False,False,True,selfies_token_mutation
CAND_a32815604b,selfies,JAK2_5faf1754e4,NC(=O)c1cnc(NC(C2CC2)C2CC2)cc1NC=C1C=NCC=C1c1cccnn1,FKLUTOHUYISKIE-UHFFFAOYSA-N,True,True,True,415.501,3.0348,118.18,3,7,8,0.6098,3.564,C1=NCC=C(c2cccnn2)C1=CNc1ccnc(NC(C2CC2)C2CC2)c1,6,False,False,True,selfies_token_mutation
CAND_e5cb0eb3ce,selfies,JAK2_5faf1754e4,O=CC=C=NN=C(C=CNc1c#ccc(-c2cccnn2)c1)NC(C1CC1)C1CC1,HNZUXJLGKDVLKY-UHFFFAOYSA-N,True,True,True,398.47,3.1861,91.63,2,6,9,0.2225,3.394,N=C(C=CNc1c#ccc(-c2cccnn2)c1)NC(C1CC1)C1CC1,6,False,False,True,selfies_token_mutation
CAND_3768b076b2,selfies,JAK2_5faf1754e4,NC(=O)c1cnc(NC(C2CC2)C2CC2)cc1Nc1cc(-c2cccnn2)ccc1F,JXHADHVPSJJRLG-UHFFFAOYSA-N,True,True,True,418.476,4.1207,105.82,3,6,8,0.5081,3.58,c1cc(Nc2ccnc(NC(C3CC3)C3CC3)c2)cc(-c2cccnn2)c1,6,False,False,True,selfies_token_mutation
CAND_e5457c5a16,selfies,JAK2_5faf1754e4,CC=C(C=CNc1cc2ncc1C(=O)NCCCC(C1CC1)C2)c1cccnn1,JFLKCSSUDWDADV-UHFFFAOYSA-N,True,True,True,389.503,3.993,79.8,2,5,5,0.756,3.794,C=C(C=CNc1cc2ncc1C(=O)NCCCC(C1CC1)C2)c1cccnn1,11,False,True,True,selfies_token_mutation
CAND_85f49cbc22,selfies,JAK2_5faf1754e4,NC(=O)c1cnc2cc1NC=CC(c1cccnn1)=C=CC1CC1C(C1CC1)N2,NBPQHIKEPPTPNW-UHFFFAOYSA-N,True,True,True,386.459,2.975,105.82,3,6,3,0.7005,4.728,C1=CC2CC2C(C2CC2)Nc2cc(ccn2)NC=CC=1c1cccnn1,13,True,False,True,selfies_token_mutation
CAND_5faf1754e4,selfies,JAK2_5faf1754e4,NC(=O)c1cnc(NC(C2CC2)C2CC2)c2c1[nH]c1cc(-c3cccnn3)ccc12,MJSGAQVMOHSLBX-UHFFFAOYSA-N,True,True,False,398.47,3.8725,109.58,3,5,6,0.4566,3.219,c1cnnc(-c2ccc3c(c2)[nH]c2ccnc(NC(C4CC4)C4CC4)c23)c1,6,False,False,True,selfies_token_mutation
CAND_3b9bd7126b,selfies,JAK2_5faf1754e4,CN=NC=CC=CC1C=c2[nH]c3c(C(N)=O)cnc(NC45CC(N)CC4C5)c3c2=C1,HPBOPZIGXJYXSW-UHFFFAOYSA-N,True,True,True,403.49,1.2962,134.54,4,6,6,0.427,4.247,C1=c2[nH]c3ccnc(NC45CCCC4C5)c3c2=CC1,6,False,False,True,selfies_token_mutation
CAND_b750fcb6f0,selfies,JAK2_5faf1754e4,NC(=O)c1cnc(NC(C2CC2)C2CC2)cc1NC=C1CC=CC=C1c1cccnn1,MWQWDNCSYMUNEY-UHFFFAOYSA-N,True,True,True,414.513,3.9103,105.82,3,6,8,0.6047,3.558,C1=CCC(=CNc2ccnc(NC(C3CC3)C3CC3)c2)C(c2cccnn2)=C1,6,False,False,True,selfies_token_mutation
CAND_4c6bb6280c,selfies,JAK2_9cb6a29d8d,C=C1COCCN1CCC(N)C1(SC)C=NC(N)=CC=CC(C)=CC=CS(=O)(=O)NC(C)(C)C1,PHGDWPFUCGIYMT-UHFFFAOYSA-N,True,True,True,509.742,2.6403,123.04,3,8,5,0.5205,4.712,C=C1COCCN1CCCC1C=NC=CC=CC=CC=CS(=O)(=O)NCC1,15,True,False,True,selfies_token_mutation
CAND_46f37ea29c,selfies,JAK2_9cb6a29d8d,CCOCC(C)NS(=O)(=O)c1ccc(-c2cc3c(N)ncc(C(=O)NCCN4CCOCC4)c3s2)cc1,FEYFICVXVWSERH-UHFFFAOYSA-N,True,True,True,547.703,2.3108,135.88,3,9,11,0.3328,4.723,O=C(NCCN1CCOCC1)c1cncc2cc(-c3ccccc3)sc12,6,False,False,True,selfies_token_mutation
CAND_3f800620b0,selfies,JAK2_9cb6a29d8d,CC(C)NS(=O)(=O)C=C1C=C(c2cc3c(N)ncc(C(=O)NCCN4CCOCC4)c3s2)C=NC1,UMMDGZHIXMOYGZ-UHFFFAOYSA-N,True,True,True,518.665,1.62,139.01,3,9,8,0.4825,3.937,C=C1C=C(c2cc3cncc(C(=O)NCCN4CCOCC4)c3s2)C=NC1,6,False,False,True,selfies_token_mutation
CAND_0aedf85adb,selfies,JAK2_9cb6a29d8d,CC(C)(C)NS(=O)(=O)c1ccc(-c2cc3c(N)ncc(C(=O)NCCN4CCOOC4)c3s2)cc1,QPTINENCDFQXKK-UHFFFAOYSA-N,True,True,True,519.649,2.5734,135.88,3,9,7,0.4054,3.817,O=C(NCCN1CCOOC1)c1cncc2cc(-c3ccccc3)sc12,6,False,False,True,selfies_token_mutation
CAND_9cb6a29d8d,selfies,JAK2_9cb6a29d8d,CC(C)(C)NS(=O)(=O)c1ccc(-c2cc3c(N)ncc(C(=O)NCCN4CCOCC4)c3s2)cc1,ILYLHLOBPWMKMH-UHFFFAOYSA-N,True,True,False,517.677,2.6843,126.65,3,8,7,0.4398,3.807,O=C(NCCN1CCOCC1)c1cncc2cc(-c3ccccc3)sc12,6,False,False,True,selfies_token_mutation
CAND_38da9ca937,selfies,JAK2_9cb6a29d8d,CC1(C)Cc2sc(ccc(N)ncc2C(=O)NCCN2CCOCC2)-c2ccc(cc2)S(=O)(=O)N1,ZOYTZAXAEVCFNM-UHFFFAOYSA-N,True,True,True,517.677,2.1917,126.65,3,8,4,0.5674,4.132,O=C(NCCN1CCOCC1)c1cncccc2sc1CCNS(=O)(=O)c1ccc-2cc1,11,False,True,True,selfies_token_mutation
CAND_7f36b4af3e,selfies,JAK2_9cb6a29d8d,C=C(C)S(=O)(=O)c1ccc(-c2cc3c(N)ncc(C(=O)NCCN4CCOCC4)c3s2)cc1,RKGJIUVVOVUPJZ-UHFFFAOYSA-N,True,True,True,486.619,2.9148,114.62,2,8,7,0.5276,3.634,O=C(NCCN1CCOCC1)c1cncc2cc(-c3ccccc3)sc12,6,False,False,True,selfies_token_mutation
CAND_03975a94ae,selfies,JAK2_9cb6a29d8d,C=CC(=CC=CS(=O)(=O)C(C)(C)C)c1cc2c(N)ncc(C(=O)NCCN3CCOCC3)c2s1,DQMYGGILAZRSGI-UHFFFAOYSA-N,True,True,True,504.678,3.2369,114.62,2,8,8,0.5305,3.609,O=C(NCCN1CCOCC1)c1cncc2ccsc12,6,False,False,True,selfies_token_mutation
CAND_128543700c,selfies,JAK2_9cb6a29d8d,CC(C)(C)N[SH](O)C1=CC=CC2=CC3=C(N)N=CCC(=O)NCCNCCOCCC3[SH]2C=C1,XTPJEHFDMKAZLO-UHFFFAOYSA-N,True,True,True,509.742,2.7557,121.0,7,7,2,0.2876,4.837,O=C1CC=NC=C2C=C3C=CC=CC=C[SH]3C2CCOCCNCCN1,16,True,False,True,selfies_token_mutation
CAND_7dc5270691,selfies,JAK2_9cb6a29d8d,CC1(F)CC2C=NC(N)=C(C=Cc3ccc(cc3)S(=O)(=O)N1)C(S)CCOCCNCCNC2=O,VATVYORPRLECMG-UHFFFAOYSA-N,True,True,True,525.672,1.3493,134.91,5,8,0,0.2564,4.926,O=C1NCCNCCOCCCC2=CN=CC1CCNS(=O)(=O)c1ccc(cc1)C=C2,16,True,False,True,selfies_token_mutation
CAND_a90fa8ad6e,selfies,JAK2_bfebc14fe9,CN(CC(=O)O)c1ncccc1C=CC1=CC=NC(n2cccc(C3CCN(CC(N)=O)CC3)c2=N)N1,SXHULJSDHNXZDC-UHFFFAOYSA-N,True,True,True,504.595,1.2755,152.93,4,8,9,0.4012,4.234,N=c1c(C2CCNCC2)cccn1C1N=CC=C(C=Cc2cccnc2)N1,6,False,False,True,selfies_token_mutation
CAND_db14dce7ee,selfies,JAK2_bfebc14fe9,NC(=O)CN1CCC(c2ccc(NC3=NNCN(CC(=O)O)NC=CC=CN=CC=CC=N3)cc2)CC1,BSLMDJTWJNHMGD-UHFFFAOYSA-N,True,True,True,507.599,1.2113,160.04,5,10,6,0.3841,4.576,C1=CC=NC(Nc2ccc(C3CCNCC3)cc2)=NNCNNC=CC=CN=C1,16,True,False,True,selfies_token_mutation
CAND_54ebf848da,selfies,JAK2_bfebc14fe9,C=Nc1ncccc1-c1ccc2cnc(Nc3ccc(C4CCN(CC(N)=O)CC4)cc3)nn12,DNQLIYDCCKXEQD-UHFFFAOYSA-N,True,True,True,454.538,3.5317,113.8,2,7,7,0.4131,3.656,c1cncc(-c2ccc3cnc(Nc4ccc(C5CCNCC5)cc4)nn23)c1,6,False,False,True,selfies_token_mutation
CAND_c72a6207b7,selfies,JAK2_bfebc14fe9,CCN(CCCC1=CC=CN(C2=NNC(C=Cc3cccnc3N(C)S(C)(=O)=O)=CC=N2)C=C1)C(N)=O,DGQWOIAWZUGFFR-UHFFFAOYSA-N,True,True,True,524.651,2.7697,136.59,2,8,9,0.5097,3.845,C1=CC=CN(C2=NNC(C=Cc3cccnc3)=CC=N2)C=C1,7,False,False,True,selfies_token_mutation
CAND_914774ac40,selfies,JAK2_bfebc14fe9,CN(c1ncccc1C=CC1[SH]=CC2=NC(Nc3ccc(C4CC=C(CC(N)=O)CC4)cc3)=NSN21)S(C)(=O)=O,KELIFXCJDVJRTM-UHFFFAOYSA-N,True,True,True,597.792,3.9127,133.35,3,9,8,0.1819,5.077,C1=CCC(c2ccc(NC3=NSN4C(=N3)C=[SH]C4C=Cc3cccnc3)cc2)CC1,6,False,False,True,selfies_token_mutation
CAND_86b3bd198b,selfies,JAK2_bfebc14fe9,CN1NC=CC=C1c1ccccnc(Nc2ccc(C3CCN(CC(N)=O)CC3)cc2)n[nH]1,MZXQRLHQQIVIOO-UHFFFAOYSA-N,True,True,True,446.559,2.642,115.2,4,7,6,0.5392,3.786,C1=CNNC(c2ccccnc(Nc3ccc(C4CCNCC4)cc3)n[nH]2)=C1,9,False,True,True,selfies_token_mutation
CAND_e9b1e9bd89,selfies,JAK2_bfebc14fe9,CCN(CCCl)CCCC1=CC=CN(C2=NNC(C=Cc3cccnc3N(CC)S(C)=O)=CC=N2)C=C1,XREBFOFIIVECMI-UHFFFAOYSA-N,True,True,True,542.153,4.6538,76.43,1,7,12,0.3896,4.568,C1=CC=CN(C2=NNC(C=Cc3cccnc3)=CC=N2)C=C1,7,False,False,True,selfies_token_mutation
CAND_719cc803dc,selfies,JAK2_bfebc14fe9,CN(c1ncccc1C1=C=C=C2C=NC(Nc3ccc(C4CCN(CC(N)=O)CC4)cc3)=NN21)S(C)(=O)=O,TWRGHJULBSZLBY-UHFFFAOYSA-N,True,True,True,532.63,1.904,136.59,2,9,7,0.5199,4.09,C1=C=C(c2cccnc2)N2N=C(Nc3ccc(C4CCNCC4)cc3)N=CC=12,6,False,False,True,selfies_token_mutation
CAND_3d3d2ca880,selfies,JAK2_bfebc14fe9,CS(=O)(=O)n1cnnc(NN=CF)ncccccc2cccnc21,LTSOPMVUCNEXPU-UHFFFAOYSA-N,True,True,True,363.378,1.6025,115.02,1,8,3,0.6504,3.149,c1ccncnnc[nH]c2ncccc2cc1,13,True,False,True,selfies_token_mutation
CAND_6414a81d5f,selfies,JAK2_bfebc14fe9,CN(SC=O)c1ncccc1-c1ccc2cnc(Nc3ccc(C4CCN(CC(N)=O)CC4)cc3)nn12,WCFYIJZQSPKGDR-UHFFFAOYSA-N,True,True,True,516.631,3.4742,121.75,2,9,9,0.2543,4.251,c1cncc(-c2ccc3cnc(Nc4ccc(C5CCNCC5)cc4)nn23)c1,6,False,False,True,selfies_token_mutation
CAND_38daa37c42,selfies,JAK2_bfebc14fe9,CN(c1nc2ccc1C=CC=CC=NCC2NC=CC=C(F)C1CCN(CC(N)=O)CC1)S(C)(=O)=O,WQURNSQWFLTOCE-UHFFFAOYSA-N,True,True,True,516.643,2.3263,120.99,2,7,8,0.5118,5.376,C1=CC=NCC(NC=CC=CC2CCNCC2)c2ccc(cn2)C=C1,12,True,False,True,selfies_token_mutation
CAND_9d130d96af,selfies,JAK2_94bd16fd4f,CON=CC=CC=C1CC=C2C=NC(Nc3ccc(S(=O)(=O)N(C)C)cc3)=NN21,IWFQDOUMLXQHQM-UHFFFAOYSA-N,True,True,True,414.491,2.3661,98.96,1,8,6,0.5691,2.858,C=C1CC=C2C=NC(Nc3ccccc3)=NN12,6,False,False,True,selfies_token_mutation
CAND_5efc50b667,selfies,JAK2_94bd16fd4f,COc1ccccc1C=CC1=CC=NC(N2C=CC=C([SH](=O)=CC=O)C=C2)=NN1,SAUPMMZAIKUILV-UHFFFAOYSA-N,True,True,True,408.483,2.2463,83.36,2,7,5,0.4436,2.95,C1=CC=CN(C2=NNC(C=Cc3ccccc3)=CC=N2)C=C1,7,False,False,True,selfies_token_mutation
CAND_11e9392150,selfies,JAK2_94bd16fd4f,COc1cccc2c1cc1n2NC(Nc2ccc(S(=O)(=O)N(C)C)cc2)=C=C1,LMTBCVQKXPRJGJ-UHFFFAOYSA-N,True,True,True,396.472,3.0229,75.6,2,5,5,0.6487,2.883,C1=Cc2cc3ccccc3n2NC=1Nc1ccccc1,6,False,False,True,selfies_token_mutation
CAND_ffd34f3aea,selfies,JAK2_94bd16fd4f,COC1=CC=C2NC(NC=CC=C(N)C=O)N=CC=CC=CC1=[SH]2,LOKOJKCMZYADIE-UHFFFAOYSA-N,True,True,True,344.44,1.2244,88.74,4,6,5,0.198,2.875,C1=CC=NCNC2=CC=CC(=[SH]2)C=C1,11,False,True,True,selfies_token_mutation
CAND_ac29a02135,selfies,JAK2_94bd16fd4f,COc1ccccc1C=C1C=CN2C=NC(Nc3ccc(S(=O)(=O)N(C)C)cc3)=NN12,GBUVYEBQTQOGOZ-UHFFFAOYSA-N,True,True,True,438.513,2.7577,89.84,1,8,5,0.7722,3.117,C1=CN2C=NC(Nc3ccccc3)=NN2C1=Cc1ccccc1,6,False,False,True,selfies_token_mutation
CAND_cd1b05bb61,selfies,JAK2_94bd16fd4f,COc1cc2ccc1C=CC=CC1=NC(NC=CC=C(OC=O)C1=N)N2,SUNVTMGJQPQNIF-UHFFFAOYSA-N,True,True,True,350.378,2.6083,95.8,3,7,3,0.7284,3.827,N=C1C=CC=CNC2N=C1C=CC=Cc1ccc(cc1)N2,12,True,False,True,selfies_token_mutation
CAND_46decb4af2,selfies,JAK2_94bd16fd4f,CCN(C)[SH](O)c1cccn(C2N=CC=C(C=Cc3ccccc3OC)N2)c1=N,VSVQUURBMQTVNJ-UHFFFAOYSA-N,True,True,True,413.547,3.4034,85.87,4,6,7,0.5243,3.478,N=c1ccccn1C1N=CC=C(C=Cc2ccccc2)N1,6,False,False,True,selfies_token_mutation
CAND_7bdd88f46c,selfies,JAK2_94bd16fd4f,COc1ccccc1C=c1ccc2nc(NC=C3C=CC(S(=O)(=O)N(C)C)=CO3)nn12,AXNIPXNIJPRGDX-UHFFFAOYSA-N,True,True,True,439.497,1.8581,98.06,1,7,6,0.626,3.247,C1=COC(=CNc2nc3ccc(=Cc4ccccc4)n3n2)C=C1,6,False,False,True,selfies_token_mutation
CAND_a037bda383,selfies,JAK2_94bd16fd4f,COc1cccc2c1C=C=CC=NC(N1C=C=C(S(=O)(=O)N(C)C)C=C1N)N2,IYADQJWXENBVTR-UHFFFAOYSA-N,True,True,True,399.476,1.647,100.26,2,7,4,0.747,3.275,C1=CC=NC(N2C=C=CC=C2)Nc2ccccc2C=1,9,False,True,True,selfies_token_mutation
CAND_24093906e7,selfies,JAK2_94bd16fd4f,C=CC(=CCONc1ncc2ccc(-c3ccccc3OC)n2n1)S(=O)(=O)N(C)C,OYOFDPVIRBSBMA-UHFFFAOYSA-N,True,True,True,429.502,2.7097,98.06,1,7,9,0.3172,3.317,c1ccc(-c2ccc3cncnn23)cc1,6,False,False,True,selfies_token_mutation
CAND_ac666a61f2,selfies,JAK2_2b70dc76a0,CC=C1NN=C1NNc1nc(N2CCN(C(=O)c3ccccc3Br)CC2)nn2cccc12,KNDLVBFROSBVFU-UHFFFAOYSA-N,True,True,True,496.373,2.1912,102.19,3,8,4,0.4764,3.513,C=C1NN=C1NNc1nc(N2CCN(C(=O)c3ccccc3)CC2)nn2cccc12,6,False,False,True,selfies_token_mutation
CAND_d5c98a2d76,selfies,JAK2_2b70dc76a0,CC=CCNc1nc(NC2CCN(C(=O)c3ccccc3Br)C2)nn2cccc12,RYHAROSGOAPWMS-UHFFFAOYSA-N,True,True,True,455.36,3.8064,74.56,2,5,6,0.5535,3.585,O=C(c1ccccc1)N1CCC(Nc2ncc3cccn3n2)C1,6,False,False,True,selfies_token_mutation
CAND_e152880eb7,selfies,JAK2_2b70dc76a0,C=CN1N=C2CN(C(=O)c3ccccc3Br)CCN2C2C=C1C(NC(C=CC)=N[NH])=N2,JXJFVEHKYWNQIL-UHFFFAOYSA-N,True,True,True,482.366,2.3637,99.7,1,6,3,0.4063,3.36,O=C(c1ccccc1)N1CCN2C(=NNC3=CC2N=C3)C1,7,False,False,True,selfies_token_mutation
CAND_832b6b0435,selfies,JAK2_2b70dc76a0,ClNC1CNC2=NNC(C=C2)c2cccn2N=[SH]1,NEAIGQZQRNGVSG-UHFFFAOYSA-N,True,True,True,284.776,0.4364,65.74,4,5,1,0.4469,3.125,C1=CC2NN=C1NCC[SH]=Nn1cccc12,11,False,True,True,selfies_token_mutation
CAND_7078d9f5b1,selfies,JAK2_2b70dc76a0,CC=C=CC=CC=CC(=O)N1CCN(c2nc(Nc3cc(C)[nH]n3)c3cccn3n2)C1,RWAHUOSUOIELMD-UHFFFAOYSA-N,True,True,True,416.489,2.9541,94.45,2,6,6,0.3645,3.119,c1cc2c(Nc3cc[nH]n3)nc(N3CCNC3)nn2c1,6,False,False,True,selfies_token_mutation
CAND_99feb407ff,selfies,JAK2_2b70dc76a0,O=C1C=CC=CC=CN(C2=NNCC=C2)C=NC(=C=Nn2cccc2)NCCN1Br,RPLBJORMQGDYIO-UHFFFAOYSA-N,True,True,True,469.347,1.9333,89.62,2,7,1,0.4862,3.738,O=C1C=CC=CC=CN(C2=NNCC=C2)C=NC(=C=Nn2cccc2)NCCN1,15,True,False,True,selfies_token_mutation
CAND_d05014800c,selfies,JAK2_2b70dc76a0,O=C(c1ccccc1Br)N1CCN(c2nc(NC3C=CCN3)c3cccn3n2)CC1,DSBZHLKYMULJQX-UHFFFAOYSA-N,True,True,True,468.359,2.3516,77.8,2,6,4,0.573,3.608,O=C(c1ccccc1)N1CCN(c2nc(NC3C=CCN3)c3cccn3n2)CC1,6,False,False,True,selfies_token_mutation
CAND_0c8149ffc5,selfies,JAK2_2b70dc76a0,CC1=CC(Nc2nc(N3CCN(C(=O)c4ccccc4Br)CC3)n[nH]cccc2N)N1,JYJOAMNOQYVHIT-UHFFFAOYSA-N,True,True,True,485.39,2.4812,115.2,4,7,4,0.5262,4.002,O=C(c1ccccc1)N1CCN(c2n[nH]ccccc(NC3C=CN3)n2)CC1,9,False,True,True,selfies_token_mutation
CAND_ee9c621054,selfies,JAK2_2b70dc76a0,O=C(c1ccccc1Br)N1CCN(C(N=CNC2C=CCN2)=NNC=CCF)CC1,DOCUTJIFMVCLMN-UHFFFAOYSA-N,True,True,True,478.37,1.6541,84.36,3,4,6,0.2508,3.463,N=C(N=CNC1C=CCN1)N1CCN(C(=O)c2ccccc2)CC1,6,False,False,True,selfies_token_mutation
CAND_79a68e7d71,selfies,JAK2_2b70dc76a0,N=CN(CCNC1N=CNC2(C=CCN2)c2cccn21)C(=O)C=CC=CCBr,BGCJKMWMOSJUPU-UHFFFAOYSA-N,True,True,True,446.353,1.4205,97.54,4,6,8,0.1213,3.785,C1=CC2(NC=NCn3cccc32)NC1,7,False,False,True,selfies_token_mutation
CAND_fd4c55ada1,selfies,JAK2_1509a7bf44,CC(N=CC=CC1=CC=CNC(=O)CCCN[CH]C1)NC=CC1=C(C=N)NOCC1,NZPWMGAVIMKDDY-UHFFFAOYSA-N,True,True,True,411.53,2.3829,110.63,5,7,7,0.4133,4.167,O=C1CCCN[CH]CC(C=CC=NCNC=CC2=CNOCC2)=CC=CN1,12,True,False,True,selfies_token_mutation
CAND_e363a9981f,selfies,JAK2_1509a7bf44,O=C([C@H]1CCCN1)N1C=CC=C(C=CC=NCNc2ccc(N3CCOCC3)cc2)C=C1,NPKFZBPDSCASJN-XMMPIXPASA-N,True,True,True,433.556,3.0676,69.2,2,6,7,0.6471,3.589,O=C([C@H]1CCCN1)N1C=CC=C(C=CC=NCNc2ccc(N3CCOCC3)cc2)C=C1,7,False,False,True,selfies_token_mutation
CAND_71497ef4a6,selfies,JAK2_1509a7bf44,ClC=CC(=CC=CC[C@H]1CCCN1)c1ccnc(Nc2ccc(N3CCOCC3)cc2)n1,OIHILTIRLYJGIU-NRFANRHFSA-N,True,True,True,452.002,4.891,62.31,2,6,8,0.5569,3.817,C(C=Cc1ccnc(Nc2ccc(N3CCOCC3)cc2)n1)=CC[C@H]1CCCN1,6,False,False,True,selfies_token_mutation
CAND_164da61b83,selfies,JAK2_1509a7bf44,C=CC1=CC(=CNC(=O)[C@H]2CCCN2)N=CC(N2CCOCC2)=CC=CN=CC=C1,IIMJEUVTCVKTHU-JOCHJYFZSA-N,True,True,True,407.518,2.2496,78.32,2,6,4,0.7493,4.02,O=C(NC=C1C=CC=CC=NC=CC=C(N2CCOCC2)C=N1)[C@H]1CCCN1,13,True,False,True,selfies_token_mutation
CAND_fa3060f737,selfies,JAK2_1509a7bf44,O=C1CCCN[CH]c2cc(-c3ccnc(Nc4ccc(N5CCOCC5)cc4)n3)ccc21,CHBISIWAJMMYDA-UHFFFAOYSA-N,True,True,True,428.516,3.7998,79.38,2,7,4,0.6543,3.636,O=C1CCCN[CH]c2cc(-c3ccnc(Nc4ccc(N5CCOCC5)cc4)n3)ccc21,8,False,True,True,selfies_token_mutation
CAND_929f868464,selfies,JAK2_1509a7bf44,CC1(CN)C(=CC=CNNC=O)C=C2C=NC(=N2)Nc2ccc(N3CCOCC3)cc21,MKGGADKJVSGGBE-UHFFFAOYSA-N,True,True,True,421.505,1.1801,116.37,4,8,6,0.3114,3.897,C=C1C=C2C=NC(=N2)Nc2ccc(N3CCOCC3)cc2C1,9,False,True,True,selfies_token_mutation
CAND_80877570c2,selfies,JAK2_1509a7bf44,C=CC(C=CC=NC(N=N)NCCl)=CC=CNC(=O)[C@H]1CCCN1,ZREAEVAJJRPFLX-IURRXHLWSA-N,True,True,True,350.854,2.2082,101.73,4,6,10,0.1596,3.005,C1CCNC1,5,False,False,True,selfies_token_mutation
CAND_8d7dae0c8d,selfies,JAK2_1509a7bf44,C=COCCNc1cccn(C(C)N=CC=CC2=CC=CN3C(=O)CCCN[CH]C23)c1=N,NHVVFYMPTHPEJF-UHFFFAOYSA-N,True,True,True,435.552,2.8812,94.74,3,6,9,0.3158,4.35,N=c1ccccn1CN=CC=CC1=CC=CN2C(=O)CCCN[CH]C12,8,False,True,True,selfies_token_mutation
CAND_472476eeb3,selfies,JAK2_1509a7bf44,N=C1N=CC=C(C2=CCN3C(=O)CCCN[CH]C3=C2)CCOCCNc2ccc(cc2)S1,LWZAZBWZEKJMKB-UHFFFAOYSA-N,True,True,True,450.588,3.7406,89.81,3,6,1,0.6065,4.084,N=C1N=CC=C(C2=CCN3C(=O)CCCN[CH]C3=C2)CCOCCNc2ccc(cc2)S1,16,True,False,True,selfies_token_mutation
CAND_9557d568de,selfies,JAK2_1509a7bf44,N=C(N=CCC1=CC=CNC(=O)CCCN[CH]C1)Nc1ccc(N2CCOCC2)cc1,KAWXSRFFXFPQCR-UHFFFAOYSA-N,True,True,True,423.541,2.8224,101.84,4,5,4,0.4406,3.859,N=C(N=CCC1=CC=CNC(=O)CCCN[CH]C1)Nc1ccc(N2CCOCC2)cc1,12,True,False,True,selfies_token_mutation
CAND_f2f6e4d3e6,selfies,JAK2_1509a7bf44,C=CC(C=CC=NC(N=N)NF)=CC=CNC(=O)[C@H]1CCCN1,NICOKJKFYHZVCC-AFYYWNPRSA-N,True,True,True,320.372,1.8964,101.73,4,6,9,0.2257,2.875,C1CCNC1,5,False,False,True,selfies_token_mutation
CAND_fd6b88bd62,selfies,JAK2_1509a7bf44,N=C1N=CC=CC(C=C[C@H]2CCCN2)=CC=CNNC1=O,HKSIDMXJYRCRKO-CYBMUJFWSA-N,True,True,True,285.351,0.9734,89.37,4,4,2,0.6094,3.2,N=C1N=CC=CC(C=C[C@H]2CCCN2)=CC=CNNC1=O,12,True,False,True,selfies_token_mutation
CAND_59d2491752,selfies,JAK2_d2844f380a,NN1CCNC2(C=C=CC=CC=CC1=O)N=CN(C1C=CCN1)c1cccn12,XPBZVKHPVOTHKF-UHFFFAOYSA-N,True,True,True,377.452,0.5614,90.92,3,6,1,0.288,3.978,O=C1C=CC=CC=C=CC2(N=CN(C3C=CCN3)c3cccn32)NCCN1,13,True,False,True,selfies_token_mutation
CAND_2d8945993b,selfies,JAK2_d2844f380a,N=C1Cc2ccccc2C(=O)N=NCC1NC(N=CNC1C=CCN1)NC=CCl,CHOYZRPZNYMQOR-UHFFFAOYSA-N,True,True,True,414.901,1.4997,126.12,5,7,7,0.1999,4.236,N=C1Cc2ccccc2C(=O)N=NCC1NCN=CNC1C=CCN1,9,False,True,True,selfies_token_mutation
CAND_90cf0c09a1,selfies,JAK2_d2844f380a,Cc1cc(Nc2nc(N3CCN(C(=O)C4=CC=CCN4)CC3)nn3cccc23)n[nH]1,IFIQWHXCJUMMCF-UHFFFAOYSA-N,True,True,True,405.466,1.1963,106.48,3,7,4,0.5987,3.008,O=C(C1=CC=CCN1)N1CCN(c2nc(Nc3cc[nH]n3)c3cccn3n2)CC1,6,False,False,True,selfies_token_mutation
CAND_4526064722,selfies,JAK2_d2844f380a,O=C(c1ccccc1)N1CCN(C2=Nn3cccc3N(C3C=CCN3)C2)CC1,WBDTZTHIIQQEFS-UHFFFAOYSA-N,True,True,True,376.464,1.4132,56.11,1,5,2,0.8057,2.847,O=C(c1ccccc1)N1CCN(C2=Nn3cccc3N(C3C=CCN3)C2)CC1,6,False,False,True,selfies_token_mutation
CAND_391a2e4764,selfies,JAK2_d2844f380a,O=C(c1ccccc1)N1CCN2CN=C(Nc3cc[nH]n3)C=CC=CNN=C2C1,AHPGCOJYLCKVGS-UHFFFAOYSA-N,True,True,True,390.451,1.6222,101.01,3,7,2,0.7235,2.975,O=C(c1ccccc1)N1CCN2CN=C(Nc3cc[nH]n3)C=CC=CNN=C2C1,11,False,True,True,selfies_token_mutation
CAND_7c8d650b01,selfies,JAK2_d2844f380a,O=C(C=CC=CC=CCl)N1CCC(NC2=Nn3cccc3CC=C3NN=C3NC=N2)C1,IXFXSWVCFBWALB-UHFFFAOYSA-N,True,True,True,438.923,1.6372,98.41,3,7,4,0.4913,3.744,C1=NC(NC2CCNC2)=Nn2cccc2CC=C2NN=C2N1,11,False,True,True,selfies_token_mutation
CAND_2a8884e2ab,selfies,JAK2_d2844f380a,CC=CCNC1=NCN2CCN(C(=O)c3ccccc3)CC2=Nn2cccc21,IPHOJEFIICLIIU-UHFFFAOYSA-N,True,True,True,376.464,1.9911,65.23,1,5,3,0.8335,3.022,O=C(c1ccccc1)N1CCN2CN=Cc3cccn3N=C2C1,8,False,True,True,selfies_token_mutation
CAND_fbb7dafca7,selfies,JAK2_d2844f380a,Cc1cc(Nc2nc(NCCN(CCl)C(=O)c3ccccc3)nn3cccc23)n[nH]1,UBZYBCKWJJQGEA-UHFFFAOYSA-N,True,True,True,424.896,3.255,103.24,3,6,8,0.2961,3.416,O=C(NCCNc1nc(Nc2cc[nH]n2)c2cccn2n1)c1ccccc1,6,False,False,True,selfies_token_mutation
CAND_3191dcb3e1,selfies,JAK2_d2844f380a,N=C1C2=CCC2NC=NC(n2cccc2)NCCN1CC=O,JOIVGYBGNWIJFA-UHFFFAOYSA-N,True,True,True,300.366,0.3422,85.51,3,5,3,0.7029,3.125,N=C1NCCNC(n2cccc2)N=CNC2CC=C12,11,False,True,True,selfies_token_mutation
CAND_3dcd5bb635,selfies,JAK2_d2844f380a,CC=C=CC=CC(=O)N(C=N)CCNc1cn2cccc2c(Nc2cc(C)[nH]n2)n1,UAOFUAMIFALAPQ-UHFFFAOYSA-N,True,True,True,404.478,3.2444,114.2,4,6,9,0.1437,3.178,c1cc2c(Nc3cc[nH]n3)nccn2c1,6,False,False,True,selfies_token_mutation
CAND_4730f7efde,selfies,JAK2_b61bf142f6,Cc1cc(NC2=NC(NCCN(F)C(C)OCc3ccc(F)cc3)P=Nn3cccc32)n[nH]1,FDERGIGFDIAEFU-UHFFFAOYSA-N,True,True,True,474.456,4.0464,94.86,3,7,9,0.2472,4.316,c1ccc(COCNCCNC2N=C(Nc3cc[nH]n3)c3cccn3N=P2)cc1,7,False,False,True,selfies_token_mutation
CAND_d05e400ff2,selfies,JAK2_b61bf142f6,FCN1CCNC2=Nn3cccc3C3(C=CC(=NN3)NC=N2)CC1,QINUTHUBHOZUOB-UHFFFAOYSA-N,True,True,True,330.371,0.1292,81.34,3,7,1,0.6395,3.075,C1=CC23CCNCCNC(=Nn4cccc42)N=CNC1=NN3,11,False,True,True,selfies_token_mutation
CAND_41970aca9f,selfies,JAK2_b61bf142f6,O=C(C1C=CC=C(F)C1F)N(O)CCNC1N=CNC2NCC=C2c2cccn21,YSMXMNNFMPDHRT-UHFFFAOYSA-N,True,True,True,404.421,1.0733,93.92,4,6,5,0.4353,4.427,O=C(NCCNC1N=CNC2NCC=C2c2cccn21)C1C=CC=CC1,8,False,True,True,selfies_token_mutation
CAND_143041a5b8,selfies,JAK2_b61bf142f6,C=CC(F)=CC=CCC(=O)N(F)CCNC1N=CN(C2=NNCC=C2)c2cccn2N=P1,MUKZTANMUXRITP-UHFFFAOYSA-N,True,True,True,460.429,3.2742,89.62,2,7,8,0.3541,4.113,C1=CC(N2C=NCP=Nn3cccc32)=NNC1,8,False,True,True,selfies_token_mutation
CAND_5f0ab8b83e,selfies,JAK2_b61bf142f6,O=CC1CCC(CNC2N=CNC3=NNC(C=C3)c3cccn3N=P2)N1F,HHYNBVDBFFBPJO-UHFFFAOYSA-N,True,True,True,390.363,1.3161,98.41,3,8,4,0.4092,5.124,C1=CC2NN=C1NC=NC(NCC1CCCN1)P=Nn1cccc12,12,True,False,True,selfies_token_mutation
CAND_757807fd14,selfies,JAK2_b61bf142f6,[NH]NC12C=CC13C=CC=CNNC3(NCCN(F)COC=O)N=CN2,FAMXDEWRZKHBCX-UHFFFAOYSA-N,True,True,True,351.366,-1.604,125.85,5,9,8,0.1163,4.008,C1=CNNC2N=CNC3C=CC32C=C1,8,False,True,True,selfies_token_mutation
CAND_8a3ee1e9f9,selfies,JAK2_b61bf142f6,O=CN1CCNC2=Nn3cccc3C3(C=CC(=NN3)NC=N2)CC1,YDZNWRDUHAUYNH-UHFFFAOYSA-N,True,True,True,326.364,-0.6414,98.41,3,7,1,0.5979,3.075,C1=CC23CCNCCNC(=Nn4cccc42)N=CNC1=NN3,11,False,True,True,selfies_token_mutation
CAND_1b2166a740,selfies,JAK2_b61bf142f6,O=C1CNCCNC2C=C(c3c(F)ccc(c3F)C1)C1C=CC(=NN1)NC=N2,XTRGMGGSWLRUTF-UHFFFAOYSA-N,True,True,True,386.406,0.4517,89.91,4,7,0,0.52,4.102,O=C1CNCCNC2C=C(c3cccc(c3)C1)C1C=CC(=NN1)NC=N2,13,True,False,True,selfies_token_mutation
CAND_d71dc4bd2d,selfies,JAK2_b61bf142f6,N=CN(CCNC1N=CNC2(C=CCN2)c2cccn21)C(=O)C1C=CC=C(F)C1F,STOCEELQIVNPMB-UHFFFAOYSA-N,True,True,True,415.448,1.2907,97.54,4,6,6,0.3198,4.114,O=C(NCCNC1N=CNC2(C=CCN2)c2cccn21)C1C=CC=CC1,7,False,False,True,selfies_token_mutation
CAND_dcef4af228,selfies,JAK2_b61bf142f6,C=CN(CCNc1nc(NC(C=CC)=N[NH])c2cccn2n1)C(=O)Cc1ccc(F)cc1F,FVQVMCBQNVJZMG-UHFFFAOYSA-N,True,True,True,453.477,3.2186,110.72,2,5,9,0.2936,3.45,O=C(Cc1ccccc1)NCCNc1ncc2cccn2n1,6,False,False,True,selfies_token_mutation
CAND_c16644c1e9,selfies,JAK2_02f6b1c446,NC(=O)CN1CCC(c2ccc(NC3=NNCN(CC(=O)O)c4ccccc4C=CC(Cl)=CC=N3)cc2)CC1,RMYYUWCIDHPJAH-UHFFFAOYSA-N,True,True,True,550.063,3.3928,135.65,4,8,6,0.4334,5.061,C1=CC=NC(Nc2ccc(C3CCNCC3)cc2)=NNCNc2ccccc2C=C1,13,True,False,True,selfies_token_mutation
CAND_52fbae5549,selfies,JAK2_02f6b1c446,CN(CC(=O)O)c1ccccc1CC(Cl)=C1C=NC(Nc2ccc(C3CCN(CC(N)=O)CC3)cc2)=NN1,YZBJBMSPJAXXQP-UHFFFAOYSA-N,True,True,True,538.052,2.9221,135.65,4,8,9,0.3859,4.17,C1=NC(Nc2ccc(C3CCNCC3)cc2)=NNC1=CCc1ccccc1,6,False,False,True,selfies_token_mutation
CAND_39c65b86dd,selfies,JAK2_02f6b1c446,CN(c1cc2ccc1C=CC(Cl)=CC=NC(=NN)N1C=CC(C3CCN(CC(N)=O)CC3)=CC21)S(C)(=O)=O,IYNVNKWLEXJMHI-UHFFFAOYSA-N,True,True,True,558.108,2.5265,137.69,2,6,5,0.4213,5.431,N=C1N=CC=CC=Cc2ccc(cc2)C2C=C(C3CCNCC3)C=CN12,13,True,False,True,selfies_token_mutation
CAND_2a39777676,selfies,JAK2_02f6b1c446,CNc1ccccc1C=c1c(Cl)cc2n1NC1=CC(CCC3CCN3CCCCN=O)=C1C=CCN=2,ZUJUIBSPBZPPRR-UHFFFAOYSA-N,True,True,True,505.066,4.3401,74.02,2,6,10,0.3727,5.061,C1=CC2=C(CCC3CCN3)C=C2Nn2c(=Cc3ccccc3)ccc2=NC1,9,False,True,True,selfies_token_mutation
CAND_fe6aa980d1,selfies,JAK2_02f6b1c446,CN(c1ccccc1-c1cc(Cl)c2n1NC1=CC(N=C2)NN1CC=CC1CCN(CC(N)=O)CC1)S(C)=O,YYUYLDGWBQLZFG-UHFFFAOYSA-N,True,True,True,557.124,2.2554,111.23,3,7,8,0.4302,5.351,C(=CC1CCNCC1)CN1NC2C=C1Nn1c(ccc1-c1ccccc1)C=N2,8,False,True,True,selfies_token_mutation
CAND_905fd1f5ff,selfies,JAK2_02f6b1c446,CN(C=CC=CC=C1CN2C(=NC2NC=CC=C(C=C[SH]=N)C2CCN(CC(N)=O)CC2)C=C1Cl)CCl,FJFMMKZFPSWCCH-UHFFFAOYSA-N,True,True,True,564.587,3.5628,101.05,4,7,12,0.1258,4.692,C=C1C=CC2=NC(NC=CC=CC3CCNCC3)N2C1,6,False,False,True,selfies_token_mutation
CAND_d0b62d19b7,selfies,JAK2_02f6b1c446,CCN(CCCC1=CC=CN(C(N=CC=C(Cl)C=Cc2ccccc2N(C)[SH](C)C=O)=NCl)C1)CC(N)=O,ULHZMWXZOATNOJ-UHFFFAOYSA-N,True,True,True,579.598,4.9186,94.6,2,5,13,0.1138,4.526,N=C(N=CC=CC=Cc1ccccc1)N1C=CC=CC1,6,False,False,True,selfies_token_mutation
CAND_1dfa0fd154,selfies,JAK2_02f6b1c446,CC(=CC=CC=CN(C)CC(=O)O)C(Cl)=C1C=NC(Nc2ccc(C3CCN(CC(N)=O)CC3)cc2)=NN1,YKMNOIKYVJJVAR-UHFFFAOYSA-N,True,True,True,540.068,3.1912,135.65,4,8,10,0.3352,4.056,C=C1C=NC(Nc2ccc(C3CCNCC3)cc2)=NN1,6,False,False,True,selfies_token_mutation
CAND_9b113590a7,selfies,JAK2_02f6b1c446,C=CC(=CC=CNC1Nc2cccc(N(C)S(C)(=O)=O)c2C=CC(Cl)=C1N)C1CCN(CC(N)=O)CC1,GGTSZQDGFOGZQE-UHFFFAOYSA-N,True,True,True,547.125,2.6693,133.79,4,7,9,0.3498,4.72,C(C=CC1CCNCC1)=CNC1C=CC=Cc2ccccc2N1,8,False,True,True,selfies_token_mutation
CAND_fce2558e0e,selfies,JAK2_6132155614,C=Cc1cnc(Nc2ccc(N3CCOCC3)cc2)nc1C=CNC(=O)[C@H](N)CO,KHIFQCQFZYFZSF-GOSISDBHSA-N,True,True,True,410.478,1.1063,125.63,4,8,8,0.5099,3.336,c1cnc(Nc2ccc(N3CCOCC3)cc2)nc1,6,False,False,True,selfies_token_mutation
CAND_e2acb8a927,selfies,JAK2_6132155614,CN[C@@H](N)COC(=O)Nc1ccc(-c2ccnc(Nc3ccc(NCCOCF)cc3)n2)cc1,QSBLTASLYCYMHW-OAQYLSRUSA-N,True,True,True,469.521,3.2954,135.45,5,9,12,0.1999,4.164,c1ccc(Nc2nccc(-c3ccccc3)n2)cc1,6,False,False,True,selfies_token_mutation
CAND_0747c79831,selfies,JAK2_6132155614,CC1=CC=CNC(=O)[C@@H](CO)NC(C)(NC=C2C=C(C=N)N=CC2C)N=CC=C1,ZDNJROVMVITQBZ-IPFXWSOASA-N,True,True,True,396.495,1.5549,121.96,5,7,4,0.4629,4.208,O=C1CNC(NC=C2C=CN=CC2)N=CC=CC=CC=CN1,13,True,False,True,selfies_token_mutation
CAND_19aa6c94de,selfies,JAK2_6132155614,C=CN(C=Cc1ccnc(Nc2ccc(N3CCOCC3)cc2)n1)C(=O)[C@H](N)CO,IAWIWDSZJUIBCB-LJQANCHMSA-N,True,True,True,410.478,1.3192,116.84,3,8,8,0.5966,3.336,c1cnc(Nc2ccc(N3CCOCC3)cc2)nc1,6,False,False,True,selfies_token_mutation
CAND_45b4ddb700,selfies,JAK2_6132155614,N[C@H](CO)C(=O)NC=CC1=CC=C2C=CN1C1=CC3COCC=C3C=CNC1N=C2,PFWQHEVYQGYUHP-MOMVYJMYSA-N,True,True,True,407.474,0.5596,112.21,4,7,4,0.5419,4.069,C1=CN2C=CC(=C1)C=NC1NC=CC3=CCOCC3C=C12,8,False,True,True,selfies_token_mutation
CAND_5400797dd8,selfies,JAK2_6132155614,NC(CO)C(=O)Nc1ccc(-c2ccnc(NC3=C=C=C(N4CCOCC4)C=C3)n2)cc1,MMPXSWXUJGSVLI-UHFFFAOYSA-N,True,True,True,432.484,1.2374,125.63,4,8,7,0.4817,3.583,C1=C=C(N2CCOCC2)C=CC=1Nc1nccc(-c2ccccc2)n1,6,False,False,True,selfies_token_mutation
CAND_cc26a07a6d,selfies,JAK2_6132155614,N=C(N=CC1N[C@H](CO)C(=O)N2C=CC=C1C=C2)Nc1ccc(N2CCOCC2)cc1,NNNYKNDCTZNKJZ-GFOWMXPYSA-N,True,True,True,422.489,1.0694,113.28,4,6,4,0.4265,3.903,N=C(N=CC1NCC(=O)N2C=CC=C1C=C2)Nc1ccc(N2CCOCC2)cc1,8,False,True,True,selfies_token_mutation
CAND_e9b6aa0faf,selfies,JAK2_6132155614,CC1(n2cccc(N3CCOCC3)c2=N)N=CC=CC2=CC=CN(C2)C(=O)[C@@H](CO)N1,OVKUTYOVUPNYPH-ZZWBGTBQSA-N,True,True,True,424.505,0.3078,106.18,3,7,3,0.6476,3.789,N=c1c(N2CCOCC2)cccn1C1N=CC=CC2=CC=CN(C2)C(=O)CN1,11,False,True,True,selfies_token_mutation
CAND_5881df6b3e,selfies,JAK2_6132155614,C=COCCNc1cccn(C2(C)N=CC=CC(C)=CCNC(=O)[C@@H](CO)N2)c1=N,NLQMLFRIHUBCET-ITUIMRKVSA-N,True,True,True,414.51,0.8234,123.76,5,7,7,0.3339,4.433,N=c1ccccn1C1N=CC=CC=CCNC(=O)CN1,12,True,False,True,selfies_token_mutation
CAND_4038a3217c,selfies,JAK2_6132155614,CC1(N2C=CC(NCCOCCl)C=C2N)N=CC=CC2=CC=CN(C2)C(=O)[C@@H](CO)N1,PPKWRLTVAYDQBX-IDYZSHNDSA-N,True,True,True,448.955,0.334,115.45,4,8,7,0.3275,4.425,O=C1CNC(N2C=CCC=C2)N=CC=CC2=CC=CN1C2,11,False,True,True,selfies_token_mutation
CAND_94f399ddab,selfies,JAK2_6132155614,N[C@H](CO)C(=O)NC=CC=c1sc2n1C=CC1CN(CCO1)c1ccc(cc1)NCN=CC=2,LVGAHSLUVAETNI-GFOWMXPYSA-N,True,True,True,468.583,-0.11,117.14,4,8,4,0.4976,5.059,C=c1sc2n1C=CC1CN(CCO1)c1ccc(cc1)NCN=CC=2,16,True,False,True,selfies_token_mutation
CAND_466ddb68e6,selfies,JAK2_725776d8f2,Cc1cc(N=NCC(=Nn2cccc2)N2CCN(C(=O)Cc3ccccc3)CC2)n[nH]1,BILVKLKVEXUJAD-UHFFFAOYSA-N,True,True,True,418.505,2.852,94.24,1,5,6,0.3788,3.131,O=C(Cc1ccccc1)N1CCN(C(CN=Nc2cc[nH]n2)=Nn2cccc2)CC1,6,False,False,True,selfies_token_mutation
CAND_909ceafba4,selfies,JAK2_725776d8f2,FNCCNC1=C=Nn2cccc2C2C=CC(=NN2)NC=N1,AGDYVBZBAPDRKF-UHFFFAOYSA-N,True,True,True,302.317,-0.0285,90.13,4,7,4,0.4644,3.95,C1=CN=CNC2=NNC(C=C2)c2cccn2N=1,12,True,False,True,selfies_token_mutation
CAND_f3d4556a8b,selfies,JAK2_725776d8f2,O=C(Cc1ccccc1)N1CC=Nn2cccc2C2=CCC2C=NCC1,AVCUCXLMZDZFTD-UHFFFAOYSA-N,True,True,True,346.434,2.881,49.96,0,3,2,0.8248,3.7,O=C(Cc1ccccc1)N1CC=Nn2cccc2C2=CCC2C=NCC1,12,True,False,True,selfies_token_mutation
CAND_5aaa483553,selfies,JAK2_725776d8f2,O=C(Cc1ccccc1)N1CCN(c2nc(NC3C=CCN3)c3cccn3n2)CC1,AHZPJTHRCLKOSE-UHFFFAOYSA-N,True,True,True,403.49,1.518,77.8,2,6,5,0.6293,3.372,O=C(Cc1ccccc1)N1CCN(c2nc(NC3C=CCN3)c3cccn3n2)CC1,6,False,False,True,selfies_token_mutation
CAND_ab5598f4f0,selfies,JAK2_725776d8f2,ClCCNC1=C=Nn2cccc2C2C=CC(=NN2)NC=N1,JQBNMSJHQZTBDY-UHFFFAOYSA-N,True,True,True,303.757,0.7362,78.1,3,6,3,0.7207,3.825,C1=CN=CNC2=NNC(C=C2)c2cccn2N=1,12,True,False,True,selfies_token_mutation
CAND_6127b7b067,selfies,JAK2_725776d8f2,O=C(Cc1ccccc1)N1CCN(C2N=CN(C3C=CCN3)c3cccn32)CC1,ZENWUTUUUUQBLJ-UHFFFAOYSA-N,True,True,True,390.491,1.6649,56.11,1,5,4,0.8072,3.425,O=C(Cc1ccccc1)N1CCN(C2N=CN(C3C=CCN3)c3cccn32)CC1,6,False,False,True,selfies_token_mutation
CAND_5e3a568f7d,selfies,JAK2_725776d8f2,N=C1Cc2ccccc2CC(=O)C=NCC1NC(N=CNC1C=C(O)N1)n1cccc1,JYLAXVTXUPTGET-UHFFFAOYSA-N,True,True,True,419.489,1.3075,126.89,5,7,6,0.3564,4.386,N=C1Cc2ccccc2CC(=O)C=NCC1NC(N=CNC1C=CN1)n1cccc1,10,False,True,True,selfies_token_mutation
CAND_9272bf8fad,selfies,JAK2_725776d8f2,CC1=CCN2C=NC(=Nn3cccc31)NCCN(C(=O)CCCl)CC2,UWOOGVILDOYANF-UHFFFAOYSA-N,True,True,True,362.865,1.4151,65.23,1,5,2,0.809,2.571,C1=Cc2cccn2N=C2N=CN(C1)CCNCCN2,10,False,True,True,selfies_token_mutation
CAND_38cffe86c4,selfies,JAK2_725776d8f2,N=C1CN(C(=O)Cc2ccccc2)CCC12N=CN(C1C=CCN1)c1cccn12,YAPFYVPRLWALEG-UHFFFAOYSA-N,True,True,True,388.475,1.9695,76.72,2,5,3,0.7896,3.289,N=C1CN(C(=O)Cc2ccccc2)CCC12N=CN(C1C=CCN1)c1cccn12,6,False,False,True,selfies_token_mutation
CAND_198e902ccd,selfies,JAK2_725776d8f2,O=C(Cc1ccccc1)N1CCN(c2ncn(C3C=CCN3)cccnn2)CC1,ZHEYVLCNCDWSJA-UHFFFAOYSA-N,True,True,True,391.479,1.3468,79.18,1,6,4,0.7929,3.48,O=C(Cc1ccccc1)N1CCN(c2ncn(C3C=CCN3)cccnn2)CC1,9,False,True,True,selfies_token_mutation
CAND_bd73a5e3b3,selfies,JAK2_6111c0246b,C[C@H](Nc1cncc(C2C=CC2)n1)c1ncc(F)cn1,FGUDCJVEFYVCQF-RGURZIINSA-N,True,True,True,271.299,2.6223,63.59,1,5,4,0.8659,2.75,C1=CC(c2cncc(NCc3ncccn3)n2)C1,6,False,False,True,selfies_token_mutation
CAND_f9c59cb07d,selfies,JAK2_6111c0246b,C[C@H](Nc1cncc(NN2CCNN2)n1)c1ncc(F)cn1,LDOIVCIKPMSKPI-QMMMGPOBSA-N,True,True,True,305.321,0.2305,102.92,4,9,5,0.6178,2.625,c1cnc(CNc2cncc(NN3CCNN3)n2)nc1,6,False,False,True,selfies_token_mutation
CAND_77f481d410,selfies,JAK2_6111c0246b,C[C@@H](C=NCOC(F)C=N)NC1=NC(=CNC2=NNCC=C2)N=C1,BIOJBHQUZNYWJG-VUWPPUDQSA-N,True,True,True,334.359,0.2989,118.61,4,9,7,0.5007,2.875,C1=CC(NC=C2N=CC=N2)=NNC1,6,False,False,True,selfies_token_mutation
CAND_e6532fa206,selfies,JAK2_6111c0246b,C[C@H](Nc1cncc(C2C=CCN2)n1)c1ncc(F)cn1,PYCSJEIRDZYSIH-FTNKSUMCSA-N,True,True,True,286.314,1.7793,75.62,2,6,4,0.8344,2.75,C1=CC(c2cncc(NCc3ncccn3)n2)NC1,6,False,False,True,selfies_token_mutation
CAND_88f6fa018b,selfies,JAK2_6111c0246b,Cc1cc(NC2N=C(N[C@@H](C)c3ncc(F)cn3)C=NS2)n[nH]1,XEMGRYKUICILEX-OADYLZGLSA-N,True,True,True,334.384,1.8246,103.24,3,8,4,0.7371,2.75,C1=NSC(Nc2cc[nH]n2)N=C1NCc1ncccn1,6,False,False,True,selfies_token_mutation
CAND_fd24230941,selfies,JAK2_6111c0246b,CC=C1NN=C1NC=CN=CCOPN[C@@H](C)c1ncc(F)nn1,CSTWYUFYUIBBFK-VIFPVBQESA-N,True,True,True,352.314,1.1385,108.71,3,9,8,0.3656,3.013,C=C1NN=C1NC=CN=CCOPNCc1nccnn1,6,False,False,True,selfies_token_mutation
CAND_4fda7bc0a9,selfies,JAK2_6111c0246b,Cc1cc(Nc2cncc(N[C@@H](C)C=NC3=C(F)C=N3)n2)n[nH]1,CPRUNUSCEZWGGE-VIFPVBQESA-N,True,True,True,314.328,2.3459,103.24,3,7,6,0.7101,2.75,C1=NC(N=CCNc2cncc(Nc3cc[nH]n3)n2)=C1,6,False,False,True,selfies_token_mutation
CAND_1433225568,selfies,JAK2_6111c0246b,CC=CC1=NC(=CN=CCN[C@@H](C)c2ncc(F)cn2)N1,ZNWBRXOZXFBBFY-JTQLQIEISA-N,True,True,True,288.33,1.7138,74.56,2,6,6,0.7815,2.5,C(CNCc1ncccn1)=NC=C1N=CN1,6,False,False,True,selfies_token_mutation
CAND_b9a862d03e,selfies,JAK2_6111c0246b,C[C@H]1C=NC=C(F)C=Nc2ncc(NC3=NNCCN=C3)nc2N1,PNXRWTHFQATVJY-VIFPVBQESA-N,True,True,True,329.343,1.274,111.31,3,9,1,0.7184,2.625,C1=CN=CCNc2nc(NC3=NNCCN=C3)cnc2N=C1,10,False,True,True,selfies_token_mutation
CAND_a68dc1bc33,selfies,JAK2_6111c0246b,C[C@H](NC(=N)C=NCN=Nc1cc[nH]n1)c1ncc(F)cn1,ONHKBRPALHBRCC-QMMMGPOBSA-N,True,True,True,303.305,1.7789,127.42,3,7,6,0.4266,2.5,N=C(C=NCN=Nc1cc[nH]n1)NCc1ncccn1,6,False,False,True,selfies_token_mutation
CAND_881085c48e,selfies,JAK2_6111c0246b,C[C@H](NC1=NC=CN(C2C=CCN2)N1N)c1ncc(F)cn1,PFPUZKAUIGSVOU-FTNKSUMCSA-N,True,True,True,304.333,-0.0147,94.7,3,8,3,0.5337,2.625,C1=CC(N2C=CN=C(NCc3ncccn3)N2)NC1,6,False,False,True,selfies_token_mutation
CAND_5b71ffca58,selfies,JAK2_6111c0246b,NC1(N[C@@H]2C=NC(F)C=NC2)C=NC=CNC2C=CC1N2,YTECPTLALXONJS-TWJXAIAZSA-N,True,True,True,291.334,-0.9503,99.19,4,7,2,0.2994,3.5,C1=CNC2C=CC(N2)C(N[C@@H]2C=NCC=NC2)C=N1,9,False,True,True,selfies_token_mutation
CAND_daf82c369e,selfies,JAK2_3bd770708d,CC1C=NC=C(F)CN=c2nc(Cl)ccc2=C(NC=C2N=CCCN2)N=CN1,LAHCLFYBEMGRGL-UHFFFAOYSA-N,True,True,True,402.865,0.7746,98.42,3,8,2,0.6364,3.744,C1=CN=CCNC=NC(NC=C2N=CCCN2)=c2cccnc2=NC1,13,True,False,True,selfies_token_mutation
CAND_aa8e6ac2e5,selfies,JAK2_3bd770708d,C=C(C=NC(C=CC(Cl)=NC=N)n1cc(C)cn1)C1CC=C(F)C=N1,HYJMYGCZLJYXDS-UHFFFAOYSA-N,True,True,True,360.824,3.8142,78.75,1,4,7,0.5819,2.935,C=C(C=NCn1cccn1)C1CC=CC=N1,6,False,False,True,selfies_token_mutation
CAND_a75a3ddad9,selfies,JAK2_3bd770708d,CN1C=C(NC2=c3ccc(Cl)nc3=NN(C=NC=C(F)C=N)C2)NO1,SXTVNVNSIPYOSQ-UHFFFAOYSA-N,True,True,True,364.772,-0.0477,101.23,3,8,5,0.3846,2.457,C1=C(NC2=c3cccnc3=NNC2)NON1,6,False,False,True,selfies_token_mutation
CAND_0da7e9ade0,selfies,JAK2_3bd770708d,CC(F)=CN=CC(C)Nc1nc(Nc2cn(C)cn2)c2ccc(Cl)nc2n1,GXMAFGYJSADLSH-UHFFFAOYSA-N,True,True,True,388.838,3.8573,92.91,2,7,6,0.4917,2.966,c1cnc2ncnc(Nc3c[nH]cn3)c2c1,6,False,False,True,selfies_token_mutation
CAND_a31dfa188e,selfies,JAK2_3bd770708d,CC(C=NC=C(F)NC=N)Nc1nc(Nc2cn(C)cn2)c2ccc(N)nc2n1,XTQCOVZHEQJUFJ-UHFFFAOYSA-N,True,True,True,397.422,1.9204,154.81,5,9,8,0.2193,3.263,c1cnc2ncnc(Nc3c[nH]cn3)c2c1,6,False,False,True,selfies_token_mutation
CAND_412d46725c,selfies,JAK2_3bd770708d,CC(=NC=C(F)C=N)N1C=NC(Nc2cn(C)cn2)=CCC(Cl)=NC=N1,OJPYMVLDDICVQA-UHFFFAOYSA-N,True,True,True,377.815,2.8669,106.38,2,7,4,0.6218,2.655,C1=NC=NNC=NC(Nc2c[nH]cn2)=CC1,10,False,True,True,selfies_token_mutation
CAND_d8ca5c309a,selfies,JAK2_3bd770708d,CC1=NC=C(F)C=NN=CN=C(Cl)C=CC(n2cc(C)cn2)N=CN1,LZINLSBHLHFGNC-UHFFFAOYSA-N,True,True,True,362.8,2.7585,91.65,1,7,1,0.8315,3.146,C1=CN=CNC=NC(n2cccn2)C=CC=NC=NN=C1,16,True,False,True,selfies_token_mutation
CAND_68124d40ce,selfies,JAK2_3bd770708d,CC(NC=C=NCNC=CN(C)C=Nn1ccc(Cl)nc1=N)c1ncc(F)cn1,FOYQEXKOAGSDKJ-UHFFFAOYSA-N,True,True,True,418.868,1.2208,119.47,3,8,9,0.2436,3.258,N=c1ncccn1N=CNC=CNCN=C=CNCc1ncccn1,6,False,False,True,selfies_token_mutation
CAND_5ce18d9a67,selfies,JAK2_3bd770708d,CC(Cc1ncc(F)cn1)NC=NC(=CF)Nc1cn(C)cn1,AUBGJNCCYGZIFR-UHFFFAOYSA-N,True,True,True,321.335,1.7786,80.02,2,5,7,0.6001,2.625,C=C(N=CNCCc1ncccn1)Nc1c[nH]cn1,6,False,False,True,selfies_token_mutation
CAND_181b031fe0,selfies,JAK2_3bd770708d,CC(C=NC#CC#N)Nc1nc(Nc2cn(C)cn2)c2ccc(Cl)nc2n1,BUQVUTKLLYNKFS-UHFFFAOYSA-N,True,True,True,379.815,2.511,116.7,2,8,5,0.397,2.791,c1cnc2ncnc(Nc3c[nH]cn3)c2c1,6,False,False,True,selfies_token_mutation
CAND_e2dcbc311a,selfies,JAK2_f2b3ea21e5,CCc1ccc(Cl)cc1CNC(C=CC=NC(C)N)CC(N)=O,YVALAUNPAKRFIZ-UHFFFAOYSA-N,True,True,True,336.867,2.1677,93.5,3,4,9,0.6031,2.875,c1ccccc1,6,False,False,True,selfies_token_mutation
CAND_f2f793b60c,selfies,JAK2_f2b3ea21e5,NC(=O)CC=C(C=C1C=NOC(N)=N1)NCC1=CC(Cl)=CC=CCC1,HZVYJCMYZDOSJK-UHFFFAOYSA-N,True,True,True,361.833,1.949,115.09,3,6,6,0.6701,2.816,C=C(C=C1C=NOC=N1)NCC1=CC=CC=CCC1,8,False,True,True,selfies_token_mutation
CAND_ba768f8d22,selfies,JAK2_f2b3ea21e5,CCc1ccc(Cl)cc1CNC(=CCNC(N)=O)c1ccnc(N)n1,KHAOKNFAHNEUFO-UHFFFAOYSA-N,True,True,True,360.849,2.0736,118.95,4,5,7,0.6023,2.435,C=C(NCc1ccccc1)c1ccncn1,6,False,False,True,selfies_token_mutation
CAND_2848d45551,selfies,JAK2_f2b3ea21e5,CCC1=CC(Cl)C(C)NC(=CCC(N)=O)C=CC=NC1,QBXGPWHBEKLYGJ-UHFFFAOYSA-N,True,True,True,295.814,2.3082,67.48,2,3,3,0.6196,2.625,C=C1C=CC=NCC=CCCN1,11,False,True,True,selfies_token_mutation
CAND_9f30276a8f,selfies,JAK2_f2b3ea21e5,CCC1=CC=C(Cl)CN1c1[nH]c(-c2ccnc(N)n2)cc1CN,NWMDIRNKWRTQFT-UHFFFAOYSA-N,True,True,True,330.823,2.7492,96.85,3,5,4,0.8005,2.25,C1=CCN(c2ccc(-c3ccncn3)[nH]2)C=C1,6,False,False,True,selfies_token_mutation
CAND_a226b92ca0,selfies,JAK2_f2b3ea21e5,CCc1ccc(Cl)cc1CNC(C=CCSC(C)N)CC(N)=O,FIBFIGUYLLJTGN-UHFFFAOYSA-N,True,True,True,355.935,2.8301,81.14,3,4,10,0.445,3.033,c1ccccc1,6,False,False,True,selfies_token_mutation
CAND_f2b3ea21e5,selfies,JAK2_f2b3ea21e5,CCc1ccc(Cl)cc1-c1[nH]c(-c2ccnc(N)n2)cc1C(N)=O,GJWYRBQDZYWGDV-UHFFFAOYSA-N,True,True,False,341.802,3.0356,110.68,3,4,4,0.6768,2.25,c1ccc(-c2ccc(-c3ccncn3)[nH]2)cc1,6,False,False,True,selfies_token_mutation
CAND_ff099f671e,selfies,JAK2_f2b3ea21e5,CCc1ccc(Cl)cc1CNC1(C)C=NC(N)=N1,RAWKTUYCFXOFMV-UHFFFAOYSA-N,True,True,True,264.76,2.1073,62.77,2,4,4,0.8749,2.25,C1=NC=NC1NCc1ccccc1,6,False,False,True,selfies_token_mutation
CAND_f683194089,selfies,JAK2_f2b3ea21e5,CCc1ccc(Cl)cc1CNC(C=CC#N)CCCN,JDXGSRWIZLGMAY-UHFFFAOYSA-N,True,True,True,291.826,3.1793,61.84,2,3,8,0.7232,2.5,c1ccccc1,6,False,False,True,selfies_token_mutation
CAND_8000f952a1,selfies,JAK2_f2b3ea21e5,Nc1nccc(C2CCc3ccc(Cl)cc3CN2)n1,VISKNLYFARBXKP-UHFFFAOYSA-N,True,True,True,274.755,2.4893,63.83,2,4,1,0.8386,2.125,c1ccc2c(c1)CCC(c1ccncn1)NC2,7,False,False,True,selfies_token_mutation
CAND_1176f07050,selfies,JAK2_f2b3ea21e5,CCC1NC=C(C)C=C1c1[nH]c(-c2ccnc(N)n2)cc1C(N)=O,JXUSIUWUSVGYLZ-UHFFFAOYSA-N,True,True,True,324.388,1.8218,122.71,4,5,4,0.683,2.5,C1=CNCC(c2ccc(-c3ccncn3)[nH]2)=C1,6,False,False,True,selfies_token_mutation
CAND_397dd7ec00,selfies,JAK2_f2b3ea21e5,Cc1ccc(Cl)cc1-c1[nH]c(-c2ccnc(N)n2)cc1C(N)=O,DQDASFFHMDSYAZ-UHFFFAOYSA-N,True,True,False,327.775,2.7816,110.68,3,4,3,0.6864,2.125,c1ccc(-c2ccc(-c3ccncn3)[nH]2)cc1,6,False,False,True,selfies_token_mutation
CAND_ff3c7c6085,selfies,JAK2_ac54f530b8,C[C@H](NC(P)N=CNC1=CCC=NN1)c1ncc(F)cn1,HERWJWXWUZHEPK-KBPLZSHQSA-N,True,True,True,309.289,0.8634,86.59,3,6,6,0.4122,3.0,C(=NCNCc1ncccn1)NC1=CCC=NN1,6,False,False,True,selfies_token_mutation
CAND_7242b3d152,selfies,JAK2_ac54f530b8,C[C@@H](NC=CCF)NC1=C(Cl)C2C=C(C2)NC=N1,UOBRSTAJPCCUTR-IENPIDJESA-N,True,True,True,270.739,1.938,48.45,3,4,5,0.6694,3.375,C1=CC2C=C(C2)NC=N1,8,False,True,True,selfies_token_mutation
CAND_d749417818,selfies,JAK2_ac54f530b8,CC=C(Cl)NC=NC(Cl)N[C@@H](C)C=NC=C(F)C=N,UHPYXUQZFLEKNF-YMNIQAILSA-N,True,True,True,308.188,2.7362,72.63,3,4,8,0.2791,2.5,,0,False,False,True,selfies_token_mutation
CAND_5d66180b72,selfies,JAK2_ac54f530b8,CCC=C(Cl)NC=NC=CPN[C@@H](C)c1ncc(F)cn1,FYFQMNJRAYNZHZ-JTQLQIEISA-N,True,True,True,329.747,3.4391,62.2,2,4,8,0.3318,2.75,c1cncnc1,6,False,False,True,selfies_token_mutation
CAND_1b1dccdaaf,selfies,JAK2_ac54f530b8,CCC#CNc1nc(N[C@@H](C)c2ncc(F)cn2)ncc1Cl,BDPHPPIFIWMVIC-VIFPVBQESA-N,True,True,True,320.759,3.015,75.62,2,6,4,0.666,2.25,c1cnc(CNc2ncccn2)nc1,6,False,False,True,selfies_token_mutation
CAND_27954d62da,selfies,JAK2_ac54f530b8,CCC=C(Cl)NC=NC(=NCCC)N[C@@H](C)c1ncc(F)cn1,DFDZBENILAOHPK-NSHDSACASA-N,True,True,True,340.834,3.1404,74.56,2,3,7,0.454,2.375,c1cncnc1,6,False,False,True,selfies_token_mutation
CAND_22b9343ecc,selfies,JAK2_ac54f530b8,CCC=C(Cl)NC=NC(=NC=NC)N[C@@H](C)c1ncc(F)cn1,KWAUHWJEERWJKG-JTQLQIEISA-N,True,True,True,339.806,2.3885,86.92,2,3,6,0.473,2.25,c1cncnc1,6,False,False,True,selfies_token_mutation
CAND_ac54f530b8,selfies,JAK2_ac54f530b8,Cc1cc(Nc2nc(N[C@@H](C)c3ncc(F)cn3)ncc2Cl)[nH]n1,PDOQBOJDRPLBQU-QMMMGPOBSA-N,True,True,False,348.773,3.0073,104.3,3,7,5,0.6506,2.625,c1cnc(CNc2nccc(Nc3ccn[nH]3)n2)nc1,6,False,False,True,selfies_token_mutation
CAND_9ef0898160,selfies,JAK2_ac54f530b8,CCC=CN1C=NC(N[C@@H](C)C=NC=C=NCF)C=C1Cl,JPOGZLJVCCJCRQ-NBFOIZRFSA-N,True,True,True,311.792,2.8196,52.35,1,5,7,0.5804,2.625,C1=CNC=NC1,6,False,False,True,selfies_token_mutation
CAND_1c62f37f34,selfies,JAK2_ac54f530b8,FC1C=NC[C@H](NC(C=CCl)N=CNC2=CCC=N2)C=N1,DFMJXKZUFDBOEK-ZBOXLXRLSA-N,True,True,True,310.764,1.4078,73.5,2,5,6,0.4421,3.0,C1=NCC=NC[C@@H]1NCN=CNC1=CCC=N1,7,False,False,True,selfies_token_mutation
CAND_db44b62596,selfies,JAK2_2b11517983,C=CCC#CCNC(Sc1ncc(F)cn1)C(F)=CN=CN[CH]C,UKGOIIIMMSIPKN-UHFFFAOYSA-N,True,True,True,350.418,2.8135,62.2,2,5,9,0.1364,2.627,c1cncnc1,6,False,False,True,selfies_token_mutation
CAND_1e93045892,selfies,JAK2_2b11517983,C[C@H](NC=NC=C(F)C1N=C1C=C([NH])C1CC1)NC=C(F)C=N,GHKYPOZTIKDCTB-HJULIUOESA-N,True,True,True,321.355,2.2113,96.43,3,4,9,0.3447,3.125,C(=CC1CC1)C1=NC1,3,False,False,True,selfies_token_mutation
CAND_df4207e98a,selfies,JAK2_2b11517983,C[C@@H](C=NC=C(F)F)Nc1ncc(F)c(Nc2cc(C3CC3)[nH]n2)n1,LKUDNIHRCMSACR-QMMMGPOBSA-N,True,True,True,351.336,3.5689,90.88,3,6,7,0.6636,2.882,c1cc(Nc2cc(C3CC3)[nH]n2)ncn1,6,False,False,True,selfies_token_mutation
CAND_c02fc963dd,selfies,JAK2_2b11517983,C[C@H]1C=NC(=NC=CF)SNNNC(C2CC2)=CCNCC(F)=CN=CN1,ALWDAADWQAOEGU-LBPRGKRZSA-N,True,True,True,398.487,1.8153,97.23,5,8,2,0.4555,3.469,N=C1N=CCNC=NC=CCNCC=C(C2CC2)NNNS1,18,True,False,True,selfies_token_mutation
CAND_2b11517983,selfies,JAK2_2b11517983,C[C@H](Nc1ncc(F)c(Nc2cc(C3CC3)[nH]n2)n1)c1ncc(F)cn1,PFXXPRYKFJNBAN-QMMMGPOBSA-N,True,True,False,358.356,3.062,104.3,3,7,6,0.6219,3.046,c1cnc(CNc2nccc(Nc3cc(C4CC4)[nH]n3)n2)nc1,6,False,False,True,selfies_token_mutation
CAND_de8adae0c9,selfies,JAK2_2b11517983,C[C@@H](C=NN(C)CF)Nc1ncc(F)c(Nc2cc(C3CC3)[nH]n2)n1,UVVGSYILVNEWDO-VIFPVBQESA-N,True,True,True,350.377,2.6048,94.12,3,7,8,0.3849,3.002,c1cc(Nc2cc(C3CC3)[nH]n2)ncn1,6,False,False,True,selfies_token_mutation
CAND_a30de9a90d,selfies,JAK2_2b11517983,C[C@H]1C=NC=C(F)C=Nc2c(n[nH]c2C2CC2)NC(=C=N)C(F)=CN=CN1,QASJWSOBVMRAMS-JTQLQIEISA-N,True,True,True,372.383,3.2463,113.67,4,7,1,0.5675,3.449,C=C1C=CN=CNCC=NC=CC=Nc2c(n[nH]c2C2CC2)N1,16,True,False,True,selfies_token_mutation
CAND_156493402d,selfies,JAK2_2b11517983,C[C@H](NC=NC=C(F)C=NSNCF)Sc1ncc(F)cn1,KPCYTGDWVLKQBZ-MRVPVSSYSA-N,True,True,True,350.395,2.6332,74.56,2,7,9,0.1042,2.627,c1cncnc1,6,False,False,True,selfies_token_mutation
CAND_e5f44d2c26,selfies,JAK2_2b11517983,CC1=CCN(C2C[C@@H](C3=NCN(F)C=N3)CNC=NC=C2F)NNC1,ZPTDAARMJHKCMT-PUODRLBUSA-N,True,True,True,352.393,0.6592,79.65,3,8,2,0.5026,3.013,C1=CCN(C2C=CN=CNC[C@H](C3=NCNC=N3)C2)NNC1,9,False,True,True,selfies_token_mutation
CAND_3dc2954ba5,selfies,JAK2_2b11517983,C[C@@H]1CNC(=NC=C(F)CNC2=C(C3CC3)SNN2)N1c1ncc(F)cn1,QAKAUTUPPGUKLD-SECBINFHSA-N,True,True,True,394.455,1.5054,89.5,4,7,6,0.5402,3.247,C(=CN=C1NCCN1c1ncccn1)CNC1=C(C2CC2)SNN1,6,False,False,True,selfies_token_mutation
CAND_bf84076ebd,selfies,JAK2_4be59170c2,C=C=CC(=CC=CC1C=NCN(CC=CC=CNCCNC)NNC1)P(C)(C)=O,QWARFMCOLPMIHE-UHFFFAOYSA-N,True,True,True,418.526,2.2385,80.79,4,7,11,0.1784,3.756,C1=NCNNNCC1,8,False,True,True,selfies_token_mutation
CAND_ba7d317527,selfies,JAK2_4be59170c2,CNCCNC=CC=CCN1CN=CCC=CC=C(P(C)(C)=O)C=C=CCNN1,YDYDGDRMTUTABN-UHFFFAOYSA-N,True,True,True,418.526,2.3826,80.79,4,7,8,0.2098,3.831,C1=CC=CC=CCC=NCNNNCC=1,15,True,False,True,selfies_token_mutation
CAND_c3b175fc57,selfies,JAK2_4be59170c2,C=C1C(PCC(C)=O)=CC=C1C1C=Cn2nc(NC3(C)C=CC=CN4CCNC3C4)nc21,ZSODYQJZAGMXHV-UHFFFAOYSA-N,True,True,True,448.511,3.0215,75.08,2,6,6,0.6521,4.997,C=C1C=CC=C1C1C=Cn2nc(NC3C=CC=CN4CCNC3C4)nc21,8,False,True,True,selfies_token_mutation
CAND_695bc60caa,selfies,JAK2_4be59170c2,CC1(Nc2nc3c(-c4ccc(P(C)(C)=O)cc4)cccn3n2)C=CC=CN2CCNC1C2,VNRQYXCUOMDKOY-UHFFFAOYSA-N,True,True,True,448.511,3.1722,74.56,2,6,4,0.5976,4.247,C1=CC(Nc2nc3c(-c4ccccc4)cccn3n2)C2CN(C=C1)CCN2,8,False,True,True,selfies_token_mutation
CAND_d7304be4d6,selfies,JAK2_4be59170c2,CP1(=O)CC=C(C=CC=CN2CCNCC(S)C2)N=Cc2nc3c(cccn3n2)-c2ccc1cc2,NAXIWSQDSQPVFW-UHFFFAOYSA-N,True,True,True,504.6,3.6044,74.89,2,7,3,0.324,5.134,O=[PH]1CC=C(C=CC=CN2CCCNCC2)N=Cc2nc3c(cccn3n2)-c2ccc1cc2,14,True,False,True,selfies_token_mutation
CAND_8d34336567,selfies,JAK2_4be59170c2,CCCOPc1occc1C=c1c2c(=NCC3C=CC=CN4CCC3NC4)[nH]n1C=CC=2,PYFGAKRMMFEXPU-UHFFFAOYSA-N,True,True,True,451.511,1.37,70.72,2,5,7,0.493,4.889,C1=CC(CN=c2[nH]n3c(=Cc4ccoc4)c2=CC=C3)C2CCN(C=C1)CN2,9,False,True,True,selfies_token_mutation
CAND_6ddf6d2116,selfies,JAK2_4be59170c2,CN1CCN(c2cccc(NC3=NN=C=CC=C(c4ccc(P(C)(C)=O)cc4)C=N3)c2)CC1,JFHVZOJRSQBBPL-UHFFFAOYSA-N,True,True,True,460.522,3.7632,72.66,1,7,4,0.7055,3.614,C1=CC=C(c2ccccc2)C=NC(Nc2cccc(N3CCNCC3)c2)=NN=1,9,False,True,True,selfies_token_mutation
CAND_5ee0f1d13e,selfies,JAK2_4be59170c2,CP(C)(=O)c1ccc(C2=CC=CN(N)N2C=NCC2C=CC=CN3CCNC2CC3)cc1,FGCQAGPTQQIKBO-UHFFFAOYSA-N,True,True,True,452.543,2.5874,77.2,2,6,5,0.3096,4.195,C1=CNN(C=NCC2C=CC=CN3CCNC2CC3)C(c2ccccc2)=C1,9,False,True,True,selfies_token_mutation
CAND_25463b7d1d,selfies,JAK2_4be59170c2,CP(C)(=O)c1ccc(-c2cccn3nc(NC(F)C=C=CN4CCCNCC4)nc23)cc1,ALIVPQWOXVMXFG-UHFFFAOYSA-N,True,True,True,454.49,3.3159,74.56,2,6,6,0.3383,3.581,C(=CCNc1nc2c(-c3ccccc3)cccn2n1)=CN1CCCNCC1,7,False,False,True,selfies_token_mutation
CAND_a2e494d2f2,selfies,JAK2_4be59170c2,C=C1C(P(C)(C)=O)=CSCC12C=CNNN(C1(C)C=CC=CN3CCNC1C3)CN=C2,AKWYYGKUYRKRHN-UHFFFAOYSA-N,True,True,True,460.588,2.7227,72.0,3,8,2,0.5476,4.114,C=C1C=CSCC12C=CNNN(C1C=CC=CN3CCNC1C3)CN=C2,9,False,True,True,selfies_token_mutation
CAND_4be59170c2,selfies,JAK2_4be59170c2,CN1CCN(c2cccc(Nc3nc4c(-c5ccc(P(C)(C)=O)cc5)cccn4n3)c2)CC1,NIPWBXDGHVSIOT-UHFFFAOYSA-N,True,True,False,460.522,4.1397,65.77,1,6,5,0.4519,3.439,c1ccc(-c2cccn3nc(Nc4cccc(N5CCNCC5)c4)nc23)cc1,6,False,False,True,selfies_token_mutation
CAND_3c05a7b8fa,selfies,JAK2_78f0dc8dac,C[C@H](NC12C=CN(C=N1)C(Br)C=CC2)c1ncc(F)cn1,KOXHVVZLWXYJJZ-JKDOVBDQSA-N,True,True,True,352.211,2.5011,53.41,1,5,3,0.516,3.637,C1=CCC2(NCc3ncccn3)C=CN(C=N2)C1,8,False,True,True,selfies_token_mutation
CAND_d933bf5bf7,selfies,JAK2_78f0dc8dac,C[C@H](Nc1ncc(Br)c(NC2=CN2)n1)c1ncc(F)cn1,MXKRQTYWWDVSRH-LURJTMIESA-N,True,True,True,352.171,2.1553,97.56,3,7,5,0.7586,2.637,C1=C(Nc2ccnc(NCc3ncccn3)n2)N1,6,False,False,True,selfies_token_mutation
CAND_ce98b11335,selfies,JAK2_78f0dc8dac,CC=Cc1ncc(Br)c(=NCN[C@@H](C)c2ncc(F)cn2)[nH]1,QBBUJVIEKGFSEA-VIFPVBQESA-N,True,True,True,367.226,2.3434,78.85,2,5,5,0.8505,2.471,c1cnc(CNCN=c2ccnc[nH]2)nc1,6,False,False,True,selfies_token_mutation
CAND_bad7d32bbd,selfies,JAK2_78f0dc8dac,C[C@H](NC(N=C1C=CC1)=NC=CBr)c1ncc(F)cn1,HSNCVNCCXMLURZ-VIFPVBQESA-N,True,True,True,338.184,2.8893,62.53,1,3,3,0.6809,2.125,N=C(N=C1C=CC1)NCc1ncccn1,6,False,False,True,selfies_token_mutation
CAND_a7161d2ce1,selfies,JAK2_78f0dc8dac,CC1=CC(Nc2nc(N[C@@H](C)c3ncc(F)cn3)ncc2Br)=NC1,JMQRHIQXHQGHII-VIFPVBQESA-N,True,True,True,392.236,3.1116,87.98,2,7,4,0.8316,2.735,C1=CC(Nc2ccnc(NCc3ncccn3)n2)=NC1,6,False,False,True,selfies_token_mutation
CAND_26fa7aaffa,selfies,JAK2_78f0dc8dac,CC=CC(=N[NH])Nc1nc(N[C@@H](C)c2ncc(F)cn2)ncc1Br,PWTPUEKSKJRJFA-QMMMGPOBSA-N,True,True,True,394.232,2.9257,111.78,2,6,5,0.4583,2.621,c1cnc(CNc2ncccn2)nc1,6,False,False,True,selfies_token_mutation
CAND_9cb7ddad05,selfies,JAK2_78f0dc8dac,C=NCN=C(N=CNC(Br)C=CC)N[C@@H](C)C=NC=NC(F)C=N,KWZBOCFDTBXSQI-HIFPTAJRSA-N,True,True,True,401.288,1.9379,109.71,3,4,10,0.171,3.285,,0,False,False,True,selfies_token_mutation
CAND_96d6bbfc96,selfies,JAK2_78f0dc8dac,C=CN=C(N=CNC(Br)C=CC)N[CH]CCc1ncc(F)cn1,FCXNYAABPYNMER-UHFFFAOYSA-N,True,True,True,382.261,2.7142,74.56,2,3,8,0.1811,2.679,c1cncnc1,6,False,False,True,selfies_token_mutation
CAND_38b5679c36,selfies,JAK2_78f0dc8dac,C[C@H](Nc1ncc(Br)c(C2=NNCC=C2)n1)c1ncc(F)cn1,FVJLCDGLOMHVLY-QMMMGPOBSA-N,True,True,True,378.209,2.2048,87.98,2,7,4,0.8484,2.657,C1=CC(c2ccnc(NCc3ncccn3)n2)=NNC1,6,False,False,True,selfies_token_mutation
CAND_a1cc190e1b,selfies,JAK2_7199fc7e1a,C=N[C@@H](NC=C(F)C=N)N1C=NC(Nc2cn(C)cn2)=C=CC=CC=N1,GGBOOCUVARBEGM-PFTDAEPCSA-N,True,True,True,355.381,1.7487,106.05,3,8,7,0.5116,3.155,C1=CC=CC=NNC=NC=1Nc1c[nH]cn1,10,False,True,True,selfies_token_mutation
CAND_f08d205e13,selfies,JAK2_7199fc7e1a,C[C@@H](C=NC=C(F)C=N)Nc1nc(Nc2cn(C)cn2)c2ccccc2n1,AAIINOUDILHIQT-LBPRGKRZSA-N,True,True,True,366.404,3.4386,103.87,3,7,7,0.5558,2.966,c1ccc2c(Nc3c[nH]cn3)ncnc2c1,6,False,False,True,selfies_token_mutation
CAND_7199fc7e1a,selfies,JAK2_7199fc7e1a,C[C@H](Nc1nc(Nc2cn(C)cn2)c2ccccc2n1)c1ncc(F)cn1,ICKCIQUITBJRKI-NSHDSACASA-N,True,True,False,364.388,3.2091,93.44,2,7,5,0.5615,2.955,c1cnc(CNc2nc(Nc3c[nH]cn3)c3ccccc3n2)nc1,6,False,False,True,selfies_token_mutation
CAND_68b80f53f9,selfies,JAK2_7199fc7e1a,C[C@H]1C=C(F)C=NC(=N)C=CC=C=C(Nc2cn(C)cn2)CN1,REMYHBKMAUOXED-GFKGLTBGSA-N,True,True,True,314.368,2.3204,78.09,3,4,2,0.7331,3.2,N=C1C=CC=C=C(Nc2c[nH]cn2)CNCC=CC=N1,13,True,False,True,selfies_token_mutation
CAND_70fb0e2fcc,selfies,JAK2_7199fc7e1a,C[C@@H](Pc1ncc(F)cn1)SNC=NC(=CC=CF)Nc1cn(C)cn1,MBKIGUGHIMBIEB-NSHDSACASA-N,True,True,True,397.395,2.7018,80.02,2,6,9,0.2227,3.388,C=C(N=CNSCPc1ncccn1)Nc1c[nH]cn1,6,False,False,True,selfies_token_mutation
CAND_9ab0d59bef,selfies,JAK2_7199fc7e1a,CNC1=CN(C)C=NC2C=CC=CC2=NC(N[C@@H](C)NC=C(F)C=N)=N1,KDYQORBXTPKNNT-NBFOIZRFSA-N,True,True,True,358.425,1.2557,100.26,4,8,5,0.439,3.172,C1=CC2=NC=NC=CNC=NC2C=C1,10,False,True,True,selfies_token_mutation
CAND_17430c7cb5,selfies,JAK2_7199fc7e1a,C[C@H](NC=NC(N)c1cn(C)cn1)NC=C(F)C=N,ODXVZACMDUENPT-YMNIQAILSA-N,True,True,True,267.312,0.3914,104.11,4,5,7,0.3257,2.625,c1c[nH]cn1,5,False,False,True,selfies_token_mutation
CAND_2f4037447d,selfies,JAK2_7199fc7e1a,C[C@@H](N=C(F)C=N)N1C=NC2C=CC=CC(=N1)N=CN(C)C=CN2,VNGVKBPDPYPTQF-NBFOIZRFSA-N,True,True,True,330.371,1.4804,91.8,2,8,3,0.7679,3.825,C1=CC2=NNC=NC(C=C1)NC=CNC=N2,12,True,False,True,selfies_token_mutation
CAND_bc3e8d85e5,selfies,JAK2_7199fc7e1a,Cn1cnc(Nc2nc(NCC=NC=C(F)C=NO)nc3ccccc23)c1,SZNMPUTZXPJKIW-UHFFFAOYSA-N,True,True,True,368.376,2.8605,112.61,3,8,7,0.3358,2.727,c1ccc2c(Nc3c[nH]cn3)ncnc2c1,6,False,False,True,selfies_token_mutation
CAND_f3272e201f,selfies,JAK2_7199fc7e1a,C[C@H](N1C=NC2C=C[SH]=CC(=N1)C=C1N(C)C=CN12)N1C=C(F)CON1,RZGFTXBUAXQORV-SFVWDYPZSA-N,True,True,True,377.449,1.2761,58.94,2,8,2,0.5585,3.402,C1=CN(CN2C=NC3C=C[SH]=CC(=N2)C=C2NC=CN23)NOC1,9,False,True,True,selfies_token_mutation
CAND_24f43e8b23,selfies,JAK2_70cc9d691f,CC=CCC=NCSPN[C@@H](C)c1ncc(F)cn1,AVFIZSQTXBHEKT-JTQLQIEISA-N,True,True,True,300.343,3.5025,50.17,1,5,8,0.3454,2.75,c1cncnc1,6,False,False,True,selfies_token_mutation
CAND_0073faf44b,selfies,JAK2_70cc9d691f,CCOCCNC1(F)CC=CC(=NNN)NC=NC(N[C@@H](C)c2ncc(F)cn2)=N1,ZKINSJDVYZKQMS-WHUIICBVSA-N,True,True,True,424.46,0.2263,146.23,5,10,8,0.1725,3.914,N=C1C=CCCN=C(NCc2ncccn2)N=CN1,10,False,True,True,selfies_token_mutation
CAND_da414186c2,selfies,JAK2_70cc9d691f,C[C@H](NPN=CN=CNC1(N)C=CCN1)c1ncc(F)cn1,MXJXEJVABKBQGX-QHGLUPRGSA-N,True,True,True,324.304,0.1929,112.61,4,6,7,0.1873,3.125,C1=CC(NC=NC=NPNCc2ncccn2)NC1,6,False,False,True,selfies_token_mutation
CAND_3c6db01422,selfies,JAK2_70cc9d691f,C[C@@H](C=NC=CO)NPC(F)(C=N)N=CNC1(N)C=CCN1,VIWRZPUBGWFFIW-UNXYVOJBSA-N,True,True,True,329.32,0.3207,130.91,6,7,9,0.069,3.375,C1=CCNC1,5,False,False,True,selfies_token_mutation
CAND_d8a3d451fb,selfies,JAK2_70cc9d691f,C=C=CC(F)NC=NC(=NC(=C)NC1CCOSC1)N[C@@H](C)c1ncc(F)cn1,SUWNHJDVOBVDCT-JQRITLKVSA-N,True,True,True,423.493,2.3748,95.82,3,6,8,0.1942,3.658,C=C(N=CNCc1ncccn1)NC1CCOSC1,6,False,False,True,selfies_token_mutation
CAND_fb06788e64,selfies,JAK2_70cc9d691f,CCOCCNC1(F)CC=CC12NC=NC(=N)N[C@@H]2CC=NC=C(F)C=N,MZTKNEWLSJMSGA-ODIFPOPNSA-N,True,True,True,381.431,1.4228,117.74,5,6,9,0.1797,3.55,N=C1N=CNC2(C=CCC2)CN1,7,False,False,True,selfies_token_mutation
CAND_6368122721,selfies,JAK2_70cc9d691f,CCCOCCNC1CC=CC(F)NC=NC(N[C@@H](C)c2ncc(F)cn2)=N1,BOPUXOCPOHLLGX-JEYLPNPQSA-N,True,True,True,395.458,1.838,95.82,3,8,8,0.3532,4.003,C1=CCNC=NC(NCc2ncccn2)=NCC1,10,False,True,True,selfies_token_mutation
CAND_8b792c4961,selfies,JAK2_70cc9d691f,C=C(N=C(NN=NCNC(F)C=CC)N[C@@H](C)c1ncc(F)cn1)N1CCOCC1,BPDXRQNRPXVJEO-KNVGNIICSA-N,True,True,True,423.472,1.8013,111.42,3,8,9,0.1387,3.533,C=C(N=CNCc1ncccn1)N1CCOCC1,6,False,False,True,selfies_token_mutation
CAND_0c0456258a,selfies,JAK2_70cc9d691f,CC=CC(F)NC=Nc1nc(N2CCOCC2)cn1[SH](C)c1ncc(F)cn1,KPIOUAGTZXKYLB-UHFFFAOYSA-N,True,True,True,411.482,2.2231,80.46,2,6,7,0.1816,3.467,c1cnc(Sn2cnc(N3CCOCC3)c2)nc1,6,False,False,True,selfies_token_mutation
CAND_b6c52b7e8f,selfies,JAK2_70cc9d691f,C=C(N1CCOCC1)C1(N=CC)CC=CC(F)NC=N1,BOTNLZCDHRNDSS-UHFFFAOYSA-N,True,True,True,280.347,1.4927,49.22,1,5,3,0.484,2.875,C=C(C1CC=CCNC=N1)N1CCOCC1,8,False,True,True,selfies_token_mutation
CAND_b7cd6fabd1,selfies,JAK2_70cc9d691f,C=C(SN=CC(F)=CN=C[C@H](C)C1(F)N=CNC2C=CC1N2)N1CCOCC1,CAKSYRNUFPNOJH-ZKLFKFSVSA-N,True,True,True,410.494,2.178,73.61,2,8,7,0.2913,3.961,C=C(SN=CC=CN=CCC1N=CNC2C=CC1N2)N1CCOCC1,7,False,False,True,selfies_token_mutation
CAND_162c0fe032,selfies,JAK2_70cc9d691f,C[C@H](NC1=NC(N2CCOCC2)=C(N)C2C=CC(NC=N1)N2)C1=NC=C(F)CO1,ZJBZAPAUHUZASM-XGNXJENSSA-N,True,True,True,404.45,-0.4943,120.89,4,10,3,0.4684,3.928,C1=CN=C(CNC2=NC(N3CCOCC3)=CC3C=CC(NC=N2)N3)OC1,10,False,True,True,selfies_token_mutation
CAND_2c19e5586c,selfies,JAK2_5244fcd33d,[NH]C1C=COCC(N)(N[C@@H]2C=C=NC(F)C(=N)C2)C=NC=CN1,UGZSKOQZSZCQAJ-GOHLOCJQSA-N,True,True,True,320.352,-0.1709,131.68,4,7,2,0.4152,3.25,N=C1CN=C=C[C@@H](NC2C=NC=CNCC=COC2)C1,11,False,True,True,selfies_token_mutation
CAND_f8adc6545f,selfies,JAK2_5244fcd33d,COC=C1NN=C1NC=C1N=CC(N[C@@H](C)C=CC=C(F)C=NO)=N1,ACCAVBCMBIICJW-JTQLQIEISA-N,True,True,True,347.354,1.11,114.99,4,9,6,0.1889,2.5,C=C1NN=C1NC=C1N=CC=N1,5,False,False,True,selfies_token_mutation
CAND_2db1089bf3,selfies,JAK2_5244fcd33d,C[C@@H](C=CC=CCF)NC1=NC=CNC2C=COC12,SGKOFKFEQBAPHE-HIFPTAJRSA-N,True,True,True,263.316,1.8004,45.65,2,4,4,0.7603,2.75,C1=CNC2C=COC2C=N1,7,False,False,True,selfies_token_mutation
CAND_c91af2ea0f,selfies,JAK2_5244fcd33d,C[C@@H](C=CC=C(N)F)NC1C=NC=CNCNCOC1,RHKCYKGFCNTJTP-PXYINDEMSA-N,True,True,True,283.351,0.3253,83.7,4,6,4,0.4412,2.75,C1=CNCNCOCCC=N1,11,False,True,True,selfies_token_mutation
CAND_dc21a02f9c,selfies,JAK2_5244fcd33d,COC=C1NN=[SH]C1NC=CN=CC(PN)[C@@H](C)c1ccc(F)cn1,SVXPSRLBGDXIEN-ISAOAKOHSA-N,True,True,True,384.421,1.7072,96.92,4,7,8,0.2368,3.691,C=C1NN=[SH]C1NC=CN=CCCc1ccccn1,6,False,False,True,selfies_token_mutation
CAND_41947b31ce,selfies,JAK2_5244fcd33d,C[C@H](Nc1cncc(NC2=NNCOC2)n1)c1ccc(F)cn1,IIRFSKJSZIXLER-VIFPVBQESA-N,True,True,True,317.328,1.4865,96.35,3,8,4,0.7858,2.5,c1ccc(CNc2cncc(NC3=NNCOC3)n2)nc1,6,False,False,True,selfies_token_mutation
CAND_3446b9d795,selfies,JAK2_5244fcd33d,COC=C1NN=C1NC=C1N=CC(N[C@@H](C)c2ccc(F)cn2)=NN1,ADFWFPLPBHRSKY-VIFPVBQESA-N,True,True,True,344.354,0.6518,107.32,4,9,4,0.5977,2.5,C=C1NN=C1NC=C1N=CC(NCc2ccccn2)=NN1,6,False,False,True,selfies_token_mutation
CAND_60a0dfb8c0,selfies,JAK2_5244fcd33d,COC=CCNC=CN=C=CN[C@@H](C)C=CC=CCl,JAXBRCZPYBZDQD-AWEZNQCLSA-N,True,True,True,281.787,2.6775,45.65,2,4,9,0.2956,2.375,,0,False,False,True,selfies_token_mutation
CAND_d37a986a12,selfies,JAK2_5244fcd33d,C[C@H]1C=CC=C(F)CONC2=NC=CNc3cc([nH]n3)OCC2O1,VSQKNFZFCGLICY-NUHJPDEHSA-N,True,True,True,335.339,1.8018,92.79,3,7,0,0.6695,2.75,C1=CCONC2=NC=CNc3cc([nH]n3)OCC2OCC=C1,11,False,True,True,selfies_token_mutation
CAND_5244fcd33d,selfies,JAK2_5244fcd33d,COc1cc(Nc2cncc(N[C@@H](C)c3ccc(F)cn3)n2)n[nH]1,DHOIHSCVDFPCPW-VIFPVBQESA-N,True,True,False,329.339,2.6591,100.64,3,7,6,0.6389,2.75,c1ccc(CNc2cncc(Nc3cc[nH]n3)n2)nc1,6,False,False,True,selfies_token_mutation
CAND_d75163f3b7,selfies,JAK2_5244fcd33d,COC=CC1=NC(=CN=CCN[C@@H](C)c2ccc(F)cn2)NN1,UNRKVAPOHYGRJW-NSHDSACASA-N,True,True,True,318.356,1.4074,82.93,3,7,7,0.5229,2.625,C(CNCc1ccccn1)=NC=C1N=CNN1,6,False,False,True,selfies_token_mutation
CAND_7e1d55f6c1,selfies,JAK2_4138d82a33,C[C@@H](C=NC=C(F)F)NC1=NN(C2=NNCC=C2)C=CN=C1C#N,XFGJQNJTZUGPCM-JTQLQIEISA-N,True,True,True,332.318,1.311,100.53,2,8,3,0.761,2.125,C1=CC(N2C=CN=CC=N2)=NNC1,7,False,False,True,selfies_token_mutation
CAND_42d4a3095c,selfies,JAK2_4138d82a33,CN(C=NCF)C1=NC2=CC(C=NNC2)NC=CN=C1C#N,DCKROVTVCDETRH-UHFFFAOYSA-N,True,True,True,302.317,0.1525,100.53,2,7,2,0.4306,2.5,C1=CNC2C=NNCC(=C2)N=CC=N1,10,False,True,True,selfies_token_mutation
CAND_9291042ef0,selfies,JAK2_4138d82a33,N#CC(CNCCc1ncc(F)cn1)=NC=CNC1=NNCC=C1,BYQQFRNUOOFNCD-UHFFFAOYSA-N,True,True,True,328.355,0.2461,110.38,3,8,7,0.4886,2.375,C1=CC(NC=CN=CCNCCc2ncccn2)=NNC1,6,False,False,True,selfies_token_mutation
CAND_ffe7ba327d,selfies,JAK2_4138d82a33,Cc1cc(NC2CN=C(C#N)C(N[C@@H](C)c3ncc(F)cn3)=N2)n[nH]1,NJFRESTUXWYMOH-LLTODGECSA-N,True,True,True,341.354,1.1127,127.03,3,8,4,0.7644,2.75,C1=NCC(Nc2cc[nH]n2)N=C1NCc1ncccn1,6,False,False,True,selfies_token_mutation
CAND_2dbe48cdc0,selfies,JAK2_4138d82a33,C[C@H](Nc1nc(Nc2c[nH][nH]2)cnc1C#N)c1ncc(F)cn1,RGSNIMBOOSKQBV-ZETCQYMHSA-N,True,True,True,313.3,1.8503,130.99,4,7,5,0.5649,2.625,c1cnc(CNc2cncc(Nc3c[nH][nH]3)n2)nc1,6,False,False,True,selfies_token_mutation
CAND_c718b5f9e6,selfies,JAK2_4138d82a33,C[C@@H](C=NC=CF)NC(=N)C(C#N)=NC=CNC1=NNCC=C1,JRGBWAGAKCKMGJ-NSHDSACASA-N,True,True,True,316.344,0.9515,120.81,4,7,6,0.4304,2.25,C1=CCNN=C1,6,False,False,True,selfies_token_mutation
CAND_dd8507868a,selfies,JAK2_4138d82a33,C[C@@H](C=NC=C(F)NC=N)NC1=Cc2cc(n[nH]2)NC=CN=C1C#N,ZEWWLCDISAXLHL-JTQLQIEISA-N,True,True,True,341.354,1.6258,137.13,5,7,6,0.3041,3.0,C1=Cc2cc(n[nH]2)NC=CN=C1,10,False,True,True,selfies_token_mutation
CAND_e0f489d9fc,selfies,JAK2_4138d82a33,C[C@H](NC1=NN(C2C=CCN2)C=CN=C1N)c1ncc(F)cn1,NHIRVSPSJJNXCZ-FTNKSUMCSA-N,True,True,True,316.344,0.2093,103.82,3,8,3,0.6888,2.625,C1=CC(N2C=CN=CC(NCc3ncccn3)=N2)NC1,7,False,False,True,selfies_token_mutation
CAND_88fdcd39e2,selfies,JAK2_4138d82a33,CC=CCNC1=CN=C(C#N)CN[C@@H](C)C=NN=C(F)N=NN1,ZKFJLUIFRNAZGA-JTQLQIEISA-N,True,True,True,319.348,1.1754,121.68,3,9,3,0.5337,3.075,C1=CNN=NC=NN=CCNCC=N1,14,True,False,True,selfies_token_mutation
CAND_1f3364860f,selfies,JAK2_4138d82a33,CC=C1NN=CC1NC=CN=C(C#N)C1C=NC(=NC=CF)C[C@H](N)N1,BHOWEFSDHVEBNK-YMAMQOFZSA-N,True,True,True,357.397,0.4299,135.34,4,8,5,0.5292,2.916,C=C1NN=CC1NC=CN=CC1C=NC(=N)CCN1,7,False,False,True,selfies_token_mutation
CAND_aaba334886,selfies,JAK2_4138d82a33,CC=C1NN=C1NCc1cnc(C#N)c(N[C@@H](C)c2ncc(F)cn2)n1,LGYXUAFYNMCVBD-VIFPVBQESA-N,True,True,True,353.365,1.3606,123.8,3,9,5,0.736,2.644,C=C1NN=C1NCc1cncc(NCc2ncccn2)n1,6,False,False,True,selfies_token_mutation
CAND_15f88575c3,selfies,JAK2_1da373e9c1,C=CC(F)=CC=C[C@H](C)Nc1nc(Nc2cc(C3CC3)[nH]n2)c(F)cc1C#N,PMRRRHYOOWGUED-LBPRGKRZSA-N,True,True,True,382.418,4.8325,89.42,3,5,8,0.569,3.18,c1ccc(Nc2cc(C3CC3)[nH]n2)nc1,6,False,False,True,selfies_token_mutation
CAND_340f67accd,selfies,JAK2_1da373e9c1,CC(F)=CC[C@H](C)NC=NC(F)(C=CC#N)N1CC=C(CC[NH])N1,WMUBPCZHNHGLGH-LBAUFKAWSA-N,True,True,True,337.398,2.3364,87.25,2,4,9,0.2925,2.875,C1=CNNC1,5,False,False,True,selfies_token_mutation
CAND_e1cd692edb,selfies,JAK2_1da373e9c1,C=CC=NC(NCc1[nH][nH]c1CC1CC1)=C(F)C=C,OXNSZFRRIQCLGT-UHFFFAOYSA-N,True,True,True,262.332,2.9663,55.97,3,2,8,0.4894,2.5,c1[nH][nH]c1CC1CC1,4,False,False,True,selfies_token_mutation
CAND_4002c60704,selfies,JAK2_1da373e9c1,C[C@H](Nc1nc(NCC=C(NN)C2CC2)c(F)cc1C#N)c1ccc(F)cc1,PDDMVSWBDIYCSK-LBPRGKRZSA-N,True,True,True,384.434,3.5737,98.79,4,6,8,0.4102,3.191,C(=CC1CC1)CNc1cccc(NCc2ccccc2)n1,6,False,False,True,selfies_token_mutation
CAND_fdd92711d3,selfies,JAK2_1da373e9c1,C[C@H](Nc1nc(NC2=NNC(C3CC3)O2)c(F)cc1C#N)c1ccc(F)cc1,DEDPQNJBQLBYAM-APDXDRDNSA-N,True,True,True,384.39,3.4434,94.36,3,7,5,0.7311,3.316,c1ccc(CNc2cccc(NC3=NNC(C4CC4)O3)n2)cc1,6,False,False,True,selfies_token_mutation
CAND_b3e3a94fbc,selfies,JAK2_1da373e9c1,C=CC(F)C[C@H](C)NC=NC(F)(C=CC#N)N1CC=C(CC[NH])N1,TXCOKGOZVYNDHN-HLIUYOAVSA-N,True,True,True,337.398,1.9872,87.25,2,4,10,0.2098,3.25,C1=CNNC1,5,False,False,True,selfies_token_mutation
CAND_7acf476f88,selfies,JAK2_1da373e9c1,C[C@@H](C=CC=C(N)F)Nc1nc(Nc2cc(C3CC3)[nH]n2)c(F)cc1C#N,YLNRSJTWXAGDET-JTQLQIEISA-N,True,True,True,371.395,3.5627,115.44,4,6,7,0.4368,2.994,c1ccc(Nc2cc(C3CC3)[nH]n2)nc1,6,False,False,True,selfies_token_mutation
CAND_600735075d,selfies,JAK2_1da373e9c1,C[C@H](NC=NC(F)N1C=C(C2CC2)NN1)c1ccc(F)cc1,PKNUYJLSHMZFMU-MYHCZTBNSA-N,True,True,True,307.348,2.3339,51.69,3,4,6,0.4289,3.0,C(=NCN1C=C(C2CC2)NN1)NCc1ccccc1,6,False,False,True,selfies_token_mutation
CAND_4c68b8f698,selfies,JAK2_1da373e9c1,Cc1cc(F)c(Nc2cc(C3CC3)[nH]n2)nc1N[C@@H](C)N=Nc1ccc(F)cc1,RFIBZAPJPHLGJY-GFCCVEGCSA-N,True,True,True,397.433,5.5541,90.35,3,6,7,0.4557,3.666,c1ccc(N=NCNc2cccc(Nc3cc(C4CC4)[nH]n3)n2)cc1,6,False,False,True,selfies_token_mutation
CAND_32fa684514,selfies,JAK2_e70670bc05,COC1=CC2(NC=NC=CC=CC3C=CC=C=NC(=O)N4CCOCC4C3F)C=COC12,LGZJXQMSNWGFDX-UHFFFAOYSA-N,True,True,True,440.475,2.4402,84.75,1,5,6,0.3897,4.753,O=C1N=C=CC=CC(C=CC=CN=CNC23C=COC2C=C3)CC2COCCN12,10,False,True,True,selfies_token_mutation
CAND_40812897c8,selfies,JAK2_e70670bc05,C=C(F)C(=CC=Cc1cccc2nc(Nc3cc(OC)c(OC)c(OC)c3)oc12)C(=O)N1CCOCC1,MDDQCDKOAIWQSI-UHFFFAOYSA-N,True,True,True,509.534,4.8788,95.29,1,8,9,0.3223,4.011,O=C(C=CC=Cc1cccc2nc(Nc3ccccc3)oc12)N1CCOCC1,6,False,False,True,selfies_token_mutation
CAND_d3e24b95d8,selfies,JAK2_e70670bc05,COC=C(C=C1C=COC23OC2=C=C3C=CC=CCN1)OC,LYZWOFGRAAGNJN-UHFFFAOYSA-N,True,True,True,299.326,2.3997,52.25,1,5,3,0.4925,3.575,C=C1C=COC23OC2=C=C3C=CC=CCN1,12,True,False,True,selfies_token_mutation
CAND_f1ee3b0bb5,selfies,JAK2_e70670bc05,COC=CC(=CC(=COC)OC)NC=Nc1cc2c(o1)=C=C(C=CC=C(COCF)C(=O)N1CCOCC1)C=2,GTKYYOLECBSWPA-UHFFFAOYSA-N,True,True,True,541.576,2.0921,103.99,1,8,14,0.1256,4.314,O=C(C=CC=CC1=C=c2occc2=C1)N1CCOCC1,6,False,False,True,selfies_token_mutation
CAND_6f83a148cd,selfies,JAK2_e70670bc05,COC1=C(OC)C2OC=CC1N1C=NC=CC=CC2(C=CC=C(CCF)C(=O)N2CCOCC2)O1,AJXRXXSEAGJDLG-UHFFFAOYSA-N,True,True,True,487.528,2.5707,82.06,0,8,7,0.4033,4.889,O=C(C=CC=CC12C=CC=CN=CN(O1)C1C=COC2C=C1)N1CCOCC1,9,False,True,True,selfies_token_mutation
CAND_a7059da06c,selfies,JAK2_e70670bc05,COC=CC1=CC(C=COC)C2CN(CCO2)C(=O)c2ccc(cc2F)-c2cccc3nc(oc23)N1,NLKDYPSYHPLRLG-UHFFFAOYSA-N,True,True,True,491.519,4.7207,86.06,1,7,4,0.5287,5.186,O=C1c2ccc(cc2)-c2cccc3nc(oc23)NC=CCC2CN1CCO2,16,True,False,True,selfies_token_mutation
CAND_60ae0a4c33,selfies,JAK2_e70670bc05,COC=Cc1nc2cccc(-c3ccc(C(=O)N4CCOCC4)c(F)c3)c2o1,ZYUIEWBDAPCRJC-UHFFFAOYSA-N,True,True,True,382.391,3.7234,64.8,0,5,4,0.6437,2.68,O=C(c1ccc(-c2cccc3ncoc23)cc1)N1CCOCC1,6,False,False,True,selfies_token_mutation
CAND_0d7946aa89,selfies,JAK2_e70670bc05,COC1=C(OC)C(N2C=NC=C=CC(c3ccc(C(=O)N4CCOCC4)c(F)c3)=CO2)C=COC1,UTIBILWHNIAJBX-UHFFFAOYSA-N,True,True,True,483.496,3.0002,82.06,0,8,5,0.5958,4.117,O=C(c1ccc(C2=CON(C3C=CCOC=C3)C=NC=C=C2)cc1)N1CCOCC1,9,False,True,True,selfies_token_mutation
CAND_691c4b6589,selfies,JAK2_e70670bc05,COC1=CC(N2C=C=NC=CC=C3C=C(F)C(C(=O)NCCCl)=CC=CC3=CO2)N=CC(OC)=C1OC,PHSCFIUGKZEFJS-UHFFFAOYSA-N,True,True,True,528.968,3.8908,93.98,1,8,7,0.5039,4.369,C1=CN(C2C=CC=CC=N2)OC=C2C=CC=CC=CC2=CC=CN=1,11,False,True,True,selfies_token_mutation
CAND_f720fc2afb,selfies,JAK2_e70670bc05,COC=CC(=CC(=CO)OC)Nc1nc2cccc(-c3ccc(C(=O)N4CCOCC4)c(F)c3)c2o1,QLXRKJXDZSJRPY-UHFFFAOYSA-N,True,True,True,495.507,4.608,106.29,2,8,8,0.3448,3.808,O=C(c1ccc(-c2cccc3ncoc23)cc1)N1CCOCC1,6,False,False,True,selfies_token_mutation
CAND_e8624bb741,selfies,JAK2_e70670bc05,COC=C1CN(Nc2nc3cccc(-c4ccc(C(=O)N5CCOCC5)c(F)c4)c3o2)CC(OC)=C1OC,BDPPFXSLFWWPKF-UHFFFAOYSA-N,True,True,True,524.549,3.7835,98.53,1,9,7,0.4632,4.045,C=C1C=CCN(Nc2nc3cccc(-c4ccc(C(=O)N5CCOCC5)cc4)c3o2)C1,6,False,False,True,selfies_token_mutation
CAND_c87c76ebb8,selfies,JAK2_e70670bc05,COC1=C(OC)COC=c2oc3c(C=CC#CC(=O)N4CCOCC4)ccccncn3c2=C1,TUYXVESCVFHKIQ-UHFFFAOYSA-N,True,True,True,463.49,0.9802,87.67,0,7,3,0.6274,3.506,O=C(C#CC=Cc1ccccncn2c3c(oc12)=COCC=CC=3)N1CCOCC1,9,False,True,True,selfies_token_mutation
CAND_26cec9bab7,selfies,JAK2_fc1e2398b3,CC=CCNC=NCS(=NC=CF)N[C@@H](C)c1ncc(F)cn1,UQBJJVHIKGLGSH-AKYMPMEGSA-N,True,True,True,342.419,2.5754,74.56,2,4,9,0.313,2.875,c1cncnc1,6,False,False,True,selfies_token_mutation
CAND_fb45b8d947,selfies,JAK2_fc1e2398b3,CC1=CC(c2nc(N[C@@H](C)c3ncc(F)cn3)ncc2F)C=NN1,PHXDTJPFQBOOHN-RGURZIINSA-N,True,True,True,331.33,2.2943,87.98,2,7,4,0.8936,2.75,C1=CC(c2ccnc(NCc3ncccn3)n2)C=NN1,6,False,False,True,selfies_token_mutation
CAND_eca68f38c7,selfies,JAK2_fc1e2398b3,CC=CC(F)CNc1ccnc(N[C@@H](C)c2ncc(F)cn2)n1,PFKBAYSBOYVEMP-VUWPPUDQSA-N,True,True,True,320.347,2.9049,75.62,2,6,7,0.7641,2.875,c1cnc(CNc2ncccn2)nc1,6,False,False,True,selfies_token_mutation
CAND_204ef23455,selfies,JAK2_fc1e2398b3,C[C@H](NC1=NC(F)N(C2C=CCN2)C=N1)c1ncc(F)cn1,VIULWSSMCSQEEB-JNHNWMDNSA-N,True,True,True,307.308,0.7048,77.8,2,7,3,0.6349,2.875,C1=CC(N2C=NC(NCc3ncccn3)=NC2)NC1,6,False,False,True,selfies_token_mutation
CAND_641d4d5ab5,selfies,JAK2_fc1e2398b3,CC=CC([NH])N1C=NC(N[C@@H]2C=NC=C(F)N(N)C2)C=C1F,CSSJAWBVXNRVSI-UHEGKEBESA-N,True,True,True,310.332,0.6391,93.05,2,6,4,0.4526,2.75,C1=CNC[C@H](NC2C=CNC=N2)C=N1,7,False,False,True,selfies_token_mutation
CAND_01be9aeb28,selfies,JAK2_fc1e2398b3,C[C@@H](C=NNC=CCF)NC1C=C(F)N(C2C=CCN2)C=N1,JRMVQHWXMMYBLR-XGNXJENSSA-N,True,True,True,310.352,0.9895,64.05,3,6,7,0.2839,3.125,C1=CN(C2C=CCN2)C=NC1,6,False,False,True,selfies_token_mutation
CAND_95df6b2f21,selfies,JAK2_fc1e2398b3,C[C@@H]1NC(NONC2=NNCC=C2)C=NC1=NC=CF,RIUXNRPGLVYAIX-PEHGTWAWSA-N,True,True,True,281.295,-0.2871,94.43,4,7,4,0.5314,2.5,N=C1CNC(NONC2=NNCC=C2)C=N1,6,False,False,True,selfies_token_mutation
CAND_ed614aadbe,selfies,JAK2_fc1e2398b3,Cc1cc(NC2=NC(N[C@@H](C)c3ncc(F)cn3)=NOC2F)n[nH]1,KCNJQXJCYBZQDB-BYDSUWOYSA-N,True,True,True,336.306,1.4052,112.47,3,8,3,0.781,2.625,c1cnc(CNC2=NOCC(Nc3cc[nH]n3)=N2)nc1,6,False,False,True,selfies_token_mutation
CAND_aa7ac5e74d,selfies,JAK2_fc1e2398b3,C[C@H]1C=NC=C(F)C=NCC=C(F)N2CC=CCC2CN1,NGIGRYVAQBZZHX-NBFOIZRFSA-N,True,True,True,294.349,2.372,39.99,1,4,0,0.5502,3.2,C1=CN=CCNCC2CC=CCN2C=CCN=C1,14,True,False,True,selfies_token_mutation
CAND_6450211e06,selfies,JAK2_fc1e2398b3,Cc1cc(Oc2nc(N[C@@H](C)C=NC=C(F)C=N)ncc2F)n[nH]1,YDNDBEKQZSZJRZ-VIFPVBQESA-N,True,True,True,335.318,2.7712,111.93,3,7,7,0.6736,2.625,c1cc(Oc2cc[nH]n2)ncn1,6,False,False,True,selfies_token_mutation
CAND_2ea94fd710,selfies,JAK2_fc1e2398b3,C[C@H]1C=NC=C(F)C=NC(NC2=NNCC=C2)=NC1N,UCUVZWWQQOYOPF-YMNIQAILSA-N,True,True,True,277.307,0.2919,99.52,3,7,0,0.5931,2.5,C1=CN=CCCN=C(NC2=NNCC=C2)N=C1,10,False,True,True,selfies_token_mutation
CAND_11b5b62fd7,selfies,JAK2_48e15ba2e4,C[C@H](NC1=NC(Cl)N(C2C=COCN2)C=N1)c1ncc(F)cn1,RIACQVYJNSTSRL-JNHNWMDNSA-N,True,True,True,339.762,0.9057,87.03,2,8,3,0.6284,2.875,C1=CC(N2C=NC(NCc3ncccn3)=NC2)NCO1,6,False,False,True,selfies_token_mutation
CAND_ef0d4fc82e,selfies,JAK2_48e15ba2e4,COC=CC(Cl)Nc1nc(N[C@@H](C)c2ncc(F)cn2)ncc1Cl,ZWXRLUANPYEHAF-YMNIQAILSA-N,True,True,True,373.219,3.3691,84.85,2,7,7,0.4373,3.004,c1cnc(CNc2ncccn2)nc1,6,False,False,True,selfies_token_mutation
CAND_0ab90d7f8e,selfies,JAK2_48e15ba2e4,CN=C1C[C@H](NCN=C2NNC(C=COC)=NC=C2Cl)C(F)C=N1,DQDTZSDYMDRWGP-DTIOYNMSSA-N,True,True,True,355.805,0.8881,94.76,3,6,5,0.6382,2.657,N=C1C[C@H](NCN=C2C=CN=CNN2)CC=N1,7,False,False,True,selfies_token_mutation
CAND_b32d042adf,selfies,JAK2_48e15ba2e4,C=CN=C(N=CNC(Cl)C=COC)N[C@@H](S)C=NC=C(F)CC=N,PVSQISFAOOISDT-ABLWVSNPSA-N,True,True,True,374.873,2.5957,94.22,4,5,10,0.09,2.888,,0,False,False,True,selfies_token_mutation
CAND_5f960f62ca,selfies,JAK2_48e15ba2e4,COc1cc(Nc2nc([C@@H](C)C=NC=C(F)C=NS)ncc2Cl)n[nH]1,IYZUBRSLGONQAE-QMMMGPOBSA-N,True,True,True,383.84,3.5061,100.44,3,8,7,0.5015,2.813,c1cc(Nc2cc[nH]n2)ncn1,6,False,False,True,selfies_token_mutation
CAND_e064a5a06c,selfies,JAK2_48e15ba2e4,FC1C=N[C@H](NC2=C(Cl)C3=CC(CO3)NC=N2)C=N1,OTTAAVMWHQJOOQ-KPIFQKDSSA-N,True,True,True,283.694,0.675,70.37,2,6,2,0.7322,3.25,C1=NCC=N[C@@H]1NC1=CC2=CC(CO2)NC=N1,8,False,True,True,selfies_token_mutation
CAND_c0c8c3185e,selfies,JAK2_48e15ba2e4,COC=CC(=N[NH])N1C=NNC(N[C@@H](C)C=NC=CCF)C=C1Cl,VTBOSVCUFHSYNX-AMGKYWFPSA-N,True,True,True,356.813,1.5298,97.41,2,6,7,0.2375,2.663,C1=CNC=NNC1,7,False,False,True,selfies_token_mutation
CAND_ca33735473,selfies,JAK2_48e15ba2e4,C[C@H](Nc1ncc(Cl)c(Nc2ccoc2)n1)c1ncc(F)cn1,RAKZAQBMHYFRGY-QMMMGPOBSA-N,True,True,True,334.742,3.5688,88.76,2,7,5,0.7369,2.625,c1cnc(CNc2nccc(Nc3ccoc3)n2)nc1,6,False,False,True,selfies_token_mutation
CAND_76e8c87089,selfies,JAK2_48e15ba2e4,C[C@H](NPOCN=CNC1=NNCOC=C1)c1ncc(F)cn1,HZAJOQNLHXQPTE-VIFPVBQESA-N,True,True,True,341.287,0.7713,105.05,3,8,7,0.2911,2.875,C1=CC(NC=NCOPNCc2ncccn2)=NNCO1,7,False,False,True,selfies_token_mutation
CAND_a1c02e0c6c,selfies,JAK2_48e15ba2e4,COC=CCNNC=NC(=NC=CCSCl)N[C@@H](S)Cc1ncc(F)cn1,QUCDLIVOMDCMSJ-AWEZNQCLSA-N,True,True,True,433.966,2.043,95.82,4,7,11,0.0806,3.341,c1cncnc1,6,False,False,True,selfies_token_mutation
CAND_d71ef382a6,selfies,JAK2_9130ed79cb,C=CC(C#N)=C(N=CNC(Cl)C=CC)N[C@@H](C)Cc1ccc(F)cn1,WZXFPFSUGFGKOD-CWQZNGJJSA-N,True,True,True,361.852,3.4214,73.1,2,4,9,0.1344,2.941,c1ccncc1,6,False,False,True,selfies_token_mutation
CAND_e4770a78c8,selfies,JAK2_9130ed79cb,Cc1cc(NC2=NC(N[C@@H](C)c3ccc(F)cn3)=C(C#N)C[SH]2Cl)n[nH]1,VXAIBDITHLSWFT-JTQLQIEISA-N,True,True,True,393.879,3.2747,101.78,4,6,4,0.5969,2.994,C1=C(NCc2ccccn2)N=C(Nc2cc[nH]n2)SC1,6,False,False,True,selfies_token_mutation
CAND_6eabd34649,selfies,JAK2_9130ed79cb,CNC1=C(N[C@@H](C)c2ccc(F)cn2)N=CN(C2C=CCN2)C1Cl,XTUTUIFVERBKHM-KKJMOOEGSA-N,True,True,True,350.829,1.6541,64.58,3,6,5,0.428,3.13,C1=CC(N2C=NC(NCc3ccccn3)=CC2)NC1,6,False,False,True,selfies_token_mutation
CAND_5d2bd990d5,selfies,JAK2_9130ed79cb,C[C@H](Nc1nc(NC2C=CCN2)c(N)cc1C#N)c1ccc(F)cn1,NMMTVEPGIFMQBK-MYHCZTBNSA-N,True,True,True,339.378,2.1401,111.68,4,7,5,0.6175,2.875,C1=CC(Nc2cccc(NCc3ccccn3)n2)NC1,6,False,False,True,selfies_token_mutation
CAND_bc4b5c5fce,selfies,JAK2_9130ed79cb,C[C@H](Nc1nc(NC2=NNCC2)c(Cl)cc1C#N)c1ccc(F)cn1,RINYBKUTWMILRR-VIFPVBQESA-N,True,True,True,359.796,3.0326,98.02,3,7,4,0.7758,2.554,c1ccc(CNc2cccc(NC3=NNCC3)n2)nc1,6,False,False,True,selfies_token_mutation
CAND_050893e6f5,selfies,JAK2_9130ed79cb,C[C@@H](CC=CF)NN1C=C(Cl)C2C=CC(NC=N1)N2,XAZRAAABOJEDFU-GCVQQVDUSA-N,True,True,True,285.754,1.5356,51.69,3,5,4,0.686,3.25,C1=CC2C=CC(NC=NN1)N2,9,False,True,True,selfies_token_mutation
CAND_cebb7f9e37,selfies,JAK2_9130ed79cb,CC=CC1C=NC(N[C@@H](C)c2ccc(F)cn2)=CNC=C1Cl,JXQRMHGQHGMBRO-PXYINDEMSA-N,True,True,True,320.799,3.6167,49.31,2,4,4,0.8331,3.0,C1=CNC=C(NCc2ccccn2)N=CC1,8,False,True,True,selfies_token_mutation
CAND_10b3c1d278,selfies,JAK2_9130ed79cb,C=CC(C#N)=C(N=CSC(Cl)C=CC)N[C@@H](C)C=C1C=C(F)CC=N1,MGXAQYXFVSVXFF-CWQZNGJJSA-N,True,True,True,378.904,5.0,60.54,1,5,8,0.1613,2.911,C=C1C=CCC=N1,6,False,False,True,selfies_token_mutation
CAND_3cba8db4ea,selfies,JAK2_09edf70d78,CC1=CC(S(C)(=O)=O)C=CC12C=CNNN(C1=CC=CN3CCNCC3C1C)CN=C2,QVCHQYRMAIWGLP-UHFFFAOYSA-N,True,True,True,444.605,1.09,89.07,3,8,2,0.5496,4.276,C1=CN2CCNCC2CC(N2CN=CC3(C=CCC=C3)C=CNN2)=C1,9,False,True,True,selfies_token_mutation
CAND_e56a0cf06a,selfies,JAK2_09edf70d78,CC(=CC=CN1CCCNCC1)Nc1nc2c(-c3ccc(S(C)(=O)=O)cc3)cccn2n1,OEDPZOCDZXDSGW-UHFFFAOYSA-N,True,True,True,452.584,2.9245,91.63,2,7,6,0.5558,3.32,C(C=CN1CCCNCC1)=CNc1nc2c(-c3ccccc3)cccn2n1,7,False,False,True,selfies_token_mutation
CAND_ce9b9df567,selfies,JAK2_09edf70d78,CNCCN1C=CC=C(NCN=c2c(-c3ccc(S(C)(=O)=O)cc3)cccn2N)C1C,BFJJNDQGPCYOKA-UHFFFAOYSA-N,True,True,True,442.589,1.0413,104.75,3,7,8,0.5279,3.514,C1=CNCC(NCN=c2[nH]cccc2-c2ccccc2)=C1,6,False,False,True,selfies_token_mutation
CAND_025a2fd9ba,selfies,JAK2_09edf70d78,CNCCN(CCS)C1C=CC=C(NCN=c2c(-c3ccc(S(C)(=O)=O)cc3)cccn2N)C1,SSJNJWCOUSBLNK-UHFFFAOYSA-N,True,True,True,502.71,1.3838,104.75,4,8,11,0.2734,4.223,C1=CCCC(NCN=c2[nH]cccc2-c2ccccc2)=C1,6,False,False,True,selfies_token_mutation
CAND_7fc02dbb1a,selfies,JAK2_09edf70d78,CS(=O)(=O)c1ccc(-c2cccn3nc(Nc4ccc(N5CCCNCC5)cc4)nc23)cc1,FMPFOGQNZXLQTE-UHFFFAOYSA-N,True,True,True,462.579,3.3431,91.63,2,7,5,0.47,3.45,c1ccc(-c2cccn3nc(Nc4ccc(N5CCCNCC5)cc4)nc23)cc1,7,False,False,True,selfies_token_mutation
CAND_4de137ee9f,selfies,JAK2_09edf70d78,CS(=O)(=O)CC=CC1=C=CC=CN(N)C(NC2=CC=CN3C=NCNCC3C=C2)N=C1,SGISNVAPFYYKAT-UHFFFAOYSA-N,True,True,True,441.561,0.5427,115.42,3,9,5,0.4213,3.884,C1=CC=CNC(NC2=CC=CN3C=NCNCC3C=C2)N=CC=1,9,False,True,True,selfies_token_mutation
CAND_dd14291ae1,selfies,JAK2_09edf70d78,C=CC(=CC=CN1CCNC(F)CC1)NCN=CC1(C=CNCl)C=CC=C([SH](C)(C)=O)C1=C,YPPBWIXQVUDTND-UHFFFAOYSA-N,True,True,True,496.096,3.3085,68.76,4,6,10,0.123,4.062,C=C1C=CC=CC1C=NCNC=CC=CN1CCCNCC1,7,False,False,True,selfies_token_mutation
CAND_a9c4e73694,selfies,JAK2_09edf70d78,CCN(C=C1C=CC(N2CN=CC(c3ccc(S(C)(=O)=O)cc3)[SH]=CC=C2SN)=C1)CCNC,ZFWJMRBLNYPPCN-UHFFFAOYSA-N,True,True,True,519.762,3.07,91.03,3,8,9,0.2624,4.568,C=C1C=CC(N2C=CC=[SH]C(c3ccccc3)C=NC2)=C1,9,False,True,True,selfies_token_mutation
CAND_994bac60a4,selfies,JAK2_09edf70d78,CC1C(NCN=CC(C=CNCl)c2ccc(S(C)(=O)=O)cc2)=CC=CN2CCNCC12,FWENSNAVDCOUAZ-UHFFFAOYSA-N,True,True,True,464.035,2.3698,85.83,3,7,8,0.4051,4.134,C1=CN2CCNCC2CC(NCN=CCc2ccccc2)=C1,7,False,False,True,selfies_token_mutation
CAND_18bb08ac4b,selfies,JAK2_09edf70d78,CS(=O)(=O)c1ccc2c(c1)CC=CN1N=CNC3CCC(NC3)c3ccc(cc3)NCN=C1C2,GSVMEAQJDMYSMJ-UHFFFAOYSA-N,True,True,True,478.622,2.8121,98.19,3,8,1,0.5832,4.74,C1=CN2N=CNC3CCC(NC3)c3ccc(cc3)NCN=C2Cc2ccccc2C1,16,True,False,True,selfies_token_mutation
CAND_b54d252973,selfies,JAK2_c4e3138137,C[C@H](NC(N=NC1C=CC1)=NC(=CCl)N1CCOCC1)c1ncc(F)cn1,XCDAGWADSUCXNR-NBFOIZRFSA-N,True,True,True,393.854,2.7729,87.36,1,6,5,0.3595,3.119,C=C(N=C(N=NC1C=CC1)NCc1ncccn1)N1CCOCC1,6,False,False,True,selfies_token_mutation
CAND_7c2a2052b1,selfies,JAK2_c4e3138137,CC1=CCNC=NC(N[C@@H](C)N=C(F)C=N)(N2CCOCC2)C1Cl,IQGYHKDVYBNCFM-GRTSSRMGSA-N,True,True,True,358.849,1.1108,85.1,3,7,5,0.3903,3.424,C1=CCC(N2CCOCC2)N=CNC1,8,False,True,True,selfies_token_mutation
CAND_1f43397d9c,selfies,JAK2_c4e3138137,FC1=CN[C@@H](NC2N=CNC3(C=C=CON3)C(Cl)=C2N2CCOCC2)CN=C1,YAISGLIWEKYUDJ-IGEOTXOUSA-N,True,True,True,409.853,0.0271,94.54,4,9,3,0.4884,3.458,C1=CONC2(C=1)C=C(N1CCOCC1)C(N[C@H]1CN=CC=CN1)N=CN2,7,False,False,True,selfies_token_mutation
CAND_b5386c7a7b,selfies,JAK2_c4e3138137,C[C@H](Nc1nc(NC2C=CCN2)c(Cl)c(N2CCOCC2)n1)c1ncc(F)cn1,YXNLMXWHDZWRLL-AMGKYWFPSA-N,True,True,True,420.88,1.9662,100.12,3,9,6,0.6052,3.644,C1=CC(Nc2cc(N3CCOCC3)nc(NCc3ncccn3)n2)NC1,6,False,False,True,selfies_token_mutation
CAND_84c51d7190,selfies,JAK2_c4e3138137,C=C(N=C(N=CNCC(Cl)C=CC)N[CH]CCc1ncc(F)cn1)N1CCOCC1,LYNFWLXKBLTYFH-UHFFFAOYSA-N,True,True,True,436.943,2.2605,87.03,2,5,10,0.1922,3.483,C=C(N=CN[CH]CCc1ncccn1)N1CCOCC1,6,False,False,True,selfies_token_mutation
CAND_188f17cb1a,selfies,JAK2_c4e3138137,C[C@@H](C=NC=C(F)C#N)NC(Cl)N=CNC1=NCC=C1,OKHIANAACXSZCK-QHGLUPRGSA-N,True,True,True,296.737,1.4784,84.93,2,5,6,0.2559,2.5,C1=CCN=C1,5,False,False,True,selfies_token_mutation
CAND_6715a16915,selfies,JAK2_c4e3138137,C=C1OCCNC1(Cl)N=C(N=CNC1C=CCN1)N[C@@H](C)c1ncc(F)cn1,VRPYCTASUKAKJZ-HUZSNBGSSA-N,True,True,True,408.869,0.7518,107.85,4,6,5,0.1871,3.452,C=C1OCCNC1N=C(N=CNC1C=CCN1)NCc1ncccn1,6,False,False,True,selfies_token_mutation
CAND_8f434e6c5d,selfies,JAK2_c4e3138137,Fc1cnc(N2CC3COCNC(Cl)C2N=CNC2C=C3C2)nc1,PXAHIUOGCUANHB-UHFFFAOYSA-N,True,True,True,352.801,0.8368,74.67,2,7,1,0.443,3.841,C1=NC2CNCOCC(CN2c2ncccn2)C2=CC(C2)N1,10,False,True,True,selfies_token_mutation
CAND_a574433b49,selfies,JAK2_c4e3138137,Cc1cc(N=NC(=NC(=CCl)N2CCOCC2)N[C@@H](C)Nc2ncc(F)cn2)n[nH]1,CMKDHHPTEKNORO-LBPRGKRZSA-N,True,True,True,436.883,2.5045,128.07,3,8,6,0.2744,3.233,C=C(N=C(N=Nc1cc[nH]n1)NCNc1ncccn1)N1CCOCC1,6,False,False,True,selfies_token_mutation
CAND_aab8244ccc,selfies,JAK2_c4e3138137,C[C@H]1C(=NC=CF)N=CC1N=CNC1=NNCC=C1,JVZPDXLVUVYVOQ-YHMJZVADSA-N,True,True,True,262.292,1.0055,73.5,2,4,3,0.5881,2.375,N=C1CC(N=CNC2=NNCC=C2)C=N1,6,False,False,True,selfies_token_mutation
CAND_72b968e9b4,selfies,JAK2_c4e3138137,N=C1C[C@H](NC2N=CN(C3C=CC3)C(Cl)=C2N2CCOCC2)C=NC=C1F,QJQDFZSVUQVHPJ-ZVLZOBCMSA-N,True,True,True,392.866,1.9884,76.31,2,7,4,0.5664,3.488,N=C1C=CN=C[C@@H](NC2N=CN(C3C=CC3)C=C2N2CCOCC2)C1,7,False,False,True,selfies_token_mutation
CAND_19273d4a4c,selfies,JAK2_c4e3138137,CC=Cc1nc(N2CCOCC2)c(Cl)n1NCN[C@@H](C)c1ncc(F)cn1,HXYUEORQQJPMHU-LBPRGKRZSA-N,True,True,True,395.87,2.1871,80.13,2,7,7,0.6953,3.13,c1cnc(CNCNn2cnc(N3CCOCC3)c2)nc1,6,False,False,True,selfies_token_mutation
CAND_4abcd9989a,selfies,JAK2_41b9969ce1,CN1C[C@H](NC(F)(N=CNC2C=CC2)C2(N[NH])CCOCC2=N)C=NC=C1F,GKZTVMWEBLNBFM-NZJPAHGCSA-N,True,True,True,395.438,0.2653,120.93,4,7,7,0.1621,3.877,N=C1COCCC1C(N=CNC1C=CC1)N[C@@H]1C=NC=CNC1,7,False,False,True,selfies_token_mutation
CAND_585be77d82,selfies,JAK2_41b9969ce1,CCOCNC1=NN(C2=NNCC=C2)C=NC1(F)N[C@@H](C)C=NC=C(F)C=NC,JLZPLBADQGVUMV-CWQZNGJJSA-N,True,True,True,409.445,0.884,110.36,3,10,8,0.2386,3.33,C1=CC(N2C=NCC=N2)=NNC1,6,False,False,True,selfies_token_mutation
CAND_c709216eca,selfies,JAK2_41b9969ce1,C=C1C[C@H](NC2(C)N=CNC3(C=CC3)N=C3COCCN32)C=NC=C1F,KZTWHHQCMPDIAQ-NNGSBXSVSA-N,True,True,True,358.421,1.4783,73.61,2,7,2,0.7336,3.547,C=C1C=CN=C[C@@H](NC2N=CNC3(C=CC3)N=C3COCCN32)C1,8,False,True,True,selfies_token_mutation
CAND_c34d09df71,selfies,JAK2_41b9969ce1,Cc1cc(Nc2nc(N[C@@H](C)c3ncc(F)cn3)c(O)c(N3CCOCC3)n2)n[nH]1,HMOOTONSGHDMIZ-NSHDSACASA-N,True,True,True,415.433,1.8961,137.0,4,10,6,0.4722,3.364,c1cnc(CNc2cc(N3CCOCC3)nc(Nc3cc[nH]n3)n2)nc1,6,False,False,True,selfies_token_mutation
CAND_c4c12f5c5f,selfies,JAK2_41b9969ce1,C[C@H](NC1(F)N=CNC2C=CC(N=C1N1CCOCC1)N2)c1ncc(F)cn1,ZYEYLGCWHBCPCI-WZQMPWGVSA-N,True,True,True,392.414,0.0634,99.06,3,9,3,0.4943,4.111,C1=CC2NC=NC(NCc3ncccn3)C(N3CCOCC3)=NC1N2,9,False,True,True,selfies_token_mutation
CAND_cfb95e79d5,selfies,JAK2_41b9969ce1,C[C@H](NPN=CNC1=NNCC=C1)c1ncc(F)cn1,TWPRDZNBJMHWON-QMMMGPOBSA-N,True,True,True,295.262,0.8656,86.59,3,6,5,0.4261,2.625,C1=CC(NC=NPNCc2ncccn2)=NNC1,6,False,False,True,selfies_token_mutation
CAND_fa39cdab8c,selfies,JAK2_41b9969ce1,C[C@H](NC(N=CNN=NC12C=CC1NN2)=C(F)CF)c1ncc(F)cn1,GOHIFTZVRZHLFC-YZOYKTSDSA-N,True,True,True,367.339,1.102,110.98,4,8,8,0.1801,3.596,C=C(N=CNN=NC12C=CC1NN2)NCc1ncccn1,6,False,False,True,selfies_token_mutation
CAND_f5e9dbfa7d,selfies,JAK2_41b9969ce1,C[C@H](NC1=C(F)C(N2CCOCC2)=NN(C2C=CCN2)C1)c1ncc(F)cn1,YKFGHKVBDMOWSC-SFVWDYPZSA-N,True,True,True,391.426,0.8942,77.91,2,8,4,0.7385,3.23,C1=CC(N2CC(NCc3ncccn3)=CC(N3CCOCC3)=N2)NC1,6,False,False,True,selfies_token_mutation
CAND_850660dc76,selfies,JAK2_41b9969ce1,C[C@@H](CCl)NC1(CF)N=CNC2=NNC(C=C2)N1,PZQCHJGEHRQSTD-WFRXLMHJSA-N,True,True,True,274.731,-0.1533,72.84,4,6,4,0.5381,3.5,C1=CC2NCN=CNC1=NN2,9,False,True,True,selfies_token_mutation
CAND_31e93fc271,selfies,JAK2_41b9969ce1,CC(F)=C(N=CNC1C=CCN1)N[C@@H](C)c1ncc(F)cn1,XRGVLMGRAODYJA-NUHJPDEHSA-N,True,True,True,308.336,1.5282,74.23,3,5,6,0.4221,2.75,C=C(N=CNC1C=CCN1)NCc1ncccn1,6,False,False,True,selfies_token_mutation
CAND_2cdeff6ea6,selfies,JAK2_808899f7bc,C[C@@H](CCl)NC1=NC2=CN=C(NC=CC(N3CCN(C)CC3)=N1)SC2,VKSGIVQQIAHIIW-LBPRGKRZSA-N,True,True,True,381.937,1.2663,67.62,2,8,2,0.7049,3.177,C1=CC(N2CCNCC2)=NC=NC2=CN=C(N1)SC2,11,False,True,True,selfies_token_mutation
CAND_5675065dfb,selfies,JAK2_808899f7bc,CN1CCN(C(=N)C=CNC2=NC=CCS2)CC1,VTYRLNRLGHQQCZ-UHFFFAOYSA-N,True,True,True,265.386,0.9309,54.72,2,5,2,0.576,1.75,N=C(C=CNC1=NC=CCS1)N1CCNCC1,6,False,False,True,selfies_token_mutation
CAND_1c6b09dc62,selfies,JAK2_808899f7bc,CN1CCN(C2=NC(N[C@@H]3C#CC(F)C=NC3)=NN(C3=NC=CCS3=N)C=C2)CC1,RDKKLJFEMRAVPT-LAAYDINJSA-N,True,True,True,429.529,0.3807,95.04,2,9,1,0.5895,3.317,N=S1CC=CN=C1N1C=CC(N2CCNCC2)=NC(N[C@@H]2C#CCC=NC2)=N1,7,False,False,True,selfies_token_mutation
CAND_4a9f001064,selfies,JAK2_808899f7bc,Cc1cnc(Nc2cc(N3CCN(C)CC3)nc(N[C@@H]3CC=C(F)C=NCC3)n2)s1,OBBMQTDDNVNBLF-MRXNPFEDSA-N,True,True,True,430.557,3.2354,81.57,2,9,5,0.7536,3.823,C1=CC[C@@H](Nc2nc(Nc3nccs3)cc(N3CCNCC3)n2)CCN=C1,8,False,True,True,selfies_token_mutation
CAND_3ffb3582ed,selfies,JAK2_808899f7bc,C[C@H]1C(=CC=CF)N=CC1N=C(C=CNC1=NC=CC1)N1CCN(C)CC1,NLZXKWSWWBTZNR-ATNAJCNCSA-N,True,True,True,370.476,2.5077,55.59,1,5,4,0.6111,2.864,C=C1CC(N=C(C=CNC2=NC=CC2)N2CCNCC2)C=N1,6,False,False,True,selfies_token_mutation
CAND_72b1945370,selfies,JAK2_808899f7bc,CN1CCN(C2=NC(S)(N[C@@H]3C=CC=C(F)C(=N)C3)C3C=CN=C3NC=C2)CC1,UBDDLPVEGDSXDA-ZUIJCZDSSA-N,True,True,True,415.542,1.6661,79.11,4,8,2,0.4087,3.864,N=C1C=CC=C[C@@H](NC2N=C(N3CCNCC3)C=CNC3=NC=CC32)C1,8,False,True,True,selfies_token_mutation
CAND_50c50cb91e,selfies,JAK2_808899f7bc,C[C@@H](C=CC#CN)NCC1(N)C=CNC2=NC=C(CCCN(C)CCN1)CS2,PKSZALFISRGXKP-DIMJTDRSSA-N,True,True,True,403.6,0.5005,103.73,5,8,4,0.344,4.248,C1=CNC2=NC=C(CCCNCCNC1)CS2,15,True,False,True,selfies_token_mutation
CAND_e010433afc,selfies,JAK2_808899f7bc,Cc1cnc(Nc2cc(N3CCN(C)CC3)nc(N[C@@H](C)C=CC=C(N)C#N)n2)s1,HXSAUJRITSYWLJ-AWEZNQCLSA-N,True,True,True,425.566,2.4597,119.02,3,10,7,0.4538,3.295,c1nc(Nc2nccs2)cc(N2CCNCC2)n1,6,False,False,True,selfies_token_mutation
CAND_8147de9537,selfies,JAK2_808899f7bc,CC=CN=C(S)NC=Cc1n[nH]n2c(nc(N[C@@H](C)c3ccc(F)cn3)n1)CN(C)CC2,BAXUHLAADQLHQB-AWEZNQCLSA-N,True,True,True,458.571,2.6579,111.94,4,7,6,0.2991,3.853,c1ccc(CNc2ncn[nH]n3c(n2)CNCC3)nc1,8,False,True,True,selfies_token_mutation
CAND_b45104cc51,selfies,JAK2_808899f7bc,C[C@H](NC1=NC2CN(C)CCN2C(C=CNC2=NC=CC2)=N1)C1=C=C=C(F)C=N1,LCOFBDGVVMGBOD-KTQQKIMGSA-N,True,True,True,394.458,1.301,79.98,2,8,4,0.7048,3.247,C1=C=C(CNC2=NC3CNCCN3C(C=CNC3=NC=CC3)=N2)N=CC=1,6,False,False,True,selfies_token_mutation
CAND_4856eabdcd,selfies,JAK2_808899f7bc,C[C@H](NC1=NN(C2=NC=CC2)C=CC12NCCN(C)C2=N)c1ccc(F)cn1,TUEQZUDQVSNYPB-YTJLLHSVSA-N,True,True,True,382.447,1.5811,92.0,3,7,2,0.7224,2.93,N=C1NCCNC12C=CN(C1=NC=CC1)N=C2NCc1ccccn1,6,False,False,True,selfies_token_mutation
CAND_bfb5ec30ca,selfies,JAK2_ade5fd5f47,CC1=CC(S(C)(=O)=O)C=CC12C=CNNN(C1=CC=COCC1)CN=C2,ADZUGHMOTQGAPL-UHFFFAOYSA-N,True,True,True,376.482,1.5868,83.03,2,7,2,0.7124,3.147,C1=COCCC(N2CN=CC3(C=CCC=C3)C=CNN2)=C1,9,False,True,True,selfies_token_mutation
CAND_aba934943a,selfies,JAK2_ade5fd5f47,COC=CC1C=CC(NCN=CC(C=CC=C(C=CO)S(C)(=O)=O)=CC=CNN)=N1,AQUKEXDZEPLXAS-UHFFFAOYSA-N,True,True,True,433.534,1.5611,138.4,4,9,11,0.1275,3.339,C1=CCN=C1,5,False,False,True,selfies_token_mutation
CAND_700cc51b12,selfies,JAK2_ade5fd5f47,CS(=O)(=O)c1ccc(C2=CC=C=NNN(C3=CC=COCC3)N=C2)cc1,JVUUZPBHEFNDPX-UHFFFAOYSA-N,True,True,True,370.434,2.2383,83.36,1,7,3,0.8822,2.739,C1=CC=C(c2ccccc2)C=NN(C2=CC=COCC2)NN=1,9,False,True,True,selfies_token_mutation
CAND_ade5fd5f47,selfies,JAK2_ade5fd5f47,COc1ccc(Nc2nc3c(-c4ccc(S(C)(=O)=O)cc4)cccn3n2)cc1,JQINQDGMMPSNCQ-UHFFFAOYSA-N,True,True,False,394.456,3.552,85.59,1,6,5,0.5571,2.872,c1ccc(Nc2nc3c(-c4ccccc4)cccn3n2)cc1,6,False,False,True,selfies_token_mutation
CAND_be76d7bbdf,selfies,JAK2_ade5fd5f47,C=C1C(=CC2(C=NCNC3=CC=C(OC)C3)C=CN2N)C=C1SCC(=O)OC,VWYRMFQLKLQCGP-UHFFFAOYSA-N,True,True,True,400.504,2.1503,89.18,2,8,9,0.3482,3.406,C=C1C=CC1=CC1(C=NCNC2=CC=CC2)C=CN1,5,False,False,True,selfies_token_mutation
CAND_17694b9c6a,selfies,JAK2_ade5fd5f47,COC=CC=CN1CN=CC(c2ccc([SH](C)(C)=O)cc2)C=CNN1,MIKIUMGPERVKKI-UHFFFAOYSA-N,True,True,True,362.499,1.946,65.96,3,6,5,0.4244,2.944,C1=CC(c2ccccc2)C=NCNNN1,9,False,True,True,selfies_token_mutation
CAND_47b52dc5bc,selfies,JAK2_ade5fd5f47,COC=CC=C(C)Nc1nc2n(n1)C=CCc1cc(S(C)(=O)=O)ccc1C2,WAIQAQORBIUJFR-UHFFFAOYSA-N,True,True,True,386.477,2.775,86.11,1,6,5,0.6281,3.078,C1=Cn2ncnc2Cc2ccccc2C1,8,False,True,True,selfies_token_mutation
CAND_069a4ef3da,selfies,JAK2_ade5fd5f47,CS(=O)(=O)c1ccc(-c2cccn(N)c2=NC2=CC=COC2)cc1,KNUPLSZVRXEEII-UHFFFAOYSA-N,True,True,True,343.408,1.6009,86.68,1,5,3,0.8578,2.125,C1=COCC(N=c2[nH]cccc2-c2ccccc2)=C1,6,False,False,True,selfies_token_mutation
CAND_e5345b9d1a,selfies,JAK2_f69fa9f13e,CC1=CN=C=C(N2C=CC=C(OCCN3CCCC3)C2N)C1Nc1cccc(S(=O)(=O)NC(C)(C)C)c1,HPSQGMDROURSTO-UHFFFAOYSA-N,True,True,True,526.707,3.1253,112.29,3,8,9,0.4532,4.607,C1=NC=CC(Nc2ccccc2)C=1N1C=CC=C(OCCN2CCCC2)C1,6,False,False,True,selfies_token_mutation
CAND_e52842c84e,selfies,JAK2_f69fa9f13e,CC=CCCCNCCOC1=CC=CNc2ncc(c(Nc3cccc(S(=O)(=O)NC(C)(C)C)c3)n2)C1,SFSWJYSWDOYZLQ-UHFFFAOYSA-N,True,True,True,526.707,4.6251,117.27,4,8,12,0.2337,4.982,C1=CCc2cnc(nc2Nc2ccccc2)NC=C1,10,False,True,True,selfies_token_mutation
CAND_5dc752b283,selfies,JAK2_f69fa9f13e,Cc1cnc(Nc2ccc(OCCN3CCCC3)cc2)nc1-c1cccc(S(=O)(=O)NC(C)(C)C)c1,PBFPIUDLBOJHOT-UHFFFAOYSA-N,True,True,True,509.676,4.747,96.45,2,7,9,0.4298,4.012,c1ccc(-c2ccnc(Nc3ccc(OCCN4CCCC4)cc3)n2)cc1,6,False,False,True,selfies_token_mutation
CAND_7160403abc,selfies,JAK2_f69fa9f13e,CCc1cnc(Nc2ccc(OCCN3CCCC3)cc2)nc1NC=CC=C1COPS(=O)(=O)NC(C)(C)C=C1C,HKJJMXLKHZTDKI-UHFFFAOYSA-N,True,True,True,600.726,5.2922,117.71,3,9,10,0.3127,5.539,O=S1(=O)NCC=CC(=CC=CNc2ccnc(Nc3ccc(OCCN4CCCC4)cc3)n2)COP1,9,False,True,True,selfies_token_mutation
CAND_f69fa9f13e,selfies,JAK2_f69fa9f13e,Cc1cnc(Nc2ccc(OCCN3CCCC3)cc2)nc1Nc1cccc(S(=O)(=O)NC(C)(C)C)c1,JOOXLOJCABQBSG-UHFFFAOYSA-N,True,True,False,524.691,4.8236,108.48,3,8,10,0.3463,4.221,c1ccc(Nc2ccnc(Nc3ccc(OCCN4CCCC4)cc3)n2)cc1,6,False,False,True,selfies_token_mutation
CAND_1e8ed5a5b7,selfies,JAK2_f69fa9f13e,C=CCCC(C)NS(=O)(=O)C1C=CC=CNC2C(=CC)N=C2NC=C2C=COOCCN3C(C=C2N)CCC13,GQJBZANIWWWKRB-UHFFFAOYSA-N,True,True,True,556.733,2.6113,130.31,4,9,6,0.2902,6.099,C=C1N=C2NC=C3C=COOCCN4C(C=C3)CCC4CC=CC=CNC12,16,True,False,True,selfies_token_mutation
CAND_3edbae48b6,selfies,JAK2_f69fa9f13e,CC(C)(C)NS(=O)(=O)c1cccc(C2=NC(Nc3ccc(OCCN4CCCC4)cc3)=COCC2)c1,SLZAHUJMDNMVFK-UHFFFAOYSA-N,True,True,True,512.676,4.3584,92.26,2,7,9,0.5188,4.029,C1=C(Nc2ccc(OCCN3CCCC3)cc2)N=C(c2ccccc2)CCO1,7,False,False,True,selfies_token_mutation
CAND_00c7c60293,selfies,JAK2_f69fa9f13e,C=C(C=CC=CNc1nc(Nc2ccc(OCCN3CCCC3)nc2)ncc1C)[SH](=O)=CC=O,VISXEOWALHFPNA-UHFFFAOYSA-N,True,True,True,482.61,2.8758,109.34,3,9,12,0.182,4.237,c1cnc(Nc2ccc(OCCN3CCCC3)nc2)nc1,6,False,False,True,selfies_token_mutation
CAND_a18d05a542,selfies,JAK2_f69fa9f13e,CC=CN=C(N=CNC=CC=CC1=CCC(C)(C)NS1(=O)=O)NC=CC1=C=NOOCCN2CCCC2C=C1,QWSWRAGRKBECRA-UHFFFAOYSA-N,True,True,True,555.705,3.1462,129.01,3,7,7,0.1905,4.518,N=C(N=CNC=CC=CC1=CCCNS1(=O)=O)NC=CC1=C=NOOCCN2CCCC2C=C1,11,False,True,True,selfies_token_mutation
CAND_56b8bc5ee6,selfies,JAK2_f69fa9f13e,Cc1cnc(Nc2ccc(OCCN3CCCC3)cc2)nc1NC=CC=CCF,BIXFBNWWVSLVQL-UHFFFAOYSA-N,True,True,True,397.498,4.4545,62.31,2,6,10,0.5776,3.264,c1cnc(Nc2ccc(OCCN3CCCC3)cc2)nc1,6,False,False,True,selfies_token_mutation
CAND_e53f99fbe6,selfies,JAK2_f69fa9f13e,CC=C1N=C(n2cc3cc2OOCSC2NCCC2C=C3)N=C1Nc1cccc(S(=O)(=O)NC(C)(C)C)c1,KMWROEULSWPFSA-UHFFFAOYSA-N,True,True,True,556.714,4.1605,118.34,3,9,3,0.486,4.723,C=C1N=C(n2cc3cc2OOCSC2NCCC2C=C3)N=C1Nc1ccccc1,11,False,True,True,selfies_token_mutation
CAND_216683ddcd,selfies,JAK2_8d61ec1030,FC1=CN[C@H]2NC=NC3=C(Cl)C(CN=C1)(NCC=C(C1CC1)NN3)O2,WBMYZFRRSMBJPC-MLCCFXAWSA-N,True,True,True,367.816,0.4985,94.1,5,8,1,0.4632,3.224,C1=CN[C@H]2NC=NC3=CC(CN=C1)(NCC=C(C1CC1)NN3)O2,9,False,True,True,selfies_token_mutation
CAND_7eddfce793,selfies,JAK2_8d61ec1030,C[C@@H](C=NC=C(F)C=NO)Nc1ncc(Cl)c(Nc2cc(C3CC3)[nH]n2)n1,TWJXWUAXPOQJCI-VIFPVBQESA-N,True,True,True,392.826,3.6162,123.47,4,8,8,0.3088,3.238,c1cc(Nc2cc(C3CC3)[nH]n2)ncn1,6,False,False,True,selfies_token_mutation
CAND_66c9ebb7c0,selfies,JAK2_8d61ec1030,CC1(Nc2cc(C3CC3)[nH]n2)C[C@@H](NC=C(F)C#N)NC=NC=C1Cl,JOAJAHKRSRIJOD-VYRBHSGPSA-N,True,True,True,363.828,2.8097,100.92,4,6,5,0.6025,3.452,C1=CC(Nc2cc(C3CC3)[nH]n2)CCNC=N1,8,False,True,True,selfies_token_mutation
CAND_1ed250f75d,selfies,JAK2_8d61ec1030,CC(F)=CN[C@H](C)c1ncc(Cl)c(Nc2cc(C3CC3)[nH]n2)n1,DOKPBBUNEXQZCQ-SECBINFHSA-N,True,True,True,336.802,3.9555,78.52,3,5,6,0.7439,2.75,c1cc(Nc2cc(C3CC3)[nH]n2)ncn1,6,False,False,True,selfies_token_mutation
CAND_6dde38a6ed,selfies,JAK2_8d61ec1030,Fc1cnc(CNc2ncc(Cl)c(Nc3cc(C4CC4)[nH]n3)n2)nc1,AFEMRCNBSVLFKS-UHFFFAOYSA-N,True,True,True,360.784,3.0153,104.3,3,7,6,0.6202,2.81,c1cnc(CNc2nccc(Nc3cc(C4CC4)[nH]n3)n2)nc1,6,False,False,True,selfies_token_mutation
CAND_1206357afa,selfies,JAK2_8d61ec1030,CNOCCC1=CC1NC1C(Cl)=CN=CN[C@@H]1C,YUHYEOMOUWAGGH-HUUUCTMMSA-N,True,True,True,270.764,0.8945,57.68,3,5,6,0.3813,3.0,C1=CC(NC2C=C2)CNC=N1,7,False,False,True,selfies_token_mutation
CAND_caea519d1b,selfies,JAK2_8d61ec1030,Fc1cnc([C@@H]2CN=C(Nc3cc(C4CC4)[nH]n3)C=C=N2)nc1,DIGRVHSOGAOFKV-LBPRGKRZSA-N,True,True,True,311.324,2.0074,91.21,2,6,3,0.9068,2.625,C1=CC(Nc2cc(C3CC3)[nH]n2)=NC[C@@H](c2ncccn2)N=1,7,False,False,True,selfies_token_mutation
CAND_35acaa8105,selfies,JAK2_8d61ec1030,[NH]CCC1=CCN(C23CN=CC(F)=CN[C@H](C2)NC=NC=C3Cl)N1,YTQOLZDACZLFDZ-MLCCFXAWSA-N,True,True,True,352.825,1.0151,87.85,3,6,3,0.7072,3.141,C1=CN[C@@H]2CC(N3CC=CN3)(C=CN=CN2)CN=C1,9,False,True,True,selfies_token_mutation
CAND_179448e00c,selfies,JAK2_8d61ec1030,C[C@@H](Nc1ncc(F)cn1)N1C=NC=C(Cl)C[SH]1NCC=C(CC1CC1)NN=N,NOKFHDCCHOVZCZ-LBPRGKRZSA-N,True,True,True,441.968,3.4381,113.68,5,8,10,0.2158,4.011,C(=CCC1CC1)CN[SH]1CC=CN=CN1CNc1ncccn1,7,False,False,True,selfies_token_mutation
CAND_346f03583d,selfies,JAK2_8d61ec1030,C[C@@H](c1ncc(F)cn1)N1C=NC=CC(Nc2cc(C3CC3)[nH]n2)=N1,NNFOLGXMZYVYHW-JTQLQIEISA-N,True,True,True,340.366,2.5604,94.45,2,7,4,0.8919,2.75,C1=CC(Nc2cc(C3CC3)[nH]n2)=NN(Cc2ncccn2)C=N1,7,False,False,True,selfies_token_mutation
CAND_6e259208df,selfies,JAK2_8d61ec1030,C[C@@H](C=NCC=C(F)C=N)Nc1ncc(Cl)c(Nc2cc(C3CC3)[nH]n2)n1,VMGCFNGWQDHCHE-JTQLQIEISA-N,True,True,True,390.854,3.8483,114.73,4,7,9,0.4853,3.352,c1cc(Nc2cc(C3CC3)[nH]n2)ncn1,6,False,False,True,selfies_token_mutation
CAND_c88305c9b5,selfies,JAK2_8d61ec1030,C[C@@H](C[SH]=C(F)C=N)Nc1ncc(Cl)c(Nc2cc(C3CC3)[nH]n2)n1,RMLYEIRDAUCFFJ-QMMMGPOBSA-N,True,True,True,383.884,3.489,102.37,5,6,8,0.2077,3.188,c1cc(Nc2cc(C3CC3)[nH]n2)ncn1,6,False,False,True,selfies_token_mutation
CAND_ada5fb9485,selfies,JAK2_7c9f52f196,CC(NPCN=CNC1C=CC1)c1ccc(F)cn1,NSVZRVRLHROKQR-UHFFFAOYSA-N,True,True,True,280.287,2.3687,49.31,2,3,7,0.2649,3.125,C1=CC(NC=NCPNCc2ccccn2)C1,6,False,False,True,selfies_token_mutation
CAND_3e8364c8e1,selfies,JAK2_7c9f52f196,Cc1nc(C#N)c(NC(C)c2ccc(F)cn2)nc1Nc1cc[nH]n1,LIVZTBVFMLVHPG-UHFFFAOYSA-N,True,True,True,338.35,2.8306,115.2,3,7,5,0.6549,2.625,c1ccc(CNc2cncc(Nc3cc[nH]n3)n2)nc1,6,False,False,True,selfies_token_mutation
CAND_195429bfeb,selfies,JAK2_7c9f52f196,N#CC1(NC2=CC=C(F)C=NC2)C=NNCC=CCNC=N1,KWNMAPZHESGNTD-UHFFFAOYSA-N,True,True,True,301.329,0.3807,96.96,3,7,2,0.6424,2.5,C1=CC=C(NC2C=NNCC=CCNC=N2)CN=C1,11,False,True,True,selfies_token_mutation
CAND_e9bff2361d,selfies,JAK2_7c9f52f196,CN=CC(F)=CC=CC(C)NCN=CNC1C=CC1,KHYQXICZXXVJNQ-UHFFFAOYSA-N,True,True,True,264.348,1.9786,48.78,2,3,8,0.3047,2.75,C1=CCC1,4,False,False,True,selfies_token_mutation
CAND_c268eddd40,selfies,JAK2_7c9f52f196,CC(Nc1c[nH]ncn(C2C=CCNN=C2)cn1)c1ccc(F)cn1,SRKYQALNFKLQCF-UHFFFAOYSA-N,True,True,True,342.382,2.1241,95.81,3,6,4,0.7399,3.25,C1=CC(n2cn[nH]cc(NCc3ccccn3)nc2)C=NNC1,8,False,True,True,selfies_token_mutation
CAND_73bc58e31e,selfies,JAK2_7c9f52f196,C=NC(C#N)C1(NC(C)C=CCC=C(F)C=C=N)N=CNC2(C=NN2)C=C1C,XRHSPCDTTBNILF-UHFFFAOYSA-N,True,True,True,382.447,1.7211,120.81,4,8,8,0.2901,3.68,C1=CC2(C=NN2)NC=NC1,7,False,False,True,selfies_token_mutation
CAND_fd605e9b7b,selfies,JAK2_7c9f52f196,Cc1nc(C#N)c(NC(C)C2=CCN(F)C=N2)nc1Nc1cc[nH]n1,JWYKVKCNIUSOCQ-UHFFFAOYSA-N,True,True,True,341.354,2.0361,117.91,3,8,5,0.7121,2.625,C1=NC(CNc2cncc(Nc3cc[nH]n3)n2)=CCN1,6,False,False,True,selfies_token_mutation
CAND_9a91aea226,selfies,JAK2_7c9f52f196,CC=CC(=N[NH])N1C=NC(NCSCCC=CCF)=C(C#N)N=C1C,YFGWHAJLUOIOBG-UHFFFAOYSA-N,True,True,True,362.458,2.81,99.94,1,6,8,0.1791,2.319,C1=CN=CNC=N1,7,False,False,True,selfies_token_mutation
CAND_12209310d2,selfies,JAK2_7c9f52f196,Cc1nc(C#N)c(NC(C)c2ccc(F)cn2)nc1NC1C=CCN1,IDLSTACLMFLSTC-UHFFFAOYSA-N,True,True,True,339.378,2.2613,98.55,3,7,5,0.7187,2.875,C1=CC(Nc2cncc(NCc3ccccn3)n2)NC1,6,False,False,True,selfies_token_mutation
CAND_7c9f52f196,selfies,JAK2_7c9f52f196,Cc1cc(Nc2nc(NC(C)c3ccc(F)cn3)c(C#N)nc2C)n[nH]1,FLYNZEXUURBXAW-UHFFFAOYSA-N,True,True,False,352.377,3.139,115.2,3,7,5,0.6458,2.638,c1ccc(CNc2cncc(Nc3cc[nH]n3)n2)nc1,6,False,False,True,selfies_token_mutation
CAND_27655c2ab6,selfies,JAK2_1546723152,NC=CC1N=CC=CC(=CC=CO)C=COCN1CC=CN1CCOCC1,MISVEVXDLOVBBQ-UHFFFAOYSA-N,True,True,True,372.469,2.0593,83.55,2,7,5,0.719,3.0,C=C1C=CC=NCN(CC=CN2CCOCC2)COC=C1,11,False,True,True,selfies_token_mutation
CAND_8652f9aa09,selfies,JAK2_1546723152,COC=C1C(O)=CC=C1C=C1C=NC(NC=C2C=C(N3CCOCC3)C=CS2)=N1,SMYNIZFVOBJQEY-UHFFFAOYSA-N,True,True,True,410.499,3.1305,78.68,2,8,4,0.6936,2.836,C=C1C=CC=C1C=C1C=NC(NC=C2C=C(N3CCOCC3)C=CS2)=N1,6,False,False,True,selfies_token_mutation
CAND_92f4352ef2,selfies,JAK2_1546723152,COC=CC(C=CO)c1ccnc(Nc2ccc(N3CCOCC3)cc2)n1,CAMFOCSYTQNXKT-UHFFFAOYSA-N,True,True,True,368.437,3.3722,79.74,2,7,7,0.7254,2.977,c1cnc(Nc2ccc(N3CCOCC3)cc2)nc1,6,False,False,True,selfies_token_mutation
CAND_9b79d4b1d8,selfies,JAK2_1546723152,COC=CC(=N)CC=NCNc1ccc(N2CCOCC2)cc1,OMAXPMLXJYYHGF-UHFFFAOYSA-N,True,True,True,316.405,2.5334,69.94,2,6,8,0.571,2.5,c1ccc(N2CCOCC2)cc1,6,False,False,True,selfies_token_mutation
CAND_5d8ff12334,selfies,JAK2_1546723152,COCC(=CC=CO)c1ccnc(Nc2ccc(N3CCOCC3)cc2)n1,KFKLOCDGSLURHA-UHFFFAOYSA-N,True,True,True,368.437,3.1583,79.74,2,7,7,0.5739,2.727,c1cnc(Nc2ccc(N3CCOCC3)cc2)nc1,6,False,False,True,selfies_token_mutation
CAND_dabee004de,selfies,JAK2_1546723152,C1=C(c2ccnc(Nc3ccc(N4CCOCC4)cc3)n2)O1,GSFAZPQXIORREO-UHFFFAOYSA-N,True,True,True,296.33,2.3854,62.81,1,6,4,0.9344,2.5,C1=C(c2ccnc(Nc3ccc(N4CCOCC4)cc3)n2)O1,6,False,False,True,selfies_token_mutation
CAND_ea3656723c,selfies,JAK2_1546723152,COC=CC(=CC=CO)c1ccnc(Nc2ccc(N3CCOCC3)cc2)n1,UDKUVYMEFKYBBC-UHFFFAOYSA-N,True,True,True,380.448,3.672,79.74,2,7,7,0.5603,2.794,c1cnc(Nc2ccc(N3CCOCC3)cc2)nc1,6,False,False,True,selfies_token_mutation
CAND_11d3948338,selfies,JAK2_1546723152,CCOC=NC1=CC=CN(C(=N)N=CC=CC2=NCC=C(O)C(O)=C2)C=C1,RZZQIKVJKIINCS-UHFFFAOYSA-N,True,True,True,367.409,3.1783,113.86,3,6,5,0.5113,2.222,N=C(N=CC=CC1=NCC=CC=C1)N1C=CC=CC=C1,7,False,False,True,selfies_token_mutation
CAND_0c7d00e551,selfies,JAK2_1546723152,COC=C1C(O)=CCC=C1c1ccnc(Nc2ccc(N3CCOCC3)cc2)n1,YWLCYUQSOOYXJM-UHFFFAOYSA-N,True,True,True,392.459,3.8161,79.74,2,7,5,0.749,2.861,C=C1C=CCC=C1c1ccnc(Nc2ccc(N3CCOCC3)cc2)n1,6,False,False,True,selfies_token_mutation
CAND_f4abc7982d,selfies,JAK2_9e2ca53048,CC(N)[C@@H](Nc1ncc(C(N)=O)c2[nH]c3cc(-c4cnn(C)c4)ccc3c12)C(F)(F)F,AWIVZPYQZGMXSG-PWYDHBKHSA-N,True,True,True,431.422,2.9055,127.64,4,5,5,0.3864,3.577,c1cc2[nH]c3cc(-c4cn[nH]c4)ccc3c2cn1,6,False,False,True,selfies_token_mutation
CAND_56ba271daf,selfies,JAK2_9e2ca53048,CC1CC2=NC(=O)C3=CN=C([C@H]1CF)N(C)N=CCC1C=CNC3C2=C1,YHARGDOOUXHZIB-KRSQZZLTSA-N,True,True,True,355.417,2.2249,69.42,1,5,1,0.7841,4.555,O=C1N=C2CCCC3=NC=C1C1NC=CC(C=C21)CC=NN3,12,True,False,True,selfies_token_mutation
CAND_e874014f5b,selfies,JAK2_9e2ca53048,CC(C)[C@@H](NC1=NC=C(C(N)=O)C23NC4=CC2Oc2cnn(C)c2C=C4C13)C(F)(F)F,HTPNQWCPGNGGLY-SIBBFIEHSA-N,True,True,True,434.422,1.378,106.56,3,6,3,0.6666,4.544,C1=CC23NC4=CC2Oc2cn[nH]c2C=C4C3C=N1,8,False,True,True,selfies_token_mutation
CAND_b57d4c3adc,selfies,JAK2_9e2ca53048,Cn1ncc2c1CC=C1CC(C)(C(F)(F)F)C[CH]NC=NC=C(O2)C(=O)N1,XPZIOZIQKYVGFV-UHFFFAOYSA-N,True,True,True,382.366,2.3386,80.54,2,5,0,0.7219,3.38,O=C1NC2=CCc3[nH]ncc3OC1=CN=CN[CH]CCC2,12,True,False,True,selfies_token_mutation
CAND_7d588f4a01,selfies,JAK2_9e2ca53048,C#CCCN(C)N=C(C)C=CNCC(=CN=CN[C@@H](CF)C(C)C)C(N)=O,PONXIAQACWSGNP-SFHVURJKSA-N,True,True,True,378.496,1.4019,95.11,3,5,13,0.1484,2.908,,0,False,False,True,selfies_token_mutation
CAND_81079a2d21,selfies,JAK2_9e2ca53048,CC(C)[C@@H](NC1=NC=C(C(N)=O)NCc2cc(-c3cnn(C)c3)ccc2C1)C(F)(F)F,ITDCGPWPOMCWRA-LJQANCHMSA-N,True,True,True,434.466,2.6345,97.33,3,5,4,0.6893,3.469,C1=CNCc2cc(-c3cn[nH]c3)ccc2CC=N1,9,False,True,True,selfies_token_mutation
CAND_654a59fff4,selfies,JAK2_9e2ca53048,C#CC=C(C=CNCC(=CN=C[C@@H](CF)C(C)C)C(N)=O)c1cnn(C)c1,NCFJUCZYDDGVBB-QGZVFWFLSA-N,True,True,True,371.46,2.2217,85.3,2,4,10,0.2862,2.869,c1cn[nH]c1,5,False,False,True,selfies_token_mutation
CAND_d4c14d714a,selfies,JAK2_9e2ca53048,CC(C)[C@@H](NC1=N[SH]=C(C(N)=O)S2=C1C1=CCC3=CC(C=NN3C)C=C1N2)C(F)(F)F,VHZPJHQWUGNGGQ-MLPLLGSBSA-N,True,True,True,472.562,2.1755,95.11,4,6,3,0.3741,4.306,C1=NNC2=CC1C=C1NS3=C(C=N[SH]=C3)C1=CC2,8,False,True,True,selfies_token_mutation
CAND_5b2300c932,selfies,JAK2_9e2ca53048,CC(C)[C@@H](Nc1ncc(C(N)=O)c2[nH]c3cc(-c4cnn(C)c4)ccc3c12)C(F)CF,ZDXMKZSVRYEUBN-LRTDYKAYSA-N,True,True,True,426.471,3.9596,101.62,3,4,7,0.4163,3.8,c1cc2[nH]c3cc(-c4cn[nH]c4)ccc3c2cn1,6,False,False,True,selfies_token_mutation
CAND_9ce418cbd8,selfies,JAK2_9e2ca53048,CC1C[C@H]1NC=NC=C(OCNC=CC(=CF)c1cnn(C)c1)C(N)=O,JBKQICXCPINEGA-WPZCJLIBSA-N,True,True,True,362.409,1.1609,106.56,3,5,10,0.1101,3.319,C=C(C=CNCOC=CN=CNC1CC1)c1cn[nH]c1,5,False,False,True,selfies_token_mutation
CAND_3ef276e30f,selfies,JAK2_bc0710184a,CCC1NC=NC2C(=O)N=C(CC1C)C1=CC=C(CC=NCl)C=CNC12,GUKDMXJZCKTVFJ-UHFFFAOYSA-N,True,True,True,373.888,2.7255,78.21,2,5,3,0.7464,4.008,O=C1N=C2CCCNC=NC1C1NC=CC=CC=C21,10,False,True,True,selfies_token_mutation
CAND_1a8c55b1c2,selfies,JAK2_bc0710184a,CC1C(N)C2C3=CCc4c(cnn4C)OC2(N=CNC1C1CC1)C(=O)N3,REYFYPSMVWRUDO-UHFFFAOYSA-N,True,True,True,356.43,0.0547,106.56,3,6,1,0.6594,3.861,O=C1NC2=CCc3[nH]ncc3OC13N=CNC(C1CC1)CCC23,8,False,True,True,selfies_token_mutation
CAND_bf4fbdee7f,selfies,JAK2_bc0710184a,CC(C)C(Nc1ncc(CN=O)c2[nH]c3cc(-c4cnn(C)n4)ccc3c12)C1CC1,XSHAUGKRGHXQMP-UHFFFAOYSA-N,True,True,True,403.49,4.6245,100.85,2,6,7,0.4384,3.622,c1cc2[nH]c3cc(-c4cn[nH]n4)ccc3c2c(NCC2CC2)n1,6,False,False,True,selfies_token_mutation
CAND_6cb470b971,selfies,JAK2_bc0710184a,CC(C)C1CCC2C=CC(CC=NN(C)C)C=CNCC(C(N)=O)=CN=CN21,FCLWMYOLYAKKPU-UHFFFAOYSA-N,True,True,True,386.544,2.0997,86.32,2,6,5,0.4304,4.278,C1=CNCC=CN=CN2CCCC2C=CC1,13,True,False,True,selfies_token_mutation
CAND_23862a00ff,selfies,JAK2_bc0710184a,CN1CCC=CCC[SH](C)C(C2CC2)NC=NC=C(CN=O)C=N1,LTLGCAQGQYXIKD-UHFFFAOYSA-N,True,True,True,351.52,2.8893,69.42,2,6,3,0.4666,3.583,C1=CN=CNC(C2CC2)SCCC=CCCNN=C1,16,True,False,True,selfies_token_mutation
CAND_4e13d1ab0e,selfies,JAK2_bc0710184a,CC1CC(C)C(C2CC2)NC=NC=C(C(N)=O)CNc2cc(-c3cnn(C)c3)ccc21,ZZCHMWUEJKVDNH-UHFFFAOYSA-N,True,True,True,420.561,3.408,97.33,3,5,3,0.7088,4.717,C1=CN=CNC(C2CC2)CCCc2ccc(-c3cn[nH]c3)cc2NC1,13,True,False,True,selfies_token_mutation
CAND_90f97e8af3,selfies,JAK2_bc0710184a,CC(C)CC(Nc1ncc(C(N)=O)c2[nH]c3cc(-c4cnn(C)c4)ccc3c12)C1CC1,SAXAVYOUWPCWIO-UHFFFAOYSA-N,True,True,True,416.529,4.4521,101.62,3,4,7,0.4141,3.695,c1cc2[nH]c3cc(-c4cn[nH]c4)ccc3c2c(NCC2CC2)n1,6,False,False,True,selfies_token_mutation
CAND_4c17b33555,selfies,JAK2_bc0710184a,C=CC(N=NC=C(C(N)=O)c1cc2ccc(-c3cnn(C)c3)cc2[nH]1)C(C)C,UIQRZWBZFACTHF-UHFFFAOYSA-N,True,True,True,376.464,4.0574,101.42,2,4,7,0.369,3.022,c1cc2ccc(-c3cn[nH]c3)cc2[nH]1,6,False,False,True,selfies_token_mutation
CAND_4b9a80dcb9,selfies,JAK2_bc0710184a,CC1CC(C)C(C2CC2)OC=NC=C(C(N)=O)CNc2cc(-c3cnn(C)c3)ccc21,ITXXUCMGMURGNR-UHFFFAOYSA-N,True,True,True,421.545,3.835,94.53,2,5,3,0.7873,4.722,C1=CN=COC(C2CC2)CCCc2ccc(-c3cn[nH]c3)cc2NC1,13,True,False,True,selfies_token_mutation
CAND_a00eeb000b,selfies,JAK2_bc0710184a,CC=C(CNCC(=CN=CNC(C(C)C)C1CC1)C(N)=O)c1cnn(C)c1,UGEYDJCBRKEGMM-UHFFFAOYSA-N,True,True,True,372.517,1.8347,97.33,3,4,11,0.3136,3.25,C=C(CNCC=CN=CNCC1CC1)c1cn[nH]c1,5,False,False,True,selfies_token_mutation
CAND_22bc817467,selfies,JAK2_c57d118ac8,C[C@@H](c1ccc(F)cn1)C1(N[NH])NC=NC=CNC2N=CC21,PKKLEFAJEOWRFJ-FZSHRDKTSA-N,True,True,True,302.337,0.527,97.5,3,6,3,0.7093,3.625,C1=CNC2N=CC2C(Cc2ccccn2)NC=N1,9,False,True,True,selfies_token_mutation
CAND_af1fc030cf,selfies,JAK2_c57d118ac8,CC=C1NN=C1NC=C1N=C(CC)NC(N[C@@H](C)c2ccc(F)cn2)=N1,INARRTGVFFPMLZ-JTQLQIEISA-N,True,True,True,356.409,1.848,98.09,4,8,4,0.66,2.536,C=C1NN=C1NC=C1N=CNC(NCc2ccccn2)=N1,6,False,False,True,selfies_token_mutation
CAND_079c76406d,selfies,JAK2_c57d118ac8,CC1=CC=C[C@@H](NC2Cc3cc(n[nH]3)N=CC=CN=C2C#N)CN1N,XIIIDWTZGWTNHK-AFYYWNPRSA-N,True,True,True,336.403,1.1225,118.48,3,7,2,0.6994,3.0,C1=CN=CC(N[C@@H]2C=CC=CNC2)Cc2cc(n[nH]2)N=C1,11,False,True,True,selfies_token_mutation
CAND_5bbf60437d,selfies,JAK2_c57d118ac8,C[C@@H](C=CC=C(F)C=NN)NC12NNC3=CC(NC=CN=C1C#N)C32,SAEREZCSHBUYJN-CIFOGXKRSA-N,True,True,True,342.382,0.044,122.65,5,8,5,0.2081,3.875,C1=CNC2C=C3NNC(C=N1)C32,8,False,True,True,selfies_token_mutation
CAND_eaf68d8f59,selfies,JAK2_c57d118ac8,CC1=CC=C[C@H](C)N1PN=CC(C#N)=NC=CNC1C=CCN1,PLMNFSYAHFRILU-KNVGNIICSA-N,True,True,True,328.36,2.2407,75.81,2,6,6,0.4453,3.0,C1=CCN(PN=CC=NC=CNC2C=CCN2)C=C1,6,False,False,True,selfies_token_mutation
CAND_f6c549cd4c,selfies,JAK2_c57d118ac8,C[C@H](NC(=N)C(C#N)=NC=CNC1CCN1)c1ccc(F)cn1,TYGVQXYXRNDGCZ-XLLULAGJSA-N,True,True,True,315.356,1.1933,108.98,4,6,6,0.4656,2.75,N=C(C=NC=CNC1CCN1)NCc1ccccn1,6,False,False,True,selfies_token_mutation
CAND_8771372893,selfies,JAK2_c57d118ac8,C[C@H](Nc1nn(C2=NNCC=C2)ccnc[nH]1)c1ccc(F)cn1,YLZDIJCGKXORLY-NSHDSACASA-N,True,True,True,328.355,1.7588,95.81,3,6,3,0.7977,2.875,C1=CC(n2ccnc[nH]c(NCc3ccccn3)n2)=NNC1,8,False,True,True,selfies_token_mutation
CAND_0690f21188,selfies,JAK2_c57d118ac8,CC=CC(=N[NH])NC=CN=C(C#N)CC(=NO)N[C@@H](C)c1ccc(F)cn1,CBJWSBSEWTWARE-LBPRGKRZSA-N,True,True,True,371.4,2.247,141.85,3,6,7,0.2915,2.494,c1ccncc1,6,False,False,True,selfies_token_mutation
CAND_adf7573d48,selfies,JAK2_c57d118ac8,CC=CC1=NC(=CN=C(C#N)CN[C@@H](C)c2ccc(F)cn2)N1,TZDZALXRUZRKHV-NSHDSACASA-N,True,True,True,312.352,2.2126,85.46,2,6,6,0.7887,2.5,C(CNCc1ccccn1)=NC=C1N=CN1,6,False,False,True,selfies_token_mutation
CAND_2256203973,selfies,JAK2_c57d118ac8,N#CC1=NC=CNC2C=CC(N2)C1(N)N[C@@H]1CC=C(F)C=NC1,NDYYCSGRONKUBO-VSROEWIGSA-N,True,True,True,315.356,-0.1794,110.62,4,7,2,0.4173,3.5,C1=CC[C@@H](NC2C=NC=CNC3C=CC2N3)CN=C1,9,False,True,True,selfies_token_mutation
CAND_cdafc0def3,selfies,JAK2_968daa996c,C[C@H]1C=CC=C(F)C(=N)C2=NC3C=CC(=NN3)NC=NC(CF)(CC(=O)OC2)N1,BYEUOTZGJQVOBY-RVNWNWAHSA-N,True,True,True,405.409,0.8781,123.32,4,9,1,0.4824,4.383,N=C1C=CC=CCNC2CC(=O)OCC1=NC1C=CC(=NN1)NC=N2,14,True,False,True,selfies_token_mutation
CAND_1ac1c6d5b1,selfies,JAK2_968daa996c,CC=CCNC=NC(N[C@@H](C)c1ccc(F)cn1)=C(F)CCCC=O,VIRKAVCTOXCHOE-AWEZNQCLSA-N,True,True,True,350.413,3.5731,66.38,2,4,11,0.2105,2.877,c1ccncc1,6,False,False,True,selfies_token_mutation
CAND_9e429721b1,selfies,JAK2_968daa996c,CC=C1NN=C1NC=NC(N[C@@H](C)c1ccc(F)cn1)=C(F)C1=NSC2CN(S(C)(=O)=O)CCN12,FWHJSQWWHXFXFJ-HKALDPMFSA-N,True,True,True,525.611,1.4119,126.68,3,10,7,0.2772,4.351,C=C1NN=C1NC=NC(=CC1=NSC2CNCCN12)NCc1ccccn1,6,False,False,True,selfies_token_mutation
CAND_084068a74d,selfies,JAK2_968daa996c,C[C@H](NC(CNC1=NNCC=C1)=C(F)C(=N)N1CCN(S(C)(=O)=O)CC1)c1ccc(F)cn1,CQICPOIEUQNJLW-AWEZNQCLSA-N,True,True,True,482.561,0.6694,125.81,4,8,7,0.3325,3.611,N=C(C=C(CNC1=NNCC=C1)NCc1ccccn1)N1CCNCC1,6,False,False,True,selfies_token_mutation
CAND_2a15cb9044,selfies,JAK2_968daa996c,C[C@H](NPN=CNC1C=CCNS1)c1ccc(F)cn1,GTRGARJHKHSQRP-QHGLUPRGSA-N,True,True,True,313.342,2.1314,61.34,3,5,6,0.2469,3.0,C1=CC(NC=NPNCc2ccccn2)SNC1,6,False,False,True,selfies_token_mutation
CAND_8d0affbcd7,selfies,JAK2_968daa996c,CN1C[C@H](NC2(F)N=CN(C3C=CCN3)N=C2N2CCN(S(C)(=O)=O)CC2)C=CC=C1F,MZNWQEYUBPSCHK-LSJNQWAISA-N,True,True,True,470.55,-0.3995,95.88,2,9,4,0.4265,3.92,C1=CNC[C@H](NC2N=CN(C3C=CCN3)N=C2N2CCNCC2)C=C1,7,False,False,True,selfies_token_mutation
CAND_941cce1320,selfies,JAK2_968daa996c,CC=CCNC=NC(N[C@@H](C)c1ccc(F)cn1)=C(C)F,ODAJASXGGLJVQF-LBPRGKRZSA-N,True,True,True,294.349,3.2238,49.31,2,3,7,0.3512,2.375,c1ccncc1,6,False,False,True,selfies_token_mutation
CAND_b8a8f6549a,selfies,JAK2_968daa996c,C[SH](C)(=O)N1CCNC2(NCC=CCNC=NC2(F)N[C@@H]2CC=C(F)C=NC2)C1=N,LTIXBQPVIAAWFS-FAEJEUNOSA-N,True,True,True,444.556,-0.5568,117.0,6,8,3,0.1984,3.9,N=C1NCCNC12NCC=CCNC=NC2N[C@@H]1CC=CC=NC1,10,False,True,True,selfies_token_mutation
CAND_20c29368f4,selfies,JAK2_968daa996c,CC=CCNC=NC1=C(F)C(NF)C[C@@H](c2ccc(F)cn2)N1,CEJUBISXYZLUNR-UEWDXFNNSA-N,True,True,True,325.338,2.4304,61.34,3,4,6,0.2471,2.75,C1=CN[C@H](c2ccccn2)CC1,6,False,False,True,selfies_token_mutation
CAND_7275598d53,selfies,JAK2_968daa996c,C[C@H](Nc1nc(Nc2cc[nH]n2)nc(N2CCN[SH](C)(=O)SCC2)c1F)c1ccc(F)cn1,IKCUZRGEJMPLTN-LBPRGKRZSA-N,True,True,True,497.601,2.4089,123.75,5,9,6,0.258,4.32,O=S1NCCN(c2cc(NCc3ccccn3)nc(Nc3cc[nH]n3)n2)CCS1,8,False,True,True,selfies_token_mutation
CAND_6edf9f5e6b,selfies,JAK2_968daa996c,C=C1C[C@H](NC2(F)N=CN(C3C=CCN3)N=C2N2CCN(S(C)(=O)=O)CC2)C=CC=C1F,AGMVSCIJPLQJKF-PPDQVPDSSA-N,True,True,True,467.546,0.6575,92.64,2,8,4,0.4663,3.903,C=C1C=CC=C[C@@H](NC2N=CN(C3C=CCN3)N=C2N2CCNCC2)C1,7,False,False,True,selfies_token_mutation
CAND_895ecb9444,selfies,JAK2_eb0f359259,Cc1cnc(NC2=NC(N[C@@H]3C=NC(N)C=NC3)COC=C2)s1,YPXXUDPGTLASQH-ZBOXLXRLSA-N,True,True,True,333.421,0.5301,109.28,3,9,3,0.7474,2.875,C1=CC(Nc2nccs2)=NC(N[C@@H]2C=NCC=NC2)CO1,7,False,False,True,selfies_token_mutation
CAND_a6bed58fc9,selfies,JAK2_eb0f359259,COC=CC(=NC1C=NC(=NC=CF)CC[CH]NP1)NC=NC=CCCS,OCCMAUCHGZOFBR-UHFFFAOYSA-N,True,True,True,411.467,3.3713,82.73,3,6,8,0.1883,3.591,N=C1CC[CH]NPCC=N1,9,False,True,True,selfies_token_mutation
CAND_d8664937ff,selfies,JAK2_eb0f359259,COC=C1N=C(N[C@@H](C)C=C=NC=C(F)C=N)N=C1Nc1ncc(C)s1,OICRVTBEFIYTJA-JTQLQIEISA-N,True,True,True,375.433,2.7838,107.11,3,9,6,0.5248,2.641,C=C1N=CN=C1Nc1nccs1,5,False,False,True,selfies_token_mutation
CAND_c0f7a1bc0b,selfies,JAK2_eb0f359259,COC=C1N=C(N[C@@H](C)c2ncc(F)cn2)N=C1N=Nc1ncc(C)s1,PNRWYRQEZXYCKY-VIFPVBQESA-N,True,True,True,374.405,3.071,109.37,1,10,4,0.6532,2.636,C=C1N=C(NCc2ncccn2)N=C1N=Nc1nccs1,6,False,False,True,selfies_token_mutation
CAND_eb0f359259,selfies,JAK2_eb0f359259,COc1cc(Nc2ncc(C)s2)nc(N[C@@H](C)c2ncc(F)cn2)n1,WGKSOSILOJKGAV-VIFPVBQESA-N,True,True,False,361.406,3.0959,97.74,2,9,6,0.6911,2.813,c1cnc(CNc2nccc(Nc3nccs3)n2)nc1,6,False,False,True,selfies_token_mutation
CAND_642d47b223,selfies,JAK2_eb0f359259,COC1=CC(Nc2ncc(C)s2)=NC(PN[CH]CC=NC=C(C)N)N1,STXRAYGUCDDRRY-UHFFFAOYSA-N,True,True,True,380.438,2.2623,108.95,4,9,8,0.3129,3.169,C1=CC(Nc2nccs2)=NCN1,6,False,False,True,selfies_token_mutation
CAND_3174c90705,selfies,JAK2_eb0f359259,Cc1cnc(NC2=NC(N[C@@H](C)C=NC=C(F)C#N)COC2)s1,SSLBQEAQVSROFZ-QHGLUPRGSA-N,True,True,True,336.396,2.0016,94.69,2,8,5,0.6334,2.625,c1csc(NC2=NCCOC2)n1,6,False,False,True,selfies_token_mutation
CAND_b071980404,selfies,JAK2_eb0f359259,COC=CC(=NC1C=NC(=NC=CF)[C@H](C)N1)Nc1ncc(C)s1,BMMKDMICRCZVEP-AMGKYWFPSA-N,True,True,True,350.423,2.6498,83.26,2,6,5,0.4858,2.627,N=C1CNC(N=CNc2nccs2)C=N1,6,False,False,True,selfies_token_mutation
CAND_f7fde8ca52,selfies,JAK2_eb0f359259,COC=CC1=NC(N[C@H]2CN=CC(F)=CN2)C(=CCCS)N=CN1,CLURLACQCHEPQK-MLCCFXAWSA-N,True,True,True,352.439,1.107,82.4,4,8,6,0.4263,2.764,C=C1N=CNC=NC1N[C@H]1CN=CC=CN1,7,False,False,True,selfies_token_mutation
CAND_2c2063b136,selfies,JAK2_eb0f359259,Cc1cnc(NC2=NC(N[CH]CCc3ncc(F)cn3)COC=C2)s1,PONXJVGWTOHQAF-UHFFFAOYSA-N,True,True,True,361.426,2.4452,84.32,2,8,6,0.7691,2.813,[CH](CCc1ncccn1)NC1COC=CC(Nc2nccs2)=N1,7,False,False,True,selfies_token_mutation
CAND_84dc58bdb3,selfies,JAK2_eb0f359259,COC=C1N=C(N[C@@H](C)c2ncc(F)cn2)N=S2C(C)=CN=C2NC1N,WDVHOFCCFRUZIS-OYDRMRPISA-N,True,True,True,378.437,1.0309,122.17,3,9,3,0.6755,3.533,C=C1CNC2=NC=CS2=NC(NCc2ncccn2)=N1,8,False,True,True,selfies_token_mutation
CAND_957695cbf7,selfies,JAK2_eb0f359259,COC=CC1=NC(N[C@@H]2C=NC=C(F)C(=N)C2)[SH]2C(C)=NN=C2N1,ZLPRNBZMMHKIEK-LLTODGECSA-N,True,True,True,351.411,1.3994,106.58,4,8,4,0.4542,3.008,N=C1C=CN=C[C@@H](NC2N=CNC3=NN=C[SH]32)C1,7,False,False,True,selfies_token_mutation
CAND_1bae26071f,selfies,JAK2_1bae26071f,Cc1cc(Nc2nc(N[C@@H](C)c3ccc(F)cn3)cnc2C)n[nH]1,OGOUUWVUPLCXQA-JTQLQIEISA-N,True,True,False,327.367,3.2673,91.41,3,6,5,0.666,2.625,c1ccc(CNc2cncc(Nc3cc[nH]n3)n2)nc1,6,False,False,True,selfies_token_mutation
CAND_8732794f84,selfies,JAK2_1bae26071f,C[C@@H]1NC(N=CNC2=NNCC=C2)C=NC1=CC=CF,JMGOPDOGTJWRBH-NKUHCKNESA-N,True,True,True,276.319,0.8329,73.17,3,5,3,0.5279,2.375,C=C1CNC(N=CNC2=NNCC=C2)C=N1,6,False,False,True,selfies_token_mutation
CAND_b75baa0f28,selfies,JAK2_1bae26071f,CC=CC1(NC=NC(=CN=CN)SN[C@@H](C)c2ccc(F)cn2)C=NN1,FMRMQTYCHOPYLR-HKALDPMFSA-N,True,True,True,376.465,1.7847,112.08,4,7,9,0.2262,3.272,C=C(N=CNC1C=NN1)SNCc1ccccn1,6,False,False,True,selfies_token_mutation
CAND_43c460795b,selfies,JAK2_1bae26071f,CC=C1NN=CC1NC=NNC1=CN=Cc2nc(ccc2F)[C@H](C)N1,SWNFDGOBOUXLIY-MYHCZTBNSA-N,True,True,True,342.382,1.0866,98.09,4,7,4,0.373,3.25,C=C1NN=CC1NC=NNC1=CN=Cc2cccc(n2)CN1,9,False,True,True,selfies_token_mutation
CAND_3fa11742db,selfies,JAK2_1bae26071f,C[C@H](ONC1=CN=CC=NNC2=CCC2NC=N1)c1ccc(F)cn1,SZFJXIYRFASHBY-ZSOXZCCMSA-N,True,True,True,343.366,1.5357,95.29,3,8,4,0.7209,3.95,C1=NC=C(NOCc2ccccn2)N=CNC2CC=C2NN=C1,12,True,False,True,selfies_token_mutation
CAND_fdb1879639,selfies,JAK2_1bae26071f,C[C@@H](C=CC=C(F)C=N)NC1N=CN2CC=CCNN=CC2=N1,APDZPTKDBZHWDF-SFVWDYPZSA-N,True,True,True,317.372,1.1949,88.23,3,7,5,0.4043,3.125,C1=CCN2C=NCN=C2C=NNC1,9,False,True,True,selfies_token_mutation
CAND_0328ebe1a9,selfies,JAK2_1bae26071f,Cc1ncc(N[C@@H](C)c2ccc(F)cn2)nc1NC1=NCC=C1,JOWOOOKQQJMYSE-JTQLQIEISA-N,True,True,True,312.352,2.8724,75.09,2,6,4,0.9077,2.5,C1=CC(Nc2cncc(NCc3ccccn3)n2)=NC1,6,False,False,True,selfies_token_mutation
CAND_9d9009a24f,selfies,JAK2_1bae26071f,CN=CN=C(N=CNc1cc(C)[nH]n1)N[C@@H](C)c1ccc(F)cn1,BPPRKJBFZSZZRZ-NSHDSACASA-N,True,True,True,330.371,2.0573,102.71,3,3,5,0.5765,2.375,N=C(N=CNc1cc[nH]n1)NCc1ccccn1,6,False,False,True,selfies_token_mutation
CAND_b33c16787b,selfies,JAK2_1bae26071f,C[C@H](Nc1cnc2c(n1)CC=CCNN=C2)c1ccc(F)cn1,OPXANRVSLLKEFN-NSHDSACASA-N,True,True,True,312.352,2.2196,75.09,2,6,3,0.8501,2.875,C1=CCc2nc(NCc3ccccn3)cnc2C=NNC1,9,False,True,True,selfies_token_mutation
CAND_62ada37419,selfies,JAK2_293336b5e7,CC1=NC(N[C@@H]2CC=C(F)C=NC2)N=CNC2=NNCC1=C2,IAKDUXGXVCWQDN-PUODRLBUSA-N,True,True,True,303.345,0.4916,85.53,3,7,2,0.6939,3.0,C1=CC[C@@H](NC2N=CNC3=NNCC(=C3)C=N2)CN=C1,9,False,True,True,selfies_token_mutation
CAND_2284aad231,selfies,JAK2_293336b5e7,CC1NN=Cc2nc(C#N)c(N[C@@H](C)c3ccc(F)cn3)nc2CC=[SH]1,GTKVXDQBCAAONR-VUWPPUDQSA-N,True,True,True,371.445,2.1488,98.88,3,7,3,0.5648,3.244,C1=NNC[SH]=CCc2nc(NCc3ccccn3)cnc21,9,False,True,True,selfies_token_mutation
CAND_6b1b43063b,selfies,JAK2_293336b5e7,CN(c1ccc(F)cn1)C1(C#N)N=CC2C3=CC2NN=CC3=N1,LJVFSXINIAEFBV-UHFFFAOYSA-N,True,True,True,309.308,0.8735,89.03,1,7,2,0.8777,3.0,C1=NNC2C=C3C1=NC(Nc1ccccn1)N=CC32,7,False,False,True,selfies_token_mutation
CAND_1e7d8422aa,selfies,JAK2_293336b5e7,C=NNC(C#N)=C(N=CNN1C=NNC1C=CC)N[C@@H](C)c1ccc(F)cn1,XCOPMIADLHHBCC-HKALDPMFSA-N,True,True,True,384.423,1.0528,125.12,4,9,9,0.1649,3.316,C=C(N=CNN1C=NNC1)NCc1ccccn1,6,False,False,True,selfies_token_mutation
CAND_400c24c855,selfies,JAK2_293336b5e7,C=NC1N=CN(C2C=NNCC2)C2(CC#N)C(F)=CC=CC2[CH]N1,IISXTSRVMAWTDQ-UHFFFAOYSA-N,True,True,True,328.375,1.1055,88.17,2,7,3,0.7597,3.625,[CH]1NCN=CN(C2C=NNCC2)C2C=CC=CC12,8,False,True,True,selfies_token_mutation
CAND_4cee3f2d94,selfies,JAK2_293336b5e7,C[C@@H](C=CCCF)NC1=C2C=NNC23C=CC3CNC=N1,DOQRRNABHDDPBP-BZUNDVKYSA-N,True,True,True,289.358,1.2372,60.81,3,5,5,0.6674,3.625,C1=CC23NN=CC2=CN=CNCC13,8,False,True,True,selfies_token_mutation
CAND_638cbe0984,selfies,JAK2_293336b5e7,CCc1cc(Nc2nc(N[C@@H](C)c3ccc(F)cn3)c(C#N)nc2C)n[nH]1,PNLWODSGYVTESZ-JTQLQIEISA-N,True,True,True,366.404,3.393,115.2,3,7,6,0.6122,2.841,c1ccc(CNc2cncc(Nc3cc[nH]n3)n2)nc1,6,False,False,True,selfies_token_mutation
CAND_5b29ac4c69,selfies,JAK2_293336b5e7,CC1=CCN(Nc2nc(N[C@@H](C)c3ccc(F)cn3)c(C#N)nc2C)N1,ZLQVYVCWOPVTAY-NSHDSACASA-N,True,True,True,354.393,2.4148,101.79,3,8,5,0.7524,2.649,C1=CNN(Nc2cncc(NCc3ccccn3)n2)C1,6,False,False,True,selfies_token_mutation
CAND_4ccab6db23,selfies,JAK2_293336b5e7,C[C@H]1C=CC=C(F)C=NN(C2C=CCN2)C=NC(C#N)(N=CC=N)N1,OMRXIKFIUUFFNB-JEYLPNPQSA-N,True,True,True,342.382,1.087,112.02,3,8,3,0.5262,3.825,C1=CC=NN(C2C=CCN2)C=NCNCC=C1,12,True,False,True,selfies_token_mutation
CAND_8b0c1e6417,selfies,JAK2_293336b5e7,C=NC(C#N)=C(N=CNC1C=NNC1=CC)N[C@@H](O)Cc1ccc(F)cn1,BKSMNDYYFWAQSR-LYKKTTPLSA-N,True,True,True,370.392,0.5438,130.08,4,8,8,0.2287,3.113,C=C(N=CNC1C=NNC1=C)NCCc1ccccn1,6,False,False,True,selfies_token_mutation
CAND_647d09246b,selfies,JAK2_349178859a,N#Cc1cnc(NC2=CC(N3CCOCC3)=NC[C@@H](c3ccc(F)cn3)NC=N2)s1,JBKYFQAKKYVZEN-INIZCTEOSA-N,True,True,True,426.481,1.9057,110.82,2,10,3,0.7712,3.55,C1=NC(Nc2nccs2)=CC(N2CCOCC2)=NC[C@@H](c2ccccn2)N1,9,False,True,True,selfies_token_mutation
CAND_83ab7ae9a2,selfies,JAK2_349178859a,C[C@H](NC=C=NC(=CC(=N)N1CCOCC1)Nc1ncc(C#N)s1)c1ccc(F)cn1,JJLRLPZURBMDDG-AWEZNQCLSA-N,True,True,True,440.508,2.6459,122.31,3,9,7,0.4468,3.378,N=C(C=C(N=C=CNCc1ccccn1)Nc1nccs1)N1CCOCC1,6,False,False,True,selfies_token_mutation
CAND_5dcb5ccb58,selfies,JAK2_349178859a,N#CC(S)=CN=CNNC1(CC(=N)N2CCOCC2)C[C@@H](C=CCF)NC=N1,DNHVQLFJYITUPG-XPCCGILXSA-N,True,True,True,408.507,0.7155,120.92,5,8,8,0.1008,3.325,N=C(CC1CCNC=N1)N1CCOCC1,6,False,False,True,selfies_token_mutation
CAND_b252ea621b,selfies,JAK2_349178859a,C[C@@H](c1ccc(F)cn1)N1N=C(N2CCOCC2)C2N=C1SC(C#N)=CN=CN2,GCBYKDNVHDMISW-HKALDPMFSA-N,True,True,True,414.47,1.6548,101.5,1,10,2,0.7852,3.608,C1=CSC2=NC(NC=N1)C(N1CCOCC1)=NN2Cc1ccccn1,9,False,True,True,selfies_token_mutation
CAND_2b62a34376,selfies,JAK2_349178859a,C=Cc1nc(Nc2ncc(C#N)s2)cc(N2CCOCC2)n1,KWVHLUVZMVORMK-UHFFFAOYSA-N,True,True,True,314.374,2.028,86.96,1,8,4,0.9235,2.25,c1nc(Nc2nccs2)cc(N2CCOCC2)n1,6,False,False,True,selfies_token_mutation
CAND_1e710fbb22,selfies,JAK2_349178859a,C=CC12C[C@@H](C=C(C)F)NC=NC1N1CC(=C(C#N)S1=C)CCOCCN2,JPQCXIICZQHUBB-POAARKHFSA-N,True,True,True,391.516,2.2199,72.68,2,6,2,0.5578,3.731,C=S1C=C2CCOCCNC3CCNC=NC3N1C2,11,False,True,True,selfies_token_mutation
CAND_22d092771b,selfies,JAK2_349178859a,C[C@H]1CC=C(F)C=NN=C(N2CCOCC2)C=C(Nc2ncc(C#N)s2)N=N1,PRCZFSOYZBGGNT-LBPRGKRZSA-N,True,True,True,402.459,3.0824,110.62,1,10,2,0.8172,3.741,C1=CCCN=NC(Nc2nccs2)=CC(N2CCOCC2)=NN=C1,12,True,False,True,selfies_token_mutation
CAND_d6230a1591,selfies,JAK2_349178859a,C[C@@H](C=CC1=C(F)C=N1)NC=NC(=CC(=N)N1CCOCC1)Nc1ncc(C#N)s1,NVHSEQRVRYPZNV-ZDUSSCGKSA-N,True,True,True,428.497,2.4056,121.78,3,8,8,0.4318,3.436,N=C(C=C(N=CNCC=CC1=CC=N1)Nc1nccs1)N1CCOCC1,6,False,False,True,selfies_token_mutation
CAND_ab40ad05e1,selfies,JAK2_349178859a,C[C@H](NC1=NC(Nc2ncc(C#N)s2)SC(N2CCOCC2)=N1)c1ccc(F)cn1,DPALIRRJCNWYJS-PIJUOJQZSA-N,True,True,True,446.537,2.3862,110.82,2,11,4,0.7366,3.536,c1ccc(CNC2=NC(Nc3nccs3)SC(N3CCOCC3)=N2)nc1,6,False,False,True,selfies_token_mutation
CAND_20bc93a6f4,selfies,JAK2_349178859a,N#CC1=CN=C2NN=CN=C(N3CCOCC3)C=S12,PXXCQXWMMYBZTK-UHFFFAOYSA-N,True,True,True,276.325,0.0693,85.37,1,7,0,0.6344,2.5,C1=CS2=CC(N3CCOCC3)=NC=NNC2=N1,8,False,True,True,selfies_token_mutation
CAND_432c1c9890,selfies,JAK2_349178859a,C[C@H](NC1=NCNC=NC=C(C#N)SSC(N2CCOCC2)=N1)c1ccc(F)cn1,NAIQTSOAQGSUFA-ZDUSSCGKSA-N,True,True,True,448.553,2.2509,110.29,2,11,2,0.6632,3.998,C1=CSSC(N2CCOCC2)=NC(NCc2ccccn2)=NCNC=N1,12,True,False,True,selfies_token_mutation
CAND_55ba716c63,selfies,JAK2_349178859a,C=S1C(C#N)=CN=C1C1OC[C@H](C)N=C1N1CCOCC1,PDENIMGLMROEIE-BJIRRVCCSA-N,True,True,True,306.391,0.9824,70.21,0,6,1,0.6772,2.625,C=S1C=CN=C1C1OCCN=C1N1CCOCC1,6,False,False,True,selfies_token_mutation
CAND_91e8126d06,selfies,JAK2_1ffaf013ab,CC=C1N=C(NC=C2N=C(N[C@@H](C)CN=NC=C(F)C=N)N=C2N2CCOCC2)S1,YRTCFYCHIZEVCL-LBPRGKRZSA-N,True,True,True,433.517,2.3726,122.18,3,11,6,0.4385,3.214,C=C1N=C(NC=C2N=CN=C2N2CCOCC2)S1,6,False,False,True,selfies_token_mutation
CAND_4fb90a1c69,selfies,JAK2_1ffaf013ab,Cc1cnc(NC2=CC(CCOCC=NCN[C@@H](C)C=NC=C[SH](F)C=N)=N2)s1,UKOFQBKOUBLCSV-AWEZNQCLSA-N,True,True,True,439.586,3.6073,107.11,4,9,14,0.1537,3.998,C1=NC(Nc2nccs2)=C1,5,False,False,True,selfies_token_mutation
CAND_267d5d4225,selfies,JAK2_1ffaf013ab,Cc1cnc(NC2=CC(NN[C@@H](C)c3ncc(F)cn3)(NC3COCCO3)N2)s1,UXAGTOIIGIYDJC-HUZSNBGSSA-N,True,True,True,422.49,0.7088,117.28,5,11,8,0.3075,4.153,C1=C(Nc2nccs2)NC1(NNCc1ncccn1)NC1COCCO1,6,False,False,True,selfies_token_mutation
CAND_d7a43aa137,selfies,JAK2_1ffaf013ab,C[C@@H](C=NC=C(F)C#N)NC1CC=CN=CNC=CC(N2CCOCC2)=N1,OVIBVNCSASSJFG-MYJWUSKBSA-N,True,True,True,373.436,1.4756,97.4,2,8,4,0.5746,3.13,C1=CN=CNC=CC(N2CCOCC2)=NCC1,11,False,True,True,selfies_token_mutation
CAND_d3138058a9,selfies,JAK2_1ffaf013ab,Cc1cnc(NC2=CC3CCOCC(=NC(N[C@@H](C)c4ncc(F)cn4)=N2)N3)s1,SGJZVROJNKHSLL-AMGKYWFPSA-N,True,True,True,416.486,2.1313,108.71,3,10,4,0.7006,3.869,C1=C(Nc2nccs2)N=C(NCc2ncccn2)N=C2COCCC1N2,8,False,True,True,selfies_token_mutation
CAND_cfc02e3bf8,selfies,JAK2_1ffaf013ab,Cc1cnc(NC=CC(=NC(F)N[C@@H](C)c2ncc(F)cn2)N2CCOCC2)s1,VNGOYEBGBDRJKZ-CWQZNGJJSA-N,True,True,True,423.493,2.6408,87.56,2,8,7,0.4021,3.533,C(=CC(=NCNCc1ncccn1)N1CCOCC1)Nc1nccs1,6,False,False,True,selfies_token_mutation
CAND_6b35d797fa,selfies,JAK2_1ffaf013ab,CC1=CN[SH](NC=CC(=NPN[C@@H](C)c2ncc(F)cn2)NC2CN=COC2)S1,ZIQKKQLKXWMRDP-NBFOIZRFSA-N,True,True,True,458.529,2.2372,107.85,5,9,8,0.1328,4.353,C1=CS[SH](NC=CC(=NPNCc2ncccn2)NC2CN=COC2)N1,6,False,False,True,selfies_token_mutation
CAND_eb83842d9a,selfies,JAK2_1ffaf013ab,C[C@H](NC1=NC2C=CN=C2NCC(N2CCOCC2)=N1)c1ncc(F)cn1,JXWNUOPVGWLFAR-AMGKYWFPSA-N,True,True,True,372.408,0.2506,99.39,2,9,2,0.7722,3.374,C1=CC2N=C(NCc3ncccn3)N=C(N3CCOCC3)CNC2=N1,8,False,True,True,selfies_token_mutation
CAND_d380e91d7b,selfies,JAK2_1ffaf013ab,C[C@@H](C=NC=C(F)Cl)NC1=NC2C=CN=C2NC=CC(N2CCOCC2)=N1,GUFSRFRYTAUEGM-UEWDXFNNSA-N,True,True,True,393.854,1.5405,85.97,2,8,3,0.7121,3.369,C1=CC2N=CN=C(N3CCOCC3)C=CNC2=N1,9,False,True,True,selfies_token_mutation
CAND_1ae854c5bb,selfies,JAK2_1ffaf013ab,C[C@H](Nc1nc(C2=NC=CC2)cc(N2CCOCC2)n1)c1ncc(F)cn1,DHECHFSIZBRGRK-LBPRGKRZSA-N,True,True,True,369.404,2.1219,88.42,1,8,5,0.8635,2.983,C1=CN=C(c2cc(N3CCOCC3)nc(NCc3ncccn3)n2)C1,6,False,False,True,selfies_token_mutation
CAND_5402cf0fdc,selfies,JAK2_1ffaf013ab,C[C@@H](NC=C(F)C=NCl)NC1(S)N=C(N2CCOCC2)C=CNC2=NC=CC21,FBIVPEYMCDUNBU-MKQDKFQKSA-N,True,True,True,427.937,1.5203,85.64,4,9,5,0.3035,4.058,C1=CC2CN=C(N3CCOCC3)C=CNC2=N1,8,False,True,True,selfies_token_mutation
CAND_16199627c9,selfies,JAK2_1ffaf013ab,C=Nc1cnc(Nc2cc(N3CCOCC3)nc(N[C@@H](C)c3ncc(F)cn3)n2)s1,VJVLKXDQDKINNC-NSHDSACASA-N,True,True,True,429.485,2.9476,113.34,2,11,7,0.5472,3.567,c1cnc(CNc2nc(Nc3nccs3)cc(N3CCOCC3)n2)nc1,6,False,False,True,selfies_token_mutation
CAND_60dde4bd49,selfies,JAK2_ea3454a640,CC(F)=CC=C[C@H](C)NC(C=O)(N=CNC1=NNCC=C1)NF,RBQCAVFRGVAJAW-NBFOIZRFSA-N,True,True,True,326.351,0.8116,89.91,4,6,8,0.1324,2.75,C1=CCNN=C1,6,False,False,True,selfies_token_mutation
CAND_2cad14e4fd,selfies,JAK2_ea3454a640,CC=CCNC=NC(NC(C)C1N=CC(F)=CS1)=C(F)C1CCS(=O)(=O)CCN1,QUAFAINWDYAAAE-UHFFFAOYSA-N,True,True,True,447.577,2.0284,94.95,3,7,8,0.2281,3.792,O=S1(=O)CCNC(C=CNCC2N=CC=CS2)CC1,7,False,False,True,selfies_token_mutation
CAND_8caead2f2f,selfies,JAK2_ea3454a640,CC=C1N=CC(F)=C(N=CNC23C=CC2NN3)CPN[C@H]1C,NNBZACQCIGVFQN-SQNUNTJVSA-N,True,True,True,322.328,1.0877,72.84,4,5,3,0.2716,3.625,C=C1CNPCC(N=CNC23C=CC2NN3)=CC=N1,9,False,True,True,selfies_token_mutation
CAND_d78653384d,selfies,JAK2_ea3454a640,C[C@H](NC(N=CNC1C=CCN1)=C(F)C1(N)NCS(=O)(=O)CC1=N)c1ccc(F)cn1,LWTVEJPXLBXSGZ-RVNWNWAHSA-N,True,True,True,454.507,-0.2364,157.38,6,9,7,0.1873,3.956,N=C1CS(=O)(=O)CNC1C=C(N=CNC1C=CCN1)NCc1ccccn1,6,False,False,True,selfies_token_mutation
CAND_7b399041f7,selfies,JAK2_ea3454a640,C[C@H](NC1=C(F)CN2CCS(=O)(=O)CC2(N)N(C2C=CCN2)C=N1)c1ccc(F)cn1,MPTUGNMFONPYNQ-LJSZUPLFSA-N,True,True,True,453.519,0.1822,115.95,3,9,4,0.5534,4.325,O=S1(=O)CCN2CC=C(NCc3ccccn3)N=CN(C3C=CCN3)C2C1,8,False,True,True,selfies_token_mutation
CAND_aa7fbba04f,selfies,JAK2_ea3454a640,CC=CC(=N[NH])NC=NC1=C(F)C(NC2CCCS(=O)(=O)C2)=Nc2cc(ncc2F)[SH](C)[CH]N1,RKTGIJSRUATTEO-UHFFFAOYSA-N,True,True,True,512.612,2.0589,144.0,4,8,4,0.2104,4.153,O=S1(=O)CCCC(NC2=Nc3ccnc(c3)S[CH]NC=C2)C1,10,False,True,True,selfies_token_mutation
CAND_2cabcbf2aa,selfies,JAK2_ea3454a640,CN(c1ccc(F)cn1)C(F)(N=CNC1C=CC1)C1(N[NH])NCC[SH](C)(=O)C1=N,XOERJUWCDXCDCK-UHFFFAOYSA-N,True,True,True,427.505,-0.0626,129.3,5,7,7,0.1035,3.806,N=C1C(C(N=CNC2C=CC2)Nc2ccccn2)NCCS1=O,6,False,False,True,selfies_token_mutation
CAND_e11eaac293,selfies,JAK2_ea3454a640,C[C@@H](C=CC=C(F)C#N)NC(N=CNC1C=CC1)=C(F)Cl,SMALEHDASZPXOE-NUHJPDEHSA-N,True,True,True,312.751,3.179,60.21,2,3,7,0.2495,2.625,C1=CCC1,4,False,False,True,selfies_token_mutation
CAND_920680fc01,selfies,JAK2_ea3454a640,CC=CCNc1nc(N[C@@H](C)c2ccc(F)cn2)c(F)c(N2CCS(=O)(=O)CC2)n1,KEOPHQIIXOXYQJ-ZDUSSCGKSA-N,True,True,True,438.504,2.5457,100.11,2,8,7,0.6365,3.367,O=S1(=O)CCN(c2cc(NCc3ccccn3)ncn2)CC1,6,False,False,True,selfies_token_mutation
CAND_af4f888df2,selfies,JAK2_8b3014135f,O=CNC=C1C=CNC2(C=C=CC=C2Cl)C1=CC=CC(F)F,BEANBWDXLGHTAM-UHFFFAOYSA-N,True,True,True,322.742,3.0673,41.13,2,2,4,0.6167,2.25,C=C1C=CNC2(C=C=CC=C2)C1=C,6,False,False,True,selfies_token_mutation
CAND_8cb994b3c7,selfies,JAK2_8b3014135f,O=CNc1cc2cc(F)ccc2c2c1C=CNC21CC=CC=C1Cl,LXRJCYRZUODKAI-UHFFFAOYSA-N,True,True,True,340.785,4.399,41.13,2,2,2,0.7955,2.5,C1=CCC2(C=C1)NC=Cc1ccc3ccccc3c12,6,False,False,True,selfies_token_mutation
CAND_2dda7a996a,selfies,JAK2_8b3014135f,O=CNC=CC=CNC(Cl)Nc1ccccc1,RNBGZTNRGMKXRI-UHFFFAOYSA-N,True,True,True,251.717,1.9839,53.16,3,3,7,0.2284,2.375,c1ccccc1,6,False,False,True,selfies_token_mutation
CAND_4fabe299cf,selfies,JAK2_8b3014135f,C=C1C=NC(F)C=C1C=C1C(=CNC=O)C=CNC12CC=CC=C2Cl,NYPWRUFSXHVRMK-UHFFFAOYSA-N,True,True,True,357.816,3.3436,53.49,2,3,3,0.6009,2.668,C=C1C=NCC=C1C=C1C(=C)C=CNC12C=CC=CC2,6,False,False,True,selfies_token_mutation
CAND_fbc9f2abcb,selfies,JAK2_8b3014135f,O=CNC=CC=C1NC(c2ccccc2Cl)=NC1OCC=CCF,XZNZXPWDRMNSFV-UHFFFAOYSA-N,True,True,True,349.793,2.7018,62.72,2,4,8,0.5601,2.75,C=C1CN=C(c2ccccc2)N1,6,False,False,True,selfies_token_mutation
CAND_3d5c0c5372,selfies,JAK2_8b3014135f,O=c1[nH]ccc2c1c1c(c3nc(-c4ccccc4Cl)[nH]c32)C=CN(F)C1,SCCFCKMJPIIUGM-UHFFFAOYSA-N,True,True,True,366.783,4.3956,64.78,2,3,1,0.4908,2.418,O=c1[nH]ccc2c1c1c(c3nc(-c4ccccc4)[nH]c32)C=CNC1,6,False,False,True,selfies_token_mutation
CAND_a2f01d5a38,selfies,JAK2_8b3014135f,O=CNC=CC=c1[nH]c2nc1=CC=CC(F)=CC(O)c1ccc(Cl)c-2c1,APUNIQXGYNTAHG-UHFFFAOYSA-N,True,True,True,371.799,2.0074,78.01,3,3,3,0.7221,3.696,C=c1[nH]c2nc1=CC=CC=CCc1cccc-2c1,12,True,False,True,selfies_token_mutation
CAND_ec6a13f45d,selfies,JAK2_8b3014135f,O=CNC=CC=C1NC(c2ccccc2Cl)=NO1,ZANVIAUBXSIFTG-UHFFFAOYSA-N,True,True,True,263.684,1.7225,62.72,2,4,4,0.8134,2.0,C=C1NC(c2ccccc2)=NO1,6,False,False,True,selfies_token_mutation
CAND_5490853ca8,selfies,JAK2_8b3014135f,O=c1[nH]ccc2c3[nH]c(C4CC=CC=C4Cl)nc3c3ccc(F)cc3c12,DRKKGGVEKJIUKQ-UHFFFAOYSA-N,True,True,True,365.795,4.8629,61.54,2,2,1,0.4729,2.663,O=c1[nH]ccc2c3[nH]c(C4C=CC=CC4)nc3c3ccccc3c12,6,False,False,True,selfies_token_mutation
CAND_64b1f1fd27,selfies,JAK2_8b3014135f,C=C1C=C(F)C=CC12N=C(c1ccccc1Cl)NC=CC2=CNC=O,BXUUZXCLGJWYPY-UHFFFAOYSA-N,True,True,True,355.8,3.5516,53.49,2,3,3,0.8146,2.407,C=C1C=CC=CC12N=C(c1ccccc1)NC=CC2=C,7,False,False,True,selfies_token_mutation
CAND_6b4c0dddca,selfies,JAK2_c828b6ae57,CC1=CN=C[C@@H](NC2=C(C#N)N=C(C)N(C3=NNCC=C3)C=N2)CN1,DVODJIXVXNRCMZ-CYBMUJFWSA-N,True,True,True,337.391,0.4078,112.56,3,9,2,0.6753,2.25,C1=CC(N2C=NC=C(N[C@@H]3C=NC=CNC3)N=C2)=NNC1,7,False,False,True,selfies_token_mutation
CAND_9ff613203c,selfies,JAK2_c828b6ae57,C=NC(C#N)=C(N=CNC1C=NNC1=CC)N[C@@H](C)C=NNC=C(F)C=N,GZNTYDRVHWUJFZ-VPHXOMNUSA-N,True,True,True,372.412,0.8729,145.2,5,9,10,0.1672,3.125,C=C1CC=NN1,5,False,False,True,selfies_token_mutation
CAND_74abcedaac,selfies,JAK2_c828b6ae57,CC=C1NN=CC1NC=NC(N[C@@H](C)c1ncc(F)cn1)=C(C#N)N=CO,CELZRTAZBYHZBJ-XLLULAGJSA-N,True,True,True,371.38,1.0246,142.97,4,8,7,0.3183,2.994,C=C(N=CNC1C=NNC1=C)NCc1ncccn1,6,False,False,True,selfies_token_mutation
CAND_f807afcc0c,selfies,JAK2_c828b6ae57,C=NC(C#N)=C(N=CNC1C=NNC1=CC)N[C@@H](C)Cc1ncc(F)cn1,JCQXGOXEOIOFEL-VPHXOMNUSA-N,True,True,True,369.408,1.0089,122.74,3,8,8,0.357,3.108,C=C(N=CNC1C=NNC1=C)NCCc1ncccn1,6,False,False,True,selfies_token_mutation
CAND_b090dd763b,selfies,JAK2_c828b6ae57,CC=C1NC=NC(N)(N[C@@H]2C=NC=C(C)N(C)C2)N=C1C=N[NH],BOZSWZRLZOFXSH-YNODCEANSA-N,True,True,True,316.393,-0.3629,126.56,3,8,3,0.373,2.375,C=C1C=NC(N[C@@H]2C=NC=CNC2)N=CN1,7,False,False,True,selfies_token_mutation
CAND_6fb850a350,selfies,JAK2_c828b6ae57,C=NC(C#N)C(N=CNC1(C=CC)CC=NN1)N[C@@H](C)C=NC=C(F)C=NS,ATOQMIODSGEUSO-AXTFLNQGSA-N,True,True,True,405.507,1.5501,121.68,4,9,11,0.1803,3.933,C1=NNCC1,5,False,False,True,selfies_token_mutation
CAND_11ae3e4bf0,selfies,JAK2_c828b6ae57,Cc1nc(C#N)c(N[CH]Cc2ncc(F)cn2)nc1NC1=NCC=C1,HXZBUEZOPHERMN-UHFFFAOYSA-N,True,True,True,337.342,1.7824,111.77,2,8,5,0.855,2.375,[CH](Cc1ncccn1)Nc1cncc(NC2=NCC=C2)n1,6,False,False,True,selfies_token_mutation
CAND_1ba493a351,selfies,JAK2_c828b6ae57,C[C@H](NPN=CNC1C=CCN1)c1ncc(F)cn1,NVZKLWKZBCWTJP-PEHGTWAWSA-N,True,True,True,282.263,0.8782,74.23,3,5,6,0.3125,3.0,C1=CC(NC=NPNCc2ncccn2)NC1,6,False,False,True,selfies_token_mutation
CAND_7c72d86fe6,selfies,JAK2_c828b6ae57,CC1=CCNc2nc(N[C@@H](C)c3ncc(F)cn3)c(C#N)nc2C=NN1,MIQVFQRCRHMFNP-JTQLQIEISA-N,True,True,True,353.365,1.7033,123.8,3,9,3,0.7616,2.894,C1=CNN=Cc2ncc(NCc3ncccn3)nc2NC1,9,False,True,True,selfies_token_mutation
CAND_110d030a85,selfies,JAK2_c828b6ae57,C[C@H](NC(N=CNC1C=CCN1)=C(CS)N=CN)c1ncc(F)cn1,NZTWPRIZKSGMGR-NKUHCKNESA-N,True,True,True,364.454,0.4556,112.61,5,7,8,0.1982,3.08,C=C(N=CNC1C=CCN1)NCc1ncccn1,6,False,False,True,selfies_token_mutation
CAND_c05d9f82e5,selfies,JAK2_c828b6ae57,C[C@@H](CC=C(F)C=NF)NC1(C#N)N=CN(C2C=CCN2)C(C=N)=N1,GAHMENORBSSQHH-ZOODHJKOSA-N,True,True,True,348.361,1.2181,112.02,3,8,7,0.4742,3.125,C1=CC(N2C=NCN=C2)NC1,6,False,False,True,selfies_token_mutation
CAND_527b0c26f5,selfies,JAK2_c828b6ae57,CC=CC1=NNC=C2C[C@@H](C=NC=C2F)NC(C#N)(N=CCC)N=CN1,GERXLQRSGNEBDY-MBIQTGHCSA-N,True,True,True,356.409,1.8828,109.32,3,8,3,0.6708,3.611,C1=CC2=CNN=CNC=NCN[C@H](C=N1)C2,12,True,False,True,selfies_token_mutation
CAND_c2cd3a867a,selfies,JAK2_7001b0c220,C[C@@H](CN=CC#N)NC=NCNCc1[nH][nH]c1CC1CC1,ZPRNWPDKUJGRGZ-NSHDSACASA-N,True,True,True,289.387,0.9432,104.15,4,4,10,0.2926,3.0,c1[nH][nH]c1CC1CC1,4,False,False,True,selfies_token_mutation
CAND_03d092f3ba,selfies,JAK2_7001b0c220,N#CC1=C=C(Cl)N=CN[C@H](CC=C(F)CF)C1,ZIIQTCDYKPIUJW-ZSBNCNBJSA-N,True,True,True,257.671,2.7187,48.18,1,3,3,0.6242,2.375,C1=CCCNC=NC=1,8,False,True,True,selfies_token_mutation
CAND_3f3a582a0c,selfies,JAK2_7001b0c220,C[C@@H](CC=C(F)C=N)NC=NSNc1cc(C2CC2)[nH]n1,YMHKBYXZYMXZEH-VIFPVBQESA-N,True,True,True,310.402,3.1617,88.95,4,5,9,0.3203,2.875,c1cc(C2CC2)[nH]n1,5,False,False,True,selfies_token_mutation
CAND_ff5dc722c7,selfies,JAK2_7001b0c220,CC=NC=C(CNc1cc(C2CC2)[nH]n1)N=CN[C@@H](C)Nc1ccc(F)cn1,FIVMKIPJYBPFAA-CYBMUJFWSA-N,True,True,True,384.463,3.2412,102.38,4,6,10,0.2861,3.441,C=C(CNc1cc(C2CC2)[nH]n1)N=CNCNc1ccccn1,6,False,False,True,selfies_token_mutation
CAND_e807c710f9,selfies,JAK2_7001b0c220,C[C@@H](C=C1C[SH]=C(F)C=N1)Nc1nc(Nc2cc(C3CC3)[nH]n2)cnc1C#N,RVDHBUDHUJJXME-JTQLQIEISA-N,True,True,True,398.471,3.026,114.67,4,7,6,0.3378,3.269,C1=NC(=CCNc2cncc(Nc3cc(C4CC4)[nH]n3)n2)C[SH]=C1,6,False,False,True,selfies_token_mutation
CAND_7ce8a9983c,selfies,JAK2_7001b0c220,C[CH]Nc1nc(Nc2cc(C3CC3)[nH]n2)cnc1C#N,JXYRNVFYZYNUDL-UHFFFAOYSA-N,True,True,True,268.304,2.286,102.31,3,6,5,0.7685,2.375,c1cnc(Nc2cc(C3CC3)[nH]n2)cn1,6,False,False,True,selfies_token_mutation
CAND_e0a4a5af65,selfies,JAK2_7001b0c220,CC1=NC2(Nc3cc(C4CC4)[nH]n3)C[C@@H](Nc3ccc(F)cn3)N1C=N2,PVHZBOLSCLKNHR-BHWOMJMDSA-N,True,True,True,354.393,2.4911,93.59,3,7,5,0.767,3.349,C1=NC2(Nc3cc(C4CC4)[nH]n3)C[C@@H](Nc3ccccn3)N1C=N2,6,False,False,True,selfies_token_mutation
CAND_cdb5b08ede,selfies,JAK2_7001b0c220,N#CC1=NC(C2=NC(CCC=N)=C2)N=N[C@H](C=C(F)C=N)C1,LSPRZJSUDMYLMY-YNODCEANSA-N,True,True,True,299.313,2.7728,120.93,2,7,6,0.7197,2.75,C1=CC(C2N=CCCN=N2)=N1,7,False,False,True,selfies_token_mutation
CAND_4397447b6c,selfies,JAK2_7001b0c220,C=N[C@H](Nc1nc(Nc2cc(N3CC3)[nH]n2)cnc1C#N)c1ccc(F)cn1,MXCCFBCAJAGYFE-MRXNPFEDSA-N,True,True,True,378.375,1.9804,130.57,3,9,7,0.4201,3.283,c1ccc(CNc2cncc(Nc3cc(N4CC4)[nH]n3)n2)nc1,6,False,False,True,selfies_token_mutation
CAND_57ba27f772,selfies,JAK2_7001b0c220,CNc1ncc(Nc2cc(C3CC3)[nH]n2)nc1N[C@@H](C)Nc1ccc(F)cn1,XJFNUPLESAFWFA-JTQLQIEISA-N,True,True,True,383.435,3.2665,115.47,5,8,8,0.3766,3.436,c1ccc(NCNc2cncc(Nc3cc(C4CC4)[nH]n3)n2)nc1,6,False,False,True,selfies_token_mutation
CAND_7001b0c220,selfies,JAK2_7001b0c220,C[C@H](Nc1nc(Nc2cc(C3CC3)[nH]n2)cnc1C#N)c1ccc(F)cn1,XRMZZVRXPFSXIR-JTQLQIEISA-N,True,True,False,364.388,3.3996,115.2,3,7,6,0.6138,3.08,c1ccc(CNc2cncc(Nc3cc(C4CC4)[nH]n3)n2)nc1,6,False,False,True,selfies_token_mutation
CAND_03fba1bd07,selfies,JAK2_3a72ae39e0,C=C1C=NC=CC1=NC(=CC=CC=O)NC=C(F)Cl,SJXIVHHVKORODA-UHFFFAOYSA-N,True,True,True,279.702,2.775,53.82,1,4,5,0.4779,1.875,C=C1C=NC=CC1=N,6,False,False,True,selfies_token_mutation
CAND_2b8e0068aa,selfies,JAK2_3a72ae39e0,CC(F)OC(F)=CC(Cl)=CNC(=CC=CNC=O)NCl,MBQDIMDCWBFNQX-UHFFFAOYSA-N,True,True,True,328.146,2.6437,62.39,3,4,9,0.2635,2.375,,0,False,False,True,selfies_token_mutation
CAND_c5e0357092,selfies,JAK2_3a72ae39e0,O=c1[nH]ccc2c1=C1C=CNC=C1C=NC=2N1C=C(Cl)C=C(OC(F)F)C=C1Cl,QJNHQVAIBBHSOG-UHFFFAOYSA-N,True,True,True,437.233,2.2756,69.72,2,5,3,0.7127,2.86,O=c1[nH]ccc2c1=C1C=CNC=C1C=NC=2N1C=CC=CC=C1,7,False,False,True,selfies_token_mutation
CAND_a24b7ad1a9,selfies,JAK2_3a72ae39e0,O=C1NC=CCC=C(Nc2c(Cl)cc(OC(F)(F)F)cc2Cl)N=C2C=CN=CC12,MNHATAHKEBIPEJ-UHFFFAOYSA-N,True,True,True,445.228,4.8342,75.08,2,5,3,0.7,3.404,O=C1NC=CCC=C(Nc2ccccc2)N=C2C=CN=CC12,10,False,True,True,selfies_token_mutation
CAND_5b35c2d3b2,selfies,JAK2_3a72ae39e0,C=C1C=NC=CC1=NC(=CC=CNN=O)Nc1c(F)cc(OC(F)(F)F)cc1Cl,MLMUWOWUUWUJBU-UHFFFAOYSA-N,True,True,True,429.761,5.011,87.44,2,6,7,0.2759,2.824,C=C(N=C1C=CN=CC1=C)Nc1ccccc1,6,False,False,True,selfies_token_mutation
CAND_99aa82c8c3,selfies,JAK2_3a72ae39e0,NC(F)(F)OC(F)=CC(Cl)=CNC(Cl)=CC=CNC=O,SPOVGPHGFDFEOO-UHFFFAOYSA-N,True,True,True,332.109,2.3326,76.38,3,4,8,0.2096,2.0,,0,False,False,True,selfies_token_mutation
CAND_9d9fbc2e06,selfies,JAK2_3a72ae39e0,C=CC=NCC(=CC=CNC=O)NC(Cl)C=COC(C)(F)F,STAIXCPFKQFZCL-UHFFFAOYSA-N,True,True,True,333.766,2.6843,62.72,2,4,11,0.1525,2.625,,0,False,False,True,selfies_token_mutation
CAND_555b4f1683,selfies,JAK2_3a72ae39e0,C=C1C=NC=CC1C(=CC=CNC=O)NC=C(Cl)C=C(CCl)C(F)(F)F,HBWINXDDCZYKAF-UHFFFAOYSA-N,True,True,True,406.235,4.2978,53.49,2,3,8,0.359,2.812,C=C1C=NC=CC1,6,False,False,True,selfies_token_mutation
CAND_a0ca93152b,selfies,JAK2_3a72ae39e0,C=C1C=NC=CC1C(=CC=CNC=O)NC=C(Cl)C=C(CCl)OCCF,HEHRIBDLJIZAOX-UHFFFAOYSA-N,True,True,True,400.281,3.6791,62.72,2,4,11,0.2408,3.154,C=C1C=NC=CC1,6,False,False,True,selfies_token_mutation
CAND_98b8ed86c7,selfies,JAK2_3a72ae39e0,O=CNC=CC=C(NCl)NC=C(CF)CCl,HIVWHEWSFQYNDM-UHFFFAOYSA-N,True,True,True,268.119,1.5127,53.16,3,3,8,0.2706,2.0,,0,False,False,True,selfies_token_mutation
CAND_74199a7fa8,selfies,JAK2_3a72ae39e0,C=C1C=NC=CC1=NC(=CC=CNC=O)Nc1c(Cl)cc(OC(F)(F)F)cc1Cl,LPNDEUSCRBOCLX-UHFFFAOYSA-N,True,True,True,445.228,5.0003,75.08,2,5,7,0.4584,2.904,C=C(N=C1C=CN=CC1=C)Nc1ccccc1,6,False,False,True,selfies_token_mutation
CAND_3133d4e673,selfies,JAK2_74d84b7dc6,C[C@H](NCN=CCOCCC1=NC2(C=CC2)NC1)c1ncc(F)cn1,BOXNOSJZKCVZEK-CWQZNGJJSA-N,True,True,True,346.41,1.4017,83.79,2,7,9,0.4011,3.375,C1=CC2(C1)N=C(CCOCC=NCNCc1ncccn1)CN2,6,False,False,True,selfies_token_mutation
CAND_8d2418ba06,selfies,JAK2_74d84b7dc6,C[C@H](Nc1nc(NC2CCN2)cc(N2CCOCC2)n1)c1ncc(F)nn1,GODOUIUFERVUHP-NUHJPDEHSA-N,True,True,True,375.412,0.5417,113.01,3,10,6,0.661,3.391,c1cnc(CNc2nc(NC3CCN3)cc(N3CCOCC3)n2)nn1,6,False,False,True,selfies_token_mutation
CAND_5177158276,selfies,JAK2_74d84b7dc6,CC1=CN=C[C@@H](NC2N=C3COCCN3C#CNC3=NNC2C=C3)CN1N,HXBATSFAQNWLAH-TUBUQKNSSA-N,True,True,True,369.433,-1.5141,114.9,4,10,2,0.3454,3.808,C1#CN2CCOCC2=NC(N[C@@H]2C=NC=CNC2)C2C=CC(=NN2)N1,11,False,True,True,selfies_token_mutation
CAND_46df7bf44a,selfies,JAK2_74d84b7dc6,CC=C1NN=C1NC=C1CN=C(N[C@@H](C)c2ncc(F)cn2)N=C1N1CCOCC1,JUNACXIPTQKVMD-LBPRGKRZSA-N,True,True,True,413.461,0.6606,111.42,3,10,3,0.6675,2.978,C=C1NN=C1NC=C1CN=C(NCc2ncccn2)N=C1N1CCOCC1,6,False,False,True,selfies_token_mutation
CAND_92b11affea,selfies,JAK2_74d84b7dc6,CCOCCOc1cc(Nc2cc(C)[nH]n2)nc(N[C@@H](C)c2ncc(F)cn2)n1,ZCIDJYQZORRRJD-LBPRGKRZSA-N,True,True,True,402.434,2.7692,122.76,3,9,10,0.4392,3.541,c1cnc(CNc2nccc(Nc3cc[nH]n3)n2)nc1,6,False,False,True,selfies_token_mutation
CAND_c952286793,selfies,JAK2_74d84b7dc6,CC=CCC=CC(PN[C@@H](C)c1ncc(F)cn1)N1CCOCC1,PQSUZKQNRUVQIS-LBAUFKAWSA-N,True,True,True,352.394,3.0405,50.28,1,5,8,0.5757,3.263,c1cnc(CNPCN2CCOCC2)nc1,6,False,False,True,selfies_token_mutation
CAND_39a9f8c0a6,selfies,JAK2_74d84b7dc6,NC1(N[C@H]2CN=CC(F)=CN2)CC=CC(F)NC=CC(N2CCOCC2)=N1,KHHADTBJPKBLDU-CKDBGZEDSA-N,True,True,True,381.431,0.089,99.3,4,8,2,0.3074,3.425,C1=CN[C@@H](NC2CC=CCNC=CC(N3CCOCC3)=N2)CN=C1,10,False,True,True,selfies_token_mutation
CAND_8455925a36,selfies,JAK2_74d84b7dc6,C[C@H]1CC=C(F)C=NC2CN3CC(O2)C(N[NH])(N=C3C=CNC2C=CC2)N1,HTPUZAVRXYSMQO-FUZAWCRISA-N,True,True,True,374.444,0.6045,97.08,3,7,4,0.4947,4.136,C1=CCCNC2N=C(C=CNC3C=CC3)N3CC(N=C1)OC2C3,11,False,True,True,selfies_token_mutation
CAND_42c7831368,selfies,JAK2_74d84b7dc6,C[C@H](NC1=NN(C2C=CCN2)C=CC1N1CCOCC1)c1ncc(F)cn1,DEXWXQMVPQTACS-JEYLPNPQSA-N,True,True,True,373.436,0.5954,77.91,2,8,4,0.7484,3.38,C1=CC(N2C=CC(N3CCOCC3)C(NCc3ncccn3)=N2)NC1,6,False,False,True,selfies_token_mutation
CAND_c5e09b32ae,selfies,JAK2_74d84b7dc6,CC=CC(=N[NH])Nc1cc(N2CCOCC2)nc(N[C@@H](C)c2ncc(F)cn2)n1,UZLZXUJETQXTAW-LBPRGKRZSA-N,True,True,True,400.442,1.9998,124.25,2,8,6,0.4286,3.03,c1cnc(CNc2nccc(N3CCOCC3)n2)nc1,6,False,False,True,selfies_token_mutation
CAND_178c5974fe,selfies,JAK2_74d84b7dc6,C[C@H](NC1N=C(N2CCOCC2)C=CNC2=NNC1C=C2)c1ncc(F)cn1,JAHBOPCOPVBFAV-DTVQEZCTSA-N,True,True,True,386.435,0.2815,99.06,3,9,3,0.6863,4.027,C1=CC(N2CCOCC2)=NC(NCc2ncccn2)C2C=CC(=NN2)N1,10,False,True,True,selfies_token_mutation
CAND_2def81f056,selfies,JAK2_74d84b7dc6,CC=CC(=N[NH])NNC=C1N=C(N[C@@H](C)c2ncc(F)cn2)N=C1N[SH]1CCOCC1,ZLDASTOJTQLJKC-LBPRGKRZSA-N,True,True,True,449.54,0.6785,144.01,5,9,6,0.1859,3.303,C=C1N=C(NCc2ncccn2)N=C1N[SH]1CCOCC1,6,False,False,True,selfies_token_mutation
CAND_e0c9eef669,selfies,JAK2_06eea14a96,Cc1ccccc1C(=O)N1CCN(C2N=CN(C3C=CCN3)c3cccn32)CC1,UYEKHZZVFKIHCN-UHFFFAOYSA-N,True,True,True,390.491,2.0444,56.11,1,5,3,0.8153,3.3,O=C(c1ccccc1)N1CCN(C2N=CN(C3C=CCN3)c3cccn32)CC1,6,False,False,True,selfies_token_mutation
CAND_0e3e757df4,selfies,JAK2_06eea14a96,CC=CC=CCC(=O)N(CC)CCNC1=Nn2cccc2N(C(C=CC)=NCl)C=N1,LREPDMHFJSEKPW-UHFFFAOYSA-N,True,True,True,429.956,3.5444,77.59,1,5,8,0.3897,2.944,C1=NC=Nn2cccc2N1,7,False,False,True,selfies_token_mutation
CAND_cb1479eb15,selfies,JAK2_06eea14a96,Cc1ccccc1C(=O)N1CCN(C2=NNC=CC(N)N(C3C=CCN3)C=N2)CC1,BPTHHJNJWZEOBC-UHFFFAOYSA-N,True,True,True,408.51,0.2413,101.59,3,8,2,0.6064,3.575,O=C(c1ccccc1)N1CCN(C2=NNC=CCN(C3C=CCN3)C=N2)CC1,9,False,True,True,selfies_token_mutation
CAND_b0330abc30,selfies,JAK2_06eea14a96,CC=CC=CC=CC(=O)N1C=NNC2=CC=CC(CC1)N=CNC21C=CC1,RSRZRMIXBMXXNA-UHFFFAOYSA-N,True,True,True,363.465,2.579,69.09,2,5,3,0.46,3.2,C1=CC2CCNC=NNC(=C1)C1(C=CC1)NC=N2,11,False,True,True,selfies_token_mutation
CAND_7c9b491a78,selfies,JAK2_06eea14a96,CC=CC(=N[NH])Nc1nc(N2CCN(C(=O)C=CC=C3C=C3C)CC2)nn2cccc12,INZTWLGHTOGMCI-UHFFFAOYSA-N,True,True,True,417.497,2.4048,101.93,1,5,5,0.3484,3.0,O=C(C=CC=C1C=C1)N1CCN(c2ncc3cccn3n2)CC1,6,False,False,True,selfies_token_mutation
CAND_ef14c5c01f,selfies,JAK2_06eea14a96,CC1=CC(NC=NC(NC2CN=CC(=O)c3ccccc3CCC2=N)n2cccc2)N1,CRSRWLQMEWJUDE-UHFFFAOYSA-N,True,True,True,417.517,2.2731,106.66,4,6,6,0.4272,4.375,N=C1CCc2ccccc2C(=O)C=NCC1NC(N=CNC1C=CN1)n1cccc1,10,False,True,True,selfies_token_mutation
CAND_833d27a2d5,selfies,JAK2_06eea14a96,Nc1ccccc1C(=O)N1CCCC(NC(N=CNC23C=CC2NN3)=NCl)C1,VBRCJFFJFCRKIQ-UHFFFAOYSA-N,True,True,True,402.89,0.3332,119.17,5,5,4,0.2142,3.544,N=C(N=CNC12C=CC1NN2)NC1CCCN(C(=O)c2ccccc2)C1,6,False,False,True,selfies_token_mutation
CAND_9858b547e0,selfies,JAK2_06eea14a96,C=CN1N=C2CCc3ccccc3N(CC=O)CC2C2C=C1C(Nc1cc(C)[nH]n1)=N2,HPADVUHIAAWVCR-UHFFFAOYSA-N,True,True,True,415.501,2.8776,88.98,2,7,4,0.7499,4.064,C1=C2NN=C3CCc4ccccc4NCC3C1N=C2Nc1cc[nH]n1,8,False,True,True,selfies_token_mutation
CAND_a64fc59971,selfies,JAK2_06eea14a96,CC=C1NN=C1NCS1=NC(N2CCN(C(=O)c3ccccc3C)CC2)=Nn2cccc21,ZMPBNFOFXKROEA-UHFFFAOYSA-N,True,True,True,450.572,1.9156,89.62,2,7,3,0.7477,3.384,C=C1NN=C1NCS1=NC(N2CCN(C(=O)c3ccccc3)CC2)=Nn2cccc21,6,False,False,True,selfies_token_mutation
CAND_12f69c088b,selfies,JAK2_06eea14a96,CC=Cc1n[nH]n1C=NC1=Nn2cccc2C2CN1CCN2C(=O)C=C1C=CC=C1C,XGJATHXPQKINMR-UHFFFAOYSA-N,True,True,True,416.489,2.3829,86.81,1,5,3,0.4735,3.194,O=C(C=C1C=CC=C1)N1CCN2CC1c1cccn1N=C2N=Cn1cn[nH]1,7,False,False,True,selfies_token_mutation
CAND_d3bf36f624,selfies,JAK2_f8ef9f9f68,N=CC1=CC(N[C@@H]2C=NC=C(F)N(N)C2)N=CN1C1C=CCN1,QVZSVATWZHDPTB-GWMXKSKGSA-N,True,True,True,318.36,-0.3379,105.13,4,8,4,0.2457,3.0,C1=CC(N2C=CC(N[C@@H]3C=NC=CNC3)N=C2)NC1,7,False,False,True,selfies_token_mutation
CAND_dda06dc13e,selfies,JAK2_f8ef9f9f68,CC=C1NN=CSC1NC=NC(=NCl)N[C@@H](C)C=NC=C(F)NC=N,ZIVYNAVZMAYMHK-QHGLUPRGSA-N,True,True,True,387.876,1.6377,121.41,5,6,7,0.2581,2.835,C=C1CSC=NN1,6,False,False,True,selfies_token_mutation
CAND_f7fb512f59,selfies,JAK2_f8ef9f9f68,CC(F)=CN[C@@H]1CN=C(N=CNNC23C=CC2NN=C3)PN1,STVTYKSSXQMZJJ-YZRBJQDESA-N,True,True,True,324.304,-0.3257,97.23,5,7,5,0.1569,3.375,C1=CC2(NNC=NC3=NCCNP3)C=NNC12,6,False,False,True,selfies_token_mutation
CAND_cac5259563,selfies,JAK2_f8ef9f9f68,N=CC=CC(N=CNC1=CCN1)N[C@@H]1C=NC(F)C=NC1,AGIGHQJJBANYEH-ZBOXLXRLSA-N,True,True,True,291.334,-0.0102,97.02,4,6,7,0.3016,3.125,C1=NCC=NC[C@@H]1NCN=CNC1=CCN1,7,False,False,True,selfies_token_mutation
CAND_0e6ac65d62,selfies,JAK2_f8ef9f9f68,C[C@H](NPN=NC1C=CC1)c1ncc(F)cn1,BCCJWSZDCDUENC-JAVCKPHESA-N,True,True,True,253.221,2.5555,62.53,1,5,5,0.498,2.875,C1=CC(N=NPNCc2ncccn2)C1,6,False,False,True,selfies_token_mutation
CAND_c5f50c95a9,selfies,JAK2_f8ef9f9f68,Cc1cc(NC2[SH]=NC(N[C@@H](C)c3ncc(F)cn3)=NC2C)n[nH]1,OAWJMNRVWIUHMX-BVDKZHGWSA-N,True,True,True,350.427,1.4926,103.24,4,7,4,0.6258,3.002,c1cnc(CNC2=NCC(Nc3cc[nH]n3)[SH]=N2)nc1,6,False,False,True,selfies_token_mutation
CAND_7f07767dc8,selfies,JAK2_f8ef9f9f68,C[C@H](NPN=CNC1C=CNN1)c1ncc(F)cn1,PQNHSWQQMZXNTF-JAVCKPHESA-N,True,True,True,283.251,0.3403,86.26,4,6,6,0.3421,3.0,C1=CC(NC=NPNCc2ncccn2)NN1,6,False,False,True,selfies_token_mutation
CAND_d0305ae5f8,selfies,JAK2_f8ef9f9f68,C[C@@H](C=NCCF)NC1=NC=CN(C2C=CCNN=C2)C=NC1,KZSXMMPSCZNHQU-LSLKUGRBSA-N,True,True,True,319.388,0.7322,76.74,2,7,5,0.5793,3.125,C1=CC(N2C=CN=CCN=C2)C=NNC1,8,False,True,True,selfies_token_mutation
CAND_70b219632b,selfies,JAK2_f8ef9f9f68,Cc1cc(Cc2nc(N[C@@H](C)c3ncc(F)cn3)ncc2C)n[nH]1,QXIOJWXIAVQDKU-NSHDSACASA-N,True,True,True,327.367,2.5095,92.27,2,6,5,0.7479,2.625,c1cnc(CNc2nccc(Cc3cc[nH]n3)n2)nc1,6,False,False,True,selfies_token_mutation
CAND_b033405d0d,selfies,JAK2_f8ef9f9f68,CCNC(=N[NH])Nc1nc(N[C@@H](C)c2ncc(F)cn2)ncc1C,SOJGHZJOAGEVHT-VIFPVBQESA-N,True,True,True,332.367,1.4625,123.81,3,6,5,0.43,2.375,c1cnc(CNc2ncccn2)nc1,6,False,False,True,selfies_token_mutation
CAND_93c9ea2413,selfies,JAK2_f8ef9f9f68,CC1=CC(NC=NC(=NCF)N[C@@H](C)c2ncc(F)cn2)C=NN1,NGGAFPNCBUCYMS-NUHJPDEHSA-N,True,True,True,336.35,1.0286,98.95,3,5,5,0.4237,2.625,N=C(N=CNC1C=CNN=C1)NCc1ncccn1,6,False,False,True,selfies_token_mutation
CAND_780efbb203,selfies,JAK2_35d5ec9f03,N#CN1C=CCC=CC2NNC21NC1CC=C(F)C=NC1,WSKVHQIDZKBMFG-UHFFFAOYSA-N,True,True,True,288.33,0.6594,75.48,3,6,2,0.514,3.25,C1=CCC(NC23NC=CCC=CC2NN3)CN=C1,8,False,True,True,selfies_token_mutation
CAND_f24328fcef,selfies,JAK2_35d5ec9f03,N#CC1=NC=CNC2C=CCC1(N)NC1=CC=C(F)C(=NC1)N2,KICUTGDDMVGJQJ-UHFFFAOYSA-N,True,True,True,313.34,0.295,110.62,4,7,0,0.4806,2.75,C1=CC2=NCC(=C1)NC1C=NC=CNC(C=CC1)N2,11,False,True,True,selfies_token_mutation
CAND_80a8ac53e3,selfies,JAK2_35d5ec9f03,N#CC1=NC=CNC2CN=C2C1([NH])NC1C=CC=C(F)C(=N)C1,YTNUVOWZROMOIY-UHFFFAOYSA-N,True,True,True,312.332,0.619,120.22,3,6,2,0.6927,3.25,N=C1C=CC=CC(NC2C=NC=CNC3CN=C23)C1,8,False,True,True,selfies_token_mutation
CAND_175d439f77,selfies,JAK2_35d5ec9f03,CC=CC1=NP1NC=CN=C(C#N)CN=C=CC=C(F)C=N,ZAHMSCBNBJSCGW-UHFFFAOYSA-N,True,True,True,316.28,3.0408,96.75,2,6,8,0.4087,2.5,C1=NP1,3,False,False,True,selfies_token_mutation
CAND_967f366ec2,selfies,JAK2_35d5ec9f03,CC1(NN2C=CC(F)C=NC2)C(C#N)=NC=CNC2=NNC1C=C2,CMLPTQBOMXNETP-UHFFFAOYSA-N,True,True,True,328.355,0.3259,100.2,3,8,2,0.678,3.5,C1=CN(NC2C=NC=CNC3=NNC2C=C3)CN=CC1,10,False,True,True,selfies_token_mutation
CAND_43ed8337cb,selfies,JAK2_35d5ec9f03,CC1=CNC=CN(C#N)C1(N[NH])NC(C)C=CC=C(F)C=N,CLLQNMRKIJTOBR-UHFFFAOYSA-N,True,True,True,304.353,1.2263,110.77,4,6,6,0.1938,2.5,C1=CNC=CNC1,7,False,False,True,selfies_token_mutation
CAND_0eaf201297,selfies,JAK2_35d5ec9f03,CC1C=CC(=C(F)C=NN)NC2=CC=CCC(N)(N1)C(C#N)=NC=CN2,IUGIACKSOPWKPO-UHFFFAOYSA-N,True,True,True,356.409,0.7312,136.64,5,8,1,0.2668,3.361,C=C1C=CCNC2C=NC=CNC(=CC=CC2)N1,12,True,False,True,selfies_token_mutation
CAND_6aefc3ca83,selfies,JAK2_35d5ec9f03,CC(Nc1nc(NC2=NNCC=C2)cnc1C#N)c1ccc(F)cn1,HZHRITJWZBJNHG-UHFFFAOYSA-N,True,True,True,338.35,1.9403,110.91,3,8,4,0.781,2.5,C1=CC(Nc2cncc(NCc3ccccn3)n2)=NNC1,6,False,False,True,selfies_token_mutation
CAND_62571ba8a9,selfies,JAK2_35d5ec9f03,CC(NC1=NN(C2C=CCN2)C=CN1C#N)c1ccc(F)cn1,VFKRKALRNXXRDL-UHFFFAOYSA-N,True,True,True,313.34,1.1977,79.58,2,7,3,0.6446,2.625,C1=CC(N2C=CNC(NCc3ccccn3)=N2)NC1,6,False,False,True,selfies_token_mutation
CAND_fd8193ce9e,selfies,JAK2_35d5ec9f03,CC(C=CC=CCF)NC1(N)C(C#N)=NC=CNC2C=CC1N2,BUKBZGOLGZAOPZ-UHFFFAOYSA-N,True,True,True,316.384,0.5945,98.26,4,6,5,0.3381,3.625,C1=CNC2C=CC(CC=N1)N2,9,False,True,True,selfies_token_mutation
CAND_bd4945d12d,selfies,JAK2_35d5ec9f03,CC(NC1=NN(C2NCCO2)C=CN=C1N)c1ccc(F)cn1,HZQQHFDSACKIDM-UHFFFAOYSA-N,True,True,True,319.344,0.2322,100.16,3,8,3,0.7374,2.625,C1=CN(C2NCCO2)N=C(NCc2ccccn2)C=N1,7,False,False,True,selfies_token_mutation
CAND_73513ef906,selfies,JAK2_050c16628f,CCN=CCNC=CN=CC(F)N[C@@H](C)c1ccc(F)cn1,APNWKIKFSCKZBY-SFVWDYPZSA-N,True,True,True,309.364,2.3892,61.67,2,5,9,0.4182,2.875,c1ccncc1,6,False,False,True,selfies_token_mutation
CAND_91ca13626f,selfies,JAK2_050c16628f,C[C@H](NC1=NN(C2C=CCSN2)C=C=C1)c1ccc(F)cn1,OHRFDSJSHZOMIA-VPHXOMNUSA-N,True,True,True,317.393,2.3029,52.55,2,6,3,0.5089,2.625,C1=CC(NCc2ccccn2)=NN(C2C=CCSN2)C=1,6,False,False,True,selfies_token_mutation
CAND_33a777514f,selfies,JAK2_050c16628f,C[C@H](NC(=N)C=NC=CNC1C=CCN1)c1ccc(F)cn1,JVRHBQIHFLMGQU-VPHXOMNUSA-N,True,True,True,302.357,1.4657,85.19,4,5,6,0.3641,2.75,N=C(C=NC=CNC1C=CCN1)NCc1ccccn1,6,False,False,True,selfies_token_mutation
CAND_b678182711,selfies,JAK2_050c16628f,[NH]C1C=CCC(N)(N[C@@H]2CC=C(F)C=NC2)C=NC=CN1,FOSIGJKVHKFIFW-IYXRBSQSSA-N,True,True,True,291.354,0.628,98.6,3,5,2,0.5137,3.0,C1=CC[C@@H](NC2C=NC=CNCC=CC2)CN=C1,10,False,True,True,selfies_token_mutation
CAND_72a5f727bc,selfies,JAK2_050c16628f,C[C@H](NPCC=NC=CC1C=CC1)c1ccc(F)cn1,HESQKEUXEMRPAW-UEWDXFNNSA-N,True,True,True,291.31,3.6254,37.28,1,3,7,0.3604,3.125,C1=CC(C=CN=CCPNCc2ccccn2)C1,6,False,False,True,selfies_token_mutation
CAND_ab173a4b1b,selfies,JAK2_050c16628f,CC=CC=C(N=Nc1cncc(N[C@@H](C)c2ccc(F)cn2)n1)N[NH],DENJHVSYDFLAPP-NSHDSACASA-N,True,True,True,341.374,3.4725,111.25,2,7,7,0.4548,2.625,c1ccc(CNc2cnccn2)nc1,6,False,False,True,selfies_token_mutation
CAND_0e36bf4538,selfies,JAK2_050c16628f,CC1=CC2(NC=CN=CC2(N)N[C@@H](C)C=CC=COCF)NN1,PYUGBFAMEZEEQE-GRTSSRMGSA-N,True,True,True,322.388,0.4861,95.73,5,7,6,0.2774,3.0,C1=CNC2(C=CNN2)CC=N1,7,False,False,True,selfies_token_mutation
CAND_21448aea22,selfies,JAK2_050c16628f,[NH]NC1(N[C@@H]2C=CC=C(F)N(N)C2)C=NCNC2C=CC21,BCUFJSJVNYGTDA-VHSBIODMSA-N,True,True,True,292.342,-0.8291,101.51,4,6,3,0.1788,3.125,C1=CNC[C@H](NC2C=NCNC3C=CC32)C=C1,7,False,False,True,selfies_token_mutation
CAND_d98881b1f9,selfies,JAK2_763cf817fa,CC(=NC=C(F)C=N)N1CC(Nc2cn(C)cn2)=c2[nH]ccc2=N1,ZJLFHQXFXBJQOA-UHFFFAOYSA-N,True,True,True,328.355,0.6976,97.45,3,5,4,0.569,2.25,c1nc(NC2=c3[nH]ccc3=NNC2)c[nH]1,6,False,False,True,selfies_token_mutation
CAND_a7200f3ca2,selfies,JAK2_763cf817fa,CC(NC1=NC(NC=CN(C)C#N)N=CNC=CN1)c1ncc(F)cn1,RSXCYCYCNUNJCC-UHFFFAOYSA-N,True,True,True,358.385,0.0719,125.65,4,10,5,0.4304,3.172,C1=CNC(NCc2ncccn2)=NCN=CN1,9,False,True,True,selfies_token_mutation
CAND_763cf817fa,selfies,JAK2_763cf817fa,CC(Nc1nc(Nc2cn(C)cn2)c2[nH]ccc2n1)c1ncc(F)cn1,OUALHPDZWRDTBH-UHFFFAOYSA-N,True,True,False,353.365,2.5372,109.23,3,7,5,0.5057,2.894,c1cnc(CNc2nc(Nc3c[nH]cn3)c3[nH]ccc3n2)nc1,6,False,False,True,selfies_token_mutation
CAND_1a396f9f14,selfies,JAK2_763cf817fa,Fc1cnc(C2CN=C3C4C=C(N=CC4)NC3N=CN2)nc1,ZSZJCZLVVQHJAI-UHFFFAOYSA-N,True,True,True,299.313,0.5907,86.92,2,7,1,0.7944,3.375,C1=NC2=CC(C1)C1=NCC(c3ncccn3)NC=NC1N2,8,False,True,True,selfies_token_mutation
CAND_a4459940e0,selfies,JAK2_763cf817fa,CC(Nc1nc(Cc2cn(C)cn2)c2[nH]ccc2n1)c1ncc(F)cn1,ALVCBCKMORXVOO-UHFFFAOYSA-N,True,True,True,352.377,2.3844,97.2,2,6,5,0.5723,2.888,c1cnc(CNc2nc(Cc3c[nH]cn3)c3[nH]ccc3n2)nc1,6,False,False,True,selfies_token_mutation
CAND_a7814a8562,selfies,JAK2_763cf817fa,CC(CCl)Nc1nc(Nc2cn(C)cn2)c2[nH]ccc2n1,ONQCXOIRTUYSMA-UHFFFAOYSA-N,True,True,True,305.773,2.4742,83.45,3,5,5,0.6307,2.625,c1nc(Nc2c[nH]cn2)c2[nH]ccc2n1,6,False,False,True,selfies_token_mutation
CAND_d0224ef1f9,selfies,JAK2_763cf817fa,CN1C=CN2C3N=NC(C)(C=C(F)C=N)N=C(C=CN3)CN12,FRWMHUZKZGWTGP-UHFFFAOYSA-N,True,True,True,304.333,1.3635,82.68,2,8,2,0.7547,3.25,C1=CC2=NCN=NC(N1)N1C=CNN1C2,9,False,True,True,selfies_token_mutation
CAND_86de96ea27,selfies,JAK2_763cf817fa,CC(Nc1nc(NC=CN(C)C=N)c2[nH]ccc2n1)c1ncc(F)cn1,BGPSZLUORICWOU-UHFFFAOYSA-N,True,True,True,355.381,2.4821,118.5,4,7,7,0.3796,2.905,c1cnc(CNc2ncc3[nH]ccc3n2)nc1,6,False,False,True,selfies_token_mutation
CAND_9ffad86ec4,selfies,JAK2_763cf817fa,CC(C=NCC=C(F)C=N)Nc1nc(Nc2cn(C)cn2)c2[nH]ccc2n1,GNUYBGPJPWZATO-UHFFFAOYSA-N,True,True,True,369.408,2.8092,119.66,4,7,8,0.4552,3.108,c1nc(Nc2c[nH]cn2)c2[nH]ccc2n1,6,False,False,True,selfies_token_mutation
CAND_fa2553a110,selfies,JAK2_763cf817fa,CC1=NC=C(F)C=NNN=c2cc[nH]c2=C(Nc2cn(C)cn2)N=CN1,HYEBCQDZDXIBTI-UHFFFAOYSA-N,True,True,True,356.369,-0.1032,119.14,4,8,2,0.6005,3.235,C1=CN=CNC=NC(Nc2c[nH]cn2)=c2[nH]ccc2=NNN=C1,14,True,False,True,selfies_token_mutation
CAND_d3b05ae4a3,selfies,JAK2_763cf817fa,CC(=NC=C(F)C=N)N1C=NC2NN=CC(=N1)CN1N(C)C=CN21,LJNKHJYBRASADN-UHFFFAOYSA-N,True,True,True,332.347,0.2884,98.28,2,9,2,0.5593,3.0,C1=CN2C3N=CNN=C(C=NN3)CN2N1,9,False,True,True,selfies_token_mutation
CAND_0eae19ca67,selfies,JAK2_763cf817fa,CC(F)=CN=CC(C)Nc1nc(Nc2cn(C)cn2)c2[nH]ccc2n1,GRAXJQGEMGFQAZ-UHFFFAOYSA-N,True,True,True,342.382,3.137,95.81,3,6,6,0.5982,2.75,c1nc(Nc2c[nH]cn2)c2[nH]ccc2n1,6,False,False,True,selfies_token_mutation
CAND_8c930f8dbb,selfies,JAK2_9ff6ebb055,Cc1cc(F)ccc1CC[CH]NC(C#N)(C=CN[NH])N=CNC1C=CC1,AINKQDIQQJYIBD-UHFFFAOYSA-N,True,True,True,354.433,2.2856,96.04,3,4,10,0.1974,3.275,[CH](CCc1ccccc1)NCN=CNC1C=CC1,6,False,False,True,selfies_token_mutation
CAND_8ab5430751,selfies,JAK2_9ff6ebb055,C#CC(F)=CC=C[C@H](C)NC1(C#N)C=C(F)N(C2C=CCN2)C=N1,JNWSJAZVOCBTQZ-IGEOTXOUSA-N,True,True,True,329.354,1.8675,63.45,2,5,5,0.3498,2.875,C1=CN(C2C=CCN2)C=NC1,6,False,False,True,selfies_token_mutation
CAND_ef79ba008b,selfies,JAK2_9ff6ebb055,C=CC(F)=CC[C@H](C)NC1=C(C#N)C=C(F)N(C2=NNCC=C2)C=N1,MXYYLHYTIDGPPD-LBPRGKRZSA-N,True,True,True,344.369,2.7569,75.81,2,6,5,0.5939,2.375,C1=CN=CN(C2=NNCC=C2)C=C1,7,False,False,True,selfies_token_mutation
CAND_6208cdc5ec,selfies,JAK2_9ff6ebb055,C[C@@H](CNC=C(F)CCl)NCN=CNC1C=CC1,FXMKKRJRYOEFHB-NUHJPDEHSA-N,True,True,True,274.771,1.5077,48.45,3,3,9,0.2585,2.875,C1=CCC1,4,False,False,True,selfies_token_mutation
CAND_741a447a61,selfies,JAK2_9ff6ebb055,CC1=CC(NC=NC(C#N)(C=CF)N[CH]CCc2ccc(F)cc2C)N1,JSVJADDZWDKNTP-UHFFFAOYSA-N,True,True,True,358.416,2.9722,72.24,3,4,9,0.3605,3.172,[CH](CCc1ccccc1)NCN=CNC1C=CN1,6,False,False,True,selfies_token_mutation
CAND_ec4f80a0a4,selfies,JAK2_9ff6ebb055,CC=C1NN=C1NC=NC(N[C@@H](C)c1ccc(F)cc1)=C(C#N)C=C=CF,DUWGUQCRANEOLR-LDLAIORQSA-N,True,True,True,368.391,3.2882,84.6,3,5,6,0.2365,2.602,C=C(N=CNC1=NNC1=C)NCc1ccccc1,6,False,False,True,selfies_token_mutation
CAND_74005f4f6e,selfies,JAK2_9ff6ebb055,CC1=CC(F)=CC[C@@H](NC2(C#N)C=C(F)N(C3C=CCN3)C=N2)C1,XBMCBSJCZUZLHA-ODIFPOPNSA-N,True,True,True,331.37,2.3983,63.45,2,5,3,0.6157,2.875,C1=CCC(NC2C=CN(C3C=CCN3)C=N2)CC=C1,7,False,False,True,selfies_token_mutation
CAND_064aced528,selfies,JAK2_9ff6ebb055,C[C@H](NC1=C(N)C=C(F)C2(C=CC2)C=N1)c1ccc(F)cc1,CVULUXTYWRGNQI-PIJUOJQZSA-N,True,True,True,301.34,3.4882,50.41,2,3,3,0.8397,2.625,C1=CC2(C=CC2)C=NC(NCc2ccccc2)=C1,7,False,False,True,selfies_token_mutation
CAND_f79c5adb1b,selfies,JAK2_9ff6ebb055,CCC(NC=CF)=C(N=Cc1cc(C)[nH]n1)N[C@@H](C)c1ccc(F)cc1,RCQUCSBUGUCEEA-AWEZNQCLSA-N,True,True,True,359.424,4.2363,65.1,3,4,8,0.6179,2.802,C=C(N=Cc1cc[nH]n1)NCc1ccccc1,6,False,False,True,selfies_token_mutation
CAND_53d0f1fe53,selfies,JAK2_9ff6ebb055,C[C@H](Nc1nc(Nc2cc[nH]n2)c(S)cc1C#N)c1ccc(F)cc1,QEGWYLVQQVROCT-JTQLQIEISA-N,True,True,True,354.414,4.0209,89.42,4,6,5,0.5197,2.65,c1ccc(CNc2cccc(Nc3cc[nH]n3)n2)cc1,6,False,False,True,selfies_token_mutation
CAND_3b83e093eb,selfies,JAK2_9ff6ebb055,C[C@@H](C=CC=CCF)NC1(C#N)C=C(F)C2(C=CCN2)NC=N1,GFZQLZQZDQJVSN-JEYLPNPQSA-N,True,True,True,319.359,1.6069,72.24,3,5,5,0.5317,2.875,C1=CC2(C=CCN2)NC=NC1,7,False,False,True,selfies_token_mutation
CAND_4d1fb9743d,selfies,JAK2_9ff6ebb055,C[C@H](NC1(C#N)C[SH](F)N(C2CCN2)C=N1)c1ccc(F)cc1,KOJDYGIVJYWLOU-QGLTVNCISA-N,True,True,True,339.415,2.1602,63.45,3,5,4,0.7358,3.25,C1=NC(NCc2ccccc2)CSN1C1CCN1,6,False,False,True,selfies_token_mutation
CAND_ed3d7a454a,selfies,JAK2_7bc09295aa,NC(=O)C1=CN=C(NC(CCC=O)C2CC2)C1Nc1cccc(-c2cn[nH]c2)c1,JGBNWXHCPNCHCT-UHFFFAOYSA-N,True,True,True,392.463,1.9858,125.26,4,6,9,0.4857,3.861,C1=CC(Nc2cccc(-c3cn[nH]c3)c2)C(NCC2CC2)=N1,6,False,False,True,selfies_token_mutation
CAND_4939c318b4,selfies,JAK2_7bc09295aa,NC(C=O)C1N=C(NC(CC2CO2)C2CC2)c2c1[nH]c1cc(-c3cn[nH]c3)ccc21,GMIBNGUOOPWFLX-UHFFFAOYSA-N,True,True,True,404.474,2.0426,124.48,4,6,7,0.3543,4.378,c1cc2c3c([nH]c2cc1-c1cn[nH]c1)CN=C3NC(CC1CO1)C1CC1,6,False,False,True,selfies_token_mutation
CAND_3ca174f3ef,selfies,JAK2_7bc09295aa,NC(=O)c1cnc2cc1NC=CCCC=NNCC=CC1CC1C(C1CC1)N2,REYOTZICIFWWEK-UHFFFAOYSA-N,True,True,True,380.496,2.8581,104.43,4,6,2,0.5907,4.369,C1=CNc2ccnc(c2)NC(C2CC2)C2CC2C=CCNN=CCC1,18,True,False,True,selfies_token_mutation
CAND_d099072dbe,selfies,JAK2_7bc09295aa,NC(=O)c1cnc2cc1-c1cc(-c3cn[nH]c3)ccc1C1CC1C(C1CC1)N2,ALRGHPBLKPWCER-UHFFFAOYSA-N,True,True,True,371.444,3.5452,96.69,3,4,3,0.6559,3.944,c1cc2cc(n1)NC(C1CC1)C1CC1c1ccc(-c3cn[nH]c3)cc1-2,9,False,True,True,selfies_token_mutation
CAND_1e1f8f80e9,selfies,JAK2_7bc09295aa,NC(=O)C=C1N=C(NC(CC2CO2)C2CC2)c2c1[nH]c1cc(-c3cn[nH]c3)ccc21,YKVYIAWUUOTUBN-UHFFFAOYSA-N,True,True,True,402.458,2.3015,124.48,4,5,6,0.3729,3.741,C=C1N=C(NC(CC2CO2)C2CC2)c2c1[nH]c1cc(-c3cn[nH]c3)ccc21,6,False,False,True,selfies_token_mutation
CAND_f16f36acd1,selfies,JAK2_7bc09295aa,NNC(=O)c1cnc(NC(C2CC2)C2CC2)cc1NSc1cccc(-c2cn[nH]c2)c1,BNEFZUJCNYMPJF-UHFFFAOYSA-N,True,True,True,435.557,3.7949,120.75,5,7,9,0.15,3.8,c1cc(SNc2ccnc(NC(C3CC3)C3CC3)c2)cc(-c2cn[nH]c2)c1,6,False,False,True,selfies_token_mutation
CAND_651a458800,selfies,JAK2_7bc09295aa,NC(=O)c1cnc2cc1NC=C(c1cn[nH]c1)CC=CC1CC1C(C1CC1)N2,CJFIISKPICCZNV-UHFFFAOYSA-N,True,True,True,376.464,3.1431,108.72,4,5,3,0.6155,4.672,C1=CC2CC2C(C2CC2)Nc2cc(ccn2)NC=C(c2cn[nH]c2)C1,13,True,False,True,selfies_token_mutation
CAND_a2f7dceef6,selfies,JAK2_7bc09295aa,O=C1C=C(C(NC(C2CC2)C2CC2)c2c[nH]c3cc(-c4cn[nH]c4)ccc23)N1,UJZRUQZMOGOWJE-UHFFFAOYSA-N,True,True,True,373.46,3.391,85.6,4,3,7,0.5121,3.455,O=C1C=C(C(NC(C2CC2)C2CC2)c2c[nH]c3cc(-c4cn[nH]c4)ccc23)N1,6,False,False,True,selfies_token_mutation
CAND_e55b906405,selfies,JAK2_7bc09295aa,NC(=O)c1cnc(NC(C2CC2)C2CC2)cc1NC=CC(F)c1cn[nH]c1,OQVOGVMXGWWDMT-UHFFFAOYSA-N,True,True,True,370.432,3.1405,108.72,4,5,9,0.5422,3.489,C(=CNc1ccnc(NC(C2CC2)C2CC2)c1)Cc1cn[nH]c1,6,False,False,True,selfies_token_mutation
CAND_7cd31587a4,selfies,JAK2_aaa3dcf6eb,Cc1cc(Nc2nc(O[C@@H](C)N3C=C(F)C=NO3)ncc2Cl)n[nH]1,XNPWTMBZDZRVFK-QMMMGPOBSA-N,True,True,True,353.745,2.6738,100.55,2,8,5,0.8517,2.646,C1=CN(COc2nccc(Nc3cc[nH]n3)n2)ON=C1,6,False,False,True,selfies_token_mutation
CAND_c4a9d2a684,selfies,JAK2_aaa3dcf6eb,CC=CCN1C=NC2(C=C1Cl)N=CC(F)=CN=C[C@H](C)O2,WTNKYNQNXUFLBW-ZSOXZCCMSA-N,True,True,True,310.76,3.0116,49.55,0,5,2,0.5813,2.75,C1=CN=CCOC2(C=CNC=N2)N=C1,9,False,True,True,selfies_token_mutation
CAND_658edd3b6e,selfies,JAK2_aaa3dcf6eb,C=CN=C(N=CNC(Cl)C=CC)O[C@@H](C)C=NC=C(F)C=NC,ACYFPLPMCYJLPH-NBFOIZRFSA-N,True,True,True,341.818,3.2322,70.7,1,4,8,0.2419,2.5,,0,False,False,True,selfies_token_mutation
CAND_c81804c362,selfies,JAK2_aaa3dcf6eb,FC1=CN=C[C@@H](OC2=NC=C(Cl)N(C3=NNCC=C3)C=N2)CN1,BCAPMDWEBQERRS-SECBINFHSA-N,True,True,True,337.746,1.0245,85.97,2,8,1,0.6996,2.125,C1=CC(N2C=CN=C(O[C@@H]3C=NC=CNC3)N=C2)=NNC1,7,False,False,True,selfies_token_mutation
CAND_24de0da0b9,selfies,JAK2_aaa3dcf6eb,N[C@@H](Cc1ncc(F)cn1)OPCN=CNC1=NNCCOC1,YYZVVNVWTOSIRZ-SNVBAGLBSA-N,True,True,True,343.303,-0.4382,119.04,3,8,7,0.2019,2.875,C(=NCPOCCc1ncccn1)NC1=NNCCOC1,7,False,False,True,selfies_token_mutation
CAND_0ae95fa0fa,selfies,JAK2_aaa3dcf6eb,C[C@H](OC(N=NC1=NNCC=C1)=NC=CCl)c1ncc(F)cn1,MEHWGWIGVPUCFV-VIFPVBQESA-N,True,True,True,337.746,2.6844,96.48,1,7,3,0.5207,2.125,N=C(N=NC1=NNCC=C1)OCc1ncccn1,6,False,False,True,selfies_token_mutation
CAND_78b14b1567,selfies,JAK2_aaa3dcf6eb,CC=C1NN=C1NC=NC(=NC=CSCl)O[C@@H](C)c1ncc(F)cn1,WXJLCBRYYDBIBJ-VIFPVBQESA-N,True,True,True,383.84,2.8459,96.15,2,7,5,0.5992,2.563,C=C1NN=C1NC=NC(=N)OCc1ncccn1,6,False,False,True,selfies_token_mutation
CAND_644b3539f5,selfies,JAK2_aaa3dcf6eb,CC=CC([NH])NC1=NC(O[CH]CCC2C=NC(F)C=N2)C=C1Cl,CETRBEWGMWQEBY-UHFFFAOYSA-N,True,True,True,339.802,2.4,82.14,1,5,7,0.4387,3.375,[CH](CCC1C=NCC=N1)OC1C=CC=N1,6,False,False,True,selfies_token_mutation
CAND_146f589b4a,selfies,JAK2_aaa3dcf6eb,C[C@H](OC1=NC=C(Cl)N(C2C=CCN2)C1)c1ncc(F)cn1,DOJBKZWZQDOAPE-QHGLUPRGSA-N,True,True,True,323.759,1.9306,62.64,1,6,3,0.68,2.625,C1=CC(N2C=CN=C(OCc3ncccn3)C2)NC1,6,False,False,True,selfies_token_mutation
CAND_cfdab8b4b1,selfies,JAK2_752be8cf41,C[C@@H](N=NC=C(F)C=N)OPCN=CNC1=NNCC=C1,AAHMQDUQKGXNET-VIFPVBQESA-N,True,True,True,313.277,1.9035,106.58,3,7,8,0.2094,2.75,C1=CCNN=C1,6,False,False,True,selfies_token_mutation
CAND_32d275b2c2,selfies,JAK2_752be8cf41,C[C@@H](c1ncc(F)cn1)C(N=CNC1C=CC1)PO,KHMKCPWRVLEGLA-JNHNWMDNSA-N,True,True,True,282.259,1.5775,70.4,2,4,6,0.3595,3.25,C1=CC(NC=NCCc2ncccn2)C1,6,False,False,True,selfies_token_mutation
CAND_bd494645d5,selfies,JAK2_752be8cf41,CN1OC(N=CNC2C=CCN2)C=NC1=NC=CF,RKEIYBBPDZNLDE-UHFFFAOYSA-N,True,True,True,266.28,0.1604,73.61,2,4,4,0.4317,2.5,N=C1N=CC(N=CNC2C=CCN2)ON1,6,False,False,True,selfies_token_mutation
CAND_1338c88bb7,selfies,JAK2_752be8cf41,Cc1cc(NC2=NC(O[C@@H](C)C=NC=C(F)C=NC(F)CN3CCOCC3)=N2)n[nH]1,OUOBTHULJNZXJW-CFMCSPIPSA-N,True,True,True,422.44,1.841,111.85,2,9,8,0.4905,3.652,C(=CN=CCOC1=NC(Nc2cc[nH]n2)=N1)C=NCCN1CCOCC1,6,False,False,True,selfies_token_mutation
CAND_0f7d8291d1,selfies,JAK2_752be8cf41,CCOCCNC1CC=CC(NC=NCO[C@@H](C)C=NC=C(F)C=C=N)=C1F,BUDPJKWOJSADKZ-MYJWUSKBSA-N,True,True,True,395.454,2.789,91.09,3,6,13,0.1936,3.503,C1=CCCC=C1,6,False,False,True,selfies_token_mutation
CAND_7a1448290a,selfies,JAK2_752be8cf41,C[C@@H](C=NC=C(F)C=N)OC1(CF)N=CNC2=NNC(C=C2)N1,TUWBHDBQPDWXOT-ALXWSUNGSA-N,True,True,True,325.323,0.5662,106.25,4,8,6,0.5356,3.75,C1=CC2NCN=CNC1=NN2,9,False,True,True,selfies_token_mutation
CAND_806a1ef1f3,selfies,JAK2_752be8cf41,CN=CC(F)=CN=C[C@H](C)OC1(F)N=C(NC2C=CCN2)N=C1N1CCOCC1,SECBNSNWSODZBU-UQHVZDHRSA-N,True,True,True,409.441,0.7725,95.2,2,9,6,0.384,3.58,C1=CC(NC2=NCC(N3CCOCC3)=N2)NC1,6,False,False,True,selfies_token_mutation
CAND_e612c58b48,selfies,JAK2_752be8cf41,CC(F)=CNC[C@H](C)OC1(CF)N=CNC2=NNC(C=C2)N1,WBAUNANKSOXLMI-PKSQDBQZSA-N,True,True,True,314.34,0.4553,82.07,4,7,6,0.5724,3.75,C1=CC2NCN=CNC1=NN2,9,False,True,True,selfies_token_mutation
CAND_b4c1b85b02,selfies,JAK2_752be8cf41,CC=C1NN=C(Nc2nc(O[C@@H](C)c3ncc(F)cn3)c(F)c(N3CCOCC3)n2)O1,LWMHFVQCUUCVSI-JTQLQIEISA-N,True,True,True,434.407,1.6854,118.91,2,11,5,0.7194,3.344,C=C1NN=C(Nc2nc(OCc3ncccn3)cc(N3CCOCC3)n2)O1,6,False,False,True,selfies_token_mutation
CAND_b2dd606650,selfies,JAK2_752be8cf41,C[C@H](OC(=CF)N=CNC1C=CCN1)c1ncc(F)cn1,RIRMZEMQUDMMOH-FTNKSUMCSA-N,True,True,True,295.293,1.5651,71.43,2,5,6,0.3606,2.75,C=C(N=CNC1C=CCN1)OCc1ncccn1,6,False,False,True,selfies_token_mutation
CAND_ad980e424f,selfies,JAK2_fc4de259e2,C[C@@H](NC1=NC=C(F)CO1)NC(F)N=CNC12C=CC1NN2,CINRGDCMGKCNOL-SOTLNBJNSA-N,True,True,True,313.312,-0.6778,94.1,5,7,6,0.1467,3.5,C1=CN=C(NCNCN=CNC23C=CC2NN3)OC1,6,False,False,True,selfies_token_mutation
CAND_1b0f394f77,selfies,JAK2_fc4de259e2,C[C@H](Nc1nc(Nc2cc[nH]n2)nc(N2CCOCC2)c1F)c1ncc(F)cc1F,PGZRXGPGNIEFKE-JTQLQIEISA-N,True,True,True,420.399,2.7653,103.88,3,8,6,0.5594,3.391,c1ccc(CNc2cc(N3CCOCC3)nc(Nc3cc[nH]n3)n2)nc1,6,False,False,True,selfies_token_mutation
CAND_1055de312b,selfies,JAK2_fc4de259e2,C[C@@H]1NC2=C(F)C(N3CCOCC3)=NCC=CC(NC=N2)NC1=NCl,OEKPRLREZDTQGQ-VUWPPUDQSA-N,True,True,True,369.832,0.5031,85.64,3,7,0,0.5415,2.86,N=C1CNC2=CC(N3CCOCC3)=NCC=CC(NC=N2)N1,11,False,True,True,selfies_token_mutation
CAND_dbf3525fa8,selfies,JAK2_fc4de259e2,CC1=C(N[C@@H](C)c2ncc(F)cc2F)N=CNC2C=CC2N=C2COCCN21,LEWMITZTHLKPGM-SOISORPOSA-N,True,True,True,388.422,1.8686,74.14,2,7,3,0.7737,3.838,C1=CC2NC=NC(NCc3ccccn3)=CN3CCOCC3=NC12,10,False,True,True,selfies_token_mutation
CAND_ccdde56b90,selfies,JAK2_fc4de259e2,C[C@H](NC(N=CNC1N=CCN1)=C(F)C1(N)CCOCC1=N)c1ncc(F)cc1F,HUQDFFLHBODGOB-DVEYYSSOSA-N,True,True,True,424.431,0.8621,132.8,5,8,7,0.3258,3.789,N=C1COCCC1C=C(N=CNC1N=CCN1)NCc1ccccn1,6,False,False,True,selfies_token_mutation
CAND_8fd6ecedc7,selfies,JAK2_fc4de259e2,CCOCCNc1nc(Nc2cc(C)[nH]n2)nc(N[C@@H](C)c2ncc(F)cc2F)c1F,NEGGLPSVUSRFST-NSHDSACASA-N,True,True,True,436.442,3.6855,112.67,4,8,10,0.3562,3.73,c1ccc(CNc2ccnc(Nc3cc[nH]n3)n2)nc1,6,False,False,True,selfies_token_mutation
CAND_04da90c00e,selfies,JAK2_fc4de259e2,Cc1cc(Nc2nc(N[C@@H](C)c3ncc(F)cc3F)c(N)c(N3CCOCC3)n2)n[nH]1,MUSNTFIQWRSTCU-NSHDSACASA-N,True,True,True,431.451,2.5168,129.9,4,9,6,0.465,3.453,c1ccc(CNc2cc(N3CCOCC3)nc(Nc3cc[nH]n3)n2)nc1,6,False,False,True,selfies_token_mutation
CAND_11665096e3,selfies,JAK2_fc4de259e2,C[C@H](NC1=C(O)C(N2CCOCC2)C2C=CC(=NN2)NC=N1)c1ncc(F)cc1F,ABLJDZSSASCDNP-HUZSNBGSSA-N,True,True,True,419.436,0.9113,106.4,4,9,4,0.5749,4.336,C1=CC2NN=C1NC=NC(NCc1ccccn1)=CC2N1CCOCC1,10,False,True,True,selfies_token_mutation
CAND_af78695b60,selfies,JAK2_fc4de259e2,CC=CCNC=NCN[C@@H](C)c1ncc(F)cc1F,FKQKZVSNFIRWKH-JTQLQIEISA-N,True,True,True,268.311,2.1619,49.31,2,3,7,0.3447,2.375,c1ccncc1,6,False,False,True,selfies_token_mutation
CAND_4ba298470c,selfies,JAK2_fc4de259e2,FCC=CN=CCC[CH]NC1(F)N=CNC2(C=CCN2)N=C1N1CCOCC1,FNGQDDAGTOJKJV-UHFFFAOYSA-N,True,True,True,394.45,0.8707,85.64,3,8,7,0.2583,3.372,C1=CC2(N=C(N3CCOCC3)CN=CN2)NC1,7,False,False,True,selfies_token_mutation
CAND_eefec98797,selfies,JAK2_fc4de259e2,C[C@H](NC(=CCF)N=CNC1C=CCN1)c1ccc(F)cn1,UDTMTZVPPMYXRQ-ZSOXZCCMSA-N,True,True,True,307.348,1.7856,61.34,3,4,7,0.4082,2.875,C=C(N=CNC1C=CCN1)NCc1ccccn1,6,False,False,True,selfies_token_mutation
CAND_51eb2cd77d,selfies,JAK2_51eb2cd77d,COCCNC(=O)c1cnc(N)c2cc(-c3ccc(S(=O)(=O)NC(C)(C)C)cc3)sc12,PYAGKUPDMHSDNB-UHFFFAOYSA-N,True,True,False,462.597,2.9985,123.41,3,7,7,0.4639,3.251,c1ccc(-c2cc3cnccc3s2)cc1,6,False,False,True,selfies_token_mutation
CAND_bcb5f7b9d3,selfies,JAK2_51eb2cd77d,COCNC(=O)C=C1N=CCNC2=C1SC(c1ccc(S(=O)(=O)NC(C)(C)C)cc1)C2,NKVJPGNOMIVDJA-UHFFFAOYSA-N,True,True,True,464.613,2.431,108.89,3,7,6,0.4408,3.387,C=C1N=CCNC2=C1SC(c1ccccc1)C2,7,False,False,True,selfies_token_mutation
CAND_c41a5ddedc,selfies,JAK2_51eb2cd77d,COCCC(=O)C=CN=C(N)CC1=C(SC)C=CC=C([SH]=CC=C=O)CC=C1,CDWNYJQPPKLQJK-UHFFFAOYSA-N,True,True,True,418.584,3.5256,81.75,2,5,10,0.1416,3.381,C1=CC=CCC=CC=C1,9,False,True,True,selfies_token_mutation
CAND_1d46d802c1,selfies,JAK2_51eb2cd77d,COCCNC(=O)C1=CN=C(N)C2=S1C(C=C1C=CC(S(=O)(=O)NC(C)(C)C)N=C1)=C2,GYPBPJXFRGJUEF-UHFFFAOYSA-N,True,True,True,465.601,0.911,135.24,3,7,7,0.3794,3.767,C1=CC(=CC2=CC3=S2C=CN=C3)C=NC1,6,False,False,True,selfies_token_mutation
CAND_76a0e9a85e,selfies,JAK2_51eb2cd77d,COCCNC(=O)c1ccc(N)c2cc(-c3ccc(S(=O)(=O)NS(C)(C)C)cc3)sc12,OLCYECMPRJLKDE-UHFFFAOYSA-N,True,True,True,481.665,3.414,110.52,3,6,8,0.3373,3.481,c1ccc(-c2cc3ccccc3s2)cc1,6,False,False,True,selfies_token_mutation
CAND_3038728d6a,selfies,JAK2_51eb2cd77d,CCC(C)(C)N[SH](O)C1=CC=CC2=CC(C(N)=NC=CC(=O)NCCO2)C1C,UYIHGGQTHZVJBD-UHFFFAOYSA-N,True,True,True,408.568,2.761,108.97,5,6,4,0.4597,4.275,O=C1C=CN=CC2C=C(C=CC=CC2)OCCN1,12,True,False,True,selfies_token_mutation
CAND_11d8b82ceb,selfies,JAK2_51eb2cd77d,CC(C)(C)NS(=O)(=O)C(C=CF)=CC=CC1=CC(N)=NC2=CC(=O)NCCOC=C2SC1,UKYWAJQGTJYLGP-UHFFFAOYSA-N,True,True,True,482.603,2.5297,122.88,3,7,5,0.5177,3.362,O=C1C=C2N=CC=CCSC2=COCCN1,9,False,True,True,selfies_token_mutation
CAND_3d18462ea5,selfies,JAK2_51eb2cd77d,COOCCNC(=O)C1SN=C(N)c2cc(-c3ccc([SH](=O)(S)NC(C)(C)C)cc3)sc21,JKTDLYAZCCMEKH-UHFFFAOYSA-N,True,True,True,516.736,3.041,115.04,5,8,8,0.092,3.926,C1=NSCc2sc(-c3ccccc3)cc21,6,False,False,True,selfies_token_mutation
CAND_9b7f26a596,selfies,JAK2_51eb2cd77d,COCCNC(=O)C=CN=c1ccsc(-c2ccc(S(=O)(=O)NC(C)(C)C)cc2)c1,QMPLWVMTXUHSKH-UHFFFAOYSA-N,True,True,True,449.598,2.6689,96.86,2,6,8,0.4783,3.053,N=c1ccsc(-c2ccccc2)c1,6,False,False,True,selfies_token_mutation
CAND_5cf58e34ee,selfies,JAK2_51eb2cd77d,COCCNC1CN=C(N)c2cc(-c3ccc(S(=O)(=O)NC(C)(C)C)cc3)sc2C1,CFJZJAVCWUXTRL-UHFFFAOYSA-N,True,True,True,450.63,2.3579,105.81,3,7,7,0.5617,3.434,C1=NCCCc2sc(-c3ccccc3)cc21,7,False,False,True,selfies_token_mutation
CAND_f35b68d4a4,selfies,JAK2_51eb2cd77d,COCCNC(=O)C=CN=C1CC=C(CC=C(C=CS)S(=O)(=O)NC(C)(C)C)C=N1,PDURRARNLBKETH-UHFFFAOYSA-N,True,True,True,454.618,2.4975,109.22,3,6,10,0.2039,3.081,N=C1CC=CC=N1,6,False,False,True,selfies_token_mutation
CAND_e346d82a5f,selfies,JAK2_51eb2cd77d,COCCN=CC(=O)c1cnc(N)c2cc(C3C=C(S(=O)(=O)NC(C)(C)C)C=CO3)sc12,FADCGKWGNUVPTP-UHFFFAOYSA-N,True,True,True,478.596,2.9652,132.97,2,9,8,0.3384,3.714,C1=COC(c2cc3cnccc3s2)C=C1,6,False,False,True,selfies_token_mutation
CAND_55d09889d9,selfies,JAK2_636d21a80d,CCCCN(CC(F)(F)F)C1CCCN(c2cc(-c3c(N)nn4cccnc34)ncn2)CC1,FEBQILOTXZSHPW-UHFFFAOYSA-N,True,True,True,462.524,3.7918,88.47,1,7,7,0.5715,3.75,c1cnc2c(-c3cc(N4CCCCCC4)ncn3)cnn2c1,7,False,False,True,selfies_token_mutation
CAND_90951d2180,selfies,JAK2_636d21a80d,N=C(CC1C=CN2CCCN(CC(F)(F)F)C(=O)CC(CC2)N=C1)NNCF,NDXFEAXBBASSSA-UHFFFAOYSA-N,True,True,True,406.428,1.8347,83.82,3,5,5,0.2139,3.438,O=C1CC2CCN(C=CCC=N2)CCCN1,10,False,True,True,selfies_token_mutation
CAND_1467184d9d,selfies,JAK2_636d21a80d,CCCN(CC(F)(F)F)C(=O)CC1CCN(C)CS2=C3N=CC=CC(CC2=N1)N3,GQHUVNHYVPIBNE-UHFFFAOYSA-N,True,True,True,431.528,2.5963,60.3,1,5,5,0.6811,4.078,C1=CC2CC3=NCCCNCS3=C(N=C1)N2,8,False,True,True,selfies_token_mutation
CAND_5cf927f258,selfies,JAK2_636d21a80d,CCCN(CC(F)(F)F)C(=O)CCCCN(C)C=C1C2=NC=NC2CN2C=CC=NC12,XHQACAPJIKJCBX-UHFFFAOYSA-N,True,True,True,438.498,2.8646,63.87,0,6,9,0.5203,3.867,C=C1C2=NC=NC2CN2C=CC=NC12,6,False,False,True,selfies_token_mutation
CAND_e1692380ac,selfies,JAK2_636d21a80d,CCCN(CC(F)(F)F)C(=O)OCCCN(C)C=CC1=NC=NC(F)=CNN=C(N)C1,OQOWKIYHRRNHCX-UHFFFAOYSA-N,True,True,True,449.453,2.7361,107.91,2,8,9,0.3198,3.428,C1=CNN=CCC=NC=N1,10,False,True,True,selfies_token_mutation
CAND_ec918dd7d1,selfies,JAK2_636d21a80d,CCCN1CCN(c2cc(-c3c(N)nn4cccnc34)ncn2)CC(F)C1,GNNMZMBITIDOKB-UHFFFAOYSA-N,True,True,True,370.436,1.6386,88.47,1,7,4,0.7467,2.864,c1cnc2c(-c3cc(N4CCCNCC4)ncn3)cnn2c1,7,False,False,True,selfies_token_mutation
CAND_2479eb1c56,selfies,JAK2_636d21a80d,CCCN(CC(F)(F)F)C(=O)C1CCCN(c2cc(CC(N)=NN3C=CC=NC3)ncn2)C1,JWIRQLAZSFEWQD-UHFFFAOYSA-N,True,True,True,466.512,2.1662,103.31,1,7,8,0.4653,3.647,C1=CN(N=CCc2cc(N3CCCCC3)ncn2)CN=C1,6,False,False,True,selfies_token_mutation
CAND_5247a2b4b7,selfies,JAK2_636d21a80d,CNCCN(CC(F)(F)F)C(=O)C1CCCN(c2cc(-c3cnccc[nH]nc3N)ncn2)C1,VVOREGGXXAOYDK-UHFFFAOYSA-N,True,True,True,479.511,1.795,128.95,3,8,7,0.5484,4.095,c1cncc(-c2cc(N3CCCCC3)ncn2)cn[nH]c1,9,False,True,True,selfies_token_mutation
CAND_2734beb3a3,selfies,JAK2_b981ca4ff6,O=C(C1=CC=C(C=CNF)C=CC1)N1CCOCC1,YQFKQVQBLNDVKN-UHFFFAOYSA-N,True,True,True,264.3,1.6457,41.57,1,3,3,0.788,1.875,O=C(C1=CC=CC=CC1)N1CCOCC1,7,False,False,True,selfies_token_mutation
CAND_2986bbb513,selfies,JAK2_b981ca4ff6,O=C(c1ccc(-c2cnc3cccc(-c4cc(F)c(CN5CCOCC5)c(F)c4)c3n2)cc1)N1CCOCC1,XHKGPCPLVBLURP-UHFFFAOYSA-N,True,True,True,530.575,4.5466,67.79,0,6,5,0.3774,3.828,O=C(c1ccc(-c2cnc3cccc(-c4ccc(CN5CCOCC5)cc4)c3n2)cc1)N1CCOCC1,6,False,False,True,selfies_token_mutation
CAND_fff5b5b962,selfies,JAK2_b981ca4ff6,Cc1cc(C2=CN=C3C=CC=C(c4cc(F)c(CN5CCOCC5)c(F)c4)N3N2)ccc1C(=O)N1CCOCC1,CSZKNQAGTXXHTP-UHFFFAOYSA-N,True,True,True,547.606,3.7058,69.64,1,7,5,0.616,3.923,O=C(c1ccc(C2=CN=C3C=CC=C(c4ccc(CN5CCOCC5)cc4)N3N2)cc1)N1CCOCC1,6,False,False,True,selfies_token_mutation
CAND_b981ca4ff6,selfies,JAK2_b981ca4ff6,Cc1cc(-c2cnc3cccc(-c4cc(F)c(CN5CCOCC5)c(F)c4)c3n2)ccc1C(=O)N1CCOCC1,GBRGJHQHNKMEPR-UHFFFAOYSA-N,True,True,False,544.602,4.855,67.79,0,6,5,0.3578,3.906,O=C(c1ccc(-c2cnc3cccc(-c4ccc(CN5CCOCC5)cc4)c3n2)cc1)N1CCOCC1,6,False,False,True,selfies_token_mutation
CAND_3d7809fb5d,selfies,JAK2_b981ca4ff6,CC=C1C(C=c2ncc3c(n2)C(CS2=CC(F)=C(CN4CCOCC4)C(Cl)=C2)=CC=3)=CC=C1C(=O)N1CCOCC1,WNDYADCPNHTVEV-UHFFFAOYSA-N,True,True,True,595.14,2.8268,67.79,0,6,6,0.4722,4.562,C=C1C(C=c2ncc3c(n2)C(CS2=CC=C(CN4CCOCC4)C=C2)=CC=3)=CC=C1C(=O)N1CCOCC1,6,False,False,True,selfies_token_mutation
CAND_b7d919d455,selfies,JAK2_b981ca4ff6,CC1C(=CC=CC=NC=CC2C=CCC(C(=O)N3CCOCC3)=C2)C=CC(F)=C1CNCCOCCF,UGMHINJCZNHJEM-UHFFFAOYSA-N,True,True,True,513.629,4.42,63.16,1,5,12,0.2385,4.659,O=C(C1=CC(C=CN=CC=CC=C2C=CC=CC2)C=CC1)N1CCOCC1,6,False,False,True,selfies_token_mutation
CAND_a3ac155a22,selfies,JAK2_b981ca4ff6,CC=C1C2=C3C=CC=NC=CC1N=CC3(C)C(CN1CCOCC1)=C(F)C=C2,BIMMWGNVOHWMHK-UHFFFAOYSA-N,True,True,True,379.479,3.9685,37.19,0,4,2,0.728,3.414,C=C1C2=C3C=CC=NC=CC1N=CC3C(CN1CCOCC1)=CC=C2,10,False,True,True,selfies_token_mutation
CAND_669db9bc95,selfies,JAK2_b981ca4ff6,O=C(C1C=C(c2cnc3cccc(-c4cc(F)c(CN5CCOCC5)c(F)c4)c3n2)C=CC1)N1CCOCC1,TVNJUAMTDIPPBO-UHFFFAOYSA-N,True,True,True,532.591,4.2255,67.79,0,6,5,0.4903,4.089,O=C(C1C=C(c2cnc3cccc(-c4ccc(CN5CCOCC5)cc4)c3n2)C=CC1)N1CCOCC1,6,False,False,True,selfies_token_mutation
CAND_7829f6a913,selfies,JAK2_b981ca4ff6,Cc1cc(-c2cnc3cccc(-c4cc(F)c(CC5CCOCC5)c(F)c4)c3n2)ccc1C(=O)N1CCOCC1,KGYOZSUYOIYVQN-UHFFFAOYSA-N,True,True,True,543.614,5.9919,64.55,0,5,5,0.3094,4.397,O=C(c1ccc(-c2cnc3cccc(-c4ccc(CC5CCOCC5)cc4)c3n2)cc1)N1CCOCC1,6,False,False,True,selfies_token_mutation
CAND_9653828f4f,selfies,JAK2_b981ca4ff6,O=C(C1C2C=CN=c3cccc(-c4cc(F)c(CN5CCOCC5)c(F)c4)c3=NC1C=C2)N1CCOCC1,ZRFBFNHYDOEJER-UHFFFAOYSA-N,True,True,True,520.58,2.2601,66.73,0,6,4,0.5806,4.898,O=C(C1C2C=CN=c3cccc(-c4ccc(CN5CCOCC5)cc4)c3=NC1C=C2)N1CCOCC1,9,False,True,True,selfies_token_mutation
CAND_3f93b0e6b1,selfies,JAK2_b981ca4ff6,O=C(C1=CC2C=CN=CC=CC=C(C=CC(F)=C(CF)CN3CCOCC3)C1C=C2)N1CCOCC1,MQNVKPZOAKXLSD-UHFFFAOYSA-N,True,True,True,497.586,3.736,54.37,0,5,6,0.4146,5.47,O=C(C1=CC2C=CN=CC=CC=C(C=CC=CCN3CCOCC3)C1C=C2)N1CCOCC1,12,True,False,True,selfies_token_mutation
CAND_b3552dd168,selfies,JAK2_b981ca4ff6,O=C(C1=CC=c2cc3c(nc2=CC1)[SH](C=CC(F)=C(Cl)CN1CCOCC1)CC=CC=N3)N1CCOCC1,JBKXNLAVGNEBSW-UHFFFAOYSA-N,True,True,True,559.107,2.7295,67.26,1,6,5,0.4446,4.737,O=C(C1=CC=c2cc3c(nc2=CC1)[SH](C=CC=CCN1CCOCC1)CC=CC=N3)N1CCOCC1,8,False,True,True,selfies_token_mutation
CAND_2c92cd9363,selfies,JAK2_86274ac229,CC1(N2CN=C(c3ccc(S(C)(=O)=O)cc3)CC=CNN2)C=CC=CCN2CCNC1C2,MRHYAZLLWZVCMO-UHFFFAOYSA-N,True,True,True,456.616,1.2238,89.07,3,8,3,0.6303,4.217,C1=CCN2CCNC(C2)C(N2CN=C(c3ccccc3)CC=CNN2)C=C1,9,False,True,True,selfies_token_mutation
CAND_aebf511cdc,selfies,JAK2_86274ac229,CNC1CN(Cc2cccc(Nc3nc4c(-c5ccc(S(C)(=O)=O)cc5)cccn4n3)c2)CCN1,CSXZIAZIRMFDNA-UHFFFAOYSA-N,True,True,True,491.621,2.4941,103.66,3,8,7,0.3624,4.112,c1ccc(-c2cccn3nc(Nc4cccc(CN5CCNCC5)c4)nc23)cc1,6,False,False,True,selfies_token_mutation
CAND_cd72b1d3d5,selfies,JAK2_86274ac229,Cc1c(Nc2nc3c(-c4ccc(S(C)(=O)=O)cc4)cccn3n2)cccc1N1CCNCC1,ZPORKAAMXDNAQF-UHFFFAOYSA-N,True,True,True,462.579,3.2614,91.63,2,7,5,0.4703,3.45,c1ccc(-c2cccn3nc(Nc4cccc(N5CCNCC5)c4)nc23)cc1,6,False,False,True,selfies_token_mutation
CAND_7212bb82d3,selfies,JAK2_86274ac229,CNC1CCN(CC=C2C=CC(NCN=CC(=CC=CNN)C=C3C=COC([SH](C)C=O)=C3)=C2)C1,VLRJDAWKFOAUIR-UHFFFAOYSA-N,True,True,True,496.681,2.3144,104.01,5,8,12,0.0705,4.565,C=C(C=NCNC1=CC(=CCN2CCCC2)C=C1)C=C1C=COC=C1,6,False,False,True,selfies_token_mutation
CAND_67f574cc2f,selfies,JAK2_86274ac229,CN1CC=CC=CC2(F)NC3N=CC(C)(c4ccc(S(C)(=O)=O)cc4)N3N=C2NCC1,JTVUXJVTJOMJJL-UHFFFAOYSA-N,True,True,True,446.552,1.2052,89.4,2,8,2,0.6641,4.036,C1=CCNCCNC2=NN3C(N=CC3c3ccccc3)NC2C=C1,11,False,True,True,selfies_token_mutation
CAND_1d960180d3,selfies,JAK2_86274ac229,CNCCN1C=C(Nc2nc3c(-c4ccc(S(C)(=O)=O)cc4)cccn3n2)C=CC=CC1,JGWRPLMMLOECQD-UHFFFAOYSA-N,True,True,True,450.568,2.7005,91.63,2,7,7,0.5718,3.934,C1=CCNC=C(Nc2nc3c(-c4ccccc4)cccn3n2)C=C1,8,False,True,True,selfies_token_mutation
CAND_7de53b10a5,selfies,JAK2_86274ac229,CC1(NCN=c2c3cccn2NCc2cc-3ccc2S(C)(=O)=O)C=CC=CCN(CF)CCNC1,CYZSJJWIWUBQEN-UHFFFAOYSA-N,True,True,True,500.644,1.7668,90.76,3,7,5,0.5425,4.212,C1=CCNCCNCC(NCN=c2c3cccn2NCc2cccc-3c2)C=C1,11,False,True,True,selfies_token_mutation
CAND_073b3167e7,selfies,JAK2_86274ac229,CN1c2ccc(-c3ccc(S(C)(=O)=O)cc3)c(=NCNC3(C)C=CC=CCN4CCN(C4)C3)n21,PTDOZKOEJVVJIO-UHFFFAOYSA-N,True,True,True,480.638,1.6791,72.95,1,7,5,0.6569,4.801,C1=CCN2CCN(CC(NCN=c3c(-c4ccccc4)ccc4n3N4)C=C1)C2,10,False,True,True,selfies_token_mutation
CAND_ed2576285a,selfies,JAK2_86274ac229,CNCCNCc1cccc(Nc2nc3c(-c4ccc(S(C)(=O)=O)cc4)cccn3n2)c1CCP,HIYFJEUYYKHSCD-UHFFFAOYSA-N,True,True,True,510.604,3.27,100.42,3,7,11,0.2104,4.517,c1ccc(Nc2nc3c(-c4ccccc4)cccn3n2)cc1,6,False,False,True,selfies_token_mutation
CAND_49f8fb922f,selfies,JAK2_86274ac229,CN1CCN(Cc2cccc(NC3=NNC=CC=C(c4ccc(S(C)(=O)=O)cc4)ON3)c2)CC1,YAXJDQCLFHVRHR-UHFFFAOYSA-N,True,True,True,482.61,2.1996,98.3,3,9,5,0.5968,3.862,C1=CNN=C(Nc2cccc(CN3CCNCC3)c2)NOC(c2ccccc2)=C1,9,False,True,True,selfies_token_mutation
CAND_55839e9c64,selfies,JAK2_86274ac229,ClCC=NCNC1=C2CCN(CC=CC=C1)CCN2,ALFISABEZHJIRP-UHFFFAOYSA-N,True,True,True,280.803,1.476,39.66,2,4,4,0.6053,2.75,C1=CC=C2CCN(CC=C1)CCN2,10,False,True,True,selfies_token_mutation
CAND_14a7be2b82,selfies,JAK2_474efd57c1,C=NC(C=CN1C=CC(CCl)=CC1)=CN=CNC=CC(=O)N[C@H](C)C1CC(C#N)CN1,KXALGUMBKOKTBM-FQVISZRSSA-N,True,True,True,441.967,2.1746,104.91,3,6,10,0.1583,4.011,O=C(C=CNC=NC=CC=CN1C=CC=CC1)NCC1CCCN1,6,False,False,True,selfies_token_mutation
CAND_81e866688c,selfies,JAK2_474efd57c1,CC=C(Cl)C=CCN1C=CC2=CN=C1NC(=CC(=O)N[C@H](C)C=O)C2C,OSBGLLGRCOXZKO-KWCCSABGSA-N,True,True,True,374.872,2.5812,73.8,2,5,6,0.4255,2.888,C=C1CC2=CN=C(NC=C2)N1,7,False,False,True,selfies_token_mutation
CAND_c0afb5e888,selfies,JAK2_474efd57c1,C=NC1=CC=C(Cl)CN(C)C=CC1=CN=CNC=CC(=O)N[C@H](C)C=O,PVBFNPRZEXKJPL-CQSZACIVSA-N,True,True,True,375.86,1.8718,86.16,2,5,7,0.3077,3.019,C=C1C=CC=CCNC=C1,9,False,True,True,selfies_token_mutation
CAND_faa0044bb8,selfies,JAK2_474efd57c1,CC1=NCN(C(=O)[C@@H](C)NC(=O)C=CNC=NC=C(C=CN2CCCc3cc(Cl)ccc32)N=CNP)C1,KMPJHJSRNPMAJK-LJQANCHMSA-N,True,True,True,543.012,2.7526,113.79,3,6,10,0.1383,4.572,O=C(C=CNC=NC=CC=CN1CCCc2ccccc21)NCC(=O)N1CC=NC1,6,False,False,True,selfies_token_mutation
CAND_2cc06eab13,selfies,JAK2_474efd57c1,CC1C=CCN(C=CC2=CN=CNC(=CC(=O)N[C@H](C)C=O)C2C)C=C1,NDSAMQXCORFRSS-AQFXKWCLSA-N,True,True,True,354.454,2.2607,73.8,2,5,5,0.4512,2.9,C=C1CC(C=CN2C=CCC=CC2)=CN=CN1,7,False,False,True,selfies_token_mutation
CAND_64d6868ed9,selfies,JAK2_474efd57c1,C[C@@H](NC(=O)C=CNC=NC1=C(C=CN2OCCc3cc(Cl)ccc32)N=C1)C(=O)N1CC(C#N)C1,OTYJAXNSLNYKLK-MRXNPFEDSA-N,True,True,True,493.955,2.0621,122.42,2,7,8,0.3245,4.05,O=C(C=CNC=NC1=C(C=CN2OCCc3ccccc32)N=C1)NCC(=O)N1CCC1,6,False,False,True,selfies_token_mutation
CAND_4cb9d9d552,selfies,JAK2_474efd57c1,C=CNC(=C)OC=C1C=NC(c2cn(C)c3cc(Cl)ccc23)=CN=[SH]CN1,AJQWIALNJFPSSF-UHFFFAOYSA-N,True,True,True,401.923,3.8224,62.94,3,5,5,0.5268,3.163,C=C1C=NC(c2c[nH]c3ccccc23)=CN=[SH]CN1,9,False,True,True,selfies_token_mutation
CAND_c22f5ec0dc,selfies,JAK2_474efd57c1,C[C@H](COC=O)NC(=O)c1c[nH]c2ncc(-c3cn(C)c4cc(Cl)ccc34)nc12,LLACLROMPLXZJR-LLVKDONJSA-N,True,True,True,411.849,3.0613,101.9,2,5,6,0.4746,3.344,c1ccc2c(-c3cnc4[nH]ccc4n3)c[nH]c2c1,6,False,False,True,selfies_token_mutation
CAND_ab2c42e379,selfies,JAK2_474efd57c1,C[C@H](C=O)NC(=O)c1cnc(-c2cn(C)c3cc(Cl)ccc23)cnc[nH]c1,FYPLAHGOKNYLEJ-GFCCVEGCSA-N,True,True,True,383.839,3.0584,92.67,2,4,4,0.677,3.188,c1cnc(-c2c[nH]c3ccccc23)cnc[nH]c1,9,False,True,True,selfies_token_mutation
CAND_04546ff4c2,selfies,JAK2_474efd57c1,C[C@H](CC(=O)N1CC(C#N)C1)NC(=O)c1c[nH]c2ncc(-c3cn(C)c4cc(Cl)ccc34)nc12,BKUJQOLPYITMAV-CYBMUJFWSA-N,True,True,True,475.94,3.2604,119.7,2,5,5,0.4588,3.775,O=C(NCCC(=O)N1CCC1)c1c[nH]c2ncc(-c3c[nH]c4ccccc34)nc12,6,False,False,True,selfies_token_mutation
CAND_13c8aafff7,selfies,JAK2_474efd57c1,CC1C=CC(Cl)=CC=CC(=CC2=CN=CNC(=CN(O)[C@H](C)C=O)C=N2)N1,FZCQCFVQKGYOJE-YSSOQSIOSA-N,True,True,True,387.871,2.7608,89.32,3,7,4,0.5095,3.21,C=C1C=NC(C=C2C=CC=CC=CCN2)=CN=CN1,9,False,True,True,selfies_token_mutation
CAND_a66d8d2386,selfies,JAK2_a76d3b3ff0,Nc1nn2cccnc2c1C=C1N=CNOC1N1CCCC1c1ccc(F)cc1,RCBGEOWYGDTABW-UHFFFAOYSA-N,True,True,True,393.426,2.5178,93.07,2,7,3,0.7104,3.316,C1=NC(=Cc2cnn3cccnc23)C(N2CCCC2c2ccccc2)ON1,6,False,False,True,selfies_token_mutation
CAND_788d1f2080,selfies,JAK2_a76d3b3ff0,Nc1nn2cccnc2c1-c1cc(N2CCOC2c2ccc(F)cc2)ncn1,IHSHCQKTSHBBFS-UHFFFAOYSA-N,True,True,True,377.383,2.443,94.46,1,7,3,0.5859,2.977,c1ccc(C2OCCN2c2cc(-c3cnn4cccnc34)ncn2)cc1,6,False,False,True,selfies_token_mutation
CAND_a76d3b3ff0,selfies,JAK2_a76d3b3ff0,Nc1nn2cccnc2c1-c1cc(N2CCCC2c2ccc(F)cc2)ncn1,WNDJXHTVTVODGW-UHFFFAOYSA-N,True,True,False,375.411,3.2491,85.23,1,6,3,0.5916,2.966,c1ccc(C2CCCN2c2cc(-c3cnn4cccnc34)ncn2)cc1,6,False,False,True,selfies_token_mutation
CAND_8bb1aed24b,selfies,JAK2_a76d3b3ff0,N=CN=C(C=Cc1c(N)nn2cccnc12)NCCCc1ccc(F)cc1,HXTAYHGAQODZDW-UHFFFAOYSA-N,True,True,True,365.416,2.6918,104.45,3,4,7,0.34,2.711,N=C(C=Cc1cnn2cccnc12)NCCCc1ccccc1,6,False,False,True,selfies_token_mutation
CAND_f24c3a4489,selfies,JAK2_a76d3b3ff0,NC=NNC1=CCONC1=Cc1cc(N2CCCC2c2ccc(F)cc2)ncn1,JDRXATSRHZDUEX-UHFFFAOYSA-N,True,True,True,395.442,2.2084,100.69,3,7,5,0.4054,3.127,C1=CC(=Cc2cc(N3CCCC3c3ccccc3)ncn2)NOC1,6,False,False,True,selfies_token_mutation
CAND_73293d53a4,selfies,JAK2_a76d3b3ff0,Fc1ccc(C2CCCN2c2cc(C3=C4N=CC=CN4CN3)ncn2)cc1,QXPCLRILISZVKO-UHFFFAOYSA-N,True,True,True,362.412,3.0441,56.65,1,6,3,0.9095,2.894,C1=CN2CNC(c3cc(N4CCCC4c4ccccc4)ncn3)=C2N=C1,6,False,False,True,selfies_token_mutation
CAND_5618ac5ea7,selfies,JAK2_a76d3b3ff0,CC(C=Cc1c(N)nn2cccnc12)NCCCCC=C=CF,MXMJRBUFTLXXII-UHFFFAOYSA-N,True,True,True,315.396,3.1114,68.24,2,4,8,0.58,2.75,c1cnc2ccnn2c1,6,False,False,True,selfies_token_mutation
CAND_98e966acf6,selfies,JAK2_a76d3b3ff0,CC1=CC=CC2(CCCN2C(C=N)=Cc2c(N)nn3cccnc23)C1=N,LQLCHXPQYNFYST-UHFFFAOYSA-N,True,True,True,347.426,2.6724,107.15,3,6,3,0.7419,2.625,N=C1C=CC=CC12CCCN2C=Cc1cnn2cccnc12,6,False,False,True,selfies_token_mutation
CAND_5b9a541ca8,selfies,JAK2_a76d3b3ff0,NC=NNC1=C=CC=NC1=Cc1cc(N2CCCC2c2ccc(F)cc2)ncn1,HZKHKQVMIICOFI-UHFFFAOYSA-N,True,True,True,389.438,2.9131,91.79,2,6,5,0.3551,3.094,C1=CC=NC(=Cc2cc(N3CCCC3c3ccccc3)ncn2)C=1,6,False,False,True,selfies_token_mutation
CAND_a2d02ece68,selfies,JAK2_a76d3b3ff0,NC=NC=C1C=NC=C1c1cc(N2CCCC2c2ccc(F)cc2)ncn1,WELVGTHQDHPFKY-UHFFFAOYSA-N,True,True,True,362.412,3.2534,79.76,1,5,4,0.6687,2.819,C=C1C=NC=C1c1cc(N2CCCC2c2ccccc2)ncn1,6,False,False,True,selfies_token_mutation
CAND_e931d91d1a,selfies,JAK2_a76d3b3ff0,NC=NN1C=CC=NC1=C=Cc1cc(N2CCCC2c2ccc(F)cc2)ncn1,YZMKRBQKJCTEMK-UHFFFAOYSA-N,True,True,True,389.438,3.2128,83.0,1,6,4,0.4932,2.969,C(=Cc1cc(N2CCCC2c2ccccc2)ncn1)=C1N=CC=CN1,6,False,False,True,selfies_token_mutation
CAND_975e3de560,selfies,JAK2_6a465d8a48,CC=C1N=CN(CCNC(=O)Cc2ccccc2OC)OCN=C1Nc1cc(C)[nH]n1,XEUFEXBSBCOIIK-UHFFFAOYSA-N,True,True,True,425.493,2.0328,116.23,3,8,7,0.6251,3.544,C=C1N=CN(CCNC(=O)Cc2ccccc2)OCN=C1Nc1cc[nH]n1,8,False,True,True,selfies_token_mutation
CAND_f8c2c84761,selfies,JAK2_6a465d8a48,COc1ccccc1C(=O)NCC1=NN2C=CCC(=NCN1C)N1C=C(C)NN21,QQVMUIFHJROABN-UHFFFAOYSA-N,True,True,True,396.455,1.0728,88.04,2,9,4,0.7872,3.258,O=C(NCC1=NN2C=CCC(=NCN1)N1C=CNN21)c1ccccc1,9,False,True,True,selfies_token_mutation
CAND_052f7a6961,selfies,JAK2_6a465d8a48,COc1ccc2cc1C(=O)NCCN(CN=NNNc1cc(C)[nH]n1)CC2,AWGZVASOKVZYSL-UHFFFAOYSA-N,True,True,True,372.433,1.256,119.03,4,7,6,0.4477,3.125,O=C1NCCN(CN=NNNc2cc[nH]n2)CCc2cccc1c2,10,False,True,True,selfies_token_mutation
CAND_33d632c1f8,selfies,JAK2_6a465d8a48,COc1ccccc1C(=O)N1CCN(C2=NN3C=CCC3C(Nc3cc(C)[nH]n3)=N2)CC1,HFAZQVGKXDOTFD-UHFFFAOYSA-N,True,True,True,434.504,1.8677,101.45,2,8,3,0.7649,3.294,O=C(c1ccccc1)N1CCN(C2=NN3C=CCC3C(Nc3cc[nH]n3)=N2)CC1,6,False,False,True,selfies_token_mutation
CAND_1e32474102,selfies,JAK2_6a465d8a48,C=S1NNC(C)=CCNC2=NC(N3CCN(C(=O)C=CC=CCOC)CC3)=NN1C=C2,DFGUEESJXAPTFA-UHFFFAOYSA-N,True,True,True,446.581,0.5203,96.83,3,9,4,0.3291,3.537,C=S1NNC=CCNC2=NC(N3CCNCC3)=NN1C=C2,11,False,True,True,selfies_token_mutation
CAND_1f2c049cb6,selfies,JAK2_6a465d8a48,COC=C1C=NCC=C1C(=O)N1CCN(c2nc(Nc3cc(C)[nH]n3)c3cccn3n2)CC1,PICCNYDSUYIDQS-UHFFFAOYSA-N,True,True,True,447.503,1.6941,116.04,2,8,5,0.572,3.367,C=C1C=NCC=C1C(=O)N1CCN(c2nc(Nc3cc[nH]n3)c3cccn3n2)CC1,6,False,False,True,selfies_token_mutation
CAND_c059edd72b,selfies,JAK2_6a465d8a48,CCC(=NC1=NNCN1CCNC(=O)c1ccccc1OC)NNc1cc(C)[nH]n1,JCCPHNMGSTXLPE-UHFFFAOYSA-N,True,True,True,413.486,1.0154,131.06,5,8,8,0.248,3.103,O=C(NCCN1CNN=C1N=CNNc1cc[nH]n1)c1ccccc1,6,False,False,True,selfies_token_mutation
CAND_3d1a527e76,selfies,JAK2_6a465d8a48,COC=C1C=CC=CN1C(=O)NCC1CCN1CN=C1CC=CN(N)N2NCCOC2=CCNN1,KAPLHFVLECJPKE-UHFFFAOYSA-N,True,True,True,486.581,-0.2199,134.99,5,10,5,0.2622,4.134,C=C1C=CC=CN1C(=O)NCC1CCN1CN=C1CC=CNN2NCCOC2=CCNN1,11,False,True,True,selfies_token_mutation
CAND_599755b902,selfies,JAK2_6a465d8a48,Cc1cc(Nc2nc(N3CCCOc4ccccc4C(=O)NCC3)nn3cccc23)n[nH]1,RNQSPCUAYJHLGN-UHFFFAOYSA-N,True,True,True,432.488,2.5233,112.47,3,7,3,0.456,3.533,O=C1NCCN(c2nc(Nc3cc[nH]n3)c3cccn3n2)CCCOc2ccccc21,11,False,True,True,selfies_token_mutation
CAND_d4274dfe6f,selfies,JAK2_6a465d8a48,COc1ccccc1OC(=O)NC1CCN(CN=C(Cc2cccn2N)Nc2cc(C)[nH]n2)C1,NKMRAZBZPFCBOX-UHFFFAOYSA-N,True,True,True,466.546,2.1155,134.82,4,7,8,0.2269,3.897,O=C(NC1CCN(CN=C(Cc2ccc[nH]2)Nc2cc[nH]n2)C1)Oc1ccccc1,6,False,False,True,selfies_token_mutation
CAND_b568120072,selfies,JAK2_38e5488d63,CS(=O)(=O)CNC1=CC=NCC1=CC1=CCC=CC=NC1Nc1ccc(C2CCN(CC(N)=O)CC2)cc1,BFZHVWAUDXJZSV-UHFFFAOYSA-N,True,True,True,536.702,2.5328,129.25,3,8,9,0.4449,4.912,C1=CCC=C(C=C2C=CC=NC2)C(Nc2ccc(C3CCNCC3)cc2)N=C1,8,False,True,True,selfies_token_mutation
CAND_d07950dc84,selfies,JAK2_38e5488d63,CCC=C(NN=CNC=CCCl)c1ccccc1N(C)S(C)(=O)=O,LBJLGIUVEGYRII-UHFFFAOYSA-N,True,True,True,370.906,2.7083,73.8,2,4,9,0.3032,2.491,c1ccccc1,6,False,False,True,selfies_token_mutation
CAND_175ff52401,selfies,JAK2_38e5488d63,CN(C=CC=CCC1=CCC2=CC=NC21)S(C)(=N)=O,OXDKOSOEGFDYSZ-UHFFFAOYSA-N,True,True,True,277.393,2.6793,56.52,1,3,5,0.6094,2.625,C1=CC2N=CC=C2C1,5,False,False,True,selfies_token_mutation
CAND_8c24aa2619,selfies,JAK2_38e5488d63,CN(c1ccccc1C1=CCCC2C=NC(=NN1)Nc1ccc(cc1)C1CCN(CC(N)=O)C2C1)S(C)(=O)=O,GSYVQLOHDDGLKV-UHFFFAOYSA-N,True,True,True,549.701,2.9237,132.49,3,8,5,0.5255,5.884,C1=NC2=NNC(c3ccccc3)=CCCC1C1CC(CCN1)c1ccc(cc1)N2,12,True,False,True,selfies_token_mutation
CAND_98821b9bb0,selfies,JAK2_38e5488d63,Cc1cc(-c2ccccc2N(F)S(C)(=O)=O)n2nc(Nc3ccc(C4CCN(CC(N)=O)CC4)cc3)ncc12,GZJHNPVPICHPMQ-UHFFFAOYSA-N,True,True,True,551.648,3.7635,125.93,2,7,8,0.3194,4.32,c1ccc(-c2ccc3cnc(Nc4ccc(C5CCNCC5)cc4)nn23)cc1,6,False,False,True,selfies_token_mutation
CAND_487ca6e30e,selfies,JAK2_38e5488d63,CN(C=O)SN(C)c1ccccc1C1=CCCN2CC=NC(=NNO1)NC=C1C=CC(=C1)OC1CCN(CC(N)=O)CC12,AYMWPUWVEXGVQZ-UHFFFAOYSA-N,True,True,True,607.741,1.5694,140.36,3,12,7,0.3091,6.457,C1=CC2=CC1=CNC1=NNOC(c3ccccc3)=CCCN(CC=N1)C1CNCCC1O2,13,True,False,True,selfies_token_mutation
CAND_51bc199c58,selfies,JAK2_38e5488d63,CC1C(C=CNC2=NNOC(C=C3C=CNC=C3N(C)S(C)=O)=CCC=CC2)=C(CN)CCCN1C(N)=O,IHGWBYQLHZUELG-UHFFFAOYSA-N,True,True,True,542.71,2.0866,150.34,5,8,6,0.3226,4.571,C1=CCC(NC=CC2=CCCCNC2)=NNOC(C=C2C=CNC=C2)=CC1,10,False,True,True,selfies_token_mutation
CAND_8018aa7b1f,selfies,JAK2_38e5488d63,CCC1=C(c2ccccc2N(C)S(C)(=O)=O)NN=C(NC=CC=C(C=CSN)C2CCN(CC(N)=O)CC2)CC1,UVADXLVMIIVHNM-UHFFFAOYSA-N,True,True,True,587.816,3.248,146.15,4,9,11,0.228,4.446,C(C=CC1CCNCC1)=CNC1=NNC(c2ccccc2)=CCC1,7,False,False,True,selfies_token_mutation
CAND_8de4c0c4c2,selfies,JAK2_38e5488d63,CCC1=C(c2ccccc2N(S)CC(=O)ON)N=C2C=C(N=CC1)C(=CC=CC1CCN(CC(N)=O)CC1)NN2,BOQHLSKKIHXCCP-UHFFFAOYSA-N,True,True,True,564.716,2.3779,150.67,5,11,9,0.2266,4.818,C(=CC1CCNCC1)C=C1NNC2=NC(c3ccccc3)=CCC=NC1=C2,9,False,True,True,selfies_token_mutation
CAND_b44e0387ae,selfies,JAK2_38e5488d63,CN(c1ccccc1C1=CCC=C=NC(Nc2ccc(C3CCN(CC(N)=O)CC3)cc2)=NN1)S(C)(=O)=O,BRGUERIMARPKLF-UHFFFAOYSA-N,True,True,True,535.674,2.6903,132.49,3,8,7,0.4995,4.407,C1=CCC=C(c2ccccc2)NN=C(Nc2ccc(C3CCNCC3)cc2)N=1,9,False,True,True,selfies_token_mutation
CAND_8fe664e68b,selfies,JAK2_38e5488d63,CC1=C(Nc2ncc3c(C)cc(-c4ccccc4N(C)S(C)(=O)=O)n3n2)C=CC2CN(CC(N)=O)CCC2P1,TUEFXQCISHPUCV-UHFFFAOYSA-N,True,True,True,567.656,3.168,125.93,2,7,7,0.4202,5.034,C1=CC2CNCCC2PC=C1Nc1ncc2ccc(-c3ccccc3)n2n1,7,False,False,True,selfies_token_mutation
CAND_f2e4b4d4e7,selfies,JAK2_38e5488d63,CCC1=C(c2ccccc2NCCS(C)(=O)=O)N=C(NC=C2C=CC(CC3CCON(C=CCN)C3)=C2)N=CC1,ZXVFSYKLFPFZAB-UHFFFAOYSA-N,True,True,True,564.756,4.1804,121.41,3,9,11,0.3687,4.818,C1=CC(CC2CCONC2)=CC1=CNC1=NC(c2ccccc2)=CCC=N1,7,False,False,True,selfies_token_mutation
CAND_e370839301,selfies,JAK2_927180c033,CCCOCCC1=C(N)N(C2(C)CC(=O)N3C=CC=C(C=CC=N2)C3)CN=C1,QTMWZIOGXUYYDA-UHFFFAOYSA-N,True,True,True,383.496,2.3465,83.52,1,6,6,0.7138,3.436,O=C1CC(N2C=CC=NC2)N=CC=CC2=CC=CN1C2,10,False,True,True,selfies_token_mutation
CAND_7ecc660f75,selfies,JAK2_927180c033,CC(=O)NC=CC=C(C)C=C=NC(=N)Nc1ccc(N2CCOCC2)cc1,JIDSJVDRGVOGJS-UHFFFAOYSA-N,True,True,True,367.453,2.6919,89.81,3,4,5,0.424,2.222,c1ccc(N2CCOCC2)cc1,6,False,False,True,selfies_token_mutation
CAND_d6b34c97b3,selfies,JAK2_927180c033,NC1C#CC=CNC(=O)CN=C1Nc1ccc(N2CCOCC2)cc1,VDKIZJDJNOMCCY-UHFFFAOYSA-N,True,True,True,339.399,0.3078,91.98,3,6,2,0.6746,2.75,O=C1CN=C(Nc2ccc(N3CCOCC3)cc2)CC#CC=CN1,10,False,True,True,selfies_token_mutation
CAND_973c91085f,selfies,JAK2_927180c033,CC(=O)NNC=C1C=CC(C=C2C=NC(NC=C3C=CC(N=C4CCOCC4)=C3)=N2)=C1,JVDFYSAVEMMCTG-UHFFFAOYSA-N,True,True,True,416.485,2.5101,99.47,3,7,5,0.5998,2.994,C=C1C=CC(C=C2C=NC(NC=C3C=CC(N=C4CCOCC4)=C3)=N2)=C1,6,False,False,True,selfies_token_mutation
CAND_8f341804b1,selfies,JAK2_927180c033,C=CC(=CC=NC(C)=O)c1ccnc(Nc2ccc(N3CCOCC3)cc2)n1,DZQTWCZGGDEOCX-UHFFFAOYSA-N,True,True,True,377.448,3.2435,79.71,1,6,6,0.6149,2.652,c1cnc(Nc2ccc(N3CCOCC3)cc2)nc1,6,False,False,True,selfies_token_mutation
CAND_72da4b2d91,selfies,JAK2_927180c033,CC(Cl)ONC=c1ccn2c(=CC=NCNc3ccc(N4CCOCC4)cc3)sc2c1,YPVAKQFSCAYRER-UHFFFAOYSA-N,True,True,True,460.003,2.6023,62.53,2,7,8,0.3078,3.861,C=c1ccn2c(=CC=NCNc3ccc(N4CCOCC4)cc3)sc2c1,6,False,False,True,selfies_token_mutation
CAND_7d0249bf35,selfies,JAK2_927180c033,CCCCCNc1cccn(C2(C)CC(=O)NC3=CC=C3C=CC=N2)c1=N,KMSCLOUQJPOTFO-UHFFFAOYSA-N,True,True,True,365.481,3.2132,82.27,3,4,6,0.6766,3.336,N=c1ccccn1C1CC(=O)NC2=CC=C2C=CC=N1,10,False,True,True,selfies_token_mutation
CAND_07ac683d58,selfies,JAK2_927180c033,CC(=O)NC=C1C=CC(C=C2C=NC(NC=C3C=CC(NC4CCOCC4)=C3)=N2)=C1,CTASEJVOBQDGEH-UHFFFAOYSA-N,True,True,True,403.486,2.5227,87.11,3,6,5,0.6584,2.922,C=C1C=CC(C=C2C=NC(NC=C3C=CC(NC4CCOCC4)=C3)=N2)=C1,6,False,False,True,selfies_token_mutation
CAND_1eac7a69ca,selfies,JAK2_927180c033,CC(=O)Nc1ccc(C2C=NC(NC=C3C=CCC(N4CCOOC4)=C3)=N2)cc1,AXVIMDZBUFGSKX-UHFFFAOYSA-N,True,True,True,393.447,2.6651,87.55,2,7,4,0.7682,2.991,C1=CC(=CNC2=NC(c3ccccc3)C=N2)C=C(N2CCOOC2)C1,6,False,False,True,selfies_token_mutation
CAND_1dbc9a5dcf,selfies,JAK2_927180c033,CC(C)ONC=C1C=CN2C(=C1)C=C2C=NCNC=C1C=CC(N[SH]2CCOCC2)=C1,VHFIGOOEEXMDQJ-UHFFFAOYSA-N,True,True,True,441.601,2.9021,70.15,4,7,9,0.1909,3.634,C=C1C=CN2C(=C1)C=C2C=NCNC=C1C=CC(N[SH]2CCOCC2)=C1,6,False,False,True,selfies_token_mutation
CAND_8c118b20fe,selfies,JAK2_b97262126f,O=C1CCCCN(C2=CC(CC3=C4N=CC=CN4N=NC3)C=N2)CCC=NC1,KVKFGXPHEZQNDM-UHFFFAOYSA-N,True,True,True,379.468,2.9269,85.35,0,8,3,0.7555,3.289,O=C1CCCCN(C2=CC(CC3=C4N=CC=CN4N=NC3)C=N2)CCC=NC1,11,False,True,True,selfies_token_mutation
CAND_e5855bb322,selfies,JAK2_b97262126f,CCN1CC(C)N(c2cc(-c3c(N)nn4cccnc34)ncn2)CCCC1=O,MMMDYKSXOKSGAN-UHFFFAOYSA-N,True,True,True,380.456,1.6057,105.54,1,7,3,0.7356,3.294,O=C1CCCN(c2cc(-c3cnn4cccnc34)ncn2)CCN1,8,False,True,True,selfies_token_mutation
CAND_8683764a52,selfies,JAK2_b97262126f,CCCN(CCC=O)C1CCCN(c2cc(-c3c(N)nn4cccnc34)ncn2)C1,BYMITQMONVYOBL-UHFFFAOYSA-N,True,True,True,408.51,2.0383,105.54,1,8,8,0.5646,3.575,c1cnc2c(-c3cc(N4CCCCC4)ncn3)cnn2c1,6,False,False,True,selfies_token_mutation
CAND_ed974d2bfd,selfies,JAK2_b97262126f,CCN1CCCN(C=CC(=NC=NC)c2c(N)nn3cccnc23)CCCCC1=O,VZQJTQBYYHPFPZ-UHFFFAOYSA-N,True,True,True,410.526,1.9969,104.48,1,6,5,0.5996,3.211,N=C(C=CN1CCCCC(=O)NCCC1)c1cnn2cccnc12,10,False,True,True,selfies_token_mutation
CAND_1df65c97d5,selfies,JAK2_b97262126f,CCN1CCCCN2C=CC3(C=NC2CCCC1=O)CC(N)=NNC=CC=N3,YPAFZWYYGWVQPN-UHFFFAOYSA-N,True,True,True,385.516,1.614,98.68,2,7,1,0.7163,3.072,O=C1CCCC2N=CC3(C=CN2CCCCN1)CC=NNC=CC=N3,11,False,True,True,selfies_token_mutation
CAND_f9d87a5296,selfies,JAK2_b97262126f,CCCN(CC)C(=O)C1CCCN(c2cc(-c3c(O)nn4cccnc34)ncn2)C1,VYLJJUKHMSFUPR-UHFFFAOYSA-N,True,True,True,409.494,2.3668,99.75,1,7,6,0.667,3.331,c1cnc2c(-c3cc(N4CCCCC4)ncn3)cnn2c1,6,False,False,True,selfies_token_mutation
CAND_adb6447409,selfies,JAK2_b97262126f,CCCN(CC)C(=O)CCCCNC1=CCCC(N)=NNC=CC=NC=NC=N1,XMQGQKQCBFHEQT-UHFFFAOYSA-N,True,True,True,402.547,2.1429,119.83,3,8,9,0.5118,3.867,C1=CNN=CCCC=CN=CN=CN=C1,15,True,False,True,selfies_token_mutation
CAND_6f53824079,selfies,JAK2_b97262126f,CCCN(CC)C(=O)C1CN(c2cc(-c3c(N)nn4cccnc34)ncn2)CCS1,KPYMQABASYZSBL-UHFFFAOYSA-N,True,True,True,426.55,1.9488,105.54,1,8,6,0.6375,3.425,c1cnc2c(-c3cc(N4CCSCC4)ncn3)cnn2c1,6,False,False,True,selfies_token_mutation
CAND_c427dc805f,selfies,JAK2_ed99096d7e,CN(C=CC=CCC1=C=CC=NCNC(=CC=CN2CCNC2)NNO1)S(C)=O,GAHDRGXTAOOKHB-UHFFFAOYSA-N,True,True,True,419.555,0.5858,93.26,4,8,7,0.3544,3.511,C1=CC=NCNC(=CC=CN2CCNC2)NNOC=1,11,False,True,True,selfies_token_mutation
CAND_62512a12a7,selfies,JAK2_ed99096d7e,CNCCN(F)C=C1C=CC(NCN=CC=C2C=C(Sc3ccccc3N(C)S(C)=O)ON2N)=C1,LLNJQQQBDRVPAF-UHFFFAOYSA-N,True,True,True,519.672,2.716,98.46,3,9,12,0.2204,4.443,C=C1C=CC(NCN=CC=C2C=C(Sc3ccccc3)ON2)=C1,6,False,False,True,selfies_token_mutation
CAND_938384903e,selfies,JAK2_ed99096d7e,CCCN(F)C=CC=C(Cl)NCN=CC=CC=C(NN)c1ccccc1N(C)SF,UYRKRNJRXYPLDT-UHFFFAOYSA-N,True,True,True,456.994,4.8242,68.92,3,7,13,0.0751,3.344,c1ccccc1,6,False,False,True,selfies_token_mutation
CAND_6d864362af,selfies,JAK2_ed99096d7e,CNCCN(F)C=C1C=CCC(NCN=Cc2ccc(-c3ccccc3N(C)S(C)(=O)=O)n2N)=C1,OPHCGAFRYZYHOG-UHFFFAOYSA-N,True,True,True,501.632,2.3643,107.99,3,7,11,0.2479,3.967,C=C1C=CCC(NCN=Cc2ccc(-c3ccccc3)[nH]2)=C1,6,False,False,True,selfies_token_mutation
CAND_b8eaa29348,selfies,JAK2_ed99096d7e,CNC1C=CC(NCN=CC=CCc2ccccc2N(C)S(C)(=O)=O)=CC=CN(F)C1,MUOZVMHPSVPLIA-UHFFFAOYSA-N,True,True,True,447.58,2.5409,77.04,2,6,9,0.4495,3.917,C(=CCc1ccccc1)C=NCNC1=CC=CNCCC=C1,9,False,True,True,selfies_token_mutation
CAND_cb7e5426fa,selfies,JAK2_ed99096d7e,CN(C1=CC=C=CC1=CCN1CNC2=CC=CN3CCNC1(C3)C2F)S(C)(=O)=O,LKWSEBXAHQQJGV-UHFFFAOYSA-N,True,True,True,419.526,0.6265,67.92,2,6,4,0.6518,3.886,C1=CC=CC(=CCN2CNC3=CC=CN4CCNC2(C3)C4)C=1,8,False,True,True,selfies_token_mutation
CAND_359f8515e6,selfies,JAK2_ed99096d7e,CN(c1ccccc1-c1ccc2n1N=CN1CCN(CC1)C1=CCCN(NCN=C2)C1F)S(C)(=O)=O,AILHNBMLEJASRP-UHFFFAOYSA-N,True,True,True,514.631,1.7397,88.78,1,8,3,0.6282,5.19,C1=NCNN2CCC=C(C2)N2CCN(C=Nn3c1ccc3-c1ccccc1)CC2,15,True,False,True,selfies_token_mutation
CAND_f3d5320c8e,selfies,JAK2_ed99096d7e,CN(c1ccccc1C1=CC=C=NCN(C=CC=CC2CNC2)NN1)S(C)(=O)=O,WFFVCFAJXAQWND-UHFFFAOYSA-N,True,True,True,414.535,1.2208,89.07,3,7,6,0.6069,3.359,C1=CC=C(c2ccccc2)NNN(C=CC=CC2CNC2)CN=1,9,False,True,True,selfies_token_mutation
CAND_1dd71ff1f1,selfies,JAK2_ed99096d7e,CN(c1cccc2c1C1=CC=CC=NCN(C3=CC=C3N3CCNCC3)N12)S(C)(=O)=O,RIUIHZQOIMBLOW-UHFFFAOYSA-N,True,True,True,438.557,1.745,71.49,1,7,4,0.7724,3.692,C1=CC=C2c3ccccc3N2N(C2=CC=C2N2CCNCC2)CN=C1,9,False,True,True,selfies_token_mutation
CAND_ed99096d7e,selfies,JAK2_ed99096d7e,CN1CCN(c2ccc(Nc3ncc4ccc(-c5ccccc5N(C)S(C)(=O)=O)n4n3)cc2F)CC1,DSCDGGNZDOEWPA-UHFFFAOYSA-N,True,True,False,509.611,3.4266,86.08,1,7,6,0.4263,3.837,c1ccc(-c2ccc3cnc(Nc4ccc(N5CCNCC5)cc4)nn23)cc1,6,False,False,True,selfies_token_mutation
CAND_a12ea6c499,selfies,JAK2_ed99096d7e,Cn1[nH]c(=CC=CC=NCNC2=CC=CN(CCl)CCNCC2F)ccccc1=CF,CEKSCOGQCVLLQQ-UHFFFAOYSA-N,True,True,True,450.965,1.9769,60.38,3,4,6,0.3527,3.561,C=c1ccccc(=CC=CC=NCNC2=CC=CNCCNCC2)[nH][nH]1,10,False,True,True,selfies_token_mutation
CAND_5b15561f8a,selfies,JAK2_48f4c39175,NC1=NCC2N=C(c3cc(Cl)ccc3Cl)C(=CN2)NC(=O)CC=NN=C1,WLUYTAZIXDKBFD-UHFFFAOYSA-N,True,True,True,392.25,1.4869,116.59,3,7,1,0.6723,3.81,O=C1CC=NN=CC=NCC2N=C(c3ccccc3)C(=CN2)N1,14,True,False,True,selfies_token_mutation
CAND_895a183ca5,selfies,JAK2_48f4c39175,CNC1C=C(NC(=O)c2cnn3ccc(N)nc23)C(c2cc(Cl)ccc2Cl)=N1,CPUDTCQZCPHZAX-UHFFFAOYSA-N,True,True,True,416.272,2.2804,109.7,3,6,4,0.6047,3.118,O=C(NC1=CCN=C1c1ccccc1)c1cnn2cccnc12,6,False,False,True,selfies_token_mutation
CAND_48f4c39175,selfies,JAK2_48f4c39175,Cn1cc(NC(=O)c2cnn3ccc(N)nc23)c(-c2cc(Cl)ccc2Cl)n1,NNGCTIVKZKXWGS-UHFFFAOYSA-N,True,True,False,402.245,3.2711,103.13,2,5,3,0.5476,2.665,O=C(Nc1c[nH]nc1-c1ccccc1)c1cnn2cccnc12,6,False,False,True,selfies_token_mutation
CAND_52c7f2966f,selfies,JAK2_48f4c39175,O=CC1NC=C2N=C(c3cc(Cl)ccc3Cl)C(=CN2)N1,SYFNYAKLOJRRTA-UHFFFAOYSA-N,True,True,True,309.156,1.7438,65.52,3,5,2,0.7283,3.0,C1=C2N=C(c3ccccc3)C(=CN2)NCN1,8,False,True,True,selfies_token_mutation
CAND_aead0e1960,selfies,JAK2_48f4c39175,Nc1ccn2ncc(C(=O)NC3=CNCN=C3C=CC=CCCl)c2n1,SFTYCTWVDXFJML-UHFFFAOYSA-N,True,True,True,357.805,1.2356,109.7,3,6,5,0.5505,2.418,O=C(NC1=CNCN=C1)c1cnn2cccnc12,6,False,False,True,selfies_token_mutation
CAND_577f2e4a02,selfies,JAK2_48f4c39175,CN1C=CNC(=O)CC=NNC=CC(N)=NCC(c2cc(Cl)ccc2Cl)=N1,WNGWMOUPHPGITC-UHFFFAOYSA-N,True,True,True,408.293,2.0667,107.47,3,7,1,0.6613,3.149,O=C1CC=NNC=CC=NCC(c2ccccc2)=NNC=CN1,16,True,False,True,selfies_token_mutation
CAND_c9b48cba1a,selfies,JAK2_48f4c39175,CC(C=NNN1C=CC(N)=NC1)Nc1cn(C)nc1-c1cc(Cl)ccc1Cl,QXOYTLVCVZHUGN-UHFFFAOYSA-N,True,True,True,407.309,2.8287,95.86,3,7,6,0.5057,3.068,C1=CN(NN=CCNc2c[nH]nc2-c2ccccc2)CN=C1,6,False,False,True,selfies_token_mutation
CAND_70291d2d44,selfies,JAK2_48f4c39175,CC(C#CCl)NCC1=NCNC=C1NC(=O)c1cnn2ccc(N)nc12,RMJGLPGXFAIQCL-UHFFFAOYSA-N,True,True,True,372.82,0.0622,121.73,4,7,5,0.5506,2.752,O=C(NC1=CNCN=C1)c1cnn2cccnc12,6,False,False,True,selfies_token_mutation
CAND_7df34b52e0,selfies,JAK2_48f4c39175,NCNC=C(NC=O)c1cnn2c1N=NC(Cl)C=C2,LLWIUQXLTKIWER-UHFFFAOYSA-N,True,True,True,281.707,0.5662,109.69,3,6,5,0.317,2.375,C1=Cn2nccc2N=NC1,7,False,False,True,selfies_token_mutation
CAND_01e61123d2,selfies,JAK2_48f4c39175,CNC=C(NC(=O)c1cnn2ccc(N)nc12)C(=N)c1cc(Cl)ccc1Cl,JOBSIBMVRXOXOI-UHFFFAOYSA-N,True,True,True,404.261,2.477,121.19,4,6,5,0.4871,2.676,C=C(NC(=O)c1cnn2cccnc12)C(=N)c1ccccc1,6,False,False,True,selfies_token_mutation
CAND_a1213e99e4,selfies,JAK2_0d9a1ad05b,COC=CC(=N[NH])Nc1nc(N[C@@H](C)c2ncc(F)cn2)ncc1Br,CVHDEIAJHZLVFP-QMMMGPOBSA-N,True,True,True,410.231,2.5097,121.01,2,7,6,0.3249,2.835,c1cnc(CNc2ncccn2)nc1,6,False,False,True,selfies_token_mutation
CAND_a95e545c02,selfies,JAK2_0d9a1ad05b,FC1=NC=C(Br)C2NN=C(C=CO2)NC=N1,OLIFQLJKEGHEMD-UHFFFAOYSA-N,True,True,True,288.08,0.9528,70.37,2,6,0,0.652,2.25,C1=CC2NN=C(C=CO2)NC=NC=N1,11,False,True,True,selfies_token_mutation
CAND_480ad3df01,selfies,JAK2_0d9a1ad05b,CN(c1ncc(F)cn1)C1C=C(Br)C2(C=COCN2)NC=N1,HRUPXAWISYZGIW-UHFFFAOYSA-N,True,True,True,369.198,1.0756,74.67,2,7,2,0.8129,2.607,C1=CC2(C=CC(Nc3ncccn3)N=CN2)NCO1,7,False,False,True,selfies_token_mutation
CAND_2fabe3c376,selfies,JAK2_0d9a1ad05b,COC=CCc1nc(N[C@@H](C)c2ncc(F)cn2)ncc1Br,IFXKIALQMXKCDL-VIFPVBQESA-N,True,True,True,368.21,3.0439,72.82,1,6,6,0.7906,2.601,c1cnc(CNc2ncccn2)nc1,6,False,False,True,selfies_token_mutation
CAND_f518254079,selfies,JAK2_0d9a1ad05b,COC=CC(Br)NC=NNC(Cl)N[C@@H](C)c1ncc(F)cn1,VGAUDPOZLYJOPC-JNHNWMDNSA-N,True,True,True,395.664,1.7923,83.46,3,6,9,0.1124,3.379,c1cncnc1,6,False,False,True,selfies_token_mutation
CAND_04d69b2a85,selfies,JAK2_0d9a1ad05b,COC=CC1=NC=C(Br)C(=NCN[C@@H](C)c2ncc(F)cn2)NN1,DGHRWBRYTYHZFK-VIFPVBQESA-N,True,True,True,398.24,1.525,95.82,3,7,6,0.6294,2.768,C1=CC(=NCNCc2ncccn2)NNC=N1,7,False,False,True,selfies_token_mutation
CAND_0d9a1ad05b,selfies,JAK2_0d9a1ad05b,COc1cc(Nc2nc(N[C@@H](C)c3ncc(F)cn3)ncc2Br)n[nH]1,WMZWKZSZFLNJAR-ZETCQYMHSA-N,True,True,False,409.223,2.8166,113.53,3,8,6,0.5698,3.079,c1cnc(CNc2nccc(Nc3cc[nH]n3)n2)nc1,6,False,False,True,selfies_token_mutation
CAND_d64282adfd,selfies,JAK2_0d9a1ad05b,C[C@@H](C=NCl)NC1=NC=C(Br)C2=CC(=NNCO2)NC=N1,PKVQYQSAGYWDIQ-ZETCQYMHSA-N,True,True,True,374.63,1.1876,94.76,3,8,2,0.6328,2.637,C1=CC2=CC(=NNCO2)NC=NC=N1,10,False,True,True,selfies_token_mutation
CAND_08115c6138,selfies,JAK2_0d9a1ad05b,C[C@H](Nc1ncc(Br)c(NC(C=CO)=N[NH])n1)c1ncc(F)cn1,UAGUVLZJWZFKEF-ZETCQYMHSA-N,True,True,True,396.204,2.4213,132.01,3,7,5,0.306,2.632,c1cnc(CNc2ncccn2)nc1,6,False,False,True,selfies_token_mutation
CAND_9a8aa03097,selfies,JAK2_cc9087b35d,CNC(=O)c1cnc2[nH]c3cc2c1Sc1cc(C(C)(C)C#N)ccc1-3,YGQIIGNJCSRRRA-UHFFFAOYSA-N,True,True,True,348.431,3.8553,81.57,2,4,2,0.5763,2.25,c1ccc2c(c1)Sc1ccnc3[nH]c-2cc13,7,False,False,True,selfies_token_mutation
CAND_0427d9e5a1,selfies,JAK2_cc9087b35d,CNC(=O)c1cnc(N)c2c1CC(c1ccc(C(C)(C)C#N)cc1)=C2,ILQUDYMUFXLDIB-UHFFFAOYSA-N,True,True,True,332.407,2.9213,91.8,2,4,3,0.9037,2.125,C1=C(c2ccccc2)Cc2ccncc21,6,False,False,True,selfies_token_mutation
CAND_728fd86441,selfies,JAK2_cc9087b35d,C=CC(C)(C)c1ccc(-c2cc3c(N)ncc(C(=O)NC)c3s2)cc1,KHWIFWMZFIWYNH-UHFFFAOYSA-N,True,True,True,351.475,4.3687,68.01,2,4,4,0.686,2.258,c1ccc(-c2cc3cnccc3s2)cc1,6,False,False,True,selfies_token_mutation
CAND_3fe1408ec7,selfies,JAK2_cc9087b35d,CNC(=O)C1=CN=C(N)CN=C(c2ccc(C(C)(C)C#N)cc2)S#C1,ZKTFHJOCWGRHGK-UHFFFAOYSA-N,True,True,True,353.451,1.9275,103.63,2,5,3,0.8673,2.394,C1#SC(c2ccccc2)=NCC=NC=C1,9,False,True,True,selfies_token_mutation
CAND_cc9087b35d,selfies,JAK2_cc9087b35d,CNC(=O)c1cnc(N)c2cc(-c3ccc(C(C)(C)C#N)cc3)sc12,XISWHQQHCZRLLC-UHFFFAOYSA-N,True,True,False,350.447,3.7063,91.8,2,5,3,0.7531,2.127,c1ccc(-c2cc3cnccc3s2)cc1,6,False,False,True,selfies_token_mutation
CAND_17c64a001b,selfies,JAK2_cc9087b35d,CNC(=O)C=CN=C1CC=C2CC=C(C(C)(C)C#N)C=C2SC=N1,HEIOASIJORKZHH-UHFFFAOYSA-N,True,True,True,340.452,3.5,77.61,1,4,3,0.7988,2.375,N=C1CC=C2CC=CC=C2SC=N1,8,False,True,True,selfies_token_mutation
CAND_9d39b9a1b3,selfies,JAK2_cc9087b35d,CNC(=O)C=C1N=C[SH](N)c2c1sc1c2C=CC(C(C)(C)C#N)=CC=C1,BRTJQEAOPSMJPY-UHFFFAOYSA-N,True,True,True,384.53,3.6269,91.27,3,5,2,0.537,2.942,C=C1N=CSc2c1sc1c2C=CC=CC=C1,8,False,True,True,selfies_token_mutation
CAND_83c03d2067,selfies,JAK2_cc9087b35d,C#CNC(=CC=C1CSONC1=CCC(N)=NC=CC(=O)NC)C(C)(C)CC,CYTWZEYHHDDYLD-UHFFFAOYSA-N,True,True,True,403.552,2.4871,100.77,4,6,8,0.1241,2.548,C=C1CSONC1=C,6,False,False,True,selfies_token_mutation
CAND_2fa177abda,selfies,JAK2_cc9087b35d,CNC(=O)C=CN=C(N)CC=CC=CCCCC(C)C#N,OSXPJQTZDHALAI-UHFFFAOYSA-N,True,True,True,288.395,2.4358,91.27,2,3,9,0.2243,2.375,,0,False,False,True,selfies_token_mutation
CAND_7e551e3850,selfies,JAK2_cc9087b35d,CN=C(O)C=C1N=C(N)CC2=C(C=CC=C3C=CCC3(C)C#N)OSC12,YINPGNVXLPBTKF-UHFFFAOYSA-N,True,True,True,368.462,3.491,103.99,2,6,3,0.4507,2.728,C=C1N=CCC2=C(C=CC=C3C=CCC3)OSC12,6,False,False,True,selfies_token_mutation
CAND_c4f6ae3341,selfies,JAK2_5d1153c544,C[C@@H](C=CC=CCF)OC1(C#N)N=CNC2(C=CC2)C(C=N)=N1,YUUUJKCUVGWAIB-JEYLPNPQSA-N,True,True,True,315.352,2.0715,93.62,2,6,6,0.4462,3.0,C1=CC2(C=NCN=CN2)C1,7,False,False,True,selfies_token_mutation
CAND_c421fb7708,selfies,JAK2_5d1153c544,C=NC(C#N)=C(N=COC1C=NNC1=CC)O[C@@H](C)C=C1C=C(F)C=NO1,QNRJFKOMWDCWTF-CHPOKUKFSA-N,True,True,True,372.36,2.4444,112.95,1,9,7,0.3191,2.999,C=C(N=COC1C=NNC1=C)OCC=C1C=CC=NO1,6,False,False,True,selfies_token_mutation
CAND_7b1290358f,selfies,JAK2_5d1153c544,CC1=CC=C[C@@H](OC2(C#N)N=CS34CC=CC3NN=CC4=N2)CN1C,GDURTGHZYURYOY-HPUBIQBYSA-N,True,True,True,356.455,1.6843,85.37,1,7,2,0.763,3.286,C1=CNC[C@H](OC2N=CS34CC=CC3NN=CC4=N2)C=C1,7,False,False,True,selfies_token_mutation
CAND_5d1153c544,selfies,JAK2_5d1153c544,Cc1cc(Nc2nc(O[C@@H](C)c3ccc(F)cn3)c(C#N)nc2C)n[nH]1,NUUZIPNBPALDNV-NSHDSACASA-N,True,True,False,353.361,3.1059,112.4,2,7,5,0.7244,2.644,c1ccc(COc2cncc(Nc3cc[nH]n3)n2)nc1,6,False,False,True,selfies_token_mutation
CAND_9fa00cb477,selfies,JAK2_5d1153c544,CCC1=NC(C#N)([C@@H](C)c2ccc(F)cn2)N=CNC2=NNC1C=C2,XEZSOZASZVMKJU-OGJQHXJOSA-N,True,True,True,339.378,1.8681,97.82,2,7,3,0.8781,3.625,C1=CC2C=NC(Cc3ccccn3)N=CNC1=NN2,10,False,True,True,selfies_token_mutation
CAND_379ddede5e,selfies,JAK2_5d1153c544,N#CC1(O[C@@H]2CC=C(F)C=NC2)N=CNC2(C=CCN2)C(C=N)=N1,YJJMYUKUBBMQFE-LRVUVFPRSA-N,True,True,True,329.339,0.4547,118.01,3,8,3,0.5145,2.875,C1=CC[C@@H](OC2N=CNC3(C=CCN3)C=N2)CN=C1,7,False,False,True,selfies_token_mutation
CAND_f835bfb495,selfies,JAK2_5d1153c544,CC=CC1NC=NC(C#N)(N=C(N)CC)O[C@@H](C)C=CC=C(F)C=NCN1,ZGQYYDYJEVJYSE-NNGSBXSVSA-N,True,True,True,375.452,1.8973,120.18,3,7,3,0.3952,3.716,C1=CC=NCNCNC=NCOCC=C1,15,True,False,True,selfies_token_mutation
CAND_e175d7315c,selfies,JAK2_5d1153c544,C[C@H]1C=CC=C(F)C(=N)C(C#N)C2(N=CNC3C=NNCC2=C3)PO1,SBJDUUXIQJXVKY-MAFMQUBESA-N,True,True,True,360.333,1.7795,105.65,3,7,0,0.4522,3.307,N=C1C=CC=CCOPC2(C1)N=CNC1C=NNCC2=C1,10,False,True,True,selfies_token_mutation
CAND_f5e8d3c250,selfies,JAK2_5d1153c544,C=NC(C#N)=C(N=CNC1C=NNC1=CC)O[C@@H](C)C=C1C=C(F)CN=N1,GMKSRRQCPCAIRZ-CHPOKUKFSA-N,True,True,True,370.392,2.4672,118.88,2,8,7,0.3095,2.988,C=C(N=CNC1C=NNC1=C)OCC=C1C=CCN=N1,6,False,False,True,selfies_token_mutation
CAND_19ca6127f5,selfies,JAK2_5d1153c544,C=NC(C#N)=C(NN=CNC1C=NNC1=CC)O[C@@H](C)c1ccc(F)cn1,DYAUPJZHPQBYLN-CHPOKUKFSA-N,True,True,True,370.392,1.6755,119.08,3,8,8,0.2106,3.113,C=C(NN=CNC1C=NNC1=C)OCc1ccccn1,6,False,False,True,selfies_token_mutation
CAND_63aa8089de,selfies,JAK2_5d1153c544,CC1=CC=C[C@@H](OC(C#N)(N=CC=N)N=CNC2C=CCN2)CN1C,MQWXNOXYHNPCKG-KLAILNCOSA-N,True,True,True,341.419,0.7782,108.89,3,7,7,0.3601,3.125,C1=CNC[C@H](OCN=CNC2C=CCN2)C=C1,7,False,False,True,selfies_token_mutation
CAND_81ce3957eb,selfies,JAK2_e1ea9485cf,O=CNC=CC=NC(=CC=CF)Nc1c(F)cc(F)cc1Cl,CUYCGXMPVVGTEY-UHFFFAOYSA-N,True,True,True,329.709,3.6852,53.49,2,3,7,0.4553,2.125,c1ccccc1,6,False,False,True,selfies_token_mutation
CAND_b26be2a462,selfies,JAK2_e1ea9485cf,O=C=C1NC=Cc2nc(Nc3c(F)cc(F)cc3Cl)c3ccc(F)cc3c21,QVMPVCSCDMENLP-UHFFFAOYSA-N,True,True,True,387.748,4.7955,54.02,2,4,2,0.6204,2.46,C=C1NC=Cc2nc(Nc3ccccc3)c3ccccc3c21,6,False,False,True,selfies_token_mutation
CAND_1eeb9a61a4,selfies,JAK2_e1ea9485cf,CC(F)=CC(F)=CNC(Cl)N=CC=CNC=O,RVELCECFICHAHG-UHFFFAOYSA-N,True,True,True,263.675,2.1131,53.49,2,3,7,0.243,2.125,,0,False,False,True,selfies_token_mutation
CAND_f2c7c38853,selfies,JAK2_e1ea9485cf,CC1=CC(F)=CN(c2nc3cc[nH]c(=O)c3c3cc(F)ccc23)C1NCl,RACZPFOJWVDGDQ-UHFFFAOYSA-N,True,True,True,374.778,3.8621,61.02,2,4,2,0.5279,2.638,O=c1[nH]ccc2nc(N3C=CC=CC3)c3ccccc3c12,6,False,False,True,selfies_token_mutation
CAND_243e3af818,selfies,JAK2_e1ea9485cf,O=CNC=CC=NPNc1c(F)cc(F)cc1Cl,PNMWCHDBAHYMMN-UHFFFAOYSA-N,True,True,True,291.625,2.8691,53.49,2,3,6,0.4809,2.25,c1ccccc1,6,False,False,True,selfies_token_mutation
CAND_e1ea9485cf,selfies,JAK2_e1ea9485cf,O=c1[nH]ccc2nc(Nc3c(F)cc(F)cc3Cl)c3ccc(F)cc3c12,GYPCUVVRSOIEEF-UHFFFAOYSA-N,True,True,False,375.737,4.8906,57.78,2,3,2,0.4903,2.393,O=c1[nH]ccc2nc(Nc3ccccc3)c3ccccc3c12,6,False,False,True,selfies_token_mutation
CAND_5d63acdd61,selfies,JAK2_e1ea9485cf,O=CNC=C1C=NC(N2C=C(F)C=CC=C2Cl)=c2ccc(F)cc2=C1,CPZFYFAHJZMWOK-UHFFFAOYSA-N,True,True,True,359.763,2.1491,44.7,1,3,3,0.6637,2.179,C=C1C=NC(N2C=CC=CC=C2)=c2ccccc2=C1,7,False,False,True,selfies_token_mutation
CAND_cd5b0aa752,selfies,JAK2_e1ea9485cf,O=C1NC=CS2=NC(Nc3c(F)cc(F)cc3Cl)=c3ccc(F)cc3=C12,ZHIVTBKIUGGCKC-UHFFFAOYSA-N,True,True,True,395.793,2.4598,53.49,2,3,2,0.8205,2.754,O=C1NC=CS2=NC(Nc3ccccc3)=c3ccccc3=C12,6,False,False,True,selfies_token_mutation
CAND_7e3295a83c,selfies,JAK2_e1ea9485cf,O=CN1C=C2CC=C(F)C=C2C=C(Nc2c(F)cc(F)cc2Cl)N=CCN1,BOPJZVOUYWKTJK-UHFFFAOYSA-N,True,True,True,394.784,3.9863,56.73,2,4,3,0.7622,2.874,C1=CCC2=CNNCC=NC(Nc3ccccc3)=CC2=C1,10,False,True,True,selfies_token_mutation
CAND_4f202c2610,selfies,JAK2_e1ea9485cf,C=CC(F)OCC(F)=CNC(Cl)N=CC=CNC=O,UYFNIDVLQRIFTP-UHFFFAOYSA-N,True,True,True,293.701,1.738,62.72,2,4,10,0.212,2.75,,0,False,False,True,selfies_token_mutation
CAND_cfcb3b121d,selfies,JAK2_e41eb8fd4a,Cn1cnc(NC2=CSC3=CCC3C(N[C@@H]3CC=C(F)C=NC3)=N2)c1,MOBPDCYNTVYEAT-PZORYLMUSA-N,True,True,True,358.446,2.9661,66.6,2,6,3,0.8718,2.922,C1=CC[C@@H](NC2=NC(Nc3c[nH]cn3)=CSC3=CCC32)CN=C1,7,False,False,True,selfies_token_mutation
CAND_c0d67a987b,selfies,JAK2_e41eb8fd4a,CC=CSC=C(NOPN[C@@H](C)c1ncc(F)cn1)Nc1cn(C)cn1,GECZKVXILSAXCS-NSHDSACASA-N,True,True,True,397.42,3.2073,88.92,3,8,10,0.32,3.513,C=C(NOPNCc1ncccn1)Nc1c[nH]cn1,6,False,False,True,selfies_token_mutation
CAND_9499417154,selfies,JAK2_e41eb8fd4a,CC1=CN=C[C@@H](NC2=CC=CSC=C2c2cn(C)cn2)CN1N,KDJFAEIQZIUZIL-CYBMUJFWSA-N,True,True,True,328.445,1.985,71.47,2,6,3,0.8304,2.375,C1=CSC=C(c2c[nH]cn2)C(N[C@@H]2C=NC=CNC2)=C1,7,False,False,True,selfies_token_mutation
CAND_7689737a77,selfies,JAK2_e41eb8fd4a,Cn1cnc(NC2=CSC3=CCC3C(N[C@@H]3C=NC(F)C=NC3)=N2)c1,MEQIBKZADXLJQE-ZBOXLXRLSA-N,True,True,True,359.434,2.089,78.96,2,7,3,0.8102,3.177,C1=NCC=NC[C@@H]1NC1=NC(Nc2c[nH]cn2)=CSC2=CCC21,7,False,False,True,selfies_token_mutation
CAND_44eb836360,selfies,JAK2_e41eb8fd4a,CC1=CSC2(Nc3cn(C)cn3)N=C(N[C@@H](C)C=NC=C(F)C[SH]=N)N=C12,KQYAYJULHMGFOG-CHPOKUKFSA-N,True,True,True,408.532,2.3841,102.81,4,8,7,0.4108,3.45,C1=CC2=NC=NC2(Nc2c[nH]cn2)S1,5,False,False,True,selfies_token_mutation
CAND_209beeccec,selfies,JAK2_e41eb8fd4a,C[C@H](NC1N=C2CC=C2[SH]=C1N1C=CN(C)N1N)c1ncc(F)cn1,FASDHUZWBPLLGQ-CUVJYRNJSA-N,True,True,True,362.438,0.6543,85.91,3,8,3,0.4136,2.944,C1=CN(C2=[SH]C3=CCC3=NC2NCc2ncccn2)NN1,6,False,False,True,selfies_token_mutation
CAND_61ee284b25,selfies,JAK2_e41eb8fd4a,C[C@H](Nc1nc2c(c(Nc3cn(C)cn3)n1)SC=CC2)c1ncc(F)cn1,XZJARGFPOCVRKD-JTQLQIEISA-N,True,True,True,384.444,3.2178,93.44,2,8,5,0.6926,3.066,C1=CSc2c(nc(NCc3ncccn3)nc2Nc2c[nH]cn2)C1,6,False,False,True,selfies_token_mutation
CAND_8e59399b53,selfies,JAK2_e41eb8fd4a,CC=C1C=N[SH](N[C@@H](C)c2ncc(F)cn2)NC(NC=C2N=CCCN2)=CS1,PXLTYMZRFFCSDM-LBPRGKRZSA-N,True,True,True,422.559,2.575,98.62,5,9,5,0.4653,3.778,C=C1C=N[SH](NCc2ncccn2)NC(NC=C2N=CCCN2)=CS1,8,False,True,True,selfies_token_mutation
CAND_557da4c681,selfies,JAK2_e41eb8fd4a,C[C@@H](C=NC=CCF)NC1=NC(N=CN(C)C=N)=CSC=C2CC21,RJOYISWFIKHRMX-NBFOIZRFSA-N,True,True,True,348.451,2.9337,76.2,2,6,7,0.5485,3.375,C1=CSC=C2CC2C=N1,8,False,True,True,selfies_token_mutation
CAND_2e8313a932,selfies,JAK2_e41eb8fd4a,Cn1cnc(SC2=C[SH]3C=CCC3=NC(NCC3C=NC(F)C=N3)=N2)c1,FWOXUEVDSAEBAN-UHFFFAOYSA-N,True,True,True,391.501,2.4068,79.29,2,7,4,0.6111,3.481,C1=C[SH]2C=C(Sc3c[nH]cn3)N=C(NCC3C=NCC=N3)N=C2C1,7,False,False,True,selfies_token_mutation
CAND_c323c28c96,selfies,JAK2_e41eb8fd4a,CC=C1C=NC(N[C@@H](C)c2ncc(F)cn2)=NC(NC=C2N=CN(C)N2)=CS1,JKJKPCJOXFGIDZ-NSHDSACASA-N,True,True,True,401.475,2.0094,102.19,3,10,4,0.7092,3.286,C=C1C=NC(NCc2ncccn2)=NC(NC=C2N=CNN2)=CS1,8,False,True,True,selfies_token_mutation
CAND_6a113ddad3,selfies,JAK2_0e4efc6813,COc1cc(Nc2nc(N[C@@H](C)C=NC=C(F)C=N)nc(N3CCOCC3)c2Cl)n[nH]1,VFVWNBJFZMTRFR-NSHDSACASA-N,True,True,True,451.894,2.7736,136.43,4,10,9,0.427,3.691,c1nc(Nc2cc[nH]n2)cc(N2CCOCC2)n1,6,False,False,True,selfies_token_mutation
CAND_165be7b5cb,selfies,JAK2_0e4efc6813,CN([CH]NC(N=CC1C=COC1)=NC(=CCl)N1CCOCC1)c1ncc(F)cn1,WMENAUFUHCFBIR-UHFFFAOYSA-N,True,True,True,422.872,1.7176,87.47,1,7,6,0.5513,3.155,C=C(N=C(N=CC1C=COC1)N[CH]Nc1ncccn1)N1CCOCC1,6,False,False,True,selfies_token_mutation
CAND_97fe4c75f1,selfies,JAK2_0e4efc6813,C=CN=C1N=CC(F)(N=CNC2(N)C=COCN2)PN[C@H]1C,AJHCYZXFRVVXRK-GCVQQVDUSA-N,True,True,True,327.304,0.1291,108.42,4,6,4,0.1929,3.0,N=C1CNPC(N=CNC2C=COCN2)C=N1,7,False,False,True,selfies_token_mutation
CAND_a204a3cfd7,selfies,JAK2_0e4efc6813,CCOCCNC1N=C(N[C@@H](C)C=NCN=C(F)C=N)N=CNC(Cl)C2OC12,XLYGLNWATFIUIX-MGZXXMPLSA-N,True,True,True,416.889,0.2824,131.14,4,10,10,0.1335,4.622,C1=NC=NCC2OC2CN1,9,False,True,True,selfies_token_mutation
CAND_2eab8c3ee4,selfies,JAK2_0e4efc6813,N=C1C[C@H](NC(CCl)(N=CNC2C=COC2)N2CCOCC2)C=NC=C1F,AHPKXJSWFYJMCB-UUCFBXCCSA-N,True,True,True,398.87,1.005,94.33,3,7,7,0.3378,3.647,N=C1C=CN=C[C@@H](NC(N=CNC2C=COC2)N2CCOCC2)C1,7,False,False,True,selfies_token_mutation
CAND_64e3c62cc3,selfies,JAK2_0e4efc6813,COCCC1NC=NC(N[C@H]2CN=CC(F)=CN2)C(N2CCOCC2)=C1Cl,ZVLOYKAFXVBVFH-UUCFBXCCSA-N,True,True,True,400.886,0.5323,82.51,3,8,6,0.6032,3.533,C1=CN[C@@H](NC2N=CNCC=C2N2CCOCC2)CN=C1,7,False,False,True,selfies_token_mutation
CAND_0e4efc6813,selfies,JAK2_0e4efc6813,COc1cc(Nc2nc(N[C@@H](C)c3ncc(F)cn3)nc(N3CCOCC3)c2Cl)n[nH]1,UXPJEUHRPHLFQP-JTQLQIEISA-N,True,True,False,449.878,2.5441,126.0,3,10,7,0.4949,3.68,c1cnc(CNc2nc(Nc3cc[nH]n3)cc(N3CCOCC3)n2)nc1,6,False,False,True,selfies_token_mutation
CAND_b26fb082e0,selfies,JAK2_0e4efc6813,CCOCCNCC1(N[C@@H](C)C=NC=C(N)F)COC=CC(Cl)NC=N1,ODEFQPHSEYYHHG-HLIUYOAVSA-N,True,True,True,390.891,0.8115,105.29,4,8,10,0.1903,3.977,C1=COCCN=CNC1,9,False,True,True,selfies_token_mutation
CAND_4b9969b8ba,selfies,JAK2_0e4efc6813,C[C@H](NC1=NC(N2CCOCC2)=C(N)COC=CC([NH])NC=N1)c1ncc(F)cn1,OZHNUVALWKDSRF-SFVWDYPZSA-N,True,True,True,418.457,-0.1469,146.08,3,10,3,0.6144,4.205,C1=COCC=C(N2CCOCC2)N=C(NCc2ncccn2)N=CNC1,12,True,False,True,selfies_token_mutation
CAND_9fc8d2db4a,selfies,JAK2_5b3c863b86,FC(F)(F)c1ccc(C2=CC=CN3NN(C4=C=CC=CN5CCN4C5)C=C23)cc1,NVWIDGVUNOIXDY-UHFFFAOYSA-N,True,True,True,397.404,3.5936,24.99,1,5,2,0.7695,3.213,C1=CC=CN2CCN(C2)C=1N1C=C2C(c3ccccc3)=CC=CN2N1,8,False,True,True,selfies_token_mutation
CAND_4e55087acf,selfies,JAK2_5b3c863b86,C=C1C(CF)=CC=CC2C=CN3NC(=CNCCNC)C=C3CC1N2,QCMOBNRJZWOZER-UHFFFAOYSA-N,True,True,True,343.45,1.607,51.36,4,5,5,0.5716,3.375,C=C1C=C2CC3NC(C=CC=CC3=C)C=CN2N1,8,False,True,True,selfies_token_mutation
CAND_79a381ed71,selfies,JAK2_5b3c863b86,CNC1CCN(C=C2C=CC(NCN=CC(=CNC=CNN)c3ccc(C(F)(F)F)cc3)=C2)C1,RSFDYZBZASGRPF-UHFFFAOYSA-N,True,True,True,473.547,2.8196,89.74,5,7,10,0.2041,3.936,C=C(C=NCNC1=CC(=CN2CCCC2)C=C1)c1ccccc1,6,False,False,True,selfies_token_mutation
CAND_27ea79ee60,selfies,JAK2_5b3c863b86,C=C(C=CC=CN1CCCNCC1)N1CN=C=C2CC=C(C(F)(F)F)C=C2CC=CNN1,OJYUYYTUVZCKRY-UHFFFAOYSA-N,True,True,True,446.521,3.4663,54.93,3,6,4,0.5778,3.286,C=C(C=CC=CN1CCCNCC1)N1CN=C=C2CC=CC=C2CC=CNN1,11,False,True,True,selfies_token_mutation
CAND_eb2a0ea7a4,selfies,JAK2_5b3c863b86,NN1CC(c2ccc(C(F)(F)F)cc2)=C=NC1NC1=CC2CNCCCN2C=CC=C1,ZIMMHBROPFEBFD-UHFFFAOYSA-N,True,True,True,430.478,2.4523,68.92,3,6,3,0.6432,3.822,C1=NC(NC2=CC3CNCCCN3C=CC=C2)NCC=1c1ccccc1,8,False,True,True,selfies_token_mutation
CAND_be9002561e,selfies,JAK2_5b3c863b86,CON1CCN2C=CC=CC(Nc3nc4c(-c5ccc(C(F)(F)F)cc5)cccn4n3)=CC2C1,VZVUSGDDTAENBH-UHFFFAOYSA-N,True,True,True,468.483,4.342,57.93,1,6,4,0.6149,4.108,C1=CC(Nc2nc3c(-c4ccccc4)cccn3n2)=CC2CNCCN2C=C1,8,False,True,True,selfies_token_mutation
CAND_3711ac5982,selfies,JAK2_5b3c863b86,CC1(N2CN=C3C(c4ccc(C(F)(F)F)cc4)=CC=CN32)C=CC=CN2CCNC1C2,GNQRSPDXADQIQX-UHFFFAOYSA-N,True,True,True,427.474,3.6207,34.11,1,5,2,0.782,3.88,C1=CC(N2CN=C3C(c4ccccc4)=CC=CN32)C2CN(C=C1)CCN2,8,False,True,True,selfies_token_mutation
CAND_3225d4d977,selfies,JAK2_5b3c863b86,C=CC(=CCC1=CC=CNNN(C2(C)C=CC=CN3CCNC2C3)CN=C1)C(F)(F)F,SFBNFUYWAUELBW-UHFFFAOYSA-N,True,True,True,434.51,2.9604,54.93,3,6,4,0.5944,3.72,C1=CC=NCN(C2C=CC=CN3CCNC2C3)NNC=C1,10,False,True,True,selfies_token_mutation
CAND_37d556a392,selfies,JAK2_5b3c863b86,NC1CCSN(c2cccc(Nc3nc4c(-c5ccc(C(F)(F)F)cc5)cccn4n3)c2)C1,PQHQBBOBCDCDAP-UHFFFAOYSA-N,True,True,True,470.524,5.3443,71.48,2,6,4,0.3923,3.792,c1ccc(-c2cccn3nc(Nc4cccc(N5CCCCS5)c4)nc23)cc1,6,False,False,True,selfies_token_mutation
CAND_28c8871556,selfies,JAK2_5b3c863b86,CC1(N2CN=CC(c3ccc(C(F)(F)F)cc3)=C=CNN2)C=CC=CN2CCNC1C2,NNWJHZQLVIPKLN-UHFFFAOYSA-N,True,True,True,430.478,2.6705,54.93,3,6,2,0.6303,3.697,C1=CNNN(C2C=CC=CN3CCNC2C3)CN=CC=1c1ccccc1,9,False,True,True,selfies_token_mutation
CAND_fdb0689ceb,selfies,JAK2_5b3c863b86,CN1CCN(c2cccc(NC3N=C4C(c5ccc(C(C)(F)F)cc5)=CC=CN4O3)c2)CC1,URWFSOFSBVGVRJ-UHFFFAOYSA-N,True,True,True,451.521,4.5022,43.34,1,6,5,0.7252,3.639,C1=CN2OC(Nc3cccc(N4CCNCC4)c3)N=C2C(c2ccccc2)=C1,6,False,False,True,selfies_token_mutation
CAND_ba27940c1f,selfies,JAK2_41f05c4fc6,C[C@@H](CCl)OC1=C(F)C(N2CCOCC2)=NC2C=CC(=NN2)NC=N1,JYMMFCBBOBWKBA-NUHJPDEHSA-N,True,True,True,370.816,0.9301,82.84,2,8,3,0.7221,3.491,C1=CC(N2CCOCC2)=NC2C=CC(=NN2)NC=N1,11,False,True,True,selfies_token_mutation
CAND_54d88dd369,selfies,JAK2_41f05c4fc6,N=C(N1CCOCC1)C(F)(N=CNC1=NNCC=C1)O[C@@H]1CC=C(F)C=NC1,FXRAJCPVRFHFEQ-XPCCGILXSA-N,True,True,True,395.414,0.7231,106.69,3,7,5,0.3614,3.127,N=C(C(N=CNC1=NNCC=C1)O[C@@H]1CC=CC=NC1)N1CCOCC1,7,False,False,True,selfies_token_mutation
CAND_5aa07bb4cb,selfies,JAK2_41f05c4fc6,C=COCCNCC(F)=C(N=CNCC=CCCl)O[C@@H](C)Cc1ccc(F)cn1,VXYBOTZMWRKFLR-INIZCTEOSA-N,True,True,True,428.911,3.4695,67.77,2,5,15,0.1117,3.438,c1ccncc1,6,False,False,True,selfies_token_mutation
CAND_f9e74ffd2a,selfies,JAK2_41f05c4fc6,C[C@H]1C=CC=C(F)C=N[SH](F)(CN2CCOCC2)=NC(NC2C=CN2)=NPO1,LYEOIDLJSMYHFR-CFMCSPIPSA-N,True,True,True,434.453,1.9417,82.84,3,8,3,0.4673,4.544,C1=CC=NS(CN2CCOCC2)=NC(NC2C=CN2)=NPOCC=C1,13,True,False,True,selfies_token_mutation
CAND_69f114061d,selfies,JAK2_41f05c4fc6,C[C@H](OC1=C(F)C(N2CCOCC2)=NC[SH]2C=CC(NC=N1)N2)c1ccc(F)cn1,XDNXHQMYTHHSKF-KNVGNIICSA-N,True,True,True,438.504,2.1158,83.37,3,8,3,0.6274,4.117,C1=C[SH]2CN=C(N3CCOCC3)C=C(OCc3ccccn3)N=CNC1N2,11,False,True,True,selfies_token_mutation
CAND_29cf1d90ca,selfies,JAK2_41f05c4fc6,C[C@H]1C=C2C=CCNC(=N2)C2=NCC=CCC=NC(COC2)O1,VXYSXWDFRPVMBM-KNVGNIICSA-N,True,True,True,314.389,1.6613,67.57,1,6,0,0.6915,3.45,C1=CCN=C2COCC(N=CC1)OCC=C1C=CCNC2=N1,12,True,False,True,selfies_token_mutation
CAND_f579840590,selfies,JAK2_41f05c4fc6,C[C@H]1C=CC2=C(F)C=NN3C=NC(F)(O1)C(N[NH])(NCCOCC2)C1C=CC13,GAXNIEUCFWUROJ-WEEORSDUSA-N,True,True,True,393.418,1.1862,94.28,2,7,1,0.3965,4.566,C1=CC2=CC=NN3C=NC(OC1)C(NCCOCC2)C1C=CC13,13,True,False,True,selfies_token_mutation
CAND_8f078d8d0e,selfies,JAK2_41f05c4fc6,CC1=CC(=N[NH])NC=NC1(O[C@@H](F)CC=CC=C(F)NC=N)C(F)C(=N)N1CCOCC1,DIJXJXHRXFOLMP-LSJNQWAISA-N,True,True,True,455.465,1.7705,141.98,4,6,9,0.1378,3.961,N=C1C=CC(CC(=N)N2CCOCC2)N=CN1,7,False,False,True,selfies_token_mutation
CAND_67938f5d14,selfies,JAK2_41f05c4fc6,CCOCC=Nc1nc(Nc2cc(C)[nH]n2)nc(O[C@@H](C)c2ccc(F)cn2)c1F,XGQAANXKDQDRPD-LBPRGKRZSA-N,True,True,True,417.42,3.8037,110.2,2,8,9,0.4024,3.5,c1ccc(COc2ccnc(Nc3cc[nH]n3)n2)nc1,6,False,False,True,selfies_token_mutation
CAND_5d32bf3f42,selfies,JAK2_41f05c4fc6,CC=C1NN=C1NC=NC(O[C@@H](C)c1ccc(F)cn1)=C(F)C(=N)NC1CCONC1,YNHIZZCDZFOWQX-AMGKYWFPSA-N,True,True,True,434.451,1.7357,128.04,5,8,7,0.2512,3.594,C=C1NN=C1NC=NC(=CC(=N)NC1CCONC1)OCc1ccccn1,6,False,False,True,selfies_token_mutation
CAND_67f07c19db,selfies,JAK2_41f05c4fc6,CC=CC(CNC=NC(O[C@@H](C)c1ccc(F)cn1)=C(F)C(=N)NC1COCCO1)=N[NH],KSUAOXJFBUZIMG-CWQZNGJJSA-N,True,True,True,450.47,2.2096,137.01,3,7,10,0.2163,3.808,N=C(C=COCc1ccccn1)NC1COCCO1,6,False,False,True,selfies_token_mutation
CAND_75f6ab5b09,selfies,JAK2_7170569dc6,CCSN(CC(F)(F)F)C(=O)C1CCCN(c2cc(-c3c(N)nn4cccnc34)ncn2)C1,WFNBAGXRKMVZFC-UHFFFAOYSA-N,True,True,True,480.52,3.0439,105.54,1,8,6,0.537,3.725,c1cnc2c(-c3cc(N4CCCCC4)ncn3)cnn2c1,6,False,False,True,selfies_token_mutation
CAND_32c4b4c773,selfies,JAK2_7170569dc6,CCN(CC(F)(F)F)C(=O)CC1CCCN(c2cc(-c3c(N)nn4cccnc34)ncn2)C1,XCLCCVBVCIEOSD-UHFFFAOYSA-N,True,True,True,462.48,2.7858,105.54,1,7,6,0.6005,3.625,c1cnc2c(-c3cc(N4CCCCC4)ncn3)cnn2c1,6,False,False,True,selfies_token_mutation
CAND_05a835d9d1,selfies,JAK2_7170569dc6,CCN(CC(F)(F)F)C1CCCN(c2cc(-c3c(N)nn4cccnc34)ncn2)CC1,OSCLJMXMESDWPM-UHFFFAOYSA-N,True,True,True,434.47,3.0116,88.47,1,7,5,0.6604,3.344,c1cnc2c(-c3cc(N4CCCCCC4)ncn3)cnn2c1,7,False,False,True,selfies_token_mutation
CAND_4c4eb3eaac,selfies,JAK2_7170569dc6,CCN(C(=O)C1CCCN(c2cc(-c3c(N)nn4cccnc34)ncn2)C1)C(F)(F)F,SQSUVSYURQKHSB-UHFFFAOYSA-N,True,True,True,434.426,2.3532,105.54,1,7,4,0.6286,3.219,c1cnc2c(-c3cc(N4CCCCC4)ncn3)cnn2c1,6,False,False,True,selfies_token_mutation
CAND_4f137f396d,selfies,JAK2_7170569dc6,CCN(CC(F)(F)F)C(C=O)CNOc1cc(-c2c(N)nn3cccnc23)ncn1,DAQFRNXMWHUQDG-UHFFFAOYSA-N,True,True,True,424.387,1.1036,123.56,2,9,9,0.3839,3.538,c1cnc2c(-c3ccncn3)cnn2c1,6,False,False,True,selfies_token_mutation
CAND_1bd86af63c,selfies,JAK2_7170569dc6,CCN1C(=O)CCCCN(C=CC(C=N)CC(N)F)CC1C(F)(F)F,JQTKSEQZJLYUTQ-UHFFFAOYSA-N,True,True,True,366.403,2.6756,73.42,2,4,6,0.4312,3.341,O=C1CCCCNCCN1,9,False,True,True,selfies_token_mutation
CAND_f1d83453f5,selfies,JAK2_af44d6ccb1,CCNCCNC(=N)C(F)=C(N[C@@H](C)c1ccc(F)cn1)N(N)C1=NNCC=C1,ILEYTXXNMYCTGL-LBPRGKRZSA-N,True,True,True,407.473,0.8349,126.48,6,8,9,0.1177,3.194,C=C(NCc1ccccn1)NC1=NNCC=C1,6,False,False,True,selfies_token_mutation
CAND_dd5515e3ae,selfies,JAK2_af44d6ccb1,C[C@H](NC1(F)N=CN(C2C=CCN2)N=C1N1CCNCC1)c1ncc(F)cn1,DIZFLTZOFZQALV-MKQDKFQKSA-N,True,True,True,391.43,-0.0623,93.07,3,9,4,0.4891,3.48,C1=CC(N2C=NC(NCc3ncccn3)C(N3CCNCC3)=N2)NC1,6,False,False,True,selfies_token_mutation
CAND_4bd2248621,selfies,JAK2_af44d6ccb1,FC(=C(N=C=NC1C=CCN1)N[C@@H]1C=CC=CC=NC1)C(Cl)N1CCNCC1,HPASXMZWQIGLIG-KLHKWILBSA-N,True,True,True,405.909,1.4095,76.41,3,7,6,0.2701,4.061,C(=NC(=CCN1CCNCC1)N[C@@H]1C=CC=CC=NC1)=NC1C=CCN1,8,False,True,True,selfies_token_mutation
CAND_f3469e9560,selfies,JAK2_af44d6ccb1,C[C@H](NC(C)(CF)N=CNC1C=CCN1)c1ccc(F)cn1,CMQCGGPAVGSMHX-QGLTVNCISA-N,True,True,True,309.364,1.6604,61.34,3,4,7,0.4072,3.125,C1=CC(NC=NCNCc2ccccn2)NC1,6,False,False,True,selfies_token_mutation
CAND_d54a718da4,selfies,JAK2_af44d6ccb1,C[C@H](Nc1nc(NC2C=CC=C2)nc(N2CCNCC2)c1F)c1ccc(F)cn1,AOBSUZBHMVCKCK-ZDUSSCGKSA-N,True,True,True,399.449,2.639,78.0,3,7,6,0.6893,3.275,C1=CC(Nc2nc(NCc3ccccn3)cc(N3CCNCC3)n2)C=C1,6,False,False,True,selfies_token_mutation
CAND_38bbaadb7a,selfies,JAK2_af44d6ccb1,C[C@H](NC(N=CNC1=NNCC=C1)=C(F)C(=N)NCCF)c1ccc(F)cn1,HFSOGVQDXFVTHB-NSHDSACASA-N,True,True,True,394.405,1.6371,109.58,5,6,8,0.3402,2.997,C=C(N=CNC1=NNCC=C1)NCc1ccccn1,6,False,False,True,selfies_token_mutation
CAND_d88e92d094,selfies,JAK2_af44d6ccb1,Cc1c(N[C@@H](C)c2ccc(F)cn2)ncn(C2C=CCN2)nc2n1CCNC2,DTZRFLZUEFCACQ-CWQZNGJJSA-N,True,True,True,384.463,1.9808,84.62,3,6,4,0.6994,3.691,C1=CC(n2cnc(NCc3ccccn3)cn3c(n2)CNCC3)NC1,8,False,True,True,selfies_token_mutation
CAND_bc7648f751,selfies,JAK2_af44d6ccb1,FC1=CC[C@@H](NC2(F)N=CNC3(C=CCN3)N=C2N2CC=CCC2)CN=C1,DGANRCFJSBXQOO-FAEJEUNOSA-N,True,True,True,375.427,1.0009,76.41,3,7,2,0.4972,3.141,C1=CC[C@@H](NC2N=CNC3(C=CCN3)N=C2N2CC=CCC2)CN=C1,7,False,False,True,selfies_token_mutation
CAND_37382133f9,selfies,JAK2_af44d6ccb1,C[C@H](NC(=C(F)C(=N)N1CCNCC1)N(N)C1=NNCC=C1)c1ccc(F)cn1,PPBPBSXEPLKYFC-LBPRGKRZSA-N,True,True,True,405.457,0.541,117.69,5,8,5,0.2101,2.933,N=C(C=C(NCc1ccccn1)NC1=NNCC=C1)N1CCNCC1,6,False,False,True,selfies_token_mutation
CAND_944004e68e,selfies,JAK2_af44d6ccb1,CC=C1NN=C(Nc2nc(N[CH]Cc3ccc(F)cn3)c(F)c(N3CCNCC3)n2)N1,QBDGGABVEGNYHH-UHFFFAOYSA-N,True,True,True,429.459,1.1128,114.42,5,10,6,0.4607,3.191,C=C1NN=C(Nc2nc(N[CH]Cc3ccccn3)cc(N3CCNCC3)n2)N1,6,False,False,True,selfies_token_mutation
CAND_d3653584e7,selfies,JAK2_af44d6ccb1,CCNCNC1=NC2(C=CC2)C=NC(N[C@@H](C)c2ccc(F)cn2)=C1F,MWECQGRWDBRVAB-RSXQAXDFSA-N,True,True,True,360.412,2.3481,73.7,3,6,6,0.4136,3.058,C1=CC2(C=NC(NCc3ccccn3)=CC=N2)C1,7,False,False,True,selfies_token_mutation
CAND_3c776998a7,selfies,JAK2_af44d6ccb1,C[C@H](NC1=C2CCNCC(=NC3(CC=CN3)NC=N1)C2)c1ccc(F)cn1,SDNZZJQYDWKLAQ-YTJLLHSVSA-N,True,True,True,369.448,1.6996,85.73,4,7,3,0.6517,3.483,C1=CNC2(C1)N=C1CNCCC(=C(NCc3ccccn3)N=CN2)C1,9,False,True,True,selfies_token_mutation
CAND_844e2c944d,selfies,JAK2_1e26b0b096,CC(=CC1CC1)C1=NCC(C)Nc2[nH]c3cc(-c4cnc(N)cn4)ccc3c21,RTLFGILCDLOLHH-UHFFFAOYSA-N,True,True,True,372.476,4.1665,91.98,3,5,3,0.6434,2.95,C(=CC1CC1)C1=NCCNc2[nH]c3cc(-c4cnccn4)ccc3c21,7,False,False,True,selfies_token_mutation
CAND_25f4c93a60,selfies,JAK2_1e26b0b096,NC(=O)c1cnc(NCC2CC2C2CC2)c2c1NC1C(C=C3N=CNC(F)=N3)=CC=C21,MZJUZCWZYFOMQU-UHFFFAOYSA-N,True,True,True,419.464,2.5544,116.79,4,7,6,0.529,4.086,C1=NC(=CC2=CC=C3c4c(ccnc4NCC4CC4C4CC4)NC23)N=CN1,6,False,False,True,selfies_token_mutation
CAND_3eb5005c98,selfies,JAK2_1e26b0b096,CN=CC(N)=NC=CC1C=c2[nH]c3c(C(N)=O)cnc(NC(C4CC4)C4CC4)c3c2=C1,XUSYDMWQOQHAMT-UHFFFAOYSA-N,True,True,True,417.517,1.0246,134.54,4,5,8,0.3767,3.825,C1=c2[nH]c3ccnc(NC(C4CC4)C4CC4)c3c2=CC1,6,False,False,True,selfies_token_mutation
CAND_2d87dd1538,selfies,JAK2_1e26b0b096,NC(=O)c1cnc(NC(C2CC2)C2CC2)c2c1[nH]c1cc(C3=CNN(N)C=N3)ccc12,ZUUWLWBUTOZQOW-UHFFFAOYSA-N,True,True,True,416.489,2.4361,137.45,5,7,6,0.3914,3.319,C1=NC(c2ccc3c(c2)[nH]c2ccnc(NC(C4CC4)C4CC4)c23)=CNN1,6,False,False,True,selfies_token_mutation
CAND_a08112a25e,selfies,JAK2_1e26b0b096,NC(=O)C=CN=C1C#Cc2cc(-c3cnc(N)cn3)ccc2C2CC2C([SH]2CC2)N1,ILNBGZGZCAVLSG-UHFFFAOYSA-N,True,True,True,418.526,1.5224,119.28,4,5,4,0.2598,4.331,N=C1C#Cc2cc(-c3cnccn3)ccc2C2CC2C([SH]2CC2)N1,9,False,True,True,selfies_token_mutation
CAND_86e5d528f1,selfies,JAK2_1e26b0b096,NC(=O)C=CN=C1CNc2cc(-c3cnc(N)cn3)ccc2CC2CC3CC3(C2)N1,FXVBMGPZVVMJGT-UHFFFAOYSA-N,True,True,True,403.49,1.8496,131.31,4,6,3,0.5785,4.122,N=C1CNc2cc(-c3cnccn3)ccc2CC2CC3CC3(C2)N1,10,False,True,True,selfies_token_mutation
CAND_0dd0230510,selfies,JAK2_1e26b0b096,NC(=O)C=CN=C(C=CONC=CC1C=CN=CC=N1)NC(C1CC1)C1CC1,QLEKOUMYTXRWQE-UHFFFAOYSA-N,True,True,True,382.468,1.7482,113.46,3,6,10,0.1333,3.43,N=C(C=CONC=CC1C=CN=CC=N1)NC(C1CC1)C1CC1,7,False,False,True,selfies_token_mutation
CAND_56185ba292,selfies,JAK2_1e26b0b096,CN1C(N)=NC=CC12C=CNc1cc(ncc1C(N)=O)OC(C1CC1)C1CC1C=C2,IRYPBBIKUSTFBX-UHFFFAOYSA-N,True,True,True,406.49,1.982,118.86,3,7,2,0.6464,4.964,C1=CC2(C=CNc3ccnc(c3)OC(C3CC3)C3CC3C=C2)NC=N1,13,True,False,True,selfies_token_mutation
CAND_1c2d04cecf,selfies,JAK2_1e26b0b096,[NH]C1=CC(NC(CC2CN2)C2CC2)=NC1=CC(N)=O,XNDPIRCEQMXJCH-UHFFFAOYSA-N,True,True,True,260.321,-0.3354,113.22,3,4,5,0.4641,2.875,C=C1C=CC(NC(CC2CN2)C2CC2)=N1,5,False,False,True,selfies_token_mutation
CAND_1e26b0b096,selfies,JAK2_1e26b0b096,NC(=O)c1cnc(NC(C2CC2)C2CC2)c2c1[nH]c1cc(-c3cnc(N)cn3)ccc12,AJAZCQSMDCWFSC-UHFFFAOYSA-N,True,True,False,413.485,3.4547,135.6,4,6,6,0.3822,3.303,c1cnc(-c2ccc3c(c2)[nH]c2ccnc(NC(C4CC4)C4CC4)c23)cn1,6,False,False,True,selfies_token_mutation
CAND_9cc4afbbb4,selfies,JAK2_efc2226329,Nc1cnccc1N=CNC12CC=CC=CC[C@H](C1)NC=CC=N2,YWCMQGKKERRCNA-NNJIEVJOSA-N,True,True,True,322.416,2.4621,87.69,3,5,3,0.5891,3.125,C1=CC[C@@H]2CC(NC=Nc3ccncc3)(CC=C1)N=CC=CN2,9,False,True,True,selfies_token_mutation
CAND_8473513606,selfies,JAK2_efc2226329,C[C@H]1CC=CC=CCC2(C=CCC=CN=CN2)N=CC=CN1,VWAYBRBXGAAYSA-ZENAZSQFSA-N,True,True,True,296.418,3.243,48.78,2,4,0,0.6742,3.2,C1=CCCNC=CC=NC2(C=CCC=CN=CN2)CC=C1,13,True,False,True,selfies_token_mutation
CAND_3404dcdd42,selfies,JAK2_efc2226329,C[C@H]1CC=CC=CN=C(n2cnc3ccncc32)N=CC=CN1,XFOXGXDMIZLACU-AWEZNQCLSA-N,True,True,True,306.373,2.6716,67.46,1,5,0,0.8134,3.2,C1=CCCNC=CC=NC(n2cnc3ccncc32)=NC=C1,13,True,False,True,selfies_token_mutation
CAND_a666e0a772,selfies,JAK2_efc2226329,C[C@@H](c1ccccc1)N1C#CNC(n2cnc3ccncc32)=N1,SHKPGWREIPJFSM-ZDUSSCGKSA-N,True,True,True,302.341,2.1352,58.34,1,5,2,0.7369,2.5,C1#CN(Cc2ccccc2)N=C(n2cnc3ccncc32)N1,6,False,False,True,selfies_token_mutation
CAND_e1bb08b668,selfies,JAK2_efc2226329,C[C@H](Nc1ccnc(C2=NCc3ccncc32)n1)c1ccccc1,AMPIOFXGORRCBU-ZDUSSCGKSA-N,True,True,True,315.38,3.3957,63.06,1,5,4,0.8013,2.75,c1ccc(CNc2ccnc(C3=NCc4ccncc43)n2)cc1,6,False,False,True,selfies_token_mutation
CAND_371e1f6834,selfies,JAK2_efc2226329,C[C@H](Nc1ccnc(-n2cnc3ccncc32)n1)C1=CCN=C=C1,VTBCXXRCSYOMOP-LBPRGKRZSA-N,True,True,True,317.356,2.1768,80.88,1,6,4,0.7974,2.75,C1=CC(CNc2ccnc(-n3cnc4ccncc43)n2)=CCN=1,6,False,False,True,selfies_token_mutation
CAND_639d10f96f,selfies,JAK2_efc2226329,C=CC=CC[C@H](C)N1C=CCC(n2cnc3ccncc32)=N1,UNMGMCHIUGQBML-AWEZNQCLSA-N,True,True,True,293.374,3.3331,46.31,0,4,4,0.8123,2.5,C1=CNN=C(n2cnc3ccncc32)C1,6,False,False,True,selfies_token_mutation
CAND_17ae6b7abb,selfies,JAK2_efc2226329,C#CC=CC=CO[C@H](C)Nc1ccnc(-n2cnc3ccncc32)n1,SKKMYYNTAWWJLA-CQSZACIVSA-N,True,True,True,332.367,2.6881,77.75,1,6,6,0.3236,2.75,c1cnc(-n2cnc3ccncc32)nc1,6,False,False,True,selfies_token_mutation
CAND_3a392a03ef,selfies,JAK2_efc2226329,C[C@H](NC=CC=NC=NCn1cnc2ccncc21)C1C=C=CC=C1,VCFKIQPNGHBPBF-BHWOMJMDSA-N,True,True,True,332.411,2.877,67.46,1,4,7,0.4815,3.125,C1=CC=CC(CNC=CC=NC=NCn2cnc3ccncc32)C=1,6,False,False,True,selfies_token_mutation
CAND_1b74ae5153,selfies,JAK2_efc2226329,C=C1C=CC=C[C@H](C)NC=CC=NC(NC=NCC=NC=N)=C1,KTGKPPNNDSRAJX-INIZCTEOSA-N,True,True,True,310.405,2.3684,84.99,3,4,5,0.5377,3.325,C=C1C=CC=CCNC=CC=NC=C1,13,True,False,True,selfies_token_mutation
CAND_93d0dbec43,selfies,JAK2_55b934be09,Cc1cc(Nc2nc(O[C@@H](C)c3ncc(F)cc3F)c(F)c(N3CCONC3)n2)n[nH]1,RULOTFLQVSIVHO-JTQLQIEISA-N,True,True,True,436.398,2.5027,113.11,3,9,6,0.5364,3.48,c1ccc(COc2cc(N3CCONC3)nc(Nc3cc[nH]n3)n2)nc1,6,False,False,True,selfies_token_mutation
CAND_3a6dd51c29,selfies,JAK2_55b934be09,Cc1cc(F)cnc1[C@H](C)OC1(F)N=CNC2=NNC(C=C2)N=C1N1CCOCC1,YCHDYDAHRCLPKE-ISWZSGDOSA-N,True,True,True,419.436,1.3912,95.73,2,9,3,0.7193,4.211,C1=CC2N=C(N3CCOCC3)C(OCc3ccccn3)N=CNC1=NN2,10,False,True,True,selfies_token_mutation
CAND_4adf2dfa48,selfies,JAK2_55b934be09,CC1=CN=C[C@@H](OC(F)(N=CNC2=NNCC=CC2)C(=N)N2CCOCC2)CC1F,JZHDIFYKBPBOBJ-LYGPFTKASA-N,True,True,True,423.468,1.5017,106.69,3,7,5,0.269,3.533,N=C(C(N=CNC1=NNCC=CC1)O[C@@H]1C=NC=CCC1)N1CCOCC1,7,False,False,True,selfies_token_mutation
CAND_b10baaf4c8,selfies,JAK2_55b934be09,C[C@H](OC(N=CNC1C=CC1)=C(F)C1=NC2CN1CCO2)c1ncc(F)cc1F,DUBPWJLJSVPUIX-ZOODHJKOSA-N,True,True,True,407.396,2.5928,71.34,1,6,7,0.3257,3.944,C1=CC(NC=NC(=CC2=NC3CN2CCO3)OCc2ccccn2)C1,6,False,False,True,selfies_token_mutation
CAND_14979c6672,selfies,JAK2_55b934be09,C[C@H]1C(=NC=CF)C(F)=CC1N=CNC1C=CCN1,ZPGSEZKJYGFVRA-OIKLOGQESA-N,True,True,True,266.295,1.8432,48.78,2,3,4,0.4632,2.75,N=C1C=CC(N=CNC2C=CCN2)C1,5,False,False,True,selfies_token_mutation
CAND_d92a0d776b,selfies,JAK2_55b934be09,C[C@H](OC1(CF)N=CNC2C=CC21)c1ncc(F)cc1F,WKJUDJYFISOQJS-POJNQXFPSA-N,True,True,True,297.28,2.2893,46.51,1,4,4,0.8674,3.25,C1=CC2C1NC=NC2OCc1ccccn1,6,False,False,True,selfies_token_mutation
CAND_fd14e35440,selfies,JAK2_55b934be09,Cc1cc(NC2=NC(O[C@@H](C)c3ncc(F)cc3F)=C(F)C3CCOCC(=N2)N3)n[nH]1,ZTEKCRMEAIDHNR-NKUHCKNESA-N,True,True,True,435.41,2.8662,108.81,3,8,4,0.6816,3.975,C1=C(OCc2ccccn2)N=C(Nc2cc[nH]n2)N=C2COCCC1N2,8,False,True,True,selfies_token_mutation
CAND_c051f7dbaf,selfies,JAK2_55b934be09,C[C@@H](C=NC=C(F)F)OC(N=CC1NCCO1)=C(F)C(=N)N1CCOCC1,IXZYEIXOMOMEQS-AMGKYWFPSA-N,True,True,True,389.378,1.665,91.53,2,7,7,0.3927,3.094,N=C(C=CN=CC1NCCO1)N1CCOCC1,6,False,False,True,selfies_token_mutation
CAND_6e34a5c796,selfies,JAK2_55b934be09,C[C@H](OC(=CCl)N=CNC12C=CC1NN2)c1ncc(F)cc1F,SRFKVGUVYYESRU-YZOYKTSDSA-N,True,True,True,341.749,1.8355,70.57,3,5,6,0.3186,3.25,C=C(N=CNC12C=CC1NN2)OCc1ccccn1,6,False,False,True,selfies_token_mutation
CAND_05462d24a5,selfies,JAK2_6756147e70,CCCONCNC1COC=CC(F)NC=NC(N[C@@H](C)c2ncc(F)cn2)=N1,UVLAXCNMHSRSAO-GRTSSRMGSA-N,True,True,True,412.445,0.8841,117.08,4,10,8,0.2152,4.097,C1=COCCN=C(NCc2ncccn2)N=CNC1,11,False,True,True,selfies_token_mutation
CAND_d020a11cb3,selfies,JAK2_6756147e70,FC1=CN[C@@H](NC2N=CNC3(C=COCN3)C(F)=C2N2CCOCC2)CN=C1,NQHWIGAKAQGPCW-IGEOTXOUSA-N,True,True,True,395.414,-0.3548,94.54,4,9,3,0.5188,3.377,C1=CN[C@@H](NC2N=CNC3(C=COCN3)C=C2N2CCOCC2)CN=C1,7,False,False,True,selfies_token_mutation
CAND_1c77cfc2b1,selfies,JAK2_6756147e70,COc1cc(NC2=NC(N[C@@H](C)c3ncc(F)cn3)=NS(N3CCOCC3)=C2F)n[nH]1,JIXJIRUXUYSFFF-MEXMBDRSSA-N,True,True,True,453.479,1.4087,124.94,3,10,5,0.4585,3.7,C1=S(N2CCOCC2)N=C(NCc2ncccn2)N=C1Nc1cc[nH]n1,6,False,False,True,selfies_token_mutation
CAND_483ecb75a1,selfies,JAK2_6756147e70,C=C1COCCC1(F)N=C(N=CNC1C=COCN1)N[C@@H](C)c1ncc(F)cn1,NXNOYEMTLYJBGE-UQHVZDHRSA-N,True,True,True,407.425,1.2996,105.05,3,6,5,0.2925,3.444,C=C1COCCC1N=C(N=CNC1C=COCN1)NCc1ncccn1,6,False,False,True,selfies_token_mutation
CAND_f7d6c67e1d,selfies,JAK2_6756147e70,C=C(N1CCOCC1)C1(F)COC=CC(F)NC=N1,DPIXEGAGESMKBV-UHFFFAOYSA-N,True,True,True,273.283,0.9555,46.09,1,5,2,0.7611,2.75,C=C(C1COC=CCNC=N1)N1CCOCC1,9,False,True,True,selfies_token_mutation
CAND_48f46c9e5c,selfies,JAK2_6756147e70,COc1cc(Nc2nc(N[C@@H](N)c3ncc(F)cn3)nc(N3CCOCC3)c2F)n[nH]1,DSPKGKLPTJNNOU-CYBMUJFWSA-N,True,True,True,434.411,0.9261,152.02,4,11,7,0.3929,3.594,c1cnc(CNc2nc(Nc3cc[nH]n3)cc(N3CCOCC3)n2)nc1,6,False,False,True,selfies_token_mutation
CAND_018f791d3c,selfies,JAK2_6756147e70,COC=CCNC=NC(NCCOCCF)N1CC=C(F)C=NC1,ACIZAUXBNJSVAZ-UHFFFAOYSA-N,True,True,True,345.394,0.821,70.48,2,6,12,0.2372,3.0,C1=CCNCN=C1,7,False,False,True,selfies_token_mutation
CAND_fae67485c9,selfies,JAK2_6756147e70,C[C@H](NC(N=CNC1COCN1)=NC(=CN)N1CCOCC1)c1ncc(F)cn1,KWSQSMXHLBKYMS-NBFOIZRFSA-N,True,True,True,407.454,-0.7666,134.31,4,8,6,0.3543,3.319,C=C(N=C(N=CNC1COCN1)NCc1ncccn1)N1CCOCC1,6,False,False,True,selfies_token_mutation
CAND_f12d58e8ca,selfies,JAK2_6756147e70,C[C@H](NC1N=CN(C2C=COCN2)C(F)=C1N1CCOCC1)c1ncc(F)cn1,MXTPUYJXEXKTIY-DTVQEZCTSA-N,True,True,True,407.425,0.8242,87.14,2,9,5,0.6944,3.694,C1=CC(N2C=NC(NCc3ncccn3)C(N3CCOCC3)=C2)NCO1,6,False,False,True,selfies_token_mutation
CAND_b674a42b0f,selfies,JAK2_6756147e70,C[C@@H](C=NCCF)NC(N=CNC1=NNCC=C1)=NC(=CF)N1CCOCC1,MUSXHICQSRUHQU-AWEZNQCLSA-N,True,True,True,396.446,0.5522,98.0,3,6,7,0.4314,2.883,C=C(N=CN=CNC1=NNCC=C1)N1CCOCC1,6,False,False,True,selfies_token_mutation
CAND_714db7aa0d,selfies,JAK2_6756147e70,CC(F)=CN=C1N=C(N=CNC2=NNCOC=C2)N[C@H]1C,QIQPXPZZKFHYIC-VIFPVBQESA-N,True,True,True,293.306,0.5858,94.76,3,6,2,0.5127,2.0,N=C1CNC(N=CNC2=NNCOC=C2)=N1,7,False,False,True,selfies_token_mutation
CAND_913fa079c7,selfies,JAK2_6756147e70,C=C1OCCNN1N=C(N=CNC1C=COCNC1)N[C@@H](C)c1ncc(F)cn1,NMVHWZDBEQJLLM-SFVWDYPZSA-N,True,True,True,405.438,-0.0772,120.32,4,8,5,0.3938,3.183,C=C1OCCNN1N=C(N=CNC1C=COCNC1)NCc1ncccn1,7,False,False,True,selfies_token_mutation
CAND_b72d5826f6,selfies,JAK2_37bf299c61,CC1=CN=C1Nc1cncc(N[C@@H](C)C2N=CC(F)=CN2)n1,DTOFWFOPVCGQGJ-CUVJYRNJSA-N,True,True,True,301.329,1.8158,86.59,3,7,4,0.7894,2.75,C1=CNC(CNc2cncc(NC3=NC=C3)n2)N=C1,6,False,False,True,selfies_token_mutation
CAND_848836a988,selfies,JAK2_37bf299c61,CCN=CN=C(S)Nc1cncc(N[C@@H](C)c2ncc(F)cn2)n1,VRNDNIBRVOQDFS-VIFPVBQESA-N,True,True,True,348.411,2.3247,100.34,3,6,6,0.4208,2.5,c1cnc(CNc2cnccn2)nc1,6,False,False,True,selfies_token_mutation
CAND_a8c3b2ace4,selfies,JAK2_37bf299c61,CC=C1N=C(NC=C2N=CC(N[C@@H](C)c3ncc(F)cn3)[SH]=N2)S1,GCMXQWZFXUBSHA-KBPLZSHQSA-N,True,True,True,365.463,2.0279,86.92,3,8,4,0.7109,2.836,C=C1N=C(NC=C2N=CC(NCc3ncccn3)[SH]=N2)S1,6,False,False,True,selfies_token_mutation
CAND_1adeb890b0,selfies,JAK2_37bf299c61,N=C(CC=NC=CNC1=NC=[SH]C1)N[C@@H]1C=NC#CC=NC1,IPLDYIDPXMWAQW-LBPRGKRZSA-N,True,True,True,315.406,0.197,97.35,4,6,5,0.1916,2.875,N=C(CC=NC=CNC1=NC=[SH]C1)N[C@@H]1C=NC#CC=NC1,8,False,True,True,selfies_token_mutation
CAND_c131766321,selfies,JAK2_37bf299c61,FC1C=NC[C@H](NC2C=NC=CNC=NC=CSS2)C=N1,JQMNTJSMRKRAGB-UNXYVOJBSA-N,True,True,True,326.426,1.7476,73.5,2,8,2,0.5988,3.7,C1=CNC=NC=CSSC(N[C@@H]2C=NCC=NC2)C=N1,12,True,False,True,selfies_token_mutation
CAND_12f3ff08f3,selfies,JAK2_37bf299c61,CC=C1N=C(NC=C2N=CC(N[C@@H](C)C=NCOC(F)C=N)=N2)S1,KUANDJRUWSEFHN-RGURZIINSA-N,True,True,True,351.411,1.7901,106.58,3,9,7,0.6079,2.883,C=C1N=C(NC=C2N=CC=N2)S1,5,False,False,True,selfies_token_mutation
CAND_d664971cb8,selfies,JAK2_37bf299c61,CC1=CN=C[C@@H](NC23C=NC=CC=NC=CC2S3)CN1N,KSGTVSXTFHCWLM-IYXRBSQSSA-N,True,True,True,302.407,1.0603,78.37,2,7,2,0.5904,3.25,C1=CN=CC2(N[C@@H]3C=NC=CNC3)SC2C=CN=C1,10,False,True,True,selfies_token_mutation
CAND_d0dc25f899,selfies,JAK2_37bf299c61,CC=C1N=C(NNc2cncc(N[C@@H](C)c3ncc(F)cn3)n2)S1,VRMDZGWHJXFBKP-QMMMGPOBSA-N,True,True,True,346.395,2.4594,100.01,3,9,5,0.7101,2.625,C=C1N=C(NNc2cncc(NCc3ncccn3)n2)S1,6,False,False,True,selfies_token_mutation
CAND_cb0583bf74,selfies,JAK2_37bf299c61,ClNC=CNC1=NSC=CCSS1,NXQBVJKUDGPPIZ-UHFFFAOYSA-N,True,True,True,253.805,2.7035,36.42,2,6,2,0.4497,2.0,C1=CSN=CSSC1,8,False,True,True,selfies_token_mutation
CAND_075d5656d4,selfies,JAK2_37bf299c61,CC=CN=C(S)Nc1cncc(N[C@@H](C)c2ncc(F)cn2)n1,WWKAZUQGUHYTIZ-VIFPVBQESA-N,True,True,True,333.396,2.8101,87.98,3,6,5,0.4429,2.375,c1cnc(CNc2cnccn2)nc1,6,False,False,True,selfies_token_mutation
CAND_139fa3c4e8,selfies,JAK2_37bf299c61,CC=C1N=C(NC=CN=c2nc2N[C@@H](C)c2ncc(F)cn2)SS1,RFYUAXNDWARJSM-QMMMGPOBSA-N,True,True,True,363.447,2.6332,87.45,2,9,5,0.7897,2.7,C=C1N=C(NC=CN=c2nc2NCc2ncccn2)SS1,6,False,False,True,selfies_token_mutation
CAND_5676d25b84,selfies,JAK2_37bf299c61,C[C@@H](c1ncc(F)cn1)C(N)C=NC=CNC1=NC=CCS1,ZACNESAITAQWOC-RWANSRKNSA-N,True,True,True,320.397,1.7946,88.55,2,7,5,0.8076,2.625,C1=CN=C(NC=CN=CCCc2ncccn2)SC1,6,False,False,True,selfies_token_mutation
CAND_1f8fa4be44,selfies,JAK2_e1a1afc353,CC1(NC=CC=C(C=CN=N)N2CCOCC2)CS(=O)(=O)NC=C2C=C(C=CON1)C2,LKWCDJOMXXHEPB-UHFFFAOYSA-N,True,True,True,448.549,1.7486,128.14,4,9,6,0.3599,4.747,O=S1(=O)CC(NC=CC=CN2CCOCC2)NOC=CC2=CC(=CN1)C2,12,True,False,True,selfies_token_mutation
CAND_6831c2b88e,selfies,JAK2_e1a1afc353,C=CC1COCCN1C1=CC=CNc2nccc(n2)-c2ccc(N[SH](C)O)cc21,KGIKYQSARQNBCY-UHFFFAOYSA-N,True,True,True,411.531,3.7414,82.54,4,7,4,0.4506,3.842,C1=CNc2nccc(n2)-c2ccccc2C(N2CCOCC2)=C1,10,False,True,True,selfies_token_mutation
CAND_892adb7d6c,selfies,JAK2_e1a1afc353,CS(=O)(=O)NC=CC#CC=CC=NC1=Nc2cc(ccc2N2CCOCC2)N1,XMNMXQVJLPFOMT-UHFFFAOYSA-N,True,True,True,399.476,1.6295,95.39,2,7,4,0.5927,2.525,C1=Nc2cc(ccc2N2CCOCC2)N1,6,False,False,True,selfies_token_mutation
CAND_7dab8b1cc1,selfies,JAK2_e1a1afc353,C=CN1C(C=CNS(C)(=O)=O)=C1C=NCNc1ccc(N2CCOCC2)cc1,IEBDRBDWLSVIAC-UHFFFAOYSA-N,True,True,True,403.508,1.697,86.04,2,7,9,0.6106,3.172,C(=NCNc1ccc(N2CCOCC2)cc1)C1=CN1,6,False,False,True,selfies_token_mutation
CAND_a2ea4ea4dd,selfies,JAK2_e1a1afc353,C[SH](N)(=O)C=C1C=CC=C2C=NCCNc3ccc(N4CCOCC4)cc3N2C=C1,YUJBLVHUDJPSFI-UHFFFAOYSA-N,True,True,True,427.574,2.1974,83.19,3,6,2,0.6306,3.181,C=C1C=CC=C2C=NCCNc3ccc(N4CCOCC4)cc3N2C=C1,9,False,True,True,selfies_token_mutation
CAND_a6ca44d910,selfies,JAK2_e1a1afc353,CCCOSCc1cccn(C2(C)CS(=O)S(=O)N3C=CC=C(C=CC=N2)C3)c1=N,OYRLXDUVXFKPFZ-UHFFFAOYSA-N,True,True,True,466.654,2.9388,87.75,1,6,6,0.3967,4.398,N=c1ccccn1C1CS(=O)S(=O)N2C=CC=C(C=CC=N1)C2,11,False,True,True,selfies_token_mutation
CAND_9f08c5ce89,selfies,JAK2_e1a1afc353,CCOCCNc1cccn(C2(C)C[SH](=O)(Cl)N3C=CC=C(C=CC=N2)C3)c1=N,FBMQDCGNSSYYII-UHFFFAOYSA-N,True,True,True,437.997,2.5705,82.71,3,5,6,0.3631,3.739,N=c1ccccn1C1CS(=O)N2C=CC=C(C=CC=N1)C2,10,False,True,True,selfies_token_mutation
CAND_c72485d474,selfies,JAK2_20c09468c6,CC(=O)N1C=CC=C(CC=NC(=N)NC2=CC=CCN3CCOCC3=C2)C=C1,HZDYXCWQSGRUTQ-UHFFFAOYSA-N,True,True,True,379.464,2.4574,81.02,2,4,3,0.583,2.789,N=C(N=CCC1=CC=CNC=C1)NC1=CC=CCN2CCOCC2=C1,8,False,True,True,selfies_token_mutation
CAND_25ff2663b1,selfies,JAK2_20c09468c6,C=CN1C(C=CNC(C)=O)=CC=CC=NC2NC=CC=C3CCOCC3=C21,JOSDEXXCNXESGU-UHFFFAOYSA-N,True,True,True,364.449,2.65,65.96,2,5,3,0.808,2.955,C1=CC=NC2NC=CC=C3CCOCC3=C2NC=C1,9,False,True,True,selfies_token_mutation
CAND_403b46f626,selfies,JAK2_20c09468c6,CC(=O)NC=C1C=CC(C=CC=Nc2nc(Cl)c(NCCOCCl)cccc[nH]2)=C1,WPTOQWZPVWXEGK-UHFFFAOYSA-N,True,True,True,448.354,4.587,91.4,3,5,9,0.2929,3.671,C=C1C=CC(C=CC=Nc2ncccccc[nH]2)=C1,9,False,True,True,selfies_token_mutation
CAND_ebbdee6ecf,selfies,JAK2_20c09468c6,C=C(C=CCN=NC(=N)N=CCC(C)=CC=CNC(C)=O)N1CCOCC1,RNEAAZQNOJLMHV-UHFFFAOYSA-N,True,True,True,372.473,2.8325,102.5,2,5,8,0.2963,2.375,C1COCCN1,6,False,False,True,selfies_token_mutation
CAND_08a3534750,selfies,JAK2_20c09468c6,CC(=O)NC=C1C=C(C2=CC=NCNC3=CC=CCNCCOCCC3=N2)C=CC1,QTNCDTXSLDOIMI-UHFFFAOYSA-N,True,True,True,407.518,2.2991,87.11,3,6,2,0.6556,3.52,C=C1C=C(C2=CC=NCNC3=CC=CCNCCOCCC3=N2)C=CC1,12,True,False,True,selfies_token_mutation
CAND_e5c273e061,selfies,JAK2_20c09468c6,C=CCOCNc1cccc(NC2N=CC2=CC(C)=CC=CNC(C)=O)n1,WJFRRABQFRSFEW-UHFFFAOYSA-N,True,True,True,367.453,2.9985,87.64,3,6,10,0.2561,3.097,C=C1C=NC1Nc1ccccn1,6,False,False,True,selfies_token_mutation
CAND_084b39a7ae,selfies,JAK2_20c09468c6,CC(=O)NC=CC#CC=CC=NC1=NC2COCCN2c2cccc(c2)N1,AYTTZEYVIJVMGD-UHFFFAOYSA-N,True,True,True,363.421,1.911,78.32,2,6,2,0.6215,2.825,C1=NC2COCCN2c2cccc(c2)N1,8,False,True,True,selfies_token_mutation
CAND_2196fd2792,selfies,JAK2_1ba3bb3de3,C[C@@H](NC(=O)c1c[nH]c2ncc(C3=NN(C)C4CC(Cl)=CC=C34)nc12)C(=O)N1CC(C#N)C1,RUECKCJJKUIJCH-VCQTYVLVSA-N,True,True,True,464.917,1.5291,130.37,2,7,4,0.7051,3.838,O=C(NCC(=O)N1CCC1)c1c[nH]c2ncc(C3=NNC4CC=CC=C34)nc12,6,False,False,True,selfies_token_mutation
CAND_97fdf6f7cd,selfies,JAK2_1ba3bb3de3,CC[C@@H](NC(=O)C=C1C=NCC(c2nn(C)c3cc(Cl)ccc23)=CN=CN1)C(=O)N1CC(C#N)C1,MAFLYPONXZPUEO-HXUWFJFHSA-N,True,True,True,492.971,2.0306,127.77,2,7,5,0.6171,4.169,O=C(C=C1C=NCC(c2n[nH]c3ccccc23)=CN=CN1)NCC(=O)N1CCC1,9,False,True,True,selfies_token_mutation
CAND_a91c8d81b1,selfies,JAK2_1ba3bb3de3,C=NC(NONC=CC(=O)N[C@H](CC)C(=O)N1CC(C#N)C1)c1nn(C)c2cc(Cl)ccc12,ZSENPGSNHURDLD-QRIPLOBPSA-N,True,True,True,472.937,1.3422,136.67,3,8,10,0.2052,4.183,O=C(C=CNONCc1n[nH]c2ccccc12)NCC(=O)N1CCC1,6,False,False,True,selfies_token_mutation
CAND_34513c341e,selfies,JAK2_1ba3bb3de3,CC[C@H](C=O)NC(=O)C=CNC=NC=C(N)c1nn(C)c2cc(Cl)ccc12,SYSWRLNETREAGO-CYBMUJFWSA-N,True,True,True,388.859,1.7091,114.4,3,5,8,0.2755,2.966,c1ccc2[nH]ncc2c1,6,False,False,True,selfies_token_mutation
CAND_1ba3bb3de3,selfies,JAK2_1ba3bb3de3,CC[C@@H](NC(=O)c1c[nH]c2ncc(-c3nn(C)c4cc(Cl)ccc34)nc12)C(=O)N1CC(C#N)C1,CKJIHNYDJSGBTB-MRXNPFEDSA-N,True,True,False,476.928,2.6554,132.59,2,6,5,0.4547,3.78,O=C(NCC(=O)N1CCC1)c1c[nH]c2ncc(-c3n[nH]c4ccccc34)nc12,6,False,False,True,selfies_token_mutation
CAND_dc83183139,selfies,JAK2_1ba3bb3de3,CC[C@H](C=O)NC(=O)C=C1NC=NC=C(C=NN2C=CC(C)C=CC2)C1C,FVRZXJVFYBBHKS-LEOMRAHMSA-N,True,True,True,369.469,2.1229,86.16,2,6,6,0.325,3.108,C=C1CC(C=NN2C=CCC=CC2)=CN=CN1,7,False,False,True,selfies_token_mutation
CAND_fdb31119e8,selfies,JAK2_1ba3bb3de3,CC[C@H](C=O)NC(=O)C=C1C=NC(NN(C)C=CC(Cl)=CC=CSO)=CN=CN1,VRKORGIRDPDASE-OAHLLOKOSA-N,True,True,True,438.941,2.2579,118.42,4,9,10,0.1357,3.744,C=C1C=NC=CN=CN1,8,False,True,True,selfies_token_mutation
CAND_6405b90f95,selfies,JAK2_1ba3bb3de3,C=NC(N=CNC=CC(=O)N[C@@H](C=O)CC)c1nn(C)c2cc(Cl)ccc12,PIBMNLSRKKIFCP-YJJYDOSJSA-N,True,True,True,388.859,2.1512,100.74,2,5,9,0.2972,3.341,c1ccc2[nH]ncc2c1,6,False,False,True,selfies_token_mutation
CAND_a52c97e42d,selfies,JAK2_1ba3bb3de3,CC[C@H](C=O)NC(=O)C=CNC=NC=c1nc(PC)c2cc(Cl)cc3c2c1nn3C,IQYNAZURTHNWRK-CYBMUJFWSA-N,True,True,True,444.863,1.3907,101.27,2,5,8,0.1797,3.777,C=c1ncc2cccc3[nH]nc1c23,6,False,False,True,selfies_token_mutation
CAND_5ba10ad85e,selfies,JAK2_1ba3bb3de3,C=NC(=CCNC=CC(=O)N[C@@H](C=O)CC)c1nn(C)c2cc(Cl)ccc12,CGXDGIOLMKNCDU-CQSZACIVSA-N,True,True,True,387.871,2.4652,88.38,2,5,9,0.2992,3.085,c1ccc2[nH]ncc2c1,6,False,False,True,selfies_token_mutation
CAND_2809951529,selfies,JAK2_1ba3bb3de3,CC[CH]N=CC(=O)c1c[nH]c2ncc(-c3nn(C)c4cc(Cl)ccc34)nc12,DVDXWASVBPFMQL-UHFFFAOYSA-N,True,True,True,379.831,3.9903,88.82,1,5,5,0.4191,2.791,c1ccc2c(-c3cnc4[nH]ccc4n3)n[nH]c2c1,6,False,False,True,selfies_token_mutation
CAND_9b7c0adad8,selfies,JAK2_4424830aa8,CCN1C=CC=C2C=CN=CC=CC=C(Cl)C3=NC3(C=C2)NCC1,YCPSESZDVADOCL-UHFFFAOYSA-N,True,True,True,340.858,3.3357,39.99,1,4,1,0.7949,3.325,C1=CC=NC=CC2=CC=CNCCNC3(C=C2)N=C3C=C1,13,True,False,True,selfies_token_mutation
CAND_53bd3fdaa6,selfies,JAK2_4424830aa8,Fc1cc(C2=CC=CC=CNC3=CC4=CC(=CN5CCC(C5)NCC2=N3)C=C4)cc(F)c1CN1CCOCC1,UBESOEWWUQWMQY-UHFFFAOYSA-N,True,True,True,529.635,4.1935,52.13,2,6,3,0.6152,5.023,C1=CC=C(c2ccc(CN3CCOCC3)cc2)C2=NC(=CC3=CC(=CN4CCC(C4)NC2)C=C3)NC=C1,13,True,False,True,selfies_token_mutation
CAND_73f94a97e8,selfies,JAK2_4424830aa8,CC1(C)C(CN2CCOCC2)=C(F)C=CC2=C1C2=CC=NC=CC1=CC=CN2CCCNCC2C=C1,ACDXSNVYMMGCIW-UHFFFAOYSA-N,True,True,True,488.651,4.6331,40.1,1,5,5,0.573,4.345,C1=CC2=C(CC(CN3CCOCC3)=C1)C2=CC=NC=CC1=CC=CN2CCCNCC2C=C1,8,False,True,True,selfies_token_mutation
CAND_30c169f590,selfies,JAK2_4424830aa8,Fc1cc(-c2cccc3ncc(-c4ccc(N5CCCNC5)cc4)nc23)cc(F)c1CN1CCOCC1,NNCLVLYCVQJTAA-UHFFFAOYSA-N,True,True,True,501.581,4.8314,53.52,1,6,5,0.4229,3.667,c1cc(-c2ccc(CN3CCOCC3)cc2)c2nc(-c3ccc(N4CCCNC4)cc3)cnc2c1,6,False,False,True,selfies_token_mutation
CAND_437d71eb04,selfies,JAK2_4424830aa8,CC1=C(F)C(CN2CCOCC2)=C(F)CC1=CC=CC=NC=CC1=CC=CN2CCNC(C2)C1C,RQKLAFIEAFMCNV-UHFFFAOYSA-N,True,True,True,482.619,4.6201,40.1,1,5,6,0.5612,4.487,C(=CC=C1C=CC(CN2CCOCC2)=CC1)C=NC=CC1=CC=CN2CCNC(C1)C2,8,False,True,True,selfies_token_mutation
CAND_11b3d2c2ce,selfies,JAK2_4424830aa8,CC1C2=CC=CN3CCN1C3C(C=CC(F)=C(CF)CN1CCOCC1)=CC=CC=NC=C2,AIUKVPKNOSQVBM-UHFFFAOYSA-N,True,True,True,454.565,3.9345,31.31,0,5,5,0.5893,5.156,C1=CC=C(C=CC=CCN2CCOCC2)C2N3C=CC=C(C=CN=C1)CN2CC3,12,True,False,True,selfies_token_mutation
CAND_41e94e7d15,selfies,JAK2_4424830aa8,CNC1CCN(c2ccc(-c3cnc4cccc(-c5cc(F)c(CN6CCOCC6)c(F)c5)c4n3)cc2)OC1,DQYLPVWKSIVOAO-UHFFFAOYSA-N,True,True,True,531.607,4.8039,62.75,1,7,6,0.3835,4.209,c1cc(-c2ccc(CN3CCOCC3)cc2)c2nc(-c3ccc(N4CCCCO4)cc3)cnc2c1,6,False,False,True,selfies_token_mutation
CAND_1f7f00ea6c,selfies,JAK2_4424830aa8,CC1=CC2=C=CN3CC4NC1(C3)N=C4C(C=CC=NCF)=CC=CC=NC=C2,LSFHIGLPHAYGKD-UHFFFAOYSA-N,True,True,True,375.451,3.0447,52.35,1,5,3,0.4683,4.216,C1=CN2CC3NC4(C=CC=1C=CN=CC=CC=CC3=N4)C2,14,True,False,True,selfies_token_mutation
CAND_ce326401d5,selfies,JAK2_4424830aa8,C=CC12C(c3cc(F)c(CN4CCOCC4)c(F)c3)=CC=CC=NCC3=C1CNCCNC32,YBSHWUUYFAOPSJ-UHFFFAOYSA-N,True,True,True,452.549,2.865,48.89,2,5,4,0.6902,4.27,C1=CC=C(c2ccc(CN3CCOCC3)cc2)C2C3=C(CN=C1)C2NCCNC3,10,False,True,True,selfies_token_mutation
CAND_ed8daca934,selfies,JAK2_4424830aa8,C=CC(C=CN=CC=CC=C(C=N)C=CC(F)=C(CNSCOF)C(=C)F)=CC=CN1CCCNCC1,XVWAUFDVQNMABX-UHFFFAOYSA-N,True,True,True,533.664,5.9839,72.74,3,7,16,0.0748,4.262,C1CNCCNC1,7,False,False,True,selfies_token_mutation
CAND_21a7e0cd9a,selfies,JAK2_4424830aa8,FCC(CNC1CCNOC1)=C(F)C=CC=CC=CC=NC=CC1=CC=CN2CCNC1CC2,QUCAKGLJZYYWLH-UHFFFAOYSA-N,True,True,True,471.596,3.4333,60.92,3,6,10,0.3367,4.676,C(=CC=CC=NC=CC1=CC=CN2CCNC1CC2)C=CC=CCNC1CCNOC1,8,False,True,True,selfies_token_mutation
CAND_502d98a7d6,selfies,JAK2_5c84f7cc1c,CC(=O)NC=CC=C(F)C=NC1=NC=Cc2cc(N3CCOCC3)ccc2N1,DCQSAUINTCGTLP-UHFFFAOYSA-N,True,True,True,383.427,2.8494,78.32,2,6,4,0.6191,2.436,C1=Cc2cc(N3CCOCC3)ccc2NC=N1,7,False,False,True,selfies_token_mutation
CAND_8a1bd6374f,selfies,JAK2_5c84f7cc1c,CC(=O)NC=C=C(C)C=NC(C=CF)N1C=CC=C(N2CCOCC2)C=C1,FNXVOHSSWRJKPV-UHFFFAOYSA-N,True,True,True,372.444,2.6206,57.17,1,5,6,0.5753,2.625,C1=CNC=CC(N2CCOCC2)=C1,7,False,False,True,selfies_token_mutation
CAND_8819918356,selfies,JAK2_5c84f7cc1c,CCOCCNc1cccn(C(C=CF)N=CC(C)=CC=CNC(C)=O)c1=N,JIMLCGSLDKFKKP-UHFFFAOYSA-N,True,True,True,389.475,3.0647,91.5,3,5,11,0.3085,3.094,N=c1cccc[nH]1,6,False,False,True,selfies_token_mutation
CAND_5625cf5e77,selfies,JAK2_5c84f7cc1c,O=C1CN(C=NC=C(NC=CF)Nc2ccc(N3CCOCC3)cc2)C=CC=CN1,YNMBRPPUVPQCHS-UHFFFAOYSA-N,True,True,True,412.469,2.2518,81.23,3,6,7,0.4709,3.472,O=C1CN(C=NC=CNc2ccc(N3CCOCC3)cc2)C=CC=CN1,8,False,True,True,selfies_token_mutation
CAND_100a4605d8,selfies,JAK2_5c84f7cc1c,CC(O)NC=C1C=C(c2nc(Nc3ccc(N4CCOCC4)cc3)ncc2O)C=CN1,GSBJUHWCYAOMJK-UHFFFAOYSA-N,True,True,True,422.489,2.032,114.8,5,9,6,0.4461,3.403,C=C1C=C(c2ccnc(Nc3ccc(N4CCOCC4)cc3)n2)C=CN1,6,False,False,True,selfies_token_mutation
CAND_9985f4c0c9,selfies,JAK2_5c84f7cc1c,C=CC1=CC=C(NC(C)=O)C(NCCOCC=CC)=CC=CNc2ncc(F)c1n2,IVYRTZOMCXASTB-UHFFFAOYSA-N,True,True,True,411.481,3.2105,88.17,3,6,8,0.4498,4.042,C1=CC=CNc2nccc(n2)C=CC=C1,12,True,False,True,selfies_token_mutation
CAND_f8d207ebf9,selfies,JAK2_5c84f7cc1c,O=C1CC=CN=C(NC=C2C=CC(N3CCOCC3)=CO2)N=CC#CC=CN1,RTLHCWQMTAFKCU-UHFFFAOYSA-N,True,True,True,379.42,1.1549,87.55,2,7,2,0.7032,3.363,O=C1CC=CN=C(NC=C2C=CC(N3CCOCC3)=CO2)N=CC#CC=CN1,13,True,False,True,selfies_token_mutation
CAND_82b7ae5bab,selfies,JAK2_5c84f7cc1c,CC(=O)NC=CC=C1C=NCc2ccc(N3CCOCC3)cc2NC=C1F,FYARIEMSJSENLH-UHFFFAOYSA-N,True,True,True,370.428,2.9066,65.96,2,5,3,0.8587,2.738,C=C1C=CNc2cc(N3CCOCC3)ccc2CN=C1,9,False,True,True,selfies_token_mutation
CAND_d21bdb9c6a,selfies,JAK2_5c84f7cc1c,C=CN=C(N=CC(F)=CC=CNC(C)=O)NC=NCC=C(C=C)N1CCOCC1,GEGNCMBMICQYBG-UHFFFAOYSA-N,True,True,True,402.474,2.0799,90.68,2,5,9,0.351,2.667,C1COCCN1,6,False,False,True,selfies_token_mutation
CAND_ecc636bdd5,selfies,JAK2_e2cae42d88,C=CC(=CC=CC)C(=O)N1CCN(c2nc(Nc3cc(C)[nH]n3)ccc3cn-3n2)CC1,IYTGRLFJCRTORS-UHFFFAOYSA-N,True,True,True,418.505,2.8173,94.97,2,6,6,0.4722,3.631,c1cc(Nc2ccc3cn-3nc(N3CCNCC3)n2)n[nH]1,8,False,True,True,selfies_token_mutation
CAND_711b589c4a,selfies,JAK2_e2cae42d88,Cc1cc(NC(=C2Cc3ccc(cc3)C(=O)N3CCSN2CC3)c2cccn2N)n[nH]1,WSASHEGRTXTQKX-UHFFFAOYSA-N,True,True,True,435.557,2.6764,95.21,3,6,3,0.4325,3.55,O=C1c2ccc(cc2)CC(=C(Nc2cc[nH]n2)c2ccc[nH]2)N2CCN1CCS2,11,False,True,True,selfies_token_mutation
CAND_457797d542,selfies,JAK2_e2cae42d88,C=C1NC(C)=CCNC=NCON(CCNC(=O)C2=CC=CCC2)C=CN1N,RWLDNUDDASFRPN-UHFFFAOYSA-N,True,True,True,387.488,0.8131,107.25,4,8,4,0.529,3.408,C=C1NC=CCNC=NCON(CCNC(=O)C2=CC=CCC2)C=CN1,14,True,False,True,selfies_token_mutation
CAND_1cf521aea2,selfies,JAK2_e2cae42d88,Cc1cc(Nc2nc(N3CCCC4C=CC(=CS4)C(=O)NCC3)nn3cccc23)n[nH]1,PUNWRDHDNPBRBI-UHFFFAOYSA-N,True,True,True,436.545,2.7763,103.24,3,7,3,0.58,4.506,O=C1NCCN(c2nc(Nc3cc[nH]n3)c3cccn3n2)CCCC2C=CC1=CS2,12,True,False,True,selfies_token_mutation
CAND_83636eff43,selfies,JAK2_e2cae42d88,CC=CC=CC(=O)NCC1NN=C(Nc2cc(C)[nH]n2)C=CC=CN1C,MUIFSBWXQQGLDO-UHFFFAOYSA-N,True,True,True,355.446,1.623,97.44,4,6,5,0.4754,2.905,C1=CNCNN=C(Nc2cc[nH]n2)C=C1,9,False,True,True,selfies_token_mutation
CAND_9355eae290,selfies,JAK2_e2cae42d88,O=C(NCCNCN=CF)C1=CC=CC2C=CC2C1,RWDJBRYSUFKLOQ-UHFFFAOYSA-N,True,True,True,263.316,1.336,53.49,2,3,6,0.4314,2.75,C1=CCC2C=CC2C=C1,7,False,False,True,selfies_token_mutation
CAND_2d7623ef0f,selfies,JAK2_e2cae42d88,C[SH]1C=C(CNC=NCN(CCNC(=O)C2=CC=CCC=C2)c2cccn2N)NN1,OUJKXFPKDVFZQC-UHFFFAOYSA-N,True,True,True,430.582,0.6376,111.74,6,6,10,0.1406,3.698,O=C(NCCN(CN=CNCC1=CSNN1)c1ccc[nH]1)C1=CC=CCC=C1,7,False,False,True,selfies_token_mutation
CAND_9a917a6ae5,selfies,JAK2_36f756e547,O=C(Cc1ccccc1F)N1CCN(c2nc(Nc3cn[nH]n3)c3cccn3n2)CC1,AUWSDNJNDAVEKO-UHFFFAOYSA-N,True,True,True,421.44,1.6214,107.34,2,7,5,0.5042,3.222,O=C(Cc1ccccc1)N1CCN(c2nc(Nc3cn[nH]n3)c3cccn3n2)CC1,6,False,False,True,selfies_token_mutation
CAND_54637662e1,selfies,JAK2_36f756e547,Cc1cc(NC2=NC3CC(=Nn4cccc42)N3CCNC(=O)Cc2ccccc2F)n[nH]1,HMNSYRWBCUYHEC-UHFFFAOYSA-N,True,True,True,434.479,2.0833,102.7,3,6,6,0.5528,4.169,O=C(Cc1ccccc1)NCCN1C2=Nn3cccc3C(Nc3cc[nH]n3)=NC1C2,8,False,True,True,selfies_token_mutation
CAND_e428a3217f,selfies,JAK2_36f756e547,CC=CC=C1CC(=O)CN(CCNC(N=NC2=NNCC=C2)[SH]=Nn2cccc2)C1F,JNILLUZAIYUVGK-UHFFFAOYSA-N,True,True,True,446.556,2.1209,98.74,3,8,8,0.3236,3.786,C=C1CC(=O)CN(CCNC(N=NC2=NNCC=C2)[SH]=Nn2cccc2)C1,6,False,False,True,selfies_token_mutation
CAND_adcfebee6d,selfies,JAK2_36f756e547,CC=CC1OC=NC(NCCN(F)C(=O)C2C=CCC=C2)[SH]=Nn2cccc21,RLRZWOURKUYUTD-UHFFFAOYSA-N,True,True,True,405.499,2.644,71.22,2,5,6,0.4343,3.808,O=C(NCCNC1N=COCc2cccn2N=[SH]1)C1C=CCC=C1,9,False,True,True,selfies_token_mutation
CAND_df803039ed,selfies,JAK2_36f756e547,O=CN1CCNC2=NNC=C=CC3(C=CC(NC=N2)N3)CC1,BYUPMAIZEUUSGY-UHFFFAOYSA-N,True,True,True,301.354,-1.1767,93.15,4,7,1,0.278,3.825,C1=CNN=C2N=CNC3C=CC(C=1)(CCNCCN2)N3,13,True,False,True,selfies_token_mutation
CAND_2b83ea8328,selfies,JAK2_36f756e547,CCN(C=NC1=NNC=CC=CC2=C3CC2(NC=NC1)NN3)C(=O)Cc1ccccc1F,NVDSAAGZKFTUAK-UHFFFAOYSA-N,True,True,True,436.495,1.3114,105.51,4,8,4,0.4209,4.631,O=C(Cc1ccccc1)NC=NC1=NNC=CC=CC2=C3CC2(NC=NC1)NN3,13,True,False,True,selfies_token_mutation
CAND_72d1f78b24,selfies,JAK2_36f756e547,CC#CC=CC=CCC(=O)N1CCNC(N=CNC2C=CC2)(n2cccc2)C1=N,UMQNFYYSSDGTMY-UHFFFAOYSA-N,True,True,True,390.491,1.9797,85.51,3,4,7,0.2188,3.35,N=C1NCCNC1(N=CNC1C=CC1)n1cccc1,6,False,False,True,selfies_token_mutation
CAND_e1feceb025,selfies,JAK2_36f756e547,O=C(Cc1ccccc1F)N1CCN(c2nc(NOC3C=CC3)c3cccn3n2)CC1,NEQBXUZWFYWUFU-UHFFFAOYSA-N,True,True,True,422.464,2.4317,75.0,1,6,6,0.4859,3.603,O=C(Cc1ccccc1)N1CCN(c2nc(NOC3C=CC3)c3cccn3n2)CC1,6,False,False,True,selfies_token_mutation
CAND_3f7c71466f,selfies,JAK2_36f756e547,CC=CC1=NNC(c2ccccc2F)C(=O)N2CCN(CC2)c2nc(c3cccn3n2)N1,VACNRVMQDJQNBN-UHFFFAOYSA-N,True,True,True,434.479,2.163,90.16,2,7,2,0.6426,4.369,O=C1C(c2ccccc2)NN=CNc2nc(nn3cccc23)N2CCN1CC2,13,True,False,True,selfies_token_mutation
CAND_d862120c3c,selfies,JAK2_36f756e547,CC=C1NN=C1N=Nn1c(SN2CCN(C(=O)Cc3ccccc3F)CC2)nn2cccc12,NLBTWFQDXVXCKS-UHFFFAOYSA-N,True,True,True,467.534,2.7047,94.89,1,8,5,0.46,3.478,C=C1NN=C1N=Nn1c(SN2CCN(C(=O)Cc3ccccc3)CC2)nn2cccc12,6,False,False,True,selfies_token_mutation
CAND_b1b4a842e2,selfies,JAK2_36f756e547,O=C(Cc1ccccc1F)N1CCN(C2=Nn3cccc3N3C4=NNC(C=C4)C23)CC1,BLXZJQGWPLKFSB-UHFFFAOYSA-N,True,True,True,419.464,1.2194,68.47,1,6,2,0.795,3.336,O=C(Cc1ccccc1)N1CCN(C2=Nn3cccc3N3C4=NNC(C=C4)C23)CC1,6,False,False,True,selfies_token_mutation
CAND_c62f51e470,selfies,JAK2_36f756e547,CC1=CCNC=NCN2CCN(C(=O)Cc3ccccc3F)CC2=NNC=CC=CNN1,WYVMCOTXVNWVKI-UHFFFAOYSA-N,True,True,True,440.527,1.0299,96.39,4,8,2,0.5488,3.703,O=C(Cc1ccccc1)N1CCN2CN=CNCC=CNNC=CC=CNN=C2C1,17,True,False,True,selfies_token_mutation
CAND_9a9f09132e,selfies,JAK2_67c546b8f6,CC(N)(C=CN1CCCCC(=O)N(CCC(F)(F)F)CC1)NN1C=CC=NC1,DXKGNGZNCURMKI-UHFFFAOYSA-N,True,True,True,402.465,1.8041,77.2,2,6,6,0.6629,3.291,O=C1CCCCN(C=CCNN2C=CC=NC2)CCN1,9,False,True,True,selfies_token_mutation
CAND_b02a936c09,selfies,JAK2_67c546b8f6,CCN(CCC(F)(F)F)C(=O)CCCN1CC(c2c(N)nn3cccnc23)=NC=N1,LFIJTLGOHVUHNV-UHFFFAOYSA-N,True,True,True,424.431,1.9406,104.48,1,7,8,0.6975,3.164,C1=NNCC(c2cnn3cccnc23)=N1,6,False,False,True,selfies_token_mutation
CAND_7dcbdae80a,selfies,JAK2_67c546b8f6,NC1OCCCCN(Cl)SCCCN1CCF,IHWLEUFAGLNZOE-UHFFFAOYSA-N,True,True,True,285.816,1.8047,41.73,1,5,2,0.619,2.95,C1CCOCNCCCSNC1,12,True,False,True,selfies_token_mutation
CAND_12593486b4,selfies,JAK2_67c546b8f6,CCN(CCC(F)(F)F)C(=O)CCCCN1CC(c2c(N)nn3cccnc23)=NC=N1,AYXPDXCYPFQACI-UHFFFAOYSA-N,True,True,True,438.458,2.3307,104.48,1,7,9,0.6054,3.366,C1=NNCC(c2cnn3cccnc23)=N1,6,False,False,True,selfies_token_mutation
CAND_3e0c283c1b,selfies,JAK2_67c546b8f6,O=C1CCCCN(C=CCl)CCCN1CCC(F)(F)F,KTBUHFSEVSCBCB-UHFFFAOYSA-N,True,True,True,312.763,3.3534,23.55,0,2,3,0.7976,2.125,O=C1CCCCNCCCN1,10,False,True,True,selfies_token_mutation
CAND_9f0c1174c6,selfies,JAK2_67c546b8f6,CCN(CCC(F)(F)F)C(=O)CCCCN1C=CC(CC(N)=NNC=CC=NCl)C=N1,YMKPPPCVQVLLOA-UHFFFAOYSA-N,True,True,True,463.936,3.3791,98.68,2,6,13,0.1892,3.633,C1=CNN=CC1,6,False,False,True,selfies_token_mutation
CAND_a94f316a30,selfies,JAK2_67c546b8f6,CCN(CCC(F)(F)F)C(=O)CCCCN(CC(=NC=N)c1c(N)nn2cccnc12)OC,BLAPZRQUNMMTCE-UHFFFAOYSA-N,True,True,True,470.5,2.5423,125.2,2,7,13,0.2006,3.669,c1cnc2ccnn2c1,6,False,False,True,selfies_token_mutation
CAND_2ccc981045,selfies,JAK2_387ef5022f,CCCN(CCC)C(=O)CC1CCN(C=C2N=CN=C2CC2(N)[SH]=NN3C=CC=NC32)C1,AVNFKFKCNHQTND-UHFFFAOYSA-N,True,True,True,458.636,1.8697,102.25,2,8,9,0.515,4.479,C1=CN2N=[SH]C(CC3=NC=NC3=CN3CCCC3)C2N=C1,6,False,False,True,selfies_token_mutation
CAND_a831ad8784,selfies,JAK2_387ef5022f,CCCN(CC)C(=O)CC1CCN(C=C2N=CN=C2CC23C=CC=NC2NN=NC3)C1,VJYFBBCURYDNEK-UHFFFAOYSA-N,True,True,True,424.553,2.5948,97.38,1,8,8,0.6484,4.164,C1=CC2(CC3=NC=NC3=CN3CCCC3)CN=NNC2N=C1,6,False,False,True,selfies_token_mutation
CAND_9550a47f25,selfies,JAK2_387ef5022f,N=CCN1CCCN(C2=CC(CC(N)=NNC=CC3=NC3N)C=N2)CCCCC(=O)C1,KVPIHCLRQUIOEO-UHFFFAOYSA-N,True,True,True,427.557,0.4301,148.55,4,9,8,0.2507,4.181,O=C1CCCCN(C2=CC(CC=NNC=CC3=NC3)C=N2)CCCNC1,11,False,True,True,selfies_token_mutation
CAND_e6b9b48cf0,selfies,JAK2_387ef5022f,CCC=NCC(=O)CC1C=CN(C=CC(=NC#N)c2c(N)nn3cccnc23)CC1,LRAKFLFGEMBPJD-UHFFFAOYSA-N,True,True,True,404.478,2.371,125.03,1,8,8,0.5318,3.303,N=C(C=CN1C=CCCC1)c1cnn2cccnc12,6,False,False,True,selfies_token_mutation
CAND_cb44d3aa1c,selfies,JAK2_387ef5022f,CCCC(CC)C(=O)C1CCCN(c2cc(-c3c(N)nn4cccnc34)ncn2)C1,GHTYZFDJBUHCHX-UHFFFAOYSA-N,True,True,True,407.522,3.3803,102.3,1,7,7,0.6403,3.695,c1cnc2c(-c3cc(N4CCCCC4)ncn3)cnn2c1,6,False,False,True,selfies_token_mutation
CAND_31c1461a1a,selfies,JAK2_387ef5022f,CCCN1CCCCN(C=CCl)CCCCCC1=O,KTLIDWDERLKGHP-UHFFFAOYSA-N,True,True,True,286.847,3.5912,23.55,0,2,3,0.7915,2.825,O=C1CCCCCNCCCCN1,12,True,False,True,selfies_token_mutation
CAND_82a796498b,selfies,JAK2_387ef5022f,CCCN(CCC)C(=O)CCCCN1C=CCN=CC=CN=C(N)CC(=NC=N)C=C1,MGDQOJFTSRWWCW-UHFFFAOYSA-N,True,True,True,427.597,3.5282,110.5,2,6,10,0.316,4.131,N=C1C=CNC=CCN=CC=CN=CC1,14,True,False,True,selfies_token_mutation
CAND_5c4f17cd5b,selfies,JAK2_387ef5022f,CCCN(CCC)C(=O)CCCNN1C=CC(c2c(N)nn3cccnc23)C=N1,GDMCSSZIWFGDPD-UHFFFAOYSA-N,True,True,True,398.515,2.1436,104.15,2,7,10,0.5944,3.52,C1=CC(c2cnn3cccnc23)C=NN1,6,False,False,True,selfies_token_mutation
CAND_0fc9c989ea,selfies,JAK2_387ef5022f,CCCN(CCC)C(=O)CCCC(C)c1cc(-c2c(N)nn3cccnc23)ncn1,YJBVGXGCBQLMTI-UHFFFAOYSA-N,True,True,True,409.538,3.6909,102.3,1,6,10,0.5477,3.581,c1cnc2c(-c3ccncn3)cnn2c1,6,False,False,True,selfies_token_mutation
CAND_a41a57b3da,selfies,JAK2_bb43002d12,N#Cc1ccc(C(=O)N2CCN(c3nc(C4=CC=CC4)c4cccn4n3)CC2)cc1,OFYYWJBTYVADQB-UHFFFAOYSA-N,True,True,True,396.454,2.9067,77.53,0,5,3,0.6803,2.833,O=C(c1ccccc1)N1CCN(c2nc(C3=CC=CC3)c3cccn3n2)CC1,6,False,False,True,selfies_token_mutation
CAND_8f8ff15335,selfies,JAK2_bb43002d12,CC=CC(=C=CC(=O)N1C(=N)C2(N=CNC3C=CC3)NC=CC=C(N[NH])C1CN2)C#N,OVIBVTRZPOYNTF-UHFFFAOYSA-N,True,True,True,418.485,0.3338,152.23,5,7,6,0.0613,4.38,N=C1NC2C=CC=CNC1(N=CNC1C=CC1)NC2,9,False,True,True,selfies_token_mutation
CAND_ef2318394e,selfies,JAK2_bb43002d12,CC=CCNC=NCON1CCN(C(=O)c2ccc(C#N)cc2)CC1=NNC=CC=CCl,GHULQLXXLSCWJJ-UHFFFAOYSA-N,True,True,True,455.95,2.5685,105.35,2,6,10,0.1402,3.339,N=C1CN(C(=O)c2ccccc2)CCN1,6,False,False,True,selfies_token_mutation
CAND_54f480ff3b,selfies,JAK2_bb43002d12,CN(C=O)CCNC1=NNC=CC=C(N)C2C=CC(NC=N1)N2,AVHBYHMKSLOBGW-UHFFFAOYSA-N,True,True,True,318.385,-1.6333,119.17,5,8,4,0.3135,3.7,C1=CNN=CN=CNC2C=CC(C=C1)N2,13,True,False,True,selfies_token_mutation
CAND_669f11a606,selfies,JAK2_bb43002d12,CC=CC1N(C=NC2NCCN(C(=O)c3ccc(C#N)cc3)C2=N)c2cccn21,FECLIUSXUUEHCS-UHFFFAOYSA-N,True,True,True,387.447,2.3318,100.51,2,5,4,0.4776,3.208,N=C1C(N=CN2Cn3cccc32)NCCN1C(=O)c1ccccc1,6,False,False,True,selfies_token_mutation
CAND_062b1b7dd0,selfies,JAK2_bb43002d12,Cc1cc(Nc2nc(C3CCc4cc(C#N)ccc4N(PC=O)C3)nn3cccc23)n[nH]1,AJEVUWVWCKEIPI-UHFFFAOYSA-N,True,True,True,444.439,3.6962,115.0,2,7,5,0.3563,3.85,c1ccc2c(c1)CCC(c1nc(Nc3cc[nH]n3)c3cccn3n1)CN2,7,False,False,True,selfies_token_mutation
CAND_1fa9e817e3,selfies,JAK2_bb43002d12,CNC(F)=CC=CC(=O)N(CC=N)CNC1N=CNC2(C=CCN2)c2cccn21,IUVXLVNQYUPKLZ-UHFFFAOYSA-N,True,True,True,400.462,0.4997,109.57,5,7,8,0.109,3.53,C1=CC2(NC=NCn3cccc32)NC1,7,False,False,True,selfies_token_mutation
CAND_332042ab28,selfies,JAK2_bb43002d12,CCC1=CC=CC(=O)N(CC)C1CNC1=Nn2cccc2C2C=CC(=NN2)NC=N1,CTKQNRUBJJYNOA-UHFFFAOYSA-N,True,True,True,406.494,1.4656,98.41,3,7,4,0.7052,4.014,O=C1C=CC=CC(CNC2=Nn3cccc3C3C=CC(=NN3)NC=N2)N1,11,False,True,True,selfies_token_mutation
CAND_2f8533fdd8,selfies,JAK2_bb43002d12,CCN(CCNC1=NNC=CC=CC2(C=CN2)NC=N1)C(=O)C=CC=C=[SH]#N,GVPGLRYWVQOPBR-UHFFFAOYSA-N,True,True,True,400.512,0.2581,116.94,5,8,6,0.189,3.281,C1=CNN=CN=CNC2(C=C1)C=CN2,11,False,True,True,selfies_token_mutation
CAND_c2217e6082,selfies,JAK2_bb43002d12,CNC1=CC(=CC(=O)N2CCC(NC(F)N=CNC3C=CCN3)C2)C=CN1,LUMCSQQXZVOTSG-UHFFFAOYSA-N,True,True,True,375.452,-0.3625,92.82,5,6,7,0.1372,3.516,O=C(C=C1C=CNC=C1)N1CCC(NCN=CNC2C=CCN2)C1,6,False,False,True,selfies_token_mutation
CAND_884dacc1f9,selfies,JAK2_bb43002d12,C=CC(C#N)=CC=CC(=O)N1CCN(c2nc(NC3C=C(C)NN3)c3cccn3n2)CC1,XOKOABSZCYAING-UHFFFAOYSA-N,True,True,True,431.504,1.3197,113.62,3,8,6,0.3566,3.453,C1=CC(Nc2nc(N3CCNCC3)nn3cccc23)NN1,6,False,False,True,selfies_token_mutation
CAND_ce068f6a7d,selfies,JAK2_bb43002d12,CC=C1NN=C1NC=NC(=Nn1cccc1)NC1CSCN(C(=O)c2ccc(C#N)cc2)C1,SVKPKCIEBGDRPF-UHFFFAOYSA-N,True,True,True,461.555,1.7222,122.2,3,6,4,0.4708,3.37,C=C1NN=C1NC=NC(=Nn1cccc1)NC1CSCN(C(=O)c2ccccc2)C1,6,False,False,True,selfies_token_mutation
CAND_9655abde5f,selfies,JAK2_0f122b00bd,C[C@H](Nc1ccc(C(N)=O)c2[nH]c3cc(C4=NNN(C)C4)ccc3c12)C(C)(C)C,ZNWYLLXCWIYBIC-LBPRGKRZSA-N,True,True,True,392.507,3.4206,98.54,4,5,4,0.5467,2.986,c1ccc2c(c1)[nH]c1cc(C3=NNNC3)ccc12,6,False,False,True,selfies_token_mutation
CAND_ccac7c28ed,selfies,JAK2_0f122b00bd,CCCCCC[C@H](C)Nc1ccc(C(N)=O)c2[nH]c3cc(-c4cnn(C)c4)ccc3c12,TXVHQQQRBJBSEW-INIZCTEOSA-N,True,True,True,417.557,5.5913,88.73,3,3,9,0.3101,4.046,c1ccc2c(c1)[nH]c1cc(-c3cn[nH]c3)ccc12,6,False,False,True,selfies_token_mutation
CAND_1d44d898a4,selfies,JAK2_0f122b00bd,CCC(C)[C@H](C)Nc1ccc(C(N)=O)c2[nH]c3cc(-c4cnn(C)c4)ccc3c12,IJELSRQLGGGBGP-KZUDCZAMSA-N,True,True,True,389.503,4.667,88.73,3,3,6,0.4477,3.469,c1ccc2c(c1)[nH]c1cc(-c3cn[nH]c3)ccc12,6,False,False,True,selfies_token_mutation
CAND_83190a72de,selfies,JAK2_0f122b00bd,C#CC=C(C=CNC(=CC=CN[C@@H](CF)CC(C)C)CN=O)c1cnn(C)c1,WHFVHYSJBJLDAY-OAQYLSRUSA-N,True,True,True,385.487,3.6778,71.31,2,5,12,0.3271,3.197,c1cn[nH]c1,5,False,False,True,selfies_token_mutation
CAND_f7434884f9,selfies,JAK2_0f122b00bd,CCN1CC(CC23C=C4CSC(=CN[C@@H]2C)C=C(C(N)=O)CNC4=C3)=N1,JZJKNBHGMAYVSX-ISGGMURCSA-N,True,True,True,371.51,1.4595,82.75,3,6,4,0.6969,3.62,C1=CC2=CNCC3(CC4=NNC4)C=C(CS2)C(=C3)NC1,9,False,True,True,selfies_token_mutation
CAND_94a3d8b814,selfies,JAK2_0f122b00bd,CCCNNN=CCC1=CC=CC2C(=C1)NCC(C(N)=O)=C2C=C[C@@H](C)C(C)C,IIRTWUVKUVKSKB-DIAVIDTQSA-N,True,True,True,397.567,3.0962,91.54,4,5,10,0.2589,3.514,C1=CC=C2NCC=CC2C=C1,7,False,False,True,selfies_token_mutation
CAND_6edfc5ad80,selfies,JAK2_0f122b00bd,C[C@H](Nc1ccc(C(N)=O)c2[nH]c3cc(CC=NN(C)C)ccc3c12)C(C)(C)C,LGMMZNVCCPTBDN-AWEZNQCLSA-N,True,True,True,393.535,4.3564,86.51,3,4,6,0.4296,2.992,c1ccc2c(c1)[nH]c1ccccc12,6,False,False,True,selfies_token_mutation
CAND_ccc533a5ec,selfies,JAK2_0f122b00bd,CCCNNN=CCC1=CC=CC2C(=C1)NCC(C(N)=O)=C2C=CN[C@@H](C)C(C)(C)C,QMCIDIHKRQXYHF-DIMJTDRSSA-N,True,True,True,426.609,2.7858,103.57,5,6,10,0.2099,3.676,C1=CC=C2NCC=CC2C=C1,7,False,False,True,selfies_token_mutation
CAND_d05563f1b5,selfies,JAK2_0f122b00bd,C[C@H](NC=C1C=C(C(N)=O)CNC=C2C(=CC=C2CC2=NN(C)OC2)C1)C(C)(C)C,LNNQOHMFFUPGQK-HNNXBMFYSA-N,True,True,True,411.55,2.6729,91.98,3,6,5,0.6469,3.467,C=C1C=CCNC=C2C(=CC=C2CC2=NNOC2)C1,9,False,True,True,selfies_token_mutation
CAND_fd0c6014eb,selfies,JAK2_0f122b00bd,CNN=CCCc1ccc2c(c1)[nH]c1c(C(N)=O)ccc(N[C@@H](C)C(C)(C)C)c12,WXWSPQULLKFRQC-AWEZNQCLSA-N,True,True,True,393.535,4.4043,95.3,4,4,7,0.3537,3.117,c1ccc2c(c1)[nH]c1ccccc12,6,False,False,True,selfies_token_mutation
CAND_159a714355,selfies,JAK2_0f122b00bd,CC=CC1=CC=C(CC=NF)C=CNC1C(=CC=CN[C@@H](C)CC(C)C)C(N)=O,NYFMIZCOYNCBTC-HXBUSHRASA-N,True,True,True,400.542,4.1958,79.51,3,4,10,0.2921,3.781,C1=CC=CNCC=C1,8,False,True,True,selfies_token_mutation
CAND_8afedbe3c5,selfies,JAK2_ee18a170dc,COC1COC=C2OC3C=CC=CN=CN(COC(S(C)(=O)=O)=CC3)C21OC,HKSSSVNBSNJWHL-UHFFFAOYSA-N,True,True,True,412.464,1.2785,95.89,0,9,3,0.6841,3.722,C1=CN=CN2COC=CCC(C=C1)OC1=COCCC12,11,False,True,True,selfies_token_mutation
CAND_4988ece1e2,selfies,JAK2_ee18a170dc,COC1COC=CC1(NC1C=CCC(c2ccc(NS(C)(=O)=O)cc2)=C1O)OC,XQXRDAKGCQLDGX-UHFFFAOYSA-N,True,True,True,422.503,2.1469,106.12,3,7,7,0.4566,3.778,C1=CC(NC2C=COCC2)C=C(c2ccccc2)C1,6,False,False,True,selfies_token_mutation
CAND_9e7ba7a515,selfies,JAK2_ee18a170dc,COC=CCNC=NC=CC=CCC1=CC=CCC(C=O)OC=C1CPO,HKDPITABXPIUFK-UHFFFAOYSA-N,True,True,True,390.42,3.1645,80.15,2,5,11,0.1077,3.85,C1=CC=COCCC=C1,9,False,True,True,selfies_token_mutation
CAND_f156b0dbe6,selfies,JAK2_ee18a170dc,COC=CC(=CCO)Nc1nc2cccc(-c3ccc(NS(C)(=O)=O)cc3)c2o1,YDKNLSISBGVWSU-UHFFFAOYSA-N,True,True,True,415.471,3.3145,113.69,3,7,8,0.3819,3.114,c1ccc(-c2cccc3ncoc23)cc1,6,False,False,True,selfies_token_mutation
CAND_e32e6fd4a7,selfies,JAK2_ee18a170dc,COC=CC(Nc1nc2cccc(-c3ccc(NS(C)(=O)=O)cc3)c2o1)C(=COC)OC,DXRANBPIHDPZID-UHFFFAOYSA-N,True,True,True,459.524,3.9411,111.92,2,8,10,0.4386,3.858,c1ccc(-c2cccc3ncoc23)cc1,6,False,False,True,selfies_token_mutation
CAND_cd20306e7e,selfies,JAK2_ee18a170dc,COC1=C(OC)C2OC3=CC(=C1)N2C=CC=C1C=CC(C)(NS(C)(=O)=O)C1=CO3,GJKVHHLCWOXABN-UHFFFAOYSA-N,True,True,True,418.471,2.1199,86.33,1,7,4,0.7484,4.08,C1=CC2OC3=CC(=C1)N2C=CC=C1C=CCC1=CO3,11,False,True,True,selfies_token_mutation
CAND_4a917d17dd,selfies,JAK2_ee18a170dc,COc1cc(Nc2nc3cccc(S4=CC=C(NS(C)(=O)=O)C=C4)c3o2)cc(OC)c1OC,VYTFLOAQNWGTQQ-UHFFFAOYSA-N,True,True,True,489.575,3.9876,111.92,2,8,8,0.4571,4.025,C1=CC=S(c2cccc3nc(Nc4ccccc4)oc23)C=C1,6,False,False,True,selfies_token_mutation
CAND_f5696a055a,selfies,JAK2_ee18a170dc,COC=CCc1nc2cccc(-c3ccc(NS(C)(=O)=O)cc3)c2o1,UWXNZMFCTSWPPV-UHFFFAOYSA-N,True,True,True,358.419,3.5689,81.43,1,5,6,0.6814,2.547,c1ccc(-c2cccc3ncoc23)cc1,6,False,False,True,selfies_token_mutation
CAND_d923607257,selfies,JAK2_ee18a170dc,COc1cc(NC2C=CC3=CC3(C=C3C=CC(NS(C)(=O)=O)=CN3)PO2)cc(OC)c1OC,HQPFMXJDOQYHIV-UHFFFAOYSA-N,True,True,True,491.506,2.743,107.15,3,8,8,0.4769,4.536,C1=CNC(=CC23C=C2C=CC(Nc2ccccc2)OP3)C=C1,7,False,False,True,selfies_token_mutation
CAND_79187e2c14,selfies,JAK2_ee18a170dc,COC=C1C(NC=NC=CC=C2C(PO)=C2c2ccc(NS(C)(=O)=O)cc2)=CC(OC)=C1OC,RWJINWXFIFHAOM-UHFFFAOYSA-N,True,True,True,503.517,3.3588,118.48,3,7,11,0.1834,4.228,C=C1C=CC=C1NC=NC=CC=C1C=C1c1ccccc1,6,False,False,True,selfies_token_mutation
CAND_f65e8b0d26,selfies,JAK2_ee18a170dc,COC=C1C(NC=NC=CC=CC2=C(PO)c3cc(NS(C)(=O)=O)ccc32)=CC(OC)=C1OC,YYSZAXLTDLHPCF-UHFFFAOYSA-N,True,True,True,503.517,3.4456,118.48,3,7,11,0.1392,4.228,C=C1C=CC=C1NC=NC=CC=CC1=Cc2ccccc21,6,False,False,True,selfies_token_mutation
CAND_8be8c27cbd,selfies,JAK2_ee18a170dc,COC=C(C=C1C=COC23OC2=C3C=CC=CN=CN1)OC,NPQATFFVZAGCCG-UHFFFAOYSA-N,True,True,True,300.314,2.2304,64.61,1,6,3,0.6394,3.575,C=C1C=COC23OC2=C3C=CC=CN=CN1,13,True,False,True,selfies_token_mutation
CAND_713d0237ea,selfies,JAK2_835443b633,FC1=CC[C@@H](NC2N=CNCC=CCC2NCC2=COCC2)CN=C1,OIAMTMSTKBOEIQ-WWDZGPRUSA-N,True,True,True,347.438,1.4388,70.04,3,6,5,0.6584,3.625,C1=CC[C@@H](NC2N=CNCC=CCC2NCC2=COCC2)CN=C1,9,False,True,True,selfies_token_mutation
CAND_f61135c45c,selfies,JAK2_835443b633,CC=CC1NC=NC2(C=NC(=NC=CF)[C@@H]2C)SN1,FQJSCRFGLPKFAT-BMQDGWLCSA-N,True,True,True,281.36,2.0139,61.14,2,5,2,0.6011,2.5,N=C1CC2(C=N1)N=CNCNS2,7,False,False,True,selfies_token_mutation
CAND_29a2450e24,selfies,JAK2_835443b633,Cc1cc(N=C=NC(=CC(=N)N2CCOCC2)N[CH]Cc2ncc(F)cn2)n[nH]1,SBEDHHSRMHJNFP-UHFFFAOYSA-N,True,True,True,398.426,1.5976,127.53,3,8,7,0.4801,2.894,N=C(C=C(N=C=Nc1cc[nH]n1)N[CH]Cc1ncccn1)N1CCOCC1,6,False,False,True,selfies_token_mutation
CAND_443e6bbc9a,selfies,JAK2_835443b633,C[C@@H]1NC2=CC3(CC=CC(=NNC1=NC=NC(F)C=N)NC=N2)NCCOC3=N,ZVZHOIQONYLOBN-DLGFLZQMSA-N,True,True,True,402.438,0.0082,154.49,6,9,3,0.2229,3.666,N=C1CNC2=CC3(CC=CC(=NN1)NC=N2)NCCOC3=N,10,False,True,True,selfies_token_mutation
CAND_715e8d4b4d,selfies,JAK2_835443b633,C[C@H](NC1=CNCCOCC2NNCC=CC2NC=N1)c1ncc(F)cn1,YFZJGNHTDRTVQF-GRTSSRMGSA-N,True,True,True,376.44,-0.2959,107.52,5,9,3,0.4581,4.222,C1=CC2NC=NC(NCc3ncccn3)=CNCCOCC2NNC1,12,True,False,True,selfies_token_mutation
CAND_b88f79d3d7,selfies,JAK2_835443b633,C[C@H](Nc1cc(N2CCOCC2)nc(Nc2cc(S)[nH]n2)n1)c1ncc(F)cn1,VKRSTNNFLCLDED-JTQLQIEISA-N,True,True,True,417.474,2.1708,116.77,4,10,6,0.4477,3.375,c1cnc(CNc2cc(N3CCOCC3)nc(Nc3cc[nH]n3)n2)nc1,6,False,False,True,selfies_token_mutation
CAND_fb98445934,selfies,JAK2_835443b633,CC=C1NN=C1NC=NC(=CC(=N)NCCOCCO)N[C@@H](C)c1ncc(F)cn1,CFULHMSTFZBQSJ-LBPRGKRZSA-N,True,True,True,419.465,0.1219,151.93,6,9,11,0.1681,3.511,C=C(N=CNC1=NNC1=C)NCc1ncccn1,6,False,False,True,selfies_token_mutation
CAND_835443b633,selfies,JAK2_835443b633,Cc1cc(Nc2nc(N[C@@H](C)c3ncc(F)cn3)cc(N3CCOCC3)n2)n[nH]1,FSGWUHMHSBTDLW-LBPRGKRZSA-N,True,True,False,399.434,2.1905,116.77,3,9,6,0.5732,3.275,c1cnc(CNc2cc(N3CCOCC3)nc(Nc3cc[nH]n3)n2)nc1,6,False,False,True,selfies_token_mutation
CAND_735448944d,selfies,JAK2_835443b633,Cc1cc(Nc2nc(N[C@@H](C)C=C=NC=C(F)C=N)c(N3CCOCC3)[nH]2)n[nH]1,YEEIVUXUUGVTMY-LBPRGKRZSA-N,True,True,True,401.45,2.5082,130.1,5,8,8,0.4322,3.286,c1cc(Nc2ncc(N3CCOCC3)[nH]2)n[nH]1,6,False,False,True,selfies_token_mutation
CAND_ed86f85ccb,selfies,JAK2_835443b633,C[C@H](NC1=C2CNCCC2=NC2(C=CC2)NC=N1)c1ncc(F)cn1,RESSEMBWVMFACX-PIJUOJQZSA-N,True,True,True,341.394,1.1999,86.59,3,7,3,0.7194,3.375,C1=CC2(C1)N=C1CCNCC1=C(NCc1ncccn1)N=CN2,8,False,True,True,selfies_token_mutation
CAND_b85e5d6196,selfies,JAK2_835443b633,C[C@@H](C=C=NC=C(F)C=N)NC(=CC(=N)N1CCOCC1)N=CNC12C=C(C1)N2,KCRORECIUKXOGC-KTQQKIMGSA-N,True,True,True,400.462,1.0067,120.98,5,7,9,0.2921,3.905,N=C(C=CN=CNC12C=C(C1)N2)N1CCOCC1,6,False,False,True,selfies_token_mutation
CAND_ecae3c1fa1,selfies,JAK2_6dc1db68d3,CNC1(C)CC=C(NC=Nc2cccc(-c3cc(F)c(CN4CCOCC4)c(F)c3)c2O)C1C,VXJOCLXLZIOGSF-UHFFFAOYSA-N,True,True,True,470.564,4.3208,69.12,3,5,7,0.4154,4.045,C(=Nc1cccc(-c2ccc(CN3CCOCC3)cc2)c1)NC1=CCCC1,6,False,False,True,selfies_token_mutation
CAND_5eaf4973c2,selfies,JAK2_6dc1db68d3,CC=CC(=CC=CC(=O)NC)Nc1nc2cccc(-c3cc(F)c(CN4CCOCC4)c(F)c3)c2o1,MPEGZEFHZMWXRM-UHFFFAOYSA-N,True,True,True,494.542,4.7793,79.63,2,6,8,0.3467,3.803,c1cc(-c2ccc(CN3CCOCC3)cc2)c2ocnc2c1,6,False,False,True,selfies_token_mutation
CAND_ffa6d79ece,selfies,JAK2_6dc1db68d3,C=C(C=CC=CN=CNC(C=CC)=CC=CC(=O)NC)C=CC(C)(CN1CCOCC1)C(F)F,ZDFJOLKXNIEHCL-UHFFFAOYSA-N,True,True,True,474.596,4.1524,65.96,2,4,13,0.1822,3.692,C1COCCN1,6,False,False,True,selfies_token_mutation
CAND_18849704b2,selfies,JAK2_6dc1db68d3,CNC(=O)C=CC=C1NC2=NC=CC=C3CCC(C)(CN4CCOCC4)C(F)=C3C2O1,IHCAKVQZIQAEFF-UHFFFAOYSA-N,True,True,True,428.508,2.3265,75.19,2,6,4,0.6726,3.936,C=C1NC2=NC=CC=C3CCC(CN4CCOCC4)C=C3C2O1,8,False,True,True,selfies_token_mutation
CAND_f8a5fd7086,selfies,JAK2_6dc1db68d3,CC1COCNC1C(CF)=C(F)C=CC1(O)C=CC=CN=CNC2=CC=CC(=O)N(C1)C2C,VKXMAGVZUYYUOA-UHFFFAOYSA-N,True,True,True,460.525,2.421,86.19,3,6,4,0.5614,5.064,O=C1C=CC=C2CN1CC(C=CC=CC1CCOCN1)C=CC=CN=CN2,12,True,False,True,selfies_token_mutation
CAND_6dc1db68d3,selfies,JAK2_6dc1db68d3,CNC(=O)c1ccc(Nc2nc3cccc(-c4cc(F)c(CN5CCOCC5)c(F)c4)c3o2)cc1C,JPVQJSNRDPPJID-UHFFFAOYSA-N,True,True,False,492.526,5.0168,79.63,2,6,6,0.3937,3.75,c1ccc(Nc2nc3cccc(-c4ccc(CN5CCOCC5)cc4)c3o2)cc1,6,False,False,True,selfies_token_mutation
CAND_6b3a812f7f,selfies,JAK2_6dc1db68d3,CNC(=O)C=CC=C1NC2=NC(=CC=CCc3cc(F)c(SCNCCOCl)c(F)c3)C1O2,RONREFMOSQUQSW-UHFFFAOYSA-N,True,True,True,496.967,3.3011,83.98,3,7,11,0.1886,4.191,C=C1NC2=NC(=CC=CCc3ccccc3)C1O2,6,False,False,True,selfies_token_mutation
CAND_26adf8e6a0,selfies,JAK2_6dc1db68d3,CNC(=O)C=CC=C(CF)Nc1nc2cccc(-c3cc(F)c(CN4CCOCC4)c(F)c3)c2o1,QEEUZDCHEYPPPN-UHFFFAOYSA-N,True,True,True,486.494,4.1727,79.63,2,6,8,0.3676,3.758,c1cc(-c2ccc(CN3CCOCC3)cc2)c2ocnc2c1,6,False,False,True,selfies_token_mutation
CAND_4d64370a29,selfies,JAK2_6dc1db68d3,CC1=C(F)C(F)(CNCCOF)C=CC2(O)CN3C(=O)C=CC=C(NC=NC=CC=C12)C3C,WKSKUJNHULJJAJ-UHFFFAOYSA-N,True,True,True,464.488,2.4722,86.19,3,6,5,0.4301,4.961,O=C1C=CC=C2CN1CC1C=CCC=CC1=CC=CN=CN2,12,True,False,True,selfies_token_mutation
CAND_c8c473ea5f,selfies,JAK2_6dc1db68d3,CNC(=O)C=C1C=C(NC=NC=C2C=CC(C=C3C=C(F)C(CNC4CCCOC4)=C3F)=C2O)C=C1C,VRSMEIVUUVXGEU-UHFFFAOYSA-N,True,True,True,508.569,4.1719,94.98,4,5,8,0.2243,4.131,C=C1C=CC(NC=NC=C2C=CC(C=C3C=CC(CNC4CCCOC4)=C3)=C2)=C1,6,False,False,True,selfies_token_mutation
CAND_4357a47ba1,selfies,JAK2_6dc1db68d3,CNC(=O)c1ccc(Nc2nc3cccc(C4=CC(F)=COCNCCOCC(F)C4)c3o2)cc1C,MACXDRXJCCTFHU-UHFFFAOYSA-N,True,True,True,498.53,4.7558,97.65,3,7,4,0.4774,4.775,C1=COCNCCOCCCC(c2cccc3nc(Nc4ccccc4)oc23)=C1,13,True,False,True,selfies_token_mutation
CAND_978e6eb768,selfies,JAK2_155be966f1,CC1=C(F)C(CN2CCOCC2)=C(F)CC12C=CC=CN=CN(C1C=CCC(C(=O)NCCCN(C)C)=C1)O2,CKWVRIPJYCPXJM-UHFFFAOYSA-N,True,True,True,543.659,3.5964,69.64,1,7,8,0.3729,5.076,C1=CN=CN(C2C=CCC=C2)OC2(C=C1)C=CC(CN1CCOCC1)=CC2,9,False,True,True,selfies_token_mutation
CAND_cdf4c8dfbb,selfies,JAK2_155be966f1,CC=C1C(C=Nc2cc3c(o2)=C(C=C2C=C(F)C(CN4CCOCC4)N=C2F)C=C=3)=CC=C1C(=O)NCCCN(C)C,QRDMLZPCFYMXAL-UHFFFAOYSA-N,True,True,True,575.66,2.8246,82.67,1,7,10,0.343,4.954,C=C1C=CC=C1C=Nc1cc2c(o1)=C(C=C1C=CC(CN3CCOCC3)N=C1)C=C=2,6,False,False,True,selfies_token_mutation
CAND_d9c10d5210,selfies,JAK2_155be966f1,CN(C)CCCNC(=O)C1=C2C=CC1=C(C=CCCF)C=CC=CN=CN2,VJMFWUFDCUCISM-UHFFFAOYSA-N,True,True,True,370.472,2.792,56.73,2,4,8,0.6462,3.114,C1=CC=C2C=CC(=C2)NC=NC=C1,11,False,True,True,selfies_token_mutation
CAND_70f365611f,selfies,JAK2_155be966f1,CC(=C=C(F)C=CC1=COC2(C=CCC(C(=O)NCCCN(C)C)=C2)C=NC=CC=C1)CCOCCCF,KXPXCZUYDFLVEB-UHFFFAOYSA-N,True,True,True,527.656,5.4553,63.16,1,5,13,0.1497,4.965,C1=CC=COC2(C=CCC=C2)C=NC=C1,10,False,True,True,selfies_token_mutation
CAND_8c28356ec1,selfies,JAK2_155be966f1,C=C1C(CNCCOCCF)=C(F)C=CC12C=CC=CN=CN(C1C=CCC(C(=O)NCCCN(C)C)=C1)O2,SFODANYTHZXKNK-UHFFFAOYSA-N,True,True,True,543.659,3.3187,78.43,2,7,13,0.2743,5.326,C=C1C=CC=CC12C=CC=CN=CN(C1C=CCC=C1)O2,9,False,True,True,selfies_token_mutation
CAND_355ae2b664,selfies,JAK2_155be966f1,CC=CC(=CC=CC(=O)NCCCN(C)C)Nc1nc2cccc(-c3cc(F)c(CN4CCOCC4)c(F)c3)c2o1,FYLFVMIGIVRNMV-UHFFFAOYSA-N,True,True,True,565.665,5.1012,82.87,2,7,12,0.1796,4.749,c1cc(-c2ccc(CN3CCOCC3)cc2)c2ocnc2c1,6,False,False,True,selfies_token_mutation
CAND_2ea1e55d8f,selfies,JAK2_155be966f1,C=C1C2=CC=CN=CNC34C=CC(C(C(=O)NCCC(C)C)=C3)C2(C=CC(F)=C1CCOCCCF)O4,ZAGLHOXMFWZYAR-UHFFFAOYSA-N,True,True,True,511.613,4.9139,71.95,2,5,10,0.3229,5.598,C=C1C=CC=CC23OC4(C=CC2C=C4)NC=NC=CC=C13,10,False,True,True,selfies_token_mutation
CAND_39b8f43e8b,selfies,JAK2_155be966f1,CN(C)CCCNC(=O)C1=CC=C(NC=NC=C2C=CC(c3cc(F)c(CN4CCOCC4)c(F)c3)=CN2O)C1=CF,WRMMTNSMWMWVGX-UHFFFAOYSA-N,True,True,True,584.643,3.6034,92.67,3,7,11,0.2081,4.679,C=C1C=CC=C1NC=NC=C1C=CC(c2ccc(CN3CCOCC3)cc2)=CN1,6,False,False,True,selfies_token_mutation
CAND_4571df8d96,selfies,JAK2_155be966f1,CC=CC(=CC=CC(=O)NCCCN(C)C)NC=NC1N=NCC=CC(c2cc(F)c(CN3CCOCC3)c(F)c2)=CO1,CAQDHDUNQOZNMF-UHFFFAOYSA-N,True,True,True,597.711,4.1621,103.15,2,8,13,0.1164,5.376,C1=CC(c2ccc(CN3CCOCC3)cc2)=COCN=NC1,9,False,True,True,selfies_token_mutation
CAND_9236648083,selfies,JAK2_155be966f1,Cc1cc(NC2=NC3OC=CC(c4cc(F)c(CN5CCOCC5)c(F)c4)=C3O2)ccc1C(=O)NCCCN(C)C,XGJMJWAGWQIJOV-UHFFFAOYSA-N,True,True,True,567.637,3.8663,87.66,2,8,9,0.4452,4.784,C1=CC(c2ccc(CN3CCOCC3)cc2)=C2OC(Nc3ccccc3)=NC2O1,6,False,False,True,selfies_token_mutation
CAND_a7f2f97a31,selfies,JAK2_80b89f8e05,CCCCCCNC1C=CC(C(N)=O)=CNc2cccc(c2)C2=CNC1N2,SZPYOJHRLGOLLT-UHFFFAOYSA-N,True,True,True,367.497,2.3933,91.21,5,5,7,0.4775,4.422,C1=CCC2NC=C(N2)c2cccc(c2)NC=C1,12,True,False,True,selfies_token_mutation
CAND_517edf90a8,selfies,JAK2_80b89f8e05,C=CCCCCNc1ccc(C(N)=O)c2[nH]c3cc(-c4cnn(C)c4)ccc3c12,ZFPMIBRTAHWZHJ-UHFFFAOYSA-N,True,True,True,387.487,4.5887,88.73,3,3,8,0.3051,3.208,c1ccc2c(c1)[nH]c1cc(-c3cn[nH]c3)ccc12,6,False,False,True,selfies_token_mutation
CAND_faf27da005,selfies,JAK2_80b89f8e05,NC(=O)c1ccc(NC2CCCCC2)c2c1Nc1cccc(c1)C1=C(N=C1)NCS2,NBZZDLMZAZYRDG-UHFFFAOYSA-N,True,True,True,419.554,4.6795,91.54,4,6,3,0.5798,3.461,C1=NC2=C1c1cccc(c1)Nc1cccc(NC3CCCCC3)c1SCN2,11,False,True,True,selfies_token_mutation
CAND_b00d31bcec,selfies,JAK2_80b89f8e05,C=c1[nH]c2c(C(N)=O)ccc(NC3CCCCC3)c2c1=CCN=CC1=C(NC)N=C1,PPJMPEMYUMLTEM-UHFFFAOYSA-N,True,True,True,404.518,1.7884,107.66,4,5,7,0.5285,3.178,C=c1[nH]c2cccc(NC3CCCCC3)c2c1=CCN=CC1=CN=C1,6,False,False,True,selfies_token_mutation
CAND_0549115a87,selfies,JAK2_80b89f8e05,CNC=C1C=CC2=C(C(=CC(N)=O)Nc3cccc1c3)C1CCC(CC1)N2,GEUGIAVFQJEWDF-UHFFFAOYSA-N,True,True,True,362.477,3.0139,79.18,4,4,2,0.61,3.019,C=C1Nc2cccc(c2)C(=C)C=CC2=C1C1CCC(CC1)N2,10,False,True,True,selfies_token_mutation
CAND_a4eead7438,selfies,JAK2_80b89f8e05,NN1CNC=C1c1ccc2c3c([nH]c2c1)=C(CCN=O)CC=3NC1CCCCC1,BHPMSEGXWZLOAT-UHFFFAOYSA-N,True,True,True,392.507,1.9441,98.54,4,6,6,0.4449,3.186,C1=C(c2ccc3c4c([nH]c3c2)=CCC=4NC2CCCCC2)NCN1,6,False,False,True,selfies_token_mutation
CAND_e7bb386ecd,selfies,JAK2_80b89f8e05,NC(=O)C(C=CC1=C=C2CCC(CC2)N1)=CNc1cccc(C2=NCN=N2)c1,NJUALSUWSFRRNA-UHFFFAOYSA-N,True,True,True,374.448,3.1488,104.23,3,6,6,0.4046,3.086,C1=C2CCC(CC2)NC=1C=CC=CNc1cccc(C2=NCN=N2)c1,7,False,False,True,selfies_token_mutation
CAND_dcd678f8d5,selfies,JAK2_80b89f8e05,Cn1cc(-c2cccc(Nc3c(C(N)=O)ccc4c3C3CCC(=NC3)N4)c2)cn1,LYFZABLNLREPBC-UHFFFAOYSA-N,True,True,True,386.459,3.631,97.33,3,5,4,0.6377,3.153,c1cc(Nc2cccc3c2C2CCC(=NC2)N3)cc(-c2cn[nH]c2)c1,7,False,False,True,selfies_token_mutation
CAND_7b4e55843d,selfies,JAK2_80b89f8e05,CNC=C(C#N)c1ccc2c(c1)[nH]c1c(C(N)=O)ccc(NC3CCCCC3)c12,WEUVNAFSCZGUBS-UHFFFAOYSA-N,True,True,True,387.487,4.2485,106.73,4,4,5,0.491,2.833,c1ccc2c(c1)[nH]c1cccc(NC3CCCCC3)c12,6,False,False,True,selfies_token_mutation
CAND_8302a508f8,selfies,JAK2_80b89f8e05,O=C1NC2=C3c4ccc(cc4C4=CN3CN4)NC=C1CCC2,FSJFPLAVFYWMGJ-UHFFFAOYSA-N,True,True,True,292.342,2.1394,56.4,3,4,0,0.6856,2.7,O=C1NC2=C3c4ccc(cc4C4=CN3CN4)NC=C1CCC2,11,False,True,True,selfies_token_mutation
CAND_0ecbfea868,selfies,JAK2_fe9236b0f3,Cc1cnc(NC2=CC3CCOCC(=NC(N[C@@H](C)C4N=CC(F)=CS4)=N2)N3)s1,YQGQHAFCHUWCLW-XOMBGVMMSA-N,True,True,True,435.554,2.7841,95.29,3,10,4,0.6732,4.225,C1=CSC(CNC2=NC(Nc3nccs3)=CC3CCOCC(=N2)N3)N=C1,8,False,True,True,selfies_token_mutation
CAND_d4a37ee88b,selfies,JAK2_fe9236b0f3,C[C@@H](C=CC=C(F)C=NN)NC12CC(=CN=CNC=CC(N3CCOCC3)=N1)S2,SWNOZRIPYDIENB-FUKCDUGKSA-N,True,True,True,419.53,1.8266,99.63,3,9,5,0.2721,4.011,C1=CC(N2CCOCC2)=NC2CC(=CN=CN1)S2,11,False,True,True,selfies_token_mutation
CAND_110d5a2abd,selfies,JAK2_fe9236b0f3,C[C@H]1C=CC=C(F)C=NN(CCOCCNC2C=CNC=NC=CC2)NCN1,MSMLVTDRRMSQSV-KKFHFHRHSA-N,True,True,True,391.495,1.1614,85.31,4,8,7,0.4876,3.606,C1=CC=NN(CCOCCNC2C=CNC=NC=CC2)NCNCC=C1,11,False,True,True,selfies_token_mutation
CAND_33bae7461c,selfies,JAK2_fe9236b0f3,C[C@@H](CC=CC=C(F)CN=N)NC1(N)N=C(C=CNC(S)=NC=CCO)N2CCOCC21,GPZPWXVBXSKOLS-FVWXCPNNSA-N,True,True,True,466.587,1.4157,143.71,6,9,11,0.0679,4.273,C1=NCC2COCCN12,6,False,False,True,selfies_token_mutation
CAND_1a7ed1e7e1,selfies,JAK2_fe9236b0f3,CC=C1N=C(NC=C2N=C(N[C@@H](C)c3ccc(F)cn3)N=C2NC2COCOC2)S1,DEHRMMSBCYZJBX-NSHDSACASA-N,True,True,True,431.497,1.997,104.52,3,10,4,0.6698,3.203,C=C1N=C(NC=C2N=C(NCc3ccccn3)N=C2NC2COCOC2)S1,6,False,False,True,selfies_token_mutation
CAND_16257d4ee9,selfies,JAK2_fe9236b0f3,Fc1ccc(C[CH]NC2=NN(C3=NC=CC3)C=C(N3CCOCC3)N2)nc1,FSMHIWMOVPXMDB-UHFFFAOYSA-N,True,True,True,370.412,1.1378,77.38,2,8,4,0.8277,2.613,[CH](Cc1ccccn1)NC1=NN(C2=NC=CC2)C=C(N2CCOCC2)N1,6,False,False,True,selfies_token_mutation
CAND_377fd1231c,selfies,JAK2_fe9236b0f3,CC1=CC=CN2CN1NC1=NC=CCSC2N=C(N2CCOCC2)C=CN1,WNIXKBYVJIZFTD-UHFFFAOYSA-N,True,True,True,387.513,1.2313,67.73,2,9,0,0.648,2.958,C1=CN2CN(C=C1)C1N=C(N3CCOCC3)C=CNC(=NC=CCS1)N2,11,False,True,True,selfies_token_mutation
CAND_c3e66dfa1b,selfies,JAK2_fe9236b0f3,Cc1sc2nc1CCOCC1N=C(N[C@@H](S)Cc3ccc(F)cn3)C(C=CN2)N1,MPUAQEFBQBOPHA-JCYILVPMSA-N,True,True,True,434.566,2.2685,83.46,4,9,3,0.4383,4.795,C1=CC2NC(COCCc3csc(n3)N1)N=C2NCCc1ccccn1,13,True,False,True,selfies_token_mutation
CAND_9722d31f19,selfies,JAK2_fe9236b0f3,C[C@H]1C(=CC=CF)N=CC1N=C(C=CNC1=NC=[SH]CC1)N1CCOCC1,ZGENULYQOCQAIY-MYJWUSKBSA-N,True,True,True,391.516,2.304,61.58,2,5,4,0.3346,2.981,C=C1CC(N=C(C=CNC2=NC=[SH]CC2)N2CCOCC2)C=N1,6,False,False,True,selfies_token_mutation
CAND_0d513ba28e,selfies,JAK2_fe9236b0f3,C[C@@H](C=CC=CCF)C(=N)N=C(C=CNc1nccs1)N1CCOCC1,VRDYWRZPLDTACV-HNNXBMFYSA-N,True,True,True,377.489,3.4947,73.6,2,5,7,0.4333,2.778,N=C(C=CNc1nccs1)N1CCOCC1,6,False,False,True,selfies_token_mutation
CAND_48e927b04a,selfies,JAK2_fe9236b0f3,C[C@H](NC1=NN(C2=NC=CC2)CC(N2CCOCC2)=N1)c1ccc(F)cn1,SLGOOUGSZRXCPP-ZDUSSCGKSA-N,True,True,True,371.42,1.5045,77.71,1,8,2,0.8526,2.619,C1=CN=C(N2CC(N3CCOCC3)=NC(NCc3ccccn3)=N2)C1,6,False,False,True,selfies_token_mutation
CAND_a31b58ade0,selfies,JAK2_05c72e1270,C=C[SH]1C(C=CS(=O)(=O)NC(C)(C)C)=CC2=C=C(N)N=CCC(=O)NCCCNCCOCC21,SWFZNEBMKWOLRS-UHFFFAOYSA-N,True,True,True,511.714,1.5412,134.91,5,7,4,0.2871,4.598,O=C1CC=NC=C=C2C=CSC2COCCNCCCN1,17,True,False,True,selfies_token_mutation
CAND_05c72e1270,selfies,JAK2_05c72e1270,CC(C)(C)NS(=O)(=O)c1ccc(-c2cc3c(N)ncc(C(=O)NCCCN4CCOCC4)c3s2)cc1,DDQMAQPUXCDQSZ-UHFFFAOYSA-N,True,True,False,531.704,3.0744,126.65,3,8,8,0.3814,4.009,O=C(NCCCN1CCOCC1)c1cncc2cc(-c3ccccc3)sc12,6,False,False,True,selfies_token_mutation
CAND_0c66f2e8fe,selfies,JAK2_05c72e1270,CC(C)(C)NS(=O)(=O)C1=C[SH]=C2C3=CC(=C(N)N=CCC(=O)NCCCN4CCOCC4)C2[SH]3C=C1,WNAILAIPTXHBKB-UHFFFAOYSA-N,True,True,True,555.792,1.4615,126.12,5,7,9,0.127,5.468,O=C(CC=NC=C1C=C2C3=[SH]C=CC=C[SH]2C13)NCCCN1CCOCC1,8,False,True,True,selfies_token_mutation
CAND_8a32e553d7,selfies,JAK2_05c72e1270,CC(C)(C)NS(=O)(=O)C=C1C=CC(C=C2C=C(N)N=CC(C(=O)NNCCCN3CCOCC3)=CS2)=C1,GYYCKPYEYGEFES-UHFFFAOYSA-N,True,True,True,548.735,1.813,138.15,4,9,9,0.2529,4.479,C=C1C=CC(C=C2C=CN=CC(C(=O)NNCCCN3CCOCC3)=CS2)=C1,8,False,True,True,selfies_token_mutation
CAND_60b0c80553,selfies,JAK2_05c72e1270,C=NNCC12C=C(c3ccc(S(=O)(=O)NC(C)(C)C)cc3)SC1=C2C(=O)NCCCN1CCOCC1,OZLOVQBNVLRJEE-UHFFFAOYSA-N,True,True,True,533.72,2.1489,112.13,3,8,11,0.227,4.646,O=C(NCCCN1CCOCC1)C1=C2SC(c3ccccc3)=CC21,6,False,False,True,selfies_token_mutation
CAND_fbb0769c49,selfies,JAK2_05c72e1270,CSC1=C(C(=O)NCCCN2CCOCC2)NC(N)=CC1=CC(C)=CC=CS(=O)(=O)NC(C)(C)C,UDHUGXONEYWAMG-UHFFFAOYSA-N,True,True,True,525.741,1.9071,125.79,4,8,10,0.2518,3.726,C=C1C=CNC(C(=O)NCCCN2CCOCC2)=C1,6,False,False,True,selfies_token_mutation
CAND_921038036e,selfies,JAK2_05c72e1270,C=C1OCCNC1CCNC(=O)C(C=NC(N)=CC=CC(C)=CC=CS(=O)(=O)NC(C)(C)C)SC,UTLCIIFIENQQLR-UHFFFAOYSA-N,True,True,True,525.741,2.3314,134.91,4,8,12,0.2268,4.226,C=C1CNCCO1,6,False,False,True,selfies_token_mutation
CAND_131a5aa989,selfies,JAK2_05c72e1270,CC(C)(C)NS(=O)(=O)C=CC=CC=CC=C1N=CCC(=O)NCCCNCCOCCN1,BMUXVDVFKLBJCP-UHFFFAOYSA-N,True,True,True,467.636,1.3484,120.92,4,7,5,0.4531,3.729,C=C1N=CCC(=O)NCCCNCCOCCN1,16,True,False,True,selfies_token_mutation
CAND_23b358c1d3,selfies,JAK2_05c72e1270,CC(C)(C)NS(=O)(=O)c1ccc(-c2cc3c(N)ncc(C(=O)NCCCN4COCSC4)c3s2)cc1,UJCPWNWENOXTKO-UHFFFAOYSA-N,True,True,True,549.744,3.6801,126.65,3,9,8,0.3634,4.11,O=C(NCCCN1COCSC1)c1cncc2cc(-c3ccccc3)sc12,6,False,False,True,selfies_token_mutation
CAND_77ee65ac18,selfies,JAK2_4c33092d30,CC=CC(=CC=CC(=O)N(C)C)NC=Nc1cc2c(o1)=C=C(C=CC(F)=C(CN1CCOCC1)C(F)=CF)C=2,FBAZLPDEWXOSIV-UHFFFAOYSA-N,True,True,True,540.586,3.6257,70.31,1,5,11,0.201,4.184,C1=C(C=CC=CCN2CCOCC2)C=c2ccoc2=1,6,False,False,True,selfies_token_mutation
CAND_8bdfde1d40,selfies,JAK2_4c33092d30,CN(C)C(=O)C=C1C=CCOc2c(cccc2-c2cc(F)c(CN3CCOCC3)c(F)c2)CN1,NZJYEFLRGQKMST-UHFFFAOYSA-N,True,True,True,469.532,3.4743,54.04,1,5,4,0.6954,3.664,C=C1C=CCOc2c(cccc2-c2ccc(CN3CCOCC3)cc2)CN1,9,False,True,True,selfies_token_mutation
CAND_75a7793bc9,selfies,JAK2_4c33092d30,CN(C)C(=O)C1=CC2NC=NC=CC=CC3(C=CCCF)OC13C=CS2,CMWJNTCXNGAODB-UHFFFAOYSA-N,True,True,True,375.469,2.7126,57.23,1,5,4,0.6064,4.341,C1=CN=CNC2C=CC3(C=CS2)OC3C=C1,12,True,False,True,selfies_token_mutation
CAND_4f7404d0f4,selfies,JAK2_4c33092d30,Cc1cc(Nc2ncccc3c(-c4cc(F)c(CN5CCOCC5)c(F)c4)c-3o2)ccc1C(=O)N(C)C,HRTOBNZXHGYKJO-UHFFFAOYSA-N,True,True,True,506.553,5.3106,70.84,1,6,6,0.3823,4.475,c1ccc(Nc2ncccc3c(-c4ccc(CN5CCOCC5)cc4)c-3o2)cc1,8,False,True,True,selfies_token_mutation
CAND_acc7b2cc5a,selfies,JAK2_4c33092d30,CC1COCNC1C(CF)=C(F)C=CC12C=CC=CN=CNC3C=CC1(O2)C(C(=O)N(C)S)=C3,HEKMIPTXOHHRIB-UHFFFAOYSA-N,True,True,True,490.576,2.6949,78.49,3,7,5,0.2391,5.806,C1=CN=CNC2C=CC3(C=C2)OC3(C=CC=CC2CCOCN2)C=C1,12,True,False,True,selfies_token_mutation
CAND_9c5331b6e4,selfies,JAK2_4c33092d30,CN(C)C(=O)C1=CC=C(N2C=NC=CC=CC(C=CC(F)=C(CF)CN3CCOCC3)=CO2)C=CC1,ZYNZGKFTOGYRHU-UHFFFAOYSA-N,True,True,True,498.574,4.1556,57.61,0,6,7,0.4938,3.95,C1=CCC=CC(N2C=NC=CC=CC(C=CC=CCN3CCOCC3)=CO2)=C1,10,False,True,True,selfies_token_mutation
CAND_00333b4cf7,selfies,JAK2_4c33092d30,CN(C)C(=O)C1C2C=CC1Oc1c(cccc1-c1cc(F)c(CN3CCOCC3)c(F)c1)N=CN2,QNROXYSWESUQPQ-UHFFFAOYSA-N,True,True,True,482.531,3.1172,66.4,1,6,4,0.6789,4.686,C1=CC2CC1NC=Nc1cccc(-c3ccc(CN4CCOCC4)cc3)c1O2,9,False,True,True,selfies_token_mutation
CAND_ca694b454e,selfies,JAK2_4c33092d30,CN(C)CC(=O)C1=CC=C(NC2=NC=CC=CC(C=CC(F)=C(F)CN3CCOCC3)=C2O)C=CC1,KUPPDENWVCSOTQ-UHFFFAOYSA-N,True,True,True,498.574,3.81,77.4,2,7,8,0.496,4.075,C1=CCC=CC(NC2=NC=CC=CC(C=CC=CCN3CCOCC3)=C2)=C1,8,False,True,True,selfies_token_mutation
CAND_f931685b05,selfies,JAK2_4c33092d30,CNN(C)C(=O)C1=CC=C2NC=NC3=CC=CC(=C4OC1C=C24)C=C1C(CF)CC1C(F)=C3,QPLYNKMVYLMRBB-UHFFFAOYSA-N,True,True,True,450.489,3.453,65.96,2,5,3,0.6468,4.383,C1=CC2=C3OC4C=CC=C(NC=NC(=C1)C=CC1CCC1=C2)C3=C4,11,False,True,True,selfies_token_mutation
CAND_1666e874c2,selfies,JAK2_4c33092d30,CC1=CC(NC=NC=CC=CC(=CNO)c2cc(F)c(CN3CCOCC3)c(F)c2)C=C1C(=O)N(C)C,CGMIXBCDKHHNBX-UHFFFAOYSA-N,True,True,True,513.589,3.1476,89.43,3,6,10,0.1929,4.159,C=C(C=CC=CN=CNC1C=CC=C1)c1ccc(CN2CCOCC2)cc1,6,False,False,True,selfies_token_mutation
CAND_8406bc60a0,selfies,JAK2_4c33092d30,Cc1cc(Nc2nc3cccc(C4=CC(F)=C(CN5CCOCC5)C(F)O4)c3o2)ccc1C(=O)N(C)C,CYQCBWKWGVZYBN-UHFFFAOYSA-N,True,True,True,510.541,4.8041,80.07,1,7,6,0.5102,4.092,C1=C(CN2CCOCC2)COC(c2cccc3nc(Nc4ccccc4)oc23)=C1,6,False,False,True,selfies_token_mutation
CAND_d545111edf,selfies,JAK2_4c33092d30,CC(N)C1=CC2C=CC1Oc1c(cccc1-c1cc(F)c(CN3CCOCC3)c(F)c1)N=CN2,XIBGZMGIGBVGOU-UHFFFAOYSA-N,True,True,True,466.532,3.6864,72.11,2,6,4,0.6729,4.597,C1=CC2C=CC1NC=Nc1cccc(-c3ccc(CN4CCOCC4)cc3)c1O2,10,False,True,True,selfies_token_mutation
CAND_f24ed965ec,selfies,JAK2_42d4d2b240,C=C[SH]1C2=CS(=O)(=O)NC(C)(C)CC2C2NN=CC(C(=O)NCCNC3CCCNC3)=C21,NJCMHKONAIYBGO-UHFFFAOYSA-N,True,True,True,482.676,0.3735,123.72,6,7,6,0.2402,4.487,O=C(NCCNC1CCCNC1)C1=C2SC3=CS(=O)(=O)NCCC3C2NN=C1,7,False,False,True,selfies_token_mutation
CAND_6a0f0b8a79,selfies,JAK2_42d4d2b240,CC(C)(C)N[SH](=O)(C=O)CC=C(N)N=CCl,MWIPDGQWKYJBAB-UHFFFAOYSA-N,True,True,True,267.782,0.5636,84.55,3,4,5,0.3867,1.625,,0,False,False,True,selfies_token_mutation
CAND_73b2825513,selfies,JAK2_42d4d2b240,C[SH]1CC(C)(C)NS(=O)(=O)C=CC=CC=C2C=C(N)N=CCC(=O)NCCNCCCCC21,GQHZDSQHMACBAZ-UHFFFAOYSA-N,True,True,True,497.731,1.8446,125.68,5,6,0,0.3267,4.021,O=C1CC=NC=CC2=CC=CC=CS(=O)(=O)NCCSC2CCCCNCCN1,16,True,False,True,selfies_token_mutation
CAND_1e63ac5f26,selfies,JAK2_42d4d2b240,CC(C)(C)NS(=O)(=O)C1=CC=CC2=Cc3c(N)ncc(C(=O)NCCN4CCCCC4)c3[SH]2C=C1,AVHKZFYFQMZBOF-UHFFFAOYSA-N,True,True,True,517.721,3.2794,117.42,4,6,6,0.4304,4.432,O=C(NCCN1CCCCC1)c1cncc2c1[SH]1C=CC=CC=CC1=C2,8,False,True,True,selfies_token_mutation
CAND_e64cc632ea,selfies,JAK2_42d4d2b240,C[SH]1C=C2CC1CCN2CCNC(=O)SN=C=NC(N)=CC=CC1=CC(=CS(=O)(=O)NC(C)(C)C)C1,UUYAMNJWZNFWIW-UHFFFAOYSA-N,True,True,True,552.792,3.7567,129.25,4,8,9,0.1492,4.502,C=C1C=C(C=CC=CN=C=NSC(=O)NCCN2CCC3CC2=CS3)C1,6,False,False,True,selfies_token_mutation
CAND_c6cf1ee075,selfies,JAK2_42d4d2b240,CC(CN)C(C)NS(=O)(=O)c1ccc(-c2cc3c(N)ncc(C(=O)NCCN4CCCCC4)c3s2)cc1,JAWYJFWRBAKQDD-UHFFFAOYSA-N,True,True,True,544.747,3.0228,143.44,4,8,10,0.3071,4.832,O=C(NCCN1CCCCC1)c1cncc2cc(-c3ccccc3)sc12,6,False,False,True,selfies_token_mutation
CAND_5ccc8bbff8,selfies,JAK2_42d4d2b240,C=C1CCCNC1CNC(=O)C12C=NC(N)=CC=CC(S1)c1ccc(cc1)S(=O)(=O)NC(C)(C)C2,RNZAQTVADRTIKW-UHFFFAOYSA-N,True,True,True,515.705,2.5254,125.68,4,7,3,0.4586,4.746,C=C1CCCNC1CNC(=O)C12C=NC=CC=CC(S1)c1ccc(cc1)S(=O)(=O)NCC2,11,False,True,True,selfies_token_mutation
CAND_13070c5028,selfies,JAK2_42d4d2b240,CC1(C)CC2=CC=C(C=C[SH]3C4=C5CCCCN5CCNC(=O)SOCC=NC(=C23)N4)S(=O)(=O)N1,YCPDRPBVZGSTCX-UHFFFAOYSA-N,True,True,True,537.733,3.313,112.13,4,8,0,0.2771,4.693,O=C1NCCN2CCCCC2=C2NC(=C3C4=CC=C(C=C[SH]23)S(=O)(=O)NCC4)N=CCOS1,14,True,False,True,selfies_token_mutation
CAND_f613c77d25,selfies,JAK2_42d4d2b240,CC1(C)CC(C(=O)NF)C=NC(N)=CCC=CC=CC=CS(=O)(=O)N1,LZJBRMSFPREYNM-UHFFFAOYSA-N,True,True,True,370.45,1.5921,113.65,3,5,1,0.6083,2.939,O=S1(=O)C=CC=CC=CCC=CN=CCCCN1,16,True,False,True,selfies_token_mutation
CAND_d98c40800e,selfies,JAK2_42d4d2b240,CC1(C)CC23SC(=CC=C(N)N=C2CCCCCCNCCNC3N)c2ccc(cc2)S(=O)(=O)N1,IVJZOBQYFWNNBF-UHFFFAOYSA-N,True,True,True,518.753,2.6429,134.63,5,8,0,0.3563,4.838,O=S1(=O)NCCC23CNCCNCCCCCCC2=NC=CC=C(S3)c2ccc1cc2,13,True,False,True,selfies_token_mutation
CAND_3ddfa04cc2,selfies,JAK2_42d4d2b240,CC(C)=CCCNS(=O)(=O)c1ccc(-c2cc3c(N)ncc(C(=O)NCCN4CCCCC4)c3s2)cc1,XBUNUVIPVBAIHH-UHFFFAOYSA-N,True,True,True,541.743,4.3958,117.42,3,7,10,0.2588,4.315,O=C(NCCN1CCCCC1)c1cncc2cc(-c3ccccc3)sc12,6,False,False,True,selfies_token_mutation
CAND_a74bd9ef2b,selfies,JAK2_42d4d2b240,CC(C)(C)NS(=O)(=O)c1ccc(-c2cc3c(N)ncc(C(=O)NCCN4CCCOC4)c3s2)cc1,PRLQTSGSTRSSEV-UHFFFAOYSA-N,True,True,True,517.677,3.0319,126.65,3,8,7,0.4396,3.807,O=C(NCCN1CCCOC1)c1cncc2cc(-c3ccccc3)sc12,6,False,False,True,selfies_token_mutation
CAND_4c6f1c6471,selfies,JAK2_f59a16ca04,N#CC=Cc1cncn1C=NC=CNC(=O)N[CH]CF,QLMBGGZMMNSGLN-UHFFFAOYSA-N,True,True,True,275.267,1.198,95.1,2,4,6,0.4636,2.0,c1c[nH]cn1,5,False,False,True,selfies_token_mutation
CAND_f3483e6859,selfies,JAK2_f59a16ca04,N#CNC=C1C=CN=CN(C=NC=CNC(=O)NC(C=N)[C@@H]2CCOc3c(F)ccnc32)C=C1,XIOZTXJXYZKLAQ-KKFHFHRHSA-N,True,True,True,463.477,2.2295,150.88,4,8,7,0.2107,4.255,C=C1C=CN=CN(C=NC=CNC(=O)NC[C@@H]2CCOc3cccnc32)C=C1,8,False,True,True,selfies_token_mutation
CAND_a07117a3aa,selfies,JAK2_f59a16ca04,NOCC=CC=CN=CN1C=NC2NC(=O)N([C@@H]3CCOc4c(F)cccc43)C2=N1,RTFWKOXLRFVECI-LDCVWXEPSA-N,True,True,True,413.413,1.6465,117.14,2,7,6,0.3183,3.602,O=C1NC2N=CNN=C2N1[C@@H]1CCOc2ccccc21,6,False,False,True,selfies_token_mutation
CAND_3e0306420b,selfies,JAK2_f59a16ca04,N#CC=CC=CN=CNC=NC=C1NC(=O)N([C@@H]2CCOc3c(F)cccc32)C1=N,VUOKLBQXOCSKIJ-QGZVFWFLSA-N,True,True,True,407.409,2.7329,125.96,3,6,6,0.29,3.069,C=C1NC(=O)N([C@@H]2CCOc3ccccc32)C1=N,6,False,False,True,selfies_token_mutation
CAND_5c85722d7a,selfies,JAK2_f59a16ca04,C=CN(C=NC=CC=CC#N)C=NC1=CNC2CC=CC=C1C2=O,IZVCTQPOSAKFJW-UHFFFAOYSA-N,True,True,True,319.368,2.3506,80.85,1,5,6,0.3526,2.5,O=C1C2=CC=CCC1NC=C2,7,False,False,True,selfies_token_mutation
CAND_a7288779e7,selfies,JAK2_f59a16ca04,N#CC=CC=CN=CNC=NC=CNC(=O)N1[CH]CCOC(F)C=CC=C1,AQWNKAUZQXLYTM-UHFFFAOYSA-N,True,True,True,371.396,2.6565,102.11,2,5,6,0.3242,2.869,[CH]1CCOCC=CC=CN1,10,False,True,True,selfies_token_mutation
CAND_1de66c8753,selfies,JAK2_f59a16ca04,CC1N(C=NC=CC=CC#N)C=NC=CNC(=O)N1[C@@H]1CCOc2c(F)cccc21,CAFNOAUIIYQWDS-LRTDYKAYSA-N,True,True,True,408.437,3.4438,93.32,1,5,4,0.3574,3.575,O=C1NC=CN=CNCN1[C@@H]1CCOc2ccccc21,9,False,True,True,selfies_token_mutation
CAND_d9b3955886,selfies,JAK2_f59a16ca04,C=C1C(=CC#N)C=CN=CN1C=NC=CNC(=O)N[C@H]1C=CC=CC(F)=COCC1,CFQQJCMCMOSFNC-FQEVSTJZSA-N,True,True,True,408.437,3.3186,102.11,2,5,4,0.4232,3.075,C=C1C=CN=CN(C=NC=CNC(=O)N[C@H]2C=CC=CC=COCC2)C1=C,10,False,True,True,selfies_token_mutation
CAND_57e59f96fd,selfies,JAK2_f59a16ca04,CCN(C=NC=CC=CC#N)c1ncc2[nH]c(=O)n([C@@H]3CCOc4c(F)cccc43)c2n1,ONHGDZLJQPYIIE-GOSISDBHSA-N,True,True,True,433.447,3.0787,112.19,1,6,6,0.2767,3.464,O=c1[nH]c2cncnc2n1[C@@H]1CCOc2ccccc21,6,False,False,True,selfies_token_mutation
CAND_1f072e5757,selfies,JAK2_f59a16ca04,C=CN(C=NC=CC=CC#N)C=N[SH]=CNF,RRDCRKJRFZMJCN-UHFFFAOYSA-N,True,True,True,253.306,1.6963,63.78,2,3,7,0.138,1.875,,0,False,False,True,selfies_token_mutation
CAND_db9bceda82,selfies,JAK2_bb041e75cb,C=CC(C=NC(=NF)Nc1ccc(N2CCOCC2)cc1)=CC=CNC(C)=O,WAQZJIQVJQEWRL-UHFFFAOYSA-N,True,True,True,385.443,3.0086,78.32,2,4,6,0.4483,2.447,c1ccc(N2CCOCC2)cc1,6,False,False,True,selfies_token_mutation
CAND_22182d26f0,selfies,JAK2_bb041e75cb,C=CC(=CC=CNC(C=CCC)N=CC1=CC=CN(C(C)=O)C1)N1CCOCC1,XTCPOZZPSQRGMW-UHFFFAOYSA-N,True,True,True,396.535,3.1571,57.17,1,5,9,0.3695,3.134,C(C=CN1CCOCC1)=CNCN=CC1=CC=CNC1,6,False,False,True,selfies_token_mutation
CAND_99eae9f210,selfies,JAK2_bb041e75cb,CC(=O)N1C=CC=C2C=NCN3C=CC4=CCOCC4C=CC3=NC=C2CC=C1,CYOYEDNTJIDWCA-UHFFFAOYSA-N,True,True,True,388.471,3.475,57.5,0,5,0,0.6384,2.964,C1=CNC=CCC2=CN=C3C=CC4COCC=C4C=CN3CN=CC2=C1,9,False,True,True,selfies_token_mutation
CAND_4616641e82,selfies,JAK2_bb041e75cb,O=C1NC=CC23C=NC(NCl)N=NC=CC12C=CC3,SWVLKGLWYKLARO-UHFFFAOYSA-N,True,True,True,277.715,1.6399,78.21,2,5,1,0.5645,3.125,O=C1NC=CC23C=NCN=NC=CC12C=CC3,9,False,True,True,selfies_token_mutation
CAND_ffefd7080a,selfies,JAK2_bb041e75cb,O=C1CC2=CC=CN1C=CCC=CNC1=CC3COCC=C3C=CNC1N=CC2,GBYCDYSKPVVGRQ-UHFFFAOYSA-N,True,True,True,390.487,3.0401,65.96,2,5,0,0.6673,3.925,O=C1CC2=CC=CN1C=CCC=CNC1=CC3COCC=C3C=CNC1N=CC2,15,True,False,True,selfies_token_mutation
CAND_144560b2ee,selfies,JAK2_bb041e75cb,C=CC1=CC=CNSC(=O)c2c(C)c[nH]c2N=C1,RSEJLUXWHALYMN-UHFFFAOYSA-N,True,True,True,259.334,3.0431,57.25,2,4,1,0.7621,2.125,O=C1SNC=CC=CC=Nc2[nH]ccc21,11,False,True,True,selfies_token_mutation
CAND_cf6da14732,selfies,JAK2_bb041e75cb,CCCOCNc1cccn(C(Cl)N=C2CC2=CC=CNC(C)=O)c1=N,CHOJPXIBZHHTGO-UHFFFAOYSA-N,True,True,True,377.876,2.8794,91.5,3,5,9,0.2672,3.03,C=C1CC1=NCn1ccccc1=N,6,False,False,True,selfies_token_mutation
CAND_279bcf4cf5,selfies,JAK2_bb041e75cb,CC(=O)NC=CC=C1CC=CC2CN(CCO2)c2ccc(cc2)Nc2nccc1n2,YKSPEWKCYYZVBC-UHFFFAOYSA-N,True,True,True,403.486,3.4185,79.38,2,6,2,0.7484,4.197,C=C1CC=CC2CN(CCO2)c2ccc(cc2)Nc2nccc1n2,15,True,False,True,selfies_token_mutation
CAND_31a00de557,selfies,JAK2_bb041e75cb,C=CN(C=CN=NC(=NC=CC)NC=C1C=C=NN2CCOCC2C=C1)C(C)=O,KXSXNCDXNZVJIS-UHFFFAOYSA-N,True,True,True,395.467,2.6764,94.25,1,6,5,0.4399,3.128,C=C1C=C=NN2CCOCC2C=C1,8,False,True,True,selfies_token_mutation
CAND_b83f62bd50,selfies,JAK2_bb041e75cb,C=CCC1=C(NC=C2C=C(O)CC2C=CNC)N=CPC=C1C=CNC(C)=O,GEKNRCUKKYYONE-UHFFFAOYSA-N,True,True,True,398.447,3.6966,85.75,4,5,8,0.371,3.269,C1=CPC=NC(NC=C2C=CCC2)=C1,7,False,False,True,selfies_token_mutation
CAND_3302318d1a,selfies,JAK2_f94799c74c,COC=C1C(C=c2ncc3c(n2)C(C=C2C=CC(CC(=O)NC4CCO[SH](=O)(Cl)C4)=C2)=CC=3)=CC(OC)=C1OC,NKBNAPAWKBSKFY-UHFFFAOYSA-N,True,True,True,584.094,2.2126,108.87,2,8,8,0.2724,4.751,C=C1C=CC=C1C=c1ncc2c(n1)C(C=C1C=CC(CC(=O)NC3CCOS(=O)C3)=C1)=CC=2,6,False,False,True,selfies_token_mutation
CAND_a32499ad0a,selfies,JAK2_f94799c74c,C=S1(=O)CCC1(C=O)Cc1cccc2c3nc4c(cc3ncccc=2cc1)=CC(OC)=C(O)COC=4,XJVFLOUQJYKFCX-UHFFFAOYSA-N,True,True,True,502.592,2.044,98.61,1,7,4,0.4307,4.548,C=S1(=O)CCC1Cc1cccc2c3nc4c(cc3ncccc=2cc1)=CC=CCOC=4,8,False,True,True,selfies_token_mutation
CAND_b5f30528eb,selfies,JAK2_f94799c74c,COC1=C(OC)COc2cc(c3c(n2)C2=CC(=CC=NC=3)C=CC3C[SH](=O)(C=O)CC3NCC=C2)=C1,GZAJZRMOEBBLFH-UHFFFAOYSA-N,True,True,True,507.612,0.812,99.11,2,8,3,0.4616,4.451,O=S1CC2C=CC3=CC=NC=c4c(nc5cc4=CC=CCO5)C(=C3)C=CCNC2C1,11,False,True,True,selfies_token_mutation
CAND_e2a35de6fe,selfies,JAK2_f94799c74c,COC=C1C(C=c2ncc3c(n2)C(C=C2C=CC(CC(=O)N4CCS(=O)(=O)CC4)=NC2)=CC=3)=CC(OC)=C1OCl,BUNGPRGTISQORG-UHFFFAOYSA-N,True,True,True,583.066,1.5176,120.28,0,9,7,0.4439,4.37,C=C1C=CC=C1C=c1ncc2c(n1)C(C=C1C=CC(CC(=O)N3CCS(=O)(=O)CC3)=NC1)=CC=2,6,False,False,True,selfies_token_mutation
CAND_f622c608da,selfies,JAK2_f94799c74c,COC1=C(OC)C2CC(c3ccc(CC(=O)N4CCS(=O)(=O)CC4)cc3)=CC=CC=NC=CC1C=CO2,NEOISTNHBNOMGK-UHFFFAOYSA-N,True,True,True,524.639,3.447,94.5,0,7,5,0.5858,5.295,O=C(Cc1ccc(C2=CC=CC=NC=CC3C=COC(C=C3)C2)cc1)N1CCS(=O)(=O)CC1,13,True,False,True,selfies_token_mutation
CAND_8a3dc31680,selfies,JAK2_f94799c74c,C=CC(=CC=CC1=CC=CC=NC=CC(=CC(=CC)OC)C=COCN=C1)CCOC=O,KJJKLTAKMUWEFB-UHFFFAOYSA-N,True,True,True,434.536,5.334,69.48,0,6,9,0.2127,4.212,C=C1C=CN=CC=CC=CC=NCOC=C1,15,True,False,True,selfies_token_mutation
CAND_a4d0c1e555,selfies,JAK2_f94799c74c,CCCS(=O)(=O)CCC(=O)CC1=CC=CC(=CC=CC=NC=CC2C=COCC(OC)=C2NC)C1C,JDXORSHJNCVHBC-UHFFFAOYSA-N,True,True,True,514.688,4.5974,94.06,1,7,13,0.3612,4.415,C(=CC=C1C=CC=CC1)C=NC=CC1C=CCOC=C1,7,False,False,True,selfies_token_mutation
CAND_28e730d577,selfies,JAK2_f94799c74c,COC1=CC2(C=CN=CC=CC=C3C=CC=CC(=O)N4CCS(=O)(=O)CC4C=C3C=N2)C=COC1,RHOYWSRHXPDZPQ-UHFFFAOYSA-N,True,True,True,493.585,2.6289,97.63,0,7,1,0.5595,4.623,O=C1C=CC=CC2=CC=CC=NC=CC3(C=CCOC=C3)N=CC2=CC2CS(=O)(=O)CCN12,12,True,False,True,selfies_token_mutation
CAND_8335d88383,selfies,JAK2_f94799c74c,COC=C1C(C=c2ncc3c(n2)C(C=C2C=C(CC(=O)N4CCS(=O)(=O)CC4)C=CS2)=CC=3)=CC(OC)=C1OC,XGQAQEXRURGUGB-UHFFFAOYSA-N,True,True,True,579.7,2.1272,107.92,0,9,7,0.4492,4.351,C=C1C=CC=C1C=c1ncc2c(n1)C(C=C1C=C(CC(=O)N3CCS(=O)(=O)CC3)C=CS1)=CC=2,6,False,False,True,selfies_token_mutation
CAND_3d07744864,selfies,JAK2_f94799c74c,COC1=C(OC)C23N=C2C2=CC4=CC=NC=CC(=C1)C(=CO3)C=CC4C#CC=C2,SDASTRHHOOMRDE-UHFFFAOYSA-N,True,True,True,382.419,3.6923,52.41,0,5,2,0.6847,3.63,C1#CC2C=CC3=COC45C=CC=C3C=CN=CC=C2C=C(C=C1)C4=N5,11,False,True,True,selfies_token_mutation
CAND_7bae8641a7,selfies,JAK2_f94799c74c,COC=C1C(Cc2cnc3cccc(-c4ccc(CC(=O)N5CCS(=O)(=O)CC5)cc4)c3n2)=CC(OC)=C1OC,PSHZBDTYCRBURO-UHFFFAOYSA-N,True,True,True,561.66,3.6135,107.92,0,8,8,0.3841,4.376,C=C1C=CC=C1Cc1cnc2cccc(-c3ccc(CC(=O)N4CCS(=O)(=O)CC4)cc3)c2n1,6,False,False,True,selfies_token_mutation
CAND_35ff87f07a,selfies,JAK2_f94799c74c,COC=CCC=C(C=COC)c1cnc2cccc(-c3ccc(CC(=O)N4CCS(=O)(=O)CC4)cc3)c2n1,GJFYPTSYKBDXRV-UHFFFAOYSA-N,True,True,True,533.65,4.19,98.69,0,7,9,0.3004,4.145,O=C(Cc1ccc(-c2cccc3nccnc23)cc1)N1CCS(=O)(=O)CC1,6,False,False,True,selfies_token_mutation
CAND_4527d8f6bf,selfies,JAK2_3b7ac4b7ff,CN1CCC[C@@H]1C(=O)NC=C1C=CC(c2ccnc(Nc3ccc(N4CCOCC4)nc3)n2)=CO1,QEWKSPHCCQYSPN-JOCHJYFZSA-N,True,True,True,475.553,2.4309,104.74,2,9,6,0.6517,3.898,O=C(NC=C1C=CC(c2ccnc(Nc3ccc(N4CCOCC4)nc3)n2)=CO1)[C@H]1CCCN1,6,False,False,True,selfies_token_mutation
CAND_0c841e326f,selfies,JAK2_3b7ac4b7ff,C=CCOCCNC1=CC=CNC2(C)CN3CCC[C@@H]3C(=O)NC=CC1=C(N)C=CC=N2,SRLRXNPABPWUNH-LETIRJCYSA-N,True,True,True,438.576,1.4433,104.01,4,7,6,0.3697,4.942,O=C1NC=CC2=CC=CC=NC(CN3CCC[C@H]13)NC=CC=C2,14,True,False,True,selfies_token_mutation
CAND_6eec4980ac,selfies,JAK2_3b7ac4b7ff,O=C(Nc1ccc(-c2ccnc(Nc3ccc(N4CCOCC4)cc3)n2)cc1)[C@H]1CCNC1,MBXBJDNOYYRDNF-IBGZPJMESA-N,True,True,False,444.539,3.2718,91.41,3,7,6,0.5375,3.725,O=C(Nc1ccc(-c2ccnc(Nc3ccc(N4CCOCC4)cc3)n2)cc1)[C@H]1CCNC1,6,False,False,True,selfies_token_mutation
CAND_bb10305889,selfies,JAK2_3b7ac4b7ff,[CH]C1(C(=O)NC=CC2=CC=CC=NC3C=C=C(N4CCOCC4)C=C3N2C=C)CNC1,VQBRDZYPRDCEQN-UHFFFAOYSA-N,True,True,True,417.513,1.5243,69.2,2,6,5,0.6643,3.75,O=C(NC=CC1=CC=CC=NC2C=C=C(N3CCOCC3)C=C2N1)C1CNC1,9,False,True,True,selfies_token_mutation
CAND_01b79cb553,selfies,JAK2_3b7ac4b7ff,CN1CCC[C@@H]1C(=O)N1C=CC=C(C=CC=NC2(C)C=CCCOCCC(N)=CC=CN2)C1,LIUZPXIHOSHETM-RMVMEJTISA-N,True,True,True,451.615,3.0186,83.19,2,6,4,0.5072,4.515,O=C([C@H]1CCCN1)N1C=CC=C(C=CC=NC2C=CCCOCCC=CC=CN2)C1,13,True,False,True,selfies_token_mutation
CAND_7ce6d4b6bb,selfies,JAK2_3b7ac4b7ff,CC1N=CC=CC2=CC=CNC(=O)[C@H]3CCNC13C2,AAMWVWGLCFRAMI-GLWUULTISA-N,True,True,True,257.337,1.3238,53.49,2,3,0,0.6875,3.0,O=C1NC=CC=C2C=CC=NCC3(C2)NCC[C@H]13,9,False,True,True,selfies_token_mutation
CAND_2662daeec8,selfies,JAK2_3b7ac4b7ff,CN1CCC[C@@H]1C(=O)NC=CC1=C(C=C2C=NC=C(Nc3ccc(N4CCOCC4)cc3)N2)C=CC1,QOBJHFCFAFWKRP-AREMUKBSSA-N,True,True,True,486.62,3.2725,81.23,3,7,7,0.549,4.084,O=C(NC=CC1=C(C=C2C=NC=C(Nc3ccc(N4CCOCC4)cc3)N2)C=CC1)[C@H]1CCCN1,6,False,False,True,selfies_token_mutation
CAND_afdd5aed32,selfies,JAK2_3b7ac4b7ff,O=C(NC=CC#CC=CC=NC(N=NF)NC=CC=C1C=CC2COCCN12)[C@H]1CCNC1,RROTXENBDFUVDN-YGWXTMFKSA-N,True,True,True,453.522,1.7343,102.71,3,8,8,0.2952,4.075,O=C(NC=CC#CC=CC=NCNC=CC=C1C=CC2COCCN12)[C@H]1CCNC1,6,False,False,True,selfies_token_mutation
CAND_c67bc652e0,selfies,JAK2_aab6d9dd88,[NH]NC1(NC=NC2=NNC3=CC=C3Cc3ccccc3CC(=O)N3CCN2CC3)C=CC1,WWFFKUOJFMYEGR-UHFFFAOYSA-N,True,True,True,431.524,0.6755,108.16,3,6,3,0.2144,4.478,O=C1Cc2ccccc2CC2=CC=C2NN=C(N=CNC2C=CC2)N2CCN1CC2,14,True,False,True,selfies_token_mutation
CAND_fb9212c79e,selfies,JAK2_aab6d9dd88,CCC(=N[NH])NC=NC1(NCCN(CCF)C(=O)Cc2ccccc2C)[SH]=Nn2cccc21,VWZLWFFQXFAAMQ-UHFFFAOYSA-N,True,True,True,473.602,1.9367,110.18,3,5,11,0.2007,4.062,O=C(Cc1ccccc1)NCCNC1[SH]=Nn2cccc21,6,False,False,True,selfies_token_mutation
CAND_ffb659a1f6,selfies,JAK2_aab6d9dd88,C=CC=CCC(=O)CN=CCNC12N=CNC3=NNC1(C=C3)c1cccn12,UMDPAHFKWVFMCE-UHFFFAOYSA-N,True,True,True,363.425,0.7735,95.17,3,7,8,0.4697,4.275,C1=CC23NN=C1NC=NC2n1cccc13,8,False,True,True,selfies_token_mutation
CAND_fb8f1ef8d7,selfies,JAK2_aab6d9dd88,C=CN(CCSNc1n[nH]ccccn1OCNC1(N[NH])C=CC1)C(=O)Cc1ccccc1C,GKJQZASDQGBCKY-UHFFFAOYSA-N,True,True,True,483.622,2.3383,123.04,4,7,13,0.1134,4.742,O=C(Cc1ccccc1)NCCSNc1n[nH]ccccn1OCNC1C=CC1,8,False,True,True,selfies_token_mutation
CAND_287a63e33e,selfies,JAK2_aab6d9dd88,C=CN(CCNc1nc(Nc2cc(C)[nH]n2)c2cccn2n1)C(=O)Cc1ccccc1C,VOTCTKNOCLDPPH-UHFFFAOYSA-N,True,True,True,430.516,3.4395,103.24,3,6,9,0.3759,3.572,O=C(Cc1ccccc1)NCCNc1nc(Nc2cc[nH]n2)c2cccn2n1,6,False,False,True,selfies_token_mutation
CAND_dc040f5b9e,selfies,JAK2_aab6d9dd88,Cc1ccccc1CC(=O)N1CCN(c2nc(Nc3cc[nH]n3)c3cccn3n2)CC1,OOILMJMEGUVJLK-UHFFFAOYSA-N,True,True,True,416.489,2.3957,94.45,2,6,5,0.5189,3.194,O=C(Cc1ccccc1)N1CCN(c2nc(Nc3cc[nH]n3)c3cccn3n2)CC1,6,False,False,True,selfies_token_mutation
CAND_ad86586c1d,selfies,JAK2_aab6d9dd88,Cc1ccccc1CC(=O)N1CCNC2(N=CNC3=NNC(C=C3)c3cccn32)C1=N,IQCSIGNRJQXGID-UHFFFAOYSA-N,True,True,True,416.489,1.2041,109.9,4,7,2,0.5898,3.819,N=C1N(C(=O)Cc2ccccc2)CCNC12N=CNC1=NNC(C=C1)c1cccn12,10,False,True,True,selfies_token_mutation
CAND_76dc801e5b,selfies,JAK2_aab6d9dd88,C=CC=CONON=C(N=CNC1(N[NH])C=CC1)N1CCN(C(=O)Cc2ccccc2C)CC1,SVJKHOBREUHLAE-UHFFFAOYSA-N,True,True,True,467.554,1.1668,126.62,3,6,10,0.0689,3.903,N=C(N=CNC1C=CC1)N1CCN(C(=O)Cc2ccccc2)CC1,6,False,False,True,selfies_token_mutation
CAND_848c311bac,selfies,JAK2_2fb115c7c6,CS(=O)(=O)C=CC=CC1=CC=CNN=CNC2=CC=CC2CC(=O)OSN=C1,NXEUFEUVUFTZJV-UHFFFAOYSA-N,True,True,True,420.516,2.3143,109.22,2,9,3,0.4096,3.717,O=C1CC2C=CC=C2NC=NNC=CC=CC=NSO1,16,True,False,True,selfies_token_mutation
CAND_903e0e04b6,selfies,JAK2_2fb115c7c6,CS(=O)(=O)c1cccc(Nc2ncn(C3=CCC(=CC=C[SH](=O)=O)C3)n2)c1,IAMWGGMFYSPIEO-UHFFFAOYSA-N,True,True,True,406.489,2.1114,111.02,2,7,6,0.7069,2.814,C=C1CC=C(n2cnc(Nc3ccccc3)n2)C1,6,False,False,True,selfies_token_mutation
CAND_256e3793d1,selfies,JAK2_2fb115c7c6,C=CNC1=NNC2=CC=C(C3=CC=CS(=O)(=O)C3)C=NC2([SH](C)(=O)N=O)C=C1,IDJJHXSFPQVLIK-UHFFFAOYSA-N,True,True,True,421.504,0.9798,129.42,3,8,4,0.4583,2.897,O=S1(=O)C=CC=C(C2=CC=C3NN=CC=CC3N=C2)C1,7,False,False,True,selfies_token_mutation
CAND_57df00bcee,selfies,JAK2_2fb115c7c6,C=NC1C=CC=C(NC2=NNC=CC=CC3=CC=CS(=O)(=O)C32)COC(=O)S1,WHDDCAQDMACFSB-UHFFFAOYSA-N,True,True,True,418.5,2.1499,109.22,2,9,2,0.5223,3.381,O=C1OCC(NC2=NNC=CC=CC3=CC=CS(=O)(=O)C32)=CC=CCS1,9,False,True,True,selfies_token_mutation
CAND_47a6ab289b,selfies,JAK2_2fb115c7c6,CS(=O)(=O)C1=CC(Nc2nc3c(-c4ccc(S(C)(=O)=O)cc4)cccn3n2)=C=NC1,WXCDFTORNJELEF-UHFFFAOYSA-N,True,True,True,443.51,1.7074,122.86,1,8,5,0.6367,3.145,C1=NCC=CC=1Nc1nc2c(-c3ccccc3)cccn2n1,6,False,False,True,selfies_token_mutation
CAND_41bbd000fb,selfies,JAK2_2fb115c7c6,C=CC(C=CC=CNN=CNc1cccc(S(C)(=O)=O)c1)=CC=CS(C)(=O)=O,KCACATXGJAQDSN-UHFFFAOYSA-N,True,True,True,421.544,2.7755,104.7,2,6,10,0.2605,2.897,c1ccccc1,6,False,False,True,selfies_token_mutation
CAND_2fb115c7c6,selfies,JAK2_2fb115c7c6,CS(=O)(=O)c1ccc(-c2cccn3nc(Nc4cccc(S(C)(=O)=O)c4)nc23)cc1,HNQDVIYDZGTLTL-UHFFFAOYSA-N,True,True,False,442.522,2.9469,110.5,1,7,5,0.5058,3.139,c1ccc(Nc2nc3c(-c4ccccc4)cccn3n2)cc1,6,False,False,True,selfies_token_mutation
CAND_56c5007c9d,selfies,JAK2_2fb115c7c6,CS(=O)S1=CCC(c2cccn3nc(Nc4cccc(S(C)(=O)=O)c4)nc23)=CC=C1,CALXWYGIDBKMRF-UHFFFAOYSA-N,True,True,True,460.606,3.5418,93.43,1,6,5,0.4624,3.739,C1=C[SH]=CCC(c2cccn3nc(Nc4ccccc4)nc23)=C1,7,False,False,True,selfies_token_mutation
CAND_130737d8e5,selfies,JAK2_2fb115c7c6,CS(=NC=O)C1=CC(=CNC2=NNC=CC(=CC=CC=CS(C)(=O)=O)C=N2)C=C1,NEJQLXCIFJPZNV-UHFFFAOYSA-N,True,True,True,431.543,2.0013,112.35,2,7,6,0.4934,3.453,C=C1C=CNN=C(NC=C2C=CC=C2)N=C1,8,False,True,True,selfies_token_mutation
CAND_4bdbaa99b8,selfies,JAK2_2fb115c7c6,CS(=O)(=O)c1cccc(Nc2nc3n(n2)S3(C)(=O)C=O)c1,XXEBUZFNHJZCON-UHFFFAOYSA-N,True,True,True,328.375,0.2009,111.02,1,7,4,0.6302,2.25,O=S1c2nc(Nc3ccccc3)nn21,6,False,False,True,selfies_token_mutation
CAND_16b2c1be64,selfies,JAK2_2fb115c7c6,C=[SH](=O)c1ccc(-c2cccn3nc(Nc4cccc(S(C)(=O)=O)c4)nc23)cc1,AELAYKLZCQICMO-UHFFFAOYSA-N,True,True,True,426.523,2.8153,93.43,2,6,5,0.3765,3.3,c1ccc(Nc2nc3c(-c4ccccc4)cccn3n2)cc1,6,False,False,True,selfies_token_mutation
CAND_27b3004a91,selfies,JAK2_6eec4980ac,O=C(NC=c1ccn2c(=CC=NCNc3ccc(N4CCOCC4)cc3)sc2c1)[C@H]1CCNC1,SLUPACIYZRYEQN-FQEVSTJZSA-N,True,True,True,478.622,1.222,82.4,3,7,7,0.4452,4.04,O=C(NC=c1ccn2c(=CC=NCNc3ccc(N4CCOCC4)cc3)sc2c1)[C@H]1CCNC1,6,False,False,True,selfies_token_mutation
CAND_d5bbd7348f,selfies,JAK2_6eec4980ac,CCOCCNC1=CC=C(NC(=N)N=CCC2=CC=CNC(=O)CCNC[CH]C2)CC1,ONSVTFUSUNJVEI-UHFFFAOYSA-N,True,True,True,427.573,2.3034,110.63,5,5,8,0.2319,4.131,N=C(N=CCC1=CC=CNC(=O)CCNC[CH]C1)NC1=CC=CCC1,12,True,False,True,selfies_token_mutation
CAND_f2ab12723a,selfies,JAK2_6eec4980ac,O=C1Nc2ccc(cc2)-c2ccnc(n2)Nc2ccc(cc2)N2CCOCC2CNCC[CH]S1,ASGPDBJAOWVYNK-UHFFFAOYSA-N,True,True,True,475.598,4.5126,91.41,3,8,0,0.4375,4.348,O=C1Nc2ccc(cc2)-c2ccnc(n2)Nc2ccc(cc2)N2CCOCC2CNCC[CH]S1,22,False,False,True,selfies_token_mutation
CAND_8152675718,selfies,JAK2_6eec4980ac,FCC(=CC=CNc1nccc(-c2ccc(NC(OF)[C@H]3CCNC3)cc2)n1)N1CCOCC1,HTYHSOBZDOBULG-HSTJUUNISA-N,True,True,True,472.54,3.5034,83.57,3,8,10,0.3581,4.431,C(C=CN1CCOCC1)=CNc1nccc(-c2ccc(NC[C@H]3CCNC3)cc2)n1,6,False,False,True,selfies_token_mutation
CAND_232aad806c,selfies,JAK2_6eec4980ac,COCCNC1=CC=CN(C2=NC(C=CNC=O)=CCC=N2)C=C1,CZMDNLDVPHFTMN-UHFFFAOYSA-N,True,True,True,327.388,1.4234,78.32,2,6,7,0.5475,2.375,C1=CC=CN(C2=NC=CCC=N2)C=C1,7,False,False,True,selfies_token_mutation
CAND_691254116c,selfies,JAK2_6eec4980ac,O=C([CH]C1C=CNC1)NC=CC#CC=CC=NC(F)=NF,LQDULICNGAAGPH-UHFFFAOYSA-N,True,True,True,291.281,1.3941,65.85,2,3,4,0.3557,2.0,C1=CNCC1,5,False,False,True,selfies_token_mutation
CAND_be598fac24,selfies,JAK2_6eec4980ac,C=CC(=CC=CNC(=O)[C@H]1CCNC1)C=C1C2=NC12n1cccc(NCCOCC)c1=N,XZFDJZAMBLQISP-VEXWJQHLSA-N,True,True,True,434.544,1.8152,103.53,4,6,11,0.315,4.345,N=c1ccccn1C12N=C1C2=CC=CC=CNC(=O)[C@H]1CCNC1,6,False,False,True,selfies_token_mutation
CAND_057ed23fcc,selfies,JAK2_6eec4980ac,O=C(NC=C1C=CC=C2C=NCNC=C3C=C(NC4CCOOC4)C=C3N2C=C1)[C@H]1CCNC1,CCVMMHIAAKRSMQ-ZQRQZVKFSA-N,True,True,True,462.554,1.4723,99.25,4,8,4,0.4699,4.325,O=C(NC=C1C=CC=C2C=NCNC=C3C=C(NC4CCOOC4)C=C3N2C=C1)[C@H]1CCNC1,9,False,True,True,selfies_token_mutation
CAND_3c7af988c5,selfies,JAK2_6eec4980ac,C=CC(=CC=CNC(=O)[C@H]1CCNC1)c1ccnc(Nc2ccc(N3CCOCC3)cc2)n1,WKGVVUHDRVKXOO-FQEVSTJZSA-N,True,True,True,446.555,2.8656,91.41,3,7,8,0.5373,3.786,O=C(NC=CC=Cc1ccnc(Nc2ccc(N3CCOCC3)cc2)n1)[C@H]1CCNC1,6,False,False,True,selfies_token_mutation
CAND_96ebb95248,selfies,JAK2_6eec4980ac,O=C=NCC=CC=C1C=NC2(C=CC(N3CCOCC3)=CC=CN2)N=N1,ITLINMSXQPQQEF-UHFFFAOYSA-N,True,True,True,352.398,1.8419,91.01,1,8,4,0.6173,3.013,C=C1C=NC2(C=CC(N3CCOCC3)=CC=CN2)N=N1,8,False,True,True,selfies_token_mutation
CAND_6a12025983,selfies,JAK2_6eec4980ac,O=CNC1=CC=CC2=CC=NCNc3ccc(N4CCOCC4)cc3N2C=C1[C@H]1CCNC1,IRJARJYSJDQTFR-IBGZPJMESA-N,True,True,True,446.555,2.3604,81.23,3,7,4,0.6165,3.986,C1=CC([C@H]2CCNC2)=CN2C(=CC=NCNc3ccc(N4CCOCC4)cc32)C=C1,9,False,True,True,selfies_token_mutation
CAND_c1f6c1e0ca,selfies,JAK2_1cd957a7af,COC=C(CC1(NCO[SH]=NC=C2C=CN(c3ccccn3)C2=N)C=COC1)OC,MEAUXWSLFMFDGN-UHFFFAOYSA-N,True,True,True,431.518,2.5607,101.29,3,8,10,0.2265,3.703,N=C1C(=CN=[SH]OCNC2C=COC2)C=CN1c1ccccn1,6,False,False,True,selfies_token_mutation
CAND_effeb9c74d,selfies,JAK2_1cd957a7af,COC1COC=CC2N3CC=c4cc5n(c4=N3)-c3cccc(n3)C512,GVFMDOLEHNXWDO-UHFFFAOYSA-N,True,True,True,320.352,0.0436,51.88,0,5,1,0.7447,3.075,C1=CC2N3CC=c4cc5n(c4=N3)-c3cccc(n3)C52CCO1,7,False,False,True,selfies_token_mutation
CAND_83be550ead,selfies,JAK2_1cd957a7af,COC1=C(OC)C(NC=NC=CC=C=NCC=CC=N)C=COC1,MIELBXYMSUFUFC-UHFFFAOYSA-N,True,True,True,330.388,1.9666,88.29,2,6,9,0.3842,2.625,C1=CCOC=CC1,7,False,False,True,selfies_token_mutation
CAND_cdeea80277,selfies,JAK2_1cd957a7af,COC1=C(OC)C2=COCC2(NC=NC=CC=C2N=CCN2c2ccccn2)C1,XRABFEQIYJVBBK-UHFFFAOYSA-N,True,True,True,393.447,2.5064,80.57,1,7,7,0.5664,3.366,C(=CN=CNC12CC=CC1=COC2)C=C1N=CCN1c1ccccn1,6,False,False,True,selfies_token_mutation
CAND_f202327498,selfies,JAK2_1cd957a7af,COC1=C(OC)C(C=NC=CC=CN(Cl)c2ccccn2)C=COC1,AWKFWHJQUAORBV-UHFFFAOYSA-N,True,True,True,361.829,3.8045,56.18,0,6,7,0.4197,2.691,C(C=CNc1ccccn1)=CN=CC1C=CCOC=C1,7,False,False,True,selfies_token_mutation
CAND_718d475d5a,selfies,JAK2_1cd957a7af,COC1=C(OC)c2nc(nc3c2ccn3-c2ccccn2)NC(C=COSC)=C1,TYDSNOAWAGAALN-UHFFFAOYSA-N,True,True,True,409.471,3.8946,83.32,1,8,6,0.4849,3.58,C1=CNc2nc(c3ccn(-c4ccccn4)c3n2)C=C1,8,False,True,True,selfies_token_mutation
CAND_f41657a541,selfies,JAK2_1cd957a7af,COC1=C(OC)COC=CC(NC2=NCC3=CN(Nc4ccccn4)C3=N2)=C1,PWRMAAVYABIKQL-UHFFFAOYSA-N,True,True,True,380.408,1.8979,92.6,2,9,5,0.8059,3.294,C1=CCOC=CC(NC2=NCC3=CN(Nc4ccccn4)C3=N2)=C1,8,False,True,True,selfies_token_mutation
CAND_5e73dbbd40,selfies,JAK2_1cd957a7af,COC=C1C(OC)=C(O)C1NC=NC=C1C=CN(c2ccccn2)C1=N,VZQFJOUDXOFRTH-UHFFFAOYSA-N,True,True,True,353.382,2.2229,103.06,3,6,6,0.4116,2.769,C=C1C=CC1NC=NC=C1C=CN(c2ccccn2)C1=N,6,False,False,True,selfies_token_mutation
CAND_071dc020c6,selfies,JAK2_1cd957a7af,COC=C1C(Nc2ncc3ccn(-c4ccccn4)c3n2)=CC(OC)=NC1OC,URDHLTKOOCYWMO-UHFFFAOYSA-N,True,True,True,392.419,2.6726,95.68,1,8,5,0.667,3.111,C=C1CN=CC=C1Nc1ncc2ccn(-c3ccccn3)c2n1,6,False,False,True,selfies_token_mutation
CAND_7df26414ea,selfies,JAK2_fddab980f3,CC1C(CNN2C=C(F)C=CC2)=CN=CNC1=CC(=O)N[C@H](C)C=O,ZXYAWSXJNXMNNA-PZORYLMUSA-N,True,True,True,347.394,0.9127,85.83,3,6,6,0.4912,2.75,C=C1CC(CNN2C=CC=CC2)=CN=CN1,7,False,False,True,selfies_token_mutation
CAND_3621c298a9,selfies,JAK2_fddab980f3,C=CC(F)=NC1=NC[PH]2=C1C2=CN=CNC=CC(=O)N[C@H](C)C(=O)N1CC(C#N)C1,QLYNIPMDMIRBEP-GFCCVEGCSA-N,True,True,True,429.396,0.7699,122.31,2,6,7,0.2686,3.566,O=C(C=CNC=NC=C1C2=[PH]1CN=C2)NCC(=O)N1CCC1,5,False,False,True,selfies_token_mutation
CAND_d5a5e5e9d5,selfies,JAK2_fddab980f3,C=NNC(=O)[C@@H](C)NC(=O)c1c[nH]c2ncc(-c3ncn4cc(F)ccc34)nc12,DWEXLNOJRPDJPP-SECBINFHSA-N,True,True,True,394.37,1.2618,129.43,3,6,5,0.3466,3.122,c1ccn2cnc(-c3cnc4[nH]ccc4n3)c2c1,6,False,False,True,selfies_token_mutation
CAND_8cbc01b567,selfies,JAK2_fddab980f3,C[C@@H](NC(=O)C=CNC=NC=C(N=CF)c1ncn2cc(F)ccc12)C(=O)N1CC(C#N)C1,VMESHOMMGFCDOQ-CQSZACIVSA-N,True,True,True,454.441,1.3879,127.25,2,6,8,0.354,3.58,O=C(C=CNC=NC=Cc1ncn2ccccc12)NCC(=O)N1CCC1,6,False,False,True,selfies_token_mutation
CAND_a1ab5551a9,selfies,JAK2_fddab980f3,C[C@@H](NC(=O)C=CNC=NCl)C(=O)N1CC(C#N)C1,TWNZZLGJIYINJL-MRVPVSSYSA-N,True,True,True,283.719,-0.2415,97.59,2,4,5,0.4132,2.125,C1CNC1,4,False,False,True,selfies_token_mutation
CAND_388660ce6b,selfies,JAK2_fddab980f3,C[C@H](CC(=O)N1CC(C#N)N1)NC(=O)C=C1C=NCC(c2ncn3cc(F)ccc23)=CN=CN1,DZZOSEHUFDJBDY-IKJXHCRLSA-N,True,True,True,463.477,0.5343,139.28,3,8,5,0.5532,4.255,O=C(C=C1C=NCC(c2ncn3ccccc23)=CN=CN1)NCCC(=O)N1CCN1,9,False,True,True,selfies_token_mutation
CAND_a8eccbe482,selfies,JAK2_fddab980f3,CC(C#N)SNC(=O)[C@@H](C)NC(=O)c1c[nH]c2ncc(-c3ncn4cc(F)ccc34)nc12,WUEWUWNAZLBUJL-RRKGBCIJSA-N,True,True,True,452.475,2.2065,140.86,3,7,6,0.3809,3.819,c1ccn2cnc(-c3cnc4[nH]ccc4n3)c2c1,6,False,False,True,selfies_token_mutation
CAND_75e2efa69c,selfies,JAK2_fddab980f3,C[C@@H](NC(=O)C=C1C=NC(CN=CNC2=C(F)C[SH]=CC2)=CN=CN1)C(=O)N1CC(C#N)C1,DBMUKGBPMZCWBB-CQSZACIVSA-N,True,True,True,472.55,0.3711,134.34,4,7,7,0.1397,4.056,O=C(C=C1C=NC(CN=CNC2=CC[SH]=CC2)=CN=CN1)NCC(=O)N1CCC1,8,False,True,True,selfies_token_mutation
CAND_839a28a297,selfies,JAK2_fddab980f3,C[C@@H](NC(=O)C=C1C=NC(CN2[SH]=CN3C=C(F)C=CC32)=CN=CN1)C1CC(C#N)CN1,FWNSUUXGYGGCOB-KBDAAGQHSA-N,True,True,True,456.551,0.885,108.15,4,8,5,0.278,4.717,O=C(C=C1C=NC(CN2[SH]=CN3C=CC=CC32)=CN=CN1)NCC1CCCN1,8,False,True,True,selfies_token_mutation
CAND_9605bc5052,selfies,JAK2_fddab980f3,C=NC(=CN=CNC=CC(O)N[C@H](C)SC(=O)N1CC(C#N)C1)c1ncn2cc(F)ccc12,QOQGXSABBUKZKP-KTQQKIMGSA-N,True,True,True,470.534,2.1666,130.41,3,8,9,0.2908,4.045,O=C(SCNCC=CNC=NC=Cc1ncn2ccccc12)N1CCC1,6,False,False,True,selfies_token_mutation
CAND_8821405125,selfies,JAK2_fddab980f3,CC=C=CNC(=O)[C@@H](C)NC(=O)c1c[nH]c2ncc(-c3ncn4cc(F)ccc34)nc12,LCSQOPYSMVWVIW-UZJIDVOSSA-N,True,True,True,419.42,2.3349,117.07,3,5,5,0.4294,3.261,c1ccn2cnc(-c3cnc4[nH]ccc4n3)c2c1,6,False,False,True,selfies_token_mutation
CAND_d48ad35c28,selfies,JAK2_fddab980f3,CC1C(CN=C2CC=CC(F)=N2)=CN=CNC1=CC(=O)N[C@H](C)C=O,MRDSFJRXKVPJCW-JHJMLUEUSA-N,True,True,True,345.378,1.4518,95.28,2,5,5,0.5831,2.625,C=C1CC(CN=C2CC=CC=N2)=CN=CN1,7,False,False,True,selfies_token_mutation
CAND_3cb742cba8,selfies,JAK2_a11a9fc11d,CC1(N2C=C=CC(CN3CCCC3)=C2N)CS(=O)(=O)N2C=CC=C(C=CC=N1)C2,APURIOUHHBOUQZ-UHFFFAOYSA-N,True,True,True,413.547,1.6792,82.24,1,6,3,0.7121,3.478,O=S1(=O)CC(N2C=C=CC(CN3CCCC3)=C2)N=CC=CC2=CC=CN1C2,10,False,True,True,selfies_token_mutation
CAND_e7ab40ce3a,selfies,JAK2_a11a9fc11d,C=CC(=CC=CNS(C)(=O)=O)c1ccnc(Nc2cccc(CN3CCCC3)c2)n1,HFTTYESJZCROKP-UHFFFAOYSA-N,True,True,True,425.558,3.4483,87.22,2,6,9,0.5986,3.295,c1cnc(Nc2cccc(CN3CCCC3)c2)nc1,6,False,False,True,selfies_token_mutation
CAND_18b87b8e98,selfies,JAK2_a11a9fc11d,C=CC1=C(C=CNS(C)(=O)=O)N=C(NC=CC=CC(N)CCCCl)N=CC=C1,HZCJCXKYXLWMSZ-UHFFFAOYSA-N,True,True,True,423.97,2.4918,108.94,3,6,10,0.3701,3.661,C1=CC=NC=NC=C1,8,False,True,True,selfies_token_mutation
CAND_48a9d80e31,selfies,JAK2_a11a9fc11d,CS(=O)(=O)N1C=CC(c2ccnc(Nc3cccc(CN4CCCC4)c3)n2)=CC1,LJGPHPYKOZEQRC-UHFFFAOYSA-N,True,True,True,411.531,2.9883,78.43,1,6,6,0.7874,3.092,C1=CC(c2ccnc(Nc3cccc(CN4CCCC4)c3)n2)=CCN1,6,False,False,True,selfies_token_mutation
CAND_0f62a31c36,selfies,JAK2_a11a9fc11d,C=CN1CC(=CN=N)C=CC=CNC2(C)CS(=O)(=O)NC=CC=C(C=CC=N2)CN1,GIRLRIKBBGYYOK-UHFFFAOYSA-N,True,True,True,429.55,2.2408,122.04,4,8,2,0.5016,3.642,C=C1C=CC=CNC2CS(=O)(=O)NC=CC=C(C=CC=N2)CNNC1,16,True,False,True,selfies_token_mutation
CAND_534af30563,selfies,JAK2_a11a9fc11d,CS(=O)(=O)NC=CC1=C(C=CC2=NC(NC=CC=CC(=C=NN)CN3CCCC3)=N2)C=C1,ZZQQSBZJPSTFOF-UHFFFAOYSA-N,True,True,True,453.572,1.4651,124.54,3,8,10,0.1999,3.575,C=C(C=CC=CNC1=NC(C=CC2=CC=C2)=N1)CN1CCCC1,5,False,False,True,selfies_token_mutation
CAND_c037342c0a,selfies,JAK2_a11a9fc11d,CS(=O)(=O)N1C=CC=C(C=CC=NCN=NCC=CCC2CCCC2=CN)C=C1,AAHLMYMDSCERDW-UHFFFAOYSA-N,True,True,True,415.563,3.8411,100.48,1,6,9,0.3516,3.239,C=C1CCCC1CC=CCN=NCN=CC=CC1=CC=CNC=C1,7,False,False,True,selfies_token_mutation
CAND_dfb83ce3b9,selfies,JAK2_a11a9fc11d,O=S(=O)(S)Nc1ccc(-c2ccnc(Nc3cccc(CN4CCCC4)c3)n2)cc1,BUPRBBFFPAOSJT-UHFFFAOYSA-N,True,True,True,441.582,4.0695,87.22,3,6,7,0.3785,3.384,c1ccc(-c2ccnc(Nc3cccc(CN4CCCC4)c3)n2)cc1,6,False,False,True,selfies_token_mutation
CAND_1ccd8629b4,selfies,JAK2_a11a9fc11d,C=C1CCNC1C1C=CC=C2CN=CC=CC(=CC=CNS(C)(=O)=O)N=S21,ONLOSGSGXUZXHS-UHFFFAOYSA-N,True,True,True,404.561,2.1161,82.92,2,5,4,0.7043,3.803,C=C1C=CC=NCC2=CC=CC(C3NCCC3=C)S2=N1,9,False,True,True,selfies_token_mutation
CAND_44e8940bfe,selfies,JAK2_7749fd2b4f,Cc1cc(Nc2nc(N[C@@H](C)c3ccc(F)cn3)c(F)c(N3CCOCC3)n2)no1,VDBDMRSIAGSPBA-LBPRGKRZSA-N,True,True,True,417.42,3.1995,101.23,2,9,6,0.626,3.375,c1ccc(CNc2cc(N3CCOCC3)nc(Nc3ccon3)n2)nc1,6,False,False,True,selfies_token_mutation
CAND_f8e1e7ef2d,selfies,JAK2_7749fd2b4f,CC=C1NN=C1NC=NCN(N[C@@H](C)c1ccc(F)cn1)C(F)C(=N)N1CCOCC1,LXOHJYPSOBTWRB-CWQZNGJJSA-N,True,True,True,435.483,1.0893,113.26,4,8,8,0.2092,3.725,C=C1NN=C1NC=NCN(CC(=N)N1CCOCC1)NCc1ccccn1,6,False,False,True,selfies_token_mutation
CAND_260ddac1cb,selfies,JAK2_7749fd2b4f,C[C@H](NC(N=CNC1C=CCN1)=C(F)C1(N)NCOCC1=N)c1ccc(F)cn1,OADLYOFVUYHUOM-RVNWNWAHSA-N,True,True,True,406.441,0.3654,132.47,6,8,7,0.2189,3.689,N=C1COCNC1C=C(N=CNC1C=CCN1)NCc1ccccn1,6,False,False,True,selfies_token_mutation
CAND_d66afeea8f,selfies,JAK2_7749fd2b4f,C[C@H](NC(N=CNC1=NNCC=C1)=C(F)CCl)c1ccc(F)cn1,MZGDUXHVYLNIMQ-JTQLQIEISA-N,True,True,True,354.792,2.3395,73.7,3,5,6,0.4163,2.527,C=C(N=CNC1=NNCC=C1)NCc1ccccn1,6,False,False,True,selfies_token_mutation
CAND_c62b25ca3a,selfies,JAK2_7749fd2b4f,CC=C1NN=C1NC=NC(N[C@@H](C)C=C1N=CC(F)=CS1)=C(F)C(=N)N1CCOCC1,OHXBBRHCSHVOOG-LBPRGKRZSA-N,True,True,True,450.519,2.3209,109.49,4,8,6,0.3653,3.308,C=C1NN=C1NC=NC(=CC(=N)N1CCOCC1)NCC=C1N=CC=CS1,6,False,False,True,selfies_token_mutation
CAND_5aa3228d60,selfies,JAK2_7749fd2b4f,C[C@@H](C=CC=C(F)C=NF)C(Cl)N=CNC1=NNCC=C1,XWDOKUBJCRUUQY-NKUHCKNESA-N,True,True,True,315.755,2.6431,61.14,2,4,6,0.2602,2.5,C1=CCNN=C1,6,False,False,True,selfies_token_mutation
CAND_e5cb948a17,selfies,JAK2_7749fd2b4f,Cc1cc(Nc2nc(N[C@@H](C)C=CC=C(F)C=N)c(F)c(N3CCOCC3)n2)n[nH]1,PBZKFSBJAHFSEJ-LBPRGKRZSA-N,True,True,True,418.452,3.087,114.84,4,8,8,0.3847,3.38,c1cc(N2CCOCC2)nc(Nc2cc[nH]n2)n1,6,False,False,True,selfies_token_mutation
CAND_66371d3ee1,selfies,JAK2_7749fd2b4f,CC1=CC(=N[NH])NC=NC1(PN[C@@H](C)C=CC=C(F)C=N)C(F)C(=N)NN1CCOCC1,OJGMXWSIBSOOEQ-STJZUHDESA-N,True,True,True,468.473,1.6398,144.78,5,7,9,0.1149,4.283,N=C1C=CC(CC(=N)NN2CCOCC2)N=CN1,7,False,False,True,selfies_token_mutation
CAND_a406525ba0,selfies,JAK2_7749fd2b4f,Cc1cc(Nc2nc(N[C@@H](C)c3ccc(F)cn3)c(N)c(N3CCOCC3)n2)n[nH]1,XCPCOMNVHAADJA-LBPRGKRZSA-N,True,True,True,413.461,2.3777,129.9,4,9,6,0.481,3.353,c1ccc(CNc2cc(N3CCOCC3)nc(Nc3cc[nH]n3)n2)nc1,6,False,False,True,selfies_token_mutation
CAND_bd1e6b971d,selfies,JAK2_7749fd2b4f,C[C@H](Nc1nc(C2C=CCS2)nc(N2CCOCC2)c1N)c1ccc(F)cn1,IQQJRMFPHQKOKI-SFVWDYPZSA-N,True,True,True,402.499,2.9467,89.19,2,8,5,0.7382,3.417,C1=CC(c2nc(NCc3ccccn3)cc(N3CCOCC3)n2)SC1,6,False,False,True,selfies_token_mutation
CAND_38c28642c0,selfies,JAK2_7749fd2b4f,Cc1cc(Nc2nc(PN[C@@H]3C=C=C(F)C=NC3)c(F)c(N3CCOCC3)n2)n[nH]1,IBROGJGDQATLER-CYBMUJFWSA-N,True,True,True,434.391,1.4973,103.35,3,8,6,0.4677,3.719,C1=CC=NC[C@H](NPc2cc(N3CCOCC3)nc(Nc3cc[nH]n3)n2)C=1,7,False,False,True,selfies_token_mutation
CAND_e9c54ed776,selfies,JAK2_1baaacf4f4,CC1=CC=C[C@@H](NC2(Cl)N=CN(C3C=CCN3)N=C2N2CCOCC2)CN1C,DGLSQYAUTNSJFP-LRYGQEGESA-N,True,True,True,405.934,0.7177,67.73,2,8,3,0.4095,3.436,C1=CNC[C@H](NC2N=CN(C3C=CCN3)N=C2N2CCOCC2)C=C1,7,False,False,True,selfies_token_mutation
CAND_4ed8bc3405,selfies,JAK2_1baaacf4f4,C[C@H](NC(N=CNC1C=CCCN1)=C(N)Cl)c1ccc(F)cn1,UAEYALPFGGRVTP-NKUHCKNESA-N,True,True,True,338.818,1.6889,87.36,4,5,6,0.2743,2.75,C=C(N=CNC1C=CCCN1)NCc1ccccn1,6,False,False,True,selfies_token_mutation
CAND_fe141be295,selfies,JAK2_1baaacf4f4,CC(F)=CC=C[C@H](C)NC12N=CN(N=C(N3CCOCC3)C1Cl)C1=NNCC2=C1,PUIHWWZSNZYJKB-STJZUHDESA-N,True,True,True,421.908,1.544,76.85,2,8,4,0.5317,3.649,C1=NC2CC(N3CCOCC3)=NN1C1=NNCC2=C1,7,False,False,True,selfies_token_mutation
CAND_d86e8066b2,selfies,JAK2_1baaacf4f4,C[C@H](NC1=C(Cl)C(NCCOCF)CC=CCNC=N1)c1ccc(F)cn1,BBYKKDVRVQOCQC-KNVGNIICSA-N,True,True,True,399.873,2.7588,70.57,3,6,8,0.4629,3.777,C1=CCNC=NC(NCc2ccccn2)=CCC1,10,False,True,True,selfies_token_mutation
CAND_a08d87c42e,selfies,JAK2_1baaacf4f4,CC=CCc1nc(N[C@@H](C)c2ccc(F)cn2)c(Cl)c(N2CCOCC2)n1,GTTFRXSGVRBQAR-ZDUSSCGKSA-N,True,True,True,391.878,3.7924,63.17,1,6,6,0.7557,2.983,c1ccc(CNc2cc(N3CCOCC3)ncn2)nc1,6,False,False,True,selfies_token_mutation
CAND_d6ebb3b13c,selfies,JAK2_1baaacf4f4,C[C@H](NC(=CC(Cl)C(=NCl)N1CCOCC1)N=CNC12C=CC1NN2)c1ccc(F)cn1,IIYBUUBZYDHTSM-LWQLHCMOSA-N,True,True,True,483.379,1.565,98.2,4,7,8,0.1929,4.741,N=C(CC=C(N=CNC12C=CC1NN2)NCc1ccccn1)N1CCOCC1,6,False,False,True,selfies_token_mutation
CAND_ae9dbb1af0,selfies,JAK2_1baaacf4f4,CC=CC(=N[NH])NC=NC(N[CH]OCCc1ccc(F)cn1)=C(Cl)C(=N)N1CCOCC1,LHJAWYZXMOEHRJ-UHFFFAOYSA-N,True,True,True,464.933,1.9965,131.02,3,7,10,0.2099,3.389,N=C(C=CN[CH]OCCc1ccccn1)N1CCOCC1,6,False,False,True,selfies_token_mutation
CAND_5308e5ba94,selfies,JAK2_1baaacf4f4,C[C@H](NC1=C(Cl)CNCCOCC2NNCC=CCN2C=N1)c1ccc(F)cn1,DERUBGVFRVZAGD-PIVQAISJSA-N,True,True,True,423.924,1.2194,85.84,4,8,3,0.5437,4.236,C1=CCN2C=NC(NCc3ccccn3)=CCNCCOCC2NNC1,12,True,False,True,selfies_token_mutation
CAND_f5fbff23d9,selfies,JAK2_1baaacf4f4,C[C@H](NC1=C(Cl)C2NCCCC2=NN(C2C=CC2)C=N1)C1=CC=C(F)CO1,SHUMODZFORBYOG-DTVQEZCTSA-N,True,True,True,391.878,2.9203,61.25,2,6,4,0.7233,3.983,C1=CCOC(CNC2=CC3NCCCC3=NN(C3C=CC3)C=N2)=C1,8,False,True,True,selfies_token_mutation
CAND_2402c7d6ae,selfies,JAK2_1baaacf4f4,C[C@H](NC1=C(Cl)C(N2CCOCC2)=NN(C2C=CCN2)C1)c1ccc(F)cn1,CHMYHPURVJRLRM-CWQZNGJJSA-N,True,True,True,406.893,1.7685,65.02,2,7,4,0.7429,3.316,C1=CC(N2CC(NCc3ccccn3)=CC(N3CCOCC3)=N2)NC1,6,False,False,True,selfies_token_mutation
CAND_c549f4ad76,selfies,JAK2_1baaacf4f4,C[C@H](NPCN=CNOC1=NNCC=C1)c1ccc(F)cn1,VKHCLZBZPNUFOW-JTQLQIEISA-N,True,True,True,324.3,1.4447,82.93,3,6,7,0.2324,2.875,C1=CC(ONC=NCPNCc2ccccn2)=NNC1,6,False,False,True,selfies_token_mutation
CAND_6d10fdf45f,selfies,JAK2_3fc0ebe287,CONC(=O)C=CC=C1N=C(NC=NC=CC=NC=CCl)C[C@@H](c2ccccc2)N1,UFGKKKWKWFGHFC-SFHVURJKSA-N,True,True,True,426.908,3.1071,99.47,3,6,8,0.2572,3.177,C=C1N=CC[C@@H](c2ccccc2)N1,6,False,False,True,selfies_token_mutation
CAND_5cf1b6fe3f,selfies,JAK2_3fc0ebe287,CONC(=O)c1cc2c(N[C@@H](C)C3=CCCC=C3)nc(-n3cnc4ccncc43)nc2n1C,GAFNFGRJDMUQJE-AWEZNQCLSA-N,True,True,True,444.499,3.0702,111.78,2,7,6,0.4397,3.725,C1=CC(CNc2nc(-n3cnc4ccncc43)nc3[nH]ccc23)=CCC1,6,False,False,True,selfies_token_mutation
CAND_e6a3ec7385,selfies,JAK2_3fc0ebe287,COCNC(=O)c1ccc(N[C@@H](C)c2ccccc2)nc(-n2cnc3ccncc32)ncn1C,RGPNSTKTUPUTBA-KRWDZBQOSA-N,True,True,True,458.526,3.1802,111.78,2,7,7,0.4092,4.228,c1ccc(CNc2ccc[nH]cnc(-n3cnc4ccncc43)n2)cc1,9,False,True,True,selfies_token_mutation
CAND_14a683fe95,selfies,JAK2_3fc0ebe287,C[C@H](NC1C=CC(=O)NOCC=NC(n2cnc3ccncc32)=N1)c1ccccc1,DDKGTRXVSYPUEY-FUKCDUGKSA-N,True,True,True,403.446,2.0007,105.79,2,7,3,0.6958,3.672,O=C1C=CC(NCc2ccccc2)N=C(n2cnc3ccncc32)N=CCON1,11,False,True,True,selfies_token_mutation
CAND_086a0b246a,selfies,JAK2_3fc0ebe287,C[C@H](Nc1nc(-n2cnc3ccncc32)nc2c1cc(C(=O)NOCl)n2C)c1ccccc1,KTYYLJKNJZONHY-ZDUSSCGKSA-N,True,True,True,462.901,3.6905,111.78,2,7,6,0.3699,3.827,c1ccc(CNc2nc(-n3cnc4ccncc43)nc3[nH]ccc23)cc1,6,False,False,True,selfies_token_mutation
CAND_3fc0ebe287,selfies,JAK2_3fc0ebe287,CONC(=O)c1cc2c(N[C@@H](C)c3ccccc3)nc(-n3cnc4ccncc43)nc2n1C,VKQLWIKRVRNIRP-AWEZNQCLSA-N,True,True,False,442.483,3.1665,111.78,2,7,6,0.3886,3.714,c1ccc(CNc2nc(-n3cnc4ccncc43)nc3[nH]ccc23)cc1,6,False,False,True,selfies_token_mutation
CAND_09fbe3a7f3,selfies,JAK2_3fc0ebe287,CONC(=O)C=CC=C(N=C1CN(C=N)c2cnccc21)N[C@@H](C)c1ccccc1,RAXLYKIOFDXBTM-INIZCTEOSA-N,True,True,True,404.474,2.7238,102.7,3,6,8,0.2064,3.303,C=C(N=C1CNc2cnccc21)NCc1ccccc1,6,False,False,True,selfies_token_mutation
CAND_67afdb076f,selfies,JAK2_3fc0ebe287,CNC1=NC=NC(N[C@@H](C)c2ccccc2)=CCN=CC(=O)NO1,QXRKWJNQBSRQSP-LBPRGKRZSA-N,True,True,True,328.376,0.9145,99.47,3,7,3,0.7679,3.325,O=C1C=NCC=C(NCc2ccccc2)N=CN=CON1,12,True,False,True,selfies_token_mutation
CAND_c91f0d3c72,selfies,JAK2_3fc0ebe287,CONC(=O)C=C1C=C(N[C@@H](C)C2=C=C=CC=C2)N=C(Nc2ncc3cnccn23)N=CN1C,HNDGDQZVIMTBJU-INIZCTEOSA-N,True,True,True,457.498,1.6583,120.54,3,9,6,0.3427,4.097,C=C1C=C(NCC2=C=C=CC=C2)N=C(Nc2ncc3cnccn23)N=CN1,8,False,True,True,selfies_token_mutation
CAND_fff8bd19f5,selfies,JAK2_3fc0ebe287,CON1C(=O)C2SC=C(N[C@@H](C)c3ccccc3)N=C(n3cnc4ccncc43)N=C1N2C,POYTTZWUBMCKLN-PVCZSOGJSA-N,True,True,True,462.539,2.5494,100.24,1,9,4,0.636,4.325,O=C1NC2=NC(n3cnc4ccncc43)=NC(NCc3ccccc3)=CSC1N2,9,False,True,True,selfies_token_mutation
CAND_1fc82a27f2,selfies,JAK2_3fc0ebe287,CONC1Cc2c3nc(nc2N(C)C1)NC=Nc1ccncc1-c1ccccc1[C@H](C)N3,OUOGQFPAVZCURW-MLCCFXAWSA-N,True,True,True,430.516,3.3089,99.59,3,9,2,0.5328,4.597,C1=Nc2ccncc2-c2ccccc2CNc2nc(nc3c2CCCN3)N1,12,True,False,True,selfies_token_mutation
CAND_0e48386c4a,selfies,JAK2_640f6a716a,CCC(NC=CC=C1OCCCC(=O)C1=NN)C(F)=CN=CNC(C=COC)(COC)OC,MHCMZFHMOQAPMM-UHFFFAOYSA-N,True,True,True,467.542,2.0244,128.79,3,9,13,0.0937,3.903,C=C1OCCCC(=O)C1=N,7,False,False,True,selfies_token_mutation
CAND_e6e7eecae9,selfies,JAK2_640f6a716a,COC1=C(OC)C23N=C(NC=CC4=CC2NC(=O)CC(C)O4)C(F)=CN=CNC1C=CO3,GAAQOYABSPMDBF-UHFFFAOYSA-N,True,True,True,445.451,1.2349,114.8,3,9,2,0.5858,4.28,O=C1CCOC2=CC(N1)C13C=CC(C=CO1)NC=NC=CC(=N3)NC=C2,11,False,True,True,selfies_token_mutation
CAND_349248c010,selfies,JAK2_640f6a716a,COC=CC(=CC(=COC)OC)NC=NC=C(F)C(=N)Nc1cccc(N2OC(C)CCCCC2=O)n1,OAODXXBNOAPVAS-UHFFFAOYSA-N,True,True,True,516.574,4.3049,130.39,3,8,11,0.1717,4.55,O=C1CCCCCON1c1ccccn1,8,False,True,True,selfies_token_mutation
CAND_ec1d632e26,selfies,JAK2_640f6a716a,COc1cc(Nc2ncc(F)c(Nc3ccc4c(n3)NC(=O)C(C)(C)O4)n2)cc(OO)c1OC,GFFCDJDBLFRBNB-UHFFFAOYSA-N,True,True,True,472.433,3.4764,148.98,4,11,7,0.2957,3.555,O=C1COc2ccc(Nc3ccnc(Nc4ccccc4)n3)nc2N1,6,False,False,True,selfies_token_mutation
CAND_cd3f4c17f2,selfies,JAK2_640f6a716a,COC1=COCC=C2C=COC1N=C(NC=CC=CCl)C(F)=CN=CN2,DHWSWNGAVHRDIQ-UHFFFAOYSA-N,True,True,True,380.807,2.9414,76.47,2,7,3,0.7361,3.496,C1=CN=CNC2=CCOC=CC(N=C1)OC=C2,12,True,False,True,selfies_token_mutation
CAND_302284d9a1,selfies,JAK2_640f6a716a,COc1cc2cc(c1OC)OCC1(NC(=O)C(C)C)C=C(C=CNC3=NC(=NC=NC3F)N2)O1,AVAYGIIWWSDEBI-UHFFFAOYSA-N,True,True,True,472.477,2.086,127.16,3,10,4,0.5728,5.08,C1=CC2=CC(COc3cccc(c3)NC3=NC=NCC(=N3)N1)O2,15,True,False,True,selfies_token_mutation
CAND_8cfadfa8d7,selfies,JAK2_640f6a716a,COC1=C(OC)C(NC=NC=C(F)CNc2ccc3c(n2)NC(=O)C(C)(C)O3)C=COC1,KACVIHMLAXAPQW-UHFFFAOYSA-N,True,True,True,447.467,2.4487,115.33,3,8,8,0.4112,3.541,O=C1COc2ccc(NCC=CN=CNC3C=CCOC=C3)nc2N1,7,False,False,True,selfies_token_mutation
CAND_05e4528b8a,selfies,JAK2_640f6a716a,COC1=Cc2cc(OC)c(C)n2C2=NC=C(F)C(N2)N1c1cccc(NC(=O)C(C)(C)O)n1,LWNPBMUCDRCJRF-UHFFFAOYSA-N,True,True,True,456.478,2.3188,113.24,3,8,5,0.6329,3.967,C1=CC2NC(=N1)n1cccc1C=CN2c1ccccn1,8,False,True,True,selfies_token_mutation
CAND_74be6a2278,selfies,JAK2_640f6a716a,COC=C1C(NC=NC2=C(F)C(Nc3cccc(NC(=O)C(C)(N)CO)n3)=NC2)=CCC=C1OC,QFFHKXCSHCMFHW-UHFFFAOYSA-N,True,True,True,485.52,1.701,155.48,5,9,9,0.2011,3.878,C=C1C=CCC=C1NC=NC1=CC(Nc2ccccn2)=NC1,6,False,False,True,selfies_token_mutation
CAND_0f060899b9,selfies,JAK2_640f6a716a,COC=CC(Cl)NC=NC=C(F)C(=N)Nc1cccc(NC(=O)C(C)(C)CO)n1,HIBROFMISHSVGY-UHFFFAOYSA-N,True,True,True,426.88,2.5816,131.72,5,6,10,0.1284,3.177,c1ccncc1,6,False,False,True,selfies_token_mutation
CAND_660833223d,selfies,JAK2_640f6a716a,COC=CCNc1ncc(F)c(Nc2ccc3c(n2)NC(F)C(C)(C)O3)n1,OQHDQIZQANQVFU-UHFFFAOYSA-N,True,True,True,378.383,3.2048,93.22,3,8,6,0.5213,2.908,c1cc(Nc2ccc3c(n2)NCCO3)ncn1,6,False,False,True,selfies_token_mutation
CAND_2f7cbc5e7c,selfies,JAK2_c4b25f65b1,NC=NNCC=Nc1nc[nH]c1CNCc1ccccc1,TXWZKUYPPLXLFZ-UHFFFAOYSA-N,True,True,True,285.355,0.8934,103.48,4,5,8,0.2502,2.5,c1ccc(CNCc2cnc[nH]2)cc1,6,False,False,True,selfies_token_mutation
CAND_6635433624,selfies,JAK2_c4b25f65b1,CC(ONCc1ccccc1NC=N)=C1N=CC=CN1N=CN,JPMQLZNZOUNEJJ-UHFFFAOYSA-N,True,True,True,313.365,1.7179,111.12,4,6,7,0.265,2.375,C1=CNC(=CONCc2ccccc2)N=C1,6,False,False,True,selfies_token_mutation
CAND_ab336ddd9d,selfies,JAK2_c4b25f65b1,N=CC(C=Cc1c(N)nn2cccnc12)NC1CC=CC=C1N,RIOGQADQARPKMR-UHFFFAOYSA-N,True,True,True,309.377,1.1036,118.11,4,6,5,0.6169,2.875,C1=CCC(NCC=Cc2cnn3cccnc23)C=C1,6,False,False,True,selfies_token_mutation
CAND_8b53620457,selfies,JAK2_c4b25f65b1,N=CC1(C=CCNC2C=CC=C=C2N)N=CC=CN=CN1,SOSQRAJPMSMMKL-UHFFFAOYSA-N,True,True,True,282.351,0.6302,98.65,4,6,5,0.338,3.125,C1=CC=CC(NCC=CC2N=CC=CN=CN2)C=1,8,False,True,True,selfies_token_mutation
CAND_29ef611f13,selfies,JAK2_c4b25f65b1,Nc1nn2cccnc2c1C=Cc1ncnn1Cc1ccccc1,LPUGTCGMDGHSNX-UHFFFAOYSA-N,True,True,True,317.356,2.1217,86.92,1,5,4,0.6228,2.5,C(=Cc1ncnn1Cc1ccccc1)c1cnn2cccnc12,6,False,False,True,selfies_token_mutation
CAND_ea44a2e3b6,selfies,JAK2_c4b25f65b1,N=CC1(CCNCc2ccccc2)N=CC=CNN=CN1,QVSXUUUOMRYUIE-UHFFFAOYSA-N,True,True,True,284.367,1.2328,84.66,4,6,6,0.4681,3.0,C1=CNN=CNC(CCNCc2ccccc2)N=C1,9,False,True,True,selfies_token_mutation
CAND_c4b25f65b1,selfies,JAK2_c4b25f65b1,Nc1nn2cccnc2c1-c1cc(NCc2ccccc2)ncn1,SQORTIXACHFWII-UHFFFAOYSA-N,True,True,False,317.356,2.3806,94.02,2,6,4,0.6,2.5,c1ccc(CNc2cc(-c3cnn4cccnc34)ncn2)cc1,6,False,False,True,selfies_token_mutation
CAND_5201ab18ea,selfies,JAK2_c4b25f65b1,Nc1nn2cccnc2c1C=CC(Cl)NCc1ccccc1,TYTHBDVIPFQJNA-UHFFFAOYSA-N,True,True,True,313.792,2.6794,68.24,2,4,5,0.5611,2.625,C(=Cc1cnn2cccnc12)CNCc1ccccc1,6,False,False,True,selfies_token_mutation
CAND_4b516d0ddc,selfies,JAK2_c4b25f65b1,N=CC(C=Cc1c(N)nn2cccnc12)Cc1ccccc1N,GJOCBJBGLYBFLY-UHFFFAOYSA-N,True,True,True,306.373,2.4154,106.08,3,5,5,0.4968,2.625,C(=Cc1cnn2cccnc12)CCc1ccccc1,6,False,False,True,selfies_token_mutation
CAND_10c0081f2d,selfies,JAK2_c4b25f65b1,Nc1nn2cccnc2c1C1=C=C(NCc2ccccc2)NC=N1,LGNDBOQEFHTYHW-UHFFFAOYSA-N,True,True,True,317.356,1.514,92.63,3,6,4,0.6344,2.5,C1=C(NCc2ccccc2)NC=NC=1c1cnn2cccnc12,6,False,False,True,selfies_token_mutation
CAND_be33e81475,selfies,JAK2_c4b25f65b1,C1=CCOC(CNc2cc(-c3cnccnnc[nH]3)ncn2)=C1,NQHCNJSDLQXUHS-UHFFFAOYSA-N,True,True,True,309.333,1.6633,101.5,2,7,4,0.8852,2.75,C1=CCOC(CNc2cc(-c3cnccnnc[nH]3)ncn2)=C1,9,False,True,True,selfies_token_mutation
CAND_512c3596eb,selfies,JAK2_10be027f63,N#Cc1ccccc1C(=O)N1CCN(c2nc(NC3=NNCC=C3)c3cccn3n2)CC1,MDZPDWQRAWPEED-UHFFFAOYSA-N,True,True,True,427.472,1.4482,113.95,2,8,3,0.6502,3.005,O=C(c1ccccc1)N1CCN(c2nc(NC3=NNCC=C3)c3cccn3n2)CC1,6,False,False,True,selfies_token_mutation
CAND_c3fecbe163,selfies,JAK2_10be027f63,CC=C1NON=C1Nc1nc(N2CCN(C(=O)c3ccccc3C#N)CC2)nn2cccc12,VUXDHDCFZYSXPO-UHFFFAOYSA-N,True,True,True,443.471,1.7274,123.18,2,9,3,0.6274,3.094,C=C1NON=C1Nc1nc(N2CCN(C(=O)c3ccccc3)CC2)nn2cccc12,6,False,False,True,selfies_token_mutation
CAND_e12f7b29ab,selfies,JAK2_10be027f63,FC1N=CNC2=NNC(C=C2)c2cccn2N=[SH]1,WSKGVZFKTDURAX-UHFFFAOYSA-N,True,True,True,266.305,0.6483,66.07,3,5,0,0.4766,3.7,C1=CC2NN=C1NC=NC[SH]=Nn1cccc12,12,True,False,True,selfies_token_mutation
CAND_3c6f2e532d,selfies,JAK2_10be027f63,CC=C1NN=C1NNc1nc(N2CCN(C(=O)c3ccccc3C#N)CC2)nn2cccc12,ALAGJUVUHWXXQR-UHFFFAOYSA-N,True,True,True,442.487,1.3004,125.98,3,9,4,0.5164,3.214,C=C1NN=C1NNc1nc(N2CCN(C(=O)c3ccccc3)CC2)nn2cccc12,6,False,False,True,selfies_token_mutation
CAND_f4ef79697a,selfies,JAK2_10be027f63,N#Cc1ccccc1C(=O)NCCN1C(=NNC=CCF)CC1N=CNc1cc(CN)[nH]n1,DYCADRIDMGUFDR-UHFFFAOYSA-N,True,True,True,452.498,1.0284,159.61,5,7,11,0.1933,3.944,N=C1CC(N=CNc2cc[nH]n2)N1CCNC(=O)c1ccccc1,6,False,False,True,selfies_token_mutation
CAND_1317e3c765,selfies,JAK2_10be027f63,CC=C1NN=C1NCN=NC(=Nn1cccc1)N1CCN(C(=O)c2ccccc2C#N)NC1,WJCMOPCINOBBMF-UHFFFAOYSA-N,True,True,True,445.491,1.2188,137.8,3,8,4,0.3675,3.031,C=C1NN=C1NCN=NC(=Nn1cccc1)N1CCN(C(=O)c2ccccc2)NC1,6,False,False,True,selfies_token_mutation
CAND_0cc6da54ee,selfies,JAK2_10be027f63,CC=CC1NC=NC2=NC3(CN(C(=O)c4ccccc4C#N)CCC3N2)N1,TZNGHQBTAFQOOY-UHFFFAOYSA-N,True,True,True,363.425,0.5516,104.91,3,7,2,0.6658,3.575,O=C(c1ccccc1)N1CCC2NC3=NC2(C1)NCNC=N3,8,False,True,True,selfies_token_mutation
CAND_379e55dc52,selfies,JAK2_10be027f63,CC=CCNC=NC(CN1CCN(C(=O)c2ccccc2C#N)CC1)=Nn1cccc1,GAVSWSBCLZTWES-UHFFFAOYSA-N,True,True,True,417.517,2.1734,89.02,1,4,7,0.3236,3.0,O=C(c1ccccc1)N1CCN(CC=Nn2cccc2)CC1,6,False,False,True,selfies_token_mutation
CAND_64386f59c8,selfies,JAK2_10be027f63,N#CC=CC=C=CC(=O)N1CNC2=Nn3cccc3N3C=CCNN=C3NC(=N2)C1,QJEPXMKWIBHDST-UHFFFAOYSA-N,True,True,True,402.422,-0.0164,125.44,3,9,2,0.2764,3.041,C1=CN2C(=NNC1)NC1=NC(=Nn3cccc32)NCNC1,9,False,True,True,selfies_token_mutation
CAND_178652a359,selfies,JAK2_10be027f63,C=CC=CNN=C(N=CNC1=NNC1=CC)NC1=CCN(C(=O)c2ccccc2C#N)CC1,JWBWCXKBKYQUHL-UHFFFAOYSA-N,True,True,True,443.515,1.8764,129.3,4,6,6,0.2299,3.02,C=C1NN=C1NC=NC(=N)NC1=CCN(C(=O)c2ccccc2)CC1,6,False,False,True,selfies_token_mutation
CAND_1c934b567a,selfies,JAK2_a6956eeec1,CS(=O)C(=O)Nc1ccc(C2=CC=NC(NC=CC=C(F)N3CCC(O)CC3)=NN2)cc1,DYIDWGJPHLYTRZ-UHFFFAOYSA-N,True,True,True,460.535,2.2538,118.42,4,8,5,0.3955,3.239,C(C=CN1CCCCC1)=CNC1=NNC(c2ccccc2)=CC=N1,7,False,False,True,selfies_token_mutation
CAND_55a09c1d04,selfies,JAK2_a6956eeec1,CS(=O)(=O)N1C=CC=C(c2ccnc(Nc3ccc(N4CCC(O)CC4)cc3)n2)C1,LTFFYDWTCWABTD-UHFFFAOYSA-N,True,True,True,427.53,2.3536,98.66,2,7,5,0.7557,3.056,C1=CNCC(c2ccnc(Nc3ccc(N4CCCCC4)cc3)n2)=C1,6,False,False,True,selfies_token_mutation
CAND_ad508c0e22,selfies,JAK2_a6956eeec1,CCCCCNC1=CC=CN(C(=N)N=CC=CC2=CC=CN(S(C)(=O)=O)C=C2)C=C1,WKHKEVHILPYWKD-UHFFFAOYSA-N,True,True,True,427.574,3.7839,88.86,2,4,8,0.3504,2.931,N=C(N=CC=CC1=CC=CNC=C1)N1C=CC=CC=C1,7,False,False,True,selfies_token_mutation
CAND_5f3ac1ac93,selfies,JAK2_a6956eeec1,CCC(C)CCNC1=CC=CC2N=CC=CC3=C(C=CN[SH](=O)(C=O)C3)N=C12,DZJSCFGEGIBYDG-UHFFFAOYSA-N,True,True,True,400.548,2.409,82.92,3,5,6,0.4729,3.781,O=S1CC2=C(C=CN1)N=C1C=CC=CC1N=CC=C2,9,False,True,True,selfies_token_mutation
CAND_d6450835a3,selfies,JAK2_a6956eeec1,C[SH](=O)(S)NC1=CC=C(C=C2C=NC(NC=C3C=CC(NC4CCOC(N)C4)=C3)=N2)C1,JNRMVIVHDMWWCF-UHFFFAOYSA-N,True,True,True,460.629,1.5012,113.13,6,7,6,0.2657,3.865,C1=CCC(C=C2C=NC(NC=C3C=CC(NC4CCOCC4)=C3)=N2)=C1,6,False,False,True,selfies_token_mutation
CAND_9b89dbd2f3,selfies,JAK2_a6956eeec1,CS(=O)(=O)NC=CC=C1C=CC2CN(CCC2O)c2ccc(cc2)Nc2nccc1n2,GSUYGCXBKPKUQN-UHFFFAOYSA-N,True,True,True,439.541,2.4235,107.45,3,7,3,0.6741,4.772,C=C1C=CC2CCCN(C2)c2ccc(cc2)Nc2nccc1n2,14,True,False,True,selfies_token_mutation
CAND_846dc1b60d,selfies,JAK2_a6956eeec1,CC1(NC=C2C=CNN3CCC(O)CC3C=C2N)CS(=O)(=O)NC=C2C=C(C=CC=N1)C2,YDOMZKNTWRSHTK-UHFFFAOYSA-N,True,True,True,458.588,0.6499,132.08,5,8,2,0.4104,5.003,O=S1(=O)CC(NC=C2C=CNN3CCCCC3C=C2)N=CC=CC2=CC(=CN1)C2,12,True,False,True,selfies_token_mutation
CAND_d81efe41fe,selfies,JAK2_6635ff8a33,CC1C=CC=C2NCN=CC=CC=C(C=CC=CC=CC=C3N=C3N)C(NCC(N)=O)C1C2C,SHMSYSKMQZJBLE-UHFFFAOYSA-N,True,True,True,458.61,2.8094,117.89,4,6,7,0.4388,5.428,C(=CC=CC1=CC=CC=NCNC2=CC=CCC(C1)C2)C=CC=C1C=N1,12,True,False,True,selfies_token_mutation
CAND_b74a95c294,selfies,JAK2_6635ff8a33,NC(=O)C1CCC23C=CC=C(C=C2)NCN=C2CC=C(c4cccc5cccnc45)N2NN1CC3,ONFHZYPORNMQPA-UHFFFAOYSA-N,True,True,True,467.577,2.9963,98.88,3,7,2,0.6282,5.053,C1=CC23C=CC(=C1)NCN=C1CC=C(c4cccc5cccnc45)N1NN(CCC2)CC3,13,True,False,True,selfies_token_mutation
CAND_a4da80a531,selfies,JAK2_6635ff8a33,CC1C(NCl)=CC=CC2CCNCC(=O)N1C2,OUSCSVAXUZDZIC-UHFFFAOYSA-N,True,True,True,255.749,1.0101,44.37,2,3,1,0.6877,2.625,O=C1CNCCC2C=CC=CCN1C2,8,False,True,True,selfies_token_mutation
CAND_9dd230a1f7,selfies,JAK2_6635ff8a33,O=C1NCCC2C(NCN=CC=CC=C3CC=Cc4cccnc43)=CCCCCNC12,ZOZBFCXQKXLOKP-UHFFFAOYSA-N,True,True,True,417.557,3.2181,78.41,3,5,5,0.6431,4.0,O=C1NCCC2C(NCN=CC=CC=C3CC=Cc4cccnc43)=CCCCCNC12,9,False,True,True,selfies_token_mutation
CAND_df518a5196,selfies,JAK2_6635ff8a33,O=C1C2NCCC3C=CC2(N2N=Cc4ccc(-c5cccc6cccnc56)n4N2)N13,FFRMXHVEGAJQQZ-UHFFFAOYSA-N,True,True,True,397.442,1.6501,77.79,2,6,2,0.508,3.464,O=C1C2NCCC3C=CC2(N2N=Cc4ccc(-c5cccc6cccnc56)n4N2)N13,7,False,False,True,selfies_token_mutation
CAND_780e7a8d6a,selfies,JAK2_6635ff8a33,NC(=O)CN1CCCC=CC=CCN=CC=CC=C1C=CC=CC=CC=C1N=C1N,QIJIFLKWWMNMFA-UHFFFAOYSA-N,True,True,True,403.53,3.1141,97.07,2,5,6,0.6669,3.747,C(=CC=CC1=CC=CC=NCC=CC=CCCCN1)C=CC=C1C=N1,15,True,False,True,selfies_token_mutation
CAND_8a9fddd8b1,selfies,JAK2_6635ff8a33,NC(=O)NN1CCCC2C=C(NCN=CC=C3C=C(C=C4C=CC=C5C=CN=CN54)N3N)C=C2CC1,NMJAVDHPKOPQSQ-UHFFFAOYSA-N,True,True,True,485.596,2.2659,127.61,4,8,6,0.3376,4.453,C1=CC(=CC2=CC(=CC=NCNC3=CC4CCCNCCC4=C3)N2)N2C=NC=CC2=C1,8,False,True,True,selfies_token_mutation
CAND_442cb04bcd,selfies,JAK2_6635ff8a33,O=C1NC2C=C(Nc3ncc4ccc(-c5cccc6cccnc56)n4n3)C=CC23CCNC1CC3,ZUDGDCYLBHOHEL-UHFFFAOYSA-N,True,True,True,463.545,3.437,96.24,3,6,3,0.4308,3.956,O=C1NC2C=C(Nc3ncc4ccc(-c5cccc6cccnc56)n4n3)C=CC23CCNC1CC3,7,False,False,True,selfies_token_mutation
CAND_7ba535b985,selfies,JAK2_99cc6f9557,CC(=O)NC=C1C=CC(C=C2C=NC(NC=C3C=CC(NCCCCCO)=C3)=N2)=C1,JARBHNJOGOWALD-UHFFFAOYSA-N,True,True,True,405.502,2.5063,98.11,4,6,9,0.4432,3.183,C=C1C=CC(C=C2C=NC(NC=C3C=CC=C3)=N2)=C1,5,False,False,True,selfies_token_mutation
CAND_5a368a18a5,selfies,JAK2_99cc6f9557,C=C1CCCCC1(N)C=CC=CNC1CC(=O)NC2=CCC(C=CCC=N1)C=C2,VCUWEACISQHYTI-UHFFFAOYSA-N,True,True,True,392.547,3.7967,79.51,3,4,4,0.5029,4.686,C=C1CCCCC1C=CC=CNC1CC(=O)NC2=CCC(C=CCC=N1)C=C2,13,True,False,True,selfies_token_mutation
CAND_b635be4df9,selfies,JAK2_99cc6f9557,CC(=O)NC1=CC=C2C(C=NCNC=C3C=CC(NC4C=CCCC4)=C3)N2C=C1,IOOSRJOSRFITAT-UHFFFAOYSA-N,True,True,True,389.503,2.7556,68.53,3,5,7,0.2711,3.594,C1=CC=C2C(C=NCNC=C3C=CC(NC4C=CCCC4)=C3)N2C=C1,7,False,False,True,selfies_token_mutation
CAND_c2825789a4,selfies,JAK2_99cc6f9557,CC(=O)NC=C1C=CC(C=C2C=NC(Nc3cccc(N4CCC=NC4)c3)=NN2)=C1,BPGXTKDQHMLRPZ-UHFFFAOYSA-N,True,True,True,401.474,2.682,93.48,3,7,4,0.7232,2.786,C=C1C=CC(C=C2C=NC(Nc3cccc(N4CCC=NC4)c3)=NN2)=C1,6,False,False,True,selfies_token_mutation
CAND_33beda348a,selfies,JAK2_99cc6f9557,C=CC1(N2C=C=CC(N3CCCCC3)=C2N)CC=CC2=CC=CNC(=O)C21,DPQDCPPVAPNXBJ-UHFFFAOYSA-N,True,True,True,362.477,2.6553,61.6,2,4,3,0.5985,2.944,O=C1NC=CC=C2C=CCC(N3C=C=CC(N4CCCCC4)=C3)C12,7,False,False,True,selfies_token_mutation
CAND_d80d914029,selfies,JAK2_99cc6f9557,CC(=O)NC=C1C=C(c2ccnc(Nc3cccc(N4CCCCC4)c3)n2)SOC1,XZXNFJUTRISVSQ-UHFFFAOYSA-N,True,True,True,423.542,4.2498,79.38,2,7,5,0.6961,3.034,C=C1C=C(c2ccnc(Nc3cccc(N4CCCCC4)c3)n2)SOC1,6,False,False,True,selfies_token_mutation
CAND_39d48b7b7d,selfies,JAK2_99cc6f9557,CC1(C=CC=C2C=CCNC2=CN)N=CC=CC2=C=CNC(=O)C1C2,IBLOLRAQLZAIKC-UHFFFAOYSA-N,True,True,True,334.423,2.0029,79.51,3,4,2,0.6759,3.0,C=C1NCC=CC1=CC=CC1N=CC=CC2=C=CNC(=O)C1C2,8,False,True,True,selfies_token_mutation
CAND_28c6f5240f,selfies,JAK2_99cc6f9557,CC(=O)NC=CC=C(C)CC=NC(=N)Nc1cccc(N2CCCCC2)c1,MFXXVPMWIFBGON-UHFFFAOYSA-N,True,True,True,367.497,4.0806,80.58,3,3,6,0.4025,2.347,c1ccc(N2CCCCC2)cc1,6,False,False,True,selfies_token_mutation
CAND_8644fd175c,selfies,JAK2_99cc6f9557,FC1=CC2=CC3=CC=CC(CC=C=C3)NN=C(N=C2)NC=CC=C1,ZVWSLKHTRLWGHL-UHFFFAOYSA-N,True,True,True,320.371,3.3505,48.78,2,4,0,0.6725,3.2,C1=CCC2C=CC=C(C=1)C=C1C=CC=CC=CNC(=NN2)N=C1,12,True,False,True,selfies_token_mutation
CAND_5e3e893009,selfies,JAK2_99cc6f9557,N=NC=C1CCCCC1C=CC=CNC1CC(=O)Nc2ccc(cc2)C=CC=N1,MJWNJDPUACRHKL-UHFFFAOYSA-N,True,True,True,389.503,5.2035,89.7,3,5,5,0.4769,4.646,C=C1CCCCC1C=CC=CNC1CC(=O)Nc2ccc(cc2)C=CC=N1,12,True,False,True,selfies_token_mutation
CAND_3abb432769,selfies,JAK2_9dc9b86668,C=CS(=O)(=O)N1CC(CC#N)(n2cc(-c3ncnc4[nH]ccc34)cn2)C1,NEEBHXAZIBJJEG-UHFFFAOYSA-N,True,True,True,369.41,1.2193,120.56,1,6,5,0.7217,2.733,c1nc(-c2cnn(C3CNC3)c2)c2cc[nH]c2n1,6,False,False,True,selfies_token_mutation
CAND_5f0a28180d,selfies,JAK2_9dc9b86668,N#CC1C(=Cc2ncnc3[nH]ccc23)NC12CCS(=O)(=O)NC2,HUPGPTQRFOTNPT-UHFFFAOYSA-N,True,True,True,330.373,0.1037,123.56,3,6,1,0.6814,2.625,O=S1(=O)CCC2(CN1)CC(=Cc1ncnc3[nH]ccc13)N2,6,False,False,True,selfies_token_mutation
CAND_6a31963631,selfies,JAK2_9dc9b86668,CCS(=O)(=O)NCC(C=C(C=N)c1ncnc2[nH]ccc12)CC#N,AMIUDOQBPZWBOF-UHFFFAOYSA-N,True,True,True,346.416,1.46,135.38,3,6,8,0.6217,2.75,c1ncc2cc[nH]c2n1,6,False,False,True,selfies_token_mutation
CAND_bdfb350c34,selfies,JAK2_9dc9b86668,CC1C(C2=NC=NCNC=CC2=CN)=CNC2(CC#N)CN(C2)CS1(=O)=O,ILBHNEMTCKIQLC-UHFFFAOYSA-N,True,True,True,389.485,-0.4113,135.97,3,9,2,0.5838,3.219,C=C1C=CNCN=CN=C1C1=CNC2CN(C2)CS(=O)(=O)C1,9,False,True,True,selfies_token_mutation
CAND_8bc1930a0f,selfies,JAK2_9dc9b86668,CCS(=O)(=O)NCC(C=C=Cc1ncnc2[nH]ccc12)CC#N,YUJQORVWYGXGHY-UHFFFAOYSA-N,True,True,True,331.401,1.5954,111.53,2,5,7,0.7484,2.625,c1ncc2cc[nH]c2n1,6,False,False,True,selfies_token_mutation
CAND_e47a89beb2,selfies,JAK2_9dc9b86668,C=CNCN=CN=CC(C=N)=CN[SH]1(=O)CC1,QLBHFKSHMKPCEQ-UHFFFAOYSA-N,True,True,True,255.347,-0.1555,89.7,4,4,8,0.1596,2.25,O=S1CC1,3,False,False,True,selfies_token_mutation
CAND_0ee774404c,selfies,JAK2_9dc9b86668,CCNCN=CN=CC(=CNC1(C=NN)CCS(=O)(=O)NC1)NC,FTMJJMXEOUCIPR-UHFFFAOYSA-N,True,True,True,358.472,-1.6907,145.36,5,8,9,0.1093,2.672,O=S1(=O)CCCCN1,6,False,False,True,selfies_token_mutation
CAND_d505721a30,selfies,JAK2_9dc9b86668,CCS(=O)(=O)NCC1(CC#N)Cc2c[nH]c(c2)N=CN=Nc2cnn1n2,MEZRUCWIPQZMBO-UHFFFAOYSA-N,True,True,True,375.418,1.1543,153.54,2,8,5,0.8022,3.966,C1=Nc2cc(c[nH]2)CCn2ncc(n2)N=N1,12,True,False,True,selfies_token_mutation
CAND_bdcb84de6a,selfies,JAK2_9dc9b86668,CCS(=O)(=O)N1CCC(CC#N)(NOC2=NC=Nc3[nH]ccc3CC2)C1,DQDKMCPSZHYHSK-UHFFFAOYSA-N,True,True,True,378.458,1.2483,122.94,2,7,5,0.7465,3.283,C1=Nc2[nH]ccc2CCC(ONC2CCNC2)=N1,8,False,True,True,selfies_token_mutation
CAND_93d8adeef5,selfies,JAK2_9dc9b86668,CCS(=O)(=O)NC1CC1(CC#N)NC1N=CC(c2ncnc3[nH]ccc23)O1,AZYMFCMAEUXFAV-UHFFFAOYSA-N,True,True,True,389.441,0.3373,145.15,3,8,7,0.6187,4.094,C1=NC(NC2CC2)OC1c1ncnc2[nH]ccc12,6,False,False,True,selfies_token_mutation
CAND_17535db17a,selfies,JAK2_52b2cf11d9,CN1CCN(C2=C=C(C=C3N=CC4=CC=C(c5cc(F)c(CN6CCS(=O)(=O)CC6)c(F)c5)CN4N3)C=N2)CC1,DRGCILMLRJBNEK-UHFFFAOYSA-N,True,True,True,567.666,1.907,83.85,1,9,5,0.5447,4.034,O=S1(=O)CCN(Cc2ccc(C3=CC=C4C=NC(=CC5=C=C(N6CCNCC6)N=C5)NN4C3)cc2)CC1,6,False,False,True,selfies_token_mutation
CAND_018837f09e,selfies,JAK2_52b2cf11d9,CNC1=CC=CN2CCN=NC(C2)C(C=CC(F)=C(CF)C2NCCS(=O)(=O)C2C)=CC=CC=NC=C1,VFQQCODVEPWXEJ-UHFFFAOYSA-N,True,True,True,532.661,3.3449,98.52,2,8,5,0.5295,5.34,O=S1(=O)CCNC(C=CC=CC2=CC=CC=NC=CC=CC=CN3CCN=NC2C3)C1,15,True,False,True,selfies_token_mutation
CAND_52b2cf11d9,selfies,JAK2_52b2cf11d9,CN1CCN(c2ccc(-c3cnc4cccc(-c5cc(F)c(CN6CCS(=O)(=O)CC6)c(F)c5)c4n3)cn2)CC1,JVJAREODIMVDGM-UHFFFAOYSA-N,True,True,False,564.662,3.6192,82.53,0,8,5,0.3638,4.018,O=S1(=O)CCN(Cc2ccc(-c3cccc4ncc(-c5ccc(N6CCNCC6)nc5)nc34)cc2)CC1,6,False,False,True,selfies_token_mutation
CAND_1eafb16c56,selfies,JAK2_52b2cf11d9,C=C(F)C(=C(F)C=CC(C=N)=CC=CC=NC=CC(C=N)=CC=CN1CCCNCC1)C1CCS(=O)CCN1,WDXZCJUIBCFIQW-UHFFFAOYSA-N,True,True,True,556.727,4.4616,104.43,4,7,12,0.2105,4.648,O=S1CCNC(C=CC=CC=CC=CC=NC=CC=CC=CN2CCCNCC2)CC1,7,False,False,True,selfies_token_mutation
CAND_56beea7a4a,selfies,JAK2_52b2cf11d9,O=S1(=O)CCN(Cc2c(F)cc(-c3cccc4ncc(-c5ccc(ON6CC=NCNCC6)nc5)nc34)cc2F)CC1,JJJBKQGUTQMFCJ-UHFFFAOYSA-N,True,True,True,593.66,3.0947,112.91,1,10,6,0.3605,4.804,O=S1(=O)CCN(Cc2ccc(-c3cccc4ncc(-c5ccc(ON6CC=NCNCC6)nc5)nc34)cc2)CC1,8,False,True,True,selfies_token_mutation
CAND_274e558dd2,selfies,JAK2_52b2cf11d9,CNC1=CC=CN2CCNC(C2)N=c2c(-c3cc(F)c(CN4CCS(=O)(=O)CC4)c(F)c3)cccc2=NC=C1,HRAZJXCXEBXTQN-UHFFFAOYSA-N,True,True,True,554.667,1.477,89.4,2,8,4,0.5955,5.287,O=S1(=O)CCN(Cc2ccc(-c3cccc4c3=NC3CN(C=CC=CC=CN=4)CCN3)cc2)CC1,13,True,False,True,selfies_token_mutation
CAND_0eaea60367,selfies,JAK2_52b2cf11d9,CC1=C(F)C(CN2CCS(=O)(=O)CC2)=C(F)CC1=CC=CC=NC=CC1=CC=CN2CCNC(C2)N1C,DJHTUBHARVWPSG-UHFFFAOYSA-N,True,True,True,531.673,3.229,68.25,1,7,6,0.5312,4.509,O=S1(=O)CCN(CC2=CCC(=CC=CC=NC=CC3=CC=CN4CCNC(C4)N3)C=C2)CC1,8,False,True,True,selfies_token_mutation
CAND_5f98af69f4,selfies,JAK2_52b2cf11d9,O=S1(=O)CCN(Cc2c(F)cc(C3=CCN=C=NC=C(c4ccc(N5CCCNCC5)nc4)N=C3)cc2F)CC1,IANPTVNVJWDWQV-UHFFFAOYSA-N,True,True,True,567.666,3.0302,102.62,1,9,5,0.5962,4.534,O=S1(=O)CCN(Cc2ccc(C3=CCN=C=NC=C(c4ccc(N5CCCNCC5)nc4)N=C3)cc2)CC1,10,False,True,True,selfies_token_mutation
CAND_c661ccff55,selfies,JAK2_52b2cf11d9,O=S1(=O)CCN(Cc2c(F)cc(C3C=C=Nc4cc5c(nc43)C=CN3CCNC53)cc2F)CC1,CUDVPCDUZZVOEO-UHFFFAOYSA-N,True,True,True,483.544,2.4812,77.9,1,7,3,0.723,3.817,O=S1(=O)CCN(Cc2ccc(C3C=C=Nc4cc5c(nc43)C=CN3CCNC53)cc2)CC1,6,False,False,True,selfies_token_mutation
CAND_a214ae4898,selfies,JAK2_52b2cf11d9,FCCNCc1c(F)ccc2ccc(cnccc3ccc(nc2)C2=CCN(CCC2)N=C3)cc1F,COHLUJWKDGVBJH-UHFFFAOYSA-N,True,True,True,491.561,5.6048,53.41,1,5,4,0.5656,4.789,C1=NN2CC=C(CCC2)c2ccc1ccncc1ccccccc(cc1)cn2,14,True,False,True,selfies_token_mutation
CAND_445bda5e64,selfies,JAK2_52b2cf11d9,C1=CC=CC=NC=CC2=CC=CN3CCC(N=CO2)NC(C3)N=1,JIVGFRGYLFAQLW-UHFFFAOYSA-N,True,True,True,309.373,1.7702,61.58,1,6,0,0.7416,3.7,C1=CC=CC=NC=CC2=CC=CN3CCC(N=CO2)NC(C3)N=1,16,True,False,True,selfies_token_mutation
CAND_06bac1a998,selfies,JAK2_be1b46c1d1,CC1=CN2C(=O)C2C(C)(c2cccc(NC(=O)C3=CC=COC3Cl)c2N)N=CC=C1,AFPYBOXQJKYFDN-UHFFFAOYSA-N,True,True,True,424.888,3.2129,96.79,2,5,3,0.442,4.041,O=C(Nc1cccc(C2N=CC=CC=CN3C(=O)C23)c1)C1=CC=COC1,9,False,True,True,selfies_token_mutation
CAND_82977d8de6,selfies,JAK2_be1b46c1d1,CC12N=CC=CC3=CC=CN(C(=O)C31)C(N)(NC(=O)CC=CC=CCl)C=CC=CN2,GVSCHMVAOCTRDR-UHFFFAOYSA-N,True,True,True,425.92,2.3423,99.82,3,5,4,0.4751,3.922,O=C1C2C3=CC=CN1CC=CC=CNC2N=CC=C3,10,False,True,True,selfies_token_mutation
CAND_5e80f72c27,selfies,JAK2_be1b46c1d1,CC1=CC=CN2C(=O)CC(C)(N=CC=C1)NC=CC=CC2(N)NC(=O)CC=CC=CCl,BSYVMKYARCUCHU-UHFFFAOYSA-N,True,True,True,441.963,3.1225,99.82,3,5,4,0.4606,4.211,O=C1CC2N=CC=CC=CC=CN1CC=CC=CN2,12,True,False,True,selfies_token_mutation
CAND_c326fbcc8b,selfies,JAK2_be1b46c1d1,CC(=O)NC=CC=C(C=CN)c1ccnc(Nc2cccc(NC(=O)c3ccccc3Cl)c2)n1,PSXFWYOSIMYOMS-UHFFFAOYSA-N,True,True,True,474.952,4.6315,122.03,4,6,8,0.3529,3.444,O=C(Nc1cccc(Nc2ncccn2)c1)c1ccccc1,6,False,False,True,selfies_token_mutation
CAND_9ae3aff7f1,selfies,JAK2_be1b46c1d1,CC(=O)NC=C1C=C(c2ccnc(Nc3cccc(NC(=O)c4ccccc4Cl)c3)n2)C=NC1,KLEQXJHOSFNXFP-UHFFFAOYSA-N,True,True,True,472.936,4.6137,108.37,3,6,6,0.485,3.433,C=C1C=C(c2ccnc(Nc3cccc(NC(=O)c4ccccc4)c3)n2)C=NC1,6,False,False,True,selfies_token_mutation
CAND_3bee8d9b9b,selfies,JAK2_be1b46c1d1,CC(=O)c1ccc(-c2ccnc(Nc3cccc(NC(=O)c4ccccc4Cl)c3)n2)cc1,HLWIQBOKTJBTPV-UHFFFAOYSA-N,True,True,True,442.906,5.9955,83.98,2,5,6,0.3578,3.764,O=C(Nc1cccc(Nc2nccc(-c3ccccc3)n2)c1)c1ccccc1,6,False,False,True,selfies_token_mutation
CAND_1eac1398e4,selfies,JAK2_be1b46c1d1,O=C(C=CCC=CCl)NC1C=CC=CC2=CC1C(=O)NC=CC=CC=CC=N2,KQHWVMYEXMXLMQ-UHFFFAOYSA-N,True,True,True,395.89,3.6228,70.56,2,3,4,0.7135,3.955,O=C1NC=CC=CC=CC=NC2=CC1CC=CC=C2,13,True,False,True,selfies_token_mutation
CAND_e89621c0ab,selfies,JAK2_be1b46c1d1,O=C1CN=C(Nc2cccc(NC(=O)c3ccccc3Cl)c2)N=CC=Cc2ccc(cc2)N1,QLCSJGLXFIUQAR-UHFFFAOYSA-N,True,True,True,457.921,5.0965,94.95,3,5,3,0.5104,4.423,O=C1CN=C(Nc2cccc(NC(=O)c3ccccc3)c2)N=CC=Cc2ccc(cc2)N1,13,True,False,True,selfies_token_mutation
CAND_be1b46c1d1,selfies,JAK2_be1b46c1d1,CC(=O)Nc1ccc(-c2ccnc(Nc3cccc(NC(=O)c4ccccc4Cl)c3)n2)cc1,GCJZCJOWHACAFB-UHFFFAOYSA-N,True,True,False,457.921,5.7513,96.01,3,5,6,0.3422,3.725,O=C(Nc1cccc(Nc2nccc(-c3ccccc3)n2)c1)c1ccccc1,6,False,False,True,selfies_token_mutation
CAND_e03f117f3a,selfies,JAK2_2113e5b7eb,Fc1cc(F)c(Nc2nc3ccncc3c3c2C=CNO3)c(F)c1,RDXOREYRGRFMGZ-UHFFFAOYSA-N,True,True,True,330.269,3.6584,59.07,2,5,2,0.7509,2.25,C1=Cc2c(Nc3ccccc3)nc3ccncc3c2ON1,6,False,False,True,selfies_token_mutation
CAND_d5893a65fa,selfies,JAK2_2113e5b7eb,C=C1C=NC=CC1=NC(=CC=CNC=O)Nc1c(F)cc(F)cc1F,ZMUZZLFLPJSFSN-UHFFFAOYSA-N,True,True,True,346.312,3.2122,65.85,2,4,6,0.6136,2.25,C=C(N=C1C=CN=CC1=C)Nc1ccccc1,6,False,False,True,selfies_token_mutation
CAND_d9eb63d904,selfies,JAK2_2113e5b7eb,C=C1C=NC=CC1C(=CC=CNC=O)N1C(F)=CC(F)=CC1F,LVMBURLAGZSHHI-UHFFFAOYSA-N,True,True,True,321.302,3.176,44.7,1,3,5,0.4801,2.625,C=C1C=NC=CC1C(=C)N1C=CC=CC1,6,False,False,True,selfies_token_mutation
CAND_0530cf77e5,selfies,JAK2_2113e5b7eb,O=CNc1ccc2ccncc(c1)C=NC1=CC(F)=CC(F)N12,XLLVGUJENJJICG-UHFFFAOYSA-N,True,True,True,314.295,3.0172,57.59,1,4,2,0.6742,3.0,C1=CCN2C(=C1)N=Cc1ccccc2ccnc1,10,False,True,True,selfies_token_mutation
CAND_08bd82e8e7,selfies,JAK2_2113e5b7eb,CC1=CN(C2=CC=C(NC=O)C=C3C=NC=CC32)C(F)=CC1F,WTENBCNWOGEKJG-UHFFFAOYSA-N,True,True,True,315.323,3.0229,44.7,1,3,3,0.6426,2.625,C1=CC=C(N2C=CCC=C2)C2C=CN=CC2=C1,7,False,False,True,selfies_token_mutation
CAND_fca73045e4,selfies,JAK2_2113e5b7eb,CC(=O)c1cc2cnccc2nc1Nc1c(F)cc(F)cc1F,NATVQCMHJUHEGY-UHFFFAOYSA-N,True,True,True,317.27,3.9933,54.88,1,4,3,0.7421,2.125,c1ccc(Nc2ccc3cnccc3n2)cc1,6,False,False,True,selfies_token_mutation
CAND_a5fe3fedcb,selfies,JAK2_2113e5b7eb,O=CNC=CC=CPNc1c(F)cc(F)cc1F,GLFMABQVUXQBKY-UHFFFAOYSA-N,True,True,True,274.182,2.8827,41.13,2,2,6,0.4755,2.25,c1ccccc1,6,False,False,True,selfies_token_mutation
CAND_bd2c3524a0,selfies,JAK2_2113e5b7eb,O=CONC=Cc1cc2cnccc2nc1Nc1c(F)cc(F)cc1F,CGBULYZSSZCBSC-UHFFFAOYSA-N,True,True,True,360.295,3.439,76.14,2,6,6,0.3984,2.557,c1ccc(Nc2ccc3cnccc3n2)cc1,6,False,False,True,selfies_token_mutation
CAND_dc9da0d7c9,selfies,JAK2_81b37eaffc,C[C@H]1CC=C=Cc2nc3ccncc3n2C2=NN1C=CC2N(C)C,UCNBDMIFWLRCJR-RUCXGIHTSA-N,True,True,True,320.4,2.3129,49.55,0,5,1,0.7567,3.125,C1=CCCN2C=CCC(=N2)n2c(nc3ccncc32)C=1,10,False,True,True,selfies_token_mutation
CAND_d681620ec0,selfies,JAK2_81b37eaffc,C[C@@H](C=CC=CF)Nc1cc(N(C)C)nc(-n2cnc3ccncc32)n1,UTSYCIPMNQCOFZ-ZDUSSCGKSA-N,True,True,True,353.405,3.1163,71.76,1,6,6,0.6867,2.769,c1cnc(-n2cnc3ccncc32)nc1,6,False,False,True,selfies_token_mutation
CAND_a41c898fc7,selfies,JAK2_81b37eaffc,C[C@H](Nc1cc(N(C)C)nc(-n2cnc3ccncc32)n1)C1=CC1S,LDPXIWYSSPXIBM-XLLULAGJSA-N,True,True,True,353.455,2.3153,71.76,2,7,5,0.5418,3.144,C1=C(CNc2ccnc(-n3cnc4ccncc43)n2)C1,6,False,False,True,selfies_token_mutation
CAND_59a4df8194,selfies,JAK2_81b37eaffc,C=CC=CC[C@H](C)N1CC(N(C)C)=NC(n2cnc3ccncc32)=N1,OHGKKGRIKVTOER-AWEZNQCLSA-N,True,True,True,337.431,2.3469,61.91,0,6,4,0.8036,2.5,C1=NC(n2cnc3ccncc32)=NNC1,6,False,False,True,selfies_token_mutation
CAND_e68e4649e7,selfies,JAK2_81b37eaffc,C[CH]NC=CC(=NCNC=Nc1ccncc1N)N(C)C,QPSMSCBBZMJCBA-UHFFFAOYSA-N,True,True,True,288.379,1.1158,90.93,3,5,7,0.3971,2.125,c1ccncc1,6,False,False,True,selfies_token_mutation
CAND_801ac66786,selfies,JAK2_81b37eaffc,C[C@H]1CC=CC=CCC2(C=Nc3ccncc32)N=C(N(C)C)C=CN1,VILSIRYPEUNBCG-DJZRFWRSSA-N,True,True,True,335.455,3.3509,52.88,1,5,0,0.7909,3.45,C1=CCCNC=CC=NC2(C=Nc3ccncc32)CC=C1,13,True,False,True,selfies_token_mutation
CAND_c9141aec2d,selfies,JAK2_81b37eaffc,C=CC=CC[C@H](C)N1C=CC(N(C)C)C(n2cnc3ccncc32)=N1,MUMFHKNTXXJILX-MYJWUSKBSA-N,True,True,True,336.443,2.8732,49.55,0,5,5,0.788,2.875,C1=CNN=C(n2cnc3ccncc32)C1,6,False,False,True,selfies_token_mutation
CAND_5687c1fb72,selfies,JAK2_81b37eaffc,C#CC=CC=C[C@H](C)NC=CC(=NC=NC(=N)n1cnc2ccncc21)N(C)C,PSZCENOZCABYEV-KRWDZBQOSA-N,True,True,True,388.479,2.44,94.55,2,4,6,0.3439,2.714,c1cc2nc[nH]c2cn1,6,False,False,True,selfies_token_mutation
CAND_981fe45653,selfies,JAK2_81b37eaffc,C[C@H](CC(N)CCC=NCn1cnc2ccncc21)c1ccccc1,OBSWYRAFSXBDQU-PYUWXLGESA-N,True,True,True,335.455,3.7609,69.09,1,4,8,0.6373,3.25,C(CCCCCc1ccccc1)=NCn1cnc2ccncc21,6,False,False,True,selfies_token_mutation
CAND_f06e53f892,selfies,JAK2_81b37eaffc,C[C@H](NC1=C=C(N(C)C)NC(n2ccncccnc2)=N1)c1ccccc1,BQDZHEHGFMLEOL-INIZCTEOSA-N,True,True,True,361.453,2.4039,70.37,2,6,4,0.8186,3.064,C1=CNC(n2ccncccnc2)=NC=1NCc1ccccc1,9,False,True,True,selfies_token_mutation
CAND_81b37eaffc,selfies,JAK2_81b37eaffc,C[C@H](Nc1cc(N(C)C)nc(-n2cnc3ccncc32)n1)c1ccccc1,HTQVFEXMGNYDLT-AWEZNQCLSA-N,True,True,False,359.437,3.4496,71.76,1,6,5,0.5884,2.927,c1ccc(CNc2ccnc(-n3cnc4ccncc43)n2)cc1,6,False,False,True,selfies_token_mutation
CAND_17fe140db8,selfies,JAK2_5e05d7987e,Cc1cnc2nc1-c1cccc(c1)COCC=CCOC=NCC(=CC=COCCN1CCCC1)N2,JHDUZMYARXMYKJ-UHFFFAOYSA-N,True,True,True,489.62,4.5052,81.1,1,8,5,0.3761,4.601,C(=COCCN1CCCC1)C=C1CN=COCC=CCOCc2cccc(c2)-c2ccnc(n2)N1,18,True,False,True,selfies_token_mutation
CAND_55ae4491c0,selfies,JAK2_5e05d7987e,Cc1cncnc1-c1cccc(COCC=CCOCc2cc(ON)ccc2OCCCN2CCCC2)c1,KUTPZZMMMIPUML-UHFFFAOYSA-N,True,True,True,518.658,4.8588,91.96,1,8,15,0.1733,4.437,C(=CCOCc1ccccc1OCCCN1CCCC1)COCc1cccc(-c2ccncn2)c1,6,False,False,True,selfies_token_mutation
CAND_f4ac5ae4c6,selfies,JAK2_5e05d7987e,C1=CCOCc2cc(ccc2OCCN2CCCC2)NCc2cncnc2-c2cccc(c2)CC1,UISZMJPPGZKVHQ-UHFFFAOYSA-N,True,True,True,470.617,5.2493,59.51,1,6,4,0.5258,4.695,C1=CCOCc2cc(ccc2OCCN2CCCC2)NCc2cncnc2-c2cccc(c2)CC1,17,True,False,True,selfies_token_mutation
CAND_ca06ebebbf,selfies,JAK2_5e05d7987e,C1=CCOCc2cc(ccc2OCCN2CCCC2)Nc2nccc(n2)-c2cccc(c2)COC1,HWXVIOGONBBTBY-UHFFFAOYSA-N,True,True,True,472.589,4.9648,68.74,1,7,4,0.5381,4.581,C1=CCOCc2cc(ccc2OCCN2CCCC2)Nc2nccc(n2)-c2cccc(c2)COC1,18,True,False,True,selfies_token_mutation
CAND_c21f5b9d8d,selfies,JAK2_5e05d7987e,Cc1cncnc1C=C1C=CC(COCC=CCOCc2cc(N)ccc2OCCN2CCCC2)OC1,VYVPUNFOKODNDO-UHFFFAOYSA-N,True,True,True,506.647,3.9698,91.96,1,8,13,0.2479,4.62,C(=CCOCC1C=CC(=Cc2ccncn2)CO1)COCc1ccccc1OCCN1CCCC1,6,False,False,True,selfies_token_mutation
CAND_c8f21cd6c6,selfies,JAK2_5e05d7987e,Cc1cncnc1C=C1C=C(COCCOCCOCc2cc(N)ccc2OCCN2CCCC2)C=CC1,ARFCWGOCBGUMAL-UHFFFAOYSA-N,True,True,True,520.674,4.3615,91.96,1,8,15,0.2736,4.448,C1=CC(COCCOCCOCc2ccccc2OCCN2CCCC2)=CC(=Cc2ccncn2)C1,6,False,False,True,selfies_token_mutation
CAND_fcd9a927eb,selfies,JAK2_5e05d7987e,C1=CCOCc2cc(ccc2OCCN2CCCC2)NN2C=CCC(=N2)C2=CCSC(=C2)COC1,QOLRFOYYGOCVJV-UHFFFAOYSA-N,True,True,True,494.661,4.7236,58.56,1,8,4,0.6078,4.704,C1=CCOCc2cc(ccc2OCCN2CCCC2)NN2C=CCC(=N2)C2=CCSC(=C2)COC1,18,True,False,True,selfies_token_mutation
CAND_1001809f6b,selfies,JAK2_5e05d7987e,C(=CCOCc1cc2ccc1OCCNCCCC2)COCc1cccc(-c2ccncn2)c1,JXRSDMZUXMRBEM-UHFFFAOYSA-N,True,True,True,459.59,4.7379,65.5,1,6,9,0.3684,5.134,C(=CCOCc1cc2ccc1OCCNCCCC2)COCc1cccc(-c2ccncn2)c1,12,True,False,True,selfies_token_mutation
CAND_5e05d7987e,selfies,JAK2_5e05d7987e,Cc1cnc2nc1-c1cccc(c1)COCC=CCOCc1cc(ccc1OCCN1CCCC1)N2,ZLRQBYKTDVAMPK-UHFFFAOYSA-N,True,True,False,486.616,5.2732,68.74,1,7,4,0.5038,4.796,C1=CCOCc2cc(ccc2OCCN2CCCC2)Nc2nccc(n2)-c2cccc(c2)COC1,18,True,False,True,selfies_token_mutation
CAND_37c1654aad,selfies,JAK2_5e05d7987e,C=C(C=CCc1ncncc1C)COCC=CCOCC=CC(N)=CC#COCCN1CCCC1,BOTGDPSWUYQPIY-UHFFFAOYSA-N,True,True,True,478.637,3.5014,82.73,1,7,15,0.1788,3.715,C=C(C=CCc1ccncn1)COCC=CCOCC=CC=CC#COCCN1CCCC1,6,False,False,True,selfies_token_mutation
CAND_8a1767c861,selfies,JAK2_5e05d7987e,Cc1cnc2nc1-c1cccc(c1)COCC=CCOCc1cc(ccc1OCCN1CCNC1)N2,LGOAJWQZTWWLCL-UHFFFAOYSA-N,True,True,True,487.604,4.0401,80.77,2,8,4,0.534,4.664,C1=CCOCc2cc(ccc2OCCN2CCNC2)Nc2nccc(n2)-c2cccc(c2)COC1,18,True,False,True,selfies_token_mutation
CAND_e0bae844d8,selfies,JAK2_5e05d7987e,NCCCCOCCOC1C=C2C=CC1OCC=CCOCc1cccc(c1)-c1ncncc1C2,GYMYRKKIEQUGEN-UHFFFAOYSA-N,True,True,True,477.605,3.7946,88.72,1,7,8,0.457,5.609,C1=CCOC2C=CC(=CC2)Cc2cncnc2-c2cccc(c2)COC1,17,True,False,True,selfies_token_mutation
CAND_454b084951,selfies,JAK2_3647a2142d,CC=C1C(C=C2CCC3C(=N2)C=C[SH]=C3c2ccc(CN3CCS(=O)(=O)CC3)cc2)=CC=C1C(=O)N1CCN(C)CC1,HAUVQDIIWHQANC-UHFFFAOYSA-N,True,True,True,604.842,3.7519,73.29,1,6,5,0.4097,4.491,C=C1C(C=C2CCC3C(=N2)C=C[SH]=C3c2ccc(CN3CCS(=O)(=O)CC3)cc2)=CC=C1C(=O)N1CCNCC1,6,False,False,True,selfies_token_mutation
CAND_3c51f83d5e,selfies,JAK2_3647a2142d,C=CC(=CC=CC1=CC=CC=NC=CC2=CC=C(C(=O)NCCN(C)C)C(C=C2)N=C1)CNCCC(=O)C=O,VWPWNDJNYLLXEB-UHFFFAOYSA-N,True,True,True,527.669,3.0232,103.23,2,7,13,0.1659,5.437,C1=CC=NC=CC2=CC=CC(C=C2)N=CC=C1,14,True,False,True,selfies_token_mutation
CAND_1b69bd15c9,selfies,JAK2_3647a2142d,Cc1cc(-c2cnc3cccc(-c4ccc(CN5CCS(=O)(=O)CC5)cc4)c3n2)ccc1C(=N)N1CCN(C)CC1,OWYVOCUQTKUIIK-UHFFFAOYSA-N,True,True,True,568.747,4.0754,93.49,1,7,5,0.2865,4.04,N=C(c1ccc(-c2cnc3cccc(-c4ccc(CN5CCS(=O)(=O)CC5)cc4)c3n2)cc1)N1CCNCC1,6,False,False,True,selfies_token_mutation
CAND_680771366f,selfies,JAK2_3647a2142d,Cc1cc(C=c2ncc3c(n2)C(C=C2C=CC(CNC4CN=CS(=O)(=O)C4)=C2)=CC=3)ccc1CC1CCN(C)CCN1,XIQXACOFFGYBOX-UHFFFAOYSA-N,True,True,True,582.774,1.465,99.58,2,8,7,0.5102,4.868,O=S1(=O)C=NCC(NCC2=CC(=CC3=CC=c4cnc(=Cc5ccc(CC6CCNCCN6)cc5)nc43)C=C2)C1,7,False,False,True,selfies_token_mutation
CAND_4cc4f3c395,selfies,JAK2_3647a2142d,C=C1C(CN2CCS(=O)(=O)CC2)=CC2CC=C3C(=O)C=CN=CC=CC=C2C13,SXSFOEFVVLQMJS-UHFFFAOYSA-N,True,True,True,396.512,2.4253,66.81,0,5,2,0.719,3.508,C=C1C(CN2CCS(=O)(=O)CC2)=CC2CC=C3C(=O)C=CN=CC=CC=C2C13,11,False,True,True,selfies_token_mutation
CAND_8e4d06c678,selfies,JAK2_3647a2142d,Cc1cc(-c2cnc3cccc(-c4ccc(CN5CCS(=O)(=O)CO5)cc4)c3n2)ccc1C(=O)N1CCN(C)CC1,UCSGNMULIAXKKU-UHFFFAOYSA-N,True,True,True,571.703,3.7793,95.94,0,8,5,0.3573,4.057,O=C(c1ccc(-c2cnc3cccc(-c4ccc(CN5CCS(=O)(=O)CO5)cc4)c3n2)cc1)N1CCNCC1,6,False,False,True,selfies_token_mutation
CAND_754572eec6,selfies,JAK2_3647a2142d,CN1CCN(C(=O)C2=CC=C3C=CN=CC=CC=C(C=CCl)CC4=NC24C3)CC1,CABOXQBDQUMELO-UHFFFAOYSA-N,True,True,True,408.933,3.4336,48.27,0,4,2,0.7023,4.027,O=C(C1=CC=C2C=CN=CC=CC=CCC3=NC13C2)N1CCNCC1,13,True,False,True,selfies_token_mutation
CAND_ac3fa2e18a,selfies,JAK2_3647a2142d,CC=CC(=C=CC=CC(=O)N1CCN(C)CC1)C=c1ncc2c(n1)C(Cc1ccc(CN3CCS(=O)(=O)CC3)cc1)=CC=2,YDVJOFZFWFUHGC-UHFFFAOYSA-N,True,True,True,597.785,1.8955,86.71,0,7,8,0.2611,4.577,O=C(C=CC=C=CC=c1ncc2c(n1)C(Cc1ccc(CN3CCS(=O)(=O)CC3)cc1)=CC=2)N1CCNCC1,6,False,False,True,selfies_token_mutation
CAND_48020b74c5,selfies,JAK2_3647a2142d,Cc1cc(-c2cnc3c(n2)C2=CC(CN4CCS(=O)(=O)CC4)=CCC(=CC=C3)C2)ccc1C(=O)N1CCN(C)CC1,GKMZABJJTDUZSA-UHFFFAOYSA-N,True,True,True,571.747,3.6268,86.71,0,7,4,0.5541,4.432,O=C(c1ccc(-c2cnc3c(n2)C2=CC(CN4CCS(=O)(=O)CC4)=CCC(=CC=C3)C2)cc1)N1CCNCC1,8,False,True,True,selfies_token_mutation
CAND_1d4e38d9f3,selfies,JAK2_3647a2142d,CCCC1C=C(c2cnc3cccc(-c4ccc(CN5CCS(=O)(=O)CC5)cc4)c3n2)C=CC1,BVSBJYDDEHMULM-UHFFFAOYSA-N,True,True,True,473.642,5.2868,63.16,0,5,6,0.487,4.03,O=S1(=O)CCN(Cc2ccc(-c3cccc4ncc(C5=CCCC=C5)nc34)cc2)CC1,6,False,False,True,selfies_token_mutation
CAND_bc66d93c29,selfies,JAK2_3647a2142d,CN1CCN(C2(O)CC=CC2C=CN=C2C=CC3=C(c4ccc(CN5CCS(=O)(=O)CC5)cc4)C2=N3)CC1,NVGZLJZIPZYLFM-UHFFFAOYSA-N,True,True,True,533.698,2.1193,88.81,1,8,6,0.4453,4.471,O=S1(=O)CCN(Cc2ccc(C3=C4C=CC(=NC=CC5C=CCC5N5CCNCC5)C3=N4)cc2)CC1,6,False,False,True,selfies_token_mutation
CAND_b1f3d6459c,selfies,JAK2_3647a2142d,CCC=CC(=CC=CC1=CC=CC=NC=CC2C=CC1C2C(=O)N1CCCNCC1)CN1CCS(=O)(=O)CC1,INFLGEIUUFXSAY-UHFFFAOYSA-N,True,True,True,550.769,3.4866,82.08,1,6,7,0.3878,5.24,O=C(C1C2C=CN=CC=CC=C(C=CC=CCN3CCS(=O)(=O)CC3)C1C=C2)N1CCCNCC1,11,False,True,True,selfies_token_mutation
CAND_050ec7cf98,selfies,JAK2_2dc2722230,FC=CC(=CCF)c1cccc2ncc(-c3cnn(C4CCNCC4)c3)nc12,WYBVODNDRDNSBS-UHFFFAOYSA-N,True,True,True,381.43,4.2539,55.63,1,4,5,0.6714,2.8,c1ccc2nc(-c3cnn(C4CCNCC4)c3)cnc2c1,6,False,False,True,selfies_token_mutation
CAND_677a6d7b92,selfies,JAK2_2dc2722230,C=CCNCc1c(F)cc(-c2cccc3ncc(-c4cnn(C5CCNCC5)c4)nc23)cc1F,XDFNAMJPXLXNDK-UHFFFAOYSA-N,True,True,True,460.532,4.6386,67.66,2,5,7,0.3108,3.689,c1ccc(-c2cccc3ncc(-c4cnn(C5CCNCC5)c4)nc23)cc1,6,False,False,True,selfies_token_mutation
CAND_9f41f4ecad,selfies,JAK2_2dc2722230,FC=C1C(CN2CCOCC2)=C(F)C=PC1c1ccccncc(-c2cnn(C3CCNCO3)c2)nc1,ZYZMOCYZTGQVSX-UHFFFAOYSA-N,True,True,True,526.528,4.1428,77.33,1,7,5,0.5872,4.806,C=C1C(CN2CCOCC2)=CC=PC1c1ccccncc(-c2cnn(C3CCNCO3)c2)nc1,10,False,True,True,selfies_token_mutation
CAND_02dd97238c,selfies,JAK2_2dc2722230,Fc1cc(-c2cccc3ncc(CC=NN4C=C5CC4CCN5)nc23)cc(F)c1CNC1CN=COC1,ZATJEJADBQJMKA-UHFFFAOYSA-N,True,True,True,503.557,3.529,87.03,2,8,7,0.4801,4.428,C1=NCC(NCc2ccc(-c3cccc4ncc(CC=NN5C=C6CC5CCN6)nc34)cc2)CO1,6,False,False,True,selfies_token_mutation
CAND_a55df73bd9,selfies,JAK2_2dc2722230,FC=C1C(C=C2C=CC[SH]3C=C(c4cnn(C5CCNCC5)c4)ON=C23)=CC(F)=C1CN1CCOCC1,DIEIIAHXQJFPET-UHFFFAOYSA-N,True,True,True,527.641,4.2963,63.91,2,6,5,0.5596,4.062,C=C1C(C=C2C=CC[SH]3C=C(c4cnn(C5CCNCC5)c4)ON=C23)=CC=C1CN1CCOCC1,6,False,False,True,selfies_token_mutation
CAND_64b29a9efc,selfies,JAK2_2dc2722230,C=NC1=CNC#CC=CC(C=CF)=CS(F)=CCNCCOCCc2c1cnn2C1CCNCC1,CMCKUGUEKOXNEQ-UHFFFAOYSA-N,True,True,True,502.635,3.3983,75.5,3,6,3,0.3357,4.423,C1#CNC=Cc2cnn(C3CCNCC3)c2CCOCCNCC=[SH]C=CC=C1,20,True,False,True,selfies_token_mutation
CAND_e16c37a483,selfies,JAK2_2dc2722230,FC=CC(=CCN1CCOCC1)c1cccc2c1=Nc1c(cnn1C1CCNCC1)C=CN=2,ZHWNGMHXAGBYGD-UHFFFAOYSA-N,True,True,True,448.546,2.5616,67.04,1,6,5,0.7144,3.872,C(=Cc1cccc2c1=Nc1c(cnn1C1CCNCC1)C=CN=2)CN1CCOCC1,8,False,True,True,selfies_token_mutation
CAND_c28ad86f81,selfies,JAK2_2dc2722230,CC1CNCCN1N=CCC1=CN=CC=C2C=CC(C(F)=CCN3CCOCC3)C(=CF)C21C,MHHYFESBEJFBIT-UHFFFAOYSA-N,True,True,True,471.596,3.782,52.46,1,6,6,0.5994,4.176,C=C1C(C=CCN2CCOCC2)C=CC2=CC=NC=C(CC=NN3CCNCC3)C12,7,False,False,True,selfies_token_mutation
CAND_a3ed9c2035,selfies,JAK2_2dc2722230,FC=C1C=NC(C=NC=CCC2=NN(CC3CNCSC3)C2)C1=CC(F)=CCN1CCOCC1,DACNTJYKSJPVHZ-UHFFFAOYSA-N,True,True,True,490.624,2.9611,64.82,1,8,9,0.5038,4.406,C=C1C=NC(C=NC=CCC2=NN(CC3CNCSC3)C2)C1=CC=CCN1CCOCC1,6,False,False,True,selfies_token_mutation
CAND_7ffa814118,selfies,JAK2_2dc2722230,CC(C=C(C=CF)C=CC=Cc1cnc(-c2cnn(C3CCNCC3)c2)cn1)CN1CCOCC1,DKXBFIXLFQDTBE-UHFFFAOYSA-N,True,True,True,478.616,4.2119,68.1,1,6,9,0.5448,4.09,C(=CC=Cc1cnc(-c2cnn(C3CCNCC3)c2)cn1)C=CCCN1CCOCC1,6,False,False,True,selfies_token_mutation
CAND_629f0301ac,selfies,JAK2_2dc2722230,CC=C1C(C=CF)=Cc2ncc(-c3cnn(C4CCNCC4)c3)nc21,GIQLIXROPYYHDQ-UHFFFAOYSA-N,True,True,True,337.402,3.5481,55.63,1,4,3,0.9305,2.375,C=C1C=Cc2ncc(-c3cnn(C4CCNCC4)c3)nc21,6,False,False,True,selfies_token_mutation
CAND_e3c3a12a16,selfies,JAK2_2dc2722230,C=NC(=CN=CC=CC=CC(C=CF)=CC(O)F)CCCl,LKQSMKOZZPDDGA-UHFFFAOYSA-N,True,True,True,314.763,4.038,44.95,1,3,9,0.3895,2.375,,0,False,False,True,selfies_token_mutation
CAND_9e471103c9,selfies,JAK2_1ca43c17b9,O=COCC1C(Cl)N1CCNC1=C2C=CC(NC=N1)NN2,GFHVBHXARSWPDH-UHFFFAOYSA-N,True,True,True,312.761,-1.2112,89.79,4,8,7,0.2029,4.375,C1=CC2NC=NC(NCCN3CC3)=C1NN2,8,False,True,True,selfies_token_mutation
CAND_3c488ca977,selfies,JAK2_1ca43c17b9,N=CN(CCNC1OCNC(C2=NNCC=C2)c2cccn21)C(=O)CC=CC=CCl,NTNFQRWLZXPOIY-UHFFFAOYSA-N,True,True,True,431.928,1.8021,106.77,4,7,9,0.2708,3.83,C1=CC(C2NCOCn3cccc32)=NNC1,7,False,False,True,selfies_token_mutation
CAND_ca34249cfb,selfies,JAK2_1ca43c17b9,CC1=CC(NC=NC(NCCN(CC#CN)C(=O)c2ccccc2Cl)n2cccc2)N1,RNLJMEUMSZYFFL-UHFFFAOYSA-N,True,True,True,439.951,1.7002,99.71,4,5,10,0.1953,4.0,O=C(NCCNC(N=CNC1C=CN1)n1cccc1)c1ccccc1,6,False,False,True,selfies_token_mutation
CAND_1c8ec84438,selfies,JAK2_1ca43c17b9,CC=C1NN=C1NC=NC1(NC=CC=COF)NCN(C(=O)c2ccccc2Cl)CC1=N,MCRLUULTPMCHAZ-UHFFFAOYSA-N,True,True,True,460.901,1.973,126.23,5,8,7,0.1832,3.491,C=C1NN=C1NC=NC1NCN(C(=O)c2ccccc2)CC1=N,6,False,False,True,selfies_token_mutation
CAND_4918d57f13,selfies,JAK2_1ca43c17b9,O=C1N2CCNC3=Nn4cccc4C14NCC(C=C4CC2)NC=N3,NNCSXYOOLUOACP-UHFFFAOYSA-N,True,True,True,325.376,-0.8323,86.05,3,6,0,0.5435,3.2,O=C1N2CCNC3=Nn4cccc4C14NCC(C=C4CC2)NC=N3,11,False,True,True,selfies_token_mutation
CAND_8d4094be50,selfies,JAK2_1ca43c17b9,CC=C1NN=C1NC=NCC1=Nn2cccc2C2CN1CCN2C(=O)c1ccccc1Cl,CLYINPOYTGWGAJ-UHFFFAOYSA-N,True,True,True,450.934,2.2542,89.62,2,6,4,0.552,3.511,C=C1NN=C1NC=NCC1=Nn2cccc2C2CN1CCN2C(=O)c1ccccc1,7,False,False,True,selfies_token_mutation
CAND_b17ae500fc,selfies,JAK2_1ca43c17b9,CC=C1NN=C1NC=NC(=NNn1cccc1)N1CCN(C(=O)c2ccccc2Cl)CC1,VQLJHRSDJUTPPT-UHFFFAOYSA-N,True,True,True,453.938,1.8524,101.65,3,5,4,0.3724,3.077,C=C1NN=C1NC=NC(=NNn1cccc1)N1CCN(C(=O)c2ccccc2)CC1,6,False,False,True,selfies_token_mutation
CAND_8fe79f9f6b,selfies,JAK2_1ca43c17b9,ON(CN(Cl)CCNC1=Nn2cccc2N(C2=NNCC=C2)C=N1)c1ccccc1,YSOYSQDEKZVICE-UHFFFAOYSA-N,True,True,True,427.9,1.8271,96.02,3,9,6,0.3696,3.183,C1=CC(N2C=NC(NCCNCNc3ccccc3)=Nn3cccc32)=NNC1,7,False,False,True,selfies_token_mutation
CAND_e6fcee1895,selfies,JAK2_1ca43c17b9,O=CN1C=Nn2cccc2C2NC3C=C2C(N=NCN3)NCC1,CZKTVFWTDCRIDX-UHFFFAOYSA-N,True,True,True,314.353,-0.4231,98.41,3,7,1,0.4841,3.375,C1=Nn2cccc2C2NC3C=C2C(N=NCN3)NCCN1,11,False,True,True,selfies_token_mutation
CAND_578d0c3827,selfies,JAK2_1ca43c17b9,O=CN1CCN2NN=C3C=CC1c1cccn1N=C2N=CN3,KABABAOOVTUXJH-UHFFFAOYSA-N,True,True,True,298.31,-0.5583,89.62,2,7,1,0.6803,2.875,C1=CC2NCCN3NN=C1NC=NC3=Nn1cccc12,10,False,True,True,selfies_token_mutation
CAND_45341a8161,selfies,JAK2_522c241c10,ClC1C=CCOCC=CN=CC=Cc2ccnc(n2)N1,APNURSFQDLYQHA-UHFFFAOYSA-N,True,True,True,290.754,2.6375,59.4,1,5,0,0.4532,2.95,C1=Cc2ccnc(n2)NCC=CCOCC=CN=C1,16,True,False,True,selfies_token_mutation
CAND_8c447f5c2b,selfies,JAK2_522c241c10,CCOCc1cc(-n2cnccc2=N)ccc1OCCN1CCCC1,MHOGZDRGAWLSEW-UHFFFAOYSA-N,True,True,True,342.443,2.3629,63.37,1,5,8,0.7999,2.75,N=c1ccncn1-c1ccc(OCCN2CCCC2)cc1,6,False,False,True,selfies_token_mutation
CAND_cf1e01a3ec,selfies,JAK2_522c241c10,C1=CC2C=CCOC/C(=C/COCc3ccc(s3)-c3ccnc(n3)N2)C(CCN2CCCC2)=C1,RLRJTPMCIBWMEK-SMBTWPMYSA-N,True,True,True,476.646,4.9971,59.51,1,7,3,0.6296,4.729,C1=CC2C=CCOC/C(=C/COCc3ccc(s3)-c3ccnc(n3)N2)C(CCN2CCCC2)=C1,17,True,False,True,selfies_token_mutation
CAND_10956fc923,selfies,JAK2_522c241c10,C=CC1NOCc2ccc(s2)-c2ccnc(n2)NC2C=CCN2CCOC2=CC=[SH]N=C2C=CCO1,MQNSCUJXGNUMBZ-UHFFFAOYSA-N,True,True,True,524.672,3.4724,93.13,3,10,1,0.2968,4.995,C1=CC2=N[SH]=CC=C2OCCN2CC=CC2Nc2nccc(n2)-c2ccc(s2)CONCOC1,22,False,False,True,selfies_token_mutation
CAND_fb936f31dc,selfies,JAK2_522c241c10,CCCCNCCOc1ccc2cc1COC/C=C/COCc1ccc(s1)-c1ccnc(n1)N2,KIVXQQGVZWQOIF-SNAWJCMRSA-N,True,True,True,480.634,5.3202,77.53,2,8,7,0.35,4.961,C1=C/COCc2ccc(s2)-c2ccnc(n2)Nc2cccc(c2)COC/1,18,True,False,True,selfies_token_mutation
CAND_acf000e326,selfies,JAK2_522c241c10,C=CCCNCCOc1ccc2cc1COC/C=C/COC=CC=Cc1ccnc(n1)N2,GQKNTIJHXZFLPN-DEGJXWRISA-N,True,True,True,434.54,4.3946,77.53,2,7,7,0.4941,4.295,C1=COC/C=C/COCc2cccc(c2)Nc2nccc(n2)C=C1,18,True,False,True,selfies_token_mutation
CAND_f252b25b89,selfies,JAK2_522c241c10,C1=Cc2cc(c3cc2-c2nccc(n2)-c2ccc(s2)COC/C=C/COC3)OCCNCCC1,SCZKPPRQPAHWLJ-SPUKQAMJSA-N,True,True,True,475.614,5.2505,65.5,1,7,0,0.4482,4.223,C1=Cc2cc(c3cc2-c2nccc(n2)-c2ccc(s2)COC/C=C/COC3)OCCNCCC1,17,True,False,True,selfies_token_mutation
CAND_abc0b170d2,selfies,JAK2_522c241c10,C=CCOCc1cc(Nc2nccc(-c3ccc(Cl)s3)n2)ccc1OCCNCCCF,XRECCQYHHHXIDQ-UHFFFAOYSA-N,True,True,True,477.005,5.6327,68.3,2,7,14,0.2319,4.272,c1ccc(Nc2nccc(-c3cccs3)n2)cc1,6,False,False,True,selfies_token_mutation
CAND_6d755de44e,selfies,JAK2_522c241c10,C=CCOCc1cc(NC=NC=CCF)ccc1OCCN1CCCC1,LCUQWDUMTIYBKI-UHFFFAOYSA-N,True,True,True,361.461,3.7872,46.09,1,4,12,0.2663,3.064,c1ccc(OCCN2CCCC2)cc1,6,False,False,True,selfies_token_mutation
CAND_b2669d1c16,selfies,JAK2_522c241c10,C1=CC2(c3cccs3)COC/C2=C/COCc2cc(ccc2NCCN2CCCC2)NC=N1,REAFDZJGOWITHA-IXZFKCBESA-N,True,True,True,464.635,4.6345,58.12,2,7,5,0.6319,4.912,C1=CC2(c3cccs3)COC/C2=C/COCc2cc(ccc2NCCN2CCCC2)NC=N1,14,True,False,True,selfies_token_mutation
CAND_29f14ece22,selfies,JAK2_522c241c10,C=C1COCc2ccc(s2)-c2ccnc(n2)Nc2ccc(OCCN3CCCC3)c(c2)COOC1,CHPYAOVXINBCKT-UHFFFAOYSA-N,True,True,True,494.617,4.9579,77.97,1,9,4,0.403,4.703,C=C1COCc2ccc(s2)-c2ccnc(n2)Nc2ccc(OCCN3CCCC3)c(c2)COOC1,18,True,False,True,selfies_token_mutation
CAND_098d3afa25,selfies,JAK2_2b858ec493,CC1(O)COCC=CC=CC(NCSC(=C=N)c2c(F)cc(C(C)(C)O)cc2F)C1,KMSOZPYUHZQTQE-UHFFFAOYSA-N,True,True,True,438.54,3.7142,85.57,4,6,6,0.4019,3.742,C=C(SCNC1C=CC=CCOCCC1)c1ccccc1,10,False,True,True,selfies_token_mutation
CAND_e4009589d9,selfies,JAK2_2b858ec493,CCCOCOCc1cccc(Nc2sc(-c3c(F)cc(CCCO)cc3F)cc2C(N)=O)n1,AZKSJYZBKOVLBN-UHFFFAOYSA-N,True,True,True,491.56,4.7564,106.7,3,7,13,0.2352,4.036,c1ccc(-c2ccc(Nc3ccccn3)s2)cc1,6,False,False,True,selfies_token_mutation
CAND_900c813cc5,selfies,JAK2_2b858ec493,CC(C)(C)OCC=CC=CC(=O)NCS1=NCC=C1c1c(F)cc(C(C)(C)O)cc1F,SQEIBBDWVYEFKZ-UHFFFAOYSA-N,True,True,True,452.567,4.3498,70.92,2,4,8,0.4551,3.32,C1=C(c2ccccc2)[SH]=NC1,6,False,False,True,selfies_token_mutation
CAND_e0ebd7a87b,selfies,JAK2_2b858ec493,CC1(O)CN=C(Nc2sc(-c3c(F)cc(C(C)(C)O)cc3F)cc2C(N)=O)C=CC=CCOC1,HHWJPZTZVLJDDW-UHFFFAOYSA-N,True,True,True,491.56,3.7236,117.17,4,7,4,0.5201,3.786,C1=CCOCCCN=C(Nc2ccc(-c3ccccc3)s2)C=C1,11,False,True,True,selfies_token_mutation
CAND_3986cbcf38,selfies,JAK2_2b858ec493,CC(C)NCOCOCc1cccc(Nc2sc(-c3c(F)cc(C(C)(C)O)cc3F)cc2C(N)=O)n1,UMJSUKCYFZEAJS-UHFFFAOYSA-N,True,True,True,520.602,4.6044,118.73,4,8,12,0.2035,4.198,c1ccc(-c2ccc(Nc3ccccn3)s2)cc1,6,False,False,True,selfies_token_mutation
CAND_c77f4ba4cd,selfies,JAK2_2b858ec493,CC(C)(O)COCC=CC=CC(=O)NCS1=S(CN)CC=C1c1c(F)cc(C(C)(C)O)cc1F,GTFCCVSYXREAHB-UHFFFAOYSA-N,True,True,True,516.676,2.5881,104.81,4,5,11,0.2056,4.301,C1=C(c2ccccc2)[SH]=[SH]C1,6,False,False,True,selfies_token_mutation
CAND_8b7a4ca476,selfies,JAK2_2b858ec493,CC(C)(O)COCC=CC1=CC(NCSC(C=C(F)C=C(C=CNOF)C(C)(C)O)=CCC(N)=O)=N1,PIMLRWGNOVMZHR-UHFFFAOYSA-N,True,True,True,528.622,3.1358,138.43,5,9,16,0.0892,3.742,C1=CN=C1,4,False,False,True,selfies_token_mutation
CAND_ca8b7d60c7,selfies,JAK2_2b858ec493,CC(C=CC(S)=CC(N)SCNC(=O)C=CC=CCOCC(C)(C)O)CCOC=CF,CGXFLFCQRVNDJW-UHFFFAOYSA-N,True,True,True,474.664,3.8314,93.81,4,7,16,0.0678,3.693,,0,False,False,True,selfies_token_mutation
CAND_6bb2c95a28,selfies,JAK2_2b858ec493,CC(C)(O)COCC=CC=CCNCSC(F)COCF,SCBFFIQXCGFNIN-UHFFFAOYSA-N,True,True,True,325.421,2.4058,50.72,2,5,13,0.3093,2.75,,0,False,False,True,selfies_token_mutation
CAND_fac55b56ab,selfies,JAK2_2b858ec493,CC(C)(C)OCc1cccc(Nc2sc(-c3c(F)cc(C(C)(C)O)cc3F)cc2C(N)=O)n1,YLOFWYWTJIMJAA-UHFFFAOYSA-N,True,True,True,475.561,5.4733,97.47,3,6,7,0.4208,3.559,c1ccc(-c2ccc(Nc3ccccn3)s2)cc1,6,False,False,True,selfies_token_mutation
CAND_18fac042a7,selfies,JAK2_2b858ec493,CC(C)(O)COCCOC=CC(=O)NCSC(N)c1c(F)cc(C(C)(C)O)cc1F,KMROUFZXOJWFIK-UHFFFAOYSA-N,True,True,True,448.532,2.2742,114.04,4,7,12,0.1679,3.547,c1ccccc1,6,False,False,True,selfies_token_mutation
CAND_6a93d76de4,selfies,JAK2_c4f254cc9f,CC1=CC=CC(C(C=Cc2c(N)nn3cccnc23)=NC=N)C1,KWJAHBPOEZEOTG-UHFFFAOYSA-N,True,True,True,306.373,2.8952,92.42,2,4,4,0.6716,2.5,N=C(C=Cc1cnn2cccnc12)C1C=CC=CC1,6,False,False,True,selfies_token_mutation
CAND_036a167dd1,selfies,JAK2_c4f254cc9f,C#CC(F)=CC=CCOc1cc(-c2c(N)nn3cccnc23)ncn1,TXMWKXCQKVEYGX-UHFFFAOYSA-N,True,True,True,336.33,2.1901,91.22,1,6,5,0.5672,2.375,c1cnc2c(-c3ccncn3)cnn2c1,6,False,False,True,selfies_token_mutation
CAND_3f62feaabe,selfies,JAK2_c4f254cc9f,C#CC(F)=CC=CCOCC(NC=N)=C1N=CC=CN1N=CN,MJLCJCBWPRSNOT-UHFFFAOYSA-N,True,True,True,316.34,1.2137,99.09,3,5,8,0.206,2.25,C=C1N=CC=CN1,6,False,False,True,selfies_token_mutation
CAND_56d9646909,selfies,JAK2_c4f254cc9f,Fc1ccc(COc2cc(-c3nccc[nH]ncn3)ncn2)cc1,ILZKYOXIOLGZTH-UHFFFAOYSA-N,True,True,True,324.319,2.4992,89.47,1,6,4,0.7929,2.75,c1ccc(COc2cc(-c3nccc[nH]ncn3)ncn2)cc1,9,False,True,True,selfies_token_mutation
CAND_131b134968,selfies,JAK2_c4f254cc9f,N=CC(C=Cc1c(N)nn2cccnc12)OC1CC=C(F)C=C1N,JPMVDXOSHVTUFF-UHFFFAOYSA-N,True,True,True,328.351,1.8278,115.31,3,6,5,0.7242,2.875,C1=CCC(OCC=Cc2cnn3cccnc23)C=C1,6,False,False,True,selfies_token_mutation
CAND_fbb12f28c8,selfies,JAK2_c4f254cc9f,C=CC(F)=CC=CCOC12C=C(N=CN1)c1c(N)nn3ccc2nc13,VYNNBEVLJDVRBB-UHFFFAOYSA-N,True,True,True,338.346,2.0625,89.83,2,6,5,0.8147,2.875,C1=NC2=CC(N1)c1ccn3ncc2c3n1,7,False,False,True,selfies_token_mutation
CAND_16913144f0,selfies,JAK2_c4f254cc9f,C=C1N=CN=C(OCc2ccc(F)cc2)C2N=CC=CNN=C(ON)C12,GTSYENFYHUEGFM-UHFFFAOYSA-N,True,True,True,356.361,1.6727,105.95,2,8,2,0.7863,3.035,C=C1N=CN=C(OCc2ccccc2)C2N=CC=CNN=CC12,9,False,True,True,selfies_token_mutation
CAND_b9f8b34629,selfies,JAK2_c4f254cc9f,CC1(c2cc(OCc3ccc(F)cc3)ncn2)N=CC=CNN=CN1,CFOCVVRPAMTTCK-UHFFFAOYSA-N,True,True,True,340.362,2.088,83.79,2,7,4,0.8903,3.0,C1=CNN=CNC(c2cc(OCc3ccccc3)ncn2)N=C1,9,False,True,True,selfies_token_mutation
CAND_daebe71348,selfies,JAK2_8953307114,CC=CC(=C1C=C1NC(=O)N1CCOCC1)c1cccc2nc(Nc3ccc(N4CCN(C)CC4)cn3)oc12,DCNDEPCODVAGRR-UHFFFAOYSA-N,True,True,True,527.629,3.9872,99.0,2,8,6,0.4967,3.937,O=C(NC1=CC1=Cc1cccc2nc(Nc3ccc(N4CCNCC4)cn3)oc12)N1CCOCC1,6,False,False,True,selfies_token_mutation
CAND_d8603b0c88,selfies,JAK2_8953307114,CN1CCN(c2ccc3c(c2)C2Cc4cc(ccc4C(=O)N4CCOCC4)C=CC=CCN=C(N3)O2)CC1,BECLPXBMPZDWQB-UHFFFAOYSA-N,True,True,True,513.642,3.5757,69.64,1,7,2,0.6623,4.809,O=C(c1ccc2cc1CC1OC(=NCC=CC=C2)Nc2ccc(N3CCNCC3)cc21)N1CCOCC1,13,True,False,True,selfies_token_mutation
CAND_f112184dd3,selfies,JAK2_8953307114,CC=C1OC=CC=C1c1cccc2nc(Nc3ccc(N4CCN(C)CC4)cc3)oc12,YWOSJCHVJXTYLD-UHFFFAOYSA-N,True,True,True,414.509,5.1543,53.77,1,6,4,0.6369,3.136,C=C1OC=CC=C1c1cccc2nc(Nc3ccc(N4CCNCC4)cc3)oc12,6,False,False,True,selfies_token_mutation
CAND_c21d63c71c,selfies,JAK2_8953307114,O=C(C=CC1C=CC#CC2=NCC=CC=C1C(O)C#CC=CN2)N1CCOCC1,FHOVSDVJLPTEHU-UHFFFAOYSA-N,True,True,True,389.455,0.9531,74.16,2,5,2,0.5449,4.169,O=C(C=CC1C=CC#CC2=NCC=CC=C1CC#CC=CN2)N1CCOCC1,13,True,False,True,selfies_token_mutation
CAND_d0ff52f244,selfies,JAK2_8953307114,Cc1cc(C=CC=CCN=C2Nc3ccc(N4CCN(C)CC4)cc3CO2)ccc1C(=O)N1CCOCC1,HWCGUZFMUCRPHE-UHFFFAOYSA-N,True,True,True,515.658,3.7869,69.64,1,6,6,0.5908,3.87,O=C(c1ccc(C=CC=CCN=C2Nc3ccc(N4CCNCC4)cc3CO2)cc1)N1CCOCC1,6,False,False,True,selfies_token_mutation
CAND_47f59a6d20,selfies,JAK2_8953307114,CC=CC1=CC=C(C(=O)NCCOC)[SH](c2ccc(N3CCN(C)CC3)cc2)NC2=NCC=CC(=C1)CO2,ZBIJOOXIKZEIIM-UHFFFAOYSA-N,True,True,True,537.73,3.3345,78.43,3,7,7,0.366,4.668,C1=CC=C2C=CCN=C(N[SH](c3ccc(N4CCNCC4)cc3)C=C1)OC2,11,False,True,True,selfies_token_mutation
CAND_7dce99bd6a,selfies,JAK2_8953307114,O=C(C=CC=C1C=CC#CONC(NC=CCl)=NCC=CC=C1)N1CCOCC1,PTSBDGPGWXSPBV-UHFFFAOYSA-N,True,True,True,414.893,2.1477,75.19,2,6,3,0.5464,3.436,O=C(C=CC=C1C=CC#CONC=NCC=CC=C1)N1CCOCC1,14,True,False,True,selfies_token_mutation
CAND_0208ffdf1d,selfies,JAK2_8953307114,COc1cc(N2CCN(C)CC2)ccc1NC=NCC=CC=Cc1ccc(C=NC=O)c(C)c1,KMLYAEAIWVRSDG-UHFFFAOYSA-N,True,True,True,459.594,4.0405,69.53,1,5,10,0.2514,3.609,C(C=Cc1ccccc1)=CCN=CNc1ccc(N2CCNCC2)cc1,6,False,False,True,selfies_token_mutation
CAND_5b586ddccd,selfies,JAK2_8953307114,CN1CCN(c2ccc(NC3=NCC=C4C=C(CC56C=C(C5)C(C(=O)N5CCOCC5)=C6)C4O3)cc2)CC1,BKPOFYHJDAZRMI-UHFFFAOYSA-N,True,True,True,513.642,2.9769,69.64,1,7,5,0.6531,4.234,O=C(C1=CC2(CC3=CC4=CCN=C(Nc5ccc(N6CCNCC6)cc5)OC43)C=C1C2)N1CCOCC1,7,False,False,True,selfies_token_mutation
CAND_63f0abd5dd,selfies,JAK2_8953307114,CC=C1C(C=CC=CCN=C2Nc3ccc(cc3)N3CCN(C)C(C3)SCO2)=CC=C1C(=O)N1CCOCC1,JFKDGFSBGHSQLT-UHFFFAOYSA-N,True,True,True,547.725,4.0372,69.64,1,7,5,0.5584,5.373,C=C1C(C=CC=CCN=C2Nc3ccc(cc3)N3CCNC(C3)SCO2)=CC=C1C(=O)N1CCOCC1,12,True,False,True,selfies_token_mutation
CAND_3ff4939759,selfies,JAK2_8953307114,CCCCNC(=O)c1ccc2cc1CC1OC(=NCC=CC=C2)Nc2ccc(N3CCN(C)CC3)cc21,YDAJNDHCEROUHB-UHFFFAOYSA-N,True,True,True,499.659,4.6332,69.2,2,6,5,0.5872,5.106,C1=CCN=C2Nc3ccc(N4CCNCC4)cc3C(Cc3cccc(c3)C=C1)O2,13,True,False,True,selfies_token_mutation
CAND_646b026cbb,selfies,JAK2_461d9c7add,CC(C)(C)N[SH](O)C1=CC=CC2=Cc3c(N)ncc(C(=O)NCCO)c3[SH]2C=C1,OLGFRITWRCYXBB-UHFFFAOYSA-N,True,True,True,436.603,2.8452,120.5,7,6,5,0.3566,3.856,C1=CC=C[SH]2C(=Cc3cnccc32)C=C1,8,False,True,True,selfies_token_mutation
CAND_c9b7bd6717,selfies,JAK2_461d9c7add,COCCC(N)C(C=NC(N)=CC=CC(C)=CC=CS(=O)(=O)NC(C)(C)C)SC,NVYVOUOPIGKKQO-UHFFFAOYSA-N,True,True,True,444.667,2.6868,119.8,3,7,12,0.3144,3.526,,0,False,False,True,selfies_token_mutation
CAND_6add5c0b2f,selfies,JAK2_461d9c7add,CC12CC=CSC3OC(CC=O)C=NC(N)=CC=C3C(=C=CC=CS(=O)(=O)N1)C2,KVWLNOWIXAVLTH-UHFFFAOYSA-N,True,True,True,433.555,2.4252,110.85,2,7,2,0.5111,3.714,O=S1(=O)C=CC=C=C2CC(CC=CSC3OCC=NC=CC=C23)N1,9,False,True,True,selfies_token_mutation
CAND_5f223c007d,selfies,JAK2_461d9c7add,CC(C)(C)NS(=O)(=O)C=C1C=CSC(C=Cc2c(N)ncc(C(=O)NCCO)c2S)=C1,UBXARDUGWHAZOZ-UHFFFAOYSA-N,True,True,True,482.653,2.434,134.41,5,8,7,0.3768,3.112,C=C1C=CSC(C=Cc2cccnc2)=C1,6,False,False,True,selfies_token_mutation
CAND_1aa93c9888,selfies,JAK2_461d9c7add,CC(C)=C(C)NS(=O)(=O)C1C=CC(C=C2C=C(CNN=CCC(=O)NCCO)CS2)=C1,DTOBKPNVXCKYLO-UHFFFAOYSA-N,True,True,True,466.629,1.7155,119.89,4,7,11,0.2719,3.773,C1=CC(C=C2C=CCS2)=CC1,5,False,False,True,selfies_token_mutation
CAND_1fc22772f5,selfies,JAK2_461d9c7add,CC(C)(C)NS(=O)(=O)C=C1C=CC(CS2=Cc3c(N)ncc(C(=O)NCCO)c3S2)=C1,HSYANPLLSWFHIA-UHFFFAOYSA-N,True,True,True,482.653,1.9238,134.41,4,7,7,0.3445,3.612,C=C1C=CC(CS2=Cc3cnccc3S2)=C1,6,False,False,True,selfies_token_mutation
CAND_661c01c17b,selfies,JAK2_461d9c7add,C[SH]1C(OC2=CC(=CS(=O)(=O)NC(C)(C)C)C2)=Cc2c(N)ncc(C(=O)NCCO)c21,NRLOQVIFSDPHMY-UHFFFAOYSA-N,True,True,True,468.601,1.5938,143.64,5,7,7,0.3824,3.534,C=C1C=C(OC2=Cc3cnccc3S2)C1,6,False,False,True,selfies_token_mutation
CAND_ea5586fe3e,selfies,JAK2_461d9c7add,CC1(C)CCC(C=CC=C(N)N=CCC=O)=CC=CS(=O)(=O)N1,QRNNHPIACFHPKE-UHFFFAOYSA-N,True,True,True,337.445,1.9344,101.62,2,5,5,0.4545,2.375,O=S1(=O)C=CC=CCCCN1,9,False,True,True,selfies_token_mutation
CAND_a7b294ca53,selfies,JAK2_461d9c7add,C=CC(=C=CS(=O)(=O)NC(C)(C)C)C=C1C=C(N)N=CC2=C(NS1)OCCNC2=O,FPVMWJOLBAJGPU-UHFFFAOYSA-N,True,True,True,451.574,1.2935,134.91,4,8,4,0.2873,3.064,C=C1C=CN=CC2=C(NS1)OCCNC2=O,9,False,True,True,selfies_token_mutation
CAND_e7083b7670,selfies,JAK2_0455727edb,CCN(C)CCNC(=O)COCN=C(N)c1csc(-c2ccc(S(=O)(=O)NC(C)(C)C)cc2)c1,OCQSQBPAGPPSCS-UHFFFAOYSA-N,True,True,True,509.698,2.2392,126.12,3,7,12,0.2289,3.887,c1ccc(-c2cccs2)cc1,6,False,False,True,selfies_token_mutation
CAND_f9e74d2a69,selfies,JAK2_0455727edb,CN(C)CCNC1(C)CN=C2CC=C(CC=CS(=O)(=O)NC(C)(C)C)C=CSC1=N2,SNDYVFODSYSOEY-UHFFFAOYSA-N,True,True,True,453.678,2.9056,86.16,2,7,8,0.5902,3.826,C1=CCC2=NCCC(=N2)SC=C1,9,False,True,True,selfies_token_mutation
CAND_83b5eda4ea,selfies,JAK2_0455727edb,CN(C)CCNC(=O)C=CN=C1CNCC=C(C=CC=C(CCl)S(=O)(=O)NC(C)(C)C)CSC1,GUMZTRYSGNHNSC-UHFFFAOYSA-N,True,True,True,532.176,2.2785,102.9,3,7,10,0.2269,4.012,N=C1CNCC=CCSC1,9,False,True,True,selfies_token_mutation
CAND_c490a486f3,selfies,JAK2_0455727edb,CN(C)CCNC(=O)C=CN=C(N)c1c2sc(-c3ccc(S(=O)(=O)NC(C)(C)C)cc3)c1-2,WTSSMXRTKRCGQQ-UHFFFAOYSA-N,True,True,True,475.64,2.3691,116.89,3,6,9,0.2495,3.573,c1ccc(-c2sc3cc2-3)cc1,6,False,False,True,selfies_token_mutation
CAND_a1d3c817f2,selfies,JAK2_0455727edb,CCCCNC(=O)C1=CN=C(N)C2=S1c1cc(S(=O)(=O)NC(C)(C)C)ccc1OC=C2,CCDPZNDJLMLZNM-UHFFFAOYSA-N,True,True,True,464.613,2.5982,122.88,3,6,6,0.4411,3.387,C1=CS2=C(C=COc3ccccc32)C=N1,7,False,False,True,selfies_token_mutation
CAND_4d28445841,selfies,JAK2_0455727edb,CCC(C)NS(=O)(=O)C1=CC(=CC2=Cc3c(N)ncc(OC(Cl)NCCN(C)C)c32)C=CC1,HPOOQFMOWJKLCG-UHFFFAOYSA-N,True,True,True,494.061,3.0583,109.58,3,7,11,0.2467,4.425,C1=CC(=CC2=Cc3cnccc32)C=CC1,6,False,False,True,selfies_token_mutation
CAND_4b10ada9b2,selfies,JAK2_0455727edb,CN(C)CCNC(=O)C=CN=c1ccsc(-c2ccc(S(=O)(=O)NC(C)(C)C)cc2)c1,DIORSFYXOJMIRY-UHFFFAOYSA-N,True,True,True,462.641,2.5841,90.87,2,6,8,0.5902,3.126,N=c1ccsc(-c2ccccc2)c1,6,False,False,True,selfies_token_mutation
CAND_5926a203aa,selfies,JAK2_0455727edb,CNCCCCNC(=O)C=CN=C1CC=C(C=CC=C(CS)S(=O)(=O)NC(C)(C)C)C=N1,AWKRTWHHTACSLM-UHFFFAOYSA-N,True,True,True,481.688,2.5031,112.02,4,6,12,0.1485,3.482,N=C1CC=CC=N1,6,False,False,True,selfies_token_mutation
CAND_9482b41190,selfies,JAK2_0455727edb,CN(N)CCCNN(O)c1cnc(N)c2cc(-c3ccc(S(=O)(=O)NC(C)(C)O)cc3)sc12,ZAUTVJXEZBCLLB-UHFFFAOYSA-N,True,True,True,495.631,1.448,170.07,6,11,10,0.1047,3.809,c1ccc(-c2cc3cnccc3s2)cc1,6,False,False,True,selfies_token_mutation
CAND_dc71664b44,selfies,JAK2_0455727edb,CN(C)CCNC(=O)C=C1N=C(N)Cc2nc(C=CC=C(CCl)S(=O)(=O)NC(C)(C)S)sc21,SCLLOKPMCNLTPY-UHFFFAOYSA-N,True,True,True,533.145,1.7963,129.78,4,9,10,0.1195,3.767,C=C1N=CCc2ncsc21,6,False,False,True,selfies_token_mutation
CAND_e59ec275dd,selfies,JAK2_5d437cebf2,CC=CC1(Nc2nc3cccc(-c4ccc(C(=O)N5CCOCC5)cc4)c3o2)N=CC=C=C1C(=O)N(C)C,VUNWZGOPMGKUMF-UHFFFAOYSA-N,True,True,True,511.582,3.9056,100.27,1,7,6,0.398,4.098,O=C(c1ccc(-c2cccc3nc(NC4C=C=CC=N4)oc23)cc1)N1CCOCC1,6,False,False,True,selfies_token_mutation
CAND_cfd884cac3,selfies,JAK2_5d437cebf2,C=C1C(C2CCOCC(C)N2)=CC=CC12C=CC=CN=CN(C1C=CCC(C(=O)N(C)C)=C1)O2,QVFZQODIGLHTPZ-UHFFFAOYSA-N,True,True,True,462.594,3.2331,66.4,1,6,3,0.6527,4.501,C=C1C(C2CCOCCN2)=CC=CC12C=CC=CN=CN(C1C=CCC=C1)O2,9,False,True,True,selfies_token_mutation
CAND_dc11da12cf,selfies,JAK2_5d437cebf2,Cc1cc(NC2=NCC=CC(c3ccc(C(=O)N4CCOCO4)cc3)=COO2)ccc1C(=O)N(C)C,LOKBIHHCKREGLX-UHFFFAOYSA-N,True,True,True,492.532,3.3853,101.93,1,8,4,0.6531,3.792,O=C(c1ccc(C2=COOC(Nc3ccccc3)=NCC=C2)cc1)N1CCOCO1,9,False,True,True,selfies_token_mutation
CAND_a3ed0af441,selfies,JAK2_5d437cebf2,CC=C1C(NC=NC=C2C=CSC(c3ccc(C(=O)N4CCOCC4)cc3)=C2O)=CC=C1C(=O)N(C)C,BHMFTTRHKDURJX-UHFFFAOYSA-N,True,True,True,518.639,4.0063,94.47,2,6,6,0.4367,3.687,C=C1C=CC=C1NC=NC=C1C=CSC(c2ccc(C(=O)N3CCOCC3)cc2)=C1,6,False,False,True,selfies_token_mutation
CAND_9c255c1b13,selfies,JAK2_5d437cebf2,CN(C)C(=O)C1=CC2C=CC1c1c(-c3ccc(C(=O)N4CCOCC4)cc3)ccccncn12,MOHLRKAZKYCUDH-UHFFFAOYSA-N,True,True,True,456.546,3.3696,67.67,0,4,3,0.6645,4.167,O=C(c1ccc(-c2ccccncn3c2C2C=CC3C=C2)cc1)N1CCOCC1,9,False,True,True,selfies_token_mutation
CAND_05e501b9e3,selfies,JAK2_5d437cebf2,CCOCCOC(=O)c1ccc(-c2cccc3nc(NS4=CC=C(C(=O)N(C)C)C(CC)=C4)oc23)cc1,CJXWJVDNWZHYQU-UHFFFAOYSA-N,True,True,True,521.639,5.4082,93.9,1,7,10,0.2166,4.658,C1=CC=S(Nc2nc3cccc(-c4ccccc4)c3o2)C=C1,6,False,False,True,selfies_token_mutation
CAND_47244da440,selfies,JAK2_5d437cebf2,CC1=CC(C(=O)N2CCOCC2)=C=CC12C=CC=CN=CN(C1C=CCC(C(=O)N(C)C)=C1)O2,KLXOUUZOTKVUOY-UHFFFAOYSA-N,True,True,True,462.55,2.3139,74.68,0,6,3,0.4754,4.0,O=C(C1=C=CC2(C=CC=CN=CN(C3C=CCC=C3)O2)C=C1)N1CCOCC1,9,False,True,True,selfies_token_mutation
CAND_901d72524a,selfies,JAK2_5d437cebf2,C=C1C(=CC=Cc2cccc3nc(NC4(C)C=CCC(C(=O)NC)=C4)oc23)C(=O)N2CCOC1C2,JZISRNATSYTNEN-UHFFFAOYSA-N,True,True,True,472.545,3.3675,96.7,2,6,5,0.5117,4.006,C=C1C(=CC=Cc2cccc3nc(NC4C=CCC=C4)oc23)C(=O)N2CCOC1C2,6,False,False,True,selfies_token_mutation
CAND_6cb94c919e,selfies,JAK2_5d437cebf2,CN(C)C(=O)C1=CC(NC=Nc2cccc(-c3ccc(C(=O)N4CCOCC4)cc3)c2O)C=CC1,SSUBCEQBQUFDMH-UHFFFAOYSA-N,True,True,True,474.561,3.1241,94.47,2,5,6,0.3812,3.692,O=C(c1ccc(-c2cccc(N=CNC3C=CCC=C3)c2)cc1)N1CCOCC1,6,False,False,True,selfies_token_mutation
CAND_5ab93c4489,selfies,JAK2_5d437cebf2,CN(C)C(=O)C1=CC=C2C=C(C1)OC=c1cccc(C=N[SH]=O)ccc(cc1)=CN=CN2,XWLHLKIPUYMENW-UHFFFAOYSA-N,True,True,True,448.548,1.4004,83.36,2,5,3,0.541,3.872,C1=CCC2=CC(=C1)NC=NC=c1ccccccc(cc1)=CO2,13,True,False,True,selfies_token_mutation
CAND_27de82ec82,selfies,JAK2_5d437cebf2,CCCC(N)C=CC(C=CCCl)N1Cc2cccc(-c3ccc(C(=O)N4CCOCC4)cc3)c2O1,SEQVOOIZJBSZFM-UHFFFAOYSA-N,True,True,True,496.051,4.7826,68.03,1,5,9,0.4002,4.436,O=C(c1ccc(-c2cccc3c2ONC3)cc1)N1CCOCC1,6,False,False,True,selfies_token_mutation
CAND_780995fced,selfies,JAK2_5d437cebf2,CCCC(N)C1=CC=C2C=C(C1)OC=c1cccc(CSC=O)ccc(cc1)=CN=CN2,VQWFEZRLLQKOGG-UHFFFAOYSA-N,True,True,True,447.604,3.5838,76.71,2,6,6,0.6521,4.492,C1=CCC2=CC(=C1)NC=NC=c1ccccccc(cc1)=CO2,13,True,False,True,selfies_token_mutation
CAND_ae35936557,selfies,JAK2_3f9d4c8aea,Fc1ccc([CH]Nc2ccnc(-n3cnc4ccncc43)n2)cc1,TUWSAFOGNOYEIZ-UHFFFAOYSA-N,True,True,True,319.323,2.9716,68.52,1,5,4,0.6261,2.5,[CH](Nc1ccnc(-n2cnc3ccncc32)n1)c1ccccc1,6,False,False,True,selfies_token_mutation
CAND_9c24575558,selfies,JAK2_3f9d4c8aea,CC(=C[C@H](C)NC=C1C=NC(NC2=NC=C=CC=NC=C2)=N1)CF,TYVZNKUDEUZNQV-GONFFSLRSA-N,True,True,True,326.379,2.4171,73.5,2,6,4,0.6149,2.75,C=C1C=NC(NC2=NC=C=CC=NC=C2)=N1,9,False,True,True,selfies_token_mutation
CAND_473911ade7,selfies,JAK2_3f9d4c8aea,C[C@@H](C=CC=C(F)C=CF)Nc1ccnc(-n2cnc3ccncc32)n1,XHMJHDNEUDJWPU-ZDUSSCGKSA-N,True,True,True,354.364,3.9037,68.52,1,5,6,0.68,2.774,c1cnc(-n2cnc3ccncc32)nc1,6,False,False,True,selfies_token_mutation
CAND_9e8fe0c51c,selfies,JAK2_3f9d4c8aea,C=CC(F)C=C[C@H](C)NC=CC1=NC(n2cnc3ccncc32)=N1,CJBWIPIEPOPHDH-UEWDXFNNSA-N,True,True,True,324.363,2.6196,67.46,1,5,6,0.8307,3.0,C1=NC(n2cnc3ccncc32)=N1,6,False,False,True,selfies_token_mutation
CAND_a8f4047934,selfies,JAK2_3f9d4c8aea,C[CH]NC=CC=NCN=CNC=Nc1ccncc1NCc1ccc(F)cc1,OOWOHDAPUJBGCG-UHFFFAOYSA-N,True,True,True,380.451,3.4238,86.06,3,6,11,0.4118,3.044,c1ccc(CNc2cccnc2)cc1,6,False,False,True,selfies_token_mutation
CAND_b63f33c94d,selfies,JAK2_3f9d4c8aea,C=CCC=CN=CC12C[C@@H](C=C(F)C=CC1=C)NC=CC=N2,KIBDKYOLXUPYQA-QNSVNVJESA-N,True,True,True,297.377,3.8116,36.75,1,3,4,0.6215,3.0,C=C1C=CC=C[C@@H]2CC1N=CC=CN2,8,False,True,True,selfies_token_mutation
CAND_813163e35c,selfies,JAK2_3f9d4c8aea,C=CN=CCN=CN1C=CC(F)=CC=C[C@H](C)N2C=CC=NC1=N2,YLJSBPKEYGLNBS-HNNXBMFYSA-N,True,True,True,326.379,3.0275,55.92,0,5,4,0.5889,2.75,C1=CC=CNC2=NN(C=CC=N2)CC=C1,11,False,True,True,selfies_token_mutation
CAND_23709b257b,selfies,JAK2_3f9d4c8aea,Fc1ccc(CNc2ccnc(-n3cnc4ccncc43)n2)cc1,YUQCAXQQZGDZAP-UHFFFAOYSA-N,True,True,True,320.331,2.9617,68.52,1,5,4,0.6259,2.5,c1ccc(CNc2ccnc(-n3cnc4ccncc43)n2)cc1,6,False,False,True,selfies_token_mutation
CAND_3b42d0167e,selfies,JAK2_3f9d4c8aea,C[CH]NC=CC=NC(C=CC=C1C=C(F)COC1)NC=NC=CC#N,RDRJPUKVKNQDKV-UHFFFAOYSA-N,True,True,True,342.398,2.6897,81.8,2,5,9,0.3834,2.625,C=C1C=CCOC1,6,False,False,True,selfies_token_mutation
CAND_e5faf9a8ab,selfies,JAK2_9da7b44e3f,Cc1nccc(-c2cc(C(N)=O)c(-c3cc(C(F)(F)F)ccc3Cl)[nH]2)n1,DZGNZILZVYDPEV-UHFFFAOYSA-N,True,True,True,380.757,4.2182,84.66,2,3,3,0.7131,2.296,c1ccc(-c2ccc(-c3ccncn3)[nH]2)cc1,6,False,False,True,selfies_token_mutation
CAND_3967c68001,selfies,JAK2_9da7b44e3f,NC(=O)CC=C(NCNc1cc(C(F)(F)F)ccc1Cl)c1ccnc(N)n1,BHXIWEKHWGUEIB-UHFFFAOYSA-N,True,True,True,400.792,2.6065,118.95,4,6,7,0.5303,2.657,C=C(NCNc1ccccc1)c1ccncn1,6,False,False,True,selfies_token_mutation
CAND_80c2bb9105,selfies,JAK2_9da7b44e3f,NCN(O)c1cc(-c2ccnc(N)n2)[nH]c1C=C1C(C(F)(F)F)=CC=CC1Cl,QKEIMJYYVBNARI-UHFFFAOYSA-N,True,True,True,412.803,3.215,117.08,4,6,4,0.3478,2.849,C1=CCC(=Cc2ccc(-c3ccncn3)[nH]2)C=C1,6,False,False,True,selfies_token_mutation
CAND_7a3ec7298c,selfies,JAK2_9da7b44e3f,N=NC1N=CC=CC2NC(c3cc(C(F)(F)F)ccc3Cl)=C(C(N)=O)C12,CEOLXMYOSWZYGP-UHFFFAOYSA-N,True,True,True,383.761,3.1409,103.69,3,5,3,0.6977,3.063,C1=CC2NC(c3ccccc3)=CC2CN=C1,7,False,False,True,selfies_token_mutation
CAND_1a02c51de2,selfies,JAK2_9da7b44e3f,NC(=O)c1cc(C2=CC=NCN=N2)[nH]c1-c1cc(C(F)(F)F)ccc1Cl,XZSFWPXKANDJHW-UHFFFAOYSA-N,True,True,True,381.745,4.2878,95.96,2,4,3,0.8146,2.301,C1=NCN=NC(c2ccc(-c3ccccc3)[nH]2)=C1,7,False,False,True,selfies_token_mutation
CAND_2b6ccadb11,selfies,JAK2_9da7b44e3f,CC1N=CC(=CC2=C(CC(N)=O)C(C=CC(=CCl)C(C)(C)F)N2)N=N1,CWFMMUUMWSLSQI-UHFFFAOYSA-N,True,True,True,365.84,3.2812,92.2,2,5,6,0.7067,2.838,C1=NCN=NC1=CC1=CCN1,6,False,False,True,selfies_token_mutation
CAND_fa266b55ed,selfies,JAK2_9da7b44e3f,NC(=O)CC=C(CC(=CC=CCl)C(F)(F)F)c1ccnc(N)n1,LWSYIXJGPIBGMX-UHFFFAOYSA-N,True,True,True,346.74,2.9489,94.89,2,4,6,0.774,2.0,c1cncnc1,6,False,False,True,selfies_token_mutation
CAND_9da7b44e3f,selfies,JAK2_9da7b44e3f,NC(=O)c1cc(-c2ccnc(N)n2)[nH]c1-c1cc(C(F)(F)F)ccc1Cl,CZUQYAXYBOEHCY-UHFFFAOYSA-N,True,True,False,381.745,3.492,110.68,3,4,3,0.6444,2.301,c1ccc(-c2ccc(-c3ccncn3)[nH]2)cc1,6,False,False,True,selfies_token_mutation
CAND_2d98cb4c47,selfies,JAK2_9da7b44e3f,Cc1nccc(-c2cc(C(N)=O)c(C=CC(C=CCl)CF)[nH]2)n1,WOSDTMSRCSSLQC-UHFFFAOYSA-N,True,True,True,334.782,3.2304,84.66,2,3,6,0.8501,2.5,c1c[nH]c(-c2ccncn2)c1,6,False,False,True,selfies_token_mutation
CAND_4c7cca2a38,selfies,JAK2_9da7b44e3f,CC=CCC(=CC1NC(C=C2N=C(N)N=CS2)=C1CC(N)=O)C(F)(F)F,UDAHKXCMLDBUTD-UHFFFAOYSA-N,True,True,True,385.415,2.4738,105.86,3,6,6,0.6108,2.697,C1=NC=NC(=CC2=CCN2)S1,6,False,False,True,selfies_token_mutation
CAND_dc18fd5c6e,selfies,JAK2_8c93d98423,C=CN(C=CC=CC12COC=C3C(=CC(OC)=C3OC)NC=NC=CC=C1C2O)C(=O)NCCOCC,ZHYOLKJDDFYIPF-UHFFFAOYSA-N,True,True,True,510.591,2.9828,113.88,3,8,10,0.3059,5.592,C1=CN=CNC2=CC=CC2=COCC2CC2=C1,13,True,False,True,selfies_token_mutation
CAND_2a7df84e67,selfies,JAK2_8c93d98423,COC1=C(OC)C(N2C(=O)C3=CC=CC(=CCl)C=CC=CC2C=C3)C=COC1,CIKRSWDOHQVIGK-UHFFFAOYSA-N,True,True,True,399.874,3.9016,48.0,0,4,3,0.7217,4.352,C=C1C=CC=CC2C=CC(=CC=C1)C(=O)N2C1C=CCOC=C1,12,True,False,True,selfies_token_mutation
CAND_e1574bf927,selfies,JAK2_8c93d98423,COC1=C(OC)C23OC=CC(=C1)NC=NNC=CC=CC2(CCl)O3,ZXGCZSPYAORBKO-UHFFFAOYSA-N,True,True,True,351.79,1.8287,76.64,2,7,3,0.5965,4.085,C1=CNN=CNC2=CC=CC3(OC=C2)OC3C=C1,14,True,False,True,selfies_token_mutation
CAND_68a0d18aee,selfies,JAK2_8c93d98423,COC1=C(OC)C2OC3=CC(=C1)NNC1=CC=CC(=C3O2)C=CC=C(C(=O)Cl)C=C1,TUQANTRTCPDIKZ-UHFFFAOYSA-N,True,True,True,426.856,3.2649,78.05,2,7,3,0.6704,3.552,C1=CC=CC2=C3OC4C=CC=C(C=C3O4)NNC(=CC=C2)C=C1,11,False,True,True,selfies_token_mutation
CAND_4119566437,selfies,JAK2_8c93d98423,COC1=C(OC)C23C=C(OC1)OC2C1=CC(CCN=O)=CC=CC2C=CC1=CN=C2N3,GXSSZTMZUIXBOK-UHFFFAOYSA-N,True,True,True,421.453,3.1507,90.74,1,8,5,0.6861,4.472,C1=CC=C2C3=CN=C(NC45C=CCOC(=C4)OC25)C(C=C1)C=C3,10,False,True,True,selfies_token_mutation
CAND_8c9925b943,selfies,JAK2_8c93d98423,COc1cc(Nc2nc3cccc(-c4ccc(C(=O)N5CCOCC5)cc4)c3o2)cc(OC)c1Cl,JSBIXMRNHNQNJX-UHFFFAOYSA-N,True,True,True,493.947,5.3814,86.06,1,7,6,0.3855,3.94,O=C(c1ccc(-c2cccc3nc(Nc4ccccc4)oc23)cc1)N1CCOCC1,6,False,False,True,selfies_token_mutation
CAND_30dc437078,selfies,JAK2_8c93d98423,C=C(ON1CCOCC1)C1=CC(=CC2=C3OC(Nc4cc(OC)c(OC)c(OC)c4)C=C3C=C2)C=C1,YEUVBUOFBXXYKE-UHFFFAOYSA-N,True,True,True,490.556,4.431,70.65,1,8,9,0.5101,4.356,C=C(ON1CCOCC1)C1=CC(=CC2=C3OC(Nc4ccccc4)C=C3C=C2)C=C1,6,False,False,True,selfies_token_mutation
CAND_c404d69e99,selfies,JAK2_8c93d98423,COC1C2OC=CC1(OC)NCC=CC=CC2(O)C=CC=C(CCl)C(=O)N1CCOCC1,SGRFZMKZEPCKNL-UHFFFAOYSA-N,True,True,True,466.962,1.2835,89.49,2,7,6,0.3461,4.65,O=C(C=CC=CC1C=CC=CCNC2C=COC1C2)N1CCOCC1,10,False,True,True,selfies_token_mutation
CAND_663df03d13,selfies,JAK2_8c93d98423,C=C1C(C=O)=CC=CC23C=CC=CN=C1NC1C=COC2(O3)C(OC)=CC1,VDACIZZTYJNFEW-UHFFFAOYSA-N,True,True,True,364.401,2.6075,72.45,1,6,2,0.6023,4.48,C=C1C=CC=CC23C=CC=CN=C1NC1C=COC2(C=CC1)O3,13,True,False,True,selfies_token_mutation
CAND_a4de44cdf2,selfies,JAK2_8c93d98423,C=C1C(C(=O)NCCOCC)=CC=CC12C=CC=CN=CN(C1C=COCC(OC)=C1OC)O2,FFFKJIRJGWHMTC-UHFFFAOYSA-N,True,True,True,469.538,2.6926,90.85,1,8,8,0.5468,4.414,C=C1C=CC=CC12C=CC=CN=CN(C1C=CCOC=C1)O2,9,False,True,True,selfies_token_mutation
CAND_6781a9a52d,selfies,JAK2_8c93d98423,COC=CCc1nc2cccc(-c3ccc(C(=O)N4CCOCC4)cc3)c2o1,NGOHSAMZDSYRDX-UHFFFAOYSA-N,True,True,True,378.428,3.6698,64.8,0,5,5,0.634,2.783,O=C(c1ccc(-c2cccc3ncoc23)cc1)N1CCOCC1,6,False,False,True,selfies_token_mutation
CAND_7d35665b56,selfies,JAK2_8c93d98423,COC1=C(O)C2=COCOC3C(=CN=CNC2=C1)C=CC=Cc1ccc(C(=O)N2CCOCC2)cc13,ABLGTBXBGIMHIR-UHFFFAOYSA-N,True,True,True,489.528,3.4866,101.85,2,8,2,0.6558,4.675,O=C(c1ccc2c(c1)C1OCOC=C3C=CC=C3NC=NC=C1C=CC=C2)N1CCOCC1,12,True,False,True,selfies_token_mutation
CAND_dd9964f896,selfies,JAK2_9ce72827e9,C[C@H](CCCl)N1N=CC2C=C1c1nccc[nH]nc(N)c12,ZFHLJAIYLPNWFU-YHMJZVADSA-N,True,True,True,304.785,2.2682,83.19,2,5,3,0.8391,3.125,C1=NNC2=CC1c1cn[nH]cccnc12,9,False,True,True,selfies_token_mutation
CAND_a337ce9f82,selfies,JAK2_9ce72827e9,C[C@@H]1CC=C(Cl)C=CN=CN=C(C2=C3N=CC=CN3C2N=N)C=N1,YOFOCIQDUUTRBX-ZVDHGWRTSA-N,True,True,True,341.806,3.4375,88.89,1,7,2,0.7658,3.7,C1=CCCN=CC(C2=C3N=CC=CN3C2)=NC=NC=C1,12,True,False,True,selfies_token_mutation
CAND_f74e7eb465,selfies,JAK2_9ce72827e9,C[C@@H]1NC=NC(Cc2c(N)n[nH]cccnc2F)=CN1,LOEKSZAQBVPDSF-QMMMGPOBSA-N,True,True,True,277.307,0.6014,104.01,4,6,2,0.6335,2.5,C1=NC(Cc2cnccc[nH]nc2)=CNCN1,9,False,True,True,selfies_token_mutation
CAND_7fabaa83e1,selfies,JAK2_9ce72827e9,CC(Cl)=CC=C[C@@H](C)Nc1cc(-c2c(N)nn3cccnc23)ncn1,WUXZEYPNRHFDLK-GFCCVEGCSA-N,True,True,True,355.833,3.2677,94.02,2,6,5,0.682,2.657,c1cnc2c(-c3ccncn3)cnn2c1,6,False,False,True,selfies_token_mutation
CAND_9791b484a6,selfies,JAK2_9ce72827e9,CC(Nc1cc(-c2c(N)nn3cccnc23)ncn1)c1ccc(Cl)cc1,GGKOYZAFZZEFKZ-UHFFFAOYSA-N,True,True,True,365.828,3.595,94.02,2,6,4,0.5735,2.838,c1ccc(CNc2cc(-c3cnn4cccnc34)ncn2)cc1,6,False,False,True,selfies_token_mutation
CAND_16379d5492,selfies,JAK2_9ce72827e9,C[C@@H](NCS1=CC(c2c(N)nn3cccnc23)=NC=N1)c1ccc(Cl)cc1,VCROVAKZKRCFJP-ZJGDTTMNSA-N,True,True,True,399.911,3.0903,92.96,2,6,5,0.6445,3.402,C1=NS(CNCc2ccccc2)=CC(c2cnn3cccnc23)=N1,6,False,False,True,selfies_token_mutation
CAND_c4cce57892,selfies,JAK2_9ce72827e9,C=CC(Cl)=CC[C@@H](C)c1cc(-c2c(N)nn3cccnc23)ncn1,NOKZJNASLLCPOS-LLVKDONJSA-N,True,True,True,340.818,3.5708,81.99,1,5,5,0.7178,2.625,c1cnc2c(-c3ccncn3)cnn2c1,6,False,False,True,selfies_token_mutation
CAND_b43641839e,selfies,JAK2_9ce72827e9,C[C@@H](NC=C1N=CNN=C1c1c(N)nn2cccnc12)c1ccc(Cl)cc1,LVXCZSKDHQXQPA-LLVKDONJSA-N,True,True,True,380.843,2.4927,104.99,3,7,4,0.6445,2.921,C1=NC(=CNCc2ccccc2)C(c2cnn3cccnc23)=NN1,6,False,False,True,selfies_token_mutation
CAND_6741d8c72c,selfies,JAK2_9ce72827e9,C[C@@H]1CC2=NCSC3=C(N=CC3CC(N)=NNC=C2)N1,YCBZYUMAZNEAOW-VEDVMXKPSA-N,True,True,True,290.396,1.1488,87.16,3,7,0,0.6243,3.45,C1=CC2=NCSC3=C(N=CC3CC=NN1)NCC2,12,True,False,True,selfies_token_mutation
CAND_49fc671c39,selfies,JAK2_9ce72827e9,C=CNc1cc(-c2c(N)nn3cccnc23)ncn1,RUVOFRKOHJKDQA-UHFFFAOYSA-N,True,True,True,253.269,1.3239,94.02,2,6,3,0.7308,2.125,c1cnc2c(-c3ccncn3)cnn2c1,6,False,False,True,selfies_token_mutation
