candidate_id,extracted_linker_count,known_linker_count,novel_linker_count,linker_novel,linker_smiles,known_linker_smiles,novel_linker_smiles
CAND_5a164fb16c,15,1,14,False,[10*]N[C@H]([29*])C(=O)N1CC[C@@H](C#N)C1;[10*]c1c[nH]c2ncc(C3([24*])CC3)nc12;[10*]c1c[nH]c2ncc([21*])nc12;[18*]C1(CSC[27*])CC1;[18*]C1(CS[26*])CC1;[18*]C1(C[25*])CC1;[21*]CSC[27*];[8*]C1CC1CSCC1([18*])CC1;[8*]C1CC1CSC[21*];[8*]C1CC1CS[24*];[8*]C1CC1C[25*];[8*]C1CC1[26*];[8*]NC(=O)c1c[nH]c2ncc([21*])nc12;[8*]NC([12*])=O;[9*]C(=O)c1c[nH]c2ncc([21*])nc12,[8*]NC([12*])=O,[10*]N[C@H]([29*])C(=O)N1CC[C@@H](C#N)C1;[10*]c1c[nH]c2ncc(C3([24*])CC3)nc12;[10*]c1c[nH]c2ncc([21*])nc12;[18*]C1(CSC[27*])CC1;[18*]C1(CS[26*])CC1;[18*]C1(C[25*])CC1;[21*]CSC[27*];[8*]C1CC1CSCC1([18*])CC1;[8*]C1CC1CSC[21*];[8*]C1CC1CS[24*];[8*]C1CC1C[25*];[8*]C1CC1[26*];[8*]NC(=O)c1c[nH]c2ncc([21*])nc12;[9*]C(=O)c1c[nH]c2ncc([21*])nc12
CAND_d7295004a0,15,1,14,False,[10*]N[C@H]([29*])C(=O)N1CC[C@@H](C#N)C1;[10*]c1c[nH]c2ncc(C3([24*])CC3)nc12;[10*]c1c[nH]c2ncc([21*])nc12;[18*]C1(CNC[27*])CC1;[18*]C1(CN[26*])CC1;[18*]C1(C[25*])CC1;[21*]CNC[27*];[8*]C1CC1CNCC1([18*])CC1;[8*]C1CC1CNC[21*];[8*]C1CC1CN[24*];[8*]C1CC1C[25*];[8*]C1CC1[26*];[8*]NC(=O)c1c[nH]c2ncc([21*])nc12;[8*]NC([12*])=O;[9*]C(=O)c1c[nH]c2ncc([21*])nc12,[8*]NC([12*])=O,[10*]N[C@H]([29*])C(=O)N1CC[C@@H](C#N)C1;[10*]c1c[nH]c2ncc(C3([24*])CC3)nc12;[10*]c1c[nH]c2ncc([21*])nc12;[18*]C1(CNC[27*])CC1;[18*]C1(CN[26*])CC1;[18*]C1(C[25*])CC1;[21*]CNC[27*];[8*]C1CC1CNCC1([18*])CC1;[8*]C1CC1CNC[21*];[8*]C1CC1CN[24*];[8*]C1CC1C[25*];[8*]C1CC1[26*];[8*]NC(=O)c1c[nH]c2ncc([21*])nc12;[9*]C(=O)c1c[nH]c2ncc([21*])nc12
CAND_49e76c18fa,15,2,13,False,[10*]N[C@H]([27*])C(=O)N1CC[C@@H](C#N)C1;[10*]c1c[nH]c2ncc(C3([22*])CC3)nc12;[10*]c1c[nH]c2ncc([21*])nc12;[18*]C1(CCC[25*])CC1;[18*]C1(CC[24*])CC1;[18*]C1(C[23*])CC1;[21*]CCC[25*];[8*]C1CC1CCCC1([18*])CC1;[8*]C1CC1CCC[21*];[8*]C1CC1CC[22*];[8*]C1CC1C[23*];[8*]C1CC1[24*];[8*]NC(=O)c1c[nH]c2ncc([21*])nc12;[8*]NC([12*])=O;[9*]C(=O)c1c[nH]c2ncc([21*])nc12,[21*]CCC[25*];[8*]NC([12*])=O,[10*]N[C@H]([27*])C(=O)N1CC[C@@H](C#N)C1;[10*]c1c[nH]c2ncc(C3([22*])CC3)nc12;[10*]c1c[nH]c2ncc([21*])nc12;[18*]C1(CCC[25*])CC1;[18*]C1(CC[24*])CC1;[18*]C1(C[23*])CC1;[8*]C1CC1CCCC1([18*])CC1;[8*]C1CC1CCC[21*];[8*]C1CC1CC[22*];[8*]C1CC1C[23*];[8*]C1CC1[24*];[8*]NC(=O)c1c[nH]c2ncc([21*])nc12;[9*]C(=O)c1c[nH]c2ncc([21*])nc12
CAND_f14ad9ba35,15,1,14,False,[10*]N[C@H]([29*])C(=O)N1CC[C@@H](C#N)C1;[10*]c1c[nH]c2ncc(C3([24*])CC3)nc12;[10*]c1c[nH]c2ncc([21*])nc12;[18*]C1(COC[27*])CC1;[18*]C1(CO[26*])CC1;[18*]C1(C[25*])CC1;[21*]COC[27*];[8*]C1CC1COCC1([18*])CC1;[8*]C1CC1COC[21*];[8*]C1CC1CO[24*];[8*]C1CC1C[25*];[8*]C1CC1[26*];[8*]NC(=O)c1c[nH]c2ncc([21*])nc12;[8*]NC([12*])=O;[9*]C(=O)c1c[nH]c2ncc([21*])nc12,[8*]NC([12*])=O,[10*]N[C@H]([29*])C(=O)N1CC[C@@H](C#N)C1;[10*]c1c[nH]c2ncc(C3([24*])CC3)nc12;[10*]c1c[nH]c2ncc([21*])nc12;[18*]C1(COC[27*])CC1;[18*]C1(CO[26*])CC1;[18*]C1(C[25*])CC1;[21*]COC[27*];[8*]C1CC1COCC1([18*])CC1;[8*]C1CC1COC[21*];[8*]C1CC1CO[24*];[8*]C1CC1C[25*];[8*]C1CC1[26*];[8*]NC(=O)c1c[nH]c2ncc([21*])nc12;[9*]C(=O)c1c[nH]c2ncc([21*])nc12
CAND_c71340cdb2,15,1,14,False,[10*]N[C@H]([27*])C(=O)N1CC[C@@H](C#N)C1;[10*]c1c[nH]c2ncc(C3CC3[24*])nc12;[10*]c1c[nH]c2ncc([21*])nc12;[18*]C1CC1COC[27*];[18*]C1CC1CO[26*];[18*]C1CC1C[25*];[18*]C1CC1[24*];[23*]COC[27*];[8*]C1(COCC2CC2[18*])CC1;[8*]C1(COC[23*])CC1;[8*]C1(CO[24*])CC1;[8*]C1(C[25*])CC1;[8*]NC(=O)c1c[nH]c2ncc([21*])nc12;[8*]NC([12*])=O;[9*]C(=O)c1c[nH]c2ncc([21*])nc12,[8*]NC([12*])=O,[10*]N[C@H]([27*])C(=O)N1CC[C@@H](C#N)C1;[10*]c1c[nH]c2ncc(C3CC3[24*])nc12;[10*]c1c[nH]c2ncc([21*])nc12;[18*]C1CC1COC[27*];[18*]C1CC1CO[26*];[18*]C1CC1C[25*];[18*]C1CC1[24*];[23*]COC[27*];[8*]C1(COCC2CC2[18*])CC1;[8*]C1(COC[23*])CC1;[8*]C1(CO[24*])CC1;[8*]C1(C[25*])CC1;[8*]NC(=O)c1c[nH]c2ncc([21*])nc12;[9*]C(=O)c1c[nH]c2ncc([21*])nc12
CAND_492981f42f,15,2,13,False,[10*]N[C@H]([27*])C(=O)N1CC[C@@H](C#N)C1;[10*]c1c[nH]c2ncc(C3CC3[24*])nc12;[10*]c1c[nH]c2ncc([21*])nc12;[18*]C1CC1CNC[27*];[18*]C1CC1CN[26*];[18*]C1CC1C[25*];[18*]C1CC1[24*];[23*]CNC[27*];[8*]C1(CNCC2CC2[18*])CC1;[8*]C1(CNC[23*])CC1;[8*]C1(CN[24*])CC1;[8*]C1(C[25*])CC1;[8*]NC(=O)c1c[nH]c2ncc([21*])nc12;[8*]NC([12*])=O;[9*]C(=O)c1c[nH]c2ncc([21*])nc12,[23*]CNC[27*];[8*]NC([12*])=O,[10*]N[C@H]([27*])C(=O)N1CC[C@@H](C#N)C1;[10*]c1c[nH]c2ncc(C3CC3[24*])nc12;[10*]c1c[nH]c2ncc([21*])nc12;[18*]C1CC1CNC[27*];[18*]C1CC1CN[26*];[18*]C1CC1C[25*];[18*]C1CC1[24*];[8*]C1(CNCC2CC2[18*])CC1;[8*]C1(CNC[23*])CC1;[8*]C1(CN[24*])CC1;[8*]C1(C[25*])CC1;[8*]NC(=O)c1c[nH]c2ncc([21*])nc12;[9*]C(=O)c1c[nH]c2ncc([21*])nc12
CAND_38de1fc846,15,1,14,False,[10*]N[C@H]([27*])C(=O)N1CC[C@@H](C#N)C1;[10*]c1c[nH]c2ncc(C3CC3[24*])nc12;[10*]c1c[nH]c2ncc([21*])nc12;[18*]C1CC1CSC[27*];[18*]C1CC1CS[26*];[18*]C1CC1C[25*];[18*]C1CC1[24*];[23*]CSC[27*];[8*]C1(CSCC2CC2[18*])CC1;[8*]C1(CSC[23*])CC1;[8*]C1(CS[24*])CC1;[8*]C1(C[25*])CC1;[8*]NC(=O)c1c[nH]c2ncc([21*])nc12;[8*]NC([12*])=O;[9*]C(=O)c1c[nH]c2ncc([21*])nc12,[8*]NC([12*])=O,[10*]N[C@H]([27*])C(=O)N1CC[C@@H](C#N)C1;[10*]c1c[nH]c2ncc(C3CC3[24*])nc12;[10*]c1c[nH]c2ncc([21*])nc12;[18*]C1CC1CSC[27*];[18*]C1CC1CS[26*];[18*]C1CC1C[25*];[18*]C1CC1[24*];[23*]CSC[27*];[8*]C1(CSCC2CC2[18*])CC1;[8*]C1(CSC[23*])CC1;[8*]C1(CS[24*])CC1;[8*]C1(C[25*])CC1;[8*]NC(=O)c1c[nH]c2ncc([21*])nc12;[9*]C(=O)c1c[nH]c2ncc([21*])nc12
CAND_584cb6401d,15,2,13,False,[10*]N[C@H]([27*])C(=O)N1CC[C@@H](C#N)C1;[10*]c1c[nH]c2ncc(C3CC3[24*])nc12;[10*]c1c[nH]c2ncc([21*])nc12;[18*]C1CC1CCC[27*];[18*]C1CC1CC[26*];[18*]C1CC1C[25*];[18*]C1CC1[24*];[23*]CCC[27*];[8*]C1(CCCC2CC2[18*])CC1;[8*]C1(CCC[23*])CC1;[8*]C1(CC[24*])CC1;[8*]C1(C[25*])CC1;[8*]NC(=O)c1c[nH]c2ncc([21*])nc12;[8*]NC([12*])=O;[9*]C(=O)c1c[nH]c2ncc([21*])nc12,[23*]CCC[27*];[8*]NC([12*])=O,[10*]N[C@H]([27*])C(=O)N1CC[C@@H](C#N)C1;[10*]c1c[nH]c2ncc(C3CC3[24*])nc12;[10*]c1c[nH]c2ncc([21*])nc12;[18*]C1CC1CCC[27*];[18*]C1CC1CC[26*];[18*]C1CC1C[25*];[18*]C1CC1[24*];[8*]C1(CCCC2CC2[18*])CC1;[8*]C1(CCC[23*])CC1;[8*]C1(CC[24*])CC1;[8*]C1(C[25*])CC1;[8*]NC(=O)c1c[nH]c2ncc([21*])nc12;[9*]C(=O)c1c[nH]c2ncc([21*])nc12
CAND_010738c49b,22,0,22,True,[17*]C(=O)N[23*];[17*]C(=O)N[C@@H](C([29*])=O)C1CC1;[17*]C(=O)N[C@@H]([27*])C1CC1;[20*]N[C@@H](C([29*])=O)C1CC1;[20*]N[C@@H]([27*])C1CC1;[22*][C@@H](C([29*])=O)C1CC1;[4*]CNCC1([11*])CC1;[4*]CNC[8*];[5*]C1C[C@@H](C#N)CN1C([23*])=O;[5*]C1C[C@@H](C#N)CN1[27*];[5*]NCC1([11*])CC1;[6*]CC1([11*])CC1;[6*]CC1C[C@@H](C#N)CN1C([23*])=O;[6*]CC1C[C@@H](C#N)CN1[27*];[7*]C1(c2cnc3[nH]cc([20*])c3n2)CC1;[7*]NCC1C[C@@H](C#N)CN1C([23*])=O;[7*]NCC1C[C@@H](C#N)CN1[27*];[8*]CNCC1C[C@@H](C#N)CN1C([23*])=O;[8*]CNCC1C[C@@H](C#N)CN1[27*];[8*]c1cnc2[nH]cc(C(=O)N[23*])c2n1;[8*]c1cnc2[nH]cc(C([22*])=O)c2n1;[8*]c1cnc2[nH]cc([20*])c2n1,,[17*]C(=O)N[23*];[17*]C(=O)N[C@@H](C([29*])=O)C1CC1;[17*]C(=O)N[C@@H]([27*])C1CC1;[20*]N[C@@H](C([29*])=O)C1CC1;[20*]N[C@@H]([27*])C1CC1;[22*][C@@H](C([29*])=O)C1CC1;[4*]CNCC1([11*])CC1;[4*]CNC[8*];[5*]C1C[C@@H](C#N)CN1C([23*])=O;[5*]C1C[C@@H](C#N)CN1[27*];[5*]NCC1([11*])CC1;[6*]CC1([11*])CC1;[6*]CC1C[C@@H](C#N)CN1C([23*])=O;[6*]CC1C[C@@H](C#N)CN1[27*];[7*]C1(c2cnc3[nH]cc([20*])c3n2)CC1;[7*]NCC1C[C@@H](C#N)CN1C([23*])=O;[7*]NCC1C[C@@H](C#N)CN1[27*];[8*]CNCC1C[C@@H](C#N)CN1C([23*])=O;[8*]CNCC1C[C@@H](C#N)CN1[27*];[8*]c1cnc2[nH]cc(C(=O)N[23*])c2n1;[8*]c1cnc2[nH]cc(C([22*])=O)c2n1;[8*]c1cnc2[nH]cc([20*])c2n1
CAND_1e356c92c8,22,1,21,False,[17*]C(=O)N[23*];[17*]C(=O)N[C@@H](C([29*])=O)C1CC1;[17*]C(=O)N[C@@H]([27*])C1CC1;[20*]N[C@@H](C([29*])=O)C1CC1;[20*]N[C@@H]([27*])C1CC1;[22*][C@@H](C([29*])=O)C1CC1;[4*]COCC1([11*])CC1;[4*]COC[8*];[5*]C1C[C@@H](C#N)CN1C([23*])=O;[5*]C1C[C@@H](C#N)CN1[27*];[5*]OCC1([11*])CC1;[6*]CC1([11*])CC1;[6*]CC1C[C@@H](C#N)CN1C([23*])=O;[6*]CC1C[C@@H](C#N)CN1[27*];[7*]C1(c2cnc3[nH]cc([20*])c3n2)CC1;[7*]OCC1C[C@@H](C#N)CN1C([23*])=O;[7*]OCC1C[C@@H](C#N)CN1[27*];[8*]COCC1C[C@@H](C#N)CN1C([23*])=O;[8*]COCC1C[C@@H](C#N)CN1[27*];[8*]c1cnc2[nH]cc(C(=O)N[23*])c2n1;[8*]c1cnc2[nH]cc(C([22*])=O)c2n1;[8*]c1cnc2[nH]cc([20*])c2n1,[4*]COC[8*],[17*]C(=O)N[23*];[17*]C(=O)N[C@@H](C([29*])=O)C1CC1;[17*]C(=O)N[C@@H]([27*])C1CC1;[20*]N[C@@H](C([29*])=O)C1CC1;[20*]N[C@@H]([27*])C1CC1;[22*][C@@H](C([29*])=O)C1CC1;[4*]COCC1([11*])CC1;[5*]C1C[C@@H](C#N)CN1C([23*])=O;[5*]C1C[C@@H](C#N)CN1[27*];[5*]OCC1([11*])CC1;[6*]CC1([11*])CC1;[6*]CC1C[C@@H](C#N)CN1C([23*])=O;[6*]CC1C[C@@H](C#N)CN1[27*];[7*]C1(c2cnc3[nH]cc([20*])c3n2)CC1;[7*]OCC1C[C@@H](C#N)CN1C([23*])=O;[7*]OCC1C[C@@H](C#N)CN1[27*];[8*]COCC1C[C@@H](C#N)CN1C([23*])=O;[8*]COCC1C[C@@H](C#N)CN1[27*];[8*]c1cnc2[nH]cc(C(=O)N[23*])c2n1;[8*]c1cnc2[nH]cc(C([22*])=O)c2n1;[8*]c1cnc2[nH]cc([20*])c2n1
CAND_6f5c819abf,22,1,21,False,[17*]C(=O)N[23*];[17*]C(=O)N[C@@H](C([29*])=O)C1CC1;[17*]C(=O)N[C@@H]([27*])C1CC1;[20*]N[C@@H](C([29*])=O)C1CC1;[20*]N[C@@H]([27*])C1CC1;[22*][C@@H](C([29*])=O)C1CC1;[4*]CCCC1([11*])CC1;[4*]CCC[8*];[5*]C1C[C@@H](C#N)CN1C([23*])=O;[5*]C1C[C@@H](C#N)CN1[27*];[5*]CCC1([11*])CC1;[6*]CC1([11*])CC1;[6*]CC1C[C@@H](C#N)CN1C([23*])=O;[6*]CC1C[C@@H](C#N)CN1[27*];[7*]C1(c2cnc3[nH]cc([20*])c3n2)CC1;[7*]CCC1C[C@@H](C#N)CN1C([23*])=O;[7*]CCC1C[C@@H](C#N)CN1[27*];[8*]CCCC1C[C@@H](C#N)CN1C([23*])=O;[8*]CCCC1C[C@@H](C#N)CN1[27*];[8*]c1cnc2[nH]cc(C(=O)N[23*])c2n1;[8*]c1cnc2[nH]cc(C([22*])=O)c2n1;[8*]c1cnc2[nH]cc([20*])c2n1,[4*]CCC[8*],[17*]C(=O)N[23*];[17*]C(=O)N[C@@H](C([29*])=O)C1CC1;[17*]C(=O)N[C@@H]([27*])C1CC1;[20*]N[C@@H](C([29*])=O)C1CC1;[20*]N[C@@H]([27*])C1CC1;[22*][C@@H](C([29*])=O)C1CC1;[4*]CCCC1([11*])CC1;[5*]C1C[C@@H](C#N)CN1C([23*])=O;[5*]C1C[C@@H](C#N)CN1[27*];[5*]CCC1([11*])CC1;[6*]CC1([11*])CC1;[6*]CC1C[C@@H](C#N)CN1C([23*])=O;[6*]CC1C[C@@H](C#N)CN1[27*];[7*]C1(c2cnc3[nH]cc([20*])c3n2)CC1;[7*]CCC1C[C@@H](C#N)CN1C([23*])=O;[7*]CCC1C[C@@H](C#N)CN1[27*];[8*]CCCC1C[C@@H](C#N)CN1C([23*])=O;[8*]CCCC1C[C@@H](C#N)CN1[27*];[8*]c1cnc2[nH]cc(C(=O)N[23*])c2n1;[8*]c1cnc2[nH]cc(C([22*])=O)c2n1;[8*]c1cnc2[nH]cc([20*])c2n1
CAND_bb18276fcc,22,1,21,False,[17*]C(=O)N[23*];[17*]C(=O)N[C@@H](C([29*])=O)C1CC1;[17*]C(=O)N[C@@H]([27*])C1CC1;[20*]N[C@@H](C([29*])=O)C1CC1;[20*]N[C@@H]([27*])C1CC1;[22*][C@@H](C([29*])=O)C1CC1;[4*]CSCC1([11*])CC1;[4*]CSC[8*];[5*]C1C[C@@H](C#N)CN1C([23*])=O;[5*]C1C[C@@H](C#N)CN1[27*];[5*]SCC1([11*])CC1;[6*]CC1([11*])CC1;[6*]CC1C[C@@H](C#N)CN1C([23*])=O;[6*]CC1C[C@@H](C#N)CN1[27*];[7*]C1(c2cnc3[nH]cc([20*])c3n2)CC1;[7*]SCC1C[C@@H](C#N)CN1C([23*])=O;[7*]SCC1C[C@@H](C#N)CN1[27*];[8*]CSCC1C[C@@H](C#N)CN1C([23*])=O;[8*]CSCC1C[C@@H](C#N)CN1[27*];[8*]c1cnc2[nH]cc(C(=O)N[23*])c2n1;[8*]c1cnc2[nH]cc(C([22*])=O)c2n1;[8*]c1cnc2[nH]cc([20*])c2n1,[4*]CSC[8*],[17*]C(=O)N[23*];[17*]C(=O)N[C@@H](C([29*])=O)C1CC1;[17*]C(=O)N[C@@H]([27*])C1CC1;[20*]N[C@@H](C([29*])=O)C1CC1;[20*]N[C@@H]([27*])C1CC1;[22*][C@@H](C([29*])=O)C1CC1;[4*]CSCC1([11*])CC1;[5*]C1C[C@@H](C#N)CN1C([23*])=O;[5*]C1C[C@@H](C#N)CN1[27*];[5*]SCC1([11*])CC1;[6*]CC1([11*])CC1;[6*]CC1C[C@@H](C#N)CN1C([23*])=O;[6*]CC1C[C@@H](C#N)CN1[27*];[7*]C1(c2cnc3[nH]cc([20*])c3n2)CC1;[7*]SCC1C[C@@H](C#N)CN1C([23*])=O;[7*]SCC1C[C@@H](C#N)CN1[27*];[8*]CSCC1C[C@@H](C#N)CN1C([23*])=O;[8*]CSCC1C[C@@H](C#N)CN1[27*];[8*]c1cnc2[nH]cc(C(=O)N[23*])c2n1;[8*]c1cnc2[nH]cc(C([22*])=O)c2n1;[8*]c1cnc2[nH]cc([20*])c2n1
CAND_44327fe5a9,15,2,13,False,[10*]N[C@H]([27*])C(=O)N1CC[C@H](C#N)C1;[10*]c1c[nH]c2ncc(C3([22*])CC3)nc12;[10*]c1c[nH]c2ncc([21*])nc12;[18*]C1(CCC[25*])CC1;[18*]C1(CC[24*])CC1;[18*]C1(C[23*])CC1;[21*]CCC[25*];[8*]C1CC1CCCC1([18*])CC1;[8*]C1CC1CCC[21*];[8*]C1CC1CC[22*];[8*]C1CC1C[23*];[8*]C1CC1[24*];[8*]NC(=O)c1c[nH]c2ncc([21*])nc12;[8*]NC([12*])=O;[9*]C(=O)c1c[nH]c2ncc([21*])nc12,[21*]CCC[25*];[8*]NC([12*])=O,[10*]N[C@H]([27*])C(=O)N1CC[C@H](C#N)C1;[10*]c1c[nH]c2ncc(C3([22*])CC3)nc12;[10*]c1c[nH]c2ncc([21*])nc12;[18*]C1(CCC[25*])CC1;[18*]C1(CC[24*])CC1;[18*]C1(C[23*])CC1;[8*]C1CC1CCCC1([18*])CC1;[8*]C1CC1CCC[21*];[8*]C1CC1CC[22*];[8*]C1CC1C[23*];[8*]C1CC1[24*];[8*]NC(=O)c1c[nH]c2ncc([21*])nc12;[9*]C(=O)c1c[nH]c2ncc([21*])nc12
CAND_6d30b04ba5,15,1,14,False,[10*]N[C@H]([29*])C(=O)N1CC[C@H](C#N)C1;[10*]c1c[nH]c2ncc(C3([24*])CC3)nc12;[10*]c1c[nH]c2ncc([21*])nc12;[18*]C1(COC[27*])CC1;[18*]C1(CO[26*])CC1;[18*]C1(C[25*])CC1;[21*]COC[27*];[8*]C1CC1COCC1([18*])CC1;[8*]C1CC1COC[21*];[8*]C1CC1CO[24*];[8*]C1CC1C[25*];[8*]C1CC1[26*];[8*]NC(=O)c1c[nH]c2ncc([21*])nc12;[8*]NC([12*])=O;[9*]C(=O)c1c[nH]c2ncc([21*])nc12,[8*]NC([12*])=O,[10*]N[C@H]([29*])C(=O)N1CC[C@H](C#N)C1;[10*]c1c[nH]c2ncc(C3([24*])CC3)nc12;[10*]c1c[nH]c2ncc([21*])nc12;[18*]C1(COC[27*])CC1;[18*]C1(CO[26*])CC1;[18*]C1(C[25*])CC1;[21*]COC[27*];[8*]C1CC1COCC1([18*])CC1;[8*]C1CC1COC[21*];[8*]C1CC1CO[24*];[8*]C1CC1C[25*];[8*]C1CC1[26*];[8*]NC(=O)c1c[nH]c2ncc([21*])nc12;[9*]C(=O)c1c[nH]c2ncc([21*])nc12
CAND_fd6a72e89d,15,1,14,False,[10*]N[C@H]([29*])C(=O)N1CC[C@H](C#N)C1;[10*]c1c[nH]c2ncc(C3([24*])CC3)nc12;[10*]c1c[nH]c2ncc([21*])nc12;[18*]C1(CNC[27*])CC1;[18*]C1(CN[26*])CC1;[18*]C1(C[25*])CC1;[21*]CNC[27*];[8*]C1CC1CNCC1([18*])CC1;[8*]C1CC1CNC[21*];[8*]C1CC1CN[24*];[8*]C1CC1C[25*];[8*]C1CC1[26*];[8*]NC(=O)c1c[nH]c2ncc([21*])nc12;[8*]NC([12*])=O;[9*]C(=O)c1c[nH]c2ncc([21*])nc12,[8*]NC([12*])=O,[10*]N[C@H]([29*])C(=O)N1CC[C@H](C#N)C1;[10*]c1c[nH]c2ncc(C3([24*])CC3)nc12;[10*]c1c[nH]c2ncc([21*])nc12;[18*]C1(CNC[27*])CC1;[18*]C1(CN[26*])CC1;[18*]C1(C[25*])CC1;[21*]CNC[27*];[8*]C1CC1CNCC1([18*])CC1;[8*]C1CC1CNC[21*];[8*]C1CC1CN[24*];[8*]C1CC1C[25*];[8*]C1CC1[26*];[8*]NC(=O)c1c[nH]c2ncc([21*])nc12;[9*]C(=O)c1c[nH]c2ncc([21*])nc12
CAND_956024a173,15,1,14,False,[10*]N[C@H]([29*])C(=O)N1CC[C@H](C#N)C1;[10*]c1c[nH]c2ncc(C3([24*])CC3)nc12;[10*]c1c[nH]c2ncc([21*])nc12;[18*]C1(CSC[27*])CC1;[18*]C1(CS[26*])CC1;[18*]C1(C[25*])CC1;[21*]CSC[27*];[8*]C1CC1CSCC1([18*])CC1;[8*]C1CC1CSC[21*];[8*]C1CC1CS[24*];[8*]C1CC1C[25*];[8*]C1CC1[26*];[8*]NC(=O)c1c[nH]c2ncc([21*])nc12;[8*]NC([12*])=O;[9*]C(=O)c1c[nH]c2ncc([21*])nc12,[8*]NC([12*])=O,[10*]N[C@H]([29*])C(=O)N1CC[C@H](C#N)C1;[10*]c1c[nH]c2ncc(C3([24*])CC3)nc12;[10*]c1c[nH]c2ncc([21*])nc12;[18*]C1(CSC[27*])CC1;[18*]C1(CS[26*])CC1;[18*]C1(C[25*])CC1;[21*]CSC[27*];[8*]C1CC1CSCC1([18*])CC1;[8*]C1CC1CSC[21*];[8*]C1CC1CS[24*];[8*]C1CC1C[25*];[8*]C1CC1[26*];[8*]NC(=O)c1c[nH]c2ncc([21*])nc12;[9*]C(=O)c1c[nH]c2ncc([21*])nc12
CAND_d93664c4b9,15,2,13,False,[10*]N[C@H]([27*])C(=O)N1CC[C@H](C#N)C1;[10*]c1c[nH]c2ncc(C3CC3[24*])nc12;[10*]c1c[nH]c2ncc([21*])nc12;[18*]C1CC1CCC[27*];[18*]C1CC1CC[26*];[18*]C1CC1C[25*];[18*]C1CC1[24*];[23*]CCC[27*];[8*]C1(CCCC2CC2[18*])CC1;[8*]C1(CCC[23*])CC1;[8*]C1(CC[24*])CC1;[8*]C1(C[25*])CC1;[8*]NC(=O)c1c[nH]c2ncc([21*])nc12;[8*]NC([12*])=O;[9*]C(=O)c1c[nH]c2ncc([21*])nc12,[23*]CCC[27*];[8*]NC([12*])=O,[10*]N[C@H]([27*])C(=O)N1CC[C@H](C#N)C1;[10*]c1c[nH]c2ncc(C3CC3[24*])nc12;[10*]c1c[nH]c2ncc([21*])nc12;[18*]C1CC1CCC[27*];[18*]C1CC1CC[26*];[18*]C1CC1C[25*];[18*]C1CC1[24*];[8*]C1(CCCC2CC2[18*])CC1;[8*]C1(CCC[23*])CC1;[8*]C1(CC[24*])CC1;[8*]C1(C[25*])CC1;[8*]NC(=O)c1c[nH]c2ncc([21*])nc12;[9*]C(=O)c1c[nH]c2ncc([21*])nc12
CAND_9d4c5cab6d,15,2,13,False,[10*]N[C@H]([27*])C(=O)N1CC[C@H](C#N)C1;[10*]c1c[nH]c2ncc(C3CC3[24*])nc12;[10*]c1c[nH]c2ncc([21*])nc12;[18*]C1CC1CNC[27*];[18*]C1CC1CN[26*];[18*]C1CC1C[25*];[18*]C1CC1[24*];[23*]CNC[27*];[8*]C1(CNCC2CC2[18*])CC1;[8*]C1(CNC[23*])CC1;[8*]C1(CN[24*])CC1;[8*]C1(C[25*])CC1;[8*]NC(=O)c1c[nH]c2ncc([21*])nc12;[8*]NC([12*])=O;[9*]C(=O)c1c[nH]c2ncc([21*])nc12,[23*]CNC[27*];[8*]NC([12*])=O,[10*]N[C@H]([27*])C(=O)N1CC[C@H](C#N)C1;[10*]c1c[nH]c2ncc(C3CC3[24*])nc12;[10*]c1c[nH]c2ncc([21*])nc12;[18*]C1CC1CNC[27*];[18*]C1CC1CN[26*];[18*]C1CC1C[25*];[18*]C1CC1[24*];[8*]C1(CNCC2CC2[18*])CC1;[8*]C1(CNC[23*])CC1;[8*]C1(CN[24*])CC1;[8*]C1(C[25*])CC1;[8*]NC(=O)c1c[nH]c2ncc([21*])nc12;[9*]C(=O)c1c[nH]c2ncc([21*])nc12
CAND_6c9b69bfe2,15,1,14,False,[10*]N[C@H]([27*])C(=O)N1CC[C@H](C#N)C1;[10*]c1c[nH]c2ncc(C3CC3[24*])nc12;[10*]c1c[nH]c2ncc([21*])nc12;[18*]C1CC1COC[27*];[18*]C1CC1CO[26*];[18*]C1CC1C[25*];[18*]C1CC1[24*];[23*]COC[27*];[8*]C1(COCC2CC2[18*])CC1;[8*]C1(COC[23*])CC1;[8*]C1(CO[24*])CC1;[8*]C1(C[25*])CC1;[8*]NC(=O)c1c[nH]c2ncc([21*])nc12;[8*]NC([12*])=O;[9*]C(=O)c1c[nH]c2ncc([21*])nc12,[8*]NC([12*])=O,[10*]N[C@H]([27*])C(=O)N1CC[C@H](C#N)C1;[10*]c1c[nH]c2ncc(C3CC3[24*])nc12;[10*]c1c[nH]c2ncc([21*])nc12;[18*]C1CC1COC[27*];[18*]C1CC1CO[26*];[18*]C1CC1C[25*];[18*]C1CC1[24*];[23*]COC[27*];[8*]C1(COCC2CC2[18*])CC1;[8*]C1(COC[23*])CC1;[8*]C1(CO[24*])CC1;[8*]C1(C[25*])CC1;[8*]NC(=O)c1c[nH]c2ncc([21*])nc12;[9*]C(=O)c1c[nH]c2ncc([21*])nc12
CAND_02bca8d718,15,1,14,False,[10*]N[C@H]([27*])C(=O)N1CC[C@H](C#N)C1;[10*]c1c[nH]c2ncc(C3CC3[24*])nc12;[10*]c1c[nH]c2ncc([21*])nc12;[18*]C1CC1CSC[27*];[18*]C1CC1CS[26*];[18*]C1CC1C[25*];[18*]C1CC1[24*];[23*]CSC[27*];[8*]C1(CSCC2CC2[18*])CC1;[8*]C1(CSC[23*])CC1;[8*]C1(CS[24*])CC1;[8*]C1(C[25*])CC1;[8*]NC(=O)c1c[nH]c2ncc([21*])nc12;[8*]NC([12*])=O;[9*]C(=O)c1c[nH]c2ncc([21*])nc12,[8*]NC([12*])=O,[10*]N[C@H]([27*])C(=O)N1CC[C@H](C#N)C1;[10*]c1c[nH]c2ncc(C3CC3[24*])nc12;[10*]c1c[nH]c2ncc([21*])nc12;[18*]C1CC1CSC[27*];[18*]C1CC1CS[26*];[18*]C1CC1C[25*];[18*]C1CC1[24*];[23*]CSC[27*];[8*]C1(CSCC2CC2[18*])CC1;[8*]C1(CSC[23*])CC1;[8*]C1(CS[24*])CC1;[8*]C1(C[25*])CC1;[8*]NC(=O)c1c[nH]c2ncc([21*])nc12;[9*]C(=O)c1c[nH]c2ncc([21*])nc12
CAND_d4292dc600,22,0,22,True,[17*]C(=O)N[23*];[17*]C(=O)N[C@@H](C([29*])=O)C1CC1;[17*]C(=O)N[C@@H]([27*])C1CC1;[20*]N[C@@H](C([29*])=O)C1CC1;[20*]N[C@@H]([27*])C1CC1;[22*][C@@H](C([29*])=O)C1CC1;[4*]CNCC1([11*])CC1;[4*]CNC[8*];[5*]C1C[C@H](C#N)CN1C([23*])=O;[5*]C1C[C@H](C#N)CN1[27*];[5*]NCC1([11*])CC1;[6*]CC1([11*])CC1;[6*]CC1C[C@H](C#N)CN1C([23*])=O;[6*]CC1C[C@H](C#N)CN1[27*];[7*]C1(c2cnc3[nH]cc([20*])c3n2)CC1;[7*]NCC1C[C@H](C#N)CN1C([23*])=O;[7*]NCC1C[C@H](C#N)CN1[27*];[8*]CNCC1C[C@H](C#N)CN1C([23*])=O;[8*]CNCC1C[C@H](C#N)CN1[27*];[8*]c1cnc2[nH]cc(C(=O)N[23*])c2n1;[8*]c1cnc2[nH]cc(C([22*])=O)c2n1;[8*]c1cnc2[nH]cc([20*])c2n1,,[17*]C(=O)N[23*];[17*]C(=O)N[C@@H](C([29*])=O)C1CC1;[17*]C(=O)N[C@@H]([27*])C1CC1;[20*]N[C@@H](C([29*])=O)C1CC1;[20*]N[C@@H]([27*])C1CC1;[22*][C@@H](C([29*])=O)C1CC1;[4*]CNCC1([11*])CC1;[4*]CNC[8*];[5*]C1C[C@H](C#N)CN1C([23*])=O;[5*]C1C[C@H](C#N)CN1[27*];[5*]NCC1([11*])CC1;[6*]CC1([11*])CC1;[6*]CC1C[C@H](C#N)CN1C([23*])=O;[6*]CC1C[C@H](C#N)CN1[27*];[7*]C1(c2cnc3[nH]cc([20*])c3n2)CC1;[7*]NCC1C[C@H](C#N)CN1C([23*])=O;[7*]NCC1C[C@H](C#N)CN1[27*];[8*]CNCC1C[C@H](C#N)CN1C([23*])=O;[8*]CNCC1C[C@H](C#N)CN1[27*];[8*]c1cnc2[nH]cc(C(=O)N[23*])c2n1;[8*]c1cnc2[nH]cc(C([22*])=O)c2n1;[8*]c1cnc2[nH]cc([20*])c2n1
CAND_a6e2aca7fb,22,1,21,False,[17*]C(=O)N[23*];[17*]C(=O)N[C@@H](C([29*])=O)C1CC1;[17*]C(=O)N[C@@H]([27*])C1CC1;[20*]N[C@@H](C([29*])=O)C1CC1;[20*]N[C@@H]([27*])C1CC1;[22*][C@@H](C([29*])=O)C1CC1;[4*]CSCC1([11*])CC1;[4*]CSC[8*];[5*]C1C[C@H](C#N)CN1C([23*])=O;[5*]C1C[C@H](C#N)CN1[27*];[5*]SCC1([11*])CC1;[6*]CC1([11*])CC1;[6*]CC1C[C@H](C#N)CN1C([23*])=O;[6*]CC1C[C@H](C#N)CN1[27*];[7*]C1(c2cnc3[nH]cc([20*])c3n2)CC1;[7*]SCC1C[C@H](C#N)CN1C([23*])=O;[7*]SCC1C[C@H](C#N)CN1[27*];[8*]CSCC1C[C@H](C#N)CN1C([23*])=O;[8*]CSCC1C[C@H](C#N)CN1[27*];[8*]c1cnc2[nH]cc(C(=O)N[23*])c2n1;[8*]c1cnc2[nH]cc(C([22*])=O)c2n1;[8*]c1cnc2[nH]cc([20*])c2n1,[4*]CSC[8*],[17*]C(=O)N[23*];[17*]C(=O)N[C@@H](C([29*])=O)C1CC1;[17*]C(=O)N[C@@H]([27*])C1CC1;[20*]N[C@@H](C([29*])=O)C1CC1;[20*]N[C@@H]([27*])C1CC1;[22*][C@@H](C([29*])=O)C1CC1;[4*]CSCC1([11*])CC1;[5*]C1C[C@H](C#N)CN1C([23*])=O;[5*]C1C[C@H](C#N)CN1[27*];[5*]SCC1([11*])CC1;[6*]CC1([11*])CC1;[6*]CC1C[C@H](C#N)CN1C([23*])=O;[6*]CC1C[C@H](C#N)CN1[27*];[7*]C1(c2cnc3[nH]cc([20*])c3n2)CC1;[7*]SCC1C[C@H](C#N)CN1C([23*])=O;[7*]SCC1C[C@H](C#N)CN1[27*];[8*]CSCC1C[C@H](C#N)CN1C([23*])=O;[8*]CSCC1C[C@H](C#N)CN1[27*];[8*]c1cnc2[nH]cc(C(=O)N[23*])c2n1;[8*]c1cnc2[nH]cc(C([22*])=O)c2n1;[8*]c1cnc2[nH]cc([20*])c2n1
CAND_76774df791,22,1,21,False,[17*]C(=O)N[23*];[17*]C(=O)N[C@@H](C([29*])=O)C1CC1;[17*]C(=O)N[C@@H]([27*])C1CC1;[20*]N[C@@H](C([29*])=O)C1CC1;[20*]N[C@@H]([27*])C1CC1;[22*][C@@H](C([29*])=O)C1CC1;[4*]COCC1([11*])CC1;[4*]COC[8*];[5*]C1C[C@H](C#N)CN1C([23*])=O;[5*]C1C[C@H](C#N)CN1[27*];[5*]OCC1([11*])CC1;[6*]CC1([11*])CC1;[6*]CC1C[C@H](C#N)CN1C([23*])=O;[6*]CC1C[C@H](C#N)CN1[27*];[7*]C1(c2cnc3[nH]cc([20*])c3n2)CC1;[7*]OCC1C[C@H](C#N)CN1C([23*])=O;[7*]OCC1C[C@H](C#N)CN1[27*];[8*]COCC1C[C@H](C#N)CN1C([23*])=O;[8*]COCC1C[C@H](C#N)CN1[27*];[8*]c1cnc2[nH]cc(C(=O)N[23*])c2n1;[8*]c1cnc2[nH]cc(C([22*])=O)c2n1;[8*]c1cnc2[nH]cc([20*])c2n1,[4*]COC[8*],[17*]C(=O)N[23*];[17*]C(=O)N[C@@H](C([29*])=O)C1CC1;[17*]C(=O)N[C@@H]([27*])C1CC1;[20*]N[C@@H](C([29*])=O)C1CC1;[20*]N[C@@H]([27*])C1CC1;[22*][C@@H](C([29*])=O)C1CC1;[4*]COCC1([11*])CC1;[5*]C1C[C@H](C#N)CN1C([23*])=O;[5*]C1C[C@H](C#N)CN1[27*];[5*]OCC1([11*])CC1;[6*]CC1([11*])CC1;[6*]CC1C[C@H](C#N)CN1C([23*])=O;[6*]CC1C[C@H](C#N)CN1[27*];[7*]C1(c2cnc3[nH]cc([20*])c3n2)CC1;[7*]OCC1C[C@H](C#N)CN1C([23*])=O;[7*]OCC1C[C@H](C#N)CN1[27*];[8*]COCC1C[C@H](C#N)CN1C([23*])=O;[8*]COCC1C[C@H](C#N)CN1[27*];[8*]c1cnc2[nH]cc(C(=O)N[23*])c2n1;[8*]c1cnc2[nH]cc(C([22*])=O)c2n1;[8*]c1cnc2[nH]cc([20*])c2n1
CAND_7f7760bbec,22,1,21,False,[17*]C(=O)N[23*];[17*]C(=O)N[C@@H](C([29*])=O)C1CC1;[17*]C(=O)N[C@@H]([27*])C1CC1;[20*]N[C@@H](C([29*])=O)C1CC1;[20*]N[C@@H]([27*])C1CC1;[22*][C@@H](C([29*])=O)C1CC1;[4*]CCCC1([11*])CC1;[4*]CCC[8*];[5*]C1C[C@H](C#N)CN1C([23*])=O;[5*]C1C[C@H](C#N)CN1[27*];[5*]CCC1([11*])CC1;[6*]CC1([11*])CC1;[6*]CC1C[C@H](C#N)CN1C([23*])=O;[6*]CC1C[C@H](C#N)CN1[27*];[7*]C1(c2cnc3[nH]cc([20*])c3n2)CC1;[7*]CCC1C[C@H](C#N)CN1C([23*])=O;[7*]CCC1C[C@H](C#N)CN1[27*];[8*]CCCC1C[C@H](C#N)CN1C([23*])=O;[8*]CCCC1C[C@H](C#N)CN1[27*];[8*]c1cnc2[nH]cc(C(=O)N[23*])c2n1;[8*]c1cnc2[nH]cc(C([22*])=O)c2n1;[8*]c1cnc2[nH]cc([20*])c2n1,[4*]CCC[8*],[17*]C(=O)N[23*];[17*]C(=O)N[C@@H](C([29*])=O)C1CC1;[17*]C(=O)N[C@@H]([27*])C1CC1;[20*]N[C@@H](C([29*])=O)C1CC1;[20*]N[C@@H]([27*])C1CC1;[22*][C@@H](C([29*])=O)C1CC1;[4*]CCCC1([11*])CC1;[5*]C1C[C@H](C#N)CN1C([23*])=O;[5*]C1C[C@H](C#N)CN1[27*];[5*]CCC1([11*])CC1;[6*]CC1([11*])CC1;[6*]CC1C[C@H](C#N)CN1C([23*])=O;[6*]CC1C[C@H](C#N)CN1[27*];[7*]C1(c2cnc3[nH]cc([20*])c3n2)CC1;[7*]CCC1C[C@H](C#N)CN1C([23*])=O;[7*]CCC1C[C@H](C#N)CN1[27*];[8*]CCCC1C[C@H](C#N)CN1C([23*])=O;[8*]CCCC1C[C@H](C#N)CN1[27*];[8*]c1cnc2[nH]cc(C(=O)N[23*])c2n1;[8*]c1cnc2[nH]cc(C([22*])=O)c2n1;[8*]c1cnc2[nH]cc([20*])c2n1
CAND_423486dce5,25,7,18,False,[11*]C(=O)N[C@H]([26*])C(=O)N1CC(C#N)C1;[17*]C1(CCCCC[26*])CC1;[17*]C1(CCCC[25*])CC1;[17*]C1(CCC[24*])CC1;[17*]C1(CC[23*])CC1;[17*]C1(C[22*])CC1;[20*]CCCCC[26*];[20*]CCCC[25*];[20*]CCC[24*];[21*]CCCC[26*];[21*]CCC[25*];[22*]CCC[26*];[7*]C1(CCCCCC2([17*])CC2)CC1;[7*]C1(CCCCC[20*])CC1;[7*]C1(CCCC[21*])CC1;[7*]C1(CCC[22*])CC1;[7*]C1(CC[23*])CC1;[7*]C1(C[24*])CC1;[7*]NC(=O)c1c[nH]c2ncc([20*])nc12;[7*]NC([11*])=O;[8*]C(=O)c1c[nH]c2ncc([20*])nc12;[8*][C@@H](C(=O)N1CC(C#N)C1)C1([25*])CC1;[9*]N[C@H]([26*])C(=O)N1CC(C#N)C1;[9*]c1c[nH]c2ncc(C3([21*])CC3)nc12;[9*]c1c[nH]c2ncc([20*])nc12,[20*]CCCCC[26*];[20*]CCCC[25*];[20*]CCC[24*];[21*]CCCC[26*];[21*]CCC[25*];[22*]CCC[26*];[7*]NC([11*])=O,[11*]C(=O)N[C@H]([26*])C(=O)N1CC(C#N)C1;[17*]C1(CCCCC[26*])CC1;[17*]C1(CCCC[25*])CC1;[17*]C1(CCC[24*])CC1;[17*]C1(CC[23*])CC1;[17*]C1(C[22*])CC1;[7*]C1(CCCCCC2([17*])CC2)CC1;[7*]C1(CCCCC[20*])CC1;[7*]C1(CCCC[21*])CC1;[7*]C1(CCC[22*])CC1;[7*]C1(CC[23*])CC1;[7*]C1(C[24*])CC1;[7*]NC(=O)c1c[nH]c2ncc([20*])nc12;[8*]C(=O)c1c[nH]c2ncc([20*])nc12;[8*][C@@H](C(=O)N1CC(C#N)C1)C1([25*])CC1;[9*]N[C@H]([26*])C(=O)N1CC(C#N)C1;[9*]c1c[nH]c2ncc(C3([21*])CC3)nc12;[9*]c1c[nH]c2ncc([20*])nc12
CAND_8b6de06a0f,25,1,24,False,[11*]C(=O)N[C@H]([26*])C(=O)N1CC(C#N)C1;[17*]C1(CCOCC[26*])CC1;[17*]C1(CCOC[25*])CC1;[17*]C1(CCO[24*])CC1;[17*]C1(CC[23*])CC1;[17*]C1(C[22*])CC1;[20*]CCOCC[26*];[20*]CCOC[25*];[20*]CCO[24*];[21*]COCC[26*];[21*]COC[25*];[22*]OCC[26*];[7*]C1(CCOCCC2([17*])CC2)CC1;[7*]C1(CCOCC[20*])CC1;[7*]C1(CCOC[21*])CC1;[7*]C1(CCO[22*])CC1;[7*]C1(CC[23*])CC1;[7*]C1(C[24*])CC1;[7*]NC(=O)c1c[nH]c2ncc([20*])nc12;[7*]NC([11*])=O;[8*]C(=O)c1c[nH]c2ncc([20*])nc12;[8*][C@@H](C(=O)N1CC(C#N)C1)C1([25*])CC1;[9*]N[C@H]([26*])C(=O)N1CC(C#N)C1;[9*]c1c[nH]c2ncc(C3([21*])CC3)nc12;[9*]c1c[nH]c2ncc([20*])nc12,[7*]NC([11*])=O,[11*]C(=O)N[C@H]([26*])C(=O)N1CC(C#N)C1;[17*]C1(CCOCC[26*])CC1;[17*]C1(CCOC[25*])CC1;[17*]C1(CCO[24*])CC1;[17*]C1(CC[23*])CC1;[17*]C1(C[22*])CC1;[20*]CCOCC[26*];[20*]CCOC[25*];[20*]CCO[24*];[21*]COCC[26*];[21*]COC[25*];[22*]OCC[26*];[7*]C1(CCOCCC2([17*])CC2)CC1;[7*]C1(CCOCC[20*])CC1;[7*]C1(CCOC[21*])CC1;[7*]C1(CCO[22*])CC1;[7*]C1(CC[23*])CC1;[7*]C1(C[24*])CC1;[7*]NC(=O)c1c[nH]c2ncc([20*])nc12;[8*]C(=O)c1c[nH]c2ncc([20*])nc12;[8*][C@@H](C(=O)N1CC(C#N)C1)C1([25*])CC1;[9*]N[C@H]([26*])C(=O)N1CC(C#N)C1;[9*]c1c[nH]c2ncc(C3([21*])CC3)nc12;[9*]c1c[nH]c2ncc([20*])nc12
CAND_bfdc82a98a,25,3,22,False,[11*]C(=O)N[C@H]([26*])C(=O)N1CC(C#N)C1;[17*]C1(CCSCC[26*])CC1;[17*]C1(CCSC[25*])CC1;[17*]C1(CCS[24*])CC1;[17*]C1(CC[23*])CC1;[17*]C1(C[22*])CC1;[20*]CCSCC[26*];[20*]CCSC[25*];[20*]CCS[24*];[21*]CSCC[26*];[21*]CSC[25*];[22*]SCC[26*];[7*]C1(CCSCCC2([17*])CC2)CC1;[7*]C1(CCSCC[20*])CC1;[7*]C1(CCSC[21*])CC1;[7*]C1(CCS[22*])CC1;[7*]C1(CC[23*])CC1;[7*]C1(C[24*])CC1;[7*]NC(=O)c1c[nH]c2ncc([20*])nc12;[7*]NC([11*])=O;[8*]C(=O)c1c[nH]c2ncc([20*])nc12;[8*][C@@H](C(=O)N1CC(C#N)C1)C1([25*])CC1;[9*]N[C@H]([26*])C(=O)N1CC(C#N)C1;[9*]c1c[nH]c2ncc(C3([21*])CC3)nc12;[9*]c1c[nH]c2ncc([20*])nc12,[20*]CCS[24*];[22*]SCC[26*];[7*]NC([11*])=O,[11*]C(=O)N[C@H]([26*])C(=O)N1CC(C#N)C1;[17*]C1(CCSCC[26*])CC1;[17*]C1(CCSC[25*])CC1;[17*]C1(CCS[24*])CC1;[17*]C1(CC[23*])CC1;[17*]C1(C[22*])CC1;[20*]CCSCC[26*];[20*]CCSC[25*];[21*]CSCC[26*];[21*]CSC[25*];[7*]C1(CCSCCC2([17*])CC2)CC1;[7*]C1(CCSCC[20*])CC1;[7*]C1(CCSC[21*])CC1;[7*]C1(CCS[22*])CC1;[7*]C1(CC[23*])CC1;[7*]C1(C[24*])CC1;[7*]NC(=O)c1c[nH]c2ncc([20*])nc12;[8*]C(=O)c1c[nH]c2ncc([20*])nc12;[8*][C@@H](C(=O)N1CC(C#N)C1)C1([25*])CC1;[9*]N[C@H]([26*])C(=O)N1CC(C#N)C1;[9*]c1c[nH]c2ncc(C3([21*])CC3)nc12;[9*]c1c[nH]c2ncc([20*])nc12
CAND_6cb1768675,25,7,18,False,[11*]C(=O)N[C@H]([26*])C(=O)N1CC(C#N)C1;[17*]C1(CCNCC[26*])CC1;[17*]C1(CCNC[25*])CC1;[17*]C1(CCN[24*])CC1;[17*]C1(CC[23*])CC1;[17*]C1(C[22*])CC1;[20*]CCNCC[26*];[20*]CCNC[25*];[20*]CCN[24*];[21*]CNCC[26*];[21*]CNC[25*];[22*]NCC[26*];[7*]C1(CCNCCC2([17*])CC2)CC1;[7*]C1(CCNCC[20*])CC1;[7*]C1(CCNC[21*])CC1;[7*]C1(CCN[22*])CC1;[7*]C1(CC[23*])CC1;[7*]C1(C[24*])CC1;[7*]NC(=O)c1c[nH]c2ncc([20*])nc12;[7*]NC([11*])=O;[8*]C(=O)c1c[nH]c2ncc([20*])nc12;[8*][C@@H](C(=O)N1CC(C#N)C1)C1([25*])CC1;[9*]N[C@H]([26*])C(=O)N1CC(C#N)C1;[9*]c1c[nH]c2ncc(C3([21*])CC3)nc12;[9*]c1c[nH]c2ncc([20*])nc12,[20*]CCNCC[26*];[20*]CCNC[25*];[20*]CCN[24*];[21*]CNCC[26*];[21*]CNC[25*];[22*]NCC[26*];[7*]NC([11*])=O,[11*]C(=O)N[C@H]([26*])C(=O)N1CC(C#N)C1;[17*]C1(CCNCC[26*])CC1;[17*]C1(CCNC[25*])CC1;[17*]C1(CCN[24*])CC1;[17*]C1(CC[23*])CC1;[17*]C1(C[22*])CC1;[7*]C1(CCNCCC2([17*])CC2)CC1;[7*]C1(CCNCC[20*])CC1;[7*]C1(CCNC[21*])CC1;[7*]C1(CCN[22*])CC1;[7*]C1(CC[23*])CC1;[7*]C1(C[24*])CC1;[7*]NC(=O)c1c[nH]c2ncc([20*])nc12;[8*]C(=O)c1c[nH]c2ncc([20*])nc12;[8*][C@@H](C(=O)N1CC(C#N)C1)C1([25*])CC1;[9*]N[C@H]([26*])C(=O)N1CC(C#N)C1;[9*]c1c[nH]c2ncc(C3([21*])CC3)nc12;[9*]c1c[nH]c2ncc([20*])nc12
CAND_53308bee89,25,1,24,False,[11*]C(=O)N[C@H]([28*])C(=O)N1CC(C#N)C1;[17*]C1(COCNC[28*])CC1;[17*]C1(COCN[27*])CC1;[17*]C1(COC[26*])CC1;[17*]C1(CO[25*])CC1;[17*]C1(C[24*])CC1;[20*]COCNC[28*];[20*]COCN[27*];[20*]COC[26*];[23*]OCNC[28*];[23*]OCN[27*];[24*]CNC[28*];[7*]C1(CNCOCC2([17*])CC2)CC1;[7*]C1(CNCOC[20*])CC1;[7*]C1(CNCO[23*])CC1;[7*]C1(CNC[24*])CC1;[7*]C1(CN[25*])CC1;[7*]C1(C[26*])CC1;[7*]NC(=O)c1c[nH]c2ncc([20*])nc12;[7*]NC([11*])=O;[8*]C(=O)c1c[nH]c2ncc([20*])nc12;[8*][C@@H](C(=O)N1CC(C#N)C1)C1([27*])CC1;[9*]N[C@H]([28*])C(=O)N1CC(C#N)C1;[9*]c1c[nH]c2ncc(C3([23*])CC3)nc12;[9*]c1c[nH]c2ncc([20*])nc12,[7*]NC([11*])=O,[11*]C(=O)N[C@H]([28*])C(=O)N1CC(C#N)C1;[17*]C1(COCNC[28*])CC1;[17*]C1(COCN[27*])CC1;[17*]C1(COC[26*])CC1;[17*]C1(CO[25*])CC1;[17*]C1(C[24*])CC1;[20*]COCNC[28*];[20*]COCN[27*];[20*]COC[26*];[23*]OCNC[28*];[23*]OCN[27*];[24*]CNC[28*];[7*]C1(CNCOCC2([17*])CC2)CC1;[7*]C1(CNCOC[20*])CC1;[7*]C1(CNCO[23*])CC1;[7*]C1(CNC[24*])CC1;[7*]C1(CN[25*])CC1;[7*]C1(C[26*])CC1;[7*]NC(=O)c1c[nH]c2ncc([20*])nc12;[8*]C(=O)c1c[nH]c2ncc([20*])nc12;[8*][C@@H](C(=O)N1CC(C#N)C1)C1([27*])CC1;[9*]N[C@H]([28*])C(=O)N1CC(C#N)C1;[9*]c1c[nH]c2ncc(C3([23*])CC3)nc12;[9*]c1c[nH]c2ncc([20*])nc12
CAND_67e4c4c09b,39,2,37,False,[18*]C(=O)N[24*];[18*]C(=O)N[C@@H](C([30*])=O)C1CC1;[18*]C(=O)N[C@@H]([28*])C1CC1;[2*]CCCSCCC1([12*])CC1;[2*]CCCSCC[9*];[2*]CCCSC[8*];[2*]CCCS[7*];[2*]CCC[6*];[21*]N[C@@H](C([30*])=O)C1CC1;[21*]N[C@@H]([28*])C1CC1;[23*][C@@H](C([30*])=O)C1CC1;[3*]C1(C#N)CN(C(=O)[C@H]([23*])C2CC2)C1;[3*]C1(C#N)CN(C([24*])=O)C1;[3*]C1(C#N)CN([28*])C1;[3*]CCSCCC1([12*])CC1;[3*]CCSCC[9*];[3*]CCSC[8*];[3*]CCS[7*];[4*]CC1(C#N)CN(C([24*])=O)C1;[4*]CC1(C#N)CN([28*])C1;[4*]CSCCC1([12*])CC1;[4*]CSCC[9*];[4*]CSC[8*];[5*]CCC1(C#N)CN(C([24*])=O)C1;[5*]CCC1(C#N)CN([28*])C1;[5*]SCCC1([12*])CC1;[5*]SCC[9*];[6*]CCC1([12*])CC1;[6*]CCCC1(C#N)CN(C([24*])=O)C1;[6*]CCCC1(C#N)CN([28*])C1;[7*]CC1([12*])CC1;[7*]SCCCC1(C#N)CN(C([24*])=O)C1;[7*]SCCCC1(C#N)CN([28*])C1;[8*]C1(c2cnc3[nH]cc([21*])c3n2)CC1;[8*]CSCCCC1(C#N)CN([28*])C1;[9*]CCSCCCC1(C#N)CN([28*])C1;[9*]c1cnc2[nH]cc(C(=O)N[24*])c2n1;[9*]c1cnc2[nH]cc(C([23*])=O)c2n1;[9*]c1cnc2[nH]cc([21*])c2n1,[2*]CCC[6*];[4*]CSC[8*],[18*]C(=O)N[24*];[18*]C(=O)N[C@@H](C([30*])=O)C1CC1;[18*]C(=O)N[C@@H]([28*])C1CC1;[2*]CCCSCCC1([12*])CC1;[2*]CCCSCC[9*];[2*]CCCSC[8*];[2*]CCCS[7*];[21*]N[C@@H](C([30*])=O)C1CC1;[21*]N[C@@H]([28*])C1CC1;[23*][C@@H](C([30*])=O)C1CC1;[3*]C1(C#N)CN(C(=O)[C@H]([23*])C2CC2)C1;[3*]C1(C#N)CN(C([24*])=O)C1;[3*]C1(C#N)CN([28*])C1;[3*]CCSCCC1([12*])CC1;[3*]CCSCC[9*];[3*]CCSC[8*];[3*]CCS[7*];[4*]CC1(C#N)CN(C([24*])=O)C1;[4*]CC1(C#N)CN([28*])C1;[4*]CSCCC1([12*])CC1;[4*]CSCC[9*];[5*]CCC1(C#N)CN(C([24*])=O)C1;[5*]CCC1(C#N)CN([28*])C1;[5*]SCCC1([12*])CC1;[5*]SCC[9*];[6*]CCC1([12*])CC1;[6*]CCCC1(C#N)CN(C([24*])=O)C1;[6*]CCCC1(C#N)CN([28*])C1;[7*]CC1([12*])CC1;[7*]SCCCC1(C#N)CN(C([24*])=O)C1;[7*]SCCCC1(C#N)CN([28*])C1;[8*]C1(c2cnc3[nH]cc([21*])c3n2)CC1;[8*]CSCCCC1(C#N)CN([28*])C1;[9*]CCSCCCC1(C#N)CN([28*])C1;[9*]c1cnc2[nH]cc(C(=O)N[24*])c2n1;[9*]c1cnc2[nH]cc(C([23*])=O)c2n1;[9*]c1cnc2[nH]cc([21*])c2n1
CAND_b7ff913a58,39,10,29,False,[18*]C(=O)N[24*];[18*]C(=O)N[C@@H](C([30*])=O)C1CC1;[18*]C(=O)N[C@@H]([28*])C1CC1;[2*]CCCCCCC1([12*])CC1;[2*]CCCCCC[9*];[2*]CCCCC[8*];[2*]CCCC[7*];[2*]CCC[6*];[21*]N[C@@H](C([30*])=O)C1CC1;[21*]N[C@@H]([28*])C1CC1;[23*][C@@H](C([30*])=O)C1CC1;[3*]C1(C#N)CN(C(=O)[C@H]([23*])C2CC2)C1;[3*]C1(C#N)CN(C([24*])=O)C1;[3*]C1(C#N)CN([28*])C1;[3*]CCCCCC1([12*])CC1;[3*]CCCCC[9*];[3*]CCCC[8*];[3*]CCC[7*];[4*]CC1(C#N)CN(C([24*])=O)C1;[4*]CC1(C#N)CN([28*])C1;[4*]CCCCC1([12*])CC1;[4*]CCCC[9*];[4*]CCC[8*];[5*]CCC1(C#N)CN(C([24*])=O)C1;[5*]CCC1(C#N)CN([28*])C1;[5*]CCCC1([12*])CC1;[5*]CCC[9*];[6*]CCC1([12*])CC1;[6*]CCCC1(C#N)CN(C([24*])=O)C1;[6*]CCCC1(C#N)CN([28*])C1;[7*]CC1([12*])CC1;[7*]CCCCC1(C#N)CN(C([24*])=O)C1;[7*]CCCCC1(C#N)CN([28*])C1;[8*]C1(c2cnc3[nH]cc([21*])c3n2)CC1;[8*]CCCCCC1(C#N)CN([28*])C1;[9*]CCCCCCC1(C#N)CN([28*])C1;[9*]c1cnc2[nH]cc(C(=O)N[24*])c2n1;[9*]c1cnc2[nH]cc(C([23*])=O)c2n1;[9*]c1cnc2[nH]cc([21*])c2n1,[2*]CCCCCC[9*];[2*]CCCCC[8*];[2*]CCCC[7*];[2*]CCC[6*];[3*]CCCCC[9*];[3*]CCCC[8*];[3*]CCC[7*];[4*]CCCC[9*];[4*]CCC[8*];[5*]CCC[9*],[18*]C(=O)N[24*];[18*]C(=O)N[C@@H](C([30*])=O)C1CC1;[18*]C(=O)N[C@@H]([28*])C1CC1;[2*]CCCCCCC1([12*])CC1;[21*]N[C@@H](C([30*])=O)C1CC1;[21*]N[C@@H]([28*])C1CC1;[23*][C@@H](C([30*])=O)C1CC1;[3*]C1(C#N)CN(C(=O)[C@H]([23*])C2CC2)C1;[3*]C1(C#N)CN(C([24*])=O)C1;[3*]C1(C#N)CN([28*])C1;[3*]CCCCCC1([12*])CC1;[4*]CC1(C#N)CN(C([24*])=O)C1;[4*]CC1(C#N)CN([28*])C1;[4*]CCCCC1([12*])CC1;[5*]CCC1(C#N)CN(C([24*])=O)C1;[5*]CCC1(C#N)CN([28*])C1;[5*]CCCC1([12*])CC1;[6*]CCC1([12*])CC1;[6*]CCCC1(C#N)CN(C([24*])=O)C1;[6*]CCCC1(C#N)CN([28*])C1;[7*]CC1([12*])CC1;[7*]CCCCC1(C#N)CN(C([24*])=O)C1;[7*]CCCCC1(C#N)CN([28*])C1;[8*]C1(c2cnc3[nH]cc([21*])c3n2)CC1;[8*]CCCCCC1(C#N)CN([28*])C1;[9*]CCCCCCC1(C#N)CN([28*])C1;[9*]c1cnc2[nH]cc(C(=O)N[24*])c2n1;[9*]c1cnc2[nH]cc(C([23*])=O)c2n1;[9*]c1cnc2[nH]cc([21*])c2n1
CAND_e16585ad8a,39,4,35,False,[18*]C(=O)N[24*];[18*]C(=O)N[C@@H](C([30*])=O)C1CC1;[18*]C(=O)N[C@@H]([28*])C1CC1;[2*]CCCNCCC1([12*])CC1;[2*]CCCNCC[9*];[2*]CCCNC[8*];[2*]CCCN[7*];[2*]CCC[6*];[21*]N[C@@H](C([30*])=O)C1CC1;[21*]N[C@@H]([28*])C1CC1;[23*][C@@H](C([30*])=O)C1CC1;[3*]C1(C#N)CN(C(=O)[C@H]([23*])C2CC2)C1;[3*]C1(C#N)CN(C([24*])=O)C1;[3*]C1(C#N)CN([28*])C1;[3*]CCNCCC1([12*])CC1;[3*]CCNCC[9*];[3*]CCNC[8*];[3*]CCN[7*];[4*]CC1(C#N)CN(C([24*])=O)C1;[4*]CC1(C#N)CN([28*])C1;[4*]CNCCC1([12*])CC1;[4*]CNCC[9*];[4*]CNC[8*];[5*]CCC1(C#N)CN(C([24*])=O)C1;[5*]CCC1(C#N)CN([28*])C1;[5*]NCCC1([12*])CC1;[5*]NCC[9*];[6*]CCC1([12*])CC1;[6*]CCCC1(C#N)CN(C([24*])=O)C1;[6*]CCCC1(C#N)CN([28*])C1;[7*]CC1([12*])CC1;[7*]NCCCC1(C#N)CN(C([24*])=O)C1;[7*]NCCCC1(C#N)CN([28*])C1;[8*]C1(c2cnc3[nH]cc([21*])c3n2)CC1;[8*]CNCCCC1(C#N)CN([28*])C1;[9*]CCNCCCC1(C#N)CN([28*])C1;[9*]c1cnc2[nH]cc(C(=O)N[24*])c2n1;[9*]c1cnc2[nH]cc(C([23*])=O)c2n1;[9*]c1cnc2[nH]cc([21*])c2n1,[2*]CCCNCC[9*];[2*]CCCN[7*];[2*]CCC[6*];[3*]CCN[7*],[18*]C(=O)N[24*];[18*]C(=O)N[C@@H](C([30*])=O)C1CC1;[18*]C(=O)N[C@@H]([28*])C1CC1;[2*]CCCNCCC1([12*])CC1;[2*]CCCNC[8*];[21*]N[C@@H](C([30*])=O)C1CC1;[21*]N[C@@H]([28*])C1CC1;[23*][C@@H](C([30*])=O)C1CC1;[3*]C1(C#N)CN(C(=O)[C@H]([23*])C2CC2)C1;[3*]C1(C#N)CN(C([24*])=O)C1;[3*]C1(C#N)CN([28*])C1;[3*]CCNCCC1([12*])CC1;[3*]CCNCC[9*];[3*]CCNC[8*];[4*]CC1(C#N)CN(C([24*])=O)C1;[4*]CC1(C#N)CN([28*])C1;[4*]CNCCC1([12*])CC1;[4*]CNCC[9*];[4*]CNC[8*];[5*]CCC1(C#N)CN(C([24*])=O)C1;[5*]CCC1(C#N)CN([28*])C1;[5*]NCCC1([12*])CC1;[5*]NCC[9*];[6*]CCC1([12*])CC1;[6*]CCCC1(C#N)CN(C([24*])=O)C1;[6*]CCCC1(C#N)CN([28*])C1;[7*]CC1([12*])CC1;[7*]NCCCC1(C#N)CN(C([24*])=O)C1;[7*]NCCCC1(C#N)CN([28*])C1;[8*]C1(c2cnc3[nH]cc([21*])c3n2)CC1;[8*]CNCCCC1(C#N)CN([28*])C1;[9*]CCNCCCC1(C#N)CN([28*])C1;[9*]c1cnc2[nH]cc(C(=O)N[24*])c2n1;[9*]c1cnc2[nH]cc(C([23*])=O)c2n1;[9*]c1cnc2[nH]cc([21*])c2n1
CAND_4791e858cc,39,2,37,False,[18*]C(=O)N[24*];[18*]C(=O)N[C@@H](C([30*])=O)C1CC1;[18*]C(=O)N[C@@H]([28*])C1CC1;[2*]CCCOCCC1([12*])CC1;[2*]CCCOCC[9*];[2*]CCCOC[8*];[2*]CCCO[7*];[2*]CCC[6*];[21*]N[C@@H](C([30*])=O)C1CC1;[21*]N[C@@H]([28*])C1CC1;[23*][C@@H](C([30*])=O)C1CC1;[3*]C1(C#N)CN(C(=O)[C@H]([23*])C2CC2)C1;[3*]C1(C#N)CN(C([24*])=O)C1;[3*]C1(C#N)CN([28*])C1;[3*]CCOCCC1([12*])CC1;[3*]CCOCC[9*];[3*]CCOC[8*];[3*]CCO[7*];[4*]CC1(C#N)CN(C([24*])=O)C1;[4*]CC1(C#N)CN([28*])C1;[4*]COCCC1([12*])CC1;[4*]COCC[9*];[4*]COC[8*];[5*]CCC1(C#N)CN(C([24*])=O)C1;[5*]CCC1(C#N)CN([28*])C1;[5*]OCCC1([12*])CC1;[5*]OCC[9*];[6*]CCC1([12*])CC1;[6*]CCCC1(C#N)CN(C([24*])=O)C1;[6*]CCCC1(C#N)CN([28*])C1;[7*]CC1([12*])CC1;[7*]OCCCC1(C#N)CN(C([24*])=O)C1;[7*]OCCCC1(C#N)CN([28*])C1;[8*]C1(c2cnc3[nH]cc([21*])c3n2)CC1;[8*]COCCCC1(C#N)CN([28*])C1;[9*]CCOCCCC1(C#N)CN([28*])C1;[9*]c1cnc2[nH]cc(C(=O)N[24*])c2n1;[9*]c1cnc2[nH]cc(C([23*])=O)c2n1;[9*]c1cnc2[nH]cc([21*])c2n1,[2*]CCC[6*];[4*]COC[8*],[18*]C(=O)N[24*];[18*]C(=O)N[C@@H](C([30*])=O)C1CC1;[18*]C(=O)N[C@@H]([28*])C1CC1;[2*]CCCOCCC1([12*])CC1;[2*]CCCOCC[9*];[2*]CCCOC[8*];[2*]CCCO[7*];[21*]N[C@@H](C([30*])=O)C1CC1;[21*]N[C@@H]([28*])C1CC1;[23*][C@@H](C([30*])=O)C1CC1;[3*]C1(C#N)CN(C(=O)[C@H]([23*])C2CC2)C1;[3*]C1(C#N)CN(C([24*])=O)C1;[3*]C1(C#N)CN([28*])C1;[3*]CCOCCC1([12*])CC1;[3*]CCOCC[9*];[3*]CCOC[8*];[3*]CCO[7*];[4*]CC1(C#N)CN(C([24*])=O)C1;[4*]CC1(C#N)CN([28*])C1;[4*]COCCC1([12*])CC1;[4*]COCC[9*];[5*]CCC1(C#N)CN(C([24*])=O)C1;[5*]CCC1(C#N)CN([28*])C1;[5*]OCCC1([12*])CC1;[5*]OCC[9*];[6*]CCC1([12*])CC1;[6*]CCCC1(C#N)CN(C([24*])=O)C1;[6*]CCCC1(C#N)CN([28*])C1;[7*]CC1([12*])CC1;[7*]OCCCC1(C#N)CN(C([24*])=O)C1;[7*]OCCCC1(C#N)CN([28*])C1;[8*]C1(c2cnc3[nH]cc([21*])c3n2)CC1;[8*]COCCCC1(C#N)CN([28*])C1;[9*]CCOCCCC1(C#N)CN([28*])C1;[9*]c1cnc2[nH]cc(C(=O)N[24*])c2n1;[9*]c1cnc2[nH]cc(C([23*])=O)c2n1;[9*]c1cnc2[nH]cc([21*])c2n1
CAND_0e55be250e,39,4,35,False,[18*]C(=O)N[24*];[18*]C(=O)N[C@@H](C([30*])=O)C1CC1;[18*]C(=O)N[C@@H]([28*])C1CC1;[2*]CCOCNCC1([12*])CC1;[2*]CCOCNC[9*];[2*]CCOCN[8*];[2*]CCOC[7*];[2*]CCO[6*];[21*]N[C@@H](C([30*])=O)C1CC1;[21*]N[C@@H]([28*])C1CC1;[23*][C@@H](C([30*])=O)C1CC1;[3*]C1(C#N)CN(C(=O)[C@H]([23*])C2CC2)C1;[3*]C1(C#N)CN(C([24*])=O)C1;[3*]C1(C#N)CN([28*])C1;[3*]COCNCC1([12*])CC1;[3*]COCNC[9*];[3*]COCN[8*];[3*]COC[7*];[4*]CC1(C#N)CN(C([24*])=O)C1;[4*]CC1(C#N)CN([28*])C1;[4*]OCNCC1([12*])CC1;[4*]OCNC[9*];[4*]OCN[8*];[5*]CCC1(C#N)CN(C([24*])=O)C1;[5*]CCC1(C#N)CN([28*])C1;[5*]CNCC1([12*])CC1;[5*]CNC[9*];[6*]NCC1([12*])CC1;[6*]OCCC1(C#N)CN(C([24*])=O)C1;[6*]OCCC1(C#N)CN([28*])C1;[7*]CC1([12*])CC1;[7*]COCCC1(C#N)CN(C([24*])=O)C1;[7*]COCCC1(C#N)CN([28*])C1;[8*]C1(c2cnc3[nH]cc([21*])c3n2)CC1;[8*]NCOCCC1(C#N)CN([28*])C1;[9*]CNCOCCC1(C#N)CN([28*])C1;[9*]c1cnc2[nH]cc(C(=O)N[24*])c2n1;[9*]c1cnc2[nH]cc(C([23*])=O)c2n1;[9*]c1cnc2[nH]cc([21*])c2n1,[2*]CCOC[7*];[2*]CCO[6*];[3*]COC[7*];[5*]CNC[9*],[18*]C(=O)N[24*];[18*]C(=O)N[C@@H](C([30*])=O)C1CC1;[18*]C(=O)N[C@@H]([28*])C1CC1;[2*]CCOCNCC1([12*])CC1;[2*]CCOCNC[9*];[2*]CCOCN[8*];[21*]N[C@@H](C([30*])=O)C1CC1;[21*]N[C@@H]([28*])C1CC1;[23*][C@@H](C([30*])=O)C1CC1;[3*]C1(C#N)CN(C(=O)[C@H]([23*])C2CC2)C1;[3*]C1(C#N)CN(C([24*])=O)C1;[3*]C1(C#N)CN([28*])C1;[3*]COCNCC1([12*])CC1;[3*]COCNC[9*];[3*]COCN[8*];[4*]CC1(C#N)CN(C([24*])=O)C1;[4*]CC1(C#N)CN([28*])C1;[4*]OCNCC1([12*])CC1;[4*]OCNC[9*];[4*]OCN[8*];[5*]CCC1(C#N)CN(C([24*])=O)C1;[5*]CCC1(C#N)CN([28*])C1;[5*]CNCC1([12*])CC1;[6*]NCC1([12*])CC1;[6*]OCCC1(C#N)CN(C([24*])=O)C1;[6*]OCCC1(C#N)CN([28*])C1;[7*]CC1([12*])CC1;[7*]COCCC1(C#N)CN(C([24*])=O)C1;[7*]COCCC1(C#N)CN([28*])C1;[8*]C1(c2cnc3[nH]cc([21*])c3n2)CC1;[8*]NCOCCC1(C#N)CN([28*])C1;[9*]CNCOCCC1(C#N)CN([28*])C1;[9*]c1cnc2[nH]cc(C(=O)N[24*])c2n1;[9*]c1cnc2[nH]cc(C([23*])=O)c2n1;[9*]c1cnc2[nH]cc([21*])c2n1
CAND_97556b1c56,17,1,16,False,[11*]C(=O)N[C@H]([28*])C(=O)N1CC(C#N)C1;[17*]C1(CSC[26*])CC1;[17*]C1(CS[25*])CC1;[17*]C1(C[24*])CC1;[20*]CSC[26*];[7*]C1CC1CSCC1([17*])CC1;[7*]C1CC1CSC[20*];[7*]C1CC1CS[23*];[7*]C1CC1C[24*];[7*]C1CC1[25*];[7*]NC(=O)c1c[nH]c2ncc([20*])nc12;[7*]NC([11*])=O;[8*]C(=O)c1c[nH]c2ncc([20*])nc12;[8*][C@@H](C(=O)N1CC(C#N)C1)C1CC1[25*];[9*]N[C@H]([28*])C(=O)N1CC(C#N)C1;[9*]c1c[nH]c2ncc(C3([23*])CC3)nc12;[9*]c1c[nH]c2ncc([20*])nc12,[7*]NC([11*])=O,[11*]C(=O)N[C@H]([28*])C(=O)N1CC(C#N)C1;[17*]C1(CSC[26*])CC1;[17*]C1(CS[25*])CC1;[17*]C1(C[24*])CC1;[20*]CSC[26*];[7*]C1CC1CSCC1([17*])CC1;[7*]C1CC1CSC[20*];[7*]C1CC1CS[23*];[7*]C1CC1C[24*];[7*]C1CC1[25*];[7*]NC(=O)c1c[nH]c2ncc([20*])nc12;[8*]C(=O)c1c[nH]c2ncc([20*])nc12;[8*][C@@H](C(=O)N1CC(C#N)C1)C1CC1[25*];[9*]N[C@H]([28*])C(=O)N1CC(C#N)C1;[9*]c1c[nH]c2ncc(C3([23*])CC3)nc12;[9*]c1c[nH]c2ncc([20*])nc12
CAND_ffa2b05eef,17,1,16,False,[11*]C(=O)N[C@H]([28*])C(=O)N1CC(C#N)C1;[17*]C1(CNC[26*])CC1;[17*]C1(CN[25*])CC1;[17*]C1(C[24*])CC1;[20*]CNC[26*];[7*]C1CC1CNCC1([17*])CC1;[7*]C1CC1CNC[20*];[7*]C1CC1CN[23*];[7*]C1CC1C[24*];[7*]C1CC1[25*];[7*]NC(=O)c1c[nH]c2ncc([20*])nc12;[7*]NC([11*])=O;[8*]C(=O)c1c[nH]c2ncc([20*])nc12;[8*][C@@H](C(=O)N1CC(C#N)C1)C1CC1[25*];[9*]N[C@H]([28*])C(=O)N1CC(C#N)C1;[9*]c1c[nH]c2ncc(C3([23*])CC3)nc12;[9*]c1c[nH]c2ncc([20*])nc12,[7*]NC([11*])=O,[11*]C(=O)N[C@H]([28*])C(=O)N1CC(C#N)C1;[17*]C1(CNC[26*])CC1;[17*]C1(CN[25*])CC1;[17*]C1(C[24*])CC1;[20*]CNC[26*];[7*]C1CC1CNCC1([17*])CC1;[7*]C1CC1CNC[20*];[7*]C1CC1CN[23*];[7*]C1CC1C[24*];[7*]C1CC1[25*];[7*]NC(=O)c1c[nH]c2ncc([20*])nc12;[8*]C(=O)c1c[nH]c2ncc([20*])nc12;[8*][C@@H](C(=O)N1CC(C#N)C1)C1CC1[25*];[9*]N[C@H]([28*])C(=O)N1CC(C#N)C1;[9*]c1c[nH]c2ncc(C3([23*])CC3)nc12;[9*]c1c[nH]c2ncc([20*])nc12
CAND_ff4ec3842f,23,2,21,False,[14*]C1(CCCC2(C#N)CN([27*])C2)CC1;[14*]C1(CCC[21*])CC1;[14*]C1(CC[20*])CC1;[14*]C1(C[19*])CC1;[17*]CCCC1(C#N)CN([27*])C1;[17*]CCC[21*];[18*]CCC1(C#N)CN([27*])C1;[19*]CC1(C#N)CN([27*])C1;[20*]C1(C#N)CN([27*])C1;[4*]C(=O)N1CC(C#N)(CCC[17*])C1;[4*]C(=O)N1CC(C#N)(CC[18*])C1;[4*]C(=O)N1CC(C#N)(C[19*])C1;[4*]C(=O)N1CC([20*])(C#N)C1;[4*]NC(=O)c1c[nH]c2ncc([17*])nc12;[4*]NC([8*])=O;[5*]C(=O)c1c[nH]c2ncc([17*])nc12;[5*][C@@H](C([25*])=O)C(C)(C)C;[6*]N[C@@H](C([25*])=O)C(C)(C)C;[6*]N[C@@H]([27*])C(C)(C)C;[6*]c1c[nH]c2ncc(C3([18*])CC3)nc12;[6*]c1c[nH]c2ncc([17*])nc12;[8*]C(=O)N[C@@H](C([25*])=O)C(C)(C)C;[8*]C(=O)N[C@@H]([27*])C(C)(C)C,[17*]CCC[21*];[4*]NC([8*])=O,[14*]C1(CCCC2(C#N)CN([27*])C2)CC1;[14*]C1(CCC[21*])CC1;[14*]C1(CC[20*])CC1;[14*]C1(C[19*])CC1;[17*]CCCC1(C#N)CN([27*])C1;[18*]CCC1(C#N)CN([27*])C1;[19*]CC1(C#N)CN([27*])C1;[20*]C1(C#N)CN([27*])C1;[4*]C(=O)N1CC(C#N)(CCC[17*])C1;[4*]C(=O)N1CC(C#N)(CC[18*])C1;[4*]C(=O)N1CC(C#N)(C[19*])C1;[4*]C(=O)N1CC([20*])(C#N)C1;[4*]NC(=O)c1c[nH]c2ncc([17*])nc12;[5*]C(=O)c1c[nH]c2ncc([17*])nc12;[5*][C@@H](C([25*])=O)C(C)(C)C;[6*]N[C@@H](C([25*])=O)C(C)(C)C;[6*]N[C@@H]([27*])C(C)(C)C;[6*]c1c[nH]c2ncc(C3([18*])CC3)nc12;[6*]c1c[nH]c2ncc([17*])nc12;[8*]C(=O)N[C@@H](C([25*])=O)C(C)(C)C;[8*]C(=O)N[C@@H]([27*])C(C)(C)C
CAND_4ea78847f9,23,1,22,False,[14*]C1(COCC2(C#N)CN([29*])C2)CC1;[14*]C1(COC[23*])CC1;[14*]C1(CO[22*])CC1;[14*]C1(C[21*])CC1;[17*]COCC1(C#N)CN([29*])C1;[17*]COC[23*];[20*]OCC1(C#N)CN([29*])C1;[21*]CC1(C#N)CN([29*])C1;[22*]C1(C#N)CN([29*])C1;[4*]C(=O)N1CC(C#N)(COC[17*])C1;[4*]C(=O)N1CC(C#N)(CO[20*])C1;[4*]C(=O)N1CC(C#N)(C[21*])C1;[4*]C(=O)N1CC([22*])(C#N)C1;[4*]NC(=O)c1c[nH]c2ncc([17*])nc12;[4*]NC([8*])=O;[5*]C(=O)c1c[nH]c2ncc([17*])nc12;[5*][C@@H](C([27*])=O)C(C)(C)C;[6*]N[C@@H](C([27*])=O)C(C)(C)C;[6*]N[C@@H]([29*])C(C)(C)C;[6*]c1c[nH]c2ncc(C3([20*])CC3)nc12;[6*]c1c[nH]c2ncc([17*])nc12;[8*]C(=O)N[C@@H](C([27*])=O)C(C)(C)C;[8*]C(=O)N[C@@H]([29*])C(C)(C)C,[4*]NC([8*])=O,[14*]C1(COCC2(C#N)CN([29*])C2)CC1;[14*]C1(COC[23*])CC1;[14*]C1(CO[22*])CC1;[14*]C1(C[21*])CC1;[17*]COCC1(C#N)CN([29*])C1;[17*]COC[23*];[20*]OCC1(C#N)CN([29*])C1;[21*]CC1(C#N)CN([29*])C1;[22*]C1(C#N)CN([29*])C1;[4*]C(=O)N1CC(C#N)(COC[17*])C1;[4*]C(=O)N1CC(C#N)(CO[20*])C1;[4*]C(=O)N1CC(C#N)(C[21*])C1;[4*]C(=O)N1CC([22*])(C#N)C1;[4*]NC(=O)c1c[nH]c2ncc([17*])nc12;[5*]C(=O)c1c[nH]c2ncc([17*])nc12;[5*][C@@H](C([27*])=O)C(C)(C)C;[6*]N[C@@H](C([27*])=O)C(C)(C)C;[6*]N[C@@H]([29*])C(C)(C)C;[6*]c1c[nH]c2ncc(C3([20*])CC3)nc12;[6*]c1c[nH]c2ncc([17*])nc12;[8*]C(=O)N[C@@H](C([27*])=O)C(C)(C)C;[8*]C(=O)N[C@@H]([29*])C(C)(C)C
CAND_d6e2fc541d,23,1,22,False,[14*]C1(CNCC2(C#N)CN([29*])C2)CC1;[14*]C1(CNC[23*])CC1;[14*]C1(CN[22*])CC1;[14*]C1(C[21*])CC1;[17*]CNCC1(C#N)CN([29*])C1;[17*]CNC[23*];[20*]NCC1(C#N)CN([29*])C1;[21*]CC1(C#N)CN([29*])C1;[22*]C1(C#N)CN([29*])C1;[4*]C(=O)N1CC(C#N)(CNC[17*])C1;[4*]C(=O)N1CC(C#N)(CN[20*])C1;[4*]C(=O)N1CC(C#N)(C[21*])C1;[4*]C(=O)N1CC([22*])(C#N)C1;[4*]NC(=O)c1c[nH]c2ncc([17*])nc12;[4*]NC([8*])=O;[5*]C(=O)c1c[nH]c2ncc([17*])nc12;[5*][C@@H](C([27*])=O)C(C)(C)C;[6*]N[C@@H](C([27*])=O)C(C)(C)C;[6*]N[C@@H]([29*])C(C)(C)C;[6*]c1c[nH]c2ncc(C3([20*])CC3)nc12;[6*]c1c[nH]c2ncc([17*])nc12;[8*]C(=O)N[C@@H](C([27*])=O)C(C)(C)C;[8*]C(=O)N[C@@H]([29*])C(C)(C)C,[4*]NC([8*])=O,[14*]C1(CNCC2(C#N)CN([29*])C2)CC1;[14*]C1(CNC[23*])CC1;[14*]C1(CN[22*])CC1;[14*]C1(C[21*])CC1;[17*]CNCC1(C#N)CN([29*])C1;[17*]CNC[23*];[20*]NCC1(C#N)CN([29*])C1;[21*]CC1(C#N)CN([29*])C1;[22*]C1(C#N)CN([29*])C1;[4*]C(=O)N1CC(C#N)(CNC[17*])C1;[4*]C(=O)N1CC(C#N)(CN[20*])C1;[4*]C(=O)N1CC(C#N)(C[21*])C1;[4*]C(=O)N1CC([22*])(C#N)C1;[4*]NC(=O)c1c[nH]c2ncc([17*])nc12;[5*]C(=O)c1c[nH]c2ncc([17*])nc12;[5*][C@@H](C([27*])=O)C(C)(C)C;[6*]N[C@@H](C([27*])=O)C(C)(C)C;[6*]N[C@@H]([29*])C(C)(C)C;[6*]c1c[nH]c2ncc(C3([20*])CC3)nc12;[6*]c1c[nH]c2ncc([17*])nc12;[8*]C(=O)N[C@@H](C([27*])=O)C(C)(C)C;[8*]C(=O)N[C@@H]([29*])C(C)(C)C
CAND_aaa379f29a,23,1,22,False,[14*]C1(CSCC2(C#N)CN([29*])C2)CC1;[14*]C1(CSC[23*])CC1;[14*]C1(CS[22*])CC1;[14*]C1(C[21*])CC1;[17*]CSCC1(C#N)CN([29*])C1;[17*]CSC[23*];[20*]SCC1(C#N)CN([29*])C1;[21*]CC1(C#N)CN([29*])C1;[22*]C1(C#N)CN([29*])C1;[4*]C(=O)N1CC(C#N)(CSC[17*])C1;[4*]C(=O)N1CC(C#N)(CS[20*])C1;[4*]C(=O)N1CC(C#N)(C[21*])C1;[4*]C(=O)N1CC([22*])(C#N)C1;[4*]NC(=O)c1c[nH]c2ncc([17*])nc12;[4*]NC([8*])=O;[5*]C(=O)c1c[nH]c2ncc([17*])nc12;[5*][C@@H](C([27*])=O)C(C)(C)C;[6*]N[C@@H](C([27*])=O)C(C)(C)C;[6*]N[C@@H]([29*])C(C)(C)C;[6*]c1c[nH]c2ncc(C3([20*])CC3)nc12;[6*]c1c[nH]c2ncc([17*])nc12;[8*]C(=O)N[C@@H](C([27*])=O)C(C)(C)C;[8*]C(=O)N[C@@H]([29*])C(C)(C)C,[4*]NC([8*])=O,[14*]C1(CSCC2(C#N)CN([29*])C2)CC1;[14*]C1(CSC[23*])CC1;[14*]C1(CS[22*])CC1;[14*]C1(C[21*])CC1;[17*]CSCC1(C#N)CN([29*])C1;[17*]CSC[23*];[20*]SCC1(C#N)CN([29*])C1;[21*]CC1(C#N)CN([29*])C1;[22*]C1(C#N)CN([29*])C1;[4*]C(=O)N1CC(C#N)(CSC[17*])C1;[4*]C(=O)N1CC(C#N)(CS[20*])C1;[4*]C(=O)N1CC(C#N)(C[21*])C1;[4*]C(=O)N1CC([22*])(C#N)C1;[4*]NC(=O)c1c[nH]c2ncc([17*])nc12;[5*]C(=O)c1c[nH]c2ncc([17*])nc12;[5*][C@@H](C([27*])=O)C(C)(C)C;[6*]N[C@@H](C([27*])=O)C(C)(C)C;[6*]N[C@@H]([29*])C(C)(C)C;[6*]c1c[nH]c2ncc(C3([20*])CC3)nc12;[6*]c1c[nH]c2ncc([17*])nc12;[8*]C(=O)N[C@@H](C([27*])=O)C(C)(C)C;[8*]C(=O)N[C@@H]([29*])C(C)(C)C
CAND_91833501ec,38,11,27,False,[14*]C1(CCCCCC[24*])CC1;[14*]C1(CCCCC[23*])CC1;[14*]C1(CCCC[22*])CC1;[14*]C1(CCC[21*])CC1;[14*]C1(CC[20*])CC1;[14*]C1(C[19*])CC1;[17*]CCCCCCC1(C#N)CN([30*])C1;[17*]CCCCCC[24*];[17*]CCCCC[23*];[17*]CCCC[22*];[17*]CCC[21*];[18*]CCCCCC1(C#N)CN([30*])C1;[18*]CCCCC[24*];[18*]CCCC[23*];[18*]CCC[22*];[19*]CCCCC1(C#N)CN([30*])C1;[19*]CCCC[24*];[19*]CCC[23*];[20*]CCCC1(C#N)CN([30*])C1;[20*]CCC[24*];[21*]CCC1(C#N)CN([30*])C1;[22*]CC1(C#N)CN([30*])C1;[23*]C1(C#N)CN([30*])C1;[4*]C(=O)N1CC(C#N)(CCCC[19*])C1;[4*]C(=O)N1CC(C#N)(CCC[20*])C1;[4*]C(=O)N1CC(C#N)(CC[21*])C1;[4*]C(=O)N1CC(C#N)(C[22*])C1;[4*]C(=O)N1CC([23*])(C#N)C1;[4*]NC(=O)c1c[nH]c2ncc([17*])nc12;[4*]NC([8*])=O;[5*]C(=O)c1c[nH]c2ncc([17*])nc12;[5*][C@@H](C([28*])=O)C(C)(C)C;[6*]N[C@@H](C([28*])=O)C(C)(C)C;[6*]N[C@@H]([30*])C(C)(C)C;[6*]c1c[nH]c2ncc(C3([18*])CC3)nc12;[6*]c1c[nH]c2ncc([17*])nc12;[8*]C(=O)N[C@@H](C([28*])=O)C(C)(C)C;[8*]C(=O)N[C@@H]([30*])C(C)(C)C,[17*]CCCCCC[24*];[17*]CCCCC[23*];[17*]CCCC[22*];[17*]CCC[21*];[18*]CCCCC[24*];[18*]CCCC[23*];[18*]CCC[22*];[19*]CCCC[24*];[19*]CCC[23*];[20*]CCC[24*];[4*]NC([8*])=O,[14*]C1(CCCCCC[24*])CC1;[14*]C1(CCCCC[23*])CC1;[14*]C1(CCCC[22*])CC1;[14*]C1(CCC[21*])CC1;[14*]C1(CC[20*])CC1;[14*]C1(C[19*])CC1;[17*]CCCCCCC1(C#N)CN([30*])C1;[18*]CCCCCC1(C#N)CN([30*])C1;[19*]CCCCC1(C#N)CN([30*])C1;[20*]CCCC1(C#N)CN([30*])C1;[21*]CCC1(C#N)CN([30*])C1;[22*]CC1(C#N)CN([30*])C1;[23*]C1(C#N)CN([30*])C1;[4*]C(=O)N1CC(C#N)(CCCC[19*])C1;[4*]C(=O)N1CC(C#N)(CCC[20*])C1;[4*]C(=O)N1CC(C#N)(CC[21*])C1;[4*]C(=O)N1CC(C#N)(C[22*])C1;[4*]C(=O)N1CC([23*])(C#N)C1;[4*]NC(=O)c1c[nH]c2ncc([17*])nc12;[5*]C(=O)c1c[nH]c2ncc([17*])nc12;[5*][C@@H](C([28*])=O)C(C)(C)C;[6*]N[C@@H](C([28*])=O)C(C)(C)C;[6*]N[C@@H]([30*])C(C)(C)C;[6*]c1c[nH]c2ncc(C3([18*])CC3)nc12;[6*]c1c[nH]c2ncc([17*])nc12;[8*]C(=O)N[C@@H](C([28*])=O)C(C)(C)C;[8*]C(=O)N[C@@H]([30*])C(C)(C)C
CAND_5fdf8771a8,38,8,30,False,[14*]C1(CCCSCC[24*])CC1;[14*]C1(CCCSC[23*])CC1;[14*]C1(CCCS[22*])CC1;[14*]C1(CCC[21*])CC1;[14*]C1(CC[20*])CC1;[14*]C1(C[19*])CC1;[17*]CCCSCCC1(C#N)CN([30*])C1;[17*]CCCSCC[24*];[17*]CCCSC[23*];[17*]CCCS[22*];[17*]CCC[21*];[18*]CCSCCC1(C#N)CN([30*])C1;[18*]CCSCC[24*];[18*]CCSC[23*];[18*]CCS[22*];[19*]CSCCC1(C#N)CN([30*])C1;[19*]CSCC[24*];[19*]CSC[23*];[20*]SCCC1(C#N)CN([30*])C1;[20*]SCC[24*];[21*]CCC1(C#N)CN([30*])C1;[22*]CC1(C#N)CN([30*])C1;[23*]C1(C#N)CN([30*])C1;[4*]C(=O)N1CC(C#N)(CCSC[19*])C1;[4*]C(=O)N1CC(C#N)(CCS[20*])C1;[4*]C(=O)N1CC(C#N)(CC[21*])C1;[4*]C(=O)N1CC(C#N)(C[22*])C1;[4*]C(=O)N1CC([23*])(C#N)C1;[4*]NC(=O)c1c[nH]c2ncc([17*])nc12;[4*]NC([8*])=O;[5*]C(=O)c1c[nH]c2ncc([17*])nc12;[5*][C@@H](C([28*])=O)C(C)(C)C;[6*]N[C@@H](C([28*])=O)C(C)(C)C;[6*]N[C@@H]([30*])C(C)(C)C;[6*]c1c[nH]c2ncc(C3([18*])CC3)nc12;[6*]c1c[nH]c2ncc([17*])nc12;[8*]C(=O)N[C@@H](C([28*])=O)C(C)(C)C;[8*]C(=O)N[C@@H]([30*])C(C)(C)C,[17*]CCC[21*];[18*]CCSCC[24*];[18*]CCSC[23*];[18*]CCS[22*];[19*]CSCC[24*];[19*]CSC[23*];[20*]SCC[24*];[4*]NC([8*])=O,[14*]C1(CCCSCC[24*])CC1;[14*]C1(CCCSC[23*])CC1;[14*]C1(CCCS[22*])CC1;[14*]C1(CCC[21*])CC1;[14*]C1(CC[20*])CC1;[14*]C1(C[19*])CC1;[17*]CCCSCCC1(C#N)CN([30*])C1;[17*]CCCSCC[24*];[17*]CCCSC[23*];[17*]CCCS[22*];[18*]CCSCCC1(C#N)CN([30*])C1;[19*]CSCCC1(C#N)CN([30*])C1;[20*]SCCC1(C#N)CN([30*])C1;[21*]CCC1(C#N)CN([30*])C1;[22*]CC1(C#N)CN([30*])C1;[23*]C1(C#N)CN([30*])C1;[4*]C(=O)N1CC(C#N)(CCSC[19*])C1;[4*]C(=O)N1CC(C#N)(CCS[20*])C1;[4*]C(=O)N1CC(C#N)(CC[21*])C1;[4*]C(=O)N1CC(C#N)(C[22*])C1;[4*]C(=O)N1CC([23*])(C#N)C1;[4*]NC(=O)c1c[nH]c2ncc([17*])nc12;[5*]C(=O)c1c[nH]c2ncc([17*])nc12;[5*][C@@H](C([28*])=O)C(C)(C)C;[6*]N[C@@H](C([28*])=O)C(C)(C)C;[6*]N[C@@H]([30*])C(C)(C)C;[6*]c1c[nH]c2ncc(C3([18*])CC3)nc12;[6*]c1c[nH]c2ncc([17*])nc12;[8*]C(=O)N[C@@H](C([28*])=O)C(C)(C)C;[8*]C(=O)N[C@@H]([30*])C(C)(C)C
CAND_e6c0627bb9,38,3,35,False,[14*]C1(CCOCNC[24*])CC1;[14*]C1(CCOCN[23*])CC1;[14*]C1(CCOC[22*])CC1;[14*]C1(CCO[21*])CC1;[14*]C1(CC[20*])CC1;[14*]C1(C[19*])CC1;[17*]CCOCNCC1(C#N)CN([30*])C1;[17*]CCOCNC[24*];[17*]CCOCN[23*];[17*]CCOC[22*];[17*]CCO[21*];[18*]COCNCC1(C#N)CN([30*])C1;[18*]COCNC[24*];[18*]COCN[23*];[18*]COC[22*];[19*]OCNCC1(C#N)CN([30*])C1;[19*]OCNC[24*];[19*]OCN[23*];[20*]CNCC1(C#N)CN([30*])C1;[20*]CNC[24*];[21*]NCC1(C#N)CN([30*])C1;[22*]CC1(C#N)CN([30*])C1;[23*]C1(C#N)CN([30*])C1;[4*]C(=O)N1CC(C#N)(CNCO[19*])C1;[4*]C(=O)N1CC(C#N)(CNC[20*])C1;[4*]C(=O)N1CC(C#N)(CN[21*])C1;[4*]C(=O)N1CC(C#N)(C[22*])C1;[4*]C(=O)N1CC([23*])(C#N)C1;[4*]NC(=O)c1c[nH]c2ncc([17*])nc12;[4*]NC([8*])=O;[5*]C(=O)c1c[nH]c2ncc([17*])nc12;[5*][C@@H](C([28*])=O)C(C)(C)C;[6*]N[C@@H](C([28*])=O)C(C)(C)C;[6*]N[C@@H]([30*])C(C)(C)C;[6*]c1c[nH]c2ncc(C3([18*])CC3)nc12;[6*]c1c[nH]c2ncc([17*])nc12;[8*]C(=O)N[C@@H](C([28*])=O)C(C)(C)C;[8*]C(=O)N[C@@H]([30*])C(C)(C)C,[17*]CCO[21*];[18*]COC[22*];[4*]NC([8*])=O,[14*]C1(CCOCNC[24*])CC1;[14*]C1(CCOCN[23*])CC1;[14*]C1(CCOC[22*])CC1;[14*]C1(CCO[21*])CC1;[14*]C1(CC[20*])CC1;[14*]C1(C[19*])CC1;[17*]CCOCNCC1(C#N)CN([30*])C1;[17*]CCOCNC[24*];[17*]CCOCN[23*];[17*]CCOC[22*];[18*]COCNCC1(C#N)CN([30*])C1;[18*]COCNC[24*];[18*]COCN[23*];[19*]OCNCC1(C#N)CN([30*])C1;[19*]OCNC[24*];[19*]OCN[23*];[20*]CNCC1(C#N)CN([30*])C1;[20*]CNC[24*];[21*]NCC1(C#N)CN([30*])C1;[22*]CC1(C#N)CN([30*])C1;[23*]C1(C#N)CN([30*])C1;[4*]C(=O)N1CC(C#N)(CNCO[19*])C1;[4*]C(=O)N1CC(C#N)(CNC[20*])C1;[4*]C(=O)N1CC(C#N)(CN[21*])C1;[4*]C(=O)N1CC(C#N)(C[22*])C1;[4*]C(=O)N1CC([23*])(C#N)C1;[4*]NC(=O)c1c[nH]c2ncc([17*])nc12;[5*]C(=O)c1c[nH]c2ncc([17*])nc12;[5*][C@@H](C([28*])=O)C(C)(C)C;[6*]N[C@@H](C([28*])=O)C(C)(C)C;[6*]N[C@@H]([30*])C(C)(C)C;[6*]c1c[nH]c2ncc(C3([18*])CC3)nc12;[6*]c1c[nH]c2ncc([17*])nc12;[8*]C(=O)N[C@@H](C([28*])=O)C(C)(C)C;[8*]C(=O)N[C@@H]([30*])C(C)(C)C
CAND_7f998a5652,38,5,33,False,[14*]C1(CCCOCC[24*])CC1;[14*]C1(CCCOC[23*])CC1;[14*]C1(CCCO[22*])CC1;[14*]C1(CCC[21*])CC1;[14*]C1(CC[20*])CC1;[14*]C1(C[19*])CC1;[17*]CCCOCCC1(C#N)CN([30*])C1;[17*]CCCOCC[24*];[17*]CCCOC[23*];[17*]CCCO[22*];[17*]CCC[21*];[18*]CCOCCC1(C#N)CN([30*])C1;[18*]CCOCC[24*];[18*]CCOC[23*];[18*]CCO[22*];[19*]COCCC1(C#N)CN([30*])C1;[19*]COCC[24*];[19*]COC[23*];[20*]OCCC1(C#N)CN([30*])C1;[20*]OCC[24*];[21*]CCC1(C#N)CN([30*])C1;[22*]CC1(C#N)CN([30*])C1;[23*]C1(C#N)CN([30*])C1;[4*]C(=O)N1CC(C#N)(CCOC[19*])C1;[4*]C(=O)N1CC(C#N)(CCO[20*])C1;[4*]C(=O)N1CC(C#N)(CC[21*])C1;[4*]C(=O)N1CC(C#N)(C[22*])C1;[4*]C(=O)N1CC([23*])(C#N)C1;[4*]NC(=O)c1c[nH]c2ncc([17*])nc12;[4*]NC([8*])=O;[5*]C(=O)c1c[nH]c2ncc([17*])nc12;[5*][C@@H](C([28*])=O)C(C)(C)C;[6*]N[C@@H](C([28*])=O)C(C)(C)C;[6*]N[C@@H]([30*])C(C)(C)C;[6*]c1c[nH]c2ncc(C3([18*])CC3)nc12;[6*]c1c[nH]c2ncc([17*])nc12;[8*]C(=O)N[C@@H](C([28*])=O)C(C)(C)C;[8*]C(=O)N[C@@H]([30*])C(C)(C)C,[17*]CCCO[22*];[17*]CCC[21*];[18*]CCO[22*];[19*]COC[23*];[4*]NC([8*])=O,[14*]C1(CCCOCC[24*])CC1;[14*]C1(CCCOC[23*])CC1;[14*]C1(CCCO[22*])CC1;[14*]C1(CCC[21*])CC1;[14*]C1(CC[20*])CC1;[14*]C1(C[19*])CC1;[17*]CCCOCCC1(C#N)CN([30*])C1;[17*]CCCOCC[24*];[17*]CCCOC[23*];[18*]CCOCCC1(C#N)CN([30*])C1;[18*]CCOCC[24*];[18*]CCOC[23*];[19*]COCCC1(C#N)CN([30*])C1;[19*]COCC[24*];[20*]OCCC1(C#N)CN([30*])C1;[20*]OCC[24*];[21*]CCC1(C#N)CN([30*])C1;[22*]CC1(C#N)CN([30*])C1;[23*]C1(C#N)CN([30*])C1;[4*]C(=O)N1CC(C#N)(CCOC[19*])C1;[4*]C(=O)N1CC(C#N)(CCO[20*])C1;[4*]C(=O)N1CC(C#N)(CC[21*])C1;[4*]C(=O)N1CC(C#N)(C[22*])C1;[4*]C(=O)N1CC([23*])(C#N)C1;[4*]NC(=O)c1c[nH]c2ncc([17*])nc12;[5*]C(=O)c1c[nH]c2ncc([17*])nc12;[5*][C@@H](C([28*])=O)C(C)(C)C;[6*]N[C@@H](C([28*])=O)C(C)(C)C;[6*]N[C@@H]([30*])C(C)(C)C;[6*]c1c[nH]c2ncc(C3([18*])CC3)nc12;[6*]c1c[nH]c2ncc([17*])nc12;[8*]C(=O)N[C@@H](C([28*])=O)C(C)(C)C;[8*]C(=O)N[C@@H]([30*])C(C)(C)C
CAND_4e8257bdee,38,4,34,False,[14*]C1(CCCNCC[24*])CC1;[14*]C1(CCCNC[23*])CC1;[14*]C1(CCCN[22*])CC1;[14*]C1(CCC[21*])CC1;[14*]C1(CC[20*])CC1;[14*]C1(C[19*])CC1;[17*]CCCNCCC1(C#N)CN([30*])C1;[17*]CCCNCC[24*];[17*]CCCNC[23*];[17*]CCCN[22*];[17*]CCC[21*];[18*]CCNCCC1(C#N)CN([30*])C1;[18*]CCNCC[24*];[18*]CCNC[23*];[18*]CCN[22*];[19*]CNCCC1(C#N)CN([30*])C1;[19*]CNCC[24*];[19*]CNC[23*];[20*]NCCC1(C#N)CN([30*])C1;[20*]NCC[24*];[21*]CCC1(C#N)CN([30*])C1;[22*]CC1(C#N)CN([30*])C1;[23*]C1(C#N)CN([30*])C1;[4*]C(=O)N1CC(C#N)(CCNC[19*])C1;[4*]C(=O)N1CC(C#N)(CCN[20*])C1;[4*]C(=O)N1CC(C#N)(CC[21*])C1;[4*]C(=O)N1CC(C#N)(C[22*])C1;[4*]C(=O)N1CC([23*])(C#N)C1;[4*]NC(=O)c1c[nH]c2ncc([17*])nc12;[4*]NC([8*])=O;[5*]C(=O)c1c[nH]c2ncc([17*])nc12;[5*][C@@H](C([28*])=O)C(C)(C)C;[6*]N[C@@H](C([28*])=O)C(C)(C)C;[6*]N[C@@H]([30*])C(C)(C)C;[6*]c1c[nH]c2ncc(C3([18*])CC3)nc12;[6*]c1c[nH]c2ncc([17*])nc12;[8*]C(=O)N[C@@H](C([28*])=O)C(C)(C)C;[8*]C(=O)N[C@@H]([30*])C(C)(C)C,[17*]CCCN[22*];[17*]CCC[21*];[18*]CCN[22*];[4*]NC([8*])=O,[14*]C1(CCCNCC[24*])CC1;[14*]C1(CCCNC[23*])CC1;[14*]C1(CCCN[22*])CC1;[14*]C1(CCC[21*])CC1;[14*]C1(CC[20*])CC1;[14*]C1(C[19*])CC1;[17*]CCCNCCC1(C#N)CN([30*])C1;[17*]CCCNCC[24*];[17*]CCCNC[23*];[18*]CCNCCC1(C#N)CN([30*])C1;[18*]CCNCC[24*];[18*]CCNC[23*];[19*]CNCCC1(C#N)CN([30*])C1;[19*]CNCC[24*];[19*]CNC[23*];[20*]NCCC1(C#N)CN([30*])C1;[20*]NCC[24*];[21*]CCC1(C#N)CN([30*])C1;[22*]CC1(C#N)CN([30*])C1;[23*]C1(C#N)CN([30*])C1;[4*]C(=O)N1CC(C#N)(CCNC[19*])C1;[4*]C(=O)N1CC(C#N)(CCN[20*])C1;[4*]C(=O)N1CC(C#N)(CC[21*])C1;[4*]C(=O)N1CC(C#N)(C[22*])C1;[4*]C(=O)N1CC([23*])(C#N)C1;[4*]NC(=O)c1c[nH]c2ncc([17*])nc12;[5*]C(=O)c1c[nH]c2ncc([17*])nc12;[5*][C@@H](C([28*])=O)C(C)(C)C;[6*]N[C@@H](C([28*])=O)C(C)(C)C;[6*]N[C@@H]([30*])C(C)(C)C;[6*]c1c[nH]c2ncc(C3([18*])CC3)nc12;[6*]c1c[nH]c2ncc([17*])nc12;[8*]C(=O)N[C@@H](C([28*])=O)C(C)(C)C;[8*]C(=O)N[C@@H]([30*])C(C)(C)C
CAND_661d99e302,23,1,22,False,[14*]C1(CSCC2C(C#N)CN2[29*])CC1;[14*]C1(CSC[23*])CC1;[14*]C1(CS[22*])CC1;[14*]C1(C[21*])CC1;[17*]CSCC1C(C#N)CN1[29*];[17*]CSC[23*];[20*]SCC1C(C#N)CN1[29*];[21*]CC1C(C#N)CN1[29*];[22*]C1C(C#N)CN1[29*];[4*]C(=O)N1CC(C#N)C1CSC[17*];[4*]C(=O)N1CC(C#N)C1CS[20*];[4*]C(=O)N1CC(C#N)C1C[21*];[4*]C(=O)N1CC(C#N)C1[22*];[4*]NC(=O)c1c[nH]c2ncc([17*])nc12;[4*]NC([8*])=O;[5*]C(=O)c1c[nH]c2ncc([17*])nc12;[5*][C@@H](C([28*])=O)C(C)(C)C;[6*]N[C@@H](C([28*])=O)C(C)(C)C;[6*]N[C@@H]([29*])C(C)(C)C;[6*]c1c[nH]c2ncc(C3([20*])CC3)nc12;[6*]c1c[nH]c2ncc([17*])nc12;[8*]C(=O)N[C@@H](C([28*])=O)C(C)(C)C;[8*]C(=O)N[C@@H]([29*])C(C)(C)C,[4*]NC([8*])=O,[14*]C1(CSCC2C(C#N)CN2[29*])CC1;[14*]C1(CSC[23*])CC1;[14*]C1(CS[22*])CC1;[14*]C1(C[21*])CC1;[17*]CSCC1C(C#N)CN1[29*];[17*]CSC[23*];[20*]SCC1C(C#N)CN1[29*];[21*]CC1C(C#N)CN1[29*];[22*]C1C(C#N)CN1[29*];[4*]C(=O)N1CC(C#N)C1CSC[17*];[4*]C(=O)N1CC(C#N)C1CS[20*];[4*]C(=O)N1CC(C#N)C1C[21*];[4*]C(=O)N1CC(C#N)C1[22*];[4*]NC(=O)c1c[nH]c2ncc([17*])nc12;[5*]C(=O)c1c[nH]c2ncc([17*])nc12;[5*][C@@H](C([28*])=O)C(C)(C)C;[6*]N[C@@H](C([28*])=O)C(C)(C)C;[6*]N[C@@H]([29*])C(C)(C)C;[6*]c1c[nH]c2ncc(C3([20*])CC3)nc12;[6*]c1c[nH]c2ncc([17*])nc12;[8*]C(=O)N[C@@H](C([28*])=O)C(C)(C)C;[8*]C(=O)N[C@@H]([29*])C(C)(C)C
CAND_826c88beb5,23,2,21,False,[14*]C1(CCCC2C(C#N)CN2[27*])CC1;[14*]C1(CCC[21*])CC1;[14*]C1(CC[20*])CC1;[14*]C1(C[19*])CC1;[17*]CCCC1C(C#N)CN1[27*];[17*]CCC[21*];[18*]CCC1C(C#N)CN1[27*];[19*]CC1C(C#N)CN1[27*];[20*]C1C(C#N)CN1[27*];[4*]C(=O)N1CC(C#N)C1CCC[17*];[4*]C(=O)N1CC(C#N)C1CC[18*];[4*]C(=O)N1CC(C#N)C1C[19*];[4*]C(=O)N1CC(C#N)C1[20*];[4*]NC(=O)c1c[nH]c2ncc([17*])nc12;[4*]NC([8*])=O;[5*]C(=O)c1c[nH]c2ncc([17*])nc12;[5*][C@@H](C([26*])=O)C(C)(C)C;[6*]N[C@@H](C([26*])=O)C(C)(C)C;[6*]N[C@@H]([27*])C(C)(C)C;[6*]c1c[nH]c2ncc(C3([18*])CC3)nc12;[6*]c1c[nH]c2ncc([17*])nc12;[8*]C(=O)N[C@@H](C([26*])=O)C(C)(C)C;[8*]C(=O)N[C@@H]([27*])C(C)(C)C,[17*]CCC[21*];[4*]NC([8*])=O,[14*]C1(CCCC2C(C#N)CN2[27*])CC1;[14*]C1(CCC[21*])CC1;[14*]C1(CC[20*])CC1;[14*]C1(C[19*])CC1;[17*]CCCC1C(C#N)CN1[27*];[18*]CCC1C(C#N)CN1[27*];[19*]CC1C(C#N)CN1[27*];[20*]C1C(C#N)CN1[27*];[4*]C(=O)N1CC(C#N)C1CCC[17*];[4*]C(=O)N1CC(C#N)C1CC[18*];[4*]C(=O)N1CC(C#N)C1C[19*];[4*]C(=O)N1CC(C#N)C1[20*];[4*]NC(=O)c1c[nH]c2ncc([17*])nc12;[5*]C(=O)c1c[nH]c2ncc([17*])nc12;[5*][C@@H](C([26*])=O)C(C)(C)C;[6*]N[C@@H](C([26*])=O)C(C)(C)C;[6*]N[C@@H]([27*])C(C)(C)C;[6*]c1c[nH]c2ncc(C3([18*])CC3)nc12;[6*]c1c[nH]c2ncc([17*])nc12;[8*]C(=O)N[C@@H](C([26*])=O)C(C)(C)C;[8*]C(=O)N[C@@H]([27*])C(C)(C)C
CAND_a28891a72c,23,1,22,False,[14*]C1(CNCC2C(C#N)CN2[29*])CC1;[14*]C1(CNC[23*])CC1;[14*]C1(CN[22*])CC1;[14*]C1(C[21*])CC1;[17*]CNCC1C(C#N)CN1[29*];[17*]CNC[23*];[20*]NCC1C(C#N)CN1[29*];[21*]CC1C(C#N)CN1[29*];[22*]C1C(C#N)CN1[29*];[4*]C(=O)N1CC(C#N)C1CNC[17*];[4*]C(=O)N1CC(C#N)C1CN[20*];[4*]C(=O)N1CC(C#N)C1C[21*];[4*]C(=O)N1CC(C#N)C1[22*];[4*]NC(=O)c1c[nH]c2ncc([17*])nc12;[4*]NC([8*])=O;[5*]C(=O)c1c[nH]c2ncc([17*])nc12;[5*][C@@H](C([28*])=O)C(C)(C)C;[6*]N[C@@H](C([28*])=O)C(C)(C)C;[6*]N[C@@H]([29*])C(C)(C)C;[6*]c1c[nH]c2ncc(C3([20*])CC3)nc12;[6*]c1c[nH]c2ncc([17*])nc12;[8*]C(=O)N[C@@H](C([28*])=O)C(C)(C)C;[8*]C(=O)N[C@@H]([29*])C(C)(C)C,[4*]NC([8*])=O,[14*]C1(CNCC2C(C#N)CN2[29*])CC1;[14*]C1(CNC[23*])CC1;[14*]C1(CN[22*])CC1;[14*]C1(C[21*])CC1;[17*]CNCC1C(C#N)CN1[29*];[17*]CNC[23*];[20*]NCC1C(C#N)CN1[29*];[21*]CC1C(C#N)CN1[29*];[22*]C1C(C#N)CN1[29*];[4*]C(=O)N1CC(C#N)C1CNC[17*];[4*]C(=O)N1CC(C#N)C1CN[20*];[4*]C(=O)N1CC(C#N)C1C[21*];[4*]C(=O)N1CC(C#N)C1[22*];[4*]NC(=O)c1c[nH]c2ncc([17*])nc12;[5*]C(=O)c1c[nH]c2ncc([17*])nc12;[5*][C@@H](C([28*])=O)C(C)(C)C;[6*]N[C@@H](C([28*])=O)C(C)(C)C;[6*]N[C@@H]([29*])C(C)(C)C;[6*]c1c[nH]c2ncc(C3([20*])CC3)nc12;[6*]c1c[nH]c2ncc([17*])nc12;[8*]C(=O)N[C@@H](C([28*])=O)C(C)(C)C;[8*]C(=O)N[C@@H]([29*])C(C)(C)C
CAND_b3c1e9c6e7,50,6,44,False,[1*]NC1(CCCCC[23*])CC1;[1*]NC1(CCCC[24*])CC1;[1*]NC1(CCC[25*])CC1;[1*]NC1(CC[26*])CC1;[1*]NC1(C[27*])CC1;[1*]Nc1c[nH]nc1[8*];[13*]CN1CCOCC1CCCCC[29*];[13*]CN1CCOCC1CCCC[28*];[13*]CN1CCOCC1CCC[27*];[13*]CN1CCOCC1CC[26*];[13*]CN1CCOCC1C[25*];[13*]CN1CCOCC1[24*];[17*]N1CCOCC1CCCCC[29*];[17*]N1CCOCC1CCCC[28*];[17*]N1CCOCC1CCC[27*];[17*]N1CCOCC1CC[26*];[17*]N1CCOCC1C[25*];[17*]N1CCOCC1[24*];[2*]C(=O)NC1(CCCCC[23*])CC1;[2*]C(=O)NC1(CCCC[24*])CC1;[2*]C(=O)NC1(CCC[25*])CC1;[2*]C(=O)NC1(CC[26*])CC1;[2*]C(=O)NC1(C[27*])CC1;[2*]C(=O)NC1([28*])CC1;[2*]C(=O)N[29*];[2*]c1c[nH]nc1[8*];[23*]CCCCCC1([32*])CC1;[23*]CCCCC[29*];[23*]CCCC[28*];[23*]CCC[27*];[24*]CCCCC1([32*])CC1;[24*]CCCC[29*];[24*]CCC[28*];[25*]CCCC1([32*])CC1;[25*]CCC[29*];[26*]CCC1([32*])CC1;[27*]CC1([32*])CC1;[3*]NC(=O)NC1(CCCCC[23*])CC1;[3*]NC(=O)NC1(CCCC[24*])CC1;[3*]NC(=O)NC1(CCC[25*])CC1;[3*]NC(=O)NC1(CC[26*])CC1;[3*]NC(=O)NC1(C[27*])CC1;[3*]NC(=O)NC1([28*])CC1;[3*]NC(=O)N[29*];[3*]NC([32*])=O;[7*]c1nc2ccc(C[18*])cc2[nH]1;[7*]c1nc2ccc([17*])cc2[nH]1;[8*]c1n[nH]cc1NC(=O)NC1([28*])CC1;[8*]c1n[nH]cc1NC(=O)N[29*];[8*]c1n[nH]cc1NC([32*])=O,[23*]CCCCC[29*];[23*]CCCC[28*];[23*]CCC[27*];[24*]CCCC[29*];[24*]CCC[28*];[25*]CCC[29*],[1*]NC1(CCCCC[23*])CC1;[1*]NC1(CCCC[24*])CC1;[1*]NC1(CCC[25*])CC1;[1*]NC1(CC[26*])CC1;[1*]NC1(C[27*])CC1;[1*]Nc1c[nH]nc1[8*];[13*]CN1CCOCC1CCCCC[29*];[13*]CN1CCOCC1CCCC[28*];[13*]CN1CCOCC1CCC[27*];[13*]CN1CCOCC1CC[26*];[13*]CN1CCOCC1C[25*];[13*]CN1CCOCC1[24*];[17*]N1CCOCC1CCCCC[29*];[17*]N1CCOCC1CCCC[28*];[17*]N1CCOCC1CCC[27*];[17*]N1CCOCC1CC[26*];[17*]N1CCOCC1C[25*];[17*]N1CCOCC1[24*];[2*]C(=O)NC1(CCCCC[23*])CC1;[2*]C(=O)NC1(CCCC[24*])CC1;[2*]C(=O)NC1(CCC[25*])CC1;[2*]C(=O)NC1(CC[26*])CC1;[2*]C(=O)NC1(C[27*])CC1;[2*]C(=O)NC1([28*])CC1;[2*]C(=O)N[29*];[2*]c1c[nH]nc1[8*];[23*]CCCCCC1([32*])CC1;[24*]CCCCC1([32*])CC1;[25*]CCCC1([32*])CC1;[26*]CCC1([32*])CC1;[27*]CC1([32*])CC1;[3*]NC(=O)NC1(CCCCC[23*])CC1;[3*]NC(=O)NC1(CCCC[24*])CC1;[3*]NC(=O)NC1(CCC[25*])CC1;[3*]NC(=O)NC1(CC[26*])CC1;[3*]NC(=O)NC1(C[27*])CC1;[3*]NC(=O)NC1([28*])CC1;[3*]NC(=O)N[29*];[3*]NC([32*])=O;[7*]c1nc2ccc(C[18*])cc2[nH]1;[7*]c1nc2ccc([17*])cc2[nH]1;[8*]c1n[nH]cc1NC(=O)NC1([28*])CC1;[8*]c1n[nH]cc1NC(=O)N[29*];[8*]c1n[nH]cc1NC([32*])=O
CAND_ebd66c7b75,50,3,47,False,[1*]NC1(CCNCC[23*])CC1;[1*]NC1(CCNC[24*])CC1;[1*]NC1(CCN[25*])CC1;[1*]NC1(CC[26*])CC1;[1*]NC1(C[27*])CC1;[1*]Nc1c[nH]nc1[8*];[13*]CN1CCOCC1CCNCC[29*];[13*]CN1CCOCC1CCNC[28*];[13*]CN1CCOCC1CCN[27*];[13*]CN1CCOCC1CC[26*];[13*]CN1CCOCC1C[25*];[13*]CN1CCOCC1[24*];[17*]N1CCOCC1CCNCC[29*];[17*]N1CCOCC1CCNC[28*];[17*]N1CCOCC1CCN[27*];[17*]N1CCOCC1CC[26*];[17*]N1CCOCC1C[25*];[17*]N1CCOCC1[24*];[2*]C(=O)NC1(CCNCC[23*])CC1;[2*]C(=O)NC1(CCNC[24*])CC1;[2*]C(=O)NC1(CCN[25*])CC1;[2*]C(=O)NC1(CC[26*])CC1;[2*]C(=O)NC1(C[27*])CC1;[2*]C(=O)NC1([28*])CC1;[2*]C(=O)N[29*];[2*]c1c[nH]nc1[8*];[23*]CCNCCC1([32*])CC1;[23*]CCNCC[29*];[23*]CCNC[28*];[23*]CCN[27*];[24*]CNCCC1([32*])CC1;[24*]CNCC[29*];[24*]CNC[28*];[25*]NCCC1([32*])CC1;[25*]NCC[29*];[26*]CCC1([32*])CC1;[27*]CC1([32*])CC1;[3*]NC(=O)NC1(CCNCC[23*])CC1;[3*]NC(=O)NC1(CCNC[24*])CC1;[3*]NC(=O)NC1(CCN[25*])CC1;[3*]NC(=O)NC1(CC[26*])CC1;[3*]NC(=O)NC1(C[27*])CC1;[3*]NC(=O)NC1([28*])CC1;[3*]NC(=O)N[29*];[3*]NC([32*])=O;[7*]c1nc2ccc(C[18*])cc2[nH]1;[7*]c1nc2ccc([17*])cc2[nH]1;[8*]c1n[nH]cc1NC(=O)NC1([28*])CC1;[8*]c1n[nH]cc1NC(=O)N[29*];[8*]c1n[nH]cc1NC([32*])=O,[23*]CCNCC[29*];[23*]CCNC[28*];[23*]CCN[27*],[1*]NC1(CCNCC[23*])CC1;[1*]NC1(CCNC[24*])CC1;[1*]NC1(CCN[25*])CC1;[1*]NC1(CC[26*])CC1;[1*]NC1(C[27*])CC1;[1*]Nc1c[nH]nc1[8*];[13*]CN1CCOCC1CCNCC[29*];[13*]CN1CCOCC1CCNC[28*];[13*]CN1CCOCC1CCN[27*];[13*]CN1CCOCC1CC[26*];[13*]CN1CCOCC1C[25*];[13*]CN1CCOCC1[24*];[17*]N1CCOCC1CCNCC[29*];[17*]N1CCOCC1CCNC[28*];[17*]N1CCOCC1CCN[27*];[17*]N1CCOCC1CC[26*];[17*]N1CCOCC1C[25*];[17*]N1CCOCC1[24*];[2*]C(=O)NC1(CCNCC[23*])CC1;[2*]C(=O)NC1(CCNC[24*])CC1;[2*]C(=O)NC1(CCN[25*])CC1;[2*]C(=O)NC1(CC[26*])CC1;[2*]C(=O)NC1(C[27*])CC1;[2*]C(=O)NC1([28*])CC1;[2*]C(=O)N[29*];[2*]c1c[nH]nc1[8*];[23*]CCNCCC1([32*])CC1;[24*]CNCCC1([32*])CC1;[24*]CNCC[29*];[24*]CNC[28*];[25*]NCCC1([32*])CC1;[25*]NCC[29*];[26*]CCC1([32*])CC1;[27*]CC1([32*])CC1;[3*]NC(=O)NC1(CCNCC[23*])CC1;[3*]NC(=O)NC1(CCNC[24*])CC1;[3*]NC(=O)NC1(CCN[25*])CC1;[3*]NC(=O)NC1(CC[26*])CC1;[3*]NC(=O)NC1(C[27*])CC1;[3*]NC(=O)NC1([28*])CC1;[3*]NC(=O)N[29*];[3*]NC([32*])=O;[7*]c1nc2ccc(C[18*])cc2[nH]1;[7*]c1nc2ccc([17*])cc2[nH]1;[8*]c1n[nH]cc1NC(=O)NC1([28*])CC1;[8*]c1n[nH]cc1NC(=O)N[29*];[8*]c1n[nH]cc1NC([32*])=O
CAND_453a8d70ca,50,1,49,False,[1*]NC1(COCNC[23*])CC1;[1*]NC1(COCN[24*])CC1;[1*]NC1(COC[25*])CC1;[1*]NC1(CO[26*])CC1;[1*]NC1(C[27*])CC1;[1*]Nc1c[nH]nc1[8*];[13*]CN1CCOCC1CNCOC[29*];[13*]CN1CCOCC1CNCO[28*];[13*]CN1CCOCC1CNC[27*];[13*]CN1CCOCC1CN[26*];[13*]CN1CCOCC1C[25*];[13*]CN1CCOCC1[24*];[17*]N1CCOCC1CNCOC[29*];[17*]N1CCOCC1CNCO[28*];[17*]N1CCOCC1CNC[27*];[17*]N1CCOCC1CN[26*];[17*]N1CCOCC1C[25*];[17*]N1CCOCC1[24*];[2*]C(=O)NC1(COCNC[23*])CC1;[2*]C(=O)NC1(COCN[24*])CC1;[2*]C(=O)NC1(COC[25*])CC1;[2*]C(=O)NC1(CO[26*])CC1;[2*]C(=O)NC1(C[27*])CC1;[2*]C(=O)NC1([28*])CC1;[2*]C(=O)N[29*];[2*]c1c[nH]nc1[8*];[23*]CNCOCC1([32*])CC1;[23*]CNCOC[29*];[23*]CNCO[28*];[23*]CNC[27*];[24*]NCOCC1([32*])CC1;[24*]NCOC[29*];[24*]NCO[28*];[25*]COCC1([32*])CC1;[25*]COC[29*];[26*]OCC1([32*])CC1;[27*]CC1([32*])CC1;[3*]NC(=O)NC1(COCNC[23*])CC1;[3*]NC(=O)NC1(COCN[24*])CC1;[3*]NC(=O)NC1(COC[25*])CC1;[3*]NC(=O)NC1(CO[26*])CC1;[3*]NC(=O)NC1(C[27*])CC1;[3*]NC(=O)NC1([28*])CC1;[3*]NC(=O)N[29*];[3*]NC([32*])=O;[7*]c1nc2ccc(C[18*])cc2[nH]1;[7*]c1nc2ccc([17*])cc2[nH]1;[8*]c1n[nH]cc1NC(=O)NC1([28*])CC1;[8*]c1n[nH]cc1NC(=O)N[29*];[8*]c1n[nH]cc1NC([32*])=O,[23*]CNC[27*],[1*]NC1(COCNC[23*])CC1;[1*]NC1(COCN[24*])CC1;[1*]NC1(COC[25*])CC1;[1*]NC1(CO[26*])CC1;[1*]NC1(C[27*])CC1;[1*]Nc1c[nH]nc1[8*];[13*]CN1CCOCC1CNCOC[29*];[13*]CN1CCOCC1CNCO[28*];[13*]CN1CCOCC1CNC[27*];[13*]CN1CCOCC1CN[26*];[13*]CN1CCOCC1C[25*];[13*]CN1CCOCC1[24*];[17*]N1CCOCC1CNCOC[29*];[17*]N1CCOCC1CNCO[28*];[17*]N1CCOCC1CNC[27*];[17*]N1CCOCC1CN[26*];[17*]N1CCOCC1C[25*];[17*]N1CCOCC1[24*];[2*]C(=O)NC1(COCNC[23*])CC1;[2*]C(=O)NC1(COCN[24*])CC1;[2*]C(=O)NC1(COC[25*])CC1;[2*]C(=O)NC1(CO[26*])CC1;[2*]C(=O)NC1(C[27*])CC1;[2*]C(=O)NC1([28*])CC1;[2*]C(=O)N[29*];[2*]c1c[nH]nc1[8*];[23*]CNCOCC1([32*])CC1;[23*]CNCOC[29*];[23*]CNCO[28*];[24*]NCOCC1([32*])CC1;[24*]NCOC[29*];[24*]NCO[28*];[25*]COCC1([32*])CC1;[25*]COC[29*];[26*]OCC1([32*])CC1;[27*]CC1([32*])CC1;[3*]NC(=O)NC1(COCNC[23*])CC1;[3*]NC(=O)NC1(COCN[24*])CC1;[3*]NC(=O)NC1(COC[25*])CC1;[3*]NC(=O)NC1(CO[26*])CC1;[3*]NC(=O)NC1(C[27*])CC1;[3*]NC(=O)NC1([28*])CC1;[3*]NC(=O)N[29*];[3*]NC([32*])=O;[7*]c1nc2ccc(C[18*])cc2[nH]1;[7*]c1nc2ccc([17*])cc2[nH]1;[8*]c1n[nH]cc1NC(=O)NC1([28*])CC1;[8*]c1n[nH]cc1NC(=O)N[29*];[8*]c1n[nH]cc1NC([32*])=O
CAND_09deb650c1,50,0,50,True,[1*]NC1(CCSCC[23*])CC1;[1*]NC1(CCSC[24*])CC1;[1*]NC1(CCS[25*])CC1;[1*]NC1(CC[26*])CC1;[1*]NC1(C[27*])CC1;[1*]Nc1c[nH]nc1[8*];[13*]CN1CCOCC1CCSCC[29*];[13*]CN1CCOCC1CCSC[28*];[13*]CN1CCOCC1CCS[27*];[13*]CN1CCOCC1CC[26*];[13*]CN1CCOCC1C[25*];[13*]CN1CCOCC1[24*];[17*]N1CCOCC1CCSCC[29*];[17*]N1CCOCC1CCSC[28*];[17*]N1CCOCC1CCS[27*];[17*]N1CCOCC1CC[26*];[17*]N1CCOCC1C[25*];[17*]N1CCOCC1[24*];[2*]C(=O)NC1(CCSCC[23*])CC1;[2*]C(=O)NC1(CCSC[24*])CC1;[2*]C(=O)NC1(CCS[25*])CC1;[2*]C(=O)NC1(CC[26*])CC1;[2*]C(=O)NC1(C[27*])CC1;[2*]C(=O)NC1([28*])CC1;[2*]C(=O)N[29*];[2*]c1c[nH]nc1[8*];[23*]CCSCCC1([32*])CC1;[23*]CCSCC[29*];[23*]CCSC[28*];[23*]CCS[27*];[24*]CSCCC1([32*])CC1;[24*]CSCC[29*];[24*]CSC[28*];[25*]SCCC1([32*])CC1;[25*]SCC[29*];[26*]CCC1([32*])CC1;[27*]CC1([32*])CC1;[3*]NC(=O)NC1(CCSCC[23*])CC1;[3*]NC(=O)NC1(CCSC[24*])CC1;[3*]NC(=O)NC1(CCS[25*])CC1;[3*]NC(=O)NC1(CC[26*])CC1;[3*]NC(=O)NC1(C[27*])CC1;[3*]NC(=O)NC1([28*])CC1;[3*]NC(=O)N[29*];[3*]NC([32*])=O;[7*]c1nc2ccc(C[18*])cc2[nH]1;[7*]c1nc2ccc([17*])cc2[nH]1;[8*]c1n[nH]cc1NC(=O)NC1([28*])CC1;[8*]c1n[nH]cc1NC(=O)N[29*];[8*]c1n[nH]cc1NC([32*])=O,,[1*]NC1(CCSCC[23*])CC1;[1*]NC1(CCSC[24*])CC1;[1*]NC1(CCS[25*])CC1;[1*]NC1(CC[26*])CC1;[1*]NC1(C[27*])CC1;[1*]Nc1c[nH]nc1[8*];[13*]CN1CCOCC1CCSCC[29*];[13*]CN1CCOCC1CCSC[28*];[13*]CN1CCOCC1CCS[27*];[13*]CN1CCOCC1CC[26*];[13*]CN1CCOCC1C[25*];[13*]CN1CCOCC1[24*];[17*]N1CCOCC1CCSCC[29*];[17*]N1CCOCC1CCSC[28*];[17*]N1CCOCC1CCS[27*];[17*]N1CCOCC1CC[26*];[17*]N1CCOCC1C[25*];[17*]N1CCOCC1[24*];[2*]C(=O)NC1(CCSCC[23*])CC1;[2*]C(=O)NC1(CCSC[24*])CC1;[2*]C(=O)NC1(CCS[25*])CC1;[2*]C(=O)NC1(CC[26*])CC1;[2*]C(=O)NC1(C[27*])CC1;[2*]C(=O)NC1([28*])CC1;[2*]C(=O)N[29*];[2*]c1c[nH]nc1[8*];[23*]CCSCCC1([32*])CC1;[23*]CCSCC[29*];[23*]CCSC[28*];[23*]CCS[27*];[24*]CSCCC1([32*])CC1;[24*]CSCC[29*];[24*]CSC[28*];[25*]SCCC1([32*])CC1;[25*]SCC[29*];[26*]CCC1([32*])CC1;[27*]CC1([32*])CC1;[3*]NC(=O)NC1(CCSCC[23*])CC1;[3*]NC(=O)NC1(CCSC[24*])CC1;[3*]NC(=O)NC1(CCS[25*])CC1;[3*]NC(=O)NC1(CC[26*])CC1;[3*]NC(=O)NC1(C[27*])CC1;[3*]NC(=O)NC1([28*])CC1;[3*]NC(=O)N[29*];[3*]NC([32*])=O;[7*]c1nc2ccc(C[18*])cc2[nH]1;[7*]c1nc2ccc([17*])cc2[nH]1;[8*]c1n[nH]cc1NC(=O)NC1([28*])CC1;[8*]c1n[nH]cc1NC(=O)N[29*];[8*]c1n[nH]cc1NC([32*])=O
CAND_2e11abfe19,50,1,49,False,[1*]NC1(CCOCC[23*])CC1;[1*]NC1(CCOC[24*])CC1;[1*]NC1(CCO[25*])CC1;[1*]NC1(CC[26*])CC1;[1*]NC1(C[27*])CC1;[1*]Nc1c[nH]nc1[8*];[13*]CN1CCOCC1CCOCC[29*];[13*]CN1CCOCC1CCOC[28*];[13*]CN1CCOCC1CCO[27*];[13*]CN1CCOCC1CC[26*];[13*]CN1CCOCC1C[25*];[13*]CN1CCOCC1[24*];[17*]N1CCOCC1CCOCC[29*];[17*]N1CCOCC1CCOC[28*];[17*]N1CCOCC1CCO[27*];[17*]N1CCOCC1CC[26*];[17*]N1CCOCC1C[25*];[17*]N1CCOCC1[24*];[2*]C(=O)NC1(CCOCC[23*])CC1;[2*]C(=O)NC1(CCOC[24*])CC1;[2*]C(=O)NC1(CCO[25*])CC1;[2*]C(=O)NC1(CC[26*])CC1;[2*]C(=O)NC1(C[27*])CC1;[2*]C(=O)NC1([28*])CC1;[2*]C(=O)N[29*];[2*]c1c[nH]nc1[8*];[23*]CCOCCC1([32*])CC1;[23*]CCOCC[29*];[23*]CCOC[28*];[23*]CCO[27*];[24*]COCCC1([32*])CC1;[24*]COCC[29*];[24*]COC[28*];[25*]OCCC1([32*])CC1;[25*]OCC[29*];[26*]CCC1([32*])CC1;[27*]CC1([32*])CC1;[3*]NC(=O)NC1(CCOCC[23*])CC1;[3*]NC(=O)NC1(CCOC[24*])CC1;[3*]NC(=O)NC1(CCO[25*])CC1;[3*]NC(=O)NC1(CC[26*])CC1;[3*]NC(=O)NC1(C[27*])CC1;[3*]NC(=O)NC1([28*])CC1;[3*]NC(=O)N[29*];[3*]NC([32*])=O;[7*]c1nc2ccc(C[18*])cc2[nH]1;[7*]c1nc2ccc([17*])cc2[nH]1;[8*]c1n[nH]cc1NC(=O)NC1([28*])CC1;[8*]c1n[nH]cc1NC(=O)N[29*];[8*]c1n[nH]cc1NC([32*])=O,[23*]CCO[27*],[1*]NC1(CCOCC[23*])CC1;[1*]NC1(CCOC[24*])CC1;[1*]NC1(CCO[25*])CC1;[1*]NC1(CC[26*])CC1;[1*]NC1(C[27*])CC1;[1*]Nc1c[nH]nc1[8*];[13*]CN1CCOCC1CCOCC[29*];[13*]CN1CCOCC1CCOC[28*];[13*]CN1CCOCC1CCO[27*];[13*]CN1CCOCC1CC[26*];[13*]CN1CCOCC1C[25*];[13*]CN1CCOCC1[24*];[17*]N1CCOCC1CCOCC[29*];[17*]N1CCOCC1CCOC[28*];[17*]N1CCOCC1CCO[27*];[17*]N1CCOCC1CC[26*];[17*]N1CCOCC1C[25*];[17*]N1CCOCC1[24*];[2*]C(=O)NC1(CCOCC[23*])CC1;[2*]C(=O)NC1(CCOC[24*])CC1;[2*]C(=O)NC1(CCO[25*])CC1;[2*]C(=O)NC1(CC[26*])CC1;[2*]C(=O)NC1(C[27*])CC1;[2*]C(=O)NC1([28*])CC1;[2*]C(=O)N[29*];[2*]c1c[nH]nc1[8*];[23*]CCOCCC1([32*])CC1;[23*]CCOCC[29*];[23*]CCOC[28*];[24*]COCCC1([32*])CC1;[24*]COCC[29*];[24*]COC[28*];[25*]OCCC1([32*])CC1;[25*]OCC[29*];[26*]CCC1([32*])CC1;[27*]CC1([32*])CC1;[3*]NC(=O)NC1(CCOCC[23*])CC1;[3*]NC(=O)NC1(CCOC[24*])CC1;[3*]NC(=O)NC1(CCO[25*])CC1;[3*]NC(=O)NC1(CC[26*])CC1;[3*]NC(=O)NC1(C[27*])CC1;[3*]NC(=O)NC1([28*])CC1;[3*]NC(=O)N[29*];[3*]NC([32*])=O;[7*]c1nc2ccc(C[18*])cc2[nH]1;[7*]c1nc2ccc([17*])cc2[nH]1;[8*]c1n[nH]cc1NC(=O)NC1([28*])CC1;[8*]c1n[nH]cc1NC(=O)N[29*];[8*]c1n[nH]cc1NC([32*])=O
CAND_34ad2a24d8,50,3,47,False,[1*]NC1(CCCNCC[23*])CC1;[1*]NC1(CCCNC[24*])CC1;[1*]Nc1c[nH]nc1[8*];[13*]CN1CCOCC1CCNCC[29*];[13*]CN1CCOCC1CCNC[28*];[13*]CN1CCOCC1CCN[27*];[13*]CN1CCOCC1CC[26*];[13*]CN1CCOCC1C[25*];[13*]CN1CCOCC1[24*];[17*]N1CCOCC1CCNCCC[30*];[17*]N1CCOCC1CCNCC[29*];[17*]N1CCOCC1CCNC[28*];[17*]N1CCOCC1CCN[27*];[17*]N1CCOCC1CC[26*];[17*]N1CCOCC1C[25*];[17*]N1CCOCC1[24*];[2*]C(=O)NC1(CCCNCC[23*])CC1;[2*]C(=O)NC1(CCCNC[24*])CC1;[2*]C(=O)NC1(CCCN[25*])CC1;[2*]C(=O)NC1(CCC[26*])CC1;[2*]C(=O)NC1(CC[27*])CC1;[2*]C(=O)NC1(C[28*])CC1;[2*]C(=O)NC1([29*])CC1;[2*]C(=O)N[30*];[2*]c1c[nH]nc1[8*];[23*]CCNCCCC1([33*])CC1;[23*]CCNCCC[30*];[23*]CCNCC[29*];[23*]CCNC[28*];[23*]CCN[27*];[24*]CNCCCC1([33*])CC1;[24*]CNCCC[30*];[24*]CNCC[29*];[24*]CNC[28*];[25*]NCCCC1([33*])CC1;[25*]NCCC[30*];[25*]NCC[29*];[3*]NC(=O)NC1(CCCNC[24*])CC1;[3*]NC(=O)NC1(CCCN[25*])CC1;[3*]NC(=O)NC1(CCC[26*])CC1;[3*]NC(=O)NC1(CC[27*])CC1;[3*]NC(=O)NC1(C[28*])CC1;[3*]NC(=O)NC1([29*])CC1;[3*]NC(=O)N[30*];[3*]NC([33*])=O;[7*]c1nc2ccc(C[18*])cc2[nH]1;[7*]c1nc2ccc([17*])cc2[nH]1;[8*]c1n[nH]cc1NC(=O)NC1([29*])CC1;[8*]c1n[nH]cc1NC(=O)N[30*];[8*]c1n[nH]cc1NC([33*])=O,[23*]CCNCC[29*];[23*]CCNC[28*];[23*]CCN[27*],[1*]NC1(CCCNCC[23*])CC1;[1*]NC1(CCCNC[24*])CC1;[1*]Nc1c[nH]nc1[8*];[13*]CN1CCOCC1CCNCC[29*];[13*]CN1CCOCC1CCNC[28*];[13*]CN1CCOCC1CCN[27*];[13*]CN1CCOCC1CC[26*];[13*]CN1CCOCC1C[25*];[13*]CN1CCOCC1[24*];[17*]N1CCOCC1CCNCCC[30*];[17*]N1CCOCC1CCNCC[29*];[17*]N1CCOCC1CCNC[28*];[17*]N1CCOCC1CCN[27*];[17*]N1CCOCC1CC[26*];[17*]N1CCOCC1C[25*];[17*]N1CCOCC1[24*];[2*]C(=O)NC1(CCCNCC[23*])CC1;[2*]C(=O)NC1(CCCNC[24*])CC1;[2*]C(=O)NC1(CCCN[25*])CC1;[2*]C(=O)NC1(CCC[26*])CC1;[2*]C(=O)NC1(CC[27*])CC1;[2*]C(=O)NC1(C[28*])CC1;[2*]C(=O)NC1([29*])CC1;[2*]C(=O)N[30*];[2*]c1c[nH]nc1[8*];[23*]CCNCCCC1([33*])CC1;[23*]CCNCCC[30*];[24*]CNCCCC1([33*])CC1;[24*]CNCCC[30*];[24*]CNCC[29*];[24*]CNC[28*];[25*]NCCCC1([33*])CC1;[25*]NCCC[30*];[25*]NCC[29*];[3*]NC(=O)NC1(CCCNC[24*])CC1;[3*]NC(=O)NC1(CCCN[25*])CC1;[3*]NC(=O)NC1(CCC[26*])CC1;[3*]NC(=O)NC1(CC[27*])CC1;[3*]NC(=O)NC1(C[28*])CC1;[3*]NC(=O)NC1([29*])CC1;[3*]NC(=O)N[30*];[3*]NC([33*])=O;[7*]c1nc2ccc(C[18*])cc2[nH]1;[7*]c1nc2ccc([17*])cc2[nH]1;[8*]c1n[nH]cc1NC(=O)NC1([29*])CC1;[8*]c1n[nH]cc1NC(=O)N[30*];[8*]c1n[nH]cc1NC([33*])=O
CAND_f4705e122e,50,0,50,True,[1*]NC1(CCCSCC[23*])CC1;[1*]NC1(CCCSC[24*])CC1;[1*]Nc1c[nH]nc1[8*];[13*]CN1CCOCC1CCSCC[29*];[13*]CN1CCOCC1CCSC[28*];[13*]CN1CCOCC1CCS[27*];[13*]CN1CCOCC1CC[26*];[13*]CN1CCOCC1C[25*];[13*]CN1CCOCC1[24*];[17*]N1CCOCC1CCSCCC[30*];[17*]N1CCOCC1CCSCC[29*];[17*]N1CCOCC1CCSC[28*];[17*]N1CCOCC1CCS[27*];[17*]N1CCOCC1CC[26*];[17*]N1CCOCC1C[25*];[17*]N1CCOCC1[24*];[2*]C(=O)NC1(CCCSCC[23*])CC1;[2*]C(=O)NC1(CCCSC[24*])CC1;[2*]C(=O)NC1(CCCS[25*])CC1;[2*]C(=O)NC1(CCC[26*])CC1;[2*]C(=O)NC1(CC[27*])CC1;[2*]C(=O)NC1(C[28*])CC1;[2*]C(=O)NC1([29*])CC1;[2*]C(=O)N[30*];[2*]c1c[nH]nc1[8*];[23*]CCSCCCC1([33*])CC1;[23*]CCSCCC[30*];[23*]CCSCC[29*];[23*]CCSC[28*];[23*]CCS[27*];[24*]CSCCCC1([33*])CC1;[24*]CSCCC[30*];[24*]CSCC[29*];[24*]CSC[28*];[25*]SCCCC1([33*])CC1;[25*]SCCC[30*];[25*]SCC[29*];[3*]NC(=O)NC1(CCCSC[24*])CC1;[3*]NC(=O)NC1(CCCS[25*])CC1;[3*]NC(=O)NC1(CCC[26*])CC1;[3*]NC(=O)NC1(CC[27*])CC1;[3*]NC(=O)NC1(C[28*])CC1;[3*]NC(=O)NC1([29*])CC1;[3*]NC(=O)N[30*];[3*]NC([33*])=O;[7*]c1nc2ccc(C[18*])cc2[nH]1;[7*]c1nc2ccc([17*])cc2[nH]1;[8*]c1n[nH]cc1NC(=O)NC1([29*])CC1;[8*]c1n[nH]cc1NC(=O)N[30*];[8*]c1n[nH]cc1NC([33*])=O,,[1*]NC1(CCCSCC[23*])CC1;[1*]NC1(CCCSC[24*])CC1;[1*]Nc1c[nH]nc1[8*];[13*]CN1CCOCC1CCSCC[29*];[13*]CN1CCOCC1CCSC[28*];[13*]CN1CCOCC1CCS[27*];[13*]CN1CCOCC1CC[26*];[13*]CN1CCOCC1C[25*];[13*]CN1CCOCC1[24*];[17*]N1CCOCC1CCSCCC[30*];[17*]N1CCOCC1CCSCC[29*];[17*]N1CCOCC1CCSC[28*];[17*]N1CCOCC1CCS[27*];[17*]N1CCOCC1CC[26*];[17*]N1CCOCC1C[25*];[17*]N1CCOCC1[24*];[2*]C(=O)NC1(CCCSCC[23*])CC1;[2*]C(=O)NC1(CCCSC[24*])CC1;[2*]C(=O)NC1(CCCS[25*])CC1;[2*]C(=O)NC1(CCC[26*])CC1;[2*]C(=O)NC1(CC[27*])CC1;[2*]C(=O)NC1(C[28*])CC1;[2*]C(=O)NC1([29*])CC1;[2*]C(=O)N[30*];[2*]c1c[nH]nc1[8*];[23*]CCSCCCC1([33*])CC1;[23*]CCSCCC[30*];[23*]CCSCC[29*];[23*]CCSC[28*];[23*]CCS[27*];[24*]CSCCCC1([33*])CC1;[24*]CSCCC[30*];[24*]CSCC[29*];[24*]CSC[28*];[25*]SCCCC1([33*])CC1;[25*]SCCC[30*];[25*]SCC[29*];[3*]NC(=O)NC1(CCCSC[24*])CC1;[3*]NC(=O)NC1(CCCS[25*])CC1;[3*]NC(=O)NC1(CCC[26*])CC1;[3*]NC(=O)NC1(CC[27*])CC1;[3*]NC(=O)NC1(C[28*])CC1;[3*]NC(=O)NC1([29*])CC1;[3*]NC(=O)N[30*];[3*]NC([33*])=O;[7*]c1nc2ccc(C[18*])cc2[nH]1;[7*]c1nc2ccc([17*])cc2[nH]1;[8*]c1n[nH]cc1NC(=O)NC1([29*])CC1;[8*]c1n[nH]cc1NC(=O)N[30*];[8*]c1n[nH]cc1NC([33*])=O
CAND_94f502517a,50,1,49,False,[1*]NC1(CCOCNC[23*])CC1;[1*]NC1(CCOCN[24*])CC1;[1*]Nc1c[nH]nc1[8*];[13*]CN1CCOCC1CNCOC[29*];[13*]CN1CCOCC1CNCO[28*];[13*]CN1CCOCC1CNC[27*];[13*]CN1CCOCC1CN[26*];[13*]CN1CCOCC1C[25*];[13*]CN1CCOCC1[24*];[17*]N1CCOCC1CNCOCC[30*];[17*]N1CCOCC1CNCOC[29*];[17*]N1CCOCC1CNCO[28*];[17*]N1CCOCC1CNC[27*];[17*]N1CCOCC1CN[26*];[17*]N1CCOCC1C[25*];[17*]N1CCOCC1[24*];[2*]C(=O)NC1(CCOCNC[23*])CC1;[2*]C(=O)NC1(CCOCN[24*])CC1;[2*]C(=O)NC1(CCOC[25*])CC1;[2*]C(=O)NC1(CCO[26*])CC1;[2*]C(=O)NC1(CC[27*])CC1;[2*]C(=O)NC1(C[28*])CC1;[2*]C(=O)NC1([29*])CC1;[2*]C(=O)N[30*];[2*]c1c[nH]nc1[8*];[23*]CNCOCCC1([33*])CC1;[23*]CNCOCC[30*];[23*]CNCOC[29*];[23*]CNCO[28*];[23*]CNC[27*];[24*]NCOCCC1([33*])CC1;[24*]NCOCC[30*];[24*]NCOC[29*];[24*]NCO[28*];[25*]COCCC1([33*])CC1;[25*]COCC[30*];[25*]COC[29*];[3*]NC(=O)NC1(CCOCN[24*])CC1;[3*]NC(=O)NC1(CCOC[25*])CC1;[3*]NC(=O)NC1(CCO[26*])CC1;[3*]NC(=O)NC1(CC[27*])CC1;[3*]NC(=O)NC1(C[28*])CC1;[3*]NC(=O)NC1([29*])CC1;[3*]NC(=O)N[30*];[3*]NC([33*])=O;[7*]c1nc2ccc(C[18*])cc2[nH]1;[7*]c1nc2ccc([17*])cc2[nH]1;[8*]c1n[nH]cc1NC(=O)NC1([29*])CC1;[8*]c1n[nH]cc1NC(=O)N[30*];[8*]c1n[nH]cc1NC([33*])=O,[23*]CNC[27*],[1*]NC1(CCOCNC[23*])CC1;[1*]NC1(CCOCN[24*])CC1;[1*]Nc1c[nH]nc1[8*];[13*]CN1CCOCC1CNCOC[29*];[13*]CN1CCOCC1CNCO[28*];[13*]CN1CCOCC1CNC[27*];[13*]CN1CCOCC1CN[26*];[13*]CN1CCOCC1C[25*];[13*]CN1CCOCC1[24*];[17*]N1CCOCC1CNCOCC[30*];[17*]N1CCOCC1CNCOC[29*];[17*]N1CCOCC1CNCO[28*];[17*]N1CCOCC1CNC[27*];[17*]N1CCOCC1CN[26*];[17*]N1CCOCC1C[25*];[17*]N1CCOCC1[24*];[2*]C(=O)NC1(CCOCNC[23*])CC1;[2*]C(=O)NC1(CCOCN[24*])CC1;[2*]C(=O)NC1(CCOC[25*])CC1;[2*]C(=O)NC1(CCO[26*])CC1;[2*]C(=O)NC1(CC[27*])CC1;[2*]C(=O)NC1(C[28*])CC1;[2*]C(=O)NC1([29*])CC1;[2*]C(=O)N[30*];[2*]c1c[nH]nc1[8*];[23*]CNCOCCC1([33*])CC1;[23*]CNCOCC[30*];[23*]CNCOC[29*];[23*]CNCO[28*];[24*]NCOCCC1([33*])CC1;[24*]NCOCC[30*];[24*]NCOC[29*];[24*]NCO[28*];[25*]COCCC1([33*])CC1;[25*]COCC[30*];[25*]COC[29*];[3*]NC(=O)NC1(CCOCN[24*])CC1;[3*]NC(=O)NC1(CCOC[25*])CC1;[3*]NC(=O)NC1(CCO[26*])CC1;[3*]NC(=O)NC1(CC[27*])CC1;[3*]NC(=O)NC1(C[28*])CC1;[3*]NC(=O)NC1([29*])CC1;[3*]NC(=O)N[30*];[3*]NC([33*])=O;[7*]c1nc2ccc(C[18*])cc2[nH]1;[7*]c1nc2ccc([17*])cc2[nH]1;[8*]c1n[nH]cc1NC(=O)NC1([29*])CC1;[8*]c1n[nH]cc1NC(=O)N[30*];[8*]c1n[nH]cc1NC([33*])=O
CAND_c9a78f3f99,50,1,49,False,[1*]NC1(CCCOCC[23*])CC1;[1*]NC1(CCCOC[24*])CC1;[1*]Nc1c[nH]nc1[8*];[13*]CN1CCOCC1CCOCC[29*];[13*]CN1CCOCC1CCOC[28*];[13*]CN1CCOCC1CCO[27*];[13*]CN1CCOCC1CC[26*];[13*]CN1CCOCC1C[25*];[13*]CN1CCOCC1[24*];[17*]N1CCOCC1CCOCCC[30*];[17*]N1CCOCC1CCOCC[29*];[17*]N1CCOCC1CCOC[28*];[17*]N1CCOCC1CCO[27*];[17*]N1CCOCC1CC[26*];[17*]N1CCOCC1C[25*];[17*]N1CCOCC1[24*];[2*]C(=O)NC1(CCCOCC[23*])CC1;[2*]C(=O)NC1(CCCOC[24*])CC1;[2*]C(=O)NC1(CCCO[25*])CC1;[2*]C(=O)NC1(CCC[26*])CC1;[2*]C(=O)NC1(CC[27*])CC1;[2*]C(=O)NC1(C[28*])CC1;[2*]C(=O)NC1([29*])CC1;[2*]C(=O)N[30*];[2*]c1c[nH]nc1[8*];[23*]CCOCCCC1([33*])CC1;[23*]CCOCCC[30*];[23*]CCOCC[29*];[23*]CCOC[28*];[23*]CCO[27*];[24*]COCCCC1([33*])CC1;[24*]COCCC[30*];[24*]COCC[29*];[24*]COC[28*];[25*]OCCCC1([33*])CC1;[25*]OCCC[30*];[25*]OCC[29*];[3*]NC(=O)NC1(CCCOC[24*])CC1;[3*]NC(=O)NC1(CCCO[25*])CC1;[3*]NC(=O)NC1(CCC[26*])CC1;[3*]NC(=O)NC1(CC[27*])CC1;[3*]NC(=O)NC1(C[28*])CC1;[3*]NC(=O)NC1([29*])CC1;[3*]NC(=O)N[30*];[3*]NC([33*])=O;[7*]c1nc2ccc(C[18*])cc2[nH]1;[7*]c1nc2ccc([17*])cc2[nH]1;[8*]c1n[nH]cc1NC(=O)NC1([29*])CC1;[8*]c1n[nH]cc1NC(=O)N[30*];[8*]c1n[nH]cc1NC([33*])=O,[23*]CCO[27*],[1*]NC1(CCCOCC[23*])CC1;[1*]NC1(CCCOC[24*])CC1;[1*]Nc1c[nH]nc1[8*];[13*]CN1CCOCC1CCOCC[29*];[13*]CN1CCOCC1CCOC[28*];[13*]CN1CCOCC1CCO[27*];[13*]CN1CCOCC1CC[26*];[13*]CN1CCOCC1C[25*];[13*]CN1CCOCC1[24*];[17*]N1CCOCC1CCOCCC[30*];[17*]N1CCOCC1CCOCC[29*];[17*]N1CCOCC1CCOC[28*];[17*]N1CCOCC1CCO[27*];[17*]N1CCOCC1CC[26*];[17*]N1CCOCC1C[25*];[17*]N1CCOCC1[24*];[2*]C(=O)NC1(CCCOCC[23*])CC1;[2*]C(=O)NC1(CCCOC[24*])CC1;[2*]C(=O)NC1(CCCO[25*])CC1;[2*]C(=O)NC1(CCC[26*])CC1;[2*]C(=O)NC1(CC[27*])CC1;[2*]C(=O)NC1(C[28*])CC1;[2*]C(=O)NC1([29*])CC1;[2*]C(=O)N[30*];[2*]c1c[nH]nc1[8*];[23*]CCOCCCC1([33*])CC1;[23*]CCOCCC[30*];[23*]CCOCC[29*];[23*]CCOC[28*];[24*]COCCCC1([33*])CC1;[24*]COCCC[30*];[24*]COCC[29*];[24*]COC[28*];[25*]OCCCC1([33*])CC1;[25*]OCCC[30*];[25*]OCC[29*];[3*]NC(=O)NC1(CCCOC[24*])CC1;[3*]NC(=O)NC1(CCCO[25*])CC1;[3*]NC(=O)NC1(CCC[26*])CC1;[3*]NC(=O)NC1(CC[27*])CC1;[3*]NC(=O)NC1(C[28*])CC1;[3*]NC(=O)NC1([29*])CC1;[3*]NC(=O)N[30*];[3*]NC([33*])=O;[7*]c1nc2ccc(C[18*])cc2[nH]1;[7*]c1nc2ccc([17*])cc2[nH]1;[8*]c1n[nH]cc1NC(=O)NC1([29*])CC1;[8*]c1n[nH]cc1NC(=O)N[30*];[8*]c1n[nH]cc1NC([33*])=O
CAND_0dab0539d2,50,9,41,False,[1*]NC1(CCCCCC[23*])CC1;[1*]NC1(CCCCC[24*])CC1;[1*]Nc1c[nH]nc1[8*];[13*]CN1CCOCC1CCCCC[29*];[13*]CN1CCOCC1CCCC[28*];[13*]CN1CCOCC1CCC[27*];[13*]CN1CCOCC1CC[26*];[13*]CN1CCOCC1C[25*];[13*]CN1CCOCC1[24*];[17*]N1CCOCC1CCCCCC[30*];[17*]N1CCOCC1CCCCC[29*];[17*]N1CCOCC1CCCC[28*];[17*]N1CCOCC1CCC[27*];[17*]N1CCOCC1CC[26*];[17*]N1CCOCC1C[25*];[17*]N1CCOCC1[24*];[2*]C(=O)NC1(CCCCCC[23*])CC1;[2*]C(=O)NC1(CCCCC[24*])CC1;[2*]C(=O)NC1(CCCC[25*])CC1;[2*]C(=O)NC1(CCC[26*])CC1;[2*]C(=O)NC1(CC[27*])CC1;[2*]C(=O)NC1(C[28*])CC1;[2*]C(=O)NC1([29*])CC1;[2*]C(=O)N[30*];[2*]c1c[nH]nc1[8*];[23*]CCCCCCC1([33*])CC1;[23*]CCCCCC[30*];[23*]CCCCC[29*];[23*]CCCC[28*];[23*]CCC[27*];[24*]CCCCCC1([33*])CC1;[24*]CCCCC[30*];[24*]CCCC[29*];[24*]CCC[28*];[25*]CCCCC1([33*])CC1;[25*]CCCC[30*];[25*]CCC[29*];[3*]NC(=O)NC1(CCCCC[24*])CC1;[3*]NC(=O)NC1(CCCC[25*])CC1;[3*]NC(=O)NC1(CCC[26*])CC1;[3*]NC(=O)NC1(CC[27*])CC1;[3*]NC(=O)NC1(C[28*])CC1;[3*]NC(=O)NC1([29*])CC1;[3*]NC(=O)N[30*];[3*]NC([33*])=O;[7*]c1nc2ccc(C[18*])cc2[nH]1;[7*]c1nc2ccc([17*])cc2[nH]1;[8*]c1n[nH]cc1NC(=O)NC1([29*])CC1;[8*]c1n[nH]cc1NC(=O)N[30*];[8*]c1n[nH]cc1NC([33*])=O,[23*]CCCCCC[30*];[23*]CCCCC[29*];[23*]CCCC[28*];[23*]CCC[27*];[24*]CCCCC[30*];[24*]CCCC[29*];[24*]CCC[28*];[25*]CCCC[30*];[25*]CCC[29*],[1*]NC1(CCCCCC[23*])CC1;[1*]NC1(CCCCC[24*])CC1;[1*]Nc1c[nH]nc1[8*];[13*]CN1CCOCC1CCCCC[29*];[13*]CN1CCOCC1CCCC[28*];[13*]CN1CCOCC1CCC[27*];[13*]CN1CCOCC1CC[26*];[13*]CN1CCOCC1C[25*];[13*]CN1CCOCC1[24*];[17*]N1CCOCC1CCCCCC[30*];[17*]N1CCOCC1CCCCC[29*];[17*]N1CCOCC1CCCC[28*];[17*]N1CCOCC1CCC[27*];[17*]N1CCOCC1CC[26*];[17*]N1CCOCC1C[25*];[17*]N1CCOCC1[24*];[2*]C(=O)NC1(CCCCCC[23*])CC1;[2*]C(=O)NC1(CCCCC[24*])CC1;[2*]C(=O)NC1(CCCC[25*])CC1;[2*]C(=O)NC1(CCC[26*])CC1;[2*]C(=O)NC1(CC[27*])CC1;[2*]C(=O)NC1(C[28*])CC1;[2*]C(=O)NC1([29*])CC1;[2*]C(=O)N[30*];[2*]c1c[nH]nc1[8*];[23*]CCCCCCC1([33*])CC1;[24*]CCCCCC1([33*])CC1;[25*]CCCCC1([33*])CC1;[3*]NC(=O)NC1(CCCCC[24*])CC1;[3*]NC(=O)NC1(CCCC[25*])CC1;[3*]NC(=O)NC1(CCC[26*])CC1;[3*]NC(=O)NC1(CC[27*])CC1;[3*]NC(=O)NC1(C[28*])CC1;[3*]NC(=O)NC1([29*])CC1;[3*]NC(=O)N[30*];[3*]NC([33*])=O;[7*]c1nc2ccc(C[18*])cc2[nH]1;[7*]c1nc2ccc([17*])cc2[nH]1;[8*]c1n[nH]cc1NC(=O)NC1([29*])CC1;[8*]c1n[nH]cc1NC(=O)N[30*];[8*]c1n[nH]cc1NC([33*])=O
CAND_35c4ee0b09,18,0,18,True,[12*]c1ccc([22*])nn1;[19*]N1CCS(=O)(=O)CC1CSC[33*];[19*]N1CCS(=O)(=O)CC1CS[32*];[19*]N1CCS(=O)(=O)CC1C[31*];[19*]N1CCS(=O)(=O)CC1[30*];[29*]CSCC1([36*])CC1;[29*]CSCC1([C@@H]([41*])C(F)(F)F)CC1;[29*]CSC[33*];[30*]SCC1([36*])CC1;[30*]SCC1([C@@H]([41*])C(F)(F)F)CC1;[31*]CC1([36*])CC1;[31*]CC1([C@@H]([41*])C(F)(F)F)CC1;[32*]C1([C@@H]([41*])C(F)(F)F)CC1;[6*]N[C@@H](C(F)(F)F)C1(CSC[29*])CC1;[6*]N[C@@H](C(F)(F)F)C1(CS[30*])CC1;[6*]N[C@@H](C(F)(F)F)C1(C[31*])CC1;[6*]N[C@@H](C(F)(F)F)C1([32*])CC1;[6*]N[C@H]([33*])C(F)(F)F,,[12*]c1ccc([22*])nn1;[19*]N1CCS(=O)(=O)CC1CSC[33*];[19*]N1CCS(=O)(=O)CC1CS[32*];[19*]N1CCS(=O)(=O)CC1C[31*];[19*]N1CCS(=O)(=O)CC1[30*];[29*]CSCC1([36*])CC1;[29*]CSCC1([C@@H]([41*])C(F)(F)F)CC1;[29*]CSC[33*];[30*]SCC1([36*])CC1;[30*]SCC1([C@@H]([41*])C(F)(F)F)CC1;[31*]CC1([36*])CC1;[31*]CC1([C@@H]([41*])C(F)(F)F)CC1;[32*]C1([C@@H]([41*])C(F)(F)F)CC1;[6*]N[C@@H](C(F)(F)F)C1(CSC[29*])CC1;[6*]N[C@@H](C(F)(F)F)C1(CS[30*])CC1;[6*]N[C@@H](C(F)(F)F)C1(C[31*])CC1;[6*]N[C@@H](C(F)(F)F)C1([32*])CC1;[6*]N[C@H]([33*])C(F)(F)F
CAND_d7d5e569e3,18,0,18,True,[12*]c1ccc([22*])nn1;[19*]N1CCS(=O)(=O)CC1COC[33*];[19*]N1CCS(=O)(=O)CC1CO[32*];[19*]N1CCS(=O)(=O)CC1C[31*];[19*]N1CCS(=O)(=O)CC1[30*];[29*]COCC1([36*])CC1;[29*]COCC1([C@@H]([41*])C(F)(F)F)CC1;[29*]COC[33*];[30*]OCC1([36*])CC1;[30*]OCC1([C@@H]([41*])C(F)(F)F)CC1;[31*]CC1([36*])CC1;[31*]CC1([C@@H]([41*])C(F)(F)F)CC1;[32*]C1([C@@H]([41*])C(F)(F)F)CC1;[6*]N[C@@H](C(F)(F)F)C1(COC[29*])CC1;[6*]N[C@@H](C(F)(F)F)C1(CO[30*])CC1;[6*]N[C@@H](C(F)(F)F)C1(C[31*])CC1;[6*]N[C@@H](C(F)(F)F)C1([32*])CC1;[6*]N[C@H]([33*])C(F)(F)F,,[12*]c1ccc([22*])nn1;[19*]N1CCS(=O)(=O)CC1COC[33*];[19*]N1CCS(=O)(=O)CC1CO[32*];[19*]N1CCS(=O)(=O)CC1C[31*];[19*]N1CCS(=O)(=O)CC1[30*];[29*]COCC1([36*])CC1;[29*]COCC1([C@@H]([41*])C(F)(F)F)CC1;[29*]COC[33*];[30*]OCC1([36*])CC1;[30*]OCC1([C@@H]([41*])C(F)(F)F)CC1;[31*]CC1([36*])CC1;[31*]CC1([C@@H]([41*])C(F)(F)F)CC1;[32*]C1([C@@H]([41*])C(F)(F)F)CC1;[6*]N[C@@H](C(F)(F)F)C1(COC[29*])CC1;[6*]N[C@@H](C(F)(F)F)C1(CO[30*])CC1;[6*]N[C@@H](C(F)(F)F)C1(C[31*])CC1;[6*]N[C@@H](C(F)(F)F)C1([32*])CC1;[6*]N[C@H]([33*])C(F)(F)F
CAND_637465f4e1,18,1,17,False,[12*]c1ccc([22*])nn1;[19*]N1CCS(=O)(=O)CC1CCC[33*];[19*]N1CCS(=O)(=O)CC1CC[32*];[19*]N1CCS(=O)(=O)CC1C[31*];[19*]N1CCS(=O)(=O)CC1[30*];[29*]CCCC1([36*])CC1;[29*]CCCC1([C@@H]([41*])C(F)(F)F)CC1;[29*]CCC[33*];[30*]CCC1([36*])CC1;[30*]CCC1([C@@H]([41*])C(F)(F)F)CC1;[31*]CC1([36*])CC1;[31*]CC1([C@@H]([41*])C(F)(F)F)CC1;[32*]C1([C@@H]([41*])C(F)(F)F)CC1;[6*]N[C@@H](C(F)(F)F)C1(CCC[29*])CC1;[6*]N[C@@H](C(F)(F)F)C1(CC[30*])CC1;[6*]N[C@@H](C(F)(F)F)C1(C[31*])CC1;[6*]N[C@@H](C(F)(F)F)C1([32*])CC1;[6*]N[C@H]([33*])C(F)(F)F,[29*]CCC[33*],[12*]c1ccc([22*])nn1;[19*]N1CCS(=O)(=O)CC1CCC[33*];[19*]N1CCS(=O)(=O)CC1CC[32*];[19*]N1CCS(=O)(=O)CC1C[31*];[19*]N1CCS(=O)(=O)CC1[30*];[29*]CCCC1([36*])CC1;[29*]CCCC1([C@@H]([41*])C(F)(F)F)CC1;[30*]CCC1([36*])CC1;[30*]CCC1([C@@H]([41*])C(F)(F)F)CC1;[31*]CC1([36*])CC1;[31*]CC1([C@@H]([41*])C(F)(F)F)CC1;[32*]C1([C@@H]([41*])C(F)(F)F)CC1;[6*]N[C@@H](C(F)(F)F)C1(CCC[29*])CC1;[6*]N[C@@H](C(F)(F)F)C1(CC[30*])CC1;[6*]N[C@@H](C(F)(F)F)C1(C[31*])CC1;[6*]N[C@@H](C(F)(F)F)C1([32*])CC1;[6*]N[C@H]([33*])C(F)(F)F
CAND_da006e9e54,18,0,18,True,[12*]c1ccc([22*])nn1;[19*]N1CCS(=O)(=O)CC1CNC[33*];[19*]N1CCS(=O)(=O)CC1CN[32*];[19*]N1CCS(=O)(=O)CC1C[31*];[19*]N1CCS(=O)(=O)CC1[30*];[29*]CNCC1([36*])CC1;[29*]CNCC1([C@@H]([41*])C(F)(F)F)CC1;[29*]CNC[33*];[30*]NCC1([36*])CC1;[30*]NCC1([C@@H]([41*])C(F)(F)F)CC1;[31*]CC1([36*])CC1;[31*]CC1([C@@H]([41*])C(F)(F)F)CC1;[32*]C1([C@@H]([41*])C(F)(F)F)CC1;[6*]N[C@@H](C(F)(F)F)C1(CNC[29*])CC1;[6*]N[C@@H](C(F)(F)F)C1(CN[30*])CC1;[6*]N[C@@H](C(F)(F)F)C1(C[31*])CC1;[6*]N[C@@H](C(F)(F)F)C1([32*])CC1;[6*]N[C@H]([33*])C(F)(F)F,,[12*]c1ccc([22*])nn1;[19*]N1CCS(=O)(=O)CC1CNC[33*];[19*]N1CCS(=O)(=O)CC1CN[32*];[19*]N1CCS(=O)(=O)CC1C[31*];[19*]N1CCS(=O)(=O)CC1[30*];[29*]CNCC1([36*])CC1;[29*]CNCC1([C@@H]([41*])C(F)(F)F)CC1;[29*]CNC[33*];[30*]NCC1([36*])CC1;[30*]NCC1([C@@H]([41*])C(F)(F)F)CC1;[31*]CC1([36*])CC1;[31*]CC1([C@@H]([41*])C(F)(F)F)CC1;[32*]C1([C@@H]([41*])C(F)(F)F)CC1;[6*]N[C@@H](C(F)(F)F)C1(CNC[29*])CC1;[6*]N[C@@H](C(F)(F)F)C1(CN[30*])CC1;[6*]N[C@@H](C(F)(F)F)C1(C[31*])CC1;[6*]N[C@@H](C(F)(F)F)C1([32*])CC1;[6*]N[C@H]([33*])C(F)(F)F
CAND_1ec7ae5d21,18,1,17,False,[12*]c1ccc([22*])nn1;[19*]N1CCS(=O)(=O)C(CCC[32*])C1;[19*]N1CCS(=O)(=O)C(CC[31*])C1;[19*]N1CCS(=O)(=O)C(C[30*])C1;[19*]N1CCS(=O)(=O)C([29*])C1;[28*]CCCC1([35*])CC1;[28*]CCCC1([C@@H]([40*])C(F)(F)F)CC1;[28*]CCC[32*];[29*]CCC1([35*])CC1;[29*]CCC1([C@@H]([40*])C(F)(F)F)CC1;[30*]CC1([35*])CC1;[30*]CC1([C@@H]([40*])C(F)(F)F)CC1;[31*]C1([C@@H]([40*])C(F)(F)F)CC1;[6*]N[C@@H](C(F)(F)F)C1(CCC[28*])CC1;[6*]N[C@@H](C(F)(F)F)C1(CC[29*])CC1;[6*]N[C@@H](C(F)(F)F)C1(C[30*])CC1;[6*]N[C@@H](C(F)(F)F)C1([31*])CC1;[6*]N[C@H]([32*])C(F)(F)F,[28*]CCC[32*],[12*]c1ccc([22*])nn1;[19*]N1CCS(=O)(=O)C(CCC[32*])C1;[19*]N1CCS(=O)(=O)C(CC[31*])C1;[19*]N1CCS(=O)(=O)C(C[30*])C1;[19*]N1CCS(=O)(=O)C([29*])C1;[28*]CCCC1([35*])CC1;[28*]CCCC1([C@@H]([40*])C(F)(F)F)CC1;[29*]CCC1([35*])CC1;[29*]CCC1([C@@H]([40*])C(F)(F)F)CC1;[30*]CC1([35*])CC1;[30*]CC1([C@@H]([40*])C(F)(F)F)CC1;[31*]C1([C@@H]([40*])C(F)(F)F)CC1;[6*]N[C@@H](C(F)(F)F)C1(CCC[28*])CC1;[6*]N[C@@H](C(F)(F)F)C1(CC[29*])CC1;[6*]N[C@@H](C(F)(F)F)C1(C[30*])CC1;[6*]N[C@@H](C(F)(F)F)C1([31*])CC1;[6*]N[C@H]([32*])C(F)(F)F
CAND_79995adf19,18,0,18,True,[12*]c1ccc([22*])nn1;[19*]N1CCS(=O)(=O)C(CSC[32*])C1;[19*]N1CCS(=O)(=O)C(CS[31*])C1;[19*]N1CCS(=O)(=O)C(C[30*])C1;[19*]N1CCS(=O)(=O)C([29*])C1;[28*]CSCC1([35*])CC1;[28*]CSCC1([C@@H]([40*])C(F)(F)F)CC1;[28*]CSC[32*];[29*]SCC1([35*])CC1;[29*]SCC1([C@@H]([40*])C(F)(F)F)CC1;[30*]CC1([35*])CC1;[30*]CC1([C@@H]([40*])C(F)(F)F)CC1;[31*]C1([C@@H]([40*])C(F)(F)F)CC1;[6*]N[C@@H](C(F)(F)F)C1(CSC[28*])CC1;[6*]N[C@@H](C(F)(F)F)C1(CS[29*])CC1;[6*]N[C@@H](C(F)(F)F)C1(C[30*])CC1;[6*]N[C@@H](C(F)(F)F)C1([31*])CC1;[6*]N[C@H]([32*])C(F)(F)F,,[12*]c1ccc([22*])nn1;[19*]N1CCS(=O)(=O)C(CSC[32*])C1;[19*]N1CCS(=O)(=O)C(CS[31*])C1;[19*]N1CCS(=O)(=O)C(C[30*])C1;[19*]N1CCS(=O)(=O)C([29*])C1;[28*]CSCC1([35*])CC1;[28*]CSCC1([C@@H]([40*])C(F)(F)F)CC1;[28*]CSC[32*];[29*]SCC1([35*])CC1;[29*]SCC1([C@@H]([40*])C(F)(F)F)CC1;[30*]CC1([35*])CC1;[30*]CC1([C@@H]([40*])C(F)(F)F)CC1;[31*]C1([C@@H]([40*])C(F)(F)F)CC1;[6*]N[C@@H](C(F)(F)F)C1(CSC[28*])CC1;[6*]N[C@@H](C(F)(F)F)C1(CS[29*])CC1;[6*]N[C@@H](C(F)(F)F)C1(C[30*])CC1;[6*]N[C@@H](C(F)(F)F)C1([31*])CC1;[6*]N[C@H]([32*])C(F)(F)F
CAND_893be87c2e,18,0,18,True,[12*]c1ccc([22*])nn1;[19*]N1CCS(=O)(=O)C(CNC[32*])C1;[19*]N1CCS(=O)(=O)C(CN[31*])C1;[19*]N1CCS(=O)(=O)C(C[30*])C1;[19*]N1CCS(=O)(=O)C([29*])C1;[28*]CNCC1([35*])CC1;[28*]CNCC1([C@@H]([40*])C(F)(F)F)CC1;[28*]CNC[32*];[29*]NCC1([35*])CC1;[29*]NCC1([C@@H]([40*])C(F)(F)F)CC1;[30*]CC1([35*])CC1;[30*]CC1([C@@H]([40*])C(F)(F)F)CC1;[31*]C1([C@@H]([40*])C(F)(F)F)CC1;[6*]N[C@@H](C(F)(F)F)C1(CNC[28*])CC1;[6*]N[C@@H](C(F)(F)F)C1(CN[29*])CC1;[6*]N[C@@H](C(F)(F)F)C1(C[30*])CC1;[6*]N[C@@H](C(F)(F)F)C1([31*])CC1;[6*]N[C@H]([32*])C(F)(F)F,,[12*]c1ccc([22*])nn1;[19*]N1CCS(=O)(=O)C(CNC[32*])C1;[19*]N1CCS(=O)(=O)C(CN[31*])C1;[19*]N1CCS(=O)(=O)C(C[30*])C1;[19*]N1CCS(=O)(=O)C([29*])C1;[28*]CNCC1([35*])CC1;[28*]CNCC1([C@@H]([40*])C(F)(F)F)CC1;[28*]CNC[32*];[29*]NCC1([35*])CC1;[29*]NCC1([C@@H]([40*])C(F)(F)F)CC1;[30*]CC1([35*])CC1;[30*]CC1([C@@H]([40*])C(F)(F)F)CC1;[31*]C1([C@@H]([40*])C(F)(F)F)CC1;[6*]N[C@@H](C(F)(F)F)C1(CNC[28*])CC1;[6*]N[C@@H](C(F)(F)F)C1(CN[29*])CC1;[6*]N[C@@H](C(F)(F)F)C1(C[30*])CC1;[6*]N[C@@H](C(F)(F)F)C1([31*])CC1;[6*]N[C@H]([32*])C(F)(F)F
CAND_2f2a0d40fd,18,0,18,True,[12*]c1ccc([22*])nn1;[19*]N1CCS(=O)(=O)C(COC[32*])C1;[19*]N1CCS(=O)(=O)C(CO[31*])C1;[19*]N1CCS(=O)(=O)C(C[30*])C1;[19*]N1CCS(=O)(=O)C([29*])C1;[28*]COCC1([35*])CC1;[28*]COCC1([C@@H]([40*])C(F)(F)F)CC1;[28*]COC[32*];[29*]OCC1([35*])CC1;[29*]OCC1([C@@H]([40*])C(F)(F)F)CC1;[30*]CC1([35*])CC1;[30*]CC1([C@@H]([40*])C(F)(F)F)CC1;[31*]C1([C@@H]([40*])C(F)(F)F)CC1;[6*]N[C@@H](C(F)(F)F)C1(COC[28*])CC1;[6*]N[C@@H](C(F)(F)F)C1(CO[29*])CC1;[6*]N[C@@H](C(F)(F)F)C1(C[30*])CC1;[6*]N[C@@H](C(F)(F)F)C1([31*])CC1;[6*]N[C@H]([32*])C(F)(F)F,,[12*]c1ccc([22*])nn1;[19*]N1CCS(=O)(=O)C(COC[32*])C1;[19*]N1CCS(=O)(=O)C(CO[31*])C1;[19*]N1CCS(=O)(=O)C(C[30*])C1;[19*]N1CCS(=O)(=O)C([29*])C1;[28*]COCC1([35*])CC1;[28*]COCC1([C@@H]([40*])C(F)(F)F)CC1;[28*]COC[32*];[29*]OCC1([35*])CC1;[29*]OCC1([C@@H]([40*])C(F)(F)F)CC1;[30*]CC1([35*])CC1;[30*]CC1([C@@H]([40*])C(F)(F)F)CC1;[31*]C1([C@@H]([40*])C(F)(F)F)CC1;[6*]N[C@@H](C(F)(F)F)C1(COC[28*])CC1;[6*]N[C@@H](C(F)(F)F)C1(CO[29*])CC1;[6*]N[C@@H](C(F)(F)F)C1(C[30*])CC1;[6*]N[C@@H](C(F)(F)F)C1([31*])CC1;[6*]N[C@H]([32*])C(F)(F)F
CAND_7f6895293f,19,1,18,False,[12*]c1ccc([22*])nn1;[19*]N1CCS(=O)(=O)CC1CCC[33*];[19*]N1CCS(=O)(=O)CC1CC[32*];[19*]N1CCS(=O)(=O)CC1C[31*];[19*]N1CCS(=O)(=O)CC1[30*];[29*]CCCC1CC1[36*];[29*]CCCC1CC1[C@@H]([41*])C(F)(F)F;[29*]CCC[33*];[30*]CCC1CC1[36*];[30*]CCC1CC1[C@@H]([41*])C(F)(F)F;[31*]CC1CC1[36*];[31*]CC1CC1[C@@H]([41*])C(F)(F)F;[32*]C1CC1[36*];[32*]C1CC1[C@@H]([41*])C(F)(F)F;[6*]N[C@H](C1CC1CCC[29*])C(F)(F)F;[6*]N[C@H](C1CC1CC[30*])C(F)(F)F;[6*]N[C@H](C1CC1C[31*])C(F)(F)F;[6*]N[C@H](C1CC1[32*])C(F)(F)F;[6*]N[C@H]([35*])C(F)(F)F,[29*]CCC[33*],[12*]c1ccc([22*])nn1;[19*]N1CCS(=O)(=O)CC1CCC[33*];[19*]N1CCS(=O)(=O)CC1CC[32*];[19*]N1CCS(=O)(=O)CC1C[31*];[19*]N1CCS(=O)(=O)CC1[30*];[29*]CCCC1CC1[36*];[29*]CCCC1CC1[C@@H]([41*])C(F)(F)F;[30*]CCC1CC1[36*];[30*]CCC1CC1[C@@H]([41*])C(F)(F)F;[31*]CC1CC1[36*];[31*]CC1CC1[C@@H]([41*])C(F)(F)F;[32*]C1CC1[36*];[32*]C1CC1[C@@H]([41*])C(F)(F)F;[6*]N[C@H](C1CC1CCC[29*])C(F)(F)F;[6*]N[C@H](C1CC1CC[30*])C(F)(F)F;[6*]N[C@H](C1CC1C[31*])C(F)(F)F;[6*]N[C@H](C1CC1[32*])C(F)(F)F;[6*]N[C@H]([35*])C(F)(F)F
CAND_8f245c542f,19,0,19,True,[12*]c1ccc([22*])nn1;[19*]N1CCS(=O)(=O)CC1CSC[33*];[19*]N1CCS(=O)(=O)CC1CS[32*];[19*]N1CCS(=O)(=O)CC1C[31*];[19*]N1CCS(=O)(=O)CC1[30*];[29*]CSCC1CC1[36*];[29*]CSCC1CC1[C@@H]([41*])C(F)(F)F;[29*]CSC[33*];[30*]SCC1CC1[36*];[30*]SCC1CC1[C@@H]([41*])C(F)(F)F;[31*]CC1CC1[36*];[31*]CC1CC1[C@@H]([41*])C(F)(F)F;[32*]C1CC1[36*];[32*]C1CC1[C@@H]([41*])C(F)(F)F;[6*]N[C@H](C1CC1CSC[29*])C(F)(F)F;[6*]N[C@H](C1CC1CS[30*])C(F)(F)F;[6*]N[C@H](C1CC1C[31*])C(F)(F)F;[6*]N[C@H](C1CC1[32*])C(F)(F)F;[6*]N[C@H]([35*])C(F)(F)F,,[12*]c1ccc([22*])nn1;[19*]N1CCS(=O)(=O)CC1CSC[33*];[19*]N1CCS(=O)(=O)CC1CS[32*];[19*]N1CCS(=O)(=O)CC1C[31*];[19*]N1CCS(=O)(=O)CC1[30*];[29*]CSCC1CC1[36*];[29*]CSCC1CC1[C@@H]([41*])C(F)(F)F;[29*]CSC[33*];[30*]SCC1CC1[36*];[30*]SCC1CC1[C@@H]([41*])C(F)(F)F;[31*]CC1CC1[36*];[31*]CC1CC1[C@@H]([41*])C(F)(F)F;[32*]C1CC1[36*];[32*]C1CC1[C@@H]([41*])C(F)(F)F;[6*]N[C@H](C1CC1CSC[29*])C(F)(F)F;[6*]N[C@H](C1CC1CS[30*])C(F)(F)F;[6*]N[C@H](C1CC1C[31*])C(F)(F)F;[6*]N[C@H](C1CC1[32*])C(F)(F)F;[6*]N[C@H]([35*])C(F)(F)F
CAND_f0bd1b6255,19,0,19,True,[12*]c1ccc([22*])nn1;[19*]N1CCS(=O)(=O)CC1COC[33*];[19*]N1CCS(=O)(=O)CC1CO[32*];[19*]N1CCS(=O)(=O)CC1C[31*];[19*]N1CCS(=O)(=O)CC1[30*];[29*]COCC1CC1[36*];[29*]COCC1CC1[C@@H]([41*])C(F)(F)F;[29*]COC[33*];[30*]OCC1CC1[36*];[30*]OCC1CC1[C@@H]([41*])C(F)(F)F;[31*]CC1CC1[36*];[31*]CC1CC1[C@@H]([41*])C(F)(F)F;[32*]C1CC1[36*];[32*]C1CC1[C@@H]([41*])C(F)(F)F;[6*]N[C@H](C1CC1COC[29*])C(F)(F)F;[6*]N[C@H](C1CC1CO[30*])C(F)(F)F;[6*]N[C@H](C1CC1C[31*])C(F)(F)F;[6*]N[C@H](C1CC1[32*])C(F)(F)F;[6*]N[C@H]([35*])C(F)(F)F,,[12*]c1ccc([22*])nn1;[19*]N1CCS(=O)(=O)CC1COC[33*];[19*]N1CCS(=O)(=O)CC1CO[32*];[19*]N1CCS(=O)(=O)CC1C[31*];[19*]N1CCS(=O)(=O)CC1[30*];[29*]COCC1CC1[36*];[29*]COCC1CC1[C@@H]([41*])C(F)(F)F;[29*]COC[33*];[30*]OCC1CC1[36*];[30*]OCC1CC1[C@@H]([41*])C(F)(F)F;[31*]CC1CC1[36*];[31*]CC1CC1[C@@H]([41*])C(F)(F)F;[32*]C1CC1[36*];[32*]C1CC1[C@@H]([41*])C(F)(F)F;[6*]N[C@H](C1CC1COC[29*])C(F)(F)F;[6*]N[C@H](C1CC1CO[30*])C(F)(F)F;[6*]N[C@H](C1CC1C[31*])C(F)(F)F;[6*]N[C@H](C1CC1[32*])C(F)(F)F;[6*]N[C@H]([35*])C(F)(F)F
CAND_5682a4f941,19,0,19,True,[12*]c1ccc([22*])nn1;[19*]N1CCS(=O)(=O)CC1CNC[33*];[19*]N1CCS(=O)(=O)CC1CN[32*];[19*]N1CCS(=O)(=O)CC1C[31*];[19*]N1CCS(=O)(=O)CC1[30*];[29*]CNCC1CC1[36*];[29*]CNCC1CC1[C@@H]([41*])C(F)(F)F;[29*]CNC[33*];[30*]NCC1CC1[36*];[30*]NCC1CC1[C@@H]([41*])C(F)(F)F;[31*]CC1CC1[36*];[31*]CC1CC1[C@@H]([41*])C(F)(F)F;[32*]C1CC1[36*];[32*]C1CC1[C@@H]([41*])C(F)(F)F;[6*]N[C@H](C1CC1CNC[29*])C(F)(F)F;[6*]N[C@H](C1CC1CN[30*])C(F)(F)F;[6*]N[C@H](C1CC1C[31*])C(F)(F)F;[6*]N[C@H](C1CC1[32*])C(F)(F)F;[6*]N[C@H]([35*])C(F)(F)F,,[12*]c1ccc([22*])nn1;[19*]N1CCS(=O)(=O)CC1CNC[33*];[19*]N1CCS(=O)(=O)CC1CN[32*];[19*]N1CCS(=O)(=O)CC1C[31*];[19*]N1CCS(=O)(=O)CC1[30*];[29*]CNCC1CC1[36*];[29*]CNCC1CC1[C@@H]([41*])C(F)(F)F;[29*]CNC[33*];[30*]NCC1CC1[36*];[30*]NCC1CC1[C@@H]([41*])C(F)(F)F;[31*]CC1CC1[36*];[31*]CC1CC1[C@@H]([41*])C(F)(F)F;[32*]C1CC1[36*];[32*]C1CC1[C@@H]([41*])C(F)(F)F;[6*]N[C@H](C1CC1CNC[29*])C(F)(F)F;[6*]N[C@H](C1CC1CN[30*])C(F)(F)F;[6*]N[C@H](C1CC1C[31*])C(F)(F)F;[6*]N[C@H](C1CC1[32*])C(F)(F)F;[6*]N[C@H]([35*])C(F)(F)F
CAND_454e8d3cd4,17,1,16,False,[18*]c1cc(F)c(C[30*])c(F)c1;[18*]c1cc(F)c([29*])c(F)c1;[25*]CN1CCOCC1CCC[39*];[25*]CN1CCOCC1CC[38*];[25*]CN1CCOCC1C[37*];[25*]CN1CCOCC1[36*];[29*]N1CCOCC1CCC[39*];[29*]N1CCOCC1CC[38*];[29*]N1CCOCC1C[37*];[29*]N1CCOCC1[36*];[35*]CCC[39*];[4*]c1ccc([11*])cc1;[5*]N1CCN(C)CC1CCC[35*];[5*]N1CCN(C)CC1CC[36*];[5*]N1CCN(C)CC1C[37*];[5*]N1CCN(C)CC1[38*];[8*]c1cnc2cccc([21*])c2n1,[35*]CCC[39*],[18*]c1cc(F)c(C[30*])c(F)c1;[18*]c1cc(F)c([29*])c(F)c1;[25*]CN1CCOCC1CCC[39*];[25*]CN1CCOCC1CC[38*];[25*]CN1CCOCC1C[37*];[25*]CN1CCOCC1[36*];[29*]N1CCOCC1CCC[39*];[29*]N1CCOCC1CC[38*];[29*]N1CCOCC1C[37*];[29*]N1CCOCC1[36*];[4*]c1ccc([11*])cc1;[5*]N1CCN(C)CC1CCC[35*];[5*]N1CCN(C)CC1CC[36*];[5*]N1CCN(C)CC1C[37*];[5*]N1CCN(C)CC1[38*];[8*]c1cnc2cccc([21*])c2n1
CAND_9c6324c16c,17,0,17,True,[18*]c1cc(F)c(C[30*])c(F)c1;[18*]c1cc(F)c([29*])c(F)c1;[25*]CN1CCOCC1COC[39*];[25*]CN1CCOCC1CO[38*];[25*]CN1CCOCC1C[37*];[25*]CN1CCOCC1[36*];[29*]N1CCOCC1COC[39*];[29*]N1CCOCC1CO[38*];[29*]N1CCOCC1C[37*];[29*]N1CCOCC1[36*];[35*]COC[39*];[4*]c1ccc([11*])cc1;[5*]N1CCN(C)CC1COC[35*];[5*]N1CCN(C)CC1CO[36*];[5*]N1CCN(C)CC1C[37*];[5*]N1CCN(C)CC1[38*];[8*]c1cnc2cccc([21*])c2n1,,[18*]c1cc(F)c(C[30*])c(F)c1;[18*]c1cc(F)c([29*])c(F)c1;[25*]CN1CCOCC1COC[39*];[25*]CN1CCOCC1CO[38*];[25*]CN1CCOCC1C[37*];[25*]CN1CCOCC1[36*];[29*]N1CCOCC1COC[39*];[29*]N1CCOCC1CO[38*];[29*]N1CCOCC1C[37*];[29*]N1CCOCC1[36*];[35*]COC[39*];[4*]c1ccc([11*])cc1;[5*]N1CCN(C)CC1COC[35*];[5*]N1CCN(C)CC1CO[36*];[5*]N1CCN(C)CC1C[37*];[5*]N1CCN(C)CC1[38*];[8*]c1cnc2cccc([21*])c2n1
CAND_dbfbb7d1cf,17,0,17,True,[18*]c1cc(F)c(C[30*])c(F)c1;[18*]c1cc(F)c([29*])c(F)c1;[25*]CN1CCOCC1CSC[39*];[25*]CN1CCOCC1CS[38*];[25*]CN1CCOCC1C[37*];[25*]CN1CCOCC1[36*];[29*]N1CCOCC1CSC[39*];[29*]N1CCOCC1CS[38*];[29*]N1CCOCC1C[37*];[29*]N1CCOCC1[36*];[35*]CSC[39*];[4*]c1ccc([11*])cc1;[5*]N1CCN(C)CC1CSC[35*];[5*]N1CCN(C)CC1CS[36*];[5*]N1CCN(C)CC1C[37*];[5*]N1CCN(C)CC1[38*];[8*]c1cnc2cccc([21*])c2n1,,[18*]c1cc(F)c(C[30*])c(F)c1;[18*]c1cc(F)c([29*])c(F)c1;[25*]CN1CCOCC1CSC[39*];[25*]CN1CCOCC1CS[38*];[25*]CN1CCOCC1C[37*];[25*]CN1CCOCC1[36*];[29*]N1CCOCC1CSC[39*];[29*]N1CCOCC1CS[38*];[29*]N1CCOCC1C[37*];[29*]N1CCOCC1[36*];[35*]CSC[39*];[4*]c1ccc([11*])cc1;[5*]N1CCN(C)CC1CSC[35*];[5*]N1CCN(C)CC1CS[36*];[5*]N1CCN(C)CC1C[37*];[5*]N1CCN(C)CC1[38*];[8*]c1cnc2cccc([21*])c2n1
CAND_a8aa3f8065,17,0,17,True,[18*]c1cc(F)c(C[30*])c(F)c1;[18*]c1cc(F)c([29*])c(F)c1;[25*]CN1CCOCC1CNC[39*];[25*]CN1CCOCC1CN[38*];[25*]CN1CCOCC1C[37*];[25*]CN1CCOCC1[36*];[29*]N1CCOCC1CNC[39*];[29*]N1CCOCC1CN[38*];[29*]N1CCOCC1C[37*];[29*]N1CCOCC1[36*];[35*]CNC[39*];[4*]c1ccc([11*])cc1;[5*]N1CCN(C)CC1CNC[35*];[5*]N1CCN(C)CC1CN[36*];[5*]N1CCN(C)CC1C[37*];[5*]N1CCN(C)CC1[38*];[8*]c1cnc2cccc([21*])c2n1,,[18*]c1cc(F)c(C[30*])c(F)c1;[18*]c1cc(F)c([29*])c(F)c1;[25*]CN1CCOCC1CNC[39*];[25*]CN1CCOCC1CN[38*];[25*]CN1CCOCC1C[37*];[25*]CN1CCOCC1[36*];[29*]N1CCOCC1CNC[39*];[29*]N1CCOCC1CN[38*];[29*]N1CCOCC1C[37*];[29*]N1CCOCC1[36*];[35*]CNC[39*];[4*]c1ccc([11*])cc1;[5*]N1CCN(C)CC1CNC[35*];[5*]N1CCN(C)CC1CN[36*];[5*]N1CCN(C)CC1C[37*];[5*]N1CCN(C)CC1[38*];[8*]c1cnc2cccc([21*])c2n1
CAND_396f994be3,17,1,16,False,[18*]c1cc(F)c(C[30*])c(F)c1;[18*]c1cc(F)c([29*])c(F)c1;[25*]CN1CCS(=O)(=O)CC1CCC[41*];[25*]CN1CCS(=O)(=O)CC1CC[40*];[25*]CN1CCS(=O)(=O)CC1C[39*];[25*]CN1CCS(=O)(=O)CC1[38*];[29*]N1CCS(=O)(=O)CC1CCC[41*];[29*]N1CCS(=O)(=O)CC1CC[40*];[29*]N1CCS(=O)(=O)CC1C[39*];[29*]N1CCS(=O)(=O)CC1[38*];[37*]CCC[41*];[4*]c1ccc([11*])cn1;[5*]N1CCN(C)CC1CCC[37*];[5*]N1CCN(C)CC1CC[38*];[5*]N1CCN(C)CC1C[39*];[5*]N1CCN(C)CC1[40*];[8*]c1cnc2cccc([21*])c2n1,[37*]CCC[41*],[18*]c1cc(F)c(C[30*])c(F)c1;[18*]c1cc(F)c([29*])c(F)c1;[25*]CN1CCS(=O)(=O)CC1CCC[41*];[25*]CN1CCS(=O)(=O)CC1CC[40*];[25*]CN1CCS(=O)(=O)CC1C[39*];[25*]CN1CCS(=O)(=O)CC1[38*];[29*]N1CCS(=O)(=O)CC1CCC[41*];[29*]N1CCS(=O)(=O)CC1CC[40*];[29*]N1CCS(=O)(=O)CC1C[39*];[29*]N1CCS(=O)(=O)CC1[38*];[4*]c1ccc([11*])cn1;[5*]N1CCN(C)CC1CCC[37*];[5*]N1CCN(C)CC1CC[38*];[5*]N1CCN(C)CC1C[39*];[5*]N1CCN(C)CC1[40*];[8*]c1cnc2cccc([21*])c2n1
CAND_3c64f44e76,17,0,17,True,[18*]c1cc(F)c(C[30*])c(F)c1;[18*]c1cc(F)c([29*])c(F)c1;[25*]CN1CCS(=O)(=O)CC1COC[41*];[25*]CN1CCS(=O)(=O)CC1CO[40*];[25*]CN1CCS(=O)(=O)CC1C[39*];[25*]CN1CCS(=O)(=O)CC1[38*];[29*]N1CCS(=O)(=O)CC1COC[41*];[29*]N1CCS(=O)(=O)CC1CO[40*];[29*]N1CCS(=O)(=O)CC1C[39*];[29*]N1CCS(=O)(=O)CC1[38*];[37*]COC[41*];[4*]c1ccc([11*])cn1;[5*]N1CCN(C)CC1COC[37*];[5*]N1CCN(C)CC1CO[38*];[5*]N1CCN(C)CC1C[39*];[5*]N1CCN(C)CC1[40*];[8*]c1cnc2cccc([21*])c2n1,,[18*]c1cc(F)c(C[30*])c(F)c1;[18*]c1cc(F)c([29*])c(F)c1;[25*]CN1CCS(=O)(=O)CC1COC[41*];[25*]CN1CCS(=O)(=O)CC1CO[40*];[25*]CN1CCS(=O)(=O)CC1C[39*];[25*]CN1CCS(=O)(=O)CC1[38*];[29*]N1CCS(=O)(=O)CC1COC[41*];[29*]N1CCS(=O)(=O)CC1CO[40*];[29*]N1CCS(=O)(=O)CC1C[39*];[29*]N1CCS(=O)(=O)CC1[38*];[37*]COC[41*];[4*]c1ccc([11*])cn1;[5*]N1CCN(C)CC1COC[37*];[5*]N1CCN(C)CC1CO[38*];[5*]N1CCN(C)CC1C[39*];[5*]N1CCN(C)CC1[40*];[8*]c1cnc2cccc([21*])c2n1
CAND_f134535edd,17,1,16,False,[18*]c1cc(F)c(C[30*])c(F)c1;[18*]c1cc(F)c([29*])c(F)c1;[25*]CN1CCS(=O)(=O)CC1CNC[41*];[25*]CN1CCS(=O)(=O)CC1CN[40*];[25*]CN1CCS(=O)(=O)CC1C[39*];[25*]CN1CCS(=O)(=O)CC1[38*];[29*]N1CCS(=O)(=O)CC1CNC[41*];[29*]N1CCS(=O)(=O)CC1CN[40*];[29*]N1CCS(=O)(=O)CC1C[39*];[29*]N1CCS(=O)(=O)CC1[38*];[37*]CNC[41*];[4*]c1ccc([11*])cn1;[5*]N1CCN(C)CC1CNC[37*];[5*]N1CCN(C)CC1CN[38*];[5*]N1CCN(C)CC1C[39*];[5*]N1CCN(C)CC1[40*];[8*]c1cnc2cccc([21*])c2n1,[37*]CNC[41*],[18*]c1cc(F)c(C[30*])c(F)c1;[18*]c1cc(F)c([29*])c(F)c1;[25*]CN1CCS(=O)(=O)CC1CNC[41*];[25*]CN1CCS(=O)(=O)CC1CN[40*];[25*]CN1CCS(=O)(=O)CC1C[39*];[25*]CN1CCS(=O)(=O)CC1[38*];[29*]N1CCS(=O)(=O)CC1CNC[41*];[29*]N1CCS(=O)(=O)CC1CN[40*];[29*]N1CCS(=O)(=O)CC1C[39*];[29*]N1CCS(=O)(=O)CC1[38*];[4*]c1ccc([11*])cn1;[5*]N1CCN(C)CC1CNC[37*];[5*]N1CCN(C)CC1CN[38*];[5*]N1CCN(C)CC1C[39*];[5*]N1CCN(C)CC1[40*];[8*]c1cnc2cccc([21*])c2n1
CAND_9b2dbc98ed,17,0,17,True,[18*]c1cc(F)c(C[30*])c(F)c1;[18*]c1cc(F)c([29*])c(F)c1;[25*]CN1CCS(=O)(=O)CC1CSC[41*];[25*]CN1CCS(=O)(=O)CC1CS[40*];[25*]CN1CCS(=O)(=O)CC1C[39*];[25*]CN1CCS(=O)(=O)CC1[38*];[29*]N1CCS(=O)(=O)CC1CSC[41*];[29*]N1CCS(=O)(=O)CC1CS[40*];[29*]N1CCS(=O)(=O)CC1C[39*];[29*]N1CCS(=O)(=O)CC1[38*];[37*]CSC[41*];[4*]c1ccc([11*])cn1;[5*]N1CCN(C)CC1CSC[37*];[5*]N1CCN(C)CC1CS[38*];[5*]N1CCN(C)CC1C[39*];[5*]N1CCN(C)CC1[40*];[8*]c1cnc2cccc([21*])c2n1,,[18*]c1cc(F)c(C[30*])c(F)c1;[18*]c1cc(F)c([29*])c(F)c1;[25*]CN1CCS(=O)(=O)CC1CSC[41*];[25*]CN1CCS(=O)(=O)CC1CS[40*];[25*]CN1CCS(=O)(=O)CC1C[39*];[25*]CN1CCS(=O)(=O)CC1[38*];[29*]N1CCS(=O)(=O)CC1CSC[41*];[29*]N1CCS(=O)(=O)CC1CS[40*];[29*]N1CCS(=O)(=O)CC1C[39*];[29*]N1CCS(=O)(=O)CC1[38*];[37*]CSC[41*];[4*]c1ccc([11*])cn1;[5*]N1CCN(C)CC1CSC[37*];[5*]N1CCN(C)CC1CS[38*];[5*]N1CCN(C)CC1C[39*];[5*]N1CCN(C)CC1[40*];[8*]c1cnc2cccc([21*])c2n1
CAND_e275a7e3ff,8,7,1,False,[11*]COC[16*];[17*]COC[21*];[6*]c1cccc(COC[16*])c1;[6*]c1cccc(CO[15*])c1;[6*]c1cccc(C[14*])c1;[6*]c1cccc([13*])c1;[7*]c1nc(N[23*])ncc1C;[7*]c1nc([38*])ncc1C,[11*]COC[16*];[17*]COC[21*];[6*]c1cccc(COC[16*])c1;[6*]c1cccc(CO[15*])c1;[6*]c1cccc(C[14*])c1;[6*]c1cccc([13*])c1;[7*]c1nc(N[23*])ncc1C,[7*]c1nc([38*])ncc1C
CAND_d905c29100,8,5,3,False,[11*]COC[16*];[17*]COC[34*];[6*]c1cccc(COC[16*])c1;[6*]c1cccc(CO[15*])c1;[6*]c1cccc(C[14*])c1;[6*]c1cccc([13*])c1;[7*]c1nc(N[32*])ncc1C;[7*]c1nc([38*])ncc1C,[11*]COC[16*];[6*]c1cccc(COC[16*])c1;[6*]c1cccc(CO[15*])c1;[6*]c1cccc(C[14*])c1;[6*]c1cccc([13*])c1,[17*]COC[34*];[7*]c1nc(N[32*])ncc1C;[7*]c1nc([38*])ncc1C
CAND_6e7e0ee6d7,8,5,3,False,[11*]COC[16*];[17*]COC[34*];[6*]c1cccc(COC[16*])c1;[6*]c1cccc(CO[15*])c1;[6*]c1cccc(C[14*])c1;[6*]c1cccc([13*])c1;[7*]c1nc(N[32*])ncc1C;[7*]c1nc([38*])ncc1C,[11*]COC[16*];[6*]c1cccc(COC[16*])c1;[6*]c1cccc(CO[15*])c1;[6*]c1cccc(C[14*])c1;[6*]c1cccc([13*])c1,[17*]COC[34*];[7*]c1nc(N[32*])ncc1C;[7*]c1nc([38*])ncc1C
CAND_ce765fd66c,8,7,1,False,[11*]COC[16*];[17*]COC[21*];[6*]c1cccc(COC[16*])c1;[6*]c1cccc(CO[15*])c1;[6*]c1cccc(C[14*])c1;[6*]c1cccc([13*])c1;[7*]c1nc(N[23*])ncc1C;[7*]c1nc([38*])ncc1C,[11*]COC[16*];[17*]COC[21*];[6*]c1cccc(COC[16*])c1;[6*]c1cccc(CO[15*])c1;[6*]c1cccc(C[14*])c1;[6*]c1cccc([13*])c1;[7*]c1nc(N[23*])ncc1C,[7*]c1nc([38*])ncc1C
CAND_a57d09f53c,8,7,1,False,[11*]COC[16*];[17*]COC[21*];[6*]c1cccc(COC[16*])c1;[6*]c1cccc(CO[15*])c1;[6*]c1cccc(C[14*])c1;[6*]c1cccc([13*])c1;[7*]c1nc(N[23*])ncc1C;[7*]c1nc([38*])ncc1C,[11*]COC[16*];[17*]COC[21*];[6*]c1cccc(COC[16*])c1;[6*]c1cccc(CO[15*])c1;[6*]c1cccc(C[14*])c1;[6*]c1cccc([13*])c1;[7*]c1nc(N[23*])ncc1C,[7*]c1nc([38*])ncc1C
CAND_28874e6ca5,8,7,1,False,[11*]COC[16*];[17*]COC[21*];[6*]c1cccc(COC[16*])c1;[6*]c1cccc(CO[15*])c1;[6*]c1cccc(C[14*])c1;[6*]c1cccc([13*])c1;[7*]c1nc(N[23*])ncc1C;[7*]c1nc([38*])ncc1C,[11*]COC[16*];[17*]COC[21*];[6*]c1cccc(COC[16*])c1;[6*]c1cccc(CO[15*])c1;[6*]c1cccc(C[14*])c1;[6*]c1cccc([13*])c1;[7*]c1nc(N[23*])ncc1C,[7*]c1nc([38*])ncc1C
CAND_3fc0103e7e,8,7,1,False,[11*]COC[16*];[17*]COC[21*];[6*]c1cccc(COC[16*])c1;[6*]c1cccc(CO[15*])c1;[6*]c1cccc(C[14*])c1;[6*]c1cccc([13*])c1;[7*]c1nc(N[23*])ncc1C;[7*]c1nc([38*])ncc1C,[11*]COC[16*];[17*]COC[21*];[6*]c1cccc(COC[16*])c1;[6*]c1cccc(CO[15*])c1;[6*]c1cccc(C[14*])c1;[6*]c1cccc([13*])c1;[7*]c1nc(N[23*])ncc1C,[7*]c1nc([38*])ncc1C
CAND_4b65fa0278,8,7,1,False,[11*]COC[16*];[17*]COC[21*];[6*]c1cccc(COC[16*])c1;[6*]c1cccc(CO[15*])c1;[6*]c1cccc(C[14*])c1;[6*]c1cccc([13*])c1;[7*]c1nc(N[23*])ncc1C;[7*]c1nc([38*])ncc1C,[11*]COC[16*];[17*]COC[21*];[6*]c1cccc(COC[16*])c1;[6*]c1cccc(CO[15*])c1;[6*]c1cccc(C[14*])c1;[6*]c1cccc([13*])c1;[7*]c1nc(N[23*])ncc1C,[7*]c1nc([38*])ncc1C
CAND_61168e1ccf,8,7,1,False,[11*]COC[16*];[17*]COC[21*];[6*]c1cccc(COC[16*])c1;[6*]c1cccc(CO[15*])c1;[6*]c1cccc(C[14*])c1;[6*]c1cccc([13*])c1;[7*]c1nc(N[23*])ncc1C;[7*]c1nc([38*])ncc1C,[11*]COC[16*];[17*]COC[21*];[6*]c1cccc(COC[16*])c1;[6*]c1cccc(CO[15*])c1;[6*]c1cccc(C[14*])c1;[6*]c1cccc([13*])c1;[7*]c1nc(N[23*])ncc1C,[7*]c1nc([38*])ncc1C
CAND_1f4eb01ec0,8,5,3,False,[11*]COC[16*];[17*]COC[33*];[6*]c1cccc(COC[16*])c1;[6*]c1cccc(CO[15*])c1;[6*]c1cccc(C[14*])c1;[6*]c1cccc([13*])c1;[7*]c1nc(N[31*])ncc1C;[7*]c1nc([37*])ncc1C,[11*]COC[16*];[6*]c1cccc(COC[16*])c1;[6*]c1cccc(CO[15*])c1;[6*]c1cccc(C[14*])c1;[6*]c1cccc([13*])c1,[17*]COC[33*];[7*]c1nc(N[31*])ncc1C;[7*]c1nc([37*])ncc1C
CAND_ee723190bd,8,5,3,False,[11*]COC[16*];[17*]COC[33*];[6*]c1cccc(COC[16*])c1;[6*]c1cccc(CO[15*])c1;[6*]c1cccc(C[14*])c1;[6*]c1cccc([13*])c1;[7*]c1nc(N[31*])ncc1C;[7*]c1nc([37*])ncc1C,[11*]COC[16*];[6*]c1cccc(COC[16*])c1;[6*]c1cccc(CO[15*])c1;[6*]c1cccc(C[14*])c1;[6*]c1cccc([13*])c1,[17*]COC[33*];[7*]c1nc(N[31*])ncc1C;[7*]c1nc([37*])ncc1C
CAND_5abda62ff8,8,7,1,False,[11*]COC[16*];[17*]COC[21*];[6*]c1cccc(COC[16*])c1;[6*]c1cccc(CO[15*])c1;[6*]c1cccc(C[14*])c1;[6*]c1cccc([13*])c1;[7*]c1nc(N[23*])ncc1C;[7*]c1nc([38*])ncc1C,[11*]COC[16*];[17*]COC[21*];[6*]c1cccc(COC[16*])c1;[6*]c1cccc(CO[15*])c1;[6*]c1cccc(C[14*])c1;[6*]c1cccc([13*])c1;[7*]c1nc(N[23*])ncc1C,[7*]c1nc([38*])ncc1C
CAND_5152217faa,18,1,17,False,[14*]CCCC1([24*])CCNCC1;[14*]CCC[18*];[15*]CCC1([24*])CCNCC1;[16*]CC1([24*])CCNCC1;[16*]CC1(n2cc([29*])cn2)CCNCC1;[17*]C1(n2cc([29*])cn2)CCNCC1;[18*]n1cc([29*])cn1;[3*]c1cccc2ncc([26*])nc12;[7*]CN1CCOCC1CCC[18*];[7*]CN1CCOCC1CC[17*];[7*]CN1CCOCC1C[16*];[7*]CN1CCOCC1[15*];[8*]N1CCOCC1CCC[18*];[8*]N1CCOCC1CC[17*];[8*]N1CCOCC1C[16*];[8*]N1CCOCC1[15*];[8*]c1c(F)cc([36*])cc1F;[9*]Cc1c(F)cc([36*])cc1F,[14*]CCC[18*],[14*]CCCC1([24*])CCNCC1;[15*]CCC1([24*])CCNCC1;[16*]CC1([24*])CCNCC1;[16*]CC1(n2cc([29*])cn2)CCNCC1;[17*]C1(n2cc([29*])cn2)CCNCC1;[18*]n1cc([29*])cn1;[3*]c1cccc2ncc([26*])nc12;[7*]CN1CCOCC1CCC[18*];[7*]CN1CCOCC1CC[17*];[7*]CN1CCOCC1C[16*];[7*]CN1CCOCC1[15*];[8*]N1CCOCC1CCC[18*];[8*]N1CCOCC1CC[17*];[8*]N1CCOCC1C[16*];[8*]N1CCOCC1[15*];[8*]c1c(F)cc([36*])cc1F;[9*]Cc1c(F)cc([36*])cc1F
CAND_c32c4f2b09,18,1,17,False,[14*]COCC1([24*])CCNCC1;[14*]COC[18*];[15*]OCC1([24*])CCNCC1;[16*]CC1([24*])CCNCC1;[16*]CC1(n2cc([29*])cn2)CCNCC1;[17*]C1(n2cc([29*])cn2)CCNCC1;[18*]n1cc([29*])cn1;[3*]c1cccc2ncc([26*])nc12;[7*]CN1CCOCC1COC[18*];[7*]CN1CCOCC1CO[17*];[7*]CN1CCOCC1C[16*];[7*]CN1CCOCC1[15*];[8*]N1CCOCC1COC[18*];[8*]N1CCOCC1CO[17*];[8*]N1CCOCC1C[16*];[8*]N1CCOCC1[15*];[8*]c1c(F)cc([36*])cc1F;[9*]Cc1c(F)cc([36*])cc1F,[14*]COC[18*],[14*]COCC1([24*])CCNCC1;[15*]OCC1([24*])CCNCC1;[16*]CC1([24*])CCNCC1;[16*]CC1(n2cc([29*])cn2)CCNCC1;[17*]C1(n2cc([29*])cn2)CCNCC1;[18*]n1cc([29*])cn1;[3*]c1cccc2ncc([26*])nc12;[7*]CN1CCOCC1COC[18*];[7*]CN1CCOCC1CO[17*];[7*]CN1CCOCC1C[16*];[7*]CN1CCOCC1[15*];[8*]N1CCOCC1COC[18*];[8*]N1CCOCC1CO[17*];[8*]N1CCOCC1C[16*];[8*]N1CCOCC1[15*];[8*]c1c(F)cc([36*])cc1F;[9*]Cc1c(F)cc([36*])cc1F
CAND_3b164e0480,18,0,18,True,[14*]CNCC1([24*])CCNCC1;[14*]CNC[18*];[15*]NCC1([24*])CCNCC1;[16*]CC1([24*])CCNCC1;[16*]CC1(n2cc([29*])cn2)CCNCC1;[17*]C1(n2cc([29*])cn2)CCNCC1;[18*]n1cc([29*])cn1;[3*]c1cccc2ncc([26*])nc12;[7*]CN1CCOCC1CNC[18*];[7*]CN1CCOCC1CN[17*];[7*]CN1CCOCC1C[16*];[7*]CN1CCOCC1[15*];[8*]N1CCOCC1CNC[18*];[8*]N1CCOCC1CN[17*];[8*]N1CCOCC1C[16*];[8*]N1CCOCC1[15*];[8*]c1c(F)cc([36*])cc1F;[9*]Cc1c(F)cc([36*])cc1F,,[14*]CNCC1([24*])CCNCC1;[14*]CNC[18*];[15*]NCC1([24*])CCNCC1;[16*]CC1([24*])CCNCC1;[16*]CC1(n2cc([29*])cn2)CCNCC1;[17*]C1(n2cc([29*])cn2)CCNCC1;[18*]n1cc([29*])cn1;[3*]c1cccc2ncc([26*])nc12;[7*]CN1CCOCC1CNC[18*];[7*]CN1CCOCC1CN[17*];[7*]CN1CCOCC1C[16*];[7*]CN1CCOCC1[15*];[8*]N1CCOCC1CNC[18*];[8*]N1CCOCC1CN[17*];[8*]N1CCOCC1C[16*];[8*]N1CCOCC1[15*];[8*]c1c(F)cc([36*])cc1F;[9*]Cc1c(F)cc([36*])cc1F
CAND_9f32e71b10,18,0,18,True,[14*]CSCC1([24*])CCNCC1;[14*]CSC[18*];[15*]SCC1([24*])CCNCC1;[16*]CC1([24*])CCNCC1;[16*]CC1(n2cc([29*])cn2)CCNCC1;[17*]C1(n2cc([29*])cn2)CCNCC1;[18*]n1cc([29*])cn1;[3*]c1cccc2ncc([26*])nc12;[7*]CN1CCOCC1CSC[18*];[7*]CN1CCOCC1CS[17*];[7*]CN1CCOCC1C[16*];[7*]CN1CCOCC1[15*];[8*]N1CCOCC1CSC[18*];[8*]N1CCOCC1CS[17*];[8*]N1CCOCC1C[16*];[8*]N1CCOCC1[15*];[8*]c1c(F)cc([36*])cc1F;[9*]Cc1c(F)cc([36*])cc1F,,[14*]CSCC1([24*])CCNCC1;[14*]CSC[18*];[15*]SCC1([24*])CCNCC1;[16*]CC1([24*])CCNCC1;[16*]CC1(n2cc([29*])cn2)CCNCC1;[17*]C1(n2cc([29*])cn2)CCNCC1;[18*]n1cc([29*])cn1;[3*]c1cccc2ncc([26*])nc12;[7*]CN1CCOCC1CSC[18*];[7*]CN1CCOCC1CS[17*];[7*]CN1CCOCC1C[16*];[7*]CN1CCOCC1[15*];[8*]N1CCOCC1CSC[18*];[8*]N1CCOCC1CS[17*];[8*]N1CCOCC1C[16*];[8*]N1CCOCC1[15*];[8*]c1c(F)cc([36*])cc1F;[9*]Cc1c(F)cc([36*])cc1F
CAND_c5284988bc,18,0,18,True,[13*]CSCC1([23*])CCNCC1;[13*]CSC[17*];[14*]SCC1([23*])CCNCC1;[15*]CC1([23*])CCNCC1;[15*]CC1(n2cc([28*])cn2)CCNCC1;[16*]C1(n2cc([28*])cn2)CCNCC1;[17*]n1cc([28*])cn1;[3*]c1cccc2ncc([25*])nc12;[7*]CN1CCOC(CSC[17*])C1;[7*]CN1CCOC(CS[16*])C1;[7*]CN1CCOC(C[15*])C1;[7*]CN1CCOC([14*])C1;[8*]N1CCOC(CSC[17*])C1;[8*]N1CCOC(CS[16*])C1;[8*]N1CCOC(C[15*])C1;[8*]N1CCOC([14*])C1;[8*]c1c(F)cc([35*])cc1F;[9*]Cc1c(F)cc([35*])cc1F,,[13*]CSCC1([23*])CCNCC1;[13*]CSC[17*];[14*]SCC1([23*])CCNCC1;[15*]CC1([23*])CCNCC1;[15*]CC1(n2cc([28*])cn2)CCNCC1;[16*]C1(n2cc([28*])cn2)CCNCC1;[17*]n1cc([28*])cn1;[3*]c1cccc2ncc([25*])nc12;[7*]CN1CCOC(CSC[17*])C1;[7*]CN1CCOC(CS[16*])C1;[7*]CN1CCOC(C[15*])C1;[7*]CN1CCOC([14*])C1;[8*]N1CCOC(CSC[17*])C1;[8*]N1CCOC(CS[16*])C1;[8*]N1CCOC(C[15*])C1;[8*]N1CCOC([14*])C1;[8*]c1c(F)cc([35*])cc1F;[9*]Cc1c(F)cc([35*])cc1F
CAND_d26b3db662,18,1,17,False,[13*]COCC1([23*])CCNCC1;[13*]COC[17*];[14*]OCC1([23*])CCNCC1;[15*]CC1([23*])CCNCC1;[15*]CC1(n2cc([28*])cn2)CCNCC1;[16*]C1(n2cc([28*])cn2)CCNCC1;[17*]n1cc([28*])cn1;[3*]c1cccc2ncc([25*])nc12;[7*]CN1CCOC(COC[17*])C1;[7*]CN1CCOC(CO[16*])C1;[7*]CN1CCOC(C[15*])C1;[7*]CN1CCOC([14*])C1;[8*]N1CCOC(COC[17*])C1;[8*]N1CCOC(CO[16*])C1;[8*]N1CCOC(C[15*])C1;[8*]N1CCOC([14*])C1;[8*]c1c(F)cc([35*])cc1F;[9*]Cc1c(F)cc([35*])cc1F,[13*]COC[17*],[13*]COCC1([23*])CCNCC1;[14*]OCC1([23*])CCNCC1;[15*]CC1([23*])CCNCC1;[15*]CC1(n2cc([28*])cn2)CCNCC1;[16*]C1(n2cc([28*])cn2)CCNCC1;[17*]n1cc([28*])cn1;[3*]c1cccc2ncc([25*])nc12;[7*]CN1CCOC(COC[17*])C1;[7*]CN1CCOC(CO[16*])C1;[7*]CN1CCOC(C[15*])C1;[7*]CN1CCOC([14*])C1;[8*]N1CCOC(COC[17*])C1;[8*]N1CCOC(CO[16*])C1;[8*]N1CCOC(C[15*])C1;[8*]N1CCOC([14*])C1;[8*]c1c(F)cc([35*])cc1F;[9*]Cc1c(F)cc([35*])cc1F
CAND_1675c88065,18,0,18,True,[13*]CNCC1([23*])CCNCC1;[13*]CNC[17*];[14*]NCC1([23*])CCNCC1;[15*]CC1([23*])CCNCC1;[15*]CC1(n2cc([28*])cn2)CCNCC1;[16*]C1(n2cc([28*])cn2)CCNCC1;[17*]n1cc([28*])cn1;[3*]c1cccc2ncc([25*])nc12;[7*]CN1CCOC(CNC[17*])C1;[7*]CN1CCOC(CN[16*])C1;[7*]CN1CCOC(C[15*])C1;[7*]CN1CCOC([14*])C1;[8*]N1CCOC(CNC[17*])C1;[8*]N1CCOC(CN[16*])C1;[8*]N1CCOC(C[15*])C1;[8*]N1CCOC([14*])C1;[8*]c1c(F)cc([35*])cc1F;[9*]Cc1c(F)cc([35*])cc1F,,[13*]CNCC1([23*])CCNCC1;[13*]CNC[17*];[14*]NCC1([23*])CCNCC1;[15*]CC1([23*])CCNCC1;[15*]CC1(n2cc([28*])cn2)CCNCC1;[16*]C1(n2cc([28*])cn2)CCNCC1;[17*]n1cc([28*])cn1;[3*]c1cccc2ncc([25*])nc12;[7*]CN1CCOC(CNC[17*])C1;[7*]CN1CCOC(CN[16*])C1;[7*]CN1CCOC(C[15*])C1;[7*]CN1CCOC([14*])C1;[8*]N1CCOC(CNC[17*])C1;[8*]N1CCOC(CN[16*])C1;[8*]N1CCOC(C[15*])C1;[8*]N1CCOC([14*])C1;[8*]c1c(F)cc([35*])cc1F;[9*]Cc1c(F)cc([35*])cc1F
CAND_13947fed1a,18,1,17,False,[13*]CCCC1([23*])CCNCC1;[13*]CCC[17*];[14*]CCC1([23*])CCNCC1;[15*]CC1([23*])CCNCC1;[15*]CC1(n2cc([28*])cn2)CCNCC1;[16*]C1(n2cc([28*])cn2)CCNCC1;[17*]n1cc([28*])cn1;[3*]c1cccc2ncc([25*])nc12;[7*]CN1CCOC(CCC[17*])C1;[7*]CN1CCOC(CC[16*])C1;[7*]CN1CCOC(C[15*])C1;[7*]CN1CCOC([14*])C1;[8*]N1CCOC(CCC[17*])C1;[8*]N1CCOC(CC[16*])C1;[8*]N1CCOC(C[15*])C1;[8*]N1CCOC([14*])C1;[8*]c1c(F)cc([35*])cc1F;[9*]Cc1c(F)cc([35*])cc1F,[13*]CCC[17*],[13*]CCCC1([23*])CCNCC1;[14*]CCC1([23*])CCNCC1;[15*]CC1([23*])CCNCC1;[15*]CC1(n2cc([28*])cn2)CCNCC1;[16*]C1(n2cc([28*])cn2)CCNCC1;[17*]n1cc([28*])cn1;[3*]c1cccc2ncc([25*])nc12;[7*]CN1CCOC(CCC[17*])C1;[7*]CN1CCOC(CC[16*])C1;[7*]CN1CCOC(C[15*])C1;[7*]CN1CCOC([14*])C1;[8*]N1CCOC(CCC[17*])C1;[8*]N1CCOC(CC[16*])C1;[8*]N1CCOC(C[15*])C1;[8*]N1CCOC([14*])C1;[8*]c1c(F)cc([35*])cc1F;[9*]Cc1c(F)cc([35*])cc1F
CAND_f01d409d4a,19,0,19,True,[14*]CSCC1CNCCC1[24*];[14*]CSC[18*];[15*]SCC1CNCCC1[24*];[16*]CC1CNCCC1[24*];[16*]CC1CNCCC1n1cc([29*])cn1;[17*]C1CNCCC1[24*];[17*]C1CNCCC1n1cc([29*])cn1;[23*]n1cc([29*])cn1;[3*]c1cccc2ncc([26*])nc12;[7*]CN1CCOCC1CSC[18*];[7*]CN1CCOCC1CS[17*];[7*]CN1CCOCC1C[16*];[7*]CN1CCOCC1[15*];[8*]N1CCOCC1CSC[18*];[8*]N1CCOCC1CS[17*];[8*]N1CCOCC1C[16*];[8*]N1CCOCC1[15*];[8*]c1c(F)cc([36*])cc1F;[9*]Cc1c(F)cc([36*])cc1F,,[14*]CSCC1CNCCC1[24*];[14*]CSC[18*];[15*]SCC1CNCCC1[24*];[16*]CC1CNCCC1[24*];[16*]CC1CNCCC1n1cc([29*])cn1;[17*]C1CNCCC1[24*];[17*]C1CNCCC1n1cc([29*])cn1;[23*]n1cc([29*])cn1;[3*]c1cccc2ncc([26*])nc12;[7*]CN1CCOCC1CSC[18*];[7*]CN1CCOCC1CS[17*];[7*]CN1CCOCC1C[16*];[7*]CN1CCOCC1[15*];[8*]N1CCOCC1CSC[18*];[8*]N1CCOCC1CS[17*];[8*]N1CCOCC1C[16*];[8*]N1CCOCC1[15*];[8*]c1c(F)cc([36*])cc1F;[9*]Cc1c(F)cc([36*])cc1F
CAND_d3037c6bbb,19,0,19,True,[14*]CNCC1CNCCC1[24*];[14*]CNC[18*];[15*]NCC1CNCCC1[24*];[16*]CC1CNCCC1[24*];[16*]CC1CNCCC1n1cc([29*])cn1;[17*]C1CNCCC1[24*];[17*]C1CNCCC1n1cc([29*])cn1;[23*]n1cc([29*])cn1;[3*]c1cccc2ncc([26*])nc12;[7*]CN1CCOCC1CNC[18*];[7*]CN1CCOCC1CN[17*];[7*]CN1CCOCC1C[16*];[7*]CN1CCOCC1[15*];[8*]N1CCOCC1CNC[18*];[8*]N1CCOCC1CN[17*];[8*]N1CCOCC1C[16*];[8*]N1CCOCC1[15*];[8*]c1c(F)cc([36*])cc1F;[9*]Cc1c(F)cc([36*])cc1F,,[14*]CNCC1CNCCC1[24*];[14*]CNC[18*];[15*]NCC1CNCCC1[24*];[16*]CC1CNCCC1[24*];[16*]CC1CNCCC1n1cc([29*])cn1;[17*]C1CNCCC1[24*];[17*]C1CNCCC1n1cc([29*])cn1;[23*]n1cc([29*])cn1;[3*]c1cccc2ncc([26*])nc12;[7*]CN1CCOCC1CNC[18*];[7*]CN1CCOCC1CN[17*];[7*]CN1CCOCC1C[16*];[7*]CN1CCOCC1[15*];[8*]N1CCOCC1CNC[18*];[8*]N1CCOCC1CN[17*];[8*]N1CCOCC1C[16*];[8*]N1CCOCC1[15*];[8*]c1c(F)cc([36*])cc1F;[9*]Cc1c(F)cc([36*])cc1F
CAND_598172bd63,19,1,18,False,[14*]CCCC1CNCCC1[24*];[14*]CCC[18*];[15*]CCC1CNCCC1[24*];[16*]CC1CNCCC1[24*];[16*]CC1CNCCC1n1cc([29*])cn1;[17*]C1CNCCC1[24*];[17*]C1CNCCC1n1cc([29*])cn1;[23*]n1cc([29*])cn1;[3*]c1cccc2ncc([26*])nc12;[7*]CN1CCOCC1CCC[18*];[7*]CN1CCOCC1CC[17*];[7*]CN1CCOCC1C[16*];[7*]CN1CCOCC1[15*];[8*]N1CCOCC1CCC[18*];[8*]N1CCOCC1CC[17*];[8*]N1CCOCC1C[16*];[8*]N1CCOCC1[15*];[8*]c1c(F)cc([36*])cc1F;[9*]Cc1c(F)cc([36*])cc1F,[14*]CCC[18*],[14*]CCCC1CNCCC1[24*];[15*]CCC1CNCCC1[24*];[16*]CC1CNCCC1[24*];[16*]CC1CNCCC1n1cc([29*])cn1;[17*]C1CNCCC1[24*];[17*]C1CNCCC1n1cc([29*])cn1;[23*]n1cc([29*])cn1;[3*]c1cccc2ncc([26*])nc12;[7*]CN1CCOCC1CCC[18*];[7*]CN1CCOCC1CC[17*];[7*]CN1CCOCC1C[16*];[7*]CN1CCOCC1[15*];[8*]N1CCOCC1CCC[18*];[8*]N1CCOCC1CC[17*];[8*]N1CCOCC1C[16*];[8*]N1CCOCC1[15*];[8*]c1c(F)cc([36*])cc1F;[9*]Cc1c(F)cc([36*])cc1F
CAND_5580e1eed5,19,1,18,False,[14*]COCC1CNCCC1[24*];[14*]COC[18*];[15*]OCC1CNCCC1[24*];[16*]CC1CNCCC1[24*];[16*]CC1CNCCC1n1cc([29*])cn1;[17*]C1CNCCC1[24*];[17*]C1CNCCC1n1cc([29*])cn1;[23*]n1cc([29*])cn1;[3*]c1cccc2ncc([26*])nc12;[7*]CN1CCOCC1COC[18*];[7*]CN1CCOCC1CO[17*];[7*]CN1CCOCC1C[16*];[7*]CN1CCOCC1[15*];[8*]N1CCOCC1COC[18*];[8*]N1CCOCC1CO[17*];[8*]N1CCOCC1C[16*];[8*]N1CCOCC1[15*];[8*]c1c(F)cc([36*])cc1F;[9*]Cc1c(F)cc([36*])cc1F,[14*]COC[18*],[14*]COCC1CNCCC1[24*];[15*]OCC1CNCCC1[24*];[16*]CC1CNCCC1[24*];[16*]CC1CNCCC1n1cc([29*])cn1;[17*]C1CNCCC1[24*];[17*]C1CNCCC1n1cc([29*])cn1;[23*]n1cc([29*])cn1;[3*]c1cccc2ncc([26*])nc12;[7*]CN1CCOCC1COC[18*];[7*]CN1CCOCC1CO[17*];[7*]CN1CCOCC1C[16*];[7*]CN1CCOCC1[15*];[8*]N1CCOCC1COC[18*];[8*]N1CCOCC1CO[17*];[8*]N1CCOCC1C[16*];[8*]N1CCOCC1[15*];[8*]c1c(F)cc([36*])cc1F;[9*]Cc1c(F)cc([36*])cc1F
CAND_11be2ba7cd,11,0,11,True,*COC[32*];*COCc1ccc([27*])s1;[1*]COC[18*];[16*]Nc1nccc(-c2ccc([34*])s2)n1;[16*]Nc1nccc([29*])n1;[22*]c1nccc(-c2ccc(C[35*])s2)n1;[22*]c1nccc(-c2ccc([34*])s2)n1;[22*]c1nccc([29*])n1;[27*]c1ccc(CO[36*])s1;[27*]c1ccc(C[35*])s1;[27*]c1ccc([34*])s1,,*COC[32*];*COCc1ccc([27*])s1;[1*]COC[18*];[16*]Nc1nccc(-c2ccc([34*])s2)n1;[16*]Nc1nccc([29*])n1;[22*]c1nccc(-c2ccc(C[35*])s2)n1;[22*]c1nccc(-c2ccc([34*])s2)n1;[22*]c1nccc([29*])n1;[27*]c1ccc(CO[36*])s1;[27*]c1ccc(C[35*])s1;[27*]c1ccc([34*])s1
CAND_ed05fcd36e,11,1,10,False,*COC[32*];*COCc1ccc([27*])s1;[1*]COC[5*];[22*]c1nccc(-c2ccc(C[35*])s2)n1;[22*]c1nccc(-c2ccc([34*])s2)n1;[22*]c1nccc([29*])n1;[27*]c1ccc(CO[36*])s1;[27*]c1ccc(C[35*])s1;[27*]c1ccc([34*])s1;[7*]Nc1nccc(-c2ccc([34*])s2)n1;[7*]Nc1nccc([29*])n1,[1*]COC[5*],*COC[32*];*COCc1ccc([27*])s1;[22*]c1nccc(-c2ccc(C[35*])s2)n1;[22*]c1nccc(-c2ccc([34*])s2)n1;[22*]c1nccc([29*])n1;[27*]c1ccc(CO[36*])s1;[27*]c1ccc(C[35*])s1;[27*]c1ccc([34*])s1;[7*]Nc1nccc(-c2ccc([34*])s2)n1;[7*]Nc1nccc([29*])n1
CAND_206c165320,11,0,11,True,*COC[32*];*COCc1ccc([27*])s1;[1*]COC[18*];[16*]Nc1nccc(-c2ccc([34*])s2)n1;[16*]Nc1nccc([29*])n1;[22*]c1nccc(-c2ccc(C[35*])s2)n1;[22*]c1nccc(-c2ccc([34*])s2)n1;[22*]c1nccc([29*])n1;[27*]c1ccc(CO[36*])s1;[27*]c1ccc(C[35*])s1;[27*]c1ccc([34*])s1,,*COC[32*];*COCc1ccc([27*])s1;[1*]COC[18*];[16*]Nc1nccc(-c2ccc([34*])s2)n1;[16*]Nc1nccc([29*])n1;[22*]c1nccc(-c2ccc(C[35*])s2)n1;[22*]c1nccc(-c2ccc([34*])s2)n1;[22*]c1nccc([29*])n1;[27*]c1ccc(CO[36*])s1;[27*]c1ccc(C[35*])s1;[27*]c1ccc([34*])s1
CAND_72609efe2c,11,1,10,False,*COC[32*];*COCc1ccc([27*])s1;[1*]COC[5*];[22*]c1nccc(-c2ccc(C[35*])s2)n1;[22*]c1nccc(-c2ccc([34*])s2)n1;[22*]c1nccc([29*])n1;[27*]c1ccc(CO[36*])s1;[27*]c1ccc(C[35*])s1;[27*]c1ccc([34*])s1;[7*]Nc1nccc(-c2ccc([34*])s2)n1;[7*]Nc1nccc([29*])n1,[1*]COC[5*],*COC[32*];*COCc1ccc([27*])s1;[22*]c1nccc(-c2ccc(C[35*])s2)n1;[22*]c1nccc(-c2ccc([34*])s2)n1;[22*]c1nccc([29*])n1;[27*]c1ccc(CO[36*])s1;[27*]c1ccc(C[35*])s1;[27*]c1ccc([34*])s1;[7*]Nc1nccc(-c2ccc([34*])s2)n1;[7*]Nc1nccc([29*])n1
CAND_a8632b2da2,11,4,7,False,*COC[21*];[1*]COC[5*];[1*]COCc1ccc([10*])s1;[2*]OCc1ccc([10*])s1;[3*]Cc1ccc(-c2ccnc([16*])n2)s1;[3*]Cc1ccc([10*])s1;[4*]c1ccc(-c2ccnc(N[17*])n2)s1;[4*]c1ccc(-c2ccnc([16*])n2)s1;[4*]c1ccc([10*])s1;[8*]c1ccnc(N[17*])n1;[8*]c1ccnc([16*])n1,*COC[21*];[1*]COC[5*];[8*]c1ccnc(N[17*])n1;[8*]c1ccnc([16*])n1,[1*]COCc1ccc([10*])s1;[2*]OCc1ccc([10*])s1;[3*]Cc1ccc(-c2ccnc([16*])n2)s1;[3*]Cc1ccc([10*])s1;[4*]c1ccc(-c2ccnc(N[17*])n2)s1;[4*]c1ccc(-c2ccnc([16*])n2)s1;[4*]c1ccc([10*])s1
CAND_ec7238a2dd,11,4,7,False,*COC[21*];[1*]COC[5*];[1*]COCc1ccc([10*])s1;[2*]OCc1ccc([10*])s1;[3*]Cc1ccc(-c2ccnc([16*])n2)s1;[3*]Cc1ccc([10*])s1;[4*]c1ccc(-c2ccnc(N[17*])n2)s1;[4*]c1ccc(-c2ccnc([16*])n2)s1;[4*]c1ccc([10*])s1;[8*]c1ccnc(N[17*])n1;[8*]c1ccnc([16*])n1,*COC[21*];[1*]COC[5*];[8*]c1ccnc(N[17*])n1;[8*]c1ccnc([16*])n1,[1*]COCc1ccc([10*])s1;[2*]OCc1ccc([10*])s1;[3*]Cc1ccc(-c2ccnc([16*])n2)s1;[3*]Cc1ccc([10*])s1;[4*]c1ccc(-c2ccnc(N[17*])n2)s1;[4*]c1ccc(-c2ccnc([16*])n2)s1;[4*]c1ccc([10*])s1
CAND_67bc1f8ccd,11,0,11,True,*COC[18*];[1*]COC[32*];[1*]COCc1ccc([27*])s1;[16*]Nc1nccc(-c2ccc([34*])s2)n1;[16*]Nc1nccc([29*])n1;[22*]c1nccc(-c2ccc(C[35*])s2)n1;[22*]c1nccc(-c2ccc([34*])s2)n1;[22*]c1nccc([29*])n1;[27*]c1ccc(CO[36*])s1;[27*]c1ccc(C[35*])s1;[27*]c1ccc([34*])s1,,*COC[18*];[1*]COC[32*];[1*]COCc1ccc([27*])s1;[16*]Nc1nccc(-c2ccc([34*])s2)n1;[16*]Nc1nccc([29*])n1;[22*]c1nccc(-c2ccc(C[35*])s2)n1;[22*]c1nccc(-c2ccc([34*])s2)n1;[22*]c1nccc([29*])n1;[27*]c1ccc(CO[36*])s1;[27*]c1ccc(C[35*])s1;[27*]c1ccc([34*])s1
CAND_5c64fa89d0,11,0,11,True,*COC[18*];[1*]COC[32*];[1*]COCc1ccc([27*])s1;[16*]Nc1nccc(-c2ccc([34*])s2)n1;[16*]Nc1nccc([29*])n1;[22*]c1nccc(-c2ccc(C[35*])s2)n1;[22*]c1nccc(-c2ccc([34*])s2)n1;[22*]c1nccc([29*])n1;[27*]c1ccc(CO[36*])s1;[27*]c1ccc(C[35*])s1;[27*]c1ccc([34*])s1,,*COC[18*];[1*]COC[32*];[1*]COCc1ccc([27*])s1;[16*]Nc1nccc(-c2ccc([34*])s2)n1;[16*]Nc1nccc([29*])n1;[22*]c1nccc(-c2ccc(C[35*])s2)n1;[22*]c1nccc(-c2ccc([34*])s2)n1;[22*]c1nccc([29*])n1;[27*]c1ccc(CO[36*])s1;[27*]c1ccc(C[35*])s1;[27*]c1ccc([34*])s1
CAND_581788b33e,11,1,10,False,*COC[31*];*COCc1ccc([26*])s1;[1*]COC[17*];[15*]Nc1nccc(-c2ccc([33*])s2)n1;[15*]Nc1nccc([28*])n1;[21*]c1nccc(-c2ccc(C[34*])s2)n1;[21*]c1nccc(-c2ccc([33*])s2)n1;[21*]c1nccc([28*])n1;[26*]c1ccc(CO[35*])s1;[26*]c1ccc(C[34*])s1;[26*]c1ccc([33*])s1,*COC[31*],*COCc1ccc([26*])s1;[1*]COC[17*];[15*]Nc1nccc(-c2ccc([33*])s2)n1;[15*]Nc1nccc([28*])n1;[21*]c1nccc(-c2ccc(C[34*])s2)n1;[21*]c1nccc(-c2ccc([33*])s2)n1;[21*]c1nccc([28*])n1;[26*]c1ccc(CO[35*])s1;[26*]c1ccc(C[34*])s1;[26*]c1ccc([33*])s1
CAND_d32750a6b3,11,1,10,False,*COC[32*];*COCc1ccc([27*])s1;[1*]COC[5*];[22*]c1nccc(-c2ccc(C[35*])s2)n1;[22*]c1nccc(-c2ccc([34*])s2)n1;[22*]c1nccc([29*])n1;[27*]c1ccc(CO[36*])s1;[27*]c1ccc(C[35*])s1;[27*]c1ccc([34*])s1;[7*]Nc1nccc(-c2ccc([34*])s2)n1;[7*]Nc1nccc([29*])n1,[1*]COC[5*],*COC[32*];*COCc1ccc([27*])s1;[22*]c1nccc(-c2ccc(C[35*])s2)n1;[22*]c1nccc(-c2ccc([34*])s2)n1;[22*]c1nccc([29*])n1;[27*]c1ccc(CO[36*])s1;[27*]c1ccc(C[35*])s1;[27*]c1ccc([34*])s1;[7*]Nc1nccc(-c2ccc([34*])s2)n1;[7*]Nc1nccc([29*])n1
CAND_69ce89568d,11,1,10,False,*COC[32*];*COCc1ccc([27*])s1;[1*]COC[5*];[22*]c1nccc(-c2ccc(C[35*])s2)n1;[22*]c1nccc(-c2ccc([34*])s2)n1;[22*]c1nccc([29*])n1;[27*]c1ccc(CO[36*])s1;[27*]c1ccc(C[35*])s1;[27*]c1ccc([34*])s1;[7*]Nc1nccc(-c2ccc([34*])s2)n1;[7*]Nc1nccc([29*])n1,[1*]COC[5*],*COC[32*];*COCc1ccc([27*])s1;[22*]c1nccc(-c2ccc(C[35*])s2)n1;[22*]c1nccc(-c2ccc([34*])s2)n1;[22*]c1nccc([29*])n1;[27*]c1ccc(CO[36*])s1;[27*]c1ccc(C[35*])s1;[27*]c1ccc([34*])s1;[7*]Nc1nccc(-c2ccc([34*])s2)n1;[7*]Nc1nccc([29*])n1
CAND_2aa8e00931,11,1,10,False,*COC[31*];*COCc1ccc([26*])s1;[1*]COC[17*];[15*]Nc1nccc(-c2ccc([33*])s2)n1;[15*]Nc1nccc([28*])n1;[21*]c1nccc(-c2ccc(C[34*])s2)n1;[21*]c1nccc(-c2ccc([33*])s2)n1;[21*]c1nccc([28*])n1;[26*]c1ccc(CO[35*])s1;[26*]c1ccc(C[34*])s1;[26*]c1ccc([33*])s1,*COC[31*],*COCc1ccc([26*])s1;[1*]COC[17*];[15*]Nc1nccc(-c2ccc([33*])s2)n1;[15*]Nc1nccc([28*])n1;[21*]c1nccc(-c2ccc(C[34*])s2)n1;[21*]c1nccc(-c2ccc([33*])s2)n1;[21*]c1nccc([28*])n1;[26*]c1ccc(CO[35*])s1;[26*]c1ccc(C[34*])s1;[26*]c1ccc([33*])s1
