"artifact_id","stage","path","artifact_type","owner","created_at","status","notes"
"art_ddfd3d4be7","M0_registry","C:\Users\srira\Desktop\new_plan\EMD_V5_2_Hybrid\00_project_registry\requirements_v5_2_hybrid_colab.txt","requirements","Student 1","2026-05-08T16:59:51Z","created","Colab requirements copied into registry"
"art_9d6081f1e5","M0_registry","C:\Users\srira\Desktop\new_plan\EMD_V5_2_Hybrid\00_project_registry\environment_versions.txt","environment_report","Student 1","2026-05-08T17:00:02Z","created",""
"art_e78e7d96c2","M1_data_collection","C:\Users\srira\Desktop\new_plan\EMD_V5_2_Hybrid\01_raw_data\chembl\jak2_activities_raw.csv","raw_chembl_csv","Student 2","2026-05-08T17:01:27Z","created",""
"art_cc8ee804fc","M1_data_collection","C:\Users\srira\Desktop\new_plan\EMD_V5_2_Hybrid\02_curated_data\jak2_curated_ligands.csv","curated_ligand_csv","Student 2","2026-05-08T17:01:27Z","created",""
"art_67ea8aa705","M1_data_collection","C:\Users\srira\Desktop\new_plan\EMD_V5_2_Hybrid\01_raw_data\pdb\5AEP.pdb","receptor_pdb","Student 5","2026-05-08T17:01:27Z","created",""
"art_2c804f6de4","M2_features","C:\Users\srira\Desktop\new_plan\EMD_V5_2_Hybrid\03_features\ligand_features.csv","ligand_feature_csv","Student 4","2026-05-08T17:01:39Z","created",""
"art_bdeb32d510","M2_features","C:\Users\srira\Desktop\new_plan\EMD_V5_2_Hybrid\03_features\ligand_graphs\se3_graphs.pt","se3_graph_tensor","Student 3","2026-05-08T17:01:39Z","created",""
"art_363e8eb430","M2_features","C:\Users\srira\Desktop\new_plan\EMD_V5_2_Hybrid\03_features\splits\train_ids.txt","train_split_ids","Student 3","2026-05-08T17:01:39Z","created",""
"art_14bcc1868d","M2_features","C:\Users\srira\Desktop\new_plan\EMD_V5_2_Hybrid\03_features\splits\val_ids.txt","val_split_ids","Student 3","2026-05-08T17:01:39Z","created",""
"art_5a4f1aac02","M2_features","C:\Users\srira\Desktop\new_plan\EMD_V5_2_Hybrid\03_features\splits\test_ids.txt","test_split_ids","Student 3","2026-05-08T17:01:39Z","created",""
"art_d0291c2f31","M3_se3_debug","C:\Users\srira\Desktop\new_plan\EMD_V5_2_Hybrid\04_models_checkpoints\se3_flow\se3_latest_checkpoint.pt","se3_checkpoint","Student 3","2026-05-08T17:01:49Z","created",""
"art_dd485af0ff","M3_se3_debug","C:\Users\srira\Desktop\new_plan\EMD_V5_2_Hybrid\04_models_checkpoints\se3_flow\se3_dataloader_test_passed.json","se3_debug_result","Student 3","2026-05-08T17:01:49Z","created",""
"art_ba8e68b544","M4_generation","C:\Users\srira\Desktop\new_plan\EMD_V5_2_Hybrid\05_generated_candidates\selfies\generated_selfies_filtered.csv","selfies_candidates","Student 4","2026-05-08T17:09:03Z","created",""
"art_039c4360c6","M4_generation","C:\Users\srira\Desktop\new_plan\EMD_V5_2_Hybrid\05_generated_candidates\rdkit\generated_rdkit_filtered.csv","rdkit_candidates","Student 4","2026-05-08T17:09:03Z","created",""
"art_ffc14c4cab","M4_generation","C:\Users\srira\Desktop\new_plan\EMD_V5_2_Hybrid\05_generated_candidates\merged\generated_merged_filtered.csv","merged_candidate_csv","Student 1","2026-05-08T17:09:03Z","created",""
"art_e8a664f280","M4_generation","C:\Users\srira\Desktop\new_plan\EMD_V5_2_Hybrid\05_generated_candidates\merged\generation_comparison_metrics.csv","generation_metrics","Student 1","2026-05-08T17:09:03Z","created",""
"art_cff792eb56","M6_admet_synthesis","C:\Users\srira\Desktop\new_plan\EMD_V5_2_Hybrid\07_admet_synthesis\admet_scores.csv","admet_scores","Student 5","2026-05-08T17:09:08Z","created",""
"art_b33f7a6ff4","M6_admet_synthesis","C:\Users\srira\Desktop\new_plan\EMD_V5_2_Hybrid\07_admet_synthesis\filter_flags.csv","filter_flags","Student 5","2026-05-08T17:09:08Z","created",""
"art_3463834a4f","M6_admet_synthesis","C:\Users\srira\Desktop\new_plan\EMD_V5_2_Hybrid\07_admet_synthesis\safety_proxy_notes.csv","safety_proxy_notes","Student 5","2026-05-08T17:09:08Z","created",""
"art_b5fc4e3a8f","M7_ranking","C:\Users\srira\Desktop\new_plan\EMD_V5_2_Hybrid\08_final_ranking\final_ranked_candidates.csv","final_ranked_candidates","Student 1","2026-05-08T17:09:14Z","created",""
"art_a5d6c6b0cd","M0_validation","C:\Users\srira\Desktop\new_plan\EMD_V5_2_Hybrid\00_project_registry\validation_report.json","validation_report","Student 1","2026-05-08T17:09:24Z","created",""
"art_0392644bfa","M4_generation","C:\Users\srira\Desktop\new_plan\EMD_V5_2_Hybrid\05_generated_candidates\selfies\generated_selfies_filtered.csv","selfies_candidates","Student 4","2026-05-08T17:10:17Z","created",""
"art_977216f835","M4_generation","C:\Users\srira\Desktop\new_plan\EMD_V5_2_Hybrid\05_generated_candidates\rdkit\generated_rdkit_filtered.csv","rdkit_candidates","Student 4","2026-05-08T17:10:17Z","created",""
"art_42c5e88c3e","M4_generation","C:\Users\srira\Desktop\new_plan\EMD_V5_2_Hybrid\05_generated_candidates\merged\generated_merged_filtered.csv","merged_candidate_csv","Student 1","2026-05-08T17:10:17Z","created",""
"art_5e2186401a","M4_generation","C:\Users\srira\Desktop\new_plan\EMD_V5_2_Hybrid\05_generated_candidates\merged\generation_comparison_metrics.csv","generation_metrics","Student 1","2026-05-08T17:10:17Z","created",""
"art_9624e9e580","M3_se3_debug","C:\Users\srira\Desktop\new_plan\EMD_V5_2_Hybrid\04_models_checkpoints\se3_flow\se3_latest_checkpoint.pt","se3_checkpoint","Student 3","2026-05-08T17:10:20Z","created",""
"art_30a44f2036","M3_se3_debug","C:\Users\srira\Desktop\new_plan\EMD_V5_2_Hybrid\04_models_checkpoints\se3_flow\se3_dataloader_test_passed.json","se3_debug_result","Student 3","2026-05-08T17:10:20Z","created",""
"art_67fa6cc717","M6_admet_synthesis","C:\Users\srira\Desktop\new_plan\EMD_V5_2_Hybrid\07_admet_synthesis\admet_scores.csv","admet_scores","Student 5","2026-05-08T17:10:28Z","created",""
"art_f41fc41b02","M6_admet_synthesis","C:\Users\srira\Desktop\new_plan\EMD_V5_2_Hybrid\07_admet_synthesis\filter_flags.csv","filter_flags","Student 5","2026-05-08T17:10:28Z","created",""
"art_8cb553abbb","M6_admet_synthesis","C:\Users\srira\Desktop\new_plan\EMD_V5_2_Hybrid\07_admet_synthesis\safety_proxy_notes.csv","safety_proxy_notes","Student 5","2026-05-08T17:10:28Z","created",""
"art_69fe7bc3d7","M0_validation","C:\Users\srira\Desktop\new_plan\EMD_V5_2_Hybrid\00_project_registry\validation_report.json","validation_report","Student 1","2026-05-08T17:10:34Z","created",""
"art_f9fb204817","M7_ranking","C:\Users\srira\Desktop\new_plan\EMD_V5_2_Hybrid\08_final_ranking\final_ranked_candidates.csv","final_ranked_candidates","Student 1","2026-05-08T17:10:34Z","created",""
"art_b35e51deda","M0_validation","C:\Users\srira\Desktop\new_plan\EMD_V5_2_Hybrid\00_project_registry\validation_report.json","validation_report","Student 1","2026-05-08T17:10:42Z","created",""
"art_2084a8283d","M0_registry","C:\Users\srira\Desktop\new_plan\EMD_V5_2_Hybrid\00_project_registry\requirements_v5_2_hybrid_colab.txt","requirements","Student 1","2026-05-08T17:10:57Z","created","Colab requirements copied into registry"
"art_c0b0433ecf","M4_generation","C:\Users\srira\Desktop\new_plan\EMD_V5_2_Hybrid\05_generated_candidates\selfies\generated_selfies_filtered.csv","selfies_candidates","Student 4","2026-05-08T17:10:59Z","created",""
"art_9ce554cde7","M4_generation","C:\Users\srira\Desktop\new_plan\EMD_V5_2_Hybrid\05_generated_candidates\rdkit\generated_rdkit_filtered.csv","rdkit_candidates","Student 4","2026-05-08T17:10:59Z","created",""
"art_84e8b409fe","M4_generation","C:\Users\srira\Desktop\new_plan\EMD_V5_2_Hybrid\05_generated_candidates\merged\generated_merged_filtered.csv","merged_candidate_csv","Student 1","2026-05-08T17:10:59Z","created",""
"art_b760814069","M4_generation","C:\Users\srira\Desktop\new_plan\EMD_V5_2_Hybrid\05_generated_candidates\merged\generation_comparison_metrics.csv","generation_metrics","Student 1","2026-05-08T17:10:59Z","created",""
"art_771e906bb2","M0_registry","C:\Users\srira\Desktop\new_plan\EMD_V5_2_Hybrid\00_project_registry\environment_versions.txt","environment_report","Student 1","2026-05-08T17:11:00Z","created",""
"art_832159b006","M6_admet_synthesis","C:\Users\srira\Desktop\new_plan\EMD_V5_2_Hybrid\07_admet_synthesis\admet_scores.csv","admet_scores","Student 5","2026-05-08T17:11:08Z","created",""
"art_dad50e5412","M6_admet_synthesis","C:\Users\srira\Desktop\new_plan\EMD_V5_2_Hybrid\07_admet_synthesis\filter_flags.csv","filter_flags","Student 5","2026-05-08T17:11:08Z","created",""
"art_5a4abd8b51","M6_admet_synthesis","C:\Users\srira\Desktop\new_plan\EMD_V5_2_Hybrid\07_admet_synthesis\safety_proxy_notes.csv","safety_proxy_notes","Student 5","2026-05-08T17:11:08Z","created",""
"art_59a7889598","M7_ranking","C:\Users\srira\Desktop\new_plan\EMD_V5_2_Hybrid\08_final_ranking\final_ranked_candidates.csv","final_ranked_candidates","Student 1","2026-05-08T17:11:15Z","created",""
"art_ec0f891c12","M0_validation","C:\Users\srira\Desktop\new_plan\EMD_V5_2_Hybrid\00_project_registry\validation_report.json","validation_report","Student 1","2026-05-08T17:11:25Z","created",""
"art_02197cf1c4","M0_registry","C:\Users\srira\Desktop\new_plan\EMD_V5_2_Hybrid\00_project_registry\requirements_v5_2_hybrid_colab.txt","requirements","Student 1","2026-05-08T17:13:38Z","created","Colab requirements copied into registry"
"art_709a03d409","M0_registry","C:\Users\srira\Desktop\new_plan\EMD_V5_2_Hybrid\00_project_registry\environment_versions.txt","environment_report","Student 1","2026-05-08T17:13:42Z","created",""
"art_9ffce187fc","M4_generation","C:\Users\srira\Desktop\new_plan\EMD_V5_2_Hybrid\05_generated_candidates\selfies\generated_selfies_filtered.csv","selfies_candidates","Student 4","2026-05-08T17:13:49Z","created",""
"art_fa4a2ea332","M4_generation","C:\Users\srira\Desktop\new_plan\EMD_V5_2_Hybrid\05_generated_candidates\rdkit\generated_rdkit_filtered.csv","rdkit_candidates","Student 4","2026-05-08T17:13:49Z","created",""
"art_65f05c7060","M4_generation","C:\Users\srira\Desktop\new_plan\EMD_V5_2_Hybrid\05_generated_candidates\merged\generated_merged_filtered.csv","merged_candidate_csv","Student 1","2026-05-08T17:13:49Z","created",""
"art_64fea16997","M4_generation","C:\Users\srira\Desktop\new_plan\EMD_V5_2_Hybrid\05_generated_candidates\merged\generation_comparison_metrics.csv","generation_metrics","Student 1","2026-05-08T17:13:49Z","created",""
"art_b86e6121b6","M6_admet_synthesis","C:\Users\srira\Desktop\new_plan\EMD_V5_2_Hybrid\07_admet_synthesis\admet_scores.csv","admet_scores","Student 5","2026-05-08T17:13:55Z","created",""
"art_eff4976174","M6_admet_synthesis","C:\Users\srira\Desktop\new_plan\EMD_V5_2_Hybrid\07_admet_synthesis\filter_flags.csv","filter_flags","Student 5","2026-05-08T17:13:55Z","created",""
"art_62b0cd6fdf","M6_admet_synthesis","C:\Users\srira\Desktop\new_plan\EMD_V5_2_Hybrid\07_admet_synthesis\safety_proxy_notes.csv","safety_proxy_notes","Student 5","2026-05-08T17:13:55Z","created",""
"art_6460271b53","M7_ranking","C:\Users\srira\Desktop\new_plan\EMD_V5_2_Hybrid\08_final_ranking\final_ranked_candidates.csv","final_ranked_candidates","Student 1","2026-05-08T17:14:12Z","created",""
"art_57bec6bfaf","M5_docking_prep","C:\Users\srira\Desktop\new_plan\EMD_V5_2_Hybrid\06_docking\receptor\docking_grid_5AEP_QUP.json","docking_grid_json","Student 5","2026-05-08T17:14:23Z","created",""
"art_ce27e5ad8c","M5_docking_prep","C:\Users\srira\Desktop\new_plan\EMD_V5_2_Hybrid\06_docking\ligands_sdf\candidates_for_docking.sdf","candidate_ligands_sdf","Student 5","2026-05-08T17:14:23Z","created",""
"art_9273ada3f8","M5_docking_prep","C:\Users\srira\Desktop\new_plan\EMD_V5_2_Hybrid\06_docking\ligands_sdf\docking_input_manifest.csv","docking_input_manifest","Student 5","2026-05-08T17:14:23Z","created",""
"art_607c7bde7a","M0_validation","C:\Users\srira\Desktop\new_plan\EMD_V5_2_Hybrid\00_project_registry\validation_report.json","validation_report","Student 1","2026-05-08T17:14:33Z","created",""
"art_ca67f9c31b","M5_docking_prep","C:\Users\srira\Desktop\new_plan\EMD_V5_2_Hybrid\06_docking\receptor\docking_grid_5AEP_QUP.json","docking_grid_json","Student 5","2026-05-08T17:15:33Z","created",""
"art_5c8315e48a","M5_docking_prep","C:\Users\srira\Desktop\new_plan\EMD_V5_2_Hybrid\06_docking\ligands_sdf\candidates_for_docking.sdf","candidate_ligands_sdf","Student 5","2026-05-08T17:15:33Z","created",""
"art_51eb989c64","M5_docking_prep","C:\Users\srira\Desktop\new_plan\EMD_V5_2_Hybrid\06_docking\ligands_sdf\docking_input_manifest.csv","docking_input_manifest","Student 5","2026-05-08T17:15:33Z","created",""
"art_85770a6158","M0_validation","C:\Users\srira\Desktop\new_plan\EMD_V5_2_Hybrid\00_project_registry\validation_report.json","validation_report","Student 1","2026-05-08T17:15:45Z","created",""
"art_e0aae1d19a","M8_reporting","C:\Users\srira\Desktop\new_plan\EMD_V5_2_Hybrid\09_reports\candidate_cards\CAND_ceabe36c95_card.md","candidate_card_markdown","Student 1","2026-05-08T17:16:51Z","created",""
"art_fc3887b89e","M8_reporting","C:\Users\srira\Desktop\new_plan\EMD_V5_2_Hybrid\09_reports\candidate_cards\CAND_96be308c0e_card.md","candidate_card_markdown","Student 1","2026-05-08T17:16:51Z","created",""
"art_364d320a46","M8_reporting","C:\Users\srira\Desktop\new_plan\EMD_V5_2_Hybrid\09_reports\candidate_cards\CAND_7133c10dcc_card.md","candidate_card_markdown","Student 1","2026-05-08T17:16:51Z","created",""
"art_a7589d6264","M8_reporting","C:\Users\srira\Desktop\new_plan\EMD_V5_2_Hybrid\09_reports\candidate_cards\CAND_28bc1b55dc_card.md","candidate_card_markdown","Student 1","2026-05-08T17:16:51Z","created",""
"art_e72b19fec0","M8_reporting","C:\Users\srira\Desktop\new_plan\EMD_V5_2_Hybrid\09_reports\candidate_cards\CAND_a45d1004c1_card.md","candidate_card_markdown","Student 1","2026-05-08T17:16:51Z","created",""
"art_699e39846e","M8_reporting","C:\Users\srira\Desktop\new_plan\EMD_V5_2_Hybrid\09_reports\candidate_cards\CAND_6f650267d5_card.md","candidate_card_markdown","Student 1","2026-05-08T17:16:51Z","created",""
"art_f773828c2e","M8_reporting","C:\Users\srira\Desktop\new_plan\EMD_V5_2_Hybrid\09_reports\candidate_cards\CAND_a1d0d3342d_card.md","candidate_card_markdown","Student 1","2026-05-08T17:16:51Z","created",""
"art_ce5f2a3bd4","M8_reporting","C:\Users\srira\Desktop\new_plan\EMD_V5_2_Hybrid\09_reports\candidate_cards\CAND_d05ea3ceb3_card.md","candidate_card_markdown","Student 1","2026-05-08T17:16:51Z","created",""
"art_f91249c76f","M8_reporting","C:\Users\srira\Desktop\new_plan\EMD_V5_2_Hybrid\09_reports\candidate_cards\CAND_a64dd9ac52_card.md","candidate_card_markdown","Student 1","2026-05-08T17:16:51Z","created",""
"art_b006667ff0","M8_reporting","C:\Users\srira\Desktop\new_plan\EMD_V5_2_Hybrid\09_reports\candidate_cards\CAND_578a281bfa_card.md","candidate_card_markdown","Student 1","2026-05-08T17:16:51Z","created",""
"art_daa25f8f25","M8_reporting","C:\Users\srira\Desktop\new_plan\EMD_V5_2_Hybrid\09_reports\limitations.md","limitations_section","Student 1","2026-05-08T17:16:51Z","created",""
"art_dbd4054c2e","M0_validation","C:\Users\srira\Desktop\new_plan\EMD_V5_2_Hybrid\00_project_registry\validation_report.json","validation_report","Student 1","2026-05-08T17:16:58Z","created",""
"art_6c0bb9b6a3","M8_reporting","C:\Users\srira\Desktop\new_plan\EMD_V5_2_Hybrid\09_reports\candidate_cards\CAND_ceabe36c95_card.md","candidate_card_markdown","Student 1","2026-05-08T17:17:19Z","created",""
"art_7ecbb9ff20","M8_reporting","C:\Users\srira\Desktop\new_plan\EMD_V5_2_Hybrid\09_reports\candidate_cards\CAND_96be308c0e_card.md","candidate_card_markdown","Student 1","2026-05-08T17:17:19Z","created",""
"art_4d905ddd9f","M8_reporting","C:\Users\srira\Desktop\new_plan\EMD_V5_2_Hybrid\09_reports\candidate_cards\CAND_7133c10dcc_card.md","candidate_card_markdown","Student 1","2026-05-08T17:17:19Z","created",""
"art_21850e7fe2","M8_reporting","C:\Users\srira\Desktop\new_plan\EMD_V5_2_Hybrid\09_reports\candidate_cards\CAND_28bc1b55dc_card.md","candidate_card_markdown","Student 1","2026-05-08T17:17:19Z","created",""
"art_429935245f","M8_reporting","C:\Users\srira\Desktop\new_plan\EMD_V5_2_Hybrid\09_reports\candidate_cards\CAND_a45d1004c1_card.md","candidate_card_markdown","Student 1","2026-05-08T17:17:19Z","created",""
"art_c2a1b96e32","M8_reporting","C:\Users\srira\Desktop\new_plan\EMD_V5_2_Hybrid\09_reports\candidate_cards\CAND_6f650267d5_card.md","candidate_card_markdown","Student 1","2026-05-08T17:17:19Z","created",""
"art_a48d504422","M8_reporting","C:\Users\srira\Desktop\new_plan\EMD_V5_2_Hybrid\09_reports\candidate_cards\CAND_a1d0d3342d_card.md","candidate_card_markdown","Student 1","2026-05-08T17:17:19Z","created",""
"art_288c8b53d9","M8_reporting","C:\Users\srira\Desktop\new_plan\EMD_V5_2_Hybrid\09_reports\candidate_cards\CAND_d05ea3ceb3_card.md","candidate_card_markdown","Student 1","2026-05-08T17:17:19Z","created",""
"art_0787b36878","M8_reporting","C:\Users\srira\Desktop\new_plan\EMD_V5_2_Hybrid\09_reports\candidate_cards\CAND_a64dd9ac52_card.md","candidate_card_markdown","Student 1","2026-05-08T17:17:19Z","created",""
"art_15d00497ad","M8_reporting","C:\Users\srira\Desktop\new_plan\EMD_V5_2_Hybrid\09_reports\candidate_cards\CAND_578a281bfa_card.md","candidate_card_markdown","Student 1","2026-05-08T17:17:19Z","created",""
"art_8ebff01c54","M8_reporting","C:\Users\srira\Desktop\new_plan\EMD_V5_2_Hybrid\09_reports\limitations.md","limitations_section","Student 1","2026-05-08T17:17:19Z","created",""
"art_78a248c14b","M1_data_collection","C:\Users\srira\Desktop\new_plan\EMD_V5_2_Hybrid\01_raw_data\chembl\jak2_activities_raw.csv","raw_chembl_csv","Student 2","2026-05-08T17:18:06Z","created",""
"art_22941c2f6e","M1_data_collection","C:\Users\srira\Desktop\new_plan\EMD_V5_2_Hybrid\02_curated_data\jak2_curated_ligands.csv","curated_ligand_csv","Student 2","2026-05-08T17:18:06Z","created",""
"art_6ce3c1e171","M1_data_collection","C:\Users\srira\Desktop\new_plan\EMD_V5_2_Hybrid\01_raw_data\pdb\5AEP.pdb","receptor_pdb","Student 5","2026-05-08T17:18:06Z","created",""
"art_8be7ce783a","M2_features","C:\Users\srira\Desktop\new_plan\EMD_V5_2_Hybrid\03_features\ligand_features.csv","ligand_feature_csv","Student 4","2026-05-08T17:18:43Z","created",""
"art_b8d3b9b8c5","M2_features","C:\Users\srira\Desktop\new_plan\EMD_V5_2_Hybrid\03_features\ligand_graphs\se3_graphs.pt","se3_graph_tensor","Student 3","2026-05-08T17:18:43Z","created",""
"art_aef19c7a53","M2_features","C:\Users\srira\Desktop\new_plan\EMD_V5_2_Hybrid\03_features\splits\train_ids.txt","train_split_ids","Student 3","2026-05-08T17:18:43Z","created",""
"art_2a580386a8","M2_features","C:\Users\srira\Desktop\new_plan\EMD_V5_2_Hybrid\03_features\splits\val_ids.txt","val_split_ids","Student 3","2026-05-08T17:18:43Z","created",""
"art_ab56f1108b","M2_features","C:\Users\srira\Desktop\new_plan\EMD_V5_2_Hybrid\03_features\splits\test_ids.txt","test_split_ids","Student 3","2026-05-08T17:18:43Z","created",""
"art_11276658f2","M3_se3_debug","C:\Users\srira\Desktop\new_plan\EMD_V5_2_Hybrid\04_models_checkpoints\se3_flow\se3_latest_checkpoint.pt","se3_checkpoint","Student 3","2026-05-08T17:18:53Z","created",""
"art_31a24bd35e","M3_se3_debug","C:\Users\srira\Desktop\new_plan\EMD_V5_2_Hybrid\04_models_checkpoints\se3_flow\se3_dataloader_test_passed.json","se3_debug_result","Student 3","2026-05-08T17:18:53Z","created",""
"art_f0062155c6","M4_generation","C:\Users\srira\Desktop\new_plan\EMD_V5_2_Hybrid\05_generated_candidates\selfies\generated_selfies_filtered.csv","selfies_candidates","Student 4","2026-05-08T17:19:05Z","created",""
"art_84e486e732","M4_generation","C:\Users\srira\Desktop\new_plan\EMD_V5_2_Hybrid\05_generated_candidates\rdkit\generated_rdkit_filtered.csv","rdkit_candidates","Student 4","2026-05-08T17:19:05Z","created",""
"art_b769009494","M4_generation","C:\Users\srira\Desktop\new_plan\EMD_V5_2_Hybrid\05_generated_candidates\merged\generated_merged_filtered.csv","merged_candidate_csv","Student 1","2026-05-08T17:19:05Z","created",""
"art_c4d34a3f26","M4_generation","C:\Users\srira\Desktop\new_plan\EMD_V5_2_Hybrid\05_generated_candidates\merged\generation_comparison_metrics.csv","generation_metrics","Student 1","2026-05-08T17:19:05Z","created",""
"art_ef85c10b4d","M6_admet_synthesis","C:\Users\srira\Desktop\new_plan\EMD_V5_2_Hybrid\07_admet_synthesis\admet_scores.csv","admet_scores","Student 5","2026-05-08T17:19:14Z","created",""
"art_5247120001","M6_admet_synthesis","C:\Users\srira\Desktop\new_plan\EMD_V5_2_Hybrid\07_admet_synthesis\filter_flags.csv","filter_flags","Student 5","2026-05-08T17:19:14Z","created",""
"art_2582ae127a","M6_admet_synthesis","C:\Users\srira\Desktop\new_plan\EMD_V5_2_Hybrid\07_admet_synthesis\safety_proxy_notes.csv","safety_proxy_notes","Student 5","2026-05-08T17:19:14Z","created",""
"art_3b12a4dd15","M7_ranking","C:\Users\srira\Desktop\new_plan\EMD_V5_2_Hybrid\08_final_ranking\final_ranked_candidates.csv","final_ranked_candidates","Student 1","2026-05-08T17:19:18Z","created",""
"art_b79053f892","M5_docking_prep","C:\Users\srira\Desktop\new_plan\EMD_V5_2_Hybrid\06_docking\receptor\docking_grid_5AEP_QUP.json","docking_grid_json","Student 5","2026-05-08T17:21:00Z","created",""
"art_d9486cc6d1","M5_docking_prep","C:\Users\srira\Desktop\new_plan\EMD_V5_2_Hybrid\06_docking\ligands_sdf\candidates_for_docking.sdf","candidate_ligands_sdf","Student 5","2026-05-08T17:21:00Z","created",""
"art_6efa826fd9","M5_docking_prep","C:\Users\srira\Desktop\new_plan\EMD_V5_2_Hybrid\06_docking\ligands_sdf\docking_input_manifest.csv","docking_input_manifest","Student 5","2026-05-08T17:21:00Z","created",""
"art_2b4a4ff4b4","M8_reporting","C:\Users\srira\Desktop\new_plan\EMD_V5_2_Hybrid\09_reports\candidate_cards\CAND_9d6374c432_card.md","candidate_card_markdown","Student 1","2026-05-08T17:21:09Z","created",""
"art_ba86b56299","M8_reporting","C:\Users\srira\Desktop\new_plan\EMD_V5_2_Hybrid\09_reports\candidate_cards\CAND_dbc0a22f20_card.md","candidate_card_markdown","Student 1","2026-05-08T17:21:09Z","created",""
"art_ed2b1c28f2","M8_reporting","C:\Users\srira\Desktop\new_plan\EMD_V5_2_Hybrid\09_reports\candidate_cards\CAND_5fe9a45d9a_card.md","candidate_card_markdown","Student 1","2026-05-08T17:21:09Z","created",""
"art_2f4bcc650c","M8_reporting","C:\Users\srira\Desktop\new_plan\EMD_V5_2_Hybrid\09_reports\candidate_cards\CAND_96c247f47b_card.md","candidate_card_markdown","Student 1","2026-05-08T17:21:09Z","created",""
"art_2d665cbbc8","M8_reporting","C:\Users\srira\Desktop\new_plan\EMD_V5_2_Hybrid\09_reports\candidate_cards\CAND_4c41f14a0a_card.md","candidate_card_markdown","Student 1","2026-05-08T17:21:09Z","created",""
"art_fe3b6802cd","M8_reporting","C:\Users\srira\Desktop\new_plan\EMD_V5_2_Hybrid\09_reports\candidate_cards\CAND_6055dc70cf_card.md","candidate_card_markdown","Student 1","2026-05-08T17:21:09Z","created",""
"art_793193a0fa","M8_reporting","C:\Users\srira\Desktop\new_plan\EMD_V5_2_Hybrid\09_reports\candidate_cards\CAND_1977f547d0_card.md","candidate_card_markdown","Student 1","2026-05-08T17:21:09Z","created",""
"art_0911ecaf06","M8_reporting","C:\Users\srira\Desktop\new_plan\EMD_V5_2_Hybrid\09_reports\candidate_cards\CAND_51bf4b98ad_card.md","candidate_card_markdown","Student 1","2026-05-08T17:21:09Z","created",""
"art_dacece4366","M8_reporting","C:\Users\srira\Desktop\new_plan\EMD_V5_2_Hybrid\09_reports\candidate_cards\CAND_1c58adb41e_card.md","candidate_card_markdown","Student 1","2026-05-08T17:21:09Z","created",""
"art_810f4722b1","M8_reporting","C:\Users\srira\Desktop\new_plan\EMD_V5_2_Hybrid\09_reports\candidate_cards\CAND_f9826ed764_card.md","candidate_card_markdown","Student 1","2026-05-08T17:21:09Z","created",""
"art_dc1c5699f6","M8_reporting","C:\Users\srira\Desktop\new_plan\EMD_V5_2_Hybrid\09_reports\limitations.md","limitations_section","Student 1","2026-05-08T17:21:09Z","created",""
"art_346b523cbd","M0_validation","C:\Users\srira\Desktop\new_plan\EMD_V5_2_Hybrid\00_project_registry\validation_report.json","validation_report","Student 1","2026-05-08T17:21:09Z","created",""
"art_8ccfeb2f7c","M0_validation","C:\Users\srira\Desktop\new_plan\EMD_V5_2_Hybrid\00_project_registry\validation_report.json","validation_report","Student 1","2026-05-08T17:22:43Z","created",""
"art_dc9f36f4b1","M0_validation","C:\Users\srira\Desktop\new_plan\EMD_V5_2_Hybrid\00_project_registry\validation_report.json","validation_report","Student 1","2026-05-08T17:23:52Z","created",""
"art_62853a4a62","M5_pdbqt_prep","C:\Users\srira\Desktop\new_plan\EMD_V5_2_Hybrid\06_docking\receptor\mk_prepare_receptor.log","receptor_prep_log","Student 5","2026-05-08T17:26:16Z","created",""
"art_05ff334cf4","M5_pdbqt_prep","C:\Users\srira\Desktop\new_plan\EMD_V5_2_Hybrid\06_docking\ligands_pdbqt\ligand_pdbqt_manifest.csv","ligand_pdbqt_manifest","Student 5","2026-05-08T17:26:31Z","created",""
"art_e6b25a9f15","M5_pdbqt_prep","C:\Users\srira\Desktop\new_plan\EMD_V5_2_Hybrid\06_docking\scores\pdbqt_preparation_summary.json","pdbqt_prep_summary","Student 5","2026-05-08T17:26:31Z","created",""
"art_8f42c7992d","M5_pdbqt_prep","C:\Users\srira\Desktop\new_plan\EMD_V5_2_Hybrid\06_docking\receptor\mk_prepare_receptor.log","receptor_prep_log","Student 5","2026-05-08T17:27:15Z","created",""
"art_40804d4a1c","M5_pdbqt_prep","C:\Users\srira\Desktop\new_plan\EMD_V5_2_Hybrid\06_docking\receptor\jak2_prepared.pdbqt","receptor_pdbqt","Student 5","2026-05-08T17:27:15Z","created",""
"art_7bf0458a67","M5_pdbqt_prep","C:\Users\srira\Desktop\new_plan\EMD_V5_2_Hybrid\06_docking\ligands_pdbqt\ligand_pdbqt_manifest.csv","ligand_pdbqt_manifest","Student 5","2026-05-08T17:27:15Z","created",""
"art_b3a24f155a","M5_pdbqt_prep","C:\Users\srira\Desktop\new_plan\EMD_V5_2_Hybrid\06_docking\scores\pdbqt_preparation_summary.json","pdbqt_prep_summary","Student 5","2026-05-08T17:27:15Z","created",""
"art_63088b464b","M5_pdbqt_prep","C:\Users\srira\Desktop\new_plan\EMD_V5_2_Hybrid\06_docking\ligands_pdbqt\ligand_pdbqt_manifest.csv","ligand_pdbqt_manifest","Student 5","2026-05-08T17:30:34Z","created",""
"art_8c959c2170","M5_pdbqt_prep","C:\Users\srira\Desktop\new_plan\EMD_V5_2_Hybrid\06_docking\scores\pdbqt_preparation_summary.json","pdbqt_prep_summary","Student 5","2026-05-08T17:30:34Z","created",""
"art_e349b421f5","M5_docking","C:\Users\srira\Desktop\new_plan\EMD_V5_2_Hybrid\06_docking\scores\vina_command_manifest.csv","vina_command_manifest","Student 5","2026-05-08T17:30:59Z","created",""
"art_1597bff1c8","M5_docking","C:\Users\srira\Desktop\new_plan\EMD_V5_2_Hybrid\06_docking\scores\vina_command_manifest.csv","vina_command_manifest","Student 5","2026-05-08T17:31:52Z","created",""
"art_8c35c24c16","M0_validation","C:\Users\srira\Desktop\new_plan\EMD_V5_2_Hybrid\00_project_registry\validation_report.json","validation_report","Student 1","2026-05-08T17:32:00Z","created",""
"art_69b4c90830","M0_validation","C:\Users\srira\Desktop\new_plan\EMD_V5_2_Hybrid\00_project_registry\validation_report.json","validation_report","Student 1","2026-05-08T17:33:14Z","created",""
"art_34b6ab2e63","M0_registry","C:\Users\srira\Desktop\new_plan\EMD_V5_2_Hybrid\00_project_registry\requirements_v5_2_hybrid_colab.txt","requirements","Student 1","2026-05-08T17:33:21Z","created","Colab requirements copied into registry"
"art_327e649500","M0_registry","C:\Users\srira\Desktop\new_plan\EMD_V5_2_Hybrid\00_project_registry\environment_versions.txt","environment_report","Student 1","2026-05-08T17:33:24Z","created",""
"art_8003836f4e","M5_pdbqt_prep","C:\Users\srira\Desktop\new_plan\EMD_V5_2_Hybrid\06_docking\receptor\mk_prepare_receptor.log","receptor_prep_log","Student 5","2026-05-08T17:33:54Z","created",""
"art_453684072d","M5_pdbqt_prep","C:\Users\srira\Desktop\new_plan\EMD_V5_2_Hybrid\06_docking\receptor\jak2_prepared.pdbqt","receptor_pdbqt","Student 5","2026-05-08T17:33:54Z","created",""
"art_85fbffe2fa","M5_pdbqt_prep","C:\Users\srira\Desktop\new_plan\EMD_V5_2_Hybrid\06_docking\scores\pdbqt_preparation_summary.json","pdbqt_prep_summary","Student 5","2026-05-08T17:33:54Z","created",""
"art_d2cf7d82ce","M0_registry","C:\Users\srira\Desktop\new_plan\EMD_V5_2_Hybrid\00_project_registry\requirements_v5_2_hybrid_colab.txt","requirements","Student 1","2026-05-08T17:33:58Z","created","Colab requirements copied into registry"
"art_e0577fffff","M0_registry","C:\Users\srira\Desktop\new_plan\EMD_V5_2_Hybrid\00_project_registry\environment_versions.txt","environment_report","Student 1","2026-05-08T17:34:02Z","created",""
"art_034a3f1d8b","M0_validation","C:\Users\srira\Desktop\new_plan\EMD_V5_2_Hybrid\00_project_registry\validation_report.json","validation_report","Student 1","2026-05-08T17:34:09Z","created",""
"art_1e806547da","M5_docking","C:\Users\srira\Desktop\new_plan\EMD_V5_2_Hybrid\06_docking\scores\vina_command_manifest.csv","vina_command_manifest","Student 5","2026-05-08T17:38:57Z","created",""
"art_5a29401806","M5_docking","C:\Users\srira\Desktop\new_plan\EMD_V5_2_Hybrid\06_docking\scores\docking_scores.csv","docking_scores","Student 5","2026-05-08T17:39:41Z","created",""
"art_e1f96cd4cd","M0_validation","C:\Users\srira\Desktop\new_plan\EMD_V5_2_Hybrid\00_project_registry\validation_report.json","validation_report","Student 1","2026-05-08T17:39:55Z","created",""
"art_9c1dd31a2b","M7_ranking","C:\Users\srira\Desktop\new_plan\EMD_V5_2_Hybrid\08_final_ranking\final_ranked_candidates.csv","final_ranked_candidates","Student 1","2026-05-08T17:39:55Z","created",""
"art_52a66545ce","M5_docking","C:\Users\srira\Desktop\new_plan\EMD_V5_2_Hybrid\06_docking\scores\docking_scores.csv","docking_scores","Student 5","2026-05-08T17:41:47Z","created",""
"art_209edd688b","M5_docking","C:\Users\srira\Desktop\new_plan\EMD_V5_2_Hybrid\06_docking\scores\docking_scores.csv","docking_scores","Student 5","2026-05-08T17:43:52Z","created",""
"art_f51c6c9510","M5_docking","C:\Users\srira\Desktop\new_plan\EMD_V5_2_Hybrid\06_docking\scores\docking_scores.csv","docking_scores","Student 5","2026-05-08T17:45:26Z","created",""
"art_723350fc86","M5_docking","C:\Users\srira\Desktop\new_plan\EMD_V5_2_Hybrid\06_docking\scores\docking_scores.csv","docking_scores","Student 5","2026-05-08T17:47:31Z","created",""
"art_4613e3dbb1","M5_docking","C:\Users\srira\Desktop\new_plan\EMD_V5_2_Hybrid\06_docking\scores\docking_scores.csv","docking_scores","Student 5","2026-05-08T17:49:47Z","created",""
"art_22bfb2ca08","M0_validation","C:\Users\srira\Desktop\new_plan\EMD_V5_2_Hybrid\00_project_registry\validation_report.json","validation_report","Student 1","2026-05-08T17:49:55Z","created",""
"art_12f39eebcf","M7_ranking","C:\Users\srira\Desktop\new_plan\EMD_V5_2_Hybrid\08_final_ranking\final_ranked_candidates.csv","final_ranked_candidates","Student 1","2026-05-08T17:49:55Z","created",""
"art_e707cf23a4","M8_reporting","C:\Users\srira\Desktop\new_plan\EMD_V5_2_Hybrid\09_reports\candidate_cards\CAND_3a8fd34d0b_card.md","candidate_card_markdown","Student 1","2026-05-08T17:50:49Z","created",""
"art_08f9f211f8","M8_reporting","C:\Users\srira\Desktop\new_plan\EMD_V5_2_Hybrid\09_reports\candidate_cards\CAND_1977f547d0_card.md","candidate_card_markdown","Student 1","2026-05-08T17:50:49Z","created",""
"art_73d9d03cec","M8_reporting","C:\Users\srira\Desktop\new_plan\EMD_V5_2_Hybrid\09_reports\candidate_cards\CAND_48e9ccbf3d_card.md","candidate_card_markdown","Student 1","2026-05-08T17:50:49Z","created",""
"art_fe32047506","M8_reporting","C:\Users\srira\Desktop\new_plan\EMD_V5_2_Hybrid\09_reports\candidate_cards\CAND_16caeb93ab_card.md","candidate_card_markdown","Student 1","2026-05-08T17:50:49Z","created",""
"art_78fe14bd91","M8_reporting","C:\Users\srira\Desktop\new_plan\EMD_V5_2_Hybrid\09_reports\candidate_cards\CAND_32f4ee2f84_card.md","candidate_card_markdown","Student 1","2026-05-08T17:50:49Z","created",""
"art_2667b1115c","M8_reporting","C:\Users\srira\Desktop\new_plan\EMD_V5_2_Hybrid\09_reports\candidate_cards\CAND_5ae29dd065_card.md","candidate_card_markdown","Student 1","2026-05-08T17:50:49Z","created",""
"art_23757e722b","M5_docking","C:\Users\srira\Desktop\new_plan\EMD_V5_2_Hybrid\06_docking\scores\docking_summary.json","docking_summary","Student 5","2026-05-08T17:50:49Z","created",""
"art_ab67ef3944","M8_reporting","C:\Users\srira\Desktop\new_plan\EMD_V5_2_Hybrid\09_reports\candidate_cards\CAND_37c9135625_card.md","candidate_card_markdown","Student 1","2026-05-08T17:50:49Z","created",""
"art_f9b0a7d6f5","M5_docking","C:\Users\srira\Desktop\new_plan\EMD_V5_2_Hybrid\06_docking\scores\top_docking_scores.csv","top_docking_scores","Student 5","2026-05-08T17:50:49Z","created",""
"art_b5543101af","M8_reporting","C:\Users\srira\Desktop\new_plan\EMD_V5_2_Hybrid\09_reports\candidate_cards\CAND_146140b20f_card.md","candidate_card_markdown","Student 1","2026-05-08T17:50:49Z","created",""
"art_8bab3fc4f5","M7_ranking","C:\Users\srira\Desktop\new_plan\EMD_V5_2_Hybrid\08_final_ranking\top_docked_ranked_candidates.csv","top_docked_ranked_candidates","Student 1","2026-05-08T17:50:49Z","created",""
"art_21f6eab5a0","M8_reporting","C:\Users\srira\Desktop\new_plan\EMD_V5_2_Hybrid\09_reports\candidate_cards\CAND_142447d9fd_card.md","candidate_card_markdown","Student 1","2026-05-08T17:50:49Z","created",""
"art_abdab5bc75","M8_reporting","C:\Users\srira\Desktop\new_plan\EMD_V5_2_Hybrid\09_reports\candidate_cards\CAND_345056adc8_card.md","candidate_card_markdown","Student 1","2026-05-08T17:50:49Z","created",""
"art_d41282d422","M8_reporting","C:\Users\srira\Desktop\new_plan\EMD_V5_2_Hybrid\09_reports\limitations.md","limitations_section","Student 1","2026-05-08T17:50:49Z","created",""
"art_e295f94225","M0_validation","C:\Users\srira\Desktop\new_plan\EMD_V5_2_Hybrid\00_project_registry\validation_report.json","validation_report","Student 1","2026-05-08T17:50:58Z","created",""
"art_08d1583800","M5_docking","C:\Users\srira\Desktop\new_plan\EMD_V5_2_Hybrid\06_docking\scores\docking_scores.csv","docking_scores","Student 5","2026-05-08T17:57:49Z","created",""
"art_dab5edf9d3","M5_docking","C:\Users\srira\Desktop\new_plan\EMD_V5_2_Hybrid\06_docking\scores\docking_scores.csv","docking_scores","Student 5","2026-05-08T18:02:28Z","created",""
"art_dd15800d4b","M5_docking","C:\Users\srira\Desktop\new_plan\EMD_V5_2_Hybrid\06_docking\scores\docking_scores.csv","docking_scores","Student 5","2026-05-08T18:09:24Z","created",""
"art_6e47ace2ba","M8_reporting","C:\Users\srira\Desktop\new_plan\EMD_V5_2_Hybrid\09_reports\candidate_cards\CAND_3a8fd34d0b_card.md","candidate_card_markdown","Student 1","2026-05-08T18:09:31Z","created",""
"art_e6ed7f3ebd","M8_reporting","C:\Users\srira\Desktop\new_plan\EMD_V5_2_Hybrid\09_reports\candidate_cards\CAND_1977f547d0_card.md","candidate_card_markdown","Student 1","2026-05-08T18:09:31Z","created",""
"art_d51521e15c","M8_reporting","C:\Users\srira\Desktop\new_plan\EMD_V5_2_Hybrid\09_reports\candidate_cards\CAND_48e9ccbf3d_card.md","candidate_card_markdown","Student 1","2026-05-08T18:09:31Z","created",""
"art_6ecf8a7c71","M8_reporting","C:\Users\srira\Desktop\new_plan\EMD_V5_2_Hybrid\09_reports\candidate_cards\CAND_16caeb93ab_card.md","candidate_card_markdown","Student 1","2026-05-08T18:09:31Z","created",""
"art_bfcc1a5899","M8_reporting","C:\Users\srira\Desktop\new_plan\EMD_V5_2_Hybrid\09_reports\candidate_cards\CAND_32f4ee2f84_card.md","candidate_card_markdown","Student 1","2026-05-08T18:09:31Z","created",""
"art_da62493ace","M8_reporting","C:\Users\srira\Desktop\new_plan\EMD_V5_2_Hybrid\09_reports\candidate_cards\CAND_5ae29dd065_card.md","candidate_card_markdown","Student 1","2026-05-08T18:09:31Z","created",""
"art_64ed4366a3","M8_reporting","C:\Users\srira\Desktop\new_plan\EMD_V5_2_Hybrid\09_reports\candidate_cards\CAND_37c9135625_card.md","candidate_card_markdown","Student 1","2026-05-08T18:09:31Z","created",""
"art_9843dfdf0b","M8_reporting","C:\Users\srira\Desktop\new_plan\EMD_V5_2_Hybrid\09_reports\candidate_cards\CAND_146140b20f_card.md","candidate_card_markdown","Student 1","2026-05-08T18:09:31Z","created",""
"art_6fcaf8c78d","M8_reporting","C:\Users\srira\Desktop\new_plan\EMD_V5_2_Hybrid\09_reports\candidate_cards\CAND_142447d9fd_card.md","candidate_card_markdown","Student 1","2026-05-08T18:09:31Z","created",""
"art_29d6a0420e","M8_reporting","C:\Users\srira\Desktop\new_plan\EMD_V5_2_Hybrid\09_reports\candidate_cards\CAND_345056adc8_card.md","candidate_card_markdown","Student 1","2026-05-08T18:09:31Z","created",""
"art_aa4ca6131c","M8_reporting","C:\Users\srira\Desktop\new_plan\EMD_V5_2_Hybrid\09_reports\limitations.md","limitations_section","Student 1","2026-05-08T18:09:31Z","created",""
"art_e6140b4674","M5_docking","C:\Users\srira\Desktop\new_plan\EMD_V5_2_Hybrid\06_docking\scores\docking_summary.json","docking_summary","Student 5","2026-05-08T18:09:31Z","created",""
"art_f89f742623","M5_docking","C:\Users\srira\Desktop\new_plan\EMD_V5_2_Hybrid\06_docking\scores\top_docking_scores.csv","top_docking_scores","Student 5","2026-05-08T18:09:31Z","created",""
"art_74f2f9ad0f","M7_ranking","C:\Users\srira\Desktop\new_plan\EMD_V5_2_Hybrid\08_final_ranking\top_docked_ranked_candidates.csv","top_docked_ranked_candidates","Student 1","2026-05-08T18:09:31Z","created",""
"art_066372425d","M7_ranking","C:\Users\srira\Desktop\new_plan\EMD_V5_2_Hybrid\08_final_ranking\final_ranked_candidates.csv","final_ranked_candidates","Student 1","2026-05-08T18:09:31Z","created",""
"art_5b6e17c376","M8_reporting","C:\Users\srira\Desktop\new_plan\EMD_V5_2_Hybrid\09_reports\molecule_images\CAND_3a8fd34d0b.png","candidate_2d_png","Student 1","2026-05-08T18:10:26Z","created",""
"art_9f5a7bd79f","M8_reporting","C:\Users\srira\Desktop\new_plan\EMD_V5_2_Hybrid\09_reports\molecule_images\CAND_f4ce4ddf43.png","candidate_2d_png","Student 1","2026-05-08T18:10:26Z","created",""
"art_9ddc31a29a","M8_reporting","C:\Users\srira\Desktop\new_plan\EMD_V5_2_Hybrid\09_reports\molecule_images\CAND_971f2f84fa.png","candidate_2d_png","Student 1","2026-05-08T18:10:26Z","created",""
"art_48a6dcccb2","M8_reporting","C:\Users\srira\Desktop\new_plan\EMD_V5_2_Hybrid\09_reports\molecule_images\CAND_eadd8f8ad8.png","candidate_2d_png","Student 1","2026-05-08T18:10:26Z","created",""
"art_8811a52425","M8_reporting","C:\Users\srira\Desktop\new_plan\EMD_V5_2_Hybrid\09_reports\molecule_images\CAND_ff18b6effe.png","candidate_2d_png","Student 1","2026-05-08T18:10:26Z","created",""
"art_39fda9985d","M8_reporting","C:\Users\srira\Desktop\new_plan\EMD_V5_2_Hybrid\09_reports\molecule_images\CAND_9d6374c432.png","candidate_2d_png","Student 1","2026-05-08T18:10:26Z","created",""
"art_35aab25283","M8_reporting","C:\Users\srira\Desktop\new_plan\EMD_V5_2_Hybrid\09_reports\molecule_images\CAND_d028052563.png","candidate_2d_png","Student 1","2026-05-08T18:10:26Z","created",""
"art_a94a932b3d","M8_reporting","C:\Users\srira\Desktop\new_plan\EMD_V5_2_Hybrid\09_reports\molecule_images\CAND_c872f33bf4.png","candidate_2d_png","Student 1","2026-05-08T18:10:26Z","created",""
"art_46998be279","M8_reporting","C:\Users\srira\Desktop\new_plan\EMD_V5_2_Hybrid\09_reports\molecule_images\CAND_a5f0113576.png","candidate_2d_png","Student 1","2026-05-08T18:10:26Z","created",""
"art_ddd90b647f","M8_reporting","C:\Users\srira\Desktop\new_plan\EMD_V5_2_Hybrid\09_reports\molecule_images\CAND_1977f547d0.png","candidate_2d_png","Student 1","2026-05-08T18:10:26Z","created",""
"art_355a3434ad","M8_reporting","C:\Users\srira\Desktop\new_plan\EMD_V5_2_Hybrid\09_reports\molecule_images\CAND_62dd9a9453.png","candidate_2d_png","Student 1","2026-05-08T18:10:26Z","created",""
"art_345b42b292","M8_reporting","C:\Users\srira\Desktop\new_plan\EMD_V5_2_Hybrid\09_reports\molecule_images\CAND_cdbf00c3b2.png","candidate_2d_png","Student 1","2026-05-08T18:10:26Z","created",""
"art_29a60fb657","M8_reporting","C:\Users\srira\Desktop\new_plan\EMD_V5_2_Hybrid\09_reports\molecule_images\CAND_d6f745d2bf.png","candidate_2d_png","Student 1","2026-05-08T18:10:26Z","created",""
"art_da542cde09","M8_reporting","C:\Users\srira\Desktop\new_plan\EMD_V5_2_Hybrid\09_reports\molecule_images\CAND_48e9ccbf3d.png","candidate_2d_png","Student 1","2026-05-08T18:10:26Z","created",""
"art_31967321ba","M8_reporting","C:\Users\srira\Desktop\new_plan\EMD_V5_2_Hybrid\09_reports\molecule_images\CAND_16caeb93ab.png","candidate_2d_png","Student 1","2026-05-08T18:10:26Z","created",""
"art_7a4e564501","M8_reporting","C:\Users\srira\Desktop\new_plan\EMD_V5_2_Hybrid\09_reports\molecule_images\CAND_32f4ee2f84.png","candidate_2d_png","Student 1","2026-05-08T18:10:26Z","created",""
"art_b0a7e5bc4a","M8_reporting","C:\Users\srira\Desktop\new_plan\EMD_V5_2_Hybrid\09_reports\molecule_images\CAND_5ae29dd065.png","candidate_2d_png","Student 1","2026-05-08T18:10:26Z","created",""
"art_6d4510f648","M8_reporting","C:\Users\srira\Desktop\new_plan\EMD_V5_2_Hybrid\09_reports\molecule_images\CAND_ecc7f4e0e9.png","candidate_2d_png","Student 1","2026-05-08T18:10:26Z","created",""
"art_b603b281f2","M8_reporting","C:\Users\srira\Desktop\new_plan\EMD_V5_2_Hybrid\09_reports\molecule_images\CAND_d98c61a26e.png","candidate_2d_png","Student 1","2026-05-08T18:10:26Z","created",""
"art_74e1a2d7a0","M8_reporting","C:\Users\srira\Desktop\new_plan\EMD_V5_2_Hybrid\09_reports\molecule_images\CAND_37c9135625.png","candidate_2d_png","Student 1","2026-05-08T18:10:26Z","created",""
"art_cf4fc929b3","M8_reporting","C:\Users\srira\Desktop\new_plan\EMD_V5_2_Hybrid\09_reports\molecule_images\molecule_image_manifest.csv","molecule_image_manifest","Student 1","2026-05-08T18:10:26Z","created",""
"art_8c83531beb","M0_validation","C:\Users\srira\Desktop\new_plan\EMD_V5_2_Hybrid\00_project_registry\validation_report.json","validation_report","Student 1","2026-05-08T18:10:33Z","created",""
"art_2d8e096198","M0_validation","C:\Users\srira\Desktop\new_plan\EMD_V5_2_Hybrid\00_project_registry\validation_report.json","validation_report","Student 1","2026-05-08T18:10:48Z","created",""
"art_896be0019c","M8_final_audit","C:\Users\srira\Desktop\new_plan\EMD_V5_2_Hybrid\09_reports\final_audit_summary.json","final_audit_json","Student 1","2026-05-08T18:10:52Z","created",""
"art_967a4cc835","M8_final_audit","C:\Users\srira\Desktop\new_plan\EMD_V5_2_Hybrid\09_reports\final_audit_summary.md","final_audit_markdown","Student 1","2026-05-08T18:10:52Z","created",""
"art_d1b685ddd5","M8_reporting","C:\Users\srira\Desktop\new_plan\EMD_V5_2_Hybrid\09_reports\EMD_V5_2_Hybrid_Final_Report_Draft.md","final_report_markdown_draft","Student 1","2026-05-08T18:12:53Z","created",""
"art_b45504c72b","M8_reporting","C:\Users\srira\Desktop\new_plan\EMD_V5_2_Hybrid\09_reports\EMD_V5_2_Hybrid_TPP_Summary.md","tpp_summary_markdown","Student 1","2026-05-08T18:12:53Z","created",""
"art_bd4a2fd066","M0_validation","C:\Users\srira\Desktop\new_plan\EMD_V5_2_Hybrid\00_project_registry\validation_report.json","validation_report","Student 1","2026-05-08T18:13:05Z","created",""
"art_89e43baf94","M8_final_audit","C:\Users\srira\Desktop\new_plan\EMD_V5_2_Hybrid\09_reports\final_audit_summary.json","final_audit_json","Student 1","2026-05-08T18:13:05Z","created",""
"art_e934672cfb","M8_final_audit","C:\Users\srira\Desktop\new_plan\EMD_V5_2_Hybrid\09_reports\final_audit_summary.md","final_audit_markdown","Student 1","2026-05-08T18:13:05Z","created",""
"art_48f0f01283","M8_reporting","C:\Users\srira\Desktop\new_plan\EMD_V5_2_Hybrid\09_reports\EMD_V5_2_Hybrid_Final_Report_Draft.md","final_report_markdown_draft","Student 1","2026-05-08T18:13:31Z","created",""
"art_f222df375d","M8_reporting","C:\Users\srira\Desktop\new_plan\EMD_V5_2_Hybrid\09_reports\EMD_V5_2_Hybrid_TPP_Summary.md","tpp_summary_markdown","Student 1","2026-05-08T18:13:31Z","created",""
"art_e13ae3bd22","M8_final_audit","C:\Users\srira\Desktop\new_plan\EMD_V5_2_Hybrid\09_reports\final_audit_summary.json","final_audit_json","Student 1","2026-05-08T18:13:31Z","created",""
"art_b0c3ba1ae0","M8_final_audit","C:\Users\srira\Desktop\new_plan\EMD_V5_2_Hybrid\09_reports\final_audit_summary.md","final_audit_markdown","Student 1","2026-05-08T18:13:31Z","created",""
"art_0a6227710c","M0_validation","C:\Users\srira\Desktop\new_plan\EMD_V5_2_Hybrid\00_project_registry\validation_report.json","validation_report","Student 1","2026-05-08T18:13:40Z","created",""
"art_8785c13b02","M5_docking_prep","C:\Users\srira\Desktop\new_plan\EMD_V5_2_Hybrid\06_docking\receptor\docking_grid_5AEP_QUP.json","docking_grid_json","Student 5","2026-05-08T18:20:00Z","created",""
"art_bf60c49b54","M5_docking_prep","C:\Users\srira\Desktop\new_plan\EMD_V5_2_Hybrid\06_docking\ligands_sdf\candidates_for_docking.sdf","candidate_ligands_sdf","Student 5","2026-05-08T18:20:00Z","created",""
"art_ad4386b0d2","M5_docking_prep","C:\Users\srira\Desktop\new_plan\EMD_V5_2_Hybrid\06_docking\ligands_sdf\docking_input_manifest.csv","docking_input_manifest","Student 5","2026-05-08T18:20:00Z","created",""
"art_8153de230f","M5_pdbqt_prep","C:\Users\srira\Desktop\new_plan\EMD_V5_2_Hybrid\06_docking\ligands_pdbqt\ligand_pdbqt_manifest.csv","ligand_pdbqt_manifest","Student 5","2026-05-08T18:23:44Z","created",""
"art_906d1cda7c","M5_pdbqt_prep","C:\Users\srira\Desktop\new_plan\EMD_V5_2_Hybrid\06_docking\scores\pdbqt_preparation_summary.json","pdbqt_prep_summary","Student 5","2026-05-08T18:23:44Z","created",""
"art_27ddb968a5","M5_docking","C:\Users\srira\Desktop\new_plan\EMD_V5_2_Hybrid\06_docking\scores\vina_command_manifest.csv","vina_command_manifest","Student 5","2026-05-08T18:23:48Z","created",""
"art_c01bdce220","M5_docking","C:\Users\srira\Desktop\new_plan\EMD_V5_2_Hybrid\06_docking\scores\docking_scores.csv","docking_scores","Student 5","2026-05-08T18:31:23Z","created",""
"art_6897f1ceda","M5_docking","C:\Users\srira\Desktop\new_plan\EMD_V5_2_Hybrid\06_docking\scores\docking_summary.json","docking_summary","Student 5","2026-05-08T18:31:33Z","created",""
"art_c992576999","M5_docking","C:\Users\srira\Desktop\new_plan\EMD_V5_2_Hybrid\06_docking\scores\top_docking_scores.csv","top_docking_scores","Student 5","2026-05-08T18:31:33Z","created",""
"art_b0bcd6d8b7","M7_ranking","C:\Users\srira\Desktop\new_plan\EMD_V5_2_Hybrid\08_final_ranking\top_docked_ranked_candidates.csv","top_docked_ranked_candidates","Student 1","2026-05-08T18:31:33Z","created",""
"art_dd4c7b4d00","M8_reporting","C:\Users\srira\Desktop\new_plan\EMD_V5_2_Hybrid\09_reports\candidate_cards\CAND_3a8fd34d0b_card.md","candidate_card_markdown","Student 1","2026-05-08T18:31:33Z","created",""
"art_7765b42d39","M8_reporting","C:\Users\srira\Desktop\new_plan\EMD_V5_2_Hybrid\09_reports\candidate_cards\CAND_eadd8f8ad8_card.md","candidate_card_markdown","Student 1","2026-05-08T18:31:33Z","created",""
"art_09968a913e","M8_reporting","C:\Users\srira\Desktop\new_plan\EMD_V5_2_Hybrid\09_reports\candidate_cards\CAND_ff18b6effe_card.md","candidate_card_markdown","Student 1","2026-05-08T18:31:33Z","created",""
"art_f2afa83621","M8_reporting","C:\Users\srira\Desktop\new_plan\EMD_V5_2_Hybrid\09_reports\candidate_cards\CAND_9d6374c432_card.md","candidate_card_markdown","Student 1","2026-05-08T18:31:33Z","created",""
"art_f8198bb012","M8_reporting","C:\Users\srira\Desktop\new_plan\EMD_V5_2_Hybrid\09_reports\candidate_cards\CAND_d028052563_card.md","candidate_card_markdown","Student 1","2026-05-08T18:31:33Z","created",""
"art_b9d37f2e5d","M8_reporting","C:\Users\srira\Desktop\new_plan\EMD_V5_2_Hybrid\09_reports\candidate_cards\CAND_f4ce4ddf43_card.md","candidate_card_markdown","Student 1","2026-05-08T18:31:33Z","created",""
"art_d0657080d7","M8_reporting","C:\Users\srira\Desktop\new_plan\EMD_V5_2_Hybrid\09_reports\candidate_cards\CAND_971f2f84fa_card.md","candidate_card_markdown","Student 1","2026-05-08T18:31:33Z","created",""
"art_0a49933db1","M8_reporting","C:\Users\srira\Desktop\new_plan\EMD_V5_2_Hybrid\09_reports\candidate_cards\CAND_c872f33bf4_card.md","candidate_card_markdown","Student 1","2026-05-08T18:31:33Z","created",""
"art_2a2d2c215a","M8_reporting","C:\Users\srira\Desktop\new_plan\EMD_V5_2_Hybrid\09_reports\candidate_cards\CAND_a5f0113576_card.md","candidate_card_markdown","Student 1","2026-05-08T18:31:33Z","created",""
"art_e85c9b5802","M8_reporting","C:\Users\srira\Desktop\new_plan\EMD_V5_2_Hybrid\09_reports\candidate_cards\CAND_1977f547d0_card.md","candidate_card_markdown","Student 1","2026-05-08T18:31:33Z","created",""
"art_b02ba1733e","M8_reporting","C:\Users\srira\Desktop\new_plan\EMD_V5_2_Hybrid\09_reports\limitations.md","limitations_section","Student 1","2026-05-08T18:31:33Z","created",""
"art_9161d587c4","M8_reporting","C:\Users\srira\Desktop\new_plan\EMD_V5_2_Hybrid\09_reports\molecule_images\CAND_3a8fd34d0b.png","candidate_2d_png","Student 1","2026-05-08T18:31:33Z","created",""
"art_fa432716a0","M7_ranking","C:\Users\srira\Desktop\new_plan\EMD_V5_2_Hybrid\08_final_ranking\final_ranked_candidates.csv","final_ranked_candidates","Student 1","2026-05-08T18:31:33Z","created",""
"art_9f3adf5b14","M8_reporting","C:\Users\srira\Desktop\new_plan\EMD_V5_2_Hybrid\09_reports\molecule_images\CAND_f4ce4ddf43.png","candidate_2d_png","Student 1","2026-05-08T18:31:33Z","created",""
"art_fb2a5efb97","M8_reporting","C:\Users\srira\Desktop\new_plan\EMD_V5_2_Hybrid\09_reports\molecule_images\CAND_971f2f84fa.png","candidate_2d_png","Student 1","2026-05-08T18:31:33Z","created",""
"art_40283c9b89","M8_reporting","C:\Users\srira\Desktop\new_plan\EMD_V5_2_Hybrid\09_reports\molecule_images\CAND_eadd8f8ad8.png","candidate_2d_png","Student 1","2026-05-08T18:31:33Z","created",""
"art_2b91e89783","M8_reporting","C:\Users\srira\Desktop\new_plan\EMD_V5_2_Hybrid\09_reports\molecule_images\CAND_ff18b6effe.png","candidate_2d_png","Student 1","2026-05-08T18:31:33Z","created",""
"art_c384dd59be","M8_reporting","C:\Users\srira\Desktop\new_plan\EMD_V5_2_Hybrid\09_reports\molecule_images\CAND_9d6374c432.png","candidate_2d_png","Student 1","2026-05-08T18:31:33Z","created",""
"art_8734a372b2","M8_reporting","C:\Users\srira\Desktop\new_plan\EMD_V5_2_Hybrid\09_reports\molecule_images\CAND_d028052563.png","candidate_2d_png","Student 1","2026-05-08T18:31:33Z","created",""
"art_2715224237","M8_reporting","C:\Users\srira\Desktop\new_plan\EMD_V5_2_Hybrid\09_reports\molecule_images\CAND_c872f33bf4.png","candidate_2d_png","Student 1","2026-05-08T18:31:33Z","created",""
"art_3ff727b5e6","M8_reporting","C:\Users\srira\Desktop\new_plan\EMD_V5_2_Hybrid\09_reports\molecule_images\CAND_a5f0113576.png","candidate_2d_png","Student 1","2026-05-08T18:31:33Z","created",""
"art_96b362a6f1","M8_reporting","C:\Users\srira\Desktop\new_plan\EMD_V5_2_Hybrid\09_reports\molecule_images\CAND_1977f547d0.png","candidate_2d_png","Student 1","2026-05-08T18:31:33Z","created",""
"art_9a82d95c57","M8_reporting","C:\Users\srira\Desktop\new_plan\EMD_V5_2_Hybrid\09_reports\molecule_images\CAND_62dd9a9453.png","candidate_2d_png","Student 1","2026-05-08T18:31:33Z","created",""
"art_3af73a9242","M8_reporting","C:\Users\srira\Desktop\new_plan\EMD_V5_2_Hybrid\09_reports\molecule_images\CAND_cdbf00c3b2.png","candidate_2d_png","Student 1","2026-05-08T18:31:33Z","created",""
"art_b5b870ca51","M8_reporting","C:\Users\srira\Desktop\new_plan\EMD_V5_2_Hybrid\09_reports\molecule_images\CAND_d6f745d2bf.png","candidate_2d_png","Student 1","2026-05-08T18:31:33Z","created",""
"art_9ae38a3d65","M8_reporting","C:\Users\srira\Desktop\new_plan\EMD_V5_2_Hybrid\09_reports\molecule_images\CAND_48e9ccbf3d.png","candidate_2d_png","Student 1","2026-05-08T18:31:33Z","created",""
"art_0a5f303d04","M8_reporting","C:\Users\srira\Desktop\new_plan\EMD_V5_2_Hybrid\09_reports\molecule_images\CAND_16caeb93ab.png","candidate_2d_png","Student 1","2026-05-08T18:31:33Z","created",""
"art_2113a53834","M8_reporting","C:\Users\srira\Desktop\new_plan\EMD_V5_2_Hybrid\09_reports\molecule_images\CAND_32f4ee2f84.png","candidate_2d_png","Student 1","2026-05-08T18:31:33Z","created",""
"art_8a2eba5884","M8_reporting","C:\Users\srira\Desktop\new_plan\EMD_V5_2_Hybrid\09_reports\molecule_images\CAND_5ae29dd065.png","candidate_2d_png","Student 1","2026-05-08T18:31:33Z","created",""
"art_2b16514085","M8_reporting","C:\Users\srira\Desktop\new_plan\EMD_V5_2_Hybrid\09_reports\molecule_images\CAND_ecc7f4e0e9.png","candidate_2d_png","Student 1","2026-05-08T18:31:34Z","created",""
"art_3e568bac2d","M8_reporting","C:\Users\srira\Desktop\new_plan\EMD_V5_2_Hybrid\09_reports\molecule_images\CAND_d98c61a26e.png","candidate_2d_png","Student 1","2026-05-08T18:31:34Z","created",""
"art_0093ac697a","M8_reporting","C:\Users\srira\Desktop\new_plan\EMD_V5_2_Hybrid\09_reports\molecule_images\CAND_37c9135625.png","candidate_2d_png","Student 1","2026-05-08T18:31:34Z","created",""
"art_7fb3353e9b","M8_reporting","C:\Users\srira\Desktop\new_plan\EMD_V5_2_Hybrid\09_reports\molecule_images\molecule_image_manifest.csv","molecule_image_manifest","Student 1","2026-05-08T18:31:34Z","created",""
"art_00a08f4749","M0_validation","C:\Users\srira\Desktop\new_plan\EMD_V5_2_Hybrid\00_project_registry\validation_report.json","validation_report","Student 1","2026-05-08T18:31:40Z","created",""
"art_993319c7fb","M8_final_audit","C:\Users\srira\Desktop\new_plan\EMD_V5_2_Hybrid\09_reports\final_audit_summary.json","final_audit_json","Student 1","2026-05-08T18:31:40Z","created",""
"art_ca6e78eb9b","M8_final_audit","C:\Users\srira\Desktop\new_plan\EMD_V5_2_Hybrid\09_reports\final_audit_summary.md","final_audit_markdown","Student 1","2026-05-08T18:31:40Z","created",""
"art_d1022a96e6","M8_reporting","C:\Users\srira\Desktop\new_plan\EMD_V5_2_Hybrid\09_reports\EMD_V5_2_Hybrid_Final_Report_Draft.md","final_report_markdown_draft","Student 1","2026-05-08T18:31:40Z","created",""
"art_00888c99f3","M8_reporting","C:\Users\srira\Desktop\new_plan\EMD_V5_2_Hybrid\09_reports\EMD_V5_2_Hybrid_TPP_Summary.md","tpp_summary_markdown","Student 1","2026-05-08T18:31:40Z","created",""
"art_2be1fefb5d","M0_validation","C:\Users\srira\Desktop\new_plan\EMD_V5_2_Hybrid\00_project_registry\validation_report.json","validation_report","Student 1","2026-05-08T18:32:15Z","created",""
"art_c6b9948588","M8_final_audit","C:\Users\srira\Desktop\new_plan\EMD_V5_2_Hybrid\09_reports\final_audit_summary.json","final_audit_json","Student 1","2026-05-08T18:32:15Z","created",""
"art_ec33f47a28","M8_final_audit","C:\Users\srira\Desktop\new_plan\EMD_V5_2_Hybrid\09_reports\final_audit_summary.md","final_audit_markdown","Student 1","2026-05-08T18:32:15Z","created",""
"art_4498196ef9","M5_pose_sanity","C:\Users\srira\Desktop\new_plan\EMD_V5_2_Hybrid\06_docking\images\pose_sanity\CAND_3a8fd34d0b_pose.png","pose_sanity_png","Student 5","2026-05-08T18:34:28Z","created",""
"art_2338d77ac8","M5_pose_sanity","C:\Users\srira\Desktop\new_plan\EMD_V5_2_Hybrid\06_docking\images\pose_sanity\CAND_eadd8f8ad8_pose.png","pose_sanity_png","Student 5","2026-05-08T18:34:29Z","created",""
"art_e361286750","M5_pose_sanity","C:\Users\srira\Desktop\new_plan\EMD_V5_2_Hybrid\06_docking\images\pose_sanity\CAND_ff18b6effe_pose.png","pose_sanity_png","Student 5","2026-05-08T18:34:31Z","created",""
"art_d912f66349","M5_pose_sanity","C:\Users\srira\Desktop\new_plan\EMD_V5_2_Hybrid\06_docking\images\pose_sanity\CAND_9d6374c432_pose.png","pose_sanity_png","Student 5","2026-05-08T18:34:32Z","created",""
"art_c0ee5d7203","M5_pose_sanity","C:\Users\srira\Desktop\new_plan\EMD_V5_2_Hybrid\06_docking\images\pose_sanity\CAND_d028052563_pose.png","pose_sanity_png","Student 5","2026-05-08T18:34:34Z","created",""
"art_c11587d1a3","M5_pose_sanity","C:\Users\srira\Desktop\new_plan\EMD_V5_2_Hybrid\06_docking\images\pose_sanity\CAND_f4ce4ddf43_pose.png","pose_sanity_png","Student 5","2026-05-08T18:34:36Z","created",""
"art_b38a64918b","M5_pose_sanity","C:\Users\srira\Desktop\new_plan\EMD_V5_2_Hybrid\06_docking\images\pose_sanity\CAND_971f2f84fa_pose.png","pose_sanity_png","Student 5","2026-05-08T18:34:37Z","created",""
"art_06897f273d","M5_pose_sanity","C:\Users\srira\Desktop\new_plan\EMD_V5_2_Hybrid\06_docking\images\pose_sanity\CAND_c872f33bf4_pose.png","pose_sanity_png","Student 5","2026-05-08T18:34:39Z","created",""
"art_56284cc510","M5_pose_sanity","C:\Users\srira\Desktop\new_plan\EMD_V5_2_Hybrid\06_docking\images\pose_sanity\CAND_a5f0113576_pose.png","pose_sanity_png","Student 5","2026-05-08T18:34:40Z","created",""
"art_e14c5bd981","M5_pose_sanity","C:\Users\srira\Desktop\new_plan\EMD_V5_2_Hybrid\06_docking\images\pose_sanity\CAND_0109c7ed50_pose.png","pose_sanity_png","Student 5","2026-05-08T18:34:42Z","created",""
"art_73c56780cd","M5_pose_sanity","C:\Users\srira\Desktop\new_plan\EMD_V5_2_Hybrid\06_docking\scores\pose_sanity_scores.csv","pose_sanity_scores","Student 5","2026-05-08T18:34:42Z","created",""
"art_eb290a5968","M7_ranking","C:\Users\srira\Desktop\new_plan\EMD_V5_2_Hybrid\08_final_ranking\final_ranked_candidates.csv","final_ranked_candidates","Student 1","2026-05-08T18:34:49Z","created",""
"art_ba8e2ffc06","M5_docking","C:\Users\srira\Desktop\new_plan\EMD_V5_2_Hybrid\06_docking\scores\docking_summary.json","docking_summary","Student 5","2026-05-08T18:34:58Z","created",""
"art_c73c4efda4","M5_docking","C:\Users\srira\Desktop\new_plan\EMD_V5_2_Hybrid\06_docking\scores\top_docking_scores.csv","top_docking_scores","Student 5","2026-05-08T18:34:58Z","created",""
"art_722e13e865","M7_ranking","C:\Users\srira\Desktop\new_plan\EMD_V5_2_Hybrid\08_final_ranking\top_docked_ranked_candidates.csv","top_docked_ranked_candidates","Student 1","2026-05-08T18:34:58Z","created",""
"art_9c65ef40be","M8_reporting","C:\Users\srira\Desktop\new_plan\EMD_V5_2_Hybrid\09_reports\candidate_cards\CAND_3a8fd34d0b_card.md","candidate_card_markdown","Student 1","2026-05-08T18:34:58Z","created",""
"art_b45c65ef22","M8_reporting","C:\Users\srira\Desktop\new_plan\EMD_V5_2_Hybrid\09_reports\candidate_cards\CAND_eadd8f8ad8_card.md","candidate_card_markdown","Student 1","2026-05-08T18:34:58Z","created",""
"art_8ecb7c639d","M8_reporting","C:\Users\srira\Desktop\new_plan\EMD_V5_2_Hybrid\09_reports\candidate_cards\CAND_ff18b6effe_card.md","candidate_card_markdown","Student 1","2026-05-08T18:34:58Z","created",""
"art_267de967d4","M8_reporting","C:\Users\srira\Desktop\new_plan\EMD_V5_2_Hybrid\09_reports\candidate_cards\CAND_9d6374c432_card.md","candidate_card_markdown","Student 1","2026-05-08T18:34:58Z","created",""
"art_823e68a3c4","M8_reporting","C:\Users\srira\Desktop\new_plan\EMD_V5_2_Hybrid\09_reports\candidate_cards\CAND_d028052563_card.md","candidate_card_markdown","Student 1","2026-05-08T18:34:58Z","created",""
"art_7387d6755f","M8_reporting","C:\Users\srira\Desktop\new_plan\EMD_V5_2_Hybrid\09_reports\candidate_cards\CAND_f4ce4ddf43_card.md","candidate_card_markdown","Student 1","2026-05-08T18:34:58Z","created",""
"art_f41d325358","M8_reporting","C:\Users\srira\Desktop\new_plan\EMD_V5_2_Hybrid\09_reports\candidate_cards\CAND_971f2f84fa_card.md","candidate_card_markdown","Student 1","2026-05-08T18:34:58Z","created",""
"art_9d677d7caa","M8_reporting","C:\Users\srira\Desktop\new_plan\EMD_V5_2_Hybrid\09_reports\candidate_cards\CAND_c872f33bf4_card.md","candidate_card_markdown","Student 1","2026-05-08T18:34:58Z","created",""
"art_03e95b3799","M8_reporting","C:\Users\srira\Desktop\new_plan\EMD_V5_2_Hybrid\09_reports\candidate_cards\CAND_a5f0113576_card.md","candidate_card_markdown","Student 1","2026-05-08T18:34:58Z","created",""
"art_8caf4854eb","M8_reporting","C:\Users\srira\Desktop\new_plan\EMD_V5_2_Hybrid\09_reports\candidate_cards\CAND_0109c7ed50_card.md","candidate_card_markdown","Student 1","2026-05-08T18:34:58Z","created",""
"art_0fec03f7cb","M8_reporting","C:\Users\srira\Desktop\new_plan\EMD_V5_2_Hybrid\09_reports\limitations.md","limitations_section","Student 1","2026-05-08T18:34:58Z","created",""
"art_c324ed2bab","M0_validation","C:\Users\srira\Desktop\new_plan\EMD_V5_2_Hybrid\00_project_registry\validation_report.json","validation_report","Student 1","2026-05-08T18:34:58Z","created",""
"art_2d1d07ee35","M8_reporting","C:\Users\srira\Desktop\new_plan\EMD_V5_2_Hybrid\09_reports\molecule_images\CAND_3a8fd34d0b.png","candidate_2d_png","Student 1","2026-05-08T18:34:58Z","created",""
"art_797ba61d34","M8_reporting","C:\Users\srira\Desktop\new_plan\EMD_V5_2_Hybrid\09_reports\molecule_images\CAND_f4ce4ddf43.png","candidate_2d_png","Student 1","2026-05-08T18:34:58Z","created",""
"art_68ecad31fe","M8_reporting","C:\Users\srira\Desktop\new_plan\EMD_V5_2_Hybrid\09_reports\molecule_images\CAND_971f2f84fa.png","candidate_2d_png","Student 1","2026-05-08T18:34:58Z","created",""
"art_e6dee52323","M8_reporting","C:\Users\srira\Desktop\new_plan\EMD_V5_2_Hybrid\09_reports\molecule_images\CAND_eadd8f8ad8.png","candidate_2d_png","Student 1","2026-05-08T18:34:58Z","created",""
"art_01a94de470","M8_reporting","C:\Users\srira\Desktop\new_plan\EMD_V5_2_Hybrid\09_reports\molecule_images\CAND_ff18b6effe.png","candidate_2d_png","Student 1","2026-05-08T18:34:58Z","created",""
"art_258a102b4b","M8_reporting","C:\Users\srira\Desktop\new_plan\EMD_V5_2_Hybrid\09_reports\molecule_images\CAND_9d6374c432.png","candidate_2d_png","Student 1","2026-05-08T18:34:58Z","created",""
"art_b84e2eb2e5","M8_reporting","C:\Users\srira\Desktop\new_plan\EMD_V5_2_Hybrid\09_reports\molecule_images\CAND_d028052563.png","candidate_2d_png","Student 1","2026-05-08T18:34:58Z","created",""
"art_5e188c42c1","M8_reporting","C:\Users\srira\Desktop\new_plan\EMD_V5_2_Hybrid\09_reports\molecule_images\CAND_c872f33bf4.png","candidate_2d_png","Student 1","2026-05-08T18:34:59Z","created",""
"art_919518a263","M8_reporting","C:\Users\srira\Desktop\new_plan\EMD_V5_2_Hybrid\09_reports\molecule_images\CAND_a5f0113576.png","candidate_2d_png","Student 1","2026-05-08T18:34:59Z","created",""
"art_66911b718e","M8_reporting","C:\Users\srira\Desktop\new_plan\EMD_V5_2_Hybrid\09_reports\molecule_images\CAND_0109c7ed50.png","candidate_2d_png","Student 1","2026-05-08T18:34:59Z","created",""
"art_6ceb5e30ba","M8_reporting","C:\Users\srira\Desktop\new_plan\EMD_V5_2_Hybrid\09_reports\molecule_images\CAND_1977f547d0.png","candidate_2d_png","Student 1","2026-05-08T18:34:59Z","created",""
"art_e6af83fb72","M8_reporting","C:\Users\srira\Desktop\new_plan\EMD_V5_2_Hybrid\09_reports\molecule_images\CAND_62dd9a9453.png","candidate_2d_png","Student 1","2026-05-08T18:34:59Z","created",""
"art_ec39876105","M8_reporting","C:\Users\srira\Desktop\new_plan\EMD_V5_2_Hybrid\09_reports\molecule_images\CAND_cdbf00c3b2.png","candidate_2d_png","Student 1","2026-05-08T18:34:59Z","created",""
"art_607b5523a4","M8_reporting","C:\Users\srira\Desktop\new_plan\EMD_V5_2_Hybrid\09_reports\molecule_images\CAND_d6f745d2bf.png","candidate_2d_png","Student 1","2026-05-08T18:34:59Z","created",""
"art_9ca7c7adc4","M8_reporting","C:\Users\srira\Desktop\new_plan\EMD_V5_2_Hybrid\09_reports\molecule_images\CAND_93f5157e93.png","candidate_2d_png","Student 1","2026-05-08T18:34:59Z","created",""
"art_4939eeeb1f","M8_reporting","C:\Users\srira\Desktop\new_plan\EMD_V5_2_Hybrid\09_reports\molecule_images\CAND_48e9ccbf3d.png","candidate_2d_png","Student 1","2026-05-08T18:34:59Z","created",""
"art_f0c3cf9fbf","M8_reporting","C:\Users\srira\Desktop\new_plan\EMD_V5_2_Hybrid\09_reports\molecule_images\CAND_16caeb93ab.png","candidate_2d_png","Student 1","2026-05-08T18:34:59Z","created",""
"art_1e00f3934c","M8_reporting","C:\Users\srira\Desktop\new_plan\EMD_V5_2_Hybrid\09_reports\molecule_images\CAND_32f4ee2f84.png","candidate_2d_png","Student 1","2026-05-08T18:34:59Z","created",""
"art_3b37e247d1","M8_reporting","C:\Users\srira\Desktop\new_plan\EMD_V5_2_Hybrid\09_reports\molecule_images\CAND_b97dcaf73f.png","candidate_2d_png","Student 1","2026-05-08T18:34:59Z","created",""
"art_d4f6855bc2","M8_reporting","C:\Users\srira\Desktop\new_plan\EMD_V5_2_Hybrid\09_reports\molecule_images\CAND_5ae29dd065.png","candidate_2d_png","Student 1","2026-05-08T18:34:59Z","created",""
"art_3609b5eb3b","M8_reporting","C:\Users\srira\Desktop\new_plan\EMD_V5_2_Hybrid\09_reports\molecule_images\molecule_image_manifest.csv","molecule_image_manifest","Student 1","2026-05-08T18:34:59Z","created",""
"art_d574353cda","M8_reporting","C:\Users\srira\Desktop\new_plan\EMD_V5_2_Hybrid\09_reports\EMD_V5_2_Hybrid_Final_Report_Draft.md","final_report_markdown_draft","Student 1","2026-05-08T18:35:05Z","created",""
"art_8402f5ae0f","M8_reporting","C:\Users\srira\Desktop\new_plan\EMD_V5_2_Hybrid\09_reports\EMD_V5_2_Hybrid_TPP_Summary.md","tpp_summary_markdown","Student 1","2026-05-08T18:35:05Z","created",""
"art_cec44fc896","M8_final_audit","C:\Users\srira\Desktop\new_plan\EMD_V5_2_Hybrid\09_reports\final_audit_summary.json","final_audit_json","Student 1","2026-05-08T18:35:05Z","created",""
"art_0b63196b89","M8_final_audit","C:\Users\srira\Desktop\new_plan\EMD_V5_2_Hybrid\09_reports\final_audit_summary.md","final_audit_markdown","Student 1","2026-05-08T18:35:05Z","created",""
"art_5bf59b07d9","M8_consistency_audit","C:\Users\srira\Desktop\new_plan\EMD_V5_2_Hybrid\09_reports\consistency_audit.json","consistency_audit_json","Student 1","2026-05-08T18:37:26Z","pass",""
"art_50f16ba315","M8_consistency_audit","C:\Users\srira\Desktop\new_plan\EMD_V5_2_Hybrid\09_reports\consistency_audit.md","consistency_audit_markdown","Student 1","2026-05-08T18:37:26Z","pass",""
"art_3cb0a18d29","M0_validation","C:\Users\srira\Desktop\new_plan\EMD_V5_2_Hybrid\00_project_registry\validation_report.json","validation_report","Student 1","2026-05-08T18:37:33Z","created",""
"art_c49e8d9444","M8_final_audit","C:\Users\srira\Desktop\new_plan\EMD_V5_2_Hybrid\09_reports\final_audit_summary.json","final_audit_json","Student 1","2026-05-08T18:37:56Z","created",""
"art_f875618960","M8_final_audit","C:\Users\srira\Desktop\new_plan\EMD_V5_2_Hybrid\09_reports\final_audit_summary.md","final_audit_markdown","Student 1","2026-05-08T18:37:56Z","created",""
"art_3f327ac5e7","M8_consistency_audit","C:\Users\srira\Desktop\new_plan\EMD_V5_2_Hybrid\09_reports\consistency_audit.json","consistency_audit_json","Student 1","2026-05-08T18:37:56Z","pass",""
"art_88190e8c6b","M8_consistency_audit","C:\Users\srira\Desktop\new_plan\EMD_V5_2_Hybrid\09_reports\consistency_audit.md","consistency_audit_markdown","Student 1","2026-05-08T18:37:56Z","pass",""
"art_3761c26d6b","M8_reporting","C:\Users\srira\Desktop\new_plan\EMD_V5_2_Hybrid\09_reports\candidate_cards\CAND_3a8fd34d0b_card.md","candidate_card_markdown","Student 1","2026-05-08T18:38:02Z","created",""
"art_7809ffe720","M8_reporting","C:\Users\srira\Desktop\new_plan\EMD_V5_2_Hybrid\09_reports\candidate_cards\CAND_eadd8f8ad8_card.md","candidate_card_markdown","Student 1","2026-05-08T18:38:02Z","created",""
"art_57979631ea","M8_reporting","C:\Users\srira\Desktop\new_plan\EMD_V5_2_Hybrid\09_reports\candidate_cards\CAND_ff18b6effe_card.md","candidate_card_markdown","Student 1","2026-05-08T18:38:02Z","created",""
"art_fd087b4c2c","M8_reporting","C:\Users\srira\Desktop\new_plan\EMD_V5_2_Hybrid\09_reports\candidate_cards\CAND_9d6374c432_card.md","candidate_card_markdown","Student 1","2026-05-08T18:38:02Z","created",""
"art_a923104160","M8_reporting","C:\Users\srira\Desktop\new_plan\EMD_V5_2_Hybrid\09_reports\candidate_cards\CAND_d028052563_card.md","candidate_card_markdown","Student 1","2026-05-08T18:38:02Z","created",""
"art_c1558bc48d","M8_reporting","C:\Users\srira\Desktop\new_plan\EMD_V5_2_Hybrid\09_reports\candidate_cards\CAND_f4ce4ddf43_card.md","candidate_card_markdown","Student 1","2026-05-08T18:38:02Z","created",""
"art_98760b6fe2","M8_reporting","C:\Users\srira\Desktop\new_plan\EMD_V5_2_Hybrid\09_reports\candidate_cards\CAND_971f2f84fa_card.md","candidate_card_markdown","Student 1","2026-05-08T18:38:02Z","created",""
"art_78c4752f29","M8_reporting","C:\Users\srira\Desktop\new_plan\EMD_V5_2_Hybrid\09_reports\candidate_cards\CAND_c872f33bf4_card.md","candidate_card_markdown","Student 1","2026-05-08T18:38:02Z","created",""
"art_b7f3d5d75e","M8_reporting","C:\Users\srira\Desktop\new_plan\EMD_V5_2_Hybrid\09_reports\candidate_cards\CAND_a5f0113576_card.md","candidate_card_markdown","Student 1","2026-05-08T18:38:02Z","created",""
"art_4dc4651315","M8_reporting","C:\Users\srira\Desktop\new_plan\EMD_V5_2_Hybrid\09_reports\candidate_cards\CAND_0109c7ed50_card.md","candidate_card_markdown","Student 1","2026-05-08T18:38:02Z","created",""
"art_9e1103c6bf","M8_reporting","C:\Users\srira\Desktop\new_plan\EMD_V5_2_Hybrid\09_reports\limitations.md","limitations_section","Student 1","2026-05-08T18:38:02Z","created",""
"art_029131f5b0","M0_validation","C:\Users\srira\Desktop\new_plan\EMD_V5_2_Hybrid\00_project_registry\validation_report.json","validation_report","Student 1","2026-05-08T18:38:10Z","created",""
"art_8e24e7e66b","M8_consistency_audit","C:\Users\srira\Desktop\new_plan\EMD_V5_2_Hybrid\09_reports\consistency_audit.json","consistency_audit_json","Student 1","2026-05-08T18:38:11Z","pass",""
"art_4b70fb711e","M8_consistency_audit","C:\Users\srira\Desktop\new_plan\EMD_V5_2_Hybrid\09_reports\consistency_audit.md","consistency_audit_markdown","Student 1","2026-05-08T18:38:11Z","pass",""
"art_799be583c4","M0_validation","C:\Users\srira\Desktop\new_plan\EMD_V5_2_Hybrid\00_project_registry\validation_report.json","validation_report","Student 1","2026-05-08T18:38:48Z","created",""
"art_f1e73d4bd2","M8_final_audit","C:\Users\srira\Desktop\new_plan\EMD_V5_2_Hybrid\09_reports\final_audit_summary.json","final_audit_json","Student 1","2026-05-08T18:38:48Z","created",""
"art_fc9acd607d","M8_final_audit","C:\Users\srira\Desktop\new_plan\EMD_V5_2_Hybrid\09_reports\final_audit_summary.md","final_audit_markdown","Student 1","2026-05-08T18:38:48Z","created",""
"art_06d72e1248","M8_consistency_audit","C:\Users\srira\Desktop\new_plan\EMD_V5_2_Hybrid\09_reports\consistency_audit.json","consistency_audit_json","Student 1","2026-05-08T18:38:48Z","pass",""
"art_76f71d9ed2","M8_consistency_audit","C:\Users\srira\Desktop\new_plan\EMD_V5_2_Hybrid\09_reports\consistency_audit.md","consistency_audit_markdown","Student 1","2026-05-08T18:38:48Z","pass",""
"art_2e8d53f98f","M8_consistency_audit","C:\Users\srira\Desktop\new_plan\EMD_V5_2_Hybrid\09_reports\consistency_audit.json","consistency_audit_json","Student 1","2026-05-08T19:02:16Z","pass",""
"art_d9ac59c948","M8_consistency_audit","C:\Users\srira\Desktop\new_plan\EMD_V5_2_Hybrid\09_reports\consistency_audit.md","consistency_audit_markdown","Student 1","2026-05-08T19:02:16Z","pass",""
"art_96ddd2f659","M0_validation","C:\Users\srira\Desktop\new_plan\EMD_V5_2_Hybrid\00_project_registry\validation_report.json","validation_report","Student 1","2026-05-08T19:02:24Z","created",""
"art_ef47336e87","M0_validation","C:\Users\srira\Desktop\new_plan\EMD_V5_2_Hybrid\00_project_registry\validation_report.json","validation_report","Student 1","2026-05-08T19:10:18Z","created",""
"art_97cf3957b9","M8_consistency_audit","C:\Users\srira\Desktop\new_plan\EMD_V5_2_Hybrid\09_reports\consistency_audit.json","consistency_audit_json","Student 1","2026-05-08T19:10:25Z","pass",""
"art_7928f7d22d","M8_consistency_audit","C:\Users\srira\Desktop\new_plan\EMD_V5_2_Hybrid\09_reports\consistency_audit.md","consistency_audit_markdown","Student 1","2026-05-08T19:10:25Z","pass",""
"art_5dccf79db9","M1_data_collection","C:\Users\srira\Desktop\new_plan\EMD_V5_2_Hybrid\01_raw_data\chembl\jak2_activities_raw.csv","raw_chembl_csv","Student 2","2026-05-09T07:32:21Z","created",""
"art_e1204f1e18","M1_data_collection","C:\Users\srira\Desktop\new_plan\EMD_V5_2_Hybrid\02_curated_data\jak2_curated_ligands.csv","curated_ligand_csv","Student 2","2026-05-09T07:32:21Z","created",""
"art_1c4aefda9c","M1_data_collection","C:\Users\srira\Desktop\new_plan\EMD_V5_2_Hybrid\01_raw_data\pdb\5AEP.pdb","receptor_pdb","Student 5","2026-05-09T07:32:21Z","created",""
"art_c0aa34ec96","M2_features","C:\Users\srira\Desktop\new_plan\EMD_V5_2_Hybrid\03_features\ligand_features.csv","ligand_feature_csv","Student 4","2026-05-09T07:36:06Z","created",""
"art_195a858c78","M2_features","C:\Users\srira\Desktop\new_plan\EMD_V5_2_Hybrid\03_features\ligand_graphs\se3_graphs.pt","se3_graph_tensor","Student 3","2026-05-09T07:36:06Z","created",""
"art_fbe33b2ffe","M2_features","C:\Users\srira\Desktop\new_plan\EMD_V5_2_Hybrid\03_features\splits\train_ids.txt","train_split_ids","Student 3","2026-05-09T07:36:06Z","created",""
"art_a5cd9650f8","M2_features","C:\Users\srira\Desktop\new_plan\EMD_V5_2_Hybrid\03_features\splits\val_ids.txt","val_split_ids","Student 3","2026-05-09T07:36:06Z","created",""
"art_7c01e07e2a","M2_features","C:\Users\srira\Desktop\new_plan\EMD_V5_2_Hybrid\03_features\splits\test_ids.txt","test_split_ids","Student 3","2026-05-09T07:36:06Z","created",""
"art_e57a94c7d2","M3_se3_debug","C:\Users\srira\Desktop\new_plan\EMD_V5_2_Hybrid\04_models_checkpoints\se3_flow\se3_latest_checkpoint.pt","se3_checkpoint","Student 3","2026-05-09T07:36:25Z","created",""
"art_a502d4b21b","M3_se3_debug","C:\Users\srira\Desktop\new_plan\EMD_V5_2_Hybrid\04_models_checkpoints\se3_flow\se3_dataloader_test_passed.json","se3_debug_result","Student 3","2026-05-09T07:36:25Z","created",""
"art_714df96a0f","M4_generation","C:\Users\srira\Desktop\new_plan\EMD_V5_2_Hybrid\05_generated_candidates\selfies\generated_selfies_filtered.csv","selfies_candidates","Student 4","2026-05-09T07:37:29Z","created",""
"art_4e766da632","M4_generation","C:\Users\srira\Desktop\new_plan\EMD_V5_2_Hybrid\05_generated_candidates\rdkit\generated_rdkit_filtered.csv","rdkit_candidates","Student 4","2026-05-09T07:37:29Z","created",""
"art_bc6ec51da0","M4_generation","C:\Users\srira\Desktop\new_plan\EMD_V5_2_Hybrid\05_generated_candidates\macrocycle_linker\generated_macrocycle_linker_filtered.csv","macrocycle_linker_candidates","Student 4","2026-05-09T07:37:29Z","created",""
"art_acc250e692","M4_generation","C:\Users\srira\Desktop\new_plan\EMD_V5_2_Hybrid\05_generated_candidates\merged\generated_merged_filtered.csv","merged_candidate_csv","Student 1","2026-05-09T07:37:29Z","created",""
"art_010c607b0b","M4_generation","C:\Users\srira\Desktop\new_plan\EMD_V5_2_Hybrid\05_generated_candidates\merged\generation_comparison_metrics.csv","generation_metrics","Student 1","2026-05-09T07:37:29Z","created",""
"art_17741af21d","M6_admet_synthesis","C:\Users\srira\Desktop\new_plan\EMD_V5_2_Hybrid\07_admet_synthesis\admet_scores.csv","admet_scores","Student 5","2026-05-09T07:39:46Z","created",""
"art_26aa496e26","M6_admet_synthesis","C:\Users\srira\Desktop\new_plan\EMD_V5_2_Hybrid\07_admet_synthesis\filter_flags.csv","filter_flags","Student 5","2026-05-09T07:39:46Z","created",""
"art_6d07f6678a","M6_admet_synthesis","C:\Users\srira\Desktop\new_plan\EMD_V5_2_Hybrid\07_admet_synthesis\safety_proxy_notes.csv","safety_proxy_notes","Student 5","2026-05-09T07:39:46Z","created",""
"art_7abfe0d75a","M7_ranking","C:\Users\srira\Desktop\new_plan\EMD_V5_2_Hybrid\08_final_ranking\final_ranked_candidates.csv","final_ranked_candidates","Student 1","2026-05-09T07:39:52Z","created",""
"art_eb2243af77","M5_docking_prep","C:\Users\srira\Desktop\new_plan\EMD_V5_2_Hybrid\06_docking\receptor\docking_grid_5AEP_QUP.json","docking_grid_json","Student 5","2026-05-09T07:43:15Z","created",""
"art_4096366016","M5_docking_prep","C:\Users\srira\Desktop\new_plan\EMD_V5_2_Hybrid\06_docking\ligands_sdf\candidates_for_docking.sdf","candidate_ligands_sdf","Student 5","2026-05-09T07:43:15Z","created",""
"art_93d7a382da","M5_docking_prep","C:\Users\srira\Desktop\new_plan\EMD_V5_2_Hybrid\06_docking\ligands_sdf\docking_input_manifest.csv","docking_input_manifest","Student 5","2026-05-09T07:43:15Z","created",""
"art_ecb0456add","M5_pdbqt_prep","C:\Users\srira\Desktop\new_plan\EMD_V5_2_Hybrid\06_docking\receptor\mk_prepare_receptor.log","receptor_prep_log","Student 5","2026-05-09T07:43:33Z","created",""
"art_5e4ed5b65a","M5_pdbqt_prep","C:\Users\srira\Desktop\new_plan\EMD_V5_2_Hybrid\06_docking\receptor\jak2_prepared.pdbqt","receptor_pdbqt","Student 5","2026-05-09T07:43:33Z","created",""
"art_b7416affe8","M5_pdbqt_prep","C:\Users\srira\Desktop\new_plan\EMD_V5_2_Hybrid\06_docking\ligands_pdbqt\ligand_pdbqt_manifest.csv","ligand_pdbqt_manifest","Student 5","2026-05-09T07:48:29Z","created",""
"art_7c99d2260d","M5_pdbqt_prep","C:\Users\srira\Desktop\new_plan\EMD_V5_2_Hybrid\06_docking\scores\pdbqt_preparation_summary.json","pdbqt_prep_summary","Student 5","2026-05-09T07:48:29Z","created",""
"art_35dea8d943","M5_pdbqt_prep","C:\Users\srira\Desktop\new_plan\EMD_V5_2_Hybrid\06_docking\ligands_pdbqt\ligand_pdbqt_manifest.csv","ligand_pdbqt_manifest","Student 5","2026-05-09T07:48:40Z","created",""
"art_447bc1c672","M5_pdbqt_prep","C:\Users\srira\Desktop\new_plan\EMD_V5_2_Hybrid\06_docking\scores\pdbqt_preparation_summary.json","pdbqt_prep_summary","Student 5","2026-05-09T07:48:40Z","created",""
"art_86c81e0f6d","M5_docking","C:\Users\srira\Desktop\new_plan\EMD_V5_2_Hybrid\06_docking\scores\vina_command_manifest.csv","vina_command_manifest","Student 5","2026-05-09T07:48:44Z","created",""
"art_5d2851bd58","M5_docking","C:\Users\srira\Desktop\new_plan\EMD_V5_2_Hybrid\06_docking\scores\docking_scores.csv","docking_scores","Student 5","2026-05-09T08:26:04Z","created",""
"art_deadd8fed6","M5_docking","C:\Users\srira\Desktop\new_plan\EMD_V5_2_Hybrid\06_docking\scores\docking_scores.csv","docking_scores","Student 5","2026-05-09T08:37:51Z","created",""
"art_85a5a9b8f4","M5_docking","C:\Users\srira\Desktop\new_plan\EMD_V5_2_Hybrid\06_docking\scores\docking_scores.csv","docking_scores","Student 5","2026-05-09T08:47:40Z","created",""
"art_e6643aeae0","M7_ranking","C:\Users\srira\Desktop\new_plan\EMD_V5_2_Hybrid\08_final_ranking\final_ranked_candidates.csv","final_ranked_candidates","Student 1","2026-05-09T08:48:06Z","created",""
"art_6e166b700b","M5_docking","C:\Users\srira\Desktop\new_plan\EMD_V5_2_Hybrid\06_docking\scores\docking_summary.json","docking_summary","Student 5","2026-05-09T09:14:19Z","created",""
"art_cbf769137b","M5_docking","C:\Users\srira\Desktop\new_plan\EMD_V5_2_Hybrid\06_docking\scores\top_docking_scores.csv","top_docking_scores","Student 5","2026-05-09T09:14:19Z","created",""
"art_d91890e0f3","M7_ranking","C:\Users\srira\Desktop\new_plan\EMD_V5_2_Hybrid\08_final_ranking\top_docked_ranked_candidates.csv","top_docked_ranked_candidates","Student 1","2026-05-09T09:14:19Z","created",""
"art_904f54bfa0","M5_docking","C:\Users\srira\Desktop\new_plan\EMD_V5_2_Hybrid\06_docking\scores\docking_scores.csv","docking_scores","Student 5","2026-05-09T09:14:20Z","created",""
"art_b4a0cc21c7","M5_docking","C:\Users\srira\Desktop\new_plan\EMD_V5_2_Hybrid\06_docking\scores\docking_summary.json","docking_summary","Student 5","2026-05-09T09:14:24Z","created",""
"art_4057f9100c","M5_docking","C:\Users\srira\Desktop\new_plan\EMD_V5_2_Hybrid\06_docking\scores\top_docking_scores.csv","top_docking_scores","Student 5","2026-05-09T09:14:24Z","created",""
"art_cf3d577653","M7_ranking","C:\Users\srira\Desktop\new_plan\EMD_V5_2_Hybrid\08_final_ranking\top_docked_ranked_candidates.csv","top_docked_ranked_candidates","Student 1","2026-05-09T09:14:24Z","created",""
"art_db95889d50","M7_ranking","C:\Users\srira\Desktop\new_plan\EMD_V5_2_Hybrid\08_final_ranking\final_ranked_candidates.csv","final_ranked_candidates","Student 1","2026-05-09T09:14:31Z","created",""
"art_74faed4118","M5_pose_sanity","C:\Users\srira\Desktop\new_plan\EMD_V5_2_Hybrid\06_docking\images\pose_sanity\CAND_baa376c0dd_pose.png","pose_sanity_png","Student 5","2026-05-09T09:14:51Z","created",""
"art_a1cb961e7e","M5_pose_sanity","C:\Users\srira\Desktop\new_plan\EMD_V5_2_Hybrid\06_docking\images\pose_sanity\CAND_ab5598f4f0_pose.png","pose_sanity_png","Student 5","2026-05-09T09:14:52Z","created",""
"art_1ad55c0062","M5_pose_sanity","C:\Users\srira\Desktop\new_plan\EMD_V5_2_Hybrid\06_docking\images\pose_sanity\CAND_cc70ad3aa7_pose.png","pose_sanity_png","Student 5","2026-05-09T09:14:53Z","created",""
"art_5c46d101c7","M5_pose_sanity","C:\Users\srira\Desktop\new_plan\EMD_V5_2_Hybrid\06_docking\images\pose_sanity\CAND_daf82c369e_pose.png","pose_sanity_png","Student 5","2026-05-09T09:14:55Z","created",""
"art_1c4a659476","M5_pose_sanity","C:\Users\srira\Desktop\new_plan\EMD_V5_2_Hybrid\06_docking\images\pose_sanity\CAND_3d3d2ca880_pose.png","pose_sanity_png","Student 5","2026-05-09T09:14:56Z","created",""
"art_8604b23c7b","M5_pose_sanity","C:\Users\srira\Desktop\new_plan\EMD_V5_2_Hybrid\06_docking\images\pose_sanity\CAND_b5d4c77a0b_pose.png","pose_sanity_png","Student 5","2026-05-09T09:14:58Z","created",""
"art_cfa047951f","M5_pose_sanity","C:\Users\srira\Desktop\new_plan\EMD_V5_2_Hybrid\06_docking\images\pose_sanity\CAND_a2f01d5a38_pose.png","pose_sanity_png","Student 5","2026-05-09T09:14:59Z","created",""
"art_f9e20ead11","M5_pose_sanity","C:\Users\srira\Desktop\new_plan\EMD_V5_2_Hybrid\06_docking\images\pose_sanity\CAND_fa2553a110_pose.png","pose_sanity_png","Student 5","2026-05-09T09:15:00Z","created",""
"art_f2b0dc38f8","M5_pose_sanity","C:\Users\srira\Desktop\new_plan\EMD_V5_2_Hybrid\06_docking\images\pose_sanity\CAND_577f2e4a02_pose.png","pose_sanity_png","Student 5","2026-05-09T09:15:02Z","created",""
"art_4e50cdd571","M5_pose_sanity","C:\Users\srira\Desktop\new_plan\EMD_V5_2_Hybrid\06_docking\images\pose_sanity\CAND_bd9a5bcc10_pose.png","pose_sanity_png","Student 5","2026-05-09T09:15:03Z","created",""
"art_3cd8a60d22","M5_pose_sanity","C:\Users\srira\Desktop\new_plan\EMD_V5_2_Hybrid\06_docking\scores\pose_sanity_scores.csv","pose_sanity_scores","Student 5","2026-05-09T09:15:03Z","created",""
"art_ce887c7e6e","M7_ranking","C:\Users\srira\Desktop\new_plan\EMD_V5_2_Hybrid\08_final_ranking\final_ranked_candidates.csv","final_ranked_candidates","Student 1","2026-05-09T09:15:09Z","created",""
"art_2c56545689","M8_reporting","C:\Users\srira\Desktop\new_plan\EMD_V5_2_Hybrid\09_reports\candidate_cards\CAND_baa376c0dd_card.md","candidate_card_markdown","Student 1","2026-05-09T09:15:23Z","created",""
"art_d2352839ef","M8_reporting","C:\Users\srira\Desktop\new_plan\EMD_V5_2_Hybrid\09_reports\candidate_cards\CAND_ab5598f4f0_card.md","candidate_card_markdown","Student 1","2026-05-09T09:15:23Z","created",""
"art_c28da34c83","M8_reporting","C:\Users\srira\Desktop\new_plan\EMD_V5_2_Hybrid\09_reports\candidate_cards\CAND_cc70ad3aa7_card.md","candidate_card_markdown","Student 1","2026-05-09T09:15:23Z","created",""
"art_3594304133","M8_reporting","C:\Users\srira\Desktop\new_plan\EMD_V5_2_Hybrid\09_reports\candidate_cards\CAND_daf82c369e_card.md","candidate_card_markdown","Student 1","2026-05-09T09:15:23Z","created",""
"art_1b096870b7","M8_reporting","C:\Users\srira\Desktop\new_plan\EMD_V5_2_Hybrid\09_reports\candidate_cards\CAND_3d3d2ca880_card.md","candidate_card_markdown","Student 1","2026-05-09T09:15:23Z","created",""
"art_5301b922c5","M8_reporting","C:\Users\srira\Desktop\new_plan\EMD_V5_2_Hybrid\09_reports\candidate_cards\CAND_b5d4c77a0b_card.md","candidate_card_markdown","Student 1","2026-05-09T09:15:23Z","created",""
"art_ef649aa2e9","M8_reporting","C:\Users\srira\Desktop\new_plan\EMD_V5_2_Hybrid\09_reports\candidate_cards\CAND_a2f01d5a38_card.md","candidate_card_markdown","Student 1","2026-05-09T09:15:23Z","created",""
"art_c3d1d45bc0","M8_reporting","C:\Users\srira\Desktop\new_plan\EMD_V5_2_Hybrid\09_reports\candidate_cards\CAND_fa2553a110_card.md","candidate_card_markdown","Student 1","2026-05-09T09:15:23Z","created",""
"art_1679948050","M8_reporting","C:\Users\srira\Desktop\new_plan\EMD_V5_2_Hybrid\09_reports\candidate_cards\CAND_577f2e4a02_card.md","candidate_card_markdown","Student 1","2026-05-09T09:15:23Z","created",""
"art_e2f5031cb2","M8_reporting","C:\Users\srira\Desktop\new_plan\EMD_V5_2_Hybrid\09_reports\candidate_cards\CAND_bd9a5bcc10_card.md","candidate_card_markdown","Student 1","2026-05-09T09:15:23Z","created",""
"art_419616b8a4","M8_reporting","C:\Users\srira\Desktop\new_plan\EMD_V5_2_Hybrid\09_reports\limitations.md","limitations_section","Student 1","2026-05-09T09:15:23Z","created",""
"art_9fd20d39c4","M8_reporting","C:\Users\srira\Desktop\new_plan\EMD_V5_2_Hybrid\09_reports\EMD_V5_2_Hybrid_Final_Report_Draft.md","final_report_markdown_draft","Student 1","2026-05-09T09:15:23Z","created",""
"art_d82df3e592","M8_reporting","C:\Users\srira\Desktop\new_plan\EMD_V5_2_Hybrid\09_reports\EMD_V5_2_Hybrid_TPP_Summary.md","tpp_summary_markdown","Student 1","2026-05-09T09:15:23Z","created",""
"art_6ebaf34be2","M8_reporting","C:\Users\srira\Desktop\new_plan\EMD_V5_2_Hybrid\09_reports\molecule_images\CAND_baa376c0dd.png","candidate_2d_png","Student 1","2026-05-09T09:15:23Z","created",""
"art_1fd5ac41d2","M8_reporting","C:\Users\srira\Desktop\new_plan\EMD_V5_2_Hybrid\09_reports\molecule_images\CAND_ab5598f4f0.png","candidate_2d_png","Student 1","2026-05-09T09:15:23Z","created",""
"art_938e2f5334","M8_reporting","C:\Users\srira\Desktop\new_plan\EMD_V5_2_Hybrid\09_reports\molecule_images\CAND_cc70ad3aa7.png","candidate_2d_png","Student 1","2026-05-09T09:15:23Z","created",""
"art_a53b8de0e3","M8_reporting","C:\Users\srira\Desktop\new_plan\EMD_V5_2_Hybrid\09_reports\molecule_images\CAND_daf82c369e.png","candidate_2d_png","Student 1","2026-05-09T09:15:23Z","created",""
"art_40e18293a9","M8_reporting","C:\Users\srira\Desktop\new_plan\EMD_V5_2_Hybrid\09_reports\molecule_images\CAND_3d3d2ca880.png","candidate_2d_png","Student 1","2026-05-09T09:15:24Z","created",""
"art_a5a749cc92","M8_reporting","C:\Users\srira\Desktop\new_plan\EMD_V5_2_Hybrid\09_reports\molecule_images\CAND_b5d4c77a0b.png","candidate_2d_png","Student 1","2026-05-09T09:15:24Z","created",""
"art_4b4b97fad6","M8_reporting","C:\Users\srira\Desktop\new_plan\EMD_V5_2_Hybrid\09_reports\molecule_images\CAND_a2f01d5a38.png","candidate_2d_png","Student 1","2026-05-09T09:15:24Z","created",""
"art_775c93f1be","M8_reporting","C:\Users\srira\Desktop\new_plan\EMD_V5_2_Hybrid\09_reports\molecule_images\CAND_fa2553a110.png","candidate_2d_png","Student 1","2026-05-09T09:15:24Z","created",""
"art_900cb5a94d","M8_reporting","C:\Users\srira\Desktop\new_plan\EMD_V5_2_Hybrid\09_reports\molecule_images\CAND_577f2e4a02.png","candidate_2d_png","Student 1","2026-05-09T09:15:24Z","created",""
"art_1eb86d5d01","M8_reporting","C:\Users\srira\Desktop\new_plan\EMD_V5_2_Hybrid\09_reports\molecule_images\CAND_bd9a5bcc10.png","candidate_2d_png","Student 1","2026-05-09T09:15:24Z","created",""
"art_c317714d20","M8_reporting","C:\Users\srira\Desktop\new_plan\EMD_V5_2_Hybrid\09_reports\molecule_images\CAND_d7042ec02b.png","candidate_2d_png","Student 1","2026-05-09T09:15:24Z","created",""
"art_f7f5fd6ece","M8_reporting","C:\Users\srira\Desktop\new_plan\EMD_V5_2_Hybrid\09_reports\molecule_images\CAND_2b6e6df8b8.png","candidate_2d_png","Student 1","2026-05-09T09:15:24Z","created",""
"art_18dfd67e3f","M8_reporting","C:\Users\srira\Desktop\new_plan\EMD_V5_2_Hybrid\09_reports\molecule_images\CAND_bc25cf8d1d.png","candidate_2d_png","Student 1","2026-05-09T09:15:24Z","created",""
"art_a1605ffc49","M8_reporting","C:\Users\srira\Desktop\new_plan\EMD_V5_2_Hybrid\09_reports\molecule_images\CAND_f3d4556a8b.png","candidate_2d_png","Student 1","2026-05-09T09:15:24Z","created",""
"art_bc1057dfff","M8_reporting","C:\Users\srira\Desktop\new_plan\EMD_V5_2_Hybrid\09_reports\molecule_images\CAND_5e5838b904.png","candidate_2d_png","Student 1","2026-05-09T09:15:24Z","created",""
"art_640a8e765d","M8_reporting","C:\Users\srira\Desktop\new_plan\EMD_V5_2_Hybrid\09_reports\molecule_images\CAND_75476d0578.png","candidate_2d_png","Student 1","2026-05-09T09:15:24Z","created",""
"art_c011aa79ce","M8_reporting","C:\Users\srira\Desktop\new_plan\EMD_V5_2_Hybrid\09_reports\molecule_images\CAND_7dce99bd6a.png","candidate_2d_png","Student 1","2026-05-09T09:15:24Z","created",""
"art_a5b3bd1d57","M8_reporting","C:\Users\srira\Desktop\new_plan\EMD_V5_2_Hybrid\09_reports\molecule_images\CAND_1450c465bc.png","candidate_2d_png","Student 1","2026-05-09T09:15:24Z","created",""
"art_adf2130316","M8_reporting","C:\Users\srira\Desktop\new_plan\EMD_V5_2_Hybrid\09_reports\molecule_images\CAND_164da61b83.png","candidate_2d_png","Student 1","2026-05-09T09:15:24Z","created",""
"art_0530c1c252","M8_reporting","C:\Users\srira\Desktop\new_plan\EMD_V5_2_Hybrid\09_reports\molecule_images\CAND_c62f51e470.png","candidate_2d_png","Student 1","2026-05-09T09:15:24Z","created",""
"art_3769c72c1b","M8_reporting","C:\Users\srira\Desktop\new_plan\EMD_V5_2_Hybrid\09_reports\molecule_images\molecule_image_manifest.csv","molecule_image_manifest","Student 1","2026-05-09T09:15:24Z","created",""
"art_5c9e0f21c6","M0_validation","C:\Users\srira\Desktop\new_plan\EMD_V5_2_Hybrid\00_project_registry\validation_report.json","validation_report","Student 1","2026-05-09T09:15:29Z","created",""
"art_3db8a49e9c","M8_final_audit","C:\Users\srira\Desktop\new_plan\EMD_V5_2_Hybrid\09_reports\final_audit_summary.json","final_audit_json","Student 1","2026-05-09T09:15:29Z","created",""
"art_dbbb0a228f","M8_final_audit","C:\Users\srira\Desktop\new_plan\EMD_V5_2_Hybrid\09_reports\final_audit_summary.md","final_audit_markdown","Student 1","2026-05-09T09:15:29Z","created",""
"art_c7d4c57952","M8_consistency_audit","C:\Users\srira\Desktop\new_plan\EMD_V5_2_Hybrid\09_reports\consistency_audit.json","consistency_audit_json","Student 1","2026-05-09T09:15:30Z","pass",""
"art_be5dc00286","M8_consistency_audit","C:\Users\srira\Desktop\new_plan\EMD_V5_2_Hybrid\09_reports\consistency_audit.md","consistency_audit_markdown","Student 1","2026-05-09T09:15:30Z","pass",""
"art_aadc731740","M8_consistency_audit","C:\Users\srira\Desktop\new_plan\EMD_V5_2_Hybrid\09_reports\consistency_audit.json","consistency_audit_json","Student 1","2026-05-09T09:15:46Z","pass",""
"art_5b3baffc4d","M8_consistency_audit","C:\Users\srira\Desktop\new_plan\EMD_V5_2_Hybrid\09_reports\consistency_audit.md","consistency_audit_markdown","Student 1","2026-05-09T09:15:46Z","pass",""
"art_8234061b9a","M3_colab_checkpoint_import","C:\Users\srira\Desktop\new_plan\EMD_V5_2_Hybrid\04_models_checkpoints\se3_flow\se3_best_checkpoint.pt","se3_best_checkpoint","Student 3","2026-05-09T10:00:12Z","created","Imported from EMD_V5_2_Hybrid_trained_artifacts.zip"
"art_1517f13b07","M3_colab_checkpoint_import","C:\Users\srira\Desktop\new_plan\EMD_V5_2_Hybrid\04_models_checkpoints\se3_flow\se3_latest_checkpoint.pt","se3_latest_checkpoint","Student 3","2026-05-09T10:00:12Z","created","Imported from EMD_V5_2_Hybrid_trained_artifacts.zip"
"art_4419686a06","M3_colab_checkpoint_import","C:\Users\srira\Desktop\new_plan\EMD_V5_2_Hybrid\04_models_checkpoints\se3_flow\training_log.csv","se3_training_log","Student 3","2026-05-09T10:00:12Z","created","Imported from EMD_V5_2_Hybrid_trained_artifacts.zip"
"art_8f1d11e450","M3_colab_checkpoint_import","C:\Users\srira\Desktop\new_plan\EMD_V5_2_Hybrid\04_models_checkpoints\se3_flow\training_curve.png","se3_training_curve","Student 3","2026-05-09T10:00:12Z","created","Imported from EMD_V5_2_Hybrid_trained_artifacts.zip"
"art_74d04c38e6","M3_colab_checkpoint_import","C:\Users\srira\Desktop\new_plan\EMD_V5_2_Hybrid\04_models_checkpoints\se3_flow\training_summary.json","se3_training_summary","Student 3","2026-05-09T10:00:12Z","created","Imported from EMD_V5_2_Hybrid_trained_artifacts.zip"
"art_8c357b2cc9","M0_validation","C:\Users\srira\Desktop\new_plan\EMD_V5_2_Hybrid\00_project_registry\validation_report.json","validation_report","Student 1","2026-05-09T10:00:24Z","created",""
"art_fda6123220","V5_3_fragment_dataset","C:\Users\srira\Desktop\new_plan\EMD_V5_2_Hybrid\02_curated_data\v5_3_macrocycle_fragment_linker_pairs.csv","macrocycle_fragment_linker_pairs","Student 3","2026-05-09T10:02:23Z","created",""
"art_726cd2f809","V5_3_fragment_dataset","C:\Users\srira\Desktop\new_plan\EMD_V5_2_Hybrid\03_features\v5_3_anchor_atom_training.csv","anchor_atom_training_csv","Student 3","2026-05-09T10:02:23Z","created",""
"art_7679c5d53c","V5_3_anchor_training","C:\Users\srira\Desktop\new_plan\EMD_V5_2_Hybrid\04_models_checkpoints\v5_3_anchor\anchor_site_model.pt","anchor_site_model","Student 3","2026-05-09T10:03:07Z","created",""
"art_d8af43d089","V5_3_anchor_training","C:\Users\srira\Desktop\new_plan\EMD_V5_2_Hybrid\04_models_checkpoints\v5_3_anchor\anchor_training_log.csv","anchor_training_log","Student 3","2026-05-09T10:03:07Z","created",""
"art_f080abb886","V5_3_anchor_training","C:\Users\srira\Desktop\new_plan\EMD_V5_2_Hybrid\04_models_checkpoints\v5_3_anchor\anchor_training_summary.json","anchor_training_summary","Student 3","2026-05-09T10:03:07Z","created",""
"art_ae83b23087","V5_3_anchor_training","C:\Users\srira\Desktop\new_plan\EMD_V5_2_Hybrid\04_models_checkpoints\v5_3_anchor\anchor_site_model.pt","anchor_site_model","Student 3","2026-05-09T10:04:03Z","created",""
"art_cb260b2365","V5_3_anchor_training","C:\Users\srira\Desktop\new_plan\EMD_V5_2_Hybrid\04_models_checkpoints\v5_3_anchor\anchor_training_log.csv","anchor_training_log","Student 3","2026-05-09T10:04:03Z","created",""
"art_5f6e4d86be","V5_3_anchor_training","C:\Users\srira\Desktop\new_plan\EMD_V5_2_Hybrid\04_models_checkpoints\v5_3_anchor\anchor_training_summary.json","anchor_training_summary","Student 3","2026-05-09T10:04:03Z","created",""
"art_250dd9c150","M0_validation","C:\Users\srira\Desktop\new_plan\EMD_V5_2_Hybrid\00_project_registry\validation_report.json","validation_report","Student 1","2026-05-09T10:04:10Z","created",""
"art_f00674ead5","M8_final_audit","C:\Users\srira\Desktop\new_plan\EMD_V5_2_Hybrid\09_reports\final_audit_summary.json","final_audit_json","Student 1","2026-05-09T10:04:10Z","created",""
"art_63459e9525","M8_consistency_audit","C:\Users\srira\Desktop\new_plan\EMD_V5_2_Hybrid\09_reports\consistency_audit.json","consistency_audit_json","Student 1","2026-05-09T10:04:10Z","pass",""
"art_af17f3d5d6","M8_final_audit","C:\Users\srira\Desktop\new_plan\EMD_V5_2_Hybrid\09_reports\final_audit_summary.md","final_audit_markdown","Student 1","2026-05-09T10:04:10Z","created",""
"art_64c94dbaf5","M8_consistency_audit","C:\Users\srira\Desktop\new_plan\EMD_V5_2_Hybrid\09_reports\consistency_audit.md","consistency_audit_markdown","Student 1","2026-05-09T10:04:10Z","pass",""
"art_606b02efae","V5_3_linker_size_training","C:\Users\srira\Desktop\new_plan\EMD_V5_2_Hybrid\04_models_checkpoints\v5_3_linker_size\linker_size_model.pt","linker_size_model","Student 3","2026-05-09T10:07:30Z","created",""
"art_b1fd2ed4ad","V5_3_linker_size_training","C:\Users\srira\Desktop\new_plan\EMD_V5_2_Hybrid\04_models_checkpoints\v5_3_linker_size\linker_size_training_features.csv","linker_size_training_features","Student 3","2026-05-09T10:07:30Z","created",""
"art_6778cedb91","V5_3_linker_size_training","C:\Users\srira\Desktop\new_plan\EMD_V5_2_Hybrid\04_models_checkpoints\v5_3_linker_size\linker_size_training_log.csv","linker_size_training_log","Student 3","2026-05-09T10:07:30Z","created",""
"art_e5c853c884","V5_3_linker_size_training","C:\Users\srira\Desktop\new_plan\EMD_V5_2_Hybrid\04_models_checkpoints\v5_3_linker_size\linker_size_training_summary.json","linker_size_training_summary","Student 3","2026-05-09T10:07:30Z","created",""
"art_59afc0a69a","M0_validation","C:\Users\srira\Desktop\new_plan\EMD_V5_2_Hybrid\00_project_registry\validation_report.json","validation_report","Student 1","2026-05-09T10:07:53Z","created",""
"art_66ac6f5593","M8_consistency_audit","C:\Users\srira\Desktop\new_plan\EMD_V5_2_Hybrid\09_reports\consistency_audit.json","consistency_audit_json","Student 1","2026-05-09T10:07:53Z","pass",""
"art_9503821aef","M8_consistency_audit","C:\Users\srira\Desktop\new_plan\EMD_V5_2_Hybrid\09_reports\consistency_audit.md","consistency_audit_markdown","Student 1","2026-05-09T10:07:53Z","pass",""
"art_83d3aa66f5","M0_validation","C:\Users\srira\Desktop\new_plan\EMD_V5_2_Hybrid\00_project_registry\validation_report.json","validation_report","Student 1","2026-05-09T10:15:12Z","created",""
"art_cad27d7eee","M8_consistency_audit","C:\Users\srira\Desktop\new_plan\EMD_V5_2_Hybrid\09_reports\consistency_audit.json","consistency_audit_json","Student 1","2026-05-09T10:15:12Z","pass",""
"art_81dd980843","M8_consistency_audit","C:\Users\srira\Desktop\new_plan\EMD_V5_2_Hybrid\09_reports\consistency_audit.md","consistency_audit_markdown","Student 1","2026-05-09T10:15:12Z","pass",""
"art_32165a79f1","V5_3_macrocycle_pretrain_collection","/content/EMD_V5_2_Hybrid/01_raw_data/chembl/v5_3_macrocycle_pretrain_scan_raw.csv","chembl_macrocycle_scan_raw","Student 2","2026-05-09T10:50:23Z","created",""
"art_a78ce7c57f","V5_3_macrocycle_pretrain_collection","/content/EMD_V5_2_Hybrid/02_curated_data/v5_3_pretrain_macrocycles.csv","pretrain_macrocycle_curated_csv","Student 2","2026-05-09T10:50:23Z","created",""
"art_20c4064921","V5_3_fragment_dataset","/content/EMD_V5_2_Hybrid/02_curated_data/v5_3_pretrain_fragment_linker_pairs.csv","macrocycle_fragment_linker_pairs","Student 3","2026-05-09T10:54:47Z","created",""
"art_9604b1ff88","V5_3_fragment_dataset","/content/EMD_V5_2_Hybrid/03_features/v5_3_pretrain_anchor_atom_training.csv","anchor_atom_training_csv","Student 3","2026-05-09T10:54:47Z","created",""
"art_14519439a4","V5_3_fragment_dataset","/content/EMD_V5_2_Hybrid/02_curated_data/v5_3_macrocycle_fragment_linker_pairs.csv","macrocycle_fragment_linker_pairs","Student 3","2026-05-09T10:54:56Z","created",""
"art_8d3595c127","V5_3_fragment_dataset","/content/EMD_V5_2_Hybrid/03_features/v5_3_anchor_atom_training.csv","anchor_atom_training_csv","Student 3","2026-05-09T10:54:56Z","created",""
"art_73b0db2175","V5_3_anchor_training","/content/EMD_V5_2_Hybrid/04_models_checkpoints/v5_3_anchor_pretrain/anchor_site_model.pt","anchor_site_model","Student 3","2026-05-09T11:01:36Z","created",""
"art_942d3173ac","V5_3_anchor_training","/content/EMD_V5_2_Hybrid/04_models_checkpoints/v5_3_anchor_pretrain/anchor_training_log.csv","anchor_training_log","Student 3","2026-05-09T11:01:36Z","created",""
"art_75aebb95b2","V5_3_anchor_training","/content/EMD_V5_2_Hybrid/04_models_checkpoints/v5_3_anchor_pretrain/anchor_training_summary.json","anchor_training_summary","Student 3","2026-05-09T11:01:36Z","created",""
"art_78936e7fe3","V5_3_anchor_training","/content/EMD_V5_2_Hybrid/04_models_checkpoints/v5_3_anchor/anchor_site_model.pt","anchor_site_model","Student 3","2026-05-09T11:01:56Z","created",""
"art_1f161a7b73","V5_3_anchor_training","/content/EMD_V5_2_Hybrid/04_models_checkpoints/v5_3_anchor/anchor_training_log.csv","anchor_training_log","Student 3","2026-05-09T11:01:56Z","created",""
"art_00ff62c199","V5_3_anchor_training","/content/EMD_V5_2_Hybrid/04_models_checkpoints/v5_3_anchor/anchor_training_summary.json","anchor_training_summary","Student 3","2026-05-09T11:01:56Z","created",""
"art_c28497fc63","V5_3_linker_size_training","/content/EMD_V5_2_Hybrid/04_models_checkpoints/v5_3_linker_size_pretrain/linker_size_model.pt","linker_size_model","Student 3","2026-05-09T11:03:11Z","created",""
"art_e05adc5d5b","V5_3_linker_size_training","/content/EMD_V5_2_Hybrid/04_models_checkpoints/v5_3_linker_size_pretrain/linker_size_training_features.csv","linker_size_training_features","Student 3","2026-05-09T11:03:11Z","created",""
"art_84093a5cc0","V5_3_linker_size_training","/content/EMD_V5_2_Hybrid/04_models_checkpoints/v5_3_linker_size_pretrain/linker_size_training_log.csv","linker_size_training_log","Student 3","2026-05-09T11:03:11Z","created",""
"art_18577ef67e","V5_3_linker_size_training","/content/EMD_V5_2_Hybrid/04_models_checkpoints/v5_3_linker_size_pretrain/linker_size_training_summary.json","linker_size_training_summary","Student 3","2026-05-09T11:03:11Z","created",""
"art_34f755acbd","V5_3_linker_size_training","/content/EMD_V5_2_Hybrid/04_models_checkpoints/v5_3_linker_size/linker_size_model.pt","linker_size_model","Student 3","2026-05-09T11:03:18Z","created",""
"art_2592f7b348","V5_3_linker_size_training","/content/EMD_V5_2_Hybrid/04_models_checkpoints/v5_3_linker_size/linker_size_training_features.csv","linker_size_training_features","Student 3","2026-05-09T11:03:18Z","created",""
"art_ae8a2c72f1","V5_3_linker_size_training","/content/EMD_V5_2_Hybrid/04_models_checkpoints/v5_3_linker_size/linker_size_training_log.csv","linker_size_training_log","Student 3","2026-05-09T11:03:18Z","created",""
"art_f141d21736","V5_3_linker_size_training","/content/EMD_V5_2_Hybrid/04_models_checkpoints/v5_3_linker_size/linker_size_training_summary.json","linker_size_training_summary","Student 3","2026-05-09T11:03:18Z","created",""
"art_b8d59cb2e2","V5_3_model_guided_generation","C:\Users\srira\Desktop\new_plan\EMD_V5_2_Hybrid\05_generated_candidates\model_guided_macrocycle\generated_v5_3_model_guided_macrocycles.csv","model_guided_macrocycle_candidates","Student 4","2026-05-11T11:45:18Z","created",""
"art_b0acf7e4d1","V5_3_model_guided_generation","C:\Users\srira\Desktop\new_plan\EMD_V5_2_Hybrid\05_generated_candidates\model_guided_macrocycle\v5_3_model_guided_generation_metrics.csv","model_guided_generation_metrics","Student 1","2026-05-11T11:45:18Z","created",""
"art_8db70311e1","V5_3_model_guided_generation","C:\Users\srira\Desktop\new_plan\EMD_V5_2_Hybrid\05_generated_candidates\merged\generated_merged_with_v5_3_model_guided.csv","merged_candidate_csv_with_model_guided","Student 1","2026-05-11T11:45:18Z","created",""
"art_c7d860491f","M0_validation","C:\Users\srira\Desktop\new_plan\EMD_V5_2_Hybrid\00_project_registry\validation_report.json","validation_report","Student 1","2026-05-11T11:45:29Z","created",""
"art_5c15ac1cae","V5_3_model_guided_generation","C:\Users\srira\Desktop\new_plan\EMD_V5_2_Hybrid\05_generated_candidates\model_guided_macrocycle\generated_v5_3_model_guided_macrocycles.csv","model_guided_macrocycle_candidates","Student 4","2026-05-11T11:46:09Z","created",""
"art_32298a2792","V5_3_model_guided_generation","C:\Users\srira\Desktop\new_plan\EMD_V5_2_Hybrid\05_generated_candidates\model_guided_macrocycle\v5_3_model_guided_generation_metrics.csv","model_guided_generation_metrics","Student 1","2026-05-11T11:46:09Z","created",""
"art_0f3f18205d","V5_3_model_guided_generation","C:\Users\srira\Desktop\new_plan\EMD_V5_2_Hybrid\05_generated_candidates\merged\generated_merged_with_v5_3_model_guided.csv","merged_candidate_csv_with_model_guided","Student 1","2026-05-11T11:46:09Z","created",""
"art_9c472eb45f","M0_validation","C:\Users\srira\Desktop\new_plan\EMD_V5_2_Hybrid\00_project_registry\validation_report.json","validation_report","Student 1","2026-05-11T11:47:10Z","created",""
"art_255bbec528","V5_3_docking_prep","C:\Users\srira\Desktop\new_plan\EMD_V5_2_Hybrid\06_docking\v5_3_model_guided\receptor\docking_grid_5AEP_QUP.json","docking_grid_json","Student 5","2026-05-12T06:39:27Z","created",""
"art_332bdb6de7","V5_3_docking_prep","C:\Users\srira\Desktop\new_plan\EMD_V5_2_Hybrid\06_docking\v5_3_model_guided\ligands_sdf\candidates_for_docking.sdf","candidate_ligands_sdf","Student 5","2026-05-12T06:39:27Z","created",""
"art_008ec57421","V5_3_docking_prep","C:\Users\srira\Desktop\new_plan\EMD_V5_2_Hybrid\06_docking\v5_3_model_guided\ligands_sdf\docking_input_manifest.csv","docking_input_manifest","Student 5","2026-05-12T06:39:27Z","created",""
"art_f7647b767b","V5_3_pdbqt_prep","C:\Users\srira\Desktop\new_plan\EMD_V5_2_Hybrid\06_docking\v5_3_model_guided\ligands_pdbqt\ligand_pdbqt_manifest.csv","ligand_pdbqt_manifest","Student 5","2026-05-12T06:43:28Z","created",""
"art_318beabc30","V5_3_pdbqt_prep","C:\Users\srira\Desktop\new_plan\EMD_V5_2_Hybrid\06_docking\v5_3_model_guided\scores\pdbqt_preparation_summary.json","pdbqt_prep_summary","Student 5","2026-05-12T06:43:28Z","created",""
"art_d4a6956dce","V5_3_docking_manifest","C:\Users\srira\Desktop\new_plan\EMD_V5_2_Hybrid\06_docking\v5_3_model_guided\scores\vina_command_manifest.csv","vina_command_manifest","Student 5","2026-05-12T06:43:37Z","created",""
"art_40d9ca0480","V5_3_fast_docking_manifest","C:\Users\srira\Desktop\new_plan\EMD_V5_2_Hybrid\06_docking\v5_3_model_guided_fast\scores\vina_command_manifest.csv","vina_command_manifest","Student 5","2026-05-12T08:05:16Z","created",""
"art_184a1e7bf2","V5_3_docking_parse_partial_full_exh16","C:\Users\srira\Desktop\new_plan\EMD_V5_2_Hybrid\06_docking\v5_3_model_guided\scores\docking_scores_partial_full_exh16.csv","docking_scores","Student 5","2026-05-12T08:05:27Z","created",""
"art_1e8a2f721c","V5_3_model_guided_admet_synthesis","C:\Users\srira\Desktop\new_plan\EMD_V5_2_Hybrid\07_admet_synthesis\v5_3_model_guided_admet_scores.csv","admet_scores","Student 5","2026-05-12T08:05:31Z","created",""
"art_105be0b311","V5_3_model_guided_admet_synthesis","C:\Users\srira\Desktop\new_plan\EMD_V5_2_Hybrid\07_admet_synthesis\v5_3_model_guided_filter_flags.csv","filter_flags","Student 5","2026-05-12T08:05:31Z","created",""
"art_3aab13dd9e","V5_3_model_guided_admet_synthesis","C:\Users\srira\Desktop\new_plan\EMD_V5_2_Hybrid\07_admet_synthesis\v5_3_model_guided_safety_proxy_notes.csv","safety_proxy_notes","Student 5","2026-05-12T08:05:31Z","created",""
"art_3af807a44e","V5_3_model_guided_fast_docking_parse","C:\Users\srira\Desktop\new_plan\EMD_V5_2_Hybrid\06_docking\v5_3_model_guided_fast\scores\docking_scores.csv","docking_scores","Student 5","2026-05-12T09:42:26Z","created",""
"art_8f710cb6d1","V5_3_model_guided_docking_parse","C:\Users\srira\Desktop\new_plan\EMD_V5_2_Hybrid\06_docking\v5_3_model_guided\scores\docking_scores_partial_full_exh16.csv","docking_scores","Student 5","2026-05-12T09:42:26Z","created",""
"art_2aaeb78d32","V5_3_model_guided_ranking","C:\Users\srira\Desktop\new_plan\EMD_V5_2_Hybrid\08_final_ranking\v5_3_model_guided_ranked_candidates.csv","final_ranked_candidates","Student 1","2026-05-12T09:42:53Z","created",""
"art_95f03d1937","V5_3_model_guided_admet_synthesis","C:\Users\srira\Desktop\new_plan\EMD_V5_2_Hybrid\07_admet_synthesis\v5_3_model_guided_admet_scores.csv","admet_scores","Student 5","2026-05-12T09:42:54Z","created",""
"art_665db06598","V5_3_model_guided_admet_synthesis","C:\Users\srira\Desktop\new_plan\EMD_V5_2_Hybrid\07_admet_synthesis\v5_3_model_guided_filter_flags.csv","filter_flags","Student 5","2026-05-12T09:42:54Z","created",""
"art_4115925356","V5_3_model_guided_admet_synthesis","C:\Users\srira\Desktop\new_plan\EMD_V5_2_Hybrid\07_admet_synthesis\v5_3_model_guided_safety_proxy_notes.csv","safety_proxy_notes","Student 5","2026-05-12T09:42:54Z","created",""
"art_83baae9c6f","V5_3_model_guided_pose_sanity","C:\Users\srira\Desktop\new_plan\EMD_V5_2_Hybrid\06_docking\v5_3_model_guided\scores\pose_sanity_scores.csv","pose_sanity_scores","Student 5","2026-05-12T09:43:25Z","created",""
"art_41aaef1002","V5_3_model_guided_ranking_with_pose","C:\Users\srira\Desktop\new_plan\EMD_V5_2_Hybrid\08_final_ranking\v5_3_model_guided_ranked_candidates.csv","final_ranked_candidates","Student 1","2026-05-12T09:43:41Z","created",""
"art_43e7020caa","V5_3_benchmark","C:\Users\srira\Desktop\new_plan\EMD_V5_2_Hybrid\09_reports\v5_3_benchmark\emd_candidate_benchmark_metrics.csv","v5_3_candidate_benchmark_metrics","Student 1","2026-05-12T09:43:50Z","created",""
"art_88af5b9bae","V5_3_benchmark","C:\Users\srira\Desktop\new_plan\EMD_V5_2_Hybrid\09_reports\v5_3_benchmark\emd_docking_benchmark_metrics.csv","v5_3_docking_benchmark_metrics","Student 1","2026-05-12T09:43:50Z","created",""
"art_051cac0b88","V5_3_benchmark","C:\Users\srira\Desktop\new_plan\EMD_V5_2_Hybrid\09_reports\v5_3_benchmark\emd_pose_benchmark_metrics.csv","v5_3_pose_benchmark_metrics","Student 1","2026-05-12T09:43:50Z","created",""
"art_de68e2f862","V5_3_benchmark","C:\Users\srira\Desktop\new_plan\EMD_V5_2_Hybrid\09_reports\v5_3_benchmark\reference_med_style_metrics.csv","reference_med_style_metrics","Student 1","2026-05-12T09:43:50Z","created",""
"art_7524ae7f51","V5_3_benchmark","C:\Users\srira\Desktop\new_plan\EMD_V5_2_Hybrid\09_reports\v5_3_benchmark\emd_v5_3_benchmark_summary.json","v5_3_benchmark_summary","Student 1","2026-05-12T09:43:50Z","created",""
"art_2fe394a107","V5_3_benchmark","C:\Users\srira\Desktop\new_plan\EMD_V5_2_Hybrid\09_reports\v5_3_benchmark\EMD_V5_3_Benchmark_Report.md","v5_3_benchmark_report","Student 1","2026-05-12T09:43:50Z","created",""
"art_ce9c048b27","M0_validation","C:\Users\srira\Desktop\new_plan\EMD_V5_2_Hybrid\00_project_registry\validation_report.json","validation_report","Student 1","2026-05-12T09:44:23Z","created",""
"art_bc25b1d57c","M0_validation","C:\Users\srira\Desktop\new_plan\EMD_V5_2_Hybrid\00_project_registry\validation_report.json","validation_report","Student 1","2026-05-12T09:46:26Z","created",""
"art_c94ae5f633","M0_validation","C:\Users\srira\Desktop\new_plan\EMD_V5_2_Hybrid\00_project_registry\validation_report.json","validation_report","Student 1","2026-05-12T09:56:15Z","created",""
"art_bb5497f4ff","V5_3_model_guided_local_manifest","C:\Users\srira\Desktop\new_plan\EMD_V5_2_Hybrid\06_docking\v5_3_model_guided\scores\vina_command_manifest.csv","vina_command_manifest","Student 5","2026-05-13T15:31:01Z","created",""
"art_1e4cf59eb6","V5_3_model_guided_local_parallel_manifest","C:\Users\srira\Desktop\new_plan\EMD_V5_2_Hybrid\06_docking\v5_3_model_guided\scores\vina_command_manifest.csv","vina_command_manifest","Student 5","2026-05-13T16:17:39Z","created",""
"art_4cc239f827","V5_3_benchmark","C:\Users\srira\Desktop\new_plan\EMD_V5_2_Hybrid\09_reports\v5_3_benchmark\emd_candidate_benchmark_metrics.csv","v5_3_candidate_benchmark_metrics","Student 1","2026-05-13T17:09:40Z","created",""
"art_99f4029c28","V5_3_benchmark","C:\Users\srira\Desktop\new_plan\EMD_V5_2_Hybrid\09_reports\v5_3_benchmark\emd_docking_benchmark_metrics.csv","v5_3_docking_benchmark_metrics","Student 1","2026-05-13T17:09:40Z","created",""
"art_a24e2cc94e","V5_3_benchmark","C:\Users\srira\Desktop\new_plan\EMD_V5_2_Hybrid\09_reports\v5_3_benchmark\emd_pose_benchmark_metrics.csv","v5_3_pose_benchmark_metrics","Student 1","2026-05-13T17:09:40Z","created",""
"art_45284c82ba","V5_3_benchmark","C:\Users\srira\Desktop\new_plan\EMD_V5_2_Hybrid\09_reports\v5_3_benchmark\reference_med_style_metrics.csv","reference_med_style_metrics","Student 1","2026-05-13T17:09:40Z","created",""
"art_039bf0f613","V5_3_benchmark","C:\Users\srira\Desktop\new_plan\EMD_V5_2_Hybrid\09_reports\v5_3_benchmark\emd_v5_3_benchmark_summary.json","v5_3_benchmark_summary","Student 1","2026-05-13T17:09:40Z","created",""
"art_b72d71b9d2","V5_3_benchmark","C:\Users\srira\Desktop\new_plan\EMD_V5_2_Hybrid\09_reports\v5_3_benchmark\EMD_V5_3_Benchmark_Report.md","v5_3_benchmark_report","Student 1","2026-05-13T17:09:40Z","created",""
"art_11841411f4","V5_3_vina_gpu_ligand_sanitize","C:\Users\srira\Desktop\new_plan\EMD_V5_2_Hybrid\06_docking\v5_3_model_guided\ligands_pdbqt_vina_gpu_clean","vina_gpu_clean_ligands","Student 5","2026-05-13T18:25:07Z","created",""
"art_d44b07e801","V5_3_vina_gpu_ligand_sanitize","C:\Users\srira\Desktop\new_plan\EMD_V5_2_Hybrid\06_docking\v5_3_model_guided\scores\vina_gpu_ligand_sanitization_summary.csv","vina_gpu_ligand_sanitization_summary","Student 5","2026-05-13T18:25:07Z","created",""
"art_d11672a953","V5_3_benchmark","C:\Users\srira\Desktop\new_plan\EMD_V5_2_Hybrid\09_reports\v5_3_benchmark\emd_candidate_benchmark_metrics.csv","v5_3_candidate_benchmark_metrics","Student 1","2026-05-14T04:54:15Z","created",""
"art_8c0a093ee9","V5_3_benchmark","C:\Users\srira\Desktop\new_plan\EMD_V5_2_Hybrid\09_reports\v5_3_benchmark\emd_docking_benchmark_metrics.csv","v5_3_docking_benchmark_metrics","Student 1","2026-05-14T04:54:15Z","created",""
"art_f463f0458b","V5_3_benchmark","C:\Users\srira\Desktop\new_plan\EMD_V5_2_Hybrid\09_reports\v5_3_benchmark\emd_pose_benchmark_metrics.csv","v5_3_pose_benchmark_metrics","Student 1","2026-05-14T04:54:15Z","created",""
"art_40af388203","V5_3_benchmark","C:\Users\srira\Desktop\new_plan\EMD_V5_2_Hybrid\09_reports\v5_3_benchmark\reference_med_style_metrics.csv","reference_med_style_metrics","Student 1","2026-05-14T04:54:15Z","created",""
"art_25c77afbfb","V5_3_benchmark","C:\Users\srira\Desktop\new_plan\EMD_V5_2_Hybrid\09_reports\v5_3_benchmark\emd_v5_3_benchmark_summary.json","v5_3_benchmark_summary","Student 1","2026-05-14T04:54:15Z","created",""
"art_0f0dbff05b","V5_3_benchmark","C:\Users\srira\Desktop\new_plan\EMD_V5_2_Hybrid\09_reports\v5_3_benchmark\EMD_V5_3_Benchmark_Report.md","v5_3_benchmark_report","Student 1","2026-05-14T04:54:15Z","created",""
"art_1a02c05652","V5_3_benchmark","C:\Users\srira\Desktop\new_plan\EMD_V5_2_Hybrid\09_reports\v5_3_benchmark\emd_candidate_benchmark_metrics.csv","v5_3_candidate_benchmark_metrics","Student 1","2026-05-14T04:54:55Z","created",""
"art_5f08b7f73b","V5_3_benchmark","C:\Users\srira\Desktop\new_plan\EMD_V5_2_Hybrid\09_reports\v5_3_benchmark\emd_docking_benchmark_metrics.csv","v5_3_docking_benchmark_metrics","Student 1","2026-05-14T04:54:55Z","created",""
"art_281a446a7a","V5_3_benchmark","C:\Users\srira\Desktop\new_plan\EMD_V5_2_Hybrid\09_reports\v5_3_benchmark\emd_pose_benchmark_metrics.csv","v5_3_pose_benchmark_metrics","Student 1","2026-05-14T04:54:55Z","created",""
"art_e15771b941","V5_3_benchmark","C:\Users\srira\Desktop\new_plan\EMD_V5_2_Hybrid\09_reports\v5_3_benchmark\reference_med_style_metrics.csv","reference_med_style_metrics","Student 1","2026-05-14T04:54:55Z","created",""
"art_108da3d0f3","V5_3_benchmark","C:\Users\srira\Desktop\new_plan\EMD_V5_2_Hybrid\09_reports\v5_3_benchmark\emd_v5_3_benchmark_summary.json","v5_3_benchmark_summary","Student 1","2026-05-14T04:54:55Z","created",""
"art_b4df1df79b","V5_3_benchmark","C:\Users\srira\Desktop\new_plan\EMD_V5_2_Hybrid\09_reports\v5_3_benchmark\EMD_V5_3_Benchmark_Report.md","v5_3_benchmark_report","Student 1","2026-05-14T04:54:55Z","created",""
"art_9b3e2741b8","V5_3_benchmark","C:\Users\srira\Desktop\new_plan\EMD_V5_2_Hybrid\09_reports\v5_3_benchmark\emd_candidate_benchmark_metrics.csv","v5_3_candidate_benchmark_metrics","Student 1","2026-05-14T04:55:35Z","created",""
"art_623fb0504a","V5_3_benchmark","C:\Users\srira\Desktop\new_plan\EMD_V5_2_Hybrid\09_reports\v5_3_benchmark\emd_docking_benchmark_metrics.csv","v5_3_docking_benchmark_metrics","Student 1","2026-05-14T04:55:35Z","created",""
"art_694dd4b3fe","V5_3_benchmark","C:\Users\srira\Desktop\new_plan\EMD_V5_2_Hybrid\09_reports\v5_3_benchmark\emd_pose_benchmark_metrics.csv","v5_3_pose_benchmark_metrics","Student 1","2026-05-14T04:55:35Z","created",""
"art_af0a7b7099","V5_3_benchmark","C:\Users\srira\Desktop\new_plan\EMD_V5_2_Hybrid\09_reports\v5_3_benchmark\reference_med_style_metrics.csv","reference_med_style_metrics","Student 1","2026-05-14T04:55:35Z","created",""
"art_ed2528a9ee","V5_3_benchmark","C:\Users\srira\Desktop\new_plan\EMD_V5_2_Hybrid\09_reports\v5_3_benchmark\emd_v5_3_benchmark_summary.json","v5_3_benchmark_summary","Student 1","2026-05-14T04:55:35Z","created",""
"art_624e1bf338","V5_3_benchmark","C:\Users\srira\Desktop\new_plan\EMD_V5_2_Hybrid\09_reports\v5_3_benchmark\EMD_V5_3_Benchmark_Report.md","v5_3_benchmark_report","Student 1","2026-05-14T04:55:35Z","created",""
"art_27b1f9be4b","V5_3_vina_gpu_decision_package","C:\Users\srira\Desktop\new_plan\EMD_V5_2_Hybrid\09_reports\v5_3_gpu_decision_package\v5_3_gpu_top_candidates.csv","v5_3_gpu_top_candidates_csv","Student 1","2026-05-14T04:58:09Z","created",""
"art_ba95c9afae","V5_3_vina_gpu_decision_package","C:\Users\srira\Desktop\new_plan\EMD_V5_2_Hybrid\09_reports\v5_3_gpu_decision_package\V5_3_GPU_Candidate_Decision_Package.md","v5_3_gpu_decision_report","Student 1","2026-05-14T04:58:09Z","created",""
"art_5ea8bbee9b","V5_3_vina_gpu_decision_package","C:\Users\srira\Desktop\new_plan\EMD_V5_2_Hybrid\09_reports\v5_3_gpu_decision_package\V5_3_GPU_Candidate_Decision_Package.zip","v5_3_gpu_decision_package_zip","Student 1","2026-05-14T04:58:09Z","created",""
"art_f1afd9b26e","M0_validation","C:\Users\srira\Desktop\new_plan\EMD_V5_2_Hybrid\00_project_registry\validation_report.json","validation_report","Student 1","2026-05-14T05:01:00Z","created",""
"art_94dcddf1f3","V5_3_benchmark_gap_measurement","C:\Users\srira\Desktop\new_plan\EMD_V5_2_Hybrid\05_generated_candidates\model_guided_macrocycle\v5_3_model_guided_linker_novelty.csv","v5_3_linker_novelty_csv","Student 1","2026-05-14T05:39:12Z","created",""
"art_29118069dc","V5_3_benchmark_gap_measurement","C:\Users\srira\Desktop\new_plan\EMD_V5_2_Hybrid\05_generated_candidates\model_guided_macrocycle\v5_3_model_guided_benchmark_gap_summary.json","v5_3_benchmark_gap_summary","Student 1","2026-05-14T05:39:12Z","created",""
"art_57e70c6983","V5_3_benchmark","C:\Users\srira\Desktop\new_plan\EMD_V5_2_Hybrid\09_reports\v5_3_benchmark\emd_candidate_benchmark_metrics.csv","v5_3_candidate_benchmark_metrics","Student 1","2026-05-14T05:39:24Z","created",""
"art_d31016ddb4","V5_3_benchmark","C:\Users\srira\Desktop\new_plan\EMD_V5_2_Hybrid\09_reports\v5_3_benchmark\emd_docking_benchmark_metrics.csv","v5_3_docking_benchmark_metrics","Student 1","2026-05-14T05:39:24Z","created",""
"art_acdd6a154c","V5_3_benchmark","C:\Users\srira\Desktop\new_plan\EMD_V5_2_Hybrid\09_reports\v5_3_benchmark\emd_pose_benchmark_metrics.csv","v5_3_pose_benchmark_metrics","Student 1","2026-05-14T05:39:24Z","created",""
"art_dc2b1dcafe","V5_3_benchmark","C:\Users\srira\Desktop\new_plan\EMD_V5_2_Hybrid\09_reports\v5_3_benchmark\reference_med_style_metrics.csv","reference_med_style_metrics","Student 1","2026-05-14T05:39:24Z","created",""
"art_81ecb97e98","V5_3_benchmark","C:\Users\srira\Desktop\new_plan\EMD_V5_2_Hybrid\09_reports\v5_3_benchmark\emd_v5_3_benchmark_summary.json","v5_3_benchmark_summary","Student 1","2026-05-14T05:39:24Z","created",""
"art_39452ea95f","V5_3_benchmark","C:\Users\srira\Desktop\new_plan\EMD_V5_2_Hybrid\09_reports\v5_3_benchmark\EMD_V5_3_Benchmark_Report.md","v5_3_benchmark_report","Student 1","2026-05-14T05:39:24Z","created",""
"art_9e7bd358f2","V5_3_benchmark","C:\Users\srira\Desktop\new_plan\EMD_V5_2_Hybrid\09_reports\v5_3_benchmark\emd_candidate_benchmark_metrics.csv","v5_3_candidate_benchmark_metrics","Student 1","2026-05-14T05:40:29Z","created",""
"art_37ef20be50","V5_3_benchmark","C:\Users\srira\Desktop\new_plan\EMD_V5_2_Hybrid\09_reports\v5_3_benchmark\emd_docking_benchmark_metrics.csv","v5_3_docking_benchmark_metrics","Student 1","2026-05-14T05:40:29Z","created",""
"art_74b506a96d","V5_3_benchmark","C:\Users\srira\Desktop\new_plan\EMD_V5_2_Hybrid\09_reports\v5_3_benchmark\emd_pose_benchmark_metrics.csv","v5_3_pose_benchmark_metrics","Student 1","2026-05-14T05:40:29Z","created",""
"art_26549dfe71","V5_3_benchmark","C:\Users\srira\Desktop\new_plan\EMD_V5_2_Hybrid\09_reports\v5_3_benchmark\reference_med_style_metrics.csv","reference_med_style_metrics","Student 1","2026-05-14T05:40:29Z","created",""
"art_bd6fa6527a","V5_3_benchmark","C:\Users\srira\Desktop\new_plan\EMD_V5_2_Hybrid\09_reports\v5_3_benchmark\emd_v5_3_benchmark_summary.json","v5_3_benchmark_summary","Student 1","2026-05-14T05:40:29Z","created",""
"art_59f0fb90d3","V5_3_benchmark","C:\Users\srira\Desktop\new_plan\EMD_V5_2_Hybrid\09_reports\v5_3_benchmark\EMD_V5_3_Benchmark_Report.md","v5_3_benchmark_report","Student 1","2026-05-14T05:40:29Z","created",""
"art_8c2b7617f8","V5_3_benchmark","C:\Users\srira\Desktop\new_plan\EMD_V5_2_Hybrid\09_reports\v5_3_benchmark\emd_candidate_benchmark_metrics.csv","v5_3_candidate_benchmark_metrics","Student 1","2026-05-14T05:44:27Z","created",""
"art_41d8c2e2b8","V5_3_benchmark","C:\Users\srira\Desktop\new_plan\EMD_V5_2_Hybrid\09_reports\v5_3_benchmark\emd_docking_benchmark_metrics.csv","v5_3_docking_benchmark_metrics","Student 1","2026-05-14T05:44:27Z","created",""
"art_346d928085","V5_3_benchmark","C:\Users\srira\Desktop\new_plan\EMD_V5_2_Hybrid\09_reports\v5_3_benchmark\emd_pose_benchmark_metrics.csv","v5_3_pose_benchmark_metrics","Student 1","2026-05-14T05:44:27Z","created",""
"art_2ada1f5c43","V5_3_benchmark","C:\Users\srira\Desktop\new_plan\EMD_V5_2_Hybrid\09_reports\v5_3_benchmark\reference_med_style_metrics.csv","reference_med_style_metrics","Student 1","2026-05-14T05:44:27Z","created",""
"art_71adbc79f2","V5_3_benchmark","C:\Users\srira\Desktop\new_plan\EMD_V5_2_Hybrid\09_reports\v5_3_benchmark\emd_v5_3_benchmark_summary.json","v5_3_benchmark_summary","Student 1","2026-05-14T05:44:27Z","created",""
"art_71c32329e2","V5_3_benchmark","C:\Users\srira\Desktop\new_plan\EMD_V5_2_Hybrid\09_reports\v5_3_benchmark\EMD_V5_3_Benchmark_Report.md","v5_3_benchmark_report","Student 1","2026-05-14T05:44:27Z","created",""
"art_a30e59ffa5","M0_validation","C:\Users\srira\Desktop\new_plan\EMD_V5_2_Hybrid\00_project_registry\validation_report.json","validation_report","Student 1","2026-05-14T05:45:13Z","created",""
art_ab2355b77f,M0_validation,C:\Users\srira\Desktop\new_plan\EMD_V5_2_Hybrid\00_project_registry\validation_report.json,validation_report,Student 1,2026-05-14T06:04:59Z,created,
art_3f059d28e3,V5_3_benchmark,C:\Users\srira\Desktop\new_plan\EMD_V5_2_Hybrid\09_reports\v5_3_benchmark\emd_candidate_benchmark_metrics.csv,v5_3_candidate_benchmark_metrics,Student 1,2026-05-14T06:04:59Z,created,
art_1129be91d0,V5_3_benchmark,C:\Users\srira\Desktop\new_plan\EMD_V5_2_Hybrid\09_reports\v5_3_benchmark\emd_docking_benchmark_metrics.csv,v5_3_docking_benchmark_metrics,Student 1,2026-05-14T06:04:59Z,created,
art_711e3f6090,V5_3_benchmark,C:\Users\srira\Desktop\new_plan\EMD_V5_2_Hybrid\09_reports\v5_3_benchmark\emd_pose_benchmark_metrics.csv,v5_3_pose_benchmark_metrics,Student 1,2026-05-14T06:04:59Z,created,
art_6338caa3ba,V5_3_benchmark,C:\Users\srira\Desktop\new_plan\EMD_V5_2_Hybrid\09_reports\v5_3_benchmark\reference_med_style_metrics.csv,reference_med_style_metrics,Student 1,2026-05-14T06:04:59Z,created,
art_48ca1ab43f,V5_3_benchmark,C:\Users\srira\Desktop\new_plan\EMD_V5_2_Hybrid\09_reports\v5_3_benchmark\emd_v5_3_benchmark_summary.json,v5_3_benchmark_summary,Student 1,2026-05-14T06:04:59Z,created,
art_49a042c5c2,V5_3_benchmark,C:\Users\srira\Desktop\new_plan\EMD_V5_2_Hybrid\09_reports\v5_3_benchmark\EMD_V5_3_Benchmark_Report.md,v5_3_benchmark_report,Student 1,2026-05-14T06:04:59Z,created,
art_2efd6caa36,M0_validation,C:\Users\srira\Desktop\new_plan\EMD_V5_2_Hybrid\00_project_registry\validation_report.json,validation_report,Student 1,2026-05-14T06:06:32Z,created,
art_c302bbfb4b,V5_4_pocket_electronic_fit,C:\Users\srira\Desktop\new_plan\EMD_V5_2_Hybrid\06_docking\v5_3_model_guided\scores\pocket_electronic_fit_scores.csv,pocket_electronic_fit_scores,Student 5,2026-05-14T06:20:59Z,created,
art_bcd38e89e8,V5_4_pocket_electronic_fit,C:\Users\srira\Desktop\new_plan\EMD_V5_2_Hybrid\08_final_ranking\v5_3_model_guided_pocket_electronic_ranked_candidates.csv,pocket_electronic_guided_ranking,Student 5,2026-05-14T06:20:59Z,created,
art_42b8112638,V5_4_pocket_electronic_fit,C:\Users\srira\Desktop\new_plan\EMD_V5_2_Hybrid\06_docking\v5_3_model_guided\scores\jak2_pocket_electronic_profile.json,jak2_pocket_electronic_profile,Student 5,2026-05-14T06:20:59Z,created,
art_f8d0994a8e,V5_4_pocket_electronic_fit,C:\Users\srira\Desktop\new_plan\EMD_V5_2_Hybrid\00_project_registry\progress_v5_4_pocket_electronic_fit.json,pocket_electronic_fit_progress,Student 5,2026-05-14T06:20:59Z,created,
art_349e9b90f3,V5_3_vina_gpu_decision_package,C:\Users\srira\Desktop\new_plan\EMD_V5_2_Hybrid\09_reports\v5_3_gpu_decision_package\v5_3_gpu_top_candidates.csv,v5_3_gpu_top_candidates_csv,Student 1,2026-05-14T06:23:12Z,created,
art_e43678388b,V5_3_vina_gpu_decision_package,C:\Users\srira\Desktop\new_plan\EMD_V5_2_Hybrid\09_reports\v5_3_gpu_decision_package\V5_3_GPU_Candidate_Decision_Package.md,v5_3_gpu_decision_report,Student 1,2026-05-14T06:23:12Z,created,
art_7f5a1442df,V5_3_vina_gpu_decision_package,C:\Users\srira\Desktop\new_plan\EMD_V5_2_Hybrid\09_reports\v5_3_gpu_decision_package\V5_3_GPU_Candidate_Decision_Package.zip,v5_3_gpu_decision_package_zip,Student 1,2026-05-14T06:23:12Z,created,
art_a40d295589,M0_validation,C:\Users\srira\Desktop\new_plan\EMD_V5_2_Hybrid\00_project_registry\validation_report.json,validation_report,Student 1,2026-05-14T06:25:50Z,created,
art_dd160eb5a9,M0_validation,C:\Users\srira\Desktop\new_plan\EMD_V5_2_Hybrid\00_project_registry\validation_report.json,validation_report,Student 1,2026-05-14T06:27:21Z,created,
art_985786fa76,M0_validation,C:\Users\srira\Desktop\new_plan\EMD_V5_2_Hybrid\00_project_registry\validation_report.json,validation_report,Student 1,2026-05-14T06:27:52Z,created,
art_f58cefc38a,V5_3_benchmark,C:\Users\srira\Desktop\new_plan\EMD_V5_2_Hybrid\09_reports\v5_3_benchmark\emd_candidate_benchmark_metrics.csv,v5_3_candidate_benchmark_metrics,Student 1,2026-05-14T08:26:28Z,created,
art_185d4d5bcc,V5_3_benchmark,C:\Users\srira\Desktop\new_plan\EMD_V5_2_Hybrid\09_reports\v5_3_benchmark\emd_docking_benchmark_metrics.csv,v5_3_docking_benchmark_metrics,Student 1,2026-05-14T08:26:28Z,created,
art_9638f64774,V5_3_benchmark,C:\Users\srira\Desktop\new_plan\EMD_V5_2_Hybrid\09_reports\v5_3_benchmark\emd_pose_benchmark_metrics.csv,v5_3_pose_benchmark_metrics,Student 1,2026-05-14T08:26:28Z,created,
art_2c7fe70d7c,V5_3_benchmark,C:\Users\srira\Desktop\new_plan\EMD_V5_2_Hybrid\09_reports\v5_3_benchmark\reference_med_style_metrics.csv,reference_med_style_metrics,Student 1,2026-05-14T08:26:28Z,created,
art_0b5744c2fd,V5_3_benchmark,C:\Users\srira\Desktop\new_plan\EMD_V5_2_Hybrid\09_reports\v5_3_benchmark\emd_v5_3_benchmark_summary.json,v5_3_benchmark_summary,Student 1,2026-05-14T08:26:28Z,created,
art_0c69722b95,V5_3_benchmark,C:\Users\srira\Desktop\new_plan\EMD_V5_2_Hybrid\09_reports\v5_3_benchmark\EMD_V5_3_Benchmark_Report.md,v5_3_benchmark_report,Student 1,2026-05-14T08:26:28Z,created,
art_4fb3b332ed,V5_3_benchmark_gap_measurement,C:\Users\srira\Desktop\new_plan\EMD_V5_2_Hybrid\05_generated_candidates\model_guided_macrocycle\v5_3_model_guided_linker_novelty.csv,v5_3_linker_novelty_csv,Student 1,2026-05-14T08:26:34Z,created,
art_f21209573b,V5_3_benchmark_gap_measurement,C:\Users\srira\Desktop\new_plan\EMD_V5_2_Hybrid\05_generated_candidates\model_guided_macrocycle\v5_3_model_guided_benchmark_gap_summary.json,v5_3_benchmark_gap_summary,Student 1,2026-05-14T08:26:34Z,created,
art_a563d78b07,V5_4_pocket_electronic_fit,C:\Users\srira\Desktop\new_plan\EMD_V5_2_Hybrid\06_docking\v5_3_model_guided\scores\pocket_electronic_fit_scores.csv,pocket_electronic_fit_scores,Student 5,2026-05-14T08:29:25Z,created,
art_48c2e5217d,V5_4_pocket_electronic_fit,C:\Users\srira\Desktop\new_plan\EMD_V5_2_Hybrid\08_final_ranking\v5_3_model_guided_pocket_electronic_ranked_candidates.csv,pocket_electronic_guided_ranking,Student 5,2026-05-14T08:29:25Z,created,
art_19568a5b76,V5_4_pocket_electronic_fit,C:\Users\srira\Desktop\new_plan\EMD_V5_2_Hybrid\06_docking\v5_3_model_guided\scores\jak2_pocket_electronic_profile.json,jak2_pocket_electronic_profile,Student 5,2026-05-14T08:29:25Z,created,
art_e94a061d37,V5_4_pocket_electronic_fit,C:\Users\srira\Desktop\new_plan\EMD_V5_2_Hybrid\00_project_registry\progress_v5_4_pocket_electronic_fit.json,pocket_electronic_fit_progress,Student 5,2026-05-14T08:29:25Z,created,
art_994ec5da8b,V5_3_vina_gpu_decision_package,C:\Users\srira\Desktop\new_plan\EMD_V5_2_Hybrid\09_reports\v5_3_gpu_decision_package\v5_3_gpu_top_candidates.csv,v5_3_gpu_top_candidates_csv,Student 1,2026-05-14T08:29:38Z,created,
art_5c630ddf6b,V5_3_vina_gpu_decision_package,C:\Users\srira\Desktop\new_plan\EMD_V5_2_Hybrid\09_reports\v5_3_gpu_decision_package\V5_3_GPU_Candidate_Decision_Package.md,v5_3_gpu_decision_report,Student 1,2026-05-14T08:29:38Z,created,
art_a76d595429,V5_3_vina_gpu_decision_package,C:\Users\srira\Desktop\new_plan\EMD_V5_2_Hybrid\09_reports\v5_3_gpu_decision_package\V5_3_GPU_Candidate_Decision_Package.zip,v5_3_gpu_decision_package_zip,Student 1,2026-05-14T08:29:38Z,created,
art_5521f5e9b5,M0_validation,C:\Users\srira\Desktop\new_plan\EMD_V5_2_Hybrid\00_project_registry\validation_report.json,validation_report,Student 1,2026-05-14T08:33:05Z,created,
art_1d5240f5d4,V5_3_benchmark,C:\Users\srira\Desktop\new_plan\EMD_V5_2_Hybrid\09_reports\v5_3_benchmark\emd_candidate_benchmark_metrics.csv,v5_3_candidate_benchmark_metrics,Student 1,2026-05-15T08:43:43Z,created,
art_1458f5b3c7,V5_3_benchmark,C:\Users\srira\Desktop\new_plan\EMD_V5_2_Hybrid\09_reports\v5_3_benchmark\emd_docking_benchmark_metrics.csv,v5_3_docking_benchmark_metrics,Student 1,2026-05-15T08:43:43Z,created,
art_1245c0b173,V5_3_benchmark,C:\Users\srira\Desktop\new_plan\EMD_V5_2_Hybrid\09_reports\v5_3_benchmark\emd_pose_benchmark_metrics.csv,v5_3_pose_benchmark_metrics,Student 1,2026-05-15T08:43:43Z,created,
art_92f2d309fe,V5_3_benchmark,C:\Users\srira\Desktop\new_plan\EMD_V5_2_Hybrid\09_reports\v5_3_benchmark\reference_med_style_metrics.csv,reference_med_style_metrics,Student 1,2026-05-15T08:43:43Z,created,
art_dcf58c039b,V5_3_benchmark,C:\Users\srira\Desktop\new_plan\EMD_V5_2_Hybrid\09_reports\v5_3_benchmark\emd_v5_3_benchmark_summary.json,v5_3_benchmark_summary,Student 1,2026-05-15T08:43:43Z,created,
art_9012245544,V5_3_benchmark,C:\Users\srira\Desktop\new_plan\EMD_V5_2_Hybrid\09_reports\v5_3_benchmark\EMD_V5_3_Benchmark_Report.md,v5_3_benchmark_report,Student 1,2026-05-15T08:43:43Z,created,
art_32aed83e61,V5_3_vina_gpu_decision_package,C:\Users\srira\Desktop\new_plan\EMD_V5_2_Hybrid\09_reports\v5_3_gpu_decision_package\v5_3_gpu_top_candidates.csv,v5_3_gpu_top_candidates_csv,Student 1,2026-05-15T08:43:44Z,created,
art_312cca33db,V5_3_vina_gpu_decision_package,C:\Users\srira\Desktop\new_plan\EMD_V5_2_Hybrid\09_reports\v5_3_gpu_decision_package\V5_3_GPU_Candidate_Decision_Package.md,v5_3_gpu_decision_report,Student 1,2026-05-15T08:43:44Z,created,
art_14dd28194c,V5_3_vina_gpu_decision_package,C:\Users\srira\Desktop\new_plan\EMD_V5_2_Hybrid\09_reports\v5_3_gpu_decision_package\V5_3_GPU_Candidate_Decision_Package.zip,v5_3_gpu_decision_package_zip,Student 1,2026-05-15T08:43:44Z,created,
art_0f56be3b27,V5_3_benchmark,C:\Users\srira\Desktop\new_plan\EMD_V5_2_Hybrid\09_reports\v5_3_benchmark\emd_candidate_benchmark_metrics.csv,v5_3_candidate_benchmark_metrics,Student 1,2026-05-15T10:07:40Z,created,
art_0f54bb0b9e,V5_3_benchmark,C:\Users\srira\Desktop\new_plan\EMD_V5_2_Hybrid\09_reports\v5_3_benchmark\emd_docking_benchmark_metrics.csv,v5_3_docking_benchmark_metrics,Student 1,2026-05-15T10:07:40Z,created,
art_5beb0d804a,V5_3_benchmark,C:\Users\srira\Desktop\new_plan\EMD_V5_2_Hybrid\09_reports\v5_3_benchmark\emd_pose_benchmark_metrics.csv,v5_3_pose_benchmark_metrics,Student 1,2026-05-15T10:07:40Z,created,
art_64044530b1,V5_3_benchmark,C:\Users\srira\Desktop\new_plan\EMD_V5_2_Hybrid\09_reports\v5_3_benchmark\reference_med_style_metrics.csv,reference_med_style_metrics,Student 1,2026-05-15T10:07:40Z,created,
art_f8543c424b,V5_3_benchmark,C:\Users\srira\Desktop\new_plan\EMD_V5_2_Hybrid\09_reports\v5_3_benchmark\emd_v5_3_benchmark_summary.json,v5_3_benchmark_summary,Student 1,2026-05-15T10:07:40Z,created,
art_ba17bb3081,V5_3_benchmark,C:\Users\srira\Desktop\new_plan\EMD_V5_2_Hybrid\09_reports\v5_3_benchmark\EMD_V5_3_Benchmark_Report.md,v5_3_benchmark_report,Student 1,2026-05-15T10:07:40Z,created,
art_8309d568f5,V5_3_vina_gpu_decision_package,C:\Users\srira\Desktop\new_plan\EMD_V5_2_Hybrid\09_reports\v5_3_gpu_decision_package\v5_3_gpu_top_candidates.csv,v5_3_gpu_top_candidates_csv,Student 1,2026-05-15T10:07:41Z,created,
art_7932b17fda,V5_3_vina_gpu_decision_package,C:\Users\srira\Desktop\new_plan\EMD_V5_2_Hybrid\09_reports\v5_3_gpu_decision_package\V5_3_GPU_Candidate_Decision_Package.md,v5_3_gpu_decision_report,Student 1,2026-05-15T10:07:41Z,created,
art_d55f104dd1,V5_3_vina_gpu_decision_package,C:\Users\srira\Desktop\new_plan\EMD_V5_2_Hybrid\09_reports\v5_3_gpu_decision_package\V5_3_GPU_Candidate_Decision_Package.zip,v5_3_gpu_decision_package_zip,Student 1,2026-05-15T10:07:41Z,created,
art_8b90d2b541,V5_3_vina_gpu_decision_package,C:\Users\srira\Desktop\new_plan\EMD_V5_2_Hybrid\09_reports\v5_3_gpu_decision_package\v5_3_gpu_top_candidates.csv,v5_3_gpu_top_candidates_csv,Student 1,2026-05-15T10:08:49Z,created,
art_a8914033db,V5_3_vina_gpu_decision_package,C:\Users\srira\Desktop\new_plan\EMD_V5_2_Hybrid\09_reports\v5_3_gpu_decision_package\V5_3_GPU_Candidate_Decision_Package.md,v5_3_gpu_decision_report,Student 1,2026-05-15T10:08:49Z,created,
art_0743d3bde7,V5_3_vina_gpu_decision_package,C:\Users\srira\Desktop\new_plan\EMD_V5_2_Hybrid\09_reports\v5_3_gpu_decision_package\V5_3_GPU_Candidate_Decision_Package.zip,v5_3_gpu_decision_package_zip,Student 1,2026-05-15T10:08:49Z,created,
art_6ccb8b0119,V5_3_benchmark_gap_measurement,C:\Users\srira\Desktop\new_plan\EMD_V5_2_Hybrid\05_generated_candidates\v5_5_pocket_guided\v5_5_pocket_guided_linker_novelty.csv,v5_3_linker_novelty_csv,Student 1,2026-05-15T16:58:14Z,created,
art_4ab19f14a3,V5_3_benchmark_gap_measurement,C:\Users\srira\Desktop\new_plan\EMD_V5_2_Hybrid\05_generated_candidates\v5_5_pocket_guided\v5_5_pocket_guided_benchmark_gap_summary.json,v5_3_benchmark_gap_summary,Student 1,2026-05-15T16:58:14Z,created,
art_117407a6fa,V5_3_benchmark,C:\Users\srira\Desktop\new_plan\EMD_V5_2_Hybrid\09_reports\v5_3_benchmark\emd_candidate_benchmark_metrics.csv,v5_3_candidate_benchmark_metrics,Student 1,2026-05-15T16:58:24Z,created,
art_44de57afac,V5_3_benchmark,C:\Users\srira\Desktop\new_plan\EMD_V5_2_Hybrid\09_reports\v5_3_benchmark\emd_docking_benchmark_metrics.csv,v5_3_docking_benchmark_metrics,Student 1,2026-05-15T16:58:24Z,created,
art_fab6344aa1,V5_3_benchmark,C:\Users\srira\Desktop\new_plan\EMD_V5_2_Hybrid\09_reports\v5_3_benchmark\emd_pose_benchmark_metrics.csv,v5_3_pose_benchmark_metrics,Student 1,2026-05-15T16:58:24Z,created,
art_52d2e9afe7,V5_3_benchmark,C:\Users\srira\Desktop\new_plan\EMD_V5_2_Hybrid\09_reports\v5_3_benchmark\reference_med_style_metrics.csv,reference_med_style_metrics,Student 1,2026-05-15T16:58:24Z,created,
art_c35e1badf0,V5_3_benchmark,C:\Users\srira\Desktop\new_plan\EMD_V5_2_Hybrid\09_reports\v5_3_benchmark\emd_v5_3_benchmark_summary.json,v5_3_benchmark_summary,Student 1,2026-05-15T16:58:24Z,created,
art_2af589ca97,V5_3_benchmark,C:\Users\srira\Desktop\new_plan\EMD_V5_2_Hybrid\09_reports\v5_3_benchmark\EMD_V5_3_Benchmark_Report.md,v5_3_benchmark_report,Student 1,2026-05-15T16:58:24Z,created,
art_4cceef39e0,V5_3_vina_gpu_decision_package,C:\Users\srira\Desktop\new_plan\EMD_V5_2_Hybrid\09_reports\v5_3_gpu_decision_package\v5_3_gpu_top_candidates.csv,v5_3_gpu_top_candidates_csv,Student 1,2026-05-15T16:58:24Z,created,
art_d9f8828ff7,V5_3_vina_gpu_decision_package,C:\Users\srira\Desktop\new_plan\EMD_V5_2_Hybrid\09_reports\v5_3_gpu_decision_package\V5_3_GPU_Candidate_Decision_Package.md,v5_3_gpu_decision_report,Student 1,2026-05-15T16:58:24Z,created,
art_5e6eabaea8,V5_3_vina_gpu_decision_package,C:\Users\srira\Desktop\new_plan\EMD_V5_2_Hybrid\09_reports\v5_3_gpu_decision_package\V5_3_GPU_Candidate_Decision_Package.zip,v5_3_gpu_decision_package_zip,Student 1,2026-05-15T16:58:24Z,created,
art_2a5d95a19c,V5_3_benchmark,C:\Users\srira\Desktop\new_plan\EMD_V5_2_Hybrid\09_reports\v5_3_benchmark\emd_candidate_benchmark_metrics.csv,v5_3_candidate_benchmark_metrics,Student 1,2026-05-15T16:58:58Z,created,
art_e33965e899,V5_3_benchmark,C:\Users\srira\Desktop\new_plan\EMD_V5_2_Hybrid\09_reports\v5_3_benchmark\emd_docking_benchmark_metrics.csv,v5_3_docking_benchmark_metrics,Student 1,2026-05-15T16:58:58Z,created,
art_8939085687,V5_3_benchmark,C:\Users\srira\Desktop\new_plan\EMD_V5_2_Hybrid\09_reports\v5_3_benchmark\emd_pose_benchmark_metrics.csv,v5_3_pose_benchmark_metrics,Student 1,2026-05-15T16:58:58Z,created,
art_cafa386f94,V5_3_benchmark,C:\Users\srira\Desktop\new_plan\EMD_V5_2_Hybrid\09_reports\v5_3_benchmark\reference_med_style_metrics.csv,reference_med_style_metrics,Student 1,2026-05-15T16:58:58Z,created,
art_159b20519f,V5_3_benchmark,C:\Users\srira\Desktop\new_plan\EMD_V5_2_Hybrid\09_reports\v5_3_benchmark\emd_v5_3_benchmark_summary.json,v5_3_benchmark_summary,Student 1,2026-05-15T16:58:58Z,created,
art_7f05e68bbf,V5_3_benchmark,C:\Users\srira\Desktop\new_plan\EMD_V5_2_Hybrid\09_reports\v5_3_benchmark\EMD_V5_3_Benchmark_Report.md,v5_3_benchmark_report,Student 1,2026-05-15T16:58:58Z,created,
art_8af2dc31dd,V5_5_local_cpu_docking_prep,C:\Users\srira\Desktop\new_plan\EMD_V5_2_Hybrid\06_docking\v5_5_pocket_guided\receptor\docking_grid_5AEP_QUP.json,docking_grid_json,Student 5,2026-05-16T03:39:06Z,created,
art_cf56700a31,V5_5_local_cpu_docking_prep,C:\Users\srira\Desktop\new_plan\EMD_V5_2_Hybrid\06_docking\v5_5_pocket_guided\ligands_sdf\candidates_for_docking.sdf,candidate_ligands_sdf,Student 5,2026-05-16T03:39:06Z,created,
art_244a168ddc,V5_5_local_cpu_docking_prep,C:\Users\srira\Desktop\new_plan\EMD_V5_2_Hybrid\06_docking\v5_5_pocket_guided\ligands_sdf\docking_input_manifest.csv,docking_input_manifest,Student 5,2026-05-16T03:39:06Z,created,
art_59ec08ba1f,V5_5_local_cpu_pdbqt_prep,C:\Users\srira\Desktop\new_plan\EMD_V5_2_Hybrid\06_docking\receptor\mk_prepare_receptor.log,receptor_prep_log,Student 5,2026-05-16T03:39:26Z,created,
art_384cd67d4d,V5_5_local_cpu_pdbqt_prep,C:\Users\srira\Desktop\new_plan\EMD_V5_2_Hybrid\06_docking\receptor\jak2_prepared.pdbqt,receptor_pdbqt,Student 5,2026-05-16T03:39:26Z,created,
art_3b84164e1f,V5_5_local_cpu_pdbqt_prep,C:\Users\srira\Desktop\new_plan\EMD_V5_2_Hybrid\06_docking\v5_5_pocket_guided\ligands_pdbqt\ligand_pdbqt_manifest.csv,ligand_pdbqt_manifest,Student 5,2026-05-16T03:44:42Z,created,
art_426ab70fb2,V5_5_local_cpu_pdbqt_prep,C:\Users\srira\Desktop\new_plan\EMD_V5_2_Hybrid\06_docking\v5_5_pocket_guided\scores\pdbqt_preparation_summary.json,pdbqt_prep_summary,Student 5,2026-05-16T03:44:42Z,created,
art_bc55c247ec,V5_5_local_cpu_vina_gpu_ligand_sanitize,C:\Users\srira\Desktop\new_plan\EMD_V5_2_Hybrid\06_docking\v5_5_pocket_guided\ligands_pdbqt_vina_gpu_clean,vina_gpu_clean_ligands,Student 5,2026-05-16T03:44:55Z,created,
art_e6598a2cb9,V5_5_local_cpu_vina_gpu_ligand_sanitize,C:\Users\srira\Desktop\new_plan\EMD_V5_2_Hybrid\06_docking\v5_5_pocket_guided\scores\vina_gpu_ligand_sanitization_summary.csv,vina_gpu_ligand_sanitization_summary,Student 5,2026-05-16T03:44:55Z,created,
art_fad81535c3,V5_5_local_cpu_admet,C:\Users\srira\Desktop\new_plan\EMD_V5_2_Hybrid\07_admet_synthesis\v5_5_pocket_guided_admet_scores.csv,admet_scores,Student 5,2026-05-16T03:45:15Z,created,
art_7d5b564c92,V5_5_local_cpu_admet,C:\Users\srira\Desktop\new_plan\EMD_V5_2_Hybrid\07_admet_synthesis\v5_5_pocket_guided_filter_flags.csv,filter_flags,Student 5,2026-05-16T03:45:15Z,created,
art_394b863c23,V5_5_local_cpu_admet,C:\Users\srira\Desktop\new_plan\EMD_V5_2_Hybrid\07_admet_synthesis\v5_5_pocket_guided_safety_proxy_notes.csv,safety_proxy_notes,Student 5,2026-05-16T03:45:15Z,created,
art_d61c320243,V5_5_vina_gpu_parse,C:\Users\srira\Desktop\new_plan\EMD_V5_2_Hybrid\06_docking\v5_5_pocket_guided\scores\docking_scores_full_vina_gpu_2_1.csv,v5_5_vina_gpu_docking_scores,Student 5,2026-05-16T07:00:17Z,created,
art_9230d2bab7,V5_5_vina_gpu_parse,C:\Users\srira\Desktop\new_plan\EMD_V5_2_Hybrid\06_docking\v5_5_pocket_guided\scores\v5_5_vina_gpu_parse_summary.json,v5_5_vina_gpu_parse_summary,Student 5,2026-05-16T07:00:17Z,created,
art_b6270242e9,V5_5_vina_gpu_admet,C:\Users\srira\Desktop\new_plan\EMD_V5_2_Hybrid\07_admet_synthesis\v5_5_pocket_guided_admet_scores.csv,admet_scores,Student 5,2026-05-16T07:00:39Z,created,
art_e86eb58927,V5_5_vina_gpu_admet,C:\Users\srira\Desktop\new_plan\EMD_V5_2_Hybrid\07_admet_synthesis\v5_5_pocket_guided_filter_flags.csv,filter_flags,Student 5,2026-05-16T07:00:39Z,created,
art_a6e1282704,V5_5_vina_gpu_admet,C:\Users\srira\Desktop\new_plan\EMD_V5_2_Hybrid\07_admet_synthesis\v5_5_pocket_guided_safety_proxy_notes.csv,safety_proxy_notes,Student 5,2026-05-16T07:00:39Z,created,
art_a482603be0,V5_5_vina_gpu_ranking,C:\Users\srira\Desktop\new_plan\EMD_V5_2_Hybrid\08_final_ranking\v5_5_pocket_guided_ranked_candidates.csv,final_ranked_candidates,Student 1,2026-05-16T07:00:48Z,created,
art_73432c690e,V5_5_vina_gpu_pose_sanity,C:\Users\srira\Desktop\new_plan\EMD_V5_2_Hybrid\06_docking\v5_5_pocket_guided\scores\pose_sanity_scores.csv,pose_sanity_scores,Student 5,2026-05-16T07:01:10Z,created,
art_bff078da2c,V5_5_vina_gpu_ranking_with_pose,C:\Users\srira\Desktop\new_plan\EMD_V5_2_Hybrid\08_final_ranking\v5_5_pocket_guided_ranked_candidates.csv,final_ranked_candidates,Student 1,2026-05-16T07:01:21Z,created,
art_b2063d0009,V5_5_pocket_electronic_fit_top200,C:\Users\srira\Desktop\new_plan\EMD_V5_2_Hybrid\06_docking\v5_5_pocket_guided\scores\pocket_electronic_fit_scores.csv,pocket_electronic_fit_scores,Student 5,2026-05-16T07:08:41Z,created,
art_13369bd4a0,V5_5_pocket_electronic_fit_top200,C:\Users\srira\Desktop\new_plan\EMD_V5_2_Hybrid\08_final_ranking\v5_5_pocket_guided_pocket_electronic_ranked_candidates.csv,pocket_electronic_guided_ranking,Student 5,2026-05-16T07:08:41Z,created,
art_b8c1c5e9d6,V5_5_pocket_electronic_fit_top200,C:\Users\srira\Desktop\new_plan\EMD_V5_2_Hybrid\06_docking\v5_5_pocket_guided\scores\jak2_pocket_electronic_profile.json,jak2_pocket_electronic_profile,Student 5,2026-05-16T07:08:41Z,created,
art_84c22a0316,V5_5_pocket_electronic_fit_top200,C:\Users\srira\Desktop\new_plan\EMD_V5_2_Hybrid\00_project_registry\progress_v5_4_pocket_electronic_fit.json,pocket_electronic_fit_progress,Student 5,2026-05-16T07:08:41Z,created,
art_d196c8a71e,V5_3_benchmark,C:\Users\srira\Desktop\new_plan\EMD_V5_2_Hybrid\09_reports\v5_3_benchmark\emd_candidate_benchmark_metrics.csv,v5_3_candidate_benchmark_metrics,Student 1,2026-05-16T07:08:51Z,created,
art_b4da4b4e40,V5_3_benchmark,C:\Users\srira\Desktop\new_plan\EMD_V5_2_Hybrid\09_reports\v5_3_benchmark\emd_docking_benchmark_metrics.csv,v5_3_docking_benchmark_metrics,Student 1,2026-05-16T07:08:51Z,created,
art_0f28c0afb3,V5_3_benchmark,C:\Users\srira\Desktop\new_plan\EMD_V5_2_Hybrid\09_reports\v5_3_benchmark\emd_pose_benchmark_metrics.csv,v5_3_pose_benchmark_metrics,Student 1,2026-05-16T07:08:51Z,created,
art_dbb5cf3f4a,V5_3_benchmark,C:\Users\srira\Desktop\new_plan\EMD_V5_2_Hybrid\09_reports\v5_3_benchmark\reference_med_style_metrics.csv,reference_med_style_metrics,Student 1,2026-05-16T07:08:51Z,created,
art_b6b28b9a5c,V5_3_benchmark,C:\Users\srira\Desktop\new_plan\EMD_V5_2_Hybrid\09_reports\v5_3_benchmark\emd_v5_3_benchmark_summary.json,v5_3_benchmark_summary,Student 1,2026-05-16T07:08:51Z,created,
art_a766fa6444,V5_3_benchmark,C:\Users\srira\Desktop\new_plan\EMD_V5_2_Hybrid\09_reports\v5_3_benchmark\EMD_V5_3_Benchmark_Report.md,v5_3_benchmark_report,Student 1,2026-05-16T07:08:51Z,created,
art_90e4762633,M0_validation,C:\Users\srira\Desktop\new_plan\EMD_V5_2_Hybrid\00_project_registry\validation_report.json,validation_report,Student 1,2026-05-16T07:09:58Z,created,
art_c0a765f979,V5_5_pocket_electronic_fit,C:\Users\srira\Desktop\new_plan\EMD_V5_2_Hybrid\06_docking\v5_5_pocket_guided\scores\pocket_electronic_fit_scores.csv,pocket_electronic_fit_scores,Student 5,2026-05-16T07:26:31Z,created,
art_53e5b2a3f6,V5_5_pocket_electronic_fit,C:\Users\srira\Desktop\new_plan\EMD_V5_2_Hybrid\08_final_ranking\v5_5_pocket_guided_pocket_electronic_ranked_candidates.csv,pocket_electronic_guided_ranking,Student 5,2026-05-16T07:26:31Z,created,
art_c40e119c7c,V5_5_pocket_electronic_fit,C:\Users\srira\Desktop\new_plan\EMD_V5_2_Hybrid\06_docking\v5_5_pocket_guided\scores\jak2_pocket_electronic_profile.json,jak2_pocket_electronic_profile,Student 5,2026-05-16T07:26:31Z,created,
art_3e5bc8a43e,V5_5_pocket_electronic_fit,C:\Users\srira\Desktop\new_plan\EMD_V5_2_Hybrid\00_project_registry\progress_v5_4_pocket_electronic_fit.json,pocket_electronic_fit_progress,Student 5,2026-05-16T07:26:31Z,created,
art_086f4d008c,M0_validation,C:\Users\srira\Desktop\new_plan\EMD_V5_2_Hybrid\00_project_registry\validation_report.json,validation_report,Student 1,2026-05-16T08:00:15Z,created,
art_cbc9bf191c,M0_validation,C:\Users\srira\Desktop\new_plan\EMD_V5_2_Hybrid\00_project_registry\validation_report.json,validation_report,Student 1,2026-05-16T08:01:52Z,created,
art_b18c26aa59,M0_validation,C:\Users\srira\Desktop\new_plan\EMD_V5_2_Hybrid\00_project_registry\validation_report.json,validation_report,Student 1,2026-05-16T08:41:53Z,created,
art_a801c11272,M0_validation,C:\Users\srira\Desktop\new_plan\EMD_V5_2_Hybrid\00_project_registry\validation_report.json,validation_report,Student 1,2026-05-16T09:22:31Z,created,
art_35746f75e7,M0_validation,C:\Users\srira\Desktop\new_plan\_remote_check_ElectroMacroDiff_V5_5\00_project_registry\validation_report.json,validation_report,Student 1,2026-06-03T17:59:41Z,created,
art_b6b45c201b,M0_validation,C:\Users\srira\Desktop\new_plan\_remote_check_ElectroMacroDiff_V5_5\00_project_registry\validation_report.json,validation_report,Student 1,2026-06-03T18:03:46Z,created,
art_0699aa78ee,M0_validation,C:\Users\srira\Desktop\new_plan\_remote_check_ElectroMacroDiff_V5_5\00_project_registry\validation_report.json,validation_report,Student 1,2026-06-04T04:04:38Z,created,
