fragment_id,mol_id,macrocycle_smiles,core_smiles,linker_smiles,macrocycle_ring_size,linker_heavy_atoms,core_heavy_atoms,linker_max_ring_size,bond_a,bond_b,anchor_atom_indices,notes
FRAG_6653015397,JAK2_d2047728cd,C1=CCOCc2cc(ccc2N2CCNCC2)Nc2nccc(n2)-c2cccc(c2)COC1,[2*]C=CCOCc1cccc(-c2ccnc(Nc3ccc(N4CCNCC4)c([4*])c3)n2)c1,[1*]COC[5*],18,3,30,0,1,4,1;5,largest_ring_two_bond_fragmentation
FRAG_a0ab864e2d,JAK2_d2047728cd,C1=CCOCc2cc(ccc2N2CCNCC2)Nc2nccc(n2)-c2cccc(c2)COC1,[1*]COCc1cc(Nc2nccc([24*])n2)ccc1N1CCNCC1,[2*]C=CCOCc1cccc([22*])c1,18,11,22,6,1,23,2;22,largest_ring_two_bond_fragmentation
FRAG_7fa757b9b5,JAK2_d2047728cd,C1=CCOCc2cc(ccc2N2CCNCC2)Nc2nccc(n2)-c2cccc(c2)COC1,[1*]COCc1cc(Nc2nccc(-c3cccc([30*])c3)n2)ccc1N1CCNCC1,[2*]C=CCOC[28*],18,5,28,0,1,29,2;28,largest_ring_two_bond_fragmentation
FRAG_9ef14e5f29,JAK2_d2047728cd,C1=CCOCc2cc(ccc2N2CCNCC2)Nc2nccc(n2)-c2cccc(c2)COC1,[1*]COCc1cc(Nc2nccc(-c3cccc(C[31*])c3)n2)ccc1N1CCNCC1,[2*]C=CCO[30*],18,4,29,0,1,30,2;30,largest_ring_two_bond_fragmentation
FRAG_67a3ac2095,JAK2_d2047728cd,C1=CCOCc2cc(ccc2N2CCNCC2)Nc2nccc(n2)-c2cccc(c2)COC1,[1*]COCc1cc(Nc2nccc(-c3cccc(CO[32*])c3)n2)ccc1N1CCNCC1,[2*]C=CC[31*],18,3,30,0,1,31,2;31,largest_ring_two_bond_fragmentation
FRAG_72e7fa6c1a,JAK2_d2047728cd,C1=CCOCc2cc(ccc2N2CCNCC2)Nc2nccc(n2)-c2cccc(c2)COC1,[2*]OCc1cc(Nc2nccc([24*])n2)ccc1N1CCNCC1,[3*]CC=CCOCc1cccc([22*])c1,18,12,21,6,2,23,3;22,largest_ring_two_bond_fragmentation
FRAG_a7916827ad,JAK2_d2047728cd,C1=CCOCc2cc(ccc2N2CCNCC2)Nc2nccc(n2)-c2cccc(c2)COC1,[2*]OCc1cc(Nc2nccc(-c3cccc([30*])c3)n2)ccc1N1CCNCC1,[3*]CC=CCOC[28*],18,6,27,0,2,29,3;28,largest_ring_two_bond_fragmentation
FRAG_1ff0ca69f6,JAK2_d2047728cd,C1=CCOCc2cc(ccc2N2CCNCC2)Nc2nccc(n2)-c2cccc(c2)COC1,[2*]OCc1cc(Nc2nccc(-c3cccc(C[31*])c3)n2)ccc1N1CCNCC1,[3*]CC=CCO[30*],18,5,28,0,2,30,3;30,largest_ring_two_bond_fragmentation
FRAG_90a6cced96,JAK2_d2047728cd,C1=CCOCc2cc(ccc2N2CCNCC2)Nc2nccc(n2)-c2cccc(c2)COC1,[2*]OCc1cc(Nc2nccc(-c3cccc(CO[32*])c3)n2)ccc1N1CCNCC1,[3*]CC=CC[31*],18,4,29,0,2,31,3;31,largest_ring_two_bond_fragmentation
FRAG_64457f5a90,JAK2_d2047728cd,C1=CCOCc2cc(ccc2N2CCNCC2)Nc2nccc(n2)-c2cccc(c2)COC1,*COCc1cccc(-c2ccnc(Nc3ccc(N4CCNCC4)c(CO[2*])c3)n2)c1,[3*]CC=C[32*],18,3,30,0,2,32,3;32,largest_ring_two_bond_fragmentation
FRAG_d67c064bec,JAK2_d2047728cd,C1=CCOCc2cc(ccc2N2CCNCC2)Nc2nccc(n2)-c2cccc(c2)COC1,[3*]Cc1cc(Nc2nccc(-c3cccc([30*])c3)n2)ccc1N1CCNCC1,[4*]OCC=CCOC[28*],18,7,26,0,3,29,4;28,largest_ring_two_bond_fragmentation
FRAG_4107d86178,JAK2_d2047728cd,C1=CCOCc2cc(ccc2N2CCNCC2)Nc2nccc(n2)-c2cccc(c2)COC1,[3*]Cc1cc(Nc2nccc(-c3cccc(C[31*])c3)n2)ccc1N1CCNCC1,[4*]OCC=CCO[30*],18,6,27,0,3,30,4;30,largest_ring_two_bond_fragmentation
FRAG_32f7ad0718,JAK2_d2047728cd,C1=CCOCc2cc(ccc2N2CCNCC2)Nc2nccc(n2)-c2cccc(c2)COC1,[3*]Cc1cc(Nc2nccc(-c3cccc(CO[32*])c3)n2)ccc1N1CCNCC1,[4*]OCC=CC[31*],18,5,28,0,3,31,4;31,largest_ring_two_bond_fragmentation
FRAG_c16882ae4d,JAK2_d2047728cd,C1=CCOCc2cc(ccc2N2CCNCC2)Nc2nccc(n2)-c2cccc(c2)COC1,*COCc1cccc(-c2ccnc(Nc3ccc(N4CCNCC4)c(C[3*])c3)n2)c1,[4*]OCC=C[32*],18,4,29,0,3,32,4;32,largest_ring_two_bond_fragmentation
FRAG_310f8f96a1,JAK2_d2047728cd,C1=CCOCc2cc(ccc2N2CCNCC2)Nc2nccc(n2)-c2cccc(c2)COC1,[5*]COCC=CCOCc1cccc(-c2ccnc(N[7*])n2)c1,[4*]c1cc([17*])ccc1N1CCNCC1,18,12,21,6,4,16,4;17,largest_ring_two_bond_fragmentation
FRAG_4af7ac37db,JAK2_d2047728cd,C1=CCOCc2cc(ccc2N2CCNCC2)Nc2nccc(n2)-c2cccc(c2)COC1,[4*]c1cc(Nc2nccc(-c3cccc([30*])c3)n2)ccc1N1CCNCC1,[5*]COCC=CCOC[28*],18,8,25,0,4,29,5;28,largest_ring_two_bond_fragmentation
FRAG_e58eb51403,JAK2_d2047728cd,C1=CCOCc2cc(ccc2N2CCNCC2)Nc2nccc(n2)-c2cccc(c2)COC1,[4*]c1cc(Nc2nccc(-c3cccc(C[31*])c3)n2)ccc1N1CCNCC1,[5*]COCC=CCO[30*],18,7,26,0,4,30,5;30,largest_ring_two_bond_fragmentation
FRAG_813f08e79f,JAK2_d2047728cd,C1=CCOCc2cc(ccc2N2CCNCC2)Nc2nccc(n2)-c2cccc(c2)COC1,[4*]c1cc(Nc2nccc(-c3cccc(CO[32*])c3)n2)ccc1N1CCNCC1,[5*]COCC=CC[31*],18,6,27,0,4,31,5;31,largest_ring_two_bond_fragmentation
FRAG_9bc89ee2d8,JAK2_d2047728cd,C1=CCOCc2cc(ccc2N2CCNCC2)Nc2nccc(n2)-c2cccc(c2)COC1,*COCc1cccc(-c2ccnc(Nc3ccc(N4CCNCC4)c([4*])c3)n2)c1,[5*]COCC=C[32*],18,5,28,0,4,32,5;32,largest_ring_two_bond_fragmentation
FRAG_95b9cdb402,JAK2_d2047728cd,C1=CCOCc2cc(ccc2N2CCNCC2)Nc2nccc(n2)-c2cccc(c2)COC1,[17*]c1ccc(N2CCNCC2)c(COCC=CCOCc2cccc([22*])c2)c1,[7*]Nc1nccc([24*])n1,18,7,26,6,16,23,7;24,largest_ring_two_bond_fragmentation
FRAG_a6913ff5b4,JAK2_d2047728cd,C1=CCOCc2cc(ccc2N2CCNCC2)Nc2nccc(n2)-c2cccc(c2)COC1,[18*]Nc1ccc(N2CCNCC2)c(COCC=CCOCc2cccc([22*])c2)c1,[17*]c1nccc([24*])n1,18,6,27,6,17,23,17;24,largest_ring_two_bond_fragmentation
FRAG_5a1ed73588,JAK2_d2047728cd,C1=CCOCc2cc(ccc2N2CCNCC2)Nc2nccc(n2)-c2cccc(c2)COC1,[18*]Nc1ccc(N2CCNCC2)c(COCC=CCOC[28*])c1,[17*]c1nccc(-c2cccc([30*])c2)n1,18,12,21,6,17,29,17;30,largest_ring_two_bond_fragmentation
FRAG_f31d6fd340,JAK2_d2047728cd,C1=CCOCc2cc(ccc2N2CCNCC2)Nc2nccc(n2)-c2cccc(c2)COC1,[24*]c1ccnc(Nc2ccc(N3CCNCC3)c(COCC=CCOC[28*])c2)n1,[22*]c1cccc([30*])c1,18,6,27,6,23,29,22;30,largest_ring_two_bond_fragmentation
FRAG_0c8fccda58,JAK2_d2047728cd,C1=CCOCc2cc(ccc2N2CCNCC2)Nc2nccc(n2)-c2cccc(c2)COC1,[24*]c1ccnc(Nc2ccc(N3CCNCC3)c(COCC=CCO[30*])c2)n1,[22*]c1cccc(C[31*])c1,18,7,26,6,23,30,22;31,largest_ring_two_bond_fragmentation
FRAG_7b8f304c81,JAK2_d2047728cd,C1=CCOCc2cc(ccc2N2CCNCC2)Nc2nccc(n2)-c2cccc(c2)COC1,[24*]c1ccnc(Nc2ccc(N3CCNCC3)c(COCC=CC[31*])c2)n1,[22*]c1cccc(CO[32*])c1,18,8,25,6,23,31,22;32,largest_ring_two_bond_fragmentation
FRAG_b0185e3974,JAK2_d2047728cd,C1=CCOCc2cc(ccc2N2CCNCC2)Nc2nccc(n2)-c2cccc(c2)COC1,[24*]c1ccnc(Nc2ccc(N3CCNCC3)c(COCC=C[32*])c2)n1,*COCc1cccc([22*])c1,18,9,24,6,23,32,0;22,largest_ring_two_bond_fragmentation
FRAG_56bdb8d90e,JAK2_d2047728cd,C1=CCOCc2cc(ccc2N2CCNCC2)Nc2nccc(n2)-c2cccc(c2)COC1,[30*]c1cccc(-c2ccnc(Nc3ccc(N4CCNCC4)c(COCC=C[32*])c3)n2)c1,*COC[28*],18,3,30,0,29,32,0;28,largest_ring_two_bond_fragmentation
FRAG_f5a6e323fd,JAK2_e510bd5a84,Nc1cc2cc(c1)Nc1nccc(n1)-c1cccc(c1)COCC=CCOC2,[7*]c1cc(N)cc(COCC=CCOCc2cccc([12*])c2)c1,[5*]Nc1nccc([14*])n1,18,7,21,6,6,13,5;14,largest_ring_two_bond_fragmentation
FRAG_dd2b269a56,JAK2_e510bd5a84,Nc1cc2cc(c1)Nc1nccc(n1)-c1cccc(c1)COCC=CCOC2,[5*]Nc1nccc(-c2cccc(COC[23*])c2)n1,[7*]c1cc(N)cc(COCC=C[22*])c1,18,12,16,6,6,22,7;22,largest_ring_two_bond_fragmentation
FRAG_e663b332ec,JAK2_e510bd5a84,Nc1cc2cc(c1)Nc1nccc(n1)-c1cccc(c1)COCC=CCOC2,[5*]Nc1nccc(-c2cccc(COCC=C[25*])c2)n1,[7*]c1cc(N)cc(COC[24*])c1,18,10,18,6,6,24,7;24,largest_ring_two_bond_fragmentation
FRAG_5ac7541912,JAK2_e510bd5a84,Nc1cc2cc(c1)Nc1nccc(n1)-c1cccc(c1)COCC=CCOC2,[5*]Nc1nccc(-c2cccc(COCC=CC[26*])c2)n1,[7*]c1cc(N)cc(CO[25*])c1,18,9,19,6,6,25,7;25,largest_ring_two_bond_fragmentation
FRAG_4f54681369,JAK2_e510bd5a84,Nc1cc2cc(c1)Nc1nccc(n1)-c1cccc(c1)COCC=CCOC2,[5*]Nc1nccc(-c2cccc(COCC=CCO[27*])c2)n1,[7*]c1cc(N)cc(C[26*])c1,18,8,20,6,6,26,7;26,largest_ring_two_bond_fragmentation
FRAG_dfd1c377ff,JAK2_e510bd5a84,Nc1cc2cc(c1)Nc1nccc(n1)-c1cccc(c1)COCC=CCOC2,[3*]COCC=CCOCc1cccc(-c2ccnc(N[5*])n2)c1,[7*]c1cc([27*])cc(N)c1,18,7,21,6,6,30,7;27,largest_ring_two_bond_fragmentation
FRAG_d670a803fb,JAK2_e510bd5a84,Nc1cc2cc(c1)Nc1nccc(n1)-c1cccc(c1)COCC=CCOC2,[8*]Nc1cc(N)cc(COCC=CCOCc2cccc([12*])c2)c1,[7*]c1nccc([14*])n1,18,6,22,6,7,13,7;14,largest_ring_two_bond_fragmentation
FRAG_a9bb6e3f47,JAK2_e510bd5a84,Nc1cc2cc(c1)Nc1nccc(n1)-c1cccc(c1)COCC=CCOC2,[8*]Nc1cc(N)cc(COCC=CCOC[18*])c1,[7*]c1nccc(-c2cccc([20*])c2)n1,18,12,16,6,7,19,7;20,largest_ring_two_bond_fragmentation
FRAG_4eb9c70d14,JAK2_e510bd5a84,Nc1cc2cc(c1)Nc1nccc(n1)-c1cccc(c1)COCC=CCOC2,[7*]c1nccc(-c2cccc(COCC=C[25*])c2)n1,[8*]Nc1cc(N)cc(COC[24*])c1,18,11,17,6,7,24,8;24,largest_ring_two_bond_fragmentation
FRAG_943e16190c,JAK2_e510bd5a84,Nc1cc2cc(c1)Nc1nccc(n1)-c1cccc(c1)COCC=CCOC2,[7*]c1nccc(-c2cccc(COCC=CC[26*])c2)n1,[8*]Nc1cc(N)cc(CO[25*])c1,18,10,18,6,7,25,8;25,largest_ring_two_bond_fragmentation
FRAG_0e6ac2ac98,JAK2_e510bd5a84,Nc1cc2cc(c1)Nc1nccc(n1)-c1cccc(c1)COCC=CCOC2,[7*]c1nccc(-c2cccc(COCC=CCO[27*])c2)n1,[8*]Nc1cc(N)cc(C[26*])c1,18,9,19,6,7,26,8;26,largest_ring_two_bond_fragmentation
FRAG_ebf92c0b36,JAK2_e510bd5a84,Nc1cc2cc(c1)Nc1nccc(n1)-c1cccc(c1)COCC=CCOC2,[3*]COCC=CCOCc1cccc(-c2ccnc([7*])n2)c1,[8*]Nc1cc([27*])cc(N)c1,18,8,20,6,7,30,8;27,largest_ring_two_bond_fragmentation
FRAG_3a8ab8045e,JAK2_e510bd5a84,Nc1cc2cc(c1)Nc1nccc(n1)-c1cccc(c1)COCC=CCOC2,[14*]c1ccnc(Nc2cc(N)cc(COCC=CCOC[18*])c2)n1,[12*]c1cccc([20*])c1,18,6,22,6,13,19,12;20,largest_ring_two_bond_fragmentation
FRAG_3527ca8413,JAK2_e510bd5a84,Nc1cc2cc(c1)Nc1nccc(n1)-c1cccc(c1)COCC=CCOC2,[14*]c1ccnc(Nc2cc(N)cc(COCC=CCO[20*])c2)n1,[12*]c1cccc(C[21*])c1,18,7,21,6,13,20,12;21,largest_ring_two_bond_fragmentation
FRAG_fd550c27f3,JAK2_e510bd5a84,Nc1cc2cc(c1)Nc1nccc(n1)-c1cccc(c1)COCC=CCOC2,[14*]c1ccnc(Nc2cc(N)cc(COCC=CC[21*])c2)n1,[12*]c1cccc(CO[22*])c1,18,8,20,6,13,21,12;22,largest_ring_two_bond_fragmentation
FRAG_bb82302877,JAK2_e510bd5a84,Nc1cc2cc(c1)Nc1nccc(n1)-c1cccc(c1)COCC=CCOC2,[14*]c1ccnc(Nc2cc(N)cc(COCC=C[22*])c2)n1,[12*]c1cccc(COC[23*])c1,18,9,19,6,13,22,12;23,largest_ring_two_bond_fragmentation
FRAG_6835050110,JAK2_e510bd5a84,Nc1cc2cc(c1)Nc1nccc(n1)-c1cccc(c1)COCC=CCOC2,[14*]c1ccnc(Nc2cc(N)cc(COC[24*])c2)n1,[12*]c1cccc(COCC=C[25*])c1,18,11,17,6,13,24,12;25,largest_ring_two_bond_fragmentation
FRAG_5b1e5f8960,JAK2_e510bd5a84,Nc1cc2cc(c1)Nc1nccc(n1)-c1cccc(c1)COCC=CCOC2,[14*]c1ccnc(Nc2cc(N)cc(CO[25*])c2)n1,[12*]c1cccc(COCC=CC[26*])c1,18,12,16,6,13,25,12;26,largest_ring_two_bond_fragmentation
FRAG_c81acba5f2,JAK2_e510bd5a84,Nc1cc2cc(c1)Nc1nccc(n1)-c1cccc(c1)COCC=CCOC2,[20*]c1cccc(-c2ccnc(Nc3cc(N)cc(COCC=C[22*])c3)n2)c1,[18*]COC[23*],18,3,25,0,19,22,18;23,largest_ring_two_bond_fragmentation
FRAG_d43d21c7a9,JAK2_e510bd5a84,Nc1cc2cc(c1)Nc1nccc(n1)-c1cccc(c1)COCC=CCOC2,[20*]c1cccc(-c2ccnc(Nc3cc(N)cc(COC[24*])c3)n2)c1,[18*]COCC=C[25*],18,5,23,0,19,24,18;25,largest_ring_two_bond_fragmentation
FRAG_bfc1363d30,JAK2_e510bd5a84,Nc1cc2cc(c1)Nc1nccc(n1)-c1cccc(c1)COCC=CCOC2,[20*]c1cccc(-c2ccnc(Nc3cc(N)cc(CO[25*])c3)n2)c1,[18*]COCC=CC[26*],18,6,22,0,19,25,18;26,largest_ring_two_bond_fragmentation
FRAG_b7d18a41a7,JAK2_e510bd5a84,Nc1cc2cc(c1)Nc1nccc(n1)-c1cccc(c1)COCC=CCOC2,[20*]c1cccc(-c2ccnc(Nc3cc(N)cc(C[26*])c3)n2)c1,[18*]COCC=CCO[27*],18,7,21,0,19,26,18;27,largest_ring_two_bond_fragmentation
FRAG_6520673d8f,JAK2_e510bd5a84,Nc1cc2cc(c1)Nc1nccc(n1)-c1cccc(c1)COCC=CCOC2,[20*]c1cccc(-c2ccnc(Nc3cc([27*])cc(N)c3)n2)c1,[3*]COCC=CCOC[18*],18,8,20,0,19,30,3;18,largest_ring_two_bond_fragmentation
FRAG_3bcdc4d64a,JAK2_e510bd5a84,Nc1cc2cc(c1)Nc1nccc(n1)-c1cccc(c1)COCC=CCOC2,[21*]Cc1cccc(-c2ccnc(Nc3cc(N)cc(COC[24*])c3)n2)c1,[20*]OCC=C[25*],18,4,24,0,20,24,20;25,largest_ring_two_bond_fragmentation
FRAG_62545abd3d,JAK2_e510bd5a84,Nc1cc2cc(c1)Nc1nccc(n1)-c1cccc(c1)COCC=CCOC2,[21*]Cc1cccc(-c2ccnc(Nc3cc(N)cc(CO[25*])c3)n2)c1,[20*]OCC=CC[26*],18,5,23,0,20,25,20;26,largest_ring_two_bond_fragmentation
FRAG_63aa831e28,JAK2_e510bd5a84,Nc1cc2cc(c1)Nc1nccc(n1)-c1cccc(c1)COCC=CCOC2,[21*]Cc1cccc(-c2ccnc(Nc3cc(N)cc(C[26*])c3)n2)c1,[20*]OCC=CCO[27*],18,6,22,0,20,26,20;27,largest_ring_two_bond_fragmentation
FRAG_7772ab121c,JAK2_e510bd5a84,Nc1cc2cc(c1)Nc1nccc(n1)-c1cccc(c1)COCC=CCOC2,[21*]Cc1cccc(-c2ccnc(Nc3cc([27*])cc(N)c3)n2)c1,[3*]COCC=CCO[20*],18,7,21,0,20,30,3;20,largest_ring_two_bond_fragmentation
FRAG_acdee6d649,JAK2_e510bd5a84,Nc1cc2cc(c1)Nc1nccc(n1)-c1cccc(c1)COCC=CCOC2,[22*]OCc1cccc(-c2ccnc(Nc3cc(N)cc(COC[24*])c3)n2)c1,[21*]CC=C[25*],18,3,25,0,21,24,21;25,largest_ring_two_bond_fragmentation
FRAG_20de5b0339,JAK2_e510bd5a84,Nc1cc2cc(c1)Nc1nccc(n1)-c1cccc(c1)COCC=CCOC2,[22*]OCc1cccc(-c2ccnc(Nc3cc(N)cc(CO[25*])c3)n2)c1,[21*]CC=CC[26*],18,4,24,0,21,25,21;26,largest_ring_two_bond_fragmentation
FRAG_4f50329487,JAK2_e510bd5a84,Nc1cc2cc(c1)Nc1nccc(n1)-c1cccc(c1)COCC=CCOC2,[22*]OCc1cccc(-c2ccnc(Nc3cc(N)cc(C[26*])c3)n2)c1,[21*]CC=CCO[27*],18,5,23,0,21,26,21;27,largest_ring_two_bond_fragmentation
FRAG_d1634e3d97,JAK2_e510bd5a84,Nc1cc2cc(c1)Nc1nccc(n1)-c1cccc(c1)COCC=CCOC2,[22*]OCc1cccc(-c2ccnc(Nc3cc([27*])cc(N)c3)n2)c1,[3*]COCC=CC[21*],18,6,22,0,21,30,3;21,largest_ring_two_bond_fragmentation
FRAG_a84970a426,JAK2_e510bd5a84,Nc1cc2cc(c1)Nc1nccc(n1)-c1cccc(c1)COCC=CCOC2,[23*]COCc1cccc(-c2ccnc(Nc3cc(N)cc(CO[25*])c3)n2)c1,[22*]C=CC[26*],18,3,25,0,22,25,22;26,largest_ring_two_bond_fragmentation
FRAG_308ff7650b,JAK2_e510bd5a84,Nc1cc2cc(c1)Nc1nccc(n1)-c1cccc(c1)COCC=CCOC2,[23*]COCc1cccc(-c2ccnc(Nc3cc(N)cc(C[26*])c3)n2)c1,[22*]C=CCO[27*],18,4,24,0,22,26,22;27,largest_ring_two_bond_fragmentation
FRAG_7010760aa8,JAK2_e510bd5a84,Nc1cc2cc(c1)Nc1nccc(n1)-c1cccc(c1)COCC=CCOC2,[23*]COCc1cccc(-c2ccnc(Nc3cc([27*])cc(N)c3)n2)c1,[3*]COCC=C[22*],18,5,23,0,22,30,3;22,largest_ring_two_bond_fragmentation
FRAG_6318d00e7c,JAK2_e510bd5a84,Nc1cc2cc(c1)Nc1nccc(n1)-c1cccc(c1)COCC=CCOC2,[25*]C=CCOCc1cccc(-c2ccnc(Nc3cc([27*])cc(N)c3)n2)c1,[3*]COC[24*],18,3,25,0,24,30,3;24,largest_ring_two_bond_fragmentation
FRAG_b058d8ef82,JAK2_396d75ed4a,Oc1ccc2cc1COCC=CCOCc1cccc(c1)-c1ccnc(n1)N2,[7*]c1cc(Nc2nccc(-c3cccc(COCC=C[9*])c3)n2)ccc1O,[6*]COC[10*],18,3,25,0,6,9,6;10,largest_ring_two_bond_fragmentation
FRAG_06e358918f,JAK2_396d75ed4a,Oc1ccc2cc1COCC=CCOCc1cccc(c1)-c1ccnc(n1)N2,[7*]c1cc(Nc2nccc(-c3cccc(COC[11*])c3)n2)ccc1O,[6*]COCC=C[12*],18,5,23,0,6,11,6;12,largest_ring_two_bond_fragmentation
FRAG_5d0d25e97c,JAK2_396d75ed4a,Oc1ccc2cc1COCC=CCOCc1cccc(c1)-c1ccnc(n1)N2,[7*]c1cc(Nc2nccc(-c3cccc(CO[12*])c3)n2)ccc1O,[6*]COCC=CC[13*],18,6,22,0,6,12,6;13,largest_ring_two_bond_fragmentation
FRAG_5ee5cba593,JAK2_396d75ed4a,Oc1ccc2cc1COCC=CCOCc1cccc(c1)-c1ccnc(n1)N2,[7*]c1cc(Nc2nccc(-c3cccc(C[13*])c3)n2)ccc1O,[6*]COCC=CCO[14*],18,7,21,0,6,13,6;14,largest_ring_two_bond_fragmentation
FRAG_38916a6e0c,JAK2_396d75ed4a,Oc1ccc2cc1COCC=CCOCc1cccc(c1)-c1ccnc(n1)N2,[7*]c1cc(Nc2nccc(-c3cccc([14*])c3)n2)ccc1O,[6*]COCC=CCOC[15*],18,8,20,0,6,14,6;15,largest_ring_two_bond_fragmentation
FRAG_9f8836b932,JAK2_396d75ed4a,Oc1ccc2cc1COCC=CCOCc1cccc(c1)-c1ccnc(n1)N2,[6*]COCC=CCOCc1cccc(-c2ccnc([27*])n2)c1,[7*]c1cc(N[25*])ccc1O,18,8,20,6,6,26,7;25,largest_ring_two_bond_fragmentation
FRAG_dc7a4e3a17,JAK2_396d75ed4a,Oc1ccc2cc1COCC=CCOCc1cccc(c1)-c1ccnc(n1)N2,[4*]Nc1nccc(-c2cccc(COCC=CCOC[6*])c2)n1,[7*]c1cc([27*])ccc1O,18,7,21,6,6,30,7;27,largest_ring_two_bond_fragmentation
FRAG_3523a79096,JAK2_396d75ed4a,Oc1ccc2cc1COCC=CCOCc1cccc(c1)-c1ccnc(n1)N2,[8*]Cc1cc(Nc2nccc(-c3cccc(COC[11*])c3)n2)ccc1O,[7*]OCC=C[12*],18,4,24,0,7,11,7;12,largest_ring_two_bond_fragmentation
FRAG_e920daaa73,JAK2_396d75ed4a,Oc1ccc2cc1COCC=CCOCc1cccc(c1)-c1ccnc(n1)N2,[8*]Cc1cc(Nc2nccc(-c3cccc(CO[12*])c3)n2)ccc1O,[7*]OCC=CC[13*],18,5,23,0,7,12,7;13,largest_ring_two_bond_fragmentation
FRAG_3aecbc06eb,JAK2_396d75ed4a,Oc1ccc2cc1COCC=CCOCc1cccc(c1)-c1ccnc(n1)N2,[8*]Cc1cc(Nc2nccc(-c3cccc(C[13*])c3)n2)ccc1O,[7*]OCC=CCO[14*],18,6,22,0,7,13,7;14,largest_ring_two_bond_fragmentation
FRAG_a18e38aa19,JAK2_396d75ed4a,Oc1ccc2cc1COCC=CCOCc1cccc(c1)-c1ccnc(n1)N2,[8*]Cc1cc(Nc2nccc(-c3cccc([14*])c3)n2)ccc1O,[7*]OCC=CCOC[15*],18,7,21,0,7,14,7;15,largest_ring_two_bond_fragmentation
FRAG_7201ebbc1e,JAK2_396d75ed4a,Oc1ccc2cc1COCC=CCOCc1cccc(c1)-c1ccnc(n1)N2,[7*]OCC=CCOCc1cccc(-c2ccnc([27*])n2)c1,[8*]Cc1cc(N[25*])ccc1O,18,9,19,6,7,26,8;25,largest_ring_two_bond_fragmentation
FRAG_9a70f6b780,JAK2_396d75ed4a,Oc1ccc2cc1COCC=CCOCc1cccc(c1)-c1ccnc(n1)N2,[4*]Nc1nccc(-c2cccc(COCC=CCO[7*])c2)n1,[8*]Cc1cc([27*])ccc1O,18,8,20,6,7,30,8;27,largest_ring_two_bond_fragmentation
FRAG_076393eb23,JAK2_396d75ed4a,Oc1ccc2cc1COCC=CCOCc1cccc(c1)-c1ccnc(n1)N2,[9*]OCc1cc(Nc2nccc(-c3cccc(COC[11*])c3)n2)ccc1O,[8*]CC=C[12*],18,3,25,0,8,11,8;12,largest_ring_two_bond_fragmentation
FRAG_b1b072a8eb,JAK2_396d75ed4a,Oc1ccc2cc1COCC=CCOCc1cccc(c1)-c1ccnc(n1)N2,[9*]OCc1cc(Nc2nccc(-c3cccc(CO[12*])c3)n2)ccc1O,[8*]CC=CC[13*],18,4,24,0,8,12,8;13,largest_ring_two_bond_fragmentation
FRAG_1b35c32771,JAK2_396d75ed4a,Oc1ccc2cc1COCC=CCOCc1cccc(c1)-c1ccnc(n1)N2,[9*]OCc1cc(Nc2nccc(-c3cccc(C[13*])c3)n2)ccc1O,[8*]CC=CCO[14*],18,5,23,0,8,13,8;14,largest_ring_two_bond_fragmentation
FRAG_26024479bb,JAK2_396d75ed4a,Oc1ccc2cc1COCC=CCOCc1cccc(c1)-c1ccnc(n1)N2,[9*]OCc1cc(Nc2nccc(-c3cccc([14*])c3)n2)ccc1O,[8*]CC=CCOC[15*],18,6,22,0,8,14,8;15,largest_ring_two_bond_fragmentation
FRAG_5ff71aa57c,JAK2_396d75ed4a,Oc1ccc2cc1COCC=CCOCc1cccc(c1)-c1ccnc(n1)N2,[9*]OCc1cc(Nc2nccc([19*])n2)ccc1O,[8*]CC=CCOCc1cccc([21*])c1,18,12,16,6,8,20,8;21,largest_ring_two_bond_fragmentation
FRAG_99f327d23e,JAK2_396d75ed4a,Oc1ccc2cc1COCC=CCOCc1cccc(c1)-c1ccnc(n1)N2,[8*]CC=CCOCc1cccc(-c2ccnc([27*])n2)c1,[9*]OCc1cc(N[25*])ccc1O,18,10,18,6,8,26,9;25,largest_ring_two_bond_fragmentation
FRAG_266d7c2d8d,JAK2_396d75ed4a,Oc1ccc2cc1COCC=CCOCc1cccc(c1)-c1ccnc(n1)N2,[4*]Nc1nccc(-c2cccc(COCC=CC[8*])c2)n1,[9*]OCc1cc([27*])ccc1O,18,9,19,6,8,30,9;27,largest_ring_two_bond_fragmentation
FRAG_e181e83708,JAK2_396d75ed4a,Oc1ccc2cc1COCC=CCOCc1cccc(c1)-c1ccnc(n1)N2,[10*]COCc1cc(Nc2nccc(-c3cccc(CO[12*])c3)n2)ccc1O,[9*]C=CC[13*],18,3,25,0,9,12,9;13,largest_ring_two_bond_fragmentation
FRAG_5e3f037810,JAK2_396d75ed4a,Oc1ccc2cc1COCC=CCOCc1cccc(c1)-c1ccnc(n1)N2,[10*]COCc1cc(Nc2nccc(-c3cccc(C[13*])c3)n2)ccc1O,[9*]C=CCO[14*],18,4,24,0,9,13,9;14,largest_ring_two_bond_fragmentation
FRAG_b2eb1da8b5,JAK2_396d75ed4a,Oc1ccc2cc1COCC=CCOCc1cccc(c1)-c1ccnc(n1)N2,[10*]COCc1cc(Nc2nccc(-c3cccc([14*])c3)n2)ccc1O,[9*]C=CCOC[15*],18,5,23,0,9,14,9;15,largest_ring_two_bond_fragmentation
FRAG_e64ed8c8dd,JAK2_396d75ed4a,Oc1ccc2cc1COCC=CCOCc1cccc(c1)-c1ccnc(n1)N2,[10*]COCc1cc(Nc2nccc([19*])n2)ccc1O,[9*]C=CCOCc1cccc([21*])c1,18,11,17,6,9,20,9;21,largest_ring_two_bond_fragmentation
FRAG_8203455fbd,JAK2_396d75ed4a,Oc1ccc2cc1COCC=CCOCc1cccc(c1)-c1ccnc(n1)N2,[9*]C=CCOCc1cccc(-c2ccnc([27*])n2)c1,[10*]COCc1cc(N[25*])ccc1O,18,11,17,6,9,26,10;25,largest_ring_two_bond_fragmentation
FRAG_d6f27b0f5e,JAK2_396d75ed4a,Oc1ccc2cc1COCC=CCOCc1cccc(c1)-c1ccnc(n1)N2,[4*]Nc1nccc(-c2cccc(COCC=C[9*])c2)n1,[10*]COCc1cc([27*])ccc1O,18,10,18,6,9,30,10;27,largest_ring_two_bond_fragmentation
FRAG_204794422c,JAK2_396d75ed4a,Oc1ccc2cc1COCC=CCOCc1cccc(c1)-c1ccnc(n1)N2,[12*]C=CCOCc1cc(Nc2nccc(-c3cccc([14*])c3)n2)ccc1O,[11*]COC[15*],18,3,25,0,11,14,11;15,largest_ring_two_bond_fragmentation
FRAG_cd41238152,JAK2_396d75ed4a,Oc1ccc2cc1COCC=CCOCc1cccc(c1)-c1ccnc(n1)N2,[12*]C=CCOCc1cc(Nc2nccc([19*])n2)ccc1O,[11*]COCc1cccc([21*])c1,18,9,19,6,11,20,11;21,largest_ring_two_bond_fragmentation
FRAG_4df80d4cf5,JAK2_396d75ed4a,Oc1ccc2cc1COCC=CCOCc1cccc(c1)-c1ccnc(n1)N2,[4*]Nc1nccc(-c2cccc(COC[11*])c2)n1,[12*]C=CCOCc1cc([27*])ccc1O,18,12,16,6,11,30,12;27,largest_ring_two_bond_fragmentation
FRAG_4c632f0b75,JAK2_396d75ed4a,Oc1ccc2cc1COCC=CCOCc1cccc(c1)-c1ccnc(n1)N2,[13*]CC=CCOCc1cc(Nc2nccc([19*])n2)ccc1O,[12*]OCc1cccc([21*])c1,18,8,20,6,12,20,12;21,largest_ring_two_bond_fragmentation
FRAG_5569992bed,JAK2_396d75ed4a,Oc1ccc2cc1COCC=CCOCc1cccc(c1)-c1ccnc(n1)N2,[14*]OCC=CCOCc1cc(Nc2nccc([19*])n2)ccc1O,[13*]Cc1cccc([21*])c1,18,7,21,6,13,20,13;21,largest_ring_two_bond_fragmentation
FRAG_6630a5b841,JAK2_396d75ed4a,Oc1ccc2cc1COCC=CCOCc1cccc(c1)-c1ccnc(n1)N2,[15*]COCC=CCOCc1cc(Nc2nccc([19*])n2)ccc1O,[14*]c1cccc([21*])c1,18,6,22,6,14,20,14;21,largest_ring_two_bond_fragmentation
FRAG_da5a717f58,JAK2_396d75ed4a,Oc1ccc2cc1COCC=CCOCc1cccc(c1)-c1ccnc(n1)N2,[15*]COCC=CCOCc1cc(N[25*])ccc1O,[14*]c1cccc(-c2ccnc([27*])n2)c1,18,12,16,6,14,26,14;27,largest_ring_two_bond_fragmentation
FRAG_43ce927fcd,JAK2_396d75ed4a,Oc1ccc2cc1COCC=CCOCc1cccc(c1)-c1ccnc(n1)N2,[21*]c1cccc(COCC=CCOCc2cc(N[25*])ccc2O)c1,[19*]c1ccnc([27*])n1,18,6,22,6,20,26,19;27,largest_ring_two_bond_fragmentation
FRAG_919b561fe3,JAK2_396d75ed4a,Oc1ccc2cc1COCC=CCOCc1cccc(c1)-c1ccnc(n1)N2,[21*]c1cccc(COCC=CCOCc2cc([27*])ccc2O)c1,[4*]Nc1nccc([19*])n1,18,7,21,6,20,30,4;19,largest_ring_two_bond_fragmentation
FRAG_77f9417ae3,JAK2_ae95950785,CN1C/C=C/CCOc2cc(F)cc(c2)-c2ccnc(n2)Nc2cccc(c2)C1,[2*]N(C)Cc1cccc(Nc2nccc(-c3cc(F)cc(OCC[4*])c3)n2)c1,[1*]C/C=C/[5*],18,3,26,0,1,4,1;5,largest_ring_two_bond_fragmentation
FRAG_11f75ffda0,JAK2_ae95950785,CN1C/C=C/CCOc2cc(F)cc(c2)-c2ccnc(n2)Nc2cccc(c2)C1,[2*]N(C)Cc1cccc(Nc2nccc(-c3cc(F)cc(OC[5*])c3)n2)c1,[1*]C/C=C/C[6*],18,4,25,0,1,5,1;6,largest_ring_two_bond_fragmentation
FRAG_f4c52f1163,JAK2_ae95950785,CN1C/C=C/CCOc2cc(F)cc(c2)-c2ccnc(n2)Nc2cccc(c2)C1,[2*]N(C)Cc1cccc(Nc2nccc(-c3cc(F)cc(O[6*])c3)n2)c1,[1*]C/C=C/CC[7*],18,5,24,0,1,6,1;7,largest_ring_two_bond_fragmentation
FRAG_045bd6ad61,JAK2_ae95950785,CN1C/C=C/CCOc2cc(F)cc(c2)-c2ccnc(n2)Nc2cccc(c2)C1,[2*]N(C)Cc1cccc(Nc2nccc(-c3cc([7*])cc(F)c3)n2)c1,[1*]C/C=C/CCO[8*],18,6,23,0,1,7,1;8,largest_ring_two_bond_fragmentation
FRAG_2627ba306c,JAK2_ae95950785,CN1C/C=C/CCOc2cc(F)cc(c2)-c2ccnc(n2)Nc2cccc(c2)C1,[1*]C/C=C/CCOc1cc(F)cc(-c2ccnc([21*])n2)c1,[2*]N(C)Cc1cccc(N[19*])c1,18,10,19,6,1,20,2;19,largest_ring_two_bond_fragmentation
FRAG_81fc0e589d,JAK2_ae95950785,CN1C/C=C/CCOc2cc(F)cc(c2)-c2ccnc(n2)Nc2cccc(c2)C1,[1*]C/C=C/CCOc1cc(F)cc(-c2ccnc(N[22*])n2)c1,[2*]N(C)Cc1cccc([21*])c1,18,9,20,6,1,21,2;21,largest_ring_two_bond_fragmentation
FRAG_67cd68cc35,JAK2_ae95950785,CN1C/C=C/CCOc2cc(F)cc(c2)-c2ccnc(n2)Nc2cccc(c2)C1,[1*]C/C=C/CCOc1cc(F)cc(-c2ccnc(Nc3cccc([28*])c3)n2)c1,[2*]N(C)C[26*],18,3,26,0,1,27,2;26,largest_ring_two_bond_fragmentation
FRAG_b4bdb6cd4a,JAK2_ae95950785,CN1C/C=C/CCOc2cc(F)cc(c2)-c2ccnc(n2)Nc2cccc(c2)C1,[3*]CN(C)Cc1cccc(Nc2nccc(-c3cc(F)cc(OC[5*])c3)n2)c1,[2*]/C=C/C[6*],18,3,26,0,2,5,2;6,largest_ring_two_bond_fragmentation
FRAG_1c6406ebe3,JAK2_ae95950785,CN1C/C=C/CCOc2cc(F)cc(c2)-c2ccnc(n2)Nc2cccc(c2)C1,[3*]CN(C)Cc1cccc(Nc2nccc(-c3cc(F)cc(O[6*])c3)n2)c1,[2*]/C=C/CC[7*],18,4,25,0,2,6,2;7,largest_ring_two_bond_fragmentation
FRAG_e7ea299fad,JAK2_ae95950785,CN1C/C=C/CCOc2cc(F)cc(c2)-c2ccnc(n2)Nc2cccc(c2)C1,[3*]CN(C)Cc1cccc(Nc2nccc(-c3cc([7*])cc(F)c3)n2)c1,[2*]/C=C/CCO[8*],18,5,24,0,2,7,2;8,largest_ring_two_bond_fragmentation
FRAG_5625647c9e,JAK2_ae95950785,CN1C/C=C/CCOc2cc(F)cc(c2)-c2ccnc(n2)Nc2cccc(c2)C1,[3*]CN(C)Cc1cccc(Nc2nccc([13*])n2)c1,[2*]/C=C/CCOc1cc([15*])cc(F)c1,18,12,17,6,2,14,2;15,largest_ring_two_bond_fragmentation
FRAG_726cd1e0cd,JAK2_ae95950785,CN1C/C=C/CCOc2cc(F)cc(c2)-c2ccnc(n2)Nc2cccc(c2)C1,[2*]/C=C/CCOc1cc(F)cc(-c2ccnc([21*])n2)c1,[3*]CN(C)Cc1cccc(N[19*])c1,18,11,18,6,2,20,3;19,largest_ring_two_bond_fragmentation
FRAG_cfa5025e58,JAK2_ae95950785,CN1C/C=C/CCOc2cc(F)cc(c2)-c2ccnc(n2)Nc2cccc(c2)C1,[2*]/C=C/CCOc1cc(F)cc(-c2ccnc(N[22*])n2)c1,[3*]CN(C)Cc1cccc([21*])c1,18,10,19,6,2,21,3;21,largest_ring_two_bond_fragmentation
FRAG_679a9449c7,JAK2_ae95950785,CN1C/C=C/CCOc2cc(F)cc(c2)-c2ccnc(n2)Nc2cccc(c2)C1,[2*]/C=C/CCOc1cc(F)cc(-c2ccnc(Nc3cccc([28*])c3)n2)c1,[3*]CN(C)C[26*],18,4,25,0,2,27,3;26,largest_ring_two_bond_fragmentation
FRAG_d6fa87cbf6,JAK2_ae95950785,CN1C/C=C/CCOc2cc(F)cc(c2)-c2ccnc(n2)Nc2cccc(c2)C1,[1*]Cc1cccc(Nc2nccc(-c3cc(F)cc(OCC/C=C/[2*])c3)n2)c1,[3*]CN([28*])C,18,3,26,0,2,28,3;28,largest_ring_two_bond_fragmentation
FRAG_ab4f65a1ac,JAK2_ae95950785,CN1C/C=C/CCOc2cc(F)cc(c2)-c2ccnc(n2)Nc2cccc(c2)C1,[5*]/C=C/CN(C)Cc1cccc(Nc2nccc(-c3cc([7*])cc(F)c3)n2)c1,[4*]CCO[8*],18,3,26,0,4,7,4;8,largest_ring_two_bond_fragmentation
FRAG_5765101493,JAK2_ae95950785,CN1C/C=C/CCOc2cc(F)cc(c2)-c2ccnc(n2)Nc2cccc(c2)C1,[5*]/C=C/CN(C)Cc1cccc(Nc2nccc([13*])n2)c1,[4*]CCOc1cc([15*])cc(F)c1,18,10,19,6,4,14,4;15,largest_ring_two_bond_fragmentation
FRAG_3f934c6740,JAK2_ae95950785,CN1C/C=C/CCOc2cc(F)cc(c2)-c2ccnc(n2)Nc2cccc(c2)C1,[4*]CCOc1cc(F)cc(-c2ccnc(N[22*])n2)c1,[5*]/C=C/CN(C)Cc1cccc([21*])c1,18,12,17,6,4,21,5;21,largest_ring_two_bond_fragmentation
FRAG_bd140b3d80,JAK2_ae95950785,CN1C/C=C/CCOc2cc(F)cc(c2)-c2ccnc(n2)Nc2cccc(c2)C1,[4*]CCOc1cc(F)cc(-c2ccnc(Nc3cccc([28*])c3)n2)c1,[5*]/C=C/CN(C)C[26*],18,6,23,0,4,27,5;26,largest_ring_two_bond_fragmentation
FRAG_63d66ae348,JAK2_ae95950785,CN1C/C=C/CCOc2cc(F)cc(c2)-c2ccnc(n2)Nc2cccc(c2)C1,[1*]Cc1cccc(Nc2nccc(-c3cc(F)cc(OCC[4*])c3)n2)c1,[5*]/C=C/CN([28*])C,18,5,24,0,4,28,5;28,largest_ring_two_bond_fragmentation
FRAG_f57720a75c,JAK2_ae95950785,CN1C/C=C/CCOc2cc(F)cc(c2)-c2ccnc(n2)Nc2cccc(c2)C1,[6*]C/C=C/CN(C)Cc1cccc(Nc2nccc([13*])n2)c1,[5*]COc1cc([15*])cc(F)c1,18,9,20,6,5,14,5;15,largest_ring_two_bond_fragmentation
FRAG_22cd3b8fd4,JAK2_ae95950785,CN1C/C=C/CCOc2cc(F)cc(c2)-c2ccnc(n2)Nc2cccc(c2)C1,[5*]COc1cc(F)cc(-c2ccnc(Nc3cccc([28*])c3)n2)c1,[6*]C/C=C/CN(C)C[26*],18,7,22,0,5,27,6;26,largest_ring_two_bond_fragmentation
FRAG_9593a90990,JAK2_ae95950785,CN1C/C=C/CCOc2cc(F)cc(c2)-c2ccnc(n2)Nc2cccc(c2)C1,[1*]Cc1cccc(Nc2nccc(-c3cc(F)cc(OC[5*])c3)n2)c1,[6*]C/C=C/CN([28*])C,18,6,23,0,5,28,6;28,largest_ring_two_bond_fragmentation
FRAG_3a6c12a747,JAK2_ae95950785,CN1C/C=C/CCOc2cc(F)cc(c2)-c2ccnc(n2)Nc2cccc(c2)C1,[7*]CC/C=C/CN(C)Cc1cccc(Nc2nccc([13*])n2)c1,[6*]Oc1cc([15*])cc(F)c1,18,8,21,6,6,14,6;15,largest_ring_two_bond_fragmentation
FRAG_3bb2ba7c9f,JAK2_ae95950785,CN1C/C=C/CCOc2cc(F)cc(c2)-c2ccnc(n2)Nc2cccc(c2)C1,[6*]Oc1cc(F)cc(-c2ccnc(Nc3cccc([28*])c3)n2)c1,[7*]CC/C=C/CN(C)C[26*],18,8,21,0,6,27,7;26,largest_ring_two_bond_fragmentation
FRAG_4c11528fcf,JAK2_ae95950785,CN1C/C=C/CCOc2cc(F)cc(c2)-c2ccnc(n2)Nc2cccc(c2)C1,[1*]Cc1cccc(Nc2nccc(-c3cc(F)cc(O[6*])c3)n2)c1,[7*]CC/C=C/CN([28*])C,18,7,22,0,6,28,7;28,largest_ring_two_bond_fragmentation
FRAG_145f559da9,JAK2_ae95950785,CN1C/C=C/CCOc2cc(F)cc(c2)-c2ccnc(n2)Nc2cccc(c2)C1,[8*]OCC/C=C/CN(C)Cc1cccc(Nc2nccc([13*])n2)c1,[7*]c1cc([15*])cc(F)c1,18,7,22,6,7,14,7;15,largest_ring_two_bond_fragmentation
FRAG_84df3a1f3a,JAK2_ae95950785,CN1C/C=C/CCOc2cc(F)cc(c2)-c2ccnc(n2)Nc2cccc(c2)C1,[7*]c1cc(F)cc(-c2ccnc(Nc3cccc([28*])c3)n2)c1,[8*]OCC/C=C/CN(C)C[26*],18,9,20,0,7,27,8;26,largest_ring_two_bond_fragmentation
FRAG_9bd2e1ead9,JAK2_ae95950785,CN1C/C=C/CCOc2cc(F)cc(c2)-c2ccnc(n2)Nc2cccc(c2)C1,[1*]Cc1cccc(Nc2nccc(-c3cc([7*])cc(F)c3)n2)c1,[8*]OCC/C=C/CN([28*])C,18,8,21,0,7,28,8;28,largest_ring_two_bond_fragmentation
FRAG_3f06b74286,JAK2_ae95950785,CN1C/C=C/CCOc2cc(F)cc(c2)-c2ccnc(n2)Nc2cccc(c2)C1,[15*]c1cc(F)cc(OCC/C=C/CN(C)Cc2cccc(N[19*])c2)c1,[13*]c1ccnc([21*])n1,18,6,23,6,14,20,13;21,largest_ring_two_bond_fragmentation
FRAG_df67f8edce,JAK2_ae95950785,CN1C/C=C/CCOc2cc(F)cc(c2)-c2ccnc(n2)Nc2cccc(c2)C1,[15*]c1cc(F)cc(OCC/C=C/CN(C)Cc2cccc([21*])c2)c1,[13*]c1ccnc(N[22*])n1,18,7,22,6,14,21,13;22,largest_ring_two_bond_fragmentation
FRAG_77e0ebec3a,JAK2_ae95950785,CN1C/C=C/CCOc2cc(F)cc(c2)-c2ccnc(n2)Nc2cccc(c2)C1,[21*]c1nccc(-c2cc(F)cc(OCC/C=C/CN(C)C[26*])c2)n1,[19*]Nc1cccc([28*])c1,18,7,22,6,20,27,19;28,largest_ring_two_bond_fragmentation
FRAG_80eec3aeb8,JAK2_ae95950785,CN1C/C=C/CCOc2cc(F)cc(c2)-c2ccnc(n2)Nc2cccc(c2)C1,[21*]c1nccc(-c2cc(F)cc(OCC/C=C/CN([28*])C)c2)n1,[1*]Cc1cccc(N[19*])c1,18,8,21,6,20,28,1;19,largest_ring_two_bond_fragmentation
FRAG_d8809a6241,JAK2_ae95950785,CN1C/C=C/CCOc2cc(F)cc(c2)-c2ccnc(n2)Nc2cccc(c2)C1,[22*]Nc1nccc(-c2cc(F)cc(OCC/C=C/CN(C)C[26*])c2)n1,[21*]c1cccc([28*])c1,18,6,23,6,21,27,21;28,largest_ring_two_bond_fragmentation
FRAG_f430f3a912,JAK2_ae95950785,CN1C/C=C/CCOc2cc(F)cc(c2)-c2ccnc(n2)Nc2cccc(c2)C1,[22*]Nc1nccc(-c2cc(F)cc(OCC/C=C/CN([28*])C)c2)n1,[1*]Cc1cccc([21*])c1,18,7,22,6,21,28,1;21,largest_ring_two_bond_fragmentation
FRAG_55dbfaa113,JAK2_756371ea71,CCN(CC)CCC(=O)Nc1cc2cc(c1)Nc1nccc(n1)-c1cccc(c1)COCC=CCOC2,[16*]c1cc(COCC=CCOCc2cccc([21*])c2)cc(NC(=O)CCN(CC)CC)c1,[14*]Nc1nccc([23*])n1,18,7,30,6,15,22,14;23,largest_ring_two_bond_fragmentation
FRAG_342a1a4e93,JAK2_756371ea71,CCN(CC)CCC(=O)Nc1cc2cc(c1)Nc1nccc(n1)-c1cccc(c1)COCC=CCOC2,[17*]Nc1cc(COCC=CCOCc2cccc([21*])c2)cc(NC(=O)CCN(CC)CC)c1,[16*]c1nccc([23*])n1,18,6,31,6,16,22,16;23,largest_ring_two_bond_fragmentation
FRAG_64521bc145,JAK2_756371ea71,CCN(CC)CCC(=O)Nc1cc2cc(c1)Nc1nccc(n1)-c1cccc(c1)COCC=CCOC2,[17*]Nc1cc(COCC=CCOC[27*])cc(NC(=O)CCN(CC)CC)c1,[16*]c1nccc(-c2cccc([29*])c2)n1,18,12,25,6,16,28,16;29,largest_ring_two_bond_fragmentation
FRAG_745ffed1fd,JAK2_756371ea71,CCN(CC)CCC(=O)Nc1cc2cc(c1)Nc1nccc(n1)-c1cccc(c1)COCC=CCOC2,[23*]c1ccnc(Nc2cc(COCC=CCOC[27*])cc(NC(=O)CCN(CC)CC)c2)n1,[21*]c1cccc([29*])c1,18,6,31,6,22,28,21;29,largest_ring_two_bond_fragmentation
FRAG_5e26be0eb8,JAK2_756371ea71,CCN(CC)CCC(=O)Nc1cc2cc(c1)Nc1nccc(n1)-c1cccc(c1)COCC=CCOC2,[23*]c1ccnc(Nc2cc(COCC=CCO[29*])cc(NC(=O)CCN(CC)CC)c2)n1,[21*]c1cccc(C[30*])c1,18,7,30,6,22,29,21;30,largest_ring_two_bond_fragmentation
FRAG_523343f4d9,JAK2_756371ea71,CCN(CC)CCC(=O)Nc1cc2cc(c1)Nc1nccc(n1)-c1cccc(c1)COCC=CCOC2,[23*]c1ccnc(Nc2cc(COCC=CC[30*])cc(NC(=O)CCN(CC)CC)c2)n1,[21*]c1cccc(CO[31*])c1,18,8,29,6,22,30,21;31,largest_ring_two_bond_fragmentation
FRAG_0ab136d4d3,JAK2_756371ea71,CCN(CC)CCC(=O)Nc1cc2cc(c1)Nc1nccc(n1)-c1cccc(c1)COCC=CCOC2,[23*]c1ccnc(Nc2cc(COCC=C[31*])cc(NC(=O)CCN(CC)CC)c2)n1,[21*]c1cccc(COC[32*])c1,18,9,28,6,22,31,21;32,largest_ring_two_bond_fragmentation
FRAG_7c146ca767,JAK2_756371ea71,CCN(CC)CCC(=O)Nc1cc2cc(c1)Nc1nccc(n1)-c1cccc(c1)COCC=CCOC2,[23*]c1ccnc(Nc2cc(COC[33*])cc(NC(=O)CCN(CC)CC)c2)n1,[21*]c1cccc(COCC=C[34*])c1,18,11,26,6,22,33,21;34,largest_ring_two_bond_fragmentation
FRAG_80c9a7225b,JAK2_756371ea71,CCN(CC)CCC(=O)Nc1cc2cc(c1)Nc1nccc(n1)-c1cccc(c1)COCC=CCOC2,[23*]c1ccnc(Nc2cc(CO[34*])cc(NC(=O)CCN(CC)CC)c2)n1,[21*]c1cccc(COCC=CC[35*])c1,18,12,25,6,22,34,21;35,largest_ring_two_bond_fragmentation
FRAG_d9fa214f4a,JAK2_756371ea71,CCN(CC)CCC(=O)Nc1cc2cc(c1)Nc1nccc(n1)-c1cccc(c1)COCC=CCOC2,[29*]c1cccc(-c2ccnc(Nc3cc(COCC=C[31*])cc(NC(=O)CCN(CC)CC)c3)n2)c1,[27*]COC[32*],18,3,34,0,28,31,27;32,largest_ring_two_bond_fragmentation
FRAG_4543863ebc,JAK2_756371ea71,CCN(CC)CCC(=O)Nc1cc2cc(c1)Nc1nccc(n1)-c1cccc(c1)COCC=CCOC2,[29*]c1cccc(-c2ccnc(Nc3cc(COC[33*])cc(NC(=O)CCN(CC)CC)c3)n2)c1,[27*]COCC=C[34*],18,5,32,0,28,33,27;34,largest_ring_two_bond_fragmentation
FRAG_35a6f6171f,JAK2_756371ea71,CCN(CC)CCC(=O)Nc1cc2cc(c1)Nc1nccc(n1)-c1cccc(c1)COCC=CCOC2,[29*]c1cccc(-c2ccnc(Nc3cc(CO[34*])cc(NC(=O)CCN(CC)CC)c3)n2)c1,[27*]COCC=CC[35*],18,6,31,0,28,34,27;35,largest_ring_two_bond_fragmentation
FRAG_0fff78673d,JAK2_756371ea71,CCN(CC)CCC(=O)Nc1cc2cc(c1)Nc1nccc(n1)-c1cccc(c1)COCC=CCOC2,[29*]c1cccc(-c2ccnc(Nc3cc(C[35*])cc(NC(=O)CCN(CC)CC)c3)n2)c1,[27*]COCC=CCO[36*],18,7,30,0,28,35,27;36,largest_ring_two_bond_fragmentation
FRAG_e11653b79e,JAK2_756371ea71,CCN(CC)CCC(=O)Nc1cc2cc(c1)Nc1nccc(n1)-c1cccc(c1)COCC=CCOC2,[29*]c1cccc(-c2ccnc(Nc3cc([36*])cc(NC(=O)CCN(CC)CC)c3)n2)c1,[12*]COCC=CCOC[27*],18,8,29,0,28,39,12;27,largest_ring_two_bond_fragmentation
FRAG_97e95e2cdc,JAK2_756371ea71,CCN(CC)CCC(=O)Nc1cc2cc(c1)Nc1nccc(n1)-c1cccc(c1)COCC=CCOC2,[30*]Cc1cccc(-c2ccnc(Nc3cc(COC[33*])cc(NC(=O)CCN(CC)CC)c3)n2)c1,[29*]OCC=C[34*],18,4,33,0,29,33,29;34,largest_ring_two_bond_fragmentation
FRAG_49c98f1985,JAK2_756371ea71,CCN(CC)CCC(=O)Nc1cc2cc(c1)Nc1nccc(n1)-c1cccc(c1)COCC=CCOC2,[30*]Cc1cccc(-c2ccnc(Nc3cc(CO[34*])cc(NC(=O)CCN(CC)CC)c3)n2)c1,[29*]OCC=CC[35*],18,5,32,0,29,34,29;35,largest_ring_two_bond_fragmentation
FRAG_1a2adccdac,JAK2_756371ea71,CCN(CC)CCC(=O)Nc1cc2cc(c1)Nc1nccc(n1)-c1cccc(c1)COCC=CCOC2,[30*]Cc1cccc(-c2ccnc(Nc3cc(C[35*])cc(NC(=O)CCN(CC)CC)c3)n2)c1,[29*]OCC=CCO[36*],18,6,31,0,29,35,29;36,largest_ring_two_bond_fragmentation
FRAG_605970245d,JAK2_756371ea71,CCN(CC)CCC(=O)Nc1cc2cc(c1)Nc1nccc(n1)-c1cccc(c1)COCC=CCOC2,[30*]Cc1cccc(-c2ccnc(Nc3cc([36*])cc(NC(=O)CCN(CC)CC)c3)n2)c1,[12*]COCC=CCO[29*],18,7,30,0,29,39,12;29,largest_ring_two_bond_fragmentation
FRAG_daf0aa8f9f,JAK2_756371ea71,CCN(CC)CCC(=O)Nc1cc2cc(c1)Nc1nccc(n1)-c1cccc(c1)COCC=CCOC2,[31*]OCc1cccc(-c2ccnc(Nc3cc(COC[33*])cc(NC(=O)CCN(CC)CC)c3)n2)c1,[30*]CC=C[34*],18,3,34,0,30,33,30;34,largest_ring_two_bond_fragmentation
FRAG_0d86fd4a50,JAK2_756371ea71,CCN(CC)CCC(=O)Nc1cc2cc(c1)Nc1nccc(n1)-c1cccc(c1)COCC=CCOC2,[31*]OCc1cccc(-c2ccnc(Nc3cc(CO[34*])cc(NC(=O)CCN(CC)CC)c3)n2)c1,[30*]CC=CC[35*],18,4,33,0,30,34,30;35,largest_ring_two_bond_fragmentation
FRAG_d53c140fda,JAK2_756371ea71,CCN(CC)CCC(=O)Nc1cc2cc(c1)Nc1nccc(n1)-c1cccc(c1)COCC=CCOC2,[31*]OCc1cccc(-c2ccnc(Nc3cc(C[35*])cc(NC(=O)CCN(CC)CC)c3)n2)c1,[30*]CC=CCO[36*],18,5,32,0,30,35,30;36,largest_ring_two_bond_fragmentation
FRAG_b15d660047,JAK2_756371ea71,CCN(CC)CCC(=O)Nc1cc2cc(c1)Nc1nccc(n1)-c1cccc(c1)COCC=CCOC2,[31*]OCc1cccc(-c2ccnc(Nc3cc([36*])cc(NC(=O)CCN(CC)CC)c3)n2)c1,[12*]COCC=CC[30*],18,6,31,0,30,39,12;30,largest_ring_two_bond_fragmentation
FRAG_33a53ac13a,JAK2_756371ea71,CCN(CC)CCC(=O)Nc1cc2cc(c1)Nc1nccc(n1)-c1cccc(c1)COCC=CCOC2,[32*]COCc1cccc(-c2ccnc(Nc3cc(CO[34*])cc(NC(=O)CCN(CC)CC)c3)n2)c1,[31*]C=CC[35*],18,3,34,0,31,34,31;35,largest_ring_two_bond_fragmentation
FRAG_bbd7e50b8e,JAK2_756371ea71,CCN(CC)CCC(=O)Nc1cc2cc(c1)Nc1nccc(n1)-c1cccc(c1)COCC=CCOC2,[32*]COCc1cccc(-c2ccnc(Nc3cc(C[35*])cc(NC(=O)CCN(CC)CC)c3)n2)c1,[31*]C=CCO[36*],18,4,33,0,31,35,31;36,largest_ring_two_bond_fragmentation
FRAG_6c7639ca9b,JAK2_756371ea71,CCN(CC)CCC(=O)Nc1cc2cc(c1)Nc1nccc(n1)-c1cccc(c1)COCC=CCOC2,[32*]COCc1cccc(-c2ccnc(Nc3cc([36*])cc(NC(=O)CCN(CC)CC)c3)n2)c1,[12*]COCC=C[31*],18,5,32,0,31,39,12;31,largest_ring_two_bond_fragmentation
FRAG_8af077025b,JAK2_756371ea71,CCN(CC)CCC(=O)Nc1cc2cc(c1)Nc1nccc(n1)-c1cccc(c1)COCC=CCOC2,[34*]C=CCOCc1cccc(-c2ccnc(Nc3cc([36*])cc(NC(=O)CCN(CC)CC)c3)n2)c1,[12*]COC[33*],18,3,34,0,33,39,12;33,largest_ring_two_bond_fragmentation
FRAG_a7659e07b6,JAK2_2d7f8229b0,C1=CCOc2cccc(c2)Nc2nccc(n2)-c2cccc(c2)OCC1,[2*]C=CCCOc1cccc(-c2ccnc(N[8*])n2)c1,[1*]COc1cccc([10*])c1,17,8,18,6,1,9,1;10,largest_ring_two_bond_fragmentation
FRAG_be4111dec3,JAK2_2d7f8229b0,C1=CCOc2cccc(c2)Nc2nccc(n2)-c2cccc(c2)OCC1,[2*]C=CCCOc1cccc(-c2ccnc([10*])n2)c1,[1*]COc1cccc(N[11*])c1,17,9,17,6,1,10,1;11,largest_ring_two_bond_fragmentation
FRAG_a7193abea7,JAK2_2d7f8229b0,C1=CCOc2cccc(c2)Nc2nccc(n2)-c2cccc(c2)OCC1,[1*]COc1cccc(Nc2nccc([17*])n2)c1,[2*]C=CCCOc1cccc([15*])c1,17,11,15,6,1,16,2;15,largest_ring_two_bond_fragmentation
FRAG_5f9858eb00,JAK2_2d7f8229b0,C1=CCOc2cccc(c2)Nc2nccc(n2)-c2cccc(c2)OCC1,[1*]COc1cccc(Nc2nccc(-c3cccc([23*])c3)n2)c1,[2*]C=CCCO[21*],17,5,21,0,1,22,2;21,largest_ring_two_bond_fragmentation
FRAG_838797ce76,JAK2_2d7f8229b0,C1=CCOc2cccc(c2)Nc2nccc(n2)-c2cccc(c2)OCC1,[1*]COc1cccc(Nc2nccc(-c3cccc(O[24*])c3)n2)c1,[2*]C=CCC[23*],17,4,22,0,1,23,2;23,largest_ring_two_bond_fragmentation
FRAG_5f61272576,JAK2_2d7f8229b0,C1=CCOc2cccc(c2)Nc2nccc(n2)-c2cccc(c2)OCC1,[1*]COc1cccc(Nc2nccc(-c3cccc(OC[25*])c3)n2)c1,[2*]C=CC[24*],17,3,23,0,1,24,2;24,largest_ring_two_bond_fragmentation
FRAG_8e334a54d6,JAK2_2d7f8229b0,C1=CCOc2cccc(c2)Nc2nccc(n2)-c2cccc(c2)OCC1,[3*]CC=CCCOc1cccc(-c2ccnc(N[8*])n2)c1,[2*]Oc1cccc([10*])c1,17,7,19,6,2,9,2;10,largest_ring_two_bond_fragmentation
FRAG_bb5932ac2e,JAK2_2d7f8229b0,C1=CCOc2cccc(c2)Nc2nccc(n2)-c2cccc(c2)OCC1,[3*]CC=CCCOc1cccc(-c2ccnc([10*])n2)c1,[2*]Oc1cccc(N[11*])c1,17,8,18,6,2,10,2;11,largest_ring_two_bond_fragmentation
FRAG_4665d53ada,JAK2_2d7f8229b0,C1=CCOc2cccc(c2)Nc2nccc(n2)-c2cccc(c2)OCC1,[2*]Oc1cccc(Nc2nccc([17*])n2)c1,[3*]CC=CCCOc1cccc([15*])c1,17,12,14,6,2,16,3;15,largest_ring_two_bond_fragmentation
FRAG_2a20eac864,JAK2_2d7f8229b0,C1=CCOc2cccc(c2)Nc2nccc(n2)-c2cccc(c2)OCC1,[2*]Oc1cccc(Nc2nccc(-c3cccc([23*])c3)n2)c1,[3*]CC=CCCO[21*],17,6,20,0,2,22,3;21,largest_ring_two_bond_fragmentation
FRAG_a2af25b633,JAK2_2d7f8229b0,C1=CCOc2cccc(c2)Nc2nccc(n2)-c2cccc(c2)OCC1,[2*]Oc1cccc(Nc2nccc(-c3cccc(O[24*])c3)n2)c1,[3*]CC=CCC[23*],17,5,21,0,2,23,3;23,largest_ring_two_bond_fragmentation
FRAG_4245c1b147,JAK2_2d7f8229b0,C1=CCOc2cccc(c2)Nc2nccc(n2)-c2cccc(c2)OCC1,[2*]Oc1cccc(Nc2nccc(-c3cccc(OC[25*])c3)n2)c1,[3*]CC=CC[24*],17,4,22,0,2,24,3;24,largest_ring_two_bond_fragmentation
FRAG_7a1bc9e495,JAK2_2d7f8229b0,C1=CCOc2cccc(c2)Nc2nccc(n2)-c2cccc(c2)OCC1,*CCOc1cccc(-c2ccnc(Nc3cccc(O[2*])c3)n2)c1,[3*]CC=C[25*],17,3,23,0,2,25,3;25,largest_ring_two_bond_fragmentation
FRAG_235e296fed,JAK2_2d7f8229b0,C1=CCOc2cccc(c2)Nc2nccc(n2)-c2cccc(c2)OCC1,[4*]OCC=CCCOc1cccc(-c2ccnc(N[8*])n2)c1,[3*]c1cccc([10*])c1,17,6,20,6,3,9,3;10,largest_ring_two_bond_fragmentation
FRAG_c2227d7366,JAK2_2d7f8229b0,C1=CCOc2cccc(c2)Nc2nccc(n2)-c2cccc(c2)OCC1,[4*]OCC=CCCOc1cccc(-c2ccnc([10*])n2)c1,[3*]c1cccc(N[11*])c1,17,7,19,6,3,10,3;11,largest_ring_two_bond_fragmentation
FRAG_0a39d9711a,JAK2_2d7f8229b0,C1=CCOc2cccc(c2)Nc2nccc(n2)-c2cccc(c2)OCC1,[3*]c1cccc(Nc2nccc(-c3cccc([23*])c3)n2)c1,[4*]OCC=CCCO[21*],17,7,19,0,3,22,4;21,largest_ring_two_bond_fragmentation
FRAG_dd961667c5,JAK2_2d7f8229b0,C1=CCOc2cccc(c2)Nc2nccc(n2)-c2cccc(c2)OCC1,[3*]c1cccc(Nc2nccc(-c3cccc(O[24*])c3)n2)c1,[4*]OCC=CCC[23*],17,6,20,0,3,23,4;23,largest_ring_two_bond_fragmentation
FRAG_c79acbceba,JAK2_2d7f8229b0,C1=CCOc2cccc(c2)Nc2nccc(n2)-c2cccc(c2)OCC1,[3*]c1cccc(Nc2nccc(-c3cccc(OC[25*])c3)n2)c1,[4*]OCC=CC[24*],17,5,21,0,3,24,4;24,largest_ring_two_bond_fragmentation
FRAG_03f106e544,JAK2_2d7f8229b0,C1=CCOc2cccc(c2)Nc2nccc(n2)-c2cccc(c2)OCC1,*CCOc1cccc(-c2ccnc(Nc3cccc([3*])c3)n2)c1,[4*]OCC=C[25*],17,4,22,0,3,25,4;25,largest_ring_two_bond_fragmentation
FRAG_f8c8804913,JAK2_2d7f8229b0,C1=CCOc2cccc(c2)Nc2nccc(n2)-c2cccc(c2)OCC1,[10*]c1cccc(OCC=CCCOc2cccc([15*])c2)c1,[8*]Nc1nccc([17*])n1,17,7,19,6,9,16,8;17,largest_ring_two_bond_fragmentation
FRAG_a416be6b8c,JAK2_2d7f8229b0,C1=CCOc2cccc(c2)Nc2nccc(n2)-c2cccc(c2)OCC1,[8*]Nc1nccc(-c2cccc(O[24*])c2)n1,[10*]c1cccc(OCC=CCC[23*])c1,17,12,14,6,9,23,10;23,largest_ring_two_bond_fragmentation
FRAG_1a492a4ee7,JAK2_2d7f8229b0,C1=CCOc2cccc(c2)Nc2nccc(n2)-c2cccc(c2)OCC1,[8*]Nc1nccc(-c2cccc(OC[25*])c2)n1,[10*]c1cccc(OCC=CC[24*])c1,17,11,15,6,9,24,10;24,largest_ring_two_bond_fragmentation
FRAG_e4631d5ca1,JAK2_2d7f8229b0,C1=CCOc2cccc(c2)Nc2nccc(n2)-c2cccc(c2)OCC1,*CCOc1cccc(-c2ccnc(N[8*])n2)c1,[10*]c1cccc(OCC=C[25*])c1,17,10,16,6,9,25,10;25,largest_ring_two_bond_fragmentation
FRAG_c86d4b7149,JAK2_2d7f8229b0,C1=CCOc2cccc(c2)Nc2nccc(n2)-c2cccc(c2)OCC1,[11*]Nc1cccc(OCC=CCCOc2cccc([15*])c2)c1,[10*]c1nccc([17*])n1,17,6,20,6,10,16,10;17,largest_ring_two_bond_fragmentation
FRAG_562cd9b0c6,JAK2_2d7f8229b0,C1=CCOc2cccc(c2)Nc2nccc(n2)-c2cccc(c2)OCC1,[11*]Nc1cccc(OCC=CCCO[21*])c1,[10*]c1nccc(-c2cccc([23*])c2)n1,17,12,14,6,10,22,10;23,largest_ring_two_bond_fragmentation
FRAG_a78a8b0f3d,JAK2_2d7f8229b0,C1=CCOc2cccc(c2)Nc2nccc(n2)-c2cccc(c2)OCC1,[10*]c1nccc(-c2cccc(OC[25*])c2)n1,[11*]Nc1cccc(OCC=CC[24*])c1,17,12,14,6,10,24,11;24,largest_ring_two_bond_fragmentation
FRAG_56817e0de8,JAK2_2d7f8229b0,C1=CCOc2cccc(c2)Nc2nccc(n2)-c2cccc(c2)OCC1,*CCOc1cccc(-c2ccnc([10*])n2)c1,[11*]Nc1cccc(OCC=C[25*])c1,17,11,15,6,10,25,11;25,largest_ring_two_bond_fragmentation
FRAG_b1784d9533,JAK2_2d7f8229b0,C1=CCOc2cccc(c2)Nc2nccc(n2)-c2cccc(c2)OCC1,[17*]c1ccnc(Nc2cccc(OCC=CCCO[21*])c2)n1,[15*]c1cccc([23*])c1,17,6,20,6,16,22,15;23,largest_ring_two_bond_fragmentation
FRAG_7dc8a0f1a5,JAK2_2d7f8229b0,C1=CCOc2cccc(c2)Nc2nccc(n2)-c2cccc(c2)OCC1,[17*]c1ccnc(Nc2cccc(OCC=CCC[23*])c2)n1,[15*]c1cccc(O[24*])c1,17,7,19,6,16,23,15;24,largest_ring_two_bond_fragmentation
FRAG_2938d307d6,JAK2_2d7f8229b0,C1=CCOc2cccc(c2)Nc2nccc(n2)-c2cccc(c2)OCC1,[17*]c1ccnc(Nc2cccc(OCC=CC[24*])c2)n1,[15*]c1cccc(OC[25*])c1,17,8,18,6,16,24,15;25,largest_ring_two_bond_fragmentation
FRAG_91cc4c9002,JAK2_2d7f8229b0,C1=CCOc2cccc(c2)Nc2nccc(n2)-c2cccc(c2)OCC1,[17*]c1ccnc(Nc2cccc(OCC=C[25*])c2)n1,*CCOc1cccc([15*])c1,17,9,17,6,16,25,0;15,largest_ring_two_bond_fragmentation
FRAG_edd3854f5c,JAK2_2d7f8229b0,C1=CCOc2cccc(c2)Nc2nccc(n2)-c2cccc(c2)OCC1,[23*]c1cccc(-c2ccnc(Nc3cccc(OCC=C[25*])c3)n2)c1,*CCO[21*],17,3,23,0,22,25,0;21,largest_ring_two_bond_fragmentation
FRAG_66b683747c,JAK2_48bd1ba00c,CN1C/C=C/COCc2cccc(c2)Nc2nccc(n2)-c2cccc(c2)C1,[2*]N(C)Cc1cccc(-c2ccnc(Nc3cccc(COC[4*])c3)n2)c1,[1*]C/C=C/[5*],18,3,25,0,1,4,1;5,largest_ring_two_bond_fragmentation
FRAG_25bf2d2dd4,JAK2_48bd1ba00c,CN1C/C=C/COCc2cccc(c2)Nc2nccc(n2)-c2cccc(c2)C1,[2*]N(C)Cc1cccc(-c2ccnc(Nc3cccc(CO[5*])c3)n2)c1,[1*]C/C=C/C[6*],18,4,24,0,1,5,1;6,largest_ring_two_bond_fragmentation
FRAG_0d0da6fe0f,JAK2_48bd1ba00c,CN1C/C=C/COCc2cccc(c2)Nc2nccc(n2)-c2cccc(c2)C1,[2*]N(C)Cc1cccc(-c2ccnc(Nc3cccc(C[6*])c3)n2)c1,[1*]C/C=C/CO[7*],18,5,23,0,1,6,1;7,largest_ring_two_bond_fragmentation
FRAG_f7e6c6103c,JAK2_48bd1ba00c,CN1C/C=C/COCc2cccc(c2)Nc2nccc(n2)-c2cccc(c2)C1,[2*]N(C)Cc1cccc(-c2ccnc(Nc3cccc([7*])c3)n2)c1,[1*]C/C=C/COC[8*],18,6,22,0,1,7,1;8,largest_ring_two_bond_fragmentation
FRAG_e1899b0090,JAK2_48bd1ba00c,CN1C/C=C/COCc2cccc(c2)Nc2nccc(n2)-c2cccc(c2)C1,[2*]N(C)Cc1cccc(-c2ccnc(N[12*])n2)c1,[1*]C/C=C/COCc1cccc([14*])c1,18,12,16,6,1,13,1;14,largest_ring_two_bond_fragmentation
FRAG_c80afe06c8,JAK2_48bd1ba00c,CN1C/C=C/COCc2cccc(c2)Nc2nccc(n2)-c2cccc(c2)C1,[1*]C/C=C/COCc1cccc(Nc2nccc([21*])n2)c1,[2*]N(C)Cc1cccc([19*])c1,18,9,19,6,1,20,2;19,largest_ring_two_bond_fragmentation
FRAG_5ada1f66e6,JAK2_48bd1ba00c,CN1C/C=C/COCc2cccc(c2)Nc2nccc(n2)-c2cccc(c2)C1,[1*]C/C=C/COCc1cccc(Nc2nccc(-c3cccc([27*])c3)n2)c1,[2*]N(C)C[25*],18,3,25,0,1,26,2;25,largest_ring_two_bond_fragmentation
FRAG_3b1bd6b97a,JAK2_48bd1ba00c,CN1C/C=C/COCc2cccc(c2)Nc2nccc(n2)-c2cccc(c2)C1,[3*]CN(C)Cc1cccc(-c2ccnc(Nc3cccc(CO[5*])c3)n2)c1,[2*]/C=C/C[6*],18,3,25,0,2,5,2;6,largest_ring_two_bond_fragmentation
FRAG_9d33933f63,JAK2_48bd1ba00c,CN1C/C=C/COCc2cccc(c2)Nc2nccc(n2)-c2cccc(c2)C1,[3*]CN(C)Cc1cccc(-c2ccnc(Nc3cccc(C[6*])c3)n2)c1,[2*]/C=C/CO[7*],18,4,24,0,2,6,2;7,largest_ring_two_bond_fragmentation
FRAG_7e8b223f1c,JAK2_48bd1ba00c,CN1C/C=C/COCc2cccc(c2)Nc2nccc(n2)-c2cccc(c2)C1,[3*]CN(C)Cc1cccc(-c2ccnc(Nc3cccc([7*])c3)n2)c1,[2*]/C=C/COC[8*],18,5,23,0,2,7,2;8,largest_ring_two_bond_fragmentation
FRAG_837c73a635,JAK2_48bd1ba00c,CN1C/C=C/COCc2cccc(c2)Nc2nccc(n2)-c2cccc(c2)C1,[3*]CN(C)Cc1cccc(-c2ccnc(N[12*])n2)c1,[2*]/C=C/COCc1cccc([14*])c1,18,11,17,6,2,13,2;14,largest_ring_two_bond_fragmentation
FRAG_b49cee332c,JAK2_48bd1ba00c,CN1C/C=C/COCc2cccc(c2)Nc2nccc(n2)-c2cccc(c2)C1,[3*]CN(C)Cc1cccc(-c2ccnc([14*])n2)c1,[2*]/C=C/COCc1cccc(N[15*])c1,18,12,16,6,2,14,2;15,largest_ring_two_bond_fragmentation
FRAG_bc28267f58,JAK2_48bd1ba00c,CN1C/C=C/COCc2cccc(c2)Nc2nccc(n2)-c2cccc(c2)C1,[2*]/C=C/COCc1cccc(Nc2nccc([21*])n2)c1,[3*]CN(C)Cc1cccc([19*])c1,18,10,18,6,2,20,3;19,largest_ring_two_bond_fragmentation
FRAG_9c04c63450,JAK2_48bd1ba00c,CN1C/C=C/COCc2cccc(c2)Nc2nccc(n2)-c2cccc(c2)C1,[2*]/C=C/COCc1cccc(Nc2nccc(-c3cccc([27*])c3)n2)c1,[3*]CN(C)C[25*],18,4,24,0,2,26,3;25,largest_ring_two_bond_fragmentation
FRAG_3ed862a1b5,JAK2_48bd1ba00c,CN1C/C=C/COCc2cccc(c2)Nc2nccc(n2)-c2cccc(c2)C1,[1*]Cc1cccc(-c2ccnc(Nc3cccc(COC/C=C/[2*])c3)n2)c1,[3*]CN([27*])C,18,3,25,0,2,27,3;27,largest_ring_two_bond_fragmentation
FRAG_ae39e5ddc2,JAK2_48bd1ba00c,CN1C/C=C/COCc2cccc(c2)Nc2nccc(n2)-c2cccc(c2)C1,[5*]/C=C/CN(C)Cc1cccc(-c2ccnc(Nc3cccc([7*])c3)n2)c1,[4*]COC[8*],18,3,25,0,4,7,4;8,largest_ring_two_bond_fragmentation
FRAG_1170798d11,JAK2_48bd1ba00c,CN1C/C=C/COCc2cccc(c2)Nc2nccc(n2)-c2cccc(c2)C1,[5*]/C=C/CN(C)Cc1cccc(-c2ccnc(N[12*])n2)c1,[4*]COCc1cccc([14*])c1,18,9,19,6,4,13,4;14,largest_ring_two_bond_fragmentation
FRAG_448f9eb0b0,JAK2_48bd1ba00c,CN1C/C=C/COCc2cccc(c2)Nc2nccc(n2)-c2cccc(c2)C1,[5*]/C=C/CN(C)Cc1cccc(-c2ccnc([14*])n2)c1,[4*]COCc1cccc(N[15*])c1,18,10,18,6,4,14,4;15,largest_ring_two_bond_fragmentation
FRAG_9c45cf3e21,JAK2_48bd1ba00c,CN1C/C=C/COCc2cccc(c2)Nc2nccc(n2)-c2cccc(c2)C1,[4*]COCc1cccc(Nc2nccc([21*])n2)c1,[5*]/C=C/CN(C)Cc1cccc([19*])c1,18,12,16,6,4,20,5;19,largest_ring_two_bond_fragmentation
FRAG_8fc458084d,JAK2_48bd1ba00c,CN1C/C=C/COCc2cccc(c2)Nc2nccc(n2)-c2cccc(c2)C1,[4*]COCc1cccc(Nc2nccc(-c3cccc([27*])c3)n2)c1,[5*]/C=C/CN(C)C[25*],18,6,22,0,4,26,5;25,largest_ring_two_bond_fragmentation
FRAG_5fee17356d,JAK2_48bd1ba00c,CN1C/C=C/COCc2cccc(c2)Nc2nccc(n2)-c2cccc(c2)C1,[1*]Cc1cccc(-c2ccnc(Nc3cccc(COC[4*])c3)n2)c1,[5*]/C=C/CN([27*])C,18,5,23,0,4,27,5;27,largest_ring_two_bond_fragmentation
FRAG_641f3c3d5b,JAK2_48bd1ba00c,CN1C/C=C/COCc2cccc(c2)Nc2nccc(n2)-c2cccc(c2)C1,[6*]C/C=C/CN(C)Cc1cccc(-c2ccnc(N[12*])n2)c1,[5*]OCc1cccc([14*])c1,18,8,20,6,5,13,5;14,largest_ring_two_bond_fragmentation
FRAG_a62c7a4d8d,JAK2_48bd1ba00c,CN1C/C=C/COCc2cccc(c2)Nc2nccc(n2)-c2cccc(c2)C1,[6*]C/C=C/CN(C)Cc1cccc(-c2ccnc([14*])n2)c1,[5*]OCc1cccc(N[15*])c1,18,9,19,6,5,14,5;15,largest_ring_two_bond_fragmentation
FRAG_71c81f851e,JAK2_48bd1ba00c,CN1C/C=C/COCc2cccc(c2)Nc2nccc(n2)-c2cccc(c2)C1,[5*]OCc1cccc(Nc2nccc(-c3cccc([27*])c3)n2)c1,[6*]C/C=C/CN(C)C[25*],18,7,21,0,5,26,6;25,largest_ring_two_bond_fragmentation
FRAG_6ef5dfe3ff,JAK2_48bd1ba00c,CN1C/C=C/COCc2cccc(c2)Nc2nccc(n2)-c2cccc(c2)C1,[1*]Cc1cccc(-c2ccnc(Nc3cccc(CO[5*])c3)n2)c1,[6*]C/C=C/CN([27*])C,18,6,22,0,5,27,6;27,largest_ring_two_bond_fragmentation
FRAG_f0d82a1d8d,JAK2_48bd1ba00c,CN1C/C=C/COCc2cccc(c2)Nc2nccc(n2)-c2cccc(c2)C1,[7*]OC/C=C/CN(C)Cc1cccc(-c2ccnc(N[12*])n2)c1,[6*]Cc1cccc([14*])c1,18,7,21,6,6,13,6;14,largest_ring_two_bond_fragmentation
FRAG_c29d078cff,JAK2_48bd1ba00c,CN1C/C=C/COCc2cccc(c2)Nc2nccc(n2)-c2cccc(c2)C1,[7*]OC/C=C/CN(C)Cc1cccc(-c2ccnc([14*])n2)c1,[6*]Cc1cccc(N[15*])c1,18,8,20,6,6,14,6;15,largest_ring_two_bond_fragmentation
FRAG_8b3d56a552,JAK2_48bd1ba00c,CN1C/C=C/COCc2cccc(c2)Nc2nccc(n2)-c2cccc(c2)C1,[6*]Cc1cccc(Nc2nccc(-c3cccc([27*])c3)n2)c1,[7*]OC/C=C/CN(C)C[25*],18,8,20,0,6,26,7;25,largest_ring_two_bond_fragmentation
FRAG_22e2a92e93,JAK2_48bd1ba00c,CN1C/C=C/COCc2cccc(c2)Nc2nccc(n2)-c2cccc(c2)C1,[1*]Cc1cccc(-c2ccnc(Nc3cccc(C[6*])c3)n2)c1,[7*]OC/C=C/CN([27*])C,18,7,21,0,6,27,7;27,largest_ring_two_bond_fragmentation
FRAG_3ed3580e8f,JAK2_48bd1ba00c,CN1C/C=C/COCc2cccc(c2)Nc2nccc(n2)-c2cccc(c2)C1,[8*]COC/C=C/CN(C)Cc1cccc(-c2ccnc(N[12*])n2)c1,[7*]c1cccc([14*])c1,18,6,22,6,7,13,7;14,largest_ring_two_bond_fragmentation
FRAG_8a35faac25,JAK2_48bd1ba00c,CN1C/C=C/COCc2cccc(c2)Nc2nccc(n2)-c2cccc(c2)C1,[8*]COC/C=C/CN(C)Cc1cccc(-c2ccnc([14*])n2)c1,[7*]c1cccc(N[15*])c1,18,7,21,6,7,14,7;15,largest_ring_two_bond_fragmentation
FRAG_77fc7194e3,JAK2_48bd1ba00c,CN1C/C=C/COCc2cccc(c2)Nc2nccc(n2)-c2cccc(c2)C1,[7*]c1cccc(Nc2nccc(-c3cccc([27*])c3)n2)c1,[8*]COC/C=C/CN(C)C[25*],18,9,19,0,7,26,8;25,largest_ring_two_bond_fragmentation
FRAG_bbf138fa57,JAK2_48bd1ba00c,CN1C/C=C/COCc2cccc(c2)Nc2nccc(n2)-c2cccc(c2)C1,[1*]Cc1cccc(-c2ccnc(Nc3cccc([7*])c3)n2)c1,[8*]COC/C=C/CN([27*])C,18,8,20,0,7,27,8;27,largest_ring_two_bond_fragmentation
FRAG_1e513318c5,JAK2_48bd1ba00c,CN1C/C=C/COCc2cccc(c2)Nc2nccc(n2)-c2cccc(c2)C1,[14*]c1cccc(COC/C=C/CN(C)Cc2cccc([19*])c2)c1,[12*]Nc1nccc([21*])n1,18,7,21,6,13,20,12;21,largest_ring_two_bond_fragmentation
FRAG_681d039dad,JAK2_48bd1ba00c,CN1C/C=C/COCc2cccc(c2)Nc2nccc(n2)-c2cccc(c2)C1,[15*]Nc1cccc(COC/C=C/CN(C)Cc2cccc([19*])c2)c1,[14*]c1nccc([21*])n1,18,6,22,6,14,20,14;21,largest_ring_two_bond_fragmentation
FRAG_2cdab008fd,JAK2_48bd1ba00c,CN1C/C=C/COCc2cccc(c2)Nc2nccc(n2)-c2cccc(c2)C1,[15*]Nc1cccc(COC/C=C/CN(C)C[25*])c1,[14*]c1nccc(-c2cccc([27*])c2)n1,18,12,16,6,14,26,14;27,largest_ring_two_bond_fragmentation
FRAG_2ae9cbb874,JAK2_48bd1ba00c,CN1C/C=C/COCc2cccc(c2)Nc2nccc(n2)-c2cccc(c2)C1,[21*]c1ccnc(Nc2cccc(COC/C=C/CN(C)C[25*])c2)n1,[19*]c1cccc([27*])c1,18,6,22,6,20,26,19;27,largest_ring_two_bond_fragmentation
FRAG_474876231f,JAK2_48bd1ba00c,CN1C/C=C/COCc2cccc(c2)Nc2nccc(n2)-c2cccc(c2)C1,[21*]c1ccnc(Nc2cccc(COC/C=C/CN([27*])C)c2)n1,[1*]Cc1cccc([19*])c1,18,7,21,6,20,27,1;19,largest_ring_two_bond_fragmentation
FRAG_5f827f8d8a,JAK2_5e0d0678dd,CN1CCN(c2ccc3cc2COCC=CCOCc2cccc(c2)-c2ccnc(n2)N3)CC1,[11*]c1cc(Nc2nccc(-c3cccc(COCC=C[13*])c3)n2)ccc1N1CCN(C)CC1,[10*]COC[14*],18,3,31,0,10,13,10;14,largest_ring_two_bond_fragmentation
FRAG_31b6d012f2,JAK2_5e0d0678dd,CN1CCN(c2ccc3cc2COCC=CCOCc2cccc(c2)-c2ccnc(n2)N3)CC1,[11*]c1cc(Nc2nccc(-c3cccc(COC[15*])c3)n2)ccc1N1CCN(C)CC1,[10*]COCC=C[16*],18,5,29,0,10,15,10;16,largest_ring_two_bond_fragmentation
FRAG_84cc7babbe,JAK2_5e0d0678dd,CN1CCN(c2ccc3cc2COCC=CCOCc2cccc(c2)-c2ccnc(n2)N3)CC1,[11*]c1cc(Nc2nccc(-c3cccc(CO[16*])c3)n2)ccc1N1CCN(C)CC1,[10*]COCC=CC[17*],18,6,28,0,10,16,10;17,largest_ring_two_bond_fragmentation
FRAG_c18ae77a73,JAK2_5e0d0678dd,CN1CCN(c2ccc3cc2COCC=CCOCc2cccc(c2)-c2ccnc(n2)N3)CC1,[11*]c1cc(Nc2nccc(-c3cccc(C[17*])c3)n2)ccc1N1CCN(C)CC1,[10*]COCC=CCO[18*],18,7,27,0,10,17,10;18,largest_ring_two_bond_fragmentation
FRAG_7791d63eb6,JAK2_5e0d0678dd,CN1CCN(c2ccc3cc2COCC=CCOCc2cccc(c2)-c2ccnc(n2)N3)CC1,[11*]c1cc(Nc2nccc(-c3cccc([18*])c3)n2)ccc1N1CCN(C)CC1,[10*]COCC=CCOC[19*],18,8,26,0,10,18,10;19,largest_ring_two_bond_fragmentation
FRAG_6343974270,JAK2_5e0d0678dd,CN1CCN(c2ccc3cc2COCC=CCOCc2cccc(c2)-c2ccnc(n2)N3)CC1,[12*]Cc1cc(Nc2nccc(-c3cccc(COC[15*])c3)n2)ccc1N1CCN(C)CC1,[11*]OCC=C[16*],18,4,30,0,11,15,11;16,largest_ring_two_bond_fragmentation
FRAG_c1ca5095c5,JAK2_5e0d0678dd,CN1CCN(c2ccc3cc2COCC=CCOCc2cccc(c2)-c2ccnc(n2)N3)CC1,[12*]Cc1cc(Nc2nccc(-c3cccc(CO[16*])c3)n2)ccc1N1CCN(C)CC1,[11*]OCC=CC[17*],18,5,29,0,11,16,11;17,largest_ring_two_bond_fragmentation
FRAG_86aa8fb93c,JAK2_5e0d0678dd,CN1CCN(c2ccc3cc2COCC=CCOCc2cccc(c2)-c2ccnc(n2)N3)CC1,[12*]Cc1cc(Nc2nccc(-c3cccc(C[17*])c3)n2)ccc1N1CCN(C)CC1,[11*]OCC=CCO[18*],18,6,28,0,11,17,11;18,largest_ring_two_bond_fragmentation
FRAG_db98d99b7c,JAK2_5e0d0678dd,CN1CCN(c2ccc3cc2COCC=CCOCc2cccc(c2)-c2ccnc(n2)N3)CC1,[12*]Cc1cc(Nc2nccc(-c3cccc([18*])c3)n2)ccc1N1CCN(C)CC1,[11*]OCC=CCOC[19*],18,7,27,0,11,18,11;19,largest_ring_two_bond_fragmentation
FRAG_d4e5fb7c5c,JAK2_5e0d0678dd,CN1CCN(c2ccc3cc2COCC=CCOCc2cccc(c2)-c2ccnc(n2)N3)CC1,[13*]OCc1cc(Nc2nccc(-c3cccc(COC[15*])c3)n2)ccc1N1CCN(C)CC1,[12*]CC=C[16*],18,3,31,0,12,15,12;16,largest_ring_two_bond_fragmentation
FRAG_da8b21acf3,JAK2_5e0d0678dd,CN1CCN(c2ccc3cc2COCC=CCOCc2cccc(c2)-c2ccnc(n2)N3)CC1,[13*]OCc1cc(Nc2nccc(-c3cccc(CO[16*])c3)n2)ccc1N1CCN(C)CC1,[12*]CC=CC[17*],18,4,30,0,12,16,12;17,largest_ring_two_bond_fragmentation
FRAG_fe7a706216,JAK2_5e0d0678dd,CN1CCN(c2ccc3cc2COCC=CCOCc2cccc(c2)-c2ccnc(n2)N3)CC1,[13*]OCc1cc(Nc2nccc(-c3cccc(C[17*])c3)n2)ccc1N1CCN(C)CC1,[12*]CC=CCO[18*],18,5,29,0,12,17,12;18,largest_ring_two_bond_fragmentation
FRAG_faf1c183fe,JAK2_5e0d0678dd,CN1CCN(c2ccc3cc2COCC=CCOCc2cccc(c2)-c2ccnc(n2)N3)CC1,[13*]OCc1cc(Nc2nccc(-c3cccc([18*])c3)n2)ccc1N1CCN(C)CC1,[12*]CC=CCOC[19*],18,6,28,0,12,18,12;19,largest_ring_two_bond_fragmentation
FRAG_45908c7ba5,JAK2_5e0d0678dd,CN1CCN(c2ccc3cc2COCC=CCOCc2cccc(c2)-c2ccnc(n2)N3)CC1,[13*]OCc1cc(Nc2nccc([23*])n2)ccc1N1CCN(C)CC1,[12*]CC=CCOCc1cccc([25*])c1,18,12,22,6,12,24,12;25,largest_ring_two_bond_fragmentation
FRAG_6b2eb4b835,JAK2_5e0d0678dd,CN1CCN(c2ccc3cc2COCC=CCOCc2cccc(c2)-c2ccnc(n2)N3)CC1,[14*]COCc1cc(Nc2nccc(-c3cccc(CO[16*])c3)n2)ccc1N1CCN(C)CC1,[13*]C=CC[17*],18,3,31,0,13,16,13;17,largest_ring_two_bond_fragmentation
FRAG_641ab60ffa,JAK2_5e0d0678dd,CN1CCN(c2ccc3cc2COCC=CCOCc2cccc(c2)-c2ccnc(n2)N3)CC1,[14*]COCc1cc(Nc2nccc(-c3cccc(C[17*])c3)n2)ccc1N1CCN(C)CC1,[13*]C=CCO[18*],18,4,30,0,13,17,13;18,largest_ring_two_bond_fragmentation
FRAG_77d378601f,JAK2_5e0d0678dd,CN1CCN(c2ccc3cc2COCC=CCOCc2cccc(c2)-c2ccnc(n2)N3)CC1,[14*]COCc1cc(Nc2nccc(-c3cccc([18*])c3)n2)ccc1N1CCN(C)CC1,[13*]C=CCOC[19*],18,5,29,0,13,18,13;19,largest_ring_two_bond_fragmentation
FRAG_d0e127a4e8,JAK2_5e0d0678dd,CN1CCN(c2ccc3cc2COCC=CCOCc2cccc(c2)-c2ccnc(n2)N3)CC1,[14*]COCc1cc(Nc2nccc([23*])n2)ccc1N1CCN(C)CC1,[13*]C=CCOCc1cccc([25*])c1,18,11,23,6,13,24,13;25,largest_ring_two_bond_fragmentation
FRAG_f11c3aa069,JAK2_5e0d0678dd,CN1CCN(c2ccc3cc2COCC=CCOCc2cccc(c2)-c2ccnc(n2)N3)CC1,[16*]C=CCOCc1cc(Nc2nccc(-c3cccc([18*])c3)n2)ccc1N1CCN(C)CC1,[15*]COC[19*],18,3,31,0,15,18,15;19,largest_ring_two_bond_fragmentation
FRAG_09b017c634,JAK2_5e0d0678dd,CN1CCN(c2ccc3cc2COCC=CCOCc2cccc(c2)-c2ccnc(n2)N3)CC1,[16*]C=CCOCc1cc(Nc2nccc([23*])n2)ccc1N1CCN(C)CC1,[15*]COCc1cccc([25*])c1,18,9,25,6,15,24,15;25,largest_ring_two_bond_fragmentation
FRAG_5a55f7af92,JAK2_5e0d0678dd,CN1CCN(c2ccc3cc2COCC=CCOCc2cccc(c2)-c2ccnc(n2)N3)CC1,[17*]CC=CCOCc1cc(Nc2nccc([23*])n2)ccc1N1CCN(C)CC1,[16*]OCc1cccc([25*])c1,18,8,26,6,16,24,16;25,largest_ring_two_bond_fragmentation
FRAG_4bf9d75e3d,JAK2_5e0d0678dd,CN1CCN(c2ccc3cc2COCC=CCOCc2cccc(c2)-c2ccnc(n2)N3)CC1,[18*]OCC=CCOCc1cc(Nc2nccc([23*])n2)ccc1N1CCN(C)CC1,[17*]Cc1cccc([25*])c1,18,7,27,6,17,24,17;25,largest_ring_two_bond_fragmentation
FRAG_eb12af43c9,JAK2_5e0d0678dd,CN1CCN(c2ccc3cc2COCC=CCOCc2cccc(c2)-c2ccnc(n2)N3)CC1,[19*]COCC=CCOCc1cc(Nc2nccc([23*])n2)ccc1N1CCN(C)CC1,[18*]c1cccc([25*])c1,18,6,28,6,18,24,18;25,largest_ring_two_bond_fragmentation
FRAG_bfc2f7bbb3,JAK2_5e0d0678dd,CN1CCN(c2ccc3cc2COCC=CCOCc2cccc(c2)-c2ccnc(n2)N3)CC1,[19*]COCC=CCOCc1cc(N[29*])ccc1N1CCN(C)CC1,[18*]c1cccc(-c2ccnc([31*])n2)c1,18,12,22,6,18,30,18;31,largest_ring_two_bond_fragmentation
FRAG_50cce83990,JAK2_5e0d0678dd,CN1CCN(c2ccc3cc2COCC=CCOCc2cccc(c2)-c2ccnc(n2)N3)CC1,[25*]c1cccc(COCC=CCOCc2cc(N[29*])ccc2N2CCN(C)CC2)c1,[23*]c1ccnc([31*])n1,18,6,28,6,24,30,23;31,largest_ring_two_bond_fragmentation
FRAG_4dd97e960b,JAK2_5e0d0678dd,CN1CCN(c2ccc3cc2COCC=CCOCc2cccc(c2)-c2ccnc(n2)N3)CC1,[25*]c1cccc(COCC=CCOCc2cc([31*])ccc2N2CCN(C)CC2)c1,[8*]Nc1nccc([23*])n1,18,7,27,6,24,37,8;23,largest_ring_two_bond_fragmentation
FRAG_76fa8841f6,JAK2_1b4ffa7121,C1=C/CN(CC2CC2)Cc2cccc(c2)Nc2nccc(n2)-c2cccc(c2)OCC/1,[2*]/C=C/CCOc1cccc(-c2ccnc(Nc3cccc(C[3*])c3)n2)c1,[1*]CN([8*])CC1CC1,18,6,25,3,1,7,1;8,largest_ring_two_bond_fragmentation
FRAG_40e67d58ae,JAK2_1b4ffa7121,C1=C/CN(CC2CC2)Cc2cccc(c2)Nc2nccc(n2)-c2cccc(c2)OCC/1,[2*]/C=C/CCOc1cccc(-c2ccnc(Nc3cccc([8*])c3)n2)c1,[1*]CN(C[9*])CC1CC1,18,7,24,3,1,8,1;9,largest_ring_two_bond_fragmentation
FRAG_dc3f5a7557,JAK2_1b4ffa7121,C1=C/CN(CC2CC2)Cc2cccc(c2)Nc2nccc(n2)-c2cccc(c2)OCC/1,[1*]CN(Cc1cccc(Nc2nccc([22*])n2)c1)CC1CC1,[2*]/C=C/CCOc1cccc([20*])c1,18,11,20,6,1,21,2;20,largest_ring_two_bond_fragmentation
FRAG_bd83cb09a7,JAK2_1b4ffa7121,C1=C/CN(CC2CC2)Cc2cccc(c2)Nc2nccc(n2)-c2cccc(c2)OCC/1,[1*]CN(Cc1cccc(Nc2nccc(-c3cccc([28*])c3)n2)c1)CC1CC1,[2*]/C=C/CCO[26*],18,5,26,0,1,27,2;26,largest_ring_two_bond_fragmentation
FRAG_b1441173ac,JAK2_1b4ffa7121,C1=C/CN(CC2CC2)Cc2cccc(c2)Nc2nccc(n2)-c2cccc(c2)OCC/1,[1*]CN(Cc1cccc(Nc2nccc(-c3cccc(O[29*])c3)n2)c1)CC1CC1,[2*]/C=C/CC[28*],18,4,27,0,1,28,2;28,largest_ring_two_bond_fragmentation
FRAG_4ef751a2c4,JAK2_1b4ffa7121,C1=C/CN(CC2CC2)Cc2cccc(c2)Nc2nccc(n2)-c2cccc(c2)OCC/1,[1*]CN(Cc1cccc(Nc2nccc(-c3cccc(OC[30*])c3)n2)c1)CC1CC1,[2*]/C=C/C[29*],18,3,28,0,1,29,2;29,largest_ring_two_bond_fragmentation
FRAG_bd7ed3a718,JAK2_1b4ffa7121,C1=C/CN(CC2CC2)Cc2cccc(c2)Nc2nccc(n2)-c2cccc(c2)OCC/1,[3*]C/C=C/CCOc1cccc(-c2ccnc(Nc3cccc([8*])c3)n2)c1,[2*]N(C[9*])CC1CC1,18,6,25,3,2,8,2;9,largest_ring_two_bond_fragmentation
FRAG_983936732f,JAK2_1b4ffa7121,C1=C/CN(CC2CC2)Cc2cccc(c2)Nc2nccc(n2)-c2cccc(c2)OCC/1,[3*]C/C=C/CCOc1cccc(-c2ccnc(N[13*])n2)c1,[2*]N(Cc1cccc([15*])c1)CC1CC1,18,12,19,6,2,14,2;15,largest_ring_two_bond_fragmentation
FRAG_c60b3e04c3,JAK2_1b4ffa7121,C1=C/CN(CC2CC2)Cc2cccc(c2)Nc2nccc(n2)-c2cccc(c2)OCC/1,[2*]N(Cc1cccc(Nc2nccc([22*])n2)c1)CC1CC1,[3*]C/C=C/CCOc1cccc([20*])c1,18,12,19,6,2,21,3;20,largest_ring_two_bond_fragmentation
FRAG_3a1f9ebcc8,JAK2_1b4ffa7121,C1=C/CN(CC2CC2)Cc2cccc(c2)Nc2nccc(n2)-c2cccc(c2)OCC/1,[2*]N(Cc1cccc(Nc2nccc(-c3cccc([28*])c3)n2)c1)CC1CC1,[3*]C/C=C/CCO[26*],18,6,25,0,2,27,3;26,largest_ring_two_bond_fragmentation
FRAG_7415b805ee,JAK2_1b4ffa7121,C1=C/CN(CC2CC2)Cc2cccc(c2)Nc2nccc(n2)-c2cccc(c2)OCC/1,[2*]N(Cc1cccc(Nc2nccc(-c3cccc(O[29*])c3)n2)c1)CC1CC1,[3*]C/C=C/CC[28*],18,5,26,0,2,28,3;28,largest_ring_two_bond_fragmentation
FRAG_a71b2bc0cd,JAK2_1b4ffa7121,C1=C/CN(CC2CC2)Cc2cccc(c2)Nc2nccc(n2)-c2cccc(c2)OCC/1,[2*]N(Cc1cccc(Nc2nccc(-c3cccc(OC[30*])c3)n2)c1)CC1CC1,[3*]C/C=C/C[29*],18,4,27,0,2,29,3;29,largest_ring_two_bond_fragmentation
FRAG_fa6eba5ab6,JAK2_1b4ffa7121,C1=C/CN(CC2CC2)Cc2cccc(c2)Nc2nccc(n2)-c2cccc(c2)OCC/1,*CCOc1cccc(-c2ccnc(Nc3cccc(CN([2*])CC4CC4)c3)n2)c1,[3*]C/C=C/[30*],18,3,28,0,2,30,3;30,largest_ring_two_bond_fragmentation
FRAG_d98da1614f,JAK2_1b4ffa7121,C1=C/CN(CC2CC2)Cc2cccc(c2)Nc2nccc(n2)-c2cccc(c2)OCC/1,[8*]N(C/C=C/CCOc1cccc(-c2ccnc(N[13*])n2)c1)CC1CC1,[3*]Cc1cccc([15*])c1,18,7,24,6,7,14,3;15,largest_ring_two_bond_fragmentation
FRAG_cebdf64fed,JAK2_1b4ffa7121,C1=C/CN(CC2CC2)Cc2cccc(c2)Nc2nccc(n2)-c2cccc(c2)OCC/1,[8*]N(C/C=C/CCOc1cccc(-c2ccnc([15*])n2)c1)CC1CC1,[3*]Cc1cccc(N[16*])c1,18,8,23,6,7,15,3;16,largest_ring_two_bond_fragmentation
FRAG_8f5447bbe6,JAK2_1b4ffa7121,C1=C/CN(CC2CC2)Cc2cccc(c2)Nc2nccc(n2)-c2cccc(c2)OCC/1,[3*]Cc1cccc(Nc2nccc(-c3cccc([28*])c3)n2)c1,[8*]N(C/C=C/CCO[26*])CC1CC1,18,11,20,3,7,27,8;26,largest_ring_two_bond_fragmentation
FRAG_a20f3f4e86,JAK2_1b4ffa7121,C1=C/CN(CC2CC2)Cc2cccc(c2)Nc2nccc(n2)-c2cccc(c2)OCC/1,[3*]Cc1cccc(Nc2nccc(-c3cccc(O[29*])c3)n2)c1,[8*]N(C/C=C/CC[28*])CC1CC1,18,10,21,3,7,28,8;28,largest_ring_two_bond_fragmentation
FRAG_a40372968f,JAK2_1b4ffa7121,C1=C/CN(CC2CC2)Cc2cccc(c2)Nc2nccc(n2)-c2cccc(c2)OCC/1,[3*]Cc1cccc(Nc2nccc(-c3cccc(OC[30*])c3)n2)c1,[8*]N(C/C=C/C[29*])CC1CC1,18,9,22,3,7,29,8;29,largest_ring_two_bond_fragmentation
FRAG_3a0379a8a0,JAK2_1b4ffa7121,C1=C/CN(CC2CC2)Cc2cccc(c2)Nc2nccc(n2)-c2cccc(c2)OCC/1,*CCOc1cccc(-c2ccnc(Nc3cccc(C[3*])c3)n2)c1,[8*]N(C/C=C/[30*])CC1CC1,18,8,23,3,7,30,8;30,largest_ring_two_bond_fragmentation
FRAG_f9932f4ccd,JAK2_1b4ffa7121,C1=C/CN(CC2CC2)Cc2cccc(c2)Nc2nccc(n2)-c2cccc(c2)OCC/1,[9*]CN(C/C=C/CCOc1cccc(-c2ccnc(N[13*])n2)c1)CC1CC1,[8*]c1cccc([15*])c1,18,6,25,6,8,14,8;15,largest_ring_two_bond_fragmentation
FRAG_69c6f581f7,JAK2_1b4ffa7121,C1=C/CN(CC2CC2)Cc2cccc(c2)Nc2nccc(n2)-c2cccc(c2)OCC/1,[9*]CN(C/C=C/CCOc1cccc(-c2ccnc([15*])n2)c1)CC1CC1,[8*]c1cccc(N[16*])c1,18,7,24,6,8,15,8;16,largest_ring_two_bond_fragmentation
FRAG_99974da9a6,JAK2_1b4ffa7121,C1=C/CN(CC2CC2)Cc2cccc(c2)Nc2nccc(n2)-c2cccc(c2)OCC/1,[8*]c1cccc(Nc2nccc(-c3cccc([28*])c3)n2)c1,[9*]CN(C/C=C/CCO[26*])CC1CC1,18,12,19,3,8,27,9;26,largest_ring_two_bond_fragmentation
FRAG_a220c64966,JAK2_1b4ffa7121,C1=C/CN(CC2CC2)Cc2cccc(c2)Nc2nccc(n2)-c2cccc(c2)OCC/1,[8*]c1cccc(Nc2nccc(-c3cccc(O[29*])c3)n2)c1,[9*]CN(C/C=C/CC[28*])CC1CC1,18,11,20,3,8,28,9;28,largest_ring_two_bond_fragmentation
FRAG_8381cf0075,JAK2_1b4ffa7121,C1=C/CN(CC2CC2)Cc2cccc(c2)Nc2nccc(n2)-c2cccc(c2)OCC/1,[8*]c1cccc(Nc2nccc(-c3cccc(OC[30*])c3)n2)c1,[9*]CN(C/C=C/C[29*])CC1CC1,18,10,21,3,8,29,9;29,largest_ring_two_bond_fragmentation
FRAG_df6b50899d,JAK2_1b4ffa7121,C1=C/CN(CC2CC2)Cc2cccc(c2)Nc2nccc(n2)-c2cccc(c2)OCC/1,*CCOc1cccc(-c2ccnc(Nc3cccc([8*])c3)n2)c1,[9*]CN(C/C=C/[30*])CC1CC1,18,9,22,3,8,30,9;30,largest_ring_two_bond_fragmentation
FRAG_6ffa3c8585,JAK2_1b4ffa7121,C1=C/CN(CC2CC2)Cc2cccc(c2)Nc2nccc(n2)-c2cccc(c2)OCC/1,[15*]c1cccc(CN(C/C=C/CCOc2cccc([20*])c2)CC2CC2)c1,[13*]Nc1nccc([22*])n1,18,7,24,6,14,21,13;22,largest_ring_two_bond_fragmentation
FRAG_909101718d,JAK2_1b4ffa7121,C1=C/CN(CC2CC2)Cc2cccc(c2)Nc2nccc(n2)-c2cccc(c2)OCC/1,[16*]Nc1cccc(CN(C/C=C/CCOc2cccc([20*])c2)CC2CC2)c1,[15*]c1nccc([22*])n1,18,6,25,6,15,21,15;22,largest_ring_two_bond_fragmentation
FRAG_3ad7078379,JAK2_1b4ffa7121,C1=C/CN(CC2CC2)Cc2cccc(c2)Nc2nccc(n2)-c2cccc(c2)OCC/1,[16*]Nc1cccc(CN(C/C=C/CCO[26*])CC2CC2)c1,[15*]c1nccc(-c2cccc([28*])c2)n1,18,12,19,6,15,27,15;28,largest_ring_two_bond_fragmentation
FRAG_d678299503,JAK2_1b4ffa7121,C1=C/CN(CC2CC2)Cc2cccc(c2)Nc2nccc(n2)-c2cccc(c2)OCC/1,[22*]c1ccnc(Nc2cccc(CN(C/C=C/CCO[26*])CC3CC3)c2)n1,[20*]c1cccc([28*])c1,18,6,25,6,21,27,20;28,largest_ring_two_bond_fragmentation
FRAG_d03e4df640,JAK2_1b4ffa7121,C1=C/CN(CC2CC2)Cc2cccc(c2)Nc2nccc(n2)-c2cccc(c2)OCC/1,[22*]c1ccnc(Nc2cccc(CN(C/C=C/CC[28*])CC3CC3)c2)n1,[20*]c1cccc(O[29*])c1,18,7,24,6,21,28,20;29,largest_ring_two_bond_fragmentation
FRAG_4b924480e4,JAK2_1b4ffa7121,C1=C/CN(CC2CC2)Cc2cccc(c2)Nc2nccc(n2)-c2cccc(c2)OCC/1,[22*]c1ccnc(Nc2cccc(CN(C/C=C/C[29*])CC3CC3)c2)n1,[20*]c1cccc(OC[30*])c1,18,8,23,6,21,29,20;30,largest_ring_two_bond_fragmentation
FRAG_3f9c2aebdd,JAK2_1b4ffa7121,C1=C/CN(CC2CC2)Cc2cccc(c2)Nc2nccc(n2)-c2cccc(c2)OCC/1,[22*]c1ccnc(Nc2cccc(CN(C/C=C/[30*])CC3CC3)c2)n1,*CCOc1cccc([20*])c1,18,9,22,6,21,30,0;20,largest_ring_two_bond_fragmentation
FRAG_42dfcab456,JAK2_1b4ffa7121,C1=C/CN(CC2CC2)Cc2cccc(c2)Nc2nccc(n2)-c2cccc(c2)OCC/1,[28*]c1cccc(-c2ccnc(Nc3cccc(CN(C/C=C/[30*])CC4CC4)c3)n2)c1,*CCO[26*],18,3,28,0,27,30,0;26,largest_ring_two_bond_fragmentation
FRAG_852dab133a,JAK2_b9ef0dccdb,CN(C)CCN(C)c1ccc2cc1COCC=CCOCc1cccc(c1)-c1ccnc(n1)N2,[13*]c1cc(Nc2nccc(-c3cccc(COCC=C[15*])c3)n2)ccc1N(C)CCN(C)C,[12*]COC[16*],18,3,31,0,12,15,12;16,largest_ring_two_bond_fragmentation
FRAG_166f9e354c,JAK2_b9ef0dccdb,CN(C)CCN(C)c1ccc2cc1COCC=CCOCc1cccc(c1)-c1ccnc(n1)N2,[13*]c1cc(Nc2nccc(-c3cccc(COC[17*])c3)n2)ccc1N(C)CCN(C)C,[12*]COCC=C[18*],18,5,29,0,12,17,12;18,largest_ring_two_bond_fragmentation
FRAG_38a58dbaa6,JAK2_b9ef0dccdb,CN(C)CCN(C)c1ccc2cc1COCC=CCOCc1cccc(c1)-c1ccnc(n1)N2,[13*]c1cc(Nc2nccc(-c3cccc(CO[18*])c3)n2)ccc1N(C)CCN(C)C,[12*]COCC=CC[19*],18,6,28,0,12,18,12;19,largest_ring_two_bond_fragmentation
FRAG_93a7740ea0,JAK2_b9ef0dccdb,CN(C)CCN(C)c1ccc2cc1COCC=CCOCc1cccc(c1)-c1ccnc(n1)N2,[13*]c1cc(Nc2nccc(-c3cccc(C[19*])c3)n2)ccc1N(C)CCN(C)C,[12*]COCC=CCO[20*],18,7,27,0,12,19,12;20,largest_ring_two_bond_fragmentation
FRAG_0cd369e624,JAK2_b9ef0dccdb,CN(C)CCN(C)c1ccc2cc1COCC=CCOCc1cccc(c1)-c1ccnc(n1)N2,[13*]c1cc(Nc2nccc(-c3cccc([20*])c3)n2)ccc1N(C)CCN(C)C,[12*]COCC=CCOC[21*],18,8,26,0,12,20,12;21,largest_ring_two_bond_fragmentation
FRAG_b247ad3fd3,JAK2_b9ef0dccdb,CN(C)CCN(C)c1ccc2cc1COCC=CCOCc1cccc(c1)-c1ccnc(n1)N2,[14*]Cc1cc(Nc2nccc(-c3cccc(COC[17*])c3)n2)ccc1N(C)CCN(C)C,[13*]OCC=C[18*],18,4,30,0,13,17,13;18,largest_ring_two_bond_fragmentation
FRAG_792e374016,JAK2_b9ef0dccdb,CN(C)CCN(C)c1ccc2cc1COCC=CCOCc1cccc(c1)-c1ccnc(n1)N2,[14*]Cc1cc(Nc2nccc(-c3cccc(CO[18*])c3)n2)ccc1N(C)CCN(C)C,[13*]OCC=CC[19*],18,5,29,0,13,18,13;19,largest_ring_two_bond_fragmentation
FRAG_3d7fe07d9d,JAK2_b9ef0dccdb,CN(C)CCN(C)c1ccc2cc1COCC=CCOCc1cccc(c1)-c1ccnc(n1)N2,[14*]Cc1cc(Nc2nccc(-c3cccc(C[19*])c3)n2)ccc1N(C)CCN(C)C,[13*]OCC=CCO[20*],18,6,28,0,13,19,13;20,largest_ring_two_bond_fragmentation
FRAG_6d8a809a7a,JAK2_b9ef0dccdb,CN(C)CCN(C)c1ccc2cc1COCC=CCOCc1cccc(c1)-c1ccnc(n1)N2,[14*]Cc1cc(Nc2nccc(-c3cccc([20*])c3)n2)ccc1N(C)CCN(C)C,[13*]OCC=CCOC[21*],18,7,27,0,13,20,13;21,largest_ring_two_bond_fragmentation
FRAG_18917a4e7c,JAK2_b9ef0dccdb,CN(C)CCN(C)c1ccc2cc1COCC=CCOCc1cccc(c1)-c1ccnc(n1)N2,[15*]OCc1cc(Nc2nccc(-c3cccc(COC[17*])c3)n2)ccc1N(C)CCN(C)C,[14*]CC=C[18*],18,3,31,0,14,17,14;18,largest_ring_two_bond_fragmentation
FRAG_dff3b34378,JAK2_b9ef0dccdb,CN(C)CCN(C)c1ccc2cc1COCC=CCOCc1cccc(c1)-c1ccnc(n1)N2,[15*]OCc1cc(Nc2nccc(-c3cccc(CO[18*])c3)n2)ccc1N(C)CCN(C)C,[14*]CC=CC[19*],18,4,30,0,14,18,14;19,largest_ring_two_bond_fragmentation
FRAG_00e15c5ef0,JAK2_b9ef0dccdb,CN(C)CCN(C)c1ccc2cc1COCC=CCOCc1cccc(c1)-c1ccnc(n1)N2,[15*]OCc1cc(Nc2nccc(-c3cccc(C[19*])c3)n2)ccc1N(C)CCN(C)C,[14*]CC=CCO[20*],18,5,29,0,14,19,14;20,largest_ring_two_bond_fragmentation
FRAG_888e9cdfc4,JAK2_b9ef0dccdb,CN(C)CCN(C)c1ccc2cc1COCC=CCOCc1cccc(c1)-c1ccnc(n1)N2,[15*]OCc1cc(Nc2nccc(-c3cccc([20*])c3)n2)ccc1N(C)CCN(C)C,[14*]CC=CCOC[21*],18,6,28,0,14,20,14;21,largest_ring_two_bond_fragmentation
FRAG_b2fdb3c934,JAK2_b9ef0dccdb,CN(C)CCN(C)c1ccc2cc1COCC=CCOCc1cccc(c1)-c1ccnc(n1)N2,[15*]OCc1cc(Nc2nccc([25*])n2)ccc1N(C)CCN(C)C,[14*]CC=CCOCc1cccc([27*])c1,18,12,22,6,14,26,14;27,largest_ring_two_bond_fragmentation
FRAG_b45b8bb639,JAK2_b9ef0dccdb,CN(C)CCN(C)c1ccc2cc1COCC=CCOCc1cccc(c1)-c1ccnc(n1)N2,[16*]COCc1cc(Nc2nccc(-c3cccc(CO[18*])c3)n2)ccc1N(C)CCN(C)C,[15*]C=CC[19*],18,3,31,0,15,18,15;19,largest_ring_two_bond_fragmentation
FRAG_5a799cf1f9,JAK2_b9ef0dccdb,CN(C)CCN(C)c1ccc2cc1COCC=CCOCc1cccc(c1)-c1ccnc(n1)N2,[16*]COCc1cc(Nc2nccc(-c3cccc(C[19*])c3)n2)ccc1N(C)CCN(C)C,[15*]C=CCO[20*],18,4,30,0,15,19,15;20,largest_ring_two_bond_fragmentation
FRAG_b6d04c73a4,JAK2_b9ef0dccdb,CN(C)CCN(C)c1ccc2cc1COCC=CCOCc1cccc(c1)-c1ccnc(n1)N2,[16*]COCc1cc(Nc2nccc(-c3cccc([20*])c3)n2)ccc1N(C)CCN(C)C,[15*]C=CCOC[21*],18,5,29,0,15,20,15;21,largest_ring_two_bond_fragmentation
FRAG_fd5ba8d9f2,JAK2_b9ef0dccdb,CN(C)CCN(C)c1ccc2cc1COCC=CCOCc1cccc(c1)-c1ccnc(n1)N2,[16*]COCc1cc(Nc2nccc([25*])n2)ccc1N(C)CCN(C)C,[15*]C=CCOCc1cccc([27*])c1,18,11,23,6,15,26,15;27,largest_ring_two_bond_fragmentation
FRAG_f9e5b2dae7,JAK2_b9ef0dccdb,CN(C)CCN(C)c1ccc2cc1COCC=CCOCc1cccc(c1)-c1ccnc(n1)N2,[18*]C=CCOCc1cc(Nc2nccc(-c3cccc([20*])c3)n2)ccc1N(C)CCN(C)C,[17*]COC[21*],18,3,31,0,17,20,17;21,largest_ring_two_bond_fragmentation
FRAG_8c578dc0d7,JAK2_b9ef0dccdb,CN(C)CCN(C)c1ccc2cc1COCC=CCOCc1cccc(c1)-c1ccnc(n1)N2,[18*]C=CCOCc1cc(Nc2nccc([25*])n2)ccc1N(C)CCN(C)C,[17*]COCc1cccc([27*])c1,18,9,25,6,17,26,17;27,largest_ring_two_bond_fragmentation
FRAG_dcf18c751d,JAK2_b9ef0dccdb,CN(C)CCN(C)c1ccc2cc1COCC=CCOCc1cccc(c1)-c1ccnc(n1)N2,[19*]CC=CCOCc1cc(Nc2nccc([25*])n2)ccc1N(C)CCN(C)C,[18*]OCc1cccc([27*])c1,18,8,26,6,18,26,18;27,largest_ring_two_bond_fragmentation
FRAG_de54194c0d,JAK2_b9ef0dccdb,CN(C)CCN(C)c1ccc2cc1COCC=CCOCc1cccc(c1)-c1ccnc(n1)N2,[20*]OCC=CCOCc1cc(Nc2nccc([25*])n2)ccc1N(C)CCN(C)C,[19*]Cc1cccc([27*])c1,18,7,27,6,19,26,19;27,largest_ring_two_bond_fragmentation
FRAG_49750a4d2f,JAK2_b9ef0dccdb,CN(C)CCN(C)c1ccc2cc1COCC=CCOCc1cccc(c1)-c1ccnc(n1)N2,[21*]COCC=CCOCc1cc(Nc2nccc([25*])n2)ccc1N(C)CCN(C)C,[20*]c1cccc([27*])c1,18,6,28,6,20,26,20;27,largest_ring_two_bond_fragmentation
FRAG_8c1e3e0dfd,JAK2_b9ef0dccdb,CN(C)CCN(C)c1ccc2cc1COCC=CCOCc1cccc(c1)-c1ccnc(n1)N2,[21*]COCC=CCOCc1cc(N[31*])ccc1N(C)CCN(C)C,[20*]c1cccc(-c2ccnc([33*])n2)c1,18,12,22,6,20,32,20;33,largest_ring_two_bond_fragmentation
FRAG_36666aaa86,JAK2_b9ef0dccdb,CN(C)CCN(C)c1ccc2cc1COCC=CCOCc1cccc(c1)-c1ccnc(n1)N2,[27*]c1cccc(COCC=CCOCc2cc(N[31*])ccc2N(C)CCN(C)C)c1,[25*]c1ccnc([33*])n1,18,6,28,6,26,32,25;33,largest_ring_two_bond_fragmentation
FRAG_8efdd8a10a,JAK2_b9ef0dccdb,CN(C)CCN(C)c1ccc2cc1COCC=CCOCc1cccc(c1)-c1ccnc(n1)N2,[27*]c1cccc(COCC=CCOCc2cc([33*])ccc2N(C)CCN(C)C)c1,[10*]Nc1nccc([25*])n1,18,7,27,6,26,36,10;25,largest_ring_two_bond_fragmentation
FRAG_5f2ddc0e62,JAK2_08437571d3,CN1C/C=C/CCOc2cccc(c2)-c2ccnc(n2)Nc2ccc(Cl)c(c2)C1,[2*]N(C)Cc1cc(Nc2nccc(-c3cccc(OCC[4*])c3)n2)ccc1Cl,[1*]C/C=C/[5*],18,3,26,0,1,4,1;5,largest_ring_two_bond_fragmentation
FRAG_14ca6369e9,JAK2_08437571d3,CN1C/C=C/CCOc2cccc(c2)-c2ccnc(n2)Nc2ccc(Cl)c(c2)C1,[2*]N(C)Cc1cc(Nc2nccc(-c3cccc(OC[5*])c3)n2)ccc1Cl,[1*]C/C=C/C[6*],18,4,25,0,1,5,1;6,largest_ring_two_bond_fragmentation
FRAG_ed52a9ab16,JAK2_08437571d3,CN1C/C=C/CCOc2cccc(c2)-c2ccnc(n2)Nc2ccc(Cl)c(c2)C1,[2*]N(C)Cc1cc(Nc2nccc(-c3cccc(O[6*])c3)n2)ccc1Cl,[1*]C/C=C/CC[7*],18,5,24,0,1,6,1;7,largest_ring_two_bond_fragmentation
FRAG_d777e22952,JAK2_08437571d3,CN1C/C=C/CCOc2cccc(c2)-c2ccnc(n2)Nc2ccc(Cl)c(c2)C1,[2*]N(C)Cc1cc(Nc2nccc(-c3cccc([7*])c3)n2)ccc1Cl,[1*]C/C=C/CCO[8*],18,6,23,0,1,7,1;8,largest_ring_two_bond_fragmentation
FRAG_a45dfd8528,JAK2_08437571d3,CN1C/C=C/CCOc2cccc(c2)-c2ccnc(n2)Nc2ccc(Cl)c(c2)C1,[2*]N(C)Cc1cc(Nc2nccc([12*])n2)ccc1Cl,[1*]C/C=C/CCOc1cccc([14*])c1,18,12,17,6,1,13,1;14,largest_ring_two_bond_fragmentation
FRAG_3d35f9e561,JAK2_08437571d3,CN1C/C=C/CCOc2cccc(c2)-c2ccnc(n2)Nc2ccc(Cl)c(c2)C1,[1*]C/C=C/CCOc1cccc(-c2ccnc([20*])n2)c1,[2*]N(C)Cc1cc(N[18*])ccc1Cl,18,11,18,6,1,19,2;18,largest_ring_two_bond_fragmentation
FRAG_e48a9e4617,JAK2_08437571d3,CN1C/C=C/CCOc2cccc(c2)-c2ccnc(n2)Nc2ccc(Cl)c(c2)C1,[1*]C/C=C/CCOc1cccc(-c2ccnc(N[21*])n2)c1,[2*]N(C)Cc1cc([20*])ccc1Cl,18,10,19,6,1,20,2;20,largest_ring_two_bond_fragmentation
FRAG_9f8dc34336,JAK2_08437571d3,CN1C/C=C/CCOc2cccc(c2)-c2ccnc(n2)Nc2ccc(Cl)c(c2)C1,[1*]C/C=C/CCOc1cccc(-c2ccnc(Nc3ccc(Cl)c([28*])c3)n2)c1,[2*]N(C)C[26*],18,3,26,0,1,27,2;26,largest_ring_two_bond_fragmentation
FRAG_76e2d2164b,JAK2_08437571d3,CN1C/C=C/CCOc2cccc(c2)-c2ccnc(n2)Nc2ccc(Cl)c(c2)C1,[3*]CN(C)Cc1cc(Nc2nccc(-c3cccc(OC[5*])c3)n2)ccc1Cl,[2*]/C=C/C[6*],18,3,26,0,2,5,2;6,largest_ring_two_bond_fragmentation
FRAG_b0f2181204,JAK2_08437571d3,CN1C/C=C/CCOc2cccc(c2)-c2ccnc(n2)Nc2ccc(Cl)c(c2)C1,[3*]CN(C)Cc1cc(Nc2nccc(-c3cccc(O[6*])c3)n2)ccc1Cl,[2*]/C=C/CC[7*],18,4,25,0,2,6,2;7,largest_ring_two_bond_fragmentation
FRAG_d398306928,JAK2_08437571d3,CN1C/C=C/CCOc2cccc(c2)-c2ccnc(n2)Nc2ccc(Cl)c(c2)C1,[3*]CN(C)Cc1cc(Nc2nccc(-c3cccc([7*])c3)n2)ccc1Cl,[2*]/C=C/CCO[8*],18,5,24,0,2,7,2;8,largest_ring_two_bond_fragmentation
FRAG_ae5bfb7db8,JAK2_08437571d3,CN1C/C=C/CCOc2cccc(c2)-c2ccnc(n2)Nc2ccc(Cl)c(c2)C1,[3*]CN(C)Cc1cc(Nc2nccc([12*])n2)ccc1Cl,[2*]/C=C/CCOc1cccc([14*])c1,18,11,18,6,2,13,2;14,largest_ring_two_bond_fragmentation
FRAG_fe93509493,JAK2_08437571d3,CN1C/C=C/CCOc2cccc(c2)-c2ccnc(n2)Nc2ccc(Cl)c(c2)C1,[2*]/C=C/CCOc1cccc(-c2ccnc([20*])n2)c1,[3*]CN(C)Cc1cc(N[18*])ccc1Cl,18,12,17,6,2,19,3;18,largest_ring_two_bond_fragmentation
FRAG_a435ed01f9,JAK2_08437571d3,CN1C/C=C/CCOc2cccc(c2)-c2ccnc(n2)Nc2ccc(Cl)c(c2)C1,[2*]/C=C/CCOc1cccc(-c2ccnc(N[21*])n2)c1,[3*]CN(C)Cc1cc([20*])ccc1Cl,18,11,18,6,2,20,3;20,largest_ring_two_bond_fragmentation
FRAG_91c7485d50,JAK2_08437571d3,CN1C/C=C/CCOc2cccc(c2)-c2ccnc(n2)Nc2ccc(Cl)c(c2)C1,[2*]/C=C/CCOc1cccc(-c2ccnc(Nc3ccc(Cl)c([28*])c3)n2)c1,[3*]CN(C)C[26*],18,4,25,0,2,27,3;26,largest_ring_two_bond_fragmentation
FRAG_492c891aef,JAK2_08437571d3,CN1C/C=C/CCOc2cccc(c2)-c2ccnc(n2)Nc2ccc(Cl)c(c2)C1,[1*]Cc1cc(Nc2nccc(-c3cccc(OCC/C=C/[2*])c3)n2)ccc1Cl,[3*]CN([28*])C,18,3,26,0,2,28,3;28,largest_ring_two_bond_fragmentation
FRAG_28a8207af5,JAK2_08437571d3,CN1C/C=C/CCOc2cccc(c2)-c2ccnc(n2)Nc2ccc(Cl)c(c2)C1,[5*]/C=C/CN(C)Cc1cc(Nc2nccc(-c3cccc([7*])c3)n2)ccc1Cl,[4*]CCO[8*],18,3,26,0,4,7,4;8,largest_ring_two_bond_fragmentation
FRAG_da45285191,JAK2_08437571d3,CN1C/C=C/CCOc2cccc(c2)-c2ccnc(n2)Nc2ccc(Cl)c(c2)C1,[5*]/C=C/CN(C)Cc1cc(Nc2nccc([12*])n2)ccc1Cl,[4*]CCOc1cccc([14*])c1,18,9,20,6,4,13,4;14,largest_ring_two_bond_fragmentation
FRAG_779c5f46a8,JAK2_08437571d3,CN1C/C=C/CCOc2cccc(c2)-c2ccnc(n2)Nc2ccc(Cl)c(c2)C1,[4*]CCOc1cccc(-c2ccnc(Nc3ccc(Cl)c([28*])c3)n2)c1,[5*]/C=C/CN(C)C[26*],18,6,23,0,4,27,5;26,largest_ring_two_bond_fragmentation
FRAG_09ef302df1,JAK2_08437571d3,CN1C/C=C/CCOc2cccc(c2)-c2ccnc(n2)Nc2ccc(Cl)c(c2)C1,[1*]Cc1cc(Nc2nccc(-c3cccc(OCC[4*])c3)n2)ccc1Cl,[5*]/C=C/CN([28*])C,18,5,24,0,4,28,5;28,largest_ring_two_bond_fragmentation
FRAG_8228530d14,JAK2_08437571d3,CN1C/C=C/CCOc2cccc(c2)-c2ccnc(n2)Nc2ccc(Cl)c(c2)C1,[6*]C/C=C/CN(C)Cc1cc(Nc2nccc([12*])n2)ccc1Cl,[5*]COc1cccc([14*])c1,18,8,21,6,5,13,5;14,largest_ring_two_bond_fragmentation
FRAG_47dd982e45,JAK2_08437571d3,CN1C/C=C/CCOc2cccc(c2)-c2ccnc(n2)Nc2ccc(Cl)c(c2)C1,[5*]COc1cccc(-c2ccnc(Nc3ccc(Cl)c([28*])c3)n2)c1,[6*]C/C=C/CN(C)C[26*],18,7,22,0,5,27,6;26,largest_ring_two_bond_fragmentation
FRAG_4e9b33d389,JAK2_08437571d3,CN1C/C=C/CCOc2cccc(c2)-c2ccnc(n2)Nc2ccc(Cl)c(c2)C1,[1*]Cc1cc(Nc2nccc(-c3cccc(OC[5*])c3)n2)ccc1Cl,[6*]C/C=C/CN([28*])C,18,6,23,0,5,28,6;28,largest_ring_two_bond_fragmentation
FRAG_49f9a77489,JAK2_08437571d3,CN1C/C=C/CCOc2cccc(c2)-c2ccnc(n2)Nc2ccc(Cl)c(c2)C1,[7*]CC/C=C/CN(C)Cc1cc(Nc2nccc([12*])n2)ccc1Cl,[6*]Oc1cccc([14*])c1,18,7,22,6,6,13,6;14,largest_ring_two_bond_fragmentation
FRAG_f6bbb91b6a,JAK2_08437571d3,CN1C/C=C/CCOc2cccc(c2)-c2ccnc(n2)Nc2ccc(Cl)c(c2)C1,[6*]Oc1cccc(-c2ccnc(Nc3ccc(Cl)c([28*])c3)n2)c1,[7*]CC/C=C/CN(C)C[26*],18,8,21,0,6,27,7;26,largest_ring_two_bond_fragmentation
FRAG_265b21f8e7,JAK2_08437571d3,CN1C/C=C/CCOc2cccc(c2)-c2ccnc(n2)Nc2ccc(Cl)c(c2)C1,[1*]Cc1cc(Nc2nccc(-c3cccc(O[6*])c3)n2)ccc1Cl,[7*]CC/C=C/CN([28*])C,18,7,22,0,6,28,7;28,largest_ring_two_bond_fragmentation
FRAG_699dca6316,JAK2_08437571d3,CN1C/C=C/CCOc2cccc(c2)-c2ccnc(n2)Nc2ccc(Cl)c(c2)C1,[8*]OCC/C=C/CN(C)Cc1cc(Nc2nccc([12*])n2)ccc1Cl,[7*]c1cccc([14*])c1,18,6,23,6,7,13,7;14,largest_ring_two_bond_fragmentation
FRAG_7a1f874c7c,JAK2_08437571d3,CN1C/C=C/CCOc2cccc(c2)-c2ccnc(n2)Nc2ccc(Cl)c(c2)C1,[8*]OCC/C=C/CN(C)Cc1cc(N[18*])ccc1Cl,[7*]c1cccc(-c2ccnc([20*])n2)c1,18,12,17,6,7,19,7;20,largest_ring_two_bond_fragmentation
FRAG_aa0e6cfee2,JAK2_08437571d3,CN1C/C=C/CCOc2cccc(c2)-c2ccnc(n2)Nc2ccc(Cl)c(c2)C1,[7*]c1cccc(-c2ccnc(Nc3ccc(Cl)c([28*])c3)n2)c1,[8*]OCC/C=C/CN(C)C[26*],18,9,20,0,7,27,8;26,largest_ring_two_bond_fragmentation
FRAG_f52d3c16e5,JAK2_08437571d3,CN1C/C=C/CCOc2cccc(c2)-c2ccnc(n2)Nc2ccc(Cl)c(c2)C1,[1*]Cc1cc(Nc2nccc(-c3cccc([7*])c3)n2)ccc1Cl,[8*]OCC/C=C/CN([28*])C,18,8,21,0,7,28,8;28,largest_ring_two_bond_fragmentation
FRAG_823f3584a5,JAK2_08437571d3,CN1C/C=C/CCOc2cccc(c2)-c2ccnc(n2)Nc2ccc(Cl)c(c2)C1,[14*]c1cccc(OCC/C=C/CN(C)Cc2cc(N[18*])ccc2Cl)c1,[12*]c1ccnc([20*])n1,18,6,23,6,13,19,12;20,largest_ring_two_bond_fragmentation
FRAG_cc67ab4f4d,JAK2_08437571d3,CN1C/C=C/CCOc2cccc(c2)-c2ccnc(n2)Nc2ccc(Cl)c(c2)C1,[14*]c1cccc(OCC/C=C/CN(C)Cc2cc([20*])ccc2Cl)c1,[12*]c1ccnc(N[21*])n1,18,7,22,6,13,20,12;21,largest_ring_two_bond_fragmentation
FRAG_372feeb473,JAK2_08437571d3,CN1C/C=C/CCOc2cccc(c2)-c2ccnc(n2)Nc2ccc(Cl)c(c2)C1,[20*]c1nccc(-c2cccc(OCC/C=C/CN(C)C[26*])c2)n1,[18*]Nc1ccc(Cl)c([28*])c1,18,8,21,6,19,27,18;28,largest_ring_two_bond_fragmentation
FRAG_4bf8e4f438,JAK2_08437571d3,CN1C/C=C/CCOc2cccc(c2)-c2ccnc(n2)Nc2ccc(Cl)c(c2)C1,[20*]c1nccc(-c2cccc(OCC/C=C/CN([28*])C)c2)n1,[1*]Cc1cc(N[18*])ccc1Cl,18,9,20,6,19,28,1;18,largest_ring_two_bond_fragmentation
FRAG_c2ef699728,JAK2_08437571d3,CN1C/C=C/CCOc2cccc(c2)-c2ccnc(n2)Nc2ccc(Cl)c(c2)C1,[21*]Nc1nccc(-c2cccc(OCC/C=C/CN(C)C[26*])c2)n1,[20*]c1ccc(Cl)c([28*])c1,18,7,22,6,20,27,20;28,largest_ring_two_bond_fragmentation
FRAG_82c404b368,JAK2_08437571d3,CN1C/C=C/CCOc2cccc(c2)-c2ccnc(n2)Nc2ccc(Cl)c(c2)C1,[21*]Nc1nccc(-c2cccc(OCC/C=C/CN([28*])C)c2)n1,[1*]Cc1cc([20*])ccc1Cl,18,8,21,6,20,28,1;20,largest_ring_two_bond_fragmentation
FRAG_f0c23c4844,JAK2_71edeb4185,COCCOc1ccc2cc1CN(C)C/C=C/COCc1ccc(s1)-c1ccnc(n1)N2,[11*]c1cc(Nc2nccc(-c3ccc(COC/C=C/C[12*])s3)n2)ccc1OCCOC,[10*]CN([14*])C,18,3,29,0,10,13,10;14,largest_ring_two_bond_fragmentation
FRAG_021278d755,JAK2_71edeb4185,COCCOc1ccc2cc1CN(C)C/C=C/COCc1ccc(s1)-c1ccnc(n1)N2,[11*]c1cc(Nc2nccc(-c3ccc(COC/C=C/[14*])s3)n2)ccc1OCCOC,[10*]CN(C)C[15*],18,4,28,0,10,14,10;15,largest_ring_two_bond_fragmentation
FRAG_74293c663a,JAK2_71edeb4185,COCCOc1ccc2cc1CN(C)C/C=C/COCc1ccc(s1)-c1ccnc(n1)N2,[11*]c1cc(Nc2nccc(-c3ccc(COC[16*])s3)n2)ccc1OCCOC,[10*]CN(C)C/C=C/[17*],18,6,26,0,10,16,10;17,largest_ring_two_bond_fragmentation
FRAG_5a11b41c0f,JAK2_71edeb4185,COCCOc1ccc2cc1CN(C)C/C=C/COCc1ccc(s1)-c1ccnc(n1)N2,[11*]c1cc(Nc2nccc(-c3ccc(CO[17*])s3)n2)ccc1OCCOC,[10*]CN(C)C/C=C/C[18*],18,7,25,0,10,17,10;18,largest_ring_two_bond_fragmentation
FRAG_b847e0cd34,JAK2_71edeb4185,COCCOc1ccc2cc1CN(C)C/C=C/COCc1ccc(s1)-c1ccnc(n1)N2,[11*]c1cc(Nc2nccc(-c3ccc(C[18*])s3)n2)ccc1OCCOC,[10*]CN(C)C/C=C/CO[19*],18,8,24,0,10,18,10;19,largest_ring_two_bond_fragmentation
FRAG_e3e8c50bd4,JAK2_71edeb4185,COCCOc1ccc2cc1CN(C)C/C=C/COCc1ccc(s1)-c1ccnc(n1)N2,[11*]c1cc(Nc2nccc(-c3ccc([19*])s3)n2)ccc1OCCOC,[10*]CN(C)C/C=C/COC[20*],18,9,23,0,10,19,10;20,largest_ring_two_bond_fragmentation
FRAG_e194488871,JAK2_71edeb4185,COCCOc1ccc2cc1CN(C)C/C=C/COCc1ccc(s1)-c1ccnc(n1)N2,[10*]CN(C)C/C=C/COCc1ccc(-c2ccnc([31*])n2)s1,[11*]c1cc(N[29*])ccc1OCCOC,18,12,20,6,10,30,11;29,largest_ring_two_bond_fragmentation
FRAG_32fbf8b3b0,JAK2_71edeb4185,COCCOc1ccc2cc1CN(C)C/C=C/COCc1ccc(s1)-c1ccnc(n1)N2,[8*]Nc1nccc(-c2ccc(COC/C=C/CN(C)C[10*])s2)n1,[11*]c1cc([31*])ccc1OCCOC,18,11,21,6,10,34,11;31,largest_ring_two_bond_fragmentation
FRAG_b4cd107aa3,JAK2_71edeb4185,COCCOc1ccc2cc1CN(C)C/C=C/COCc1ccc(s1)-c1ccnc(n1)N2,[12*]Cc1cc(Nc2nccc(-c3ccc(COC/C=C/[14*])s3)n2)ccc1OCCOC,[11*]N(C)C[15*],18,3,29,0,11,14,11;15,largest_ring_two_bond_fragmentation
FRAG_5c0bf6b6f5,JAK2_71edeb4185,COCCOc1ccc2cc1CN(C)C/C=C/COCc1ccc(s1)-c1ccnc(n1)N2,[12*]Cc1cc(Nc2nccc(-c3ccc(COC[16*])s3)n2)ccc1OCCOC,[11*]N(C)C/C=C/[17*],18,5,27,0,11,16,11;17,largest_ring_two_bond_fragmentation
FRAG_4cd8392e84,JAK2_71edeb4185,COCCOc1ccc2cc1CN(C)C/C=C/COCc1ccc(s1)-c1ccnc(n1)N2,[12*]Cc1cc(Nc2nccc(-c3ccc(CO[17*])s3)n2)ccc1OCCOC,[11*]N(C)C/C=C/C[18*],18,6,26,0,11,17,11;18,largest_ring_two_bond_fragmentation
FRAG_a030dbd76f,JAK2_71edeb4185,COCCOc1ccc2cc1CN(C)C/C=C/COCc1ccc(s1)-c1ccnc(n1)N2,[12*]Cc1cc(Nc2nccc(-c3ccc(C[18*])s3)n2)ccc1OCCOC,[11*]N(C)C/C=C/CO[19*],18,7,25,0,11,18,11;19,largest_ring_two_bond_fragmentation
FRAG_b8acc9b813,JAK2_71edeb4185,COCCOc1ccc2cc1CN(C)C/C=C/COCc1ccc(s1)-c1ccnc(n1)N2,[12*]Cc1cc(Nc2nccc(-c3ccc([19*])s3)n2)ccc1OCCOC,[11*]N(C)C/C=C/COC[20*],18,8,24,0,11,19,11;20,largest_ring_two_bond_fragmentation
FRAG_924e28887d,JAK2_71edeb4185,COCCOc1ccc2cc1CN(C)C/C=C/COCc1ccc(s1)-c1ccnc(n1)N2,[8*]Nc1nccc(-c2ccc(COC/C=C/CN([11*])C)s2)n1,[12*]Cc1cc([31*])ccc1OCCOC,18,12,20,6,11,34,12;31,largest_ring_two_bond_fragmentation
FRAG_e9085188d6,JAK2_71edeb4185,COCCOc1ccc2cc1CN(C)C/C=C/COCc1ccc(s1)-c1ccnc(n1)N2,[14*]N(C)Cc1cc(Nc2nccc(-c3ccc(COC[16*])s3)n2)ccc1OCCOC,[12*]C/C=C/[17*],18,3,29,0,13,16,12;17,largest_ring_two_bond_fragmentation
FRAG_69f432314b,JAK2_71edeb4185,COCCOc1ccc2cc1CN(C)C/C=C/COCc1ccc(s1)-c1ccnc(n1)N2,[14*]N(C)Cc1cc(Nc2nccc(-c3ccc(CO[17*])s3)n2)ccc1OCCOC,[12*]C/C=C/C[18*],18,4,28,0,13,17,12;18,largest_ring_two_bond_fragmentation
FRAG_8db671a12b,JAK2_71edeb4185,COCCOc1ccc2cc1CN(C)C/C=C/COCc1ccc(s1)-c1ccnc(n1)N2,[14*]N(C)Cc1cc(Nc2nccc(-c3ccc(C[18*])s3)n2)ccc1OCCOC,[12*]C/C=C/CO[19*],18,5,27,0,13,18,12;19,largest_ring_two_bond_fragmentation
FRAG_9fa5c1dd8f,JAK2_71edeb4185,COCCOc1ccc2cc1CN(C)C/C=C/COCc1ccc(s1)-c1ccnc(n1)N2,[14*]N(C)Cc1cc(Nc2nccc(-c3ccc([19*])s3)n2)ccc1OCCOC,[12*]C/C=C/COC[20*],18,6,26,0,13,19,12;20,largest_ring_two_bond_fragmentation
FRAG_a2fdd6e6ab,JAK2_71edeb4185,COCCOc1ccc2cc1CN(C)C/C=C/COCc1ccc(s1)-c1ccnc(n1)N2,[14*]N(C)Cc1cc(Nc2nccc([23*])n2)ccc1OCCOC,[12*]C/C=C/COCc1ccc([25*])s1,18,11,21,5,13,24,12;25,largest_ring_two_bond_fragmentation
FRAG_07c1a69dd9,JAK2_71edeb4185,COCCOc1ccc2cc1CN(C)C/C=C/COCc1ccc(s1)-c1ccnc(n1)N2,[15*]CN(C)Cc1cc(Nc2nccc(-c3ccc(CO[17*])s3)n2)ccc1OCCOC,[14*]/C=C/C[18*],18,3,29,0,14,17,14;18,largest_ring_two_bond_fragmentation
FRAG_3ba9d75eff,JAK2_71edeb4185,COCCOc1ccc2cc1CN(C)C/C=C/COCc1ccc(s1)-c1ccnc(n1)N2,[15*]CN(C)Cc1cc(Nc2nccc(-c3ccc(C[18*])s3)n2)ccc1OCCOC,[14*]/C=C/CO[19*],18,4,28,0,14,18,14;19,largest_ring_two_bond_fragmentation
FRAG_ff0ec9b70e,JAK2_71edeb4185,COCCOc1ccc2cc1CN(C)C/C=C/COCc1ccc(s1)-c1ccnc(n1)N2,[15*]CN(C)Cc1cc(Nc2nccc(-c3ccc([19*])s3)n2)ccc1OCCOC,[14*]/C=C/COC[20*],18,5,27,0,14,19,14;20,largest_ring_two_bond_fragmentation
FRAG_46bd717ab5,JAK2_71edeb4185,COCCOc1ccc2cc1CN(C)C/C=C/COCc1ccc(s1)-c1ccnc(n1)N2,[15*]CN(C)Cc1cc(Nc2nccc([23*])n2)ccc1OCCOC,[14*]/C=C/COCc1ccc([25*])s1,18,10,22,5,14,24,14;25,largest_ring_two_bond_fragmentation
FRAG_81314bdb9c,JAK2_71edeb4185,COCCOc1ccc2cc1CN(C)C/C=C/COCc1ccc(s1)-c1ccnc(n1)N2,[17*]/C=C/CN(C)Cc1cc(Nc2nccc(-c3ccc([19*])s3)n2)ccc1OCCOC,[16*]COC[20*],18,3,29,0,16,19,16;20,largest_ring_two_bond_fragmentation
FRAG_014bcd79e8,JAK2_71edeb4185,COCCOc1ccc2cc1CN(C)C/C=C/COCc1ccc(s1)-c1ccnc(n1)N2,[17*]/C=C/CN(C)Cc1cc(Nc2nccc([23*])n2)ccc1OCCOC,[16*]COCc1ccc([25*])s1,18,8,24,5,16,24,16;25,largest_ring_two_bond_fragmentation
FRAG_5bfb561ff9,JAK2_71edeb4185,COCCOc1ccc2cc1CN(C)C/C=C/COCc1ccc(s1)-c1ccnc(n1)N2,[18*]C/C=C/CN(C)Cc1cc(Nc2nccc([23*])n2)ccc1OCCOC,[17*]OCc1ccc([25*])s1,18,7,25,5,17,24,17;25,largest_ring_two_bond_fragmentation
FRAG_2beb7a36f2,JAK2_71edeb4185,COCCOc1ccc2cc1CN(C)C/C=C/COCc1ccc(s1)-c1ccnc(n1)N2,[19*]OC/C=C/CN(C)Cc1cc(Nc2nccc([23*])n2)ccc1OCCOC,[18*]Cc1ccc([25*])s1,18,6,26,5,18,24,18;25,largest_ring_two_bond_fragmentation
FRAG_3e65d89585,JAK2_71edeb4185,COCCOc1ccc2cc1CN(C)C/C=C/COCc1ccc(s1)-c1ccnc(n1)N2,[19*]OC/C=C/CN(C)Cc1cc(N[29*])ccc1OCCOC,[18*]Cc1ccc(-c2ccnc([31*])n2)s1,18,12,20,6,18,30,18;31,largest_ring_two_bond_fragmentation
FRAG_34143b6801,JAK2_71edeb4185,COCCOc1ccc2cc1CN(C)C/C=C/COCc1ccc(s1)-c1ccnc(n1)N2,[20*]COC/C=C/CN(C)Cc1cc(Nc2nccc([23*])n2)ccc1OCCOC,[19*]c1ccc([25*])s1,18,5,27,5,19,24,19;25,largest_ring_two_bond_fragmentation
FRAG_dafeea815c,JAK2_71edeb4185,COCCOc1ccc2cc1CN(C)C/C=C/COCc1ccc(s1)-c1ccnc(n1)N2,[20*]COC/C=C/CN(C)Cc1cc(N[29*])ccc1OCCOC,[19*]c1ccc(-c2ccnc([31*])n2)s1,18,11,21,6,19,30,19;31,largest_ring_two_bond_fragmentation
FRAG_1c71b633f3,JAK2_71edeb4185,COCCOc1ccc2cc1CN(C)C/C=C/COCc1ccc(s1)-c1ccnc(n1)N2,[20*]COC/C=C/CN(C)Cc1cc([31*])ccc1OCCOC,[8*]Nc1nccc(-c2ccc([19*])s2)n1,18,12,20,6,19,34,8;19,largest_ring_two_bond_fragmentation
FRAG_36fcd902f5,JAK2_71edeb4185,COCCOc1ccc2cc1CN(C)C/C=C/COCc1ccc(s1)-c1ccnc(n1)N2,[25*]c1ccc(COC/C=C/CN(C)Cc2cc(N[29*])ccc2OCCOC)s1,[23*]c1ccnc([31*])n1,18,6,26,6,24,30,23;31,largest_ring_two_bond_fragmentation
FRAG_6101a91356,JAK2_71edeb4185,COCCOc1ccc2cc1CN(C)C/C=C/COCc1ccc(s1)-c1ccnc(n1)N2,[25*]c1ccc(COC/C=C/CN(C)Cc2cc([31*])ccc2OCCOC)s1,[8*]Nc1nccc([23*])n1,18,7,25,6,24,34,8;23,largest_ring_two_bond_fragmentation
FRAG_722ba096c0,JAK2_f5336c0fa9,C1=CCOCc2cc(ccc2N2CCOCC2)Nc2nccc(n2)-c2cccc(c2)COC1,[2*]C=CCOCc1cccc(-c2ccnc(Nc3ccc(N4CCOCC4)c([4*])c3)n2)c1,[1*]COC[5*],18,3,30,0,1,4,1;5,largest_ring_two_bond_fragmentation
FRAG_c3a8ac1ce5,JAK2_f5336c0fa9,C1=CCOCc2cc(ccc2N2CCOCC2)Nc2nccc(n2)-c2cccc(c2)COC1,[1*]COCc1cc(Nc2nccc([24*])n2)ccc1N1CCOCC1,[2*]C=CCOCc1cccc([22*])c1,18,11,22,6,1,23,2;22,largest_ring_two_bond_fragmentation
FRAG_44cf83a359,JAK2_f5336c0fa9,C1=CCOCc2cc(ccc2N2CCOCC2)Nc2nccc(n2)-c2cccc(c2)COC1,[1*]COCc1cc(Nc2nccc(-c3cccc([30*])c3)n2)ccc1N1CCOCC1,[2*]C=CCOC[28*],18,5,28,0,1,29,2;28,largest_ring_two_bond_fragmentation
FRAG_282d58eb6a,JAK2_f5336c0fa9,C1=CCOCc2cc(ccc2N2CCOCC2)Nc2nccc(n2)-c2cccc(c2)COC1,[1*]COCc1cc(Nc2nccc(-c3cccc(C[31*])c3)n2)ccc1N1CCOCC1,[2*]C=CCO[30*],18,4,29,0,1,30,2;30,largest_ring_two_bond_fragmentation
FRAG_dceaee35dc,JAK2_f5336c0fa9,C1=CCOCc2cc(ccc2N2CCOCC2)Nc2nccc(n2)-c2cccc(c2)COC1,[1*]COCc1cc(Nc2nccc(-c3cccc(CO[32*])c3)n2)ccc1N1CCOCC1,[2*]C=CC[31*],18,3,30,0,1,31,2;31,largest_ring_two_bond_fragmentation
FRAG_131eac8922,JAK2_f5336c0fa9,C1=CCOCc2cc(ccc2N2CCOCC2)Nc2nccc(n2)-c2cccc(c2)COC1,[2*]OCc1cc(Nc2nccc([24*])n2)ccc1N1CCOCC1,[3*]CC=CCOCc1cccc([22*])c1,18,12,21,6,2,23,3;22,largest_ring_two_bond_fragmentation
FRAG_fa5af04469,JAK2_f5336c0fa9,C1=CCOCc2cc(ccc2N2CCOCC2)Nc2nccc(n2)-c2cccc(c2)COC1,[2*]OCc1cc(Nc2nccc(-c3cccc([30*])c3)n2)ccc1N1CCOCC1,[3*]CC=CCOC[28*],18,6,27,0,2,29,3;28,largest_ring_two_bond_fragmentation
FRAG_3f0bce30c3,JAK2_f5336c0fa9,C1=CCOCc2cc(ccc2N2CCOCC2)Nc2nccc(n2)-c2cccc(c2)COC1,[2*]OCc1cc(Nc2nccc(-c3cccc(C[31*])c3)n2)ccc1N1CCOCC1,[3*]CC=CCO[30*],18,5,28,0,2,30,3;30,largest_ring_two_bond_fragmentation
FRAG_aad8c24ab5,JAK2_f5336c0fa9,C1=CCOCc2cc(ccc2N2CCOCC2)Nc2nccc(n2)-c2cccc(c2)COC1,[2*]OCc1cc(Nc2nccc(-c3cccc(CO[32*])c3)n2)ccc1N1CCOCC1,[3*]CC=CC[31*],18,4,29,0,2,31,3;31,largest_ring_two_bond_fragmentation
FRAG_9512016118,JAK2_f5336c0fa9,C1=CCOCc2cc(ccc2N2CCOCC2)Nc2nccc(n2)-c2cccc(c2)COC1,*COCc1cccc(-c2ccnc(Nc3ccc(N4CCOCC4)c(CO[2*])c3)n2)c1,[3*]CC=C[32*],18,3,30,0,2,32,3;32,largest_ring_two_bond_fragmentation
FRAG_0a60582561,JAK2_f5336c0fa9,C1=CCOCc2cc(ccc2N2CCOCC2)Nc2nccc(n2)-c2cccc(c2)COC1,[3*]Cc1cc(Nc2nccc(-c3cccc([30*])c3)n2)ccc1N1CCOCC1,[4*]OCC=CCOC[28*],18,7,26,0,3,29,4;28,largest_ring_two_bond_fragmentation
FRAG_bac53878be,JAK2_f5336c0fa9,C1=CCOCc2cc(ccc2N2CCOCC2)Nc2nccc(n2)-c2cccc(c2)COC1,[3*]Cc1cc(Nc2nccc(-c3cccc(C[31*])c3)n2)ccc1N1CCOCC1,[4*]OCC=CCO[30*],18,6,27,0,3,30,4;30,largest_ring_two_bond_fragmentation
FRAG_62c1afbcd8,JAK2_f5336c0fa9,C1=CCOCc2cc(ccc2N2CCOCC2)Nc2nccc(n2)-c2cccc(c2)COC1,[3*]Cc1cc(Nc2nccc(-c3cccc(CO[32*])c3)n2)ccc1N1CCOCC1,[4*]OCC=CC[31*],18,5,28,0,3,31,4;31,largest_ring_two_bond_fragmentation
FRAG_4aff7dbcbf,JAK2_f5336c0fa9,C1=CCOCc2cc(ccc2N2CCOCC2)Nc2nccc(n2)-c2cccc(c2)COC1,*COCc1cccc(-c2ccnc(Nc3ccc(N4CCOCC4)c(C[3*])c3)n2)c1,[4*]OCC=C[32*],18,4,29,0,3,32,4;32,largest_ring_two_bond_fragmentation
FRAG_33ceb5fdc6,JAK2_f5336c0fa9,C1=CCOCc2cc(ccc2N2CCOCC2)Nc2nccc(n2)-c2cccc(c2)COC1,[5*]COCC=CCOCc1cccc(-c2ccnc(N[7*])n2)c1,[4*]c1cc([17*])ccc1N1CCOCC1,18,12,21,6,4,16,4;17,largest_ring_two_bond_fragmentation
FRAG_c76415191b,JAK2_f5336c0fa9,C1=CCOCc2cc(ccc2N2CCOCC2)Nc2nccc(n2)-c2cccc(c2)COC1,[4*]c1cc(Nc2nccc(-c3cccc([30*])c3)n2)ccc1N1CCOCC1,[5*]COCC=CCOC[28*],18,8,25,0,4,29,5;28,largest_ring_two_bond_fragmentation
FRAG_f5f3f0277b,JAK2_f5336c0fa9,C1=CCOCc2cc(ccc2N2CCOCC2)Nc2nccc(n2)-c2cccc(c2)COC1,[4*]c1cc(Nc2nccc(-c3cccc(C[31*])c3)n2)ccc1N1CCOCC1,[5*]COCC=CCO[30*],18,7,26,0,4,30,5;30,largest_ring_two_bond_fragmentation
FRAG_07e1f32986,JAK2_f5336c0fa9,C1=CCOCc2cc(ccc2N2CCOCC2)Nc2nccc(n2)-c2cccc(c2)COC1,[4*]c1cc(Nc2nccc(-c3cccc(CO[32*])c3)n2)ccc1N1CCOCC1,[5*]COCC=CC[31*],18,6,27,0,4,31,5;31,largest_ring_two_bond_fragmentation
FRAG_964aab3d99,JAK2_f5336c0fa9,C1=CCOCc2cc(ccc2N2CCOCC2)Nc2nccc(n2)-c2cccc(c2)COC1,*COCc1cccc(-c2ccnc(Nc3ccc(N4CCOCC4)c([4*])c3)n2)c1,[5*]COCC=C[32*],18,5,28,0,4,32,5;32,largest_ring_two_bond_fragmentation
FRAG_3bc7ee5f37,JAK2_f5336c0fa9,C1=CCOCc2cc(ccc2N2CCOCC2)Nc2nccc(n2)-c2cccc(c2)COC1,[17*]c1ccc(N2CCOCC2)c(COCC=CCOCc2cccc([22*])c2)c1,[7*]Nc1nccc([24*])n1,18,7,26,6,16,23,7;24,largest_ring_two_bond_fragmentation
FRAG_74fa2ca9a3,JAK2_f5336c0fa9,C1=CCOCc2cc(ccc2N2CCOCC2)Nc2nccc(n2)-c2cccc(c2)COC1,[18*]Nc1ccc(N2CCOCC2)c(COCC=CCOCc2cccc([22*])c2)c1,[17*]c1nccc([24*])n1,18,6,27,6,17,23,17;24,largest_ring_two_bond_fragmentation
FRAG_d247ac9294,JAK2_f5336c0fa9,C1=CCOCc2cc(ccc2N2CCOCC2)Nc2nccc(n2)-c2cccc(c2)COC1,[18*]Nc1ccc(N2CCOCC2)c(COCC=CCOC[28*])c1,[17*]c1nccc(-c2cccc([30*])c2)n1,18,12,21,6,17,29,17;30,largest_ring_two_bond_fragmentation
FRAG_3dac7fe4d0,JAK2_f5336c0fa9,C1=CCOCc2cc(ccc2N2CCOCC2)Nc2nccc(n2)-c2cccc(c2)COC1,[24*]c1ccnc(Nc2ccc(N3CCOCC3)c(COCC=CCOC[28*])c2)n1,[22*]c1cccc([30*])c1,18,6,27,6,23,29,22;30,largest_ring_two_bond_fragmentation
FRAG_38901c69af,JAK2_f5336c0fa9,C1=CCOCc2cc(ccc2N2CCOCC2)Nc2nccc(n2)-c2cccc(c2)COC1,[24*]c1ccnc(Nc2ccc(N3CCOCC3)c(COCC=CCO[30*])c2)n1,[22*]c1cccc(C[31*])c1,18,7,26,6,23,30,22;31,largest_ring_two_bond_fragmentation
FRAG_502a53def6,JAK2_f5336c0fa9,C1=CCOCc2cc(ccc2N2CCOCC2)Nc2nccc(n2)-c2cccc(c2)COC1,[24*]c1ccnc(Nc2ccc(N3CCOCC3)c(COCC=CC[31*])c2)n1,[22*]c1cccc(CO[32*])c1,18,8,25,6,23,31,22;32,largest_ring_two_bond_fragmentation
FRAG_af7e7a80ec,JAK2_f5336c0fa9,C1=CCOCc2cc(ccc2N2CCOCC2)Nc2nccc(n2)-c2cccc(c2)COC1,[24*]c1ccnc(Nc2ccc(N3CCOCC3)c(COCC=C[32*])c2)n1,*COCc1cccc([22*])c1,18,9,24,6,23,32,0;22,largest_ring_two_bond_fragmentation
FRAG_58ae404580,JAK2_f5336c0fa9,C1=CCOCc2cc(ccc2N2CCOCC2)Nc2nccc(n2)-c2cccc(c2)COC1,[30*]c1cccc(-c2ccnc(Nc3ccc(N4CCOCC4)c(COCC=C[32*])c3)n2)c1,*COC[28*],18,3,30,0,29,32,0;28,largest_ring_two_bond_fragmentation
FRAG_969a9af290,JAK2_64908a7579,CCS(=O)(=O)c1ccc2cc1CN(C)C/C=C/CCOc1cccc(c1)-c1ccnc(n1)N2,[11*]c1cc(Nc2nccc(-c3cccc(OCC/C=C/C[12*])c3)n2)ccc1S(=O)(=O)CC,[10*]CN([14*])C,18,3,30,0,10,13,10;14,largest_ring_two_bond_fragmentation
FRAG_65d471e346,JAK2_64908a7579,CCS(=O)(=O)c1ccc2cc1CN(C)C/C=C/CCOc1cccc(c1)-c1ccnc(n1)N2,[11*]c1cc(Nc2nccc(-c3cccc(OCC/C=C/[14*])c3)n2)ccc1S(=O)(=O)CC,[10*]CN(C)C[15*],18,4,29,0,10,14,10;15,largest_ring_two_bond_fragmentation
FRAG_2d9d7fc42e,JAK2_64908a7579,CCS(=O)(=O)c1ccc2cc1CN(C)C/C=C/CCOc1cccc(c1)-c1ccnc(n1)N2,[11*]c1cc(Nc2nccc(-c3cccc(OCC[16*])c3)n2)ccc1S(=O)(=O)CC,[10*]CN(C)C/C=C/[17*],18,6,27,0,10,16,10;17,largest_ring_two_bond_fragmentation
FRAG_c8e33c170e,JAK2_64908a7579,CCS(=O)(=O)c1ccc2cc1CN(C)C/C=C/CCOc1cccc(c1)-c1ccnc(n1)N2,[11*]c1cc(Nc2nccc(-c3cccc(OC[17*])c3)n2)ccc1S(=O)(=O)CC,[10*]CN(C)C/C=C/C[18*],18,7,26,0,10,17,10;18,largest_ring_two_bond_fragmentation
FRAG_245a857b6e,JAK2_64908a7579,CCS(=O)(=O)c1ccc2cc1CN(C)C/C=C/CCOc1cccc(c1)-c1ccnc(n1)N2,[11*]c1cc(Nc2nccc(-c3cccc(O[18*])c3)n2)ccc1S(=O)(=O)CC,[10*]CN(C)C/C=C/CC[19*],18,8,25,0,10,18,10;19,largest_ring_two_bond_fragmentation
FRAG_ea8c1f771b,JAK2_64908a7579,CCS(=O)(=O)c1ccc2cc1CN(C)C/C=C/CCOc1cccc(c1)-c1ccnc(n1)N2,[11*]c1cc(Nc2nccc(-c3cccc([19*])c3)n2)ccc1S(=O)(=O)CC,[10*]CN(C)C/C=C/CCO[20*],18,9,24,0,10,19,10;20,largest_ring_two_bond_fragmentation
FRAG_1a78bebda8,JAK2_64908a7579,CCS(=O)(=O)c1ccc2cc1CN(C)C/C=C/CCOc1cccc(c1)-c1ccnc(n1)N2,[10*]CN(C)C/C=C/CCOc1cccc(-c2ccnc([32*])n2)c1,[11*]c1cc(N[30*])ccc1S(=O)(=O)CC,18,12,21,6,10,31,11;30,largest_ring_two_bond_fragmentation
FRAG_2a557d2384,JAK2_64908a7579,CCS(=O)(=O)c1ccc2cc1CN(C)C/C=C/CCOc1cccc(c1)-c1ccnc(n1)N2,[8*]Nc1nccc(-c2cccc(OCC/C=C/CN(C)C[10*])c2)n1,[11*]c1cc([32*])ccc1S(=O)(=O)CC,18,11,22,6,10,35,11;32,largest_ring_two_bond_fragmentation
FRAG_10bfa4a408,JAK2_64908a7579,CCS(=O)(=O)c1ccc2cc1CN(C)C/C=C/CCOc1cccc(c1)-c1ccnc(n1)N2,[12*]Cc1cc(Nc2nccc(-c3cccc(OCC/C=C/[14*])c3)n2)ccc1S(=O)(=O)CC,[11*]N(C)C[15*],18,3,30,0,11,14,11;15,largest_ring_two_bond_fragmentation
FRAG_d40abc296b,JAK2_64908a7579,CCS(=O)(=O)c1ccc2cc1CN(C)C/C=C/CCOc1cccc(c1)-c1ccnc(n1)N2,[12*]Cc1cc(Nc2nccc(-c3cccc(OCC[16*])c3)n2)ccc1S(=O)(=O)CC,[11*]N(C)C/C=C/[17*],18,5,28,0,11,16,11;17,largest_ring_two_bond_fragmentation
FRAG_eacb92b8ad,JAK2_64908a7579,CCS(=O)(=O)c1ccc2cc1CN(C)C/C=C/CCOc1cccc(c1)-c1ccnc(n1)N2,[12*]Cc1cc(Nc2nccc(-c3cccc(OC[17*])c3)n2)ccc1S(=O)(=O)CC,[11*]N(C)C/C=C/C[18*],18,6,27,0,11,17,11;18,largest_ring_two_bond_fragmentation
FRAG_97e6afe499,JAK2_64908a7579,CCS(=O)(=O)c1ccc2cc1CN(C)C/C=C/CCOc1cccc(c1)-c1ccnc(n1)N2,[12*]Cc1cc(Nc2nccc(-c3cccc(O[18*])c3)n2)ccc1S(=O)(=O)CC,[11*]N(C)C/C=C/CC[19*],18,7,26,0,11,18,11;19,largest_ring_two_bond_fragmentation
FRAG_3a1c5d4d5f,JAK2_64908a7579,CCS(=O)(=O)c1ccc2cc1CN(C)C/C=C/CCOc1cccc(c1)-c1ccnc(n1)N2,[12*]Cc1cc(Nc2nccc(-c3cccc([19*])c3)n2)ccc1S(=O)(=O)CC,[11*]N(C)C/C=C/CCO[20*],18,8,25,0,11,19,11;20,largest_ring_two_bond_fragmentation
FRAG_0dc4800bd6,JAK2_64908a7579,CCS(=O)(=O)c1ccc2cc1CN(C)C/C=C/CCOc1cccc(c1)-c1ccnc(n1)N2,[8*]Nc1nccc(-c2cccc(OCC/C=C/CN([11*])C)c2)n1,[12*]Cc1cc([32*])ccc1S(=O)(=O)CC,18,12,21,6,11,35,12;32,largest_ring_two_bond_fragmentation
FRAG_f49d6e0adc,JAK2_64908a7579,CCS(=O)(=O)c1ccc2cc1CN(C)C/C=C/CCOc1cccc(c1)-c1ccnc(n1)N2,[14*]N(C)Cc1cc(Nc2nccc(-c3cccc(OCC[16*])c3)n2)ccc1S(=O)(=O)CC,[12*]C/C=C/[17*],18,3,30,0,13,16,12;17,largest_ring_two_bond_fragmentation
FRAG_4f3b7a19c2,JAK2_64908a7579,CCS(=O)(=O)c1ccc2cc1CN(C)C/C=C/CCOc1cccc(c1)-c1ccnc(n1)N2,[14*]N(C)Cc1cc(Nc2nccc(-c3cccc(OC[17*])c3)n2)ccc1S(=O)(=O)CC,[12*]C/C=C/C[18*],18,4,29,0,13,17,12;18,largest_ring_two_bond_fragmentation
FRAG_5fb641a60a,JAK2_64908a7579,CCS(=O)(=O)c1ccc2cc1CN(C)C/C=C/CCOc1cccc(c1)-c1ccnc(n1)N2,[14*]N(C)Cc1cc(Nc2nccc(-c3cccc(O[18*])c3)n2)ccc1S(=O)(=O)CC,[12*]C/C=C/CC[19*],18,5,28,0,13,18,12;19,largest_ring_two_bond_fragmentation
FRAG_52b5cc155f,JAK2_64908a7579,CCS(=O)(=O)c1ccc2cc1CN(C)C/C=C/CCOc1cccc(c1)-c1ccnc(n1)N2,[14*]N(C)Cc1cc(Nc2nccc(-c3cccc([19*])c3)n2)ccc1S(=O)(=O)CC,[12*]C/C=C/CCO[20*],18,6,27,0,13,19,12;20,largest_ring_two_bond_fragmentation
FRAG_a838319df3,JAK2_64908a7579,CCS(=O)(=O)c1ccc2cc1CN(C)C/C=C/CCOc1cccc(c1)-c1ccnc(n1)N2,[14*]N(C)Cc1cc(Nc2nccc([24*])n2)ccc1S(=O)(=O)CC,[12*]C/C=C/CCOc1cccc([26*])c1,18,12,21,6,13,25,12;26,largest_ring_two_bond_fragmentation
FRAG_411417e9e0,JAK2_64908a7579,CCS(=O)(=O)c1ccc2cc1CN(C)C/C=C/CCOc1cccc(c1)-c1ccnc(n1)N2,[15*]CN(C)Cc1cc(Nc2nccc(-c3cccc(OC[17*])c3)n2)ccc1S(=O)(=O)CC,[14*]/C=C/C[18*],18,3,30,0,14,17,14;18,largest_ring_two_bond_fragmentation
FRAG_d13445300e,JAK2_64908a7579,CCS(=O)(=O)c1ccc2cc1CN(C)C/C=C/CCOc1cccc(c1)-c1ccnc(n1)N2,[15*]CN(C)Cc1cc(Nc2nccc(-c3cccc(O[18*])c3)n2)ccc1S(=O)(=O)CC,[14*]/C=C/CC[19*],18,4,29,0,14,18,14;19,largest_ring_two_bond_fragmentation
FRAG_3881e5b469,JAK2_64908a7579,CCS(=O)(=O)c1ccc2cc1CN(C)C/C=C/CCOc1cccc(c1)-c1ccnc(n1)N2,[15*]CN(C)Cc1cc(Nc2nccc(-c3cccc([19*])c3)n2)ccc1S(=O)(=O)CC,[14*]/C=C/CCO[20*],18,5,28,0,14,19,14;20,largest_ring_two_bond_fragmentation
FRAG_8f188a8f88,JAK2_64908a7579,CCS(=O)(=O)c1ccc2cc1CN(C)C/C=C/CCOc1cccc(c1)-c1ccnc(n1)N2,[15*]CN(C)Cc1cc(Nc2nccc([24*])n2)ccc1S(=O)(=O)CC,[14*]/C=C/CCOc1cccc([26*])c1,18,11,22,6,14,25,14;26,largest_ring_two_bond_fragmentation
FRAG_2017812adc,JAK2_64908a7579,CCS(=O)(=O)c1ccc2cc1CN(C)C/C=C/CCOc1cccc(c1)-c1ccnc(n1)N2,[17*]/C=C/CN(C)Cc1cc(Nc2nccc(-c3cccc([19*])c3)n2)ccc1S(=O)(=O)CC,[16*]CCO[20*],18,3,30,0,16,19,16;20,largest_ring_two_bond_fragmentation
FRAG_59e8712735,JAK2_64908a7579,CCS(=O)(=O)c1ccc2cc1CN(C)C/C=C/CCOc1cccc(c1)-c1ccnc(n1)N2,[17*]/C=C/CN(C)Cc1cc(Nc2nccc([24*])n2)ccc1S(=O)(=O)CC,[16*]CCOc1cccc([26*])c1,18,9,24,6,16,25,16;26,largest_ring_two_bond_fragmentation
FRAG_c15b57acb1,JAK2_64908a7579,CCS(=O)(=O)c1ccc2cc1CN(C)C/C=C/CCOc1cccc(c1)-c1ccnc(n1)N2,[18*]C/C=C/CN(C)Cc1cc(Nc2nccc([24*])n2)ccc1S(=O)(=O)CC,[17*]COc1cccc([26*])c1,18,8,25,6,17,25,17;26,largest_ring_two_bond_fragmentation
FRAG_8ba6d8b217,JAK2_64908a7579,CCS(=O)(=O)c1ccc2cc1CN(C)C/C=C/CCOc1cccc(c1)-c1ccnc(n1)N2,[19*]CC/C=C/CN(C)Cc1cc(Nc2nccc([24*])n2)ccc1S(=O)(=O)CC,[18*]Oc1cccc([26*])c1,18,7,26,6,18,25,18;26,largest_ring_two_bond_fragmentation
FRAG_b32d7972f3,JAK2_64908a7579,CCS(=O)(=O)c1ccc2cc1CN(C)C/C=C/CCOc1cccc(c1)-c1ccnc(n1)N2,[20*]OCC/C=C/CN(C)Cc1cc(Nc2nccc([24*])n2)ccc1S(=O)(=O)CC,[19*]c1cccc([26*])c1,18,6,27,6,19,25,19;26,largest_ring_two_bond_fragmentation
FRAG_5f89339b37,JAK2_64908a7579,CCS(=O)(=O)c1ccc2cc1CN(C)C/C=C/CCOc1cccc(c1)-c1ccnc(n1)N2,[20*]OCC/C=C/CN(C)Cc1cc(N[30*])ccc1S(=O)(=O)CC,[19*]c1cccc(-c2ccnc([32*])n2)c1,18,12,21,6,19,31,19;32,largest_ring_two_bond_fragmentation
FRAG_972e960343,JAK2_64908a7579,CCS(=O)(=O)c1ccc2cc1CN(C)C/C=C/CCOc1cccc(c1)-c1ccnc(n1)N2,[26*]c1cccc(OCC/C=C/CN(C)Cc2cc(N[30*])ccc2S(=O)(=O)CC)c1,[24*]c1ccnc([32*])n1,18,6,27,6,25,31,24;32,largest_ring_two_bond_fragmentation
FRAG_3bfa027caa,JAK2_64908a7579,CCS(=O)(=O)c1ccc2cc1CN(C)C/C=C/CCOc1cccc(c1)-c1ccnc(n1)N2,[26*]c1cccc(OCC/C=C/CN(C)Cc2cc([32*])ccc2S(=O)(=O)CC)c1,[8*]Nc1nccc([24*])n1,18,7,26,6,25,35,8;24,largest_ring_two_bond_fragmentation
FRAG_70f3915e7f,JAK2_87f82fe33f,CN1C/C=C/CCOc2cccc(c2)-c2ccnc(n2)Nc2cc(cc(NC(=O)C(F)(F)F)c2)C1,[2*]N(C)Cc1cc(NC(=O)C(F)(F)F)cc(Nc2nccc(-c3cccc(OCC[4*])c3)n2)c1,[1*]C/C=C/[5*],18,3,32,0,1,4,1;5,largest_ring_two_bond_fragmentation
FRAG_ae3c4bd0d2,JAK2_87f82fe33f,CN1C/C=C/CCOc2cccc(c2)-c2ccnc(n2)Nc2cc(cc(NC(=O)C(F)(F)F)c2)C1,[2*]N(C)Cc1cc(NC(=O)C(F)(F)F)cc(Nc2nccc(-c3cccc(OC[5*])c3)n2)c1,[1*]C/C=C/C[6*],18,4,31,0,1,5,1;6,largest_ring_two_bond_fragmentation
FRAG_8005cdaa15,JAK2_87f82fe33f,CN1C/C=C/CCOc2cccc(c2)-c2ccnc(n2)Nc2cc(cc(NC(=O)C(F)(F)F)c2)C1,[2*]N(C)Cc1cc(NC(=O)C(F)(F)F)cc(Nc2nccc(-c3cccc(O[6*])c3)n2)c1,[1*]C/C=C/CC[7*],18,5,30,0,1,6,1;7,largest_ring_two_bond_fragmentation
FRAG_21f8ac8f8f,JAK2_87f82fe33f,CN1C/C=C/CCOc2cccc(c2)-c2ccnc(n2)Nc2cc(cc(NC(=O)C(F)(F)F)c2)C1,[2*]N(C)Cc1cc(NC(=O)C(F)(F)F)cc(Nc2nccc(-c3cccc([7*])c3)n2)c1,[1*]C/C=C/CCO[8*],18,6,29,0,1,7,1;8,largest_ring_two_bond_fragmentation
FRAG_1154009d8f,JAK2_87f82fe33f,CN1C/C=C/CCOc2cccc(c2)-c2ccnc(n2)Nc2cc(cc(NC(=O)C(F)(F)F)c2)C1,[2*]N(C)Cc1cc(NC(=O)C(F)(F)F)cc(Nc2nccc([12*])n2)c1,[1*]C/C=C/CCOc1cccc([14*])c1,18,12,23,6,1,13,1;14,largest_ring_two_bond_fragmentation
FRAG_99ce2a1751,JAK2_87f82fe33f,CN1C/C=C/CCOc2cccc(c2)-c2ccnc(n2)Nc2cc(cc(NC(=O)C(F)(F)F)c2)C1,[1*]C/C=C/CCOc1cccc(-c2ccnc(Nc3cc([34*])cc(NC(=O)C(F)(F)F)c3)n2)c1,[2*]N(C)C[23*],18,3,32,0,1,33,2;23,largest_ring_two_bond_fragmentation
FRAG_108115c0ac,JAK2_87f82fe33f,CN1C/C=C/CCOc2cccc(c2)-c2ccnc(n2)Nc2cc(cc(NC(=O)C(F)(F)F)c2)C1,[3*]CN(C)Cc1cc(NC(=O)C(F)(F)F)cc(Nc2nccc(-c3cccc(OC[5*])c3)n2)c1,[2*]/C=C/C[6*],18,3,32,0,2,5,2;6,largest_ring_two_bond_fragmentation
FRAG_dfde8f0bbe,JAK2_87f82fe33f,CN1C/C=C/CCOc2cccc(c2)-c2ccnc(n2)Nc2cc(cc(NC(=O)C(F)(F)F)c2)C1,[3*]CN(C)Cc1cc(NC(=O)C(F)(F)F)cc(Nc2nccc(-c3cccc(O[6*])c3)n2)c1,[2*]/C=C/CC[7*],18,4,31,0,2,6,2;7,largest_ring_two_bond_fragmentation
FRAG_526a5599b5,JAK2_87f82fe33f,CN1C/C=C/CCOc2cccc(c2)-c2ccnc(n2)Nc2cc(cc(NC(=O)C(F)(F)F)c2)C1,[3*]CN(C)Cc1cc(NC(=O)C(F)(F)F)cc(Nc2nccc(-c3cccc([7*])c3)n2)c1,[2*]/C=C/CCO[8*],18,5,30,0,2,7,2;8,largest_ring_two_bond_fragmentation
FRAG_4b9b06052c,JAK2_87f82fe33f,CN1C/C=C/CCOc2cccc(c2)-c2ccnc(n2)Nc2cc(cc(NC(=O)C(F)(F)F)c2)C1,[3*]CN(C)Cc1cc(NC(=O)C(F)(F)F)cc(Nc2nccc([12*])n2)c1,[2*]/C=C/CCOc1cccc([14*])c1,18,11,24,6,2,13,2;14,largest_ring_two_bond_fragmentation
FRAG_2080f98341,JAK2_87f82fe33f,CN1C/C=C/CCOc2cccc(c2)-c2ccnc(n2)Nc2cc(cc(NC(=O)C(F)(F)F)c2)C1,[2*]/C=C/CCOc1cccc(-c2ccnc(Nc3cc([34*])cc(NC(=O)C(F)(F)F)c3)n2)c1,[3*]CN(C)C[23*],18,4,31,0,2,33,3;23,largest_ring_two_bond_fragmentation
FRAG_d0132ebf00,JAK2_87f82fe33f,CN1C/C=C/CCOc2cccc(c2)-c2ccnc(n2)Nc2cc(cc(NC(=O)C(F)(F)F)c2)C1,[1*]Cc1cc(NC(=O)C(F)(F)F)cc(Nc2nccc(-c3cccc(OCC/C=C/[2*])c3)n2)c1,[3*]CN([34*])C,18,3,32,0,2,34,3;34,largest_ring_two_bond_fragmentation
FRAG_ee8eb7c361,JAK2_87f82fe33f,CN1C/C=C/CCOc2cccc(c2)-c2ccnc(n2)Nc2cc(cc(NC(=O)C(F)(F)F)c2)C1,[5*]/C=C/CN(C)Cc1cc(NC(=O)C(F)(F)F)cc(Nc2nccc(-c3cccc([7*])c3)n2)c1,[4*]CCO[8*],18,3,32,0,4,7,4;8,largest_ring_two_bond_fragmentation
FRAG_4db32711e2,JAK2_87f82fe33f,CN1C/C=C/CCOc2cccc(c2)-c2ccnc(n2)Nc2cc(cc(NC(=O)C(F)(F)F)c2)C1,[5*]/C=C/CN(C)Cc1cc(NC(=O)C(F)(F)F)cc(Nc2nccc([12*])n2)c1,[4*]CCOc1cccc([14*])c1,18,9,26,6,4,13,4;14,largest_ring_two_bond_fragmentation
FRAG_b6cf449c8c,JAK2_87f82fe33f,CN1C/C=C/CCOc2cccc(c2)-c2ccnc(n2)Nc2cc(cc(NC(=O)C(F)(F)F)c2)C1,[4*]CCOc1cccc(-c2ccnc(Nc3cc([34*])cc(NC(=O)C(F)(F)F)c3)n2)c1,[5*]/C=C/CN(C)C[23*],18,6,29,0,4,33,5;23,largest_ring_two_bond_fragmentation
FRAG_5004e2dabd,JAK2_87f82fe33f,CN1C/C=C/CCOc2cccc(c2)-c2ccnc(n2)Nc2cc(cc(NC(=O)C(F)(F)F)c2)C1,[1*]Cc1cc(NC(=O)C(F)(F)F)cc(Nc2nccc(-c3cccc(OCC[4*])c3)n2)c1,[5*]/C=C/CN([34*])C,18,5,30,0,4,34,5;34,largest_ring_two_bond_fragmentation
FRAG_92e1d5b85e,JAK2_87f82fe33f,CN1C/C=C/CCOc2cccc(c2)-c2ccnc(n2)Nc2cc(cc(NC(=O)C(F)(F)F)c2)C1,[6*]C/C=C/CN(C)Cc1cc(NC(=O)C(F)(F)F)cc(Nc2nccc([12*])n2)c1,[5*]COc1cccc([14*])c1,18,8,27,6,5,13,5;14,largest_ring_two_bond_fragmentation
FRAG_3e98fcd3d3,JAK2_87f82fe33f,CN1C/C=C/CCOc2cccc(c2)-c2ccnc(n2)Nc2cc(cc(NC(=O)C(F)(F)F)c2)C1,[5*]COc1cccc(-c2ccnc(Nc3cc([34*])cc(NC(=O)C(F)(F)F)c3)n2)c1,[6*]C/C=C/CN(C)C[23*],18,7,28,0,5,33,6;23,largest_ring_two_bond_fragmentation
FRAG_159c7ea030,JAK2_87f82fe33f,CN1C/C=C/CCOc2cccc(c2)-c2ccnc(n2)Nc2cc(cc(NC(=O)C(F)(F)F)c2)C1,[1*]Cc1cc(NC(=O)C(F)(F)F)cc(Nc2nccc(-c3cccc(OC[5*])c3)n2)c1,[6*]C/C=C/CN([34*])C,18,6,29,0,5,34,6;34,largest_ring_two_bond_fragmentation
FRAG_7279982aa7,JAK2_87f82fe33f,CN1C/C=C/CCOc2cccc(c2)-c2ccnc(n2)Nc2cc(cc(NC(=O)C(F)(F)F)c2)C1,[7*]CC/C=C/CN(C)Cc1cc(NC(=O)C(F)(F)F)cc(Nc2nccc([12*])n2)c1,[6*]Oc1cccc([14*])c1,18,7,28,6,6,13,6;14,largest_ring_two_bond_fragmentation
FRAG_f424bed1db,JAK2_87f82fe33f,CN1C/C=C/CCOc2cccc(c2)-c2ccnc(n2)Nc2cc(cc(NC(=O)C(F)(F)F)c2)C1,[6*]Oc1cccc(-c2ccnc(Nc3cc([34*])cc(NC(=O)C(F)(F)F)c3)n2)c1,[7*]CC/C=C/CN(C)C[23*],18,8,27,0,6,33,7;23,largest_ring_two_bond_fragmentation
FRAG_bbc935fd03,JAK2_87f82fe33f,CN1C/C=C/CCOc2cccc(c2)-c2ccnc(n2)Nc2cc(cc(NC(=O)C(F)(F)F)c2)C1,[1*]Cc1cc(NC(=O)C(F)(F)F)cc(Nc2nccc(-c3cccc(O[6*])c3)n2)c1,[7*]CC/C=C/CN([34*])C,18,7,28,0,6,34,7;34,largest_ring_two_bond_fragmentation
FRAG_07fe7d06f7,JAK2_87f82fe33f,CN1C/C=C/CCOc2cccc(c2)-c2ccnc(n2)Nc2cc(cc(NC(=O)C(F)(F)F)c2)C1,[8*]OCC/C=C/CN(C)Cc1cc(NC(=O)C(F)(F)F)cc(Nc2nccc([12*])n2)c1,[7*]c1cccc([14*])c1,18,6,29,6,7,13,7;14,largest_ring_two_bond_fragmentation
FRAG_45eb1e06c1,JAK2_87f82fe33f,CN1C/C=C/CCOc2cccc(c2)-c2ccnc(n2)Nc2cc(cc(NC(=O)C(F)(F)F)c2)C1,[8*]OCC/C=C/CN(C)Cc1cc(N[18*])cc(NC(=O)C(F)(F)F)c1,[7*]c1cccc(-c2ccnc([20*])n2)c1,18,12,23,6,7,19,7;20,largest_ring_two_bond_fragmentation
FRAG_b48ab8cab7,JAK2_87f82fe33f,CN1C/C=C/CCOc2cccc(c2)-c2ccnc(n2)Nc2cc(cc(NC(=O)C(F)(F)F)c2)C1,[7*]c1cccc(-c2ccnc(Nc3cc([34*])cc(NC(=O)C(F)(F)F)c3)n2)c1,[8*]OCC/C=C/CN(C)C[23*],18,9,26,0,7,33,8;23,largest_ring_two_bond_fragmentation
FRAG_3856d7434f,JAK2_87f82fe33f,CN1C/C=C/CCOc2cccc(c2)-c2ccnc(n2)Nc2cc(cc(NC(=O)C(F)(F)F)c2)C1,[1*]Cc1cc(NC(=O)C(F)(F)F)cc(Nc2nccc(-c3cccc([7*])c3)n2)c1,[8*]OCC/C=C/CN([34*])C,18,8,27,0,7,34,8;34,largest_ring_two_bond_fragmentation
FRAG_5bb77af57f,JAK2_87f82fe33f,CN1C/C=C/CCOc2cccc(c2)-c2ccnc(n2)Nc2cc(cc(NC(=O)C(F)(F)F)c2)C1,[14*]c1cccc(OCC/C=C/CN(C)Cc2cc(N[18*])cc(NC(=O)C(F)(F)F)c2)c1,[12*]c1ccnc([20*])n1,18,6,29,6,13,19,12;20,largest_ring_two_bond_fragmentation
FRAG_6f209c7f24,JAK2_87f82fe33f,CN1C/C=C/CCOc2cccc(c2)-c2ccnc(n2)Nc2cc(cc(NC(=O)C(F)(F)F)c2)C1,[14*]c1cccc(OCC/C=C/CN(C)Cc2cc([20*])cc(NC(=O)C(F)(F)F)c2)c1,[12*]c1ccnc(N[21*])n1,18,7,28,6,13,20,12;21,largest_ring_two_bond_fragmentation
FRAG_0eacba3e92,JAK2_16664f4335,ClCCOc1ccc2cc1COCC=CCOCc1cccc(c1)-c1ccnc(n1)N2,[10*]c1cc(Nc2nccc(-c3cccc(COCC=C[12*])c3)n2)ccc1OCCCl,[9*]COC[13*],18,3,28,0,9,12,9;13,largest_ring_two_bond_fragmentation
FRAG_01cf753eb5,JAK2_16664f4335,ClCCOc1ccc2cc1COCC=CCOCc1cccc(c1)-c1ccnc(n1)N2,[10*]c1cc(Nc2nccc(-c3cccc(COC[14*])c3)n2)ccc1OCCCl,[9*]COCC=C[15*],18,5,26,0,9,14,9;15,largest_ring_two_bond_fragmentation
FRAG_0f8d60d28b,JAK2_16664f4335,ClCCOc1ccc2cc1COCC=CCOCc1cccc(c1)-c1ccnc(n1)N2,[10*]c1cc(Nc2nccc(-c3cccc(CO[15*])c3)n2)ccc1OCCCl,[9*]COCC=CC[16*],18,6,25,0,9,15,9;16,largest_ring_two_bond_fragmentation
FRAG_e58e2804df,JAK2_16664f4335,ClCCOc1ccc2cc1COCC=CCOCc1cccc(c1)-c1ccnc(n1)N2,[10*]c1cc(Nc2nccc(-c3cccc(C[16*])c3)n2)ccc1OCCCl,[9*]COCC=CCO[17*],18,7,24,0,9,16,9;17,largest_ring_two_bond_fragmentation
FRAG_8100f73960,JAK2_16664f4335,ClCCOc1ccc2cc1COCC=CCOCc1cccc(c1)-c1ccnc(n1)N2,[10*]c1cc(Nc2nccc(-c3cccc([17*])c3)n2)ccc1OCCCl,[9*]COCC=CCOC[18*],18,8,23,0,9,17,9;18,largest_ring_two_bond_fragmentation
FRAG_bf5aa2e509,JAK2_16664f4335,ClCCOc1ccc2cc1COCC=CCOCc1cccc(c1)-c1ccnc(n1)N2,[9*]COCC=CCOCc1cccc(-c2ccnc([30*])n2)c1,[10*]c1cc(N[28*])ccc1OCCCl,18,11,20,6,9,29,10;28,largest_ring_two_bond_fragmentation
FRAG_ae17d07a29,JAK2_16664f4335,ClCCOc1ccc2cc1COCC=CCOCc1cccc(c1)-c1ccnc(n1)N2,[7*]Nc1nccc(-c2cccc(COCC=CCOC[9*])c2)n1,[10*]c1cc([30*])ccc1OCCCl,18,10,21,6,9,33,10;30,largest_ring_two_bond_fragmentation
FRAG_250a081860,JAK2_16664f4335,ClCCOc1ccc2cc1COCC=CCOCc1cccc(c1)-c1ccnc(n1)N2,[11*]Cc1cc(Nc2nccc(-c3cccc(COC[14*])c3)n2)ccc1OCCCl,[10*]OCC=C[15*],18,4,27,0,10,14,10;15,largest_ring_two_bond_fragmentation
FRAG_df260f28da,JAK2_16664f4335,ClCCOc1ccc2cc1COCC=CCOCc1cccc(c1)-c1ccnc(n1)N2,[11*]Cc1cc(Nc2nccc(-c3cccc(CO[15*])c3)n2)ccc1OCCCl,[10*]OCC=CC[16*],18,5,26,0,10,15,10;16,largest_ring_two_bond_fragmentation
FRAG_9ad1e88115,JAK2_16664f4335,ClCCOc1ccc2cc1COCC=CCOCc1cccc(c1)-c1ccnc(n1)N2,[11*]Cc1cc(Nc2nccc(-c3cccc(C[16*])c3)n2)ccc1OCCCl,[10*]OCC=CCO[17*],18,6,25,0,10,16,10;17,largest_ring_two_bond_fragmentation
FRAG_b08171c6f5,JAK2_16664f4335,ClCCOc1ccc2cc1COCC=CCOCc1cccc(c1)-c1ccnc(n1)N2,[11*]Cc1cc(Nc2nccc(-c3cccc([17*])c3)n2)ccc1OCCCl,[10*]OCC=CCOC[18*],18,7,24,0,10,17,10;18,largest_ring_two_bond_fragmentation
FRAG_7c26d7a2c7,JAK2_16664f4335,ClCCOc1ccc2cc1COCC=CCOCc1cccc(c1)-c1ccnc(n1)N2,[10*]OCC=CCOCc1cccc(-c2ccnc([30*])n2)c1,[11*]Cc1cc(N[28*])ccc1OCCCl,18,12,19,6,10,29,11;28,largest_ring_two_bond_fragmentation
FRAG_b1691333f5,JAK2_16664f4335,ClCCOc1ccc2cc1COCC=CCOCc1cccc(c1)-c1ccnc(n1)N2,[7*]Nc1nccc(-c2cccc(COCC=CCO[10*])c2)n1,[11*]Cc1cc([30*])ccc1OCCCl,18,11,20,6,10,33,11;30,largest_ring_two_bond_fragmentation
FRAG_7572a9d54c,JAK2_16664f4335,ClCCOc1ccc2cc1COCC=CCOCc1cccc(c1)-c1ccnc(n1)N2,[12*]OCc1cc(Nc2nccc(-c3cccc(COC[14*])c3)n2)ccc1OCCCl,[11*]CC=C[15*],18,3,28,0,11,14,11;15,largest_ring_two_bond_fragmentation
FRAG_f5236e06ad,JAK2_16664f4335,ClCCOc1ccc2cc1COCC=CCOCc1cccc(c1)-c1ccnc(n1)N2,[12*]OCc1cc(Nc2nccc(-c3cccc(CO[15*])c3)n2)ccc1OCCCl,[11*]CC=CC[16*],18,4,27,0,11,15,11;16,largest_ring_two_bond_fragmentation
FRAG_db086e7c17,JAK2_16664f4335,ClCCOc1ccc2cc1COCC=CCOCc1cccc(c1)-c1ccnc(n1)N2,[12*]OCc1cc(Nc2nccc(-c3cccc(C[16*])c3)n2)ccc1OCCCl,[11*]CC=CCO[17*],18,5,26,0,11,16,11;17,largest_ring_two_bond_fragmentation
FRAG_fbc9b17c7e,JAK2_16664f4335,ClCCOc1ccc2cc1COCC=CCOCc1cccc(c1)-c1ccnc(n1)N2,[12*]OCc1cc(Nc2nccc(-c3cccc([17*])c3)n2)ccc1OCCCl,[11*]CC=CCOC[18*],18,6,25,0,11,17,11;18,largest_ring_two_bond_fragmentation
FRAG_eb8c269d5f,JAK2_16664f4335,ClCCOc1ccc2cc1COCC=CCOCc1cccc(c1)-c1ccnc(n1)N2,[12*]OCc1cc(Nc2nccc([22*])n2)ccc1OCCCl,[11*]CC=CCOCc1cccc([24*])c1,18,12,19,6,11,23,11;24,largest_ring_two_bond_fragmentation
FRAG_2b77e0a188,JAK2_16664f4335,ClCCOc1ccc2cc1COCC=CCOCc1cccc(c1)-c1ccnc(n1)N2,[7*]Nc1nccc(-c2cccc(COCC=CC[11*])c2)n1,[12*]OCc1cc([30*])ccc1OCCCl,18,12,19,6,11,33,12;30,largest_ring_two_bond_fragmentation
FRAG_f41d08cbd4,JAK2_16664f4335,ClCCOc1ccc2cc1COCC=CCOCc1cccc(c1)-c1ccnc(n1)N2,[13*]COCc1cc(Nc2nccc(-c3cccc(CO[15*])c3)n2)ccc1OCCCl,[12*]C=CC[16*],18,3,28,0,12,15,12;16,largest_ring_two_bond_fragmentation
FRAG_7ab7e2eade,JAK2_16664f4335,ClCCOc1ccc2cc1COCC=CCOCc1cccc(c1)-c1ccnc(n1)N2,[13*]COCc1cc(Nc2nccc(-c3cccc(C[16*])c3)n2)ccc1OCCCl,[12*]C=CCO[17*],18,4,27,0,12,16,12;17,largest_ring_two_bond_fragmentation
FRAG_5ff967f183,JAK2_16664f4335,ClCCOc1ccc2cc1COCC=CCOCc1cccc(c1)-c1ccnc(n1)N2,[13*]COCc1cc(Nc2nccc(-c3cccc([17*])c3)n2)ccc1OCCCl,[12*]C=CCOC[18*],18,5,26,0,12,17,12;18,largest_ring_two_bond_fragmentation
FRAG_158e78bc53,JAK2_16664f4335,ClCCOc1ccc2cc1COCC=CCOCc1cccc(c1)-c1ccnc(n1)N2,[13*]COCc1cc(Nc2nccc([22*])n2)ccc1OCCCl,[12*]C=CCOCc1cccc([24*])c1,18,11,20,6,12,23,12;24,largest_ring_two_bond_fragmentation
FRAG_151f812d81,JAK2_16664f4335,ClCCOc1ccc2cc1COCC=CCOCc1cccc(c1)-c1ccnc(n1)N2,[15*]C=CCOCc1cc(Nc2nccc(-c3cccc([17*])c3)n2)ccc1OCCCl,[14*]COC[18*],18,3,28,0,14,17,14;18,largest_ring_two_bond_fragmentation
FRAG_0914170f2d,JAK2_16664f4335,ClCCOc1ccc2cc1COCC=CCOCc1cccc(c1)-c1ccnc(n1)N2,[15*]C=CCOCc1cc(Nc2nccc([22*])n2)ccc1OCCCl,[14*]COCc1cccc([24*])c1,18,9,22,6,14,23,14;24,largest_ring_two_bond_fragmentation
FRAG_36bb4cfeda,JAK2_16664f4335,ClCCOc1ccc2cc1COCC=CCOCc1cccc(c1)-c1ccnc(n1)N2,[16*]CC=CCOCc1cc(Nc2nccc([22*])n2)ccc1OCCCl,[15*]OCc1cccc([24*])c1,18,8,23,6,15,23,15;24,largest_ring_two_bond_fragmentation
FRAG_1149ee21c2,JAK2_16664f4335,ClCCOc1ccc2cc1COCC=CCOCc1cccc(c1)-c1ccnc(n1)N2,[17*]OCC=CCOCc1cc(Nc2nccc([22*])n2)ccc1OCCCl,[16*]Cc1cccc([24*])c1,18,7,24,6,16,23,16;24,largest_ring_two_bond_fragmentation
FRAG_4aaeab59db,JAK2_16664f4335,ClCCOc1ccc2cc1COCC=CCOCc1cccc(c1)-c1ccnc(n1)N2,[18*]COCC=CCOCc1cc(Nc2nccc([22*])n2)ccc1OCCCl,[17*]c1cccc([24*])c1,18,6,25,6,17,23,17;24,largest_ring_two_bond_fragmentation
FRAG_3131b78f36,JAK2_16664f4335,ClCCOc1ccc2cc1COCC=CCOCc1cccc(c1)-c1ccnc(n1)N2,[18*]COCC=CCOCc1cc(N[28*])ccc1OCCCl,[17*]c1cccc(-c2ccnc([30*])n2)c1,18,12,19,6,17,29,17;30,largest_ring_two_bond_fragmentation
FRAG_ffb822e2a9,JAK2_16664f4335,ClCCOc1ccc2cc1COCC=CCOCc1cccc(c1)-c1ccnc(n1)N2,[24*]c1cccc(COCC=CCOCc2cc(N[28*])ccc2OCCCl)c1,[22*]c1ccnc([30*])n1,18,6,25,6,23,29,22;30,largest_ring_two_bond_fragmentation
FRAG_bb96a9476d,JAK2_16664f4335,ClCCOc1ccc2cc1COCC=CCOCc1cccc(c1)-c1ccnc(n1)N2,[24*]c1cccc(COCC=CCOCc2cc([30*])ccc2OCCCl)c1,[7*]Nc1nccc([22*])n1,18,7,24,6,23,33,7;22,largest_ring_two_bond_fragmentation
FRAG_c6a25d0654,JAK2_01d8a80836,C1=C/Cn2ccc3ccc(cc32)-c2ccnc(n2)Nc2ccc(OCCN3CCCC3)c(c2)COC/1,[2*]/C=C/COCc1cc(Nc2nccc([9*])n2)ccc1OCCN1CCCC1,[1*]Cn1ccc2ccc([12*])cc21,17,10,26,6,1,11,1;12,largest_ring_two_bond_fragmentation
FRAG_f98edfb4a8,JAK2_01d8a80836,C1=C/Cn2ccc3ccc(cc32)-c2ccnc(n2)Nc2ccc(OCCN3CCCC3)c(c2)COC/1,[1*]Cn1ccc2ccc(-c3ccnc(Nc4ccc(OCCN5CCCC5)c([33*])c4)n3)cc21,[2*]/C=C/COC[31*],17,5,31,0,1,32,2;31,largest_ring_two_bond_fragmentation
FRAG_06190beda6,JAK2_01d8a80836,C1=C/Cn2ccc3ccc(cc32)-c2ccnc(n2)Nc2ccc(OCCN3CCCC3)c(c2)COC/1,[1*]Cn1ccc2ccc(-c3ccnc(Nc4ccc(OCCN5CCCC5)c(C[34*])c4)n3)cc21,[2*]/C=C/CO[33*],17,4,32,0,1,33,2;33,largest_ring_two_bond_fragmentation
FRAG_f33ced7b01,JAK2_01d8a80836,C1=C/Cn2ccc3ccc(cc32)-c2ccnc(n2)Nc2ccc(OCCN3CCCC3)c(c2)COC/1,[1*]Cn1ccc2ccc(-c3ccnc(Nc4ccc(OCCN5CCCC5)c(CO[35*])c4)n3)cc21,[2*]/C=C/C[34*],17,3,33,0,1,34,2;34,largest_ring_two_bond_fragmentation
FRAG_869c1072ac,JAK2_01d8a80836,C1=C/Cn2ccc3ccc(cc32)-c2ccnc(n2)Nc2ccc(OCCN3CCCC3)c(c2)COC/1,[3*]C/C=C/COCc1cc(Nc2nccc([9*])n2)ccc1OCCN1CCCC1,[2*]n1ccc2ccc([12*])cc21,17,9,27,6,2,11,2;12,largest_ring_two_bond_fragmentation
FRAG_f052a18157,JAK2_01d8a80836,C1=C/Cn2ccc3ccc(cc32)-c2ccnc(n2)Nc2ccc(OCCN3CCCC3)c(c2)COC/1,[2*]n1ccc2ccc(-c3ccnc(Nc4ccc(OCCN5CCCC5)c([33*])c4)n3)cc21,[3*]C/C=C/COC[31*],17,6,30,0,2,32,3;31,largest_ring_two_bond_fragmentation
FRAG_0c9e0e58d6,JAK2_01d8a80836,C1=C/Cn2ccc3ccc(cc32)-c2ccnc(n2)Nc2ccc(OCCN3CCCC3)c(c2)COC/1,[2*]n1ccc2ccc(-c3ccnc(Nc4ccc(OCCN5CCCC5)c(C[34*])c4)n3)cc21,[3*]C/C=C/CO[33*],17,5,31,0,2,33,3;33,largest_ring_two_bond_fragmentation
FRAG_bd8f101abc,JAK2_01d8a80836,C1=C/Cn2ccc3ccc(cc32)-c2ccnc(n2)Nc2ccc(OCCN3CCCC3)c(c2)COC/1,[2*]n1ccc2ccc(-c3ccnc(Nc4ccc(OCCN5CCCC5)c(CO[35*])c4)n3)cc21,[3*]C/C=C/C[34*],17,4,32,0,2,34,3;34,largest_ring_two_bond_fragmentation
FRAG_622dca5edc,JAK2_01d8a80836,C1=C/Cn2ccc3ccc(cc32)-c2ccnc(n2)Nc2ccc(OCCN3CCCC3)c(c2)COC/1,*COCc1cc(Nc2nccc(-c3ccc4ccn([2*])c4c3)n2)ccc1OCCN1CCCC1,[3*]C/C=C/[35*],17,3,33,0,2,35,3;35,largest_ring_two_bond_fragmentation
FRAG_c51bea31cf,JAK2_01d8a80836,C1=C/Cn2ccc3ccc(cc32)-c2ccnc(n2)Nc2ccc(OCCN3CCCC3)c(c2)COC/1,[12*]c1ccc2ccn(C/C=C/COCc3cc(N[16*])ccc3OCCN3CCCC3)c2c1,[9*]c1ccnc([18*])n1,17,6,30,6,11,17,9;18,largest_ring_two_bond_fragmentation
FRAG_5006db3eb3,JAK2_01d8a80836,C1=C/Cn2ccc3ccc(cc32)-c2ccnc(n2)Nc2ccc(OCCN3CCCC3)c(c2)COC/1,[12*]c1ccc2ccn(C/C=C/COCc3cc([18*])ccc3OCCN3CCCC3)c2c1,[9*]c1ccnc(N[19*])n1,17,7,29,6,11,18,9;19,largest_ring_two_bond_fragmentation
FRAG_8761048ef8,JAK2_01d8a80836,C1=C/Cn2ccc3ccc(cc32)-c2ccnc(n2)Nc2ccc(OCCN3CCCC3)c(c2)COC/1,*COCc1cc(Nc2nccc([9*])n2)ccc1OCCN1CCCC1,[12*]c1ccc2ccn(C/C=C/[35*])c2c1,17,12,24,6,11,35,12;35,largest_ring_two_bond_fragmentation
FRAG_b5aa199828,JAK2_01d8a80836,C1=C/Cn2ccc3ccc(cc32)-c2ccnc(n2)Nc2ccc(OCCN3CCCC3)c(c2)COC/1,[33*]c1cc(Nc2nccc(-c3ccc4ccn(C/C=C/[35*])c4c3)n2)ccc1OCCN1CCCC1,*COC[31*],17,3,33,0,32,35,0;31,largest_ring_two_bond_fragmentation
FRAG_80bee25705,JAK2_9ed0e79538,C1=C/COCc2cc(ccc2OCCN2CCCC2)Nc2nccc(n2)-c2cncc(c2)COC/1,[2*]/C=C/COCc1cncc(-c2ccnc(Nc3ccc(OCCN4CCCC4)c([4*])c3)n2)c1,[1*]COC[5*],18,3,32,0,1,4,1;5,largest_ring_two_bond_fragmentation
FRAG_9d431ff353,JAK2_9ed0e79538,C1=C/COCc2cc(ccc2OCCN2CCCC2)Nc2nccc(n2)-c2cncc(c2)COC/1,[1*]COCc1cc(Nc2nccc([26*])n2)ccc1OCCN1CCCC1,[2*]/C=C/COCc1cncc([24*])c1,18,11,24,6,1,25,2;24,largest_ring_two_bond_fragmentation
FRAG_df90420e77,JAK2_9ed0e79538,C1=C/COCc2cc(ccc2OCCN2CCCC2)Nc2nccc(n2)-c2cncc(c2)COC/1,[1*]COCc1cc(Nc2nccc(-c3cncc([32*])c3)n2)ccc1OCCN1CCCC1,[2*]/C=C/COC[30*],18,5,30,0,1,31,2;30,largest_ring_two_bond_fragmentation
FRAG_29c30e36cb,JAK2_9ed0e79538,C1=C/COCc2cc(ccc2OCCN2CCCC2)Nc2nccc(n2)-c2cncc(c2)COC/1,[1*]COCc1cc(Nc2nccc(-c3cncc(C[33*])c3)n2)ccc1OCCN1CCCC1,[2*]/C=C/CO[32*],18,4,31,0,1,32,2;32,largest_ring_two_bond_fragmentation
FRAG_ab527f1d56,JAK2_9ed0e79538,C1=C/COCc2cc(ccc2OCCN2CCCC2)Nc2nccc(n2)-c2cncc(c2)COC/1,[1*]COCc1cc(Nc2nccc(-c3cncc(CO[34*])c3)n2)ccc1OCCN1CCCC1,[2*]/C=C/C[33*],18,3,32,0,1,33,2;33,largest_ring_two_bond_fragmentation
FRAG_f349b36348,JAK2_9ed0e79538,C1=C/COCc2cc(ccc2OCCN2CCCC2)Nc2nccc(n2)-c2cncc(c2)COC/1,[2*]OCc1cc(Nc2nccc([26*])n2)ccc1OCCN1CCCC1,[3*]C/C=C/COCc1cncc([24*])c1,18,12,23,6,2,25,3;24,largest_ring_two_bond_fragmentation
FRAG_7b9fe219ee,JAK2_9ed0e79538,C1=C/COCc2cc(ccc2OCCN2CCCC2)Nc2nccc(n2)-c2cncc(c2)COC/1,[2*]OCc1cc(Nc2nccc(-c3cncc([32*])c3)n2)ccc1OCCN1CCCC1,[3*]C/C=C/COC[30*],18,6,29,0,2,31,3;30,largest_ring_two_bond_fragmentation
FRAG_3a3aa6a76e,JAK2_9ed0e79538,C1=C/COCc2cc(ccc2OCCN2CCCC2)Nc2nccc(n2)-c2cncc(c2)COC/1,[2*]OCc1cc(Nc2nccc(-c3cncc(C[33*])c3)n2)ccc1OCCN1CCCC1,[3*]C/C=C/CO[32*],18,5,30,0,2,32,3;32,largest_ring_two_bond_fragmentation
FRAG_7fb49302fb,JAK2_9ed0e79538,C1=C/COCc2cc(ccc2OCCN2CCCC2)Nc2nccc(n2)-c2cncc(c2)COC/1,[2*]OCc1cc(Nc2nccc(-c3cncc(CO[34*])c3)n2)ccc1OCCN1CCCC1,[3*]C/C=C/C[33*],18,4,31,0,2,33,3;33,largest_ring_two_bond_fragmentation
FRAG_b3e12d3d83,JAK2_9ed0e79538,C1=C/COCc2cc(ccc2OCCN2CCCC2)Nc2nccc(n2)-c2cncc(c2)COC/1,*COCc1cncc(-c2ccnc(Nc3ccc(OCCN4CCCC4)c(CO[2*])c3)n2)c1,[3*]C/C=C/[34*],18,3,32,0,2,34,3;34,largest_ring_two_bond_fragmentation
FRAG_dae2691e6f,JAK2_9ed0e79538,C1=C/COCc2cc(ccc2OCCN2CCCC2)Nc2nccc(n2)-c2cncc(c2)COC/1,[3*]Cc1cc(Nc2nccc(-c3cncc([32*])c3)n2)ccc1OCCN1CCCC1,[4*]OC/C=C/COC[30*],18,7,28,0,3,31,4;30,largest_ring_two_bond_fragmentation
FRAG_63b5b2c999,JAK2_9ed0e79538,C1=C/COCc2cc(ccc2OCCN2CCCC2)Nc2nccc(n2)-c2cncc(c2)COC/1,[3*]Cc1cc(Nc2nccc(-c3cncc(C[33*])c3)n2)ccc1OCCN1CCCC1,[4*]OC/C=C/CO[32*],18,6,29,0,3,32,4;32,largest_ring_two_bond_fragmentation
FRAG_7141953f42,JAK2_9ed0e79538,C1=C/COCc2cc(ccc2OCCN2CCCC2)Nc2nccc(n2)-c2cncc(c2)COC/1,[3*]Cc1cc(Nc2nccc(-c3cncc(CO[34*])c3)n2)ccc1OCCN1CCCC1,[4*]OC/C=C/C[33*],18,5,30,0,3,33,4;33,largest_ring_two_bond_fragmentation
FRAG_a3f710c3ef,JAK2_9ed0e79538,C1=C/COCc2cc(ccc2OCCN2CCCC2)Nc2nccc(n2)-c2cncc(c2)COC/1,*COCc1cncc(-c2ccnc(Nc3ccc(OCCN4CCCC4)c(C[3*])c3)n2)c1,[4*]OC/C=C/[34*],18,4,31,0,3,34,4;34,largest_ring_two_bond_fragmentation
FRAG_d7a4c58ab6,JAK2_9ed0e79538,C1=C/COCc2cc(ccc2OCCN2CCCC2)Nc2nccc(n2)-c2cncc(c2)COC/1,[4*]c1cc(Nc2nccc(-c3cncc([32*])c3)n2)ccc1OCCN1CCCC1,[5*]COC/C=C/COC[30*],18,8,27,0,4,31,5;30,largest_ring_two_bond_fragmentation
FRAG_1d336ef694,JAK2_9ed0e79538,C1=C/COCc2cc(ccc2OCCN2CCCC2)Nc2nccc(n2)-c2cncc(c2)COC/1,[4*]c1cc(Nc2nccc(-c3cncc(C[33*])c3)n2)ccc1OCCN1CCCC1,[5*]COC/C=C/CO[32*],18,7,28,0,4,32,5;32,largest_ring_two_bond_fragmentation
FRAG_d9c6f52644,JAK2_9ed0e79538,C1=C/COCc2cc(ccc2OCCN2CCCC2)Nc2nccc(n2)-c2cncc(c2)COC/1,[4*]c1cc(Nc2nccc(-c3cncc(CO[34*])c3)n2)ccc1OCCN1CCCC1,[5*]COC/C=C/C[33*],18,6,29,0,4,33,5;33,largest_ring_two_bond_fragmentation
FRAG_0098c80993,JAK2_9ed0e79538,C1=C/COCc2cc(ccc2OCCN2CCCC2)Nc2nccc(n2)-c2cncc(c2)COC/1,*COCc1cncc(-c2ccnc(Nc3ccc(OCCN4CCCC4)c([4*])c3)n2)c1,[5*]COC/C=C/[34*],18,5,30,0,4,34,5;34,largest_ring_two_bond_fragmentation
FRAG_40cc74ed59,JAK2_9ed0e79538,C1=C/COCc2cc(ccc2OCCN2CCCC2)Nc2nccc(n2)-c2cncc(c2)COC/1,[19*]c1ccc(OCCN2CCCC2)c(COC/C=C/COCc2cncc([24*])c2)c1,[7*]Nc1nccc([26*])n1,18,7,28,6,18,25,7;26,largest_ring_two_bond_fragmentation
FRAG_e18d505555,JAK2_9ed0e79538,C1=C/COCc2cc(ccc2OCCN2CCCC2)Nc2nccc(n2)-c2cncc(c2)COC/1,[20*]Nc1ccc(OCCN2CCCC2)c(COC/C=C/COCc2cncc([24*])c2)c1,[19*]c1nccc([26*])n1,18,6,29,6,19,25,19;26,largest_ring_two_bond_fragmentation
FRAG_4f6276704a,JAK2_9ed0e79538,C1=C/COCc2cc(ccc2OCCN2CCCC2)Nc2nccc(n2)-c2cncc(c2)COC/1,[20*]Nc1ccc(OCCN2CCCC2)c(COC/C=C/COC[30*])c1,[19*]c1nccc(-c2cncc([32*])c2)n1,18,12,23,6,19,31,19;32,largest_ring_two_bond_fragmentation
FRAG_ff19ee189a,JAK2_9ed0e79538,C1=C/COCc2cc(ccc2OCCN2CCCC2)Nc2nccc(n2)-c2cncc(c2)COC/1,[26*]c1ccnc(Nc2ccc(OCCN3CCCC3)c(COC/C=C/COC[30*])c2)n1,[24*]c1cncc([32*])c1,18,6,29,6,25,31,24;32,largest_ring_two_bond_fragmentation
FRAG_ce13eaba84,JAK2_9ed0e79538,C1=C/COCc2cc(ccc2OCCN2CCCC2)Nc2nccc(n2)-c2cncc(c2)COC/1,[26*]c1ccnc(Nc2ccc(OCCN3CCCC3)c(COC/C=C/CO[32*])c2)n1,[24*]c1cncc(C[33*])c1,18,7,28,6,25,32,24;33,largest_ring_two_bond_fragmentation
FRAG_08d2fed9f0,JAK2_9ed0e79538,C1=C/COCc2cc(ccc2OCCN2CCCC2)Nc2nccc(n2)-c2cncc(c2)COC/1,[26*]c1ccnc(Nc2ccc(OCCN3CCCC3)c(COC/C=C/C[33*])c2)n1,[24*]c1cncc(CO[34*])c1,18,8,27,6,25,33,24;34,largest_ring_two_bond_fragmentation
FRAG_86255afd9b,JAK2_9ed0e79538,C1=C/COCc2cc(ccc2OCCN2CCCC2)Nc2nccc(n2)-c2cncc(c2)COC/1,[26*]c1ccnc(Nc2ccc(OCCN3CCCC3)c(COC/C=C/[34*])c2)n1,*COCc1cncc([24*])c1,18,9,26,6,25,34,0;24,largest_ring_two_bond_fragmentation
FRAG_717aef96b6,JAK2_9ed0e79538,C1=C/COCc2cc(ccc2OCCN2CCCC2)Nc2nccc(n2)-c2cncc(c2)COC/1,[32*]c1cncc(-c2ccnc(Nc3ccc(OCCN4CCCC4)c(COC/C=C/[34*])c3)n2)c1,*COC[30*],18,3,32,0,31,34,0;30,largest_ring_two_bond_fragmentation
FRAG_0f32368185,JAK2_fcc705ef41,CN1C/C=C/COCc2ccc(s2)-c2ccnc(n2)Nc2ccc(OCCN3CCCC3)c(c2)C1,[2*]N(C)Cc1cc(Nc2nccc(-c3ccc(COC[4*])s3)n2)ccc1OCCN1CCCC1,[1*]C/C=C/[5*],18,3,32,0,1,4,1;5,largest_ring_two_bond_fragmentation
FRAG_88d091ac8f,JAK2_fcc705ef41,CN1C/C=C/COCc2ccc(s2)-c2ccnc(n2)Nc2ccc(OCCN3CCCC3)c(c2)C1,[2*]N(C)Cc1cc(Nc2nccc(-c3ccc(CO[5*])s3)n2)ccc1OCCN1CCCC1,[1*]C/C=C/C[6*],18,4,31,0,1,5,1;6,largest_ring_two_bond_fragmentation
FRAG_f94defcd3f,JAK2_fcc705ef41,CN1C/C=C/COCc2ccc(s2)-c2ccnc(n2)Nc2ccc(OCCN3CCCC3)c(c2)C1,[2*]N(C)Cc1cc(Nc2nccc(-c3ccc(C[6*])s3)n2)ccc1OCCN1CCCC1,[1*]C/C=C/CO[7*],18,5,30,0,1,6,1;7,largest_ring_two_bond_fragmentation
FRAG_c9e287d586,JAK2_fcc705ef41,CN1C/C=C/COCc2ccc(s2)-c2ccnc(n2)Nc2ccc(OCCN3CCCC3)c(c2)C1,[2*]N(C)Cc1cc(Nc2nccc(-c3ccc([7*])s3)n2)ccc1OCCN1CCCC1,[1*]C/C=C/COC[8*],18,6,29,0,1,7,1;8,largest_ring_two_bond_fragmentation
FRAG_6a0109647e,JAK2_fcc705ef41,CN1C/C=C/COCc2ccc(s2)-c2ccnc(n2)Nc2ccc(OCCN3CCCC3)c(c2)C1,[2*]N(C)Cc1cc(Nc2nccc([11*])n2)ccc1OCCN1CCCC1,[1*]C/C=C/COCc1ccc([13*])s1,18,11,24,5,1,12,1;13,largest_ring_two_bond_fragmentation
FRAG_281a9c34b5,JAK2_fcc705ef41,CN1C/C=C/COCc2ccc(s2)-c2ccnc(n2)Nc2ccc(OCCN3CCCC3)c(c2)C1,[1*]C/C=C/COCc1ccc(-c2ccnc(Nc3ccc(OCCN4CCCC4)c([34*])c3)n2)s1,[2*]N(C)C[32*],18,3,32,0,1,33,2;32,largest_ring_two_bond_fragmentation
FRAG_a3d6eeca47,JAK2_fcc705ef41,CN1C/C=C/COCc2ccc(s2)-c2ccnc(n2)Nc2ccc(OCCN3CCCC3)c(c2)C1,[3*]CN(C)Cc1cc(Nc2nccc(-c3ccc(CO[5*])s3)n2)ccc1OCCN1CCCC1,[2*]/C=C/C[6*],18,3,32,0,2,5,2;6,largest_ring_two_bond_fragmentation
FRAG_7a26ea72ab,JAK2_fcc705ef41,CN1C/C=C/COCc2ccc(s2)-c2ccnc(n2)Nc2ccc(OCCN3CCCC3)c(c2)C1,[3*]CN(C)Cc1cc(Nc2nccc(-c3ccc(C[6*])s3)n2)ccc1OCCN1CCCC1,[2*]/C=C/CO[7*],18,4,31,0,2,6,2;7,largest_ring_two_bond_fragmentation
FRAG_138616c50b,JAK2_fcc705ef41,CN1C/C=C/COCc2ccc(s2)-c2ccnc(n2)Nc2ccc(OCCN3CCCC3)c(c2)C1,[3*]CN(C)Cc1cc(Nc2nccc(-c3ccc([7*])s3)n2)ccc1OCCN1CCCC1,[2*]/C=C/COC[8*],18,5,30,0,2,7,2;8,largest_ring_two_bond_fragmentation
FRAG_4f979bc3e1,JAK2_fcc705ef41,CN1C/C=C/COCc2ccc(s2)-c2ccnc(n2)Nc2ccc(OCCN3CCCC3)c(c2)C1,[3*]CN(C)Cc1cc(Nc2nccc([11*])n2)ccc1OCCN1CCCC1,[2*]/C=C/COCc1ccc([13*])s1,18,10,25,5,2,12,2;13,largest_ring_two_bond_fragmentation
FRAG_4278f86b04,JAK2_fcc705ef41,CN1C/C=C/COCc2ccc(s2)-c2ccnc(n2)Nc2ccc(OCCN3CCCC3)c(c2)C1,[2*]/C=C/COCc1ccc(-c2ccnc(Nc3ccc(OCCN4CCCC4)c([34*])c3)n2)s1,[3*]CN(C)C[32*],18,4,31,0,2,33,3;32,largest_ring_two_bond_fragmentation
FRAG_cb07bfc65e,JAK2_fcc705ef41,CN1C/C=C/COCc2ccc(s2)-c2ccnc(n2)Nc2ccc(OCCN3CCCC3)c(c2)C1,[1*]Cc1cc(Nc2nccc(-c3ccc(COC/C=C/[2*])s3)n2)ccc1OCCN1CCCC1,[3*]CN([34*])C,18,3,32,0,2,34,3;34,largest_ring_two_bond_fragmentation
FRAG_708a0342c2,JAK2_fcc705ef41,CN1C/C=C/COCc2ccc(s2)-c2ccnc(n2)Nc2ccc(OCCN3CCCC3)c(c2)C1,[5*]/C=C/CN(C)Cc1cc(Nc2nccc(-c3ccc([7*])s3)n2)ccc1OCCN1CCCC1,[4*]COC[8*],18,3,32,0,4,7,4;8,largest_ring_two_bond_fragmentation
FRAG_73e14efdc1,JAK2_fcc705ef41,CN1C/C=C/COCc2ccc(s2)-c2ccnc(n2)Nc2ccc(OCCN3CCCC3)c(c2)C1,[5*]/C=C/CN(C)Cc1cc(Nc2nccc([11*])n2)ccc1OCCN1CCCC1,[4*]COCc1ccc([13*])s1,18,8,27,5,4,12,4;13,largest_ring_two_bond_fragmentation
FRAG_eb6056a596,JAK2_fcc705ef41,CN1C/C=C/COCc2ccc(s2)-c2ccnc(n2)Nc2ccc(OCCN3CCCC3)c(c2)C1,[4*]COCc1ccc(-c2ccnc(Nc3ccc(OCCN4CCCC4)c([34*])c3)n2)s1,[5*]/C=C/CN(C)C[32*],18,6,29,0,4,33,5;32,largest_ring_two_bond_fragmentation
FRAG_918673466b,JAK2_fcc705ef41,CN1C/C=C/COCc2ccc(s2)-c2ccnc(n2)Nc2ccc(OCCN3CCCC3)c(c2)C1,[1*]Cc1cc(Nc2nccc(-c3ccc(COC[4*])s3)n2)ccc1OCCN1CCCC1,[5*]/C=C/CN([34*])C,18,5,30,0,4,34,5;34,largest_ring_two_bond_fragmentation
FRAG_10b58fa5fe,JAK2_fcc705ef41,CN1C/C=C/COCc2ccc(s2)-c2ccnc(n2)Nc2ccc(OCCN3CCCC3)c(c2)C1,[6*]C/C=C/CN(C)Cc1cc(Nc2nccc([11*])n2)ccc1OCCN1CCCC1,[5*]OCc1ccc([13*])s1,18,7,28,5,5,12,5;13,largest_ring_two_bond_fragmentation
FRAG_f1d7aa8060,JAK2_fcc705ef41,CN1C/C=C/COCc2ccc(s2)-c2ccnc(n2)Nc2ccc(OCCN3CCCC3)c(c2)C1,[5*]OCc1ccc(-c2ccnc(Nc3ccc(OCCN4CCCC4)c([34*])c3)n2)s1,[6*]C/C=C/CN(C)C[32*],18,7,28,0,5,33,6;32,largest_ring_two_bond_fragmentation
FRAG_8dfd9a32b2,JAK2_fcc705ef41,CN1C/C=C/COCc2ccc(s2)-c2ccnc(n2)Nc2ccc(OCCN3CCCC3)c(c2)C1,[1*]Cc1cc(Nc2nccc(-c3ccc(CO[5*])s3)n2)ccc1OCCN1CCCC1,[6*]C/C=C/CN([34*])C,18,6,29,0,5,34,6;34,largest_ring_two_bond_fragmentation
FRAG_bfe5ae45d0,JAK2_fcc705ef41,CN1C/C=C/COCc2ccc(s2)-c2ccnc(n2)Nc2ccc(OCCN3CCCC3)c(c2)C1,[7*]OC/C=C/CN(C)Cc1cc(Nc2nccc([11*])n2)ccc1OCCN1CCCC1,[6*]Cc1ccc([13*])s1,18,6,29,5,6,12,6;13,largest_ring_two_bond_fragmentation
FRAG_1ea28b2fde,JAK2_fcc705ef41,CN1C/C=C/COCc2ccc(s2)-c2ccnc(n2)Nc2ccc(OCCN3CCCC3)c(c2)C1,[7*]OC/C=C/CN(C)Cc1cc(N[17*])ccc1OCCN1CCCC1,[6*]Cc1ccc(-c2ccnc([19*])n2)s1,18,12,23,6,6,18,6;19,largest_ring_two_bond_fragmentation
FRAG_d14362988b,JAK2_fcc705ef41,CN1C/C=C/COCc2ccc(s2)-c2ccnc(n2)Nc2ccc(OCCN3CCCC3)c(c2)C1,[6*]Cc1ccc(-c2ccnc(Nc3ccc(OCCN4CCCC4)c([34*])c3)n2)s1,[7*]OC/C=C/CN(C)C[32*],18,8,27,0,6,33,7;32,largest_ring_two_bond_fragmentation
FRAG_5d44c2d82b,JAK2_fcc705ef41,CN1C/C=C/COCc2ccc(s2)-c2ccnc(n2)Nc2ccc(OCCN3CCCC3)c(c2)C1,[1*]Cc1cc(Nc2nccc(-c3ccc(C[6*])s3)n2)ccc1OCCN1CCCC1,[7*]OC/C=C/CN([34*])C,18,7,28,0,6,34,7;34,largest_ring_two_bond_fragmentation
FRAG_0ca379daab,JAK2_fcc705ef41,CN1C/C=C/COCc2ccc(s2)-c2ccnc(n2)Nc2ccc(OCCN3CCCC3)c(c2)C1,[8*]COC/C=C/CN(C)Cc1cc(Nc2nccc([11*])n2)ccc1OCCN1CCCC1,[7*]c1ccc([13*])s1,18,5,30,5,7,12,7;13,largest_ring_two_bond_fragmentation
FRAG_967ef8e169,JAK2_fcc705ef41,CN1C/C=C/COCc2ccc(s2)-c2ccnc(n2)Nc2ccc(OCCN3CCCC3)c(c2)C1,[8*]COC/C=C/CN(C)Cc1cc(N[17*])ccc1OCCN1CCCC1,[7*]c1ccc(-c2ccnc([19*])n2)s1,18,11,24,6,7,18,7;19,largest_ring_two_bond_fragmentation
FRAG_34b91d2de8,JAK2_fcc705ef41,CN1C/C=C/COCc2ccc(s2)-c2ccnc(n2)Nc2ccc(OCCN3CCCC3)c(c2)C1,[8*]COC/C=C/CN(C)Cc1cc([19*])ccc1OCCN1CCCC1,[7*]c1ccc(-c2ccnc(N[20*])n2)s1,18,12,23,6,7,19,7;20,largest_ring_two_bond_fragmentation
FRAG_ac78be9988,JAK2_fcc705ef41,CN1C/C=C/COCc2ccc(s2)-c2ccnc(n2)Nc2ccc(OCCN3CCCC3)c(c2)C1,[7*]c1ccc(-c2ccnc(Nc3ccc(OCCN4CCCC4)c([34*])c3)n2)s1,[8*]COC/C=C/CN(C)C[32*],18,9,26,0,7,33,8;32,largest_ring_two_bond_fragmentation
FRAG_792dc7893e,JAK2_fcc705ef41,CN1C/C=C/COCc2ccc(s2)-c2ccnc(n2)Nc2ccc(OCCN3CCCC3)c(c2)C1,[1*]Cc1cc(Nc2nccc(-c3ccc([7*])s3)n2)ccc1OCCN1CCCC1,[8*]COC/C=C/CN([34*])C,18,8,27,0,7,34,8;34,largest_ring_two_bond_fragmentation
FRAG_8dd1858cc0,JAK2_fcc705ef41,CN1C/C=C/COCc2ccc(s2)-c2ccnc(n2)Nc2ccc(OCCN3CCCC3)c(c2)C1,[13*]c1ccc(COC/C=C/CN(C)Cc2cc(N[17*])ccc2OCCN2CCCC2)s1,[11*]c1ccnc([19*])n1,18,6,29,6,12,18,11;19,largest_ring_two_bond_fragmentation
FRAG_6722acc954,JAK2_fcc705ef41,CN1C/C=C/COCc2ccc(s2)-c2ccnc(n2)Nc2ccc(OCCN3CCCC3)c(c2)C1,[13*]c1ccc(COC/C=C/CN(C)Cc2cc([19*])ccc2OCCN2CCCC2)s1,[11*]c1ccnc(N[20*])n1,18,7,28,6,12,19,11;20,largest_ring_two_bond_fragmentation
FRAG_bb86d015a5,JAK2_8d7410b68f,C1=C/COCc2cc(ccc2OCCN2CCCC2)Nc2nccc(n2)-c2ccc(o2)COC/1,[2*]/C=C/COCc1ccc(-c2ccnc(Nc3ccc(OCCN4CCCC4)c([4*])c3)n2)o1,[1*]COC[5*],18,3,31,0,1,4,1;5,largest_ring_two_bond_fragmentation
FRAG_80667f0432,JAK2_8d7410b68f,C1=C/COCc2cc(ccc2OCCN2CCCC2)Nc2nccc(n2)-c2ccc(o2)COC/1,[1*]COCc1cc(Nc2nccc([26*])n2)ccc1OCCN1CCCC1,[2*]/C=C/COCc1ccc([24*])o1,18,10,24,5,1,25,2;24,largest_ring_two_bond_fragmentation
FRAG_d4820b0c7d,JAK2_8d7410b68f,C1=C/COCc2cc(ccc2OCCN2CCCC2)Nc2nccc(n2)-c2ccc(o2)COC/1,[1*]COCc1cc(Nc2nccc(-c3ccc([31*])o3)n2)ccc1OCCN1CCCC1,[2*]/C=C/COC[29*],18,5,29,0,1,30,2;29,largest_ring_two_bond_fragmentation
FRAG_39dbea7941,JAK2_8d7410b68f,C1=C/COCc2cc(ccc2OCCN2CCCC2)Nc2nccc(n2)-c2ccc(o2)COC/1,[1*]COCc1cc(Nc2nccc(-c3ccc(C[32*])o3)n2)ccc1OCCN1CCCC1,[2*]/C=C/CO[31*],18,4,30,0,1,31,2;31,largest_ring_two_bond_fragmentation
FRAG_502f83cd05,JAK2_8d7410b68f,C1=C/COCc2cc(ccc2OCCN2CCCC2)Nc2nccc(n2)-c2ccc(o2)COC/1,[1*]COCc1cc(Nc2nccc(-c3ccc(CO[33*])o3)n2)ccc1OCCN1CCCC1,[2*]/C=C/C[32*],18,3,31,0,1,32,2;32,largest_ring_two_bond_fragmentation
FRAG_e122e9357a,JAK2_8d7410b68f,C1=C/COCc2cc(ccc2OCCN2CCCC2)Nc2nccc(n2)-c2ccc(o2)COC/1,[2*]OCc1cc(Nc2nccc([26*])n2)ccc1OCCN1CCCC1,[3*]C/C=C/COCc1ccc([24*])o1,18,11,23,5,2,25,3;24,largest_ring_two_bond_fragmentation
FRAG_eee24726ed,JAK2_8d7410b68f,C1=C/COCc2cc(ccc2OCCN2CCCC2)Nc2nccc(n2)-c2ccc(o2)COC/1,[2*]OCc1cc(Nc2nccc(-c3ccc([31*])o3)n2)ccc1OCCN1CCCC1,[3*]C/C=C/COC[29*],18,6,28,0,2,30,3;29,largest_ring_two_bond_fragmentation
FRAG_2aed30ecc4,JAK2_8d7410b68f,C1=C/COCc2cc(ccc2OCCN2CCCC2)Nc2nccc(n2)-c2ccc(o2)COC/1,[2*]OCc1cc(Nc2nccc(-c3ccc(C[32*])o3)n2)ccc1OCCN1CCCC1,[3*]C/C=C/CO[31*],18,5,29,0,2,31,3;31,largest_ring_two_bond_fragmentation
FRAG_b21bdf284d,JAK2_8d7410b68f,C1=C/COCc2cc(ccc2OCCN2CCCC2)Nc2nccc(n2)-c2ccc(o2)COC/1,[2*]OCc1cc(Nc2nccc(-c3ccc(CO[33*])o3)n2)ccc1OCCN1CCCC1,[3*]C/C=C/C[32*],18,4,30,0,2,32,3;32,largest_ring_two_bond_fragmentation
FRAG_1d50f09d1c,JAK2_8d7410b68f,C1=C/COCc2cc(ccc2OCCN2CCCC2)Nc2nccc(n2)-c2ccc(o2)COC/1,*COCc1ccc(-c2ccnc(Nc3ccc(OCCN4CCCC4)c(CO[2*])c3)n2)o1,[3*]C/C=C/[33*],18,3,31,0,2,33,3;33,largest_ring_two_bond_fragmentation
FRAG_be6d6cb562,JAK2_8d7410b68f,C1=C/COCc2cc(ccc2OCCN2CCCC2)Nc2nccc(n2)-c2ccc(o2)COC/1,[3*]Cc1cc(Nc2nccc([26*])n2)ccc1OCCN1CCCC1,[4*]OC/C=C/COCc1ccc([24*])o1,18,12,22,5,3,25,4;24,largest_ring_two_bond_fragmentation
FRAG_22f52c15bb,JAK2_8d7410b68f,C1=C/COCc2cc(ccc2OCCN2CCCC2)Nc2nccc(n2)-c2ccc(o2)COC/1,[3*]Cc1cc(Nc2nccc(-c3ccc([31*])o3)n2)ccc1OCCN1CCCC1,[4*]OC/C=C/COC[29*],18,7,27,0,3,30,4;29,largest_ring_two_bond_fragmentation
FRAG_9a3da1e7f4,JAK2_8d7410b68f,C1=C/COCc2cc(ccc2OCCN2CCCC2)Nc2nccc(n2)-c2ccc(o2)COC/1,[3*]Cc1cc(Nc2nccc(-c3ccc(C[32*])o3)n2)ccc1OCCN1CCCC1,[4*]OC/C=C/CO[31*],18,6,28,0,3,31,4;31,largest_ring_two_bond_fragmentation
FRAG_56bf35db2b,JAK2_8d7410b68f,C1=C/COCc2cc(ccc2OCCN2CCCC2)Nc2nccc(n2)-c2ccc(o2)COC/1,[3*]Cc1cc(Nc2nccc(-c3ccc(CO[33*])o3)n2)ccc1OCCN1CCCC1,[4*]OC/C=C/C[32*],18,5,29,0,3,32,4;32,largest_ring_two_bond_fragmentation
FRAG_cded408c5f,JAK2_8d7410b68f,C1=C/COCc2cc(ccc2OCCN2CCCC2)Nc2nccc(n2)-c2ccc(o2)COC/1,*COCc1ccc(-c2ccnc(Nc3ccc(OCCN4CCCC4)c(C[3*])c3)n2)o1,[4*]OC/C=C/[33*],18,4,30,0,3,33,4;33,largest_ring_two_bond_fragmentation
FRAG_21152449fd,JAK2_8d7410b68f,C1=C/COCc2cc(ccc2OCCN2CCCC2)Nc2nccc(n2)-c2ccc(o2)COC/1,[4*]c1cc(Nc2nccc(-c3ccc([31*])o3)n2)ccc1OCCN1CCCC1,[5*]COC/C=C/COC[29*],18,8,26,0,4,30,5;29,largest_ring_two_bond_fragmentation
FRAG_b7af29a0eb,JAK2_8d7410b68f,C1=C/COCc2cc(ccc2OCCN2CCCC2)Nc2nccc(n2)-c2ccc(o2)COC/1,[4*]c1cc(Nc2nccc(-c3ccc(C[32*])o3)n2)ccc1OCCN1CCCC1,[5*]COC/C=C/CO[31*],18,7,27,0,4,31,5;31,largest_ring_two_bond_fragmentation
FRAG_a3e40f22e0,JAK2_8d7410b68f,C1=C/COCc2cc(ccc2OCCN2CCCC2)Nc2nccc(n2)-c2ccc(o2)COC/1,[4*]c1cc(Nc2nccc(-c3ccc(CO[33*])o3)n2)ccc1OCCN1CCCC1,[5*]COC/C=C/C[32*],18,6,28,0,4,32,5;32,largest_ring_two_bond_fragmentation
FRAG_af7253c6fb,JAK2_8d7410b68f,C1=C/COCc2cc(ccc2OCCN2CCCC2)Nc2nccc(n2)-c2ccc(o2)COC/1,*COCc1ccc(-c2ccnc(Nc3ccc(OCCN4CCCC4)c([4*])c3)n2)o1,[5*]COC/C=C/[33*],18,5,29,0,4,33,5;33,largest_ring_two_bond_fragmentation
FRAG_b7a32c2e41,JAK2_8d7410b68f,C1=C/COCc2cc(ccc2OCCN2CCCC2)Nc2nccc(n2)-c2ccc(o2)COC/1,[19*]c1ccc(OCCN2CCCC2)c(COC/C=C/COCc2ccc([24*])o2)c1,[7*]Nc1nccc([26*])n1,18,7,27,6,18,25,7;26,largest_ring_two_bond_fragmentation
FRAG_d8e2b94ec9,JAK2_8d7410b68f,C1=C/COCc2cc(ccc2OCCN2CCCC2)Nc2nccc(n2)-c2ccc(o2)COC/1,[19*]c1ccc(OCCN2CCCC2)c(COC/C=C/COC[29*])c1,[7*]Nc1nccc(-c2ccc([31*])o2)n1,18,12,22,6,18,30,7;31,largest_ring_two_bond_fragmentation
FRAG_60ff7e76cf,JAK2_8d7410b68f,C1=C/COCc2cc(ccc2OCCN2CCCC2)Nc2nccc(n2)-c2ccc(o2)COC/1,[20*]Nc1ccc(OCCN2CCCC2)c(COC/C=C/COCc2ccc([24*])o2)c1,[19*]c1nccc([26*])n1,18,6,28,6,19,25,19;26,largest_ring_two_bond_fragmentation
FRAG_29911345e7,JAK2_8d7410b68f,C1=C/COCc2cc(ccc2OCCN2CCCC2)Nc2nccc(n2)-c2ccc(o2)COC/1,[20*]Nc1ccc(OCCN2CCCC2)c(COC/C=C/COC[29*])c1,[19*]c1nccc(-c2ccc([31*])o2)n1,18,11,23,6,19,30,19;31,largest_ring_two_bond_fragmentation
FRAG_e9b5176931,JAK2_8d7410b68f,C1=C/COCc2cc(ccc2OCCN2CCCC2)Nc2nccc(n2)-c2ccc(o2)COC/1,[20*]Nc1ccc(OCCN2CCCC2)c(COC/C=C/CO[31*])c1,[19*]c1nccc(-c2ccc(C[32*])o2)n1,18,12,22,6,19,31,19;32,largest_ring_two_bond_fragmentation
FRAG_4181d60c74,JAK2_8d7410b68f,C1=C/COCc2cc(ccc2OCCN2CCCC2)Nc2nccc(n2)-c2ccc(o2)COC/1,[26*]c1ccnc(Nc2ccc(OCCN3CCCC3)c(COC/C=C/COC[29*])c2)n1,[24*]c1ccc([31*])o1,18,5,29,5,25,30,24;31,largest_ring_two_bond_fragmentation
FRAG_041efa05f1,JAK2_8d7410b68f,C1=C/COCc2cc(ccc2OCCN2CCCC2)Nc2nccc(n2)-c2ccc(o2)COC/1,[26*]c1ccnc(Nc2ccc(OCCN3CCCC3)c(COC/C=C/CO[31*])c2)n1,[24*]c1ccc(C[32*])o1,18,6,28,5,25,31,24;32,largest_ring_two_bond_fragmentation
FRAG_71728d3fc2,JAK2_8d7410b68f,C1=C/COCc2cc(ccc2OCCN2CCCC2)Nc2nccc(n2)-c2ccc(o2)COC/1,[26*]c1ccnc(Nc2ccc(OCCN3CCCC3)c(COC/C=C/C[32*])c2)n1,[24*]c1ccc(CO[33*])o1,18,7,27,5,25,32,24;33,largest_ring_two_bond_fragmentation
FRAG_6a8cd90dfe,JAK2_8d7410b68f,C1=C/COCc2cc(ccc2OCCN2CCCC2)Nc2nccc(n2)-c2ccc(o2)COC/1,[26*]c1ccnc(Nc2ccc(OCCN3CCCC3)c(COC/C=C/[33*])c2)n1,*COCc1ccc([24*])o1,18,8,26,5,25,33,0;24,largest_ring_two_bond_fragmentation
FRAG_02ccf43a46,JAK2_8d7410b68f,C1=C/COCc2cc(ccc2OCCN2CCCC2)Nc2nccc(n2)-c2ccc(o2)COC/1,[31*]c1ccc(-c2ccnc(Nc3ccc(OCCN4CCCC4)c(COC/C=C/[33*])c3)n2)o1,*COC[29*],18,3,31,0,30,33,0;29,largest_ring_two_bond_fragmentation
FRAG_4fcde710f4,JAK2_5f2f4ef7ea,COc1cc2cc(c1OCCN1CCCC1)COCC=CCOCc1cccc(c1)-c1ccnc(n1)N2,[16*]c1cc(Nc2nccc(-c3cccc(COCC=C[18*])c3)n2)cc(OC)c1OCCN1CCCC1,[6*]COC[19*],18,3,34,0,15,18,6;19,largest_ring_two_bond_fragmentation
FRAG_8bc7b92b5a,JAK2_5f2f4ef7ea,COc1cc2cc(c1OCCN1CCCC1)COCC=CCOCc1cccc(c1)-c1ccnc(n1)N2,[16*]c1cc(Nc2nccc(-c3cccc(COC[20*])c3)n2)cc(OC)c1OCCN1CCCC1,[6*]COCC=C[21*],18,5,32,0,15,20,6;21,largest_ring_two_bond_fragmentation
FRAG_99bc7ea468,JAK2_5f2f4ef7ea,COc1cc2cc(c1OCCN1CCCC1)COCC=CCOCc1cccc(c1)-c1ccnc(n1)N2,[16*]c1cc(Nc2nccc(-c3cccc(CO[21*])c3)n2)cc(OC)c1OCCN1CCCC1,[6*]COCC=CC[22*],18,6,31,0,15,21,6;22,largest_ring_two_bond_fragmentation
FRAG_c24a5a270b,JAK2_5f2f4ef7ea,COc1cc2cc(c1OCCN1CCCC1)COCC=CCOCc1cccc(c1)-c1ccnc(n1)N2,[16*]c1cc(Nc2nccc(-c3cccc(C[22*])c3)n2)cc(OC)c1OCCN1CCCC1,[6*]COCC=CCO[23*],18,7,30,0,15,22,6;23,largest_ring_two_bond_fragmentation
FRAG_c1e3da6b27,JAK2_5f2f4ef7ea,COc1cc2cc(c1OCCN1CCCC1)COCC=CCOCc1cccc(c1)-c1ccnc(n1)N2,[16*]c1cc(Nc2nccc(-c3cccc([23*])c3)n2)cc(OC)c1OCCN1CCCC1,[6*]COCC=CCOC[24*],18,8,29,0,15,23,6;24,largest_ring_two_bond_fragmentation
FRAG_329fd516b9,JAK2_5f2f4ef7ea,COc1cc2cc(c1OCCN1CCCC1)COCC=CCOCc1cccc(c1)-c1ccnc(n1)N2,[17*]Cc1cc(Nc2nccc(-c3cccc(COC[20*])c3)n2)cc(OC)c1OCCN1CCCC1,[16*]OCC=C[21*],18,4,33,0,16,20,16;21,largest_ring_two_bond_fragmentation
FRAG_5482709493,JAK2_5f2f4ef7ea,COc1cc2cc(c1OCCN1CCCC1)COCC=CCOCc1cccc(c1)-c1ccnc(n1)N2,[17*]Cc1cc(Nc2nccc(-c3cccc(CO[21*])c3)n2)cc(OC)c1OCCN1CCCC1,[16*]OCC=CC[22*],18,5,32,0,16,21,16;22,largest_ring_two_bond_fragmentation
FRAG_90eaedd21b,JAK2_5f2f4ef7ea,COc1cc2cc(c1OCCN1CCCC1)COCC=CCOCc1cccc(c1)-c1ccnc(n1)N2,[17*]Cc1cc(Nc2nccc(-c3cccc(C[22*])c3)n2)cc(OC)c1OCCN1CCCC1,[16*]OCC=CCO[23*],18,6,31,0,16,22,16;23,largest_ring_two_bond_fragmentation
FRAG_5d77b41375,JAK2_5f2f4ef7ea,COc1cc2cc(c1OCCN1CCCC1)COCC=CCOCc1cccc(c1)-c1ccnc(n1)N2,[17*]Cc1cc(Nc2nccc(-c3cccc([23*])c3)n2)cc(OC)c1OCCN1CCCC1,[16*]OCC=CCOC[24*],18,7,30,0,16,23,16;24,largest_ring_two_bond_fragmentation
FRAG_bc05767a5d,JAK2_5f2f4ef7ea,COc1cc2cc(c1OCCN1CCCC1)COCC=CCOCc1cccc(c1)-c1ccnc(n1)N2,[18*]OCc1cc(Nc2nccc(-c3cccc(COC[20*])c3)n2)cc(OC)c1OCCN1CCCC1,[17*]CC=C[21*],18,3,34,0,17,20,17;21,largest_ring_two_bond_fragmentation
FRAG_483ed9240f,JAK2_5f2f4ef7ea,COc1cc2cc(c1OCCN1CCCC1)COCC=CCOCc1cccc(c1)-c1ccnc(n1)N2,[18*]OCc1cc(Nc2nccc(-c3cccc(CO[21*])c3)n2)cc(OC)c1OCCN1CCCC1,[17*]CC=CC[22*],18,4,33,0,17,21,17;22,largest_ring_two_bond_fragmentation
FRAG_27004e736c,JAK2_5f2f4ef7ea,COc1cc2cc(c1OCCN1CCCC1)COCC=CCOCc1cccc(c1)-c1ccnc(n1)N2,[18*]OCc1cc(Nc2nccc(-c3cccc(C[22*])c3)n2)cc(OC)c1OCCN1CCCC1,[17*]CC=CCO[23*],18,5,32,0,17,22,17;23,largest_ring_two_bond_fragmentation
FRAG_4276ffad18,JAK2_5f2f4ef7ea,COc1cc2cc(c1OCCN1CCCC1)COCC=CCOCc1cccc(c1)-c1ccnc(n1)N2,[18*]OCc1cc(Nc2nccc(-c3cccc([23*])c3)n2)cc(OC)c1OCCN1CCCC1,[17*]CC=CCOC[24*],18,6,31,0,17,23,17;24,largest_ring_two_bond_fragmentation
FRAG_7e4d0b94c2,JAK2_5f2f4ef7ea,COc1cc2cc(c1OCCN1CCCC1)COCC=CCOCc1cccc(c1)-c1ccnc(n1)N2,[18*]OCc1cc(Nc2nccc([28*])n2)cc(OC)c1OCCN1CCCC1,[17*]CC=CCOCc1cccc([30*])c1,18,12,25,6,17,29,17;30,largest_ring_two_bond_fragmentation
FRAG_d3897ff306,JAK2_5f2f4ef7ea,COc1cc2cc(c1OCCN1CCCC1)COCC=CCOCc1cccc(c1)-c1ccnc(n1)N2,[19*]COCc1cc(Nc2nccc(-c3cccc(CO[21*])c3)n2)cc(OC)c1OCCN1CCCC1,[18*]C=CC[22*],18,3,34,0,18,21,18;22,largest_ring_two_bond_fragmentation
FRAG_c70aee9880,JAK2_5f2f4ef7ea,COc1cc2cc(c1OCCN1CCCC1)COCC=CCOCc1cccc(c1)-c1ccnc(n1)N2,[19*]COCc1cc(Nc2nccc(-c3cccc(C[22*])c3)n2)cc(OC)c1OCCN1CCCC1,[18*]C=CCO[23*],18,4,33,0,18,22,18;23,largest_ring_two_bond_fragmentation
FRAG_6a75c516c0,JAK2_5f2f4ef7ea,COc1cc2cc(c1OCCN1CCCC1)COCC=CCOCc1cccc(c1)-c1ccnc(n1)N2,[19*]COCc1cc(Nc2nccc(-c3cccc([23*])c3)n2)cc(OC)c1OCCN1CCCC1,[18*]C=CCOC[24*],18,5,32,0,18,23,18;24,largest_ring_two_bond_fragmentation
FRAG_33d2d627e5,JAK2_5f2f4ef7ea,COc1cc2cc(c1OCCN1CCCC1)COCC=CCOCc1cccc(c1)-c1ccnc(n1)N2,[19*]COCc1cc(Nc2nccc([28*])n2)cc(OC)c1OCCN1CCCC1,[18*]C=CCOCc1cccc([30*])c1,18,11,26,6,18,29,18;30,largest_ring_two_bond_fragmentation
FRAG_2bf9909dbf,JAK2_5f2f4ef7ea,COc1cc2cc(c1OCCN1CCCC1)COCC=CCOCc1cccc(c1)-c1ccnc(n1)N2,[21*]C=CCOCc1cc(Nc2nccc(-c3cccc([23*])c3)n2)cc(OC)c1OCCN1CCCC1,[20*]COC[24*],18,3,34,0,20,23,20;24,largest_ring_two_bond_fragmentation
FRAG_5a3ffd19f7,JAK2_5f2f4ef7ea,COc1cc2cc(c1OCCN1CCCC1)COCC=CCOCc1cccc(c1)-c1ccnc(n1)N2,[21*]C=CCOCc1cc(Nc2nccc([28*])n2)cc(OC)c1OCCN1CCCC1,[20*]COCc1cccc([30*])c1,18,9,28,6,20,29,20;30,largest_ring_two_bond_fragmentation
FRAG_3b1604df4b,JAK2_5f2f4ef7ea,COc1cc2cc(c1OCCN1CCCC1)COCC=CCOCc1cccc(c1)-c1ccnc(n1)N2,[22*]CC=CCOCc1cc(Nc2nccc([28*])n2)cc(OC)c1OCCN1CCCC1,[21*]OCc1cccc([30*])c1,18,8,29,6,21,29,21;30,largest_ring_two_bond_fragmentation
FRAG_522ab53973,JAK2_5f2f4ef7ea,COc1cc2cc(c1OCCN1CCCC1)COCC=CCOCc1cccc(c1)-c1ccnc(n1)N2,[23*]OCC=CCOCc1cc(Nc2nccc([28*])n2)cc(OC)c1OCCN1CCCC1,[22*]Cc1cccc([30*])c1,18,7,30,6,22,29,22;30,largest_ring_two_bond_fragmentation
FRAG_a2392fcbd8,JAK2_5f2f4ef7ea,COc1cc2cc(c1OCCN1CCCC1)COCC=CCOCc1cccc(c1)-c1ccnc(n1)N2,[24*]COCC=CCOCc1cc(Nc2nccc([28*])n2)cc(OC)c1OCCN1CCCC1,[23*]c1cccc([30*])c1,18,6,31,6,23,29,23;30,largest_ring_two_bond_fragmentation
FRAG_ab63077c7f,JAK2_5f2f4ef7ea,COc1cc2cc(c1OCCN1CCCC1)COCC=CCOCc1cccc(c1)-c1ccnc(n1)N2,[24*]COCC=CCOCc1cc(N[34*])cc(OC)c1OCCN1CCCC1,[23*]c1cccc(-c2ccnc([36*])n2)c1,18,12,25,6,23,35,23;36,largest_ring_two_bond_fragmentation
FRAG_993da5ec9d,JAK2_5f2f4ef7ea,COc1cc2cc(c1OCCN1CCCC1)COCC=CCOCc1cccc(c1)-c1ccnc(n1)N2,[30*]c1cccc(COCC=CCOCc2cc(N[34*])cc(OC)c2OCCN2CCCC2)c1,[28*]c1ccnc([36*])n1,18,6,31,6,29,35,28;36,largest_ring_two_bond_fragmentation
FRAG_53b88ed2e2,JAK2_5f2f4ef7ea,COc1cc2cc(c1OCCN1CCCC1)COCC=CCOCc1cccc(c1)-c1ccnc(n1)N2,[30*]c1cccc(COCC=CCOCc2cc([36*])cc(OC)c2OCCN2CCCC2)c1,[4*]Nc1nccc([28*])n1,18,7,30,6,29,40,4;28,largest_ring_two_bond_fragmentation
FRAG_741360e27b,JAK2_12286137c9,Cc1cc2nc(n1)Nc1cccc(c1)CN(C)C/C=C/CCOc1cccc-2c1,[7*]c1nc(C)cc(-c2cccc(OCC/C=C/CN(C)C[12*])c2)n1,[5*]Nc1cccc([14*])c1,18,7,22,6,6,13,5;14,largest_ring_two_bond_fragmentation
FRAG_7faeab4074,JAK2_12286137c9,Cc1cc2nc(n1)Nc1cccc(c1)CN(C)C/C=C/CCOc1cccc-2c1,[7*]c1nc(C)cc(-c2cccc(OCC/C=C/CN([14*])C)c2)n1,[5*]Nc1cccc(C[15*])c1,18,8,21,6,6,14,5;15,largest_ring_two_bond_fragmentation
FRAG_98a407dca1,JAK2_12286137c9,Cc1cc2nc(n1)Nc1cccc(c1)CN(C)C/C=C/CCOc1cccc-2c1,[7*]c1nc(C)cc(-c2cccc(OCC/C=C/C[15*])c2)n1,[5*]Nc1cccc(CN([17*])C)c1,18,10,19,6,6,16,5;17,largest_ring_two_bond_fragmentation
FRAG_24c944bd04,JAK2_12286137c9,Cc1cc2nc(n1)Nc1cccc(c1)CN(C)C/C=C/CCOc1cccc-2c1,[7*]c1nc(C)cc(-c2cccc(OCC/C=C/[17*])c2)n1,[5*]Nc1cccc(CN(C)C[18*])c1,18,11,18,6,6,17,5;18,largest_ring_two_bond_fragmentation
FRAG_ab9324edcc,JAK2_12286137c9,Cc1cc2nc(n1)Nc1cccc(c1)CN(C)C/C=C/CCOc1cccc-2c1,[3*]c1cccc(OCC/C=C/CN(C)Cc2cccc(N[5*])c2)c1,[7*]c1nc([27*])cc(C)n1,18,7,22,6,6,31,7;27,largest_ring_two_bond_fragmentation
FRAG_21bfa58e2f,JAK2_12286137c9,Cc1cc2nc(n1)Nc1cccc(c1)CN(C)C/C=C/CCOc1cccc-2c1,[8*]Nc1nc(C)cc(-c2cccc(OCC/C=C/CN(C)C[12*])c2)n1,[7*]c1cccc([14*])c1,18,6,23,6,7,13,7;14,largest_ring_two_bond_fragmentation
FRAG_d1c8d66104,JAK2_12286137c9,Cc1cc2nc(n1)Nc1cccc(c1)CN(C)C/C=C/CCOc1cccc-2c1,[8*]Nc1nc(C)cc(-c2cccc(OCC/C=C/CN([14*])C)c2)n1,[7*]c1cccc(C[15*])c1,18,7,22,6,7,14,7;15,largest_ring_two_bond_fragmentation
FRAG_b2817c2596,JAK2_12286137c9,Cc1cc2nc(n1)Nc1cccc(c1)CN(C)C/C=C/CCOc1cccc-2c1,[8*]Nc1nc(C)cc(-c2cccc(OCC/C=C/C[15*])c2)n1,[7*]c1cccc(CN([17*])C)c1,18,9,20,6,7,16,7;17,largest_ring_two_bond_fragmentation
FRAG_62842274b9,JAK2_12286137c9,Cc1cc2nc(n1)Nc1cccc(c1)CN(C)C/C=C/CCOc1cccc-2c1,[8*]Nc1nc(C)cc(-c2cccc(OCC/C=C/[17*])c2)n1,[7*]c1cccc(CN(C)C[18*])c1,18,10,19,6,7,17,7;18,largest_ring_two_bond_fragmentation
FRAG_57f2282fec,JAK2_12286137c9,Cc1cc2nc(n1)Nc1cccc(c1)CN(C)C/C=C/CCOc1cccc-2c1,[8*]Nc1nc(C)cc(-c2cccc(OCC[19*])c2)n1,[7*]c1cccc(CN(C)C/C=C/[20*])c1,18,12,17,6,7,19,7;20,largest_ring_two_bond_fragmentation
FRAG_04c7f353cf,JAK2_12286137c9,Cc1cc2nc(n1)Nc1cccc(c1)CN(C)C/C=C/CCOc1cccc-2c1,[3*]c1cccc(OCC/C=C/CN(C)Cc2cccc([7*])c2)c1,[8*]Nc1nc([27*])cc(C)n1,18,8,21,6,7,31,8;27,largest_ring_two_bond_fragmentation
FRAG_c8e24cbcca,JAK2_12286137c9,Cc1cc2nc(n1)Nc1cccc(c1)CN(C)C/C=C/CCOc1cccc-2c1,[14*]c1cccc(Nc2nc(C)cc(-c3cccc(OCC/C=C/C[15*])c3)n2)c1,[12*]CN([17*])C,18,3,26,0,13,16,12;17,largest_ring_two_bond_fragmentation
FRAG_afa0ab044c,JAK2_12286137c9,Cc1cc2nc(n1)Nc1cccc(c1)CN(C)C/C=C/CCOc1cccc-2c1,[14*]c1cccc(Nc2nc(C)cc(-c3cccc(OCC/C=C/[17*])c3)n2)c1,[12*]CN(C)C[18*],18,4,25,0,13,17,12;18,largest_ring_two_bond_fragmentation
FRAG_f824fa866a,JAK2_12286137c9,Cc1cc2nc(n1)Nc1cccc(c1)CN(C)C/C=C/CCOc1cccc-2c1,[14*]c1cccc(Nc2nc(C)cc(-c3cccc(OCC[19*])c3)n2)c1,[12*]CN(C)C/C=C/[20*],18,6,23,0,13,19,12;20,largest_ring_two_bond_fragmentation
FRAG_5e365e857b,JAK2_12286137c9,Cc1cc2nc(n1)Nc1cccc(c1)CN(C)C/C=C/CCOc1cccc-2c1,[14*]c1cccc(Nc2nc(C)cc(-c3cccc(OC[20*])c3)n2)c1,[12*]CN(C)C/C=C/C[21*],18,7,22,0,13,20,12;21,largest_ring_two_bond_fragmentation
FRAG_e4e2e2fee3,JAK2_12286137c9,Cc1cc2nc(n1)Nc1cccc(c1)CN(C)C/C=C/CCOc1cccc-2c1,[14*]c1cccc(Nc2nc(C)cc(-c3cccc(O[21*])c3)n2)c1,[12*]CN(C)C/C=C/CC[22*],18,8,21,0,13,21,12;22,largest_ring_two_bond_fragmentation
FRAG_b595be687a,JAK2_12286137c9,Cc1cc2nc(n1)Nc1cccc(c1)CN(C)C/C=C/CCOc1cccc-2c1,[14*]c1cccc(Nc2nc(C)cc(-c3cccc([22*])c3)n2)c1,[12*]CN(C)C/C=C/CCO[23*],18,9,20,0,13,22,12;23,largest_ring_two_bond_fragmentation
FRAG_60706d96f6,JAK2_12286137c9,Cc1cc2nc(n1)Nc1cccc(c1)CN(C)C/C=C/CCOc1cccc-2c1,[15*]Cc1cccc(Nc2nc(C)cc(-c3cccc(OCC/C=C/[17*])c3)n2)c1,[14*]N(C)C[18*],18,3,26,0,14,17,14;18,largest_ring_two_bond_fragmentation
FRAG_dd14cf0af7,JAK2_12286137c9,Cc1cc2nc(n1)Nc1cccc(c1)CN(C)C/C=C/CCOc1cccc-2c1,[15*]Cc1cccc(Nc2nc(C)cc(-c3cccc(OCC[19*])c3)n2)c1,[14*]N(C)C/C=C/[20*],18,5,24,0,14,19,14;20,largest_ring_two_bond_fragmentation
FRAG_0967b43ef8,JAK2_12286137c9,Cc1cc2nc(n1)Nc1cccc(c1)CN(C)C/C=C/CCOc1cccc-2c1,[15*]Cc1cccc(Nc2nc(C)cc(-c3cccc(OC[20*])c3)n2)c1,[14*]N(C)C/C=C/C[21*],18,6,23,0,14,20,14;21,largest_ring_two_bond_fragmentation
FRAG_8f50b67fa4,JAK2_12286137c9,Cc1cc2nc(n1)Nc1cccc(c1)CN(C)C/C=C/CCOc1cccc-2c1,[15*]Cc1cccc(Nc2nc(C)cc(-c3cccc(O[21*])c3)n2)c1,[14*]N(C)C/C=C/CC[22*],18,7,22,0,14,21,14;22,largest_ring_two_bond_fragmentation
FRAG_e44a152f6c,JAK2_12286137c9,Cc1cc2nc(n1)Nc1cccc(c1)CN(C)C/C=C/CCOc1cccc-2c1,[15*]Cc1cccc(Nc2nc(C)cc(-c3cccc([22*])c3)n2)c1,[14*]N(C)C/C=C/CCO[23*],18,8,21,0,14,22,14;23,largest_ring_two_bond_fragmentation
FRAG_c1f4d07d57,JAK2_12286137c9,Cc1cc2nc(n1)Nc1cccc(c1)CN(C)C/C=C/CCOc1cccc-2c1,[17*]N(C)Cc1cccc(Nc2nc(C)cc(-c3cccc(OCC[19*])c3)n2)c1,[15*]C/C=C/[20*],18,3,26,0,16,19,15;20,largest_ring_two_bond_fragmentation
FRAG_e6b722533f,JAK2_12286137c9,Cc1cc2nc(n1)Nc1cccc(c1)CN(C)C/C=C/CCOc1cccc-2c1,[17*]N(C)Cc1cccc(Nc2nc(C)cc(-c3cccc(OC[20*])c3)n2)c1,[15*]C/C=C/C[21*],18,4,25,0,16,20,15;21,largest_ring_two_bond_fragmentation
FRAG_7677fe6348,JAK2_12286137c9,Cc1cc2nc(n1)Nc1cccc(c1)CN(C)C/C=C/CCOc1cccc-2c1,[17*]N(C)Cc1cccc(Nc2nc(C)cc(-c3cccc(O[21*])c3)n2)c1,[15*]C/C=C/CC[22*],18,5,24,0,16,21,15;22,largest_ring_two_bond_fragmentation
FRAG_008c3afbe5,JAK2_12286137c9,Cc1cc2nc(n1)Nc1cccc(c1)CN(C)C/C=C/CCOc1cccc-2c1,[17*]N(C)Cc1cccc(Nc2nc(C)cc(-c3cccc([22*])c3)n2)c1,[15*]C/C=C/CCO[23*],18,6,23,0,16,22,15;23,largest_ring_two_bond_fragmentation
FRAG_af556e5b4f,JAK2_12286137c9,Cc1cc2nc(n1)Nc1cccc(c1)CN(C)C/C=C/CCOc1cccc-2c1,[17*]N(C)Cc1cccc(Nc2nc([27*])cc(C)n2)c1,[3*]c1cccc(OCC/C=C/C[15*])c1,18,12,17,6,16,31,3;15,largest_ring_two_bond_fragmentation
FRAG_e0275db1b1,JAK2_12286137c9,Cc1cc2nc(n1)Nc1cccc(c1)CN(C)C/C=C/CCOc1cccc-2c1,[18*]CN(C)Cc1cccc(Nc2nc(C)cc(-c3cccc(OC[20*])c3)n2)c1,[17*]/C=C/C[21*],18,3,26,0,17,20,17;21,largest_ring_two_bond_fragmentation
FRAG_b29f910d75,JAK2_12286137c9,Cc1cc2nc(n1)Nc1cccc(c1)CN(C)C/C=C/CCOc1cccc-2c1,[18*]CN(C)Cc1cccc(Nc2nc(C)cc(-c3cccc(O[21*])c3)n2)c1,[17*]/C=C/CC[22*],18,4,25,0,17,21,17;22,largest_ring_two_bond_fragmentation
FRAG_154bc76498,JAK2_12286137c9,Cc1cc2nc(n1)Nc1cccc(c1)CN(C)C/C=C/CCOc1cccc-2c1,[18*]CN(C)Cc1cccc(Nc2nc(C)cc(-c3cccc([22*])c3)n2)c1,[17*]/C=C/CCO[23*],18,5,24,0,17,22,17;23,largest_ring_two_bond_fragmentation
FRAG_fb3778a54a,JAK2_12286137c9,Cc1cc2nc(n1)Nc1cccc(c1)CN(C)C/C=C/CCOc1cccc-2c1,[18*]CN(C)Cc1cccc(Nc2nc([27*])cc(C)n2)c1,[3*]c1cccc(OCC/C=C/[17*])c1,18,11,18,6,17,31,3;17,largest_ring_two_bond_fragmentation
FRAG_77501614df,JAK2_12286137c9,Cc1cc2nc(n1)Nc1cccc(c1)CN(C)C/C=C/CCOc1cccc-2c1,[20*]/C=C/CN(C)Cc1cccc(Nc2nc(C)cc(-c3cccc([22*])c3)n2)c1,[19*]CCO[23*],18,3,26,0,19,22,19;23,largest_ring_two_bond_fragmentation
FRAG_b147c762c9,JAK2_12286137c9,Cc1cc2nc(n1)Nc1cccc(c1)CN(C)C/C=C/CCOc1cccc-2c1,[20*]/C=C/CN(C)Cc1cccc(Nc2nc([27*])cc(C)n2)c1,[3*]c1cccc(OCC[19*])c1,18,9,20,6,19,31,3;19,largest_ring_two_bond_fragmentation
FRAG_37b854c136,JAK2_12286137c9,Cc1cc2nc(n1)Nc1cccc(c1)CN(C)C/C=C/CCOc1cccc-2c1,[21*]C/C=C/CN(C)Cc1cccc(Nc2nc([27*])cc(C)n2)c1,[3*]c1cccc(OC[20*])c1,18,8,21,6,20,31,3;20,largest_ring_two_bond_fragmentation
FRAG_6e6caf639a,JAK2_12286137c9,Cc1cc2nc(n1)Nc1cccc(c1)CN(C)C/C=C/CCOc1cccc-2c1,[22*]CC/C=C/CN(C)Cc1cccc(Nc2nc([27*])cc(C)n2)c1,[3*]c1cccc(O[21*])c1,18,7,22,6,21,31,3;21,largest_ring_two_bond_fragmentation
FRAG_1a48694903,JAK2_12286137c9,Cc1cc2nc(n1)Nc1cccc(c1)CN(C)C/C=C/CCOc1cccc-2c1,[23*]OCC/C=C/CN(C)Cc1cccc(Nc2nc([27*])cc(C)n2)c1,[3*]c1cccc([22*])c1,18,6,23,6,22,31,3;22,largest_ring_two_bond_fragmentation
FRAG_00c3beb7ce,JAK2_09427d2b15,C1=C/COCc2cncc(c2)-c2ccnc(n2)Nc2cccc(c2)COC/1,[2*]/C=C/COCc1cccc(Nc2nccc(-c3cncc([4*])c3)n2)c1,[1*]COC[5*],18,3,24,0,1,4,1;5,largest_ring_two_bond_fragmentation
FRAG_81941861e9,JAK2_09427d2b15,C1=C/COCc2cncc(c2)-c2ccnc(n2)Nc2cccc(c2)COC/1,[2*]/C=C/COCc1cccc(Nc2nccc([9*])n2)c1,[1*]COCc1cncc([11*])c1,18,9,18,6,1,10,1;11,largest_ring_two_bond_fragmentation
FRAG_288380f93f,JAK2_09427d2b15,C1=C/COCc2cncc(c2)-c2ccnc(n2)Nc2cccc(c2)COC/1,[1*]COCc1cncc(-c2ccnc([17*])n2)c1,[2*]/C=C/COCc1cccc(N[15*])c1,18,12,15,6,1,16,2;15,largest_ring_two_bond_fragmentation
FRAG_3b3dbe5b3d,JAK2_09427d2b15,C1=C/COCc2cncc(c2)-c2ccnc(n2)Nc2cccc(c2)COC/1,[1*]COCc1cncc(-c2ccnc(N[18*])n2)c1,[2*]/C=C/COCc1cccc([17*])c1,18,11,16,6,1,17,2;17,largest_ring_two_bond_fragmentation
FRAG_187981cbde,JAK2_09427d2b15,C1=C/COCc2cncc(c2)-c2ccnc(n2)Nc2cccc(c2)COC/1,[1*]COCc1cncc(-c2ccnc(Nc3cccc([24*])c3)n2)c1,[2*]/C=C/COC[22*],18,5,22,0,1,23,2;22,largest_ring_two_bond_fragmentation
FRAG_1af9d5c461,JAK2_09427d2b15,C1=C/COCc2cncc(c2)-c2ccnc(n2)Nc2cccc(c2)COC/1,[1*]COCc1cncc(-c2ccnc(Nc3cccc(C[25*])c3)n2)c1,[2*]/C=C/CO[24*],18,4,23,0,1,24,2;24,largest_ring_two_bond_fragmentation
FRAG_f5a3c1b9eb,JAK2_09427d2b15,C1=C/COCc2cncc(c2)-c2ccnc(n2)Nc2cccc(c2)COC/1,[1*]COCc1cncc(-c2ccnc(Nc3cccc(CO[26*])c3)n2)c1,[2*]/C=C/C[25*],18,3,24,0,1,25,2;25,largest_ring_two_bond_fragmentation
FRAG_fb810d156c,JAK2_09427d2b15,C1=C/COCc2cncc(c2)-c2ccnc(n2)Nc2cccc(c2)COC/1,[3*]C/C=C/COCc1cccc(Nc2nccc([9*])n2)c1,[2*]OCc1cncc([11*])c1,18,8,19,6,2,10,2;11,largest_ring_two_bond_fragmentation
FRAG_60a6966ce3,JAK2_09427d2b15,C1=C/COCc2cncc(c2)-c2ccnc(n2)Nc2cccc(c2)COC/1,[2*]OCc1cncc(-c2ccnc(N[18*])n2)c1,[3*]C/C=C/COCc1cccc([17*])c1,18,12,15,6,2,17,3;17,largest_ring_two_bond_fragmentation
FRAG_b259ac63c3,JAK2_09427d2b15,C1=C/COCc2cncc(c2)-c2ccnc(n2)Nc2cccc(c2)COC/1,[2*]OCc1cncc(-c2ccnc(Nc3cccc([24*])c3)n2)c1,[3*]C/C=C/COC[22*],18,6,21,0,2,23,3;22,largest_ring_two_bond_fragmentation
FRAG_80d90a373d,JAK2_09427d2b15,C1=C/COCc2cncc(c2)-c2ccnc(n2)Nc2cccc(c2)COC/1,[2*]OCc1cncc(-c2ccnc(Nc3cccc(C[25*])c3)n2)c1,[3*]C/C=C/CO[24*],18,5,22,0,2,24,3;24,largest_ring_two_bond_fragmentation
FRAG_552a9ea850,JAK2_09427d2b15,C1=C/COCc2cncc(c2)-c2ccnc(n2)Nc2cccc(c2)COC/1,[2*]OCc1cncc(-c2ccnc(Nc3cccc(CO[26*])c3)n2)c1,[3*]C/C=C/C[25*],18,4,23,0,2,25,3;25,largest_ring_two_bond_fragmentation
FRAG_83fa696e35,JAK2_09427d2b15,C1=C/COCc2cncc(c2)-c2ccnc(n2)Nc2cccc(c2)COC/1,*COCc1cccc(Nc2nccc(-c3cncc(CO[2*])c3)n2)c1,[3*]C/C=C/[26*],18,3,24,0,2,26,3;26,largest_ring_two_bond_fragmentation
FRAG_07167fbd57,JAK2_09427d2b15,C1=C/COCc2cncc(c2)-c2ccnc(n2)Nc2cccc(c2)COC/1,[4*]OC/C=C/COCc1cccc(Nc2nccc([9*])n2)c1,[3*]Cc1cncc([11*])c1,18,7,20,6,3,10,3;11,largest_ring_two_bond_fragmentation
FRAG_9faf97f38e,JAK2_09427d2b15,C1=C/COCc2cncc(c2)-c2ccnc(n2)Nc2cccc(c2)COC/1,[3*]Cc1cncc(-c2ccnc(Nc3cccc([24*])c3)n2)c1,[4*]OC/C=C/COC[22*],18,7,20,0,3,23,4;22,largest_ring_two_bond_fragmentation
FRAG_66da6595b9,JAK2_09427d2b15,C1=C/COCc2cncc(c2)-c2ccnc(n2)Nc2cccc(c2)COC/1,[3*]Cc1cncc(-c2ccnc(Nc3cccc(C[25*])c3)n2)c1,[4*]OC/C=C/CO[24*],18,6,21,0,3,24,4;24,largest_ring_two_bond_fragmentation
FRAG_ab6ba6aaed,JAK2_09427d2b15,C1=C/COCc2cncc(c2)-c2ccnc(n2)Nc2cccc(c2)COC/1,[3*]Cc1cncc(-c2ccnc(Nc3cccc(CO[26*])c3)n2)c1,[4*]OC/C=C/C[25*],18,5,22,0,3,25,4;25,largest_ring_two_bond_fragmentation
FRAG_af63295ce0,JAK2_09427d2b15,C1=C/COCc2cncc(c2)-c2ccnc(n2)Nc2cccc(c2)COC/1,*COCc1cccc(Nc2nccc(-c3cncc(C[3*])c3)n2)c1,[4*]OC/C=C/[26*],18,4,23,0,3,26,4;26,largest_ring_two_bond_fragmentation
FRAG_5b94e8e5e4,JAK2_09427d2b15,C1=C/COCc2cncc(c2)-c2ccnc(n2)Nc2cccc(c2)COC/1,[5*]COC/C=C/COCc1cccc(Nc2nccc([9*])n2)c1,[4*]c1cncc([11*])c1,18,6,21,6,4,10,4;11,largest_ring_two_bond_fragmentation
FRAG_825b73e11f,JAK2_09427d2b15,C1=C/COCc2cncc(c2)-c2ccnc(n2)Nc2cccc(c2)COC/1,[5*]COC/C=C/COCc1cccc(N[15*])c1,[4*]c1cncc(-c2ccnc([17*])n2)c1,18,12,15,6,4,16,4;17,largest_ring_two_bond_fragmentation
FRAG_cf9936fbf1,JAK2_09427d2b15,C1=C/COCc2cncc(c2)-c2ccnc(n2)Nc2cccc(c2)COC/1,[4*]c1cncc(-c2ccnc(Nc3cccc([24*])c3)n2)c1,[5*]COC/C=C/COC[22*],18,8,19,0,4,23,5;22,largest_ring_two_bond_fragmentation
FRAG_7bf3ed6856,JAK2_09427d2b15,C1=C/COCc2cncc(c2)-c2ccnc(n2)Nc2cccc(c2)COC/1,[4*]c1cncc(-c2ccnc(Nc3cccc(C[25*])c3)n2)c1,[5*]COC/C=C/CO[24*],18,7,20,0,4,24,5;24,largest_ring_two_bond_fragmentation
FRAG_715766f876,JAK2_09427d2b15,C1=C/COCc2cncc(c2)-c2ccnc(n2)Nc2cccc(c2)COC/1,[4*]c1cncc(-c2ccnc(Nc3cccc(CO[26*])c3)n2)c1,[5*]COC/C=C/C[25*],18,6,21,0,4,25,5;25,largest_ring_two_bond_fragmentation
FRAG_dec8fbdea2,JAK2_09427d2b15,C1=C/COCc2cncc(c2)-c2ccnc(n2)Nc2cccc(c2)COC/1,*COCc1cccc(Nc2nccc(-c3cncc([4*])c3)n2)c1,[5*]COC/C=C/[26*],18,5,22,0,4,26,5;26,largest_ring_two_bond_fragmentation
FRAG_d077474fe6,JAK2_09427d2b15,C1=C/COCc2cncc(c2)-c2ccnc(n2)Nc2cccc(c2)COC/1,[11*]c1cncc(COC/C=C/COCc2cccc(N[15*])c2)c1,[9*]c1ccnc([17*])n1,18,6,21,6,10,16,9;17,largest_ring_two_bond_fragmentation
FRAG_6a4e59ec6f,JAK2_09427d2b15,C1=C/COCc2cncc(c2)-c2ccnc(n2)Nc2cccc(c2)COC/1,[11*]c1cncc(COC/C=C/COCc2cccc([17*])c2)c1,[9*]c1ccnc(N[18*])n1,18,7,20,6,10,17,9;18,largest_ring_two_bond_fragmentation
FRAG_400a6454ae,JAK2_09427d2b15,C1=C/COCc2cncc(c2)-c2ccnc(n2)Nc2cccc(c2)COC/1,[9*]c1ccnc(Nc2cccc(CO[26*])c2)n1,[11*]c1cncc(COC/C=C/C[25*])c1,18,12,15,6,10,25,11;25,largest_ring_two_bond_fragmentation
FRAG_fc05722bdc,JAK2_09427d2b15,C1=C/COCc2cncc(c2)-c2ccnc(n2)Nc2cccc(c2)COC/1,*COCc1cccc(Nc2nccc([9*])n2)c1,[11*]c1cncc(COC/C=C/[26*])c1,18,11,16,6,10,26,11;26,largest_ring_two_bond_fragmentation
FRAG_9a3977f118,JAK2_09427d2b15,C1=C/COCc2cncc(c2)-c2ccnc(n2)Nc2cccc(c2)COC/1,[17*]c1nccc(-c2cncc(COC/C=C/COC[22*])c2)n1,[15*]Nc1cccc([24*])c1,18,7,20,6,16,23,15;24,largest_ring_two_bond_fragmentation
FRAG_2c00c19dc8,JAK2_09427d2b15,C1=C/COCc2cncc(c2)-c2ccnc(n2)Nc2cccc(c2)COC/1,[17*]c1nccc(-c2cncc(COC/C=C/CO[24*])c2)n1,[15*]Nc1cccc(C[25*])c1,18,8,19,6,16,24,15;25,largest_ring_two_bond_fragmentation
FRAG_e6242ce398,JAK2_09427d2b15,C1=C/COCc2cncc(c2)-c2ccnc(n2)Nc2cccc(c2)COC/1,[17*]c1nccc(-c2cncc(COC/C=C/C[25*])c2)n1,[15*]Nc1cccc(CO[26*])c1,18,9,18,6,16,25,15;26,largest_ring_two_bond_fragmentation
FRAG_f1e836d778,JAK2_09427d2b15,C1=C/COCc2cncc(c2)-c2ccnc(n2)Nc2cccc(c2)COC/1,[17*]c1nccc(-c2cncc(COC/C=C/[26*])c2)n1,*COCc1cccc(N[15*])c1,18,10,17,6,16,26,0;15,largest_ring_two_bond_fragmentation
FRAG_88d6a2299b,JAK2_09427d2b15,C1=C/COCc2cncc(c2)-c2ccnc(n2)Nc2cccc(c2)COC/1,[18*]Nc1nccc(-c2cncc(COC/C=C/COC[22*])c2)n1,[17*]c1cccc([24*])c1,18,6,21,6,17,23,17;24,largest_ring_two_bond_fragmentation
FRAG_8b33e748ba,JAK2_09427d2b15,C1=C/COCc2cncc(c2)-c2ccnc(n2)Nc2cccc(c2)COC/1,[18*]Nc1nccc(-c2cncc(COC/C=C/CO[24*])c2)n1,[17*]c1cccc(C[25*])c1,18,7,20,6,17,24,17;25,largest_ring_two_bond_fragmentation
FRAG_4b47879915,JAK2_09427d2b15,C1=C/COCc2cncc(c2)-c2ccnc(n2)Nc2cccc(c2)COC/1,[18*]Nc1nccc(-c2cncc(COC/C=C/C[25*])c2)n1,[17*]c1cccc(CO[26*])c1,18,8,19,6,17,25,17;26,largest_ring_two_bond_fragmentation
FRAG_d977d679f2,JAK2_09427d2b15,C1=C/COCc2cncc(c2)-c2ccnc(n2)Nc2cccc(c2)COC/1,[18*]Nc1nccc(-c2cncc(COC/C=C/[26*])c2)n1,*COCc1cccc([17*])c1,18,9,18,6,17,26,0;17,largest_ring_two_bond_fragmentation
FRAG_3f7f062a42,JAK2_09427d2b15,C1=C/COCc2cncc(c2)-c2ccnc(n2)Nc2cccc(c2)COC/1,[24*]c1cccc(Nc2nccc(-c3cncc(COC/C=C/[26*])c3)n2)c1,*COC[22*],18,3,24,0,23,26,0;22,largest_ring_two_bond_fragmentation
FRAG_fe6e86e9f9,JAK2_1b9ba10888,Cc1cnc2nc1-c1ccc3ccn(c3c1)C/C=C/COCc1cc(ccc1OCCN1CCCC1)N2,[7*]c1nc(Nc2ccc(OCCN3CCCC3)c(COC/C=C/C[13*])c2)ncc1C,[6*]c1ccc2ccn([16*])c2c1,17,9,28,6,6,15,6;16,largest_ring_two_bond_fragmentation
FRAG_b86253cbd1,JAK2_1b9ba10888,Cc1cnc2nc1-c1ccc3ccn(c3c1)C/C=C/COCc1cc(ccc1OCCN1CCCC1)N2,[7*]c1nc(Nc2ccc(OCCN3CCCC3)c(COC/C=C/[16*])c2)ncc1C,[6*]c1ccc2ccn(C[17*])c2c1,17,10,27,6,6,16,6;17,largest_ring_two_bond_fragmentation
FRAG_6f97a16b2b,JAK2_1b9ba10888,Cc1cnc2nc1-c1ccc3ccn(c3c1)C/C=C/COCc1cc(ccc1OCCN1CCCC1)N2,[7*]c1nc(Nc2ccc(OCCN3CCCC3)c(COC[18*])c2)ncc1C,[6*]c1ccc2ccn(C/C=C/[19*])c2c1,17,12,25,6,6,18,6;19,largest_ring_two_bond_fragmentation
FRAG_da1616e89d,JAK2_1b9ba10888,Cc1cnc2nc1-c1ccc3ccn(c3c1)C/C=C/COCc1cc(ccc1OCCN1CCCC1)N2,[6*]c1ccc2ccn(C/C=C/COCc3cc([36*])ccc3OCCN3CCCC3)c2c1,[7*]c1nc(N[24*])ncc1C,17,8,29,6,6,35,7;24,largest_ring_two_bond_fragmentation
FRAG_0ba469f540,JAK2_1b9ba10888,Cc1cnc2nc1-c1ccc3ccn(c3c1)C/C=C/COCc1cc(ccc1OCCN1CCCC1)N2,[4*]Nc1ccc(OCCN2CCCC2)c(COC/C=C/Cn2ccc3ccc([6*])cc32)c1,[7*]c1nc([36*])ncc1C,17,7,30,6,6,40,7;36,largest_ring_two_bond_fragmentation
FRAG_0e6a011604,JAK2_1b9ba10888,Cc1cnc2nc1-c1ccc3ccn(c3c1)C/C=C/COCc1cc(ccc1OCCN1CCCC1)N2,[16*]n1ccc2ccc(-c3nc(Nc4ccc(OCCN5CCCC5)c(COC[18*])c4)ncc3C)cc21,[13*]C/C=C/[19*],17,3,34,0,15,18,13;19,largest_ring_two_bond_fragmentation
FRAG_3464a883df,JAK2_1b9ba10888,Cc1cnc2nc1-c1ccc3ccn(c3c1)C/C=C/COCc1cc(ccc1OCCN1CCCC1)N2,[16*]n1ccc2ccc(-c3nc(Nc4ccc(OCCN5CCCC5)c(CO[19*])c4)ncc3C)cc21,[13*]C/C=C/C[20*],17,4,33,0,15,19,13;20,largest_ring_two_bond_fragmentation
FRAG_a9637cda34,JAK2_1b9ba10888,Cc1cnc2nc1-c1ccc3ccn(c3c1)C/C=C/COCc1cc(ccc1OCCN1CCCC1)N2,[16*]n1ccc2ccc(-c3nc(Nc4ccc(OCCN5CCCC5)c(C[20*])c4)ncc3C)cc21,[13*]C/C=C/CO[21*],17,5,32,0,15,20,13;21,largest_ring_two_bond_fragmentation
FRAG_968c2ee0a6,JAK2_1b9ba10888,Cc1cnc2nc1-c1ccc3ccn(c3c1)C/C=C/COCc1cc(ccc1OCCN1CCCC1)N2,[16*]n1ccc2ccc(-c3nc(Nc4ccc(OCCN5CCCC5)c([21*])c4)ncc3C)cc21,[13*]C/C=C/COC[22*],17,6,31,0,15,21,13;22,largest_ring_two_bond_fragmentation
FRAG_8cd5496364,JAK2_1b9ba10888,Cc1cnc2nc1-c1ccc3ccn(c3c1)C/C=C/COCc1cc(ccc1OCCN1CCCC1)N2,[17*]Cn1ccc2ccc(-c3nc(Nc4ccc(OCCN5CCCC5)c(CO[19*])c4)ncc3C)cc21,[16*]/C=C/C[20*],17,3,34,0,16,19,16;20,largest_ring_two_bond_fragmentation
FRAG_0ae1098340,JAK2_1b9ba10888,Cc1cnc2nc1-c1ccc3ccn(c3c1)C/C=C/COCc1cc(ccc1OCCN1CCCC1)N2,[17*]Cn1ccc2ccc(-c3nc(Nc4ccc(OCCN5CCCC5)c(C[20*])c4)ncc3C)cc21,[16*]/C=C/CO[21*],17,4,33,0,16,20,16;21,largest_ring_two_bond_fragmentation
FRAG_8c2cd4b804,JAK2_1b9ba10888,Cc1cnc2nc1-c1ccc3ccn(c3c1)C/C=C/COCc1cc(ccc1OCCN1CCCC1)N2,[17*]Cn1ccc2ccc(-c3nc(Nc4ccc(OCCN5CCCC5)c([21*])c4)ncc3C)cc21,[16*]/C=C/COC[22*],17,5,32,0,16,21,16;22,largest_ring_two_bond_fragmentation
FRAG_3779c02369,JAK2_1b9ba10888,Cc1cnc2nc1-c1ccc3ccn(c3c1)C/C=C/COCc1cc(ccc1OCCN1CCCC1)N2,[19*]/C=C/Cn1ccc2ccc(-c3nc(Nc4ccc(OCCN5CCCC5)c([21*])c4)ncc3C)cc21,[18*]COC[22*],17,3,34,0,18,21,18;22,largest_ring_two_bond_fragmentation
FRAG_7de8caf4f2,JAK2_2ed91465fe,COc1ccc2cc1COCC=CCCOc1cccc(c1)-c1ccnc(n1)N2,[8*]c1cc(Nc2nccc(-c3cccc(OCCC=C[10*])c3)n2)ccc1OC,[7*]COC[11*],18,3,26,0,7,10,7;11,largest_ring_two_bond_fragmentation
FRAG_9a914a512e,JAK2_2ed91465fe,COc1ccc2cc1COCC=CCCOc1cccc(c1)-c1ccnc(n1)N2,[8*]c1cc(Nc2nccc(-c3cccc(OCC[12*])c3)n2)ccc1OC,[7*]COCC=C[13*],18,5,24,0,7,12,7;13,largest_ring_two_bond_fragmentation
FRAG_c0ae770234,JAK2_2ed91465fe,COc1ccc2cc1COCC=CCCOc1cccc(c1)-c1ccnc(n1)N2,[8*]c1cc(Nc2nccc(-c3cccc(OC[13*])c3)n2)ccc1OC,[7*]COCC=CC[14*],18,6,23,0,7,13,7;14,largest_ring_two_bond_fragmentation
FRAG_717da0b5fd,JAK2_2ed91465fe,COc1ccc2cc1COCC=CCCOc1cccc(c1)-c1ccnc(n1)N2,[8*]c1cc(Nc2nccc(-c3cccc(O[14*])c3)n2)ccc1OC,[7*]COCC=CCC[15*],18,7,22,0,7,14,7;15,largest_ring_two_bond_fragmentation
FRAG_d2c12fc597,JAK2_2ed91465fe,COc1ccc2cc1COCC=CCCOc1cccc(c1)-c1ccnc(n1)N2,[8*]c1cc(Nc2nccc(-c3cccc([15*])c3)n2)ccc1OC,[7*]COCC=CCCO[16*],18,8,21,0,7,15,7;16,largest_ring_two_bond_fragmentation
FRAG_dc09737ce0,JAK2_2ed91465fe,COc1ccc2cc1COCC=CCCOc1cccc(c1)-c1ccnc(n1)N2,[7*]COCC=CCCOc1cccc(-c2ccnc([28*])n2)c1,[8*]c1cc(N[26*])ccc1OC,18,9,20,6,7,27,8;26,largest_ring_two_bond_fragmentation
FRAG_6dbf4e1bc5,JAK2_2ed91465fe,COc1ccc2cc1COCC=CCCOc1cccc(c1)-c1ccnc(n1)N2,[5*]Nc1nccc(-c2cccc(OCCC=CCOC[7*])c2)n1,[8*]c1cc([28*])ccc1OC,18,8,21,6,7,31,8;28,largest_ring_two_bond_fragmentation
FRAG_f7b5e405fe,JAK2_2ed91465fe,COc1ccc2cc1COCC=CCCOc1cccc(c1)-c1ccnc(n1)N2,[9*]Cc1cc(Nc2nccc(-c3cccc(OCC[12*])c3)n2)ccc1OC,[8*]OCC=C[13*],18,4,25,0,8,12,8;13,largest_ring_two_bond_fragmentation
FRAG_28b881099e,JAK2_2ed91465fe,COc1ccc2cc1COCC=CCCOc1cccc(c1)-c1ccnc(n1)N2,[9*]Cc1cc(Nc2nccc(-c3cccc(OC[13*])c3)n2)ccc1OC,[8*]OCC=CC[14*],18,5,24,0,8,13,8;14,largest_ring_two_bond_fragmentation
FRAG_1e8836d63f,JAK2_2ed91465fe,COc1ccc2cc1COCC=CCCOc1cccc(c1)-c1ccnc(n1)N2,[9*]Cc1cc(Nc2nccc(-c3cccc(O[14*])c3)n2)ccc1OC,[8*]OCC=CCC[15*],18,6,23,0,8,14,8;15,largest_ring_two_bond_fragmentation
FRAG_64f346888e,JAK2_2ed91465fe,COc1ccc2cc1COCC=CCCOc1cccc(c1)-c1ccnc(n1)N2,[9*]Cc1cc(Nc2nccc(-c3cccc([15*])c3)n2)ccc1OC,[8*]OCC=CCCO[16*],18,7,22,0,8,15,8;16,largest_ring_two_bond_fragmentation
FRAG_84c9f9a6d8,JAK2_2ed91465fe,COc1ccc2cc1COCC=CCCOc1cccc(c1)-c1ccnc(n1)N2,[8*]OCC=CCCOc1cccc(-c2ccnc([28*])n2)c1,[9*]Cc1cc(N[26*])ccc1OC,18,10,19,6,8,27,9;26,largest_ring_two_bond_fragmentation
FRAG_19414b7aeb,JAK2_2ed91465fe,COc1ccc2cc1COCC=CCCOc1cccc(c1)-c1ccnc(n1)N2,[5*]Nc1nccc(-c2cccc(OCCC=CCO[8*])c2)n1,[9*]Cc1cc([28*])ccc1OC,18,9,20,6,8,31,9;28,largest_ring_two_bond_fragmentation
FRAG_882f9fc487,JAK2_2ed91465fe,COc1ccc2cc1COCC=CCCOc1cccc(c1)-c1ccnc(n1)N2,[10*]OCc1cc(Nc2nccc(-c3cccc(OCC[12*])c3)n2)ccc1OC,[9*]CC=C[13*],18,3,26,0,9,12,9;13,largest_ring_two_bond_fragmentation
FRAG_6a1add3ad5,JAK2_2ed91465fe,COc1ccc2cc1COCC=CCCOc1cccc(c1)-c1ccnc(n1)N2,[10*]OCc1cc(Nc2nccc(-c3cccc(OC[13*])c3)n2)ccc1OC,[9*]CC=CC[14*],18,4,25,0,9,13,9;14,largest_ring_two_bond_fragmentation
FRAG_c3abb3b5ea,JAK2_2ed91465fe,COc1ccc2cc1COCC=CCCOc1cccc(c1)-c1ccnc(n1)N2,[10*]OCc1cc(Nc2nccc(-c3cccc(O[14*])c3)n2)ccc1OC,[9*]CC=CCC[15*],18,5,24,0,9,14,9;15,largest_ring_two_bond_fragmentation
FRAG_1847576709,JAK2_2ed91465fe,COc1ccc2cc1COCC=CCCOc1cccc(c1)-c1ccnc(n1)N2,[10*]OCc1cc(Nc2nccc(-c3cccc([15*])c3)n2)ccc1OC,[9*]CC=CCCO[16*],18,6,23,0,9,15,9;16,largest_ring_two_bond_fragmentation
FRAG_0c0bfbf62a,JAK2_2ed91465fe,COc1ccc2cc1COCC=CCCOc1cccc(c1)-c1ccnc(n1)N2,[10*]OCc1cc(Nc2nccc([20*])n2)ccc1OC,[9*]CC=CCCOc1cccc([22*])c1,18,12,17,6,9,21,9;22,largest_ring_two_bond_fragmentation
FRAG_5da4a2ed57,JAK2_2ed91465fe,COc1ccc2cc1COCC=CCCOc1cccc(c1)-c1ccnc(n1)N2,[9*]CC=CCCOc1cccc(-c2ccnc([28*])n2)c1,[10*]OCc1cc(N[26*])ccc1OC,18,11,18,6,9,27,10;26,largest_ring_two_bond_fragmentation
FRAG_7690ae0095,JAK2_2ed91465fe,COc1ccc2cc1COCC=CCCOc1cccc(c1)-c1ccnc(n1)N2,[5*]Nc1nccc(-c2cccc(OCCC=CC[9*])c2)n1,[10*]OCc1cc([28*])ccc1OC,18,10,19,6,9,31,10;28,largest_ring_two_bond_fragmentation
FRAG_acc4e58e1e,JAK2_2ed91465fe,COc1ccc2cc1COCC=CCCOc1cccc(c1)-c1ccnc(n1)N2,[11*]COCc1cc(Nc2nccc(-c3cccc(OC[13*])c3)n2)ccc1OC,[10*]C=CC[14*],18,3,26,0,10,13,10;14,largest_ring_two_bond_fragmentation
FRAG_fdaaa7e0bb,JAK2_2ed91465fe,COc1ccc2cc1COCC=CCCOc1cccc(c1)-c1ccnc(n1)N2,[11*]COCc1cc(Nc2nccc(-c3cccc(O[14*])c3)n2)ccc1OC,[10*]C=CCC[15*],18,4,25,0,10,14,10;15,largest_ring_two_bond_fragmentation
FRAG_6b1d414be5,JAK2_2ed91465fe,COc1ccc2cc1COCC=CCCOc1cccc(c1)-c1ccnc(n1)N2,[11*]COCc1cc(Nc2nccc(-c3cccc([15*])c3)n2)ccc1OC,[10*]C=CCCO[16*],18,5,24,0,10,15,10;16,largest_ring_two_bond_fragmentation
FRAG_531c8a65fc,JAK2_2ed91465fe,COc1ccc2cc1COCC=CCCOc1cccc(c1)-c1ccnc(n1)N2,[11*]COCc1cc(Nc2nccc([20*])n2)ccc1OC,[10*]C=CCCOc1cccc([22*])c1,18,11,18,6,10,21,10;22,largest_ring_two_bond_fragmentation
FRAG_5147fed513,JAK2_2ed91465fe,COc1ccc2cc1COCC=CCCOc1cccc(c1)-c1ccnc(n1)N2,[10*]C=CCCOc1cccc(-c2ccnc([28*])n2)c1,[11*]COCc1cc(N[26*])ccc1OC,18,12,17,6,10,27,11;26,largest_ring_two_bond_fragmentation
FRAG_4112baf52c,JAK2_2ed91465fe,COc1ccc2cc1COCC=CCCOc1cccc(c1)-c1ccnc(n1)N2,[5*]Nc1nccc(-c2cccc(OCCC=C[10*])c2)n1,[11*]COCc1cc([28*])ccc1OC,18,11,18,6,10,31,11;28,largest_ring_two_bond_fragmentation
FRAG_7ea0fd136b,JAK2_2ed91465fe,COc1ccc2cc1COCC=CCCOc1cccc(c1)-c1ccnc(n1)N2,[13*]C=CCOCc1cc(Nc2nccc(-c3cccc([15*])c3)n2)ccc1OC,[12*]CCO[16*],18,3,26,0,12,15,12;16,largest_ring_two_bond_fragmentation
FRAG_6b5d67e161,JAK2_2ed91465fe,COc1ccc2cc1COCC=CCCOc1cccc(c1)-c1ccnc(n1)N2,[13*]C=CCOCc1cc(Nc2nccc([20*])n2)ccc1OC,[12*]CCOc1cccc([22*])c1,18,9,20,6,12,21,12;22,largest_ring_two_bond_fragmentation
FRAG_72ef2bf445,JAK2_2ed91465fe,COc1ccc2cc1COCC=CCCOc1cccc(c1)-c1ccnc(n1)N2,[14*]CC=CCOCc1cc(Nc2nccc([20*])n2)ccc1OC,[13*]COc1cccc([22*])c1,18,8,21,6,13,21,13;22,largest_ring_two_bond_fragmentation
FRAG_e9a56267bb,JAK2_2ed91465fe,COc1ccc2cc1COCC=CCCOc1cccc(c1)-c1ccnc(n1)N2,[15*]CCC=CCOCc1cc(Nc2nccc([20*])n2)ccc1OC,[14*]Oc1cccc([22*])c1,18,7,22,6,14,21,14;22,largest_ring_two_bond_fragmentation
FRAG_80083dcb43,JAK2_2ed91465fe,COc1ccc2cc1COCC=CCCOc1cccc(c1)-c1ccnc(n1)N2,[16*]OCCC=CCOCc1cc(Nc2nccc([20*])n2)ccc1OC,[15*]c1cccc([22*])c1,18,6,23,6,15,21,15;22,largest_ring_two_bond_fragmentation
FRAG_1a2b510014,JAK2_2ed91465fe,COc1ccc2cc1COCC=CCCOc1cccc(c1)-c1ccnc(n1)N2,[16*]OCCC=CCOCc1cc(N[26*])ccc1OC,[15*]c1cccc(-c2ccnc([28*])n2)c1,18,12,17,6,15,27,15;28,largest_ring_two_bond_fragmentation
FRAG_1ab658daab,JAK2_2ed91465fe,COc1ccc2cc1COCC=CCCOc1cccc(c1)-c1ccnc(n1)N2,[22*]c1cccc(OCCC=CCOCc2cc(N[26*])ccc2OC)c1,[20*]c1ccnc([28*])n1,18,6,23,6,21,27,20;28,largest_ring_two_bond_fragmentation
FRAG_03e3ec37b3,JAK2_2ed91465fe,COc1ccc2cc1COCC=CCCOc1cccc(c1)-c1ccnc(n1)N2,[22*]c1cccc(OCCC=CCOCc2cc([28*])ccc2OC)c1,[5*]Nc1nccc([20*])n1,18,7,22,6,21,31,5;20,largest_ring_two_bond_fragmentation
FRAG_168de3117a,JAK2_aba55c653f,C1=C/COCc2ccc(o2)-c2ccnc(n2)Nc2cccc(c2)COC/1,[2*]/C=C/COCc1cccc(Nc2nccc(-c3ccc([4*])o3)n2)c1,[1*]COC[5*],18,3,23,0,1,4,1;5,largest_ring_two_bond_fragmentation
FRAG_fec9f6d6e7,JAK2_aba55c653f,C1=C/COCc2ccc(o2)-c2ccnc(n2)Nc2cccc(c2)COC/1,[2*]/C=C/COCc1cccc(Nc2nccc([8*])n2)c1,[1*]COCc1ccc([10*])o1,18,8,18,5,1,9,1;10,largest_ring_two_bond_fragmentation
FRAG_344ec526e4,JAK2_aba55c653f,C1=C/COCc2ccc(o2)-c2ccnc(n2)Nc2cccc(c2)COC/1,[1*]COCc1ccc(-c2ccnc([16*])n2)o1,[2*]/C=C/COCc1cccc(N[14*])c1,18,12,14,6,1,15,2;14,largest_ring_two_bond_fragmentation
FRAG_76c67b3ccb,JAK2_aba55c653f,C1=C/COCc2ccc(o2)-c2ccnc(n2)Nc2cccc(c2)COC/1,[1*]COCc1ccc(-c2ccnc(N[17*])n2)o1,[2*]/C=C/COCc1cccc([16*])c1,18,11,15,6,1,16,2;16,largest_ring_two_bond_fragmentation
FRAG_df30bc4341,JAK2_aba55c653f,C1=C/COCc2ccc(o2)-c2ccnc(n2)Nc2cccc(c2)COC/1,[1*]COCc1ccc(-c2ccnc(Nc3cccc([23*])c3)n2)o1,[2*]/C=C/COC[21*],18,5,21,0,1,22,2;21,largest_ring_two_bond_fragmentation
FRAG_349703eb17,JAK2_aba55c653f,C1=C/COCc2ccc(o2)-c2ccnc(n2)Nc2cccc(c2)COC/1,[1*]COCc1ccc(-c2ccnc(Nc3cccc(C[24*])c3)n2)o1,[2*]/C=C/CO[23*],18,4,22,0,1,23,2;23,largest_ring_two_bond_fragmentation
FRAG_9c2a2f053e,JAK2_aba55c653f,C1=C/COCc2ccc(o2)-c2ccnc(n2)Nc2cccc(c2)COC/1,[1*]COCc1ccc(-c2ccnc(Nc3cccc(CO[25*])c3)n2)o1,[2*]/C=C/C[24*],18,3,23,0,1,24,2;24,largest_ring_two_bond_fragmentation
FRAG_7e7f64e55c,JAK2_aba55c653f,C1=C/COCc2ccc(o2)-c2ccnc(n2)Nc2cccc(c2)COC/1,[3*]C/C=C/COCc1cccc(Nc2nccc([8*])n2)c1,[2*]OCc1ccc([10*])o1,18,7,19,5,2,9,2;10,largest_ring_two_bond_fragmentation
FRAG_c41c46f70e,JAK2_aba55c653f,C1=C/COCc2ccc(o2)-c2ccnc(n2)Nc2cccc(c2)COC/1,[2*]OCc1ccc(-c2ccnc(N[17*])n2)o1,[3*]C/C=C/COCc1cccc([16*])c1,18,12,14,6,2,16,3;16,largest_ring_two_bond_fragmentation
FRAG_0eb67c0f9e,JAK2_aba55c653f,C1=C/COCc2ccc(o2)-c2ccnc(n2)Nc2cccc(c2)COC/1,[2*]OCc1ccc(-c2ccnc(Nc3cccc([23*])c3)n2)o1,[3*]C/C=C/COC[21*],18,6,20,0,2,22,3;21,largest_ring_two_bond_fragmentation
FRAG_4f247657b9,JAK2_aba55c653f,C1=C/COCc2ccc(o2)-c2ccnc(n2)Nc2cccc(c2)COC/1,[2*]OCc1ccc(-c2ccnc(Nc3cccc(C[24*])c3)n2)o1,[3*]C/C=C/CO[23*],18,5,21,0,2,23,3;23,largest_ring_two_bond_fragmentation
FRAG_d7171414e4,JAK2_aba55c653f,C1=C/COCc2ccc(o2)-c2ccnc(n2)Nc2cccc(c2)COC/1,[2*]OCc1ccc(-c2ccnc(Nc3cccc(CO[25*])c3)n2)o1,[3*]C/C=C/C[24*],18,4,22,0,2,24,3;24,largest_ring_two_bond_fragmentation
FRAG_79c04921d7,JAK2_aba55c653f,C1=C/COCc2ccc(o2)-c2ccnc(n2)Nc2cccc(c2)COC/1,*COCc1cccc(Nc2nccc(-c3ccc(CO[2*])o3)n2)c1,[3*]C/C=C/[25*],18,3,23,0,2,25,3;25,largest_ring_two_bond_fragmentation
FRAG_dc25f44539,JAK2_aba55c653f,C1=C/COCc2ccc(o2)-c2ccnc(n2)Nc2cccc(c2)COC/1,[4*]OC/C=C/COCc1cccc(Nc2nccc([8*])n2)c1,[3*]Cc1ccc([10*])o1,18,6,20,5,3,9,3;10,largest_ring_two_bond_fragmentation
FRAG_aa8d24d0ae,JAK2_aba55c653f,C1=C/COCc2ccc(o2)-c2ccnc(n2)Nc2cccc(c2)COC/1,[4*]OC/C=C/COCc1cccc(N[14*])c1,[3*]Cc1ccc(-c2ccnc([16*])n2)o1,18,12,14,6,3,15,3;16,largest_ring_two_bond_fragmentation
FRAG_10cce339b4,JAK2_aba55c653f,C1=C/COCc2ccc(o2)-c2ccnc(n2)Nc2cccc(c2)COC/1,[3*]Cc1ccc(-c2ccnc(Nc3cccc([23*])c3)n2)o1,[4*]OC/C=C/COC[21*],18,7,19,0,3,22,4;21,largest_ring_two_bond_fragmentation
FRAG_65ccf8c094,JAK2_aba55c653f,C1=C/COCc2ccc(o2)-c2ccnc(n2)Nc2cccc(c2)COC/1,[3*]Cc1ccc(-c2ccnc(Nc3cccc(C[24*])c3)n2)o1,[4*]OC/C=C/CO[23*],18,6,20,0,3,23,4;23,largest_ring_two_bond_fragmentation
FRAG_43df18fb4d,JAK2_aba55c653f,C1=C/COCc2ccc(o2)-c2ccnc(n2)Nc2cccc(c2)COC/1,[3*]Cc1ccc(-c2ccnc(Nc3cccc(CO[25*])c3)n2)o1,[4*]OC/C=C/C[24*],18,5,21,0,3,24,4;24,largest_ring_two_bond_fragmentation
FRAG_5b188527f6,JAK2_aba55c653f,C1=C/COCc2ccc(o2)-c2ccnc(n2)Nc2cccc(c2)COC/1,*COCc1cccc(Nc2nccc(-c3ccc(C[3*])o3)n2)c1,[4*]OC/C=C/[25*],18,4,22,0,3,25,4;25,largest_ring_two_bond_fragmentation
FRAG_8a210e8f0f,JAK2_aba55c653f,C1=C/COCc2ccc(o2)-c2ccnc(n2)Nc2cccc(c2)COC/1,[5*]COC/C=C/COCc1cccc(Nc2nccc([8*])n2)c1,[4*]c1ccc([10*])o1,18,5,21,5,4,9,4;10,largest_ring_two_bond_fragmentation
FRAG_708ba65993,JAK2_aba55c653f,C1=C/COCc2ccc(o2)-c2ccnc(n2)Nc2cccc(c2)COC/1,[5*]COC/C=C/COCc1cccc(N[14*])c1,[4*]c1ccc(-c2ccnc([16*])n2)o1,18,11,15,6,4,15,4;16,largest_ring_two_bond_fragmentation
FRAG_7171fa34e1,JAK2_aba55c653f,C1=C/COCc2ccc(o2)-c2ccnc(n2)Nc2cccc(c2)COC/1,[5*]COC/C=C/COCc1cccc([16*])c1,[4*]c1ccc(-c2ccnc(N[17*])n2)o1,18,12,14,6,4,16,4;17,largest_ring_two_bond_fragmentation
FRAG_7b6d8a2f07,JAK2_aba55c653f,C1=C/COCc2ccc(o2)-c2ccnc(n2)Nc2cccc(c2)COC/1,[4*]c1ccc(-c2ccnc(Nc3cccc([23*])c3)n2)o1,[5*]COC/C=C/COC[21*],18,8,18,0,4,22,5;21,largest_ring_two_bond_fragmentation
FRAG_f2b989b681,JAK2_aba55c653f,C1=C/COCc2ccc(o2)-c2ccnc(n2)Nc2cccc(c2)COC/1,[4*]c1ccc(-c2ccnc(Nc3cccc(C[24*])c3)n2)o1,[5*]COC/C=C/CO[23*],18,7,19,0,4,23,5;23,largest_ring_two_bond_fragmentation
FRAG_f6224d60f8,JAK2_aba55c653f,C1=C/COCc2ccc(o2)-c2ccnc(n2)Nc2cccc(c2)COC/1,[4*]c1ccc(-c2ccnc(Nc3cccc(CO[25*])c3)n2)o1,[5*]COC/C=C/C[24*],18,6,20,0,4,24,5;24,largest_ring_two_bond_fragmentation
FRAG_5b13cda3af,JAK2_aba55c653f,C1=C/COCc2ccc(o2)-c2ccnc(n2)Nc2cccc(c2)COC/1,*COCc1cccc(Nc2nccc(-c3ccc([4*])o3)n2)c1,[5*]COC/C=C/[25*],18,5,21,0,4,25,5;25,largest_ring_two_bond_fragmentation
FRAG_ea30d6d666,JAK2_aba55c653f,C1=C/COCc2ccc(o2)-c2ccnc(n2)Nc2cccc(c2)COC/1,[10*]c1ccc(COC/C=C/COCc2cccc(N[14*])c2)o1,[8*]c1ccnc([16*])n1,18,6,20,6,9,15,8;16,largest_ring_two_bond_fragmentation
FRAG_adeddaac0a,JAK2_aba55c653f,C1=C/COCc2ccc(o2)-c2ccnc(n2)Nc2cccc(c2)COC/1,[10*]c1ccc(COC/C=C/COCc2cccc([16*])c2)o1,[8*]c1ccnc(N[17*])n1,18,7,19,6,9,16,8;17,largest_ring_two_bond_fragmentation
FRAG_682a70e3ee,JAK2_aba55c653f,C1=C/COCc2ccc(o2)-c2ccnc(n2)Nc2cccc(c2)COC/1,[8*]c1ccnc(Nc2cccc(C[24*])c2)n1,[10*]c1ccc(COC/C=C/CO[23*])o1,18,12,14,5,9,23,10;23,largest_ring_two_bond_fragmentation
FRAG_f12829f64b,JAK2_aba55c653f,C1=C/COCc2ccc(o2)-c2ccnc(n2)Nc2cccc(c2)COC/1,[8*]c1ccnc(Nc2cccc(CO[25*])c2)n1,[10*]c1ccc(COC/C=C/C[24*])o1,18,11,15,5,9,24,10;24,largest_ring_two_bond_fragmentation
FRAG_d4971f3db2,JAK2_aba55c653f,C1=C/COCc2ccc(o2)-c2ccnc(n2)Nc2cccc(c2)COC/1,*COCc1cccc(Nc2nccc([8*])n2)c1,[10*]c1ccc(COC/C=C/[25*])o1,18,10,16,5,9,25,10;25,largest_ring_two_bond_fragmentation
FRAG_c5e1e95ec9,JAK2_aba55c653f,C1=C/COCc2ccc(o2)-c2ccnc(n2)Nc2cccc(c2)COC/1,[16*]c1nccc(-c2ccc(COC/C=C/COC[21*])o2)n1,[14*]Nc1cccc([23*])c1,18,7,19,6,15,22,14;23,largest_ring_two_bond_fragmentation
FRAG_e00e566051,JAK2_aba55c653f,C1=C/COCc2ccc(o2)-c2ccnc(n2)Nc2cccc(c2)COC/1,[16*]c1nccc(-c2ccc(COC/C=C/CO[23*])o2)n1,[14*]Nc1cccc(C[24*])c1,18,8,18,6,15,23,14;24,largest_ring_two_bond_fragmentation
FRAG_afe8731ecd,JAK2_aba55c653f,C1=C/COCc2ccc(o2)-c2ccnc(n2)Nc2cccc(c2)COC/1,[16*]c1nccc(-c2ccc(COC/C=C/C[24*])o2)n1,[14*]Nc1cccc(CO[25*])c1,18,9,17,6,15,24,14;25,largest_ring_two_bond_fragmentation
FRAG_456769bcfd,JAK2_aba55c653f,C1=C/COCc2ccc(o2)-c2ccnc(n2)Nc2cccc(c2)COC/1,[16*]c1nccc(-c2ccc(COC/C=C/[25*])o2)n1,*COCc1cccc(N[14*])c1,18,10,16,6,15,25,0;14,largest_ring_two_bond_fragmentation
FRAG_badb8c3a57,JAK2_aba55c653f,C1=C/COCc2ccc(o2)-c2ccnc(n2)Nc2cccc(c2)COC/1,[17*]Nc1nccc(-c2ccc(COC/C=C/COC[21*])o2)n1,[16*]c1cccc([23*])c1,18,6,20,6,16,22,16;23,largest_ring_two_bond_fragmentation
FRAG_1aa21c2bb8,JAK2_aba55c653f,C1=C/COCc2ccc(o2)-c2ccnc(n2)Nc2cccc(c2)COC/1,[17*]Nc1nccc(-c2ccc(COC/C=C/CO[23*])o2)n1,[16*]c1cccc(C[24*])c1,18,7,19,6,16,23,16;24,largest_ring_two_bond_fragmentation
FRAG_ea2bd937d8,JAK2_aba55c653f,C1=C/COCc2ccc(o2)-c2ccnc(n2)Nc2cccc(c2)COC/1,[17*]Nc1nccc(-c2ccc(COC/C=C/C[24*])o2)n1,[16*]c1cccc(CO[25*])c1,18,8,18,6,16,24,16;25,largest_ring_two_bond_fragmentation
FRAG_e44257d07e,JAK2_aba55c653f,C1=C/COCc2ccc(o2)-c2ccnc(n2)Nc2cccc(c2)COC/1,[17*]Nc1nccc(-c2ccc(COC/C=C/[25*])o2)n1,*COCc1cccc([16*])c1,18,9,17,6,16,25,0;16,largest_ring_two_bond_fragmentation
FRAG_e731d6c998,JAK2_aba55c653f,C1=C/COCc2ccc(o2)-c2ccnc(n2)Nc2cccc(c2)COC/1,[23*]c1cccc(Nc2nccc(-c3ccc(COC/C=C/[25*])o3)n2)c1,*COC[21*],18,3,23,0,22,25,0;21,largest_ring_two_bond_fragmentation
FRAG_87b3edbdd9,JAK2_989e4e23b7,CN1C/C=C/COCc2ccc(o2)-c2ccnc(n2)Nc2cccc(c2)C1,[2*]N(C)Cc1cccc(Nc2nccc(-c3ccc(COC[4*])o3)n2)c1,[1*]C/C=C/[5*],18,3,24,0,1,4,1;5,largest_ring_two_bond_fragmentation
FRAG_f764b37860,JAK2_989e4e23b7,CN1C/C=C/COCc2ccc(o2)-c2ccnc(n2)Nc2cccc(c2)C1,[2*]N(C)Cc1cccc(Nc2nccc(-c3ccc(CO[5*])o3)n2)c1,[1*]C/C=C/C[6*],18,4,23,0,1,5,1;6,largest_ring_two_bond_fragmentation
FRAG_786784ddf7,JAK2_989e4e23b7,CN1C/C=C/COCc2ccc(o2)-c2ccnc(n2)Nc2cccc(c2)C1,[2*]N(C)Cc1cccc(Nc2nccc(-c3ccc(C[6*])o3)n2)c1,[1*]C/C=C/CO[7*],18,5,22,0,1,6,1;7,largest_ring_two_bond_fragmentation
FRAG_fe3db441cb,JAK2_989e4e23b7,CN1C/C=C/COCc2ccc(o2)-c2ccnc(n2)Nc2cccc(c2)C1,[2*]N(C)Cc1cccc(Nc2nccc(-c3ccc([7*])o3)n2)c1,[1*]C/C=C/COC[8*],18,6,21,0,1,7,1;8,largest_ring_two_bond_fragmentation
FRAG_0c403d7ba1,JAK2_989e4e23b7,CN1C/C=C/COCc2ccc(o2)-c2ccnc(n2)Nc2cccc(c2)C1,[2*]N(C)Cc1cccc(Nc2nccc([11*])n2)c1,[1*]C/C=C/COCc1ccc([13*])o1,18,11,16,5,1,12,1;13,largest_ring_two_bond_fragmentation
FRAG_2049c49316,JAK2_989e4e23b7,CN1C/C=C/COCc2ccc(o2)-c2ccnc(n2)Nc2cccc(c2)C1,[1*]C/C=C/COCc1ccc(-c2ccnc([19*])n2)o1,[2*]N(C)Cc1cccc(N[17*])c1,18,10,17,6,1,18,2;17,largest_ring_two_bond_fragmentation
FRAG_fffee15050,JAK2_989e4e23b7,CN1C/C=C/COCc2ccc(o2)-c2ccnc(n2)Nc2cccc(c2)C1,[1*]C/C=C/COCc1ccc(-c2ccnc(N[20*])n2)o1,[2*]N(C)Cc1cccc([19*])c1,18,9,18,6,1,19,2;19,largest_ring_two_bond_fragmentation
FRAG_100e600a40,JAK2_989e4e23b7,CN1C/C=C/COCc2ccc(o2)-c2ccnc(n2)Nc2cccc(c2)C1,[1*]C/C=C/COCc1ccc(-c2ccnc(Nc3cccc([26*])c3)n2)o1,[2*]N(C)C[24*],18,3,24,0,1,25,2;24,largest_ring_two_bond_fragmentation
FRAG_d6106ec24c,JAK2_989e4e23b7,CN1C/C=C/COCc2ccc(o2)-c2ccnc(n2)Nc2cccc(c2)C1,[3*]CN(C)Cc1cccc(Nc2nccc(-c3ccc(CO[5*])o3)n2)c1,[2*]/C=C/C[6*],18,3,24,0,2,5,2;6,largest_ring_two_bond_fragmentation
FRAG_a70918a050,JAK2_989e4e23b7,CN1C/C=C/COCc2ccc(o2)-c2ccnc(n2)Nc2cccc(c2)C1,[3*]CN(C)Cc1cccc(Nc2nccc(-c3ccc(C[6*])o3)n2)c1,[2*]/C=C/CO[7*],18,4,23,0,2,6,2;7,largest_ring_two_bond_fragmentation
FRAG_f8f0fe1f89,JAK2_989e4e23b7,CN1C/C=C/COCc2ccc(o2)-c2ccnc(n2)Nc2cccc(c2)C1,[3*]CN(C)Cc1cccc(Nc2nccc(-c3ccc([7*])o3)n2)c1,[2*]/C=C/COC[8*],18,5,22,0,2,7,2;8,largest_ring_two_bond_fragmentation
FRAG_67784838ad,JAK2_989e4e23b7,CN1C/C=C/COCc2ccc(o2)-c2ccnc(n2)Nc2cccc(c2)C1,[3*]CN(C)Cc1cccc(Nc2nccc([11*])n2)c1,[2*]/C=C/COCc1ccc([13*])o1,18,10,17,5,2,12,2;13,largest_ring_two_bond_fragmentation
FRAG_a2a2231fdf,JAK2_989e4e23b7,CN1C/C=C/COCc2ccc(o2)-c2ccnc(n2)Nc2cccc(c2)C1,[2*]/C=C/COCc1ccc(-c2ccnc([19*])n2)o1,[3*]CN(C)Cc1cccc(N[17*])c1,18,11,16,6,2,18,3;17,largest_ring_two_bond_fragmentation
FRAG_234d59be3e,JAK2_989e4e23b7,CN1C/C=C/COCc2ccc(o2)-c2ccnc(n2)Nc2cccc(c2)C1,[2*]/C=C/COCc1ccc(-c2ccnc(N[20*])n2)o1,[3*]CN(C)Cc1cccc([19*])c1,18,10,17,6,2,19,3;19,largest_ring_two_bond_fragmentation
FRAG_c9ad33414f,JAK2_989e4e23b7,CN1C/C=C/COCc2ccc(o2)-c2ccnc(n2)Nc2cccc(c2)C1,[2*]/C=C/COCc1ccc(-c2ccnc(Nc3cccc([26*])c3)n2)o1,[3*]CN(C)C[24*],18,4,23,0,2,25,3;24,largest_ring_two_bond_fragmentation
FRAG_510d917254,JAK2_989e4e23b7,CN1C/C=C/COCc2ccc(o2)-c2ccnc(n2)Nc2cccc(c2)C1,[1*]Cc1cccc(Nc2nccc(-c3ccc(COC/C=C/[2*])o3)n2)c1,[3*]CN([26*])C,18,3,24,0,2,26,3;26,largest_ring_two_bond_fragmentation
FRAG_98a75bfc6a,JAK2_989e4e23b7,CN1C/C=C/COCc2ccc(o2)-c2ccnc(n2)Nc2cccc(c2)C1,[5*]/C=C/CN(C)Cc1cccc(Nc2nccc(-c3ccc([7*])o3)n2)c1,[4*]COC[8*],18,3,24,0,4,7,4;8,largest_ring_two_bond_fragmentation
FRAG_1a9b839ebb,JAK2_989e4e23b7,CN1C/C=C/COCc2ccc(o2)-c2ccnc(n2)Nc2cccc(c2)C1,[5*]/C=C/CN(C)Cc1cccc(Nc2nccc([11*])n2)c1,[4*]COCc1ccc([13*])o1,18,8,19,5,4,12,4;13,largest_ring_two_bond_fragmentation
FRAG_2ee477a032,JAK2_989e4e23b7,CN1C/C=C/COCc2ccc(o2)-c2ccnc(n2)Nc2cccc(c2)C1,[4*]COCc1ccc(-c2ccnc(N[20*])n2)o1,[5*]/C=C/CN(C)Cc1cccc([19*])c1,18,12,15,6,4,19,5;19,largest_ring_two_bond_fragmentation
FRAG_792f8af3e6,JAK2_989e4e23b7,CN1C/C=C/COCc2ccc(o2)-c2ccnc(n2)Nc2cccc(c2)C1,[4*]COCc1ccc(-c2ccnc(Nc3cccc([26*])c3)n2)o1,[5*]/C=C/CN(C)C[24*],18,6,21,0,4,25,5;24,largest_ring_two_bond_fragmentation
FRAG_aa6888962f,JAK2_989e4e23b7,CN1C/C=C/COCc2ccc(o2)-c2ccnc(n2)Nc2cccc(c2)C1,[1*]Cc1cccc(Nc2nccc(-c3ccc(COC[4*])o3)n2)c1,[5*]/C=C/CN([26*])C,18,5,22,0,4,26,5;26,largest_ring_two_bond_fragmentation
FRAG_ea7b1d0ad8,JAK2_989e4e23b7,CN1C/C=C/COCc2ccc(o2)-c2ccnc(n2)Nc2cccc(c2)C1,[6*]C/C=C/CN(C)Cc1cccc(Nc2nccc([11*])n2)c1,[5*]OCc1ccc([13*])o1,18,7,20,5,5,12,5;13,largest_ring_two_bond_fragmentation
FRAG_29932d15df,JAK2_989e4e23b7,CN1C/C=C/COCc2ccc(o2)-c2ccnc(n2)Nc2cccc(c2)C1,[5*]OCc1ccc(-c2ccnc(Nc3cccc([26*])c3)n2)o1,[6*]C/C=C/CN(C)C[24*],18,7,20,0,5,25,6;24,largest_ring_two_bond_fragmentation
FRAG_1936334618,JAK2_989e4e23b7,CN1C/C=C/COCc2ccc(o2)-c2ccnc(n2)Nc2cccc(c2)C1,[1*]Cc1cccc(Nc2nccc(-c3ccc(CO[5*])o3)n2)c1,[6*]C/C=C/CN([26*])C,18,6,21,0,5,26,6;26,largest_ring_two_bond_fragmentation
FRAG_b3a5608de0,JAK2_989e4e23b7,CN1C/C=C/COCc2ccc(o2)-c2ccnc(n2)Nc2cccc(c2)C1,[7*]OC/C=C/CN(C)Cc1cccc(Nc2nccc([11*])n2)c1,[6*]Cc1ccc([13*])o1,18,6,21,5,6,12,6;13,largest_ring_two_bond_fragmentation
FRAG_fc9aae2317,JAK2_989e4e23b7,CN1C/C=C/COCc2ccc(o2)-c2ccnc(n2)Nc2cccc(c2)C1,[7*]OC/C=C/CN(C)Cc1cccc(N[17*])c1,[6*]Cc1ccc(-c2ccnc([19*])n2)o1,18,12,15,6,6,18,6;19,largest_ring_two_bond_fragmentation
FRAG_7f5ec1a204,JAK2_989e4e23b7,CN1C/C=C/COCc2ccc(o2)-c2ccnc(n2)Nc2cccc(c2)C1,[6*]Cc1ccc(-c2ccnc(Nc3cccc([26*])c3)n2)o1,[7*]OC/C=C/CN(C)C[24*],18,8,19,0,6,25,7;24,largest_ring_two_bond_fragmentation
FRAG_be25f139d4,JAK2_989e4e23b7,CN1C/C=C/COCc2ccc(o2)-c2ccnc(n2)Nc2cccc(c2)C1,[1*]Cc1cccc(Nc2nccc(-c3ccc(C[6*])o3)n2)c1,[7*]OC/C=C/CN([26*])C,18,7,20,0,6,26,7;26,largest_ring_two_bond_fragmentation
FRAG_004e6ff557,JAK2_989e4e23b7,CN1C/C=C/COCc2ccc(o2)-c2ccnc(n2)Nc2cccc(c2)C1,[8*]COC/C=C/CN(C)Cc1cccc(Nc2nccc([11*])n2)c1,[7*]c1ccc([13*])o1,18,5,22,5,7,12,7;13,largest_ring_two_bond_fragmentation
FRAG_0f1a1da2a0,JAK2_989e4e23b7,CN1C/C=C/COCc2ccc(o2)-c2ccnc(n2)Nc2cccc(c2)C1,[8*]COC/C=C/CN(C)Cc1cccc(N[17*])c1,[7*]c1ccc(-c2ccnc([19*])n2)o1,18,11,16,6,7,18,7;19,largest_ring_two_bond_fragmentation
FRAG_0e5bb1d4b5,JAK2_989e4e23b7,CN1C/C=C/COCc2ccc(o2)-c2ccnc(n2)Nc2cccc(c2)C1,[8*]COC/C=C/CN(C)Cc1cccc([19*])c1,[7*]c1ccc(-c2ccnc(N[20*])n2)o1,18,12,15,6,7,19,7;20,largest_ring_two_bond_fragmentation
FRAG_077040490c,JAK2_989e4e23b7,CN1C/C=C/COCc2ccc(o2)-c2ccnc(n2)Nc2cccc(c2)C1,[7*]c1ccc(-c2ccnc(Nc3cccc([26*])c3)n2)o1,[8*]COC/C=C/CN(C)C[24*],18,9,18,0,7,25,8;24,largest_ring_two_bond_fragmentation
FRAG_57ad86ba5c,JAK2_989e4e23b7,CN1C/C=C/COCc2ccc(o2)-c2ccnc(n2)Nc2cccc(c2)C1,[1*]Cc1cccc(Nc2nccc(-c3ccc([7*])o3)n2)c1,[8*]COC/C=C/CN([26*])C,18,8,19,0,7,26,8;26,largest_ring_two_bond_fragmentation
FRAG_183c05421f,JAK2_989e4e23b7,CN1C/C=C/COCc2ccc(o2)-c2ccnc(n2)Nc2cccc(c2)C1,[13*]c1ccc(COC/C=C/CN(C)Cc2cccc(N[17*])c2)o1,[11*]c1ccnc([19*])n1,18,6,21,6,12,18,11;19,largest_ring_two_bond_fragmentation
FRAG_5bd14aa922,JAK2_989e4e23b7,CN1C/C=C/COCc2ccc(o2)-c2ccnc(n2)Nc2cccc(c2)C1,[13*]c1ccc(COC/C=C/CN(C)Cc2cccc([19*])c2)o1,[11*]c1ccnc(N[20*])n1,18,7,20,6,12,19,11;20,largest_ring_two_bond_fragmentation
FRAG_0f9179e355,JAK2_989e4e23b7,CN1C/C=C/COCc2ccc(o2)-c2ccnc(n2)Nc2cccc(c2)C1,[19*]c1nccc(-c2ccc(COC/C=C/CN(C)C[24*])o2)n1,[17*]Nc1cccc([26*])c1,18,7,20,6,18,25,17;26,largest_ring_two_bond_fragmentation
FRAG_ca55d2ceab,JAK2_989e4e23b7,CN1C/C=C/COCc2ccc(o2)-c2ccnc(n2)Nc2cccc(c2)C1,[19*]c1nccc(-c2ccc(COC/C=C/CN([26*])C)o2)n1,[1*]Cc1cccc(N[17*])c1,18,8,19,6,18,26,1;17,largest_ring_two_bond_fragmentation
FRAG_20673767b0,JAK2_989e4e23b7,CN1C/C=C/COCc2ccc(o2)-c2ccnc(n2)Nc2cccc(c2)C1,[20*]Nc1nccc(-c2ccc(COC/C=C/CN(C)C[24*])o2)n1,[19*]c1cccc([26*])c1,18,6,21,6,19,25,19;26,largest_ring_two_bond_fragmentation
FRAG_921ffce2fa,JAK2_989e4e23b7,CN1C/C=C/COCc2ccc(o2)-c2ccnc(n2)Nc2cccc(c2)C1,[20*]Nc1nccc(-c2ccc(COC/C=C/CN([26*])C)o2)n1,[1*]Cc1cccc([19*])c1,18,7,20,6,19,26,1;19,largest_ring_two_bond_fragmentation
FRAG_964c2865b2,JAK2_bb5849ef90,CN1C/C=C/CNC(=O)c2cccc(c2)-c2ccnc(n2)Nc2cccc(c2)C1,[2*]N(C)Cc1cccc(Nc2nccc(-c3cccc(C(=O)NC[4*])c3)n2)c1,[1*]C/C=C/[5*],18,3,26,0,1,4,1;5,largest_ring_two_bond_fragmentation
FRAG_f88689098e,JAK2_bb5849ef90,CN1C/C=C/CNC(=O)c2cccc(c2)-c2ccnc(n2)Nc2cccc(c2)C1,[2*]N(C)Cc1cccc(Nc2nccc(-c3cccc(C(=O)N[5*])c3)n2)c1,[1*]C/C=C/C[6*],18,4,25,0,1,5,1;6,largest_ring_two_bond_fragmentation
FRAG_1832220e46,JAK2_bb5849ef90,CN1C/C=C/CNC(=O)c2cccc(c2)-c2ccnc(n2)Nc2cccc(c2)C1,[2*]N(C)Cc1cccc(Nc2nccc(-c3cccc(C([6*])=O)c3)n2)c1,[1*]C/C=C/CN[7*],18,5,24,0,1,6,1;7,largest_ring_two_bond_fragmentation
FRAG_4c8d268ebc,JAK2_bb5849ef90,CN1C/C=C/CNC(=O)c2cccc(c2)-c2ccnc(n2)Nc2cccc(c2)C1,[2*]N(C)Cc1cccc(Nc2nccc(-c3cccc([7*])c3)n2)c1,[1*]C/C=C/CNC([9*])=O,18,7,22,0,1,8,1;9,largest_ring_two_bond_fragmentation
FRAG_69659d6761,JAK2_bb5849ef90,CN1C/C=C/CNC(=O)c2cccc(c2)-c2ccnc(n2)Nc2cccc(c2)C1,[1*]C/C=C/CNC(=O)c1cccc(-c2ccnc([21*])n2)c1,[2*]N(C)Cc1cccc(N[19*])c1,18,10,19,6,1,20,2;19,largest_ring_two_bond_fragmentation
FRAG_0e598c2c31,JAK2_bb5849ef90,CN1C/C=C/CNC(=O)c2cccc(c2)-c2ccnc(n2)Nc2cccc(c2)C1,[1*]C/C=C/CNC(=O)c1cccc(-c2ccnc(N[22*])n2)c1,[2*]N(C)Cc1cccc([21*])c1,18,9,20,6,1,21,2;21,largest_ring_two_bond_fragmentation
FRAG_a7522702df,JAK2_bb5849ef90,CN1C/C=C/CNC(=O)c2cccc(c2)-c2ccnc(n2)Nc2cccc(c2)C1,[1*]C/C=C/CNC(=O)c1cccc(-c2ccnc(Nc3cccc([28*])c3)n2)c1,[2*]N(C)C[26*],18,3,26,0,1,27,2;26,largest_ring_two_bond_fragmentation
FRAG_fb6ca6d6d5,JAK2_bb5849ef90,CN1C/C=C/CNC(=O)c2cccc(c2)-c2ccnc(n2)Nc2cccc(c2)C1,[3*]CN(C)Cc1cccc(Nc2nccc(-c3cccc(C(=O)N[5*])c3)n2)c1,[2*]/C=C/C[6*],18,3,26,0,2,5,2;6,largest_ring_two_bond_fragmentation
FRAG_54c5c2a12a,JAK2_bb5849ef90,CN1C/C=C/CNC(=O)c2cccc(c2)-c2ccnc(n2)Nc2cccc(c2)C1,[3*]CN(C)Cc1cccc(Nc2nccc(-c3cccc(C([6*])=O)c3)n2)c1,[2*]/C=C/CN[7*],18,4,25,0,2,6,2;7,largest_ring_two_bond_fragmentation
FRAG_2d8ddb09ce,JAK2_bb5849ef90,CN1C/C=C/CNC(=O)c2cccc(c2)-c2ccnc(n2)Nc2cccc(c2)C1,[3*]CN(C)Cc1cccc(Nc2nccc(-c3cccc([7*])c3)n2)c1,[2*]/C=C/CNC([9*])=O,18,6,23,0,2,8,2;9,largest_ring_two_bond_fragmentation
FRAG_fe3468b570,JAK2_bb5849ef90,CN1C/C=C/CNC(=O)c2cccc(c2)-c2ccnc(n2)Nc2cccc(c2)C1,[3*]CN(C)Cc1cccc(Nc2nccc([13*])n2)c1,[2*]/C=C/CNC(=O)c1cccc([15*])c1,18,12,17,6,2,14,2;15,largest_ring_two_bond_fragmentation
FRAG_e9bf03736b,JAK2_bb5849ef90,CN1C/C=C/CNC(=O)c2cccc(c2)-c2ccnc(n2)Nc2cccc(c2)C1,[2*]/C=C/CNC(=O)c1cccc(-c2ccnc([21*])n2)c1,[3*]CN(C)Cc1cccc(N[19*])c1,18,11,18,6,2,20,3;19,largest_ring_two_bond_fragmentation
FRAG_289fe3537b,JAK2_bb5849ef90,CN1C/C=C/CNC(=O)c2cccc(c2)-c2ccnc(n2)Nc2cccc(c2)C1,[2*]/C=C/CNC(=O)c1cccc(-c2ccnc(N[22*])n2)c1,[3*]CN(C)Cc1cccc([21*])c1,18,10,19,6,2,21,3;21,largest_ring_two_bond_fragmentation
FRAG_a203dc8498,JAK2_bb5849ef90,CN1C/C=C/CNC(=O)c2cccc(c2)-c2ccnc(n2)Nc2cccc(c2)C1,[2*]/C=C/CNC(=O)c1cccc(-c2ccnc(Nc3cccc([28*])c3)n2)c1,[3*]CN(C)C[26*],18,4,25,0,2,27,3;26,largest_ring_two_bond_fragmentation
FRAG_4459890afd,JAK2_bb5849ef90,CN1C/C=C/CNC(=O)c2cccc(c2)-c2ccnc(n2)Nc2cccc(c2)C1,[1*]Cc1cccc(Nc2nccc(-c3cccc(C(=O)NC/C=C/[2*])c3)n2)c1,[3*]CN([28*])C,18,3,26,0,2,28,3;28,largest_ring_two_bond_fragmentation
FRAG_d13ef9912f,JAK2_bb5849ef90,CN1C/C=C/CNC(=O)c2cccc(c2)-c2ccnc(n2)Nc2cccc(c2)C1,[5*]/C=C/CN(C)Cc1cccc(Nc2nccc(-c3cccc([7*])c3)n2)c1,[4*]CNC([9*])=O,18,4,25,0,4,8,4;9,largest_ring_two_bond_fragmentation
FRAG_e6dba5dcc2,JAK2_bb5849ef90,CN1C/C=C/CNC(=O)c2cccc(c2)-c2ccnc(n2)Nc2cccc(c2)C1,[5*]/C=C/CN(C)Cc1cccc(Nc2nccc([13*])n2)c1,[4*]CNC(=O)c1cccc([15*])c1,18,10,19,6,4,14,4;15,largest_ring_two_bond_fragmentation
FRAG_698db67439,JAK2_bb5849ef90,CN1C/C=C/CNC(=O)c2cccc(c2)-c2ccnc(n2)Nc2cccc(c2)C1,[4*]CNC(=O)c1cccc(-c2ccnc(N[22*])n2)c1,[5*]/C=C/CN(C)Cc1cccc([21*])c1,18,12,17,6,4,21,5;21,largest_ring_two_bond_fragmentation
FRAG_3d28ed14ea,JAK2_bb5849ef90,CN1C/C=C/CNC(=O)c2cccc(c2)-c2ccnc(n2)Nc2cccc(c2)C1,[4*]CNC(=O)c1cccc(-c2ccnc(Nc3cccc([28*])c3)n2)c1,[5*]/C=C/CN(C)C[26*],18,6,23,0,4,27,5;26,largest_ring_two_bond_fragmentation
FRAG_985056bf09,JAK2_bb5849ef90,CN1C/C=C/CNC(=O)c2cccc(c2)-c2ccnc(n2)Nc2cccc(c2)C1,[1*]Cc1cccc(Nc2nccc(-c3cccc(C(=O)NC[4*])c3)n2)c1,[5*]/C=C/CN([28*])C,18,5,24,0,4,28,5;28,largest_ring_two_bond_fragmentation
FRAG_046da6d152,JAK2_bb5849ef90,CN1C/C=C/CNC(=O)c2cccc(c2)-c2ccnc(n2)Nc2cccc(c2)C1,[6*]C/C=C/CN(C)Cc1cccc(Nc2nccc(-c3cccc([7*])c3)n2)c1,[5*]NC([9*])=O,18,3,26,0,5,8,5;9,largest_ring_two_bond_fragmentation
FRAG_27f64194cb,JAK2_bb5849ef90,CN1C/C=C/CNC(=O)c2cccc(c2)-c2ccnc(n2)Nc2cccc(c2)C1,[6*]C/C=C/CN(C)Cc1cccc(Nc2nccc([13*])n2)c1,[5*]NC(=O)c1cccc([15*])c1,18,9,20,6,5,14,5;15,largest_ring_two_bond_fragmentation
FRAG_1675570a14,JAK2_bb5849ef90,CN1C/C=C/CNC(=O)c2cccc(c2)-c2ccnc(n2)Nc2cccc(c2)C1,[5*]NC(=O)c1cccc(-c2ccnc(Nc3cccc([28*])c3)n2)c1,[6*]C/C=C/CN(C)C[26*],18,7,22,0,5,27,6;26,largest_ring_two_bond_fragmentation
FRAG_9285b9028e,JAK2_bb5849ef90,CN1C/C=C/CNC(=O)c2cccc(c2)-c2ccnc(n2)Nc2cccc(c2)C1,[1*]Cc1cccc(Nc2nccc(-c3cccc(C(=O)N[5*])c3)n2)c1,[6*]C/C=C/CN([28*])C,18,6,23,0,5,28,6;28,largest_ring_two_bond_fragmentation
FRAG_489f7f5a76,JAK2_bb5849ef90,CN1C/C=C/CNC(=O)c2cccc(c2)-c2ccnc(n2)Nc2cccc(c2)C1,[7*]NC/C=C/CN(C)Cc1cccc(Nc2nccc([13*])n2)c1,[6*]C(=O)c1cccc([15*])c1,18,8,21,6,6,14,6;15,largest_ring_two_bond_fragmentation
FRAG_7ba1a66041,JAK2_bb5849ef90,CN1C/C=C/CNC(=O)c2cccc(c2)-c2ccnc(n2)Nc2cccc(c2)C1,[6*]C(=O)c1cccc(-c2ccnc(Nc3cccc([28*])c3)n2)c1,[7*]NC/C=C/CN(C)C[26*],18,8,21,0,6,27,7;26,largest_ring_two_bond_fragmentation
FRAG_7d33eae8b5,JAK2_bb5849ef90,CN1C/C=C/CNC(=O)c2cccc(c2)-c2ccnc(n2)Nc2cccc(c2)C1,[1*]Cc1cccc(Nc2nccc(-c3cccc(C([6*])=O)c3)n2)c1,[7*]NC/C=C/CN([28*])C,18,7,22,0,6,28,7;28,largest_ring_two_bond_fragmentation
FRAG_99b109cf0e,JAK2_bb5849ef90,CN1C/C=C/CNC(=O)c2cccc(c2)-c2ccnc(n2)Nc2cccc(c2)C1,[9*]C(=O)NC/C=C/CN(C)Cc1cccc(Nc2nccc([13*])n2)c1,[7*]c1cccc([15*])c1,18,6,23,6,8,14,7;15,largest_ring_two_bond_fragmentation
FRAG_97d7550d20,JAK2_bb5849ef90,CN1C/C=C/CNC(=O)c2cccc(c2)-c2ccnc(n2)Nc2cccc(c2)C1,[9*]C(=O)NC/C=C/CN(C)Cc1cccc(N[19*])c1,[7*]c1cccc(-c2ccnc([21*])n2)c1,18,12,17,6,8,20,7;21,largest_ring_two_bond_fragmentation
FRAG_45948385e4,JAK2_bb5849ef90,CN1C/C=C/CNC(=O)c2cccc(c2)-c2ccnc(n2)Nc2cccc(c2)C1,[7*]c1cccc(-c2ccnc(Nc3cccc([28*])c3)n2)c1,[9*]C(=O)NC/C=C/CN(C)C[26*],18,10,19,0,8,27,9;26,largest_ring_two_bond_fragmentation
FRAG_d39acc84c8,JAK2_bb5849ef90,CN1C/C=C/CNC(=O)c2cccc(c2)-c2ccnc(n2)Nc2cccc(c2)C1,[1*]Cc1cccc(Nc2nccc(-c3cccc([7*])c3)n2)c1,[9*]C(=O)NC/C=C/CN([28*])C,18,9,20,0,8,28,9;28,largest_ring_two_bond_fragmentation
FRAG_53dc5b9c9b,JAK2_bb5849ef90,CN1C/C=C/CNC(=O)c2cccc(c2)-c2ccnc(n2)Nc2cccc(c2)C1,[15*]c1cccc(C(=O)NC/C=C/CN(C)Cc2cccc(N[19*])c2)c1,[13*]c1ccnc([21*])n1,18,6,23,6,14,20,13;21,largest_ring_two_bond_fragmentation
FRAG_25d8d2f094,JAK2_bb5849ef90,CN1C/C=C/CNC(=O)c2cccc(c2)-c2ccnc(n2)Nc2cccc(c2)C1,[15*]c1cccc(C(=O)NC/C=C/CN(C)Cc2cccc([21*])c2)c1,[13*]c1ccnc(N[22*])n1,18,7,22,6,14,21,13;22,largest_ring_two_bond_fragmentation
FRAG_8527ad6e69,JAK2_bb5849ef90,CN1C/C=C/CNC(=O)c2cccc(c2)-c2ccnc(n2)Nc2cccc(c2)C1,[21*]c1nccc(-c2cccc(C(=O)NC/C=C/CN(C)C[26*])c2)n1,[19*]Nc1cccc([28*])c1,18,7,22,6,20,27,19;28,largest_ring_two_bond_fragmentation
FRAG_c39c403abf,JAK2_bb5849ef90,CN1C/C=C/CNC(=O)c2cccc(c2)-c2ccnc(n2)Nc2cccc(c2)C1,[21*]c1nccc(-c2cccc(C(=O)NC/C=C/CN([28*])C)c2)n1,[1*]Cc1cccc(N[19*])c1,18,8,21,6,20,28,1;19,largest_ring_two_bond_fragmentation
FRAG_c0ae7c0b87,JAK2_bb5849ef90,CN1C/C=C/CNC(=O)c2cccc(c2)-c2ccnc(n2)Nc2cccc(c2)C1,[22*]Nc1nccc(-c2cccc(C(=O)NC/C=C/CN(C)C[26*])c2)n1,[21*]c1cccc([28*])c1,18,6,23,6,21,27,21;28,largest_ring_two_bond_fragmentation
FRAG_9beab3534d,JAK2_bb5849ef90,CN1C/C=C/CNC(=O)c2cccc(c2)-c2ccnc(n2)Nc2cccc(c2)C1,[22*]Nc1nccc(-c2cccc(C(=O)NC/C=C/CN([28*])C)c2)n1,[1*]Cc1cccc([21*])c1,18,7,22,6,21,28,1;21,largest_ring_two_bond_fragmentation
FRAG_efe541c0a5,JAK2_5d0ef37da5,C1=C/COCc2cc(ccc2OCCN2CCCC2)Nc2nccc(n2)-c2csc(c2)COC/1,[2*]/C=C/COCc1cc(-c2ccnc(Nc3ccc(OCCN4CCCC4)c([4*])c3)n2)cs1,[1*]COC[5*],18,3,31,0,1,4,1;5,largest_ring_two_bond_fragmentation
FRAG_28e7cdb054,JAK2_5d0ef37da5,C1=C/COCc2cc(ccc2OCCN2CCCC2)Nc2nccc(n2)-c2csc(c2)COC/1,[1*]COCc1cc(Nc2nccc([26*])n2)ccc1OCCN1CCCC1,[2*]/C=C/COCc1cc([24*])cs1,18,10,24,5,1,25,2;24,largest_ring_two_bond_fragmentation
FRAG_b297a9218f,JAK2_5d0ef37da5,C1=C/COCc2cc(ccc2OCCN2CCCC2)Nc2nccc(n2)-c2csc(c2)COC/1,[1*]COCc1cc(Nc2nccc(-c3csc([31*])c3)n2)ccc1OCCN1CCCC1,[2*]/C=C/COC[29*],18,5,29,0,1,30,2;29,largest_ring_two_bond_fragmentation
FRAG_9ccd8f0758,JAK2_5d0ef37da5,C1=C/COCc2cc(ccc2OCCN2CCCC2)Nc2nccc(n2)-c2csc(c2)COC/1,[1*]COCc1cc(Nc2nccc(-c3csc(C[32*])c3)n2)ccc1OCCN1CCCC1,[2*]/C=C/CO[31*],18,4,30,0,1,31,2;31,largest_ring_two_bond_fragmentation
FRAG_3e6d5f0cf5,JAK2_5d0ef37da5,C1=C/COCc2cc(ccc2OCCN2CCCC2)Nc2nccc(n2)-c2csc(c2)COC/1,[1*]COCc1cc(Nc2nccc(-c3csc(CO[33*])c3)n2)ccc1OCCN1CCCC1,[2*]/C=C/C[32*],18,3,31,0,1,32,2;32,largest_ring_two_bond_fragmentation
FRAG_2cf828bcc6,JAK2_5d0ef37da5,C1=C/COCc2cc(ccc2OCCN2CCCC2)Nc2nccc(n2)-c2csc(c2)COC/1,[2*]OCc1cc(Nc2nccc([26*])n2)ccc1OCCN1CCCC1,[3*]C/C=C/COCc1cc([24*])cs1,18,11,23,5,2,25,3;24,largest_ring_two_bond_fragmentation
FRAG_0342ebfef5,JAK2_5d0ef37da5,C1=C/COCc2cc(ccc2OCCN2CCCC2)Nc2nccc(n2)-c2csc(c2)COC/1,[2*]OCc1cc(Nc2nccc(-c3csc([31*])c3)n2)ccc1OCCN1CCCC1,[3*]C/C=C/COC[29*],18,6,28,0,2,30,3;29,largest_ring_two_bond_fragmentation
FRAG_6f25b7149b,JAK2_5d0ef37da5,C1=C/COCc2cc(ccc2OCCN2CCCC2)Nc2nccc(n2)-c2csc(c2)COC/1,[2*]OCc1cc(Nc2nccc(-c3csc(C[32*])c3)n2)ccc1OCCN1CCCC1,[3*]C/C=C/CO[31*],18,5,29,0,2,31,3;31,largest_ring_two_bond_fragmentation
FRAG_3cb8d1c2aa,JAK2_5d0ef37da5,C1=C/COCc2cc(ccc2OCCN2CCCC2)Nc2nccc(n2)-c2csc(c2)COC/1,[2*]OCc1cc(Nc2nccc(-c3csc(CO[33*])c3)n2)ccc1OCCN1CCCC1,[3*]C/C=C/C[32*],18,4,30,0,2,32,3;32,largest_ring_two_bond_fragmentation
FRAG_a9c1e95f57,JAK2_5d0ef37da5,C1=C/COCc2cc(ccc2OCCN2CCCC2)Nc2nccc(n2)-c2csc(c2)COC/1,*COCc1cc(-c2ccnc(Nc3ccc(OCCN4CCCC4)c(CO[2*])c3)n2)cs1,[3*]C/C=C/[33*],18,3,31,0,2,33,3;33,largest_ring_two_bond_fragmentation
FRAG_ac211ddb6b,JAK2_5d0ef37da5,C1=C/COCc2cc(ccc2OCCN2CCCC2)Nc2nccc(n2)-c2csc(c2)COC/1,[3*]Cc1cc(Nc2nccc([26*])n2)ccc1OCCN1CCCC1,[4*]OC/C=C/COCc1cc([24*])cs1,18,12,22,5,3,25,4;24,largest_ring_two_bond_fragmentation
FRAG_05508c8a20,JAK2_5d0ef37da5,C1=C/COCc2cc(ccc2OCCN2CCCC2)Nc2nccc(n2)-c2csc(c2)COC/1,[3*]Cc1cc(Nc2nccc(-c3csc([31*])c3)n2)ccc1OCCN1CCCC1,[4*]OC/C=C/COC[29*],18,7,27,0,3,30,4;29,largest_ring_two_bond_fragmentation
FRAG_fd5235bf3c,JAK2_5d0ef37da5,C1=C/COCc2cc(ccc2OCCN2CCCC2)Nc2nccc(n2)-c2csc(c2)COC/1,[3*]Cc1cc(Nc2nccc(-c3csc(C[32*])c3)n2)ccc1OCCN1CCCC1,[4*]OC/C=C/CO[31*],18,6,28,0,3,31,4;31,largest_ring_two_bond_fragmentation
FRAG_38f1fbf811,JAK2_5d0ef37da5,C1=C/COCc2cc(ccc2OCCN2CCCC2)Nc2nccc(n2)-c2csc(c2)COC/1,[3*]Cc1cc(Nc2nccc(-c3csc(CO[33*])c3)n2)ccc1OCCN1CCCC1,[4*]OC/C=C/C[32*],18,5,29,0,3,32,4;32,largest_ring_two_bond_fragmentation
FRAG_e5db78cfb9,JAK2_5d0ef37da5,C1=C/COCc2cc(ccc2OCCN2CCCC2)Nc2nccc(n2)-c2csc(c2)COC/1,*COCc1cc(-c2ccnc(Nc3ccc(OCCN4CCCC4)c(C[3*])c3)n2)cs1,[4*]OC/C=C/[33*],18,4,30,0,3,33,4;33,largest_ring_two_bond_fragmentation
FRAG_5e90dae9d0,JAK2_5d0ef37da5,C1=C/COCc2cc(ccc2OCCN2CCCC2)Nc2nccc(n2)-c2csc(c2)COC/1,[4*]c1cc(Nc2nccc(-c3csc([31*])c3)n2)ccc1OCCN1CCCC1,[5*]COC/C=C/COC[29*],18,8,26,0,4,30,5;29,largest_ring_two_bond_fragmentation
FRAG_b2fc85fc12,JAK2_5d0ef37da5,C1=C/COCc2cc(ccc2OCCN2CCCC2)Nc2nccc(n2)-c2csc(c2)COC/1,[4*]c1cc(Nc2nccc(-c3csc(C[32*])c3)n2)ccc1OCCN1CCCC1,[5*]COC/C=C/CO[31*],18,7,27,0,4,31,5;31,largest_ring_two_bond_fragmentation
FRAG_c2af7d17e4,JAK2_5d0ef37da5,C1=C/COCc2cc(ccc2OCCN2CCCC2)Nc2nccc(n2)-c2csc(c2)COC/1,[4*]c1cc(Nc2nccc(-c3csc(CO[33*])c3)n2)ccc1OCCN1CCCC1,[5*]COC/C=C/C[32*],18,6,28,0,4,32,5;32,largest_ring_two_bond_fragmentation
FRAG_8e93cea3cf,JAK2_5d0ef37da5,C1=C/COCc2cc(ccc2OCCN2CCCC2)Nc2nccc(n2)-c2csc(c2)COC/1,*COCc1cc(-c2ccnc(Nc3ccc(OCCN4CCCC4)c([4*])c3)n2)cs1,[5*]COC/C=C/[33*],18,5,29,0,4,33,5;33,largest_ring_two_bond_fragmentation
FRAG_6adeecf835,JAK2_5d0ef37da5,C1=C/COCc2cc(ccc2OCCN2CCCC2)Nc2nccc(n2)-c2csc(c2)COC/1,[19*]c1ccc(OCCN2CCCC2)c(COC/C=C/COCc2cc([24*])cs2)c1,[7*]Nc1nccc([26*])n1,18,7,27,6,18,25,7;26,largest_ring_two_bond_fragmentation
FRAG_3dc6d0bb37,JAK2_5d0ef37da5,C1=C/COCc2cc(ccc2OCCN2CCCC2)Nc2nccc(n2)-c2csc(c2)COC/1,[19*]c1ccc(OCCN2CCCC2)c(COC/C=C/COC[29*])c1,[7*]Nc1nccc(-c2csc([31*])c2)n1,18,12,22,6,18,30,7;31,largest_ring_two_bond_fragmentation
FRAG_431bfa3bc0,JAK2_5d0ef37da5,C1=C/COCc2cc(ccc2OCCN2CCCC2)Nc2nccc(n2)-c2csc(c2)COC/1,[20*]Nc1ccc(OCCN2CCCC2)c(COC/C=C/COCc2cc([24*])cs2)c1,[19*]c1nccc([26*])n1,18,6,28,6,19,25,19;26,largest_ring_two_bond_fragmentation
FRAG_ec24e0445a,JAK2_5d0ef37da5,C1=C/COCc2cc(ccc2OCCN2CCCC2)Nc2nccc(n2)-c2csc(c2)COC/1,[20*]Nc1ccc(OCCN2CCCC2)c(COC/C=C/COC[29*])c1,[19*]c1nccc(-c2csc([31*])c2)n1,18,11,23,6,19,30,19;31,largest_ring_two_bond_fragmentation
FRAG_77453e2693,JAK2_5d0ef37da5,C1=C/COCc2cc(ccc2OCCN2CCCC2)Nc2nccc(n2)-c2csc(c2)COC/1,[20*]Nc1ccc(OCCN2CCCC2)c(COC/C=C/CO[31*])c1,[19*]c1nccc(-c2csc(C[32*])c2)n1,18,12,22,6,19,31,19;32,largest_ring_two_bond_fragmentation
FRAG_0a69e15ae7,JAK2_5d0ef37da5,C1=C/COCc2cc(ccc2OCCN2CCCC2)Nc2nccc(n2)-c2csc(c2)COC/1,[26*]c1ccnc(Nc2ccc(OCCN3CCCC3)c(COC/C=C/COC[29*])c2)n1,[24*]c1csc([31*])c1,18,5,29,5,25,30,24;31,largest_ring_two_bond_fragmentation
FRAG_74e53abffb,JAK2_5d0ef37da5,C1=C/COCc2cc(ccc2OCCN2CCCC2)Nc2nccc(n2)-c2csc(c2)COC/1,[26*]c1ccnc(Nc2ccc(OCCN3CCCC3)c(COC/C=C/CO[31*])c2)n1,[24*]c1csc(C[32*])c1,18,6,28,5,25,31,24;32,largest_ring_two_bond_fragmentation
FRAG_82d9342b46,JAK2_5d0ef37da5,C1=C/COCc2cc(ccc2OCCN2CCCC2)Nc2nccc(n2)-c2csc(c2)COC/1,[26*]c1ccnc(Nc2ccc(OCCN3CCCC3)c(COC/C=C/C[32*])c2)n1,[24*]c1csc(CO[33*])c1,18,7,27,5,25,32,24;33,largest_ring_two_bond_fragmentation
FRAG_6754a73572,JAK2_5d0ef37da5,C1=C/COCc2cc(ccc2OCCN2CCCC2)Nc2nccc(n2)-c2csc(c2)COC/1,[26*]c1ccnc(Nc2ccc(OCCN3CCCC3)c(COC/C=C/[33*])c2)n1,*COCc1cc([24*])cs1,18,8,26,5,25,33,0;24,largest_ring_two_bond_fragmentation
FRAG_9c555291bb,JAK2_5d0ef37da5,C1=C/COCc2cc(ccc2OCCN2CCCC2)Nc2nccc(n2)-c2csc(c2)COC/1,[31*]c1cc(-c2ccnc(Nc3ccc(OCCN4CCCC4)c(COC/C=C/[33*])c3)n2)cs1,*COC[29*],18,3,31,0,30,33,0;29,largest_ring_two_bond_fragmentation
FRAG_efb4cc49d7,JAK2_1646d01925,CC(C)CN1C/C=C/CCOc2cccc(c2)-c2ccnc(n2)Nc2cccc(c2)C1,[5*]N(Cc1cccc(Nc2nccc(-c3cccc(OCC[7*])c3)n2)c1)CC(C)C,[4*]C/C=C/[8*],18,3,28,0,4,7,4;8,largest_ring_two_bond_fragmentation
FRAG_9cc4e46a04,JAK2_1646d01925,CC(C)CN1C/C=C/CCOc2cccc(c2)-c2ccnc(n2)Nc2cccc(c2)C1,[5*]N(Cc1cccc(Nc2nccc(-c3cccc(OC[8*])c3)n2)c1)CC(C)C,[4*]C/C=C/C[9*],18,4,27,0,4,8,4;9,largest_ring_two_bond_fragmentation
FRAG_64951ed087,JAK2_1646d01925,CC(C)CN1C/C=C/CCOc2cccc(c2)-c2ccnc(n2)Nc2cccc(c2)C1,[5*]N(Cc1cccc(Nc2nccc(-c3cccc(O[9*])c3)n2)c1)CC(C)C,[4*]C/C=C/CC[10*],18,5,26,0,4,9,4;10,largest_ring_two_bond_fragmentation
FRAG_ad9b4ba534,JAK2_1646d01925,CC(C)CN1C/C=C/CCOc2cccc(c2)-c2ccnc(n2)Nc2cccc(c2)C1,[5*]N(Cc1cccc(Nc2nccc(-c3cccc([10*])c3)n2)c1)CC(C)C,[4*]C/C=C/CCO[11*],18,6,25,0,4,10,4;11,largest_ring_two_bond_fragmentation
FRAG_204658cee3,JAK2_1646d01925,CC(C)CN1C/C=C/CCOc2cccc(c2)-c2ccnc(n2)Nc2cccc(c2)C1,[5*]N(Cc1cccc(Nc2nccc([15*])n2)c1)CC(C)C,[4*]C/C=C/CCOc1cccc([17*])c1,18,12,19,6,4,16,4;17,largest_ring_two_bond_fragmentation
FRAG_17a34c57b6,JAK2_1646d01925,CC(C)CN1C/C=C/CCOc2cccc(c2)-c2ccnc(n2)Nc2cccc(c2)C1,[4*]C/C=C/CCOc1cccc(-c2ccnc(N[24*])n2)c1,[5*]N(Cc1cccc([23*])c1)CC(C)C,18,12,19,6,4,23,5;23,largest_ring_two_bond_fragmentation
FRAG_c8fc2e2ed4,JAK2_1646d01925,CC(C)CN1C/C=C/CCOc2cccc(c2)-c2ccnc(n2)Nc2cccc(c2)C1,[4*]C/C=C/CCOc1cccc(-c2ccnc(Nc3cccc([30*])c3)n2)c1,[5*]N(C[28*])CC(C)C,18,6,25,0,4,29,5;28,largest_ring_two_bond_fragmentation
FRAG_aa3524fb49,JAK2_1646d01925,CC(C)CN1C/C=C/CCOc2cccc(c2)-c2ccnc(n2)Nc2cccc(c2)C1,[6*]CN(Cc1cccc(Nc2nccc(-c3cccc(OC[8*])c3)n2)c1)CC(C)C,[5*]/C=C/C[9*],18,3,28,0,5,8,5;9,largest_ring_two_bond_fragmentation
FRAG_befda2d9d5,JAK2_1646d01925,CC(C)CN1C/C=C/CCOc2cccc(c2)-c2ccnc(n2)Nc2cccc(c2)C1,[6*]CN(Cc1cccc(Nc2nccc(-c3cccc(O[9*])c3)n2)c1)CC(C)C,[5*]/C=C/CC[10*],18,4,27,0,5,9,5;10,largest_ring_two_bond_fragmentation
FRAG_f9192881a1,JAK2_1646d01925,CC(C)CN1C/C=C/CCOc2cccc(c2)-c2ccnc(n2)Nc2cccc(c2)C1,[6*]CN(Cc1cccc(Nc2nccc(-c3cccc([10*])c3)n2)c1)CC(C)C,[5*]/C=C/CCO[11*],18,5,26,0,5,10,5;11,largest_ring_two_bond_fragmentation
FRAG_8cf45fe6a2,JAK2_1646d01925,CC(C)CN1C/C=C/CCOc2cccc(c2)-c2ccnc(n2)Nc2cccc(c2)C1,[6*]CN(Cc1cccc(Nc2nccc([15*])n2)c1)CC(C)C,[5*]/C=C/CCOc1cccc([17*])c1,18,11,20,6,5,16,5;17,largest_ring_two_bond_fragmentation
FRAG_9d44ad5494,JAK2_1646d01925,CC(C)CN1C/C=C/CCOc2cccc(c2)-c2ccnc(n2)Nc2cccc(c2)C1,[5*]/C=C/CCOc1cccc(-c2ccnc(Nc3cccc([30*])c3)n2)c1,[6*]CN(C[28*])CC(C)C,18,7,24,0,5,29,6;28,largest_ring_two_bond_fragmentation
FRAG_f3b318080d,JAK2_1646d01925,CC(C)CN1C/C=C/CCOc2cccc(c2)-c2ccnc(n2)Nc2cccc(c2)C1,[4*]Cc1cccc(Nc2nccc(-c3cccc(OCC/C=C/[5*])c3)n2)c1,[6*]CN([30*])CC(C)C,18,6,25,0,5,30,6;30,largest_ring_two_bond_fragmentation
FRAG_caf56514e4,JAK2_1646d01925,CC(C)CN1C/C=C/CCOc2cccc(c2)-c2ccnc(n2)Nc2cccc(c2)C1,[8*]/C=C/CN(Cc1cccc(Nc2nccc(-c3cccc([10*])c3)n2)c1)CC(C)C,[7*]CCO[11*],18,3,28,0,7,10,7;11,largest_ring_two_bond_fragmentation
FRAG_881d8c112e,JAK2_1646d01925,CC(C)CN1C/C=C/CCOc2cccc(c2)-c2ccnc(n2)Nc2cccc(c2)C1,[8*]/C=C/CN(Cc1cccc(Nc2nccc([15*])n2)c1)CC(C)C,[7*]CCOc1cccc([17*])c1,18,9,22,6,7,16,7;17,largest_ring_two_bond_fragmentation
FRAG_ae64b6fcfa,JAK2_1646d01925,CC(C)CN1C/C=C/CCOc2cccc(c2)-c2ccnc(n2)Nc2cccc(c2)C1,[7*]CCOc1cccc(-c2ccnc(Nc3cccc([30*])c3)n2)c1,[8*]/C=C/CN(C[28*])CC(C)C,18,9,22,0,7,29,8;28,largest_ring_two_bond_fragmentation
FRAG_5c326a30dd,JAK2_1646d01925,CC(C)CN1C/C=C/CCOc2cccc(c2)-c2ccnc(n2)Nc2cccc(c2)C1,[4*]Cc1cccc(Nc2nccc(-c3cccc(OCC[7*])c3)n2)c1,[8*]/C=C/CN([30*])CC(C)C,18,8,23,0,7,30,8;30,largest_ring_two_bond_fragmentation
FRAG_e2c0901ce9,JAK2_1646d01925,CC(C)CN1C/C=C/CCOc2cccc(c2)-c2ccnc(n2)Nc2cccc(c2)C1,[9*]C/C=C/CN(Cc1cccc(Nc2nccc([15*])n2)c1)CC(C)C,[8*]COc1cccc([17*])c1,18,8,23,6,8,16,8;17,largest_ring_two_bond_fragmentation
FRAG_8e9d703cf5,JAK2_1646d01925,CC(C)CN1C/C=C/CCOc2cccc(c2)-c2ccnc(n2)Nc2cccc(c2)C1,[8*]COc1cccc(-c2ccnc(Nc3cccc([30*])c3)n2)c1,[9*]C/C=C/CN(C[28*])CC(C)C,18,10,21,0,8,29,9;28,largest_ring_two_bond_fragmentation
FRAG_0f8b53769d,JAK2_1646d01925,CC(C)CN1C/C=C/CCOc2cccc(c2)-c2ccnc(n2)Nc2cccc(c2)C1,[4*]Cc1cccc(Nc2nccc(-c3cccc(OC[8*])c3)n2)c1,[9*]C/C=C/CN([30*])CC(C)C,18,9,22,0,8,30,9;30,largest_ring_two_bond_fragmentation
FRAG_5c56384977,JAK2_1646d01925,CC(C)CN1C/C=C/CCOc2cccc(c2)-c2ccnc(n2)Nc2cccc(c2)C1,[10*]CC/C=C/CN(Cc1cccc(Nc2nccc([15*])n2)c1)CC(C)C,[9*]Oc1cccc([17*])c1,18,7,24,6,9,16,9;17,largest_ring_two_bond_fragmentation
FRAG_d42c37f475,JAK2_1646d01925,CC(C)CN1C/C=C/CCOc2cccc(c2)-c2ccnc(n2)Nc2cccc(c2)C1,[9*]Oc1cccc(-c2ccnc(Nc3cccc([30*])c3)n2)c1,[10*]CC/C=C/CN(C[28*])CC(C)C,18,11,20,0,9,29,10;28,largest_ring_two_bond_fragmentation
FRAG_d6c90e90ea,JAK2_1646d01925,CC(C)CN1C/C=C/CCOc2cccc(c2)-c2ccnc(n2)Nc2cccc(c2)C1,[4*]Cc1cccc(Nc2nccc(-c3cccc(O[9*])c3)n2)c1,[10*]CC/C=C/CN([30*])CC(C)C,18,10,21,0,9,30,10;30,largest_ring_two_bond_fragmentation
FRAG_17bac30aa9,JAK2_1646d01925,CC(C)CN1C/C=C/CCOc2cccc(c2)-c2ccnc(n2)Nc2cccc(c2)C1,[11*]OCC/C=C/CN(Cc1cccc(Nc2nccc([15*])n2)c1)CC(C)C,[10*]c1cccc([17*])c1,18,6,25,6,10,16,10;17,largest_ring_two_bond_fragmentation
FRAG_bfff119663,JAK2_1646d01925,CC(C)CN1C/C=C/CCOc2cccc(c2)-c2ccnc(n2)Nc2cccc(c2)C1,[11*]OCC/C=C/CN(Cc1cccc(N[21*])c1)CC(C)C,[10*]c1cccc(-c2ccnc([23*])n2)c1,18,12,19,6,10,22,10;23,largest_ring_two_bond_fragmentation
FRAG_9422d1fe31,JAK2_1646d01925,CC(C)CN1C/C=C/CCOc2cccc(c2)-c2ccnc(n2)Nc2cccc(c2)C1,[10*]c1cccc(-c2ccnc(Nc3cccc([30*])c3)n2)c1,[11*]OCC/C=C/CN(C[28*])CC(C)C,18,12,19,0,10,29,11;28,largest_ring_two_bond_fragmentation
FRAG_a57771f878,JAK2_1646d01925,CC(C)CN1C/C=C/CCOc2cccc(c2)-c2ccnc(n2)Nc2cccc(c2)C1,[4*]Cc1cccc(Nc2nccc(-c3cccc([10*])c3)n2)c1,[11*]OCC/C=C/CN([30*])CC(C)C,18,11,20,0,10,30,11;30,largest_ring_two_bond_fragmentation
FRAG_530572364b,JAK2_1646d01925,CC(C)CN1C/C=C/CCOc2cccc(c2)-c2ccnc(n2)Nc2cccc(c2)C1,[17*]c1cccc(OCC/C=C/CN(Cc2cccc(N[21*])c2)CC(C)C)c1,[15*]c1ccnc([23*])n1,18,6,25,6,16,22,15;23,largest_ring_two_bond_fragmentation
FRAG_3b4c590ff8,JAK2_1646d01925,CC(C)CN1C/C=C/CCOc2cccc(c2)-c2ccnc(n2)Nc2cccc(c2)C1,[17*]c1cccc(OCC/C=C/CN(Cc2cccc([23*])c2)CC(C)C)c1,[15*]c1ccnc(N[24*])n1,18,7,24,6,16,23,15;24,largest_ring_two_bond_fragmentation
FRAG_0a4fcd3ab9,JAK2_1646d01925,CC(C)CN1C/C=C/CCOc2cccc(c2)-c2ccnc(n2)Nc2cccc(c2)C1,[23*]c1nccc(-c2cccc(OCC/C=C/CN(C[28*])CC(C)C)c2)n1,[21*]Nc1cccc([30*])c1,18,7,24,6,22,29,21;30,largest_ring_two_bond_fragmentation
FRAG_4dc342f024,JAK2_1646d01925,CC(C)CN1C/C=C/CCOc2cccc(c2)-c2ccnc(n2)Nc2cccc(c2)C1,[23*]c1nccc(-c2cccc(OCC/C=C/CN([30*])CC(C)C)c2)n1,[4*]Cc1cccc(N[21*])c1,18,8,23,6,22,30,4;21,largest_ring_two_bond_fragmentation
FRAG_5f3d5596b2,JAK2_1646d01925,CC(C)CN1C/C=C/CCOc2cccc(c2)-c2ccnc(n2)Nc2cccc(c2)C1,[24*]Nc1nccc(-c2cccc(OCC/C=C/CN(C[28*])CC(C)C)c2)n1,[23*]c1cccc([30*])c1,18,6,25,6,23,29,23;30,largest_ring_two_bond_fragmentation
FRAG_5823c7603a,JAK2_1646d01925,CC(C)CN1C/C=C/CCOc2cccc(c2)-c2ccnc(n2)Nc2cccc(c2)C1,[24*]Nc1nccc(-c2cccc(OCC/C=C/CN([30*])CC(C)C)c2)n1,[4*]Cc1cccc([23*])c1,18,7,24,6,23,30,4;23,largest_ring_two_bond_fragmentation
FRAG_33846621a2,JAK2_8c4874ec3d,CN1C/C=C/CCOc2cccc(c2)-c2nc(nc3[nH]cnc23)Nc2cccc(c2)C1,[2*]N(C)Cc1cccc(Nc2nc(-c3cccc(OCC[4*])c3)c3nc[nH]c3n2)c1,[1*]C/C=C/[5*],18,3,28,0,1,4,1;5,largest_ring_two_bond_fragmentation
FRAG_a8fb2a796f,JAK2_8c4874ec3d,CN1C/C=C/CCOc2cccc(c2)-c2nc(nc3[nH]cnc23)Nc2cccc(c2)C1,[2*]N(C)Cc1cccc(Nc2nc(-c3cccc(OC[5*])c3)c3nc[nH]c3n2)c1,[1*]C/C=C/C[6*],18,4,27,0,1,5,1;6,largest_ring_two_bond_fragmentation
FRAG_de8fda9774,JAK2_8c4874ec3d,CN1C/C=C/CCOc2cccc(c2)-c2nc(nc3[nH]cnc23)Nc2cccc(c2)C1,[2*]N(C)Cc1cccc(Nc2nc(-c3cccc(O[6*])c3)c3nc[nH]c3n2)c1,[1*]C/C=C/CC[7*],18,5,26,0,1,6,1;7,largest_ring_two_bond_fragmentation
FRAG_e4d1beb438,JAK2_8c4874ec3d,CN1C/C=C/CCOc2cccc(c2)-c2nc(nc3[nH]cnc23)Nc2cccc(c2)C1,[2*]N(C)Cc1cccc(Nc2nc(-c3cccc([7*])c3)c3nc[nH]c3n2)c1,[1*]C/C=C/CCO[8*],18,6,25,0,1,7,1;8,largest_ring_two_bond_fragmentation
FRAG_640d59ce45,JAK2_8c4874ec3d,CN1C/C=C/CCOc2cccc(c2)-c2nc(nc3[nH]cnc23)Nc2cccc(c2)C1,[2*]N(C)Cc1cccc(Nc2nc([12*])c3nc[nH]c3n2)c1,[1*]C/C=C/CCOc1cccc([14*])c1,18,12,19,6,1,13,1;14,largest_ring_two_bond_fragmentation
FRAG_3e717857c8,JAK2_8c4874ec3d,CN1C/C=C/CCOc2cccc(c2)-c2nc(nc3[nH]cnc23)Nc2cccc(c2)C1,[1*]C/C=C/CCOc1cccc(-c2nc([23*])nc3[nH]cnc23)c1,[2*]N(C)Cc1cccc(N[16*])c1,18,10,21,6,1,22,2;16,largest_ring_two_bond_fragmentation
FRAG_ba1132d37b,JAK2_8c4874ec3d,CN1C/C=C/CCOc2cccc(c2)-c2nc(nc3[nH]cnc23)Nc2cccc(c2)C1,[1*]C/C=C/CCOc1cccc(-c2nc(N[24*])nc3[nH]cnc23)c1,[2*]N(C)Cc1cccc([23*])c1,18,9,22,6,1,23,2;23,largest_ring_two_bond_fragmentation
FRAG_74c8db4aed,JAK2_8c4874ec3d,CN1C/C=C/CCOc2cccc(c2)-c2nc(nc3[nH]cnc23)Nc2cccc(c2)C1,[1*]C/C=C/CCOc1cccc(-c2nc(Nc3cccc([30*])c3)nc3[nH]cnc23)c1,[2*]N(C)C[28*],18,3,28,0,1,29,2;28,largest_ring_two_bond_fragmentation
FRAG_b4c411317b,JAK2_8c4874ec3d,CN1C/C=C/CCOc2cccc(c2)-c2nc(nc3[nH]cnc23)Nc2cccc(c2)C1,[3*]CN(C)Cc1cccc(Nc2nc(-c3cccc(OC[5*])c3)c3nc[nH]c3n2)c1,[2*]/C=C/C[6*],18,3,28,0,2,5,2;6,largest_ring_two_bond_fragmentation
FRAG_45558c35ee,JAK2_8c4874ec3d,CN1C/C=C/CCOc2cccc(c2)-c2nc(nc3[nH]cnc23)Nc2cccc(c2)C1,[3*]CN(C)Cc1cccc(Nc2nc(-c3cccc(O[6*])c3)c3nc[nH]c3n2)c1,[2*]/C=C/CC[7*],18,4,27,0,2,6,2;7,largest_ring_two_bond_fragmentation
FRAG_1475315b71,JAK2_8c4874ec3d,CN1C/C=C/CCOc2cccc(c2)-c2nc(nc3[nH]cnc23)Nc2cccc(c2)C1,[3*]CN(C)Cc1cccc(Nc2nc(-c3cccc([7*])c3)c3nc[nH]c3n2)c1,[2*]/C=C/CCO[8*],18,5,26,0,2,7,2;8,largest_ring_two_bond_fragmentation
FRAG_95fd864847,JAK2_8c4874ec3d,CN1C/C=C/CCOc2cccc(c2)-c2nc(nc3[nH]cnc23)Nc2cccc(c2)C1,[3*]CN(C)Cc1cccc(Nc2nc([12*])c3nc[nH]c3n2)c1,[2*]/C=C/CCOc1cccc([14*])c1,18,11,20,6,2,13,2;14,largest_ring_two_bond_fragmentation
FRAG_fa75ba5889,JAK2_8c4874ec3d,CN1C/C=C/CCOc2cccc(c2)-c2nc(nc3[nH]cnc23)Nc2cccc(c2)C1,[2*]/C=C/CCOc1cccc(-c2nc([23*])nc3[nH]cnc23)c1,[3*]CN(C)Cc1cccc(N[16*])c1,18,11,20,6,2,22,3;16,largest_ring_two_bond_fragmentation
FRAG_21fa5e6fe0,JAK2_8c4874ec3d,CN1C/C=C/CCOc2cccc(c2)-c2nc(nc3[nH]cnc23)Nc2cccc(c2)C1,[2*]/C=C/CCOc1cccc(-c2nc(N[24*])nc3[nH]cnc23)c1,[3*]CN(C)Cc1cccc([23*])c1,18,10,21,6,2,23,3;23,largest_ring_two_bond_fragmentation
FRAG_a2c86aef03,JAK2_8c4874ec3d,CN1C/C=C/CCOc2cccc(c2)-c2nc(nc3[nH]cnc23)Nc2cccc(c2)C1,[2*]/C=C/CCOc1cccc(-c2nc(Nc3cccc([30*])c3)nc3[nH]cnc23)c1,[3*]CN(C)C[28*],18,4,27,0,2,29,3;28,largest_ring_two_bond_fragmentation
FRAG_a520a9dbe6,JAK2_8c4874ec3d,CN1C/C=C/CCOc2cccc(c2)-c2nc(nc3[nH]cnc23)Nc2cccc(c2)C1,[1*]Cc1cccc(Nc2nc(-c3cccc(OCC/C=C/[2*])c3)c3nc[nH]c3n2)c1,[3*]CN([30*])C,18,3,28,0,2,30,3;30,largest_ring_two_bond_fragmentation
FRAG_a05b6f0392,JAK2_8c4874ec3d,CN1C/C=C/CCOc2cccc(c2)-c2nc(nc3[nH]cnc23)Nc2cccc(c2)C1,[5*]/C=C/CN(C)Cc1cccc(Nc2nc(-c3cccc([7*])c3)c3nc[nH]c3n2)c1,[4*]CCO[8*],18,3,28,0,4,7,4;8,largest_ring_two_bond_fragmentation
FRAG_b2872ba93d,JAK2_8c4874ec3d,CN1C/C=C/CCOc2cccc(c2)-c2nc(nc3[nH]cnc23)Nc2cccc(c2)C1,[5*]/C=C/CN(C)Cc1cccc(Nc2nc([12*])c3nc[nH]c3n2)c1,[4*]CCOc1cccc([14*])c1,18,9,22,6,4,13,4;14,largest_ring_two_bond_fragmentation
FRAG_9d90f06725,JAK2_8c4874ec3d,CN1C/C=C/CCOc2cccc(c2)-c2nc(nc3[nH]cnc23)Nc2cccc(c2)C1,[4*]CCOc1cccc(-c2nc(N[24*])nc3[nH]cnc23)c1,[5*]/C=C/CN(C)Cc1cccc([23*])c1,18,12,19,6,4,23,5;23,largest_ring_two_bond_fragmentation
FRAG_e1a345cbf6,JAK2_8c4874ec3d,CN1C/C=C/CCOc2cccc(c2)-c2nc(nc3[nH]cnc23)Nc2cccc(c2)C1,[4*]CCOc1cccc(-c2nc(Nc3cccc([30*])c3)nc3[nH]cnc23)c1,[5*]/C=C/CN(C)C[28*],18,6,25,0,4,29,5;28,largest_ring_two_bond_fragmentation
FRAG_3bb17e0938,JAK2_8c4874ec3d,CN1C/C=C/CCOc2cccc(c2)-c2nc(nc3[nH]cnc23)Nc2cccc(c2)C1,[1*]Cc1cccc(Nc2nc(-c3cccc(OCC[4*])c3)c3nc[nH]c3n2)c1,[5*]/C=C/CN([30*])C,18,5,26,0,4,30,5;30,largest_ring_two_bond_fragmentation
FRAG_9ba9171fd6,JAK2_8c4874ec3d,CN1C/C=C/CCOc2cccc(c2)-c2nc(nc3[nH]cnc23)Nc2cccc(c2)C1,[6*]C/C=C/CN(C)Cc1cccc(Nc2nc([12*])c3nc[nH]c3n2)c1,[5*]COc1cccc([14*])c1,18,8,23,6,5,13,5;14,largest_ring_two_bond_fragmentation
FRAG_fba57c22d5,JAK2_8c4874ec3d,CN1C/C=C/CCOc2cccc(c2)-c2nc(nc3[nH]cnc23)Nc2cccc(c2)C1,[5*]COc1cccc(-c2nc(Nc3cccc([30*])c3)nc3[nH]cnc23)c1,[6*]C/C=C/CN(C)C[28*],18,7,24,0,5,29,6;28,largest_ring_two_bond_fragmentation
FRAG_043f2413de,JAK2_8c4874ec3d,CN1C/C=C/CCOc2cccc(c2)-c2nc(nc3[nH]cnc23)Nc2cccc(c2)C1,[1*]Cc1cccc(Nc2nc(-c3cccc(OC[5*])c3)c3nc[nH]c3n2)c1,[6*]C/C=C/CN([30*])C,18,6,25,0,5,30,6;30,largest_ring_two_bond_fragmentation
FRAG_91557d7672,JAK2_8c4874ec3d,CN1C/C=C/CCOc2cccc(c2)-c2nc(nc3[nH]cnc23)Nc2cccc(c2)C1,[7*]CC/C=C/CN(C)Cc1cccc(Nc2nc([12*])c3nc[nH]c3n2)c1,[6*]Oc1cccc([14*])c1,18,7,24,6,6,13,6;14,largest_ring_two_bond_fragmentation
FRAG_38b5db9e11,JAK2_8c4874ec3d,CN1C/C=C/CCOc2cccc(c2)-c2nc(nc3[nH]cnc23)Nc2cccc(c2)C1,[6*]Oc1cccc(-c2nc(Nc3cccc([30*])c3)nc3[nH]cnc23)c1,[7*]CC/C=C/CN(C)C[28*],18,8,23,0,6,29,7;28,largest_ring_two_bond_fragmentation
FRAG_d64b7c11c9,JAK2_8c4874ec3d,CN1C/C=C/CCOc2cccc(c2)-c2nc(nc3[nH]cnc23)Nc2cccc(c2)C1,[1*]Cc1cccc(Nc2nc(-c3cccc(O[6*])c3)c3nc[nH]c3n2)c1,[7*]CC/C=C/CN([30*])C,18,7,24,0,6,30,7;30,largest_ring_two_bond_fragmentation
FRAG_598589e733,JAK2_8c4874ec3d,CN1C/C=C/CCOc2cccc(c2)-c2nc(nc3[nH]cnc23)Nc2cccc(c2)C1,[8*]OCC/C=C/CN(C)Cc1cccc(Nc2nc([12*])c3nc[nH]c3n2)c1,[7*]c1cccc([14*])c1,18,6,25,6,7,13,7;14,largest_ring_two_bond_fragmentation
FRAG_d740fa176a,JAK2_8c4874ec3d,CN1C/C=C/CCOc2cccc(c2)-c2nc(nc3[nH]cnc23)Nc2cccc(c2)C1,[7*]c1cccc(-c2nc(Nc3cccc([30*])c3)nc3[nH]cnc23)c1,[8*]OCC/C=C/CN(C)C[28*],18,9,22,0,7,29,8;28,largest_ring_two_bond_fragmentation
FRAG_b066d1682a,JAK2_8c4874ec3d,CN1C/C=C/CCOc2cccc(c2)-c2nc(nc3[nH]cnc23)Nc2cccc(c2)C1,[1*]Cc1cccc(Nc2nc(-c3cccc([7*])c3)c3nc[nH]c3n2)c1,[8*]OCC/C=C/CN([30*])C,18,8,23,0,7,30,8;30,largest_ring_two_bond_fragmentation
FRAG_4b043455b8,JAK2_8c4874ec3d,CN1C/C=C/CCOc2cccc(c2)-c2nc(nc3[nH]cnc23)Nc2cccc(c2)C1,[14*]c1cccc(OCC/C=C/CN(C)Cc2cccc(N[16*])c2)c1,[12*]c1nc([23*])nc2[nH]cnc12,18,9,22,6,13,22,12;23,largest_ring_two_bond_fragmentation
FRAG_82bcb69031,JAK2_8c4874ec3d,CN1C/C=C/CCOc2cccc(c2)-c2nc(nc3[nH]cnc23)Nc2cccc(c2)C1,[14*]c1cccc(OCC/C=C/CN(C)Cc2cccc([23*])c2)c1,[12*]c1nc(N[24*])nc2[nH]cnc12,18,10,21,6,13,23,12;24,largest_ring_two_bond_fragmentation
FRAG_b823bfe4d8,JAK2_8c4874ec3d,CN1C/C=C/CCOc2cccc(c2)-c2nc(nc3[nH]cnc23)Nc2cccc(c2)C1,[23*]c1nc(-c2cccc(OCC/C=C/CN(C)C[28*])c2)c2nc[nH]c2n1,[16*]Nc1cccc([30*])c1,18,7,24,6,22,29,16;30,largest_ring_two_bond_fragmentation
FRAG_1764c01c8b,JAK2_8c4874ec3d,CN1C/C=C/CCOc2cccc(c2)-c2nc(nc3[nH]cnc23)Nc2cccc(c2)C1,[23*]c1nc(-c2cccc(OCC/C=C/CN([30*])C)c2)c2nc[nH]c2n1,[1*]Cc1cccc(N[16*])c1,18,8,23,6,22,30,1;16,largest_ring_two_bond_fragmentation
FRAG_96064802a6,JAK2_8c4874ec3d,CN1C/C=C/CCOc2cccc(c2)-c2nc(nc3[nH]cnc23)Nc2cccc(c2)C1,[24*]Nc1nc(-c2cccc(OCC/C=C/CN(C)C[28*])c2)c2nc[nH]c2n1,[23*]c1cccc([30*])c1,18,6,25,6,23,29,23;30,largest_ring_two_bond_fragmentation
FRAG_be1845b2d5,JAK2_8c4874ec3d,CN1C/C=C/CCOc2cccc(c2)-c2nc(nc3[nH]cnc23)Nc2cccc(c2)C1,[24*]Nc1nc(-c2cccc(OCC/C=C/CN([30*])C)c2)c2nc[nH]c2n1,[1*]Cc1cccc([23*])c1,18,7,24,6,23,30,1;23,largest_ring_two_bond_fragmentation
FRAG_c78e4a5d91,JAK2_77e9cdb162,CN1CCN(CCOc2ccc3cc2CN(C)C/C=C/CCOc2cccc(c2)-c2ccnc(n2)N3)CC1,[14*]c1cc(Nc2nccc(-c3cccc(OCC/C=C/C[15*])c3)n2)ccc1OCCN1CCN(C)CC1,[13*]CN([17*])C,18,3,35,0,13,16,13;17,largest_ring_two_bond_fragmentation
FRAG_b3858193f4,JAK2_77e9cdb162,CN1CCN(CCOc2ccc3cc2CN(C)C/C=C/CCOc2cccc(c2)-c2ccnc(n2)N3)CC1,[14*]c1cc(Nc2nccc(-c3cccc(OCC/C=C/[17*])c3)n2)ccc1OCCN1CCN(C)CC1,[13*]CN(C)C[18*],18,4,34,0,13,17,13;18,largest_ring_two_bond_fragmentation
FRAG_6af5364125,JAK2_77e9cdb162,CN1CCN(CCOc2ccc3cc2CN(C)C/C=C/CCOc2cccc(c2)-c2ccnc(n2)N3)CC1,[14*]c1cc(Nc2nccc(-c3cccc(OCC[19*])c3)n2)ccc1OCCN1CCN(C)CC1,[13*]CN(C)C/C=C/[20*],18,6,32,0,13,19,13;20,largest_ring_two_bond_fragmentation
FRAG_7de0011875,JAK2_77e9cdb162,CN1CCN(CCOc2ccc3cc2CN(C)C/C=C/CCOc2cccc(c2)-c2ccnc(n2)N3)CC1,[14*]c1cc(Nc2nccc(-c3cccc(OC[20*])c3)n2)ccc1OCCN1CCN(C)CC1,[13*]CN(C)C/C=C/C[21*],18,7,31,0,13,20,13;21,largest_ring_two_bond_fragmentation
FRAG_8f2c4b548b,JAK2_77e9cdb162,CN1CCN(CCOc2ccc3cc2CN(C)C/C=C/CCOc2cccc(c2)-c2ccnc(n2)N3)CC1,[14*]c1cc(Nc2nccc(-c3cccc(O[21*])c3)n2)ccc1OCCN1CCN(C)CC1,[13*]CN(C)C/C=C/CC[22*],18,8,30,0,13,21,13;22,largest_ring_two_bond_fragmentation
FRAG_1fd17bb4ff,JAK2_77e9cdb162,CN1CCN(CCOc2ccc3cc2CN(C)C/C=C/CCOc2cccc(c2)-c2ccnc(n2)N3)CC1,[14*]c1cc(Nc2nccc(-c3cccc([22*])c3)n2)ccc1OCCN1CCN(C)CC1,[13*]CN(C)C/C=C/CCO[23*],18,9,29,0,13,22,13;23,largest_ring_two_bond_fragmentation
FRAG_3c1e808896,JAK2_77e9cdb162,CN1CCN(CCOc2ccc3cc2CN(C)C/C=C/CCOc2cccc(c2)-c2ccnc(n2)N3)CC1,[15*]Cc1cc(Nc2nccc(-c3cccc(OCC/C=C/[17*])c3)n2)ccc1OCCN1CCN(C)CC1,[14*]N(C)C[18*],18,3,35,0,14,17,14;18,largest_ring_two_bond_fragmentation
FRAG_b8be332bd7,JAK2_77e9cdb162,CN1CCN(CCOc2ccc3cc2CN(C)C/C=C/CCOc2cccc(c2)-c2ccnc(n2)N3)CC1,[15*]Cc1cc(Nc2nccc(-c3cccc(OCC[19*])c3)n2)ccc1OCCN1CCN(C)CC1,[14*]N(C)C/C=C/[20*],18,5,33,0,14,19,14;20,largest_ring_two_bond_fragmentation
FRAG_77c69e354f,JAK2_77e9cdb162,CN1CCN(CCOc2ccc3cc2CN(C)C/C=C/CCOc2cccc(c2)-c2ccnc(n2)N3)CC1,[15*]Cc1cc(Nc2nccc(-c3cccc(OC[20*])c3)n2)ccc1OCCN1CCN(C)CC1,[14*]N(C)C/C=C/C[21*],18,6,32,0,14,20,14;21,largest_ring_two_bond_fragmentation
FRAG_0546cf4ff1,JAK2_77e9cdb162,CN1CCN(CCOc2ccc3cc2CN(C)C/C=C/CCOc2cccc(c2)-c2ccnc(n2)N3)CC1,[15*]Cc1cc(Nc2nccc(-c3cccc(O[21*])c3)n2)ccc1OCCN1CCN(C)CC1,[14*]N(C)C/C=C/CC[22*],18,7,31,0,14,21,14;22,largest_ring_two_bond_fragmentation
FRAG_f86ab8c45f,JAK2_77e9cdb162,CN1CCN(CCOc2ccc3cc2CN(C)C/C=C/CCOc2cccc(c2)-c2ccnc(n2)N3)CC1,[15*]Cc1cc(Nc2nccc(-c3cccc([22*])c3)n2)ccc1OCCN1CCN(C)CC1,[14*]N(C)C/C=C/CCO[23*],18,8,30,0,14,22,14;23,largest_ring_two_bond_fragmentation
FRAG_7348d0f99b,JAK2_77e9cdb162,CN1CCN(CCOc2ccc3cc2CN(C)C/C=C/CCOc2cccc(c2)-c2ccnc(n2)N3)CC1,[17*]N(C)Cc1cc(Nc2nccc(-c3cccc(OCC[19*])c3)n2)ccc1OCCN1CCN(C)CC1,[15*]C/C=C/[20*],18,3,35,0,16,19,15;20,largest_ring_two_bond_fragmentation
FRAG_c61a6f46e1,JAK2_77e9cdb162,CN1CCN(CCOc2ccc3cc2CN(C)C/C=C/CCOc2cccc(c2)-c2ccnc(n2)N3)CC1,[17*]N(C)Cc1cc(Nc2nccc(-c3cccc(OC[20*])c3)n2)ccc1OCCN1CCN(C)CC1,[15*]C/C=C/C[21*],18,4,34,0,16,20,15;21,largest_ring_two_bond_fragmentation
FRAG_e31353e83b,JAK2_77e9cdb162,CN1CCN(CCOc2ccc3cc2CN(C)C/C=C/CCOc2cccc(c2)-c2ccnc(n2)N3)CC1,[17*]N(C)Cc1cc(Nc2nccc(-c3cccc(O[21*])c3)n2)ccc1OCCN1CCN(C)CC1,[15*]C/C=C/CC[22*],18,5,33,0,16,21,15;22,largest_ring_two_bond_fragmentation
FRAG_4f21df2b75,JAK2_77e9cdb162,CN1CCN(CCOc2ccc3cc2CN(C)C/C=C/CCOc2cccc(c2)-c2ccnc(n2)N3)CC1,[17*]N(C)Cc1cc(Nc2nccc(-c3cccc([22*])c3)n2)ccc1OCCN1CCN(C)CC1,[15*]C/C=C/CCO[23*],18,6,32,0,16,22,15;23,largest_ring_two_bond_fragmentation
FRAG_abb872e002,JAK2_77e9cdb162,CN1CCN(CCOc2ccc3cc2CN(C)C/C=C/CCOc2cccc(c2)-c2ccnc(n2)N3)CC1,[17*]N(C)Cc1cc(Nc2nccc([27*])n2)ccc1OCCN1CCN(C)CC1,[15*]C/C=C/CCOc1cccc([29*])c1,18,12,26,6,16,28,15;29,largest_ring_two_bond_fragmentation
FRAG_c90b33dc40,JAK2_77e9cdb162,CN1CCN(CCOc2ccc3cc2CN(C)C/C=C/CCOc2cccc(c2)-c2ccnc(n2)N3)CC1,[18*]CN(C)Cc1cc(Nc2nccc(-c3cccc(OC[20*])c3)n2)ccc1OCCN1CCN(C)CC1,[17*]/C=C/C[21*],18,3,35,0,17,20,17;21,largest_ring_two_bond_fragmentation
FRAG_3ffc77e13e,JAK2_77e9cdb162,CN1CCN(CCOc2ccc3cc2CN(C)C/C=C/CCOc2cccc(c2)-c2ccnc(n2)N3)CC1,[18*]CN(C)Cc1cc(Nc2nccc(-c3cccc(O[21*])c3)n2)ccc1OCCN1CCN(C)CC1,[17*]/C=C/CC[22*],18,4,34,0,17,21,17;22,largest_ring_two_bond_fragmentation
FRAG_324fcc4070,JAK2_77e9cdb162,CN1CCN(CCOc2ccc3cc2CN(C)C/C=C/CCOc2cccc(c2)-c2ccnc(n2)N3)CC1,[18*]CN(C)Cc1cc(Nc2nccc(-c3cccc([22*])c3)n2)ccc1OCCN1CCN(C)CC1,[17*]/C=C/CCO[23*],18,5,33,0,17,22,17;23,largest_ring_two_bond_fragmentation
FRAG_01d4664b76,JAK2_77e9cdb162,CN1CCN(CCOc2ccc3cc2CN(C)C/C=C/CCOc2cccc(c2)-c2ccnc(n2)N3)CC1,[18*]CN(C)Cc1cc(Nc2nccc([27*])n2)ccc1OCCN1CCN(C)CC1,[17*]/C=C/CCOc1cccc([29*])c1,18,11,27,6,17,28,17;29,largest_ring_two_bond_fragmentation
FRAG_72acf980a3,JAK2_77e9cdb162,CN1CCN(CCOc2ccc3cc2CN(C)C/C=C/CCOc2cccc(c2)-c2ccnc(n2)N3)CC1,[20*]/C=C/CN(C)Cc1cc(Nc2nccc(-c3cccc([22*])c3)n2)ccc1OCCN1CCN(C)CC1,[19*]CCO[23*],18,3,35,0,19,22,19;23,largest_ring_two_bond_fragmentation
FRAG_b8cc1c596a,JAK2_77e9cdb162,CN1CCN(CCOc2ccc3cc2CN(C)C/C=C/CCOc2cccc(c2)-c2ccnc(n2)N3)CC1,[20*]/C=C/CN(C)Cc1cc(Nc2nccc([27*])n2)ccc1OCCN1CCN(C)CC1,[19*]CCOc1cccc([29*])c1,18,9,29,6,19,28,19;29,largest_ring_two_bond_fragmentation
FRAG_59ec45c361,JAK2_77e9cdb162,CN1CCN(CCOc2ccc3cc2CN(C)C/C=C/CCOc2cccc(c2)-c2ccnc(n2)N3)CC1,[21*]C/C=C/CN(C)Cc1cc(Nc2nccc([27*])n2)ccc1OCCN1CCN(C)CC1,[20*]COc1cccc([29*])c1,18,8,30,6,20,28,20;29,largest_ring_two_bond_fragmentation
FRAG_6629f23b9c,JAK2_77e9cdb162,CN1CCN(CCOc2ccc3cc2CN(C)C/C=C/CCOc2cccc(c2)-c2ccnc(n2)N3)CC1,[22*]CC/C=C/CN(C)Cc1cc(Nc2nccc([27*])n2)ccc1OCCN1CCN(C)CC1,[21*]Oc1cccc([29*])c1,18,7,31,6,21,28,21;29,largest_ring_two_bond_fragmentation
FRAG_3ab328001e,JAK2_77e9cdb162,CN1CCN(CCOc2ccc3cc2CN(C)C/C=C/CCOc2cccc(c2)-c2ccnc(n2)N3)CC1,[23*]OCC/C=C/CN(C)Cc1cc(Nc2nccc([27*])n2)ccc1OCCN1CCN(C)CC1,[22*]c1cccc([29*])c1,18,6,32,6,22,28,22;29,largest_ring_two_bond_fragmentation
FRAG_34b8005ab6,JAK2_77e9cdb162,CN1CCN(CCOc2ccc3cc2CN(C)C/C=C/CCOc2cccc(c2)-c2ccnc(n2)N3)CC1,[23*]OCC/C=C/CN(C)Cc1cc(N[33*])ccc1OCCN1CCN(C)CC1,[22*]c1cccc(-c2ccnc([35*])n2)c1,18,12,26,6,22,34,22;35,largest_ring_two_bond_fragmentation
FRAG_4eab227f1e,JAK2_77e9cdb162,CN1CCN(CCOc2ccc3cc2CN(C)C/C=C/CCOc2cccc(c2)-c2ccnc(n2)N3)CC1,[29*]c1cccc(OCC/C=C/CN(C)Cc2cc(N[33*])ccc2OCCN2CCN(C)CC2)c1,[27*]c1ccnc([35*])n1,18,6,32,6,28,34,27;35,largest_ring_two_bond_fragmentation
FRAG_7c7d052c90,JAK2_77e9cdb162,CN1CCN(CCOc2ccc3cc2CN(C)C/C=C/CCOc2cccc(c2)-c2ccnc(n2)N3)CC1,[29*]c1cccc(OCC/C=C/CN(C)Cc2cc([35*])ccc2OCCN2CCN(C)CC2)c1,[11*]Nc1nccc([27*])n1,18,7,31,6,28,41,11;27,largest_ring_two_bond_fragmentation
FRAG_51839ff5b5,JAK2_8693a4181d,CCN(CC)CCOc1ccc2cc1COCC=CCOCc1cccc(c1)-c1ccnc(n1)N2,[14*]c1cc(Nc2nccc(-c3cccc(COCC=C[16*])c3)n2)ccc1OCCN(CC)CC,[13*]COC[17*],18,3,32,0,13,16,13;17,largest_ring_two_bond_fragmentation
FRAG_bb483e2379,JAK2_8693a4181d,CCN(CC)CCOc1ccc2cc1COCC=CCOCc1cccc(c1)-c1ccnc(n1)N2,[14*]c1cc(Nc2nccc(-c3cccc(COC[18*])c3)n2)ccc1OCCN(CC)CC,[13*]COCC=C[19*],18,5,30,0,13,18,13;19,largest_ring_two_bond_fragmentation
FRAG_18b25d9beb,JAK2_8693a4181d,CCN(CC)CCOc1ccc2cc1COCC=CCOCc1cccc(c1)-c1ccnc(n1)N2,[14*]c1cc(Nc2nccc(-c3cccc(CO[19*])c3)n2)ccc1OCCN(CC)CC,[13*]COCC=CC[20*],18,6,29,0,13,19,13;20,largest_ring_two_bond_fragmentation
FRAG_726eab8c99,JAK2_8693a4181d,CCN(CC)CCOc1ccc2cc1COCC=CCOCc1cccc(c1)-c1ccnc(n1)N2,[14*]c1cc(Nc2nccc(-c3cccc(C[20*])c3)n2)ccc1OCCN(CC)CC,[13*]COCC=CCO[21*],18,7,28,0,13,20,13;21,largest_ring_two_bond_fragmentation
FRAG_6b74b43b5f,JAK2_8693a4181d,CCN(CC)CCOc1ccc2cc1COCC=CCOCc1cccc(c1)-c1ccnc(n1)N2,[14*]c1cc(Nc2nccc(-c3cccc([21*])c3)n2)ccc1OCCN(CC)CC,[13*]COCC=CCOC[22*],18,8,27,0,13,21,13;22,largest_ring_two_bond_fragmentation
FRAG_c529629118,JAK2_8693a4181d,CCN(CC)CCOc1ccc2cc1COCC=CCOCc1cccc(c1)-c1ccnc(n1)N2,[15*]Cc1cc(Nc2nccc(-c3cccc(COC[18*])c3)n2)ccc1OCCN(CC)CC,[14*]OCC=C[19*],18,4,31,0,14,18,14;19,largest_ring_two_bond_fragmentation
FRAG_7a3123c729,JAK2_8693a4181d,CCN(CC)CCOc1ccc2cc1COCC=CCOCc1cccc(c1)-c1ccnc(n1)N2,[15*]Cc1cc(Nc2nccc(-c3cccc(CO[19*])c3)n2)ccc1OCCN(CC)CC,[14*]OCC=CC[20*],18,5,30,0,14,19,14;20,largest_ring_two_bond_fragmentation
FRAG_b1c04ef3cf,JAK2_8693a4181d,CCN(CC)CCOc1ccc2cc1COCC=CCOCc1cccc(c1)-c1ccnc(n1)N2,[15*]Cc1cc(Nc2nccc(-c3cccc(C[20*])c3)n2)ccc1OCCN(CC)CC,[14*]OCC=CCO[21*],18,6,29,0,14,20,14;21,largest_ring_two_bond_fragmentation
FRAG_96326364cf,JAK2_8693a4181d,CCN(CC)CCOc1ccc2cc1COCC=CCOCc1cccc(c1)-c1ccnc(n1)N2,[15*]Cc1cc(Nc2nccc(-c3cccc([21*])c3)n2)ccc1OCCN(CC)CC,[14*]OCC=CCOC[22*],18,7,28,0,14,21,14;22,largest_ring_two_bond_fragmentation
FRAG_55420fa260,JAK2_8693a4181d,CCN(CC)CCOc1ccc2cc1COCC=CCOCc1cccc(c1)-c1ccnc(n1)N2,[16*]OCc1cc(Nc2nccc(-c3cccc(COC[18*])c3)n2)ccc1OCCN(CC)CC,[15*]CC=C[19*],18,3,32,0,15,18,15;19,largest_ring_two_bond_fragmentation
FRAG_82a93cd94b,JAK2_8693a4181d,CCN(CC)CCOc1ccc2cc1COCC=CCOCc1cccc(c1)-c1ccnc(n1)N2,[16*]OCc1cc(Nc2nccc(-c3cccc(CO[19*])c3)n2)ccc1OCCN(CC)CC,[15*]CC=CC[20*],18,4,31,0,15,19,15;20,largest_ring_two_bond_fragmentation
FRAG_739fea7753,JAK2_8693a4181d,CCN(CC)CCOc1ccc2cc1COCC=CCOCc1cccc(c1)-c1ccnc(n1)N2,[16*]OCc1cc(Nc2nccc(-c3cccc(C[20*])c3)n2)ccc1OCCN(CC)CC,[15*]CC=CCO[21*],18,5,30,0,15,20,15;21,largest_ring_two_bond_fragmentation
FRAG_545e6d7f19,JAK2_8693a4181d,CCN(CC)CCOc1ccc2cc1COCC=CCOCc1cccc(c1)-c1ccnc(n1)N2,[16*]OCc1cc(Nc2nccc(-c3cccc([21*])c3)n2)ccc1OCCN(CC)CC,[15*]CC=CCOC[22*],18,6,29,0,15,21,15;22,largest_ring_two_bond_fragmentation
FRAG_31da78b707,JAK2_8693a4181d,CCN(CC)CCOc1ccc2cc1COCC=CCOCc1cccc(c1)-c1ccnc(n1)N2,[16*]OCc1cc(Nc2nccc([26*])n2)ccc1OCCN(CC)CC,[15*]CC=CCOCc1cccc([28*])c1,18,12,23,6,15,27,15;28,largest_ring_two_bond_fragmentation
FRAG_d8ccaee5af,JAK2_8693a4181d,CCN(CC)CCOc1ccc2cc1COCC=CCOCc1cccc(c1)-c1ccnc(n1)N2,[17*]COCc1cc(Nc2nccc(-c3cccc(CO[19*])c3)n2)ccc1OCCN(CC)CC,[16*]C=CC[20*],18,3,32,0,16,19,16;20,largest_ring_two_bond_fragmentation
FRAG_da3ff0627e,JAK2_8693a4181d,CCN(CC)CCOc1ccc2cc1COCC=CCOCc1cccc(c1)-c1ccnc(n1)N2,[17*]COCc1cc(Nc2nccc(-c3cccc(C[20*])c3)n2)ccc1OCCN(CC)CC,[16*]C=CCO[21*],18,4,31,0,16,20,16;21,largest_ring_two_bond_fragmentation
FRAG_3118b76f64,JAK2_8693a4181d,CCN(CC)CCOc1ccc2cc1COCC=CCOCc1cccc(c1)-c1ccnc(n1)N2,[17*]COCc1cc(Nc2nccc(-c3cccc([21*])c3)n2)ccc1OCCN(CC)CC,[16*]C=CCOC[22*],18,5,30,0,16,21,16;22,largest_ring_two_bond_fragmentation
FRAG_a27b186a69,JAK2_8693a4181d,CCN(CC)CCOc1ccc2cc1COCC=CCOCc1cccc(c1)-c1ccnc(n1)N2,[17*]COCc1cc(Nc2nccc([26*])n2)ccc1OCCN(CC)CC,[16*]C=CCOCc1cccc([28*])c1,18,11,24,6,16,27,16;28,largest_ring_two_bond_fragmentation
FRAG_e79ca10711,JAK2_8693a4181d,CCN(CC)CCOc1ccc2cc1COCC=CCOCc1cccc(c1)-c1ccnc(n1)N2,[19*]C=CCOCc1cc(Nc2nccc(-c3cccc([21*])c3)n2)ccc1OCCN(CC)CC,[18*]COC[22*],18,3,32,0,18,21,18;22,largest_ring_two_bond_fragmentation
FRAG_22d9bab5ab,JAK2_8693a4181d,CCN(CC)CCOc1ccc2cc1COCC=CCOCc1cccc(c1)-c1ccnc(n1)N2,[19*]C=CCOCc1cc(Nc2nccc([26*])n2)ccc1OCCN(CC)CC,[18*]COCc1cccc([28*])c1,18,9,26,6,18,27,18;28,largest_ring_two_bond_fragmentation
FRAG_d9116bdca5,JAK2_8693a4181d,CCN(CC)CCOc1ccc2cc1COCC=CCOCc1cccc(c1)-c1ccnc(n1)N2,[20*]CC=CCOCc1cc(Nc2nccc([26*])n2)ccc1OCCN(CC)CC,[19*]OCc1cccc([28*])c1,18,8,27,6,19,27,19;28,largest_ring_two_bond_fragmentation
FRAG_1985239584,JAK2_8693a4181d,CCN(CC)CCOc1ccc2cc1COCC=CCOCc1cccc(c1)-c1ccnc(n1)N2,[21*]OCC=CCOCc1cc(Nc2nccc([26*])n2)ccc1OCCN(CC)CC,[20*]Cc1cccc([28*])c1,18,7,28,6,20,27,20;28,largest_ring_two_bond_fragmentation
FRAG_5d6726336d,JAK2_8693a4181d,CCN(CC)CCOc1ccc2cc1COCC=CCOCc1cccc(c1)-c1ccnc(n1)N2,[22*]COCC=CCOCc1cc(Nc2nccc([26*])n2)ccc1OCCN(CC)CC,[21*]c1cccc([28*])c1,18,6,29,6,21,27,21;28,largest_ring_two_bond_fragmentation
FRAG_bc3aecd1de,JAK2_8693a4181d,CCN(CC)CCOc1ccc2cc1COCC=CCOCc1cccc(c1)-c1ccnc(n1)N2,[22*]COCC=CCOCc1cc(N[32*])ccc1OCCN(CC)CC,[21*]c1cccc(-c2ccnc([34*])n2)c1,18,12,23,6,21,33,21;34,largest_ring_two_bond_fragmentation
FRAG_2f17eb0b45,JAK2_8693a4181d,CCN(CC)CCOc1ccc2cc1COCC=CCOCc1cccc(c1)-c1ccnc(n1)N2,[28*]c1cccc(COCC=CCOCc2cc(N[32*])ccc2OCCN(CC)CC)c1,[26*]c1ccnc([34*])n1,18,6,29,6,27,33,26;34,largest_ring_two_bond_fragmentation
FRAG_816cc028e7,JAK2_8693a4181d,CCN(CC)CCOc1ccc2cc1COCC=CCOCc1cccc(c1)-c1ccnc(n1)N2,[28*]c1cccc(COCC=CCOCc2cc([34*])ccc2OCCN(CC)CC)c1,[11*]Nc1nccc([26*])n1,18,7,28,6,27,37,11;26,largest_ring_two_bond_fragmentation
FRAG_97a6df706f,JAK2_0a392ff493,OCCN1C/C=C/CCOc2cccc(c2)-c2ccnc(n2)Nc2cccc(c2)C1,[4*]N(CCO)Cc1cccc(Nc2nccc(-c3cccc(OCC[6*])c3)n2)c1,[3*]C/C=C/[7*],18,3,27,0,3,6,3;7,largest_ring_two_bond_fragmentation
FRAG_b870508974,JAK2_0a392ff493,OCCN1C/C=C/CCOc2cccc(c2)-c2ccnc(n2)Nc2cccc(c2)C1,[4*]N(CCO)Cc1cccc(Nc2nccc(-c3cccc(OC[7*])c3)n2)c1,[3*]C/C=C/C[8*],18,4,26,0,3,7,3;8,largest_ring_two_bond_fragmentation
FRAG_7860de51c9,JAK2_0a392ff493,OCCN1C/C=C/CCOc2cccc(c2)-c2ccnc(n2)Nc2cccc(c2)C1,[4*]N(CCO)Cc1cccc(Nc2nccc(-c3cccc(O[8*])c3)n2)c1,[3*]C/C=C/CC[9*],18,5,25,0,3,8,3;9,largest_ring_two_bond_fragmentation
FRAG_4bceff3e28,JAK2_0a392ff493,OCCN1C/C=C/CCOc2cccc(c2)-c2ccnc(n2)Nc2cccc(c2)C1,[4*]N(CCO)Cc1cccc(Nc2nccc(-c3cccc([9*])c3)n2)c1,[3*]C/C=C/CCO[10*],18,6,24,0,3,9,3;10,largest_ring_two_bond_fragmentation
FRAG_475c921b93,JAK2_0a392ff493,OCCN1C/C=C/CCOc2cccc(c2)-c2ccnc(n2)Nc2cccc(c2)C1,[4*]N(CCO)Cc1cccc(Nc2nccc([14*])n2)c1,[3*]C/C=C/CCOc1cccc([16*])c1,18,12,18,6,3,15,3;16,largest_ring_two_bond_fragmentation
FRAG_f03a894337,JAK2_0a392ff493,OCCN1C/C=C/CCOc2cccc(c2)-c2ccnc(n2)Nc2cccc(c2)C1,[3*]C/C=C/CCOc1cccc(-c2ccnc([22*])n2)c1,[4*]N(CCO)Cc1cccc(N[20*])c1,18,12,18,6,3,21,4;20,largest_ring_two_bond_fragmentation
FRAG_af90c0ea56,JAK2_0a392ff493,OCCN1C/C=C/CCOc2cccc(c2)-c2ccnc(n2)Nc2cccc(c2)C1,[3*]C/C=C/CCOc1cccc(-c2ccnc(N[23*])n2)c1,[4*]N(CCO)Cc1cccc([22*])c1,18,11,19,6,3,22,4;22,largest_ring_two_bond_fragmentation
FRAG_519a802b8e,JAK2_0a392ff493,OCCN1C/C=C/CCOc2cccc(c2)-c2ccnc(n2)Nc2cccc(c2)C1,[3*]C/C=C/CCOc1cccc(-c2ccnc(Nc3cccc([29*])c3)n2)c1,[4*]N(C[27*])CCO,18,5,25,0,3,28,4;27,largest_ring_two_bond_fragmentation
FRAG_1f92190a62,JAK2_0a392ff493,OCCN1C/C=C/CCOc2cccc(c2)-c2ccnc(n2)Nc2cccc(c2)C1,[5*]CN(CCO)Cc1cccc(Nc2nccc(-c3cccc(OC[7*])c3)n2)c1,[4*]/C=C/C[8*],18,3,27,0,4,7,4;8,largest_ring_two_bond_fragmentation
FRAG_058fd3676d,JAK2_0a392ff493,OCCN1C/C=C/CCOc2cccc(c2)-c2ccnc(n2)Nc2cccc(c2)C1,[5*]CN(CCO)Cc1cccc(Nc2nccc(-c3cccc(O[8*])c3)n2)c1,[4*]/C=C/CC[9*],18,4,26,0,4,8,4;9,largest_ring_two_bond_fragmentation
FRAG_907f6e630e,JAK2_0a392ff493,OCCN1C/C=C/CCOc2cccc(c2)-c2ccnc(n2)Nc2cccc(c2)C1,[5*]CN(CCO)Cc1cccc(Nc2nccc(-c3cccc([9*])c3)n2)c1,[4*]/C=C/CCO[10*],18,5,25,0,4,9,4;10,largest_ring_two_bond_fragmentation
FRAG_25c161b1f9,JAK2_0a392ff493,OCCN1C/C=C/CCOc2cccc(c2)-c2ccnc(n2)Nc2cccc(c2)C1,[5*]CN(CCO)Cc1cccc(Nc2nccc([14*])n2)c1,[4*]/C=C/CCOc1cccc([16*])c1,18,11,19,6,4,15,4;16,largest_ring_two_bond_fragmentation
FRAG_2a509285a9,JAK2_0a392ff493,OCCN1C/C=C/CCOc2cccc(c2)-c2ccnc(n2)Nc2cccc(c2)C1,[4*]/C=C/CCOc1cccc(-c2ccnc(N[23*])n2)c1,[5*]CN(CCO)Cc1cccc([22*])c1,18,12,18,6,4,22,5;22,largest_ring_two_bond_fragmentation
FRAG_067cd4e61a,JAK2_0a392ff493,OCCN1C/C=C/CCOc2cccc(c2)-c2ccnc(n2)Nc2cccc(c2)C1,[4*]/C=C/CCOc1cccc(-c2ccnc(Nc3cccc([29*])c3)n2)c1,[5*]CN(C[27*])CCO,18,6,24,0,4,28,5;27,largest_ring_two_bond_fragmentation
FRAG_54af1fffc6,JAK2_0a392ff493,OCCN1C/C=C/CCOc2cccc(c2)-c2ccnc(n2)Nc2cccc(c2)C1,[3*]Cc1cccc(Nc2nccc(-c3cccc(OCC/C=C/[4*])c3)n2)c1,[5*]CN([29*])CCO,18,5,25,0,4,29,5;29,largest_ring_two_bond_fragmentation
FRAG_7d0f27f844,JAK2_0a392ff493,OCCN1C/C=C/CCOc2cccc(c2)-c2ccnc(n2)Nc2cccc(c2)C1,[7*]/C=C/CN(CCO)Cc1cccc(Nc2nccc(-c3cccc([9*])c3)n2)c1,[6*]CCO[10*],18,3,27,0,6,9,6;10,largest_ring_two_bond_fragmentation
FRAG_226a2fbfaf,JAK2_0a392ff493,OCCN1C/C=C/CCOc2cccc(c2)-c2ccnc(n2)Nc2cccc(c2)C1,[7*]/C=C/CN(CCO)Cc1cccc(Nc2nccc([14*])n2)c1,[6*]CCOc1cccc([16*])c1,18,9,21,6,6,15,6;16,largest_ring_two_bond_fragmentation
FRAG_d52a73ac5d,JAK2_0a392ff493,OCCN1C/C=C/CCOc2cccc(c2)-c2ccnc(n2)Nc2cccc(c2)C1,[6*]CCOc1cccc(-c2ccnc(Nc3cccc([29*])c3)n2)c1,[7*]/C=C/CN(C[27*])CCO,18,8,22,0,6,28,7;27,largest_ring_two_bond_fragmentation
FRAG_55f622cb95,JAK2_0a392ff493,OCCN1C/C=C/CCOc2cccc(c2)-c2ccnc(n2)Nc2cccc(c2)C1,[3*]Cc1cccc(Nc2nccc(-c3cccc(OCC[6*])c3)n2)c1,[7*]/C=C/CN([29*])CCO,18,7,23,0,6,29,7;29,largest_ring_two_bond_fragmentation
FRAG_2a8c97d5a1,JAK2_0a392ff493,OCCN1C/C=C/CCOc2cccc(c2)-c2ccnc(n2)Nc2cccc(c2)C1,[8*]C/C=C/CN(CCO)Cc1cccc(Nc2nccc([14*])n2)c1,[7*]COc1cccc([16*])c1,18,8,22,6,7,15,7;16,largest_ring_two_bond_fragmentation
FRAG_bdc66b3b63,JAK2_0a392ff493,OCCN1C/C=C/CCOc2cccc(c2)-c2ccnc(n2)Nc2cccc(c2)C1,[7*]COc1cccc(-c2ccnc(Nc3cccc([29*])c3)n2)c1,[8*]C/C=C/CN(C[27*])CCO,18,9,21,0,7,28,8;27,largest_ring_two_bond_fragmentation
FRAG_0eab916dd6,JAK2_0a392ff493,OCCN1C/C=C/CCOc2cccc(c2)-c2ccnc(n2)Nc2cccc(c2)C1,[3*]Cc1cccc(Nc2nccc(-c3cccc(OC[7*])c3)n2)c1,[8*]C/C=C/CN([29*])CCO,18,8,22,0,7,29,8;29,largest_ring_two_bond_fragmentation
FRAG_c5f4810547,JAK2_0a392ff493,OCCN1C/C=C/CCOc2cccc(c2)-c2ccnc(n2)Nc2cccc(c2)C1,[9*]CC/C=C/CN(CCO)Cc1cccc(Nc2nccc([14*])n2)c1,[8*]Oc1cccc([16*])c1,18,7,23,6,8,15,8;16,largest_ring_two_bond_fragmentation
FRAG_ff8b032bc5,JAK2_0a392ff493,OCCN1C/C=C/CCOc2cccc(c2)-c2ccnc(n2)Nc2cccc(c2)C1,[8*]Oc1cccc(-c2ccnc(Nc3cccc([29*])c3)n2)c1,[9*]CC/C=C/CN(C[27*])CCO,18,10,20,0,8,28,9;27,largest_ring_two_bond_fragmentation
FRAG_aa83cf0525,JAK2_0a392ff493,OCCN1C/C=C/CCOc2cccc(c2)-c2ccnc(n2)Nc2cccc(c2)C1,[3*]Cc1cccc(Nc2nccc(-c3cccc(O[8*])c3)n2)c1,[9*]CC/C=C/CN([29*])CCO,18,9,21,0,8,29,9;29,largest_ring_two_bond_fragmentation
FRAG_5e53c82854,JAK2_0a392ff493,OCCN1C/C=C/CCOc2cccc(c2)-c2ccnc(n2)Nc2cccc(c2)C1,[10*]OCC/C=C/CN(CCO)Cc1cccc(Nc2nccc([14*])n2)c1,[9*]c1cccc([16*])c1,18,6,24,6,9,15,9;16,largest_ring_two_bond_fragmentation
FRAG_794bbdf07f,JAK2_0a392ff493,OCCN1C/C=C/CCOc2cccc(c2)-c2ccnc(n2)Nc2cccc(c2)C1,[10*]OCC/C=C/CN(CCO)Cc1cccc(N[20*])c1,[9*]c1cccc(-c2ccnc([22*])n2)c1,18,12,18,6,9,21,9;22,largest_ring_two_bond_fragmentation
FRAG_663a94a88c,JAK2_0a392ff493,OCCN1C/C=C/CCOc2cccc(c2)-c2ccnc(n2)Nc2cccc(c2)C1,[9*]c1cccc(-c2ccnc(Nc3cccc([29*])c3)n2)c1,[10*]OCC/C=C/CN(C[27*])CCO,18,11,19,0,9,28,10;27,largest_ring_two_bond_fragmentation
FRAG_2678b04428,JAK2_0a392ff493,OCCN1C/C=C/CCOc2cccc(c2)-c2ccnc(n2)Nc2cccc(c2)C1,[3*]Cc1cccc(Nc2nccc(-c3cccc([9*])c3)n2)c1,[10*]OCC/C=C/CN([29*])CCO,18,10,20,0,9,29,10;29,largest_ring_two_bond_fragmentation
FRAG_2457d89d46,JAK2_0a392ff493,OCCN1C/C=C/CCOc2cccc(c2)-c2ccnc(n2)Nc2cccc(c2)C1,[16*]c1cccc(OCC/C=C/CN(CCO)Cc2cccc(N[20*])c2)c1,[14*]c1ccnc([22*])n1,18,6,24,6,15,21,14;22,largest_ring_two_bond_fragmentation
FRAG_a199b5df5f,JAK2_0a392ff493,OCCN1C/C=C/CCOc2cccc(c2)-c2ccnc(n2)Nc2cccc(c2)C1,[16*]c1cccc(OCC/C=C/CN(CCO)Cc2cccc([22*])c2)c1,[14*]c1ccnc(N[23*])n1,18,7,23,6,15,22,14;23,largest_ring_two_bond_fragmentation
FRAG_1dd6c63bf8,JAK2_0a392ff493,OCCN1C/C=C/CCOc2cccc(c2)-c2ccnc(n2)Nc2cccc(c2)C1,[22*]c1nccc(-c2cccc(OCC/C=C/CN(C[27*])CCO)c2)n1,[20*]Nc1cccc([29*])c1,18,7,23,6,21,28,20;29,largest_ring_two_bond_fragmentation
FRAG_10d4dd7c31,JAK2_0a392ff493,OCCN1C/C=C/CCOc2cccc(c2)-c2ccnc(n2)Nc2cccc(c2)C1,[22*]c1nccc(-c2cccc(OCC/C=C/CN([29*])CCO)c2)n1,[3*]Cc1cccc(N[20*])c1,18,8,22,6,21,29,3;20,largest_ring_two_bond_fragmentation
FRAG_092dfb36c1,JAK2_0a392ff493,OCCN1C/C=C/CCOc2cccc(c2)-c2ccnc(n2)Nc2cccc(c2)C1,[23*]Nc1nccc(-c2cccc(OCC/C=C/CN(C[27*])CCO)c2)n1,[22*]c1cccc([29*])c1,18,6,24,6,22,28,22;29,largest_ring_two_bond_fragmentation
FRAG_3035fba8c0,JAK2_0a392ff493,OCCN1C/C=C/CCOc2cccc(c2)-c2ccnc(n2)Nc2cccc(c2)C1,[23*]Nc1nccc(-c2cccc(OCC/C=C/CN([29*])CCO)c2)n1,[3*]Cc1cccc([22*])c1,18,7,23,6,22,29,3;22,largest_ring_two_bond_fragmentation
FRAG_db3c2cb7db,JAK2_c18ec7771e,C1=CCCOc2cccc(c2)-c2ccnc(n2)Nc2cccc(c2)OCC1,[2*]C=CCCOc1cccc(Nc2nccc(-c3cccc([4*])c3)n2)c1,[1*]CCO[5*],18,3,24,0,1,4,1;5,largest_ring_two_bond_fragmentation
FRAG_b1d08b8429,JAK2_c18ec7771e,C1=CCCOc2cccc(c2)-c2ccnc(n2)Nc2cccc(c2)OCC1,[2*]C=CCCOc1cccc(Nc2nccc([9*])n2)c1,[1*]CCOc1cccc([11*])c1,18,9,18,6,1,10,1;11,largest_ring_two_bond_fragmentation
FRAG_9fdc35343e,JAK2_c18ec7771e,C1=CCCOc2cccc(c2)-c2ccnc(n2)Nc2cccc(c2)OCC1,[1*]CCOc1cccc(-c2ccnc([17*])n2)c1,[2*]C=CCCOc1cccc(N[15*])c1,18,12,15,6,1,16,2;15,largest_ring_two_bond_fragmentation
FRAG_233619db14,JAK2_c18ec7771e,C1=CCCOc2cccc(c2)-c2ccnc(n2)Nc2cccc(c2)OCC1,[1*]CCOc1cccc(-c2ccnc(N[18*])n2)c1,[2*]C=CCCOc1cccc([17*])c1,18,11,16,6,1,17,2;17,largest_ring_two_bond_fragmentation
FRAG_2f7285840f,JAK2_c18ec7771e,C1=CCCOc2cccc(c2)-c2ccnc(n2)Nc2cccc(c2)OCC1,[1*]CCOc1cccc(-c2ccnc(Nc3cccc([24*])c3)n2)c1,[2*]C=CCCO[22*],18,5,22,0,1,23,2;22,largest_ring_two_bond_fragmentation
FRAG_6552a00719,JAK2_c18ec7771e,C1=CCCOc2cccc(c2)-c2ccnc(n2)Nc2cccc(c2)OCC1,[1*]CCOc1cccc(-c2ccnc(Nc3cccc(O[25*])c3)n2)c1,[2*]C=CCC[24*],18,4,23,0,1,24,2;24,largest_ring_two_bond_fragmentation
FRAG_6d331c2935,JAK2_c18ec7771e,C1=CCCOc2cccc(c2)-c2ccnc(n2)Nc2cccc(c2)OCC1,[1*]CCOc1cccc(-c2ccnc(Nc3cccc(OC[26*])c3)n2)c1,[2*]C=CC[25*],18,3,24,0,1,25,2;25,largest_ring_two_bond_fragmentation
FRAG_1743c68d56,JAK2_c18ec7771e,C1=CCCOc2cccc(c2)-c2ccnc(n2)Nc2cccc(c2)OCC1,[3*]CC=CCCOc1cccc(Nc2nccc([9*])n2)c1,[2*]COc1cccc([11*])c1,18,8,19,6,2,10,2;11,largest_ring_two_bond_fragmentation
FRAG_59592d95de,JAK2_c18ec7771e,C1=CCCOc2cccc(c2)-c2ccnc(n2)Nc2cccc(c2)OCC1,[2*]COc1cccc(-c2ccnc(N[18*])n2)c1,[3*]CC=CCCOc1cccc([17*])c1,18,12,15,6,2,17,3;17,largest_ring_two_bond_fragmentation
FRAG_81e58b6894,JAK2_c18ec7771e,C1=CCCOc2cccc(c2)-c2ccnc(n2)Nc2cccc(c2)OCC1,[2*]COc1cccc(-c2ccnc(Nc3cccc([24*])c3)n2)c1,[3*]CC=CCCO[22*],18,6,21,0,2,23,3;22,largest_ring_two_bond_fragmentation
FRAG_5bd209f6b1,JAK2_c18ec7771e,C1=CCCOc2cccc(c2)-c2ccnc(n2)Nc2cccc(c2)OCC1,[2*]COc1cccc(-c2ccnc(Nc3cccc(O[25*])c3)n2)c1,[3*]CC=CCC[24*],18,5,22,0,2,24,3;24,largest_ring_two_bond_fragmentation
FRAG_0a62b069cf,JAK2_c18ec7771e,C1=CCCOc2cccc(c2)-c2ccnc(n2)Nc2cccc(c2)OCC1,[2*]COc1cccc(-c2ccnc(Nc3cccc(OC[26*])c3)n2)c1,[3*]CC=CC[25*],18,4,23,0,2,25,3;25,largest_ring_two_bond_fragmentation
FRAG_ed32690080,JAK2_c18ec7771e,C1=CCCOc2cccc(c2)-c2ccnc(n2)Nc2cccc(c2)OCC1,*CCOc1cccc(Nc2nccc(-c3cccc(OC[2*])c3)n2)c1,[3*]CC=C[26*],18,3,24,0,2,26,3;26,largest_ring_two_bond_fragmentation
FRAG_451fa9924e,JAK2_c18ec7771e,C1=CCCOc2cccc(c2)-c2ccnc(n2)Nc2cccc(c2)OCC1,[4*]CCC=CCCOc1cccc(Nc2nccc([9*])n2)c1,[3*]Oc1cccc([11*])c1,18,7,20,6,3,10,3;11,largest_ring_two_bond_fragmentation
FRAG_bb88a52806,JAK2_c18ec7771e,C1=CCCOc2cccc(c2)-c2ccnc(n2)Nc2cccc(c2)OCC1,[3*]Oc1cccc(-c2ccnc(Nc3cccc([24*])c3)n2)c1,[4*]CCC=CCCO[22*],18,7,20,0,3,23,4;22,largest_ring_two_bond_fragmentation
FRAG_0131569a84,JAK2_c18ec7771e,C1=CCCOc2cccc(c2)-c2ccnc(n2)Nc2cccc(c2)OCC1,[3*]Oc1cccc(-c2ccnc(Nc3cccc(O[25*])c3)n2)c1,[4*]CCC=CCC[24*],18,6,21,0,3,24,4;24,largest_ring_two_bond_fragmentation
FRAG_9adb0497d3,JAK2_c18ec7771e,C1=CCCOc2cccc(c2)-c2ccnc(n2)Nc2cccc(c2)OCC1,[3*]Oc1cccc(-c2ccnc(Nc3cccc(OC[26*])c3)n2)c1,[4*]CCC=CC[25*],18,5,22,0,3,25,4;25,largest_ring_two_bond_fragmentation
FRAG_5d78180594,JAK2_c18ec7771e,C1=CCCOc2cccc(c2)-c2ccnc(n2)Nc2cccc(c2)OCC1,*CCOc1cccc(Nc2nccc(-c3cccc(O[3*])c3)n2)c1,[4*]CCC=C[26*],18,4,23,0,3,26,4;26,largest_ring_two_bond_fragmentation
FRAG_7781ebe540,JAK2_c18ec7771e,C1=CCCOc2cccc(c2)-c2ccnc(n2)Nc2cccc(c2)OCC1,[5*]OCCC=CCCOc1cccc(Nc2nccc([9*])n2)c1,[4*]c1cccc([11*])c1,18,6,21,6,4,10,4;11,largest_ring_two_bond_fragmentation
FRAG_4abc93e920,JAK2_c18ec7771e,C1=CCCOc2cccc(c2)-c2ccnc(n2)Nc2cccc(c2)OCC1,[5*]OCCC=CCCOc1cccc(N[15*])c1,[4*]c1cccc(-c2ccnc([17*])n2)c1,18,12,15,6,4,16,4;17,largest_ring_two_bond_fragmentation
FRAG_675d0e74ab,JAK2_c18ec7771e,C1=CCCOc2cccc(c2)-c2ccnc(n2)Nc2cccc(c2)OCC1,[4*]c1cccc(-c2ccnc(Nc3cccc([24*])c3)n2)c1,[5*]OCCC=CCCO[22*],18,8,19,0,4,23,5;22,largest_ring_two_bond_fragmentation
FRAG_17729b6123,JAK2_c18ec7771e,C1=CCCOc2cccc(c2)-c2ccnc(n2)Nc2cccc(c2)OCC1,[4*]c1cccc(-c2ccnc(Nc3cccc(O[25*])c3)n2)c1,[5*]OCCC=CCC[24*],18,7,20,0,4,24,5;24,largest_ring_two_bond_fragmentation
FRAG_52c8abcd35,JAK2_c18ec7771e,C1=CCCOc2cccc(c2)-c2ccnc(n2)Nc2cccc(c2)OCC1,[4*]c1cccc(-c2ccnc(Nc3cccc(OC[26*])c3)n2)c1,[5*]OCCC=CC[25*],18,6,21,0,4,25,5;25,largest_ring_two_bond_fragmentation
FRAG_dac627cc04,JAK2_c18ec7771e,C1=CCCOc2cccc(c2)-c2ccnc(n2)Nc2cccc(c2)OCC1,*CCOc1cccc(Nc2nccc(-c3cccc([4*])c3)n2)c1,[5*]OCCC=C[26*],18,5,22,0,4,26,5;26,largest_ring_two_bond_fragmentation
FRAG_f0b5d2e0f7,JAK2_c18ec7771e,C1=CCCOc2cccc(c2)-c2ccnc(n2)Nc2cccc(c2)OCC1,[11*]c1cccc(OCCC=CCCOc2cccc(N[15*])c2)c1,[9*]c1ccnc([17*])n1,18,6,21,6,10,16,9;17,largest_ring_two_bond_fragmentation
FRAG_7decca8492,JAK2_c18ec7771e,C1=CCCOc2cccc(c2)-c2ccnc(n2)Nc2cccc(c2)OCC1,[11*]c1cccc(OCCC=CCCOc2cccc([17*])c2)c1,[9*]c1ccnc(N[18*])n1,18,7,20,6,10,17,9;18,largest_ring_two_bond_fragmentation
FRAG_a5a2c7bf16,JAK2_c18ec7771e,C1=CCCOc2cccc(c2)-c2ccnc(n2)Nc2cccc(c2)OCC1,[9*]c1ccnc(Nc2cccc(OC[26*])c2)n1,[11*]c1cccc(OCCC=CC[25*])c1,18,12,15,6,10,25,11;25,largest_ring_two_bond_fragmentation
FRAG_9b28e14f68,JAK2_c18ec7771e,C1=CCCOc2cccc(c2)-c2ccnc(n2)Nc2cccc(c2)OCC1,*CCOc1cccc(Nc2nccc([9*])n2)c1,[11*]c1cccc(OCCC=C[26*])c1,18,11,16,6,10,26,11;26,largest_ring_two_bond_fragmentation
FRAG_3c617ecc9f,JAK2_c18ec7771e,C1=CCCOc2cccc(c2)-c2ccnc(n2)Nc2cccc(c2)OCC1,[17*]c1nccc(-c2cccc(OCCC=CCCO[22*])c2)n1,[15*]Nc1cccc([24*])c1,18,7,20,6,16,23,15;24,largest_ring_two_bond_fragmentation
FRAG_bdd0d2d3bd,JAK2_c18ec7771e,C1=CCCOc2cccc(c2)-c2ccnc(n2)Nc2cccc(c2)OCC1,[17*]c1nccc(-c2cccc(OCCC=CCC[24*])c2)n1,[15*]Nc1cccc(O[25*])c1,18,8,19,6,16,24,15;25,largest_ring_two_bond_fragmentation
FRAG_2984ae2029,JAK2_c18ec7771e,C1=CCCOc2cccc(c2)-c2ccnc(n2)Nc2cccc(c2)OCC1,[17*]c1nccc(-c2cccc(OCCC=CC[25*])c2)n1,[15*]Nc1cccc(OC[26*])c1,18,9,18,6,16,25,15;26,largest_ring_two_bond_fragmentation
FRAG_94598e43d5,JAK2_c18ec7771e,C1=CCCOc2cccc(c2)-c2ccnc(n2)Nc2cccc(c2)OCC1,[17*]c1nccc(-c2cccc(OCCC=C[26*])c2)n1,*CCOc1cccc(N[15*])c1,18,10,17,6,16,26,0;15,largest_ring_two_bond_fragmentation
FRAG_e61c5c8381,JAK2_c18ec7771e,C1=CCCOc2cccc(c2)-c2ccnc(n2)Nc2cccc(c2)OCC1,[18*]Nc1nccc(-c2cccc(OCCC=CCCO[22*])c2)n1,[17*]c1cccc([24*])c1,18,6,21,6,17,23,17;24,largest_ring_two_bond_fragmentation
FRAG_59f0fd03b6,JAK2_c18ec7771e,C1=CCCOc2cccc(c2)-c2ccnc(n2)Nc2cccc(c2)OCC1,[18*]Nc1nccc(-c2cccc(OCCC=CCC[24*])c2)n1,[17*]c1cccc(O[25*])c1,18,7,20,6,17,24,17;25,largest_ring_two_bond_fragmentation
FRAG_f3d4d667a6,JAK2_c18ec7771e,C1=CCCOc2cccc(c2)-c2ccnc(n2)Nc2cccc(c2)OCC1,[18*]Nc1nccc(-c2cccc(OCCC=CC[25*])c2)n1,[17*]c1cccc(OC[26*])c1,18,8,19,6,17,25,17;26,largest_ring_two_bond_fragmentation
FRAG_8fb89f6fdd,JAK2_c18ec7771e,C1=CCCOc2cccc(c2)-c2ccnc(n2)Nc2cccc(c2)OCC1,[18*]Nc1nccc(-c2cccc(OCCC=C[26*])c2)n1,*CCOc1cccc([17*])c1,18,9,18,6,17,26,0;17,largest_ring_two_bond_fragmentation
FRAG_0ea3cce8a8,JAK2_c18ec7771e,C1=CCCOc2cccc(c2)-c2ccnc(n2)Nc2cccc(c2)OCC1,[24*]c1cccc(Nc2nccc(-c3cccc(OCCC=C[26*])c3)n2)c1,*CCO[22*],18,3,24,0,23,26,0;22,largest_ring_two_bond_fragmentation
FRAG_7eab71636a,JAK2_e8596d56e7,CN1C/C=C/CCn2ccc3ccc(cc32)-c2ccnc(n2)Nc2cccc(c2)C1,[2*]N(C)Cc1cccc(Nc2nccc(-c3ccc4ccn(CC[4*])c4c3)n2)c1,[1*]C/C=C/[5*],18,3,27,0,1,4,1;5,largest_ring_two_bond_fragmentation
FRAG_023a0b50cc,JAK2_e8596d56e7,CN1C/C=C/CCn2ccc3ccc(cc32)-c2ccnc(n2)Nc2cccc(c2)C1,[2*]N(C)Cc1cccc(Nc2nccc(-c3ccc4ccn(C[5*])c4c3)n2)c1,[1*]C/C=C/C[6*],18,4,26,0,1,5,1;6,largest_ring_two_bond_fragmentation
FRAG_4ed13f68a7,JAK2_e8596d56e7,CN1C/C=C/CCn2ccc3ccc(cc32)-c2ccnc(n2)Nc2cccc(c2)C1,[2*]N(C)Cc1cccc(Nc2nccc(-c3ccc4ccn([6*])c4c3)n2)c1,[1*]C/C=C/CC[7*],18,5,25,0,1,6,1;7,largest_ring_two_bond_fragmentation
FRAG_005b39b762,JAK2_e8596d56e7,CN1C/C=C/CCn2ccc3ccc(cc32)-c2ccnc(n2)Nc2cccc(c2)C1,[1*]C/C=C/CCn1ccc2ccc(-c3ccnc([22*])n3)cc21,[2*]N(C)Cc1cccc(N[20*])c1,18,10,20,6,1,21,2;20,largest_ring_two_bond_fragmentation
FRAG_ad7471fffd,JAK2_e8596d56e7,CN1C/C=C/CCn2ccc3ccc(cc32)-c2ccnc(n2)Nc2cccc(c2)C1,[1*]C/C=C/CCn1ccc2ccc(-c3ccnc(N[23*])n3)cc21,[2*]N(C)Cc1cccc([22*])c1,18,9,21,6,1,22,2;22,largest_ring_two_bond_fragmentation
FRAG_63308460dd,JAK2_e8596d56e7,CN1C/C=C/CCn2ccc3ccc(cc32)-c2ccnc(n2)Nc2cccc(c2)C1,[1*]C/C=C/CCn1ccc2ccc(-c3ccnc(Nc4cccc([29*])c4)n3)cc21,[2*]N(C)C[27*],18,3,27,0,1,28,2;27,largest_ring_two_bond_fragmentation
FRAG_d434408433,JAK2_e8596d56e7,CN1C/C=C/CCn2ccc3ccc(cc32)-c2ccnc(n2)Nc2cccc(c2)C1,[3*]CN(C)Cc1cccc(Nc2nccc(-c3ccc4ccn(C[5*])c4c3)n2)c1,[2*]/C=C/C[6*],18,3,27,0,2,5,2;6,largest_ring_two_bond_fragmentation
FRAG_b7c15962fa,JAK2_e8596d56e7,CN1C/C=C/CCn2ccc3ccc(cc32)-c2ccnc(n2)Nc2cccc(c2)C1,[3*]CN(C)Cc1cccc(Nc2nccc(-c3ccc4ccn([6*])c4c3)n2)c1,[2*]/C=C/CC[7*],18,4,26,0,2,6,2;7,largest_ring_two_bond_fragmentation
FRAG_a5007746d6,JAK2_e8596d56e7,CN1C/C=C/CCn2ccc3ccc(cc32)-c2ccnc(n2)Nc2cccc(c2)C1,[2*]/C=C/CCn1ccc2ccc(-c3ccnc([22*])n3)cc21,[3*]CN(C)Cc1cccc(N[20*])c1,18,11,19,6,2,21,3;20,largest_ring_two_bond_fragmentation
FRAG_546b8147fe,JAK2_e8596d56e7,CN1C/C=C/CCn2ccc3ccc(cc32)-c2ccnc(n2)Nc2cccc(c2)C1,[2*]/C=C/CCn1ccc2ccc(-c3ccnc(N[23*])n3)cc21,[3*]CN(C)Cc1cccc([22*])c1,18,10,20,6,2,22,3;22,largest_ring_two_bond_fragmentation
FRAG_5c1e806124,JAK2_e8596d56e7,CN1C/C=C/CCn2ccc3ccc(cc32)-c2ccnc(n2)Nc2cccc(c2)C1,[2*]/C=C/CCn1ccc2ccc(-c3ccnc(Nc4cccc([29*])c4)n3)cc21,[3*]CN(C)C[27*],18,4,26,0,2,28,3;27,largest_ring_two_bond_fragmentation
FRAG_4684b5553b,JAK2_e8596d56e7,CN1C/C=C/CCn2ccc3ccc(cc32)-c2ccnc(n2)Nc2cccc(c2)C1,[1*]Cc1cccc(Nc2nccc(-c3ccc4ccn(CC/C=C/[2*])c4c3)n2)c1,[3*]CN([29*])C,18,3,27,0,2,29,3;29,largest_ring_two_bond_fragmentation
FRAG_50b7d06ffe,JAK2_e8596d56e7,CN1C/C=C/CCn2ccc3ccc(cc32)-c2ccnc(n2)Nc2cccc(c2)C1,[5*]/C=C/CN(C)Cc1cccc(Nc2nccc([13*])n2)c1,[4*]CCn1ccc2ccc([16*])cc21,18,11,19,6,4,15,4;16,largest_ring_two_bond_fragmentation
FRAG_7a0c9ca598,JAK2_e8596d56e7,CN1C/C=C/CCn2ccc3ccc(cc32)-c2ccnc(n2)Nc2cccc(c2)C1,[4*]CCn1ccc2ccc(-c3ccnc(N[23*])n3)cc21,[5*]/C=C/CN(C)Cc1cccc([22*])c1,18,12,18,6,4,22,5;22,largest_ring_two_bond_fragmentation
FRAG_d316946f03,JAK2_e8596d56e7,CN1C/C=C/CCn2ccc3ccc(cc32)-c2ccnc(n2)Nc2cccc(c2)C1,[4*]CCn1ccc2ccc(-c3ccnc(Nc4cccc([29*])c4)n3)cc21,[5*]/C=C/CN(C)C[27*],18,6,24,0,4,28,5;27,largest_ring_two_bond_fragmentation
FRAG_20f591a77a,JAK2_e8596d56e7,CN1C/C=C/CCn2ccc3ccc(cc32)-c2ccnc(n2)Nc2cccc(c2)C1,[1*]Cc1cccc(Nc2nccc(-c3ccc4ccn(CC[4*])c4c3)n2)c1,[5*]/C=C/CN([29*])C,18,5,25,0,4,29,5;29,largest_ring_two_bond_fragmentation
FRAG_8663c8d696,JAK2_e8596d56e7,CN1C/C=C/CCn2ccc3ccc(cc32)-c2ccnc(n2)Nc2cccc(c2)C1,[6*]C/C=C/CN(C)Cc1cccc(Nc2nccc([13*])n2)c1,[5*]Cn1ccc2ccc([16*])cc21,18,10,20,6,5,15,5;16,largest_ring_two_bond_fragmentation
FRAG_18025b2f80,JAK2_e8596d56e7,CN1C/C=C/CCn2ccc3ccc(cc32)-c2ccnc(n2)Nc2cccc(c2)C1,[5*]Cn1ccc2ccc(-c3ccnc(Nc4cccc([29*])c4)n3)cc21,[6*]C/C=C/CN(C)C[27*],18,7,23,0,5,28,6;27,largest_ring_two_bond_fragmentation
FRAG_256f101b94,JAK2_e8596d56e7,CN1C/C=C/CCn2ccc3ccc(cc32)-c2ccnc(n2)Nc2cccc(c2)C1,[1*]Cc1cccc(Nc2nccc(-c3ccc4ccn(C[5*])c4c3)n2)c1,[6*]C/C=C/CN([29*])C,18,6,24,0,5,29,6;29,largest_ring_two_bond_fragmentation
FRAG_1ed829e745,JAK2_e8596d56e7,CN1C/C=C/CCn2ccc3ccc(cc32)-c2ccnc(n2)Nc2cccc(c2)C1,[7*]CC/C=C/CN(C)Cc1cccc(Nc2nccc([13*])n2)c1,[6*]n1ccc2ccc([16*])cc21,18,9,21,6,6,15,6;16,largest_ring_two_bond_fragmentation
FRAG_3feb445700,JAK2_e8596d56e7,CN1C/C=C/CCn2ccc3ccc(cc32)-c2ccnc(n2)Nc2cccc(c2)C1,[6*]n1ccc2ccc(-c3ccnc(Nc4cccc([29*])c4)n3)cc21,[7*]CC/C=C/CN(C)C[27*],18,8,22,0,6,28,7;27,largest_ring_two_bond_fragmentation
FRAG_7bf257e5b2,JAK2_e8596d56e7,CN1C/C=C/CCn2ccc3ccc(cc32)-c2ccnc(n2)Nc2cccc(c2)C1,[1*]Cc1cccc(Nc2nccc(-c3ccc4ccn([6*])c4c3)n2)c1,[7*]CC/C=C/CN([29*])C,18,7,23,0,6,29,7;29,largest_ring_two_bond_fragmentation
FRAG_f46bb8a77a,JAK2_e8596d56e7,CN1C/C=C/CCn2ccc3ccc(cc32)-c2ccnc(n2)Nc2cccc(c2)C1,[16*]c1ccc2ccn(CC/C=C/CN(C)Cc3cccc(N[20*])c3)c2c1,[13*]c1ccnc([22*])n1,18,6,24,6,15,21,13;22,largest_ring_two_bond_fragmentation
FRAG_3c8b9d77d6,JAK2_e8596d56e7,CN1C/C=C/CCn2ccc3ccc(cc32)-c2ccnc(n2)Nc2cccc(c2)C1,[16*]c1ccc2ccn(CC/C=C/CN(C)Cc3cccc([22*])c3)c2c1,[13*]c1ccnc(N[23*])n1,18,7,23,6,15,22,13;23,largest_ring_two_bond_fragmentation
FRAG_7e9ab25773,JAK2_e8596d56e7,CN1C/C=C/CCn2ccc3ccc(cc32)-c2ccnc(n2)Nc2cccc(c2)C1,[22*]c1nccc(-c2ccc3ccn(CC/C=C/CN(C)C[27*])c3c2)n1,[20*]Nc1cccc([29*])c1,18,7,23,6,21,28,20;29,largest_ring_two_bond_fragmentation
FRAG_dcff251bce,JAK2_e8596d56e7,CN1C/C=C/CCn2ccc3ccc(cc32)-c2ccnc(n2)Nc2cccc(c2)C1,[22*]c1nccc(-c2ccc3ccn(CC/C=C/CN([29*])C)c3c2)n1,[1*]Cc1cccc(N[20*])c1,18,8,22,6,21,29,1;20,largest_ring_two_bond_fragmentation
FRAG_2b8afc49f9,JAK2_e8596d56e7,CN1C/C=C/CCn2ccc3ccc(cc32)-c2ccnc(n2)Nc2cccc(c2)C1,[23*]Nc1nccc(-c2ccc3ccn(CC/C=C/CN(C)C[27*])c3c2)n1,[22*]c1cccc([29*])c1,18,6,24,6,22,28,22;29,largest_ring_two_bond_fragmentation
FRAG_eb82a158b5,JAK2_e8596d56e7,CN1C/C=C/CCn2ccc3ccc(cc32)-c2ccnc(n2)Nc2cccc(c2)C1,[23*]Nc1nccc(-c2ccc3ccn(CC/C=C/CN([29*])C)c3c2)n1,[1*]Cc1cccc([22*])c1,18,7,23,6,22,29,1;22,largest_ring_two_bond_fragmentation
FRAG_2b69759e99,JAK2_dd65fc4349,C1=C/COCc2cc(ccc2OCCN2CCCC2)Nc2nccc(n2)-c2ccnc(c2)OCC/1,[2*]/C=C/CCOc1cc(-c2ccnc(Nc3ccc(OCCN4CCCC4)c([4*])c3)n2)ccn1,[1*]COC[5*],18,3,32,0,1,4,1;5,largest_ring_two_bond_fragmentation
FRAG_2cda823e9a,JAK2_dd65fc4349,C1=C/COCc2cc(ccc2OCCN2CCCC2)Nc2nccc(n2)-c2ccnc(c2)OCC/1,[1*]COCc1cc(Nc2nccc([26*])n2)ccc1OCCN1CCCC1,[2*]/C=C/CCOc1cc([24*])ccn1,18,11,24,6,1,25,2;24,largest_ring_two_bond_fragmentation
FRAG_6be0d9d7b4,JAK2_dd65fc4349,C1=C/COCc2cc(ccc2OCCN2CCCC2)Nc2nccc(n2)-c2ccnc(c2)OCC/1,[1*]COCc1cc(Nc2nccc(-c3ccnc([32*])c3)n2)ccc1OCCN1CCCC1,[2*]/C=C/CCO[30*],18,5,30,0,1,31,2;30,largest_ring_two_bond_fragmentation
FRAG_c86454fc79,JAK2_dd65fc4349,C1=C/COCc2cc(ccc2OCCN2CCCC2)Nc2nccc(n2)-c2ccnc(c2)OCC/1,[1*]COCc1cc(Nc2nccc(-c3ccnc(O[33*])c3)n2)ccc1OCCN1CCCC1,[2*]/C=C/CC[32*],18,4,31,0,1,32,2;32,largest_ring_two_bond_fragmentation
FRAG_038431e42f,JAK2_dd65fc4349,C1=C/COCc2cc(ccc2OCCN2CCCC2)Nc2nccc(n2)-c2ccnc(c2)OCC/1,[1*]COCc1cc(Nc2nccc(-c3ccnc(OC[34*])c3)n2)ccc1OCCN1CCCC1,[2*]/C=C/C[33*],18,3,32,0,1,33,2;33,largest_ring_two_bond_fragmentation
FRAG_297abdf92f,JAK2_dd65fc4349,C1=C/COCc2cc(ccc2OCCN2CCCC2)Nc2nccc(n2)-c2ccnc(c2)OCC/1,[2*]OCc1cc(Nc2nccc([26*])n2)ccc1OCCN1CCCC1,[3*]C/C=C/CCOc1cc([24*])ccn1,18,12,23,6,2,25,3;24,largest_ring_two_bond_fragmentation
FRAG_dd0dcb9e7e,JAK2_dd65fc4349,C1=C/COCc2cc(ccc2OCCN2CCCC2)Nc2nccc(n2)-c2ccnc(c2)OCC/1,[2*]OCc1cc(Nc2nccc(-c3ccnc([32*])c3)n2)ccc1OCCN1CCCC1,[3*]C/C=C/CCO[30*],18,6,29,0,2,31,3;30,largest_ring_two_bond_fragmentation
FRAG_12e5f03c93,JAK2_dd65fc4349,C1=C/COCc2cc(ccc2OCCN2CCCC2)Nc2nccc(n2)-c2ccnc(c2)OCC/1,[2*]OCc1cc(Nc2nccc(-c3ccnc(O[33*])c3)n2)ccc1OCCN1CCCC1,[3*]C/C=C/CC[32*],18,5,30,0,2,32,3;32,largest_ring_two_bond_fragmentation
FRAG_5ceb0404ae,JAK2_dd65fc4349,C1=C/COCc2cc(ccc2OCCN2CCCC2)Nc2nccc(n2)-c2ccnc(c2)OCC/1,[2*]OCc1cc(Nc2nccc(-c3ccnc(OC[34*])c3)n2)ccc1OCCN1CCCC1,[3*]C/C=C/C[33*],18,4,31,0,2,33,3;33,largest_ring_two_bond_fragmentation
FRAG_4136e0dc9a,JAK2_dd65fc4349,C1=C/COCc2cc(ccc2OCCN2CCCC2)Nc2nccc(n2)-c2ccnc(c2)OCC/1,*CCOc1cc(-c2ccnc(Nc3ccc(OCCN4CCCC4)c(CO[2*])c3)n2)ccn1,[3*]C/C=C/[34*],18,3,32,0,2,34,3;34,largest_ring_two_bond_fragmentation
FRAG_0f46dd6c02,JAK2_dd65fc4349,C1=C/COCc2cc(ccc2OCCN2CCCC2)Nc2nccc(n2)-c2ccnc(c2)OCC/1,[3*]Cc1cc(Nc2nccc(-c3ccnc([32*])c3)n2)ccc1OCCN1CCCC1,[4*]OC/C=C/CCO[30*],18,7,28,0,3,31,4;30,largest_ring_two_bond_fragmentation
FRAG_2298fd3b40,JAK2_dd65fc4349,C1=C/COCc2cc(ccc2OCCN2CCCC2)Nc2nccc(n2)-c2ccnc(c2)OCC/1,[3*]Cc1cc(Nc2nccc(-c3ccnc(O[33*])c3)n2)ccc1OCCN1CCCC1,[4*]OC/C=C/CC[32*],18,6,29,0,3,32,4;32,largest_ring_two_bond_fragmentation
FRAG_0a3229c79f,JAK2_dd65fc4349,C1=C/COCc2cc(ccc2OCCN2CCCC2)Nc2nccc(n2)-c2ccnc(c2)OCC/1,[3*]Cc1cc(Nc2nccc(-c3ccnc(OC[34*])c3)n2)ccc1OCCN1CCCC1,[4*]OC/C=C/C[33*],18,5,30,0,3,33,4;33,largest_ring_two_bond_fragmentation
FRAG_c6e0ad1854,JAK2_dd65fc4349,C1=C/COCc2cc(ccc2OCCN2CCCC2)Nc2nccc(n2)-c2ccnc(c2)OCC/1,*CCOc1cc(-c2ccnc(Nc3ccc(OCCN4CCCC4)c(C[3*])c3)n2)ccn1,[4*]OC/C=C/[34*],18,4,31,0,3,34,4;34,largest_ring_two_bond_fragmentation
FRAG_74a4f6c4e7,JAK2_dd65fc4349,C1=C/COCc2cc(ccc2OCCN2CCCC2)Nc2nccc(n2)-c2ccnc(c2)OCC/1,[4*]c1cc(Nc2nccc(-c3ccnc([32*])c3)n2)ccc1OCCN1CCCC1,[5*]COC/C=C/CCO[30*],18,8,27,0,4,31,5;30,largest_ring_two_bond_fragmentation
FRAG_901b4648ad,JAK2_dd65fc4349,C1=C/COCc2cc(ccc2OCCN2CCCC2)Nc2nccc(n2)-c2ccnc(c2)OCC/1,[4*]c1cc(Nc2nccc(-c3ccnc(O[33*])c3)n2)ccc1OCCN1CCCC1,[5*]COC/C=C/CC[32*],18,7,28,0,4,32,5;32,largest_ring_two_bond_fragmentation
FRAG_8d89b80b5b,JAK2_dd65fc4349,C1=C/COCc2cc(ccc2OCCN2CCCC2)Nc2nccc(n2)-c2ccnc(c2)OCC/1,[4*]c1cc(Nc2nccc(-c3ccnc(OC[34*])c3)n2)ccc1OCCN1CCCC1,[5*]COC/C=C/C[33*],18,6,29,0,4,33,5;33,largest_ring_two_bond_fragmentation
FRAG_51750f23f5,JAK2_dd65fc4349,C1=C/COCc2cc(ccc2OCCN2CCCC2)Nc2nccc(n2)-c2ccnc(c2)OCC/1,*CCOc1cc(-c2ccnc(Nc3ccc(OCCN4CCCC4)c([4*])c3)n2)ccn1,[5*]COC/C=C/[34*],18,5,30,0,4,34,5;34,largest_ring_two_bond_fragmentation
FRAG_1781043e3e,JAK2_dd65fc4349,C1=C/COCc2cc(ccc2OCCN2CCCC2)Nc2nccc(n2)-c2ccnc(c2)OCC/1,[19*]c1ccc(OCCN2CCCC2)c(COC/C=C/CCOc2cc([24*])ccn2)c1,[7*]Nc1nccc([26*])n1,18,7,28,6,18,25,7;26,largest_ring_two_bond_fragmentation
FRAG_2d6e685a1c,JAK2_dd65fc4349,C1=C/COCc2cc(ccc2OCCN2CCCC2)Nc2nccc(n2)-c2ccnc(c2)OCC/1,[20*]Nc1ccc(OCCN2CCCC2)c(COC/C=C/CCOc2cc([24*])ccn2)c1,[19*]c1nccc([26*])n1,18,6,29,6,19,25,19;26,largest_ring_two_bond_fragmentation
FRAG_1b2e99a0b4,JAK2_dd65fc4349,C1=C/COCc2cc(ccc2OCCN2CCCC2)Nc2nccc(n2)-c2ccnc(c2)OCC/1,[20*]Nc1ccc(OCCN2CCCC2)c(COC/C=C/CCO[30*])c1,[19*]c1nccc(-c2ccnc([32*])c2)n1,18,12,23,6,19,31,19;32,largest_ring_two_bond_fragmentation
FRAG_bf06c9dfdb,JAK2_dd65fc4349,C1=C/COCc2cc(ccc2OCCN2CCCC2)Nc2nccc(n2)-c2ccnc(c2)OCC/1,[26*]c1ccnc(Nc2ccc(OCCN3CCCC3)c(COC/C=C/CCO[30*])c2)n1,[24*]c1ccnc([32*])c1,18,6,29,6,25,31,24;32,largest_ring_two_bond_fragmentation
FRAG_a9c3a6a685,JAK2_dd65fc4349,C1=C/COCc2cc(ccc2OCCN2CCCC2)Nc2nccc(n2)-c2ccnc(c2)OCC/1,[26*]c1ccnc(Nc2ccc(OCCN3CCCC3)c(COC/C=C/CC[32*])c2)n1,[24*]c1ccnc(O[33*])c1,18,7,28,6,25,32,24;33,largest_ring_two_bond_fragmentation
FRAG_f3818eef29,JAK2_dd65fc4349,C1=C/COCc2cc(ccc2OCCN2CCCC2)Nc2nccc(n2)-c2ccnc(c2)OCC/1,[26*]c1ccnc(Nc2ccc(OCCN3CCCC3)c(COC/C=C/C[33*])c2)n1,[24*]c1ccnc(OC[34*])c1,18,8,27,6,25,33,24;34,largest_ring_two_bond_fragmentation
FRAG_e6f6186a31,JAK2_dd65fc4349,C1=C/COCc2cc(ccc2OCCN2CCCC2)Nc2nccc(n2)-c2ccnc(c2)OCC/1,[26*]c1ccnc(Nc2ccc(OCCN3CCCC3)c(COC/C=C/[34*])c2)n1,*CCOc1cc([24*])ccn1,18,9,26,6,25,34,0;24,largest_ring_two_bond_fragmentation
FRAG_5c9c4f5625,JAK2_dd65fc4349,C1=C/COCc2cc(ccc2OCCN2CCCC2)Nc2nccc(n2)-c2ccnc(c2)OCC/1,[32*]c1cc(-c2ccnc(Nc3ccc(OCCN4CCCC4)c(COC/C=C/[34*])c3)n2)ccn1,*CCO[30*],18,3,32,0,31,34,0;30,largest_ring_two_bond_fragmentation
FRAG_252abfc7af,JAK2_42eda36dd1,COc1cc(O)c2c(c1)CCC[C@H](O)[C@H](O)C(=O)/C=C\C[C@H](C)OC2=O,[9*]c1cc(OC)cc(O)c1C(=O)O[C@@H](C)C/C=C\C(=O)[C@@H](O)[C@H]([11*])O,[7*]CCC[12*],14,3,23,0,8,11,7;12,largest_ring_two_bond_fragmentation
FRAG_c58140037a,JAK2_42eda36dd1,COc1cc(O)c2c(c1)CCC[C@H](O)[C@H](O)C(=O)/C=C\C[C@H](C)OC2=O,[9*]c1cc(OC)cc(O)c1C(=O)O[C@@H](C)C/C=C\C(=O)[C@H]([12*])O,[7*]CCC[C@@H]([14*])O,14,5,21,0,8,13,7;14,largest_ring_two_bond_fragmentation
FRAG_7528ef3ca1,JAK2_42eda36dd1,COc1cc(O)c2c(c1)CCC[C@H](O)[C@H](O)C(=O)/C=C\C[C@H](C)OC2=O,[9*]c1cc(OC)cc(O)c1C(=O)O[C@@H](C)C/C=C\C([14*])=O,[7*]CCC[C@H](O)[C@@H]([16*])O,14,7,19,0,8,15,7;16,largest_ring_two_bond_fragmentation
FRAG_224eeb2e9c,JAK2_42eda36dd1,COc1cc(O)c2c(c1)CCC[C@H](O)[C@H](O)C(=O)/C=C\C[C@H](C)OC2=O,[9*]c1cc(OC)cc(O)c1C(=O)O[C@@H](C)C/C=C\[16*],[7*]CCC[C@H](O)[C@H](O)C([18*])=O,14,9,17,0,8,17,7;18,largest_ring_two_bond_fragmentation
FRAG_52802271b5,JAK2_42eda36dd1,COc1cc(O)c2c(c1)CCC[C@H](O)[C@H](O)C(=O)/C=C\C[C@H](C)OC2=O,[9*]c1cc(OC)cc(O)c1C(=O)O[C@@H](C)C[19*],[7*]CCC[C@H](O)[C@H](O)C(=O)/C=C\[20*],14,11,15,0,8,19,7;20,largest_ring_two_bond_fragmentation
FRAG_03f87142c3,JAK2_42eda36dd1,COc1cc(O)c2c(c1)CCC[C@H](O)[C@H](O)C(=O)/C=C\C[C@H](C)OC2=O,[9*]c1cc(OC)cc(O)c1C(=O)O[C@H]([20*])C,[7*]CCC[C@H](O)[C@H](O)C(=O)/C=C\C[21*],14,12,14,0,8,20,7;21,largest_ring_two_bond_fragmentation
FRAG_96d7ce1b5d,JAK2_42eda36dd1,COc1cc(O)c2c(c1)CCC[C@H](O)[C@H](O)C(=O)/C=C\C[C@H](C)OC2=O,[7*]CCC[C@H](O)[C@H](O)C(=O)/C=C\C[C@@H]([23*])C,[9*]c1cc(OC)cc(O)c1C(=O)O[21*],14,12,14,6,8,22,9;21,largest_ring_two_bond_fragmentation
FRAG_ffbf71e2e8,JAK2_42eda36dd1,COc1cc(O)c2c(c1)CCC[C@H](O)[C@H](O)C(=O)/C=C\C[C@H](C)OC2=O,[7*]CCC[C@H](O)[C@H](O)C(=O)/C=C\C[C@H](C)O[24*],[9*]c1cc(OC)cc(O)c1C([23*])=O,14,11,15,6,8,23,9;23,largest_ring_two_bond_fragmentation
FRAG_baf2192bf7,JAK2_42eda36dd1,COc1cc(O)c2c(c1)CCC[C@H](O)[C@H](O)C(=O)/C=C\C[C@H](C)OC2=O,[6*]C(=O)O[C@@H](C)C/C=C\C(=O)[C@@H](O)[C@@H](O)CCC[7*],[9*]c1cc(OC)cc(O)c1[24*],14,9,17,6,8,26,9;24,largest_ring_two_bond_fragmentation
FRAG_a4c26e8285,JAK2_42eda36dd1,COc1cc(O)c2c(c1)CCC[C@H](O)[C@H](O)C(=O)/C=C\C[C@H](C)OC2=O,[10*]Cc1cc(OC)cc(O)c1C(=O)O[C@@H](C)C/C=C\C(=O)[C@H]([12*])O,[9*]CC[C@@H]([14*])O,14,4,22,0,9,13,9;14,largest_ring_two_bond_fragmentation
FRAG_353fdbe5b6,JAK2_42eda36dd1,COc1cc(O)c2c(c1)CCC[C@H](O)[C@H](O)C(=O)/C=C\C[C@H](C)OC2=O,[10*]Cc1cc(OC)cc(O)c1C(=O)O[C@@H](C)C/C=C\C([14*])=O,[9*]CC[C@H](O)[C@@H]([16*])O,14,6,20,0,9,15,9;16,largest_ring_two_bond_fragmentation
FRAG_eb55a0c3c6,JAK2_42eda36dd1,COc1cc(O)c2c(c1)CCC[C@H](O)[C@H](O)C(=O)/C=C\C[C@H](C)OC2=O,[10*]Cc1cc(OC)cc(O)c1C(=O)O[C@@H](C)C/C=C\[16*],[9*]CC[C@H](O)[C@H](O)C([18*])=O,14,8,18,0,9,17,9;18,largest_ring_two_bond_fragmentation
FRAG_1a3b3e5f16,JAK2_42eda36dd1,COc1cc(O)c2c(c1)CCC[C@H](O)[C@H](O)C(=O)/C=C\C[C@H](C)OC2=O,[10*]Cc1cc(OC)cc(O)c1C(=O)O[C@@H](C)C[19*],[9*]CC[C@H](O)[C@H](O)C(=O)/C=C\[20*],14,10,16,0,9,19,9;20,largest_ring_two_bond_fragmentation
FRAG_4991e2bc37,JAK2_42eda36dd1,COc1cc(O)c2c(c1)CCC[C@H](O)[C@H](O)C(=O)/C=C\C[C@H](C)OC2=O,[10*]Cc1cc(OC)cc(O)c1C(=O)O[C@H]([20*])C,[9*]CC[C@H](O)[C@H](O)C(=O)/C=C\C[21*],14,11,15,0,9,20,9;21,largest_ring_two_bond_fragmentation
FRAG_10512f8561,JAK2_42eda36dd1,COc1cc(O)c2c(c1)CCC[C@H](O)[C@H](O)C(=O)/C=C\C[C@H](C)OC2=O,[9*]CC[C@H](O)[C@H](O)C(=O)/C=C\C[C@H](C)O[24*],[10*]Cc1cc(OC)cc(O)c1C([23*])=O,14,12,14,6,9,23,10;23,largest_ring_two_bond_fragmentation
FRAG_6f93f90f3c,JAK2_42eda36dd1,COc1cc(O)c2c(c1)CCC[C@H](O)[C@H](O)C(=O)/C=C\C[C@H](C)OC2=O,[6*]C(=O)O[C@@H](C)C/C=C\C(=O)[C@@H](O)[C@@H](O)CC[9*],[10*]Cc1cc(OC)cc(O)c1[24*],14,10,16,6,9,26,10;24,largest_ring_two_bond_fragmentation
FRAG_bc79ea7468,JAK2_42eda36dd1,COc1cc(O)c2c(c1)CCC[C@H](O)[C@H](O)C(=O)/C=C\C[C@H](C)OC2=O,[11*]CCc1cc(OC)cc(O)c1C(=O)O[C@@H](C)C/C=C\C(=O)[C@H]([12*])O,[10*]C[C@@H]([14*])O,14,3,23,0,10,13,10;14,largest_ring_two_bond_fragmentation
FRAG_bf7dd540d0,JAK2_42eda36dd1,COc1cc(O)c2c(c1)CCC[C@H](O)[C@H](O)C(=O)/C=C\C[C@H](C)OC2=O,[11*]CCc1cc(OC)cc(O)c1C(=O)O[C@@H](C)C/C=C\C([14*])=O,[10*]C[C@H](O)[C@@H]([16*])O,14,5,21,0,10,15,10;16,largest_ring_two_bond_fragmentation
FRAG_12f37425b4,JAK2_42eda36dd1,COc1cc(O)c2c(c1)CCC[C@H](O)[C@H](O)C(=O)/C=C\C[C@H](C)OC2=O,[11*]CCc1cc(OC)cc(O)c1C(=O)O[C@@H](C)C/C=C\[16*],[10*]C[C@H](O)[C@H](O)C([18*])=O,14,7,19,0,10,17,10;18,largest_ring_two_bond_fragmentation
FRAG_0dfe50ac66,JAK2_42eda36dd1,COc1cc(O)c2c(c1)CCC[C@H](O)[C@H](O)C(=O)/C=C\C[C@H](C)OC2=O,[11*]CCc1cc(OC)cc(O)c1C(=O)O[C@@H](C)C[19*],[10*]C[C@H](O)[C@H](O)C(=O)/C=C\[20*],14,9,17,0,10,19,10;20,largest_ring_two_bond_fragmentation
FRAG_94de737adc,JAK2_42eda36dd1,COc1cc(O)c2c(c1)CCC[C@H](O)[C@H](O)C(=O)/C=C\C[C@H](C)OC2=O,[11*]CCc1cc(OC)cc(O)c1C(=O)O[C@H]([20*])C,[10*]C[C@H](O)[C@H](O)C(=O)/C=C\C[21*],14,10,16,0,10,20,10;21,largest_ring_two_bond_fragmentation
FRAG_aa4074679b,JAK2_42eda36dd1,COc1cc(O)c2c(c1)CCC[C@H](O)[C@H](O)C(=O)/C=C\C[C@H](C)OC2=O,[11*]CCc1cc(OC)cc(O)c1C(=O)O[21*],[10*]C[C@H](O)[C@H](O)C(=O)/C=C\C[C@@H]([23*])C,14,12,14,0,10,22,10;23,largest_ring_two_bond_fragmentation
FRAG_1b77edca41,JAK2_42eda36dd1,COc1cc(O)c2c(c1)CCC[C@H](O)[C@H](O)C(=O)/C=C\C[C@H](C)OC2=O,[6*]C(=O)O[C@@H](C)C/C=C\C(=O)[C@@H](O)[C@@H](O)C[10*],[11*]CCc1cc(OC)cc(O)c1[24*],14,11,15,6,10,26,11;24,largest_ring_two_bond_fragmentation
FRAG_d9b4036014,JAK2_42eda36dd1,COc1cc(O)c2c(c1)CCC[C@H](O)[C@H](O)C(=O)/C=C\C[C@H](C)OC2=O,[12*]CCCc1cc(OC)cc(O)c1C(=O)O[C@@H](C)C/C=C\C([14*])=O,[11*][C@H](O)[C@@H]([16*])O,14,4,22,0,11,15,11;16,largest_ring_two_bond_fragmentation
FRAG_abb5eae51b,JAK2_42eda36dd1,COc1cc(O)c2c(c1)CCC[C@H](O)[C@H](O)C(=O)/C=C\C[C@H](C)OC2=O,[12*]CCCc1cc(OC)cc(O)c1C(=O)O[C@@H](C)C/C=C\[16*],[11*][C@H](O)[C@H](O)C([18*])=O,14,6,20,0,11,17,11;18,largest_ring_two_bond_fragmentation
FRAG_4b20ed3948,JAK2_42eda36dd1,COc1cc(O)c2c(c1)CCC[C@H](O)[C@H](O)C(=O)/C=C\C[C@H](C)OC2=O,[12*]CCCc1cc(OC)cc(O)c1C(=O)O[C@@H](C)C[19*],[11*][C@H](O)[C@H](O)C(=O)/C=C\[20*],14,8,18,0,11,19,11;20,largest_ring_two_bond_fragmentation
FRAG_6d86ed287b,JAK2_42eda36dd1,COc1cc(O)c2c(c1)CCC[C@H](O)[C@H](O)C(=O)/C=C\C[C@H](C)OC2=O,[12*]CCCc1cc(OC)cc(O)c1C(=O)O[C@H]([20*])C,[11*][C@H](O)[C@H](O)C(=O)/C=C\C[21*],14,9,17,0,11,20,11;21,largest_ring_two_bond_fragmentation
FRAG_3f90a77f48,JAK2_42eda36dd1,COc1cc(O)c2c(c1)CCC[C@H](O)[C@H](O)C(=O)/C=C\C[C@H](C)OC2=O,[12*]CCCc1cc(OC)cc(O)c1C(=O)O[21*],[11*][C@H](O)[C@H](O)C(=O)/C=C\C[C@@H]([23*])C,14,11,15,0,11,22,11;23,largest_ring_two_bond_fragmentation
FRAG_930ea9e610,JAK2_42eda36dd1,COc1cc(O)c2c(c1)CCC[C@H](O)[C@H](O)C(=O)/C=C\C[C@H](C)OC2=O,[12*]CCCc1cc(OC)cc(O)c1C([23*])=O,[11*][C@H](O)[C@H](O)C(=O)/C=C\C[C@H](C)O[24*],14,12,14,0,11,23,11;24,largest_ring_two_bond_fragmentation
FRAG_000d02dc34,JAK2_42eda36dd1,COc1cc(O)c2c(c1)CCC[C@H](O)[C@H](O)C(=O)/C=C\C[C@H](C)OC2=O,[6*]C(=O)O[C@@H](C)C/C=C\C(=O)[C@@H](O)[C@H]([11*])O,[12*]CCCc1cc(OC)cc(O)c1[24*],14,12,14,6,11,26,12;24,largest_ring_two_bond_fragmentation
FRAG_a320f695a9,JAK2_42eda36dd1,COc1cc(O)c2c(c1)CCC[C@H](O)[C@H](O)C(=O)/C=C\C[C@H](C)OC2=O,[14*][C@@H](O)CCCc1cc(OC)cc(O)c1C(=O)O[C@@H](C)C/C=C\[16*],[12*][C@H](O)C([18*])=O,14,4,22,0,13,17,12;18,largest_ring_two_bond_fragmentation
FRAG_484bf5f63a,JAK2_42eda36dd1,COc1cc(O)c2c(c1)CCC[C@H](O)[C@H](O)C(=O)/C=C\C[C@H](C)OC2=O,[14*][C@@H](O)CCCc1cc(OC)cc(O)c1C(=O)O[C@@H](C)C[19*],[12*][C@H](O)C(=O)/C=C\[20*],14,6,20,0,13,19,12;20,largest_ring_two_bond_fragmentation
FRAG_b93ef0329c,JAK2_42eda36dd1,COc1cc(O)c2c(c1)CCC[C@H](O)[C@H](O)C(=O)/C=C\C[C@H](C)OC2=O,[14*][C@@H](O)CCCc1cc(OC)cc(O)c1C(=O)O[C@H]([20*])C,[12*][C@H](O)C(=O)/C=C\C[21*],14,7,19,0,13,20,12;21,largest_ring_two_bond_fragmentation
FRAG_c79c8c139f,JAK2_42eda36dd1,COc1cc(O)c2c(c1)CCC[C@H](O)[C@H](O)C(=O)/C=C\C[C@H](C)OC2=O,[14*][C@@H](O)CCCc1cc(OC)cc(O)c1C(=O)O[21*],[12*][C@H](O)C(=O)/C=C\C[C@@H]([23*])C,14,9,17,0,13,22,12;23,largest_ring_two_bond_fragmentation
FRAG_56a0b2f213,JAK2_42eda36dd1,COc1cc(O)c2c(c1)CCC[C@H](O)[C@H](O)C(=O)/C=C\C[C@H](C)OC2=O,[14*][C@@H](O)CCCc1cc(OC)cc(O)c1C([23*])=O,[12*][C@H](O)C(=O)/C=C\C[C@H](C)O[24*],14,10,16,0,13,23,12;24,largest_ring_two_bond_fragmentation
FRAG_3744625cf8,JAK2_42eda36dd1,COc1cc(O)c2c(c1)CCC[C@H](O)[C@H](O)C(=O)/C=C\C[C@H](C)OC2=O,[14*][C@@H](O)CCCc1cc(OC)cc(O)c1[24*],[6*]C(=O)O[C@@H](C)C/C=C\C(=O)[C@H]([12*])O,14,12,14,0,13,26,6;12,largest_ring_two_bond_fragmentation
FRAG_f1d3c91072,JAK2_42eda36dd1,COc1cc(O)c2c(c1)CCC[C@H](O)[C@H](O)C(=O)/C=C\C[C@H](C)OC2=O,[16*][C@@H](O)[C@@H](O)CCCc1cc(OC)cc(O)c1C(=O)O[C@@H](C)C[19*],[14*]C(=O)/C=C\[20*],14,4,22,0,15,19,14;20,largest_ring_two_bond_fragmentation
FRAG_d77985ac3a,JAK2_42eda36dd1,COc1cc(O)c2c(c1)CCC[C@H](O)[C@H](O)C(=O)/C=C\C[C@H](C)OC2=O,[16*][C@@H](O)[C@@H](O)CCCc1cc(OC)cc(O)c1C(=O)O[C@H]([20*])C,[14*]C(=O)/C=C\C[21*],14,5,21,0,15,20,14;21,largest_ring_two_bond_fragmentation
FRAG_244837094d,JAK2_42eda36dd1,COc1cc(O)c2c(c1)CCC[C@H](O)[C@H](O)C(=O)/C=C\C[C@H](C)OC2=O,[16*][C@@H](O)[C@@H](O)CCCc1cc(OC)cc(O)c1C(=O)O[21*],[14*]C(=O)/C=C\C[C@@H]([23*])C,14,7,19,0,15,22,14;23,largest_ring_two_bond_fragmentation
FRAG_0cef7abd8b,JAK2_42eda36dd1,COc1cc(O)c2c(c1)CCC[C@H](O)[C@H](O)C(=O)/C=C\C[C@H](C)OC2=O,[16*][C@@H](O)[C@@H](O)CCCc1cc(OC)cc(O)c1C([23*])=O,[14*]C(=O)/C=C\C[C@H](C)O[24*],14,8,18,0,15,23,14;24,largest_ring_two_bond_fragmentation
FRAG_a1092cd661,JAK2_5820b88f74,CN1C/C=C/CCOc2cccc(c2)-c2ccnc(n2)Nc2cc(N)cc(c2)C1,[2*]N(C)Cc1cc(N)cc(Nc2nccc(-c3cccc(OCC[4*])c3)n2)c1,[1*]C/C=C/[5*],18,3,26,0,1,4,1;5,largest_ring_two_bond_fragmentation
FRAG_85a422c779,JAK2_5820b88f74,CN1C/C=C/CCOc2cccc(c2)-c2ccnc(n2)Nc2cc(N)cc(c2)C1,[2*]N(C)Cc1cc(N)cc(Nc2nccc(-c3cccc(OC[5*])c3)n2)c1,[1*]C/C=C/C[6*],18,4,25,0,1,5,1;6,largest_ring_two_bond_fragmentation
FRAG_cee6326acf,JAK2_5820b88f74,CN1C/C=C/CCOc2cccc(c2)-c2ccnc(n2)Nc2cc(N)cc(c2)C1,[2*]N(C)Cc1cc(N)cc(Nc2nccc(-c3cccc(O[6*])c3)n2)c1,[1*]C/C=C/CC[7*],18,5,24,0,1,6,1;7,largest_ring_two_bond_fragmentation
FRAG_2a2722e74a,JAK2_5820b88f74,CN1C/C=C/CCOc2cccc(c2)-c2ccnc(n2)Nc2cc(N)cc(c2)C1,[2*]N(C)Cc1cc(N)cc(Nc2nccc(-c3cccc([7*])c3)n2)c1,[1*]C/C=C/CCO[8*],18,6,23,0,1,7,1;8,largest_ring_two_bond_fragmentation
FRAG_14f453bc13,JAK2_5820b88f74,CN1C/C=C/CCOc2cccc(c2)-c2ccnc(n2)Nc2cc(N)cc(c2)C1,[2*]N(C)Cc1cc(N)cc(Nc2nccc([12*])n2)c1,[1*]C/C=C/CCOc1cccc([14*])c1,18,12,17,6,1,13,1;14,largest_ring_two_bond_fragmentation
FRAG_cdaf0ce864,JAK2_5820b88f74,CN1C/C=C/CCOc2cccc(c2)-c2ccnc(n2)Nc2cc(N)cc(c2)C1,[1*]C/C=C/CCOc1cccc(-c2ccnc([20*])n2)c1,[2*]N(C)Cc1cc(N)cc(N[18*])c1,18,11,18,6,1,19,2;18,largest_ring_two_bond_fragmentation
FRAG_677666e3d4,JAK2_5820b88f74,CN1C/C=C/CCOc2cccc(c2)-c2ccnc(n2)Nc2cc(N)cc(c2)C1,[1*]C/C=C/CCOc1cccc(-c2ccnc(N[21*])n2)c1,[2*]N(C)Cc1cc([20*])cc(N)c1,18,10,19,6,1,20,2;20,largest_ring_two_bond_fragmentation
FRAG_64f7d6cef3,JAK2_5820b88f74,CN1C/C=C/CCOc2cccc(c2)-c2ccnc(n2)Nc2cc(N)cc(c2)C1,[1*]C/C=C/CCOc1cccc(-c2ccnc(Nc3cc([28*])cc(N)c3)n2)c1,[2*]N(C)C[26*],18,3,26,0,1,27,2;26,largest_ring_two_bond_fragmentation
FRAG_d652bfa988,JAK2_5820b88f74,CN1C/C=C/CCOc2cccc(c2)-c2ccnc(n2)Nc2cc(N)cc(c2)C1,[3*]CN(C)Cc1cc(N)cc(Nc2nccc(-c3cccc(OC[5*])c3)n2)c1,[2*]/C=C/C[6*],18,3,26,0,2,5,2;6,largest_ring_two_bond_fragmentation
FRAG_fbf277d86f,JAK2_5820b88f74,CN1C/C=C/CCOc2cccc(c2)-c2ccnc(n2)Nc2cc(N)cc(c2)C1,[3*]CN(C)Cc1cc(N)cc(Nc2nccc(-c3cccc(O[6*])c3)n2)c1,[2*]/C=C/CC[7*],18,4,25,0,2,6,2;7,largest_ring_two_bond_fragmentation
FRAG_e66c30ffe4,JAK2_5820b88f74,CN1C/C=C/CCOc2cccc(c2)-c2ccnc(n2)Nc2cc(N)cc(c2)C1,[3*]CN(C)Cc1cc(N)cc(Nc2nccc(-c3cccc([7*])c3)n2)c1,[2*]/C=C/CCO[8*],18,5,24,0,2,7,2;8,largest_ring_two_bond_fragmentation
FRAG_df4ba9f26e,JAK2_5820b88f74,CN1C/C=C/CCOc2cccc(c2)-c2ccnc(n2)Nc2cc(N)cc(c2)C1,[3*]CN(C)Cc1cc(N)cc(Nc2nccc([12*])n2)c1,[2*]/C=C/CCOc1cccc([14*])c1,18,11,18,6,2,13,2;14,largest_ring_two_bond_fragmentation
FRAG_fbce1725c6,JAK2_5820b88f74,CN1C/C=C/CCOc2cccc(c2)-c2ccnc(n2)Nc2cc(N)cc(c2)C1,[2*]/C=C/CCOc1cccc(-c2ccnc([20*])n2)c1,[3*]CN(C)Cc1cc(N)cc(N[18*])c1,18,12,17,6,2,19,3;18,largest_ring_two_bond_fragmentation
FRAG_db816377ca,JAK2_5820b88f74,CN1C/C=C/CCOc2cccc(c2)-c2ccnc(n2)Nc2cc(N)cc(c2)C1,[2*]/C=C/CCOc1cccc(-c2ccnc(N[21*])n2)c1,[3*]CN(C)Cc1cc([20*])cc(N)c1,18,11,18,6,2,20,3;20,largest_ring_two_bond_fragmentation
FRAG_3e95ddbd0a,JAK2_5820b88f74,CN1C/C=C/CCOc2cccc(c2)-c2ccnc(n2)Nc2cc(N)cc(c2)C1,[2*]/C=C/CCOc1cccc(-c2ccnc(Nc3cc([28*])cc(N)c3)n2)c1,[3*]CN(C)C[26*],18,4,25,0,2,27,3;26,largest_ring_two_bond_fragmentation
FRAG_9d9ece0ae1,JAK2_5820b88f74,CN1C/C=C/CCOc2cccc(c2)-c2ccnc(n2)Nc2cc(N)cc(c2)C1,[1*]Cc1cc(N)cc(Nc2nccc(-c3cccc(OCC/C=C/[2*])c3)n2)c1,[3*]CN([28*])C,18,3,26,0,2,28,3;28,largest_ring_two_bond_fragmentation
FRAG_45ba47a8b9,JAK2_5820b88f74,CN1C/C=C/CCOc2cccc(c2)-c2ccnc(n2)Nc2cc(N)cc(c2)C1,[5*]/C=C/CN(C)Cc1cc(N)cc(Nc2nccc(-c3cccc([7*])c3)n2)c1,[4*]CCO[8*],18,3,26,0,4,7,4;8,largest_ring_two_bond_fragmentation
FRAG_9c2d79b580,JAK2_5820b88f74,CN1C/C=C/CCOc2cccc(c2)-c2ccnc(n2)Nc2cc(N)cc(c2)C1,[5*]/C=C/CN(C)Cc1cc(N)cc(Nc2nccc([12*])n2)c1,[4*]CCOc1cccc([14*])c1,18,9,20,6,4,13,4;14,largest_ring_two_bond_fragmentation
FRAG_7465a370e0,JAK2_5820b88f74,CN1C/C=C/CCOc2cccc(c2)-c2ccnc(n2)Nc2cc(N)cc(c2)C1,[4*]CCOc1cccc(-c2ccnc(Nc3cc([28*])cc(N)c3)n2)c1,[5*]/C=C/CN(C)C[26*],18,6,23,0,4,27,5;26,largest_ring_two_bond_fragmentation
FRAG_9162912a3b,JAK2_5820b88f74,CN1C/C=C/CCOc2cccc(c2)-c2ccnc(n2)Nc2cc(N)cc(c2)C1,[1*]Cc1cc(N)cc(Nc2nccc(-c3cccc(OCC[4*])c3)n2)c1,[5*]/C=C/CN([28*])C,18,5,24,0,4,28,5;28,largest_ring_two_bond_fragmentation
FRAG_23682ae722,JAK2_5820b88f74,CN1C/C=C/CCOc2cccc(c2)-c2ccnc(n2)Nc2cc(N)cc(c2)C1,[6*]C/C=C/CN(C)Cc1cc(N)cc(Nc2nccc([12*])n2)c1,[5*]COc1cccc([14*])c1,18,8,21,6,5,13,5;14,largest_ring_two_bond_fragmentation
FRAG_7fa27a5c53,JAK2_5820b88f74,CN1C/C=C/CCOc2cccc(c2)-c2ccnc(n2)Nc2cc(N)cc(c2)C1,[5*]COc1cccc(-c2ccnc(Nc3cc([28*])cc(N)c3)n2)c1,[6*]C/C=C/CN(C)C[26*],18,7,22,0,5,27,6;26,largest_ring_two_bond_fragmentation
FRAG_3641a9c55a,JAK2_5820b88f74,CN1C/C=C/CCOc2cccc(c2)-c2ccnc(n2)Nc2cc(N)cc(c2)C1,[1*]Cc1cc(N)cc(Nc2nccc(-c3cccc(OC[5*])c3)n2)c1,[6*]C/C=C/CN([28*])C,18,6,23,0,5,28,6;28,largest_ring_two_bond_fragmentation
FRAG_f1de805ecc,JAK2_5820b88f74,CN1C/C=C/CCOc2cccc(c2)-c2ccnc(n2)Nc2cc(N)cc(c2)C1,[7*]CC/C=C/CN(C)Cc1cc(N)cc(Nc2nccc([12*])n2)c1,[6*]Oc1cccc([14*])c1,18,7,22,6,6,13,6;14,largest_ring_two_bond_fragmentation
FRAG_4f647494e6,JAK2_5820b88f74,CN1C/C=C/CCOc2cccc(c2)-c2ccnc(n2)Nc2cc(N)cc(c2)C1,[6*]Oc1cccc(-c2ccnc(Nc3cc([28*])cc(N)c3)n2)c1,[7*]CC/C=C/CN(C)C[26*],18,8,21,0,6,27,7;26,largest_ring_two_bond_fragmentation
FRAG_2dd919cd7c,JAK2_5820b88f74,CN1C/C=C/CCOc2cccc(c2)-c2ccnc(n2)Nc2cc(N)cc(c2)C1,[1*]Cc1cc(N)cc(Nc2nccc(-c3cccc(O[6*])c3)n2)c1,[7*]CC/C=C/CN([28*])C,18,7,22,0,6,28,7;28,largest_ring_two_bond_fragmentation
FRAG_32177ee440,JAK2_5820b88f74,CN1C/C=C/CCOc2cccc(c2)-c2ccnc(n2)Nc2cc(N)cc(c2)C1,[8*]OCC/C=C/CN(C)Cc1cc(N)cc(Nc2nccc([12*])n2)c1,[7*]c1cccc([14*])c1,18,6,23,6,7,13,7;14,largest_ring_two_bond_fragmentation
FRAG_8993fa032b,JAK2_5820b88f74,CN1C/C=C/CCOc2cccc(c2)-c2ccnc(n2)Nc2cc(N)cc(c2)C1,[8*]OCC/C=C/CN(C)Cc1cc(N)cc(N[18*])c1,[7*]c1cccc(-c2ccnc([20*])n2)c1,18,12,17,6,7,19,7;20,largest_ring_two_bond_fragmentation
FRAG_72a36012ad,JAK2_5820b88f74,CN1C/C=C/CCOc2cccc(c2)-c2ccnc(n2)Nc2cc(N)cc(c2)C1,[7*]c1cccc(-c2ccnc(Nc3cc([28*])cc(N)c3)n2)c1,[8*]OCC/C=C/CN(C)C[26*],18,9,20,0,7,27,8;26,largest_ring_two_bond_fragmentation
FRAG_b7fb65762a,JAK2_5820b88f74,CN1C/C=C/CCOc2cccc(c2)-c2ccnc(n2)Nc2cc(N)cc(c2)C1,[1*]Cc1cc(N)cc(Nc2nccc(-c3cccc([7*])c3)n2)c1,[8*]OCC/C=C/CN([28*])C,18,8,21,0,7,28,8;28,largest_ring_two_bond_fragmentation
FRAG_77840807fd,JAK2_5820b88f74,CN1C/C=C/CCOc2cccc(c2)-c2ccnc(n2)Nc2cc(N)cc(c2)C1,[14*]c1cccc(OCC/C=C/CN(C)Cc2cc(N)cc(N[18*])c2)c1,[12*]c1ccnc([20*])n1,18,6,23,6,13,19,12;20,largest_ring_two_bond_fragmentation
FRAG_ac865dcdf3,JAK2_5820b88f74,CN1C/C=C/CCOc2cccc(c2)-c2ccnc(n2)Nc2cc(N)cc(c2)C1,[14*]c1cccc(OCC/C=C/CN(C)Cc2cc([20*])cc(N)c2)c1,[12*]c1ccnc(N[21*])n1,18,7,22,6,13,20,12;21,largest_ring_two_bond_fragmentation
FRAG_e373894c08,JAK2_5820b88f74,CN1C/C=C/CCOc2cccc(c2)-c2ccnc(n2)Nc2cc(N)cc(c2)C1,[20*]c1nccc(-c2cccc(OCC/C=C/CN(C)C[26*])c2)n1,[18*]Nc1cc([28*])cc(N)c1,18,8,21,6,19,27,18;28,largest_ring_two_bond_fragmentation
FRAG_3a2edd4467,JAK2_5820b88f74,CN1C/C=C/CCOc2cccc(c2)-c2ccnc(n2)Nc2cc(N)cc(c2)C1,[20*]c1nccc(-c2cccc(OCC/C=C/CN([28*])C)c2)n1,[1*]Cc1cc(N)cc(N[18*])c1,18,9,20,6,19,28,1;18,largest_ring_two_bond_fragmentation
FRAG_4cc5573774,JAK2_5820b88f74,CN1C/C=C/CCOc2cccc(c2)-c2ccnc(n2)Nc2cc(N)cc(c2)C1,[21*]Nc1nccc(-c2cccc(OCC/C=C/CN(C)C[26*])c2)n1,[20*]c1cc([28*])cc(N)c1,18,7,22,6,20,27,20;28,largest_ring_two_bond_fragmentation
FRAG_dbf7168a90,JAK2_5820b88f74,CN1C/C=C/CCOc2cccc(c2)-c2ccnc(n2)Nc2cc(N)cc(c2)C1,[21*]Nc1nccc(-c2cccc(OCC/C=C/CN([28*])C)c2)n1,[1*]Cc1cc([20*])cc(N)c1,18,8,21,6,20,28,1;20,largest_ring_two_bond_fragmentation
FRAG_2441b57f9b,JAK2_efbd18d7a2,COc1ccc2cc1COCC=CCOc1cccc(c1)-c1ccnc(n1)N2,[8*]c1cc(Nc2nccc(-c3cccc(OCC=C[10*])c3)n2)ccc1OC,[7*]COC[11*],17,3,25,0,7,10,7;11,largest_ring_two_bond_fragmentation
FRAG_56c52f6374,JAK2_efbd18d7a2,COc1ccc2cc1COCC=CCOc1cccc(c1)-c1ccnc(n1)N2,[8*]c1cc(Nc2nccc(-c3cccc(OC[12*])c3)n2)ccc1OC,[7*]COCC=C[13*],17,5,23,0,7,12,7;13,largest_ring_two_bond_fragmentation
FRAG_3b54d380df,JAK2_efbd18d7a2,COc1ccc2cc1COCC=CCOc1cccc(c1)-c1ccnc(n1)N2,[8*]c1cc(Nc2nccc(-c3cccc(O[13*])c3)n2)ccc1OC,[7*]COCC=CC[14*],17,6,22,0,7,13,7;14,largest_ring_two_bond_fragmentation
FRAG_314a4dc8b9,JAK2_efbd18d7a2,COc1ccc2cc1COCC=CCOc1cccc(c1)-c1ccnc(n1)N2,[8*]c1cc(Nc2nccc(-c3cccc([14*])c3)n2)ccc1OC,[7*]COCC=CCO[15*],17,7,21,0,7,14,7;15,largest_ring_two_bond_fragmentation
FRAG_1de05c3f59,JAK2_efbd18d7a2,COc1ccc2cc1COCC=CCOc1cccc(c1)-c1ccnc(n1)N2,[7*]COCC=CCOc1cccc(-c2ccnc([27*])n2)c1,[8*]c1cc(N[25*])ccc1OC,17,9,19,6,7,26,8;25,largest_ring_two_bond_fragmentation
FRAG_a086004629,JAK2_efbd18d7a2,COc1ccc2cc1COCC=CCOc1cccc(c1)-c1ccnc(n1)N2,[5*]Nc1nccc(-c2cccc(OCC=CCOC[7*])c2)n1,[8*]c1cc([27*])ccc1OC,17,8,20,6,7,30,8;27,largest_ring_two_bond_fragmentation
FRAG_fd5d05832b,JAK2_efbd18d7a2,COc1ccc2cc1COCC=CCOc1cccc(c1)-c1ccnc(n1)N2,[9*]Cc1cc(Nc2nccc(-c3cccc(OC[12*])c3)n2)ccc1OC,[8*]OCC=C[13*],17,4,24,0,8,12,8;13,largest_ring_two_bond_fragmentation
FRAG_6caa393104,JAK2_efbd18d7a2,COc1ccc2cc1COCC=CCOc1cccc(c1)-c1ccnc(n1)N2,[9*]Cc1cc(Nc2nccc(-c3cccc(O[13*])c3)n2)ccc1OC,[8*]OCC=CC[14*],17,5,23,0,8,13,8;14,largest_ring_two_bond_fragmentation
FRAG_00a87ec77e,JAK2_efbd18d7a2,COc1ccc2cc1COCC=CCOc1cccc(c1)-c1ccnc(n1)N2,[9*]Cc1cc(Nc2nccc(-c3cccc([14*])c3)n2)ccc1OC,[8*]OCC=CCO[15*],17,6,22,0,8,14,8;15,largest_ring_two_bond_fragmentation
FRAG_3230d38471,JAK2_efbd18d7a2,COc1ccc2cc1COCC=CCOc1cccc(c1)-c1ccnc(n1)N2,[9*]Cc1cc(Nc2nccc([19*])n2)ccc1OC,[8*]OCC=CCOc1cccc([21*])c1,17,12,16,6,8,20,8;21,largest_ring_two_bond_fragmentation
FRAG_36599db2a9,JAK2_efbd18d7a2,COc1ccc2cc1COCC=CCOc1cccc(c1)-c1ccnc(n1)N2,[8*]OCC=CCOc1cccc(-c2ccnc([27*])n2)c1,[9*]Cc1cc(N[25*])ccc1OC,17,10,18,6,8,26,9;25,largest_ring_two_bond_fragmentation
FRAG_33f5f43466,JAK2_efbd18d7a2,COc1ccc2cc1COCC=CCOc1cccc(c1)-c1ccnc(n1)N2,[5*]Nc1nccc(-c2cccc(OCC=CCO[8*])c2)n1,[9*]Cc1cc([27*])ccc1OC,17,9,19,6,8,30,9;27,largest_ring_two_bond_fragmentation
FRAG_6ab4f349c9,JAK2_efbd18d7a2,COc1ccc2cc1COCC=CCOc1cccc(c1)-c1ccnc(n1)N2,[10*]OCc1cc(Nc2nccc(-c3cccc(OC[12*])c3)n2)ccc1OC,[9*]CC=C[13*],17,3,25,0,9,12,9;13,largest_ring_two_bond_fragmentation
FRAG_f95d19dba0,JAK2_efbd18d7a2,COc1ccc2cc1COCC=CCOc1cccc(c1)-c1ccnc(n1)N2,[10*]OCc1cc(Nc2nccc(-c3cccc(O[13*])c3)n2)ccc1OC,[9*]CC=CC[14*],17,4,24,0,9,13,9;14,largest_ring_two_bond_fragmentation
FRAG_085636dde1,JAK2_efbd18d7a2,COc1ccc2cc1COCC=CCOc1cccc(c1)-c1ccnc(n1)N2,[10*]OCc1cc(Nc2nccc(-c3cccc([14*])c3)n2)ccc1OC,[9*]CC=CCO[15*],17,5,23,0,9,14,9;15,largest_ring_two_bond_fragmentation
FRAG_7d8befce61,JAK2_efbd18d7a2,COc1ccc2cc1COCC=CCOc1cccc(c1)-c1ccnc(n1)N2,[10*]OCc1cc(Nc2nccc([19*])n2)ccc1OC,[9*]CC=CCOc1cccc([21*])c1,17,11,17,6,9,20,9;21,largest_ring_two_bond_fragmentation
FRAG_6db7241926,JAK2_efbd18d7a2,COc1ccc2cc1COCC=CCOc1cccc(c1)-c1ccnc(n1)N2,[9*]CC=CCOc1cccc(-c2ccnc([27*])n2)c1,[10*]OCc1cc(N[25*])ccc1OC,17,11,17,6,9,26,10;25,largest_ring_two_bond_fragmentation
FRAG_1ed154afab,JAK2_efbd18d7a2,COc1ccc2cc1COCC=CCOc1cccc(c1)-c1ccnc(n1)N2,[5*]Nc1nccc(-c2cccc(OCC=CC[9*])c2)n1,[10*]OCc1cc([27*])ccc1OC,17,10,18,6,9,30,10;27,largest_ring_two_bond_fragmentation
FRAG_163506a74d,JAK2_efbd18d7a2,COc1ccc2cc1COCC=CCOc1cccc(c1)-c1ccnc(n1)N2,[11*]COCc1cc(Nc2nccc(-c3cccc(O[13*])c3)n2)ccc1OC,[10*]C=CC[14*],17,3,25,0,10,13,10;14,largest_ring_two_bond_fragmentation
FRAG_6da3d815fc,JAK2_efbd18d7a2,COc1ccc2cc1COCC=CCOc1cccc(c1)-c1ccnc(n1)N2,[11*]COCc1cc(Nc2nccc(-c3cccc([14*])c3)n2)ccc1OC,[10*]C=CCO[15*],17,4,24,0,10,14,10;15,largest_ring_two_bond_fragmentation
FRAG_ea0dc7777d,JAK2_efbd18d7a2,COc1ccc2cc1COCC=CCOc1cccc(c1)-c1ccnc(n1)N2,[11*]COCc1cc(Nc2nccc([19*])n2)ccc1OC,[10*]C=CCOc1cccc([21*])c1,17,10,18,6,10,20,10;21,largest_ring_two_bond_fragmentation
FRAG_0de94b43ea,JAK2_efbd18d7a2,COc1ccc2cc1COCC=CCOc1cccc(c1)-c1ccnc(n1)N2,[10*]C=CCOc1cccc(-c2ccnc([27*])n2)c1,[11*]COCc1cc(N[25*])ccc1OC,17,12,16,6,10,26,11;25,largest_ring_two_bond_fragmentation
FRAG_d0dd50f651,JAK2_efbd18d7a2,COc1ccc2cc1COCC=CCOc1cccc(c1)-c1ccnc(n1)N2,[5*]Nc1nccc(-c2cccc(OCC=C[10*])c2)n1,[11*]COCc1cc([27*])ccc1OC,17,11,17,6,10,30,11;27,largest_ring_two_bond_fragmentation
FRAG_c89c78c4bf,JAK2_efbd18d7a2,COc1ccc2cc1COCC=CCOc1cccc(c1)-c1ccnc(n1)N2,[13*]C=CCOCc1cc(Nc2nccc([19*])n2)ccc1OC,[12*]COc1cccc([21*])c1,17,8,20,6,12,20,12;21,largest_ring_two_bond_fragmentation
FRAG_51438d5c11,JAK2_efbd18d7a2,COc1ccc2cc1COCC=CCOc1cccc(c1)-c1ccnc(n1)N2,[14*]CC=CCOCc1cc(Nc2nccc([19*])n2)ccc1OC,[13*]Oc1cccc([21*])c1,17,7,21,6,13,20,13;21,largest_ring_two_bond_fragmentation
FRAG_f95d4622a5,JAK2_efbd18d7a2,COc1ccc2cc1COCC=CCOc1cccc(c1)-c1ccnc(n1)N2,[15*]OCC=CCOCc1cc(Nc2nccc([19*])n2)ccc1OC,[14*]c1cccc([21*])c1,17,6,22,6,14,20,14;21,largest_ring_two_bond_fragmentation
FRAG_7d5c1d6aca,JAK2_efbd18d7a2,COc1ccc2cc1COCC=CCOc1cccc(c1)-c1ccnc(n1)N2,[15*]OCC=CCOCc1cc(N[25*])ccc1OC,[14*]c1cccc(-c2ccnc([27*])n2)c1,17,12,16,6,14,26,14;27,largest_ring_two_bond_fragmentation
FRAG_9d96b00b8b,JAK2_efbd18d7a2,COc1ccc2cc1COCC=CCOc1cccc(c1)-c1ccnc(n1)N2,[21*]c1cccc(OCC=CCOCc2cc(N[25*])ccc2OC)c1,[19*]c1ccnc([27*])n1,17,6,22,6,20,26,19;27,largest_ring_two_bond_fragmentation
FRAG_ca2be42385,JAK2_efbd18d7a2,COc1ccc2cc1COCC=CCOc1cccc(c1)-c1ccnc(n1)N2,[21*]c1cccc(OCC=CCOCc2cc([27*])ccc2OC)c1,[5*]Nc1nccc([19*])n1,17,7,21,6,20,30,5;19,largest_ring_two_bond_fragmentation
FRAG_f33866b6aa,JAK2_11f8c9d4db,OCCN1CCN(c2ccc3cc2COCC=CCOCc2cccc(c2)-c2ccnc(n2)N3)CC1,[13*]c1cc(Nc2nccc(-c3cccc(COCC=C[15*])c3)n2)ccc1N1CCN(CCO)CC1,[12*]COC[16*],18,3,33,0,12,15,12;16,largest_ring_two_bond_fragmentation
FRAG_a7748b0dd5,JAK2_11f8c9d4db,OCCN1CCN(c2ccc3cc2COCC=CCOCc2cccc(c2)-c2ccnc(n2)N3)CC1,[13*]c1cc(Nc2nccc(-c3cccc(COC[17*])c3)n2)ccc1N1CCN(CCO)CC1,[12*]COCC=C[18*],18,5,31,0,12,17,12;18,largest_ring_two_bond_fragmentation
FRAG_f325f7f511,JAK2_11f8c9d4db,OCCN1CCN(c2ccc3cc2COCC=CCOCc2cccc(c2)-c2ccnc(n2)N3)CC1,[13*]c1cc(Nc2nccc(-c3cccc(CO[18*])c3)n2)ccc1N1CCN(CCO)CC1,[12*]COCC=CC[19*],18,6,30,0,12,18,12;19,largest_ring_two_bond_fragmentation
FRAG_288adcd2a9,JAK2_11f8c9d4db,OCCN1CCN(c2ccc3cc2COCC=CCOCc2cccc(c2)-c2ccnc(n2)N3)CC1,[13*]c1cc(Nc2nccc(-c3cccc(C[19*])c3)n2)ccc1N1CCN(CCO)CC1,[12*]COCC=CCO[20*],18,7,29,0,12,19,12;20,largest_ring_two_bond_fragmentation
FRAG_dd48ae2a07,JAK2_11f8c9d4db,OCCN1CCN(c2ccc3cc2COCC=CCOCc2cccc(c2)-c2ccnc(n2)N3)CC1,[13*]c1cc(Nc2nccc(-c3cccc([20*])c3)n2)ccc1N1CCN(CCO)CC1,[12*]COCC=CCOC[21*],18,8,28,0,12,20,12;21,largest_ring_two_bond_fragmentation
FRAG_fee87ecde5,JAK2_11f8c9d4db,OCCN1CCN(c2ccc3cc2COCC=CCOCc2cccc(c2)-c2ccnc(n2)N3)CC1,[14*]Cc1cc(Nc2nccc(-c3cccc(COC[17*])c3)n2)ccc1N1CCN(CCO)CC1,[13*]OCC=C[18*],18,4,32,0,13,17,13;18,largest_ring_two_bond_fragmentation
FRAG_1ee213dab3,JAK2_11f8c9d4db,OCCN1CCN(c2ccc3cc2COCC=CCOCc2cccc(c2)-c2ccnc(n2)N3)CC1,[14*]Cc1cc(Nc2nccc(-c3cccc(CO[18*])c3)n2)ccc1N1CCN(CCO)CC1,[13*]OCC=CC[19*],18,5,31,0,13,18,13;19,largest_ring_two_bond_fragmentation
FRAG_f05e16b519,JAK2_11f8c9d4db,OCCN1CCN(c2ccc3cc2COCC=CCOCc2cccc(c2)-c2ccnc(n2)N3)CC1,[14*]Cc1cc(Nc2nccc(-c3cccc(C[19*])c3)n2)ccc1N1CCN(CCO)CC1,[13*]OCC=CCO[20*],18,6,30,0,13,19,13;20,largest_ring_two_bond_fragmentation
FRAG_d5e5b1876f,JAK2_11f8c9d4db,OCCN1CCN(c2ccc3cc2COCC=CCOCc2cccc(c2)-c2ccnc(n2)N3)CC1,[14*]Cc1cc(Nc2nccc(-c3cccc([20*])c3)n2)ccc1N1CCN(CCO)CC1,[13*]OCC=CCOC[21*],18,7,29,0,13,20,13;21,largest_ring_two_bond_fragmentation
FRAG_f2d3c846a6,JAK2_11f8c9d4db,OCCN1CCN(c2ccc3cc2COCC=CCOCc2cccc(c2)-c2ccnc(n2)N3)CC1,[15*]OCc1cc(Nc2nccc(-c3cccc(COC[17*])c3)n2)ccc1N1CCN(CCO)CC1,[14*]CC=C[18*],18,3,33,0,14,17,14;18,largest_ring_two_bond_fragmentation
FRAG_87e15676fa,JAK2_11f8c9d4db,OCCN1CCN(c2ccc3cc2COCC=CCOCc2cccc(c2)-c2ccnc(n2)N3)CC1,[15*]OCc1cc(Nc2nccc(-c3cccc(CO[18*])c3)n2)ccc1N1CCN(CCO)CC1,[14*]CC=CC[19*],18,4,32,0,14,18,14;19,largest_ring_two_bond_fragmentation
FRAG_6892df8f90,JAK2_11f8c9d4db,OCCN1CCN(c2ccc3cc2COCC=CCOCc2cccc(c2)-c2ccnc(n2)N3)CC1,[15*]OCc1cc(Nc2nccc(-c3cccc(C[19*])c3)n2)ccc1N1CCN(CCO)CC1,[14*]CC=CCO[20*],18,5,31,0,14,19,14;20,largest_ring_two_bond_fragmentation
FRAG_1e251dfeb2,JAK2_11f8c9d4db,OCCN1CCN(c2ccc3cc2COCC=CCOCc2cccc(c2)-c2ccnc(n2)N3)CC1,[15*]OCc1cc(Nc2nccc(-c3cccc([20*])c3)n2)ccc1N1CCN(CCO)CC1,[14*]CC=CCOC[21*],18,6,30,0,14,20,14;21,largest_ring_two_bond_fragmentation
FRAG_48d2949af1,JAK2_11f8c9d4db,OCCN1CCN(c2ccc3cc2COCC=CCOCc2cccc(c2)-c2ccnc(n2)N3)CC1,[15*]OCc1cc(Nc2nccc([25*])n2)ccc1N1CCN(CCO)CC1,[14*]CC=CCOCc1cccc([27*])c1,18,12,24,6,14,26,14;27,largest_ring_two_bond_fragmentation
FRAG_9ba2339438,JAK2_11f8c9d4db,OCCN1CCN(c2ccc3cc2COCC=CCOCc2cccc(c2)-c2ccnc(n2)N3)CC1,[16*]COCc1cc(Nc2nccc(-c3cccc(CO[18*])c3)n2)ccc1N1CCN(CCO)CC1,[15*]C=CC[19*],18,3,33,0,15,18,15;19,largest_ring_two_bond_fragmentation
FRAG_54d05b3030,JAK2_11f8c9d4db,OCCN1CCN(c2ccc3cc2COCC=CCOCc2cccc(c2)-c2ccnc(n2)N3)CC1,[16*]COCc1cc(Nc2nccc(-c3cccc(C[19*])c3)n2)ccc1N1CCN(CCO)CC1,[15*]C=CCO[20*],18,4,32,0,15,19,15;20,largest_ring_two_bond_fragmentation
FRAG_da69b23417,JAK2_11f8c9d4db,OCCN1CCN(c2ccc3cc2COCC=CCOCc2cccc(c2)-c2ccnc(n2)N3)CC1,[16*]COCc1cc(Nc2nccc(-c3cccc([20*])c3)n2)ccc1N1CCN(CCO)CC1,[15*]C=CCOC[21*],18,5,31,0,15,20,15;21,largest_ring_two_bond_fragmentation
FRAG_4d9ba1d85d,JAK2_11f8c9d4db,OCCN1CCN(c2ccc3cc2COCC=CCOCc2cccc(c2)-c2ccnc(n2)N3)CC1,[16*]COCc1cc(Nc2nccc([25*])n2)ccc1N1CCN(CCO)CC1,[15*]C=CCOCc1cccc([27*])c1,18,11,25,6,15,26,15;27,largest_ring_two_bond_fragmentation
FRAG_0cdc742f6b,JAK2_11f8c9d4db,OCCN1CCN(c2ccc3cc2COCC=CCOCc2cccc(c2)-c2ccnc(n2)N3)CC1,[18*]C=CCOCc1cc(Nc2nccc(-c3cccc([20*])c3)n2)ccc1N1CCN(CCO)CC1,[17*]COC[21*],18,3,33,0,17,20,17;21,largest_ring_two_bond_fragmentation
FRAG_e83e2ffd2c,JAK2_11f8c9d4db,OCCN1CCN(c2ccc3cc2COCC=CCOCc2cccc(c2)-c2ccnc(n2)N3)CC1,[18*]C=CCOCc1cc(Nc2nccc([25*])n2)ccc1N1CCN(CCO)CC1,[17*]COCc1cccc([27*])c1,18,9,27,6,17,26,17;27,largest_ring_two_bond_fragmentation
FRAG_482681251a,JAK2_11f8c9d4db,OCCN1CCN(c2ccc3cc2COCC=CCOCc2cccc(c2)-c2ccnc(n2)N3)CC1,[19*]CC=CCOCc1cc(Nc2nccc([25*])n2)ccc1N1CCN(CCO)CC1,[18*]OCc1cccc([27*])c1,18,8,28,6,18,26,18;27,largest_ring_two_bond_fragmentation
FRAG_461f2f7ace,JAK2_11f8c9d4db,OCCN1CCN(c2ccc3cc2COCC=CCOCc2cccc(c2)-c2ccnc(n2)N3)CC1,[20*]OCC=CCOCc1cc(Nc2nccc([25*])n2)ccc1N1CCN(CCO)CC1,[19*]Cc1cccc([27*])c1,18,7,29,6,19,26,19;27,largest_ring_two_bond_fragmentation
FRAG_a11f7fab9a,JAK2_11f8c9d4db,OCCN1CCN(c2ccc3cc2COCC=CCOCc2cccc(c2)-c2ccnc(n2)N3)CC1,[21*]COCC=CCOCc1cc(Nc2nccc([25*])n2)ccc1N1CCN(CCO)CC1,[20*]c1cccc([27*])c1,18,6,30,6,20,26,20;27,largest_ring_two_bond_fragmentation
FRAG_df4e8c0867,JAK2_11f8c9d4db,OCCN1CCN(c2ccc3cc2COCC=CCOCc2cccc(c2)-c2ccnc(n2)N3)CC1,[21*]COCC=CCOCc1cc(N[31*])ccc1N1CCN(CCO)CC1,[20*]c1cccc(-c2ccnc([33*])n2)c1,18,12,24,6,20,32,20;33,largest_ring_two_bond_fragmentation
FRAG_b848be6828,JAK2_11f8c9d4db,OCCN1CCN(c2ccc3cc2COCC=CCOCc2cccc(c2)-c2ccnc(n2)N3)CC1,[27*]c1cccc(COCC=CCOCc2cc(N[31*])ccc2N2CCN(CCO)CC2)c1,[25*]c1ccnc([33*])n1,18,6,30,6,26,32,25;33,largest_ring_two_bond_fragmentation
FRAG_fadcf28ff0,JAK2_11f8c9d4db,OCCN1CCN(c2ccc3cc2COCC=CCOCc2cccc(c2)-c2ccnc(n2)N3)CC1,[27*]c1cccc(COCC=CCOCc2cc([33*])ccc2N2CCN(CCO)CC2)c1,[10*]Nc1nccc([25*])n1,18,7,29,6,26,39,10;25,largest_ring_two_bond_fragmentation
FRAG_49f46f10a8,JAK2_522c241c10,C1=C/COCc2cc(ccc2OCCN2CCCC2)Nc2nccc(n2)-c2ccc(s2)COC/1,[2*]/C=C/COCc1ccc(-c2ccnc(Nc3ccc(OCCN4CCCC4)c([4*])c3)n2)s1,[1*]COC[5*],18,3,31,0,1,4,1;5,largest_ring_two_bond_fragmentation
FRAG_0784619d38,JAK2_522c241c10,C1=C/COCc2cc(ccc2OCCN2CCCC2)Nc2nccc(n2)-c2ccc(s2)COC/1,[1*]COCc1cc(Nc2nccc([26*])n2)ccc1OCCN1CCCC1,[2*]/C=C/COCc1ccc([24*])s1,18,10,24,5,1,25,2;24,largest_ring_two_bond_fragmentation
FRAG_1e1bd43944,JAK2_522c241c10,C1=C/COCc2cc(ccc2OCCN2CCCC2)Nc2nccc(n2)-c2ccc(s2)COC/1,[1*]COCc1cc(Nc2nccc(-c3ccc([31*])s3)n2)ccc1OCCN1CCCC1,[2*]/C=C/COC[29*],18,5,29,0,1,30,2;29,largest_ring_two_bond_fragmentation
FRAG_80394350a2,JAK2_522c241c10,C1=C/COCc2cc(ccc2OCCN2CCCC2)Nc2nccc(n2)-c2ccc(s2)COC/1,[1*]COCc1cc(Nc2nccc(-c3ccc(C[32*])s3)n2)ccc1OCCN1CCCC1,[2*]/C=C/CO[31*],18,4,30,0,1,31,2;31,largest_ring_two_bond_fragmentation
FRAG_194126fb5e,JAK2_522c241c10,C1=C/COCc2cc(ccc2OCCN2CCCC2)Nc2nccc(n2)-c2ccc(s2)COC/1,[1*]COCc1cc(Nc2nccc(-c3ccc(CO[33*])s3)n2)ccc1OCCN1CCCC1,[2*]/C=C/C[32*],18,3,31,0,1,32,2;32,largest_ring_two_bond_fragmentation
FRAG_ee23e1207e,JAK2_522c241c10,C1=C/COCc2cc(ccc2OCCN2CCCC2)Nc2nccc(n2)-c2ccc(s2)COC/1,[2*]OCc1cc(Nc2nccc([26*])n2)ccc1OCCN1CCCC1,[3*]C/C=C/COCc1ccc([24*])s1,18,11,23,5,2,25,3;24,largest_ring_two_bond_fragmentation
FRAG_bb3669d424,JAK2_522c241c10,C1=C/COCc2cc(ccc2OCCN2CCCC2)Nc2nccc(n2)-c2ccc(s2)COC/1,[2*]OCc1cc(Nc2nccc(-c3ccc([31*])s3)n2)ccc1OCCN1CCCC1,[3*]C/C=C/COC[29*],18,6,28,0,2,30,3;29,largest_ring_two_bond_fragmentation
FRAG_827f00fd09,JAK2_522c241c10,C1=C/COCc2cc(ccc2OCCN2CCCC2)Nc2nccc(n2)-c2ccc(s2)COC/1,[2*]OCc1cc(Nc2nccc(-c3ccc(C[32*])s3)n2)ccc1OCCN1CCCC1,[3*]C/C=C/CO[31*],18,5,29,0,2,31,3;31,largest_ring_two_bond_fragmentation
FRAG_37f73d1eee,JAK2_522c241c10,C1=C/COCc2cc(ccc2OCCN2CCCC2)Nc2nccc(n2)-c2ccc(s2)COC/1,[2*]OCc1cc(Nc2nccc(-c3ccc(CO[33*])s3)n2)ccc1OCCN1CCCC1,[3*]C/C=C/C[32*],18,4,30,0,2,32,3;32,largest_ring_two_bond_fragmentation
FRAG_b56433459c,JAK2_522c241c10,C1=C/COCc2cc(ccc2OCCN2CCCC2)Nc2nccc(n2)-c2ccc(s2)COC/1,*COCc1ccc(-c2ccnc(Nc3ccc(OCCN4CCCC4)c(CO[2*])c3)n2)s1,[3*]C/C=C/[33*],18,3,31,0,2,33,3;33,largest_ring_two_bond_fragmentation
FRAG_97b17cffc0,JAK2_522c241c10,C1=C/COCc2cc(ccc2OCCN2CCCC2)Nc2nccc(n2)-c2ccc(s2)COC/1,[3*]Cc1cc(Nc2nccc([26*])n2)ccc1OCCN1CCCC1,[4*]OC/C=C/COCc1ccc([24*])s1,18,12,22,5,3,25,4;24,largest_ring_two_bond_fragmentation
FRAG_7cd15afe0e,JAK2_522c241c10,C1=C/COCc2cc(ccc2OCCN2CCCC2)Nc2nccc(n2)-c2ccc(s2)COC/1,[3*]Cc1cc(Nc2nccc(-c3ccc([31*])s3)n2)ccc1OCCN1CCCC1,[4*]OC/C=C/COC[29*],18,7,27,0,3,30,4;29,largest_ring_two_bond_fragmentation
FRAG_005a5a3cd8,JAK2_522c241c10,C1=C/COCc2cc(ccc2OCCN2CCCC2)Nc2nccc(n2)-c2ccc(s2)COC/1,[3*]Cc1cc(Nc2nccc(-c3ccc(C[32*])s3)n2)ccc1OCCN1CCCC1,[4*]OC/C=C/CO[31*],18,6,28,0,3,31,4;31,largest_ring_two_bond_fragmentation
FRAG_bc2ba6bd64,JAK2_522c241c10,C1=C/COCc2cc(ccc2OCCN2CCCC2)Nc2nccc(n2)-c2ccc(s2)COC/1,[3*]Cc1cc(Nc2nccc(-c3ccc(CO[33*])s3)n2)ccc1OCCN1CCCC1,[4*]OC/C=C/C[32*],18,5,29,0,3,32,4;32,largest_ring_two_bond_fragmentation
FRAG_73a9c1af62,JAK2_522c241c10,C1=C/COCc2cc(ccc2OCCN2CCCC2)Nc2nccc(n2)-c2ccc(s2)COC/1,*COCc1ccc(-c2ccnc(Nc3ccc(OCCN4CCCC4)c(C[3*])c3)n2)s1,[4*]OC/C=C/[33*],18,4,30,0,3,33,4;33,largest_ring_two_bond_fragmentation
FRAG_44c8433dde,JAK2_522c241c10,C1=C/COCc2cc(ccc2OCCN2CCCC2)Nc2nccc(n2)-c2ccc(s2)COC/1,[4*]c1cc(Nc2nccc(-c3ccc([31*])s3)n2)ccc1OCCN1CCCC1,[5*]COC/C=C/COC[29*],18,8,26,0,4,30,5;29,largest_ring_two_bond_fragmentation
FRAG_3e6685c66a,JAK2_522c241c10,C1=C/COCc2cc(ccc2OCCN2CCCC2)Nc2nccc(n2)-c2ccc(s2)COC/1,[4*]c1cc(Nc2nccc(-c3ccc(C[32*])s3)n2)ccc1OCCN1CCCC1,[5*]COC/C=C/CO[31*],18,7,27,0,4,31,5;31,largest_ring_two_bond_fragmentation
FRAG_9586ca5ba2,JAK2_522c241c10,C1=C/COCc2cc(ccc2OCCN2CCCC2)Nc2nccc(n2)-c2ccc(s2)COC/1,[4*]c1cc(Nc2nccc(-c3ccc(CO[33*])s3)n2)ccc1OCCN1CCCC1,[5*]COC/C=C/C[32*],18,6,28,0,4,32,5;32,largest_ring_two_bond_fragmentation
FRAG_4b8631fbd9,JAK2_522c241c10,C1=C/COCc2cc(ccc2OCCN2CCCC2)Nc2nccc(n2)-c2ccc(s2)COC/1,*COCc1ccc(-c2ccnc(Nc3ccc(OCCN4CCCC4)c([4*])c3)n2)s1,[5*]COC/C=C/[33*],18,5,29,0,4,33,5;33,largest_ring_two_bond_fragmentation
FRAG_9e07e04b48,JAK2_522c241c10,C1=C/COCc2cc(ccc2OCCN2CCCC2)Nc2nccc(n2)-c2ccc(s2)COC/1,[19*]c1ccc(OCCN2CCCC2)c(COC/C=C/COCc2ccc([24*])s2)c1,[7*]Nc1nccc([26*])n1,18,7,27,6,18,25,7;26,largest_ring_two_bond_fragmentation
FRAG_6c3105d5e5,JAK2_522c241c10,C1=C/COCc2cc(ccc2OCCN2CCCC2)Nc2nccc(n2)-c2ccc(s2)COC/1,[19*]c1ccc(OCCN2CCCC2)c(COC/C=C/COC[29*])c1,[7*]Nc1nccc(-c2ccc([31*])s2)n1,18,12,22,6,18,30,7;31,largest_ring_two_bond_fragmentation
FRAG_0ac5ce0103,JAK2_522c241c10,C1=C/COCc2cc(ccc2OCCN2CCCC2)Nc2nccc(n2)-c2ccc(s2)COC/1,[20*]Nc1ccc(OCCN2CCCC2)c(COC/C=C/COCc2ccc([24*])s2)c1,[19*]c1nccc([26*])n1,18,6,28,6,19,25,19;26,largest_ring_two_bond_fragmentation
FRAG_648738a605,JAK2_522c241c10,C1=C/COCc2cc(ccc2OCCN2CCCC2)Nc2nccc(n2)-c2ccc(s2)COC/1,[20*]Nc1ccc(OCCN2CCCC2)c(COC/C=C/COC[29*])c1,[19*]c1nccc(-c2ccc([31*])s2)n1,18,11,23,6,19,30,19;31,largest_ring_two_bond_fragmentation
FRAG_45ca731f50,JAK2_522c241c10,C1=C/COCc2cc(ccc2OCCN2CCCC2)Nc2nccc(n2)-c2ccc(s2)COC/1,[20*]Nc1ccc(OCCN2CCCC2)c(COC/C=C/CO[31*])c1,[19*]c1nccc(-c2ccc(C[32*])s2)n1,18,12,22,6,19,31,19;32,largest_ring_two_bond_fragmentation
FRAG_bc762b38d3,JAK2_522c241c10,C1=C/COCc2cc(ccc2OCCN2CCCC2)Nc2nccc(n2)-c2ccc(s2)COC/1,[26*]c1ccnc(Nc2ccc(OCCN3CCCC3)c(COC/C=C/COC[29*])c2)n1,[24*]c1ccc([31*])s1,18,5,29,5,25,30,24;31,largest_ring_two_bond_fragmentation
FRAG_3f4d2a2543,JAK2_522c241c10,C1=C/COCc2cc(ccc2OCCN2CCCC2)Nc2nccc(n2)-c2ccc(s2)COC/1,[26*]c1ccnc(Nc2ccc(OCCN3CCCC3)c(COC/C=C/CO[31*])c2)n1,[24*]c1ccc(C[32*])s1,18,6,28,5,25,31,24;32,largest_ring_two_bond_fragmentation
FRAG_4b75561ebe,JAK2_522c241c10,C1=C/COCc2cc(ccc2OCCN2CCCC2)Nc2nccc(n2)-c2ccc(s2)COC/1,[26*]c1ccnc(Nc2ccc(OCCN3CCCC3)c(COC/C=C/C[32*])c2)n1,[24*]c1ccc(CO[33*])s1,18,7,27,5,25,32,24;33,largest_ring_two_bond_fragmentation
FRAG_62eb27d741,JAK2_522c241c10,C1=C/COCc2cc(ccc2OCCN2CCCC2)Nc2nccc(n2)-c2ccc(s2)COC/1,[26*]c1ccnc(Nc2ccc(OCCN3CCCC3)c(COC/C=C/[33*])c2)n1,*COCc1ccc([24*])s1,18,8,26,5,25,33,0;24,largest_ring_two_bond_fragmentation
FRAG_a6de0d1ed8,JAK2_522c241c10,C1=C/COCc2cc(ccc2OCCN2CCCC2)Nc2nccc(n2)-c2ccc(s2)COC/1,[31*]c1ccc(-c2ccnc(Nc3ccc(OCCN4CCCC4)c(COC/C=C/[33*])c3)n2)s1,*COC[29*],18,3,31,0,30,33,0;29,largest_ring_two_bond_fragmentation
FRAG_7dc62726a6,JAK2_c778160c54,CC(C)(C)CN1C/C=C/CCOc2cccc(c2)-c2ccnc(n2)Nc2cccc(c2)C1,[6*]N(Cc1cccc(Nc2nccc(-c3cccc(OCC[8*])c3)n2)c1)CC(C)(C)C,[5*]C/C=C/[9*],18,3,29,0,5,8,5;9,largest_ring_two_bond_fragmentation
FRAG_14e1abcce7,JAK2_c778160c54,CC(C)(C)CN1C/C=C/CCOc2cccc(c2)-c2ccnc(n2)Nc2cccc(c2)C1,[6*]N(Cc1cccc(Nc2nccc(-c3cccc(OC[9*])c3)n2)c1)CC(C)(C)C,[5*]C/C=C/C[10*],18,4,28,0,5,9,5;10,largest_ring_two_bond_fragmentation
FRAG_fa27b29084,JAK2_c778160c54,CC(C)(C)CN1C/C=C/CCOc2cccc(c2)-c2ccnc(n2)Nc2cccc(c2)C1,[6*]N(Cc1cccc(Nc2nccc(-c3cccc(O[10*])c3)n2)c1)CC(C)(C)C,[5*]C/C=C/CC[11*],18,5,27,0,5,10,5;11,largest_ring_two_bond_fragmentation
FRAG_0485757e01,JAK2_c778160c54,CC(C)(C)CN1C/C=C/CCOc2cccc(c2)-c2ccnc(n2)Nc2cccc(c2)C1,[6*]N(Cc1cccc(Nc2nccc(-c3cccc([11*])c3)n2)c1)CC(C)(C)C,[5*]C/C=C/CCO[12*],18,6,26,0,5,11,5;12,largest_ring_two_bond_fragmentation
FRAG_1871beef06,JAK2_c778160c54,CC(C)(C)CN1C/C=C/CCOc2cccc(c2)-c2ccnc(n2)Nc2cccc(c2)C1,[6*]N(Cc1cccc(Nc2nccc([16*])n2)c1)CC(C)(C)C,[5*]C/C=C/CCOc1cccc([18*])c1,18,12,20,6,5,17,5;18,largest_ring_two_bond_fragmentation
FRAG_a3f133ac83,JAK2_c778160c54,CC(C)(C)CN1C/C=C/CCOc2cccc(c2)-c2ccnc(n2)Nc2cccc(c2)C1,[5*]C/C=C/CCOc1cccc(-c2ccnc(Nc3cccc([31*])c3)n2)c1,[6*]N(C[29*])CC(C)(C)C,18,7,25,0,5,30,6;29,largest_ring_two_bond_fragmentation
FRAG_bf04bc8180,JAK2_c778160c54,CC(C)(C)CN1C/C=C/CCOc2cccc(c2)-c2ccnc(n2)Nc2cccc(c2)C1,[7*]CN(Cc1cccc(Nc2nccc(-c3cccc(OC[9*])c3)n2)c1)CC(C)(C)C,[6*]/C=C/C[10*],18,3,29,0,6,9,6;10,largest_ring_two_bond_fragmentation
FRAG_c56ddf563b,JAK2_c778160c54,CC(C)(C)CN1C/C=C/CCOc2cccc(c2)-c2ccnc(n2)Nc2cccc(c2)C1,[7*]CN(Cc1cccc(Nc2nccc(-c3cccc(O[10*])c3)n2)c1)CC(C)(C)C,[6*]/C=C/CC[11*],18,4,28,0,6,10,6;11,largest_ring_two_bond_fragmentation
FRAG_6184850cc9,JAK2_c778160c54,CC(C)(C)CN1C/C=C/CCOc2cccc(c2)-c2ccnc(n2)Nc2cccc(c2)C1,[7*]CN(Cc1cccc(Nc2nccc(-c3cccc([11*])c3)n2)c1)CC(C)(C)C,[6*]/C=C/CCO[12*],18,5,27,0,6,11,6;12,largest_ring_two_bond_fragmentation
FRAG_33f97e5fe2,JAK2_c778160c54,CC(C)(C)CN1C/C=C/CCOc2cccc(c2)-c2ccnc(n2)Nc2cccc(c2)C1,[7*]CN(Cc1cccc(Nc2nccc([16*])n2)c1)CC(C)(C)C,[6*]/C=C/CCOc1cccc([18*])c1,18,11,21,6,6,17,6;18,largest_ring_two_bond_fragmentation
FRAG_25f3bae6d0,JAK2_c778160c54,CC(C)(C)CN1C/C=C/CCOc2cccc(c2)-c2ccnc(n2)Nc2cccc(c2)C1,[6*]/C=C/CCOc1cccc(-c2ccnc(Nc3cccc([31*])c3)n2)c1,[7*]CN(C[29*])CC(C)(C)C,18,8,24,0,6,30,7;29,largest_ring_two_bond_fragmentation
FRAG_0194e35f28,JAK2_c778160c54,CC(C)(C)CN1C/C=C/CCOc2cccc(c2)-c2ccnc(n2)Nc2cccc(c2)C1,[5*]Cc1cccc(Nc2nccc(-c3cccc(OCC/C=C/[6*])c3)n2)c1,[7*]CN([31*])CC(C)(C)C,18,7,25,0,6,31,7;31,largest_ring_two_bond_fragmentation
FRAG_8566d1c9a2,JAK2_c778160c54,CC(C)(C)CN1C/C=C/CCOc2cccc(c2)-c2ccnc(n2)Nc2cccc(c2)C1,[9*]/C=C/CN(Cc1cccc(Nc2nccc(-c3cccc([11*])c3)n2)c1)CC(C)(C)C,[8*]CCO[12*],18,3,29,0,8,11,8;12,largest_ring_two_bond_fragmentation
FRAG_f41ae35922,JAK2_c778160c54,CC(C)(C)CN1C/C=C/CCOc2cccc(c2)-c2ccnc(n2)Nc2cccc(c2)C1,[9*]/C=C/CN(Cc1cccc(Nc2nccc([16*])n2)c1)CC(C)(C)C,[8*]CCOc1cccc([18*])c1,18,9,23,6,8,17,8;18,largest_ring_two_bond_fragmentation
FRAG_02d5822267,JAK2_c778160c54,CC(C)(C)CN1C/C=C/CCOc2cccc(c2)-c2ccnc(n2)Nc2cccc(c2)C1,[8*]CCOc1cccc(-c2ccnc(Nc3cccc([31*])c3)n2)c1,[9*]/C=C/CN(C[29*])CC(C)(C)C,18,10,22,0,8,30,9;29,largest_ring_two_bond_fragmentation
FRAG_54e554c083,JAK2_c778160c54,CC(C)(C)CN1C/C=C/CCOc2cccc(c2)-c2ccnc(n2)Nc2cccc(c2)C1,[5*]Cc1cccc(Nc2nccc(-c3cccc(OCC[8*])c3)n2)c1,[9*]/C=C/CN([31*])CC(C)(C)C,18,9,23,0,8,31,9;31,largest_ring_two_bond_fragmentation
FRAG_cfea490598,JAK2_c778160c54,CC(C)(C)CN1C/C=C/CCOc2cccc(c2)-c2ccnc(n2)Nc2cccc(c2)C1,[10*]C/C=C/CN(Cc1cccc(Nc2nccc([16*])n2)c1)CC(C)(C)C,[9*]COc1cccc([18*])c1,18,8,24,6,9,17,9;18,largest_ring_two_bond_fragmentation
FRAG_404205be3d,JAK2_c778160c54,CC(C)(C)CN1C/C=C/CCOc2cccc(c2)-c2ccnc(n2)Nc2cccc(c2)C1,[9*]COc1cccc(-c2ccnc(Nc3cccc([31*])c3)n2)c1,[10*]C/C=C/CN(C[29*])CC(C)(C)C,18,11,21,0,9,30,10;29,largest_ring_two_bond_fragmentation
FRAG_657d2a0edf,JAK2_c778160c54,CC(C)(C)CN1C/C=C/CCOc2cccc(c2)-c2ccnc(n2)Nc2cccc(c2)C1,[5*]Cc1cccc(Nc2nccc(-c3cccc(OC[9*])c3)n2)c1,[10*]C/C=C/CN([31*])CC(C)(C)C,18,10,22,0,9,31,10;31,largest_ring_two_bond_fragmentation
FRAG_1294ec85bd,JAK2_c778160c54,CC(C)(C)CN1C/C=C/CCOc2cccc(c2)-c2ccnc(n2)Nc2cccc(c2)C1,[11*]CC/C=C/CN(Cc1cccc(Nc2nccc([16*])n2)c1)CC(C)(C)C,[10*]Oc1cccc([18*])c1,18,7,25,6,10,17,10;18,largest_ring_two_bond_fragmentation
FRAG_42660aa13d,JAK2_c778160c54,CC(C)(C)CN1C/C=C/CCOc2cccc(c2)-c2ccnc(n2)Nc2cccc(c2)C1,[10*]Oc1cccc(-c2ccnc(Nc3cccc([31*])c3)n2)c1,[11*]CC/C=C/CN(C[29*])CC(C)(C)C,18,12,20,0,10,30,11;29,largest_ring_two_bond_fragmentation
FRAG_28914570a1,JAK2_c778160c54,CC(C)(C)CN1C/C=C/CCOc2cccc(c2)-c2ccnc(n2)Nc2cccc(c2)C1,[5*]Cc1cccc(Nc2nccc(-c3cccc(O[10*])c3)n2)c1,[11*]CC/C=C/CN([31*])CC(C)(C)C,18,11,21,0,10,31,11;31,largest_ring_two_bond_fragmentation
FRAG_5ae2e3044b,JAK2_c778160c54,CC(C)(C)CN1C/C=C/CCOc2cccc(c2)-c2ccnc(n2)Nc2cccc(c2)C1,[12*]OCC/C=C/CN(Cc1cccc(Nc2nccc([16*])n2)c1)CC(C)(C)C,[11*]c1cccc([18*])c1,18,6,26,6,11,17,11;18,largest_ring_two_bond_fragmentation
FRAG_06098a85d3,JAK2_c778160c54,CC(C)(C)CN1C/C=C/CCOc2cccc(c2)-c2ccnc(n2)Nc2cccc(c2)C1,[12*]OCC/C=C/CN(Cc1cccc(N[22*])c1)CC(C)(C)C,[11*]c1cccc(-c2ccnc([24*])n2)c1,18,12,20,6,11,23,11;24,largest_ring_two_bond_fragmentation
FRAG_6f1ad35bff,JAK2_c778160c54,CC(C)(C)CN1C/C=C/CCOc2cccc(c2)-c2ccnc(n2)Nc2cccc(c2)C1,[5*]Cc1cccc(Nc2nccc(-c3cccc([11*])c3)n2)c1,[12*]OCC/C=C/CN([31*])CC(C)(C)C,18,12,20,0,11,31,12;31,largest_ring_two_bond_fragmentation
FRAG_3a84d3df0a,JAK2_c778160c54,CC(C)(C)CN1C/C=C/CCOc2cccc(c2)-c2ccnc(n2)Nc2cccc(c2)C1,[18*]c1cccc(OCC/C=C/CN(Cc2cccc(N[22*])c2)CC(C)(C)C)c1,[16*]c1ccnc([24*])n1,18,6,26,6,17,23,16;24,largest_ring_two_bond_fragmentation
FRAG_19e81215df,JAK2_c778160c54,CC(C)(C)CN1C/C=C/CCOc2cccc(c2)-c2ccnc(n2)Nc2cccc(c2)C1,[18*]c1cccc(OCC/C=C/CN(Cc2cccc([24*])c2)CC(C)(C)C)c1,[16*]c1ccnc(N[25*])n1,18,7,25,6,17,24,16;25,largest_ring_two_bond_fragmentation
FRAG_624e94bd44,JAK2_c778160c54,CC(C)(C)CN1C/C=C/CCOc2cccc(c2)-c2ccnc(n2)Nc2cccc(c2)C1,[24*]c1nccc(-c2cccc(OCC/C=C/CN(C[29*])CC(C)(C)C)c2)n1,[22*]Nc1cccc([31*])c1,18,7,25,6,23,30,22;31,largest_ring_two_bond_fragmentation
FRAG_256221ae59,JAK2_c778160c54,CC(C)(C)CN1C/C=C/CCOc2cccc(c2)-c2ccnc(n2)Nc2cccc(c2)C1,[24*]c1nccc(-c2cccc(OCC/C=C/CN([31*])CC(C)(C)C)c2)n1,[5*]Cc1cccc(N[22*])c1,18,8,24,6,23,31,5;22,largest_ring_two_bond_fragmentation
FRAG_92fa43c333,JAK2_c778160c54,CC(C)(C)CN1C/C=C/CCOc2cccc(c2)-c2ccnc(n2)Nc2cccc(c2)C1,[25*]Nc1nccc(-c2cccc(OCC/C=C/CN(C[29*])CC(C)(C)C)c2)n1,[24*]c1cccc([31*])c1,18,6,26,6,24,30,24;31,largest_ring_two_bond_fragmentation
FRAG_ab2e09163e,JAK2_c778160c54,CC(C)(C)CN1C/C=C/CCOc2cccc(c2)-c2ccnc(n2)Nc2cccc(c2)C1,[25*]Nc1nccc(-c2cccc(OCC/C=C/CN([31*])CC(C)(C)C)c2)n1,[5*]Cc1cccc([24*])c1,18,7,25,6,24,31,5;24,largest_ring_two_bond_fragmentation
FRAG_fff1ca4bac,JAK2_1a54d57745,CN1C/C=C/CCOc2cccc(c2)-c2ccnc(n2)Nc2cc(cc(NC(=O)N3CCOCC3)c2)C1,[2*]N(C)Cc1cc(NC(=O)N2CCOCC2)cc(Nc2nccc(-c3cccc(OCC[4*])c3)n2)c1,[1*]C/C=C/[5*],18,3,34,0,1,4,1;5,largest_ring_two_bond_fragmentation
FRAG_19088bf0d0,JAK2_1a54d57745,CN1C/C=C/CCOc2cccc(c2)-c2ccnc(n2)Nc2cc(cc(NC(=O)N3CCOCC3)c2)C1,[2*]N(C)Cc1cc(NC(=O)N2CCOCC2)cc(Nc2nccc(-c3cccc(OC[5*])c3)n2)c1,[1*]C/C=C/C[6*],18,4,33,0,1,5,1;6,largest_ring_two_bond_fragmentation
FRAG_1f98154e2d,JAK2_1a54d57745,CN1C/C=C/CCOc2cccc(c2)-c2ccnc(n2)Nc2cc(cc(NC(=O)N3CCOCC3)c2)C1,[2*]N(C)Cc1cc(NC(=O)N2CCOCC2)cc(Nc2nccc(-c3cccc(O[6*])c3)n2)c1,[1*]C/C=C/CC[7*],18,5,32,0,1,6,1;7,largest_ring_two_bond_fragmentation
FRAG_7f59611606,JAK2_1a54d57745,CN1C/C=C/CCOc2cccc(c2)-c2ccnc(n2)Nc2cc(cc(NC(=O)N3CCOCC3)c2)C1,[2*]N(C)Cc1cc(NC(=O)N2CCOCC2)cc(Nc2nccc(-c3cccc([7*])c3)n2)c1,[1*]C/C=C/CCO[8*],18,6,31,0,1,7,1;8,largest_ring_two_bond_fragmentation
FRAG_06545310f3,JAK2_1a54d57745,CN1C/C=C/CCOc2cccc(c2)-c2ccnc(n2)Nc2cc(cc(NC(=O)N3CCOCC3)c2)C1,[2*]N(C)Cc1cc(NC(=O)N2CCOCC2)cc(Nc2nccc([12*])n2)c1,[1*]C/C=C/CCOc1cccc([14*])c1,18,12,25,6,1,13,1;14,largest_ring_two_bond_fragmentation
FRAG_86da0066c2,JAK2_1a54d57745,CN1C/C=C/CCOc2cccc(c2)-c2ccnc(n2)Nc2cc(cc(NC(=O)N3CCOCC3)c2)C1,[1*]C/C=C/CCOc1cccc(-c2ccnc(Nc3cc([36*])cc(NC(=O)N4CCOCC4)c3)n2)c1,[2*]N(C)C[23*],18,3,34,0,1,35,2;23,largest_ring_two_bond_fragmentation
FRAG_793ce72a69,JAK2_1a54d57745,CN1C/C=C/CCOc2cccc(c2)-c2ccnc(n2)Nc2cc(cc(NC(=O)N3CCOCC3)c2)C1,[3*]CN(C)Cc1cc(NC(=O)N2CCOCC2)cc(Nc2nccc(-c3cccc(OC[5*])c3)n2)c1,[2*]/C=C/C[6*],18,3,34,0,2,5,2;6,largest_ring_two_bond_fragmentation
FRAG_a8518aea4f,JAK2_1a54d57745,CN1C/C=C/CCOc2cccc(c2)-c2ccnc(n2)Nc2cc(cc(NC(=O)N3CCOCC3)c2)C1,[3*]CN(C)Cc1cc(NC(=O)N2CCOCC2)cc(Nc2nccc(-c3cccc(O[6*])c3)n2)c1,[2*]/C=C/CC[7*],18,4,33,0,2,6,2;7,largest_ring_two_bond_fragmentation
FRAG_3669900063,JAK2_1a54d57745,CN1C/C=C/CCOc2cccc(c2)-c2ccnc(n2)Nc2cc(cc(NC(=O)N3CCOCC3)c2)C1,[3*]CN(C)Cc1cc(NC(=O)N2CCOCC2)cc(Nc2nccc(-c3cccc([7*])c3)n2)c1,[2*]/C=C/CCO[8*],18,5,32,0,2,7,2;8,largest_ring_two_bond_fragmentation
FRAG_6a4121c84a,JAK2_1a54d57745,CN1C/C=C/CCOc2cccc(c2)-c2ccnc(n2)Nc2cc(cc(NC(=O)N3CCOCC3)c2)C1,[3*]CN(C)Cc1cc(NC(=O)N2CCOCC2)cc(Nc2nccc([12*])n2)c1,[2*]/C=C/CCOc1cccc([14*])c1,18,11,26,6,2,13,2;14,largest_ring_two_bond_fragmentation
FRAG_bc68ab7464,JAK2_1a54d57745,CN1C/C=C/CCOc2cccc(c2)-c2ccnc(n2)Nc2cc(cc(NC(=O)N3CCOCC3)c2)C1,[2*]/C=C/CCOc1cccc(-c2ccnc(Nc3cc([36*])cc(NC(=O)N4CCOCC4)c3)n2)c1,[3*]CN(C)C[23*],18,4,33,0,2,35,3;23,largest_ring_two_bond_fragmentation
FRAG_4adc9b0e90,JAK2_1a54d57745,CN1C/C=C/CCOc2cccc(c2)-c2ccnc(n2)Nc2cc(cc(NC(=O)N3CCOCC3)c2)C1,[1*]Cc1cc(NC(=O)N2CCOCC2)cc(Nc2nccc(-c3cccc(OCC/C=C/[2*])c3)n2)c1,[3*]CN([36*])C,18,3,34,0,2,36,3;36,largest_ring_two_bond_fragmentation
FRAG_d092230d12,JAK2_1a54d57745,CN1C/C=C/CCOc2cccc(c2)-c2ccnc(n2)Nc2cc(cc(NC(=O)N3CCOCC3)c2)C1,[5*]/C=C/CN(C)Cc1cc(NC(=O)N2CCOCC2)cc(Nc2nccc(-c3cccc([7*])c3)n2)c1,[4*]CCO[8*],18,3,34,0,4,7,4;8,largest_ring_two_bond_fragmentation
FRAG_d5c25c5497,JAK2_1a54d57745,CN1C/C=C/CCOc2cccc(c2)-c2ccnc(n2)Nc2cc(cc(NC(=O)N3CCOCC3)c2)C1,[5*]/C=C/CN(C)Cc1cc(NC(=O)N2CCOCC2)cc(Nc2nccc([12*])n2)c1,[4*]CCOc1cccc([14*])c1,18,9,28,6,4,13,4;14,largest_ring_two_bond_fragmentation
FRAG_0dcb33e0d3,JAK2_1a54d57745,CN1C/C=C/CCOc2cccc(c2)-c2ccnc(n2)Nc2cc(cc(NC(=O)N3CCOCC3)c2)C1,[4*]CCOc1cccc(-c2ccnc(Nc3cc([36*])cc(NC(=O)N4CCOCC4)c3)n2)c1,[5*]/C=C/CN(C)C[23*],18,6,31,0,4,35,5;23,largest_ring_two_bond_fragmentation
FRAG_f1546b6fe6,JAK2_1a54d57745,CN1C/C=C/CCOc2cccc(c2)-c2ccnc(n2)Nc2cc(cc(NC(=O)N3CCOCC3)c2)C1,[1*]Cc1cc(NC(=O)N2CCOCC2)cc(Nc2nccc(-c3cccc(OCC[4*])c3)n2)c1,[5*]/C=C/CN([36*])C,18,5,32,0,4,36,5;36,largest_ring_two_bond_fragmentation
FRAG_3e78bd7acc,JAK2_1a54d57745,CN1C/C=C/CCOc2cccc(c2)-c2ccnc(n2)Nc2cc(cc(NC(=O)N3CCOCC3)c2)C1,[6*]C/C=C/CN(C)Cc1cc(NC(=O)N2CCOCC2)cc(Nc2nccc([12*])n2)c1,[5*]COc1cccc([14*])c1,18,8,29,6,5,13,5;14,largest_ring_two_bond_fragmentation
FRAG_6cbbe926cc,JAK2_1a54d57745,CN1C/C=C/CCOc2cccc(c2)-c2ccnc(n2)Nc2cc(cc(NC(=O)N3CCOCC3)c2)C1,[5*]COc1cccc(-c2ccnc(Nc3cc([36*])cc(NC(=O)N4CCOCC4)c3)n2)c1,[6*]C/C=C/CN(C)C[23*],18,7,30,0,5,35,6;23,largest_ring_two_bond_fragmentation
FRAG_4f66dbfd97,JAK2_1a54d57745,CN1C/C=C/CCOc2cccc(c2)-c2ccnc(n2)Nc2cc(cc(NC(=O)N3CCOCC3)c2)C1,[1*]Cc1cc(NC(=O)N2CCOCC2)cc(Nc2nccc(-c3cccc(OC[5*])c3)n2)c1,[6*]C/C=C/CN([36*])C,18,6,31,0,5,36,6;36,largest_ring_two_bond_fragmentation
FRAG_5ef15d119b,JAK2_1a54d57745,CN1C/C=C/CCOc2cccc(c2)-c2ccnc(n2)Nc2cc(cc(NC(=O)N3CCOCC3)c2)C1,[7*]CC/C=C/CN(C)Cc1cc(NC(=O)N2CCOCC2)cc(Nc2nccc([12*])n2)c1,[6*]Oc1cccc([14*])c1,18,7,30,6,6,13,6;14,largest_ring_two_bond_fragmentation
FRAG_4bd575f23d,JAK2_1a54d57745,CN1C/C=C/CCOc2cccc(c2)-c2ccnc(n2)Nc2cc(cc(NC(=O)N3CCOCC3)c2)C1,[6*]Oc1cccc(-c2ccnc(Nc3cc([36*])cc(NC(=O)N4CCOCC4)c3)n2)c1,[7*]CC/C=C/CN(C)C[23*],18,8,29,0,6,35,7;23,largest_ring_two_bond_fragmentation
FRAG_5d08164f23,JAK2_1a54d57745,CN1C/C=C/CCOc2cccc(c2)-c2ccnc(n2)Nc2cc(cc(NC(=O)N3CCOCC3)c2)C1,[1*]Cc1cc(NC(=O)N2CCOCC2)cc(Nc2nccc(-c3cccc(O[6*])c3)n2)c1,[7*]CC/C=C/CN([36*])C,18,7,30,0,6,36,7;36,largest_ring_two_bond_fragmentation
FRAG_fe50d53f5e,JAK2_1a54d57745,CN1C/C=C/CCOc2cccc(c2)-c2ccnc(n2)Nc2cc(cc(NC(=O)N3CCOCC3)c2)C1,[8*]OCC/C=C/CN(C)Cc1cc(NC(=O)N2CCOCC2)cc(Nc2nccc([12*])n2)c1,[7*]c1cccc([14*])c1,18,6,31,6,7,13,7;14,largest_ring_two_bond_fragmentation
FRAG_d52118250d,JAK2_1a54d57745,CN1C/C=C/CCOc2cccc(c2)-c2ccnc(n2)Nc2cc(cc(NC(=O)N3CCOCC3)c2)C1,[8*]OCC/C=C/CN(C)Cc1cc(N[18*])cc(NC(=O)N2CCOCC2)c1,[7*]c1cccc(-c2ccnc([20*])n2)c1,18,12,25,6,7,19,7;20,largest_ring_two_bond_fragmentation
FRAG_3f8cca0f00,JAK2_1a54d57745,CN1C/C=C/CCOc2cccc(c2)-c2ccnc(n2)Nc2cc(cc(NC(=O)N3CCOCC3)c2)C1,[7*]c1cccc(-c2ccnc(Nc3cc([36*])cc(NC(=O)N4CCOCC4)c3)n2)c1,[8*]OCC/C=C/CN(C)C[23*],18,9,28,0,7,35,8;23,largest_ring_two_bond_fragmentation
FRAG_63f1ab928b,JAK2_1a54d57745,CN1C/C=C/CCOc2cccc(c2)-c2ccnc(n2)Nc2cc(cc(NC(=O)N3CCOCC3)c2)C1,[1*]Cc1cc(NC(=O)N2CCOCC2)cc(Nc2nccc(-c3cccc([7*])c3)n2)c1,[8*]OCC/C=C/CN([36*])C,18,8,29,0,7,36,8;36,largest_ring_two_bond_fragmentation
FRAG_7a8a5523b0,JAK2_1a54d57745,CN1C/C=C/CCOc2cccc(c2)-c2ccnc(n2)Nc2cc(cc(NC(=O)N3CCOCC3)c2)C1,[14*]c1cccc(OCC/C=C/CN(C)Cc2cc(N[18*])cc(NC(=O)N3CCOCC3)c2)c1,[12*]c1ccnc([20*])n1,18,6,31,6,13,19,12;20,largest_ring_two_bond_fragmentation
FRAG_826d4c04e6,JAK2_1a54d57745,CN1C/C=C/CCOc2cccc(c2)-c2ccnc(n2)Nc2cc(cc(NC(=O)N3CCOCC3)c2)C1,[14*]c1cccc(OCC/C=C/CN(C)Cc2cc([20*])cc(NC(=O)N3CCOCC3)c2)c1,[12*]c1ccnc(N[21*])n1,18,7,30,6,13,20,12;21,largest_ring_two_bond_fragmentation
FRAG_f3e5507856,JAK2_52a796004f,O=C1CCN(CCOc2ccc3cc2COCC=CCOCc2cccc(c2)-c2ccnc(n2)N3)C1,[14*]c1cc(Nc2nccc(-c3cccc(COCC=C[16*])c3)n2)ccc1OCCN1CCC(=O)C1,[13*]COC[17*],18,3,33,0,13,16,13;17,largest_ring_two_bond_fragmentation
FRAG_1094754362,JAK2_52a796004f,O=C1CCN(CCOc2ccc3cc2COCC=CCOCc2cccc(c2)-c2ccnc(n2)N3)C1,[14*]c1cc(Nc2nccc(-c3cccc(COC[18*])c3)n2)ccc1OCCN1CCC(=O)C1,[13*]COCC=C[19*],18,5,31,0,13,18,13;19,largest_ring_two_bond_fragmentation
FRAG_f0e5c68474,JAK2_52a796004f,O=C1CCN(CCOc2ccc3cc2COCC=CCOCc2cccc(c2)-c2ccnc(n2)N3)C1,[14*]c1cc(Nc2nccc(-c3cccc(CO[19*])c3)n2)ccc1OCCN1CCC(=O)C1,[13*]COCC=CC[20*],18,6,30,0,13,19,13;20,largest_ring_two_bond_fragmentation
FRAG_7c6ba1e02b,JAK2_52a796004f,O=C1CCN(CCOc2ccc3cc2COCC=CCOCc2cccc(c2)-c2ccnc(n2)N3)C1,[14*]c1cc(Nc2nccc(-c3cccc(C[20*])c3)n2)ccc1OCCN1CCC(=O)C1,[13*]COCC=CCO[21*],18,7,29,0,13,20,13;21,largest_ring_two_bond_fragmentation
FRAG_1df7357a3b,JAK2_52a796004f,O=C1CCN(CCOc2ccc3cc2COCC=CCOCc2cccc(c2)-c2ccnc(n2)N3)C1,[14*]c1cc(Nc2nccc(-c3cccc([21*])c3)n2)ccc1OCCN1CCC(=O)C1,[13*]COCC=CCOC[22*],18,8,28,0,13,21,13;22,largest_ring_two_bond_fragmentation
FRAG_46a713a164,JAK2_52a796004f,O=C1CCN(CCOc2ccc3cc2COCC=CCOCc2cccc(c2)-c2ccnc(n2)N3)C1,[15*]Cc1cc(Nc2nccc(-c3cccc(COC[18*])c3)n2)ccc1OCCN1CCC(=O)C1,[14*]OCC=C[19*],18,4,32,0,14,18,14;19,largest_ring_two_bond_fragmentation
FRAG_f28924cd90,JAK2_52a796004f,O=C1CCN(CCOc2ccc3cc2COCC=CCOCc2cccc(c2)-c2ccnc(n2)N3)C1,[15*]Cc1cc(Nc2nccc(-c3cccc(CO[19*])c3)n2)ccc1OCCN1CCC(=O)C1,[14*]OCC=CC[20*],18,5,31,0,14,19,14;20,largest_ring_two_bond_fragmentation
FRAG_0821797cef,JAK2_52a796004f,O=C1CCN(CCOc2ccc3cc2COCC=CCOCc2cccc(c2)-c2ccnc(n2)N3)C1,[15*]Cc1cc(Nc2nccc(-c3cccc(C[20*])c3)n2)ccc1OCCN1CCC(=O)C1,[14*]OCC=CCO[21*],18,6,30,0,14,20,14;21,largest_ring_two_bond_fragmentation
FRAG_21844f11c9,JAK2_52a796004f,O=C1CCN(CCOc2ccc3cc2COCC=CCOCc2cccc(c2)-c2ccnc(n2)N3)C1,[15*]Cc1cc(Nc2nccc(-c3cccc([21*])c3)n2)ccc1OCCN1CCC(=O)C1,[14*]OCC=CCOC[22*],18,7,29,0,14,21,14;22,largest_ring_two_bond_fragmentation
FRAG_8c710943fa,JAK2_52a796004f,O=C1CCN(CCOc2ccc3cc2COCC=CCOCc2cccc(c2)-c2ccnc(n2)N3)C1,[16*]OCc1cc(Nc2nccc(-c3cccc(COC[18*])c3)n2)ccc1OCCN1CCC(=O)C1,[15*]CC=C[19*],18,3,33,0,15,18,15;19,largest_ring_two_bond_fragmentation
FRAG_6c025bfaec,JAK2_52a796004f,O=C1CCN(CCOc2ccc3cc2COCC=CCOCc2cccc(c2)-c2ccnc(n2)N3)C1,[16*]OCc1cc(Nc2nccc(-c3cccc(CO[19*])c3)n2)ccc1OCCN1CCC(=O)C1,[15*]CC=CC[20*],18,4,32,0,15,19,15;20,largest_ring_two_bond_fragmentation
FRAG_854eb0790a,JAK2_52a796004f,O=C1CCN(CCOc2ccc3cc2COCC=CCOCc2cccc(c2)-c2ccnc(n2)N3)C1,[16*]OCc1cc(Nc2nccc(-c3cccc(C[20*])c3)n2)ccc1OCCN1CCC(=O)C1,[15*]CC=CCO[21*],18,5,31,0,15,20,15;21,largest_ring_two_bond_fragmentation
FRAG_603b49fd03,JAK2_52a796004f,O=C1CCN(CCOc2ccc3cc2COCC=CCOCc2cccc(c2)-c2ccnc(n2)N3)C1,[16*]OCc1cc(Nc2nccc(-c3cccc([21*])c3)n2)ccc1OCCN1CCC(=O)C1,[15*]CC=CCOC[22*],18,6,30,0,15,21,15;22,largest_ring_two_bond_fragmentation
FRAG_caa3f906ff,JAK2_52a796004f,O=C1CCN(CCOc2ccc3cc2COCC=CCOCc2cccc(c2)-c2ccnc(n2)N3)C1,[16*]OCc1cc(Nc2nccc([26*])n2)ccc1OCCN1CCC(=O)C1,[15*]CC=CCOCc1cccc([28*])c1,18,12,24,6,15,27,15;28,largest_ring_two_bond_fragmentation
FRAG_60e7426ce4,JAK2_52a796004f,O=C1CCN(CCOc2ccc3cc2COCC=CCOCc2cccc(c2)-c2ccnc(n2)N3)C1,[17*]COCc1cc(Nc2nccc(-c3cccc(CO[19*])c3)n2)ccc1OCCN1CCC(=O)C1,[16*]C=CC[20*],18,3,33,0,16,19,16;20,largest_ring_two_bond_fragmentation
FRAG_a1ed92cc1a,JAK2_52a796004f,O=C1CCN(CCOc2ccc3cc2COCC=CCOCc2cccc(c2)-c2ccnc(n2)N3)C1,[17*]COCc1cc(Nc2nccc(-c3cccc(C[20*])c3)n2)ccc1OCCN1CCC(=O)C1,[16*]C=CCO[21*],18,4,32,0,16,20,16;21,largest_ring_two_bond_fragmentation
FRAG_091fa08b18,JAK2_52a796004f,O=C1CCN(CCOc2ccc3cc2COCC=CCOCc2cccc(c2)-c2ccnc(n2)N3)C1,[17*]COCc1cc(Nc2nccc(-c3cccc([21*])c3)n2)ccc1OCCN1CCC(=O)C1,[16*]C=CCOC[22*],18,5,31,0,16,21,16;22,largest_ring_two_bond_fragmentation
FRAG_5df1d313a3,JAK2_52a796004f,O=C1CCN(CCOc2ccc3cc2COCC=CCOCc2cccc(c2)-c2ccnc(n2)N3)C1,[17*]COCc1cc(Nc2nccc([26*])n2)ccc1OCCN1CCC(=O)C1,[16*]C=CCOCc1cccc([28*])c1,18,11,25,6,16,27,16;28,largest_ring_two_bond_fragmentation
FRAG_145998d3b3,JAK2_52a796004f,O=C1CCN(CCOc2ccc3cc2COCC=CCOCc2cccc(c2)-c2ccnc(n2)N3)C1,[19*]C=CCOCc1cc(Nc2nccc(-c3cccc([21*])c3)n2)ccc1OCCN1CCC(=O)C1,[18*]COC[22*],18,3,33,0,18,21,18;22,largest_ring_two_bond_fragmentation
FRAG_886f774d1b,JAK2_52a796004f,O=C1CCN(CCOc2ccc3cc2COCC=CCOCc2cccc(c2)-c2ccnc(n2)N3)C1,[19*]C=CCOCc1cc(Nc2nccc([26*])n2)ccc1OCCN1CCC(=O)C1,[18*]COCc1cccc([28*])c1,18,9,27,6,18,27,18;28,largest_ring_two_bond_fragmentation
FRAG_01bb82ca0a,JAK2_52a796004f,O=C1CCN(CCOc2ccc3cc2COCC=CCOCc2cccc(c2)-c2ccnc(n2)N3)C1,[20*]CC=CCOCc1cc(Nc2nccc([26*])n2)ccc1OCCN1CCC(=O)C1,[19*]OCc1cccc([28*])c1,18,8,28,6,19,27,19;28,largest_ring_two_bond_fragmentation
FRAG_b2dcb49663,JAK2_52a796004f,O=C1CCN(CCOc2ccc3cc2COCC=CCOCc2cccc(c2)-c2ccnc(n2)N3)C1,[21*]OCC=CCOCc1cc(Nc2nccc([26*])n2)ccc1OCCN1CCC(=O)C1,[20*]Cc1cccc([28*])c1,18,7,29,6,20,27,20;28,largest_ring_two_bond_fragmentation
FRAG_e58695ef8c,JAK2_52a796004f,O=C1CCN(CCOc2ccc3cc2COCC=CCOCc2cccc(c2)-c2ccnc(n2)N3)C1,[22*]COCC=CCOCc1cc(Nc2nccc([26*])n2)ccc1OCCN1CCC(=O)C1,[21*]c1cccc([28*])c1,18,6,30,6,21,27,21;28,largest_ring_two_bond_fragmentation
FRAG_e78537ee76,JAK2_52a796004f,O=C1CCN(CCOc2ccc3cc2COCC=CCOCc2cccc(c2)-c2ccnc(n2)N3)C1,[22*]COCC=CCOCc1cc(N[32*])ccc1OCCN1CCC(=O)C1,[21*]c1cccc(-c2ccnc([34*])n2)c1,18,12,24,6,21,33,21;34,largest_ring_two_bond_fragmentation
FRAG_7c2746e4cd,JAK2_52a796004f,O=C1CCN(CCOc2ccc3cc2COCC=CCOCc2cccc(c2)-c2ccnc(n2)N3)C1,[28*]c1cccc(COCC=CCOCc2cc(N[32*])ccc2OCCN2CCC(=O)C2)c1,[26*]c1ccnc([34*])n1,18,6,30,6,27,33,26;34,largest_ring_two_bond_fragmentation
FRAG_f5e405c001,JAK2_52a796004f,O=C1CCN(CCOc2ccc3cc2COCC=CCOCc2cccc(c2)-c2ccnc(n2)N3)C1,[28*]c1cccc(COCC=CCOCc2cc([34*])ccc2OCCN2CCC(=O)C2)c1,[11*]Nc1nccc([26*])n1,18,7,29,6,27,39,11;26,largest_ring_two_bond_fragmentation
FRAG_4795338835,JAK2_84511f374e,COCCOc1ccc2cc1CN(C)C/C=C/COCc1ccc(o1)-c1ccnc(n1)N2,[11*]c1cc(Nc2nccc(-c3ccc(COC/C=C/C[12*])o3)n2)ccc1OCCOC,[10*]CN([14*])C,18,3,29,0,10,13,10;14,largest_ring_two_bond_fragmentation
FRAG_3107805659,JAK2_84511f374e,COCCOc1ccc2cc1CN(C)C/C=C/COCc1ccc(o1)-c1ccnc(n1)N2,[11*]c1cc(Nc2nccc(-c3ccc(COC/C=C/[14*])o3)n2)ccc1OCCOC,[10*]CN(C)C[15*],18,4,28,0,10,14,10;15,largest_ring_two_bond_fragmentation
FRAG_40e0a7d96d,JAK2_84511f374e,COCCOc1ccc2cc1CN(C)C/C=C/COCc1ccc(o1)-c1ccnc(n1)N2,[11*]c1cc(Nc2nccc(-c3ccc(COC[16*])o3)n2)ccc1OCCOC,[10*]CN(C)C/C=C/[17*],18,6,26,0,10,16,10;17,largest_ring_two_bond_fragmentation
FRAG_8ab65d3e3c,JAK2_84511f374e,COCCOc1ccc2cc1CN(C)C/C=C/COCc1ccc(o1)-c1ccnc(n1)N2,[11*]c1cc(Nc2nccc(-c3ccc(CO[17*])o3)n2)ccc1OCCOC,[10*]CN(C)C/C=C/C[18*],18,7,25,0,10,17,10;18,largest_ring_two_bond_fragmentation
FRAG_c65c8dd8f1,JAK2_84511f374e,COCCOc1ccc2cc1CN(C)C/C=C/COCc1ccc(o1)-c1ccnc(n1)N2,[11*]c1cc(Nc2nccc(-c3ccc(C[18*])o3)n2)ccc1OCCOC,[10*]CN(C)C/C=C/CO[19*],18,8,24,0,10,18,10;19,largest_ring_two_bond_fragmentation
FRAG_f72a447a02,JAK2_84511f374e,COCCOc1ccc2cc1CN(C)C/C=C/COCc1ccc(o1)-c1ccnc(n1)N2,[11*]c1cc(Nc2nccc(-c3ccc([19*])o3)n2)ccc1OCCOC,[10*]CN(C)C/C=C/COC[20*],18,9,23,0,10,19,10;20,largest_ring_two_bond_fragmentation
FRAG_a222eab655,JAK2_84511f374e,COCCOc1ccc2cc1CN(C)C/C=C/COCc1ccc(o1)-c1ccnc(n1)N2,[10*]CN(C)C/C=C/COCc1ccc(-c2ccnc([31*])n2)o1,[11*]c1cc(N[29*])ccc1OCCOC,18,12,20,6,10,30,11;29,largest_ring_two_bond_fragmentation
FRAG_2ad38a7ee2,JAK2_84511f374e,COCCOc1ccc2cc1CN(C)C/C=C/COCc1ccc(o1)-c1ccnc(n1)N2,[8*]Nc1nccc(-c2ccc(COC/C=C/CN(C)C[10*])o2)n1,[11*]c1cc([31*])ccc1OCCOC,18,11,21,6,10,34,11;31,largest_ring_two_bond_fragmentation
FRAG_7afa51dac2,JAK2_84511f374e,COCCOc1ccc2cc1CN(C)C/C=C/COCc1ccc(o1)-c1ccnc(n1)N2,[12*]Cc1cc(Nc2nccc(-c3ccc(COC/C=C/[14*])o3)n2)ccc1OCCOC,[11*]N(C)C[15*],18,3,29,0,11,14,11;15,largest_ring_two_bond_fragmentation
FRAG_224d9d696d,JAK2_84511f374e,COCCOc1ccc2cc1CN(C)C/C=C/COCc1ccc(o1)-c1ccnc(n1)N2,[12*]Cc1cc(Nc2nccc(-c3ccc(COC[16*])o3)n2)ccc1OCCOC,[11*]N(C)C/C=C/[17*],18,5,27,0,11,16,11;17,largest_ring_two_bond_fragmentation
FRAG_4d74a91bd0,JAK2_84511f374e,COCCOc1ccc2cc1CN(C)C/C=C/COCc1ccc(o1)-c1ccnc(n1)N2,[12*]Cc1cc(Nc2nccc(-c3ccc(CO[17*])o3)n2)ccc1OCCOC,[11*]N(C)C/C=C/C[18*],18,6,26,0,11,17,11;18,largest_ring_two_bond_fragmentation
FRAG_20eec2e3a2,JAK2_84511f374e,COCCOc1ccc2cc1CN(C)C/C=C/COCc1ccc(o1)-c1ccnc(n1)N2,[12*]Cc1cc(Nc2nccc(-c3ccc(C[18*])o3)n2)ccc1OCCOC,[11*]N(C)C/C=C/CO[19*],18,7,25,0,11,18,11;19,largest_ring_two_bond_fragmentation
FRAG_993f4d4b14,JAK2_84511f374e,COCCOc1ccc2cc1CN(C)C/C=C/COCc1ccc(o1)-c1ccnc(n1)N2,[12*]Cc1cc(Nc2nccc(-c3ccc([19*])o3)n2)ccc1OCCOC,[11*]N(C)C/C=C/COC[20*],18,8,24,0,11,19,11;20,largest_ring_two_bond_fragmentation
FRAG_4433832244,JAK2_84511f374e,COCCOc1ccc2cc1CN(C)C/C=C/COCc1ccc(o1)-c1ccnc(n1)N2,[8*]Nc1nccc(-c2ccc(COC/C=C/CN([11*])C)o2)n1,[12*]Cc1cc([31*])ccc1OCCOC,18,12,20,6,11,34,12;31,largest_ring_two_bond_fragmentation
FRAG_cc5b8cfae3,JAK2_84511f374e,COCCOc1ccc2cc1CN(C)C/C=C/COCc1ccc(o1)-c1ccnc(n1)N2,[14*]N(C)Cc1cc(Nc2nccc(-c3ccc(COC[16*])o3)n2)ccc1OCCOC,[12*]C/C=C/[17*],18,3,29,0,13,16,12;17,largest_ring_two_bond_fragmentation
FRAG_5bbf336756,JAK2_84511f374e,COCCOc1ccc2cc1CN(C)C/C=C/COCc1ccc(o1)-c1ccnc(n1)N2,[14*]N(C)Cc1cc(Nc2nccc(-c3ccc(CO[17*])o3)n2)ccc1OCCOC,[12*]C/C=C/C[18*],18,4,28,0,13,17,12;18,largest_ring_two_bond_fragmentation
FRAG_eedb1efe3c,JAK2_84511f374e,COCCOc1ccc2cc1CN(C)C/C=C/COCc1ccc(o1)-c1ccnc(n1)N2,[14*]N(C)Cc1cc(Nc2nccc(-c3ccc(C[18*])o3)n2)ccc1OCCOC,[12*]C/C=C/CO[19*],18,5,27,0,13,18,12;19,largest_ring_two_bond_fragmentation
FRAG_4541bf32a8,JAK2_84511f374e,COCCOc1ccc2cc1CN(C)C/C=C/COCc1ccc(o1)-c1ccnc(n1)N2,[14*]N(C)Cc1cc(Nc2nccc(-c3ccc([19*])o3)n2)ccc1OCCOC,[12*]C/C=C/COC[20*],18,6,26,0,13,19,12;20,largest_ring_two_bond_fragmentation
FRAG_db626b12d5,JAK2_84511f374e,COCCOc1ccc2cc1CN(C)C/C=C/COCc1ccc(o1)-c1ccnc(n1)N2,[14*]N(C)Cc1cc(Nc2nccc([23*])n2)ccc1OCCOC,[12*]C/C=C/COCc1ccc([25*])o1,18,11,21,5,13,24,12;25,largest_ring_two_bond_fragmentation
FRAG_5cb11b1161,JAK2_84511f374e,COCCOc1ccc2cc1CN(C)C/C=C/COCc1ccc(o1)-c1ccnc(n1)N2,[15*]CN(C)Cc1cc(Nc2nccc(-c3ccc(CO[17*])o3)n2)ccc1OCCOC,[14*]/C=C/C[18*],18,3,29,0,14,17,14;18,largest_ring_two_bond_fragmentation
FRAG_784bcf5201,JAK2_84511f374e,COCCOc1ccc2cc1CN(C)C/C=C/COCc1ccc(o1)-c1ccnc(n1)N2,[15*]CN(C)Cc1cc(Nc2nccc(-c3ccc(C[18*])o3)n2)ccc1OCCOC,[14*]/C=C/CO[19*],18,4,28,0,14,18,14;19,largest_ring_two_bond_fragmentation
FRAG_f1f1698e11,JAK2_84511f374e,COCCOc1ccc2cc1CN(C)C/C=C/COCc1ccc(o1)-c1ccnc(n1)N2,[15*]CN(C)Cc1cc(Nc2nccc(-c3ccc([19*])o3)n2)ccc1OCCOC,[14*]/C=C/COC[20*],18,5,27,0,14,19,14;20,largest_ring_two_bond_fragmentation
FRAG_f508b000a3,JAK2_84511f374e,COCCOc1ccc2cc1CN(C)C/C=C/COCc1ccc(o1)-c1ccnc(n1)N2,[15*]CN(C)Cc1cc(Nc2nccc([23*])n2)ccc1OCCOC,[14*]/C=C/COCc1ccc([25*])o1,18,10,22,5,14,24,14;25,largest_ring_two_bond_fragmentation
FRAG_be4f82e928,JAK2_84511f374e,COCCOc1ccc2cc1CN(C)C/C=C/COCc1ccc(o1)-c1ccnc(n1)N2,[17*]/C=C/CN(C)Cc1cc(Nc2nccc(-c3ccc([19*])o3)n2)ccc1OCCOC,[16*]COC[20*],18,3,29,0,16,19,16;20,largest_ring_two_bond_fragmentation
FRAG_8d8ca6e959,JAK2_84511f374e,COCCOc1ccc2cc1CN(C)C/C=C/COCc1ccc(o1)-c1ccnc(n1)N2,[17*]/C=C/CN(C)Cc1cc(Nc2nccc([23*])n2)ccc1OCCOC,[16*]COCc1ccc([25*])o1,18,8,24,5,16,24,16;25,largest_ring_two_bond_fragmentation
FRAG_ee760a04be,JAK2_84511f374e,COCCOc1ccc2cc1CN(C)C/C=C/COCc1ccc(o1)-c1ccnc(n1)N2,[18*]C/C=C/CN(C)Cc1cc(Nc2nccc([23*])n2)ccc1OCCOC,[17*]OCc1ccc([25*])o1,18,7,25,5,17,24,17;25,largest_ring_two_bond_fragmentation
FRAG_d186ba8430,JAK2_84511f374e,COCCOc1ccc2cc1CN(C)C/C=C/COCc1ccc(o1)-c1ccnc(n1)N2,[19*]OC/C=C/CN(C)Cc1cc(Nc2nccc([23*])n2)ccc1OCCOC,[18*]Cc1ccc([25*])o1,18,6,26,5,18,24,18;25,largest_ring_two_bond_fragmentation
FRAG_6c6085df9c,JAK2_84511f374e,COCCOc1ccc2cc1CN(C)C/C=C/COCc1ccc(o1)-c1ccnc(n1)N2,[19*]OC/C=C/CN(C)Cc1cc(N[29*])ccc1OCCOC,[18*]Cc1ccc(-c2ccnc([31*])n2)o1,18,12,20,6,18,30,18;31,largest_ring_two_bond_fragmentation
FRAG_aadf5b54d2,JAK2_84511f374e,COCCOc1ccc2cc1CN(C)C/C=C/COCc1ccc(o1)-c1ccnc(n1)N2,[20*]COC/C=C/CN(C)Cc1cc(Nc2nccc([23*])n2)ccc1OCCOC,[19*]c1ccc([25*])o1,18,5,27,5,19,24,19;25,largest_ring_two_bond_fragmentation
FRAG_9413e719cc,JAK2_84511f374e,COCCOc1ccc2cc1CN(C)C/C=C/COCc1ccc(o1)-c1ccnc(n1)N2,[20*]COC/C=C/CN(C)Cc1cc(N[29*])ccc1OCCOC,[19*]c1ccc(-c2ccnc([31*])n2)o1,18,11,21,6,19,30,19;31,largest_ring_two_bond_fragmentation
FRAG_851947ea0e,JAK2_84511f374e,COCCOc1ccc2cc1CN(C)C/C=C/COCc1ccc(o1)-c1ccnc(n1)N2,[20*]COC/C=C/CN(C)Cc1cc([31*])ccc1OCCOC,[8*]Nc1nccc(-c2ccc([19*])o2)n1,18,12,20,6,19,34,8;19,largest_ring_two_bond_fragmentation
FRAG_5e3632d00b,JAK2_84511f374e,COCCOc1ccc2cc1CN(C)C/C=C/COCc1ccc(o1)-c1ccnc(n1)N2,[25*]c1ccc(COC/C=C/CN(C)Cc2cc(N[29*])ccc2OCCOC)o1,[23*]c1ccnc([31*])n1,18,6,26,6,24,30,23;31,largest_ring_two_bond_fragmentation
FRAG_37d70aeeba,JAK2_84511f374e,COCCOc1ccc2cc1CN(C)C/C=C/COCc1ccc(o1)-c1ccnc(n1)N2,[25*]c1ccc(COC/C=C/CN(C)Cc2cc([31*])ccc2OCCOC)o1,[8*]Nc1nccc([23*])n1,18,7,25,6,24,34,8;23,largest_ring_two_bond_fragmentation
FRAG_9355ae6fc9,JAK2_ef845a765a,CN1C/C=C/CCOc2cccc(c2)-c2ccnc(n2)Nc2ccc(OC(F)(F)F)c(c2)C1,[2*]N(C)Cc1cc(Nc2nccc(-c3cccc(OCC[4*])c3)n2)ccc1OC(F)(F)F,[1*]C/C=C/[5*],18,3,30,0,1,4,1;5,largest_ring_two_bond_fragmentation
FRAG_2239fbd2f3,JAK2_ef845a765a,CN1C/C=C/CCOc2cccc(c2)-c2ccnc(n2)Nc2ccc(OC(F)(F)F)c(c2)C1,[2*]N(C)Cc1cc(Nc2nccc(-c3cccc(OC[5*])c3)n2)ccc1OC(F)(F)F,[1*]C/C=C/C[6*],18,4,29,0,1,5,1;6,largest_ring_two_bond_fragmentation
FRAG_cd02f44155,JAK2_ef845a765a,CN1C/C=C/CCOc2cccc(c2)-c2ccnc(n2)Nc2ccc(OC(F)(F)F)c(c2)C1,[2*]N(C)Cc1cc(Nc2nccc(-c3cccc(O[6*])c3)n2)ccc1OC(F)(F)F,[1*]C/C=C/CC[7*],18,5,28,0,1,6,1;7,largest_ring_two_bond_fragmentation
FRAG_7e59b0f7d0,JAK2_ef845a765a,CN1C/C=C/CCOc2cccc(c2)-c2ccnc(n2)Nc2ccc(OC(F)(F)F)c(c2)C1,[2*]N(C)Cc1cc(Nc2nccc(-c3cccc([7*])c3)n2)ccc1OC(F)(F)F,[1*]C/C=C/CCO[8*],18,6,27,0,1,7,1;8,largest_ring_two_bond_fragmentation
FRAG_a8fa9fb4bc,JAK2_ef845a765a,CN1C/C=C/CCOc2cccc(c2)-c2ccnc(n2)Nc2ccc(OC(F)(F)F)c(c2)C1,[2*]N(C)Cc1cc(Nc2nccc([12*])n2)ccc1OC(F)(F)F,[1*]C/C=C/CCOc1cccc([14*])c1,18,12,21,6,1,13,1;14,largest_ring_two_bond_fragmentation
FRAG_8e2df9650b,JAK2_ef845a765a,CN1C/C=C/CCOc2cccc(c2)-c2ccnc(n2)Nc2ccc(OC(F)(F)F)c(c2)C1,[1*]C/C=C/CCOc1cccc(-c2ccnc(Nc3ccc(OC(F)(F)F)c([32*])c3)n2)c1,[2*]N(C)C[30*],18,3,30,0,1,31,2;30,largest_ring_two_bond_fragmentation
FRAG_ec6122c8ca,JAK2_ef845a765a,CN1C/C=C/CCOc2cccc(c2)-c2ccnc(n2)Nc2ccc(OC(F)(F)F)c(c2)C1,[3*]CN(C)Cc1cc(Nc2nccc(-c3cccc(OC[5*])c3)n2)ccc1OC(F)(F)F,[2*]/C=C/C[6*],18,3,30,0,2,5,2;6,largest_ring_two_bond_fragmentation
FRAG_1d63005947,JAK2_ef845a765a,CN1C/C=C/CCOc2cccc(c2)-c2ccnc(n2)Nc2ccc(OC(F)(F)F)c(c2)C1,[3*]CN(C)Cc1cc(Nc2nccc(-c3cccc(O[6*])c3)n2)ccc1OC(F)(F)F,[2*]/C=C/CC[7*],18,4,29,0,2,6,2;7,largest_ring_two_bond_fragmentation
FRAG_965665b891,JAK2_ef845a765a,CN1C/C=C/CCOc2cccc(c2)-c2ccnc(n2)Nc2ccc(OC(F)(F)F)c(c2)C1,[3*]CN(C)Cc1cc(Nc2nccc(-c3cccc([7*])c3)n2)ccc1OC(F)(F)F,[2*]/C=C/CCO[8*],18,5,28,0,2,7,2;8,largest_ring_two_bond_fragmentation
FRAG_0b89a7c9f9,JAK2_ef845a765a,CN1C/C=C/CCOc2cccc(c2)-c2ccnc(n2)Nc2ccc(OC(F)(F)F)c(c2)C1,[3*]CN(C)Cc1cc(Nc2nccc([12*])n2)ccc1OC(F)(F)F,[2*]/C=C/CCOc1cccc([14*])c1,18,11,22,6,2,13,2;14,largest_ring_two_bond_fragmentation
FRAG_8c0b3c1c89,JAK2_ef845a765a,CN1C/C=C/CCOc2cccc(c2)-c2ccnc(n2)Nc2ccc(OC(F)(F)F)c(c2)C1,[2*]/C=C/CCOc1cccc(-c2ccnc(Nc3ccc(OC(F)(F)F)c([32*])c3)n2)c1,[3*]CN(C)C[30*],18,4,29,0,2,31,3;30,largest_ring_two_bond_fragmentation
FRAG_0ecffaa95f,JAK2_ef845a765a,CN1C/C=C/CCOc2cccc(c2)-c2ccnc(n2)Nc2ccc(OC(F)(F)F)c(c2)C1,[1*]Cc1cc(Nc2nccc(-c3cccc(OCC/C=C/[2*])c3)n2)ccc1OC(F)(F)F,[3*]CN([32*])C,18,3,30,0,2,32,3;32,largest_ring_two_bond_fragmentation
FRAG_5ed7bb62ab,JAK2_ef845a765a,CN1C/C=C/CCOc2cccc(c2)-c2ccnc(n2)Nc2ccc(OC(F)(F)F)c(c2)C1,[5*]/C=C/CN(C)Cc1cc(Nc2nccc(-c3cccc([7*])c3)n2)ccc1OC(F)(F)F,[4*]CCO[8*],18,3,30,0,4,7,4;8,largest_ring_two_bond_fragmentation
FRAG_9bdb3a2678,JAK2_ef845a765a,CN1C/C=C/CCOc2cccc(c2)-c2ccnc(n2)Nc2ccc(OC(F)(F)F)c(c2)C1,[5*]/C=C/CN(C)Cc1cc(Nc2nccc([12*])n2)ccc1OC(F)(F)F,[4*]CCOc1cccc([14*])c1,18,9,24,6,4,13,4;14,largest_ring_two_bond_fragmentation
FRAG_72b32a2a78,JAK2_ef845a765a,CN1C/C=C/CCOc2cccc(c2)-c2ccnc(n2)Nc2ccc(OC(F)(F)F)c(c2)C1,[4*]CCOc1cccc(-c2ccnc(Nc3ccc(OC(F)(F)F)c([32*])c3)n2)c1,[5*]/C=C/CN(C)C[30*],18,6,27,0,4,31,5;30,largest_ring_two_bond_fragmentation
FRAG_6edb848d58,JAK2_ef845a765a,CN1C/C=C/CCOc2cccc(c2)-c2ccnc(n2)Nc2ccc(OC(F)(F)F)c(c2)C1,[1*]Cc1cc(Nc2nccc(-c3cccc(OCC[4*])c3)n2)ccc1OC(F)(F)F,[5*]/C=C/CN([32*])C,18,5,28,0,4,32,5;32,largest_ring_two_bond_fragmentation
FRAG_8f8c2d1a35,JAK2_ef845a765a,CN1C/C=C/CCOc2cccc(c2)-c2ccnc(n2)Nc2ccc(OC(F)(F)F)c(c2)C1,[6*]C/C=C/CN(C)Cc1cc(Nc2nccc([12*])n2)ccc1OC(F)(F)F,[5*]COc1cccc([14*])c1,18,8,25,6,5,13,5;14,largest_ring_two_bond_fragmentation
FRAG_bb4dd38998,JAK2_ef845a765a,CN1C/C=C/CCOc2cccc(c2)-c2ccnc(n2)Nc2ccc(OC(F)(F)F)c(c2)C1,[5*]COc1cccc(-c2ccnc(Nc3ccc(OC(F)(F)F)c([32*])c3)n2)c1,[6*]C/C=C/CN(C)C[30*],18,7,26,0,5,31,6;30,largest_ring_two_bond_fragmentation
FRAG_26fd1dfa8f,JAK2_ef845a765a,CN1C/C=C/CCOc2cccc(c2)-c2ccnc(n2)Nc2ccc(OC(F)(F)F)c(c2)C1,[1*]Cc1cc(Nc2nccc(-c3cccc(OC[5*])c3)n2)ccc1OC(F)(F)F,[6*]C/C=C/CN([32*])C,18,6,27,0,5,32,6;32,largest_ring_two_bond_fragmentation
FRAG_651e610272,JAK2_ef845a765a,CN1C/C=C/CCOc2cccc(c2)-c2ccnc(n2)Nc2ccc(OC(F)(F)F)c(c2)C1,[7*]CC/C=C/CN(C)Cc1cc(Nc2nccc([12*])n2)ccc1OC(F)(F)F,[6*]Oc1cccc([14*])c1,18,7,26,6,6,13,6;14,largest_ring_two_bond_fragmentation
FRAG_78dec705ab,JAK2_ef845a765a,CN1C/C=C/CCOc2cccc(c2)-c2ccnc(n2)Nc2ccc(OC(F)(F)F)c(c2)C1,[6*]Oc1cccc(-c2ccnc(Nc3ccc(OC(F)(F)F)c([32*])c3)n2)c1,[7*]CC/C=C/CN(C)C[30*],18,8,25,0,6,31,7;30,largest_ring_two_bond_fragmentation
FRAG_ea4659c2a2,JAK2_ef845a765a,CN1C/C=C/CCOc2cccc(c2)-c2ccnc(n2)Nc2ccc(OC(F)(F)F)c(c2)C1,[1*]Cc1cc(Nc2nccc(-c3cccc(O[6*])c3)n2)ccc1OC(F)(F)F,[7*]CC/C=C/CN([32*])C,18,7,26,0,6,32,7;32,largest_ring_two_bond_fragmentation
FRAG_7f35a0889c,JAK2_ef845a765a,CN1C/C=C/CCOc2cccc(c2)-c2ccnc(n2)Nc2ccc(OC(F)(F)F)c(c2)C1,[8*]OCC/C=C/CN(C)Cc1cc(Nc2nccc([12*])n2)ccc1OC(F)(F)F,[7*]c1cccc([14*])c1,18,6,27,6,7,13,7;14,largest_ring_two_bond_fragmentation
FRAG_e6b46a3a70,JAK2_ef845a765a,CN1C/C=C/CCOc2cccc(c2)-c2ccnc(n2)Nc2ccc(OC(F)(F)F)c(c2)C1,[8*]OCC/C=C/CN(C)Cc1cc(N[18*])ccc1OC(F)(F)F,[7*]c1cccc(-c2ccnc([20*])n2)c1,18,12,21,6,7,19,7;20,largest_ring_two_bond_fragmentation
FRAG_cb3b68c480,JAK2_ef845a765a,CN1C/C=C/CCOc2cccc(c2)-c2ccnc(n2)Nc2ccc(OC(F)(F)F)c(c2)C1,[7*]c1cccc(-c2ccnc(Nc3ccc(OC(F)(F)F)c([32*])c3)n2)c1,[8*]OCC/C=C/CN(C)C[30*],18,9,24,0,7,31,8;30,largest_ring_two_bond_fragmentation
FRAG_2a15d786fc,JAK2_ef845a765a,CN1C/C=C/CCOc2cccc(c2)-c2ccnc(n2)Nc2ccc(OC(F)(F)F)c(c2)C1,[1*]Cc1cc(Nc2nccc(-c3cccc([7*])c3)n2)ccc1OC(F)(F)F,[8*]OCC/C=C/CN([32*])C,18,8,25,0,7,32,8;32,largest_ring_two_bond_fragmentation
FRAG_9cec5826e1,JAK2_ef845a765a,CN1C/C=C/CCOc2cccc(c2)-c2ccnc(n2)Nc2ccc(OC(F)(F)F)c(c2)C1,[14*]c1cccc(OCC/C=C/CN(C)Cc2cc(N[18*])ccc2OC(F)(F)F)c1,[12*]c1ccnc([20*])n1,18,6,27,6,13,19,12;20,largest_ring_two_bond_fragmentation
FRAG_8daa264fa5,JAK2_ef845a765a,CN1C/C=C/CCOc2cccc(c2)-c2ccnc(n2)Nc2ccc(OC(F)(F)F)c(c2)C1,[14*]c1cccc(OCC/C=C/CN(C)Cc2cc([20*])ccc2OC(F)(F)F)c1,[12*]c1ccnc(N[21*])n1,18,7,26,6,13,20,12;21,largest_ring_two_bond_fragmentation
FRAG_a3c7931c8b,JAK2_ef845a765a,CN1C/C=C/CCOc2cccc(c2)-c2ccnc(n2)Nc2ccc(OC(F)(F)F)c(c2)C1,[20*]c1nccc(-c2cccc(OCC/C=C/CN(C)C[30*])c2)n1,[18*]Nc1ccc(OC(F)(F)F)c([32*])c1,18,12,21,6,19,31,18;32,largest_ring_two_bond_fragmentation
FRAG_c2ca990d10,JAK2_ef845a765a,CN1C/C=C/CCOc2cccc(c2)-c2ccnc(n2)Nc2ccc(OC(F)(F)F)c(c2)C1,[21*]Nc1nccc(-c2cccc(OCC/C=C/CN(C)C[30*])c2)n1,[20*]c1ccc(OC(F)(F)F)c([32*])c1,18,11,22,6,20,31,20;32,largest_ring_two_bond_fragmentation
FRAG_70c723b4dd,JAK2_ef845a765a,CN1C/C=C/CCOc2cccc(c2)-c2ccnc(n2)Nc2ccc(OC(F)(F)F)c(c2)C1,[21*]Nc1nccc(-c2cccc(OCC/C=C/CN([32*])C)c2)n1,[1*]Cc1cc([20*])ccc1OC(F)(F)F,18,12,21,6,20,32,1;20,largest_ring_two_bond_fragmentation
FRAG_39b54197df,JAK2_efe4ea3ad3,CN1C/C=C/CCOc2cccc(c2)-c2ccnc(n2)Nc2ccc(OCCN3CCCCC3)c(c2)C1,[2*]N(C)Cc1cc(Nc2nccc(-c3cccc(OCC[4*])c3)n2)ccc1OCCN1CCCCC1,[1*]C/C=C/[5*],18,3,34,0,1,4,1;5,largest_ring_two_bond_fragmentation
FRAG_f03526f1d7,JAK2_efe4ea3ad3,CN1C/C=C/CCOc2cccc(c2)-c2ccnc(n2)Nc2ccc(OCCN3CCCCC3)c(c2)C1,[2*]N(C)Cc1cc(Nc2nccc(-c3cccc(OC[5*])c3)n2)ccc1OCCN1CCCCC1,[1*]C/C=C/C[6*],18,4,33,0,1,5,1;6,largest_ring_two_bond_fragmentation
FRAG_32a3fc4d75,JAK2_efe4ea3ad3,CN1C/C=C/CCOc2cccc(c2)-c2ccnc(n2)Nc2ccc(OCCN3CCCCC3)c(c2)C1,[2*]N(C)Cc1cc(Nc2nccc(-c3cccc(O[6*])c3)n2)ccc1OCCN1CCCCC1,[1*]C/C=C/CC[7*],18,5,32,0,1,6,1;7,largest_ring_two_bond_fragmentation
FRAG_367eeb79c5,JAK2_efe4ea3ad3,CN1C/C=C/CCOc2cccc(c2)-c2ccnc(n2)Nc2ccc(OCCN3CCCCC3)c(c2)C1,[2*]N(C)Cc1cc(Nc2nccc(-c3cccc([7*])c3)n2)ccc1OCCN1CCCCC1,[1*]C/C=C/CCO[8*],18,6,31,0,1,7,1;8,largest_ring_two_bond_fragmentation
FRAG_291f5ecd73,JAK2_efe4ea3ad3,CN1C/C=C/CCOc2cccc(c2)-c2ccnc(n2)Nc2ccc(OCCN3CCCCC3)c(c2)C1,[2*]N(C)Cc1cc(Nc2nccc([12*])n2)ccc1OCCN1CCCCC1,[1*]C/C=C/CCOc1cccc([14*])c1,18,12,25,6,1,13,1;14,largest_ring_two_bond_fragmentation
FRAG_887f5daf11,JAK2_efe4ea3ad3,CN1C/C=C/CCOc2cccc(c2)-c2ccnc(n2)Nc2ccc(OCCN3CCCCC3)c(c2)C1,[1*]C/C=C/CCOc1cccc(-c2ccnc(Nc3ccc(OCCN4CCCCC4)c([36*])c3)n2)c1,[2*]N(C)C[34*],18,3,34,0,1,35,2;34,largest_ring_two_bond_fragmentation
FRAG_811af2f758,JAK2_efe4ea3ad3,CN1C/C=C/CCOc2cccc(c2)-c2ccnc(n2)Nc2ccc(OCCN3CCCCC3)c(c2)C1,[3*]CN(C)Cc1cc(Nc2nccc(-c3cccc(OC[5*])c3)n2)ccc1OCCN1CCCCC1,[2*]/C=C/C[6*],18,3,34,0,2,5,2;6,largest_ring_two_bond_fragmentation
FRAG_50e83c3625,JAK2_efe4ea3ad3,CN1C/C=C/CCOc2cccc(c2)-c2ccnc(n2)Nc2ccc(OCCN3CCCCC3)c(c2)C1,[3*]CN(C)Cc1cc(Nc2nccc(-c3cccc(O[6*])c3)n2)ccc1OCCN1CCCCC1,[2*]/C=C/CC[7*],18,4,33,0,2,6,2;7,largest_ring_two_bond_fragmentation
FRAG_d63d7cbd76,JAK2_efe4ea3ad3,CN1C/C=C/CCOc2cccc(c2)-c2ccnc(n2)Nc2ccc(OCCN3CCCCC3)c(c2)C1,[3*]CN(C)Cc1cc(Nc2nccc(-c3cccc([7*])c3)n2)ccc1OCCN1CCCCC1,[2*]/C=C/CCO[8*],18,5,32,0,2,7,2;8,largest_ring_two_bond_fragmentation
FRAG_8ea566e921,JAK2_efe4ea3ad3,CN1C/C=C/CCOc2cccc(c2)-c2ccnc(n2)Nc2ccc(OCCN3CCCCC3)c(c2)C1,[3*]CN(C)Cc1cc(Nc2nccc([12*])n2)ccc1OCCN1CCCCC1,[2*]/C=C/CCOc1cccc([14*])c1,18,11,26,6,2,13,2;14,largest_ring_two_bond_fragmentation
FRAG_ec02da763d,JAK2_efe4ea3ad3,CN1C/C=C/CCOc2cccc(c2)-c2ccnc(n2)Nc2ccc(OCCN3CCCCC3)c(c2)C1,[2*]/C=C/CCOc1cccc(-c2ccnc(Nc3ccc(OCCN4CCCCC4)c([36*])c3)n2)c1,[3*]CN(C)C[34*],18,4,33,0,2,35,3;34,largest_ring_two_bond_fragmentation
FRAG_1c39fdfabe,JAK2_efe4ea3ad3,CN1C/C=C/CCOc2cccc(c2)-c2ccnc(n2)Nc2ccc(OCCN3CCCCC3)c(c2)C1,[1*]Cc1cc(Nc2nccc(-c3cccc(OCC/C=C/[2*])c3)n2)ccc1OCCN1CCCCC1,[3*]CN([36*])C,18,3,34,0,2,36,3;36,largest_ring_two_bond_fragmentation
FRAG_e16e3027cc,JAK2_efe4ea3ad3,CN1C/C=C/CCOc2cccc(c2)-c2ccnc(n2)Nc2ccc(OCCN3CCCCC3)c(c2)C1,[5*]/C=C/CN(C)Cc1cc(Nc2nccc(-c3cccc([7*])c3)n2)ccc1OCCN1CCCCC1,[4*]CCO[8*],18,3,34,0,4,7,4;8,largest_ring_two_bond_fragmentation
FRAG_63c8ea20ff,JAK2_efe4ea3ad3,CN1C/C=C/CCOc2cccc(c2)-c2ccnc(n2)Nc2ccc(OCCN3CCCCC3)c(c2)C1,[5*]/C=C/CN(C)Cc1cc(Nc2nccc([12*])n2)ccc1OCCN1CCCCC1,[4*]CCOc1cccc([14*])c1,18,9,28,6,4,13,4;14,largest_ring_two_bond_fragmentation
FRAG_b72a440574,JAK2_efe4ea3ad3,CN1C/C=C/CCOc2cccc(c2)-c2ccnc(n2)Nc2ccc(OCCN3CCCCC3)c(c2)C1,[4*]CCOc1cccc(-c2ccnc(Nc3ccc(OCCN4CCCCC4)c([36*])c3)n2)c1,[5*]/C=C/CN(C)C[34*],18,6,31,0,4,35,5;34,largest_ring_two_bond_fragmentation
FRAG_a8bfd8fd97,JAK2_efe4ea3ad3,CN1C/C=C/CCOc2cccc(c2)-c2ccnc(n2)Nc2ccc(OCCN3CCCCC3)c(c2)C1,[1*]Cc1cc(Nc2nccc(-c3cccc(OCC[4*])c3)n2)ccc1OCCN1CCCCC1,[5*]/C=C/CN([36*])C,18,5,32,0,4,36,5;36,largest_ring_two_bond_fragmentation
FRAG_537b4a2ce2,JAK2_efe4ea3ad3,CN1C/C=C/CCOc2cccc(c2)-c2ccnc(n2)Nc2ccc(OCCN3CCCCC3)c(c2)C1,[6*]C/C=C/CN(C)Cc1cc(Nc2nccc([12*])n2)ccc1OCCN1CCCCC1,[5*]COc1cccc([14*])c1,18,8,29,6,5,13,5;14,largest_ring_two_bond_fragmentation
FRAG_5b142c66cb,JAK2_efe4ea3ad3,CN1C/C=C/CCOc2cccc(c2)-c2ccnc(n2)Nc2ccc(OCCN3CCCCC3)c(c2)C1,[5*]COc1cccc(-c2ccnc(Nc3ccc(OCCN4CCCCC4)c([36*])c3)n2)c1,[6*]C/C=C/CN(C)C[34*],18,7,30,0,5,35,6;34,largest_ring_two_bond_fragmentation
FRAG_228f17c516,JAK2_efe4ea3ad3,CN1C/C=C/CCOc2cccc(c2)-c2ccnc(n2)Nc2ccc(OCCN3CCCCC3)c(c2)C1,[1*]Cc1cc(Nc2nccc(-c3cccc(OC[5*])c3)n2)ccc1OCCN1CCCCC1,[6*]C/C=C/CN([36*])C,18,6,31,0,5,36,6;36,largest_ring_two_bond_fragmentation
FRAG_b9ce2842df,JAK2_efe4ea3ad3,CN1C/C=C/CCOc2cccc(c2)-c2ccnc(n2)Nc2ccc(OCCN3CCCCC3)c(c2)C1,[7*]CC/C=C/CN(C)Cc1cc(Nc2nccc([12*])n2)ccc1OCCN1CCCCC1,[6*]Oc1cccc([14*])c1,18,7,30,6,6,13,6;14,largest_ring_two_bond_fragmentation
FRAG_8550de42a3,JAK2_efe4ea3ad3,CN1C/C=C/CCOc2cccc(c2)-c2ccnc(n2)Nc2ccc(OCCN3CCCCC3)c(c2)C1,[6*]Oc1cccc(-c2ccnc(Nc3ccc(OCCN4CCCCC4)c([36*])c3)n2)c1,[7*]CC/C=C/CN(C)C[34*],18,8,29,0,6,35,7;34,largest_ring_two_bond_fragmentation
FRAG_cd647c624a,JAK2_efe4ea3ad3,CN1C/C=C/CCOc2cccc(c2)-c2ccnc(n2)Nc2ccc(OCCN3CCCCC3)c(c2)C1,[1*]Cc1cc(Nc2nccc(-c3cccc(O[6*])c3)n2)ccc1OCCN1CCCCC1,[7*]CC/C=C/CN([36*])C,18,7,30,0,6,36,7;36,largest_ring_two_bond_fragmentation
FRAG_57c1949686,JAK2_efe4ea3ad3,CN1C/C=C/CCOc2cccc(c2)-c2ccnc(n2)Nc2ccc(OCCN3CCCCC3)c(c2)C1,[8*]OCC/C=C/CN(C)Cc1cc(Nc2nccc([12*])n2)ccc1OCCN1CCCCC1,[7*]c1cccc([14*])c1,18,6,31,6,7,13,7;14,largest_ring_two_bond_fragmentation
FRAG_355e56e704,JAK2_efe4ea3ad3,CN1C/C=C/CCOc2cccc(c2)-c2ccnc(n2)Nc2ccc(OCCN3CCCCC3)c(c2)C1,[8*]OCC/C=C/CN(C)Cc1cc(N[18*])ccc1OCCN1CCCCC1,[7*]c1cccc(-c2ccnc([20*])n2)c1,18,12,25,6,7,19,7;20,largest_ring_two_bond_fragmentation
FRAG_f3c9b5c3f4,JAK2_efe4ea3ad3,CN1C/C=C/CCOc2cccc(c2)-c2ccnc(n2)Nc2ccc(OCCN3CCCCC3)c(c2)C1,[7*]c1cccc(-c2ccnc(Nc3ccc(OCCN4CCCCC4)c([36*])c3)n2)c1,[8*]OCC/C=C/CN(C)C[34*],18,9,28,0,7,35,8;34,largest_ring_two_bond_fragmentation
FRAG_6e8c6b57c1,JAK2_efe4ea3ad3,CN1C/C=C/CCOc2cccc(c2)-c2ccnc(n2)Nc2ccc(OCCN3CCCCC3)c(c2)C1,[1*]Cc1cc(Nc2nccc(-c3cccc([7*])c3)n2)ccc1OCCN1CCCCC1,[8*]OCC/C=C/CN([36*])C,18,8,29,0,7,36,8;36,largest_ring_two_bond_fragmentation
FRAG_9c09865ba6,JAK2_efe4ea3ad3,CN1C/C=C/CCOc2cccc(c2)-c2ccnc(n2)Nc2ccc(OCCN3CCCCC3)c(c2)C1,[14*]c1cccc(OCC/C=C/CN(C)Cc2cc(N[18*])ccc2OCCN2CCCCC2)c1,[12*]c1ccnc([20*])n1,18,6,31,6,13,19,12;20,largest_ring_two_bond_fragmentation
FRAG_3132a51528,JAK2_efe4ea3ad3,CN1C/C=C/CCOc2cccc(c2)-c2ccnc(n2)Nc2ccc(OCCN3CCCCC3)c(c2)C1,[14*]c1cccc(OCC/C=C/CN(C)Cc2cc([20*])ccc2OCCN2CCCCC2)c1,[12*]c1ccnc(N[21*])n1,18,7,30,6,13,20,12;21,largest_ring_two_bond_fragmentation
FRAG_7d5b1d62ca,JAK2_b881dd1b25,CN1C/C=C/COCc2ccc(o2)-c2ccnc(n2)Nc2ccc(OCCN3CCCC3)c(c2)C1,[2*]N(C)Cc1cc(Nc2nccc(-c3ccc(COC[4*])o3)n2)ccc1OCCN1CCCC1,[1*]C/C=C/[5*],18,3,32,0,1,4,1;5,largest_ring_two_bond_fragmentation
FRAG_e98a0516b8,JAK2_b881dd1b25,CN1C/C=C/COCc2ccc(o2)-c2ccnc(n2)Nc2ccc(OCCN3CCCC3)c(c2)C1,[2*]N(C)Cc1cc(Nc2nccc(-c3ccc(CO[5*])o3)n2)ccc1OCCN1CCCC1,[1*]C/C=C/C[6*],18,4,31,0,1,5,1;6,largest_ring_two_bond_fragmentation
FRAG_82accfdf77,JAK2_b881dd1b25,CN1C/C=C/COCc2ccc(o2)-c2ccnc(n2)Nc2ccc(OCCN3CCCC3)c(c2)C1,[2*]N(C)Cc1cc(Nc2nccc(-c3ccc(C[6*])o3)n2)ccc1OCCN1CCCC1,[1*]C/C=C/CO[7*],18,5,30,0,1,6,1;7,largest_ring_two_bond_fragmentation
FRAG_25e794a2a3,JAK2_b881dd1b25,CN1C/C=C/COCc2ccc(o2)-c2ccnc(n2)Nc2ccc(OCCN3CCCC3)c(c2)C1,[2*]N(C)Cc1cc(Nc2nccc(-c3ccc([7*])o3)n2)ccc1OCCN1CCCC1,[1*]C/C=C/COC[8*],18,6,29,0,1,7,1;8,largest_ring_two_bond_fragmentation
FRAG_21772b6f51,JAK2_b881dd1b25,CN1C/C=C/COCc2ccc(o2)-c2ccnc(n2)Nc2ccc(OCCN3CCCC3)c(c2)C1,[2*]N(C)Cc1cc(Nc2nccc([11*])n2)ccc1OCCN1CCCC1,[1*]C/C=C/COCc1ccc([13*])o1,18,11,24,5,1,12,1;13,largest_ring_two_bond_fragmentation
FRAG_4b564e045a,JAK2_b881dd1b25,CN1C/C=C/COCc2ccc(o2)-c2ccnc(n2)Nc2ccc(OCCN3CCCC3)c(c2)C1,[1*]C/C=C/COCc1ccc(-c2ccnc(Nc3ccc(OCCN4CCCC4)c([34*])c3)n2)o1,[2*]N(C)C[32*],18,3,32,0,1,33,2;32,largest_ring_two_bond_fragmentation
FRAG_aa0038e13c,JAK2_b881dd1b25,CN1C/C=C/COCc2ccc(o2)-c2ccnc(n2)Nc2ccc(OCCN3CCCC3)c(c2)C1,[3*]CN(C)Cc1cc(Nc2nccc(-c3ccc(CO[5*])o3)n2)ccc1OCCN1CCCC1,[2*]/C=C/C[6*],18,3,32,0,2,5,2;6,largest_ring_two_bond_fragmentation
FRAG_762972cc15,JAK2_b881dd1b25,CN1C/C=C/COCc2ccc(o2)-c2ccnc(n2)Nc2ccc(OCCN3CCCC3)c(c2)C1,[3*]CN(C)Cc1cc(Nc2nccc(-c3ccc(C[6*])o3)n2)ccc1OCCN1CCCC1,[2*]/C=C/CO[7*],18,4,31,0,2,6,2;7,largest_ring_two_bond_fragmentation
FRAG_1b048e9b97,JAK2_b881dd1b25,CN1C/C=C/COCc2ccc(o2)-c2ccnc(n2)Nc2ccc(OCCN3CCCC3)c(c2)C1,[3*]CN(C)Cc1cc(Nc2nccc(-c3ccc([7*])o3)n2)ccc1OCCN1CCCC1,[2*]/C=C/COC[8*],18,5,30,0,2,7,2;8,largest_ring_two_bond_fragmentation
FRAG_729ed75a9f,JAK2_b881dd1b25,CN1C/C=C/COCc2ccc(o2)-c2ccnc(n2)Nc2ccc(OCCN3CCCC3)c(c2)C1,[3*]CN(C)Cc1cc(Nc2nccc([11*])n2)ccc1OCCN1CCCC1,[2*]/C=C/COCc1ccc([13*])o1,18,10,25,5,2,12,2;13,largest_ring_two_bond_fragmentation
FRAG_dd0a1a14fe,JAK2_b881dd1b25,CN1C/C=C/COCc2ccc(o2)-c2ccnc(n2)Nc2ccc(OCCN3CCCC3)c(c2)C1,[2*]/C=C/COCc1ccc(-c2ccnc(Nc3ccc(OCCN4CCCC4)c([34*])c3)n2)o1,[3*]CN(C)C[32*],18,4,31,0,2,33,3;32,largest_ring_two_bond_fragmentation
FRAG_0be8b8b4ac,JAK2_b881dd1b25,CN1C/C=C/COCc2ccc(o2)-c2ccnc(n2)Nc2ccc(OCCN3CCCC3)c(c2)C1,[1*]Cc1cc(Nc2nccc(-c3ccc(COC/C=C/[2*])o3)n2)ccc1OCCN1CCCC1,[3*]CN([34*])C,18,3,32,0,2,34,3;34,largest_ring_two_bond_fragmentation
FRAG_0368eb5e27,JAK2_b881dd1b25,CN1C/C=C/COCc2ccc(o2)-c2ccnc(n2)Nc2ccc(OCCN3CCCC3)c(c2)C1,[5*]/C=C/CN(C)Cc1cc(Nc2nccc(-c3ccc([7*])o3)n2)ccc1OCCN1CCCC1,[4*]COC[8*],18,3,32,0,4,7,4;8,largest_ring_two_bond_fragmentation
FRAG_d7a0f57cfe,JAK2_b881dd1b25,CN1C/C=C/COCc2ccc(o2)-c2ccnc(n2)Nc2ccc(OCCN3CCCC3)c(c2)C1,[5*]/C=C/CN(C)Cc1cc(Nc2nccc([11*])n2)ccc1OCCN1CCCC1,[4*]COCc1ccc([13*])o1,18,8,27,5,4,12,4;13,largest_ring_two_bond_fragmentation
FRAG_ec30a4d1fa,JAK2_b881dd1b25,CN1C/C=C/COCc2ccc(o2)-c2ccnc(n2)Nc2ccc(OCCN3CCCC3)c(c2)C1,[4*]COCc1ccc(-c2ccnc(Nc3ccc(OCCN4CCCC4)c([34*])c3)n2)o1,[5*]/C=C/CN(C)C[32*],18,6,29,0,4,33,5;32,largest_ring_two_bond_fragmentation
FRAG_460bf86f2c,JAK2_b881dd1b25,CN1C/C=C/COCc2ccc(o2)-c2ccnc(n2)Nc2ccc(OCCN3CCCC3)c(c2)C1,[1*]Cc1cc(Nc2nccc(-c3ccc(COC[4*])o3)n2)ccc1OCCN1CCCC1,[5*]/C=C/CN([34*])C,18,5,30,0,4,34,5;34,largest_ring_two_bond_fragmentation
FRAG_400379e1ce,JAK2_b881dd1b25,CN1C/C=C/COCc2ccc(o2)-c2ccnc(n2)Nc2ccc(OCCN3CCCC3)c(c2)C1,[6*]C/C=C/CN(C)Cc1cc(Nc2nccc([11*])n2)ccc1OCCN1CCCC1,[5*]OCc1ccc([13*])o1,18,7,28,5,5,12,5;13,largest_ring_two_bond_fragmentation
FRAG_e3d50d6ddf,JAK2_b881dd1b25,CN1C/C=C/COCc2ccc(o2)-c2ccnc(n2)Nc2ccc(OCCN3CCCC3)c(c2)C1,[5*]OCc1ccc(-c2ccnc(Nc3ccc(OCCN4CCCC4)c([34*])c3)n2)o1,[6*]C/C=C/CN(C)C[32*],18,7,28,0,5,33,6;32,largest_ring_two_bond_fragmentation
FRAG_1a44e2ff37,JAK2_b881dd1b25,CN1C/C=C/COCc2ccc(o2)-c2ccnc(n2)Nc2ccc(OCCN3CCCC3)c(c2)C1,[1*]Cc1cc(Nc2nccc(-c3ccc(CO[5*])o3)n2)ccc1OCCN1CCCC1,[6*]C/C=C/CN([34*])C,18,6,29,0,5,34,6;34,largest_ring_two_bond_fragmentation
FRAG_078bd9055d,JAK2_b881dd1b25,CN1C/C=C/COCc2ccc(o2)-c2ccnc(n2)Nc2ccc(OCCN3CCCC3)c(c2)C1,[7*]OC/C=C/CN(C)Cc1cc(Nc2nccc([11*])n2)ccc1OCCN1CCCC1,[6*]Cc1ccc([13*])o1,18,6,29,5,6,12,6;13,largest_ring_two_bond_fragmentation
FRAG_448b52c6ab,JAK2_b881dd1b25,CN1C/C=C/COCc2ccc(o2)-c2ccnc(n2)Nc2ccc(OCCN3CCCC3)c(c2)C1,[7*]OC/C=C/CN(C)Cc1cc(N[17*])ccc1OCCN1CCCC1,[6*]Cc1ccc(-c2ccnc([19*])n2)o1,18,12,23,6,6,18,6;19,largest_ring_two_bond_fragmentation
FRAG_d515eb9952,JAK2_b881dd1b25,CN1C/C=C/COCc2ccc(o2)-c2ccnc(n2)Nc2ccc(OCCN3CCCC3)c(c2)C1,[6*]Cc1ccc(-c2ccnc(Nc3ccc(OCCN4CCCC4)c([34*])c3)n2)o1,[7*]OC/C=C/CN(C)C[32*],18,8,27,0,6,33,7;32,largest_ring_two_bond_fragmentation
FRAG_e6990a6a59,JAK2_b881dd1b25,CN1C/C=C/COCc2ccc(o2)-c2ccnc(n2)Nc2ccc(OCCN3CCCC3)c(c2)C1,[1*]Cc1cc(Nc2nccc(-c3ccc(C[6*])o3)n2)ccc1OCCN1CCCC1,[7*]OC/C=C/CN([34*])C,18,7,28,0,6,34,7;34,largest_ring_two_bond_fragmentation
FRAG_1420f6f2a6,JAK2_b881dd1b25,CN1C/C=C/COCc2ccc(o2)-c2ccnc(n2)Nc2ccc(OCCN3CCCC3)c(c2)C1,[8*]COC/C=C/CN(C)Cc1cc(Nc2nccc([11*])n2)ccc1OCCN1CCCC1,[7*]c1ccc([13*])o1,18,5,30,5,7,12,7;13,largest_ring_two_bond_fragmentation
FRAG_80c4c71639,JAK2_b881dd1b25,CN1C/C=C/COCc2ccc(o2)-c2ccnc(n2)Nc2ccc(OCCN3CCCC3)c(c2)C1,[8*]COC/C=C/CN(C)Cc1cc(N[17*])ccc1OCCN1CCCC1,[7*]c1ccc(-c2ccnc([19*])n2)o1,18,11,24,6,7,18,7;19,largest_ring_two_bond_fragmentation
FRAG_a48f14e53b,JAK2_b881dd1b25,CN1C/C=C/COCc2ccc(o2)-c2ccnc(n2)Nc2ccc(OCCN3CCCC3)c(c2)C1,[8*]COC/C=C/CN(C)Cc1cc([19*])ccc1OCCN1CCCC1,[7*]c1ccc(-c2ccnc(N[20*])n2)o1,18,12,23,6,7,19,7;20,largest_ring_two_bond_fragmentation
FRAG_3af4fb66be,JAK2_b881dd1b25,CN1C/C=C/COCc2ccc(o2)-c2ccnc(n2)Nc2ccc(OCCN3CCCC3)c(c2)C1,[7*]c1ccc(-c2ccnc(Nc3ccc(OCCN4CCCC4)c([34*])c3)n2)o1,[8*]COC/C=C/CN(C)C[32*],18,9,26,0,7,33,8;32,largest_ring_two_bond_fragmentation
FRAG_fe7eaec008,JAK2_b881dd1b25,CN1C/C=C/COCc2ccc(o2)-c2ccnc(n2)Nc2ccc(OCCN3CCCC3)c(c2)C1,[1*]Cc1cc(Nc2nccc(-c3ccc([7*])o3)n2)ccc1OCCN1CCCC1,[8*]COC/C=C/CN([34*])C,18,8,27,0,7,34,8;34,largest_ring_two_bond_fragmentation
FRAG_c356667198,JAK2_b881dd1b25,CN1C/C=C/COCc2ccc(o2)-c2ccnc(n2)Nc2ccc(OCCN3CCCC3)c(c2)C1,[13*]c1ccc(COC/C=C/CN(C)Cc2cc(N[17*])ccc2OCCN2CCCC2)o1,[11*]c1ccnc([19*])n1,18,6,29,6,12,18,11;19,largest_ring_two_bond_fragmentation
FRAG_c7124588ac,JAK2_b881dd1b25,CN1C/C=C/COCc2ccc(o2)-c2ccnc(n2)Nc2ccc(OCCN3CCCC3)c(c2)C1,[13*]c1ccc(COC/C=C/CN(C)Cc2cc([19*])ccc2OCCN2CCCC2)o1,[11*]c1ccnc(N[20*])n1,18,7,28,6,12,19,11;20,largest_ring_two_bond_fragmentation
FRAG_0672feb850,JAK2_11c5ca5dd8,CN1C/C=C/CCOc2cccc(c2)-c2ccnc(n2)Nc2cccc(c2)C1,[2*]N(C)Cc1cccc(Nc2nccc(-c3cccc(OCC[4*])c3)n2)c1,[1*]C/C=C/[5*],18,3,25,0,1,4,1;5,largest_ring_two_bond_fragmentation
FRAG_2cb3926ac1,JAK2_11c5ca5dd8,CN1C/C=C/CCOc2cccc(c2)-c2ccnc(n2)Nc2cccc(c2)C1,[2*]N(C)Cc1cccc(Nc2nccc(-c3cccc(OC[5*])c3)n2)c1,[1*]C/C=C/C[6*],18,4,24,0,1,5,1;6,largest_ring_two_bond_fragmentation
FRAG_c43627ca24,JAK2_11c5ca5dd8,CN1C/C=C/CCOc2cccc(c2)-c2ccnc(n2)Nc2cccc(c2)C1,[2*]N(C)Cc1cccc(Nc2nccc(-c3cccc(O[6*])c3)n2)c1,[1*]C/C=C/CC[7*],18,5,23,0,1,6,1;7,largest_ring_two_bond_fragmentation
FRAG_6744c02c9c,JAK2_11c5ca5dd8,CN1C/C=C/CCOc2cccc(c2)-c2ccnc(n2)Nc2cccc(c2)C1,[2*]N(C)Cc1cccc(Nc2nccc(-c3cccc([7*])c3)n2)c1,[1*]C/C=C/CCO[8*],18,6,22,0,1,7,1;8,largest_ring_two_bond_fragmentation
FRAG_e9495ffd91,JAK2_11c5ca5dd8,CN1C/C=C/CCOc2cccc(c2)-c2ccnc(n2)Nc2cccc(c2)C1,[2*]N(C)Cc1cccc(Nc2nccc([12*])n2)c1,[1*]C/C=C/CCOc1cccc([14*])c1,18,12,16,6,1,13,1;14,largest_ring_two_bond_fragmentation
FRAG_c0f9745d29,JAK2_11c5ca5dd8,CN1C/C=C/CCOc2cccc(c2)-c2ccnc(n2)Nc2cccc(c2)C1,[1*]C/C=C/CCOc1cccc(-c2ccnc([20*])n2)c1,[2*]N(C)Cc1cccc(N[18*])c1,18,10,18,6,1,19,2;18,largest_ring_two_bond_fragmentation
FRAG_f279d33a23,JAK2_11c5ca5dd8,CN1C/C=C/CCOc2cccc(c2)-c2ccnc(n2)Nc2cccc(c2)C1,[1*]C/C=C/CCOc1cccc(-c2ccnc(N[21*])n2)c1,[2*]N(C)Cc1cccc([20*])c1,18,9,19,6,1,20,2;20,largest_ring_two_bond_fragmentation
FRAG_6feaf43a30,JAK2_11c5ca5dd8,CN1C/C=C/CCOc2cccc(c2)-c2ccnc(n2)Nc2cccc(c2)C1,[1*]C/C=C/CCOc1cccc(-c2ccnc(Nc3cccc([27*])c3)n2)c1,[2*]N(C)C[25*],18,3,25,0,1,26,2;25,largest_ring_two_bond_fragmentation
FRAG_851cb5ba4e,JAK2_11c5ca5dd8,CN1C/C=C/CCOc2cccc(c2)-c2ccnc(n2)Nc2cccc(c2)C1,[3*]CN(C)Cc1cccc(Nc2nccc(-c3cccc(OC[5*])c3)n2)c1,[2*]/C=C/C[6*],18,3,25,0,2,5,2;6,largest_ring_two_bond_fragmentation
FRAG_7733d8f4ca,JAK2_11c5ca5dd8,CN1C/C=C/CCOc2cccc(c2)-c2ccnc(n2)Nc2cccc(c2)C1,[3*]CN(C)Cc1cccc(Nc2nccc(-c3cccc(O[6*])c3)n2)c1,[2*]/C=C/CC[7*],18,4,24,0,2,6,2;7,largest_ring_two_bond_fragmentation
FRAG_654f9aa3f6,JAK2_11c5ca5dd8,CN1C/C=C/CCOc2cccc(c2)-c2ccnc(n2)Nc2cccc(c2)C1,[3*]CN(C)Cc1cccc(Nc2nccc(-c3cccc([7*])c3)n2)c1,[2*]/C=C/CCO[8*],18,5,23,0,2,7,2;8,largest_ring_two_bond_fragmentation
FRAG_f1504278f2,JAK2_11c5ca5dd8,CN1C/C=C/CCOc2cccc(c2)-c2ccnc(n2)Nc2cccc(c2)C1,[3*]CN(C)Cc1cccc(Nc2nccc([12*])n2)c1,[2*]/C=C/CCOc1cccc([14*])c1,18,11,17,6,2,13,2;14,largest_ring_two_bond_fragmentation
FRAG_0580e06e48,JAK2_11c5ca5dd8,CN1C/C=C/CCOc2cccc(c2)-c2ccnc(n2)Nc2cccc(c2)C1,[2*]/C=C/CCOc1cccc(-c2ccnc([20*])n2)c1,[3*]CN(C)Cc1cccc(N[18*])c1,18,11,17,6,2,19,3;18,largest_ring_two_bond_fragmentation
FRAG_6d92a304dd,JAK2_11c5ca5dd8,CN1C/C=C/CCOc2cccc(c2)-c2ccnc(n2)Nc2cccc(c2)C1,[2*]/C=C/CCOc1cccc(-c2ccnc(N[21*])n2)c1,[3*]CN(C)Cc1cccc([20*])c1,18,10,18,6,2,20,3;20,largest_ring_two_bond_fragmentation
FRAG_5e25ab0808,JAK2_11c5ca5dd8,CN1C/C=C/CCOc2cccc(c2)-c2ccnc(n2)Nc2cccc(c2)C1,[2*]/C=C/CCOc1cccc(-c2ccnc(Nc3cccc([27*])c3)n2)c1,[3*]CN(C)C[25*],18,4,24,0,2,26,3;25,largest_ring_two_bond_fragmentation
FRAG_8526fe832e,JAK2_11c5ca5dd8,CN1C/C=C/CCOc2cccc(c2)-c2ccnc(n2)Nc2cccc(c2)C1,[1*]Cc1cccc(Nc2nccc(-c3cccc(OCC/C=C/[2*])c3)n2)c1,[3*]CN([27*])C,18,3,25,0,2,27,3;27,largest_ring_two_bond_fragmentation
FRAG_fe6980bdff,JAK2_11c5ca5dd8,CN1C/C=C/CCOc2cccc(c2)-c2ccnc(n2)Nc2cccc(c2)C1,[5*]/C=C/CN(C)Cc1cccc(Nc2nccc(-c3cccc([7*])c3)n2)c1,[4*]CCO[8*],18,3,25,0,4,7,4;8,largest_ring_two_bond_fragmentation
FRAG_15b6ea702e,JAK2_11c5ca5dd8,CN1C/C=C/CCOc2cccc(c2)-c2ccnc(n2)Nc2cccc(c2)C1,[5*]/C=C/CN(C)Cc1cccc(Nc2nccc([12*])n2)c1,[4*]CCOc1cccc([14*])c1,18,9,19,6,4,13,4;14,largest_ring_two_bond_fragmentation
FRAG_9ed0d2d601,JAK2_11c5ca5dd8,CN1C/C=C/CCOc2cccc(c2)-c2ccnc(n2)Nc2cccc(c2)C1,[4*]CCOc1cccc(-c2ccnc(N[21*])n2)c1,[5*]/C=C/CN(C)Cc1cccc([20*])c1,18,12,16,6,4,20,5;20,largest_ring_two_bond_fragmentation
FRAG_50ec61eb77,JAK2_11c5ca5dd8,CN1C/C=C/CCOc2cccc(c2)-c2ccnc(n2)Nc2cccc(c2)C1,[4*]CCOc1cccc(-c2ccnc(Nc3cccc([27*])c3)n2)c1,[5*]/C=C/CN(C)C[25*],18,6,22,0,4,26,5;25,largest_ring_two_bond_fragmentation
FRAG_cbca9ef223,JAK2_11c5ca5dd8,CN1C/C=C/CCOc2cccc(c2)-c2ccnc(n2)Nc2cccc(c2)C1,[1*]Cc1cccc(Nc2nccc(-c3cccc(OCC[4*])c3)n2)c1,[5*]/C=C/CN([27*])C,18,5,23,0,4,27,5;27,largest_ring_two_bond_fragmentation
FRAG_4f4a9aed34,JAK2_11c5ca5dd8,CN1C/C=C/CCOc2cccc(c2)-c2ccnc(n2)Nc2cccc(c2)C1,[6*]C/C=C/CN(C)Cc1cccc(Nc2nccc([12*])n2)c1,[5*]COc1cccc([14*])c1,18,8,20,6,5,13,5;14,largest_ring_two_bond_fragmentation
FRAG_dc7c30b483,JAK2_11c5ca5dd8,CN1C/C=C/CCOc2cccc(c2)-c2ccnc(n2)Nc2cccc(c2)C1,[5*]COc1cccc(-c2ccnc(Nc3cccc([27*])c3)n2)c1,[6*]C/C=C/CN(C)C[25*],18,7,21,0,5,26,6;25,largest_ring_two_bond_fragmentation
FRAG_3b1db8c742,JAK2_11c5ca5dd8,CN1C/C=C/CCOc2cccc(c2)-c2ccnc(n2)Nc2cccc(c2)C1,[1*]Cc1cccc(Nc2nccc(-c3cccc(OC[5*])c3)n2)c1,[6*]C/C=C/CN([27*])C,18,6,22,0,5,27,6;27,largest_ring_two_bond_fragmentation
FRAG_403cc19ee1,JAK2_11c5ca5dd8,CN1C/C=C/CCOc2cccc(c2)-c2ccnc(n2)Nc2cccc(c2)C1,[7*]CC/C=C/CN(C)Cc1cccc(Nc2nccc([12*])n2)c1,[6*]Oc1cccc([14*])c1,18,7,21,6,6,13,6;14,largest_ring_two_bond_fragmentation
FRAG_1d0ff4965e,JAK2_11c5ca5dd8,CN1C/C=C/CCOc2cccc(c2)-c2ccnc(n2)Nc2cccc(c2)C1,[6*]Oc1cccc(-c2ccnc(Nc3cccc([27*])c3)n2)c1,[7*]CC/C=C/CN(C)C[25*],18,8,20,0,6,26,7;25,largest_ring_two_bond_fragmentation
FRAG_03d7490dc9,JAK2_11c5ca5dd8,CN1C/C=C/CCOc2cccc(c2)-c2ccnc(n2)Nc2cccc(c2)C1,[1*]Cc1cccc(Nc2nccc(-c3cccc(O[6*])c3)n2)c1,[7*]CC/C=C/CN([27*])C,18,7,21,0,6,27,7;27,largest_ring_two_bond_fragmentation
FRAG_dc21867cbc,JAK2_11c5ca5dd8,CN1C/C=C/CCOc2cccc(c2)-c2ccnc(n2)Nc2cccc(c2)C1,[8*]OCC/C=C/CN(C)Cc1cccc(Nc2nccc([12*])n2)c1,[7*]c1cccc([14*])c1,18,6,22,6,7,13,7;14,largest_ring_two_bond_fragmentation
FRAG_d82b1608b6,JAK2_11c5ca5dd8,CN1C/C=C/CCOc2cccc(c2)-c2ccnc(n2)Nc2cccc(c2)C1,[8*]OCC/C=C/CN(C)Cc1cccc(N[18*])c1,[7*]c1cccc(-c2ccnc([20*])n2)c1,18,12,16,6,7,19,7;20,largest_ring_two_bond_fragmentation
FRAG_f7feaecb3f,JAK2_11c5ca5dd8,CN1C/C=C/CCOc2cccc(c2)-c2ccnc(n2)Nc2cccc(c2)C1,[7*]c1cccc(-c2ccnc(Nc3cccc([27*])c3)n2)c1,[8*]OCC/C=C/CN(C)C[25*],18,9,19,0,7,26,8;25,largest_ring_two_bond_fragmentation
FRAG_e1556965d5,JAK2_11c5ca5dd8,CN1C/C=C/CCOc2cccc(c2)-c2ccnc(n2)Nc2cccc(c2)C1,[1*]Cc1cccc(Nc2nccc(-c3cccc([7*])c3)n2)c1,[8*]OCC/C=C/CN([27*])C,18,8,20,0,7,27,8;27,largest_ring_two_bond_fragmentation
FRAG_af10fcb224,JAK2_11c5ca5dd8,CN1C/C=C/CCOc2cccc(c2)-c2ccnc(n2)Nc2cccc(c2)C1,[14*]c1cccc(OCC/C=C/CN(C)Cc2cccc(N[18*])c2)c1,[12*]c1ccnc([20*])n1,18,6,22,6,13,19,12;20,largest_ring_two_bond_fragmentation
FRAG_a85e513b0c,JAK2_11c5ca5dd8,CN1C/C=C/CCOc2cccc(c2)-c2ccnc(n2)Nc2cccc(c2)C1,[14*]c1cccc(OCC/C=C/CN(C)Cc2cccc([20*])c2)c1,[12*]c1ccnc(N[21*])n1,18,7,21,6,13,20,12;21,largest_ring_two_bond_fragmentation
FRAG_ab6cd81a8d,JAK2_11c5ca5dd8,CN1C/C=C/CCOc2cccc(c2)-c2ccnc(n2)Nc2cccc(c2)C1,[20*]c1nccc(-c2cccc(OCC/C=C/CN(C)C[25*])c2)n1,[18*]Nc1cccc([27*])c1,18,7,21,6,19,26,18;27,largest_ring_two_bond_fragmentation
FRAG_187fd2ac7e,JAK2_11c5ca5dd8,CN1C/C=C/CCOc2cccc(c2)-c2ccnc(n2)Nc2cccc(c2)C1,[20*]c1nccc(-c2cccc(OCC/C=C/CN([27*])C)c2)n1,[1*]Cc1cccc(N[18*])c1,18,8,20,6,19,27,1;18,largest_ring_two_bond_fragmentation
FRAG_eaefec4d9c,JAK2_11c5ca5dd8,CN1C/C=C/CCOc2cccc(c2)-c2ccnc(n2)Nc2cccc(c2)C1,[21*]Nc1nccc(-c2cccc(OCC/C=C/CN(C)C[25*])c2)n1,[20*]c1cccc([27*])c1,18,6,22,6,20,26,20;27,largest_ring_two_bond_fragmentation
FRAG_52c9420536,JAK2_11c5ca5dd8,CN1C/C=C/CCOc2cccc(c2)-c2ccnc(n2)Nc2cccc(c2)C1,[21*]Nc1nccc(-c2cccc(OCC/C=C/CN([27*])C)c2)n1,[1*]Cc1cccc([20*])c1,18,7,21,6,20,27,1;20,largest_ring_two_bond_fragmentation
FRAG_1dc4ed2a32,JAK2_f140dc790a,CCN(CC)CCOc1ccc2cc1CN(C)C/C=C/CCOc1cccc(c1)-c1ccnc(n1)N2,[14*]c1cc(Nc2nccc(-c3cccc(OCC/C=C/C[15*])c3)n2)ccc1OCCN(CC)CC,[13*]CN([17*])C,18,3,33,0,13,16,13;17,largest_ring_two_bond_fragmentation
FRAG_0d923ae04f,JAK2_f140dc790a,CCN(CC)CCOc1ccc2cc1CN(C)C/C=C/CCOc1cccc(c1)-c1ccnc(n1)N2,[14*]c1cc(Nc2nccc(-c3cccc(OCC/C=C/[17*])c3)n2)ccc1OCCN(CC)CC,[13*]CN(C)C[18*],18,4,32,0,13,17,13;18,largest_ring_two_bond_fragmentation
FRAG_43d76e3c2c,JAK2_f140dc790a,CCN(CC)CCOc1ccc2cc1CN(C)C/C=C/CCOc1cccc(c1)-c1ccnc(n1)N2,[14*]c1cc(Nc2nccc(-c3cccc(OCC[19*])c3)n2)ccc1OCCN(CC)CC,[13*]CN(C)C/C=C/[20*],18,6,30,0,13,19,13;20,largest_ring_two_bond_fragmentation
FRAG_7d4b7133a3,JAK2_f140dc790a,CCN(CC)CCOc1ccc2cc1CN(C)C/C=C/CCOc1cccc(c1)-c1ccnc(n1)N2,[14*]c1cc(Nc2nccc(-c3cccc(OC[20*])c3)n2)ccc1OCCN(CC)CC,[13*]CN(C)C/C=C/C[21*],18,7,29,0,13,20,13;21,largest_ring_two_bond_fragmentation
FRAG_feb8636ece,JAK2_f140dc790a,CCN(CC)CCOc1ccc2cc1CN(C)C/C=C/CCOc1cccc(c1)-c1ccnc(n1)N2,[14*]c1cc(Nc2nccc(-c3cccc(O[21*])c3)n2)ccc1OCCN(CC)CC,[13*]CN(C)C/C=C/CC[22*],18,8,28,0,13,21,13;22,largest_ring_two_bond_fragmentation
FRAG_360d3fd534,JAK2_f140dc790a,CCN(CC)CCOc1ccc2cc1CN(C)C/C=C/CCOc1cccc(c1)-c1ccnc(n1)N2,[14*]c1cc(Nc2nccc(-c3cccc([22*])c3)n2)ccc1OCCN(CC)CC,[13*]CN(C)C/C=C/CCO[23*],18,9,27,0,13,22,13;23,largest_ring_two_bond_fragmentation
FRAG_17fb784fb0,JAK2_f140dc790a,CCN(CC)CCOc1ccc2cc1CN(C)C/C=C/CCOc1cccc(c1)-c1ccnc(n1)N2,[15*]Cc1cc(Nc2nccc(-c3cccc(OCC/C=C/[17*])c3)n2)ccc1OCCN(CC)CC,[14*]N(C)C[18*],18,3,33,0,14,17,14;18,largest_ring_two_bond_fragmentation
FRAG_63b3a5b5f4,JAK2_f140dc790a,CCN(CC)CCOc1ccc2cc1CN(C)C/C=C/CCOc1cccc(c1)-c1ccnc(n1)N2,[15*]Cc1cc(Nc2nccc(-c3cccc(OCC[19*])c3)n2)ccc1OCCN(CC)CC,[14*]N(C)C/C=C/[20*],18,5,31,0,14,19,14;20,largest_ring_two_bond_fragmentation
FRAG_b5f6db9f49,JAK2_f140dc790a,CCN(CC)CCOc1ccc2cc1CN(C)C/C=C/CCOc1cccc(c1)-c1ccnc(n1)N2,[15*]Cc1cc(Nc2nccc(-c3cccc(OC[20*])c3)n2)ccc1OCCN(CC)CC,[14*]N(C)C/C=C/C[21*],18,6,30,0,14,20,14;21,largest_ring_two_bond_fragmentation
FRAG_1934230057,JAK2_f140dc790a,CCN(CC)CCOc1ccc2cc1CN(C)C/C=C/CCOc1cccc(c1)-c1ccnc(n1)N2,[15*]Cc1cc(Nc2nccc(-c3cccc(O[21*])c3)n2)ccc1OCCN(CC)CC,[14*]N(C)C/C=C/CC[22*],18,7,29,0,14,21,14;22,largest_ring_two_bond_fragmentation
FRAG_50c43938d6,JAK2_f140dc790a,CCN(CC)CCOc1ccc2cc1CN(C)C/C=C/CCOc1cccc(c1)-c1ccnc(n1)N2,[15*]Cc1cc(Nc2nccc(-c3cccc([22*])c3)n2)ccc1OCCN(CC)CC,[14*]N(C)C/C=C/CCO[23*],18,8,28,0,14,22,14;23,largest_ring_two_bond_fragmentation
FRAG_c4dfa3d99b,JAK2_f140dc790a,CCN(CC)CCOc1ccc2cc1CN(C)C/C=C/CCOc1cccc(c1)-c1ccnc(n1)N2,[17*]N(C)Cc1cc(Nc2nccc(-c3cccc(OCC[19*])c3)n2)ccc1OCCN(CC)CC,[15*]C/C=C/[20*],18,3,33,0,16,19,15;20,largest_ring_two_bond_fragmentation
FRAG_a920583251,JAK2_f140dc790a,CCN(CC)CCOc1ccc2cc1CN(C)C/C=C/CCOc1cccc(c1)-c1ccnc(n1)N2,[17*]N(C)Cc1cc(Nc2nccc(-c3cccc(OC[20*])c3)n2)ccc1OCCN(CC)CC,[15*]C/C=C/C[21*],18,4,32,0,16,20,15;21,largest_ring_two_bond_fragmentation
FRAG_d2dc3aba25,JAK2_f140dc790a,CCN(CC)CCOc1ccc2cc1CN(C)C/C=C/CCOc1cccc(c1)-c1ccnc(n1)N2,[17*]N(C)Cc1cc(Nc2nccc(-c3cccc(O[21*])c3)n2)ccc1OCCN(CC)CC,[15*]C/C=C/CC[22*],18,5,31,0,16,21,15;22,largest_ring_two_bond_fragmentation
FRAG_73650d084f,JAK2_f140dc790a,CCN(CC)CCOc1ccc2cc1CN(C)C/C=C/CCOc1cccc(c1)-c1ccnc(n1)N2,[17*]N(C)Cc1cc(Nc2nccc(-c3cccc([22*])c3)n2)ccc1OCCN(CC)CC,[15*]C/C=C/CCO[23*],18,6,30,0,16,22,15;23,largest_ring_two_bond_fragmentation
FRAG_ed7b185527,JAK2_f140dc790a,CCN(CC)CCOc1ccc2cc1CN(C)C/C=C/CCOc1cccc(c1)-c1ccnc(n1)N2,[17*]N(C)Cc1cc(Nc2nccc([27*])n2)ccc1OCCN(CC)CC,[15*]C/C=C/CCOc1cccc([29*])c1,18,12,24,6,16,28,15;29,largest_ring_two_bond_fragmentation
FRAG_ff09eca375,JAK2_f140dc790a,CCN(CC)CCOc1ccc2cc1CN(C)C/C=C/CCOc1cccc(c1)-c1ccnc(n1)N2,[18*]CN(C)Cc1cc(Nc2nccc(-c3cccc(OC[20*])c3)n2)ccc1OCCN(CC)CC,[17*]/C=C/C[21*],18,3,33,0,17,20,17;21,largest_ring_two_bond_fragmentation
FRAG_fc4975cf21,JAK2_f140dc790a,CCN(CC)CCOc1ccc2cc1CN(C)C/C=C/CCOc1cccc(c1)-c1ccnc(n1)N2,[18*]CN(C)Cc1cc(Nc2nccc(-c3cccc(O[21*])c3)n2)ccc1OCCN(CC)CC,[17*]/C=C/CC[22*],18,4,32,0,17,21,17;22,largest_ring_two_bond_fragmentation
FRAG_865f0c94ae,JAK2_f140dc790a,CCN(CC)CCOc1ccc2cc1CN(C)C/C=C/CCOc1cccc(c1)-c1ccnc(n1)N2,[18*]CN(C)Cc1cc(Nc2nccc(-c3cccc([22*])c3)n2)ccc1OCCN(CC)CC,[17*]/C=C/CCO[23*],18,5,31,0,17,22,17;23,largest_ring_two_bond_fragmentation
FRAG_2842f5d91c,JAK2_f140dc790a,CCN(CC)CCOc1ccc2cc1CN(C)C/C=C/CCOc1cccc(c1)-c1ccnc(n1)N2,[18*]CN(C)Cc1cc(Nc2nccc([27*])n2)ccc1OCCN(CC)CC,[17*]/C=C/CCOc1cccc([29*])c1,18,11,25,6,17,28,17;29,largest_ring_two_bond_fragmentation
FRAG_dd26bc87ac,JAK2_f140dc790a,CCN(CC)CCOc1ccc2cc1CN(C)C/C=C/CCOc1cccc(c1)-c1ccnc(n1)N2,[20*]/C=C/CN(C)Cc1cc(Nc2nccc(-c3cccc([22*])c3)n2)ccc1OCCN(CC)CC,[19*]CCO[23*],18,3,33,0,19,22,19;23,largest_ring_two_bond_fragmentation
FRAG_33fcf62db5,JAK2_f140dc790a,CCN(CC)CCOc1ccc2cc1CN(C)C/C=C/CCOc1cccc(c1)-c1ccnc(n1)N2,[20*]/C=C/CN(C)Cc1cc(Nc2nccc([27*])n2)ccc1OCCN(CC)CC,[19*]CCOc1cccc([29*])c1,18,9,27,6,19,28,19;29,largest_ring_two_bond_fragmentation
FRAG_0ca376eb72,JAK2_f140dc790a,CCN(CC)CCOc1ccc2cc1CN(C)C/C=C/CCOc1cccc(c1)-c1ccnc(n1)N2,[21*]C/C=C/CN(C)Cc1cc(Nc2nccc([27*])n2)ccc1OCCN(CC)CC,[20*]COc1cccc([29*])c1,18,8,28,6,20,28,20;29,largest_ring_two_bond_fragmentation
FRAG_5a1cef2cb2,JAK2_f140dc790a,CCN(CC)CCOc1ccc2cc1CN(C)C/C=C/CCOc1cccc(c1)-c1ccnc(n1)N2,[22*]CC/C=C/CN(C)Cc1cc(Nc2nccc([27*])n2)ccc1OCCN(CC)CC,[21*]Oc1cccc([29*])c1,18,7,29,6,21,28,21;29,largest_ring_two_bond_fragmentation
FRAG_6c7b1783c0,JAK2_f140dc790a,CCN(CC)CCOc1ccc2cc1CN(C)C/C=C/CCOc1cccc(c1)-c1ccnc(n1)N2,[23*]OCC/C=C/CN(C)Cc1cc(Nc2nccc([27*])n2)ccc1OCCN(CC)CC,[22*]c1cccc([29*])c1,18,6,30,6,22,28,22;29,largest_ring_two_bond_fragmentation
FRAG_891a0438bb,JAK2_f140dc790a,CCN(CC)CCOc1ccc2cc1CN(C)C/C=C/CCOc1cccc(c1)-c1ccnc(n1)N2,[23*]OCC/C=C/CN(C)Cc1cc(N[33*])ccc1OCCN(CC)CC,[22*]c1cccc(-c2ccnc([35*])n2)c1,18,12,24,6,22,34,22;35,largest_ring_two_bond_fragmentation
FRAG_8849c9b40a,JAK2_f140dc790a,CCN(CC)CCOc1ccc2cc1CN(C)C/C=C/CCOc1cccc(c1)-c1ccnc(n1)N2,[29*]c1cccc(OCC/C=C/CN(C)Cc2cc(N[33*])ccc2OCCN(CC)CC)c1,[27*]c1ccnc([35*])n1,18,6,30,6,28,34,27;35,largest_ring_two_bond_fragmentation
FRAG_b8f324fad7,JAK2_f140dc790a,CCN(CC)CCOc1ccc2cc1CN(C)C/C=C/CCOc1cccc(c1)-c1ccnc(n1)N2,[29*]c1cccc(OCC/C=C/CN(C)Cc2cc([35*])ccc2OCCN(CC)CC)c1,[11*]Nc1nccc([27*])n1,18,7,29,6,28,38,11;27,largest_ring_two_bond_fragmentation
FRAG_0ad5b17c7a,JAK2_be75e8f15e,CN1C/C=C/COCC2CCCN(C2)c2ccnc(n2)Nc2cccc(c2)C1,[2*]N(C)Cc1cccc(Nc2nccc(N3CCCC(COC[4*])C3)n2)c1,[1*]C/C=C/[5*],18,3,25,0,1,4,1;5,largest_ring_two_bond_fragmentation
FRAG_9965dc6706,JAK2_be75e8f15e,CN1C/C=C/COCC2CCCN(C2)c2ccnc(n2)Nc2cccc(c2)C1,[2*]N(C)Cc1cccc(Nc2nccc(N3CCCC(CO[5*])C3)n2)c1,[1*]C/C=C/C[6*],18,4,24,0,1,5,1;6,largest_ring_two_bond_fragmentation
FRAG_cdbb19969c,JAK2_be75e8f15e,CN1C/C=C/COCC2CCCN(C2)c2ccnc(n2)Nc2cccc(c2)C1,[2*]N(C)Cc1cccc(Nc2nccc(N3CCCC(C[6*])C3)n2)c1,[1*]C/C=C/CO[7*],18,5,23,0,1,6,1;7,largest_ring_two_bond_fragmentation
FRAG_9dc19efd91,JAK2_be75e8f15e,CN1C/C=C/COCC2CCCN(C2)c2ccnc(n2)Nc2cccc(c2)C1,[2*]N(C)Cc1cccc(Nc2nccc(N3CCCC([7*])C3)n2)c1,[1*]C/C=C/COC[8*],18,6,22,0,1,7,1;8,largest_ring_two_bond_fragmentation
FRAG_de852bbb16,JAK2_be75e8f15e,CN1C/C=C/COCC2CCCN(C2)c2ccnc(n2)Nc2cccc(c2)C1,[2*]N(C)Cc1cccc(Nc2nccc([12*])n2)c1,[1*]C/C=C/COCC1CCCN([14*])C1,18,12,16,6,1,13,1;14,largest_ring_two_bond_fragmentation
FRAG_a204a3dbe2,JAK2_be75e8f15e,CN1C/C=C/COCC2CCCN(C2)c2ccnc(n2)Nc2cccc(c2)C1,[1*]C/C=C/COCC1CCCN(c2ccnc([20*])n2)C1,[2*]N(C)Cc1cccc(N[18*])c1,18,10,18,6,1,19,2;18,largest_ring_two_bond_fragmentation
FRAG_2772f101a4,JAK2_be75e8f15e,CN1C/C=C/COCC2CCCN(C2)c2ccnc(n2)Nc2cccc(c2)C1,[1*]C/C=C/COCC1CCCN(c2ccnc(N[21*])n2)C1,[2*]N(C)Cc1cccc([20*])c1,18,9,19,6,1,20,2;20,largest_ring_two_bond_fragmentation
FRAG_a9122ca98e,JAK2_be75e8f15e,CN1C/C=C/COCC2CCCN(C2)c2ccnc(n2)Nc2cccc(c2)C1,[1*]C/C=C/COCC1CCCN(c2ccnc(Nc3cccc([27*])c3)n2)C1,[2*]N(C)C[25*],18,3,25,0,1,26,2;25,largest_ring_two_bond_fragmentation
FRAG_0ff0b1eb94,JAK2_be75e8f15e,CN1C/C=C/COCC2CCCN(C2)c2ccnc(n2)Nc2cccc(c2)C1,[3*]CN(C)Cc1cccc(Nc2nccc(N3CCCC(CO[5*])C3)n2)c1,[2*]/C=C/C[6*],18,3,25,0,2,5,2;6,largest_ring_two_bond_fragmentation
FRAG_dadf0bdbcb,JAK2_be75e8f15e,CN1C/C=C/COCC2CCCN(C2)c2ccnc(n2)Nc2cccc(c2)C1,[3*]CN(C)Cc1cccc(Nc2nccc(N3CCCC(C[6*])C3)n2)c1,[2*]/C=C/CO[7*],18,4,24,0,2,6,2;7,largest_ring_two_bond_fragmentation
FRAG_491218e3a3,JAK2_be75e8f15e,CN1C/C=C/COCC2CCCN(C2)c2ccnc(n2)Nc2cccc(c2)C1,[3*]CN(C)Cc1cccc(Nc2nccc(N3CCCC([7*])C3)n2)c1,[2*]/C=C/COC[8*],18,5,23,0,2,7,2;8,largest_ring_two_bond_fragmentation
FRAG_3ff418080d,JAK2_be75e8f15e,CN1C/C=C/COCC2CCCN(C2)c2ccnc(n2)Nc2cccc(c2)C1,[3*]CN(C)Cc1cccc(Nc2nccc([12*])n2)c1,[2*]/C=C/COCC1CCCN([14*])C1,18,11,17,6,2,13,2;14,largest_ring_two_bond_fragmentation
FRAG_14e9412eed,JAK2_be75e8f15e,CN1C/C=C/COCC2CCCN(C2)c2ccnc(n2)Nc2cccc(c2)C1,[2*]/C=C/COCC1CCCN(c2ccnc([20*])n2)C1,[3*]CN(C)Cc1cccc(N[18*])c1,18,11,17,6,2,19,3;18,largest_ring_two_bond_fragmentation
FRAG_98e8142b9b,JAK2_be75e8f15e,CN1C/C=C/COCC2CCCN(C2)c2ccnc(n2)Nc2cccc(c2)C1,[2*]/C=C/COCC1CCCN(c2ccnc(N[21*])n2)C1,[3*]CN(C)Cc1cccc([20*])c1,18,10,18,6,2,20,3;20,largest_ring_two_bond_fragmentation
FRAG_aa63004626,JAK2_be75e8f15e,CN1C/C=C/COCC2CCCN(C2)c2ccnc(n2)Nc2cccc(c2)C1,[2*]/C=C/COCC1CCCN(c2ccnc(Nc3cccc([27*])c3)n2)C1,[3*]CN(C)C[25*],18,4,24,0,2,26,3;25,largest_ring_two_bond_fragmentation
FRAG_98fe57b2ce,JAK2_be75e8f15e,CN1C/C=C/COCC2CCCN(C2)c2ccnc(n2)Nc2cccc(c2)C1,[1*]Cc1cccc(Nc2nccc(N3CCCC(COC/C=C/[2*])C3)n2)c1,[3*]CN([27*])C,18,3,25,0,2,27,3;27,largest_ring_two_bond_fragmentation
FRAG_e6e4d1b1b4,JAK2_be75e8f15e,CN1C/C=C/COCC2CCCN(C2)c2ccnc(n2)Nc2cccc(c2)C1,[5*]/C=C/CN(C)Cc1cccc(Nc2nccc(N3CCCC([7*])C3)n2)c1,[4*]COC[8*],18,3,25,0,4,7,4;8,largest_ring_two_bond_fragmentation
FRAG_f0cad24b8a,JAK2_be75e8f15e,CN1C/C=C/COCC2CCCN(C2)c2ccnc(n2)Nc2cccc(c2)C1,[5*]/C=C/CN(C)Cc1cccc(Nc2nccc([12*])n2)c1,[4*]COCC1CCCN([14*])C1,18,9,19,6,4,13,4;14,largest_ring_two_bond_fragmentation
FRAG_0f1c30782f,JAK2_be75e8f15e,CN1C/C=C/COCC2CCCN(C2)c2ccnc(n2)Nc2cccc(c2)C1,[4*]COCC1CCCN(c2ccnc(N[21*])n2)C1,[5*]/C=C/CN(C)Cc1cccc([20*])c1,18,12,16,6,4,20,5;20,largest_ring_two_bond_fragmentation
FRAG_809f3c73e1,JAK2_be75e8f15e,CN1C/C=C/COCC2CCCN(C2)c2ccnc(n2)Nc2cccc(c2)C1,[4*]COCC1CCCN(c2ccnc(Nc3cccc([27*])c3)n2)C1,[5*]/C=C/CN(C)C[25*],18,6,22,0,4,26,5;25,largest_ring_two_bond_fragmentation
FRAG_e7792cfebb,JAK2_be75e8f15e,CN1C/C=C/COCC2CCCN(C2)c2ccnc(n2)Nc2cccc(c2)C1,[1*]Cc1cccc(Nc2nccc(N3CCCC(COC[4*])C3)n2)c1,[5*]/C=C/CN([27*])C,18,5,23,0,4,27,5;27,largest_ring_two_bond_fragmentation
FRAG_c823b96542,JAK2_be75e8f15e,CN1C/C=C/COCC2CCCN(C2)c2ccnc(n2)Nc2cccc(c2)C1,[6*]C/C=C/CN(C)Cc1cccc(Nc2nccc([12*])n2)c1,[5*]OCC1CCCN([14*])C1,18,8,20,6,5,13,5;14,largest_ring_two_bond_fragmentation
FRAG_a5dde3ddcb,JAK2_be75e8f15e,CN1C/C=C/COCC2CCCN(C2)c2ccnc(n2)Nc2cccc(c2)C1,[5*]OCC1CCCN(c2ccnc(Nc3cccc([27*])c3)n2)C1,[6*]C/C=C/CN(C)C[25*],18,7,21,0,5,26,6;25,largest_ring_two_bond_fragmentation
FRAG_7a638155a2,JAK2_be75e8f15e,CN1C/C=C/COCC2CCCN(C2)c2ccnc(n2)Nc2cccc(c2)C1,[1*]Cc1cccc(Nc2nccc(N3CCCC(CO[5*])C3)n2)c1,[6*]C/C=C/CN([27*])C,18,6,22,0,5,27,6;27,largest_ring_two_bond_fragmentation
FRAG_f917f27bfa,JAK2_be75e8f15e,CN1C/C=C/COCC2CCCN(C2)c2ccnc(n2)Nc2cccc(c2)C1,[7*]OC/C=C/CN(C)Cc1cccc(Nc2nccc([12*])n2)c1,[6*]CC1CCCN([14*])C1,18,7,21,6,6,13,6;14,largest_ring_two_bond_fragmentation
FRAG_3ae84c6fdd,JAK2_be75e8f15e,CN1C/C=C/COCC2CCCN(C2)c2ccnc(n2)Nc2cccc(c2)C1,[6*]CC1CCCN(c2ccnc(Nc3cccc([27*])c3)n2)C1,[7*]OC/C=C/CN(C)C[25*],18,8,20,0,6,26,7;25,largest_ring_two_bond_fragmentation
FRAG_513cc25afe,JAK2_be75e8f15e,CN1C/C=C/COCC2CCCN(C2)c2ccnc(n2)Nc2cccc(c2)C1,[1*]Cc1cccc(Nc2nccc(N3CCCC(C[6*])C3)n2)c1,[7*]OC/C=C/CN([27*])C,18,7,21,0,6,27,7;27,largest_ring_two_bond_fragmentation
FRAG_1a0f98112a,JAK2_be75e8f15e,CN1C/C=C/COCC2CCCN(C2)c2ccnc(n2)Nc2cccc(c2)C1,[8*]COC/C=C/CN(C)Cc1cccc(Nc2nccc([12*])n2)c1,[7*]C1CCCN([14*])C1,18,6,22,6,7,13,7;14,largest_ring_two_bond_fragmentation
FRAG_3476323c95,JAK2_be75e8f15e,CN1C/C=C/COCC2CCCN(C2)c2ccnc(n2)Nc2cccc(c2)C1,[8*]COC/C=C/CN(C)Cc1cccc(N[18*])c1,[7*]C1CCCN(c2ccnc([20*])n2)C1,18,12,16,6,7,19,7;20,largest_ring_two_bond_fragmentation
FRAG_8b90b9f207,JAK2_be75e8f15e,CN1C/C=C/COCC2CCCN(C2)c2ccnc(n2)Nc2cccc(c2)C1,[7*]C1CCCN(c2ccnc(Nc3cccc([27*])c3)n2)C1,[8*]COC/C=C/CN(C)C[25*],18,9,19,0,7,26,8;25,largest_ring_two_bond_fragmentation
FRAG_1e349dbada,JAK2_be75e8f15e,CN1C/C=C/COCC2CCCN(C2)c2ccnc(n2)Nc2cccc(c2)C1,[1*]Cc1cccc(Nc2nccc(N3CCCC([7*])C3)n2)c1,[8*]COC/C=C/CN([27*])C,18,8,20,0,7,27,8;27,largest_ring_two_bond_fragmentation
FRAG_02b406fd9d,JAK2_be75e8f15e,CN1C/C=C/COCC2CCCN(C2)c2ccnc(n2)Nc2cccc(c2)C1,[14*]N1CCCC(COC/C=C/CN(C)Cc2cccc(N[18*])c2)C1,[12*]c1ccnc([20*])n1,18,6,22,6,13,19,12;20,largest_ring_two_bond_fragmentation
FRAG_624c1ff338,JAK2_be75e8f15e,CN1C/C=C/COCC2CCCN(C2)c2ccnc(n2)Nc2cccc(c2)C1,[14*]N1CCCC(COC/C=C/CN(C)Cc2cccc([20*])c2)C1,[12*]c1ccnc(N[21*])n1,18,7,21,6,13,20,12;21,largest_ring_two_bond_fragmentation
FRAG_c6b3717cc8,JAK2_be75e8f15e,CN1C/C=C/COCC2CCCN(C2)c2ccnc(n2)Nc2cccc(c2)C1,[20*]c1nccc(N2CCCC(COC/C=C/CN(C)C[25*])C2)n1,[18*]Nc1cccc([27*])c1,18,7,21,6,19,26,18;27,largest_ring_two_bond_fragmentation
FRAG_b4c78ade08,JAK2_be75e8f15e,CN1C/C=C/COCC2CCCN(C2)c2ccnc(n2)Nc2cccc(c2)C1,[20*]c1nccc(N2CCCC(COC/C=C/CN([27*])C)C2)n1,[1*]Cc1cccc(N[18*])c1,18,8,20,6,19,27,1;18,largest_ring_two_bond_fragmentation
FRAG_c8b2da7ac5,JAK2_be75e8f15e,CN1C/C=C/COCC2CCCN(C2)c2ccnc(n2)Nc2cccc(c2)C1,[21*]Nc1nccc(N2CCCC(COC/C=C/CN(C)C[25*])C2)n1,[20*]c1cccc([27*])c1,18,6,22,6,20,26,20;27,largest_ring_two_bond_fragmentation
FRAG_640fcb278e,JAK2_be75e8f15e,CN1C/C=C/COCC2CCCN(C2)c2ccnc(n2)Nc2cccc(c2)C1,[21*]Nc1nccc(N2CCCC(COC/C=C/CN([27*])C)C2)n1,[1*]Cc1cccc([20*])c1,18,7,21,6,20,27,1;20,largest_ring_two_bond_fragmentation
FRAG_77dfc3377f,JAK2_bdbc5fb8c3,CN1C/C=C/COCc2cncc(c2)-c2ccnc(n2)Nc2cccc(c2)C1,[2*]N(C)Cc1cccc(Nc2nccc(-c3cncc(COC[4*])c3)n2)c1,[1*]C/C=C/[5*],18,3,25,0,1,4,1;5,largest_ring_two_bond_fragmentation
FRAG_678dbe5516,JAK2_bdbc5fb8c3,CN1C/C=C/COCc2cncc(c2)-c2ccnc(n2)Nc2cccc(c2)C1,[2*]N(C)Cc1cccc(Nc2nccc(-c3cncc(CO[5*])c3)n2)c1,[1*]C/C=C/C[6*],18,4,24,0,1,5,1;6,largest_ring_two_bond_fragmentation
FRAG_912eea5983,JAK2_bdbc5fb8c3,CN1C/C=C/COCc2cncc(c2)-c2ccnc(n2)Nc2cccc(c2)C1,[2*]N(C)Cc1cccc(Nc2nccc(-c3cncc(C[6*])c3)n2)c1,[1*]C/C=C/CO[7*],18,5,23,0,1,6,1;7,largest_ring_two_bond_fragmentation
FRAG_e2bd54a298,JAK2_bdbc5fb8c3,CN1C/C=C/COCc2cncc(c2)-c2ccnc(n2)Nc2cccc(c2)C1,[2*]N(C)Cc1cccc(Nc2nccc(-c3cncc([7*])c3)n2)c1,[1*]C/C=C/COC[8*],18,6,22,0,1,7,1;8,largest_ring_two_bond_fragmentation
FRAG_bcdbae8faa,JAK2_bdbc5fb8c3,CN1C/C=C/COCc2cncc(c2)-c2ccnc(n2)Nc2cccc(c2)C1,[2*]N(C)Cc1cccc(Nc2nccc([12*])n2)c1,[1*]C/C=C/COCc1cncc([14*])c1,18,12,16,6,1,13,1;14,largest_ring_two_bond_fragmentation
FRAG_7879ff181e,JAK2_bdbc5fb8c3,CN1C/C=C/COCc2cncc(c2)-c2ccnc(n2)Nc2cccc(c2)C1,[1*]C/C=C/COCc1cncc(-c2ccnc([20*])n2)c1,[2*]N(C)Cc1cccc(N[18*])c1,18,10,18,6,1,19,2;18,largest_ring_two_bond_fragmentation
FRAG_35f1a3626a,JAK2_bdbc5fb8c3,CN1C/C=C/COCc2cncc(c2)-c2ccnc(n2)Nc2cccc(c2)C1,[1*]C/C=C/COCc1cncc(-c2ccnc(N[21*])n2)c1,[2*]N(C)Cc1cccc([20*])c1,18,9,19,6,1,20,2;20,largest_ring_two_bond_fragmentation
FRAG_67a26587ad,JAK2_bdbc5fb8c3,CN1C/C=C/COCc2cncc(c2)-c2ccnc(n2)Nc2cccc(c2)C1,[1*]C/C=C/COCc1cncc(-c2ccnc(Nc3cccc([27*])c3)n2)c1,[2*]N(C)C[25*],18,3,25,0,1,26,2;25,largest_ring_two_bond_fragmentation
FRAG_d3214b2f70,JAK2_bdbc5fb8c3,CN1C/C=C/COCc2cncc(c2)-c2ccnc(n2)Nc2cccc(c2)C1,[3*]CN(C)Cc1cccc(Nc2nccc(-c3cncc(CO[5*])c3)n2)c1,[2*]/C=C/C[6*],18,3,25,0,2,5,2;6,largest_ring_two_bond_fragmentation
FRAG_31adb9f8cf,JAK2_bdbc5fb8c3,CN1C/C=C/COCc2cncc(c2)-c2ccnc(n2)Nc2cccc(c2)C1,[3*]CN(C)Cc1cccc(Nc2nccc(-c3cncc(C[6*])c3)n2)c1,[2*]/C=C/CO[7*],18,4,24,0,2,6,2;7,largest_ring_two_bond_fragmentation
FRAG_146297d3f7,JAK2_bdbc5fb8c3,CN1C/C=C/COCc2cncc(c2)-c2ccnc(n2)Nc2cccc(c2)C1,[3*]CN(C)Cc1cccc(Nc2nccc(-c3cncc([7*])c3)n2)c1,[2*]/C=C/COC[8*],18,5,23,0,2,7,2;8,largest_ring_two_bond_fragmentation
FRAG_50f9c7185f,JAK2_bdbc5fb8c3,CN1C/C=C/COCc2cncc(c2)-c2ccnc(n2)Nc2cccc(c2)C1,[3*]CN(C)Cc1cccc(Nc2nccc([12*])n2)c1,[2*]/C=C/COCc1cncc([14*])c1,18,11,17,6,2,13,2;14,largest_ring_two_bond_fragmentation
FRAG_703040998a,JAK2_bdbc5fb8c3,CN1C/C=C/COCc2cncc(c2)-c2ccnc(n2)Nc2cccc(c2)C1,[2*]/C=C/COCc1cncc(-c2ccnc([20*])n2)c1,[3*]CN(C)Cc1cccc(N[18*])c1,18,11,17,6,2,19,3;18,largest_ring_two_bond_fragmentation
FRAG_bfcdaf95a1,JAK2_bdbc5fb8c3,CN1C/C=C/COCc2cncc(c2)-c2ccnc(n2)Nc2cccc(c2)C1,[2*]/C=C/COCc1cncc(-c2ccnc(N[21*])n2)c1,[3*]CN(C)Cc1cccc([20*])c1,18,10,18,6,2,20,3;20,largest_ring_two_bond_fragmentation
FRAG_9b4c9667a4,JAK2_bdbc5fb8c3,CN1C/C=C/COCc2cncc(c2)-c2ccnc(n2)Nc2cccc(c2)C1,[2*]/C=C/COCc1cncc(-c2ccnc(Nc3cccc([27*])c3)n2)c1,[3*]CN(C)C[25*],18,4,24,0,2,26,3;25,largest_ring_two_bond_fragmentation
FRAG_15a061859e,JAK2_bdbc5fb8c3,CN1C/C=C/COCc2cncc(c2)-c2ccnc(n2)Nc2cccc(c2)C1,[1*]Cc1cccc(Nc2nccc(-c3cncc(COC/C=C/[2*])c3)n2)c1,[3*]CN([27*])C,18,3,25,0,2,27,3;27,largest_ring_two_bond_fragmentation
FRAG_cee1d186fd,JAK2_bdbc5fb8c3,CN1C/C=C/COCc2cncc(c2)-c2ccnc(n2)Nc2cccc(c2)C1,[5*]/C=C/CN(C)Cc1cccc(Nc2nccc(-c3cncc([7*])c3)n2)c1,[4*]COC[8*],18,3,25,0,4,7,4;8,largest_ring_two_bond_fragmentation
FRAG_115a5aa152,JAK2_bdbc5fb8c3,CN1C/C=C/COCc2cncc(c2)-c2ccnc(n2)Nc2cccc(c2)C1,[5*]/C=C/CN(C)Cc1cccc(Nc2nccc([12*])n2)c1,[4*]COCc1cncc([14*])c1,18,9,19,6,4,13,4;14,largest_ring_two_bond_fragmentation
FRAG_a3c031e83b,JAK2_bdbc5fb8c3,CN1C/C=C/COCc2cncc(c2)-c2ccnc(n2)Nc2cccc(c2)C1,[4*]COCc1cncc(-c2ccnc(N[21*])n2)c1,[5*]/C=C/CN(C)Cc1cccc([20*])c1,18,12,16,6,4,20,5;20,largest_ring_two_bond_fragmentation
FRAG_28c72ccd49,JAK2_bdbc5fb8c3,CN1C/C=C/COCc2cncc(c2)-c2ccnc(n2)Nc2cccc(c2)C1,[4*]COCc1cncc(-c2ccnc(Nc3cccc([27*])c3)n2)c1,[5*]/C=C/CN(C)C[25*],18,6,22,0,4,26,5;25,largest_ring_two_bond_fragmentation
FRAG_fa34c30c80,JAK2_bdbc5fb8c3,CN1C/C=C/COCc2cncc(c2)-c2ccnc(n2)Nc2cccc(c2)C1,[1*]Cc1cccc(Nc2nccc(-c3cncc(COC[4*])c3)n2)c1,[5*]/C=C/CN([27*])C,18,5,23,0,4,27,5;27,largest_ring_two_bond_fragmentation
FRAG_1c52171297,JAK2_bdbc5fb8c3,CN1C/C=C/COCc2cncc(c2)-c2ccnc(n2)Nc2cccc(c2)C1,[6*]C/C=C/CN(C)Cc1cccc(Nc2nccc([12*])n2)c1,[5*]OCc1cncc([14*])c1,18,8,20,6,5,13,5;14,largest_ring_two_bond_fragmentation
FRAG_a1e5478012,JAK2_bdbc5fb8c3,CN1C/C=C/COCc2cncc(c2)-c2ccnc(n2)Nc2cccc(c2)C1,[5*]OCc1cncc(-c2ccnc(Nc3cccc([27*])c3)n2)c1,[6*]C/C=C/CN(C)C[25*],18,7,21,0,5,26,6;25,largest_ring_two_bond_fragmentation
FRAG_cd21fd349a,JAK2_bdbc5fb8c3,CN1C/C=C/COCc2cncc(c2)-c2ccnc(n2)Nc2cccc(c2)C1,[1*]Cc1cccc(Nc2nccc(-c3cncc(CO[5*])c3)n2)c1,[6*]C/C=C/CN([27*])C,18,6,22,0,5,27,6;27,largest_ring_two_bond_fragmentation
FRAG_7e6c0989e1,JAK2_bdbc5fb8c3,CN1C/C=C/COCc2cncc(c2)-c2ccnc(n2)Nc2cccc(c2)C1,[7*]OC/C=C/CN(C)Cc1cccc(Nc2nccc([12*])n2)c1,[6*]Cc1cncc([14*])c1,18,7,21,6,6,13,6;14,largest_ring_two_bond_fragmentation
FRAG_b309117ebb,JAK2_bdbc5fb8c3,CN1C/C=C/COCc2cncc(c2)-c2ccnc(n2)Nc2cccc(c2)C1,[6*]Cc1cncc(-c2ccnc(Nc3cccc([27*])c3)n2)c1,[7*]OC/C=C/CN(C)C[25*],18,8,20,0,6,26,7;25,largest_ring_two_bond_fragmentation
FRAG_21d53b88f2,JAK2_bdbc5fb8c3,CN1C/C=C/COCc2cncc(c2)-c2ccnc(n2)Nc2cccc(c2)C1,[1*]Cc1cccc(Nc2nccc(-c3cncc(C[6*])c3)n2)c1,[7*]OC/C=C/CN([27*])C,18,7,21,0,6,27,7;27,largest_ring_two_bond_fragmentation
FRAG_401508cb51,JAK2_bdbc5fb8c3,CN1C/C=C/COCc2cncc(c2)-c2ccnc(n2)Nc2cccc(c2)C1,[8*]COC/C=C/CN(C)Cc1cccc(Nc2nccc([12*])n2)c1,[7*]c1cncc([14*])c1,18,6,22,6,7,13,7;14,largest_ring_two_bond_fragmentation
FRAG_a10c62aca0,JAK2_bdbc5fb8c3,CN1C/C=C/COCc2cncc(c2)-c2ccnc(n2)Nc2cccc(c2)C1,[8*]COC/C=C/CN(C)Cc1cccc(N[18*])c1,[7*]c1cncc(-c2ccnc([20*])n2)c1,18,12,16,6,7,19,7;20,largest_ring_two_bond_fragmentation
FRAG_3f7e9612ab,JAK2_bdbc5fb8c3,CN1C/C=C/COCc2cncc(c2)-c2ccnc(n2)Nc2cccc(c2)C1,[7*]c1cncc(-c2ccnc(Nc3cccc([27*])c3)n2)c1,[8*]COC/C=C/CN(C)C[25*],18,9,19,0,7,26,8;25,largest_ring_two_bond_fragmentation
FRAG_db8a0d68c6,JAK2_bdbc5fb8c3,CN1C/C=C/COCc2cncc(c2)-c2ccnc(n2)Nc2cccc(c2)C1,[1*]Cc1cccc(Nc2nccc(-c3cncc([7*])c3)n2)c1,[8*]COC/C=C/CN([27*])C,18,8,20,0,7,27,8;27,largest_ring_two_bond_fragmentation
FRAG_208ce0bf6f,JAK2_bdbc5fb8c3,CN1C/C=C/COCc2cncc(c2)-c2ccnc(n2)Nc2cccc(c2)C1,[14*]c1cncc(COC/C=C/CN(C)Cc2cccc(N[18*])c2)c1,[12*]c1ccnc([20*])n1,18,6,22,6,13,19,12;20,largest_ring_two_bond_fragmentation
FRAG_89234b5bef,JAK2_bdbc5fb8c3,CN1C/C=C/COCc2cncc(c2)-c2ccnc(n2)Nc2cccc(c2)C1,[14*]c1cncc(COC/C=C/CN(C)Cc2cccc([20*])c2)c1,[12*]c1ccnc(N[21*])n1,18,7,21,6,13,20,12;21,largest_ring_two_bond_fragmentation
FRAG_87f014b306,JAK2_bdbc5fb8c3,CN1C/C=C/COCc2cncc(c2)-c2ccnc(n2)Nc2cccc(c2)C1,[20*]c1nccc(-c2cncc(COC/C=C/CN(C)C[25*])c2)n1,[18*]Nc1cccc([27*])c1,18,7,21,6,19,26,18;27,largest_ring_two_bond_fragmentation
FRAG_893dda0412,JAK2_bdbc5fb8c3,CN1C/C=C/COCc2cncc(c2)-c2ccnc(n2)Nc2cccc(c2)C1,[20*]c1nccc(-c2cncc(COC/C=C/CN([27*])C)c2)n1,[1*]Cc1cccc(N[18*])c1,18,8,20,6,19,27,1;18,largest_ring_two_bond_fragmentation
FRAG_a249e16c54,JAK2_bdbc5fb8c3,CN1C/C=C/COCc2cncc(c2)-c2ccnc(n2)Nc2cccc(c2)C1,[21*]Nc1nccc(-c2cncc(COC/C=C/CN(C)C[25*])c2)n1,[20*]c1cccc([27*])c1,18,6,22,6,20,26,20;27,largest_ring_two_bond_fragmentation
FRAG_f10763f8f6,JAK2_bdbc5fb8c3,CN1C/C=C/COCc2cncc(c2)-c2ccnc(n2)Nc2cccc(c2)C1,[21*]Nc1nccc(-c2cncc(COC/C=C/CN([27*])C)c2)n1,[1*]Cc1cccc([20*])c1,18,7,21,6,20,27,1;20,largest_ring_two_bond_fragmentation
FRAG_ba655d4345,JAK2_8c7a3c32e1,C1=CCOCc2cc(ccc2OCCN2CCCCC2)Nc2nccc(n2)-c2cccc(c2)COC1,[2*]C=CCOCc1cccc(-c2ccnc(Nc3ccc(OCCN4CCCCC4)c([4*])c3)n2)c1,[1*]COC[5*],18,3,33,0,1,4,1;5,largest_ring_two_bond_fragmentation
FRAG_1726a0566c,JAK2_8c7a3c32e1,C1=CCOCc2cc(ccc2OCCN2CCCCC2)Nc2nccc(n2)-c2cccc(c2)COC1,[1*]COCc1cc(Nc2nccc([27*])n2)ccc1OCCN1CCCCC1,[2*]C=CCOCc1cccc([25*])c1,18,11,25,6,1,26,2;25,largest_ring_two_bond_fragmentation
FRAG_a8b3a44652,JAK2_8c7a3c32e1,C1=CCOCc2cc(ccc2OCCN2CCCCC2)Nc2nccc(n2)-c2cccc(c2)COC1,[1*]COCc1cc(Nc2nccc(-c3cccc([33*])c3)n2)ccc1OCCN1CCCCC1,[2*]C=CCOC[31*],18,5,31,0,1,32,2;31,largest_ring_two_bond_fragmentation
FRAG_2c6ed26b8b,JAK2_8c7a3c32e1,C1=CCOCc2cc(ccc2OCCN2CCCCC2)Nc2nccc(n2)-c2cccc(c2)COC1,[1*]COCc1cc(Nc2nccc(-c3cccc(C[34*])c3)n2)ccc1OCCN1CCCCC1,[2*]C=CCO[33*],18,4,32,0,1,33,2;33,largest_ring_two_bond_fragmentation
FRAG_cb9939b245,JAK2_8c7a3c32e1,C1=CCOCc2cc(ccc2OCCN2CCCCC2)Nc2nccc(n2)-c2cccc(c2)COC1,[1*]COCc1cc(Nc2nccc(-c3cccc(CO[35*])c3)n2)ccc1OCCN1CCCCC1,[2*]C=CC[34*],18,3,33,0,1,34,2;34,largest_ring_two_bond_fragmentation
FRAG_e370c57531,JAK2_8c7a3c32e1,C1=CCOCc2cc(ccc2OCCN2CCCCC2)Nc2nccc(n2)-c2cccc(c2)COC1,[2*]OCc1cc(Nc2nccc([27*])n2)ccc1OCCN1CCCCC1,[3*]CC=CCOCc1cccc([25*])c1,18,12,24,6,2,26,3;25,largest_ring_two_bond_fragmentation
FRAG_7071538f42,JAK2_8c7a3c32e1,C1=CCOCc2cc(ccc2OCCN2CCCCC2)Nc2nccc(n2)-c2cccc(c2)COC1,[2*]OCc1cc(Nc2nccc(-c3cccc([33*])c3)n2)ccc1OCCN1CCCCC1,[3*]CC=CCOC[31*],18,6,30,0,2,32,3;31,largest_ring_two_bond_fragmentation
FRAG_059c4922f0,JAK2_8c7a3c32e1,C1=CCOCc2cc(ccc2OCCN2CCCCC2)Nc2nccc(n2)-c2cccc(c2)COC1,[2*]OCc1cc(Nc2nccc(-c3cccc(C[34*])c3)n2)ccc1OCCN1CCCCC1,[3*]CC=CCO[33*],18,5,31,0,2,33,3;33,largest_ring_two_bond_fragmentation
FRAG_e44d70bc62,JAK2_8c7a3c32e1,C1=CCOCc2cc(ccc2OCCN2CCCCC2)Nc2nccc(n2)-c2cccc(c2)COC1,[2*]OCc1cc(Nc2nccc(-c3cccc(CO[35*])c3)n2)ccc1OCCN1CCCCC1,[3*]CC=CC[34*],18,4,32,0,2,34,3;34,largest_ring_two_bond_fragmentation
FRAG_8536d313d0,JAK2_8c7a3c32e1,C1=CCOCc2cc(ccc2OCCN2CCCCC2)Nc2nccc(n2)-c2cccc(c2)COC1,*COCc1cccc(-c2ccnc(Nc3ccc(OCCN4CCCCC4)c(CO[2*])c3)n2)c1,[3*]CC=C[35*],18,3,33,0,2,35,3;35,largest_ring_two_bond_fragmentation
FRAG_e8bbaf5f8d,JAK2_8c7a3c32e1,C1=CCOCc2cc(ccc2OCCN2CCCCC2)Nc2nccc(n2)-c2cccc(c2)COC1,[3*]Cc1cc(Nc2nccc(-c3cccc([33*])c3)n2)ccc1OCCN1CCCCC1,[4*]OCC=CCOC[31*],18,7,29,0,3,32,4;31,largest_ring_two_bond_fragmentation
FRAG_4f04fa52fd,JAK2_8c7a3c32e1,C1=CCOCc2cc(ccc2OCCN2CCCCC2)Nc2nccc(n2)-c2cccc(c2)COC1,[3*]Cc1cc(Nc2nccc(-c3cccc(C[34*])c3)n2)ccc1OCCN1CCCCC1,[4*]OCC=CCO[33*],18,6,30,0,3,33,4;33,largest_ring_two_bond_fragmentation
FRAG_e54ed56774,JAK2_8c7a3c32e1,C1=CCOCc2cc(ccc2OCCN2CCCCC2)Nc2nccc(n2)-c2cccc(c2)COC1,[3*]Cc1cc(Nc2nccc(-c3cccc(CO[35*])c3)n2)ccc1OCCN1CCCCC1,[4*]OCC=CC[34*],18,5,31,0,3,34,4;34,largest_ring_two_bond_fragmentation
FRAG_27e70303ae,JAK2_8c7a3c32e1,C1=CCOCc2cc(ccc2OCCN2CCCCC2)Nc2nccc(n2)-c2cccc(c2)COC1,*COCc1cccc(-c2ccnc(Nc3ccc(OCCN4CCCCC4)c(C[3*])c3)n2)c1,[4*]OCC=C[35*],18,4,32,0,3,35,4;35,largest_ring_two_bond_fragmentation
FRAG_405d755a52,JAK2_8c7a3c32e1,C1=CCOCc2cc(ccc2OCCN2CCCCC2)Nc2nccc(n2)-c2cccc(c2)COC1,[4*]c1cc(Nc2nccc(-c3cccc([33*])c3)n2)ccc1OCCN1CCCCC1,[5*]COCC=CCOC[31*],18,8,28,0,4,32,5;31,largest_ring_two_bond_fragmentation
FRAG_827ed1a526,JAK2_8c7a3c32e1,C1=CCOCc2cc(ccc2OCCN2CCCCC2)Nc2nccc(n2)-c2cccc(c2)COC1,[4*]c1cc(Nc2nccc(-c3cccc(C[34*])c3)n2)ccc1OCCN1CCCCC1,[5*]COCC=CCO[33*],18,7,29,0,4,33,5;33,largest_ring_two_bond_fragmentation
FRAG_9552d07660,JAK2_8c7a3c32e1,C1=CCOCc2cc(ccc2OCCN2CCCCC2)Nc2nccc(n2)-c2cccc(c2)COC1,[4*]c1cc(Nc2nccc(-c3cccc(CO[35*])c3)n2)ccc1OCCN1CCCCC1,[5*]COCC=CC[34*],18,6,30,0,4,34,5;34,largest_ring_two_bond_fragmentation
FRAG_a1fcee9184,JAK2_8c7a3c32e1,C1=CCOCc2cc(ccc2OCCN2CCCCC2)Nc2nccc(n2)-c2cccc(c2)COC1,*COCc1cccc(-c2ccnc(Nc3ccc(OCCN4CCCCC4)c([4*])c3)n2)c1,[5*]COCC=C[35*],18,5,31,0,4,35,5;35,largest_ring_two_bond_fragmentation
FRAG_3eaea11147,JAK2_8c7a3c32e1,C1=CCOCc2cc(ccc2OCCN2CCCCC2)Nc2nccc(n2)-c2cccc(c2)COC1,[20*]c1ccc(OCCN2CCCCC2)c(COCC=CCOCc2cccc([25*])c2)c1,[7*]Nc1nccc([27*])n1,18,7,29,6,19,26,7;27,largest_ring_two_bond_fragmentation
FRAG_e5617a28a6,JAK2_8c7a3c32e1,C1=CCOCc2cc(ccc2OCCN2CCCCC2)Nc2nccc(n2)-c2cccc(c2)COC1,[21*]Nc1ccc(OCCN2CCCCC2)c(COCC=CCOCc2cccc([25*])c2)c1,[20*]c1nccc([27*])n1,18,6,30,6,20,26,20;27,largest_ring_two_bond_fragmentation
FRAG_24727f481b,JAK2_8c7a3c32e1,C1=CCOCc2cc(ccc2OCCN2CCCCC2)Nc2nccc(n2)-c2cccc(c2)COC1,[21*]Nc1ccc(OCCN2CCCCC2)c(COCC=CCOC[31*])c1,[20*]c1nccc(-c2cccc([33*])c2)n1,18,12,24,6,20,32,20;33,largest_ring_two_bond_fragmentation
FRAG_d2457a2999,JAK2_8c7a3c32e1,C1=CCOCc2cc(ccc2OCCN2CCCCC2)Nc2nccc(n2)-c2cccc(c2)COC1,[27*]c1ccnc(Nc2ccc(OCCN3CCCCC3)c(COCC=CCOC[31*])c2)n1,[25*]c1cccc([33*])c1,18,6,30,6,26,32,25;33,largest_ring_two_bond_fragmentation
FRAG_1d6dd384fc,JAK2_8c7a3c32e1,C1=CCOCc2cc(ccc2OCCN2CCCCC2)Nc2nccc(n2)-c2cccc(c2)COC1,[27*]c1ccnc(Nc2ccc(OCCN3CCCCC3)c(COCC=CCO[33*])c2)n1,[25*]c1cccc(C[34*])c1,18,7,29,6,26,33,25;34,largest_ring_two_bond_fragmentation
FRAG_299fe5a1d2,JAK2_8c7a3c32e1,C1=CCOCc2cc(ccc2OCCN2CCCCC2)Nc2nccc(n2)-c2cccc(c2)COC1,[27*]c1ccnc(Nc2ccc(OCCN3CCCCC3)c(COCC=CC[34*])c2)n1,[25*]c1cccc(CO[35*])c1,18,8,28,6,26,34,25;35,largest_ring_two_bond_fragmentation
FRAG_fb06876aa9,JAK2_8c7a3c32e1,C1=CCOCc2cc(ccc2OCCN2CCCCC2)Nc2nccc(n2)-c2cccc(c2)COC1,[27*]c1ccnc(Nc2ccc(OCCN3CCCCC3)c(COCC=C[35*])c2)n1,*COCc1cccc([25*])c1,18,9,27,6,26,35,0;25,largest_ring_two_bond_fragmentation
FRAG_e2ff82b3b8,JAK2_8c7a3c32e1,C1=CCOCc2cc(ccc2OCCN2CCCCC2)Nc2nccc(n2)-c2cccc(c2)COC1,[33*]c1cccc(-c2ccnc(Nc3ccc(OCCN4CCCCC4)c(COCC=C[35*])c3)n2)c1,*COC[31*],18,3,33,0,32,35,0;31,largest_ring_two_bond_fragmentation
FRAG_c24cfb8f2d,JAK2_14bf65c909,CC(C)NCC(=O)N1C/C=C/CCOc2cccc(c2)-c2ccnc(n2)Nc2cccc(c2)C1,[8*]N(Cc1cccc(Nc2nccc(-c3cccc(OCC[10*])c3)n2)c1)C(=O)CNC(C)C,[7*]C/C=C/[11*],18,3,31,0,7,10,7;11,largest_ring_two_bond_fragmentation
FRAG_025d61d1af,JAK2_14bf65c909,CC(C)NCC(=O)N1C/C=C/CCOc2cccc(c2)-c2ccnc(n2)Nc2cccc(c2)C1,[8*]N(Cc1cccc(Nc2nccc(-c3cccc(OC[11*])c3)n2)c1)C(=O)CNC(C)C,[7*]C/C=C/C[12*],18,4,30,0,7,11,7;12,largest_ring_two_bond_fragmentation
FRAG_1d699209ea,JAK2_14bf65c909,CC(C)NCC(=O)N1C/C=C/CCOc2cccc(c2)-c2ccnc(n2)Nc2cccc(c2)C1,[8*]N(Cc1cccc(Nc2nccc(-c3cccc(O[12*])c3)n2)c1)C(=O)CNC(C)C,[7*]C/C=C/CC[13*],18,5,29,0,7,12,7;13,largest_ring_two_bond_fragmentation
FRAG_7d65473105,JAK2_14bf65c909,CC(C)NCC(=O)N1C/C=C/CCOc2cccc(c2)-c2ccnc(n2)Nc2cccc(c2)C1,[8*]N(Cc1cccc(Nc2nccc(-c3cccc([13*])c3)n2)c1)C(=O)CNC(C)C,[7*]C/C=C/CCO[14*],18,6,28,0,7,13,7;14,largest_ring_two_bond_fragmentation
FRAG_c47995675b,JAK2_14bf65c909,CC(C)NCC(=O)N1C/C=C/CCOc2cccc(c2)-c2ccnc(n2)Nc2cccc(c2)C1,[8*]N(Cc1cccc(Nc2nccc([18*])n2)c1)C(=O)CNC(C)C,[7*]C/C=C/CCOc1cccc([20*])c1,18,12,22,6,7,19,7;20,largest_ring_two_bond_fragmentation
FRAG_67908f0733,JAK2_14bf65c909,CC(C)NCC(=O)N1C/C=C/CCOc2cccc(c2)-c2ccnc(n2)Nc2cccc(c2)C1,[7*]C/C=C/CCOc1cccc(-c2ccnc(Nc3cccc([33*])c3)n2)c1,[8*]N(C[31*])C(=O)CNC(C)C,18,9,25,0,7,32,8;31,largest_ring_two_bond_fragmentation
FRAG_b336f3f78d,JAK2_14bf65c909,CC(C)NCC(=O)N1C/C=C/CCOc2cccc(c2)-c2ccnc(n2)Nc2cccc(c2)C1,[9*]CN(Cc1cccc(Nc2nccc(-c3cccc(OC[11*])c3)n2)c1)C(=O)CNC(C)C,[8*]/C=C/C[12*],18,3,31,0,8,11,8;12,largest_ring_two_bond_fragmentation
FRAG_f61b3a686c,JAK2_14bf65c909,CC(C)NCC(=O)N1C/C=C/CCOc2cccc(c2)-c2ccnc(n2)Nc2cccc(c2)C1,[9*]CN(Cc1cccc(Nc2nccc(-c3cccc(O[12*])c3)n2)c1)C(=O)CNC(C)C,[8*]/C=C/CC[13*],18,4,30,0,8,12,8;13,largest_ring_two_bond_fragmentation
FRAG_08a90a19e1,JAK2_14bf65c909,CC(C)NCC(=O)N1C/C=C/CCOc2cccc(c2)-c2ccnc(n2)Nc2cccc(c2)C1,[9*]CN(Cc1cccc(Nc2nccc(-c3cccc([13*])c3)n2)c1)C(=O)CNC(C)C,[8*]/C=C/CCO[14*],18,5,29,0,8,13,8;14,largest_ring_two_bond_fragmentation
FRAG_a0ac42025a,JAK2_14bf65c909,CC(C)NCC(=O)N1C/C=C/CCOc2cccc(c2)-c2ccnc(n2)Nc2cccc(c2)C1,[9*]CN(Cc1cccc(Nc2nccc([18*])n2)c1)C(=O)CNC(C)C,[8*]/C=C/CCOc1cccc([20*])c1,18,11,23,6,8,19,8;20,largest_ring_two_bond_fragmentation
FRAG_b4204becaf,JAK2_14bf65c909,CC(C)NCC(=O)N1C/C=C/CCOc2cccc(c2)-c2ccnc(n2)Nc2cccc(c2)C1,[8*]/C=C/CCOc1cccc(-c2ccnc(Nc3cccc([33*])c3)n2)c1,[9*]CN(C[31*])C(=O)CNC(C)C,18,10,24,0,8,32,9;31,largest_ring_two_bond_fragmentation
FRAG_d1bcf43f94,JAK2_14bf65c909,CC(C)NCC(=O)N1C/C=C/CCOc2cccc(c2)-c2ccnc(n2)Nc2cccc(c2)C1,[7*]Cc1cccc(Nc2nccc(-c3cccc(OCC/C=C/[8*])c3)n2)c1,[9*]CN([33*])C(=O)CNC(C)C,18,9,25,0,8,33,9;33,largest_ring_two_bond_fragmentation
FRAG_ab6c78f3c5,JAK2_14bf65c909,CC(C)NCC(=O)N1C/C=C/CCOc2cccc(c2)-c2ccnc(n2)Nc2cccc(c2)C1,[11*]/C=C/CN(Cc1cccc(Nc2nccc(-c3cccc([13*])c3)n2)c1)C(=O)CNC(C)C,[10*]CCO[14*],18,3,31,0,10,13,10;14,largest_ring_two_bond_fragmentation
FRAG_53216ed2fe,JAK2_14bf65c909,CC(C)NCC(=O)N1C/C=C/CCOc2cccc(c2)-c2ccnc(n2)Nc2cccc(c2)C1,[11*]/C=C/CN(Cc1cccc(Nc2nccc([18*])n2)c1)C(=O)CNC(C)C,[10*]CCOc1cccc([20*])c1,18,9,25,6,10,19,10;20,largest_ring_two_bond_fragmentation
FRAG_91bc81c918,JAK2_14bf65c909,CC(C)NCC(=O)N1C/C=C/CCOc2cccc(c2)-c2ccnc(n2)Nc2cccc(c2)C1,[10*]CCOc1cccc(-c2ccnc(Nc3cccc([33*])c3)n2)c1,[11*]/C=C/CN(C[31*])C(=O)CNC(C)C,18,12,22,0,10,32,11;31,largest_ring_two_bond_fragmentation
FRAG_66883a0336,JAK2_14bf65c909,CC(C)NCC(=O)N1C/C=C/CCOc2cccc(c2)-c2ccnc(n2)Nc2cccc(c2)C1,[7*]Cc1cccc(Nc2nccc(-c3cccc(OCC[10*])c3)n2)c1,[11*]/C=C/CN([33*])C(=O)CNC(C)C,18,11,23,0,10,33,11;33,largest_ring_two_bond_fragmentation
FRAG_65ce3e94ab,JAK2_14bf65c909,CC(C)NCC(=O)N1C/C=C/CCOc2cccc(c2)-c2ccnc(n2)Nc2cccc(c2)C1,[12*]C/C=C/CN(Cc1cccc(Nc2nccc([18*])n2)c1)C(=O)CNC(C)C,[11*]COc1cccc([20*])c1,18,8,26,6,11,19,11;20,largest_ring_two_bond_fragmentation
FRAG_95f5bd2b0a,JAK2_14bf65c909,CC(C)NCC(=O)N1C/C=C/CCOc2cccc(c2)-c2ccnc(n2)Nc2cccc(c2)C1,[7*]Cc1cccc(Nc2nccc(-c3cccc(OC[11*])c3)n2)c1,[12*]C/C=C/CN([33*])C(=O)CNC(C)C,18,12,22,0,11,33,12;33,largest_ring_two_bond_fragmentation
FRAG_58a976b223,JAK2_14bf65c909,CC(C)NCC(=O)N1C/C=C/CCOc2cccc(c2)-c2ccnc(n2)Nc2cccc(c2)C1,[13*]CC/C=C/CN(Cc1cccc(Nc2nccc([18*])n2)c1)C(=O)CNC(C)C,[12*]Oc1cccc([20*])c1,18,7,27,6,12,19,12;20,largest_ring_two_bond_fragmentation
FRAG_c41df29ab9,JAK2_14bf65c909,CC(C)NCC(=O)N1C/C=C/CCOc2cccc(c2)-c2ccnc(n2)Nc2cccc(c2)C1,[14*]OCC/C=C/CN(Cc1cccc(Nc2nccc([18*])n2)c1)C(=O)CNC(C)C,[13*]c1cccc([20*])c1,18,6,28,6,13,19,13;20,largest_ring_two_bond_fragmentation
FRAG_bc6cf28c03,JAK2_14bf65c909,CC(C)NCC(=O)N1C/C=C/CCOc2cccc(c2)-c2ccnc(n2)Nc2cccc(c2)C1,[14*]OCC/C=C/CN(Cc1cccc(N[24*])c1)C(=O)CNC(C)C,[13*]c1cccc(-c2ccnc([26*])n2)c1,18,12,22,6,13,25,13;26,largest_ring_two_bond_fragmentation
FRAG_cb199e5a16,JAK2_14bf65c909,CC(C)NCC(=O)N1C/C=C/CCOc2cccc(c2)-c2ccnc(n2)Nc2cccc(c2)C1,[20*]c1cccc(OCC/C=C/CN(Cc2cccc(N[24*])c2)C(=O)CNC(C)C)c1,[18*]c1ccnc([26*])n1,18,6,28,6,19,25,18;26,largest_ring_two_bond_fragmentation
FRAG_3557f5a4e3,JAK2_14bf65c909,CC(C)NCC(=O)N1C/C=C/CCOc2cccc(c2)-c2ccnc(n2)Nc2cccc(c2)C1,[20*]c1cccc(OCC/C=C/CN(Cc2cccc([26*])c2)C(=O)CNC(C)C)c1,[18*]c1ccnc(N[27*])n1,18,7,27,6,19,26,18;27,largest_ring_two_bond_fragmentation
FRAG_f4bc24e869,JAK2_14bf65c909,CC(C)NCC(=O)N1C/C=C/CCOc2cccc(c2)-c2ccnc(n2)Nc2cccc(c2)C1,[26*]c1nccc(-c2cccc(OCC/C=C/CN(C[31*])C(=O)CNC(C)C)c2)n1,[24*]Nc1cccc([33*])c1,18,7,27,6,25,32,24;33,largest_ring_two_bond_fragmentation
FRAG_fe935f3b9a,JAK2_14bf65c909,CC(C)NCC(=O)N1C/C=C/CCOc2cccc(c2)-c2ccnc(n2)Nc2cccc(c2)C1,[26*]c1nccc(-c2cccc(OCC/C=C/CN([33*])C(=O)CNC(C)C)c2)n1,[7*]Cc1cccc(N[24*])c1,18,8,26,6,25,33,7;24,largest_ring_two_bond_fragmentation
FRAG_faff2202d5,JAK2_14bf65c909,CC(C)NCC(=O)N1C/C=C/CCOc2cccc(c2)-c2ccnc(n2)Nc2cccc(c2)C1,[27*]Nc1nccc(-c2cccc(OCC/C=C/CN(C[31*])C(=O)CNC(C)C)c2)n1,[26*]c1cccc([33*])c1,18,6,28,6,26,32,26;33,largest_ring_two_bond_fragmentation
FRAG_5ade55e305,JAK2_14bf65c909,CC(C)NCC(=O)N1C/C=C/CCOc2cccc(c2)-c2ccnc(n2)Nc2cccc(c2)C1,[27*]Nc1nccc(-c2cccc(OCC/C=C/CN([33*])C(=O)CNC(C)C)c2)n1,[7*]Cc1cccc([26*])c1,18,7,27,6,26,33,7;26,largest_ring_two_bond_fragmentation
FRAG_df6331e45a,JAK2_5f8f64daca,COc1cc2cc(c1OCCN1CCCC1)CN(C)C/C=C/CCOc1cccc(c1)-c1ccnc(n1)N2,[16*]c1cc(Nc2nccc(-c3cccc(OCC/C=C/C[17*])c3)n2)cc(OC)c1OCCN1CCCC1,[6*]CN([19*])C,18,3,35,0,15,18,6;19,largest_ring_two_bond_fragmentation
FRAG_9b9bb73a75,JAK2_5f8f64daca,COc1cc2cc(c1OCCN1CCCC1)CN(C)C/C=C/CCOc1cccc(c1)-c1ccnc(n1)N2,[16*]c1cc(Nc2nccc(-c3cccc(OCC/C=C/[19*])c3)n2)cc(OC)c1OCCN1CCCC1,[6*]CN(C)C[20*],18,4,34,0,15,19,6;20,largest_ring_two_bond_fragmentation
FRAG_0faf7d7202,JAK2_5f8f64daca,COc1cc2cc(c1OCCN1CCCC1)CN(C)C/C=C/CCOc1cccc(c1)-c1ccnc(n1)N2,[16*]c1cc(Nc2nccc(-c3cccc(OCC[21*])c3)n2)cc(OC)c1OCCN1CCCC1,[6*]CN(C)C/C=C/[22*],18,6,32,0,15,21,6;22,largest_ring_two_bond_fragmentation
FRAG_1d0c31cea0,JAK2_5f8f64daca,COc1cc2cc(c1OCCN1CCCC1)CN(C)C/C=C/CCOc1cccc(c1)-c1ccnc(n1)N2,[16*]c1cc(Nc2nccc(-c3cccc(OC[22*])c3)n2)cc(OC)c1OCCN1CCCC1,[6*]CN(C)C/C=C/C[23*],18,7,31,0,15,22,6;23,largest_ring_two_bond_fragmentation
FRAG_ff27200823,JAK2_5f8f64daca,COc1cc2cc(c1OCCN1CCCC1)CN(C)C/C=C/CCOc1cccc(c1)-c1ccnc(n1)N2,[16*]c1cc(Nc2nccc(-c3cccc(O[23*])c3)n2)cc(OC)c1OCCN1CCCC1,[6*]CN(C)C/C=C/CC[24*],18,8,30,0,15,23,6;24,largest_ring_two_bond_fragmentation
FRAG_ef86e2e92d,JAK2_5f8f64daca,COc1cc2cc(c1OCCN1CCCC1)CN(C)C/C=C/CCOc1cccc(c1)-c1ccnc(n1)N2,[16*]c1cc(Nc2nccc(-c3cccc([24*])c3)n2)cc(OC)c1OCCN1CCCC1,[6*]CN(C)C/C=C/CCO[25*],18,9,29,0,15,24,6;25,largest_ring_two_bond_fragmentation
FRAG_71962eb540,JAK2_5f8f64daca,COc1cc2cc(c1OCCN1CCCC1)CN(C)C/C=C/CCOc1cccc(c1)-c1ccnc(n1)N2,[17*]Cc1cc(Nc2nccc(-c3cccc(OCC/C=C/[19*])c3)n2)cc(OC)c1OCCN1CCCC1,[16*]N(C)C[20*],18,3,35,0,16,19,16;20,largest_ring_two_bond_fragmentation
FRAG_2ccc4aa37b,JAK2_5f8f64daca,COc1cc2cc(c1OCCN1CCCC1)CN(C)C/C=C/CCOc1cccc(c1)-c1ccnc(n1)N2,[17*]Cc1cc(Nc2nccc(-c3cccc(OCC[21*])c3)n2)cc(OC)c1OCCN1CCCC1,[16*]N(C)C/C=C/[22*],18,5,33,0,16,21,16;22,largest_ring_two_bond_fragmentation
FRAG_a503a03843,JAK2_5f8f64daca,COc1cc2cc(c1OCCN1CCCC1)CN(C)C/C=C/CCOc1cccc(c1)-c1ccnc(n1)N2,[17*]Cc1cc(Nc2nccc(-c3cccc(OC[22*])c3)n2)cc(OC)c1OCCN1CCCC1,[16*]N(C)C/C=C/C[23*],18,6,32,0,16,22,16;23,largest_ring_two_bond_fragmentation
FRAG_ef0a0992b4,JAK2_5f8f64daca,COc1cc2cc(c1OCCN1CCCC1)CN(C)C/C=C/CCOc1cccc(c1)-c1ccnc(n1)N2,[17*]Cc1cc(Nc2nccc(-c3cccc(O[23*])c3)n2)cc(OC)c1OCCN1CCCC1,[16*]N(C)C/C=C/CC[24*],18,7,31,0,16,23,16;24,largest_ring_two_bond_fragmentation
FRAG_d3b1beda62,JAK2_5f8f64daca,COc1cc2cc(c1OCCN1CCCC1)CN(C)C/C=C/CCOc1cccc(c1)-c1ccnc(n1)N2,[17*]Cc1cc(Nc2nccc(-c3cccc([24*])c3)n2)cc(OC)c1OCCN1CCCC1,[16*]N(C)C/C=C/CCO[25*],18,8,30,0,16,24,16;25,largest_ring_two_bond_fragmentation
FRAG_4566b574bd,JAK2_5f8f64daca,COc1cc2cc(c1OCCN1CCCC1)CN(C)C/C=C/CCOc1cccc(c1)-c1ccnc(n1)N2,[19*]N(C)Cc1cc(Nc2nccc(-c3cccc(OCC[21*])c3)n2)cc(OC)c1OCCN1CCCC1,[17*]C/C=C/[22*],18,3,35,0,18,21,17;22,largest_ring_two_bond_fragmentation
FRAG_d85a24b4e1,JAK2_5f8f64daca,COc1cc2cc(c1OCCN1CCCC1)CN(C)C/C=C/CCOc1cccc(c1)-c1ccnc(n1)N2,[19*]N(C)Cc1cc(Nc2nccc(-c3cccc(OC[22*])c3)n2)cc(OC)c1OCCN1CCCC1,[17*]C/C=C/C[23*],18,4,34,0,18,22,17;23,largest_ring_two_bond_fragmentation
FRAG_8316cbffd5,JAK2_5f8f64daca,COc1cc2cc(c1OCCN1CCCC1)CN(C)C/C=C/CCOc1cccc(c1)-c1ccnc(n1)N2,[19*]N(C)Cc1cc(Nc2nccc(-c3cccc(O[23*])c3)n2)cc(OC)c1OCCN1CCCC1,[17*]C/C=C/CC[24*],18,5,33,0,18,23,17;24,largest_ring_two_bond_fragmentation
FRAG_03dff87287,JAK2_5f8f64daca,COc1cc2cc(c1OCCN1CCCC1)CN(C)C/C=C/CCOc1cccc(c1)-c1ccnc(n1)N2,[19*]N(C)Cc1cc(Nc2nccc(-c3cccc([24*])c3)n2)cc(OC)c1OCCN1CCCC1,[17*]C/C=C/CCO[25*],18,6,32,0,18,24,17;25,largest_ring_two_bond_fragmentation
FRAG_10213c6412,JAK2_5f8f64daca,COc1cc2cc(c1OCCN1CCCC1)CN(C)C/C=C/CCOc1cccc(c1)-c1ccnc(n1)N2,[19*]N(C)Cc1cc(Nc2nccc([29*])n2)cc(OC)c1OCCN1CCCC1,[17*]C/C=C/CCOc1cccc([31*])c1,18,12,26,6,18,30,17;31,largest_ring_two_bond_fragmentation
FRAG_547fbcdd43,JAK2_5f8f64daca,COc1cc2cc(c1OCCN1CCCC1)CN(C)C/C=C/CCOc1cccc(c1)-c1ccnc(n1)N2,[20*]CN(C)Cc1cc(Nc2nccc(-c3cccc(OC[22*])c3)n2)cc(OC)c1OCCN1CCCC1,[19*]/C=C/C[23*],18,3,35,0,19,22,19;23,largest_ring_two_bond_fragmentation
FRAG_59a16a7134,JAK2_5f8f64daca,COc1cc2cc(c1OCCN1CCCC1)CN(C)C/C=C/CCOc1cccc(c1)-c1ccnc(n1)N2,[20*]CN(C)Cc1cc(Nc2nccc(-c3cccc(O[23*])c3)n2)cc(OC)c1OCCN1CCCC1,[19*]/C=C/CC[24*],18,4,34,0,19,23,19;24,largest_ring_two_bond_fragmentation
FRAG_c8d6677021,JAK2_5f8f64daca,COc1cc2cc(c1OCCN1CCCC1)CN(C)C/C=C/CCOc1cccc(c1)-c1ccnc(n1)N2,[20*]CN(C)Cc1cc(Nc2nccc(-c3cccc([24*])c3)n2)cc(OC)c1OCCN1CCCC1,[19*]/C=C/CCO[25*],18,5,33,0,19,24,19;25,largest_ring_two_bond_fragmentation
FRAG_708e84a276,JAK2_5f8f64daca,COc1cc2cc(c1OCCN1CCCC1)CN(C)C/C=C/CCOc1cccc(c1)-c1ccnc(n1)N2,[20*]CN(C)Cc1cc(Nc2nccc([29*])n2)cc(OC)c1OCCN1CCCC1,[19*]/C=C/CCOc1cccc([31*])c1,18,11,27,6,19,30,19;31,largest_ring_two_bond_fragmentation
FRAG_47607f9f33,JAK2_5f8f64daca,COc1cc2cc(c1OCCN1CCCC1)CN(C)C/C=C/CCOc1cccc(c1)-c1ccnc(n1)N2,[22*]/C=C/CN(C)Cc1cc(Nc2nccc(-c3cccc([24*])c3)n2)cc(OC)c1OCCN1CCCC1,[21*]CCO[25*],18,3,35,0,21,24,21;25,largest_ring_two_bond_fragmentation
FRAG_ef7496b49d,JAK2_5f8f64daca,COc1cc2cc(c1OCCN1CCCC1)CN(C)C/C=C/CCOc1cccc(c1)-c1ccnc(n1)N2,[22*]/C=C/CN(C)Cc1cc(Nc2nccc([29*])n2)cc(OC)c1OCCN1CCCC1,[21*]CCOc1cccc([31*])c1,18,9,29,6,21,30,21;31,largest_ring_two_bond_fragmentation
FRAG_7bc56ecfbb,JAK2_5f8f64daca,COc1cc2cc(c1OCCN1CCCC1)CN(C)C/C=C/CCOc1cccc(c1)-c1ccnc(n1)N2,[23*]C/C=C/CN(C)Cc1cc(Nc2nccc([29*])n2)cc(OC)c1OCCN1CCCC1,[22*]COc1cccc([31*])c1,18,8,30,6,22,30,22;31,largest_ring_two_bond_fragmentation
FRAG_4f7138e590,JAK2_5f8f64daca,COc1cc2cc(c1OCCN1CCCC1)CN(C)C/C=C/CCOc1cccc(c1)-c1ccnc(n1)N2,[24*]CC/C=C/CN(C)Cc1cc(Nc2nccc([29*])n2)cc(OC)c1OCCN1CCCC1,[23*]Oc1cccc([31*])c1,18,7,31,6,23,30,23;31,largest_ring_two_bond_fragmentation
FRAG_34a8776d57,JAK2_5f8f64daca,COc1cc2cc(c1OCCN1CCCC1)CN(C)C/C=C/CCOc1cccc(c1)-c1ccnc(n1)N2,[25*]OCC/C=C/CN(C)Cc1cc(Nc2nccc([29*])n2)cc(OC)c1OCCN1CCCC1,[24*]c1cccc([31*])c1,18,6,32,6,24,30,24;31,largest_ring_two_bond_fragmentation
FRAG_5737175ce8,JAK2_5f8f64daca,COc1cc2cc(c1OCCN1CCCC1)CN(C)C/C=C/CCOc1cccc(c1)-c1ccnc(n1)N2,[25*]OCC/C=C/CN(C)Cc1cc(N[35*])cc(OC)c1OCCN1CCCC1,[24*]c1cccc(-c2ccnc([37*])n2)c1,18,12,26,6,24,36,24;37,largest_ring_two_bond_fragmentation
FRAG_44d647a840,JAK2_5f8f64daca,COc1cc2cc(c1OCCN1CCCC1)CN(C)C/C=C/CCOc1cccc(c1)-c1ccnc(n1)N2,[31*]c1cccc(OCC/C=C/CN(C)Cc2cc(N[35*])cc(OC)c2OCCN2CCCC2)c1,[29*]c1ccnc([37*])n1,18,6,32,6,30,36,29;37,largest_ring_two_bond_fragmentation
FRAG_4f0692ff09,JAK2_5f8f64daca,COc1cc2cc(c1OCCN1CCCC1)CN(C)C/C=C/CCOc1cccc(c1)-c1ccnc(n1)N2,[31*]c1cccc(OCC/C=C/CN(C)Cc2cc([37*])cc(OC)c2OCCN2CCCC2)c1,[4*]Nc1nccc([29*])n1,18,7,31,6,30,41,4;29,largest_ring_two_bond_fragmentation
FRAG_3db43c41ff,JAK2_ca0a832409,C1=C/CN(C2CC2)Cc2cccc(c2)Nc2nccc(n2)-c2cccc(c2)OCC/1,[2*]/C=C/CCOc1cccc(-c2ccnc(Nc3cccc(C[3*])c3)n2)c1,[1*]CN([7*])C1CC1,18,5,25,3,1,6,1;7,largest_ring_two_bond_fragmentation
FRAG_ea4e7df484,JAK2_ca0a832409,C1=C/CN(C2CC2)Cc2cccc(c2)Nc2nccc(n2)-c2cccc(c2)OCC/1,[2*]/C=C/CCOc1cccc(-c2ccnc(Nc3cccc([7*])c3)n2)c1,[1*]CN(C[8*])C1CC1,18,6,24,3,1,7,1;8,largest_ring_two_bond_fragmentation
FRAG_fd26136a15,JAK2_ca0a832409,C1=C/CN(C2CC2)Cc2cccc(c2)Nc2nccc(n2)-c2cccc(c2)OCC/1,[2*]/C=C/CCOc1cccc(-c2ccnc(N[12*])n2)c1,[1*]CN(Cc1cccc([14*])c1)C1CC1,18,12,18,6,1,13,1;14,largest_ring_two_bond_fragmentation
FRAG_6f7c1ea9ba,JAK2_ca0a832409,C1=C/CN(C2CC2)Cc2cccc(c2)Nc2nccc(n2)-c2cccc(c2)OCC/1,[1*]CN(Cc1cccc(Nc2nccc([21*])n2)c1)C1CC1,[2*]/C=C/CCOc1cccc([19*])c1,18,11,19,6,1,20,2;19,largest_ring_two_bond_fragmentation
FRAG_48b910b174,JAK2_ca0a832409,C1=C/CN(C2CC2)Cc2cccc(c2)Nc2nccc(n2)-c2cccc(c2)OCC/1,[1*]CN(Cc1cccc(Nc2nccc(-c3cccc([27*])c3)n2)c1)C1CC1,[2*]/C=C/CCO[25*],18,5,25,0,1,26,2;25,largest_ring_two_bond_fragmentation
FRAG_198dabe0ca,JAK2_ca0a832409,C1=C/CN(C2CC2)Cc2cccc(c2)Nc2nccc(n2)-c2cccc(c2)OCC/1,[1*]CN(Cc1cccc(Nc2nccc(-c3cccc(O[28*])c3)n2)c1)C1CC1,[2*]/C=C/CC[27*],18,4,26,0,1,27,2;27,largest_ring_two_bond_fragmentation
FRAG_756d8ee2c2,JAK2_ca0a832409,C1=C/CN(C2CC2)Cc2cccc(c2)Nc2nccc(n2)-c2cccc(c2)OCC/1,[1*]CN(Cc1cccc(Nc2nccc(-c3cccc(OC[29*])c3)n2)c1)C1CC1,[2*]/C=C/C[28*],18,3,27,0,1,28,2;28,largest_ring_two_bond_fragmentation
FRAG_89ad93cae0,JAK2_ca0a832409,C1=C/CN(C2CC2)Cc2cccc(c2)Nc2nccc(n2)-c2cccc(c2)OCC/1,[3*]C/C=C/CCOc1cccc(-c2ccnc(Nc3cccc([7*])c3)n2)c1,[2*]N(C[8*])C1CC1,18,5,25,3,2,7,2;8,largest_ring_two_bond_fragmentation
FRAG_3909ac885b,JAK2_ca0a832409,C1=C/CN(C2CC2)Cc2cccc(c2)Nc2nccc(n2)-c2cccc(c2)OCC/1,[3*]C/C=C/CCOc1cccc(-c2ccnc(N[12*])n2)c1,[2*]N(Cc1cccc([14*])c1)C1CC1,18,11,19,6,2,13,2;14,largest_ring_two_bond_fragmentation
FRAG_525c87479a,JAK2_ca0a832409,C1=C/CN(C2CC2)Cc2cccc(c2)Nc2nccc(n2)-c2cccc(c2)OCC/1,[3*]C/C=C/CCOc1cccc(-c2ccnc([14*])n2)c1,[2*]N(Cc1cccc(N[15*])c1)C1CC1,18,12,18,6,2,14,2;15,largest_ring_two_bond_fragmentation
FRAG_d8e70b974d,JAK2_ca0a832409,C1=C/CN(C2CC2)Cc2cccc(c2)Nc2nccc(n2)-c2cccc(c2)OCC/1,[2*]N(Cc1cccc(Nc2nccc([21*])n2)c1)C1CC1,[3*]C/C=C/CCOc1cccc([19*])c1,18,12,18,6,2,20,3;19,largest_ring_two_bond_fragmentation
FRAG_a52da4f2b4,JAK2_ca0a832409,C1=C/CN(C2CC2)Cc2cccc(c2)Nc2nccc(n2)-c2cccc(c2)OCC/1,[2*]N(Cc1cccc(Nc2nccc(-c3cccc([27*])c3)n2)c1)C1CC1,[3*]C/C=C/CCO[25*],18,6,24,0,2,26,3;25,largest_ring_two_bond_fragmentation
FRAG_6506722130,JAK2_ca0a832409,C1=C/CN(C2CC2)Cc2cccc(c2)Nc2nccc(n2)-c2cccc(c2)OCC/1,[2*]N(Cc1cccc(Nc2nccc(-c3cccc(O[28*])c3)n2)c1)C1CC1,[3*]C/C=C/CC[27*],18,5,25,0,2,27,3;27,largest_ring_two_bond_fragmentation
FRAG_541ce669c6,JAK2_ca0a832409,C1=C/CN(C2CC2)Cc2cccc(c2)Nc2nccc(n2)-c2cccc(c2)OCC/1,[2*]N(Cc1cccc(Nc2nccc(-c3cccc(OC[29*])c3)n2)c1)C1CC1,[3*]C/C=C/C[28*],18,4,26,0,2,28,3;28,largest_ring_two_bond_fragmentation
FRAG_ed18d2e424,JAK2_ca0a832409,C1=C/CN(C2CC2)Cc2cccc(c2)Nc2nccc(n2)-c2cccc(c2)OCC/1,*CCOc1cccc(-c2ccnc(Nc3cccc(CN([2*])C4CC4)c3)n2)c1,[3*]C/C=C/[29*],18,3,27,0,2,29,3;29,largest_ring_two_bond_fragmentation
FRAG_e0e371564b,JAK2_ca0a832409,C1=C/CN(C2CC2)Cc2cccc(c2)Nc2nccc(n2)-c2cccc(c2)OCC/1,[7*]N(C/C=C/CCOc1cccc(-c2ccnc(N[12*])n2)c1)C1CC1,[3*]Cc1cccc([14*])c1,18,7,23,6,6,13,3;14,largest_ring_two_bond_fragmentation
FRAG_c01aaa1451,JAK2_ca0a832409,C1=C/CN(C2CC2)Cc2cccc(c2)Nc2nccc(n2)-c2cccc(c2)OCC/1,[7*]N(C/C=C/CCOc1cccc(-c2ccnc([14*])n2)c1)C1CC1,[3*]Cc1cccc(N[15*])c1,18,8,22,6,6,14,3;15,largest_ring_two_bond_fragmentation
FRAG_385f4679af,JAK2_ca0a832409,C1=C/CN(C2CC2)Cc2cccc(c2)Nc2nccc(n2)-c2cccc(c2)OCC/1,[3*]Cc1cccc(Nc2nccc(-c3cccc([27*])c3)n2)c1,[7*]N(C/C=C/CCO[25*])C1CC1,18,10,20,3,6,26,7;25,largest_ring_two_bond_fragmentation
FRAG_aea67c8bd8,JAK2_ca0a832409,C1=C/CN(C2CC2)Cc2cccc(c2)Nc2nccc(n2)-c2cccc(c2)OCC/1,[3*]Cc1cccc(Nc2nccc(-c3cccc(O[28*])c3)n2)c1,[7*]N(C/C=C/CC[27*])C1CC1,18,9,21,3,6,27,7;27,largest_ring_two_bond_fragmentation
FRAG_b370085420,JAK2_ca0a832409,C1=C/CN(C2CC2)Cc2cccc(c2)Nc2nccc(n2)-c2cccc(c2)OCC/1,[3*]Cc1cccc(Nc2nccc(-c3cccc(OC[29*])c3)n2)c1,[7*]N(C/C=C/C[28*])C1CC1,18,8,22,3,6,28,7;28,largest_ring_two_bond_fragmentation
FRAG_8d4697eae0,JAK2_ca0a832409,C1=C/CN(C2CC2)Cc2cccc(c2)Nc2nccc(n2)-c2cccc(c2)OCC/1,*CCOc1cccc(-c2ccnc(Nc3cccc(C[3*])c3)n2)c1,[7*]N(C/C=C/[29*])C1CC1,18,7,23,3,6,29,7;29,largest_ring_two_bond_fragmentation
FRAG_3c868ffb4e,JAK2_ca0a832409,C1=C/CN(C2CC2)Cc2cccc(c2)Nc2nccc(n2)-c2cccc(c2)OCC/1,[8*]CN(C/C=C/CCOc1cccc(-c2ccnc(N[12*])n2)c1)C1CC1,[7*]c1cccc([14*])c1,18,6,24,6,7,13,7;14,largest_ring_two_bond_fragmentation
FRAG_2e8cbf31e2,JAK2_ca0a832409,C1=C/CN(C2CC2)Cc2cccc(c2)Nc2nccc(n2)-c2cccc(c2)OCC/1,[8*]CN(C/C=C/CCOc1cccc(-c2ccnc([14*])n2)c1)C1CC1,[7*]c1cccc(N[15*])c1,18,7,23,6,7,14,7;15,largest_ring_two_bond_fragmentation
FRAG_2c02da5cd6,JAK2_ca0a832409,C1=C/CN(C2CC2)Cc2cccc(c2)Nc2nccc(n2)-c2cccc(c2)OCC/1,[7*]c1cccc(Nc2nccc(-c3cccc([27*])c3)n2)c1,[8*]CN(C/C=C/CCO[25*])C1CC1,18,11,19,3,7,26,8;25,largest_ring_two_bond_fragmentation
FRAG_2ff51cedc3,JAK2_ca0a832409,C1=C/CN(C2CC2)Cc2cccc(c2)Nc2nccc(n2)-c2cccc(c2)OCC/1,[7*]c1cccc(Nc2nccc(-c3cccc(O[28*])c3)n2)c1,[8*]CN(C/C=C/CC[27*])C1CC1,18,10,20,3,7,27,8;27,largest_ring_two_bond_fragmentation
FRAG_4d255ddf0a,JAK2_ca0a832409,C1=C/CN(C2CC2)Cc2cccc(c2)Nc2nccc(n2)-c2cccc(c2)OCC/1,[7*]c1cccc(Nc2nccc(-c3cccc(OC[29*])c3)n2)c1,[8*]CN(C/C=C/C[28*])C1CC1,18,9,21,3,7,28,8;28,largest_ring_two_bond_fragmentation
FRAG_38b2bd809b,JAK2_ca0a832409,C1=C/CN(C2CC2)Cc2cccc(c2)Nc2nccc(n2)-c2cccc(c2)OCC/1,*CCOc1cccc(-c2ccnc(Nc3cccc([7*])c3)n2)c1,[8*]CN(C/C=C/[29*])C1CC1,18,8,22,3,7,29,8;29,largest_ring_two_bond_fragmentation
FRAG_20be083a5f,JAK2_ca0a832409,C1=C/CN(C2CC2)Cc2cccc(c2)Nc2nccc(n2)-c2cccc(c2)OCC/1,[14*]c1cccc(CN(C/C=C/CCOc2cccc([19*])c2)C2CC2)c1,[12*]Nc1nccc([21*])n1,18,7,23,6,13,20,12;21,largest_ring_two_bond_fragmentation
FRAG_bbb6a71d63,JAK2_ca0a832409,C1=C/CN(C2CC2)Cc2cccc(c2)Nc2nccc(n2)-c2cccc(c2)OCC/1,[15*]Nc1cccc(CN(C/C=C/CCOc2cccc([19*])c2)C2CC2)c1,[14*]c1nccc([21*])n1,18,6,24,6,14,20,14;21,largest_ring_two_bond_fragmentation
FRAG_2c977012de,JAK2_ca0a832409,C1=C/CN(C2CC2)Cc2cccc(c2)Nc2nccc(n2)-c2cccc(c2)OCC/1,[15*]Nc1cccc(CN(C/C=C/CCO[25*])C2CC2)c1,[14*]c1nccc(-c2cccc([27*])c2)n1,18,12,18,6,14,26,14;27,largest_ring_two_bond_fragmentation
FRAG_54144b5591,JAK2_ca0a832409,C1=C/CN(C2CC2)Cc2cccc(c2)Nc2nccc(n2)-c2cccc(c2)OCC/1,[21*]c1ccnc(Nc2cccc(CN(C/C=C/CCO[25*])C3CC3)c2)n1,[19*]c1cccc([27*])c1,18,6,24,6,20,26,19;27,largest_ring_two_bond_fragmentation
FRAG_4d7aa44db0,JAK2_ca0a832409,C1=C/CN(C2CC2)Cc2cccc(c2)Nc2nccc(n2)-c2cccc(c2)OCC/1,[21*]c1ccnc(Nc2cccc(CN(C/C=C/CC[27*])C3CC3)c2)n1,[19*]c1cccc(O[28*])c1,18,7,23,6,20,27,19;28,largest_ring_two_bond_fragmentation
FRAG_8178ccb0bf,JAK2_ca0a832409,C1=C/CN(C2CC2)Cc2cccc(c2)Nc2nccc(n2)-c2cccc(c2)OCC/1,[21*]c1ccnc(Nc2cccc(CN(C/C=C/C[28*])C3CC3)c2)n1,[19*]c1cccc(OC[29*])c1,18,8,22,6,20,28,19;29,largest_ring_two_bond_fragmentation
FRAG_432a4d2930,JAK2_ca0a832409,C1=C/CN(C2CC2)Cc2cccc(c2)Nc2nccc(n2)-c2cccc(c2)OCC/1,[21*]c1ccnc(Nc2cccc(CN(C/C=C/[29*])C3CC3)c2)n1,*CCOc1cccc([19*])c1,18,9,21,6,20,29,0;19,largest_ring_two_bond_fragmentation
FRAG_cff64226ed,JAK2_ca0a832409,C1=C/CN(C2CC2)Cc2cccc(c2)Nc2nccc(n2)-c2cccc(c2)OCC/1,[27*]c1cccc(-c2ccnc(Nc3cccc(CN(C/C=C/[29*])C4CC4)c3)n2)c1,*CCO[25*],18,3,27,0,26,29,0;25,largest_ring_two_bond_fragmentation
FRAG_3ea3c230f2,JAK2_471b7843d8,Cc1cnc2nc1-c1cccc(c1)OCC/C=C/CN(C)Cc1cccc(c1)N2,[7*]c1nc(Nc2cccc(CN(C)C/C=C/CCO[11*])c2)ncc1C,[6*]c1cccc([13*])c1,18,6,23,6,6,12,6;13,largest_ring_two_bond_fragmentation
FRAG_02b6ef55cb,JAK2_471b7843d8,Cc1cnc2nc1-c1cccc(c1)OCC/C=C/CN(C)Cc1cccc(c1)N2,[7*]c1nc(Nc2cccc(CN(C)C/C=C/CC[13*])c2)ncc1C,[6*]c1cccc(O[14*])c1,18,7,22,6,6,13,6;14,largest_ring_two_bond_fragmentation
FRAG_d1f9928725,JAK2_471b7843d8,Cc1cnc2nc1-c1cccc(c1)OCC/C=C/CN(C)Cc1cccc(c1)N2,[7*]c1nc(Nc2cccc(CN(C)C/C=C/C[14*])c2)ncc1C,[6*]c1cccc(OC[15*])c1,18,8,21,6,6,14,6;15,largest_ring_two_bond_fragmentation
FRAG_b2838b0225,JAK2_471b7843d8,Cc1cnc2nc1-c1cccc(c1)OCC/C=C/CN(C)Cc1cccc(c1)N2,[7*]c1nc(Nc2cccc(CN(C)C/C=C/[15*])c2)ncc1C,[6*]c1cccc(OCC[16*])c1,18,9,20,6,6,15,6;16,largest_ring_two_bond_fragmentation
FRAG_38773a3fe7,JAK2_471b7843d8,Cc1cnc2nc1-c1cccc(c1)OCC/C=C/CN(C)Cc1cccc(c1)N2,[7*]c1nc(Nc2cccc(CN(C)C[17*])c2)ncc1C,[6*]c1cccc(OCC/C=C/[18*])c1,18,11,18,6,6,17,6;18,largest_ring_two_bond_fragmentation
FRAG_6b859e80ee,JAK2_471b7843d8,Cc1cnc2nc1-c1cccc(c1)OCC/C=C/CN(C)Cc1cccc(c1)N2,[7*]c1nc(Nc2cccc(CN([18*])C)c2)ncc1C,[6*]c1cccc(OCC/C=C/C[19*])c1,18,12,17,6,6,18,6;19,largest_ring_two_bond_fragmentation
FRAG_2666d2a5e6,JAK2_471b7843d8,Cc1cnc2nc1-c1cccc(c1)OCC/C=C/CN(C)Cc1cccc(c1)N2,[6*]c1cccc(OCC/C=C/CN(C)Cc2cccc([28*])c2)c1,[7*]c1nc(N[26*])ncc1C,18,8,21,6,6,27,7;26,largest_ring_two_bond_fragmentation
FRAG_ec16cd2995,JAK2_471b7843d8,Cc1cnc2nc1-c1cccc(c1)OCC/C=C/CN(C)Cc1cccc(c1)N2,[4*]Nc1cccc(CN(C)C/C=C/CCOc2cccc([6*])c2)c1,[7*]c1nc([28*])ncc1C,18,7,22,6,6,31,7;28,largest_ring_two_bond_fragmentation
FRAG_ebd8cad6a8,JAK2_471b7843d8,Cc1cnc2nc1-c1cccc(c1)OCC/C=C/CN(C)Cc1cccc(c1)N2,[13*]c1cccc(-c2nc(Nc3cccc(CN(C)C/C=C/[15*])c3)ncc2C)c1,[11*]OCC[16*],18,3,26,0,12,15,11;16,largest_ring_two_bond_fragmentation
FRAG_b85bb4341a,JAK2_471b7843d8,Cc1cnc2nc1-c1cccc(c1)OCC/C=C/CN(C)Cc1cccc(c1)N2,[13*]c1cccc(-c2nc(Nc3cccc(CN(C)C[17*])c3)ncc2C)c1,[11*]OCC/C=C/[18*],18,5,24,0,12,17,11;18,largest_ring_two_bond_fragmentation
FRAG_e4557fb652,JAK2_471b7843d8,Cc1cnc2nc1-c1cccc(c1)OCC/C=C/CN(C)Cc1cccc(c1)N2,[13*]c1cccc(-c2nc(Nc3cccc(CN([18*])C)c3)ncc2C)c1,[11*]OCC/C=C/C[19*],18,6,23,0,12,18,11;19,largest_ring_two_bond_fragmentation
FRAG_a2e612437a,JAK2_471b7843d8,Cc1cnc2nc1-c1cccc(c1)OCC/C=C/CN(C)Cc1cccc(c1)N2,[13*]c1cccc(-c2nc(Nc3cccc(C[19*])c3)ncc2C)c1,[11*]OCC/C=C/CN([21*])C,18,8,21,0,12,20,11;21,largest_ring_two_bond_fragmentation
FRAG_46be3d09b9,JAK2_471b7843d8,Cc1cnc2nc1-c1cccc(c1)OCC/C=C/CN(C)Cc1cccc(c1)N2,[13*]c1cccc(-c2nc(Nc3cccc([21*])c3)ncc2C)c1,[11*]OCC/C=C/CN(C)C[22*],18,9,20,0,12,21,11;22,largest_ring_two_bond_fragmentation
FRAG_1ccfb88a76,JAK2_471b7843d8,Cc1cnc2nc1-c1cccc(c1)OCC/C=C/CN(C)Cc1cccc(c1)N2,[14*]Oc1cccc(-c2nc(Nc3cccc(CN(C)C[17*])c3)ncc2C)c1,[13*]CC/C=C/[18*],18,4,25,0,13,17,13;18,largest_ring_two_bond_fragmentation
FRAG_bad3f6b39d,JAK2_471b7843d8,Cc1cnc2nc1-c1cccc(c1)OCC/C=C/CN(C)Cc1cccc(c1)N2,[14*]Oc1cccc(-c2nc(Nc3cccc(CN([18*])C)c3)ncc2C)c1,[13*]CC/C=C/C[19*],18,5,24,0,13,18,13;19,largest_ring_two_bond_fragmentation
FRAG_ed0d1fb8a2,JAK2_471b7843d8,Cc1cnc2nc1-c1cccc(c1)OCC/C=C/CN(C)Cc1cccc(c1)N2,[14*]Oc1cccc(-c2nc(Nc3cccc(C[19*])c3)ncc2C)c1,[13*]CC/C=C/CN([21*])C,18,7,22,0,13,20,13;21,largest_ring_two_bond_fragmentation
FRAG_0c70d95a65,JAK2_471b7843d8,Cc1cnc2nc1-c1cccc(c1)OCC/C=C/CN(C)Cc1cccc(c1)N2,[14*]Oc1cccc(-c2nc(Nc3cccc([21*])c3)ncc2C)c1,[13*]CC/C=C/CN(C)C[22*],18,8,21,0,13,21,13;22,largest_ring_two_bond_fragmentation
FRAG_4d8ec2ae79,JAK2_471b7843d8,Cc1cnc2nc1-c1cccc(c1)OCC/C=C/CN(C)Cc1cccc(c1)N2,[15*]COc1cccc(-c2nc(Nc3cccc(CN(C)C[17*])c3)ncc2C)c1,[14*]C/C=C/[18*],18,3,26,0,14,17,14;18,largest_ring_two_bond_fragmentation
FRAG_6dccbd6ec2,JAK2_471b7843d8,Cc1cnc2nc1-c1cccc(c1)OCC/C=C/CN(C)Cc1cccc(c1)N2,[15*]COc1cccc(-c2nc(Nc3cccc(CN([18*])C)c3)ncc2C)c1,[14*]C/C=C/C[19*],18,4,25,0,14,18,14;19,largest_ring_two_bond_fragmentation
FRAG_3384f5f084,JAK2_471b7843d8,Cc1cnc2nc1-c1cccc(c1)OCC/C=C/CN(C)Cc1cccc(c1)N2,[15*]COc1cccc(-c2nc(Nc3cccc(C[19*])c3)ncc2C)c1,[14*]C/C=C/CN([21*])C,18,6,23,0,14,20,14;21,largest_ring_two_bond_fragmentation
FRAG_c899677949,JAK2_471b7843d8,Cc1cnc2nc1-c1cccc(c1)OCC/C=C/CN(C)Cc1cccc(c1)N2,[15*]COc1cccc(-c2nc(Nc3cccc([21*])c3)ncc2C)c1,[14*]C/C=C/CN(C)C[22*],18,7,22,0,14,21,14;22,largest_ring_two_bond_fragmentation
FRAG_4e3d6f2e6f,JAK2_471b7843d8,Cc1cnc2nc1-c1cccc(c1)OCC/C=C/CN(C)Cc1cccc(c1)N2,[16*]CCOc1cccc(-c2nc(Nc3cccc(CN([18*])C)c3)ncc2C)c1,[15*]/C=C/C[19*],18,3,26,0,15,18,15;19,largest_ring_two_bond_fragmentation
FRAG_4d2dbb029a,JAK2_471b7843d8,Cc1cnc2nc1-c1cccc(c1)OCC/C=C/CN(C)Cc1cccc(c1)N2,[16*]CCOc1cccc(-c2nc(Nc3cccc(C[19*])c3)ncc2C)c1,[15*]/C=C/CN([21*])C,18,5,24,0,15,20,15;21,largest_ring_two_bond_fragmentation
FRAG_8b258a35ac,JAK2_471b7843d8,Cc1cnc2nc1-c1cccc(c1)OCC/C=C/CN(C)Cc1cccc(c1)N2,[16*]CCOc1cccc(-c2nc(Nc3cccc([21*])c3)ncc2C)c1,[15*]/C=C/CN(C)C[22*],18,6,23,0,15,21,15;22,largest_ring_two_bond_fragmentation
FRAG_c29db0aff2,JAK2_471b7843d8,Cc1cnc2nc1-c1cccc(c1)OCC/C=C/CN(C)Cc1cccc(c1)N2,[16*]CCOc1cccc(-c2nc(N[26*])ncc2C)c1,[15*]/C=C/CN(C)Cc1cccc([28*])c1,18,12,17,6,15,27,15;28,largest_ring_two_bond_fragmentation
FRAG_3a7b471f75,JAK2_471b7843d8,Cc1cnc2nc1-c1cccc(c1)OCC/C=C/CN(C)Cc1cccc(c1)N2,[18*]/C=C/CCOc1cccc(-c2nc(Nc3cccc(C[19*])c3)ncc2C)c1,[17*]CN([21*])C,18,3,26,0,17,20,17;21,largest_ring_two_bond_fragmentation
FRAG_7d7bd29a74,JAK2_471b7843d8,Cc1cnc2nc1-c1cccc(c1)OCC/C=C/CN(C)Cc1cccc(c1)N2,[18*]/C=C/CCOc1cccc(-c2nc(Nc3cccc([21*])c3)ncc2C)c1,[17*]CN(C)C[22*],18,4,25,0,17,21,17;22,largest_ring_two_bond_fragmentation
FRAG_1258648c7d,JAK2_471b7843d8,Cc1cnc2nc1-c1cccc(c1)OCC/C=C/CN(C)Cc1cccc(c1)N2,[18*]/C=C/CCOc1cccc(-c2nc(N[26*])ncc2C)c1,[17*]CN(C)Cc1cccc([28*])c1,18,10,19,6,17,27,17;28,largest_ring_two_bond_fragmentation
FRAG_dfc2454265,JAK2_471b7843d8,Cc1cnc2nc1-c1cccc(c1)OCC/C=C/CN(C)Cc1cccc(c1)N2,[18*]/C=C/CCOc1cccc(-c2nc([28*])ncc2C)c1,[4*]Nc1cccc(CN(C)C[17*])c1,18,11,18,6,17,31,4;17,largest_ring_two_bond_fragmentation
FRAG_8b78409cfc,JAK2_471b7843d8,Cc1cnc2nc1-c1cccc(c1)OCC/C=C/CN(C)Cc1cccc(c1)N2,[19*]C/C=C/CCOc1cccc(-c2nc(Nc3cccc([21*])c3)ncc2C)c1,[18*]N(C)C[22*],18,3,26,0,18,21,18;22,largest_ring_two_bond_fragmentation
FRAG_50f193f996,JAK2_471b7843d8,Cc1cnc2nc1-c1cccc(c1)OCC/C=C/CN(C)Cc1cccc(c1)N2,[19*]C/C=C/CCOc1cccc(-c2nc(N[26*])ncc2C)c1,[18*]N(C)Cc1cccc([28*])c1,18,9,20,6,18,27,18;28,largest_ring_two_bond_fragmentation
FRAG_04e8130415,JAK2_471b7843d8,Cc1cnc2nc1-c1cccc(c1)OCC/C=C/CN(C)Cc1cccc(c1)N2,[19*]C/C=C/CCOc1cccc(-c2nc([28*])ncc2C)c1,[4*]Nc1cccc(CN([18*])C)c1,18,10,19,6,18,31,4;18,largest_ring_two_bond_fragmentation
FRAG_19eaf20f85,JAK2_471b7843d8,Cc1cnc2nc1-c1cccc(c1)OCC/C=C/CN(C)Cc1cccc(c1)N2,[21*]N(C)C/C=C/CCOc1cccc(-c2nc(N[26*])ncc2C)c1,[19*]Cc1cccc([28*])c1,18,7,22,6,20,27,19;28,largest_ring_two_bond_fragmentation
FRAG_87a0eb9cf5,JAK2_471b7843d8,Cc1cnc2nc1-c1cccc(c1)OCC/C=C/CN(C)Cc1cccc(c1)N2,[21*]N(C)C/C=C/CCOc1cccc(-c2nc([28*])ncc2C)c1,[4*]Nc1cccc(C[19*])c1,18,8,21,6,20,31,4;19,largest_ring_two_bond_fragmentation
FRAG_748da7d566,JAK2_471b7843d8,Cc1cnc2nc1-c1cccc(c1)OCC/C=C/CN(C)Cc1cccc(c1)N2,[22*]CN(C)C/C=C/CCOc1cccc(-c2nc(N[26*])ncc2C)c1,[21*]c1cccc([28*])c1,18,6,23,6,21,27,21;28,largest_ring_two_bond_fragmentation
FRAG_97cc1196cb,JAK2_471b7843d8,Cc1cnc2nc1-c1cccc(c1)OCC/C=C/CN(C)Cc1cccc(c1)N2,[22*]CN(C)C/C=C/CCOc1cccc(-c2nc([28*])ncc2C)c1,[4*]Nc1cccc([21*])c1,18,7,22,6,21,31,4;21,largest_ring_two_bond_fragmentation
FRAG_db06f92656,JAK2_e3b8202d52,CCS(=O)(=O)N1CCN(c2ccc3cc2COCC=CCOCc2cccc(c2)-c2ccnc(n2)N3)CC1,[15*]c1cc(Nc2nccc(-c3cccc(COCC=C[17*])c3)n2)ccc1N1CCN(S(=O)(=O)CC)CC1,[14*]COC[18*],18,3,35,0,14,17,14;18,largest_ring_two_bond_fragmentation
FRAG_fe61f5e473,JAK2_e3b8202d52,CCS(=O)(=O)N1CCN(c2ccc3cc2COCC=CCOCc2cccc(c2)-c2ccnc(n2)N3)CC1,[15*]c1cc(Nc2nccc(-c3cccc(COC[19*])c3)n2)ccc1N1CCN(S(=O)(=O)CC)CC1,[14*]COCC=C[20*],18,5,33,0,14,19,14;20,largest_ring_two_bond_fragmentation
FRAG_26c367c120,JAK2_e3b8202d52,CCS(=O)(=O)N1CCN(c2ccc3cc2COCC=CCOCc2cccc(c2)-c2ccnc(n2)N3)CC1,[15*]c1cc(Nc2nccc(-c3cccc(CO[20*])c3)n2)ccc1N1CCN(S(=O)(=O)CC)CC1,[14*]COCC=CC[21*],18,6,32,0,14,20,14;21,largest_ring_two_bond_fragmentation
FRAG_bb2ae42448,JAK2_e3b8202d52,CCS(=O)(=O)N1CCN(c2ccc3cc2COCC=CCOCc2cccc(c2)-c2ccnc(n2)N3)CC1,[15*]c1cc(Nc2nccc(-c3cccc(C[21*])c3)n2)ccc1N1CCN(S(=O)(=O)CC)CC1,[14*]COCC=CCO[22*],18,7,31,0,14,21,14;22,largest_ring_two_bond_fragmentation
FRAG_66ff5199f9,JAK2_e3b8202d52,CCS(=O)(=O)N1CCN(c2ccc3cc2COCC=CCOCc2cccc(c2)-c2ccnc(n2)N3)CC1,[15*]c1cc(Nc2nccc(-c3cccc([22*])c3)n2)ccc1N1CCN(S(=O)(=O)CC)CC1,[14*]COCC=CCOC[23*],18,8,30,0,14,22,14;23,largest_ring_two_bond_fragmentation
FRAG_2157efacb7,JAK2_e3b8202d52,CCS(=O)(=O)N1CCN(c2ccc3cc2COCC=CCOCc2cccc(c2)-c2ccnc(n2)N3)CC1,[16*]Cc1cc(Nc2nccc(-c3cccc(COC[19*])c3)n2)ccc1N1CCN(S(=O)(=O)CC)CC1,[15*]OCC=C[20*],18,4,34,0,15,19,15;20,largest_ring_two_bond_fragmentation
FRAG_05c944b42d,JAK2_e3b8202d52,CCS(=O)(=O)N1CCN(c2ccc3cc2COCC=CCOCc2cccc(c2)-c2ccnc(n2)N3)CC1,[16*]Cc1cc(Nc2nccc(-c3cccc(CO[20*])c3)n2)ccc1N1CCN(S(=O)(=O)CC)CC1,[15*]OCC=CC[21*],18,5,33,0,15,20,15;21,largest_ring_two_bond_fragmentation
FRAG_9f64555fd9,JAK2_e3b8202d52,CCS(=O)(=O)N1CCN(c2ccc3cc2COCC=CCOCc2cccc(c2)-c2ccnc(n2)N3)CC1,[16*]Cc1cc(Nc2nccc(-c3cccc(C[21*])c3)n2)ccc1N1CCN(S(=O)(=O)CC)CC1,[15*]OCC=CCO[22*],18,6,32,0,15,21,15;22,largest_ring_two_bond_fragmentation
FRAG_5106fa549f,JAK2_e3b8202d52,CCS(=O)(=O)N1CCN(c2ccc3cc2COCC=CCOCc2cccc(c2)-c2ccnc(n2)N3)CC1,[16*]Cc1cc(Nc2nccc(-c3cccc([22*])c3)n2)ccc1N1CCN(S(=O)(=O)CC)CC1,[15*]OCC=CCOC[23*],18,7,31,0,15,22,15;23,largest_ring_two_bond_fragmentation
FRAG_5921c55400,JAK2_e3b8202d52,CCS(=O)(=O)N1CCN(c2ccc3cc2COCC=CCOCc2cccc(c2)-c2ccnc(n2)N3)CC1,[17*]OCc1cc(Nc2nccc(-c3cccc(COC[19*])c3)n2)ccc1N1CCN(S(=O)(=O)CC)CC1,[16*]CC=C[20*],18,3,35,0,16,19,16;20,largest_ring_two_bond_fragmentation
FRAG_4dc3eab1de,JAK2_e3b8202d52,CCS(=O)(=O)N1CCN(c2ccc3cc2COCC=CCOCc2cccc(c2)-c2ccnc(n2)N3)CC1,[17*]OCc1cc(Nc2nccc(-c3cccc(CO[20*])c3)n2)ccc1N1CCN(S(=O)(=O)CC)CC1,[16*]CC=CC[21*],18,4,34,0,16,20,16;21,largest_ring_two_bond_fragmentation
FRAG_d9140f5c88,JAK2_e3b8202d52,CCS(=O)(=O)N1CCN(c2ccc3cc2COCC=CCOCc2cccc(c2)-c2ccnc(n2)N3)CC1,[17*]OCc1cc(Nc2nccc(-c3cccc(C[21*])c3)n2)ccc1N1CCN(S(=O)(=O)CC)CC1,[16*]CC=CCO[22*],18,5,33,0,16,21,16;22,largest_ring_two_bond_fragmentation
FRAG_ac472685c4,JAK2_e3b8202d52,CCS(=O)(=O)N1CCN(c2ccc3cc2COCC=CCOCc2cccc(c2)-c2ccnc(n2)N3)CC1,[17*]OCc1cc(Nc2nccc(-c3cccc([22*])c3)n2)ccc1N1CCN(S(=O)(=O)CC)CC1,[16*]CC=CCOC[23*],18,6,32,0,16,22,16;23,largest_ring_two_bond_fragmentation
FRAG_0faaaff2b1,JAK2_e3b8202d52,CCS(=O)(=O)N1CCN(c2ccc3cc2COCC=CCOCc2cccc(c2)-c2ccnc(n2)N3)CC1,[17*]OCc1cc(Nc2nccc([27*])n2)ccc1N1CCN(S(=O)(=O)CC)CC1,[16*]CC=CCOCc1cccc([29*])c1,18,12,26,6,16,28,16;29,largest_ring_two_bond_fragmentation
FRAG_503f6cdb13,JAK2_e3b8202d52,CCS(=O)(=O)N1CCN(c2ccc3cc2COCC=CCOCc2cccc(c2)-c2ccnc(n2)N3)CC1,[18*]COCc1cc(Nc2nccc(-c3cccc(CO[20*])c3)n2)ccc1N1CCN(S(=O)(=O)CC)CC1,[17*]C=CC[21*],18,3,35,0,17,20,17;21,largest_ring_two_bond_fragmentation
FRAG_60b1c38c2d,JAK2_e3b8202d52,CCS(=O)(=O)N1CCN(c2ccc3cc2COCC=CCOCc2cccc(c2)-c2ccnc(n2)N3)CC1,[18*]COCc1cc(Nc2nccc(-c3cccc(C[21*])c3)n2)ccc1N1CCN(S(=O)(=O)CC)CC1,[17*]C=CCO[22*],18,4,34,0,17,21,17;22,largest_ring_two_bond_fragmentation
FRAG_6b50d257b9,JAK2_e3b8202d52,CCS(=O)(=O)N1CCN(c2ccc3cc2COCC=CCOCc2cccc(c2)-c2ccnc(n2)N3)CC1,[18*]COCc1cc(Nc2nccc(-c3cccc([22*])c3)n2)ccc1N1CCN(S(=O)(=O)CC)CC1,[17*]C=CCOC[23*],18,5,33,0,17,22,17;23,largest_ring_two_bond_fragmentation
FRAG_9de6768f90,JAK2_e3b8202d52,CCS(=O)(=O)N1CCN(c2ccc3cc2COCC=CCOCc2cccc(c2)-c2ccnc(n2)N3)CC1,[18*]COCc1cc(Nc2nccc([27*])n2)ccc1N1CCN(S(=O)(=O)CC)CC1,[17*]C=CCOCc1cccc([29*])c1,18,11,27,6,17,28,17;29,largest_ring_two_bond_fragmentation
FRAG_60c0143d21,JAK2_e3b8202d52,CCS(=O)(=O)N1CCN(c2ccc3cc2COCC=CCOCc2cccc(c2)-c2ccnc(n2)N3)CC1,[20*]C=CCOCc1cc(Nc2nccc(-c3cccc([22*])c3)n2)ccc1N1CCN(S(=O)(=O)CC)CC1,[19*]COC[23*],18,3,35,0,19,22,19;23,largest_ring_two_bond_fragmentation
FRAG_ab11918407,JAK2_e3b8202d52,CCS(=O)(=O)N1CCN(c2ccc3cc2COCC=CCOCc2cccc(c2)-c2ccnc(n2)N3)CC1,[20*]C=CCOCc1cc(Nc2nccc([27*])n2)ccc1N1CCN(S(=O)(=O)CC)CC1,[19*]COCc1cccc([29*])c1,18,9,29,6,19,28,19;29,largest_ring_two_bond_fragmentation
FRAG_e3f89259c3,JAK2_e3b8202d52,CCS(=O)(=O)N1CCN(c2ccc3cc2COCC=CCOCc2cccc(c2)-c2ccnc(n2)N3)CC1,[21*]CC=CCOCc1cc(Nc2nccc([27*])n2)ccc1N1CCN(S(=O)(=O)CC)CC1,[20*]OCc1cccc([29*])c1,18,8,30,6,20,28,20;29,largest_ring_two_bond_fragmentation
FRAG_26ee919a4f,JAK2_e3b8202d52,CCS(=O)(=O)N1CCN(c2ccc3cc2COCC=CCOCc2cccc(c2)-c2ccnc(n2)N3)CC1,[22*]OCC=CCOCc1cc(Nc2nccc([27*])n2)ccc1N1CCN(S(=O)(=O)CC)CC1,[21*]Cc1cccc([29*])c1,18,7,31,6,21,28,21;29,largest_ring_two_bond_fragmentation
FRAG_8b4b981bfb,JAK2_e3b8202d52,CCS(=O)(=O)N1CCN(c2ccc3cc2COCC=CCOCc2cccc(c2)-c2ccnc(n2)N3)CC1,[23*]COCC=CCOCc1cc(Nc2nccc([27*])n2)ccc1N1CCN(S(=O)(=O)CC)CC1,[22*]c1cccc([29*])c1,18,6,32,6,22,28,22;29,largest_ring_two_bond_fragmentation
FRAG_b7899fa904,JAK2_e3b8202d52,CCS(=O)(=O)N1CCN(c2ccc3cc2COCC=CCOCc2cccc(c2)-c2ccnc(n2)N3)CC1,[23*]COCC=CCOCc1cc(N[33*])ccc1N1CCN(S(=O)(=O)CC)CC1,[22*]c1cccc(-c2ccnc([35*])n2)c1,18,12,26,6,22,34,22;35,largest_ring_two_bond_fragmentation
FRAG_5f40b2ea0f,JAK2_e3b8202d52,CCS(=O)(=O)N1CCN(c2ccc3cc2COCC=CCOCc2cccc(c2)-c2ccnc(n2)N3)CC1,[29*]c1cccc(COCC=CCOCc2cc(N[33*])ccc2N2CCN(S(=O)(=O)CC)CC2)c1,[27*]c1ccnc([35*])n1,18,6,32,6,28,34,27;35,largest_ring_two_bond_fragmentation
FRAG_d7e6eff06b,JAK2_e3b8202d52,CCS(=O)(=O)N1CCN(c2ccc3cc2COCC=CCOCc2cccc(c2)-c2ccnc(n2)N3)CC1,[29*]c1cccc(COCC=CCOCc2cc([35*])ccc2N2CCN(S(=O)(=O)CC)CC2)c1,[12*]Nc1nccc([27*])n1,18,7,31,6,28,41,12;27,largest_ring_two_bond_fragmentation
FRAG_23650c4c38,JAK2_b065db2dc7,C1=N/C2=N/c3ccc(OCCN4CCCC4)c(c3)COC/C=C/COCc3cccc(c3)C(=C1)N2,[3*]c1ccc(OCCN2CCCC2)c(COC/C=C/COCc2cccc([32*])c2)c1,[4*]/N=c1/nccc([30*])[nH]1,18,7,28,6,3,31,4;30,largest_ring_two_bond_fragmentation
FRAG_17b85b23f9,JAK2_b065db2dc7,C1=N/C2=N/c3ccc(OCCN4CCCC4)c(c3)COC/C=C/COCc3cccc(c3)C(=C1)N2,[18*]c1cc(/N=c2/nccc(-c3cccc(COC/C=C/[20*])c3)[nH]2)ccc1OCCN1CCCC1,[16*]COC[21*],18,3,32,0,17,20,16;21,largest_ring_two_bond_fragmentation
FRAG_9203201dcd,JAK2_b065db2dc7,C1=N/C2=N/c3ccc(OCCN4CCCC4)c(c3)COC/C=C/COCc3cccc(c3)C(=C1)N2,[18*]c1cc(/N=c2/nccc(-c3cccc(COC[22*])c3)[nH]2)ccc1OCCN1CCCC1,[16*]COC/C=C/[23*],18,5,30,0,17,22,16;23,largest_ring_two_bond_fragmentation
FRAG_653eb15b29,JAK2_b065db2dc7,C1=N/C2=N/c3ccc(OCCN4CCCC4)c(c3)COC/C=C/COCc3cccc(c3)C(=C1)N2,[18*]c1cc(/N=c2/nccc(-c3cccc(CO[23*])c3)[nH]2)ccc1OCCN1CCCC1,[16*]COC/C=C/C[24*],18,6,29,0,17,23,16;24,largest_ring_two_bond_fragmentation
FRAG_b9938c8f9e,JAK2_b065db2dc7,C1=N/C2=N/c3ccc(OCCN4CCCC4)c(c3)COC/C=C/COCc3cccc(c3)C(=C1)N2,[18*]c1cc(/N=c2/nccc(-c3cccc(C[24*])c3)[nH]2)ccc1OCCN1CCCC1,[16*]COC/C=C/CO[25*],18,7,28,0,17,24,16;25,largest_ring_two_bond_fragmentation
FRAG_3dbf4943b6,JAK2_b065db2dc7,C1=N/C2=N/c3ccc(OCCN4CCCC4)c(c3)COC/C=C/COCc3cccc(c3)C(=C1)N2,[18*]c1cc(/N=c2/nccc(-c3cccc([25*])c3)[nH]2)ccc1OCCN1CCCC1,[16*]COC/C=C/COC[26*],18,8,27,0,17,25,16;26,largest_ring_two_bond_fragmentation
FRAG_ee273f5ad0,JAK2_b065db2dc7,C1=N/C2=N/c3ccc(OCCN4CCCC4)c(c3)COC/C=C/COCc3cccc(c3)C(=C1)N2,[19*]Cc1cc(/N=c2/nccc(-c3cccc(COC[22*])c3)[nH]2)ccc1OCCN1CCCC1,[18*]OC/C=C/[23*],18,4,31,0,18,22,18;23,largest_ring_two_bond_fragmentation
FRAG_8df0559813,JAK2_b065db2dc7,C1=N/C2=N/c3ccc(OCCN4CCCC4)c(c3)COC/C=C/COCc3cccc(c3)C(=C1)N2,[19*]Cc1cc(/N=c2/nccc(-c3cccc(CO[23*])c3)[nH]2)ccc1OCCN1CCCC1,[18*]OC/C=C/C[24*],18,5,30,0,18,23,18;24,largest_ring_two_bond_fragmentation
FRAG_f22d978997,JAK2_b065db2dc7,C1=N/C2=N/c3ccc(OCCN4CCCC4)c(c3)COC/C=C/COCc3cccc(c3)C(=C1)N2,[19*]Cc1cc(/N=c2/nccc(-c3cccc(C[24*])c3)[nH]2)ccc1OCCN1CCCC1,[18*]OC/C=C/CO[25*],18,6,29,0,18,24,18;25,largest_ring_two_bond_fragmentation
FRAG_2c1842360c,JAK2_b065db2dc7,C1=N/C2=N/c3ccc(OCCN4CCCC4)c(c3)COC/C=C/COCc3cccc(c3)C(=C1)N2,[19*]Cc1cc(/N=c2/nccc(-c3cccc([25*])c3)[nH]2)ccc1OCCN1CCCC1,[18*]OC/C=C/COC[26*],18,7,28,0,18,25,18;26,largest_ring_two_bond_fragmentation
FRAG_c2905d8536,JAK2_b065db2dc7,C1=N/C2=N/c3ccc(OCCN4CCCC4)c(c3)COC/C=C/COCc3cccc(c3)C(=C1)N2,[20*]OCc1cc(/N=c2/nccc(-c3cccc(COC[22*])c3)[nH]2)ccc1OCCN1CCCC1,[19*]C/C=C/[23*],18,3,32,0,19,22,19;23,largest_ring_two_bond_fragmentation
FRAG_c54cda4aef,JAK2_b065db2dc7,C1=N/C2=N/c3ccc(OCCN4CCCC4)c(c3)COC/C=C/COCc3cccc(c3)C(=C1)N2,[20*]OCc1cc(/N=c2/nccc(-c3cccc(CO[23*])c3)[nH]2)ccc1OCCN1CCCC1,[19*]C/C=C/C[24*],18,4,31,0,19,23,19;24,largest_ring_two_bond_fragmentation
FRAG_b59a7dbba1,JAK2_b065db2dc7,C1=N/C2=N/c3ccc(OCCN4CCCC4)c(c3)COC/C=C/COCc3cccc(c3)C(=C1)N2,[20*]OCc1cc(/N=c2/nccc(-c3cccc(C[24*])c3)[nH]2)ccc1OCCN1CCCC1,[19*]C/C=C/CO[25*],18,5,30,0,19,24,19;25,largest_ring_two_bond_fragmentation
FRAG_0c1249b806,JAK2_b065db2dc7,C1=N/C2=N/c3ccc(OCCN4CCCC4)c(c3)COC/C=C/COCc3cccc(c3)C(=C1)N2,[20*]OCc1cc(/N=c2/nccc(-c3cccc([25*])c3)[nH]2)ccc1OCCN1CCCC1,[19*]C/C=C/COC[26*],18,6,29,0,19,25,19;26,largest_ring_two_bond_fragmentation
FRAG_f0d592cb53,JAK2_b065db2dc7,C1=N/C2=N/c3ccc(OCCN4CCCC4)c(c3)COC/C=C/COCc3cccc(c3)C(=C1)N2,[20*]OCc1cc(/N=c2/nccc([30*])[nH]2)ccc1OCCN1CCCC1,[19*]C/C=C/COCc1cccc([32*])c1,18,12,23,6,19,31,19;32,largest_ring_two_bond_fragmentation
FRAG_43b5dbcce5,JAK2_b065db2dc7,C1=N/C2=N/c3ccc(OCCN4CCCC4)c(c3)COC/C=C/COCc3cccc(c3)C(=C1)N2,[21*]COCc1cc(/N=c2/nccc(-c3cccc(CO[23*])c3)[nH]2)ccc1OCCN1CCCC1,[20*]/C=C/C[24*],18,3,32,0,20,23,20;24,largest_ring_two_bond_fragmentation
FRAG_bb5296c180,JAK2_b065db2dc7,C1=N/C2=N/c3ccc(OCCN4CCCC4)c(c3)COC/C=C/COCc3cccc(c3)C(=C1)N2,[21*]COCc1cc(/N=c2/nccc(-c3cccc(C[24*])c3)[nH]2)ccc1OCCN1CCCC1,[20*]/C=C/CO[25*],18,4,31,0,20,24,20;25,largest_ring_two_bond_fragmentation
FRAG_b5ece8c1cb,JAK2_b065db2dc7,C1=N/C2=N/c3ccc(OCCN4CCCC4)c(c3)COC/C=C/COCc3cccc(c3)C(=C1)N2,[21*]COCc1cc(/N=c2/nccc(-c3cccc([25*])c3)[nH]2)ccc1OCCN1CCCC1,[20*]/C=C/COC[26*],18,5,30,0,20,25,20;26,largest_ring_two_bond_fragmentation
FRAG_4dd0f6dc69,JAK2_b065db2dc7,C1=N/C2=N/c3ccc(OCCN4CCCC4)c(c3)COC/C=C/COCc3cccc(c3)C(=C1)N2,[21*]COCc1cc(/N=c2/nccc([30*])[nH]2)ccc1OCCN1CCCC1,[20*]/C=C/COCc1cccc([32*])c1,18,11,24,6,20,31,20;32,largest_ring_two_bond_fragmentation
FRAG_07114537a0,JAK2_b065db2dc7,C1=N/C2=N/c3ccc(OCCN4CCCC4)c(c3)COC/C=C/COCc3cccc(c3)C(=C1)N2,[23*]/C=C/COCc1cc(/N=c2/nccc(-c3cccc([25*])c3)[nH]2)ccc1OCCN1CCCC1,[22*]COC[26*],18,3,32,0,22,25,22;26,largest_ring_two_bond_fragmentation
FRAG_86d180e258,JAK2_b065db2dc7,C1=N/C2=N/c3ccc(OCCN4CCCC4)c(c3)COC/C=C/COCc3cccc(c3)C(=C1)N2,[23*]/C=C/COCc1cc(/N=c2/nccc([30*])[nH]2)ccc1OCCN1CCCC1,[22*]COCc1cccc([32*])c1,18,9,26,6,22,31,22;32,largest_ring_two_bond_fragmentation
FRAG_5c59b8c318,JAK2_b065db2dc7,C1=N/C2=N/c3ccc(OCCN4CCCC4)c(c3)COC/C=C/COCc3cccc(c3)C(=C1)N2,[24*]C/C=C/COCc1cc(/N=c2/nccc([30*])[nH]2)ccc1OCCN1CCCC1,[23*]OCc1cccc([32*])c1,18,8,27,6,23,31,23;32,largest_ring_two_bond_fragmentation
FRAG_0a83fa5c99,JAK2_b065db2dc7,C1=N/C2=N/c3ccc(OCCN4CCCC4)c(c3)COC/C=C/COCc3cccc(c3)C(=C1)N2,[25*]OC/C=C/COCc1cc(/N=c2/nccc([30*])[nH]2)ccc1OCCN1CCCC1,[24*]Cc1cccc([32*])c1,18,7,28,6,24,31,24;32,largest_ring_two_bond_fragmentation
FRAG_235a175216,JAK2_b065db2dc7,C1=N/C2=N/c3ccc(OCCN4CCCC4)c(c3)COC/C=C/COCc3cccc(c3)C(=C1)N2,[26*]COC/C=C/COCc1cc(/N=c2/nccc([30*])[nH]2)ccc1OCCN1CCCC1,[25*]c1cccc([32*])c1,18,6,29,6,25,31,25;32,largest_ring_two_bond_fragmentation
FRAG_b9823b867f,JAK2_1c395c5584,CN1C/C=C/CC(=O)Nc2cccc(c2)-c2ccnc(n2)Nc2cccc(c2)C1,[2*]N(C)Cc1cccc(Nc2nccc(-c3cccc(NC(=O)C[4*])c3)n2)c1,[1*]C/C=C/[5*],18,3,26,0,1,4,1;5,largest_ring_two_bond_fragmentation
FRAG_09e18c47da,JAK2_1c395c5584,CN1C/C=C/CC(=O)Nc2cccc(c2)-c2ccnc(n2)Nc2cccc(c2)C1,[2*]N(C)Cc1cccc(Nc2nccc(-c3cccc(NC([5*])=O)c3)n2)c1,[1*]C/C=C/C[6*],18,4,25,0,1,5,1;6,largest_ring_two_bond_fragmentation
FRAG_0be46d50cb,JAK2_1c395c5584,CN1C/C=C/CC(=O)Nc2cccc(c2)-c2ccnc(n2)Nc2cccc(c2)C1,[2*]N(C)Cc1cccc(Nc2nccc(-c3cccc(N[6*])c3)n2)c1,[1*]C/C=C/CC([8*])=O,18,6,23,0,1,7,1;8,largest_ring_two_bond_fragmentation
FRAG_cd368df161,JAK2_1c395c5584,CN1C/C=C/CC(=O)Nc2cccc(c2)-c2ccnc(n2)Nc2cccc(c2)C1,[2*]N(C)Cc1cccc(Nc2nccc(-c3cccc([8*])c3)n2)c1,[1*]C/C=C/CC(=O)N[9*],18,7,22,0,1,8,1;9,largest_ring_two_bond_fragmentation
FRAG_37f180b6a1,JAK2_1c395c5584,CN1C/C=C/CC(=O)Nc2cccc(c2)-c2ccnc(n2)Nc2cccc(c2)C1,[1*]C/C=C/CC(=O)Nc1cccc(-c2ccnc([21*])n2)c1,[2*]N(C)Cc1cccc(N[19*])c1,18,10,19,6,1,20,2;19,largest_ring_two_bond_fragmentation
FRAG_122ee6854b,JAK2_1c395c5584,CN1C/C=C/CC(=O)Nc2cccc(c2)-c2ccnc(n2)Nc2cccc(c2)C1,[1*]C/C=C/CC(=O)Nc1cccc(-c2ccnc(N[22*])n2)c1,[2*]N(C)Cc1cccc([21*])c1,18,9,20,6,1,21,2;21,largest_ring_two_bond_fragmentation
FRAG_fb053ec553,JAK2_1c395c5584,CN1C/C=C/CC(=O)Nc2cccc(c2)-c2ccnc(n2)Nc2cccc(c2)C1,[1*]C/C=C/CC(=O)Nc1cccc(-c2ccnc(Nc3cccc([28*])c3)n2)c1,[2*]N(C)C[26*],18,3,26,0,1,27,2;26,largest_ring_two_bond_fragmentation
FRAG_af9b14777e,JAK2_1c395c5584,CN1C/C=C/CC(=O)Nc2cccc(c2)-c2ccnc(n2)Nc2cccc(c2)C1,[3*]CN(C)Cc1cccc(Nc2nccc(-c3cccc(NC([5*])=O)c3)n2)c1,[2*]/C=C/C[6*],18,3,26,0,2,5,2;6,largest_ring_two_bond_fragmentation
FRAG_f47ec2d7bc,JAK2_1c395c5584,CN1C/C=C/CC(=O)Nc2cccc(c2)-c2ccnc(n2)Nc2cccc(c2)C1,[3*]CN(C)Cc1cccc(Nc2nccc(-c3cccc(N[6*])c3)n2)c1,[2*]/C=C/CC([8*])=O,18,5,24,0,2,7,2;8,largest_ring_two_bond_fragmentation
FRAG_d1296e27a5,JAK2_1c395c5584,CN1C/C=C/CC(=O)Nc2cccc(c2)-c2ccnc(n2)Nc2cccc(c2)C1,[3*]CN(C)Cc1cccc(Nc2nccc(-c3cccc([8*])c3)n2)c1,[2*]/C=C/CC(=O)N[9*],18,6,23,0,2,8,2;9,largest_ring_two_bond_fragmentation
FRAG_852fb68bd7,JAK2_1c395c5584,CN1C/C=C/CC(=O)Nc2cccc(c2)-c2ccnc(n2)Nc2cccc(c2)C1,[3*]CN(C)Cc1cccc(Nc2nccc([13*])n2)c1,[2*]/C=C/CC(=O)Nc1cccc([15*])c1,18,12,17,6,2,14,2;15,largest_ring_two_bond_fragmentation
FRAG_293334a1f8,JAK2_1c395c5584,CN1C/C=C/CC(=O)Nc2cccc(c2)-c2ccnc(n2)Nc2cccc(c2)C1,[2*]/C=C/CC(=O)Nc1cccc(-c2ccnc([21*])n2)c1,[3*]CN(C)Cc1cccc(N[19*])c1,18,11,18,6,2,20,3;19,largest_ring_two_bond_fragmentation
FRAG_1897b3c203,JAK2_1c395c5584,CN1C/C=C/CC(=O)Nc2cccc(c2)-c2ccnc(n2)Nc2cccc(c2)C1,[2*]/C=C/CC(=O)Nc1cccc(-c2ccnc(N[22*])n2)c1,[3*]CN(C)Cc1cccc([21*])c1,18,10,19,6,2,21,3;21,largest_ring_two_bond_fragmentation
FRAG_75b4524c47,JAK2_1c395c5584,CN1C/C=C/CC(=O)Nc2cccc(c2)-c2ccnc(n2)Nc2cccc(c2)C1,[2*]/C=C/CC(=O)Nc1cccc(-c2ccnc(Nc3cccc([28*])c3)n2)c1,[3*]CN(C)C[26*],18,4,25,0,2,27,3;26,largest_ring_two_bond_fragmentation
FRAG_34feaabfd3,JAK2_1c395c5584,CN1C/C=C/CC(=O)Nc2cccc(c2)-c2ccnc(n2)Nc2cccc(c2)C1,[1*]Cc1cccc(Nc2nccc(-c3cccc(NC(=O)C/C=C/[2*])c3)n2)c1,[3*]CN([28*])C,18,3,26,0,2,28,3;28,largest_ring_two_bond_fragmentation
FRAG_1fff43dccf,JAK2_1c395c5584,CN1C/C=C/CC(=O)Nc2cccc(c2)-c2ccnc(n2)Nc2cccc(c2)C1,[5*]/C=C/CN(C)Cc1cccc(Nc2nccc(-c3cccc(N[6*])c3)n2)c1,[4*]CC([8*])=O,18,3,26,0,4,7,4;8,largest_ring_two_bond_fragmentation
FRAG_0956f3a5bb,JAK2_1c395c5584,CN1C/C=C/CC(=O)Nc2cccc(c2)-c2ccnc(n2)Nc2cccc(c2)C1,[5*]/C=C/CN(C)Cc1cccc(Nc2nccc(-c3cccc([8*])c3)n2)c1,[4*]CC(=O)N[9*],18,4,25,0,4,8,4;9,largest_ring_two_bond_fragmentation
FRAG_153547e949,JAK2_1c395c5584,CN1C/C=C/CC(=O)Nc2cccc(c2)-c2ccnc(n2)Nc2cccc(c2)C1,[5*]/C=C/CN(C)Cc1cccc(Nc2nccc([13*])n2)c1,[4*]CC(=O)Nc1cccc([15*])c1,18,10,19,6,4,14,4;15,largest_ring_two_bond_fragmentation
FRAG_031eb5bbd7,JAK2_1c395c5584,CN1C/C=C/CC(=O)Nc2cccc(c2)-c2ccnc(n2)Nc2cccc(c2)C1,[4*]CC(=O)Nc1cccc(-c2ccnc(N[22*])n2)c1,[5*]/C=C/CN(C)Cc1cccc([21*])c1,18,12,17,6,4,21,5;21,largest_ring_two_bond_fragmentation
FRAG_d7289ebd4a,JAK2_1c395c5584,CN1C/C=C/CC(=O)Nc2cccc(c2)-c2ccnc(n2)Nc2cccc(c2)C1,[4*]CC(=O)Nc1cccc(-c2ccnc(Nc3cccc([28*])c3)n2)c1,[5*]/C=C/CN(C)C[26*],18,6,23,0,4,27,5;26,largest_ring_two_bond_fragmentation
FRAG_f263d2775f,JAK2_1c395c5584,CN1C/C=C/CC(=O)Nc2cccc(c2)-c2ccnc(n2)Nc2cccc(c2)C1,[1*]Cc1cccc(Nc2nccc(-c3cccc(NC(=O)C[4*])c3)n2)c1,[5*]/C=C/CN([28*])C,18,5,24,0,4,28,5;28,largest_ring_two_bond_fragmentation
FRAG_87fe7e40aa,JAK2_1c395c5584,CN1C/C=C/CC(=O)Nc2cccc(c2)-c2ccnc(n2)Nc2cccc(c2)C1,[6*]C/C=C/CN(C)Cc1cccc(Nc2nccc(-c3cccc([8*])c3)n2)c1,[5*]C(=O)N[9*],18,3,26,0,5,8,5;9,largest_ring_two_bond_fragmentation
FRAG_7377499ce9,JAK2_1c395c5584,CN1C/C=C/CC(=O)Nc2cccc(c2)-c2ccnc(n2)Nc2cccc(c2)C1,[6*]C/C=C/CN(C)Cc1cccc(Nc2nccc([13*])n2)c1,[5*]C(=O)Nc1cccc([15*])c1,18,9,20,6,5,14,5;15,largest_ring_two_bond_fragmentation
FRAG_59ae5bbc82,JAK2_1c395c5584,CN1C/C=C/CC(=O)Nc2cccc(c2)-c2ccnc(n2)Nc2cccc(c2)C1,[5*]C(=O)Nc1cccc(-c2ccnc(Nc3cccc([28*])c3)n2)c1,[6*]C/C=C/CN(C)C[26*],18,7,22,0,5,27,6;26,largest_ring_two_bond_fragmentation
FRAG_75a1978545,JAK2_1c395c5584,CN1C/C=C/CC(=O)Nc2cccc(c2)-c2ccnc(n2)Nc2cccc(c2)C1,[1*]Cc1cccc(Nc2nccc(-c3cccc(NC([5*])=O)c3)n2)c1,[6*]C/C=C/CN([28*])C,18,6,23,0,5,28,6;28,largest_ring_two_bond_fragmentation
FRAG_a6437d61c2,JAK2_1c395c5584,CN1C/C=C/CC(=O)Nc2cccc(c2)-c2ccnc(n2)Nc2cccc(c2)C1,[8*]C(=O)C/C=C/CN(C)Cc1cccc(Nc2nccc([13*])n2)c1,[6*]Nc1cccc([15*])c1,18,7,22,6,7,14,6;15,largest_ring_two_bond_fragmentation
FRAG_c692e69476,JAK2_1c395c5584,CN1C/C=C/CC(=O)Nc2cccc(c2)-c2ccnc(n2)Nc2cccc(c2)C1,[6*]Nc1cccc(-c2ccnc(Nc3cccc([28*])c3)n2)c1,[8*]C(=O)C/C=C/CN(C)C[26*],18,9,20,0,7,27,8;26,largest_ring_two_bond_fragmentation
FRAG_d8bb7e9bf8,JAK2_1c395c5584,CN1C/C=C/CC(=O)Nc2cccc(c2)-c2ccnc(n2)Nc2cccc(c2)C1,[1*]Cc1cccc(Nc2nccc(-c3cccc(N[6*])c3)n2)c1,[8*]C(=O)C/C=C/CN([28*])C,18,8,21,0,7,28,8;28,largest_ring_two_bond_fragmentation
FRAG_8fc250035e,JAK2_1c395c5584,CN1C/C=C/CC(=O)Nc2cccc(c2)-c2ccnc(n2)Nc2cccc(c2)C1,[9*]NC(=O)C/C=C/CN(C)Cc1cccc(Nc2nccc([13*])n2)c1,[8*]c1cccc([15*])c1,18,6,23,6,8,14,8;15,largest_ring_two_bond_fragmentation
FRAG_1512cbf459,JAK2_1c395c5584,CN1C/C=C/CC(=O)Nc2cccc(c2)-c2ccnc(n2)Nc2cccc(c2)C1,[9*]NC(=O)C/C=C/CN(C)Cc1cccc(N[19*])c1,[8*]c1cccc(-c2ccnc([21*])n2)c1,18,12,17,6,8,20,8;21,largest_ring_two_bond_fragmentation
FRAG_772e4287be,JAK2_1c395c5584,CN1C/C=C/CC(=O)Nc2cccc(c2)-c2ccnc(n2)Nc2cccc(c2)C1,[8*]c1cccc(-c2ccnc(Nc3cccc([28*])c3)n2)c1,[9*]NC(=O)C/C=C/CN(C)C[26*],18,10,19,0,8,27,9;26,largest_ring_two_bond_fragmentation
FRAG_017079dd00,JAK2_1c395c5584,CN1C/C=C/CC(=O)Nc2cccc(c2)-c2ccnc(n2)Nc2cccc(c2)C1,[1*]Cc1cccc(Nc2nccc(-c3cccc([8*])c3)n2)c1,[9*]NC(=O)C/C=C/CN([28*])C,18,9,20,0,8,28,9;28,largest_ring_two_bond_fragmentation
FRAG_a1fe082c36,JAK2_1c395c5584,CN1C/C=C/CC(=O)Nc2cccc(c2)-c2ccnc(n2)Nc2cccc(c2)C1,[15*]c1cccc(NC(=O)C/C=C/CN(C)Cc2cccc(N[19*])c2)c1,[13*]c1ccnc([21*])n1,18,6,23,6,14,20,13;21,largest_ring_two_bond_fragmentation
FRAG_1f82ee13c1,JAK2_1c395c5584,CN1C/C=C/CC(=O)Nc2cccc(c2)-c2ccnc(n2)Nc2cccc(c2)C1,[15*]c1cccc(NC(=O)C/C=C/CN(C)Cc2cccc([21*])c2)c1,[13*]c1ccnc(N[22*])n1,18,7,22,6,14,21,13;22,largest_ring_two_bond_fragmentation
FRAG_5b0841cade,JAK2_1c395c5584,CN1C/C=C/CC(=O)Nc2cccc(c2)-c2ccnc(n2)Nc2cccc(c2)C1,[21*]c1nccc(-c2cccc(NC(=O)C/C=C/CN(C)C[26*])c2)n1,[19*]Nc1cccc([28*])c1,18,7,22,6,20,27,19;28,largest_ring_two_bond_fragmentation
FRAG_0a861a4a20,JAK2_1c395c5584,CN1C/C=C/CC(=O)Nc2cccc(c2)-c2ccnc(n2)Nc2cccc(c2)C1,[21*]c1nccc(-c2cccc(NC(=O)C/C=C/CN([28*])C)c2)n1,[1*]Cc1cccc(N[19*])c1,18,8,21,6,20,28,1;19,largest_ring_two_bond_fragmentation
FRAG_c1405a4c53,JAK2_1c395c5584,CN1C/C=C/CC(=O)Nc2cccc(c2)-c2ccnc(n2)Nc2cccc(c2)C1,[22*]Nc1nccc(-c2cccc(NC(=O)C/C=C/CN(C)C[26*])c2)n1,[21*]c1cccc([28*])c1,18,6,23,6,21,27,21;28,largest_ring_two_bond_fragmentation
FRAG_de2f78f199,JAK2_1c395c5584,CN1C/C=C/CC(=O)Nc2cccc(c2)-c2ccnc(n2)Nc2cccc(c2)C1,[22*]Nc1nccc(-c2cccc(NC(=O)C/C=C/CN([28*])C)c2)n1,[1*]Cc1cccc([21*])c1,18,7,22,6,21,28,1;21,largest_ring_two_bond_fragmentation
FRAG_07d1c3296b,JAK2_4c1cea8d33,COc1ccc2cc1COCC=CCOCc1cc(ccc1OCCN1CCCC1)Nc1nccc-2n1,[8*]c1cc(-c2ccnc(Nc3ccc(OCCN4CCCC4)c(COCC=C[10*])c3)n2)ccc1OC,[7*]COC[11*],18,3,34,0,7,10,7;11,largest_ring_two_bond_fragmentation
FRAG_2df8c88da2,JAK2_4c1cea8d33,COc1ccc2cc1COCC=CCOCc1cc(ccc1OCCN1CCCC1)Nc1nccc-2n1,[8*]c1cc(-c2ccnc(Nc3ccc(OCCN4CCCC4)c(COC[12*])c3)n2)ccc1OC,[7*]COCC=C[13*],18,5,32,0,7,12,7;13,largest_ring_two_bond_fragmentation
FRAG_c684e19ecd,JAK2_4c1cea8d33,COc1ccc2cc1COCC=CCOCc1cc(ccc1OCCN1CCCC1)Nc1nccc-2n1,[8*]c1cc(-c2ccnc(Nc3ccc(OCCN4CCCC4)c(CO[13*])c3)n2)ccc1OC,[7*]COCC=CC[14*],18,6,31,0,7,13,7;14,largest_ring_two_bond_fragmentation
FRAG_00758ede69,JAK2_4c1cea8d33,COc1ccc2cc1COCC=CCOCc1cc(ccc1OCCN1CCCC1)Nc1nccc-2n1,[8*]c1cc(-c2ccnc(Nc3ccc(OCCN4CCCC4)c(C[14*])c3)n2)ccc1OC,[7*]COCC=CCO[15*],18,7,30,0,7,14,7;15,largest_ring_two_bond_fragmentation
FRAG_2430522eeb,JAK2_4c1cea8d33,COc1ccc2cc1COCC=CCOCc1cc(ccc1OCCN1CCCC1)Nc1nccc-2n1,[8*]c1cc(-c2ccnc(Nc3ccc(OCCN4CCCC4)c([15*])c3)n2)ccc1OC,[7*]COCC=CCOC[16*],18,8,29,0,7,15,7;16,largest_ring_two_bond_fragmentation
FRAG_98ae511043,JAK2_4c1cea8d33,COc1ccc2cc1COCC=CCOCc1cc(ccc1OCCN1CCCC1)Nc1nccc-2n1,[5*]c1ccnc(Nc2ccc(OCCN3CCCC3)c(COCC=CCOC[7*])c2)n1,[8*]c1cc([35*])ccc1OC,18,8,29,6,7,40,8;35,largest_ring_two_bond_fragmentation
FRAG_c8eb5dae58,JAK2_4c1cea8d33,COc1ccc2cc1COCC=CCOCc1cc(ccc1OCCN1CCCC1)Nc1nccc-2n1,[9*]Cc1cc(-c2ccnc(Nc3ccc(OCCN4CCCC4)c(COC[12*])c3)n2)ccc1OC,[8*]OCC=C[13*],18,4,33,0,8,12,8;13,largest_ring_two_bond_fragmentation
FRAG_12a807375a,JAK2_4c1cea8d33,COc1ccc2cc1COCC=CCOCc1cc(ccc1OCCN1CCCC1)Nc1nccc-2n1,[9*]Cc1cc(-c2ccnc(Nc3ccc(OCCN4CCCC4)c(CO[13*])c3)n2)ccc1OC,[8*]OCC=CC[14*],18,5,32,0,8,13,8;14,largest_ring_two_bond_fragmentation
FRAG_9b352965ca,JAK2_4c1cea8d33,COc1ccc2cc1COCC=CCOCc1cc(ccc1OCCN1CCCC1)Nc1nccc-2n1,[9*]Cc1cc(-c2ccnc(Nc3ccc(OCCN4CCCC4)c(C[14*])c3)n2)ccc1OC,[8*]OCC=CCO[15*],18,6,31,0,8,14,8;15,largest_ring_two_bond_fragmentation
FRAG_a9cc7f46bb,JAK2_4c1cea8d33,COc1ccc2cc1COCC=CCOCc1cc(ccc1OCCN1CCCC1)Nc1nccc-2n1,[9*]Cc1cc(-c2ccnc(Nc3ccc(OCCN4CCCC4)c([15*])c3)n2)ccc1OC,[8*]OCC=CCOC[16*],18,7,30,0,8,15,8;16,largest_ring_two_bond_fragmentation
FRAG_25e7255ffb,JAK2_4c1cea8d33,COc1ccc2cc1COCC=CCOCc1cc(ccc1OCCN1CCCC1)Nc1nccc-2n1,[5*]c1ccnc(Nc2ccc(OCCN3CCCC3)c(COCC=CCO[8*])c2)n1,[9*]Cc1cc([35*])ccc1OC,18,9,28,6,8,40,9;35,largest_ring_two_bond_fragmentation
FRAG_76f11cd024,JAK2_4c1cea8d33,COc1ccc2cc1COCC=CCOCc1cc(ccc1OCCN1CCCC1)Nc1nccc-2n1,[10*]OCc1cc(-c2ccnc(Nc3ccc(OCCN4CCCC4)c(COC[12*])c3)n2)ccc1OC,[9*]CC=C[13*],18,3,34,0,9,12,9;13,largest_ring_two_bond_fragmentation
FRAG_ed6e694b30,JAK2_4c1cea8d33,COc1ccc2cc1COCC=CCOCc1cc(ccc1OCCN1CCCC1)Nc1nccc-2n1,[10*]OCc1cc(-c2ccnc(Nc3ccc(OCCN4CCCC4)c(CO[13*])c3)n2)ccc1OC,[9*]CC=CC[14*],18,4,33,0,9,13,9;14,largest_ring_two_bond_fragmentation
FRAG_c264a2976d,JAK2_4c1cea8d33,COc1ccc2cc1COCC=CCOCc1cc(ccc1OCCN1CCCC1)Nc1nccc-2n1,[10*]OCc1cc(-c2ccnc(Nc3ccc(OCCN4CCCC4)c(C[14*])c3)n2)ccc1OC,[9*]CC=CCO[15*],18,5,32,0,9,14,9;15,largest_ring_two_bond_fragmentation
FRAG_eb20766e40,JAK2_4c1cea8d33,COc1ccc2cc1COCC=CCOCc1cc(ccc1OCCN1CCCC1)Nc1nccc-2n1,[10*]OCc1cc(-c2ccnc(Nc3ccc(OCCN4CCCC4)c([15*])c3)n2)ccc1OC,[9*]CC=CCOC[16*],18,6,31,0,9,15,9;16,largest_ring_two_bond_fragmentation
FRAG_67d240dc80,JAK2_4c1cea8d33,COc1ccc2cc1COCC=CCOCc1cc(ccc1OCCN1CCCC1)Nc1nccc-2n1,[5*]c1ccnc(Nc2ccc(OCCN3CCCC3)c(COCC=CC[9*])c2)n1,[10*]OCc1cc([35*])ccc1OC,18,10,27,6,9,40,10;35,largest_ring_two_bond_fragmentation
FRAG_d6b1683d7f,JAK2_4c1cea8d33,COc1ccc2cc1COCC=CCOCc1cc(ccc1OCCN1CCCC1)Nc1nccc-2n1,[11*]COCc1cc(-c2ccnc(Nc3ccc(OCCN4CCCC4)c(CO[13*])c3)n2)ccc1OC,[10*]C=CC[14*],18,3,34,0,10,13,10;14,largest_ring_two_bond_fragmentation
FRAG_f565df3c8c,JAK2_4c1cea8d33,COc1ccc2cc1COCC=CCOCc1cc(ccc1OCCN1CCCC1)Nc1nccc-2n1,[11*]COCc1cc(-c2ccnc(Nc3ccc(OCCN4CCCC4)c(C[14*])c3)n2)ccc1OC,[10*]C=CCO[15*],18,4,33,0,10,14,10;15,largest_ring_two_bond_fragmentation
FRAG_fd28e3bee4,JAK2_4c1cea8d33,COc1ccc2cc1COCC=CCOCc1cc(ccc1OCCN1CCCC1)Nc1nccc-2n1,[11*]COCc1cc(-c2ccnc(Nc3ccc(OCCN4CCCC4)c([15*])c3)n2)ccc1OC,[10*]C=CCOC[16*],18,5,32,0,10,15,10;16,largest_ring_two_bond_fragmentation
FRAG_decba2b6ea,JAK2_4c1cea8d33,COc1ccc2cc1COCC=CCOCc1cc(ccc1OCCN1CCCC1)Nc1nccc-2n1,[5*]c1ccnc(Nc2ccc(OCCN3CCCC3)c(COCC=C[10*])c2)n1,[11*]COCc1cc([35*])ccc1OC,18,11,26,6,10,40,11;35,largest_ring_two_bond_fragmentation
FRAG_244f04b5de,JAK2_4c1cea8d33,COc1ccc2cc1COCC=CCOCc1cc(ccc1OCCN1CCCC1)Nc1nccc-2n1,[13*]C=CCOCc1cc(-c2ccnc(Nc3ccc(OCCN4CCCC4)c([15*])c3)n2)ccc1OC,[12*]COC[16*],18,3,34,0,12,15,12;16,largest_ring_two_bond_fragmentation
FRAG_dea75602d1,JAK2_4c1cea8d33,COc1ccc2cc1COCC=CCOCc1cc(ccc1OCCN1CCCC1)Nc1nccc-2n1,[30*]c1ccc(OCCN2CCCC2)c(COCC=CCOCc2cc([35*])ccc2OC)c1,[5*]c1ccnc(N[18*])n1,18,7,30,6,29,40,5;18,largest_ring_two_bond_fragmentation
FRAG_73cae605ef,JAK2_4c1cea8d33,COc1ccc2cc1COCC=CCOCc1cc(ccc1OCCN1CCCC1)Nc1nccc-2n1,[31*]Nc1ccc(OCCN2CCCC2)c(COCC=CCOCc2cc([35*])ccc2OC)c1,[5*]c1ccnc([30*])n1,18,6,31,6,30,40,5;30,largest_ring_two_bond_fragmentation
FRAG_1dad57df44,JAK2_7397607b96,O=C1CC/C=C\COc2cccc(c2)-c2ccnc(n2)Nc2cccc(c2)N1,[2*]C(=O)Nc1cccc(Nc2nccc(-c3cccc(OC[5*])c3)n2)c1,[1*]CC/C=C\[6*],18,4,24,0,1,5,1;6,largest_ring_two_bond_fragmentation
FRAG_4d9a4d291d,JAK2_7397607b96,O=C1CC/C=C\COc2cccc(c2)-c2ccnc(n2)Nc2cccc(c2)N1,[2*]C(=O)Nc1cccc(Nc2nccc(-c3cccc(O[6*])c3)n2)c1,[1*]CC/C=C\C[7*],18,5,23,0,1,6,1;7,largest_ring_two_bond_fragmentation
FRAG_23aa69ab10,JAK2_7397607b96,O=C1CC/C=C\COc2cccc(c2)-c2ccnc(n2)Nc2cccc(c2)N1,[2*]C(=O)Nc1cccc(Nc2nccc(-c3cccc([7*])c3)n2)c1,[1*]CC/C=C\CO[8*],18,6,22,0,1,7,1;8,largest_ring_two_bond_fragmentation
FRAG_6e2c57a78a,JAK2_7397607b96,O=C1CC/C=C\COc2cccc(c2)-c2ccnc(n2)Nc2cccc(c2)N1,[2*]C(=O)Nc1cccc(Nc2nccc([12*])n2)c1,[1*]CC/C=C\COc1cccc([14*])c1,18,12,16,6,1,13,1;14,largest_ring_two_bond_fragmentation
FRAG_3a2aa37a2e,JAK2_7397607b96,O=C1CC/C=C\COc2cccc(c2)-c2ccnc(n2)Nc2cccc(c2)N1,[1*]CC/C=C\COc1cccc(-c2ccnc([20*])n2)c1,[2*]C(=O)Nc1cccc(N[18*])c1,18,10,18,6,1,19,2;18,largest_ring_two_bond_fragmentation
FRAG_7a6a7c73a8,JAK2_7397607b96,O=C1CC/C=C\COc2cccc(c2)-c2ccnc(n2)Nc2cccc(c2)N1,[1*]CC/C=C\COc1cccc(-c2ccnc(N[21*])n2)c1,[2*]C(=O)Nc1cccc([20*])c1,18,9,19,6,1,20,2;20,largest_ring_two_bond_fragmentation
FRAG_4cd6fc7518,JAK2_7397607b96,O=C1CC/C=C\COc2cccc(c2)-c2ccnc(n2)Nc2cccc(c2)N1,[1*]CC/C=C\COc1cccc(-c2ccnc(Nc3cccc([27*])c3)n2)c1,[2*]C(=O)N[25*],18,3,25,0,1,26,2;25,largest_ring_two_bond_fragmentation
FRAG_6f6d9dae3a,JAK2_7397607b96,O=C1CC/C=C\COc2cccc(c2)-c2ccnc(n2)Nc2cccc(c2)N1,[3*]CC(=O)Nc1cccc(Nc2nccc(-c3cccc(OC[5*])c3)n2)c1,[2*]C/C=C\[6*],18,3,25,0,2,5,2;6,largest_ring_two_bond_fragmentation
FRAG_91f5d3bc65,JAK2_7397607b96,O=C1CC/C=C\COc2cccc(c2)-c2ccnc(n2)Nc2cccc(c2)N1,[3*]CC(=O)Nc1cccc(Nc2nccc(-c3cccc(O[6*])c3)n2)c1,[2*]C/C=C\C[7*],18,4,24,0,2,6,2;7,largest_ring_two_bond_fragmentation
FRAG_79d720077d,JAK2_7397607b96,O=C1CC/C=C\COc2cccc(c2)-c2ccnc(n2)Nc2cccc(c2)N1,[3*]CC(=O)Nc1cccc(Nc2nccc(-c3cccc([7*])c3)n2)c1,[2*]C/C=C\CO[8*],18,5,23,0,2,7,2;8,largest_ring_two_bond_fragmentation
FRAG_5fc436144c,JAK2_7397607b96,O=C1CC/C=C\COc2cccc(c2)-c2ccnc(n2)Nc2cccc(c2)N1,[3*]CC(=O)Nc1cccc(Nc2nccc([12*])n2)c1,[2*]C/C=C\COc1cccc([14*])c1,18,11,17,6,2,13,2;14,largest_ring_two_bond_fragmentation
FRAG_cf45f6e9e3,JAK2_7397607b96,O=C1CC/C=C\COc2cccc(c2)-c2ccnc(n2)Nc2cccc(c2)N1,[2*]C/C=C\COc1cccc(-c2ccnc([20*])n2)c1,[3*]CC(=O)Nc1cccc(N[18*])c1,18,11,17,6,2,19,3;18,largest_ring_two_bond_fragmentation
FRAG_097baf05f5,JAK2_7397607b96,O=C1CC/C=C\COc2cccc(c2)-c2ccnc(n2)Nc2cccc(c2)N1,[2*]C/C=C\COc1cccc(-c2ccnc(N[21*])n2)c1,[3*]CC(=O)Nc1cccc([20*])c1,18,10,18,6,2,20,3;20,largest_ring_two_bond_fragmentation
FRAG_c19efd650b,JAK2_7397607b96,O=C1CC/C=C\COc2cccc(c2)-c2ccnc(n2)Nc2cccc(c2)N1,[2*]C/C=C\COc1cccc(-c2ccnc(Nc3cccc([27*])c3)n2)c1,[3*]CC(=O)N[25*],18,4,24,0,2,26,3;25,largest_ring_two_bond_fragmentation
FRAG_845f644229,JAK2_7397607b96,O=C1CC/C=C\COc2cccc(c2)-c2ccnc(n2)Nc2cccc(c2)N1,[1*]Nc1cccc(Nc2nccc(-c3cccc(OC/C=C\C[2*])c3)n2)c1,[3*]CC([27*])=O,18,3,25,0,2,27,3;27,largest_ring_two_bond_fragmentation
FRAG_44921d2b48,JAK2_7397607b96,O=C1CC/C=C\COc2cccc(c2)-c2ccnc(n2)Nc2cccc(c2)N1,[4*]CCC(=O)Nc1cccc(Nc2nccc(-c3cccc(O[6*])c3)n2)c1,[3*]/C=C\C[7*],18,3,25,0,3,6,3;7,largest_ring_two_bond_fragmentation
FRAG_c497cf5144,JAK2_7397607b96,O=C1CC/C=C\COc2cccc(c2)-c2ccnc(n2)Nc2cccc(c2)N1,[4*]CCC(=O)Nc1cccc(Nc2nccc(-c3cccc([7*])c3)n2)c1,[3*]/C=C\CO[8*],18,4,24,0,3,7,3;8,largest_ring_two_bond_fragmentation
FRAG_d5a7122d5f,JAK2_7397607b96,O=C1CC/C=C\COc2cccc(c2)-c2ccnc(n2)Nc2cccc(c2)N1,[4*]CCC(=O)Nc1cccc(Nc2nccc([12*])n2)c1,[3*]/C=C\COc1cccc([14*])c1,18,10,18,6,3,13,3;14,largest_ring_two_bond_fragmentation
FRAG_35c9b90623,JAK2_7397607b96,O=C1CC/C=C\COc2cccc(c2)-c2ccnc(n2)Nc2cccc(c2)N1,[3*]/C=C\COc1cccc(-c2ccnc([20*])n2)c1,[4*]CCC(=O)Nc1cccc(N[18*])c1,18,12,16,6,3,19,4;18,largest_ring_two_bond_fragmentation
FRAG_6245ebaedc,JAK2_7397607b96,O=C1CC/C=C\COc2cccc(c2)-c2ccnc(n2)Nc2cccc(c2)N1,[3*]/C=C\COc1cccc(-c2ccnc(N[21*])n2)c1,[4*]CCC(=O)Nc1cccc([20*])c1,18,11,17,6,3,20,4;20,largest_ring_two_bond_fragmentation
FRAG_8f08f26b70,JAK2_7397607b96,O=C1CC/C=C\COc2cccc(c2)-c2ccnc(n2)Nc2cccc(c2)N1,[3*]/C=C\COc1cccc(-c2ccnc(Nc3cccc([27*])c3)n2)c1,[4*]CCC(=O)N[25*],18,5,23,0,3,26,4;25,largest_ring_two_bond_fragmentation
FRAG_f47a67cfec,JAK2_7397607b96,O=C1CC/C=C\COc2cccc(c2)-c2ccnc(n2)Nc2cccc(c2)N1,[1*]Nc1cccc(Nc2nccc(-c3cccc(OC/C=C\[3*])c3)n2)c1,[4*]CCC([27*])=O,18,4,24,0,3,27,4;27,largest_ring_two_bond_fragmentation
FRAG_2950922ac2,JAK2_7397607b96,O=C1CC/C=C\COc2cccc(c2)-c2ccnc(n2)Nc2cccc(c2)N1,[6*]/C=C\CCC(=O)Nc1cccc(Nc2nccc([12*])n2)c1,[5*]COc1cccc([14*])c1,18,8,20,6,5,13,5;14,largest_ring_two_bond_fragmentation
FRAG_ab7780bb6b,JAK2_7397607b96,O=C1CC/C=C\COc2cccc(c2)-c2ccnc(n2)Nc2cccc(c2)N1,[5*]COc1cccc(-c2ccnc(Nc3cccc([27*])c3)n2)c1,[6*]/C=C\CCC(=O)N[25*],18,7,21,0,5,26,6;25,largest_ring_two_bond_fragmentation
FRAG_9ff65f35c7,JAK2_7397607b96,O=C1CC/C=C\COc2cccc(c2)-c2ccnc(n2)Nc2cccc(c2)N1,[1*]Nc1cccc(Nc2nccc(-c3cccc(OC[5*])c3)n2)c1,[6*]/C=C\CCC([27*])=O,18,6,22,0,5,27,6;27,largest_ring_two_bond_fragmentation
FRAG_9d0b50bdde,JAK2_7397607b96,O=C1CC/C=C\COc2cccc(c2)-c2ccnc(n2)Nc2cccc(c2)N1,[7*]C/C=C\CCC(=O)Nc1cccc(Nc2nccc([12*])n2)c1,[6*]Oc1cccc([14*])c1,18,7,21,6,6,13,6;14,largest_ring_two_bond_fragmentation
FRAG_6e1f0eace6,JAK2_7397607b96,O=C1CC/C=C\COc2cccc(c2)-c2ccnc(n2)Nc2cccc(c2)N1,[6*]Oc1cccc(-c2ccnc(Nc3cccc([27*])c3)n2)c1,[7*]C/C=C\CCC(=O)N[25*],18,8,20,0,6,26,7;25,largest_ring_two_bond_fragmentation
FRAG_77d718c64d,JAK2_7397607b96,O=C1CC/C=C\COc2cccc(c2)-c2ccnc(n2)Nc2cccc(c2)N1,[1*]Nc1cccc(Nc2nccc(-c3cccc(O[6*])c3)n2)c1,[7*]C/C=C\CCC([27*])=O,18,7,21,0,6,27,7;27,largest_ring_two_bond_fragmentation
FRAG_da2adfa7a3,JAK2_7397607b96,O=C1CC/C=C\COc2cccc(c2)-c2ccnc(n2)Nc2cccc(c2)N1,[8*]OC/C=C\CCC(=O)Nc1cccc(Nc2nccc([12*])n2)c1,[7*]c1cccc([14*])c1,18,6,22,6,7,13,7;14,largest_ring_two_bond_fragmentation
FRAG_117267dffb,JAK2_7397607b96,O=C1CC/C=C\COc2cccc(c2)-c2ccnc(n2)Nc2cccc(c2)N1,[8*]OC/C=C\CCC(=O)Nc1cccc(N[18*])c1,[7*]c1cccc(-c2ccnc([20*])n2)c1,18,12,16,6,7,19,7;20,largest_ring_two_bond_fragmentation
FRAG_c69041b009,JAK2_7397607b96,O=C1CC/C=C\COc2cccc(c2)-c2ccnc(n2)Nc2cccc(c2)N1,[7*]c1cccc(-c2ccnc(Nc3cccc([27*])c3)n2)c1,[8*]OC/C=C\CCC(=O)N[25*],18,9,19,0,7,26,8;25,largest_ring_two_bond_fragmentation
FRAG_99615f164d,JAK2_7397607b96,O=C1CC/C=C\COc2cccc(c2)-c2ccnc(n2)Nc2cccc(c2)N1,[1*]Nc1cccc(Nc2nccc(-c3cccc([7*])c3)n2)c1,[8*]OC/C=C\CCC([27*])=O,18,8,20,0,7,27,8;27,largest_ring_two_bond_fragmentation
FRAG_1343136dea,JAK2_7397607b96,O=C1CC/C=C\COc2cccc(c2)-c2ccnc(n2)Nc2cccc(c2)N1,[14*]c1cccc(OC/C=C\CCC(=O)Nc2cccc(N[18*])c2)c1,[12*]c1ccnc([20*])n1,18,6,22,6,13,19,12;20,largest_ring_two_bond_fragmentation
FRAG_63ce847fe2,JAK2_7397607b96,O=C1CC/C=C\COc2cccc(c2)-c2ccnc(n2)Nc2cccc(c2)N1,[14*]c1cccc(OC/C=C\CCC(=O)Nc2cccc([20*])c2)c1,[12*]c1ccnc(N[21*])n1,18,7,21,6,13,20,12;21,largest_ring_two_bond_fragmentation
FRAG_23e7e74325,JAK2_7397607b96,O=C1CC/C=C\COc2cccc(c2)-c2ccnc(n2)Nc2cccc(c2)N1,[20*]c1nccc(-c2cccc(OC/C=C\CCC(=O)N[25*])c2)n1,[18*]Nc1cccc([27*])c1,18,7,21,6,19,26,18;27,largest_ring_two_bond_fragmentation
FRAG_3c6987f5c0,JAK2_7397607b96,O=C1CC/C=C\COc2cccc(c2)-c2ccnc(n2)Nc2cccc(c2)N1,[20*]c1nccc(-c2cccc(OC/C=C\CCC([27*])=O)c2)n1,[1*]Nc1cccc(N[18*])c1,18,8,20,6,19,27,1;18,largest_ring_two_bond_fragmentation
FRAG_914848cf2e,JAK2_7397607b96,O=C1CC/C=C\COc2cccc(c2)-c2ccnc(n2)Nc2cccc(c2)N1,[21*]Nc1nccc(-c2cccc(OC/C=C\CCC(=O)N[25*])c2)n1,[20*]c1cccc([27*])c1,18,6,22,6,20,26,20;27,largest_ring_two_bond_fragmentation
FRAG_07f01452b1,JAK2_7397607b96,O=C1CC/C=C\COc2cccc(c2)-c2ccnc(n2)Nc2cccc(c2)N1,[21*]Nc1nccc(-c2cccc(OC/C=C\CCC([27*])=O)c2)n1,[1*]Nc1cccc([20*])c1,18,7,21,6,20,27,1;20,largest_ring_two_bond_fragmentation
FRAG_0c3bd14d47,JAK2_256b00588d,Fc1cc2cc(c1)-c1ccnc(n1)Nc1ccc(OCCN3CCCC3)c(c1)COCC=CCOC2,[7*]c1cc(F)cc(COCC=CCOCc2cc(N[11*])ccc2OCCN2CCCC2)c1,[5*]c1ccnc([13*])n1,18,6,30,6,6,12,5;13,largest_ring_two_bond_fragmentation
FRAG_b81e5f860c,JAK2_256b00588d,Fc1cc2cc(c1)-c1ccnc(n1)Nc1ccc(OCCN3CCCC3)c(c1)COCC=CCOC2,[7*]c1cc(F)cc(COCC=CCOCc2cc([13*])ccc2OCCN2CCCC2)c1,[5*]c1ccnc(N[14*])n1,18,7,29,6,6,13,5;14,largest_ring_two_bond_fragmentation
FRAG_bff616ac03,JAK2_256b00588d,Fc1cc2cc(c1)-c1ccnc(n1)Nc1ccc(OCCN3CCCC3)c(c1)COCC=CCOC2,[5*]c1ccnc(Nc2ccc(OCCN3CCCC3)c(COC[31*])c2)n1,[7*]c1cc(F)cc(COCC=C[30*])c1,18,12,24,6,6,30,7;30,largest_ring_two_bond_fragmentation
FRAG_f39e0e3fc6,JAK2_256b00588d,Fc1cc2cc(c1)-c1ccnc(n1)Nc1ccc(OCCN3CCCC3)c(c1)COCC=CCOC2,[5*]c1ccnc(Nc2ccc(OCCN3CCCC3)c(COCC=C[33*])c2)n1,[7*]c1cc(F)cc(COC[32*])c1,18,10,26,6,6,32,7;32,largest_ring_two_bond_fragmentation
FRAG_7b122fab79,JAK2_256b00588d,Fc1cc2cc(c1)-c1ccnc(n1)Nc1ccc(OCCN3CCCC3)c(c1)COCC=CCOC2,[5*]c1ccnc(Nc2ccc(OCCN3CCCC3)c(COCC=CC[34*])c2)n1,[7*]c1cc(F)cc(CO[33*])c1,18,9,27,6,6,33,7;33,largest_ring_two_bond_fragmentation
FRAG_93761c4886,JAK2_256b00588d,Fc1cc2cc(c1)-c1ccnc(n1)Nc1ccc(OCCN3CCCC3)c(c1)COCC=CCOC2,[5*]c1ccnc(Nc2ccc(OCCN3CCCC3)c(COCC=CCO[35*])c2)n1,[7*]c1cc(F)cc(C[34*])c1,18,8,28,6,6,34,7;34,largest_ring_two_bond_fragmentation
FRAG_fc73f534bf,JAK2_256b00588d,Fc1cc2cc(c1)-c1ccnc(n1)Nc1ccc(OCCN3CCCC3)c(c1)COCC=CCOC2,[3*]COCC=CCOCc1cc(Nc2nccc([5*])n2)ccc1OCCN1CCCC1,[7*]c1cc([35*])cc(F)c1,18,7,29,6,6,38,7;35,largest_ring_two_bond_fragmentation
FRAG_4272f7a53e,JAK2_256b00588d,Fc1cc2cc(c1)-c1ccnc(n1)Nc1ccc(OCCN3CCCC3)c(c1)COCC=CCOC2,[28*]c1cc(Nc2nccc(-c3cc(F)cc(COCC=C[30*])c3)n2)ccc1OCCN1CCCC1,[26*]COC[31*],18,3,33,0,27,30,26;31,largest_ring_two_bond_fragmentation
FRAG_ec9750eeab,JAK2_256b00588d,Fc1cc2cc(c1)-c1ccnc(n1)Nc1ccc(OCCN3CCCC3)c(c1)COCC=CCOC2,[28*]c1cc(Nc2nccc(-c3cc(F)cc(COC[32*])c3)n2)ccc1OCCN1CCCC1,[26*]COCC=C[33*],18,5,31,0,27,32,26;33,largest_ring_two_bond_fragmentation
FRAG_2583ba8446,JAK2_256b00588d,Fc1cc2cc(c1)-c1ccnc(n1)Nc1ccc(OCCN3CCCC3)c(c1)COCC=CCOC2,[28*]c1cc(Nc2nccc(-c3cc(F)cc(CO[33*])c3)n2)ccc1OCCN1CCCC1,[26*]COCC=CC[34*],18,6,30,0,27,33,26;34,largest_ring_two_bond_fragmentation
FRAG_745ff50683,JAK2_256b00588d,Fc1cc2cc(c1)-c1ccnc(n1)Nc1ccc(OCCN3CCCC3)c(c1)COCC=CCOC2,[28*]c1cc(Nc2nccc(-c3cc(F)cc(C[34*])c3)n2)ccc1OCCN1CCCC1,[26*]COCC=CCO[35*],18,7,29,0,27,34,26;35,largest_ring_two_bond_fragmentation
FRAG_ebb1f01ae1,JAK2_256b00588d,Fc1cc2cc(c1)-c1ccnc(n1)Nc1ccc(OCCN3CCCC3)c(c1)COCC=CCOC2,[28*]c1cc(Nc2nccc(-c3cc([35*])cc(F)c3)n2)ccc1OCCN1CCCC1,[3*]COCC=CCOC[26*],18,8,28,0,27,38,3;26,largest_ring_two_bond_fragmentation
FRAG_debf74f6e7,JAK2_256b00588d,Fc1cc2cc(c1)-c1ccnc(n1)Nc1ccc(OCCN3CCCC3)c(c1)COCC=CCOC2,[29*]Cc1cc(Nc2nccc(-c3cc(F)cc(COC[32*])c3)n2)ccc1OCCN1CCCC1,[28*]OCC=C[33*],18,4,32,0,28,32,28;33,largest_ring_two_bond_fragmentation
FRAG_5cecefba1d,JAK2_256b00588d,Fc1cc2cc(c1)-c1ccnc(n1)Nc1ccc(OCCN3CCCC3)c(c1)COCC=CCOC2,[29*]Cc1cc(Nc2nccc(-c3cc(F)cc(CO[33*])c3)n2)ccc1OCCN1CCCC1,[28*]OCC=CC[34*],18,5,31,0,28,33,28;34,largest_ring_two_bond_fragmentation
FRAG_945e1390c9,JAK2_256b00588d,Fc1cc2cc(c1)-c1ccnc(n1)Nc1ccc(OCCN3CCCC3)c(c1)COCC=CCOC2,[29*]Cc1cc(Nc2nccc(-c3cc(F)cc(C[34*])c3)n2)ccc1OCCN1CCCC1,[28*]OCC=CCO[35*],18,6,30,0,28,34,28;35,largest_ring_two_bond_fragmentation
FRAG_9ea46a166c,JAK2_256b00588d,Fc1cc2cc(c1)-c1ccnc(n1)Nc1ccc(OCCN3CCCC3)c(c1)COCC=CCOC2,[29*]Cc1cc(Nc2nccc(-c3cc([35*])cc(F)c3)n2)ccc1OCCN1CCCC1,[3*]COCC=CCO[28*],18,7,29,0,28,38,3;28,largest_ring_two_bond_fragmentation
FRAG_16a1935d71,JAK2_256b00588d,Fc1cc2cc(c1)-c1ccnc(n1)Nc1ccc(OCCN3CCCC3)c(c1)COCC=CCOC2,[30*]OCc1cc(Nc2nccc(-c3cc(F)cc(COC[32*])c3)n2)ccc1OCCN1CCCC1,[29*]CC=C[33*],18,3,33,0,29,32,29;33,largest_ring_two_bond_fragmentation
FRAG_a5cc4a5b33,JAK2_256b00588d,Fc1cc2cc(c1)-c1ccnc(n1)Nc1ccc(OCCN3CCCC3)c(c1)COCC=CCOC2,[30*]OCc1cc(Nc2nccc(-c3cc(F)cc(CO[33*])c3)n2)ccc1OCCN1CCCC1,[29*]CC=CC[34*],18,4,32,0,29,33,29;34,largest_ring_two_bond_fragmentation
FRAG_c1a5fee279,JAK2_256b00588d,Fc1cc2cc(c1)-c1ccnc(n1)Nc1ccc(OCCN3CCCC3)c(c1)COCC=CCOC2,[30*]OCc1cc(Nc2nccc(-c3cc(F)cc(C[34*])c3)n2)ccc1OCCN1CCCC1,[29*]CC=CCO[35*],18,5,31,0,29,34,29;35,largest_ring_two_bond_fragmentation
FRAG_90b411c5e1,JAK2_256b00588d,Fc1cc2cc(c1)-c1ccnc(n1)Nc1ccc(OCCN3CCCC3)c(c1)COCC=CCOC2,[30*]OCc1cc(Nc2nccc(-c3cc([35*])cc(F)c3)n2)ccc1OCCN1CCCC1,[3*]COCC=CC[29*],18,6,30,0,29,38,3;29,largest_ring_two_bond_fragmentation
FRAG_1c387ec410,JAK2_256b00588d,Fc1cc2cc(c1)-c1ccnc(n1)Nc1ccc(OCCN3CCCC3)c(c1)COCC=CCOC2,[31*]COCc1cc(Nc2nccc(-c3cc(F)cc(CO[33*])c3)n2)ccc1OCCN1CCCC1,[30*]C=CC[34*],18,3,33,0,30,33,30;34,largest_ring_two_bond_fragmentation
FRAG_7ca4bcc62a,JAK2_256b00588d,Fc1cc2cc(c1)-c1ccnc(n1)Nc1ccc(OCCN3CCCC3)c(c1)COCC=CCOC2,[31*]COCc1cc(Nc2nccc(-c3cc(F)cc(C[34*])c3)n2)ccc1OCCN1CCCC1,[30*]C=CCO[35*],18,4,32,0,30,34,30;35,largest_ring_two_bond_fragmentation
FRAG_d551d50a37,JAK2_256b00588d,Fc1cc2cc(c1)-c1ccnc(n1)Nc1ccc(OCCN3CCCC3)c(c1)COCC=CCOC2,[31*]COCc1cc(Nc2nccc(-c3cc([35*])cc(F)c3)n2)ccc1OCCN1CCCC1,[3*]COCC=C[30*],18,5,31,0,30,38,3;30,largest_ring_two_bond_fragmentation
FRAG_13a8936d49,JAK2_256b00588d,Fc1cc2cc(c1)-c1ccnc(n1)Nc1ccc(OCCN3CCCC3)c(c1)COCC=CCOC2,[33*]C=CCOCc1cc(Nc2nccc(-c3cc([35*])cc(F)c3)n2)ccc1OCCN1CCCC1,[3*]COC[32*],18,3,33,0,32,38,3;32,largest_ring_two_bond_fragmentation
FRAG_65332929dd,JAK2_d3faa600af,Fc1ccc2cc1COCC=CCOCc1cc(ccc1OCCN1CCCC1)Nc1nccc-2n1,[7*]c1cc(-c2ccnc(Nc3ccc(OCCN4CCCC4)c(COCC=C[9*])c3)n2)ccc1F,[6*]COC[10*],18,3,33,0,6,9,6;10,largest_ring_two_bond_fragmentation
FRAG_7e60bf01c6,JAK2_d3faa600af,Fc1ccc2cc1COCC=CCOCc1cc(ccc1OCCN1CCCC1)Nc1nccc-2n1,[7*]c1cc(-c2ccnc(Nc3ccc(OCCN4CCCC4)c(COC[11*])c3)n2)ccc1F,[6*]COCC=C[12*],18,5,31,0,6,11,6;12,largest_ring_two_bond_fragmentation
FRAG_fa43a6153a,JAK2_d3faa600af,Fc1ccc2cc1COCC=CCOCc1cc(ccc1OCCN1CCCC1)Nc1nccc-2n1,[7*]c1cc(-c2ccnc(Nc3ccc(OCCN4CCCC4)c(CO[12*])c3)n2)ccc1F,[6*]COCC=CC[13*],18,6,30,0,6,12,6;13,largest_ring_two_bond_fragmentation
FRAG_a8a57eadb3,JAK2_d3faa600af,Fc1ccc2cc1COCC=CCOCc1cc(ccc1OCCN1CCCC1)Nc1nccc-2n1,[7*]c1cc(-c2ccnc(Nc3ccc(OCCN4CCCC4)c(C[13*])c3)n2)ccc1F,[6*]COCC=CCO[14*],18,7,29,0,6,13,6;14,largest_ring_two_bond_fragmentation
FRAG_bd1e70479b,JAK2_d3faa600af,Fc1ccc2cc1COCC=CCOCc1cc(ccc1OCCN1CCCC1)Nc1nccc-2n1,[7*]c1cc(-c2ccnc(Nc3ccc(OCCN4CCCC4)c([14*])c3)n2)ccc1F,[6*]COCC=CCOC[15*],18,8,28,0,6,14,6;15,largest_ring_two_bond_fragmentation
FRAG_afac32c80c,JAK2_d3faa600af,Fc1ccc2cc1COCC=CCOCc1cc(ccc1OCCN1CCCC1)Nc1nccc-2n1,[4*]c1ccnc(Nc2ccc(OCCN3CCCC3)c(COCC=CCOC[6*])c2)n1,[7*]c1cc([34*])ccc1F,18,7,29,6,6,39,7;34,largest_ring_two_bond_fragmentation
FRAG_b694ef819b,JAK2_d3faa600af,Fc1ccc2cc1COCC=CCOCc1cc(ccc1OCCN1CCCC1)Nc1nccc-2n1,[8*]Cc1cc(-c2ccnc(Nc3ccc(OCCN4CCCC4)c(COC[11*])c3)n2)ccc1F,[7*]OCC=C[12*],18,4,32,0,7,11,7;12,largest_ring_two_bond_fragmentation
FRAG_43b06e71a3,JAK2_d3faa600af,Fc1ccc2cc1COCC=CCOCc1cc(ccc1OCCN1CCCC1)Nc1nccc-2n1,[8*]Cc1cc(-c2ccnc(Nc3ccc(OCCN4CCCC4)c(CO[12*])c3)n2)ccc1F,[7*]OCC=CC[13*],18,5,31,0,7,12,7;13,largest_ring_two_bond_fragmentation
FRAG_d7d74a2296,JAK2_d3faa600af,Fc1ccc2cc1COCC=CCOCc1cc(ccc1OCCN1CCCC1)Nc1nccc-2n1,[8*]Cc1cc(-c2ccnc(Nc3ccc(OCCN4CCCC4)c(C[13*])c3)n2)ccc1F,[7*]OCC=CCO[14*],18,6,30,0,7,13,7;14,largest_ring_two_bond_fragmentation
FRAG_bdf292f309,JAK2_d3faa600af,Fc1ccc2cc1COCC=CCOCc1cc(ccc1OCCN1CCCC1)Nc1nccc-2n1,[8*]Cc1cc(-c2ccnc(Nc3ccc(OCCN4CCCC4)c([14*])c3)n2)ccc1F,[7*]OCC=CCOC[15*],18,7,29,0,7,14,7;15,largest_ring_two_bond_fragmentation
FRAG_b6a90ffa67,JAK2_d3faa600af,Fc1ccc2cc1COCC=CCOCc1cc(ccc1OCCN1CCCC1)Nc1nccc-2n1,[4*]c1ccnc(Nc2ccc(OCCN3CCCC3)c(COCC=CCO[7*])c2)n1,[8*]Cc1cc([34*])ccc1F,18,8,28,6,7,39,8;34,largest_ring_two_bond_fragmentation
FRAG_b5ce8c68e4,JAK2_d3faa600af,Fc1ccc2cc1COCC=CCOCc1cc(ccc1OCCN1CCCC1)Nc1nccc-2n1,[9*]OCc1cc(-c2ccnc(Nc3ccc(OCCN4CCCC4)c(COC[11*])c3)n2)ccc1F,[8*]CC=C[12*],18,3,33,0,8,11,8;12,largest_ring_two_bond_fragmentation
FRAG_1bb80a2675,JAK2_d3faa600af,Fc1ccc2cc1COCC=CCOCc1cc(ccc1OCCN1CCCC1)Nc1nccc-2n1,[9*]OCc1cc(-c2ccnc(Nc3ccc(OCCN4CCCC4)c(CO[12*])c3)n2)ccc1F,[8*]CC=CC[13*],18,4,32,0,8,12,8;13,largest_ring_two_bond_fragmentation
FRAG_c3364bf128,JAK2_d3faa600af,Fc1ccc2cc1COCC=CCOCc1cc(ccc1OCCN1CCCC1)Nc1nccc-2n1,[9*]OCc1cc(-c2ccnc(Nc3ccc(OCCN4CCCC4)c(C[13*])c3)n2)ccc1F,[8*]CC=CCO[14*],18,5,31,0,8,13,8;14,largest_ring_two_bond_fragmentation
FRAG_f0d54b7cce,JAK2_d3faa600af,Fc1ccc2cc1COCC=CCOCc1cc(ccc1OCCN1CCCC1)Nc1nccc-2n1,[9*]OCc1cc(-c2ccnc(Nc3ccc(OCCN4CCCC4)c([14*])c3)n2)ccc1F,[8*]CC=CCOC[15*],18,6,30,0,8,14,8;15,largest_ring_two_bond_fragmentation
FRAG_cbb7614d94,JAK2_d3faa600af,Fc1ccc2cc1COCC=CCOCc1cc(ccc1OCCN1CCCC1)Nc1nccc-2n1,[4*]c1ccnc(Nc2ccc(OCCN3CCCC3)c(COCC=CC[8*])c2)n1,[9*]OCc1cc([34*])ccc1F,18,9,27,6,8,39,9;34,largest_ring_two_bond_fragmentation
FRAG_1949579d06,JAK2_d3faa600af,Fc1ccc2cc1COCC=CCOCc1cc(ccc1OCCN1CCCC1)Nc1nccc-2n1,[10*]COCc1cc(-c2ccnc(Nc3ccc(OCCN4CCCC4)c(CO[12*])c3)n2)ccc1F,[9*]C=CC[13*],18,3,33,0,9,12,9;13,largest_ring_two_bond_fragmentation
FRAG_b56cd5fab6,JAK2_d3faa600af,Fc1ccc2cc1COCC=CCOCc1cc(ccc1OCCN1CCCC1)Nc1nccc-2n1,[10*]COCc1cc(-c2ccnc(Nc3ccc(OCCN4CCCC4)c(C[13*])c3)n2)ccc1F,[9*]C=CCO[14*],18,4,32,0,9,13,9;14,largest_ring_two_bond_fragmentation
FRAG_0bad3ec756,JAK2_d3faa600af,Fc1ccc2cc1COCC=CCOCc1cc(ccc1OCCN1CCCC1)Nc1nccc-2n1,[10*]COCc1cc(-c2ccnc(Nc3ccc(OCCN4CCCC4)c([14*])c3)n2)ccc1F,[9*]C=CCOC[15*],18,5,31,0,9,14,9;15,largest_ring_two_bond_fragmentation
FRAG_76b9dd8f2b,JAK2_d3faa600af,Fc1ccc2cc1COCC=CCOCc1cc(ccc1OCCN1CCCC1)Nc1nccc-2n1,[4*]c1ccnc(Nc2ccc(OCCN3CCCC3)c(COCC=C[9*])c2)n1,[10*]COCc1cc([34*])ccc1F,18,10,26,6,9,39,10;34,largest_ring_two_bond_fragmentation
FRAG_c4288d5a28,JAK2_d3faa600af,Fc1ccc2cc1COCC=CCOCc1cc(ccc1OCCN1CCCC1)Nc1nccc-2n1,[12*]C=CCOCc1cc(-c2ccnc(Nc3ccc(OCCN4CCCC4)c([14*])c3)n2)ccc1F,[11*]COC[15*],18,3,33,0,11,14,11;15,largest_ring_two_bond_fragmentation
FRAG_4b04e5a7c1,JAK2_d3faa600af,Fc1ccc2cc1COCC=CCOCc1cc(ccc1OCCN1CCCC1)Nc1nccc-2n1,[4*]c1ccnc(Nc2ccc(OCCN3CCCC3)c(COC[11*])c2)n1,[12*]C=CCOCc1cc([34*])ccc1F,18,12,24,6,11,39,12;34,largest_ring_two_bond_fragmentation
FRAG_5170448b17,JAK2_d3faa600af,Fc1ccc2cc1COCC=CCOCc1cc(ccc1OCCN1CCCC1)Nc1nccc-2n1,[29*]c1ccc(OCCN2CCCC2)c(COCC=CCOCc2cc([34*])ccc2F)c1,[4*]c1ccnc(N[17*])n1,18,7,29,6,28,39,4;17,largest_ring_two_bond_fragmentation
FRAG_d0a6da8a74,JAK2_d3faa600af,Fc1ccc2cc1COCC=CCOCc1cc(ccc1OCCN1CCCC1)Nc1nccc-2n1,[30*]Nc1ccc(OCCN2CCCC2)c(COCC=CCOCc2cc([34*])ccc2F)c1,[4*]c1ccnc([29*])n1,18,6,30,6,29,39,4;29,largest_ring_two_bond_fragmentation
FRAG_65760af242,JAK2_ddd315e2f6,C1=CCOCc2cccc(c2)-c2ccnc(n2)Nc2cc(cc(OCCN3CCCC3)c2)COC1,[2*]C=CCOCc1cc(Nc2nccc(-c3cccc([4*])c3)n2)cc(OCCN2CCCC2)c1,[1*]COC[5*],18,3,32,0,1,4,1;5,largest_ring_two_bond_fragmentation
FRAG_89d3c1cbae,JAK2_ddd315e2f6,C1=CCOCc2cccc(c2)-c2ccnc(n2)Nc2cc(cc(OCCN3CCCC3)c2)COC1,[2*]C=CCOCc1cc(Nc2nccc([9*])n2)cc(OCCN2CCCC2)c1,[1*]COCc1cccc([11*])c1,18,9,26,6,1,10,1;11,largest_ring_two_bond_fragmentation
FRAG_cd2861c31d,JAK2_ddd315e2f6,C1=CCOCc2cccc(c2)-c2ccnc(n2)Nc2cc(cc(OCCN3CCCC3)c2)COC1,[1*]COCc1cccc(-c2ccnc(Nc3cc([32*])cc(OCCN4CCCC4)c3)n2)c1,[2*]C=CCOC[20*],18,5,30,0,1,31,2;20,largest_ring_two_bond_fragmentation
FRAG_7ad9400e62,JAK2_ddd315e2f6,C1=CCOCc2cccc(c2)-c2ccnc(n2)Nc2cc(cc(OCCN3CCCC3)c2)COC1,[1*]COCc1cccc(-c2ccnc(Nc3cc(C[33*])cc(OCCN4CCCC4)c3)n2)c1,[2*]C=CCO[32*],18,4,31,0,1,32,2;32,largest_ring_two_bond_fragmentation
FRAG_cd152d82e7,JAK2_ddd315e2f6,C1=CCOCc2cccc(c2)-c2ccnc(n2)Nc2cc(cc(OCCN3CCCC3)c2)COC1,[1*]COCc1cccc(-c2ccnc(Nc3cc(CO[34*])cc(OCCN4CCCC4)c3)n2)c1,[2*]C=CC[33*],18,3,32,0,1,33,2;33,largest_ring_two_bond_fragmentation
FRAG_2284da418f,JAK2_ddd315e2f6,C1=CCOCc2cccc(c2)-c2ccnc(n2)Nc2cc(cc(OCCN3CCCC3)c2)COC1,[3*]CC=CCOCc1cc(Nc2nccc([9*])n2)cc(OCCN2CCCC2)c1,[2*]OCc1cccc([11*])c1,18,8,27,6,2,10,2;11,largest_ring_two_bond_fragmentation
FRAG_1541090595,JAK2_ddd315e2f6,C1=CCOCc2cccc(c2)-c2ccnc(n2)Nc2cc(cc(OCCN3CCCC3)c2)COC1,[2*]OCc1cccc(-c2ccnc(Nc3cc([32*])cc(OCCN4CCCC4)c3)n2)c1,[3*]CC=CCOC[20*],18,6,29,0,2,31,3;20,largest_ring_two_bond_fragmentation
FRAG_815aff8f56,JAK2_ddd315e2f6,C1=CCOCc2cccc(c2)-c2ccnc(n2)Nc2cc(cc(OCCN3CCCC3)c2)COC1,[2*]OCc1cccc(-c2ccnc(Nc3cc(C[33*])cc(OCCN4CCCC4)c3)n2)c1,[3*]CC=CCO[32*],18,5,30,0,2,32,3;32,largest_ring_two_bond_fragmentation
FRAG_96b5f745ac,JAK2_ddd315e2f6,C1=CCOCc2cccc(c2)-c2ccnc(n2)Nc2cc(cc(OCCN3CCCC3)c2)COC1,[2*]OCc1cccc(-c2ccnc(Nc3cc(CO[34*])cc(OCCN4CCCC4)c3)n2)c1,[3*]CC=CC[33*],18,4,31,0,2,33,3;33,largest_ring_two_bond_fragmentation
FRAG_bd13deecf0,JAK2_ddd315e2f6,C1=CCOCc2cccc(c2)-c2ccnc(n2)Nc2cc(cc(OCCN3CCCC3)c2)COC1,*COCc1cc(Nc2nccc(-c3cccc(CO[2*])c3)n2)cc(OCCN2CCCC2)c1,[3*]CC=C[34*],18,3,32,0,2,34,3;34,largest_ring_two_bond_fragmentation
FRAG_df69cb23e7,JAK2_ddd315e2f6,C1=CCOCc2cccc(c2)-c2ccnc(n2)Nc2cc(cc(OCCN3CCCC3)c2)COC1,[4*]OCC=CCOCc1cc(Nc2nccc([9*])n2)cc(OCCN2CCCC2)c1,[3*]Cc1cccc([11*])c1,18,7,28,6,3,10,3;11,largest_ring_two_bond_fragmentation
FRAG_f8aee0f56f,JAK2_ddd315e2f6,C1=CCOCc2cccc(c2)-c2ccnc(n2)Nc2cc(cc(OCCN3CCCC3)c2)COC1,[3*]Cc1cccc(-c2ccnc(Nc3cc([32*])cc(OCCN4CCCC4)c3)n2)c1,[4*]OCC=CCOC[20*],18,7,28,0,3,31,4;20,largest_ring_two_bond_fragmentation
FRAG_490fd0807a,JAK2_ddd315e2f6,C1=CCOCc2cccc(c2)-c2ccnc(n2)Nc2cc(cc(OCCN3CCCC3)c2)COC1,[3*]Cc1cccc(-c2ccnc(Nc3cc(C[33*])cc(OCCN4CCCC4)c3)n2)c1,[4*]OCC=CCO[32*],18,6,29,0,3,32,4;32,largest_ring_two_bond_fragmentation
FRAG_0715abb6a1,JAK2_ddd315e2f6,C1=CCOCc2cccc(c2)-c2ccnc(n2)Nc2cc(cc(OCCN3CCCC3)c2)COC1,[3*]Cc1cccc(-c2ccnc(Nc3cc(CO[34*])cc(OCCN4CCCC4)c3)n2)c1,[4*]OCC=CC[33*],18,5,30,0,3,33,4;33,largest_ring_two_bond_fragmentation
FRAG_51955be605,JAK2_ddd315e2f6,C1=CCOCc2cccc(c2)-c2ccnc(n2)Nc2cc(cc(OCCN3CCCC3)c2)COC1,*COCc1cc(Nc2nccc(-c3cccc(C[3*])c3)n2)cc(OCCN2CCCC2)c1,[4*]OCC=C[34*],18,4,31,0,3,34,4;34,largest_ring_two_bond_fragmentation
FRAG_acea25790a,JAK2_ddd315e2f6,C1=CCOCc2cccc(c2)-c2ccnc(n2)Nc2cc(cc(OCCN3CCCC3)c2)COC1,[5*]COCC=CCOCc1cc(Nc2nccc([9*])n2)cc(OCCN2CCCC2)c1,[4*]c1cccc([11*])c1,18,6,29,6,4,10,4;11,largest_ring_two_bond_fragmentation
FRAG_78e2c727ba,JAK2_ddd315e2f6,C1=CCOCc2cccc(c2)-c2ccnc(n2)Nc2cc(cc(OCCN3CCCC3)c2)COC1,[5*]COCC=CCOCc1cc(N[15*])cc(OCCN2CCCC2)c1,[4*]c1cccc(-c2ccnc([17*])n2)c1,18,12,23,6,4,16,4;17,largest_ring_two_bond_fragmentation
FRAG_4fd0ff6aed,JAK2_ddd315e2f6,C1=CCOCc2cccc(c2)-c2ccnc(n2)Nc2cc(cc(OCCN3CCCC3)c2)COC1,[4*]c1cccc(-c2ccnc(Nc3cc([32*])cc(OCCN4CCCC4)c3)n2)c1,[5*]COCC=CCOC[20*],18,8,27,0,4,31,5;20,largest_ring_two_bond_fragmentation
FRAG_1d66920e82,JAK2_ddd315e2f6,C1=CCOCc2cccc(c2)-c2ccnc(n2)Nc2cc(cc(OCCN3CCCC3)c2)COC1,[4*]c1cccc(-c2ccnc(Nc3cc(C[33*])cc(OCCN4CCCC4)c3)n2)c1,[5*]COCC=CCO[32*],18,7,28,0,4,32,5;32,largest_ring_two_bond_fragmentation
FRAG_1ba34303e0,JAK2_ddd315e2f6,C1=CCOCc2cccc(c2)-c2ccnc(n2)Nc2cc(cc(OCCN3CCCC3)c2)COC1,[4*]c1cccc(-c2ccnc(Nc3cc(CO[34*])cc(OCCN4CCCC4)c3)n2)c1,[5*]COCC=CC[33*],18,6,29,0,4,33,5;33,largest_ring_two_bond_fragmentation
FRAG_274f0bfae2,JAK2_ddd315e2f6,C1=CCOCc2cccc(c2)-c2ccnc(n2)Nc2cc(cc(OCCN3CCCC3)c2)COC1,*COCc1cc(Nc2nccc(-c3cccc([4*])c3)n2)cc(OCCN2CCCC2)c1,[5*]COCC=C[34*],18,5,30,0,4,34,5;34,largest_ring_two_bond_fragmentation
FRAG_f88cd3b846,JAK2_ddd315e2f6,C1=CCOCc2cccc(c2)-c2ccnc(n2)Nc2cc(cc(OCCN3CCCC3)c2)COC1,[11*]c1cccc(COCC=CCOCc2cc(N[15*])cc(OCCN3CCCC3)c2)c1,[9*]c1ccnc([17*])n1,18,6,29,6,10,16,9;17,largest_ring_two_bond_fragmentation
FRAG_6e0e1e3a34,JAK2_ddd315e2f6,C1=CCOCc2cccc(c2)-c2ccnc(n2)Nc2cc(cc(OCCN3CCCC3)c2)COC1,[11*]c1cccc(COCC=CCOCc2cc([17*])cc(OCCN3CCCC3)c2)c1,[9*]c1ccnc(N[18*])n1,18,7,28,6,10,17,9;18,largest_ring_two_bond_fragmentation
FRAG_798beeafbf,JAK2_ddd315e2f6,C1=CCOCc2cccc(c2)-c2ccnc(n2)Nc2cc(cc(OCCN3CCCC3)c2)COC1,[9*]c1ccnc(Nc2cc(CO[34*])cc(OCCN3CCCC3)c2)n1,[11*]c1cccc(COCC=CC[33*])c1,18,12,23,6,10,33,11;33,largest_ring_two_bond_fragmentation
FRAG_7ca3bcc077,JAK2_ddd315e2f6,C1=CCOCc2cccc(c2)-c2ccnc(n2)Nc2cc(cc(OCCN3CCCC3)c2)COC1,*COCc1cc(Nc2nccc([9*])n2)cc(OCCN2CCCC2)c1,[11*]c1cccc(COCC=C[34*])c1,18,11,24,6,10,34,11;34,largest_ring_two_bond_fragmentation
FRAG_cbb2090d5f,JAK2_ddd315e2f6,C1=CCOCc2cccc(c2)-c2ccnc(n2)Nc2cc(cc(OCCN3CCCC3)c2)COC1,[32*]c1cc(Nc2nccc(-c3cccc(COCC=C[34*])c3)n2)cc(OCCN2CCCC2)c1,*COC[20*],18,3,32,0,31,34,0;20,largest_ring_two_bond_fragmentation
FRAG_9b139a9d77,JAK2_0f8fe1bc4c,Cc1cnc2nc1-c1ccnc(c1)OCC/C=C/COCc1cc(ccc1OCCN1CCCC1)N2,[7*]c1nc(Nc2ccc(OCCN3CCCC3)c(COC/C=C/CCO[11*])c2)ncc1C,[6*]c1ccnc([13*])c1,18,6,30,6,6,12,6;13,largest_ring_two_bond_fragmentation
FRAG_bddd781949,JAK2_0f8fe1bc4c,Cc1cnc2nc1-c1ccnc(c1)OCC/C=C/COCc1cc(ccc1OCCN1CCCC1)N2,[7*]c1nc(Nc2ccc(OCCN3CCCC3)c(COC/C=C/CC[13*])c2)ncc1C,[6*]c1ccnc(O[14*])c1,18,7,29,6,6,13,6;14,largest_ring_two_bond_fragmentation
FRAG_198d03d233,JAK2_0f8fe1bc4c,Cc1cnc2nc1-c1ccnc(c1)OCC/C=C/COCc1cc(ccc1OCCN1CCCC1)N2,[7*]c1nc(Nc2ccc(OCCN3CCCC3)c(COC/C=C/C[14*])c2)ncc1C,[6*]c1ccnc(OC[15*])c1,18,8,28,6,6,14,6;15,largest_ring_two_bond_fragmentation
FRAG_bf1e150fbb,JAK2_0f8fe1bc4c,Cc1cnc2nc1-c1ccnc(c1)OCC/C=C/COCc1cc(ccc1OCCN1CCCC1)N2,[7*]c1nc(Nc2ccc(OCCN3CCCC3)c(COC/C=C/[15*])c2)ncc1C,[6*]c1ccnc(OCC[16*])c1,18,9,27,6,6,15,6;16,largest_ring_two_bond_fragmentation
FRAG_8310dec745,JAK2_0f8fe1bc4c,Cc1cnc2nc1-c1ccnc(c1)OCC/C=C/COCc1cc(ccc1OCCN1CCCC1)N2,[7*]c1nc(Nc2ccc(OCCN3CCCC3)c(COC[17*])c2)ncc1C,[6*]c1ccnc(OCC/C=C/[18*])c1,18,11,25,6,6,17,6;18,largest_ring_two_bond_fragmentation
FRAG_f461d200bc,JAK2_0f8fe1bc4c,Cc1cnc2nc1-c1ccnc(c1)OCC/C=C/COCc1cc(ccc1OCCN1CCCC1)N2,[7*]c1nc(Nc2ccc(OCCN3CCCC3)c(CO[18*])c2)ncc1C,[6*]c1ccnc(OCC/C=C/C[19*])c1,18,12,24,6,6,18,6;19,largest_ring_two_bond_fragmentation
FRAG_a82f054dcf,JAK2_0f8fe1bc4c,Cc1cnc2nc1-c1ccnc(c1)OCC/C=C/COCc1cc(ccc1OCCN1CCCC1)N2,[6*]c1ccnc(OCC/C=C/COCc2cc([35*])ccc2OCCN2CCCC2)c1,[7*]c1nc(N[23*])ncc1C,18,8,28,6,6,34,7;23,largest_ring_two_bond_fragmentation
FRAG_00b9cf0ef3,JAK2_0f8fe1bc4c,Cc1cnc2nc1-c1ccnc(c1)OCC/C=C/COCc1cc(ccc1OCCN1CCCC1)N2,[4*]Nc1ccc(OCCN2CCCC2)c(COC/C=C/CCOc2cc([6*])ccn2)c1,[7*]c1nc([35*])ncc1C,18,7,29,6,6,39,7;35,largest_ring_two_bond_fragmentation
FRAG_d85ad09812,JAK2_0f8fe1bc4c,Cc1cnc2nc1-c1ccnc(c1)OCC/C=C/COCc1cc(ccc1OCCN1CCCC1)N2,[13*]c1cc(-c2nc(Nc3ccc(OCCN4CCCC4)c(COC/C=C/[15*])c3)ncc2C)ccn1,[11*]OCC[16*],18,3,33,0,12,15,11;16,largest_ring_two_bond_fragmentation
FRAG_8a7e63ed73,JAK2_0f8fe1bc4c,Cc1cnc2nc1-c1ccnc(c1)OCC/C=C/COCc1cc(ccc1OCCN1CCCC1)N2,[13*]c1cc(-c2nc(Nc3ccc(OCCN4CCCC4)c(COC[17*])c3)ncc2C)ccn1,[11*]OCC/C=C/[18*],18,5,31,0,12,17,11;18,largest_ring_two_bond_fragmentation
FRAG_8aa6310556,JAK2_0f8fe1bc4c,Cc1cnc2nc1-c1ccnc(c1)OCC/C=C/COCc1cc(ccc1OCCN1CCCC1)N2,[13*]c1cc(-c2nc(Nc3ccc(OCCN4CCCC4)c(CO[18*])c3)ncc2C)ccn1,[11*]OCC/C=C/C[19*],18,6,30,0,12,18,11;19,largest_ring_two_bond_fragmentation
FRAG_1903446ed3,JAK2_0f8fe1bc4c,Cc1cnc2nc1-c1ccnc(c1)OCC/C=C/COCc1cc(ccc1OCCN1CCCC1)N2,[13*]c1cc(-c2nc(Nc3ccc(OCCN4CCCC4)c(C[19*])c3)ncc2C)ccn1,[11*]OCC/C=C/CO[20*],18,7,29,0,12,19,11;20,largest_ring_two_bond_fragmentation
FRAG_bce5c84ccb,JAK2_0f8fe1bc4c,Cc1cnc2nc1-c1ccnc(c1)OCC/C=C/COCc1cc(ccc1OCCN1CCCC1)N2,[13*]c1cc(-c2nc(Nc3ccc(OCCN4CCCC4)c([20*])c3)ncc2C)ccn1,[11*]OCC/C=C/COC[21*],18,8,28,0,12,20,11;21,largest_ring_two_bond_fragmentation
FRAG_9c34147365,JAK2_0f8fe1bc4c,Cc1cnc2nc1-c1ccnc(c1)OCC/C=C/COCc1cc(ccc1OCCN1CCCC1)N2,[14*]Oc1cc(-c2nc(Nc3ccc(OCCN4CCCC4)c(COC[17*])c3)ncc2C)ccn1,[13*]CC/C=C/[18*],18,4,32,0,13,17,13;18,largest_ring_two_bond_fragmentation
FRAG_679139f6e6,JAK2_0f8fe1bc4c,Cc1cnc2nc1-c1ccnc(c1)OCC/C=C/COCc1cc(ccc1OCCN1CCCC1)N2,[14*]Oc1cc(-c2nc(Nc3ccc(OCCN4CCCC4)c(CO[18*])c3)ncc2C)ccn1,[13*]CC/C=C/C[19*],18,5,31,0,13,18,13;19,largest_ring_two_bond_fragmentation
FRAG_6cb8dcc63c,JAK2_0f8fe1bc4c,Cc1cnc2nc1-c1ccnc(c1)OCC/C=C/COCc1cc(ccc1OCCN1CCCC1)N2,[14*]Oc1cc(-c2nc(Nc3ccc(OCCN4CCCC4)c(C[19*])c3)ncc2C)ccn1,[13*]CC/C=C/CO[20*],18,6,30,0,13,19,13;20,largest_ring_two_bond_fragmentation
FRAG_815e5108cd,JAK2_0f8fe1bc4c,Cc1cnc2nc1-c1ccnc(c1)OCC/C=C/COCc1cc(ccc1OCCN1CCCC1)N2,[14*]Oc1cc(-c2nc(Nc3ccc(OCCN4CCCC4)c([20*])c3)ncc2C)ccn1,[13*]CC/C=C/COC[21*],18,7,29,0,13,20,13;21,largest_ring_two_bond_fragmentation
FRAG_3c5ed2aca2,JAK2_0f8fe1bc4c,Cc1cnc2nc1-c1ccnc(c1)OCC/C=C/COCc1cc(ccc1OCCN1CCCC1)N2,[15*]COc1cc(-c2nc(Nc3ccc(OCCN4CCCC4)c(COC[17*])c3)ncc2C)ccn1,[14*]C/C=C/[18*],18,3,33,0,14,17,14;18,largest_ring_two_bond_fragmentation
FRAG_7a5cd95744,JAK2_0f8fe1bc4c,Cc1cnc2nc1-c1ccnc(c1)OCC/C=C/COCc1cc(ccc1OCCN1CCCC1)N2,[15*]COc1cc(-c2nc(Nc3ccc(OCCN4CCCC4)c(CO[18*])c3)ncc2C)ccn1,[14*]C/C=C/C[19*],18,4,32,0,14,18,14;19,largest_ring_two_bond_fragmentation
FRAG_e3e25f76e3,JAK2_0f8fe1bc4c,Cc1cnc2nc1-c1ccnc(c1)OCC/C=C/COCc1cc(ccc1OCCN1CCCC1)N2,[15*]COc1cc(-c2nc(Nc3ccc(OCCN4CCCC4)c(C[19*])c3)ncc2C)ccn1,[14*]C/C=C/CO[20*],18,5,31,0,14,19,14;20,largest_ring_two_bond_fragmentation
FRAG_dd48a91ca8,JAK2_0f8fe1bc4c,Cc1cnc2nc1-c1ccnc(c1)OCC/C=C/COCc1cc(ccc1OCCN1CCCC1)N2,[15*]COc1cc(-c2nc(Nc3ccc(OCCN4CCCC4)c([20*])c3)ncc2C)ccn1,[14*]C/C=C/COC[21*],18,6,30,0,14,20,14;21,largest_ring_two_bond_fragmentation
FRAG_a04d42fa1b,JAK2_0f8fe1bc4c,Cc1cnc2nc1-c1ccnc(c1)OCC/C=C/COCc1cc(ccc1OCCN1CCCC1)N2,[16*]CCOc1cc(-c2nc(Nc3ccc(OCCN4CCCC4)c(CO[18*])c3)ncc2C)ccn1,[15*]/C=C/C[19*],18,3,33,0,15,18,15;19,largest_ring_two_bond_fragmentation
FRAG_4612b432db,JAK2_0f8fe1bc4c,Cc1cnc2nc1-c1ccnc(c1)OCC/C=C/COCc1cc(ccc1OCCN1CCCC1)N2,[16*]CCOc1cc(-c2nc(Nc3ccc(OCCN4CCCC4)c(C[19*])c3)ncc2C)ccn1,[15*]/C=C/CO[20*],18,4,32,0,15,19,15;20,largest_ring_two_bond_fragmentation
FRAG_e54f9aa296,JAK2_0f8fe1bc4c,Cc1cnc2nc1-c1ccnc(c1)OCC/C=C/COCc1cc(ccc1OCCN1CCCC1)N2,[16*]CCOc1cc(-c2nc(Nc3ccc(OCCN4CCCC4)c([20*])c3)ncc2C)ccn1,[15*]/C=C/COC[21*],18,5,31,0,15,20,15;21,largest_ring_two_bond_fragmentation
FRAG_d04e1a0b5b,JAK2_0f8fe1bc4c,Cc1cnc2nc1-c1ccnc(c1)OCC/C=C/COCc1cc(ccc1OCCN1CCCC1)N2,[18*]/C=C/CCOc1cc(-c2nc(Nc3ccc(OCCN4CCCC4)c([20*])c3)ncc2C)ccn1,[17*]COC[21*],18,3,33,0,17,20,17;21,largest_ring_two_bond_fragmentation
FRAG_0973638191,JAK2_63ed0c3402,O=C1CCCN1CCOc1ccc2cc1COCC=CCOCc1cccc(c1)-c1ccnc(n1)N2,[15*]c1cc(Nc2nccc(-c3cccc(COCC=C[17*])c3)n2)ccc1OCCN1CCCC1=O,[14*]COC[18*],18,3,33,0,14,17,14;18,largest_ring_two_bond_fragmentation
FRAG_36d0ed7b07,JAK2_63ed0c3402,O=C1CCCN1CCOc1ccc2cc1COCC=CCOCc1cccc(c1)-c1ccnc(n1)N2,[15*]c1cc(Nc2nccc(-c3cccc(COC[19*])c3)n2)ccc1OCCN1CCCC1=O,[14*]COCC=C[20*],18,5,31,0,14,19,14;20,largest_ring_two_bond_fragmentation
FRAG_c7d74ab239,JAK2_63ed0c3402,O=C1CCCN1CCOc1ccc2cc1COCC=CCOCc1cccc(c1)-c1ccnc(n1)N2,[15*]c1cc(Nc2nccc(-c3cccc(CO[20*])c3)n2)ccc1OCCN1CCCC1=O,[14*]COCC=CC[21*],18,6,30,0,14,20,14;21,largest_ring_two_bond_fragmentation
FRAG_b1f66bded7,JAK2_63ed0c3402,O=C1CCCN1CCOc1ccc2cc1COCC=CCOCc1cccc(c1)-c1ccnc(n1)N2,[15*]c1cc(Nc2nccc(-c3cccc(C[21*])c3)n2)ccc1OCCN1CCCC1=O,[14*]COCC=CCO[22*],18,7,29,0,14,21,14;22,largest_ring_two_bond_fragmentation
FRAG_e07ebfdd8f,JAK2_63ed0c3402,O=C1CCCN1CCOc1ccc2cc1COCC=CCOCc1cccc(c1)-c1ccnc(n1)N2,[15*]c1cc(Nc2nccc(-c3cccc([22*])c3)n2)ccc1OCCN1CCCC1=O,[14*]COCC=CCOC[23*],18,8,28,0,14,22,14;23,largest_ring_two_bond_fragmentation
FRAG_fea6c96446,JAK2_63ed0c3402,O=C1CCCN1CCOc1ccc2cc1COCC=CCOCc1cccc(c1)-c1ccnc(n1)N2,[16*]Cc1cc(Nc2nccc(-c3cccc(COC[19*])c3)n2)ccc1OCCN1CCCC1=O,[15*]OCC=C[20*],18,4,32,0,15,19,15;20,largest_ring_two_bond_fragmentation
FRAG_5814b77bf4,JAK2_63ed0c3402,O=C1CCCN1CCOc1ccc2cc1COCC=CCOCc1cccc(c1)-c1ccnc(n1)N2,[16*]Cc1cc(Nc2nccc(-c3cccc(CO[20*])c3)n2)ccc1OCCN1CCCC1=O,[15*]OCC=CC[21*],18,5,31,0,15,20,15;21,largest_ring_two_bond_fragmentation
FRAG_5a54e4961f,JAK2_63ed0c3402,O=C1CCCN1CCOc1ccc2cc1COCC=CCOCc1cccc(c1)-c1ccnc(n1)N2,[16*]Cc1cc(Nc2nccc(-c3cccc(C[21*])c3)n2)ccc1OCCN1CCCC1=O,[15*]OCC=CCO[22*],18,6,30,0,15,21,15;22,largest_ring_two_bond_fragmentation
FRAG_d9121412f0,JAK2_63ed0c3402,O=C1CCCN1CCOc1ccc2cc1COCC=CCOCc1cccc(c1)-c1ccnc(n1)N2,[16*]Cc1cc(Nc2nccc(-c3cccc([22*])c3)n2)ccc1OCCN1CCCC1=O,[15*]OCC=CCOC[23*],18,7,29,0,15,22,15;23,largest_ring_two_bond_fragmentation
FRAG_5e290f4e82,JAK2_63ed0c3402,O=C1CCCN1CCOc1ccc2cc1COCC=CCOCc1cccc(c1)-c1ccnc(n1)N2,[17*]OCc1cc(Nc2nccc(-c3cccc(COC[19*])c3)n2)ccc1OCCN1CCCC1=O,[16*]CC=C[20*],18,3,33,0,16,19,16;20,largest_ring_two_bond_fragmentation
FRAG_4be462de4f,JAK2_63ed0c3402,O=C1CCCN1CCOc1ccc2cc1COCC=CCOCc1cccc(c1)-c1ccnc(n1)N2,[17*]OCc1cc(Nc2nccc(-c3cccc(CO[20*])c3)n2)ccc1OCCN1CCCC1=O,[16*]CC=CC[21*],18,4,32,0,16,20,16;21,largest_ring_two_bond_fragmentation
FRAG_d91ffc6cad,JAK2_63ed0c3402,O=C1CCCN1CCOc1ccc2cc1COCC=CCOCc1cccc(c1)-c1ccnc(n1)N2,[17*]OCc1cc(Nc2nccc(-c3cccc(C[21*])c3)n2)ccc1OCCN1CCCC1=O,[16*]CC=CCO[22*],18,5,31,0,16,21,16;22,largest_ring_two_bond_fragmentation
FRAG_60de309dac,JAK2_63ed0c3402,O=C1CCCN1CCOc1ccc2cc1COCC=CCOCc1cccc(c1)-c1ccnc(n1)N2,[17*]OCc1cc(Nc2nccc(-c3cccc([22*])c3)n2)ccc1OCCN1CCCC1=O,[16*]CC=CCOC[23*],18,6,30,0,16,22,16;23,largest_ring_two_bond_fragmentation
FRAG_78be0d39e0,JAK2_63ed0c3402,O=C1CCCN1CCOc1ccc2cc1COCC=CCOCc1cccc(c1)-c1ccnc(n1)N2,[17*]OCc1cc(Nc2nccc([27*])n2)ccc1OCCN1CCCC1=O,[16*]CC=CCOCc1cccc([29*])c1,18,12,24,6,16,28,16;29,largest_ring_two_bond_fragmentation
FRAG_29c8accfc5,JAK2_63ed0c3402,O=C1CCCN1CCOc1ccc2cc1COCC=CCOCc1cccc(c1)-c1ccnc(n1)N2,[18*]COCc1cc(Nc2nccc(-c3cccc(CO[20*])c3)n2)ccc1OCCN1CCCC1=O,[17*]C=CC[21*],18,3,33,0,17,20,17;21,largest_ring_two_bond_fragmentation
FRAG_c61581415b,JAK2_63ed0c3402,O=C1CCCN1CCOc1ccc2cc1COCC=CCOCc1cccc(c1)-c1ccnc(n1)N2,[18*]COCc1cc(Nc2nccc(-c3cccc(C[21*])c3)n2)ccc1OCCN1CCCC1=O,[17*]C=CCO[22*],18,4,32,0,17,21,17;22,largest_ring_two_bond_fragmentation
FRAG_bed0df791f,JAK2_63ed0c3402,O=C1CCCN1CCOc1ccc2cc1COCC=CCOCc1cccc(c1)-c1ccnc(n1)N2,[18*]COCc1cc(Nc2nccc(-c3cccc([22*])c3)n2)ccc1OCCN1CCCC1=O,[17*]C=CCOC[23*],18,5,31,0,17,22,17;23,largest_ring_two_bond_fragmentation
FRAG_57250d6d24,JAK2_63ed0c3402,O=C1CCCN1CCOc1ccc2cc1COCC=CCOCc1cccc(c1)-c1ccnc(n1)N2,[18*]COCc1cc(Nc2nccc([27*])n2)ccc1OCCN1CCCC1=O,[17*]C=CCOCc1cccc([29*])c1,18,11,25,6,17,28,17;29,largest_ring_two_bond_fragmentation
FRAG_70ac99c40b,JAK2_63ed0c3402,O=C1CCCN1CCOc1ccc2cc1COCC=CCOCc1cccc(c1)-c1ccnc(n1)N2,[20*]C=CCOCc1cc(Nc2nccc(-c3cccc([22*])c3)n2)ccc1OCCN1CCCC1=O,[19*]COC[23*],18,3,33,0,19,22,19;23,largest_ring_two_bond_fragmentation
FRAG_47991795d7,JAK2_63ed0c3402,O=C1CCCN1CCOc1ccc2cc1COCC=CCOCc1cccc(c1)-c1ccnc(n1)N2,[20*]C=CCOCc1cc(Nc2nccc([27*])n2)ccc1OCCN1CCCC1=O,[19*]COCc1cccc([29*])c1,18,9,27,6,19,28,19;29,largest_ring_two_bond_fragmentation
FRAG_14fa797afb,JAK2_63ed0c3402,O=C1CCCN1CCOc1ccc2cc1COCC=CCOCc1cccc(c1)-c1ccnc(n1)N2,[21*]CC=CCOCc1cc(Nc2nccc([27*])n2)ccc1OCCN1CCCC1=O,[20*]OCc1cccc([29*])c1,18,8,28,6,20,28,20;29,largest_ring_two_bond_fragmentation
FRAG_80238ad1f1,JAK2_63ed0c3402,O=C1CCCN1CCOc1ccc2cc1COCC=CCOCc1cccc(c1)-c1ccnc(n1)N2,[22*]OCC=CCOCc1cc(Nc2nccc([27*])n2)ccc1OCCN1CCCC1=O,[21*]Cc1cccc([29*])c1,18,7,29,6,21,28,21;29,largest_ring_two_bond_fragmentation
FRAG_a6ce96c241,JAK2_63ed0c3402,O=C1CCCN1CCOc1ccc2cc1COCC=CCOCc1cccc(c1)-c1ccnc(n1)N2,[23*]COCC=CCOCc1cc(Nc2nccc([27*])n2)ccc1OCCN1CCCC1=O,[22*]c1cccc([29*])c1,18,6,30,6,22,28,22;29,largest_ring_two_bond_fragmentation
FRAG_c2b077ad69,JAK2_63ed0c3402,O=C1CCCN1CCOc1ccc2cc1COCC=CCOCc1cccc(c1)-c1ccnc(n1)N2,[23*]COCC=CCOCc1cc(N[33*])ccc1OCCN1CCCC1=O,[22*]c1cccc(-c2ccnc([35*])n2)c1,18,12,24,6,22,34,22;35,largest_ring_two_bond_fragmentation
FRAG_ccb1161d13,JAK2_63ed0c3402,O=C1CCCN1CCOc1ccc2cc1COCC=CCOCc1cccc(c1)-c1ccnc(n1)N2,[29*]c1cccc(COCC=CCOCc2cc(N[33*])ccc2OCCN2CCCC2=O)c1,[27*]c1ccnc([35*])n1,18,6,30,6,28,34,27;35,largest_ring_two_bond_fragmentation
FRAG_d73da9e82c,JAK2_63ed0c3402,O=C1CCCN1CCOc1ccc2cc1COCC=CCOCc1cccc(c1)-c1ccnc(n1)N2,[29*]c1cccc(COCC=CCOCc2cc([35*])ccc2OCCN2CCCC2=O)c1,[12*]Nc1nccc([27*])n1,18,7,29,6,28,39,12;27,largest_ring_two_bond_fragmentation
FRAG_86040bda8d,JAK2_9a046a10eb,CN1C/C=C/COCc2cccc(c2)-c2ccnc(n2)Nc2cccc(c2)C1,[2*]N(C)Cc1cccc(Nc2nccc(-c3cccc(COC[4*])c3)n2)c1,[1*]C/C=C/[5*],18,3,25,0,1,4,1;5,largest_ring_two_bond_fragmentation
FRAG_21bbc62cd6,JAK2_9a046a10eb,CN1C/C=C/COCc2cccc(c2)-c2ccnc(n2)Nc2cccc(c2)C1,[2*]N(C)Cc1cccc(Nc2nccc(-c3cccc(CO[5*])c3)n2)c1,[1*]C/C=C/C[6*],18,4,24,0,1,5,1;6,largest_ring_two_bond_fragmentation
FRAG_765e6d2a8f,JAK2_9a046a10eb,CN1C/C=C/COCc2cccc(c2)-c2ccnc(n2)Nc2cccc(c2)C1,[2*]N(C)Cc1cccc(Nc2nccc(-c3cccc(C[6*])c3)n2)c1,[1*]C/C=C/CO[7*],18,5,23,0,1,6,1;7,largest_ring_two_bond_fragmentation
FRAG_064654d2da,JAK2_9a046a10eb,CN1C/C=C/COCc2cccc(c2)-c2ccnc(n2)Nc2cccc(c2)C1,[2*]N(C)Cc1cccc(Nc2nccc(-c3cccc([7*])c3)n2)c1,[1*]C/C=C/COC[8*],18,6,22,0,1,7,1;8,largest_ring_two_bond_fragmentation
FRAG_34246147fb,JAK2_9a046a10eb,CN1C/C=C/COCc2cccc(c2)-c2ccnc(n2)Nc2cccc(c2)C1,[2*]N(C)Cc1cccc(Nc2nccc([12*])n2)c1,[1*]C/C=C/COCc1cccc([14*])c1,18,12,16,6,1,13,1;14,largest_ring_two_bond_fragmentation
FRAG_cacd24b991,JAK2_9a046a10eb,CN1C/C=C/COCc2cccc(c2)-c2ccnc(n2)Nc2cccc(c2)C1,[1*]C/C=C/COCc1cccc(-c2ccnc([20*])n2)c1,[2*]N(C)Cc1cccc(N[18*])c1,18,10,18,6,1,19,2;18,largest_ring_two_bond_fragmentation
FRAG_e0cc8288d4,JAK2_9a046a10eb,CN1C/C=C/COCc2cccc(c2)-c2ccnc(n2)Nc2cccc(c2)C1,[1*]C/C=C/COCc1cccc(-c2ccnc(N[21*])n2)c1,[2*]N(C)Cc1cccc([20*])c1,18,9,19,6,1,20,2;20,largest_ring_two_bond_fragmentation
FRAG_ff28eaffd0,JAK2_9a046a10eb,CN1C/C=C/COCc2cccc(c2)-c2ccnc(n2)Nc2cccc(c2)C1,[1*]C/C=C/COCc1cccc(-c2ccnc(Nc3cccc([27*])c3)n2)c1,[2*]N(C)C[25*],18,3,25,0,1,26,2;25,largest_ring_two_bond_fragmentation
FRAG_679d309fd2,JAK2_9a046a10eb,CN1C/C=C/COCc2cccc(c2)-c2ccnc(n2)Nc2cccc(c2)C1,[3*]CN(C)Cc1cccc(Nc2nccc(-c3cccc(CO[5*])c3)n2)c1,[2*]/C=C/C[6*],18,3,25,0,2,5,2;6,largest_ring_two_bond_fragmentation
FRAG_d595c09933,JAK2_9a046a10eb,CN1C/C=C/COCc2cccc(c2)-c2ccnc(n2)Nc2cccc(c2)C1,[3*]CN(C)Cc1cccc(Nc2nccc(-c3cccc(C[6*])c3)n2)c1,[2*]/C=C/CO[7*],18,4,24,0,2,6,2;7,largest_ring_two_bond_fragmentation
FRAG_63313d1a20,JAK2_9a046a10eb,CN1C/C=C/COCc2cccc(c2)-c2ccnc(n2)Nc2cccc(c2)C1,[3*]CN(C)Cc1cccc(Nc2nccc(-c3cccc([7*])c3)n2)c1,[2*]/C=C/COC[8*],18,5,23,0,2,7,2;8,largest_ring_two_bond_fragmentation
FRAG_16fe5ec4f5,JAK2_9a046a10eb,CN1C/C=C/COCc2cccc(c2)-c2ccnc(n2)Nc2cccc(c2)C1,[3*]CN(C)Cc1cccc(Nc2nccc([12*])n2)c1,[2*]/C=C/COCc1cccc([14*])c1,18,11,17,6,2,13,2;14,largest_ring_two_bond_fragmentation
FRAG_f2316d984b,JAK2_9a046a10eb,CN1C/C=C/COCc2cccc(c2)-c2ccnc(n2)Nc2cccc(c2)C1,[2*]/C=C/COCc1cccc(-c2ccnc([20*])n2)c1,[3*]CN(C)Cc1cccc(N[18*])c1,18,11,17,6,2,19,3;18,largest_ring_two_bond_fragmentation
FRAG_c904c7d7bc,JAK2_9a046a10eb,CN1C/C=C/COCc2cccc(c2)-c2ccnc(n2)Nc2cccc(c2)C1,[2*]/C=C/COCc1cccc(-c2ccnc(N[21*])n2)c1,[3*]CN(C)Cc1cccc([20*])c1,18,10,18,6,2,20,3;20,largest_ring_two_bond_fragmentation
FRAG_2a64d0e085,JAK2_9a046a10eb,CN1C/C=C/COCc2cccc(c2)-c2ccnc(n2)Nc2cccc(c2)C1,[2*]/C=C/COCc1cccc(-c2ccnc(Nc3cccc([27*])c3)n2)c1,[3*]CN(C)C[25*],18,4,24,0,2,26,3;25,largest_ring_two_bond_fragmentation
FRAG_96c4bdfeeb,JAK2_9a046a10eb,CN1C/C=C/COCc2cccc(c2)-c2ccnc(n2)Nc2cccc(c2)C1,[1*]Cc1cccc(Nc2nccc(-c3cccc(COC/C=C/[2*])c3)n2)c1,[3*]CN([27*])C,18,3,25,0,2,27,3;27,largest_ring_two_bond_fragmentation
FRAG_10d746f374,JAK2_9a046a10eb,CN1C/C=C/COCc2cccc(c2)-c2ccnc(n2)Nc2cccc(c2)C1,[5*]/C=C/CN(C)Cc1cccc(Nc2nccc(-c3cccc([7*])c3)n2)c1,[4*]COC[8*],18,3,25,0,4,7,4;8,largest_ring_two_bond_fragmentation
FRAG_466d389fcf,JAK2_9a046a10eb,CN1C/C=C/COCc2cccc(c2)-c2ccnc(n2)Nc2cccc(c2)C1,[5*]/C=C/CN(C)Cc1cccc(Nc2nccc([12*])n2)c1,[4*]COCc1cccc([14*])c1,18,9,19,6,4,13,4;14,largest_ring_two_bond_fragmentation
FRAG_d5e51f1cf3,JAK2_9a046a10eb,CN1C/C=C/COCc2cccc(c2)-c2ccnc(n2)Nc2cccc(c2)C1,[4*]COCc1cccc(-c2ccnc(N[21*])n2)c1,[5*]/C=C/CN(C)Cc1cccc([20*])c1,18,12,16,6,4,20,5;20,largest_ring_two_bond_fragmentation
FRAG_3be2453bac,JAK2_9a046a10eb,CN1C/C=C/COCc2cccc(c2)-c2ccnc(n2)Nc2cccc(c2)C1,[4*]COCc1cccc(-c2ccnc(Nc3cccc([27*])c3)n2)c1,[5*]/C=C/CN(C)C[25*],18,6,22,0,4,26,5;25,largest_ring_two_bond_fragmentation
FRAG_956079425c,JAK2_9a046a10eb,CN1C/C=C/COCc2cccc(c2)-c2ccnc(n2)Nc2cccc(c2)C1,[1*]Cc1cccc(Nc2nccc(-c3cccc(COC[4*])c3)n2)c1,[5*]/C=C/CN([27*])C,18,5,23,0,4,27,5;27,largest_ring_two_bond_fragmentation
FRAG_e595afcac3,JAK2_9a046a10eb,CN1C/C=C/COCc2cccc(c2)-c2ccnc(n2)Nc2cccc(c2)C1,[6*]C/C=C/CN(C)Cc1cccc(Nc2nccc([12*])n2)c1,[5*]OCc1cccc([14*])c1,18,8,20,6,5,13,5;14,largest_ring_two_bond_fragmentation
FRAG_dd7f28aa42,JAK2_9a046a10eb,CN1C/C=C/COCc2cccc(c2)-c2ccnc(n2)Nc2cccc(c2)C1,[5*]OCc1cccc(-c2ccnc(Nc3cccc([27*])c3)n2)c1,[6*]C/C=C/CN(C)C[25*],18,7,21,0,5,26,6;25,largest_ring_two_bond_fragmentation
FRAG_dd6604720c,JAK2_9a046a10eb,CN1C/C=C/COCc2cccc(c2)-c2ccnc(n2)Nc2cccc(c2)C1,[1*]Cc1cccc(Nc2nccc(-c3cccc(CO[5*])c3)n2)c1,[6*]C/C=C/CN([27*])C,18,6,22,0,5,27,6;27,largest_ring_two_bond_fragmentation
FRAG_7c2fe449b5,JAK2_9a046a10eb,CN1C/C=C/COCc2cccc(c2)-c2ccnc(n2)Nc2cccc(c2)C1,[7*]OC/C=C/CN(C)Cc1cccc(Nc2nccc([12*])n2)c1,[6*]Cc1cccc([14*])c1,18,7,21,6,6,13,6;14,largest_ring_two_bond_fragmentation
FRAG_b5aae446d6,JAK2_9a046a10eb,CN1C/C=C/COCc2cccc(c2)-c2ccnc(n2)Nc2cccc(c2)C1,[6*]Cc1cccc(-c2ccnc(Nc3cccc([27*])c3)n2)c1,[7*]OC/C=C/CN(C)C[25*],18,8,20,0,6,26,7;25,largest_ring_two_bond_fragmentation
FRAG_7b8cf2a1ee,JAK2_9a046a10eb,CN1C/C=C/COCc2cccc(c2)-c2ccnc(n2)Nc2cccc(c2)C1,[1*]Cc1cccc(Nc2nccc(-c3cccc(C[6*])c3)n2)c1,[7*]OC/C=C/CN([27*])C,18,7,21,0,6,27,7;27,largest_ring_two_bond_fragmentation
FRAG_53f80aa464,JAK2_9a046a10eb,CN1C/C=C/COCc2cccc(c2)-c2ccnc(n2)Nc2cccc(c2)C1,[8*]COC/C=C/CN(C)Cc1cccc(Nc2nccc([12*])n2)c1,[7*]c1cccc([14*])c1,18,6,22,6,7,13,7;14,largest_ring_two_bond_fragmentation
FRAG_0b7b477424,JAK2_9a046a10eb,CN1C/C=C/COCc2cccc(c2)-c2ccnc(n2)Nc2cccc(c2)C1,[8*]COC/C=C/CN(C)Cc1cccc(N[18*])c1,[7*]c1cccc(-c2ccnc([20*])n2)c1,18,12,16,6,7,19,7;20,largest_ring_two_bond_fragmentation
FRAG_c772471224,JAK2_9a046a10eb,CN1C/C=C/COCc2cccc(c2)-c2ccnc(n2)Nc2cccc(c2)C1,[7*]c1cccc(-c2ccnc(Nc3cccc([27*])c3)n2)c1,[8*]COC/C=C/CN(C)C[25*],18,9,19,0,7,26,8;25,largest_ring_two_bond_fragmentation
FRAG_cc11b57798,JAK2_9a046a10eb,CN1C/C=C/COCc2cccc(c2)-c2ccnc(n2)Nc2cccc(c2)C1,[1*]Cc1cccc(Nc2nccc(-c3cccc([7*])c3)n2)c1,[8*]COC/C=C/CN([27*])C,18,8,20,0,7,27,8;27,largest_ring_two_bond_fragmentation
FRAG_dc55b7b67b,JAK2_9a046a10eb,CN1C/C=C/COCc2cccc(c2)-c2ccnc(n2)Nc2cccc(c2)C1,[14*]c1cccc(COC/C=C/CN(C)Cc2cccc(N[18*])c2)c1,[12*]c1ccnc([20*])n1,18,6,22,6,13,19,12;20,largest_ring_two_bond_fragmentation
FRAG_1ed4486053,JAK2_9a046a10eb,CN1C/C=C/COCc2cccc(c2)-c2ccnc(n2)Nc2cccc(c2)C1,[14*]c1cccc(COC/C=C/CN(C)Cc2cccc([20*])c2)c1,[12*]c1ccnc(N[21*])n1,18,7,21,6,13,20,12;21,largest_ring_two_bond_fragmentation
FRAG_888c11b653,JAK2_9a046a10eb,CN1C/C=C/COCc2cccc(c2)-c2ccnc(n2)Nc2cccc(c2)C1,[20*]c1nccc(-c2cccc(COC/C=C/CN(C)C[25*])c2)n1,[18*]Nc1cccc([27*])c1,18,7,21,6,19,26,18;27,largest_ring_two_bond_fragmentation
FRAG_af930e4685,JAK2_9a046a10eb,CN1C/C=C/COCc2cccc(c2)-c2ccnc(n2)Nc2cccc(c2)C1,[20*]c1nccc(-c2cccc(COC/C=C/CN([27*])C)c2)n1,[1*]Cc1cccc(N[18*])c1,18,8,20,6,19,27,1;18,largest_ring_two_bond_fragmentation
FRAG_baafb41eab,JAK2_9a046a10eb,CN1C/C=C/COCc2cccc(c2)-c2ccnc(n2)Nc2cccc(c2)C1,[21*]Nc1nccc(-c2cccc(COC/C=C/CN(C)C[25*])c2)n1,[20*]c1cccc([27*])c1,18,6,22,6,20,26,20;27,largest_ring_two_bond_fragmentation
FRAG_09a5084d8c,JAK2_9a046a10eb,CN1C/C=C/COCc2cccc(c2)-c2ccnc(n2)Nc2cccc(c2)C1,[21*]Nc1nccc(-c2cccc(COC/C=C/CN([27*])C)c2)n1,[1*]Cc1cccc([20*])c1,18,7,21,6,20,27,1;20,largest_ring_two_bond_fragmentation
FRAG_44b71d50d0,JAK2_fc324d5fae,C1=C/COCc2cc(ccc2OCCN2CCCC2)Nc2nccc(n2)-c2cc(co2)COC/1,[2*]/C=C/COCc1coc(-c2ccnc(Nc3ccc(OCCN4CCCC4)c([4*])c3)n2)c1,[1*]COC[5*],18,3,31,0,1,4,1;5,largest_ring_two_bond_fragmentation
FRAG_0e3107787f,JAK2_fc324d5fae,C1=C/COCc2cc(ccc2OCCN2CCCC2)Nc2nccc(n2)-c2cc(co2)COC/1,[1*]COCc1cc(Nc2nccc([26*])n2)ccc1OCCN1CCCC1,[2*]/C=C/COCc1coc([24*])c1,18,10,24,5,1,25,2;24,largest_ring_two_bond_fragmentation
FRAG_94e69b3576,JAK2_fc324d5fae,C1=C/COCc2cc(ccc2OCCN2CCCC2)Nc2nccc(n2)-c2cc(co2)COC/1,[1*]COCc1cc(Nc2nccc(-c3cc([31*])co3)n2)ccc1OCCN1CCCC1,[2*]/C=C/COC[28*],18,5,29,0,1,30,2;28,largest_ring_two_bond_fragmentation
FRAG_020a49d5eb,JAK2_fc324d5fae,C1=C/COCc2cc(ccc2OCCN2CCCC2)Nc2nccc(n2)-c2cc(co2)COC/1,[1*]COCc1cc(Nc2nccc(-c3cc(C[32*])co3)n2)ccc1OCCN1CCCC1,[2*]/C=C/CO[31*],18,4,30,0,1,31,2;31,largest_ring_two_bond_fragmentation
FRAG_cb4cb814f5,JAK2_fc324d5fae,C1=C/COCc2cc(ccc2OCCN2CCCC2)Nc2nccc(n2)-c2cc(co2)COC/1,[1*]COCc1cc(Nc2nccc(-c3cc(CO[33*])co3)n2)ccc1OCCN1CCCC1,[2*]/C=C/C[32*],18,3,31,0,1,32,2;32,largest_ring_two_bond_fragmentation
FRAG_881849f8f6,JAK2_fc324d5fae,C1=C/COCc2cc(ccc2OCCN2CCCC2)Nc2nccc(n2)-c2cc(co2)COC/1,[2*]OCc1cc(Nc2nccc([26*])n2)ccc1OCCN1CCCC1,[3*]C/C=C/COCc1coc([24*])c1,18,11,23,5,2,25,3;24,largest_ring_two_bond_fragmentation
FRAG_e699a97e46,JAK2_fc324d5fae,C1=C/COCc2cc(ccc2OCCN2CCCC2)Nc2nccc(n2)-c2cc(co2)COC/1,[2*]OCc1cc(Nc2nccc(-c3cc([31*])co3)n2)ccc1OCCN1CCCC1,[3*]C/C=C/COC[28*],18,6,28,0,2,30,3;28,largest_ring_two_bond_fragmentation
FRAG_e6cbb2f184,JAK2_fc324d5fae,C1=C/COCc2cc(ccc2OCCN2CCCC2)Nc2nccc(n2)-c2cc(co2)COC/1,[2*]OCc1cc(Nc2nccc(-c3cc(C[32*])co3)n2)ccc1OCCN1CCCC1,[3*]C/C=C/CO[31*],18,5,29,0,2,31,3;31,largest_ring_two_bond_fragmentation
FRAG_388c65d10f,JAK2_fc324d5fae,C1=C/COCc2cc(ccc2OCCN2CCCC2)Nc2nccc(n2)-c2cc(co2)COC/1,[2*]OCc1cc(Nc2nccc(-c3cc(CO[33*])co3)n2)ccc1OCCN1CCCC1,[3*]C/C=C/C[32*],18,4,30,0,2,32,3;32,largest_ring_two_bond_fragmentation
FRAG_5b36805247,JAK2_fc324d5fae,C1=C/COCc2cc(ccc2OCCN2CCCC2)Nc2nccc(n2)-c2cc(co2)COC/1,*COCc1coc(-c2ccnc(Nc3ccc(OCCN4CCCC4)c(CO[2*])c3)n2)c1,[3*]C/C=C/[33*],18,3,31,0,2,33,3;33,largest_ring_two_bond_fragmentation
FRAG_1f5b68788c,JAK2_fc324d5fae,C1=C/COCc2cc(ccc2OCCN2CCCC2)Nc2nccc(n2)-c2cc(co2)COC/1,[3*]Cc1cc(Nc2nccc([26*])n2)ccc1OCCN1CCCC1,[4*]OC/C=C/COCc1coc([24*])c1,18,12,22,5,3,25,4;24,largest_ring_two_bond_fragmentation
FRAG_1c9aaa2b8b,JAK2_fc324d5fae,C1=C/COCc2cc(ccc2OCCN2CCCC2)Nc2nccc(n2)-c2cc(co2)COC/1,[3*]Cc1cc(Nc2nccc(-c3cc([31*])co3)n2)ccc1OCCN1CCCC1,[4*]OC/C=C/COC[28*],18,7,27,0,3,30,4;28,largest_ring_two_bond_fragmentation
FRAG_82daa51042,JAK2_fc324d5fae,C1=C/COCc2cc(ccc2OCCN2CCCC2)Nc2nccc(n2)-c2cc(co2)COC/1,[3*]Cc1cc(Nc2nccc(-c3cc(C[32*])co3)n2)ccc1OCCN1CCCC1,[4*]OC/C=C/CO[31*],18,6,28,0,3,31,4;31,largest_ring_two_bond_fragmentation
FRAG_b284a7975c,JAK2_fc324d5fae,C1=C/COCc2cc(ccc2OCCN2CCCC2)Nc2nccc(n2)-c2cc(co2)COC/1,[3*]Cc1cc(Nc2nccc(-c3cc(CO[33*])co3)n2)ccc1OCCN1CCCC1,[4*]OC/C=C/C[32*],18,5,29,0,3,32,4;32,largest_ring_two_bond_fragmentation
FRAG_3e36824cbb,JAK2_fc324d5fae,C1=C/COCc2cc(ccc2OCCN2CCCC2)Nc2nccc(n2)-c2cc(co2)COC/1,*COCc1coc(-c2ccnc(Nc3ccc(OCCN4CCCC4)c(C[3*])c3)n2)c1,[4*]OC/C=C/[33*],18,4,30,0,3,33,4;33,largest_ring_two_bond_fragmentation
FRAG_3aea27cc2b,JAK2_fc324d5fae,C1=C/COCc2cc(ccc2OCCN2CCCC2)Nc2nccc(n2)-c2cc(co2)COC/1,[4*]c1cc(Nc2nccc(-c3cc([31*])co3)n2)ccc1OCCN1CCCC1,[5*]COC/C=C/COC[28*],18,8,26,0,4,30,5;28,largest_ring_two_bond_fragmentation
FRAG_46c7db94e1,JAK2_fc324d5fae,C1=C/COCc2cc(ccc2OCCN2CCCC2)Nc2nccc(n2)-c2cc(co2)COC/1,[4*]c1cc(Nc2nccc(-c3cc(C[32*])co3)n2)ccc1OCCN1CCCC1,[5*]COC/C=C/CO[31*],18,7,27,0,4,31,5;31,largest_ring_two_bond_fragmentation
FRAG_7699f71e6e,JAK2_fc324d5fae,C1=C/COCc2cc(ccc2OCCN2CCCC2)Nc2nccc(n2)-c2cc(co2)COC/1,[4*]c1cc(Nc2nccc(-c3cc(CO[33*])co3)n2)ccc1OCCN1CCCC1,[5*]COC/C=C/C[32*],18,6,28,0,4,32,5;32,largest_ring_two_bond_fragmentation
FRAG_9ae77d75ac,JAK2_fc324d5fae,C1=C/COCc2cc(ccc2OCCN2CCCC2)Nc2nccc(n2)-c2cc(co2)COC/1,*COCc1coc(-c2ccnc(Nc3ccc(OCCN4CCCC4)c([4*])c3)n2)c1,[5*]COC/C=C/[33*],18,5,29,0,4,33,5;33,largest_ring_two_bond_fragmentation
FRAG_f6dc789772,JAK2_fc324d5fae,C1=C/COCc2cc(ccc2OCCN2CCCC2)Nc2nccc(n2)-c2cc(co2)COC/1,[19*]c1ccc(OCCN2CCCC2)c(COC/C=C/COCc2coc([24*])c2)c1,[7*]Nc1nccc([26*])n1,18,7,27,6,18,25,7;26,largest_ring_two_bond_fragmentation
FRAG_6dab5de678,JAK2_fc324d5fae,C1=C/COCc2cc(ccc2OCCN2CCCC2)Nc2nccc(n2)-c2cc(co2)COC/1,[19*]c1ccc(OCCN2CCCC2)c(COC/C=C/COC[28*])c1,[7*]Nc1nccc(-c2cc([31*])co2)n1,18,12,22,6,18,30,7;31,largest_ring_two_bond_fragmentation
FRAG_4b064b3640,JAK2_fc324d5fae,C1=C/COCc2cc(ccc2OCCN2CCCC2)Nc2nccc(n2)-c2cc(co2)COC/1,[20*]Nc1ccc(OCCN2CCCC2)c(COC/C=C/COCc2coc([24*])c2)c1,[19*]c1nccc([26*])n1,18,6,28,6,19,25,19;26,largest_ring_two_bond_fragmentation
FRAG_3d22be2036,JAK2_fc324d5fae,C1=C/COCc2cc(ccc2OCCN2CCCC2)Nc2nccc(n2)-c2cc(co2)COC/1,[20*]Nc1ccc(OCCN2CCCC2)c(COC/C=C/COC[28*])c1,[19*]c1nccc(-c2cc([31*])co2)n1,18,11,23,6,19,30,19;31,largest_ring_two_bond_fragmentation
FRAG_8b321c234f,JAK2_fc324d5fae,C1=C/COCc2cc(ccc2OCCN2CCCC2)Nc2nccc(n2)-c2cc(co2)COC/1,[20*]Nc1ccc(OCCN2CCCC2)c(COC/C=C/CO[31*])c1,[19*]c1nccc(-c2cc(C[32*])co2)n1,18,12,22,6,19,31,19;32,largest_ring_two_bond_fragmentation
FRAG_d859c515e4,JAK2_fc324d5fae,C1=C/COCc2cc(ccc2OCCN2CCCC2)Nc2nccc(n2)-c2cc(co2)COC/1,[26*]c1ccnc(Nc2ccc(OCCN3CCCC3)c(COC/C=C/COC[28*])c2)n1,[24*]c1cc([31*])co1,18,5,29,5,25,30,24;31,largest_ring_two_bond_fragmentation
FRAG_b52640f1cf,JAK2_fc324d5fae,C1=C/COCc2cc(ccc2OCCN2CCCC2)Nc2nccc(n2)-c2cc(co2)COC/1,[26*]c1ccnc(Nc2ccc(OCCN3CCCC3)c(COC/C=C/CO[31*])c2)n1,[24*]c1cc(C[32*])co1,18,6,28,5,25,31,24;32,largest_ring_two_bond_fragmentation
FRAG_9198d1f5c0,JAK2_fc324d5fae,C1=C/COCc2cc(ccc2OCCN2CCCC2)Nc2nccc(n2)-c2cc(co2)COC/1,[26*]c1ccnc(Nc2ccc(OCCN3CCCC3)c(COC/C=C/C[32*])c2)n1,[24*]c1cc(CO[33*])co1,18,7,27,5,25,32,24;33,largest_ring_two_bond_fragmentation
FRAG_98cbd530ce,JAK2_fc324d5fae,C1=C/COCc2cc(ccc2OCCN2CCCC2)Nc2nccc(n2)-c2cc(co2)COC/1,[26*]c1ccnc(Nc2ccc(OCCN3CCCC3)c(COC/C=C/[33*])c2)n1,*COCc1coc([24*])c1,18,8,26,5,25,33,0;24,largest_ring_two_bond_fragmentation
FRAG_a9fd0d7d30,JAK2_fc324d5fae,C1=C/COCc2cc(ccc2OCCN2CCCC2)Nc2nccc(n2)-c2cc(co2)COC/1,[31*]c1coc(-c2ccnc(Nc3ccc(OCCN4CCCC4)c(COC/C=C/[33*])c3)n2)c1,*COC[28*],18,3,31,0,30,33,0;28,largest_ring_two_bond_fragmentation
FRAG_786ceeee80,JAK2_b13e78c95d,COCCN1C/C=C/CCOc2cccc(c2)-c2ccnc(n2)Nc2cccc(c2)C1,[5*]N(CCOC)Cc1cccc(Nc2nccc(-c3cccc(OCC[7*])c3)n2)c1,[4*]C/C=C/[8*],18,3,28,0,4,7,4;8,largest_ring_two_bond_fragmentation
FRAG_499683c3b1,JAK2_b13e78c95d,COCCN1C/C=C/CCOc2cccc(c2)-c2ccnc(n2)Nc2cccc(c2)C1,[5*]N(CCOC)Cc1cccc(Nc2nccc(-c3cccc(OC[8*])c3)n2)c1,[4*]C/C=C/C[9*],18,4,27,0,4,8,4;9,largest_ring_two_bond_fragmentation
FRAG_be94e8cb5a,JAK2_b13e78c95d,COCCN1C/C=C/CCOc2cccc(c2)-c2ccnc(n2)Nc2cccc(c2)C1,[5*]N(CCOC)Cc1cccc(Nc2nccc(-c3cccc(O[9*])c3)n2)c1,[4*]C/C=C/CC[10*],18,5,26,0,4,9,4;10,largest_ring_two_bond_fragmentation
FRAG_130c35c6d2,JAK2_b13e78c95d,COCCN1C/C=C/CCOc2cccc(c2)-c2ccnc(n2)Nc2cccc(c2)C1,[5*]N(CCOC)Cc1cccc(Nc2nccc(-c3cccc([10*])c3)n2)c1,[4*]C/C=C/CCO[11*],18,6,25,0,4,10,4;11,largest_ring_two_bond_fragmentation
FRAG_6b3bf2bfa6,JAK2_b13e78c95d,COCCN1C/C=C/CCOc2cccc(c2)-c2ccnc(n2)Nc2cccc(c2)C1,[5*]N(CCOC)Cc1cccc(Nc2nccc([15*])n2)c1,[4*]C/C=C/CCOc1cccc([17*])c1,18,12,19,6,4,16,4;17,largest_ring_two_bond_fragmentation
FRAG_2239b2487f,JAK2_b13e78c95d,COCCN1C/C=C/CCOc2cccc(c2)-c2ccnc(n2)Nc2cccc(c2)C1,[4*]C/C=C/CCOc1cccc(-c2ccnc(N[24*])n2)c1,[5*]N(CCOC)Cc1cccc([23*])c1,18,12,19,6,4,23,5;23,largest_ring_two_bond_fragmentation
FRAG_563f56aae5,JAK2_b13e78c95d,COCCN1C/C=C/CCOc2cccc(c2)-c2ccnc(n2)Nc2cccc(c2)C1,[4*]C/C=C/CCOc1cccc(-c2ccnc(Nc3cccc([30*])c3)n2)c1,[5*]N(C[28*])CCOC,18,6,25,0,4,29,5;28,largest_ring_two_bond_fragmentation
FRAG_79e6b93f45,JAK2_b13e78c95d,COCCN1C/C=C/CCOc2cccc(c2)-c2ccnc(n2)Nc2cccc(c2)C1,[6*]CN(CCOC)Cc1cccc(Nc2nccc(-c3cccc(OC[8*])c3)n2)c1,[5*]/C=C/C[9*],18,3,28,0,5,8,5;9,largest_ring_two_bond_fragmentation
FRAG_40b9bc12eb,JAK2_b13e78c95d,COCCN1C/C=C/CCOc2cccc(c2)-c2ccnc(n2)Nc2cccc(c2)C1,[6*]CN(CCOC)Cc1cccc(Nc2nccc(-c3cccc(O[9*])c3)n2)c1,[5*]/C=C/CC[10*],18,4,27,0,5,9,5;10,largest_ring_two_bond_fragmentation
FRAG_bdf7546d0d,JAK2_b13e78c95d,COCCN1C/C=C/CCOc2cccc(c2)-c2ccnc(n2)Nc2cccc(c2)C1,[6*]CN(CCOC)Cc1cccc(Nc2nccc(-c3cccc([10*])c3)n2)c1,[5*]/C=C/CCO[11*],18,5,26,0,5,10,5;11,largest_ring_two_bond_fragmentation
FRAG_812cb58ff1,JAK2_b13e78c95d,COCCN1C/C=C/CCOc2cccc(c2)-c2ccnc(n2)Nc2cccc(c2)C1,[6*]CN(CCOC)Cc1cccc(Nc2nccc([15*])n2)c1,[5*]/C=C/CCOc1cccc([17*])c1,18,11,20,6,5,16,5;17,largest_ring_two_bond_fragmentation
FRAG_0cff88b8c8,JAK2_b13e78c95d,COCCN1C/C=C/CCOc2cccc(c2)-c2ccnc(n2)Nc2cccc(c2)C1,[5*]/C=C/CCOc1cccc(-c2ccnc(Nc3cccc([30*])c3)n2)c1,[6*]CN(C[28*])CCOC,18,7,24,0,5,29,6;28,largest_ring_two_bond_fragmentation
FRAG_f92728e296,JAK2_b13e78c95d,COCCN1C/C=C/CCOc2cccc(c2)-c2ccnc(n2)Nc2cccc(c2)C1,[4*]Cc1cccc(Nc2nccc(-c3cccc(OCC/C=C/[5*])c3)n2)c1,[6*]CN([30*])CCOC,18,6,25,0,5,30,6;30,largest_ring_two_bond_fragmentation
FRAG_7ed7fddf76,JAK2_b13e78c95d,COCCN1C/C=C/CCOc2cccc(c2)-c2ccnc(n2)Nc2cccc(c2)C1,[8*]/C=C/CN(CCOC)Cc1cccc(Nc2nccc(-c3cccc([10*])c3)n2)c1,[7*]CCO[11*],18,3,28,0,7,10,7;11,largest_ring_two_bond_fragmentation
FRAG_5687b0cf57,JAK2_b13e78c95d,COCCN1C/C=C/CCOc2cccc(c2)-c2ccnc(n2)Nc2cccc(c2)C1,[8*]/C=C/CN(CCOC)Cc1cccc(Nc2nccc([15*])n2)c1,[7*]CCOc1cccc([17*])c1,18,9,22,6,7,16,7;17,largest_ring_two_bond_fragmentation
FRAG_253607c40a,JAK2_b13e78c95d,COCCN1C/C=C/CCOc2cccc(c2)-c2ccnc(n2)Nc2cccc(c2)C1,[7*]CCOc1cccc(-c2ccnc(Nc3cccc([30*])c3)n2)c1,[8*]/C=C/CN(C[28*])CCOC,18,9,22,0,7,29,8;28,largest_ring_two_bond_fragmentation
FRAG_3ce13fa7ec,JAK2_b13e78c95d,COCCN1C/C=C/CCOc2cccc(c2)-c2ccnc(n2)Nc2cccc(c2)C1,[4*]Cc1cccc(Nc2nccc(-c3cccc(OCC[7*])c3)n2)c1,[8*]/C=C/CN([30*])CCOC,18,8,23,0,7,30,8;30,largest_ring_two_bond_fragmentation
FRAG_77cef756a8,JAK2_b13e78c95d,COCCN1C/C=C/CCOc2cccc(c2)-c2ccnc(n2)Nc2cccc(c2)C1,[9*]C/C=C/CN(CCOC)Cc1cccc(Nc2nccc([15*])n2)c1,[8*]COc1cccc([17*])c1,18,8,23,6,8,16,8;17,largest_ring_two_bond_fragmentation
FRAG_7b4d1a6063,JAK2_b13e78c95d,COCCN1C/C=C/CCOc2cccc(c2)-c2ccnc(n2)Nc2cccc(c2)C1,[8*]COc1cccc(-c2ccnc(Nc3cccc([30*])c3)n2)c1,[9*]C/C=C/CN(C[28*])CCOC,18,10,21,0,8,29,9;28,largest_ring_two_bond_fragmentation
FRAG_423a7e2de2,JAK2_b13e78c95d,COCCN1C/C=C/CCOc2cccc(c2)-c2ccnc(n2)Nc2cccc(c2)C1,[4*]Cc1cccc(Nc2nccc(-c3cccc(OC[8*])c3)n2)c1,[9*]C/C=C/CN([30*])CCOC,18,9,22,0,8,30,9;30,largest_ring_two_bond_fragmentation
FRAG_7bd669bd0d,JAK2_b13e78c95d,COCCN1C/C=C/CCOc2cccc(c2)-c2ccnc(n2)Nc2cccc(c2)C1,[10*]CC/C=C/CN(CCOC)Cc1cccc(Nc2nccc([15*])n2)c1,[9*]Oc1cccc([17*])c1,18,7,24,6,9,16,9;17,largest_ring_two_bond_fragmentation
FRAG_9b089ae429,JAK2_b13e78c95d,COCCN1C/C=C/CCOc2cccc(c2)-c2ccnc(n2)Nc2cccc(c2)C1,[9*]Oc1cccc(-c2ccnc(Nc3cccc([30*])c3)n2)c1,[10*]CC/C=C/CN(C[28*])CCOC,18,11,20,0,9,29,10;28,largest_ring_two_bond_fragmentation
FRAG_158282fd78,JAK2_b13e78c95d,COCCN1C/C=C/CCOc2cccc(c2)-c2ccnc(n2)Nc2cccc(c2)C1,[4*]Cc1cccc(Nc2nccc(-c3cccc(O[9*])c3)n2)c1,[10*]CC/C=C/CN([30*])CCOC,18,10,21,0,9,30,10;30,largest_ring_two_bond_fragmentation
FRAG_3bd0b23ff1,JAK2_b13e78c95d,COCCN1C/C=C/CCOc2cccc(c2)-c2ccnc(n2)Nc2cccc(c2)C1,[11*]OCC/C=C/CN(CCOC)Cc1cccc(Nc2nccc([15*])n2)c1,[10*]c1cccc([17*])c1,18,6,25,6,10,16,10;17,largest_ring_two_bond_fragmentation
FRAG_bfa98a1b26,JAK2_b13e78c95d,COCCN1C/C=C/CCOc2cccc(c2)-c2ccnc(n2)Nc2cccc(c2)C1,[11*]OCC/C=C/CN(CCOC)Cc1cccc(N[21*])c1,[10*]c1cccc(-c2ccnc([23*])n2)c1,18,12,19,6,10,22,10;23,largest_ring_two_bond_fragmentation
FRAG_1db0f13ac8,JAK2_b13e78c95d,COCCN1C/C=C/CCOc2cccc(c2)-c2ccnc(n2)Nc2cccc(c2)C1,[10*]c1cccc(-c2ccnc(Nc3cccc([30*])c3)n2)c1,[11*]OCC/C=C/CN(C[28*])CCOC,18,12,19,0,10,29,11;28,largest_ring_two_bond_fragmentation
FRAG_c80b0d1bf7,JAK2_b13e78c95d,COCCN1C/C=C/CCOc2cccc(c2)-c2ccnc(n2)Nc2cccc(c2)C1,[4*]Cc1cccc(Nc2nccc(-c3cccc([10*])c3)n2)c1,[11*]OCC/C=C/CN([30*])CCOC,18,11,20,0,10,30,11;30,largest_ring_two_bond_fragmentation
FRAG_dc242e8e7d,JAK2_b13e78c95d,COCCN1C/C=C/CCOc2cccc(c2)-c2ccnc(n2)Nc2cccc(c2)C1,[17*]c1cccc(OCC/C=C/CN(CCOC)Cc2cccc(N[21*])c2)c1,[15*]c1ccnc([23*])n1,18,6,25,6,16,22,15;23,largest_ring_two_bond_fragmentation
FRAG_e433763ebf,JAK2_b13e78c95d,COCCN1C/C=C/CCOc2cccc(c2)-c2ccnc(n2)Nc2cccc(c2)C1,[17*]c1cccc(OCC/C=C/CN(CCOC)Cc2cccc([23*])c2)c1,[15*]c1ccnc(N[24*])n1,18,7,24,6,16,23,15;24,largest_ring_two_bond_fragmentation
FRAG_ac4ed2a288,JAK2_b13e78c95d,COCCN1C/C=C/CCOc2cccc(c2)-c2ccnc(n2)Nc2cccc(c2)C1,[23*]c1nccc(-c2cccc(OCC/C=C/CN(C[28*])CCOC)c2)n1,[21*]Nc1cccc([30*])c1,18,7,24,6,22,29,21;30,largest_ring_two_bond_fragmentation
FRAG_206f0d9a87,JAK2_b13e78c95d,COCCN1C/C=C/CCOc2cccc(c2)-c2ccnc(n2)Nc2cccc(c2)C1,[23*]c1nccc(-c2cccc(OCC/C=C/CN([30*])CCOC)c2)n1,[4*]Cc1cccc(N[21*])c1,18,8,23,6,22,30,4;21,largest_ring_two_bond_fragmentation
FRAG_3bdd0e409f,JAK2_b13e78c95d,COCCN1C/C=C/CCOc2cccc(c2)-c2ccnc(n2)Nc2cccc(c2)C1,[24*]Nc1nccc(-c2cccc(OCC/C=C/CN(C[28*])CCOC)c2)n1,[23*]c1cccc([30*])c1,18,6,25,6,23,29,23;30,largest_ring_two_bond_fragmentation
FRAG_dee27ec4db,JAK2_b13e78c95d,COCCN1C/C=C/CCOc2cccc(c2)-c2ccnc(n2)Nc2cccc(c2)C1,[24*]Nc1nccc(-c2cccc(OCC/C=C/CN([30*])CCOC)c2)n1,[4*]Cc1cccc([23*])c1,18,7,24,6,23,30,4;23,largest_ring_two_bond_fragmentation
FRAG_9a89743247,JAK2_2d508b2bcb,COc1ccc2cc1OCC/C=C/CN(C)Cc1cccc(c1)Nc1nccc-2n1,[8*]c1cc(-c2ccnc(Nc3cccc(CN(C)C/C=C/[10*])c3)n2)ccc1OC,[7*]OCC[11*],18,3,27,0,7,10,7;11,largest_ring_two_bond_fragmentation
FRAG_80fb47b0f3,JAK2_2d508b2bcb,COc1ccc2cc1OCC/C=C/CN(C)Cc1cccc(c1)Nc1nccc-2n1,[8*]c1cc(-c2ccnc(Nc3cccc(CN(C)C[12*])c3)n2)ccc1OC,[7*]OCC/C=C/[13*],18,5,25,0,7,12,7;13,largest_ring_two_bond_fragmentation
FRAG_1e522ddf4c,JAK2_2d508b2bcb,COc1ccc2cc1OCC/C=C/CN(C)Cc1cccc(c1)Nc1nccc-2n1,[8*]c1cc(-c2ccnc(Nc3cccc(CN([13*])C)c3)n2)ccc1OC,[7*]OCC/C=C/C[14*],18,6,24,0,7,13,7;14,largest_ring_two_bond_fragmentation
FRAG_4adbb9eb66,JAK2_2d508b2bcb,COc1ccc2cc1OCC/C=C/CN(C)Cc1cccc(c1)Nc1nccc-2n1,[8*]c1cc(-c2ccnc(Nc3cccc(C[14*])c3)n2)ccc1OC,[7*]OCC/C=C/CN([16*])C,18,8,22,0,7,15,7;16,largest_ring_two_bond_fragmentation
FRAG_d5c339c165,JAK2_2d508b2bcb,COc1ccc2cc1OCC/C=C/CN(C)Cc1cccc(c1)Nc1nccc-2n1,[8*]c1cc(-c2ccnc(Nc3cccc([16*])c3)n2)ccc1OC,[7*]OCC/C=C/CN(C)C[17*],18,9,21,0,7,16,7;17,largest_ring_two_bond_fragmentation
FRAG_bb9a86da6e,JAK2_2d508b2bcb,COc1ccc2cc1OCC/C=C/CN(C)Cc1cccc(c1)Nc1nccc-2n1,[5*]c1ccnc(Nc2cccc(CN(C)C/C=C/CCO[7*])c2)n1,[8*]c1cc([28*])ccc1OC,18,8,22,6,7,32,8;28,largest_ring_two_bond_fragmentation
FRAG_d2a08d4567,JAK2_2d508b2bcb,COc1ccc2cc1OCC/C=C/CN(C)Cc1cccc(c1)Nc1nccc-2n1,[9*]Oc1cc(-c2ccnc(Nc3cccc(CN(C)C[12*])c3)n2)ccc1OC,[8*]CC/C=C/[13*],18,4,26,0,8,12,8;13,largest_ring_two_bond_fragmentation
FRAG_d91759528b,JAK2_2d508b2bcb,COc1ccc2cc1OCC/C=C/CN(C)Cc1cccc(c1)Nc1nccc-2n1,[9*]Oc1cc(-c2ccnc(Nc3cccc(CN([13*])C)c3)n2)ccc1OC,[8*]CC/C=C/C[14*],18,5,25,0,8,13,8;14,largest_ring_two_bond_fragmentation
FRAG_8ec3342174,JAK2_2d508b2bcb,COc1ccc2cc1OCC/C=C/CN(C)Cc1cccc(c1)Nc1nccc-2n1,[9*]Oc1cc(-c2ccnc(Nc3cccc(C[14*])c3)n2)ccc1OC,[8*]CC/C=C/CN([16*])C,18,7,23,0,8,15,8;16,largest_ring_two_bond_fragmentation
FRAG_63db8feeb4,JAK2_2d508b2bcb,COc1ccc2cc1OCC/C=C/CN(C)Cc1cccc(c1)Nc1nccc-2n1,[9*]Oc1cc(-c2ccnc(Nc3cccc([16*])c3)n2)ccc1OC,[8*]CC/C=C/CN(C)C[17*],18,8,22,0,8,16,8;17,largest_ring_two_bond_fragmentation
FRAG_4701149e81,JAK2_2d508b2bcb,COc1ccc2cc1OCC/C=C/CN(C)Cc1cccc(c1)Nc1nccc-2n1,[5*]c1ccnc(Nc2cccc(CN(C)C/C=C/CC[8*])c2)n1,[9*]Oc1cc([28*])ccc1OC,18,9,21,6,8,32,9;28,largest_ring_two_bond_fragmentation
FRAG_43a26b1f7f,JAK2_2d508b2bcb,COc1ccc2cc1OCC/C=C/CN(C)Cc1cccc(c1)Nc1nccc-2n1,[10*]COc1cc(-c2ccnc(Nc3cccc(CN(C)C[12*])c3)n2)ccc1OC,[9*]C/C=C/[13*],18,3,27,0,9,12,9;13,largest_ring_two_bond_fragmentation
FRAG_2d4e88b1b2,JAK2_2d508b2bcb,COc1ccc2cc1OCC/C=C/CN(C)Cc1cccc(c1)Nc1nccc-2n1,[10*]COc1cc(-c2ccnc(Nc3cccc(CN([13*])C)c3)n2)ccc1OC,[9*]C/C=C/C[14*],18,4,26,0,9,13,9;14,largest_ring_two_bond_fragmentation
FRAG_0efcb263f6,JAK2_2d508b2bcb,COc1ccc2cc1OCC/C=C/CN(C)Cc1cccc(c1)Nc1nccc-2n1,[10*]COc1cc(-c2ccnc(Nc3cccc(C[14*])c3)n2)ccc1OC,[9*]C/C=C/CN([16*])C,18,6,24,0,9,15,9;16,largest_ring_two_bond_fragmentation
FRAG_007ada0c57,JAK2_2d508b2bcb,COc1ccc2cc1OCC/C=C/CN(C)Cc1cccc(c1)Nc1nccc-2n1,[10*]COc1cc(-c2ccnc(Nc3cccc([16*])c3)n2)ccc1OC,[9*]C/C=C/CN(C)C[17*],18,7,23,0,9,16,9;17,largest_ring_two_bond_fragmentation
FRAG_778fa2d81e,JAK2_2d508b2bcb,COc1ccc2cc1OCC/C=C/CN(C)Cc1cccc(c1)Nc1nccc-2n1,[5*]c1ccnc(Nc2cccc(CN(C)C/C=C/C[9*])c2)n1,[10*]COc1cc([28*])ccc1OC,18,10,20,6,9,32,10;28,largest_ring_two_bond_fragmentation
FRAG_296d032d08,JAK2_2d508b2bcb,COc1ccc2cc1OCC/C=C/CN(C)Cc1cccc(c1)Nc1nccc-2n1,[11*]CCOc1cc(-c2ccnc(Nc3cccc(CN([13*])C)c3)n2)ccc1OC,[10*]/C=C/C[14*],18,3,27,0,10,13,10;14,largest_ring_two_bond_fragmentation
FRAG_0081b3bf0e,JAK2_2d508b2bcb,COc1ccc2cc1OCC/C=C/CN(C)Cc1cccc(c1)Nc1nccc-2n1,[11*]CCOc1cc(-c2ccnc(Nc3cccc(C[14*])c3)n2)ccc1OC,[10*]/C=C/CN([16*])C,18,5,25,0,10,15,10;16,largest_ring_two_bond_fragmentation
FRAG_1a5a0240c9,JAK2_2d508b2bcb,COc1ccc2cc1OCC/C=C/CN(C)Cc1cccc(c1)Nc1nccc-2n1,[11*]CCOc1cc(-c2ccnc(Nc3cccc([16*])c3)n2)ccc1OC,[10*]/C=C/CN(C)C[17*],18,6,24,0,10,16,10;17,largest_ring_two_bond_fragmentation
FRAG_d31cd12d26,JAK2_2d508b2bcb,COc1ccc2cc1OCC/C=C/CN(C)Cc1cccc(c1)Nc1nccc-2n1,[11*]CCOc1cc(-c2ccnc(N[21*])n2)ccc1OC,[10*]/C=C/CN(C)Cc1cccc([23*])c1,18,12,18,6,10,22,10;23,largest_ring_two_bond_fragmentation
FRAG_109e186d98,JAK2_2d508b2bcb,COc1ccc2cc1OCC/C=C/CN(C)Cc1cccc(c1)Nc1nccc-2n1,[5*]c1ccnc(Nc2cccc(CN(C)C/C=C/[10*])c2)n1,[11*]CCOc1cc([28*])ccc1OC,18,11,19,6,10,32,11;28,largest_ring_two_bond_fragmentation
FRAG_26fe21e2a4,JAK2_2d508b2bcb,COc1ccc2cc1OCC/C=C/CN(C)Cc1cccc(c1)Nc1nccc-2n1,[13*]/C=C/CCOc1cc(-c2ccnc(Nc3cccc(C[14*])c3)n2)ccc1OC,[12*]CN([16*])C,18,3,27,0,12,15,12;16,largest_ring_two_bond_fragmentation
FRAG_5021b40d4b,JAK2_2d508b2bcb,COc1ccc2cc1OCC/C=C/CN(C)Cc1cccc(c1)Nc1nccc-2n1,[13*]/C=C/CCOc1cc(-c2ccnc(Nc3cccc([16*])c3)n2)ccc1OC,[12*]CN(C)C[17*],18,4,26,0,12,16,12;17,largest_ring_two_bond_fragmentation
FRAG_c6ab3992de,JAK2_2d508b2bcb,COc1ccc2cc1OCC/C=C/CN(C)Cc1cccc(c1)Nc1nccc-2n1,[13*]/C=C/CCOc1cc(-c2ccnc(N[21*])n2)ccc1OC,[12*]CN(C)Cc1cccc([23*])c1,18,10,20,6,12,22,12;23,largest_ring_two_bond_fragmentation
FRAG_c905336972,JAK2_2d508b2bcb,COc1ccc2cc1OCC/C=C/CN(C)Cc1cccc(c1)Nc1nccc-2n1,[13*]/C=C/CCOc1cc(-c2ccnc([23*])n2)ccc1OC,[12*]CN(C)Cc1cccc(N[24*])c1,18,11,19,6,12,23,12;24,largest_ring_two_bond_fragmentation
FRAG_cae320b426,JAK2_2d508b2bcb,COc1ccc2cc1OCC/C=C/CN(C)Cc1cccc(c1)Nc1nccc-2n1,[14*]C/C=C/CCOc1cc(-c2ccnc(Nc3cccc([16*])c3)n2)ccc1OC,[13*]N(C)C[17*],18,3,27,0,13,16,13;17,largest_ring_two_bond_fragmentation
FRAG_1206d0ac90,JAK2_2d508b2bcb,COc1ccc2cc1OCC/C=C/CN(C)Cc1cccc(c1)Nc1nccc-2n1,[14*]C/C=C/CCOc1cc(-c2ccnc(N[21*])n2)ccc1OC,[13*]N(C)Cc1cccc([23*])c1,18,9,21,6,13,22,13;23,largest_ring_two_bond_fragmentation
FRAG_63964c144b,JAK2_2d508b2bcb,COc1ccc2cc1OCC/C=C/CN(C)Cc1cccc(c1)Nc1nccc-2n1,[14*]C/C=C/CCOc1cc(-c2ccnc([23*])n2)ccc1OC,[13*]N(C)Cc1cccc(N[24*])c1,18,10,20,6,13,23,13;24,largest_ring_two_bond_fragmentation
FRAG_ff5a3e2740,JAK2_2d508b2bcb,COc1ccc2cc1OCC/C=C/CN(C)Cc1cccc(c1)Nc1nccc-2n1,[16*]N(C)C/C=C/CCOc1cc(-c2ccnc(N[21*])n2)ccc1OC,[14*]Cc1cccc([23*])c1,18,7,23,6,15,22,14;23,largest_ring_two_bond_fragmentation
FRAG_f14c0d18c1,JAK2_2d508b2bcb,COc1ccc2cc1OCC/C=C/CN(C)Cc1cccc(c1)Nc1nccc-2n1,[16*]N(C)C/C=C/CCOc1cc(-c2ccnc([23*])n2)ccc1OC,[14*]Cc1cccc(N[24*])c1,18,8,22,6,15,23,14;24,largest_ring_two_bond_fragmentation
FRAG_4b15f797d6,JAK2_2d508b2bcb,COc1ccc2cc1OCC/C=C/CN(C)Cc1cccc(c1)Nc1nccc-2n1,[17*]CN(C)C/C=C/CCOc1cc(-c2ccnc(N[21*])n2)ccc1OC,[16*]c1cccc([23*])c1,18,6,24,6,16,22,16;23,largest_ring_two_bond_fragmentation
FRAG_4918bebe66,JAK2_2d508b2bcb,COc1ccc2cc1OCC/C=C/CN(C)Cc1cccc(c1)Nc1nccc-2n1,[17*]CN(C)C/C=C/CCOc1cc(-c2ccnc([23*])n2)ccc1OC,[16*]c1cccc(N[24*])c1,18,7,23,6,16,23,16;24,largest_ring_two_bond_fragmentation
FRAG_71c2f994d7,JAK2_2d508b2bcb,COc1ccc2cc1OCC/C=C/CN(C)Cc1cccc(c1)Nc1nccc-2n1,[23*]c1cccc(CN(C)C/C=C/CCOc2cc([28*])ccc2OC)c1,[5*]c1ccnc(N[21*])n1,18,7,23,6,22,32,5;21,largest_ring_two_bond_fragmentation
FRAG_ddd9dee1bd,JAK2_2d508b2bcb,COc1ccc2cc1OCC/C=C/CN(C)Cc1cccc(c1)Nc1nccc-2n1,[24*]Nc1cccc(CN(C)C/C=C/CCOc2cc([28*])ccc2OC)c1,[5*]c1ccnc([23*])n1,18,6,24,6,23,32,5;23,largest_ring_two_bond_fragmentation
FRAG_679a5e6a15,JAK2_e5976c5a3a,CN1C/C=C/CCOc2cccc(c2)-c2cc(N3CCCC3)nc(n2)Nc2cccc(c2)C1,[2*]N(C)Cc1cccc(Nc2nc(-c3cccc(OCC[4*])c3)cc(N3CCCC3)n2)c1,[1*]C/C=C/[5*],18,3,30,0,1,4,1;5,largest_ring_two_bond_fragmentation
FRAG_3f501b641a,JAK2_e5976c5a3a,CN1C/C=C/CCOc2cccc(c2)-c2cc(N3CCCC3)nc(n2)Nc2cccc(c2)C1,[2*]N(C)Cc1cccc(Nc2nc(-c3cccc(OC[5*])c3)cc(N3CCCC3)n2)c1,[1*]C/C=C/C[6*],18,4,29,0,1,5,1;6,largest_ring_two_bond_fragmentation
FRAG_20a0906d01,JAK2_e5976c5a3a,CN1C/C=C/CCOc2cccc(c2)-c2cc(N3CCCC3)nc(n2)Nc2cccc(c2)C1,[2*]N(C)Cc1cccc(Nc2nc(-c3cccc(O[6*])c3)cc(N3CCCC3)n2)c1,[1*]C/C=C/CC[7*],18,5,28,0,1,6,1;7,largest_ring_two_bond_fragmentation
FRAG_51237c1096,JAK2_e5976c5a3a,CN1C/C=C/CCOc2cccc(c2)-c2cc(N3CCCC3)nc(n2)Nc2cccc(c2)C1,[2*]N(C)Cc1cccc(Nc2nc(-c3cccc([7*])c3)cc(N3CCCC3)n2)c1,[1*]C/C=C/CCO[8*],18,6,27,0,1,7,1;8,largest_ring_two_bond_fragmentation
FRAG_9554429d1b,JAK2_e5976c5a3a,CN1C/C=C/CCOc2cccc(c2)-c2cc(N3CCCC3)nc(n2)Nc2cccc(c2)C1,[2*]N(C)Cc1cccc(Nc2nc([12*])cc(N3CCCC3)n2)c1,[1*]C/C=C/CCOc1cccc([14*])c1,18,12,21,6,1,13,1;14,largest_ring_two_bond_fragmentation
FRAG_c7b55cf669,JAK2_e5976c5a3a,CN1C/C=C/CCOc2cccc(c2)-c2cc(N3CCCC3)nc(n2)Nc2cccc(c2)C1,[1*]C/C=C/CCOc1cccc(-c2cc(N3CCCC3)nc([25*])n2)c1,[2*]N(C)Cc1cccc(N[23*])c1,18,10,23,6,1,24,2;23,largest_ring_two_bond_fragmentation
FRAG_1895cb424b,JAK2_e5976c5a3a,CN1C/C=C/CCOc2cccc(c2)-c2cc(N3CCCC3)nc(n2)Nc2cccc(c2)C1,[1*]C/C=C/CCOc1cccc(-c2cc(N3CCCC3)nc(N[26*])n2)c1,[2*]N(C)Cc1cccc([25*])c1,18,9,24,6,1,25,2;25,largest_ring_two_bond_fragmentation
FRAG_1b6ccb558c,JAK2_e5976c5a3a,CN1C/C=C/CCOc2cccc(c2)-c2cc(N3CCCC3)nc(n2)Nc2cccc(c2)C1,[1*]C/C=C/CCOc1cccc(-c2cc(N3CCCC3)nc(Nc3cccc([32*])c3)n2)c1,[2*]N(C)C[30*],18,3,30,0,1,31,2;30,largest_ring_two_bond_fragmentation
FRAG_0fb425b075,JAK2_e5976c5a3a,CN1C/C=C/CCOc2cccc(c2)-c2cc(N3CCCC3)nc(n2)Nc2cccc(c2)C1,[3*]CN(C)Cc1cccc(Nc2nc(-c3cccc(OC[5*])c3)cc(N3CCCC3)n2)c1,[2*]/C=C/C[6*],18,3,30,0,2,5,2;6,largest_ring_two_bond_fragmentation
FRAG_bc93a84558,JAK2_e5976c5a3a,CN1C/C=C/CCOc2cccc(c2)-c2cc(N3CCCC3)nc(n2)Nc2cccc(c2)C1,[3*]CN(C)Cc1cccc(Nc2nc(-c3cccc(O[6*])c3)cc(N3CCCC3)n2)c1,[2*]/C=C/CC[7*],18,4,29,0,2,6,2;7,largest_ring_two_bond_fragmentation
FRAG_35c573361b,JAK2_e5976c5a3a,CN1C/C=C/CCOc2cccc(c2)-c2cc(N3CCCC3)nc(n2)Nc2cccc(c2)C1,[3*]CN(C)Cc1cccc(Nc2nc(-c3cccc([7*])c3)cc(N3CCCC3)n2)c1,[2*]/C=C/CCO[8*],18,5,28,0,2,7,2;8,largest_ring_two_bond_fragmentation
FRAG_19e3b46ac3,JAK2_e5976c5a3a,CN1C/C=C/CCOc2cccc(c2)-c2cc(N3CCCC3)nc(n2)Nc2cccc(c2)C1,[3*]CN(C)Cc1cccc(Nc2nc([12*])cc(N3CCCC3)n2)c1,[2*]/C=C/CCOc1cccc([14*])c1,18,11,22,6,2,13,2;14,largest_ring_two_bond_fragmentation
FRAG_be0f10caf6,JAK2_e5976c5a3a,CN1C/C=C/CCOc2cccc(c2)-c2cc(N3CCCC3)nc(n2)Nc2cccc(c2)C1,[2*]/C=C/CCOc1cccc(-c2cc(N3CCCC3)nc([25*])n2)c1,[3*]CN(C)Cc1cccc(N[23*])c1,18,11,22,6,2,24,3;23,largest_ring_two_bond_fragmentation
FRAG_88d238bfd8,JAK2_e5976c5a3a,CN1C/C=C/CCOc2cccc(c2)-c2cc(N3CCCC3)nc(n2)Nc2cccc(c2)C1,[2*]/C=C/CCOc1cccc(-c2cc(N3CCCC3)nc(N[26*])n2)c1,[3*]CN(C)Cc1cccc([25*])c1,18,10,23,6,2,25,3;25,largest_ring_two_bond_fragmentation
FRAG_dd74d3c396,JAK2_e5976c5a3a,CN1C/C=C/CCOc2cccc(c2)-c2cc(N3CCCC3)nc(n2)Nc2cccc(c2)C1,[2*]/C=C/CCOc1cccc(-c2cc(N3CCCC3)nc(Nc3cccc([32*])c3)n2)c1,[3*]CN(C)C[30*],18,4,29,0,2,31,3;30,largest_ring_two_bond_fragmentation
FRAG_39b925e047,JAK2_e5976c5a3a,CN1C/C=C/CCOc2cccc(c2)-c2cc(N3CCCC3)nc(n2)Nc2cccc(c2)C1,[1*]Cc1cccc(Nc2nc(-c3cccc(OCC/C=C/[2*])c3)cc(N3CCCC3)n2)c1,[3*]CN([32*])C,18,3,30,0,2,32,3;32,largest_ring_two_bond_fragmentation
FRAG_f58584f1ad,JAK2_e5976c5a3a,CN1C/C=C/CCOc2cccc(c2)-c2cc(N3CCCC3)nc(n2)Nc2cccc(c2)C1,[5*]/C=C/CN(C)Cc1cccc(Nc2nc(-c3cccc([7*])c3)cc(N3CCCC3)n2)c1,[4*]CCO[8*],18,3,30,0,4,7,4;8,largest_ring_two_bond_fragmentation
FRAG_0e2ab79fda,JAK2_e5976c5a3a,CN1C/C=C/CCOc2cccc(c2)-c2cc(N3CCCC3)nc(n2)Nc2cccc(c2)C1,[5*]/C=C/CN(C)Cc1cccc(Nc2nc([12*])cc(N3CCCC3)n2)c1,[4*]CCOc1cccc([14*])c1,18,9,24,6,4,13,4;14,largest_ring_two_bond_fragmentation
FRAG_5237772bff,JAK2_e5976c5a3a,CN1C/C=C/CCOc2cccc(c2)-c2cc(N3CCCC3)nc(n2)Nc2cccc(c2)C1,[4*]CCOc1cccc(-c2cc(N3CCCC3)nc(N[26*])n2)c1,[5*]/C=C/CN(C)Cc1cccc([25*])c1,18,12,21,6,4,25,5;25,largest_ring_two_bond_fragmentation
FRAG_b1aa555037,JAK2_e5976c5a3a,CN1C/C=C/CCOc2cccc(c2)-c2cc(N3CCCC3)nc(n2)Nc2cccc(c2)C1,[4*]CCOc1cccc(-c2cc(N3CCCC3)nc(Nc3cccc([32*])c3)n2)c1,[5*]/C=C/CN(C)C[30*],18,6,27,0,4,31,5;30,largest_ring_two_bond_fragmentation
FRAG_38e38587ce,JAK2_e5976c5a3a,CN1C/C=C/CCOc2cccc(c2)-c2cc(N3CCCC3)nc(n2)Nc2cccc(c2)C1,[1*]Cc1cccc(Nc2nc(-c3cccc(OCC[4*])c3)cc(N3CCCC3)n2)c1,[5*]/C=C/CN([32*])C,18,5,28,0,4,32,5;32,largest_ring_two_bond_fragmentation
FRAG_5d19d77188,JAK2_e5976c5a3a,CN1C/C=C/CCOc2cccc(c2)-c2cc(N3CCCC3)nc(n2)Nc2cccc(c2)C1,[6*]C/C=C/CN(C)Cc1cccc(Nc2nc([12*])cc(N3CCCC3)n2)c1,[5*]COc1cccc([14*])c1,18,8,25,6,5,13,5;14,largest_ring_two_bond_fragmentation
FRAG_0069b9e3f1,JAK2_e5976c5a3a,CN1C/C=C/CCOc2cccc(c2)-c2cc(N3CCCC3)nc(n2)Nc2cccc(c2)C1,[5*]COc1cccc(-c2cc(N3CCCC3)nc(Nc3cccc([32*])c3)n2)c1,[6*]C/C=C/CN(C)C[30*],18,7,26,0,5,31,6;30,largest_ring_two_bond_fragmentation
FRAG_f86e887fdf,JAK2_e5976c5a3a,CN1C/C=C/CCOc2cccc(c2)-c2cc(N3CCCC3)nc(n2)Nc2cccc(c2)C1,[1*]Cc1cccc(Nc2nc(-c3cccc(OC[5*])c3)cc(N3CCCC3)n2)c1,[6*]C/C=C/CN([32*])C,18,6,27,0,5,32,6;32,largest_ring_two_bond_fragmentation
FRAG_4d995ac958,JAK2_e5976c5a3a,CN1C/C=C/CCOc2cccc(c2)-c2cc(N3CCCC3)nc(n2)Nc2cccc(c2)C1,[7*]CC/C=C/CN(C)Cc1cccc(Nc2nc([12*])cc(N3CCCC3)n2)c1,[6*]Oc1cccc([14*])c1,18,7,26,6,6,13,6;14,largest_ring_two_bond_fragmentation
FRAG_62495a42ce,JAK2_e5976c5a3a,CN1C/C=C/CCOc2cccc(c2)-c2cc(N3CCCC3)nc(n2)Nc2cccc(c2)C1,[6*]Oc1cccc(-c2cc(N3CCCC3)nc(Nc3cccc([32*])c3)n2)c1,[7*]CC/C=C/CN(C)C[30*],18,8,25,0,6,31,7;30,largest_ring_two_bond_fragmentation
FRAG_f2581cf48d,JAK2_e5976c5a3a,CN1C/C=C/CCOc2cccc(c2)-c2cc(N3CCCC3)nc(n2)Nc2cccc(c2)C1,[1*]Cc1cccc(Nc2nc(-c3cccc(O[6*])c3)cc(N3CCCC3)n2)c1,[7*]CC/C=C/CN([32*])C,18,7,26,0,6,32,7;32,largest_ring_two_bond_fragmentation
FRAG_44a3fb14e5,JAK2_e5976c5a3a,CN1C/C=C/CCOc2cccc(c2)-c2cc(N3CCCC3)nc(n2)Nc2cccc(c2)C1,[8*]OCC/C=C/CN(C)Cc1cccc(Nc2nc([12*])cc(N3CCCC3)n2)c1,[7*]c1cccc([14*])c1,18,6,27,6,7,13,7;14,largest_ring_two_bond_fragmentation
FRAG_a0e4b59d7a,JAK2_e5976c5a3a,CN1C/C=C/CCOc2cccc(c2)-c2cc(N3CCCC3)nc(n2)Nc2cccc(c2)C1,[7*]c1cccc(-c2cc(N3CCCC3)nc(Nc3cccc([32*])c3)n2)c1,[8*]OCC/C=C/CN(C)C[30*],18,9,24,0,7,31,8;30,largest_ring_two_bond_fragmentation
FRAG_a6a09ecd91,JAK2_e5976c5a3a,CN1C/C=C/CCOc2cccc(c2)-c2cc(N3CCCC3)nc(n2)Nc2cccc(c2)C1,[1*]Cc1cccc(Nc2nc(-c3cccc([7*])c3)cc(N3CCCC3)n2)c1,[8*]OCC/C=C/CN([32*])C,18,8,25,0,7,32,8;32,largest_ring_two_bond_fragmentation
FRAG_186926a584,JAK2_e5976c5a3a,CN1C/C=C/CCOc2cccc(c2)-c2cc(N3CCCC3)nc(n2)Nc2cccc(c2)C1,[14*]c1cccc(OCC/C=C/CN(C)Cc2cccc(N[23*])c2)c1,[12*]c1cc(N2CCCC2)nc([25*])n1,18,11,22,6,13,24,12;25,largest_ring_two_bond_fragmentation
FRAG_5ea230485c,JAK2_e5976c5a3a,CN1C/C=C/CCOc2cccc(c2)-c2cc(N3CCCC3)nc(n2)Nc2cccc(c2)C1,[14*]c1cccc(OCC/C=C/CN(C)Cc2cccc([25*])c2)c1,[12*]c1cc(N2CCCC2)nc(N[26*])n1,18,12,21,6,13,25,12;26,largest_ring_two_bond_fragmentation
FRAG_4df5506123,JAK2_e5976c5a3a,CN1C/C=C/CCOc2cccc(c2)-c2cc(N3CCCC3)nc(n2)Nc2cccc(c2)C1,[25*]c1nc(-c2cccc(OCC/C=C/CN(C)C[30*])c2)cc(N2CCCC2)n1,[23*]Nc1cccc([32*])c1,18,7,26,6,24,31,23;32,largest_ring_two_bond_fragmentation
FRAG_e348e9124c,JAK2_e5976c5a3a,CN1C/C=C/CCOc2cccc(c2)-c2cc(N3CCCC3)nc(n2)Nc2cccc(c2)C1,[25*]c1nc(-c2cccc(OCC/C=C/CN([32*])C)c2)cc(N2CCCC2)n1,[1*]Cc1cccc(N[23*])c1,18,8,25,6,24,32,1;23,largest_ring_two_bond_fragmentation
FRAG_7bd970d43d,JAK2_e5976c5a3a,CN1C/C=C/CCOc2cccc(c2)-c2cc(N3CCCC3)nc(n2)Nc2cccc(c2)C1,[26*]Nc1nc(-c2cccc(OCC/C=C/CN(C)C[30*])c2)cc(N2CCCC2)n1,[25*]c1cccc([32*])c1,18,6,27,6,25,31,25;32,largest_ring_two_bond_fragmentation
FRAG_c36e89153b,JAK2_e5976c5a3a,CN1C/C=C/CCOc2cccc(c2)-c2cc(N3CCCC3)nc(n2)Nc2cccc(c2)C1,[26*]Nc1nc(-c2cccc(OCC/C=C/CN([32*])C)c2)cc(N2CCCC2)n1,[1*]Cc1cccc([25*])c1,18,7,26,6,25,32,1;25,largest_ring_two_bond_fragmentation
FRAG_e53c776b5e,JAK2_9bb49f0413,C1=C/Cn2ccc3ccc(cc32)-c2ccnc(n2)Nc2cccc(c2)COC/1,[2*]/C=C/COCc1cccc(Nc2nccc([9*])n2)c1,[1*]Cn1ccc2ccc([12*])cc21,17,10,18,6,1,11,1;12,largest_ring_two_bond_fragmentation
FRAG_cc03b03cc0,JAK2_9bb49f0413,C1=C/Cn2ccc3ccc(cc32)-c2ccnc(n2)Nc2cccc(c2)COC/1,[1*]Cn1ccc2ccc(-c3ccnc([18*])n3)cc21,[2*]/C=C/COCc1cccc(N[16*])c1,17,12,16,6,1,17,2;16,largest_ring_two_bond_fragmentation
FRAG_78f4bca2ca,JAK2_9bb49f0413,C1=C/Cn2ccc3ccc(cc32)-c2ccnc(n2)Nc2cccc(c2)COC/1,[1*]Cn1ccc2ccc(-c3ccnc(N[19*])n3)cc21,[2*]/C=C/COCc1cccc([18*])c1,17,11,17,6,1,18,2;18,largest_ring_two_bond_fragmentation
FRAG_adf02132bb,JAK2_9bb49f0413,C1=C/Cn2ccc3ccc(cc32)-c2ccnc(n2)Nc2cccc(c2)COC/1,[1*]Cn1ccc2ccc(-c3ccnc(Nc4cccc([25*])c4)n3)cc21,[2*]/C=C/COC[23*],17,5,23,0,1,24,2;23,largest_ring_two_bond_fragmentation
FRAG_e979a7c19d,JAK2_9bb49f0413,C1=C/Cn2ccc3ccc(cc32)-c2ccnc(n2)Nc2cccc(c2)COC/1,[1*]Cn1ccc2ccc(-c3ccnc(Nc4cccc(C[26*])c4)n3)cc21,[2*]/C=C/CO[25*],17,4,24,0,1,25,2;25,largest_ring_two_bond_fragmentation
FRAG_6363e1024e,JAK2_9bb49f0413,C1=C/Cn2ccc3ccc(cc32)-c2ccnc(n2)Nc2cccc(c2)COC/1,[1*]Cn1ccc2ccc(-c3ccnc(Nc4cccc(CO[27*])c4)n3)cc21,[2*]/C=C/C[26*],17,3,25,0,1,26,2;26,largest_ring_two_bond_fragmentation
FRAG_011ac5b47c,JAK2_9bb49f0413,C1=C/Cn2ccc3ccc(cc32)-c2ccnc(n2)Nc2cccc(c2)COC/1,[3*]C/C=C/COCc1cccc(Nc2nccc([9*])n2)c1,[2*]n1ccc2ccc([12*])cc21,17,9,19,6,2,11,2;12,largest_ring_two_bond_fragmentation
FRAG_b103cea3e6,JAK2_9bb49f0413,C1=C/Cn2ccc3ccc(cc32)-c2ccnc(n2)Nc2cccc(c2)COC/1,[2*]n1ccc2ccc(-c3ccnc(N[19*])n3)cc21,[3*]C/C=C/COCc1cccc([18*])c1,17,12,16,6,2,18,3;18,largest_ring_two_bond_fragmentation
FRAG_d0b3686a3f,JAK2_9bb49f0413,C1=C/Cn2ccc3ccc(cc32)-c2ccnc(n2)Nc2cccc(c2)COC/1,[2*]n1ccc2ccc(-c3ccnc(Nc4cccc([25*])c4)n3)cc21,[3*]C/C=C/COC[23*],17,6,22,0,2,24,3;23,largest_ring_two_bond_fragmentation
FRAG_1e6f595567,JAK2_9bb49f0413,C1=C/Cn2ccc3ccc(cc32)-c2ccnc(n2)Nc2cccc(c2)COC/1,[2*]n1ccc2ccc(-c3ccnc(Nc4cccc(C[26*])c4)n3)cc21,[3*]C/C=C/CO[25*],17,5,23,0,2,25,3;25,largest_ring_two_bond_fragmentation
FRAG_4da240ed9b,JAK2_9bb49f0413,C1=C/Cn2ccc3ccc(cc32)-c2ccnc(n2)Nc2cccc(c2)COC/1,[2*]n1ccc2ccc(-c3ccnc(Nc4cccc(CO[27*])c4)n3)cc21,[3*]C/C=C/C[26*],17,4,24,0,2,26,3;26,largest_ring_two_bond_fragmentation
FRAG_5276374c96,JAK2_9bb49f0413,C1=C/Cn2ccc3ccc(cc32)-c2ccnc(n2)Nc2cccc(c2)COC/1,*COCc1cccc(Nc2nccc(-c3ccc4ccn([2*])c4c3)n2)c1,[3*]C/C=C/[27*],17,3,25,0,2,27,3;27,largest_ring_two_bond_fragmentation
FRAG_d244683662,JAK2_9bb49f0413,C1=C/Cn2ccc3ccc(cc32)-c2ccnc(n2)Nc2cccc(c2)COC/1,[12*]c1ccc2ccn(C/C=C/COCc3cccc(N[16*])c3)c2c1,[9*]c1ccnc([18*])n1,17,6,22,6,11,17,9;18,largest_ring_two_bond_fragmentation
FRAG_41a6aa9c57,JAK2_9bb49f0413,C1=C/Cn2ccc3ccc(cc32)-c2ccnc(n2)Nc2cccc(c2)COC/1,[12*]c1ccc2ccn(C/C=C/COCc3cccc([18*])c3)c2c1,[9*]c1ccnc(N[19*])n1,17,7,21,6,11,18,9;19,largest_ring_two_bond_fragmentation
FRAG_fb495adea0,JAK2_9bb49f0413,C1=C/Cn2ccc3ccc(cc32)-c2ccnc(n2)Nc2cccc(c2)COC/1,*COCc1cccc(Nc2nccc([9*])n2)c1,[12*]c1ccc2ccn(C/C=C/[27*])c2c1,17,12,16,6,11,27,12;27,largest_ring_two_bond_fragmentation
FRAG_2272fe42ce,JAK2_9bb49f0413,C1=C/Cn2ccc3ccc(cc32)-c2ccnc(n2)Nc2cccc(c2)COC/1,[18*]c1nccc(-c2ccc3ccn(C/C=C/COC[23*])c3c2)n1,[16*]Nc1cccc([25*])c1,17,7,21,6,17,24,16;25,largest_ring_two_bond_fragmentation
FRAG_edcc1e3fd8,JAK2_9bb49f0413,C1=C/Cn2ccc3ccc(cc32)-c2ccnc(n2)Nc2cccc(c2)COC/1,[18*]c1nccc(-c2ccc3ccn(C/C=C/CO[25*])c3c2)n1,[16*]Nc1cccc(C[26*])c1,17,8,20,6,17,25,16;26,largest_ring_two_bond_fragmentation
FRAG_f5f9b0fe38,JAK2_9bb49f0413,C1=C/Cn2ccc3ccc(cc32)-c2ccnc(n2)Nc2cccc(c2)COC/1,[18*]c1nccc(-c2ccc3ccn(C/C=C/C[26*])c3c2)n1,[16*]Nc1cccc(CO[27*])c1,17,9,19,6,17,26,16;27,largest_ring_two_bond_fragmentation
FRAG_ace2ea0b8a,JAK2_9bb49f0413,C1=C/Cn2ccc3ccc(cc32)-c2ccnc(n2)Nc2cccc(c2)COC/1,[18*]c1nccc(-c2ccc3ccn(C/C=C/[27*])c3c2)n1,*COCc1cccc(N[16*])c1,17,10,18,6,17,27,0;16,largest_ring_two_bond_fragmentation
FRAG_d48909e655,JAK2_9bb49f0413,C1=C/Cn2ccc3ccc(cc32)-c2ccnc(n2)Nc2cccc(c2)COC/1,[19*]Nc1nccc(-c2ccc3ccn(C/C=C/COC[23*])c3c2)n1,[18*]c1cccc([25*])c1,17,6,22,6,18,24,18;25,largest_ring_two_bond_fragmentation
FRAG_268708375c,JAK2_9bb49f0413,C1=C/Cn2ccc3ccc(cc32)-c2ccnc(n2)Nc2cccc(c2)COC/1,[19*]Nc1nccc(-c2ccc3ccn(C/C=C/CO[25*])c3c2)n1,[18*]c1cccc(C[26*])c1,17,7,21,6,18,25,18;26,largest_ring_two_bond_fragmentation
FRAG_b98abc1e42,JAK2_9bb49f0413,C1=C/Cn2ccc3ccc(cc32)-c2ccnc(n2)Nc2cccc(c2)COC/1,[19*]Nc1nccc(-c2ccc3ccn(C/C=C/C[26*])c3c2)n1,[18*]c1cccc(CO[27*])c1,17,8,20,6,18,26,18;27,largest_ring_two_bond_fragmentation
FRAG_0bca024a57,JAK2_9bb49f0413,C1=C/Cn2ccc3ccc(cc32)-c2ccnc(n2)Nc2cccc(c2)COC/1,[19*]Nc1nccc(-c2ccc3ccn(C/C=C/[27*])c3c2)n1,*COCc1cccc([18*])c1,17,9,19,6,18,27,0;18,largest_ring_two_bond_fragmentation
FRAG_2a8a5165e4,JAK2_9bb49f0413,C1=C/Cn2ccc3ccc(cc32)-c2ccnc(n2)Nc2cccc(c2)COC/1,[25*]c1cccc(Nc2nccc(-c3ccc4ccn(C/C=C/[27*])c4c3)n2)c1,*COC[23*],17,3,25,0,24,27,0;23,largest_ring_two_bond_fragmentation
FRAG_6b0009c01a,JAK2_0f8af01b6c,COc1ccc2cc1COCC=CCOCc1cccc(c1)-c1ccnc(n1)N2,[8*]c1cc(Nc2nccc(-c3cccc(COCC=C[10*])c3)n2)ccc1OC,[7*]COC[11*],18,3,26,0,7,10,7;11,largest_ring_two_bond_fragmentation
FRAG_fbab81f79f,JAK2_0f8af01b6c,COc1ccc2cc1COCC=CCOCc1cccc(c1)-c1ccnc(n1)N2,[8*]c1cc(Nc2nccc(-c3cccc(COC[12*])c3)n2)ccc1OC,[7*]COCC=C[13*],18,5,24,0,7,12,7;13,largest_ring_two_bond_fragmentation
FRAG_0ca676584f,JAK2_0f8af01b6c,COc1ccc2cc1COCC=CCOCc1cccc(c1)-c1ccnc(n1)N2,[8*]c1cc(Nc2nccc(-c3cccc(CO[13*])c3)n2)ccc1OC,[7*]COCC=CC[14*],18,6,23,0,7,13,7;14,largest_ring_two_bond_fragmentation
FRAG_6619ce0644,JAK2_0f8af01b6c,COc1ccc2cc1COCC=CCOCc1cccc(c1)-c1ccnc(n1)N2,[8*]c1cc(Nc2nccc(-c3cccc(C[14*])c3)n2)ccc1OC,[7*]COCC=CCO[15*],18,7,22,0,7,14,7;15,largest_ring_two_bond_fragmentation
FRAG_961466f7c4,JAK2_0f8af01b6c,COc1ccc2cc1COCC=CCOCc1cccc(c1)-c1ccnc(n1)N2,[8*]c1cc(Nc2nccc(-c3cccc([15*])c3)n2)ccc1OC,[7*]COCC=CCOC[16*],18,8,21,0,7,15,7;16,largest_ring_two_bond_fragmentation
FRAG_581dedc126,JAK2_0f8af01b6c,COc1ccc2cc1COCC=CCOCc1cccc(c1)-c1ccnc(n1)N2,[7*]COCC=CCOCc1cccc(-c2ccnc([28*])n2)c1,[8*]c1cc(N[26*])ccc1OC,18,9,20,6,7,27,8;26,largest_ring_two_bond_fragmentation
FRAG_6ae978ea54,JAK2_0f8af01b6c,COc1ccc2cc1COCC=CCOCc1cccc(c1)-c1ccnc(n1)N2,[5*]Nc1nccc(-c2cccc(COCC=CCOC[7*])c2)n1,[8*]c1cc([28*])ccc1OC,18,8,21,6,7,31,8;28,largest_ring_two_bond_fragmentation
FRAG_4a508ac6ff,JAK2_0f8af01b6c,COc1ccc2cc1COCC=CCOCc1cccc(c1)-c1ccnc(n1)N2,[9*]Cc1cc(Nc2nccc(-c3cccc(COC[12*])c3)n2)ccc1OC,[8*]OCC=C[13*],18,4,25,0,8,12,8;13,largest_ring_two_bond_fragmentation
FRAG_10a1124e2c,JAK2_0f8af01b6c,COc1ccc2cc1COCC=CCOCc1cccc(c1)-c1ccnc(n1)N2,[9*]Cc1cc(Nc2nccc(-c3cccc(CO[13*])c3)n2)ccc1OC,[8*]OCC=CC[14*],18,5,24,0,8,13,8;14,largest_ring_two_bond_fragmentation
FRAG_2858c2d756,JAK2_0f8af01b6c,COc1ccc2cc1COCC=CCOCc1cccc(c1)-c1ccnc(n1)N2,[9*]Cc1cc(Nc2nccc(-c3cccc(C[14*])c3)n2)ccc1OC,[8*]OCC=CCO[15*],18,6,23,0,8,14,8;15,largest_ring_two_bond_fragmentation
FRAG_ce7826b5e1,JAK2_0f8af01b6c,COc1ccc2cc1COCC=CCOCc1cccc(c1)-c1ccnc(n1)N2,[9*]Cc1cc(Nc2nccc(-c3cccc([15*])c3)n2)ccc1OC,[8*]OCC=CCOC[16*],18,7,22,0,8,15,8;16,largest_ring_two_bond_fragmentation
FRAG_83ec9a8c79,JAK2_0f8af01b6c,COc1ccc2cc1COCC=CCOCc1cccc(c1)-c1ccnc(n1)N2,[8*]OCC=CCOCc1cccc(-c2ccnc([28*])n2)c1,[9*]Cc1cc(N[26*])ccc1OC,18,10,19,6,8,27,9;26,largest_ring_two_bond_fragmentation
FRAG_c07ad3886a,JAK2_0f8af01b6c,COc1ccc2cc1COCC=CCOCc1cccc(c1)-c1ccnc(n1)N2,[5*]Nc1nccc(-c2cccc(COCC=CCO[8*])c2)n1,[9*]Cc1cc([28*])ccc1OC,18,9,20,6,8,31,9;28,largest_ring_two_bond_fragmentation
FRAG_a6b93b515f,JAK2_0f8af01b6c,COc1ccc2cc1COCC=CCOCc1cccc(c1)-c1ccnc(n1)N2,[10*]OCc1cc(Nc2nccc(-c3cccc(COC[12*])c3)n2)ccc1OC,[9*]CC=C[13*],18,3,26,0,9,12,9;13,largest_ring_two_bond_fragmentation
FRAG_47bfd46f0c,JAK2_0f8af01b6c,COc1ccc2cc1COCC=CCOCc1cccc(c1)-c1ccnc(n1)N2,[10*]OCc1cc(Nc2nccc(-c3cccc(CO[13*])c3)n2)ccc1OC,[9*]CC=CC[14*],18,4,25,0,9,13,9;14,largest_ring_two_bond_fragmentation
FRAG_8c34b914d3,JAK2_0f8af01b6c,COc1ccc2cc1COCC=CCOCc1cccc(c1)-c1ccnc(n1)N2,[10*]OCc1cc(Nc2nccc(-c3cccc(C[14*])c3)n2)ccc1OC,[9*]CC=CCO[15*],18,5,24,0,9,14,9;15,largest_ring_two_bond_fragmentation
FRAG_584d1dad91,JAK2_0f8af01b6c,COc1ccc2cc1COCC=CCOCc1cccc(c1)-c1ccnc(n1)N2,[10*]OCc1cc(Nc2nccc(-c3cccc([15*])c3)n2)ccc1OC,[9*]CC=CCOC[16*],18,6,23,0,9,15,9;16,largest_ring_two_bond_fragmentation
FRAG_5914fad95d,JAK2_0f8af01b6c,COc1ccc2cc1COCC=CCOCc1cccc(c1)-c1ccnc(n1)N2,[10*]OCc1cc(Nc2nccc([20*])n2)ccc1OC,[9*]CC=CCOCc1cccc([22*])c1,18,12,17,6,9,21,9;22,largest_ring_two_bond_fragmentation
FRAG_f21ef3acd0,JAK2_0f8af01b6c,COc1ccc2cc1COCC=CCOCc1cccc(c1)-c1ccnc(n1)N2,[9*]CC=CCOCc1cccc(-c2ccnc([28*])n2)c1,[10*]OCc1cc(N[26*])ccc1OC,18,11,18,6,9,27,10;26,largest_ring_two_bond_fragmentation
FRAG_9809f510f0,JAK2_0f8af01b6c,COc1ccc2cc1COCC=CCOCc1cccc(c1)-c1ccnc(n1)N2,[5*]Nc1nccc(-c2cccc(COCC=CC[9*])c2)n1,[10*]OCc1cc([28*])ccc1OC,18,10,19,6,9,31,10;28,largest_ring_two_bond_fragmentation
FRAG_b0ac1859c5,JAK2_0f8af01b6c,COc1ccc2cc1COCC=CCOCc1cccc(c1)-c1ccnc(n1)N2,[11*]COCc1cc(Nc2nccc(-c3cccc(CO[13*])c3)n2)ccc1OC,[10*]C=CC[14*],18,3,26,0,10,13,10;14,largest_ring_two_bond_fragmentation
FRAG_e75ee9b414,JAK2_0f8af01b6c,COc1ccc2cc1COCC=CCOCc1cccc(c1)-c1ccnc(n1)N2,[11*]COCc1cc(Nc2nccc(-c3cccc(C[14*])c3)n2)ccc1OC,[10*]C=CCO[15*],18,4,25,0,10,14,10;15,largest_ring_two_bond_fragmentation
FRAG_e13b1831cf,JAK2_0f8af01b6c,COc1ccc2cc1COCC=CCOCc1cccc(c1)-c1ccnc(n1)N2,[11*]COCc1cc(Nc2nccc(-c3cccc([15*])c3)n2)ccc1OC,[10*]C=CCOC[16*],18,5,24,0,10,15,10;16,largest_ring_two_bond_fragmentation
FRAG_b72a9146a9,JAK2_0f8af01b6c,COc1ccc2cc1COCC=CCOCc1cccc(c1)-c1ccnc(n1)N2,[11*]COCc1cc(Nc2nccc([20*])n2)ccc1OC,[10*]C=CCOCc1cccc([22*])c1,18,11,18,6,10,21,10;22,largest_ring_two_bond_fragmentation
FRAG_bc752ddbe6,JAK2_0f8af01b6c,COc1ccc2cc1COCC=CCOCc1cccc(c1)-c1ccnc(n1)N2,[10*]C=CCOCc1cccc(-c2ccnc([28*])n2)c1,[11*]COCc1cc(N[26*])ccc1OC,18,12,17,6,10,27,11;26,largest_ring_two_bond_fragmentation
FRAG_745275f7e2,JAK2_0f8af01b6c,COc1ccc2cc1COCC=CCOCc1cccc(c1)-c1ccnc(n1)N2,[5*]Nc1nccc(-c2cccc(COCC=C[10*])c2)n1,[11*]COCc1cc([28*])ccc1OC,18,11,18,6,10,31,11;28,largest_ring_two_bond_fragmentation
FRAG_c419e58dc1,JAK2_0f8af01b6c,COc1ccc2cc1COCC=CCOCc1cccc(c1)-c1ccnc(n1)N2,[13*]C=CCOCc1cc(Nc2nccc(-c3cccc([15*])c3)n2)ccc1OC,[12*]COC[16*],18,3,26,0,12,15,12;16,largest_ring_two_bond_fragmentation
FRAG_075eccc0ec,JAK2_0f8af01b6c,COc1ccc2cc1COCC=CCOCc1cccc(c1)-c1ccnc(n1)N2,[13*]C=CCOCc1cc(Nc2nccc([20*])n2)ccc1OC,[12*]COCc1cccc([22*])c1,18,9,20,6,12,21,12;22,largest_ring_two_bond_fragmentation
FRAG_405c53fcd7,JAK2_0f8af01b6c,COc1ccc2cc1COCC=CCOCc1cccc(c1)-c1ccnc(n1)N2,[14*]CC=CCOCc1cc(Nc2nccc([20*])n2)ccc1OC,[13*]OCc1cccc([22*])c1,18,8,21,6,13,21,13;22,largest_ring_two_bond_fragmentation
FRAG_5d1957d79a,JAK2_0f8af01b6c,COc1ccc2cc1COCC=CCOCc1cccc(c1)-c1ccnc(n1)N2,[15*]OCC=CCOCc1cc(Nc2nccc([20*])n2)ccc1OC,[14*]Cc1cccc([22*])c1,18,7,22,6,14,21,14;22,largest_ring_two_bond_fragmentation
FRAG_97913ec754,JAK2_0f8af01b6c,COc1ccc2cc1COCC=CCOCc1cccc(c1)-c1ccnc(n1)N2,[16*]COCC=CCOCc1cc(Nc2nccc([20*])n2)ccc1OC,[15*]c1cccc([22*])c1,18,6,23,6,15,21,15;22,largest_ring_two_bond_fragmentation
FRAG_5bdf9c302c,JAK2_0f8af01b6c,COc1ccc2cc1COCC=CCOCc1cccc(c1)-c1ccnc(n1)N2,[16*]COCC=CCOCc1cc(N[26*])ccc1OC,[15*]c1cccc(-c2ccnc([28*])n2)c1,18,12,17,6,15,27,15;28,largest_ring_two_bond_fragmentation
FRAG_8ab6360aa0,JAK2_0f8af01b6c,COc1ccc2cc1COCC=CCOCc1cccc(c1)-c1ccnc(n1)N2,[22*]c1cccc(COCC=CCOCc2cc(N[26*])ccc2OC)c1,[20*]c1ccnc([28*])n1,18,6,23,6,21,27,20;28,largest_ring_two_bond_fragmentation
FRAG_f5f00c5517,JAK2_0f8af01b6c,COc1ccc2cc1COCC=CCOCc1cccc(c1)-c1ccnc(n1)N2,[22*]c1cccc(COCC=CCOCc2cc([28*])ccc2OC)c1,[5*]Nc1nccc([20*])n1,18,7,22,6,21,31,5;20,largest_ring_two_bond_fragmentation
FRAG_913b6b1a8a,JAK2_262bf0ff2a,CN1C/C=C/CCOc2cc(ccn2)-c2ccnc(n2)Nc2cccc(c2)C1,[2*]N(C)Cc1cccc(Nc2nccc(-c3ccnc(OCC[4*])c3)n2)c1,[1*]C/C=C/[5*],18,3,25,0,1,4,1;5,largest_ring_two_bond_fragmentation
FRAG_8444dc6e04,JAK2_262bf0ff2a,CN1C/C=C/CCOc2cc(ccn2)-c2ccnc(n2)Nc2cccc(c2)C1,[2*]N(C)Cc1cccc(Nc2nccc(-c3ccnc(OC[5*])c3)n2)c1,[1*]C/C=C/C[6*],18,4,24,0,1,5,1;6,largest_ring_two_bond_fragmentation
FRAG_69eaa38bb5,JAK2_262bf0ff2a,CN1C/C=C/CCOc2cc(ccn2)-c2ccnc(n2)Nc2cccc(c2)C1,[2*]N(C)Cc1cccc(Nc2nccc(-c3ccnc(O[6*])c3)n2)c1,[1*]C/C=C/CC[7*],18,5,23,0,1,6,1;7,largest_ring_two_bond_fragmentation
FRAG_3f20c73b35,JAK2_262bf0ff2a,CN1C/C=C/CCOc2cc(ccn2)-c2ccnc(n2)Nc2cccc(c2)C1,[2*]N(C)Cc1cccc(Nc2nccc(-c3ccnc([7*])c3)n2)c1,[1*]C/C=C/CCO[8*],18,6,22,0,1,7,1;8,largest_ring_two_bond_fragmentation
FRAG_503f34e5fd,JAK2_262bf0ff2a,CN1C/C=C/CCOc2cc(ccn2)-c2ccnc(n2)Nc2cccc(c2)C1,[2*]N(C)Cc1cccc(Nc2nccc([10*])n2)c1,[1*]C/C=C/CCOc1cc([14*])ccn1,18,12,16,6,1,13,1;14,largest_ring_two_bond_fragmentation
FRAG_551106231f,JAK2_262bf0ff2a,CN1C/C=C/CCOc2cc(ccn2)-c2ccnc(n2)Nc2cccc(c2)C1,[1*]C/C=C/CCOc1cc(-c2ccnc([20*])n2)ccn1,[2*]N(C)Cc1cccc(N[18*])c1,18,10,18,6,1,19,2;18,largest_ring_two_bond_fragmentation
FRAG_ace0f8a3a5,JAK2_262bf0ff2a,CN1C/C=C/CCOc2cc(ccn2)-c2ccnc(n2)Nc2cccc(c2)C1,[1*]C/C=C/CCOc1cc(-c2ccnc(N[21*])n2)ccn1,[2*]N(C)Cc1cccc([20*])c1,18,9,19,6,1,20,2;20,largest_ring_two_bond_fragmentation
FRAG_5ec7605d28,JAK2_262bf0ff2a,CN1C/C=C/CCOc2cc(ccn2)-c2ccnc(n2)Nc2cccc(c2)C1,[1*]C/C=C/CCOc1cc(-c2ccnc(Nc3cccc([27*])c3)n2)ccn1,[2*]N(C)C[25*],18,3,25,0,1,26,2;25,largest_ring_two_bond_fragmentation
FRAG_9ff79cf2c6,JAK2_262bf0ff2a,CN1C/C=C/CCOc2cc(ccn2)-c2ccnc(n2)Nc2cccc(c2)C1,[3*]CN(C)Cc1cccc(Nc2nccc(-c3ccnc(OC[5*])c3)n2)c1,[2*]/C=C/C[6*],18,3,25,0,2,5,2;6,largest_ring_two_bond_fragmentation
FRAG_d0811f93eb,JAK2_262bf0ff2a,CN1C/C=C/CCOc2cc(ccn2)-c2ccnc(n2)Nc2cccc(c2)C1,[3*]CN(C)Cc1cccc(Nc2nccc(-c3ccnc(O[6*])c3)n2)c1,[2*]/C=C/CC[7*],18,4,24,0,2,6,2;7,largest_ring_two_bond_fragmentation
FRAG_4aeadaab33,JAK2_262bf0ff2a,CN1C/C=C/CCOc2cc(ccn2)-c2ccnc(n2)Nc2cccc(c2)C1,[3*]CN(C)Cc1cccc(Nc2nccc(-c3ccnc([7*])c3)n2)c1,[2*]/C=C/CCO[8*],18,5,23,0,2,7,2;8,largest_ring_two_bond_fragmentation
FRAG_b7904a6c33,JAK2_262bf0ff2a,CN1C/C=C/CCOc2cc(ccn2)-c2ccnc(n2)Nc2cccc(c2)C1,[3*]CN(C)Cc1cccc(Nc2nccc([10*])n2)c1,[2*]/C=C/CCOc1cc([14*])ccn1,18,11,17,6,2,13,2;14,largest_ring_two_bond_fragmentation
FRAG_7547882afe,JAK2_262bf0ff2a,CN1C/C=C/CCOc2cc(ccn2)-c2ccnc(n2)Nc2cccc(c2)C1,[2*]/C=C/CCOc1cc(-c2ccnc([20*])n2)ccn1,[3*]CN(C)Cc1cccc(N[18*])c1,18,11,17,6,2,19,3;18,largest_ring_two_bond_fragmentation
FRAG_34c5082353,JAK2_262bf0ff2a,CN1C/C=C/CCOc2cc(ccn2)-c2ccnc(n2)Nc2cccc(c2)C1,[2*]/C=C/CCOc1cc(-c2ccnc(N[21*])n2)ccn1,[3*]CN(C)Cc1cccc([20*])c1,18,10,18,6,2,20,3;20,largest_ring_two_bond_fragmentation
FRAG_15de59937f,JAK2_262bf0ff2a,CN1C/C=C/CCOc2cc(ccn2)-c2ccnc(n2)Nc2cccc(c2)C1,[2*]/C=C/CCOc1cc(-c2ccnc(Nc3cccc([27*])c3)n2)ccn1,[3*]CN(C)C[25*],18,4,24,0,2,26,3;25,largest_ring_two_bond_fragmentation
FRAG_2f23c00baa,JAK2_262bf0ff2a,CN1C/C=C/CCOc2cc(ccn2)-c2ccnc(n2)Nc2cccc(c2)C1,[1*]Cc1cccc(Nc2nccc(-c3ccnc(OCC/C=C/[2*])c3)n2)c1,[3*]CN([27*])C,18,3,25,0,2,27,3;27,largest_ring_two_bond_fragmentation
FRAG_3a0033b287,JAK2_262bf0ff2a,CN1C/C=C/CCOc2cc(ccn2)-c2ccnc(n2)Nc2cccc(c2)C1,[5*]/C=C/CN(C)Cc1cccc(Nc2nccc(-c3ccnc([7*])c3)n2)c1,[4*]CCO[8*],18,3,25,0,4,7,4;8,largest_ring_two_bond_fragmentation
FRAG_250464d1ce,JAK2_262bf0ff2a,CN1C/C=C/CCOc2cc(ccn2)-c2ccnc(n2)Nc2cccc(c2)C1,[5*]/C=C/CN(C)Cc1cccc(Nc2nccc([10*])n2)c1,[4*]CCOc1cc([14*])ccn1,18,9,19,6,4,13,4;14,largest_ring_two_bond_fragmentation
FRAG_06a6700e00,JAK2_262bf0ff2a,CN1C/C=C/CCOc2cc(ccn2)-c2ccnc(n2)Nc2cccc(c2)C1,[4*]CCOc1cc(-c2ccnc(N[21*])n2)ccn1,[5*]/C=C/CN(C)Cc1cccc([20*])c1,18,12,16,6,4,20,5;20,largest_ring_two_bond_fragmentation
FRAG_95b70d3df6,JAK2_262bf0ff2a,CN1C/C=C/CCOc2cc(ccn2)-c2ccnc(n2)Nc2cccc(c2)C1,[4*]CCOc1cc(-c2ccnc(Nc3cccc([27*])c3)n2)ccn1,[5*]/C=C/CN(C)C[25*],18,6,22,0,4,26,5;25,largest_ring_two_bond_fragmentation
FRAG_208f11a115,JAK2_262bf0ff2a,CN1C/C=C/CCOc2cc(ccn2)-c2ccnc(n2)Nc2cccc(c2)C1,[1*]Cc1cccc(Nc2nccc(-c3ccnc(OCC[4*])c3)n2)c1,[5*]/C=C/CN([27*])C,18,5,23,0,4,27,5;27,largest_ring_two_bond_fragmentation
FRAG_5dfd2645fd,JAK2_262bf0ff2a,CN1C/C=C/CCOc2cc(ccn2)-c2ccnc(n2)Nc2cccc(c2)C1,[6*]C/C=C/CN(C)Cc1cccc(Nc2nccc([10*])n2)c1,[5*]COc1cc([14*])ccn1,18,8,20,6,5,13,5;14,largest_ring_two_bond_fragmentation
FRAG_51f4ebd96d,JAK2_262bf0ff2a,CN1C/C=C/CCOc2cc(ccn2)-c2ccnc(n2)Nc2cccc(c2)C1,[5*]COc1cc(-c2ccnc(Nc3cccc([27*])c3)n2)ccn1,[6*]C/C=C/CN(C)C[25*],18,7,21,0,5,26,6;25,largest_ring_two_bond_fragmentation
FRAG_86720cf909,JAK2_262bf0ff2a,CN1C/C=C/CCOc2cc(ccn2)-c2ccnc(n2)Nc2cccc(c2)C1,[1*]Cc1cccc(Nc2nccc(-c3ccnc(OC[5*])c3)n2)c1,[6*]C/C=C/CN([27*])C,18,6,22,0,5,27,6;27,largest_ring_two_bond_fragmentation
FRAG_486c09091d,JAK2_262bf0ff2a,CN1C/C=C/CCOc2cc(ccn2)-c2ccnc(n2)Nc2cccc(c2)C1,[7*]CC/C=C/CN(C)Cc1cccc(Nc2nccc([10*])n2)c1,[6*]Oc1cc([14*])ccn1,18,7,21,6,6,13,6;14,largest_ring_two_bond_fragmentation
FRAG_7f31209131,JAK2_262bf0ff2a,CN1C/C=C/CCOc2cc(ccn2)-c2ccnc(n2)Nc2cccc(c2)C1,[6*]Oc1cc(-c2ccnc(Nc3cccc([27*])c3)n2)ccn1,[7*]CC/C=C/CN(C)C[25*],18,8,20,0,6,26,7;25,largest_ring_two_bond_fragmentation
FRAG_f8e4c59a60,JAK2_262bf0ff2a,CN1C/C=C/CCOc2cc(ccn2)-c2ccnc(n2)Nc2cccc(c2)C1,[1*]Cc1cccc(Nc2nccc(-c3ccnc(O[6*])c3)n2)c1,[7*]CC/C=C/CN([27*])C,18,7,21,0,6,27,7;27,largest_ring_two_bond_fragmentation
FRAG_98ccdaf40d,JAK2_262bf0ff2a,CN1C/C=C/CCOc2cc(ccn2)-c2ccnc(n2)Nc2cccc(c2)C1,[8*]OCC/C=C/CN(C)Cc1cccc(Nc2nccc([10*])n2)c1,[7*]c1cc([14*])ccn1,18,6,22,6,7,13,7;14,largest_ring_two_bond_fragmentation
FRAG_91cf4e3274,JAK2_262bf0ff2a,CN1C/C=C/CCOc2cc(ccn2)-c2ccnc(n2)Nc2cccc(c2)C1,[8*]OCC/C=C/CN(C)Cc1cccc(N[18*])c1,[7*]c1cc(-c2ccnc([20*])n2)ccn1,18,12,16,6,7,19,7;20,largest_ring_two_bond_fragmentation
FRAG_f284af1f38,JAK2_262bf0ff2a,CN1C/C=C/CCOc2cc(ccn2)-c2ccnc(n2)Nc2cccc(c2)C1,[7*]c1cc(-c2ccnc(Nc3cccc([27*])c3)n2)ccn1,[8*]OCC/C=C/CN(C)C[25*],18,9,19,0,7,26,8;25,largest_ring_two_bond_fragmentation
FRAG_368df43cfc,JAK2_262bf0ff2a,CN1C/C=C/CCOc2cc(ccn2)-c2ccnc(n2)Nc2cccc(c2)C1,[1*]Cc1cccc(Nc2nccc(-c3ccnc([7*])c3)n2)c1,[8*]OCC/C=C/CN([27*])C,18,8,20,0,7,27,8;27,largest_ring_two_bond_fragmentation
FRAG_a567a77965,JAK2_262bf0ff2a,CN1C/C=C/CCOc2cc(ccn2)-c2ccnc(n2)Nc2cccc(c2)C1,[14*]c1ccnc(OCC/C=C/CN(C)Cc2cccc(N[18*])c2)c1,[10*]c1ccnc([20*])n1,18,6,22,6,13,19,10;20,largest_ring_two_bond_fragmentation
FRAG_4064750435,JAK2_262bf0ff2a,CN1C/C=C/CCOc2cc(ccn2)-c2ccnc(n2)Nc2cccc(c2)C1,[14*]c1ccnc(OCC/C=C/CN(C)Cc2cccc([20*])c2)c1,[10*]c1ccnc(N[21*])n1,18,7,21,6,13,20,10;21,largest_ring_two_bond_fragmentation
FRAG_653c274a33,JAK2_262bf0ff2a,CN1C/C=C/CCOc2cc(ccn2)-c2ccnc(n2)Nc2cccc(c2)C1,[20*]c1nccc(-c2ccnc(OCC/C=C/CN(C)C[25*])c2)n1,[18*]Nc1cccc([27*])c1,18,7,21,6,19,26,18;27,largest_ring_two_bond_fragmentation
FRAG_ce548b7a7b,JAK2_262bf0ff2a,CN1C/C=C/CCOc2cc(ccn2)-c2ccnc(n2)Nc2cccc(c2)C1,[20*]c1nccc(-c2ccnc(OCC/C=C/CN([27*])C)c2)n1,[1*]Cc1cccc(N[18*])c1,18,8,20,6,19,27,1;18,largest_ring_two_bond_fragmentation
FRAG_9e4155cbf1,JAK2_262bf0ff2a,CN1C/C=C/CCOc2cc(ccn2)-c2ccnc(n2)Nc2cccc(c2)C1,[21*]Nc1nccc(-c2ccnc(OCC/C=C/CN(C)C[25*])c2)n1,[20*]c1cccc([27*])c1,18,6,22,6,20,26,20;27,largest_ring_two_bond_fragmentation
FRAG_5f6fe9459b,JAK2_262bf0ff2a,CN1C/C=C/CCOc2cc(ccn2)-c2ccnc(n2)Nc2cccc(c2)C1,[21*]Nc1nccc(-c2ccnc(OCC/C=C/CN([27*])C)c2)n1,[1*]Cc1cccc([20*])c1,18,7,21,6,20,27,1;20,largest_ring_two_bond_fragmentation
FRAG_0a554d7ba1,JAK2_b21b5d167f,CCS(=O)(=O)CCOc1ccc2cc1CN(C)C/C=C/CCOc1cccc(c1)-c1ccnc(n1)N2,[14*]c1cc(Nc2nccc(-c3cccc(OCC/C=C/C[15*])c3)n2)ccc1OCCS(=O)(=O)CC,[13*]CN([17*])C,18,3,33,0,13,16,13;17,largest_ring_two_bond_fragmentation
FRAG_b245b1c945,JAK2_b21b5d167f,CCS(=O)(=O)CCOc1ccc2cc1CN(C)C/C=C/CCOc1cccc(c1)-c1ccnc(n1)N2,[14*]c1cc(Nc2nccc(-c3cccc(OCC/C=C/[17*])c3)n2)ccc1OCCS(=O)(=O)CC,[13*]CN(C)C[18*],18,4,32,0,13,17,13;18,largest_ring_two_bond_fragmentation
FRAG_76ca0f8e76,JAK2_b21b5d167f,CCS(=O)(=O)CCOc1ccc2cc1CN(C)C/C=C/CCOc1cccc(c1)-c1ccnc(n1)N2,[14*]c1cc(Nc2nccc(-c3cccc(OCC[19*])c3)n2)ccc1OCCS(=O)(=O)CC,[13*]CN(C)C/C=C/[20*],18,6,30,0,13,19,13;20,largest_ring_two_bond_fragmentation
FRAG_9d1518c166,JAK2_b21b5d167f,CCS(=O)(=O)CCOc1ccc2cc1CN(C)C/C=C/CCOc1cccc(c1)-c1ccnc(n1)N2,[14*]c1cc(Nc2nccc(-c3cccc(OC[20*])c3)n2)ccc1OCCS(=O)(=O)CC,[13*]CN(C)C/C=C/C[21*],18,7,29,0,13,20,13;21,largest_ring_two_bond_fragmentation
FRAG_1fd0bc478b,JAK2_b21b5d167f,CCS(=O)(=O)CCOc1ccc2cc1CN(C)C/C=C/CCOc1cccc(c1)-c1ccnc(n1)N2,[14*]c1cc(Nc2nccc(-c3cccc(O[21*])c3)n2)ccc1OCCS(=O)(=O)CC,[13*]CN(C)C/C=C/CC[22*],18,8,28,0,13,21,13;22,largest_ring_two_bond_fragmentation
FRAG_3346a1a61b,JAK2_b21b5d167f,CCS(=O)(=O)CCOc1ccc2cc1CN(C)C/C=C/CCOc1cccc(c1)-c1ccnc(n1)N2,[14*]c1cc(Nc2nccc(-c3cccc([22*])c3)n2)ccc1OCCS(=O)(=O)CC,[13*]CN(C)C/C=C/CCO[23*],18,9,27,0,13,22,13;23,largest_ring_two_bond_fragmentation
FRAG_0888200f85,JAK2_b21b5d167f,CCS(=O)(=O)CCOc1ccc2cc1CN(C)C/C=C/CCOc1cccc(c1)-c1ccnc(n1)N2,[15*]Cc1cc(Nc2nccc(-c3cccc(OCC/C=C/[17*])c3)n2)ccc1OCCS(=O)(=O)CC,[14*]N(C)C[18*],18,3,33,0,14,17,14;18,largest_ring_two_bond_fragmentation
FRAG_67dc743d77,JAK2_b21b5d167f,CCS(=O)(=O)CCOc1ccc2cc1CN(C)C/C=C/CCOc1cccc(c1)-c1ccnc(n1)N2,[15*]Cc1cc(Nc2nccc(-c3cccc(OCC[19*])c3)n2)ccc1OCCS(=O)(=O)CC,[14*]N(C)C/C=C/[20*],18,5,31,0,14,19,14;20,largest_ring_two_bond_fragmentation
FRAG_895dcaf1b7,JAK2_b21b5d167f,CCS(=O)(=O)CCOc1ccc2cc1CN(C)C/C=C/CCOc1cccc(c1)-c1ccnc(n1)N2,[15*]Cc1cc(Nc2nccc(-c3cccc(OC[20*])c3)n2)ccc1OCCS(=O)(=O)CC,[14*]N(C)C/C=C/C[21*],18,6,30,0,14,20,14;21,largest_ring_two_bond_fragmentation
FRAG_e713ffafbc,JAK2_b21b5d167f,CCS(=O)(=O)CCOc1ccc2cc1CN(C)C/C=C/CCOc1cccc(c1)-c1ccnc(n1)N2,[15*]Cc1cc(Nc2nccc(-c3cccc(O[21*])c3)n2)ccc1OCCS(=O)(=O)CC,[14*]N(C)C/C=C/CC[22*],18,7,29,0,14,21,14;22,largest_ring_two_bond_fragmentation
FRAG_ae9cf8aefe,JAK2_b21b5d167f,CCS(=O)(=O)CCOc1ccc2cc1CN(C)C/C=C/CCOc1cccc(c1)-c1ccnc(n1)N2,[15*]Cc1cc(Nc2nccc(-c3cccc([22*])c3)n2)ccc1OCCS(=O)(=O)CC,[14*]N(C)C/C=C/CCO[23*],18,8,28,0,14,22,14;23,largest_ring_two_bond_fragmentation
FRAG_c38ced9b08,JAK2_b21b5d167f,CCS(=O)(=O)CCOc1ccc2cc1CN(C)C/C=C/CCOc1cccc(c1)-c1ccnc(n1)N2,[17*]N(C)Cc1cc(Nc2nccc(-c3cccc(OCC[19*])c3)n2)ccc1OCCS(=O)(=O)CC,[15*]C/C=C/[20*],18,3,33,0,16,19,15;20,largest_ring_two_bond_fragmentation
FRAG_2bb507d922,JAK2_b21b5d167f,CCS(=O)(=O)CCOc1ccc2cc1CN(C)C/C=C/CCOc1cccc(c1)-c1ccnc(n1)N2,[17*]N(C)Cc1cc(Nc2nccc(-c3cccc(OC[20*])c3)n2)ccc1OCCS(=O)(=O)CC,[15*]C/C=C/C[21*],18,4,32,0,16,20,15;21,largest_ring_two_bond_fragmentation
FRAG_a11f62f1e6,JAK2_b21b5d167f,CCS(=O)(=O)CCOc1ccc2cc1CN(C)C/C=C/CCOc1cccc(c1)-c1ccnc(n1)N2,[17*]N(C)Cc1cc(Nc2nccc(-c3cccc(O[21*])c3)n2)ccc1OCCS(=O)(=O)CC,[15*]C/C=C/CC[22*],18,5,31,0,16,21,15;22,largest_ring_two_bond_fragmentation
FRAG_14fd0d4813,JAK2_b21b5d167f,CCS(=O)(=O)CCOc1ccc2cc1CN(C)C/C=C/CCOc1cccc(c1)-c1ccnc(n1)N2,[17*]N(C)Cc1cc(Nc2nccc(-c3cccc([22*])c3)n2)ccc1OCCS(=O)(=O)CC,[15*]C/C=C/CCO[23*],18,6,30,0,16,22,15;23,largest_ring_two_bond_fragmentation
FRAG_715efb1fca,JAK2_b21b5d167f,CCS(=O)(=O)CCOc1ccc2cc1CN(C)C/C=C/CCOc1cccc(c1)-c1ccnc(n1)N2,[17*]N(C)Cc1cc(Nc2nccc([27*])n2)ccc1OCCS(=O)(=O)CC,[15*]C/C=C/CCOc1cccc([29*])c1,18,12,24,6,16,28,15;29,largest_ring_two_bond_fragmentation
FRAG_36c384b544,JAK2_b21b5d167f,CCS(=O)(=O)CCOc1ccc2cc1CN(C)C/C=C/CCOc1cccc(c1)-c1ccnc(n1)N2,[18*]CN(C)Cc1cc(Nc2nccc(-c3cccc(OC[20*])c3)n2)ccc1OCCS(=O)(=O)CC,[17*]/C=C/C[21*],18,3,33,0,17,20,17;21,largest_ring_two_bond_fragmentation
FRAG_975ce0990b,JAK2_b21b5d167f,CCS(=O)(=O)CCOc1ccc2cc1CN(C)C/C=C/CCOc1cccc(c1)-c1ccnc(n1)N2,[18*]CN(C)Cc1cc(Nc2nccc(-c3cccc(O[21*])c3)n2)ccc1OCCS(=O)(=O)CC,[17*]/C=C/CC[22*],18,4,32,0,17,21,17;22,largest_ring_two_bond_fragmentation
FRAG_3424039b57,JAK2_b21b5d167f,CCS(=O)(=O)CCOc1ccc2cc1CN(C)C/C=C/CCOc1cccc(c1)-c1ccnc(n1)N2,[18*]CN(C)Cc1cc(Nc2nccc(-c3cccc([22*])c3)n2)ccc1OCCS(=O)(=O)CC,[17*]/C=C/CCO[23*],18,5,31,0,17,22,17;23,largest_ring_two_bond_fragmentation
FRAG_9fa4b4b1d3,JAK2_b21b5d167f,CCS(=O)(=O)CCOc1ccc2cc1CN(C)C/C=C/CCOc1cccc(c1)-c1ccnc(n1)N2,[18*]CN(C)Cc1cc(Nc2nccc([27*])n2)ccc1OCCS(=O)(=O)CC,[17*]/C=C/CCOc1cccc([29*])c1,18,11,25,6,17,28,17;29,largest_ring_two_bond_fragmentation
FRAG_93e67ecfa4,JAK2_b21b5d167f,CCS(=O)(=O)CCOc1ccc2cc1CN(C)C/C=C/CCOc1cccc(c1)-c1ccnc(n1)N2,[20*]/C=C/CN(C)Cc1cc(Nc2nccc(-c3cccc([22*])c3)n2)ccc1OCCS(=O)(=O)CC,[19*]CCO[23*],18,3,33,0,19,22,19;23,largest_ring_two_bond_fragmentation
FRAG_7437ba3535,JAK2_b21b5d167f,CCS(=O)(=O)CCOc1ccc2cc1CN(C)C/C=C/CCOc1cccc(c1)-c1ccnc(n1)N2,[20*]/C=C/CN(C)Cc1cc(Nc2nccc([27*])n2)ccc1OCCS(=O)(=O)CC,[19*]CCOc1cccc([29*])c1,18,9,27,6,19,28,19;29,largest_ring_two_bond_fragmentation
FRAG_16790d034a,JAK2_b21b5d167f,CCS(=O)(=O)CCOc1ccc2cc1CN(C)C/C=C/CCOc1cccc(c1)-c1ccnc(n1)N2,[21*]C/C=C/CN(C)Cc1cc(Nc2nccc([27*])n2)ccc1OCCS(=O)(=O)CC,[20*]COc1cccc([29*])c1,18,8,28,6,20,28,20;29,largest_ring_two_bond_fragmentation
FRAG_aa0d308abc,JAK2_b21b5d167f,CCS(=O)(=O)CCOc1ccc2cc1CN(C)C/C=C/CCOc1cccc(c1)-c1ccnc(n1)N2,[22*]CC/C=C/CN(C)Cc1cc(Nc2nccc([27*])n2)ccc1OCCS(=O)(=O)CC,[21*]Oc1cccc([29*])c1,18,7,29,6,21,28,21;29,largest_ring_two_bond_fragmentation
FRAG_07a5cdd0a6,JAK2_b21b5d167f,CCS(=O)(=O)CCOc1ccc2cc1CN(C)C/C=C/CCOc1cccc(c1)-c1ccnc(n1)N2,[23*]OCC/C=C/CN(C)Cc1cc(Nc2nccc([27*])n2)ccc1OCCS(=O)(=O)CC,[22*]c1cccc([29*])c1,18,6,30,6,22,28,22;29,largest_ring_two_bond_fragmentation
FRAG_8a062c4464,JAK2_b21b5d167f,CCS(=O)(=O)CCOc1ccc2cc1CN(C)C/C=C/CCOc1cccc(c1)-c1ccnc(n1)N2,[23*]OCC/C=C/CN(C)Cc1cc(N[33*])ccc1OCCS(=O)(=O)CC,[22*]c1cccc(-c2ccnc([35*])n2)c1,18,12,24,6,22,34,22;35,largest_ring_two_bond_fragmentation
FRAG_1ae17ac9da,JAK2_b21b5d167f,CCS(=O)(=O)CCOc1ccc2cc1CN(C)C/C=C/CCOc1cccc(c1)-c1ccnc(n1)N2,[29*]c1cccc(OCC/C=C/CN(C)Cc2cc(N[33*])ccc2OCCS(=O)(=O)CC)c1,[27*]c1ccnc([35*])n1,18,6,30,6,28,34,27;35,largest_ring_two_bond_fragmentation
FRAG_06c9028ab9,JAK2_b21b5d167f,CCS(=O)(=O)CCOc1ccc2cc1CN(C)C/C=C/CCOc1cccc(c1)-c1ccnc(n1)N2,[29*]c1cccc(OCC/C=C/CN(C)Cc2cc([35*])ccc2OCCS(=O)(=O)CC)c1,[11*]Nc1nccc([27*])n1,18,7,29,6,28,38,11;27,largest_ring_two_bond_fragmentation
FRAG_99b5d703f8,JAK2_22b820a577,C1=C/CN(Cc2ccccn2)Cc2cccc(c2)Nc2nccc(n2)-c2cccc(c2)OCC/1,[2*]/C=C/CCOc1cccc(-c2ccnc(Nc3cccc(C[3*])c3)n2)c1,[1*]CN([11*])Cc1ccccn1,18,9,25,6,1,10,1;11,largest_ring_two_bond_fragmentation
FRAG_661d0d332b,JAK2_22b820a577,C1=C/CN(Cc2ccccn2)Cc2cccc(c2)Nc2nccc(n2)-c2cccc(c2)OCC/1,[2*]/C=C/CCOc1cccc(-c2ccnc(Nc3cccc([11*])c3)n2)c1,[1*]CN(C[12*])Cc1ccccn1,18,10,24,6,1,11,1;12,largest_ring_two_bond_fragmentation
FRAG_982605c535,JAK2_22b820a577,C1=C/CN(Cc2ccccn2)Cc2cccc(c2)Nc2nccc(n2)-c2cccc(c2)OCC/1,[1*]CN(Cc1cccc(Nc2nccc([25*])n2)c1)Cc1ccccn1,[2*]/C=C/CCOc1cccc([23*])c1,18,11,23,6,1,24,2;23,largest_ring_two_bond_fragmentation
FRAG_9eaac5515d,JAK2_22b820a577,C1=C/CN(Cc2ccccn2)Cc2cccc(c2)Nc2nccc(n2)-c2cccc(c2)OCC/1,[1*]CN(Cc1cccc(Nc2nccc(-c3cccc([31*])c3)n2)c1)Cc1ccccn1,[2*]/C=C/CCO[29*],18,5,29,0,1,30,2;29,largest_ring_two_bond_fragmentation
FRAG_6d1fbb3119,JAK2_22b820a577,C1=C/CN(Cc2ccccn2)Cc2cccc(c2)Nc2nccc(n2)-c2cccc(c2)OCC/1,[1*]CN(Cc1cccc(Nc2nccc(-c3cccc(O[32*])c3)n2)c1)Cc1ccccn1,[2*]/C=C/CC[31*],18,4,30,0,1,31,2;31,largest_ring_two_bond_fragmentation
FRAG_a783204420,JAK2_22b820a577,C1=C/CN(Cc2ccccn2)Cc2cccc(c2)Nc2nccc(n2)-c2cccc(c2)OCC/1,[1*]CN(Cc1cccc(Nc2nccc(-c3cccc(OC[33*])c3)n2)c1)Cc1ccccn1,[2*]/C=C/C[32*],18,3,31,0,1,32,2;32,largest_ring_two_bond_fragmentation
FRAG_d3f8b156e2,JAK2_22b820a577,C1=C/CN(Cc2ccccn2)Cc2cccc(c2)Nc2nccc(n2)-c2cccc(c2)OCC/1,[3*]C/C=C/CCOc1cccc(-c2ccnc(Nc3cccc([11*])c3)n2)c1,[2*]N(C[12*])Cc1ccccn1,18,9,25,6,2,11,2;12,largest_ring_two_bond_fragmentation
FRAG_2ee31b6175,JAK2_22b820a577,C1=C/CN(Cc2ccccn2)Cc2cccc(c2)Nc2nccc(n2)-c2cccc(c2)OCC/1,[2*]N(Cc1cccc(Nc2nccc([25*])n2)c1)Cc1ccccn1,[3*]C/C=C/CCOc1cccc([23*])c1,18,12,22,6,2,24,3;23,largest_ring_two_bond_fragmentation
FRAG_071a084c1f,JAK2_22b820a577,C1=C/CN(Cc2ccccn2)Cc2cccc(c2)Nc2nccc(n2)-c2cccc(c2)OCC/1,[2*]N(Cc1cccc(Nc2nccc(-c3cccc([31*])c3)n2)c1)Cc1ccccn1,[3*]C/C=C/CCO[29*],18,6,28,0,2,30,3;29,largest_ring_two_bond_fragmentation
FRAG_efdc263c78,JAK2_22b820a577,C1=C/CN(Cc2ccccn2)Cc2cccc(c2)Nc2nccc(n2)-c2cccc(c2)OCC/1,[2*]N(Cc1cccc(Nc2nccc(-c3cccc(O[32*])c3)n2)c1)Cc1ccccn1,[3*]C/C=C/CC[31*],18,5,29,0,2,31,3;31,largest_ring_two_bond_fragmentation
FRAG_345a7e8afd,JAK2_22b820a577,C1=C/CN(Cc2ccccn2)Cc2cccc(c2)Nc2nccc(n2)-c2cccc(c2)OCC/1,[2*]N(Cc1cccc(Nc2nccc(-c3cccc(OC[33*])c3)n2)c1)Cc1ccccn1,[3*]C/C=C/C[32*],18,4,30,0,2,32,3;32,largest_ring_two_bond_fragmentation
FRAG_49d636096a,JAK2_22b820a577,C1=C/CN(Cc2ccccn2)Cc2cccc(c2)Nc2nccc(n2)-c2cccc(c2)OCC/1,*CCOc1cccc(-c2ccnc(Nc3cccc(CN([2*])Cc4ccccn4)c3)n2)c1,[3*]C/C=C/[33*],18,3,31,0,2,33,3;33,largest_ring_two_bond_fragmentation
FRAG_17be503e85,JAK2_22b820a577,C1=C/CN(Cc2ccccn2)Cc2cccc(c2)Nc2nccc(n2)-c2cccc(c2)OCC/1,[11*]N(C/C=C/CCOc1cccc(-c2ccnc(N[16*])n2)c1)Cc1ccccn1,[3*]Cc1cccc([18*])c1,18,7,27,6,10,17,3;18,largest_ring_two_bond_fragmentation
FRAG_8ffc694f7e,JAK2_22b820a577,C1=C/CN(Cc2ccccn2)Cc2cccc(c2)Nc2nccc(n2)-c2cccc(c2)OCC/1,[11*]N(C/C=C/CCOc1cccc(-c2ccnc([18*])n2)c1)Cc1ccccn1,[3*]Cc1cccc(N[19*])c1,18,8,26,6,10,18,3;19,largest_ring_two_bond_fragmentation
FRAG_37a79b5c77,JAK2_22b820a577,C1=C/CN(Cc2ccccn2)Cc2cccc(c2)Nc2nccc(n2)-c2cccc(c2)OCC/1,[3*]Cc1cccc(Nc2nccc(-c3cccc(OC[33*])c3)n2)c1,[11*]N(C/C=C/C[32*])Cc1ccccn1,18,12,22,6,10,32,11;32,largest_ring_two_bond_fragmentation
FRAG_6e1fd2753c,JAK2_22b820a577,C1=C/CN(Cc2ccccn2)Cc2cccc(c2)Nc2nccc(n2)-c2cccc(c2)OCC/1,*CCOc1cccc(-c2ccnc(Nc3cccc(C[3*])c3)n2)c1,[11*]N(C/C=C/[33*])Cc1ccccn1,18,11,23,6,10,33,11;33,largest_ring_two_bond_fragmentation
FRAG_23d58fd33f,JAK2_22b820a577,C1=C/CN(Cc2ccccn2)Cc2cccc(c2)Nc2nccc(n2)-c2cccc(c2)OCC/1,[12*]CN(C/C=C/CCOc1cccc(-c2ccnc(N[16*])n2)c1)Cc1ccccn1,[11*]c1cccc([18*])c1,18,6,28,6,11,17,11;18,largest_ring_two_bond_fragmentation
FRAG_246950932a,JAK2_22b820a577,C1=C/CN(Cc2ccccn2)Cc2cccc(c2)Nc2nccc(n2)-c2cccc(c2)OCC/1,[12*]CN(C/C=C/CCOc1cccc(-c2ccnc([18*])n2)c1)Cc1ccccn1,[11*]c1cccc(N[19*])c1,18,7,27,6,11,18,11;19,largest_ring_two_bond_fragmentation
FRAG_7199f40ef6,JAK2_22b820a577,C1=C/CN(Cc2ccccn2)Cc2cccc(c2)Nc2nccc(n2)-c2cccc(c2)OCC/1,*CCOc1cccc(-c2ccnc(Nc3cccc([11*])c3)n2)c1,[12*]CN(C/C=C/[33*])Cc1ccccn1,18,12,22,6,11,33,12;33,largest_ring_two_bond_fragmentation
FRAG_be3a038cca,JAK2_22b820a577,C1=C/CN(Cc2ccccn2)Cc2cccc(c2)Nc2nccc(n2)-c2cccc(c2)OCC/1,[18*]c1cccc(CN(C/C=C/CCOc2cccc([23*])c2)Cc2ccccn2)c1,[16*]Nc1nccc([25*])n1,18,7,27,6,17,24,16;25,largest_ring_two_bond_fragmentation
FRAG_a486e74125,JAK2_22b820a577,C1=C/CN(Cc2ccccn2)Cc2cccc(c2)Nc2nccc(n2)-c2cccc(c2)OCC/1,[19*]Nc1cccc(CN(C/C=C/CCOc2cccc([23*])c2)Cc2ccccn2)c1,[18*]c1nccc([25*])n1,18,6,28,6,18,24,18;25,largest_ring_two_bond_fragmentation
FRAG_872686c9e6,JAK2_22b820a577,C1=C/CN(Cc2ccccn2)Cc2cccc(c2)Nc2nccc(n2)-c2cccc(c2)OCC/1,[19*]Nc1cccc(CN(C/C=C/CCO[29*])Cc2ccccn2)c1,[18*]c1nccc(-c2cccc([31*])c2)n1,18,12,22,6,18,30,18;31,largest_ring_two_bond_fragmentation
FRAG_01f8cbf457,JAK2_22b820a577,C1=C/CN(Cc2ccccn2)Cc2cccc(c2)Nc2nccc(n2)-c2cccc(c2)OCC/1,[25*]c1ccnc(Nc2cccc(CN(C/C=C/CCO[29*])Cc3ccccn3)c2)n1,[23*]c1cccc([31*])c1,18,6,28,6,24,30,23;31,largest_ring_two_bond_fragmentation
FRAG_da03c61be0,JAK2_22b820a577,C1=C/CN(Cc2ccccn2)Cc2cccc(c2)Nc2nccc(n2)-c2cccc(c2)OCC/1,[25*]c1ccnc(Nc2cccc(CN(C/C=C/CC[31*])Cc3ccccn3)c2)n1,[23*]c1cccc(O[32*])c1,18,7,27,6,24,31,23;32,largest_ring_two_bond_fragmentation
FRAG_e2ddf1d6af,JAK2_22b820a577,C1=C/CN(Cc2ccccn2)Cc2cccc(c2)Nc2nccc(n2)-c2cccc(c2)OCC/1,[25*]c1ccnc(Nc2cccc(CN(C/C=C/C[32*])Cc3ccccn3)c2)n1,[23*]c1cccc(OC[33*])c1,18,8,26,6,24,32,23;33,largest_ring_two_bond_fragmentation
FRAG_78952d00ca,JAK2_22b820a577,C1=C/CN(Cc2ccccn2)Cc2cccc(c2)Nc2nccc(n2)-c2cccc(c2)OCC/1,[25*]c1ccnc(Nc2cccc(CN(C/C=C/[33*])Cc3ccccn3)c2)n1,*CCOc1cccc([23*])c1,18,9,25,6,24,33,0;23,largest_ring_two_bond_fragmentation
FRAG_423de94e8d,JAK2_22b820a577,C1=C/CN(Cc2ccccn2)Cc2cccc(c2)Nc2nccc(n2)-c2cccc(c2)OCC/1,[31*]c1cccc(-c2ccnc(Nc3cccc(CN(C/C=C/[33*])Cc4ccccn4)c3)n2)c1,*CCO[29*],18,3,31,0,30,33,0;29,largest_ring_two_bond_fragmentation
FRAG_2e8808d126,JAK2_9ee4e5a341,C1=C/COCc2cc(ccc2OCCN2CCCC2)Nc2nccc(n2)-c2coc(c2)COC/1,[2*]/C=C/COCc1cc(-c2ccnc(Nc3ccc(OCCN4CCCC4)c([4*])c3)n2)co1,[1*]COC[5*],18,3,31,0,1,4,1;5,largest_ring_two_bond_fragmentation
FRAG_0282ce6f0c,JAK2_9ee4e5a341,C1=C/COCc2cc(ccc2OCCN2CCCC2)Nc2nccc(n2)-c2coc(c2)COC/1,[1*]COCc1cc(Nc2nccc([26*])n2)ccc1OCCN1CCCC1,[2*]/C=C/COCc1cc([24*])co1,18,10,24,5,1,25,2;24,largest_ring_two_bond_fragmentation
FRAG_3515dda2f8,JAK2_9ee4e5a341,C1=C/COCc2cc(ccc2OCCN2CCCC2)Nc2nccc(n2)-c2coc(c2)COC/1,[1*]COCc1cc(Nc2nccc(-c3coc([31*])c3)n2)ccc1OCCN1CCCC1,[2*]/C=C/COC[29*],18,5,29,0,1,30,2;29,largest_ring_two_bond_fragmentation
FRAG_3aebfa8341,JAK2_9ee4e5a341,C1=C/COCc2cc(ccc2OCCN2CCCC2)Nc2nccc(n2)-c2coc(c2)COC/1,[1*]COCc1cc(Nc2nccc(-c3coc(C[32*])c3)n2)ccc1OCCN1CCCC1,[2*]/C=C/CO[31*],18,4,30,0,1,31,2;31,largest_ring_two_bond_fragmentation
FRAG_11f6ca6da5,JAK2_9ee4e5a341,C1=C/COCc2cc(ccc2OCCN2CCCC2)Nc2nccc(n2)-c2coc(c2)COC/1,[1*]COCc1cc(Nc2nccc(-c3coc(CO[33*])c3)n2)ccc1OCCN1CCCC1,[2*]/C=C/C[32*],18,3,31,0,1,32,2;32,largest_ring_two_bond_fragmentation
FRAG_988fd83b43,JAK2_9ee4e5a341,C1=C/COCc2cc(ccc2OCCN2CCCC2)Nc2nccc(n2)-c2coc(c2)COC/1,[2*]OCc1cc(Nc2nccc([26*])n2)ccc1OCCN1CCCC1,[3*]C/C=C/COCc1cc([24*])co1,18,11,23,5,2,25,3;24,largest_ring_two_bond_fragmentation
FRAG_884600a8cb,JAK2_9ee4e5a341,C1=C/COCc2cc(ccc2OCCN2CCCC2)Nc2nccc(n2)-c2coc(c2)COC/1,[2*]OCc1cc(Nc2nccc(-c3coc([31*])c3)n2)ccc1OCCN1CCCC1,[3*]C/C=C/COC[29*],18,6,28,0,2,30,3;29,largest_ring_two_bond_fragmentation
FRAG_526071124d,JAK2_9ee4e5a341,C1=C/COCc2cc(ccc2OCCN2CCCC2)Nc2nccc(n2)-c2coc(c2)COC/1,[2*]OCc1cc(Nc2nccc(-c3coc(C[32*])c3)n2)ccc1OCCN1CCCC1,[3*]C/C=C/CO[31*],18,5,29,0,2,31,3;31,largest_ring_two_bond_fragmentation
FRAG_1898e95dc6,JAK2_9ee4e5a341,C1=C/COCc2cc(ccc2OCCN2CCCC2)Nc2nccc(n2)-c2coc(c2)COC/1,[2*]OCc1cc(Nc2nccc(-c3coc(CO[33*])c3)n2)ccc1OCCN1CCCC1,[3*]C/C=C/C[32*],18,4,30,0,2,32,3;32,largest_ring_two_bond_fragmentation
FRAG_08a1e670ec,JAK2_9ee4e5a341,C1=C/COCc2cc(ccc2OCCN2CCCC2)Nc2nccc(n2)-c2coc(c2)COC/1,*COCc1cc(-c2ccnc(Nc3ccc(OCCN4CCCC4)c(CO[2*])c3)n2)co1,[3*]C/C=C/[33*],18,3,31,0,2,33,3;33,largest_ring_two_bond_fragmentation
FRAG_9ddf3b87c8,JAK2_9ee4e5a341,C1=C/COCc2cc(ccc2OCCN2CCCC2)Nc2nccc(n2)-c2coc(c2)COC/1,[3*]Cc1cc(Nc2nccc([26*])n2)ccc1OCCN1CCCC1,[4*]OC/C=C/COCc1cc([24*])co1,18,12,22,5,3,25,4;24,largest_ring_two_bond_fragmentation
FRAG_b3dc3f4886,JAK2_9ee4e5a341,C1=C/COCc2cc(ccc2OCCN2CCCC2)Nc2nccc(n2)-c2coc(c2)COC/1,[3*]Cc1cc(Nc2nccc(-c3coc([31*])c3)n2)ccc1OCCN1CCCC1,[4*]OC/C=C/COC[29*],18,7,27,0,3,30,4;29,largest_ring_two_bond_fragmentation
FRAG_457514cfb5,JAK2_9ee4e5a341,C1=C/COCc2cc(ccc2OCCN2CCCC2)Nc2nccc(n2)-c2coc(c2)COC/1,[3*]Cc1cc(Nc2nccc(-c3coc(C[32*])c3)n2)ccc1OCCN1CCCC1,[4*]OC/C=C/CO[31*],18,6,28,0,3,31,4;31,largest_ring_two_bond_fragmentation
FRAG_c5295d1930,JAK2_9ee4e5a341,C1=C/COCc2cc(ccc2OCCN2CCCC2)Nc2nccc(n2)-c2coc(c2)COC/1,[3*]Cc1cc(Nc2nccc(-c3coc(CO[33*])c3)n2)ccc1OCCN1CCCC1,[4*]OC/C=C/C[32*],18,5,29,0,3,32,4;32,largest_ring_two_bond_fragmentation
FRAG_1aca9cc44e,JAK2_9ee4e5a341,C1=C/COCc2cc(ccc2OCCN2CCCC2)Nc2nccc(n2)-c2coc(c2)COC/1,*COCc1cc(-c2ccnc(Nc3ccc(OCCN4CCCC4)c(C[3*])c3)n2)co1,[4*]OC/C=C/[33*],18,4,30,0,3,33,4;33,largest_ring_two_bond_fragmentation
FRAG_4703441729,JAK2_9ee4e5a341,C1=C/COCc2cc(ccc2OCCN2CCCC2)Nc2nccc(n2)-c2coc(c2)COC/1,[4*]c1cc(Nc2nccc(-c3coc([31*])c3)n2)ccc1OCCN1CCCC1,[5*]COC/C=C/COC[29*],18,8,26,0,4,30,5;29,largest_ring_two_bond_fragmentation
FRAG_28f3871972,JAK2_9ee4e5a341,C1=C/COCc2cc(ccc2OCCN2CCCC2)Nc2nccc(n2)-c2coc(c2)COC/1,[4*]c1cc(Nc2nccc(-c3coc(C[32*])c3)n2)ccc1OCCN1CCCC1,[5*]COC/C=C/CO[31*],18,7,27,0,4,31,5;31,largest_ring_two_bond_fragmentation
FRAG_5ceda25e64,JAK2_9ee4e5a341,C1=C/COCc2cc(ccc2OCCN2CCCC2)Nc2nccc(n2)-c2coc(c2)COC/1,[4*]c1cc(Nc2nccc(-c3coc(CO[33*])c3)n2)ccc1OCCN1CCCC1,[5*]COC/C=C/C[32*],18,6,28,0,4,32,5;32,largest_ring_two_bond_fragmentation
FRAG_b0fcaac61b,JAK2_9ee4e5a341,C1=C/COCc2cc(ccc2OCCN2CCCC2)Nc2nccc(n2)-c2coc(c2)COC/1,*COCc1cc(-c2ccnc(Nc3ccc(OCCN4CCCC4)c([4*])c3)n2)co1,[5*]COC/C=C/[33*],18,5,29,0,4,33,5;33,largest_ring_two_bond_fragmentation
FRAG_0d91854f08,JAK2_9ee4e5a341,C1=C/COCc2cc(ccc2OCCN2CCCC2)Nc2nccc(n2)-c2coc(c2)COC/1,[19*]c1ccc(OCCN2CCCC2)c(COC/C=C/COCc2cc([24*])co2)c1,[7*]Nc1nccc([26*])n1,18,7,27,6,18,25,7;26,largest_ring_two_bond_fragmentation
FRAG_a244ff50c1,JAK2_9ee4e5a341,C1=C/COCc2cc(ccc2OCCN2CCCC2)Nc2nccc(n2)-c2coc(c2)COC/1,[19*]c1ccc(OCCN2CCCC2)c(COC/C=C/COC[29*])c1,[7*]Nc1nccc(-c2coc([31*])c2)n1,18,12,22,6,18,30,7;31,largest_ring_two_bond_fragmentation
FRAG_a30d95a758,JAK2_9ee4e5a341,C1=C/COCc2cc(ccc2OCCN2CCCC2)Nc2nccc(n2)-c2coc(c2)COC/1,[20*]Nc1ccc(OCCN2CCCC2)c(COC/C=C/COCc2cc([24*])co2)c1,[19*]c1nccc([26*])n1,18,6,28,6,19,25,19;26,largest_ring_two_bond_fragmentation
FRAG_91c0f0cb74,JAK2_9ee4e5a341,C1=C/COCc2cc(ccc2OCCN2CCCC2)Nc2nccc(n2)-c2coc(c2)COC/1,[20*]Nc1ccc(OCCN2CCCC2)c(COC/C=C/COC[29*])c1,[19*]c1nccc(-c2coc([31*])c2)n1,18,11,23,6,19,30,19;31,largest_ring_two_bond_fragmentation
FRAG_dda1decdb7,JAK2_9ee4e5a341,C1=C/COCc2cc(ccc2OCCN2CCCC2)Nc2nccc(n2)-c2coc(c2)COC/1,[20*]Nc1ccc(OCCN2CCCC2)c(COC/C=C/CO[31*])c1,[19*]c1nccc(-c2coc(C[32*])c2)n1,18,12,22,6,19,31,19;32,largest_ring_two_bond_fragmentation
FRAG_6e7689e2e6,JAK2_9ee4e5a341,C1=C/COCc2cc(ccc2OCCN2CCCC2)Nc2nccc(n2)-c2coc(c2)COC/1,[26*]c1ccnc(Nc2ccc(OCCN3CCCC3)c(COC/C=C/COC[29*])c2)n1,[24*]c1coc([31*])c1,18,5,29,5,25,30,24;31,largest_ring_two_bond_fragmentation
FRAG_cb2e883355,JAK2_9ee4e5a341,C1=C/COCc2cc(ccc2OCCN2CCCC2)Nc2nccc(n2)-c2coc(c2)COC/1,[26*]c1ccnc(Nc2ccc(OCCN3CCCC3)c(COC/C=C/CO[31*])c2)n1,[24*]c1coc(C[32*])c1,18,6,28,5,25,31,24;32,largest_ring_two_bond_fragmentation
FRAG_13bd29eca1,JAK2_9ee4e5a341,C1=C/COCc2cc(ccc2OCCN2CCCC2)Nc2nccc(n2)-c2coc(c2)COC/1,[26*]c1ccnc(Nc2ccc(OCCN3CCCC3)c(COC/C=C/C[32*])c2)n1,[24*]c1coc(CO[33*])c1,18,7,27,5,25,32,24;33,largest_ring_two_bond_fragmentation
FRAG_13ce017514,JAK2_9ee4e5a341,C1=C/COCc2cc(ccc2OCCN2CCCC2)Nc2nccc(n2)-c2coc(c2)COC/1,[26*]c1ccnc(Nc2ccc(OCCN3CCCC3)c(COC/C=C/[33*])c2)n1,*COCc1cc([24*])co1,18,8,26,5,25,33,0;24,largest_ring_two_bond_fragmentation
FRAG_4f13ba8663,JAK2_9ee4e5a341,C1=C/COCc2cc(ccc2OCCN2CCCC2)Nc2nccc(n2)-c2coc(c2)COC/1,[31*]c1cc(-c2ccnc(Nc3ccc(OCCN4CCCC4)c(COC/C=C/[33*])c3)n2)co1,*COC[29*],18,3,31,0,30,33,0;29,largest_ring_two_bond_fragmentation
FRAG_bf14d4c82e,JAK2_1891397aa8,C1=C/CNCc2cccc(c2)Nc2nccc(n2)-c2cccc(c2)OCC/1,[2*]/C=C/CCOc1cccc(-c2ccnc(Nc3cccc([4*])c3)n2)c1,[1*]CNC[5*],18,3,24,0,1,4,1;5,largest_ring_two_bond_fragmentation
FRAG_95be9bbb59,JAK2_1891397aa8,C1=C/CNCc2cccc(c2)Nc2nccc(n2)-c2cccc(c2)OCC/1,[2*]/C=C/CCOc1cccc(-c2ccnc(N[9*])n2)c1,[1*]CNCc1cccc([11*])c1,18,9,18,6,1,10,1;11,largest_ring_two_bond_fragmentation
FRAG_d688ccd98b,JAK2_1891397aa8,C1=C/CNCc2cccc(c2)Nc2nccc(n2)-c2cccc(c2)OCC/1,[2*]/C=C/CCOc1cccc(-c2ccnc([11*])n2)c1,[1*]CNCc1cccc(N[12*])c1,18,10,17,6,1,11,1;12,largest_ring_two_bond_fragmentation
FRAG_603f81c4b0,JAK2_1891397aa8,C1=C/CNCc2cccc(c2)Nc2nccc(n2)-c2cccc(c2)OCC/1,[1*]CNCc1cccc(Nc2nccc([18*])n2)c1,[2*]/C=C/CCOc1cccc([16*])c1,18,11,16,6,1,17,2;16,largest_ring_two_bond_fragmentation
FRAG_9889d4e0a8,JAK2_1891397aa8,C1=C/CNCc2cccc(c2)Nc2nccc(n2)-c2cccc(c2)OCC/1,[1*]CNCc1cccc(Nc2nccc(-c3cccc([24*])c3)n2)c1,[2*]/C=C/CCO[22*],18,5,22,0,1,23,2;22,largest_ring_two_bond_fragmentation
FRAG_b5cb5ade74,JAK2_1891397aa8,C1=C/CNCc2cccc(c2)Nc2nccc(n2)-c2cccc(c2)OCC/1,[1*]CNCc1cccc(Nc2nccc(-c3cccc(O[25*])c3)n2)c1,[2*]/C=C/CC[24*],18,4,23,0,1,24,2;24,largest_ring_two_bond_fragmentation
FRAG_89f5399524,JAK2_1891397aa8,C1=C/CNCc2cccc(c2)Nc2nccc(n2)-c2cccc(c2)OCC/1,[1*]CNCc1cccc(Nc2nccc(-c3cccc(OC[26*])c3)n2)c1,[2*]/C=C/C[25*],18,3,24,0,1,25,2;25,largest_ring_two_bond_fragmentation
FRAG_b51aa8763b,JAK2_1891397aa8,C1=C/CNCc2cccc(c2)Nc2nccc(n2)-c2cccc(c2)OCC/1,[3*]C/C=C/CCOc1cccc(-c2ccnc(N[9*])n2)c1,[2*]NCc1cccc([11*])c1,18,8,19,6,2,10,2;11,largest_ring_two_bond_fragmentation
FRAG_8d0fe78322,JAK2_1891397aa8,C1=C/CNCc2cccc(c2)Nc2nccc(n2)-c2cccc(c2)OCC/1,[3*]C/C=C/CCOc1cccc(-c2ccnc([11*])n2)c1,[2*]NCc1cccc(N[12*])c1,18,9,18,6,2,11,2;12,largest_ring_two_bond_fragmentation
FRAG_d231c45768,JAK2_1891397aa8,C1=C/CNCc2cccc(c2)Nc2nccc(n2)-c2cccc(c2)OCC/1,[2*]NCc1cccc(Nc2nccc([18*])n2)c1,[3*]C/C=C/CCOc1cccc([16*])c1,18,12,15,6,2,17,3;16,largest_ring_two_bond_fragmentation
FRAG_4634f21652,JAK2_1891397aa8,C1=C/CNCc2cccc(c2)Nc2nccc(n2)-c2cccc(c2)OCC/1,[2*]NCc1cccc(Nc2nccc(-c3cccc([24*])c3)n2)c1,[3*]C/C=C/CCO[22*],18,6,21,0,2,23,3;22,largest_ring_two_bond_fragmentation
FRAG_b617367f75,JAK2_1891397aa8,C1=C/CNCc2cccc(c2)Nc2nccc(n2)-c2cccc(c2)OCC/1,[2*]NCc1cccc(Nc2nccc(-c3cccc(O[25*])c3)n2)c1,[3*]C/C=C/CC[24*],18,5,22,0,2,24,3;24,largest_ring_two_bond_fragmentation
FRAG_a8de194b85,JAK2_1891397aa8,C1=C/CNCc2cccc(c2)Nc2nccc(n2)-c2cccc(c2)OCC/1,[2*]NCc1cccc(Nc2nccc(-c3cccc(OC[26*])c3)n2)c1,[3*]C/C=C/C[25*],18,4,23,0,2,25,3;25,largest_ring_two_bond_fragmentation
FRAG_080c895e6c,JAK2_1891397aa8,C1=C/CNCc2cccc(c2)Nc2nccc(n2)-c2cccc(c2)OCC/1,*CCOc1cccc(-c2ccnc(Nc3cccc(CN[2*])c3)n2)c1,[3*]C/C=C/[26*],18,3,24,0,2,26,3;26,largest_ring_two_bond_fragmentation
FRAG_a3e7760f6a,JAK2_1891397aa8,C1=C/CNCc2cccc(c2)Nc2nccc(n2)-c2cccc(c2)OCC/1,[4*]NC/C=C/CCOc1cccc(-c2ccnc(N[9*])n2)c1,[3*]Cc1cccc([11*])c1,18,7,20,6,3,10,3;11,largest_ring_two_bond_fragmentation
FRAG_5c24dd9553,JAK2_1891397aa8,C1=C/CNCc2cccc(c2)Nc2nccc(n2)-c2cccc(c2)OCC/1,[4*]NC/C=C/CCOc1cccc(-c2ccnc([11*])n2)c1,[3*]Cc1cccc(N[12*])c1,18,8,19,6,3,11,3;12,largest_ring_two_bond_fragmentation
FRAG_d79826dc46,JAK2_1891397aa8,C1=C/CNCc2cccc(c2)Nc2nccc(n2)-c2cccc(c2)OCC/1,[3*]Cc1cccc(Nc2nccc(-c3cccc([24*])c3)n2)c1,[4*]NC/C=C/CCO[22*],18,7,20,0,3,23,4;22,largest_ring_two_bond_fragmentation
FRAG_ddfb3b3b1c,JAK2_1891397aa8,C1=C/CNCc2cccc(c2)Nc2nccc(n2)-c2cccc(c2)OCC/1,[3*]Cc1cccc(Nc2nccc(-c3cccc(O[25*])c3)n2)c1,[4*]NC/C=C/CC[24*],18,6,21,0,3,24,4;24,largest_ring_two_bond_fragmentation
FRAG_2835ce27e8,JAK2_1891397aa8,C1=C/CNCc2cccc(c2)Nc2nccc(n2)-c2cccc(c2)OCC/1,[3*]Cc1cccc(Nc2nccc(-c3cccc(OC[26*])c3)n2)c1,[4*]NC/C=C/C[25*],18,5,22,0,3,25,4;25,largest_ring_two_bond_fragmentation
FRAG_80d6ba77ad,JAK2_1891397aa8,C1=C/CNCc2cccc(c2)Nc2nccc(n2)-c2cccc(c2)OCC/1,*CCOc1cccc(-c2ccnc(Nc3cccc(C[3*])c3)n2)c1,[4*]NC/C=C/[26*],18,4,23,0,3,26,4;26,largest_ring_two_bond_fragmentation
FRAG_83380484c1,JAK2_1891397aa8,C1=C/CNCc2cccc(c2)Nc2nccc(n2)-c2cccc(c2)OCC/1,[5*]CNC/C=C/CCOc1cccc(-c2ccnc(N[9*])n2)c1,[4*]c1cccc([11*])c1,18,6,21,6,4,10,4;11,largest_ring_two_bond_fragmentation
FRAG_55f43a41dc,JAK2_1891397aa8,C1=C/CNCc2cccc(c2)Nc2nccc(n2)-c2cccc(c2)OCC/1,[5*]CNC/C=C/CCOc1cccc(-c2ccnc([11*])n2)c1,[4*]c1cccc(N[12*])c1,18,7,20,6,4,11,4;12,largest_ring_two_bond_fragmentation
FRAG_04e198db96,JAK2_1891397aa8,C1=C/CNCc2cccc(c2)Nc2nccc(n2)-c2cccc(c2)OCC/1,[4*]c1cccc(Nc2nccc(-c3cccc([24*])c3)n2)c1,[5*]CNC/C=C/CCO[22*],18,8,19,0,4,23,5;22,largest_ring_two_bond_fragmentation
FRAG_e3411db2be,JAK2_1891397aa8,C1=C/CNCc2cccc(c2)Nc2nccc(n2)-c2cccc(c2)OCC/1,[4*]c1cccc(Nc2nccc(-c3cccc(O[25*])c3)n2)c1,[5*]CNC/C=C/CC[24*],18,7,20,0,4,24,5;24,largest_ring_two_bond_fragmentation
FRAG_05f929a950,JAK2_1891397aa8,C1=C/CNCc2cccc(c2)Nc2nccc(n2)-c2cccc(c2)OCC/1,[4*]c1cccc(Nc2nccc(-c3cccc(OC[26*])c3)n2)c1,[5*]CNC/C=C/C[25*],18,6,21,0,4,25,5;25,largest_ring_two_bond_fragmentation
FRAG_fad3dcbe62,JAK2_1891397aa8,C1=C/CNCc2cccc(c2)Nc2nccc(n2)-c2cccc(c2)OCC/1,*CCOc1cccc(-c2ccnc(Nc3cccc([4*])c3)n2)c1,[5*]CNC/C=C/[26*],18,5,22,0,4,26,5;26,largest_ring_two_bond_fragmentation
FRAG_94efe00327,JAK2_1891397aa8,C1=C/CNCc2cccc(c2)Nc2nccc(n2)-c2cccc(c2)OCC/1,[11*]c1cccc(CNC/C=C/CCOc2cccc([16*])c2)c1,[9*]Nc1nccc([18*])n1,18,7,20,6,10,17,9;18,largest_ring_two_bond_fragmentation
FRAG_4f0e08722e,JAK2_1891397aa8,C1=C/CNCc2cccc(c2)Nc2nccc(n2)-c2cccc(c2)OCC/1,[9*]Nc1nccc(-c2cccc(OC[26*])c2)n1,[11*]c1cccc(CNC/C=C/C[25*])c1,18,12,15,6,10,25,11;25,largest_ring_two_bond_fragmentation
FRAG_d080f6fbec,JAK2_1891397aa8,C1=C/CNCc2cccc(c2)Nc2nccc(n2)-c2cccc(c2)OCC/1,*CCOc1cccc(-c2ccnc(N[9*])n2)c1,[11*]c1cccc(CNC/C=C/[26*])c1,18,11,16,6,10,26,11;26,largest_ring_two_bond_fragmentation
FRAG_85de83c34c,JAK2_1891397aa8,C1=C/CNCc2cccc(c2)Nc2nccc(n2)-c2cccc(c2)OCC/1,[12*]Nc1cccc(CNC/C=C/CCOc2cccc([16*])c2)c1,[11*]c1nccc([18*])n1,18,6,21,6,11,17,11;18,largest_ring_two_bond_fragmentation
FRAG_3ec0b465cf,JAK2_1891397aa8,C1=C/CNCc2cccc(c2)Nc2nccc(n2)-c2cccc(c2)OCC/1,[12*]Nc1cccc(CNC/C=C/CCO[22*])c1,[11*]c1nccc(-c2cccc([24*])c2)n1,18,12,15,6,11,23,11;24,largest_ring_two_bond_fragmentation
FRAG_bf0191fba3,JAK2_1891397aa8,C1=C/CNCc2cccc(c2)Nc2nccc(n2)-c2cccc(c2)OCC/1,*CCOc1cccc(-c2ccnc([11*])n2)c1,[12*]Nc1cccc(CNC/C=C/[26*])c1,18,12,15,6,11,26,12;26,largest_ring_two_bond_fragmentation
FRAG_7dd9616048,JAK2_1891397aa8,C1=C/CNCc2cccc(c2)Nc2nccc(n2)-c2cccc(c2)OCC/1,[18*]c1ccnc(Nc2cccc(CNC/C=C/CCO[22*])c2)n1,[16*]c1cccc([24*])c1,18,6,21,6,17,23,16;24,largest_ring_two_bond_fragmentation
FRAG_0891c5c1e7,JAK2_1891397aa8,C1=C/CNCc2cccc(c2)Nc2nccc(n2)-c2cccc(c2)OCC/1,[18*]c1ccnc(Nc2cccc(CNC/C=C/CC[24*])c2)n1,[16*]c1cccc(O[25*])c1,18,7,20,6,17,24,16;25,largest_ring_two_bond_fragmentation
FRAG_4327b904bc,JAK2_1891397aa8,C1=C/CNCc2cccc(c2)Nc2nccc(n2)-c2cccc(c2)OCC/1,[18*]c1ccnc(Nc2cccc(CNC/C=C/C[25*])c2)n1,[16*]c1cccc(OC[26*])c1,18,8,19,6,17,25,16;26,largest_ring_two_bond_fragmentation
FRAG_3ecf4e2444,JAK2_1891397aa8,C1=C/CNCc2cccc(c2)Nc2nccc(n2)-c2cccc(c2)OCC/1,[18*]c1ccnc(Nc2cccc(CNC/C=C/[26*])c2)n1,*CCOc1cccc([16*])c1,18,9,18,6,17,26,0;16,largest_ring_two_bond_fragmentation
FRAG_12c195a208,JAK2_1891397aa8,C1=C/CNCc2cccc(c2)Nc2nccc(n2)-c2cccc(c2)OCC/1,[24*]c1cccc(-c2ccnc(Nc3cccc(CNC/C=C/[26*])c3)n2)c1,*CCO[22*],18,3,24,0,23,26,0;22,largest_ring_two_bond_fragmentation
FRAG_8b49a29735,JAK2_3452a5d8c9,CN1C/C=C/CCOc2cccc(c2)-c2ccnc(n2)Nc2ccc(OCC(=O)N3CCCC3)c(c2)C1,[2*]N(C)Cc1cc(Nc2nccc(-c3cccc(OCC[4*])c3)n2)ccc1OCC(=O)N1CCCC1,[1*]C/C=C/[5*],18,3,34,0,1,4,1;5,largest_ring_two_bond_fragmentation
FRAG_220abb7846,JAK2_3452a5d8c9,CN1C/C=C/CCOc2cccc(c2)-c2ccnc(n2)Nc2ccc(OCC(=O)N3CCCC3)c(c2)C1,[2*]N(C)Cc1cc(Nc2nccc(-c3cccc(OC[5*])c3)n2)ccc1OCC(=O)N1CCCC1,[1*]C/C=C/C[6*],18,4,33,0,1,5,1;6,largest_ring_two_bond_fragmentation
FRAG_724df49b07,JAK2_3452a5d8c9,CN1C/C=C/CCOc2cccc(c2)-c2ccnc(n2)Nc2ccc(OCC(=O)N3CCCC3)c(c2)C1,[2*]N(C)Cc1cc(Nc2nccc(-c3cccc(O[6*])c3)n2)ccc1OCC(=O)N1CCCC1,[1*]C/C=C/CC[7*],18,5,32,0,1,6,1;7,largest_ring_two_bond_fragmentation
FRAG_a73af35117,JAK2_3452a5d8c9,CN1C/C=C/CCOc2cccc(c2)-c2ccnc(n2)Nc2ccc(OCC(=O)N3CCCC3)c(c2)C1,[2*]N(C)Cc1cc(Nc2nccc(-c3cccc([7*])c3)n2)ccc1OCC(=O)N1CCCC1,[1*]C/C=C/CCO[8*],18,6,31,0,1,7,1;8,largest_ring_two_bond_fragmentation
FRAG_a5066d0ec5,JAK2_3452a5d8c9,CN1C/C=C/CCOc2cccc(c2)-c2ccnc(n2)Nc2ccc(OCC(=O)N3CCCC3)c(c2)C1,[2*]N(C)Cc1cc(Nc2nccc([12*])n2)ccc1OCC(=O)N1CCCC1,[1*]C/C=C/CCOc1cccc([14*])c1,18,12,25,6,1,13,1;14,largest_ring_two_bond_fragmentation
FRAG_f1f73878bd,JAK2_3452a5d8c9,CN1C/C=C/CCOc2cccc(c2)-c2ccnc(n2)Nc2ccc(OCC(=O)N3CCCC3)c(c2)C1,[1*]C/C=C/CCOc1cccc(-c2ccnc(Nc3ccc(OCC(=O)N4CCCC4)c([36*])c3)n2)c1,[2*]N(C)C[34*],18,3,34,0,1,35,2;34,largest_ring_two_bond_fragmentation
FRAG_f30549fa4f,JAK2_3452a5d8c9,CN1C/C=C/CCOc2cccc(c2)-c2ccnc(n2)Nc2ccc(OCC(=O)N3CCCC3)c(c2)C1,[3*]CN(C)Cc1cc(Nc2nccc(-c3cccc(OC[5*])c3)n2)ccc1OCC(=O)N1CCCC1,[2*]/C=C/C[6*],18,3,34,0,2,5,2;6,largest_ring_two_bond_fragmentation
FRAG_8d38193657,JAK2_3452a5d8c9,CN1C/C=C/CCOc2cccc(c2)-c2ccnc(n2)Nc2ccc(OCC(=O)N3CCCC3)c(c2)C1,[3*]CN(C)Cc1cc(Nc2nccc(-c3cccc(O[6*])c3)n2)ccc1OCC(=O)N1CCCC1,[2*]/C=C/CC[7*],18,4,33,0,2,6,2;7,largest_ring_two_bond_fragmentation
FRAG_31e992879e,JAK2_3452a5d8c9,CN1C/C=C/CCOc2cccc(c2)-c2ccnc(n2)Nc2ccc(OCC(=O)N3CCCC3)c(c2)C1,[3*]CN(C)Cc1cc(Nc2nccc(-c3cccc([7*])c3)n2)ccc1OCC(=O)N1CCCC1,[2*]/C=C/CCO[8*],18,5,32,0,2,7,2;8,largest_ring_two_bond_fragmentation
FRAG_847cbc9508,JAK2_3452a5d8c9,CN1C/C=C/CCOc2cccc(c2)-c2ccnc(n2)Nc2ccc(OCC(=O)N3CCCC3)c(c2)C1,[3*]CN(C)Cc1cc(Nc2nccc([12*])n2)ccc1OCC(=O)N1CCCC1,[2*]/C=C/CCOc1cccc([14*])c1,18,11,26,6,2,13,2;14,largest_ring_two_bond_fragmentation
FRAG_28b391ef16,JAK2_3452a5d8c9,CN1C/C=C/CCOc2cccc(c2)-c2ccnc(n2)Nc2ccc(OCC(=O)N3CCCC3)c(c2)C1,[2*]/C=C/CCOc1cccc(-c2ccnc(Nc3ccc(OCC(=O)N4CCCC4)c([36*])c3)n2)c1,[3*]CN(C)C[34*],18,4,33,0,2,35,3;34,largest_ring_two_bond_fragmentation
FRAG_2292930198,JAK2_3452a5d8c9,CN1C/C=C/CCOc2cccc(c2)-c2ccnc(n2)Nc2ccc(OCC(=O)N3CCCC3)c(c2)C1,[1*]Cc1cc(Nc2nccc(-c3cccc(OCC/C=C/[2*])c3)n2)ccc1OCC(=O)N1CCCC1,[3*]CN([36*])C,18,3,34,0,2,36,3;36,largest_ring_two_bond_fragmentation
FRAG_c69f2b214f,JAK2_3452a5d8c9,CN1C/C=C/CCOc2cccc(c2)-c2ccnc(n2)Nc2ccc(OCC(=O)N3CCCC3)c(c2)C1,[5*]/C=C/CN(C)Cc1cc(Nc2nccc(-c3cccc([7*])c3)n2)ccc1OCC(=O)N1CCCC1,[4*]CCO[8*],18,3,34,0,4,7,4;8,largest_ring_two_bond_fragmentation
FRAG_90924280c7,JAK2_3452a5d8c9,CN1C/C=C/CCOc2cccc(c2)-c2ccnc(n2)Nc2ccc(OCC(=O)N3CCCC3)c(c2)C1,[5*]/C=C/CN(C)Cc1cc(Nc2nccc([12*])n2)ccc1OCC(=O)N1CCCC1,[4*]CCOc1cccc([14*])c1,18,9,28,6,4,13,4;14,largest_ring_two_bond_fragmentation
FRAG_4ba5afe3be,JAK2_3452a5d8c9,CN1C/C=C/CCOc2cccc(c2)-c2ccnc(n2)Nc2ccc(OCC(=O)N3CCCC3)c(c2)C1,[4*]CCOc1cccc(-c2ccnc(Nc3ccc(OCC(=O)N4CCCC4)c([36*])c3)n2)c1,[5*]/C=C/CN(C)C[34*],18,6,31,0,4,35,5;34,largest_ring_two_bond_fragmentation
FRAG_2aece684f1,JAK2_3452a5d8c9,CN1C/C=C/CCOc2cccc(c2)-c2ccnc(n2)Nc2ccc(OCC(=O)N3CCCC3)c(c2)C1,[1*]Cc1cc(Nc2nccc(-c3cccc(OCC[4*])c3)n2)ccc1OCC(=O)N1CCCC1,[5*]/C=C/CN([36*])C,18,5,32,0,4,36,5;36,largest_ring_two_bond_fragmentation
FRAG_705a7ae28c,JAK2_3452a5d8c9,CN1C/C=C/CCOc2cccc(c2)-c2ccnc(n2)Nc2ccc(OCC(=O)N3CCCC3)c(c2)C1,[6*]C/C=C/CN(C)Cc1cc(Nc2nccc([12*])n2)ccc1OCC(=O)N1CCCC1,[5*]COc1cccc([14*])c1,18,8,29,6,5,13,5;14,largest_ring_two_bond_fragmentation
FRAG_a9d08f6bcb,JAK2_3452a5d8c9,CN1C/C=C/CCOc2cccc(c2)-c2ccnc(n2)Nc2ccc(OCC(=O)N3CCCC3)c(c2)C1,[5*]COc1cccc(-c2ccnc(Nc3ccc(OCC(=O)N4CCCC4)c([36*])c3)n2)c1,[6*]C/C=C/CN(C)C[34*],18,7,30,0,5,35,6;34,largest_ring_two_bond_fragmentation
FRAG_eb57da85f0,JAK2_3452a5d8c9,CN1C/C=C/CCOc2cccc(c2)-c2ccnc(n2)Nc2ccc(OCC(=O)N3CCCC3)c(c2)C1,[1*]Cc1cc(Nc2nccc(-c3cccc(OC[5*])c3)n2)ccc1OCC(=O)N1CCCC1,[6*]C/C=C/CN([36*])C,18,6,31,0,5,36,6;36,largest_ring_two_bond_fragmentation
FRAG_d816da19ab,JAK2_3452a5d8c9,CN1C/C=C/CCOc2cccc(c2)-c2ccnc(n2)Nc2ccc(OCC(=O)N3CCCC3)c(c2)C1,[7*]CC/C=C/CN(C)Cc1cc(Nc2nccc([12*])n2)ccc1OCC(=O)N1CCCC1,[6*]Oc1cccc([14*])c1,18,7,30,6,6,13,6;14,largest_ring_two_bond_fragmentation
FRAG_35158d0493,JAK2_3452a5d8c9,CN1C/C=C/CCOc2cccc(c2)-c2ccnc(n2)Nc2ccc(OCC(=O)N3CCCC3)c(c2)C1,[6*]Oc1cccc(-c2ccnc(Nc3ccc(OCC(=O)N4CCCC4)c([36*])c3)n2)c1,[7*]CC/C=C/CN(C)C[34*],18,8,29,0,6,35,7;34,largest_ring_two_bond_fragmentation
FRAG_c73563c157,JAK2_3452a5d8c9,CN1C/C=C/CCOc2cccc(c2)-c2ccnc(n2)Nc2ccc(OCC(=O)N3CCCC3)c(c2)C1,[1*]Cc1cc(Nc2nccc(-c3cccc(O[6*])c3)n2)ccc1OCC(=O)N1CCCC1,[7*]CC/C=C/CN([36*])C,18,7,30,0,6,36,7;36,largest_ring_two_bond_fragmentation
FRAG_3cec12e097,JAK2_3452a5d8c9,CN1C/C=C/CCOc2cccc(c2)-c2ccnc(n2)Nc2ccc(OCC(=O)N3CCCC3)c(c2)C1,[8*]OCC/C=C/CN(C)Cc1cc(Nc2nccc([12*])n2)ccc1OCC(=O)N1CCCC1,[7*]c1cccc([14*])c1,18,6,31,6,7,13,7;14,largest_ring_two_bond_fragmentation
FRAG_9905e946c2,JAK2_3452a5d8c9,CN1C/C=C/CCOc2cccc(c2)-c2ccnc(n2)Nc2ccc(OCC(=O)N3CCCC3)c(c2)C1,[8*]OCC/C=C/CN(C)Cc1cc(N[18*])ccc1OCC(=O)N1CCCC1,[7*]c1cccc(-c2ccnc([20*])n2)c1,18,12,25,6,7,19,7;20,largest_ring_two_bond_fragmentation
FRAG_0d3dfd3d67,JAK2_3452a5d8c9,CN1C/C=C/CCOc2cccc(c2)-c2ccnc(n2)Nc2ccc(OCC(=O)N3CCCC3)c(c2)C1,[7*]c1cccc(-c2ccnc(Nc3ccc(OCC(=O)N4CCCC4)c([36*])c3)n2)c1,[8*]OCC/C=C/CN(C)C[34*],18,9,28,0,7,35,8;34,largest_ring_two_bond_fragmentation
FRAG_d960dcf050,JAK2_3452a5d8c9,CN1C/C=C/CCOc2cccc(c2)-c2ccnc(n2)Nc2ccc(OCC(=O)N3CCCC3)c(c2)C1,[1*]Cc1cc(Nc2nccc(-c3cccc([7*])c3)n2)ccc1OCC(=O)N1CCCC1,[8*]OCC/C=C/CN([36*])C,18,8,29,0,7,36,8;36,largest_ring_two_bond_fragmentation
FRAG_2d52d714a5,JAK2_3452a5d8c9,CN1C/C=C/CCOc2cccc(c2)-c2ccnc(n2)Nc2ccc(OCC(=O)N3CCCC3)c(c2)C1,[14*]c1cccc(OCC/C=C/CN(C)Cc2cc(N[18*])ccc2OCC(=O)N2CCCC2)c1,[12*]c1ccnc([20*])n1,18,6,31,6,13,19,12;20,largest_ring_two_bond_fragmentation
FRAG_d8d4606e21,JAK2_3452a5d8c9,CN1C/C=C/CCOc2cccc(c2)-c2ccnc(n2)Nc2ccc(OCC(=O)N3CCCC3)c(c2)C1,[14*]c1cccc(OCC/C=C/CN(C)Cc2cc([20*])ccc2OCC(=O)N2CCCC2)c1,[12*]c1ccnc(N[21*])n1,18,7,30,6,13,20,12;21,largest_ring_two_bond_fragmentation
FRAG_eca735a47a,JAK2_f174044a05,O=C(N1C/C=C/CCOc2cccc(c2)-c2ccnc(n2)Nc2cccc(c2)C1)C(F)(F)F,[3*]N(Cc1cccc(Nc2nccc(-c3cccc(OCC[5*])c3)n2)c1)C(=O)C(F)(F)F,[2*]C/C=C/[6*],18,3,30,0,2,5,2;6,largest_ring_two_bond_fragmentation
FRAG_02aff89a2e,JAK2_f174044a05,O=C(N1C/C=C/CCOc2cccc(c2)-c2ccnc(n2)Nc2cccc(c2)C1)C(F)(F)F,[3*]N(Cc1cccc(Nc2nccc(-c3cccc(OC[6*])c3)n2)c1)C(=O)C(F)(F)F,[2*]C/C=C/C[7*],18,4,29,0,2,6,2;7,largest_ring_two_bond_fragmentation
FRAG_1df43c70b5,JAK2_f174044a05,O=C(N1C/C=C/CCOc2cccc(c2)-c2ccnc(n2)Nc2cccc(c2)C1)C(F)(F)F,[3*]N(Cc1cccc(Nc2nccc(-c3cccc(O[7*])c3)n2)c1)C(=O)C(F)(F)F,[2*]C/C=C/CC[8*],18,5,28,0,2,7,2;8,largest_ring_two_bond_fragmentation
FRAG_f09428852f,JAK2_f174044a05,O=C(N1C/C=C/CCOc2cccc(c2)-c2ccnc(n2)Nc2cccc(c2)C1)C(F)(F)F,[3*]N(Cc1cccc(Nc2nccc(-c3cccc([8*])c3)n2)c1)C(=O)C(F)(F)F,[2*]C/C=C/CCO[9*],18,6,27,0,2,8,2;9,largest_ring_two_bond_fragmentation
FRAG_d5efda3e6d,JAK2_f174044a05,O=C(N1C/C=C/CCOc2cccc(c2)-c2ccnc(n2)Nc2cccc(c2)C1)C(F)(F)F,[3*]N(Cc1cccc(Nc2nccc([13*])n2)c1)C(=O)C(F)(F)F,[2*]C/C=C/CCOc1cccc([15*])c1,18,12,21,6,2,14,2;15,largest_ring_two_bond_fragmentation
FRAG_b721d70c77,JAK2_f174044a05,O=C(N1C/C=C/CCOc2cccc(c2)-c2ccnc(n2)Nc2cccc(c2)C1)C(F)(F)F,[2*]C/C=C/CCOc1cccc(-c2ccnc(Nc3cccc([28*])c3)n2)c1,[3*]N(C[26*])C(=O)C(F)(F)F,18,8,25,0,2,27,3;26,largest_ring_two_bond_fragmentation
FRAG_b406ae6c7c,JAK2_f174044a05,O=C(N1C/C=C/CCOc2cccc(c2)-c2ccnc(n2)Nc2cccc(c2)C1)C(F)(F)F,[4*]CN(Cc1cccc(Nc2nccc(-c3cccc(OC[6*])c3)n2)c1)C(=O)C(F)(F)F,[3*]/C=C/C[7*],18,3,30,0,3,6,3;7,largest_ring_two_bond_fragmentation
FRAG_ddc0e5cd20,JAK2_f174044a05,O=C(N1C/C=C/CCOc2cccc(c2)-c2ccnc(n2)Nc2cccc(c2)C1)C(F)(F)F,[4*]CN(Cc1cccc(Nc2nccc(-c3cccc(O[7*])c3)n2)c1)C(=O)C(F)(F)F,[3*]/C=C/CC[8*],18,4,29,0,3,7,3;8,largest_ring_two_bond_fragmentation
FRAG_375a81fdba,JAK2_f174044a05,O=C(N1C/C=C/CCOc2cccc(c2)-c2ccnc(n2)Nc2cccc(c2)C1)C(F)(F)F,[4*]CN(Cc1cccc(Nc2nccc(-c3cccc([8*])c3)n2)c1)C(=O)C(F)(F)F,[3*]/C=C/CCO[9*],18,5,28,0,3,8,3;9,largest_ring_two_bond_fragmentation
FRAG_9af2b9a4f6,JAK2_f174044a05,O=C(N1C/C=C/CCOc2cccc(c2)-c2ccnc(n2)Nc2cccc(c2)C1)C(F)(F)F,[4*]CN(Cc1cccc(Nc2nccc([13*])n2)c1)C(=O)C(F)(F)F,[3*]/C=C/CCOc1cccc([15*])c1,18,11,22,6,3,14,3;15,largest_ring_two_bond_fragmentation
FRAG_d7f66e65ec,JAK2_f174044a05,O=C(N1C/C=C/CCOc2cccc(c2)-c2ccnc(n2)Nc2cccc(c2)C1)C(F)(F)F,[3*]/C=C/CCOc1cccc(-c2ccnc(Nc3cccc([28*])c3)n2)c1,[4*]CN(C[26*])C(=O)C(F)(F)F,18,9,24,0,3,27,4;26,largest_ring_two_bond_fragmentation
FRAG_152318cdb6,JAK2_f174044a05,O=C(N1C/C=C/CCOc2cccc(c2)-c2ccnc(n2)Nc2cccc(c2)C1)C(F)(F)F,[2*]Cc1cccc(Nc2nccc(-c3cccc(OCC/C=C/[3*])c3)n2)c1,[4*]CN([28*])C(=O)C(F)(F)F,18,8,25,0,3,32,4;28,largest_ring_two_bond_fragmentation
FRAG_1de2761f84,JAK2_f174044a05,O=C(N1C/C=C/CCOc2cccc(c2)-c2ccnc(n2)Nc2cccc(c2)C1)C(F)(F)F,[6*]/C=C/CN(Cc1cccc(Nc2nccc(-c3cccc([8*])c3)n2)c1)C(=O)C(F)(F)F,[5*]CCO[9*],18,3,30,0,5,8,5;9,largest_ring_two_bond_fragmentation
FRAG_3333bb85d2,JAK2_f174044a05,O=C(N1C/C=C/CCOc2cccc(c2)-c2ccnc(n2)Nc2cccc(c2)C1)C(F)(F)F,[6*]/C=C/CN(Cc1cccc(Nc2nccc([13*])n2)c1)C(=O)C(F)(F)F,[5*]CCOc1cccc([15*])c1,18,9,24,6,5,14,5;15,largest_ring_two_bond_fragmentation
FRAG_0c66d81ad0,JAK2_f174044a05,O=C(N1C/C=C/CCOc2cccc(c2)-c2ccnc(n2)Nc2cccc(c2)C1)C(F)(F)F,[5*]CCOc1cccc(-c2ccnc(Nc3cccc([28*])c3)n2)c1,[6*]/C=C/CN(C[26*])C(=O)C(F)(F)F,18,11,22,0,5,27,6;26,largest_ring_two_bond_fragmentation
FRAG_eecfe0b921,JAK2_f174044a05,O=C(N1C/C=C/CCOc2cccc(c2)-c2ccnc(n2)Nc2cccc(c2)C1)C(F)(F)F,[2*]Cc1cccc(Nc2nccc(-c3cccc(OCC[5*])c3)n2)c1,[6*]/C=C/CN([28*])C(=O)C(F)(F)F,18,10,23,0,5,32,6;28,largest_ring_two_bond_fragmentation
FRAG_b7436fb694,JAK2_f174044a05,O=C(N1C/C=C/CCOc2cccc(c2)-c2ccnc(n2)Nc2cccc(c2)C1)C(F)(F)F,[7*]C/C=C/CN(Cc1cccc(Nc2nccc([13*])n2)c1)C(=O)C(F)(F)F,[6*]COc1cccc([15*])c1,18,8,25,6,6,14,6;15,largest_ring_two_bond_fragmentation
FRAG_cef7515f7f,JAK2_f174044a05,O=C(N1C/C=C/CCOc2cccc(c2)-c2ccnc(n2)Nc2cccc(c2)C1)C(F)(F)F,[6*]COc1cccc(-c2ccnc(Nc3cccc([28*])c3)n2)c1,[7*]C/C=C/CN(C[26*])C(=O)C(F)(F)F,18,12,21,0,6,27,7;26,largest_ring_two_bond_fragmentation
FRAG_545cc5edd6,JAK2_f174044a05,O=C(N1C/C=C/CCOc2cccc(c2)-c2ccnc(n2)Nc2cccc(c2)C1)C(F)(F)F,[2*]Cc1cccc(Nc2nccc(-c3cccc(OC[6*])c3)n2)c1,[7*]C/C=C/CN([28*])C(=O)C(F)(F)F,18,11,22,0,6,32,7;28,largest_ring_two_bond_fragmentation
FRAG_581223bddb,JAK2_f174044a05,O=C(N1C/C=C/CCOc2cccc(c2)-c2ccnc(n2)Nc2cccc(c2)C1)C(F)(F)F,[8*]CC/C=C/CN(Cc1cccc(Nc2nccc([13*])n2)c1)C(=O)C(F)(F)F,[7*]Oc1cccc([15*])c1,18,7,26,6,7,14,7;15,largest_ring_two_bond_fragmentation
FRAG_145d53e038,JAK2_f174044a05,O=C(N1C/C=C/CCOc2cccc(c2)-c2ccnc(n2)Nc2cccc(c2)C1)C(F)(F)F,[2*]Cc1cccc(Nc2nccc(-c3cccc(O[7*])c3)n2)c1,[8*]CC/C=C/CN([28*])C(=O)C(F)(F)F,18,12,21,0,7,32,8;28,largest_ring_two_bond_fragmentation
FRAG_4a030a1cfa,JAK2_f174044a05,O=C(N1C/C=C/CCOc2cccc(c2)-c2ccnc(n2)Nc2cccc(c2)C1)C(F)(F)F,[9*]OCC/C=C/CN(Cc1cccc(Nc2nccc([13*])n2)c1)C(=O)C(F)(F)F,[8*]c1cccc([15*])c1,18,6,27,6,8,14,8;15,largest_ring_two_bond_fragmentation
FRAG_fe71af2ccf,JAK2_f174044a05,O=C(N1C/C=C/CCOc2cccc(c2)-c2ccnc(n2)Nc2cccc(c2)C1)C(F)(F)F,[9*]OCC/C=C/CN(Cc1cccc(N[19*])c1)C(=O)C(F)(F)F,[8*]c1cccc(-c2ccnc([21*])n2)c1,18,12,21,6,8,20,8;21,largest_ring_two_bond_fragmentation
FRAG_1c85353a54,JAK2_f174044a05,O=C(N1C/C=C/CCOc2cccc(c2)-c2ccnc(n2)Nc2cccc(c2)C1)C(F)(F)F,[15*]c1cccc(OCC/C=C/CN(Cc2cccc(N[19*])c2)C(=O)C(F)(F)F)c1,[13*]c1ccnc([21*])n1,18,6,27,6,14,20,13;21,largest_ring_two_bond_fragmentation
FRAG_04dad222ff,JAK2_f174044a05,O=C(N1C/C=C/CCOc2cccc(c2)-c2ccnc(n2)Nc2cccc(c2)C1)C(F)(F)F,[15*]c1cccc(OCC/C=C/CN(Cc2cccc([21*])c2)C(=O)C(F)(F)F)c1,[13*]c1ccnc(N[22*])n1,18,7,26,6,14,21,13;22,largest_ring_two_bond_fragmentation
FRAG_00e7df52d2,JAK2_f174044a05,O=C(N1C/C=C/CCOc2cccc(c2)-c2ccnc(n2)Nc2cccc(c2)C1)C(F)(F)F,[21*]c1nccc(-c2cccc(OCC/C=C/CN(C[26*])C(=O)C(F)(F)F)c2)n1,[19*]Nc1cccc([28*])c1,18,7,26,6,20,27,19;28,largest_ring_two_bond_fragmentation
FRAG_df22cd0fe9,JAK2_f174044a05,O=C(N1C/C=C/CCOc2cccc(c2)-c2ccnc(n2)Nc2cccc(c2)C1)C(F)(F)F,[21*]c1nccc(-c2cccc(OCC/C=C/CN([28*])C(=O)C(F)(F)F)c2)n1,[2*]Cc1cccc(N[19*])c1,18,8,25,6,20,32,2;19,largest_ring_two_bond_fragmentation
FRAG_745e845bfb,JAK2_f174044a05,O=C(N1C/C=C/CCOc2cccc(c2)-c2ccnc(n2)Nc2cccc(c2)C1)C(F)(F)F,[22*]Nc1nccc(-c2cccc(OCC/C=C/CN(C[26*])C(=O)C(F)(F)F)c2)n1,[21*]c1cccc([28*])c1,18,6,27,6,21,27,21;28,largest_ring_two_bond_fragmentation
FRAG_e35ef15ec7,JAK2_f174044a05,O=C(N1C/C=C/CCOc2cccc(c2)-c2ccnc(n2)Nc2cccc(c2)C1)C(F)(F)F,[22*]Nc1nccc(-c2cccc(OCC/C=C/CN([28*])C(=O)C(F)(F)F)c2)n1,[2*]Cc1cccc([21*])c1,18,7,26,6,21,32,2;21,largest_ring_two_bond_fragmentation
FRAG_102287bd86,JAK2_ae14213e4e,CN1C/C=C/CCOc2cccc(c2)-c2ccnc(n2)Nc2ccc(OCCN3CCCC3)c(c2)C1,[2*]N(C)Cc1cc(Nc2nccc(-c3cccc(OCC[4*])c3)n2)ccc1OCCN1CCCC1,[1*]C/C=C/[5*],18,3,33,0,1,4,1;5,largest_ring_two_bond_fragmentation
FRAG_7275340166,JAK2_ae14213e4e,CN1C/C=C/CCOc2cccc(c2)-c2ccnc(n2)Nc2ccc(OCCN3CCCC3)c(c2)C1,[2*]N(C)Cc1cc(Nc2nccc(-c3cccc(OC[5*])c3)n2)ccc1OCCN1CCCC1,[1*]C/C=C/C[6*],18,4,32,0,1,5,1;6,largest_ring_two_bond_fragmentation
FRAG_e093591dd1,JAK2_ae14213e4e,CN1C/C=C/CCOc2cccc(c2)-c2ccnc(n2)Nc2ccc(OCCN3CCCC3)c(c2)C1,[2*]N(C)Cc1cc(Nc2nccc(-c3cccc(O[6*])c3)n2)ccc1OCCN1CCCC1,[1*]C/C=C/CC[7*],18,5,31,0,1,6,1;7,largest_ring_two_bond_fragmentation
FRAG_64362593f8,JAK2_ae14213e4e,CN1C/C=C/CCOc2cccc(c2)-c2ccnc(n2)Nc2ccc(OCCN3CCCC3)c(c2)C1,[2*]N(C)Cc1cc(Nc2nccc(-c3cccc([7*])c3)n2)ccc1OCCN1CCCC1,[1*]C/C=C/CCO[8*],18,6,30,0,1,7,1;8,largest_ring_two_bond_fragmentation
FRAG_3a3750cea5,JAK2_ae14213e4e,CN1C/C=C/CCOc2cccc(c2)-c2ccnc(n2)Nc2ccc(OCCN3CCCC3)c(c2)C1,[2*]N(C)Cc1cc(Nc2nccc([12*])n2)ccc1OCCN1CCCC1,[1*]C/C=C/CCOc1cccc([14*])c1,18,12,24,6,1,13,1;14,largest_ring_two_bond_fragmentation
FRAG_3afb2bc4ba,JAK2_ae14213e4e,CN1C/C=C/CCOc2cccc(c2)-c2ccnc(n2)Nc2ccc(OCCN3CCCC3)c(c2)C1,[1*]C/C=C/CCOc1cccc(-c2ccnc(Nc3ccc(OCCN4CCCC4)c([35*])c3)n2)c1,[2*]N(C)C[33*],18,3,33,0,1,34,2;33,largest_ring_two_bond_fragmentation
FRAG_4a3993eee4,JAK2_ae14213e4e,CN1C/C=C/CCOc2cccc(c2)-c2ccnc(n2)Nc2ccc(OCCN3CCCC3)c(c2)C1,[3*]CN(C)Cc1cc(Nc2nccc(-c3cccc(OC[5*])c3)n2)ccc1OCCN1CCCC1,[2*]/C=C/C[6*],18,3,33,0,2,5,2;6,largest_ring_two_bond_fragmentation
FRAG_6f2fd8908e,JAK2_ae14213e4e,CN1C/C=C/CCOc2cccc(c2)-c2ccnc(n2)Nc2ccc(OCCN3CCCC3)c(c2)C1,[3*]CN(C)Cc1cc(Nc2nccc(-c3cccc(O[6*])c3)n2)ccc1OCCN1CCCC1,[2*]/C=C/CC[7*],18,4,32,0,2,6,2;7,largest_ring_two_bond_fragmentation
FRAG_e1d2e96d63,JAK2_ae14213e4e,CN1C/C=C/CCOc2cccc(c2)-c2ccnc(n2)Nc2ccc(OCCN3CCCC3)c(c2)C1,[3*]CN(C)Cc1cc(Nc2nccc(-c3cccc([7*])c3)n2)ccc1OCCN1CCCC1,[2*]/C=C/CCO[8*],18,5,31,0,2,7,2;8,largest_ring_two_bond_fragmentation
FRAG_72d3c8ad5f,JAK2_ae14213e4e,CN1C/C=C/CCOc2cccc(c2)-c2ccnc(n2)Nc2ccc(OCCN3CCCC3)c(c2)C1,[3*]CN(C)Cc1cc(Nc2nccc([12*])n2)ccc1OCCN1CCCC1,[2*]/C=C/CCOc1cccc([14*])c1,18,11,25,6,2,13,2;14,largest_ring_two_bond_fragmentation
FRAG_f907c923b9,JAK2_ae14213e4e,CN1C/C=C/CCOc2cccc(c2)-c2ccnc(n2)Nc2ccc(OCCN3CCCC3)c(c2)C1,[2*]/C=C/CCOc1cccc(-c2ccnc(Nc3ccc(OCCN4CCCC4)c([35*])c3)n2)c1,[3*]CN(C)C[33*],18,4,32,0,2,34,3;33,largest_ring_two_bond_fragmentation
FRAG_3be8496755,JAK2_ae14213e4e,CN1C/C=C/CCOc2cccc(c2)-c2ccnc(n2)Nc2ccc(OCCN3CCCC3)c(c2)C1,[1*]Cc1cc(Nc2nccc(-c3cccc(OCC/C=C/[2*])c3)n2)ccc1OCCN1CCCC1,[3*]CN([35*])C,18,3,33,0,2,35,3;35,largest_ring_two_bond_fragmentation
FRAG_7f48120762,JAK2_ae14213e4e,CN1C/C=C/CCOc2cccc(c2)-c2ccnc(n2)Nc2ccc(OCCN3CCCC3)c(c2)C1,[5*]/C=C/CN(C)Cc1cc(Nc2nccc(-c3cccc([7*])c3)n2)ccc1OCCN1CCCC1,[4*]CCO[8*],18,3,33,0,4,7,4;8,largest_ring_two_bond_fragmentation
FRAG_e86cf004d6,JAK2_ae14213e4e,CN1C/C=C/CCOc2cccc(c2)-c2ccnc(n2)Nc2ccc(OCCN3CCCC3)c(c2)C1,[5*]/C=C/CN(C)Cc1cc(Nc2nccc([12*])n2)ccc1OCCN1CCCC1,[4*]CCOc1cccc([14*])c1,18,9,27,6,4,13,4;14,largest_ring_two_bond_fragmentation
FRAG_277780fbfe,JAK2_ae14213e4e,CN1C/C=C/CCOc2cccc(c2)-c2ccnc(n2)Nc2ccc(OCCN3CCCC3)c(c2)C1,[4*]CCOc1cccc(-c2ccnc(Nc3ccc(OCCN4CCCC4)c([35*])c3)n2)c1,[5*]/C=C/CN(C)C[33*],18,6,30,0,4,34,5;33,largest_ring_two_bond_fragmentation
FRAG_3f7ed3bff1,JAK2_ae14213e4e,CN1C/C=C/CCOc2cccc(c2)-c2ccnc(n2)Nc2ccc(OCCN3CCCC3)c(c2)C1,[1*]Cc1cc(Nc2nccc(-c3cccc(OCC[4*])c3)n2)ccc1OCCN1CCCC1,[5*]/C=C/CN([35*])C,18,5,31,0,4,35,5;35,largest_ring_two_bond_fragmentation
FRAG_29fa1a551f,JAK2_ae14213e4e,CN1C/C=C/CCOc2cccc(c2)-c2ccnc(n2)Nc2ccc(OCCN3CCCC3)c(c2)C1,[6*]C/C=C/CN(C)Cc1cc(Nc2nccc([12*])n2)ccc1OCCN1CCCC1,[5*]COc1cccc([14*])c1,18,8,28,6,5,13,5;14,largest_ring_two_bond_fragmentation
FRAG_66f6a54dda,JAK2_ae14213e4e,CN1C/C=C/CCOc2cccc(c2)-c2ccnc(n2)Nc2ccc(OCCN3CCCC3)c(c2)C1,[5*]COc1cccc(-c2ccnc(Nc3ccc(OCCN4CCCC4)c([35*])c3)n2)c1,[6*]C/C=C/CN(C)C[33*],18,7,29,0,5,34,6;33,largest_ring_two_bond_fragmentation
FRAG_197b3b763a,JAK2_ae14213e4e,CN1C/C=C/CCOc2cccc(c2)-c2ccnc(n2)Nc2ccc(OCCN3CCCC3)c(c2)C1,[1*]Cc1cc(Nc2nccc(-c3cccc(OC[5*])c3)n2)ccc1OCCN1CCCC1,[6*]C/C=C/CN([35*])C,18,6,30,0,5,35,6;35,largest_ring_two_bond_fragmentation
FRAG_04b826f9fe,JAK2_ae14213e4e,CN1C/C=C/CCOc2cccc(c2)-c2ccnc(n2)Nc2ccc(OCCN3CCCC3)c(c2)C1,[7*]CC/C=C/CN(C)Cc1cc(Nc2nccc([12*])n2)ccc1OCCN1CCCC1,[6*]Oc1cccc([14*])c1,18,7,29,6,6,13,6;14,largest_ring_two_bond_fragmentation
FRAG_22cc4bd4a8,JAK2_ae14213e4e,CN1C/C=C/CCOc2cccc(c2)-c2ccnc(n2)Nc2ccc(OCCN3CCCC3)c(c2)C1,[6*]Oc1cccc(-c2ccnc(Nc3ccc(OCCN4CCCC4)c([35*])c3)n2)c1,[7*]CC/C=C/CN(C)C[33*],18,8,28,0,6,34,7;33,largest_ring_two_bond_fragmentation
FRAG_409ba660fa,JAK2_ae14213e4e,CN1C/C=C/CCOc2cccc(c2)-c2ccnc(n2)Nc2ccc(OCCN3CCCC3)c(c2)C1,[1*]Cc1cc(Nc2nccc(-c3cccc(O[6*])c3)n2)ccc1OCCN1CCCC1,[7*]CC/C=C/CN([35*])C,18,7,29,0,6,35,7;35,largest_ring_two_bond_fragmentation
FRAG_3cd289edd2,JAK2_ae14213e4e,CN1C/C=C/CCOc2cccc(c2)-c2ccnc(n2)Nc2ccc(OCCN3CCCC3)c(c2)C1,[8*]OCC/C=C/CN(C)Cc1cc(Nc2nccc([12*])n2)ccc1OCCN1CCCC1,[7*]c1cccc([14*])c1,18,6,30,6,7,13,7;14,largest_ring_two_bond_fragmentation
FRAG_50ce11cd25,JAK2_ae14213e4e,CN1C/C=C/CCOc2cccc(c2)-c2ccnc(n2)Nc2ccc(OCCN3CCCC3)c(c2)C1,[8*]OCC/C=C/CN(C)Cc1cc(N[18*])ccc1OCCN1CCCC1,[7*]c1cccc(-c2ccnc([20*])n2)c1,18,12,24,6,7,19,7;20,largest_ring_two_bond_fragmentation
FRAG_4eecfeb912,JAK2_ae14213e4e,CN1C/C=C/CCOc2cccc(c2)-c2ccnc(n2)Nc2ccc(OCCN3CCCC3)c(c2)C1,[7*]c1cccc(-c2ccnc(Nc3ccc(OCCN4CCCC4)c([35*])c3)n2)c1,[8*]OCC/C=C/CN(C)C[33*],18,9,27,0,7,34,8;33,largest_ring_two_bond_fragmentation
FRAG_f674704794,JAK2_ae14213e4e,CN1C/C=C/CCOc2cccc(c2)-c2ccnc(n2)Nc2ccc(OCCN3CCCC3)c(c2)C1,[1*]Cc1cc(Nc2nccc(-c3cccc([7*])c3)n2)ccc1OCCN1CCCC1,[8*]OCC/C=C/CN([35*])C,18,8,28,0,7,35,8;35,largest_ring_two_bond_fragmentation
FRAG_b9de7b926b,JAK2_ae14213e4e,CN1C/C=C/CCOc2cccc(c2)-c2ccnc(n2)Nc2ccc(OCCN3CCCC3)c(c2)C1,[14*]c1cccc(OCC/C=C/CN(C)Cc2cc(N[18*])ccc2OCCN2CCCC2)c1,[12*]c1ccnc([20*])n1,18,6,30,6,13,19,12;20,largest_ring_two_bond_fragmentation
FRAG_e427acb7a8,JAK2_ae14213e4e,CN1C/C=C/CCOc2cccc(c2)-c2ccnc(n2)Nc2ccc(OCCN3CCCC3)c(c2)C1,[14*]c1cccc(OCC/C=C/CN(C)Cc2cc([20*])ccc2OCCN2CCCC2)c1,[12*]c1ccnc(N[21*])n1,18,7,29,6,13,20,12;21,largest_ring_two_bond_fragmentation
FRAG_c6c8272a8f,JAK2_c104abb853,C1=CCOCc2cccc(c2)-c2ccnc(n2)Nc2cc(cc(OCCN3CCOCC3)c2)COC1,[2*]C=CCOCc1cc(Nc2nccc(-c3cccc([4*])c3)n2)cc(OCCN2CCOCC2)c1,[1*]COC[5*],18,3,33,0,1,4,1;5,largest_ring_two_bond_fragmentation
FRAG_5ede0fdbe8,JAK2_c104abb853,C1=CCOCc2cccc(c2)-c2ccnc(n2)Nc2cc(cc(OCCN3CCOCC3)c2)COC1,[2*]C=CCOCc1cc(Nc2nccc([9*])n2)cc(OCCN2CCOCC2)c1,[1*]COCc1cccc([11*])c1,18,9,27,6,1,10,1;11,largest_ring_two_bond_fragmentation
FRAG_c10330a4dc,JAK2_c104abb853,C1=CCOCc2cccc(c2)-c2ccnc(n2)Nc2cc(cc(OCCN3CCOCC3)c2)COC1,[1*]COCc1cccc(-c2ccnc(Nc3cc([33*])cc(OCCN4CCOCC4)c3)n2)c1,[2*]C=CCOC[20*],18,5,31,0,1,32,2;20,largest_ring_two_bond_fragmentation
FRAG_c8f684e3fe,JAK2_c104abb853,C1=CCOCc2cccc(c2)-c2ccnc(n2)Nc2cc(cc(OCCN3CCOCC3)c2)COC1,[1*]COCc1cccc(-c2ccnc(Nc3cc(C[34*])cc(OCCN4CCOCC4)c3)n2)c1,[2*]C=CCO[33*],18,4,32,0,1,33,2;33,largest_ring_two_bond_fragmentation
FRAG_e2ab9b90c3,JAK2_c104abb853,C1=CCOCc2cccc(c2)-c2ccnc(n2)Nc2cc(cc(OCCN3CCOCC3)c2)COC1,[1*]COCc1cccc(-c2ccnc(Nc3cc(CO[35*])cc(OCCN4CCOCC4)c3)n2)c1,[2*]C=CC[34*],18,3,33,0,1,34,2;34,largest_ring_two_bond_fragmentation
FRAG_d39349053a,JAK2_c104abb853,C1=CCOCc2cccc(c2)-c2ccnc(n2)Nc2cc(cc(OCCN3CCOCC3)c2)COC1,[3*]CC=CCOCc1cc(Nc2nccc([9*])n2)cc(OCCN2CCOCC2)c1,[2*]OCc1cccc([11*])c1,18,8,28,6,2,10,2;11,largest_ring_two_bond_fragmentation
FRAG_28865e90e7,JAK2_c104abb853,C1=CCOCc2cccc(c2)-c2ccnc(n2)Nc2cc(cc(OCCN3CCOCC3)c2)COC1,[2*]OCc1cccc(-c2ccnc(Nc3cc([33*])cc(OCCN4CCOCC4)c3)n2)c1,[3*]CC=CCOC[20*],18,6,30,0,2,32,3;20,largest_ring_two_bond_fragmentation
FRAG_f3f47fd503,JAK2_c104abb853,C1=CCOCc2cccc(c2)-c2ccnc(n2)Nc2cc(cc(OCCN3CCOCC3)c2)COC1,[2*]OCc1cccc(-c2ccnc(Nc3cc(C[34*])cc(OCCN4CCOCC4)c3)n2)c1,[3*]CC=CCO[33*],18,5,31,0,2,33,3;33,largest_ring_two_bond_fragmentation
FRAG_2e2074d1df,JAK2_c104abb853,C1=CCOCc2cccc(c2)-c2ccnc(n2)Nc2cc(cc(OCCN3CCOCC3)c2)COC1,[2*]OCc1cccc(-c2ccnc(Nc3cc(CO[35*])cc(OCCN4CCOCC4)c3)n2)c1,[3*]CC=CC[34*],18,4,32,0,2,34,3;34,largest_ring_two_bond_fragmentation
FRAG_2e69a7e671,JAK2_c104abb853,C1=CCOCc2cccc(c2)-c2ccnc(n2)Nc2cc(cc(OCCN3CCOCC3)c2)COC1,*COCc1cc(Nc2nccc(-c3cccc(CO[2*])c3)n2)cc(OCCN2CCOCC2)c1,[3*]CC=C[35*],18,3,33,0,2,35,3;35,largest_ring_two_bond_fragmentation
FRAG_82526b51bc,JAK2_c104abb853,C1=CCOCc2cccc(c2)-c2ccnc(n2)Nc2cc(cc(OCCN3CCOCC3)c2)COC1,[4*]OCC=CCOCc1cc(Nc2nccc([9*])n2)cc(OCCN2CCOCC2)c1,[3*]Cc1cccc([11*])c1,18,7,29,6,3,10,3;11,largest_ring_two_bond_fragmentation
FRAG_12f47ab875,JAK2_c104abb853,C1=CCOCc2cccc(c2)-c2ccnc(n2)Nc2cc(cc(OCCN3CCOCC3)c2)COC1,[3*]Cc1cccc(-c2ccnc(Nc3cc([33*])cc(OCCN4CCOCC4)c3)n2)c1,[4*]OCC=CCOC[20*],18,7,29,0,3,32,4;20,largest_ring_two_bond_fragmentation
FRAG_c5c8a1269a,JAK2_c104abb853,C1=CCOCc2cccc(c2)-c2ccnc(n2)Nc2cc(cc(OCCN3CCOCC3)c2)COC1,[3*]Cc1cccc(-c2ccnc(Nc3cc(C[34*])cc(OCCN4CCOCC4)c3)n2)c1,[4*]OCC=CCO[33*],18,6,30,0,3,33,4;33,largest_ring_two_bond_fragmentation
FRAG_166b00f620,JAK2_c104abb853,C1=CCOCc2cccc(c2)-c2ccnc(n2)Nc2cc(cc(OCCN3CCOCC3)c2)COC1,[3*]Cc1cccc(-c2ccnc(Nc3cc(CO[35*])cc(OCCN4CCOCC4)c3)n2)c1,[4*]OCC=CC[34*],18,5,31,0,3,34,4;34,largest_ring_two_bond_fragmentation
FRAG_e32c137d13,JAK2_c104abb853,C1=CCOCc2cccc(c2)-c2ccnc(n2)Nc2cc(cc(OCCN3CCOCC3)c2)COC1,*COCc1cc(Nc2nccc(-c3cccc(C[3*])c3)n2)cc(OCCN2CCOCC2)c1,[4*]OCC=C[35*],18,4,32,0,3,35,4;35,largest_ring_two_bond_fragmentation
FRAG_0fc096188d,JAK2_c104abb853,C1=CCOCc2cccc(c2)-c2ccnc(n2)Nc2cc(cc(OCCN3CCOCC3)c2)COC1,[5*]COCC=CCOCc1cc(Nc2nccc([9*])n2)cc(OCCN2CCOCC2)c1,[4*]c1cccc([11*])c1,18,6,30,6,4,10,4;11,largest_ring_two_bond_fragmentation
FRAG_6370ff3d04,JAK2_c104abb853,C1=CCOCc2cccc(c2)-c2ccnc(n2)Nc2cc(cc(OCCN3CCOCC3)c2)COC1,[5*]COCC=CCOCc1cc(N[15*])cc(OCCN2CCOCC2)c1,[4*]c1cccc(-c2ccnc([17*])n2)c1,18,12,24,6,4,16,4;17,largest_ring_two_bond_fragmentation
FRAG_27a341756b,JAK2_c104abb853,C1=CCOCc2cccc(c2)-c2ccnc(n2)Nc2cc(cc(OCCN3CCOCC3)c2)COC1,[4*]c1cccc(-c2ccnc(Nc3cc([33*])cc(OCCN4CCOCC4)c3)n2)c1,[5*]COCC=CCOC[20*],18,8,28,0,4,32,5;20,largest_ring_two_bond_fragmentation
FRAG_e77f20bf7b,JAK2_c104abb853,C1=CCOCc2cccc(c2)-c2ccnc(n2)Nc2cc(cc(OCCN3CCOCC3)c2)COC1,[4*]c1cccc(-c2ccnc(Nc3cc(C[34*])cc(OCCN4CCOCC4)c3)n2)c1,[5*]COCC=CCO[33*],18,7,29,0,4,33,5;33,largest_ring_two_bond_fragmentation
FRAG_fb54c875ad,JAK2_c104abb853,C1=CCOCc2cccc(c2)-c2ccnc(n2)Nc2cc(cc(OCCN3CCOCC3)c2)COC1,[4*]c1cccc(-c2ccnc(Nc3cc(CO[35*])cc(OCCN4CCOCC4)c3)n2)c1,[5*]COCC=CC[34*],18,6,30,0,4,34,5;34,largest_ring_two_bond_fragmentation
FRAG_947aa8c27e,JAK2_c104abb853,C1=CCOCc2cccc(c2)-c2ccnc(n2)Nc2cc(cc(OCCN3CCOCC3)c2)COC1,*COCc1cc(Nc2nccc(-c3cccc([4*])c3)n2)cc(OCCN2CCOCC2)c1,[5*]COCC=C[35*],18,5,31,0,4,35,5;35,largest_ring_two_bond_fragmentation
FRAG_90a005420a,JAK2_c104abb853,C1=CCOCc2cccc(c2)-c2ccnc(n2)Nc2cc(cc(OCCN3CCOCC3)c2)COC1,[11*]c1cccc(COCC=CCOCc2cc(N[15*])cc(OCCN3CCOCC3)c2)c1,[9*]c1ccnc([17*])n1,18,6,30,6,10,16,9;17,largest_ring_two_bond_fragmentation
FRAG_15cc7c1597,JAK2_c104abb853,C1=CCOCc2cccc(c2)-c2ccnc(n2)Nc2cc(cc(OCCN3CCOCC3)c2)COC1,[11*]c1cccc(COCC=CCOCc2cc([17*])cc(OCCN3CCOCC3)c2)c1,[9*]c1ccnc(N[18*])n1,18,7,29,6,10,17,9;18,largest_ring_two_bond_fragmentation
FRAG_0becba975a,JAK2_c104abb853,C1=CCOCc2cccc(c2)-c2ccnc(n2)Nc2cc(cc(OCCN3CCOCC3)c2)COC1,[9*]c1ccnc(Nc2cc(CO[35*])cc(OCCN3CCOCC3)c2)n1,[11*]c1cccc(COCC=CC[34*])c1,18,12,24,6,10,34,11;34,largest_ring_two_bond_fragmentation
FRAG_f90e701fd0,JAK2_c104abb853,C1=CCOCc2cccc(c2)-c2ccnc(n2)Nc2cc(cc(OCCN3CCOCC3)c2)COC1,*COCc1cc(Nc2nccc([9*])n2)cc(OCCN2CCOCC2)c1,[11*]c1cccc(COCC=C[35*])c1,18,11,25,6,10,35,11;35,largest_ring_two_bond_fragmentation
FRAG_a2d14b374b,JAK2_c104abb853,C1=CCOCc2cccc(c2)-c2ccnc(n2)Nc2cc(cc(OCCN3CCOCC3)c2)COC1,[33*]c1cc(Nc2nccc(-c3cccc(COCC=C[35*])c3)n2)cc(OCCN2CCOCC2)c1,*COC[20*],18,3,33,0,32,35,0;20,largest_ring_two_bond_fragmentation
FRAG_5604f86d31,JAK2_d93114e5db,CN1C/C=C/CCOc2cccc(c2)-c2ccnc(n2)Nc2ccc(OCCN3CCOCC3)c(c2)C1,[2*]N(C)Cc1cc(Nc2nccc(-c3cccc(OCC[4*])c3)n2)ccc1OCCN1CCOCC1,[1*]C/C=C/[5*],18,3,34,0,1,4,1;5,largest_ring_two_bond_fragmentation
FRAG_192ac41a5d,JAK2_d93114e5db,CN1C/C=C/CCOc2cccc(c2)-c2ccnc(n2)Nc2ccc(OCCN3CCOCC3)c(c2)C1,[2*]N(C)Cc1cc(Nc2nccc(-c3cccc(OC[5*])c3)n2)ccc1OCCN1CCOCC1,[1*]C/C=C/C[6*],18,4,33,0,1,5,1;6,largest_ring_two_bond_fragmentation
FRAG_fa9b3037ee,JAK2_d93114e5db,CN1C/C=C/CCOc2cccc(c2)-c2ccnc(n2)Nc2ccc(OCCN3CCOCC3)c(c2)C1,[2*]N(C)Cc1cc(Nc2nccc(-c3cccc(O[6*])c3)n2)ccc1OCCN1CCOCC1,[1*]C/C=C/CC[7*],18,5,32,0,1,6,1;7,largest_ring_two_bond_fragmentation
FRAG_e15dcce458,JAK2_d93114e5db,CN1C/C=C/CCOc2cccc(c2)-c2ccnc(n2)Nc2ccc(OCCN3CCOCC3)c(c2)C1,[2*]N(C)Cc1cc(Nc2nccc(-c3cccc([7*])c3)n2)ccc1OCCN1CCOCC1,[1*]C/C=C/CCO[8*],18,6,31,0,1,7,1;8,largest_ring_two_bond_fragmentation
FRAG_ca5bce1c09,JAK2_d93114e5db,CN1C/C=C/CCOc2cccc(c2)-c2ccnc(n2)Nc2ccc(OCCN3CCOCC3)c(c2)C1,[2*]N(C)Cc1cc(Nc2nccc([12*])n2)ccc1OCCN1CCOCC1,[1*]C/C=C/CCOc1cccc([14*])c1,18,12,25,6,1,13,1;14,largest_ring_two_bond_fragmentation
FRAG_3805cb006f,JAK2_d93114e5db,CN1C/C=C/CCOc2cccc(c2)-c2ccnc(n2)Nc2ccc(OCCN3CCOCC3)c(c2)C1,[1*]C/C=C/CCOc1cccc(-c2ccnc(Nc3ccc(OCCN4CCOCC4)c([36*])c3)n2)c1,[2*]N(C)C[34*],18,3,34,0,1,35,2;34,largest_ring_two_bond_fragmentation
FRAG_9d3ba5ed5a,JAK2_d93114e5db,CN1C/C=C/CCOc2cccc(c2)-c2ccnc(n2)Nc2ccc(OCCN3CCOCC3)c(c2)C1,[3*]CN(C)Cc1cc(Nc2nccc(-c3cccc(OC[5*])c3)n2)ccc1OCCN1CCOCC1,[2*]/C=C/C[6*],18,3,34,0,2,5,2;6,largest_ring_two_bond_fragmentation
FRAG_ceb7f7ae01,JAK2_d93114e5db,CN1C/C=C/CCOc2cccc(c2)-c2ccnc(n2)Nc2ccc(OCCN3CCOCC3)c(c2)C1,[3*]CN(C)Cc1cc(Nc2nccc(-c3cccc(O[6*])c3)n2)ccc1OCCN1CCOCC1,[2*]/C=C/CC[7*],18,4,33,0,2,6,2;7,largest_ring_two_bond_fragmentation
FRAG_2733e8cb11,JAK2_d93114e5db,CN1C/C=C/CCOc2cccc(c2)-c2ccnc(n2)Nc2ccc(OCCN3CCOCC3)c(c2)C1,[3*]CN(C)Cc1cc(Nc2nccc(-c3cccc([7*])c3)n2)ccc1OCCN1CCOCC1,[2*]/C=C/CCO[8*],18,5,32,0,2,7,2;8,largest_ring_two_bond_fragmentation
FRAG_df2a1eade6,JAK2_d93114e5db,CN1C/C=C/CCOc2cccc(c2)-c2ccnc(n2)Nc2ccc(OCCN3CCOCC3)c(c2)C1,[3*]CN(C)Cc1cc(Nc2nccc([12*])n2)ccc1OCCN1CCOCC1,[2*]/C=C/CCOc1cccc([14*])c1,18,11,26,6,2,13,2;14,largest_ring_two_bond_fragmentation
FRAG_fbfdcf625e,JAK2_d93114e5db,CN1C/C=C/CCOc2cccc(c2)-c2ccnc(n2)Nc2ccc(OCCN3CCOCC3)c(c2)C1,[2*]/C=C/CCOc1cccc(-c2ccnc(Nc3ccc(OCCN4CCOCC4)c([36*])c3)n2)c1,[3*]CN(C)C[34*],18,4,33,0,2,35,3;34,largest_ring_two_bond_fragmentation
FRAG_c8645c43ac,JAK2_d93114e5db,CN1C/C=C/CCOc2cccc(c2)-c2ccnc(n2)Nc2ccc(OCCN3CCOCC3)c(c2)C1,[1*]Cc1cc(Nc2nccc(-c3cccc(OCC/C=C/[2*])c3)n2)ccc1OCCN1CCOCC1,[3*]CN([36*])C,18,3,34,0,2,36,3;36,largest_ring_two_bond_fragmentation
FRAG_abd917a2f3,JAK2_d93114e5db,CN1C/C=C/CCOc2cccc(c2)-c2ccnc(n2)Nc2ccc(OCCN3CCOCC3)c(c2)C1,[5*]/C=C/CN(C)Cc1cc(Nc2nccc(-c3cccc([7*])c3)n2)ccc1OCCN1CCOCC1,[4*]CCO[8*],18,3,34,0,4,7,4;8,largest_ring_two_bond_fragmentation
FRAG_f81a72a77d,JAK2_d93114e5db,CN1C/C=C/CCOc2cccc(c2)-c2ccnc(n2)Nc2ccc(OCCN3CCOCC3)c(c2)C1,[5*]/C=C/CN(C)Cc1cc(Nc2nccc([12*])n2)ccc1OCCN1CCOCC1,[4*]CCOc1cccc([14*])c1,18,9,28,6,4,13,4;14,largest_ring_two_bond_fragmentation
FRAG_9a42036d03,JAK2_d93114e5db,CN1C/C=C/CCOc2cccc(c2)-c2ccnc(n2)Nc2ccc(OCCN3CCOCC3)c(c2)C1,[4*]CCOc1cccc(-c2ccnc(Nc3ccc(OCCN4CCOCC4)c([36*])c3)n2)c1,[5*]/C=C/CN(C)C[34*],18,6,31,0,4,35,5;34,largest_ring_two_bond_fragmentation
FRAG_90debd624d,JAK2_d93114e5db,CN1C/C=C/CCOc2cccc(c2)-c2ccnc(n2)Nc2ccc(OCCN3CCOCC3)c(c2)C1,[1*]Cc1cc(Nc2nccc(-c3cccc(OCC[4*])c3)n2)ccc1OCCN1CCOCC1,[5*]/C=C/CN([36*])C,18,5,32,0,4,36,5;36,largest_ring_two_bond_fragmentation
FRAG_f73c697457,JAK2_d93114e5db,CN1C/C=C/CCOc2cccc(c2)-c2ccnc(n2)Nc2ccc(OCCN3CCOCC3)c(c2)C1,[6*]C/C=C/CN(C)Cc1cc(Nc2nccc([12*])n2)ccc1OCCN1CCOCC1,[5*]COc1cccc([14*])c1,18,8,29,6,5,13,5;14,largest_ring_two_bond_fragmentation
FRAG_64894ac485,JAK2_d93114e5db,CN1C/C=C/CCOc2cccc(c2)-c2ccnc(n2)Nc2ccc(OCCN3CCOCC3)c(c2)C1,[5*]COc1cccc(-c2ccnc(Nc3ccc(OCCN4CCOCC4)c([36*])c3)n2)c1,[6*]C/C=C/CN(C)C[34*],18,7,30,0,5,35,6;34,largest_ring_two_bond_fragmentation
FRAG_cacf0a68fc,JAK2_d93114e5db,CN1C/C=C/CCOc2cccc(c2)-c2ccnc(n2)Nc2ccc(OCCN3CCOCC3)c(c2)C1,[1*]Cc1cc(Nc2nccc(-c3cccc(OC[5*])c3)n2)ccc1OCCN1CCOCC1,[6*]C/C=C/CN([36*])C,18,6,31,0,5,36,6;36,largest_ring_two_bond_fragmentation
FRAG_7a1309a726,JAK2_d93114e5db,CN1C/C=C/CCOc2cccc(c2)-c2ccnc(n2)Nc2ccc(OCCN3CCOCC3)c(c2)C1,[7*]CC/C=C/CN(C)Cc1cc(Nc2nccc([12*])n2)ccc1OCCN1CCOCC1,[6*]Oc1cccc([14*])c1,18,7,30,6,6,13,6;14,largest_ring_two_bond_fragmentation
FRAG_2e2839c783,JAK2_d93114e5db,CN1C/C=C/CCOc2cccc(c2)-c2ccnc(n2)Nc2ccc(OCCN3CCOCC3)c(c2)C1,[6*]Oc1cccc(-c2ccnc(Nc3ccc(OCCN4CCOCC4)c([36*])c3)n2)c1,[7*]CC/C=C/CN(C)C[34*],18,8,29,0,6,35,7;34,largest_ring_two_bond_fragmentation
FRAG_3228dedc47,JAK2_d93114e5db,CN1C/C=C/CCOc2cccc(c2)-c2ccnc(n2)Nc2ccc(OCCN3CCOCC3)c(c2)C1,[1*]Cc1cc(Nc2nccc(-c3cccc(O[6*])c3)n2)ccc1OCCN1CCOCC1,[7*]CC/C=C/CN([36*])C,18,7,30,0,6,36,7;36,largest_ring_two_bond_fragmentation
FRAG_d5534e54e6,JAK2_d93114e5db,CN1C/C=C/CCOc2cccc(c2)-c2ccnc(n2)Nc2ccc(OCCN3CCOCC3)c(c2)C1,[8*]OCC/C=C/CN(C)Cc1cc(Nc2nccc([12*])n2)ccc1OCCN1CCOCC1,[7*]c1cccc([14*])c1,18,6,31,6,7,13,7;14,largest_ring_two_bond_fragmentation
FRAG_4bfb9f3ecd,JAK2_d93114e5db,CN1C/C=C/CCOc2cccc(c2)-c2ccnc(n2)Nc2ccc(OCCN3CCOCC3)c(c2)C1,[8*]OCC/C=C/CN(C)Cc1cc(N[18*])ccc1OCCN1CCOCC1,[7*]c1cccc(-c2ccnc([20*])n2)c1,18,12,25,6,7,19,7;20,largest_ring_two_bond_fragmentation
FRAG_0194869c8e,JAK2_d93114e5db,CN1C/C=C/CCOc2cccc(c2)-c2ccnc(n2)Nc2ccc(OCCN3CCOCC3)c(c2)C1,[7*]c1cccc(-c2ccnc(Nc3ccc(OCCN4CCOCC4)c([36*])c3)n2)c1,[8*]OCC/C=C/CN(C)C[34*],18,9,28,0,7,35,8;34,largest_ring_two_bond_fragmentation
FRAG_4c53bfd580,JAK2_d93114e5db,CN1C/C=C/CCOc2cccc(c2)-c2ccnc(n2)Nc2ccc(OCCN3CCOCC3)c(c2)C1,[1*]Cc1cc(Nc2nccc(-c3cccc([7*])c3)n2)ccc1OCCN1CCOCC1,[8*]OCC/C=C/CN([36*])C,18,8,29,0,7,36,8;36,largest_ring_two_bond_fragmentation
FRAG_8b70f092e4,JAK2_d93114e5db,CN1C/C=C/CCOc2cccc(c2)-c2ccnc(n2)Nc2ccc(OCCN3CCOCC3)c(c2)C1,[14*]c1cccc(OCC/C=C/CN(C)Cc2cc(N[18*])ccc2OCCN2CCOCC2)c1,[12*]c1ccnc([20*])n1,18,6,31,6,13,19,12;20,largest_ring_two_bond_fragmentation
FRAG_372acb458d,JAK2_d93114e5db,CN1C/C=C/CCOc2cccc(c2)-c2ccnc(n2)Nc2ccc(OCCN3CCOCC3)c(c2)C1,[14*]c1cccc(OCC/C=C/CN(C)Cc2cc([20*])ccc2OCCN2CCOCC2)c1,[12*]c1ccnc(N[21*])n1,18,7,30,6,13,20,12;21,largest_ring_two_bond_fragmentation
FRAG_fa6a71009c,JAK2_2a386c8786,COc1ccc2cc1CN(C)C/C=C/CCOc1cccc(c1)-c1ccnc(n1)N2,[8*]c1cc(Nc2nccc(-c3cccc(OCC/C=C/C[9*])c3)n2)ccc1OC,[7*]CN([11*])C,18,3,27,0,7,10,7;11,largest_ring_two_bond_fragmentation
FRAG_d2fe64b278,JAK2_2a386c8786,COc1ccc2cc1CN(C)C/C=C/CCOc1cccc(c1)-c1ccnc(n1)N2,[8*]c1cc(Nc2nccc(-c3cccc(OCC/C=C/[11*])c3)n2)ccc1OC,[7*]CN(C)C[12*],18,4,26,0,7,11,7;12,largest_ring_two_bond_fragmentation
FRAG_5bde526f66,JAK2_2a386c8786,COc1ccc2cc1CN(C)C/C=C/CCOc1cccc(c1)-c1ccnc(n1)N2,[8*]c1cc(Nc2nccc(-c3cccc(OCC[13*])c3)n2)ccc1OC,[7*]CN(C)C/C=C/[14*],18,6,24,0,7,13,7;14,largest_ring_two_bond_fragmentation
FRAG_004de8d559,JAK2_2a386c8786,COc1ccc2cc1CN(C)C/C=C/CCOc1cccc(c1)-c1ccnc(n1)N2,[8*]c1cc(Nc2nccc(-c3cccc(OC[14*])c3)n2)ccc1OC,[7*]CN(C)C/C=C/C[15*],18,7,23,0,7,14,7;15,largest_ring_two_bond_fragmentation
FRAG_3c9565957e,JAK2_2a386c8786,COc1ccc2cc1CN(C)C/C=C/CCOc1cccc(c1)-c1ccnc(n1)N2,[8*]c1cc(Nc2nccc(-c3cccc(O[15*])c3)n2)ccc1OC,[7*]CN(C)C/C=C/CC[16*],18,8,22,0,7,15,7;16,largest_ring_two_bond_fragmentation
FRAG_16774e78b1,JAK2_2a386c8786,COc1ccc2cc1CN(C)C/C=C/CCOc1cccc(c1)-c1ccnc(n1)N2,[8*]c1cc(Nc2nccc(-c3cccc([16*])c3)n2)ccc1OC,[7*]CN(C)C/C=C/CCO[17*],18,9,21,0,7,16,7;17,largest_ring_two_bond_fragmentation
FRAG_f48b178750,JAK2_2a386c8786,COc1ccc2cc1CN(C)C/C=C/CCOc1cccc(c1)-c1ccnc(n1)N2,[7*]CN(C)C/C=C/CCOc1cccc(-c2ccnc([29*])n2)c1,[8*]c1cc(N[27*])ccc1OC,18,9,21,6,7,28,8;27,largest_ring_two_bond_fragmentation
FRAG_49d35b4431,JAK2_2a386c8786,COc1ccc2cc1CN(C)C/C=C/CCOc1cccc(c1)-c1ccnc(n1)N2,[5*]Nc1nccc(-c2cccc(OCC/C=C/CN(C)C[7*])c2)n1,[8*]c1cc([29*])ccc1OC,18,8,22,6,7,32,8;29,largest_ring_two_bond_fragmentation
FRAG_9447c67ee6,JAK2_2a386c8786,COc1ccc2cc1CN(C)C/C=C/CCOc1cccc(c1)-c1ccnc(n1)N2,[9*]Cc1cc(Nc2nccc(-c3cccc(OCC/C=C/[11*])c3)n2)ccc1OC,[8*]N(C)C[12*],18,3,27,0,8,11,8;12,largest_ring_two_bond_fragmentation
FRAG_3181097c0b,JAK2_2a386c8786,COc1ccc2cc1CN(C)C/C=C/CCOc1cccc(c1)-c1ccnc(n1)N2,[9*]Cc1cc(Nc2nccc(-c3cccc(OCC[13*])c3)n2)ccc1OC,[8*]N(C)C/C=C/[14*],18,5,25,0,8,13,8;14,largest_ring_two_bond_fragmentation
FRAG_dfbed341b0,JAK2_2a386c8786,COc1ccc2cc1CN(C)C/C=C/CCOc1cccc(c1)-c1ccnc(n1)N2,[9*]Cc1cc(Nc2nccc(-c3cccc(OC[14*])c3)n2)ccc1OC,[8*]N(C)C/C=C/C[15*],18,6,24,0,8,14,8;15,largest_ring_two_bond_fragmentation
FRAG_0961635c2b,JAK2_2a386c8786,COc1ccc2cc1CN(C)C/C=C/CCOc1cccc(c1)-c1ccnc(n1)N2,[9*]Cc1cc(Nc2nccc(-c3cccc(O[15*])c3)n2)ccc1OC,[8*]N(C)C/C=C/CC[16*],18,7,23,0,8,15,8;16,largest_ring_two_bond_fragmentation
FRAG_721b4d0283,JAK2_2a386c8786,COc1ccc2cc1CN(C)C/C=C/CCOc1cccc(c1)-c1ccnc(n1)N2,[9*]Cc1cc(Nc2nccc(-c3cccc([16*])c3)n2)ccc1OC,[8*]N(C)C/C=C/CCO[17*],18,8,22,0,8,16,8;17,largest_ring_two_bond_fragmentation
FRAG_e9b170df92,JAK2_2a386c8786,COc1ccc2cc1CN(C)C/C=C/CCOc1cccc(c1)-c1ccnc(n1)N2,[8*]N(C)C/C=C/CCOc1cccc(-c2ccnc([29*])n2)c1,[9*]Cc1cc(N[27*])ccc1OC,18,10,20,6,8,28,9;27,largest_ring_two_bond_fragmentation
FRAG_4aa750615d,JAK2_2a386c8786,COc1ccc2cc1CN(C)C/C=C/CCOc1cccc(c1)-c1ccnc(n1)N2,[5*]Nc1nccc(-c2cccc(OCC/C=C/CN([8*])C)c2)n1,[9*]Cc1cc([29*])ccc1OC,18,9,21,6,8,32,9;29,largest_ring_two_bond_fragmentation
FRAG_4c2c63a829,JAK2_2a386c8786,COc1ccc2cc1CN(C)C/C=C/CCOc1cccc(c1)-c1ccnc(n1)N2,[11*]N(C)Cc1cc(Nc2nccc(-c3cccc(OCC[13*])c3)n2)ccc1OC,[9*]C/C=C/[14*],18,3,27,0,10,13,9;14,largest_ring_two_bond_fragmentation
FRAG_ea5562a4fe,JAK2_2a386c8786,COc1ccc2cc1CN(C)C/C=C/CCOc1cccc(c1)-c1ccnc(n1)N2,[11*]N(C)Cc1cc(Nc2nccc(-c3cccc(OC[14*])c3)n2)ccc1OC,[9*]C/C=C/C[15*],18,4,26,0,10,14,9;15,largest_ring_two_bond_fragmentation
FRAG_d04ff5c7b9,JAK2_2a386c8786,COc1ccc2cc1CN(C)C/C=C/CCOc1cccc(c1)-c1ccnc(n1)N2,[11*]N(C)Cc1cc(Nc2nccc(-c3cccc(O[15*])c3)n2)ccc1OC,[9*]C/C=C/CC[16*],18,5,25,0,10,15,9;16,largest_ring_two_bond_fragmentation
FRAG_abbec6b9f5,JAK2_2a386c8786,COc1ccc2cc1CN(C)C/C=C/CCOc1cccc(c1)-c1ccnc(n1)N2,[11*]N(C)Cc1cc(Nc2nccc(-c3cccc([16*])c3)n2)ccc1OC,[9*]C/C=C/CCO[17*],18,6,24,0,10,16,9;17,largest_ring_two_bond_fragmentation
FRAG_cf81cb95aa,JAK2_2a386c8786,COc1ccc2cc1CN(C)C/C=C/CCOc1cccc(c1)-c1ccnc(n1)N2,[11*]N(C)Cc1cc(Nc2nccc([21*])n2)ccc1OC,[9*]C/C=C/CCOc1cccc([23*])c1,18,12,18,6,10,22,9;23,largest_ring_two_bond_fragmentation
FRAG_0c1fc0dfbb,JAK2_2a386c8786,COc1ccc2cc1CN(C)C/C=C/CCOc1cccc(c1)-c1ccnc(n1)N2,[9*]C/C=C/CCOc1cccc(-c2ccnc([29*])n2)c1,[11*]N(C)Cc1cc(N[27*])ccc1OC,18,12,18,6,10,28,11;27,largest_ring_two_bond_fragmentation
FRAG_71916cbe59,JAK2_2a386c8786,COc1ccc2cc1CN(C)C/C=C/CCOc1cccc(c1)-c1ccnc(n1)N2,[5*]Nc1nccc(-c2cccc(OCC/C=C/C[9*])c2)n1,[11*]N(C)Cc1cc([29*])ccc1OC,18,11,19,6,10,32,11;29,largest_ring_two_bond_fragmentation
FRAG_5e0f407172,JAK2_2a386c8786,COc1ccc2cc1CN(C)C/C=C/CCOc1cccc(c1)-c1ccnc(n1)N2,[12*]CN(C)Cc1cc(Nc2nccc(-c3cccc(OC[14*])c3)n2)ccc1OC,[11*]/C=C/C[15*],18,3,27,0,11,14,11;15,largest_ring_two_bond_fragmentation
FRAG_1d1c95c4cc,JAK2_2a386c8786,COc1ccc2cc1CN(C)C/C=C/CCOc1cccc(c1)-c1ccnc(n1)N2,[12*]CN(C)Cc1cc(Nc2nccc(-c3cccc(O[15*])c3)n2)ccc1OC,[11*]/C=C/CC[16*],18,4,26,0,11,15,11;16,largest_ring_two_bond_fragmentation
FRAG_9d3ef11fc4,JAK2_2a386c8786,COc1ccc2cc1CN(C)C/C=C/CCOc1cccc(c1)-c1ccnc(n1)N2,[12*]CN(C)Cc1cc(Nc2nccc(-c3cccc([16*])c3)n2)ccc1OC,[11*]/C=C/CCO[17*],18,5,25,0,11,16,11;17,largest_ring_two_bond_fragmentation
FRAG_713f095baa,JAK2_2a386c8786,COc1ccc2cc1CN(C)C/C=C/CCOc1cccc(c1)-c1ccnc(n1)N2,[12*]CN(C)Cc1cc(Nc2nccc([21*])n2)ccc1OC,[11*]/C=C/CCOc1cccc([23*])c1,18,11,19,6,11,22,11;23,largest_ring_two_bond_fragmentation
FRAG_2af8334679,JAK2_2a386c8786,COc1ccc2cc1CN(C)C/C=C/CCOc1cccc(c1)-c1ccnc(n1)N2,[5*]Nc1nccc(-c2cccc(OCC/C=C/[11*])c2)n1,[12*]CN(C)Cc1cc([29*])ccc1OC,18,12,18,6,11,32,12;29,largest_ring_two_bond_fragmentation
FRAG_50d3c912b9,JAK2_2a386c8786,COc1ccc2cc1CN(C)C/C=C/CCOc1cccc(c1)-c1ccnc(n1)N2,[14*]/C=C/CN(C)Cc1cc(Nc2nccc(-c3cccc([16*])c3)n2)ccc1OC,[13*]CCO[17*],18,3,27,0,13,16,13;17,largest_ring_two_bond_fragmentation
FRAG_b6b97ee21c,JAK2_2a386c8786,COc1ccc2cc1CN(C)C/C=C/CCOc1cccc(c1)-c1ccnc(n1)N2,[14*]/C=C/CN(C)Cc1cc(Nc2nccc([21*])n2)ccc1OC,[13*]CCOc1cccc([23*])c1,18,9,21,6,13,22,13;23,largest_ring_two_bond_fragmentation
FRAG_2095637bda,JAK2_2a386c8786,COc1ccc2cc1CN(C)C/C=C/CCOc1cccc(c1)-c1ccnc(n1)N2,[15*]C/C=C/CN(C)Cc1cc(Nc2nccc([21*])n2)ccc1OC,[14*]COc1cccc([23*])c1,18,8,22,6,14,22,14;23,largest_ring_two_bond_fragmentation
FRAG_7c97108ff2,JAK2_2a386c8786,COc1ccc2cc1CN(C)C/C=C/CCOc1cccc(c1)-c1ccnc(n1)N2,[16*]CC/C=C/CN(C)Cc1cc(Nc2nccc([21*])n2)ccc1OC,[15*]Oc1cccc([23*])c1,18,7,23,6,15,22,15;23,largest_ring_two_bond_fragmentation
FRAG_0cac19ad59,JAK2_2a386c8786,COc1ccc2cc1CN(C)C/C=C/CCOc1cccc(c1)-c1ccnc(n1)N2,[17*]OCC/C=C/CN(C)Cc1cc(Nc2nccc([21*])n2)ccc1OC,[16*]c1cccc([23*])c1,18,6,24,6,16,22,16;23,largest_ring_two_bond_fragmentation
FRAG_c6627cc98b,JAK2_2a386c8786,COc1ccc2cc1CN(C)C/C=C/CCOc1cccc(c1)-c1ccnc(n1)N2,[17*]OCC/C=C/CN(C)Cc1cc(N[27*])ccc1OC,[16*]c1cccc(-c2ccnc([29*])n2)c1,18,12,18,6,16,28,16;29,largest_ring_two_bond_fragmentation
FRAG_1315fb7d32,JAK2_2a386c8786,COc1ccc2cc1CN(C)C/C=C/CCOc1cccc(c1)-c1ccnc(n1)N2,[23*]c1cccc(OCC/C=C/CN(C)Cc2cc(N[27*])ccc2OC)c1,[21*]c1ccnc([29*])n1,18,6,24,6,22,28,21;29,largest_ring_two_bond_fragmentation
FRAG_99115afd53,JAK2_2a386c8786,COc1ccc2cc1CN(C)C/C=C/CCOc1cccc(c1)-c1ccnc(n1)N2,[23*]c1cccc(OCC/C=C/CN(C)Cc2cc([29*])ccc2OC)c1,[5*]Nc1nccc([21*])n1,18,7,23,6,22,32,5;21,largest_ring_two_bond_fragmentation
FRAG_c3d9d42b00,JAK2_e5685f45f3,CCS(=O)(=O)CNc1cc2cc(c1)Nc1nccc(n1)-c1cccc(c1)OCC/C=C/CN(C)C2,[13*]c1cc(CN(C)C/C=C/CCOc2cccc([18*])c2)cc(NCS(=O)(=O)CC)c1,[11*]Nc1nccc([20*])n1,18,7,28,6,12,19,11;20,largest_ring_two_bond_fragmentation
FRAG_04ddc58434,JAK2_e5685f45f3,CCS(=O)(=O)CNc1cc2cc(c1)Nc1nccc(n1)-c1cccc(c1)OCC/C=C/CN(C)C2,[14*]Nc1cc(CN(C)C/C=C/CCOc2cccc([18*])c2)cc(NCS(=O)(=O)CC)c1,[13*]c1nccc([20*])n1,18,6,29,6,13,19,13;20,largest_ring_two_bond_fragmentation
FRAG_446259cd2f,JAK2_e5685f45f3,CCS(=O)(=O)CNc1cc2cc(c1)Nc1nccc(n1)-c1cccc(c1)OCC/C=C/CN(C)C2,[14*]Nc1cc(CN(C)C/C=C/CCO[24*])cc(NCS(=O)(=O)CC)c1,[13*]c1nccc(-c2cccc([26*])c2)n1,18,12,23,6,13,25,13;26,largest_ring_two_bond_fragmentation
FRAG_ecd30afe51,JAK2_e5685f45f3,CCS(=O)(=O)CNc1cc2cc(c1)Nc1nccc(n1)-c1cccc(c1)OCC/C=C/CN(C)C2,[20*]c1ccnc(Nc2cc(CN(C)C/C=C/CCO[24*])cc(NCS(=O)(=O)CC)c2)n1,[18*]c1cccc([26*])c1,18,6,29,6,19,25,18;26,largest_ring_two_bond_fragmentation
FRAG_2dc03dc24d,JAK2_e5685f45f3,CCS(=O)(=O)CNc1cc2cc(c1)Nc1nccc(n1)-c1cccc(c1)OCC/C=C/CN(C)C2,[20*]c1ccnc(Nc2cc(CN(C)C/C=C/CC[26*])cc(NCS(=O)(=O)CC)c2)n1,[18*]c1cccc(O[27*])c1,18,7,28,6,19,26,18;27,largest_ring_two_bond_fragmentation
FRAG_2b05cefa57,JAK2_e5685f45f3,CCS(=O)(=O)CNc1cc2cc(c1)Nc1nccc(n1)-c1cccc(c1)OCC/C=C/CN(C)C2,[20*]c1ccnc(Nc2cc(CN(C)C/C=C/C[27*])cc(NCS(=O)(=O)CC)c2)n1,[18*]c1cccc(OC[28*])c1,18,8,27,6,19,27,18;28,largest_ring_two_bond_fragmentation
FRAG_406723b0e7,JAK2_e5685f45f3,CCS(=O)(=O)CNc1cc2cc(c1)Nc1nccc(n1)-c1cccc(c1)OCC/C=C/CN(C)C2,[20*]c1ccnc(Nc2cc(CN(C)C/C=C/[28*])cc(NCS(=O)(=O)CC)c2)n1,[18*]c1cccc(OCC[29*])c1,18,9,26,6,19,28,18;29,largest_ring_two_bond_fragmentation
FRAG_61ec2c608c,JAK2_e5685f45f3,CCS(=O)(=O)CNc1cc2cc(c1)Nc1nccc(n1)-c1cccc(c1)OCC/C=C/CN(C)C2,[20*]c1ccnc(Nc2cc(CN(C)C[30*])cc(NCS(=O)(=O)CC)c2)n1,[18*]c1cccc(OCC/C=C/[31*])c1,18,11,24,6,19,30,18;31,largest_ring_two_bond_fragmentation
FRAG_d471428927,JAK2_e5685f45f3,CCS(=O)(=O)CNc1cc2cc(c1)Nc1nccc(n1)-c1cccc(c1)OCC/C=C/CN(C)C2,[20*]c1ccnc(Nc2cc(CN([31*])C)cc(NCS(=O)(=O)CC)c2)n1,[18*]c1cccc(OCC/C=C/C[32*])c1,18,12,23,6,19,31,18;32,largest_ring_two_bond_fragmentation
FRAG_424891e075,JAK2_e5685f45f3,CCS(=O)(=O)CNc1cc2cc(c1)Nc1nccc(n1)-c1cccc(c1)OCC/C=C/CN(C)C2,[26*]c1cccc(-c2ccnc(Nc3cc(CN(C)C/C=C/[28*])cc(NCS(=O)(=O)CC)c3)n2)c1,[24*]OCC[29*],18,3,32,0,25,28,24;29,largest_ring_two_bond_fragmentation
FRAG_1d94076754,JAK2_e5685f45f3,CCS(=O)(=O)CNc1cc2cc(c1)Nc1nccc(n1)-c1cccc(c1)OCC/C=C/CN(C)C2,[26*]c1cccc(-c2ccnc(Nc3cc(CN(C)C[30*])cc(NCS(=O)(=O)CC)c3)n2)c1,[24*]OCC/C=C/[31*],18,5,30,0,25,30,24;31,largest_ring_two_bond_fragmentation
FRAG_d15448aeb3,JAK2_e5685f45f3,CCS(=O)(=O)CNc1cc2cc(c1)Nc1nccc(n1)-c1cccc(c1)OCC/C=C/CN(C)C2,[26*]c1cccc(-c2ccnc(Nc3cc(CN([31*])C)cc(NCS(=O)(=O)CC)c3)n2)c1,[24*]OCC/C=C/C[32*],18,6,29,0,25,31,24;32,largest_ring_two_bond_fragmentation
FRAG_46694e68fd,JAK2_e5685f45f3,CCS(=O)(=O)CNc1cc2cc(c1)Nc1nccc(n1)-c1cccc(c1)OCC/C=C/CN(C)C2,[26*]c1cccc(-c2ccnc(Nc3cc(C[32*])cc(NCS(=O)(=O)CC)c3)n2)c1,[24*]OCC/C=C/CN([34*])C,18,8,27,0,25,33,24;34,largest_ring_two_bond_fragmentation
FRAG_97019b59aa,JAK2_e5685f45f3,CCS(=O)(=O)CNc1cc2cc(c1)Nc1nccc(n1)-c1cccc(c1)OCC/C=C/CN(C)C2,[26*]c1cccc(-c2ccnc(Nc3cc([34*])cc(NCS(=O)(=O)CC)c3)n2)c1,[9*]CN(C)C/C=C/CCO[24*],18,9,26,0,25,37,9;24,largest_ring_two_bond_fragmentation
FRAG_7676266f3e,JAK2_e5685f45f3,CCS(=O)(=O)CNc1cc2cc(c1)Nc1nccc(n1)-c1cccc(c1)OCC/C=C/CN(C)C2,[27*]Oc1cccc(-c2ccnc(Nc3cc(CN(C)C[30*])cc(NCS(=O)(=O)CC)c3)n2)c1,[26*]CC/C=C/[31*],18,4,31,0,26,30,26;31,largest_ring_two_bond_fragmentation
FRAG_d1e84e9bcb,JAK2_e5685f45f3,CCS(=O)(=O)CNc1cc2cc(c1)Nc1nccc(n1)-c1cccc(c1)OCC/C=C/CN(C)C2,[27*]Oc1cccc(-c2ccnc(Nc3cc(CN([31*])C)cc(NCS(=O)(=O)CC)c3)n2)c1,[26*]CC/C=C/C[32*],18,5,30,0,26,31,26;32,largest_ring_two_bond_fragmentation
FRAG_1fa4aa9dc6,JAK2_e5685f45f3,CCS(=O)(=O)CNc1cc2cc(c1)Nc1nccc(n1)-c1cccc(c1)OCC/C=C/CN(C)C2,[27*]Oc1cccc(-c2ccnc(Nc3cc(C[32*])cc(NCS(=O)(=O)CC)c3)n2)c1,[26*]CC/C=C/CN([34*])C,18,7,28,0,26,33,26;34,largest_ring_two_bond_fragmentation
FRAG_11411bb169,JAK2_e5685f45f3,CCS(=O)(=O)CNc1cc2cc(c1)Nc1nccc(n1)-c1cccc(c1)OCC/C=C/CN(C)C2,[27*]Oc1cccc(-c2ccnc(Nc3cc([34*])cc(NCS(=O)(=O)CC)c3)n2)c1,[9*]CN(C)C/C=C/CC[26*],18,8,27,0,26,37,9;26,largest_ring_two_bond_fragmentation
FRAG_d3b47d8eff,JAK2_e5685f45f3,CCS(=O)(=O)CNc1cc2cc(c1)Nc1nccc(n1)-c1cccc(c1)OCC/C=C/CN(C)C2,[28*]COc1cccc(-c2ccnc(Nc3cc(CN(C)C[30*])cc(NCS(=O)(=O)CC)c3)n2)c1,[27*]C/C=C/[31*],18,3,32,0,27,30,27;31,largest_ring_two_bond_fragmentation
FRAG_a858e138d4,JAK2_e5685f45f3,CCS(=O)(=O)CNc1cc2cc(c1)Nc1nccc(n1)-c1cccc(c1)OCC/C=C/CN(C)C2,[28*]COc1cccc(-c2ccnc(Nc3cc(CN([31*])C)cc(NCS(=O)(=O)CC)c3)n2)c1,[27*]C/C=C/C[32*],18,4,31,0,27,31,27;32,largest_ring_two_bond_fragmentation
FRAG_a716199425,JAK2_e5685f45f3,CCS(=O)(=O)CNc1cc2cc(c1)Nc1nccc(n1)-c1cccc(c1)OCC/C=C/CN(C)C2,[28*]COc1cccc(-c2ccnc(Nc3cc(C[32*])cc(NCS(=O)(=O)CC)c3)n2)c1,[27*]C/C=C/CN([34*])C,18,6,29,0,27,33,27;34,largest_ring_two_bond_fragmentation
FRAG_493f0594c7,JAK2_e5685f45f3,CCS(=O)(=O)CNc1cc2cc(c1)Nc1nccc(n1)-c1cccc(c1)OCC/C=C/CN(C)C2,[28*]COc1cccc(-c2ccnc(Nc3cc([34*])cc(NCS(=O)(=O)CC)c3)n2)c1,[9*]CN(C)C/C=C/C[27*],18,7,28,0,27,37,9;27,largest_ring_two_bond_fragmentation
FRAG_fe345b1ea2,JAK2_e5685f45f3,CCS(=O)(=O)CNc1cc2cc(c1)Nc1nccc(n1)-c1cccc(c1)OCC/C=C/CN(C)C2,[29*]CCOc1cccc(-c2ccnc(Nc3cc(CN([31*])C)cc(NCS(=O)(=O)CC)c3)n2)c1,[28*]/C=C/C[32*],18,3,32,0,28,31,28;32,largest_ring_two_bond_fragmentation
FRAG_488f6f579e,JAK2_e5685f45f3,CCS(=O)(=O)CNc1cc2cc(c1)Nc1nccc(n1)-c1cccc(c1)OCC/C=C/CN(C)C2,[29*]CCOc1cccc(-c2ccnc(Nc3cc(C[32*])cc(NCS(=O)(=O)CC)c3)n2)c1,[28*]/C=C/CN([34*])C,18,5,30,0,28,33,28;34,largest_ring_two_bond_fragmentation
FRAG_395e0ca0c6,JAK2_e5685f45f3,CCS(=O)(=O)CNc1cc2cc(c1)Nc1nccc(n1)-c1cccc(c1)OCC/C=C/CN(C)C2,[29*]CCOc1cccc(-c2ccnc(Nc3cc([34*])cc(NCS(=O)(=O)CC)c3)n2)c1,[9*]CN(C)C/C=C/[28*],18,6,29,0,28,37,9;28,largest_ring_two_bond_fragmentation
FRAG_c4be5c6f5c,JAK2_e5685f45f3,CCS(=O)(=O)CNc1cc2cc(c1)Nc1nccc(n1)-c1cccc(c1)OCC/C=C/CN(C)C2,[31*]/C=C/CCOc1cccc(-c2ccnc(Nc3cc(C[32*])cc(NCS(=O)(=O)CC)c3)n2)c1,[30*]CN([34*])C,18,3,32,0,30,33,30;34,largest_ring_two_bond_fragmentation
FRAG_62c7750600,JAK2_e5685f45f3,CCS(=O)(=O)CNc1cc2cc(c1)Nc1nccc(n1)-c1cccc(c1)OCC/C=C/CN(C)C2,[31*]/C=C/CCOc1cccc(-c2ccnc(Nc3cc([34*])cc(NCS(=O)(=O)CC)c3)n2)c1,[9*]CN(C)C[30*],18,4,31,0,30,37,9;30,largest_ring_two_bond_fragmentation
FRAG_b796229b9f,JAK2_e5685f45f3,CCS(=O)(=O)CNc1cc2cc(c1)Nc1nccc(n1)-c1cccc(c1)OCC/C=C/CN(C)C2,[32*]C/C=C/CCOc1cccc(-c2ccnc(Nc3cc([34*])cc(NCS(=O)(=O)CC)c3)n2)c1,[9*]CN([31*])C,18,3,32,0,31,37,9;31,largest_ring_two_bond_fragmentation
FRAG_68e73ed983,JAK2_0b57062283,COc1cc(O)c2c(c1)CCC[C@H](O)CC(=O)/C=C\C[C@H](C)OC2=O,[9*]c1cc(OC)cc(O)c1C(=O)O[C@@H](C)C/C=C\C(=O)C[C@H]([11*])O,[7*]CCC[12*],14,3,22,0,8,11,7;12,largest_ring_two_bond_fragmentation
FRAG_5187b63092,JAK2_0b57062283,COc1cc(O)c2c(c1)CCC[C@H](O)CC(=O)/C=C\C[C@H](C)OC2=O,[9*]c1cc(OC)cc(O)c1C(=O)O[C@@H](C)C/C=C\C(=O)C[12*],[7*]CCC[C@@H]([14*])O,14,5,20,0,8,13,7;14,largest_ring_two_bond_fragmentation
FRAG_e3804be1e4,JAK2_0b57062283,COc1cc(O)c2c(c1)CCC[C@H](O)CC(=O)/C=C\C[C@H](C)OC2=O,[9*]c1cc(OC)cc(O)c1C(=O)O[C@@H](C)C/C=C\C([14*])=O,[7*]CCC[C@H](O)C[15*],14,6,19,0,8,14,7;15,largest_ring_two_bond_fragmentation
FRAG_e3d2e39040,JAK2_0b57062283,COc1cc(O)c2c(c1)CCC[C@H](O)CC(=O)/C=C\C[C@H](C)OC2=O,[9*]c1cc(OC)cc(O)c1C(=O)O[C@@H](C)C/C=C\[15*],[7*]CCC[C@H](O)CC([17*])=O,14,8,17,0,8,16,7;17,largest_ring_two_bond_fragmentation
FRAG_ad11e0933f,JAK2_0b57062283,COc1cc(O)c2c(c1)CCC[C@H](O)CC(=O)/C=C\C[C@H](C)OC2=O,[9*]c1cc(OC)cc(O)c1C(=O)O[C@@H](C)C[18*],[7*]CCC[C@H](O)CC(=O)/C=C\[19*],14,10,15,0,8,18,7;19,largest_ring_two_bond_fragmentation
FRAG_8a0eb24337,JAK2_0b57062283,COc1cc(O)c2c(c1)CCC[C@H](O)CC(=O)/C=C\C[C@H](C)OC2=O,[9*]c1cc(OC)cc(O)c1C(=O)O[C@H]([19*])C,[7*]CCC[C@H](O)CC(=O)/C=C\C[20*],14,11,14,0,8,19,7;20,largest_ring_two_bond_fragmentation
FRAG_c541fcacbd,JAK2_0b57062283,COc1cc(O)c2c(c1)CCC[C@H](O)CC(=O)/C=C\C[C@H](C)OC2=O,[7*]CCC[C@H](O)CC(=O)/C=C\C[C@@H]([22*])C,[9*]c1cc(OC)cc(O)c1C(=O)O[20*],14,12,13,6,8,21,9;20,largest_ring_two_bond_fragmentation
FRAG_280d1e5ca7,JAK2_0b57062283,COc1cc(O)c2c(c1)CCC[C@H](O)CC(=O)/C=C\C[C@H](C)OC2=O,[7*]CCC[C@H](O)CC(=O)/C=C\C[C@H](C)O[23*],[9*]c1cc(OC)cc(O)c1C([22*])=O,14,11,14,6,8,22,9;22,largest_ring_two_bond_fragmentation
FRAG_5e795b6fc1,JAK2_0b57062283,COc1cc(O)c2c(c1)CCC[C@H](O)CC(=O)/C=C\C[C@H](C)OC2=O,[6*]C(=O)O[C@@H](C)C/C=C\C(=O)C[C@@H](O)CCC[7*],[9*]c1cc(OC)cc(O)c1[23*],14,9,16,6,8,25,9;23,largest_ring_two_bond_fragmentation
FRAG_6e340d0cf4,JAK2_0b57062283,COc1cc(O)c2c(c1)CCC[C@H](O)CC(=O)/C=C\C[C@H](C)OC2=O,[10*]Cc1cc(OC)cc(O)c1C(=O)O[C@@H](C)C/C=C\C(=O)C[12*],[9*]CC[C@@H]([14*])O,14,4,21,0,9,13,9;14,largest_ring_two_bond_fragmentation
FRAG_aa33f15806,JAK2_0b57062283,COc1cc(O)c2c(c1)CCC[C@H](O)CC(=O)/C=C\C[C@H](C)OC2=O,[10*]Cc1cc(OC)cc(O)c1C(=O)O[C@@H](C)C/C=C\C([14*])=O,[9*]CC[C@H](O)C[15*],14,5,20,0,9,14,9;15,largest_ring_two_bond_fragmentation
FRAG_7937057fe0,JAK2_0b57062283,COc1cc(O)c2c(c1)CCC[C@H](O)CC(=O)/C=C\C[C@H](C)OC2=O,[10*]Cc1cc(OC)cc(O)c1C(=O)O[C@@H](C)C/C=C\[15*],[9*]CC[C@H](O)CC([17*])=O,14,7,18,0,9,16,9;17,largest_ring_two_bond_fragmentation
FRAG_cc3ea1f160,JAK2_0b57062283,COc1cc(O)c2c(c1)CCC[C@H](O)CC(=O)/C=C\C[C@H](C)OC2=O,[10*]Cc1cc(OC)cc(O)c1C(=O)O[C@@H](C)C[18*],[9*]CC[C@H](O)CC(=O)/C=C\[19*],14,9,16,0,9,18,9;19,largest_ring_two_bond_fragmentation
FRAG_e7f6ad45b0,JAK2_0b57062283,COc1cc(O)c2c(c1)CCC[C@H](O)CC(=O)/C=C\C[C@H](C)OC2=O,[10*]Cc1cc(OC)cc(O)c1C(=O)O[C@H]([19*])C,[9*]CC[C@H](O)CC(=O)/C=C\C[20*],14,10,15,0,9,19,9;20,largest_ring_two_bond_fragmentation
FRAG_160634456b,JAK2_0b57062283,COc1cc(O)c2c(c1)CCC[C@H](O)CC(=O)/C=C\C[C@H](C)OC2=O,[10*]Cc1cc(OC)cc(O)c1C(=O)O[20*],[9*]CC[C@H](O)CC(=O)/C=C\C[C@@H]([22*])C,14,12,13,0,9,21,9;22,largest_ring_two_bond_fragmentation
FRAG_5baded9ef1,JAK2_0b57062283,COc1cc(O)c2c(c1)CCC[C@H](O)CC(=O)/C=C\C[C@H](C)OC2=O,[9*]CC[C@H](O)CC(=O)/C=C\C[C@H](C)O[23*],[10*]Cc1cc(OC)cc(O)c1C([22*])=O,14,12,13,6,9,22,10;22,largest_ring_two_bond_fragmentation
FRAG_47b5a46590,JAK2_0b57062283,COc1cc(O)c2c(c1)CCC[C@H](O)CC(=O)/C=C\C[C@H](C)OC2=O,[6*]C(=O)O[C@@H](C)C/C=C\C(=O)C[C@@H](O)CC[9*],[10*]Cc1cc(OC)cc(O)c1[23*],14,10,15,6,9,25,10;23,largest_ring_two_bond_fragmentation
FRAG_0c8018d7e3,JAK2_0b57062283,COc1cc(O)c2c(c1)CCC[C@H](O)CC(=O)/C=C\C[C@H](C)OC2=O,[11*]CCc1cc(OC)cc(O)c1C(=O)O[C@@H](C)C/C=C\C(=O)C[12*],[10*]C[C@@H]([14*])O,14,3,22,0,10,13,10;14,largest_ring_two_bond_fragmentation
FRAG_ca5777b488,JAK2_0b57062283,COc1cc(O)c2c(c1)CCC[C@H](O)CC(=O)/C=C\C[C@H](C)OC2=O,[11*]CCc1cc(OC)cc(O)c1C(=O)O[C@@H](C)C/C=C\C([14*])=O,[10*]C[C@H](O)C[15*],14,4,21,0,10,14,10;15,largest_ring_two_bond_fragmentation
FRAG_306a143f5d,JAK2_0b57062283,COc1cc(O)c2c(c1)CCC[C@H](O)CC(=O)/C=C\C[C@H](C)OC2=O,[11*]CCc1cc(OC)cc(O)c1C(=O)O[C@@H](C)C/C=C\[15*],[10*]C[C@H](O)CC([17*])=O,14,6,19,0,10,16,10;17,largest_ring_two_bond_fragmentation
FRAG_e789ee9a37,JAK2_0b57062283,COc1cc(O)c2c(c1)CCC[C@H](O)CC(=O)/C=C\C[C@H](C)OC2=O,[11*]CCc1cc(OC)cc(O)c1C(=O)O[C@@H](C)C[18*],[10*]C[C@H](O)CC(=O)/C=C\[19*],14,8,17,0,10,18,10;19,largest_ring_two_bond_fragmentation
FRAG_c5734659a6,JAK2_0b57062283,COc1cc(O)c2c(c1)CCC[C@H](O)CC(=O)/C=C\C[C@H](C)OC2=O,[11*]CCc1cc(OC)cc(O)c1C(=O)O[C@H]([19*])C,[10*]C[C@H](O)CC(=O)/C=C\C[20*],14,9,16,0,10,19,10;20,largest_ring_two_bond_fragmentation
FRAG_3c2c0db1ad,JAK2_0b57062283,COc1cc(O)c2c(c1)CCC[C@H](O)CC(=O)/C=C\C[C@H](C)OC2=O,[11*]CCc1cc(OC)cc(O)c1C(=O)O[20*],[10*]C[C@H](O)CC(=O)/C=C\C[C@@H]([22*])C,14,11,14,0,10,21,10;22,largest_ring_two_bond_fragmentation
FRAG_59095aa27d,JAK2_0b57062283,COc1cc(O)c2c(c1)CCC[C@H](O)CC(=O)/C=C\C[C@H](C)OC2=O,[11*]CCc1cc(OC)cc(O)c1C([22*])=O,[10*]C[C@H](O)CC(=O)/C=C\C[C@H](C)O[23*],14,12,13,0,10,22,10;23,largest_ring_two_bond_fragmentation
FRAG_05477a7799,JAK2_0b57062283,COc1cc(O)c2c(c1)CCC[C@H](O)CC(=O)/C=C\C[C@H](C)OC2=O,[6*]C(=O)O[C@@H](C)C/C=C\C(=O)C[C@@H](O)C[10*],[11*]CCc1cc(OC)cc(O)c1[23*],14,11,14,6,10,25,11;23,largest_ring_two_bond_fragmentation
FRAG_b05db82afb,JAK2_0b57062283,COc1cc(O)c2c(c1)CCC[C@H](O)CC(=O)/C=C\C[C@H](C)OC2=O,[12*]CCCc1cc(OC)cc(O)c1C(=O)O[C@@H](C)C/C=C\C([14*])=O,[11*][C@H](O)C[15*],14,3,22,0,11,14,11;15,largest_ring_two_bond_fragmentation
FRAG_eeb1ef31cc,JAK2_0b57062283,COc1cc(O)c2c(c1)CCC[C@H](O)CC(=O)/C=C\C[C@H](C)OC2=O,[12*]CCCc1cc(OC)cc(O)c1C(=O)O[C@@H](C)C/C=C\[15*],[11*][C@H](O)CC([17*])=O,14,5,20,0,11,16,11;17,largest_ring_two_bond_fragmentation
FRAG_9fd3a3c54c,JAK2_0b57062283,COc1cc(O)c2c(c1)CCC[C@H](O)CC(=O)/C=C\C[C@H](C)OC2=O,[12*]CCCc1cc(OC)cc(O)c1C(=O)O[C@@H](C)C[18*],[11*][C@H](O)CC(=O)/C=C\[19*],14,7,18,0,11,18,11;19,largest_ring_two_bond_fragmentation
FRAG_02879e1f9e,JAK2_0b57062283,COc1cc(O)c2c(c1)CCC[C@H](O)CC(=O)/C=C\C[C@H](C)OC2=O,[12*]CCCc1cc(OC)cc(O)c1C(=O)O[C@H]([19*])C,[11*][C@H](O)CC(=O)/C=C\C[20*],14,8,17,0,11,19,11;20,largest_ring_two_bond_fragmentation
FRAG_bc648a2a28,JAK2_0b57062283,COc1cc(O)c2c(c1)CCC[C@H](O)CC(=O)/C=C\C[C@H](C)OC2=O,[12*]CCCc1cc(OC)cc(O)c1C(=O)O[20*],[11*][C@H](O)CC(=O)/C=C\C[C@@H]([22*])C,14,10,15,0,11,21,11;22,largest_ring_two_bond_fragmentation
FRAG_74fe7171a1,JAK2_0b57062283,COc1cc(O)c2c(c1)CCC[C@H](O)CC(=O)/C=C\C[C@H](C)OC2=O,[12*]CCCc1cc(OC)cc(O)c1C([22*])=O,[11*][C@H](O)CC(=O)/C=C\C[C@H](C)O[23*],14,11,14,0,11,22,11;23,largest_ring_two_bond_fragmentation
FRAG_f6233172c8,JAK2_0b57062283,COc1cc(O)c2c(c1)CCC[C@H](O)CC(=O)/C=C\C[C@H](C)OC2=O,[6*]C(=O)O[C@@H](C)C/C=C\C(=O)C[C@H]([11*])O,[12*]CCCc1cc(OC)cc(O)c1[23*],14,12,13,6,11,25,12;23,largest_ring_two_bond_fragmentation
FRAG_6ed84ac0d0,JAK2_0b57062283,COc1cc(O)c2c(c1)CCC[C@H](O)CC(=O)/C=C\C[C@H](C)OC2=O,[14*][C@@H](O)CCCc1cc(OC)cc(O)c1C(=O)O[C@@H](C)C/C=C\[15*],[12*]CC([17*])=O,14,3,22,0,13,16,12;17,largest_ring_two_bond_fragmentation
FRAG_7e7b3b554b,JAK2_0b57062283,COc1cc(O)c2c(c1)CCC[C@H](O)CC(=O)/C=C\C[C@H](C)OC2=O,[14*][C@@H](O)CCCc1cc(OC)cc(O)c1C(=O)O[C@@H](C)C[18*],[12*]CC(=O)/C=C\[19*],14,5,20,0,13,18,12;19,largest_ring_two_bond_fragmentation
FRAG_8562914c1d,JAK2_0b57062283,COc1cc(O)c2c(c1)CCC[C@H](O)CC(=O)/C=C\C[C@H](C)OC2=O,[14*][C@@H](O)CCCc1cc(OC)cc(O)c1C(=O)O[C@H]([19*])C,[12*]CC(=O)/C=C\C[20*],14,6,19,0,13,19,12;20,largest_ring_two_bond_fragmentation
FRAG_f9cdf69173,JAK2_0b57062283,COc1cc(O)c2c(c1)CCC[C@H](O)CC(=O)/C=C\C[C@H](C)OC2=O,[14*][C@@H](O)CCCc1cc(OC)cc(O)c1C(=O)O[20*],[12*]CC(=O)/C=C\C[C@@H]([22*])C,14,8,17,0,13,21,12;22,largest_ring_two_bond_fragmentation
FRAG_859c67d2c7,JAK2_0b57062283,COc1cc(O)c2c(c1)CCC[C@H](O)CC(=O)/C=C\C[C@H](C)OC2=O,[14*][C@@H](O)CCCc1cc(OC)cc(O)c1C([22*])=O,[12*]CC(=O)/C=C\C[C@H](C)O[23*],14,9,16,0,13,22,12;23,largest_ring_two_bond_fragmentation
FRAG_cb2998274c,JAK2_0b57062283,COc1cc(O)c2c(c1)CCC[C@H](O)CC(=O)/C=C\C[C@H](C)OC2=O,[14*][C@@H](O)CCCc1cc(OC)cc(O)c1[23*],[6*]C(=O)O[C@@H](C)C/C=C\C(=O)C[12*],14,11,14,0,13,25,6;12,largest_ring_two_bond_fragmentation
FRAG_34dc97596f,JAK2_0b57062283,COc1cc(O)c2c(c1)CCC[C@H](O)CC(=O)/C=C\C[C@H](C)OC2=O,[15*]C[C@@H](O)CCCc1cc(OC)cc(O)c1C(=O)O[C@@H](C)C[18*],[14*]C(=O)/C=C\[19*],14,4,21,0,14,18,14;19,largest_ring_two_bond_fragmentation
FRAG_28f832682e,JAK2_0b57062283,COc1cc(O)c2c(c1)CCC[C@H](O)CC(=O)/C=C\C[C@H](C)OC2=O,[15*]C[C@@H](O)CCCc1cc(OC)cc(O)c1C(=O)O[C@H]([19*])C,[14*]C(=O)/C=C\C[20*],14,5,20,0,14,19,14;20,largest_ring_two_bond_fragmentation
FRAG_f27a5629df,JAK2_aea62984ba,C1=C/CNc2cccc(c2)Nc2nccc(n2)-c2cccc(c2)OCC/1,[2*]/C=C/CCOc1cccc(-c2ccnc(N[8*])n2)c1,[1*]CNc1cccc([10*])c1,17,8,18,6,1,9,1;10,largest_ring_two_bond_fragmentation
FRAG_5e0d21cca0,JAK2_aea62984ba,C1=C/CNc2cccc(c2)Nc2nccc(n2)-c2cccc(c2)OCC/1,[2*]/C=C/CCOc1cccc(-c2ccnc([10*])n2)c1,[1*]CNc1cccc(N[11*])c1,17,9,17,6,1,10,1;11,largest_ring_two_bond_fragmentation
FRAG_d5c30031f9,JAK2_aea62984ba,C1=C/CNc2cccc(c2)Nc2nccc(n2)-c2cccc(c2)OCC/1,[1*]CNc1cccc(Nc2nccc([17*])n2)c1,[2*]/C=C/CCOc1cccc([15*])c1,17,11,15,6,1,16,2;15,largest_ring_two_bond_fragmentation
FRAG_afd697b5b8,JAK2_aea62984ba,C1=C/CNc2cccc(c2)Nc2nccc(n2)-c2cccc(c2)OCC/1,[1*]CNc1cccc(Nc2nccc(-c3cccc([23*])c3)n2)c1,[2*]/C=C/CCO[21*],17,5,21,0,1,22,2;21,largest_ring_two_bond_fragmentation
FRAG_e663525abc,JAK2_aea62984ba,C1=C/CNc2cccc(c2)Nc2nccc(n2)-c2cccc(c2)OCC/1,[1*]CNc1cccc(Nc2nccc(-c3cccc(O[24*])c3)n2)c1,[2*]/C=C/CC[23*],17,4,22,0,1,23,2;23,largest_ring_two_bond_fragmentation
FRAG_07c8c2f20e,JAK2_aea62984ba,C1=C/CNc2cccc(c2)Nc2nccc(n2)-c2cccc(c2)OCC/1,[1*]CNc1cccc(Nc2nccc(-c3cccc(OC[25*])c3)n2)c1,[2*]/C=C/C[24*],17,3,23,0,1,24,2;24,largest_ring_two_bond_fragmentation
FRAG_a2ca06ae0a,JAK2_aea62984ba,C1=C/CNc2cccc(c2)Nc2nccc(n2)-c2cccc(c2)OCC/1,[3*]C/C=C/CCOc1cccc(-c2ccnc(N[8*])n2)c1,[2*]Nc1cccc([10*])c1,17,7,19,6,2,9,2;10,largest_ring_two_bond_fragmentation
FRAG_e8396da644,JAK2_aea62984ba,C1=C/CNc2cccc(c2)Nc2nccc(n2)-c2cccc(c2)OCC/1,[3*]C/C=C/CCOc1cccc(-c2ccnc([10*])n2)c1,[2*]Nc1cccc(N[11*])c1,17,8,18,6,2,10,2;11,largest_ring_two_bond_fragmentation
FRAG_a2b3958751,JAK2_aea62984ba,C1=C/CNc2cccc(c2)Nc2nccc(n2)-c2cccc(c2)OCC/1,[2*]Nc1cccc(Nc2nccc([17*])n2)c1,[3*]C/C=C/CCOc1cccc([15*])c1,17,12,14,6,2,16,3;15,largest_ring_two_bond_fragmentation
FRAG_2bdad13ad5,JAK2_aea62984ba,C1=C/CNc2cccc(c2)Nc2nccc(n2)-c2cccc(c2)OCC/1,[2*]Nc1cccc(Nc2nccc(-c3cccc([23*])c3)n2)c1,[3*]C/C=C/CCO[21*],17,6,20,0,2,22,3;21,largest_ring_two_bond_fragmentation
FRAG_79903598ed,JAK2_aea62984ba,C1=C/CNc2cccc(c2)Nc2nccc(n2)-c2cccc(c2)OCC/1,[2*]Nc1cccc(Nc2nccc(-c3cccc(O[24*])c3)n2)c1,[3*]C/C=C/CC[23*],17,5,21,0,2,23,3;23,largest_ring_two_bond_fragmentation
FRAG_a16b6d68b4,JAK2_aea62984ba,C1=C/CNc2cccc(c2)Nc2nccc(n2)-c2cccc(c2)OCC/1,[2*]Nc1cccc(Nc2nccc(-c3cccc(OC[25*])c3)n2)c1,[3*]C/C=C/C[24*],17,4,22,0,2,24,3;24,largest_ring_two_bond_fragmentation
FRAG_35eda3f202,JAK2_aea62984ba,C1=C/CNc2cccc(c2)Nc2nccc(n2)-c2cccc(c2)OCC/1,*CCOc1cccc(-c2ccnc(Nc3cccc(N[2*])c3)n2)c1,[3*]C/C=C/[25*],17,3,23,0,2,25,3;25,largest_ring_two_bond_fragmentation
FRAG_4e185d1502,JAK2_aea62984ba,C1=C/CNc2cccc(c2)Nc2nccc(n2)-c2cccc(c2)OCC/1,[4*]NC/C=C/CCOc1cccc(-c2ccnc(N[8*])n2)c1,[3*]c1cccc([10*])c1,17,6,20,6,3,9,3;10,largest_ring_two_bond_fragmentation
FRAG_d5216ff2b6,JAK2_aea62984ba,C1=C/CNc2cccc(c2)Nc2nccc(n2)-c2cccc(c2)OCC/1,[4*]NC/C=C/CCOc1cccc(-c2ccnc([10*])n2)c1,[3*]c1cccc(N[11*])c1,17,7,19,6,3,10,3;11,largest_ring_two_bond_fragmentation
FRAG_734e0e71ce,JAK2_aea62984ba,C1=C/CNc2cccc(c2)Nc2nccc(n2)-c2cccc(c2)OCC/1,[3*]c1cccc(Nc2nccc(-c3cccc([23*])c3)n2)c1,[4*]NC/C=C/CCO[21*],17,7,19,0,3,22,4;21,largest_ring_two_bond_fragmentation
FRAG_b6408b63db,JAK2_aea62984ba,C1=C/CNc2cccc(c2)Nc2nccc(n2)-c2cccc(c2)OCC/1,[3*]c1cccc(Nc2nccc(-c3cccc(O[24*])c3)n2)c1,[4*]NC/C=C/CC[23*],17,6,20,0,3,23,4;23,largest_ring_two_bond_fragmentation
FRAG_37950666c3,JAK2_aea62984ba,C1=C/CNc2cccc(c2)Nc2nccc(n2)-c2cccc(c2)OCC/1,[3*]c1cccc(Nc2nccc(-c3cccc(OC[25*])c3)n2)c1,[4*]NC/C=C/C[24*],17,5,21,0,3,24,4;24,largest_ring_two_bond_fragmentation
FRAG_305962acd9,JAK2_aea62984ba,C1=C/CNc2cccc(c2)Nc2nccc(n2)-c2cccc(c2)OCC/1,*CCOc1cccc(-c2ccnc(Nc3cccc([3*])c3)n2)c1,[4*]NC/C=C/[25*],17,4,22,0,3,25,4;25,largest_ring_two_bond_fragmentation
FRAG_255424400c,JAK2_aea62984ba,C1=C/CNc2cccc(c2)Nc2nccc(n2)-c2cccc(c2)OCC/1,[10*]c1cccc(NC/C=C/CCOc2cccc([15*])c2)c1,[8*]Nc1nccc([17*])n1,17,7,19,6,9,16,8;17,largest_ring_two_bond_fragmentation
FRAG_acd7759143,JAK2_aea62984ba,C1=C/CNc2cccc(c2)Nc2nccc(n2)-c2cccc(c2)OCC/1,[8*]Nc1nccc(-c2cccc(O[24*])c2)n1,[10*]c1cccc(NC/C=C/CC[23*])c1,17,12,14,6,9,23,10;23,largest_ring_two_bond_fragmentation
FRAG_a068f59ddd,JAK2_aea62984ba,C1=C/CNc2cccc(c2)Nc2nccc(n2)-c2cccc(c2)OCC/1,[8*]Nc1nccc(-c2cccc(OC[25*])c2)n1,[10*]c1cccc(NC/C=C/C[24*])c1,17,11,15,6,9,24,10;24,largest_ring_two_bond_fragmentation
FRAG_066003b715,JAK2_aea62984ba,C1=C/CNc2cccc(c2)Nc2nccc(n2)-c2cccc(c2)OCC/1,*CCOc1cccc(-c2ccnc(N[8*])n2)c1,[10*]c1cccc(NC/C=C/[25*])c1,17,10,16,6,9,25,10;25,largest_ring_two_bond_fragmentation
FRAG_13a75aa383,JAK2_aea62984ba,C1=C/CNc2cccc(c2)Nc2nccc(n2)-c2cccc(c2)OCC/1,[11*]Nc1cccc(NC/C=C/CCOc2cccc([15*])c2)c1,[10*]c1nccc([17*])n1,17,6,20,6,10,16,10;17,largest_ring_two_bond_fragmentation
FRAG_ea56d517da,JAK2_aea62984ba,C1=C/CNc2cccc(c2)Nc2nccc(n2)-c2cccc(c2)OCC/1,[11*]Nc1cccc(NC/C=C/CCO[21*])c1,[10*]c1nccc(-c2cccc([23*])c2)n1,17,12,14,6,10,22,10;23,largest_ring_two_bond_fragmentation
FRAG_a735ec0aa3,JAK2_aea62984ba,C1=C/CNc2cccc(c2)Nc2nccc(n2)-c2cccc(c2)OCC/1,[10*]c1nccc(-c2cccc(OC[25*])c2)n1,[11*]Nc1cccc(NC/C=C/C[24*])c1,17,12,14,6,10,24,11;24,largest_ring_two_bond_fragmentation
FRAG_5bc5bd9f63,JAK2_aea62984ba,C1=C/CNc2cccc(c2)Nc2nccc(n2)-c2cccc(c2)OCC/1,*CCOc1cccc(-c2ccnc([10*])n2)c1,[11*]Nc1cccc(NC/C=C/[25*])c1,17,11,15,6,10,25,11;25,largest_ring_two_bond_fragmentation
FRAG_7bae1146fd,JAK2_aea62984ba,C1=C/CNc2cccc(c2)Nc2nccc(n2)-c2cccc(c2)OCC/1,[17*]c1ccnc(Nc2cccc(NC/C=C/CCO[21*])c2)n1,[15*]c1cccc([23*])c1,17,6,20,6,16,22,15;23,largest_ring_two_bond_fragmentation
FRAG_7e80a34a68,JAK2_aea62984ba,C1=C/CNc2cccc(c2)Nc2nccc(n2)-c2cccc(c2)OCC/1,[17*]c1ccnc(Nc2cccc(NC/C=C/CC[23*])c2)n1,[15*]c1cccc(O[24*])c1,17,7,19,6,16,23,15;24,largest_ring_two_bond_fragmentation
FRAG_7ee6d2f8cd,JAK2_aea62984ba,C1=C/CNc2cccc(c2)Nc2nccc(n2)-c2cccc(c2)OCC/1,[17*]c1ccnc(Nc2cccc(NC/C=C/C[24*])c2)n1,[15*]c1cccc(OC[25*])c1,17,8,18,6,16,24,15;25,largest_ring_two_bond_fragmentation
FRAG_d1bece8cad,JAK2_aea62984ba,C1=C/CNc2cccc(c2)Nc2nccc(n2)-c2cccc(c2)OCC/1,[17*]c1ccnc(Nc2cccc(NC/C=C/[25*])c2)n1,*CCOc1cccc([15*])c1,17,9,17,6,16,25,0;15,largest_ring_two_bond_fragmentation
FRAG_672e59c23a,JAK2_aea62984ba,C1=C/CNc2cccc(c2)Nc2nccc(n2)-c2cccc(c2)OCC/1,[23*]c1cccc(-c2ccnc(Nc3cccc(NC/C=C/[25*])c3)n2)c1,*CCO[21*],17,3,23,0,22,25,0;21,largest_ring_two_bond_fragmentation
FRAG_b3e1882aeb,JAK2_5e05d7987e,Cc1cnc2nc1-c1cccc(c1)COCC=CCOCc1cc(ccc1OCCN1CCCC1)N2,[7*]c1nc(Nc2ccc(OCCN3CCCC3)c(COCC=CCOC[11*])c2)ncc1C,[6*]c1cccc([13*])c1,18,6,30,6,6,12,6;13,largest_ring_two_bond_fragmentation
FRAG_12388abd83,JAK2_5e05d7987e,Cc1cnc2nc1-c1cccc(c1)COCC=CCOCc1cc(ccc1OCCN1CCCC1)N2,[7*]c1nc(Nc2ccc(OCCN3CCCC3)c(COCC=CCO[13*])c2)ncc1C,[6*]c1cccc(C[14*])c1,18,7,29,6,6,13,6;14,largest_ring_two_bond_fragmentation
FRAG_acbe85ad51,JAK2_5e05d7987e,Cc1cnc2nc1-c1cccc(c1)COCC=CCOCc1cc(ccc1OCCN1CCCC1)N2,[7*]c1nc(Nc2ccc(OCCN3CCCC3)c(COCC=CC[14*])c2)ncc1C,[6*]c1cccc(CO[15*])c1,18,8,28,6,6,14,6;15,largest_ring_two_bond_fragmentation
FRAG_50b90a052e,JAK2_5e05d7987e,Cc1cnc2nc1-c1cccc(c1)COCC=CCOCc1cc(ccc1OCCN1CCCC1)N2,[7*]c1nc(Nc2ccc(OCCN3CCCC3)c(COCC=C[15*])c2)ncc1C,[6*]c1cccc(COC[16*])c1,18,9,27,6,6,15,6;16,largest_ring_two_bond_fragmentation
FRAG_f6561c6e6b,JAK2_5e05d7987e,Cc1cnc2nc1-c1cccc(c1)COCC=CCOCc1cc(ccc1OCCN1CCCC1)N2,[7*]c1nc(Nc2ccc(OCCN3CCCC3)c(COC[17*])c2)ncc1C,[6*]c1cccc(COCC=C[18*])c1,18,11,25,6,6,17,6;18,largest_ring_two_bond_fragmentation
FRAG_0d387d81a7,JAK2_5e05d7987e,Cc1cnc2nc1-c1cccc(c1)COCC=CCOCc1cc(ccc1OCCN1CCCC1)N2,[7*]c1nc(Nc2ccc(OCCN3CCCC3)c(CO[18*])c2)ncc1C,[6*]c1cccc(COCC=CC[19*])c1,18,12,24,6,6,18,6;19,largest_ring_two_bond_fragmentation
FRAG_ec7f63d089,JAK2_5e05d7987e,Cc1cnc2nc1-c1cccc(c1)COCC=CCOCc1cc(ccc1OCCN1CCCC1)N2,[6*]c1cccc(COCC=CCOCc2cc([35*])ccc2OCCN2CCCC2)c1,[7*]c1nc(N[23*])ncc1C,18,8,28,6,6,34,7;23,largest_ring_two_bond_fragmentation
FRAG_9366311f53,JAK2_5e05d7987e,Cc1cnc2nc1-c1cccc(c1)COCC=CCOCc1cc(ccc1OCCN1CCCC1)N2,[4*]Nc1ccc(OCCN2CCCC2)c(COCC=CCOCc2cccc([6*])c2)c1,[7*]c1nc([35*])ncc1C,18,7,29,6,6,39,7;35,largest_ring_two_bond_fragmentation
FRAG_ed1ce6af13,JAK2_5e05d7987e,Cc1cnc2nc1-c1cccc(c1)COCC=CCOCc1cc(ccc1OCCN1CCCC1)N2,[13*]c1cccc(-c2nc(Nc3ccc(OCCN4CCCC4)c(COCC=C[15*])c3)ncc2C)c1,[11*]COC[16*],18,3,33,0,12,15,11;16,largest_ring_two_bond_fragmentation
FRAG_617affde0a,JAK2_5e05d7987e,Cc1cnc2nc1-c1cccc(c1)COCC=CCOCc1cc(ccc1OCCN1CCCC1)N2,[13*]c1cccc(-c2nc(Nc3ccc(OCCN4CCCC4)c(COC[17*])c3)ncc2C)c1,[11*]COCC=C[18*],18,5,31,0,12,17,11;18,largest_ring_two_bond_fragmentation
FRAG_8aa8830896,JAK2_5e05d7987e,Cc1cnc2nc1-c1cccc(c1)COCC=CCOCc1cc(ccc1OCCN1CCCC1)N2,[13*]c1cccc(-c2nc(Nc3ccc(OCCN4CCCC4)c(CO[18*])c3)ncc2C)c1,[11*]COCC=CC[19*],18,6,30,0,12,18,11;19,largest_ring_two_bond_fragmentation
FRAG_e67b93f1bf,JAK2_5e05d7987e,Cc1cnc2nc1-c1cccc(c1)COCC=CCOCc1cc(ccc1OCCN1CCCC1)N2,[13*]c1cccc(-c2nc(Nc3ccc(OCCN4CCCC4)c(C[19*])c3)ncc2C)c1,[11*]COCC=CCO[20*],18,7,29,0,12,19,11;20,largest_ring_two_bond_fragmentation
FRAG_d966117f07,JAK2_5e05d7987e,Cc1cnc2nc1-c1cccc(c1)COCC=CCOCc1cc(ccc1OCCN1CCCC1)N2,[13*]c1cccc(-c2nc(Nc3ccc(OCCN4CCCC4)c([20*])c3)ncc2C)c1,[11*]COCC=CCOC[21*],18,8,28,0,12,20,11;21,largest_ring_two_bond_fragmentation
FRAG_4b7855417c,JAK2_5e05d7987e,Cc1cnc2nc1-c1cccc(c1)COCC=CCOCc1cc(ccc1OCCN1CCCC1)N2,[14*]Cc1cccc(-c2nc(Nc3ccc(OCCN4CCCC4)c(COC[17*])c3)ncc2C)c1,[13*]OCC=C[18*],18,4,32,0,13,17,13;18,largest_ring_two_bond_fragmentation
FRAG_f2a43c7d9d,JAK2_5e05d7987e,Cc1cnc2nc1-c1cccc(c1)COCC=CCOCc1cc(ccc1OCCN1CCCC1)N2,[14*]Cc1cccc(-c2nc(Nc3ccc(OCCN4CCCC4)c(CO[18*])c3)ncc2C)c1,[13*]OCC=CC[19*],18,5,31,0,13,18,13;19,largest_ring_two_bond_fragmentation
FRAG_20a220e9fa,JAK2_5e05d7987e,Cc1cnc2nc1-c1cccc(c1)COCC=CCOCc1cc(ccc1OCCN1CCCC1)N2,[14*]Cc1cccc(-c2nc(Nc3ccc(OCCN4CCCC4)c(C[19*])c3)ncc2C)c1,[13*]OCC=CCO[20*],18,6,30,0,13,19,13;20,largest_ring_two_bond_fragmentation
FRAG_5b1492f8ff,JAK2_5e05d7987e,Cc1cnc2nc1-c1cccc(c1)COCC=CCOCc1cc(ccc1OCCN1CCCC1)N2,[14*]Cc1cccc(-c2nc(Nc3ccc(OCCN4CCCC4)c([20*])c3)ncc2C)c1,[13*]OCC=CCOC[21*],18,7,29,0,13,20,13;21,largest_ring_two_bond_fragmentation
FRAG_d7bd1077fd,JAK2_5e05d7987e,Cc1cnc2nc1-c1cccc(c1)COCC=CCOCc1cc(ccc1OCCN1CCCC1)N2,[15*]OCc1cccc(-c2nc(Nc3ccc(OCCN4CCCC4)c(COC[17*])c3)ncc2C)c1,[14*]CC=C[18*],18,3,33,0,14,17,14;18,largest_ring_two_bond_fragmentation
FRAG_70f328f5b2,JAK2_5e05d7987e,Cc1cnc2nc1-c1cccc(c1)COCC=CCOCc1cc(ccc1OCCN1CCCC1)N2,[15*]OCc1cccc(-c2nc(Nc3ccc(OCCN4CCCC4)c(CO[18*])c3)ncc2C)c1,[14*]CC=CC[19*],18,4,32,0,14,18,14;19,largest_ring_two_bond_fragmentation
FRAG_9317cc8840,JAK2_5e05d7987e,Cc1cnc2nc1-c1cccc(c1)COCC=CCOCc1cc(ccc1OCCN1CCCC1)N2,[15*]OCc1cccc(-c2nc(Nc3ccc(OCCN4CCCC4)c(C[19*])c3)ncc2C)c1,[14*]CC=CCO[20*],18,5,31,0,14,19,14;20,largest_ring_two_bond_fragmentation
FRAG_718579149f,JAK2_5e05d7987e,Cc1cnc2nc1-c1cccc(c1)COCC=CCOCc1cc(ccc1OCCN1CCCC1)N2,[15*]OCc1cccc(-c2nc(Nc3ccc(OCCN4CCCC4)c([20*])c3)ncc2C)c1,[14*]CC=CCOC[21*],18,6,30,0,14,20,14;21,largest_ring_two_bond_fragmentation
FRAG_6bcc7ad56a,JAK2_5e05d7987e,Cc1cnc2nc1-c1cccc(c1)COCC=CCOCc1cc(ccc1OCCN1CCCC1)N2,[16*]COCc1cccc(-c2nc(Nc3ccc(OCCN4CCCC4)c(CO[18*])c3)ncc2C)c1,[15*]C=CC[19*],18,3,33,0,15,18,15;19,largest_ring_two_bond_fragmentation
FRAG_6a07adc2ee,JAK2_5e05d7987e,Cc1cnc2nc1-c1cccc(c1)COCC=CCOCc1cc(ccc1OCCN1CCCC1)N2,[16*]COCc1cccc(-c2nc(Nc3ccc(OCCN4CCCC4)c(C[19*])c3)ncc2C)c1,[15*]C=CCO[20*],18,4,32,0,15,19,15;20,largest_ring_two_bond_fragmentation
FRAG_18966c0db2,JAK2_5e05d7987e,Cc1cnc2nc1-c1cccc(c1)COCC=CCOCc1cc(ccc1OCCN1CCCC1)N2,[16*]COCc1cccc(-c2nc(Nc3ccc(OCCN4CCCC4)c([20*])c3)ncc2C)c1,[15*]C=CCOC[21*],18,5,31,0,15,20,15;21,largest_ring_two_bond_fragmentation
FRAG_694c75a7f2,JAK2_5e05d7987e,Cc1cnc2nc1-c1cccc(c1)COCC=CCOCc1cc(ccc1OCCN1CCCC1)N2,[18*]C=CCOCc1cccc(-c2nc(Nc3ccc(OCCN4CCCC4)c([20*])c3)ncc2C)c1,[17*]COC[21*],18,3,33,0,17,20,17;21,largest_ring_two_bond_fragmentation
FRAG_0d004f0342,JAK2_91a12e5b93,FC(F)(F)CN1C/C=C/CCOc2cccc(c2)-c2ccnc(n2)Nc2ccc(OCCN3CCCC3)c(c2)C1,[6*]N(Cc1cc(Nc2nccc(-c3cccc(OCC[8*])c3)n2)ccc1OCCN1CCCC1)CC(F)(F)F,[5*]C/C=C/[9*],18,3,37,0,5,8,5;9,largest_ring_two_bond_fragmentation
FRAG_6bc14448ab,JAK2_91a12e5b93,FC(F)(F)CN1C/C=C/CCOc2cccc(c2)-c2ccnc(n2)Nc2ccc(OCCN3CCCC3)c(c2)C1,[6*]N(Cc1cc(Nc2nccc(-c3cccc(OC[9*])c3)n2)ccc1OCCN1CCCC1)CC(F)(F)F,[5*]C/C=C/C[10*],18,4,36,0,5,9,5;10,largest_ring_two_bond_fragmentation
FRAG_3d8bce4406,JAK2_91a12e5b93,FC(F)(F)CN1C/C=C/CCOc2cccc(c2)-c2ccnc(n2)Nc2ccc(OCCN3CCCC3)c(c2)C1,[6*]N(Cc1cc(Nc2nccc(-c3cccc(O[10*])c3)n2)ccc1OCCN1CCCC1)CC(F)(F)F,[5*]C/C=C/CC[11*],18,5,35,0,5,10,5;11,largest_ring_two_bond_fragmentation
FRAG_1ce40da961,JAK2_91a12e5b93,FC(F)(F)CN1C/C=C/CCOc2cccc(c2)-c2ccnc(n2)Nc2ccc(OCCN3CCCC3)c(c2)C1,[6*]N(Cc1cc(Nc2nccc(-c3cccc([11*])c3)n2)ccc1OCCN1CCCC1)CC(F)(F)F,[5*]C/C=C/CCO[12*],18,6,34,0,5,11,5;12,largest_ring_two_bond_fragmentation
FRAG_cf8cd52245,JAK2_91a12e5b93,FC(F)(F)CN1C/C=C/CCOc2cccc(c2)-c2ccnc(n2)Nc2ccc(OCCN3CCCC3)c(c2)C1,[6*]N(Cc1cc(Nc2nccc([16*])n2)ccc1OCCN1CCCC1)CC(F)(F)F,[5*]C/C=C/CCOc1cccc([18*])c1,18,12,28,6,5,17,5;18,largest_ring_two_bond_fragmentation
FRAG_7ad6eb6b1d,JAK2_91a12e5b93,FC(F)(F)CN1C/C=C/CCOc2cccc(c2)-c2ccnc(n2)Nc2ccc(OCCN3CCCC3)c(c2)C1,[5*]C/C=C/CCOc1cccc(-c2ccnc(Nc3ccc(OCCN4CCCC4)c([39*])c3)n2)c1,[6*]N(C[37*])CC(F)(F)F,18,7,33,0,5,38,6;37,largest_ring_two_bond_fragmentation
FRAG_9fc5254244,JAK2_91a12e5b93,FC(F)(F)CN1C/C=C/CCOc2cccc(c2)-c2ccnc(n2)Nc2ccc(OCCN3CCCC3)c(c2)C1,[7*]CN(Cc1cc(Nc2nccc(-c3cccc(OC[9*])c3)n2)ccc1OCCN1CCCC1)CC(F)(F)F,[6*]/C=C/C[10*],18,3,37,0,6,9,6;10,largest_ring_two_bond_fragmentation
FRAG_65eb56e963,JAK2_91a12e5b93,FC(F)(F)CN1C/C=C/CCOc2cccc(c2)-c2ccnc(n2)Nc2ccc(OCCN3CCCC3)c(c2)C1,[7*]CN(Cc1cc(Nc2nccc(-c3cccc(O[10*])c3)n2)ccc1OCCN1CCCC1)CC(F)(F)F,[6*]/C=C/CC[11*],18,4,36,0,6,10,6;11,largest_ring_two_bond_fragmentation
FRAG_71497fa98e,JAK2_91a12e5b93,FC(F)(F)CN1C/C=C/CCOc2cccc(c2)-c2ccnc(n2)Nc2ccc(OCCN3CCCC3)c(c2)C1,[7*]CN(Cc1cc(Nc2nccc(-c3cccc([11*])c3)n2)ccc1OCCN1CCCC1)CC(F)(F)F,[6*]/C=C/CCO[12*],18,5,35,0,6,11,6;12,largest_ring_two_bond_fragmentation
FRAG_b00c7bd666,JAK2_91a12e5b93,FC(F)(F)CN1C/C=C/CCOc2cccc(c2)-c2ccnc(n2)Nc2ccc(OCCN3CCCC3)c(c2)C1,[7*]CN(Cc1cc(Nc2nccc([16*])n2)ccc1OCCN1CCCC1)CC(F)(F)F,[6*]/C=C/CCOc1cccc([18*])c1,18,11,29,6,6,17,6;18,largest_ring_two_bond_fragmentation
FRAG_8d50f83b13,JAK2_91a12e5b93,FC(F)(F)CN1C/C=C/CCOc2cccc(c2)-c2ccnc(n2)Nc2ccc(OCCN3CCCC3)c(c2)C1,[6*]/C=C/CCOc1cccc(-c2ccnc(Nc3ccc(OCCN4CCCC4)c([39*])c3)n2)c1,[7*]CN(C[37*])CC(F)(F)F,18,8,32,0,6,38,7;37,largest_ring_two_bond_fragmentation
FRAG_a1ffd352fb,JAK2_91a12e5b93,FC(F)(F)CN1C/C=C/CCOc2cccc(c2)-c2ccnc(n2)Nc2ccc(OCCN3CCCC3)c(c2)C1,[5*]Cc1cc(Nc2nccc(-c3cccc(OCC/C=C/[6*])c3)n2)ccc1OCCN1CCCC1,[7*]CN([39*])CC(F)(F)F,18,7,33,0,6,39,7;39,largest_ring_two_bond_fragmentation
FRAG_a9a0db9e6d,JAK2_91a12e5b93,FC(F)(F)CN1C/C=C/CCOc2cccc(c2)-c2ccnc(n2)Nc2ccc(OCCN3CCCC3)c(c2)C1,[9*]/C=C/CN(Cc1cc(Nc2nccc(-c3cccc([11*])c3)n2)ccc1OCCN1CCCC1)CC(F)(F)F,[8*]CCO[12*],18,3,37,0,8,11,8;12,largest_ring_two_bond_fragmentation
FRAG_69939ee2c1,JAK2_91a12e5b93,FC(F)(F)CN1C/C=C/CCOc2cccc(c2)-c2ccnc(n2)Nc2ccc(OCCN3CCCC3)c(c2)C1,[9*]/C=C/CN(Cc1cc(Nc2nccc([16*])n2)ccc1OCCN1CCCC1)CC(F)(F)F,[8*]CCOc1cccc([18*])c1,18,9,31,6,8,17,8;18,largest_ring_two_bond_fragmentation
FRAG_2c68f4d903,JAK2_91a12e5b93,FC(F)(F)CN1C/C=C/CCOc2cccc(c2)-c2ccnc(n2)Nc2ccc(OCCN3CCCC3)c(c2)C1,[8*]CCOc1cccc(-c2ccnc(Nc3ccc(OCCN4CCCC4)c([39*])c3)n2)c1,[9*]/C=C/CN(C[37*])CC(F)(F)F,18,10,30,0,8,38,9;37,largest_ring_two_bond_fragmentation
FRAG_f885268382,JAK2_91a12e5b93,FC(F)(F)CN1C/C=C/CCOc2cccc(c2)-c2ccnc(n2)Nc2ccc(OCCN3CCCC3)c(c2)C1,[5*]Cc1cc(Nc2nccc(-c3cccc(OCC[8*])c3)n2)ccc1OCCN1CCCC1,[9*]/C=C/CN([39*])CC(F)(F)F,18,9,31,0,8,39,9;39,largest_ring_two_bond_fragmentation
FRAG_907db2ffbf,JAK2_91a12e5b93,FC(F)(F)CN1C/C=C/CCOc2cccc(c2)-c2ccnc(n2)Nc2ccc(OCCN3CCCC3)c(c2)C1,[10*]C/C=C/CN(Cc1cc(Nc2nccc([16*])n2)ccc1OCCN1CCCC1)CC(F)(F)F,[9*]COc1cccc([18*])c1,18,8,32,6,9,17,9;18,largest_ring_two_bond_fragmentation
FRAG_377ea7aa79,JAK2_91a12e5b93,FC(F)(F)CN1C/C=C/CCOc2cccc(c2)-c2ccnc(n2)Nc2ccc(OCCN3CCCC3)c(c2)C1,[9*]COc1cccc(-c2ccnc(Nc3ccc(OCCN4CCCC4)c([39*])c3)n2)c1,[10*]C/C=C/CN(C[37*])CC(F)(F)F,18,11,29,0,9,38,10;37,largest_ring_two_bond_fragmentation
FRAG_b76c01f7dc,JAK2_91a12e5b93,FC(F)(F)CN1C/C=C/CCOc2cccc(c2)-c2ccnc(n2)Nc2ccc(OCCN3CCCC3)c(c2)C1,[5*]Cc1cc(Nc2nccc(-c3cccc(OC[9*])c3)n2)ccc1OCCN1CCCC1,[10*]C/C=C/CN([39*])CC(F)(F)F,18,10,30,0,9,39,10;39,largest_ring_two_bond_fragmentation
FRAG_7402fe4594,JAK2_91a12e5b93,FC(F)(F)CN1C/C=C/CCOc2cccc(c2)-c2ccnc(n2)Nc2ccc(OCCN3CCCC3)c(c2)C1,[11*]CC/C=C/CN(Cc1cc(Nc2nccc([16*])n2)ccc1OCCN1CCCC1)CC(F)(F)F,[10*]Oc1cccc([18*])c1,18,7,33,6,10,17,10;18,largest_ring_two_bond_fragmentation
FRAG_6237eb7abd,JAK2_91a12e5b93,FC(F)(F)CN1C/C=C/CCOc2cccc(c2)-c2ccnc(n2)Nc2ccc(OCCN3CCCC3)c(c2)C1,[10*]Oc1cccc(-c2ccnc(Nc3ccc(OCCN4CCCC4)c([39*])c3)n2)c1,[11*]CC/C=C/CN(C[37*])CC(F)(F)F,18,12,28,0,10,38,11;37,largest_ring_two_bond_fragmentation
FRAG_de42b48142,JAK2_91a12e5b93,FC(F)(F)CN1C/C=C/CCOc2cccc(c2)-c2ccnc(n2)Nc2ccc(OCCN3CCCC3)c(c2)C1,[5*]Cc1cc(Nc2nccc(-c3cccc(O[10*])c3)n2)ccc1OCCN1CCCC1,[11*]CC/C=C/CN([39*])CC(F)(F)F,18,11,29,0,10,39,11;39,largest_ring_two_bond_fragmentation
FRAG_92e744a5f6,JAK2_91a12e5b93,FC(F)(F)CN1C/C=C/CCOc2cccc(c2)-c2ccnc(n2)Nc2ccc(OCCN3CCCC3)c(c2)C1,[12*]OCC/C=C/CN(Cc1cc(Nc2nccc([16*])n2)ccc1OCCN1CCCC1)CC(F)(F)F,[11*]c1cccc([18*])c1,18,6,34,6,11,17,11;18,largest_ring_two_bond_fragmentation
FRAG_6e394f2243,JAK2_91a12e5b93,FC(F)(F)CN1C/C=C/CCOc2cccc(c2)-c2ccnc(n2)Nc2ccc(OCCN3CCCC3)c(c2)C1,[12*]OCC/C=C/CN(Cc1cc(N[22*])ccc1OCCN1CCCC1)CC(F)(F)F,[11*]c1cccc(-c2ccnc([24*])n2)c1,18,12,28,6,11,23,11;24,largest_ring_two_bond_fragmentation
FRAG_104cc82d73,JAK2_91a12e5b93,FC(F)(F)CN1C/C=C/CCOc2cccc(c2)-c2ccnc(n2)Nc2ccc(OCCN3CCCC3)c(c2)C1,[5*]Cc1cc(Nc2nccc(-c3cccc([11*])c3)n2)ccc1OCCN1CCCC1,[12*]OCC/C=C/CN([39*])CC(F)(F)F,18,12,28,0,11,39,12;39,largest_ring_two_bond_fragmentation
FRAG_9bf32c7172,JAK2_91a12e5b93,FC(F)(F)CN1C/C=C/CCOc2cccc(c2)-c2ccnc(n2)Nc2ccc(OCCN3CCCC3)c(c2)C1,[18*]c1cccc(OCC/C=C/CN(Cc2cc(N[22*])ccc2OCCN2CCCC2)CC(F)(F)F)c1,[16*]c1ccnc([24*])n1,18,6,34,6,17,23,16;24,largest_ring_two_bond_fragmentation
FRAG_fb9edea7fb,JAK2_91a12e5b93,FC(F)(F)CN1C/C=C/CCOc2cccc(c2)-c2ccnc(n2)Nc2ccc(OCCN3CCCC3)c(c2)C1,[18*]c1cccc(OCC/C=C/CN(Cc2cc([24*])ccc2OCCN2CCCC2)CC(F)(F)F)c1,[16*]c1ccnc(N[25*])n1,18,7,33,6,17,24,16;25,largest_ring_two_bond_fragmentation
FRAG_c2c43d9642,JAK2_e1c49205c8,N#CCN1C/C=C/CCOc2cccc(c2)-c2ccnc(n2)Nc2ccc(OCCN3CCCC3)c(c2)C1,[4*]N(CC#N)Cc1cc(Nc2nccc(-c3cccc(OCC[6*])c3)n2)ccc1OCCN1CCCC1,[3*]C/C=C/[7*],18,3,35,0,3,6,3;7,largest_ring_two_bond_fragmentation
FRAG_e24a8369cc,JAK2_e1c49205c8,N#CCN1C/C=C/CCOc2cccc(c2)-c2ccnc(n2)Nc2ccc(OCCN3CCCC3)c(c2)C1,[4*]N(CC#N)Cc1cc(Nc2nccc(-c3cccc(OC[7*])c3)n2)ccc1OCCN1CCCC1,[3*]C/C=C/C[8*],18,4,34,0,3,7,3;8,largest_ring_two_bond_fragmentation
FRAG_71e0bd22b9,JAK2_e1c49205c8,N#CCN1C/C=C/CCOc2cccc(c2)-c2ccnc(n2)Nc2ccc(OCCN3CCCC3)c(c2)C1,[4*]N(CC#N)Cc1cc(Nc2nccc(-c3cccc(O[8*])c3)n2)ccc1OCCN1CCCC1,[3*]C/C=C/CC[9*],18,5,33,0,3,8,3;9,largest_ring_two_bond_fragmentation
FRAG_d932c96eec,JAK2_e1c49205c8,N#CCN1C/C=C/CCOc2cccc(c2)-c2ccnc(n2)Nc2ccc(OCCN3CCCC3)c(c2)C1,[4*]N(CC#N)Cc1cc(Nc2nccc(-c3cccc([9*])c3)n2)ccc1OCCN1CCCC1,[3*]C/C=C/CCO[10*],18,6,32,0,3,9,3;10,largest_ring_two_bond_fragmentation
FRAG_46ed524ac6,JAK2_e1c49205c8,N#CCN1C/C=C/CCOc2cccc(c2)-c2ccnc(n2)Nc2ccc(OCCN3CCCC3)c(c2)C1,[4*]N(CC#N)Cc1cc(Nc2nccc([14*])n2)ccc1OCCN1CCCC1,[3*]C/C=C/CCOc1cccc([16*])c1,18,12,26,6,3,15,3;16,largest_ring_two_bond_fragmentation
FRAG_2f4af7e630,JAK2_e1c49205c8,N#CCN1C/C=C/CCOc2cccc(c2)-c2ccnc(n2)Nc2ccc(OCCN3CCCC3)c(c2)C1,[3*]C/C=C/CCOc1cccc(-c2ccnc(Nc3ccc(OCCN4CCCC4)c([37*])c3)n2)c1,[4*]N(C[35*])CC#N,18,5,33,0,3,36,4;35,largest_ring_two_bond_fragmentation
FRAG_177c775bac,JAK2_e1c49205c8,N#CCN1C/C=C/CCOc2cccc(c2)-c2ccnc(n2)Nc2ccc(OCCN3CCCC3)c(c2)C1,[5*]CN(CC#N)Cc1cc(Nc2nccc(-c3cccc(OC[7*])c3)n2)ccc1OCCN1CCCC1,[4*]/C=C/C[8*],18,3,35,0,4,7,4;8,largest_ring_two_bond_fragmentation
FRAG_20f0c853c5,JAK2_e1c49205c8,N#CCN1C/C=C/CCOc2cccc(c2)-c2ccnc(n2)Nc2ccc(OCCN3CCCC3)c(c2)C1,[5*]CN(CC#N)Cc1cc(Nc2nccc(-c3cccc(O[8*])c3)n2)ccc1OCCN1CCCC1,[4*]/C=C/CC[9*],18,4,34,0,4,8,4;9,largest_ring_two_bond_fragmentation
FRAG_17a8800b49,JAK2_e1c49205c8,N#CCN1C/C=C/CCOc2cccc(c2)-c2ccnc(n2)Nc2ccc(OCCN3CCCC3)c(c2)C1,[5*]CN(CC#N)Cc1cc(Nc2nccc(-c3cccc([9*])c3)n2)ccc1OCCN1CCCC1,[4*]/C=C/CCO[10*],18,5,33,0,4,9,4;10,largest_ring_two_bond_fragmentation
FRAG_2408aedf64,JAK2_e1c49205c8,N#CCN1C/C=C/CCOc2cccc(c2)-c2ccnc(n2)Nc2ccc(OCCN3CCCC3)c(c2)C1,[5*]CN(CC#N)Cc1cc(Nc2nccc([14*])n2)ccc1OCCN1CCCC1,[4*]/C=C/CCOc1cccc([16*])c1,18,11,27,6,4,15,4;16,largest_ring_two_bond_fragmentation
FRAG_cdaf1fb03d,JAK2_e1c49205c8,N#CCN1C/C=C/CCOc2cccc(c2)-c2ccnc(n2)Nc2ccc(OCCN3CCCC3)c(c2)C1,[4*]/C=C/CCOc1cccc(-c2ccnc(Nc3ccc(OCCN4CCCC4)c([37*])c3)n2)c1,[5*]CN(C[35*])CC#N,18,6,32,0,4,36,5;35,largest_ring_two_bond_fragmentation
FRAG_384375cc92,JAK2_e1c49205c8,N#CCN1C/C=C/CCOc2cccc(c2)-c2ccnc(n2)Nc2ccc(OCCN3CCCC3)c(c2)C1,[3*]Cc1cc(Nc2nccc(-c3cccc(OCC/C=C/[4*])c3)n2)ccc1OCCN1CCCC1,[5*]CN([37*])CC#N,18,5,33,0,4,37,5;37,largest_ring_two_bond_fragmentation
FRAG_8b0c5a2b77,JAK2_e1c49205c8,N#CCN1C/C=C/CCOc2cccc(c2)-c2ccnc(n2)Nc2ccc(OCCN3CCCC3)c(c2)C1,[7*]/C=C/CN(CC#N)Cc1cc(Nc2nccc(-c3cccc([9*])c3)n2)ccc1OCCN1CCCC1,[6*]CCO[10*],18,3,35,0,6,9,6;10,largest_ring_two_bond_fragmentation
FRAG_4a5f864d91,JAK2_e1c49205c8,N#CCN1C/C=C/CCOc2cccc(c2)-c2ccnc(n2)Nc2ccc(OCCN3CCCC3)c(c2)C1,[7*]/C=C/CN(CC#N)Cc1cc(Nc2nccc([14*])n2)ccc1OCCN1CCCC1,[6*]CCOc1cccc([16*])c1,18,9,29,6,6,15,6;16,largest_ring_two_bond_fragmentation
FRAG_90c3daa05f,JAK2_e1c49205c8,N#CCN1C/C=C/CCOc2cccc(c2)-c2ccnc(n2)Nc2ccc(OCCN3CCCC3)c(c2)C1,[6*]CCOc1cccc(-c2ccnc(Nc3ccc(OCCN4CCCC4)c([37*])c3)n2)c1,[7*]/C=C/CN(C[35*])CC#N,18,8,30,0,6,36,7;35,largest_ring_two_bond_fragmentation
FRAG_ecbc8c414e,JAK2_e1c49205c8,N#CCN1C/C=C/CCOc2cccc(c2)-c2ccnc(n2)Nc2ccc(OCCN3CCCC3)c(c2)C1,[3*]Cc1cc(Nc2nccc(-c3cccc(OCC[6*])c3)n2)ccc1OCCN1CCCC1,[7*]/C=C/CN([37*])CC#N,18,7,31,0,6,37,7;37,largest_ring_two_bond_fragmentation
FRAG_cc946c3f0b,JAK2_e1c49205c8,N#CCN1C/C=C/CCOc2cccc(c2)-c2ccnc(n2)Nc2ccc(OCCN3CCCC3)c(c2)C1,[8*]C/C=C/CN(CC#N)Cc1cc(Nc2nccc([14*])n2)ccc1OCCN1CCCC1,[7*]COc1cccc([16*])c1,18,8,30,6,7,15,7;16,largest_ring_two_bond_fragmentation
FRAG_622950edf2,JAK2_e1c49205c8,N#CCN1C/C=C/CCOc2cccc(c2)-c2ccnc(n2)Nc2ccc(OCCN3CCCC3)c(c2)C1,[7*]COc1cccc(-c2ccnc(Nc3ccc(OCCN4CCCC4)c([37*])c3)n2)c1,[8*]C/C=C/CN(C[35*])CC#N,18,9,29,0,7,36,8;35,largest_ring_two_bond_fragmentation
FRAG_0bc42b088a,JAK2_e1c49205c8,N#CCN1C/C=C/CCOc2cccc(c2)-c2ccnc(n2)Nc2ccc(OCCN3CCCC3)c(c2)C1,[3*]Cc1cc(Nc2nccc(-c3cccc(OC[7*])c3)n2)ccc1OCCN1CCCC1,[8*]C/C=C/CN([37*])CC#N,18,8,30,0,7,37,8;37,largest_ring_two_bond_fragmentation
FRAG_0512b8256b,JAK2_e1c49205c8,N#CCN1C/C=C/CCOc2cccc(c2)-c2ccnc(n2)Nc2ccc(OCCN3CCCC3)c(c2)C1,[9*]CC/C=C/CN(CC#N)Cc1cc(Nc2nccc([14*])n2)ccc1OCCN1CCCC1,[8*]Oc1cccc([16*])c1,18,7,31,6,8,15,8;16,largest_ring_two_bond_fragmentation
FRAG_5d7637bf3a,JAK2_e1c49205c8,N#CCN1C/C=C/CCOc2cccc(c2)-c2ccnc(n2)Nc2ccc(OCCN3CCCC3)c(c2)C1,[8*]Oc1cccc(-c2ccnc(Nc3ccc(OCCN4CCCC4)c([37*])c3)n2)c1,[9*]CC/C=C/CN(C[35*])CC#N,18,10,28,0,8,36,9;35,largest_ring_two_bond_fragmentation
FRAG_29f8b100b5,JAK2_e1c49205c8,N#CCN1C/C=C/CCOc2cccc(c2)-c2ccnc(n2)Nc2ccc(OCCN3CCCC3)c(c2)C1,[3*]Cc1cc(Nc2nccc(-c3cccc(O[8*])c3)n2)ccc1OCCN1CCCC1,[9*]CC/C=C/CN([37*])CC#N,18,9,29,0,8,37,9;37,largest_ring_two_bond_fragmentation
FRAG_3fd3ca677b,JAK2_e1c49205c8,N#CCN1C/C=C/CCOc2cccc(c2)-c2ccnc(n2)Nc2ccc(OCCN3CCCC3)c(c2)C1,[10*]OCC/C=C/CN(CC#N)Cc1cc(Nc2nccc([14*])n2)ccc1OCCN1CCCC1,[9*]c1cccc([16*])c1,18,6,32,6,9,15,9;16,largest_ring_two_bond_fragmentation
FRAG_e3902a0f9f,JAK2_e1c49205c8,N#CCN1C/C=C/CCOc2cccc(c2)-c2ccnc(n2)Nc2ccc(OCCN3CCCC3)c(c2)C1,[10*]OCC/C=C/CN(CC#N)Cc1cc(N[20*])ccc1OCCN1CCCC1,[9*]c1cccc(-c2ccnc([22*])n2)c1,18,12,26,6,9,21,9;22,largest_ring_two_bond_fragmentation
FRAG_bf89edf9e0,JAK2_e1c49205c8,N#CCN1C/C=C/CCOc2cccc(c2)-c2ccnc(n2)Nc2ccc(OCCN3CCCC3)c(c2)C1,[9*]c1cccc(-c2ccnc(Nc3ccc(OCCN4CCCC4)c([37*])c3)n2)c1,[10*]OCC/C=C/CN(C[35*])CC#N,18,11,27,0,9,36,10;35,largest_ring_two_bond_fragmentation
FRAG_65ff55916f,JAK2_e1c49205c8,N#CCN1C/C=C/CCOc2cccc(c2)-c2ccnc(n2)Nc2ccc(OCCN3CCCC3)c(c2)C1,[3*]Cc1cc(Nc2nccc(-c3cccc([9*])c3)n2)ccc1OCCN1CCCC1,[10*]OCC/C=C/CN([37*])CC#N,18,10,28,0,9,37,10;37,largest_ring_two_bond_fragmentation
FRAG_a44c2e5acf,JAK2_e1c49205c8,N#CCN1C/C=C/CCOc2cccc(c2)-c2ccnc(n2)Nc2ccc(OCCN3CCCC3)c(c2)C1,[16*]c1cccc(OCC/C=C/CN(CC#N)Cc2cc(N[20*])ccc2OCCN2CCCC2)c1,[14*]c1ccnc([22*])n1,18,6,32,6,15,21,14;22,largest_ring_two_bond_fragmentation
FRAG_5cc9fdf01f,JAK2_e1c49205c8,N#CCN1C/C=C/CCOc2cccc(c2)-c2ccnc(n2)Nc2ccc(OCCN3CCCC3)c(c2)C1,[16*]c1cccc(OCC/C=C/CN(CC#N)Cc2cc([22*])ccc2OCCN2CCCC2)c1,[14*]c1ccnc(N[23*])n1,18,7,31,6,15,22,14;23,largest_ring_two_bond_fragmentation
FRAG_7c51fdc605,JAK2_7fafbd97b3,CN1C/C=C/CCOc2cccc(c2)-c2ccnc(n2)Nc2ccc(N3CCOCC3)c(c2)C1,[2*]N(C)Cc1cc(Nc2nccc(-c3cccc(OCC[4*])c3)n2)ccc1N1CCOCC1,[1*]C/C=C/[5*],18,3,31,0,1,4,1;5,largest_ring_two_bond_fragmentation
FRAG_eedaf39276,JAK2_7fafbd97b3,CN1C/C=C/CCOc2cccc(c2)-c2ccnc(n2)Nc2ccc(N3CCOCC3)c(c2)C1,[2*]N(C)Cc1cc(Nc2nccc(-c3cccc(OC[5*])c3)n2)ccc1N1CCOCC1,[1*]C/C=C/C[6*],18,4,30,0,1,5,1;6,largest_ring_two_bond_fragmentation
FRAG_895941a833,JAK2_7fafbd97b3,CN1C/C=C/CCOc2cccc(c2)-c2ccnc(n2)Nc2ccc(N3CCOCC3)c(c2)C1,[2*]N(C)Cc1cc(Nc2nccc(-c3cccc(O[6*])c3)n2)ccc1N1CCOCC1,[1*]C/C=C/CC[7*],18,5,29,0,1,6,1;7,largest_ring_two_bond_fragmentation
FRAG_bda3582018,JAK2_7fafbd97b3,CN1C/C=C/CCOc2cccc(c2)-c2ccnc(n2)Nc2ccc(N3CCOCC3)c(c2)C1,[2*]N(C)Cc1cc(Nc2nccc(-c3cccc([7*])c3)n2)ccc1N1CCOCC1,[1*]C/C=C/CCO[8*],18,6,28,0,1,7,1;8,largest_ring_two_bond_fragmentation
FRAG_3d7e2d54a8,JAK2_7fafbd97b3,CN1C/C=C/CCOc2cccc(c2)-c2ccnc(n2)Nc2ccc(N3CCOCC3)c(c2)C1,[2*]N(C)Cc1cc(Nc2nccc([12*])n2)ccc1N1CCOCC1,[1*]C/C=C/CCOc1cccc([14*])c1,18,12,22,6,1,13,1;14,largest_ring_two_bond_fragmentation
FRAG_0548d2de97,JAK2_7fafbd97b3,CN1C/C=C/CCOc2cccc(c2)-c2ccnc(n2)Nc2ccc(N3CCOCC3)c(c2)C1,[1*]C/C=C/CCOc1cccc(-c2ccnc(Nc3ccc(N4CCOCC4)c([33*])c3)n2)c1,[2*]N(C)C[31*],18,3,31,0,1,32,2;31,largest_ring_two_bond_fragmentation
FRAG_c5b8a426aa,JAK2_7fafbd97b3,CN1C/C=C/CCOc2cccc(c2)-c2ccnc(n2)Nc2ccc(N3CCOCC3)c(c2)C1,[3*]CN(C)Cc1cc(Nc2nccc(-c3cccc(OC[5*])c3)n2)ccc1N1CCOCC1,[2*]/C=C/C[6*],18,3,31,0,2,5,2;6,largest_ring_two_bond_fragmentation
FRAG_74b4b6c442,JAK2_7fafbd97b3,CN1C/C=C/CCOc2cccc(c2)-c2ccnc(n2)Nc2ccc(N3CCOCC3)c(c2)C1,[3*]CN(C)Cc1cc(Nc2nccc(-c3cccc(O[6*])c3)n2)ccc1N1CCOCC1,[2*]/C=C/CC[7*],18,4,30,0,2,6,2;7,largest_ring_two_bond_fragmentation
FRAG_00b9344997,JAK2_7fafbd97b3,CN1C/C=C/CCOc2cccc(c2)-c2ccnc(n2)Nc2ccc(N3CCOCC3)c(c2)C1,[3*]CN(C)Cc1cc(Nc2nccc(-c3cccc([7*])c3)n2)ccc1N1CCOCC1,[2*]/C=C/CCO[8*],18,5,29,0,2,7,2;8,largest_ring_two_bond_fragmentation
FRAG_8b6f77fe89,JAK2_7fafbd97b3,CN1C/C=C/CCOc2cccc(c2)-c2ccnc(n2)Nc2ccc(N3CCOCC3)c(c2)C1,[3*]CN(C)Cc1cc(Nc2nccc([12*])n2)ccc1N1CCOCC1,[2*]/C=C/CCOc1cccc([14*])c1,18,11,23,6,2,13,2;14,largest_ring_two_bond_fragmentation
FRAG_6b8f9c8a07,JAK2_7fafbd97b3,CN1C/C=C/CCOc2cccc(c2)-c2ccnc(n2)Nc2ccc(N3CCOCC3)c(c2)C1,[2*]/C=C/CCOc1cccc(-c2ccnc(Nc3ccc(N4CCOCC4)c([33*])c3)n2)c1,[3*]CN(C)C[31*],18,4,30,0,2,32,3;31,largest_ring_two_bond_fragmentation
FRAG_27138128fc,JAK2_7fafbd97b3,CN1C/C=C/CCOc2cccc(c2)-c2ccnc(n2)Nc2ccc(N3CCOCC3)c(c2)C1,[1*]Cc1cc(Nc2nccc(-c3cccc(OCC/C=C/[2*])c3)n2)ccc1N1CCOCC1,[3*]CN([33*])C,18,3,31,0,2,33,3;33,largest_ring_two_bond_fragmentation
FRAG_0090de244d,JAK2_7fafbd97b3,CN1C/C=C/CCOc2cccc(c2)-c2ccnc(n2)Nc2ccc(N3CCOCC3)c(c2)C1,[5*]/C=C/CN(C)Cc1cc(Nc2nccc(-c3cccc([7*])c3)n2)ccc1N1CCOCC1,[4*]CCO[8*],18,3,31,0,4,7,4;8,largest_ring_two_bond_fragmentation
FRAG_5ea8b4fd05,JAK2_7fafbd97b3,CN1C/C=C/CCOc2cccc(c2)-c2ccnc(n2)Nc2ccc(N3CCOCC3)c(c2)C1,[5*]/C=C/CN(C)Cc1cc(Nc2nccc([12*])n2)ccc1N1CCOCC1,[4*]CCOc1cccc([14*])c1,18,9,25,6,4,13,4;14,largest_ring_two_bond_fragmentation
FRAG_42a1143d9b,JAK2_7fafbd97b3,CN1C/C=C/CCOc2cccc(c2)-c2ccnc(n2)Nc2ccc(N3CCOCC3)c(c2)C1,[4*]CCOc1cccc(-c2ccnc(Nc3ccc(N4CCOCC4)c([33*])c3)n2)c1,[5*]/C=C/CN(C)C[31*],18,6,28,0,4,32,5;31,largest_ring_two_bond_fragmentation
FRAG_1e2687594a,JAK2_7fafbd97b3,CN1C/C=C/CCOc2cccc(c2)-c2ccnc(n2)Nc2ccc(N3CCOCC3)c(c2)C1,[1*]Cc1cc(Nc2nccc(-c3cccc(OCC[4*])c3)n2)ccc1N1CCOCC1,[5*]/C=C/CN([33*])C,18,5,29,0,4,33,5;33,largest_ring_two_bond_fragmentation
FRAG_e9a403a1b2,JAK2_7fafbd97b3,CN1C/C=C/CCOc2cccc(c2)-c2ccnc(n2)Nc2ccc(N3CCOCC3)c(c2)C1,[6*]C/C=C/CN(C)Cc1cc(Nc2nccc([12*])n2)ccc1N1CCOCC1,[5*]COc1cccc([14*])c1,18,8,26,6,5,13,5;14,largest_ring_two_bond_fragmentation
FRAG_1ddadd2c3b,JAK2_7fafbd97b3,CN1C/C=C/CCOc2cccc(c2)-c2ccnc(n2)Nc2ccc(N3CCOCC3)c(c2)C1,[5*]COc1cccc(-c2ccnc(Nc3ccc(N4CCOCC4)c([33*])c3)n2)c1,[6*]C/C=C/CN(C)C[31*],18,7,27,0,5,32,6;31,largest_ring_two_bond_fragmentation
FRAG_3b57bbc6c1,JAK2_7fafbd97b3,CN1C/C=C/CCOc2cccc(c2)-c2ccnc(n2)Nc2ccc(N3CCOCC3)c(c2)C1,[1*]Cc1cc(Nc2nccc(-c3cccc(OC[5*])c3)n2)ccc1N1CCOCC1,[6*]C/C=C/CN([33*])C,18,6,28,0,5,33,6;33,largest_ring_two_bond_fragmentation
FRAG_5b4c9edec9,JAK2_7fafbd97b3,CN1C/C=C/CCOc2cccc(c2)-c2ccnc(n2)Nc2ccc(N3CCOCC3)c(c2)C1,[7*]CC/C=C/CN(C)Cc1cc(Nc2nccc([12*])n2)ccc1N1CCOCC1,[6*]Oc1cccc([14*])c1,18,7,27,6,6,13,6;14,largest_ring_two_bond_fragmentation
FRAG_c4a16a686e,JAK2_7fafbd97b3,CN1C/C=C/CCOc2cccc(c2)-c2ccnc(n2)Nc2ccc(N3CCOCC3)c(c2)C1,[6*]Oc1cccc(-c2ccnc(Nc3ccc(N4CCOCC4)c([33*])c3)n2)c1,[7*]CC/C=C/CN(C)C[31*],18,8,26,0,6,32,7;31,largest_ring_two_bond_fragmentation
FRAG_5b04a1425e,JAK2_7fafbd97b3,CN1C/C=C/CCOc2cccc(c2)-c2ccnc(n2)Nc2ccc(N3CCOCC3)c(c2)C1,[1*]Cc1cc(Nc2nccc(-c3cccc(O[6*])c3)n2)ccc1N1CCOCC1,[7*]CC/C=C/CN([33*])C,18,7,27,0,6,33,7;33,largest_ring_two_bond_fragmentation
FRAG_fe8ed5087d,JAK2_7fafbd97b3,CN1C/C=C/CCOc2cccc(c2)-c2ccnc(n2)Nc2ccc(N3CCOCC3)c(c2)C1,[8*]OCC/C=C/CN(C)Cc1cc(Nc2nccc([12*])n2)ccc1N1CCOCC1,[7*]c1cccc([14*])c1,18,6,28,6,7,13,7;14,largest_ring_two_bond_fragmentation
FRAG_0bad8f8ad1,JAK2_7fafbd97b3,CN1C/C=C/CCOc2cccc(c2)-c2ccnc(n2)Nc2ccc(N3CCOCC3)c(c2)C1,[8*]OCC/C=C/CN(C)Cc1cc(N[18*])ccc1N1CCOCC1,[7*]c1cccc(-c2ccnc([20*])n2)c1,18,12,22,6,7,19,7;20,largest_ring_two_bond_fragmentation
FRAG_62d0e11c4d,JAK2_7fafbd97b3,CN1C/C=C/CCOc2cccc(c2)-c2ccnc(n2)Nc2ccc(N3CCOCC3)c(c2)C1,[7*]c1cccc(-c2ccnc(Nc3ccc(N4CCOCC4)c([33*])c3)n2)c1,[8*]OCC/C=C/CN(C)C[31*],18,9,25,0,7,32,8;31,largest_ring_two_bond_fragmentation
FRAG_48f36fefaa,JAK2_7fafbd97b3,CN1C/C=C/CCOc2cccc(c2)-c2ccnc(n2)Nc2ccc(N3CCOCC3)c(c2)C1,[1*]Cc1cc(Nc2nccc(-c3cccc([7*])c3)n2)ccc1N1CCOCC1,[8*]OCC/C=C/CN([33*])C,18,8,26,0,7,33,8;33,largest_ring_two_bond_fragmentation
FRAG_97deef9219,JAK2_7fafbd97b3,CN1C/C=C/CCOc2cccc(c2)-c2ccnc(n2)Nc2ccc(N3CCOCC3)c(c2)C1,[14*]c1cccc(OCC/C=C/CN(C)Cc2cc(N[18*])ccc2N2CCOCC2)c1,[12*]c1ccnc([20*])n1,18,6,28,6,13,19,12;20,largest_ring_two_bond_fragmentation
FRAG_fae087453a,JAK2_7fafbd97b3,CN1C/C=C/CCOc2cccc(c2)-c2ccnc(n2)Nc2ccc(N3CCOCC3)c(c2)C1,[14*]c1cccc(OCC/C=C/CN(C)Cc2cc([20*])ccc2N2CCOCC2)c1,[12*]c1ccnc(N[21*])n1,18,7,27,6,13,20,12;21,largest_ring_two_bond_fragmentation
FRAG_f91a3142e3,JAK2_7fafbd97b3,CN1C/C=C/CCOc2cccc(c2)-c2ccnc(n2)Nc2ccc(N3CCOCC3)c(c2)C1,[21*]Nc1nccc(-c2cccc(OCC/C=C/CN(C)C[31*])c2)n1,[20*]c1ccc(N2CCOCC2)c([33*])c1,18,12,22,6,20,32,20;33,largest_ring_two_bond_fragmentation
FRAG_655c34aa75,JAK2_4f6cca3ffb,COc1ccc2cc1-c1ccnc(n1)Nc1ccc(OCCN3CCCC3)c(c1)COCC=CCOC2,[8*]c1cc(COCC=CCOCc2cc(N[12*])ccc2OCCN2CCCC2)ccc1OC,[7*]c1ccnc([14*])n1,18,6,31,6,7,13,7;14,largest_ring_two_bond_fragmentation
FRAG_70952789e0,JAK2_4f6cca3ffb,COc1ccc2cc1-c1ccnc(n1)Nc1ccc(OCCN3CCCC3)c(c1)COCC=CCOC2,[8*]c1cc(COCC=CCOCc2cc([14*])ccc2OCCN2CCCC2)ccc1OC,[7*]c1ccnc(N[15*])n1,18,7,30,6,7,14,7;15,largest_ring_two_bond_fragmentation
FRAG_a1074332b4,JAK2_4f6cca3ffb,COc1ccc2cc1-c1ccnc(n1)Nc1ccc(OCCN3CCCC3)c(c1)COCC=CCOC2,[7*]c1ccnc(Nc2ccc(OCCN3CCCC3)c(COCC=C[34*])c2)n1,[8*]c1cc(COC[33*])ccc1OC,18,11,26,6,7,33,8;33,largest_ring_two_bond_fragmentation
FRAG_6cf41eaf6d,JAK2_4f6cca3ffb,COc1ccc2cc1-c1ccnc(n1)Nc1ccc(OCCN3CCCC3)c(c1)COCC=CCOC2,[7*]c1ccnc(Nc2ccc(OCCN3CCCC3)c(COCC=CC[35*])c2)n1,[8*]c1cc(CO[34*])ccc1OC,18,10,27,6,7,34,8;34,largest_ring_two_bond_fragmentation
FRAG_417a07dae8,JAK2_4f6cca3ffb,COc1ccc2cc1-c1ccnc(n1)Nc1ccc(OCCN3CCCC3)c(c1)COCC=CCOC2,[7*]c1ccnc(Nc2ccc(OCCN3CCCC3)c(COCC=CCO[36*])c2)n1,[8*]c1cc(C[35*])ccc1OC,18,9,28,6,7,35,8;35,largest_ring_two_bond_fragmentation
FRAG_ef5d87d189,JAK2_4f6cca3ffb,COc1ccc2cc1-c1ccnc(n1)Nc1ccc(OCCN3CCCC3)c(c1)COCC=CCOC2,[5*]COCC=CCOCc1cc(Nc2nccc([7*])n2)ccc1OCCN1CCCC1,[8*]c1cc([36*])ccc1OC,18,8,29,6,7,39,8;36,largest_ring_two_bond_fragmentation
FRAG_87e55912dc,JAK2_4f6cca3ffb,COc1ccc2cc1-c1ccnc(n1)Nc1ccc(OCCN3CCCC3)c(c1)COCC=CCOC2,[29*]c1cc(Nc2nccc(-c3cc(COCC=C[31*])ccc3OC)n2)ccc1OCCN1CCCC1,[27*]COC[32*],18,3,34,0,28,31,27;32,largest_ring_two_bond_fragmentation
FRAG_c1dd5d8dd4,JAK2_4f6cca3ffb,COc1ccc2cc1-c1ccnc(n1)Nc1ccc(OCCN3CCCC3)c(c1)COCC=CCOC2,[29*]c1cc(Nc2nccc(-c3cc(COC[33*])ccc3OC)n2)ccc1OCCN1CCCC1,[27*]COCC=C[34*],18,5,32,0,28,33,27;34,largest_ring_two_bond_fragmentation
FRAG_efc1a2f3fc,JAK2_4f6cca3ffb,COc1ccc2cc1-c1ccnc(n1)Nc1ccc(OCCN3CCCC3)c(c1)COCC=CCOC2,[29*]c1cc(Nc2nccc(-c3cc(CO[34*])ccc3OC)n2)ccc1OCCN1CCCC1,[27*]COCC=CC[35*],18,6,31,0,28,34,27;35,largest_ring_two_bond_fragmentation
FRAG_17724802eb,JAK2_4f6cca3ffb,COc1ccc2cc1-c1ccnc(n1)Nc1ccc(OCCN3CCCC3)c(c1)COCC=CCOC2,[29*]c1cc(Nc2nccc(-c3cc(C[35*])ccc3OC)n2)ccc1OCCN1CCCC1,[27*]COCC=CCO[36*],18,7,30,0,28,35,27;36,largest_ring_two_bond_fragmentation
FRAG_7f8657007b,JAK2_4f6cca3ffb,COc1ccc2cc1-c1ccnc(n1)Nc1ccc(OCCN3CCCC3)c(c1)COCC=CCOC2,[29*]c1cc(Nc2nccc(-c3cc([36*])ccc3OC)n2)ccc1OCCN1CCCC1,[5*]COCC=CCOC[27*],18,8,29,0,28,39,5;27,largest_ring_two_bond_fragmentation
FRAG_efc975b986,JAK2_4f6cca3ffb,COc1ccc2cc1-c1ccnc(n1)Nc1ccc(OCCN3CCCC3)c(c1)COCC=CCOC2,[30*]Cc1cc(Nc2nccc(-c3cc(COC[33*])ccc3OC)n2)ccc1OCCN1CCCC1,[29*]OCC=C[34*],18,4,33,0,29,33,29;34,largest_ring_two_bond_fragmentation
FRAG_905f7f1fb3,JAK2_4f6cca3ffb,COc1ccc2cc1-c1ccnc(n1)Nc1ccc(OCCN3CCCC3)c(c1)COCC=CCOC2,[30*]Cc1cc(Nc2nccc(-c3cc(CO[34*])ccc3OC)n2)ccc1OCCN1CCCC1,[29*]OCC=CC[35*],18,5,32,0,29,34,29;35,largest_ring_two_bond_fragmentation
FRAG_e04037eac5,JAK2_4f6cca3ffb,COc1ccc2cc1-c1ccnc(n1)Nc1ccc(OCCN3CCCC3)c(c1)COCC=CCOC2,[30*]Cc1cc(Nc2nccc(-c3cc(C[35*])ccc3OC)n2)ccc1OCCN1CCCC1,[29*]OCC=CCO[36*],18,6,31,0,29,35,29;36,largest_ring_two_bond_fragmentation
FRAG_78e6e6ddc9,JAK2_4f6cca3ffb,COc1ccc2cc1-c1ccnc(n1)Nc1ccc(OCCN3CCCC3)c(c1)COCC=CCOC2,[30*]Cc1cc(Nc2nccc(-c3cc([36*])ccc3OC)n2)ccc1OCCN1CCCC1,[5*]COCC=CCO[29*],18,7,30,0,29,39,5;29,largest_ring_two_bond_fragmentation
FRAG_f5743c3d14,JAK2_4f6cca3ffb,COc1ccc2cc1-c1ccnc(n1)Nc1ccc(OCCN3CCCC3)c(c1)COCC=CCOC2,[31*]OCc1cc(Nc2nccc(-c3cc(COC[33*])ccc3OC)n2)ccc1OCCN1CCCC1,[30*]CC=C[34*],18,3,34,0,30,33,30;34,largest_ring_two_bond_fragmentation
FRAG_f259ac919f,JAK2_4f6cca3ffb,COc1ccc2cc1-c1ccnc(n1)Nc1ccc(OCCN3CCCC3)c(c1)COCC=CCOC2,[31*]OCc1cc(Nc2nccc(-c3cc(CO[34*])ccc3OC)n2)ccc1OCCN1CCCC1,[30*]CC=CC[35*],18,4,33,0,30,34,30;35,largest_ring_two_bond_fragmentation
FRAG_5c40aca19a,JAK2_4f6cca3ffb,COc1ccc2cc1-c1ccnc(n1)Nc1ccc(OCCN3CCCC3)c(c1)COCC=CCOC2,[31*]OCc1cc(Nc2nccc(-c3cc(C[35*])ccc3OC)n2)ccc1OCCN1CCCC1,[30*]CC=CCO[36*],18,5,32,0,30,35,30;36,largest_ring_two_bond_fragmentation
FRAG_bf4d600bbf,JAK2_4f6cca3ffb,COc1ccc2cc1-c1ccnc(n1)Nc1ccc(OCCN3CCCC3)c(c1)COCC=CCOC2,[31*]OCc1cc(Nc2nccc(-c3cc([36*])ccc3OC)n2)ccc1OCCN1CCCC1,[5*]COCC=CC[30*],18,6,31,0,30,39,5;30,largest_ring_two_bond_fragmentation
FRAG_efc4fe4133,JAK2_4f6cca3ffb,COc1ccc2cc1-c1ccnc(n1)Nc1ccc(OCCN3CCCC3)c(c1)COCC=CCOC2,[32*]COCc1cc(Nc2nccc(-c3cc(CO[34*])ccc3OC)n2)ccc1OCCN1CCCC1,[31*]C=CC[35*],18,3,34,0,31,34,31;35,largest_ring_two_bond_fragmentation
FRAG_9e0f7c3bd5,JAK2_4f6cca3ffb,COc1ccc2cc1-c1ccnc(n1)Nc1ccc(OCCN3CCCC3)c(c1)COCC=CCOC2,[32*]COCc1cc(Nc2nccc(-c3cc(C[35*])ccc3OC)n2)ccc1OCCN1CCCC1,[31*]C=CCO[36*],18,4,33,0,31,35,31;36,largest_ring_two_bond_fragmentation
FRAG_033b55a66a,JAK2_4f6cca3ffb,COc1ccc2cc1-c1ccnc(n1)Nc1ccc(OCCN3CCCC3)c(c1)COCC=CCOC2,[32*]COCc1cc(Nc2nccc(-c3cc([36*])ccc3OC)n2)ccc1OCCN1CCCC1,[5*]COCC=C[31*],18,5,32,0,31,39,5;31,largest_ring_two_bond_fragmentation
FRAG_ecfa51999e,JAK2_4f6cca3ffb,COc1ccc2cc1-c1ccnc(n1)Nc1ccc(OCCN3CCCC3)c(c1)COCC=CCOC2,[34*]C=CCOCc1cc(Nc2nccc(-c3cc([36*])ccc3OC)n2)ccc1OCCN1CCCC1,[5*]COC[33*],18,3,34,0,33,39,5;33,largest_ring_two_bond_fragmentation
FRAG_899a263f59,JAK2_4d87107920,Fc1cnc2nc1-c1cccc(c1)COCC=CCOCc1cc(ccc1OCCN1CCCC1)N2,[7*]c1nc(Nc2ccc(OCCN3CCCC3)c(COCC=CCOC[11*])c2)ncc1F,[6*]c1cccc([13*])c1,18,6,30,6,6,12,6;13,largest_ring_two_bond_fragmentation
FRAG_528dde486e,JAK2_4d87107920,Fc1cnc2nc1-c1cccc(c1)COCC=CCOCc1cc(ccc1OCCN1CCCC1)N2,[7*]c1nc(Nc2ccc(OCCN3CCCC3)c(COCC=CCO[13*])c2)ncc1F,[6*]c1cccc(C[14*])c1,18,7,29,6,6,13,6;14,largest_ring_two_bond_fragmentation
FRAG_bbadf1c093,JAK2_4d87107920,Fc1cnc2nc1-c1cccc(c1)COCC=CCOCc1cc(ccc1OCCN1CCCC1)N2,[7*]c1nc(Nc2ccc(OCCN3CCCC3)c(COCC=CC[14*])c2)ncc1F,[6*]c1cccc(CO[15*])c1,18,8,28,6,6,14,6;15,largest_ring_two_bond_fragmentation
FRAG_c2c8426d69,JAK2_4d87107920,Fc1cnc2nc1-c1cccc(c1)COCC=CCOCc1cc(ccc1OCCN1CCCC1)N2,[7*]c1nc(Nc2ccc(OCCN3CCCC3)c(COCC=C[15*])c2)ncc1F,[6*]c1cccc(COC[16*])c1,18,9,27,6,6,15,6;16,largest_ring_two_bond_fragmentation
FRAG_ab2dabd062,JAK2_4d87107920,Fc1cnc2nc1-c1cccc(c1)COCC=CCOCc1cc(ccc1OCCN1CCCC1)N2,[7*]c1nc(Nc2ccc(OCCN3CCCC3)c(COC[17*])c2)ncc1F,[6*]c1cccc(COCC=C[18*])c1,18,11,25,6,6,17,6;18,largest_ring_two_bond_fragmentation
FRAG_96c00421d8,JAK2_4d87107920,Fc1cnc2nc1-c1cccc(c1)COCC=CCOCc1cc(ccc1OCCN1CCCC1)N2,[7*]c1nc(Nc2ccc(OCCN3CCCC3)c(CO[18*])c2)ncc1F,[6*]c1cccc(COCC=CC[19*])c1,18,12,24,6,6,18,6;19,largest_ring_two_bond_fragmentation
FRAG_f02b0594cb,JAK2_4d87107920,Fc1cnc2nc1-c1cccc(c1)COCC=CCOCc1cc(ccc1OCCN1CCCC1)N2,[6*]c1cccc(COCC=CCOCc2cc([35*])ccc2OCCN2CCCC2)c1,[7*]c1nc(N[23*])ncc1F,18,8,28,6,6,34,7;23,largest_ring_two_bond_fragmentation
FRAG_4494ec19fa,JAK2_4d87107920,Fc1cnc2nc1-c1cccc(c1)COCC=CCOCc1cc(ccc1OCCN1CCCC1)N2,[4*]Nc1ccc(OCCN2CCCC2)c(COCC=CCOCc2cccc([6*])c2)c1,[7*]c1nc([35*])ncc1F,18,7,29,6,6,39,7;35,largest_ring_two_bond_fragmentation
FRAG_240379652e,JAK2_4d87107920,Fc1cnc2nc1-c1cccc(c1)COCC=CCOCc1cc(ccc1OCCN1CCCC1)N2,[13*]c1cccc(-c2nc(Nc3ccc(OCCN4CCCC4)c(COCC=C[15*])c3)ncc2F)c1,[11*]COC[16*],18,3,33,0,12,15,11;16,largest_ring_two_bond_fragmentation
FRAG_aa5cb4e197,JAK2_4d87107920,Fc1cnc2nc1-c1cccc(c1)COCC=CCOCc1cc(ccc1OCCN1CCCC1)N2,[13*]c1cccc(-c2nc(Nc3ccc(OCCN4CCCC4)c(COC[17*])c3)ncc2F)c1,[11*]COCC=C[18*],18,5,31,0,12,17,11;18,largest_ring_two_bond_fragmentation
FRAG_7fc291132a,JAK2_4d87107920,Fc1cnc2nc1-c1cccc(c1)COCC=CCOCc1cc(ccc1OCCN1CCCC1)N2,[13*]c1cccc(-c2nc(Nc3ccc(OCCN4CCCC4)c(CO[18*])c3)ncc2F)c1,[11*]COCC=CC[19*],18,6,30,0,12,18,11;19,largest_ring_two_bond_fragmentation
FRAG_1820532e0f,JAK2_4d87107920,Fc1cnc2nc1-c1cccc(c1)COCC=CCOCc1cc(ccc1OCCN1CCCC1)N2,[13*]c1cccc(-c2nc(Nc3ccc(OCCN4CCCC4)c(C[19*])c3)ncc2F)c1,[11*]COCC=CCO[20*],18,7,29,0,12,19,11;20,largest_ring_two_bond_fragmentation
FRAG_55e56a41a9,JAK2_4d87107920,Fc1cnc2nc1-c1cccc(c1)COCC=CCOCc1cc(ccc1OCCN1CCCC1)N2,[13*]c1cccc(-c2nc(Nc3ccc(OCCN4CCCC4)c([20*])c3)ncc2F)c1,[11*]COCC=CCOC[21*],18,8,28,0,12,20,11;21,largest_ring_two_bond_fragmentation
FRAG_cf8714b8e4,JAK2_4d87107920,Fc1cnc2nc1-c1cccc(c1)COCC=CCOCc1cc(ccc1OCCN1CCCC1)N2,[14*]Cc1cccc(-c2nc(Nc3ccc(OCCN4CCCC4)c(COC[17*])c3)ncc2F)c1,[13*]OCC=C[18*],18,4,32,0,13,17,13;18,largest_ring_two_bond_fragmentation
FRAG_9e186cfa76,JAK2_4d87107920,Fc1cnc2nc1-c1cccc(c1)COCC=CCOCc1cc(ccc1OCCN1CCCC1)N2,[14*]Cc1cccc(-c2nc(Nc3ccc(OCCN4CCCC4)c(CO[18*])c3)ncc2F)c1,[13*]OCC=CC[19*],18,5,31,0,13,18,13;19,largest_ring_two_bond_fragmentation
FRAG_6d737f28e0,JAK2_4d87107920,Fc1cnc2nc1-c1cccc(c1)COCC=CCOCc1cc(ccc1OCCN1CCCC1)N2,[14*]Cc1cccc(-c2nc(Nc3ccc(OCCN4CCCC4)c(C[19*])c3)ncc2F)c1,[13*]OCC=CCO[20*],18,6,30,0,13,19,13;20,largest_ring_two_bond_fragmentation
FRAG_c05d576264,JAK2_4d87107920,Fc1cnc2nc1-c1cccc(c1)COCC=CCOCc1cc(ccc1OCCN1CCCC1)N2,[14*]Cc1cccc(-c2nc(Nc3ccc(OCCN4CCCC4)c([20*])c3)ncc2F)c1,[13*]OCC=CCOC[21*],18,7,29,0,13,20,13;21,largest_ring_two_bond_fragmentation
FRAG_a0c1ebc0ef,JAK2_4d87107920,Fc1cnc2nc1-c1cccc(c1)COCC=CCOCc1cc(ccc1OCCN1CCCC1)N2,[15*]OCc1cccc(-c2nc(Nc3ccc(OCCN4CCCC4)c(COC[17*])c3)ncc2F)c1,[14*]CC=C[18*],18,3,33,0,14,17,14;18,largest_ring_two_bond_fragmentation
FRAG_55cf6b8c1f,JAK2_4d87107920,Fc1cnc2nc1-c1cccc(c1)COCC=CCOCc1cc(ccc1OCCN1CCCC1)N2,[15*]OCc1cccc(-c2nc(Nc3ccc(OCCN4CCCC4)c(CO[18*])c3)ncc2F)c1,[14*]CC=CC[19*],18,4,32,0,14,18,14;19,largest_ring_two_bond_fragmentation
FRAG_4d35235f5f,JAK2_4d87107920,Fc1cnc2nc1-c1cccc(c1)COCC=CCOCc1cc(ccc1OCCN1CCCC1)N2,[15*]OCc1cccc(-c2nc(Nc3ccc(OCCN4CCCC4)c(C[19*])c3)ncc2F)c1,[14*]CC=CCO[20*],18,5,31,0,14,19,14;20,largest_ring_two_bond_fragmentation
FRAG_e8e5889ae5,JAK2_4d87107920,Fc1cnc2nc1-c1cccc(c1)COCC=CCOCc1cc(ccc1OCCN1CCCC1)N2,[15*]OCc1cccc(-c2nc(Nc3ccc(OCCN4CCCC4)c([20*])c3)ncc2F)c1,[14*]CC=CCOC[21*],18,6,30,0,14,20,14;21,largest_ring_two_bond_fragmentation
FRAG_f1b76796a7,JAK2_4d87107920,Fc1cnc2nc1-c1cccc(c1)COCC=CCOCc1cc(ccc1OCCN1CCCC1)N2,[16*]COCc1cccc(-c2nc(Nc3ccc(OCCN4CCCC4)c(CO[18*])c3)ncc2F)c1,[15*]C=CC[19*],18,3,33,0,15,18,15;19,largest_ring_two_bond_fragmentation
FRAG_a4e883f28a,JAK2_4d87107920,Fc1cnc2nc1-c1cccc(c1)COCC=CCOCc1cc(ccc1OCCN1CCCC1)N2,[16*]COCc1cccc(-c2nc(Nc3ccc(OCCN4CCCC4)c(C[19*])c3)ncc2F)c1,[15*]C=CCO[20*],18,4,32,0,15,19,15;20,largest_ring_two_bond_fragmentation
FRAG_58337bbefe,JAK2_4d87107920,Fc1cnc2nc1-c1cccc(c1)COCC=CCOCc1cc(ccc1OCCN1CCCC1)N2,[16*]COCc1cccc(-c2nc(Nc3ccc(OCCN4CCCC4)c([20*])c3)ncc2F)c1,[15*]C=CCOC[21*],18,5,31,0,15,20,15;21,largest_ring_two_bond_fragmentation
FRAG_e5fce97a63,JAK2_4d87107920,Fc1cnc2nc1-c1cccc(c1)COCC=CCOCc1cc(ccc1OCCN1CCCC1)N2,[18*]C=CCOCc1cccc(-c2nc(Nc3ccc(OCCN4CCCC4)c([20*])c3)ncc2F)c1,[17*]COC[21*],18,3,33,0,17,20,17;21,largest_ring_two_bond_fragmentation
FRAG_029cafe51e,JAK2_b49a7e665d,COCCOc1ccc2cc1CN(C)C/C=C/CCOc1cccc(c1)-c1ccnc(n1)N2,[11*]c1cc(Nc2nccc(-c3cccc(OCC/C=C/C[12*])c3)n2)ccc1OCCOC,[10*]CN([14*])C,18,3,30,0,10,13,10;14,largest_ring_two_bond_fragmentation
FRAG_38ea1aba28,JAK2_b49a7e665d,COCCOc1ccc2cc1CN(C)C/C=C/CCOc1cccc(c1)-c1ccnc(n1)N2,[11*]c1cc(Nc2nccc(-c3cccc(OCC/C=C/[14*])c3)n2)ccc1OCCOC,[10*]CN(C)C[15*],18,4,29,0,10,14,10;15,largest_ring_two_bond_fragmentation
FRAG_501accc781,JAK2_b49a7e665d,COCCOc1ccc2cc1CN(C)C/C=C/CCOc1cccc(c1)-c1ccnc(n1)N2,[11*]c1cc(Nc2nccc(-c3cccc(OCC[16*])c3)n2)ccc1OCCOC,[10*]CN(C)C/C=C/[17*],18,6,27,0,10,16,10;17,largest_ring_two_bond_fragmentation
FRAG_1c2ed7ad52,JAK2_b49a7e665d,COCCOc1ccc2cc1CN(C)C/C=C/CCOc1cccc(c1)-c1ccnc(n1)N2,[11*]c1cc(Nc2nccc(-c3cccc(OC[17*])c3)n2)ccc1OCCOC,[10*]CN(C)C/C=C/C[18*],18,7,26,0,10,17,10;18,largest_ring_two_bond_fragmentation
FRAG_b645a83651,JAK2_b49a7e665d,COCCOc1ccc2cc1CN(C)C/C=C/CCOc1cccc(c1)-c1ccnc(n1)N2,[11*]c1cc(Nc2nccc(-c3cccc(O[18*])c3)n2)ccc1OCCOC,[10*]CN(C)C/C=C/CC[19*],18,8,25,0,10,18,10;19,largest_ring_two_bond_fragmentation
FRAG_c08b5da537,JAK2_b49a7e665d,COCCOc1ccc2cc1CN(C)C/C=C/CCOc1cccc(c1)-c1ccnc(n1)N2,[11*]c1cc(Nc2nccc(-c3cccc([19*])c3)n2)ccc1OCCOC,[10*]CN(C)C/C=C/CCO[20*],18,9,24,0,10,19,10;20,largest_ring_two_bond_fragmentation
FRAG_078c2e1a70,JAK2_b49a7e665d,COCCOc1ccc2cc1CN(C)C/C=C/CCOc1cccc(c1)-c1ccnc(n1)N2,[10*]CN(C)C/C=C/CCOc1cccc(-c2ccnc([32*])n2)c1,[11*]c1cc(N[30*])ccc1OCCOC,18,12,21,6,10,31,11;30,largest_ring_two_bond_fragmentation
FRAG_134d23f369,JAK2_b49a7e665d,COCCOc1ccc2cc1CN(C)C/C=C/CCOc1cccc(c1)-c1ccnc(n1)N2,[8*]Nc1nccc(-c2cccc(OCC/C=C/CN(C)C[10*])c2)n1,[11*]c1cc([32*])ccc1OCCOC,18,11,22,6,10,35,11;32,largest_ring_two_bond_fragmentation
FRAG_81a31e9889,JAK2_b49a7e665d,COCCOc1ccc2cc1CN(C)C/C=C/CCOc1cccc(c1)-c1ccnc(n1)N2,[12*]Cc1cc(Nc2nccc(-c3cccc(OCC/C=C/[14*])c3)n2)ccc1OCCOC,[11*]N(C)C[15*],18,3,30,0,11,14,11;15,largest_ring_two_bond_fragmentation
FRAG_6636cb409e,JAK2_b49a7e665d,COCCOc1ccc2cc1CN(C)C/C=C/CCOc1cccc(c1)-c1ccnc(n1)N2,[12*]Cc1cc(Nc2nccc(-c3cccc(OCC[16*])c3)n2)ccc1OCCOC,[11*]N(C)C/C=C/[17*],18,5,28,0,11,16,11;17,largest_ring_two_bond_fragmentation
FRAG_18de636446,JAK2_b49a7e665d,COCCOc1ccc2cc1CN(C)C/C=C/CCOc1cccc(c1)-c1ccnc(n1)N2,[12*]Cc1cc(Nc2nccc(-c3cccc(OC[17*])c3)n2)ccc1OCCOC,[11*]N(C)C/C=C/C[18*],18,6,27,0,11,17,11;18,largest_ring_two_bond_fragmentation
FRAG_0e349339b2,JAK2_b49a7e665d,COCCOc1ccc2cc1CN(C)C/C=C/CCOc1cccc(c1)-c1ccnc(n1)N2,[12*]Cc1cc(Nc2nccc(-c3cccc(O[18*])c3)n2)ccc1OCCOC,[11*]N(C)C/C=C/CC[19*],18,7,26,0,11,18,11;19,largest_ring_two_bond_fragmentation
FRAG_feafc19ad7,JAK2_b49a7e665d,COCCOc1ccc2cc1CN(C)C/C=C/CCOc1cccc(c1)-c1ccnc(n1)N2,[12*]Cc1cc(Nc2nccc(-c3cccc([19*])c3)n2)ccc1OCCOC,[11*]N(C)C/C=C/CCO[20*],18,8,25,0,11,19,11;20,largest_ring_two_bond_fragmentation
FRAG_3eb54cfee9,JAK2_b49a7e665d,COCCOc1ccc2cc1CN(C)C/C=C/CCOc1cccc(c1)-c1ccnc(n1)N2,[8*]Nc1nccc(-c2cccc(OCC/C=C/CN([11*])C)c2)n1,[12*]Cc1cc([32*])ccc1OCCOC,18,12,21,6,11,35,12;32,largest_ring_two_bond_fragmentation
FRAG_c23f258532,JAK2_b49a7e665d,COCCOc1ccc2cc1CN(C)C/C=C/CCOc1cccc(c1)-c1ccnc(n1)N2,[14*]N(C)Cc1cc(Nc2nccc(-c3cccc(OCC[16*])c3)n2)ccc1OCCOC,[12*]C/C=C/[17*],18,3,30,0,13,16,12;17,largest_ring_two_bond_fragmentation
FRAG_e417d15c69,JAK2_b49a7e665d,COCCOc1ccc2cc1CN(C)C/C=C/CCOc1cccc(c1)-c1ccnc(n1)N2,[14*]N(C)Cc1cc(Nc2nccc(-c3cccc(OC[17*])c3)n2)ccc1OCCOC,[12*]C/C=C/C[18*],18,4,29,0,13,17,12;18,largest_ring_two_bond_fragmentation
FRAG_c34945f184,JAK2_b49a7e665d,COCCOc1ccc2cc1CN(C)C/C=C/CCOc1cccc(c1)-c1ccnc(n1)N2,[14*]N(C)Cc1cc(Nc2nccc(-c3cccc(O[18*])c3)n2)ccc1OCCOC,[12*]C/C=C/CC[19*],18,5,28,0,13,18,12;19,largest_ring_two_bond_fragmentation
FRAG_5ff0e3eb8f,JAK2_b49a7e665d,COCCOc1ccc2cc1CN(C)C/C=C/CCOc1cccc(c1)-c1ccnc(n1)N2,[14*]N(C)Cc1cc(Nc2nccc(-c3cccc([19*])c3)n2)ccc1OCCOC,[12*]C/C=C/CCO[20*],18,6,27,0,13,19,12;20,largest_ring_two_bond_fragmentation
FRAG_c84f7fdf40,JAK2_b49a7e665d,COCCOc1ccc2cc1CN(C)C/C=C/CCOc1cccc(c1)-c1ccnc(n1)N2,[14*]N(C)Cc1cc(Nc2nccc([24*])n2)ccc1OCCOC,[12*]C/C=C/CCOc1cccc([26*])c1,18,12,21,6,13,25,12;26,largest_ring_two_bond_fragmentation
FRAG_d015806b33,JAK2_b49a7e665d,COCCOc1ccc2cc1CN(C)C/C=C/CCOc1cccc(c1)-c1ccnc(n1)N2,[15*]CN(C)Cc1cc(Nc2nccc(-c3cccc(OC[17*])c3)n2)ccc1OCCOC,[14*]/C=C/C[18*],18,3,30,0,14,17,14;18,largest_ring_two_bond_fragmentation
FRAG_02f0eed9c7,JAK2_b49a7e665d,COCCOc1ccc2cc1CN(C)C/C=C/CCOc1cccc(c1)-c1ccnc(n1)N2,[15*]CN(C)Cc1cc(Nc2nccc(-c3cccc(O[18*])c3)n2)ccc1OCCOC,[14*]/C=C/CC[19*],18,4,29,0,14,18,14;19,largest_ring_two_bond_fragmentation
FRAG_56df2820c4,JAK2_b49a7e665d,COCCOc1ccc2cc1CN(C)C/C=C/CCOc1cccc(c1)-c1ccnc(n1)N2,[15*]CN(C)Cc1cc(Nc2nccc(-c3cccc([19*])c3)n2)ccc1OCCOC,[14*]/C=C/CCO[20*],18,5,28,0,14,19,14;20,largest_ring_two_bond_fragmentation
FRAG_cdac47eef4,JAK2_b49a7e665d,COCCOc1ccc2cc1CN(C)C/C=C/CCOc1cccc(c1)-c1ccnc(n1)N2,[15*]CN(C)Cc1cc(Nc2nccc([24*])n2)ccc1OCCOC,[14*]/C=C/CCOc1cccc([26*])c1,18,11,22,6,14,25,14;26,largest_ring_two_bond_fragmentation
FRAG_71ab4d1cee,JAK2_b49a7e665d,COCCOc1ccc2cc1CN(C)C/C=C/CCOc1cccc(c1)-c1ccnc(n1)N2,[17*]/C=C/CN(C)Cc1cc(Nc2nccc(-c3cccc([19*])c3)n2)ccc1OCCOC,[16*]CCO[20*],18,3,30,0,16,19,16;20,largest_ring_two_bond_fragmentation
FRAG_d92a73d3b5,JAK2_b49a7e665d,COCCOc1ccc2cc1CN(C)C/C=C/CCOc1cccc(c1)-c1ccnc(n1)N2,[17*]/C=C/CN(C)Cc1cc(Nc2nccc([24*])n2)ccc1OCCOC,[16*]CCOc1cccc([26*])c1,18,9,24,6,16,25,16;26,largest_ring_two_bond_fragmentation
FRAG_2d9454e80b,JAK2_b49a7e665d,COCCOc1ccc2cc1CN(C)C/C=C/CCOc1cccc(c1)-c1ccnc(n1)N2,[18*]C/C=C/CN(C)Cc1cc(Nc2nccc([24*])n2)ccc1OCCOC,[17*]COc1cccc([26*])c1,18,8,25,6,17,25,17;26,largest_ring_two_bond_fragmentation
FRAG_10433bf0c1,JAK2_b49a7e665d,COCCOc1ccc2cc1CN(C)C/C=C/CCOc1cccc(c1)-c1ccnc(n1)N2,[19*]CC/C=C/CN(C)Cc1cc(Nc2nccc([24*])n2)ccc1OCCOC,[18*]Oc1cccc([26*])c1,18,7,26,6,18,25,18;26,largest_ring_two_bond_fragmentation
FRAG_906ac17eba,JAK2_b49a7e665d,COCCOc1ccc2cc1CN(C)C/C=C/CCOc1cccc(c1)-c1ccnc(n1)N2,[20*]OCC/C=C/CN(C)Cc1cc(Nc2nccc([24*])n2)ccc1OCCOC,[19*]c1cccc([26*])c1,18,6,27,6,19,25,19;26,largest_ring_two_bond_fragmentation
FRAG_b92660a4fb,JAK2_b49a7e665d,COCCOc1ccc2cc1CN(C)C/C=C/CCOc1cccc(c1)-c1ccnc(n1)N2,[20*]OCC/C=C/CN(C)Cc1cc(N[30*])ccc1OCCOC,[19*]c1cccc(-c2ccnc([32*])n2)c1,18,12,21,6,19,31,19;32,largest_ring_two_bond_fragmentation
FRAG_6b90c45af3,JAK2_b49a7e665d,COCCOc1ccc2cc1CN(C)C/C=C/CCOc1cccc(c1)-c1ccnc(n1)N2,[26*]c1cccc(OCC/C=C/CN(C)Cc2cc(N[30*])ccc2OCCOC)c1,[24*]c1ccnc([32*])n1,18,6,27,6,25,31,24;32,largest_ring_two_bond_fragmentation
FRAG_34d44fdad5,JAK2_b49a7e665d,COCCOc1ccc2cc1CN(C)C/C=C/CCOc1cccc(c1)-c1ccnc(n1)N2,[26*]c1cccc(OCC/C=C/CN(C)Cc2cc([32*])ccc2OCCOC)c1,[8*]Nc1nccc([24*])n1,18,7,26,6,25,35,8;24,largest_ring_two_bond_fragmentation
FRAG_3aa2a8252c,JAK2_3946ef17a2,CC(=O)N1CCN(c2ccc3cc2COCC=CCOCc2cccc(c2)-c2ccnc(n2)N3)CC1,[13*]c1cc(Nc2nccc(-c3cccc(COCC=C[15*])c3)n2)ccc1N1CCN(C(C)=O)CC1,[12*]COC[16*],18,3,33,0,12,15,12;16,largest_ring_two_bond_fragmentation
FRAG_255cc35877,JAK2_3946ef17a2,CC(=O)N1CCN(c2ccc3cc2COCC=CCOCc2cccc(c2)-c2ccnc(n2)N3)CC1,[13*]c1cc(Nc2nccc(-c3cccc(COC[17*])c3)n2)ccc1N1CCN(C(C)=O)CC1,[12*]COCC=C[18*],18,5,31,0,12,17,12;18,largest_ring_two_bond_fragmentation
FRAG_48c885e6d8,JAK2_3946ef17a2,CC(=O)N1CCN(c2ccc3cc2COCC=CCOCc2cccc(c2)-c2ccnc(n2)N3)CC1,[13*]c1cc(Nc2nccc(-c3cccc(CO[18*])c3)n2)ccc1N1CCN(C(C)=O)CC1,[12*]COCC=CC[19*],18,6,30,0,12,18,12;19,largest_ring_two_bond_fragmentation
FRAG_dc0b79ed85,JAK2_3946ef17a2,CC(=O)N1CCN(c2ccc3cc2COCC=CCOCc2cccc(c2)-c2ccnc(n2)N3)CC1,[13*]c1cc(Nc2nccc(-c3cccc(C[19*])c3)n2)ccc1N1CCN(C(C)=O)CC1,[12*]COCC=CCO[20*],18,7,29,0,12,19,12;20,largest_ring_two_bond_fragmentation
FRAG_e57ab4a871,JAK2_3946ef17a2,CC(=O)N1CCN(c2ccc3cc2COCC=CCOCc2cccc(c2)-c2ccnc(n2)N3)CC1,[13*]c1cc(Nc2nccc(-c3cccc([20*])c3)n2)ccc1N1CCN(C(C)=O)CC1,[12*]COCC=CCOC[21*],18,8,28,0,12,20,12;21,largest_ring_two_bond_fragmentation
FRAG_cee70798ac,JAK2_3946ef17a2,CC(=O)N1CCN(c2ccc3cc2COCC=CCOCc2cccc(c2)-c2ccnc(n2)N3)CC1,[14*]Cc1cc(Nc2nccc(-c3cccc(COC[17*])c3)n2)ccc1N1CCN(C(C)=O)CC1,[13*]OCC=C[18*],18,4,32,0,13,17,13;18,largest_ring_two_bond_fragmentation
FRAG_751e5f2775,JAK2_3946ef17a2,CC(=O)N1CCN(c2ccc3cc2COCC=CCOCc2cccc(c2)-c2ccnc(n2)N3)CC1,[14*]Cc1cc(Nc2nccc(-c3cccc(CO[18*])c3)n2)ccc1N1CCN(C(C)=O)CC1,[13*]OCC=CC[19*],18,5,31,0,13,18,13;19,largest_ring_two_bond_fragmentation
FRAG_e86296f358,JAK2_3946ef17a2,CC(=O)N1CCN(c2ccc3cc2COCC=CCOCc2cccc(c2)-c2ccnc(n2)N3)CC1,[14*]Cc1cc(Nc2nccc(-c3cccc(C[19*])c3)n2)ccc1N1CCN(C(C)=O)CC1,[13*]OCC=CCO[20*],18,6,30,0,13,19,13;20,largest_ring_two_bond_fragmentation
FRAG_5fe7e9ed64,JAK2_3946ef17a2,CC(=O)N1CCN(c2ccc3cc2COCC=CCOCc2cccc(c2)-c2ccnc(n2)N3)CC1,[14*]Cc1cc(Nc2nccc(-c3cccc([20*])c3)n2)ccc1N1CCN(C(C)=O)CC1,[13*]OCC=CCOC[21*],18,7,29,0,13,20,13;21,largest_ring_two_bond_fragmentation
FRAG_cdf90a29d3,JAK2_3946ef17a2,CC(=O)N1CCN(c2ccc3cc2COCC=CCOCc2cccc(c2)-c2ccnc(n2)N3)CC1,[15*]OCc1cc(Nc2nccc(-c3cccc(COC[17*])c3)n2)ccc1N1CCN(C(C)=O)CC1,[14*]CC=C[18*],18,3,33,0,14,17,14;18,largest_ring_two_bond_fragmentation
FRAG_445e880fa0,JAK2_3946ef17a2,CC(=O)N1CCN(c2ccc3cc2COCC=CCOCc2cccc(c2)-c2ccnc(n2)N3)CC1,[15*]OCc1cc(Nc2nccc(-c3cccc(CO[18*])c3)n2)ccc1N1CCN(C(C)=O)CC1,[14*]CC=CC[19*],18,4,32,0,14,18,14;19,largest_ring_two_bond_fragmentation
FRAG_fbcb793bc9,JAK2_3946ef17a2,CC(=O)N1CCN(c2ccc3cc2COCC=CCOCc2cccc(c2)-c2ccnc(n2)N3)CC1,[15*]OCc1cc(Nc2nccc(-c3cccc(C[19*])c3)n2)ccc1N1CCN(C(C)=O)CC1,[14*]CC=CCO[20*],18,5,31,0,14,19,14;20,largest_ring_two_bond_fragmentation
FRAG_d28cd4b57a,JAK2_3946ef17a2,CC(=O)N1CCN(c2ccc3cc2COCC=CCOCc2cccc(c2)-c2ccnc(n2)N3)CC1,[15*]OCc1cc(Nc2nccc(-c3cccc([20*])c3)n2)ccc1N1CCN(C(C)=O)CC1,[14*]CC=CCOC[21*],18,6,30,0,14,20,14;21,largest_ring_two_bond_fragmentation
FRAG_a2fb7f74d6,JAK2_3946ef17a2,CC(=O)N1CCN(c2ccc3cc2COCC=CCOCc2cccc(c2)-c2ccnc(n2)N3)CC1,[15*]OCc1cc(Nc2nccc([25*])n2)ccc1N1CCN(C(C)=O)CC1,[14*]CC=CCOCc1cccc([27*])c1,18,12,24,6,14,26,14;27,largest_ring_two_bond_fragmentation
FRAG_923b88f1b3,JAK2_3946ef17a2,CC(=O)N1CCN(c2ccc3cc2COCC=CCOCc2cccc(c2)-c2ccnc(n2)N3)CC1,[16*]COCc1cc(Nc2nccc(-c3cccc(CO[18*])c3)n2)ccc1N1CCN(C(C)=O)CC1,[15*]C=CC[19*],18,3,33,0,15,18,15;19,largest_ring_two_bond_fragmentation
FRAG_7ec4d9a795,JAK2_3946ef17a2,CC(=O)N1CCN(c2ccc3cc2COCC=CCOCc2cccc(c2)-c2ccnc(n2)N3)CC1,[16*]COCc1cc(Nc2nccc(-c3cccc(C[19*])c3)n2)ccc1N1CCN(C(C)=O)CC1,[15*]C=CCO[20*],18,4,32,0,15,19,15;20,largest_ring_two_bond_fragmentation
FRAG_b398b6fd01,JAK2_3946ef17a2,CC(=O)N1CCN(c2ccc3cc2COCC=CCOCc2cccc(c2)-c2ccnc(n2)N3)CC1,[16*]COCc1cc(Nc2nccc(-c3cccc([20*])c3)n2)ccc1N1CCN(C(C)=O)CC1,[15*]C=CCOC[21*],18,5,31,0,15,20,15;21,largest_ring_two_bond_fragmentation
FRAG_c87b1ac999,JAK2_3946ef17a2,CC(=O)N1CCN(c2ccc3cc2COCC=CCOCc2cccc(c2)-c2ccnc(n2)N3)CC1,[16*]COCc1cc(Nc2nccc([25*])n2)ccc1N1CCN(C(C)=O)CC1,[15*]C=CCOCc1cccc([27*])c1,18,11,25,6,15,26,15;27,largest_ring_two_bond_fragmentation
FRAG_1c3aee0407,JAK2_3946ef17a2,CC(=O)N1CCN(c2ccc3cc2COCC=CCOCc2cccc(c2)-c2ccnc(n2)N3)CC1,[18*]C=CCOCc1cc(Nc2nccc(-c3cccc([20*])c3)n2)ccc1N1CCN(C(C)=O)CC1,[17*]COC[21*],18,3,33,0,17,20,17;21,largest_ring_two_bond_fragmentation
FRAG_98dc6f70b9,JAK2_3946ef17a2,CC(=O)N1CCN(c2ccc3cc2COCC=CCOCc2cccc(c2)-c2ccnc(n2)N3)CC1,[18*]C=CCOCc1cc(Nc2nccc([25*])n2)ccc1N1CCN(C(C)=O)CC1,[17*]COCc1cccc([27*])c1,18,9,27,6,17,26,17;27,largest_ring_two_bond_fragmentation
FRAG_3c243c78ed,JAK2_3946ef17a2,CC(=O)N1CCN(c2ccc3cc2COCC=CCOCc2cccc(c2)-c2ccnc(n2)N3)CC1,[19*]CC=CCOCc1cc(Nc2nccc([25*])n2)ccc1N1CCN(C(C)=O)CC1,[18*]OCc1cccc([27*])c1,18,8,28,6,18,26,18;27,largest_ring_two_bond_fragmentation
FRAG_b921b3e386,JAK2_3946ef17a2,CC(=O)N1CCN(c2ccc3cc2COCC=CCOCc2cccc(c2)-c2ccnc(n2)N3)CC1,[20*]OCC=CCOCc1cc(Nc2nccc([25*])n2)ccc1N1CCN(C(C)=O)CC1,[19*]Cc1cccc([27*])c1,18,7,29,6,19,26,19;27,largest_ring_two_bond_fragmentation
FRAG_b5111ea7ea,JAK2_3946ef17a2,CC(=O)N1CCN(c2ccc3cc2COCC=CCOCc2cccc(c2)-c2ccnc(n2)N3)CC1,[21*]COCC=CCOCc1cc(Nc2nccc([25*])n2)ccc1N1CCN(C(C)=O)CC1,[20*]c1cccc([27*])c1,18,6,30,6,20,26,20;27,largest_ring_two_bond_fragmentation
FRAG_d9c7cc28c8,JAK2_3946ef17a2,CC(=O)N1CCN(c2ccc3cc2COCC=CCOCc2cccc(c2)-c2ccnc(n2)N3)CC1,[21*]COCC=CCOCc1cc(N[31*])ccc1N1CCN(C(C)=O)CC1,[20*]c1cccc(-c2ccnc([33*])n2)c1,18,12,24,6,20,32,20;33,largest_ring_two_bond_fragmentation
FRAG_e036f2705a,JAK2_3946ef17a2,CC(=O)N1CCN(c2ccc3cc2COCC=CCOCc2cccc(c2)-c2ccnc(n2)N3)CC1,[27*]c1cccc(COCC=CCOCc2cc(N[31*])ccc2N2CCN(C(C)=O)CC2)c1,[25*]c1ccnc([33*])n1,18,6,30,6,26,32,25;33,largest_ring_two_bond_fragmentation
FRAG_c0a32075bc,JAK2_3946ef17a2,CC(=O)N1CCN(c2ccc3cc2COCC=CCOCc2cccc(c2)-c2ccnc(n2)N3)CC1,[27*]c1cccc(COCC=CCOCc2cc([33*])ccc2N2CCN(C(C)=O)CC2)c1,[10*]Nc1nccc([25*])n1,18,7,29,6,26,39,10;25,largest_ring_two_bond_fragmentation
