candidate_id,source_generator,parent_mol_id,canonical_smiles,inchikey,valid_rdkit,unique_flag,novel_flag,mw,logp,tpsa,hbd,hba,rotatable_bonds,qed,sa_score,murcko_scaffold,max_ring_size,has_macrocycle_12_20,has_constrained_ring_8_11,passes_basic_filters,generation_notes
CAND_8f58782c4d,v5_5_pocket_guided,JAK2_79038ef114,COc1ccc2cc1Nc1nc3c(-c4ccc(S(C)(=O)=O)cc4)ccc(n3n1)COCSC2,WZVJNUBMAYWWLX-UHFFFAOYSA-N,True,True,True,482.587,4.2729,94.82,1,8,3,0.4626,4.512,c1ccc(-c2ccc3n4nc(nc24)Nc2cccc(c2)CSCOC3)cc1,13,True,False,True,
CAND_0ea6b3bd67,v5_5_pocket_guided,JAK2_79038ef114,COc1c2cccc1Nc1nc3c(-c4ccc(S(C)(=O)=O)cc4)ccc(n3n1)COCSC2,GFTMCJSHGRIVKS-UHFFFAOYSA-N,True,True,True,482.587,4.2729,94.82,1,8,3,0.4626,4.512,c1ccc(-c2ccc3n4nc(nc24)Nc2cccc(c2)CSCOC3)cc1,13,True,False,True,
CAND_0f3be20d2f,v5_5_pocket_guided,JAK2_79038ef114,COc1c2cccc1Nc1nc3c(-c4ccc(S(C)(=O)=O)cc4)ccc(n3n1)CCOCSC2,FHFSKGKUKFJYKM-UHFFFAOYSA-N,True,True,True,496.614,4.3154,94.82,1,8,3,0.4483,4.59,c1ccc(-c2ccc3n4nc(nc24)Nc2cccc(c2)CSCOCC3)cc1,14,True,False,True,
CAND_aba9ac81c8,v5_5_pocket_guided,JAK2_79038ef114,COc1ccc2cc1Nc1nc3c(cccn3n1)-c1ccc(S(C)(=O)=O)cc1COCNC2,VUDALQCKUAEHPE-UHFFFAOYSA-N,True,True,True,465.535,3.1293,106.85,2,8,2,0.4651,4.292,c1cc2cc(c1)Nc1nc3c(cccn3n1)-c1ccccc1COCNC2,15,True,False,True,
CAND_85fbfbf3db,v5_5_pocket_guided,JAK2_79038ef114,COc1ccc2cc1Nc1nc3c(cccn3n1)-c1ccc(S(C)(=O)=O)cc1COCNCC2,HLEHIBQKCZJUQY-UHFFFAOYSA-N,True,True,True,479.562,3.1718,106.85,2,8,2,0.4516,4.37,c1cc2cc(c1)Nc1nc3c(cccn3n1)-c1ccccc1COCNCC2,16,True,False,True,
CAND_59b9cb396b,v5_5_pocket_guided,JAK2_79038ef114,COc1cc2ccc1Nc1nc3c(-c4ccc(S(C)(=O)=O)cc4)cc(cn3n1)COCNC2,WSSFYINJYAWSEU-UHFFFAOYSA-N,True,True,True,465.535,3.1293,106.85,2,8,3,0.4753,4.417,c1ccc(-c2cc3cn4nc(nc24)Nc2ccc(cc2)CNCOC3)cc1,15,True,False,True,
CAND_b11643e912,v5_5_pocket_guided,JAK2_79038ef114,COc1cc2ccc1Nc1nc3c(-c4ccc(S(C)(=O)=O)cc4)cc(cn3n1)COCNCC2,QBTQFNJQGUERMZ-UHFFFAOYSA-N,True,True,True,479.562,3.1718,106.85,2,8,3,0.4615,4.495,c1ccc(-c2cc3cn4nc(nc24)Nc2ccc(cc2)CCNCOC3)cc1,16,True,False,True,
CAND_7c716cbf2c,v5_5_pocket_guided,JAK2_79038ef114,COc1cc2ccc1Nc1nc3c(cccn3n1)-c1ccc(S(C)(=O)=O)cc1COCNC2,STVBEEZSNSULKV-UHFFFAOYSA-N,True,True,True,465.535,3.1293,106.85,2,8,2,0.4651,4.292,c1ccc2c(c1)COCNCc1ccc(cc1)Nc1nc3c-2cccn3n1,16,True,False,True,
CAND_715e53ab6e,v5_5_pocket_guided,JAK2_79038ef114,COc1cc2ccc1Nc1nc3c(cccn3n1)-c1ccc(S(C)(=O)=O)cc1COCNCC2,WHWUVVNJPWYGAV-UHFFFAOYSA-N,True,True,True,479.562,3.1718,106.85,2,8,2,0.4516,4.37,c1ccc2c(c1)COCNCCc1ccc(cc1)Nc1nc3c-2cccn3n1,17,True,False,True,
CAND_97d10b2bf0,v5_5_pocket_guided,JAK2_79038ef114,COc1cccc2c1Nc1nc3c(-c4ccc(S(C)(=O)=O)cc4)cc(cn3n1)COCSC2,ZCSPCTBPNAVUIE-UHFFFAOYSA-N,True,True,True,482.587,4.2729,94.82,1,8,3,0.4626,4.512,c1ccc(-c2cc3cn4nc(nc24)Nc2ccccc2CSCOC3)cc1,13,True,False,True,
CAND_ae3e5b7c5c,v5_5_pocket_guided,JAK2_79038ef114,COc1cccc2c1Nc1nc3c(-c4ccc(S(C)(=O)=O)cc4)cc(cn3n1)CCOCSC2,GARLKDSNZHSBTP-UHFFFAOYSA-N,True,True,True,496.614,4.3154,94.82,1,8,3,0.4483,4.59,c1ccc(-c2cc3cn4nc(nc24)Nc2ccccc2CSCOCC3)cc1,14,True,False,True,
CAND_eee3e9a9b2,v5_5_pocket_guided,JAK2_79038ef114,COc1cccc2c1Nc1nc3c(cccn3n1)-c1ccc(S(C)(=O)=O)cc1CSCOC2,KIZZITVJDCGCEU-UHFFFAOYSA-N,True,True,True,482.587,4.2729,94.82,1,8,2,0.4526,4.387,c1ccc2c(c1)COCSCc1ccccc1-c1cccn3nc(nc13)N2,14,True,False,True,
CAND_49672ce1f9,v5_5_pocket_guided,JAK2_79038ef114,COc1c2cccc1Nc1nc3c(cccn3n1)-c1ccc(S(C)(=O)=O)cc1COCNC2,TUPMRABTNZDLQB-UHFFFAOYSA-N,True,True,True,465.535,3.1293,106.85,2,8,2,0.4651,4.292,c1cc2cc(c1)Nc1nc3c(cccn3n1)-c1ccccc1COCNC2,15,True,False,True,
CAND_fefc918672,v5_5_pocket_guided,JAK2_79038ef114,COc1c2cccc1Nc1nc3c(cccn3n1)-c1ccc(S(C)(=O)=O)cc1COCNCC2,DWMAVVUCAVYROT-UHFFFAOYSA-N,True,True,True,479.562,3.1718,106.85,2,8,2,0.4516,4.37,c1cc2cc(c1)Nc1nc3c(cccn3n1)-c1ccccc1COCNCC2,16,True,False,True,
CAND_8a6617e03a,v5_5_pocket_guided,JAK2_bb041e75cb,CC(=O)Nc1ccc(-c2nc3nc(c2C)COCNCCC2CN(CCO2)c2ccc(cc2)N3)cc1,VMGWPKRNFJHBDJ-UHFFFAOYSA-N,True,True,True,488.592,3.8266,100.64,3,8,2,0.5006,4.67,c1ccc(-c2cc3nc(n2)Nc2ccc(cc2)N2CCOC(CCNCOC3)C2)cc1,17,True,False,True,
CAND_f11ff7167e,v5_5_pocket_guided,JAK2_bb041e75cb,CC(=O)Nc1ccc(-c2nc3nc(c2C)CSCSCCC2CN(CCO2)c2ccc(cc2)N3)cc1,OJMJIJRIKFEQKV-UHFFFAOYSA-N,True,True,True,521.712,5.6868,79.38,2,8,2,0.4455,5.197,c1ccc(-c2cc3nc(n2)Nc2ccc(cc2)N2CCOC(CCSCSC3)C2)cc1,17,True,False,True,
CAND_fd80188ca2,v5_5_pocket_guided,JAK2_bb041e75cb,CC(=O)Nc1ccc2c(c1)CCSCCSCCc1cc(N3CCOCC3)ccc1Nc1ncc(C)c-2n1,ABIGLBGJQVYXAW-UHFFFAOYSA-N,True,True,True,549.766,5.5556,79.38,2,8,2,0.4305,5.038,c1ccc2c(c1)CCSCCSCCc1cc(N3CCOCC3)ccc1Nc1nccc-2n1,16,True,False,True,
CAND_7de9ad38a2,v5_5_pocket_guided,JAK2_155bd54352,COc1ccc(-c2ccc3c4nc(nn23)Nc2ccc(c(Cl)c2)N2CCN(C)CC2CNCOC4)cn1,FXQDDBDUMBFXOW-UHFFFAOYSA-N,True,True,True,521.025,3.3946,92.08,2,9,2,0.4123,4.85,c1cncc(-c2ccc3c4nc(nn23)Nc2ccc(cc2)N2CCNCC2CNCOC4)c1,15,True,False,True,
CAND_d609b40c0f,v5_5_pocket_guided,JAK2_155bd54352,COc1ccc(-c2ccc3c4nc(nn23)Nc2ccc(c(Cl)c2)N2CCN(C)CC2COCSC4)cn1,KLIIWRCKBWBUAM-UHFFFAOYSA-N,True,True,True,538.077,4.5382,80.05,1,9,2,0.3962,4.945,c1cncc(-c2ccc3c4nc(nn23)Nc2ccc(cc2)N2CCNCC2COCSC4)c1,15,True,False,True,
CAND_8963515af2,v5_5_pocket_guided,JAK2_155bd54352,COc1ccc(-c2cc3c4cnc(nn24)Nc2ccc(c(Cl)c2)N2CCN(C)CC2CNCOC3)cn1,OFRCCYNSYASZBL-UHFFFAOYSA-N,True,True,True,521.025,3.3946,92.08,2,9,2,0.4123,4.85,c1cncc(-c2cc3c4cnc(nn24)Nc2ccc(cc2)N2CCNCC2CNCOC3)c1,17,True,False,True,
CAND_c40fa5398d,v5_5_pocket_guided,JAK2_155bd54352,COc1ccc(-c2cc3c4cnc(nn24)Nc2ccc(c(Cl)c2)N2CCN(C)CC2CCNCOC3)cn1,QFXPZTWGLYDMSW-UHFFFAOYSA-N,True,True,True,535.052,3.7847,92.08,2,9,2,0.3983,4.928,c1cncc(-c2cc3c4cnc(nn24)Nc2ccc(cc2)N2CCNCC2CCNCOC3)c1,18,True,False,True,
CAND_19a536e3d2,v5_5_pocket_guided,JAK2_155bd54352,COc1cc2c(cn1)-c1ccc3cnc(nn13)Nc1ccc(c(Cl)c1)N1CCN(C)CC1CNCOC2,RFOYRTJXFMGERV-UHFFFAOYSA-N,True,True,True,521.025,3.3946,92.08,2,9,1,0.3915,4.725,c1cc2c(cn1)-c1ccc3cnc(nn13)Nc1ccc(cc1)N1CCNCC1CNCOC2,18,True,False,True,
CAND_e4823f5727,v5_5_pocket_guided,JAK2_155bd54352,COc1cc2c(cn1)-c1ccc3cnc(nn13)Nc1ccc(c(Cl)c1)N1CCN(C)CC1CCNCOC2,GKKANVFQHYHUQV-UHFFFAOYSA-N,True,True,True,535.052,3.7847,92.08,2,9,1,0.3782,4.803,c1cc2c(cn1)-c1ccc3cnc(nn13)Nc1ccc(cc1)N1CCNCC1CCNCOC2,19,True,False,True,
CAND_73d68e9fba,v5_5_pocket_guided,JAK2_155bd54352,COc1ccc(-c2ccc3c4nc(nn23)Nc2ccc(c(Cl)c2)N2CCN(C)C(CNCOC4)C2)cn1,UGDYWSYWMGTFFJ-UHFFFAOYSA-N,True,True,True,521.025,3.3946,92.08,2,9,2,0.4123,4.85,c1cncc(-c2ccc3c4nc(nn23)Nc2ccc(cc2)N2CCNC(CNCOC4)C2)c1,16,True,False,True,
CAND_c78b3e4148,v5_5_pocket_guided,JAK2_155bd54352,CN1CCN(c2ccc3c(c2Cl)COCNCCOc2ccc(cn2)-c2ccc4cnc(nn24)N3)CC1,ZSHQQEKRBFVHRQ-UHFFFAOYSA-N,True,True,True,521.025,3.3962,92.08,2,9,1,0.3915,4.475,c1cc2ncc1-c1ccc3cnc(nn13)Nc1ccc(N3CCNCC3)cc1COCNCCO2,18,True,False,True,
CAND_9e4ffceec9,v5_5_pocket_guided,JAK2_155bd54352,COc1ccc(-c2ccc3c4nc(nn23)Nc2cc(Cl)c(N3CCN(C)CC3)c(c2)CSCSCC4)cn1,HGMUVFKLDYMHSA-UHFFFAOYSA-N,True,True,True,568.172,5.4287,70.82,1,9,3,0.3488,5.201,c1cncc(-c2ccc3c4nc(nn23)Nc2ccc(N3CCNCC3)c(c2)CSCSCC4)c1,13,True,False,True,
CAND_fb3d46d368,v5_5_pocket_guided,JAK2_155bd54352,COc1ccc(-c2ccc3c4nc(nn23)Nc2ccc(N3CCN(C)CC3)c(Cl)c2CCSCSCC4)cn1,LXJITOKZDNGFMY-UHFFFAOYSA-N,True,True,True,582.199,5.4712,70.82,1,9,3,0.3389,5.301,c1cncc(-c2ccc3c4nc(nn23)Nc2ccc(N3CCNCC3)cc2CCSCSCC4)c1,13,True,False,True,
CAND_b8e4d9515e,v5_5_pocket_guided,JAK2_155bd54352,COc1ccc(-c2ccc3c4nc(nn23)Nc2cc(Cl)c(N3CCN(C)CC3)cc2CCSCSCC4)cn1,URQRDTVFZVQJMJ-UHFFFAOYSA-N,True,True,True,582.199,5.4712,70.82,1,9,3,0.3389,5.301,c1cncc(-c2ccc3c4nc(nn23)Nc2ccc(N3CCNCC3)cc2CCSCSCC4)c1,13,True,False,True,
CAND_7c05d32b8d,v5_5_pocket_guided,JAK2_155bd54352,COc1ccc(-c2cc3c4cnc(nn24)Nc2cc(Cl)c(N4CCN(C)CC4)c(c2)CCCC3)cn1,IATKQZPAPNERIJ-UHFFFAOYSA-N,True,True,True,504.038,4.8275,70.82,1,7,3,0.4292,4.631,c1cncc(-c2cc3c4cnc(nn24)Nc2ccc(N4CCNCC4)c(c2)CCCC3)c1,13,True,False,True,
CAND_9ba10771de,v5_5_pocket_guided,JAK2_155bd54352,COc1ccc(-c2cc3c4cnc(nn24)Nc2cc(Cl)c(N4CCN(C)CC4)c(c2)CSCOC3)cn1,GHAVHJGFBJWADS-UHFFFAOYSA-N,True,True,True,538.077,4.6696,80.05,1,9,3,0.4007,4.82,c1cncc(-c2cc3c4cnc(nn24)Nc2ccc(N4CCNCC4)c(c2)CSCOC3)c1,14,True,False,True,
CAND_efe79e39a5,v5_5_pocket_guided,JAK2_155bd54352,COc1ccc(-c2cc3c4cnc(nn24)Nc2cc(Cl)c(N4CCN(C)CC4)c(c2)CSCOCC3)cn1,LNRNUXFAGMZYHZ-UHFFFAOYSA-N,True,True,True,552.104,4.7121,80.05,1,9,3,0.3891,4.898,c1cncc(-c2cc3c4cnc(nn24)Nc2ccc(N4CCNCC4)c(c2)CSCOCC3)c1,15,True,False,True,
CAND_30f572f263,v5_5_pocket_guided,JAK2_155bd54352,COc1ccc(-c2cc3c4cnc(nn24)Nc2ccc(N4CCN(C)CC4)c(Cl)c2CSCSC3)cn1,KPEWSFMBCRJACF-UHFFFAOYSA-N,True,True,True,554.145,5.3862,70.82,1,9,3,0.3595,5.102,c1cncc(-c2cc3c4cnc(nn24)Nc2ccc(N4CCNCC4)cc2CSCSC3)c1,13,True,False,True,
CAND_39ff2db598,v5_5_pocket_guided,JAK2_155bd54352,COc1ccc(-c2cc3c4cnc(nn24)Nc2ccc(N4CCN(C)CC4)c(Cl)c2CSCSCC3)cn1,PALVQTKSMHOIJS-UHFFFAOYSA-N,True,True,True,568.172,5.4287,70.82,1,9,3,0.3488,5.201,c1cncc(-c2cc3c4cnc(nn24)Nc2ccc(N4CCNCC4)cc2CSCSCC3)c1,14,True,False,True,
CAND_047bf215c9,v5_5_pocket_guided,JAK2_155bd54352,COc1ccc(-c2cc3c4cnc(nn24)Nc2cc(Cl)c(N4CCN(C)CC4)cc2CSCSC3)cn1,MQFMYFFIKRGKRM-UHFFFAOYSA-N,True,True,True,554.145,5.3862,70.82,1,9,3,0.3595,5.102,c1cncc(-c2cc3c4cnc(nn24)Nc2ccc(N4CCNCC4)cc2CSCSC3)c1,13,True,False,True,
CAND_1e4806b1e8,v5_5_pocket_guided,JAK2_155bd54352,COc1ccc(-c2cc3c4cnc(nn24)Nc2cc(Cl)c(N4CCN(C)CC4)cc2CSCSCC3)cn1,HFXXIUVUKNVQLR-UHFFFAOYSA-N,True,True,True,568.172,5.4287,70.82,1,9,3,0.3488,5.201,c1cncc(-c2cc3c4cnc(nn24)Nc2ccc(N4CCNCC4)cc2CSCSCC3)c1,14,True,False,True,
CAND_3dfa95d1a2,v5_5_pocket_guided,JAK2_155bd54352,COc1cc2c(cn1)-c1ccc3cnc(nn13)Nc1cc(Cl)c(N3CCN(C)CC3)c(c1)CCCC2,BWKMMNSMHVAABC-UHFFFAOYSA-N,True,True,True,504.038,4.8275,70.82,1,7,2,0.4199,4.506,c1cc2c(cn1)-c1ccc3cnc(nn13)Nc1ccc(N3CCNCC3)c(c1)CCCC2,14,True,False,True,
CAND_ca7271b53b,v5_5_pocket_guided,JAK2_155bd54352,COc1cc2c(cn1)-c1ccc3cnc(nn13)Nc1cc(Cl)c(N3CCN(C)CC3)c(c1)CNCOC2,RJHQASWTETWPFK-UHFFFAOYSA-N,True,True,True,521.025,3.526,92.08,2,9,2,0.4115,4.6,c1cc2c(cn1)-c1ccc3cnc(nn13)Nc1ccc(N3CCNCC3)c(c1)CNCOC2,15,True,False,True,
CAND_0c68695d46,v5_5_pocket_guided,JAK2_d4e8488591,Cc1cc2cc(n1)Nc1sc(cc1C(N)=O)-c1ccc(F)c(c1)CCOCOCC2,MLPSQFKJUATNPX-UHFFFAOYSA-N,True,True,True,427.501,4.1894,86.47,2,6,1,0.6082,3.756,c1cc2cc(c1)-c1ccc(s1)Nc1cc(ccn1)CCOCOCC2,17,True,False,True,
CAND_993cf43817,v5_5_pocket_guided,JAK2_d4e8488591,Cc1cc2cc(n1)Nc1sc(cc1C(N)=O)-c1ccc(F)c(c1)COCNCC2,YMHWYCNKXLFQRG-UHFFFAOYSA-N,True,True,True,412.49,3.7199,89.27,3,6,1,0.5669,3.672,c1cc2cc(c1)-c1ccc(s1)Nc1cc(ccn1)CCNCOC2,16,True,False,True,
CAND_f9e5444988,v5_5_pocket_guided,JAK2_d4e8488591,Cc1cc2cc(n1)Nc1sc(cc1C(N)=O)-c1ccc(F)c(c1)COCOCC2,RJRNFDWKOOYJIH-UHFFFAOYSA-N,True,True,True,413.474,4.1469,86.47,2,6,1,0.626,3.678,c1cc2cc(c1)-c1ccc(s1)Nc1cc(ccn1)CCOCOC2,16,True,False,True,
CAND_a556a9df63,v5_5_pocket_guided,JAK2_d4e8488591,Cc1ccc2c(n1)Nc1sc(cc1C(N)=O)-c1ccc(F)c(c1)CCOCOC2,NQZAVPJJVNFYGX-UHFFFAOYSA-N,True,True,True,413.474,4.1469,86.47,2,6,1,0.626,3.678,c1cc2cc(c1)-c1ccc(s1)Nc1ncccc1COCOCC2,15,True,False,True,
CAND_8dcd0c2abd,v5_5_pocket_guided,JAK2_d4e8488591,Cc1ccc2c(n1)Nc1sc(cc1C(N)=O)-c1ccc(F)c(c1)COCOC2,RZONZHIFPATTHF-UHFFFAOYSA-N,True,True,True,399.447,4.1044,86.47,2,6,1,0.6433,3.6,c1cc2cc(c1)-c1ccc(s1)Nc1ncccc1COCOC2,14,True,False,True,
CAND_6e72f84e62,v5_5_pocket_guided,JAK2_d4e8488591,Cc1ccc2c(n1)Nc1sc(cc1C(N)=O)-c1ccc(F)cc1CCOCSC2,FDZBGJWOSLJDNM-UHFFFAOYSA-N,True,True,True,429.542,4.8635,77.24,2,6,1,0.5775,3.767,c1ccc2c(c1)CCOCSCc1cccnc1Nc1ccc-2s1,14,True,False,True,
CAND_ce8d15fc15,v5_5_pocket_guided,JAK2_628eb3c7b6,CC[C@@H](Nc1cc2nc(n1)CSCSCCc1ccn3nc(N)c-2c3n1)c1ccc(F)cc1,IHOHXNOLXVVHNA-QGZVFWFLSA-N,True,True,True,481.626,4.9508,94.02,2,8,4,0.4228,4.881,c1ccc(CNc2cc3nc(n2)CSCSCCc2ccn4ncc-3c4n2)cc1,13,True,False,True,
CAND_7e8acdf14b,v5_5_pocket_guided,JAK2_628eb3c7b6,CC[C@H]1Nc2cc(ncn2)-c2c(N)nn3ccc(nc23)CNCOCc2cc1ccc2F,YXGADCLVWCLRTK-QGZVFWFLSA-N,True,True,True,434.479,3.0481,115.28,3,8,1,0.4187,4.244,c1cc2cc(c1)COCNCc1ccn3ncc(c3n1)-c1cc(ncn1)NC2,17,True,False,True,
CAND_15a9335668,v5_5_pocket_guided,JAK2_628eb3c7b6,CC[C@@H](Nc1cc2nc(n1)CSCSCCc1ccnc3c-2c(N)nn13)c1ccc(F)cc1,REWLJVDYOUMKPB-QGZVFWFLSA-N,True,True,True,481.626,4.9508,94.02,2,8,4,0.4228,4.881,c1ccc(CNc2cc3nc(n2)CSCSCCc2ccnc4c-3cnn24)cc1,13,True,False,True,
CAND_1fb5702091,v5_5_pocket_guided,JAK2_628eb3c7b6,CC[C@H]1Nc2cc(ncn2)-c2c(N)nn3c(ccnc23)CNCOCc2cc1ccc2F,BAHABOTXFGKXDO-QGZVFWFLSA-N,True,True,True,434.479,3.0481,115.28,3,8,1,0.4187,4.244,c1cc2cc(c1)COCNCc1ccnc3c(cnn13)-c1cc(ncn1)NC2,17,True,False,True,
CAND_962906b23f,v5_5_pocket_guided,JAK2_628eb3c7b6,CC[C@@H](Nc1cc2nc(n1)CSCSCc1cnc3c-2c(N)nn3c1)c1ccc(F)cc1,MLPVRFAFVMMZOU-MRXNPFEDSA-N,True,True,True,467.599,4.9083,94.02,2,8,4,0.4373,4.803,c1ccc(CNc2cc3nc(n2)CSCSCc2cnc4c-3cnn4c2)cc1,13,True,False,True,
CAND_e2374410f0,v5_5_pocket_guided,JAK2_628eb3c7b6,CC[C@@H](Nc1cc2nc(n1)CCSCSCc1cnc3c-2c(N)nn3c1)c1ccc(F)cc1,VRXWAWMOJOKECW-QGZVFWFLSA-N,True,True,True,481.626,4.9508,94.02,2,8,4,0.4228,4.881,c1ccc(CNc2cc3nc(n2)CCSCSCc2cnc4c-3cnn4c2)cc1,14,True,False,True,
CAND_5f15fcafbf,v5_5_pocket_guided,JAK2_628eb3c7b6,CC[C@H]1Nc2cc(ncn2)-c2c(N)nn3cc(cnc23)CNCOCc2cc1ccc2F,LCWALUQRTAVRDZ-QGZVFWFLSA-N,True,True,True,434.479,3.0481,115.28,3,8,1,0.4187,4.244,c1cc2cc(c1)COCNCc1cnc3c(cnn3c1)-c1cc(ncn1)NC2,18,True,False,True,
CAND_1641f8e1c6,v5_5_pocket_guided,JAK2_bb43002d12,Cc1cc(Nc2nc3nn4c(ccc24)CCSCSCC2CN3CCN2C(=O)c2ccc(C#N)cc2)n[nH]1,LNAVYESWBNVFLQ-UHFFFAOYSA-N,True,True,True,545.698,3.6871,118.24,2,9,3,0.3973,5.112,O=C(c1ccccc1)N1CCN2CC1CSCSCCc1ccc3c(Nc4cc[nH]n4)nc2nn13,13,True,False,True,
CAND_8b249116f4,v5_5_pocket_guided,JAK2_bb43002d12,Cc1cc(Nc2nc3nn4cc(cc24)CSCSCCC2CN(C(=O)c4ccc(C#N)cc4)CCN32)n[nH]1,YTUZOQPTARYRGS-UHFFFAOYSA-N,True,True,True,545.698,4.0347,118.24,2,9,3,0.3932,5.112,O=C(c1ccccc1)N1CCN2c3nc(Nc4cc[nH]n4)c4cc(cn4n3)CSCSCCC2C1,13,True,False,True,
CAND_6505f7fae8,v5_5_pocket_guided,JAK2_bb43002d12,Cc1cc(Nc2nc3nn4ccc(c24)CSCSCCC2CN(C(=O)c4ccc(C#N)cc4)CCN32)n[nH]1,GPLXSAHRWKQNKM-UHFFFAOYSA-N,True,True,True,545.698,4.0347,118.24,2,9,3,0.3932,5.112,O=C(c1ccccc1)N1CCN2c3nc(Nc4cc[nH]n4)c4c(ccn4n3)CSCSCCC2C1,13,True,False,True,
CAND_96365819ec,v5_5_pocket_guided,JAK2_bfebc14fe9,CN1c2ncccc2-c2ccc3c(nc(Nc4ccc(C5CCN(CC(N)=O)CC5)cc4)nn23)COCOCCS1(=O)=O,FRGJELCWHFRBTP-UHFFFAOYSA-N,True,True,True,606.709,2.4699,157.28,2,10,5,0.3458,5.451,O=S1(=O)CCOCOCc2nc(Nc3ccc(C4CCNCC4)cc3)nn3c(ccc23)-c2cccnc2N1,14,True,False,True,
CAND_e31092dadf,v5_5_pocket_guided,JAK2_bfebc14fe9,CN1c2ncccc2-c2ccc3c(nc(Nc4ccc(C5CCN(CC(N)=O)CC5)cc4)nn23)CCOCOCCS1(=O)=O,RUSJMCIQMMIURV-UHFFFAOYSA-N,True,True,True,620.736,2.5124,157.28,2,10,5,0.3398,5.529,O=S1(=O)CCOCOCCc2nc(Nc3ccc(C4CCNCC4)cc3)nn3c(ccc23)-c2cccnc2N1,15,True,False,True,
CAND_d64ca99774,v5_5_pocket_guided,JAK2_2e8eed6911,COc1ccc2cc1-c1ccc3cnc(nn13)Nc1ccc(C3CCN(CC(N)=O)CC3)c(c1)COCNC2,LPLFEFSDGAFNDS-UHFFFAOYSA-N,True,True,True,527.629,3.3905,119.04,3,8,4,0.3696,4.887,c1cc2cc(c1)-c1ccc3cnc(nn13)Nc1ccc(C3CCNCC3)c(c1)COCNC2,16,True,False,True,
CAND_0e4a71ecf2,v5_5_pocket_guided,JAK2_2e8eed6911,COc1ccc2cc1-c1ccc3cnc(nn13)Nc1ccc(C3CCN(CC(N)=O)CC3)c(c1)CSCOC2,KQVCDADNCXHUCO-UHFFFAOYSA-N,True,True,True,544.681,4.5341,107.01,2,8,4,0.3859,4.982,c1cc2cc(c1)-c1ccc3cnc(nn13)Nc1ccc(C3CCNCC3)c(c1)CSCOC2,16,True,False,True,
CAND_ca30483579,v5_5_pocket_guided,JAK2_2e8eed6911,COc1ccc2cc1-c1ccc3cnc(nn13)Nc1ccc(C3CCN(CC(N)=O)CC3)c(c1)COCNCC2,PTNUAEFSFBNOGR-UHFFFAOYSA-N,True,True,True,541.656,3.433,119.04,3,8,4,0.3597,4.965,c1cc2cc(c1)-c1ccc3cnc(nn13)Nc1ccc(C3CCNCC3)c(c1)COCNCC2,17,True,False,True,
CAND_610f7f38c1,v5_5_pocket_guided,JAK2_2e8eed6911,COc1ccc2cc1-c1ccc3cnc(nn13)Nc1ccc(C3CCN(CC(N)=O)CC3)c(c1)CSCOCC2,VNTFHMFGBVCNAE-UHFFFAOYSA-N,True,True,True,558.708,4.5766,107.01,2,8,4,0.3751,5.059,c1cc2cc(c1)-c1ccc3cnc(nn13)Nc1ccc(C3CCNCC3)c(c1)CSCOCC2,17,True,False,True,
CAND_8b442635ee,v5_5_pocket_guided,JAK2_2e8eed6911,COc1cc2ccc1-c1ccc3c(nc(Nc4ccc(C5CCN(CC(N)=O)CC5)cc4)nn13)CCCSCCSCCC2,RYQSBIJCUIDCHL-UHFFFAOYSA-N,True,True,True,630.884,6.1584,97.78,2,8,6,0.2616,6.29,c1cc2ccc1CCCSCCSCCCc1nc(Nc3ccc(C4CCNCC4)cc3)nn3c-2ccc13,18,True,False,True,
CAND_730652f3ed,v5_5_pocket_guided,JAK2_2e8eed6911,COc1cc2ccc1-c1ccc3cnc(nn13)Nc1ccc(C3CCN(CC(N)=O)CC3)c(c1)COCNC2,WSVMVRMMCLHBNV-UHFFFAOYSA-N,True,True,True,527.629,3.3905,119.04,3,8,4,0.3696,4.887,c1cc2ccc1CNCOCc1cc(ccc1C1CCNCC1)Nc1ncc3ccc-2n3n1,17,True,False,True,
CAND_512a664d8c,v5_5_pocket_guided,JAK2_2e8eed6911,COc1cc2ccc1-c1ccc3cnc(nn13)Nc1ccc(C3CCN(CC(N)=O)CC3)c(c1)COCNCC2,UTUPRZJHIKUXBT-UHFFFAOYSA-N,True,True,True,541.656,3.433,119.04,3,8,4,0.3597,4.965,c1cc2ccc1CCNCOCc1cc(ccc1C1CCNCC1)Nc1ncc3ccc-2n3n1,18,True,False,True,
CAND_a73b261e28,v5_5_pocket_guided,JAK2_2e8eed6911,COc1ccccc1-c1ccc2c3nc(nn12)Nc1ccc(C2CCN(CC(N)=O)CC2)c(c1)CSCSCC3,XRGFBBGNHUGMKV-UHFFFAOYSA-N,True,True,True,574.776,5.2932,97.78,2,8,5,0.3318,5.42,c1ccc(-c2ccc3c4nc(nn23)Nc2ccc(C3CCNCC3)c(c2)CSCSCC4)cc1,13,True,False,True,
CAND_801f262b3b,v5_5_pocket_guided,JAK2_2e8eed6911,COc1ccccc1-c1cc2c3cnc(nn13)Nc1ccc(C3CCN(CC(N)=O)CC3)c(c1)CSCOC2,GEZCWFHFSKKSTH-UHFFFAOYSA-N,True,True,True,544.681,4.5341,107.01,2,8,5,0.3774,5.107,c1ccc(-c2cc3c4cnc(nn24)Nc2ccc(C4CCNCC4)c(c2)CSCOC3)cc1,14,True,False,True,
CAND_b881c16a29,v5_5_pocket_guided,JAK2_2e8eed6911,COc1ccccc1-c1cc2c3cnc(nn13)Nc1ccc(C3CCN(CC(N)=O)CC3)c(c1)CSCOCC2,CVSIGNJOAKVLPC-UHFFFAOYSA-N,True,True,True,558.708,4.5766,107.01,2,8,5,0.3668,5.184,c1ccc(-c2cc3c4cnc(nn24)Nc2ccc(C4CCNCC4)c(c2)CSCOCC3)cc1,15,True,False,True,
CAND_a312e81d35,v5_5_pocket_guided,JAK2_14d06e82bc,O=c1[nH]cc2c3nc(NC4CC(F)(F)C4)c4c(cc(F)cc4c13)CCSCSCC2,LJRLOBQLNIAAKW-UHFFFAOYSA-N,True,True,True,451.539,4.9475,57.78,2,5,2,0.5403,4.214,O=c1[nH]cc2c3nc(NC4CCC4)c4c(cccc4c13)CCSCSCC2,13,True,False,True,
CAND_3d37604b64,v5_5_pocket_guided,JAK2_14d06e82bc,O=c1[nH]cc2c3nc(NC4CC(F)(F)C4)c4cc(c(F)cc4c13)CCSCSCC2,ATDBYCBIOWUHMY-UHFFFAOYSA-N,True,True,True,451.539,4.9475,57.78,2,5,2,0.5403,4.214,O=c1[nH]cc2c3nc(NC4CCC4)c4cc(ccc4c13)CCSCSCC2,14,True,False,True,
CAND_29378a1891,v5_5_pocket_guided,JAK2_14d06e82bc,O=c1[nH]c2cc3nc(NC4CC(F)(F)C4)c4c(cc(F)cc4c13)CCSCSCC2,XXNKUWMERQEWLQ-UHFFFAOYSA-N,True,True,True,451.539,4.9475,57.78,2,5,2,0.5403,4.214,O=c1[nH]c2cc3nc(NC4CCC4)c4c(cccc4c13)CCSCSCC2,14,True,False,True,
CAND_3771d2cd1e,v5_5_pocket_guided,JAK2_14d06e82bc,O=c1[nH]c2cc3nc(NC4CC(F)(F)C4)c4cc(c(F)cc4c13)CCCSCCSCCC2,WULZGWUNJBWNEX-UHFFFAOYSA-N,True,True,True,493.62,5.7702,57.78,2,5,2,0.4441,4.833,O=c1[nH]c2cc3nc(NC4CCC4)c4cc(ccc4c13)CCCSCCSCCC2,18,True,False,True,
CAND_61a009d8d5,v5_5_pocket_guided,JAK2_14d06e82bc,O=c1[nH]c2cc3nc(NC4CC(F)(F)C4)c4cc(c(F)cc4c13)CSCSCC2,NVTYTSJHHRMQHW-UHFFFAOYSA-N,True,True,True,437.512,4.905,57.78,2,5,2,0.5585,4.136,O=c1[nH]c2cc3nc(NC4CCC4)c4cc(ccc4c13)CSCSCC2,14,True,False,True,
CAND_b0f0b07bd6,v5_5_pocket_guided,JAK2_14d06e82bc,O=c1[nH]c2cc3nc(NC4CC(F)(F)C4)c4ccc(F)c(c4c13)CCSCSCC2,KTBSALOQPVRKJA-UHFFFAOYSA-N,True,True,True,451.539,4.9475,57.78,2,5,2,0.5403,4.214,O=c1[nH]c2cc3nc(NC4CCC4)c4cccc(c4c13)CCSCSCC2,13,True,False,True,
CAND_5648602f83,v5_5_pocket_guided,JAK2_396d75ed4a,Oc1ccc2cc1COC1C=CCOCc3cccc(c3)-c3nc(ncc3CCOCCNCC1)N2,IESWJHFIUXDVKM-UHFFFAOYSA-N,True,True,True,488.588,4.1168,97.76,3,8,0,0.3213,4.42,C1=CC2CCNCCOCCc3cnc(nc3-c3cccc(c3)COC1)Nc1cccc(c1)CO2,19,True,False,True,
CAND_0458e10347,v5_5_pocket_guided,JAK2_f1e7af637d,COc1c2cc(Cl)cc1-c1[nH]c(cc1C(N)=O)-c1cc(nc(N)n1)CCSCSC2,PMCIAVRIMFPMRW-UHFFFAOYSA-N,True,True,True,462.0,3.9618,119.91,3,7,2,0.5277,4.072,c1cc2cc(c1)-c1ccc([nH]1)-c1cc(ncn1)CCSCSC2,15,True,False,True,
CAND_cf287a9c63,v5_5_pocket_guided,JAK2_f1e7af637d,COc1ccc(Cl)c2c1-c1[nH]c(cc1C(N)=O)-c1cc(nc(N)n1)CCSCSC2,FRLLEWWTFBVPRJ-UHFFFAOYSA-N,True,True,True,462.0,3.9618,119.91,3,7,2,0.5277,4.072,c1ccc2c(c1)CSCSCCc1cc(ncn1)-c1ccc-2[nH]1,14,True,False,True,
CAND_635b03db22,v5_5_pocket_guided,JAK2_f1e7af637d,COc1ccc(Cl)c2c1-c1[nH]c(cc1C(N)=O)-c1cc(nc(N)n1)CCSCSCC2,AELJMYZZBSFGCY-UHFFFAOYSA-N,True,True,True,476.027,4.0043,119.91,3,7,2,0.5118,4.15,c1ccc2c(c1)CCSCSCCc1cc(ncn1)-c1ccc-2[nH]1,15,True,False,True,
CAND_8cce66ac10,v5_5_pocket_guided,JAK2_f1e7af637d,COc1cc2c(Cl)cc1-c1[nH]c(cc1C(N)=O)-c1cc(nc(N)n1)CSCSC2,ASWJMECVYVHRIS-UHFFFAOYSA-N,True,True,True,447.973,3.9193,119.91,3,7,2,0.544,4.194,c1nc2cc(n1)-c1ccc([nH]1)-c1ccc(cc1)CSCSC2,15,True,False,True,
CAND_017f50f348,v5_5_pocket_guided,JAK2_f1e7af637d,COc1cc2c(Cl)cc1-c1[nH]c(cc1C(N)=O)-c1cc(nc(N)n1)CCSCSC2,CCAWJUMLGLWGHK-UHFFFAOYSA-N,True,True,True,462.0,3.9618,119.91,3,7,2,0.5277,4.272,c1nc2cc(n1)-c1ccc([nH]1)-c1ccc(cc1)CSCSCC2,16,True,False,True,
CAND_4ff08f140a,v5_5_pocket_guided,JAK2_f1e7af637d,COc1c2cc(Cl)cc1-c1[nH]c(cc1C(N)=O)-c1nc(N)ncc1CSCSCC2,QXFLCRKBYVIMOP-UHFFFAOYSA-N,True,True,True,462.0,3.9618,119.91,3,7,2,0.5277,4.072,c1cc2cc(c1)-c1ccc([nH]1)-c1ncncc1CSCSCC2,14,True,False,True,
CAND_ff7f42ba15,v5_5_pocket_guided,JAK2_f1e7af637d,COc1c2cc(Cl)cc1-c1[nH]c(cc1C(N)=O)-c1nc(N)ncc1CCSCSCC2,WNFROJQHVZWFMP-UHFFFAOYSA-N,True,True,True,476.027,4.0043,119.91,3,7,2,0.5118,4.15,c1cc2cc(c1)-c1ccc([nH]1)-c1ncncc1CCSCSCC2,15,True,False,True,
CAND_ec0aa042ad,v5_5_pocket_guided,JAK2_f1e7af637d,COc1ccc(Cl)c2c1-c1[nH]c(cc1C(N)=O)-c1nc(N)ncc1CSCSCC2,SDVBVCKKZZHIQD-UHFFFAOYSA-N,True,True,True,462.0,3.9618,119.91,3,7,2,0.5277,4.072,c1ccc2c(c1)CCSCSCc1cncnc1-c1ccc-2[nH]1,13,True,False,True,
CAND_6596fea968,v5_5_pocket_guided,JAK2_f1e7af637d,COc1ccc(Cl)c2c1-c1[nH]c(cc1C(N)=O)-c1nc(N)ncc1CCSCSCC2,VXROLQLOEOWNMQ-UHFFFAOYSA-N,True,True,True,476.027,4.0043,119.91,3,7,2,0.5118,4.15,c1ccc2c(c1)CCSCSCCc1cncnc1-c1ccc-2[nH]1,14,True,False,True,
CAND_a778cbbbb7,v5_5_pocket_guided,JAK2_f1e7af637d,COc1cc2c(Cl)cc1-c1[nH]c(-c3ccnc(N)n3)c(c1C(N)=O)CSCSCC2,POEPXLNSGJUJEH-UHFFFAOYSA-N,True,True,True,462.0,3.9618,119.91,3,7,3,0.5394,4.397,c1cc(-c2[nH]c3cc2CSCSCCc2ccc-3cc2)ncn1,13,True,False,True,
CAND_18ff16ea57,v5_5_pocket_guided,JAK2_f1e7af637d,COc1cc2c(Cl)cc1-c1[nH]c(cc1C(N)=O)-c1nc(N)ncc1CSCSCC2,MMWCUNPROISMSW-UHFFFAOYSA-N,True,True,True,462.0,3.9618,119.91,3,7,2,0.5277,4.272,c1ncc2c(n1)-c1ccc([nH]1)-c1ccc(cc1)CCSCSC2,15,True,False,True,
CAND_fd93385f54,v5_5_pocket_guided,JAK2_9af79f3778,N#CCNC(=O)c1ccc(-c2cc3nc(n2)Nc2ccc(N4CCOCC4)c(c2)CCCSCCSCCC3)cc1,WSPHJTAFFQHLMV-UHFFFAOYSA-N,True,True,True,588.803,5.3224,103.17,2,9,4,0.392,5.388,c1ccc(-c2cc3nc(n2)Nc2ccc(N4CCOCC4)c(c2)CCCSCCSCCC3)cc1,17,True,False,True,
CAND_2337c488f5,v5_5_pocket_guided,JAK2_9af79f3778,N#CCNC(=O)c1ccc(-c2cc3nc(n2)Nc2ccc(N4CCOCC4)c(c2)CCSCCSCCC3)cc1,ZPOZRRSZEBAVKB-UHFFFAOYSA-N,True,True,True,574.776,4.9323,103.17,2,9,4,0.4199,5.149,c1ccc(-c2cc3nc(n2)Nc2ccc(N4CCOCC4)c(c2)CCSCCSCCC3)cc1,16,True,False,True,
CAND_a162768e25,v5_5_pocket_guided,JAK2_9af79f3778,N#CCNC(=O)c1ccc(-c2cc3nc(n2)Nc2ccc(N4CCOCC4)c(c2)CCSCCSCC3)cc1,WRQBHFWRFULDNB-UHFFFAOYSA-N,True,True,True,560.749,4.5422,103.17,2,9,4,0.4452,5.071,c1ccc(-c2cc3nc(n2)Nc2ccc(N4CCOCC4)c(c2)CCSCCSCC3)cc1,15,True,False,True,
CAND_69a07565ef,v5_5_pocket_guided,JAK2_310f20bf06,COc1ccc2cc1-c1ccc(n3nc(Nc4ccccc4)nc13)CCSCSCC2,IEQGUORWUMVMKK-UHFFFAOYSA-N,True,True,True,448.617,5.671,51.45,1,6,3,0.4357,4.658,c1ccc(Nc2nc3c4ccc(n3n2)CCSCSCCc2cccc-4c2)cc1,14,True,False,True,
CAND_f2cb9a32be,v5_5_pocket_guided,JAK2_310f20bf06,COc1cc2ccc1-c1ccc(n3nc(Nc4ccccc4)nc13)CSCSC2,MGOOFVHJIVBAOF-UHFFFAOYSA-N,True,True,True,420.563,5.586,51.45,1,6,3,0.4665,4.46,c1ccc(Nc2nc3c4ccc(n3n2)CSCSCc2ccc-4cc2)cc1,13,True,False,True,
CAND_4b8eca5245,v5_5_pocket_guided,JAK2_310f20bf06,COc1cc2ccc1-c1ccc(n3nc(Nc4ccccc4)nc13)CCSCSCC2,OBUTXPZDMPRLQQ-UHFFFAOYSA-N,True,True,True,448.617,5.671,51.45,1,6,3,0.4357,4.658,c1ccc(Nc2nc3c4ccc(n3n2)CCSCSCCc2ccc-4cc2)cc1,15,True,False,True,
CAND_23d31edfc6,v5_5_pocket_guided,JAK2_310f20bf06,COc1c2cccc1-c1ccc(n3nc(Nc4ccccc4)nc13)CCSCSCC2,QDUSMRHPCIXPPP-UHFFFAOYSA-N,True,True,True,448.617,5.671,51.45,1,6,3,0.4357,4.658,c1ccc(Nc2nc3c4ccc(n3n2)CCSCSCCc2cccc-4c2)cc1,14,True,False,True,
CAND_7ed28995d4,v5_5_pocket_guided,JAK2_310f20bf06,COc1ccccc1-c1ccc2n3nc(nc13)Nc1ccccc1CCSCSCC2,NVBHHZNQKXYGCL-UHFFFAOYSA-N,True,True,True,448.617,5.671,51.45,1,6,2,0.4263,4.533,c1ccc(-c2ccc3n4nc(nc24)Nc2ccccc2CCSCSCC3)cc1,14,True,False,True,
CAND_ceef604fb9,v5_5_pocket_guided,JAK2_310f20bf06,COc1ccccc1-c1ccc2n3nc(nc13)Nc1ccccc1CCSCCSCC2,ZWELRZNDZWOBKX-UHFFFAOYSA-N,True,True,True,462.644,5.7135,51.45,1,6,2,0.4116,4.633,c1ccc(-c2ccc3n4nc(nc24)Nc2ccccc2CCSCCSCC3)cc1,15,True,False,True,
CAND_a76951d760,v5_5_pocket_guided,JAK2_310f20bf06,COc1ccc2cc1-c1cccn3nc(nc13)Nc1ccccc1CCSCOCC2,ZPQRFLRSGYLKNH-UHFFFAOYSA-N,True,True,True,432.549,4.9544,60.68,1,6,1,0.459,3.984,c1cc2cc(c1)-c1cccn3nc(nc13)Nc1ccccc1CCSCOCC2,17,True,False,True,
CAND_7bebab68be,v5_5_pocket_guided,JAK2_310f20bf06,COc1cc2ccc1-c1cc(cn3nc(Nc4ccccc4)nc13)CCSCSCC2,AUYUZESLBMKZQQ-UHFFFAOYSA-N,True,True,True,448.617,5.671,51.45,1,6,3,0.4357,4.658,c1ccc(Nc2nc3c4cc(cn3n2)CCSCSCCc2ccc-4cc2)cc1,14,True,False,True,
CAND_c386247c39,v5_5_pocket_guided,JAK2_310f20bf06,COc1cc2ccc1-c1cccn3nc(nc13)Nc1ccccc1CSCOC2,REIYMJGQMRZNMP-UHFFFAOYSA-N,True,True,True,404.495,4.8694,60.68,1,6,1,0.4884,3.828,c1ccc2c(c1)CSCOCc1ccc(cc1)-c1cccn3nc(nc13)N2,16,True,False,True,
CAND_70cf77c252,v5_5_pocket_guided,JAK2_310f20bf06,COc1cc2ccc1-c1cccn3nc(nc13)Nc1ccccc1CCSCOCC2,YYLRIILJMXTPNP-UHFFFAOYSA-N,True,True,True,432.549,4.9544,60.68,1,6,1,0.459,3.984,c1ccc2c(c1)CCSCOCCc1ccc(cc1)-c1cccn3nc(nc13)N2,18,True,False,True,
CAND_8e2fa0749b,v5_5_pocket_guided,JAK2_310f20bf06,COc1c2cccc1-c1cccn3nc(nc13)Nc1ccccc1COCNC2,QBUJLKPADDMHON-UHFFFAOYSA-N,True,True,True,387.443,3.7258,72.71,2,6,1,0.5186,3.733,c1cc2cc(c1)-c1cccn3nc(nc13)Nc1ccccc1COCNC2,15,True,False,True,
CAND_fb2e8ad883,v5_5_pocket_guided,JAK2_310f20bf06,COc1c2cccc1-c1cccn3nc(nc13)Nc1ccccc1CCSCOCC2,RQSMJJBPFXGCSD-UHFFFAOYSA-N,True,True,True,432.549,4.9544,60.68,1,6,1,0.459,3.984,c1cc2cc(c1)-c1cccn3nc(nc13)Nc1ccccc1CCSCOCC2,17,True,False,True,
CAND_52ae1b0d16,v5_5_pocket_guided,JAK2_310f20bf06,COc1cccc2c1-c1cccn3nc(nc13)Nc1ccccc1CCSCOCC2,PPQNYDZXKUCQLF-UHFFFAOYSA-N,True,True,True,432.549,4.9544,60.68,1,6,1,0.459,3.984,c1ccc2c(c1)CCSCOCCc1ccccc1-c1cccn3nc(nc13)N2,16,True,False,True,
CAND_32ebaae372,v5_5_pocket_guided,JAK2_c7e43971d9,O=C(O)c1ccc2cc1CSCSCCc1cc(-c3cnn(C4CCCC4)c3)c3nc(nn3c1)N2,PAGBVIYHHNLLGG-UHFFFAOYSA-N,True,True,True,506.657,5.6297,97.34,2,7,3,0.369,4.96,c1cc2cc(c1)Nc1nc3c(-c4cnn(C5CCCC5)c4)cc(cn3n1)CCSCSC2,15,True,False,True,
CAND_3cf67c171d,v5_5_pocket_guided,JAK2_0ac788f1c8,O=c1[nH]c2cnc3nc2n1C1(CCOc2ccc(F)cc21)CSCSCc1ccc2ncn-3c2c1,RGKIPJZOZOADFF-UHFFFAOYSA-N,True,True,True,506.588,4.0612,90.62,1,7,0,0.3387,4.52,O=c1[nH]c2cnc3nc2n1C1(CCOc2ccccc21)CSCSCc1ccc2ncn-3c2c1,14,True,False,True,
CAND_537188c53a,v5_5_pocket_guided,JAK2_0ac788f1c8,O=c1[nH]c2cnc3nc2n1C1(CCOc2ccc(F)cc21)CSCSCc1cccc2c1ncn2-3,AOCCRAJXBXNBQI-UHFFFAOYSA-N,True,True,True,506.588,4.0612,90.62,1,7,0,0.3387,4.52,O=c1[nH]c2cnc3nc2n1C1(CCOc2ccccc21)CSCSCc1cccc2c1ncn2-3,14,True,False,True,
CAND_04e0ad685f,v5_5_pocket_guided,JAK2_0ac788f1c8,O=c1[nH]c2cnc3nc2n1C1(CCOc2ccc(F)cc21)CSCSCc1cccc2ncn-3c12,JAFZKPFHXCMUOR-UHFFFAOYSA-N,True,True,True,506.588,4.0612,90.62,1,7,0,0.3387,4.52,O=c1[nH]c2cnc3nc2n1C1(CCOc2ccccc21)CSCSCc1cccc2ncn-3c12,13,True,False,True,
CAND_14230044a8,v5_5_pocket_guided,JAK2_0ac788f1c8,O=c1[nH]c2cnc3nc2n1C1CC(CSCSCc2nc4ccccc4n2-3)Oc2ccc(F)cc21,LSSPVBYLMDISID-UHFFFAOYSA-N,True,True,True,506.588,4.2756,90.62,1,7,0,0.3354,4.77,O=c1[nH]c2cnc3nc2n1C1CC(CSCSCc2nc4ccccc4n2-3)Oc2ccccc21,14,True,False,True,
CAND_9406d4f0ce,v5_5_pocket_guided,JAK2_0ac788f1c8,O=c1[nH]c2cnc3nc2n1C1c2cc(F)ccc2OCC1CSCSCc1cccc2ncn-3c12,MPSFANRZXSAJEO-UHFFFAOYSA-N,True,True,True,506.588,4.1331,90.62,1,7,0,0.3377,4.77,O=c1[nH]c2cnc3nc2n1C1c2ccccc2OCC1CSCSCc1cccc2ncn-3c12,14,True,False,True,
CAND_a92d44aab8,v5_5_pocket_guided,JAK2_0ac788f1c8,O=c1[nH]c2cnc3nc2n1C1c2cc(F)ccc2OCC1CSCSCc1nc2ccccc2n1-3,SWNSFZTYFAHNBB-UHFFFAOYSA-N,True,True,True,506.588,4.1331,90.62,1,7,0,0.3377,4.77,O=c1[nH]c2cnc3nc2n1C1c2ccccc2OCC1CSCSCc1nc2ccccc2n1-3,13,True,False,True,
CAND_32bf808ca5,v5_5_pocket_guided,JAK2_0ac788f1c8,O=c1[nH]c2c3nc(-n4cnc5ccccc54)nc2n1C1CCOc2cc(c(F)cc21)CSCSC3,IQNKLOXPTHFZTL-UHFFFAOYSA-N,True,True,True,506.588,4.407,90.62,1,7,1,0.3602,4.645,O=c1[nH]c2c3nc(-n4cnc5ccccc54)nc2n1C1CCOc2cc(ccc21)CSCSC3,14,True,False,True,
CAND_b0fc20df73,v5_5_pocket_guided,JAK2_d918415381,C[C@@H](N)C(=O)Nc1ccc(-c2cc3nc(n2)Nc2ccc(N4CCOCC4)c(c2)CCCSCCSCCC3)cc1,MOCIGAYOGKMYMH-JOCHJYFZSA-N,True,True,True,592.835,5.3547,105.4,3,9,4,0.3695,5.676,c1ccc(-c2cc3nc(n2)Nc2ccc(N4CCOCC4)c(c2)CCCSCCSCCC3)cc1,17,True,False,True,
CAND_47e3af0154,v5_5_pocket_guided,JAK2_d918415381,C[C@@H](N)C(=O)Nc1ccc(-c2cc3nc(n2)Nc2ccc(N4CCOCC4)c(c2)CCSCCSCCC3)cc1,IXGNRJLZPVLQJH-OAQYLSRUSA-N,True,True,True,578.808,4.9646,105.4,3,9,4,0.396,5.421,c1ccc(-c2cc3nc(n2)Nc2ccc(N4CCOCC4)c(c2)CCSCCSCCC3)cc1,16,True,False,True,
CAND_9105992db1,v5_5_pocket_guided,JAK2_d918415381,C[C@@H](N)C(=O)Nc1ccc(-c2cc3nc(n2)Nc2ccc(N4CCOCC4)c(c2)CCSCCSCC3)cc1,IAAAQUWDHHAHOK-HXUWFJFHSA-N,True,True,True,564.781,4.5745,105.4,3,9,4,0.4201,5.343,c1ccc(-c2cc3nc(n2)Nc2ccc(N4CCOCC4)c(c2)CCSCCSCC3)cc1,15,True,False,True,
CAND_753eb85451,v5_5_pocket_guided,JAK2_4bb01853de,NC(=O)c1cc2sc1Nc1ccnc(c1)COCNCCc1ccc-2cc1,ZUGVHZBLFRGBPJ-UHFFFAOYSA-N,True,True,True,380.473,3.2724,89.27,3,6,1,0.6029,3.694,c1cc2cc(n1)COCNCCc1ccc(cc1)-c1ccc(s1)N2,17,True,False,True,
CAND_c330824ad5,v5_5_pocket_guided,JAK2_c9bfb2d3c7,CC(=O)Nc1ccc2cc1CCSCCSCCC1(CNc3nccc-2n3)CN(C(=O)c2c(Cl)cccc2Cl)C1,RSCREWZFFVRWEL-UHFFFAOYSA-N,True,True,True,616.64,6.3757,87.22,2,7,2,0.3459,5.819,O=C(c1ccccc1)N1CC2(CCSCCSCCc3cccc(c3)-c3ccnc(n3)NC2)C1,17,True,False,True,
CAND_87c980e09d,v5_5_pocket_guided,JAK2_c9bfb2d3c7,CC(=O)Nc1ccc2c(c1)CCSCCSCCC1(CNc3nccc-2n3)CN(C(=O)c2c(Cl)cccc2Cl)C1,SFBJWKBLKNJYFO-UHFFFAOYSA-N,True,True,True,616.64,6.3757,87.22,2,7,2,0.3459,5.819,O=C(c1ccccc1)N1CC2(CCSCCSCCc3ccccc3-c3ccnc(n3)NC2)C1,16,True,False,True,
CAND_3dd26928ed,v5_5_pocket_guided,JAK2_c9bfb2d3c7,CC(=O)Nc1ccc(-c2ccnc(NCC3CN4C(=O)c5c(Cl)cc(cc5Cl)CCCSCCSCCC34)n2)cc1,DBTITQUBBZSQAX-UHFFFAOYSA-N,True,True,True,630.667,6.7642,87.22,2,7,5,0.3221,6.966,O=C1c2ccc(cc2)CCCSCCSCCC2C(CNc3nccc(-c4ccccc4)n3)CN12,16,True,False,True,
CAND_fb03354a02,v5_5_pocket_guided,JAK2_c9bfb2d3c7,CC(=O)Nc1ccc(-c2ccnc(NCC3CN4C(=O)c5c(Cl)cc(cc5Cl)CCSCSCCC34)n2)cc1,QLQCLBHBUNHDEM-UHFFFAOYSA-N,True,True,True,602.613,6.3316,87.22,2,7,5,0.353,6.594,O=C1c2ccc(cc2)CCSCSCCC2C(CNc3nccc(-c4ccccc4)n3)CN12,14,True,False,True,
CAND_6c6a9703e6,v5_5_pocket_guided,JAK2_c9bfb2d3c7,CC(=O)Nc1ccc(-c2ccnc(NCC3CN4C(=O)c5c(Cl)cc(cc5Cl)CCSCSCC34)n2)cc1,GXWXIIIQSZPSFB-UHFFFAOYSA-N,True,True,True,588.586,5.9415,87.22,2,7,5,0.3816,6.321,O=C1c2ccc(cc2)CCSCSCC2C(CNc3nccc(-c4ccccc4)n3)CN12,13,True,False,True,
CAND_61e1fd9ffc,v5_5_pocket_guided,JAK2_c9bfb2d3c7,CC(=O)Nc1ccc(-c2cc3nc(n2)NCC2CN(C(=O)c4c(Cl)cccc4Cl)C2CCSCCSCC3)cc1,KTUMYQMKZWGYOO-UHFFFAOYSA-N,True,True,True,616.64,6.3741,87.22,2,7,3,0.3536,6.443,O=C(c1ccccc1)N1CC2CNc3nc(cc(-c4ccccc4)n3)CCSCCSCCC21,15,True,False,True,
CAND_323b3d6c28,v5_5_pocket_guided,JAK2_c9bfb2d3c7,CC(=O)Nc1ccc(-c2cc3nc(n2)NCC2CN(C2)C(=O)c2c(Cl)ccc(c2Cl)CCCC3)cc1,IKYDVDGZXFHHET-UHFFFAOYSA-N,True,True,True,524.452,5.4717,87.22,2,5,2,0.4644,4.855,O=C1c2cccc(c2)CCCCc2cc(-c3ccccc3)nc(n2)NCC2CN1C2,16,True,False,True,
CAND_8e24b6f94d,v5_5_pocket_guided,JAK2_c9bfb2d3c7,CC(=O)Nc1ccc(-c2cc3nc(n2)NCC2CN(C2)C(=O)c2c(Cl)ccc(c2Cl)COCNC3)cc1,LKIKRACAZSURBH-UHFFFAOYSA-N,True,True,True,541.439,4.1702,108.48,3,7,2,0.4471,4.714,O=C1c2cccc(c2)COCNCc2cc(-c3ccccc3)nc(n2)NCC2CN1C2,17,True,False,True,
CAND_38b2bdbb10,v5_5_pocket_guided,JAK2_c9bfb2d3c7,CC(=O)Nc1ccc(-c2cc3nc(n2)NCC2CN(C2)C(=O)c2c(Cl)ccc(c2Cl)COCNCC3)cc1,RFSJZGGWTUWJNZ-UHFFFAOYSA-N,True,True,True,555.466,4.2127,108.48,3,7,2,0.4349,4.791,O=C1c2cccc(c2)COCNCCc2cc(-c3ccccc3)nc(n2)NCC2CN1C2,18,True,False,True,
CAND_6535ca65f6,v5_5_pocket_guided,JAK2_c9bfb2d3c7,CC(=O)Nc1ccc2c(c1)CCSCCSCCC1C(CNc3nccc-2n3)CN1C(=O)c1c(Cl)cccc1Cl,HRKADONNPYIGFX-UHFFFAOYSA-N,True,True,True,616.64,6.3741,87.22,2,7,2,0.346,6.318,O=C(c1ccccc1)N1CC2CNc3nccc(n3)-c3ccccc3CCSCCSCCC21,17,True,False,True,
CAND_24b4d55806,v5_5_pocket_guided,JAK2_c9bfb2d3c7,CC(=O)Nc1ccc2cc1CCSCCSCCC(C1CN(C(=O)c3c(Cl)cccc3Cl)C1)Nc1nccc-2n1,YYXNBMCSZNJMMG-UHFFFAOYSA-N,True,True,True,616.64,6.3741,87.22,2,7,3,0.3536,6.193,O=C(c1ccccc1)N1CC(C2CCSCCSCCc3cccc(c3)-c3ccnc(n3)N2)C1,16,True,False,True,
CAND_cea375f6df,v5_5_pocket_guided,JAK2_c9bfb2d3c7,CC(=O)Nc1ccc2cc1CCSCSCCC(C1CN(C(=O)c3c(Cl)cccc3Cl)C1)Nc1nccc-2n1,DIEBBVVMONRWDD-UHFFFAOYSA-N,True,True,True,602.613,6.3316,87.22,2,7,3,0.3624,6.094,O=C(c1ccccc1)N1CC(C2CCSCSCCc3cccc(c3)-c3ccnc(n3)N2)C1,15,True,False,True,
CAND_a205f61904,v5_5_pocket_guided,JAK2_c9bfb2d3c7,CC(=O)Nc1ccc2c(c1)CCSCCSCCC(C1CN(C(=O)c3c(Cl)cccc3Cl)C1)Nc1nccc-2n1,LROHLGIAOLZNGJ-UHFFFAOYSA-N,True,True,True,616.64,6.3741,87.22,2,7,3,0.3536,6.193,O=C(c1ccccc1)N1CC(C2CCSCCSCCc3ccccc3-c3ccnc(n3)N2)C1,15,True,False,True,
CAND_c36c74dacf,v5_5_pocket_guided,JAK2_c5f0ce9a58,O=C1NC(=O)C2=C1Nc1cc(cc(C3CCN(c4ccnc(F)c4)C3)c1)COCNCCc1ccc3[nH]cc2c3c1,OTLPUGOLMVJSER-UHFFFAOYSA-N,True,True,True,552.61,3.7953,111.38,4,7,2,0.2212,5.026,O=C1NC(=O)C2=C1Nc1cc(cc(C3CCN(c4ccncc4)C3)c1)COCNCCc1ccc3[nH]cc2c3c1,16,True,False,True,
CAND_1626e1531d,v5_5_pocket_guided,JAK2_c5f0ce9a58,O=C1NC(=O)C2=C1Nc1cc(cc(C3CCN(c4ccnc(F)c4)C3)c1)COCOCCc1ccc3[nH]cc2c3c1,TUOHYSHPXSUMOX-UHFFFAOYSA-N,True,True,True,553.594,4.2223,108.58,3,7,2,0.252,5.031,O=C1NC(=O)C2=C1Nc1cc(cc(C3CCN(c4ccncc4)C3)c1)COCOCCc1ccc3[nH]cc2c3c1,16,True,False,True,
CAND_6f4eefeec8,v5_5_pocket_guided,JAK2_c5f0ce9a58,O=C1NC(=O)C2=C1Nc1cc(cc(C3CCN(c4ccnc(F)c4)C3)c1)COCOCc1ccc3[nH]cc2c3c1,WDOFACMDTDKWHH-UHFFFAOYSA-N,True,True,True,539.567,4.1798,108.58,3,7,2,0.2591,4.953,O=C1NC(=O)C2=C1Nc1cc(cc(C3CCN(c4ccncc4)C3)c1)COCOCc1ccc3[nH]cc2c3c1,15,True,False,True,
CAND_6792104129,v5_5_pocket_guided,JAK2_c5f0ce9a58,O=C1NC(=O)C2=C1Nc1cccc(C3CCN(c4ccnc(F)c4)C3)c1COCOCc1ccc3[nH]cc2c3c1,HXLXZZTYGFVKKD-UHFFFAOYSA-N,True,True,True,539.567,4.1798,108.58,3,7,2,0.2591,4.953,O=C1NC(=O)C2=C1Nc1cccc(C3CCN(c4ccncc4)C3)c1COCOCc1ccc3[nH]cc2c3c1,14,True,False,True,
CAND_b7d3262689,v5_5_pocket_guided,JAK2_c5f0ce9a58,O=C1NC(=O)C2=C1Nc1cccc(C3CCN(c4ccnc(F)c4)C3)c1COCOCCc1ccc3[nH]cc2c3c1,CXDLSMMRJBZAFK-UHFFFAOYSA-N,True,True,True,553.594,4.2223,108.58,3,7,2,0.252,5.031,O=C1NC(=O)C2=C1Nc1cccc(C3CCN(c4ccncc4)C3)c1COCOCCc1ccc3[nH]cc2c3c1,15,True,False,True,
CAND_efd2dfdbf6,v5_5_pocket_guided,JAK2_c5f0ce9a58,O=C1NC(=O)C(c2c[nH]c3ccccc23)=C1Nc1cc2cc(c1)C1CCN(C1)c1cc(F)nc(c1)CCCC2,OVUZQGCKVCRWKC-UHFFFAOYSA-N,True,True,True,521.596,5.0543,90.12,3,5,3,0.2593,5.005,O=C1NC(=O)C(c2c[nH]c3ccccc23)=C1Nc1cc2cc(c1)C1CCN(C1)c1ccnc(c1)CCCC2,13,True,False,True,
CAND_2d55839247,v5_5_pocket_guided,JAK2_c5f0ce9a58,O=C1NC(=O)C(c2c[nH]c3ccccc23)=C1Nc1cc2cc(c1)C1CCN(C1)c1cc(F)nc(c1)CCOCOC2,GJBNYCPPYJTFMC-UHFFFAOYSA-N,True,True,True,553.594,4.2223,108.58,3,7,3,0.2576,5.156,O=C1NC(=O)C(c2c[nH]c3ccccc23)=C1Nc1cc2cc(c1)C1CCN(C1)c1ccnc(c1)CCOCOC2,15,True,False,True,
CAND_2395f6bbf3,v5_5_pocket_guided,JAK2_c5f0ce9a58,O=C1NC(=O)C(c2c[nH]c3ccccc23)=C1Nc1cc2cc(c1)C1CCN(C1)c1cc(F)nc(c1)COCOC2,MPELCPGTVGGJNG-UHFFFAOYSA-N,True,True,True,539.567,4.1798,108.58,3,7,3,0.2648,5.078,O=C1NC(=O)C(c2c[nH]c3ccccc23)=C1Nc1cc2cc(c1)C1CCN(C1)c1ccnc(c1)COCOC2,14,True,False,True,
CAND_be0fe17b1e,v5_5_pocket_guided,JAK2_c5f0ce9a58,O=C1NC(=O)C2=C1Nc1cc(cc(C3CCN(c4ccnc(F)c4)C3)c1)CCOCOCc1cccc3c2c[nH]c13,AEKFHJQLPWNTBD-UHFFFAOYSA-N,True,True,True,553.594,4.2223,108.58,3,7,2,0.252,5.031,O=C1NC(=O)C2=C1Nc1cc(cc(C3CCN(c4ccncc4)C3)c1)CCOCOCc1cccc3c2c[nH]c13,16,True,False,True,
CAND_a3fc63fa79,v5_5_pocket_guided,JAK2_c5f0ce9a58,O=C1NC(=O)C2=C1Nc1cc(cc(C3CCN(c4ccnc(F)c4)C3)c1)COCOCc1cccc3c2c[nH]c13,NPEYXFLCSWZJTI-UHFFFAOYSA-N,True,True,True,539.567,4.1798,108.58,3,7,2,0.2591,4.953,O=C1NC(=O)C2=C1Nc1cc(cc(C3CCN(c4ccncc4)C3)c1)COCOCc1cccc3c2c[nH]c13,15,True,False,True,
CAND_b57d9cfa48,v5_5_pocket_guided,JAK2_c5f0ce9a58,O=C1NC(=O)C2=C1Nc1cc(cc(C3CCN(c4ccnc(F)c4)C3)c1)CNCOCc1ccc3c2c[nH]c3c1,QBUUCLACBIMRAI-UHFFFAOYSA-N,True,True,True,538.583,3.7528,111.38,4,7,2,0.2273,4.948,O=C1NC(=O)C2=C1Nc1cc(cc(C3CCN(c4ccncc4)C3)c1)CNCOCc1ccc3c2c[nH]c3c1,16,True,False,True,
CAND_b9cb3d18b5,v5_5_pocket_guided,JAK2_c5f0ce9a58,O=C1NC(=O)C2=C1Nc1cc(cc(C3CCN(c4ccnc(F)c4)C3)c1)COCOCc1cccc3[nH]cc2c13,ZSSCTIATBIBHLT-UHFFFAOYSA-N,True,True,True,539.567,4.1798,108.58,3,7,2,0.2591,4.953,O=C1NC(=O)C2=C1Nc1cc(cc(C3CCN(c4ccncc4)C3)c1)COCOCc1cccc3[nH]cc2c13,14,True,False,True,
CAND_15f78693b6,v5_5_pocket_guided,JAK2_c5f0ce9a58,O=C1NC(=O)C2=C1Nc1cc(cc(C3CCN(c4ccnc(F)c4)C3)c1)CCOCOCc1cccc3[nH]cc2c13,NAZVVIJVGRCDCM-UHFFFAOYSA-N,True,True,True,553.594,4.2223,108.58,3,7,2,0.252,5.031,O=C1NC(=O)C2=C1Nc1cc(cc(C3CCN(c4ccncc4)C3)c1)CCOCOCc1cccc3[nH]cc2c13,15,True,False,True,
CAND_bfe8b369cd,v5_5_pocket_guided,JAK2_c5f0ce9a58,O=C1NC(=O)C2=C1Nc1cccc(C3CCN(c4ccnc(F)c4)C3)c1COCOCc1cccc3c2c[nH]c13,QOQPJVXCPWSOII-UHFFFAOYSA-N,True,True,True,539.567,4.1798,108.58,3,7,2,0.2591,4.953,O=C1NC(=O)C2=C1Nc1cccc(C3CCN(c4ccncc4)C3)c1COCOCc1cccc3c2c[nH]c13,14,True,False,True,
CAND_f00d577955,v5_5_pocket_guided,JAK2_c5f0ce9a58,O=C1NC(=O)C2=C1Nc1cccc(C3CCN(c4ccnc(F)c4)C3)c1COCOCCc1cccc3c2c[nH]c13,BYYGCNWENMHTBY-UHFFFAOYSA-N,True,True,True,553.594,4.2223,108.58,3,7,2,0.252,5.031,O=C1NC(=O)C2=C1Nc1cccc(C3CCN(c4ccncc4)C3)c1COCOCCc1cccc3c2c[nH]c13,15,True,False,True,
CAND_9672557829,v5_5_pocket_guided,JAK2_c5f0ce9a58,O=C1NC(=O)C2=C1Nc1cccc(C3CCN(c4ccnc(F)c4)C3)c1COCNCCc1ccc3c2c[nH]c3c1,SPTVFOZWTFJDLB-UHFFFAOYSA-N,True,True,True,552.61,3.7953,111.38,4,7,2,0.2212,5.026,O=C1NC(=O)C2=C1Nc1cccc(C3CCN(c4ccncc4)C3)c1COCNCCc1ccc3c2c[nH]c3c1,16,True,False,True,
CAND_ac9affc817,v5_5_pocket_guided,JAK2_c5f0ce9a58,O=C1NC(=O)C2=C1Nc1cccc(C3CCN(c4ccnc(F)c4)C3)c1COCOCCc1ccc3c2c[nH]c3c1,HAHGWJVHLNUHQN-UHFFFAOYSA-N,True,True,True,553.594,4.2223,108.58,3,7,2,0.252,5.031,O=C1NC(=O)C2=C1Nc1cccc(C3CCN(c4ccncc4)C3)c1COCOCCc1ccc3c2c[nH]c3c1,16,True,False,True,
CAND_cd7232c3e5,v5_5_pocket_guided,JAK2_c5f0ce9a58,O=C1NC(=O)C2=C1Nc1cccc(C3CCN(c4ccnc(F)c4)C3)c1COCOCc1ccc3c2c[nH]c3c1,QSAYKVKZCWLJBO-UHFFFAOYSA-N,True,True,True,539.567,4.1798,108.58,3,7,2,0.2591,4.953,O=C1NC(=O)C2=C1Nc1cccc(C3CCN(c4ccncc4)C3)c1COCOCc1ccc3c2c[nH]c3c1,15,True,False,True,
CAND_134e224ee7,v5_5_pocket_guided,JAK2_c706b0d0af,Oc1ccc(C2Nc3cc4ccc3-c3cc(nc5[nH]cc2c35)CCSCSCC4)c(Cl)c1,ITCXIKFPIULMFY-UHFFFAOYSA-N,True,True,True,480.058,6.6263,60.94,3,5,1,0.2859,5.311,c1ccc(C2Nc3cc4ccc3-c3cc(nc5[nH]cc2c35)CCSCSCC4)cc1,14,True,False,True,
CAND_95c7b249e8,v5_5_pocket_guided,JAK2_c706b0d0af,Oc1ccc(C2Nc3cc4ccc3-c3ccnc5[nH]c(c2c35)CCSCSCC4)c(Cl)c1,JCFWNCFHULFELW-UHFFFAOYSA-N,True,True,True,480.058,6.6263,60.94,3,5,1,0.2859,5.311,c1ccc(C2Nc3cc4ccc3-c3ccnc5[nH]c(c2c35)CCSCSCC4)cc1,14,True,False,True,
CAND_b9165e2e82,v5_5_pocket_guided,JAK2_c706b0d0af,Oc1ccc(C2Nc3ccc4cc3-c3ccnc5[nH]c(c2c35)CCSCSCC4)c(Cl)c1,CKWUREYPLWIIJB-UHFFFAOYSA-N,True,True,True,480.058,6.6263,60.94,3,5,1,0.2859,5.311,c1ccc(C2Nc3ccc4cc3-c3ccnc5[nH]c(c2c35)CCSCSCC4)cc1,14,True,False,True,
CAND_17599b8c6c,v5_5_pocket_guided,JAK2_b3e12556ba,O=C(CCl)/N=c1\sc2cn1Cc1cccc3cc(ccc13)COCOC2,PMBOIJPYYPLMHK-VZCXRCSSSA-N,True,True,True,388.876,3.4215,52.82,0,4,1,0.6001,3.741,N=c1sc2cn1Cc1cccc3cc(ccc13)COCOC2,14,True,False,True,
CAND_ca9c306ca8,v5_5_pocket_guided,JAK2_b3e12556ba,O=C1/N=C2\SC=CN2Cc2cccc3cc(ccc23)COCNCCC1Cl,JZUGLDJFLNQDJC-ATJXCDBQSA-N,True,True,True,401.919,3.8172,53.93,1,5,0,0.68,3.938,O=C1CCCNCOCc2ccc3c(cccc3c2)CN2C=CS/C2=N\1,17,True,False,True,
CAND_91c8e323e4,v5_5_pocket_guided,JAK2_b3e12556ba,O=C1/N=C2\SC=CN2Cc2cccc3cc(ccc23)COCNCC1Cl,WGVNKNVVJMKFII-QOCHGBHMSA-N,True,True,True,387.892,3.4271,53.93,1,5,0,0.7017,3.861,O=C1CCNCOCc2ccc3c(cccc3c2)CN2C=CS/C2=N\1,16,True,False,True,
CAND_daa9ac9995,v5_5_pocket_guided,JAK2_b3e12556ba,O=C(CCl)/N=c1\scc2n1Cc1cccc3cc(ccc13)COCOC2,QEFKITHWGVQLSC-VZCXRCSSSA-N,True,True,True,388.876,3.4215,52.82,0,4,1,0.6001,3.741,N=c1scc2n1Cc1cccc3cc(ccc13)COCOC2,13,True,False,True,
CAND_962c510576,v5_5_pocket_guided,JAK2_aaf047e8d1,O=c1[nH]c2cnc3nc2n1C1(CCOc2cc(F)ccc21)CSCSCc1ccc2ncn-3c2c1,HUDSTUYPZDSCSZ-UHFFFAOYSA-N,True,True,True,506.588,4.0612,90.62,1,7,0,0.3387,4.52,O=c1[nH]c2cnc3nc2n1C1(CCOc2ccccc21)CSCSCc1ccc2ncn-3c2c1,14,True,False,True,
CAND_edd0a9eb66,v5_5_pocket_guided,JAK2_aaf047e8d1,O=c1[nH]c2cnc3nc2n1C1(CCOc2cc(F)ccc21)CSCSCc1cccc2c1ncn2-3,NWLNMBFSDQZZPI-UHFFFAOYSA-N,True,True,True,506.588,4.0612,90.62,1,7,0,0.3387,4.52,O=c1[nH]c2cnc3nc2n1C1(CCOc2ccccc21)CSCSCc1cccc2c1ncn2-3,14,True,False,True,
CAND_88e52ef6c4,v5_5_pocket_guided,JAK2_aaf047e8d1,O=c1[nH]c2cnc3nc2n1C1(CCOc2cc(F)ccc21)CSCSCc1cccc2ncn-3c12,OXZGJUYLFCLXKG-UHFFFAOYSA-N,True,True,True,506.588,4.0612,90.62,1,7,0,0.3387,4.52,O=c1[nH]c2cnc3nc2n1C1(CCOc2ccccc21)CSCSCc1cccc2ncn-3c12,13,True,False,True,
CAND_6590f0f2f6,v5_5_pocket_guided,JAK2_aaf047e8d1,O=c1[nH]c2cnc3nc2n1C1CC(CSCSCc2nc4ccccc4n2-3)Oc2cc(F)ccc21,VGZZRBHFWDPEJO-UHFFFAOYSA-N,True,True,True,506.588,4.2756,90.62,1,7,0,0.3354,4.77,O=c1[nH]c2cnc3nc2n1C1CC(CSCSCc2nc4ccccc4n2-3)Oc2ccccc21,14,True,False,True,
CAND_ae4e96f08a,v5_5_pocket_guided,JAK2_aaf047e8d1,O=c1[nH]c2cnc3nc2n1C1c2ccc(F)cc2OCC1CSCSCc1cccc2ncn-3c12,VAIWUXUESVEAIO-UHFFFAOYSA-N,True,True,True,506.588,4.1331,90.62,1,7,0,0.3377,4.77,O=c1[nH]c2cnc3nc2n1C1c2ccccc2OCC1CSCSCc1cccc2ncn-3c12,14,True,False,True,
CAND_150d19a497,v5_5_pocket_guided,JAK2_aaf047e8d1,O=c1[nH]c2cnc3nc2n1C1c2ccc(F)cc2OCC1CSCSCc1nc2ccccc2n1-3,SOPGJGRWDNLGKC-UHFFFAOYSA-N,True,True,True,506.588,4.1331,90.62,1,7,0,0.3377,4.77,O=c1[nH]c2cnc3nc2n1C1c2ccccc2OCC1CSCSCc1nc2ccccc2n1-3,13,True,False,True,
CAND_480b3b79e9,v5_5_pocket_guided,JAK2_ddf177d193,Oc1ccc(C2Nc3cc4ccc3-c3cc(nc5[nH]cc2c35)CCSCSCC4)cc1F,VBWYUCUUOFKDCH-UHFFFAOYSA-N,True,True,True,463.603,6.112,60.94,3,5,1,0.3178,4.962,c1ccc(C2Nc3cc4ccc3-c3cc(nc5[nH]cc2c35)CCSCSCC4)cc1,14,True,False,True,
CAND_7d0f8b5cf3,v5_5_pocket_guided,JAK2_ddf177d193,Oc1ccc(C2Nc3cc4ccc3-c3ccnc5[nH]c(c2c35)CCSCSCC4)cc1F,BYUYHEOLIODFNO-UHFFFAOYSA-N,True,True,True,463.603,6.112,60.94,3,5,1,0.3178,4.962,c1ccc(C2Nc3cc4ccc3-c3ccnc5[nH]c(c2c35)CCSCSCC4)cc1,14,True,False,True,
CAND_db9dae84ff,v5_5_pocket_guided,JAK2_ddf177d193,Oc1ccc(C2Nc3ccc4cc3-c3ccnc5[nH]c(c2c35)CCSCSCC4)cc1F,SHUBTLBDRVHPLB-UHFFFAOYSA-N,True,True,True,463.603,6.112,60.94,3,5,1,0.3178,4.962,c1ccc(C2Nc3ccc4cc3-c3ccnc5[nH]c(c2c35)CCSCSCC4)cc1,14,True,False,True,
CAND_5a25a596e8,v5_5_pocket_guided,JAK2_0a1653190d,O=c1[nH]c2cc3c(Nc4c(Cl)cc(F)cc4Cl)nc4cc(ncc4c13)CCSCSCC2,RYLSEGPUIMBLFP-UHFFFAOYSA-N,True,True,True,507.443,6.1833,70.67,2,6,2,0.3158,5.116,O=c1[nH]c2cc3c(Nc4ccccc4)nc4cc(ncc4c13)CCSCSCC2,15,True,False,True,
CAND_fe6a11e077,v5_5_pocket_guided,JAK2_0a1653190d,O=c1[nH]cc2c3c(Nc4c(Cl)cc(F)cc4Cl)nc4cc(ncc4c13)CCSCSCC2,NYRLWPFTDYQKJH-UHFFFAOYSA-N,True,True,True,507.443,6.1833,70.67,2,6,2,0.3158,5.116,O=c1[nH]cc2c3c(Nc4ccccc4)nc4cc(ncc4c13)CCSCSCC2,14,True,False,True,
CAND_f9640bda66,v5_5_pocket_guided,JAK2_0a1653190d,O=c1[nH]ccc2c3nc4cc(ncc4c12)CCSCSCc1c(F)cc(Cl)c(c1Cl)N3,UHJGVDSKOVTHEQ-UHFFFAOYSA-N,True,True,True,493.416,6.1408,70.67,2,6,0,0.2869,4.767,O=c1[nH]ccc2c3nc4cc(ncc4c12)CCSCSCc1cccc(c1)N3,15,True,False,True,
CAND_ab35eaf9df,v5_5_pocket_guided,JAK2_0a1653190d,O=c1[nH]ccc2c3nc4ccnc(c4c12)CCSCSCc1c(F)cc(Cl)c(c1Cl)N3,IBVIDUXEWOOVMC-UHFFFAOYSA-N,True,True,True,493.416,6.1408,70.67,2,6,0,0.2869,4.767,O=c1[nH]ccc2c3nc4ccnc(c4c12)CCSCSCc1cccc(c1)N3,15,True,False,True,
CAND_828b3741e8,v5_5_pocket_guided,JAK2_0a1653190d,O=c1[nH]c2cc3c(Nc4c(Cl)cc(F)cc4Cl)nc4c(cncc4c13)CCSCCSCCC2,SUHLAVWONWHRJD-UHFFFAOYSA-N,True,True,True,535.497,6.6159,70.67,2,6,2,0.2815,5.488,O=c1[nH]c2cc3c(Nc4ccccc4)nc4c(cncc4c13)CCSCCSCCC2,16,True,False,True,
CAND_12390a9902,v5_5_pocket_guided,JAK2_0a1653190d,O=c1[nH]c2cc3c(Nc4c(Cl)cc(F)cc4Cl)nc4c(cncc4c13)CCSCSCC2,IFQNBMRWXLLYIU-UHFFFAOYSA-N,True,True,True,507.443,6.1833,70.67,2,6,2,0.3158,5.116,O=c1[nH]c2cc3c(Nc4ccccc4)nc4c(cncc4c13)CCSCSCC2,14,True,False,True,
CAND_62324ed594,v5_5_pocket_guided,JAK2_0a1653190d,O=c1[nH]c2cc3c(nc4ccncc4c13)Nc1c(Cl)cc(F)c(c1Cl)CCSCSCC2,RFOYFBHJCLCOSY-UHFFFAOYSA-N,True,True,True,507.443,6.1833,70.67,2,6,0,0.2771,4.866,O=c1[nH]c2cc3c(nc4ccncc4c13)Nc1cccc(c1)CCSCSCC2,15,True,False,True,
CAND_021ab9c7ff,v5_5_pocket_guided,JAK2_0a1653190d,O=c1[nH]c2cc3c(nc4ccncc4c13)Nc1c(Cl)cc(F)c(c1Cl)CCSCCSCCC2,SYFJIUZPGKQJBC-UHFFFAOYSA-N,True,True,True,535.497,6.6159,70.67,2,6,0,0.2469,5.238,O=c1[nH]c2cc3c(nc4ccncc4c13)Nc1cccc(c1)CCSCCSCCC2,17,True,False,True,
CAND_883263f33a,v5_5_pocket_guided,JAK2_0a1653190d,O=c1[nH]cc2c3c(nc4ccncc4c13)Nc1c(Cl)cc(F)c(c1Cl)CCSCSCC2,QHHVEKITATVQET-UHFFFAOYSA-N,True,True,True,507.443,6.1833,70.67,2,6,0,0.2771,4.866,O=c1[nH]cc2c3c(nc4ccncc4c13)Nc1cccc(c1)CCSCSCC2,14,True,False,True,
CAND_3cb5344724,v5_5_pocket_guided,JAK2_ae95950785,Fc1cc2cc(c1)-c1nc3ncc1COCNCCCN(C/C=C/CCO2)Cc1cccc(c1)N3,JZJORWORQBPXRZ-OWOJBTEDSA-N,True,True,True,475.568,4.6344,71.54,2,7,0,0.4594,4.348,C1=C/CN2CCCNCOCc3cnc(nc3-c3cccc(c3)OCC/1)Nc1cccc(c1)C2,18,True,False,True,
CAND_c8ebc259ea,v5_5_pocket_guided,JAK2_4f6fafc041,N#CCNC1CCSCCSCCc2cc(nc(Nc3ccc(N4CCOCC4)cc3)n2)-c2cccc1c2,HSPAVAKBNUTERE-UHFFFAOYSA-N,True,True,True,546.766,5.2907,86.1,2,9,5,0.4146,5.513,c1cc2cc(c1)-c1cc(nc(Nc3ccc(N4CCOCC4)cc3)n1)CCSCCSCCC2,15,True,False,True,
CAND_09cb60804c,v5_5_pocket_guided,JAK2_4f6fafc041,N#CCNCc1cccc(-c2cc3nc(n2)Nc2ccc(N4CCOCC4)c(c2)CCSCCSCC3)c1,JZYHODNPJVOUKY-UHFFFAOYSA-N,True,True,True,546.766,4.902,86.1,2,9,5,0.3427,5.118,c1ccc(-c2cc3nc(n2)Nc2ccc(N4CCOCC4)c(c2)CCSCCSCC3)cc1,15,True,False,True,
CAND_0c7e2cb677,v5_5_pocket_guided,JAK2_c4daf046a9,COc1cc2cc(c1)N(C(=O)CCl)C(C(=O)NCCc1ccccc1)c1ccc(s1)COCSC2,KDXAGMDAELMHCR-UHFFFAOYSA-N,True,True,True,531.099,5.1496,67.87,1,6,6,0.4464,5.281,O=C(NCCc1ccccc1)C1Nc2cccc(c2)CSCOCc2ccc1s2,13,True,False,True,
CAND_88961a9946,v5_5_pocket_guided,JAK2_c4daf046a9,COc1cc2cc(c1)N(C(=O)CCl)C(C(=O)NCCc1ccccc1)c1cc(cs1)CSCOC2,OMGRVHXCGVJLQE-UHFFFAOYSA-N,True,True,True,531.099,5.1496,67.87,1,6,6,0.4464,5.281,O=C(NCCc1ccccc1)C1Nc2cccc(c2)COCSCc2csc1c2,13,True,False,True,
CAND_988970e7e2,v5_5_pocket_guided,JAK2_8b3014135f,O=c1[nH]c2cc3c4[nH]c(nc4c4ccc(F)cc4c13)-c1ccc(cc1Cl)CCSCSCC2,LRAAOAJJUYLFGS-UHFFFAOYSA-N,True,True,True,496.032,6.5396,61.54,2,4,0,0.2394,4.981,O=c1[nH]c2cc3c4[nH]c(nc4c4ccccc4c13)-c1ccc(cc1)CCSCSCC2,17,True,False,True,
CAND_cc849f108d,v5_5_pocket_guided,JAK2_8b3014135f,O=c1[nH]c2cc3c4[nH]c(nc4c4ccc(F)cc4c13)-c1ccc(cc1Cl)CCCSCCSCC2,OROMUJZJYOKHAG-UHFFFAOYSA-N,True,True,True,524.086,6.9722,61.54,2,4,0,0.215,5.353,O=c1[nH]c2cc3c4[nH]c(nc4c4ccccc4c13)-c1ccc(cc1)CCCSCCSCC2,19,True,False,True,
CAND_8ec1b0e33f,v5_5_pocket_guided,JAK2_8b3014135f,O=c1[nH]c2cc3c4[nH]c(-c5ccccc5Cl)nc4c4c(cc(F)cc4c13)CCSCSCC2,JPAHVEOAUQWUSQ-UHFFFAOYSA-N,True,True,True,496.032,6.5396,61.54,2,4,1,0.2591,5.106,O=c1[nH]c2cc3c4[nH]c(-c5ccccc5)nc4c4c(cccc4c13)CCSCSCC2,14,True,False,True,
CAND_b46a9ce582,v5_5_pocket_guided,JAK2_8b3014135f,O=c1[nH]c2cc3c4[nH]c(-c5ccccc5Cl)nc4c4cc(c(F)cc4c13)CCSCSCC2,IZVLWLOXHQUZKF-UHFFFAOYSA-N,True,True,True,496.032,6.5396,61.54,2,4,1,0.2591,5.106,O=c1[nH]c2cc3c4[nH]c(-c5ccccc5)nc4c4cc(ccc4c13)CCSCSCC2,15,True,False,True,
CAND_c7f1c20ea4,v5_5_pocket_guided,JAK2_8b3014135f,O=c1[nH]cc2c3c4[nH]c(nc4c4ccc(F)cc4c13)-c1c(Cl)cccc1CCSCSCC2,UOXAGYIFBQIBDK-UHFFFAOYSA-N,True,True,True,496.032,6.5396,61.54,2,4,0,0.2394,4.981,O=c1[nH]cc2c3c4[nH]c(nc4c4ccccc4c13)-c1ccccc1CCSCSCC2,14,True,False,True,
CAND_f6eb590819,v5_5_pocket_guided,JAK2_8b3014135f,O=c1[nH]cc2c3c4[nH]c(-c5ccccc5Cl)nc4c4cc(c(F)cc4c13)CCSCSCC2,VBYFUXRHXSRCAS-UHFFFAOYSA-N,True,True,True,496.032,6.5396,61.54,2,4,1,0.2591,5.106,O=c1[nH]cc2c3c4[nH]c(-c5ccccc5)nc4c4cc(ccc4c13)CCSCSCC2,14,True,False,True,
CAND_8e7e6c082c,v5_5_pocket_guided,JAK2_756371ea71,CCN1CCC(=O)Nc2cc3cc(c2)C(COCOCC1C)OCC=CCOCc1cccc(c1)-c1ccnc(n1)N3,XMGGAGKVMWRKBS-UHFFFAOYSA-N,True,True,True,573.694,5.0746,107.07,2,9,1,0.3858,5.305,O=C1CCNCCOCOCC2OCC=CCOCc3cccc(c3)-c3ccnc(n3)Nc3cc(cc2c3)N1,18,True,False,True,
CAND_908c799136,v5_5_pocket_guided,JAK2_756371ea71,CCN1CCC(=O)Nc2cc3cc(c2)C(CCOCOCC1C)OCC=CCOCc1cccc(c1)-c1ccnc(n1)N3,IRDRLNNXPWCRQM-UHFFFAOYSA-N,True,True,True,587.721,5.4647,107.07,2,9,1,0.3588,5.578,O=C1CCNCCOCOCCC2OCC=CCOCc3cccc(c3)-c3ccnc(n3)Nc3cc(cc2c3)N1,18,True,False,True,
CAND_b0c98b44b7,v5_5_pocket_guided,JAK2_8945d571c7,Cn1cc2c(n1)-c1cc(Cl)c(cc1Cl)COCNCc1ccn3ncc(c3n1)C(=O)N2,LPYDKUIFLJWKBS-UHFFFAOYSA-N,True,True,True,458.309,3.2662,98.37,2,6,0,0.42,4.002,O=C1Nc2c[nH]nc2-c2ccc(cc2)COCNCc2ccn3ncc1c3n2,17,True,False,True,
CAND_716eba24b5,v5_5_pocket_guided,JAK2_8945d571c7,Cn1cc2c(n1)-c1cc(Cl)c(cc1Cl)COCNCCc1ccn3ncc(c3n1)C(=O)N2,VBNJXHJBNHLGOJ-UHFFFAOYSA-N,True,True,True,472.336,3.3087,98.37,2,6,0,0.4077,4.08,O=C1Nc2c[nH]nc2-c2ccc(cc2)COCNCCc2ccn3ncc1c3n2,18,True,False,True,
CAND_8bdcb25efc,v5_5_pocket_guided,JAK2_8945d571c7,Cn1nc(-c2cc(Cl)ccc2Cl)c2c1CSCSCCc1ccnc3c(cnn13)C(=O)N2,YRQFFGLPKKMSQP-UHFFFAOYSA-N,True,True,True,505.456,5.1689,77.11,1,6,1,0.3848,4.473,O=C1Nc2c(-c3ccccc3)n[nH]c2CSCSCCc2ccnc3c1cnn23,14,True,False,True,
CAND_69d7bfe2f3,v5_5_pocket_guided,JAK2_8945d571c7,Cn1cc2c(n1)-c1cc(Cl)c(cc1Cl)COCNCc1ccnc3c(cnn13)C(=O)N2,GALVNYCTALERLS-UHFFFAOYSA-N,True,True,True,458.309,3.2662,98.37,2,6,0,0.42,4.002,O=C1Nc2c[nH]nc2-c2ccc(cc2)COCNCc2ccnc3c1cnn23,17,True,False,True,
CAND_e75dca8970,v5_5_pocket_guided,JAK2_8945d571c7,Cn1cc2c(n1)-c1cc(Cl)c(cc1Cl)COCNCCc1ccnc3c(cnn13)C(=O)N2,QJYUUOJUEHLESD-UHFFFAOYSA-N,True,True,True,472.336,3.3087,98.37,2,6,0,0.4077,4.08,O=C1Nc2c[nH]nc2-c2ccc(cc2)COCNCCc2ccnc3c1cnn23,18,True,False,True,
CAND_17ed87549f,v5_5_pocket_guided,JAK2_8945d571c7,O=C(Nc1cn2nc1-c1cc(Cl)c(cc1Cl)CSCSCC2)c1cnn2cccnc12,QOUNZZWETOJYNI-UHFFFAOYSA-N,True,True,True,491.429,5.0894,77.11,1,6,2,0.4211,4.48,O=C(Nc1cn2nc1-c1ccc(cc1)CSCSCC2)c1cnn2cccnc12,13,True,False,True,
CAND_c2492f217c,v5_5_pocket_guided,JAK2_b9143a07c2,Cc1cc2cc(n1)Nc1sc(cc1C(N)=O)-c1ccc(cc1)COCOC2,YMDIFEIQUQEGEQ-UHFFFAOYSA-N,True,True,True,381.457,3.9653,86.47,2,6,1,0.6661,3.7,c1cc2cc(n1)Nc1ccc(s1)-c1ccc(cc1)COCOC2,16,True,False,True,
CAND_5d9dc163a4,v5_5_pocket_guided,JAK2_b9143a07c2,Cc1ccc2c(n1)Nc1sc(cc1C(N)=O)-c1ccc(cc1)COCOC2,XIGMSLPAXIRXIB-UHFFFAOYSA-N,True,True,True,381.457,3.9653,86.47,2,6,1,0.6661,3.7,c1cnc2c(c1)COCOCc1ccc(cc1)-c1ccc(s1)N2,15,True,False,True,
CAND_496377791d,v5_5_pocket_guided,JAK2_b9143a07c2,Cc1cc2cc(n1)Nc1sc(cc1C(N)=O)-c1cccc(c1)COCOC2,NWFWEOFLXPWCMX-UHFFFAOYSA-N,True,True,True,381.457,3.9653,86.47,2,6,1,0.6661,3.5,c1cc2cc(c1)-c1ccc(s1)Nc1cc(ccn1)COCOC2,15,True,False,True,
CAND_3d6fa25337,v5_5_pocket_guided,JAK2_b9143a07c2,Cc1cc2cc(n1)Nc1sc(cc1C(N)=O)-c1cccc(c1)COCOCC2,LGVXVHIERMPXGO-UHFFFAOYSA-N,True,True,True,395.484,4.0078,86.47,2,6,1,0.6502,3.578,c1cc2cc(c1)-c1ccc(s1)Nc1cc(ccn1)CCOCOC2,16,True,False,True,
CAND_1bba8e2957,v5_5_pocket_guided,JAK2_b9143a07c2,Cc1cc2cc(n1)Nc1sc(cc1C(N)=O)-c1ccccc1COCOCC2,XGCKMNHPPGVUFR-UHFFFAOYSA-N,True,True,True,395.484,4.0078,86.47,2,6,1,0.6502,3.578,c1ccc2c(c1)COCOCCc1ccnc(c1)Nc1ccc-2s1,15,True,False,True,
CAND_d225895d4e,v5_5_pocket_guided,JAK2_364f20ca75,COc1ccccc1-c1ccc2c3nc(nn12)Nc1ccc(c(F)c1)N1CCN(C)CC1COCSC3,JNYVMQIHEJDXDG-UHFFFAOYSA-N,True,True,True,520.634,4.6289,67.16,1,8,2,0.4106,4.848,c1ccc(-c2ccc3c4nc(nn23)Nc2ccc(cc2)N2CCNCC2COCSC4)cc1,15,True,False,True,
CAND_e7bb4e5e84,v5_5_pocket_guided,JAK2_364f20ca75,COc1ccccc1-c1cc2c3cnc(nn13)Nc1ccc(c(F)c1)N1CCN(C)CC1CNCOC2,VSJVGYKGDLUOSW-UHFFFAOYSA-N,True,True,True,503.582,3.4853,79.19,2,8,2,0.4306,4.753,c1ccc(-c2cc3c4cnc(nn24)Nc2ccc(cc2)N2CCNCC2CNCOC3)cc1,17,True,False,True,
CAND_be869a9620,v5_5_pocket_guided,JAK2_364f20ca75,COc1ccccc1-c1cc2c3cnc(nn13)Nc1ccc(c(F)c1)N1CCN(C)CC1CCNCOC2,FCQBLCJWAUNZLQ-UHFFFAOYSA-N,True,True,True,517.609,3.8754,79.19,2,8,2,0.415,4.831,c1ccc(-c2cc3c4cnc(nn24)Nc2ccc(cc2)N2CCNCC2CCNCOC3)cc1,18,True,False,True,
CAND_8c39d1fc9d,v5_5_pocket_guided,JAK2_364f20ca75,COc1ccccc1-c1ccc2c3nc(nn12)Nc1ccc(c(F)c1)N1CCN(C)C(CNCOC3)C1,IKFJYSKFMCAENA-UHFFFAOYSA-N,True,True,True,503.582,3.4853,79.19,2,8,2,0.4306,4.753,c1ccc(-c2ccc3c4nc(nn23)Nc2ccc(cc2)N2CCNC(CNCOC4)C2)cc1,16,True,False,True,
CAND_61faf2e014,v5_5_pocket_guided,JAK2_364f20ca75,COc1ccccc1-c1ccc2c3nc(nn12)Nc1ccc(c(F)c1)N1CCN(C)C(COCSC3)C1,YIIMLDQNSLZVGK-UHFFFAOYSA-N,True,True,True,520.634,4.6289,67.16,1,8,2,0.4106,4.848,c1ccc(-c2ccc3c4nc(nn23)Nc2ccc(cc2)N2CCNC(COCSC4)C2)cc1,16,True,False,True,
CAND_fd9c8f3d0c,v5_5_pocket_guided,JAK2_364f20ca75,COc1ccccc1-c1ccc2cnc(Nc3ccc4c(F)c3CCSCSCCC3CN4CCN3C)nn12,XDWQGESZSJKZDP-UHFFFAOYSA-N,True,True,True,564.756,5.7781,57.93,1,8,4,0.335,5.732,c1ccc(-c2ccc3cnc(Nc4ccc5cc4CCSCSCCC4CN5CCN4)nn23)cc1,13,True,False,True,
CAND_cc4ff6c2dc,v5_5_pocket_guided,JAK2_364f20ca75,COc1ccccc1-c1ccc2cnc(Nc3cc(F)c4cc3CCSCSCCC3CN4CCN3C)nn12,DPQFVTFHAYIAPJ-UHFFFAOYSA-N,True,True,True,564.756,5.7781,57.93,1,8,4,0.335,5.732,c1ccc(-c2ccc3cnc(Nc4ccc5cc4CCSCSCCC4CN5CCN4)nn23)cc1,13,True,False,True,
CAND_f6778d07a9,v5_5_pocket_guided,JAK2_364f20ca75,COc1cc2ccc1-c1ccc3c(nc(Nc4ccc(N5CCN(C)CC5)c(F)c4)nn13)CSCSC2,UHMRCACLVCHXPD-UHFFFAOYSA-N,True,True,True,536.702,5.4769,57.93,1,8,4,0.3683,5.176,c1cc2ccc1CSCSCc1nc(Nc3ccc(N4CCNCC4)cc3)nn3c-2ccc13,13,True,False,True,
CAND_e2d3ae359c,v5_5_pocket_guided,JAK2_364f20ca75,COc1cc2ccc1-c1ccc3c(nc(Nc4ccc(N5CCN(C)CC5)c(F)c4)nn13)CSCSCC2,CZNSNTOADVPILR-UHFFFAOYSA-N,True,True,True,550.729,5.5194,57.93,1,8,4,0.3566,5.275,c1cc2ccc1CCSCSCc1nc(Nc3ccc(N4CCNCC4)cc3)nn3c-2ccc13,14,True,False,True,
CAND_3642056bc1,v5_5_pocket_guided,JAK2_364f20ca75,COc1cc2ccc1-c1ccc3cnc(nn13)Nc1cc(F)c(N3CCN(C)CC3)c(c1)CCCC2,YUQFRRBHXKMKGI-UHFFFAOYSA-N,True,True,True,486.595,4.9182,57.93,1,6,2,0.4342,4.409,c1cc2ccc1CCCCc1cc(ccc1N1CCNCC1)Nc1ncc3ccc-2n3n1,16,True,False,True,
CAND_9ee953a1cc,v5_5_pocket_guided,JAK2_364f20ca75,COc1cc2ccc1-c1ccc3cnc(nn13)Nc1cc(F)c(N3CCN(C)CC3)c(c1)COCNC2,RGKSSHRZWXZGDD-UHFFFAOYSA-N,True,True,True,503.582,3.6167,79.19,2,8,2,0.4296,4.503,c1cc2ccc1CNCOCc1cc(ccc1N1CCNCC1)Nc1ncc3ccc-2n3n1,17,True,False,True,
CAND_97fea24a13,v5_5_pocket_guided,JAK2_364f20ca75,COc1cc2ccc1-c1ccc3cnc(nn13)Nc1cc(F)c(N3CCN(C)CC3)c(c1)COCNCC2,OYEZOFKXPHBWOO-UHFFFAOYSA-N,True,True,True,517.609,3.6592,79.19,2,8,2,0.4173,4.581,c1cc2ccc1CCNCOCc1cc(ccc1N1CCNCC1)Nc1ncc3ccc-2n3n1,18,True,False,True,
CAND_f581caf324,v5_5_pocket_guided,JAK2_364f20ca75,COc1cc2ccc1-c1ccc3cnc(nn13)Nc1ccc(N3CCN(C)CC3)c(F)c1COCNC2,MBYKQXRNQGSAAP-UHFFFAOYSA-N,True,True,True,503.582,3.6167,79.19,2,8,2,0.4296,4.503,c1cc2ccc1CNCOCc1cc(N3CCNCC3)ccc1Nc1ncc3ccc-2n3n1,16,True,False,True,
CAND_89c7995ed8,v5_5_pocket_guided,JAK2_364f20ca75,COc1cc2ccc1-c1ccc3cnc(nn13)Nc1ccc(N3CCN(C)CC3)c(F)c1CSCOC2,SIBJGEQGNMDYMB-UHFFFAOYSA-N,True,True,True,520.634,4.7603,67.16,1,8,2,0.406,4.598,c1cc2ccc1COCSCc1cc(N3CCNCC3)ccc1Nc1ncc3ccc-2n3n1,16,True,False,True,
CAND_724cb4fec3,v5_5_pocket_guided,JAK2_364f20ca75,COc1cc2ccc1-c1ccc3cnc(nn13)Nc1cc(F)c(N3CCN(C)CC3)cc1COCNC2,GKCQAEOKJLSYBV-UHFFFAOYSA-N,True,True,True,503.582,3.6167,79.19,2,8,2,0.4296,4.503,c1cc2ccc1CNCOCc1cc(N3CCNCC3)ccc1Nc1ncc3ccc-2n3n1,16,True,False,True,
CAND_30e3b84281,v5_5_pocket_guided,JAK2_364f20ca75,COc1cc2ccc1-c1ccc3cnc(nn13)Nc1cc(F)c(N3CCN(C)CC3)cc1CSCOC2,YBCVPTQMURSOQL-UHFFFAOYSA-N,True,True,True,520.634,4.7603,67.16,1,8,2,0.406,4.598,c1cc2ccc1COCSCc1cc(N3CCNCC3)ccc1Nc1ncc3ccc-2n3n1,16,True,False,True,
CAND_bf5372e1b1,v5_5_pocket_guided,JAK2_364f20ca75,COc1ccccc1-c1ccc2c3nc(nn12)Nc1cc(F)c(N2CCN(C)CC2)c(c1)CSCSCC3,YZCFABJUGSARCN-UHFFFAOYSA-N,True,True,True,550.729,5.5194,57.93,1,8,3,0.358,5.15,c1ccc(-c2ccc3c4nc(nn23)Nc2ccc(N3CCNCC3)c(c2)CSCSCC4)cc1,13,True,False,True,
CAND_456fd25f73,v5_5_pocket_guided,JAK2_364f20ca75,COc1ccccc1-c1cc2c3cnc(nn13)Nc1cc(F)c(N3CCN(C)CC3)c(c1)CCCC2,QMFPDPYQYFYQOP-UHFFFAOYSA-N,True,True,True,486.595,4.9182,57.93,1,6,3,0.4438,4.534,c1ccc(-c2cc3c4cnc(nn24)Nc2ccc(N4CCNCC4)c(c2)CCCC3)cc1,13,True,False,True,
CAND_dfee0904b3,v5_5_pocket_guided,JAK2_364f20ca75,COc1ccccc1-c1cc2c3cnc(nn13)Nc1cc(F)c(N3CCN(C)CC3)c(c1)CSCOC2,ICNZJOORMVMGFW-UHFFFAOYSA-N,True,True,True,520.634,4.7603,67.16,1,8,3,0.4149,4.723,c1ccc(-c2cc3c4cnc(nn24)Nc2ccc(N4CCNCC4)c(c2)CSCOC3)cc1,14,True,False,True,
CAND_96f2c8539e,v5_5_pocket_guided,JAK2_364f20ca75,COc1ccccc1-c1cc2c3cnc(nn13)Nc1cc(F)c(N3CCN(C)CC3)c(c1)CSCOCC2,VSQYXSHGCYZSOY-UHFFFAOYSA-N,True,True,True,534.661,4.8028,67.16,1,8,3,0.4021,4.801,c1ccc(-c2cc3c4cnc(nn24)Nc2ccc(N4CCNCC4)c(c2)CSCOCC3)cc1,15,True,False,True,
CAND_c31cf293c0,v5_5_pocket_guided,JAK2_2d0f835aa0,CO[C@@H]1[C@H]2C[C@H]3O[C@]1(C)n1c4ccccc4c4c5c(c6c7ccccc7n3c6c41)C(=O)NC5CNCOCCN2,DKBWIIOFPQINOB-AKLKHNSASA-N,True,True,True,537.62,3.8426,90.71,3,6,1,0.3011,5.567,O=C1NC2CNCOCCN[C@H]3CC4O[C@H](C3)n3c5ccccc5c5c1c2c1c2ccccc2n4c1c53,15,True,False,True,
CAND_baa8a14f82,v5_5_pocket_guided,JAK2_2d0f835aa0,CO[C@@H]1[C@H]2C[C@H]3O[C@]1(C)n1c4ccc(cc4c4c5c(c6c7ccccc7n3c6c41)C(=O)NC5)COCNCCN2,RDNSTWGBHGOMTB-WIEXHVBGSA-N,True,True,True,537.62,3.8015,90.71,3,6,1,0.3015,5.567,O=C1NCc2c1c1c3ccccc3n3c1c1c2c2cc4ccc2n1C1C[C@@H](C[C@H]3O1)NCCNCOC4,15,True,False,True,
CAND_8b9af8481c,v5_5_pocket_guided,JAK2_2d0f835aa0,CO[C@@H]1[C@H]2C[C@H]3O[C@]1(C)n1c4ccccc4c4c5c(c6c7cc(ccc7n3c6c41)COCNCCN2)C(=O)NC5,BRPINNXTQIKGMN-WIEXHVBGSA-N,True,True,True,537.62,3.8015,90.71,3,6,1,0.3015,5.567,O=C1NCc2c1c1c3cc4ccc3n3c1c1c2c2ccccc2n1C1C[C@@H](C[C@H]3O1)NCCNCOC4,15,True,False,True,
CAND_fbd03954ab,v5_5_pocket_guided,JAK2_2d0f835aa0,CN[C@@H]1C[C@H]2O[C@@](C)([C@@H]1OC)n1c3ccc4cc3c3c5c(c6c7cc(ccc7n2c6c31)COCNC4)C(=O)NC5,KGDJVVDCSGKLRX-WIEXHVBGSA-N,True,True,True,537.62,3.9313,90.71,3,6,2,0.3163,5.692,O=C1NCc2c1c1c3cc4ccc3n3c1c1c2c2cc(ccc2n1C1CCC[C@H]3O1)CNCOC4,15,True,False,True,
CAND_9370717a57,v5_5_pocket_guided,JAK2_2d0f835aa0,CN[C@@H]1C[C@H]2O[C@@](C)([C@@H]1OC)n1c3ccc4cc3c3c5c(c6c7ccc(cc7n2c6c31)COCNC4)C(=O)NC5,SVIIOPJCJZAVRO-WIEXHVBGSA-N,True,True,True,537.62,3.9313,90.71,3,6,2,0.3163,5.692,O=C1NCc2c1c1c3ccc4cc3n3c1c1c2c2cc(ccc2n1C1CCC[C@H]3O1)CNCOC4,15,True,False,True,
CAND_8c6ac44cf7,v5_5_pocket_guided,JAK2_2d0f835aa0,CN[C@@H]1C[C@H]2O[C@@](C)([C@@H]1OC)n1c3cc4ccc3c3c5c(c6c7cc(ccc7n2c6c31)CNCOC4)C(=O)NC5,DIHBZCYKSOGQIB-WIEXHVBGSA-N,True,True,True,537.62,3.9313,90.71,3,6,2,0.3163,5.692,O=C1NCc2c1c1c3cc4ccc3n3c1c1c2c2ccc(cc2n1C1CCC[C@H]3O1)COCNC4,15,True,False,True,
CAND_fcb89d3d8c,v5_5_pocket_guided,JAK2_2d0f835aa0,CN[C@@H]1C[C@H]2O[C@@](C)([C@@H]1OC)n1c3cc4ccc3c3c5c(c6c7ccc(cc7n2c6c31)CNCOC4)C(=O)NC5,MFGKWFXVXGFQEA-WIEXHVBGSA-N,True,True,True,537.62,3.9313,90.71,3,6,2,0.3163,5.692,O=C1NCc2c1c1c3ccc4cc3n3c1c1c2c2ccc(cc2n1C1CCC[C@H]3O1)COCNC4,15,True,False,True,
CAND_b927d65c98,v5_5_pocket_guided,JAK2_eeec6fe338,CNC(=O)c1ccc(Nc2nc3cc(n2)-c2cnc(C)n2C(C)CCCSCCSCCC3)cc1F,JFWLSBLIBVRNFS-UHFFFAOYSA-N,True,True,True,528.723,5.6446,84.73,2,7,3,0.4548,5.14,c1ccc(Nc2nc3cc(n2)-c2cncn2CCCCSCCSCCC3)cc1,16,True,False,True,
CAND_f01cb75ea6,v5_5_pocket_guided,JAK2_eeec6fe338,CNC(=O)c1ccc(Nc2nc3cc(n2)-c2cnc(n2C(C)C)CCCSCCSCCC3)cc1F,MTOHEZGXFRMEFE-UHFFFAOYSA-N,True,True,True,528.723,5.5085,84.73,2,7,4,0.462,4.947,c1ccc(Nc2nc3cc(n2)-c2cnc([nH]2)CCCSCCSCCC3)cc1,16,True,False,True,
CAND_e1b65b9b84,v5_5_pocket_guided,JAK2_eeec6fe338,CNC(=O)c1ccc(Nc2nc3cc(n2)-c2cnc(n2C(C)C)CCSCSCC3)cc1F,FMIORTMQGPTZRQ-UHFFFAOYSA-N,True,True,True,486.642,4.6858,84.73,2,7,4,0.5536,4.459,c1ccc(Nc2nc3cc(n2)-c2cnc([nH]2)CCSCSCC3)cc1,13,True,False,True,
CAND_df0ca2934c,v5_5_pocket_guided,JAK2_eeec6fe338,CNC(=O)c1ccc(Nc2nc3cc(n2)-c2cnc(n2C(C)C)CCCSCSCC3)cc1F,MVNLODUZEVVDMT-UHFFFAOYSA-N,True,True,True,500.669,5.0759,84.73,2,7,4,0.517,4.575,c1ccc(Nc2nc3cc(n2)-c2cnc([nH]2)CCCSCSCC3)cc1,14,True,False,True,
CAND_55197c620d,v5_5_pocket_guided,JAK2_eeec6fe338,CNC(=O)c1c(F)cc2cc1CSCSCCc1cc(-c3cnc(C)n3C(C)C)nc(n1)N2,FKNYIXRDEQFPDJ-UHFFFAOYSA-N,True,True,True,486.642,4.9517,84.73,2,7,3,0.5417,4.334,c1cc2cc(c1)Nc1nc(cc(-c3cnc[nH]3)n1)CCSCSC2,13,True,False,True,
CAND_b590e1e07b,v5_5_pocket_guided,JAK2_eeec6fe338,CNC(=O)c1c(F)cc2cc1CCSCSCCc1cc(-c3cnc(C)n3C(C)C)nc(n1)N2,AOKRRCSJUFHPCY-UHFFFAOYSA-N,True,True,True,500.669,4.9942,84.73,2,7,3,0.5238,4.412,c1cc2cc(c1)Nc1nc(cc(-c3cnc[nH]3)n1)CCSCSCC2,14,True,False,True,
CAND_4c6d073b98,v5_5_pocket_guided,JAK2_eeec6fe338,CNC(=O)c1c(F)cc2cc1CCSCSCCc1cnc(nc1-c1cnc(C)n1C(C)C)N2,XLGIVCNRDMSQBF-UHFFFAOYSA-N,True,True,True,500.669,4.9942,84.73,2,7,3,0.5238,4.612,c1cc2cc(c1)Nc1ncc(c(-c3cnc[nH]3)n1)CCSCSCC2,15,True,False,True,
CAND_380b00cbe1,v5_5_pocket_guided,JAK2_eeec6fe338,CNC(=O)c1c(F)cc2cc1CCSCSCc1cnc(nc1-c1cnc(C)n1C(C)C)N2,QRZKLAVONIPQBB-UHFFFAOYSA-N,True,True,True,486.642,4.9517,84.73,2,7,3,0.5417,4.534,c1cc2cc(c1)Nc1ncc(c(-c3cnc[nH]3)n1)CSCSCC2,14,True,False,True,
CAND_efc92d046b,v5_5_pocket_guided,JAK2_eeec6fe338,CNC(=O)c1ccc2c(c1F)CCSCSCc1cnc(nc1-c1cnc(C)n1C(C)C)N2,LZPJHPPFHQEYAU-UHFFFAOYSA-N,True,True,True,486.642,4.9517,84.73,2,7,3,0.5417,4.534,c1ccc2c(c1)CCSCSCc1cnc(nc1-c1cnc[nH]1)N2,13,True,False,True,
CAND_58120f30af,v5_5_pocket_guided,JAK2_eeec6fe338,CNC(=O)c1ccc2c(c1F)CCSCSCCc1cnc(nc1-c1cnc(C)n1C(C)C)N2,GPJCQNOSQKNRCE-UHFFFAOYSA-N,True,True,True,500.669,4.9942,84.73,2,7,3,0.5238,4.612,c1ccc2c(c1)CCSCSCCc1cnc(nc1-c1cnc[nH]1)N2,14,True,False,True,
CAND_5cb20f39ae,v5_5_pocket_guided,JAK2_eeec6fe338,CNC(=O)c1cc2c(cc1F)Nc1ncc(c(-c3cnc(C)n3C(C)C)n1)CCSCCSCCC2,XPHHJZXORFJTMQ-UHFFFAOYSA-N,True,True,True,528.723,5.4268,84.73,2,7,3,0.4691,4.981,c1ccc2c(c1)CCCSCCSCCc1cnc(nc1-c1cnc[nH]1)N2,16,True,False,True,
CAND_e92aeadc82,v5_5_pocket_guided,JAK2_eeec6fe338,CNC(=O)c1cc2c(cc1F)Nc1ncc(c(-c3cnc(C)n3C(C)C)n1)CSCSCC2,QLNULTCSJRMUPC-UHFFFAOYSA-N,True,True,True,486.642,4.9517,84.73,2,7,3,0.5417,4.534,c1ccc2c(c1)CCSCSCc1cnc(nc1-c1cnc[nH]1)N2,13,True,False,True,
CAND_3f7bdea2fa,v5_5_pocket_guided,JAK2_eeec6fe338,CNC(=O)c1cc2c(cc1F)Nc1ncc(c(-c3cnc(C)n3C(C)C)n1)CCSCSCC2,WEHOXHHFHBQYCT-UHFFFAOYSA-N,True,True,True,500.669,4.9942,84.73,2,7,3,0.5238,4.612,c1ccc2c(c1)CCSCSCCc1cnc(nc1-c1cnc[nH]1)N2,14,True,False,True,
CAND_16ba775e67,v5_5_pocket_guided,JAK2_1afb564680,C#Cc1cc2cc(c1)Nc1ncnc3cc(c(OCCOC)cc13)OC(COC)CCNCOCC2,HJBNPNOUGKSMQT-UHFFFAOYSA-N,True,True,True,492.576,3.2836,95.99,2,9,6,0.397,5.192,c1cc2cc(c1)Nc1ncnc3cc(ccc13)OCCCNCOCC2,18,True,False,True,
CAND_e8b6bc09b6,v5_5_pocket_guided,JAK2_1afb564680,C#Cc1cc2cc(c1)Nc1ncnc3cc(c(OCCOC)cc13)OC(COC)CNCOC2,IGBQAEAQLWMNSV-UHFFFAOYSA-N,True,True,True,464.522,2.851,95.99,2,9,6,0.4217,5.036,c1cc2cc(c1)Nc1ncnc3cc(ccc13)OCCNCOC2,16,True,False,True,
CAND_b60ef5071e,v5_5_pocket_guided,JAK2_1afb564680,C#Cc1cc2cc(c1)Nc1ncnc3cc(c(OCCOC)cc13)OC(COC)CCNCOC2,UMGCMSMYHZHABJ-UHFFFAOYSA-N,True,True,True,478.549,3.2411,95.99,2,9,6,0.4088,5.114,c1cc2cc(c1)Nc1ncnc3cc(ccc13)OCCCNCOC2,17,True,False,True,
CAND_e25aa42e50,v5_5_pocket_guided,JAK2_1afb564680,C#Cc1cc2cc(c1)Nc1ncnc3cc(c(OCCOC)cc13)OCC(OC)COCNCC2,RHUTYTPBMZULDD-UHFFFAOYSA-N,True,True,True,478.549,2.8935,95.99,2,9,5,0.4239,4.989,c1cc2cc(c1)Nc1ncnc3cc(ccc13)OCCCOCNCC2,18,True,False,True,
CAND_8814a551d0,v5_5_pocket_guided,JAK2_1afb564680,C#Cc1cc2cc(c1)Nc1ncnc3cc(c(OCCOC)cc13)OCC(OC)COCNC2,HZCMCTYAHSRIGX-UHFFFAOYSA-N,True,True,True,464.522,2.851,95.99,2,9,5,0.4365,4.911,c1cc2cc(c1)Nc1ncnc3cc(ccc13)OCCCOCNC2,17,True,False,True,
CAND_e5b97ea0a5,v5_5_pocket_guided,JAK2_1afb564680,C#Cc1cc2cc(c1)Nc1ncnc3cc(c(OCCOC)cc13)OCC(OC)CCOCNCC2,HKKWPSZPVUUFSJ-UHFFFAOYSA-N,True,True,True,492.576,3.2836,95.99,2,9,5,0.4109,5.067,c1cc2cc(c1)Nc1ncnc3cc(ccc13)OCCCCOCNCC2,19,True,False,True,
CAND_ed1464aab7,v5_5_pocket_guided,JAK2_7f60871f3d,Nc1ccn2ncc(C(=O)Nc3cc4nn3-c3cc(Cl)cc(c3)CCSCSCC4)c2n1,QULIBGCUIQYCDN-UHFFFAOYSA-N,True,True,True,486.026,3.9254,103.13,2,7,2,0.4431,4.406,O=C(Nc1cc2nn1-c1cccc(c1)CCSCSCC2)c1cnn2cccnc12,13,True,False,True,
CAND_ac7189544c,v5_5_pocket_guided,JAK2_7f60871f3d,Nc1ccn2ncc(C(=O)Nc3cc4nn3-c3cc(Cl)cc(c3)CCCSCCSCCC4)c2n1,FHJVCNHVIORUCX-UHFFFAOYSA-N,True,True,True,528.107,4.7481,103.13,2,7,2,0.3875,4.639,O=C(Nc1cc2nn1-c1cccc(c1)CCCSCCSCCC2)c1cnn2cccnc12,16,True,False,True,
CAND_30ad100671,v5_5_pocket_guided,JAK2_7f60871f3d,Nc1ccn2ncc(C(=O)Nc3cc4nn3-c3ccc(c(Cl)c3)CSCSCCC4)c2n1,NWRCMGSCQCCOLI-UHFFFAOYSA-N,True,True,True,486.026,4.273,103.13,2,7,2,0.4366,4.406,O=C(Nc1cc2nn1-c1ccc(cc1)CSCSCCC2)c1cnn2cccnc12,14,True,False,True,
CAND_a64c2a3aff,v5_5_pocket_guided,JAK2_7f60871f3d,Cc1cc2n(n1)-c1ccc(c(Cl)c1)COCNCc1cc(N)nc3c(cnn13)C(=O)N2,KJQGSFUAHVPBNI-UHFFFAOYSA-N,True,True,True,438.879,2.2886,124.39,3,7,0,0.3844,3.894,O=C1Nc2ccnn2-c2ccc(cc2)COCNCc2ccnc3c1cnn23,17,True,False,True,
CAND_ebbe429890,v5_5_pocket_guided,JAK2_7f60871f3d,Cc1cc2n(n1)-c1ccc(c(Cl)c1)COCNCCc1cc(N)nc3c(cnn13)C(=O)N2,WJSHVMURKOKKQW-UHFFFAOYSA-N,True,True,True,452.906,2.3311,124.39,3,7,0,0.3737,3.972,O=C1Nc2ccnn2-c2ccc(cc2)COCNCCc2ccnc3c1cnn23,18,True,False,True,
CAND_bdd3d50866,v5_5_pocket_guided,JAK2_7f60871f3d,Cc1nn(-c2cccc(Cl)c2)c2c1CCSCSCc1cn3ncc(c3nc1N)C(=O)N2,SZSCLHTUTKLIDS-UHFFFAOYSA-N,True,True,True,486.026,4.1913,103.13,2,7,1,0.4163,4.281,O=C1Nc2c(cnn2-c2ccccc2)CCSCSCc2cnc3c1cnn3c2,15,True,False,True,
CAND_0adfa5a593,v5_5_pocket_guided,JAK2_0cfea2ed0f,CCN1CCC[C@@H]1C(=O)Nc1ccc(-c2cc3nc(n2)Nc2ccc(cc2)N2CCOC(CCNCOC3)C2)cc1,QYZSEPUQYRVNKQ-ZBAATNBSSA-N,True,True,True,557.699,3.9826,103.88,3,9,4,0.4395,5.554,O=C(Nc1ccc(-c2cc3nc(n2)Nc2ccc(cc2)N2CCOC(CCNCOC3)C2)cc1)[C@H]1CCCN1,17,True,False,True,
CAND_15793515ce,v5_5_pocket_guided,JAK2_0cfea2ed0f,CCN1CCC[C@@H]1C(=O)Nc1ccc(-c2cc3nc(n2)Nc2ccc(cc2)N2CCOC(CCOCOC3)C2)cc1,PWRFZNJSFNOASC-ZBAATNBSSA-N,True,True,True,558.683,4.4096,101.08,2,9,4,0.4823,5.559,O=C(Nc1ccc(-c2cc3nc(n2)Nc2ccc(cc2)N2CCOC(CCOCOC3)C2)cc1)[C@H]1CCCN1,17,True,False,True,
CAND_f1252cea07,v5_5_pocket_guided,JAK2_0cfea2ed0f,CCN1CCC[C@@H]1C(=O)Nc1ccc(-c2cc3nc(n2)Nc2ccc(cc2)N2CCOC(CCNCCOCC3)C2)cc1,KYQCLIFSNOILHJ-ZGVDRVBQSA-N,True,True,True,585.753,4.0676,103.88,3,9,4,0.4182,5.71,O=C(Nc1ccc(-c2cc3nc(n2)Nc2ccc(cc2)N2CCOC(CCNCCOCC3)C2)cc1)[C@H]1CCCN1,19,True,False,True,
CAND_bfa0b1cb9a,v5_5_pocket_guided,JAK2_0cfea2ed0f,CCN1CCC[C@@H]1C(=O)Nc1ccc(-c2cc3nc(n2)Nc2ccc(cc2)N2CCOC(CCOCCOCC3)C2)cc1,UHWAADIFVAQCOV-ZGVDRVBQSA-N,True,True,True,586.737,4.4946,101.08,2,9,4,0.4579,5.715,O=C(Nc1ccc(-c2cc3nc(n2)Nc2ccc(cc2)N2CCOC(CCOCCOCC3)C2)cc1)[C@H]1CCCN1,19,True,False,True,
CAND_c19ca39941,v5_5_pocket_guided,JAK2_0cfea2ed0f,CCN1CCC[C@@H]1C(=O)Nc1ccc(-c2cc3nc(n2)Nc2ccc(cc2)N2CCOC(CCNCOCC3)C2)cc1,DDJQMBFEZZKOJA-FUJFQHJFSA-N,True,True,True,571.726,4.0251,103.88,3,9,4,0.4284,5.632,O=C(Nc1ccc(-c2cc3nc(n2)Nc2ccc(cc2)N2CCOC(CCNCOCC3)C2)cc1)[C@H]1CCCN1,18,True,False,True,
CAND_c8f2422f81,v5_5_pocket_guided,JAK2_0cfea2ed0f,CCN1CCC[C@@H]1C(=O)Nc1ccc(-c2cc3nc(n2)Nc2ccc(cc2)N2CCOC(CCOCOCC3)C2)cc1,OLQJODGASYPORO-FUJFQHJFSA-N,True,True,True,572.71,4.4521,101.08,2,9,4,0.4696,5.637,O=C(Nc1ccc(-c2cc3nc(n2)Nc2ccc(cc2)N2CCOC(CCOCOCC3)C2)cc1)[C@H]1CCCN1,18,True,False,True,
CAND_b1041a14ea,v5_5_pocket_guided,JAK2_0cfea2ed0f,CCN1CCC[C@@H]1C(=O)Nc1ccc(-c2cc3nc(n2)Nc2ccc(cc2)N2CCOCC2CCNCOC3)cc1,XRQFJHBSVSLHJU-ZBAATNBSSA-N,True,True,True,557.699,3.9826,103.88,3,9,4,0.4395,5.554,O=C(Nc1ccc(-c2cc3nc(n2)Nc2ccc(cc2)N2CCOCC2CCNCOC3)cc1)[C@H]1CCCN1,16,True,False,True,
CAND_e1f5168073,v5_5_pocket_guided,JAK2_0cfea2ed0f,CCN1CCC[C@@H]1C(=O)Nc1ccc(-c2cc3nc(n2)Nc2ccc(cc2)N2CCOCC2CCOCOC3)cc1,HZJYYLIBBDBZFA-ZBAATNBSSA-N,True,True,True,558.683,4.4096,101.08,2,9,4,0.4823,5.559,O=C(Nc1ccc(-c2cc3nc(n2)Nc2ccc(cc2)N2CCOCC2CCOCOC3)cc1)[C@H]1CCCN1,16,True,False,True,
CAND_f83bef50bf,v5_5_pocket_guided,JAK2_0cfea2ed0f,CCN1CCC[C@@H]1C(=O)Nc1ccc(-c2cc3nc(n2)Nc2ccc(cc2)N2CCOCC2CCOCOCC3)cc1,VNJPUOZAWJIWLN-FUJFQHJFSA-N,True,True,True,572.71,4.4521,101.08,2,9,4,0.4696,5.637,O=C(Nc1ccc(-c2cc3nc(n2)Nc2ccc(cc2)N2CCOCC2CCOCOCC3)cc1)[C@H]1CCCN1,17,True,False,True,
CAND_6aeebd63d8,v5_5_pocket_guided,JAK2_19546a8603,NC(=O)c1cnc2c3c1[nH]c1cc(c(F)cc13)COCNCCC1CC(C1)N2,USYUAUAKIXKPDX-UHFFFAOYSA-N,True,True,True,383.427,2.612,105.06,4,5,1,0.517,3.711,c1cc2[nH]c3cc4ccc3c2c(n1)NC1CC(CCNCOC4)C1,16,True,False,True,
CAND_94236bfc8b,v5_5_pocket_guided,JAK2_19546a8603,NC(=O)c1c2nc(NC3CCC3)c3c1[nH]c1cc(c(F)cc13)CSCSCC2,QBEBAFOZMAHAOZ-UHFFFAOYSA-N,True,True,True,416.547,4.3985,83.8,3,5,3,0.5894,4.145,c1cc2c3cc1CSCSCCc1cc([nH]3)c2c(NC2CCC2)n1,13,True,False,True,
CAND_35c724f6bb,v5_5_pocket_guided,JAK2_f2b3ea21e5,CCc1c2cc(Cl)cc1-c1[nH]c(cc1C(N)=O)-c1cc(nc(N)n1)CCSCSCC2,KJOZILOWXMIBTQ-UHFFFAOYSA-N,True,True,True,474.055,4.5581,110.68,3,6,2,0.5028,4.139,c1cc2cc(c1)-c1ccc([nH]1)-c1cc(ncn1)CCSCSCC2,16,True,False,True,
CAND_daa2d8d0ac,v5_5_pocket_guided,JAK2_f2b3ea21e5,CCc1c2cc(Cl)cc1-c1[nH]c(cc1C(N)=O)-c1cc(nc(N)n1)CSCSC2,PWDYZCMLQVSJHL-UHFFFAOYSA-N,True,True,True,446.001,4.4731,110.68,3,6,2,0.5361,3.983,c1cc2cc(c1)-c1ccc([nH]1)-c1cc(ncn1)CSCSC2,14,True,False,True,
CAND_b98f6fc825,v5_5_pocket_guided,JAK2_f2b3ea21e5,CCc1ccc(Cl)c2c1-c1[nH]c(cc1C(N)=O)-c1cc(nc(N)n1)CCSCSCC2,OXWGSJAPMCJQGG-UHFFFAOYSA-N,True,True,True,474.055,4.5581,110.68,3,6,2,0.5028,4.139,c1ccc2c(c1)CCSCSCCc1cc(ncn1)-c1ccc-2[nH]1,15,True,False,True,
CAND_b8ac1489d5,v5_5_pocket_guided,JAK2_f2b3ea21e5,CCc1ccc(Cl)c2c1-c1[nH]c(cc1C(N)=O)-c1cc(nc(N)n1)CCSCSC2,FZUNMEDJURPQCL-UHFFFAOYSA-N,True,True,True,460.028,4.5156,110.68,3,6,2,0.5193,4.061,c1ccc2c(c1)CSCSCCc1cc(ncn1)-c1ccc-2[nH]1,14,True,False,True,
CAND_84a5089b9f,v5_5_pocket_guided,JAK2_f2b3ea21e5,CCc1ccc(Cl)c2c1-c1[nH]c(cc1C(N)=O)-c1cc(nc(N)n1)CCSCCSCC2,RPWTWWGURBHBER-UHFFFAOYSA-N,True,True,True,488.082,4.6006,110.68,3,6,2,0.4868,4.217,c1ccc2c(c1)CCSCCSCCc1cc(ncn1)-c1ccc-2[nH]1,16,True,False,True,
CAND_1edb1b5726,v5_5_pocket_guided,JAK2_f2b3ea21e5,CCc1cc2c(Cl)cc1-c1[nH]c(cc1C(N)=O)-c1cc(nc(N)n1)CCCC2,CFGPCUMJNKEXJS-UHFFFAOYSA-N,True,True,True,395.894,3.9144,110.68,3,4,2,0.6102,3.905,c1nc2cc(n1)-c1ccc([nH]1)-c1ccc(cc1)CCCC2,14,True,False,True,
CAND_412d2f2118,v5_5_pocket_guided,JAK2_f2b3ea21e5,CCc1cc2c(Cl)cc1-c1[nH]c(cc1C(N)=O)-c1cc(nc(N)n1)CCSCSCC2,CVSKDVTVHLPLJQ-UHFFFAOYSA-N,True,True,True,474.055,4.5581,110.68,3,6,2,0.5028,4.339,c1nc2cc(n1)-c1ccc([nH]1)-c1ccc(cc1)CCSCSCC2,17,True,False,True,
CAND_9e6da3c65d,v5_5_pocket_guided,JAK2_f2b3ea21e5,CCc1cc2c(Cl)cc1-c1[nH]c(cc1C(N)=O)-c1cc(nc(N)n1)CNCOC2,OUWBEHRAFZGJSU-UHFFFAOYSA-N,True,True,True,412.881,2.6129,131.94,4,6,2,0.5111,3.999,c1nc2cc(n1)-c1ccc([nH]1)-c1ccc(cc1)COCNC2,15,True,False,True,
CAND_56f84d5b06,v5_5_pocket_guided,JAK2_f2b3ea21e5,CCc1cc2c(Cl)cc1-c1[nH]c(cc1C(N)=O)-c1cc(nc(N)n1)CSCSC2,OPPPKAGNRUVEEB-UHFFFAOYSA-N,True,True,True,446.001,4.4731,110.68,3,6,2,0.5361,4.183,c1nc2cc(n1)-c1ccc([nH]1)-c1ccc(cc1)CSCSC2,15,True,False,True,
CAND_474adfebe5,v5_5_pocket_guided,JAK2_f2b3ea21e5,CCc1c2cc(Cl)cc1-c1[nH]c(cc1C(N)=O)-c1nc(N)ncc1CCSCSCC2,TWTMEAZXLOIQDN-UHFFFAOYSA-N,True,True,True,474.055,4.5581,110.68,3,6,2,0.5028,4.139,c1cc2cc(c1)-c1ccc([nH]1)-c1ncncc1CCSCSCC2,15,True,False,True,
CAND_6665fbb32b,v5_5_pocket_guided,JAK2_f2b3ea21e5,CCc1c2cc(Cl)cc1-c1[nH]c(cc1C(N)=O)-c1nc(N)ncc1CSCSCC2,PHRUIXPLKYWQKD-UHFFFAOYSA-N,True,True,True,460.028,4.5156,110.68,3,6,2,0.5193,4.061,c1cc2cc(c1)-c1ccc([nH]1)-c1ncncc1CSCSCC2,14,True,False,True,
CAND_096861318d,v5_5_pocket_guided,JAK2_f2b3ea21e5,CCc1c2cc(Cl)cc1-c1[nH]c(cc1C(N)=O)-c1nc(N)ncc1CCSCCSCC2,RHSAFVWCDMUUKY-UHFFFAOYSA-N,True,True,True,488.082,4.6006,110.68,3,6,2,0.4868,4.217,c1cc2cc(c1)-c1ccc([nH]1)-c1ncncc1CCSCCSCC2,16,True,False,True,
CAND_dc7653b151,v5_5_pocket_guided,JAK2_f2b3ea21e5,CCc1ccc(Cl)c2c1-c1[nH]c(cc1C(N)=O)-c1nc(N)ncc1CCSCSCC2,ZTMMRANNBBEIDV-UHFFFAOYSA-N,True,True,True,474.055,4.5581,110.68,3,6,2,0.5028,4.139,c1ccc2c(c1)CCSCSCCc1cncnc1-c1ccc-2[nH]1,14,True,False,True,
CAND_40369069ec,v5_5_pocket_guided,JAK2_f2b3ea21e5,CCc1ccc(Cl)c2c1-c1[nH]c(cc1C(N)=O)-c1nc(N)ncc1CSCSCC2,NQWZLVQRCKWSRN-UHFFFAOYSA-N,True,True,True,460.028,4.5156,110.68,3,6,2,0.5193,4.061,c1ccc2c(c1)CCSCSCc1cncnc1-c1ccc-2[nH]1,13,True,False,True,
CAND_72a20287ec,v5_5_pocket_guided,JAK2_f2b3ea21e5,CCc1ccc(Cl)c2c1-c1[nH]c(cc1C(N)=O)-c1nc(N)ncc1CCSCCSCCC2,PQZLAVUNKUEYNO-UHFFFAOYSA-N,True,True,True,502.109,4.9907,110.68,3,6,2,0.4558,4.295,c1ccc2c(c1)CCCSCCSCCc1cncnc1-c1ccc-2[nH]1,16,True,False,True,
CAND_927186a5b6,v5_5_pocket_guided,JAK2_f2b3ea21e5,CCc1cc2c(Cl)cc1-c1[nH]c(-c3ccnc(N)n3)c(c1C(N)=O)CCSCSC2,KAEBVZRGQHJVIU-UHFFFAOYSA-N,True,True,True,460.028,4.5156,110.68,3,6,3,0.5308,4.386,c1cc(-c2[nH]c3cc2CCSCSCc2ccc-3cc2)ncn1,13,True,False,True,
CAND_5939a58016,v5_5_pocket_guided,JAK2_f2b3ea21e5,CCc1cc2c(Cl)cc1-c1[nH]c(-c3ccnc(N)n3)c(c1C(N)=O)CCSCSCC2,MXCUGHSHWSBAMJ-UHFFFAOYSA-N,True,True,True,474.055,4.5581,110.68,3,6,3,0.5139,4.464,c1cc(-c2[nH]c3cc2CCSCSCCc2ccc-3cc2)ncn1,14,True,False,True,
CAND_6bbd4ec161,v5_5_pocket_guided,JAK2_f2b3ea21e5,CCc1cc2c(Cl)cc1-c1[nH]c(cc1C(N)=O)-c1nc(N)ncc1CCSCSCC2,ABCDXVUUBAUOIP-UHFFFAOYSA-N,True,True,True,474.055,4.5581,110.68,3,6,2,0.5028,4.339,c1ncc2c(n1)-c1ccc([nH]1)-c1ccc(cc1)CCSCSCC2,16,True,False,True,
CAND_2f2c5b47a5,v5_5_pocket_guided,JAK2_f2b3ea21e5,CCc1cc2c(Cl)cc1-c1[nH]c(cc1C(N)=O)-c1nc(N)ncc1CSCSC2,BTHQVOZXIBMMCI-UHFFFAOYSA-N,True,True,True,446.001,4.4731,110.68,3,6,2,0.5361,4.183,c1ncc2c(n1)-c1ccc([nH]1)-c1ccc(cc1)CSCSC2,14,True,False,True,
CAND_4f99e2fd9d,v5_5_pocket_guided,JAK2_a1446e7a88,Cc1cc2cc(n1)Nc1sc(cc1C(N)=O)-c1cc(cc(C(F)(F)F)c1)CCOCOCC2,LYVQOSWEEDTQDM-UHFFFAOYSA-N,True,True,True,477.508,5.0691,86.47,2,6,1,0.5112,4.068,c1cc2cc(c1)-c1ccc(s1)Nc1cc(ccn1)CCOCOCC2,17,True,False,True,
CAND_20600f6248,v5_5_pocket_guided,JAK2_a1446e7a88,Cc1cc2cc(n1)Nc1sc(cc1C(N)=O)-c1cc(cc(C(F)(F)F)c1)CCOCOC2,UJGVYPHENYPZSP-UHFFFAOYSA-N,True,True,True,463.481,5.0266,86.47,2,6,1,0.5289,3.969,c1cc2cc(c1)-c1ccc(s1)Nc1cc(ccn1)COCOCC2,16,True,False,True,
CAND_f8a36e8c1d,v5_5_pocket_guided,JAK2_a1446e7a88,Cc1cc2cc(n1)Nc1sc(cc1C(N)=O)-c1cc(cc(C(F)(F)F)c1)CNCOC2,MFUKIJATOPRPOM-UHFFFAOYSA-N,True,True,True,448.47,4.5571,89.27,3,6,1,0.5081,3.872,c1cc2cc(c1)-c1ccc(s1)Nc1cc(ccn1)COCNC2,15,True,False,True,
CAND_42453ca39f,v5_5_pocket_guided,JAK2_a1446e7a88,Cc1cc2cc(n1)Nc1sc(cc1C(N)=O)-c1cc(cc(C(F)(F)F)c1)COCOC2,DDTWALNCPPXXGH-UHFFFAOYSA-N,True,True,True,449.454,4.9841,86.47,2,6,1,0.5471,3.878,c1cc2cc(c1)-c1ccc(s1)Nc1cc(ccn1)COCOC2,15,True,False,True,
CAND_66b9ed3339,v5_5_pocket_guided,JAK2_a1446e7a88,Cc1ccc2c(n1)Nc1sc(cc1C(N)=O)-c1cc(cc(C(F)(F)F)c1)CCOCOC2,WCDWZUTWOXWNGS-UHFFFAOYSA-N,True,True,True,463.481,5.0266,86.47,2,6,1,0.5289,3.969,c1cc2cc(c1)-c1ccc(s1)Nc1ncccc1COCOCC2,15,True,False,True,
CAND_7377efa7ea,v5_5_pocket_guided,JAK2_a1446e7a88,Cc1ccc2c(n1)Nc1sc(cc1C(N)=O)-c1cc(cc(C(F)(F)F)c1)COCOC2,BCLIBDHNDARKAP-UHFFFAOYSA-N,True,True,True,449.454,4.9841,86.47,2,6,1,0.5471,3.878,c1cc2cc(c1)-c1ccc(s1)Nc1ncccc1COCOC2,14,True,False,True,
CAND_14dae0a27e,v5_5_pocket_guided,JAK2_a1446e7a88,Cc1cc2cc(n1)Nc1sc(cc1C(N)=O)-c1ccc(c(C(F)(F)F)c1)CCOCOCC2,IGLNMTQEXSRESK-UHFFFAOYSA-N,True,True,True,477.508,5.0691,86.47,2,6,1,0.5112,4.268,c1cc2cc(n1)Nc1ccc(s1)-c1ccc(cc1)CCOCOCC2,18,True,False,True,
CAND_fc90ea6005,v5_5_pocket_guided,JAK2_a1446e7a88,Cc1cc2cc(n1)Nc1sc(cc1C(N)=O)-c1ccc(c(C(F)(F)F)c1)COCNCC2,XZXDQZKKKQMANZ-UHFFFAOYSA-N,True,True,True,462.497,4.5996,89.27,3,6,1,0.492,4.15,c1cc2cc(n1)Nc1ccc(s1)-c1ccc(cc1)COCNCC2,17,True,False,True,
CAND_822720dad6,v5_5_pocket_guided,JAK2_a1446e7a88,Cc1cc2cc(n1)Nc1sc(cc1C(N)=O)-c1ccc(c(C(F)(F)F)c1)COCOCC2,MURJHGUGPGMHIL-UHFFFAOYSA-N,True,True,True,463.481,5.0266,86.47,2,6,1,0.5289,4.169,c1cc2cc(n1)Nc1ccc(s1)-c1ccc(cc1)COCOCC2,17,True,False,True,
CAND_f9c1579b7f,v5_5_pocket_guided,JAK2_a1446e7a88,Cc1cc2cc(n1)Nc1sc(cc1C(N)=O)-c1ccc(c(C(F)(F)F)c1)COCNC2,KQFXIFOKVCMLKL-UHFFFAOYSA-N,True,True,True,448.47,4.5571,89.27,3,6,1,0.5081,4.072,c1cc2cc(n1)Nc1ccc(s1)-c1ccc(cc1)COCNC2,16,True,False,True,
CAND_0df184274f,v5_5_pocket_guided,JAK2_a1446e7a88,Cc1cc2cc(n1)Nc1sc(cc1C(N)=O)-c1ccc(c(C(F)(F)F)c1)COCOC2,CPWWGSPLNPPRRV-UHFFFAOYSA-N,True,True,True,449.454,4.9841,86.47,2,6,1,0.5471,4.078,c1cc2cc(n1)Nc1ccc(s1)-c1ccc(cc1)COCOC2,16,True,False,True,
CAND_8b0f8c9cf5,v5_5_pocket_guided,JAK2_a1446e7a88,Cc1cc2cc(n1)Nc1sc(cc1C(N)=O)-c1cccc(C(F)(F)F)c1COCOCC2,GLSFJSQICXTKHQ-UHFFFAOYSA-N,True,True,True,463.481,5.0266,86.47,2,6,1,0.5289,3.969,c1ccc2c(c1)COCOCCc1ccnc(c1)Nc1ccc-2s1,15,True,False,True,
CAND_35837c49f6,v5_5_pocket_guided,JAK2_a1446e7a88,Cc1cc2cc(n1)Nc1sc(cc1C(N)=O)-c1cccc(C(F)(F)F)c1COCOC2,DZSAIIADAMDAFZ-UHFFFAOYSA-N,True,True,True,449.454,4.9841,86.47,2,6,1,0.5471,3.878,c1ccc2c(c1)COCOCc1ccnc(c1)Nc1ccc-2s1,14,True,False,True,
CAND_e96d4fe4d1,v5_5_pocket_guided,JAK2_a1446e7a88,Cc1cc2cc(n1)Nc1sc(cc1C(N)=O)-c1cc(C(F)(F)F)ccc1COCOCC2,QASXQVGWWYXZPQ-UHFFFAOYSA-N,True,True,True,463.481,5.0266,86.47,2,6,1,0.5289,3.969,c1ccc2c(c1)COCOCCc1ccnc(c1)Nc1ccc-2s1,15,True,False,True,
CAND_b4ba46fa09,v5_5_pocket_guided,JAK2_a1446e7a88,Cc1cc2cc(n1)Nc1sc(cc1C(N)=O)-c1cc(C(F)(F)F)ccc1COCOC2,RZZAEKRBRRHJFX-UHFFFAOYSA-N,True,True,True,449.454,4.9841,86.47,2,6,1,0.5471,3.878,c1ccc2c(c1)COCOCc1ccnc(c1)Nc1ccc-2s1,14,True,False,True,
CAND_b2db88aa06,v5_5_pocket_guided,JAK2_a1446e7a88,Cc1ccc2c(n1)Nc1sc(cc1C(N)=O)-c1ccc(c(C(F)(F)F)c1)CCOCOCC2,VXGHZDXOXYYSMQ-UHFFFAOYSA-N,True,True,True,477.508,5.0691,86.47,2,6,1,0.5112,4.268,c1cnc2c(c1)CCOCOCCc1ccc(cc1)-c1ccc(s1)N2,17,True,False,True,
CAND_62ab113547,v5_5_pocket_guided,JAK2_a1446e7a88,Cc1ccc2c(n1)Nc1sc(cc1C(N)=O)-c1ccc(c(C(F)(F)F)c1)CCOCOC2,KTBGNYOJOPJPGI-UHFFFAOYSA-N,True,True,True,463.481,5.0266,86.47,2,6,1,0.5289,4.169,c1cnc2c(c1)COCOCCc1ccc(cc1)-c1ccc(s1)N2,16,True,False,True,
CAND_831b96e6df,v5_5_pocket_guided,JAK2_a1446e7a88,Cc1ccc2c(n1)Nc1sc(cc1C(N)=O)-c1ccc(c(C(F)(F)F)c1)CNCOC2,MQKOEDYLNLXCJP-UHFFFAOYSA-N,True,True,True,448.47,4.5571,89.27,3,6,1,0.5081,4.072,c1cnc2c(c1)COCNCc1ccc(cc1)-c1ccc(s1)N2,15,True,False,True,
CAND_e73e5d572f,v5_5_pocket_guided,JAK2_a1446e7a88,Cc1ccc2c(n1)Nc1sc(cc1C(N)=O)-c1ccc(c(C(F)(F)F)c1)COCOC2,WMZUMDJVRKFNDI-UHFFFAOYSA-N,True,True,True,449.454,4.9841,86.47,2,6,1,0.5471,4.078,c1cnc2c(c1)COCOCc1ccc(cc1)-c1ccc(s1)N2,15,True,False,True,
CAND_384865d144,v5_5_pocket_guided,JAK2_58c426eb98,CN(C)C(=O)c1c2nc(N)c3cc(sc13)-c1ccc(cc1)N1CCOC(COCOC2)C1,MRZHTWPCPGMYFR-UHFFFAOYSA-N,True,True,True,454.552,2.9568,90.15,1,8,1,0.6046,4.356,c1cc2ccc1-c1cc3cnc(cc3s1)COCOCC1CN2CCO1,17,True,False,True,
CAND_123e890bcc,v5_5_pocket_guided,JAK2_58c426eb98,CN(C)C(=O)c1cnc(N)c2c3c(sc12)-c1ccc(cc1)N1CCOC(COCOC3)C1,AUFTWUMHGJSMRO-UHFFFAOYSA-N,True,True,True,454.552,2.9568,90.15,1,8,1,0.6046,4.356,c1cc2sc3c(c2cn1)COCOCC1CN(CCO1)c1ccc-3cc1,14,True,False,True,
CAND_a609a4ae30,v5_5_pocket_guided,JAK2_58c426eb98,CN(C)C(=O)c1c2nc(N)c3cc(sc13)-c1ccc(cc1)N1CCOCC1COCOC2,CHWGRXXQQZYSMW-UHFFFAOYSA-N,True,True,True,454.552,2.9568,90.15,1,8,1,0.6046,4.356,c1cc2ccc1-c1cc3cnc(cc3s1)COCOCC1COCCN21,16,True,False,True,
CAND_70e4b3d62f,v5_5_pocket_guided,JAK2_58c426eb98,CN(C)C(=O)c1c2nc(N)c3cc(sc13)-c1ccc(cc1)N1CCOCC1CCOCOC2,HYUVAQSEGWNEJC-UHFFFAOYSA-N,True,True,True,468.579,3.3469,90.15,1,8,1,0.5857,4.434,c1cc2ccc1-c1cc3cnc(cc3s1)COCOCCC1COCCN21,17,True,False,True,
CAND_6e9a42e763,v5_5_pocket_guided,JAK2_58c426eb98,CN(C)C(=O)c1c2nc(N)c3cc(sc13)-c1ccc(cc1)N1CCOCC1CCOCOCC2,ATRXZZFCOGCJJX-UHFFFAOYSA-N,True,True,True,482.606,3.3894,90.15,1,8,1,0.5686,4.512,c1cc2ccc1-c1cc3cnc(cc3s1)CCOCOCCC1COCCN21,18,True,False,True,
CAND_fcfa1f6dbc,v5_5_pocket_guided,JAK2_54bc2cde0b,CCCN(CC)C(=O)C12CCN(C1)c1cc(ncn1)-c1c(N)nn3ccc(nc13)COCNC2,VLZQUQOVZOVMKY-UHFFFAOYSA-N,True,True,True,465.562,1.3008,126.8,2,9,4,0.586,4.792,c1nc2cc(n1)N1CCC(CNCOCc3ccn4ncc-2c4n3)C1,15,True,False,True,
CAND_79a8e4a471,v5_5_pocket_guided,JAK2_54bc2cde0b,CCCN(CC)C(=O)C12CCN(C1)c1cc(ncn1)-c1c(N)nn3c(ccnc13)COCNC2,PVGXIHHSKNDOGI-UHFFFAOYSA-N,True,True,True,465.562,1.3008,126.8,2,9,4,0.586,4.792,c1nc2cc(n1)N1CCC(CNCOCc3ccnc4c-2cnn34)C1,15,True,False,True,
CAND_11dab482c1,v5_5_pocket_guided,JAK2_54bc2cde0b,CCCN(CC)C(=O)C1CCN2c3cc(ncn3)-c3c(N)nn4ccc(nc34)CCOCOCC12,RNXHOXZOOIDNJU-UHFFFAOYSA-N,True,True,True,480.573,1.7687,124.0,1,9,4,0.5947,5.125,c1nc2cc(n1)N1CCCC1COCOCCc1ccn3ncc-2c3n1,15,True,False,True,
CAND_82292829c1,v5_5_pocket_guided,JAK2_54bc2cde0b,CCCN1C(=O)C2CCN(C2)c2cc(ncn2)-c2c(N)nn3ccc(nc23)CNCOCC1C,MGRABIINKQOQCZ-UHFFFAOYSA-N,True,True,True,465.562,1.2992,126.8,2,9,2,0.5756,4.792,O=C1NCCOCNCc2ccn3ncc(c3n2)-c2cc(ncn2)N2CCC1C2,18,True,False,True,
CAND_756c24d56a,v5_5_pocket_guided,JAK2_54bc2cde0b,CCC1COCNCc2ccn3nc(N)c(c3n2)-c2cc(ncn2)N2CCC(C2)C(=O)N1CC,GWHPMUNITPVBBL-UHFFFAOYSA-N,True,True,True,465.562,1.2992,126.8,2,9,2,0.5756,4.792,O=C1NCCOCNCc2ccn3ncc(c3n2)-c2cc(ncn2)N2CCC1C2,18,True,False,True,
CAND_e95c04f21d,v5_5_pocket_guided,JAK2_54bc2cde0b,CCCN(CC)C(=O)C1CCN2c3cc(ncn3)-c3c(N)nn4c(ccnc34)CCOCOCC12,PIVPAZWMKVLCNM-UHFFFAOYSA-N,True,True,True,480.573,1.7687,124.0,1,9,4,0.5947,5.125,c1nc2cc(n1)N1CCCC1COCOCCc1ccnc3c-2cnn13,15,True,False,True,
CAND_cc14a97070,v5_5_pocket_guided,JAK2_54bc2cde0b,CCCN1C(=O)C2CCN(C2)c2cc(ncn2)-c2c(N)nn3c(ccnc23)CNCOCC1C,QOVAXASFGYUKMW-UHFFFAOYSA-N,True,True,True,465.562,1.2992,126.8,2,9,2,0.5756,4.792,O=C1NCCOCNCc2ccnc3c(cnn23)-c2cc(ncn2)N2CCC1C2,18,True,False,True,
CAND_b3fbe45f0a,v5_5_pocket_guided,JAK2_54bc2cde0b,CCC1COCNCc2ccnc3c(c(N)nn23)-c2cc(ncn2)N2CCC(C2)C(=O)N1CC,KUDSGAMKPQWJBW-UHFFFAOYSA-N,True,True,True,465.562,1.2992,126.8,2,9,2,0.5756,4.792,O=C1NCCOCNCc2ccnc3c(cnn23)-c2cc(ncn2)N2CCC1C2,18,True,False,True,
CAND_994772434b,v5_5_pocket_guided,JAK2_1bae26071f,Cc1nc2c(N[C@@H](C)c3ccc(F)cn3)nc1Nc1n[nH]c(C)c1CCSCCSCCC2,GTBYAUARRNWCFP-HNNXBMFYSA-N,True,True,True,487.674,5.2224,91.41,3,8,3,0.463,4.901,c1ccc(CNc2nc3cnc2CCCSCCSCCc2c[nH]nc2N3)nc1,16,True,False,True,
CAND_9af57c0d70,v5_5_pocket_guided,JAK2_1bae26071f,Cc1nc2c(N[C@@H](C)c3ccc(F)cn3)nc1Nc1n[nH]c(C)c1CSCSCC2,QWJVLTZMJPRSPW-LBPRGKRZSA-N,True,True,True,445.593,4.7473,91.41,3,8,3,0.5321,4.556,c1ccc(CNc2nc3cnc2CCSCSCc2c[nH]nc2N3)nc1,13,True,False,True,
CAND_fe187859c4,v5_5_pocket_guided,JAK2_1bae26071f,Cc1nc2c(N[C@@H](C)c3ccc(F)cn3)nc1Nc1n[nH]c(C)c1CCSCSCC2,QLZUMDSLUMYLDS-ZDUSSCGKSA-N,True,True,True,459.62,4.7898,91.41,3,8,3,0.515,4.634,c1ccc(CNc2nc3cnc2CCSCSCCc2c[nH]nc2N3)nc1,14,True,False,True,
CAND_e3277e541d,v5_5_pocket_guided,JAK2_81f4cf91ce,Nc1cc2n3ncc(c3n1)C(=O)Nc1c[nH]nc1-c1ccc(c(Cl)c1)CCCC2,ICRCBZAUZNAJQX-UHFFFAOYSA-N,True,True,True,407.865,3.4861,113.99,3,5,0,0.4125,3.721,O=C1Nc2c[nH]nc2-c2ccc(cc2)CCCCc2ccnc3c1cnn23,16,True,False,True,
CAND_d50b6f5bca,v5_5_pocket_guided,JAK2_81f4cf91ce,Nc1cc2n3ncc(c3n1)C(=O)Nc1c[nH]nc1-c1ccc(c(Cl)c1)COCNC2,YMLHLUJXGOKTSW-UHFFFAOYSA-N,True,True,True,424.852,2.1846,135.25,4,7,0,0.3395,3.816,O=C1Nc2c[nH]nc2-c2ccc(cc2)COCNCc2ccnc3c1cnn23,17,True,False,True,
CAND_6db1f85ec5,v5_5_pocket_guided,JAK2_81f4cf91ce,Nc1nc2c3cnn2cc1CCSCSCCc1[nH]nc(-c2cccc(Cl)c2)c1NC3=O,BAQWNFHXIOWCHV-UHFFFAOYSA-N,True,True,True,486.026,4.1298,113.99,3,7,1,0.3711,4.281,O=C1Nc2c(-c3ccccc3)n[nH]c2CCSCSCCc2cnc3c1cnn3c2,16,True,False,True,
CAND_0ed9466ff7,v5_5_pocket_guided,JAK2_cc50037476,Cc1c2cc(Cl)cc1-c1c(C(N)=O)cc(n1C)-c1cc(nc(N)n1)CCSCSCC2,KMOLQIPVQLBEGB-UHFFFAOYSA-N,True,True,True,474.055,4.3145,99.82,2,6,1,0.5457,4.014,c1cc2cc(c1)-c1ccc([nH]1)-c1cc(ncn1)CCSCSCC2,16,True,False,True,
CAND_7f239cfba5,v5_5_pocket_guided,JAK2_cc50037476,Cc1c2cc(Cl)cc1-c1c(C(N)=O)cc(n1C)-c1cc(nc(N)n1)CSCSC2,QBRNCCWLBZXDCL-UHFFFAOYSA-N,True,True,True,446.001,4.2295,99.82,2,6,1,0.581,3.858,c1cc2cc(c1)-c1ccc([nH]1)-c1cc(ncn1)CSCSC2,14,True,False,True,
CAND_44f23ccfaa,v5_5_pocket_guided,JAK2_cc50037476,Cc1ccc(Cl)c2c1-c1c(C(N)=O)cc(n1C)-c1cc(nc(N)n1)CCSCSCC2,RAZHVOQATULGKL-UHFFFAOYSA-N,True,True,True,474.055,4.3145,99.82,2,6,1,0.5457,4.014,c1ccc2c(c1)CCSCSCCc1cc(ncn1)-c1ccc-2[nH]1,15,True,False,True,
CAND_5c6b3511db,v5_5_pocket_guided,JAK2_cc50037476,Cc1ccc(Cl)c2c1-c1c(C(N)=O)cc(n1C)-c1cc(nc(N)n1)CCSCCSCC2,FIXKKVDZSKFCRS-UHFFFAOYSA-N,True,True,True,488.082,4.357,99.82,2,6,1,0.5287,4.092,c1ccc2c(c1)CCSCCSCCc1cc(ncn1)-c1ccc-2[nH]1,16,True,False,True,
CAND_bac54a359b,v5_5_pocket_guided,JAK2_cc50037476,Cc1cc2c(Cl)cc1-c1c(C(N)=O)cc(n1C)-c1cc(nc(N)n1)CCSCSCC2,CYKPUVRNWQLIAD-UHFFFAOYSA-N,True,True,True,474.055,4.3145,99.82,2,6,1,0.5457,4.214,c1nc2cc(n1)-c1ccc([nH]1)-c1ccc(cc1)CCSCSCC2,17,True,False,True,
CAND_77dec61c4a,v5_5_pocket_guided,JAK2_cc50037476,Cc1cc2c(Cl)cc1-c1c(C(N)=O)cc(n1C)-c1cc(nc(N)n1)CNCOC2,QVNWSCDXIOVUDX-UHFFFAOYSA-N,True,True,True,412.881,2.3693,121.08,3,6,1,0.5638,3.874,c1nc2cc(n1)-c1ccc([nH]1)-c1ccc(cc1)COCNC2,15,True,False,True,
CAND_90ff94e71a,v5_5_pocket_guided,JAK2_cc50037476,Cc1cc2c(Cl)cc1-c1c(C(N)=O)cc(n1C)-c1cc(nc(N)n1)CSCSC2,RIDBAMIAANHWRS-UHFFFAOYSA-N,True,True,True,446.001,4.2295,99.82,2,6,1,0.581,4.058,c1nc2cc(n1)-c1ccc([nH]1)-c1ccc(cc1)CSCSC2,15,True,False,True,
CAND_2f320144eb,v5_5_pocket_guided,JAK2_cc50037476,Cc1c2cc(Cl)cc1-c1c(C(N)=O)cc(n1C)-c1nc(N)ncc1CCSCSCC2,HJMQCJHRPSJFAI-UHFFFAOYSA-N,True,True,True,474.055,4.3145,99.82,2,6,1,0.5457,4.014,c1cc2cc(c1)-c1ccc([nH]1)-c1ncncc1CCSCSCC2,15,True,False,True,
CAND_c085056dbc,v5_5_pocket_guided,JAK2_cc50037476,Cc1c2cc(Cl)cc1-c1c(C(N)=O)cc(n1C)-c1nc(N)ncc1CSCSCC2,FVCPJCXSFFODID-UHFFFAOYSA-N,True,True,True,460.028,4.272,99.82,2,6,1,0.5632,3.936,c1cc2cc(c1)-c1ccc([nH]1)-c1ncncc1CSCSCC2,14,True,False,True,
CAND_2edede7faa,v5_5_pocket_guided,JAK2_cc50037476,Cc1c2cc(Cl)cc1-c1c(C(N)=O)cc(n1C)-c1nc(N)ncc1CCSCCSCC2,FWQKVEUXWPKOCZ-UHFFFAOYSA-N,True,True,True,488.082,4.357,99.82,2,6,1,0.5287,4.092,c1cc2cc(c1)-c1ccc([nH]1)-c1ncncc1CCSCCSCC2,16,True,False,True,
CAND_aa5da2fb15,v5_5_pocket_guided,JAK2_cc50037476,Cc1cc2c(Cl)cc1-c1c(C(N)=O)c(c(-c3ccnc(N)n3)n1C)CCSCSC2,AFXNOFWUCPJTRH-UHFFFAOYSA-N,True,True,True,460.028,4.272,99.82,2,6,2,0.5931,4.261,c1cc(-c2[nH]c3cc2CCSCSCc2ccc-3cc2)ncn1,13,True,False,True,
CAND_4a8a755de9,v5_5_pocket_guided,JAK2_cc50037476,Cc1cc2c(Cl)cc1-c1c(C(N)=O)c(c(-c3ccnc(N)n3)n1C)CCSCSCC2,ZYAQPAWCFAJQIL-UHFFFAOYSA-N,True,True,True,474.055,4.3145,99.82,2,6,2,0.5747,4.339,c1cc(-c2[nH]c3cc2CCSCSCCc2ccc-3cc2)ncn1,14,True,False,True,
CAND_25fe2e1e6d,v5_5_pocket_guided,JAK2_cc50037476,Cc1ccc(Cl)c2c1-c1c(C(N)=O)cc(n1C)-c1nc(N)ncc1CCSCSCC2,YQFLTVCMHRUNLT-UHFFFAOYSA-N,True,True,True,474.055,4.3145,99.82,2,6,1,0.5457,4.014,c1ccc2c(c1)CCSCSCCc1cncnc1-c1ccc-2[nH]1,14,True,False,True,
CAND_9c255e523f,v5_5_pocket_guided,JAK2_cc50037476,Cc1ccc(Cl)c2c1-c1c(C(N)=O)cc(n1C)-c1nc(N)ncc1CSCSCC2,LNLCEUQPNMYNAG-UHFFFAOYSA-N,True,True,True,460.028,4.272,99.82,2,6,1,0.5632,3.936,c1ccc2c(c1)CCSCSCc1cncnc1-c1ccc-2[nH]1,13,True,False,True,
CAND_5c26912b8d,v5_5_pocket_guided,JAK2_cc50037476,Cc1ccc(Cl)c2c1-c1c(C(N)=O)cc(n1C)-c1nc(N)ncc1CCSCCSCCC2,CWMCTSJNOBKQLJ-UHFFFAOYSA-N,True,True,True,502.109,4.7471,99.82,2,6,1,0.4989,4.17,c1ccc2c(c1)CCCSCCSCCc1cncnc1-c1ccc-2[nH]1,16,True,False,True,
CAND_6d63acff3b,v5_5_pocket_guided,JAK2_cc50037476,Cc1cc2c(Cl)cc1-c1c(C(N)=O)cc(n1C)-c1nc(N)ncc1CCSCSCC2,JCCRGDJDSNKLND-UHFFFAOYSA-N,True,True,True,474.055,4.3145,99.82,2,6,1,0.5457,4.214,c1ncc2c(n1)-c1ccc([nH]1)-c1ccc(cc1)CCSCSCC2,16,True,False,True,
CAND_33855ef1b1,v5_5_pocket_guided,JAK2_cc50037476,Cc1cc2c(Cl)cc1-c1c(C(N)=O)cc(n1C)-c1nc(N)ncc1CSCSC2,SNWGZLQMVXGJRT-UHFFFAOYSA-N,True,True,True,446.001,4.2295,99.82,2,6,1,0.581,4.058,c1ncc2c(n1)-c1ccc([nH]1)-c1ccc(cc1)CSCSC2,14,True,False,True,
CAND_4a842fc4ca,v5_5_pocket_guided,JAK2_74ba919b0d,Cn1cc(-c2cc3c4[nH]c5c(C(N)=O)cnc(c5c4c2)NC2CCCC(COCSC3)C2)cn1,HSKXCMQROYKDJP-UHFFFAOYSA-N,True,True,True,476.606,4.4071,110.85,3,6,2,0.3953,4.853,c1cc2[nH]c3c4cc(-c5cn[nH]c5)cc3c2c(n1)NC1CCCC(COCSC4)C1,14,True,False,True,
CAND_119af45441,v5_5_pocket_guided,JAK2_74ba919b0d,Cn1cc(-c2cc3c4[nH]c5c(C(N)=O)cnc(c5c4c2)NC2CCC(CC2)CNCOC3)cn1,YPKGEQGMNDLOMC-UHFFFAOYSA-N,True,True,True,459.554,3.2635,122.88,4,6,2,0.3649,4.259,c1cc2[nH]c3c4cc(-c5cn[nH]c5)cc3c2c(n1)NC1CCC(CC1)CNCOC4,15,True,False,True,
CAND_e1f1e73c3c,v5_5_pocket_guided,JAK2_74ba919b0d,Cn1cc(-c2cc3c4[nH]c5c(C(N)=O)cnc(c5c4c2)NC2CCC(CC2)COCSC3)cn1,CBHWCOQNOKCPGK-UHFFFAOYSA-N,True,True,True,476.606,4.4071,110.85,3,6,2,0.3953,4.353,c1cc2[nH]c3c4cc(-c5cn[nH]c5)cc3c2c(n1)NC1CCC(CC1)COCSC4,15,True,False,True,
CAND_cdee7d200d,v5_5_pocket_guided,JAK2_74ba919b0d,NC(=O)c1c2nc(NC3CCCCC3)c3c1[nH]c1ccc(cc13)-c1cnn(c1)CCNCOC2,DPTGYKNVPCKDFQ-UHFFFAOYSA-N,True,True,True,459.554,3.5004,122.88,4,6,3,0.3719,4.384,c1cc2[nH]c3cc4nc(NC5CCCCC5)c3c2cc1-c1cnn(c1)CCNCOC4,16,True,False,True,
CAND_86cbdefe29,v5_5_pocket_guided,JAK2_74ba919b0d,NC(=O)c1c2nc(NC3CCCCC3)c3c1[nH]c1ccc(cc13)-c1cnn(c1)CCOCOC2,FWJFFXSVGMMTIC-UHFFFAOYSA-N,True,True,True,460.538,3.9274,120.08,3,6,3,0.4261,4.389,c1cc2[nH]c3cc4nc(NC5CCCCC5)c3c2cc1-c1cnn(c1)CCOCOC4,16,True,False,True,
CAND_2542a5fb8a,v5_5_pocket_guided,JAK2_09edf70d78,CN1CCN2c3ccc(cc3)Nc3nc4c(-c5ccc(S(C)(=O)=O)cc5)ccc(n4n3)CNCOCC2C1,XQCGBVZMERKGRA-UHFFFAOYSA-N,True,True,True,533.658,2.7411,104.1,2,9,2,0.4025,4.92,c1ccc(-c2ccc3n4nc(nc24)Nc2ccc(cc2)N2CCNCC2COCNC3)cc1,16,True,False,True,
CAND_d8fe5f093b,v5_5_pocket_guided,JAK2_09edf70d78,CN1CCN2c3ccc(cc3)Nc3nc4c(-c5ccc(S(C)(=O)=O)cc5)ccc(n4n3)COCOCC2C1,IJQFXBVSZWJLMQ-UHFFFAOYSA-N,True,True,True,534.642,3.1681,101.3,1,9,2,0.4155,4.926,c1ccc(-c2ccc3n4nc(nc24)Nc2ccc(cc2)N2CCNCC2COCOC3)cc1,16,True,False,True,
CAND_f867e87e60,v5_5_pocket_guided,JAK2_09edf70d78,CN1CCN2c3ccc(cc3)Nc3nc4c(-c5ccc(S(C)(=O)=O)cc5)cc(cn4n3)COCNCC2C1,FNJFEONUXVCMHR-UHFFFAOYSA-N,True,True,True,533.658,2.7411,104.1,2,9,2,0.4025,4.92,c1ccc(-c2cc3cn4nc(nc24)Nc2ccc(cc2)N2CCNCC2CNCOC3)cc1,17,True,False,True,
CAND_859666efa9,v5_5_pocket_guided,JAK2_09edf70d78,CN1CCN2c3ccc(cc3)Nc3nc4c(-c5ccc(S(C)(=O)=O)cc5)cc(cn4n3)COCNCCC2C1,BLAXXHFPKBXCIX-UHFFFAOYSA-N,True,True,True,547.685,3.1312,104.1,2,9,2,0.3917,4.998,c1ccc(-c2cc3cn4nc(nc24)Nc2ccc(cc2)N2CCNCC2CCNCOC3)cc1,18,True,False,True,
CAND_970af5bca3,v5_5_pocket_guided,JAK2_530b044866,CSc1cn2c(-c3cn[nH]c3)c3nc2c(n1)Nc1cc(ns1)CCCOCOC3,IXZNIRSHQXXWEF-UHFFFAOYSA-N,True,True,True,429.531,3.4783,102.25,2,9,2,0.4671,4.092,c1cn2c(-c3cn[nH]c3)c3nc2c(n1)Nc1cc(ns1)CCCOCOC3,15,True,False,True,
CAND_1e8a4b9e77,v5_5_pocket_guided,JAK2_85fd848de0,CN1CCN(c2cccc(Nc3nc4c5ccc(n4n3)CCSCSCc3cc-5ccc3F)c2)CC1,SLSXIQAMYQQUKQ-UHFFFAOYSA-N,True,True,True,520.703,5.5108,48.7,1,7,3,0.3822,4.979,c1cc2cc(c1)-c1ccc(n3nc(Nc4cccc(N5CCNCC5)c4)nc13)CCSCSC2,13,True,False,True,
CAND_7bea1d474b,v5_5_pocket_guided,JAK2_85fd848de0,CN1CCN(c2cc3cc(c2)Nc2nc4c(-c5ccc(F)cc5)cc(cn4n2)CCCC3)CC1,UMWAFMFBYKODLT-UHFFFAOYSA-N,True,True,True,456.569,4.9096,48.7,1,5,2,0.4645,4.242,c1ccc(-c2cc3cn4nc(nc24)Nc2cc(cc(N4CCNCC4)c2)CCCC3)cc1,13,True,False,True,
CAND_94b772483e,v5_5_pocket_guided,JAK2_85fd848de0,CN1CCN(c2cc3cc(c2)Nc2nc4c(-c5ccc(F)cc5)cc(cn4n2)CSCOC3)CC1,RDANWMOXCYJZCD-UHFFFAOYSA-N,True,True,True,490.608,4.7517,57.93,1,7,2,0.4351,4.431,c1ccc(-c2cc3cn4nc(nc24)Nc2cc(cc(N4CCNCC4)c2)COCSC3)cc1,14,True,False,True,
CAND_aa2aa1d64e,v5_5_pocket_guided,JAK2_85fd848de0,CN1CCN(c2cc3cc(c2)Nc2nc4c(-c5ccc(F)cc5)cc(cn4n2)CSCOCC3)CC1,XCVICHTXBFALQP-UHFFFAOYSA-N,True,True,True,504.635,4.7942,57.93,1,7,2,0.4211,4.509,c1ccc(-c2cc3cn4nc(nc24)Nc2cc(cc(N4CCNCC4)c2)CCOCSC3)cc1,15,True,False,True,
CAND_3688f8acdc,v5_5_pocket_guided,JAK2_85fd848de0,CN1CCN(c2cc3cc(c2)Nc2nc4c(cccn4n2)-c2ccc(F)c(c2)CSCOC3)CC1,XKHPINUHYPWYRA-UHFFFAOYSA-N,True,True,True,490.608,4.7517,57.93,1,7,1,0.4132,4.306,c1cc2cc(c1)-c1cccn3nc(nc13)Nc1cc(cc(N3CCNCC3)c1)COCSC2,16,True,False,True,
CAND_14995d7ea5,v5_5_pocket_guided,JAK2_85fd848de0,CN1CCN(c2cc3cc(c2)Nc2nc4c(cccn4n2)-c2ccc(F)cc2COCNC3)CC1,IXQGTAJDYOIFLS-UHFFFAOYSA-N,True,True,True,473.556,3.6081,69.96,2,7,1,0.4378,4.211,c1ccc2c(c1)COCNCc1cc(cc(N3CCNCC3)c1)Nc1nc3c-2cccn3n1,15,True,False,True,
CAND_bc4c659f94,v5_5_pocket_guided,JAK2_85fd848de0,CN1CCN(c2cc3cc(c2)Nc2nc4c(cccn4n2)-c2ccc(F)cc2COCOC3)CC1,SQSNREACDNVKFG-UHFFFAOYSA-N,True,True,True,474.54,4.0351,67.16,1,7,1,0.4467,4.217,c1ccc2c(c1)COCOCc1cc(cc(N3CCNCC3)c1)Nc1nc3c-2cccn3n1,15,True,False,True,
CAND_75527d50b3,v5_5_pocket_guided,JAK2_85fd848de0,Fc1ccc(-c2cccn3nc(Nc4cc5cc(c4)N4CCN(CCOCOC5)CC4)nc23)cc1,DESNZLGRZSMGRH-UHFFFAOYSA-N,True,True,True,474.54,3.9053,67.16,1,7,3,0.483,4.467,c1ccc(-c2cccn3nc(Nc4cc5cc(c4)N4CCN(CCOCOC5)CC4)nc23)cc1,13,True,False,True,
CAND_b30ef8ecba,v5_5_pocket_guided,JAK2_85fd848de0,Fc1ccc2c(c1)CNCOCCN1CCN(CC1)c1cccc(c1)Nc1nc3c-2cccn3n1,LWQIYCWXYFGYJD-UHFFFAOYSA-N,True,True,True,473.556,3.4783,69.96,2,7,0,0.4053,4.086,c1cc2cc(c1)N1CCN(CCOCNCc3ccccc3-c3cccn4nc(nc34)N2)CC1,20,True,False,True,
CAND_5445caadcc,v5_5_pocket_guided,JAK2_a77381c7fa,CC1(C)COCNCCc2ccn3nc(N)c(c3n2)-c2cc(ncn2)N[C@H]1c1ccc(F)cc1,CGZPJTGDKFHKAC-NRFANRHFSA-N,True,True,True,462.533,3.2068,115.28,3,8,1,0.395,4.4,c1ccc([C@H]2CCOCNCCc3ccn4ncc(c4n3)-c3cc(ncn3)N2)cc1,16,True,False,True,
CAND_4d166c157e,v5_5_pocket_guided,JAK2_a77381c7fa,CC1(C)COCNCCc2ccnc3c(c(N)nn23)-c2cc(ncn2)N[C@H]1c1ccc(F)cc1,POIWKHXKDKNKMP-NRFANRHFSA-N,True,True,True,462.533,3.2068,115.28,3,8,1,0.395,4.4,c1ccc([C@H]2CCOCNCCc3ccnc4c(cnn34)-c3cc(ncn3)N2)cc1,16,True,False,True,
CAND_0277c31aeb,v5_5_pocket_guided,JAK2_045f56a0d8,Cc1cc2ccc1-c1[nH]c(cc1C(N)=O)-c1cc(nc(N)n1)CCSCSCC2,HTJYBZOVCYRRLG-UHFFFAOYSA-N,True,True,True,425.583,3.6507,110.68,3,6,1,0.5488,3.945,c1nc2cc(n1)-c1ccc([nH]1)-c1ccc(cc1)CCSCSCC2,17,True,False,True,
CAND_af67537a94,v5_5_pocket_guided,JAK2_045f56a0d8,Cc1cc2ccc1-c1[nH]c(cc1C(N)=O)-c1cc(nc(N)n1)COCNC2,NIGDJRWWDILHNF-UHFFFAOYSA-N,True,True,True,364.409,1.7055,131.94,4,6,1,0.5196,3.605,c1nc2cc(n1)-c1ccc([nH]1)-c1ccc(cc1)CNCOC2,15,True,False,True,
CAND_226ae96264,v5_5_pocket_guided,JAK2_045f56a0d8,Cc1cc2ccc1-c1[nH]c(cc1C(N)=O)-c1cc(nc(N)n1)CSCSC2,YTIZRJZGBIDXCX-UHFFFAOYSA-N,True,True,True,397.529,3.5657,110.68,3,6,1,0.5789,3.789,c1nc2cc(n1)-c1ccc([nH]1)-c1ccc(cc1)CSCSC2,15,True,False,True,
CAND_ae3f23b213,v5_5_pocket_guided,JAK2_045f56a0d8,Cc1cc2ccc1-c1[nH]c(-c3ccnc(N)n3)c(c1C(N)=O)CCSCSCC2,JMPYIQOUURYRGT-UHFFFAOYSA-N,True,True,True,425.583,3.6507,110.68,3,6,2,0.5779,4.07,c1cc(-c2[nH]c3cc2CCSCSCCc2ccc-3cc2)ncn1,14,True,False,True,
CAND_023d265a20,v5_5_pocket_guided,JAK2_045f56a0d8,Cc1cc2ccc1-c1[nH]c(cc1C(N)=O)-c1nc(N)ncc1CCSCSCC2,JFBHIKPUGASHDI-UHFFFAOYSA-N,True,True,True,425.583,3.6507,110.68,3,6,1,0.5488,3.945,c1ncc2c(n1)-c1ccc([nH]1)-c1ccc(cc1)CCSCSCC2,16,True,False,True,
CAND_a11be68f24,v5_5_pocket_guided,JAK2_045f56a0d8,Cc1ccc2cc1-c1[nH]c(cc1C(N)=O)-c1cc(nc(N)n1)CCCSCCSCC2,VIJCZJFPINKRMA-UHFFFAOYSA-N,True,True,True,453.637,4.0833,110.68,3,6,1,0.5119,3.901,c1cc2cc(c1)-c1ccc([nH]1)-c1cc(ncn1)CCCSCCSCC2,18,True,False,True,
CAND_8dad54977f,v5_5_pocket_guided,JAK2_045f56a0d8,Cc1ccc2cc1-c1[nH]c(cc1C(N)=O)-c1cc(nc(N)n1)CCSCSCC2,BXBBHHPTEHJNLX-UHFFFAOYSA-N,True,True,True,425.583,3.6507,110.68,3,6,1,0.5488,3.745,c1cc2cc(c1)-c1ccc([nH]1)-c1cc(ncn1)CCSCSCC2,16,True,False,True,
CAND_1e8331339e,v5_5_pocket_guided,JAK2_045f56a0d8,Cc1cccc2c1-c1[nH]c(cc1C(N)=O)-c1cc(nc(N)n1)CCCSCCSCC2,PMEYRXLMEAZHIX-UHFFFAOYSA-N,True,True,True,453.637,4.0833,110.68,3,6,1,0.5119,3.901,c1ccc2c(c1)CCSCCSCCCc1cc(ncn1)-c1ccc-2[nH]1,17,True,False,True,
CAND_e75f8af8e1,v5_5_pocket_guided,JAK2_045f56a0d8,Cc1c2cccc1-c1[nH]c(cc1C(N)=O)-c1cc(nc(N)n1)CCCSCCSCC2,SVJRTUDQLJVQQL-UHFFFAOYSA-N,True,True,True,453.637,4.0833,110.68,3,6,1,0.5119,3.901,c1cc2cc(c1)-c1ccc([nH]1)-c1cc(ncn1)CCCSCCSCC2,18,True,False,True,
CAND_a288ba4633,v5_5_pocket_guided,JAK2_045f56a0d8,Cc1c2cccc1-c1[nH]c(cc1C(N)=O)-c1cc(nc(N)n1)CCSCSCC2,CDSHEKUSIRLAMZ-UHFFFAOYSA-N,True,True,True,425.583,3.6507,110.68,3,6,1,0.5488,3.745,c1cc2cc(c1)-c1ccc([nH]1)-c1cc(ncn1)CCSCSCC2,16,True,False,True,
CAND_77ed9a9627,v5_5_pocket_guided,JAK2_2e18080ebc,NC(=O)c1ccc2c3c1[nH]c1cc(-c4cn[nH]c4)c(cc13)CCSCOCCC1CCCC(C1)N2,GYOCSCZREMTGBY-UHFFFAOYSA-N,True,True,True,489.645,5.4343,108.82,4,5,2,0.3,5.143,c1cc2c3c(c1)[nH]c1cc(-c4cn[nH]c4)c(cc13)CCSCOCCC1CCCC(C1)N2,16,True,False,True,
CAND_c18340f956,v5_5_pocket_guided,JAK2_2e18080ebc,NC(=O)c1ccc2c3c1[nH]c1c(c(-c4cn[nH]c4)ccc13)CCSCOCCC1CCCC(C1)N2,ZMCSEETYGHEGPI-UHFFFAOYSA-N,True,True,True,489.645,5.4343,108.82,4,5,2,0.3,5.143,c1cc2c3c(c1)[nH]c1c(c(-c4cn[nH]c4)ccc13)CCSCOCCC1CCCC(C1)N2,16,True,False,True,
CAND_b9b56655d8,v5_5_pocket_guided,JAK2_2e18080ebc,NC(=O)c1ccc2c3c1[nH]c1cc(-c4cn[nH]c4)cc(c13)CCSCOCCC1CCC(CC1)N2,IRYGQVGVTLZEHH-UHFFFAOYSA-N,True,True,True,489.645,5.4343,108.82,4,5,2,0.3,4.643,c1cc2c3c(c1)[nH]c1cc(-c4cn[nH]c4)cc(c13)CCSCOCCC1CCC(CC1)N2,16,True,False,True,
CAND_9f12a55566,v5_5_pocket_guided,JAK2_2e18080ebc,NC(=O)c1c2cc(NC3CCCCC3)c3c1[nH]c1cc(-c4cn[nH]c4)c(cc13)CCSCCSCCC2,AYUUMAOLHQYZKJ-UHFFFAOYSA-N,True,True,True,533.767,6.5098,99.59,4,5,4,0.2396,5.676,c1n[nH]cc1-c1cc2[nH]c3cc4cc(NC5CCCCC5)c3c2cc1CCSCCSCCC4,16,True,False,True,
CAND_3b75488f71,v5_5_pocket_guided,JAK2_2e18080ebc,NC(=O)c1c2cc(NC3CCCCC3)c3c1[nH]c1cc(ccc13)-c1cn[nH]c1CSCOC2,KOQKNFDAEBGMCY-UHFFFAOYSA-N,True,True,True,461.591,5.2756,108.82,4,5,3,0.3321,4.533,c1cc2c3cc1-c1cn[nH]c1CSCOCc1cc(NC4CCCCC4)c2c(c1)[nH]3,14,True,False,True,
CAND_79a9d634cd,v5_5_pocket_guided,JAK2_2e18080ebc,NC(=O)c1c2cc(NC3CCCCC3)c3c1[nH]c1cc(ccc13)-c1cn[nH]c1CSCOCC2,FTGDHHVZEFEKSB-UHFFFAOYSA-N,True,True,True,475.618,5.3181,108.82,4,5,3,0.3207,4.632,c1cc2c3cc1-c1cn[nH]c1CSCOCCc1cc(NC4CCCCC4)c2c(c1)[nH]3,15,True,False,True,
CAND_8db97f4d12,v5_5_pocket_guided,JAK2_2e18080ebc,NC(=O)c1c2cc(NC3CCCCC3)c3c1[nH]c1cc(ccc13)-c1cn[nH]c1CCSCOCC2,ROYDIWGGVXHBOA-UHFFFAOYSA-N,True,True,True,489.645,5.3606,108.82,4,5,3,0.3097,4.731,c1cc2c3cc1-c1cn[nH]c1CCSCOCCc1cc(NC4CCCCC4)c2c(c1)[nH]3,16,True,False,True,
CAND_7a3969a8ca,v5_5_pocket_guided,JAK2_2e18080ebc,NC(=O)c1cc2c(NC3CCCCC3)c3c1[nH]c1cc(ccc13)-c1cn[nH]c1CSCOC2,QJZZHTUXIASVMN-UHFFFAOYSA-N,True,True,True,461.591,5.2756,108.82,4,5,3,0.3321,4.533,c1cc2c3cc1-c1cn[nH]c1CSCOCc1ccc([nH]3)c2c1NC1CCCCC1,14,True,False,True,
CAND_2af5040fc7,v5_5_pocket_guided,JAK2_2e18080ebc,NC(=O)c1cc2c(NC3CCCCC3)c3c1[nH]c1cc(ccc13)-c1cn[nH]c1CSCOCC2,IDZHXIJSUKWONN-UHFFFAOYSA-N,True,True,True,475.618,5.3181,108.82,4,5,3,0.3207,4.632,c1cc2c3cc1-c1cn[nH]c1CSCOCCc1ccc([nH]3)c2c1NC1CCCCC1,15,True,False,True,
CAND_318a7b0cd4,v5_5_pocket_guided,JAK2_2e18080ebc,NC(=O)c1cc2c(NC3CCCCC3)c3c1[nH]c1cc(ccc13)-c1cn[nH]c1CCSCOCC2,HHSFEOXSXUHJJE-UHFFFAOYSA-N,True,True,True,489.645,5.3606,108.82,4,5,3,0.3097,4.731,c1cc2c3cc1-c1cn[nH]c1CCSCOCCc1ccc([nH]3)c2c1NC1CCCCC1,16,True,False,True,
CAND_801d8b72e2,v5_5_pocket_guided,JAK2_09aa9d2602,O=C1Nc2cc(ncc2-c2cccc(Cl)c2)COCSCc2cnc3c1cnn3c2,ORRQYRKUCJBQKS-UHFFFAOYSA-N,True,True,True,437.912,4.4179,81.41,1,6,1,0.4745,4.013,O=C1Nc2cc(ncc2-c2ccccc2)COCSCc2cnc3c1cnn3c2,15,True,False,True,
CAND_f658f1a8a4,v5_5_pocket_guided,JAK2_09aa9d2602,O=C1Nc2ccncc2-c2ccc(c(Cl)c2)COCNCc2ccnc3c1cnn23,ZFTXDHLQNGYELY-UHFFFAOYSA-N,True,True,True,420.86,3.2743,93.44,2,6,0,0.4532,3.794,O=C1Nc2ccncc2-c2ccc(cc2)COCNCc2ccnc3c1cnn23,17,True,False,True,
CAND_a5e8395bb7,v5_5_pocket_guided,JAK2_09aa9d2602,O=C1Nc2ccnc(c2-c2cccc(Cl)c2)COCNCc2cnc3c1cnn3c2,JJYSKZDWXUWXBY-UHFFFAOYSA-N,True,True,True,420.86,3.2743,93.44,2,6,1,0.4906,3.919,O=C1Nc2ccnc(c2-c2ccccc2)COCNCc2cnc3c1cnn3c2,15,True,False,True,
CAND_b95aadbcaa,v5_5_pocket_guided,JAK2_09aa9d2602,O=C1Nc2ccnc(c2-c2cccc(Cl)c2)COCNCCc2cnc3c1cnn3c2,ZMCUGAPKZIMRCK-UHFFFAOYSA-N,True,True,True,434.887,3.3168,93.44,2,6,1,0.4771,3.997,O=C1Nc2ccnc(c2-c2ccccc2)COCNCCc2cnc3c1cnn3c2,16,True,False,True,
CAND_811ce8bf5b,v5_5_pocket_guided,JAK2_1bffeba5d4,Cn1cc2c3cc(ccc31)COCSCc1cc(cc(OCCNc3ccnc(F)c3)c1)NC1=C2C(=O)NC1=O,RRFNMWZQSCNWKE-UHFFFAOYSA-N,True,True,True,559.623,4.4038,106.51,3,8,5,0.1877,5.19,O=C1NC(=O)C2=C1Nc1cc(cc(OCCNc3ccncc3)c1)CSCOCc1ccc3[nH]cc2c3c1,15,True,False,True,
CAND_4a491c7191,v5_5_pocket_guided,JAK2_1bffeba5d4,Cn1cc2c3ccc(cc31)COCSCc1c(cccc1OCCNc1ccnc(F)c1)NC1=C2C(=O)NC1=O,GPIALQQJQJYENB-UHFFFAOYSA-N,True,True,True,559.623,4.4038,106.51,3,8,5,0.1877,5.19,O=C1NC(=O)C2=C1Nc1cccc(OCCNc3ccncc3)c1CSCOCc1ccc3c2c[nH]c3c1,15,True,False,True,
CAND_e6ccec7aca,v5_5_pocket_guided,JAK2_1bffeba5d4,O=C1NC(=O)C2=C1Nc1cc(cc(OCCNc3ccnc(F)c3)c1)CNCOCCn1cc2c2ccccc21,JDYUKXDDBDJJCJ-UHFFFAOYSA-N,True,True,True,542.571,3.2232,118.54,4,8,5,0.1726,5.095,O=C1NC(=O)C2=C1Nc1cc(cc(OCCNc3ccncc3)c1)CNCOCCn1cc2c2ccccc21,15,True,False,True,
CAND_f612820bf2,v5_5_pocket_guided,JAK2_1bffeba5d4,Cn1c2c(c3ccccc31)C1=C(Nc3cc(cc(OCCNc4ccnc(F)c4)c3)CSCSC2)C(=O)NC1=O,JEDWIUROCNLNRN-UHFFFAOYSA-N,True,True,True,575.691,5.1204,97.28,3,8,5,0.1715,5.339,O=C1NC(=O)C2=C1Nc1cc(cc(OCCNc3ccncc3)c1)CSCSCc1[nH]c3ccccc3c12,13,True,False,True,
CAND_812eecd4c6,v5_5_pocket_guided,JAK2_1bffeba5d4,Cn1c2c(c3ccccc31)C1=C(Nc3cc(cc(OCCNc4ccnc(F)c4)c3)CCSCSC2)C(=O)NC1=O,VLDGQLRCJFEOFF-UHFFFAOYSA-N,True,True,True,589.718,5.1629,97.28,3,8,5,0.1669,5.438,O=C1NC(=O)C2=C1Nc1cc(cc(OCCNc3ccncc3)c1)CCSCSCc1[nH]c3ccccc3c12,14,True,False,True,
CAND_86f45984cd,v5_5_pocket_guided,JAK2_1bffeba5d4,Cn1cc2c3c(cccc31)CSCSCc1c(cccc1OCCNc1ccnc(F)c1)NC1=C2C(=O)NC1=O,BIMDMJABGRIQQZ-UHFFFAOYSA-N,True,True,True,575.691,5.1204,97.28,3,8,5,0.1715,5.339,O=C1NC(=O)C2=C1Nc1cccc(OCCNc3ccncc3)c1CSCSCc1cccc3[nH]cc2c13,13,True,False,True,
CAND_42c65bb3d3,v5_5_pocket_guided,JAK2_1bffeba5d4,Cn1cc2c3c(cccc31)CCSCSCc1c(cccc1OCCNc1ccnc(F)c1)NC1=C2C(=O)NC1=O,IFIQHWXWETVZIM-UHFFFAOYSA-N,True,True,True,589.718,5.1629,97.28,3,8,5,0.1669,5.438,O=C1NC(=O)C2=C1Nc1cccc(OCCNc3ccncc3)c1CSCSCCc1cccc3[nH]cc2c13,14,True,False,True,
CAND_05ac7d68eb,v5_5_pocket_guided,JAK2_1bffeba5d4,Cn1c2c(c3ccccc31)C1=C(Nc3cccc(OCCNc4ccnc(F)c4)c3CCSCSC2)C(=O)NC1=O,IGFLCNMQRIHBFU-UHFFFAOYSA-N,True,True,True,589.718,5.1629,97.28,3,8,5,0.1669,5.438,O=C1NC(=O)C2=C1Nc1cccc(OCCNc3ccncc3)c1CCSCSCc1[nH]c3ccccc3c12,13,True,False,True,
CAND_a2ee1529f4,v5_5_pocket_guided,JAK2_6893d6e910,COc1cc2c3c(nn(C)c3c1)-c1cnc3[nH]cc(c3n1)C(=O)N[C@H](C)C(=O)N1CC(C#N)C1CNCOC2,WOPDJXBYQKBXLA-JUJQQSPASA-N,True,True,True,529.561,1.0664,163.08,3,9,1,0.3272,5.273,O=C1NCC(=O)N2CCC2CNCOCc2cccc3[nH]nc(c23)-c2cnc3[nH]cc1c3n2,18,True,False,True,
CAND_18bc7272d8,v5_5_pocket_guided,JAK2_9ca9771eb4,C[C@@H]1Nc2nc(-n3cnc4ccncc43)nc3c2cc(C(=O)NS(C)(=O)=O)n3CCOCNCCc2ccc1cc2,QVXVDPATPNMVBI-KRWDZBQOSA-N,True,True,True,575.655,2.1475,157.95,3,10,3,0.2911,5.279,c1cc2ncn(-c3nc4c5ccn(c5n3)CCOCNCCc3ccc(cc3)CN4)c2cn1,17,True,False,True,
CAND_26d798d6bd,v5_5_pocket_guided,JAK2_9ca9771eb4,Cn1c(C(=O)NS(C)(=O)=O)cc2c3nc(nc21)-n1cnc2cc(ncc21)CNCOCC[C@@H](c1ccccc1)N3,FXENACYOPKAYTG-IBGZPJMESA-N,True,True,True,561.628,2.0122,157.95,3,10,3,0.2975,5.201,c1ccc([C@@H]2CCOCNCc3cc4ncn(c4cn3)-c3nc(c4cc[nH]c4n3)N2)cc1,16,True,False,True,
CAND_9af242fa8f,v5_5_pocket_guided,JAK2_9ca9771eb4,Cn1c(C(=O)NS(C)(=O)=O)cc2c3nc(nc21)-n1cnc2ccnc(c21)COCOCC[C@@H](c1ccccc1)N3,HFCZOWSMTFFIAX-SFHVURJKSA-N,True,True,True,562.612,2.4392,155.15,2,10,3,0.3349,5.206,c1ccc([C@@H]2CCOCOCc3nccc4ncn(c34)-c3nc(c4cc[nH]c4n3)N2)cc1,14,True,False,True,
CAND_02f70af471,v5_5_pocket_guided,JAK2_9ca9771eb4,C[C@@H]1Nc2nc(nc3c2cc(C(=O)NS(C)(=O)=O)n3C)-n2cnc3ccnc(c32)CNCOCc2cccc1c2,PFYOLVSENUCIQL-HNNXBMFYSA-N,True,True,True,561.628,2.142,157.95,3,10,2,0.2916,5.076,c1cc2cc(c1)COCNCc1nccc3ncn(c13)-c1nc(c3cc[nH]c3n1)NC2,16,True,False,True,
CAND_9f38a386f3,v5_5_pocket_guided,JAK2_9ca9771eb4,C[C@@H]1Nc2nc(nc3c2cc(C(=O)NS(C)(=O)=O)n3C)-n2cnc3ccnc(c32)CCNCOCc2cccc1c2,QNZLJFVNRXXEHS-INIZCTEOSA-N,True,True,True,575.655,2.1845,157.95,3,10,2,0.2849,5.154,c1cc2cc(c1)COCNCCc1nccc3ncn(c13)-c1nc(c3cc[nH]c3n1)NC2,17,True,False,True,
CAND_d87a16f949,v5_5_pocket_guided,JAK2_9ca9771eb4,C[C@H](Nc1nc2nc3c1c(c(C(=O)NS(C)(=O)=O)n3C)COCOCc1nccc3ncn-2c13)c1ccccc1,XGAUOUYGLAVERX-HNNXBMFYSA-N,True,True,True,562.612,2.569,155.15,2,10,5,0.3265,5.456,c1ccc(CNc2nc3nc4[nH]cc(c24)COCOCc2nccc4ncn-3c24)cc1,13,True,False,True,
CAND_c988929121,v5_5_pocket_guided,JAK2_9ca9771eb4,Cn1c(C(=O)NS(C)(=O)=O)cc2c3nc(nc21)-n1cnc2c(cncc21)COCNCC[C@@H](c1ccccc1)N3,GWZKZQSRKPSODZ-IBGZPJMESA-N,True,True,True,561.628,2.0122,157.95,3,10,3,0.2975,5.201,c1ccc([C@@H]2CCNCOCc3cncc4c3ncn4-c3nc(c4cc[nH]c4n3)N2)cc1,15,True,False,True,
CAND_50dc6f21ee,v5_5_pocket_guided,JAK2_9ca9771eb4,C[C@@H]1Nc2nc(-n3cnc4ccncc43)nc3c2cc(n3C)C(=O)NS(=O)(=O)CCCNCOCc2cccc1c2,CWNWABNSVAHMPA-KRWDZBQOSA-N,True,True,True,575.655,2.4023,157.95,3,10,1,0.271,5.029,O=C1NS(=O)(=O)CCCNCOCc2cccc(c2)CNc2nc(-n3cnc4ccncc43)nc3[nH]c1cc23,19,True,False,True,
CAND_7f94821a97,v5_5_pocket_guided,JAK2_9ca9771eb4,C[C@@H]1Nc2nc(-n3cnc4ccncc43)nc3c2cc(n3C)C(=O)NS(=O)(=O)CCCNCOCc2ccccc21,JFQUKDVTOVZWOX-KRWDZBQOSA-N,True,True,True,575.655,2.4023,157.95,3,10,1,0.271,5.029,O=C1NS(=O)(=O)CCCNCOCc2ccccc2CNc2nc(-n3cnc4ccncc43)nc3[nH]c1cc23,18,True,False,True,
CAND_a385ecc3f2,v5_5_pocket_guided,JAK2_9ca9771eb4,C[C@@H]1Nc2nc(-n3cnc4ccncc43)nc3c2c(c(C(=O)NS(C)(=O)=O)n3C)COCOCc2cccc1c2,JQPCOBNNHKAQDR-HNNXBMFYSA-N,True,True,True,562.612,2.569,155.15,2,10,3,0.3351,5.206,c1cc2cc(c1)COCOCc1c[nH]c3nc(-n4cnc5ccncc54)nc(c13)NC2,13,True,False,True,
CAND_371ed60385,v5_5_pocket_guided,JAK2_9ca9771eb4,C[C@@H]1Nc2nc(nc3c2cc(C(=O)NS(C)(=O)=O)n3C)-n2cnc3c(cncc32)CCNCOCc2ccccc21,FYHLKKGYDOHIPF-INIZCTEOSA-N,True,True,True,575.655,2.1845,157.95,3,10,2,0.2849,5.154,c1ccc2c(c1)CNc1nc(nc3[nH]ccc13)-n1cnc3c(cncc31)CCNCOC2,17,True,False,True,
CAND_c79796d63b,v5_5_pocket_guided,JAK2_6e51f2408c,Nc1nc2c(C(=O)NCc3ccccc3)c3sc(cc13)-c1ccc(cc1)N1CCOCC1CCOCOCC2,KFXVXHNLAFQILN-UHFFFAOYSA-N,True,True,True,544.677,4.6176,98.94,2,8,3,0.3884,5.107,O=C(NCc1ccccc1)c1c2ncc3cc(sc13)-c1ccc(cc1)N1CCOCC1CCOCOCC2,18,True,False,True,
CAND_180c2adbf4,v5_5_pocket_guided,JAK2_6e51f2408c,Nc1nc2c(C(=O)NCc3ccccc3)c3sc(cc13)-c1ccc(cc1)N1CCOCC1CCOCOC2,RMGMJOXECVBYRQ-UHFFFAOYSA-N,True,True,True,530.65,4.5751,98.94,2,8,3,0.4002,5.029,O=C(NCc1ccccc1)c1c2ncc3cc(sc13)-c1ccc(cc1)N1CCOCC1CCOCOC2,17,True,False,True,
CAND_f052e0c4e6,v5_5_pocket_guided,JAK2_6e51f2408c,Nc1nc2c(C(=O)NCc3ccccc3)c3sc(cc13)-c1ccc(cc1)N1CCOCC1COCOC2,XFBKNJXVNGLZCH-UHFFFAOYSA-N,True,True,True,516.623,4.185,98.94,2,8,3,0.4214,4.951,O=C(NCc1ccccc1)c1c2ncc3cc(sc13)-c1ccc(cc1)N1CCOCC1COCOC2,16,True,False,True,
CAND_7a321931c5,v5_5_pocket_guided,JAK2_6e51f2408c,Nc1ncc2c3sc(cc13)-c1ccc(N3CCOCC3)cc1COCOCCc1cccc(c1)CNC2=O,YHSROFQFHHKURL-UHFFFAOYSA-N,True,True,True,530.65,4.3589,98.94,2,8,1,0.3773,4.529,O=C1NCc2cccc(c2)CCOCOCc2cc(N3CCOCC3)ccc2-c2cc3cncc1c3s2,18,True,False,True,
CAND_5fd1dd5947,v5_5_pocket_guided,JAK2_3ef5e26b1b,C[C@@H]1Nc2cc(nc(-n3cnc4ccncc43)n2)N2CCN(C)CC2COCOCc2ccc1cc2,AUSYOAIJPGMSQB-YMXDCFFPSA-N,True,True,True,486.58,3.0083,93.46,1,9,1,0.4357,4.784,c1cc2ncn(-c3nc4cc(n3)N3CCNCC3COCOCc3ccc(cc3)CN4)c2cn1,16,True,False,True,
CAND_45a45afe77,v5_5_pocket_guided,JAK2_3ef5e26b1b,C[C@@H]1Nc2cc(nc(-n3cnc4ccncc43)n2)N2CCN(C)C(COCNCc3ccc1cc3)C2,VVPIKVPKLKBYOZ-YMXDCFFPSA-N,True,True,True,485.596,2.5813,96.26,2,9,1,0.4217,4.778,c1cc2ncn(-c3nc4cc(n3)N3CCNC(COCNCc5ccc(cc5)CN4)C3)c2cn1,17,True,False,True,
CAND_a2be166cf7,v5_5_pocket_guided,JAK2_3ef5e26b1b,C[C@@H]1Nc2cc(nc(-n3cnc4ccncc43)n2)N2CCN(C)C(COCNCCc3ccc1cc3)C2,WQUJSRZOVCROLR-YDNXMHBPSA-N,True,True,True,499.623,2.6238,96.26,2,9,1,0.4097,4.856,c1cc2ncn(-c3nc4cc(n3)N3CCNC(COCNCCc5ccc(cc5)CN4)C3)c2cn1,18,True,False,True,
CAND_a729691aed,v5_5_pocket_guided,JAK2_3ef5e26b1b,CN1CCN(c2cc3nc(n2)-n2cnc4cc(ncc42)CNCOCC[C@@H](c2ccccc2)N3)CC1,BPYYWBJDWXANSN-NRFANRHFSA-N,True,True,True,485.596,2.5829,96.26,2,9,2,0.4441,4.653,c1ccc([C@@H]2CCOCNCc3cc4ncn(c4cn3)-c3nc(cc(N4CCNCC4)n3)N2)cc1,16,True,False,True,
CAND_14d3f1b205,v5_5_pocket_guided,JAK2_3ef5e26b1b,CN1CCN(c2cc3nc(n2)-n2cnc4cc(ncc42)COCOCC[C@@H](c2ccccc2)N3)CC1,NUKBPOJCQDQJLR-NRFANRHFSA-N,True,True,True,486.58,3.0099,93.46,1,9,2,0.4589,4.659,c1ccc([C@@H]2CCOCOCc3cc4ncn(c4cn3)-c3nc(cc(N4CCNCC4)n3)N2)cc1,16,True,False,True,
CAND_3ea11f7096,v5_5_pocket_guided,JAK2_3ef5e26b1b,C[C@@H]1Nc2cc(N3CCN(C)CC3)nc(n2)-n2cnc3cc(ncc32)CNCOCc2cccc1c2,ZRQKLBWEVOWVCL-SFHVURJKSA-N,True,True,True,485.596,2.7127,96.26,2,9,1,0.4218,4.528,c1cc2cc(c1)COCNCc1cc3ncn(c3cn1)-c1nc(cc(N3CCNCC3)n1)NC2,18,True,False,True,
CAND_f2f209450a,v5_5_pocket_guided,JAK2_3ef5e26b1b,C[C@@H]1Nc2cc(N3CCN(C)CC3)nc(n2)-n2cnc3cc(ncc32)CCNCOCc2cccc1c2,DHEPEYBJUMOZJJ-IBGZPJMESA-N,True,True,True,499.623,2.7552,96.26,2,9,1,0.4098,4.606,c1cc2cc(c1)COCNCCc1cc3ncn(c3cn1)-c1nc(cc(N3CCNCC3)n1)NC2,19,True,False,True,
CAND_0de1b009aa,v5_5_pocket_guided,JAK2_3ef5e26b1b,C[C@@H]1Nc2cc(nc(-n3cnc4ccncc43)n2)N2CCN(C)CC2CNCOCc2cccc1c2,RNIKHIXMNXOGCR-YMXDCFFPSA-N,True,True,True,485.596,2.5813,96.26,2,9,1,0.4217,4.778,c1cc2cc(c1)COCNCC1CNCCN1c1cc(nc(-n3cnc4ccncc43)n1)NC2,15,True,False,True,
CAND_dfdb840f5a,v5_5_pocket_guided,JAK2_3ef5e26b1b,C[C@@H]1Nc2cc(nc(-n3cnc4ccncc43)n2)N2CCN(C)CC2COCOCc2cccc1c2,QWUIZOFUSLKWII-YMXDCFFPSA-N,True,True,True,486.58,3.0083,93.46,1,9,1,0.4357,4.784,c1cc2cc(c1)COCOCC1CNCCN1c1cc(nc(-n3cnc4ccncc43)n1)NC2,15,True,False,True,
CAND_e65255187e,v5_5_pocket_guided,JAK2_3ef5e26b1b,C[C@@H]1Nc2cc(nc(-n3cnc4ccncc43)n2)N2CCN(C)C(COCOCc3cccc1c3)C2,SNGCBQMCKIOMJG-YMXDCFFPSA-N,True,True,True,486.58,3.0083,93.46,1,9,1,0.4357,4.784,c1cc2cc(c1)COCOCC1CN(CCN1)c1cc(nc(-n3cnc4ccncc43)n1)NC2,16,True,False,True,
CAND_c0f2f44e90,v5_5_pocket_guided,JAK2_3ef5e26b1b,C[C@H](Nc1cc2nc(n1)-n1cnc3c(cncc31)COCNCC1CN2CCN1C)c1ccccc1,ULCXPLJYXDGDNL-YMXDCFFPSA-N,True,True,True,485.596,2.5813,96.26,2,9,3,0.4539,5.028,c1ccc(CNc2cc3nc(n2)-n2cnc4c(cncc42)COCNCC2CN3CCN2)cc1,15,True,False,True,
CAND_312d0537cd,v5_5_pocket_guided,JAK2_3ef5e26b1b,C[C@H](Nc1cc2nc(n1)-n1cnc3c(cncc31)COCNCCC1CN2CCN1C)c1ccccc1,NJDYWAXRADCJIV-YDNXMHBPSA-N,True,True,True,499.623,2.9714,96.26,2,9,3,0.441,5.106,c1ccc(CNc2cc3nc(n2)-n2cnc4c(cncc42)COCNCCC2CN3CCN2)cc1,16,True,False,True,
CAND_fa823cde7f,v5_5_pocket_guided,JAK2_3ef5e26b1b,C[C@@H]1Nc2cc(N3CCN(C)CC3)nc(n2)-n2cnc3ccnc(c32)CNCOCc2cccc1c2,ILUZBLBRFUPABF-SFHVURJKSA-N,True,True,True,485.596,2.7127,96.26,2,9,1,0.4218,4.528,c1cc2cc(c1)COCNCc1nccc3ncn(c13)-c1nc(cc(N3CCNCC3)n1)NC2,16,True,False,True,
CAND_5069130231,v5_5_pocket_guided,JAK2_3ef5e26b1b,C[C@@H]1Nc2cc(N3CCN(C)CC3)nc(n2)-n2cnc3ccnc(c32)COCOCc2cccc1c2,MGEZOVFBODUKOI-SFHVURJKSA-N,True,True,True,486.58,3.1397,93.46,1,9,1,0.4355,4.534,c1cc2cc(c1)COCOCc1nccc3ncn(c13)-c1nc(cc(N3CCNCC3)n1)NC2,16,True,False,True,
CAND_5aa43f00ce,v5_5_pocket_guided,JAK2_3ef5e26b1b,CN1CCN(c2cc3nc(n2)-n2cnc4c(cncc42)COCOCC[C@@H](c2ccccc2)N3)CC1,XLYQLKFDUOBTKT-NRFANRHFSA-N,True,True,True,486.58,3.0099,93.46,1,9,2,0.4589,4.659,c1ccc([C@@H]2CCOCOCc3cncc4c3ncn4-c3nc(cc(N4CCNCC4)n3)N2)cc1,15,True,False,True,
CAND_211acb3347,v5_5_pocket_guided,JAK2_554d4dcabe,C=CC(=O)NCc1coc(-c2c(N)ncnc2Nc2ccc3c(Cl)c2CSCSCc2ccc(nc2)CO3)n1,SJCVIBJERRUEHN-UHFFFAOYSA-N,True,True,True,582.111,5.3245,141.08,3,11,6,0.2545,5.602,c1coc(-c2cncnc2Nc2ccc3cc2CSCSCc2ccc(nc2)CO3)n1,14,True,False,True,
CAND_246732b072,v5_5_pocket_guided,JAK2_554d4dcabe,C=CC(=O)NCc1coc(-c2c(N)ncnc2Nc2ccc3c(Cl)c2CSCOCc2ccc(nc2)CO3)n1,WLCZHFLLKSUCSP-UHFFFAOYSA-N,True,True,True,566.043,4.6079,150.31,3,11,6,0.2811,5.35,c1coc(-c2cncnc2Nc2ccc3cc2CSCOCc2ccc(nc2)CO3)n1,14,True,False,True,
CAND_7ef6141366,v5_5_pocket_guided,JAK2_554d4dcabe,C=CC(=O)NCc1coc(-c2c(N)ncnc2Nc2ccc3c(Cl)c2CSCOCCc2ccc(nc2)CO3)n1,QJUVWELVNYPECZ-UHFFFAOYSA-N,True,True,True,580.07,4.6504,150.31,3,11,6,0.2737,5.428,c1coc(-c2cncnc2Nc2ccc3cc2CSCOCCc2ccc(nc2)CO3)n1,15,True,False,True,
CAND_97e93697ce,v5_5_pocket_guided,JAK2_554d4dcabe,C=CC(=O)NCc1coc(-c2c(N)ncnc2Nc2cc(Cl)c3cc2CSCSCc2ccc(nc2)CO3)n1,QMDIJTPOBFGTJE-UHFFFAOYSA-N,True,True,True,582.111,5.3245,141.08,3,11,6,0.2545,5.602,c1coc(-c2cncnc2Nc2ccc3cc2CSCSCc2ccc(nc2)CO3)n1,14,True,False,True,
CAND_d088655aa3,v5_5_pocket_guided,JAK2_554d4dcabe,C=CC(=O)NCc1coc(-c2c(N)ncnc2Nc2cc(Cl)c3cc2CSCOCc2ccc(nc2)CO3)n1,VUWKTUVVCGONEX-UHFFFAOYSA-N,True,True,True,566.043,4.6079,150.31,3,11,6,0.2811,5.35,c1coc(-c2cncnc2Nc2ccc3cc2CSCOCc2ccc(nc2)CO3)n1,14,True,False,True,
CAND_f11f5e4bc9,v5_5_pocket_guided,JAK2_554d4dcabe,C=CC(=O)NCc1coc(-c2c(N)ncnc2Nc2cc(Cl)c3cc2CSCOCCc2ccc(nc2)CO3)n1,TUNFHHXDXDDLNY-UHFFFAOYSA-N,True,True,True,580.07,4.6504,150.31,3,11,6,0.2737,5.428,c1coc(-c2cncnc2Nc2ccc3cc2CSCOCCc2ccc(nc2)CO3)n1,15,True,False,True,
CAND_ccee403e5b,v5_5_pocket_guided,JAK2_554d4dcabe,C=C1CSCSCc2nc(N)c(c(Nc3ccc(OCc4ccccn4)c(Cl)c3)n2)-c2nc(co2)CNC1=O,VBEDMHBHDDXOLO-UHFFFAOYSA-N,True,True,True,582.111,5.1947,141.08,3,11,5,0.2678,5.412,C=C1CSCSCc2ncc(c(Nc3ccc(OCc4ccccn4)cc3)n2)-c2nc(co2)CNC1=O,16,True,False,True,
CAND_e899159d2d,v5_5_pocket_guided,JAK2_554d4dcabe,C=CC(=O)NCc1coc(-c2c(N)nc3nc2Nc2ccc(c(Cl)c2)OC(c2ccccn2)CSCSC3)n1,KMVJBQRQQHBYLT-UHFFFAOYSA-N,True,True,True,582.111,5.3656,141.08,3,11,5,0.2619,5.747,c1ccc(C2CSCSCc3ncc(-c4ncco4)c(n3)Nc3ccc(cc3)O2)nc1,15,True,False,True,
CAND_2aaa40cae0,v5_5_pocket_guided,JAK2_554d4dcabe,C=CC(=O)NCc1nc2oc1CSCSCCc1nc(N)c-2c(Nc2ccc(OCc3ccccn3)c(Cl)c2)n1,YMXWSVBCHIPNKB-UHFFFAOYSA-N,True,True,True,596.138,5.367,141.08,3,11,8,0.2264,5.951,c1ccc(COc2ccc(Nc3nc4ncc3-c3ncc(o3)CSCSCC4)cc2)nc1,13,True,False,True,
CAND_67fac5344c,v5_5_pocket_guided,JAK2_554d4dcabe,C=CC(=O)NCc1nc2oc1CCSCSCCc1nc(N)c-2c(Nc2ccc(OCc3ccccn3)c(Cl)c2)n1,WCGWQEOUAGVMGY-UHFFFAOYSA-N,True,True,True,610.165,5.4095,141.08,3,11,8,0.2208,6.05,c1ccc(COc2ccc(Nc3nc4ncc3-c3ncc(o3)CCSCSCC4)cc2)nc1,14,True,False,True,
CAND_449e329975,v5_5_pocket_guided,JAK2_554d4dcabe,C=CC(=O)NCc1coc(-c2c(N)ncnc2Nc2ccc3c(Cl)c2CSCSCc2cccc(n2)CO3)n1,DPTFDRYCABMEOS-UHFFFAOYSA-N,True,True,True,582.111,5.3245,141.08,3,11,6,0.2545,5.602,c1cc2nc(c1)CSCSCc1cc(ccc1Nc1ncncc1-c1ncco1)OC2,13,True,False,True,
CAND_6443495e21,v5_5_pocket_guided,JAK2_554d4dcabe,C=CC(=O)NCc1coc(-c2c(N)ncnc2Nc2cc(Cl)c3cc2CSCSCc2cccc(n2)CO3)n1,PHLUKRVLIUVOQU-UHFFFAOYSA-N,True,True,True,582.111,5.3245,141.08,3,11,6,0.2545,5.602,c1cc2nc(c1)CSCSCc1cc(ccc1Nc1ncncc1-c1ncco1)OC2,13,True,False,True,
CAND_230f571a7d,v5_5_pocket_guided,JAK2_554d4dcabe,C=CC(=O)NCc1coc(-c2c(N)ncnc2Nc2ccc3c(Cl)c2CSCSCc2ccnc(c2)CO3)n1,HPGOREBDMACDNO-UHFFFAOYSA-N,True,True,True,582.111,5.3245,141.08,3,11,6,0.2545,5.602,c1cc2cc(n1)COc1ccc(Nc3ncncc3-c3ncco3)c(c1)CSCSC2,13,True,False,True,
CAND_7fc2edd2d2,v5_5_pocket_guided,JAK2_554d4dcabe,C=CC(=O)NCc1coc(-c2c(N)ncnc2Nc2cc(Cl)c3cc2CSCSCc2ccnc(c2)CO3)n1,SGPXYMSNTNXINU-UHFFFAOYSA-N,True,True,True,582.111,5.3245,141.08,3,11,6,0.2545,5.602,c1cc2cc(n1)COc1ccc(Nc3ncncc3-c3ncco3)c(c1)CSCSC2,13,True,False,True,
CAND_28d0dcfea8,v5_5_pocket_guided,JAK2_554d4dcabe,C=CC(=O)NCc1nc2oc1CSCSCc1cc(cc(Cl)c1OCc1ccccn1)Nc1ncnc(N)c1-2,NVNHTSADXMMWNM-UHFFFAOYSA-N,True,True,True,582.111,5.3245,141.08,3,11,6,0.2545,5.602,c1ccc(COc2ccc3cc2CSCSCc2cnc(o2)-c2cncnc2N3)nc1,14,True,False,True,
CAND_abd31a51c5,v5_5_pocket_guided,JAK2_554d4dcabe,C=CC(=O)NCc1nc2oc1CSCSCCc1cc(cc(Cl)c1OCc1ccccn1)Nc1ncnc(N)c1-2,QXGJCROYGSHORM-UHFFFAOYSA-N,True,True,True,596.138,5.367,141.08,3,11,6,0.2477,5.701,c1ccc(COc2ccc3cc2CCSCSCc2cnc(o2)-c2cncnc2N3)nc1,15,True,False,True,
CAND_4c45198fc2,v5_5_pocket_guided,JAK2_554d4dcabe,C=CC(=O)NCc1nc2oc1CSCSCc1c(ccc(OCc3ccccn3)c1Cl)Nc1ncnc(N)c1-2,WGUAHCVCEHRMOG-UHFFFAOYSA-N,True,True,True,582.111,5.3245,141.08,3,11,6,0.2545,5.602,c1ccc(COc2ccc3c(c2)CSCSCc2cnc(o2)-c2cncnc2N3)nc1,13,True,False,True,
CAND_c21d39ec92,v5_5_pocket_guided,JAK2_554d4dcabe,C=CC(=O)NCc1nc2oc1CSCSCCc1c(ccc(OCc3ccccn3)c1Cl)Nc1ncnc(N)c1-2,AIIPBIQEVHKGTE-UHFFFAOYSA-N,True,True,True,596.138,5.367,141.08,3,11,6,0.2477,5.701,c1ccc(COc2ccc3c(c2)CCSCSCc2cnc(o2)-c2cncnc2N3)nc1,14,True,False,True,
CAND_d36c365154,v5_5_pocket_guided,JAK2_554d4dcabe,C=CC(=O)NCc1nc2oc1CSCSCc1cc(OCc3ccccn3)c(Cl)cc1Nc1ncnc(N)c1-2,ISLQWPGUEAMCLS-UHFFFAOYSA-N,True,True,True,582.111,5.3245,141.08,3,11,6,0.2545,5.602,c1ccc(COc2ccc3c(c2)CSCSCc2cnc(o2)-c2cncnc2N3)nc1,13,True,False,True,
CAND_1db41f611e,v5_5_pocket_guided,JAK2_554d4dcabe,C=CC(=O)NCc1nc2oc1CSCSCCc1cc(OCc3ccccn3)c(Cl)cc1Nc1ncnc(N)c1-2,BWCHDVIQCBKDFS-UHFFFAOYSA-N,True,True,True,596.138,5.367,141.08,3,11,6,0.2477,5.701,c1ccc(COc2ccc3c(c2)CCSCSCc2cnc(o2)-c2cncnc2N3)nc1,14,True,False,True,
CAND_d8cc3c982c,v5_5_pocket_guided,JAK2_4811c772c8,CN1CCN2c3ccc(cc3)Nc3nc4c(ccc(-c5ccc(S(C)(=O)=O)cc5)n4n3)CNCOCC2C1,DGVCLAIZNRLTRT-UHFFFAOYSA-N,True,True,True,533.658,2.7411,104.1,2,9,2,0.4025,4.92,c1ccc(-c2ccc3c4nc(nn24)Nc2ccc(cc2)N2CCNCC2COCNC3)cc1,16,True,False,True,
CAND_9934a2d61a,v5_5_pocket_guided,JAK2_4811c772c8,CN1CCN2c3ccc(cc3)Nc3nc4c(ccc(-c5ccc(S(C)(=O)=O)cc5)n4n3)COCOCC2C1,LXUHPLFSZWXSRV-UHFFFAOYSA-N,True,True,True,534.642,3.1681,101.3,1,9,2,0.4155,4.926,c1ccc(-c2ccc3c4nc(nn24)Nc2ccc(cc2)N2CCNCC2COCOC3)cc1,16,True,False,True,
CAND_bb3451bfd9,v5_5_pocket_guided,JAK2_4811c772c8,CN1CCN(c2ccc(Nc3nc4c5ccc(n4n3)-c3ccc(cc3)S(=O)(=O)CCOCOC5)cc2)CC1,PBUVELYZWVKZIM-UHFFFAOYSA-N,True,True,True,534.642,3.1697,101.3,1,9,3,0.4247,4.801,O=S1(=O)CCOCOCc2ccc(n3nc(Nc4ccc(N5CCNCC5)cc4)nc23)-c2ccc1cc2,15,True,False,True,
CAND_6f2fd0a2ba,v5_5_pocket_guided,JAK2_4811c772c8,CN1CCN2c3ccc(cc3)Nc3nc4cc(cc(-c5ccc(S(C)(=O)=O)cc5)n4n3)COCNCC2C1,ICNQUQWWUGFOJA-UHFFFAOYSA-N,True,True,True,533.658,2.7411,104.1,2,9,2,0.4025,4.92,c1ccc(-c2cc3cc4nc(nn24)Nc2ccc(cc2)N2CCNCC2CNCOC3)cc1,17,True,False,True,
CAND_44483aad03,v5_5_pocket_guided,JAK2_4811c772c8,CN1CCN2c3ccc(cc3)Nc3nc4cc(cc(-c5ccc(S(C)(=O)=O)cc5)n4n3)COCNCCC2C1,VFTLPJUQLYBXMA-UHFFFAOYSA-N,True,True,True,547.685,3.1312,104.1,2,9,2,0.3917,4.998,c1ccc(-c2cc3cc4nc(nn24)Nc2ccc(cc2)N2CCNCC2CCNCOC3)cc1,18,True,False,True,
CAND_16f8cdce9b,v5_5_pocket_guided,JAK2_4811c772c8,CN1CCN(c2ccc(Nc3nc4cc5cc(n4n3)-c3ccc(cc3)S(=O)(=O)CCOCOC5)cc2)CC1,PEATXCADJOSDJN-UHFFFAOYSA-N,True,True,True,534.642,3.1697,101.3,1,9,3,0.4247,4.801,O=S1(=O)CCOCOCc2cc(n3nc(Nc4ccc(N5CCNCC5)cc4)nc3c2)-c2ccc1cc2,14,True,False,True,
CAND_c39f2960d0,v5_5_pocket_guided,JAK2_69019d0e87,O=c1[nH]c2cc3c4[nH]c(nc4c4ccc(F)cc4c13)-c1c(F)cc(cc1Cl)CCSCSCC2,FWFJAFJKVXWOJN-UHFFFAOYSA-N,True,True,True,514.022,6.6787,61.54,2,4,0,0.2267,5.151,O=c1[nH]c2cc3c4[nH]c(nc4c4ccccc4c13)-c1ccc(cc1)CCSCSCC2,17,True,False,True,
CAND_63a2380b62,v5_5_pocket_guided,JAK2_32235f59d7,C[C@@H]1Nc2nc(c(F)cc2C#N)Nc2cc([nH]n2)OC(C)(C)CNCOCc2cc(F)ccc21,WRRHDDHRYDWTHM-ZDUSSCGKSA-N,True,True,True,469.496,4.106,119.91,4,8,0,0.3884,4.114,c1cc2nc(c1)Nc1cc([nH]n1)OCCNCOCc1ccccc1CN2,18,True,False,True,
CAND_dba197d20d,v5_5_pocket_guided,JAK2_3bf22d85ab,CNC(=O)c1c2nc(N)c3cc(sc13)-c1ccc(cc1)CCCOCOCC2,XEMJHFXEGHSCCN-UHFFFAOYSA-N,True,True,True,397.5,3.3845,86.47,2,6,1,0.6573,3.789,c1cc2ccc1CCCOCOCCc1cc3sc-2cc3cn1,17,True,False,True,
CAND_1f1699dcb0,v5_5_pocket_guided,JAK2_3bf22d85ab,CNC(=O)c1c2nc(N)c3cc(sc13)-c1ccc(C)c(c1)COCOC2,AMODCLIBYKAKPN-UHFFFAOYSA-N,True,True,True,369.446,3.2178,86.47,2,6,1,0.6877,3.433,c1cc2cc(c1)-c1cc3cnc(cc3s1)COCOC2,13,True,False,True,
CAND_1e36227027,v5_5_pocket_guided,JAK2_0e403bb8eb,Cc1cn2c(-c3cn[nH]c3)c3nc2c(n1)Nc1cc(ns1)[C@H](N1C[C@@H](C)O[C@@H](C)C1)CCOCOC3,HNZAZNFALSSSJU-GQIGUUNPSA-N,True,True,True,510.624,3.6726,114.72,2,10,2,0.4167,5.292,c1cn2c(-c3cn[nH]c3)c3nc2c(n1)Nc1cc(ns1)[C@H](N1CCOCC1)CCOCOC3,15,True,False,True,
CAND_c204542690,v5_5_pocket_guided,JAK2_0e403bb8eb,Cc1cn2c(-c3cn[nH]c3)c3nc2c(n1)Nc1cc(ns1)[C@H](N1C[C@@H](C)O[C@@H](C)C1)CCNCOC3,KRRRVEOFEGYFLD-GQIGUUNPSA-N,True,True,True,509.64,3.2456,117.52,3,10,2,0.3742,5.287,c1cn2c(-c3cn[nH]c3)c3nc2c(n1)Nc1cc(ns1)[C@H](N1CCOCC1)CCNCOC3,15,True,False,True,
CAND_df12b5bb66,v5_5_pocket_guided,JAK2_0e403bb8eb,Cc1cn2c(-c3cn[nH]c3)c3nc2c(n1)Nc1cc(ns1)[C@@H](C)N1C[C@H](C)O[C@H](C)C1CNCOC3,AEQKPHFTPUJLSJ-VZSIPSJESA-N,True,True,True,509.64,3.244,117.52,3,10,1,0.3554,5.412,c1cn2c(-c3cn[nH]c3)c3nc2c(n1)Nc1cc(ns1)CN1CCOCC1CNCOC3,16,True,False,True,
CAND_bbda25b206,v5_5_pocket_guided,JAK2_0e403bb8eb,Cc1cn2c(-c3cn[nH]c3)c3nc2c(n1)Nc1cc(ns1)[C@@H](C)N1C[C@@H](C)O[C@@H](C)C1CNCOC3,AEQKPHFTPUJLSJ-WHRZWLMQSA-N,True,True,True,509.64,3.244,117.52,3,10,1,0.3554,5.412,c1cn2c(-c3cn[nH]c3)c3nc2c(n1)Nc1cc(ns1)CN1CCOCC1CNCOC3,16,True,False,True,
CAND_fa26bc1e9c,v5_5_pocket_guided,JAK2_8085aa66d8,O=c1[nH]c2c3nc(-n4cnc5ccc(Cl)cc54)nc2n1[C@@H]1CCOc2c1ccc(c2F)CCCC3,NAYANMITSBLJCL-GOSISDBHSA-N,True,True,True,490.926,4.5017,90.62,1,5,1,0.3734,4.558,O=c1[nH]c2c3nc(-n4cnc5ccccc54)nc2n1[C@@H]1CCOc2cc(ccc21)CCCC3,13,True,False,True,
CAND_fd281151b2,v5_5_pocket_guided,JAK2_64fd5f45df,O=c1[nH]nc2cc3c4ccc(cc4n12)-c1ccc([nH]1)CNCSCC3O,MMBVENJPWUBSJE-UHFFFAOYSA-N,True,True,True,367.434,1.9982,98.21,4,5,0,0.3811,3.747,O=c1[nH]nc2cc3c4ccc(cc4n12)-c1ccc([nH]1)CNCSCC3,14,True,False,True,
CAND_e45ddb74b8,v5_5_pocket_guided,JAK2_64fd5f45df,O=c1[nH]nc2cc3c4ccc(cc4n12)-c1ccc([nH]1)CCNCSCC3O,KHFYWXDTIZBGSQ-UHFFFAOYSA-N,True,True,True,381.461,2.0407,98.21,4,5,0,0.3737,3.825,O=c1[nH]nc2cc3c4ccc(cc4n12)-c1ccc([nH]1)CCNCSCC3,15,True,False,True,
CAND_0474edc8b6,v5_5_pocket_guided,JAK2_64fd5f45df,O=c1[nH]nc2cc3c4ccc(cc4n12)-c1cc(c[nH]1)CNCSCC3O,XBENWNNIKSCUQH-UHFFFAOYSA-N,True,True,True,367.434,1.9982,98.21,4,5,0,0.3811,3.747,O=c1[nH]nc2cc3c4ccc(cc4n12)-c1cc(c[nH]1)CNCSCC3,14,True,False,True,
CAND_e0d74948a8,v5_5_pocket_guided,JAK2_64fd5f45df,O=c1[nH]nc2cc3c4ccc(cc4n12)-c1cc(c[nH]1)CCNCSCC3O,ZXXUVSYTRJGGLA-UHFFFAOYSA-N,True,True,True,381.461,2.0407,98.21,4,5,0,0.3737,3.825,O=c1[nH]nc2cc3c4ccc(cc4n12)-c1cc(c[nH]1)CCNCSCC3,15,True,False,True,
CAND_5bd85c7cd9,v5_5_pocket_guided,JAK2_64fd5f45df,O=c1[nH]nc2c3c(CO)c4ccc(cc4n12)-c1[nH]ccc1CSCSC3,RJPHSCBXPRDBIT-UHFFFAOYSA-N,True,True,True,384.486,3.1007,86.18,3,5,1,0.4695,3.717,O=c1[nH]nc2c3cc4ccc(cc4n12)-c1[nH]ccc1CSCSC3,13,True,False,True,
CAND_44a888268f,v5_5_pocket_guided,JAK2_f8c51b4e32,Cc1ccc(-n2nc(C(C)(C)C)cc2NC(=O)Nc2ccc3c4cc(ccc24)COCOCC2COCCN2CCO3)cc1,XKXHOCCHAPNADS-UHFFFAOYSA-N,True,True,True,599.732,5.8593,99.11,2,7,3,0.3045,5.842,O=C(Nc1ccc2c3cc(ccc13)COCOCC1COCCN1CCO2)Nc1ccnn1-c1ccccc1,14,True,False,True,
CAND_fa0fc1f6f3,v5_5_pocket_guided,JAK2_f8c51b4e32,Cc1ccc(-n2nc(C(C)(C)C)cc2NC(=O)Nc2ccc3c4cc(ccc24)COCOCCC2COCCN2CCO3)cc1,PFULFANJOJDTRE-UHFFFAOYSA-N,True,True,True,613.759,6.2494,99.11,2,7,3,0.2819,6.115,O=C(Nc1ccc2c3cc(ccc13)COCOCCC1COCCN1CCO2)Nc1ccnn1-c1ccccc1,15,True,False,True,
CAND_c67e781ea7,v5_5_pocket_guided,JAK2_f8c51b4e32,Cc1ccc(-n2nc(C(C)(C)C)cc2NC(=O)Nc2ccc3c4ccc(cc24)CSCOCC2COCCN2CCO3)cc1,JXCAUTCTEUBLGK-UHFFFAOYSA-N,True,True,True,615.8,6.5759,89.88,2,7,3,0.2693,6.29,O=C(Nc1ccc2c3ccc(cc13)CSCOCC1COCCN1CCO2)Nc1ccnn1-c1ccccc1,15,True,False,True,
CAND_691a7971ad,v5_5_pocket_guided,JAK2_f8c51b4e32,Cc1ccc(-n2nc(C(C)(C)C)cc2NC(=O)Nc2ccc3c4ccc(cc24)COCNCCC2COCCN2CCO3)cc1,CGISVKXQNJFDPQ-UHFFFAOYSA-N,True,True,True,612.775,5.8224,101.91,3,7,3,0.268,5.896,O=C(Nc1ccc2c3ccc(cc13)COCNCCC1COCCN1CCO2)Nc1ccnn1-c1ccccc1,16,True,False,True,
CAND_cc9b2e6248,v5_5_pocket_guided,JAK2_f8c51b4e32,Cc1ccc(-n2nc(C(C)(C)C)cc2NC(=O)Nc2ccc3c4ccc(cc24)CSCOCCC2COCCN2CCO3)cc1,PQABLRCZPJPEIT-UHFFFAOYSA-N,True,True,True,629.827,6.966,89.88,2,7,3,0.2532,6.563,O=C(Nc1ccc2c3ccc(cc13)CSCOCCC1COCCN1CCO2)Nc1ccnn1-c1ccccc1,16,True,False,True,
CAND_3e908061c6,v5_5_pocket_guided,JAK2_f8c51b4e32,Cc1ccc(-n2nc(C(C)(C)C)cc2NC(=O)Nc2ccc3c4cc(ccc24)CSCOCC2CN(CCO3)CCO2)cc1,UOHDVAOBWLYJPS-UHFFFAOYSA-N,True,True,True,615.8,6.5759,89.88,2,7,3,0.2693,6.54,O=C(Nc1ccc2c3cc(ccc13)CSCOCC1CN(CCO2)CCO1)Nc1ccnn1-c1ccccc1,15,True,False,True,
CAND_a87c333726,v5_5_pocket_guided,JAK2_f8c51b4e32,Cc1ccc(-n2nc(C(C)(C)C)cc2NC(=O)Nc2ccc3c4cc(ccc24)COCNCCC2CN(CCO3)CCO2)cc1,ZUOJTXMMHYAHJY-UHFFFAOYSA-N,True,True,True,612.775,5.8224,101.91,3,7,3,0.268,6.146,O=C(Nc1ccc2c3cc(ccc13)COCNCCC1CN(CCO2)CCO1)Nc1ccnn1-c1ccccc1,16,True,False,True,
CAND_79e2b184e1,v5_5_pocket_guided,JAK2_f8c51b4e32,Cc1ccc(-n2nc(C(C)(C)C)cc2NC(=O)Nc2ccc3c4cc(ccc24)CSCOCCC2CN(CCO3)CCO2)cc1,GPWJVXLJGLHLHZ-UHFFFAOYSA-N,True,True,True,629.827,6.966,89.88,2,7,3,0.2532,6.813,O=C(Nc1ccc2c3cc(ccc13)CSCOCCC1CN(CCO2)CCO1)Nc1ccnn1-c1ccccc1,16,True,False,True,
CAND_f3f3470e2d,v5_5_pocket_guided,JAK2_f8c51b4e32,Cc1ccc(-n2nc(C(C)(C)C)cc2NC(=O)Nc2ccc3c4ccc(cc24)COCNCCC2CN(CCO3)CCO2)cc1,PNTAYRZQHSGVKV-UHFFFAOYSA-N,True,True,True,612.775,5.8224,101.91,3,7,3,0.268,6.146,O=C(Nc1ccc2c3ccc(cc13)COCNCCC1CN(CCO2)CCO1)Nc1ccnn1-c1ccccc1,17,True,False,True,
CAND_b79f0ee670,v5_5_pocket_guided,JAK2_f8c51b4e32,Cc1ccc(-n2nc(C(C)(C)C)cc2NC(=O)Nc2ccc3c4ccc(cc24)CCOCNCCC2CN(CCO3)CCO2)cc1,KVZXFHRDNQFOKT-UHFFFAOYSA-N,True,True,True,626.802,5.8649,101.91,3,7,3,0.2618,6.245,O=C(Nc1ccc2c3ccc(cc13)CCOCNCCC1CN(CCO2)CCO1)Nc1ccnn1-c1ccccc1,18,True,False,True,
CAND_461edffb9f,v5_5_pocket_guided,JAK2_f8c51b4e32,Cc1ccc(-n2nc(C(C)(C)C)cc2NC(=O)Nc2ccc3c4cccc(c24)CSCOCC2CN(CCO3)CCO2)cc1,JJUQRVCJUIWUCR-UHFFFAOYSA-N,True,True,True,615.8,6.5759,89.88,2,7,3,0.2693,6.54,O=C(Nc1ccc2c3cccc(c13)CSCOCC1CN(CCO2)CCO1)Nc1ccnn1-c1ccccc1,15,True,False,True,
CAND_0c7af99eae,v5_5_pocket_guided,JAK2_f8c51b4e32,Cc1ccc(-n2nc(C(C)(C)C)cc2NC(=O)Nc2ccc3c4cccc(c24)CSCOCCC2CN(CCO3)CCO2)cc1,QMRVTDLXABNATE-UHFFFAOYSA-N,True,True,True,629.827,6.966,89.88,2,7,3,0.2532,6.813,O=C(Nc1ccc2c3cccc(c13)CSCOCCC1CN(CCO2)CCO1)Nc1ccnn1-c1ccccc1,16,True,False,True,
CAND_d4bb45d26b,v5_5_pocket_guided,JAK2_f8c51b4e32,Cc1ccc(-n2nc(C(C)(C)C)cc2NC(=O)Nc2ccc3c4c(cccc24)COCOCC2CN(CCO3)CCO2)cc1,AYAJJSNGAAHKPU-UHFFFAOYSA-N,True,True,True,599.732,5.8593,99.11,2,7,3,0.3045,6.092,O=C(Nc1ccc2c3c(cccc13)COCOCC1CN(CCO2)CCO1)Nc1ccnn1-c1ccccc1,14,True,False,True,
CAND_d262069701,v5_5_pocket_guided,JAK2_f8c51b4e32,Cc1ccc(-n2nc(C(C)(C)C)cc2NC(=O)Nc2ccc3c4c(cccc24)COCOCCC2CN(CCO3)CCO2)cc1,LKUQOBRBRMNZEU-UHFFFAOYSA-N,True,True,True,613.759,6.2494,99.11,2,7,3,0.2819,6.365,O=C(Nc1ccc2c3c(cccc13)COCOCCC1CN(CCO2)CCO1)Nc1ccnn1-c1ccccc1,15,True,False,True,
CAND_c78396574b,v5_5_pocket_guided,JAK2_705f4d3109,CCN(Cc1ccccc1)c1cc2nc(n1)CSCSCc1cnc3c-2c(N)nn3c1,HFLFRRDJOMJVBL-UHFFFAOYSA-N,True,True,True,449.609,4.2325,85.23,1,8,4,0.4953,4.453,c1ccc(CNc2cc3nc(n2)CSCSCc2cnc4c-3cnn4c2)cc1,13,True,False,True,
CAND_44152f8fa7,v5_5_pocket_guided,JAK2_53772733cc,CC1(C)COCNCC2CN(CCN2C(=O)Cc2ccccc2)c2nc(c3cccn3n2)Nc2cn1cn2,DKEBIIUBWMIBKC-UHFFFAOYSA-N,True,True,True,515.622,2.2417,104.85,2,8,2,0.419,4.82,O=C(Cc1ccccc1)N1CCN2CC1CNCOCCn1cnc(c1)Nc1nc2nn2cccc12,16,True,False,True,
CAND_64ca2eb7ee,v5_5_pocket_guided,JAK2_53772733cc,CC1(C)COCNCC2CN(C(=O)Cc3ccccc3)CCN2c2nc(c3cccn3n2)Nc2cn1cn2,ZQLBJISEAVWRJX-UHFFFAOYSA-N,True,True,True,515.622,2.2417,104.85,2,8,2,0.419,4.82,O=C(Cc1ccccc1)N1CCN2c3nc(c4cccn4n3)Nc3cn(cn3)CCOCNCC2C1,15,True,False,True,
CAND_43b9d1ed8e,v5_5_pocket_guided,JAK2_a4a67430fd,Cc1ccc(Cl)cc1-c1[nH]c2c(c1C(N)=O)COCNCCC1CN(C)CCN1c1ccc(cc1)Nc1nccc-2n1,RZYFWSZDDVDZBK-UHFFFAOYSA-N,True,True,True,587.128,4.5308,124.43,4,8,2,0.27,5.217,c1ccc(-c2cc3c([nH]2)-c2ccnc(n2)Nc2ccc(cc2)N2CCNCC2CCNCOC3)cc1,18,True,False,True,
CAND_3bc15a4f73,v5_5_pocket_guided,JAK2_a4a67430fd,Cc1ccc(Cl)cc1-c1[nH]c2c(c1C(N)=O)COCNCC1CN(CCN1C)c1ccc(cc1)Nc1nccc-2n1,UUKDSKWDNJUWGF-UHFFFAOYSA-N,True,True,True,573.101,4.1407,124.43,4,8,2,0.2824,5.139,c1ccc(-c2cc3c([nH]2)-c2ccnc(n2)Nc2ccc(cc2)N2CCNC(CNCOC3)C2)cc1,18,True,False,True,
CAND_f7b92103a7,v5_5_pocket_guided,JAK2_a4a67430fd,Cc1ccc(Cl)cc1-c1[nH]c2c(c1C(N)=O)COCNCCC1CN(CCN1C)c1ccc(cc1)Nc1nccc-2n1,ZAHDVMKMLOSHDA-UHFFFAOYSA-N,True,True,True,587.128,4.5308,124.43,4,8,2,0.27,5.217,c1ccc(-c2cc3c([nH]2)-c2ccnc(n2)Nc2ccc(cc2)N2CCNC(CCNCOC3)C2)cc1,19,True,False,True,
CAND_8d80926214,v5_5_pocket_guided,JAK2_a4a67430fd,CN1CCN(c2ccc(Nc3nc4cc(n3)-c3cc(C(N)=O)c([nH]3)-c3cc(Cl)ccc3CCSCOCC4)cc2)CC1,URCHHCQVLFJRST-UHFFFAOYSA-N,True,True,True,604.18,5.1923,112.4,3,8,4,0.2921,5.408,c1ccc2c(c1)CCSCOCCc1cc(nc(Nc3ccc(N4CCNCC4)cc3)n1)-c1ccc-2[nH]1,15,True,False,True,
CAND_16f8512400,v5_5_pocket_guided,JAK2_a4a67430fd,Cc1c2cc(Cl)cc1-c1[nH]c(cc1C(N)=O)-c1cc(nc(Nc3ccc(N4CCN(C)CC4)cc3)n1)CCCC2,HLLYJKCZJSZNQL-UHFFFAOYSA-N,True,True,True,556.114,5.5736,103.17,3,6,4,0.3039,5.332,c1cc2cc(c1)-c1ccc([nH]1)-c1cc(nc(Nc3ccc(N4CCNCC4)cc3)n1)CCCC2,13,True,False,True,
CAND_0b333a78da,v5_5_pocket_guided,JAK2_a4a67430fd,Cc1c2cc(Cl)cc1-c1[nH]c(cc1C(N)=O)-c1cc(nc(Nc3ccc(N4CCN(C)CC4)cc3)n1)COCSC2,CDSLBSBKZSGFIC-UHFFFAOYSA-N,True,True,True,590.153,5.4157,112.4,3,8,4,0.2894,5.442,c1cc2cc(c1)-c1ccc([nH]1)-c1cc(nc(Nc3ccc(N4CCNCC4)cc3)n1)COCSC2,14,True,False,True,
CAND_156f2ea3e1,v5_5_pocket_guided,JAK2_a4a67430fd,Cc1c2cc(Cl)cc1-c1[nH]c(cc1C(N)=O)-c1cc(nc(Nc3ccc(N4CCN(C)CC4)cc3)n1)CCOCSC2,JBEDSIBBCGBTPM-UHFFFAOYSA-N,True,True,True,604.18,5.4582,112.4,3,8,4,0.282,5.541,c1cc2cc(c1)-c1ccc([nH]1)-c1cc(nc(Nc3ccc(N4CCNCC4)cc3)n1)CCOCSC2,15,True,False,True,
CAND_9651bedce8,v5_5_pocket_guided,JAK2_a4a67430fd,Cc1ccc(Cl)c2c1-c1[nH]c(cc1C(N)=O)-c1cc(nc(Nc3ccc(N4CCN(C)CC4)cc3)n1)CSCSC2,ZIKXMXJNEQACFQ-UHFFFAOYSA-N,True,True,True,606.221,6.1323,103.17,3,8,4,0.2552,5.89,c1ccc2c(c1)CSCSCc1cc(nc(Nc3ccc(N4CCNCC4)cc3)n1)-c1ccc-2[nH]1,13,True,False,True,
CAND_2c75830767,v5_5_pocket_guided,JAK2_a4a67430fd,Cc1ccc(Cl)c2c1-c1[nH]c(cc1C(N)=O)-c1cc(nc(Nc3ccc(N4CCN(C)CC4)cc3)n1)CCSCSC2,MMQBMBDXUVBEAR-UHFFFAOYSA-N,True,True,True,620.248,6.1748,103.17,3,8,4,0.249,5.989,c1ccc2c(c1)CSCSCCc1cc(nc(Nc3ccc(N4CCNCC4)cc3)n1)-c1ccc-2[nH]1,14,True,False,True,
CAND_1eab0165b9,v5_5_pocket_guided,JAK2_a4a67430fd,Cc1cc2c(Cl)cc1-c1[nH]c(cc1C(N)=O)-c1cc(nc(Nc3ccc(N4CCN(C)CC4)cc3)n1)CNCOC2,NGULRJONWTUHJA-UHFFFAOYSA-N,True,True,True,573.101,4.2721,124.43,4,8,4,0.2857,5.139,c1cc2ccc1COCNCc1cc(nc(Nc3ccc(N4CCNCC4)cc3)n1)-c1ccc-2[nH]1,15,True,False,True,
CAND_c263e10a75,v5_5_pocket_guided,JAK2_a4a67430fd,Cc1cc2c(Cl)cc1-c1[nH]c(cc1C(N)=O)-c1cc(nc(Nc3ccc(N4CCN(C)CC4)cc3)n1)COCSC2,RTHPQMSDCWYKPW-UHFFFAOYSA-N,True,True,True,590.153,5.4157,112.4,3,8,4,0.2894,5.442,c1cc2ccc1CSCOCc1cc(nc(Nc3ccc(N4CCNCC4)cc3)n1)-c1ccc-2[nH]1,15,True,False,True,
CAND_75d85e2d6a,v5_5_pocket_guided,JAK2_a4a67430fd,Cc1cc2c(Cl)cc1-c1[nH]c(cc1C(N)=O)-c1cc(nc(Nc3ccc(N4CCN(C)CC4)cc3)n1)CCOCSCC2,XVZFTAWNIQEULW-UHFFFAOYSA-N,True,True,True,618.207,5.5007,112.4,3,8,4,0.2752,5.64,c1cc2ccc1CCSCOCCc1cc(nc(Nc3ccc(N4CCNCC4)cc3)n1)-c1ccc-2[nH]1,17,True,False,True,
CAND_dd61423922,v5_5_pocket_guided,JAK2_a4a67430fd,Cc1ccc(Cl)cc1-c1[nH]c(-c2cc3nc(n2)Nc2ccc(N4CCN(C)CC4)c(c2)CSCSCC3)cc1C(N)=O,PNRMLYWJFJASRI-UHFFFAOYSA-N,True,True,True,620.248,6.1748,103.17,3,8,4,0.249,5.989,c1ccc(-c2ccc(-c3cc4nc(n3)Nc3ccc(N5CCNCC5)c(c3)CSCSCC4)[nH]2)cc1,13,True,False,True,
CAND_b1d7e1ceb4,v5_5_pocket_guided,JAK2_a4a67430fd,Cc1c2cc(Cl)cc1-c1[nH]c(cc1C(N)=O)-c1ccnc(n1)Nc1ccc(N3CCN(C)CC3)c(c1)CCCC2,HJENYNOLCUCOIW-UHFFFAOYSA-N,True,True,True,556.114,5.5736,103.17,3,6,2,0.2985,5.082,c1cc2cc(c1)-c1ccc([nH]1)-c1ccnc(n1)Nc1ccc(N3CCNCC3)c(c1)CCCC2,17,True,False,True,
CAND_e51bb22945,v5_5_pocket_guided,JAK2_a4a67430fd,Cc1c2cc(Cl)cc1-c1[nH]c(cc1C(N)=O)-c1ccnc(n1)Nc1ccc(N3CCN(C)CC3)c(c1)COCNC2,KLXFAEFFWCYYIQ-UHFFFAOYSA-N,True,True,True,573.101,4.2721,124.43,4,8,2,0.2806,4.889,c1cc2cc(c1)-c1ccc([nH]1)-c1ccnc(n1)Nc1ccc(N3CCNCC3)c(c1)COCNC2,18,True,False,True,
CAND_d9a01c3bc1,v5_5_pocket_guided,JAK2_a4a67430fd,Cc1ccc(Cl)c2c1-c1[nH]c(cc1C(N)=O)-c1ccnc(n1)Nc1ccc(N3CCN(C)CC3)c(c1)CCCC2,HIYWPHHDTRSXEI-UHFFFAOYSA-N,True,True,True,556.114,5.5736,103.17,3,6,2,0.2985,5.082,c1ccc2c(c1)CCCCc1cc(ccc1N1CCNCC1)Nc1nccc(n1)-c1ccc-2[nH]1,16,True,False,True,
CAND_dff664468e,v5_5_pocket_guided,JAK2_a4a67430fd,Cc1ccc(Cl)c2c1-c1[nH]c(cc1C(N)=O)-c1ccnc(n1)Nc1ccc(N3CCN(C)CC3)c(c1)COCNC2,PVLVJDDGHRVMEC-UHFFFAOYSA-N,True,True,True,573.101,4.2721,124.43,4,8,2,0.2806,4.889,c1ccc2c(c1)CNCOCc1cc(ccc1N1CCNCC1)Nc1nccc(n1)-c1ccc-2[nH]1,17,True,False,True,
CAND_ddddf92b41,v5_5_pocket_guided,JAK2_a4a67430fd,Cc1cc2c(Cl)cc1-c1[nH]c(-c3ccnc(Nc4ccc(N5CCN(C)CC5)cc4)n3)c(c1C(N)=O)CCCSCCSCC2,PEIKCSIJTSRFQN-UHFFFAOYSA-N,True,True,True,662.329,6.6499,103.17,3,8,5,0.2186,6.585,c1cc(-c2[nH]c3cc2CCCSCCSCCc2ccc-3cc2)nc(Nc2ccc(N3CCNCC3)cc2)n1,16,True,False,True,
CAND_9478c6393c,v5_5_pocket_guided,JAK2_a4a67430fd,Cc1ccc(Cl)cc1-c1[nH]c2c(c1C(N)=O)COCSCc1cc(ccc1N1CCN(C)CC1)Nc1nccc-2n1,KEEQUOLSIZTNNL-UHFFFAOYSA-N,True,True,True,590.153,5.4157,112.4,3,8,3,0.2905,5.317,c1ccc(-c2cc3c([nH]2)-c2ccnc(n2)Nc2ccc(N4CCNCC4)c(c2)CSCOC3)cc1,14,True,False,True,
CAND_32b6070b0d,v5_5_pocket_guided,JAK2_b9ef0dccdb,CN(C)CC1CCOCOCCc2cc3nc(n2)Nc2ccc(c(c2)COCC=CCOCc2cccc-3c2)N1C,NZIHNVPECMUXBO-UHFFFAOYSA-N,True,True,True,559.711,4.7935,81.21,1,9,2,0.4458,5.065,C1=CCOCc2cc3ccc2NCCCOCOCCc2cc(nc(n2)N3)-c2cccc(c2)COC1,18,True,False,True,
CAND_6b878c57b4,v5_5_pocket_guided,JAK2_b9ef0dccdb,CN(C)CC1CCCCc2cc3nc(n2)Nc2ccc(c(c2)COCC=CCOCc2cccc-3c2)N1C,LEPOJFCIFSDKCQ-UHFFFAOYSA-N,True,True,True,513.686,5.583,62.75,1,7,2,0.4488,5.101,C1=CCOCc2cc3ccc2NCCCCCc2cc(nc(n2)N3)-c2cccc(c2)COC1,18,True,False,True,
CAND_c76730c0fe,v5_5_pocket_guided,JAK2_b9ef0dccdb,CN(C)CCN1CCCOCOCCc2cc3nc(n2)Nc2ccc1c(c2)COCC=CCOCc1cccc-3c1,LNCIULOVHJTEGO-UHFFFAOYSA-N,True,True,True,559.711,4.7951,81.21,1,9,3,0.4555,4.94,C1=CCOCc2cc3ccc2NCCCOCOCCc2cc(nc(n2)N3)-c2cccc(c2)COC1,18,True,False,True,
CAND_84ac93f809,v5_5_pocket_guided,JAK2_b9ef0dccdb,CN(C)CCN1CCCCCc2cc3nc(n2)Nc2ccc1c(c2)COCC=CCOCc1cccc-3c1,VCKQURMBGHCJOI-UHFFFAOYSA-N,True,True,True,513.686,5.5846,62.75,1,7,3,0.4586,4.977,C1=CCOCc2cc3ccc2NCCCCCc2cc(nc(n2)N3)-c2cccc(c2)COC1,18,True,False,True,
CAND_2b923a7049,v5_5_pocket_guided,JAK2_08437571d3,Clc1ccc2cc1CN1C/C=C/CCOc3cccc(c3)-c3nc(ncc3CCOCCNCCC1)N2,IVCCJZPQSYNWOO-OWOJBTEDSA-N,True,True,True,520.077,5.2337,71.54,2,7,0,0.3937,4.712,C1=C/CN2CCCNCCOCCc3cnc(nc3-c3cccc(c3)OCC/1)Nc1cccc(c1)C2,19,True,False,True,
CAND_36406f56a3,v5_5_pocket_guided,JAK2_217581626e,CC(NC(=O)c1c2[nH]c3ncc(nc13)Oc1ccc(cc1)CNCOC2)C1CC1,CDPBPJBSCUPWMB-UHFFFAOYSA-N,True,True,True,393.447,2.8558,101.16,3,6,3,0.6326,4.266,O=C(NCC1CC1)c1c2[nH]c3ncc(nc13)Oc1ccc(cc1)CNCOC2,15,True,False,True,
CAND_bda4a26d9e,v5_5_pocket_guided,JAK2_e9c7a5b465,c1nc2c3c(c(-c4ccc(OCCN5CCCC5)cc4)oc3n1)-c1ccc(cc1)CNCOCC1CN(CCN2)CCN1,BUCAYQCCBXTGPD-UHFFFAOYSA-N,True,True,True,583.737,3.7944,99.95,3,10,5,0.3219,5.824,c1nc2c3c(c(-c4ccc(OCCN5CCCC5)cc4)oc3n1)-c1ccc(cc1)CNCOCC1CN(CCN2)CCN1,18,True,False,True,
CAND_702d51b2d2,v5_5_pocket_guided,JAK2_e9c7a5b465,c1nc2c3c(c(-c4ccc(OCCN5CCCC5)cc4)oc3n1)-c1ccc(cc1)CCOCOCC(CN1CCNCC1)N2,LBBQSMXKCOHOTP-UHFFFAOYSA-N,True,True,True,598.748,4.2639,97.15,2,10,7,0.3212,5.907,c1nc2c3c(c(-c4ccc(OCCN5CCCC5)cc4)oc3n1)-c1ccc(cc1)CCOCOCC(CN1CCNCC1)N2,15,True,False,True,
CAND_879d0edc48,v5_5_pocket_guided,JAK2_e9c7a5b465,c1ccc(-c2c3oc4nc(nc(NCCN5CCNCC5)c24)CNCOCC(CN2CCCC2)Oc2ccc-3cc2)cc1,BLEMDTGAZCATDB-UHFFFAOYSA-N,True,True,True,583.737,3.7944,99.95,3,10,7,0.298,5.824,c1ccc(-c2c3oc4nc(nc(NCCN5CCNCC5)c24)CNCOCC(CN2CCCC2)Oc2ccc-3cc2)cc1,16,True,False,True,
CAND_c34f15f2da,v5_5_pocket_guided,JAK2_e9c7a5b465,c1ccc(-c2c3oc4nc(nc(NCCN5CCNCC5)c24)COCSCC(CN2CCCC2)Oc2ccc-3cc2)cc1,ZEFFDJGCPNJSCZ-UHFFFAOYSA-N,True,True,True,600.789,4.938,87.92,2,10,7,0.3043,5.918,c1ccc(-c2c3oc4nc(nc(NCCN5CCNCC5)c24)COCSCC(CN2CCCC2)Oc2ccc-3cc2)cc1,16,True,False,True,
CAND_3b48cf0c68,v5_5_pocket_guided,JAK2_e9c7a5b465,c1ccc(-c2c3oc4ncnc(c24)NC(CN2CCNCC2)CNCOCC2CCCN2CCOc2ccc-3cc2)cc1,KMUMRUZFKPDUHS-UHFFFAOYSA-N,True,True,True,583.737,3.663,99.95,3,10,3,0.3314,5.574,c1ccc(-c2c3oc4ncnc(c24)NC(CN2CCNCC2)CNCOCC2CCCN2CCOc2ccc-3cc2)cc1,20,True,False,True,
CAND_5a82ea5246,v5_5_pocket_guided,JAK2_71edeb4185,COCC1CCOCOCCc2cc3nc(n2)Nc2ccc(c(c2)CN(C)C/C=C/COCc2ccc-3s2)O1,BXYIHXDRXDILOA-ONEGZZNKSA-N,True,True,True,552.697,4.7976,87.2,1,10,2,0.4507,5.026,C1=C/COCc2ccc(s2)-c2cc3nc(n2)Nc2ccc(c(c2)CNC/1)OCCCOCOCC3,18,True,False,True,
CAND_d9c3b1fa9a,v5_5_pocket_guided,JAK2_71edeb4185,COC1CCNCOCC2/C=C/CN(C)Cc3cc(ccc3OC1)Nc1nccc(n1)-c1ccc(s1)CO2,JXFHVZKKMBAUQF-ONEGZZNKSA-N,True,True,True,537.686,4.1967,90.0,2,10,1,0.4435,5.068,C1=C/C2COCNCCCCOc3ccc(cc3CNC/1)Nc1nccc(n1)-c1ccc(s1)CO2,18,True,False,True,
CAND_f2745e9268,v5_5_pocket_guided,JAK2_0be2eaa185,NC(=O)CN1CCC2(CC1)COCSCc1nc(nn3c(-c4cccc(CO)c4)ccc13)Nc1ccc2cc1,AWBBZKZKJFREQP-UHFFFAOYSA-N,True,True,True,544.681,3.672,118.01,3,8,4,0.3563,4.982,c1ccc(-c2ccc3c4nc(nn23)Nc2ccc(cc2)C2(CCNCC2)COCSC4)cc1,14,True,False,True,
CAND_15d5541ac6,v5_5_pocket_guided,JAK2_0be2eaa185,NC(=O)CN1CCC2(CC1)COCSCc1cc(-c3cccc(CO)c3)n3nc(ncc13)Nc1ccc2cc1,HRXNMSYIAINXRN-UHFFFAOYSA-N,True,True,True,544.681,3.672,118.01,3,8,4,0.3563,4.982,c1ccc(-c2cc3c4cnc(nn24)Nc2ccc(cc2)C2(CCNCC2)COCSC3)cc1,16,True,False,True,
CAND_6e4c0a439c,v5_5_pocket_guided,JAK2_0be2eaa185,NC(=O)CN1CCC2c3ccc(cc3)Nc3nc(c4ccc(-c5cccc(CO)c5)n4n3)COCSCC2C1,AQETVHQGDIKYGP-UHFFFAOYSA-N,True,True,True,544.681,3.7439,118.01,3,8,4,0.3557,5.482,c1ccc(-c2ccc3c4nc(nn23)Nc2ccc(cc2)C2CCNCC2CSCOC4)cc1,15,True,False,True,
CAND_f5d578935d,v5_5_pocket_guided,JAK2_0be2eaa185,NC(=O)CN1CCC2c3ccc(cc3)Nc3nc(c4ccc(-c5cccc(CO)c5)n4n3)CNCOCC2C1,VJIRMOYEASSLGD-UHFFFAOYSA-N,True,True,True,527.629,2.6003,130.04,4,8,4,0.3187,5.387,c1ccc(-c2ccc3c4nc(nn23)Nc2ccc(cc2)C2CCNCC2COCNC4)cc1,15,True,False,True,
CAND_d1c7207437,v5_5_pocket_guided,JAK2_0be2eaa185,NC(=O)CN1CCC2c3ccc(cc3)Nc3nc(c4ccc(-c5cccc(CO)c5)n4n3)CCNCOCC2C1,PKUNZPZTEAKTLK-UHFFFAOYSA-N,True,True,True,541.656,2.6428,130.04,4,8,4,0.3104,5.465,c1ccc(-c2ccc3c4nc(nn23)Nc2ccc(cc2)C2CCNCC2COCNCC4)cc1,16,True,False,True,
CAND_0fb8e6bd37,v5_5_pocket_guided,JAK2_0be2eaa185,NC(=O)CN1CCC(c2ccc(Nc3nc4c5ccc(n5n3)-c3cccc(c3)C(O)CSCSC4)cc2)CC1,MTGFVDITYIESJV-UHFFFAOYSA-N,True,True,True,560.749,4.7755,108.78,3,8,5,0.3202,5.446,c1cc2cc(c1)-c1ccc3c(nc(Nc4ccc(C5CCNCC5)cc4)nn13)CSCSCC2,13,True,False,True,
CAND_db7d7322ab,v5_5_pocket_guided,JAK2_0be2eaa185,NC(=O)CN1CCC(c2ccc(Nc3nc4c5ccc(n5n3)-c3cccc(c3)C(O)CSCSCC4)cc2)CC1,OZDUYHUQZWBDEH-UHFFFAOYSA-N,True,True,True,574.776,4.818,108.78,3,8,5,0.3115,5.524,c1cc2cc(c1)-c1ccc3c(nc(Nc4ccc(C5CCNCC5)cc4)nn13)CCSCSCC2,14,True,False,True,
CAND_0ee1e7e5bb,v5_5_pocket_guided,JAK2_0be2eaa185,NC(=O)CN1CCC(c2ccc3cc2CSCSCCc2nc(nn4c(-c5cccc(CO)c5)ccc24)N3)CC1,REKRMOGQAVYRAX-UHFFFAOYSA-N,True,True,True,574.776,4.7769,108.78,3,8,5,0.3127,5.274,c1ccc(-c2ccc3c4nc(nn23)Nc2ccc(C3CCNCC3)c(c2)CSCSCC4)cc1,13,True,False,True,
CAND_ce7c4e443e,v5_5_pocket_guided,JAK2_0be2eaa185,NC(=O)CN1CCC2c3ccc(cc3)Nc3ncc4c(cc(-c5cccc(CO)c5)n4n3)COCNCC2C1,LSDCGEGRMDCUGH-UHFFFAOYSA-N,True,True,True,527.629,2.6003,130.04,4,8,4,0.3187,5.387,c1ccc(-c2cc3c4cnc(nn24)Nc2ccc(cc2)C2CCNCC2CNCOC3)cc1,17,True,False,True,
CAND_257aeeab16,v5_5_pocket_guided,JAK2_0be2eaa185,NC(=O)CN1CCC2c3ccc(cc3)Nc3ncc4c(cc(-c5cccc(CO)c5)n4n3)COCNCCC2C1,POUURBGEBNIHMA-UHFFFAOYSA-N,True,True,True,541.656,2.9904,130.04,4,8,4,0.3103,5.465,c1ccc(-c2cc3c4cnc(nn24)Nc2ccc(cc2)C2CCNCC2CCNCOC3)cc1,18,True,False,True,
CAND_970003175c,v5_5_pocket_guided,JAK2_0be2eaa185,NC(=O)CN1CCC(c2ccc(Nc3ncc4c5cc(n4n3)-c3cccc(c3)C(O)CSCSCC5)cc2)CC1,CMFUOGMRDVOULS-UHFFFAOYSA-N,True,True,True,574.776,4.818,108.78,3,8,5,0.3115,5.524,c1cc2cc(c1)-c1cc(c3cnc(Nc4ccc(C5CCNCC5)cc4)nn13)CCSCSCC2,13,True,False,True,
CAND_d6eed45508,v5_5_pocket_guided,JAK2_3f16324207,O=C1NC(=O)C(c2c[nH]c3ccccc23)=C1Nc1cc2ccc1OCCn1cnc(c1)CNCOC2,OPFMGZJUZDWDIX-UHFFFAOYSA-N,True,True,True,484.516,2.5003,122.3,4,7,3,0.3297,4.522,O=C1NC(=O)C(c2c[nH]c3ccccc23)=C1Nc1cc2ccc1OCCn1cnc(c1)CNCOC2,15,True,False,True,
CAND_fef5e89244,v5_5_pocket_guided,JAK2_3f16324207,O=C1NC(=O)C(c2c[nH]c3ccccc23)=C1Nc1cccc2c1OCCn1cnc(c1)CCCSCCSCCC2,BDXMRSBLICWVRD-UHFFFAOYSA-N,True,True,True,587.771,5.2682,101.04,3,7,3,0.281,5.23,O=C1NC(=O)C(c2c[nH]c3ccccc23)=C1Nc1cccc2c1OCCn1cnc(c1)CCCSCCSCCC2,18,True,False,True,
CAND_be7c190dfc,v5_5_pocket_guided,JAK2_3f16324207,O=C1NC(=O)C(c2c[nH]c3ccccc23)=C1Nc1cccc2c1OCCn1cnc(c1)CCCSCCSCC2,DCYDPORZFINKLN-UHFFFAOYSA-N,True,True,True,573.744,4.8781,101.04,3,7,3,0.3005,5.018,O=C1NC(=O)C(c2c[nH]c3ccccc23)=C1Nc1cccc2c1OCCn1cnc(c1)CCCSCCSCC2,17,True,False,True,
CAND_8a3ca2e693,v5_5_pocket_guided,JAK2_3f16324207,O=C1NC(=O)C(c2c[nH]c3ccccc23)=C1Nc1cc2ccc1OCC(n1ccnc1)CCCSCCSCCC2,OVSWQVZYYJUNLW-UHFFFAOYSA-N,True,True,True,587.771,5.6569,101.04,3,7,4,0.2651,5.799,O=C1NC(=O)C(c2c[nH]c3ccccc23)=C1Nc1cc2ccc1OCC(n1ccnc1)CCCSCCSCCC2,17,True,False,True,
CAND_f4a7e98c9c,v5_5_pocket_guided,JAK2_7ca62fbe94,NC(=O)c1c2nc(NC3CCCCC3)c3c1[nH]c1cc(ccc13)-c1cc(n[nH]1)CNCOC2,RDWJTHBLGDZEEO-UHFFFAOYSA-N,True,True,True,445.527,3.527,133.74,5,6,3,0.3275,4.306,c1cc2c3cc1-c1cc(n[nH]1)CNCOCc1cc([nH]3)c2c(NC2CCCCC2)n1,15,True,False,True,
CAND_35dfd76fe8,v5_5_pocket_guided,JAK2_7ca62fbe94,NC(=O)c1c2nc(NC3CCCCC3)c3c1[nH]c1cc(ccc13)-c1cc(n[nH]1)COCSC2,SDXNJEXVVCPFEO-UHFFFAOYSA-N,True,True,True,462.579,4.6706,121.71,4,6,3,0.351,4.4,c1cc2c3cc1-c1cc(n[nH]1)COCSCc1cc([nH]3)c2c(NC2CCCCC2)n1,15,True,False,True,
CAND_bca0beab21,v5_5_pocket_guided,JAK2_7ca62fbe94,NC(=O)c1c2nc(NC3CCCCC3)c3c1[nH]c1cc(ccc13)-c1cc(n[nH]1)CCNCOC2,OEPAKBAVJRFQRE-UHFFFAOYSA-N,True,True,True,459.554,3.5695,133.74,5,6,3,0.318,4.384,c1cc2c3cc1-c1cc(n[nH]1)CCNCOCc1cc([nH]3)c2c(NC2CCCCC2)n1,16,True,False,True,
CAND_646fbecff3,v5_5_pocket_guided,JAK2_7ca62fbe94,NC(=O)c1c2nc(NC3CCCCC3)c3c1[nH]c1cc(ccc13)-c1cc(n[nH]1)CCOCSC2,SEEDJUJEGNRHEW-UHFFFAOYSA-N,True,True,True,476.606,4.7131,121.71,4,6,3,0.3396,4.478,c1cc2c3cc1-c1cc(n[nH]1)CCOCSCc1cc([nH]3)c2c(NC2CCCCC2)n1,16,True,False,True,
CAND_2ce959d527,v5_5_pocket_guided,JAK2_7ca62fbe94,NC(=O)c1c2nc(NC3CCCCC3)c3c1[nH]c1cc(-c4ccn[nH]4)c(cc13)CCSCCSCCC2,HURUPMQMMZTDPS-UHFFFAOYSA-N,True,True,True,534.755,5.9048,112.48,4,6,4,0.2591,5.379,c1cc(-c2cc3[nH]c4cc5nc(NC6CCCCC6)c4c3cc2CCSCCSCCC5)[nH]n1,16,True,False,True,
CAND_dffda90534,v5_5_pocket_guided,JAK2_7ca62fbe94,NC(=O)c1c2nc(NC3CCCCC3)c3c1[nH]c1cc(ccc13)-c1[nH]ncc1CSCOC2,RVBKCSRFHDNNEL-UHFFFAOYSA-N,True,True,True,462.579,4.6706,121.71,4,6,3,0.351,4.4,c1cc2c3cc1-c1[nH]ncc1CSCOCc1cc([nH]3)c2c(NC2CCCCC2)n1,14,True,False,True,
CAND_3c9d9752ff,v5_5_pocket_guided,JAK2_7ca62fbe94,NC(=O)c1c2nc(NC3CCCCC3)c3c1[nH]c1cc(ccc13)-c1[nH]ncc1CSCOCC2,SWRSWIQMEZRQIK-UHFFFAOYSA-N,True,True,True,476.606,4.7131,121.71,4,6,3,0.3396,4.478,c1cc2c3cc1-c1[nH]ncc1CSCOCCc1cc([nH]3)c2c(NC2CCCCC2)n1,15,True,False,True,
CAND_eb4ccc87b4,v5_5_pocket_guided,JAK2_10b80be790,C[C@H]1Nc2cc(ncn2)-c2c(N)nn3ccc(nc23)COCNCc2ccc1cc2,JBEBHYLENIIXPL-CYBMUJFWSA-N,True,True,True,402.462,2.5189,115.28,3,8,0,0.411,3.941,c1nc2cc(n1)-c1cnn3ccc(nc13)COCNCc1ccc(cc1)CN2,18,True,False,True,
CAND_3bd86314ed,v5_5_pocket_guided,JAK2_10b80be790,C[C@H]1Nc2cc(ncn2)-c2c(N)nn3ccc(nc23)COCNCCc2ccc1cc2,QHIUIORTXJGCRQ-CQSZACIVSA-N,True,True,True,416.489,2.5614,115.28,3,8,0,0.4006,4.019,c1nc2cc(n1)-c1cnn3ccc(nc13)COCNCCc1ccc(cc1)CN2,19,True,False,True,
CAND_825352b0e1,v5_5_pocket_guided,JAK2_10b80be790,C[C@H]1Nc2cc(ncn2)-c2c(N)nn3c(ccnc23)COCNCc2ccc1cc2,SEBRZKZGFRDQQT-CYBMUJFWSA-N,True,True,True,402.462,2.5189,115.28,3,8,0,0.411,3.941,c1nc2cc(n1)-c1cnn3c(ccnc13)COCNCc1ccc(cc1)CN2,18,True,False,True,
CAND_8863b912ad,v5_5_pocket_guided,JAK2_10b80be790,C[C@H]1Nc2cc(ncn2)-c2c(N)nn3c(ccnc23)COCNCCc2ccc1cc2,GXBJVFVJUUEETQ-CQSZACIVSA-N,True,True,True,416.489,2.5614,115.28,3,8,0,0.4006,4.019,c1nc2cc(n1)-c1cnn3c(ccnc13)COCNCCc1ccc(cc1)CN2,19,True,False,True,
CAND_09837f6344,v5_5_pocket_guided,JAK2_10b80be790,C[C@H]1Nc2cc(ncn2)-c2c(N)nn3cc(cnc23)COCNCc2ccc1cc2,GZUZBFSOLOEQLF-CYBMUJFWSA-N,True,True,True,402.462,2.5189,115.28,3,8,0,0.411,3.941,c1nc2cc(n1)-c1cnn3cc(cnc13)COCNCc1ccc(cc1)CN2,19,True,False,True,
CAND_ded718ba5a,v5_5_pocket_guided,JAK2_10b80be790,C[C@H]1Nc2cc(ncn2)-c2c(N)nn3cc(cnc23)COCNCCc2ccc1cc2,DZQYZCJLNLGWNV-CQSZACIVSA-N,True,True,True,416.489,2.5614,115.28,3,8,0,0.4006,4.019,c1nc2cc(n1)-c1cnn3cc(cnc13)COCNCCc1ccc(cc1)CN2,20,True,False,True,
CAND_abb41a922d,v5_5_pocket_guided,JAK2_10b80be790,Nc1nn2ccc3nc2c1-c1cc(ncn1)N[C@@H](c1ccccc1)CCOCOCC3,SAFUKGPOLPCIJK-QGZVFWFLSA-N,True,True,True,417.473,2.8586,112.48,2,8,1,0.4862,4.15,c1ccc([C@H]2CCOCOCCc3ccn4ncc(c4n3)-c3cc(ncn3)N2)cc1,16,True,False,True,
CAND_ce08eddc26,v5_5_pocket_guided,JAK2_10b80be790,C[C@H]1Nc2cc(ncn2)-c2c(N)nn3ccc(nc23)CCNCOCc2cccc1c2,BERBCAQEPKHORB-CQSZACIVSA-N,True,True,True,416.489,2.5614,115.28,3,8,0,0.4006,4.019,c1cc2cc(c1)COCNCCc1ccn3ncc(c3n1)-c1cc(ncn1)NC2,18,True,False,True,
CAND_cd2bcebeef,v5_5_pocket_guided,JAK2_10b80be790,Nc1nn2c3ccnc2c1-c1cc(ncn1)N[C@@H](c1ccccc1)CCOCOCC3,BRMCGYWQSUWBCB-QGZVFWFLSA-N,True,True,True,417.473,2.8586,112.48,2,8,1,0.4862,4.15,c1ccc([C@H]2CCOCOCCc3ccnc4c(cnn34)-c3cc(ncn3)N2)cc1,16,True,False,True,
CAND_15b15b12d8,v5_5_pocket_guided,JAK2_10b80be790,C[C@H]1Nc2cc(ncn2)-c2c(N)nn3c(ccnc23)CCNCOCc2cccc1c2,VQHBVXUCLWLVFR-CQSZACIVSA-N,True,True,True,416.489,2.5614,115.28,3,8,0,0.4006,4.019,c1cc2cc(c1)COCNCCc1ccnc3c(cnn13)-c1cc(ncn1)NC2,18,True,False,True,
CAND_85546fff9a,v5_5_pocket_guided,JAK2_10b80be790,Nc1nn2cc3cnc2c1-c1cc(ncn1)N[C@@H](c1ccccc1)CCNCOC3,LMNPCFNRCBHEDB-MRXNPFEDSA-N,True,True,True,402.462,2.3891,115.28,3,8,1,0.4445,4.066,c1ccc([C@H]2CCNCOCc3cnc4c(cnn4c3)-c3cc(ncn3)N2)cc1,16,True,False,True,
CAND_37896201ac,v5_5_pocket_guided,JAK2_10b80be790,Nc1nn2cc3cnc2c1-c1cc(ncn1)N[C@@H](c1ccccc1)CCOCOC3,CIWOBNXDXCTGDO-MRXNPFEDSA-N,True,True,True,403.446,2.8161,112.48,2,8,1,0.4989,4.072,c1ccc([C@H]2CCOCOCc3cnc4c(cnn4c3)-c3cc(ncn3)N2)cc1,16,True,False,True,
CAND_3c8a704cec,v5_5_pocket_guided,JAK2_10b80be790,C[C@H]1Nc2cc(ncn2)-c2c(N)nn3cc(cnc23)COCNCc2cccc1c2,GXVFZUSMUXOUPL-CYBMUJFWSA-N,True,True,True,402.462,2.5189,115.28,3,8,0,0.411,3.941,c1cc2cc(c1)CNc1cc(ncn1)-c1cnn3cc(cnc13)COCNC2,18,True,False,True,
CAND_fc5fb427fe,v5_5_pocket_guided,JAK2_10b80be790,C[C@H]1Nc2cc(ncn2)-c2c(N)nn3cc(cnc23)COCNCCc2cccc1c2,QPXDBGQJWZDJRA-CQSZACIVSA-N,True,True,True,416.489,2.5614,115.28,3,8,0,0.4006,4.019,c1cc2cc(c1)CNc1cc(ncn1)-c1cnn3cc(cnc13)COCNCC2,19,True,False,True,
CAND_6f34b017e0,v5_5_pocket_guided,JAK2_10b80be790,C[C@@H](Nc1ncnc2c1CSCSCCc1cnc3c-2c(N)nn3c1)c1ccccc1,GJHGKXVWKRFTKU-CQSZACIVSA-N,True,True,True,449.609,4.4216,94.02,2,8,3,0.4746,4.578,c1ccc(CNc2ncnc3c2CSCSCCc2cnc4c-3cnn4c2)cc1,13,True,False,True,
CAND_c59ea20703,v5_5_pocket_guided,JAK2_ca39d80886,Cc1nn(-c2cccc(Cl)c2)c2c1CCSCSCCc1ccn3ncc(c3n1)C(=O)N2,BVSKLARQPQTOSC-UHFFFAOYSA-N,True,True,True,485.038,4.6516,77.11,1,6,1,0.4234,4.275,O=C1Nc2c(cnn2-c2ccccc2)CCSCSCCc2ccn3ncc1c3n2,15,True,False,True,
CAND_8e3fb00f71,v5_5_pocket_guided,JAK2_ca39d80886,Cc1cc2n(n1)-c1ccc(c(Cl)c1)COCNCc1ccn3ncc(c3n1)C(=O)N2,TUXKOIKMDZKLTE-UHFFFAOYSA-N,True,True,True,423.864,2.7064,98.37,2,6,0,0.451,3.81,O=C1Nc2ccnn2-c2ccc(cc2)COCNCc2ccn3ncc1c3n2,17,True,False,True,
CAND_d06f18a0d7,v5_5_pocket_guided,JAK2_ca39d80886,Cc1cc2n(n1)-c1ccc(c(Cl)c1)COCNCCc1ccn3ncc(c3n1)C(=O)N2,NITRRQKEWOHQCN-UHFFFAOYSA-N,True,True,True,437.891,2.7489,98.37,2,6,0,0.4387,3.888,O=C1Nc2ccnn2-c2ccc(cc2)COCNCCc2ccn3ncc1c3n2,18,True,False,True,
CAND_c771b0e9c2,v5_5_pocket_guided,JAK2_ca39d80886,Cc1nn(-c2cccc(Cl)c2)c2c1CSCSCCc1ccnc3c(cnn13)C(=O)N2,WSJIMLXAEVAZCU-UHFFFAOYSA-N,True,True,True,471.011,4.6091,77.11,1,6,1,0.4375,4.197,O=C1Nc2c(cnn2-c2ccccc2)CSCSCCc2ccnc3c1cnn23,14,True,False,True,
CAND_8f93f36d67,v5_5_pocket_guided,JAK2_ca39d80886,Cc1cc2n(n1)-c1ccc(c(Cl)c1)COCNCc1ccnc3c(cnn13)C(=O)N2,PHOVHFKJAOKZDG-UHFFFAOYSA-N,True,True,True,423.864,2.7064,98.37,2,6,0,0.451,3.81,O=C1Nc2ccnn2-c2ccc(cc2)COCNCc2ccnc3c1cnn23,17,True,False,True,
CAND_03390190f4,v5_5_pocket_guided,JAK2_ca39d80886,Cc1cc2n(n1)-c1ccc(c(Cl)c1)COCNCCc1ccnc3c(cnn13)C(=O)N2,DUTZPGKDKNZHMX-UHFFFAOYSA-N,True,True,True,437.891,2.7489,98.37,2,6,0,0.4387,3.888,O=C1Nc2ccnn2-c2ccc(cc2)COCNCCc2ccnc3c1cnn23,18,True,False,True,
CAND_3a328d06e8,v5_5_pocket_guided,JAK2_ca39d80886,O=C(Nc1cc2nn1-c1cc(Cl)cc(c1)CCSCSCC2)c1cnn2cccnc12,WZTVZETVTWVAEV-UHFFFAOYSA-N,True,True,True,471.011,4.3432,77.11,1,6,2,0.4692,4.322,O=C(Nc1cc2nn1-c1cccc(c1)CCSCSCC2)c1cnn2cccnc12,13,True,False,True,
CAND_ede685f506,v5_5_pocket_guided,JAK2_ca39d80886,O=C(Nc1cc2nn1-c1ccc(c(Cl)c1)CSCSCCC2)c1cnn2cccnc12,VJEXFJLWMRZRSA-UHFFFAOYSA-N,True,True,True,471.011,4.6908,77.11,1,6,2,0.4576,4.322,O=C(Nc1cc2nn1-c1ccc(cc1)CSCSCCC2)c1cnn2cccnc12,14,True,False,True,
CAND_63bbb0d328,v5_5_pocket_guided,JAK2_ca39d80886,O=C(Nc1cc2nn1-c1ccc(c(Cl)c1)CSCSCC2)c1cnn2cccnc12,NXDUFOWITOSKQR-UHFFFAOYSA-N,True,True,True,456.984,4.3007,77.11,1,6,2,0.4842,4.244,O=C(Nc1cc2nn1-c1ccc(cc1)CSCSCC2)c1cnn2cccnc12,13,True,False,True,
CAND_167a057e5e,v5_5_pocket_guided,JAK2_ca39d80886,Cc1nn(-c2cccc(Cl)c2)c2c1CCSCSCCc1cnc3c(cnn3c1)C(=O)N2,XWLUMGBIBAWLBE-UHFFFAOYSA-N,True,True,True,485.038,4.6516,77.11,1,6,1,0.4234,4.275,O=C1Nc2c(cnn2-c2ccccc2)CCSCSCCc2cnc3c1cnn3c2,16,True,False,True,
CAND_768dab7c60,v5_5_pocket_guided,JAK2_de6f2c0053,O=C1NC(=O)C2=C1Nc1cc(cc(OC3CCN(c4ccnc(F)c4)C3)c1)COCNCCc1ccc3[nH]cc2c3c1,KHVRHJQLNZDBOR-UHFFFAOYSA-N,True,True,True,568.609,3.4591,120.61,4,8,3,0.2192,5.239,O=C1NC(=O)C2=C1Nc1cc(cc(OC3CCN(c4ccncc4)C3)c1)COCNCCc1ccc3[nH]cc2c3c1,16,True,False,True,
CAND_2256223f5c,v5_5_pocket_guided,JAK2_de6f2c0053,O=C1NC(=O)C2=C1Nc1cc(cc(OC3CCN(c4ccnc(F)c4)C3)c1)COCNCc1ccc3[nH]cc2c3c1,LZOLLWDKQVPTRK-UHFFFAOYSA-N,True,True,True,554.582,3.4166,120.61,4,8,3,0.2247,5.162,O=C1NC(=O)C2=C1Nc1cc(cc(OC3CCN(c4ccncc4)C3)c1)COCNCc1ccc3[nH]cc2c3c1,15,True,False,True,
CAND_8a1aaec84d,v5_5_pocket_guided,JAK2_de6f2c0053,O=C1NC(=O)C(c2c[nH]c3ccccc23)=C1Nc1cc2cc(c1)OC1CCN(C1)c1cc(F)nc(c1)CNCOC2,XDGIRQMASIZSFS-UHFFFAOYSA-N,True,True,True,554.582,3.4166,120.61,4,8,3,0.2247,5.162,O=C1NC(=O)C(c2c[nH]c3ccccc23)=C1Nc1cc2cc(c1)OC1CCN(C1)c1ccnc(c1)CNCOC2,15,True,False,True,
CAND_7bf66f4ff7,v5_5_pocket_guided,JAK2_de6f2c0053,O=C1NC(=O)C2=C1Nc1cc(cc(OC3CCN(c4ccnc(F)c4)C3)c1)COCNCCc1cccc3c2c[nH]c13,KOBFEDBPJOMGEU-UHFFFAOYSA-N,True,True,True,568.609,3.4591,120.61,4,8,3,0.2192,5.239,O=C1NC(=O)C2=C1Nc1cc(cc(OC3CCN(c4ccncc4)C3)c1)COCNCCc1cccc3c2c[nH]c13,16,True,False,True,
CAND_83405bea72,v5_5_pocket_guided,JAK2_de6f2c0053,O=C1NC(=O)C2=C1Nc1cc(cc(OC3CCN(c4ccnc(F)c4)C3)c1)COCNCc1cccc3c2c[nH]c13,MKBBAIGHQACYDO-UHFFFAOYSA-N,True,True,True,554.582,3.4166,120.61,4,8,3,0.2247,5.162,O=C1NC(=O)C2=C1Nc1cc(cc(OC3CCN(c4ccncc4)C3)c1)COCNCc1cccc3c2c[nH]c13,15,True,False,True,
CAND_2c1902cdea,v5_5_pocket_guided,JAK2_de6f2c0053,O=C1NC(=O)C2=C1Nc1cccc(OC3CCN(c4ccnc(F)c4)C3)c1COCNCCc1ccc3c2c[nH]c3c1,CJEQZYUQDCCYCC-UHFFFAOYSA-N,True,True,True,568.609,3.4591,120.61,4,8,3,0.2192,5.239,O=C1NC(=O)C2=C1Nc1cccc(OC3CCN(c4ccncc4)C3)c1COCNCCc1ccc3c2c[nH]c3c1,16,True,False,True,
CAND_225f082dbf,v5_5_pocket_guided,JAK2_de6f2c0053,O=C1NC(=O)C2=C1Nc1cccc(OC3CCN(c4ccnc(F)c4)C3)c1COCNCc1ccc3c2c[nH]c3c1,QVENLZHNNZHQMH-UHFFFAOYSA-N,True,True,True,554.582,3.4166,120.61,4,8,3,0.2247,5.162,O=C1NC(=O)C2=C1Nc1cccc(OC3CCN(c4ccncc4)C3)c1COCNCc1ccc3c2c[nH]c3c1,15,True,False,True,
CAND_4e2bc73f5b,v5_5_pocket_guided,JAK2_de6f2c0053,O=C1NC(=O)C2=C1Nc1cccc(OC3CCN(c4ccnc(F)c4)C3)c1CSCSCc1cccc3[nH]cc2c13,QFNOMEKZZPTBPP-UHFFFAOYSA-N,True,True,True,587.702,5.2768,99.35,3,8,3,0.2202,5.484,O=C1NC(=O)C2=C1Nc1cccc(OC3CCN(c4ccncc4)C3)c1CSCSCc1cccc3[nH]cc2c13,13,True,False,True,
CAND_4daf10e68a,v5_5_pocket_guided,JAK2_de6f2c0053,O=C1NC(=O)C2=C1Nc1cccc(OC3CCN(c4ccnc(F)c4)C3)c1CSCSCCc1cccc3[nH]cc2c13,ZCNGHLRBHZYTJT-UHFFFAOYSA-N,True,True,True,601.729,5.3193,99.35,3,8,3,0.2145,5.583,O=C1NC(=O)C2=C1Nc1cccc(OC3CCN(c4ccncc4)C3)c1CSCSCCc1cccc3[nH]cc2c13,14,True,False,True,
CAND_424b5e4f17,v5_5_pocket_guided,JAK2_de6f2c0053,O=C1NC(=O)C2=C1Nc1cccc(OC3CCN(c4ccnc(F)c4)C3)c1CCSCSCCc1cccc3[nH]cc2c13,SBDOBDAUIMTTJZ-UHFFFAOYSA-N,True,True,True,615.756,5.3618,99.35,3,8,3,0.2094,5.682,O=C1NC(=O)C2=C1Nc1cccc(OC3CCN(c4ccncc4)C3)c1CCSCSCCc1cccc3[nH]cc2c13,15,True,False,True,
CAND_cd943a8bc3,v5_5_pocket_guided,JAK2_de6f2c0053,O=C1NC(=O)C(c2c[nH]c3ccccc23)=C1Nc1cccc2c1CSCSCc1c(ccnc1F)N1CCC(C1)O2,FOTZJMXMCJNUMW-UHFFFAOYSA-N,True,True,True,587.702,5.2768,99.35,3,8,3,0.2202,5.484,O=C1NC(=O)C(c2c[nH]c3ccccc23)=C1Nc1cccc2c1CSCSCc1cnccc1N1CCC(C1)O2,13,True,False,True,
CAND_f6325e97f7,v5_5_pocket_guided,JAK2_de6f2c0053,O=C1NC(=O)C(c2c[nH]c3ccccc23)=C1Nc1cccc2c1CSCSCCc1c(ccnc1F)N1CCC(C1)O2,IKHLDOSVQNYGDL-UHFFFAOYSA-N,True,True,True,601.729,5.3193,99.35,3,8,3,0.2145,5.583,O=C1NC(=O)C(c2c[nH]c3ccccc23)=C1Nc1cccc2c1CSCSCCc1cnccc1N1CCC(C1)O2,14,True,False,True,
CAND_4165362d8e,v5_5_pocket_guided,JAK2_de6f2c0053,O=C1NC(=O)C(c2c[nH]c3ccccc23)=C1Nc1cccc2c1CCSCSCCc1c(ccnc1F)N1CCC(C1)O2,UKHNEFAWDFAIAJ-UHFFFAOYSA-N,True,True,True,615.756,5.3618,99.35,3,8,3,0.2094,5.682,O=C1NC(=O)C(c2c[nH]c3ccccc23)=C1Nc1cccc2c1CCSCSCCc1cnccc1N1CCC(C1)O2,15,True,False,True,
CAND_7c28420b06,v5_5_pocket_guided,JAK2_b9e55f321a,N#Cc1ccc2ncn(-c3nc4c5[nH]c(=O)n(c5n3)Cc3cc(cc(F)c3F)CCCSCCSCCC4)c2c1,MBKNAEBMTKHVCC-UHFFFAOYSA-N,True,True,True,577.686,5.0019,105.18,1,7,1,0.2989,4.791,O=c1[nH]c2c3nc(-n4cnc5ccccc54)nc2n1Cc1cccc(c1)CCCSCCSCCC3,18,True,False,True,
CAND_30ad59e1d3,v5_5_pocket_guided,JAK2_b9e55f321a,N#Cc1cc2c3ncn(c3c1)-c1ncc3[nH]c(=O)n(c3n1)Cc1cc(cc(F)c1F)CNCOC2,QUPSEAFBXDDCQL-UHFFFAOYSA-N,True,True,True,474.431,2.234,126.44,2,7,0,0.3525,4.091,O=c1[nH]c2cnc3nc2n1Cc1cccc(c1)CNCOCc1cccc2c1ncn2-3,17,True,False,True,
CAND_82c59bb629,v5_5_pocket_guided,JAK2_b9e55f321a,N#Cc1cc2c3ncn(c3c1)-c1ncc3[nH]c(=O)n(c3n1)Cc1cc(cc(F)c1F)CCNCOC2,DOINUSGUYHYCGM-UHFFFAOYSA-N,True,True,True,488.458,2.2765,126.44,2,7,0,0.3425,4.169,O=c1[nH]c2cnc3nc2n1Cc1cccc(c1)CCNCOCc1cccc2c1ncn2-3,18,True,False,True,
CAND_1ccad1c8d6,v5_5_pocket_guided,JAK2_b9e55f321a,N#Cc1ccc2ncn(-c3nc4c5[nH]c(=O)n(c5n3)Cc3ccc(c(F)c3F)CCCC4)c2c1,HGOJYUDJYVERJW-UHFFFAOYSA-N,True,True,True,457.444,3.5355,105.18,1,5,1,0.4146,4.122,O=c1[nH]c2c3nc(-n4cnc5ccccc54)nc2n1Cc1ccc(cc1)CCCC3,13,True,False,True,
CAND_e2f1a9f8cd,v5_5_pocket_guided,JAK2_b9e55f321a,N#Cc1cc2c3ncn(c3c1)-c1ncc3[nH]c(=O)n(c3n1)Cc1c(ccc(F)c1F)COCNC2,AYQAPTDVJFGQRE-UHFFFAOYSA-N,True,True,True,474.431,2.234,126.44,2,7,0,0.3525,4.091,O=c1[nH]c2cnc3nc2n1Cc1ccccc1COCNCc1cccc2c1ncn2-3,16,True,False,True,
CAND_cf7d3d5ac2,v5_5_pocket_guided,JAK2_b9e55f321a,N#Cc1ccc2nc3n(c2c1)-c1ncc2[nH]c(=O)n(c2n1)Cc1c(ccc(F)c1F)CCCC3,GPXXCFVZUDOSRW-UHFFFAOYSA-N,True,True,True,457.444,3.5355,105.18,1,5,0,0.383,3.997,O=c1[nH]c2cnc3nc2n1Cc1ccccc1CCCCc1nc2ccccc2n1-3,13,True,False,True,
CAND_6c9f919126,v5_5_pocket_guided,JAK2_b9e55f321a,N#Cc1ccc2nc3n(c2c1)-c1ncc2[nH]c(=O)n(c2n1)Cc1ccc(c(F)c1F)CNCOC3,RLTVJPSFUJAMQT-UHFFFAOYSA-N,True,True,True,474.431,2.234,126.44,2,7,0,0.3525,4.091,O=c1[nH]c2cnc3nc2n1Cc1ccc(cc1)CNCOCc1nc2ccccc2n1-3,16,True,False,True,
CAND_09f36916c1,v5_5_pocket_guided,JAK2_a02e005f3d,c1cc(N2CCOCC2)ccc1Nc1nc2cc(n1)-c1ccc3[nH]cc(c3c1)CCSCSCC2,CGHSYCICHMUBGC-UHFFFAOYSA-N,True,True,True,503.697,5.7276,66.07,2,7,3,0.3702,4.993,c1cc(N2CCOCC2)ccc1Nc1nc2cc(n1)-c1ccc3[nH]cc(c3c1)CCSCSCC2,14,True,False,True,
CAND_5d778026cc,v5_5_pocket_guided,JAK2_a02e005f3d,c1cc(N2CCOCC2)ccc1Nc1nc2cc(n1)-c1ccc3[nH]cc(c3c1)CCSCCSCC2,AAQIZAWXABSFHP-UHFFFAOYSA-N,True,True,True,517.724,5.7701,66.07,2,7,3,0.3576,5.092,c1cc(N2CCOCC2)ccc1Nc1nc2cc(n1)-c1ccc3[nH]cc(c3c1)CCSCCSCC2,15,True,False,True,
CAND_48dc8c5ba1,v5_5_pocket_guided,JAK2_a02e005f3d,c1cc(N2CCOCC2)ccc1Nc1nc2cc(n1)-c1ccc3[nH]cc(c3c1)CCCSCCSCC2,BNZUHLZVAQHHJJ-UHFFFAOYSA-N,True,True,True,531.751,6.1602,66.07,2,7,3,0.3282,5.365,c1cc(N2CCOCC2)ccc1Nc1nc2cc(n1)-c1ccc3[nH]cc(c3c1)CCCSCCSCC2,16,True,False,True,
CAND_3d744ad231,v5_5_pocket_guided,JAK2_a02e005f3d,c1cc(N2CCOCC2)ccc1Nc1nc2cc(n1)-c1ccc3[nH]c(cc3c1)CCSCSCC2,XKKIGXOVMLFMOO-UHFFFAOYSA-N,True,True,True,503.697,5.7276,66.07,2,7,3,0.3702,4.993,c1cc(N2CCOCC2)ccc1Nc1nc2cc(n1)-c1ccc3[nH]c(cc3c1)CCSCSCC2,15,True,False,True,
CAND_ca0a13c54e,v5_5_pocket_guided,JAK2_a02e005f3d,c1cc(N2CCOCC2)ccc1Nc1nc2cc(n1)-c1ccc3[nH]c(cc3c1)CCSCCSCC2,GZFWSJPVFMFOKF-UHFFFAOYSA-N,True,True,True,517.724,5.7701,66.07,2,7,3,0.3576,5.092,c1cc(N2CCOCC2)ccc1Nc1nc2cc(n1)-c1ccc3[nH]c(cc3c1)CCSCCSCC2,16,True,False,True,
CAND_adf93ab1ae,v5_5_pocket_guided,JAK2_a02e005f3d,c1cc(N2CCOCC2)ccc1Nc1nc2cc(n1)-c1ccc3[nH]c(cc3c1)CSCSCC2,DNNCGAPTNBRHLH-UHFFFAOYSA-N,True,True,True,489.67,5.6851,66.07,2,7,3,0.3835,4.893,c1cc(N2CCOCC2)ccc1Nc1nc2cc(n1)-c1ccc3[nH]c(cc3c1)CSCSCC2,14,True,False,True,
CAND_c2fad985ce,v5_5_pocket_guided,JAK2_a02e005f3d,c1cc2cc(-c3cc4nc(n3)Nc3ccc(N5CCOCC5)c(c3)CCSCCSCCC4)ccc2[nH]1,HASXDAMRISTVOB-UHFFFAOYSA-N,True,True,True,531.751,6.1602,66.07,2,7,2,0.3211,5.24,c1cc2cc(-c3cc4nc(n3)Nc3ccc(N5CCOCC5)c(c3)CCSCCSCCC4)ccc2[nH]1,16,True,False,True,
CAND_8b17bffdfe,v5_5_pocket_guided,JAK2_a02e005f3d,c1cc2cc(-c3cc4nc(n3)Nc3ccc(N5CCOCC5)c(c3)CCSCCSCC4)ccc2[nH]1,VLTKIKOZMGMGJO-UHFFFAOYSA-N,True,True,True,517.724,5.7701,66.07,2,7,2,0.3499,4.967,c1cc2cc(-c3cc4nc(n3)Nc3ccc(N5CCOCC5)c(c3)CCSCCSCC4)ccc2[nH]1,15,True,False,True,
CAND_a39d167821,v5_5_pocket_guided,JAK2_a02e005f3d,c1cc2cc(-c3cc4nc(n3)Nc3ccc(N5CCOCC5)c(c3)CCSCSCC4)ccc2[nH]1,OUVOUPXOCJPKRA-UHFFFAOYSA-N,True,True,True,503.697,5.7276,66.07,2,7,2,0.3622,4.868,c1cc2cc(-c3cc4nc(n3)Nc3ccc(N5CCOCC5)c(c3)CCSCSCC4)ccc2[nH]1,14,True,False,True,
CAND_091eb210dc,v5_5_pocket_guided,JAK2_a02e005f3d,c1cc2nc(n1)Nc1ccc(N3CCOCC3)c(c1)COCNCCc1cc3cc-2ccc3[nH]1,FXKKGUVENZVAIG-UHFFFAOYSA-N,True,True,True,456.55,3.8249,87.33,3,7,1,0.4013,4.117,c1cc2nc(n1)Nc1ccc(N3CCOCC3)c(c1)COCNCCc1cc3cc-2ccc3[nH]1,18,True,False,True,
CAND_0fcbc91443,v5_5_pocket_guided,JAK2_a02e005f3d,c1cc2nc(n1)Nc1ccc(N3CCOCC3)c(c1)COCNCc1cc3cc-2ccc3[nH]1,ZBVJJMKGXXDPEM-UHFFFAOYSA-N,True,True,True,442.523,3.7824,87.33,3,7,1,0.4135,4.039,c1cc2nc(n1)Nc1ccc(N3CCOCC3)c(c1)COCNCc1cc3cc-2ccc3[nH]1,17,True,False,True,
CAND_c1d77bcdc8,v5_5_pocket_guided,JAK2_d6f0557177,COc1ccc2c3cc(nc2c1)COCNCC(C(C)(C)O)n1c(C)c(c(=O)n1-c1ccccc1)C(=O)Nc1ccc(cn1)O3,JSHZBMRAAICBGT-UHFFFAOYSA-N,True,True,True,610.671,4.3331,141.76,3,9,3,0.2721,5.473,O=C1Nc2ccc(cn2)Oc2cc(nc3ccccc23)COCNCCn2cc1c(=O)n2-c1ccccc1,19,True,False,True,
CAND_3927bfd90f,v5_5_pocket_guided,JAK2_d6f0557177,COc1ccc2c3cc(nc2c1)COCNCCC(C(C)(C)O)n1c(C)c(c(=O)n1-c1ccccc1)C(=O)Nc1ccc(cn1)O3,HHLIUDYCWQSOLJ-UHFFFAOYSA-N,True,True,True,624.698,4.7232,141.76,3,9,3,0.2599,5.551,O=C1Nc2ccc(cn2)Oc2cc(nc3ccccc23)COCNCCCn2cc1c(=O)n2-c1ccccc1,20,True,False,True,
CAND_379cd58022,v5_5_pocket_guided,JAK2_d6f0557177,Cc1c(C(=O)Nc2ncc3cc2CSCNCCOc2ccc4c(ccnc4c2)O3)c(=O)n(-c2ccccc2)n1CC(C)(C)O,RUMMZPYHTBFPIY-UHFFFAOYSA-N,True,True,True,626.739,4.8788,132.53,3,9,5,0.2498,5.562,O=C(Nc1ncc2cc1CSCNCCOc1ccc3c(ccnc3c1)O2)c1c[nH]n(-c2ccccc2)c1=O,16,True,False,True,
CAND_d6bad9c33f,v5_5_pocket_guided,JAK2_b5896fea79,O=c1[nH]c2cc3c(Nc4c(Cl)cc(-c5ccn[nH]5)cc4Cl)nc4cc(ncc4c13)CCCSCCSCC2,OMAKTBJBVSGZRK-UHFFFAOYSA-N,True,True,True,583.57,6.8669,99.35,3,7,3,0.1995,6.006,O=c1[nH]c2cc3c(Nc4ccc(-c5ccn[nH]5)cc4)nc4cc(ncc4c13)CCCSCCSCC2,17,True,False,True,
CAND_9986e32201,v5_5_pocket_guided,JAK2_b5896fea79,O=c1[nH]cc2c3c(Nc4c(Cl)cc(-c5ccn[nH]5)cc4Cl)nc4cc(ncc4c13)CCCSCCSCC2,RAPIBNAGVOXQLY-UHFFFAOYSA-N,True,True,True,583.57,6.8669,99.35,3,7,3,0.1995,6.006,O=c1[nH]cc2c3c(Nc4ccc(-c5ccn[nH]5)cc4)nc4cc(ncc4c13)CCCSCCSCC2,16,True,False,True,
CAND_e4ba124c43,v5_5_pocket_guided,JAK2_b5896fea79,O=c1[nH]ccc2c3nc4cc(ncc4c12)CSCSCc1c(-c2ccn[nH]2)cc(Cl)c(c1Cl)N3,FVSPBFUQVHDLJH-UHFFFAOYSA-N,True,True,True,527.462,6.3493,99.35,3,7,1,0.2186,5.186,O=c1[nH]ccc2c3nc4cc(ncc4c12)CSCSCc1cc(ccc1-c1ccn[nH]1)N3,14,True,False,True,
CAND_74787930a2,v5_5_pocket_guided,JAK2_b5896fea79,O=c1[nH]ccc2c3nc4ccnc(c4c12)CSCSCc1c(-c2ccn[nH]2)cc(Cl)c(c1Cl)N3,VGTRSKXRVKEKTG-UHFFFAOYSA-N,True,True,True,527.462,6.3493,99.35,3,7,1,0.2186,5.186,O=c1[nH]ccc2c3nc4ccnc(c4c12)CSCSCc1cc(ccc1-c1ccn[nH]1)N3,14,True,False,True,
CAND_93a943ef3a,v5_5_pocket_guided,JAK2_b5896fea79,O=c1[nH]c2cc3c(Nc4c(Cl)cc(-c5ccn[nH]5)cc4Cl)nc4c(cncc4c13)CCSCCSCCC2,BSPUVNXKXIQXBN-UHFFFAOYSA-N,True,True,True,583.57,6.8669,99.35,3,7,3,0.1995,6.006,O=c1[nH]c2cc3c(Nc4ccc(-c5ccn[nH]5)cc4)nc4c(cncc4c13)CCSCCSCCC2,16,True,False,True,
CAND_c8f7f4613f,v5_5_pocket_guided,JAK2_b5896fea79,O=c1[nH]c2cc3c(nc4ccncc4c13)Nc1c(Cl)cc(-c3ccn[nH]3)c(c1Cl)CSCSC2,IDZRGZLRFBTURI-UHFFFAOYSA-N,True,True,True,527.462,6.3493,99.35,3,7,1,0.2186,5.186,O=c1[nH]c2cc3c(nc4ccncc4c13)Nc1ccc(-c3ccn[nH]3)c(c1)CSCSC2,13,True,False,True,
CAND_6da059e7f7,v5_5_pocket_guided,JAK2_b5896fea79,O=c1[nH]c2cc3c(nc4ccncc4c13)Nc1c(Cl)cc(cc1Cl)-c1[nH]ncc1CSCSC2,MGHXHHBDSKINRS-UHFFFAOYSA-N,True,True,True,527.462,6.3493,99.35,3,7,0,0.2019,5.061,O=c1[nH]c2cc3c(nc4ccncc4c13)Nc1ccc(cc1)-c1[nH]ncc1CSCSC2,16,True,False,True,
CAND_e6663fdb96,v5_5_pocket_guided,JAK2_b5896fea79,O=c1[nH]cc2c3c(nc4ccncc4c13)Nc1c(Cl)cc(cc1Cl)-c1cc(n[nH]1)CCCC2,STFUKIYCEAUQGX-UHFFFAOYSA-N,True,True,True,477.355,5.7906,99.35,3,5,0,0.2453,4.503,O=c1[nH]cc2c3c(nc4ccncc4c13)Nc1ccc(cc1)-c1cc(n[nH]1)CCCC2,15,True,False,True,
CAND_85aa8970a8,v5_5_pocket_guided,JAK2_b5896fea79,O=c1[nH]cc2c3c(nc4ccncc4c13)Nc1c(Cl)cc(cc1Cl)-c1cc(n[nH]1)CSCSC2,JUVKDCJFHLTLJI-UHFFFAOYSA-N,True,True,True,527.462,6.3493,99.35,3,7,0,0.2019,5.061,O=c1[nH]cc2c3c(nc4ccncc4c13)Nc1ccc(cc1)-c1cc(n[nH]1)CSCSC2,16,True,False,True,
CAND_a1c1270b89,v5_5_pocket_guided,JAK2_b5896fea79,O=c1[nH]cc2c3c(nc4ccncc4c13)Nc1c(Cl)cc(-c3ccn[nH]3)c(c1Cl)CSCSCC2,WRGQDOOVZYVZEX-UHFFFAOYSA-N,True,True,True,541.489,6.3918,99.35,3,7,1,0.2116,5.285,O=c1[nH]cc2c3c(nc4ccncc4c13)Nc1ccc(-c3ccn[nH]3)c(c1)CSCSCC2,13,True,False,True,
CAND_720380419b,v5_5_pocket_guided,JAK2_b5896fea79,O=c1[nH]cc2c3c(nc4ccncc4c13)Nc1c(Cl)cc(cc1Cl)-c1[nH]ncc1CSCSC2,UAODJOSGFWGKPT-UHFFFAOYSA-N,True,True,True,527.462,6.3493,99.35,3,7,0,0.2019,5.061,O=c1[nH]cc2c3c(nc4ccncc4c13)Nc1ccc(cc1)-c1[nH]ncc1CSCSC2,15,True,False,True,
CAND_7c9e4211b6,v5_5_pocket_guided,JAK2_b5896fea79,O=c1[nH]ccc2c3nc4c(cncc4c12)CSCSCc1c(-c2ccn[nH]2)cc(Cl)c(c1Cl)N3,UGVVVRIXQZYCGP-UHFFFAOYSA-N,True,True,True,527.462,6.3493,99.35,3,7,1,0.2186,5.186,O=c1[nH]ccc2c3nc4c(cncc4c12)CSCSCc1cc(ccc1-c1ccn[nH]1)N3,13,True,False,True,
CAND_deff8b93de,v5_5_pocket_guided,JAK2_b5896fea79,O=c1[nH]ccc2c3nc4c(cncc4c12)CSCSCc1cn[nH]c1-c1cc(Cl)c(c(Cl)c1)N3,UYHUXKXOSPKFBK-UHFFFAOYSA-N,True,True,True,527.462,6.3493,99.35,3,7,0,0.2019,5.061,O=c1[nH]ccc2c3nc4c(cncc4c12)CSCSCc1cn[nH]c1-c1ccc(cc1)N3,16,True,False,True,
CAND_2d29a49cf1,v5_5_pocket_guided,JAK2_05f74b5037,O=C(/C1=N/N=C/c2cc(O)c(O)c(c2)COCNCc2ccc1cc2)c1ccccc1,HFSGJWLZTNGOQI-AVUVYENUSA-N,True,True,True,415.449,3.3812,103.51,3,7,2,0.4398,4.014,O=C(/C1=N/N=C/c2cccc(c2)COCNCc2ccc1cc2)c1ccccc1,16,True,False,True,
CAND_4287a61ab4,v5_5_pocket_guided,JAK2_d0c920f8f8,NCC1COCNCc2cccc3sc(cc23)-c2cc(cc3cn[nH]c23)-c2cn1c1cnc(N)nc21,PBNNBZLZAYVGHP-UHFFFAOYSA-N,True,True,True,496.6,4.0156,132.69,4,8,1,0.2702,4.589,c1cc2c3cc(sc3c1)-c1cc(cc3cn[nH]c13)-c1cn(c3cncnc13)CCOCNC2,16,True,False,True,
CAND_652ddc01da,v5_5_pocket_guided,JAK2_d0c920f8f8,NCCn1c2c(c3nc(N)ncc31)-c1cc(c3[nH]ncc3c1)-c1cc3c(cccc3s1)CCCC2,ZLEOQRLTOXELDA-UHFFFAOYSA-N,True,True,True,479.613,5.276,111.43,3,6,2,0.313,4.508,c1cc2c3cc(sc3c1)-c1cc(cc3cn[nH]c13)-c1c([nH]c3cncnc13)CCCC2,13,True,False,True,
CAND_959162d21f,v5_5_pocket_guided,JAK2_d0c920f8f8,NCC1COCNCc2cccc3cc(sc23)-c2cc(cc3cn[nH]c23)-c2cn1c1cnc(N)nc21,LOELWORNNADHIK-UHFFFAOYSA-N,True,True,True,496.6,4.0156,132.69,4,8,1,0.2702,4.589,c1cc2c3sc(cc3c1)-c1cc(cc3cn[nH]c13)-c1cn(c3cncnc13)CCOCNC2,16,True,False,True,
CAND_765513bf54,v5_5_pocket_guided,JAK2_d0c920f8f8,NCCn1c2c(c3nc(N)ncc31)-c1cc(c3[nH]ncc3c1)-c1cc3cccc(c3s1)CCCC2,JRSXRNVDRXTTRQ-UHFFFAOYSA-N,True,True,True,479.613,5.276,111.43,3,6,2,0.313,4.508,c1cc2c3sc(cc3c1)-c1cc(cc3cn[nH]c13)-c1c([nH]c3cncnc13)CCCC2,13,True,False,True,
CAND_3f5c5a0b6a,v5_5_pocket_guided,JAK2_d0c920f8f8,NCC1COCNCc2ccc3cc(sc3c2)-c2cc(cc3cn[nH]c23)-c2cn1c1cnc(N)nc21,LHRBFWPZUOPXGJ-UHFFFAOYSA-N,True,True,True,496.6,4.0156,132.69,4,8,1,0.2702,4.589,c1ncc2c(n1)c1cn2CCOCNCc2ccc3cc(sc3c2)-c2cc-1cc1cn[nH]c21,17,True,False,True,
CAND_a6b0ddee55,v5_5_pocket_guided,JAK2_d0c920f8f8,NCC1COCNCCc2ccc3cc(sc3c2)-c2cc(cc3cn[nH]c23)-c2cn1c1cnc(N)nc21,ZBJZDFMCOLJJAK-UHFFFAOYSA-N,True,True,True,510.627,4.0581,132.69,4,8,1,0.2622,4.667,c1ncc2c(n1)c1cn2CCOCNCCc2ccc3cc(sc3c2)-c2cc-1cc1cn[nH]c21,18,True,False,True,
CAND_49a2fb8b17,v5_5_pocket_guided,JAK2_d0c920f8f8,NCCn1c2c(c3nc(N)ncc31)-c1cc(c3[nH]ncc3c1)-c1cc3ccc(cc3s1)CCCC2,JOIVGSMGIPFAQS-UHFFFAOYSA-N,True,True,True,479.613,5.276,111.43,3,6,2,0.313,4.508,c1ncc2[nH]c3c(c2n1)-c1cc(c2[nH]ncc2c1)-c1cc2ccc(cc2s1)CCCC3,14,True,False,True,
CAND_4b27962dcb,v5_5_pocket_guided,JAK2_d0c920f8f8,NCC1COCNCc2ccc3sc(cc3c2)-c2cc(cc3cn[nH]c23)-c2cn1c1cnc(N)nc21,BDHGCPSGEJHQTJ-UHFFFAOYSA-N,True,True,True,496.6,4.0156,132.69,4,8,1,0.2702,4.589,c1ncc2c(n1)c1cn2CCOCNCc2ccc3sc(cc3c2)-c2cc-1cc1cn[nH]c21,17,True,False,True,
CAND_17a29591e5,v5_5_pocket_guided,JAK2_d0c920f8f8,NCC1COCNCCc2ccc3sc(cc3c2)-c2cc(cc3cn[nH]c23)-c2cn1c1cnc(N)nc21,DZFCWGYOMDWIMY-UHFFFAOYSA-N,True,True,True,510.627,4.0581,132.69,4,8,1,0.2622,4.667,c1ncc2c(n1)c1cn2CCOCNCCc2ccc3sc(cc3c2)-c2cc-1cc1cn[nH]c21,18,True,False,True,
CAND_a189d06501,v5_5_pocket_guided,JAK2_d0c920f8f8,NCCn1c2c(c3nc(N)ncc31)-c1cc(c3[nH]ncc3c1)-c1cc3cc(ccc3s1)CCCC2,RLFYKKCWOZZXTO-UHFFFAOYSA-N,True,True,True,479.613,5.276,111.43,3,6,2,0.313,4.508,c1ncc2[nH]c3c(c2n1)-c1cc(c2[nH]ncc2c1)-c1cc2cc(ccc2s1)CCCC3,14,True,False,True,
CAND_1aead96a94,v5_5_pocket_guided,JAK2_1ba3bb3de3,CC[C@@H](NC(=O)c1c2[nH]c3ncc(nc13)-c1nn(C)c3cc(Cl)cc(c13)CCCSCCSCCC2)C(=O)N1CC(C#N)C1,MVRPZUQPCATLAL-OAQYLSRUSA-N,True,True,True,651.262,5.0006,132.59,2,8,4,0.3154,5.824,O=C(NCC(=O)N1CCC1)c1c2[nH]c3ncc(nc13)-c1n[nH]c3cccc(c13)CCCSCCSCCC2,18,True,False,True,
CAND_f79304c333,v5_5_pocket_guided,JAK2_c5435d61dd,NC(=O)CN1CCC(c2ccc(Nc3nc4c5ccc(n5n3)-c3cnc(cn3)CSCSC4)cc2)CC1,XPPMMXZCSFQQMW-UHFFFAOYSA-N,True,True,True,532.699,4.0321,114.33,2,9,5,0.3931,5.04,c1cc(C2CCNCC2)ccc1Nc1nc2c3ccc(n3n1)-c1cnc(cn1)CSCSC2,13,True,False,True,
CAND_a1a412f421,v5_5_pocket_guided,JAK2_c5435d61dd,NC(=O)CN1CCC(c2ccc(Nc3nc4c5ccc(n5n3)-c3cnc(cn3)CCCSCCSCC4)cc2)CC1,NASOOFOCLRAJQG-UHFFFAOYSA-N,True,True,True,588.807,4.5497,114.33,2,9,5,0.3466,5.352,c1cc(C2CCNCC2)ccc1Nc1nc2c3ccc(n3n1)-c1cnc(cn1)CCCSCCSCC2,17,True,False,True,
CAND_ad3632a446,v5_5_pocket_guided,JAK2_c5435d61dd,NC(=O)CN1CCC(c2ccc(Nc3nc4c5ccc(n5n3)-c3cnc(cn3)CCSCSC4)cc2)CC1,KBFNWSQFJCMZDA-UHFFFAOYSA-N,True,True,True,546.726,4.0746,114.33,2,9,5,0.3822,5.118,c1cc(C2CCNCC2)ccc1Nc1nc2c3ccc(n3n1)-c1cnc(cn1)CCSCSC2,14,True,False,True,
CAND_41ebb3eac6,v5_5_pocket_guided,JAK2_c5435d61dd,NC(=O)CN1CCC(c2ccc(Nc3ncc4c5cc(n4n3)-c3cnc(cn3)CCSCSC5)cc2)CC1,XRXPGJGEDLAXBD-UHFFFAOYSA-N,True,True,True,546.726,4.0746,114.33,2,9,5,0.3822,5.118,c1cc(C2CCNCC2)ccc1Nc1ncc2c3cc(n2n1)-c1cnc(cn1)CCSCSC3,13,True,False,True,
CAND_f5d65cfc38,v5_5_pocket_guided,JAK2_c5435d61dd,NC(=O)CN1CCC(c2ccc(Nc3ncc4c5cc(n4n3)-c3cnc(cn3)CCCSCCSCC5)cc2)CC1,RPRXVZUAAMTDGX-UHFFFAOYSA-N,True,True,True,588.807,4.5497,114.33,2,9,5,0.3466,5.352,c1cc(C2CCNCC2)ccc1Nc1ncc2c3cc(n2n1)-c1cnc(cn1)CCCSCCSCC3,16,True,False,True,
CAND_4a99f159a8,v5_5_pocket_guided,JAK2_c5435d61dd,NC(=O)CN1CCC2c3ccc(cc3)Nc3nc(c4ccc(-c5cnccn5)n4n3)CNCOCC2C1,GAQSEHIHXPVZOE-UHFFFAOYSA-N,True,True,True,499.579,1.898,135.59,3,9,3,0.3861,5.106,c1cnc(-c2ccc3c4nc(nn23)Nc2ccc(cc2)C2CCNCC2COCNC4)cn1,15,True,False,True,
CAND_06a9217308,v5_5_pocket_guided,JAK2_c5435d61dd,NC(=O)CN1CCC2c3ccc(cc3)Nc3nc(c4ccc(-c5cnccn5)n4n3)COCSCC2C1,RQPSZZOLTOZYMU-UHFFFAOYSA-N,True,True,True,516.631,3.0416,123.56,2,9,3,0.4228,5.201,c1cnc(-c2ccc3c4nc(nn23)Nc2ccc(cc2)C2CCNCC2CSCOC4)cn1,15,True,False,True,
CAND_70b0ab2b05,v5_5_pocket_guided,JAK2_c5435d61dd,NC(=O)CN1CCC(c2ccc(Nc3nc4c5ccc(n5n3)-c3cncc(n3)CSCSCC4)cc2)CC1,SDDJRJWKDVIBSO-UHFFFAOYSA-N,True,True,True,546.726,4.0746,114.33,2,9,5,0.3822,5.118,c1cc(C2CCNCC2)ccc1Nc1nc2c3ccc(n3n1)-c1cncc(n1)CSCSCC2,13,True,False,True,
CAND_4869d7bacd,v5_5_pocket_guided,JAK2_c5435d61dd,NC(=O)CN1CCC2c3ccc(cc3)Nc3ncc4c(cc(-c5cnccn5)n4n3)COCNCC2C1,HDYKTIISWYCBEZ-UHFFFAOYSA-N,True,True,True,499.579,1.898,135.59,3,9,3,0.3861,5.106,c1cnc(-c2cc3c4cnc(nn24)Nc2ccc(cc2)C2CCNCC2CNCOC3)cn1,17,True,False,True,
CAND_ce94b0c29e,v5_5_pocket_guided,JAK2_c5435d61dd,NC(=O)CN1CCC2c3ccc(cc3)Nc3ncc4c(cc(-c5cnccn5)n4n3)COCNCCC2C1,JPHFINRRGPPGSJ-UHFFFAOYSA-N,True,True,True,513.606,2.2881,135.59,3,9,3,0.3769,5.184,c1cnc(-c2cc3c4cnc(nn24)Nc2ccc(cc2)C2CCNCC2CCNCOC3)cn1,18,True,False,True,
CAND_3387c6b9e9,v5_5_pocket_guided,JAK2_68a5f26e29,CC(C)(C)OC(=O)N[C@@H]1c2nnc(o2)S(=O)(=O)Cc2cc(F)cc(c2)CNCOCC1c1ccccc1,LPLXAGBJJMGRGP-LBAQZLPGSA-N,True,True,True,532.594,3.6095,132.65,2,9,2,0.5078,4.964,O=S1(=O)Cc2cccc(c2)CNCOCC(c2ccccc2)Cc2nnc1o2,15,True,False,True,
CAND_bf7d13d93c,v5_5_pocket_guided,JAK2_b64ffa805a,Cn1nc(-c2cccc(Cl)c2)c2c1CCSCSCCc1ccn3ncc(c3n1)C(=O)N2,YJLGOGQLANNZRA-UHFFFAOYSA-N,True,True,True,485.038,4.558,77.11,1,6,1,0.4266,4.275,O=C1Nc2c(-c3ccccc3)n[nH]c2CCSCSCCc2ccn3ncc1c3n2,15,True,False,True,
CAND_677ee4400c,v5_5_pocket_guided,JAK2_b64ffa805a,Cn1cc2c(n1)-c1ccc(c(Cl)c1)COCNCc1ccn3ncc(c3n1)C(=O)N2,BOCDWFSOOQHYDK-UHFFFAOYSA-N,True,True,True,423.864,2.6128,98.37,2,6,0,0.4509,3.81,O=C1Nc2c[nH]nc2-c2ccc(cc2)COCNCc2ccn3ncc1c3n2,17,True,False,True,
CAND_fcb1a6e5cd,v5_5_pocket_guided,JAK2_b64ffa805a,Cn1cc2c(n1)-c1ccc(c(Cl)c1)COCNCCc1ccn3ncc(c3n1)C(=O)N2,RCHQYLGYNQLBPT-UHFFFAOYSA-N,True,True,True,437.891,2.6553,98.37,2,6,0,0.4386,3.888,O=C1Nc2c[nH]nc2-c2ccc(cc2)COCNCCc2ccn3ncc1c3n2,18,True,False,True,
CAND_0f275d7a86,v5_5_pocket_guided,JAK2_b64ffa805a,Cn1nc(-c2cccc(Cl)c2)c2c1CSCSCCc1ccnc3c(cnn13)C(=O)N2,RLXIYKLXBGYRKR-UHFFFAOYSA-N,True,True,True,471.011,4.5155,77.11,1,6,1,0.4406,4.197,O=C1Nc2c(-c3ccccc3)n[nH]c2CSCSCCc2ccnc3c1cnn23,14,True,False,True,
CAND_d1a741f083,v5_5_pocket_guided,JAK2_b64ffa805a,Cn1cc2c(n1)-c1ccc(c(Cl)c1)COCNCc1ccnc3c(cnn13)C(=O)N2,AQBFZVYYIPRWCJ-UHFFFAOYSA-N,True,True,True,423.864,2.6128,98.37,2,6,0,0.4509,3.81,O=C1Nc2c[nH]nc2-c2ccc(cc2)COCNCc2ccnc3c1cnn23,17,True,False,True,
CAND_ad52fa42f5,v5_5_pocket_guided,JAK2_b64ffa805a,Cn1cc2c(n1)-c1ccc(c(Cl)c1)COCNCCc1ccnc3c(cnn13)C(=O)N2,GSVNSNGGLXLSGG-UHFFFAOYSA-N,True,True,True,437.891,2.6553,98.37,2,6,0,0.4386,3.888,O=C1Nc2c[nH]nc2-c2ccc(cc2)COCNCCc2ccnc3c1cnn23,18,True,False,True,
CAND_36034b6100,v5_5_pocket_guided,JAK2_b64ffa805a,O=C(Nc1cn2nc1-c1cc(Cl)cc(c1)CCSCSCC2)c1cnn2cccnc12,HYVKBWOYICBDDL-UHFFFAOYSA-N,True,True,True,471.011,4.4785,77.11,1,6,2,0.4652,4.322,O=C(Nc1cn2nc1-c1cccc(c1)CCSCSCC2)c1cnn2cccnc12,13,True,False,True,
CAND_75f1485cb9,v5_5_pocket_guided,JAK2_b64ffa805a,O=C(Nc1cn2nc1-c1ccc(c(Cl)c1)CSCSCCC2)c1cnn2cccnc12,CUJBRFIBNGNSNU-UHFFFAOYSA-N,True,True,True,471.011,4.8261,77.11,1,6,2,0.452,4.322,O=C(Nc1cn2nc1-c1ccc(cc1)CSCSCCC2)c1cnn2cccnc12,14,True,False,True,
CAND_327aeadc56,v5_5_pocket_guided,JAK2_b64ffa805a,O=C(Nc1cn2nc1-c1ccc(c(Cl)c1)CSCSCC2)c1cnn2cccnc12,FBECCDXWNAFKAJ-UHFFFAOYSA-N,True,True,True,456.984,4.436,77.11,1,6,2,0.4803,4.244,O=C(Nc1cn2nc1-c1ccc(cc1)CSCSCC2)c1cnn2cccnc12,13,True,False,True,
CAND_6a98ce34b7,v5_5_pocket_guided,JAK2_b64ffa805a,Cn1nc(-c2cccc(Cl)c2)c2c1CCSCSCCc1cnc3c(cnn3c1)C(=O)N2,RRIZTDDOHZSZIK-UHFFFAOYSA-N,True,True,True,485.038,4.558,77.11,1,6,1,0.4266,4.275,O=C1Nc2c(-c3ccccc3)n[nH]c2CCSCSCCc2cnc3c1cnn3c2,16,True,False,True,
CAND_314cdd1184,v5_5_pocket_guided,JAK2_0a1f55b83a,c1cc2cc(c1)-c1ccnc(n1)Nc1ccc(cc1)N1CCOCC1CNCOC2,IUXFGUHJXWCFHH-UHFFFAOYSA-N,True,True,True,403.486,3.1697,71.54,2,7,0,0.5974,3.947,c1cc2cc(c1)-c1ccnc(n1)Nc1ccc(cc1)N1CCOCC1CNCOC2,18,True,False,True,
CAND_0a0e2b2dea,v5_5_pocket_guided,JAK2_0a1f55b83a,c1cc2cc(c1)-c1ccnc(n1)Nc1ccc(N3CCOCC3)c(c1)CCOCCOCC2,KJUXJWQKYANCQY-UHFFFAOYSA-N,True,True,True,446.551,3.8556,68.74,1,7,1,0.6088,4.061,c1cc2cc(c1)-c1ccnc(n1)Nc1ccc(N3CCOCC3)c(c1)CCOCCOCC2,18,True,False,True,
CAND_2b7a639e67,v5_5_pocket_guided,JAK2_0a1f55b83a,c1cc2cc(c1)-c1ccnc(n1)Nc1ccc(N3CCOCC3)c(c1)CCOCOCC2,RGTOURRUVVTPJL-UHFFFAOYSA-N,True,True,True,432.524,3.8131,68.74,1,7,1,0.627,3.983,c1cc2cc(c1)-c1ccnc(n1)Nc1ccc(N3CCOCC3)c(c1)CCOCOCC2,17,True,False,True,
CAND_1bee5c40bc,v5_5_pocket_guided,JAK2_208a9ca923,Cc1oc2c(O)c(O)cc3c2c(=O)c1-c1cnn(c1)-c1ccc(cc1)CCNCCOCC3,IGWYSNRNCYJZFL-UHFFFAOYSA-N,True,True,True,447.491,3.0701,109.75,3,7,0,0.3555,3.942,O=c1c2coc3cccc(c13)CCOCCNCCc1ccc(cc1)-n1cc-2cn1,19,True,False,True,
CAND_7103ba42eb,v5_5_pocket_guided,JAK2_208a9ca923,Cc1oc2c(O)c(O)cc3c2c(=O)c1-c1cnn(c1)-c1ccc(cc1)CCNCOC3,UEURZFGGXWRXTN-UHFFFAOYSA-N,True,True,True,419.437,2.9851,109.75,3,7,0,0.376,3.786,O=c1c2coc3cccc(c13)COCNCCc1ccc(cc1)-n1cc-2cn1,17,True,False,True,
CAND_433b7244a1,v5_5_pocket_guided,JAK2_208a9ca923,Cc1oc2c(O)c(O)cc3c2c(=O)c1-c1cnn(c1)-c1ccc(cc1)CCNCOCC3,BKFMSMJFKISZBR-UHFFFAOYSA-N,True,True,True,433.464,3.0276,109.75,3,7,0,0.3658,3.864,O=c1c2coc3cccc(c13)CCOCNCCc1ccc(cc1)-n1cc-2cn1,18,True,False,True,
CAND_59c01524de,v5_5_pocket_guided,JAK2_208a9ca923,Cc1oc2c(O)c(O)c3cc2c(=O)c1-c1cnn(c1)-c1ccc(cc1)CCNCCOCC3,RGRMXMZNDHBMDG-UHFFFAOYSA-N,True,True,True,447.491,3.0701,109.75,3,7,0,0.3555,3.942,O=c1c2coc3ccc(cc13)CCOCCNCCc1ccc(cc1)-n1cc-2cn1,20,True,False,True,
CAND_6ea2fc16a8,v5_5_pocket_guided,JAK2_208a9ca923,Cc1oc2c(O)c(O)c3cc2c(=O)c1-c1cnn(c1)-c1ccc(cc1)CCOCCOCC3,JPSOUSIVXWSCQM-UHFFFAOYSA-N,True,True,True,448.475,3.4971,106.95,2,7,0,0.3966,3.947,O=c1c2coc3ccc(cc13)CCOCCOCCc1ccc(cc1)-n1cc-2cn1,20,True,False,True,
CAND_c039c3d1e6,v5_5_pocket_guided,JAK2_208a9ca923,Cc1oc2c(O)c(O)c3cc2c(=O)c1-c1cnn(c1)-c1ccc(cc1)CCNCOCC3,SINYPWGRQLFFSZ-UHFFFAOYSA-N,True,True,True,433.464,3.0276,109.75,3,7,0,0.3658,3.864,O=c1c2coc3ccc(cc13)CCOCNCCc1ccc(cc1)-n1cc-2cn1,19,True,False,True,
CAND_89d433f85a,v5_5_pocket_guided,JAK2_208a9ca923,Cc1oc2c(O)c(O)c3cc2c(=O)c1-c1cnn(c1)-c1ccc(cc1)CCOCOCC3,QSQBFHLSFQGOBF-UHFFFAOYSA-N,True,True,True,434.448,3.4546,106.95,2,7,0,0.4083,3.869,O=c1c2coc3ccc(cc13)CCOCOCCc1ccc(cc1)-n1cc-2cn1,19,True,False,True,
CAND_332473e181,v5_5_pocket_guided,JAK2_208a9ca923,Cc1oc2c(O)c(O)c3cc2c(=O)c1-c1cnn(c1)-c1cccc(c1)CCNCCOCC3,KGBSEVUFQFMOQO-UHFFFAOYSA-N,True,True,True,447.491,3.0701,109.75,3,7,0,0.3555,3.942,O=c1c2coc3ccc(cc13)CCOCCNCCc1cccc(c1)-n1cc-2cn1,19,True,False,True,
CAND_995a7d9373,v5_5_pocket_guided,JAK2_208a9ca923,Cc1oc2c(O)c(O)c3cc2c(=O)c1-c1cnn(c1)-c1cccc(c1)CCNCOC3,SWJULUBSSVZXJA-UHFFFAOYSA-N,True,True,True,419.437,2.9851,109.75,3,7,0,0.376,3.786,O=c1c2coc3ccc(cc13)COCNCCc1cccc(c1)-n1cc-2cn1,17,True,False,True,
CAND_95b9b9b3bc,v5_5_pocket_guided,JAK2_208a9ca923,Cc1oc2c(O)c(O)c3cc2c(=O)c1-c1cnn(c1)-c1cccc(c1)CCNCOCC3,IEKXNRGKFNFGEE-UHFFFAOYSA-N,True,True,True,433.464,3.0276,109.75,3,7,0,0.3658,3.864,O=c1c2coc3ccc(cc13)CCOCNCCc1cccc(c1)-n1cc-2cn1,18,True,False,True,
CAND_14bff5ed78,v5_5_pocket_guided,JAK2_321a0f12a6,C[C@@H]1Nc2nc(-n3cnc4ccncc43)nc3c2cc(n3C)C(=O)N2CCOCC2CNCOCc2ccc1cc2,ZIHLJHWJCHSRFX-YMXDCFFPSA-N,True,True,True,553.627,2.7936,124.25,2,9,1,0.3225,5.156,O=C1c2cc3c(nc(-n4cnc5ccncc54)nc3[nH]2)NCc2ccc(cc2)COCNCC2COCCN12,18,True,False,True,
CAND_8f01a27ead,v5_5_pocket_guided,JAK2_321a0f12a6,C[C@@H]1Nc2nc(-n3cnc4ccncc43)nc3c2cc(n3C)C(=O)N2CCOCC2CCNCOCc2ccc1cc2,UGJJIPPUARFXPB-YDNXMHBPSA-N,True,True,True,567.654,3.1837,124.25,2,9,1,0.3143,5.234,O=C1c2cc3c(nc(-n4cnc5ccncc54)nc3[nH]2)NCc2ccc(cc2)COCNCCC2COCCN12,19,True,False,True,
CAND_7a20d1ecf6,v5_5_pocket_guided,JAK2_321a0f12a6,C[C@@H]1Nc2nc(-n3cnc4ccncc43)nc3c2cc(n3C)C(=O)N2CCOCC2CNCOCc2cccc1c2,DRAJUSCAUCQYSY-YMXDCFFPSA-N,True,True,True,553.627,2.7936,124.25,2,9,1,0.3225,5.156,O=C1c2cc3c(nc(-n4cnc5ccncc54)nc3[nH]2)NCc2cccc(c2)COCNCC2COCCN12,17,True,False,True,
CAND_0c4c571dfb,v5_5_pocket_guided,JAK2_321a0f12a6,C[C@@H]1Nc2nc(nc3c2cc(C(=O)N2CCOCC2)n3C)-n2cnc3ccnc(c32)COCNCc2ccc1cc2,MBEOQSZAZIHNAF-SFHVURJKSA-N,True,True,True,553.627,2.925,124.25,2,9,1,0.3224,4.906,O=C(c1cc2c3nc(nc2[nH]1)-n1cnc2ccnc(c21)COCNCc1ccc(cc1)CN3)N1CCOCC1,17,True,False,True,
CAND_7bb640e370,v5_5_pocket_guided,JAK2_321a0f12a6,C[C@@H]1Nc2nc(nc3c2cc(C(=O)N2CCOCC2)n3C)-n2cnc3ccnc(c32)COCNCCc2ccc1cc2,RDVYHPPVSZKHIM-IBGZPJMESA-N,True,True,True,567.654,2.9675,124.25,2,9,1,0.3146,4.984,O=C(c1cc2c3nc(nc2[nH]1)-n1cnc2ccnc(c21)COCNCCc1ccc(cc1)CN3)N1CCOCC1,18,True,False,True,
CAND_41d4e94ffe,v5_5_pocket_guided,JAK2_321a0f12a6,C[C@@H]1Nc2nc(-n3cnc4ccncc43)nc3c2cc(n3C)C(=O)N2CCOC(CNCOCc3cccc1c3)C2,MMZNDWDGSHGEIJ-YMXDCFFPSA-N,True,True,True,553.627,2.7936,124.25,2,9,1,0.3225,5.156,O=C1c2cc3c(nc(-n4cnc5ccncc54)nc3[nH]2)NCc2cccc(c2)COCNCC2CN1CCO2,18,True,False,True,
CAND_5a97f362dc,v5_5_pocket_guided,JAK2_321a0f12a6,C[C@@H]1Nc2nc(-n3cnc4ccncc43)nc3c2cc(n3C)C(=O)N2CCOC(CCNCOCc3cccc1c3)C2,SCZXPXZZJYGZEO-YDNXMHBPSA-N,True,True,True,567.654,3.1837,124.25,2,9,1,0.3143,5.234,O=C1c2cc3c(nc(-n4cnc5ccncc54)nc3[nH]2)NCc2cccc(c2)COCNCCC2CN1CCO2,19,True,False,True,
CAND_77c6dea9a3,v5_5_pocket_guided,JAK2_321a0f12a6,Cn1c(C(=O)N2CCOCC2)cc2c3nc(nc21)-n1cnc2cc(ncc21)CNCOCC[C@@H](c1ccccc1)N3,SJKGKSBOFRBVFI-QFIPXVFZSA-N,True,True,True,553.627,2.7952,124.25,2,9,2,0.3396,5.031,O=C(c1cc2c3nc(nc2[nH]1)-n1cnc2cc(ncc21)CNCOCC[C@@H](c1ccccc1)N3)N1CCOCC1,16,True,False,True,
CAND_0ff829bf6a,v5_5_pocket_guided,JAK2_321a0f12a6,C[C@@H]1Nc2nc(nc3c2cc(C(=O)N2CCOCC2)n3C)-n2cnc3ccnc(c32)CNCOCc2cccc1c2,MDCBRFVZTVVCQD-SFHVURJKSA-N,True,True,True,553.627,2.925,124.25,2,9,1,0.3224,4.906,O=C(c1cc2c3nc(nc2[nH]1)-n1cnc2ccnc(c21)CNCOCc1cccc(c1)CN3)N1CCOCC1,16,True,False,True,
CAND_0b27caaeee,v5_5_pocket_guided,JAK2_321a0f12a6,C[C@@H]1Nc2nc(-n3cnc4ccncc43)nc3c2cc(C(=O)N2CCOCC2)n3CCNCOCc2cccc1c2,QGLBZLHSBICIBG-IBGZPJMESA-N,True,True,True,553.627,2.888,124.25,2,9,2,0.3396,5.031,O=C(c1cc2c3nc(-n4cnc5ccncc54)nc2n1CCNCOCc1cccc(c1)CN3)N1CCOCC1,15,True,False,True,
CAND_3ff403a17c,v5_5_pocket_guided,JAK2_bc0710184a,CC(C)C1Nc2ncc(C(N)=O)c3[nH]c4cc(ccc4c23)-c2cnn(c2)CCOCNCC12CC2,UJTGOIVGQKKLBJ-UHFFFAOYSA-N,True,True,True,473.581,3.4725,122.88,4,6,2,0.3535,4.587,c1cc2[nH]c3cc4ccc3c2c(n1)NCC1(CC1)CNCOCCn1cc-4cn1,18,True,False,True,
CAND_7bc97f0fe0,v5_5_pocket_guided,JAK2_bc0710184a,CC(C)C1Nc2ncc(C(N)=O)c3[nH]c4cc(ccc4c23)-c2cn(C)nc2COCNCC12CC2,HKQBOFDHYTXCBO-UHFFFAOYSA-N,True,True,True,473.581,3.5095,122.88,4,6,2,0.3533,4.587,c1cc2[nH]c3cc4ccc3c2c(n1)NCC1(CC1)CNCOCc1n[nH]cc1-4,16,True,False,True,
CAND_3b3082de1a,v5_5_pocket_guided,JAK2_bc0710184a,CC(C)C1Nc2ncc(C(N)=O)c3[nH]c4cc(ccc4c23)-c2cnn(C)c2COCNCC12CC2,PBHMXUQCBVMSCE-UHFFFAOYSA-N,True,True,True,473.581,3.5095,122.88,4,6,2,0.3533,4.587,c1cc2[nH]c3cc4ccc3c2c(n1)NCC1(CC1)CNCOCc1[nH]ncc1-4,16,True,False,True,
CAND_8549297afc,v5_5_pocket_guided,JAK2_bc0710184a,CC(C)C1Nc2ncc(C(N)=O)c3[nH]c4cc(ccc4c23)-c2cn(C)nc2COCNCC2CC21,WABUDRLDLVMEDX-UHFFFAOYSA-N,True,True,True,473.581,3.3654,122.88,4,6,2,0.354,5.087,c1cc2[nH]c3cc4ccc3c2c(n1)NCC1CC1CNCOCc1n[nH]cc1-4,17,True,False,True,
CAND_08b54610ec,v5_5_pocket_guided,JAK2_bc0710184a,CC(C)C1Nc2ncc(C(N)=O)c3[nH]c4cc(ccc4c23)-c2cnn(C)c2COCNCC2CC21,KMBYSPJAUGRFEY-UHFFFAOYSA-N,True,True,True,473.581,3.3654,122.88,4,6,2,0.354,5.087,c1cc2[nH]c3cc4ccc3c2c(n1)NCC1CC1CNCOCc1[nH]ncc1-4,17,True,False,True,
CAND_357e45b771,v5_5_pocket_guided,JAK2_bc0710184a,CC(C)C1(C2CC2)CNCOCc2nn(C)cc2-c2ccc3c(c2)[nH]c2c(C(N)=O)cnc(c23)N1,CIYPFQPDUULDDD-UHFFFAOYSA-N,True,True,True,473.581,3.5095,122.88,4,6,3,0.3611,4.712,c1cc2[nH]c3cc4ccc3c2c(n1)NC(C1CC1)CNCOCc1n[nH]cc1-4,15,True,False,True,
CAND_5b23445a2b,v5_5_pocket_guided,JAK2_bc0710184a,CC(C)C1(C2CC2)COCOCc2nn(C)cc2-c2ccc3c(c2)[nH]c2c(C(N)=O)cnc(c23)N1,XLMSGASRXKANPW-UHFFFAOYSA-N,True,True,True,474.565,3.9365,120.08,3,6,3,0.4137,4.717,c1cc2[nH]c3cc4ccc3c2c(n1)NC(C1CC1)COCOCc1n[nH]cc1-4,15,True,False,True,
CAND_d67a9ef0b7,v5_5_pocket_guided,JAK2_bc0710184a,CC(C)C1(C2CC2)CNCOCc2c(cnn2C)-c2ccc3c(c2)[nH]c2c(C(N)=O)cnc(c23)N1,ZOWSWCIRLURYHE-UHFFFAOYSA-N,True,True,True,473.581,3.5095,122.88,4,6,3,0.3611,4.712,c1cc2[nH]c3cc4ccc3c2c(n1)NC(C1CC1)CNCOCc1[nH]ncc1-4,15,True,False,True,
CAND_fb356d436b,v5_5_pocket_guided,JAK2_bc0710184a,CC(C)C1(C2CC2)COCOCc2c(cnn2C)-c2ccc3c(c2)[nH]c2c(C(N)=O)cnc(c23)N1,MSBANBSRBWAMEE-UHFFFAOYSA-N,True,True,True,474.565,3.9365,120.08,3,6,3,0.4137,4.717,c1cc2[nH]c3cc4ccc3c2c(n1)NC(C1CC1)COCOCc1[nH]ncc1-4,15,True,False,True,
CAND_f052a4028a,v5_5_pocket_guided,JAK2_e2afa78ffd,C[C@@H](NC(=O)c1c2[nH]c3ncc(nc13)-c1nn(C)c3cc(C#N)cc(c13)CCCSCCSCCC2)C(=O)N1CC(C#N)C1,RJQOVQBECGYRST-GOSISDBHSA-N,True,True,True,627.8,3.8288,156.38,2,9,3,0.3446,5.568,O=C(NCC(=O)N1CCC1)c1c2[nH]c3ncc(nc13)-c1n[nH]c3cccc(c13)CCCSCCSCCC2,18,True,False,True,
CAND_83acde3226,v5_5_pocket_guided,JAK2_52e2aaf803,Nc1nn2ccc3nc2c1-c1cc(ncn1)N[C@@H]1CC(CNCOC3)c2ccccc21,JZYLPBFXJCAMKU-LRHAYUFXSA-N,True,True,True,414.473,2.4863,115.28,3,8,0,0.402,4.258,c1ccc2c(c1)C1CNCOCc3ccn4ncc(c4n3)-c3cc(ncn3)N[C@@H]2C1,16,True,False,True,
CAND_f7d1a45571,v5_5_pocket_guided,JAK2_52e2aaf803,Nc1nn2c3ccnc2c1-c1cc(ncn1)N[C@@H]1CC(CNCOC3)c2ccccc21,OBMCVIBBTRPXNQ-LRHAYUFXSA-N,True,True,True,414.473,2.4863,115.28,3,8,0,0.402,4.258,c1ccc2c(c1)C1CNCOCc3ccnc4c(cnn34)-c3cc(ncn3)N[C@@H]2C1,16,True,False,True,
CAND_d766cd7f09,v5_5_pocket_guided,JAK2_52e2aaf803,Nc1nn2cc3cnc2c1-c1cc(ncn1)N[C@@H]1CC(CNCOC3)c2ccccc21,HRNMLANOWJCZOM-FBMWCMRBSA-N,True,True,True,414.473,2.4863,115.28,3,8,0,0.402,4.258,c1ccc2c(c1)C1CNCOCc3cnc4c(cnn4c3)-c3cc(ncn3)N[C@@H]2C1,17,True,False,True,
CAND_8be2ff7562,v5_5_pocket_guided,JAK2_52e2aaf803,Nc1nn2cc3cnc2c1-c1cc(ncn1)N[C@@H]1CC(CCNCOC3)c2ccccc21,HASDDHGRIMRSFX-KPMSDPLLSA-N,True,True,True,428.5,2.8764,115.28,3,8,0,0.3916,4.336,c1ccc2c(c1)C1CCNCOCc3cnc4c(cnn4c3)-c3cc(ncn3)N[C@@H]2C1,18,True,False,True,
CAND_54dc84ab36,v5_5_pocket_guided,JAK2_52e2aaf803,Nc1nn2ccc3nc2c1-c1cc(ncn1)N[C@@H]1CCc2ccc(cc21)CCCC3,RYZWYGOHMDOYGS-GOSISDBHSA-N,True,True,True,397.486,3.7467,94.02,2,6,0,0.4693,3.914,c1nc2cc(n1)-c1cnn3ccc(nc13)CCCCc1ccc3c(c1)[C@@H](CC3)N2,16,True,False,True,
CAND_5eea81b5b7,v5_5_pocket_guided,JAK2_52e2aaf803,Nc1nn2ccc3nc2c1-c1cc(ncn1)N[C@@H]1CCc2ccc(cc21)COCNC3,XEYNPQMIHBVDHK-QGZVFWFLSA-N,True,True,True,414.473,2.4452,115.28,3,8,0,0.4019,4.008,c1nc2cc(n1)-c1cnn3ccc(nc13)CNCOCc1ccc3c(c1)[C@@H](CC3)N2,17,True,False,True,
CAND_37578faec4,v5_5_pocket_guided,JAK2_52e2aaf803,Nc1nn2ccc3nc2c1-c1cc(ncn1)N[C@@H]1CCc2ccc(cc21)COCNCC3,GAYJJCWUHJQURY-GOSISDBHSA-N,True,True,True,428.5,2.4877,115.28,3,8,0,0.3913,4.086,c1nc2cc(n1)-c1cnn3ccc(nc13)CCNCOCc1ccc3c(c1)[C@@H](CC3)N2,18,True,False,True,
CAND_fdbb3ef588,v5_5_pocket_guided,JAK2_52e2aaf803,Nc1nn2ccc3nc2c1-c1cc(ncn1)N[C@H]1c2ccccc2CC1COCNC3,YXKWAHDQSSMALH-YBMSBYLISA-N,True,True,True,414.473,2.1713,115.28,3,8,0,0.401,4.258,c1ccc2c(c1)CC1COCNCc3ccn4ncc(c4n3)-c3cc(ncn3)N[C@@H]21,15,True,False,True,
CAND_3cdfb620ec,v5_5_pocket_guided,JAK2_52e2aaf803,Nc1nn2ccc3nc2c1-c1cc(ncn1)N[C@H]1c2ccccc2CC1CSCOC3,QSYVIFUWFPBLDU-YBMSBYLISA-N,True,True,True,431.525,3.3149,103.25,2,8,0,0.4371,4.353,c1ccc2c(c1)CC1CSCOCc3ccn4ncc(c4n3)-c3cc(ncn3)N[C@@H]21,15,True,False,True,
CAND_7e977bd2d9,v5_5_pocket_guided,JAK2_52e2aaf803,Nc1nn2ccc3nc2c1-c1cc(N[C@@H]2CCc4ccccc42)nc(n1)CSCSCC3,XGWIBDMWWGKKBB-QGZVFWFLSA-N,True,True,True,461.62,4.3479,94.02,2,8,2,0.4551,4.52,c1ccc2c(c1)CC[C@H]2Nc1cc2nc(n1)CSCSCCc1ccn3ncc-2c3n1,13,True,False,True,
CAND_ef71159702,v5_5_pocket_guided,JAK2_52e2aaf803,Nc1nn2ccc3nc2c1-c1cc(ncn1)N[C@@H]1CCc2cc(ccc21)CCCC3,FLZQKPBRDXGTNB-GOSISDBHSA-N,True,True,True,397.486,3.7467,94.02,2,6,0,0.4693,3.914,c1nc2cc(n1)-c1cnn3ccc(nc13)CCCCc1ccc3c(c1)CC[C@H]3N2,17,True,False,True,
CAND_220efee5d2,v5_5_pocket_guided,JAK2_52e2aaf803,Nc1nn2ccc3nc2c1-c1cc(ncn1)N[C@@H]1CCc2cc(ccc21)COCNC3,PQEAMHSEOVVAQM-QGZVFWFLSA-N,True,True,True,414.473,2.4452,115.28,3,8,0,0.4019,4.008,c1nc2cc(n1)-c1cnn3ccc(nc13)CNCOCc1ccc3c(c1)CC[C@H]3N2,18,True,False,True,
CAND_3dd20a9d3d,v5_5_pocket_guided,JAK2_52e2aaf803,Nc1nn2ccc3nc2c1-c1cc(ncn1)N[C@@H]1CCc2cc(ccc21)COCNCC3,OCVDDJHLCPUEIJ-GOSISDBHSA-N,True,True,True,428.5,2.4877,115.28,3,8,0,0.3913,4.086,c1nc2cc(n1)-c1cnn3ccc(nc13)CCNCOCc1ccc3c(c1)CC[C@H]3N2,19,True,False,True,
CAND_85557e1e55,v5_5_pocket_guided,JAK2_52e2aaf803,Nc1nn2ccc3nc2c1-c1cc(ncn1)N[C@@H]1CCc2c(cccc21)CCCC3,QKNFTKXMSITPRC-GOSISDBHSA-N,True,True,True,397.486,3.7467,94.02,2,6,0,0.4693,3.914,c1cc2c3c(c1)[C@@H](CC3)Nc1cc(ncn1)-c1cnn3ccc(nc13)CCCC2,16,True,False,True,
CAND_7a4b585420,v5_5_pocket_guided,JAK2_52e2aaf803,Nc1nn2ccc3nc2c1-c1cc(ncn1)N[C@@H]1CCc2c(cccc21)COCNC3,CYYDUXHXNQRAAM-QGZVFWFLSA-N,True,True,True,414.473,2.4452,115.28,3,8,0,0.4019,4.008,c1cc2c3c(c1)[C@@H](CC3)Nc1cc(ncn1)-c1cnn3ccc(nc13)CNCOC2,17,True,False,True,
CAND_8f136f2ddc,v5_5_pocket_guided,JAK2_52e2aaf803,Nc1nn2ccc3nc2c1-c1cc(ncn1)N[C@@H]1CCc2c(cccc21)COCNCC3,ATPPOOVRHDDGGU-GOSISDBHSA-N,True,True,True,428.5,2.4877,115.28,3,8,0,0.3913,4.086,c1cc2c3c(c1)[C@@H](CC3)Nc1cc(ncn1)-c1cnn3ccc(nc13)CCNCOC2,18,True,False,True,
CAND_beee1ab454,v5_5_pocket_guided,JAK2_52e2aaf803,Nc1nn2ccc3nc2c1-c1ncnc(N[C@@H]2CCc4ccccc42)c1CCSCSCC3,QBJMHWDGMIOXDX-LJQANCHMSA-N,True,True,True,475.647,4.3904,94.02,2,8,2,0.4409,4.598,c1ccc2c(c1)CC[C@H]2Nc1ncnc2c1CCSCSCCc1ccn3ncc-2c3n1,13,True,False,True,
CAND_f0ba60f802,v5_5_pocket_guided,JAK2_52e2aaf803,Nc1nn2ccc3nc2c1-c1cc(ncn1)N[C@@H]1CCc2cccc(c21)CCCC3,SFUHGHPPFQWSGA-QGZVFWFLSA-N,True,True,True,397.486,3.7467,94.02,2,6,0,0.4693,3.914,c1cc2c3c(c1)CC[C@H]3Nc1cc(ncn1)-c1cnn3ccc(nc13)CCCC2,15,True,False,True,
CAND_6a1a769c80,v5_5_pocket_guided,JAK2_52e2aaf803,Nc1nn2ccc3nc2c1-c1cc(ncn1)N[C@@H]1CCc2cccc(c21)COCNC3,NUWSAFNFZTWKEP-MRXNPFEDSA-N,True,True,True,414.473,2.4452,115.28,3,8,0,0.4019,4.008,c1cc2c3c(c1)COCNCc1ccn4ncc(c4n1)-c1cc(ncn1)N[C@@H]3CC2,16,True,False,True,
CAND_3198f64aca,v5_5_pocket_guided,JAK2_52e2aaf803,Nc1nn2c3ccnc2c1-c1cc(ncn1)N[C@@H]1CCc2ccc(cc21)CCCC3,ACEXWFKYJJAXGD-GOSISDBHSA-N,True,True,True,397.486,3.7467,94.02,2,6,0,0.4693,3.914,c1nc2cc(n1)-c1cnn3c(ccnc13)CCCCc1ccc3c(c1)[C@@H](CC3)N2,16,True,False,True,
CAND_cdaa041666,v5_5_pocket_guided,JAK2_2d99fb5dc8,COc1c2nc(nc1-c1ccc(C(=O)NCC#N)cc1)Nc1ccc(cc1)N1CCOC(CSCSC2)C1,RRUFQRAQAGHUPE-UHFFFAOYSA-N,True,True,True,548.694,4.2919,112.4,2,10,4,0.458,5.254,c1ccc(-c2cc3nc(n2)Nc2ccc(cc2)N2CCOC(CSCSC3)C2)cc1,16,True,False,True,
CAND_762c696b6a,v5_5_pocket_guided,JAK2_2d99fb5dc8,COc1c2nc(nc1-c1ccc(C(=O)NCC#N)cc1)Nc1ccc(cc1)N1CCOC(CCSCSC2)C1,CVIRRTWIDZBPDT-UHFFFAOYSA-N,True,True,True,562.721,4.682,112.4,2,10,4,0.4347,5.332,c1ccc(-c2cc3nc(n2)Nc2ccc(cc2)N2CCOC(CCSCSC3)C2)cc1,17,True,False,True,
CAND_fa5360470f,v5_5_pocket_guided,JAK2_2d99fb5dc8,COc1c2nc(nc1-c1ccc(C(=O)NCC#N)cc1)Nc1ccc(cc1)N1CCOCC1CCSCCSCC2,JJXLOGFNQMDOSA-UHFFFAOYSA-N,True,True,True,590.775,4.767,112.4,2,10,4,0.4124,5.488,c1ccc(-c2cc3nc(n2)Nc2ccc(cc2)N2CCOCC2CCSCCSCC3)cc1,18,True,False,True,
CAND_983b987e74,v5_5_pocket_guided,JAK2_2d99fb5dc8,COc1c2nc(nc1-c1ccc(C(=O)NCC#N)cc1)Nc1ccc(cc1)N1CCOCC1CCSCSC2,DDFMXJVJKLGCQH-UHFFFAOYSA-N,True,True,True,562.721,4.682,112.4,2,10,4,0.4347,5.332,c1ccc(-c2cc3nc(n2)Nc2ccc(cc2)N2CCOCC2CCSCSC3)cc1,16,True,False,True,
CAND_ea2f170ec0,v5_5_pocket_guided,JAK2_2d99fb5dc8,COc1c2nc(nc1-c1ccc(C(=O)NCC#N)cc1)Nc1ccc(cc1)N1CCOCC1CCNCOC2,NAUBCENSKZRACO-UHFFFAOYSA-N,True,True,True,529.601,2.8218,133.66,3,10,4,0.4333,5.148,c1ccc(-c2cc3nc(n2)Nc2ccc(cc2)N2CCOCC2CCNCOC3)cc1,16,True,False,True,
CAND_0cd234477b,v5_5_pocket_guided,JAK2_2d99fb5dc8,COc1c2nc(Nc3ccc(N4CCOCC4)cc3)nc1-c1ccc(cc1)C(=O)NC(C#N)CCSCCSCC2,LATGRKFWLALNRT-UHFFFAOYSA-N,True,True,True,590.775,4.767,112.4,2,10,4,0.4408,5.488,O=C1NCCCSCCSCCc2cc(nc(Nc3ccc(N4CCOCC4)cc3)n2)-c2ccc1cc2,18,True,False,True,
CAND_62aafc3906,v5_5_pocket_guided,JAK2_2d99fb5dc8,COc1cnc2nc1-c1ccc(C(=O)NCC#N)cc1CCSCCSCCc1cc(ccc1N1CCOCC1)N2,HHUVSLLWFHLNKT-UHFFFAOYSA-N,True,True,True,590.775,4.5508,112.4,2,10,4,0.4198,5.238,c1ccc2c(c1)CCSCCSCCc1cc(ccc1N1CCOCC1)Nc1nccc-2n1,17,True,False,True,
CAND_7c9873f395,v5_5_pocket_guided,JAK2_2d99fb5dc8,COc1cnc2nc1-c1ccc(C(=O)NCC#N)cc1CCSCCSCCc1cc(N3CCOCC3)ccc1N2,QCYVUKMVGTUKAB-UHFFFAOYSA-N,True,True,True,590.775,4.5508,112.4,2,10,4,0.4198,5.238,c1ccc2c(c1)CCSCCSCCc1cc(N3CCOCC3)ccc1Nc1nccc-2n1,16,True,False,True,
CAND_338ba40b96,v5_5_pocket_guided,JAK2_e8465d9792,O=c1[nH]c2cc3c(Nc4c(Cl)cncc4Cl)nc4cc(ncc4c13)CCSCSC2,DQBGGQYBJLMPMQ-UHFFFAOYSA-N,True,True,True,476.414,5.3967,83.56,2,7,2,0.3752,4.551,O=c1[nH]c2cc3c(Nc4ccncc4)nc4cc(ncc4c13)CCSCSC2,14,True,False,True,
CAND_f9b10424da,v5_5_pocket_guided,JAK2_e8465d9792,O=c1[nH]c2cc3c(Nc4c(Cl)cncc4Cl)nc4cc(ncc4c13)CCSCSCC2,BNHILGBPXODCIC-UHFFFAOYSA-N,True,True,True,490.441,5.4392,83.56,2,7,2,0.3623,4.65,O=c1[nH]c2cc3c(Nc4ccncc4)nc4cc(ncc4c13)CCSCSCC2,15,True,False,True,
CAND_6d8c4e0670,v5_5_pocket_guided,JAK2_e8465d9792,O=c1[nH]cc2c3c(Nc4c(Cl)cncc4Cl)nc4cc(ncc4c13)CCSCSC2,VCFXEFHZSCGTCQ-UHFFFAOYSA-N,True,True,True,476.414,5.3967,83.56,2,7,2,0.3752,4.551,O=c1[nH]cc2c3c(Nc4ccncc4)nc4cc(ncc4c13)CCSCSC2,13,True,False,True,
CAND_c6b87a5459,v5_5_pocket_guided,JAK2_e8465d9792,O=c1[nH]cc2c3c(Nc4c(Cl)cncc4Cl)nc4cc(ncc4c13)CCSCSCC2,KEGCIMDREIMKLI-UHFFFAOYSA-N,True,True,True,490.441,5.4392,83.56,2,7,2,0.3623,4.65,O=c1[nH]cc2c3c(Nc4ccncc4)nc4cc(ncc4c13)CCSCSCC2,14,True,False,True,
CAND_096c917f29,v5_5_pocket_guided,JAK2_e8465d9792,O=c1[nH]ccc2c3nc4cc(ncc4c12)CCSCSCc1ncc(Cl)c(c1Cl)N3,UUDCIVGRPVGPHJ-UHFFFAOYSA-N,True,True,True,476.414,5.3967,83.56,2,7,0,0.3291,4.301,O=c1[nH]ccc2c3nc4cc(ncc4c12)CCSCSCc1cc(ccn1)N3,15,True,False,True,
CAND_5b1f05f680,v5_5_pocket_guided,JAK2_e8465d9792,O=c1[nH]c2cc3c(Nc4c(Cl)cncc4Cl)nc4ccnc(c4c13)CCSCSCC2,MNFZXIJZJCYEON-UHFFFAOYSA-N,True,True,True,490.441,5.4392,83.56,2,7,2,0.3623,4.65,O=c1[nH]c2cc3c(Nc4ccncc4)nc4ccnc(c4c13)CCSCSCC2,13,True,False,True,
CAND_f6c25bac8b,v5_5_pocket_guided,JAK2_e8465d9792,O=c1[nH]ccc2c3nc4ccnc(c4c12)CCSCSCc1ncc(Cl)c(c1Cl)N3,MEBRBKPSNVAJHW-UHFFFAOYSA-N,True,True,True,476.414,5.3967,83.56,2,7,0,0.3291,4.301,O=c1[nH]ccc2c3nc4ccnc(c4c12)CCSCSCc1cc(ccn1)N3,15,True,False,True,
CAND_957d598496,v5_5_pocket_guided,JAK2_e8465d9792,O=c1[nH]c2cc3c(Nc4c(Cl)cncc4Cl)nc4c(cncc4c13)CSCSCC2,OFWZYWUFPYBBFY-UHFFFAOYSA-N,True,True,True,476.414,5.3967,83.56,2,7,2,0.3752,4.551,O=c1[nH]c2cc3c(Nc4ccncc4)nc4c(cncc4c13)CSCSCC2,13,True,False,True,
CAND_6d572e5a90,v5_5_pocket_guided,JAK2_e8465d9792,O=c1[nH]c2cc3c(Nc4c(Cl)cncc4Cl)nc4c(cncc4c13)CCSCSCC2,LLROVTNBLNPKQK-UHFFFAOYSA-N,True,True,True,490.441,5.4392,83.56,2,7,2,0.3623,4.65,O=c1[nH]c2cc3c(Nc4ccncc4)nc4c(cncc4c13)CCSCSCC2,14,True,False,True,
CAND_54069a7fda,v5_5_pocket_guided,JAK2_e8465d9792,O=c1[nH]c2cc3c(nc4ccncc4c13)Nc1c(Cl)cnc(c1Cl)CSCSCC2,HTNXLLLJJLXSMK-UHFFFAOYSA-N,True,True,True,476.414,5.3967,83.56,2,7,0,0.3291,4.301,O=c1[nH]c2cc3c(nc4ccncc4c13)Nc1ccnc(c1)CSCSCC2,14,True,False,True,
CAND_cfa8e3a3fb,v5_5_pocket_guided,JAK2_e8465d9792,O=c1[nH]c2cc3c(nc4ccncc4c13)Nc1c(Cl)cnc(c1Cl)CCSCSCC2,AZFMVSZXGDRCCS-UHFFFAOYSA-N,True,True,True,490.441,5.4392,83.56,2,7,0,0.3178,4.4,O=c1[nH]c2cc3c(nc4ccncc4c13)Nc1ccnc(c1)CCSCSCC2,15,True,False,True,
CAND_232be7b3f5,v5_5_pocket_guided,JAK2_e8465d9792,O=c1[nH]cc2c3c(Nc4c(Cl)cncc4Cl)nc4c(cncc4c13)CCSCSCC2,PPEAXUKSGZQWAU-UHFFFAOYSA-N,True,True,True,490.441,5.4392,83.56,2,7,2,0.3623,4.65,O=c1[nH]cc2c3c(Nc4ccncc4)nc4c(cncc4c13)CCSCSCC2,13,True,False,True,
CAND_4e5f728889,v5_5_pocket_guided,JAK2_e8465d9792,O=c1[nH]cc2c3c(nc4ccncc4c13)Nc1c(Cl)cnc(c1Cl)CCSCSCC2,SDSMHEUHJDCUMO-UHFFFAOYSA-N,True,True,True,490.441,5.4392,83.56,2,7,0,0.3178,4.4,O=c1[nH]cc2c3c(nc4ccncc4c13)Nc1ccnc(c1)CCSCSCC2,14,True,False,True,
CAND_daeec764e0,v5_5_pocket_guided,JAK2_e8465d9792,O=c1[nH]cc2c3c(nc4ccncc4c13)Nc1c(Cl)cnc(c1Cl)CSCSCC2,MCBSUMIOGBTIKT-UHFFFAOYSA-N,True,True,True,476.414,5.3967,83.56,2,7,0,0.3291,4.301,O=c1[nH]cc2c3c(nc4ccncc4c13)Nc1ccnc(c1)CSCSCC2,13,True,False,True,
CAND_ca111dfb8a,v5_5_pocket_guided,JAK2_e8465d9792,O=c1[nH]ccc2c3nc4c(cncc4c12)CCSCSCc1ncc(Cl)c(c1Cl)N3,XWTRCQGUPYXMQU-UHFFFAOYSA-N,True,True,True,476.414,5.3967,83.56,2,7,0,0.3291,4.301,O=c1[nH]ccc2c3nc4c(cncc4c12)CCSCSCc1cc(ccn1)N3,14,True,False,True,
CAND_5b5668aef9,v5_5_pocket_guided,JAK2_7bb684659d,NS(=O)(=O)c1ccc(-c2cc3nc(n2)Nc2ccc(cc2)N2CCOCC2CCOCOC3)cc1,XUGQOAWEPPECIT-UHFFFAOYSA-N,True,True,True,497.577,2.6342,128.9,2,9,2,0.5488,4.72,c1ccc(-c2cc3nc(n2)Nc2ccc(cc2)N2CCOCC2CCOCOC3)cc1,16,True,False,True,
CAND_d2d33754ea,v5_5_pocket_guided,JAK2_7bb684659d,NS(=O)(=O)c1ccc(-c2cc3nc(n2)Nc2ccc(cc2)N2CCOCC2CCOCOCC3)cc1,KGYGWPIAVSXCPL-UHFFFAOYSA-N,True,True,True,511.604,2.6767,128.9,2,9,2,0.5334,4.798,c1ccc(-c2cc3nc(n2)Nc2ccc(cc2)N2CCOCC2CCOCOCC3)cc1,17,True,False,True,
CAND_0361d9f297,v5_5_pocket_guided,JAK2_2c78302646,NC(=O)c1cnc2c3c1[nH]c1cc(c(F)cc13)COCNCCC1CCCCC(C1)N2,UCQOVAAACAIBBZ-UHFFFAOYSA-N,True,True,True,425.508,3.7823,105.06,4,5,1,0.4749,4.444,c1cc2[nH]c3cc4ccc3c2c(n1)NC1CCCCC(CCNCOC4)C1,16,True,False,True,
CAND_650318854f,v5_5_pocket_guided,JAK2_2c78302646,NC(=O)c1cnc2c3c1[nH]c1c(cc(F)cc13)COCNCCC1CCCC(CC1)N2,CUQMYNKTBSMKND-UHFFFAOYSA-N,True,True,True,425.508,3.7823,105.06,4,5,1,0.4749,4.444,c1cc2c3[nH]c4ccnc(c4c3c1)NC1CCCC(CCNCOC2)CC1,16,True,False,True,
CAND_59113e51a6,v5_5_pocket_guided,JAK2_2c78302646,NC(=O)c1cnc2c3c1[nH]c1cc(c(F)cc13)COCNCCC1CCCC(CC1)N2,YHZJACDOZKTQBC-UHFFFAOYSA-N,True,True,True,425.508,3.7823,105.06,4,5,1,0.4749,4.444,c1cc2[nH]c3cc4ccc3c2c(n1)NC1CCCC(CCNCOC4)CC1,17,True,False,True,
CAND_daa00fab24,v5_5_pocket_guided,JAK2_2c78302646,NC(=O)c1cnc2c3c1[nH]c1cc(c(F)cc13)COCNCC1CCCC(CC1)N2,BVCGNVZMJLTSNV-UHFFFAOYSA-N,True,True,True,411.481,3.3922,105.06,4,5,1,0.4913,4.367,c1cc2[nH]c3cc4ccc3c2c(n1)NC1CCCC(CC1)CNCOC4,16,True,False,True,
CAND_7d818dbe03,v5_5_pocket_guided,JAK2_1462d0e6eb,CNc1nc2nc(n1)-c1cccnc1Oc1cc(NC(=O)c3cccc(OC(F)(F)C(F)F)c3)ccc1CCSCSCC2,YSRVDYBDVMDEQL-UHFFFAOYSA-N,True,True,True,646.692,6.7791,111.15,2,10,6,0.2176,6.688,O=C(Nc1ccc2c(c1)Oc1ncccc1-c1ncnc(n1)CCSCSCC2)c1ccccc1,15,True,False,True,
CAND_04e4ade59e,v5_5_pocket_guided,JAK2_1462d0e6eb,CNc1ncnc(-c2ccc3nc2Oc2cc(ccc2C)NC(=O)c2cc(cc(OC(F)(F)C(F)F)c2)CCCC3)n1,HCBLXVZTYXMQQE-UHFFFAOYSA-N,True,True,True,582.558,6.4438,111.15,2,8,5,0.2587,6.039,O=C1Nc2cccc(c2)Oc2nc(ccc2-c2ncncn2)CCCCc2cccc1c2,16,True,False,True,
CAND_0cd8e9760c,v5_5_pocket_guided,JAK2_1462d0e6eb,CNc1ncnc(-c2ccc3nc2Oc2cc(NC(=O)c4cccc(OC(F)(F)C(F)F)c4)ccc2CCSCSCC3)n1,KOKFAQTWZODPSJ-UHFFFAOYSA-N,True,True,True,646.692,6.7791,111.15,2,10,7,0.2086,6.813,O=C(Nc1ccc2c(c1)Oc1nc(ccc1-c1ncncn1)CCSCSCC2)c1ccccc1,13,True,False,True,
CAND_343b407a1b,v5_5_pocket_guided,JAK2_1462d0e6eb,CNc1ncnc(-c2c3ccnc2Oc2cc(ccc2C)NC(=O)c2cc(cc(OC(F)(F)C(F)F)c2)CCCC3)n1,NKYYOCPQHQYSBO-UHFFFAOYSA-N,True,True,True,582.558,6.4438,111.15,2,8,5,0.2587,6.039,O=C1Nc2cccc(c2)Oc2nccc(c2-c2ncncn2)CCCCc2cccc1c2,16,True,False,True,
CAND_1270d75c06,v5_5_pocket_guided,JAK2_37af99755c,O=c1[nH]cc2c3nc(c4ccc(F)cc4c13)Nc1cc(F)cc(c1)CCSCSCC2,KWECYPZHOREOCF-UHFFFAOYSA-N,True,True,True,455.555,5.6206,57.78,2,5,0,0.3371,4.297,O=c1[nH]cc2c3nc(c4ccccc4c13)Nc1cccc(c1)CCSCSCC2,15,True,False,True,
CAND_e7b52bc90f,v5_5_pocket_guided,JAK2_37af99755c,O=c1[nH]cc2c3nc(c4ccc(F)cc4c13)Nc1cc(F)cc(c1)CCSCCSCC2,IGZJXSFQGXRQAS-UHFFFAOYSA-N,True,True,True,469.582,5.6631,57.78,2,5,0,0.3254,4.396,O=c1[nH]cc2c3nc(c4ccccc4c13)Nc1cccc(c1)CCSCCSCC2,16,True,False,True,
CAND_34e877b6dc,v5_5_pocket_guided,JAK2_37af99755c,O=c1[nH]cc2c3nc(c4ccc(F)cc4c13)Nc1cc(F)cc(c1)CCSCCSCCC2,PVFCQEUXTBHKAA-UHFFFAOYSA-N,True,True,True,483.609,6.0532,57.78,2,5,0,0.2982,4.669,O=c1[nH]cc2c3nc(c4ccccc4c13)Nc1cccc(c1)CCSCCSCCC2,17,True,False,True,
CAND_03628395bc,v5_5_pocket_guided,JAK2_37af99755c,O=c1[nH]cc2c3nc(Nc4cccc(F)c4)c4c(cc(F)cc4c13)CCSCSCC2,UHWPUMFYNLHBBZ-UHFFFAOYSA-N,True,True,True,455.555,5.6206,57.78,2,5,2,0.3843,4.547,O=c1[nH]cc2c3nc(Nc4ccccc4)c4c(cccc4c13)CCSCSCC2,13,True,False,True,
CAND_2a54ce2c6a,v5_5_pocket_guided,JAK2_37af99755c,O=c1[nH]cc2c3nc(c4ccc(F)cc4c13)Nc1cccc(F)c1CCSCSCC2,OMBLDAHDHCDRSI-UHFFFAOYSA-N,True,True,True,455.555,5.6206,57.78,2,5,0,0.3371,4.297,O=c1[nH]cc2c3nc(c4ccccc4c13)Nc1ccccc1CCSCSCC2,14,True,False,True,
CAND_f3eaa63a3b,v5_5_pocket_guided,JAK2_37af99755c,O=c1[nH]cc2c3nc(c4ccc(F)cc4c13)Nc1cccc(F)c1CCSCCSCC2,QABYWKNVJXTYHQ-UHFFFAOYSA-N,True,True,True,469.582,5.6631,57.78,2,5,0,0.3254,4.396,O=c1[nH]cc2c3nc(c4ccccc4c13)Nc1ccccc1CCSCCSCC2,15,True,False,True,
CAND_27e50bf41c,v5_5_pocket_guided,JAK2_37af99755c,O=c1[nH]cc2c3nc(c4ccc(F)cc4c13)Nc1ccc(c(F)c1)CCSCOCC2,WUWHMFDSFRNJJS-UHFFFAOYSA-N,True,True,True,439.487,4.904,67.01,2,5,0,0.3815,3.897,O=c1[nH]cc2c3nc(c4ccccc4c13)Nc1ccc(cc1)CCSCOCC2,16,True,False,True,
CAND_e93e312e01,v5_5_pocket_guided,JAK2_37af99755c,O=c1[nH]cc2c3nc(c4ccc(F)cc4c13)Nc1ccc(c(F)c1)CSCOCC2,CETHRAAIOYQEBS-UHFFFAOYSA-N,True,True,True,425.46,4.8615,67.01,2,5,0,0.394,3.819,O=c1[nH]cc2c3nc(c4ccccc4c13)Nc1ccc(cc1)CSCOCC2,15,True,False,True,
CAND_453ed8ccf4,v5_5_pocket_guided,JAK2_37af99755c,O=c1[nH]cc2c3nc(c4ccc(F)cc4c13)Nc1cc(F)ccc1CCSCSCC2,UXLMGMNIMABQQY-UHFFFAOYSA-N,True,True,True,455.555,5.6206,57.78,2,5,0,0.3371,4.297,O=c1[nH]cc2c3nc(c4ccccc4c13)Nc1ccccc1CCSCSCC2,14,True,False,True,
CAND_78d7ba53ac,v5_5_pocket_guided,JAK2_37af99755c,O=c1[nH]cc2c3nc(c4ccc(F)cc4c13)Nc1cc(F)ccc1CCSCCSCC2,MBKLZKZJWJEFQM-UHFFFAOYSA-N,True,True,True,469.582,5.6631,57.78,2,5,0,0.3254,4.396,O=c1[nH]cc2c3nc(c4ccccc4c13)Nc1ccccc1CCSCCSCC2,15,True,False,True,
CAND_b57feba8b7,v5_5_pocket_guided,JAK2_37af99755c,O=c1[nH]cc2c3nc(Nc4cccc(F)c4)c4cc(c(F)cc4c13)CCSCSCC2,DSZVPIZOHGLICK-UHFFFAOYSA-N,True,True,True,455.555,5.6206,57.78,2,5,2,0.3843,4.547,O=c1[nH]cc2c3nc(Nc4ccccc4)c4cc(ccc4c13)CCSCSCC2,14,True,False,True,
CAND_62b368d8ee,v5_5_pocket_guided,JAK2_37af99755c,O=c1[nH]cc2c3nc(Nc4cccc(F)c4)c4cc(c(F)cc4c13)CSCSCC2,GAZNNHIKAVCQNG-UHFFFAOYSA-N,True,True,True,441.528,5.5781,57.78,2,5,2,0.398,4.448,O=c1[nH]cc2c3nc(Nc4ccccc4)c4cc(ccc4c13)CSCSCC2,13,True,False,True,
CAND_0a631f68b0,v5_5_pocket_guided,JAK2_37af99755c,O=c1[nH]c2cc3nc(c4ccc(F)cc4c13)Nc1cc(F)cc(c1)CCOCSCC2,ZAOSTDRBWRMCLX-UHFFFAOYSA-N,True,True,True,439.487,4.904,67.01,2,5,0,0.3815,3.897,O=c1[nH]c2cc3nc(c4ccccc4c13)Nc1cccc(c1)CCOCSCC2,16,True,False,True,
CAND_364526afef,v5_5_pocket_guided,JAK2_37af99755c,O=c1[nH]c2cc3nc(c4ccc(F)cc4c13)Nc1cc(F)cc(c1)CCOCSC2,CZRHYKUKVUPKSI-UHFFFAOYSA-N,True,True,True,425.46,4.8615,67.01,2,5,0,0.394,3.819,O=c1[nH]c2cc3nc(c4ccccc4c13)Nc1cccc(c1)CCOCSC2,15,True,False,True,
CAND_82789a4503,v5_5_pocket_guided,JAK2_37af99755c,O=c1[nH]c2cc3nc(Nc4cccc(F)c4)c4c(cc(F)cc4c13)CCSCSCC2,VBWWKNKSORHCKJ-UHFFFAOYSA-N,True,True,True,455.555,5.6206,57.78,2,5,2,0.3843,4.547,O=c1[nH]c2cc3nc(Nc4ccccc4)c4c(cccc4c13)CCSCSCC2,14,True,False,True,
CAND_0276da182f,v5_5_pocket_guided,JAK2_37af99755c,O=c1[nH]c2cc3nc(Nc4cccc(F)c4)c4c(cc(F)cc4c13)CCSCSC2,CCVIHWNPAOSBOM-UHFFFAOYSA-N,True,True,True,441.528,5.5781,57.78,2,5,2,0.398,4.448,O=c1[nH]c2cc3nc(Nc4ccccc4)c4c(cccc4c13)CCSCSC2,13,True,False,True,
CAND_a4a687e9cf,v5_5_pocket_guided,JAK2_37af99755c,O=c1[nH]c2cc3nc(c4ccc(F)cc4c13)Nc1cccc(F)c1CCSCSCC2,ZCLFEAJKXYWGLT-UHFFFAOYSA-N,True,True,True,455.555,5.6206,57.78,2,5,0,0.3371,4.297,O=c1[nH]c2cc3nc(c4ccccc4c13)Nc1ccccc1CCSCSCC2,15,True,False,True,
CAND_a451f95cf3,v5_5_pocket_guided,JAK2_37af99755c,O=c1[nH]c2cc3nc(c4ccc(F)cc4c13)Nc1cccc(F)c1CCSCCSCC2,QNYPLYAWVPRTRU-UHFFFAOYSA-N,True,True,True,469.582,5.6631,57.78,2,5,0,0.3254,4.396,O=c1[nH]c2cc3nc(c4ccccc4c13)Nc1ccccc1CCSCCSCC2,16,True,False,True,
CAND_9a5372141f,v5_5_pocket_guided,JAK2_37af99755c,O=c1[nH]c2cc3nc(c4ccc(F)cc4c13)Nc1cccc(F)c1CCSCCSCCC2,SWZKVLAAJTVHKO-UHFFFAOYSA-N,True,True,True,483.609,6.0532,57.78,2,5,0,0.2982,4.669,O=c1[nH]c2cc3nc(c4ccccc4c13)Nc1ccccc1CCSCCSCCC2,17,True,False,True,
CAND_5064c336a2,v5_5_pocket_guided,JAK2_37af99755c,O=c1[nH]c2cc3nc(c4ccc(F)cc4c13)Nc1ccc(c(F)c1)CCSCSCC2,NUBSOMHVWCDDQG-UHFFFAOYSA-N,True,True,True,455.555,5.6206,57.78,2,5,0,0.3371,4.297,O=c1[nH]c2cc3nc(c4ccccc4c13)Nc1ccc(cc1)CCSCSCC2,17,True,False,True,
CAND_cf1b23f4e8,v5_5_pocket_guided,JAK2_fd4db09bf8,COc1cc2nc3nc(Nc4ccc(O)cc4)c2cc1OCCOCSC3,IJIWWROJYXAAJC-UHFFFAOYSA-N,True,True,True,385.445,3.6873,85.73,2,8,3,0.6605,3.972,c1ccc(Nc2nc3nc4ccc(cc24)OCCOCSC3)cc1,13,True,False,True,
CAND_d93f8441dd,v5_5_pocket_guided,JAK2_f21434d369,O=C1C=C(Nc2cc3ccc2CCSCCSCCC(Nc2ccnc(F)c2)CO3)C(=O)N1,ZCLHPUVMQVYXFR-UHFFFAOYSA-N,True,True,True,488.61,3.445,92.35,3,8,4,0.4454,4.92,O=C1C=C(Nc2cc3ccc2CCSCCSCCC(Nc2ccncc2)CO3)C(=O)N1,15,True,False,True,
CAND_b2014637d9,v5_5_pocket_guided,JAK2_f21434d369,O=C1C=C(Nc2cc3ccc2CCSCCSCCc2c(ccnc2F)NCCO3)C(=O)N1,HCLSZVOYFWCZTH-UHFFFAOYSA-N,True,True,True,488.61,3.2288,92.35,3,8,2,0.4385,4.42,O=C1C=C(Nc2cc3ccc2CCSCCSCCc2cnccc2NCCO3)C(=O)N1,18,True,False,True,
CAND_0aca04f8ed,v5_5_pocket_guided,JAK2_f21434d369,O=C1C=C(Nc2cc3ccc2CCSCCSCCc2cnc(F)cc2NCCO3)C(=O)N1,OMFJEZTVDNCFHC-UHFFFAOYSA-N,True,True,True,488.61,3.2288,92.35,3,8,2,0.4385,4.42,O=C1C=C(Nc2cc3ccc2CCSCCSCCc2cnccc2NCCO3)C(=O)N1,18,True,False,True,
CAND_461a50c822,v5_5_pocket_guided,JAK2_4b77f09040,O=C1NC(=O)C2=C1Nc1ccc(cc1)OCC(n1ccnc1)CNCOCc1cccc3[nH]cc2c13,CHYKRWBTMXHDCY-UHFFFAOYSA-N,True,True,True,484.516,2.5414,122.3,4,7,1,0.3064,4.522,O=C1NC(=O)C2=C1Nc1ccc(cc1)OCC(n1ccnc1)CNCOCc1cccc3[nH]cc2c13,18,True,False,True,
CAND_2815980031,v5_5_pocket_guided,JAK2_4b77f09040,O=C1NC(=O)C(c2c[nH]c3ccccc23)=C1Nc1ccc2c(c1)CCSCSCCc1cncn1CCO2,HYHXBOPUMIFQIT-UHFFFAOYSA-N,True,True,True,545.69,4.4455,101.04,3,7,3,0.3273,4.862,O=C1NC(=O)C(c2c[nH]c3ccccc23)=C1Nc1ccc2c(c1)CCSCSCCc1cncn1CCO2,14,True,False,True,
CAND_bb3eaa2923,v5_5_pocket_guided,JAK2_52b2cf11d9,CN1CCN(c2ccc(-c3cnc4c5ccc(c4n3)-c3cc(F)c(c(F)c3)CN3CCS(=O)(=O)C(COCNC5)C3)cn2)CC1,OQACWTNZQUTGOU-UHFFFAOYSA-N,True,True,True,635.741,3.0651,103.79,1,10,2,0.3537,5.737,O=S1(=O)CCN2Cc3ccc(cc3)-c3ccc(c4ncc(-c5ccc(N6CCNCC6)nc5)nc34)CNCOCC1C2,17,True,False,True,
CAND_277ae498a0,v5_5_pocket_guided,JAK2_52b2cf11d9,CN1CCN(c2ccc(-c3cnc4c5ccc(c4n3)-c3cc(F)c(c(F)c3)CN3CCS(=O)(=O)C(COCOC5)C3)cn2)CC1,UQVLCFRARDYXRE-UHFFFAOYSA-N,True,True,True,636.725,3.4921,100.99,0,10,2,0.3252,5.743,O=S1(=O)CCN2Cc3ccc(cc3)-c3ccc(c4ncc(-c5ccc(N6CCNCC6)nc5)nc34)COCOCC1C2,17,True,False,True,
CAND_b5dda6711b,v5_5_pocket_guided,JAK2_52b2cf11d9,CN1CCN2c3ccc(cn3)-c3cnc4c(ccc(-c5cc(F)c(CN6CCS(=O)(=O)CC6)c(F)c5)c4n3)CNCOCC2C1,GMFFMZYAMXJYJG-UHFFFAOYSA-N,True,True,True,635.741,3.0651,103.79,1,10,3,0.3615,5.612,O=S1(=O)CCN(Cc2ccc(-c3ccc4c5ncc(nc35)-c3ccc(nc3)N3CCNCC3COCNC4)cc2)CC1,16,True,False,True,
CAND_214d2e0739,v5_5_pocket_guided,JAK2_52b2cf11d9,CN1CCN2c3ccc(cn3)-c3cnc4c(ccc(-c5cc(F)c(CN6CCS(=O)(=O)CC6)c(F)c5)c4n3)COCOCC2C1,XKRBCQFGLLTYGH-UHFFFAOYSA-N,True,True,True,636.725,3.4921,100.99,0,10,3,0.3324,5.618,O=S1(=O)CCN(Cc2ccc(-c3ccc4c5ncc(nc35)-c3ccc(nc3)N3CCNCC3COCOC4)cc2)CC1,16,True,False,True,
CAND_d7d853a027,v5_5_pocket_guided,JAK2_52b2cf11d9,CN1CCN(c2ccc(-c3cnc4c5ccc(c4n3)-c3cc(F)c(c(F)c3)CN3CCS(=O)(=O)CC3COCNC5)cn2)CC1,SZANCDIVVDZMFT-UHFFFAOYSA-N,True,True,True,635.741,3.0651,103.79,1,10,2,0.3537,5.487,O=S1(=O)CCN2Cc3ccc(cc3)-c3ccc(c4ncc(-c5ccc(N6CCNCC6)nc5)nc34)CNCOCC2C1,16,True,False,True,
CAND_a141f34cfb,v5_5_pocket_guided,JAK2_52b2cf11d9,CN1CCN(c2ccc(-c3cnc4c5ccc(c4n3)-c3cc(F)c(c(F)c3)CN3CCS(=O)(=O)CC3COCOC5)cn2)CC1,MBMJCNYTUMBNAQ-UHFFFAOYSA-N,True,True,True,636.725,3.4921,100.99,0,10,2,0.3252,5.493,O=S1(=O)CCN2Cc3ccc(cc3)-c3ccc(c4ncc(-c5ccc(N6CCNCC6)nc5)nc34)COCOCC2C1,16,True,False,True,
CAND_e06b3aa9ce,v5_5_pocket_guided,JAK2_52b2cf11d9,CN1CCN(c2ccc(-c3cnc4c5ccc(c4n3)-c3cc(F)c(c(F)c3)C(N3CCS(=O)(=O)CC3)COCOC5)cn2)CC1,ZBPDZGAPPNUOOV-UHFFFAOYSA-N,True,True,True,636.725,3.6646,100.99,0,10,3,0.3313,5.618,O=S1(=O)CCN(C2COCOCc3ccc(c4nc(-c5ccc(N6CCNCC6)nc5)cnc34)-c3ccc2cc3)CC1,14,True,False,True,
CAND_a5b2278611,v5_5_pocket_guided,JAK2_52b2cf11d9,CN1CCN(c2ccc(-c3cnc4cc5cc(c4n3)-c3cc(F)c(c(F)c3)CN3CCS(=O)(=O)C(CNCOC5)C3)cn2)CC1,AMQKKDAUPOWBNS-UHFFFAOYSA-N,True,True,True,635.741,3.0651,103.79,1,10,2,0.3537,5.737,O=S1(=O)CCN2Cc3ccc(cc3)-c3cc(cc4ncc(-c5ccc(N6CCNCC6)nc5)nc34)COCNCC1C2,16,True,False,True,
CAND_078422cf1a,v5_5_pocket_guided,JAK2_52b2cf11d9,CN1CCN(c2ccc(-c3cnc4cc5cc(c4n3)-c3cc(F)c(c(F)c3)CN3CCS(=O)(=O)C(COCOC5)C3)cn2)CC1,DLGWAZLKCUPDNS-UHFFFAOYSA-N,True,True,True,636.725,3.4921,100.99,0,10,2,0.3252,5.743,O=S1(=O)CCN2Cc3ccc(cc3)-c3cc(cc4ncc(-c5ccc(N6CCNCC6)nc5)nc34)COCOCC1C2,16,True,False,True,
CAND_8e66d2e406,v5_5_pocket_guided,JAK2_52b2cf11d9,CN1CCN2c3ccc(cn3)-c3cnc4cc(cc(-c5cc(F)c(CN6CCS(=O)(=O)CC6)c(F)c5)c4n3)COCNCC2C1,QUUVHGPZALYOKL-UHFFFAOYSA-N,True,True,True,635.741,3.0651,103.79,1,10,3,0.3615,5.612,O=S1(=O)CCN(Cc2ccc(-c3cc4cc5ncc(nc35)-c3ccc(nc3)N3CCNCC3CNCOC4)cc2)CC1,17,True,False,True,
CAND_3008494b20,v5_5_pocket_guided,JAK2_52b2cf11d9,CN1CCN2c3ccc(cn3)-c3cnc4cc(cc(-c5cc(F)c(CN6CCS(=O)(=O)CC6)c(F)c5)c4n3)COCOCC2C1,WFZBDERJMJVLKW-UHFFFAOYSA-N,True,True,True,636.725,3.4921,100.99,0,10,3,0.3324,5.618,O=S1(=O)CCN(Cc2ccc(-c3cc4cc5ncc(nc35)-c3ccc(nc3)N3CCNCC3COCOC4)cc2)CC1,17,True,False,True,
CAND_6ec39fafb1,v5_5_pocket_guided,JAK2_52b2cf11d9,CN1CCN2c3ccc(cn3)-c3cnc4cc(cc(-c5cc(F)c(CN6CCS(=O)(=O)CC6)c(F)c5)c4n3)COCNCCC2C1,BGCVZCYKBBHIAO-UHFFFAOYSA-N,True,True,True,649.768,3.4552,103.79,1,10,3,0.3552,5.69,O=S1(=O)CCN(Cc2ccc(-c3cc4cc5ncc(nc35)-c3ccc(nc3)N3CCNCC3CCNCOC4)cc2)CC1,18,True,False,True,
CAND_3055e7fec4,v5_5_pocket_guided,JAK2_52b2cf11d9,CN1CCN2c3ccc(cn3)-c3cnc4cc(cc(-c5cc(F)c(CN6CCS(=O)(=O)CC6)c(F)c5)c4n3)COCOCCC2C1,QTOIGDFJZMBFLI-UHFFFAOYSA-N,True,True,True,650.752,3.8822,100.99,0,10,3,0.3249,5.696,O=S1(=O)CCN(Cc2ccc(-c3cc4cc5ncc(nc35)-c3ccc(nc3)N3CCNCC3CCOCOC4)cc2)CC1,18,True,False,True,
CAND_11b54f0ee4,v5_5_pocket_guided,JAK2_52b2cf11d9,CN1CCN2c3ccc(cn3)-c3cnc4cccc(c4n3)-c3cc(F)c(CN4CCS(=O)(=O)CC4)c(F)c3COCNCC2C1,XZJXYUJNNSDZJM-UHFFFAOYSA-N,True,True,True,635.741,3.0651,103.79,1,10,2,0.3537,5.487,O=S1(=O)CCN(Cc2ccc3c(c2)COCNCC2CNCCN2c2ccc(cn2)-c2cnc4cccc-3c4n2)CC1,17,True,False,True,
CAND_344591ba3f,v5_5_pocket_guided,JAK2_52b2cf11d9,CN1CCN2c3ccc(cn3)-c3cnc4cccc(c4n3)-c3cc(F)c(CN4CCS(=O)(=O)CC4)c(F)c3COCOCC2C1,XHWDVPSRPWPHGF-UHFFFAOYSA-N,True,True,True,636.725,3.4921,100.99,0,10,2,0.3252,5.493,O=S1(=O)CCN(Cc2ccc3c(c2)COCOCC2CNCCN2c2ccc(cn2)-c2cnc4cccc-3c4n2)CC1,17,True,False,True,
CAND_34b8f2ef56,v5_5_pocket_guided,JAK2_52b2cf11d9,CN1CCN(c2ccc(-c3cnc4cc5cc(c4n3)-c3cc(F)c(c(F)c3)C(N3CCS(=O)(=O)CC3)COCOC5)cn2)CC1,SIEJQTVXOIAZFX-UHFFFAOYSA-N,True,True,True,636.725,3.6646,100.99,0,10,3,0.3313,5.618,O=S1(=O)CCN(C2COCOCc3cc(c4nc(-c5ccc(N6CCNCC6)nc5)cnc4c3)-c3ccc2cc3)CC1,13,True,False,True,
CAND_2273967af0,v5_5_pocket_guided,JAK2_33518fcb72,C[C@H](O)CN1CCC2c3ccc(cc3)Nc3nc(c4ccc(-c5ccccc5N(C)S(C)(=O)=O)n4n3)COCOCC2C1,BSCQTVACJVICHB-QDBMRNDTSA-N,True,True,True,606.749,3.8263,121.53,2,9,5,0.3492,6.201,c1ccc(-c2ccc3c4nc(nn23)Nc2ccc(cc2)C2CCNCC2COCOC4)cc1,15,True,False,True,
CAND_ba6afc6e93,v5_5_pocket_guided,JAK2_33518fcb72,C[C@H](O)CN1CCC2c3ccc(cc3)Nc3nc(c4ccc(-c5ccccc5N(C)S(C)(=O)=O)n4n3)CCOCOCC2C1,RAVOOQQRKKWYCN-AKOCCIFCSA-N,True,True,True,620.776,3.8688,121.53,2,9,5,0.3426,6.279,c1ccc(-c2ccc3c4nc(nn23)Nc2ccc(cc2)C2CCNCC2COCOCC4)cc1,16,True,False,True,
CAND_580425aff3,v5_5_pocket_guided,JAK2_33518fcb72,C[C@H](O)CN1CCC2c3ccc(cc3)Nc3nc(c4ccc(-c5ccccc5N(C)S(C)(=O)=O)n4n3)CCOCCOCCC2C1,WZBBBZBRGQZPBM-ZXMABXINSA-N,True,True,True,648.83,4.3014,121.53,2,9,5,0.3264,6.435,c1ccc(-c2ccc3c4nc(nn23)Nc2ccc(cc2)C2CCNCC2CCOCCOCC4)cc1,18,True,False,True,
CAND_86bb07683b,v5_5_pocket_guided,JAK2_33518fcb72,C[C@H](O)CN1CCC(c2ccc(Nc3nc4c5ccc(n5n3)-c3ccccc3N(C)S(=O)(=O)CCOCOC4)cc2)CC1,INGVXVAZKNVQPH-QFIPXVFZSA-N,True,True,True,606.749,3.9704,121.53,2,9,5,0.3476,5.701,O=S1(=O)CCOCOCc2nc(Nc3ccc(C4CCNCC4)cc3)nn3c(ccc23)-c2ccccc2N1,14,True,False,True,
CAND_1543b6a94a,v5_5_pocket_guided,JAK2_33518fcb72,C[C@H](O)CN1CCC(c2ccc(Nc3nc4c5ccc(n5n3)-c3ccccc3N(C)S(=O)(=O)CCOCOCC4)cc2)CC1,QWLAKCFICHRQRQ-QHCPKHFHSA-N,True,True,True,620.776,4.0129,121.53,2,9,5,0.3409,5.779,O=S1(=O)CCOCOCCc2nc(Nc3ccc(C4CCNCC4)cc3)nn3c(ccc23)-c2ccccc2N1,15,True,False,True,
CAND_c40c5c1307,v5_5_pocket_guided,JAK2_6cc1e32c2e,CCOC(=O)c1cc2cc(c1)Nc1nc(N)n(n1)C(=O)c1c(F)cccc1CSCSC2,BFIIYYSCRZXPTB-UHFFFAOYSA-N,True,True,True,473.555,4.0457,112.13,2,9,2,0.5324,4.136,O=C1c2ccccc2CSCSCc2cccc(c2)Nc2ncn1n2,15,True,False,True,
CAND_c32dd7599c,v5_5_pocket_guided,JAK2_6cc1e32c2e,CCOC(=O)c1cc2cc(c1)Nc1nc(N)n(n1)C(=O)c1c(F)cccc1CSCSCC2,IZRYHQCCJXDJQL-UHFFFAOYSA-N,True,True,True,487.582,4.0882,112.13,2,9,2,0.5162,4.214,O=C1c2ccccc2CSCSCCc2cccc(c2)Nc2ncn1n2,16,True,False,True,
CAND_73a0bf279e,v5_5_pocket_guided,JAK2_6cc1e32c2e,CCOC(=O)c1cccc2c1CSCSCc1ccc(F)c(c1)C(=O)n1nc(nc1N)N2,GRSUHBVFLNBOMK-UHFFFAOYSA-N,True,True,True,473.555,4.0457,112.13,2,9,2,0.5324,4.136,O=C1c2cccc(c2)CSCSCc2ccccc2Nc2ncn1n2,15,True,False,True,
CAND_5d297de22b,v5_5_pocket_guided,JAK2_6cc1e32c2e,CCOC(=O)c1cccc2c1CSCSCCc1ccc(F)c(c1)C(=O)n1nc(nc1N)N2,UXHASCDFXHASQQ-UHFFFAOYSA-N,True,True,True,487.582,4.0882,112.13,2,9,2,0.5162,4.214,O=C1c2cccc(c2)CCSCSCc2ccccc2Nc2ncn1n2,16,True,False,True,
CAND_2517f84ca9,v5_5_pocket_guided,JAK2_6cc1e32c2e,CCOC(=O)c1ccc2c(c1)Nc1nc(N)n(n1)C(=O)c1cc(ccc1F)CSCSC2,ABNRRLULSXIVFL-UHFFFAOYSA-N,True,True,True,473.555,4.0457,112.13,2,9,2,0.5324,4.136,O=C1c2cccc(c2)CSCSCc2ccccc2Nc2ncn1n2,15,True,False,True,
CAND_7f07bc29a6,v5_5_pocket_guided,JAK2_6cc1e32c2e,CCOC(=O)c1ccc2c(c1)Nc1nc(N)n(n1)C(=O)c1cc(ccc1F)CCSCSC2,YVMKVGXPTNHVEP-UHFFFAOYSA-N,True,True,True,487.582,4.0882,112.13,2,9,2,0.5162,4.214,O=C1c2cccc(c2)CCSCSCc2ccccc2Nc2ncn1n2,16,True,False,True,
CAND_13c0f71e8d,v5_5_pocket_guided,JAK2_6cc1e32c2e,CCOC(=O)c1cccc2c1CSCSCCc1cccc(F)c1C(=O)n1nc(nc1N)N2,MBSFZEFOAOZCGE-UHFFFAOYSA-N,True,True,True,487.582,4.0882,112.13,2,9,2,0.5162,4.214,O=C1c2ccccc2CCSCSCc2ccccc2Nc2ncn1n2,15,True,False,True,
CAND_841a11ae6f,v5_5_pocket_guided,JAK2_6cc1e32c2e,CCOC(=O)c1cccc2c1CSCSCc1cccc(F)c1C(=O)n1nc(nc1N)N2,VVKLBHIENZSGPQ-UHFFFAOYSA-N,True,True,True,473.555,4.0457,112.13,2,9,2,0.5324,4.136,O=C1c2ccccc2CSCSCc2ccccc2Nc2ncn1n2,14,True,False,True,
CAND_3174ca3e3a,v5_5_pocket_guided,JAK2_6cc1e32c2e,CCOC(=O)c1ccc2c(c1)Nc1nc(N)n(n1)C(=O)c1c(F)cccc1CCSCSC2,ZZBSLYWVNRIEGR-UHFFFAOYSA-N,True,True,True,487.582,4.0882,112.13,2,9,2,0.5162,4.214,O=C1c2ccccc2CCSCSCc2ccccc2Nc2ncn1n2,15,True,False,True,
CAND_f64b5720c1,v5_5_pocket_guided,JAK2_6cc1e32c2e,CCOC(=O)c1ccc2c(c1)Nc1nc(N)n(n1)C(=O)c1c(F)cccc1CSCSC2,UJRWTFCPHCBDCV-UHFFFAOYSA-N,True,True,True,473.555,4.0457,112.13,2,9,2,0.5324,4.136,O=C1c2ccccc2CSCSCc2ccccc2Nc2ncn1n2,14,True,False,True,
CAND_9925454114,v5_5_pocket_guided,JAK2_6cc1e32c2e,CCOC(=O)c1cccc2c1CSCSCc1cccc(c1F)C(=O)n1nc(nc1N)N2,MYCVHGNFBLKEMN-UHFFFAOYSA-N,True,True,True,473.555,4.0457,112.13,2,9,2,0.5324,4.136,O=C1c2cccc(c2)CSCSCc2ccccc2Nc2ncn1n2,15,True,False,True,
CAND_5db21a2329,v5_5_pocket_guided,JAK2_6cc1e32c2e,CCOC(=O)c1cccc2c1CSCSCCc1cccc(c1F)C(=O)n1nc(nc1N)N2,IFGZXGXQJJTVMF-UHFFFAOYSA-N,True,True,True,487.582,4.0882,112.13,2,9,2,0.5162,4.214,O=C1c2cccc(c2)CCSCSCc2ccccc2Nc2ncn1n2,16,True,False,True,
CAND_8f6d2c8dd9,v5_5_pocket_guided,JAK2_6cc1e32c2e,CCOC(=O)c1ccc2c(c1)Nc1nc(N)n(n1)C(=O)c1cccc(c1F)CCCC2,HHXQOCZAZFXGAK-UHFFFAOYSA-N,True,True,True,423.448,3.487,112.13,2,7,2,0.6069,3.858,O=C1c2cccc(c2)CCCCc2ccccc2Nc2ncn1n2,14,True,False,True,
CAND_bed1bdf755,v5_5_pocket_guided,JAK2_6cc1e32c2e,CCOC(=O)c1ccc2c(c1)Nc1nc(N)n(n1)C(=O)c1cccc(c1F)CSCSC2,XZAWXXWXBKTFCE-UHFFFAOYSA-N,True,True,True,473.555,4.0457,112.13,2,9,2,0.5324,4.136,O=C1c2cccc(c2)CSCSCc2ccccc2Nc2ncn1n2,15,True,False,True,
CAND_a2772fbae0,v5_5_pocket_guided,JAK2_6cc1e32c2e,CCOC(=O)c1ccc2c(c1)Nc1nc(N)n(n1)C(=O)c1cccc(c1F)CCSCSC2,GJZJPIPOLREVQH-UHFFFAOYSA-N,True,True,True,487.582,4.0882,112.13,2,9,2,0.5162,4.214,O=C1c2cccc(c2)CCSCSCc2ccccc2Nc2ncn1n2,16,True,False,True,
CAND_b1a044a1d9,v5_5_pocket_guided,JAK2_b97262126f,CCCN(CC)C(=O)C12CCCN(C1)c1cc(ncn1)-c1c(N)nn3ccc(nc13)COCNC2,SZBVHZLKDMDOBL-UHFFFAOYSA-N,True,True,True,479.589,1.6909,126.8,2,9,4,0.5746,4.87,c1nc2cc(n1)N1CCCC(CNCOCc3ccn4ncc-2c4n3)C1,15,True,False,True,
CAND_003c9704c4,v5_5_pocket_guided,JAK2_b97262126f,CCCN(CC)C(=O)C12CCCN(C1)c1cc(ncn1)-c1c(N)nn3c(ccnc13)COCNC2,CQZNMVBIZSUBEE-UHFFFAOYSA-N,True,True,True,479.589,1.6909,126.8,2,9,4,0.5746,4.87,c1nc2cc(n1)N1CCCC(CNCOCc3ccnc4c-2cnn34)C1,15,True,False,True,
CAND_3f17d1878c,v5_5_pocket_guided,JAK2_b97262126f,CCCN(CC)C(=O)C1CCCN2c3cc(ncn3)-c3c(N)nn4ccc(nc34)CCOCOCC12,YOMDKHNHUBTTTJ-UHFFFAOYSA-N,True,True,True,494.6,2.1588,124.0,1,9,4,0.5808,5.203,c1nc2cc(n1)N1CCCCC1COCOCCc1ccn3ncc-2c3n1,15,True,False,True,
CAND_fc33aaf67a,v5_5_pocket_guided,JAK2_b97262126f,CCCN1C(=O)C2CCCN(C2)c2cc(ncn2)-c2c(N)nn3ccc(nc23)CNCOCC1C,GDCVPTZSXXEHQO-UHFFFAOYSA-N,True,True,True,479.589,1.6893,126.8,2,9,2,0.5644,4.87,O=C1NCCOCNCc2ccn3ncc(c3n2)-c2cc(ncn2)N2CCCC1C2,18,True,False,True,
CAND_7614798310,v5_5_pocket_guided,JAK2_b97262126f,CCC1COCNCc2ccn3nc(N)c(c3n2)-c2cc(ncn2)N2CCCC(C2)C(=O)N1CC,ZWEBGSMLGSVBPF-UHFFFAOYSA-N,True,True,True,479.589,1.6893,126.8,2,9,2,0.5644,4.87,O=C1NCCOCNCc2ccn3ncc(c3n2)-c2cc(ncn2)N2CCCC1C2,18,True,False,True,
CAND_8878fcebf8,v5_5_pocket_guided,JAK2_b97262126f,CCCN(CC)C(=O)C1CCCN2c3cc(ncn3)-c3c(N)nn4c(ccnc34)CCOCOCC12,WQRGUVZYMOPWNJ-UHFFFAOYSA-N,True,True,True,494.6,2.1588,124.0,1,9,4,0.5808,5.203,c1nc2cc(n1)N1CCCCC1COCOCCc1ccnc3c-2cnn13,15,True,False,True,
CAND_606515ef3c,v5_5_pocket_guided,JAK2_b97262126f,CCCN1C(=O)C2CCCN(C2)c2cc(ncn2)-c2c(N)nn3c(ccnc23)CNCOCC1C,FDDRULMVHNUTPX-UHFFFAOYSA-N,True,True,True,479.589,1.6893,126.8,2,9,2,0.5644,4.87,O=C1NCCOCNCc2ccnc3c(cnn23)-c2cc(ncn2)N2CCCC1C2,18,True,False,True,
CAND_0045212991,v5_5_pocket_guided,JAK2_b97262126f,CCC1COCNCc2ccnc3c(c(N)nn23)-c2cc(ncn2)N2CCCC(C2)C(=O)N1CC,LPDKECKNUOBRIS-UHFFFAOYSA-N,True,True,True,479.589,1.6893,126.8,2,9,2,0.5644,4.87,O=C1NCCOCNCc2ccnc3c(cnn23)-c2cc(ncn2)N2CCCC1C2,18,True,False,True,
CAND_ab9d8f5979,v5_5_pocket_guided,JAK2_b97262126f,CCCN(CC)C(=O)C1CN2CCC1CCSCSCc1nc(-c3c(N)nn4cccnc34)cc2n1,VLFDADXJGKVLIT-UHFFFAOYSA-N,True,True,True,526.736,3.7971,105.54,1,9,5,0.5313,5.507,c1cnc2c(-c3cc4nc(n3)CSCSCCC3CCN4CC3)cnn2c1,13,True,False,True,
CAND_451ce8f4b7,v5_5_pocket_guided,JAK2_31b4961f61,Cc1c2cc(Cl)cc1-c1nn(cc1NC(=O)c1cnn3ccc(N)nc13)CCCSCSC2,VZAOMMIQPINAEK-UHFFFAOYSA-N,True,True,True,500.053,4.7167,103.13,2,7,2,0.4111,4.484,O=C(Nc1cn2nc1-c1cccc(c1)CSCSCCC2)c1cnn2cccnc12,13,True,False,True,
CAND_ebbcc1cf17,v5_5_pocket_guided,JAK2_31b4961f61,Cc1cc2c(Cl)cc1-c1nn(cc1NC(=O)c1cnn3ccc(N)nc13)CCCSCSC2,SFKOBBPIKRTRKG-UHFFFAOYSA-N,True,True,True,500.053,4.7167,103.13,2,7,2,0.4111,4.484,O=C(Nc1cn2nc1-c1ccc(cc1)CSCSCCC2)c1cnn2cccnc12,14,True,False,True,
CAND_318ca2a071,v5_5_pocket_guided,JAK2_31b4961f61,Cc1cc2c(Cl)cc1-c1nn(C)c(c1NC(=O)c1cnn3ccc(N)nc13)CCSCSC2,QPJIEXCMSYMIJA-UHFFFAOYSA-N,True,True,True,500.053,4.4061,103.13,2,7,2,0.4208,4.484,O=C(Nc1c2n[nH]c1CCSCSCc1ccc-2cc1)c1cnn2cccnc12,13,True,False,True,
CAND_35b54cf2d0,v5_5_pocket_guided,JAK2_dea7048134,C[C@@H]1Nc2cc(-c3cnn(C)c3)nc(n2)-n2cnc3cc(ncc32)COCNCc2ccc1cc2,CCOPCBQKJNRAJA-INIZCTEOSA-N,True,True,True,467.537,3.3614,107.6,2,8,1,0.3865,4.428,c1cc2ccc1CNCOCc1cc3ncn(c3cn1)-c1nc(cc(-c3cn[nH]c3)n1)NC2,19,True,False,True,
CAND_25ac157938,v5_5_pocket_guided,JAK2_dea7048134,C[C@@H]1Nc2cc(-c3cnn(C)c3)nc(n2)-n2cnc3cc(ncc32)COCNCCc2ccc1cc2,YSKQXCQEFMUHMB-KRWDZBQOSA-N,True,True,True,481.564,3.4039,107.6,2,8,1,0.3751,4.506,c1cc2ccc1CCNCOCc1cc3ncn(c3cn1)-c1nc(cc(-c3cn[nH]c3)n1)NC2,20,True,False,True,
CAND_b805389aa8,v5_5_pocket_guided,JAK2_dea7048134,C[C@@H]1Nc2cc(-c3cnn(C)c3)nc(n2)-n2cnc3ccnc(c32)COCNCc2ccc1cc2,IHPLGURPCAMQSS-INIZCTEOSA-N,True,True,True,467.537,3.3614,107.6,2,8,1,0.3865,4.428,c1cc2ncn3c2c(n1)COCNCc1ccc(cc1)CNc1cc(-c2cn[nH]c2)nc-3n1,17,True,False,True,
CAND_147203ca8d,v5_5_pocket_guided,JAK2_dea7048134,C[C@@H]1Nc2cc(-c3cnn(C)c3)nc(n2)-n2cnc3ccnc(c32)COCNCCc2ccc1cc2,OTUIRERWHVHKKT-KRWDZBQOSA-N,True,True,True,481.564,3.4039,107.6,2,8,1,0.3751,4.506,c1cc2ncn3c2c(n1)COCNCCc1ccc(cc1)CNc1cc(-c2cn[nH]c2)nc-3n1,18,True,False,True,
CAND_0305306792,v5_5_pocket_guided,JAK2_dea7048134,C[C@@H]1Nc2cc(nc(-n3cnc4ccncc43)n2)-c2cnn(c2)CCOCNCc2ccc1cc2,ODVYCCDDRXFQMS-KRWDZBQOSA-N,True,True,True,467.537,3.3244,107.6,2,8,1,0.3866,4.428,c1cc2ncn(-c3nc4cc(n3)-c3cnn(c3)CCOCNCc3ccc(cc3)CN4)c2cn1,18,True,False,True,
CAND_e026c0b2f3,v5_5_pocket_guided,JAK2_dea7048134,C[C@@H]1Nc2cc(nc(-n3cnc4ccncc43)n2)-c2cnn(c2)CCOCNCCc2ccc1cc2,RZUVYAXDJMTKDB-SFHVURJKSA-N,True,True,True,481.564,3.3669,107.6,2,8,1,0.3753,4.506,c1cc2ncn(-c3nc4cc(n3)-c3cnn(c3)CCOCNCCc3ccc(cc3)CN4)c2cn1,19,True,False,True,
CAND_4b510e4daf,v5_5_pocket_guided,JAK2_dea7048134,C[C@@H]1Nc2cc(-c3cnn(C)c3)nc(n2)-n2cnc3c(cncc32)COCNCc2ccc1cc2,UGEDPBWIYKBJLN-INIZCTEOSA-N,True,True,True,467.537,3.3614,107.6,2,8,1,0.3865,4.428,c1cc2ccc1CNCOCc1cncc3c1ncn3-c1nc(cc(-c3cn[nH]c3)n1)NC2,18,True,False,True,
CAND_a90e872972,v5_5_pocket_guided,JAK2_dea7048134,C[C@@H]1Nc2cc(-c3cnn(C)c3)nc(n2)-n2cnc3c(cncc32)COCNCCc2ccc1cc2,TZKFVKCUPIRVHP-KRWDZBQOSA-N,True,True,True,481.564,3.4039,107.6,2,8,1,0.3751,4.506,c1cc2ccc1CCNCOCc1cncc3c1ncn3-c1nc(cc(-c3cn[nH]c3)n1)NC2,19,True,False,True,
CAND_b5a0f72857,v5_5_pocket_guided,JAK2_dea7048134,C[C@@H]1Nc2cc(nc(-n3cnc4ccncc43)n2)-c2cn(C)nc2COCNCc2ccc1cc2,GNQZGICIPNVKDR-INIZCTEOSA-N,True,True,True,467.537,3.3614,107.6,2,8,1,0.3865,4.428,c1cc2ncn(-c3nc4cc(n3)-c3c[nH]nc3COCNCc3ccc(cc3)CN4)c2cn1,16,True,False,True,
CAND_d6653c2749,v5_5_pocket_guided,JAK2_dea7048134,C[C@@H]1Nc2cc(nc(-n3cnc4ccncc43)n2)-c2cn(C)nc2COCOCc2ccc1cc2,YXYSYCUGGUTTNP-INIZCTEOSA-N,True,True,True,468.521,3.7884,104.8,1,8,1,0.3963,4.433,c1cc2ncn(-c3nc4cc(n3)-c3c[nH]nc3COCOCc3ccc(cc3)CN4)c2cn1,16,True,False,True,
CAND_d131159e2f,v5_5_pocket_guided,JAK2_dea7048134,C[C@@H]1Nc2cc(nc(-n3cnc4ccncc43)n2)-c2cn(C)nc2COCNCCc2ccc1cc2,PAENQIGVZBQXRP-KRWDZBQOSA-N,True,True,True,481.564,3.4039,107.6,2,8,1,0.3751,4.506,c1cc2ncn(-c3nc4cc(n3)-c3c[nH]nc3COCNCCc3ccc(cc3)CN4)c2cn1,17,True,False,True,
CAND_87eff56b42,v5_5_pocket_guided,JAK2_dea7048134,C[C@@H]1Nc2cc(nc(-n3cnc4ccncc43)n2)-c2cn(C)nc2COCOCCc2ccc1cc2,WYCDXIRXQQUJBK-KRWDZBQOSA-N,True,True,True,482.548,3.8309,104.8,1,8,1,0.3844,4.511,c1cc2ncn(-c3nc4cc(n3)-c3c[nH]nc3COCOCCc3ccc(cc3)CN4)c2cn1,17,True,False,True,
CAND_96abac3e6a,v5_5_pocket_guided,JAK2_dea7048134,C[C@@H]1Nc2nc(-n3cnc4ccncc43)nc(-c3cnn(C)c3)c2CSCSCc2ccc1cc2,CLDYMSGRDPVLEN-INIZCTEOSA-N,True,True,True,500.657,5.2216,86.34,1,8,2,0.353,4.848,c1cc2ncn(-c3nc4c(c(-c5cn[nH]c5)n3)CSCSCc3ccc(cc3)CN4)c2cn1,13,True,False,True,
CAND_6f079ece64,v5_5_pocket_guided,JAK2_dea7048134,C[C@@H]1Nc2nc(-n3cnc4ccncc43)nc(-c3cnn(C)c3)c2CSCSCCc2ccc1cc2,LNQKJOWPWWNYFZ-KRWDZBQOSA-N,True,True,True,514.684,5.2641,86.34,1,8,2,0.3412,4.947,c1cc2ncn(-c3nc4c(c(-c5cn[nH]c5)n3)CSCSCCc3ccc(cc3)CN4)c2cn1,14,True,False,True,
CAND_fe333ac6a8,v5_5_pocket_guided,JAK2_dea7048134,C[C@@H]1Nc2cc(nc(-n3cnc4ccncc43)n2)-c2cnn(C)c2COCNCc2ccc1cc2,VKMNDSUZUDRYPU-INIZCTEOSA-N,True,True,True,467.537,3.3614,107.6,2,8,1,0.3865,4.428,c1cc2ncn(-c3nc4cc(n3)-c3cn[nH]c3COCNCc3ccc(cc3)CN4)c2cn1,16,True,False,True,
CAND_213cf503b5,v5_5_pocket_guided,JAK2_dea7048134,C[C@@H]1Nc2cc(nc(-n3cnc4ccncc43)n2)-c2cnn(C)c2COCOCc2ccc1cc2,FTDKJOLWSHVVHU-INIZCTEOSA-N,True,True,True,468.521,3.7884,104.8,1,8,1,0.3963,4.433,c1cc2ncn(-c3nc4cc(n3)-c3cn[nH]c3COCOCc3ccc(cc3)CN4)c2cn1,16,True,False,True,
CAND_3485e67436,v5_5_pocket_guided,JAK2_dea7048134,C[C@@H]1Nc2cc(nc(-n3cnc4ccncc43)n2)-c2cnn(C)c2COCNCCc2ccc1cc2,XMSNWSPQEDMAQQ-KRWDZBQOSA-N,True,True,True,481.564,3.4039,107.6,2,8,1,0.3751,4.506,c1cc2ncn(-c3nc4cc(n3)-c3cn[nH]c3COCNCCc3ccc(cc3)CN4)c2cn1,17,True,False,True,
CAND_fbf4bb128b,v5_5_pocket_guided,JAK2_dea7048134,C[C@@H]1Nc2cc(nc(-n3cnc4ccncc43)n2)-c2cnn(C)c2COCOCCc2ccc1cc2,XXJOMJBULGCGBB-KRWDZBQOSA-N,True,True,True,482.548,3.8309,104.8,1,8,1,0.3844,4.511,c1cc2ncn(-c3nc4cc(n3)-c3cn[nH]c3COCOCCc3ccc(cc3)CN4)c2cn1,17,True,False,True,
CAND_e1f17be740,v5_5_pocket_guided,JAK2_dea7048134,Cn1cc(-c2cc3nc(n2)-n2cnc4cc(ncc42)CCNCOCC[C@@H](c2ccccc2)N3)cn1,MOAGJADZEIMZKY-NRFANRHFSA-N,True,True,True,481.564,3.2741,107.6,2,8,2,0.3956,4.631,c1ccc([C@@H]2CCOCNCCc3cc4ncn(c4cn3)-c3nc(cc(-c4cn[nH]c4)n3)N2)cc1,17,True,False,True,
CAND_dfbb217b3d,v5_5_pocket_guided,JAK2_dea7048134,C[C@@H]1Nc2cc(-c3cnn(C)c3)nc(n2)-n2cnc3cc(ncc32)CNCOCc2cccc1c2,APKKQXYHKSBXSN-INIZCTEOSA-N,True,True,True,467.537,3.3614,107.6,2,8,1,0.3865,4.428,c1cc2cc(c1)COCNCc1cc3ncn(c3cn1)-c1nc(cc(-c3cn[nH]c3)n1)NC2,18,True,False,True,
CAND_96c39340e3,v5_5_pocket_guided,JAK2_70edd2cf07,N#CC1CN2C(=O)[C@@H](C3CC3)NC(=O)c3c[nH]c4ncc(nc34)-c3nn(c4cc(Cl)ccc34)CCOCNCCC12,PEHUHOLFNQAXMR-YBHUKKOHSA-N,True,True,True,574.045,2.4544,153.85,3,8,1,0.3137,5.52,O=C1N[C@H](C2CC2)C(=O)N2CCC2CCNCOCCn2nc(c3ccccc32)-c2cnc3[nH]cc1c3n2,20,True,False,True,
CAND_869cdd40b7,v5_5_pocket_guided,JAK2_4b47cf7d5d,COc1ncc2cc1CCSCCSCCc1ccc-2c2nc(N)nn12,WNRPUOOJQRLPMU-UHFFFAOYSA-N,True,True,True,387.534,2.9471,78.33,1,7,1,0.6876,3.534,c1nc2c3ccc(n2n1)CCSCCSCCc1cncc-3c1,15,True,False,True,
CAND_d336458ec5,v5_5_pocket_guided,JAK2_64908a7579,CC1COCNCCC2C/C=C/CN(C)Cc3cc(ccc3S1(=O)=O)Nc1nccc(n1)-c1cccc(c1)O2,RVBUVSOSKUVCOQ-ONEGZZNKSA-N,True,True,True,549.697,4.1559,105.68,2,9,0,0.4001,5.009,O=S1(=O)CCOCNCCC2C/C=C/CNCc3cc(ccc31)Nc1nccc(n1)-c1cccc(c1)O2,18,True,False,True,
CAND_333d8380cf,v5_5_pocket_guided,JAK2_aa0200c611,COc1cc2nccc(Oc3ccc(NC(=O)c4c5ccn(c4=O)-c4ccc(cc4)CNCSCCN5)nc3)c2cc1OC,WUBAMLZGZXBSJY-UHFFFAOYSA-N,True,True,True,610.696,5.0483,128.63,3,10,6,0.2403,5.622,O=C(Nc1ccc(Oc2ccnc3ccccc23)cn1)c1c2ccn(c1=O)-c1ccc(cc1)CNCSCCN2,15,True,False,True,
CAND_4f915c6504,v5_5_pocket_guided,JAK2_aa0200c611,COc1cc2nccc(Oc3ccc(NC(=O)c4c5ccn(c4=O)-c4ccc(cc4)CCNCSCCN5)nc3)c2cc1OC,VJUNZKNEAUMKIG-UHFFFAOYSA-N,True,True,True,624.723,5.0908,128.63,3,10,6,0.235,5.722,O=C(Nc1ccc(Oc2ccnc3ccccc23)cn1)c1c2ccn(c1=O)-c1ccc(cc1)CCNCSCCN2,16,True,False,True,
CAND_39c81e9e0f,v5_5_pocket_guided,JAK2_e984d68b65,CCc1c2cc(C(F)(F)F)cc1-c1[nH]c(cc1C(N)=O)-c1cc(nc(N)n1)CCOCSCC2,GVPRNERPOSIQDI-UHFFFAOYSA-N,True,True,True,491.539,4.2069,119.91,3,6,2,0.4941,4.236,c1cc2cc(c1)-c1ccc([nH]1)-c1cc(ncn1)CCOCSCC2,16,True,False,True,
CAND_c388f94aff,v5_5_pocket_guided,JAK2_e984d68b65,CCc1c2cc(C(F)(F)F)cc1-c1[nH]c(cc1C(N)=O)-c1cc(nc(N)n1)COCSC2,WVOFGVZGXOWNOS-UHFFFAOYSA-N,True,True,True,463.485,4.1219,119.91,3,6,2,0.5259,4.08,c1cc2cc(c1)-c1ccc([nH]1)-c1cc(ncn1)COCSC2,14,True,False,True,
CAND_b4c7a5bb49,v5_5_pocket_guided,JAK2_e984d68b65,CCc1c2cc(C(F)(F)F)cc1-c1[nH]c(cc1C(N)=O)-c1cc(nc(N)n1)CCOCSC2,MDDMQLVSBOVOJZ-UHFFFAOYSA-N,True,True,True,477.512,4.1644,119.91,3,6,2,0.5098,4.158,c1cc2cc(c1)-c1ccc([nH]1)-c1cc(ncn1)CCOCSC2,15,True,False,True,
CAND_f96188b540,v5_5_pocket_guided,JAK2_e984d68b65,CCc1ccc(C(F)(F)F)c2c1-c1[nH]c(cc1C(N)=O)-c1cc(nc(N)n1)CCSCSCC2,JLVSAHLLSRONRN-UHFFFAOYSA-N,True,True,True,507.607,4.9235,110.68,3,6,2,0.454,4.326,c1ccc2c(c1)CCSCSCCc1cc(ncn1)-c1ccc-2[nH]1,15,True,False,True,
CAND_43e4a741f4,v5_5_pocket_guided,JAK2_e984d68b65,CCc1ccc(C(F)(F)F)c2c1-c1[nH]c(cc1C(N)=O)-c1cc(nc(N)n1)CCSCSC2,XSYCROAAUXOUOY-UHFFFAOYSA-N,True,True,True,493.58,4.881,110.68,3,6,2,0.4693,4.248,c1ccc2c(c1)CSCSCCc1cc(ncn1)-c1ccc-2[nH]1,14,True,False,True,
CAND_b9a176210f,v5_5_pocket_guided,JAK2_e984d68b65,CCc1ccc(C(F)(F)F)c2c1-c1[nH]c(cc1C(N)=O)-c1cc(nc(N)n1)CSCSC2,WVZCKDVBYPDEGV-UHFFFAOYSA-N,True,True,True,479.553,4.8385,110.68,3,6,2,0.4852,4.17,c1ccc2c(c1)CSCSCc1cc(ncn1)-c1ccc-2[nH]1,13,True,False,True,
CAND_53002911bf,v5_5_pocket_guided,JAK2_e984d68b65,CCc1cc2c(C(F)(F)F)cc1-c1[nH]c(cc1C(N)=O)-c1cc(nc(N)n1)CCSCSCC2,JDLSNWKPEWSXPZ-UHFFFAOYSA-N,True,True,True,507.607,4.9235,110.68,3,6,2,0.454,4.526,c1nc2cc(n1)-c1ccc([nH]1)-c1ccc(cc1)CCSCSCC2,17,True,False,True,
CAND_a68fc59c0b,v5_5_pocket_guided,JAK2_e984d68b65,CCc1cc2c(C(F)(F)F)cc1-c1[nH]c(cc1C(N)=O)-c1cc(nc(N)n1)CNCOC2,KWXQXVWVPCPVNB-UHFFFAOYSA-N,True,True,True,446.433,2.9783,131.94,4,6,2,0.4786,4.186,c1nc2cc(n1)-c1ccc([nH]1)-c1ccc(cc1)COCNC2,15,True,False,True,
CAND_a77e12c523,v5_5_pocket_guided,JAK2_e984d68b65,CCc1cc2c(C(F)(F)F)cc1-c1[nH]c(cc1C(N)=O)-c1cc(nc(N)n1)CSCSC2,TYJBWUNKRZVTBX-UHFFFAOYSA-N,True,True,True,479.553,4.8385,110.68,3,6,2,0.4852,4.37,c1nc2cc(n1)-c1ccc([nH]1)-c1ccc(cc1)CSCSC2,15,True,False,True,
CAND_3375429b43,v5_5_pocket_guided,JAK2_e984d68b65,CCc1cc2c(C(F)(F)F)cc1-c1[nH]c(cc1C(N)=O)-c1cc(nc(N)n1)CCNCOC2,WBBJAHGYPSMBTH-UHFFFAOYSA-N,True,True,True,460.46,3.0208,131.94,4,6,2,0.4649,4.264,c1nc2cc(n1)-c1ccc([nH]1)-c1ccc(cc1)COCNCC2,16,True,False,True,
CAND_c6a5956286,v5_5_pocket_guided,JAK2_e984d68b65,CCc1cc2c(C(F)(F)F)cc1-c1[nH]c(cc1C(N)=O)-c1cc(nc(N)n1)CCSCSC2,FYSPLOGLVUKCGN-UHFFFAOYSA-N,True,True,True,493.58,4.881,110.68,3,6,2,0.4693,4.448,c1nc2cc(n1)-c1ccc([nH]1)-c1ccc(cc1)CSCSCC2,16,True,False,True,
CAND_0744ffa6d6,v5_5_pocket_guided,JAK2_e984d68b65,CC1CCSCCSCCc2cnc(N)nc2-c2cc(C(N)=O)c([nH]2)-c2cc(C(F)(F)F)ccc21,SVKJMRARAGRFHD-UHFFFAOYSA-N,True,True,True,521.634,5.3547,110.68,3,6,1,0.3979,4.706,c1ccc2c(c1)CCCSCCSCCc1cncnc1-c1ccc-2[nH]1,16,True,False,True,
CAND_a27ff6bc5d,v5_5_pocket_guided,JAK2_e984d68b65,CCc1c2cc(C(F)(F)F)cc1-c1[nH]c(-c3ccnc(N)n3)c(c1C(N)=O)CCSCSCC2,ZJIUTZLKCPNFDA-UHFFFAOYSA-N,True,True,True,507.607,4.9235,110.68,3,6,3,0.464,4.451,c1cc2cc(c1)-c1cc(c(-c3ccncn3)[nH]1)CCSCSCC2,13,True,False,True,
CAND_f7edbf02a9,v5_5_pocket_guided,JAK2_e984d68b65,CCc1c2cc(C(F)(F)F)cc1-c1[nH]c(cc1C(N)=O)-c1nc(N)ncc1CCSCSCC2,MEPDLTINVGGRBI-UHFFFAOYSA-N,True,True,True,507.607,4.9235,110.68,3,6,2,0.454,4.326,c1cc2cc(c1)-c1ccc([nH]1)-c1ncncc1CCSCSCC2,15,True,False,True,
CAND_389dcbbee6,v5_5_pocket_guided,JAK2_e984d68b65,CCc1c2cc(C(F)(F)F)cc1-c1[nH]c(cc1C(N)=O)-c1nc(N)ncc1CSCSCC2,VJAIBXXKGVYFRV-UHFFFAOYSA-N,True,True,True,493.58,4.881,110.68,3,6,2,0.4693,4.248,c1cc2cc(c1)-c1ccc([nH]1)-c1ncncc1CSCSCC2,14,True,False,True,
CAND_ce1c094078,v5_5_pocket_guided,JAK2_e984d68b65,CCc1c2cc(C(F)(F)F)cc1-c1[nH]c(cc1C(N)=O)-c1nc(N)ncc1CSCSC2,HVZMEECLLSHTLQ-UHFFFAOYSA-N,True,True,True,479.553,4.8385,110.68,3,6,2,0.4852,4.17,c1cc2cc(c1)-c1ccc([nH]1)-c1ncncc1CSCSC2,13,True,False,True,
CAND_8a5973fafe,v5_5_pocket_guided,JAK2_e984d68b65,CCc1ccc(C(F)(F)F)c2c1-c1[nH]c(cc1C(N)=O)-c1nc(N)ncc1CCSCSCC2,SYWBBMRKJCTOGS-UHFFFAOYSA-N,True,True,True,507.607,4.9235,110.68,3,6,2,0.454,4.326,c1ccc2c(c1)CCSCSCCc1cncnc1-c1ccc-2[nH]1,14,True,False,True,
CAND_662c534536,v5_5_pocket_guided,JAK2_e984d68b65,CCc1ccc(C(F)(F)F)c2c1-c1[nH]c(cc1C(N)=O)-c1nc(N)ncc1CSCSCC2,OYKNHMMQUYWXKY-UHFFFAOYSA-N,True,True,True,493.58,4.881,110.68,3,6,2,0.4693,4.248,c1ccc2c(c1)CCSCSCc1cncnc1-c1ccc-2[nH]1,13,True,False,True,
CAND_bad567dc32,v5_5_pocket_guided,JAK2_e984d68b65,CCc1ccc(C(F)(F)F)c2c1-c1[nH]c(cc1C(N)=O)-c1nc(N)ncc1CCSCCSCC2,MNGLRWOVHBZRFY-UHFFFAOYSA-N,True,True,True,521.634,4.966,110.68,3,6,2,0.4394,4.404,c1ccc2c(c1)CCSCCSCCc1cncnc1-c1ccc-2[nH]1,15,True,False,True,
CAND_d5f31bb51e,v5_5_pocket_guided,JAK2_e984d68b65,CCc1cc2c(C(F)(F)F)cc1-c1[nH]c(-c3ccnc(N)n3)c(c1C(N)=O)CCSCSCC2,NKPWYOPNHQAVSE-UHFFFAOYSA-N,True,True,True,507.607,4.9235,110.68,3,6,3,0.464,4.651,c1cc(-c2[nH]c3cc2CCSCSCCc2ccc-3cc2)ncn1,14,True,False,True,
CAND_0aa5884ea6,v5_5_pocket_guided,JAK2_975f88f891,O=C(CCl)N1C/C=C(/c2ccccc2)COCNCCC2COc3cc1ccc3O2,XLFBLJRUEYFVQZ-GIJQJNRQSA-N,True,True,True,428.916,3.4492,60.03,1,5,2,0.7423,4.338,C1=C(/c2ccccc2)COCNCCC2COc3cc(ccc3O2)NC/1,16,True,False,True,
CAND_d5fceecf54,v5_5_pocket_guided,JAK2_5d9eb4f9ea,CN1CCN2c3cc(Oc4c(F)cccc4F)nc(n3)-n3cnc4cc(ncc43)CNCOCC2C1,UOSGINVOZIUCCB-UHFFFAOYSA-N,True,True,True,494.506,2.4787,93.46,1,9,2,0.4511,4.703,c1ccc(Oc2cc3nc(n2)-n2cnc4cc(ncc42)CNCOCC2CNCCN32)cc1,15,True,False,True,
CAND_715358e1ce,v5_5_pocket_guided,JAK2_5d9eb4f9ea,CN1CCN(c2cc3nc(n2)-n2cnc4cc(ncc42)CNCOCc2ccc(F)c(c2F)O3)CC1,IXXZEAHQXUXROX-UHFFFAOYSA-N,True,True,True,494.506,2.6101,93.46,1,9,1,0.4286,4.328,c1cc2cc(c1)Oc1cc(N3CCNCC3)nc(n1)-n1cnc3cc(ncc31)CNCOC2,17,True,False,True,
CAND_d274cda64e,v5_5_pocket_guided,JAK2_5d9eb4f9ea,CN1CCN2c3cc(nc(-n4cnc5ccncc54)n3)Oc3c(F)ccc(c3F)CCCSCCSCCCC2C1,NTDGACHXMWWZLT-UHFFFAOYSA-N,True,True,True,597.761,5.5942,72.2,0,9,1,0.2791,5.449,c1cc2cc(c1)Oc1cc(nc(-n3cnc4ccncc43)n1)N1CCNCC1CCCSCCSCCC2,19,True,False,True,
CAND_babe2f2c95,v5_5_pocket_guided,JAK2_5d9eb4f9ea,CN1CCN2c3cc(Oc4c(F)cccc4F)nc(n3)-n3cnc4c(cncc43)CSCSCC2C1,VVRJCTUVIYQWKF-UHFFFAOYSA-N,True,True,True,527.626,4.3389,72.2,0,9,2,0.3786,4.887,c1ccc(Oc2cc3nc(n2)-n2cnc4c(cncc42)CSCSCC2CNCCN32)cc1,14,True,False,True,
CAND_3d174f92b3,v5_5_pocket_guided,JAK2_5d9eb4f9ea,CN1CCN(c2nc(-n3cnc4ccncc43)nc3c2CCSCCSCCc2cc(F)c(c(F)c2)O3)CC1,XWABYGDTQIHOMK-UHFFFAOYSA-N,True,True,True,569.707,4.5978,72.2,0,9,2,0.3445,4.871,c1cc2ncn(-c3nc4c(c(N5CCNCC5)n3)CCSCCSCCc3ccc(cc3)O4)c2cn1,15,True,False,True,
CAND_3a45dcc1e7,v5_5_pocket_guided,JAK2_5d9eb4f9ea,Fc1cccc(F)c1Oc1cc2nc(n1)-n1cnc3c(cncc31)CNCOCCN1CCN2CC1,LKANGERREXGCAP-UHFFFAOYSA-N,True,True,True,494.506,2.4803,93.46,1,9,2,0.4511,4.453,c1ccc(Oc2cc3nc(n2)-n2cnc4c(cncc42)CNCOCCN2CCN3CC2)cc1,17,True,False,True,
CAND_7a160da947,v5_5_pocket_guided,JAK2_de12304eb6,O=c1[nH]c2c3nc(-n4cnc5ccc(F)cc54)nc2n1Cc1c(F)cc(cc1F)CCCSCCSCCC3,AYCXJQYRLBEELW-UHFFFAOYSA-N,True,True,True,570.666,5.2693,81.39,1,6,1,0.2959,4.886,O=c1[nH]c2c3nc(-n4cnc5ccccc54)nc2n1Cc1ccc(cc1)CCCSCCSCCC3,19,True,False,True,
CAND_327736de45,v5_5_pocket_guided,JAK2_de12304eb6,O=c1[nH]c2c3nc(nc2n1Cc1c(F)cccc1F)-n1cnc2c(cc(F)cc21)CCSCCSCCC3,OFYBJHCTAXSYNC-UHFFFAOYSA-N,True,True,True,556.639,4.8792,81.39,1,6,2,0.334,4.798,O=c1[nH]c2c3nc(nc2n1Cc1ccccc1)-n1cnc2c(cccc21)CCSCCSCCC3,16,True,False,True,
CAND_d294af19d0,v5_5_pocket_guided,JAK2_de12304eb6,O=c1[nH]c2c3nc(-n4cnc5ccc(F)cc54)nc2n1Cc1c(F)ccc(c1F)CCCSCCSCCC3,AQZMMCJGIBFYTO-UHFFFAOYSA-N,True,True,True,570.666,5.2693,81.39,1,6,1,0.2959,4.886,O=c1[nH]c2c3nc(-n4cnc5ccccc54)nc2n1Cc1cccc(c1)CCCSCCSCCC3,18,True,False,True,
CAND_ad0bcbf04b,v5_5_pocket_guided,JAK2_de12304eb6,O=c1[nH]c2c3nc(nc2n1Cc1c(F)cccc1F)-n1cnc2cc(c(F)cc21)CCCSCCSCCC3,PWTXUSSBBICUQR-UHFFFAOYSA-N,True,True,True,570.666,5.2693,81.39,1,6,2,0.3116,5.011,O=c1[nH]c2c3nc(nc2n1Cc1ccccc1)-n1cnc2cc(ccc21)CCCSCCSCCC3,18,True,False,True,
CAND_615ab09d64,v5_5_pocket_guided,JAK2_58babf3cf4,CC(=O)N[C@@H]1CCc2c3cc(cc21)Oc1cnc2[nH]cc(c2n1)C(=O)N[C@H](C1CC1)C(=O)N1CC(C#N)(CNCOC3)C1,QFQUYBMOTOWFBV-ILBGXUMGSA-N,True,True,True,584.637,1.8115,174.36,4,9,2,0.3502,5.454,O=C1N[C@H](C2CC2)C(=O)N2CC(CNCOCc3cc(cc4c3CCC4)Oc3cnc4[nH]cc1c4n3)C2,20,True,False,True,
CAND_f72e50e4e0,v5_5_pocket_guided,JAK2_58babf3cf4,CC(=O)N[C@@H]1CCc2c3cc(cc21)Oc1cnc2[nH]cc(c2n1)C(=O)N[C@@H](C(=O)N1CC(C#N)C1)C1(CC1)CNCOC3,MJIWQKOGNVYFOA-BVAGGSTKSA-N,True,True,True,584.637,1.8115,174.36,4,9,2,0.3502,5.454,O=C1N[C@@H](C(=O)N2CCC2)C2(CC2)CNCOCc2cc(cc3c2CCC3)Oc2cnc3[nH]cc1c3n2,17,True,False,True,
CAND_b5802acb04,v5_5_pocket_guided,JAK2_e4d13b4bbb,NC(=O)c1cc2sc1Nc1cccc(n1)CN1CCOCC1COCOCc1cccc(F)c1-2,VZECPWMRKCNVAP-UHFFFAOYSA-N,True,True,True,484.553,3.4968,98.94,2,8,1,0.5455,4.523,c1cc2nc(c1)Nc1ccc(s1)-c1ccccc1COCOCC1COCCN1C2,17,True,False,True,
CAND_0d5dfb2f8b,v5_5_pocket_guided,JAK2_e4d13b4bbb,NC(=O)c1cc2sc1Nc1cc(cc(CN3CCOCC3)n1)COCOCc1ccc-2c(F)c1,MTLQQBURUXHULE-UHFFFAOYSA-N,True,True,True,484.553,3.6282,98.94,2,8,3,0.5858,4.523,c1cc2ccc1COCOCc1cc(CN3CCOCC3)nc(c1)Nc1ccc-2s1,16,True,False,True,
CAND_4729640931,v5_5_pocket_guided,JAK2_e4d13b4bbb,NC(=O)c1cc2sc1Nc1cccc(n1)C(N1CCOCC1)COCOCCc1ccc-2c(F)c1,KDUUBIDUBKZWNW-UHFFFAOYSA-N,True,True,True,498.58,3.7118,98.94,2,8,2,0.5558,4.725,c1cc2nc(c1)C(N1CCOCC1)COCOCCc1ccc(cc1)-c1ccc(s1)N2,18,True,False,True,
CAND_34455eab88,v5_5_pocket_guided,JAK2_e4d13b4bbb,NC(=O)c1cc2sc1Nc1cccc(n1)C(N1CCOCC1)COCOCc1ccc-2c(F)c1,JJODODDLXWSFOW-UHFFFAOYSA-N,True,True,True,484.553,3.6693,98.94,2,8,2,0.5727,4.648,c1cc2nc(c1)C(N1CCOCC1)COCOCc1ccc(cc1)-c1ccc(s1)N2,17,True,False,True,
CAND_e0583d4a2c,v5_5_pocket_guided,JAK2_e4d13b4bbb,NC(=O)c1cc2sc1Nc1ccc(c(CN3CCOCC3)n1)COCOCCc1ccc-2c(F)c1,CFHGRCSMTUOOPP-UHFFFAOYSA-N,True,True,True,498.58,3.6707,98.94,2,8,3,0.5685,4.6,c1cc2ccc1CCOCOCc1ccc(nc1CN1CCOCC1)Nc1ccc-2s1,18,True,False,True,
CAND_74f579f214,v5_5_pocket_guided,JAK2_e4d13b4bbb,NC(=O)c1cc2sc1Nc1cccc(n1)C(N1CCOCC1)COCOCCc1ccc(F)c-2c1,OLIJFZCLBBAWJB-UHFFFAOYSA-N,True,True,True,498.58,3.7118,98.94,2,8,2,0.5558,4.725,c1cc2cc(c1)-c1ccc(s1)Nc1cccc(n1)C(N1CCOCC1)COCOCC2,17,True,False,True,
CAND_47521808b3,v5_5_pocket_guided,JAK2_e4d13b4bbb,NC(=O)c1cc2sc1Nc1ccc(c(CN3CCOCC3)n1)COCOCc1ccc(F)c-2c1,NVOZYXQEXFJOQV-UHFFFAOYSA-N,True,True,True,484.553,3.6282,98.94,2,8,3,0.5858,4.523,c1cc2cc(c1)-c1ccc(s1)Nc1ccc(c(CN3CCOCC3)n1)COCOC2,16,True,False,True,
CAND_66dadee58f,v5_5_pocket_guided,JAK2_e4d13b4bbb,NC(=O)c1cc2sc1Nc1ccc(c(CN3CCOCC3)n1)COCOCCc1ccc(F)c-2c1,PGHOSKQBRKVHSF-UHFFFAOYSA-N,True,True,True,498.58,3.6707,98.94,2,8,3,0.5685,4.6,c1cc2cc(c1)-c1ccc(s1)Nc1ccc(c(CN3CCOCC3)n1)COCOCC2,17,True,False,True,
CAND_a29bc33f75,v5_5_pocket_guided,JAK2_e4d13b4bbb,NC(=O)c1cc2sc1Nc1ccc(c(CN3CCOCC3)n1)COCOCc1cccc-2c1F,AZVLRMZUVDKHPC-UHFFFAOYSA-N,True,True,True,484.553,3.6282,98.94,2,8,3,0.5858,4.523,c1cc2cc(c1)-c1ccc(s1)Nc1ccc(c(CN3CCOCC3)n1)COCOC2,16,True,False,True,
CAND_7482bcc82c,v5_5_pocket_guided,JAK2_e4d13b4bbb,NC(=O)c1cc2sc1Nc1ccc(c(CN3CCOCC3)n1)COCOCCc1cccc-2c1F,HZAUNAIBMWHDFC-UHFFFAOYSA-N,True,True,True,498.58,3.6707,98.94,2,8,3,0.5685,4.6,c1cc2cc(c1)-c1ccc(s1)Nc1ccc(c(CN3CCOCC3)n1)COCOCC2,17,True,False,True,
CAND_1dc624d7d9,v5_5_pocket_guided,JAK2_e4d13b4bbb,NC(=O)c1cc2sc1Nc1ccc(c(CN3CCOCC3)n1)COCOCCc1cccc(F)c1-2,ANOCSYWPDRMWPM-UHFFFAOYSA-N,True,True,True,498.58,3.6707,98.94,2,8,3,0.5685,4.6,c1ccc2c(c1)CCOCOCc1ccc(nc1CN1CCOCC1)Nc1ccc-2s1,16,True,False,True,
CAND_451d6a1f05,v5_5_pocket_guided,JAK2_70fe545409,COc1ccc2c(c1)CCSCCSCCCCOc1cc(Cc3cnc(N)nc3N)ccc1OC2,OUEGRCMAZAOARA-UHFFFAOYSA-N,True,True,True,526.728,5.0009,105.51,2,9,3,0.4875,4.557,c1ccc2c(c1)CCSCCSCCCCOc1cc(Cc3cncnc3)ccc1OC2,17,True,False,True,
CAND_6492222717,v5_5_pocket_guided,JAK2_70fe545409,COc1c2ccc(Cc3cnc(N)nc3N)c1CSCNCCOc1ccc(cc1)CO2,TZVXUVGMJUJRGG-UHFFFAOYSA-N,True,True,True,453.568,2.9921,117.54,3,9,3,0.5499,4.35,c1ncc(Cc2ccc3cc2CSCNCCOc2ccc(cc2)CO3)cn1,16,True,False,True,
CAND_86d9b8b7e9,v5_5_pocket_guided,JAK2_763cf817fa,CC1Nc2nc(Nc3cn(C)cn3)c3[nH]c(cc3n2)CCNCOCc2nc1ncc2F,ROQBNLXNAXIANU-UHFFFAOYSA-N,True,True,True,438.471,2.157,130.49,4,9,2,0.3718,4.392,c1cc2nc(n1)CNc1nc(Nc3c[nH]cn3)c3[nH]c(cc3n1)CCNCOC2,16,True,False,True,
CAND_6b3203d0fa,v5_5_pocket_guided,JAK2_471915c039,O=c1[nH]c2cc3c(Nc4c(F)cc(F)cc4Cl)nc4cc(ncc4c13)CCSCSCC2,DVRKRUKEMANJFO-UHFFFAOYSA-N,True,True,True,490.988,5.669,70.67,2,6,2,0.3528,4.768,O=c1[nH]c2cc3c(Nc4ccccc4)nc4cc(ncc4c13)CCSCSCC2,15,True,False,True,
CAND_5625d67564,v5_5_pocket_guided,JAK2_471915c039,O=c1[nH]cc2c3c(Nc4c(F)cc(F)cc4Cl)nc4cc(ncc4c13)CCSCSCC2,SKYXCYNXSNHSOM-UHFFFAOYSA-N,True,True,True,490.988,5.669,70.67,2,6,2,0.3528,4.768,O=c1[nH]cc2c3c(Nc4ccccc4)nc4cc(ncc4c13)CCSCSCC2,14,True,False,True,
CAND_dcfe5cefe3,v5_5_pocket_guided,JAK2_471915c039,O=c1[nH]ccc2c3nc4cc(ncc4c12)CCSCSCc1c(F)cc(Cl)c(c1F)N3,NKVRUEDCFXKDAJ-UHFFFAOYSA-N,True,True,True,476.961,5.6265,70.67,2,6,0,0.3206,4.419,O=c1[nH]ccc2c3nc4cc(ncc4c12)CCSCSCc1cccc(c1)N3,15,True,False,True,
CAND_65678a9595,v5_5_pocket_guided,JAK2_471915c039,O=c1[nH]ccc2c3nc4cc(ncc4c12)CCSCSCc1c(F)cc(F)c(c1Cl)N3,UMSNCUZRGHIXKX-UHFFFAOYSA-N,True,True,True,476.961,5.6265,70.67,2,6,0,0.3206,4.419,O=c1[nH]ccc2c3nc4cc(ncc4c12)CCSCSCc1cccc(c1)N3,15,True,False,True,
CAND_a0343ba4a4,v5_5_pocket_guided,JAK2_471915c039,O=c1[nH]ccc2c3nc4ccnc(c4c12)CCSCSCc1c(F)cc(Cl)c(c1F)N3,GMMDHZIOPKOGMQ-UHFFFAOYSA-N,True,True,True,476.961,5.6265,70.67,2,6,0,0.3206,4.419,O=c1[nH]ccc2c3nc4ccnc(c4c12)CCSCSCc1cccc(c1)N3,15,True,False,True,
CAND_f6f53842bd,v5_5_pocket_guided,JAK2_471915c039,O=c1[nH]ccc2c3nc4ccnc(c4c12)CCSCSCc1c(F)cc(F)c(c1Cl)N3,WTTMMHREYJUMII-UHFFFAOYSA-N,True,True,True,476.961,5.6265,70.67,2,6,0,0.3206,4.419,O=c1[nH]ccc2c3nc4ccnc(c4c12)CCSCSCc1cccc(c1)N3,15,True,False,True,
CAND_6b24d7aab5,v5_5_pocket_guided,JAK2_471915c039,O=c1[nH]c2cc3c(Nc4c(F)cc(F)cc4Cl)nc4c(cncc4c13)CCSCCSCCC2,TWRQGNOARALHID-UHFFFAOYSA-N,True,True,True,519.042,6.1016,70.67,2,6,2,0.3123,5.14,O=c1[nH]c2cc3c(Nc4ccccc4)nc4c(cncc4c13)CCSCCSCCC2,16,True,False,True,
CAND_9e8be32a59,v5_5_pocket_guided,JAK2_471915c039,O=c1[nH]c2cc3c(Nc4c(F)cc(F)cc4Cl)nc4c(cncc4c13)CCSCSCC2,IZVZRWXZIAXFRZ-UHFFFAOYSA-N,True,True,True,490.988,5.669,70.67,2,6,2,0.3528,4.768,O=c1[nH]c2cc3c(Nc4ccccc4)nc4c(cncc4c13)CCSCSCC2,14,True,False,True,
CAND_a64c6f59d5,v5_5_pocket_guided,JAK2_471915c039,O=c1[nH]c2cc3c(nc4ccncc4c13)Nc1c(Cl)cc(F)c(c1F)CCSCSCC2,WLETWALDCULROE-UHFFFAOYSA-N,True,True,True,490.988,5.669,70.67,2,6,0,0.3094,4.518,O=c1[nH]c2cc3c(nc4ccncc4c13)Nc1cccc(c1)CCSCSCC2,15,True,False,True,
CAND_b83d707b9a,v5_5_pocket_guided,JAK2_471915c039,O=c1[nH]c2cc3c(nc4ccncc4c13)Nc1c(Cl)cc(F)c(c1F)CCSCCSCCC2,XMZXBVUYDVVCQK-UHFFFAOYSA-N,True,True,True,519.042,6.1016,70.67,2,6,0,0.274,4.89,O=c1[nH]c2cc3c(nc4ccncc4c13)Nc1cccc(c1)CCSCCSCCC2,17,True,False,True,
CAND_fccdea07d6,v5_5_pocket_guided,JAK2_471915c039,O=c1[nH]c2cc3c(nc4ccncc4c13)Nc1c(F)cc(F)c(c1Cl)CCSCSCC2,DVLYTVFMYGBRRF-UHFFFAOYSA-N,True,True,True,490.988,5.669,70.67,2,6,0,0.3094,4.518,O=c1[nH]c2cc3c(nc4ccncc4c13)Nc1cccc(c1)CCSCSCC2,15,True,False,True,
CAND_47782f688b,v5_5_pocket_guided,JAK2_471915c039,O=c1[nH]c2cc3c(nc4ccncc4c13)Nc1c(F)cc(F)c(c1Cl)CCSCCSCCC2,OREDYJBVOQPYAY-UHFFFAOYSA-N,True,True,True,519.042,6.1016,70.67,2,6,0,0.274,4.89,O=c1[nH]c2cc3c(nc4ccncc4c13)Nc1cccc(c1)CCSCCSCCC2,17,True,False,True,
CAND_21950a2730,v5_5_pocket_guided,JAK2_471915c039,O=c1[nH]cc2c3c(nc4ccncc4c13)Nc1c(Cl)cc(F)c(c1F)CCSCSCC2,SLXXZXXHQARMJS-UHFFFAOYSA-N,True,True,True,490.988,5.669,70.67,2,6,0,0.3094,4.518,O=c1[nH]cc2c3c(nc4ccncc4c13)Nc1cccc(c1)CCSCSCC2,14,True,False,True,
CAND_bb30bb6066,v5_5_pocket_guided,JAK2_471915c039,O=c1[nH]cc2c3c(nc4ccncc4c13)Nc1c(F)cc(F)c(c1Cl)CCSCSCC2,RDRCHMMHXXPEER-UHFFFAOYSA-N,True,True,True,490.988,5.669,70.67,2,6,0,0.3094,4.518,O=c1[nH]cc2c3c(nc4ccncc4c13)Nc1cccc(c1)CCSCSCC2,14,True,False,True,
CAND_df4b9dd3ac,v5_5_pocket_guided,JAK2_87f82fe33f,O=C(Nc1cc2cc(c1)Nc1nccc(n1)-c1ccc3c(c1)OCC/C=C/CN(CCCOCCOCC3)C2)C(F)(F)F,LMOBXXBJGZJKPN-OWOJBTEDSA-N,True,True,True,597.638,5.5081,97.84,2,8,1,0.3549,5.405,C1=C/CN2CCCOCCOCCc3ccc(cc3OCC/1)-c1ccnc(n1)Nc1cccc(c1)C2,18,True,False,True,
CAND_a2a7fe8e90,v5_5_pocket_guided,JAK2_16664f4335,ClC1CCOCOCc2cc3nc(n2)Nc2ccc(c(c2)COCC=CCOCc2cccc-3c2)OC1,PWGGZLBGKIVCIP-UHFFFAOYSA-N,True,True,True,524.017,5.3708,83.96,1,8,0,0.3108,4.802,C1=CCOCc2cc3ccc2OCCCCOCOCc2cc(nc(n2)N3)-c2cccc(c2)COC1,18,True,False,True,
CAND_8bffe34cec,v5_5_pocket_guided,JAK2_01d8a80836,C1=C/Cn2ccc3ccc(cc32)-c2cc3nc(n2)Nc2ccc(c(c2)COC/1)OCCN1CCC(CCOCOC3)C1,FUOKVDGZWSJKPS-OWOJBTEDSA-N,True,True,True,567.69,5.5234,82.9,1,8,0,0.2782,5.371,C1=C/Cn2ccc3ccc(cc32)-c2cc3nc(n2)Nc2ccc(c(c2)COC/1)OCCN1CCC(CCOCOC3)C1,20,True,False,True,
CAND_918d65ad81,v5_5_pocket_guided,JAK2_01d8a80836,C1=C/Cn2ccc3ccc(cc32)-c2cc3nc(n2)Nc2ccc(c(c2)COC/1)OC(CN1CCCC1)CCOCCOCC3,SEGBGRINRQQCHR-ONEGZZNKSA-N,True,True,True,595.744,5.7509,82.9,1,8,2,0.2936,5.641,C1=C/Cn2ccc3ccc(cc32)-c2cc3nc(n2)Nc2ccc(c(c2)COC/1)OC(CN1CCCC1)CCOCCOCC3,18,True,False,True,
CAND_c512401d0b,v5_5_pocket_guided,JAK2_01d8a80836,C1=C/Cn2ccc3ccc(cc32)-c2cc3nc(n2)Nc2ccc(c(c2)COC/1)OCCN1CCCC1CCOCOCC3,TZEZEOKNUPDRPB-OWOJBTEDSA-N,True,True,True,581.717,5.7084,82.9,1,8,0,0.2647,5.292,C1=C/Cn2ccc3ccc(cc32)-c2cc3nc(n2)Nc2ccc(c(c2)COC/1)OCCN1CCCC1CCOCOCC3,20,True,False,True,
CAND_61d7f4a4c5,v5_5_pocket_guided,JAK2_427939efd5,NC(=O)c1cc2sc1Nc1cc(c(F)cn1)COCNCCc1ccc-2cc1,DZAWVDZPKQAIGN-UHFFFAOYSA-N,True,True,True,398.463,3.4115,89.27,3,6,1,0.5846,3.794,c1cc2cc(n1)Nc1ccc(s1)-c1ccc(cc1)CCNCOC2,17,True,False,True,
CAND_fa2d656067,v5_5_pocket_guided,JAK2_427939efd5,NC(=O)c1cc2sc1Nc1ccc(F)c(n1)COCNCCc1ccc-2cc1,BPFXQYMVWNYSQQ-UHFFFAOYSA-N,True,True,True,398.463,3.4115,89.27,3,6,1,0.5846,3.794,c1cc2nc(c1)Nc1ccc(s1)-c1ccc(cc1)CCNCOC2,17,True,False,True,
CAND_bb8bfba213,v5_5_pocket_guided,JAK2_fbbcd63fe7,N#CCNC(=O)c1ccc(-c2cc3nc(n2)Nc2ccc(c(F)c2)N2CCOC(CNCOC3)C2)cc1,PULRODUIRJDGID-UHFFFAOYSA-N,True,True,True,503.538,2.5622,124.43,3,9,3,0.4627,4.878,c1ccc(-c2cc3nc(n2)Nc2ccc(cc2)N2CCOC(CNCOC3)C2)cc1,16,True,False,True,
CAND_2118db7376,v5_5_pocket_guided,JAK2_fbbcd63fe7,N#CCNC(=O)c1ccc(-c2cc3nc(n2)Nc2ccc(c(F)c2)N2CCOC(CCNCOC3)C2)cc1,OKNKXTVXSVOPEI-UHFFFAOYSA-N,True,True,True,517.565,2.9523,124.43,3,9,3,0.4499,4.956,c1ccc(-c2cc3nc(n2)Nc2ccc(cc2)N2CCOC(CCNCOC3)C2)cc1,17,True,False,True,
CAND_1dc3b1d199,v5_5_pocket_guided,JAK2_fbbcd63fe7,N#CCNC(=O)c1ccc(-c2ccnc(Nc3ccc4c(F)c3CCSCSCCC3CN4CCO3)n2)cc1,UTTGNBXBCOLNRG-UHFFFAOYSA-N,True,True,True,564.712,4.855,103.17,2,9,5,0.4209,5.468,c1ccc(-c2ccnc(Nc3ccc4cc3CCSCSCCC3CN4CCO3)n2)cc1,13,True,False,True,
CAND_6d0d10e531,v5_5_pocket_guided,JAK2_fbbcd63fe7,N#CCNC(=O)c1ccc(-c2ccnc(Nc3cc(F)c4cc3CCSCSCCC3CN4CCO3)n2)cc1,VXARYZNVZRXGPT-UHFFFAOYSA-N,True,True,True,564.712,4.855,103.17,2,9,5,0.4209,5.468,c1ccc(-c2ccnc(Nc3ccc4cc3CCSCSCCC3CN4CCO3)n2)cc1,13,True,False,True,
CAND_ec7183ec99,v5_5_pocket_guided,JAK2_fbbcd63fe7,N#CCNC(=O)c1ccc(-c2cc3nc(n2)Nc2ccc(c(F)c2)N2CCOCC2CCNCOC3)cc1,MZDZFLVSLAXOAL-UHFFFAOYSA-N,True,True,True,517.565,2.9523,124.43,3,9,3,0.4499,4.956,c1ccc(-c2cc3nc(n2)Nc2ccc(cc2)N2CCOCC2CCNCOC3)cc1,16,True,False,True,
CAND_bb7836aa4d,v5_5_pocket_guided,JAK2_fbbcd63fe7,N#CCNC(=O)c1ccc(-c2cc3nc(n2)Nc2ccc(c(F)c2)N2CCOCC2CCSCSC3)cc1,KRAXYLXRHOGAMH-UHFFFAOYSA-N,True,True,True,550.685,4.8125,103.17,2,9,3,0.4447,5.14,c1ccc(-c2cc3nc(n2)Nc2ccc(cc2)N2CCOCC2CCSCSC3)cc1,16,True,False,True,
CAND_1258fa0495,v5_5_pocket_guided,JAK2_fbbcd63fe7,N#CCNC(=O)c1ccc(-c2cc3nc(n2)Nc2ccc(c(F)c2)N2CCOCC2CNCOC3)cc1,WOGRZOAXORFJQW-UHFFFAOYSA-N,True,True,True,503.538,2.5622,124.43,3,9,3,0.4627,4.878,c1ccc(-c2cc3nc(n2)Nc2ccc(cc2)N2CCOCC2CNCOC3)cc1,15,True,False,True,
CAND_4d1048b9bf,v5_5_pocket_guided,JAK2_fbbcd63fe7,N#CCNC(=O)c1ccc(-c2cc3nc(n2)Nc2ccc(c(F)c2)N2CCOCC2CSCSC3)cc1,ZPRCXSDKIPOOEI-UHFFFAOYSA-N,True,True,True,536.658,4.4224,103.17,2,9,3,0.4709,5.062,c1ccc(-c2cc3nc(n2)Nc2ccc(cc2)N2CCOCC2CSCSC3)cc1,15,True,False,True,
CAND_234cd80ace,v5_5_pocket_guided,JAK2_fbbcd63fe7,N#CCNC(=O)c1ccc(-c2cc3nc(n2)Nc2ccc(c(F)c2)N2CCOCC2CCSCSCC3)cc1,TUISXJMOJFUFNH-UHFFFAOYSA-N,True,True,True,564.712,4.855,103.17,2,9,3,0.4321,5.218,c1ccc(-c2cc3nc(n2)Nc2ccc(cc2)N2CCOCC2CCSCSCC3)cc1,17,True,False,True,
CAND_e2eea9cf80,v5_5_pocket_guided,JAK2_fbbcd63fe7,N#CCNC(=O)c1ccc(-c2cc3nc(n2)Nc2cc(F)c(N4CCOCC4)c(c2)CSCSCC3)cc1,HYMGPLZRNYRKIQ-UHFFFAOYSA-N,True,True,True,550.685,4.5963,103.17,2,9,4,0.4514,5.015,c1ccc(-c2cc3nc(n2)Nc2ccc(N4CCOCC4)c(c2)CSCSCC3)cc1,13,True,False,True,
CAND_a40312a34a,v5_5_pocket_guided,JAK2_fbbcd63fe7,N#CCNC(=O)c1ccc2cc1CSCSCCc1cc(cc(F)c1N1CCOCC1)Nc1nccc-2n1,BGFUEEPGUVGIQI-UHFFFAOYSA-N,True,True,True,550.685,4.5963,103.17,2,9,3,0.4532,4.89,c1cc2cc(c1)-c1ccnc(n1)Nc1ccc(N3CCOCC3)c(c1)CCSCSC2,16,True,False,True,
CAND_9bcd026a3d,v5_5_pocket_guided,JAK2_fbbcd63fe7,N#CCNC(=O)c1ccc2c(c1)CSCSCCc1cc(cc(F)c1N1CCOCC1)Nc1nccc-2n1,VAHMFJXOZAVTOH-UHFFFAOYSA-N,True,True,True,550.685,4.5963,103.17,2,9,3,0.4532,4.89,c1ccc2c(c1)CSCSCCc1cc(ccc1N1CCOCC1)Nc1nccc-2n1,15,True,False,True,
CAND_79f948044f,v5_5_pocket_guided,JAK2_fbbcd63fe7,N#CCNC(=O)c1ccc2cc1CSCSCCc1cc(N3CCOCC3)c(F)cc1Nc1nccc-2n1,AQUOCFDYLCRTDV-UHFFFAOYSA-N,True,True,True,550.685,4.5963,103.17,2,9,3,0.4532,4.89,c1cc2cc(c1)-c1ccnc(n1)Nc1ccc(N3CCOCC3)cc1CCSCSC2,15,True,False,True,
CAND_6d7115d3ed,v5_5_pocket_guided,JAK2_88aea7d062,Cc1cc2cc(c1C(=O)N1CCOCC1)COCNCCc1cc(cc(F)c1CN1CCOCC1)-c1cccc3ncc-2nc13,HSLLOBJTGOLZTR-UHFFFAOYSA-N,True,True,True,611.718,4.3357,89.05,1,8,3,0.3664,5.229,O=C(c1ccc2cc1COCNCCc1cc(ccc1CN1CCOCC1)-c1cccc3ncc-2nc13)N1CCOCC1,16,True,False,True,
CAND_b7395df940,v5_5_pocket_guided,JAK2_14588c086c,CN1CCN2c3ccc(cc3Cl)Nc3nc(c4ccc(-c5cccc(S(=O)(=O)NC(C)(C)C)c5)n4n3)CSCOCC2C1,SDJWFUBBXJTHQK-UHFFFAOYSA-N,True,True,True,642.251,5.2114,104.1,2,9,3,0.3119,5.754,c1ccc(-c2ccc3c4nc(nn23)Nc2ccc(cc2)N2CCNCC2COCSC4)cc1,15,True,False,True,
CAND_f4df5baf09,v5_5_pocket_guided,JAK2_14588c086c,CN1CCN(c2ccc3c(c2Cl)COCNCc2cc(cc(S(=O)(=O)NC(C)(C)C)c2)-c2ccc4cnc(nn24)N3)CC1,LTLDTNKXLJIQES-UHFFFAOYSA-N,True,True,True,625.199,4.1992,116.13,3,9,3,0.3084,5.304,c1cc2cc(c1)-c1ccc3cnc(nn13)Nc1ccc(N3CCNCC3)cc1COCNC2,15,True,False,True,
CAND_25ebbdaef4,v5_5_pocket_guided,JAK2_14588c086c,CN1CCN(c2ccc(Nc3nc4c5ccc(n5n3)-c3cccc(c3)S(=O)(=O)NC(C)(C)CCNCOC4)cc2Cl)CC1,ZPPMLBUWTBZRFY-UHFFFAOYSA-N,True,True,True,625.199,4.0694,116.13,3,9,3,0.3102,5.304,O=S1(=O)NCCCNCOCc2nc(Nc3ccc(N4CCNCC4)cc3)nn3c(ccc23)-c2cccc1c2,16,True,False,True,
CAND_8f771a9dff,v5_5_pocket_guided,JAK2_14588c086c,CN1CCN(c2ccc(Nc3nc4c5ccc(n5n3)-c3cccc(c3)S(=O)(=O)NC(C)(C)CCOCOC4)cc2Cl)CC1,NTLLZESXYVZKJH-UHFFFAOYSA-N,True,True,True,626.183,4.4964,113.33,2,9,3,0.3398,5.309,O=S1(=O)NCCCOCOCc2nc(Nc3ccc(N4CCNCC4)cc3)nn3c(ccc23)-c2cccc1c2,16,True,False,True,
CAND_2ac36f7357,v5_5_pocket_guided,JAK2_14588c086c,CN1CCN(c2ccc(Nc3ncc4c5cc(n4n3)-c3cccc(c3)S(=O)(=O)NC(C)(C)CCNCOC5)cc2Cl)CC1,GQPSQOFMESUEHP-UHFFFAOYSA-N,True,True,True,625.199,4.0694,116.13,3,9,3,0.3102,5.304,O=S1(=O)NCCCNCOCc2cc(n3nc(Nc4ccc(N5CCNCC5)cc4)ncc23)-c2cccc1c2,15,True,False,True,
CAND_7e196925e5,v5_5_pocket_guided,JAK2_14588c086c,CN1CCN(c2ccc(Nc3ncc4c5cc(n4n3)-c3cccc(c3)S(=O)(=O)NC(C)(C)CCOCOC5)cc2Cl)CC1,WMOBOCMSAXXSEM-UHFFFAOYSA-N,True,True,True,626.183,4.4964,113.33,2,9,3,0.3398,5.309,O=S1(=O)NCCCOCOCc2cc(n3nc(Nc4ccc(N5CCNCC5)cc4)ncc23)-c2cccc1c2,15,True,False,True,
CAND_9ce1009cea,v5_5_pocket_guided,JAK2_14588c086c,CN1CCN(c2ccc3c(c2Cl)COCNCCC(C)(C)NS(=O)(=O)c2cccc(c2)-c2ccc4cnc(nn24)N3)CC1,BRHAEMRPDNLBBK-UHFFFAOYSA-N,True,True,True,625.199,4.0694,116.13,3,9,1,0.2882,5.054,O=S1(=O)NCCCNCOCc2cc(N3CCNCC3)ccc2Nc2ncc3ccc(n3n2)-c2cccc1c2,19,True,False,True,
CAND_3e3da6db7e,v5_5_pocket_guided,JAK2_4d4ffae9ce,CC(=O)N[C@@H]1CCc2c3cc(cc21)Oc1cnc2[nH]cc(c2n1)C(=O)N[C@H](C)C1(CCNCOC3)CC1,AJSHUYWZVAGEFP-IVZQSRNASA-N,True,True,True,504.591,3.2395,130.26,4,7,1,0.4002,4.884,O=C1NCC2(CCNCOCc3cc(cc4c3CCC4)Oc3cnc4[nH]cc1c4n3)CC2,18,True,False,True,
CAND_8c9a7334d6,v5_5_pocket_guided,JAK2_4d4ffae9ce,CC(=O)N[C@@H]1CCc2c3cc(cc21)Oc1cnc2[nH]cc(c2n1)C(=O)N[C@H](C)C1CC1CNCOC3,GJACOYMRWOLPJA-FXUQDHPKSA-N,True,True,True,490.564,2.7053,130.26,4,7,1,0.4126,5.306,O=C1NCC2CC2CNCOCc2cc(cc3c2CCC3)Oc2cnc3[nH]cc1c3n2,18,True,False,True,
CAND_e6f4c636b5,v5_5_pocket_guided,JAK2_2001e52f1c,Nc1ccn2ncc(C(=O)Nc3cn4nc3-c3cc(Cl)cc(c3)CCSCSCC4)c2n1,WTOONOQKMNJMPW-UHFFFAOYSA-N,True,True,True,486.026,4.0607,103.13,2,7,2,0.4409,4.406,O=C(Nc1cn2nc1-c1cccc(c1)CCSCSCC2)c1cnn2cccnc12,13,True,False,True,
CAND_65a30b6e63,v5_5_pocket_guided,JAK2_2001e52f1c,Nc1ccn2ncc(C(=O)Nc3cn4nc3-c3cc(Cl)cc(c3)CCCSCCSCCC4)c2n1,RRQYIKMLLHHYTA-UHFFFAOYSA-N,True,True,True,528.107,4.8834,103.13,2,7,2,0.3825,4.639,O=C(Nc1cn2nc1-c1cccc(c1)CCCSCCSCCC2)c1cnn2cccnc12,16,True,False,True,
CAND_b12905a959,v5_5_pocket_guided,JAK2_2001e52f1c,Nc1ccn2ncc(C(=O)Nc3cn4nc3-c3ccc(c(Cl)c3)CSCSCCC4)c2n1,MJGYXYIHISCUTF-UHFFFAOYSA-N,True,True,True,486.026,4.4083,103.13,2,7,2,0.4331,4.406,O=C(Nc1cn2nc1-c1ccc(cc1)CSCSCCC2)c1cnn2cccnc12,14,True,False,True,
CAND_bf23571262,v5_5_pocket_guided,JAK2_2001e52f1c,Cn1cc2c(n1)-c1ccc(c(Cl)c1)COCNCc1cc(N)nc3c(cnn13)C(=O)N2,BWZYODBTBDODEL-UHFFFAOYSA-N,True,True,True,438.879,2.195,124.39,3,7,0,0.3841,3.894,O=C1Nc2c[nH]nc2-c2ccc(cc2)COCNCc2ccnc3c1cnn23,17,True,False,True,
CAND_4406674328,v5_5_pocket_guided,JAK2_2001e52f1c,Cn1cc2c(n1)-c1ccc(c(Cl)c1)COCNCCc1cc(N)nc3c(cnn13)C(=O)N2,FYBYZVZYHCTCSX-UHFFFAOYSA-N,True,True,True,452.906,2.2375,124.39,3,7,0,0.3734,3.972,O=C1Nc2c[nH]nc2-c2ccc(cc2)COCNCCc2ccnc3c1cnn23,18,True,False,True,
CAND_c8388d2f09,v5_5_pocket_guided,JAK2_2001e52f1c,Cn1nc(-c2cccc(Cl)c2)c2c1CCSCSCc1cn3ncc(c3nc1N)C(=O)N2,HCTAJZZUPRGJAG-UHFFFAOYSA-N,True,True,True,486.026,4.0977,103.13,2,7,1,0.418,4.281,O=C1Nc2c(-c3ccccc3)n[nH]c2CCSCSCc2cnc3c1cnn3c2,15,True,False,True,
CAND_2e134662b9,v5_5_pocket_guided,JAK2_e36804ea19,Nc1cc2n3ncc(c3n1)C(=O)Nc1sc(nc1-c1cccc(Cl)c1)CCNCOC2,OQVNAKFABLESQT-UHFFFAOYSA-N,True,True,True,455.931,2.9605,119.46,3,8,1,0.4033,4.114,O=C1Nc2sc(nc2-c2ccccc2)CCNCOCc2ccnc3c1cnn23,15,True,False,True,
CAND_7e3567af23,v5_5_pocket_guided,JAK2_e36804ea19,Nc1cc2n3ncc(c3n1)C(=O)Nc1sc(nc1-c1cccc(Cl)c1)CCOCOC2,FNZLUIZBVRXVEM-UHFFFAOYSA-N,True,True,True,456.915,3.3875,116.66,2,8,1,0.4505,4.119,O=C1Nc2sc(nc2-c2ccccc2)CCOCOCc2ccnc3c1cnn23,15,True,False,True,
CAND_7b3cbfd57d,v5_5_pocket_guided,JAK2_e36804ea19,Nc1ccn2ncc(C(=O)Nc3sc4nc3-c3ccc(c(Cl)c3)COCOCC4)c2n1,ATFOCBCHISSWQV-UHFFFAOYSA-N,True,True,True,456.915,3.3875,116.66,2,8,2,0.4744,4.244,O=C(Nc1sc2nc1-c1ccc(cc1)COCOCC2)c1cnn2cccnc12,13,True,False,True,
CAND_1de0a5765f,v5_5_pocket_guided,JAK2_e36804ea19,Cc1nc2c(s1)NC(=O)c1cnn3c(cc(N)nc13)COCNCc1cc(Cl)cc-2c1,HRPRAVVPTPKHTM-UHFFFAOYSA-N,True,True,True,455.931,3.2264,119.46,3,8,0,0.3721,3.989,O=C1Nc2scnc2-c2cccc(c2)CNCOCc2ccnc3c1cnn23,16,True,False,True,
CAND_db839af344,v5_5_pocket_guided,JAK2_e36804ea19,Cc1nc2c(s1)NC(=O)c1cnn3c(cc(N)nc13)COCNCCc1cc(Cl)cc-2c1,BHYHRTGWOLJSOO-UHFFFAOYSA-N,True,True,True,469.958,3.2689,119.46,3,8,0,0.3612,4.066,O=C1Nc2scnc2-c2cccc(c2)CCNCOCc2ccnc3c1cnn23,17,True,False,True,
CAND_3ec42831ee,v5_5_pocket_guided,JAK2_e36804ea19,Cc1nc2c(s1)NC(=O)c1cnn3cc(c(N)nc13)COCNCc1cc(Cl)cc-2c1,QUSSPKOBUVKPLC-UHFFFAOYSA-N,True,True,True,455.931,3.2264,119.46,3,8,0,0.3721,3.989,O=C1Nc2scnc2-c2cccc(c2)CNCOCc2cnc3c1cnn3c2,17,True,False,True,
CAND_e20cf4e88d,v5_5_pocket_guided,JAK2_e36804ea19,Cc1nc2c(s1)NC(=O)c1cnn3cc(c(N)nc13)COCNCCc1cc(Cl)cc-2c1,ZNFWWMCBDOEOER-UHFFFAOYSA-N,True,True,True,469.958,3.2689,119.46,3,8,0,0.3612,4.066,O=C1Nc2scnc2-c2cccc(c2)CCNCOCc2cnc3c1cnn3c2,18,True,False,True,
CAND_5f08870b16,v5_5_pocket_guided,JAK2_e36804ea19,Cc1nc2c(s1)NC(=O)c1cnn3c(cc(N)nc13)CCNCOCc1c(Cl)cccc1-2,FZQDEBCCDBYDOX-UHFFFAOYSA-N,True,True,True,469.958,3.2689,119.46,3,8,0,0.3612,4.066,O=C1Nc2scnc2-c2ccccc2COCNCCc2ccnc3c1cnn23,16,True,False,True,
CAND_3b7d76d0b6,v5_5_pocket_guided,JAK2_e36804ea19,Cc1nc2c(s1)NC(=O)c1cnn3c(cc(N)nc13)CCNCOCc1ccc-2cc1Cl,GTOZGHIETVYWNI-UHFFFAOYSA-N,True,True,True,469.958,3.2689,119.46,3,8,0,0.3612,4.066,O=C1Nc2scnc2-c2ccc(cc2)COCNCCc2ccnc3c1cnn23,18,True,False,True,
CAND_cad078200a,v5_5_pocket_guided,JAK2_e36804ea19,Cc1nc2c(s1)NC(=O)c1cnn3c(cc(N)nc13)CCNCOCc1ccc(Cl)cc1-2,LIWUGNMQCVANRA-UHFFFAOYSA-N,True,True,True,469.958,3.2689,119.46,3,8,0,0.3612,4.066,O=C1Nc2scnc2-c2ccccc2COCNCCc2ccnc3c1cnn23,16,True,False,True,
CAND_95ef58e852,v5_5_pocket_guided,JAK2_e36804ea19,Cc1nc2c(s1)NC(=O)c1cnn3cc(c(N)nc13)COCNCc1c(Cl)cccc1-2,GYNPHGJVWOYPFY-UHFFFAOYSA-N,True,True,True,455.931,3.2264,119.46,3,8,0,0.3721,3.989,O=C1Nc2scnc2-c2ccccc2CNCOCc2cnc3c1cnn3c2,16,True,False,True,
CAND_6f6b881907,v5_5_pocket_guided,JAK2_e36804ea19,Cc1nc2c(s1)NC(=O)c1cnn3cc(c(N)nc13)COCNCCc1c(Cl)cccc1-2,NVEDJACIZOIRRC-UHFFFAOYSA-N,True,True,True,469.958,3.2689,119.46,3,8,0,0.3612,4.066,O=C1Nc2scnc2-c2ccccc2CCNCOCc2cnc3c1cnn3c2,17,True,False,True,
CAND_97a814278c,v5_5_pocket_guided,JAK2_e36804ea19,Cc1nc2c(s1)NC(=O)c1cnn3cc(c(N)nc13)COCNCc1ccc-2cc1Cl,ONHSPZPOYTWXIB-UHFFFAOYSA-N,True,True,True,455.931,3.2264,119.46,3,8,0,0.3721,3.989,O=C1Nc2scnc2-c2ccc(cc2)CNCOCc2cnc3c1cnn3c2,18,True,False,True,
CAND_6bb9d4ea07,v5_5_pocket_guided,JAK2_e36804ea19,Cc1nc2c(s1)NC(=O)c1cnn3cc(c(N)nc13)COCNCCc1ccc-2cc1Cl,GLPMGTKHPITBQI-UHFFFAOYSA-N,True,True,True,469.958,3.2689,119.46,3,8,0,0.3612,4.066,O=C1Nc2scnc2-c2ccc(cc2)CCNCOCc2cnc3c1cnn3c2,19,True,False,True,
CAND_2bc2e5c531,v5_5_pocket_guided,JAK2_e36804ea19,Cc1nc2c(s1)NC(=O)c1c(nn3ccc(N)nc13)COCNCCc1ccc-2cc1Cl,JFDDUJMOXWQNBY-UHFFFAOYSA-N,True,True,True,469.958,3.2689,119.46,3,8,0,0.3612,4.066,O=C1Nc2scnc2-c2ccc(cc2)CCNCOCc2nn3cccnc3c21,16,True,False,True,
CAND_d7c784f2dd,v5_5_pocket_guided,JAK2_e36804ea19,Cc1nc2c(s1)NC(=O)c1c(nn3ccc(N)nc13)COCNCc1ccc-2cc1Cl,LJNOIKXFAYCMQA-UHFFFAOYSA-N,True,True,True,455.931,3.2264,119.46,3,8,0,0.3721,3.989,O=C1Nc2scnc2-c2ccc(cc2)CNCOCc2nn3cccnc3c21,15,True,False,True,
CAND_df0a4a465a,v5_5_pocket_guided,JAK2_e36804ea19,Cc1nc2c(s1)NC(=O)c1cnn3cc(c(N)nc13)COCNCc1ccc(Cl)cc1-2,KMUVMXUBKWMXPB-UHFFFAOYSA-N,True,True,True,455.931,3.2264,119.46,3,8,0,0.3721,3.989,O=C1Nc2scnc2-c2ccccc2CNCOCc2cnc3c1cnn3c2,16,True,False,True,
CAND_db29bddebf,v5_5_pocket_guided,JAK2_e36804ea19,Cc1nc2c(s1)NC(=O)c1cnn3cc(c(N)nc13)COCNCCc1ccc(Cl)cc1-2,BQGVOIWENSKKHV-UHFFFAOYSA-N,True,True,True,469.958,3.2689,119.46,3,8,0,0.3612,4.066,O=C1Nc2scnc2-c2ccccc2CCNCOCc2cnc3c1cnn3c2,17,True,False,True,
CAND_37a3fa7f53,v5_5_pocket_guided,JAK2_5c2f9b1689,Clc1cc2nc3c1-c1[nH]c4ccccc4c1CCN3CCc1ccc(cc1)CCOCOCCC2,YWRLRUIUXFIPRT-UHFFFAOYSA-N,True,True,True,488.031,5.9679,50.38,1,4,0,0.3319,4.651,c1ccc2c3c([nH]c2c1)-c1ccc2nc1N(CCc1ccc(cc1)CCOCOCCC2)CC3,18,True,False,True,
CAND_52774b9d8e,v5_5_pocket_guided,JAK2_5c2f9b1689,Clc1cc2nc3c1-c1[nH]c4ccccc4c1CCN3CCc1ccc(cc1)COCOCC2,COAMQWXEPCLQEO-UHFFFAOYSA-N,True,True,True,459.977,5.5353,50.38,1,4,0,0.3751,4.279,c1ccc2c3c([nH]c2c1)-c1ccc2nc1N(CCc1ccc(cc1)COCOCC2)CC3,16,True,False,True,
CAND_061fdf15a7,v5_5_pocket_guided,JAK2_5c2f9b1689,Clc1cc2nc3c1-c1[nH]c4ccc(cc4c1CCN3CCc1ccccc1)CCOCOCCC2,IFCRFXJXDGYTFV-UHFFFAOYSA-N,True,True,True,488.031,5.9679,50.38,1,4,3,0.3866,5.026,c1ccc(CCN2CCc3c4[nH]c5ccc(cc35)CCOCOCCCc3ccc-4c2n3)cc1,17,True,False,True,
CAND_fa34d91d39,v5_5_pocket_guided,JAK2_5c2f9b1689,Clc1cc2nc3c1-c1[nH]c4ccc(cc4c1CCN3CCc1ccccc1)CNCOCC2,LHRHHSJNLJDPKJ-UHFFFAOYSA-N,True,True,True,458.993,5.1083,53.18,2,4,3,0.4477,4.435,c1ccc(CCN2CCc3c4[nH]c5ccc(cc35)CNCOCCc3ccc-4c2n3)cc1,15,True,False,True,
CAND_76e69e7e77,v5_5_pocket_guided,JAK2_5c2f9b1689,Clc1cc2nc3c1-c1[nH]c4ccc(cc4c1CCN3CCc1ccccc1)COCOCC2,MFVZBFRNZLFEGE-UHFFFAOYSA-N,True,True,True,459.977,5.5353,50.38,1,4,3,0.437,4.654,c1ccc(CCN2CCc3c4[nH]c5ccc(cc35)COCOCCc3ccc-4c2n3)cc1,15,True,False,True,
CAND_1d8812ca57,v5_5_pocket_guided,JAK2_5c2f9b1689,Clc1cc2nc3c1-c1[nH]c4ccc(cc4c1CCN3CCc1ccccc1)CCNCOCC2,RVPVMOBFDLRQGI-UHFFFAOYSA-N,True,True,True,473.02,5.1508,53.18,2,4,3,0.4326,4.534,c1ccc(CCN2CCc3c4[nH]c5ccc(cc35)CCNCOCCc3ccc-4c2n3)cc1,16,True,False,True,
CAND_5bbedaabff,v5_5_pocket_guided,JAK2_5c2f9b1689,Clc1cc2nc3c1-c1[nH]c4ccc(cc4c1CCN3CCc1ccccc1)CCOCOCC2,SEWBZUJUTCPUJG-UHFFFAOYSA-N,True,True,True,474.004,5.5778,50.38,1,4,3,0.4219,4.753,c1ccc(CCN2CCc3c4[nH]c5ccc(cc35)CCOCOCCc3ccc-4c2n3)cc1,16,True,False,True,
CAND_11876d3342,v5_5_pocket_guided,JAK2_5c2f9b1689,Cc1cc(Cl)c2c(n1)N1CCc3c-2[nH]c2ccc(cc32)COCSCC1Cc1ccccc1,VIVIEFILDIDEDM-UHFFFAOYSA-N,True,True,True,476.045,6.3864,41.15,1,4,2,0.3646,5.293,c1ccc(CC2CSCOCc3ccc4[nH]c5c(c4c3)CCN2c2ncccc2-5)cc1,13,True,False,True,
CAND_5e2b7c54f2,v5_5_pocket_guided,JAK2_5c2f9b1689,Clc1cc2nc3c1-c1[nH]c4cc(ccc4c1CCN3CCc1ccccc1)CCOCOCCC2,GUWFIMAWEUGWQU-UHFFFAOYSA-N,True,True,True,488.031,5.9679,50.38,1,4,3,0.3866,5.026,c1ccc(CCN2CCc3c4[nH]c5cc(ccc35)CCOCOCCCc3ccc-4c2n3)cc1,17,True,False,True,
CAND_10f57a4cf0,v5_5_pocket_guided,JAK2_5c2f9b1689,Clc1cc2nc3c1-c1[nH]c4cc(ccc4c1CCN3CCc1ccccc1)CNCOCC2,MSICCCJJFRBINT-UHFFFAOYSA-N,True,True,True,458.993,5.1083,53.18,2,4,3,0.4477,4.435,c1ccc(CCN2CCc3c4[nH]c5cc(ccc35)CNCOCCc3ccc-4c2n3)cc1,15,True,False,True,
CAND_23b7f2ccbc,v5_5_pocket_guided,JAK2_5c2f9b1689,Clc1cc2nc3c1-c1[nH]c4cc(ccc4c1CCN3CCc1ccccc1)COCOCC2,AEJRQNAWYNWUSP-UHFFFAOYSA-N,True,True,True,459.977,5.5353,50.38,1,4,3,0.437,4.654,c1ccc(CCN2CCc3c4[nH]c5cc(ccc35)COCOCCc3ccc-4c2n3)cc1,15,True,False,True,
CAND_b36bc74021,v5_5_pocket_guided,JAK2_5c2f9b1689,Clc1cc2nc3c1-c1[nH]c4cc(ccc4c1CCN3CCc1ccccc1)CCNCOCC2,NQKQMAATZQXHHB-UHFFFAOYSA-N,True,True,True,473.02,5.1508,53.18,2,4,3,0.4326,4.534,c1ccc(CCN2CCc3c4[nH]c5cc(ccc35)CCNCOCCc3ccc-4c2n3)cc1,16,True,False,True,
CAND_fb5a61d473,v5_5_pocket_guided,JAK2_5c2f9b1689,Clc1cc2nc3c1-c1[nH]c4cc(ccc4c1CCN3CCc1ccccc1)CCOCOCC2,SMDAILINLAKVBK-UHFFFAOYSA-N,True,True,True,474.004,5.5778,50.38,1,4,3,0.4219,4.753,c1ccc(CCN2CCc3c4[nH]c5cc(ccc35)CCOCOCCc3ccc-4c2n3)cc1,16,True,False,True,
CAND_a564e0af24,v5_5_pocket_guided,JAK2_5c2f9b1689,Cc1cc(Cl)c2c(n1)N1CCc3c-2[nH]c2cc(ccc32)COCSCC1Cc1ccccc1,OBHWMCLRYXMXCI-UHFFFAOYSA-N,True,True,True,476.045,6.3864,41.15,1,4,2,0.3646,5.293,c1ccc(CC2CSCOCc3ccc4c5c([nH]c4c3)-c3cccnc3N2CC5)cc1,14,True,False,True,
CAND_f0ff503e31,v5_5_pocket_guided,JAK2_5c2f9b1689,Clc1cc2nc3c1-c1[nH]c4c(cccc4c1CCN3CCc1ccccc1)CCOCSCCC2,GIGIGWCWIVCDLK-UHFFFAOYSA-N,True,True,True,504.099,6.6845,41.15,1,4,3,0.3381,5.473,c1ccc(CCN2CCc3c4[nH]c5c(cccc35)CCOCSCCCc3ccc-4c2n3)cc1,16,True,False,True,
CAND_4a2f3d6547,v5_5_pocket_guided,JAK2_5c2f9b1689,Clc1cc2nc3c1-c1[nH]c4c(cccc4c1CCN3CCc1ccccc1)COCSCC2,WMAKTHPIXGXNEL-UHFFFAOYSA-N,True,True,True,476.045,6.2519,41.15,1,4,3,0.3798,5.101,c1ccc(CCN2CCc3c4[nH]c5c(cccc35)COCSCCc3ccc-4c2n3)cc1,14,True,False,True,
CAND_3a9eabfcf7,v5_5_pocket_guided,JAK2_5c2f9b1689,Clc1cc2nc3c1-c1[nH]c4c(cccc4c1CCN3CCc1ccccc1)CCOCSCC2,FMYXNJONSSCLAY-UHFFFAOYSA-N,True,True,True,490.072,6.2944,41.15,1,4,3,0.3667,5.2,c1ccc(CCN2CCc3c4[nH]c5c(cccc35)CCOCSCCc3ccc-4c2n3)cc1,15,True,False,True,
CAND_36b2bf4931,v5_5_pocket_guided,JAK2_5c2f9b1689,Cc1cc(Cl)c2c(n1)N1CCc3c-2[nH]c2c(cccc32)COCSCC1Cc1ccccc1,IHABLYCFUDUMNU-UHFFFAOYSA-N,True,True,True,476.045,6.3864,41.15,1,4,2,0.3646,5.293,c1ccc(CC2CSCOCc3cccc4c5c([nH]c34)-c3cccnc3N2CC5)cc1,13,True,False,True,
CAND_d42da17ca0,v5_5_pocket_guided,JAK2_5c2f9b1689,Clc1cc2nc3c1-c1[nH]c4cccc(c4c1CCN3CCc1ccccc1)CCSCOCCC2,BHQNPPLNYUUNLM-UHFFFAOYSA-N,True,True,True,504.099,6.6845,41.15,1,4,3,0.3381,5.473,c1ccc(CCN2CCc3c4[nH]c5cccc(c35)CCSCOCCCc3ccc-4c2n3)cc1,16,True,False,True,
CAND_d5e7c9c24c,v5_5_pocket_guided,JAK2_5c2f9b1689,Clc1cc2nc3c1-c1[nH]c4cccc(c4c1CCN3CCc1ccccc1)CSCOCC2,PUSYGMRXOHAAAC-UHFFFAOYSA-N,True,True,True,476.045,6.2519,41.15,1,4,3,0.3798,5.101,c1ccc(CCN2CCc3c4[nH]c5cccc(c35)CSCOCCc3ccc-4c2n3)cc1,14,True,False,True,
CAND_d47086646b,v5_5_pocket_guided,JAK2_9befca631f,CC(C)[C@@H](Nc1nc2c3c[nH]c(=O)c2c2cnc(cc12)CCSCSCC3)C(F)(F)F,NHAXFIOEHCYDRL-GOSISDBHSA-N,True,True,True,468.57,4.9926,70.67,2,6,3,0.5279,4.684,O=c1[nH]cc2c3ncc4cc(ncc4c13)CCSCSCC2,14,True,False,True,
CAND_430af78a08,v5_5_pocket_guided,JAK2_9ed0e79538,C1=C2\CCOCOCC3CCN(CCOc4ccc(cc4COC2)Nc2nccc(n2)-c2cncc(c2)COC/1)C3,VVCFOOQWCBTLMX-MUDSWDHVSA-N,True,True,True,559.667,4.3505,100.09,1,10,0,0.4003,5.065,C1=C2\CCOCOCC3CCN(CCOc4ccc(cc4COC2)Nc2nccc(n2)-c2cncc(c2)COC/1)C3,18,True,False,True,
CAND_31c936b693,v5_5_pocket_guided,JAK2_9ed0e79538,C1=C2\CCOCOCC3CCCN3CCOc3ccc(cc3COC2)Nc2nccc(n2)-c2cncc(c2)COC/1,GGVNUYYYCIMAQN-TXNBCWFRSA-N,True,True,True,559.667,4.493,100.09,1,10,0,0.3966,4.815,C1=C2\CCOCOCC3CCCN3CCOc3ccc(cc3COC2)Nc2nccc(n2)-c2cncc(c2)COC/1,18,True,False,True,
CAND_5dc0d87958,v5_5_pocket_guided,JAK2_9ed0e79538,C1=C2\CCOCOCCC3CCCN3CCOc3ccc(cc3COC2)Nc2nccc(n2)-c2cncc(c2)COC/1,HWYKJKVFAZEHEJ-GFXGDVFHSA-N,True,True,True,573.694,4.8831,100.09,1,10,0,0.3746,4.893,C1=C2\CCOCOCCC3CCCN3CCOc3ccc(cc3COC2)Nc2nccc(n2)-c2cncc(c2)COC/1,18,True,False,True,
CAND_dd9a4bb0ee,v5_5_pocket_guided,JAK2_9ed0e79538,C1=C/COC2CCOCOCCc3ncc(cc3COC/1)-c1ccnc(n1)Nc1ccc(OCCN3CCCC3)c2c1,TVQSAUHBUMJVKL-ONEGZZNKSA-N,True,True,True,573.694,4.8378,100.09,1,10,4,0.4367,5.393,C1=C/COC2CCOCOCCc3ncc(cc3COC/1)-c1ccnc(n1)Nc1ccc(OCCN3CCCC3)c2c1,18,True,False,True,
CAND_bac43ea316,v5_5_pocket_guided,JAK2_9ed0e79538,C1=C/COC2CCOCOCc3ncc(cc3COC/1)-c1ccnc(n1)Nc1ccc(OCCN3CCCC3)c2c1,YUWVARZMCULKLG-ONEGZZNKSA-N,True,True,True,559.667,4.7953,100.09,1,10,4,0.4491,5.315,C1=C/COC2CCOCOCc3ncc(cc3COC/1)-c1ccnc(n1)Nc1ccc(OCCN3CCCC3)c2c1,18,True,False,True,
CAND_e24f8d481c,v5_5_pocket_guided,JAK2_9ed0e79538,C1=C/COC2CCOCOCCc3ncc(cc3-c3ccnc(n3)Nc3ccc(OCCN4CCCC4)c2c3)COC/1,UNLZPSHXZGMYQZ-ONEGZZNKSA-N,True,True,True,573.694,4.8378,100.09,1,10,4,0.4367,5.393,C1=C/COC2CCOCOCCc3ncc(cc3-c3ccnc(n3)Nc3ccc(OCCN4CCCC4)c2c3)COC/1,18,True,False,True,
CAND_32b93ade69,v5_5_pocket_guided,JAK2_5c84f7cc1c,CC(=O)Nc1ccc(-c2nc3nc(c2F)COCNCCC2CN(CCO2)c2ccc(cc2)N3)cc1,VHTKKHKWRFBESW-UHFFFAOYSA-N,True,True,True,492.555,3.6573,100.64,3,8,2,0.4985,4.692,c1ccc(-c2cc3nc(n2)Nc2ccc(cc2)N2CCOC(CCNCOC3)C2)cc1,17,True,False,True,
CAND_36070f3e3d,v5_5_pocket_guided,JAK2_5c84f7cc1c,CC(=O)Nc1ccc(-c2nc3nc(c2F)CSCSCCC2CN(CCO2)c2ccc(cc2)N3)cc1,VDJKDRFFZANDPM-UHFFFAOYSA-N,True,True,True,525.675,5.5175,79.38,2,8,2,0.4531,5.135,c1ccc(-c2cc3nc(n2)Nc2ccc(cc2)N2CCOC(CCSCSC3)C2)cc1,17,True,False,True,
CAND_e140d9ccde,v5_5_pocket_guided,JAK2_5c84f7cc1c,CC(=O)Nc1ccc(-c2nc3nc(c2F)COCNCC2CN(CCO2)c2ccc(cc2)N3)cc1,FOKIKCOPBGPSPW-UHFFFAOYSA-N,True,True,True,478.528,3.2672,100.64,3,8,2,0.5162,4.614,c1ccc(-c2cc3nc(n2)Nc2ccc(cc2)N2CCOC(CNCOC3)C2)cc1,16,True,False,True,
CAND_83e7970dd3,v5_5_pocket_guided,JAK2_5c84f7cc1c,CC(=O)Nc1ccc(-c2nc3nc(c2F)CSCSCC2CN(CCO2)c2ccc(cc2)N3)cc1,LHUGWWKHOAHCAJ-UHFFFAOYSA-N,True,True,True,511.648,5.1274,79.38,2,8,2,0.4905,4.862,c1ccc(-c2cc3nc(n2)Nc2ccc(cc2)N2CCOC(CSCSC3)C2)cc1,16,True,False,True,
CAND_6ffda73c1d,v5_5_pocket_guided,JAK2_5c84f7cc1c,CC(=O)Nc1ccc2c(c1)CCSCCSCCc1cc(ccc1N1CCOCC1)Nc1ncc(F)c-2n1,KNKKUFXSWACKMN-UHFFFAOYSA-N,True,True,True,553.729,5.3863,79.38,2,8,2,0.4377,4.975,c1ccc2c(c1)CCSCCSCCc1cc(ccc1N1CCOCC1)Nc1nccc-2n1,17,True,False,True,
CAND_73d4c719e6,v5_5_pocket_guided,JAK2_5c84f7cc1c,CC(=O)Nc1ccc2c(c1)CCSCSCCc1cc(ccc1N1CCOCC1)Nc1ncc(F)c-2n1,QXNWKXYHSJMPKC-UHFFFAOYSA-N,True,True,True,539.702,5.3438,79.38,2,8,2,0.4517,4.876,c1ccc2c(c1)CCSCSCCc1cc(ccc1N1CCOCC1)Nc1nccc-2n1,16,True,False,True,
CAND_1a0cde7b34,v5_5_pocket_guided,JAK2_5c84f7cc1c,CC(=O)Nc1ccc2c(c1)CCSCCSCCc1cc(N3CCOCC3)ccc1Nc1ncc(F)c-2n1,QZACKLMUTIDAAL-UHFFFAOYSA-N,True,True,True,553.729,5.3863,79.38,2,8,2,0.4377,4.975,c1ccc2c(c1)CCSCCSCCc1cc(N3CCOCC3)ccc1Nc1nccc-2n1,16,True,False,True,
CAND_8c88eb8b3c,v5_5_pocket_guided,JAK2_5c84f7cc1c,CC(=O)Nc1ccc2c(c1)CCSCSCCc1cc(N3CCOCC3)ccc1Nc1ncc(F)c-2n1,YMCFTWCCLLPCEK-UHFFFAOYSA-N,True,True,True,539.702,5.3438,79.38,2,8,2,0.4517,4.876,c1ccc2c(c1)CCSCSCCc1cc(N3CCOCC3)ccc1Nc1nccc-2n1,15,True,False,True,
CAND_138db4aa3b,v5_5_pocket_guided,JAK2_eb8aa12232,NC(=O)c1cnc2c3c1[nH]c1cc(c(F)cc13)COCNCCC1CC(CCO1)N2,RCWXREMYCWCPDJ-UHFFFAOYSA-N,True,True,True,413.453,2.381,114.29,4,6,1,0.4871,4.378,c1cc2[nH]c3cc4ccc3c2c(n1)NC1CCOC(CCNCOC4)C1,16,True,False,True,
CAND_d2e24d13a3,v5_5_pocket_guided,JAK2_eb8aa12232,NC(=O)c1c2nc(NC3CCOCC3)c3c1[nH]c1c(cc(F)cc13)CCSCSCC2,ZTIWSDCGJHOXOE-UHFFFAOYSA-N,True,True,True,460.6,4.0675,93.03,3,6,3,0.5457,4.389,c1cc2c3[nH]c4cc(nc(NC5CCOCC5)c4c3c1)CCSCSCC2,13,True,False,True,
CAND_8b1107c328,v5_5_pocket_guided,JAK2_eb8aa12232,NC(=O)c1c2nc(NC3CCOCC3)c3c1[nH]c1cc(c(F)cc13)CSCSCC2,CVTVVIDQSBCQAE-UHFFFAOYSA-N,True,True,True,446.573,4.025,93.03,3,6,3,0.5626,4.312,c1cc2c3cc1CSCSCCc1cc([nH]3)c2c(NC2CCOCC2)n1,13,True,False,True,
CAND_c953315fec,v5_5_pocket_guided,JAK2_eb8aa12232,NC(=O)c1c2nc(NC3CCOCC3)c3c1[nH]c1cc(c(F)cc13)CCSCSCC2,LYUNBXYIOVFQTQ-UHFFFAOYSA-N,True,True,True,460.6,4.0675,93.03,3,6,3,0.5457,4.389,c1cc2c3cc1CCSCSCCc1cc([nH]3)c2c(NC2CCOCC2)n1,14,True,False,True,
CAND_ec14beee74,v5_5_pocket_guided,JAK2_eb8aa12232,NC(=O)c1c2nc(NC3CCOCC3)c3c1[nH]c1ccc(F)c(c13)CCSCSCC2,VHAWPRHPBWICLZ-UHFFFAOYSA-N,True,True,True,460.6,4.0675,93.03,3,6,3,0.5457,4.389,c1cc2c3c(c1)[nH]c1cc(nc(NC4CCOCC4)c13)CCSCSCC2,13,True,False,True,
CAND_a9d1b7c75d,v5_5_pocket_guided,JAK2_b21735112e,CC(C)(O)c1cc(Cl)c(Nc2nc3cc4ncc3c3c(=O)[nH]c(cc23)CCSCSCC4)c(Cl)c1,LURPTBSSZJWILI-UHFFFAOYSA-N,True,True,True,547.533,6.2716,90.9,3,7,3,0.2605,5.508,O=c1[nH]c2cc3c(Nc4ccccc4)nc4cc(ncc4c13)CCSCSCC2,15,True,False,True,
CAND_f3f1cd734c,v5_5_pocket_guided,JAK2_b21735112e,CC(C)(O)c1cc(Cl)c(Nc2nc3cc4ncc3c3c(=O)[nH]c(cc23)CSCSCC4)c(Cl)c1,DDDSRHKWDCEQLH-UHFFFAOYSA-N,True,True,True,533.506,6.2291,90.9,3,7,3,0.2691,5.409,O=c1[nH]c2cc3c(Nc4ccccc4)nc4cc(ncc4c13)CCSCSC2,14,True,False,True,
CAND_feda32349e,v5_5_pocket_guided,JAK2_b21735112e,CC(C)(O)c1cc(Cl)c(Nc2nc3cc4ncc3c3c(=O)[nH]c(cc23)CSCSC4)c(Cl)c1,MHAYWPUQMHVAIH-UHFFFAOYSA-N,True,True,True,519.479,6.1866,90.9,3,7,3,0.2783,5.31,O=c1[nH]c2cc3c(Nc4ccccc4)nc4cc(ncc4c13)CSCSC2,13,True,False,True,
CAND_d6c644cbc6,v5_5_pocket_guided,JAK2_2208c21560,C[C@H](O)CN1CCN2c3ccc(cc3F)Nc3nc(c4ccc(-c5ccccc5N(C)S(C)(=O)=O)n4n3)COCNCC2C1,GFYFMSXPAQVUSC-AIBWNMTMSA-N,True,True,True,624.743,2.6235,127.57,3,10,5,0.3051,6.051,c1ccc(-c2ccc3c4nc(nn23)Nc2ccc(cc2)N2CCNCC2CNCOC4)cc1,15,True,False,True,
CAND_76cf30ec91,v5_5_pocket_guided,JAK2_2208c21560,C[C@H](O)CN1CCN2c3ccc(cc3F)Nc3nc(c4ccc(-c5ccccc5N(C)S(C)(=O)=O)n4n3)CSCOCC2C1,WMPXHVCVTXDDQF-AIBWNMTMSA-N,True,True,True,641.795,3.7671,115.54,2,10,5,0.3339,6.146,c1ccc(-c2ccc3c4nc(nn23)Nc2ccc(cc2)N2CCNCC2COCSC4)cc1,15,True,False,True,
CAND_9a7f886962,v5_5_pocket_guided,JAK2_2208c21560,C[C@H](O)CN1CCN2c3ccc(cc3F)Nc3ncc4c(cc(-c5ccccc5N(C)S(C)(=O)=O)n4n3)COCNCC2C1,WSYUHEIUUGEWPF-AJZOCDQUSA-N,True,True,True,624.743,2.6235,127.57,3,10,5,0.3051,6.051,c1ccc(-c2cc3c4cnc(nn24)Nc2ccc(cc2)N2CCNCC2CNCOC3)cc1,17,True,False,True,
CAND_8ac19b2d82,v5_5_pocket_guided,JAK2_2208c21560,C[C@H](O)CN1CCN(c2ccc(Nc3nc4c5ccc(n5n3)-c3ccccc3N(S(C)(=O)=O)CCOCOC4)cc2F)CC1,FCCSNVZOUCDIFW-NRFANRHFSA-N,True,True,True,625.727,3.0521,124.77,2,10,6,0.3305,5.932,c1ccc2c(c1)NCCOCOCc1nc(Nc3ccc(N4CCNCC4)cc3)nn3c-2ccc13,13,True,False,True,
CAND_d2368caa84,v5_5_pocket_guided,JAK2_2208c21560,C[C@H](O)CN1CCN(c2ccc(Nc3nc4c5ccc(n5n3)-c3ccccc3N(C)S(=O)(=O)CCOCOC4)cc2F)CC1,ZRLHVZMIVBZNJN-NRFANRHFSA-N,True,True,True,625.727,3.0521,124.77,2,10,5,0.3421,5.807,O=S1(=O)CCOCOCc2nc(Nc3ccc(N4CCNCC4)cc3)nn3c(ccc23)-c2ccccc2N1,14,True,False,True,
CAND_8c5234201d,v5_5_pocket_guided,JAK2_2208c21560,C[C@H](O)CN1CCN(c2ccc(Nc3nc4c5ccc(n5n3)-c3ccccc3N(C)S(=O)(=O)CCOCOCC4)cc2F)CC1,GEZIQSXAJVOYGH-QFIPXVFZSA-N,True,True,True,639.754,3.0946,124.77,2,10,5,0.3368,5.885,O=S1(=O)CCOCOCCc2nc(Nc3ccc(N4CCNCC4)cc3)nn3c(ccc23)-c2ccccc2N1,15,True,False,True,
CAND_edd4ecebfb,v5_5_pocket_guided,JAK2_2208c21560,C[C@H](O)CN1CCN(c2ccc(Nc3ncc4c5cc(n4n3)-c3ccccc3N(C)S(=O)(=O)CCOCOC5)cc2F)CC1,ZXCIWKLLEBVGRY-NRFANRHFSA-N,True,True,True,625.727,3.0521,124.77,2,10,5,0.3421,5.807,O=S1(=O)CCOCOCc2cc(n3nc(Nc4ccc(N5CCNCC5)cc4)ncc23)-c2ccccc2N1,13,True,False,True,
CAND_fa9c3a890e,v5_5_pocket_guided,JAK2_dc6c02ad03,CC1CCSCCSCCc2cc(-c3nc(-c4ccc(F)cc4)c(-c4cc[nH]c(=O)c4)[nH]3)ccc2-c2cn(nn2)CC(=O)O1,GNEMYYZLTBVJBF-UHFFFAOYSA-N,True,True,True,630.771,5.8409,118.55,2,8,3,0.2389,6.005,O=C1Cn2cc(nn2)-c2ccc(-c3nc(-c4ccccc4)c(-c4cc[nH]c(=O)c4)[nH]3)cc2CCSCCSCCCO1,17,True,False,True,
CAND_6e0dea6dce,v5_5_pocket_guided,JAK2_dc6c02ad03,CC1CCSCCSCCc2cc(ccc2-c2nc(-c3ccc(F)cc3)c(-c3cc[nH]c(=O)c3)[nH]2)-c2cn(nn2)CC(=O)O1,IXHYVAYYAXDGDQ-UHFFFAOYSA-N,True,True,True,630.771,5.8409,118.55,2,8,3,0.2389,6.005,O=C1Cn2cc(nn2)-c2ccc(-c3nc(-c4ccccc4)c(-c4cc[nH]c(=O)c4)[nH]3)c(c2)CCSCCSCCCO1,18,True,False,True,
CAND_7edf78567a,v5_5_pocket_guided,JAK2_dc6c02ad03,O=C1Cn2cc(nn2)-c2ccc(-c3nc(-c4ccc(F)cc4)c(-c4cc[nH]c(=O)c4)[nH]3)c(c2)CCOCCNCCCCO1,RBGKWGPUKHLQTK-UHFFFAOYSA-N,True,True,True,597.651,3.9823,139.81,3,8,3,0.2655,5.151,O=C1Cn2cc(nn2)-c2ccc(-c3nc(-c4ccccc4)c(-c4cc[nH]c(=O)c4)[nH]3)c(c2)CCOCCNCCCCO1,19,True,False,True,
CAND_7e62661542,v5_5_pocket_guided,JAK2_dc6c02ad03,CCOC(=O)Cn1cc(-c2ccc(-c3nc4c([nH]3)-c3cc([nH]c(=O)c3)CSCSCc3cc-4ccc3F)cc2)nn1,TWYUSKZWPZUCOY-UHFFFAOYSA-N,True,True,True,588.69,5.4972,118.55,2,8,5,0.2587,5.6,O=c1cc2cc([nH]1)CSCSCc1cccc(c1)-c1nc(-c3ccc(-c4c[nH]nn4)cc3)[nH]c1-2,13,True,False,True,
CAND_2aec60a7b3,v5_5_pocket_guided,JAK2_dc6c02ad03,CCOC(=O)Cn1cc(-c2ccc(-c3nc4c([nH]3)-c3cc([nH]c(=O)c3)CCSCCSCCc3cc-4ccc3F)cc2)nn1,JZHDWJLZJVIKKF-UHFFFAOYSA-N,True,True,True,630.771,5.6247,118.55,2,8,5,0.2403,5.897,O=c1cc2cc([nH]1)CCSCCSCCc1cccc(c1)-c1nc(-c3ccc(-c4c[nH]nn4)cc3)[nH]c1-2,16,True,False,True,
CAND_17b7ae0ef0,v5_5_pocket_guided,JAK2_dc6c02ad03,CCOC(=O)Cn1cc(-c2ccc(-c3nc4c([nH]3)-c3cc([nH]c(=O)c3)CCSCSCCc3cc(F)ccc3-4)cc2)nn1,ILIZGWMDBDMGNW-UHFFFAOYSA-N,True,True,True,616.744,5.5822,118.55,2,8,5,0.2458,5.798,O=c1cc2cc([nH]1)CCSCSCCc1ccccc1-c1nc(-c3ccc(-c4c[nH]nn4)cc3)[nH]c1-2,14,True,False,True,
CAND_e2301f0244,v5_5_pocket_guided,JAK2_dc6c02ad03,CCOC(=O)Cn1cc(-c2ccc3cc2CSCSCc2cc(cc(=O)[nH]2)-c2[nH]c-3nc2-c2ccc(F)cc2)nn1,ALKMCYOAKGDREE-UHFFFAOYSA-N,True,True,True,588.69,5.4972,118.55,2,8,5,0.2587,5.6,O=c1cc2cc([nH]1)CSCSCc1cc(ccc1-c1c[nH]nn1)-c1nc(-c3ccccc3)c-2[nH]1,14,True,False,True,
CAND_6c381c958d,v5_5_pocket_guided,JAK2_dc6c02ad03,CCOC(=O)Cn1cc(-c2ccc3cc2CSCSCc2cc(ccc2F)-c2nc-3[nH]c2-c2cc[nH]c(=O)c2)nn1,FNLPTGSAVNHJIK-UHFFFAOYSA-N,True,True,True,588.69,5.4972,118.55,2,8,5,0.2587,5.6,O=c1cc(-c2[nH]c3nc2-c2cccc(c2)CSCSCc2cc-3ccc2-c2c[nH]nn2)cc[nH]1,14,True,False,True,
CAND_96386adadd,v5_5_pocket_guided,JAK2_dc6c02ad03,CCOC(=O)Cn1cc(-c2ccc3cc2CSCSCc2cc(F)ccc2-c2nc-3[nH]c2-c2cc[nH]c(=O)c2)nn1,YYKAADZMIUUGNS-UHFFFAOYSA-N,True,True,True,588.69,5.4972,118.55,2,8,5,0.2587,5.6,O=c1cc(-c2[nH]c3nc2-c2ccccc2CSCSCc2cc-3ccc2-c2c[nH]nn2)cc[nH]1,13,True,False,True,
CAND_d46f9faca0,v5_5_pocket_guided,JAK2_fcc705ef41,CN1C/C=C/COCc2ccc(s2)-c2cc3nc(n2)Nc2ccc(c(c2)C1)OCCN1CCCC1CCOCOCC3,IMNGADCZKFJWTG-NSCUHMNNSA-N,True,True,True,591.778,5.247,81.21,1,10,0,0.3529,5.117,C1=C/COCc2ccc(s2)-c2cc3nc(n2)Nc2ccc(c(c2)CNC/1)OCCN1CCCC1CCOCOCC3,20,True,False,True,
CAND_84b23d19ac,v5_5_pocket_guided,JAK2_e651f7b356,COc1cc2c3c(Nc4cn(C)cn4)nc(nc3c1)NC(c1ncc(F)cn1)CCCSCCSCCC2,ANFPJDCNGTWUBB-UHFFFAOYSA-N,True,True,True,554.721,5.3906,102.67,2,10,4,0.3413,5.483,c1cnc(C2CCCSCCSCCCc3cccc4nc(nc(Nc5c[nH]cn5)c34)N2)nc1,17,True,False,True,
CAND_da16c70739,v5_5_pocket_guided,JAK2_e651f7b356,COc1cc2c3c(Nc4cn(C)cn4)nc(nc3c1)NC(c1ncc(F)cn1)CCSCSCC2,LPQVPNKKBLLDGN-UHFFFAOYSA-N,True,True,True,512.64,4.5679,102.67,2,10,4,0.4042,5.054,c1cnc(C2CCSCSCCc3cccc4nc(nc(Nc5c[nH]cn5)c34)N2)nc1,14,True,False,True,
CAND_c3cfa1549e,v5_5_pocket_guided,JAK2_e651f7b356,COc1cc2c3c(Nc4cn(C)cn4)nc(nc3c1)NC(C)(c1ncc(F)cn1)CCCSCCSCCC2,SRIGPNDYDORLRF-UHFFFAOYSA-N,True,True,True,568.748,5.5647,102.67,2,10,4,0.325,5.648,c1cnc(C2CCCSCCSCCCc3cccc4nc(nc(Nc5c[nH]cn5)c34)N2)nc1,17,True,False,True,
CAND_fa26006f52,v5_5_pocket_guided,JAK2_e651f7b356,COc1cc2c3c(Nc4cn(C)cn4)nc(nc3c1)NC(C)(c1ncc(F)cn1)CCSCCSCCC2,UKPYWQXTHGRFEF-UHFFFAOYSA-N,True,True,True,554.721,5.1746,102.67,2,10,4,0.351,5.375,c1cnc(C2CCSCCSCCCc3cccc4nc(nc(Nc5c[nH]cn5)c34)N2)nc1,16,True,False,True,
CAND_e60b74fdbd,v5_5_pocket_guided,JAK2_e651f7b356,COc1cc2c3c(Nc4cn(C)cn4)nc(nc3c1)NC(C)(c1ncc(F)cn1)CSCSCC2,CDRUVVZRHCODBA-UHFFFAOYSA-N,True,True,True,512.64,4.3519,102.67,2,10,4,0.4101,5.054,c1cnc(C2CSCSCCc3cccc4nc(nc(Nc5c[nH]cn5)c34)N2)nc1,13,True,False,True,
CAND_500a2333c5,v5_5_pocket_guided,JAK2_e651f7b356,COc1cc2c3c(nc(NC(C)c4ncc(F)cn4)nc3c1)Nc1cn(cn1)CCCSCCSCCC2,DUULDCWDUIRPBN-UHFFFAOYSA-N,True,True,True,554.721,5.4834,102.67,2,10,4,0.3369,5.529,c1cnc(CNc2nc3c4c(cccc4n2)CCCSCCSCCCn2cnc(c2)N3)nc1,17,True,False,True,
CAND_99fd2e8661,v5_5_pocket_guided,JAK2_e651f7b356,COc1cc2c3c(nc(NC(C)c4ncc(F)cn4)nc3c1)Nc1cn(cn1)CCSCSCC2,CTYRKHXFMOVGQA-UHFFFAOYSA-N,True,True,True,512.64,4.6607,102.67,2,10,4,0.4012,5.054,c1cnc(CNc2nc3c4c(cccc4n2)CCSCSCCn2cnc(c2)N3)nc1,14,True,False,True,
CAND_edb1453ee7,v5_5_pocket_guided,JAK2_e651f7b356,COc1cc2c3c(nc(NC(C)c4ncc(F)cn4)nc3c1)Nc1cn(C)c(n1)CCCSCCSCCC2,XXWBRVGZWSSGDJ-UHFFFAOYSA-N,True,True,True,568.748,5.5629,102.67,2,10,4,0.3251,5.647,c1cnc(CNc2nc3c4c(cccc4n2)CCCSCCSCCCc2nc(c[nH]2)N3)nc1,17,True,False,True,
CAND_d43c0dcf39,v5_5_pocket_guided,JAK2_e651f7b356,COc1cc2c3c(nc(NC(C)c4ncc(F)cn4)nc3c1)Nc1cn(C)c(n1)CCSCCSCCC2,BRTMFRXWXXOQDE-UHFFFAOYSA-N,True,True,True,554.721,5.1728,102.67,2,10,4,0.3511,5.374,c1cnc(CNc2nc3c4c(cccc4n2)CCCSCCSCCc2nc(c[nH]2)N3)nc1,16,True,False,True,
CAND_5adbe7afe6,v5_5_pocket_guided,JAK2_e651f7b356,COc1cc2c3c(nc(NC(C)c4ncc(F)cn4)nc3c1)Nc1cn(C)c(n1)CSCSCC2,XKLOCWJAVPCGQA-UHFFFAOYSA-N,True,True,True,512.64,4.6977,102.67,2,10,4,0.4,5.054,c1cnc(CNc2nc3c4c(cccc4n2)CCSCSCc2nc(c[nH]2)N3)nc1,13,True,False,True,
CAND_8ebbd48a41,v5_5_pocket_guided,JAK2_e651f7b356,COc1cc2nc(NC(C)c3ncc(F)cn3)nc3c2cc1CSCSCCc1nc(cn1C)N3,OUIWIYHIGGAHQL-UHFFFAOYSA-N,True,True,True,512.64,4.6977,102.67,2,10,4,0.4,5.054,c1cnc(CNc2nc3c4cc(ccc4n2)CSCSCCc2nc(c[nH]2)N3)nc1,14,True,False,True,
CAND_2184cb74e1,v5_5_pocket_guided,JAK2_e651f7b356,COc1cc2nc(NC(C)c3ncc(F)cn3)nc3c2cc1CSCSCc1nc(cn1C)N3,IBUOYEVDGCTDKW-UHFFFAOYSA-N,True,True,True,498.613,4.6552,102.67,2,10,4,0.413,4.976,c1cnc(CNc2nc3c4cc(ccc4n2)CSCSCc2nc(c[nH]2)N3)nc1,13,True,False,True,
CAND_45b6e26c52,v5_5_pocket_guided,JAK2_e651f7b356,COc1ccc2c3nc(NC(C)c4ncc(F)cn4)nc2c1CSCSCCc1nc(cn1C)N3,SCKFYMTUDXCFHJ-UHFFFAOYSA-N,True,True,True,512.64,4.6977,102.67,2,10,4,0.4,5.054,c1cnc(CNc2nc3c4cccc(c4n2)CSCSCCc2nc(c[nH]2)N3)nc1,14,True,False,True,
CAND_cbe9c8730f,v5_5_pocket_guided,JAK2_e651f7b356,COc1ccc2c3nc(NC(C)c4ncc(F)cn4)nc2c1CSCSCc1nc(cn1C)N3,HGIQDVMCXIYMAM-UHFFFAOYSA-N,True,True,True,498.613,4.6552,102.67,2,10,4,0.413,4.976,c1cnc(CNc2nc3c4cccc(c4n2)CSCSCc2nc(c[nH]2)N3)nc1,13,True,False,True,
CAND_d1aef04481,v5_5_pocket_guided,JAK2_e651f7b356,COc1cc2nc(NC(C)c3ncc(F)cn3)nc3c2cc1CSCSCCc1c(ncn1C)N3,BPLXPRDGNAGOPG-UHFFFAOYSA-N,True,True,True,512.64,4.6977,102.67,2,10,4,0.4,5.054,c1cnc(CNc2nc3c4cc(ccc4n2)CSCSCCc2[nH]cnc2N3)nc1,13,True,False,True,
CAND_df127d6aee,v5_5_pocket_guided,JAK2_e651f7b356,COc1ccc2c3nc(NC(C)c4ncc(F)cn4)nc2c1CSCSCCc1c(ncn1C)N3,SJFHFZQAGYBRJY-UHFFFAOYSA-N,True,True,True,512.64,4.6977,102.67,2,10,4,0.4,5.054,c1cnc(CNc2nc3c4cccc(c4n2)CSCSCCc2[nH]cnc2N3)nc1,13,True,False,True,
CAND_45ee2562fd,v5_5_pocket_guided,JAK2_48f4c39175,Nc1ccn2ncc(C(=O)Nc3cn4nc3-c3cc(Cl)cc(c3Cl)CSCSCCC4)c2n1,VIKHGXKOQFYNPD-UHFFFAOYSA-N,True,True,True,520.471,5.0617,103.13,2,7,2,0.3808,4.628,O=C(Nc1cn2nc1-c1cccc(c1)CSCSCCC2)c1cnn2cccnc12,13,True,False,True,
CAND_89188c567f,v5_5_pocket_guided,JAK2_48f4c39175,Nc1ccn2ncc(C(=O)Nc3cn4nc3-c3cc(Cl)c(cc3Cl)CSCSCCC4)c2n1,SGTOUHSFGBDGGH-UHFFFAOYSA-N,True,True,True,520.471,5.0617,103.13,2,7,2,0.3808,4.628,O=C(Nc1cn2nc1-c1ccc(cc1)CSCSCCC2)c1cnn2cccnc12,14,True,False,True,
CAND_479ae365c4,v5_5_pocket_guided,JAK2_48f4c39175,Cn1cc2c(n1)-c1cc(Cl)c(cc1Cl)COCNCc1cc(N)nc3c(cnn13)C(=O)N2,SLPWVSBBTMRGKR-UHFFFAOYSA-N,True,True,True,473.324,2.8484,124.39,3,7,0,0.3588,4.085,O=C1Nc2c[nH]nc2-c2ccc(cc2)COCNCc2ccnc3c1cnn23,17,True,False,True,
CAND_ed20d006ac,v5_5_pocket_guided,JAK2_48f4c39175,Cn1cc2c(n1)-c1cc(Cl)c(cc1Cl)COCNCCc1cc(N)nc3c(cnn13)C(=O)N2,GDIYEVOQGBAADU-UHFFFAOYSA-N,True,True,True,487.351,2.8909,124.39,3,7,0,0.3485,4.163,O=C1Nc2c[nH]nc2-c2ccc(cc2)COCNCCc2ccnc3c1cnn23,18,True,False,True,
CAND_4cca09062a,v5_5_pocket_guided,JAK2_48f4c39175,Cn1nc(-c2cc(Cl)ccc2Cl)c2c1CCSCSCc1cn3ncc(c3nc1N)C(=O)N2,YSEQBHGLHZEJBB-UHFFFAOYSA-N,True,True,True,520.471,4.7511,103.13,2,7,1,0.3734,4.472,O=C1Nc2c(-c3ccccc3)n[nH]c2CCSCSCc2cnc3c1cnn3c2,15,True,False,True,
CAND_daabc7b3cd,v5_5_pocket_guided,JAK2_0151947536,CN1CCC2(CC1)COCOCc1cc(ccc1[N+](=O)[O-])Oc1cc(O)cc(O)c1-c1cc(no1)C(=O)N2,LENUIIDHDVOESF-UHFFFAOYSA-N,True,True,True,526.502,3.1518,169.66,3,11,1,0.3143,4.506,O=C1NC2(CCNCC2)COCOCc2cccc(c2)Oc2ccccc2-c2cc1no2,17,True,False,True,
CAND_666c18d753,v5_5_pocket_guided,JAK2_2c9dc917e3,C[C@H](O)CN1CCN2c3ccc(cc3F)Nc3ncc4c(cc(-c5cccc(S(=O)(=O)NC(C)(C)C)c5)n4n3)COCNCC2C1,GODCQERXNBBADV-BWDMCYIDSA-N,True,True,True,652.797,3.3045,136.36,4,10,5,0.2544,6.207,c1ccc(-c2cc3c4cnc(nn24)Nc2ccc(cc2)N2CCNCC2CNCOC3)cc1,17,True,False,True,
CAND_953b1eeaaf,v5_5_pocket_guided,JAK2_2c9dc917e3,C[C@H](O)CN1CCN(c2ccc(Nc3nc4c5ccc(n5n3)-c3cccc(c3)S(=O)(=O)NC(C)(C)CCNCOC4)cc2F)CC1,KJJNTDDLBNDECA-QFIPXVFZSA-N,True,True,True,652.797,3.3061,136.36,4,10,5,0.2544,5.957,O=S1(=O)NCCCNCOCc2nc(Nc3ccc(N4CCNCC4)cc3)nn3c(ccc23)-c2cccc1c2,16,True,False,True,
CAND_627aeae374,v5_5_pocket_guided,JAK2_2c9dc917e3,C[C@H](O)CN1CCN(c2ccc(Nc3ncc4c5cc(n4n3)-c3cccc(c3)S(=O)(=O)NC(C)(C)CCNCOC5)cc2F)CC1,GRRCUYVBFGMQKX-QFIPXVFZSA-N,True,True,True,652.797,3.3061,136.36,4,10,5,0.2544,5.957,O=S1(=O)NCCCNCOCc2cc(n3nc(Nc4ccc(N5CCNCC5)cc4)ncc23)-c2cccc1c2,15,True,False,True,
CAND_97ac8f4dab,v5_5_pocket_guided,JAK2_2c9dc917e3,C[C@H](O)CN1CCN(c2ccc(Nc3ncc4c5cc(n4n3)-c3cccc(c3)S(=O)(=O)NC(C)(C)CCOCOC5)cc2F)CC1,CHKVZXORMOBMBP-QFIPXVFZSA-N,True,True,True,653.781,3.7331,133.56,3,10,5,0.2927,5.963,O=S1(=O)NCCCOCOCc2cc(n3nc(Nc4ccc(N5CCNCC5)cc4)ncc23)-c2cccc1c2,15,True,False,True,
CAND_8948b554e2,v5_5_pocket_guided,JAK2_bf422951f8,Cc1ccc2cc1CS(=O)(=O)c1nnc(o1)[C@@H](NC(=O)OC(C)(C)C)CC(C)(C)CCNCCOCC2,IDVVSFIWJRMGBN-NRFANRHFSA-N,True,True,True,536.695,3.8864,132.65,2,9,1,0.5568,4.362,O=S1(=O)Cc2cccc(c2)CCOCCNCCCCCc2nnc1o2,19,True,False,True,
CAND_a1b98b7358,v5_5_pocket_guided,JAK2_bf422951f8,Cc1cc2ccc1CS(=O)(=O)c1nnc(o1)[C@@H](NC(=O)OC(C)(C)C)C(C(C)C)CCOCNCC2,ZPYDUJZUWBTWEZ-LBAQZLPGSA-N,True,True,True,522.668,3.6998,132.65,2,9,2,0.6056,4.909,O=S1(=O)Cc2ccc(cc2)CCNCOCCCCc2nnc1o2,18,True,False,True,
CAND_2aa6875099,v5_5_pocket_guided,JAK2_bf422951f8,Cc1cc2ccc1CS(=O)(=O)c1nnc(o1)[C@@H](NC(=O)OC(C)(C)C)C(C(C)C)CCOCCNCC2,DJHDBAQJDZOXQG-KEKNWZKVSA-N,True,True,True,536.695,3.7423,132.65,2,9,2,0.5887,4.987,O=S1(=O)Cc2ccc(cc2)CCNCCOCCCCc2nnc1o2,19,True,False,True,
CAND_a587de627c,v5_5_pocket_guided,JAK2_bf422951f8,Cc1cc2ccc1CS(=O)(=O)c1nnc(o1)[C@@H](NC(=O)OC(C)(C)C)C(C(C)C)COCNC2,SCFWZVITPCRFRS-GGYWPGCISA-N,True,True,True,494.614,3.2672,132.65,2,9,2,0.6452,4.753,O=S1(=O)Cc2ccc(cc2)CNCOCCCc2nnc1o2,16,True,False,True,
CAND_6a1cd35e01,v5_5_pocket_guided,JAK2_bf422951f8,Cc1ccccc1CS(=O)(=O)c1nnc([C@@H]2CC(C)CCCNCSCCC(C)(C)OC(=O)N2)o1,ZBDSLINANLZRBH-OZBJMMHXSA-N,True,True,True,524.709,4.3882,123.42,2,9,4,0.5992,4.921,O=C1N[C@H](c2nnc(S(=O)(=O)Cc3ccccc3)o2)CCCCCNCSCCCO1,15,True,False,True,
CAND_2b6652d6c1,v5_5_pocket_guided,JAK2_ccf270f33b,COc1ccccc1-c1ccc2c3nc(nn12)Nc1cc(cc(N2CCOCC2)c1)CCSCCSCC3,VHWHRSAGINNDHJ-UHFFFAOYSA-N,True,True,True,547.75,5.5501,63.92,1,8,3,0.3583,5.149,c1ccc(-c2ccc3c4nc(nn23)Nc2cc(cc(N3CCOCC3)c2)CCSCCSCC4)cc1,15,True,False,True,
CAND_514e28b916,v5_5_pocket_guided,JAK2_ccf270f33b,COc1ccccc1-c1cc2c3cnc(nn13)Nc1cc(cc(N3CCOCC3)c1)CCSCSCC2,JCPGNPSJLUGEMO-UHFFFAOYSA-N,True,True,True,533.723,5.5076,63.92,1,8,3,0.3701,5.049,c1ccc(-c2cc3c4cnc(nn24)Nc2cc(cc(N4CCOCC4)c2)CCSCSCC3)cc1,16,True,False,True,
CAND_3fd6e950fa,v5_5_pocket_guided,JAK2_ccf270f33b,COc1ccccc1-c1cc2c3cnc(nn13)Nc1cc(cc(N3CCOCC3)c1)CCSCCSCC2,JBBKOAYFDLHDKL-UHFFFAOYSA-N,True,True,True,547.75,5.5501,63.92,1,8,3,0.3583,5.149,c1ccc(-c2cc3c4cnc(nn24)Nc2cc(cc(N4CCOCC4)c2)CCSCCSCC3)cc1,17,True,False,True,
CAND_28e879db76,v5_5_pocket_guided,JAK2_ccf270f33b,COc1ccccc1-c1cc2c3cnc(nn13)Nc1cc(cc(N3CCOCC3)c1)CCSCSC2,PNDGUNYGCVBMGF-UHFFFAOYSA-N,True,True,True,519.696,5.4651,63.92,1,8,3,0.3826,4.95,c1ccc(-c2cc3c4cnc(nn24)Nc2cc(cc(N4CCOCC4)c2)CCSCSC3)cc1,15,True,False,True,
CAND_825369e39e,v5_5_pocket_guided,JAK2_ccf270f33b,COc1ccc2cc1-c1ccc3c(nc(Nc4cccc(N5CCOCC5)c4)nn13)CCSCCSCCC2,USQMHCMFWPHAGL-UHFFFAOYSA-N,True,True,True,561.777,5.9402,63.92,1,8,4,0.3285,5.547,c1cc2cc(c1)-c1ccc3c(nc(Nc4cccc(N5CCOCC5)c4)nn13)CCSCCSCCC2,16,True,False,True,
CAND_7f5aca5067,v5_5_pocket_guided,JAK2_ccf270f33b,COc1cc2ccc1-c1ccc3c(nc(Nc4cccc(N5CCOCC5)c4)nn13)CCSCSCC2,FVTWWADBPSDDIS-UHFFFAOYSA-N,True,True,True,533.723,5.5076,63.92,1,8,4,0.3686,5.174,c1cc(Nc2nc3c4ccc(n4n2)-c2ccc(cc2)CCSCSCC3)cc(N2CCOCC2)c1,15,True,False,True,
CAND_52f023a68b,v5_5_pocket_guided,JAK2_ccf270f33b,COc1cc2ccc1-c1ccc3c(nc(Nc4cccc(N5CCOCC5)c4)nn13)CSCSCC2,GSJPBCGGVUXQCW-UHFFFAOYSA-N,True,True,True,519.696,5.4651,63.92,1,8,4,0.3811,5.075,c1cc(Nc2nc3c4ccc(n4n2)-c2ccc(cc2)CCSCSC3)cc(N2CCOCC2)c1,14,True,False,True,
CAND_23e32edbb0,v5_5_pocket_guided,JAK2_ccf270f33b,COc1cc2ccc1-c1ccc3c(nc(Nc4cccc(N5CCOCC5)c4)nn13)CCSCCSCC2,VLSDBIICHFSDNL-UHFFFAOYSA-N,True,True,True,547.75,5.5501,63.92,1,8,4,0.3569,5.274,c1cc(Nc2nc3c4ccc(n4n2)-c2ccc(cc2)CCSCCSCC3)cc(N2CCOCC2)c1,16,True,False,True,
CAND_2527b8f77c,v5_5_pocket_guided,JAK2_ccf270f33b,COc1cc2ccc1-c1cc(c3cnc(Nc4cccc(N5CCOCC5)c4)nn13)CCSCSCC2,ABWLBBBYISUESK-UHFFFAOYSA-N,True,True,True,533.723,5.5076,63.92,1,8,4,0.3686,5.174,c1cc(Nc2ncc3c4cc(n3n2)-c2ccc(cc2)CCSCSCC4)cc(N2CCOCC2)c1,14,True,False,True,
CAND_b275d54954,v5_5_pocket_guided,JAK2_ccf270f33b,COc1cc2ccc1-c1cc(c3cnc(Nc4cccc(N5CCOCC5)c4)nn13)CCSCCSCCC2,VKPRUWZNBMZTEX-UHFFFAOYSA-N,True,True,True,561.777,5.9402,63.92,1,8,4,0.3285,5.547,c1cc(Nc2ncc3c4cc(n3n2)-c2ccc(cc2)CCCSCCSCC4)cc(N2CCOCC2)c1,16,True,False,True,
CAND_9d84e39f14,v5_5_pocket_guided,JAK2_ccf270f33b,COc1cc2ccc1-c1cc(c3cnc(Nc4cccc(N5CCOCC5)c4)nn13)CCSCCSCC2,DXYOQZHSSTXHCL-UHFFFAOYSA-N,True,True,True,547.75,5.5501,63.92,1,8,4,0.3569,5.274,c1cc(Nc2ncc3c4cc(n3n2)-c2ccc(cc2)CCSCCSCC4)cc(N2CCOCC2)c1,15,True,False,True,
CAND_e1f628f61f,v5_5_pocket_guided,JAK2_ccf270f33b,COc1c2cccc1-c1ccc3c(nc(Nc4cccc(N5CCOCC5)c4)nn13)CCSCSCC2,QZSIAJAHCHAQJU-UHFFFAOYSA-N,True,True,True,533.723,5.5076,63.92,1,8,4,0.3686,5.174,c1cc2cc(c1)-c1ccc3c(nc(Nc4cccc(N5CCOCC5)c4)nn13)CCSCSCC2,14,True,False,True,
CAND_d54a29a137,v5_5_pocket_guided,JAK2_ccf270f33b,COc1c2cccc1-c1ccc3c(nc(Nc4cccc(N5CCOCC5)c4)nn13)CCSCCSCC2,XSMWVYZFFISPSN-UHFFFAOYSA-N,True,True,True,547.75,5.5501,63.92,1,8,4,0.3569,5.274,c1cc2cc(c1)-c1ccc3c(nc(Nc4cccc(N5CCOCC5)c4)nn13)CCSCCSCC2,15,True,False,True,
CAND_92a78310bb,v5_5_pocket_guided,JAK2_3fc0ebe287,CONC(=O)c1cc2c3nc(-n4cnc5ccncc54)nc2n1CCOCNCc1ccc(cc1)[C@H](C)N3,WUXPSAPSKWIIIO-INIZCTEOSA-N,True,True,True,513.562,2.7068,133.04,3,9,3,0.3115,4.934,c1cc2ncn(-c3nc4c5ccn(c5n3)CCOCNCc3ccc(cc3)CN4)c2cn1,16,True,False,True,
CAND_0e44abec49,v5_5_pocket_guided,JAK2_3fc0ebe287,CONC(=O)c1c2c3c(nc(-n4cnc5ccncc54)nc3n1C)N[C@@H](C)c1ccc(cc1)CCCC2,PSQAAUUYLKTBHE-INIZCTEOSA-N,True,True,True,496.575,4.0453,111.78,2,7,3,0.3626,4.839,c1cc2ncn(-c3nc4c5c(c[nH]c5n3)CCCCc3ccc(cc3)CN4)c2cn1,13,True,False,True,
CAND_684faf5c53,v5_5_pocket_guided,JAK2_3fc0ebe287,CONC(=O)c1cc2c3nc(nc2n1C)-n1cnc2cc(ncc21)CNCOCC[C@@H](c1ccccc1)N3,MPWVSWRFPLIOIQ-IBGZPJMESA-N,True,True,True,513.562,2.614,133.04,3,9,3,0.3114,4.934,c1ccc([C@@H]2CCOCNCc3cc4ncn(c4cn3)-c3nc(c4cc[nH]c4n3)N2)cc1,16,True,False,True,
CAND_ff8228287e,v5_5_pocket_guided,JAK2_3fc0ebe287,CONC(=O)c1c2c3c(N[C@@H](C)c4ccccc4)nc(nc3n1C)-n1cnc3cc(ncc31)CCSCCSCC2,YAMQEWDETGSEPO-SFHVURJKSA-N,True,True,True,588.763,4.7315,111.78,2,9,5,0.2815,5.601,c1ccc(CNc2nc3nc4[nH]cc(c24)CCSCCSCCc2cc4ncn-3c4cn2)cc1,18,True,False,True,
CAND_0e0bef700a,v5_5_pocket_guided,JAK2_3fc0ebe287,CONC(=O)c1cc2c(N[C@@H](C)c3ccccc3)nc3nc2n1CCSCSCc1nccc2ncn-3c12,OADZNOBUGQYFBM-INIZCTEOSA-N,True,True,True,546.682,4.567,111.78,2,9,5,0.3063,5.368,c1ccc(CNc2nc3nc4c2ccn4CCSCSCc2nccc4ncn-3c24)cc1,13,True,False,True,
CAND_093a50fb34,v5_5_pocket_guided,JAK2_3fc0ebe287,CONC(=O)c1cc2c3nc(nc2n1C)-n1cnc2ccnc(c21)CNCOCc1cccc(c1)[C@H](C)N3,JBGUXRBHRVQWOM-HNNXBMFYSA-N,True,True,True,513.562,2.7438,133.04,3,9,2,0.3048,4.809,c1cc2cc(c1)COCNCc1nccc3ncn(c13)-c1nc(c3cc[nH]c3n1)NC2,16,True,False,True,
CAND_ae3b9736b8,v5_5_pocket_guided,JAK2_3fc0ebe287,CONC(=O)c1c2c3c(N[C@@H](C)c4ccccc4)nc(nc3n1C)-n1cnc3ccnc(c31)CSCSC2,CDJAEOFGYPYSOD-HNNXBMFYSA-N,True,True,True,546.682,4.604,111.78,2,9,5,0.3054,5.368,c1ccc(CNc2nc3nc4[nH]cc(c24)CSCSCc2nccc4ncn-3c24)cc1,13,True,False,True,
CAND_864aef1749,v5_5_pocket_guided,JAK2_3fc0ebe287,CONC(=O)c1cc2c3nc(nc2n1C)-n1cnc2ccnc(c21)CNCOCc1ccccc1[C@H](C)N3,MVDALOKCKGVHSH-HNNXBMFYSA-N,True,True,True,513.562,2.7438,133.04,3,9,2,0.3048,4.809,c1ccc2c(c1)CNc1nc(nc3[nH]ccc13)-n1cnc3ccnc(c31)CNCOC2,15,True,False,True,
CAND_ceb1671b18,v5_5_pocket_guided,JAK2_3fc0ebe287,CONC(=O)c1cc2c3nc(nc2n1C)-n1cnc2c(cncc21)COCNCC[C@@H](c1ccccc1)N3,RSSKWSFGEHRZNA-IBGZPJMESA-N,True,True,True,513.562,2.614,133.04,3,9,3,0.3114,4.934,c1ccc([C@@H]2CCNCOCc3cncc4c3ncn4-c3nc(c4cc[nH]c4n3)N2)cc1,15,True,False,True,
CAND_6b22dda74e,v5_5_pocket_guided,JAK2_3fc0ebe287,CONC(=O)c1c2c3c(N[C@@H](C)c4ccccc4)nc(nc3n1C)-n1cnc3c(cncc31)CCSCCSCC2,VRALBKPUYYJZKR-SFHVURJKSA-N,True,True,True,588.763,4.7315,111.78,2,9,5,0.2815,5.601,c1ccc(CNc2nc3nc4[nH]cc(c24)CCSCCSCCc2cncc4c2ncn4-3)cc1,17,True,False,True,
CAND_ad63baefa8,v5_5_pocket_guided,JAK2_3fc0ebe287,CONC(=O)c1cc2c3nc(nc2n1C)-n1cnc2c(cncc21)CNCOCc1ccccc1[C@H](C)N3,TUMGDAZOCHHPCK-HNNXBMFYSA-N,True,True,True,513.562,2.7438,133.04,3,9,2,0.3048,4.809,c1ccc2c(c1)CNc1nc(nc3[nH]ccc13)-n1cnc3c(cncc31)CNCOC2,16,True,False,True,
CAND_40fdde9008,v5_5_pocket_guided,JAK2_8d7410b68f,C1=C2\CCNCOCC3CCN(CCOc4ccc(cc4COC2)Nc2nccc(n2)-c2ccc(o2)COC/1)C3,CNESRFOXYHZGRE-GZIVZEMBSA-N,True,True,True,547.656,4.1215,103.14,2,10,0,0.3997,4.998,C1=C2\CCNCOCC3CCN(CCOc4ccc(cc4COC2)Nc2nccc(n2)-c2ccc(o2)COC/1)C3,18,True,False,True,
CAND_85ec11f0e8,v5_5_pocket_guided,JAK2_8d7410b68f,C1=C2\CCOCOCC3CCN(CCOc4ccc(cc4COC2)Nc2nccc(n2)-c2ccc(o2)COC/1)C3,YCPZTVBBJGMCSS-QPJQQBGISA-N,True,True,True,548.64,4.5485,100.34,1,10,0,0.4029,5.004,C1=C2\CCOCOCC3CCN(CCOc4ccc(cc4COC2)Nc2nccc(n2)-c2ccc(o2)COC/1)C3,18,True,False,True,
CAND_5665b78fed,v5_5_pocket_guided,JAK2_8d7410b68f,C1=C2\CCOCOCC3CCCN3CCOc3ccc(cc3COC2)Nc2nccc(n2)-c2ccc(o2)COC/1,QIOJDIPSKXEQQN-GZIVZEMBSA-N,True,True,True,548.64,4.691,100.34,1,10,0,0.3983,4.754,C1=C2\CCOCOCC3CCCN3CCOc3ccc(cc3COC2)Nc2nccc(n2)-c2ccc(o2)COC/1,18,True,False,True,
CAND_37471022d5,v5_5_pocket_guided,JAK2_8d7410b68f,C1=C2\CCOCOCCC3CCCN3CCOc3ccc(cc3COC2)Nc2nccc(n2)-c2ccc(o2)COC/1,VHMSXCDXWYZTIJ-LIMNOBDPSA-N,True,True,True,562.667,5.0811,100.34,1,10,0,0.3734,4.872,C1=C2\CCOCOCCC3CCCN3CCOc3ccc(cc3COC2)Nc2nccc(n2)-c2ccc(o2)COC/1,18,True,False,True,
CAND_58664d5da5,v5_5_pocket_guided,JAK2_8d7410b68f,C1=C/C2COCOCCC3CCN(CCOc4ccc(cc4CO2)Nc2nccc(n2)-c2ccc(o2)COC/1)C3,GGCSBMOCEBPJBG-OWOJBTEDSA-N,True,True,True,548.64,4.5469,100.34,1,10,0,0.403,5.254,C1=C/C2COCOCCC3CCN(CCOc4ccc(cc4CO2)Nc2nccc(n2)-c2ccc(o2)COC/1)C3,18,True,False,True,
CAND_8d10e8ab5c,v5_5_pocket_guided,JAK2_8d7410b68f,C1=C/C2CCOCNCCC3CCN(CCOc4ccc(cc4CO2)Nc2nccc(n2)-c2ccc(o2)COC/1)C3,PPGHRLDVTPRRLC-OWOJBTEDSA-N,True,True,True,561.683,4.51,103.14,2,10,0,0.3812,5.326,C1=C/C2CCOCNCCC3CCN(CCOc4ccc(cc4CO2)Nc2nccc(n2)-c2ccc(o2)COC/1)C3,18,True,False,True,
CAND_1bc0b70bb5,v5_5_pocket_guided,JAK2_8d7410b68f,C1=C/C2CCOCOCCC3CCN(CCOc4ccc(cc4CO2)Nc2nccc(n2)-c2ccc(o2)COC/1)C3,SSVJESPSUNQLKN-OWOJBTEDSA-N,True,True,True,562.667,4.937,100.34,1,10,0,0.3795,5.331,C1=C/C2CCOCOCCC3CCN(CCOc4ccc(cc4CO2)Nc2nccc(n2)-c2ccc(o2)COC/1)C3,18,True,False,True,
CAND_e67629456a,v5_5_pocket_guided,JAK2_8d7410b68f,C1=C/C2CCOCOCCC3CCCN3CCOc3ccc(cc3CO2)Nc2nccc(n2)-c2ccc(o2)COC/1,UQHVMGVKNNMBGP-DUXPYHPUSA-N,True,True,True,562.667,5.0795,100.34,1,10,0,0.3735,5.121,C1=C/C2CCOCOCCC3CCCN3CCOc3ccc(cc3CO2)Nc2nccc(n2)-c2ccc(o2)COC/1,18,True,False,True,
CAND_8fdbe33271,v5_5_pocket_guided,JAK2_4e74665b71,c1ccc2c(c1)C1CC[C@@H]2Nc2ccnc(n2)-n2cnc3cc(ncc32)COCNC1,OOKZKGWQXOJWOY-FUBQLUNQSA-N,True,True,True,413.485,3.3184,89.78,2,7,0,0.457,4.253,c1ccc2c(c1)C1CC[C@@H]2Nc2ccnc(n2)-n2cnc3cc(ncc32)COCNC1,18,True,False,True,
CAND_9a5f73a0b9,v5_5_pocket_guided,JAK2_4e74665b71,c1ccc2c(c1)C1CC[C@@H]2Nc2ccnc(n2)-n2cnc3ccnc(c32)COCNC1,FLFLESPKVORLPQ-PKHIMPSTSA-N,True,True,True,413.485,3.3184,89.78,2,7,0,0.457,4.253,c1ccc2c(c1)C1CC[C@@H]2Nc2ccnc(n2)-n2cnc3ccnc(c32)COCNC1,16,True,False,True,
CAND_fd29a453e3,v5_5_pocket_guided,JAK2_4e74665b71,c1ccc2c(c1)C1CC[C@@H]2Nc2ccnc(n2)-n2cnc3ccnc(c32)CSCOC1,YKUOLSDMZSCZRV-PKHIMPSTSA-N,True,True,True,430.537,4.462,77.75,1,7,0,0.4412,4.347,c1ccc2c(c1)C1CC[C@@H]2Nc2ccnc(n2)-n2cnc3ccnc(c32)CSCOC1,16,True,False,True,
CAND_1f26aca914,v5_5_pocket_guided,JAK2_4e74665b71,c1ccc2c(c1)C1CC[C@@H]2Nc2ccnc(n2)-n2cnc3c(cncc32)COCNC1,ZEAOWUJDCOLJSM-FUBQLUNQSA-N,True,True,True,413.485,3.3184,89.78,2,7,0,0.457,4.253,c1ccc2c(c1)C1CC[C@@H]2Nc2ccnc(n2)-n2cnc3c(cncc32)COCNC1,17,True,False,True,
CAND_9d41dccfa7,v5_5_pocket_guided,JAK2_4e74665b71,c1ccc2c(c1)CC1CCSCCSCCc3cc(nc(-n4cnc5ccncc54)n3)N[C@H]2C1,UGQUBZYLWTVQFT-IMMUGOHXSA-N,True,True,True,488.686,5.3387,68.52,1,7,1,0.3879,4.965,c1ccc2c(c1)CC1CCSCCSCCc3cc(nc(-n4cnc5ccncc54)n3)N[C@H]2C1,15,True,False,True,
CAND_0e6a600e1d,v5_5_pocket_guided,JAK2_4e74665b71,c1ccc2c(c1)CC1CCSCSCCc3cc(nc(-n4cnc5ccncc54)n3)N[C@H]2C1,FNFSUNQYGOLDEC-UGNFMNBCSA-N,True,True,True,474.659,5.2962,68.52,1,7,1,0.4016,4.866,c1ccc2c(c1)CC1CCSCSCCc3cc(nc(-n4cnc5ccncc54)n3)N[C@H]2C1,14,True,False,True,
CAND_836aea54fd,v5_5_pocket_guided,JAK2_4e74665b71,c1cc2nc(n1)-n1cnc3cc(ncc31)COCNCc1ccc3c(c1)[C@H](CCC3)N2,UFVDBULOEQCHCN-IBGZPJMESA-N,True,True,True,413.485,3.2773,89.78,2,7,0,0.4572,4.003,c1cc2nc(n1)-n1cnc3cc(ncc31)COCNCc1ccc3c(c1)[C@H](CCC3)N2,18,True,False,True,
CAND_abd2e3fe37,v5_5_pocket_guided,JAK2_4e74665b71,c1cc2nc(n1)-n1cnc3cc(ncc31)COCNCCc1ccc3c(c1)[C@H](CCC3)N2,KGOJHBRVVVDRSG-FQEVSTJZSA-N,True,True,True,427.512,3.3198,89.78,2,7,0,0.4449,4.081,c1cc2nc(n1)-n1cnc3cc(ncc31)COCNCCc1ccc3c(c1)[C@H](CCC3)N2,19,True,False,True,
CAND_02b810108f,v5_5_pocket_guided,JAK2_4e74665b71,c1cc2nc(n1)-n1cnc3ccnc(c31)COCNCc1ccc3c(c1)[C@H](CCC3)N2,LWGYLDTYWBWVLC-SFHVURJKSA-N,True,True,True,413.485,3.2773,89.78,2,7,0,0.4572,4.003,c1cc2nc(n1)-n1cnc3ccnc(c31)COCNCc1ccc3c(c1)[C@H](CCC3)N2,16,True,False,True,
CAND_661d4f7b8a,v5_5_pocket_guided,JAK2_4e74665b71,c1cc2nc(n1)-n1cnc3c(cncc31)COCNCc1ccc3c(c1)[C@H](CCC3)N2,WDGAMDWSPQQCND-IBGZPJMESA-N,True,True,True,413.485,3.2773,89.78,2,7,0,0.4572,4.003,c1cc2nc(n1)-n1cnc3c(cncc31)COCNCc1ccc3c(c1)[C@H](CCC3)N2,17,True,False,True,
CAND_8a4bbb30bb,v5_5_pocket_guided,JAK2_4e74665b71,c1cc2nc(n1)-n1cnc3c(cncc31)COCNCCc1ccc3c(c1)[C@H](CCC3)N2,MTSGTNXBYJEZQY-FQEVSTJZSA-N,True,True,True,427.512,3.3198,89.78,2,7,0,0.4449,4.081,c1cc2nc(n1)-n1cnc3c(cncc31)COCNCCc1ccc3c(c1)[C@H](CCC3)N2,18,True,False,True,
CAND_7be70ac6e7,v5_5_pocket_guided,JAK2_4e74665b71,c1cc2ncn(-c3ncc4c(n3)N[C@H]3CCCc5ccc(cc53)CCSCCSCC4)c2cn1,KBOGNCXVNNUUNN-QFIPXVFZSA-N,True,True,True,488.686,5.265,68.52,1,7,1,0.3916,4.678,c1cc2ncn(-c3ncc4c(n3)N[C@H]3CCCc5ccc(cc53)CCSCCSCC4)c2cn1,15,True,False,True,
CAND_a2966c092e,v5_5_pocket_guided,JAK2_4e74665b71,c1cc2ncn(-c3ncc4c(n3)N[C@H]3CCCc5ccc(cc53)CCSCSCC4)c2cn1,MKOLACXJLBBPLI-NRFANRHFSA-N,True,True,True,474.659,5.2225,68.52,1,7,1,0.4054,4.579,c1cc2ncn(-c3ncc4c(n3)N[C@H]3CCCc5ccc(cc53)CCSCSCC4)c2cn1,14,True,False,True,
CAND_7a34dfaa94,v5_5_pocket_guided,JAK2_4e74665b71,c1ccc2c(c1)CCC1COCSCc3cc4ncn(c4cn3)-c3nccc(n3)N[C@H]21,SKKAXIUWKLOVJG-XLDIYJRPSA-N,True,True,True,430.537,4.147,77.75,1,7,0,0.449,4.347,c1ccc2c(c1)CCC1COCSCc3cc4ncn(c4cn3)-c3nccc(n3)N[C@H]21,16,True,False,True,
CAND_318accd881,v5_5_pocket_guided,JAK2_4e74665b71,c1cc2ncn(-c3nccc(N[C@@H]4c5ccc6cc5CCC4CCSCSCC6)n3)c2cn1,TZLJICYFWZKODU-LUTIACGYSA-N,True,True,True,474.659,5.2962,68.52,1,7,3,0.4322,5.116,c1cc2ncn(-c3nccc(N[C@@H]4c5ccc6cc5CCC4CCSCSCC6)n3)c2cn1,13,True,False,True,
CAND_793738736a,v5_5_pocket_guided,JAK2_4e74665b71,c1ccc2c(c1)CCC[C@@H]2Nc1cc2nc(n1)-n1cnc3cc(ncc31)CSCSC2,JRXKYFMOAHZREN-IBGZPJMESA-N,True,True,True,446.605,5.1375,68.52,1,7,2,0.4573,4.505,c1ccc2c(c1)CCC[C@@H]2Nc1cc2nc(n1)-n1cnc3cc(ncc31)CSCSC2,13,True,False,True,
CAND_f10ce59a93,v5_5_pocket_guided,JAK2_4e74665b71,c1ccc2c(c1)CCC[C@@H]2Nc1cc2nc(n1)-n1cnc3cc(ncc31)CCSCSCC2,OFAVDBOZJLFGMO-NRFANRHFSA-N,True,True,True,474.659,5.2225,68.52,1,7,2,0.427,4.704,c1ccc2c(c1)CCC[C@@H]2Nc1cc2nc(n1)-n1cnc3cc(ncc31)CCSCSCC2,15,True,False,True,
CAND_f9a818c675,v5_5_pocket_guided,JAK2_4e74665b71,c1ccc2c(c1)CCC[C@@H]2Nc1cc2nc(n1)-n1cnc3cc(ncc31)CCSCSC2,PZHHNSXVIACXOP-FQEVSTJZSA-N,True,True,True,460.632,5.18,68.52,1,7,2,0.4419,4.605,c1ccc2c(c1)CCC[C@@H]2Nc1cc2nc(n1)-n1cnc3cc(ncc31)CCSCSC2,14,True,False,True,
CAND_68b6166499,v5_5_pocket_guided,JAK2_4e74665b71,c1cc2c3c(c1)[C@H](CCC3)Nc1ccnc(n1)-n1cnc3cc(ncc31)CCCC2,GPYXZJVTYWUECU-FQEVSTJZSA-N,True,True,True,396.498,4.5788,68.52,1,5,0,0.4712,3.908,c1cc2c3c(c1)[C@H](CCC3)Nc1ccnc(n1)-n1cnc3cc(ncc31)CCCC2,17,True,False,True,
CAND_3f11440989,v5_5_pocket_guided,JAK2_4e74665b71,c1cc2c3c(c1)[C@H](CCC3)Nc1ccnc(n1)-n1cnc3cc(ncc31)CNCOC2,KXYMWEIEHKPIIW-IBGZPJMESA-N,True,True,True,413.485,3.2773,89.78,2,7,0,0.4572,4.003,c1cc2c3c(c1)[C@H](CCC3)Nc1ccnc(n1)-n1cnc3cc(ncc31)CNCOC2,18,True,False,True,
CAND_7ba2168d87,v5_5_pocket_guided,JAK2_5f2f4ef7ea,COc1cc2cc3c1OC(CN1CCCC1)COCNCCC(OCC=CCOC3)c1cccc(c1)-c1ccnc(n1)N2,NXGDQZBDLIKYRS-UHFFFAOYSA-N,True,True,True,587.721,4.8505,99.23,2,10,3,0.414,5.596,C1=CCOC2CCNCOCC(CN3CCCC3)Oc3ccc(cc3COC1)Nc1nccc(n1)-c1cccc2c1,18,True,False,True,
CAND_0cdce138af,v5_5_pocket_guided,JAK2_5f2f4ef7ea,C1=CC2CCOCNCCCOc3cc(cc(c3OCCN3CCCC3)COC1)Nc1nccc(n1)-c1cccc(c1)CO2,ZQGSGYSXRSNPIX-UHFFFAOYSA-N,True,True,True,601.748,5.0697,99.23,2,10,4,0.3946,5.583,C1=CC2CCOCNCCCOc3cc(cc(c3OCCN3CCCC3)COC1)Nc1nccc(n1)-c1cccc(c1)CO2,18,True,False,True,
CAND_d355d1aad8,v5_5_pocket_guided,JAK2_7001b0c220,C[C@@H]1Nc2nc(cnc2C#N)Nc2cc([nH]n2)C2CC2CNCOCc2nc1ccc2F,NDMPAQIUOYCCJS-HIFPTAJRSA-N,True,True,True,435.467,2.703,136.46,4,9,0,0.42,4.625,c1cc2nc(c1)COCNCC1CC1c1cc(n[nH]1)Nc1cncc(n1)NC2,19,True,False,True,
CAND_8ee9923f02,v5_5_pocket_guided,JAK2_7001b0c220,C[C@@H]1Nc2nc(cnc2C#N)Nc2cc([nH]n2)C2CC2CNCOCc2cc1ncc2F,GQMMQOQMTIZFLR-DCBWTQNWSA-N,True,True,True,435.467,2.703,136.46,4,9,0,0.42,4.625,c1cc2cc(n1)CNc1cncc(n1)Nc1cc([nH]n1)C1CC1CNCOC2,19,True,False,True,
CAND_aa48096883,v5_5_pocket_guided,JAK2_95e4e1d633,Cc1cc2cc(c1)CS(=O)(=O)c1nnc(o1)[C@@H](NC(=O)OC(C)(C)C)Cc1ccc(cc1)CNCOC2,IDSWSLVJESZNNW-QFIPXVFZSA-N,True,True,True,528.631,3.7377,132.65,2,9,1,0.4845,4.767,O=S1(=O)Cc2cccc(c2)COCNCc2ccc(cc2)CCc2nnc1o2,19,True,False,True,
CAND_ebccc172b3,v5_5_pocket_guided,JAK2_95e4e1d633,Cc1cc2cc(c1)CS(=O)(=O)c1nnc(o1)[C@@H](NC(=O)OC(C)(C)C)Cc1ccc(cc1)CCNCOC2,RRZHKFFLJJQVBS-QHCPKHFHSA-N,True,True,True,542.658,3.7802,132.65,2,9,1,0.4713,4.845,O=S1(=O)Cc2cccc(c2)COCNCCc2ccc(cc2)CCc2nnc1o2,20,True,False,True,
CAND_1063ab7ebf,v5_5_pocket_guided,JAK2_95e4e1d633,Cc1cc2cc(c1)CS(=O)(=O)c1nnc(o1)[C@@H](NC(=O)OC(C)(C)C)C(c1ccccc1)COCNC2,QRAAFHSSORCRAG-KEKNWZKVSA-N,True,True,True,528.631,3.7788,132.65,2,9,2,0.5098,4.942,O=S1(=O)Cc2cccc(c2)CNCOCC(c2ccccc2)Cc2nnc1o2,15,True,False,True,
CAND_3ae5270c3c,v5_5_pocket_guided,JAK2_3e3077caeb,CC(Nc1nc2c3c[nH]c(=O)c2cc1-c1nc(no1)-c1ccc(cc1)CNCOC3)C(C)(C)C,RARZBHPFIGWXKB-UHFFFAOYSA-N,True,True,True,460.538,4.0639,117.96,3,8,2,0.4098,4.514,O=c1[nH]cc2c3ncc(cc13)-c1nc(no1)-c1ccc(cc1)CNCOC2,17,True,False,True,
CAND_5d246e350b,v5_5_pocket_guided,JAK2_3e3077caeb,CC(Nc1nc2c3c[nH]c(=O)c2cc1-c1nc(no1)-c1ccc(cc1)CCNCCOCC3)C(C)(C)C,ZKVYTIMDFGZBBF-UHFFFAOYSA-N,True,True,True,502.619,4.1914,117.96,3,8,2,0.3735,4.748,O=c1[nH]cc2c3ncc(cc13)-c1nc(no1)-c1ccc(cc1)CCNCCOCC2,20,True,False,True,
CAND_ab821206ef,v5_5_pocket_guided,JAK2_3e3077caeb,CC1Nc2nc3cc[nH]c(=O)c3cc2-c2nc(no2)-c2ccc(cc2)CNCOCCC1(C)C,DGNLREJPYPSPDJ-UHFFFAOYSA-N,True,True,True,460.538,3.9341,117.96,3,8,0,0.3612,4.264,O=c1[nH]ccc2nc3c(cc12)-c1nc(no1)-c1ccc(cc1)CNCOCCCCN3,18,True,False,True,
CAND_d9137abde2,v5_5_pocket_guided,JAK2_3e3077caeb,CC1Nc2nc3cc[nH]c(=O)c3cc2-c2nc(no2)-c2ccc(cc2)CCNCOCCC1(C)C,WKADCEYBJPRLLD-UHFFFAOYSA-N,True,True,True,474.565,3.9766,117.96,3,8,0,0.3503,4.342,O=c1[nH]ccc2nc3c(cc12)-c1nc(no1)-c1ccc(cc1)CCNCOCCCCN3,19,True,False,True,
CAND_9e562c840d,v5_5_pocket_guided,JAK2_3e3077caeb,CC(Nc1nc2cc3[nH]c(=O)c2cc1-c1nc(no1)-c1ccc(cc1)CNCOC3)C(C)(C)C,SWKDUMCYOMYDMY-UHFFFAOYSA-N,True,True,True,460.538,4.0639,117.96,3,8,2,0.4098,4.514,O=c1[nH]c2cc3ncc(cc13)-c1nc(no1)-c1ccc(cc1)CNCOC2,18,True,False,True,
CAND_59c1599b42,v5_5_pocket_guided,JAK2_3e3077caeb,CC(Nc1nc2cc3[nH]c(=O)c2cc1-c1nc(no1)-c1ccc(cc1)CCNCOCC3)C(C)(C)C,RYXHZFABMGGQCG-UHFFFAOYSA-N,True,True,True,488.592,4.1489,117.96,3,8,2,0.3852,4.67,O=c1[nH]c2cc3ncc(cc13)-c1nc(no1)-c1ccc(cc1)CCNCOCC2,20,True,False,True,
CAND_b77e224cbb,v5_5_pocket_guided,JAK2_3e3077caeb,CC(Nc1nc2cc[nH]c(=O)c2c2c1-c1nc(no1)-c1ccc(cc1)CSCSC2)C(C)(C)C,SBUXWBFQJDPZDT-UHFFFAOYSA-N,True,True,True,493.658,5.9241,96.7,2,8,2,0.3549,5.16,O=c1[nH]ccc2ncc3c(c12)CSCSCc1ccc(cc1)-c1noc-3n1,14,True,False,True,
CAND_1ddd74e763,v5_5_pocket_guided,JAK2_3e3077caeb,CC(Nc1nc2cc[nH]c(=O)c2c2c1-c1nc(no1)-c1ccc(cc1)CCSCCSCC2)C(C)(C)C,UXFFZZYTPRKOJF-UHFFFAOYSA-N,True,True,True,535.739,6.0516,96.7,2,8,2,0.3201,5.458,O=c1[nH]ccc2ncc3c(c12)CCSCCSCCc1ccc(cc1)-c1noc-3n1,17,True,False,True,
CAND_f95afe1e58,v5_5_pocket_guided,JAK2_3e3077caeb,CC(Nc1nc2c3c[nH]c(=O)c2cc1-c1nc(no1)-c1ccccc1COCNC3)C(C)(C)C,IGNKFJIXTKCIAU-UHFFFAOYSA-N,True,True,True,460.538,4.0639,117.96,3,8,2,0.4098,4.514,O=c1[nH]cc2c3ncc(cc13)-c1nc(no1)-c1ccccc1COCNC2,15,True,False,True,
CAND_3babd6fcd3,v5_5_pocket_guided,JAK2_3e3077caeb,CC(Nc1nc2cc3[nH]c(=O)c2cc1-c1nc(no1)-c1cccc(c1)COCNC3)C(C)(C)C,VZFGIQRIRPWTEI-UHFFFAOYSA-N,True,True,True,460.538,4.0639,117.96,3,8,2,0.4098,4.514,O=c1[nH]c2cc3ncc(cc13)-c1nc(no1)-c1cccc(c1)COCNC2,17,True,False,True,
CAND_25a8481360,v5_5_pocket_guided,JAK2_3e3077caeb,CC(Nc1nc2cc[nH]c(=O)c2c2c1-c1nc(no1)-c1cccc(c1)CCSCSCC2)C(C)(C)C,JDDUDPFQDQEDCP-UHFFFAOYSA-N,True,True,True,521.712,6.0091,96.7,2,8,2,0.3311,5.359,O=c1[nH]ccc2ncc3c(c12)CCSCSCCc1cccc(c1)-c1noc-3n1,15,True,False,True,
CAND_b5beaf3fc5,v5_5_pocket_guided,JAK2_3e3077caeb,CC(Nc1nc2cc[nH]c(=O)c2c2c1-c1nc(no1)-c1ccccc1CSCSCC2)C(C)(C)C,NCCFRJCPCAVPGX-UHFFFAOYSA-N,True,True,True,507.685,5.9666,96.7,2,8,2,0.3427,5.259,O=c1[nH]ccc2ncc3c(c12)CCSCSCc1ccccc1-c1noc-3n1,13,True,False,True,
CAND_41021d9f23,v5_5_pocket_guided,JAK2_31cdd2b6db,CC(=O)N[C@@H]1c2cc3ccc2CC1CSCSCc1nc2[nH]cc(C(=O)NC(C)C)c2nc1O3,UEZWYFWTFRYNGZ-MBABXSBOSA-N,True,True,True,497.646,4.1754,109.0,3,7,3,0.4981,5.095,c1cc2nc3c(nc2[nH]1)CSCSCC1Cc2ccc(cc2C1)O3,13,True,False,True,
CAND_7347c50590,v5_5_pocket_guided,JAK2_31cdd2b6db,CC(=O)N[C@@H]1c2cc3ccc2CC1CCSCSCc1nc2[nH]cc(C(=O)NC(C)C)c2nc1O3,QBOSNEAYJQRXFZ-MRNPHLECSA-N,True,True,True,511.673,4.5655,109.0,3,7,3,0.4727,5.173,c1cc2nc3c(nc2[nH]1)CSCSCCC1Cc2ccc(cc2C1)O3,14,True,False,True,
CAND_cf527b3335,v5_5_pocket_guided,JAK2_31cdd2b6db,CC(=O)N[C@H]1CCc2c3cc(cc21)Oc1cnc2[nH]cc(c2n1)C(=O)NC(C)(C)CNCOC3,SKUCGLVWBRMPKK-IBGZPJMESA-N,True,True,True,464.526,2.4593,130.26,4,7,1,0.4352,4.411,O=C1NCCNCOCc2cc(cc3c2CCC3)Oc2cnc3[nH]cc1c3n2,16,True,False,True,
CAND_194ceb9400,v5_5_pocket_guided,JAK2_31cdd2b6db,CC(=O)N[C@H]1CCc2ccc3c(c21)CSCSCc1[nH]c2ncc(nc2c1C(=O)NC(C)C)O3,NOBVKAMHROOVFF-INIZCTEOSA-N,True,True,True,497.646,4.4493,109.0,3,7,3,0.4905,4.845,c1nc2[nH]c3cc2nc1Oc1ccc2c(c1CSCSC3)CCC2,13,True,False,True,
CAND_57901242b8,v5_5_pocket_guided,JAK2_31cdd2b6db,CC(=O)N[C@H]1CCc2ccc3c(c21)CCSCSCc1[nH]c2ncc(nc2c1C(=O)NC(C)C)O3,HOKXRGGVDQWYJO-KRWDZBQOSA-N,True,True,True,511.673,4.4918,109.0,3,7,3,0.4753,4.923,c1nc2[nH]c3cc2nc1Oc1ccc2c(c1CCSCSC3)CCC2,14,True,False,True,
CAND_d76a079d0b,v5_5_pocket_guided,JAK2_31cdd2b6db,CC(=O)N[C@H]1CCc2cc3c(cc21)Oc1cnc2[nH]c(c(C(=O)NC(C)C)c2n1)CSCSC3,GZMDGEACTXAIQG-KRWDZBQOSA-N,True,True,True,497.646,4.4493,109.0,3,7,3,0.4905,4.845,c1nc2[nH]c3cc2nc1Oc1cc2c(cc1CSCSC3)CCC2,13,True,False,True,
CAND_500734f9df,v5_5_pocket_guided,JAK2_31cdd2b6db,CC(=O)N[C@H]1CCc2cc3c(cc21)Oc1cnc2[nH]c(c(C(=O)NC(C)C)c2n1)CCCSCCSCCC3,UZVRACCRBMAVDG-QFIPXVFZSA-N,True,True,True,567.781,5.357,109.0,3,7,3,0.3911,5.413,c1nc2[nH]c3cc2nc1Oc1cc2c(cc1CCCSCCSCCC3)CCC2,18,True,False,True,
CAND_d8cf91d102,v5_5_pocket_guided,JAK2_31cdd2b6db,CC(=O)N[C@H]1CCc2cc3c(cc21)Oc1cnc2[nH]c(c(C(=O)NC(C)C)c2n1)CSCSCC3,HRYWSPUQPIQYDN-SFHVURJKSA-N,True,True,True,511.673,4.4918,109.0,3,7,3,0.4753,4.923,c1nc2[nH]c3cc2nc1Oc1cc2c(cc1CCSCSC3)CCC2,14,True,False,True,
CAND_e27f5e5a07,v5_5_pocket_guided,JAK2_006b54a7cf,Oc1ccc(C2Nc3cc4ccc3-c3cc(nc5[nH]cc2c35)CCSCSCC4)cc1,ZTYXPRJDTFMCEA-UHFFFAOYSA-N,True,True,True,445.613,5.9729,60.94,3,5,1,0.3368,4.793,c1ccc(C2Nc3cc4ccc3-c3cc(nc5[nH]cc2c35)CCSCSCC4)cc1,14,True,False,True,
CAND_f71bdf1f21,v5_5_pocket_guided,JAK2_006b54a7cf,Oc1ccc(C2Nc3cc4ccc3-c3ccnc5[nH]c(c2c35)CCSCSCC4)cc1,ZVOHJHSLRXJEGI-UHFFFAOYSA-N,True,True,True,445.613,5.9729,60.94,3,5,1,0.3368,4.793,c1ccc(C2Nc3cc4ccc3-c3ccnc5[nH]c(c2c35)CCSCSCC4)cc1,14,True,False,True,
CAND_fe51c80340,v5_5_pocket_guided,JAK2_006b54a7cf,Oc1ccc(C2Nc3ccc4cc3-c3ccnc5[nH]c(c2c35)CCSCSCC4)cc1,NISRHYVDNQGSDW-UHFFFAOYSA-N,True,True,True,445.613,5.9729,60.94,3,5,1,0.3368,4.793,c1ccc(C2Nc3ccc4cc3-c3ccnc5[nH]c(c2c35)CCSCSCC4)cc1,14,True,False,True,
CAND_3b10bf79e2,v5_5_pocket_guided,JAK2_15829dfdea,CN1CCN(C(=O)c2cc3c4nc(nc3n2C)-n2cnc3cc(ncc32)CNCOCc2ccc(F)c(c2)CN4)CC1,ZHWDMYVAIRCNMP-UHFFFAOYSA-N,True,True,True,570.633,2.4183,118.26,2,9,1,0.3133,4.751,O=C(c1cc2c3nc(nc2[nH]1)-n1cnc2cc(ncc21)CNCOCc1cccc(c1)CN3)N1CCNCC1,18,True,False,True,
CAND_22bea2cb40,v5_5_pocket_guided,JAK2_15829dfdea,CN1CCN2C(=O)c3cc4c(nc(-n5cnc6ccncc65)nc4n3C)NCc3cc(ccc3F)COCNCC2C1,QVYGZTSANIKJAU-UHFFFAOYSA-N,True,True,True,570.633,2.2869,118.26,2,9,1,0.313,5.001,O=C1c2cc3c(nc(-n4cnc5ccncc54)nc3[nH]2)NCc2cccc(c2)COCNCC2CNCCN12,17,True,False,True,
CAND_e65bb0ffd3,v5_5_pocket_guided,JAK2_15829dfdea,CN1CCN2C(=O)c3cc4c(nc(-n5cnc6ccncc65)nc4n3C)NCc3ccc(cc3F)COCNCC2C1,HFZYRHYCRKSBNA-UHFFFAOYSA-N,True,True,True,570.633,2.2869,118.26,2,9,1,0.313,5.001,O=C1c2cc3c(nc(-n4cnc5ccncc54)nc3[nH]2)NCc2ccc(cc2)COCNCC2CNCCN12,18,True,False,True,
CAND_c0ed9348bb,v5_5_pocket_guided,JAK2_15829dfdea,CN1CCN2C(=O)c3cc4c(nc(-n5cnc6ccncc65)nc4n3C)NCc3ccc(cc3F)COCNCCC2C1,SKUUVHQCVHWHCT-UHFFFAOYSA-N,True,True,True,584.66,2.677,118.26,2,9,1,0.3067,5.079,O=C1c2cc3c(nc(-n4cnc5ccncc54)nc3[nH]2)NCc2ccc(cc2)COCNCCC2CNCCN12,19,True,False,True,
CAND_1446de26fc,v5_5_pocket_guided,JAK2_15829dfdea,CN1CCN2C(=O)c3cc4c(NCc5ccccc5F)nc(nc4n3C)-n3cnc4c(cncc43)COCNCC2C1,YABDUVTUOVBWBW-UHFFFAOYSA-N,True,True,True,570.633,2.2869,118.26,2,9,3,0.3369,5.251,O=C1c2cc3c(NCc4ccccc4)nc(nc3[nH]2)-n2cnc3c(cncc32)COCNCC2CNCCN12,17,True,False,True,
CAND_95ab215f71,v5_5_pocket_guided,JAK2_15829dfdea,CN1CCN(C(=O)c2cc3c4nc(nc3n2C)-n2cnc3ccnc(c32)CNCOCc2ccc(c(F)c2)CN4)CC1,FRFAIINEDWUOPI-UHFFFAOYSA-N,True,True,True,570.633,2.4183,118.26,2,9,1,0.3133,4.751,O=C(c1cc2c3nc(nc2[nH]1)-n1cnc2ccnc(c21)CNCOCc1ccc(cc1)CN3)N1CCNCC1,17,True,False,True,
CAND_741a4e8a23,v5_5_pocket_guided,JAK2_15829dfdea,CN1CCN(C(=O)c2c3c4c(NCc5ccccc5F)nc(nc4n2C)-n2cnc4ccnc(c42)CCCSCCSCCC3)CC1,NXKPKYFLJHWARA-UHFFFAOYSA-N,True,True,True,673.888,5.1862,97.0,1,9,4,0.2768,5.792,O=C(c1[nH]c2nc3nc(NCc4ccccc4)c2c1CCCSCCSCCCc1nccc2ncn-3c12)N1CCNCC1,18,True,False,True,
CAND_b206a3c74d,v5_5_pocket_guided,JAK2_15829dfdea,CN1CCN(C(=O)c2cc3c4nc(nc3n2C)-n2cnc3c(cncc32)COCNCc2ccc(F)c(c2)CN4)CC1,HBSJMQIKVXDYEM-UHFFFAOYSA-N,True,True,True,570.633,2.4183,118.26,2,9,1,0.3133,4.751,O=C(c1cc2c3nc(nc2[nH]1)-n1cnc2c(cncc21)COCNCc1cccc(c1)CN3)N1CCNCC1,17,True,False,True,
CAND_1156c34ecd,v5_5_pocket_guided,JAK2_15829dfdea,CN1CCN(C(=O)c2cc3c4nc(nc3n2C)-n2cnc3c(cncc32)COCNCc2ccc(c(F)c2)CN4)CC1,YPZGQZZEESMYBN-UHFFFAOYSA-N,True,True,True,570.633,2.4183,118.26,2,9,1,0.3133,4.751,O=C(c1cc2c3nc(nc2[nH]1)-n1cnc2c(cncc21)COCNCc1ccc(cc1)CN3)N1CCNCC1,18,True,False,True,
CAND_4cfa33a0ef,v5_5_pocket_guided,JAK2_15829dfdea,CN1CCN(C(=O)c2cc3c4nc(nc3n2C)-n2cnc3c(cncc32)COCNCCc2ccc(c(F)c2)CN4)CC1,HTSDQWPQRZRSLX-UHFFFAOYSA-N,True,True,True,584.66,2.4608,118.26,2,9,1,0.3064,4.829,O=C(c1cc2c3nc(nc2[nH]1)-n1cnc2c(cncc21)COCNCCc1ccc(cc1)CN3)N1CCNCC1,19,True,False,True,
CAND_fae66322f1,v5_5_pocket_guided,JAK2_15829dfdea,CN1CCN(C(=O)c2c3c4c(NCc5ccccc5F)nc(nc4n2C)-n2cnc4c(cncc42)CCCSCCCSCCC3)CC1,KACFUMRQAWYJDC-UHFFFAOYSA-N,True,True,True,687.915,5.5763,97.0,1,9,4,0.2601,6.065,O=C(c1[nH]c2nc3nc(NCc4ccccc4)c2c1CCCSCCCSCCCc1cncc2c1ncn2-3)N1CCNCC1,20,True,False,True,
CAND_553a2c6db6,v5_5_pocket_guided,JAK2_15829dfdea,CN1CCN(C(=O)c2c3c4c(NCc5ccccc5F)nc(nc4n2C)-n2cnc4c(cncc42)CCCSCCSCCC3)CC1,RMYRUTMSPSGSBQ-UHFFFAOYSA-N,True,True,True,673.888,5.1862,97.0,1,9,4,0.2768,5.792,O=C(c1[nH]c2nc3nc(NCc4ccccc4)c2c1CCCSCCSCCCc1cncc2c1ncn2-3)N1CCNCC1,19,True,False,True,
