fragment_id,mol_id,linker_smiles,chemotype_label
FRAG_6653015397,JAK2_d2047728cd,[1*]COC[5*],oxa
FRAG_a0ab864e2d,JAK2_d2047728cd,[2*]C=CCOCc1cccc([22*])c1,oxa
FRAG_7fa757b9b5,JAK2_d2047728cd,[2*]C=CCOC[28*],oxa
FRAG_9ef14e5f29,JAK2_d2047728cd,[2*]C=CCO[30*],oxa
FRAG_67a3ac2095,JAK2_d2047728cd,[2*]C=CC[31*],alkyl
FRAG_72e7fa6c1a,JAK2_d2047728cd,[3*]CC=CCOCc1cccc([22*])c1,oxa
FRAG_a7916827ad,JAK2_d2047728cd,[3*]CC=CCOC[28*],oxa
FRAG_1ff0ca69f6,JAK2_d2047728cd,[3*]CC=CCO[30*],oxa
FRAG_90a6cced96,JAK2_d2047728cd,[3*]CC=CC[31*],alkyl
FRAG_64457f5a90,JAK2_d2047728cd,[3*]CC=C[32*],alkyl
FRAG_d67c064bec,JAK2_d2047728cd,[4*]OCC=CCOC[28*],dioxa
FRAG_4107d86178,JAK2_d2047728cd,[4*]OCC=CCO[30*],dioxa
FRAG_32f7ad0718,JAK2_d2047728cd,[4*]OCC=CC[31*],oxa
FRAG_c16882ae4d,JAK2_d2047728cd,[4*]OCC=C[32*],oxa
FRAG_310f8f96a1,JAK2_d2047728cd,[4*]c1cc([17*])ccc1N1CCNCC1,diaza
FRAG_4af7ac37db,JAK2_d2047728cd,[5*]COCC=CCOC[28*],dioxa
FRAG_e58eb51403,JAK2_d2047728cd,[5*]COCC=CCO[30*],dioxa
FRAG_813f08e79f,JAK2_d2047728cd,[5*]COCC=CC[31*],oxa
FRAG_9bc89ee2d8,JAK2_d2047728cd,[5*]COCC=C[32*],oxa
FRAG_95b9cdb402,JAK2_d2047728cd,[7*]Nc1nccc([24*])n1,diaza
FRAG_a6913ff5b4,JAK2_d2047728cd,[17*]c1nccc([24*])n1,diaza
FRAG_5a1ed73588,JAK2_d2047728cd,[17*]c1nccc(-c2cccc([30*])c2)n1,diaza
FRAG_f31d6fd340,JAK2_d2047728cd,[22*]c1cccc([30*])c1,alkyl
FRAG_0c8fccda58,JAK2_d2047728cd,[22*]c1cccc(C[31*])c1,alkyl
FRAG_7b8f304c81,JAK2_d2047728cd,[22*]c1cccc(CO[32*])c1,oxa
FRAG_b0185e3974,JAK2_d2047728cd,*COCc1cccc([22*])c1,oxa
FRAG_56bdb8d90e,JAK2_d2047728cd,*COC[28*],oxa
FRAG_f5a6e323fd,JAK2_e510bd5a84,[5*]Nc1nccc([14*])n1,diaza
FRAG_dd2b269a56,JAK2_e510bd5a84,[7*]c1cc(N)cc(COCC=C[22*])c1,aza_oxa
FRAG_e663b332ec,JAK2_e510bd5a84,[7*]c1cc(N)cc(COC[24*])c1,aza_oxa
FRAG_5ac7541912,JAK2_e510bd5a84,[7*]c1cc(N)cc(CO[25*])c1,aza_oxa
FRAG_4f54681369,JAK2_e510bd5a84,[7*]c1cc(N)cc(C[26*])c1,aza
FRAG_dfd1c377ff,JAK2_e510bd5a84,[7*]c1cc([27*])cc(N)c1,aza
FRAG_d670a803fb,JAK2_e510bd5a84,[7*]c1nccc([14*])n1,diaza
FRAG_a9bb6e3f47,JAK2_e510bd5a84,[7*]c1nccc(-c2cccc([20*])c2)n1,diaza
FRAG_4eb9c70d14,JAK2_e510bd5a84,[8*]Nc1cc(N)cc(COC[24*])c1,aza_oxa
FRAG_943e16190c,JAK2_e510bd5a84,[8*]Nc1cc(N)cc(CO[25*])c1,aza_oxa
FRAG_0e6ac2ac98,JAK2_e510bd5a84,[8*]Nc1cc(N)cc(C[26*])c1,diaza
FRAG_ebf92c0b36,JAK2_e510bd5a84,[8*]Nc1cc([27*])cc(N)c1,diaza
FRAG_3a8ab8045e,JAK2_e510bd5a84,[12*]c1cccc([20*])c1,alkyl
FRAG_3527ca8413,JAK2_e510bd5a84,[12*]c1cccc(C[21*])c1,alkyl
FRAG_fd550c27f3,JAK2_e510bd5a84,[12*]c1cccc(CO[22*])c1,oxa
FRAG_bb82302877,JAK2_e510bd5a84,[12*]c1cccc(COC[23*])c1,oxa
FRAG_6835050110,JAK2_e510bd5a84,[12*]c1cccc(COCC=C[25*])c1,oxa
FRAG_5b1e5f8960,JAK2_e510bd5a84,[12*]c1cccc(COCC=CC[26*])c1,oxa
FRAG_c81acba5f2,JAK2_e510bd5a84,[18*]COC[23*],oxa
FRAG_d43d21c7a9,JAK2_e510bd5a84,[18*]COCC=C[25*],oxa
FRAG_bfc1363d30,JAK2_e510bd5a84,[18*]COCC=CC[26*],oxa
FRAG_b7d18a41a7,JAK2_e510bd5a84,[18*]COCC=CCO[27*],dioxa
FRAG_6520673d8f,JAK2_e510bd5a84,[3*]COCC=CCOC[18*],dioxa
FRAG_3bcdc4d64a,JAK2_e510bd5a84,[20*]OCC=C[25*],oxa
FRAG_62545abd3d,JAK2_e510bd5a84,[20*]OCC=CC[26*],oxa
FRAG_63aa831e28,JAK2_e510bd5a84,[20*]OCC=CCO[27*],dioxa
FRAG_7772ab121c,JAK2_e510bd5a84,[3*]COCC=CCO[20*],dioxa
FRAG_acdee6d649,JAK2_e510bd5a84,[21*]CC=C[25*],alkyl
FRAG_20de5b0339,JAK2_e510bd5a84,[21*]CC=CC[26*],alkyl
FRAG_4f50329487,JAK2_e510bd5a84,[21*]CC=CCO[27*],oxa
FRAG_d1634e3d97,JAK2_e510bd5a84,[3*]COCC=CC[21*],oxa
FRAG_a84970a426,JAK2_e510bd5a84,[22*]C=CC[26*],alkyl
FRAG_308ff7650b,JAK2_e510bd5a84,[22*]C=CCO[27*],oxa
FRAG_7010760aa8,JAK2_e510bd5a84,[3*]COCC=C[22*],oxa
FRAG_6318d00e7c,JAK2_e510bd5a84,[3*]COC[24*],oxa
FRAG_b058d8ef82,JAK2_396d75ed4a,[6*]COC[10*],oxa
FRAG_06e358918f,JAK2_396d75ed4a,[6*]COCC=C[12*],oxa
FRAG_5d0d25e97c,JAK2_396d75ed4a,[6*]COCC=CC[13*],oxa
FRAG_5ee5cba593,JAK2_396d75ed4a,[6*]COCC=CCO[14*],dioxa
FRAG_38916a6e0c,JAK2_396d75ed4a,[6*]COCC=CCOC[15*],dioxa
FRAG_9f8836b932,JAK2_396d75ed4a,[7*]c1cc(N[25*])ccc1O,aza_oxa
FRAG_dc7a4e3a17,JAK2_396d75ed4a,[7*]c1cc([27*])ccc1O,oxa
FRAG_3523a79096,JAK2_396d75ed4a,[7*]OCC=C[12*],oxa
FRAG_e920daaa73,JAK2_396d75ed4a,[7*]OCC=CC[13*],oxa
FRAG_3aecbc06eb,JAK2_396d75ed4a,[7*]OCC=CCO[14*],dioxa
FRAG_a18e38aa19,JAK2_396d75ed4a,[7*]OCC=CCOC[15*],dioxa
FRAG_7201ebbc1e,JAK2_396d75ed4a,[8*]Cc1cc(N[25*])ccc1O,aza_oxa
FRAG_9a70f6b780,JAK2_396d75ed4a,[8*]Cc1cc([27*])ccc1O,oxa
FRAG_076393eb23,JAK2_396d75ed4a,[8*]CC=C[12*],alkyl
FRAG_b1b072a8eb,JAK2_396d75ed4a,[8*]CC=CC[13*],alkyl
FRAG_1b35c32771,JAK2_396d75ed4a,[8*]CC=CCO[14*],oxa
FRAG_26024479bb,JAK2_396d75ed4a,[8*]CC=CCOC[15*],oxa
FRAG_5ff71aa57c,JAK2_396d75ed4a,[8*]CC=CCOCc1cccc([21*])c1,oxa
FRAG_99f327d23e,JAK2_396d75ed4a,[9*]OCc1cc(N[25*])ccc1O,oxa_aza
FRAG_266d7c2d8d,JAK2_396d75ed4a,[9*]OCc1cc([27*])ccc1O,dioxa
FRAG_e181e83708,JAK2_396d75ed4a,[9*]C=CC[13*],alkyl
FRAG_5e3f037810,JAK2_396d75ed4a,[9*]C=CCO[14*],oxa
FRAG_b2eb1da8b5,JAK2_396d75ed4a,[9*]C=CCOC[15*],oxa
FRAG_e64ed8c8dd,JAK2_396d75ed4a,[9*]C=CCOCc1cccc([21*])c1,oxa
FRAG_8203455fbd,JAK2_396d75ed4a,[10*]COCc1cc(N[25*])ccc1O,oxa_aza
FRAG_d6f27b0f5e,JAK2_396d75ed4a,[10*]COCc1cc([27*])ccc1O,dioxa
FRAG_204794422c,JAK2_396d75ed4a,[11*]COC[15*],oxa
FRAG_cd41238152,JAK2_396d75ed4a,[11*]COCc1cccc([21*])c1,oxa
FRAG_4df80d4cf5,JAK2_396d75ed4a,[12*]C=CCOCc1cc([27*])ccc1O,dioxa
FRAG_4c632f0b75,JAK2_396d75ed4a,[12*]OCc1cccc([21*])c1,oxa
FRAG_5569992bed,JAK2_396d75ed4a,[13*]Cc1cccc([21*])c1,alkyl
FRAG_6630a5b841,JAK2_396d75ed4a,[14*]c1cccc([21*])c1,alkyl
FRAG_da5a717f58,JAK2_396d75ed4a,[14*]c1cccc(-c2ccnc([27*])n2)c1,diaza
FRAG_43ce927fcd,JAK2_396d75ed4a,[19*]c1ccnc([27*])n1,diaza
FRAG_919b561fe3,JAK2_396d75ed4a,[4*]Nc1nccc([19*])n1,diaza
FRAG_77f9417ae3,JAK2_ae95950785,[1*]C/C=C/[5*],alkyl
FRAG_11f75ffda0,JAK2_ae95950785,[1*]C/C=C/C[6*],alkyl
FRAG_f4c52f1163,JAK2_ae95950785,[1*]C/C=C/CC[7*],alkyl
FRAG_045bd6ad61,JAK2_ae95950785,[1*]C/C=C/CCO[8*],oxa
FRAG_2627ba306c,JAK2_ae95950785,[2*]N(C)Cc1cccc(N[19*])c1,diaza
FRAG_81fc0e589d,JAK2_ae95950785,[2*]N(C)Cc1cccc([21*])c1,aza
FRAG_67cd68cc35,JAK2_ae95950785,[2*]N(C)C[26*],aza
FRAG_b4bdb6cd4a,JAK2_ae95950785,[2*]/C=C/C[6*],alkyl
FRAG_1c6406ebe3,JAK2_ae95950785,[2*]/C=C/CC[7*],alkyl
FRAG_e7ea299fad,JAK2_ae95950785,[2*]/C=C/CCO[8*],oxa
FRAG_5625647c9e,JAK2_ae95950785,[2*]/C=C/CCOc1cc([15*])cc(F)c1,oxa
FRAG_726cd1e0cd,JAK2_ae95950785,[3*]CN(C)Cc1cccc(N[19*])c1,diaza
FRAG_cfa5025e58,JAK2_ae95950785,[3*]CN(C)Cc1cccc([21*])c1,aza
FRAG_679a9449c7,JAK2_ae95950785,[3*]CN(C)C[26*],aza
FRAG_d6fa87cbf6,JAK2_ae95950785,[3*]CN([28*])C,aza
FRAG_ab4f65a1ac,JAK2_ae95950785,[4*]CCO[8*],oxa
FRAG_5765101493,JAK2_ae95950785,[4*]CCOc1cc([15*])cc(F)c1,oxa
FRAG_3f934c6740,JAK2_ae95950785,[5*]/C=C/CN(C)Cc1cccc([21*])c1,aza
FRAG_bd140b3d80,JAK2_ae95950785,[5*]/C=C/CN(C)C[26*],aza
FRAG_63d66ae348,JAK2_ae95950785,[5*]/C=C/CN([28*])C,aza
FRAG_f57720a75c,JAK2_ae95950785,[5*]COc1cc([15*])cc(F)c1,oxa
FRAG_22cd3b8fd4,JAK2_ae95950785,[6*]C/C=C/CN(C)C[26*],aza
FRAG_9593a90990,JAK2_ae95950785,[6*]C/C=C/CN([28*])C,aza
FRAG_3a6c12a747,JAK2_ae95950785,[6*]Oc1cc([15*])cc(F)c1,oxa
FRAG_3bb2ba7c9f,JAK2_ae95950785,[7*]CC/C=C/CN(C)C[26*],aza
FRAG_4c11528fcf,JAK2_ae95950785,[7*]CC/C=C/CN([28*])C,aza
FRAG_145f559da9,JAK2_ae95950785,[7*]c1cc([15*])cc(F)c1,alkyl
FRAG_84df3a1f3a,JAK2_ae95950785,[8*]OCC/C=C/CN(C)C[26*],oxa_aza
FRAG_9bd2e1ead9,JAK2_ae95950785,[8*]OCC/C=C/CN([28*])C,oxa_aza
FRAG_3f06b74286,JAK2_ae95950785,[13*]c1ccnc([21*])n1,diaza
FRAG_df67f8edce,JAK2_ae95950785,[13*]c1ccnc(N[22*])n1,diaza
FRAG_77e0ebec3a,JAK2_ae95950785,[19*]Nc1cccc([28*])c1,aza
FRAG_80eec3aeb8,JAK2_ae95950785,[1*]Cc1cccc(N[19*])c1,aza
FRAG_d8809a6241,JAK2_ae95950785,[21*]c1cccc([28*])c1,alkyl
FRAG_f430f3a912,JAK2_ae95950785,[1*]Cc1cccc([21*])c1,alkyl
FRAG_55dbfaa113,JAK2_756371ea71,[14*]Nc1nccc([23*])n1,diaza
FRAG_342a1a4e93,JAK2_756371ea71,[16*]c1nccc([23*])n1,diaza
FRAG_64521bc145,JAK2_756371ea71,[16*]c1nccc(-c2cccc([29*])c2)n1,diaza
FRAG_745ffed1fd,JAK2_756371ea71,[21*]c1cccc([29*])c1,alkyl
FRAG_5e26be0eb8,JAK2_756371ea71,[21*]c1cccc(C[30*])c1,alkyl
FRAG_523343f4d9,JAK2_756371ea71,[21*]c1cccc(CO[31*])c1,oxa
FRAG_0ab136d4d3,JAK2_756371ea71,[21*]c1cccc(COC[32*])c1,oxa
FRAG_7c146ca767,JAK2_756371ea71,[21*]c1cccc(COCC=C[34*])c1,oxa
FRAG_80c9a7225b,JAK2_756371ea71,[21*]c1cccc(COCC=CC[35*])c1,oxa
FRAG_d9fa214f4a,JAK2_756371ea71,[27*]COC[32*],oxa
FRAG_4543863ebc,JAK2_756371ea71,[27*]COCC=C[34*],oxa
FRAG_35a6f6171f,JAK2_756371ea71,[27*]COCC=CC[35*],oxa
FRAG_0fff78673d,JAK2_756371ea71,[27*]COCC=CCO[36*],dioxa
FRAG_e11653b79e,JAK2_756371ea71,[12*]COCC=CCOC[27*],dioxa
FRAG_97e95e2cdc,JAK2_756371ea71,[29*]OCC=C[34*],oxa
FRAG_49c98f1985,JAK2_756371ea71,[29*]OCC=CC[35*],oxa
FRAG_1a2adccdac,JAK2_756371ea71,[29*]OCC=CCO[36*],dioxa
FRAG_605970245d,JAK2_756371ea71,[12*]COCC=CCO[29*],dioxa
FRAG_daf0aa8f9f,JAK2_756371ea71,[30*]CC=C[34*],alkyl
FRAG_0d86fd4a50,JAK2_756371ea71,[30*]CC=CC[35*],alkyl
FRAG_d53c140fda,JAK2_756371ea71,[30*]CC=CCO[36*],oxa
FRAG_b15d660047,JAK2_756371ea71,[12*]COCC=CC[30*],oxa
FRAG_33a53ac13a,JAK2_756371ea71,[31*]C=CC[35*],alkyl
FRAG_bbd7e50b8e,JAK2_756371ea71,[31*]C=CCO[36*],oxa
FRAG_6c7639ca9b,JAK2_756371ea71,[12*]COCC=C[31*],oxa
FRAG_8af077025b,JAK2_756371ea71,[12*]COC[33*],oxa
FRAG_a7659e07b6,JAK2_2d7f8229b0,[1*]COc1cccc([10*])c1,oxa
FRAG_be4111dec3,JAK2_2d7f8229b0,[1*]COc1cccc(N[11*])c1,oxa_aza
FRAG_a7193abea7,JAK2_2d7f8229b0,[2*]C=CCCOc1cccc([15*])c1,oxa
FRAG_5f9858eb00,JAK2_2d7f8229b0,[2*]C=CCCO[21*],oxa
FRAG_838797ce76,JAK2_2d7f8229b0,[2*]C=CCC[23*],alkyl
FRAG_5f61272576,JAK2_2d7f8229b0,[2*]C=CC[24*],alkyl
FRAG_8e334a54d6,JAK2_2d7f8229b0,[2*]Oc1cccc([10*])c1,oxa
FRAG_bb5932ac2e,JAK2_2d7f8229b0,[2*]Oc1cccc(N[11*])c1,oxa_aza
FRAG_4665d53ada,JAK2_2d7f8229b0,[3*]CC=CCCOc1cccc([15*])c1,oxa
FRAG_2a20eac864,JAK2_2d7f8229b0,[3*]CC=CCCO[21*],oxa
FRAG_a2af25b633,JAK2_2d7f8229b0,[3*]CC=CCC[23*],alkyl
FRAG_4245c1b147,JAK2_2d7f8229b0,[3*]CC=CC[24*],alkyl
FRAG_7a1bc9e495,JAK2_2d7f8229b0,[3*]CC=C[25*],alkyl
FRAG_235e296fed,JAK2_2d7f8229b0,[3*]c1cccc([10*])c1,alkyl
FRAG_c2227d7366,JAK2_2d7f8229b0,[3*]c1cccc(N[11*])c1,aza
FRAG_0a39d9711a,JAK2_2d7f8229b0,[4*]OCC=CCCO[21*],dioxa
FRAG_dd961667c5,JAK2_2d7f8229b0,[4*]OCC=CCC[23*],oxa
FRAG_c79acbceba,JAK2_2d7f8229b0,[4*]OCC=CC[24*],oxa
FRAG_03f106e544,JAK2_2d7f8229b0,[4*]OCC=C[25*],oxa
FRAG_f8c8804913,JAK2_2d7f8229b0,[8*]Nc1nccc([17*])n1,diaza
FRAG_a416be6b8c,JAK2_2d7f8229b0,[10*]c1cccc(OCC=CCC[23*])c1,oxa
FRAG_1a492a4ee7,JAK2_2d7f8229b0,[10*]c1cccc(OCC=CC[24*])c1,oxa
FRAG_e4631d5ca1,JAK2_2d7f8229b0,[10*]c1cccc(OCC=C[25*])c1,oxa
FRAG_c86d4b7149,JAK2_2d7f8229b0,[10*]c1nccc([17*])n1,diaza
FRAG_562cd9b0c6,JAK2_2d7f8229b0,[10*]c1nccc(-c2cccc([23*])c2)n1,diaza
FRAG_a78a8b0f3d,JAK2_2d7f8229b0,[11*]Nc1cccc(OCC=CC[24*])c1,aza_oxa
FRAG_56817e0de8,JAK2_2d7f8229b0,[11*]Nc1cccc(OCC=C[25*])c1,aza_oxa
FRAG_b1784d9533,JAK2_2d7f8229b0,[15*]c1cccc([23*])c1,alkyl
FRAG_7dc8a0f1a5,JAK2_2d7f8229b0,[15*]c1cccc(O[24*])c1,oxa
FRAG_2938d307d6,JAK2_2d7f8229b0,[15*]c1cccc(OC[25*])c1,oxa
FRAG_91cc4c9002,JAK2_2d7f8229b0,*CCOc1cccc([15*])c1,oxa
FRAG_edd3854f5c,JAK2_2d7f8229b0,*CCO[21*],oxa
FRAG_66b683747c,JAK2_48bd1ba00c,[1*]C/C=C/[5*],alkyl
FRAG_25bf2d2dd4,JAK2_48bd1ba00c,[1*]C/C=C/C[6*],alkyl
FRAG_0d0da6fe0f,JAK2_48bd1ba00c,[1*]C/C=C/CO[7*],oxa
FRAG_f7e6c6103c,JAK2_48bd1ba00c,[1*]C/C=C/COC[8*],oxa
FRAG_e1899b0090,JAK2_48bd1ba00c,[1*]C/C=C/COCc1cccc([14*])c1,oxa
FRAG_c80afe06c8,JAK2_48bd1ba00c,[2*]N(C)Cc1cccc([19*])c1,aza
FRAG_5ada1f66e6,JAK2_48bd1ba00c,[2*]N(C)C[25*],aza
FRAG_3b1bd6b97a,JAK2_48bd1ba00c,[2*]/C=C/C[6*],alkyl
FRAG_9d33933f63,JAK2_48bd1ba00c,[2*]/C=C/CO[7*],oxa
FRAG_7e8b223f1c,JAK2_48bd1ba00c,[2*]/C=C/COC[8*],oxa
FRAG_837c73a635,JAK2_48bd1ba00c,[2*]/C=C/COCc1cccc([14*])c1,oxa
FRAG_b49cee332c,JAK2_48bd1ba00c,[2*]/C=C/COCc1cccc(N[15*])c1,oxa_aza
FRAG_bc28267f58,JAK2_48bd1ba00c,[3*]CN(C)Cc1cccc([19*])c1,aza
FRAG_9c04c63450,JAK2_48bd1ba00c,[3*]CN(C)C[25*],aza
FRAG_3ed862a1b5,JAK2_48bd1ba00c,[3*]CN([27*])C,aza
FRAG_ae39e5ddc2,JAK2_48bd1ba00c,[4*]COC[8*],oxa
FRAG_1170798d11,JAK2_48bd1ba00c,[4*]COCc1cccc([14*])c1,oxa
FRAG_448f9eb0b0,JAK2_48bd1ba00c,[4*]COCc1cccc(N[15*])c1,oxa_aza
FRAG_9c45cf3e21,JAK2_48bd1ba00c,[5*]/C=C/CN(C)Cc1cccc([19*])c1,aza
FRAG_8fc458084d,JAK2_48bd1ba00c,[5*]/C=C/CN(C)C[25*],aza
FRAG_5fee17356d,JAK2_48bd1ba00c,[5*]/C=C/CN([27*])C,aza
FRAG_641f3c3d5b,JAK2_48bd1ba00c,[5*]OCc1cccc([14*])c1,oxa
FRAG_a62c7a4d8d,JAK2_48bd1ba00c,[5*]OCc1cccc(N[15*])c1,oxa_aza
FRAG_71c81f851e,JAK2_48bd1ba00c,[6*]C/C=C/CN(C)C[25*],aza
FRAG_6ef5dfe3ff,JAK2_48bd1ba00c,[6*]C/C=C/CN([27*])C,aza
FRAG_f0d82a1d8d,JAK2_48bd1ba00c,[6*]Cc1cccc([14*])c1,alkyl
FRAG_c29d078cff,JAK2_48bd1ba00c,[6*]Cc1cccc(N[15*])c1,aza
FRAG_8b3d56a552,JAK2_48bd1ba00c,[7*]OC/C=C/CN(C)C[25*],oxa_aza
FRAG_22e2a92e93,JAK2_48bd1ba00c,[7*]OC/C=C/CN([27*])C,oxa_aza
FRAG_3ed3580e8f,JAK2_48bd1ba00c,[7*]c1cccc([14*])c1,alkyl
FRAG_8a35faac25,JAK2_48bd1ba00c,[7*]c1cccc(N[15*])c1,aza
FRAG_77fc7194e3,JAK2_48bd1ba00c,[8*]COC/C=C/CN(C)C[25*],oxa_aza
FRAG_bbf138fa57,JAK2_48bd1ba00c,[8*]COC/C=C/CN([27*])C,oxa_aza
FRAG_1e513318c5,JAK2_48bd1ba00c,[12*]Nc1nccc([21*])n1,diaza
FRAG_681d039dad,JAK2_48bd1ba00c,[14*]c1nccc([21*])n1,diaza
FRAG_2cdab008fd,JAK2_48bd1ba00c,[14*]c1nccc(-c2cccc([27*])c2)n1,diaza
FRAG_2ae9cbb874,JAK2_48bd1ba00c,[19*]c1cccc([27*])c1,alkyl
FRAG_474876231f,JAK2_48bd1ba00c,[1*]Cc1cccc([19*])c1,alkyl
FRAG_5f827f8d8a,JAK2_5e0d0678dd,[10*]COC[14*],oxa
FRAG_31b6d012f2,JAK2_5e0d0678dd,[10*]COCC=C[16*],oxa
FRAG_84cc7babbe,JAK2_5e0d0678dd,[10*]COCC=CC[17*],oxa
FRAG_c18ae77a73,JAK2_5e0d0678dd,[10*]COCC=CCO[18*],dioxa
FRAG_7791d63eb6,JAK2_5e0d0678dd,[10*]COCC=CCOC[19*],dioxa
FRAG_6343974270,JAK2_5e0d0678dd,[11*]OCC=C[16*],oxa
FRAG_c1ca5095c5,JAK2_5e0d0678dd,[11*]OCC=CC[17*],oxa
FRAG_86aa8fb93c,JAK2_5e0d0678dd,[11*]OCC=CCO[18*],dioxa
FRAG_db98d99b7c,JAK2_5e0d0678dd,[11*]OCC=CCOC[19*],dioxa
FRAG_d4e5fb7c5c,JAK2_5e0d0678dd,[12*]CC=C[16*],alkyl
FRAG_da8b21acf3,JAK2_5e0d0678dd,[12*]CC=CC[17*],alkyl
FRAG_fe7a706216,JAK2_5e0d0678dd,[12*]CC=CCO[18*],oxa
FRAG_faf1c183fe,JAK2_5e0d0678dd,[12*]CC=CCOC[19*],oxa
FRAG_45908c7ba5,JAK2_5e0d0678dd,[12*]CC=CCOCc1cccc([25*])c1,oxa
FRAG_6b2eb4b835,JAK2_5e0d0678dd,[13*]C=CC[17*],alkyl
FRAG_641ab60ffa,JAK2_5e0d0678dd,[13*]C=CCO[18*],oxa
FRAG_77d378601f,JAK2_5e0d0678dd,[13*]C=CCOC[19*],oxa
FRAG_d0e127a4e8,JAK2_5e0d0678dd,[13*]C=CCOCc1cccc([25*])c1,oxa
FRAG_f11c3aa069,JAK2_5e0d0678dd,[15*]COC[19*],oxa
FRAG_09b017c634,JAK2_5e0d0678dd,[15*]COCc1cccc([25*])c1,oxa
FRAG_5a55f7af92,JAK2_5e0d0678dd,[16*]OCc1cccc([25*])c1,oxa
FRAG_4bf9d75e3d,JAK2_5e0d0678dd,[17*]Cc1cccc([25*])c1,alkyl
FRAG_eb12af43c9,JAK2_5e0d0678dd,[18*]c1cccc([25*])c1,alkyl
FRAG_bfc2f7bbb3,JAK2_5e0d0678dd,[18*]c1cccc(-c2ccnc([31*])n2)c1,diaza
FRAG_50cce83990,JAK2_5e0d0678dd,[23*]c1ccnc([31*])n1,diaza
FRAG_4dd97e960b,JAK2_5e0d0678dd,[8*]Nc1nccc([23*])n1,diaza
FRAG_76fa8841f6,JAK2_1b4ffa7121,[1*]CN([8*])CC1CC1,aza
FRAG_40e67d58ae,JAK2_1b4ffa7121,[1*]CN(C[9*])CC1CC1,aza
FRAG_dc3f5a7557,JAK2_1b4ffa7121,[2*]/C=C/CCOc1cccc([20*])c1,oxa
FRAG_bd83cb09a7,JAK2_1b4ffa7121,[2*]/C=C/CCO[26*],oxa
FRAG_b1441173ac,JAK2_1b4ffa7121,[2*]/C=C/CC[28*],alkyl
FRAG_4ef751a2c4,JAK2_1b4ffa7121,[2*]/C=C/C[29*],alkyl
FRAG_bd7ed3a718,JAK2_1b4ffa7121,[2*]N(C[9*])CC1CC1,aza
FRAG_983936732f,JAK2_1b4ffa7121,[2*]N(Cc1cccc([15*])c1)CC1CC1,aza
FRAG_c60b3e04c3,JAK2_1b4ffa7121,[3*]C/C=C/CCOc1cccc([20*])c1,oxa
FRAG_3a1f9ebcc8,JAK2_1b4ffa7121,[3*]C/C=C/CCO[26*],oxa
FRAG_7415b805ee,JAK2_1b4ffa7121,[3*]C/C=C/CC[28*],alkyl
FRAG_a71b2bc0cd,JAK2_1b4ffa7121,[3*]C/C=C/C[29*],alkyl
FRAG_fa6eba5ab6,JAK2_1b4ffa7121,[3*]C/C=C/[30*],alkyl
FRAG_d98da1614f,JAK2_1b4ffa7121,[3*]Cc1cccc([15*])c1,alkyl
FRAG_cebdf64fed,JAK2_1b4ffa7121,[3*]Cc1cccc(N[16*])c1,aza
FRAG_8f5447bbe6,JAK2_1b4ffa7121,[8*]N(C/C=C/CCO[26*])CC1CC1,aza_oxa
FRAG_a20f3f4e86,JAK2_1b4ffa7121,[8*]N(C/C=C/CC[28*])CC1CC1,aza
FRAG_a40372968f,JAK2_1b4ffa7121,[8*]N(C/C=C/C[29*])CC1CC1,aza
FRAG_3a0379a8a0,JAK2_1b4ffa7121,[8*]N(C/C=C/[30*])CC1CC1,aza
FRAG_f9932f4ccd,JAK2_1b4ffa7121,[8*]c1cccc([15*])c1,alkyl
FRAG_69c6f581f7,JAK2_1b4ffa7121,[8*]c1cccc(N[16*])c1,aza
FRAG_99974da9a6,JAK2_1b4ffa7121,[9*]CN(C/C=C/CCO[26*])CC1CC1,aza_oxa
FRAG_a220c64966,JAK2_1b4ffa7121,[9*]CN(C/C=C/CC[28*])CC1CC1,aza
FRAG_8381cf0075,JAK2_1b4ffa7121,[9*]CN(C/C=C/C[29*])CC1CC1,aza
FRAG_df6b50899d,JAK2_1b4ffa7121,[9*]CN(C/C=C/[30*])CC1CC1,aza
FRAG_6ffa3c8585,JAK2_1b4ffa7121,[13*]Nc1nccc([22*])n1,diaza
FRAG_909101718d,JAK2_1b4ffa7121,[15*]c1nccc([22*])n1,diaza
FRAG_3ad7078379,JAK2_1b4ffa7121,[15*]c1nccc(-c2cccc([28*])c2)n1,diaza
FRAG_d678299503,JAK2_1b4ffa7121,[20*]c1cccc([28*])c1,alkyl
FRAG_d03e4df640,JAK2_1b4ffa7121,[20*]c1cccc(O[29*])c1,oxa
FRAG_4b924480e4,JAK2_1b4ffa7121,[20*]c1cccc(OC[30*])c1,oxa
FRAG_3f9c2aebdd,JAK2_1b4ffa7121,*CCOc1cccc([20*])c1,oxa
FRAG_42dfcab456,JAK2_1b4ffa7121,*CCO[26*],oxa
FRAG_852dab133a,JAK2_b9ef0dccdb,[12*]COC[16*],oxa
FRAG_166f9e354c,JAK2_b9ef0dccdb,[12*]COCC=C[18*],oxa
FRAG_38a58dbaa6,JAK2_b9ef0dccdb,[12*]COCC=CC[19*],oxa
FRAG_93a7740ea0,JAK2_b9ef0dccdb,[12*]COCC=CCO[20*],dioxa
FRAG_0cd369e624,JAK2_b9ef0dccdb,[12*]COCC=CCOC[21*],dioxa
FRAG_b247ad3fd3,JAK2_b9ef0dccdb,[13*]OCC=C[18*],oxa
FRAG_792e374016,JAK2_b9ef0dccdb,[13*]OCC=CC[19*],oxa
FRAG_3d7fe07d9d,JAK2_b9ef0dccdb,[13*]OCC=CCO[20*],dioxa
FRAG_6d8a809a7a,JAK2_b9ef0dccdb,[13*]OCC=CCOC[21*],dioxa
FRAG_18917a4e7c,JAK2_b9ef0dccdb,[14*]CC=C[18*],alkyl
FRAG_dff3b34378,JAK2_b9ef0dccdb,[14*]CC=CC[19*],alkyl
FRAG_00e15c5ef0,JAK2_b9ef0dccdb,[14*]CC=CCO[20*],oxa
FRAG_888e9cdfc4,JAK2_b9ef0dccdb,[14*]CC=CCOC[21*],oxa
FRAG_b2fdb3c934,JAK2_b9ef0dccdb,[14*]CC=CCOCc1cccc([27*])c1,oxa
FRAG_b45b8bb639,JAK2_b9ef0dccdb,[15*]C=CC[19*],alkyl
FRAG_5a799cf1f9,JAK2_b9ef0dccdb,[15*]C=CCO[20*],oxa
FRAG_b6d04c73a4,JAK2_b9ef0dccdb,[15*]C=CCOC[21*],oxa
FRAG_fd5ba8d9f2,JAK2_b9ef0dccdb,[15*]C=CCOCc1cccc([27*])c1,oxa
FRAG_f9e5b2dae7,JAK2_b9ef0dccdb,[17*]COC[21*],oxa
FRAG_8c578dc0d7,JAK2_b9ef0dccdb,[17*]COCc1cccc([27*])c1,oxa
FRAG_dcf18c751d,JAK2_b9ef0dccdb,[18*]OCc1cccc([27*])c1,oxa
FRAG_de54194c0d,JAK2_b9ef0dccdb,[19*]Cc1cccc([27*])c1,alkyl
FRAG_49750a4d2f,JAK2_b9ef0dccdb,[20*]c1cccc([27*])c1,alkyl
FRAG_8c1e3e0dfd,JAK2_b9ef0dccdb,[20*]c1cccc(-c2ccnc([33*])n2)c1,diaza
FRAG_36666aaa86,JAK2_b9ef0dccdb,[25*]c1ccnc([33*])n1,diaza
FRAG_8efdd8a10a,JAK2_b9ef0dccdb,[10*]Nc1nccc([25*])n1,diaza
FRAG_5f2ddc0e62,JAK2_08437571d3,[1*]C/C=C/[5*],alkyl
FRAG_14ca6369e9,JAK2_08437571d3,[1*]C/C=C/C[6*],alkyl
FRAG_ed52a9ab16,JAK2_08437571d3,[1*]C/C=C/CC[7*],alkyl
FRAG_d777e22952,JAK2_08437571d3,[1*]C/C=C/CCO[8*],oxa
FRAG_a45dfd8528,JAK2_08437571d3,[1*]C/C=C/CCOc1cccc([14*])c1,oxa
FRAG_3d35f9e561,JAK2_08437571d3,[2*]N(C)Cc1cc(N[18*])ccc1Cl,diaza
FRAG_e48a9e4617,JAK2_08437571d3,[2*]N(C)Cc1cc([20*])ccc1Cl,aza
FRAG_9f8dc34336,JAK2_08437571d3,[2*]N(C)C[26*],aza
FRAG_76e2d2164b,JAK2_08437571d3,[2*]/C=C/C[6*],alkyl
FRAG_b0f2181204,JAK2_08437571d3,[2*]/C=C/CC[7*],alkyl
FRAG_d398306928,JAK2_08437571d3,[2*]/C=C/CCO[8*],oxa
FRAG_ae5bfb7db8,JAK2_08437571d3,[2*]/C=C/CCOc1cccc([14*])c1,oxa
FRAG_fe93509493,JAK2_08437571d3,[3*]CN(C)Cc1cc(N[18*])ccc1Cl,diaza
FRAG_a435ed01f9,JAK2_08437571d3,[3*]CN(C)Cc1cc([20*])ccc1Cl,aza
FRAG_91c7485d50,JAK2_08437571d3,[3*]CN(C)C[26*],aza
FRAG_492c891aef,JAK2_08437571d3,[3*]CN([28*])C,aza
FRAG_28a8207af5,JAK2_08437571d3,[4*]CCO[8*],oxa
FRAG_da45285191,JAK2_08437571d3,[4*]CCOc1cccc([14*])c1,oxa
FRAG_779c5f46a8,JAK2_08437571d3,[5*]/C=C/CN(C)C[26*],aza
FRAG_09ef302df1,JAK2_08437571d3,[5*]/C=C/CN([28*])C,aza
FRAG_8228530d14,JAK2_08437571d3,[5*]COc1cccc([14*])c1,oxa
FRAG_47dd982e45,JAK2_08437571d3,[6*]C/C=C/CN(C)C[26*],aza
FRAG_4e9b33d389,JAK2_08437571d3,[6*]C/C=C/CN([28*])C,aza
FRAG_49f9a77489,JAK2_08437571d3,[6*]Oc1cccc([14*])c1,oxa
FRAG_f6bbb91b6a,JAK2_08437571d3,[7*]CC/C=C/CN(C)C[26*],aza
FRAG_265b21f8e7,JAK2_08437571d3,[7*]CC/C=C/CN([28*])C,aza
FRAG_699dca6316,JAK2_08437571d3,[7*]c1cccc([14*])c1,alkyl
FRAG_7a1f874c7c,JAK2_08437571d3,[7*]c1cccc(-c2ccnc([20*])n2)c1,diaza
FRAG_aa0e6cfee2,JAK2_08437571d3,[8*]OCC/C=C/CN(C)C[26*],oxa_aza
FRAG_f52d3c16e5,JAK2_08437571d3,[8*]OCC/C=C/CN([28*])C,oxa_aza
FRAG_823f3584a5,JAK2_08437571d3,[12*]c1ccnc([20*])n1,diaza
FRAG_cc67ab4f4d,JAK2_08437571d3,[12*]c1ccnc(N[21*])n1,diaza
FRAG_372feeb473,JAK2_08437571d3,[18*]Nc1ccc(Cl)c([28*])c1,aza
FRAG_4bf8e4f438,JAK2_08437571d3,[1*]Cc1cc(N[18*])ccc1Cl,aza
FRAG_c2ef699728,JAK2_08437571d3,[20*]c1ccc(Cl)c([28*])c1,alkyl
FRAG_82c404b368,JAK2_08437571d3,[1*]Cc1cc([20*])ccc1Cl,alkyl
FRAG_f0c23c4844,JAK2_71edeb4185,[10*]CN([14*])C,aza
FRAG_021278d755,JAK2_71edeb4185,[10*]CN(C)C[15*],aza
FRAG_74293c663a,JAK2_71edeb4185,[10*]CN(C)C/C=C/[17*],aza
FRAG_5a11b41c0f,JAK2_71edeb4185,[10*]CN(C)C/C=C/C[18*],aza
FRAG_b847e0cd34,JAK2_71edeb4185,[10*]CN(C)C/C=C/CO[19*],aza_oxa
FRAG_e3e8c50bd4,JAK2_71edeb4185,[10*]CN(C)C/C=C/COC[20*],aza_oxa
FRAG_e194488871,JAK2_71edeb4185,[11*]c1cc(N[29*])ccc1OCCOC,aza_oxa
FRAG_32fbf8b3b0,JAK2_71edeb4185,[11*]c1cc([31*])ccc1OCCOC,dioxa
FRAG_b4cd107aa3,JAK2_71edeb4185,[11*]N(C)C[15*],aza
FRAG_5c0bf6b6f5,JAK2_71edeb4185,[11*]N(C)C/C=C/[17*],aza
FRAG_4cd8392e84,JAK2_71edeb4185,[11*]N(C)C/C=C/C[18*],aza
FRAG_a030dbd76f,JAK2_71edeb4185,[11*]N(C)C/C=C/CO[19*],aza_oxa
FRAG_b8acc9b813,JAK2_71edeb4185,[11*]N(C)C/C=C/COC[20*],aza_oxa
FRAG_924e28887d,JAK2_71edeb4185,[12*]Cc1cc([31*])ccc1OCCOC,dioxa
FRAG_e9085188d6,JAK2_71edeb4185,[12*]C/C=C/[17*],alkyl
FRAG_69f432314b,JAK2_71edeb4185,[12*]C/C=C/C[18*],alkyl
FRAG_8db671a12b,JAK2_71edeb4185,[12*]C/C=C/CO[19*],oxa
FRAG_9fa5c1dd8f,JAK2_71edeb4185,[12*]C/C=C/COC[20*],oxa
FRAG_a2fdd6e6ab,JAK2_71edeb4185,[12*]C/C=C/COCc1ccc([25*])s1,oxa_thio
FRAG_07c1a69dd9,JAK2_71edeb4185,[14*]/C=C/C[18*],alkyl
FRAG_3ba9d75eff,JAK2_71edeb4185,[14*]/C=C/CO[19*],oxa
FRAG_ff0ec9b70e,JAK2_71edeb4185,[14*]/C=C/COC[20*],oxa
FRAG_46bd717ab5,JAK2_71edeb4185,[14*]/C=C/COCc1ccc([25*])s1,oxa_thio
FRAG_81314bdb9c,JAK2_71edeb4185,[16*]COC[20*],oxa
FRAG_014bcd79e8,JAK2_71edeb4185,[16*]COCc1ccc([25*])s1,oxa_thio
FRAG_5bfb561ff9,JAK2_71edeb4185,[17*]OCc1ccc([25*])s1,oxa_thio
FRAG_2beb7a36f2,JAK2_71edeb4185,[18*]Cc1ccc([25*])s1,thioether
FRAG_3e65d89585,JAK2_71edeb4185,[18*]Cc1ccc(-c2ccnc([31*])n2)s1,aza_thio
FRAG_34143b6801,JAK2_71edeb4185,[19*]c1ccc([25*])s1,thioether
FRAG_dafeea815c,JAK2_71edeb4185,[19*]c1ccc(-c2ccnc([31*])n2)s1,aza_thio
FRAG_1c71b633f3,JAK2_71edeb4185,[8*]Nc1nccc(-c2ccc([19*])s2)n1,aza_thio
FRAG_36fcd902f5,JAK2_71edeb4185,[23*]c1ccnc([31*])n1,diaza
FRAG_6101a91356,JAK2_71edeb4185,[8*]Nc1nccc([23*])n1,diaza
FRAG_722ba096c0,JAK2_f5336c0fa9,[1*]COC[5*],oxa
FRAG_c3a8ac1ce5,JAK2_f5336c0fa9,[2*]C=CCOCc1cccc([22*])c1,oxa
FRAG_44cf83a359,JAK2_f5336c0fa9,[2*]C=CCOC[28*],oxa
FRAG_282d58eb6a,JAK2_f5336c0fa9,[2*]C=CCO[30*],oxa
FRAG_dceaee35dc,JAK2_f5336c0fa9,[2*]C=CC[31*],alkyl
FRAG_131eac8922,JAK2_f5336c0fa9,[3*]CC=CCOCc1cccc([22*])c1,oxa
FRAG_fa5af04469,JAK2_f5336c0fa9,[3*]CC=CCOC[28*],oxa
FRAG_3f0bce30c3,JAK2_f5336c0fa9,[3*]CC=CCO[30*],oxa
FRAG_aad8c24ab5,JAK2_f5336c0fa9,[3*]CC=CC[31*],alkyl
FRAG_9512016118,JAK2_f5336c0fa9,[3*]CC=C[32*],alkyl
FRAG_0a60582561,JAK2_f5336c0fa9,[4*]OCC=CCOC[28*],dioxa
FRAG_bac53878be,JAK2_f5336c0fa9,[4*]OCC=CCO[30*],dioxa
FRAG_62c1afbcd8,JAK2_f5336c0fa9,[4*]OCC=CC[31*],oxa
FRAG_4aff7dbcbf,JAK2_f5336c0fa9,[4*]OCC=C[32*],oxa
FRAG_33ceb5fdc6,JAK2_f5336c0fa9,[4*]c1cc([17*])ccc1N1CCOCC1,aza_oxa
FRAG_c76415191b,JAK2_f5336c0fa9,[5*]COCC=CCOC[28*],dioxa
FRAG_f5f3f0277b,JAK2_f5336c0fa9,[5*]COCC=CCO[30*],dioxa
FRAG_07e1f32986,JAK2_f5336c0fa9,[5*]COCC=CC[31*],oxa
FRAG_964aab3d99,JAK2_f5336c0fa9,[5*]COCC=C[32*],oxa
FRAG_3bc7ee5f37,JAK2_f5336c0fa9,[7*]Nc1nccc([24*])n1,diaza
FRAG_74fa2ca9a3,JAK2_f5336c0fa9,[17*]c1nccc([24*])n1,diaza
FRAG_d247ac9294,JAK2_f5336c0fa9,[17*]c1nccc(-c2cccc([30*])c2)n1,diaza
FRAG_3dac7fe4d0,JAK2_f5336c0fa9,[22*]c1cccc([30*])c1,alkyl
FRAG_38901c69af,JAK2_f5336c0fa9,[22*]c1cccc(C[31*])c1,alkyl
FRAG_502a53def6,JAK2_f5336c0fa9,[22*]c1cccc(CO[32*])c1,oxa
FRAG_af7e7a80ec,JAK2_f5336c0fa9,*COCc1cccc([22*])c1,oxa
FRAG_58ae404580,JAK2_f5336c0fa9,*COC[28*],oxa
FRAG_969a9af290,JAK2_64908a7579,[10*]CN([14*])C,aza
FRAG_65d471e346,JAK2_64908a7579,[10*]CN(C)C[15*],aza
FRAG_2d9d7fc42e,JAK2_64908a7579,[10*]CN(C)C/C=C/[17*],aza
FRAG_c8e33c170e,JAK2_64908a7579,[10*]CN(C)C/C=C/C[18*],aza
FRAG_245a857b6e,JAK2_64908a7579,[10*]CN(C)C/C=C/CC[19*],aza
FRAG_ea8c1f771b,JAK2_64908a7579,[10*]CN(C)C/C=C/CCO[20*],aza_oxa
FRAG_1a78bebda8,JAK2_64908a7579,[11*]c1cc(N[30*])ccc1S(=O)(=O)CC,oxa_thio
FRAG_2a557d2384,JAK2_64908a7579,[11*]c1cc([32*])ccc1S(=O)(=O)CC,oxa_thio
FRAG_10bfa4a408,JAK2_64908a7579,[11*]N(C)C[15*],aza
FRAG_d40abc296b,JAK2_64908a7579,[11*]N(C)C/C=C/[17*],aza
FRAG_eacb92b8ad,JAK2_64908a7579,[11*]N(C)C/C=C/C[18*],aza
FRAG_97e6afe499,JAK2_64908a7579,[11*]N(C)C/C=C/CC[19*],aza
FRAG_3a1c5d4d5f,JAK2_64908a7579,[11*]N(C)C/C=C/CCO[20*],aza_oxa
FRAG_0dc4800bd6,JAK2_64908a7579,[12*]Cc1cc([32*])ccc1S(=O)(=O)CC,oxa_thio
FRAG_f49d6e0adc,JAK2_64908a7579,[12*]C/C=C/[17*],alkyl
FRAG_4f3b7a19c2,JAK2_64908a7579,[12*]C/C=C/C[18*],alkyl
FRAG_5fb641a60a,JAK2_64908a7579,[12*]C/C=C/CC[19*],alkyl
FRAG_52b5cc155f,JAK2_64908a7579,[12*]C/C=C/CCO[20*],oxa
FRAG_a838319df3,JAK2_64908a7579,[12*]C/C=C/CCOc1cccc([26*])c1,oxa
FRAG_411417e9e0,JAK2_64908a7579,[14*]/C=C/C[18*],alkyl
FRAG_d13445300e,JAK2_64908a7579,[14*]/C=C/CC[19*],alkyl
FRAG_3881e5b469,JAK2_64908a7579,[14*]/C=C/CCO[20*],oxa
FRAG_8f188a8f88,JAK2_64908a7579,[14*]/C=C/CCOc1cccc([26*])c1,oxa
FRAG_2017812adc,JAK2_64908a7579,[16*]CCO[20*],oxa
FRAG_59e8712735,JAK2_64908a7579,[16*]CCOc1cccc([26*])c1,oxa
FRAG_c15b57acb1,JAK2_64908a7579,[17*]COc1cccc([26*])c1,oxa
FRAG_8ba6d8b217,JAK2_64908a7579,[18*]Oc1cccc([26*])c1,oxa
FRAG_b32d7972f3,JAK2_64908a7579,[19*]c1cccc([26*])c1,alkyl
FRAG_5f89339b37,JAK2_64908a7579,[19*]c1cccc(-c2ccnc([32*])n2)c1,diaza
FRAG_972e960343,JAK2_64908a7579,[24*]c1ccnc([32*])n1,diaza
FRAG_3bfa027caa,JAK2_64908a7579,[8*]Nc1nccc([24*])n1,diaza
FRAG_70f3915e7f,JAK2_87f82fe33f,[1*]C/C=C/[5*],alkyl
FRAG_ae3c4bd0d2,JAK2_87f82fe33f,[1*]C/C=C/C[6*],alkyl
FRAG_8005cdaa15,JAK2_87f82fe33f,[1*]C/C=C/CC[7*],alkyl
FRAG_21f8ac8f8f,JAK2_87f82fe33f,[1*]C/C=C/CCO[8*],oxa
FRAG_1154009d8f,JAK2_87f82fe33f,[1*]C/C=C/CCOc1cccc([14*])c1,oxa
FRAG_99ce2a1751,JAK2_87f82fe33f,[2*]N(C)C[23*],aza
FRAG_108115c0ac,JAK2_87f82fe33f,[2*]/C=C/C[6*],alkyl
FRAG_dfde8f0bbe,JAK2_87f82fe33f,[2*]/C=C/CC[7*],alkyl
FRAG_526a5599b5,JAK2_87f82fe33f,[2*]/C=C/CCO[8*],oxa
FRAG_4b9b06052c,JAK2_87f82fe33f,[2*]/C=C/CCOc1cccc([14*])c1,oxa
FRAG_2080f98341,JAK2_87f82fe33f,[3*]CN(C)C[23*],aza
FRAG_d0132ebf00,JAK2_87f82fe33f,[3*]CN([34*])C,aza
FRAG_ee8eb7c361,JAK2_87f82fe33f,[4*]CCO[8*],oxa
FRAG_4db32711e2,JAK2_87f82fe33f,[4*]CCOc1cccc([14*])c1,oxa
FRAG_b6cf449c8c,JAK2_87f82fe33f,[5*]/C=C/CN(C)C[23*],aza
FRAG_5004e2dabd,JAK2_87f82fe33f,[5*]/C=C/CN([34*])C,aza
FRAG_92e1d5b85e,JAK2_87f82fe33f,[5*]COc1cccc([14*])c1,oxa
FRAG_3e98fcd3d3,JAK2_87f82fe33f,[6*]C/C=C/CN(C)C[23*],aza
FRAG_159c7ea030,JAK2_87f82fe33f,[6*]C/C=C/CN([34*])C,aza
FRAG_7279982aa7,JAK2_87f82fe33f,[6*]Oc1cccc([14*])c1,oxa
FRAG_f424bed1db,JAK2_87f82fe33f,[7*]CC/C=C/CN(C)C[23*],aza
FRAG_bbc935fd03,JAK2_87f82fe33f,[7*]CC/C=C/CN([34*])C,aza
FRAG_07fe7d06f7,JAK2_87f82fe33f,[7*]c1cccc([14*])c1,alkyl
FRAG_45eb1e06c1,JAK2_87f82fe33f,[7*]c1cccc(-c2ccnc([20*])n2)c1,diaza
FRAG_b48ab8cab7,JAK2_87f82fe33f,[8*]OCC/C=C/CN(C)C[23*],oxa_aza
FRAG_3856d7434f,JAK2_87f82fe33f,[8*]OCC/C=C/CN([34*])C,oxa_aza
FRAG_5bb77af57f,JAK2_87f82fe33f,[12*]c1ccnc([20*])n1,diaza
FRAG_6f209c7f24,JAK2_87f82fe33f,[12*]c1ccnc(N[21*])n1,diaza
FRAG_0eacba3e92,JAK2_16664f4335,[9*]COC[13*],oxa
FRAG_01cf753eb5,JAK2_16664f4335,[9*]COCC=C[15*],oxa
FRAG_0f8d60d28b,JAK2_16664f4335,[9*]COCC=CC[16*],oxa
FRAG_e58e2804df,JAK2_16664f4335,[9*]COCC=CCO[17*],dioxa
FRAG_8100f73960,JAK2_16664f4335,[9*]COCC=CCOC[18*],dioxa
FRAG_bf5aa2e509,JAK2_16664f4335,[10*]c1cc(N[28*])ccc1OCCCl,aza_oxa
FRAG_ae17d07a29,JAK2_16664f4335,[10*]c1cc([30*])ccc1OCCCl,oxa
FRAG_250a081860,JAK2_16664f4335,[10*]OCC=C[15*],oxa
FRAG_df260f28da,JAK2_16664f4335,[10*]OCC=CC[16*],oxa
FRAG_9ad1e88115,JAK2_16664f4335,[10*]OCC=CCO[17*],dioxa
FRAG_b08171c6f5,JAK2_16664f4335,[10*]OCC=CCOC[18*],dioxa
FRAG_7c26d7a2c7,JAK2_16664f4335,[11*]Cc1cc(N[28*])ccc1OCCCl,aza_oxa
FRAG_b1691333f5,JAK2_16664f4335,[11*]Cc1cc([30*])ccc1OCCCl,oxa
FRAG_7572a9d54c,JAK2_16664f4335,[11*]CC=C[15*],alkyl
FRAG_f5236e06ad,JAK2_16664f4335,[11*]CC=CC[16*],alkyl
FRAG_db086e7c17,JAK2_16664f4335,[11*]CC=CCO[17*],oxa
FRAG_fbc9b17c7e,JAK2_16664f4335,[11*]CC=CCOC[18*],oxa
FRAG_eb8c269d5f,JAK2_16664f4335,[11*]CC=CCOCc1cccc([24*])c1,oxa
FRAG_2b77e0a188,JAK2_16664f4335,[12*]OCc1cc([30*])ccc1OCCCl,dioxa
FRAG_f41d08cbd4,JAK2_16664f4335,[12*]C=CC[16*],alkyl
FRAG_7ab7e2eade,JAK2_16664f4335,[12*]C=CCO[17*],oxa
FRAG_5ff967f183,JAK2_16664f4335,[12*]C=CCOC[18*],oxa
FRAG_158e78bc53,JAK2_16664f4335,[12*]C=CCOCc1cccc([24*])c1,oxa
FRAG_151f812d81,JAK2_16664f4335,[14*]COC[18*],oxa
FRAG_0914170f2d,JAK2_16664f4335,[14*]COCc1cccc([24*])c1,oxa
FRAG_36bb4cfeda,JAK2_16664f4335,[15*]OCc1cccc([24*])c1,oxa
FRAG_1149ee21c2,JAK2_16664f4335,[16*]Cc1cccc([24*])c1,alkyl
FRAG_4aaeab59db,JAK2_16664f4335,[17*]c1cccc([24*])c1,alkyl
FRAG_3131b78f36,JAK2_16664f4335,[17*]c1cccc(-c2ccnc([30*])n2)c1,diaza
FRAG_ffb822e2a9,JAK2_16664f4335,[22*]c1ccnc([30*])n1,diaza
FRAG_bb96a9476d,JAK2_16664f4335,[7*]Nc1nccc([22*])n1,diaza
FRAG_c6a25d0654,JAK2_01d8a80836,[1*]Cn1ccc2ccc([12*])cc21,aza
FRAG_f98edfb4a8,JAK2_01d8a80836,[2*]/C=C/COC[31*],oxa
FRAG_06190beda6,JAK2_01d8a80836,[2*]/C=C/CO[33*],oxa
FRAG_f33ced7b01,JAK2_01d8a80836,[2*]/C=C/C[34*],alkyl
FRAG_869c1072ac,JAK2_01d8a80836,[2*]n1ccc2ccc([12*])cc21,aza
FRAG_f052a18157,JAK2_01d8a80836,[3*]C/C=C/COC[31*],oxa
FRAG_0c9e0e58d6,JAK2_01d8a80836,[3*]C/C=C/CO[33*],oxa
FRAG_bd8f101abc,JAK2_01d8a80836,[3*]C/C=C/C[34*],alkyl
FRAG_622dca5edc,JAK2_01d8a80836,[3*]C/C=C/[35*],alkyl
FRAG_c51bea31cf,JAK2_01d8a80836,[9*]c1ccnc([18*])n1,diaza
FRAG_5006db3eb3,JAK2_01d8a80836,[9*]c1ccnc(N[19*])n1,diaza
FRAG_8761048ef8,JAK2_01d8a80836,[12*]c1ccc2ccn(C/C=C/[35*])c2c1,aza
FRAG_b5aa199828,JAK2_01d8a80836,*COC[31*],oxa
FRAG_80bee25705,JAK2_9ed0e79538,[1*]COC[5*],oxa
FRAG_9d431ff353,JAK2_9ed0e79538,[2*]/C=C/COCc1cncc([24*])c1,aza_oxa
FRAG_df90420e77,JAK2_9ed0e79538,[2*]/C=C/COC[30*],oxa
FRAG_29c30e36cb,JAK2_9ed0e79538,[2*]/C=C/CO[32*],oxa
FRAG_ab527f1d56,JAK2_9ed0e79538,[2*]/C=C/C[33*],alkyl
FRAG_f349b36348,JAK2_9ed0e79538,[3*]C/C=C/COCc1cncc([24*])c1,aza_oxa
FRAG_7b9fe219ee,JAK2_9ed0e79538,[3*]C/C=C/COC[30*],oxa
FRAG_3a3aa6a76e,JAK2_9ed0e79538,[3*]C/C=C/CO[32*],oxa
FRAG_7fb49302fb,JAK2_9ed0e79538,[3*]C/C=C/C[33*],alkyl
FRAG_b3e12d3d83,JAK2_9ed0e79538,[3*]C/C=C/[34*],alkyl
FRAG_dae2691e6f,JAK2_9ed0e79538,[4*]OC/C=C/COC[30*],dioxa
FRAG_63b5b2c999,JAK2_9ed0e79538,[4*]OC/C=C/CO[32*],dioxa
FRAG_7141953f42,JAK2_9ed0e79538,[4*]OC/C=C/C[33*],oxa
FRAG_a3f710c3ef,JAK2_9ed0e79538,[4*]OC/C=C/[34*],oxa
FRAG_d7a4c58ab6,JAK2_9ed0e79538,[5*]COC/C=C/COC[30*],dioxa
FRAG_1d336ef694,JAK2_9ed0e79538,[5*]COC/C=C/CO[32*],dioxa
FRAG_d9c6f52644,JAK2_9ed0e79538,[5*]COC/C=C/C[33*],oxa
FRAG_0098c80993,JAK2_9ed0e79538,[5*]COC/C=C/[34*],oxa
FRAG_40cc74ed59,JAK2_9ed0e79538,[7*]Nc1nccc([26*])n1,diaza
FRAG_e18d505555,JAK2_9ed0e79538,[19*]c1nccc([26*])n1,diaza
FRAG_4f6276704a,JAK2_9ed0e79538,[19*]c1nccc(-c2cncc([32*])c2)n1,diaza
FRAG_ff19ee189a,JAK2_9ed0e79538,[24*]c1cncc([32*])c1,aza
FRAG_ce13eaba84,JAK2_9ed0e79538,[24*]c1cncc(C[33*])c1,aza
FRAG_08d2fed9f0,JAK2_9ed0e79538,[24*]c1cncc(CO[34*])c1,aza_oxa
FRAG_86255afd9b,JAK2_9ed0e79538,*COCc1cncc([24*])c1,aza_oxa
FRAG_717aef96b6,JAK2_9ed0e79538,*COC[30*],oxa
FRAG_0f32368185,JAK2_fcc705ef41,[1*]C/C=C/[5*],alkyl
FRAG_88d091ac8f,JAK2_fcc705ef41,[1*]C/C=C/C[6*],alkyl
FRAG_f94defcd3f,JAK2_fcc705ef41,[1*]C/C=C/CO[7*],oxa
FRAG_c9e287d586,JAK2_fcc705ef41,[1*]C/C=C/COC[8*],oxa
FRAG_6a0109647e,JAK2_fcc705ef41,[1*]C/C=C/COCc1ccc([13*])s1,oxa_thio
FRAG_281a9c34b5,JAK2_fcc705ef41,[2*]N(C)C[32*],aza
FRAG_a3d6eeca47,JAK2_fcc705ef41,[2*]/C=C/C[6*],alkyl
FRAG_7a26ea72ab,JAK2_fcc705ef41,[2*]/C=C/CO[7*],oxa
FRAG_138616c50b,JAK2_fcc705ef41,[2*]/C=C/COC[8*],oxa
FRAG_4f979bc3e1,JAK2_fcc705ef41,[2*]/C=C/COCc1ccc([13*])s1,oxa_thio
FRAG_4278f86b04,JAK2_fcc705ef41,[3*]CN(C)C[32*],aza
FRAG_cb07bfc65e,JAK2_fcc705ef41,[3*]CN([34*])C,aza
FRAG_708a0342c2,JAK2_fcc705ef41,[4*]COC[8*],oxa
FRAG_73e14efdc1,JAK2_fcc705ef41,[4*]COCc1ccc([13*])s1,oxa_thio
FRAG_eb6056a596,JAK2_fcc705ef41,[5*]/C=C/CN(C)C[32*],aza
FRAG_918673466b,JAK2_fcc705ef41,[5*]/C=C/CN([34*])C,aza
FRAG_10b58fa5fe,JAK2_fcc705ef41,[5*]OCc1ccc([13*])s1,oxa_thio
FRAG_f1d7aa8060,JAK2_fcc705ef41,[6*]C/C=C/CN(C)C[32*],aza
FRAG_8dfd9a32b2,JAK2_fcc705ef41,[6*]C/C=C/CN([34*])C,aza
FRAG_bfe5ae45d0,JAK2_fcc705ef41,[6*]Cc1ccc([13*])s1,thioether
FRAG_1ea28b2fde,JAK2_fcc705ef41,[6*]Cc1ccc(-c2ccnc([19*])n2)s1,aza_thio
FRAG_d14362988b,JAK2_fcc705ef41,[7*]OC/C=C/CN(C)C[32*],oxa_aza
FRAG_5d44c2d82b,JAK2_fcc705ef41,[7*]OC/C=C/CN([34*])C,oxa_aza
FRAG_0ca379daab,JAK2_fcc705ef41,[7*]c1ccc([13*])s1,thioether
FRAG_967ef8e169,JAK2_fcc705ef41,[7*]c1ccc(-c2ccnc([19*])n2)s1,aza_thio
FRAG_34b91d2de8,JAK2_fcc705ef41,[7*]c1ccc(-c2ccnc(N[20*])n2)s1,aza_thio
FRAG_ac78be9988,JAK2_fcc705ef41,[8*]COC/C=C/CN(C)C[32*],oxa_aza
FRAG_792dc7893e,JAK2_fcc705ef41,[8*]COC/C=C/CN([34*])C,oxa_aza
FRAG_8dd1858cc0,JAK2_fcc705ef41,[11*]c1ccnc([19*])n1,diaza
FRAG_6722acc954,JAK2_fcc705ef41,[11*]c1ccnc(N[20*])n1,diaza
FRAG_bb86d015a5,JAK2_8d7410b68f,[1*]COC[5*],oxa
FRAG_80667f0432,JAK2_8d7410b68f,[2*]/C=C/COCc1ccc([24*])o1,dioxa
FRAG_d4820b0c7d,JAK2_8d7410b68f,[2*]/C=C/COC[29*],oxa
FRAG_39dbea7941,JAK2_8d7410b68f,[2*]/C=C/CO[31*],oxa
FRAG_502f83cd05,JAK2_8d7410b68f,[2*]/C=C/C[32*],alkyl
FRAG_e122e9357a,JAK2_8d7410b68f,[3*]C/C=C/COCc1ccc([24*])o1,dioxa
FRAG_eee24726ed,JAK2_8d7410b68f,[3*]C/C=C/COC[29*],oxa
FRAG_2aed30ecc4,JAK2_8d7410b68f,[3*]C/C=C/CO[31*],oxa
FRAG_b21bdf284d,JAK2_8d7410b68f,[3*]C/C=C/C[32*],alkyl
FRAG_1d50f09d1c,JAK2_8d7410b68f,[3*]C/C=C/[33*],alkyl
FRAG_be6d6cb562,JAK2_8d7410b68f,[4*]OC/C=C/COCc1ccc([24*])o1,dioxa
FRAG_22f52c15bb,JAK2_8d7410b68f,[4*]OC/C=C/COC[29*],dioxa
FRAG_9a3da1e7f4,JAK2_8d7410b68f,[4*]OC/C=C/CO[31*],dioxa
FRAG_56bf35db2b,JAK2_8d7410b68f,[4*]OC/C=C/C[32*],oxa
FRAG_cded408c5f,JAK2_8d7410b68f,[4*]OC/C=C/[33*],oxa
FRAG_21152449fd,JAK2_8d7410b68f,[5*]COC/C=C/COC[29*],dioxa
FRAG_b7af29a0eb,JAK2_8d7410b68f,[5*]COC/C=C/CO[31*],dioxa
FRAG_a3e40f22e0,JAK2_8d7410b68f,[5*]COC/C=C/C[32*],oxa
FRAG_af7253c6fb,JAK2_8d7410b68f,[5*]COC/C=C/[33*],oxa
FRAG_b7a32c2e41,JAK2_8d7410b68f,[7*]Nc1nccc([26*])n1,diaza
FRAG_d8e2b94ec9,JAK2_8d7410b68f,[7*]Nc1nccc(-c2ccc([31*])o2)n1,aza_oxa
FRAG_60ff7e76cf,JAK2_8d7410b68f,[19*]c1nccc([26*])n1,diaza
FRAG_29911345e7,JAK2_8d7410b68f,[19*]c1nccc(-c2ccc([31*])o2)n1,aza_oxa
FRAG_e9b5176931,JAK2_8d7410b68f,[19*]c1nccc(-c2ccc(C[32*])o2)n1,aza_oxa
FRAG_4181d60c74,JAK2_8d7410b68f,[24*]c1ccc([31*])o1,oxa
FRAG_041efa05f1,JAK2_8d7410b68f,[24*]c1ccc(C[32*])o1,oxa
FRAG_71728d3fc2,JAK2_8d7410b68f,[24*]c1ccc(CO[33*])o1,dioxa
FRAG_6a8cd90dfe,JAK2_8d7410b68f,*COCc1ccc([24*])o1,dioxa
FRAG_02ccf43a46,JAK2_8d7410b68f,*COC[29*],oxa
FRAG_4fcde710f4,JAK2_5f2f4ef7ea,[6*]COC[19*],oxa
FRAG_8bc7b92b5a,JAK2_5f2f4ef7ea,[6*]COCC=C[21*],oxa
FRAG_99bc7ea468,JAK2_5f2f4ef7ea,[6*]COCC=CC[22*],oxa
FRAG_c24a5a270b,JAK2_5f2f4ef7ea,[6*]COCC=CCO[23*],dioxa
FRAG_c1e3da6b27,JAK2_5f2f4ef7ea,[6*]COCC=CCOC[24*],dioxa
FRAG_329fd516b9,JAK2_5f2f4ef7ea,[16*]OCC=C[21*],oxa
FRAG_5482709493,JAK2_5f2f4ef7ea,[16*]OCC=CC[22*],oxa
FRAG_90eaedd21b,JAK2_5f2f4ef7ea,[16*]OCC=CCO[23*],dioxa
FRAG_5d77b41375,JAK2_5f2f4ef7ea,[16*]OCC=CCOC[24*],dioxa
FRAG_bc05767a5d,JAK2_5f2f4ef7ea,[17*]CC=C[21*],alkyl
FRAG_483ed9240f,JAK2_5f2f4ef7ea,[17*]CC=CC[22*],alkyl
FRAG_27004e736c,JAK2_5f2f4ef7ea,[17*]CC=CCO[23*],oxa
FRAG_4276ffad18,JAK2_5f2f4ef7ea,[17*]CC=CCOC[24*],oxa
FRAG_7e4d0b94c2,JAK2_5f2f4ef7ea,[17*]CC=CCOCc1cccc([30*])c1,oxa
FRAG_d3897ff306,JAK2_5f2f4ef7ea,[18*]C=CC[22*],alkyl
FRAG_c70aee9880,JAK2_5f2f4ef7ea,[18*]C=CCO[23*],oxa
FRAG_6a75c516c0,JAK2_5f2f4ef7ea,[18*]C=CCOC[24*],oxa
FRAG_33d2d627e5,JAK2_5f2f4ef7ea,[18*]C=CCOCc1cccc([30*])c1,oxa
FRAG_2bf9909dbf,JAK2_5f2f4ef7ea,[20*]COC[24*],oxa
FRAG_5a3ffd19f7,JAK2_5f2f4ef7ea,[20*]COCc1cccc([30*])c1,oxa
FRAG_3b1604df4b,JAK2_5f2f4ef7ea,[21*]OCc1cccc([30*])c1,oxa
FRAG_522ab53973,JAK2_5f2f4ef7ea,[22*]Cc1cccc([30*])c1,alkyl
FRAG_a2392fcbd8,JAK2_5f2f4ef7ea,[23*]c1cccc([30*])c1,alkyl
FRAG_ab63077c7f,JAK2_5f2f4ef7ea,[23*]c1cccc(-c2ccnc([36*])n2)c1,diaza
FRAG_993da5ec9d,JAK2_5f2f4ef7ea,[28*]c1ccnc([36*])n1,diaza
FRAG_53b88ed2e2,JAK2_5f2f4ef7ea,[4*]Nc1nccc([28*])n1,diaza
FRAG_741360e27b,JAK2_12286137c9,[5*]Nc1cccc([14*])c1,aza
FRAG_7faeab4074,JAK2_12286137c9,[5*]Nc1cccc(C[15*])c1,aza
FRAG_98a407dca1,JAK2_12286137c9,[5*]Nc1cccc(CN([17*])C)c1,diaza
FRAG_24c944bd04,JAK2_12286137c9,[5*]Nc1cccc(CN(C)C[18*])c1,diaza
FRAG_ab9324edcc,JAK2_12286137c9,[7*]c1nc([27*])cc(C)n1,diaza
FRAG_21bfa58e2f,JAK2_12286137c9,[7*]c1cccc([14*])c1,alkyl
FRAG_d1c8d66104,JAK2_12286137c9,[7*]c1cccc(C[15*])c1,alkyl
FRAG_b2817c2596,JAK2_12286137c9,[7*]c1cccc(CN([17*])C)c1,aza
FRAG_62842274b9,JAK2_12286137c9,[7*]c1cccc(CN(C)C[18*])c1,aza
FRAG_57f2282fec,JAK2_12286137c9,[7*]c1cccc(CN(C)C/C=C/[20*])c1,aza
FRAG_04c7f353cf,JAK2_12286137c9,[8*]Nc1nc([27*])cc(C)n1,diaza
FRAG_c8e24cbcca,JAK2_12286137c9,[12*]CN([17*])C,aza
FRAG_afa0ab044c,JAK2_12286137c9,[12*]CN(C)C[18*],aza
FRAG_f824fa866a,JAK2_12286137c9,[12*]CN(C)C/C=C/[20*],aza
FRAG_5e365e857b,JAK2_12286137c9,[12*]CN(C)C/C=C/C[21*],aza
FRAG_e4e2e2fee3,JAK2_12286137c9,[12*]CN(C)C/C=C/CC[22*],aza
FRAG_b595be687a,JAK2_12286137c9,[12*]CN(C)C/C=C/CCO[23*],aza_oxa
FRAG_60706d96f6,JAK2_12286137c9,[14*]N(C)C[18*],aza
FRAG_dd14cf0af7,JAK2_12286137c9,[14*]N(C)C/C=C/[20*],aza
FRAG_0967b43ef8,JAK2_12286137c9,[14*]N(C)C/C=C/C[21*],aza
FRAG_8f50b67fa4,JAK2_12286137c9,[14*]N(C)C/C=C/CC[22*],aza
FRAG_e44a152f6c,JAK2_12286137c9,[14*]N(C)C/C=C/CCO[23*],aza_oxa
FRAG_c1f4d07d57,JAK2_12286137c9,[15*]C/C=C/[20*],alkyl
FRAG_e6b722533f,JAK2_12286137c9,[15*]C/C=C/C[21*],alkyl
FRAG_7677fe6348,JAK2_12286137c9,[15*]C/C=C/CC[22*],alkyl
FRAG_008c3afbe5,JAK2_12286137c9,[15*]C/C=C/CCO[23*],oxa
FRAG_af556e5b4f,JAK2_12286137c9,[3*]c1cccc(OCC/C=C/C[15*])c1,oxa
FRAG_e0275db1b1,JAK2_12286137c9,[17*]/C=C/C[21*],alkyl
FRAG_b29f910d75,JAK2_12286137c9,[17*]/C=C/CC[22*],alkyl
FRAG_154bc76498,JAK2_12286137c9,[17*]/C=C/CCO[23*],oxa
FRAG_fb3778a54a,JAK2_12286137c9,[3*]c1cccc(OCC/C=C/[17*])c1,oxa
FRAG_77501614df,JAK2_12286137c9,[19*]CCO[23*],oxa
FRAG_b147c762c9,JAK2_12286137c9,[3*]c1cccc(OCC[19*])c1,oxa
FRAG_37b854c136,JAK2_12286137c9,[3*]c1cccc(OC[20*])c1,oxa
FRAG_6e6caf639a,JAK2_12286137c9,[3*]c1cccc(O[21*])c1,oxa
FRAG_1a48694903,JAK2_12286137c9,[3*]c1cccc([22*])c1,alkyl
FRAG_00c3beb7ce,JAK2_09427d2b15,[1*]COC[5*],oxa
FRAG_81941861e9,JAK2_09427d2b15,[1*]COCc1cncc([11*])c1,aza_oxa
FRAG_288380f93f,JAK2_09427d2b15,[2*]/C=C/COCc1cccc(N[15*])c1,oxa_aza
FRAG_3b3dbe5b3d,JAK2_09427d2b15,[2*]/C=C/COCc1cccc([17*])c1,oxa
FRAG_187981cbde,JAK2_09427d2b15,[2*]/C=C/COC[22*],oxa
FRAG_1af9d5c461,JAK2_09427d2b15,[2*]/C=C/CO[24*],oxa
FRAG_f5a3c1b9eb,JAK2_09427d2b15,[2*]/C=C/C[25*],alkyl
FRAG_fb810d156c,JAK2_09427d2b15,[2*]OCc1cncc([11*])c1,aza_oxa
FRAG_60a6966ce3,JAK2_09427d2b15,[3*]C/C=C/COCc1cccc([17*])c1,oxa
FRAG_b259ac63c3,JAK2_09427d2b15,[3*]C/C=C/COC[22*],oxa
FRAG_80d90a373d,JAK2_09427d2b15,[3*]C/C=C/CO[24*],oxa
FRAG_552a9ea850,JAK2_09427d2b15,[3*]C/C=C/C[25*],alkyl
FRAG_83fa696e35,JAK2_09427d2b15,[3*]C/C=C/[26*],alkyl
FRAG_07167fbd57,JAK2_09427d2b15,[3*]Cc1cncc([11*])c1,aza
FRAG_9faf97f38e,JAK2_09427d2b15,[4*]OC/C=C/COC[22*],dioxa
FRAG_66da6595b9,JAK2_09427d2b15,[4*]OC/C=C/CO[24*],dioxa
FRAG_ab6ba6aaed,JAK2_09427d2b15,[4*]OC/C=C/C[25*],oxa
FRAG_af63295ce0,JAK2_09427d2b15,[4*]OC/C=C/[26*],oxa
FRAG_5b94e8e5e4,JAK2_09427d2b15,[4*]c1cncc([11*])c1,aza
FRAG_825b73e11f,JAK2_09427d2b15,[4*]c1cncc(-c2ccnc([17*])n2)c1,diaza
FRAG_cf9936fbf1,JAK2_09427d2b15,[5*]COC/C=C/COC[22*],dioxa
FRAG_7bf3ed6856,JAK2_09427d2b15,[5*]COC/C=C/CO[24*],dioxa
FRAG_715766f876,JAK2_09427d2b15,[5*]COC/C=C/C[25*],oxa
FRAG_dec8fbdea2,JAK2_09427d2b15,[5*]COC/C=C/[26*],oxa
FRAG_d077474fe6,JAK2_09427d2b15,[9*]c1ccnc([17*])n1,diaza
FRAG_6a4e59ec6f,JAK2_09427d2b15,[9*]c1ccnc(N[18*])n1,diaza
FRAG_400a6454ae,JAK2_09427d2b15,[11*]c1cncc(COC/C=C/C[25*])c1,aza_oxa
FRAG_fc05722bdc,JAK2_09427d2b15,[11*]c1cncc(COC/C=C/[26*])c1,aza_oxa
FRAG_9a3977f118,JAK2_09427d2b15,[15*]Nc1cccc([24*])c1,aza
FRAG_2c00c19dc8,JAK2_09427d2b15,[15*]Nc1cccc(C[25*])c1,aza
FRAG_e6242ce398,JAK2_09427d2b15,[15*]Nc1cccc(CO[26*])c1,aza_oxa
FRAG_f1e836d778,JAK2_09427d2b15,*COCc1cccc(N[15*])c1,oxa_aza
FRAG_88d6a2299b,JAK2_09427d2b15,[17*]c1cccc([24*])c1,alkyl
FRAG_8b33e748ba,JAK2_09427d2b15,[17*]c1cccc(C[25*])c1,alkyl
FRAG_4b47879915,JAK2_09427d2b15,[17*]c1cccc(CO[26*])c1,oxa
FRAG_d977d679f2,JAK2_09427d2b15,*COCc1cccc([17*])c1,oxa
FRAG_3f7f062a42,JAK2_09427d2b15,*COC[22*],oxa
FRAG_fe6e86e9f9,JAK2_1b9ba10888,[6*]c1ccc2ccn([16*])c2c1,aza
FRAG_b86253cbd1,JAK2_1b9ba10888,[6*]c1ccc2ccn(C[17*])c2c1,aza
FRAG_6f97a16b2b,JAK2_1b9ba10888,[6*]c1ccc2ccn(C/C=C/[19*])c2c1,aza
FRAG_da1616e89d,JAK2_1b9ba10888,[7*]c1nc(N[24*])ncc1C,diaza
FRAG_0ba469f540,JAK2_1b9ba10888,[7*]c1nc([36*])ncc1C,diaza
FRAG_0e6a011604,JAK2_1b9ba10888,[13*]C/C=C/[19*],alkyl
FRAG_3464a883df,JAK2_1b9ba10888,[13*]C/C=C/C[20*],alkyl
FRAG_a9637cda34,JAK2_1b9ba10888,[13*]C/C=C/CO[21*],oxa
FRAG_968c2ee0a6,JAK2_1b9ba10888,[13*]C/C=C/COC[22*],oxa
FRAG_8cd5496364,JAK2_1b9ba10888,[16*]/C=C/C[20*],alkyl
FRAG_0ae1098340,JAK2_1b9ba10888,[16*]/C=C/CO[21*],oxa
FRAG_8c2cd4b804,JAK2_1b9ba10888,[16*]/C=C/COC[22*],oxa
FRAG_3779c02369,JAK2_1b9ba10888,[18*]COC[22*],oxa
FRAG_7de8caf4f2,JAK2_2ed91465fe,[7*]COC[11*],oxa
FRAG_9a914a512e,JAK2_2ed91465fe,[7*]COCC=C[13*],oxa
FRAG_c0ae770234,JAK2_2ed91465fe,[7*]COCC=CC[14*],oxa
FRAG_717da0b5fd,JAK2_2ed91465fe,[7*]COCC=CCC[15*],oxa
FRAG_d2c12fc597,JAK2_2ed91465fe,[7*]COCC=CCCO[16*],dioxa
FRAG_dc09737ce0,JAK2_2ed91465fe,[8*]c1cc(N[26*])ccc1OC,aza_oxa
FRAG_6dbf4e1bc5,JAK2_2ed91465fe,[8*]c1cc([28*])ccc1OC,oxa
FRAG_f7b5e405fe,JAK2_2ed91465fe,[8*]OCC=C[13*],oxa
FRAG_28b881099e,JAK2_2ed91465fe,[8*]OCC=CC[14*],oxa
FRAG_1e8836d63f,JAK2_2ed91465fe,[8*]OCC=CCC[15*],oxa
FRAG_64f346888e,JAK2_2ed91465fe,[8*]OCC=CCCO[16*],dioxa
FRAG_84c9f9a6d8,JAK2_2ed91465fe,[9*]Cc1cc(N[26*])ccc1OC,aza_oxa
FRAG_19414b7aeb,JAK2_2ed91465fe,[9*]Cc1cc([28*])ccc1OC,oxa
FRAG_882f9fc487,JAK2_2ed91465fe,[9*]CC=C[13*],alkyl
FRAG_6a1add3ad5,JAK2_2ed91465fe,[9*]CC=CC[14*],alkyl
FRAG_c3abb3b5ea,JAK2_2ed91465fe,[9*]CC=CCC[15*],alkyl
FRAG_1847576709,JAK2_2ed91465fe,[9*]CC=CCCO[16*],oxa
FRAG_0c0bfbf62a,JAK2_2ed91465fe,[9*]CC=CCCOc1cccc([22*])c1,oxa
FRAG_5da4a2ed57,JAK2_2ed91465fe,[10*]OCc1cc(N[26*])ccc1OC,oxa_aza
FRAG_7690ae0095,JAK2_2ed91465fe,[10*]OCc1cc([28*])ccc1OC,dioxa
FRAG_acc4e58e1e,JAK2_2ed91465fe,[10*]C=CC[14*],alkyl
FRAG_fdaaa7e0bb,JAK2_2ed91465fe,[10*]C=CCC[15*],alkyl
FRAG_6b1d414be5,JAK2_2ed91465fe,[10*]C=CCCO[16*],oxa
FRAG_531c8a65fc,JAK2_2ed91465fe,[10*]C=CCCOc1cccc([22*])c1,oxa
FRAG_5147fed513,JAK2_2ed91465fe,[11*]COCc1cc(N[26*])ccc1OC,oxa_aza
FRAG_4112baf52c,JAK2_2ed91465fe,[11*]COCc1cc([28*])ccc1OC,dioxa
FRAG_7ea0fd136b,JAK2_2ed91465fe,[12*]CCO[16*],oxa
FRAG_6b5d67e161,JAK2_2ed91465fe,[12*]CCOc1cccc([22*])c1,oxa
FRAG_72ef2bf445,JAK2_2ed91465fe,[13*]COc1cccc([22*])c1,oxa
FRAG_e9a56267bb,JAK2_2ed91465fe,[14*]Oc1cccc([22*])c1,oxa
FRAG_80083dcb43,JAK2_2ed91465fe,[15*]c1cccc([22*])c1,alkyl
FRAG_1a2b510014,JAK2_2ed91465fe,[15*]c1cccc(-c2ccnc([28*])n2)c1,diaza
FRAG_1ab658daab,JAK2_2ed91465fe,[20*]c1ccnc([28*])n1,diaza
FRAG_03e3ec37b3,JAK2_2ed91465fe,[5*]Nc1nccc([20*])n1,diaza
FRAG_168de3117a,JAK2_aba55c653f,[1*]COC[5*],oxa
FRAG_fec9f6d6e7,JAK2_aba55c653f,[1*]COCc1ccc([10*])o1,dioxa
FRAG_344ec526e4,JAK2_aba55c653f,[2*]/C=C/COCc1cccc(N[14*])c1,oxa_aza
FRAG_76c67b3ccb,JAK2_aba55c653f,[2*]/C=C/COCc1cccc([16*])c1,oxa
FRAG_df30bc4341,JAK2_aba55c653f,[2*]/C=C/COC[21*],oxa
FRAG_349703eb17,JAK2_aba55c653f,[2*]/C=C/CO[23*],oxa
FRAG_9c2a2f053e,JAK2_aba55c653f,[2*]/C=C/C[24*],alkyl
FRAG_7e7f64e55c,JAK2_aba55c653f,[2*]OCc1ccc([10*])o1,dioxa
FRAG_c41c46f70e,JAK2_aba55c653f,[3*]C/C=C/COCc1cccc([16*])c1,oxa
FRAG_0eb67c0f9e,JAK2_aba55c653f,[3*]C/C=C/COC[21*],oxa
FRAG_4f247657b9,JAK2_aba55c653f,[3*]C/C=C/CO[23*],oxa
FRAG_d7171414e4,JAK2_aba55c653f,[3*]C/C=C/C[24*],alkyl
FRAG_79c04921d7,JAK2_aba55c653f,[3*]C/C=C/[25*],alkyl
FRAG_dc25f44539,JAK2_aba55c653f,[3*]Cc1ccc([10*])o1,oxa
FRAG_aa8d24d0ae,JAK2_aba55c653f,[3*]Cc1ccc(-c2ccnc([16*])n2)o1,aza_oxa
FRAG_10cce339b4,JAK2_aba55c653f,[4*]OC/C=C/COC[21*],dioxa
FRAG_65ccf8c094,JAK2_aba55c653f,[4*]OC/C=C/CO[23*],dioxa
FRAG_43df18fb4d,JAK2_aba55c653f,[4*]OC/C=C/C[24*],oxa
FRAG_5b188527f6,JAK2_aba55c653f,[4*]OC/C=C/[25*],oxa
FRAG_8a210e8f0f,JAK2_aba55c653f,[4*]c1ccc([10*])o1,oxa
FRAG_708ba65993,JAK2_aba55c653f,[4*]c1ccc(-c2ccnc([16*])n2)o1,aza_oxa
FRAG_7171fa34e1,JAK2_aba55c653f,[4*]c1ccc(-c2ccnc(N[17*])n2)o1,aza_oxa
FRAG_7b6d8a2f07,JAK2_aba55c653f,[5*]COC/C=C/COC[21*],dioxa
FRAG_f2b989b681,JAK2_aba55c653f,[5*]COC/C=C/CO[23*],dioxa
FRAG_f6224d60f8,JAK2_aba55c653f,[5*]COC/C=C/C[24*],oxa
FRAG_5b13cda3af,JAK2_aba55c653f,[5*]COC/C=C/[25*],oxa
FRAG_ea30d6d666,JAK2_aba55c653f,[8*]c1ccnc([16*])n1,diaza
FRAG_adeddaac0a,JAK2_aba55c653f,[8*]c1ccnc(N[17*])n1,diaza
FRAG_682a70e3ee,JAK2_aba55c653f,[10*]c1ccc(COC/C=C/CO[23*])o1,dioxa
FRAG_f12829f64b,JAK2_aba55c653f,[10*]c1ccc(COC/C=C/C[24*])o1,dioxa
FRAG_d4971f3db2,JAK2_aba55c653f,[10*]c1ccc(COC/C=C/[25*])o1,dioxa
FRAG_c5e1e95ec9,JAK2_aba55c653f,[14*]Nc1cccc([23*])c1,aza
FRAG_e00e566051,JAK2_aba55c653f,[14*]Nc1cccc(C[24*])c1,aza
FRAG_afe8731ecd,JAK2_aba55c653f,[14*]Nc1cccc(CO[25*])c1,aza_oxa
FRAG_456769bcfd,JAK2_aba55c653f,*COCc1cccc(N[14*])c1,oxa_aza
FRAG_badb8c3a57,JAK2_aba55c653f,[16*]c1cccc([23*])c1,alkyl
FRAG_1aa21c2bb8,JAK2_aba55c653f,[16*]c1cccc(C[24*])c1,alkyl
FRAG_ea2bd937d8,JAK2_aba55c653f,[16*]c1cccc(CO[25*])c1,oxa
FRAG_e44257d07e,JAK2_aba55c653f,*COCc1cccc([16*])c1,oxa
FRAG_e731d6c998,JAK2_aba55c653f,*COC[21*],oxa
FRAG_87b3edbdd9,JAK2_989e4e23b7,[1*]C/C=C/[5*],alkyl
FRAG_f764b37860,JAK2_989e4e23b7,[1*]C/C=C/C[6*],alkyl
FRAG_786784ddf7,JAK2_989e4e23b7,[1*]C/C=C/CO[7*],oxa
FRAG_fe3db441cb,JAK2_989e4e23b7,[1*]C/C=C/COC[8*],oxa
FRAG_0c403d7ba1,JAK2_989e4e23b7,[1*]C/C=C/COCc1ccc([13*])o1,dioxa
FRAG_2049c49316,JAK2_989e4e23b7,[2*]N(C)Cc1cccc(N[17*])c1,diaza
FRAG_fffee15050,JAK2_989e4e23b7,[2*]N(C)Cc1cccc([19*])c1,aza
FRAG_100e600a40,JAK2_989e4e23b7,[2*]N(C)C[24*],aza
FRAG_d6106ec24c,JAK2_989e4e23b7,[2*]/C=C/C[6*],alkyl
FRAG_a70918a050,JAK2_989e4e23b7,[2*]/C=C/CO[7*],oxa
FRAG_f8f0fe1f89,JAK2_989e4e23b7,[2*]/C=C/COC[8*],oxa
FRAG_67784838ad,JAK2_989e4e23b7,[2*]/C=C/COCc1ccc([13*])o1,dioxa
FRAG_a2a2231fdf,JAK2_989e4e23b7,[3*]CN(C)Cc1cccc(N[17*])c1,diaza
FRAG_234d59be3e,JAK2_989e4e23b7,[3*]CN(C)Cc1cccc([19*])c1,aza
FRAG_c9ad33414f,JAK2_989e4e23b7,[3*]CN(C)C[24*],aza
FRAG_510d917254,JAK2_989e4e23b7,[3*]CN([26*])C,aza
FRAG_98a75bfc6a,JAK2_989e4e23b7,[4*]COC[8*],oxa
FRAG_1a9b839ebb,JAK2_989e4e23b7,[4*]COCc1ccc([13*])o1,dioxa
FRAG_2ee477a032,JAK2_989e4e23b7,[5*]/C=C/CN(C)Cc1cccc([19*])c1,aza
FRAG_792f8af3e6,JAK2_989e4e23b7,[5*]/C=C/CN(C)C[24*],aza
FRAG_aa6888962f,JAK2_989e4e23b7,[5*]/C=C/CN([26*])C,aza
FRAG_ea7b1d0ad8,JAK2_989e4e23b7,[5*]OCc1ccc([13*])o1,dioxa
FRAG_29932d15df,JAK2_989e4e23b7,[6*]C/C=C/CN(C)C[24*],aza
FRAG_1936334618,JAK2_989e4e23b7,[6*]C/C=C/CN([26*])C,aza
FRAG_b3a5608de0,JAK2_989e4e23b7,[6*]Cc1ccc([13*])o1,oxa
FRAG_fc9aae2317,JAK2_989e4e23b7,[6*]Cc1ccc(-c2ccnc([19*])n2)o1,aza_oxa
FRAG_7f5ec1a204,JAK2_989e4e23b7,[7*]OC/C=C/CN(C)C[24*],oxa_aza
FRAG_be25f139d4,JAK2_989e4e23b7,[7*]OC/C=C/CN([26*])C,oxa_aza
FRAG_004e6ff557,JAK2_989e4e23b7,[7*]c1ccc([13*])o1,oxa
FRAG_0f1a1da2a0,JAK2_989e4e23b7,[7*]c1ccc(-c2ccnc([19*])n2)o1,aza_oxa
FRAG_0e5bb1d4b5,JAK2_989e4e23b7,[7*]c1ccc(-c2ccnc(N[20*])n2)o1,aza_oxa
FRAG_077040490c,JAK2_989e4e23b7,[8*]COC/C=C/CN(C)C[24*],oxa_aza
FRAG_57ad86ba5c,JAK2_989e4e23b7,[8*]COC/C=C/CN([26*])C,oxa_aza
FRAG_183c05421f,JAK2_989e4e23b7,[11*]c1ccnc([19*])n1,diaza
FRAG_5bd14aa922,JAK2_989e4e23b7,[11*]c1ccnc(N[20*])n1,diaza
FRAG_0f9179e355,JAK2_989e4e23b7,[17*]Nc1cccc([26*])c1,aza
FRAG_ca55d2ceab,JAK2_989e4e23b7,[1*]Cc1cccc(N[17*])c1,aza
FRAG_20673767b0,JAK2_989e4e23b7,[19*]c1cccc([26*])c1,alkyl
FRAG_921ffce2fa,JAK2_989e4e23b7,[1*]Cc1cccc([19*])c1,alkyl
FRAG_964c2865b2,JAK2_bb5849ef90,[1*]C/C=C/[5*],alkyl
FRAG_f88689098e,JAK2_bb5849ef90,[1*]C/C=C/C[6*],alkyl
FRAG_1832220e46,JAK2_bb5849ef90,[1*]C/C=C/CN[7*],aza
FRAG_4c8d268ebc,JAK2_bb5849ef90,[1*]C/C=C/CNC([9*])=O,aza_oxa
FRAG_69659d6761,JAK2_bb5849ef90,[2*]N(C)Cc1cccc(N[19*])c1,diaza
FRAG_0e598c2c31,JAK2_bb5849ef90,[2*]N(C)Cc1cccc([21*])c1,aza
FRAG_a7522702df,JAK2_bb5849ef90,[2*]N(C)C[26*],aza
FRAG_fb6ca6d6d5,JAK2_bb5849ef90,[2*]/C=C/C[6*],alkyl
FRAG_54c5c2a12a,JAK2_bb5849ef90,[2*]/C=C/CN[7*],aza
FRAG_2d8ddb09ce,JAK2_bb5849ef90,[2*]/C=C/CNC([9*])=O,aza_oxa
FRAG_fe3468b570,JAK2_bb5849ef90,[2*]/C=C/CNC(=O)c1cccc([15*])c1,aza_oxa
FRAG_e9bf03736b,JAK2_bb5849ef90,[3*]CN(C)Cc1cccc(N[19*])c1,diaza
FRAG_289fe3537b,JAK2_bb5849ef90,[3*]CN(C)Cc1cccc([21*])c1,aza
FRAG_a203dc8498,JAK2_bb5849ef90,[3*]CN(C)C[26*],aza
FRAG_4459890afd,JAK2_bb5849ef90,[3*]CN([28*])C,aza
FRAG_d13ef9912f,JAK2_bb5849ef90,[4*]CNC([9*])=O,aza_oxa
FRAG_e6dba5dcc2,JAK2_bb5849ef90,[4*]CNC(=O)c1cccc([15*])c1,aza_oxa
FRAG_698db67439,JAK2_bb5849ef90,[5*]/C=C/CN(C)Cc1cccc([21*])c1,aza
FRAG_3d28ed14ea,JAK2_bb5849ef90,[5*]/C=C/CN(C)C[26*],aza
FRAG_985056bf09,JAK2_bb5849ef90,[5*]/C=C/CN([28*])C,aza
FRAG_046da6d152,JAK2_bb5849ef90,[5*]NC([9*])=O,aza_oxa
FRAG_27f64194cb,JAK2_bb5849ef90,[5*]NC(=O)c1cccc([15*])c1,aza_oxa
FRAG_1675570a14,JAK2_bb5849ef90,[6*]C/C=C/CN(C)C[26*],aza
FRAG_9285b9028e,JAK2_bb5849ef90,[6*]C/C=C/CN([28*])C,aza
FRAG_489f7f5a76,JAK2_bb5849ef90,[6*]C(=O)c1cccc([15*])c1,oxa
FRAG_7ba1a66041,JAK2_bb5849ef90,[7*]NC/C=C/CN(C)C[26*],diaza
FRAG_7d33eae8b5,JAK2_bb5849ef90,[7*]NC/C=C/CN([28*])C,diaza
FRAG_99b109cf0e,JAK2_bb5849ef90,[7*]c1cccc([15*])c1,alkyl
FRAG_97d7550d20,JAK2_bb5849ef90,[7*]c1cccc(-c2ccnc([21*])n2)c1,diaza
FRAG_45948385e4,JAK2_bb5849ef90,[9*]C(=O)NC/C=C/CN(C)C[26*],oxa_aza
FRAG_d39acc84c8,JAK2_bb5849ef90,[9*]C(=O)NC/C=C/CN([28*])C,oxa_aza
FRAG_53dc5b9c9b,JAK2_bb5849ef90,[13*]c1ccnc([21*])n1,diaza
FRAG_25d8d2f094,JAK2_bb5849ef90,[13*]c1ccnc(N[22*])n1,diaza
FRAG_8527ad6e69,JAK2_bb5849ef90,[19*]Nc1cccc([28*])c1,aza
FRAG_c39c403abf,JAK2_bb5849ef90,[1*]Cc1cccc(N[19*])c1,aza
FRAG_c0ae7c0b87,JAK2_bb5849ef90,[21*]c1cccc([28*])c1,alkyl
FRAG_9beab3534d,JAK2_bb5849ef90,[1*]Cc1cccc([21*])c1,alkyl
FRAG_efe541c0a5,JAK2_5d0ef37da5,[1*]COC[5*],oxa
FRAG_28e7cdb054,JAK2_5d0ef37da5,[2*]/C=C/COCc1cc([24*])cs1,oxa_thio
FRAG_b297a9218f,JAK2_5d0ef37da5,[2*]/C=C/COC[29*],oxa
FRAG_9ccd8f0758,JAK2_5d0ef37da5,[2*]/C=C/CO[31*],oxa
FRAG_3e6d5f0cf5,JAK2_5d0ef37da5,[2*]/C=C/C[32*],alkyl
FRAG_2cf828bcc6,JAK2_5d0ef37da5,[3*]C/C=C/COCc1cc([24*])cs1,oxa_thio
FRAG_0342ebfef5,JAK2_5d0ef37da5,[3*]C/C=C/COC[29*],oxa
FRAG_6f25b7149b,JAK2_5d0ef37da5,[3*]C/C=C/CO[31*],oxa
FRAG_3cb8d1c2aa,JAK2_5d0ef37da5,[3*]C/C=C/C[32*],alkyl
FRAG_a9c1e95f57,JAK2_5d0ef37da5,[3*]C/C=C/[33*],alkyl
FRAG_ac211ddb6b,JAK2_5d0ef37da5,[4*]OC/C=C/COCc1cc([24*])cs1,oxa_thio
FRAG_05508c8a20,JAK2_5d0ef37da5,[4*]OC/C=C/COC[29*],dioxa
FRAG_fd5235bf3c,JAK2_5d0ef37da5,[4*]OC/C=C/CO[31*],dioxa
FRAG_38f1fbf811,JAK2_5d0ef37da5,[4*]OC/C=C/C[32*],oxa
FRAG_e5db78cfb9,JAK2_5d0ef37da5,[4*]OC/C=C/[33*],oxa
FRAG_5e90dae9d0,JAK2_5d0ef37da5,[5*]COC/C=C/COC[29*],dioxa
FRAG_b2fc85fc12,JAK2_5d0ef37da5,[5*]COC/C=C/CO[31*],dioxa
FRAG_c2af7d17e4,JAK2_5d0ef37da5,[5*]COC/C=C/C[32*],oxa
FRAG_8e93cea3cf,JAK2_5d0ef37da5,[5*]COC/C=C/[33*],oxa
FRAG_6adeecf835,JAK2_5d0ef37da5,[7*]Nc1nccc([26*])n1,diaza
FRAG_3dc6d0bb37,JAK2_5d0ef37da5,[7*]Nc1nccc(-c2csc([31*])c2)n1,aza_thio
FRAG_431bfa3bc0,JAK2_5d0ef37da5,[19*]c1nccc([26*])n1,diaza
FRAG_ec24e0445a,JAK2_5d0ef37da5,[19*]c1nccc(-c2csc([31*])c2)n1,aza_thio
FRAG_77453e2693,JAK2_5d0ef37da5,[19*]c1nccc(-c2csc(C[32*])c2)n1,aza_thio
FRAG_0a69e15ae7,JAK2_5d0ef37da5,[24*]c1csc([31*])c1,thioether
FRAG_74e53abffb,JAK2_5d0ef37da5,[24*]c1csc(C[32*])c1,thioether
FRAG_82d9342b46,JAK2_5d0ef37da5,[24*]c1csc(CO[33*])c1,oxa_thio
FRAG_6754a73572,JAK2_5d0ef37da5,*COCc1cc([24*])cs1,oxa_thio
FRAG_9c555291bb,JAK2_5d0ef37da5,*COC[29*],oxa
FRAG_efb4cc49d7,JAK2_1646d01925,[4*]C/C=C/[8*],alkyl
FRAG_9cc4e46a04,JAK2_1646d01925,[4*]C/C=C/C[9*],alkyl
FRAG_64951ed087,JAK2_1646d01925,[4*]C/C=C/CC[10*],alkyl
FRAG_ad9b4ba534,JAK2_1646d01925,[4*]C/C=C/CCO[11*],oxa
FRAG_204658cee3,JAK2_1646d01925,[4*]C/C=C/CCOc1cccc([17*])c1,oxa
FRAG_17a34c57b6,JAK2_1646d01925,[5*]N(Cc1cccc([23*])c1)CC(C)C,aza
FRAG_c8fc2e2ed4,JAK2_1646d01925,[5*]N(C[28*])CC(C)C,aza
FRAG_aa3524fb49,JAK2_1646d01925,[5*]/C=C/C[9*],alkyl
FRAG_befda2d9d5,JAK2_1646d01925,[5*]/C=C/CC[10*],alkyl
FRAG_f9192881a1,JAK2_1646d01925,[5*]/C=C/CCO[11*],oxa
FRAG_8cf45fe6a2,JAK2_1646d01925,[5*]/C=C/CCOc1cccc([17*])c1,oxa
FRAG_9d44ad5494,JAK2_1646d01925,[6*]CN(C[28*])CC(C)C,aza
FRAG_f3b318080d,JAK2_1646d01925,[6*]CN([30*])CC(C)C,aza
FRAG_caf56514e4,JAK2_1646d01925,[7*]CCO[11*],oxa
FRAG_881d8c112e,JAK2_1646d01925,[7*]CCOc1cccc([17*])c1,oxa
FRAG_ae64b6fcfa,JAK2_1646d01925,[8*]/C=C/CN(C[28*])CC(C)C,aza
FRAG_5c326a30dd,JAK2_1646d01925,[8*]/C=C/CN([30*])CC(C)C,aza
FRAG_e2c0901ce9,JAK2_1646d01925,[8*]COc1cccc([17*])c1,oxa
FRAG_8e9d703cf5,JAK2_1646d01925,[9*]C/C=C/CN(C[28*])CC(C)C,aza
FRAG_0f8b53769d,JAK2_1646d01925,[9*]C/C=C/CN([30*])CC(C)C,aza
FRAG_5c56384977,JAK2_1646d01925,[9*]Oc1cccc([17*])c1,oxa
FRAG_d42c37f475,JAK2_1646d01925,[10*]CC/C=C/CN(C[28*])CC(C)C,aza
FRAG_d6c90e90ea,JAK2_1646d01925,[10*]CC/C=C/CN([30*])CC(C)C,aza
FRAG_17bac30aa9,JAK2_1646d01925,[10*]c1cccc([17*])c1,alkyl
FRAG_bfff119663,JAK2_1646d01925,[10*]c1cccc(-c2ccnc([23*])n2)c1,diaza
FRAG_9422d1fe31,JAK2_1646d01925,[11*]OCC/C=C/CN(C[28*])CC(C)C,oxa_aza
FRAG_a57771f878,JAK2_1646d01925,[11*]OCC/C=C/CN([30*])CC(C)C,oxa_aza
FRAG_530572364b,JAK2_1646d01925,[15*]c1ccnc([23*])n1,diaza
FRAG_3b4c590ff8,JAK2_1646d01925,[15*]c1ccnc(N[24*])n1,diaza
FRAG_0a4fcd3ab9,JAK2_1646d01925,[21*]Nc1cccc([30*])c1,aza
FRAG_4dc342f024,JAK2_1646d01925,[4*]Cc1cccc(N[21*])c1,aza
FRAG_5f3d5596b2,JAK2_1646d01925,[23*]c1cccc([30*])c1,alkyl
FRAG_5823c7603a,JAK2_1646d01925,[4*]Cc1cccc([23*])c1,alkyl
FRAG_33846621a2,JAK2_8c4874ec3d,[1*]C/C=C/[5*],alkyl
FRAG_a8fb2a796f,JAK2_8c4874ec3d,[1*]C/C=C/C[6*],alkyl
FRAG_de8fda9774,JAK2_8c4874ec3d,[1*]C/C=C/CC[7*],alkyl
FRAG_e4d1beb438,JAK2_8c4874ec3d,[1*]C/C=C/CCO[8*],oxa
FRAG_640d59ce45,JAK2_8c4874ec3d,[1*]C/C=C/CCOc1cccc([14*])c1,oxa
FRAG_3e717857c8,JAK2_8c4874ec3d,[2*]N(C)Cc1cccc(N[16*])c1,diaza
FRAG_ba1132d37b,JAK2_8c4874ec3d,[2*]N(C)Cc1cccc([23*])c1,aza
FRAG_74c8db4aed,JAK2_8c4874ec3d,[2*]N(C)C[28*],aza
FRAG_b4c411317b,JAK2_8c4874ec3d,[2*]/C=C/C[6*],alkyl
FRAG_45558c35ee,JAK2_8c4874ec3d,[2*]/C=C/CC[7*],alkyl
FRAG_1475315b71,JAK2_8c4874ec3d,[2*]/C=C/CCO[8*],oxa
FRAG_95fd864847,JAK2_8c4874ec3d,[2*]/C=C/CCOc1cccc([14*])c1,oxa
FRAG_fa75ba5889,JAK2_8c4874ec3d,[3*]CN(C)Cc1cccc(N[16*])c1,diaza
FRAG_21fa5e6fe0,JAK2_8c4874ec3d,[3*]CN(C)Cc1cccc([23*])c1,aza
FRAG_a2c86aef03,JAK2_8c4874ec3d,[3*]CN(C)C[28*],aza
FRAG_a520a9dbe6,JAK2_8c4874ec3d,[3*]CN([30*])C,aza
FRAG_a05b6f0392,JAK2_8c4874ec3d,[4*]CCO[8*],oxa
FRAG_b2872ba93d,JAK2_8c4874ec3d,[4*]CCOc1cccc([14*])c1,oxa
FRAG_9d90f06725,JAK2_8c4874ec3d,[5*]/C=C/CN(C)Cc1cccc([23*])c1,aza
FRAG_e1a345cbf6,JAK2_8c4874ec3d,[5*]/C=C/CN(C)C[28*],aza
FRAG_3bb17e0938,JAK2_8c4874ec3d,[5*]/C=C/CN([30*])C,aza
FRAG_9ba9171fd6,JAK2_8c4874ec3d,[5*]COc1cccc([14*])c1,oxa
FRAG_fba57c22d5,JAK2_8c4874ec3d,[6*]C/C=C/CN(C)C[28*],aza
FRAG_043f2413de,JAK2_8c4874ec3d,[6*]C/C=C/CN([30*])C,aza
FRAG_91557d7672,JAK2_8c4874ec3d,[6*]Oc1cccc([14*])c1,oxa
FRAG_38b5db9e11,JAK2_8c4874ec3d,[7*]CC/C=C/CN(C)C[28*],aza
FRAG_d64b7c11c9,JAK2_8c4874ec3d,[7*]CC/C=C/CN([30*])C,aza
FRAG_598589e733,JAK2_8c4874ec3d,[7*]c1cccc([14*])c1,alkyl
FRAG_d740fa176a,JAK2_8c4874ec3d,[8*]OCC/C=C/CN(C)C[28*],oxa_aza
FRAG_b066d1682a,JAK2_8c4874ec3d,[8*]OCC/C=C/CN([30*])C,oxa_aza
FRAG_4b043455b8,JAK2_8c4874ec3d,[12*]c1nc([23*])nc2[nH]cnc12,diaza
FRAG_82bcb69031,JAK2_8c4874ec3d,[12*]c1nc(N[24*])nc2[nH]cnc12,diaza
FRAG_b823bfe4d8,JAK2_8c4874ec3d,[16*]Nc1cccc([30*])c1,aza
FRAG_1764c01c8b,JAK2_8c4874ec3d,[1*]Cc1cccc(N[16*])c1,aza
FRAG_96064802a6,JAK2_8c4874ec3d,[23*]c1cccc([30*])c1,alkyl
FRAG_be1845b2d5,JAK2_8c4874ec3d,[1*]Cc1cccc([23*])c1,alkyl
FRAG_c78e4a5d91,JAK2_77e9cdb162,[13*]CN([17*])C,aza
FRAG_b3858193f4,JAK2_77e9cdb162,[13*]CN(C)C[18*],aza
FRAG_6af5364125,JAK2_77e9cdb162,[13*]CN(C)C/C=C/[20*],aza
FRAG_7de0011875,JAK2_77e9cdb162,[13*]CN(C)C/C=C/C[21*],aza
FRAG_8f2c4b548b,JAK2_77e9cdb162,[13*]CN(C)C/C=C/CC[22*],aza
FRAG_1fd17bb4ff,JAK2_77e9cdb162,[13*]CN(C)C/C=C/CCO[23*],aza_oxa
FRAG_3c1e808896,JAK2_77e9cdb162,[14*]N(C)C[18*],aza
FRAG_b8be332bd7,JAK2_77e9cdb162,[14*]N(C)C/C=C/[20*],aza
FRAG_77c69e354f,JAK2_77e9cdb162,[14*]N(C)C/C=C/C[21*],aza
FRAG_0546cf4ff1,JAK2_77e9cdb162,[14*]N(C)C/C=C/CC[22*],aza
FRAG_f86ab8c45f,JAK2_77e9cdb162,[14*]N(C)C/C=C/CCO[23*],aza_oxa
FRAG_7348d0f99b,JAK2_77e9cdb162,[15*]C/C=C/[20*],alkyl
FRAG_c61a6f46e1,JAK2_77e9cdb162,[15*]C/C=C/C[21*],alkyl
FRAG_e31353e83b,JAK2_77e9cdb162,[15*]C/C=C/CC[22*],alkyl
FRAG_4f21df2b75,JAK2_77e9cdb162,[15*]C/C=C/CCO[23*],oxa
FRAG_abb872e002,JAK2_77e9cdb162,[15*]C/C=C/CCOc1cccc([29*])c1,oxa
FRAG_c90b33dc40,JAK2_77e9cdb162,[17*]/C=C/C[21*],alkyl
FRAG_3ffc77e13e,JAK2_77e9cdb162,[17*]/C=C/CC[22*],alkyl
FRAG_324fcc4070,JAK2_77e9cdb162,[17*]/C=C/CCO[23*],oxa
FRAG_01d4664b76,JAK2_77e9cdb162,[17*]/C=C/CCOc1cccc([29*])c1,oxa
FRAG_72acf980a3,JAK2_77e9cdb162,[19*]CCO[23*],oxa
FRAG_b8cc1c596a,JAK2_77e9cdb162,[19*]CCOc1cccc([29*])c1,oxa
FRAG_59ec45c361,JAK2_77e9cdb162,[20*]COc1cccc([29*])c1,oxa
FRAG_6629f23b9c,JAK2_77e9cdb162,[21*]Oc1cccc([29*])c1,oxa
FRAG_3ab328001e,JAK2_77e9cdb162,[22*]c1cccc([29*])c1,alkyl
FRAG_34b8005ab6,JAK2_77e9cdb162,[22*]c1cccc(-c2ccnc([35*])n2)c1,diaza
FRAG_4eab227f1e,JAK2_77e9cdb162,[27*]c1ccnc([35*])n1,diaza
FRAG_7c7d052c90,JAK2_77e9cdb162,[11*]Nc1nccc([27*])n1,diaza
FRAG_51839ff5b5,JAK2_8693a4181d,[13*]COC[17*],oxa
FRAG_bb483e2379,JAK2_8693a4181d,[13*]COCC=C[19*],oxa
FRAG_18b25d9beb,JAK2_8693a4181d,[13*]COCC=CC[20*],oxa
FRAG_726eab8c99,JAK2_8693a4181d,[13*]COCC=CCO[21*],dioxa
FRAG_6b74b43b5f,JAK2_8693a4181d,[13*]COCC=CCOC[22*],dioxa
FRAG_c529629118,JAK2_8693a4181d,[14*]OCC=C[19*],oxa
FRAG_7a3123c729,JAK2_8693a4181d,[14*]OCC=CC[20*],oxa
FRAG_b1c04ef3cf,JAK2_8693a4181d,[14*]OCC=CCO[21*],dioxa
FRAG_96326364cf,JAK2_8693a4181d,[14*]OCC=CCOC[22*],dioxa
FRAG_55420fa260,JAK2_8693a4181d,[15*]CC=C[19*],alkyl
FRAG_82a93cd94b,JAK2_8693a4181d,[15*]CC=CC[20*],alkyl
FRAG_739fea7753,JAK2_8693a4181d,[15*]CC=CCO[21*],oxa
FRAG_545e6d7f19,JAK2_8693a4181d,[15*]CC=CCOC[22*],oxa
FRAG_31da78b707,JAK2_8693a4181d,[15*]CC=CCOCc1cccc([28*])c1,oxa
FRAG_d8ccaee5af,JAK2_8693a4181d,[16*]C=CC[20*],alkyl
FRAG_da3ff0627e,JAK2_8693a4181d,[16*]C=CCO[21*],oxa
FRAG_3118b76f64,JAK2_8693a4181d,[16*]C=CCOC[22*],oxa
FRAG_a27b186a69,JAK2_8693a4181d,[16*]C=CCOCc1cccc([28*])c1,oxa
FRAG_e79ca10711,JAK2_8693a4181d,[18*]COC[22*],oxa
FRAG_22d9bab5ab,JAK2_8693a4181d,[18*]COCc1cccc([28*])c1,oxa
FRAG_d9116bdca5,JAK2_8693a4181d,[19*]OCc1cccc([28*])c1,oxa
FRAG_1985239584,JAK2_8693a4181d,[20*]Cc1cccc([28*])c1,alkyl
FRAG_5d6726336d,JAK2_8693a4181d,[21*]c1cccc([28*])c1,alkyl
FRAG_bc3aecd1de,JAK2_8693a4181d,[21*]c1cccc(-c2ccnc([34*])n2)c1,diaza
FRAG_2f17eb0b45,JAK2_8693a4181d,[26*]c1ccnc([34*])n1,diaza
FRAG_816cc028e7,JAK2_8693a4181d,[11*]Nc1nccc([26*])n1,diaza
FRAG_97a6df706f,JAK2_0a392ff493,[3*]C/C=C/[7*],alkyl
FRAG_b870508974,JAK2_0a392ff493,[3*]C/C=C/C[8*],alkyl
FRAG_7860de51c9,JAK2_0a392ff493,[3*]C/C=C/CC[9*],alkyl
FRAG_4bceff3e28,JAK2_0a392ff493,[3*]C/C=C/CCO[10*],oxa
FRAG_475c921b93,JAK2_0a392ff493,[3*]C/C=C/CCOc1cccc([16*])c1,oxa
FRAG_f03a894337,JAK2_0a392ff493,[4*]N(CCO)Cc1cccc(N[20*])c1,aza_oxa
FRAG_af90c0ea56,JAK2_0a392ff493,[4*]N(CCO)Cc1cccc([22*])c1,aza_oxa
FRAG_519a802b8e,JAK2_0a392ff493,[4*]N(C[27*])CCO,aza_oxa
FRAG_1f92190a62,JAK2_0a392ff493,[4*]/C=C/C[8*],alkyl
FRAG_058fd3676d,JAK2_0a392ff493,[4*]/C=C/CC[9*],alkyl
FRAG_907f6e630e,JAK2_0a392ff493,[4*]/C=C/CCO[10*],oxa
FRAG_25c161b1f9,JAK2_0a392ff493,[4*]/C=C/CCOc1cccc([16*])c1,oxa
FRAG_2a509285a9,JAK2_0a392ff493,[5*]CN(CCO)Cc1cccc([22*])c1,aza_oxa
FRAG_067cd4e61a,JAK2_0a392ff493,[5*]CN(C[27*])CCO,aza_oxa
FRAG_54af1fffc6,JAK2_0a392ff493,[5*]CN([29*])CCO,aza_oxa
FRAG_7d0f27f844,JAK2_0a392ff493,[6*]CCO[10*],oxa
FRAG_226a2fbfaf,JAK2_0a392ff493,[6*]CCOc1cccc([16*])c1,oxa
FRAG_d52a73ac5d,JAK2_0a392ff493,[7*]/C=C/CN(C[27*])CCO,aza_oxa
FRAG_55f622cb95,JAK2_0a392ff493,[7*]/C=C/CN([29*])CCO,aza_oxa
FRAG_2a8c97d5a1,JAK2_0a392ff493,[7*]COc1cccc([16*])c1,oxa
FRAG_bdc66b3b63,JAK2_0a392ff493,[8*]C/C=C/CN(C[27*])CCO,aza_oxa
FRAG_0eab916dd6,JAK2_0a392ff493,[8*]C/C=C/CN([29*])CCO,aza_oxa
FRAG_c5f4810547,JAK2_0a392ff493,[8*]Oc1cccc([16*])c1,oxa
FRAG_ff8b032bc5,JAK2_0a392ff493,[9*]CC/C=C/CN(C[27*])CCO,aza_oxa
FRAG_aa83cf0525,JAK2_0a392ff493,[9*]CC/C=C/CN([29*])CCO,aza_oxa
FRAG_5e53c82854,JAK2_0a392ff493,[9*]c1cccc([16*])c1,alkyl
FRAG_794bbdf07f,JAK2_0a392ff493,[9*]c1cccc(-c2ccnc([22*])n2)c1,diaza
FRAG_663a94a88c,JAK2_0a392ff493,[10*]OCC/C=C/CN(C[27*])CCO,oxa_aza
FRAG_2678b04428,JAK2_0a392ff493,[10*]OCC/C=C/CN([29*])CCO,oxa_aza
FRAG_2457d89d46,JAK2_0a392ff493,[14*]c1ccnc([22*])n1,diaza
FRAG_a199b5df5f,JAK2_0a392ff493,[14*]c1ccnc(N[23*])n1,diaza
FRAG_1dd6c63bf8,JAK2_0a392ff493,[20*]Nc1cccc([29*])c1,aza
FRAG_10d4dd7c31,JAK2_0a392ff493,[3*]Cc1cccc(N[20*])c1,aza
FRAG_092dfb36c1,JAK2_0a392ff493,[22*]c1cccc([29*])c1,alkyl
FRAG_3035fba8c0,JAK2_0a392ff493,[3*]Cc1cccc([22*])c1,alkyl
FRAG_db3c2cb7db,JAK2_c18ec7771e,[1*]CCO[5*],oxa
FRAG_b1d08b8429,JAK2_c18ec7771e,[1*]CCOc1cccc([11*])c1,oxa
FRAG_9fdc35343e,JAK2_c18ec7771e,[2*]C=CCCOc1cccc(N[15*])c1,oxa_aza
FRAG_233619db14,JAK2_c18ec7771e,[2*]C=CCCOc1cccc([17*])c1,oxa
FRAG_2f7285840f,JAK2_c18ec7771e,[2*]C=CCCO[22*],oxa
FRAG_6552a00719,JAK2_c18ec7771e,[2*]C=CCC[24*],alkyl
FRAG_6d331c2935,JAK2_c18ec7771e,[2*]C=CC[25*],alkyl
FRAG_1743c68d56,JAK2_c18ec7771e,[2*]COc1cccc([11*])c1,oxa
FRAG_59592d95de,JAK2_c18ec7771e,[3*]CC=CCCOc1cccc([17*])c1,oxa
FRAG_81e58b6894,JAK2_c18ec7771e,[3*]CC=CCCO[22*],oxa
FRAG_5bd209f6b1,JAK2_c18ec7771e,[3*]CC=CCC[24*],alkyl
FRAG_0a62b069cf,JAK2_c18ec7771e,[3*]CC=CC[25*],alkyl
FRAG_ed32690080,JAK2_c18ec7771e,[3*]CC=C[26*],alkyl
FRAG_451fa9924e,JAK2_c18ec7771e,[3*]Oc1cccc([11*])c1,oxa
FRAG_bb88a52806,JAK2_c18ec7771e,[4*]CCC=CCCO[22*],oxa
FRAG_0131569a84,JAK2_c18ec7771e,[4*]CCC=CCC[24*],alkyl
FRAG_9adb0497d3,JAK2_c18ec7771e,[4*]CCC=CC[25*],alkyl
FRAG_5d78180594,JAK2_c18ec7771e,[4*]CCC=C[26*],alkyl
FRAG_7781ebe540,JAK2_c18ec7771e,[4*]c1cccc([11*])c1,alkyl
FRAG_4abc93e920,JAK2_c18ec7771e,[4*]c1cccc(-c2ccnc([17*])n2)c1,diaza
FRAG_675d0e74ab,JAK2_c18ec7771e,[5*]OCCC=CCCO[22*],dioxa
FRAG_17729b6123,JAK2_c18ec7771e,[5*]OCCC=CCC[24*],oxa
FRAG_52c8abcd35,JAK2_c18ec7771e,[5*]OCCC=CC[25*],oxa
FRAG_dac627cc04,JAK2_c18ec7771e,[5*]OCCC=C[26*],oxa
FRAG_f0b5d2e0f7,JAK2_c18ec7771e,[9*]c1ccnc([17*])n1,diaza
FRAG_7decca8492,JAK2_c18ec7771e,[9*]c1ccnc(N[18*])n1,diaza
FRAG_a5a2c7bf16,JAK2_c18ec7771e,[11*]c1cccc(OCCC=CC[25*])c1,oxa
FRAG_9b28e14f68,JAK2_c18ec7771e,[11*]c1cccc(OCCC=C[26*])c1,oxa
FRAG_3c617ecc9f,JAK2_c18ec7771e,[15*]Nc1cccc([24*])c1,aza
FRAG_bdd0d2d3bd,JAK2_c18ec7771e,[15*]Nc1cccc(O[25*])c1,aza_oxa
FRAG_2984ae2029,JAK2_c18ec7771e,[15*]Nc1cccc(OC[26*])c1,aza_oxa
FRAG_94598e43d5,JAK2_c18ec7771e,*CCOc1cccc(N[15*])c1,oxa_aza
FRAG_e61c5c8381,JAK2_c18ec7771e,[17*]c1cccc([24*])c1,alkyl
FRAG_59f0fd03b6,JAK2_c18ec7771e,[17*]c1cccc(O[25*])c1,oxa
FRAG_f3d4d667a6,JAK2_c18ec7771e,[17*]c1cccc(OC[26*])c1,oxa
FRAG_8fb89f6fdd,JAK2_c18ec7771e,*CCOc1cccc([17*])c1,oxa
FRAG_0ea3cce8a8,JAK2_c18ec7771e,*CCO[22*],oxa
FRAG_7eab71636a,JAK2_e8596d56e7,[1*]C/C=C/[5*],alkyl
FRAG_023a0b50cc,JAK2_e8596d56e7,[1*]C/C=C/C[6*],alkyl
FRAG_4ed13f68a7,JAK2_e8596d56e7,[1*]C/C=C/CC[7*],alkyl
FRAG_005b39b762,JAK2_e8596d56e7,[2*]N(C)Cc1cccc(N[20*])c1,diaza
FRAG_ad7471fffd,JAK2_e8596d56e7,[2*]N(C)Cc1cccc([22*])c1,aza
FRAG_63308460dd,JAK2_e8596d56e7,[2*]N(C)C[27*],aza
FRAG_d434408433,JAK2_e8596d56e7,[2*]/C=C/C[6*],alkyl
FRAG_b7c15962fa,JAK2_e8596d56e7,[2*]/C=C/CC[7*],alkyl
FRAG_a5007746d6,JAK2_e8596d56e7,[3*]CN(C)Cc1cccc(N[20*])c1,diaza
FRAG_546b8147fe,JAK2_e8596d56e7,[3*]CN(C)Cc1cccc([22*])c1,aza
FRAG_5c1e806124,JAK2_e8596d56e7,[3*]CN(C)C[27*],aza
FRAG_4684b5553b,JAK2_e8596d56e7,[3*]CN([29*])C,aza
FRAG_50b7d06ffe,JAK2_e8596d56e7,[4*]CCn1ccc2ccc([16*])cc21,aza
FRAG_7a0c9ca598,JAK2_e8596d56e7,[5*]/C=C/CN(C)Cc1cccc([22*])c1,aza
FRAG_d316946f03,JAK2_e8596d56e7,[5*]/C=C/CN(C)C[27*],aza
FRAG_20f591a77a,JAK2_e8596d56e7,[5*]/C=C/CN([29*])C,aza
FRAG_8663c8d696,JAK2_e8596d56e7,[5*]Cn1ccc2ccc([16*])cc21,aza
FRAG_18025b2f80,JAK2_e8596d56e7,[6*]C/C=C/CN(C)C[27*],aza
FRAG_256f101b94,JAK2_e8596d56e7,[6*]C/C=C/CN([29*])C,aza
FRAG_1ed829e745,JAK2_e8596d56e7,[6*]n1ccc2ccc([16*])cc21,aza
FRAG_3feb445700,JAK2_e8596d56e7,[7*]CC/C=C/CN(C)C[27*],aza
FRAG_7bf257e5b2,JAK2_e8596d56e7,[7*]CC/C=C/CN([29*])C,aza
FRAG_f46bb8a77a,JAK2_e8596d56e7,[13*]c1ccnc([22*])n1,diaza
FRAG_3c8b9d77d6,JAK2_e8596d56e7,[13*]c1ccnc(N[23*])n1,diaza
FRAG_7e9ab25773,JAK2_e8596d56e7,[20*]Nc1cccc([29*])c1,aza
FRAG_dcff251bce,JAK2_e8596d56e7,[1*]Cc1cccc(N[20*])c1,aza
FRAG_2b8afc49f9,JAK2_e8596d56e7,[22*]c1cccc([29*])c1,alkyl
FRAG_eb82a158b5,JAK2_e8596d56e7,[1*]Cc1cccc([22*])c1,alkyl
FRAG_2b69759e99,JAK2_dd65fc4349,[1*]COC[5*],oxa
FRAG_2cda823e9a,JAK2_dd65fc4349,[2*]/C=C/CCOc1cc([24*])ccn1,aza_oxa
FRAG_6be0d9d7b4,JAK2_dd65fc4349,[2*]/C=C/CCO[30*],oxa
FRAG_c86454fc79,JAK2_dd65fc4349,[2*]/C=C/CC[32*],alkyl
FRAG_038431e42f,JAK2_dd65fc4349,[2*]/C=C/C[33*],alkyl
FRAG_297abdf92f,JAK2_dd65fc4349,[3*]C/C=C/CCOc1cc([24*])ccn1,aza_oxa
FRAG_dd0dcb9e7e,JAK2_dd65fc4349,[3*]C/C=C/CCO[30*],oxa
FRAG_12e5f03c93,JAK2_dd65fc4349,[3*]C/C=C/CC[32*],alkyl
FRAG_5ceb0404ae,JAK2_dd65fc4349,[3*]C/C=C/C[33*],alkyl
FRAG_4136e0dc9a,JAK2_dd65fc4349,[3*]C/C=C/[34*],alkyl
FRAG_0f46dd6c02,JAK2_dd65fc4349,[4*]OC/C=C/CCO[30*],dioxa
FRAG_2298fd3b40,JAK2_dd65fc4349,[4*]OC/C=C/CC[32*],oxa
FRAG_0a3229c79f,JAK2_dd65fc4349,[4*]OC/C=C/C[33*],oxa
FRAG_c6e0ad1854,JAK2_dd65fc4349,[4*]OC/C=C/[34*],oxa
FRAG_74a4f6c4e7,JAK2_dd65fc4349,[5*]COC/C=C/CCO[30*],dioxa
FRAG_901b4648ad,JAK2_dd65fc4349,[5*]COC/C=C/CC[32*],oxa
FRAG_8d89b80b5b,JAK2_dd65fc4349,[5*]COC/C=C/C[33*],oxa
FRAG_51750f23f5,JAK2_dd65fc4349,[5*]COC/C=C/[34*],oxa
FRAG_1781043e3e,JAK2_dd65fc4349,[7*]Nc1nccc([26*])n1,diaza
FRAG_2d6e685a1c,JAK2_dd65fc4349,[19*]c1nccc([26*])n1,diaza
FRAG_1b2e99a0b4,JAK2_dd65fc4349,[19*]c1nccc(-c2ccnc([32*])c2)n1,diaza
FRAG_bf06c9dfdb,JAK2_dd65fc4349,[24*]c1ccnc([32*])c1,aza
FRAG_a9c3a6a685,JAK2_dd65fc4349,[24*]c1ccnc(O[33*])c1,aza_oxa
FRAG_f3818eef29,JAK2_dd65fc4349,[24*]c1ccnc(OC[34*])c1,aza_oxa
FRAG_e6f6186a31,JAK2_dd65fc4349,*CCOc1cc([24*])ccn1,aza_oxa
FRAG_5c9c4f5625,JAK2_dd65fc4349,*CCO[30*],oxa
FRAG_252abfc7af,JAK2_42eda36dd1,[7*]CCC[12*],alkyl
FRAG_c58140037a,JAK2_42eda36dd1,[7*]CCC[C@@H]([14*])O,oxa
FRAG_7528ef3ca1,JAK2_42eda36dd1,[7*]CCC[C@H](O)[C@@H]([16*])O,dioxa
FRAG_224eeb2e9c,JAK2_42eda36dd1,[7*]CCC[C@H](O)[C@H](O)C([18*])=O,dioxa
FRAG_52802271b5,JAK2_42eda36dd1,[7*]CCC[C@H](O)[C@H](O)C(=O)/C=C\[20*],dioxa
FRAG_03f87142c3,JAK2_42eda36dd1,[7*]CCC[C@H](O)[C@H](O)C(=O)/C=C\C[21*],dioxa
FRAG_96d7ce1b5d,JAK2_42eda36dd1,[9*]c1cc(OC)cc(O)c1C(=O)O[21*],dioxa
FRAG_ffbf71e2e8,JAK2_42eda36dd1,[9*]c1cc(OC)cc(O)c1C([23*])=O,dioxa
FRAG_baf2192bf7,JAK2_42eda36dd1,[9*]c1cc(OC)cc(O)c1[24*],dioxa
FRAG_a4c26e8285,JAK2_42eda36dd1,[9*]CC[C@@H]([14*])O,oxa
FRAG_353fdbe5b6,JAK2_42eda36dd1,[9*]CC[C@H](O)[C@@H]([16*])O,dioxa
FRAG_eb55a0c3c6,JAK2_42eda36dd1,[9*]CC[C@H](O)[C@H](O)C([18*])=O,dioxa
FRAG_1a3b3e5f16,JAK2_42eda36dd1,[9*]CC[C@H](O)[C@H](O)C(=O)/C=C\[20*],dioxa
FRAG_4991e2bc37,JAK2_42eda36dd1,[9*]CC[C@H](O)[C@H](O)C(=O)/C=C\C[21*],dioxa
FRAG_10512f8561,JAK2_42eda36dd1,[10*]Cc1cc(OC)cc(O)c1C([23*])=O,dioxa
FRAG_6f93f90f3c,JAK2_42eda36dd1,[10*]Cc1cc(OC)cc(O)c1[24*],dioxa
FRAG_bc79ea7468,JAK2_42eda36dd1,[10*]C[C@@H]([14*])O,oxa
FRAG_bf7dd540d0,JAK2_42eda36dd1,[10*]C[C@H](O)[C@@H]([16*])O,dioxa
FRAG_12f37425b4,JAK2_42eda36dd1,[10*]C[C@H](O)[C@H](O)C([18*])=O,dioxa
FRAG_0dfe50ac66,JAK2_42eda36dd1,[10*]C[C@H](O)[C@H](O)C(=O)/C=C\[20*],dioxa
FRAG_94de737adc,JAK2_42eda36dd1,[10*]C[C@H](O)[C@H](O)C(=O)/C=C\C[21*],dioxa
FRAG_aa4074679b,JAK2_42eda36dd1,[10*]C[C@H](O)[C@H](O)C(=O)/C=C\C[C@@H]([23*])C,dioxa
FRAG_1b77edca41,JAK2_42eda36dd1,[11*]CCc1cc(OC)cc(O)c1[24*],dioxa
FRAG_d9b4036014,JAK2_42eda36dd1,[11*][C@H](O)[C@@H]([16*])O,dioxa
FRAG_abb5eae51b,JAK2_42eda36dd1,[11*][C@H](O)[C@H](O)C([18*])=O,dioxa
FRAG_4b20ed3948,JAK2_42eda36dd1,[11*][C@H](O)[C@H](O)C(=O)/C=C\[20*],dioxa
FRAG_6d86ed287b,JAK2_42eda36dd1,[11*][C@H](O)[C@H](O)C(=O)/C=C\C[21*],dioxa
FRAG_3f90a77f48,JAK2_42eda36dd1,[11*][C@H](O)[C@H](O)C(=O)/C=C\C[C@@H]([23*])C,dioxa
FRAG_930ea9e610,JAK2_42eda36dd1,[11*][C@H](O)[C@H](O)C(=O)/C=C\C[C@H](C)O[24*],dioxa
FRAG_000d02dc34,JAK2_42eda36dd1,[12*]CCCc1cc(OC)cc(O)c1[24*],dioxa
FRAG_a320f695a9,JAK2_42eda36dd1,[12*][C@H](O)C([18*])=O,dioxa
FRAG_484bf5f63a,JAK2_42eda36dd1,[12*][C@H](O)C(=O)/C=C\[20*],dioxa
FRAG_b93ef0329c,JAK2_42eda36dd1,[12*][C@H](O)C(=O)/C=C\C[21*],dioxa
FRAG_c79c8c139f,JAK2_42eda36dd1,[12*][C@H](O)C(=O)/C=C\C[C@@H]([23*])C,dioxa
FRAG_56a0b2f213,JAK2_42eda36dd1,[12*][C@H](O)C(=O)/C=C\C[C@H](C)O[24*],dioxa
FRAG_3744625cf8,JAK2_42eda36dd1,[6*]C(=O)O[C@@H](C)C/C=C\C(=O)[C@H]([12*])O,dioxa
FRAG_f1d3c91072,JAK2_42eda36dd1,[14*]C(=O)/C=C\[20*],oxa
FRAG_d77985ac3a,JAK2_42eda36dd1,[14*]C(=O)/C=C\C[21*],oxa
FRAG_244837094d,JAK2_42eda36dd1,[14*]C(=O)/C=C\C[C@@H]([23*])C,oxa
FRAG_0cef7abd8b,JAK2_42eda36dd1,[14*]C(=O)/C=C\C[C@H](C)O[24*],dioxa
FRAG_a1092cd661,JAK2_5820b88f74,[1*]C/C=C/[5*],alkyl
FRAG_85a422c779,JAK2_5820b88f74,[1*]C/C=C/C[6*],alkyl
FRAG_cee6326acf,JAK2_5820b88f74,[1*]C/C=C/CC[7*],alkyl
FRAG_2a2722e74a,JAK2_5820b88f74,[1*]C/C=C/CCO[8*],oxa
FRAG_14f453bc13,JAK2_5820b88f74,[1*]C/C=C/CCOc1cccc([14*])c1,oxa
FRAG_cdaf0ce864,JAK2_5820b88f74,[2*]N(C)Cc1cc(N)cc(N[18*])c1,diaza
FRAG_677666e3d4,JAK2_5820b88f74,[2*]N(C)Cc1cc([20*])cc(N)c1,diaza
FRAG_64f7d6cef3,JAK2_5820b88f74,[2*]N(C)C[26*],aza
FRAG_d652bfa988,JAK2_5820b88f74,[2*]/C=C/C[6*],alkyl
FRAG_fbf277d86f,JAK2_5820b88f74,[2*]/C=C/CC[7*],alkyl
FRAG_e66c30ffe4,JAK2_5820b88f74,[2*]/C=C/CCO[8*],oxa
FRAG_df4ba9f26e,JAK2_5820b88f74,[2*]/C=C/CCOc1cccc([14*])c1,oxa
FRAG_fbce1725c6,JAK2_5820b88f74,[3*]CN(C)Cc1cc(N)cc(N[18*])c1,diaza
FRAG_db816377ca,JAK2_5820b88f74,[3*]CN(C)Cc1cc([20*])cc(N)c1,diaza
FRAG_3e95ddbd0a,JAK2_5820b88f74,[3*]CN(C)C[26*],aza
FRAG_9d9ece0ae1,JAK2_5820b88f74,[3*]CN([28*])C,aza
FRAG_45ba47a8b9,JAK2_5820b88f74,[4*]CCO[8*],oxa
FRAG_9c2d79b580,JAK2_5820b88f74,[4*]CCOc1cccc([14*])c1,oxa
FRAG_7465a370e0,JAK2_5820b88f74,[5*]/C=C/CN(C)C[26*],aza
FRAG_9162912a3b,JAK2_5820b88f74,[5*]/C=C/CN([28*])C,aza
FRAG_23682ae722,JAK2_5820b88f74,[5*]COc1cccc([14*])c1,oxa
FRAG_7fa27a5c53,JAK2_5820b88f74,[6*]C/C=C/CN(C)C[26*],aza
FRAG_3641a9c55a,JAK2_5820b88f74,[6*]C/C=C/CN([28*])C,aza
FRAG_f1de805ecc,JAK2_5820b88f74,[6*]Oc1cccc([14*])c1,oxa
FRAG_4f647494e6,JAK2_5820b88f74,[7*]CC/C=C/CN(C)C[26*],aza
FRAG_2dd919cd7c,JAK2_5820b88f74,[7*]CC/C=C/CN([28*])C,aza
FRAG_32177ee440,JAK2_5820b88f74,[7*]c1cccc([14*])c1,alkyl
FRAG_8993fa032b,JAK2_5820b88f74,[7*]c1cccc(-c2ccnc([20*])n2)c1,diaza
FRAG_72a36012ad,JAK2_5820b88f74,[8*]OCC/C=C/CN(C)C[26*],oxa_aza
FRAG_b7fb65762a,JAK2_5820b88f74,[8*]OCC/C=C/CN([28*])C,oxa_aza
FRAG_77840807fd,JAK2_5820b88f74,[12*]c1ccnc([20*])n1,diaza
FRAG_ac865dcdf3,JAK2_5820b88f74,[12*]c1ccnc(N[21*])n1,diaza
FRAG_e373894c08,JAK2_5820b88f74,[18*]Nc1cc([28*])cc(N)c1,diaza
FRAG_3a2edd4467,JAK2_5820b88f74,[1*]Cc1cc(N)cc(N[18*])c1,diaza
FRAG_4cc5573774,JAK2_5820b88f74,[20*]c1cc([28*])cc(N)c1,aza
FRAG_dbf7168a90,JAK2_5820b88f74,[1*]Cc1cc([20*])cc(N)c1,aza
FRAG_2441b57f9b,JAK2_efbd18d7a2,[7*]COC[11*],oxa
FRAG_56c52f6374,JAK2_efbd18d7a2,[7*]COCC=C[13*],oxa
FRAG_3b54d380df,JAK2_efbd18d7a2,[7*]COCC=CC[14*],oxa
FRAG_314a4dc8b9,JAK2_efbd18d7a2,[7*]COCC=CCO[15*],dioxa
FRAG_1de05c3f59,JAK2_efbd18d7a2,[8*]c1cc(N[25*])ccc1OC,aza_oxa
FRAG_a086004629,JAK2_efbd18d7a2,[8*]c1cc([27*])ccc1OC,oxa
FRAG_fd5d05832b,JAK2_efbd18d7a2,[8*]OCC=C[13*],oxa
FRAG_6caa393104,JAK2_efbd18d7a2,[8*]OCC=CC[14*],oxa
FRAG_00a87ec77e,JAK2_efbd18d7a2,[8*]OCC=CCO[15*],dioxa
FRAG_3230d38471,JAK2_efbd18d7a2,[8*]OCC=CCOc1cccc([21*])c1,dioxa
FRAG_36599db2a9,JAK2_efbd18d7a2,[9*]Cc1cc(N[25*])ccc1OC,aza_oxa
FRAG_33f5f43466,JAK2_efbd18d7a2,[9*]Cc1cc([27*])ccc1OC,oxa
FRAG_6ab4f349c9,JAK2_efbd18d7a2,[9*]CC=C[13*],alkyl
FRAG_f95d19dba0,JAK2_efbd18d7a2,[9*]CC=CC[14*],alkyl
FRAG_085636dde1,JAK2_efbd18d7a2,[9*]CC=CCO[15*],oxa
FRAG_7d8befce61,JAK2_efbd18d7a2,[9*]CC=CCOc1cccc([21*])c1,oxa
FRAG_6db7241926,JAK2_efbd18d7a2,[10*]OCc1cc(N[25*])ccc1OC,oxa_aza
FRAG_1ed154afab,JAK2_efbd18d7a2,[10*]OCc1cc([27*])ccc1OC,dioxa
FRAG_163506a74d,JAK2_efbd18d7a2,[10*]C=CC[14*],alkyl
FRAG_6da3d815fc,JAK2_efbd18d7a2,[10*]C=CCO[15*],oxa
FRAG_ea0dc7777d,JAK2_efbd18d7a2,[10*]C=CCOc1cccc([21*])c1,oxa
FRAG_0de94b43ea,JAK2_efbd18d7a2,[11*]COCc1cc(N[25*])ccc1OC,oxa_aza
FRAG_d0dd50f651,JAK2_efbd18d7a2,[11*]COCc1cc([27*])ccc1OC,dioxa
FRAG_c89c78c4bf,JAK2_efbd18d7a2,[12*]COc1cccc([21*])c1,oxa
FRAG_51438d5c11,JAK2_efbd18d7a2,[13*]Oc1cccc([21*])c1,oxa
FRAG_f95d4622a5,JAK2_efbd18d7a2,[14*]c1cccc([21*])c1,alkyl
FRAG_7d5c1d6aca,JAK2_efbd18d7a2,[14*]c1cccc(-c2ccnc([27*])n2)c1,diaza
FRAG_9d96b00b8b,JAK2_efbd18d7a2,[19*]c1ccnc([27*])n1,diaza
FRAG_ca2be42385,JAK2_efbd18d7a2,[5*]Nc1nccc([19*])n1,diaza
FRAG_f33866b6aa,JAK2_11f8c9d4db,[12*]COC[16*],oxa
FRAG_a7748b0dd5,JAK2_11f8c9d4db,[12*]COCC=C[18*],oxa
FRAG_f325f7f511,JAK2_11f8c9d4db,[12*]COCC=CC[19*],oxa
FRAG_288adcd2a9,JAK2_11f8c9d4db,[12*]COCC=CCO[20*],dioxa
FRAG_dd48ae2a07,JAK2_11f8c9d4db,[12*]COCC=CCOC[21*],dioxa
FRAG_fee87ecde5,JAK2_11f8c9d4db,[13*]OCC=C[18*],oxa
FRAG_1ee213dab3,JAK2_11f8c9d4db,[13*]OCC=CC[19*],oxa
FRAG_f05e16b519,JAK2_11f8c9d4db,[13*]OCC=CCO[20*],dioxa
FRAG_d5e5b1876f,JAK2_11f8c9d4db,[13*]OCC=CCOC[21*],dioxa
FRAG_f2d3c846a6,JAK2_11f8c9d4db,[14*]CC=C[18*],alkyl
FRAG_87e15676fa,JAK2_11f8c9d4db,[14*]CC=CC[19*],alkyl
FRAG_6892df8f90,JAK2_11f8c9d4db,[14*]CC=CCO[20*],oxa
FRAG_1e251dfeb2,JAK2_11f8c9d4db,[14*]CC=CCOC[21*],oxa
FRAG_48d2949af1,JAK2_11f8c9d4db,[14*]CC=CCOCc1cccc([27*])c1,oxa
FRAG_9ba2339438,JAK2_11f8c9d4db,[15*]C=CC[19*],alkyl
FRAG_54d05b3030,JAK2_11f8c9d4db,[15*]C=CCO[20*],oxa
FRAG_da69b23417,JAK2_11f8c9d4db,[15*]C=CCOC[21*],oxa
FRAG_4d9ba1d85d,JAK2_11f8c9d4db,[15*]C=CCOCc1cccc([27*])c1,oxa
FRAG_0cdc742f6b,JAK2_11f8c9d4db,[17*]COC[21*],oxa
FRAG_e83e2ffd2c,JAK2_11f8c9d4db,[17*]COCc1cccc([27*])c1,oxa
FRAG_482681251a,JAK2_11f8c9d4db,[18*]OCc1cccc([27*])c1,oxa
FRAG_461f2f7ace,JAK2_11f8c9d4db,[19*]Cc1cccc([27*])c1,alkyl
FRAG_a11f7fab9a,JAK2_11f8c9d4db,[20*]c1cccc([27*])c1,alkyl
FRAG_df4e8c0867,JAK2_11f8c9d4db,[20*]c1cccc(-c2ccnc([33*])n2)c1,diaza
FRAG_b848be6828,JAK2_11f8c9d4db,[25*]c1ccnc([33*])n1,diaza
FRAG_fadcf28ff0,JAK2_11f8c9d4db,[10*]Nc1nccc([25*])n1,diaza
FRAG_49f46f10a8,JAK2_522c241c10,[1*]COC[5*],oxa
FRAG_0784619d38,JAK2_522c241c10,[2*]/C=C/COCc1ccc([24*])s1,oxa_thio
FRAG_1e1bd43944,JAK2_522c241c10,[2*]/C=C/COC[29*],oxa
FRAG_80394350a2,JAK2_522c241c10,[2*]/C=C/CO[31*],oxa
FRAG_194126fb5e,JAK2_522c241c10,[2*]/C=C/C[32*],alkyl
FRAG_ee23e1207e,JAK2_522c241c10,[3*]C/C=C/COCc1ccc([24*])s1,oxa_thio
FRAG_bb3669d424,JAK2_522c241c10,[3*]C/C=C/COC[29*],oxa
FRAG_827f00fd09,JAK2_522c241c10,[3*]C/C=C/CO[31*],oxa
FRAG_37f73d1eee,JAK2_522c241c10,[3*]C/C=C/C[32*],alkyl
FRAG_b56433459c,JAK2_522c241c10,[3*]C/C=C/[33*],alkyl
FRAG_97b17cffc0,JAK2_522c241c10,[4*]OC/C=C/COCc1ccc([24*])s1,oxa_thio
FRAG_7cd15afe0e,JAK2_522c241c10,[4*]OC/C=C/COC[29*],dioxa
FRAG_005a5a3cd8,JAK2_522c241c10,[4*]OC/C=C/CO[31*],dioxa
FRAG_bc2ba6bd64,JAK2_522c241c10,[4*]OC/C=C/C[32*],oxa
FRAG_73a9c1af62,JAK2_522c241c10,[4*]OC/C=C/[33*],oxa
FRAG_44c8433dde,JAK2_522c241c10,[5*]COC/C=C/COC[29*],dioxa
FRAG_3e6685c66a,JAK2_522c241c10,[5*]COC/C=C/CO[31*],dioxa
FRAG_9586ca5ba2,JAK2_522c241c10,[5*]COC/C=C/C[32*],oxa
FRAG_4b8631fbd9,JAK2_522c241c10,[5*]COC/C=C/[33*],oxa
FRAG_9e07e04b48,JAK2_522c241c10,[7*]Nc1nccc([26*])n1,diaza
FRAG_6c3105d5e5,JAK2_522c241c10,[7*]Nc1nccc(-c2ccc([31*])s2)n1,aza_thio
FRAG_0ac5ce0103,JAK2_522c241c10,[19*]c1nccc([26*])n1,diaza
FRAG_648738a605,JAK2_522c241c10,[19*]c1nccc(-c2ccc([31*])s2)n1,aza_thio
FRAG_45ca731f50,JAK2_522c241c10,[19*]c1nccc(-c2ccc(C[32*])s2)n1,aza_thio
FRAG_bc762b38d3,JAK2_522c241c10,[24*]c1ccc([31*])s1,thioether
FRAG_3f4d2a2543,JAK2_522c241c10,[24*]c1ccc(C[32*])s1,thioether
FRAG_4b75561ebe,JAK2_522c241c10,[24*]c1ccc(CO[33*])s1,oxa_thio
FRAG_62eb27d741,JAK2_522c241c10,*COCc1ccc([24*])s1,oxa_thio
FRAG_a6de0d1ed8,JAK2_522c241c10,*COC[29*],oxa
FRAG_7dc62726a6,JAK2_c778160c54,[5*]C/C=C/[9*],alkyl
FRAG_14e1abcce7,JAK2_c778160c54,[5*]C/C=C/C[10*],alkyl
FRAG_fa27b29084,JAK2_c778160c54,[5*]C/C=C/CC[11*],alkyl
FRAG_0485757e01,JAK2_c778160c54,[5*]C/C=C/CCO[12*],oxa
FRAG_1871beef06,JAK2_c778160c54,[5*]C/C=C/CCOc1cccc([18*])c1,oxa
FRAG_a3f133ac83,JAK2_c778160c54,[6*]N(C[29*])CC(C)(C)C,aza
FRAG_bf04bc8180,JAK2_c778160c54,[6*]/C=C/C[10*],alkyl
FRAG_c56ddf563b,JAK2_c778160c54,[6*]/C=C/CC[11*],alkyl
FRAG_6184850cc9,JAK2_c778160c54,[6*]/C=C/CCO[12*],oxa
FRAG_33f97e5fe2,JAK2_c778160c54,[6*]/C=C/CCOc1cccc([18*])c1,oxa
FRAG_25f3bae6d0,JAK2_c778160c54,[7*]CN(C[29*])CC(C)(C)C,aza
FRAG_0194e35f28,JAK2_c778160c54,[7*]CN([31*])CC(C)(C)C,aza
FRAG_8566d1c9a2,JAK2_c778160c54,[8*]CCO[12*],oxa
FRAG_f41ae35922,JAK2_c778160c54,[8*]CCOc1cccc([18*])c1,oxa
FRAG_02d5822267,JAK2_c778160c54,[9*]/C=C/CN(C[29*])CC(C)(C)C,aza
FRAG_54e554c083,JAK2_c778160c54,[9*]/C=C/CN([31*])CC(C)(C)C,aza
FRAG_cfea490598,JAK2_c778160c54,[9*]COc1cccc([18*])c1,oxa
FRAG_404205be3d,JAK2_c778160c54,[10*]C/C=C/CN(C[29*])CC(C)(C)C,aza
FRAG_657d2a0edf,JAK2_c778160c54,[10*]C/C=C/CN([31*])CC(C)(C)C,aza
FRAG_1294ec85bd,JAK2_c778160c54,[10*]Oc1cccc([18*])c1,oxa
FRAG_42660aa13d,JAK2_c778160c54,[11*]CC/C=C/CN(C[29*])CC(C)(C)C,aza
FRAG_28914570a1,JAK2_c778160c54,[11*]CC/C=C/CN([31*])CC(C)(C)C,aza
FRAG_5ae2e3044b,JAK2_c778160c54,[11*]c1cccc([18*])c1,alkyl
FRAG_06098a85d3,JAK2_c778160c54,[11*]c1cccc(-c2ccnc([24*])n2)c1,diaza
FRAG_6f1ad35bff,JAK2_c778160c54,[12*]OCC/C=C/CN([31*])CC(C)(C)C,oxa_aza
FRAG_3a84d3df0a,JAK2_c778160c54,[16*]c1ccnc([24*])n1,diaza
FRAG_19e81215df,JAK2_c778160c54,[16*]c1ccnc(N[25*])n1,diaza
FRAG_624e94bd44,JAK2_c778160c54,[22*]Nc1cccc([31*])c1,aza
FRAG_256221ae59,JAK2_c778160c54,[5*]Cc1cccc(N[22*])c1,aza
FRAG_92fa43c333,JAK2_c778160c54,[24*]c1cccc([31*])c1,alkyl
FRAG_ab2e09163e,JAK2_c778160c54,[5*]Cc1cccc([24*])c1,alkyl
FRAG_fff1ca4bac,JAK2_1a54d57745,[1*]C/C=C/[5*],alkyl
FRAG_19088bf0d0,JAK2_1a54d57745,[1*]C/C=C/C[6*],alkyl
FRAG_1f98154e2d,JAK2_1a54d57745,[1*]C/C=C/CC[7*],alkyl
FRAG_7f59611606,JAK2_1a54d57745,[1*]C/C=C/CCO[8*],oxa
FRAG_06545310f3,JAK2_1a54d57745,[1*]C/C=C/CCOc1cccc([14*])c1,oxa
FRAG_86da0066c2,JAK2_1a54d57745,[2*]N(C)C[23*],aza
FRAG_793ce72a69,JAK2_1a54d57745,[2*]/C=C/C[6*],alkyl
FRAG_a8518aea4f,JAK2_1a54d57745,[2*]/C=C/CC[7*],alkyl
FRAG_3669900063,JAK2_1a54d57745,[2*]/C=C/CCO[8*],oxa
FRAG_6a4121c84a,JAK2_1a54d57745,[2*]/C=C/CCOc1cccc([14*])c1,oxa
FRAG_bc68ab7464,JAK2_1a54d57745,[3*]CN(C)C[23*],aza
FRAG_4adc9b0e90,JAK2_1a54d57745,[3*]CN([36*])C,aza
FRAG_d092230d12,JAK2_1a54d57745,[4*]CCO[8*],oxa
FRAG_d5c25c5497,JAK2_1a54d57745,[4*]CCOc1cccc([14*])c1,oxa
FRAG_0dcb33e0d3,JAK2_1a54d57745,[5*]/C=C/CN(C)C[23*],aza
FRAG_f1546b6fe6,JAK2_1a54d57745,[5*]/C=C/CN([36*])C,aza
FRAG_3e78bd7acc,JAK2_1a54d57745,[5*]COc1cccc([14*])c1,oxa
FRAG_6cbbe926cc,JAK2_1a54d57745,[6*]C/C=C/CN(C)C[23*],aza
FRAG_4f66dbfd97,JAK2_1a54d57745,[6*]C/C=C/CN([36*])C,aza
FRAG_5ef15d119b,JAK2_1a54d57745,[6*]Oc1cccc([14*])c1,oxa
FRAG_4bd575f23d,JAK2_1a54d57745,[7*]CC/C=C/CN(C)C[23*],aza
FRAG_5d08164f23,JAK2_1a54d57745,[7*]CC/C=C/CN([36*])C,aza
FRAG_fe50d53f5e,JAK2_1a54d57745,[7*]c1cccc([14*])c1,alkyl
FRAG_d52118250d,JAK2_1a54d57745,[7*]c1cccc(-c2ccnc([20*])n2)c1,diaza
FRAG_3f8cca0f00,JAK2_1a54d57745,[8*]OCC/C=C/CN(C)C[23*],oxa_aza
FRAG_63f1ab928b,JAK2_1a54d57745,[8*]OCC/C=C/CN([36*])C,oxa_aza
FRAG_7a8a5523b0,JAK2_1a54d57745,[12*]c1ccnc([20*])n1,diaza
FRAG_826d4c04e6,JAK2_1a54d57745,[12*]c1ccnc(N[21*])n1,diaza
FRAG_f3e5507856,JAK2_52a796004f,[13*]COC[17*],oxa
FRAG_1094754362,JAK2_52a796004f,[13*]COCC=C[19*],oxa
FRAG_f0e5c68474,JAK2_52a796004f,[13*]COCC=CC[20*],oxa
FRAG_7c6ba1e02b,JAK2_52a796004f,[13*]COCC=CCO[21*],dioxa
FRAG_1df7357a3b,JAK2_52a796004f,[13*]COCC=CCOC[22*],dioxa
FRAG_46a713a164,JAK2_52a796004f,[14*]OCC=C[19*],oxa
FRAG_f28924cd90,JAK2_52a796004f,[14*]OCC=CC[20*],oxa
FRAG_0821797cef,JAK2_52a796004f,[14*]OCC=CCO[21*],dioxa
FRAG_21844f11c9,JAK2_52a796004f,[14*]OCC=CCOC[22*],dioxa
FRAG_8c710943fa,JAK2_52a796004f,[15*]CC=C[19*],alkyl
FRAG_6c025bfaec,JAK2_52a796004f,[15*]CC=CC[20*],alkyl
FRAG_854eb0790a,JAK2_52a796004f,[15*]CC=CCO[21*],oxa
FRAG_603b49fd03,JAK2_52a796004f,[15*]CC=CCOC[22*],oxa
FRAG_caa3f906ff,JAK2_52a796004f,[15*]CC=CCOCc1cccc([28*])c1,oxa
FRAG_60e7426ce4,JAK2_52a796004f,[16*]C=CC[20*],alkyl
FRAG_a1ed92cc1a,JAK2_52a796004f,[16*]C=CCO[21*],oxa
FRAG_091fa08b18,JAK2_52a796004f,[16*]C=CCOC[22*],oxa
FRAG_5df1d313a3,JAK2_52a796004f,[16*]C=CCOCc1cccc([28*])c1,oxa
FRAG_145998d3b3,JAK2_52a796004f,[18*]COC[22*],oxa
FRAG_886f774d1b,JAK2_52a796004f,[18*]COCc1cccc([28*])c1,oxa
FRAG_01bb82ca0a,JAK2_52a796004f,[19*]OCc1cccc([28*])c1,oxa
FRAG_b2dcb49663,JAK2_52a796004f,[20*]Cc1cccc([28*])c1,alkyl
FRAG_e58695ef8c,JAK2_52a796004f,[21*]c1cccc([28*])c1,alkyl
FRAG_e78537ee76,JAK2_52a796004f,[21*]c1cccc(-c2ccnc([34*])n2)c1,diaza
FRAG_7c2746e4cd,JAK2_52a796004f,[26*]c1ccnc([34*])n1,diaza
FRAG_f5e405c001,JAK2_52a796004f,[11*]Nc1nccc([26*])n1,diaza
FRAG_4795338835,JAK2_84511f374e,[10*]CN([14*])C,aza
FRAG_3107805659,JAK2_84511f374e,[10*]CN(C)C[15*],aza
FRAG_40e0a7d96d,JAK2_84511f374e,[10*]CN(C)C/C=C/[17*],aza
FRAG_8ab65d3e3c,JAK2_84511f374e,[10*]CN(C)C/C=C/C[18*],aza
FRAG_c65c8dd8f1,JAK2_84511f374e,[10*]CN(C)C/C=C/CO[19*],aza_oxa
FRAG_f72a447a02,JAK2_84511f374e,[10*]CN(C)C/C=C/COC[20*],aza_oxa
FRAG_a222eab655,JAK2_84511f374e,[11*]c1cc(N[29*])ccc1OCCOC,aza_oxa
FRAG_2ad38a7ee2,JAK2_84511f374e,[11*]c1cc([31*])ccc1OCCOC,dioxa
FRAG_7afa51dac2,JAK2_84511f374e,[11*]N(C)C[15*],aza
FRAG_224d9d696d,JAK2_84511f374e,[11*]N(C)C/C=C/[17*],aza
FRAG_4d74a91bd0,JAK2_84511f374e,[11*]N(C)C/C=C/C[18*],aza
FRAG_20eec2e3a2,JAK2_84511f374e,[11*]N(C)C/C=C/CO[19*],aza_oxa
FRAG_993f4d4b14,JAK2_84511f374e,[11*]N(C)C/C=C/COC[20*],aza_oxa
FRAG_4433832244,JAK2_84511f374e,[12*]Cc1cc([31*])ccc1OCCOC,dioxa
FRAG_cc5b8cfae3,JAK2_84511f374e,[12*]C/C=C/[17*],alkyl
FRAG_5bbf336756,JAK2_84511f374e,[12*]C/C=C/C[18*],alkyl
FRAG_eedb1efe3c,JAK2_84511f374e,[12*]C/C=C/CO[19*],oxa
FRAG_4541bf32a8,JAK2_84511f374e,[12*]C/C=C/COC[20*],oxa
FRAG_db626b12d5,JAK2_84511f374e,[12*]C/C=C/COCc1ccc([25*])o1,dioxa
FRAG_5cb11b1161,JAK2_84511f374e,[14*]/C=C/C[18*],alkyl
FRAG_784bcf5201,JAK2_84511f374e,[14*]/C=C/CO[19*],oxa
FRAG_f1f1698e11,JAK2_84511f374e,[14*]/C=C/COC[20*],oxa
FRAG_f508b000a3,JAK2_84511f374e,[14*]/C=C/COCc1ccc([25*])o1,dioxa
FRAG_be4f82e928,JAK2_84511f374e,[16*]COC[20*],oxa
FRAG_8d8ca6e959,JAK2_84511f374e,[16*]COCc1ccc([25*])o1,dioxa
FRAG_ee760a04be,JAK2_84511f374e,[17*]OCc1ccc([25*])o1,dioxa
FRAG_d186ba8430,JAK2_84511f374e,[18*]Cc1ccc([25*])o1,oxa
FRAG_6c6085df9c,JAK2_84511f374e,[18*]Cc1ccc(-c2ccnc([31*])n2)o1,aza_oxa
FRAG_aadf5b54d2,JAK2_84511f374e,[19*]c1ccc([25*])o1,oxa
FRAG_9413e719cc,JAK2_84511f374e,[19*]c1ccc(-c2ccnc([31*])n2)o1,aza_oxa
FRAG_851947ea0e,JAK2_84511f374e,[8*]Nc1nccc(-c2ccc([19*])o2)n1,aza_oxa
FRAG_5e3632d00b,JAK2_84511f374e,[23*]c1ccnc([31*])n1,diaza
FRAG_37d70aeeba,JAK2_84511f374e,[8*]Nc1nccc([23*])n1,diaza
FRAG_9355ae6fc9,JAK2_ef845a765a,[1*]C/C=C/[5*],alkyl
FRAG_2239fbd2f3,JAK2_ef845a765a,[1*]C/C=C/C[6*],alkyl
FRAG_cd02f44155,JAK2_ef845a765a,[1*]C/C=C/CC[7*],alkyl
FRAG_7e59b0f7d0,JAK2_ef845a765a,[1*]C/C=C/CCO[8*],oxa
FRAG_a8fa9fb4bc,JAK2_ef845a765a,[1*]C/C=C/CCOc1cccc([14*])c1,oxa
FRAG_8e2df9650b,JAK2_ef845a765a,[2*]N(C)C[30*],aza
FRAG_ec6122c8ca,JAK2_ef845a765a,[2*]/C=C/C[6*],alkyl
FRAG_1d63005947,JAK2_ef845a765a,[2*]/C=C/CC[7*],alkyl
FRAG_965665b891,JAK2_ef845a765a,[2*]/C=C/CCO[8*],oxa
FRAG_0b89a7c9f9,JAK2_ef845a765a,[2*]/C=C/CCOc1cccc([14*])c1,oxa
FRAG_8c0b3c1c89,JAK2_ef845a765a,[3*]CN(C)C[30*],aza
FRAG_0ecffaa95f,JAK2_ef845a765a,[3*]CN([32*])C,aza
FRAG_5ed7bb62ab,JAK2_ef845a765a,[4*]CCO[8*],oxa
FRAG_9bdb3a2678,JAK2_ef845a765a,[4*]CCOc1cccc([14*])c1,oxa
FRAG_72b32a2a78,JAK2_ef845a765a,[5*]/C=C/CN(C)C[30*],aza
FRAG_6edb848d58,JAK2_ef845a765a,[5*]/C=C/CN([32*])C,aza
FRAG_8f8c2d1a35,JAK2_ef845a765a,[5*]COc1cccc([14*])c1,oxa
FRAG_bb4dd38998,JAK2_ef845a765a,[6*]C/C=C/CN(C)C[30*],aza
FRAG_26fd1dfa8f,JAK2_ef845a765a,[6*]C/C=C/CN([32*])C,aza
FRAG_651e610272,JAK2_ef845a765a,[6*]Oc1cccc([14*])c1,oxa
FRAG_78dec705ab,JAK2_ef845a765a,[7*]CC/C=C/CN(C)C[30*],aza
FRAG_ea4659c2a2,JAK2_ef845a765a,[7*]CC/C=C/CN([32*])C,aza
FRAG_7f35a0889c,JAK2_ef845a765a,[7*]c1cccc([14*])c1,alkyl
FRAG_e6b46a3a70,JAK2_ef845a765a,[7*]c1cccc(-c2ccnc([20*])n2)c1,diaza
FRAG_cb3b68c480,JAK2_ef845a765a,[8*]OCC/C=C/CN(C)C[30*],oxa_aza
FRAG_2a15d786fc,JAK2_ef845a765a,[8*]OCC/C=C/CN([32*])C,oxa_aza
FRAG_9cec5826e1,JAK2_ef845a765a,[12*]c1ccnc([20*])n1,diaza
FRAG_8daa264fa5,JAK2_ef845a765a,[12*]c1ccnc(N[21*])n1,diaza
FRAG_a3c7931c8b,JAK2_ef845a765a,[18*]Nc1ccc(OC(F)(F)F)c([32*])c1,aza_oxa
FRAG_c2ca990d10,JAK2_ef845a765a,[20*]c1ccc(OC(F)(F)F)c([32*])c1,oxa
FRAG_70c723b4dd,JAK2_ef845a765a,[1*]Cc1cc([20*])ccc1OC(F)(F)F,oxa
FRAG_39b54197df,JAK2_efe4ea3ad3,[1*]C/C=C/[5*],alkyl
FRAG_f03526f1d7,JAK2_efe4ea3ad3,[1*]C/C=C/C[6*],alkyl
FRAG_32a3fc4d75,JAK2_efe4ea3ad3,[1*]C/C=C/CC[7*],alkyl
FRAG_367eeb79c5,JAK2_efe4ea3ad3,[1*]C/C=C/CCO[8*],oxa
FRAG_291f5ecd73,JAK2_efe4ea3ad3,[1*]C/C=C/CCOc1cccc([14*])c1,oxa
FRAG_887f5daf11,JAK2_efe4ea3ad3,[2*]N(C)C[34*],aza
FRAG_811af2f758,JAK2_efe4ea3ad3,[2*]/C=C/C[6*],alkyl
FRAG_50e83c3625,JAK2_efe4ea3ad3,[2*]/C=C/CC[7*],alkyl
FRAG_d63d7cbd76,JAK2_efe4ea3ad3,[2*]/C=C/CCO[8*],oxa
FRAG_8ea566e921,JAK2_efe4ea3ad3,[2*]/C=C/CCOc1cccc([14*])c1,oxa
FRAG_ec02da763d,JAK2_efe4ea3ad3,[3*]CN(C)C[34*],aza
FRAG_1c39fdfabe,JAK2_efe4ea3ad3,[3*]CN([36*])C,aza
FRAG_e16e3027cc,JAK2_efe4ea3ad3,[4*]CCO[8*],oxa
FRAG_63c8ea20ff,JAK2_efe4ea3ad3,[4*]CCOc1cccc([14*])c1,oxa
FRAG_b72a440574,JAK2_efe4ea3ad3,[5*]/C=C/CN(C)C[34*],aza
FRAG_a8bfd8fd97,JAK2_efe4ea3ad3,[5*]/C=C/CN([36*])C,aza
FRAG_537b4a2ce2,JAK2_efe4ea3ad3,[5*]COc1cccc([14*])c1,oxa
FRAG_5b142c66cb,JAK2_efe4ea3ad3,[6*]C/C=C/CN(C)C[34*],aza
FRAG_228f17c516,JAK2_efe4ea3ad3,[6*]C/C=C/CN([36*])C,aza
FRAG_b9ce2842df,JAK2_efe4ea3ad3,[6*]Oc1cccc([14*])c1,oxa
FRAG_8550de42a3,JAK2_efe4ea3ad3,[7*]CC/C=C/CN(C)C[34*],aza
FRAG_cd647c624a,JAK2_efe4ea3ad3,[7*]CC/C=C/CN([36*])C,aza
FRAG_57c1949686,JAK2_efe4ea3ad3,[7*]c1cccc([14*])c1,alkyl
FRAG_355e56e704,JAK2_efe4ea3ad3,[7*]c1cccc(-c2ccnc([20*])n2)c1,diaza
FRAG_f3c9b5c3f4,JAK2_efe4ea3ad3,[8*]OCC/C=C/CN(C)C[34*],oxa_aza
FRAG_6e8c6b57c1,JAK2_efe4ea3ad3,[8*]OCC/C=C/CN([36*])C,oxa_aza
FRAG_9c09865ba6,JAK2_efe4ea3ad3,[12*]c1ccnc([20*])n1,diaza
FRAG_3132a51528,JAK2_efe4ea3ad3,[12*]c1ccnc(N[21*])n1,diaza
FRAG_7d5b1d62ca,JAK2_b881dd1b25,[1*]C/C=C/[5*],alkyl
FRAG_e98a0516b8,JAK2_b881dd1b25,[1*]C/C=C/C[6*],alkyl
FRAG_82accfdf77,JAK2_b881dd1b25,[1*]C/C=C/CO[7*],oxa
FRAG_25e794a2a3,JAK2_b881dd1b25,[1*]C/C=C/COC[8*],oxa
FRAG_21772b6f51,JAK2_b881dd1b25,[1*]C/C=C/COCc1ccc([13*])o1,dioxa
FRAG_4b564e045a,JAK2_b881dd1b25,[2*]N(C)C[32*],aza
FRAG_aa0038e13c,JAK2_b881dd1b25,[2*]/C=C/C[6*],alkyl
FRAG_762972cc15,JAK2_b881dd1b25,[2*]/C=C/CO[7*],oxa
FRAG_1b048e9b97,JAK2_b881dd1b25,[2*]/C=C/COC[8*],oxa
FRAG_729ed75a9f,JAK2_b881dd1b25,[2*]/C=C/COCc1ccc([13*])o1,dioxa
FRAG_dd0a1a14fe,JAK2_b881dd1b25,[3*]CN(C)C[32*],aza
FRAG_0be8b8b4ac,JAK2_b881dd1b25,[3*]CN([34*])C,aza
FRAG_0368eb5e27,JAK2_b881dd1b25,[4*]COC[8*],oxa
FRAG_d7a0f57cfe,JAK2_b881dd1b25,[4*]COCc1ccc([13*])o1,dioxa
FRAG_ec30a4d1fa,JAK2_b881dd1b25,[5*]/C=C/CN(C)C[32*],aza
FRAG_460bf86f2c,JAK2_b881dd1b25,[5*]/C=C/CN([34*])C,aza
FRAG_400379e1ce,JAK2_b881dd1b25,[5*]OCc1ccc([13*])o1,dioxa
FRAG_e3d50d6ddf,JAK2_b881dd1b25,[6*]C/C=C/CN(C)C[32*],aza
FRAG_1a44e2ff37,JAK2_b881dd1b25,[6*]C/C=C/CN([34*])C,aza
FRAG_078bd9055d,JAK2_b881dd1b25,[6*]Cc1ccc([13*])o1,oxa
FRAG_448b52c6ab,JAK2_b881dd1b25,[6*]Cc1ccc(-c2ccnc([19*])n2)o1,aza_oxa
FRAG_d515eb9952,JAK2_b881dd1b25,[7*]OC/C=C/CN(C)C[32*],oxa_aza
FRAG_e6990a6a59,JAK2_b881dd1b25,[7*]OC/C=C/CN([34*])C,oxa_aza
FRAG_1420f6f2a6,JAK2_b881dd1b25,[7*]c1ccc([13*])o1,oxa
FRAG_80c4c71639,JAK2_b881dd1b25,[7*]c1ccc(-c2ccnc([19*])n2)o1,aza_oxa
FRAG_a48f14e53b,JAK2_b881dd1b25,[7*]c1ccc(-c2ccnc(N[20*])n2)o1,aza_oxa
FRAG_3af4fb66be,JAK2_b881dd1b25,[8*]COC/C=C/CN(C)C[32*],oxa_aza
FRAG_fe7eaec008,JAK2_b881dd1b25,[8*]COC/C=C/CN([34*])C,oxa_aza
FRAG_c356667198,JAK2_b881dd1b25,[11*]c1ccnc([19*])n1,diaza
FRAG_c7124588ac,JAK2_b881dd1b25,[11*]c1ccnc(N[20*])n1,diaza
FRAG_0672feb850,JAK2_11c5ca5dd8,[1*]C/C=C/[5*],alkyl
FRAG_2cb3926ac1,JAK2_11c5ca5dd8,[1*]C/C=C/C[6*],alkyl
FRAG_c43627ca24,JAK2_11c5ca5dd8,[1*]C/C=C/CC[7*],alkyl
FRAG_6744c02c9c,JAK2_11c5ca5dd8,[1*]C/C=C/CCO[8*],oxa
FRAG_e9495ffd91,JAK2_11c5ca5dd8,[1*]C/C=C/CCOc1cccc([14*])c1,oxa
FRAG_c0f9745d29,JAK2_11c5ca5dd8,[2*]N(C)Cc1cccc(N[18*])c1,diaza
FRAG_f279d33a23,JAK2_11c5ca5dd8,[2*]N(C)Cc1cccc([20*])c1,aza
FRAG_6feaf43a30,JAK2_11c5ca5dd8,[2*]N(C)C[25*],aza
FRAG_851cb5ba4e,JAK2_11c5ca5dd8,[2*]/C=C/C[6*],alkyl
FRAG_7733d8f4ca,JAK2_11c5ca5dd8,[2*]/C=C/CC[7*],alkyl
FRAG_654f9aa3f6,JAK2_11c5ca5dd8,[2*]/C=C/CCO[8*],oxa
FRAG_f1504278f2,JAK2_11c5ca5dd8,[2*]/C=C/CCOc1cccc([14*])c1,oxa
FRAG_0580e06e48,JAK2_11c5ca5dd8,[3*]CN(C)Cc1cccc(N[18*])c1,diaza
FRAG_6d92a304dd,JAK2_11c5ca5dd8,[3*]CN(C)Cc1cccc([20*])c1,aza
FRAG_5e25ab0808,JAK2_11c5ca5dd8,[3*]CN(C)C[25*],aza
FRAG_8526fe832e,JAK2_11c5ca5dd8,[3*]CN([27*])C,aza
FRAG_fe6980bdff,JAK2_11c5ca5dd8,[4*]CCO[8*],oxa
FRAG_15b6ea702e,JAK2_11c5ca5dd8,[4*]CCOc1cccc([14*])c1,oxa
FRAG_9ed0d2d601,JAK2_11c5ca5dd8,[5*]/C=C/CN(C)Cc1cccc([20*])c1,aza
FRAG_50ec61eb77,JAK2_11c5ca5dd8,[5*]/C=C/CN(C)C[25*],aza
FRAG_cbca9ef223,JAK2_11c5ca5dd8,[5*]/C=C/CN([27*])C,aza
FRAG_4f4a9aed34,JAK2_11c5ca5dd8,[5*]COc1cccc([14*])c1,oxa
FRAG_dc7c30b483,JAK2_11c5ca5dd8,[6*]C/C=C/CN(C)C[25*],aza
FRAG_3b1db8c742,JAK2_11c5ca5dd8,[6*]C/C=C/CN([27*])C,aza
FRAG_403cc19ee1,JAK2_11c5ca5dd8,[6*]Oc1cccc([14*])c1,oxa
FRAG_1d0ff4965e,JAK2_11c5ca5dd8,[7*]CC/C=C/CN(C)C[25*],aza
FRAG_03d7490dc9,JAK2_11c5ca5dd8,[7*]CC/C=C/CN([27*])C,aza
FRAG_dc21867cbc,JAK2_11c5ca5dd8,[7*]c1cccc([14*])c1,alkyl
FRAG_d82b1608b6,JAK2_11c5ca5dd8,[7*]c1cccc(-c2ccnc([20*])n2)c1,diaza
FRAG_f7feaecb3f,JAK2_11c5ca5dd8,[8*]OCC/C=C/CN(C)C[25*],oxa_aza
FRAG_e1556965d5,JAK2_11c5ca5dd8,[8*]OCC/C=C/CN([27*])C,oxa_aza
FRAG_af10fcb224,JAK2_11c5ca5dd8,[12*]c1ccnc([20*])n1,diaza
FRAG_a85e513b0c,JAK2_11c5ca5dd8,[12*]c1ccnc(N[21*])n1,diaza
FRAG_ab6cd81a8d,JAK2_11c5ca5dd8,[18*]Nc1cccc([27*])c1,aza
FRAG_187fd2ac7e,JAK2_11c5ca5dd8,[1*]Cc1cccc(N[18*])c1,aza
FRAG_eaefec4d9c,JAK2_11c5ca5dd8,[20*]c1cccc([27*])c1,alkyl
FRAG_52c9420536,JAK2_11c5ca5dd8,[1*]Cc1cccc([20*])c1,alkyl
FRAG_1dc4ed2a32,JAK2_f140dc790a,[13*]CN([17*])C,aza
FRAG_0d923ae04f,JAK2_f140dc790a,[13*]CN(C)C[18*],aza
FRAG_43d76e3c2c,JAK2_f140dc790a,[13*]CN(C)C/C=C/[20*],aza
FRAG_7d4b7133a3,JAK2_f140dc790a,[13*]CN(C)C/C=C/C[21*],aza
FRAG_feb8636ece,JAK2_f140dc790a,[13*]CN(C)C/C=C/CC[22*],aza
FRAG_360d3fd534,JAK2_f140dc790a,[13*]CN(C)C/C=C/CCO[23*],aza_oxa
FRAG_17fb784fb0,JAK2_f140dc790a,[14*]N(C)C[18*],aza
FRAG_63b3a5b5f4,JAK2_f140dc790a,[14*]N(C)C/C=C/[20*],aza
FRAG_b5f6db9f49,JAK2_f140dc790a,[14*]N(C)C/C=C/C[21*],aza
FRAG_1934230057,JAK2_f140dc790a,[14*]N(C)C/C=C/CC[22*],aza
FRAG_50c43938d6,JAK2_f140dc790a,[14*]N(C)C/C=C/CCO[23*],aza_oxa
FRAG_c4dfa3d99b,JAK2_f140dc790a,[15*]C/C=C/[20*],alkyl
FRAG_a920583251,JAK2_f140dc790a,[15*]C/C=C/C[21*],alkyl
FRAG_d2dc3aba25,JAK2_f140dc790a,[15*]C/C=C/CC[22*],alkyl
FRAG_73650d084f,JAK2_f140dc790a,[15*]C/C=C/CCO[23*],oxa
FRAG_ed7b185527,JAK2_f140dc790a,[15*]C/C=C/CCOc1cccc([29*])c1,oxa
FRAG_ff09eca375,JAK2_f140dc790a,[17*]/C=C/C[21*],alkyl
FRAG_fc4975cf21,JAK2_f140dc790a,[17*]/C=C/CC[22*],alkyl
FRAG_865f0c94ae,JAK2_f140dc790a,[17*]/C=C/CCO[23*],oxa
FRAG_2842f5d91c,JAK2_f140dc790a,[17*]/C=C/CCOc1cccc([29*])c1,oxa
FRAG_dd26bc87ac,JAK2_f140dc790a,[19*]CCO[23*],oxa
FRAG_33fcf62db5,JAK2_f140dc790a,[19*]CCOc1cccc([29*])c1,oxa
FRAG_0ca376eb72,JAK2_f140dc790a,[20*]COc1cccc([29*])c1,oxa
FRAG_5a1cef2cb2,JAK2_f140dc790a,[21*]Oc1cccc([29*])c1,oxa
FRAG_6c7b1783c0,JAK2_f140dc790a,[22*]c1cccc([29*])c1,alkyl
FRAG_891a0438bb,JAK2_f140dc790a,[22*]c1cccc(-c2ccnc([35*])n2)c1,diaza
FRAG_8849c9b40a,JAK2_f140dc790a,[27*]c1ccnc([35*])n1,diaza
FRAG_b8f324fad7,JAK2_f140dc790a,[11*]Nc1nccc([27*])n1,diaza
FRAG_0ad5b17c7a,JAK2_be75e8f15e,[1*]C/C=C/[5*],alkyl
FRAG_9965dc6706,JAK2_be75e8f15e,[1*]C/C=C/C[6*],alkyl
FRAG_cdbb19969c,JAK2_be75e8f15e,[1*]C/C=C/CO[7*],oxa
FRAG_9dc19efd91,JAK2_be75e8f15e,[1*]C/C=C/COC[8*],oxa
FRAG_de852bbb16,JAK2_be75e8f15e,[1*]C/C=C/COCC1CCCN([14*])C1,oxa_aza
FRAG_a204a3dbe2,JAK2_be75e8f15e,[2*]N(C)Cc1cccc(N[18*])c1,diaza
FRAG_2772f101a4,JAK2_be75e8f15e,[2*]N(C)Cc1cccc([20*])c1,aza
FRAG_a9122ca98e,JAK2_be75e8f15e,[2*]N(C)C[25*],aza
FRAG_0ff0b1eb94,JAK2_be75e8f15e,[2*]/C=C/C[6*],alkyl
FRAG_dadf0bdbcb,JAK2_be75e8f15e,[2*]/C=C/CO[7*],oxa
FRAG_491218e3a3,JAK2_be75e8f15e,[2*]/C=C/COC[8*],oxa
FRAG_3ff418080d,JAK2_be75e8f15e,[2*]/C=C/COCC1CCCN([14*])C1,oxa_aza
FRAG_14e9412eed,JAK2_be75e8f15e,[3*]CN(C)Cc1cccc(N[18*])c1,diaza
FRAG_98e8142b9b,JAK2_be75e8f15e,[3*]CN(C)Cc1cccc([20*])c1,aza
FRAG_aa63004626,JAK2_be75e8f15e,[3*]CN(C)C[25*],aza
FRAG_98fe57b2ce,JAK2_be75e8f15e,[3*]CN([27*])C,aza
FRAG_e6e4d1b1b4,JAK2_be75e8f15e,[4*]COC[8*],oxa
FRAG_f0cad24b8a,JAK2_be75e8f15e,[4*]COCC1CCCN([14*])C1,oxa_aza
FRAG_0f1c30782f,JAK2_be75e8f15e,[5*]/C=C/CN(C)Cc1cccc([20*])c1,aza
FRAG_809f3c73e1,JAK2_be75e8f15e,[5*]/C=C/CN(C)C[25*],aza
FRAG_e7792cfebb,JAK2_be75e8f15e,[5*]/C=C/CN([27*])C,aza
FRAG_c823b96542,JAK2_be75e8f15e,[5*]OCC1CCCN([14*])C1,oxa_aza
FRAG_a5dde3ddcb,JAK2_be75e8f15e,[6*]C/C=C/CN(C)C[25*],aza
FRAG_7a638155a2,JAK2_be75e8f15e,[6*]C/C=C/CN([27*])C,aza
FRAG_f917f27bfa,JAK2_be75e8f15e,[6*]CC1CCCN([14*])C1,aza
FRAG_3ae84c6fdd,JAK2_be75e8f15e,[7*]OC/C=C/CN(C)C[25*],oxa_aza
FRAG_513cc25afe,JAK2_be75e8f15e,[7*]OC/C=C/CN([27*])C,oxa_aza
FRAG_1a0f98112a,JAK2_be75e8f15e,[7*]C1CCCN([14*])C1,aza
FRAG_3476323c95,JAK2_be75e8f15e,[7*]C1CCCN(c2ccnc([20*])n2)C1,diaza
FRAG_8b90b9f207,JAK2_be75e8f15e,[8*]COC/C=C/CN(C)C[25*],oxa_aza
FRAG_1e349dbada,JAK2_be75e8f15e,[8*]COC/C=C/CN([27*])C,oxa_aza
FRAG_02b406fd9d,JAK2_be75e8f15e,[12*]c1ccnc([20*])n1,diaza
FRAG_624c1ff338,JAK2_be75e8f15e,[12*]c1ccnc(N[21*])n1,diaza
FRAG_c6b3717cc8,JAK2_be75e8f15e,[18*]Nc1cccc([27*])c1,aza
FRAG_b4c78ade08,JAK2_be75e8f15e,[1*]Cc1cccc(N[18*])c1,aza
FRAG_c8b2da7ac5,JAK2_be75e8f15e,[20*]c1cccc([27*])c1,alkyl
FRAG_640fcb278e,JAK2_be75e8f15e,[1*]Cc1cccc([20*])c1,alkyl
FRAG_77dfc3377f,JAK2_bdbc5fb8c3,[1*]C/C=C/[5*],alkyl
FRAG_678dbe5516,JAK2_bdbc5fb8c3,[1*]C/C=C/C[6*],alkyl
FRAG_912eea5983,JAK2_bdbc5fb8c3,[1*]C/C=C/CO[7*],oxa
FRAG_e2bd54a298,JAK2_bdbc5fb8c3,[1*]C/C=C/COC[8*],oxa
FRAG_bcdbae8faa,JAK2_bdbc5fb8c3,[1*]C/C=C/COCc1cncc([14*])c1,aza_oxa
FRAG_7879ff181e,JAK2_bdbc5fb8c3,[2*]N(C)Cc1cccc(N[18*])c1,diaza
FRAG_35f1a3626a,JAK2_bdbc5fb8c3,[2*]N(C)Cc1cccc([20*])c1,aza
FRAG_67a26587ad,JAK2_bdbc5fb8c3,[2*]N(C)C[25*],aza
FRAG_d3214b2f70,JAK2_bdbc5fb8c3,[2*]/C=C/C[6*],alkyl
FRAG_31adb9f8cf,JAK2_bdbc5fb8c3,[2*]/C=C/CO[7*],oxa
FRAG_146297d3f7,JAK2_bdbc5fb8c3,[2*]/C=C/COC[8*],oxa
FRAG_50f9c7185f,JAK2_bdbc5fb8c3,[2*]/C=C/COCc1cncc([14*])c1,aza_oxa
FRAG_703040998a,JAK2_bdbc5fb8c3,[3*]CN(C)Cc1cccc(N[18*])c1,diaza
FRAG_bfcdaf95a1,JAK2_bdbc5fb8c3,[3*]CN(C)Cc1cccc([20*])c1,aza
FRAG_9b4c9667a4,JAK2_bdbc5fb8c3,[3*]CN(C)C[25*],aza
FRAG_15a061859e,JAK2_bdbc5fb8c3,[3*]CN([27*])C,aza
FRAG_cee1d186fd,JAK2_bdbc5fb8c3,[4*]COC[8*],oxa
FRAG_115a5aa152,JAK2_bdbc5fb8c3,[4*]COCc1cncc([14*])c1,aza_oxa
FRAG_a3c031e83b,JAK2_bdbc5fb8c3,[5*]/C=C/CN(C)Cc1cccc([20*])c1,aza
FRAG_28c72ccd49,JAK2_bdbc5fb8c3,[5*]/C=C/CN(C)C[25*],aza
FRAG_fa34c30c80,JAK2_bdbc5fb8c3,[5*]/C=C/CN([27*])C,aza
FRAG_1c52171297,JAK2_bdbc5fb8c3,[5*]OCc1cncc([14*])c1,aza_oxa
FRAG_a1e5478012,JAK2_bdbc5fb8c3,[6*]C/C=C/CN(C)C[25*],aza
FRAG_cd21fd349a,JAK2_bdbc5fb8c3,[6*]C/C=C/CN([27*])C,aza
FRAG_7e6c0989e1,JAK2_bdbc5fb8c3,[6*]Cc1cncc([14*])c1,aza
FRAG_b309117ebb,JAK2_bdbc5fb8c3,[7*]OC/C=C/CN(C)C[25*],oxa_aza
FRAG_21d53b88f2,JAK2_bdbc5fb8c3,[7*]OC/C=C/CN([27*])C,oxa_aza
FRAG_401508cb51,JAK2_bdbc5fb8c3,[7*]c1cncc([14*])c1,aza
FRAG_a10c62aca0,JAK2_bdbc5fb8c3,[7*]c1cncc(-c2ccnc([20*])n2)c1,diaza
FRAG_3f7e9612ab,JAK2_bdbc5fb8c3,[8*]COC/C=C/CN(C)C[25*],oxa_aza
FRAG_db8a0d68c6,JAK2_bdbc5fb8c3,[8*]COC/C=C/CN([27*])C,oxa_aza
FRAG_208ce0bf6f,JAK2_bdbc5fb8c3,[12*]c1ccnc([20*])n1,diaza
FRAG_89234b5bef,JAK2_bdbc5fb8c3,[12*]c1ccnc(N[21*])n1,diaza
FRAG_87f014b306,JAK2_bdbc5fb8c3,[18*]Nc1cccc([27*])c1,aza
FRAG_893dda0412,JAK2_bdbc5fb8c3,[1*]Cc1cccc(N[18*])c1,aza
FRAG_a249e16c54,JAK2_bdbc5fb8c3,[20*]c1cccc([27*])c1,alkyl
FRAG_f10763f8f6,JAK2_bdbc5fb8c3,[1*]Cc1cccc([20*])c1,alkyl
FRAG_ba655d4345,JAK2_8c7a3c32e1,[1*]COC[5*],oxa
FRAG_1726a0566c,JAK2_8c7a3c32e1,[2*]C=CCOCc1cccc([25*])c1,oxa
FRAG_a8b3a44652,JAK2_8c7a3c32e1,[2*]C=CCOC[31*],oxa
FRAG_2c6ed26b8b,JAK2_8c7a3c32e1,[2*]C=CCO[33*],oxa
FRAG_cb9939b245,JAK2_8c7a3c32e1,[2*]C=CC[34*],alkyl
FRAG_e370c57531,JAK2_8c7a3c32e1,[3*]CC=CCOCc1cccc([25*])c1,oxa
FRAG_7071538f42,JAK2_8c7a3c32e1,[3*]CC=CCOC[31*],oxa
FRAG_059c4922f0,JAK2_8c7a3c32e1,[3*]CC=CCO[33*],oxa
FRAG_e44d70bc62,JAK2_8c7a3c32e1,[3*]CC=CC[34*],alkyl
FRAG_8536d313d0,JAK2_8c7a3c32e1,[3*]CC=C[35*],alkyl
FRAG_e8bbaf5f8d,JAK2_8c7a3c32e1,[4*]OCC=CCOC[31*],dioxa
FRAG_4f04fa52fd,JAK2_8c7a3c32e1,[4*]OCC=CCO[33*],dioxa
FRAG_e54ed56774,JAK2_8c7a3c32e1,[4*]OCC=CC[34*],oxa
FRAG_27e70303ae,JAK2_8c7a3c32e1,[4*]OCC=C[35*],oxa
FRAG_405d755a52,JAK2_8c7a3c32e1,[5*]COCC=CCOC[31*],dioxa
FRAG_827ed1a526,JAK2_8c7a3c32e1,[5*]COCC=CCO[33*],dioxa
FRAG_9552d07660,JAK2_8c7a3c32e1,[5*]COCC=CC[34*],oxa
FRAG_a1fcee9184,JAK2_8c7a3c32e1,[5*]COCC=C[35*],oxa
FRAG_3eaea11147,JAK2_8c7a3c32e1,[7*]Nc1nccc([27*])n1,diaza
FRAG_e5617a28a6,JAK2_8c7a3c32e1,[20*]c1nccc([27*])n1,diaza
FRAG_24727f481b,JAK2_8c7a3c32e1,[20*]c1nccc(-c2cccc([33*])c2)n1,diaza
FRAG_d2457a2999,JAK2_8c7a3c32e1,[25*]c1cccc([33*])c1,alkyl
FRAG_1d6dd384fc,JAK2_8c7a3c32e1,[25*]c1cccc(C[34*])c1,alkyl
FRAG_299fe5a1d2,JAK2_8c7a3c32e1,[25*]c1cccc(CO[35*])c1,oxa
FRAG_fb06876aa9,JAK2_8c7a3c32e1,*COCc1cccc([25*])c1,oxa
FRAG_e2ff82b3b8,JAK2_8c7a3c32e1,*COC[31*],oxa
FRAG_c24cfb8f2d,JAK2_14bf65c909,[7*]C/C=C/[11*],alkyl
FRAG_025d61d1af,JAK2_14bf65c909,[7*]C/C=C/C[12*],alkyl
FRAG_1d699209ea,JAK2_14bf65c909,[7*]C/C=C/CC[13*],alkyl
FRAG_7d65473105,JAK2_14bf65c909,[7*]C/C=C/CCO[14*],oxa
FRAG_c47995675b,JAK2_14bf65c909,[7*]C/C=C/CCOc1cccc([20*])c1,oxa
FRAG_67908f0733,JAK2_14bf65c909,[8*]N(C[31*])C(=O)CNC(C)C,aza_oxa
FRAG_b336f3f78d,JAK2_14bf65c909,[8*]/C=C/C[12*],alkyl
FRAG_f61b3a686c,JAK2_14bf65c909,[8*]/C=C/CC[13*],alkyl
FRAG_08a90a19e1,JAK2_14bf65c909,[8*]/C=C/CCO[14*],oxa
FRAG_a0ac42025a,JAK2_14bf65c909,[8*]/C=C/CCOc1cccc([20*])c1,oxa
FRAG_b4204becaf,JAK2_14bf65c909,[9*]CN(C[31*])C(=O)CNC(C)C,aza_oxa
FRAG_d1bcf43f94,JAK2_14bf65c909,[9*]CN([33*])C(=O)CNC(C)C,aza_oxa
FRAG_ab6c78f3c5,JAK2_14bf65c909,[10*]CCO[14*],oxa
FRAG_53216ed2fe,JAK2_14bf65c909,[10*]CCOc1cccc([20*])c1,oxa
FRAG_91bc81c918,JAK2_14bf65c909,[11*]/C=C/CN(C[31*])C(=O)CNC(C)C,aza_oxa
FRAG_66883a0336,JAK2_14bf65c909,[11*]/C=C/CN([33*])C(=O)CNC(C)C,aza_oxa
FRAG_65ce3e94ab,JAK2_14bf65c909,[11*]COc1cccc([20*])c1,oxa
FRAG_95f5bd2b0a,JAK2_14bf65c909,[12*]C/C=C/CN([33*])C(=O)CNC(C)C,aza_oxa
FRAG_58a976b223,JAK2_14bf65c909,[12*]Oc1cccc([20*])c1,oxa
FRAG_c41df29ab9,JAK2_14bf65c909,[13*]c1cccc([20*])c1,alkyl
FRAG_bc6cf28c03,JAK2_14bf65c909,[13*]c1cccc(-c2ccnc([26*])n2)c1,diaza
FRAG_cb199e5a16,JAK2_14bf65c909,[18*]c1ccnc([26*])n1,diaza
FRAG_3557f5a4e3,JAK2_14bf65c909,[18*]c1ccnc(N[27*])n1,diaza
FRAG_f4bc24e869,JAK2_14bf65c909,[24*]Nc1cccc([33*])c1,aza
FRAG_fe935f3b9a,JAK2_14bf65c909,[7*]Cc1cccc(N[24*])c1,aza
FRAG_faff2202d5,JAK2_14bf65c909,[26*]c1cccc([33*])c1,alkyl
FRAG_5ade55e305,JAK2_14bf65c909,[7*]Cc1cccc([26*])c1,alkyl
FRAG_df6331e45a,JAK2_5f8f64daca,[6*]CN([19*])C,aza
FRAG_9b9bb73a75,JAK2_5f8f64daca,[6*]CN(C)C[20*],aza
FRAG_0faf7d7202,JAK2_5f8f64daca,[6*]CN(C)C/C=C/[22*],aza
FRAG_1d0c31cea0,JAK2_5f8f64daca,[6*]CN(C)C/C=C/C[23*],aza
FRAG_ff27200823,JAK2_5f8f64daca,[6*]CN(C)C/C=C/CC[24*],aza
FRAG_ef86e2e92d,JAK2_5f8f64daca,[6*]CN(C)C/C=C/CCO[25*],aza_oxa
FRAG_71962eb540,JAK2_5f8f64daca,[16*]N(C)C[20*],aza
FRAG_2ccc4aa37b,JAK2_5f8f64daca,[16*]N(C)C/C=C/[22*],aza
FRAG_a503a03843,JAK2_5f8f64daca,[16*]N(C)C/C=C/C[23*],aza
FRAG_ef0a0992b4,JAK2_5f8f64daca,[16*]N(C)C/C=C/CC[24*],aza
FRAG_d3b1beda62,JAK2_5f8f64daca,[16*]N(C)C/C=C/CCO[25*],aza_oxa
FRAG_4566b574bd,JAK2_5f8f64daca,[17*]C/C=C/[22*],alkyl
FRAG_d85a24b4e1,JAK2_5f8f64daca,[17*]C/C=C/C[23*],alkyl
FRAG_8316cbffd5,JAK2_5f8f64daca,[17*]C/C=C/CC[24*],alkyl
FRAG_03dff87287,JAK2_5f8f64daca,[17*]C/C=C/CCO[25*],oxa
FRAG_10213c6412,JAK2_5f8f64daca,[17*]C/C=C/CCOc1cccc([31*])c1,oxa
FRAG_547fbcdd43,JAK2_5f8f64daca,[19*]/C=C/C[23*],alkyl
FRAG_59a16a7134,JAK2_5f8f64daca,[19*]/C=C/CC[24*],alkyl
FRAG_c8d6677021,JAK2_5f8f64daca,[19*]/C=C/CCO[25*],oxa
FRAG_708e84a276,JAK2_5f8f64daca,[19*]/C=C/CCOc1cccc([31*])c1,oxa
FRAG_47607f9f33,JAK2_5f8f64daca,[21*]CCO[25*],oxa
FRAG_ef7496b49d,JAK2_5f8f64daca,[21*]CCOc1cccc([31*])c1,oxa
FRAG_7bc56ecfbb,JAK2_5f8f64daca,[22*]COc1cccc([31*])c1,oxa
FRAG_4f7138e590,JAK2_5f8f64daca,[23*]Oc1cccc([31*])c1,oxa
FRAG_34a8776d57,JAK2_5f8f64daca,[24*]c1cccc([31*])c1,alkyl
FRAG_5737175ce8,JAK2_5f8f64daca,[24*]c1cccc(-c2ccnc([37*])n2)c1,diaza
FRAG_44d647a840,JAK2_5f8f64daca,[29*]c1ccnc([37*])n1,diaza
FRAG_4f0692ff09,JAK2_5f8f64daca,[4*]Nc1nccc([29*])n1,diaza
FRAG_3db43c41ff,JAK2_ca0a832409,[1*]CN([7*])C1CC1,aza
FRAG_ea4e7df484,JAK2_ca0a832409,[1*]CN(C[8*])C1CC1,aza
FRAG_fd26136a15,JAK2_ca0a832409,[1*]CN(Cc1cccc([14*])c1)C1CC1,aza
FRAG_6f7c1ea9ba,JAK2_ca0a832409,[2*]/C=C/CCOc1cccc([19*])c1,oxa
FRAG_48b910b174,JAK2_ca0a832409,[2*]/C=C/CCO[25*],oxa
FRAG_198dabe0ca,JAK2_ca0a832409,[2*]/C=C/CC[27*],alkyl
FRAG_756d8ee2c2,JAK2_ca0a832409,[2*]/C=C/C[28*],alkyl
FRAG_89ad93cae0,JAK2_ca0a832409,[2*]N(C[8*])C1CC1,aza
FRAG_3909ac885b,JAK2_ca0a832409,[2*]N(Cc1cccc([14*])c1)C1CC1,aza
FRAG_525c87479a,JAK2_ca0a832409,[2*]N(Cc1cccc(N[15*])c1)C1CC1,diaza
FRAG_d8e70b974d,JAK2_ca0a832409,[3*]C/C=C/CCOc1cccc([19*])c1,oxa
FRAG_a52da4f2b4,JAK2_ca0a832409,[3*]C/C=C/CCO[25*],oxa
FRAG_6506722130,JAK2_ca0a832409,[3*]C/C=C/CC[27*],alkyl
FRAG_541ce669c6,JAK2_ca0a832409,[3*]C/C=C/C[28*],alkyl
FRAG_ed18d2e424,JAK2_ca0a832409,[3*]C/C=C/[29*],alkyl
FRAG_e0e371564b,JAK2_ca0a832409,[3*]Cc1cccc([14*])c1,alkyl
FRAG_c01aaa1451,JAK2_ca0a832409,[3*]Cc1cccc(N[15*])c1,aza
FRAG_385f4679af,JAK2_ca0a832409,[7*]N(C/C=C/CCO[25*])C1CC1,aza_oxa
FRAG_aea67c8bd8,JAK2_ca0a832409,[7*]N(C/C=C/CC[27*])C1CC1,aza
FRAG_b370085420,JAK2_ca0a832409,[7*]N(C/C=C/C[28*])C1CC1,aza
FRAG_8d4697eae0,JAK2_ca0a832409,[7*]N(C/C=C/[29*])C1CC1,aza
FRAG_3c868ffb4e,JAK2_ca0a832409,[7*]c1cccc([14*])c1,alkyl
FRAG_2e8cbf31e2,JAK2_ca0a832409,[7*]c1cccc(N[15*])c1,aza
FRAG_2c02da5cd6,JAK2_ca0a832409,[8*]CN(C/C=C/CCO[25*])C1CC1,aza_oxa
FRAG_2ff51cedc3,JAK2_ca0a832409,[8*]CN(C/C=C/CC[27*])C1CC1,aza
FRAG_4d255ddf0a,JAK2_ca0a832409,[8*]CN(C/C=C/C[28*])C1CC1,aza
FRAG_38b2bd809b,JAK2_ca0a832409,[8*]CN(C/C=C/[29*])C1CC1,aza
FRAG_20be083a5f,JAK2_ca0a832409,[12*]Nc1nccc([21*])n1,diaza
FRAG_bbb6a71d63,JAK2_ca0a832409,[14*]c1nccc([21*])n1,diaza
FRAG_2c977012de,JAK2_ca0a832409,[14*]c1nccc(-c2cccc([27*])c2)n1,diaza
FRAG_54144b5591,JAK2_ca0a832409,[19*]c1cccc([27*])c1,alkyl
FRAG_4d7aa44db0,JAK2_ca0a832409,[19*]c1cccc(O[28*])c1,oxa
FRAG_8178ccb0bf,JAK2_ca0a832409,[19*]c1cccc(OC[29*])c1,oxa
FRAG_432a4d2930,JAK2_ca0a832409,*CCOc1cccc([19*])c1,oxa
FRAG_cff64226ed,JAK2_ca0a832409,*CCO[25*],oxa
FRAG_3ea3c230f2,JAK2_471b7843d8,[6*]c1cccc([13*])c1,alkyl
FRAG_02b6ef55cb,JAK2_471b7843d8,[6*]c1cccc(O[14*])c1,oxa
FRAG_d1f9928725,JAK2_471b7843d8,[6*]c1cccc(OC[15*])c1,oxa
FRAG_b2838b0225,JAK2_471b7843d8,[6*]c1cccc(OCC[16*])c1,oxa
FRAG_38773a3fe7,JAK2_471b7843d8,[6*]c1cccc(OCC/C=C/[18*])c1,oxa
FRAG_6b859e80ee,JAK2_471b7843d8,[6*]c1cccc(OCC/C=C/C[19*])c1,oxa
FRAG_2666d2a5e6,JAK2_471b7843d8,[7*]c1nc(N[26*])ncc1C,diaza
FRAG_ec16cd2995,JAK2_471b7843d8,[7*]c1nc([28*])ncc1C,diaza
FRAG_ebd8cad6a8,JAK2_471b7843d8,[11*]OCC[16*],oxa
FRAG_b85bb4341a,JAK2_471b7843d8,[11*]OCC/C=C/[18*],oxa
FRAG_e4557fb652,JAK2_471b7843d8,[11*]OCC/C=C/C[19*],oxa
FRAG_a2e612437a,JAK2_471b7843d8,[11*]OCC/C=C/CN([21*])C,oxa_aza
FRAG_46be3d09b9,JAK2_471b7843d8,[11*]OCC/C=C/CN(C)C[22*],oxa_aza
FRAG_1ccfb88a76,JAK2_471b7843d8,[13*]CC/C=C/[18*],alkyl
FRAG_bad3f6b39d,JAK2_471b7843d8,[13*]CC/C=C/C[19*],alkyl
FRAG_ed0d1fb8a2,JAK2_471b7843d8,[13*]CC/C=C/CN([21*])C,aza
FRAG_0c70d95a65,JAK2_471b7843d8,[13*]CC/C=C/CN(C)C[22*],aza
FRAG_4d8ec2ae79,JAK2_471b7843d8,[14*]C/C=C/[18*],alkyl
FRAG_6dccbd6ec2,JAK2_471b7843d8,[14*]C/C=C/C[19*],alkyl
FRAG_3384f5f084,JAK2_471b7843d8,[14*]C/C=C/CN([21*])C,aza
FRAG_c899677949,JAK2_471b7843d8,[14*]C/C=C/CN(C)C[22*],aza
FRAG_4e3d6f2e6f,JAK2_471b7843d8,[15*]/C=C/C[19*],alkyl
FRAG_4d2dbb029a,JAK2_471b7843d8,[15*]/C=C/CN([21*])C,aza
FRAG_8b258a35ac,JAK2_471b7843d8,[15*]/C=C/CN(C)C[22*],aza
FRAG_c29db0aff2,JAK2_471b7843d8,[15*]/C=C/CN(C)Cc1cccc([28*])c1,aza
FRAG_3a7b471f75,JAK2_471b7843d8,[17*]CN([21*])C,aza
FRAG_7d7bd29a74,JAK2_471b7843d8,[17*]CN(C)C[22*],aza
FRAG_1258648c7d,JAK2_471b7843d8,[17*]CN(C)Cc1cccc([28*])c1,aza
FRAG_dfc2454265,JAK2_471b7843d8,[4*]Nc1cccc(CN(C)C[17*])c1,diaza
FRAG_8b78409cfc,JAK2_471b7843d8,[18*]N(C)C[22*],aza
FRAG_50f193f996,JAK2_471b7843d8,[18*]N(C)Cc1cccc([28*])c1,aza
FRAG_04e8130415,JAK2_471b7843d8,[4*]Nc1cccc(CN([18*])C)c1,diaza
FRAG_19eaf20f85,JAK2_471b7843d8,[19*]Cc1cccc([28*])c1,alkyl
FRAG_87a0eb9cf5,JAK2_471b7843d8,[4*]Nc1cccc(C[19*])c1,aza
FRAG_748da7d566,JAK2_471b7843d8,[21*]c1cccc([28*])c1,alkyl
FRAG_97cc1196cb,JAK2_471b7843d8,[4*]Nc1cccc([21*])c1,aza
FRAG_db06f92656,JAK2_e3b8202d52,[14*]COC[18*],oxa
FRAG_fe61f5e473,JAK2_e3b8202d52,[14*]COCC=C[20*],oxa
FRAG_26c367c120,JAK2_e3b8202d52,[14*]COCC=CC[21*],oxa
FRAG_bb2ae42448,JAK2_e3b8202d52,[14*]COCC=CCO[22*],dioxa
FRAG_66ff5199f9,JAK2_e3b8202d52,[14*]COCC=CCOC[23*],dioxa
FRAG_2157efacb7,JAK2_e3b8202d52,[15*]OCC=C[20*],oxa
FRAG_05c944b42d,JAK2_e3b8202d52,[15*]OCC=CC[21*],oxa
FRAG_9f64555fd9,JAK2_e3b8202d52,[15*]OCC=CCO[22*],dioxa
FRAG_5106fa549f,JAK2_e3b8202d52,[15*]OCC=CCOC[23*],dioxa
FRAG_5921c55400,JAK2_e3b8202d52,[16*]CC=C[20*],alkyl
FRAG_4dc3eab1de,JAK2_e3b8202d52,[16*]CC=CC[21*],alkyl
FRAG_d9140f5c88,JAK2_e3b8202d52,[16*]CC=CCO[22*],oxa
FRAG_ac472685c4,JAK2_e3b8202d52,[16*]CC=CCOC[23*],oxa
FRAG_0faaaff2b1,JAK2_e3b8202d52,[16*]CC=CCOCc1cccc([29*])c1,oxa
FRAG_503f6cdb13,JAK2_e3b8202d52,[17*]C=CC[21*],alkyl
FRAG_60b1c38c2d,JAK2_e3b8202d52,[17*]C=CCO[22*],oxa
FRAG_6b50d257b9,JAK2_e3b8202d52,[17*]C=CCOC[23*],oxa
FRAG_9de6768f90,JAK2_e3b8202d52,[17*]C=CCOCc1cccc([29*])c1,oxa
FRAG_60c0143d21,JAK2_e3b8202d52,[19*]COC[23*],oxa
FRAG_ab11918407,JAK2_e3b8202d52,[19*]COCc1cccc([29*])c1,oxa
FRAG_e3f89259c3,JAK2_e3b8202d52,[20*]OCc1cccc([29*])c1,oxa
FRAG_26ee919a4f,JAK2_e3b8202d52,[21*]Cc1cccc([29*])c1,alkyl
FRAG_8b4b981bfb,JAK2_e3b8202d52,[22*]c1cccc([29*])c1,alkyl
FRAG_b7899fa904,JAK2_e3b8202d52,[22*]c1cccc(-c2ccnc([35*])n2)c1,diaza
FRAG_5f40b2ea0f,JAK2_e3b8202d52,[27*]c1ccnc([35*])n1,diaza
FRAG_d7e6eff06b,JAK2_e3b8202d52,[12*]Nc1nccc([27*])n1,diaza
FRAG_23650c4c38,JAK2_b065db2dc7,[4*]/N=c1/nccc([30*])[nH]1,diaza
FRAG_17b85b23f9,JAK2_b065db2dc7,[16*]COC[21*],oxa
FRAG_9203201dcd,JAK2_b065db2dc7,[16*]COC/C=C/[23*],oxa
FRAG_653eb15b29,JAK2_b065db2dc7,[16*]COC/C=C/C[24*],oxa
FRAG_b9938c8f9e,JAK2_b065db2dc7,[16*]COC/C=C/CO[25*],dioxa
FRAG_3dbf4943b6,JAK2_b065db2dc7,[16*]COC/C=C/COC[26*],dioxa
FRAG_ee273f5ad0,JAK2_b065db2dc7,[18*]OC/C=C/[23*],oxa
FRAG_8df0559813,JAK2_b065db2dc7,[18*]OC/C=C/C[24*],oxa
FRAG_f22d978997,JAK2_b065db2dc7,[18*]OC/C=C/CO[25*],dioxa
FRAG_2c1842360c,JAK2_b065db2dc7,[18*]OC/C=C/COC[26*],dioxa
FRAG_c2905d8536,JAK2_b065db2dc7,[19*]C/C=C/[23*],alkyl
FRAG_c54cda4aef,JAK2_b065db2dc7,[19*]C/C=C/C[24*],alkyl
FRAG_b59a7dbba1,JAK2_b065db2dc7,[19*]C/C=C/CO[25*],oxa
FRAG_0c1249b806,JAK2_b065db2dc7,[19*]C/C=C/COC[26*],oxa
FRAG_f0d592cb53,JAK2_b065db2dc7,[19*]C/C=C/COCc1cccc([32*])c1,oxa
FRAG_43b5dbcce5,JAK2_b065db2dc7,[20*]/C=C/C[24*],alkyl
FRAG_bb5296c180,JAK2_b065db2dc7,[20*]/C=C/CO[25*],oxa
FRAG_b5ece8c1cb,JAK2_b065db2dc7,[20*]/C=C/COC[26*],oxa
FRAG_4dd0f6dc69,JAK2_b065db2dc7,[20*]/C=C/COCc1cccc([32*])c1,oxa
FRAG_07114537a0,JAK2_b065db2dc7,[22*]COC[26*],oxa
FRAG_86d180e258,JAK2_b065db2dc7,[22*]COCc1cccc([32*])c1,oxa
FRAG_5c59b8c318,JAK2_b065db2dc7,[23*]OCc1cccc([32*])c1,oxa
FRAG_0a83fa5c99,JAK2_b065db2dc7,[24*]Cc1cccc([32*])c1,alkyl
FRAG_235a175216,JAK2_b065db2dc7,[25*]c1cccc([32*])c1,alkyl
FRAG_b9823b867f,JAK2_1c395c5584,[1*]C/C=C/[5*],alkyl
FRAG_09e18c47da,JAK2_1c395c5584,[1*]C/C=C/C[6*],alkyl
FRAG_0be46d50cb,JAK2_1c395c5584,[1*]C/C=C/CC([8*])=O,oxa
FRAG_cd368df161,JAK2_1c395c5584,[1*]C/C=C/CC(=O)N[9*],oxa_aza
FRAG_37f180b6a1,JAK2_1c395c5584,[2*]N(C)Cc1cccc(N[19*])c1,diaza
FRAG_122ee6854b,JAK2_1c395c5584,[2*]N(C)Cc1cccc([21*])c1,aza
FRAG_fb053ec553,JAK2_1c395c5584,[2*]N(C)C[26*],aza
FRAG_af9b14777e,JAK2_1c395c5584,[2*]/C=C/C[6*],alkyl
FRAG_f47ec2d7bc,JAK2_1c395c5584,[2*]/C=C/CC([8*])=O,oxa
FRAG_d1296e27a5,JAK2_1c395c5584,[2*]/C=C/CC(=O)N[9*],oxa_aza
FRAG_852fb68bd7,JAK2_1c395c5584,[2*]/C=C/CC(=O)Nc1cccc([15*])c1,oxa_aza
FRAG_293334a1f8,JAK2_1c395c5584,[3*]CN(C)Cc1cccc(N[19*])c1,diaza
FRAG_1897b3c203,JAK2_1c395c5584,[3*]CN(C)Cc1cccc([21*])c1,aza
FRAG_75b4524c47,JAK2_1c395c5584,[3*]CN(C)C[26*],aza
FRAG_34feaabfd3,JAK2_1c395c5584,[3*]CN([28*])C,aza
FRAG_1fff43dccf,JAK2_1c395c5584,[4*]CC([8*])=O,oxa
FRAG_0956f3a5bb,JAK2_1c395c5584,[4*]CC(=O)N[9*],oxa_aza
FRAG_153547e949,JAK2_1c395c5584,[4*]CC(=O)Nc1cccc([15*])c1,oxa_aza
FRAG_031eb5bbd7,JAK2_1c395c5584,[5*]/C=C/CN(C)Cc1cccc([21*])c1,aza
FRAG_d7289ebd4a,JAK2_1c395c5584,[5*]/C=C/CN(C)C[26*],aza
FRAG_f263d2775f,JAK2_1c395c5584,[5*]/C=C/CN([28*])C,aza
FRAG_87fe7e40aa,JAK2_1c395c5584,[5*]C(=O)N[9*],oxa_aza
FRAG_7377499ce9,JAK2_1c395c5584,[5*]C(=O)Nc1cccc([15*])c1,oxa_aza
FRAG_59ae5bbc82,JAK2_1c395c5584,[6*]C/C=C/CN(C)C[26*],aza
FRAG_75a1978545,JAK2_1c395c5584,[6*]C/C=C/CN([28*])C,aza
FRAG_a6437d61c2,JAK2_1c395c5584,[6*]Nc1cccc([15*])c1,aza
FRAG_c692e69476,JAK2_1c395c5584,[8*]C(=O)C/C=C/CN(C)C[26*],oxa_aza
FRAG_d8bb7e9bf8,JAK2_1c395c5584,[8*]C(=O)C/C=C/CN([28*])C,oxa_aza
FRAG_8fc250035e,JAK2_1c395c5584,[8*]c1cccc([15*])c1,alkyl
FRAG_1512cbf459,JAK2_1c395c5584,[8*]c1cccc(-c2ccnc([21*])n2)c1,diaza
FRAG_772e4287be,JAK2_1c395c5584,[9*]NC(=O)C/C=C/CN(C)C[26*],aza_oxa
FRAG_017079dd00,JAK2_1c395c5584,[9*]NC(=O)C/C=C/CN([28*])C,aza_oxa
FRAG_a1fe082c36,JAK2_1c395c5584,[13*]c1ccnc([21*])n1,diaza
FRAG_1f82ee13c1,JAK2_1c395c5584,[13*]c1ccnc(N[22*])n1,diaza
FRAG_5b0841cade,JAK2_1c395c5584,[19*]Nc1cccc([28*])c1,aza
FRAG_0a861a4a20,JAK2_1c395c5584,[1*]Cc1cccc(N[19*])c1,aza
FRAG_c1405a4c53,JAK2_1c395c5584,[21*]c1cccc([28*])c1,alkyl
FRAG_de2f78f199,JAK2_1c395c5584,[1*]Cc1cccc([21*])c1,alkyl
FRAG_07d1c3296b,JAK2_4c1cea8d33,[7*]COC[11*],oxa
FRAG_2df8c88da2,JAK2_4c1cea8d33,[7*]COCC=C[13*],oxa
FRAG_c684e19ecd,JAK2_4c1cea8d33,[7*]COCC=CC[14*],oxa
FRAG_00758ede69,JAK2_4c1cea8d33,[7*]COCC=CCO[15*],dioxa
FRAG_2430522eeb,JAK2_4c1cea8d33,[7*]COCC=CCOC[16*],dioxa
FRAG_98ae511043,JAK2_4c1cea8d33,[8*]c1cc([35*])ccc1OC,oxa
FRAG_c8eb5dae58,JAK2_4c1cea8d33,[8*]OCC=C[13*],oxa
FRAG_12a807375a,JAK2_4c1cea8d33,[8*]OCC=CC[14*],oxa
FRAG_9b352965ca,JAK2_4c1cea8d33,[8*]OCC=CCO[15*],dioxa
FRAG_a9cc7f46bb,JAK2_4c1cea8d33,[8*]OCC=CCOC[16*],dioxa
FRAG_25e7255ffb,JAK2_4c1cea8d33,[9*]Cc1cc([35*])ccc1OC,oxa
FRAG_76f11cd024,JAK2_4c1cea8d33,[9*]CC=C[13*],alkyl
FRAG_ed6e694b30,JAK2_4c1cea8d33,[9*]CC=CC[14*],alkyl
FRAG_c264a2976d,JAK2_4c1cea8d33,[9*]CC=CCO[15*],oxa
FRAG_eb20766e40,JAK2_4c1cea8d33,[9*]CC=CCOC[16*],oxa
FRAG_67d240dc80,JAK2_4c1cea8d33,[10*]OCc1cc([35*])ccc1OC,dioxa
FRAG_d6b1683d7f,JAK2_4c1cea8d33,[10*]C=CC[14*],alkyl
FRAG_f565df3c8c,JAK2_4c1cea8d33,[10*]C=CCO[15*],oxa
FRAG_fd28e3bee4,JAK2_4c1cea8d33,[10*]C=CCOC[16*],oxa
FRAG_decba2b6ea,JAK2_4c1cea8d33,[11*]COCc1cc([35*])ccc1OC,dioxa
FRAG_244f04b5de,JAK2_4c1cea8d33,[12*]COC[16*],oxa
FRAG_dea75602d1,JAK2_4c1cea8d33,[5*]c1ccnc(N[18*])n1,diaza
FRAG_73cae605ef,JAK2_4c1cea8d33,[5*]c1ccnc([30*])n1,diaza
FRAG_1dad57df44,JAK2_7397607b96,[1*]CC/C=C\[6*],alkyl
FRAG_4d9a4d291d,JAK2_7397607b96,[1*]CC/C=C\C[7*],alkyl
FRAG_23aa69ab10,JAK2_7397607b96,[1*]CC/C=C\CO[8*],oxa
FRAG_6e2c57a78a,JAK2_7397607b96,[1*]CC/C=C\COc1cccc([14*])c1,oxa
FRAG_3a2aa37a2e,JAK2_7397607b96,[2*]C(=O)Nc1cccc(N[18*])c1,oxa_aza
FRAG_7a6a7c73a8,JAK2_7397607b96,[2*]C(=O)Nc1cccc([20*])c1,oxa_aza
FRAG_4cd6fc7518,JAK2_7397607b96,[2*]C(=O)N[25*],oxa_aza
FRAG_6f6d9dae3a,JAK2_7397607b96,[2*]C/C=C\[6*],alkyl
FRAG_91f5d3bc65,JAK2_7397607b96,[2*]C/C=C\C[7*],alkyl
FRAG_79d720077d,JAK2_7397607b96,[2*]C/C=C\CO[8*],oxa
FRAG_5fc436144c,JAK2_7397607b96,[2*]C/C=C\COc1cccc([14*])c1,oxa
FRAG_cf45f6e9e3,JAK2_7397607b96,[3*]CC(=O)Nc1cccc(N[18*])c1,oxa_aza
FRAG_097baf05f5,JAK2_7397607b96,[3*]CC(=O)Nc1cccc([20*])c1,oxa_aza
FRAG_c19efd650b,JAK2_7397607b96,[3*]CC(=O)N[25*],oxa_aza
FRAG_845f644229,JAK2_7397607b96,[3*]CC([27*])=O,oxa
FRAG_44921d2b48,JAK2_7397607b96,[3*]/C=C\C[7*],alkyl
FRAG_c497cf5144,JAK2_7397607b96,[3*]/C=C\CO[8*],oxa
FRAG_d5a7122d5f,JAK2_7397607b96,[3*]/C=C\COc1cccc([14*])c1,oxa
FRAG_35c9b90623,JAK2_7397607b96,[4*]CCC(=O)Nc1cccc(N[18*])c1,oxa_aza
FRAG_6245ebaedc,JAK2_7397607b96,[4*]CCC(=O)Nc1cccc([20*])c1,oxa_aza
FRAG_8f08f26b70,JAK2_7397607b96,[4*]CCC(=O)N[25*],oxa_aza
FRAG_f47a67cfec,JAK2_7397607b96,[4*]CCC([27*])=O,oxa
FRAG_2950922ac2,JAK2_7397607b96,[5*]COc1cccc([14*])c1,oxa
FRAG_ab7780bb6b,JAK2_7397607b96,[6*]/C=C\CCC(=O)N[25*],oxa_aza
FRAG_9ff65f35c7,JAK2_7397607b96,[6*]/C=C\CCC([27*])=O,oxa
FRAG_9d0b50bdde,JAK2_7397607b96,[6*]Oc1cccc([14*])c1,oxa
FRAG_6e1f0eace6,JAK2_7397607b96,[7*]C/C=C\CCC(=O)N[25*],oxa_aza
FRAG_77d718c64d,JAK2_7397607b96,[7*]C/C=C\CCC([27*])=O,oxa
FRAG_da2adfa7a3,JAK2_7397607b96,[7*]c1cccc([14*])c1,alkyl
FRAG_117267dffb,JAK2_7397607b96,[7*]c1cccc(-c2ccnc([20*])n2)c1,diaza
FRAG_c69041b009,JAK2_7397607b96,[8*]OC/C=C\CCC(=O)N[25*],oxa_aza
FRAG_99615f164d,JAK2_7397607b96,[8*]OC/C=C\CCC([27*])=O,dioxa
FRAG_1343136dea,JAK2_7397607b96,[12*]c1ccnc([20*])n1,diaza
FRAG_63ce847fe2,JAK2_7397607b96,[12*]c1ccnc(N[21*])n1,diaza
FRAG_23e7e74325,JAK2_7397607b96,[18*]Nc1cccc([27*])c1,aza
FRAG_3c6987f5c0,JAK2_7397607b96,[1*]Nc1cccc(N[18*])c1,diaza
FRAG_914848cf2e,JAK2_7397607b96,[20*]c1cccc([27*])c1,alkyl
FRAG_07f01452b1,JAK2_7397607b96,[1*]Nc1cccc([20*])c1,aza
FRAG_0c3bd14d47,JAK2_256b00588d,[5*]c1ccnc([13*])n1,diaza
FRAG_b81e5f860c,JAK2_256b00588d,[5*]c1ccnc(N[14*])n1,diaza
FRAG_bff616ac03,JAK2_256b00588d,[7*]c1cc(F)cc(COCC=C[30*])c1,oxa
FRAG_f39e0e3fc6,JAK2_256b00588d,[7*]c1cc(F)cc(COC[32*])c1,oxa
FRAG_7b122fab79,JAK2_256b00588d,[7*]c1cc(F)cc(CO[33*])c1,oxa
FRAG_93761c4886,JAK2_256b00588d,[7*]c1cc(F)cc(C[34*])c1,alkyl
FRAG_fc73f534bf,JAK2_256b00588d,[7*]c1cc([35*])cc(F)c1,alkyl
FRAG_4272f7a53e,JAK2_256b00588d,[26*]COC[31*],oxa
FRAG_ec9750eeab,JAK2_256b00588d,[26*]COCC=C[33*],oxa
FRAG_2583ba8446,JAK2_256b00588d,[26*]COCC=CC[34*],oxa
FRAG_745ff50683,JAK2_256b00588d,[26*]COCC=CCO[35*],dioxa
FRAG_ebb1f01ae1,JAK2_256b00588d,[3*]COCC=CCOC[26*],dioxa
FRAG_debf74f6e7,JAK2_256b00588d,[28*]OCC=C[33*],oxa
FRAG_5cecefba1d,JAK2_256b00588d,[28*]OCC=CC[34*],oxa
FRAG_945e1390c9,JAK2_256b00588d,[28*]OCC=CCO[35*],dioxa
FRAG_9ea46a166c,JAK2_256b00588d,[3*]COCC=CCO[28*],dioxa
FRAG_16a1935d71,JAK2_256b00588d,[29*]CC=C[33*],alkyl
FRAG_a5cc4a5b33,JAK2_256b00588d,[29*]CC=CC[34*],alkyl
FRAG_c1a5fee279,JAK2_256b00588d,[29*]CC=CCO[35*],oxa
FRAG_90b411c5e1,JAK2_256b00588d,[3*]COCC=CC[29*],oxa
FRAG_1c387ec410,JAK2_256b00588d,[30*]C=CC[34*],alkyl
FRAG_7ca4bcc62a,JAK2_256b00588d,[30*]C=CCO[35*],oxa
FRAG_d551d50a37,JAK2_256b00588d,[3*]COCC=C[30*],oxa
FRAG_13a8936d49,JAK2_256b00588d,[3*]COC[32*],oxa
FRAG_65332929dd,JAK2_d3faa600af,[6*]COC[10*],oxa
FRAG_7e60bf01c6,JAK2_d3faa600af,[6*]COCC=C[12*],oxa
FRAG_fa43a6153a,JAK2_d3faa600af,[6*]COCC=CC[13*],oxa
FRAG_a8a57eadb3,JAK2_d3faa600af,[6*]COCC=CCO[14*],dioxa
FRAG_bd1e70479b,JAK2_d3faa600af,[6*]COCC=CCOC[15*],dioxa
FRAG_afac32c80c,JAK2_d3faa600af,[7*]c1cc([34*])ccc1F,alkyl
FRAG_b694ef819b,JAK2_d3faa600af,[7*]OCC=C[12*],oxa
FRAG_43b06e71a3,JAK2_d3faa600af,[7*]OCC=CC[13*],oxa
FRAG_d7d74a2296,JAK2_d3faa600af,[7*]OCC=CCO[14*],dioxa
FRAG_bdf292f309,JAK2_d3faa600af,[7*]OCC=CCOC[15*],dioxa
FRAG_b6a90ffa67,JAK2_d3faa600af,[8*]Cc1cc([34*])ccc1F,alkyl
FRAG_b5ce8c68e4,JAK2_d3faa600af,[8*]CC=C[12*],alkyl
FRAG_1bb80a2675,JAK2_d3faa600af,[8*]CC=CC[13*],alkyl
FRAG_c3364bf128,JAK2_d3faa600af,[8*]CC=CCO[14*],oxa
FRAG_f0d54b7cce,JAK2_d3faa600af,[8*]CC=CCOC[15*],oxa
FRAG_cbb7614d94,JAK2_d3faa600af,[9*]OCc1cc([34*])ccc1F,oxa
FRAG_1949579d06,JAK2_d3faa600af,[9*]C=CC[13*],alkyl
FRAG_b56cd5fab6,JAK2_d3faa600af,[9*]C=CCO[14*],oxa
FRAG_0bad3ec756,JAK2_d3faa600af,[9*]C=CCOC[15*],oxa
FRAG_76b9dd8f2b,JAK2_d3faa600af,[10*]COCc1cc([34*])ccc1F,oxa
FRAG_c4288d5a28,JAK2_d3faa600af,[11*]COC[15*],oxa
FRAG_4b04e5a7c1,JAK2_d3faa600af,[12*]C=CCOCc1cc([34*])ccc1F,oxa
FRAG_5170448b17,JAK2_d3faa600af,[4*]c1ccnc(N[17*])n1,diaza
FRAG_d0a6da8a74,JAK2_d3faa600af,[4*]c1ccnc([29*])n1,diaza
FRAG_65760af242,JAK2_ddd315e2f6,[1*]COC[5*],oxa
FRAG_89d3c1cbae,JAK2_ddd315e2f6,[1*]COCc1cccc([11*])c1,oxa
FRAG_cd2861c31d,JAK2_ddd315e2f6,[2*]C=CCOC[20*],oxa
FRAG_7ad9400e62,JAK2_ddd315e2f6,[2*]C=CCO[32*],oxa
FRAG_cd152d82e7,JAK2_ddd315e2f6,[2*]C=CC[33*],alkyl
FRAG_2284da418f,JAK2_ddd315e2f6,[2*]OCc1cccc([11*])c1,oxa
FRAG_1541090595,JAK2_ddd315e2f6,[3*]CC=CCOC[20*],oxa
FRAG_815aff8f56,JAK2_ddd315e2f6,[3*]CC=CCO[32*],oxa
FRAG_96b5f745ac,JAK2_ddd315e2f6,[3*]CC=CC[33*],alkyl
FRAG_bd13deecf0,JAK2_ddd315e2f6,[3*]CC=C[34*],alkyl
FRAG_df69cb23e7,JAK2_ddd315e2f6,[3*]Cc1cccc([11*])c1,alkyl
FRAG_f8aee0f56f,JAK2_ddd315e2f6,[4*]OCC=CCOC[20*],dioxa
FRAG_490fd0807a,JAK2_ddd315e2f6,[4*]OCC=CCO[32*],dioxa
FRAG_0715abb6a1,JAK2_ddd315e2f6,[4*]OCC=CC[33*],oxa
FRAG_51955be605,JAK2_ddd315e2f6,[4*]OCC=C[34*],oxa
FRAG_acea25790a,JAK2_ddd315e2f6,[4*]c1cccc([11*])c1,alkyl
FRAG_78e2c727ba,JAK2_ddd315e2f6,[4*]c1cccc(-c2ccnc([17*])n2)c1,diaza
FRAG_4fd0ff6aed,JAK2_ddd315e2f6,[5*]COCC=CCOC[20*],dioxa
FRAG_1d66920e82,JAK2_ddd315e2f6,[5*]COCC=CCO[32*],dioxa
FRAG_1ba34303e0,JAK2_ddd315e2f6,[5*]COCC=CC[33*],oxa
FRAG_274f0bfae2,JAK2_ddd315e2f6,[5*]COCC=C[34*],oxa
FRAG_f88cd3b846,JAK2_ddd315e2f6,[9*]c1ccnc([17*])n1,diaza
FRAG_6e0e1e3a34,JAK2_ddd315e2f6,[9*]c1ccnc(N[18*])n1,diaza
FRAG_798beeafbf,JAK2_ddd315e2f6,[11*]c1cccc(COCC=CC[33*])c1,oxa
FRAG_7ca3bcc077,JAK2_ddd315e2f6,[11*]c1cccc(COCC=C[34*])c1,oxa
FRAG_cbb2090d5f,JAK2_ddd315e2f6,*COC[20*],oxa
FRAG_9b139a9d77,JAK2_0f8fe1bc4c,[6*]c1ccnc([13*])c1,aza
FRAG_bddd781949,JAK2_0f8fe1bc4c,[6*]c1ccnc(O[14*])c1,aza_oxa
FRAG_198d03d233,JAK2_0f8fe1bc4c,[6*]c1ccnc(OC[15*])c1,aza_oxa
FRAG_bf1e150fbb,JAK2_0f8fe1bc4c,[6*]c1ccnc(OCC[16*])c1,aza_oxa
FRAG_8310dec745,JAK2_0f8fe1bc4c,[6*]c1ccnc(OCC/C=C/[18*])c1,aza_oxa
FRAG_f461d200bc,JAK2_0f8fe1bc4c,[6*]c1ccnc(OCC/C=C/C[19*])c1,aza_oxa
FRAG_a82f054dcf,JAK2_0f8fe1bc4c,[7*]c1nc(N[23*])ncc1C,diaza
FRAG_00b9cf0ef3,JAK2_0f8fe1bc4c,[7*]c1nc([35*])ncc1C,diaza
FRAG_d85ad09812,JAK2_0f8fe1bc4c,[11*]OCC[16*],oxa
FRAG_8a7e63ed73,JAK2_0f8fe1bc4c,[11*]OCC/C=C/[18*],oxa
FRAG_8aa6310556,JAK2_0f8fe1bc4c,[11*]OCC/C=C/C[19*],oxa
FRAG_1903446ed3,JAK2_0f8fe1bc4c,[11*]OCC/C=C/CO[20*],dioxa
FRAG_bce5c84ccb,JAK2_0f8fe1bc4c,[11*]OCC/C=C/COC[21*],dioxa
FRAG_9c34147365,JAK2_0f8fe1bc4c,[13*]CC/C=C/[18*],alkyl
FRAG_679139f6e6,JAK2_0f8fe1bc4c,[13*]CC/C=C/C[19*],alkyl
FRAG_6cb8dcc63c,JAK2_0f8fe1bc4c,[13*]CC/C=C/CO[20*],oxa
FRAG_815e5108cd,JAK2_0f8fe1bc4c,[13*]CC/C=C/COC[21*],oxa
FRAG_3c5ed2aca2,JAK2_0f8fe1bc4c,[14*]C/C=C/[18*],alkyl
FRAG_7a5cd95744,JAK2_0f8fe1bc4c,[14*]C/C=C/C[19*],alkyl
FRAG_e3e25f76e3,JAK2_0f8fe1bc4c,[14*]C/C=C/CO[20*],oxa
FRAG_dd48a91ca8,JAK2_0f8fe1bc4c,[14*]C/C=C/COC[21*],oxa
FRAG_a04d42fa1b,JAK2_0f8fe1bc4c,[15*]/C=C/C[19*],alkyl
FRAG_4612b432db,JAK2_0f8fe1bc4c,[15*]/C=C/CO[20*],oxa
FRAG_e54f9aa296,JAK2_0f8fe1bc4c,[15*]/C=C/COC[21*],oxa
FRAG_d04e1a0b5b,JAK2_0f8fe1bc4c,[17*]COC[21*],oxa
FRAG_0973638191,JAK2_63ed0c3402,[14*]COC[18*],oxa
FRAG_36d0ed7b07,JAK2_63ed0c3402,[14*]COCC=C[20*],oxa
FRAG_c7d74ab239,JAK2_63ed0c3402,[14*]COCC=CC[21*],oxa
FRAG_b1f66bded7,JAK2_63ed0c3402,[14*]COCC=CCO[22*],dioxa
FRAG_e07ebfdd8f,JAK2_63ed0c3402,[14*]COCC=CCOC[23*],dioxa
FRAG_fea6c96446,JAK2_63ed0c3402,[15*]OCC=C[20*],oxa
FRAG_5814b77bf4,JAK2_63ed0c3402,[15*]OCC=CC[21*],oxa
FRAG_5a54e4961f,JAK2_63ed0c3402,[15*]OCC=CCO[22*],dioxa
FRAG_d9121412f0,JAK2_63ed0c3402,[15*]OCC=CCOC[23*],dioxa
FRAG_5e290f4e82,JAK2_63ed0c3402,[16*]CC=C[20*],alkyl
FRAG_4be462de4f,JAK2_63ed0c3402,[16*]CC=CC[21*],alkyl
FRAG_d91ffc6cad,JAK2_63ed0c3402,[16*]CC=CCO[22*],oxa
FRAG_60de309dac,JAK2_63ed0c3402,[16*]CC=CCOC[23*],oxa
FRAG_78be0d39e0,JAK2_63ed0c3402,[16*]CC=CCOCc1cccc([29*])c1,oxa
FRAG_29c8accfc5,JAK2_63ed0c3402,[17*]C=CC[21*],alkyl
FRAG_c61581415b,JAK2_63ed0c3402,[17*]C=CCO[22*],oxa
FRAG_bed0df791f,JAK2_63ed0c3402,[17*]C=CCOC[23*],oxa
FRAG_57250d6d24,JAK2_63ed0c3402,[17*]C=CCOCc1cccc([29*])c1,oxa
FRAG_70ac99c40b,JAK2_63ed0c3402,[19*]COC[23*],oxa
FRAG_47991795d7,JAK2_63ed0c3402,[19*]COCc1cccc([29*])c1,oxa
FRAG_14fa797afb,JAK2_63ed0c3402,[20*]OCc1cccc([29*])c1,oxa
FRAG_80238ad1f1,JAK2_63ed0c3402,[21*]Cc1cccc([29*])c1,alkyl
FRAG_a6ce96c241,JAK2_63ed0c3402,[22*]c1cccc([29*])c1,alkyl
FRAG_c2b077ad69,JAK2_63ed0c3402,[22*]c1cccc(-c2ccnc([35*])n2)c1,diaza
FRAG_ccb1161d13,JAK2_63ed0c3402,[27*]c1ccnc([35*])n1,diaza
FRAG_d73da9e82c,JAK2_63ed0c3402,[12*]Nc1nccc([27*])n1,diaza
FRAG_86040bda8d,JAK2_9a046a10eb,[1*]C/C=C/[5*],alkyl
FRAG_21bbc62cd6,JAK2_9a046a10eb,[1*]C/C=C/C[6*],alkyl
FRAG_765e6d2a8f,JAK2_9a046a10eb,[1*]C/C=C/CO[7*],oxa
FRAG_064654d2da,JAK2_9a046a10eb,[1*]C/C=C/COC[8*],oxa
FRAG_34246147fb,JAK2_9a046a10eb,[1*]C/C=C/COCc1cccc([14*])c1,oxa
FRAG_cacd24b991,JAK2_9a046a10eb,[2*]N(C)Cc1cccc(N[18*])c1,diaza
FRAG_e0cc8288d4,JAK2_9a046a10eb,[2*]N(C)Cc1cccc([20*])c1,aza
FRAG_ff28eaffd0,JAK2_9a046a10eb,[2*]N(C)C[25*],aza
FRAG_679d309fd2,JAK2_9a046a10eb,[2*]/C=C/C[6*],alkyl
FRAG_d595c09933,JAK2_9a046a10eb,[2*]/C=C/CO[7*],oxa
FRAG_63313d1a20,JAK2_9a046a10eb,[2*]/C=C/COC[8*],oxa
FRAG_16fe5ec4f5,JAK2_9a046a10eb,[2*]/C=C/COCc1cccc([14*])c1,oxa
FRAG_f2316d984b,JAK2_9a046a10eb,[3*]CN(C)Cc1cccc(N[18*])c1,diaza
FRAG_c904c7d7bc,JAK2_9a046a10eb,[3*]CN(C)Cc1cccc([20*])c1,aza
FRAG_2a64d0e085,JAK2_9a046a10eb,[3*]CN(C)C[25*],aza
FRAG_96c4bdfeeb,JAK2_9a046a10eb,[3*]CN([27*])C,aza
FRAG_10d746f374,JAK2_9a046a10eb,[4*]COC[8*],oxa
FRAG_466d389fcf,JAK2_9a046a10eb,[4*]COCc1cccc([14*])c1,oxa
FRAG_d5e51f1cf3,JAK2_9a046a10eb,[5*]/C=C/CN(C)Cc1cccc([20*])c1,aza
FRAG_3be2453bac,JAK2_9a046a10eb,[5*]/C=C/CN(C)C[25*],aza
FRAG_956079425c,JAK2_9a046a10eb,[5*]/C=C/CN([27*])C,aza
FRAG_e595afcac3,JAK2_9a046a10eb,[5*]OCc1cccc([14*])c1,oxa
FRAG_dd7f28aa42,JAK2_9a046a10eb,[6*]C/C=C/CN(C)C[25*],aza
FRAG_dd6604720c,JAK2_9a046a10eb,[6*]C/C=C/CN([27*])C,aza
FRAG_7c2fe449b5,JAK2_9a046a10eb,[6*]Cc1cccc([14*])c1,alkyl
FRAG_b5aae446d6,JAK2_9a046a10eb,[7*]OC/C=C/CN(C)C[25*],oxa_aza
FRAG_7b8cf2a1ee,JAK2_9a046a10eb,[7*]OC/C=C/CN([27*])C,oxa_aza
FRAG_53f80aa464,JAK2_9a046a10eb,[7*]c1cccc([14*])c1,alkyl
FRAG_0b7b477424,JAK2_9a046a10eb,[7*]c1cccc(-c2ccnc([20*])n2)c1,diaza
FRAG_c772471224,JAK2_9a046a10eb,[8*]COC/C=C/CN(C)C[25*],oxa_aza
FRAG_cc11b57798,JAK2_9a046a10eb,[8*]COC/C=C/CN([27*])C,oxa_aza
FRAG_dc55b7b67b,JAK2_9a046a10eb,[12*]c1ccnc([20*])n1,diaza
FRAG_1ed4486053,JAK2_9a046a10eb,[12*]c1ccnc(N[21*])n1,diaza
FRAG_888c11b653,JAK2_9a046a10eb,[18*]Nc1cccc([27*])c1,aza
FRAG_af930e4685,JAK2_9a046a10eb,[1*]Cc1cccc(N[18*])c1,aza
FRAG_baafb41eab,JAK2_9a046a10eb,[20*]c1cccc([27*])c1,alkyl
FRAG_09a5084d8c,JAK2_9a046a10eb,[1*]Cc1cccc([20*])c1,alkyl
FRAG_44b71d50d0,JAK2_fc324d5fae,[1*]COC[5*],oxa
FRAG_0e3107787f,JAK2_fc324d5fae,[2*]/C=C/COCc1coc([24*])c1,dioxa
FRAG_94e69b3576,JAK2_fc324d5fae,[2*]/C=C/COC[28*],oxa
FRAG_020a49d5eb,JAK2_fc324d5fae,[2*]/C=C/CO[31*],oxa
FRAG_cb4cb814f5,JAK2_fc324d5fae,[2*]/C=C/C[32*],alkyl
FRAG_881849f8f6,JAK2_fc324d5fae,[3*]C/C=C/COCc1coc([24*])c1,dioxa
FRAG_e699a97e46,JAK2_fc324d5fae,[3*]C/C=C/COC[28*],oxa
FRAG_e6cbb2f184,JAK2_fc324d5fae,[3*]C/C=C/CO[31*],oxa
FRAG_388c65d10f,JAK2_fc324d5fae,[3*]C/C=C/C[32*],alkyl
FRAG_5b36805247,JAK2_fc324d5fae,[3*]C/C=C/[33*],alkyl
FRAG_1f5b68788c,JAK2_fc324d5fae,[4*]OC/C=C/COCc1coc([24*])c1,dioxa
FRAG_1c9aaa2b8b,JAK2_fc324d5fae,[4*]OC/C=C/COC[28*],dioxa
FRAG_82daa51042,JAK2_fc324d5fae,[4*]OC/C=C/CO[31*],dioxa
FRAG_b284a7975c,JAK2_fc324d5fae,[4*]OC/C=C/C[32*],oxa
FRAG_3e36824cbb,JAK2_fc324d5fae,[4*]OC/C=C/[33*],oxa
FRAG_3aea27cc2b,JAK2_fc324d5fae,[5*]COC/C=C/COC[28*],dioxa
FRAG_46c7db94e1,JAK2_fc324d5fae,[5*]COC/C=C/CO[31*],dioxa
FRAG_7699f71e6e,JAK2_fc324d5fae,[5*]COC/C=C/C[32*],oxa
FRAG_9ae77d75ac,JAK2_fc324d5fae,[5*]COC/C=C/[33*],oxa
FRAG_f6dc789772,JAK2_fc324d5fae,[7*]Nc1nccc([26*])n1,diaza
FRAG_6dab5de678,JAK2_fc324d5fae,[7*]Nc1nccc(-c2cc([31*])co2)n1,aza_oxa
FRAG_4b064b3640,JAK2_fc324d5fae,[19*]c1nccc([26*])n1,diaza
FRAG_3d22be2036,JAK2_fc324d5fae,[19*]c1nccc(-c2cc([31*])co2)n1,aza_oxa
FRAG_8b321c234f,JAK2_fc324d5fae,[19*]c1nccc(-c2cc(C[32*])co2)n1,aza_oxa
FRAG_d859c515e4,JAK2_fc324d5fae,[24*]c1cc([31*])co1,oxa
FRAG_b52640f1cf,JAK2_fc324d5fae,[24*]c1cc(C[32*])co1,oxa
FRAG_9198d1f5c0,JAK2_fc324d5fae,[24*]c1cc(CO[33*])co1,dioxa
FRAG_98cbd530ce,JAK2_fc324d5fae,*COCc1coc([24*])c1,dioxa
FRAG_a9fd0d7d30,JAK2_fc324d5fae,*COC[28*],oxa
FRAG_786ceeee80,JAK2_b13e78c95d,[4*]C/C=C/[8*],alkyl
FRAG_499683c3b1,JAK2_b13e78c95d,[4*]C/C=C/C[9*],alkyl
FRAG_be94e8cb5a,JAK2_b13e78c95d,[4*]C/C=C/CC[10*],alkyl
FRAG_130c35c6d2,JAK2_b13e78c95d,[4*]C/C=C/CCO[11*],oxa
FRAG_6b3bf2bfa6,JAK2_b13e78c95d,[4*]C/C=C/CCOc1cccc([17*])c1,oxa
FRAG_2239b2487f,JAK2_b13e78c95d,[5*]N(CCOC)Cc1cccc([23*])c1,aza_oxa
FRAG_563f56aae5,JAK2_b13e78c95d,[5*]N(C[28*])CCOC,aza_oxa
FRAG_79e6b93f45,JAK2_b13e78c95d,[5*]/C=C/C[9*],alkyl
FRAG_40b9bc12eb,JAK2_b13e78c95d,[5*]/C=C/CC[10*],alkyl
FRAG_bdf7546d0d,JAK2_b13e78c95d,[5*]/C=C/CCO[11*],oxa
FRAG_812cb58ff1,JAK2_b13e78c95d,[5*]/C=C/CCOc1cccc([17*])c1,oxa
FRAG_0cff88b8c8,JAK2_b13e78c95d,[6*]CN(C[28*])CCOC,aza_oxa
FRAG_f92728e296,JAK2_b13e78c95d,[6*]CN([30*])CCOC,aza_oxa
FRAG_7ed7fddf76,JAK2_b13e78c95d,[7*]CCO[11*],oxa
FRAG_5687b0cf57,JAK2_b13e78c95d,[7*]CCOc1cccc([17*])c1,oxa
FRAG_253607c40a,JAK2_b13e78c95d,[8*]/C=C/CN(C[28*])CCOC,aza_oxa
FRAG_3ce13fa7ec,JAK2_b13e78c95d,[8*]/C=C/CN([30*])CCOC,aza_oxa
FRAG_77cef756a8,JAK2_b13e78c95d,[8*]COc1cccc([17*])c1,oxa
FRAG_7b4d1a6063,JAK2_b13e78c95d,[9*]C/C=C/CN(C[28*])CCOC,aza_oxa
FRAG_423a7e2de2,JAK2_b13e78c95d,[9*]C/C=C/CN([30*])CCOC,aza_oxa
FRAG_7bd669bd0d,JAK2_b13e78c95d,[9*]Oc1cccc([17*])c1,oxa
FRAG_9b089ae429,JAK2_b13e78c95d,[10*]CC/C=C/CN(C[28*])CCOC,aza_oxa
FRAG_158282fd78,JAK2_b13e78c95d,[10*]CC/C=C/CN([30*])CCOC,aza_oxa
FRAG_3bd0b23ff1,JAK2_b13e78c95d,[10*]c1cccc([17*])c1,alkyl
FRAG_bfa98a1b26,JAK2_b13e78c95d,[10*]c1cccc(-c2ccnc([23*])n2)c1,diaza
FRAG_1db0f13ac8,JAK2_b13e78c95d,[11*]OCC/C=C/CN(C[28*])CCOC,oxa_aza
FRAG_c80b0d1bf7,JAK2_b13e78c95d,[11*]OCC/C=C/CN([30*])CCOC,oxa_aza
FRAG_dc242e8e7d,JAK2_b13e78c95d,[15*]c1ccnc([23*])n1,diaza
FRAG_e433763ebf,JAK2_b13e78c95d,[15*]c1ccnc(N[24*])n1,diaza
FRAG_ac4ed2a288,JAK2_b13e78c95d,[21*]Nc1cccc([30*])c1,aza
FRAG_206f0d9a87,JAK2_b13e78c95d,[4*]Cc1cccc(N[21*])c1,aza
FRAG_3bdd0e409f,JAK2_b13e78c95d,[23*]c1cccc([30*])c1,alkyl
FRAG_dee27ec4db,JAK2_b13e78c95d,[4*]Cc1cccc([23*])c1,alkyl
FRAG_9a89743247,JAK2_2d508b2bcb,[7*]OCC[11*],oxa
FRAG_80fb47b0f3,JAK2_2d508b2bcb,[7*]OCC/C=C/[13*],oxa
FRAG_1e522ddf4c,JAK2_2d508b2bcb,[7*]OCC/C=C/C[14*],oxa
FRAG_4adbb9eb66,JAK2_2d508b2bcb,[7*]OCC/C=C/CN([16*])C,oxa_aza
FRAG_d5c339c165,JAK2_2d508b2bcb,[7*]OCC/C=C/CN(C)C[17*],oxa_aza
FRAG_bb9a86da6e,JAK2_2d508b2bcb,[8*]c1cc([28*])ccc1OC,oxa
FRAG_d2a08d4567,JAK2_2d508b2bcb,[8*]CC/C=C/[13*],alkyl
FRAG_d91759528b,JAK2_2d508b2bcb,[8*]CC/C=C/C[14*],alkyl
FRAG_8ec3342174,JAK2_2d508b2bcb,[8*]CC/C=C/CN([16*])C,aza
FRAG_63db8feeb4,JAK2_2d508b2bcb,[8*]CC/C=C/CN(C)C[17*],aza
FRAG_4701149e81,JAK2_2d508b2bcb,[9*]Oc1cc([28*])ccc1OC,dioxa
FRAG_43a26b1f7f,JAK2_2d508b2bcb,[9*]C/C=C/[13*],alkyl
FRAG_2d4e88b1b2,JAK2_2d508b2bcb,[9*]C/C=C/C[14*],alkyl
FRAG_0efcb263f6,JAK2_2d508b2bcb,[9*]C/C=C/CN([16*])C,aza
FRAG_007ada0c57,JAK2_2d508b2bcb,[9*]C/C=C/CN(C)C[17*],aza
FRAG_778fa2d81e,JAK2_2d508b2bcb,[10*]COc1cc([28*])ccc1OC,dioxa
FRAG_296d032d08,JAK2_2d508b2bcb,[10*]/C=C/C[14*],alkyl
FRAG_0081b3bf0e,JAK2_2d508b2bcb,[10*]/C=C/CN([16*])C,aza
FRAG_1a5a0240c9,JAK2_2d508b2bcb,[10*]/C=C/CN(C)C[17*],aza
FRAG_d31cd12d26,JAK2_2d508b2bcb,[10*]/C=C/CN(C)Cc1cccc([23*])c1,aza
FRAG_109e186d98,JAK2_2d508b2bcb,[11*]CCOc1cc([28*])ccc1OC,dioxa
FRAG_26fe21e2a4,JAK2_2d508b2bcb,[12*]CN([16*])C,aza
FRAG_5021b40d4b,JAK2_2d508b2bcb,[12*]CN(C)C[17*],aza
FRAG_c6ab3992de,JAK2_2d508b2bcb,[12*]CN(C)Cc1cccc([23*])c1,aza
FRAG_c905336972,JAK2_2d508b2bcb,[12*]CN(C)Cc1cccc(N[24*])c1,diaza
FRAG_cae320b426,JAK2_2d508b2bcb,[13*]N(C)C[17*],aza
FRAG_1206d0ac90,JAK2_2d508b2bcb,[13*]N(C)Cc1cccc([23*])c1,aza
FRAG_63964c144b,JAK2_2d508b2bcb,[13*]N(C)Cc1cccc(N[24*])c1,diaza
FRAG_ff5a3e2740,JAK2_2d508b2bcb,[14*]Cc1cccc([23*])c1,alkyl
FRAG_f14c0d18c1,JAK2_2d508b2bcb,[14*]Cc1cccc(N[24*])c1,aza
FRAG_4b15f797d6,JAK2_2d508b2bcb,[16*]c1cccc([23*])c1,alkyl
FRAG_4918bebe66,JAK2_2d508b2bcb,[16*]c1cccc(N[24*])c1,aza
FRAG_71c2f994d7,JAK2_2d508b2bcb,[5*]c1ccnc(N[21*])n1,diaza
FRAG_ddd9dee1bd,JAK2_2d508b2bcb,[5*]c1ccnc([23*])n1,diaza
FRAG_679a5e6a15,JAK2_e5976c5a3a,[1*]C/C=C/[5*],alkyl
FRAG_3f501b641a,JAK2_e5976c5a3a,[1*]C/C=C/C[6*],alkyl
FRAG_20a0906d01,JAK2_e5976c5a3a,[1*]C/C=C/CC[7*],alkyl
FRAG_51237c1096,JAK2_e5976c5a3a,[1*]C/C=C/CCO[8*],oxa
FRAG_9554429d1b,JAK2_e5976c5a3a,[1*]C/C=C/CCOc1cccc([14*])c1,oxa
FRAG_c7b55cf669,JAK2_e5976c5a3a,[2*]N(C)Cc1cccc(N[23*])c1,diaza
FRAG_1895cb424b,JAK2_e5976c5a3a,[2*]N(C)Cc1cccc([25*])c1,aza
FRAG_1b6ccb558c,JAK2_e5976c5a3a,[2*]N(C)C[30*],aza
FRAG_0fb425b075,JAK2_e5976c5a3a,[2*]/C=C/C[6*],alkyl
FRAG_bc93a84558,JAK2_e5976c5a3a,[2*]/C=C/CC[7*],alkyl
FRAG_35c573361b,JAK2_e5976c5a3a,[2*]/C=C/CCO[8*],oxa
FRAG_19e3b46ac3,JAK2_e5976c5a3a,[2*]/C=C/CCOc1cccc([14*])c1,oxa
FRAG_be0f10caf6,JAK2_e5976c5a3a,[3*]CN(C)Cc1cccc(N[23*])c1,diaza
FRAG_88d238bfd8,JAK2_e5976c5a3a,[3*]CN(C)Cc1cccc([25*])c1,aza
FRAG_dd74d3c396,JAK2_e5976c5a3a,[3*]CN(C)C[30*],aza
FRAG_39b925e047,JAK2_e5976c5a3a,[3*]CN([32*])C,aza
FRAG_f58584f1ad,JAK2_e5976c5a3a,[4*]CCO[8*],oxa
FRAG_0e2ab79fda,JAK2_e5976c5a3a,[4*]CCOc1cccc([14*])c1,oxa
FRAG_5237772bff,JAK2_e5976c5a3a,[5*]/C=C/CN(C)Cc1cccc([25*])c1,aza
FRAG_b1aa555037,JAK2_e5976c5a3a,[5*]/C=C/CN(C)C[30*],aza
FRAG_38e38587ce,JAK2_e5976c5a3a,[5*]/C=C/CN([32*])C,aza
FRAG_5d19d77188,JAK2_e5976c5a3a,[5*]COc1cccc([14*])c1,oxa
FRAG_0069b9e3f1,JAK2_e5976c5a3a,[6*]C/C=C/CN(C)C[30*],aza
FRAG_f86e887fdf,JAK2_e5976c5a3a,[6*]C/C=C/CN([32*])C,aza
FRAG_4d995ac958,JAK2_e5976c5a3a,[6*]Oc1cccc([14*])c1,oxa
FRAG_62495a42ce,JAK2_e5976c5a3a,[7*]CC/C=C/CN(C)C[30*],aza
FRAG_f2581cf48d,JAK2_e5976c5a3a,[7*]CC/C=C/CN([32*])C,aza
FRAG_44a3fb14e5,JAK2_e5976c5a3a,[7*]c1cccc([14*])c1,alkyl
FRAG_a0e4b59d7a,JAK2_e5976c5a3a,[8*]OCC/C=C/CN(C)C[30*],oxa_aza
FRAG_a6a09ecd91,JAK2_e5976c5a3a,[8*]OCC/C=C/CN([32*])C,oxa_aza
FRAG_186926a584,JAK2_e5976c5a3a,[12*]c1cc(N2CCCC2)nc([25*])n1,diaza
FRAG_5ea230485c,JAK2_e5976c5a3a,[12*]c1cc(N2CCCC2)nc(N[26*])n1,diaza
FRAG_4df5506123,JAK2_e5976c5a3a,[23*]Nc1cccc([32*])c1,aza
FRAG_e348e9124c,JAK2_e5976c5a3a,[1*]Cc1cccc(N[23*])c1,aza
FRAG_7bd970d43d,JAK2_e5976c5a3a,[25*]c1cccc([32*])c1,alkyl
FRAG_c36e89153b,JAK2_e5976c5a3a,[1*]Cc1cccc([25*])c1,alkyl
FRAG_e53c776b5e,JAK2_9bb49f0413,[1*]Cn1ccc2ccc([12*])cc21,aza
FRAG_cc03b03cc0,JAK2_9bb49f0413,[2*]/C=C/COCc1cccc(N[16*])c1,oxa_aza
FRAG_78f4bca2ca,JAK2_9bb49f0413,[2*]/C=C/COCc1cccc([18*])c1,oxa
FRAG_adf02132bb,JAK2_9bb49f0413,[2*]/C=C/COC[23*],oxa
FRAG_e979a7c19d,JAK2_9bb49f0413,[2*]/C=C/CO[25*],oxa
FRAG_6363e1024e,JAK2_9bb49f0413,[2*]/C=C/C[26*],alkyl
FRAG_011ac5b47c,JAK2_9bb49f0413,[2*]n1ccc2ccc([12*])cc21,aza
FRAG_b103cea3e6,JAK2_9bb49f0413,[3*]C/C=C/COCc1cccc([18*])c1,oxa
FRAG_d0b3686a3f,JAK2_9bb49f0413,[3*]C/C=C/COC[23*],oxa
FRAG_1e6f595567,JAK2_9bb49f0413,[3*]C/C=C/CO[25*],oxa
FRAG_4da240ed9b,JAK2_9bb49f0413,[3*]C/C=C/C[26*],alkyl
FRAG_5276374c96,JAK2_9bb49f0413,[3*]C/C=C/[27*],alkyl
FRAG_d244683662,JAK2_9bb49f0413,[9*]c1ccnc([18*])n1,diaza
FRAG_41a6aa9c57,JAK2_9bb49f0413,[9*]c1ccnc(N[19*])n1,diaza
FRAG_fb495adea0,JAK2_9bb49f0413,[12*]c1ccc2ccn(C/C=C/[27*])c2c1,aza
FRAG_2272fe42ce,JAK2_9bb49f0413,[16*]Nc1cccc([25*])c1,aza
FRAG_edcc1e3fd8,JAK2_9bb49f0413,[16*]Nc1cccc(C[26*])c1,aza
FRAG_f5f9b0fe38,JAK2_9bb49f0413,[16*]Nc1cccc(CO[27*])c1,aza_oxa
FRAG_ace2ea0b8a,JAK2_9bb49f0413,*COCc1cccc(N[16*])c1,oxa_aza
FRAG_d48909e655,JAK2_9bb49f0413,[18*]c1cccc([25*])c1,alkyl
FRAG_268708375c,JAK2_9bb49f0413,[18*]c1cccc(C[26*])c1,alkyl
FRAG_b98abc1e42,JAK2_9bb49f0413,[18*]c1cccc(CO[27*])c1,oxa
FRAG_0bca024a57,JAK2_9bb49f0413,*COCc1cccc([18*])c1,oxa
FRAG_2a8a5165e4,JAK2_9bb49f0413,*COC[23*],oxa
FRAG_6b0009c01a,JAK2_0f8af01b6c,[7*]COC[11*],oxa
FRAG_fbab81f79f,JAK2_0f8af01b6c,[7*]COCC=C[13*],oxa
FRAG_0ca676584f,JAK2_0f8af01b6c,[7*]COCC=CC[14*],oxa
FRAG_6619ce0644,JAK2_0f8af01b6c,[7*]COCC=CCO[15*],dioxa
FRAG_961466f7c4,JAK2_0f8af01b6c,[7*]COCC=CCOC[16*],dioxa
FRAG_581dedc126,JAK2_0f8af01b6c,[8*]c1cc(N[26*])ccc1OC,aza_oxa
FRAG_6ae978ea54,JAK2_0f8af01b6c,[8*]c1cc([28*])ccc1OC,oxa
FRAG_4a508ac6ff,JAK2_0f8af01b6c,[8*]OCC=C[13*],oxa
FRAG_10a1124e2c,JAK2_0f8af01b6c,[8*]OCC=CC[14*],oxa
FRAG_2858c2d756,JAK2_0f8af01b6c,[8*]OCC=CCO[15*],dioxa
FRAG_ce7826b5e1,JAK2_0f8af01b6c,[8*]OCC=CCOC[16*],dioxa
FRAG_83ec9a8c79,JAK2_0f8af01b6c,[9*]Cc1cc(N[26*])ccc1OC,aza_oxa
FRAG_c07ad3886a,JAK2_0f8af01b6c,[9*]Cc1cc([28*])ccc1OC,oxa
FRAG_a6b93b515f,JAK2_0f8af01b6c,[9*]CC=C[13*],alkyl
FRAG_47bfd46f0c,JAK2_0f8af01b6c,[9*]CC=CC[14*],alkyl
FRAG_8c34b914d3,JAK2_0f8af01b6c,[9*]CC=CCO[15*],oxa
FRAG_584d1dad91,JAK2_0f8af01b6c,[9*]CC=CCOC[16*],oxa
FRAG_5914fad95d,JAK2_0f8af01b6c,[9*]CC=CCOCc1cccc([22*])c1,oxa
FRAG_f21ef3acd0,JAK2_0f8af01b6c,[10*]OCc1cc(N[26*])ccc1OC,oxa_aza
FRAG_9809f510f0,JAK2_0f8af01b6c,[10*]OCc1cc([28*])ccc1OC,dioxa
FRAG_b0ac1859c5,JAK2_0f8af01b6c,[10*]C=CC[14*],alkyl
FRAG_e75ee9b414,JAK2_0f8af01b6c,[10*]C=CCO[15*],oxa
FRAG_e13b1831cf,JAK2_0f8af01b6c,[10*]C=CCOC[16*],oxa
FRAG_b72a9146a9,JAK2_0f8af01b6c,[10*]C=CCOCc1cccc([22*])c1,oxa
FRAG_bc752ddbe6,JAK2_0f8af01b6c,[11*]COCc1cc(N[26*])ccc1OC,oxa_aza
FRAG_745275f7e2,JAK2_0f8af01b6c,[11*]COCc1cc([28*])ccc1OC,dioxa
FRAG_c419e58dc1,JAK2_0f8af01b6c,[12*]COC[16*],oxa
FRAG_075eccc0ec,JAK2_0f8af01b6c,[12*]COCc1cccc([22*])c1,oxa
FRAG_405c53fcd7,JAK2_0f8af01b6c,[13*]OCc1cccc([22*])c1,oxa
FRAG_5d1957d79a,JAK2_0f8af01b6c,[14*]Cc1cccc([22*])c1,alkyl
FRAG_97913ec754,JAK2_0f8af01b6c,[15*]c1cccc([22*])c1,alkyl
FRAG_5bdf9c302c,JAK2_0f8af01b6c,[15*]c1cccc(-c2ccnc([28*])n2)c1,diaza
FRAG_8ab6360aa0,JAK2_0f8af01b6c,[20*]c1ccnc([28*])n1,diaza
FRAG_f5f00c5517,JAK2_0f8af01b6c,[5*]Nc1nccc([20*])n1,diaza
FRAG_913b6b1a8a,JAK2_262bf0ff2a,[1*]C/C=C/[5*],alkyl
FRAG_8444dc6e04,JAK2_262bf0ff2a,[1*]C/C=C/C[6*],alkyl
FRAG_69eaa38bb5,JAK2_262bf0ff2a,[1*]C/C=C/CC[7*],alkyl
FRAG_3f20c73b35,JAK2_262bf0ff2a,[1*]C/C=C/CCO[8*],oxa
FRAG_503f34e5fd,JAK2_262bf0ff2a,[1*]C/C=C/CCOc1cc([14*])ccn1,aza_oxa
FRAG_551106231f,JAK2_262bf0ff2a,[2*]N(C)Cc1cccc(N[18*])c1,diaza
FRAG_ace0f8a3a5,JAK2_262bf0ff2a,[2*]N(C)Cc1cccc([20*])c1,aza
FRAG_5ec7605d28,JAK2_262bf0ff2a,[2*]N(C)C[25*],aza
FRAG_9ff79cf2c6,JAK2_262bf0ff2a,[2*]/C=C/C[6*],alkyl
FRAG_d0811f93eb,JAK2_262bf0ff2a,[2*]/C=C/CC[7*],alkyl
FRAG_4aeadaab33,JAK2_262bf0ff2a,[2*]/C=C/CCO[8*],oxa
FRAG_b7904a6c33,JAK2_262bf0ff2a,[2*]/C=C/CCOc1cc([14*])ccn1,aza_oxa
FRAG_7547882afe,JAK2_262bf0ff2a,[3*]CN(C)Cc1cccc(N[18*])c1,diaza
FRAG_34c5082353,JAK2_262bf0ff2a,[3*]CN(C)Cc1cccc([20*])c1,aza
FRAG_15de59937f,JAK2_262bf0ff2a,[3*]CN(C)C[25*],aza
FRAG_2f23c00baa,JAK2_262bf0ff2a,[3*]CN([27*])C,aza
FRAG_3a0033b287,JAK2_262bf0ff2a,[4*]CCO[8*],oxa
FRAG_250464d1ce,JAK2_262bf0ff2a,[4*]CCOc1cc([14*])ccn1,aza_oxa
FRAG_06a6700e00,JAK2_262bf0ff2a,[5*]/C=C/CN(C)Cc1cccc([20*])c1,aza
FRAG_95b70d3df6,JAK2_262bf0ff2a,[5*]/C=C/CN(C)C[25*],aza
FRAG_208f11a115,JAK2_262bf0ff2a,[5*]/C=C/CN([27*])C,aza
FRAG_5dfd2645fd,JAK2_262bf0ff2a,[5*]COc1cc([14*])ccn1,aza_oxa
FRAG_51f4ebd96d,JAK2_262bf0ff2a,[6*]C/C=C/CN(C)C[25*],aza
FRAG_86720cf909,JAK2_262bf0ff2a,[6*]C/C=C/CN([27*])C,aza
FRAG_486c09091d,JAK2_262bf0ff2a,[6*]Oc1cc([14*])ccn1,aza_oxa
FRAG_7f31209131,JAK2_262bf0ff2a,[7*]CC/C=C/CN(C)C[25*],aza
FRAG_f8e4c59a60,JAK2_262bf0ff2a,[7*]CC/C=C/CN([27*])C,aza
FRAG_98ccdaf40d,JAK2_262bf0ff2a,[7*]c1cc([14*])ccn1,aza
FRAG_91cf4e3274,JAK2_262bf0ff2a,[7*]c1cc(-c2ccnc([20*])n2)ccn1,diaza
FRAG_f284af1f38,JAK2_262bf0ff2a,[8*]OCC/C=C/CN(C)C[25*],oxa_aza
FRAG_368df43cfc,JAK2_262bf0ff2a,[8*]OCC/C=C/CN([27*])C,oxa_aza
FRAG_a567a77965,JAK2_262bf0ff2a,[10*]c1ccnc([20*])n1,diaza
FRAG_4064750435,JAK2_262bf0ff2a,[10*]c1ccnc(N[21*])n1,diaza
FRAG_653c274a33,JAK2_262bf0ff2a,[18*]Nc1cccc([27*])c1,aza
FRAG_ce548b7a7b,JAK2_262bf0ff2a,[1*]Cc1cccc(N[18*])c1,aza
FRAG_9e4155cbf1,JAK2_262bf0ff2a,[20*]c1cccc([27*])c1,alkyl
FRAG_5f6fe9459b,JAK2_262bf0ff2a,[1*]Cc1cccc([20*])c1,alkyl
FRAG_0a554d7ba1,JAK2_b21b5d167f,[13*]CN([17*])C,aza
FRAG_b245b1c945,JAK2_b21b5d167f,[13*]CN(C)C[18*],aza
FRAG_76ca0f8e76,JAK2_b21b5d167f,[13*]CN(C)C/C=C/[20*],aza
FRAG_9d1518c166,JAK2_b21b5d167f,[13*]CN(C)C/C=C/C[21*],aza
FRAG_1fd0bc478b,JAK2_b21b5d167f,[13*]CN(C)C/C=C/CC[22*],aza
FRAG_3346a1a61b,JAK2_b21b5d167f,[13*]CN(C)C/C=C/CCO[23*],aza_oxa
FRAG_0888200f85,JAK2_b21b5d167f,[14*]N(C)C[18*],aza
FRAG_67dc743d77,JAK2_b21b5d167f,[14*]N(C)C/C=C/[20*],aza
FRAG_895dcaf1b7,JAK2_b21b5d167f,[14*]N(C)C/C=C/C[21*],aza
FRAG_e713ffafbc,JAK2_b21b5d167f,[14*]N(C)C/C=C/CC[22*],aza
FRAG_ae9cf8aefe,JAK2_b21b5d167f,[14*]N(C)C/C=C/CCO[23*],aza_oxa
FRAG_c38ced9b08,JAK2_b21b5d167f,[15*]C/C=C/[20*],alkyl
FRAG_2bb507d922,JAK2_b21b5d167f,[15*]C/C=C/C[21*],alkyl
FRAG_a11f62f1e6,JAK2_b21b5d167f,[15*]C/C=C/CC[22*],alkyl
FRAG_14fd0d4813,JAK2_b21b5d167f,[15*]C/C=C/CCO[23*],oxa
FRAG_715efb1fca,JAK2_b21b5d167f,[15*]C/C=C/CCOc1cccc([29*])c1,oxa
FRAG_36c384b544,JAK2_b21b5d167f,[17*]/C=C/C[21*],alkyl
FRAG_975ce0990b,JAK2_b21b5d167f,[17*]/C=C/CC[22*],alkyl
FRAG_3424039b57,JAK2_b21b5d167f,[17*]/C=C/CCO[23*],oxa
FRAG_9fa4b4b1d3,JAK2_b21b5d167f,[17*]/C=C/CCOc1cccc([29*])c1,oxa
FRAG_93e67ecfa4,JAK2_b21b5d167f,[19*]CCO[23*],oxa
FRAG_7437ba3535,JAK2_b21b5d167f,[19*]CCOc1cccc([29*])c1,oxa
FRAG_16790d034a,JAK2_b21b5d167f,[20*]COc1cccc([29*])c1,oxa
FRAG_aa0d308abc,JAK2_b21b5d167f,[21*]Oc1cccc([29*])c1,oxa
FRAG_07a5cdd0a6,JAK2_b21b5d167f,[22*]c1cccc([29*])c1,alkyl
FRAG_8a062c4464,JAK2_b21b5d167f,[22*]c1cccc(-c2ccnc([35*])n2)c1,diaza
FRAG_1ae17ac9da,JAK2_b21b5d167f,[27*]c1ccnc([35*])n1,diaza
FRAG_06c9028ab9,JAK2_b21b5d167f,[11*]Nc1nccc([27*])n1,diaza
FRAG_99b5d703f8,JAK2_22b820a577,[1*]CN([11*])Cc1ccccn1,diaza
FRAG_661d0d332b,JAK2_22b820a577,[1*]CN(C[12*])Cc1ccccn1,diaza
FRAG_982605c535,JAK2_22b820a577,[2*]/C=C/CCOc1cccc([23*])c1,oxa
FRAG_9eaac5515d,JAK2_22b820a577,[2*]/C=C/CCO[29*],oxa
FRAG_6d1fbb3119,JAK2_22b820a577,[2*]/C=C/CC[31*],alkyl
FRAG_a783204420,JAK2_22b820a577,[2*]/C=C/C[32*],alkyl
FRAG_d3f8b156e2,JAK2_22b820a577,[2*]N(C[12*])Cc1ccccn1,diaza
FRAG_2ee31b6175,JAK2_22b820a577,[3*]C/C=C/CCOc1cccc([23*])c1,oxa
FRAG_071a084c1f,JAK2_22b820a577,[3*]C/C=C/CCO[29*],oxa
FRAG_efdc263c78,JAK2_22b820a577,[3*]C/C=C/CC[31*],alkyl
FRAG_345a7e8afd,JAK2_22b820a577,[3*]C/C=C/C[32*],alkyl
FRAG_49d636096a,JAK2_22b820a577,[3*]C/C=C/[33*],alkyl
FRAG_17be503e85,JAK2_22b820a577,[3*]Cc1cccc([18*])c1,alkyl
FRAG_8ffc694f7e,JAK2_22b820a577,[3*]Cc1cccc(N[19*])c1,aza
FRAG_37a79b5c77,JAK2_22b820a577,[11*]N(C/C=C/C[32*])Cc1ccccn1,diaza
FRAG_6e1fd2753c,JAK2_22b820a577,[11*]N(C/C=C/[33*])Cc1ccccn1,diaza
FRAG_23d58fd33f,JAK2_22b820a577,[11*]c1cccc([18*])c1,alkyl
FRAG_246950932a,JAK2_22b820a577,[11*]c1cccc(N[19*])c1,aza
FRAG_7199f40ef6,JAK2_22b820a577,[12*]CN(C/C=C/[33*])Cc1ccccn1,diaza
FRAG_be3a038cca,JAK2_22b820a577,[16*]Nc1nccc([25*])n1,diaza
FRAG_a486e74125,JAK2_22b820a577,[18*]c1nccc([25*])n1,diaza
FRAG_872686c9e6,JAK2_22b820a577,[18*]c1nccc(-c2cccc([31*])c2)n1,diaza
FRAG_01f8cbf457,JAK2_22b820a577,[23*]c1cccc([31*])c1,alkyl
FRAG_da03c61be0,JAK2_22b820a577,[23*]c1cccc(O[32*])c1,oxa
FRAG_e2ddf1d6af,JAK2_22b820a577,[23*]c1cccc(OC[33*])c1,oxa
FRAG_78952d00ca,JAK2_22b820a577,*CCOc1cccc([23*])c1,oxa
FRAG_423de94e8d,JAK2_22b820a577,*CCO[29*],oxa
FRAG_2e8808d126,JAK2_9ee4e5a341,[1*]COC[5*],oxa
FRAG_0282ce6f0c,JAK2_9ee4e5a341,[2*]/C=C/COCc1cc([24*])co1,dioxa
FRAG_3515dda2f8,JAK2_9ee4e5a341,[2*]/C=C/COC[29*],oxa
FRAG_3aebfa8341,JAK2_9ee4e5a341,[2*]/C=C/CO[31*],oxa
FRAG_11f6ca6da5,JAK2_9ee4e5a341,[2*]/C=C/C[32*],alkyl
FRAG_988fd83b43,JAK2_9ee4e5a341,[3*]C/C=C/COCc1cc([24*])co1,dioxa
FRAG_884600a8cb,JAK2_9ee4e5a341,[3*]C/C=C/COC[29*],oxa
FRAG_526071124d,JAK2_9ee4e5a341,[3*]C/C=C/CO[31*],oxa
FRAG_1898e95dc6,JAK2_9ee4e5a341,[3*]C/C=C/C[32*],alkyl
FRAG_08a1e670ec,JAK2_9ee4e5a341,[3*]C/C=C/[33*],alkyl
FRAG_9ddf3b87c8,JAK2_9ee4e5a341,[4*]OC/C=C/COCc1cc([24*])co1,dioxa
FRAG_b3dc3f4886,JAK2_9ee4e5a341,[4*]OC/C=C/COC[29*],dioxa
FRAG_457514cfb5,JAK2_9ee4e5a341,[4*]OC/C=C/CO[31*],dioxa
FRAG_c5295d1930,JAK2_9ee4e5a341,[4*]OC/C=C/C[32*],oxa
FRAG_1aca9cc44e,JAK2_9ee4e5a341,[4*]OC/C=C/[33*],oxa
FRAG_4703441729,JAK2_9ee4e5a341,[5*]COC/C=C/COC[29*],dioxa
FRAG_28f3871972,JAK2_9ee4e5a341,[5*]COC/C=C/CO[31*],dioxa
FRAG_5ceda25e64,JAK2_9ee4e5a341,[5*]COC/C=C/C[32*],oxa
FRAG_b0fcaac61b,JAK2_9ee4e5a341,[5*]COC/C=C/[33*],oxa
FRAG_0d91854f08,JAK2_9ee4e5a341,[7*]Nc1nccc([26*])n1,diaza
FRAG_a244ff50c1,JAK2_9ee4e5a341,[7*]Nc1nccc(-c2coc([31*])c2)n1,aza_oxa
FRAG_a30d95a758,JAK2_9ee4e5a341,[19*]c1nccc([26*])n1,diaza
FRAG_91c0f0cb74,JAK2_9ee4e5a341,[19*]c1nccc(-c2coc([31*])c2)n1,aza_oxa
FRAG_dda1decdb7,JAK2_9ee4e5a341,[19*]c1nccc(-c2coc(C[32*])c2)n1,aza_oxa
FRAG_6e7689e2e6,JAK2_9ee4e5a341,[24*]c1coc([31*])c1,oxa
FRAG_cb2e883355,JAK2_9ee4e5a341,[24*]c1coc(C[32*])c1,oxa
FRAG_13bd29eca1,JAK2_9ee4e5a341,[24*]c1coc(CO[33*])c1,dioxa
FRAG_13ce017514,JAK2_9ee4e5a341,*COCc1cc([24*])co1,dioxa
FRAG_4f13ba8663,JAK2_9ee4e5a341,*COC[29*],oxa
FRAG_bf14d4c82e,JAK2_1891397aa8,[1*]CNC[5*],aza
FRAG_95be9bbb59,JAK2_1891397aa8,[1*]CNCc1cccc([11*])c1,aza
FRAG_d688ccd98b,JAK2_1891397aa8,[1*]CNCc1cccc(N[12*])c1,diaza
FRAG_603f81c4b0,JAK2_1891397aa8,[2*]/C=C/CCOc1cccc([16*])c1,oxa
FRAG_9889d4e0a8,JAK2_1891397aa8,[2*]/C=C/CCO[22*],oxa
FRAG_b5cb5ade74,JAK2_1891397aa8,[2*]/C=C/CC[24*],alkyl
FRAG_89f5399524,JAK2_1891397aa8,[2*]/C=C/C[25*],alkyl
FRAG_b51aa8763b,JAK2_1891397aa8,[2*]NCc1cccc([11*])c1,aza
FRAG_8d0fe78322,JAK2_1891397aa8,[2*]NCc1cccc(N[12*])c1,diaza
FRAG_d231c45768,JAK2_1891397aa8,[3*]C/C=C/CCOc1cccc([16*])c1,oxa
FRAG_4634f21652,JAK2_1891397aa8,[3*]C/C=C/CCO[22*],oxa
FRAG_b617367f75,JAK2_1891397aa8,[3*]C/C=C/CC[24*],alkyl
FRAG_a8de194b85,JAK2_1891397aa8,[3*]C/C=C/C[25*],alkyl
FRAG_080c895e6c,JAK2_1891397aa8,[3*]C/C=C/[26*],alkyl
FRAG_a3e7760f6a,JAK2_1891397aa8,[3*]Cc1cccc([11*])c1,alkyl
FRAG_5c24dd9553,JAK2_1891397aa8,[3*]Cc1cccc(N[12*])c1,aza
FRAG_d79826dc46,JAK2_1891397aa8,[4*]NC/C=C/CCO[22*],aza_oxa
FRAG_ddfb3b3b1c,JAK2_1891397aa8,[4*]NC/C=C/CC[24*],aza
FRAG_2835ce27e8,JAK2_1891397aa8,[4*]NC/C=C/C[25*],aza
FRAG_80d6ba77ad,JAK2_1891397aa8,[4*]NC/C=C/[26*],aza
FRAG_83380484c1,JAK2_1891397aa8,[4*]c1cccc([11*])c1,alkyl
FRAG_55f43a41dc,JAK2_1891397aa8,[4*]c1cccc(N[12*])c1,aza
FRAG_04e198db96,JAK2_1891397aa8,[5*]CNC/C=C/CCO[22*],aza_oxa
FRAG_e3411db2be,JAK2_1891397aa8,[5*]CNC/C=C/CC[24*],aza
FRAG_05f929a950,JAK2_1891397aa8,[5*]CNC/C=C/C[25*],aza
FRAG_fad3dcbe62,JAK2_1891397aa8,[5*]CNC/C=C/[26*],aza
FRAG_94efe00327,JAK2_1891397aa8,[9*]Nc1nccc([18*])n1,diaza
FRAG_4f0e08722e,JAK2_1891397aa8,[11*]c1cccc(CNC/C=C/C[25*])c1,aza
FRAG_d080f6fbec,JAK2_1891397aa8,[11*]c1cccc(CNC/C=C/[26*])c1,aza
FRAG_85de83c34c,JAK2_1891397aa8,[11*]c1nccc([18*])n1,diaza
FRAG_3ec0b465cf,JAK2_1891397aa8,[11*]c1nccc(-c2cccc([24*])c2)n1,diaza
FRAG_bf0191fba3,JAK2_1891397aa8,[12*]Nc1cccc(CNC/C=C/[26*])c1,diaza
FRAG_7dd9616048,JAK2_1891397aa8,[16*]c1cccc([24*])c1,alkyl
FRAG_0891c5c1e7,JAK2_1891397aa8,[16*]c1cccc(O[25*])c1,oxa
FRAG_4327b904bc,JAK2_1891397aa8,[16*]c1cccc(OC[26*])c1,oxa
FRAG_3ecf4e2444,JAK2_1891397aa8,*CCOc1cccc([16*])c1,oxa
FRAG_12c195a208,JAK2_1891397aa8,*CCO[22*],oxa
FRAG_8b49a29735,JAK2_3452a5d8c9,[1*]C/C=C/[5*],alkyl
FRAG_220abb7846,JAK2_3452a5d8c9,[1*]C/C=C/C[6*],alkyl
FRAG_724df49b07,JAK2_3452a5d8c9,[1*]C/C=C/CC[7*],alkyl
FRAG_a73af35117,JAK2_3452a5d8c9,[1*]C/C=C/CCO[8*],oxa
FRAG_a5066d0ec5,JAK2_3452a5d8c9,[1*]C/C=C/CCOc1cccc([14*])c1,oxa
FRAG_f1f73878bd,JAK2_3452a5d8c9,[2*]N(C)C[34*],aza
FRAG_f30549fa4f,JAK2_3452a5d8c9,[2*]/C=C/C[6*],alkyl
FRAG_8d38193657,JAK2_3452a5d8c9,[2*]/C=C/CC[7*],alkyl
FRAG_31e992879e,JAK2_3452a5d8c9,[2*]/C=C/CCO[8*],oxa
FRAG_847cbc9508,JAK2_3452a5d8c9,[2*]/C=C/CCOc1cccc([14*])c1,oxa
FRAG_28b391ef16,JAK2_3452a5d8c9,[3*]CN(C)C[34*],aza
FRAG_2292930198,JAK2_3452a5d8c9,[3*]CN([36*])C,aza
FRAG_c69f2b214f,JAK2_3452a5d8c9,[4*]CCO[8*],oxa
FRAG_90924280c7,JAK2_3452a5d8c9,[4*]CCOc1cccc([14*])c1,oxa
FRAG_4ba5afe3be,JAK2_3452a5d8c9,[5*]/C=C/CN(C)C[34*],aza
FRAG_2aece684f1,JAK2_3452a5d8c9,[5*]/C=C/CN([36*])C,aza
FRAG_705a7ae28c,JAK2_3452a5d8c9,[5*]COc1cccc([14*])c1,oxa
FRAG_a9d08f6bcb,JAK2_3452a5d8c9,[6*]C/C=C/CN(C)C[34*],aza
FRAG_eb57da85f0,JAK2_3452a5d8c9,[6*]C/C=C/CN([36*])C,aza
FRAG_d816da19ab,JAK2_3452a5d8c9,[6*]Oc1cccc([14*])c1,oxa
FRAG_35158d0493,JAK2_3452a5d8c9,[7*]CC/C=C/CN(C)C[34*],aza
FRAG_c73563c157,JAK2_3452a5d8c9,[7*]CC/C=C/CN([36*])C,aza
FRAG_3cec12e097,JAK2_3452a5d8c9,[7*]c1cccc([14*])c1,alkyl
FRAG_9905e946c2,JAK2_3452a5d8c9,[7*]c1cccc(-c2ccnc([20*])n2)c1,diaza
FRAG_0d3dfd3d67,JAK2_3452a5d8c9,[8*]OCC/C=C/CN(C)C[34*],oxa_aza
FRAG_d960dcf050,JAK2_3452a5d8c9,[8*]OCC/C=C/CN([36*])C,oxa_aza
FRAG_2d52d714a5,JAK2_3452a5d8c9,[12*]c1ccnc([20*])n1,diaza
FRAG_d8d4606e21,JAK2_3452a5d8c9,[12*]c1ccnc(N[21*])n1,diaza
FRAG_eca735a47a,JAK2_f174044a05,[2*]C/C=C/[6*],alkyl
FRAG_02aff89a2e,JAK2_f174044a05,[2*]C/C=C/C[7*],alkyl
FRAG_1df43c70b5,JAK2_f174044a05,[2*]C/C=C/CC[8*],alkyl
FRAG_f09428852f,JAK2_f174044a05,[2*]C/C=C/CCO[9*],oxa
FRAG_d5efda3e6d,JAK2_f174044a05,[2*]C/C=C/CCOc1cccc([15*])c1,oxa
FRAG_b721d70c77,JAK2_f174044a05,[3*]N(C[26*])C(=O)C(F)(F)F,aza_oxa
FRAG_b406ae6c7c,JAK2_f174044a05,[3*]/C=C/C[7*],alkyl
FRAG_ddc0e5cd20,JAK2_f174044a05,[3*]/C=C/CC[8*],alkyl
FRAG_375a81fdba,JAK2_f174044a05,[3*]/C=C/CCO[9*],oxa
FRAG_9af2b9a4f6,JAK2_f174044a05,[3*]/C=C/CCOc1cccc([15*])c1,oxa
FRAG_d7f66e65ec,JAK2_f174044a05,[4*]CN(C[26*])C(=O)C(F)(F)F,aza_oxa
FRAG_152318cdb6,JAK2_f174044a05,[4*]CN([28*])C(=O)C(F)(F)F,aza_oxa
FRAG_1de2761f84,JAK2_f174044a05,[5*]CCO[9*],oxa
FRAG_3333bb85d2,JAK2_f174044a05,[5*]CCOc1cccc([15*])c1,oxa
FRAG_0c66d81ad0,JAK2_f174044a05,[6*]/C=C/CN(C[26*])C(=O)C(F)(F)F,aza_oxa
FRAG_eecfe0b921,JAK2_f174044a05,[6*]/C=C/CN([28*])C(=O)C(F)(F)F,aza_oxa
FRAG_b7436fb694,JAK2_f174044a05,[6*]COc1cccc([15*])c1,oxa
FRAG_cef7515f7f,JAK2_f174044a05,[7*]C/C=C/CN(C[26*])C(=O)C(F)(F)F,aza_oxa
FRAG_545cc5edd6,JAK2_f174044a05,[7*]C/C=C/CN([28*])C(=O)C(F)(F)F,aza_oxa
FRAG_581223bddb,JAK2_f174044a05,[7*]Oc1cccc([15*])c1,oxa
FRAG_145d53e038,JAK2_f174044a05,[8*]CC/C=C/CN([28*])C(=O)C(F)(F)F,aza_oxa
FRAG_4a030a1cfa,JAK2_f174044a05,[8*]c1cccc([15*])c1,alkyl
FRAG_fe71af2ccf,JAK2_f174044a05,[8*]c1cccc(-c2ccnc([21*])n2)c1,diaza
FRAG_1c85353a54,JAK2_f174044a05,[13*]c1ccnc([21*])n1,diaza
FRAG_04dad222ff,JAK2_f174044a05,[13*]c1ccnc(N[22*])n1,diaza
FRAG_00e7df52d2,JAK2_f174044a05,[19*]Nc1cccc([28*])c1,aza
FRAG_df22cd0fe9,JAK2_f174044a05,[2*]Cc1cccc(N[19*])c1,aza
FRAG_745e845bfb,JAK2_f174044a05,[21*]c1cccc([28*])c1,alkyl
FRAG_e35ef15ec7,JAK2_f174044a05,[2*]Cc1cccc([21*])c1,alkyl
FRAG_102287bd86,JAK2_ae14213e4e,[1*]C/C=C/[5*],alkyl
FRAG_7275340166,JAK2_ae14213e4e,[1*]C/C=C/C[6*],alkyl
FRAG_e093591dd1,JAK2_ae14213e4e,[1*]C/C=C/CC[7*],alkyl
FRAG_64362593f8,JAK2_ae14213e4e,[1*]C/C=C/CCO[8*],oxa
FRAG_3a3750cea5,JAK2_ae14213e4e,[1*]C/C=C/CCOc1cccc([14*])c1,oxa
FRAG_3afb2bc4ba,JAK2_ae14213e4e,[2*]N(C)C[33*],aza
FRAG_4a3993eee4,JAK2_ae14213e4e,[2*]/C=C/C[6*],alkyl
FRAG_6f2fd8908e,JAK2_ae14213e4e,[2*]/C=C/CC[7*],alkyl
FRAG_e1d2e96d63,JAK2_ae14213e4e,[2*]/C=C/CCO[8*],oxa
FRAG_72d3c8ad5f,JAK2_ae14213e4e,[2*]/C=C/CCOc1cccc([14*])c1,oxa
FRAG_f907c923b9,JAK2_ae14213e4e,[3*]CN(C)C[33*],aza
FRAG_3be8496755,JAK2_ae14213e4e,[3*]CN([35*])C,aza
FRAG_7f48120762,JAK2_ae14213e4e,[4*]CCO[8*],oxa
FRAG_e86cf004d6,JAK2_ae14213e4e,[4*]CCOc1cccc([14*])c1,oxa
FRAG_277780fbfe,JAK2_ae14213e4e,[5*]/C=C/CN(C)C[33*],aza
FRAG_3f7ed3bff1,JAK2_ae14213e4e,[5*]/C=C/CN([35*])C,aza
FRAG_29fa1a551f,JAK2_ae14213e4e,[5*]COc1cccc([14*])c1,oxa
FRAG_66f6a54dda,JAK2_ae14213e4e,[6*]C/C=C/CN(C)C[33*],aza
FRAG_197b3b763a,JAK2_ae14213e4e,[6*]C/C=C/CN([35*])C,aza
FRAG_04b826f9fe,JAK2_ae14213e4e,[6*]Oc1cccc([14*])c1,oxa
FRAG_22cc4bd4a8,JAK2_ae14213e4e,[7*]CC/C=C/CN(C)C[33*],aza
FRAG_409ba660fa,JAK2_ae14213e4e,[7*]CC/C=C/CN([35*])C,aza
FRAG_3cd289edd2,JAK2_ae14213e4e,[7*]c1cccc([14*])c1,alkyl
FRAG_50ce11cd25,JAK2_ae14213e4e,[7*]c1cccc(-c2ccnc([20*])n2)c1,diaza
FRAG_4eecfeb912,JAK2_ae14213e4e,[8*]OCC/C=C/CN(C)C[33*],oxa_aza
FRAG_f674704794,JAK2_ae14213e4e,[8*]OCC/C=C/CN([35*])C,oxa_aza
FRAG_b9de7b926b,JAK2_ae14213e4e,[12*]c1ccnc([20*])n1,diaza
FRAG_e427acb7a8,JAK2_ae14213e4e,[12*]c1ccnc(N[21*])n1,diaza
FRAG_c6c8272a8f,JAK2_c104abb853,[1*]COC[5*],oxa
FRAG_5ede0fdbe8,JAK2_c104abb853,[1*]COCc1cccc([11*])c1,oxa
FRAG_c10330a4dc,JAK2_c104abb853,[2*]C=CCOC[20*],oxa
FRAG_c8f684e3fe,JAK2_c104abb853,[2*]C=CCO[33*],oxa
FRAG_e2ab9b90c3,JAK2_c104abb853,[2*]C=CC[34*],alkyl
FRAG_d39349053a,JAK2_c104abb853,[2*]OCc1cccc([11*])c1,oxa
FRAG_28865e90e7,JAK2_c104abb853,[3*]CC=CCOC[20*],oxa
FRAG_f3f47fd503,JAK2_c104abb853,[3*]CC=CCO[33*],oxa
FRAG_2e2074d1df,JAK2_c104abb853,[3*]CC=CC[34*],alkyl
FRAG_2e69a7e671,JAK2_c104abb853,[3*]CC=C[35*],alkyl
FRAG_82526b51bc,JAK2_c104abb853,[3*]Cc1cccc([11*])c1,alkyl
FRAG_12f47ab875,JAK2_c104abb853,[4*]OCC=CCOC[20*],dioxa
FRAG_c5c8a1269a,JAK2_c104abb853,[4*]OCC=CCO[33*],dioxa
FRAG_166b00f620,JAK2_c104abb853,[4*]OCC=CC[34*],oxa
FRAG_e32c137d13,JAK2_c104abb853,[4*]OCC=C[35*],oxa
FRAG_0fc096188d,JAK2_c104abb853,[4*]c1cccc([11*])c1,alkyl
FRAG_6370ff3d04,JAK2_c104abb853,[4*]c1cccc(-c2ccnc([17*])n2)c1,diaza
FRAG_27a341756b,JAK2_c104abb853,[5*]COCC=CCOC[20*],dioxa
FRAG_e77f20bf7b,JAK2_c104abb853,[5*]COCC=CCO[33*],dioxa
FRAG_fb54c875ad,JAK2_c104abb853,[5*]COCC=CC[34*],oxa
FRAG_947aa8c27e,JAK2_c104abb853,[5*]COCC=C[35*],oxa
FRAG_90a005420a,JAK2_c104abb853,[9*]c1ccnc([17*])n1,diaza
FRAG_15cc7c1597,JAK2_c104abb853,[9*]c1ccnc(N[18*])n1,diaza
FRAG_0becba975a,JAK2_c104abb853,[11*]c1cccc(COCC=CC[34*])c1,oxa
FRAG_f90e701fd0,JAK2_c104abb853,[11*]c1cccc(COCC=C[35*])c1,oxa
FRAG_a2d14b374b,JAK2_c104abb853,*COC[20*],oxa
FRAG_5604f86d31,JAK2_d93114e5db,[1*]C/C=C/[5*],alkyl
FRAG_192ac41a5d,JAK2_d93114e5db,[1*]C/C=C/C[6*],alkyl
FRAG_fa9b3037ee,JAK2_d93114e5db,[1*]C/C=C/CC[7*],alkyl
FRAG_e15dcce458,JAK2_d93114e5db,[1*]C/C=C/CCO[8*],oxa
FRAG_ca5bce1c09,JAK2_d93114e5db,[1*]C/C=C/CCOc1cccc([14*])c1,oxa
FRAG_3805cb006f,JAK2_d93114e5db,[2*]N(C)C[34*],aza
FRAG_9d3ba5ed5a,JAK2_d93114e5db,[2*]/C=C/C[6*],alkyl
FRAG_ceb7f7ae01,JAK2_d93114e5db,[2*]/C=C/CC[7*],alkyl
FRAG_2733e8cb11,JAK2_d93114e5db,[2*]/C=C/CCO[8*],oxa
FRAG_df2a1eade6,JAK2_d93114e5db,[2*]/C=C/CCOc1cccc([14*])c1,oxa
FRAG_fbfdcf625e,JAK2_d93114e5db,[3*]CN(C)C[34*],aza
FRAG_c8645c43ac,JAK2_d93114e5db,[3*]CN([36*])C,aza
FRAG_abd917a2f3,JAK2_d93114e5db,[4*]CCO[8*],oxa
FRAG_f81a72a77d,JAK2_d93114e5db,[4*]CCOc1cccc([14*])c1,oxa
FRAG_9a42036d03,JAK2_d93114e5db,[5*]/C=C/CN(C)C[34*],aza
FRAG_90debd624d,JAK2_d93114e5db,[5*]/C=C/CN([36*])C,aza
FRAG_f73c697457,JAK2_d93114e5db,[5*]COc1cccc([14*])c1,oxa
FRAG_64894ac485,JAK2_d93114e5db,[6*]C/C=C/CN(C)C[34*],aza
FRAG_cacf0a68fc,JAK2_d93114e5db,[6*]C/C=C/CN([36*])C,aza
FRAG_7a1309a726,JAK2_d93114e5db,[6*]Oc1cccc([14*])c1,oxa
FRAG_2e2839c783,JAK2_d93114e5db,[7*]CC/C=C/CN(C)C[34*],aza
FRAG_3228dedc47,JAK2_d93114e5db,[7*]CC/C=C/CN([36*])C,aza
FRAG_d5534e54e6,JAK2_d93114e5db,[7*]c1cccc([14*])c1,alkyl
FRAG_4bfb9f3ecd,JAK2_d93114e5db,[7*]c1cccc(-c2ccnc([20*])n2)c1,diaza
FRAG_0194869c8e,JAK2_d93114e5db,[8*]OCC/C=C/CN(C)C[34*],oxa_aza
FRAG_4c53bfd580,JAK2_d93114e5db,[8*]OCC/C=C/CN([36*])C,oxa_aza
FRAG_8b70f092e4,JAK2_d93114e5db,[12*]c1ccnc([20*])n1,diaza
FRAG_372acb458d,JAK2_d93114e5db,[12*]c1ccnc(N[21*])n1,diaza
FRAG_fa6a71009c,JAK2_2a386c8786,[7*]CN([11*])C,aza
FRAG_d2fe64b278,JAK2_2a386c8786,[7*]CN(C)C[12*],aza
FRAG_5bde526f66,JAK2_2a386c8786,[7*]CN(C)C/C=C/[14*],aza
FRAG_004de8d559,JAK2_2a386c8786,[7*]CN(C)C/C=C/C[15*],aza
FRAG_3c9565957e,JAK2_2a386c8786,[7*]CN(C)C/C=C/CC[16*],aza
FRAG_16774e78b1,JAK2_2a386c8786,[7*]CN(C)C/C=C/CCO[17*],aza_oxa
FRAG_f48b178750,JAK2_2a386c8786,[8*]c1cc(N[27*])ccc1OC,aza_oxa
FRAG_49d35b4431,JAK2_2a386c8786,[8*]c1cc([29*])ccc1OC,oxa
FRAG_9447c67ee6,JAK2_2a386c8786,[8*]N(C)C[12*],aza
FRAG_3181097c0b,JAK2_2a386c8786,[8*]N(C)C/C=C/[14*],aza
FRAG_dfbed341b0,JAK2_2a386c8786,[8*]N(C)C/C=C/C[15*],aza
FRAG_0961635c2b,JAK2_2a386c8786,[8*]N(C)C/C=C/CC[16*],aza
FRAG_721b4d0283,JAK2_2a386c8786,[8*]N(C)C/C=C/CCO[17*],aza_oxa
FRAG_e9b170df92,JAK2_2a386c8786,[9*]Cc1cc(N[27*])ccc1OC,aza_oxa
FRAG_4aa750615d,JAK2_2a386c8786,[9*]Cc1cc([29*])ccc1OC,oxa
FRAG_4c2c63a829,JAK2_2a386c8786,[9*]C/C=C/[14*],alkyl
FRAG_ea5562a4fe,JAK2_2a386c8786,[9*]C/C=C/C[15*],alkyl
FRAG_d04ff5c7b9,JAK2_2a386c8786,[9*]C/C=C/CC[16*],alkyl
FRAG_abbec6b9f5,JAK2_2a386c8786,[9*]C/C=C/CCO[17*],oxa
FRAG_cf81cb95aa,JAK2_2a386c8786,[9*]C/C=C/CCOc1cccc([23*])c1,oxa
FRAG_0c1fc0dfbb,JAK2_2a386c8786,[11*]N(C)Cc1cc(N[27*])ccc1OC,aza_oxa
FRAG_71916cbe59,JAK2_2a386c8786,[11*]N(C)Cc1cc([29*])ccc1OC,aza_oxa
FRAG_5e0f407172,JAK2_2a386c8786,[11*]/C=C/C[15*],alkyl
FRAG_1d1c95c4cc,JAK2_2a386c8786,[11*]/C=C/CC[16*],alkyl
FRAG_9d3ef11fc4,JAK2_2a386c8786,[11*]/C=C/CCO[17*],oxa
FRAG_713f095baa,JAK2_2a386c8786,[11*]/C=C/CCOc1cccc([23*])c1,oxa
FRAG_2af8334679,JAK2_2a386c8786,[12*]CN(C)Cc1cc([29*])ccc1OC,aza_oxa
FRAG_50d3c912b9,JAK2_2a386c8786,[13*]CCO[17*],oxa
FRAG_b6b97ee21c,JAK2_2a386c8786,[13*]CCOc1cccc([23*])c1,oxa
FRAG_2095637bda,JAK2_2a386c8786,[14*]COc1cccc([23*])c1,oxa
FRAG_7c97108ff2,JAK2_2a386c8786,[15*]Oc1cccc([23*])c1,oxa
FRAG_0cac19ad59,JAK2_2a386c8786,[16*]c1cccc([23*])c1,alkyl
FRAG_c6627cc98b,JAK2_2a386c8786,[16*]c1cccc(-c2ccnc([29*])n2)c1,diaza
FRAG_1315fb7d32,JAK2_2a386c8786,[21*]c1ccnc([29*])n1,diaza
FRAG_99115afd53,JAK2_2a386c8786,[5*]Nc1nccc([21*])n1,diaza
FRAG_c3d9d42b00,JAK2_e5685f45f3,[11*]Nc1nccc([20*])n1,diaza
FRAG_04ddc58434,JAK2_e5685f45f3,[13*]c1nccc([20*])n1,diaza
FRAG_446259cd2f,JAK2_e5685f45f3,[13*]c1nccc(-c2cccc([26*])c2)n1,diaza
FRAG_ecd30afe51,JAK2_e5685f45f3,[18*]c1cccc([26*])c1,alkyl
FRAG_2dc03dc24d,JAK2_e5685f45f3,[18*]c1cccc(O[27*])c1,oxa
FRAG_2b05cefa57,JAK2_e5685f45f3,[18*]c1cccc(OC[28*])c1,oxa
FRAG_406723b0e7,JAK2_e5685f45f3,[18*]c1cccc(OCC[29*])c1,oxa
FRAG_61ec2c608c,JAK2_e5685f45f3,[18*]c1cccc(OCC/C=C/[31*])c1,oxa
FRAG_d471428927,JAK2_e5685f45f3,[18*]c1cccc(OCC/C=C/C[32*])c1,oxa
FRAG_424891e075,JAK2_e5685f45f3,[24*]OCC[29*],oxa
FRAG_1d94076754,JAK2_e5685f45f3,[24*]OCC/C=C/[31*],oxa
FRAG_d15448aeb3,JAK2_e5685f45f3,[24*]OCC/C=C/C[32*],oxa
FRAG_46694e68fd,JAK2_e5685f45f3,[24*]OCC/C=C/CN([34*])C,oxa_aza
FRAG_97019b59aa,JAK2_e5685f45f3,[9*]CN(C)C/C=C/CCO[24*],aza_oxa
FRAG_7676266f3e,JAK2_e5685f45f3,[26*]CC/C=C/[31*],alkyl
FRAG_d1e84e9bcb,JAK2_e5685f45f3,[26*]CC/C=C/C[32*],alkyl
FRAG_1fa4aa9dc6,JAK2_e5685f45f3,[26*]CC/C=C/CN([34*])C,aza
FRAG_11411bb169,JAK2_e5685f45f3,[9*]CN(C)C/C=C/CC[26*],aza
FRAG_d3b47d8eff,JAK2_e5685f45f3,[27*]C/C=C/[31*],alkyl
FRAG_a858e138d4,JAK2_e5685f45f3,[27*]C/C=C/C[32*],alkyl
FRAG_a716199425,JAK2_e5685f45f3,[27*]C/C=C/CN([34*])C,aza
FRAG_493f0594c7,JAK2_e5685f45f3,[9*]CN(C)C/C=C/C[27*],aza
FRAG_fe345b1ea2,JAK2_e5685f45f3,[28*]/C=C/C[32*],alkyl
FRAG_488f6f579e,JAK2_e5685f45f3,[28*]/C=C/CN([34*])C,aza
FRAG_395e0ca0c6,JAK2_e5685f45f3,[9*]CN(C)C/C=C/[28*],aza
FRAG_c4be5c6f5c,JAK2_e5685f45f3,[30*]CN([34*])C,aza
FRAG_62c7750600,JAK2_e5685f45f3,[9*]CN(C)C[30*],aza
FRAG_b796229b9f,JAK2_e5685f45f3,[9*]CN([31*])C,aza
FRAG_68e73ed983,JAK2_0b57062283,[7*]CCC[12*],alkyl
FRAG_5187b63092,JAK2_0b57062283,[7*]CCC[C@@H]([14*])O,oxa
FRAG_e3804be1e4,JAK2_0b57062283,[7*]CCC[C@H](O)C[15*],oxa
FRAG_e3d2e39040,JAK2_0b57062283,[7*]CCC[C@H](O)CC([17*])=O,dioxa
FRAG_ad11e0933f,JAK2_0b57062283,[7*]CCC[C@H](O)CC(=O)/C=C\[19*],dioxa
FRAG_8a0eb24337,JAK2_0b57062283,[7*]CCC[C@H](O)CC(=O)/C=C\C[20*],dioxa
FRAG_c541fcacbd,JAK2_0b57062283,[9*]c1cc(OC)cc(O)c1C(=O)O[20*],dioxa
FRAG_280d1e5ca7,JAK2_0b57062283,[9*]c1cc(OC)cc(O)c1C([22*])=O,dioxa
FRAG_5e795b6fc1,JAK2_0b57062283,[9*]c1cc(OC)cc(O)c1[23*],dioxa
FRAG_6e340d0cf4,JAK2_0b57062283,[9*]CC[C@@H]([14*])O,oxa
FRAG_aa33f15806,JAK2_0b57062283,[9*]CC[C@H](O)C[15*],oxa
FRAG_7937057fe0,JAK2_0b57062283,[9*]CC[C@H](O)CC([17*])=O,dioxa
FRAG_cc3ea1f160,JAK2_0b57062283,[9*]CC[C@H](O)CC(=O)/C=C\[19*],dioxa
FRAG_e7f6ad45b0,JAK2_0b57062283,[9*]CC[C@H](O)CC(=O)/C=C\C[20*],dioxa
FRAG_160634456b,JAK2_0b57062283,[9*]CC[C@H](O)CC(=O)/C=C\C[C@@H]([22*])C,dioxa
FRAG_5baded9ef1,JAK2_0b57062283,[10*]Cc1cc(OC)cc(O)c1C([22*])=O,dioxa
FRAG_47b5a46590,JAK2_0b57062283,[10*]Cc1cc(OC)cc(O)c1[23*],dioxa
FRAG_0c8018d7e3,JAK2_0b57062283,[10*]C[C@@H]([14*])O,oxa
FRAG_ca5777b488,JAK2_0b57062283,[10*]C[C@H](O)C[15*],oxa
FRAG_306a143f5d,JAK2_0b57062283,[10*]C[C@H](O)CC([17*])=O,dioxa
FRAG_e789ee9a37,JAK2_0b57062283,[10*]C[C@H](O)CC(=O)/C=C\[19*],dioxa
FRAG_c5734659a6,JAK2_0b57062283,[10*]C[C@H](O)CC(=O)/C=C\C[20*],dioxa
FRAG_3c2c0db1ad,JAK2_0b57062283,[10*]C[C@H](O)CC(=O)/C=C\C[C@@H]([22*])C,dioxa
FRAG_59095aa27d,JAK2_0b57062283,[10*]C[C@H](O)CC(=O)/C=C\C[C@H](C)O[23*],dioxa
FRAG_05477a7799,JAK2_0b57062283,[11*]CCc1cc(OC)cc(O)c1[23*],dioxa
FRAG_b05db82afb,JAK2_0b57062283,[11*][C@H](O)C[15*],oxa
FRAG_eeb1ef31cc,JAK2_0b57062283,[11*][C@H](O)CC([17*])=O,dioxa
FRAG_9fd3a3c54c,JAK2_0b57062283,[11*][C@H](O)CC(=O)/C=C\[19*],dioxa
FRAG_02879e1f9e,JAK2_0b57062283,[11*][C@H](O)CC(=O)/C=C\C[20*],dioxa
FRAG_bc648a2a28,JAK2_0b57062283,[11*][C@H](O)CC(=O)/C=C\C[C@@H]([22*])C,dioxa
FRAG_74fe7171a1,JAK2_0b57062283,[11*][C@H](O)CC(=O)/C=C\C[C@H](C)O[23*],dioxa
FRAG_f6233172c8,JAK2_0b57062283,[12*]CCCc1cc(OC)cc(O)c1[23*],dioxa
FRAG_6ed84ac0d0,JAK2_0b57062283,[12*]CC([17*])=O,oxa
FRAG_7e7b3b554b,JAK2_0b57062283,[12*]CC(=O)/C=C\[19*],oxa
FRAG_8562914c1d,JAK2_0b57062283,[12*]CC(=O)/C=C\C[20*],oxa
FRAG_f9cdf69173,JAK2_0b57062283,[12*]CC(=O)/C=C\C[C@@H]([22*])C,oxa
FRAG_859c67d2c7,JAK2_0b57062283,[12*]CC(=O)/C=C\C[C@H](C)O[23*],dioxa
FRAG_cb2998274c,JAK2_0b57062283,[6*]C(=O)O[C@@H](C)C/C=C\C(=O)C[12*],dioxa
FRAG_34dc97596f,JAK2_0b57062283,[14*]C(=O)/C=C\[19*],oxa
FRAG_28f832682e,JAK2_0b57062283,[14*]C(=O)/C=C\C[20*],oxa
FRAG_f27a5629df,JAK2_aea62984ba,[1*]CNc1cccc([10*])c1,aza
FRAG_5e0d21cca0,JAK2_aea62984ba,[1*]CNc1cccc(N[11*])c1,diaza
FRAG_d5c30031f9,JAK2_aea62984ba,[2*]/C=C/CCOc1cccc([15*])c1,oxa
FRAG_afd697b5b8,JAK2_aea62984ba,[2*]/C=C/CCO[21*],oxa
FRAG_e663525abc,JAK2_aea62984ba,[2*]/C=C/CC[23*],alkyl
FRAG_07c8c2f20e,JAK2_aea62984ba,[2*]/C=C/C[24*],alkyl
FRAG_a2ca06ae0a,JAK2_aea62984ba,[2*]Nc1cccc([10*])c1,aza
FRAG_e8396da644,JAK2_aea62984ba,[2*]Nc1cccc(N[11*])c1,diaza
FRAG_a2b3958751,JAK2_aea62984ba,[3*]C/C=C/CCOc1cccc([15*])c1,oxa
FRAG_2bdad13ad5,JAK2_aea62984ba,[3*]C/C=C/CCO[21*],oxa
FRAG_79903598ed,JAK2_aea62984ba,[3*]C/C=C/CC[23*],alkyl
FRAG_a16b6d68b4,JAK2_aea62984ba,[3*]C/C=C/C[24*],alkyl
FRAG_35eda3f202,JAK2_aea62984ba,[3*]C/C=C/[25*],alkyl
FRAG_4e185d1502,JAK2_aea62984ba,[3*]c1cccc([10*])c1,alkyl
FRAG_d5216ff2b6,JAK2_aea62984ba,[3*]c1cccc(N[11*])c1,aza
FRAG_734e0e71ce,JAK2_aea62984ba,[4*]NC/C=C/CCO[21*],aza_oxa
FRAG_b6408b63db,JAK2_aea62984ba,[4*]NC/C=C/CC[23*],aza
FRAG_37950666c3,JAK2_aea62984ba,[4*]NC/C=C/C[24*],aza
FRAG_305962acd9,JAK2_aea62984ba,[4*]NC/C=C/[25*],aza
FRAG_255424400c,JAK2_aea62984ba,[8*]Nc1nccc([17*])n1,diaza
FRAG_acd7759143,JAK2_aea62984ba,[10*]c1cccc(NC/C=C/CC[23*])c1,aza
FRAG_a068f59ddd,JAK2_aea62984ba,[10*]c1cccc(NC/C=C/C[24*])c1,aza
FRAG_066003b715,JAK2_aea62984ba,[10*]c1cccc(NC/C=C/[25*])c1,aza
FRAG_13a75aa383,JAK2_aea62984ba,[10*]c1nccc([17*])n1,diaza
FRAG_ea56d517da,JAK2_aea62984ba,[10*]c1nccc(-c2cccc([23*])c2)n1,diaza
FRAG_a735ec0aa3,JAK2_aea62984ba,[11*]Nc1cccc(NC/C=C/C[24*])c1,diaza
FRAG_5bc5bd9f63,JAK2_aea62984ba,[11*]Nc1cccc(NC/C=C/[25*])c1,diaza
FRAG_7bae1146fd,JAK2_aea62984ba,[15*]c1cccc([23*])c1,alkyl
FRAG_7e80a34a68,JAK2_aea62984ba,[15*]c1cccc(O[24*])c1,oxa
FRAG_7ee6d2f8cd,JAK2_aea62984ba,[15*]c1cccc(OC[25*])c1,oxa
FRAG_d1bece8cad,JAK2_aea62984ba,*CCOc1cccc([15*])c1,oxa
FRAG_672e59c23a,JAK2_aea62984ba,*CCO[21*],oxa
FRAG_b3e1882aeb,JAK2_5e05d7987e,[6*]c1cccc([13*])c1,alkyl
FRAG_12388abd83,JAK2_5e05d7987e,[6*]c1cccc(C[14*])c1,alkyl
FRAG_acbe85ad51,JAK2_5e05d7987e,[6*]c1cccc(CO[15*])c1,oxa
FRAG_50b90a052e,JAK2_5e05d7987e,[6*]c1cccc(COC[16*])c1,oxa
FRAG_f6561c6e6b,JAK2_5e05d7987e,[6*]c1cccc(COCC=C[18*])c1,oxa
FRAG_0d387d81a7,JAK2_5e05d7987e,[6*]c1cccc(COCC=CC[19*])c1,oxa
FRAG_ec7f63d089,JAK2_5e05d7987e,[7*]c1nc(N[23*])ncc1C,diaza
FRAG_9366311f53,JAK2_5e05d7987e,[7*]c1nc([35*])ncc1C,diaza
FRAG_ed1ce6af13,JAK2_5e05d7987e,[11*]COC[16*],oxa
FRAG_617affde0a,JAK2_5e05d7987e,[11*]COCC=C[18*],oxa
FRAG_8aa8830896,JAK2_5e05d7987e,[11*]COCC=CC[19*],oxa
FRAG_e67b93f1bf,JAK2_5e05d7987e,[11*]COCC=CCO[20*],dioxa
FRAG_d966117f07,JAK2_5e05d7987e,[11*]COCC=CCOC[21*],dioxa
FRAG_4b7855417c,JAK2_5e05d7987e,[13*]OCC=C[18*],oxa
FRAG_f2a43c7d9d,JAK2_5e05d7987e,[13*]OCC=CC[19*],oxa
FRAG_20a220e9fa,JAK2_5e05d7987e,[13*]OCC=CCO[20*],dioxa
FRAG_5b1492f8ff,JAK2_5e05d7987e,[13*]OCC=CCOC[21*],dioxa
FRAG_d7bd1077fd,JAK2_5e05d7987e,[14*]CC=C[18*],alkyl
FRAG_70f328f5b2,JAK2_5e05d7987e,[14*]CC=CC[19*],alkyl
FRAG_9317cc8840,JAK2_5e05d7987e,[14*]CC=CCO[20*],oxa
FRAG_718579149f,JAK2_5e05d7987e,[14*]CC=CCOC[21*],oxa
FRAG_6bcc7ad56a,JAK2_5e05d7987e,[15*]C=CC[19*],alkyl
FRAG_6a07adc2ee,JAK2_5e05d7987e,[15*]C=CCO[20*],oxa
FRAG_18966c0db2,JAK2_5e05d7987e,[15*]C=CCOC[21*],oxa
FRAG_694c75a7f2,JAK2_5e05d7987e,[17*]COC[21*],oxa
FRAG_0d004f0342,JAK2_91a12e5b93,[5*]C/C=C/[9*],alkyl
FRAG_6bc14448ab,JAK2_91a12e5b93,[5*]C/C=C/C[10*],alkyl
FRAG_3d8bce4406,JAK2_91a12e5b93,[5*]C/C=C/CC[11*],alkyl
FRAG_1ce40da961,JAK2_91a12e5b93,[5*]C/C=C/CCO[12*],oxa
FRAG_cf8cd52245,JAK2_91a12e5b93,[5*]C/C=C/CCOc1cccc([18*])c1,oxa
FRAG_7ad6eb6b1d,JAK2_91a12e5b93,[6*]N(C[37*])CC(F)(F)F,aza
FRAG_9fc5254244,JAK2_91a12e5b93,[6*]/C=C/C[10*],alkyl
FRAG_65eb56e963,JAK2_91a12e5b93,[6*]/C=C/CC[11*],alkyl
FRAG_71497fa98e,JAK2_91a12e5b93,[6*]/C=C/CCO[12*],oxa
FRAG_b00c7bd666,JAK2_91a12e5b93,[6*]/C=C/CCOc1cccc([18*])c1,oxa
FRAG_8d50f83b13,JAK2_91a12e5b93,[7*]CN(C[37*])CC(F)(F)F,aza
FRAG_a1ffd352fb,JAK2_91a12e5b93,[7*]CN([39*])CC(F)(F)F,aza
FRAG_a9a0db9e6d,JAK2_91a12e5b93,[8*]CCO[12*],oxa
FRAG_69939ee2c1,JAK2_91a12e5b93,[8*]CCOc1cccc([18*])c1,oxa
FRAG_2c68f4d903,JAK2_91a12e5b93,[9*]/C=C/CN(C[37*])CC(F)(F)F,aza
FRAG_f885268382,JAK2_91a12e5b93,[9*]/C=C/CN([39*])CC(F)(F)F,aza
FRAG_907db2ffbf,JAK2_91a12e5b93,[9*]COc1cccc([18*])c1,oxa
FRAG_377ea7aa79,JAK2_91a12e5b93,[10*]C/C=C/CN(C[37*])CC(F)(F)F,aza
FRAG_b76c01f7dc,JAK2_91a12e5b93,[10*]C/C=C/CN([39*])CC(F)(F)F,aza
FRAG_7402fe4594,JAK2_91a12e5b93,[10*]Oc1cccc([18*])c1,oxa
FRAG_6237eb7abd,JAK2_91a12e5b93,[11*]CC/C=C/CN(C[37*])CC(F)(F)F,aza
FRAG_de42b48142,JAK2_91a12e5b93,[11*]CC/C=C/CN([39*])CC(F)(F)F,aza
FRAG_92e744a5f6,JAK2_91a12e5b93,[11*]c1cccc([18*])c1,alkyl
FRAG_6e394f2243,JAK2_91a12e5b93,[11*]c1cccc(-c2ccnc([24*])n2)c1,diaza
FRAG_104cc82d73,JAK2_91a12e5b93,[12*]OCC/C=C/CN([39*])CC(F)(F)F,oxa_aza
FRAG_9bf32c7172,JAK2_91a12e5b93,[16*]c1ccnc([24*])n1,diaza
FRAG_fb9edea7fb,JAK2_91a12e5b93,[16*]c1ccnc(N[25*])n1,diaza
FRAG_c2c43d9642,JAK2_e1c49205c8,[3*]C/C=C/[7*],alkyl
FRAG_e24a8369cc,JAK2_e1c49205c8,[3*]C/C=C/C[8*],alkyl
FRAG_71e0bd22b9,JAK2_e1c49205c8,[3*]C/C=C/CC[9*],alkyl
FRAG_d932c96eec,JAK2_e1c49205c8,[3*]C/C=C/CCO[10*],oxa
FRAG_46ed524ac6,JAK2_e1c49205c8,[3*]C/C=C/CCOc1cccc([16*])c1,oxa
FRAG_2f4af7e630,JAK2_e1c49205c8,[4*]N(C[35*])CC#N,diaza
FRAG_177c775bac,JAK2_e1c49205c8,[4*]/C=C/C[8*],alkyl
FRAG_20f0c853c5,JAK2_e1c49205c8,[4*]/C=C/CC[9*],alkyl
FRAG_17a8800b49,JAK2_e1c49205c8,[4*]/C=C/CCO[10*],oxa
FRAG_2408aedf64,JAK2_e1c49205c8,[4*]/C=C/CCOc1cccc([16*])c1,oxa
FRAG_cdaf1fb03d,JAK2_e1c49205c8,[5*]CN(C[35*])CC#N,diaza
FRAG_384375cc92,JAK2_e1c49205c8,[5*]CN([37*])CC#N,diaza
FRAG_8b0c5a2b77,JAK2_e1c49205c8,[6*]CCO[10*],oxa
FRAG_4a5f864d91,JAK2_e1c49205c8,[6*]CCOc1cccc([16*])c1,oxa
FRAG_90c3daa05f,JAK2_e1c49205c8,[7*]/C=C/CN(C[35*])CC#N,diaza
FRAG_ecbc8c414e,JAK2_e1c49205c8,[7*]/C=C/CN([37*])CC#N,diaza
FRAG_cc946c3f0b,JAK2_e1c49205c8,[7*]COc1cccc([16*])c1,oxa
FRAG_622950edf2,JAK2_e1c49205c8,[8*]C/C=C/CN(C[35*])CC#N,diaza
FRAG_0bc42b088a,JAK2_e1c49205c8,[8*]C/C=C/CN([37*])CC#N,diaza
FRAG_0512b8256b,JAK2_e1c49205c8,[8*]Oc1cccc([16*])c1,oxa
FRAG_5d7637bf3a,JAK2_e1c49205c8,[9*]CC/C=C/CN(C[35*])CC#N,diaza
FRAG_29f8b100b5,JAK2_e1c49205c8,[9*]CC/C=C/CN([37*])CC#N,diaza
FRAG_3fd3ca677b,JAK2_e1c49205c8,[9*]c1cccc([16*])c1,alkyl
FRAG_e3902a0f9f,JAK2_e1c49205c8,[9*]c1cccc(-c2ccnc([22*])n2)c1,diaza
FRAG_bf89edf9e0,JAK2_e1c49205c8,[10*]OCC/C=C/CN(C[35*])CC#N,oxa_aza
FRAG_65ff55916f,JAK2_e1c49205c8,[10*]OCC/C=C/CN([37*])CC#N,oxa_aza
FRAG_a44c2e5acf,JAK2_e1c49205c8,[14*]c1ccnc([22*])n1,diaza
FRAG_5cc9fdf01f,JAK2_e1c49205c8,[14*]c1ccnc(N[23*])n1,diaza
FRAG_7c51fdc605,JAK2_7fafbd97b3,[1*]C/C=C/[5*],alkyl
FRAG_eedaf39276,JAK2_7fafbd97b3,[1*]C/C=C/C[6*],alkyl
FRAG_895941a833,JAK2_7fafbd97b3,[1*]C/C=C/CC[7*],alkyl
FRAG_bda3582018,JAK2_7fafbd97b3,[1*]C/C=C/CCO[8*],oxa
FRAG_3d7e2d54a8,JAK2_7fafbd97b3,[1*]C/C=C/CCOc1cccc([14*])c1,oxa
FRAG_0548d2de97,JAK2_7fafbd97b3,[2*]N(C)C[31*],aza
FRAG_c5b8a426aa,JAK2_7fafbd97b3,[2*]/C=C/C[6*],alkyl
FRAG_74b4b6c442,JAK2_7fafbd97b3,[2*]/C=C/CC[7*],alkyl
FRAG_00b9344997,JAK2_7fafbd97b3,[2*]/C=C/CCO[8*],oxa
FRAG_8b6f77fe89,JAK2_7fafbd97b3,[2*]/C=C/CCOc1cccc([14*])c1,oxa
FRAG_6b8f9c8a07,JAK2_7fafbd97b3,[3*]CN(C)C[31*],aza
FRAG_27138128fc,JAK2_7fafbd97b3,[3*]CN([33*])C,aza
FRAG_0090de244d,JAK2_7fafbd97b3,[4*]CCO[8*],oxa
FRAG_5ea8b4fd05,JAK2_7fafbd97b3,[4*]CCOc1cccc([14*])c1,oxa
FRAG_42a1143d9b,JAK2_7fafbd97b3,[5*]/C=C/CN(C)C[31*],aza
FRAG_1e2687594a,JAK2_7fafbd97b3,[5*]/C=C/CN([33*])C,aza
FRAG_e9a403a1b2,JAK2_7fafbd97b3,[5*]COc1cccc([14*])c1,oxa
FRAG_1ddadd2c3b,JAK2_7fafbd97b3,[6*]C/C=C/CN(C)C[31*],aza
FRAG_3b57bbc6c1,JAK2_7fafbd97b3,[6*]C/C=C/CN([33*])C,aza
FRAG_5b4c9edec9,JAK2_7fafbd97b3,[6*]Oc1cccc([14*])c1,oxa
FRAG_c4a16a686e,JAK2_7fafbd97b3,[7*]CC/C=C/CN(C)C[31*],aza
FRAG_5b04a1425e,JAK2_7fafbd97b3,[7*]CC/C=C/CN([33*])C,aza
FRAG_fe8ed5087d,JAK2_7fafbd97b3,[7*]c1cccc([14*])c1,alkyl
FRAG_0bad8f8ad1,JAK2_7fafbd97b3,[7*]c1cccc(-c2ccnc([20*])n2)c1,diaza
FRAG_62d0e11c4d,JAK2_7fafbd97b3,[8*]OCC/C=C/CN(C)C[31*],oxa_aza
FRAG_48f36fefaa,JAK2_7fafbd97b3,[8*]OCC/C=C/CN([33*])C,oxa_aza
FRAG_97deef9219,JAK2_7fafbd97b3,[12*]c1ccnc([20*])n1,diaza
FRAG_fae087453a,JAK2_7fafbd97b3,[12*]c1ccnc(N[21*])n1,diaza
FRAG_f91a3142e3,JAK2_7fafbd97b3,[20*]c1ccc(N2CCOCC2)c([33*])c1,aza_oxa
FRAG_655c34aa75,JAK2_4f6cca3ffb,[7*]c1ccnc([14*])n1,diaza
FRAG_70952789e0,JAK2_4f6cca3ffb,[7*]c1ccnc(N[15*])n1,diaza
FRAG_a1074332b4,JAK2_4f6cca3ffb,[8*]c1cc(COC[33*])ccc1OC,dioxa
FRAG_6cf41eaf6d,JAK2_4f6cca3ffb,[8*]c1cc(CO[34*])ccc1OC,dioxa
FRAG_417a07dae8,JAK2_4f6cca3ffb,[8*]c1cc(C[35*])ccc1OC,oxa
FRAG_ef5d87d189,JAK2_4f6cca3ffb,[8*]c1cc([36*])ccc1OC,oxa
FRAG_87e55912dc,JAK2_4f6cca3ffb,[27*]COC[32*],oxa
FRAG_c1dd5d8dd4,JAK2_4f6cca3ffb,[27*]COCC=C[34*],oxa
FRAG_efc1a2f3fc,JAK2_4f6cca3ffb,[27*]COCC=CC[35*],oxa
FRAG_17724802eb,JAK2_4f6cca3ffb,[27*]COCC=CCO[36*],dioxa
FRAG_7f8657007b,JAK2_4f6cca3ffb,[5*]COCC=CCOC[27*],dioxa
FRAG_efc975b986,JAK2_4f6cca3ffb,[29*]OCC=C[34*],oxa
FRAG_905f7f1fb3,JAK2_4f6cca3ffb,[29*]OCC=CC[35*],oxa
FRAG_e04037eac5,JAK2_4f6cca3ffb,[29*]OCC=CCO[36*],dioxa
FRAG_78e6e6ddc9,JAK2_4f6cca3ffb,[5*]COCC=CCO[29*],dioxa
FRAG_f5743c3d14,JAK2_4f6cca3ffb,[30*]CC=C[34*],alkyl
FRAG_f259ac919f,JAK2_4f6cca3ffb,[30*]CC=CC[35*],alkyl
FRAG_5c40aca19a,JAK2_4f6cca3ffb,[30*]CC=CCO[36*],oxa
FRAG_bf4d600bbf,JAK2_4f6cca3ffb,[5*]COCC=CC[30*],oxa
FRAG_efc4fe4133,JAK2_4f6cca3ffb,[31*]C=CC[35*],alkyl
FRAG_9e0f7c3bd5,JAK2_4f6cca3ffb,[31*]C=CCO[36*],oxa
FRAG_033b55a66a,JAK2_4f6cca3ffb,[5*]COCC=C[31*],oxa
FRAG_ecfa51999e,JAK2_4f6cca3ffb,[5*]COC[33*],oxa
FRAG_899a263f59,JAK2_4d87107920,[6*]c1cccc([13*])c1,alkyl
FRAG_528dde486e,JAK2_4d87107920,[6*]c1cccc(C[14*])c1,alkyl
FRAG_bbadf1c093,JAK2_4d87107920,[6*]c1cccc(CO[15*])c1,oxa
FRAG_c2c8426d69,JAK2_4d87107920,[6*]c1cccc(COC[16*])c1,oxa
FRAG_ab2dabd062,JAK2_4d87107920,[6*]c1cccc(COCC=C[18*])c1,oxa
FRAG_96c00421d8,JAK2_4d87107920,[6*]c1cccc(COCC=CC[19*])c1,oxa
FRAG_f02b0594cb,JAK2_4d87107920,[7*]c1nc(N[23*])ncc1F,diaza
FRAG_4494ec19fa,JAK2_4d87107920,[7*]c1nc([35*])ncc1F,diaza
FRAG_240379652e,JAK2_4d87107920,[11*]COC[16*],oxa
FRAG_aa5cb4e197,JAK2_4d87107920,[11*]COCC=C[18*],oxa
FRAG_7fc291132a,JAK2_4d87107920,[11*]COCC=CC[19*],oxa
FRAG_1820532e0f,JAK2_4d87107920,[11*]COCC=CCO[20*],dioxa
FRAG_55e56a41a9,JAK2_4d87107920,[11*]COCC=CCOC[21*],dioxa
FRAG_cf8714b8e4,JAK2_4d87107920,[13*]OCC=C[18*],oxa
FRAG_9e186cfa76,JAK2_4d87107920,[13*]OCC=CC[19*],oxa
FRAG_6d737f28e0,JAK2_4d87107920,[13*]OCC=CCO[20*],dioxa
FRAG_c05d576264,JAK2_4d87107920,[13*]OCC=CCOC[21*],dioxa
FRAG_a0c1ebc0ef,JAK2_4d87107920,[14*]CC=C[18*],alkyl
FRAG_55cf6b8c1f,JAK2_4d87107920,[14*]CC=CC[19*],alkyl
FRAG_4d35235f5f,JAK2_4d87107920,[14*]CC=CCO[20*],oxa
FRAG_e8e5889ae5,JAK2_4d87107920,[14*]CC=CCOC[21*],oxa
FRAG_f1b76796a7,JAK2_4d87107920,[15*]C=CC[19*],alkyl
FRAG_a4e883f28a,JAK2_4d87107920,[15*]C=CCO[20*],oxa
FRAG_58337bbefe,JAK2_4d87107920,[15*]C=CCOC[21*],oxa
FRAG_e5fce97a63,JAK2_4d87107920,[17*]COC[21*],oxa
FRAG_029cafe51e,JAK2_b49a7e665d,[10*]CN([14*])C,aza
FRAG_38ea1aba28,JAK2_b49a7e665d,[10*]CN(C)C[15*],aza
FRAG_501accc781,JAK2_b49a7e665d,[10*]CN(C)C/C=C/[17*],aza
FRAG_1c2ed7ad52,JAK2_b49a7e665d,[10*]CN(C)C/C=C/C[18*],aza
FRAG_b645a83651,JAK2_b49a7e665d,[10*]CN(C)C/C=C/CC[19*],aza
FRAG_c08b5da537,JAK2_b49a7e665d,[10*]CN(C)C/C=C/CCO[20*],aza_oxa
FRAG_078c2e1a70,JAK2_b49a7e665d,[11*]c1cc(N[30*])ccc1OCCOC,aza_oxa
FRAG_134d23f369,JAK2_b49a7e665d,[11*]c1cc([32*])ccc1OCCOC,dioxa
FRAG_81a31e9889,JAK2_b49a7e665d,[11*]N(C)C[15*],aza
FRAG_6636cb409e,JAK2_b49a7e665d,[11*]N(C)C/C=C/[17*],aza
FRAG_18de636446,JAK2_b49a7e665d,[11*]N(C)C/C=C/C[18*],aza
FRAG_0e349339b2,JAK2_b49a7e665d,[11*]N(C)C/C=C/CC[19*],aza
FRAG_feafc19ad7,JAK2_b49a7e665d,[11*]N(C)C/C=C/CCO[20*],aza_oxa
FRAG_3eb54cfee9,JAK2_b49a7e665d,[12*]Cc1cc([32*])ccc1OCCOC,dioxa
FRAG_c23f258532,JAK2_b49a7e665d,[12*]C/C=C/[17*],alkyl
FRAG_e417d15c69,JAK2_b49a7e665d,[12*]C/C=C/C[18*],alkyl
FRAG_c34945f184,JAK2_b49a7e665d,[12*]C/C=C/CC[19*],alkyl
FRAG_5ff0e3eb8f,JAK2_b49a7e665d,[12*]C/C=C/CCO[20*],oxa
FRAG_c84f7fdf40,JAK2_b49a7e665d,[12*]C/C=C/CCOc1cccc([26*])c1,oxa
FRAG_d015806b33,JAK2_b49a7e665d,[14*]/C=C/C[18*],alkyl
FRAG_02f0eed9c7,JAK2_b49a7e665d,[14*]/C=C/CC[19*],alkyl
FRAG_56df2820c4,JAK2_b49a7e665d,[14*]/C=C/CCO[20*],oxa
FRAG_cdac47eef4,JAK2_b49a7e665d,[14*]/C=C/CCOc1cccc([26*])c1,oxa
FRAG_71ab4d1cee,JAK2_b49a7e665d,[16*]CCO[20*],oxa
FRAG_d92a73d3b5,JAK2_b49a7e665d,[16*]CCOc1cccc([26*])c1,oxa
FRAG_2d9454e80b,JAK2_b49a7e665d,[17*]COc1cccc([26*])c1,oxa
FRAG_10433bf0c1,JAK2_b49a7e665d,[18*]Oc1cccc([26*])c1,oxa
FRAG_906ac17eba,JAK2_b49a7e665d,[19*]c1cccc([26*])c1,alkyl
FRAG_b92660a4fb,JAK2_b49a7e665d,[19*]c1cccc(-c2ccnc([32*])n2)c1,diaza
FRAG_6b90c45af3,JAK2_b49a7e665d,[24*]c1ccnc([32*])n1,diaza
FRAG_34d44fdad5,JAK2_b49a7e665d,[8*]Nc1nccc([24*])n1,diaza
FRAG_3aa2a8252c,JAK2_3946ef17a2,[12*]COC[16*],oxa
FRAG_255cc35877,JAK2_3946ef17a2,[12*]COCC=C[18*],oxa
FRAG_48c885e6d8,JAK2_3946ef17a2,[12*]COCC=CC[19*],oxa
FRAG_dc0b79ed85,JAK2_3946ef17a2,[12*]COCC=CCO[20*],dioxa
FRAG_e57ab4a871,JAK2_3946ef17a2,[12*]COCC=CCOC[21*],dioxa
FRAG_cee70798ac,JAK2_3946ef17a2,[13*]OCC=C[18*],oxa
FRAG_751e5f2775,JAK2_3946ef17a2,[13*]OCC=CC[19*],oxa
FRAG_e86296f358,JAK2_3946ef17a2,[13*]OCC=CCO[20*],dioxa
FRAG_5fe7e9ed64,JAK2_3946ef17a2,[13*]OCC=CCOC[21*],dioxa
FRAG_cdf90a29d3,JAK2_3946ef17a2,[14*]CC=C[18*],alkyl
FRAG_445e880fa0,JAK2_3946ef17a2,[14*]CC=CC[19*],alkyl
FRAG_fbcb793bc9,JAK2_3946ef17a2,[14*]CC=CCO[20*],oxa
FRAG_d28cd4b57a,JAK2_3946ef17a2,[14*]CC=CCOC[21*],oxa
FRAG_a2fb7f74d6,JAK2_3946ef17a2,[14*]CC=CCOCc1cccc([27*])c1,oxa
FRAG_923b88f1b3,JAK2_3946ef17a2,[15*]C=CC[19*],alkyl
FRAG_7ec4d9a795,JAK2_3946ef17a2,[15*]C=CCO[20*],oxa
FRAG_b398b6fd01,JAK2_3946ef17a2,[15*]C=CCOC[21*],oxa
FRAG_c87b1ac999,JAK2_3946ef17a2,[15*]C=CCOCc1cccc([27*])c1,oxa
FRAG_1c3aee0407,JAK2_3946ef17a2,[17*]COC[21*],oxa
FRAG_98dc6f70b9,JAK2_3946ef17a2,[17*]COCc1cccc([27*])c1,oxa
FRAG_3c243c78ed,JAK2_3946ef17a2,[18*]OCc1cccc([27*])c1,oxa
FRAG_b921b3e386,JAK2_3946ef17a2,[19*]Cc1cccc([27*])c1,alkyl
FRAG_b5111ea7ea,JAK2_3946ef17a2,[20*]c1cccc([27*])c1,alkyl
FRAG_d9c7cc28c8,JAK2_3946ef17a2,[20*]c1cccc(-c2ccnc([33*])n2)c1,diaza
FRAG_e036f2705a,JAK2_3946ef17a2,[25*]c1ccnc([33*])n1,diaza
FRAG_c0a32075bc,JAK2_3946ef17a2,[10*]Nc1nccc([25*])n1,diaza
