parent_mol_id,seed_smiles,status,atom_a,atom_b,path_bonds,linker_length,target_ring,anchor_score_a,anchor_score_b,linker_probability,chemotype,generated_smiles,candidate_id,inchikey
JAK2_6f8843e888,CN(c1cccc(-c2ccc3cnc(Nc4ccc(C5CCN(CC(N)=O)CC5)cc4)nn23)c1)S(C)(=O)=O,no_valid_anchor_pair,,,,,,,,,,,,
JAK2_e1ad5dee43,NS(=O)(=O)c1cc(Cl)c(Nc2nc3ccncc3c3c(=O)[nH]ccc23)c(Cl)c1,no_valid_anchor_pair,,,,,,,,,,,,
JAK2_6d4bc95598,COc1ccccc1-c1ccc2cnc(Nc3ccc(N4CCN(C)CC4)cc3)nn12,no_valid_anchor_pair,,,,,,,,,,,,
JAK2_b891e0a2ae,COc1ccccc1-c1ccc2cnc(Nc3ccc(C(=O)N4CCOCC4)cc3)nn12,no_valid_anchor_pair,,,,,,,,,,,,
JAK2_69019d0e87,O=c1[nH]ccc2c3[nH]c(-c4c(F)cccc4Cl)nc3c3ccc(F)cc3c12,no_valid_anchor_pair,,,,,,,,,,,,
JAK2_e6b69b948a,O=c1[nH]ccc2c(Nc3c(Cl)cc(C(O)C(F)F)cc3Cl)nc3ccncc3c12,no_valid_anchor_pair,,,,,,,,,,,,
JAK2_6c55e74feb,COc1cc(Nc2ncc3ccc(-c4ccccc4)n3n2)cc(OC)c1OC,no_valid_anchor_pair,,,,,,,,,,,,
JAK2_c68e5406e0,C[C@@H](Nc1cc(-c2c(N)nn3cccnc23)ncn1)c1ccc(F)cc1,no_valid_anchor_pair,,,,,,,,,,,,
JAK2_a16dc6f15f,CS(=O)(=O)Nc1cccc(-c2ccc3cnc(Nc4ccc(C5CCN(CC(N)=O)CC5)cc4)nn23)c1,no_valid_anchor_pair,,,,,,,,,,,,
JAK2_11eb785811,CS(=O)(=O)c1ccc(-c2ccc3cnc(Nc4ccc(C5CCN(CC(N)=O)CC5)cc4)nn23)cc1,no_valid_anchor_pair,,,,,,,,,,,,
JAK2_6bbe5c39de,COc1ccccc1-c1ccc2cnc(Nc3ccc(N4CCOCC4)cc3)nn12,no_valid_anchor_pair,,,,,,,,,,,,
JAK2_0be2eaa185,NC(=O)CN1CCC(c2ccc(Nc3ncc4ccc(-c5cccc(CO)c5)n4n3)cc2)CC1,no_valid_anchor_pair,,,,,,,,,,,,
JAK2_4c8ff71131,COc1ccc(-c2ccc3cnc(Nc4ccc(N5CCN(C)CC5)cc4)nn23)cn1,no_valid_anchor_pair,,,,,,,,,,,,
JAK2_0363b39a60,N#CC[C@H](C1CCCC1)n1cc(-c2ncnc3[nH]ccc23)cn1,no_valid_anchor_pair,,,,,,,,,,,,
JAK2_69b6c7ad6e,N#C[C@@H]1CCN(C(=O)[C@H](NC(=O)c2c[nH]c3ncc(C4CC4)nc23)C2CC2)C1,valid_output,19.0,25.0,9.0,3.0,12.0,0.821771,0.67828,0.278291,thioether,N#C[C@@H]1CCN(C(=O)[C@@H]2NC(=O)c3c[nH]c4ncc(nc34)C3(CC3)CSCC3CC32)C1,CAND_5a164fb16c,SPVWFDQKMXQKBE-SEBUGHOLSA-N
JAK2_69b6c7ad6e,N#C[C@@H]1CCN(C(=O)[C@H](NC(=O)c2c[nH]c3ncc(C4CC4)nc23)C2CC2)C1,valid_output,19.0,25.0,9.0,3.0,12.0,0.821771,0.67828,0.278291,oxa,N#C[C@@H]1CCN(C(=O)[C@@H]2NC(=O)c3c[nH]c4ncc(nc34)C3(CC3)COCC3CC32)C1,CAND_f14ad9ba35,FYCAHTMFAMULSV-SEBUGHOLSA-N
JAK2_69b6c7ad6e,N#C[C@@H]1CCN(C(=O)[C@H](NC(=O)c2c[nH]c3ncc(C4CC4)nc23)C2CC2)C1,valid_output,19.0,25.0,9.0,3.0,12.0,0.821771,0.67828,0.278291,aza,N#C[C@@H]1CCN(C(=O)[C@@H]2NC(=O)c3c[nH]c4ncc(nc34)C3(CC3)CNCC3CC32)C1,CAND_d7295004a0,OCXBEBDLAHWVLE-SEBUGHOLSA-N
JAK2_69b6c7ad6e,N#C[C@@H]1CCN(C(=O)[C@H](NC(=O)c2c[nH]c3ncc(C4CC4)nc23)C2CC2)C1,valid_output,19.0,25.0,9.0,3.0,12.0,0.821771,0.67828,0.278291,oxa_aza,N#C[C@@H]1CCN(C(=O)[C@@H]2NC(=O)c3c[nH]c4ncc(nc34)C3(CCCC4CC42)CC3)C1,CAND_49e76c18fa,XBZKYLTXKLNUSQ-WYXOVGLDSA-N
JAK2_69b6c7ad6e,N#C[C@@H]1CCN(C(=O)[C@H](NC(=O)c2c[nH]c3ncc(C4CC4)nc23)C2CC2)C1,duplicate_or_invalid_record,19.0,25.0,9.0,3.0,12.0,0.821771,0.67828,0.278291,alkyl,N#C[C@@H]1CCN(C(=O)[C@@H]2NC(=O)c3c[nH]c4ncc(nc34)C3(CCCC4CC42)CC3)C1,,
JAK2_69b6c7ad6e,N#C[C@@H]1CCN(C(=O)[C@H](NC(=O)c2c[nH]c3ncc(C4CC4)nc23)C2CC2)C1,duplicate_or_invalid_record,19.0,26.0,9.0,3.0,12.0,0.821771,0.67828,0.278291,thioether,N#C[C@@H]1CCN(C(=O)[C@@H]2NC(=O)c3c[nH]c4ncc(nc34)C3(CC3)CSCC3CC32)C1,,
JAK2_69b6c7ad6e,N#C[C@@H]1CCN(C(=O)[C@H](NC(=O)c2c[nH]c3ncc(C4CC4)nc23)C2CC2)C1,duplicate_or_invalid_record,19.0,26.0,9.0,3.0,12.0,0.821771,0.67828,0.278291,aza,N#C[C@@H]1CCN(C(=O)[C@@H]2NC(=O)c3c[nH]c4ncc(nc34)C3(CC3)CNCC3CC32)C1,,
JAK2_69b6c7ad6e,N#C[C@@H]1CCN(C(=O)[C@H](NC(=O)c2c[nH]c3ncc(C4CC4)nc23)C2CC2)C1,duplicate_or_invalid_record,19.0,26.0,9.0,3.0,12.0,0.821771,0.67828,0.278291,alkyl,N#C[C@@H]1CCN(C(=O)[C@@H]2NC(=O)c3c[nH]c4ncc(nc34)C3(CCCC4CC42)CC3)C1,,
JAK2_69b6c7ad6e,N#C[C@@H]1CCN(C(=O)[C@H](NC(=O)c2c[nH]c3ncc(C4CC4)nc23)C2CC2)C1,duplicate_or_invalid_record,19.0,26.0,9.0,3.0,12.0,0.821771,0.67828,0.278291,oxa_aza,N#C[C@@H]1CCN(C(=O)[C@@H]2NC(=O)c3c[nH]c4ncc(nc34)C3(CCCC4CC42)CC3)C1,,
JAK2_69b6c7ad6e,N#C[C@@H]1CCN(C(=O)[C@H](NC(=O)c2c[nH]c3ncc(C4CC4)nc23)C2CC2)C1,duplicate_or_invalid_record,19.0,26.0,9.0,3.0,12.0,0.821771,0.67828,0.278291,oxa,N#C[C@@H]1CCN(C(=O)[C@@H]2NC(=O)c3c[nH]c4ncc(nc34)C3(CC3)COCC3CC32)C1,,
JAK2_69b6c7ad6e,N#C[C@@H]1CCN(C(=O)[C@H](NC(=O)c2c[nH]c3ncc(C4CC4)nc23)C2CC2)C1,valid_output,24.0,20.0,9.0,3.0,12.0,0.821771,0.67828,0.278291,thioether,N#C[C@@H]1CCN(C(=O)[C@@H]2NC(=O)c3c[nH]c4ncc(nc34)C3CC3CSCC23CC3)C1,CAND_38de1fc846,YLWJLPCJNFQMCO-YGFYOVKCSA-N
JAK2_69b6c7ad6e,N#C[C@@H]1CCN(C(=O)[C@H](NC(=O)c2c[nH]c3ncc(C4CC4)nc23)C2CC2)C1,valid_output,24.0,20.0,9.0,3.0,12.0,0.821771,0.67828,0.278291,oxa,N#C[C@@H]1CCN(C(=O)[C@@H]2NC(=O)c3c[nH]c4ncc(nc34)C3CC3COCC23CC3)C1,CAND_c71340cdb2,RGFMCTZPJBFCLO-YGFYOVKCSA-N
JAK2_69b6c7ad6e,N#C[C@@H]1CCN(C(=O)[C@H](NC(=O)c2c[nH]c3ncc(C4CC4)nc23)C2CC2)C1,valid_output,24.0,20.0,9.0,3.0,12.0,0.821771,0.67828,0.278291,aza,N#C[C@@H]1CCN(C(=O)[C@@H]2NC(=O)c3c[nH]c4ncc(nc34)C3CC3CNCC23CC3)C1,CAND_492981f42f,IPHWYJUXNGKNHB-YGFYOVKCSA-N
JAK2_69b6c7ad6e,N#C[C@@H]1CCN(C(=O)[C@H](NC(=O)c2c[nH]c3ncc(C4CC4)nc23)C2CC2)C1,valid_output,24.0,20.0,9.0,3.0,12.0,0.821771,0.67828,0.278291,alkyl,N#C[C@@H]1CCN(C(=O)[C@@H]2NC(=O)c3c[nH]c4ncc(nc34)C3CC3CCCC23CC3)C1,CAND_584cb6401d,HOMDVHDDTYNNLA-URGFFDDHSA-N
JAK2_69b6c7ad6e,N#C[C@@H]1CCN(C(=O)[C@H](NC(=O)c2c[nH]c3ncc(C4CC4)nc23)C2CC2)C1,duplicate_or_invalid_record,24.0,20.0,9.0,3.0,12.0,0.821771,0.67828,0.278291,oxa_aza,N#C[C@@H]1CCN(C(=O)[C@@H]2NC(=O)c3c[nH]c4ncc(nc34)C3CC3CCCC23CC3)C1,,
JAK2_69b6c7ad6e,N#C[C@@H]1CCN(C(=O)[C@H](NC(=O)c2c[nH]c3ncc(C4CC4)nc23)C2CC2)C1,duplicate_or_invalid_record,24.0,21.0,9.0,3.0,12.0,0.821771,0.67828,0.278291,oxa,N#C[C@@H]1CCN(C(=O)[C@@H]2NC(=O)c3c[nH]c4ncc(nc34)C3CC3COCC23CC3)C1,,
JAK2_69b6c7ad6e,N#C[C@@H]1CCN(C(=O)[C@H](NC(=O)c2c[nH]c3ncc(C4CC4)nc23)C2CC2)C1,duplicate_or_invalid_record,24.0,21.0,9.0,3.0,12.0,0.821771,0.67828,0.278291,aza,N#C[C@@H]1CCN(C(=O)[C@@H]2NC(=O)c3c[nH]c4ncc(nc34)C3CC3CNCC23CC3)C1,,
JAK2_69b6c7ad6e,N#C[C@@H]1CCN(C(=O)[C@H](NC(=O)c2c[nH]c3ncc(C4CC4)nc23)C2CC2)C1,duplicate_or_invalid_record,24.0,21.0,9.0,3.0,12.0,0.821771,0.67828,0.278291,thioether,N#C[C@@H]1CCN(C(=O)[C@@H]2NC(=O)c3c[nH]c4ncc(nc34)C3CC3CSCC23CC3)C1,,
JAK2_69b6c7ad6e,N#C[C@@H]1CCN(C(=O)[C@H](NC(=O)c2c[nH]c3ncc(C4CC4)nc23)C2CC2)C1,duplicate_or_invalid_record,24.0,21.0,9.0,3.0,12.0,0.821771,0.67828,0.278291,oxa_aza,N#C[C@@H]1CCN(C(=O)[C@@H]2NC(=O)c3c[nH]c4ncc(nc34)C3CC3CCCC23CC3)C1,,
JAK2_69b6c7ad6e,N#C[C@@H]1CCN(C(=O)[C@H](NC(=O)c2c[nH]c3ncc(C4CC4)nc23)C2CC2)C1,duplicate_or_invalid_record,24.0,21.0,9.0,3.0,12.0,0.821771,0.67828,0.278291,alkyl,N#C[C@@H]1CCN(C(=O)[C@@H]2NC(=O)c3c[nH]c4ncc(nc34)C3CC3CCCC23CC3)C1,,
JAK2_69b6c7ad6e,N#C[C@@H]1CCN(C(=O)[C@H](NC(=O)c2c[nH]c3ncc(C4CC4)nc23)C2CC2)C1,ring_closure_failed,2.0,19.0,11.0,6.0,17.0,0.821771,0.821771,0.212838,oxa_aza,,,
JAK2_69b6c7ad6e,N#C[C@@H]1CCN(C(=O)[C@H](NC(=O)c2c[nH]c3ncc(C4CC4)nc23)C2CC2)C1,ring_closure_failed,2.0,19.0,11.0,6.0,17.0,0.821771,0.821771,0.212838,thioether,,,
JAK2_69b6c7ad6e,N#C[C@@H]1CCN(C(=O)[C@H](NC(=O)c2c[nH]c3ncc(C4CC4)nc23)C2CC2)C1,ring_closure_failed,2.0,19.0,11.0,6.0,17.0,0.821771,0.821771,0.212838,aza,,,
JAK2_69b6c7ad6e,N#C[C@@H]1CCN(C(=O)[C@H](NC(=O)c2c[nH]c3ncc(C4CC4)nc23)C2CC2)C1,ring_closure_failed,2.0,19.0,11.0,6.0,17.0,0.821771,0.821771,0.212838,alkyl,,,
JAK2_69b6c7ad6e,N#C[C@@H]1CCN(C(=O)[C@H](NC(=O)c2c[nH]c3ncc(C4CC4)nc23)C2CC2)C1,ring_closure_failed,2.0,19.0,11.0,6.0,17.0,0.821771,0.821771,0.212838,oxa,,,
JAK2_69b6c7ad6e,N#C[C@@H]1CCN(C(=O)[C@H](NC(=O)c2c[nH]c3ncc(C4CC4)nc23)C2CC2)C1,valid_output,19.0,4.0,10.0,3.0,13.0,0.821771,0.67828,0.234081,aza,N#C[C@@H]1CC2CNCC3(CC3)c3cnc4[nH]cc(c4n3)C(=O)N[C@H](C3CC3)C(=O)N2C1,CAND_010738c49b,GDOIQDMSOKVZOZ-WAPNNBGYSA-N
JAK2_69b6c7ad6e,N#C[C@@H]1CCN(C(=O)[C@H](NC(=O)c2c[nH]c3ncc(C4CC4)nc23)C2CC2)C1,valid_output,19.0,4.0,10.0,3.0,13.0,0.821771,0.67828,0.234081,oxa,N#C[C@@H]1CC2COCC3(CC3)c3cnc4[nH]cc(c4n3)C(=O)N[C@H](C3CC3)C(=O)N2C1,CAND_1e356c92c8,CJARQMPCFPOYTL-WAPNNBGYSA-N
JAK2_69b6c7ad6e,N#C[C@@H]1CCN(C(=O)[C@H](NC(=O)c2c[nH]c3ncc(C4CC4)nc23)C2CC2)C1,valid_output,19.0,4.0,10.0,3.0,13.0,0.821771,0.67828,0.234081,alkyl,N#C[C@@H]1CC2CCCC3(CC3)c3cnc4[nH]cc(c4n3)C(=O)N[C@H](C3CC3)C(=O)N2C1,CAND_6f5c819abf,SZNOMDJPNRVXHW-PLXAZLAVSA-N
JAK2_69b6c7ad6e,N#C[C@@H]1CCN(C(=O)[C@H](NC(=O)c2c[nH]c3ncc(C4CC4)nc23)C2CC2)C1,valid_output,19.0,4.0,10.0,3.0,13.0,0.821771,0.67828,0.234081,thioether,N#C[C@@H]1CC2CSCC3(CC3)c3cnc4[nH]cc(c4n3)C(=O)N[C@H](C3CC3)C(=O)N2C1,CAND_bb18276fcc,LPLMSPHZWKDSFN-WAPNNBGYSA-N
JAK2_a36c03bfb1,CN1CCN(c2ccc(Nc3ncc4ccc(-c5cccc(S(=O)(=O)NC(C)(C)C)c5)n4n3)cc2)CC1,no_valid_anchor_pair,,,,,,,,,,,,
JAK2_364f20ca75,COc1ccccc1-c1ccc2cnc(Nc3ccc(N4CCN(C)CC4)c(F)c3)nn12,no_valid_anchor_pair,,,,,,,,,,,,
JAK2_ccf270f33b,COc1ccccc1-c1ccc2cnc(Nc3cccc(N4CCOCC4)c3)nn12,no_valid_anchor_pair,,,,,,,,,,,,
JAK2_2c9dc917e3,C[C@H](O)CN1CCN(c2ccc(Nc3ncc4ccc(-c5cccc(S(=O)(=O)NC(C)(C)C)c5)n4n3)cc2F)CC1,no_valid_anchor_pair,,,,,,,,,,,,
JAK2_1cc95fb461,Cn1cc(-c2ccc3c(c2)[nH]c2c(C(N)=O)cnc(N[C@H](C4CC4)C(F)(F)F)c23)cn1,no_valid_anchor_pair,,,,,,,,,,,,
JAK2_f6c9a7f30d,NC(=O)c1cnc(N[C@H](C2CC2)C(F)(F)F)c2c1[nH]c1cc(-c3cnc(N)nc3)ccc12,no_valid_anchor_pair,,,,,,,,,,,,
JAK2_1225662731,COc1ccc(-c2ccc3cnc(Nc4ccc(N5CCN(C)CC5)c(F)c4)nn23)cn1,no_valid_anchor_pair,,,,,,,,,,,,
JAK2_155bd54352,COc1ccc(-c2ccc3cnc(Nc4ccc(N5CCN(C)CC5)c(Cl)c4)nn23)cn1,no_valid_anchor_pair,,,,,,,,,,,,
JAK2_1e3c7a3902,COc1ccccc1-c1ccc2cnc(Nc3ccc(N4CCN(C[C@H](C)O)CC4)cc3)nn12,no_valid_anchor_pair,,,,,,,,,,,,
JAK2_b21735112e,CC(C)(O)c1cc(Cl)c(Nc2nc3ccncc3c3c(=O)[nH]ccc23)c(Cl)c1,no_valid_anchor_pair,,,,,,,,,,,,
JAK2_698071eb2b,COc1ccccc1-c1ccc2cnc(Nc3ccc(N4CCN(C)CC4)c(Cl)c3)nn12,no_valid_anchor_pair,,,,,,,,,,,,
JAK2_9dcdbe0544,N#C[C@H]1CCN(C(=O)[C@H](NC(=O)c2c[nH]c3ncc(C4CC4)nc23)C2CC2)C1,valid_output,19.0,25.0,9.0,3.0,12.0,0.821771,0.67828,0.278291,oxa,N#C[C@H]1CCN(C(=O)[C@@H]2NC(=O)c3c[nH]c4ncc(nc34)C3(CC3)COCC3CC32)C1,CAND_6d30b04ba5,FYCAHTMFAMULSV-PNDQRGPWSA-N
JAK2_9dcdbe0544,N#C[C@H]1CCN(C(=O)[C@H](NC(=O)c2c[nH]c3ncc(C4CC4)nc23)C2CC2)C1,valid_output,19.0,25.0,9.0,3.0,12.0,0.821771,0.67828,0.278291,thioether,N#C[C@H]1CCN(C(=O)[C@@H]2NC(=O)c3c[nH]c4ncc(nc34)C3(CC3)CSCC3CC32)C1,CAND_956024a173,SPVWFDQKMXQKBE-PNDQRGPWSA-N
JAK2_9dcdbe0544,N#C[C@H]1CCN(C(=O)[C@H](NC(=O)c2c[nH]c3ncc(C4CC4)nc23)C2CC2)C1,valid_output,19.0,25.0,9.0,3.0,12.0,0.821771,0.67828,0.278291,alkyl,N#C[C@H]1CCN(C(=O)[C@@H]2NC(=O)c3c[nH]c4ncc(nc34)C3(CCCC4CC42)CC3)C1,CAND_44327fe5a9,XBZKYLTXKLNUSQ-BEFRKJEDSA-N
JAK2_9dcdbe0544,N#C[C@H]1CCN(C(=O)[C@H](NC(=O)c2c[nH]c3ncc(C4CC4)nc23)C2CC2)C1,valid_output,19.0,25.0,9.0,3.0,12.0,0.821771,0.67828,0.278291,aza,N#C[C@H]1CCN(C(=O)[C@@H]2NC(=O)c3c[nH]c4ncc(nc34)C3(CC3)CNCC3CC32)C1,CAND_fd6a72e89d,OCXBEBDLAHWVLE-PNDQRGPWSA-N
JAK2_9dcdbe0544,N#C[C@H]1CCN(C(=O)[C@H](NC(=O)c2c[nH]c3ncc(C4CC4)nc23)C2CC2)C1,duplicate_or_invalid_record,19.0,25.0,9.0,3.0,12.0,0.821771,0.67828,0.278291,oxa_aza,N#C[C@H]1CCN(C(=O)[C@@H]2NC(=O)c3c[nH]c4ncc(nc34)C3(CCCC4CC42)CC3)C1,,
JAK2_9dcdbe0544,N#C[C@H]1CCN(C(=O)[C@H](NC(=O)c2c[nH]c3ncc(C4CC4)nc23)C2CC2)C1,duplicate_or_invalid_record,19.0,26.0,9.0,3.0,12.0,0.821771,0.67828,0.278291,oxa_aza,N#C[C@H]1CCN(C(=O)[C@@H]2NC(=O)c3c[nH]c4ncc(nc34)C3(CCCC4CC42)CC3)C1,,
JAK2_9dcdbe0544,N#C[C@H]1CCN(C(=O)[C@H](NC(=O)c2c[nH]c3ncc(C4CC4)nc23)C2CC2)C1,duplicate_or_invalid_record,19.0,26.0,9.0,3.0,12.0,0.821771,0.67828,0.278291,alkyl,N#C[C@H]1CCN(C(=O)[C@@H]2NC(=O)c3c[nH]c4ncc(nc34)C3(CCCC4CC42)CC3)C1,,
JAK2_9dcdbe0544,N#C[C@H]1CCN(C(=O)[C@H](NC(=O)c2c[nH]c3ncc(C4CC4)nc23)C2CC2)C1,duplicate_or_invalid_record,19.0,26.0,9.0,3.0,12.0,0.821771,0.67828,0.278291,oxa,N#C[C@H]1CCN(C(=O)[C@@H]2NC(=O)c3c[nH]c4ncc(nc34)C3(CC3)COCC3CC32)C1,,
JAK2_9dcdbe0544,N#C[C@H]1CCN(C(=O)[C@H](NC(=O)c2c[nH]c3ncc(C4CC4)nc23)C2CC2)C1,duplicate_or_invalid_record,19.0,26.0,9.0,3.0,12.0,0.821771,0.67828,0.278291,aza,N#C[C@H]1CCN(C(=O)[C@@H]2NC(=O)c3c[nH]c4ncc(nc34)C3(CC3)CNCC3CC32)C1,,
JAK2_9dcdbe0544,N#C[C@H]1CCN(C(=O)[C@H](NC(=O)c2c[nH]c3ncc(C4CC4)nc23)C2CC2)C1,duplicate_or_invalid_record,19.0,26.0,9.0,3.0,12.0,0.821771,0.67828,0.278291,thioether,N#C[C@H]1CCN(C(=O)[C@@H]2NC(=O)c3c[nH]c4ncc(nc34)C3(CC3)CSCC3CC32)C1,,
JAK2_9dcdbe0544,N#C[C@H]1CCN(C(=O)[C@H](NC(=O)c2c[nH]c3ncc(C4CC4)nc23)C2CC2)C1,valid_output,24.0,20.0,9.0,3.0,12.0,0.821771,0.67828,0.278291,oxa_aza,N#C[C@H]1CCN(C(=O)[C@@H]2NC(=O)c3c[nH]c4ncc(nc34)C3CC3CCCC23CC3)C1,CAND_d93664c4b9,HOMDVHDDTYNNLA-JXGBTDEFSA-N
JAK2_9dcdbe0544,N#C[C@H]1CCN(C(=O)[C@H](NC(=O)c2c[nH]c3ncc(C4CC4)nc23)C2CC2)C1,valid_output,24.0,20.0,9.0,3.0,12.0,0.821771,0.67828,0.278291,thioether,N#C[C@H]1CCN(C(=O)[C@@H]2NC(=O)c3c[nH]c4ncc(nc34)C3CC3CSCC23CC3)C1,CAND_02bca8d718,YLWJLPCJNFQMCO-XILSRCRHSA-N
JAK2_9dcdbe0544,N#C[C@H]1CCN(C(=O)[C@H](NC(=O)c2c[nH]c3ncc(C4CC4)nc23)C2CC2)C1,duplicate_or_invalid_record,24.0,20.0,9.0,3.0,12.0,0.821771,0.67828,0.278291,alkyl,N#C[C@H]1CCN(C(=O)[C@@H]2NC(=O)c3c[nH]c4ncc(nc34)C3CC3CCCC23CC3)C1,,
JAK2_9dcdbe0544,N#C[C@H]1CCN(C(=O)[C@H](NC(=O)c2c[nH]c3ncc(C4CC4)nc23)C2CC2)C1,valid_output,24.0,20.0,9.0,3.0,12.0,0.821771,0.67828,0.278291,aza,N#C[C@H]1CCN(C(=O)[C@@H]2NC(=O)c3c[nH]c4ncc(nc34)C3CC3CNCC23CC3)C1,CAND_9d4c5cab6d,IPHWYJUXNGKNHB-XILSRCRHSA-N
JAK2_9dcdbe0544,N#C[C@H]1CCN(C(=O)[C@H](NC(=O)c2c[nH]c3ncc(C4CC4)nc23)C2CC2)C1,valid_output,24.0,20.0,9.0,3.0,12.0,0.821771,0.67828,0.278291,oxa,N#C[C@H]1CCN(C(=O)[C@@H]2NC(=O)c3c[nH]c4ncc(nc34)C3CC3COCC23CC3)C1,CAND_6c9b69bfe2,RGFMCTZPJBFCLO-XILSRCRHSA-N
JAK2_9dcdbe0544,N#C[C@H]1CCN(C(=O)[C@H](NC(=O)c2c[nH]c3ncc(C4CC4)nc23)C2CC2)C1,duplicate_or_invalid_record,24.0,21.0,9.0,3.0,12.0,0.821771,0.67828,0.278291,oxa_aza,N#C[C@H]1CCN(C(=O)[C@@H]2NC(=O)c3c[nH]c4ncc(nc34)C3CC3CCCC23CC3)C1,,
JAK2_9dcdbe0544,N#C[C@H]1CCN(C(=O)[C@H](NC(=O)c2c[nH]c3ncc(C4CC4)nc23)C2CC2)C1,duplicate_or_invalid_record,24.0,21.0,9.0,3.0,12.0,0.821771,0.67828,0.278291,aza,N#C[C@H]1CCN(C(=O)[C@@H]2NC(=O)c3c[nH]c4ncc(nc34)C3CC3CNCC23CC3)C1,,
JAK2_9dcdbe0544,N#C[C@H]1CCN(C(=O)[C@H](NC(=O)c2c[nH]c3ncc(C4CC4)nc23)C2CC2)C1,duplicate_or_invalid_record,24.0,21.0,9.0,3.0,12.0,0.821771,0.67828,0.278291,oxa,N#C[C@H]1CCN(C(=O)[C@@H]2NC(=O)c3c[nH]c4ncc(nc34)C3CC3COCC23CC3)C1,,
JAK2_9dcdbe0544,N#C[C@H]1CCN(C(=O)[C@H](NC(=O)c2c[nH]c3ncc(C4CC4)nc23)C2CC2)C1,duplicate_or_invalid_record,24.0,21.0,9.0,3.0,12.0,0.821771,0.67828,0.278291,alkyl,N#C[C@H]1CCN(C(=O)[C@@H]2NC(=O)c3c[nH]c4ncc(nc34)C3CC3CCCC23CC3)C1,,
JAK2_9dcdbe0544,N#C[C@H]1CCN(C(=O)[C@H](NC(=O)c2c[nH]c3ncc(C4CC4)nc23)C2CC2)C1,duplicate_or_invalid_record,24.0,21.0,9.0,3.0,12.0,0.821771,0.67828,0.278291,thioether,N#C[C@H]1CCN(C(=O)[C@@H]2NC(=O)c3c[nH]c4ncc(nc34)C3CC3CSCC23CC3)C1,,
JAK2_9dcdbe0544,N#C[C@H]1CCN(C(=O)[C@H](NC(=O)c2c[nH]c3ncc(C4CC4)nc23)C2CC2)C1,ring_closure_failed,2.0,19.0,11.0,6.0,17.0,0.821771,0.821771,0.212838,thioether,,,
JAK2_9dcdbe0544,N#C[C@H]1CCN(C(=O)[C@H](NC(=O)c2c[nH]c3ncc(C4CC4)nc23)C2CC2)C1,ring_closure_failed,2.0,19.0,11.0,6.0,17.0,0.821771,0.821771,0.212838,oxa,,,
JAK2_9dcdbe0544,N#C[C@H]1CCN(C(=O)[C@H](NC(=O)c2c[nH]c3ncc(C4CC4)nc23)C2CC2)C1,ring_closure_failed,2.0,19.0,11.0,6.0,17.0,0.821771,0.821771,0.212838,alkyl,,,
JAK2_9dcdbe0544,N#C[C@H]1CCN(C(=O)[C@H](NC(=O)c2c[nH]c3ncc(C4CC4)nc23)C2CC2)C1,ring_closure_failed,2.0,19.0,11.0,6.0,17.0,0.821771,0.821771,0.212838,aza,,,
JAK2_9dcdbe0544,N#C[C@H]1CCN(C(=O)[C@H](NC(=O)c2c[nH]c3ncc(C4CC4)nc23)C2CC2)C1,ring_closure_failed,2.0,19.0,11.0,6.0,17.0,0.821771,0.821771,0.212838,oxa_aza,,,
JAK2_9dcdbe0544,N#C[C@H]1CCN(C(=O)[C@H](NC(=O)c2c[nH]c3ncc(C4CC4)nc23)C2CC2)C1,valid_output,19.0,4.0,10.0,3.0,13.0,0.821771,0.67828,0.234081,aza,N#C[C@H]1CC2CNCC3(CC3)c3cnc4[nH]cc(c4n3)C(=O)N[C@H](C3CC3)C(=O)N2C1,CAND_d4292dc600,GDOIQDMSOKVZOZ-ZYFOBHMOSA-N
JAK2_9dcdbe0544,N#C[C@H]1CCN(C(=O)[C@H](NC(=O)c2c[nH]c3ncc(C4CC4)nc23)C2CC2)C1,valid_output,19.0,4.0,10.0,3.0,13.0,0.821771,0.67828,0.234081,thioether,N#C[C@H]1CC2CSCC3(CC3)c3cnc4[nH]cc(c4n3)C(=O)N[C@H](C3CC3)C(=O)N2C1,CAND_a6e2aca7fb,LPLMSPHZWKDSFN-ZYFOBHMOSA-N
JAK2_9dcdbe0544,N#C[C@H]1CCN(C(=O)[C@H](NC(=O)c2c[nH]c3ncc(C4CC4)nc23)C2CC2)C1,valid_output,19.0,4.0,10.0,3.0,13.0,0.821771,0.67828,0.234081,oxa,N#C[C@H]1CC2COCC3(CC3)c3cnc4[nH]cc(c4n3)C(=O)N[C@H](C3CC3)C(=O)N2C1,CAND_76774df791,CJARQMPCFPOYTL-ZYFOBHMOSA-N
JAK2_9dcdbe0544,N#C[C@H]1CCN(C(=O)[C@H](NC(=O)c2c[nH]c3ncc(C4CC4)nc23)C2CC2)C1,valid_output,19.0,4.0,10.0,3.0,13.0,0.821771,0.67828,0.234081,alkyl,N#C[C@H]1CC2CCCC3(CC3)c3cnc4[nH]cc(c4n3)C(=O)N[C@H](C3CC3)C(=O)N2C1,CAND_7f7760bbec,SZNOMDJPNRVXHW-JGNDPHQUSA-N
JAK2_67619c76a6,COc1ccccc1-c1ccc2cnc(Nc3ccc(N4CCN(C[C@H](C)O)CC4)c(F)c3)nn12,no_valid_anchor_pair,,,,,,,,,,,,
JAK2_0c0d246793,COc1ccc(Nc2ncc3ccc(-c4ccccc4OC)n3n2)cc1,no_valid_anchor_pair,,,,,,,,,,,,
JAK2_22b5f1b127,CCC[C@@H](Nc1cc(-c2c(N)nn3cccnc23)ncn1)c1ccc(F)cc1,no_valid_anchor_pair,,,,,,,,,,,,
JAK2_205d487531,COc1ccc(-c2ccc3cnc(Nc4ccc(C5CCN(C[C@H](C)O)CC5)cc4)nn23)cn1,no_valid_anchor_pair,,,,,,,,,,,,
JAK2_4ca72aaeb3,CS(=O)(=O)c1cccc(-c2ccc3cnc(Nc4ccc(C5CCN(CC(N)=O)CC5)cc4)nn23)c1,no_valid_anchor_pair,,,,,,,,,,,,
JAK2_e06ffc340f,COc1ccccc1-c1ccc2cnc(Nc3cccc(N4CCN(C[C@H](C)O)CC4)c3)nn12,no_valid_anchor_pair,,,,,,,,,,,,
JAK2_4c13d3aa84,COc1ccccc1-c1ccc2cnc(Nc3ccc(C4CCN(C[C@H](C)O)CC4)cc3)nn12,no_valid_anchor_pair,,,,,,,,,,,,
JAK2_2e8eed6911,COc1ccccc1-c1ccc2cnc(Nc3ccc(C4CCN(CC(N)=O)CC4)cc3)nn12,no_valid_anchor_pair,,,,,,,,,,,,
JAK2_c385760536,N#CC1CN(C(=O)[C@H](NC(=O)c2c[nH]c3ncc(C4CC4)nc23)C2CC2)C1,valid_output,18.0,23.0,8.0,5.0,13.0,0.821771,0.821771,0.224639,alkyl,N#CC1CN(C(=O)[C@@H]2NC(=O)c3c[nH]c4ncc(nc34)C3(CCCCCC24CC4)CC3)C1,CAND_423486dce5,BMQOWSQTLFWOLA-IBGZPJMESA-N
JAK2_c385760536,N#CC1CN(C(=O)[C@H](NC(=O)c2c[nH]c3ncc(C4CC4)nc23)C2CC2)C1,valid_output,18.0,23.0,8.0,5.0,13.0,0.821771,0.821771,0.224639,oxa,N#CC1CN(C(=O)[C@@H]2NC(=O)c3c[nH]c4ncc(nc34)C3(CCOCCC24CC4)CC3)C1,CAND_8b6de06a0f,WDPWVXOYSLJQGF-SFHVURJKSA-N
JAK2_c385760536,N#CC1CN(C(=O)[C@H](NC(=O)c2c[nH]c3ncc(C4CC4)nc23)C2CC2)C1,valid_output,18.0,23.0,8.0,5.0,13.0,0.821771,0.821771,0.224639,thioether,N#CC1CN(C(=O)[C@@H]2NC(=O)c3c[nH]c4ncc(nc34)C3(CCSCCC24CC4)CC3)C1,CAND_bfdc82a98a,UVCZPUKWYHMMSS-SFHVURJKSA-N
JAK2_c385760536,N#CC1CN(C(=O)[C@H](NC(=O)c2c[nH]c3ncc(C4CC4)nc23)C2CC2)C1,valid_output,18.0,23.0,8.0,5.0,13.0,0.821771,0.821771,0.224639,aza,N#CC1CN(C(=O)[C@@H]2NC(=O)c3c[nH]c4ncc(nc34)C3(CCNCCC24CC4)CC3)C1,CAND_6cb1768675,IWUSFZCWAOXRAT-SFHVURJKSA-N
JAK2_c385760536,N#CC1CN(C(=O)[C@H](NC(=O)c2c[nH]c3ncc(C4CC4)nc23)C2CC2)C1,valid_output,18.0,23.0,8.0,5.0,13.0,0.821771,0.821771,0.224639,oxa_aza,N#CC1CN(C(=O)[C@@H]2NC(=O)c3c[nH]c4ncc(nc34)C3(CC3)COCNCC23CC3)C1,CAND_53308bee89,RMIJTQSMDAIJLA-KRWDZBQOSA-N
JAK2_c385760536,N#CC1CN(C(=O)[C@H](NC(=O)c2c[nH]c3ncc(C4CC4)nc23)C2CC2)C1,valid_output,18.0,24.0,9.0,3.0,12.0,0.821771,0.67828,0.263849,thioether,N#CC1CN(C(=O)[C@@H]2NC(=O)c3c[nH]c4ncc(nc34)C3(CC3)CSCC3CC32)C1,CAND_97556b1c56,XGPLTYNGABJAJS-QWQCLYJRSA-N
JAK2_c385760536,N#CC1CN(C(=O)[C@H](NC(=O)c2c[nH]c3ncc(C4CC4)nc23)C2CC2)C1,valid_output,18.0,24.0,9.0,3.0,12.0,0.821771,0.67828,0.263849,alkyl,N#CC1CN(C(=O)[C@@H]2NC(=O)c3c[nH]c4ncc(nc34)C3(CCCC4CC42)CC3)C1,CAND_6ea473cbe3,VROIAUMXXPXPCW-WTNGLUPJSA-N
JAK2_c385760536,N#CC1CN(C(=O)[C@H](NC(=O)c2c[nH]c3ncc(C4CC4)nc23)C2CC2)C1,valid_output,18.0,24.0,9.0,3.0,12.0,0.821771,0.67828,0.263849,aza,N#CC1CN(C(=O)[C@@H]2NC(=O)c3c[nH]c4ncc(nc34)C3(CC3)CNCC3CC32)C1,CAND_ffa2b05eef,WTHHTEOIGGPMKZ-QWQCLYJRSA-N
JAK2_c385760536,N#CC1CN(C(=O)[C@H](NC(=O)c2c[nH]c3ncc(C4CC4)nc23)C2CC2)C1,valid_output,18.0,24.0,9.0,3.0,12.0,0.821771,0.67828,0.263849,oxa,N#CC1CN(C(=O)[C@@H]2NC(=O)c3c[nH]c4ncc(nc34)C3(CC3)COCC3CC32)C1,CAND_a8ccc119df,AHPVANVMXLDYEC-QWQCLYJRSA-N
JAK2_c385760536,N#CC1CN(C(=O)[C@H](NC(=O)c2c[nH]c3ncc(C4CC4)nc23)C2CC2)C1,duplicate_or_invalid_record,18.0,24.0,9.0,3.0,12.0,0.821771,0.67828,0.263849,oxa_aza,N#CC1CN(C(=O)[C@@H]2NC(=O)c3c[nH]c4ncc(nc34)C3(CCCC4CC42)CC3)C1,,
JAK2_c385760536,N#CC1CN(C(=O)[C@H](NC(=O)c2c[nH]c3ncc(C4CC4)nc23)C2CC2)C1,duplicate_or_invalid_record,18.0,25.0,9.0,3.0,12.0,0.821771,0.67828,0.263849,aza,N#CC1CN(C(=O)[C@@H]2NC(=O)c3c[nH]c4ncc(nc34)C3(CC3)CNCC3CC32)C1,,
JAK2_c385760536,N#CC1CN(C(=O)[C@H](NC(=O)c2c[nH]c3ncc(C4CC4)nc23)C2CC2)C1,duplicate_or_invalid_record,18.0,25.0,9.0,3.0,12.0,0.821771,0.67828,0.263849,oxa_aza,N#CC1CN(C(=O)[C@@H]2NC(=O)c3c[nH]c4ncc(nc34)C3(CCCC4CC42)CC3)C1,,
JAK2_c385760536,N#CC1CN(C(=O)[C@H](NC(=O)c2c[nH]c3ncc(C4CC4)nc23)C2CC2)C1,duplicate_or_invalid_record,18.0,25.0,9.0,3.0,12.0,0.821771,0.67828,0.263849,thioether,N#CC1CN(C(=O)[C@@H]2NC(=O)c3c[nH]c4ncc(nc34)C3(CC3)CSCC3CC32)C1,,
JAK2_c385760536,N#CC1CN(C(=O)[C@H](NC(=O)c2c[nH]c3ncc(C4CC4)nc23)C2CC2)C1,duplicate_or_invalid_record,18.0,25.0,9.0,3.0,12.0,0.821771,0.67828,0.263849,oxa,N#CC1CN(C(=O)[C@@H]2NC(=O)c3c[nH]c4ncc(nc34)C3(CC3)COCC3CC32)C1,,
JAK2_c385760536,N#CC1CN(C(=O)[C@H](NC(=O)c2c[nH]c3ncc(C4CC4)nc23)C2CC2)C1,duplicate_or_invalid_record,18.0,25.0,9.0,3.0,12.0,0.821771,0.67828,0.263849,alkyl,N#CC1CN(C(=O)[C@@H]2NC(=O)c3c[nH]c4ncc(nc34)C3(CCCC4CC42)CC3)C1,,
JAK2_c385760536,N#CC1CN(C(=O)[C@H](NC(=O)c2c[nH]c3ncc(C4CC4)nc23)C2CC2)C1,valid_output,23.0,19.0,9.0,3.0,12.0,0.821771,0.67828,0.263849,thioether,N#CC1CN(C(=O)[C@@H]2NC(=O)c3c[nH]c4ncc(nc34)C3CC3CSCC23CC3)C1,CAND_61196e5542,KVVKMDDHECBCTN-FVKWTLKZSA-N
JAK2_c385760536,N#CC1CN(C(=O)[C@H](NC(=O)c2c[nH]c3ncc(C4CC4)nc23)C2CC2)C1,valid_output,23.0,19.0,9.0,3.0,12.0,0.821771,0.67828,0.263849,aza,N#CC1CN(C(=O)[C@@H]2NC(=O)c3c[nH]c4ncc(nc34)C3CC3CNCC23CC3)C1,CAND_2f2f7a144b,KKDRWTUSPQQXBQ-FVKWTLKZSA-N
JAK2_c385760536,N#CC1CN(C(=O)[C@H](NC(=O)c2c[nH]c3ncc(C4CC4)nc23)C2CC2)C1,valid_output,23.0,19.0,9.0,3.0,12.0,0.821771,0.67828,0.263849,oxa_aza,N#CC1CN(C(=O)[C@@H]2NC(=O)c3c[nH]c4ncc(nc34)C3CC3CCCC23CC3)C1,CAND_34d92e36bf,IGRBUVBDUBVFLS-JRSKDTKFSA-N
JAK2_bc8d95b8eb,Cc1cc(Nc2nc(N3CCN(C(=O)Cc4ccc(Cl)cc4)CC3)nn3cccc23)n[nH]1,no_valid_anchor_pair,,,,,,,,,,,,
JAK2_6517cb645a,CC(O)c1cc(Cl)c(Nc2nc3ccncc3c3c(=O)[nH]ccc23)c(Cl)c1,no_valid_anchor_pair,,,,,,,,,,,,
JAK2_a77381c7fa,CC(C)[C@@H](Nc1cc(-c2c(N)nn3cccnc23)ncn1)c1ccc(F)cc1,no_valid_anchor_pair,,,,,,,,,,,,
JAK2_628eb3c7b6,CC[C@@H](Nc1cc(-c2c(N)nn3cccnc23)ncn1)c1ccc(F)cc1,no_valid_anchor_pair,,,,,,,,,,,,
JAK2_6d024c163e,CC(C)(C)NS(=O)(=O)c1cccc(-c2ccc3cnc(Nc4ccc(C5CCN(CC(N)=O)CC5)cc4)nn23)c1,no_valid_anchor_pair,,,,,,,,,,,,
JAK2_4635e8b5a7,CS(=O)(=O)c1ccc(-c2cccn3nc(Nc4cccc(CN5CCS(=O)(=O)CC5)c4)nc23)cc1,no_valid_anchor_pair,,,,,,,,,,,,
JAK2_34d30ab507,CN1CCC(c2cccc(Nc3nc4c(-c5ccc(S(C)(=O)=O)cc5)cccn4n3)c2)CC1,no_valid_anchor_pair,,,,,,,,,,,,
JAK2_6f4dcc3327,COc1ccc(-c2ccc3cnc(Nc4ccc(C5CCN(CC(N)=O)CC5)cc4)nn23)cn1,no_valid_anchor_pair,,,,,,,,,,,,
JAK2_1a53985c87,CC(C)(C)[C@@H](NC(=O)c1c[nH]c2ncc(C3CC3)nc12)C(=O)N1CC(C#N)C1,valid_output,15.0,23.0,10.0,3.0,13.0,0.821771,0.67828,0.353348,oxa_aza,CC(C)(C)[C@H]1NC(=O)c2c[nH]c3ncc(nc23)C2(CCCC3C(C#N)CN3C1=O)CC2,CAND_826c88beb5,MZARHELMJIUXBU-RWKZGTHUSA-N
JAK2_1a53985c87,CC(C)(C)[C@@H](NC(=O)c1c[nH]c2ncc(C3CC3)nc12)C(=O)N1CC(C#N)C1,valid_output,15.0,23.0,10.0,3.0,13.0,0.821771,0.67828,0.353348,oxa,CC(C)(C)[C@H]1NC(=O)c2c[nH]c3ncc(nc23)C2(CC2)COCC2C(C#N)CN2C1=O,CAND_4b1fa23406,JLNOZBIIQANBQQ-AJUCZRQESA-N
JAK2_1a53985c87,CC(C)(C)[C@@H](NC(=O)c1c[nH]c2ncc(C3CC3)nc12)C(=O)N1CC(C#N)C1,duplicate_or_invalid_record,15.0,23.0,10.0,3.0,13.0,0.821771,0.67828,0.353348,alkyl,CC(C)(C)[C@H]1NC(=O)c2c[nH]c3ncc(nc23)C2(CCCC3C(C#N)CN3C1=O)CC2,,
JAK2_1a53985c87,CC(C)(C)[C@@H](NC(=O)c1c[nH]c2ncc(C3CC3)nc12)C(=O)N1CC(C#N)C1,valid_output,15.0,23.0,10.0,3.0,13.0,0.821771,0.67828,0.353348,aza,CC(C)(C)[C@H]1NC(=O)c2c[nH]c3ncc(nc23)C2(CC2)CNCC2C(C#N)CN2C1=O,CAND_a28891a72c,ZBDUOXGCIIUPIH-AJUCZRQESA-N
JAK2_1a53985c87,CC(C)(C)[C@@H](NC(=O)c1c[nH]c2ncc(C3CC3)nc12)C(=O)N1CC(C#N)C1,valid_output,15.0,23.0,10.0,3.0,13.0,0.821771,0.67828,0.353348,thioether,CC(C)(C)[C@H]1NC(=O)c2c[nH]c3ncc(nc23)C2(CC2)CSCC2C(C#N)CN2C1=O,CAND_661d99e302,CFHMOIZBUKZHPX-AJUCZRQESA-N
JAK2_1a53985c87,CC(C)(C)[C@@H](NC(=O)c1c[nH]c2ncc(C3CC3)nc12)C(=O)N1CC(C#N)C1,duplicate_or_invalid_record,15.0,27.0,10.0,3.0,13.0,0.821771,0.67828,0.353348,alkyl,CC(C)(C)[C@H]1NC(=O)c2c[nH]c3ncc(nc23)C2(CCCC3C(C#N)CN3C1=O)CC2,,
JAK2_1a53985c87,CC(C)(C)[C@@H](NC(=O)c1c[nH]c2ncc(C3CC3)nc12)C(=O)N1CC(C#N)C1,duplicate_or_invalid_record,15.0,27.0,10.0,3.0,13.0,0.821771,0.67828,0.353348,thioether,CC(C)(C)[C@H]1NC(=O)c2c[nH]c3ncc(nc23)C2(CC2)CSCC2C(C#N)CN2C1=O,,
JAK2_1a53985c87,CC(C)(C)[C@@H](NC(=O)c1c[nH]c2ncc(C3CC3)nc12)C(=O)N1CC(C#N)C1,duplicate_or_invalid_record,15.0,27.0,10.0,3.0,13.0,0.821771,0.67828,0.353348,oxa_aza,CC(C)(C)[C@H]1NC(=O)c2c[nH]c3ncc(nc23)C2(CCCC3C(C#N)CN3C1=O)CC2,,
JAK2_1a53985c87,CC(C)(C)[C@@H](NC(=O)c1c[nH]c2ncc(C3CC3)nc12)C(=O)N1CC(C#N)C1,duplicate_or_invalid_record,15.0,27.0,10.0,3.0,13.0,0.821771,0.67828,0.353348,oxa,CC(C)(C)[C@H]1NC(=O)c2c[nH]c3ncc(nc23)C2(CC2)COCC2C(C#N)CN2C1=O,,
JAK2_1a53985c87,CC(C)(C)[C@@H](NC(=O)c1c[nH]c2ncc(C3CC3)nc12)C(=O)N1CC(C#N)C1,duplicate_or_invalid_record,15.0,27.0,10.0,3.0,13.0,0.821771,0.67828,0.353348,aza,CC(C)(C)[C@H]1NC(=O)c2c[nH]c3ncc(nc23)C2(CC2)CNCC2C(C#N)CN2C1=O,,
JAK2_1a53985c87,CC(C)(C)[C@@H](NC(=O)c1c[nH]c2ncc(C3CC3)nc12)C(=O)N1CC(C#N)C1,valid_output,15.0,24.0,11.0,3.0,14.0,0.821771,0.821771,0.290717,thioether,CC(C)(C)[C@H]1NC(=O)c2c[nH]c3ncc(nc23)C2(CC2)CSCC2(C#N)CN(C2)C1=O,CAND_aaa379f29a,HDHLLIARLPEAJD-INIZCTEOSA-N
JAK2_1a53985c87,CC(C)(C)[C@@H](NC(=O)c1c[nH]c2ncc(C3CC3)nc12)C(=O)N1CC(C#N)C1,valid_output,15.0,24.0,11.0,3.0,14.0,0.821771,0.821771,0.290717,oxa_aza,CC(C)(C)[C@H]1NC(=O)c2c[nH]c3ncc(nc23)C2(CCCC3(C#N)CN(C3)C1=O)CC2,CAND_ff4ec3842f,UKHZSAMVHXXKRG-KRWDZBQOSA-N
JAK2_1a53985c87,CC(C)(C)[C@@H](NC(=O)c1c[nH]c2ncc(C3CC3)nc12)C(=O)N1CC(C#N)C1,valid_output,15.0,24.0,11.0,3.0,14.0,0.821771,0.821771,0.290717,aza,CC(C)(C)[C@H]1NC(=O)c2c[nH]c3ncc(nc23)C2(CC2)CNCC2(C#N)CN(C2)C1=O,CAND_d6e2fc541d,PFYDKIOCMNZLOV-INIZCTEOSA-N
JAK2_1a53985c87,CC(C)(C)[C@@H](NC(=O)c1c[nH]c2ncc(C3CC3)nc12)C(=O)N1CC(C#N)C1,valid_output,15.0,24.0,11.0,3.0,14.0,0.821771,0.821771,0.290717,oxa,CC(C)(C)[C@H]1NC(=O)c2c[nH]c3ncc(nc23)C2(CC2)COCC2(C#N)CN(C2)C1=O,CAND_4ea78847f9,LLFMNXCGHFDIIM-INIZCTEOSA-N
JAK2_1a53985c87,CC(C)(C)[C@@H](NC(=O)c1c[nH]c2ncc(C3CC3)nc12)C(=O)N1CC(C#N)C1,duplicate_or_invalid_record,15.0,24.0,11.0,3.0,14.0,0.821771,0.821771,0.290717,alkyl,CC(C)(C)[C@H]1NC(=O)c2c[nH]c3ncc(nc23)C2(CCCC3(C#N)CN(C3)C1=O)CC2,,
JAK2_1a53985c87,CC(C)(C)[C@@H](NC(=O)c1c[nH]c2ncc(C3CC3)nc12)C(=O)N1CC(C#N)C1,valid_output,15.0,24.0,11.0,6.0,17.0,0.821771,0.821771,0.248008,alkyl,CC(C)(C)[C@H]1NC(=O)c2c[nH]c3ncc(nc23)C2(CCCCCCC3(C#N)CN(C3)C1=O)CC2,CAND_91833501ec,ZRRCLZIZDXXRHT-FQEVSTJZSA-N
JAK2_1a53985c87,CC(C)(C)[C@@H](NC(=O)c1c[nH]c2ncc(C3CC3)nc12)C(=O)N1CC(C#N)C1,valid_output,15.0,24.0,11.0,6.0,17.0,0.821771,0.821771,0.248008,aza,CC(C)(C)[C@H]1NC(=O)c2c[nH]c3ncc(nc23)C2(CCCNCCC3(C#N)CN(C3)C1=O)CC2,CAND_4e8257bdee,KWHUAFLBPGKMEV-IBGZPJMESA-N
JAK2_1a53985c87,CC(C)(C)[C@@H](NC(=O)c1c[nH]c2ncc(C3CC3)nc12)C(=O)N1CC(C#N)C1,valid_output,15.0,24.0,11.0,6.0,17.0,0.821771,0.821771,0.248008,oxa_aza,CC(C)(C)[C@H]1NC(=O)c2c[nH]c3ncc(nc23)C2(CCOCNCC3(C#N)CN(C3)C1=O)CC2,CAND_e6c0627bb9,MUCGFCOGPOVGDH-SFHVURJKSA-N
JAK2_1a53985c87,CC(C)(C)[C@@H](NC(=O)c1c[nH]c2ncc(C3CC3)nc12)C(=O)N1CC(C#N)C1,valid_output,15.0,24.0,11.0,6.0,17.0,0.821771,0.821771,0.248008,thioether,CC(C)(C)[C@H]1NC(=O)c2c[nH]c3ncc(nc23)C2(CCCSCCC3(C#N)CN(C3)C1=O)CC2,CAND_5fdf8771a8,IAHQBZMCPQJZNV-IBGZPJMESA-N
JAK2_523a543e49,COc1cc(-c2cnc3[nH]cc(C(=O)N[C@H](C)C(=O)N4CC(C#N)C4)c3n2)cc(OC)c1OC,no_valid_anchor_pair,,,,,,,,,,,,
JAK2_cd0ef0dc7c,CS(=O)(=O)c1ccc(-c2cccn3nc(Nc4cccc(N5CCOCC5)c4)nc23)cc1,no_valid_anchor_pair,,,,,,,,,,,,
JAK2_d7634eac48,COc1ccccc1-c1ccc2cnc(Nc3cccc(N4CCN(C)CC4)c3)nn12,no_valid_anchor_pair,,,,,,,,,,,,
JAK2_0a1653190d,O=c1[nH]ccc2c(Nc3c(Cl)cc(F)cc3Cl)nc3ccncc3c12,no_valid_anchor_pair,,,,,,,,,,,,
JAK2_1f52d2b5fb,Cc1cc(Nc2nc(N3CCN(C(=O)Cc4ccc(F)cc4)CC3)nn3cccc23)n[nH]1,no_valid_anchor_pair,,,,,,,,,,,,
JAK2_33518fcb72,C[C@H](O)CN1CCC(c2ccc(Nc3ncc4ccc(-c5ccccc5N(C)S(C)(=O)=O)n4n3)cc2)CC1,no_valid_anchor_pair,,,,,,,,,,,,
JAK2_471915c039,O=c1[nH]ccc2c(Nc3c(F)cc(F)cc3Cl)nc3ccncc3c12,no_valid_anchor_pair,,,,,,,,,,,,
JAK2_c5ba052617,CS(=O)(=O)c1ccc(-c2cccn3nc(Nc4ccc(N5CCOCC5)cc4)nc23)cc1,no_valid_anchor_pair,,,,,,,,,,,,
JAK2_ba8ed991fd,O=C1CC[C@H](C(=O)Nc2ccc(-c3ccnc(Nc4ccc(N5CCOCC5)cc4)n3)cc2)N1,no_valid_anchor_pair,,,,,,,,,,,,
JAK2_809c0ece50,O=c1[nH]ccc2c(Nc3c(Cl)cc(C(F)(F)F)cc3Cl)nc3ccncc3c12,no_valid_anchor_pair,,,,,,,,,,,,
JAK2_b5896fea79,O=c1[nH]ccc2c(Nc3c(Cl)cc(-c4ccn[nH]4)cc3Cl)nc3ccncc3c12,no_valid_anchor_pair,,,,,,,,,,,,
JAK2_9e9e65d6c2,CS(=O)(=O)O.O=C(NCc1cccc(O)c1)Nc1nc(-c2ccncc2)cs1,no_valid_anchor_pair,,,,,,,,,,,,
JAK2_fd8b24dad5,Cc1cc(Nc2nc(N[C@@H](C)c3ccc(F)cn3)c(C#N)cc2F)n[nH]1,no_valid_anchor_pair,,,,,,,,,,,,
JAK2_0be5e5cb2a,CN1CCN(c2ccc(Nc3ncc4ccc(-c5cccc(S(=O)(=O)NC(C)(C)C)c5)n4n3)cc2F)CC1,no_valid_anchor_pair,,,,,,,,,,,,
JAK2_21004599ab,CC(C)[C@@H](Nc1nc2cc[nH]c(=O)c2c2cc(F)ccc12)C(F)(F)F,no_valid_anchor_pair,,,,,,,,,,,,
JAK2_ec117125df,C[C@H](Nc1ncc(C(N)=O)c2[nH]c3cc(-c4cnn(C)c4)ccc3c12)C1CC1,no_valid_anchor_pair,,,,,,,,,,,,
JAK2_9befca631f,CC(C)[C@@H](Nc1nc2cc[nH]c(=O)c2c2cnccc12)C(F)(F)F,no_valid_anchor_pair,,,,,,,,,,,,
JAK2_dbe7510318,O=C(Nc1c[nH]nc1-c1nc2ccc(CN3CCOCC3)cc2[nH]1)NC1CC1,valid_output,25.0,16.0,13.0,5.0,18.0,0.821771,0.67828,0.199893,alkyl,O=C1Nc2c[nH]nc2-c2nc3ccc(cc3[nH]2)CN2CCOCC2CCCCCC2(CC2)N1,CAND_b3c1e9c6e7,JJOHDIRSSGIJTG-UHFFFAOYSA-N
JAK2_dbe7510318,O=C(Nc1c[nH]nc1-c1nc2ccc(CN3CCOCC3)cc2[nH]1)NC1CC1,valid_output,25.0,16.0,13.0,5.0,18.0,0.821771,0.67828,0.199893,thioether,O=C1Nc2c[nH]nc2-c2nc3ccc(cc3[nH]2)CN2CCOCC2CCSCCC2(CC2)N1,CAND_09deb650c1,DDGKEEUOWIFBMV-UHFFFAOYSA-N
JAK2_dbe7510318,O=C(Nc1c[nH]nc1-c1nc2ccc(CN3CCOCC3)cc2[nH]1)NC1CC1,valid_output,25.0,16.0,13.0,5.0,18.0,0.821771,0.67828,0.199893,aza,O=C1Nc2c[nH]nc2-c2nc3ccc(cc3[nH]2)CN2CCOCC2CCNCCC2(CC2)N1,CAND_ebd66c7b75,IQKCQIODXLYFBQ-UHFFFAOYSA-N
JAK2_dbe7510318,O=C(Nc1c[nH]nc1-c1nc2ccc(CN3CCOCC3)cc2[nH]1)NC1CC1,valid_output,25.0,16.0,13.0,5.0,18.0,0.821771,0.67828,0.199893,oxa,O=C1Nc2c[nH]nc2-c2nc3ccc(cc3[nH]2)CN2CCOCC2CCOCCC2(CC2)N1,CAND_2e11abfe19,RLLDBAYFCZKELV-UHFFFAOYSA-N
JAK2_dbe7510318,O=C(Nc1c[nH]nc1-c1nc2ccc(CN3CCOCC3)cc2[nH]1)NC1CC1,valid_output,25.0,16.0,13.0,5.0,18.0,0.821771,0.67828,0.199893,oxa_aza,O=C1Nc2c[nH]nc2-c2nc3ccc(cc3[nH]2)CN2CCOCC2CNCOCC2(CC2)N1,CAND_453a8d70ca,IZSUYVKQMSNHRR-UHFFFAOYSA-N
JAK2_dbe7510318,O=C(Nc1c[nH]nc1-c1nc2ccc(CN3CCOCC3)cc2[nH]1)NC1CC1,duplicate_or_invalid_record,25.0,20.0,13.0,5.0,18.0,0.821771,0.67828,0.199893,aza,O=C1Nc2c[nH]nc2-c2nc3ccc(cc3[nH]2)CN2CCOCC2CCNCCC2(CC2)N1,,
JAK2_dbe7510318,O=C(Nc1c[nH]nc1-c1nc2ccc(CN3CCOCC3)cc2[nH]1)NC1CC1,duplicate_or_invalid_record,25.0,20.0,13.0,5.0,18.0,0.821771,0.67828,0.199893,thioether,O=C1Nc2c[nH]nc2-c2nc3ccc(cc3[nH]2)CN2CCOCC2CCSCCC2(CC2)N1,,
JAK2_dbe7510318,O=C(Nc1c[nH]nc1-c1nc2ccc(CN3CCOCC3)cc2[nH]1)NC1CC1,duplicate_or_invalid_record,25.0,20.0,13.0,5.0,18.0,0.821771,0.67828,0.199893,oxa_aza,O=C1Nc2c[nH]nc2-c2nc3ccc(cc3[nH]2)CN2CCOCC2CNCOCC2(CC2)N1,,
JAK2_dbe7510318,O=C(Nc1c[nH]nc1-c1nc2ccc(CN3CCOCC3)cc2[nH]1)NC1CC1,duplicate_or_invalid_record,25.0,20.0,13.0,5.0,18.0,0.821771,0.67828,0.199893,oxa,O=C1Nc2c[nH]nc2-c2nc3ccc(cc3[nH]2)CN2CCOCC2CCOCCC2(CC2)N1,,
JAK2_dbe7510318,O=C(Nc1c[nH]nc1-c1nc2ccc(CN3CCOCC3)cc2[nH]1)NC1CC1,duplicate_or_invalid_record,25.0,20.0,13.0,5.0,18.0,0.821771,0.67828,0.199893,alkyl,O=C1Nc2c[nH]nc2-c2nc3ccc(cc3[nH]2)CN2CCOCC2CCCCCC2(CC2)N1,,
JAK2_dbe7510318,O=C(Nc1c[nH]nc1-c1nc2ccc(CN3CCOCC3)cc2[nH]1)NC1CC1,valid_output,25.0,16.0,13.0,6.0,19.0,0.821771,0.67828,0.166759,oxa,O=C1Nc2c[nH]nc2-c2nc3ccc(cc3[nH]2)CN2CCOCC2CCOCCCC2(CC2)N1,CAND_c9a78f3f99,SIVADZRFAMKRHQ-UHFFFAOYSA-N
JAK2_dbe7510318,O=C(Nc1c[nH]nc1-c1nc2ccc(CN3CCOCC3)cc2[nH]1)NC1CC1,valid_output,25.0,16.0,13.0,6.0,19.0,0.821771,0.67828,0.166759,oxa_aza,O=C1Nc2c[nH]nc2-c2nc3ccc(cc3[nH]2)CN2CCOCC2CNCOCCC2(CC2)N1,CAND_94f502517a,YCUVWDZLVPZCAW-UHFFFAOYSA-N
JAK2_dbe7510318,O=C(Nc1c[nH]nc1-c1nc2ccc(CN3CCOCC3)cc2[nH]1)NC1CC1,valid_output,25.0,16.0,13.0,6.0,19.0,0.821771,0.67828,0.166759,alkyl,O=C1Nc2c[nH]nc2-c2nc3ccc(cc3[nH]2)CN2CCOCC2CCCCCCC2(CC2)N1,CAND_0dab0539d2,LEBUQUSWIHAWPD-UHFFFAOYSA-N
JAK2_dbe7510318,O=C(Nc1c[nH]nc1-c1nc2ccc(CN3CCOCC3)cc2[nH]1)NC1CC1,valid_output,25.0,16.0,13.0,6.0,19.0,0.821771,0.67828,0.166759,aza,O=C1Nc2c[nH]nc2-c2nc3ccc(cc3[nH]2)CN2CCOCC2CCNCCCC2(CC2)N1,CAND_34ad2a24d8,KLRRCJHYZNWGOL-UHFFFAOYSA-N
JAK2_dbe7510318,O=C(Nc1c[nH]nc1-c1nc2ccc(CN3CCOCC3)cc2[nH]1)NC1CC1,valid_output,25.0,16.0,13.0,6.0,19.0,0.821771,0.67828,0.166759,thioether,O=C1Nc2c[nH]nc2-c2nc3ccc(cc3[nH]2)CN2CCOCC2CCSCCCC2(CC2)N1,CAND_f4705e122e,VJOULSRJDRNRML-UHFFFAOYSA-N
JAK2_dbe7510318,O=C(Nc1c[nH]nc1-c1nc2ccc(CN3CCOCC3)cc2[nH]1)NC1CC1,duplicate_or_invalid_record,25.0,20.0,13.0,6.0,19.0,0.821771,0.67828,0.166759,thioether,O=C1Nc2c[nH]nc2-c2nc3ccc(cc3[nH]2)CN2CCOCC2CCSCCCC2(CC2)N1,,
JAK2_dbe7510318,O=C(Nc1c[nH]nc1-c1nc2ccc(CN3CCOCC3)cc2[nH]1)NC1CC1,duplicate_or_invalid_record,25.0,20.0,13.0,6.0,19.0,0.821771,0.67828,0.166759,oxa,O=C1Nc2c[nH]nc2-c2nc3ccc(cc3[nH]2)CN2CCOCC2CCOCCCC2(CC2)N1,,
JAK2_dbe7510318,O=C(Nc1c[nH]nc1-c1nc2ccc(CN3CCOCC3)cc2[nH]1)NC1CC1,duplicate_or_invalid_record,25.0,20.0,13.0,6.0,19.0,0.821771,0.67828,0.166759,alkyl,O=C1Nc2c[nH]nc2-c2nc3ccc(cc3[nH]2)CN2CCOCC2CCCCCCC2(CC2)N1,,
JAK2_dbe7510318,O=C(Nc1c[nH]nc1-c1nc2ccc(CN3CCOCC3)cc2[nH]1)NC1CC1,duplicate_or_invalid_record,25.0,20.0,13.0,6.0,19.0,0.821771,0.67828,0.166759,aza,O=C1Nc2c[nH]nc2-c2nc3ccc(cc3[nH]2)CN2CCOCC2CCNCCCC2(CC2)N1,,
JAK2_dbe7510318,O=C(Nc1c[nH]nc1-c1nc2ccc(CN3CCOCC3)cc2[nH]1)NC1CC1,duplicate_or_invalid_record,25.0,20.0,13.0,6.0,19.0,0.821771,0.67828,0.166759,oxa_aza,O=C1Nc2c[nH]nc2-c2nc3ccc(cc3[nH]2)CN2CCOCC2CNCOCCC2(CC2)N1,,
JAK2_071bd53e13,CC(C)(C)c1nc2c3ccc(F)cc3c3c(=O)[nH]ccc3c2[nH]1,no_valid_anchor_pair,,,,,,,,,,,,
JAK2_d95b4cdfb1,CNC(=O)c1cnc(N)c2cc(-c3ccc(S(=O)(=O)NC(C)(C)C)cc3)sc12,no_valid_anchor_pair,,,,,,,,,,,,
JAK2_2208c21560,C[C@H](O)CN1CCN(c2ccc(Nc3ncc4ccc(-c5ccccc5N(C)S(C)(=O)=O)n4n3)cc2F)CC1,no_valid_anchor_pair,,,,,,,,,,,,
JAK2_1c241344ac,Cc1cc(Nc2nc(N3CCN(C(=O)Cc4c(F)cc(Cl)cc4F)CC3)nn3cccc23)n[nH]1,no_valid_anchor_pair,,,,,,,,,,,,
JAK2_03f06fbf7f,NC(=O)c1cnc(N[C@H](C2CC2)C(F)(F)F)c2c1[nH]c1cc(-c3cn[nH]c3)ccc12,no_valid_anchor_pair,,,,,,,,,,,,
JAK2_7888931f4a,NC(=O)c1cnc(NC(C2CC2)C2CC2)c2c1[nH]c1cc(-c3cnc(N)nc3)ccc12,no_valid_anchor_pair,,,,,,,,,,,,
JAK2_9959650146,Cc1ccc(CC(=O)N2CCN(c3nc(Nc4cc(C)[nH]n4)c4cccn4n3)CC2)cc1,no_valid_anchor_pair,,,,,,,,,,,,
JAK2_bbc5da8cb1,CS(=O)(=O)c1ccc(-c2cccn3nc(Nc4cccc(N5CCC(N6CCOCC6)CC5)c4)nc23)cc1,no_valid_anchor_pair,,,,,,,,,,,,
JAK2_dc987bb327,CN1CCN(c2ccc(Nc3ncc4ccc(-c5ccccc5N(C)S(C)(=O)=O)n4n3)cc2Cl)CC1,no_valid_anchor_pair,,,,,,,,,,,,
JAK2_70edd2cf07,Cn1nc(-c2cnc3[nH]cc(C(=O)N[C@@H](C(=O)N4CC(C#N)C4)C4CC4)c3n2)c2ccc(Cl)cc21,no_valid_anchor_pair,,,,,,,,,,,,
JAK2_772111c41c,Cc1cc(Nc2nc(N3CCN(C(=O)c4ccccc4S(C)(=O)=O)CC3)nn3cccc23)n[nH]1,no_valid_anchor_pair,,,,,,,,,,,,
JAK2_797aa2ddf2,C[C@H](O)CN1CCN(c2ccc(Nc3ncc4ccc(-c5ccccc5N(C)S(C)(=O)=O)n4n3)cc2)CC1,no_valid_anchor_pair,,,,,,,,,,,,
JAK2_d3fbad0d44,COc1ccc(CC(=O)N2CCN(c3nc(Nc4cc(C)[nH]n4)c4cccn4n3)CC2)cc1,no_valid_anchor_pair,,,,,,,,,,,,
JAK2_14588c086c,CN1CCN(c2ccc(Nc3ncc4ccc(-c5cccc(S(=O)(=O)NC(C)(C)C)c5)n4n3)cc2Cl)CC1,no_valid_anchor_pair,,,,,,,,,,,,
JAK2_8b297816a9,CC(C)S(=O)(=O)c1ccc(-c2cccn3nc(Nc4cccc(N5CCN(C)CC5)c4)nc23)cc1,no_valid_anchor_pair,,,,,,,,,,,,
JAK2_0d061b421e,Cn1nc(-c2cnc3[nH]cc(C(=O)N[C@@H](C(=O)N4CC(C#N)C4)C(C)(C)C)c3n2)c2ccc(Cl)cc21,no_valid_anchor_pair,,,,,,,,,,,,
JAK2_cb5596e52c,CS(=O)(=O)c1ccc(Nc2nc3c(-c4ccc(S(C)(=O)=O)cc4)cccn3n2)cc1,no_valid_anchor_pair,,,,,,,,,,,,
JAK2_10b80be790,C[C@@H](Nc1cc(-c2c(N)nn3cccnc23)ncn1)c1ccccc1,no_valid_anchor_pair,,,,,,,,,,,,
JAK2_8ec15e5706,Nc1nn2cccnc2c1-c1cc(NCc2ccc(Cl)cc2)ncn1,no_valid_anchor_pair,,,,,,,,,,,,
JAK2_d4de330de6,COc1cccc(Nc2nc3c(-c4ccc(S(C)(=O)=O)cc4)cccn3n2)c1,no_valid_anchor_pair,,,,,,,,,,,,
JAK2_b4d9aeab68,CN1CCN(C2CCN(c3cccc(Nc4nc5c(-c6ccc(S(C)(=O)=O)cc6)cccn5n4)c3)CC2)CC1,no_valid_anchor_pair,,,,,,,,,,,,
JAK2_02db94a4e8,Nc1nn2cccnc2c1-c1cc(NCc2ccc(F)cc2)ncn1,no_valid_anchor_pair,,,,,,,,,,,,
JAK2_3313baf2be,C[C@H](O)CN1CCC(c2ccc(Nc3ncc4ccc(-c5cccc(S(=O)(=O)NC(C)(C)C)c5)n4n3)cc2)CC1,no_valid_anchor_pair,,,,,,,,,,,,
JAK2_c2aa2a9954,CS(=O)(=O)c1ccc(-c2cccn3nc(Nc4ccccc4)nc23)cc1,no_valid_anchor_pair,,,,,,,,,,,,
JAK2_777ae6093b,CN1CCN(c2ccc(Nc3ncc4ccc(-c5ccccc5N(C)S(C)(=O)=O)n4n3)cc2)CC1,no_valid_anchor_pair,,,,,,,,,,,,
JAK2_3f3d946705,C[C@@H]1CCN(C(=O)CC#N)C[C@@H]1N(C)c1ncnc2[nH]ccc12,no_valid_anchor_pair,,,,,,,,,,,,
JAK2_d918415381,C[C@@H](N)C(=O)Nc1ccc(-c2ccnc(Nc3ccc(N4CCOCC4)cc3)n2)cc1,no_valid_anchor_pair,,,,,,,,,,,,
JAK2_7d123907a9,COc1cc(F)c(CC(=O)N2CCN(c3nc(Nc4cc(C)n[nH]4)c4cccn4n3)CC2)c(F)c1,no_valid_anchor_pair,,,,,,,,,,,,
JAK2_8cf1e0547e,CN1CCN(c2cccc(Nc3nc4c(-c5ccc(S(C)(=O)=O)cc5)cccn4n3)c2)CC1,no_valid_anchor_pair,,,,,,,,,,,,
JAK2_b8536fbab5,NC(=O)c1cnc(N[C@H](C2CC2)C(F)(F)F)c2c1[nH]c1cc(-c3ccc(N4CCS(=O)(=O)CC4)nn3)ccc12,valid_output,9.0,27.0,14.0,3.0,17.0,0.821771,0.67828,0.683215,aza,NC(=O)c1cnc2c3c1[nH]c1cc(ccc13)-c1ccc(nn1)N1CCS(=O)(=O)CC1CNCC1(CC1)[C@H](C(F)(F)F)N2,CAND_da006e9e54,UOQSWCBMAYJTFK-FFMAFDDDSA-N
JAK2_b8536fbab5,NC(=O)c1cnc(N[C@H](C2CC2)C(F)(F)F)c2c1[nH]c1cc(-c3ccc(N4CCS(=O)(=O)CC4)nn3)ccc12,valid_output,9.0,27.0,14.0,3.0,17.0,0.821771,0.67828,0.683215,oxa,NC(=O)c1cnc2c3c1[nH]c1cc(ccc13)-c1ccc(nn1)N1CCS(=O)(=O)CC1COCC1(CC1)[C@H](C(F)(F)F)N2,CAND_d7d5e569e3,CNIZANOYKOCSCB-FFMAFDDDSA-N
JAK2_b8536fbab5,NC(=O)c1cnc(N[C@H](C2CC2)C(F)(F)F)c2c1[nH]c1cc(-c3ccc(N4CCS(=O)(=O)CC4)nn3)ccc12,valid_output,9.0,27.0,14.0,3.0,17.0,0.821771,0.67828,0.683215,alkyl,NC(=O)c1cnc2c3c1[nH]c1cc(ccc13)-c1ccc(nn1)N1CCS(=O)(=O)CC1CCCC1(CC1)[C@H](C(F)(F)F)N2,CAND_637465f4e1,XQNAVBPORQFBPI-IIVOFZELSA-N
JAK2_b8536fbab5,NC(=O)c1cnc(N[C@H](C2CC2)C(F)(F)F)c2c1[nH]c1cc(-c3ccc(N4CCS(=O)(=O)CC4)nn3)ccc12,duplicate_or_invalid_record,9.0,27.0,14.0,3.0,17.0,0.821771,0.67828,0.683215,oxa_aza,NC(=O)c1cnc2c3c1[nH]c1cc(ccc13)-c1ccc(nn1)N1CCS(=O)(=O)CC1CCCC1(CC1)[C@H](C(F)(F)F)N2,,
JAK2_b8536fbab5,NC(=O)c1cnc(N[C@H](C2CC2)C(F)(F)F)c2c1[nH]c1cc(-c3ccc(N4CCS(=O)(=O)CC4)nn3)ccc12,valid_output,9.0,27.0,14.0,3.0,17.0,0.821771,0.67828,0.683215,thioether,NC(=O)c1cnc2c3c1[nH]c1cc(ccc13)-c1ccc(nn1)N1CCS(=O)(=O)CC1CSCC1(CC1)[C@H](C(F)(F)F)N2,CAND_35c4ee0b09,IZZXRBQLSMOBFN-FFMAFDDDSA-N
JAK2_b8536fbab5,NC(=O)c1cnc(N[C@H](C2CC2)C(F)(F)F)c2c1[nH]c1cc(-c3ccc(N4CCS(=O)(=O)CC4)nn3)ccc12,duplicate_or_invalid_record,9.0,33.0,14.0,3.0,17.0,0.821771,0.67828,0.683215,alkyl,NC(=O)c1cnc2c3c1[nH]c1cc(ccc13)-c1ccc(nn1)N1CCS(=O)(=O)CC1CCCC1(CC1)[C@H](C(F)(F)F)N2,,
JAK2_b8536fbab5,NC(=O)c1cnc(N[C@H](C2CC2)C(F)(F)F)c2c1[nH]c1cc(-c3ccc(N4CCS(=O)(=O)CC4)nn3)ccc12,duplicate_or_invalid_record,9.0,33.0,14.0,3.0,17.0,0.821771,0.67828,0.683215,thioether,NC(=O)c1cnc2c3c1[nH]c1cc(ccc13)-c1ccc(nn1)N1CCS(=O)(=O)CC1CSCC1(CC1)[C@H](C(F)(F)F)N2,,
JAK2_b8536fbab5,NC(=O)c1cnc(N[C@H](C2CC2)C(F)(F)F)c2c1[nH]c1cc(-c3ccc(N4CCS(=O)(=O)CC4)nn3)ccc12,duplicate_or_invalid_record,9.0,33.0,14.0,3.0,17.0,0.821771,0.67828,0.683215,aza,NC(=O)c1cnc2c3c1[nH]c1cc(ccc13)-c1ccc(nn1)N1CCS(=O)(=O)CC1CNCC1(CC1)[C@H](C(F)(F)F)N2,,
JAK2_b8536fbab5,NC(=O)c1cnc(N[C@H](C2CC2)C(F)(F)F)c2c1[nH]c1cc(-c3ccc(N4CCS(=O)(=O)CC4)nn3)ccc12,duplicate_or_invalid_record,9.0,33.0,14.0,3.0,17.0,0.821771,0.67828,0.683215,oxa_aza,NC(=O)c1cnc2c3c1[nH]c1cc(ccc13)-c1ccc(nn1)N1CCS(=O)(=O)CC1CCCC1(CC1)[C@H](C(F)(F)F)N2,,
JAK2_b8536fbab5,NC(=O)c1cnc(N[C@H](C2CC2)C(F)(F)F)c2c1[nH]c1cc(-c3ccc(N4CCS(=O)(=O)CC4)nn3)ccc12,duplicate_or_invalid_record,9.0,33.0,14.0,3.0,17.0,0.821771,0.67828,0.683215,oxa,NC(=O)c1cnc2c3c1[nH]c1cc(ccc13)-c1ccc(nn1)N1CCS(=O)(=O)CC1COCC1(CC1)[C@H](C(F)(F)F)N2,,
JAK2_b8536fbab5,NC(=O)c1cnc(N[C@H](C2CC2)C(F)(F)F)c2c1[nH]c1cc(-c3ccc(N4CCS(=O)(=O)CC4)nn3)ccc12,valid_output,9.0,28.0,15.0,3.0,18.0,0.821771,0.67828,0.649309,alkyl,NC(=O)c1cnc2c3c1[nH]c1cc(ccc13)-c1ccc(nn1)N1CCS(=O)(=O)C(CCCC3(CC3)[C@H](C(F)(F)F)N2)C1,CAND_1ec7ae5d21,VUSYNXZVOKNMIM-IIVOFZELSA-N
JAK2_b8536fbab5,NC(=O)c1cnc(N[C@H](C2CC2)C(F)(F)F)c2c1[nH]c1cc(-c3ccc(N4CCS(=O)(=O)CC4)nn3)ccc12,valid_output,9.0,28.0,15.0,3.0,18.0,0.821771,0.67828,0.649309,oxa,NC(=O)c1cnc2c3c1[nH]c1cc(ccc13)-c1ccc(nn1)N1CCS(=O)(=O)C(COCC3(CC3)[C@H](C(F)(F)F)N2)C1,CAND_2f2a0d40fd,GBZHOBHXRZEBCG-FFMAFDDDSA-N
JAK2_b8536fbab5,NC(=O)c1cnc(N[C@H](C2CC2)C(F)(F)F)c2c1[nH]c1cc(-c3ccc(N4CCS(=O)(=O)CC4)nn3)ccc12,valid_output,9.0,28.0,15.0,3.0,18.0,0.821771,0.67828,0.649309,aza,NC(=O)c1cnc2c3c1[nH]c1cc(ccc13)-c1ccc(nn1)N1CCS(=O)(=O)C(CNCC3(CC3)[C@H](C(F)(F)F)N2)C1,CAND_893be87c2e,IAEQNVPUVYIAKQ-FFMAFDDDSA-N
JAK2_b8536fbab5,NC(=O)c1cnc(N[C@H](C2CC2)C(F)(F)F)c2c1[nH]c1cc(-c3ccc(N4CCS(=O)(=O)CC4)nn3)ccc12,valid_output,9.0,28.0,15.0,3.0,18.0,0.821771,0.67828,0.649309,thioether,NC(=O)c1cnc2c3c1[nH]c1cc(ccc13)-c1ccc(nn1)N1CCS(=O)(=O)C(CSCC3(CC3)[C@H](C(F)(F)F)N2)C1,CAND_79995adf19,KWOAKWBMRZHFMC-FFMAFDDDSA-N
JAK2_b8536fbab5,NC(=O)c1cnc(N[C@H](C2CC2)C(F)(F)F)c2c1[nH]c1cc(-c3ccc(N4CCS(=O)(=O)CC4)nn3)ccc12,duplicate_or_invalid_record,9.0,28.0,15.0,3.0,18.0,0.821771,0.67828,0.649309,oxa_aza,NC(=O)c1cnc2c3c1[nH]c1cc(ccc13)-c1ccc(nn1)N1CCS(=O)(=O)C(CCCC3(CC3)[C@H](C(F)(F)F)N2)C1,,
JAK2_b8536fbab5,NC(=O)c1cnc(N[C@H](C2CC2)C(F)(F)F)c2c1[nH]c1cc(-c3ccc(N4CCS(=O)(=O)CC4)nn3)ccc12,duplicate_or_invalid_record,9.0,32.0,15.0,3.0,18.0,0.821771,0.67828,0.649309,oxa_aza,NC(=O)c1cnc2c3c1[nH]c1cc(ccc13)-c1ccc(nn1)N1CCS(=O)(=O)C(CCCC3(CC3)[C@H](C(F)(F)F)N2)C1,,
JAK2_b8536fbab5,NC(=O)c1cnc(N[C@H](C2CC2)C(F)(F)F)c2c1[nH]c1cc(-c3ccc(N4CCS(=O)(=O)CC4)nn3)ccc12,duplicate_or_invalid_record,9.0,32.0,15.0,3.0,18.0,0.821771,0.67828,0.649309,thioether,NC(=O)c1cnc2c3c1[nH]c1cc(ccc13)-c1ccc(nn1)N1CCS(=O)(=O)C(CSCC3(CC3)[C@H](C(F)(F)F)N2)C1,,
JAK2_b8536fbab5,NC(=O)c1cnc(N[C@H](C2CC2)C(F)(F)F)c2c1[nH]c1cc(-c3ccc(N4CCS(=O)(=O)CC4)nn3)ccc12,duplicate_or_invalid_record,9.0,32.0,15.0,3.0,18.0,0.821771,0.67828,0.649309,alkyl,NC(=O)c1cnc2c3c1[nH]c1cc(ccc13)-c1ccc(nn1)N1CCS(=O)(=O)C(CCCC3(CC3)[C@H](C(F)(F)F)N2)C1,,
JAK2_b8536fbab5,NC(=O)c1cnc(N[C@H](C2CC2)C(F)(F)F)c2c1[nH]c1cc(-c3ccc(N4CCS(=O)(=O)CC4)nn3)ccc12,duplicate_or_invalid_record,9.0,32.0,15.0,3.0,18.0,0.821771,0.67828,0.649309,oxa,NC(=O)c1cnc2c3c1[nH]c1cc(ccc13)-c1ccc(nn1)N1CCS(=O)(=O)C(COCC3(CC3)[C@H](C(F)(F)F)N2)C1,,
JAK2_b8536fbab5,NC(=O)c1cnc(N[C@H](C2CC2)C(F)(F)F)c2c1[nH]c1cc(-c3ccc(N4CCS(=O)(=O)CC4)nn3)ccc12,duplicate_or_invalid_record,9.0,32.0,15.0,3.0,18.0,0.821771,0.67828,0.649309,aza,NC(=O)c1cnc2c3c1[nH]c1cc(ccc13)-c1ccc(nn1)N1CCS(=O)(=O)C(CNCC3(CC3)[C@H](C(F)(F)F)N2)C1,,
JAK2_b8536fbab5,NC(=O)c1cnc(N[C@H](C2CC2)C(F)(F)F)c2c1[nH]c1cc(-c3ccc(N4CCS(=O)(=O)CC4)nn3)ccc12,valid_output,10.0,27.0,15.0,3.0,18.0,0.67828,0.67828,0.649309,oxa,NC(=O)c1cnc2c3c1[nH]c1cc(ccc13)-c1ccc(nn1)N1CCS(=O)(=O)CC1COCC1CC1[C@H](C(F)(F)F)N2,CAND_f0bd1b6255,HZSOISHLLRBLLV-VUVLQECESA-N
JAK2_b8536fbab5,NC(=O)c1cnc(N[C@H](C2CC2)C(F)(F)F)c2c1[nH]c1cc(-c3ccc(N4CCS(=O)(=O)CC4)nn3)ccc12,valid_output,10.0,27.0,15.0,3.0,18.0,0.67828,0.67828,0.649309,aza,NC(=O)c1cnc2c3c1[nH]c1cc(ccc13)-c1ccc(nn1)N1CCS(=O)(=O)CC1CNCC1CC1[C@H](C(F)(F)F)N2,CAND_5682a4f941,INEZOYDVWQORFK-VUVLQECESA-N
JAK2_b8536fbab5,NC(=O)c1cnc(N[C@H](C2CC2)C(F)(F)F)c2c1[nH]c1cc(-c3ccc(N4CCS(=O)(=O)CC4)nn3)ccc12,valid_output,10.0,27.0,15.0,3.0,18.0,0.67828,0.67828,0.649309,thioether,NC(=O)c1cnc2c3c1[nH]c1cc(ccc13)-c1ccc(nn1)N1CCS(=O)(=O)CC1CSCC1CC1[C@H](C(F)(F)F)N2,CAND_8f245c542f,HPTYTTFDUUTCKH-VUVLQECESA-N
JAK2_b8536fbab5,NC(=O)c1cnc(N[C@H](C2CC2)C(F)(F)F)c2c1[nH]c1cc(-c3ccc(N4CCS(=O)(=O)CC4)nn3)ccc12,valid_output,10.0,27.0,15.0,3.0,18.0,0.67828,0.67828,0.649309,oxa_aza,NC(=O)c1cnc2c3c1[nH]c1cc(ccc13)-c1ccc(nn1)N1CCS(=O)(=O)CC1CCCC1CC1[C@H](C(F)(F)F)N2,CAND_7f6895293f,ZJAZRXXCVYSBPT-KQKSEEEZSA-N
JAK2_0745eb1ac4,CS(=O)(=O)Nc1ccc(-c2ccnc(Nc3ccc(CN4CCS(=O)(=O)CC4)cc3)n2)cc1,no_valid_anchor_pair,,,,,,,,,,,,
JAK2_c56e6976c9,Cn1cc(-c2ccc3c(c2)[nH]c2c(C(N)=O)cnc(NC(C4CC4)C4CC4)c23)cn1,no_valid_anchor_pair,,,,,,,,,,,,
JAK2_cc0f142b89,C[C@H](Nc1nc(Nc2cn(C)cn2)c2cc[nH]c2n1)c1ncc(F)cn1,no_valid_anchor_pair,,,,,,,,,,,,
JAK2_e05cc76b4d,NC(=O)c1cnc(N[C@H](C2CC2)C(F)(F)F)c2c1[nH]c1cc(-c3ccc(N)nc3)ccc12,no_valid_anchor_pair,,,,,,,,,,,,
JAK2_2d0f835aa0,CN[C@@H]1C[C@H]2O[C@@](C)([C@@H]1OC)n1c3ccccc3c3c4c(c5c6ccccc6n2c5c31)C(=O)NC4,no_valid_anchor_pair,,,,,,,,,,,,
JAK2_e8465d9792,O=c1[nH]ccc2c(Nc3c(Cl)cncc3Cl)nc3ccncc3c12,no_valid_anchor_pair,,,,,,,,,,,,
JAK2_0a194c8fbd,CN(c1ccccc1-c1ccc2cnc(Nc3ccc(C4CCN(CC(N)=O)CC4)cc3)nn12)S(C)(=O)=O,no_valid_anchor_pair,,,,,,,,,,,,
JAK2_6ddcac62d4,CCC(Nc1ncc(C(N)=O)c2[nH]c3cc(-c4cnn(C)c4)ccc3c12)C1CC1,no_valid_anchor_pair,,,,,,,,,,,,
JAK2_e984d68b65,CCc1ccc(C(F)(F)F)cc1-c1[nH]c(-c2ccnc(N)n2)cc1C(N)=O,no_valid_anchor_pair,,,,,,,,,,,,
JAK2_ce48ae1d96,Cc1cc(Nc2nc(N3CCN(C(=O)CCc4ccccc4)CC3)nn3cccc23)n[nH]1,no_valid_anchor_pair,,,,,,,,,,,,
JAK2_5faf1754e4,NC(=O)c1cnc(NC(C2CC2)C2CC2)c2c1[nH]c1cc(-c3cccnn3)ccc12,no_valid_anchor_pair,,,,,,,,,,,,
JAK2_9cb6a29d8d,CC(C)(C)NS(=O)(=O)c1ccc(-c2cc3c(N)ncc(C(=O)NCCN4CCOCC4)c3s2)cc1,no_valid_anchor_pair,,,,,,,,,,,,
JAK2_bfebc14fe9,CN(c1ncccc1-c1ccc2cnc(Nc3ccc(C4CCN(CC(N)=O)CC4)cc3)nn12)S(C)(=O)=O,no_valid_anchor_pair,,,,,,,,,,,,
JAK2_94bd16fd4f,COc1ccccc1-c1ccc2cnc(Nc3ccc(S(=O)(=O)N(C)C)cc3)nn12,no_valid_anchor_pair,,,,,,,,,,,,
JAK2_2b70dc76a0,Cc1cc(Nc2nc(N3CCN(C(=O)c4ccccc4Br)CC3)nn3cccc23)n[nH]1,no_valid_anchor_pair,,,,,,,,,,,,
JAK2_1509a7bf44,O=C(Nc1ccc(-c2ccnc(Nc3ccc(N4CCOCC4)cc3)n2)cc1)[C@H]1CCCN1,no_valid_anchor_pair,,,,,,,,,,,,
JAK2_d2844f380a,Cc1cc(Nc2nc(N3CCN(C(=O)c4ccccc4)CC3)nn3cccc23)n[nH]1,no_valid_anchor_pair,,,,,,,,,,,,
JAK2_b61bf142f6,Cc1cc(Nc2nc(N3CCN(C(=O)Cc4ccc(F)cc4F)CC3)nn3cccc23)n[nH]1,no_valid_anchor_pair,,,,,,,,,,,,
JAK2_02f6b1c446,CN(c1ccccc1-c1cc(Cl)c2cnc(Nc3ccc(C4CCN(CC(N)=O)CC4)cc3)nn12)S(C)(=O)=O,no_valid_anchor_pair,,,,,,,,,,,,
JAK2_6132155614,N[C@H](CO)C(=O)Nc1ccc(-c2ccnc(Nc3ccc(N4CCOCC4)cc3)n2)cc1,no_valid_anchor_pair,,,,,,,,,,,,
JAK2_725776d8f2,Cc1cc(Nc2nc(N3CCN(C(=O)Cc4ccccc4)CC3)nn3cccc23)n[nH]1,no_valid_anchor_pair,,,,,,,,,,,,
JAK2_6111c0246b,Cc1cc(Nc2cncc(N[C@@H](C)c3ncc(F)cn3)n2)n[nH]1,no_valid_anchor_pair,,,,,,,,,,,,
JAK2_3bd770708d,CC(Nc1nc(Nc2cn(C)cn2)c2ccc(Cl)nc2n1)c1ncc(F)cn1,no_valid_anchor_pair,,,,,,,,,,,,
JAK2_f2b3ea21e5,CCc1ccc(Cl)cc1-c1[nH]c(-c2ccnc(N)n2)cc1C(N)=O,no_valid_anchor_pair,,,,,,,,,,,,
JAK2_ac54f530b8,Cc1cc(Nc2nc(N[C@@H](C)c3ncc(F)cn3)ncc2Cl)[nH]n1,no_valid_anchor_pair,,,,,,,,,,,,
JAK2_2b11517983,C[C@H](Nc1ncc(F)c(Nc2cc(C3CC3)[nH]n2)n1)c1ncc(F)cn1,no_valid_anchor_pair,,,,,,,,,,,,
JAK2_4be59170c2,CN1CCN(c2cccc(Nc3nc4c(-c5ccc(P(C)(C)=O)cc5)cccn4n3)c2)CC1,no_valid_anchor_pair,,,,,,,,,,,,
JAK2_78f0dc8dac,Cc1cc(Nc2nc(N[C@@H](C)c3ncc(F)cn3)ncc2Br)n[nH]1,no_valid_anchor_pair,,,,,,,,,,,,
JAK2_7199fc7e1a,C[C@H](Nc1nc(Nc2cn(C)cn2)c2ccccc2n1)c1ncc(F)cn1,no_valid_anchor_pair,,,,,,,,,,,,
JAK2_70cc9d691f,Cc1cc(Nc2nc(N[C@@H](C)c3ncc(F)cn3)nc(N3CCOCC3)c2F)n[nH]1,no_valid_anchor_pair,,,,,,,,,,,,
JAK2_5244fcd33d,COc1cc(Nc2cncc(N[C@@H](C)c3ccc(F)cn3)n2)n[nH]1,no_valid_anchor_pair,,,,,,,,,,,,
JAK2_4138d82a33,Cc1cc(Nc2cnc(C#N)c(N[C@@H](C)c3ncc(F)cn3)n2)n[nH]1,no_valid_anchor_pair,,,,,,,,,,,,
JAK2_1da373e9c1,C[C@H](Nc1nc(Nc2cc(C3CC3)[nH]n2)c(F)cc1C#N)c1ccc(F)cc1,no_valid_anchor_pair,,,,,,,,,,,,
JAK2_e70670bc05,COc1cc(Nc2nc3cccc(-c4ccc(C(=O)N5CCOCC5)c(F)c4)c3o2)cc(OC)c1OC,no_valid_anchor_pair,,,,,,,,,,,,
JAK2_fc1e2398b3,Cc1cc(Nc2nc(N[C@@H](C)c3ncc(F)cn3)ncc2F)n[nH]1,no_valid_anchor_pair,,,,,,,,,,,,
JAK2_48e15ba2e4,COc1cc(Nc2nc(N[C@@H](C)c3ncc(F)cn3)ncc2Cl)n[nH]1,no_valid_anchor_pair,,,,,,,,,,,,
JAK2_9130ed79cb,Cc1cc(Nc2nc(N[C@@H](C)c3ccc(F)cn3)c(C#N)cc2Cl)n[nH]1,no_valid_anchor_pair,,,,,,,,,,,,
JAK2_09edf70d78,CN1CCN(c2ccc(Nc3nc4c(-c5ccc(S(C)(=O)=O)cc5)cccn4n3)cc2)CC1,no_valid_anchor_pair,,,,,,,,,,,,
JAK2_c4e3138137,Cc1cc(Nc2nc(N[C@@H](C)c3ncc(F)cn3)nc(N3CCOCC3)c2Cl)n[nH]1,no_valid_anchor_pair,,,,,,,,,,,,
JAK2_41b9969ce1,Cc1cc(Nc2nc(N[C@@H](C)c3ncc(F)cn3)c(F)c(N3CCOCC3)n2)n[nH]1,no_valid_anchor_pair,,,,,,,,,,,,
JAK2_808899f7bc,Cc1cnc(Nc2cc(N3CCN(C)CC3)nc(N[C@@H](C)c3ccc(F)cn3)n2)s1,no_valid_anchor_pair,,,,,,,,,,,,
JAK2_ade5fd5f47,COc1ccc(Nc2nc3c(-c4ccc(S(C)(=O)=O)cc4)cccn3n2)cc1,no_valid_anchor_pair,,,,,,,,,,,,
JAK2_f69fa9f13e,Cc1cnc(Nc2ccc(OCCN3CCCC3)cc2)nc1Nc1cccc(S(=O)(=O)NC(C)(C)C)c1,no_valid_anchor_pair,,,,,,,,,,,,
JAK2_8d61ec1030,C[C@H](Nc1ncc(Cl)c(Nc2cc(C3CC3)[nH]n2)n1)c1ncc(F)cn1,no_valid_anchor_pair,,,,,,,,,,,,
JAK2_7c9f52f196,Cc1cc(Nc2nc(NC(C)c3ccc(F)cn3)c(C#N)nc2C)n[nH]1,no_valid_anchor_pair,,,,,,,,,,,,
JAK2_1546723152,COc1cc(-c2ccnc(Nc3ccc(N4CCOCC4)cc3)n2)ccc1O,no_valid_anchor_pair,,,,,,,,,,,,
JAK2_9e2ca53048,CC(C)[C@@H](Nc1ncc(C(N)=O)c2[nH]c3cc(-c4cnn(C)c4)ccc3c12)C(F)(F)F,no_valid_anchor_pair,,,,,,,,,,,,
JAK2_bc0710184a,CC(C)C(Nc1ncc(C(N)=O)c2[nH]c3cc(-c4cnn(C)c4)ccc3c12)C1CC1,no_valid_anchor_pair,,,,,,,,,,,,
JAK2_c57d118ac8,Cc1cc(Nc2cnc(C#N)c(N[C@@H](C)c3ccc(F)cn3)n2)n[nH]1,no_valid_anchor_pair,,,,,,,,,,,,
JAK2_968daa996c,Cc1cc(Nc2nc(N[C@@H](C)c3ccc(F)cn3)c(F)c(N3CCN(S(C)(=O)=O)CC3)n2)n[nH]1,no_valid_anchor_pair,,,,,,,,,,,,
JAK2_eb0f359259,COc1cc(Nc2ncc(C)s2)nc(N[C@@H](C)c2ncc(F)cn2)n1,no_valid_anchor_pair,,,,,,,,,,,,
JAK2_1bae26071f,Cc1cc(Nc2nc(N[C@@H](C)c3ccc(F)cn3)cnc2C)n[nH]1,no_valid_anchor_pair,,,,,,,,,,,,
JAK2_293336b5e7,Cc1cc(Nc2nc(N[C@@H](C)c3ccc(F)cn3)c(C#N)nc2C)n[nH]1,no_valid_anchor_pair,,,,,,,,,,,,
JAK2_349178859a,C[C@H](Nc1nc(Nc2ncc(C#N)s2)cc(N2CCOCC2)n1)c1ccc(F)cn1,no_valid_anchor_pair,,,,,,,,,,,,
JAK2_1ffaf013ab,Cc1cnc(Nc2cc(N3CCOCC3)nc(N[C@@H](C)c3ncc(F)cn3)n2)s1,no_valid_anchor_pair,,,,,,,,,,,,
JAK2_ea3454a640,Cc1cc(Nc2nc(N[C@@H](C)c3ccc(F)cn3)c(F)c(N3CCS(=O)(=O)CC3)n2)n[nH]1,no_valid_anchor_pair,,,,,,,,,,,,
JAK2_8b3014135f,O=c1[nH]ccc2c3[nH]c(-c4ccccc4Cl)nc3c3ccc(F)cc3c12,no_valid_anchor_pair,,,,,,,,,,,,
JAK2_c828b6ae57,Cc1cc(Nc2nc(N[C@@H](C)c3ncc(F)cn3)c(C#N)nc2C)n[nH]1,no_valid_anchor_pair,,,,,,,,,,,,
JAK2_7001b0c220,C[C@H](Nc1nc(Nc2cc(C3CC3)[nH]n2)cnc1C#N)c1ccc(F)cn1,no_valid_anchor_pair,,,,,,,,,,,,
JAK2_3a72ae39e0,O=c1[nH]ccc2c(Nc3c(Cl)cc(OC(F)(F)F)cc3Cl)nc3ccncc3c12,no_valid_anchor_pair,,,,,,,,,,,,
JAK2_74d84b7dc6,Cc1cc(Nc2cc(N3CCOCC3)nc(N[C@@H](C)c3ncc(F)cn3)n2)n[nH]1,no_valid_anchor_pair,,,,,,,,,,,,
JAK2_06eea14a96,Cc1cc(Nc2nc(N3CCN(C(=O)c4ccccc4C)CC3)nn3cccc23)n[nH]1,no_valid_anchor_pair,,,,,,,,,,,,
JAK2_f8ef9f9f68,Cc1cc(Nc2nc(N[C@@H](C)c3ncc(F)cn3)ncc2C)n[nH]1,no_valid_anchor_pair,,,,,,,,,,,,
JAK2_35d5ec9f03,Cc1cc(Nc2cnc(C#N)c(NC(C)c3ccc(F)cn3)n2)n[nH]1,no_valid_anchor_pair,,,,,,,,,,,,
JAK2_050c16628f,Cc1cc(Nc2cncc(N[C@@H](C)c3ccc(F)cn3)n2)n[nH]1,no_valid_anchor_pair,,,,,,,,,,,,
JAK2_763cf817fa,CC(Nc1nc(Nc2cn(C)cn2)c2[nH]ccc2n1)c1ncc(F)cn1,no_valid_anchor_pair,,,,,,,,,,,,
JAK2_9ff6ebb055,Cc1cc(Nc2nc(N[C@@H](C)c3ccc(F)cc3)c(C#N)cc2F)n[nH]1,no_valid_anchor_pair,,,,,,,,,,,,
JAK2_7bc09295aa,NC(=O)c1cnc(NC(C2CC2)C2CC2)c2c1[nH]c1cc(-c3cn[nH]c3)ccc12,no_valid_anchor_pair,,,,,,,,,,,,
JAK2_aaa3dcf6eb,Cc1cc(Nc2nc(O[C@@H](C)c3ncc(F)cn3)ncc2Cl)n[nH]1,no_valid_anchor_pair,,,,,,,,,,,,
JAK2_752be8cf41,Cc1cc(Nc2nc(O[C@@H](C)c3ncc(F)cn3)c(F)c(N3CCOCC3)n2)n[nH]1,no_valid_anchor_pair,,,,,,,,,,,,
JAK2_fc4de259e2,Cc1cc(Nc2nc(N[C@@H](C)c3ncc(F)cc3F)c(F)c(N3CCOCC3)n2)n[nH]1,no_valid_anchor_pair,,,,,,,,,,,,
JAK2_51eb2cd77d,COCCNC(=O)c1cnc(N)c2cc(-c3ccc(S(=O)(=O)NC(C)(C)C)cc3)sc12,no_valid_anchor_pair,,,,,,,,,,,,
JAK2_636d21a80d,CCCN(CC(F)(F)F)C(=O)C1CCCN(c2cc(-c3c(N)nn4cccnc34)ncn2)C1,no_valid_anchor_pair,,,,,,,,,,,,
JAK2_b981ca4ff6,Cc1cc(-c2cnc3cccc(-c4cc(F)c(CN5CCOCC5)c(F)c4)c3n2)ccc1C(=O)N1CCOCC1,filtered_non_macrocycle_or_basic_filters,19.0,35.0,17.0,3.0,20.0,0.67828,0.67828,0.60553,oxa_aza,Cc1cc2ccc1C(=O)N1CCOCC1CCCC1COCCN1Cc1c(F)cc(cc1F)-c1cccc3ncc-2nc13,,
JAK2_b981ca4ff6,Cc1cc(-c2cnc3cccc(-c4cc(F)c(CN5CCOCC5)c(F)c4)c3n2)ccc1C(=O)N1CCOCC1,filtered_non_macrocycle_or_basic_filters,19.0,35.0,17.0,3.0,20.0,0.67828,0.67828,0.60553,alkyl,Cc1cc2ccc1C(=O)N1CCOCC1CCCC1COCCN1Cc1c(F)cc(cc1F)-c1cccc3ncc-2nc13,,
JAK2_b981ca4ff6,Cc1cc(-c2cnc3cccc(-c4cc(F)c(CN5CCOCC5)c(F)c4)c3n2)ccc1C(=O)N1CCOCC1,filtered_non_macrocycle_or_basic_filters,19.0,35.0,17.0,3.0,20.0,0.67828,0.67828,0.60553,aza,Cc1cc2ccc1C(=O)N1CCOCC1CNCC1COCCN1Cc1c(F)cc(cc1F)-c1cccc3ncc-2nc13,,
JAK2_b981ca4ff6,Cc1cc(-c2cnc3cccc(-c4cc(F)c(CN5CCOCC5)c(F)c4)c3n2)ccc1C(=O)N1CCOCC1,filtered_non_macrocycle_or_basic_filters,19.0,35.0,17.0,3.0,20.0,0.67828,0.67828,0.60553,thioether,Cc1cc2ccc1C(=O)N1CCOCC1CSCC1COCCN1Cc1c(F)cc(cc1F)-c1cccc3ncc-2nc13,,
JAK2_b981ca4ff6,Cc1cc(-c2cnc3cccc(-c4cc(F)c(CN5CCOCC5)c(F)c4)c3n2)ccc1C(=O)N1CCOCC1,filtered_non_macrocycle_or_basic_filters,19.0,35.0,17.0,3.0,20.0,0.67828,0.67828,0.60553,oxa,Cc1cc2ccc1C(=O)N1CCOCC1COCC1COCCN1Cc1c(F)cc(cc1F)-c1cccc3ncc-2nc13,,
JAK2_b981ca4ff6,Cc1cc(-c2cnc3cccc(-c4cc(F)c(CN5CCOCC5)c(F)c4)c3n2)ccc1C(=O)N1CCOCC1,filtered_non_macrocycle_or_basic_filters,19.0,39.0,17.0,3.0,20.0,0.67828,0.67828,0.60553,alkyl,Cc1cc2ccc1C(=O)N1CCOCC1CCCC1COCCN1Cc1c(F)cc(cc1F)-c1cccc3ncc-2nc13,,
JAK2_b981ca4ff6,Cc1cc(-c2cnc3cccc(-c4cc(F)c(CN5CCOCC5)c(F)c4)c3n2)ccc1C(=O)N1CCOCC1,filtered_non_macrocycle_or_basic_filters,19.0,39.0,17.0,3.0,20.0,0.67828,0.67828,0.60553,oxa,Cc1cc2ccc1C(=O)N1CCOCC1COCC1COCCN1Cc1c(F)cc(cc1F)-c1cccc3ncc-2nc13,,
JAK2_b981ca4ff6,Cc1cc(-c2cnc3cccc(-c4cc(F)c(CN5CCOCC5)c(F)c4)c3n2)ccc1C(=O)N1CCOCC1,filtered_non_macrocycle_or_basic_filters,19.0,39.0,17.0,3.0,20.0,0.67828,0.67828,0.60553,aza,Cc1cc2ccc1C(=O)N1CCOCC1CNCC1COCCN1Cc1c(F)cc(cc1F)-c1cccc3ncc-2nc13,,
JAK2_b981ca4ff6,Cc1cc(-c2cnc3cccc(-c4cc(F)c(CN5CCOCC5)c(F)c4)c3n2)ccc1C(=O)N1CCOCC1,filtered_non_macrocycle_or_basic_filters,19.0,39.0,17.0,3.0,20.0,0.67828,0.67828,0.60553,oxa_aza,Cc1cc2ccc1C(=O)N1CCOCC1CCCC1COCCN1Cc1c(F)cc(cc1F)-c1cccc3ncc-2nc13,,
JAK2_b981ca4ff6,Cc1cc(-c2cnc3cccc(-c4cc(F)c(CN5CCOCC5)c(F)c4)c3n2)ccc1C(=O)N1CCOCC1,filtered_non_macrocycle_or_basic_filters,19.0,39.0,17.0,3.0,20.0,0.67828,0.67828,0.60553,thioether,Cc1cc2ccc1C(=O)N1CCOCC1CSCC1COCCN1Cc1c(F)cc(cc1F)-c1cccc3ncc-2nc13,,
JAK2_b981ca4ff6,Cc1cc(-c2cnc3cccc(-c4cc(F)c(CN5CCOCC5)c(F)c4)c3n2)ccc1C(=O)N1CCOCC1,filtered_non_macrocycle_or_basic_filters,23.0,35.0,17.0,3.0,20.0,0.67828,0.67828,0.60553,oxa,Cc1cc2ccc1C(=O)N1CCOCC1COCC1COCCN1Cc1c(F)cc(cc1F)-c1cccc3ncc-2nc13,,
JAK2_b981ca4ff6,Cc1cc(-c2cnc3cccc(-c4cc(F)c(CN5CCOCC5)c(F)c4)c3n2)ccc1C(=O)N1CCOCC1,filtered_non_macrocycle_or_basic_filters,23.0,35.0,17.0,3.0,20.0,0.67828,0.67828,0.60553,alkyl,Cc1cc2ccc1C(=O)N1CCOCC1CCCC1COCCN1Cc1c(F)cc(cc1F)-c1cccc3ncc-2nc13,,
JAK2_b981ca4ff6,Cc1cc(-c2cnc3cccc(-c4cc(F)c(CN5CCOCC5)c(F)c4)c3n2)ccc1C(=O)N1CCOCC1,filtered_non_macrocycle_or_basic_filters,23.0,35.0,17.0,3.0,20.0,0.67828,0.67828,0.60553,thioether,Cc1cc2ccc1C(=O)N1CCOCC1CSCC1COCCN1Cc1c(F)cc(cc1F)-c1cccc3ncc-2nc13,,
JAK2_b981ca4ff6,Cc1cc(-c2cnc3cccc(-c4cc(F)c(CN5CCOCC5)c(F)c4)c3n2)ccc1C(=O)N1CCOCC1,filtered_non_macrocycle_or_basic_filters,23.0,35.0,17.0,3.0,20.0,0.67828,0.67828,0.60553,aza,Cc1cc2ccc1C(=O)N1CCOCC1CNCC1COCCN1Cc1c(F)cc(cc1F)-c1cccc3ncc-2nc13,,
JAK2_b981ca4ff6,Cc1cc(-c2cnc3cccc(-c4cc(F)c(CN5CCOCC5)c(F)c4)c3n2)ccc1C(=O)N1CCOCC1,filtered_non_macrocycle_or_basic_filters,23.0,35.0,17.0,3.0,20.0,0.67828,0.67828,0.60553,oxa_aza,Cc1cc2ccc1C(=O)N1CCOCC1CCCC1COCCN1Cc1c(F)cc(cc1F)-c1cccc3ncc-2nc13,,
JAK2_b981ca4ff6,Cc1cc(-c2cnc3cccc(-c4cc(F)c(CN5CCOCC5)c(F)c4)c3n2)ccc1C(=O)N1CCOCC1,filtered_non_macrocycle_or_basic_filters,23.0,39.0,17.0,3.0,20.0,0.67828,0.67828,0.60553,oxa_aza,Cc1cc2ccc1C(=O)N1CCOCC1CCCC1COCCN1Cc1c(F)cc(cc1F)-c1cccc3ncc-2nc13,,
JAK2_b981ca4ff6,Cc1cc(-c2cnc3cccc(-c4cc(F)c(CN5CCOCC5)c(F)c4)c3n2)ccc1C(=O)N1CCOCC1,filtered_non_macrocycle_or_basic_filters,23.0,39.0,17.0,3.0,20.0,0.67828,0.67828,0.60553,oxa,Cc1cc2ccc1C(=O)N1CCOCC1COCC1COCCN1Cc1c(F)cc(cc1F)-c1cccc3ncc-2nc13,,
JAK2_b981ca4ff6,Cc1cc(-c2cnc3cccc(-c4cc(F)c(CN5CCOCC5)c(F)c4)c3n2)ccc1C(=O)N1CCOCC1,filtered_non_macrocycle_or_basic_filters,23.0,39.0,17.0,3.0,20.0,0.67828,0.67828,0.60553,thioether,Cc1cc2ccc1C(=O)N1CCOCC1CSCC1COCCN1Cc1c(F)cc(cc1F)-c1cccc3ncc-2nc13,,
JAK2_b981ca4ff6,Cc1cc(-c2cnc3cccc(-c4cc(F)c(CN5CCOCC5)c(F)c4)c3n2)ccc1C(=O)N1CCOCC1,filtered_non_macrocycle_or_basic_filters,23.0,39.0,17.0,3.0,20.0,0.67828,0.67828,0.60553,aza,Cc1cc2ccc1C(=O)N1CCOCC1CNCC1COCCN1Cc1c(F)cc(cc1F)-c1cccc3ncc-2nc13,,
JAK2_b981ca4ff6,Cc1cc(-c2cnc3cccc(-c4cc(F)c(CN5CCOCC5)c(F)c4)c3n2)ccc1C(=O)N1CCOCC1,filtered_non_macrocycle_or_basic_filters,23.0,39.0,17.0,3.0,20.0,0.67828,0.67828,0.60553,alkyl,Cc1cc2ccc1C(=O)N1CCOCC1CCCC1COCCN1Cc1c(F)cc(cc1F)-c1cccc3ncc-2nc13,,
JAK2_86274ac229,CN1CCN(Cc2cccc(Nc3nc4c(-c5ccc(S(C)(=O)=O)cc5)cccn4n3)c2)CC1,no_valid_anchor_pair,,,,,,,,,,,,
JAK2_474efd57c1,C[C@@H](NC(=O)c1c[nH]c2ncc(-c3cn(C)c4cc(Cl)ccc34)nc12)C(=O)N1CC(C#N)C1,no_valid_anchor_pair,,,,,,,,,,,,
JAK2_a76d3b3ff0,Nc1nn2cccnc2c1-c1cc(N2CCCC2c2ccc(F)cc2)ncn1,no_valid_anchor_pair,,,,,,,,,,,,
JAK2_6a465d8a48,COc1ccccc1C(=O)N1CCN(c2nc(Nc3cc(C)[nH]n3)c3cccn3n2)CC1,no_valid_anchor_pair,,,,,,,,,,,,
JAK2_38e5488d63,Cc1cc(-c2ccccc2N(C)S(C)(=O)=O)n2nc(Nc3ccc(C4CCN(CC(N)=O)CC4)cc3)ncc12,no_valid_anchor_pair,,,,,,,,,,,,
JAK2_927180c033,CC(=O)Nc1ccc(-c2ccnc(Nc3ccc(N4CCOCC4)cc3)n2)cc1,no_valid_anchor_pair,,,,,,,,,,,,
JAK2_b97262126f,CCCN(CC)C(=O)C1CCCN(c2cc(-c3c(N)nn4cccnc34)ncn2)C1,no_valid_anchor_pair,,,,,,,,,,,,
JAK2_ed99096d7e,CN1CCN(c2ccc(Nc3ncc4ccc(-c5ccccc5N(C)S(C)(=O)=O)n4n3)cc2F)CC1,no_valid_anchor_pair,,,,,,,,,,,,
JAK2_48f4c39175,Cn1cc(NC(=O)c2cnn3ccc(N)nc23)c(-c2cc(Cl)ccc2Cl)n1,no_valid_anchor_pair,,,,,,,,,,,,
JAK2_0d9a1ad05b,COc1cc(Nc2nc(N[C@@H](C)c3ncc(F)cn3)ncc2Br)n[nH]1,no_valid_anchor_pair,,,,,,,,,,,,
JAK2_cc9087b35d,CNC(=O)c1cnc(N)c2cc(-c3ccc(C(C)(C)C#N)cc3)sc12,no_valid_anchor_pair,,,,,,,,,,,,
JAK2_5d1153c544,Cc1cc(Nc2nc(O[C@@H](C)c3ccc(F)cn3)c(C#N)nc2C)n[nH]1,no_valid_anchor_pair,,,,,,,,,,,,
JAK2_e1ea9485cf,O=c1[nH]ccc2nc(Nc3c(F)cc(F)cc3Cl)c3ccc(F)cc3c12,no_valid_anchor_pair,,,,,,,,,,,,
JAK2_e41eb8fd4a,Cc1csc2c(Nc3cn(C)cn3)nc(N[C@@H](C)c3ncc(F)cn3)nc12,no_valid_anchor_pair,,,,,,,,,,,,
JAK2_0e4efc6813,COc1cc(Nc2nc(N[C@@H](C)c3ncc(F)cn3)nc(N3CCOCC3)c2Cl)n[nH]1,no_valid_anchor_pair,,,,,,,,,,,,
JAK2_5b3c863b86,CN1CCN(c2cccc(Nc3nc4c(-c5ccc(C(F)(F)F)cc5)cccn4n3)c2)CC1,no_valid_anchor_pair,,,,,,,,,,,,
JAK2_41f05c4fc6,Cc1cc(Nc2nc(O[C@@H](C)c3ccc(F)cn3)c(F)c(N3CCOCC3)n2)n[nH]1,no_valid_anchor_pair,,,,,,,,,,,,
JAK2_7170569dc6,CCN(CC(F)(F)F)C(=O)C1CCCN(c2cc(-c3c(N)nn4cccnc34)ncn2)C1,no_valid_anchor_pair,,,,,,,,,,,,
JAK2_af44d6ccb1,Cc1cc(Nc2nc(N[C@@H](C)c3ccc(F)cn3)c(F)c(N3CCNCC3)n2)n[nH]1,no_valid_anchor_pair,,,,,,,,,,,,
JAK2_1e26b0b096,NC(=O)c1cnc(NC(C2CC2)C2CC2)c2c1[nH]c1cc(-c3cnc(N)cn3)ccc12,no_valid_anchor_pair,,,,,,,,,,,,
JAK2_efc2226329,C[C@H](Nc1ccnc(-n2cnc3ccncc32)n1)c1ccccc1,no_valid_anchor_pair,,,,,,,,,,,,
JAK2_55b934be09,Cc1cc(Nc2nc(O[C@@H](C)c3ncc(F)cc3F)c(F)c(N3CCOCC3)n2)n[nH]1,no_valid_anchor_pair,,,,,,,,,,,,
JAK2_6756147e70,COc1cc(Nc2nc(N[C@@H](C)c3ncc(F)cn3)nc(N3CCOCC3)c2F)n[nH]1,no_valid_anchor_pair,,,,,,,,,,,,
JAK2_37bf299c61,Cc1cnc(Nc2cncc(N[C@@H](C)c3ncc(F)cn3)n2)s1,no_valid_anchor_pair,,,,,,,,,,,,
JAK2_e1a1afc353,CS(=O)(=O)Nc1ccc(-c2ccnc(Nc3ccc(N4CCOCC4)cc3)n2)cc1,no_valid_anchor_pair,,,,,,,,,,,,
JAK2_20c09468c6,CC(=O)Nc1ccc(-c2ccnc(Nc3cccc(N4CCOCC4)c3)n2)cc1,no_valid_anchor_pair,,,,,,,,,,,,
JAK2_1ba3bb3de3,CC[C@@H](NC(=O)c1c[nH]c2ncc(-c3nn(C)c4cc(Cl)ccc34)nc12)C(=O)N1CC(C#N)C1,no_valid_anchor_pair,,,,,,,,,,,,
JAK2_4424830aa8,CN1CCN(c2ccc(-c3cnc4cccc(-c5cc(F)c(CN6CCOCC6)c(F)c5)c4n3)cc2)CC1,valid_output,3.0,24.0,16.0,3.0,19.0,0.67828,0.67828,0.609879,thioether,CN1CCN2c3ccc(cc3)-c3cnc4cccc(c4n3)-c3cc(F)c(c(F)c3)CN3CCOCC3CSCC2C1,CAND_dbfbb7d1cf,ZQXFNYDUOWZAAC-UHFFFAOYSA-N
JAK2_4424830aa8,CN1CCN(c2ccc(-c3cnc4cccc(-c5cc(F)c(CN6CCOCC6)c(F)c5)c4n3)cc2)CC1,valid_output,3.0,24.0,16.0,3.0,19.0,0.67828,0.67828,0.609879,oxa_aza,CN1CCN2c3ccc(cc3)-c3cnc4cccc(c4n3)-c3cc(F)c(c(F)c3)CN3CCOCC3CCCC2C1,CAND_454e8d3cd4,QBAFJGWJFQFIOJ-UHFFFAOYSA-N
JAK2_4424830aa8,CN1CCN(c2ccc(-c3cnc4cccc(-c5cc(F)c(CN6CCOCC6)c(F)c5)c4n3)cc2)CC1,valid_output,3.0,24.0,16.0,3.0,19.0,0.67828,0.67828,0.609879,oxa,CN1CCN2c3ccc(cc3)-c3cnc4cccc(c4n3)-c3cc(F)c(c(F)c3)CN3CCOCC3COCC2C1,CAND_9c6324c16c,VAUZQGRYZWDNKQ-UHFFFAOYSA-N
JAK2_4424830aa8,CN1CCN(c2ccc(-c3cnc4cccc(-c5cc(F)c(CN6CCOCC6)c(F)c5)c4n3)cc2)CC1,valid_output,3.0,24.0,16.0,3.0,19.0,0.67828,0.67828,0.609879,aza,CN1CCN2c3ccc(cc3)-c3cnc4cccc(c4n3)-c3cc(F)c(c(F)c3)CN3CCOCC3CNCC2C1,CAND_a8aa3f8065,XSIKJHLRGSNBFX-UHFFFAOYSA-N
JAK2_4424830aa8,CN1CCN(c2ccc(-c3cnc4cccc(-c5cc(F)c(CN6CCOCC6)c(F)c5)c4n3)cc2)CC1,duplicate_or_invalid_record,3.0,24.0,16.0,3.0,19.0,0.67828,0.67828,0.609879,alkyl,CN1CCN2c3ccc(cc3)-c3cnc4cccc(c4n3)-c3cc(F)c(c(F)c3)CN3CCOCC3CCCC2C1,,
JAK2_4424830aa8,CN1CCN(c2ccc(-c3cnc4cccc(-c5cc(F)c(CN6CCOCC6)c(F)c5)c4n3)cc2)CC1,duplicate_or_invalid_record,3.0,28.0,16.0,3.0,19.0,0.67828,0.67828,0.609879,oxa_aza,CN1CCN2c3ccc(cc3)-c3cnc4cccc(c4n3)-c3cc(F)c(c(F)c3)CN3CCOCC3CCCC2C1,,
JAK2_4424830aa8,CN1CCN(c2ccc(-c3cnc4cccc(-c5cc(F)c(CN6CCOCC6)c(F)c5)c4n3)cc2)CC1,duplicate_or_invalid_record,3.0,28.0,16.0,3.0,19.0,0.67828,0.67828,0.609879,oxa,CN1CCN2c3ccc(cc3)-c3cnc4cccc(c4n3)-c3cc(F)c(c(F)c3)CN3CCOCC3COCC2C1,,
JAK2_4424830aa8,CN1CCN(c2ccc(-c3cnc4cccc(-c5cc(F)c(CN6CCOCC6)c(F)c5)c4n3)cc2)CC1,duplicate_or_invalid_record,3.0,28.0,16.0,3.0,19.0,0.67828,0.67828,0.609879,aza,CN1CCN2c3ccc(cc3)-c3cnc4cccc(c4n3)-c3cc(F)c(c(F)c3)CN3CCOCC3CNCC2C1,,
JAK2_4424830aa8,CN1CCN(c2ccc(-c3cnc4cccc(-c5cc(F)c(CN6CCOCC6)c(F)c5)c4n3)cc2)CC1,duplicate_or_invalid_record,3.0,28.0,16.0,3.0,19.0,0.67828,0.67828,0.609879,alkyl,CN1CCN2c3ccc(cc3)-c3cnc4cccc(c4n3)-c3cc(F)c(c(F)c3)CN3CCOCC3CCCC2C1,,
JAK2_4424830aa8,CN1CCN(c2ccc(-c3cnc4cccc(-c5cc(F)c(CN6CCOCC6)c(F)c5)c4n3)cc2)CC1,duplicate_or_invalid_record,3.0,28.0,16.0,3.0,19.0,0.67828,0.67828,0.609879,thioether,CN1CCN2c3ccc(cc3)-c3cnc4cccc(c4n3)-c3cc(F)c(c(F)c3)CN3CCOCC3CSCC2C1,,
JAK2_4424830aa8,CN1CCN(c2ccc(-c3cnc4cccc(-c5cc(F)c(CN6CCOCC6)c(F)c5)c4n3)cc2)CC1,duplicate_or_invalid_record,24.0,36.0,16.0,3.0,19.0,0.67828,0.67828,0.609879,thioether,CN1CCN2c3ccc(cc3)-c3cnc4cccc(c4n3)-c3cc(F)c(c(F)c3)CN3CCOCC3CSCC2C1,,
JAK2_4424830aa8,CN1CCN(c2ccc(-c3cnc4cccc(-c5cc(F)c(CN6CCOCC6)c(F)c5)c4n3)cc2)CC1,duplicate_or_invalid_record,24.0,36.0,16.0,3.0,19.0,0.67828,0.67828,0.609879,alkyl,CN1CCN2c3ccc(cc3)-c3cnc4cccc(c4n3)-c3cc(F)c(c(F)c3)CN3CCOCC3CCCC2C1,,
JAK2_4424830aa8,CN1CCN(c2ccc(-c3cnc4cccc(-c5cc(F)c(CN6CCOCC6)c(F)c5)c4n3)cc2)CC1,duplicate_or_invalid_record,24.0,36.0,16.0,3.0,19.0,0.67828,0.67828,0.609879,aza,CN1CCN2c3ccc(cc3)-c3cnc4cccc(c4n3)-c3cc(F)c(c(F)c3)CN3CCOCC3CNCC2C1,,
JAK2_4424830aa8,CN1CCN(c2ccc(-c3cnc4cccc(-c5cc(F)c(CN6CCOCC6)c(F)c5)c4n3)cc2)CC1,duplicate_or_invalid_record,24.0,36.0,16.0,3.0,19.0,0.67828,0.67828,0.609879,oxa,CN1CCN2c3ccc(cc3)-c3cnc4cccc(c4n3)-c3cc(F)c(c(F)c3)CN3CCOCC3COCC2C1,,
JAK2_4424830aa8,CN1CCN(c2ccc(-c3cnc4cccc(-c5cc(F)c(CN6CCOCC6)c(F)c5)c4n3)cc2)CC1,duplicate_or_invalid_record,24.0,36.0,16.0,3.0,19.0,0.67828,0.67828,0.609879,oxa_aza,CN1CCN2c3ccc(cc3)-c3cnc4cccc(c4n3)-c3cc(F)c(c(F)c3)CN3CCOCC3CCCC2C1,,
JAK2_4424830aa8,CN1CCN(c2ccc(-c3cnc4cccc(-c5cc(F)c(CN6CCOCC6)c(F)c5)c4n3)cc2)CC1,duplicate_or_invalid_record,28.0,36.0,16.0,3.0,19.0,0.67828,0.67828,0.609879,oxa_aza,CN1CCN2c3ccc(cc3)-c3cnc4cccc(c4n3)-c3cc(F)c(c(F)c3)CN3CCOCC3CCCC2C1,,
JAK2_4424830aa8,CN1CCN(c2ccc(-c3cnc4cccc(-c5cc(F)c(CN6CCOCC6)c(F)c5)c4n3)cc2)CC1,duplicate_or_invalid_record,28.0,36.0,16.0,3.0,19.0,0.67828,0.67828,0.609879,thioether,CN1CCN2c3ccc(cc3)-c3cnc4cccc(c4n3)-c3cc(F)c(c(F)c3)CN3CCOCC3CSCC2C1,,
JAK2_4424830aa8,CN1CCN(c2ccc(-c3cnc4cccc(-c5cc(F)c(CN6CCOCC6)c(F)c5)c4n3)cc2)CC1,duplicate_or_invalid_record,28.0,36.0,16.0,3.0,19.0,0.67828,0.67828,0.609879,alkyl,CN1CCN2c3ccc(cc3)-c3cnc4cccc(c4n3)-c3cc(F)c(c(F)c3)CN3CCOCC3CCCC2C1,,
JAK2_4424830aa8,CN1CCN(c2ccc(-c3cnc4cccc(-c5cc(F)c(CN6CCOCC6)c(F)c5)c4n3)cc2)CC1,duplicate_or_invalid_record,28.0,36.0,16.0,3.0,19.0,0.67828,0.67828,0.609879,oxa,CN1CCN2c3ccc(cc3)-c3cnc4cccc(c4n3)-c3cc(F)c(c(F)c3)CN3CCOCC3COCC2C1,,
JAK2_4424830aa8,CN1CCN(c2ccc(-c3cnc4cccc(-c5cc(F)c(CN6CCOCC6)c(F)c5)c4n3)cc2)CC1,duplicate_or_invalid_record,28.0,36.0,16.0,3.0,19.0,0.67828,0.67828,0.609879,aza,CN1CCN2c3ccc(cc3)-c3cnc4cccc(c4n3)-c3cc(F)c(c(F)c3)CN3CCOCC3CNCC2C1,,
JAK2_4424830aa8,CN1CCN(c2ccc(-c3cnc4cccc(-c5cc(F)c(CN6CCOCC6)c(F)c5)c4n3)cc2)CC1,filtered_non_macrocycle_or_basic_filters,2.0,24.0,17.0,3.0,20.0,0.67828,0.67828,0.566067,thioether,CN1CCN2CC1CSCC1COCCN1Cc1c(F)cc(cc1F)-c1cccc3ncc(nc13)-c1ccc2cc1,,
JAK2_4424830aa8,CN1CCN(c2ccc(-c3cnc4cccc(-c5cc(F)c(CN6CCOCC6)c(F)c5)c4n3)cc2)CC1,filtered_non_macrocycle_or_basic_filters,2.0,24.0,17.0,3.0,20.0,0.67828,0.67828,0.566067,oxa_aza,CN1CCN2CC1CCCC1COCCN1Cc1c(F)cc(cc1F)-c1cccc3ncc(nc13)-c1ccc2cc1,,
JAK2_4424830aa8,CN1CCN(c2ccc(-c3cnc4cccc(-c5cc(F)c(CN6CCOCC6)c(F)c5)c4n3)cc2)CC1,filtered_non_macrocycle_or_basic_filters,2.0,24.0,17.0,3.0,20.0,0.67828,0.67828,0.566067,aza,CN1CCN2CC1CNCC1COCCN1Cc1c(F)cc(cc1F)-c1cccc3ncc(nc13)-c1ccc2cc1,,
JAK2_4424830aa8,CN1CCN(c2ccc(-c3cnc4cccc(-c5cc(F)c(CN6CCOCC6)c(F)c5)c4n3)cc2)CC1,filtered_non_macrocycle_or_basic_filters,2.0,24.0,17.0,3.0,20.0,0.67828,0.67828,0.566067,alkyl,CN1CCN2CC1CCCC1COCCN1Cc1c(F)cc(cc1F)-c1cccc3ncc(nc13)-c1ccc2cc1,,
JAK2_4424830aa8,CN1CCN(c2ccc(-c3cnc4cccc(-c5cc(F)c(CN6CCOCC6)c(F)c5)c4n3)cc2)CC1,filtered_non_macrocycle_or_basic_filters,2.0,24.0,17.0,3.0,20.0,0.67828,0.67828,0.566067,oxa,CN1CCN2CC1COCC1COCCN1Cc1c(F)cc(cc1F)-c1cccc3ncc(nc13)-c1ccc2cc1,,
JAK2_4424830aa8,CN1CCN(c2ccc(-c3cnc4cccc(-c5cc(F)c(CN6CCOCC6)c(F)c5)c4n3)cc2)CC1,filtered_non_macrocycle_or_basic_filters,2.0,28.0,17.0,3.0,20.0,0.67828,0.67828,0.566067,aza,CN1CCN2CC1CNCC1COCCN1Cc1c(F)cc(cc1F)-c1cccc3ncc(nc13)-c1ccc2cc1,,
JAK2_4424830aa8,CN1CCN(c2ccc(-c3cnc4cccc(-c5cc(F)c(CN6CCOCC6)c(F)c5)c4n3)cc2)CC1,filtered_non_macrocycle_or_basic_filters,2.0,28.0,17.0,3.0,20.0,0.67828,0.67828,0.566067,oxa,CN1CCN2CC1COCC1COCCN1Cc1c(F)cc(cc1F)-c1cccc3ncc(nc13)-c1ccc2cc1,,
JAK2_4424830aa8,CN1CCN(c2ccc(-c3cnc4cccc(-c5cc(F)c(CN6CCOCC6)c(F)c5)c4n3)cc2)CC1,filtered_non_macrocycle_or_basic_filters,2.0,28.0,17.0,3.0,20.0,0.67828,0.67828,0.566067,oxa_aza,CN1CCN2CC1CCCC1COCCN1Cc1c(F)cc(cc1F)-c1cccc3ncc(nc13)-c1ccc2cc1,,
JAK2_4424830aa8,CN1CCN(c2ccc(-c3cnc4cccc(-c5cc(F)c(CN6CCOCC6)c(F)c5)c4n3)cc2)CC1,filtered_non_macrocycle_or_basic_filters,2.0,28.0,17.0,3.0,20.0,0.67828,0.67828,0.566067,alkyl,CN1CCN2CC1CCCC1COCCN1Cc1c(F)cc(cc1F)-c1cccc3ncc(nc13)-c1ccc2cc1,,
JAK2_4424830aa8,CN1CCN(c2ccc(-c3cnc4cccc(-c5cc(F)c(CN6CCOCC6)c(F)c5)c4n3)cc2)CC1,filtered_non_macrocycle_or_basic_filters,2.0,28.0,17.0,3.0,20.0,0.67828,0.67828,0.566067,thioether,CN1CCN2CC1CSCC1COCCN1Cc1c(F)cc(cc1F)-c1cccc3ncc(nc13)-c1ccc2cc1,,
JAK2_4424830aa8,CN1CCN(c2ccc(-c3cnc4cccc(-c5cc(F)c(CN6CCOCC6)c(F)c5)c4n3)cc2)CC1,filtered_non_macrocycle_or_basic_filters,3.0,25.0,17.0,3.0,20.0,0.67828,0.67828,0.566067,thioether,CN1CCN2c3ccc(cc3)-c3cnc4cccc(c4n3)-c3cc(F)c(c(F)c3)CN3CCOC(CSCC2C1)C3,,
JAK2_4424830aa8,CN1CCN(c2ccc(-c3cnc4cccc(-c5cc(F)c(CN6CCOCC6)c(F)c5)c4n3)cc2)CC1,filtered_non_macrocycle_or_basic_filters,3.0,25.0,17.0,3.0,20.0,0.67828,0.67828,0.566067,oxa_aza,CN1CCN2c3ccc(cc3)-c3cnc4cccc(c4n3)-c3cc(F)c(c(F)c3)CN3CCOC(CCCC2C1)C3,,
JAK2_4424830aa8,CN1CCN(c2ccc(-c3cnc4cccc(-c5cc(F)c(CN6CCOCC6)c(F)c5)c4n3)cc2)CC1,filtered_non_macrocycle_or_basic_filters,3.0,25.0,17.0,3.0,20.0,0.67828,0.67828,0.566067,alkyl,CN1CCN2c3ccc(cc3)-c3cnc4cccc(c4n3)-c3cc(F)c(c(F)c3)CN3CCOC(CCCC2C1)C3,,
JAK2_4424830aa8,CN1CCN(c2ccc(-c3cnc4cccc(-c5cc(F)c(CN6CCOCC6)c(F)c5)c4n3)cc2)CC1,filtered_non_macrocycle_or_basic_filters,3.0,25.0,17.0,3.0,20.0,0.67828,0.67828,0.566067,oxa,CN1CCN2c3ccc(cc3)-c3cnc4cccc(c4n3)-c3cc(F)c(c(F)c3)CN3CCOC(COCC2C1)C3,,
JAK2_4424830aa8,CN1CCN(c2ccc(-c3cnc4cccc(-c5cc(F)c(CN6CCOCC6)c(F)c5)c4n3)cc2)CC1,filtered_non_macrocycle_or_basic_filters,3.0,25.0,17.0,3.0,20.0,0.67828,0.67828,0.566067,aza,CN1CCN2c3ccc(cc3)-c3cnc4cccc(c4n3)-c3cc(F)c(c(F)c3)CN3CCOC(CNCC2C1)C3,,
JAK2_4424830aa8,CN1CCN(c2ccc(-c3cnc4cccc(-c5cc(F)c(CN6CCOCC6)c(F)c5)c4n3)cc2)CC1,filtered_non_macrocycle_or_basic_filters,3.0,27.0,17.0,3.0,20.0,0.67828,0.67828,0.566067,aza,CN1CCN2c3ccc(cc3)-c3cnc4cccc(c4n3)-c3cc(F)c(c(F)c3)CN3CCOC(CNCC2C1)C3,,
JAK2_4424830aa8,CN1CCN(c2ccc(-c3cnc4cccc(-c5cc(F)c(CN6CCOCC6)c(F)c5)c4n3)cc2)CC1,filtered_non_macrocycle_or_basic_filters,3.0,27.0,17.0,3.0,20.0,0.67828,0.67828,0.566067,oxa,CN1CCN2c3ccc(cc3)-c3cnc4cccc(c4n3)-c3cc(F)c(c(F)c3)CN3CCOC(COCC2C1)C3,,
JAK2_4424830aa8,CN1CCN(c2ccc(-c3cnc4cccc(-c5cc(F)c(CN6CCOCC6)c(F)c5)c4n3)cc2)CC1,filtered_non_macrocycle_or_basic_filters,3.0,27.0,17.0,3.0,20.0,0.67828,0.67828,0.566067,thioether,CN1CCN2c3ccc(cc3)-c3cnc4cccc(c4n3)-c3cc(F)c(c(F)c3)CN3CCOC(CSCC2C1)C3,,
JAK2_4424830aa8,CN1CCN(c2ccc(-c3cnc4cccc(-c5cc(F)c(CN6CCOCC6)c(F)c5)c4n3)cc2)CC1,filtered_non_macrocycle_or_basic_filters,3.0,27.0,17.0,3.0,20.0,0.67828,0.67828,0.566067,alkyl,CN1CCN2c3ccc(cc3)-c3cnc4cccc(c4n3)-c3cc(F)c(c(F)c3)CN3CCOC(CCCC2C1)C3,,
JAK2_4424830aa8,CN1CCN(c2ccc(-c3cnc4cccc(-c5cc(F)c(CN6CCOCC6)c(F)c5)c4n3)cc2)CC1,filtered_non_macrocycle_or_basic_filters,3.0,27.0,17.0,3.0,20.0,0.67828,0.67828,0.566067,oxa_aza,CN1CCN2c3ccc(cc3)-c3cnc4cccc(c4n3)-c3cc(F)c(c(F)c3)CN3CCOC(CCCC2C1)C3,,
JAK2_4424830aa8,CN1CCN(c2ccc(-c3cnc4cccc(-c5cc(F)c(CN6CCOCC6)c(F)c5)c4n3)cc2)CC1,filtered_non_macrocycle_or_basic_filters,24.0,37.0,17.0,3.0,20.0,0.67828,0.67828,0.566067,aza,CN1CCN2CC1CNCC1COCCN1Cc1c(F)cc(cc1F)-c1cccc3ncc(nc13)-c1ccc2cc1,,
JAK2_4424830aa8,CN1CCN(c2ccc(-c3cnc4cccc(-c5cc(F)c(CN6CCOCC6)c(F)c5)c4n3)cc2)CC1,filtered_non_macrocycle_or_basic_filters,24.0,37.0,17.0,3.0,20.0,0.67828,0.67828,0.566067,thioether,CN1CCN2CC1CSCC1COCCN1Cc1c(F)cc(cc1F)-c1cccc3ncc(nc13)-c1ccc2cc1,,
JAK2_4424830aa8,CN1CCN(c2ccc(-c3cnc4cccc(-c5cc(F)c(CN6CCOCC6)c(F)c5)c4n3)cc2)CC1,filtered_non_macrocycle_or_basic_filters,24.0,37.0,17.0,3.0,20.0,0.67828,0.67828,0.566067,oxa_aza,CN1CCN2CC1CCCC1COCCN1Cc1c(F)cc(cc1F)-c1cccc3ncc(nc13)-c1ccc2cc1,,
JAK2_4424830aa8,CN1CCN(c2ccc(-c3cnc4cccc(-c5cc(F)c(CN6CCOCC6)c(F)c5)c4n3)cc2)CC1,filtered_non_macrocycle_or_basic_filters,24.0,37.0,17.0,3.0,20.0,0.67828,0.67828,0.566067,oxa,CN1CCN2CC1COCC1COCCN1Cc1c(F)cc(cc1F)-c1cccc3ncc(nc13)-c1ccc2cc1,,
JAK2_4424830aa8,CN1CCN(c2ccc(-c3cnc4cccc(-c5cc(F)c(CN6CCOCC6)c(F)c5)c4n3)cc2)CC1,filtered_non_macrocycle_or_basic_filters,24.0,37.0,17.0,3.0,20.0,0.67828,0.67828,0.566067,alkyl,CN1CCN2CC1CCCC1COCCN1Cc1c(F)cc(cc1F)-c1cccc3ncc(nc13)-c1ccc2cc1,,
JAK2_4424830aa8,CN1CCN(c2ccc(-c3cnc4cccc(-c5cc(F)c(CN6CCOCC6)c(F)c5)c4n3)cc2)CC1,filtered_non_macrocycle_or_basic_filters,25.0,36.0,17.0,3.0,20.0,0.67828,0.67828,0.566067,alkyl,CN1CCN2c3ccc(cc3)-c3cnc4cccc(c4n3)-c3cc(F)c(c(F)c3)CN3CCOC(CCCC2C1)C3,,
JAK2_4424830aa8,CN1CCN(c2ccc(-c3cnc4cccc(-c5cc(F)c(CN6CCOCC6)c(F)c5)c4n3)cc2)CC1,filtered_non_macrocycle_or_basic_filters,25.0,36.0,17.0,3.0,20.0,0.67828,0.67828,0.566067,aza,CN1CCN2c3ccc(cc3)-c3cnc4cccc(c4n3)-c3cc(F)c(c(F)c3)CN3CCOC(CNCC2C1)C3,,
JAK2_4424830aa8,CN1CCN(c2ccc(-c3cnc4cccc(-c5cc(F)c(CN6CCOCC6)c(F)c5)c4n3)cc2)CC1,filtered_non_macrocycle_or_basic_filters,25.0,36.0,17.0,3.0,20.0,0.67828,0.67828,0.566067,thioether,CN1CCN2c3ccc(cc3)-c3cnc4cccc(c4n3)-c3cc(F)c(c(F)c3)CN3CCOC(CSCC2C1)C3,,
JAK2_4424830aa8,CN1CCN(c2ccc(-c3cnc4cccc(-c5cc(F)c(CN6CCOCC6)c(F)c5)c4n3)cc2)CC1,filtered_non_macrocycle_or_basic_filters,25.0,36.0,17.0,3.0,20.0,0.67828,0.67828,0.566067,oxa,CN1CCN2c3ccc(cc3)-c3cnc4cccc(c4n3)-c3cc(F)c(c(F)c3)CN3CCOC(COCC2C1)C3,,
JAK2_4424830aa8,CN1CCN(c2ccc(-c3cnc4cccc(-c5cc(F)c(CN6CCOCC6)c(F)c5)c4n3)cc2)CC1,filtered_non_macrocycle_or_basic_filters,25.0,36.0,17.0,3.0,20.0,0.67828,0.67828,0.566067,oxa_aza,CN1CCN2c3ccc(cc3)-c3cnc4cccc(c4n3)-c3cc(F)c(c(F)c3)CN3CCOC(CCCC2C1)C3,,
JAK2_4424830aa8,CN1CCN(c2ccc(-c3cnc4cccc(-c5cc(F)c(CN6CCOCC6)c(F)c5)c4n3)cc2)CC1,filtered_non_macrocycle_or_basic_filters,27.0,36.0,17.0,3.0,20.0,0.67828,0.67828,0.566067,alkyl,CN1CCN2c3ccc(cc3)-c3cnc4cccc(c4n3)-c3cc(F)c(c(F)c3)CN3CCOC(CCCC2C1)C3,,
JAK2_4424830aa8,CN1CCN(c2ccc(-c3cnc4cccc(-c5cc(F)c(CN6CCOCC6)c(F)c5)c4n3)cc2)CC1,filtered_non_macrocycle_or_basic_filters,27.0,36.0,17.0,3.0,20.0,0.67828,0.67828,0.566067,thioether,CN1CCN2c3ccc(cc3)-c3cnc4cccc(c4n3)-c3cc(F)c(c(F)c3)CN3CCOC(CSCC2C1)C3,,
JAK2_4424830aa8,CN1CCN(c2ccc(-c3cnc4cccc(-c5cc(F)c(CN6CCOCC6)c(F)c5)c4n3)cc2)CC1,filtered_non_macrocycle_or_basic_filters,27.0,36.0,17.0,3.0,20.0,0.67828,0.67828,0.566067,aza,CN1CCN2c3ccc(cc3)-c3cnc4cccc(c4n3)-c3cc(F)c(c(F)c3)CN3CCOC(CNCC2C1)C3,,
JAK2_4424830aa8,CN1CCN(c2ccc(-c3cnc4cccc(-c5cc(F)c(CN6CCOCC6)c(F)c5)c4n3)cc2)CC1,filtered_non_macrocycle_or_basic_filters,27.0,36.0,17.0,3.0,20.0,0.67828,0.67828,0.566067,oxa_aza,CN1CCN2c3ccc(cc3)-c3cnc4cccc(c4n3)-c3cc(F)c(c(F)c3)CN3CCOC(CCCC2C1)C3,,
JAK2_4424830aa8,CN1CCN(c2ccc(-c3cnc4cccc(-c5cc(F)c(CN6CCOCC6)c(F)c5)c4n3)cc2)CC1,filtered_non_macrocycle_or_basic_filters,27.0,36.0,17.0,3.0,20.0,0.67828,0.67828,0.566067,oxa,CN1CCN2c3ccc(cc3)-c3cnc4cccc(c4n3)-c3cc(F)c(c(F)c3)CN3CCOC(COCC2C1)C3,,
JAK2_4424830aa8,CN1CCN(c2ccc(-c3cnc4cccc(-c5cc(F)c(CN6CCOCC6)c(F)c5)c4n3)cc2)CC1,filtered_non_macrocycle_or_basic_filters,28.0,37.0,17.0,3.0,20.0,0.67828,0.67828,0.566067,alkyl,CN1CCN2CC1CCCC1COCCN1Cc1c(F)cc(cc1F)-c1cccc3ncc(nc13)-c1ccc2cc1,,
JAK2_4424830aa8,CN1CCN(c2ccc(-c3cnc4cccc(-c5cc(F)c(CN6CCOCC6)c(F)c5)c4n3)cc2)CC1,filtered_non_macrocycle_or_basic_filters,28.0,37.0,17.0,3.0,20.0,0.67828,0.67828,0.566067,oxa_aza,CN1CCN2CC1CCCC1COCCN1Cc1c(F)cc(cc1F)-c1cccc3ncc(nc13)-c1ccc2cc1,,
JAK2_4424830aa8,CN1CCN(c2ccc(-c3cnc4cccc(-c5cc(F)c(CN6CCOCC6)c(F)c5)c4n3)cc2)CC1,filtered_non_macrocycle_or_basic_filters,28.0,37.0,17.0,3.0,20.0,0.67828,0.67828,0.566067,oxa,CN1CCN2CC1COCC1COCCN1Cc1c(F)cc(cc1F)-c1cccc3ncc(nc13)-c1ccc2cc1,,
JAK2_4424830aa8,CN1CCN(c2ccc(-c3cnc4cccc(-c5cc(F)c(CN6CCOCC6)c(F)c5)c4n3)cc2)CC1,filtered_non_macrocycle_or_basic_filters,28.0,37.0,17.0,3.0,20.0,0.67828,0.67828,0.566067,aza,CN1CCN2CC1CNCC1COCCN1Cc1c(F)cc(cc1F)-c1cccc3ncc(nc13)-c1ccc2cc1,,
JAK2_4424830aa8,CN1CCN(c2ccc(-c3cnc4cccc(-c5cc(F)c(CN6CCOCC6)c(F)c5)c4n3)cc2)CC1,filtered_non_macrocycle_or_basic_filters,28.0,37.0,17.0,3.0,20.0,0.67828,0.67828,0.566067,thioether,CN1CCN2CC1CSCC1COCCN1Cc1c(F)cc(cc1F)-c1cccc3ncc(nc13)-c1ccc2cc1,,
JAK2_5c84f7cc1c,CC(=O)Nc1ccc(-c2nc(Nc3ccc(N4CCOCC4)cc3)ncc2F)cc1,no_valid_anchor_pair,,,,,,,,,,,,
JAK2_e2cae42d88,Cc1ccc(C(=O)N2CCN(c3nc(Nc4cc(C)[nH]n4)c4cccn4n3)CC2)cc1,no_valid_anchor_pair,,,,,,,,,,,,
JAK2_36f756e547,Cc1cc(Nc2nc(N3CCN(C(=O)Cc4ccccc4F)CC3)nn3cccc23)n[nH]1,no_valid_anchor_pair,,,,,,,,,,,,
JAK2_67c546b8f6,CCN(CCC(F)(F)F)C(=O)C1CCCN(c2cc(-c3c(N)nn4cccnc34)ncn2)C1,no_valid_anchor_pair,,,,,,,,,,,,
JAK2_387ef5022f,CCCN(CCC)C(=O)C1CCCN(c2cc(-c3c(N)nn4cccnc34)ncn2)C1,no_valid_anchor_pair,,,,,,,,,,,,
JAK2_bb43002d12,Cc1cc(Nc2nc(N3CCN(C(=O)c4ccc(C#N)cc4)CC3)nn3cccc23)n[nH]1,no_valid_anchor_pair,,,,,,,,,,,,
JAK2_0f122b00bd,C[C@H](Nc1ccc(C(N)=O)c2[nH]c3cc(-c4cnn(C)c4)ccc3c12)C(C)(C)C,no_valid_anchor_pair,,,,,,,,,,,,
JAK2_ee18a170dc,COc1cc(Nc2nc3cccc(-c4ccc(NS(C)(=O)=O)cc4)c3o2)cc(OC)c1OC,no_valid_anchor_pair,,,,,,,,,,,,
JAK2_835443b633,Cc1cc(Nc2nc(N[C@@H](C)c3ncc(F)cn3)cc(N3CCOCC3)n2)n[nH]1,no_valid_anchor_pair,,,,,,,,,,,,
JAK2_6dc1db68d3,CNC(=O)c1ccc(Nc2nc3cccc(-c4cc(F)c(CN5CCOCC5)c(F)c4)c3o2)cc1C,no_valid_anchor_pair,,,,,,,,,,,,
JAK2_155be966f1,Cc1cc(Nc2nc3cccc(-c4cc(F)c(CN5CCOCC5)c(F)c4)c3o2)ccc1C(=O)NCCCN(C)C,no_valid_anchor_pair,,,,,,,,,,,,
JAK2_80b89f8e05,Cn1cc(-c2ccc3c(c2)[nH]c2c(C(N)=O)ccc(NC4CCCCC4)c23)cn1,no_valid_anchor_pair,,,,,,,,,,,,
JAK2_fe9236b0f3,Cc1cnc(Nc2cc(N3CCOCC3)nc(N[C@@H](C)c3ccc(F)cn3)n2)s1,no_valid_anchor_pair,,,,,,,,,,,,
JAK2_05c72e1270,CC(C)(C)NS(=O)(=O)c1ccc(-c2cc3c(N)ncc(C(=O)NCCCN4CCOCC4)c3s2)cc1,no_valid_anchor_pair,,,,,,,,,,,,
JAK2_4c33092d30,Cc1cc(Nc2nc3cccc(-c4cc(F)c(CN5CCOCC5)c(F)c4)c3o2)ccc1C(=O)N(C)C,no_valid_anchor_pair,,,,,,,,,,,,
JAK2_42d4d2b240,CC(C)(C)NS(=O)(=O)c1ccc(-c2cc3c(N)ncc(C(=O)NCCN4CCCCC4)c3s2)cc1,no_valid_anchor_pair,,,,,,,,,,,,
JAK2_f59a16ca04,N#Cc1ccc2ncn(-c3ncc4[nH]c(=O)n([C@@H]5CCOc6c(F)cccc65)c4n3)c2c1,no_valid_anchor_pair,,,,,,,,,,,,
JAK2_bb041e75cb,CC(=O)Nc1ccc(-c2nc(Nc3ccc(N4CCOCC4)cc3)ncc2C)cc1,no_valid_anchor_pair,,,,,,,,,,,,
JAK2_f94799c74c,COc1cc(-c2cnc3cccc(-c4ccc(CC(=O)N5CCS(=O)(=O)CC5)cc4)c3n2)cc(OC)c1OC,no_valid_anchor_pair,,,,,,,,,,,,
JAK2_3b7ac4b7ff,CN1CCC[C@@H]1C(=O)Nc1ccc(-c2ccnc(Nc3ccc(N4CCOCC4)cc3)n2)cc1,no_valid_anchor_pair,,,,,,,,,,,,
JAK2_aab6d9dd88,Cc1cc(Nc2nc(N3CCN(C(=O)Cc4ccccc4C)CC3)nn3cccc23)n[nH]1,no_valid_anchor_pair,,,,,,,,,,,,
JAK2_2fb115c7c6,CS(=O)(=O)c1ccc(-c2cccn3nc(Nc4cccc(S(C)(=O)=O)c4)nc23)cc1,no_valid_anchor_pair,,,,,,,,,,,,
JAK2_6eec4980ac,O=C(Nc1ccc(-c2ccnc(Nc3ccc(N4CCOCC4)cc3)n2)cc1)[C@H]1CCNC1,no_valid_anchor_pair,,,,,,,,,,,,
JAK2_1cd957a7af,COc1cc(Nc2ncc3ccn(-c4ccccn4)c3n2)cc(OC)c1OC,no_valid_anchor_pair,,,,,,,,,,,,
JAK2_fddab980f3,C[C@@H](NC(=O)c1c[nH]c2ncc(-c3ncn4cc(F)ccc34)nc12)C(=O)N1CC(C#N)C1,no_valid_anchor_pair,,,,,,,,,,,,
JAK2_a11a9fc11d,CS(=O)(=O)Nc1ccc(-c2ccnc(Nc3cccc(CN4CCCC4)c3)n2)cc1,no_valid_anchor_pair,,,,,,,,,,,,
JAK2_7749fd2b4f,Cc1cc(Nc2nc(N[C@@H](C)c3ccc(F)cn3)c(F)c(N3CCOCC3)n2)n[nH]1,no_valid_anchor_pair,,,,,,,,,,,,
JAK2_1baaacf4f4,Cc1cc(Nc2nc(N[C@@H](C)c3ccc(F)cn3)c(Cl)c(N3CCOCC3)n2)n[nH]1,no_valid_anchor_pair,,,,,,,,,,,,
JAK2_3fc0ebe287,CONC(=O)c1cc2c(N[C@@H](C)c3ccccc3)nc(-n3cnc4ccncc43)nc2n1C,no_valid_anchor_pair,,,,,,,,,,,,
JAK2_640f6a716a,COc1cc(Nc2ncc(F)c(Nc3ccc4c(n3)NC(=O)C(C)(C)O4)n2)cc(OC)c1OC,no_valid_anchor_pair,,,,,,,,,,,,
JAK2_c4b25f65b1,Nc1nn2cccnc2c1-c1cc(NCc2ccccc2)ncn1,no_valid_anchor_pair,,,,,,,,,,,,
JAK2_10be027f63,Cc1cc(Nc2nc(N3CCN(C(=O)c4ccccc4C#N)CC3)nn3cccc23)n[nH]1,no_valid_anchor_pair,,,,,,,,,,,,
JAK2_a6956eeec1,CS(=O)(=O)Nc1ccc(-c2ccnc(Nc3ccc(N4CCC(O)CC4)cc3)n2)cc1,no_valid_anchor_pair,,,,,,,,,,,,
JAK2_6635ff8a33,NC(=O)CN1CCC(c2ccc(Nc3ncc4ccc(-c5cccc6cccnc56)n4n3)cc2)CC1,no_valid_anchor_pair,,,,,,,,,,,,
JAK2_99cc6f9557,CC(=O)Nc1ccc(-c2ccnc(Nc3cccc(N4CCCCC4)c3)n2)cc1,no_valid_anchor_pair,,,,,,,,,,,,
JAK2_9dc9b86668,CCS(=O)(=O)N1CC(CC#N)(n2cc(-c3ncnc4[nH]ccc34)cn2)C1,no_valid_anchor_pair,,,,,,,,,,,,
JAK2_52b2cf11d9,CN1CCN(c2ccc(-c3cnc4cccc(-c5cc(F)c(CN6CCS(=O)(=O)CC6)c(F)c5)c4n3)cn2)CC1,valid_output,3.0,24.0,16.0,3.0,19.0,0.67828,0.67828,0.649928,thioether,CN1CCN2c3ccc(cn3)-c3cnc4cccc(c4n3)-c3cc(F)c(c(F)c3)CN3CCS(=O)(=O)CC3CSCC2C1,CAND_9b2dbc98ed,PIFHNMNPLJJTMY-UHFFFAOYSA-N
JAK2_52b2cf11d9,CN1CCN(c2ccc(-c3cnc4cccc(-c5cc(F)c(CN6CCS(=O)(=O)CC6)c(F)c5)c4n3)cn2)CC1,valid_output,3.0,24.0,16.0,3.0,19.0,0.67828,0.67828,0.649928,aza,CN1CCN2c3ccc(cn3)-c3cnc4cccc(c4n3)-c3cc(F)c(c(F)c3)CN3CCS(=O)(=O)CC3CNCC2C1,CAND_f134535edd,YGRQCALJJPLZDA-UHFFFAOYSA-N
JAK2_52b2cf11d9,CN1CCN(c2ccc(-c3cnc4cccc(-c5cc(F)c(CN6CCS(=O)(=O)CC6)c(F)c5)c4n3)cn2)CC1,valid_output,3.0,24.0,16.0,3.0,19.0,0.67828,0.67828,0.649928,oxa_aza,CN1CCN2c3ccc(cn3)-c3cnc4cccc(c4n3)-c3cc(F)c(c(F)c3)CN3CCS(=O)(=O)CC3CCCC2C1,CAND_396f994be3,XRKOBNMXKVAZDZ-UHFFFAOYSA-N
JAK2_52b2cf11d9,CN1CCN(c2ccc(-c3cnc4cccc(-c5cc(F)c(CN6CCS(=O)(=O)CC6)c(F)c5)c4n3)cn2)CC1,valid_output,3.0,24.0,16.0,3.0,19.0,0.67828,0.67828,0.649928,oxa,CN1CCN2c3ccc(cn3)-c3cnc4cccc(c4n3)-c3cc(F)c(c(F)c3)CN3CCS(=O)(=O)CC3COCC2C1,CAND_3c64f44e76,YWSGJALAUQEGQN-UHFFFAOYSA-N
JAK2_52b2cf11d9,CN1CCN(c2ccc(-c3cnc4cccc(-c5cc(F)c(CN6CCS(=O)(=O)CC6)c(F)c5)c4n3)cn2)CC1,duplicate_or_invalid_record,3.0,24.0,16.0,3.0,19.0,0.67828,0.67828,0.649928,alkyl,CN1CCN2c3ccc(cn3)-c3cnc4cccc(c4n3)-c3cc(F)c(c(F)c3)CN3CCS(=O)(=O)CC3CCCC2C1,,
JAK2_52b2cf11d9,CN1CCN(c2ccc(-c3cnc4cccc(-c5cc(F)c(CN6CCS(=O)(=O)CC6)c(F)c5)c4n3)cn2)CC1,duplicate_or_invalid_record,3.0,30.0,16.0,3.0,19.0,0.67828,0.67828,0.649928,oxa,CN1CCN2c3ccc(cn3)-c3cnc4cccc(c4n3)-c3cc(F)c(c(F)c3)CN3CCS(=O)(=O)CC3COCC2C1,,
JAK2_52b2cf11d9,CN1CCN(c2ccc(-c3cnc4cccc(-c5cc(F)c(CN6CCS(=O)(=O)CC6)c(F)c5)c4n3)cn2)CC1,duplicate_or_invalid_record,3.0,30.0,16.0,3.0,19.0,0.67828,0.67828,0.649928,thioether,CN1CCN2c3ccc(cn3)-c3cnc4cccc(c4n3)-c3cc(F)c(c(F)c3)CN3CCS(=O)(=O)CC3CSCC2C1,,
JAK2_52b2cf11d9,CN1CCN(c2ccc(-c3cnc4cccc(-c5cc(F)c(CN6CCS(=O)(=O)CC6)c(F)c5)c4n3)cn2)CC1,duplicate_or_invalid_record,3.0,30.0,16.0,3.0,19.0,0.67828,0.67828,0.649928,oxa_aza,CN1CCN2c3ccc(cn3)-c3cnc4cccc(c4n3)-c3cc(F)c(c(F)c3)CN3CCS(=O)(=O)CC3CCCC2C1,,
JAK2_52b2cf11d9,CN1CCN(c2ccc(-c3cnc4cccc(-c5cc(F)c(CN6CCS(=O)(=O)CC6)c(F)c5)c4n3)cn2)CC1,duplicate_or_invalid_record,3.0,30.0,16.0,3.0,19.0,0.67828,0.67828,0.649928,alkyl,CN1CCN2c3ccc(cn3)-c3cnc4cccc(c4n3)-c3cc(F)c(c(F)c3)CN3CCS(=O)(=O)CC3CCCC2C1,,
JAK2_52b2cf11d9,CN1CCN(c2ccc(-c3cnc4cccc(-c5cc(F)c(CN6CCS(=O)(=O)CC6)c(F)c5)c4n3)cn2)CC1,duplicate_or_invalid_record,3.0,30.0,16.0,3.0,19.0,0.67828,0.67828,0.649928,aza,CN1CCN2c3ccc(cn3)-c3cnc4cccc(c4n3)-c3cc(F)c(c(F)c3)CN3CCS(=O)(=O)CC3CNCC2C1,,
JAK2_52b2cf11d9,CN1CCN(c2ccc(-c3cnc4cccc(-c5cc(F)c(CN6CCS(=O)(=O)CC6)c(F)c5)c4n3)cn2)CC1,duplicate_or_invalid_record,24.0,38.0,16.0,3.0,19.0,0.67828,0.67828,0.649928,thioether,CN1CCN2c3ccc(cn3)-c3cnc4cccc(c4n3)-c3cc(F)c(c(F)c3)CN3CCS(=O)(=O)CC3CSCC2C1,,
JAK2_52b2cf11d9,CN1CCN(c2ccc(-c3cnc4cccc(-c5cc(F)c(CN6CCS(=O)(=O)CC6)c(F)c5)c4n3)cn2)CC1,duplicate_or_invalid_record,24.0,38.0,16.0,3.0,19.0,0.67828,0.67828,0.649928,aza,CN1CCN2c3ccc(cn3)-c3cnc4cccc(c4n3)-c3cc(F)c(c(F)c3)CN3CCS(=O)(=O)CC3CNCC2C1,,
JAK2_52b2cf11d9,CN1CCN(c2ccc(-c3cnc4cccc(-c5cc(F)c(CN6CCS(=O)(=O)CC6)c(F)c5)c4n3)cn2)CC1,duplicate_or_invalid_record,24.0,38.0,16.0,3.0,19.0,0.67828,0.67828,0.649928,alkyl,CN1CCN2c3ccc(cn3)-c3cnc4cccc(c4n3)-c3cc(F)c(c(F)c3)CN3CCS(=O)(=O)CC3CCCC2C1,,
JAK2_52b2cf11d9,CN1CCN(c2ccc(-c3cnc4cccc(-c5cc(F)c(CN6CCS(=O)(=O)CC6)c(F)c5)c4n3)cn2)CC1,duplicate_or_invalid_record,24.0,38.0,16.0,3.0,19.0,0.67828,0.67828,0.649928,oxa,CN1CCN2c3ccc(cn3)-c3cnc4cccc(c4n3)-c3cc(F)c(c(F)c3)CN3CCS(=O)(=O)CC3COCC2C1,,
JAK2_52b2cf11d9,CN1CCN(c2ccc(-c3cnc4cccc(-c5cc(F)c(CN6CCS(=O)(=O)CC6)c(F)c5)c4n3)cn2)CC1,duplicate_or_invalid_record,24.0,38.0,16.0,3.0,19.0,0.67828,0.67828,0.649928,oxa_aza,CN1CCN2c3ccc(cn3)-c3cnc4cccc(c4n3)-c3cc(F)c(c(F)c3)CN3CCS(=O)(=O)CC3CCCC2C1,,
JAK2_52b2cf11d9,CN1CCN(c2ccc(-c3cnc4cccc(-c5cc(F)c(CN6CCS(=O)(=O)CC6)c(F)c5)c4n3)cn2)CC1,duplicate_or_invalid_record,30.0,38.0,16.0,3.0,19.0,0.67828,0.67828,0.649928,thioether,CN1CCN2c3ccc(cn3)-c3cnc4cccc(c4n3)-c3cc(F)c(c(F)c3)CN3CCS(=O)(=O)CC3CSCC2C1,,
JAK2_52b2cf11d9,CN1CCN(c2ccc(-c3cnc4cccc(-c5cc(F)c(CN6CCS(=O)(=O)CC6)c(F)c5)c4n3)cn2)CC1,duplicate_or_invalid_record,30.0,38.0,16.0,3.0,19.0,0.67828,0.67828,0.649928,aza,CN1CCN2c3ccc(cn3)-c3cnc4cccc(c4n3)-c3cc(F)c(c(F)c3)CN3CCS(=O)(=O)CC3CNCC2C1,,
JAK2_52b2cf11d9,CN1CCN(c2ccc(-c3cnc4cccc(-c5cc(F)c(CN6CCS(=O)(=O)CC6)c(F)c5)c4n3)cn2)CC1,duplicate_or_invalid_record,30.0,38.0,16.0,3.0,19.0,0.67828,0.67828,0.649928,oxa_aza,CN1CCN2c3ccc(cn3)-c3cnc4cccc(c4n3)-c3cc(F)c(c(F)c3)CN3CCS(=O)(=O)CC3CCCC2C1,,
JAK2_52b2cf11d9,CN1CCN(c2ccc(-c3cnc4cccc(-c5cc(F)c(CN6CCS(=O)(=O)CC6)c(F)c5)c4n3)cn2)CC1,duplicate_or_invalid_record,30.0,38.0,16.0,3.0,19.0,0.67828,0.67828,0.649928,oxa,CN1CCN2c3ccc(cn3)-c3cnc4cccc(c4n3)-c3cc(F)c(c(F)c3)CN3CCS(=O)(=O)CC3COCC2C1,,
JAK2_52b2cf11d9,CN1CCN(c2ccc(-c3cnc4cccc(-c5cc(F)c(CN6CCS(=O)(=O)CC6)c(F)c5)c4n3)cn2)CC1,duplicate_or_invalid_record,30.0,38.0,16.0,3.0,19.0,0.67828,0.67828,0.649928,alkyl,CN1CCN2c3ccc(cn3)-c3cnc4cccc(c4n3)-c3cc(F)c(c(F)c3)CN3CCS(=O)(=O)CC3CCCC2C1,,
JAK2_52b2cf11d9,CN1CCN(c2ccc(-c3cnc4cccc(-c5cc(F)c(CN6CCS(=O)(=O)CC6)c(F)c5)c4n3)cn2)CC1,filtered_non_macrocycle_or_basic_filters,2.0,24.0,17.0,3.0,20.0,0.67828,0.67828,0.609373,oxa,CN1CCN2CC1COCC1CS(=O)(=O)CCN1Cc1c(F)cc(cc1F)-c1cccc3ncc(nc13)-c1ccc2nc1,,
JAK2_52b2cf11d9,CN1CCN(c2ccc(-c3cnc4cccc(-c5cc(F)c(CN6CCS(=O)(=O)CC6)c(F)c5)c4n3)cn2)CC1,filtered_non_macrocycle_or_basic_filters,2.0,24.0,17.0,3.0,20.0,0.67828,0.67828,0.609373,thioether,CN1CCN2CC1CSCC1CS(=O)(=O)CCN1Cc1c(F)cc(cc1F)-c1cccc3ncc(nc13)-c1ccc2nc1,,
JAK2_52b2cf11d9,CN1CCN(c2ccc(-c3cnc4cccc(-c5cc(F)c(CN6CCS(=O)(=O)CC6)c(F)c5)c4n3)cn2)CC1,filtered_non_macrocycle_or_basic_filters,2.0,24.0,17.0,3.0,20.0,0.67828,0.67828,0.609373,oxa_aza,CN1CCN2CC1CCCC1CS(=O)(=O)CCN1Cc1c(F)cc(cc1F)-c1cccc3ncc(nc13)-c1ccc2nc1,,
JAK2_52b2cf11d9,CN1CCN(c2ccc(-c3cnc4cccc(-c5cc(F)c(CN6CCS(=O)(=O)CC6)c(F)c5)c4n3)cn2)CC1,filtered_non_macrocycle_or_basic_filters,2.0,24.0,17.0,3.0,20.0,0.67828,0.67828,0.609373,alkyl,CN1CCN2CC1CCCC1CS(=O)(=O)CCN1Cc1c(F)cc(cc1F)-c1cccc3ncc(nc13)-c1ccc2nc1,,
JAK2_52b2cf11d9,CN1CCN(c2ccc(-c3cnc4cccc(-c5cc(F)c(CN6CCS(=O)(=O)CC6)c(F)c5)c4n3)cn2)CC1,filtered_non_macrocycle_or_basic_filters,2.0,24.0,17.0,3.0,20.0,0.67828,0.67828,0.609373,aza,CN1CCN2CC1CNCC1CS(=O)(=O)CCN1Cc1c(F)cc(cc1F)-c1cccc3ncc(nc13)-c1ccc2nc1,,
JAK2_52b2cf11d9,CN1CCN(c2ccc(-c3cnc4cccc(-c5cc(F)c(CN6CCS(=O)(=O)CC6)c(F)c5)c4n3)cn2)CC1,filtered_non_macrocycle_or_basic_filters,2.0,30.0,17.0,3.0,20.0,0.67828,0.67828,0.609373,oxa,CN1CCN2CC1COCC1CS(=O)(=O)CCN1Cc1c(F)cc(cc1F)-c1cccc3ncc(nc13)-c1ccc2nc1,,
JAK2_52b2cf11d9,CN1CCN(c2ccc(-c3cnc4cccc(-c5cc(F)c(CN6CCS(=O)(=O)CC6)c(F)c5)c4n3)cn2)CC1,filtered_non_macrocycle_or_basic_filters,2.0,30.0,17.0,3.0,20.0,0.67828,0.67828,0.609373,oxa_aza,CN1CCN2CC1CCCC1CS(=O)(=O)CCN1Cc1c(F)cc(cc1F)-c1cccc3ncc(nc13)-c1ccc2nc1,,
JAK2_52b2cf11d9,CN1CCN(c2ccc(-c3cnc4cccc(-c5cc(F)c(CN6CCS(=O)(=O)CC6)c(F)c5)c4n3)cn2)CC1,filtered_non_macrocycle_or_basic_filters,2.0,30.0,17.0,3.0,20.0,0.67828,0.67828,0.609373,alkyl,CN1CCN2CC1CCCC1CS(=O)(=O)CCN1Cc1c(F)cc(cc1F)-c1cccc3ncc(nc13)-c1ccc2nc1,,
JAK2_52b2cf11d9,CN1CCN(c2ccc(-c3cnc4cccc(-c5cc(F)c(CN6CCS(=O)(=O)CC6)c(F)c5)c4n3)cn2)CC1,filtered_non_macrocycle_or_basic_filters,2.0,30.0,17.0,3.0,20.0,0.67828,0.67828,0.609373,thioether,CN1CCN2CC1CSCC1CS(=O)(=O)CCN1Cc1c(F)cc(cc1F)-c1cccc3ncc(nc13)-c1ccc2nc1,,
JAK2_52b2cf11d9,CN1CCN(c2ccc(-c3cnc4cccc(-c5cc(F)c(CN6CCS(=O)(=O)CC6)c(F)c5)c4n3)cn2)CC1,filtered_non_macrocycle_or_basic_filters,2.0,30.0,17.0,3.0,20.0,0.67828,0.67828,0.609373,aza,CN1CCN2CC1CNCC1CS(=O)(=O)CCN1Cc1c(F)cc(cc1F)-c1cccc3ncc(nc13)-c1ccc2nc1,,
JAK2_52b2cf11d9,CN1CCN(c2ccc(-c3cnc4cccc(-c5cc(F)c(CN6CCS(=O)(=O)CC6)c(F)c5)c4n3)cn2)CC1,filtered_non_macrocycle_or_basic_filters,3.0,25.0,17.0,3.0,20.0,0.67828,0.67828,0.609373,aza,CN1CCN2c3ccc(cn3)-c3cnc4cccc(c4n3)-c3cc(F)c(c(F)c3)CN3CCS(=O)(=O)C(CNCC2C1)C3,,
JAK2_52b2cf11d9,CN1CCN(c2ccc(-c3cnc4cccc(-c5cc(F)c(CN6CCS(=O)(=O)CC6)c(F)c5)c4n3)cn2)CC1,filtered_non_macrocycle_or_basic_filters,3.0,25.0,17.0,3.0,20.0,0.67828,0.67828,0.609373,oxa,CN1CCN2c3ccc(cn3)-c3cnc4cccc(c4n3)-c3cc(F)c(c(F)c3)CN3CCS(=O)(=O)C(COCC2C1)C3,,
JAK2_52b2cf11d9,CN1CCN(c2ccc(-c3cnc4cccc(-c5cc(F)c(CN6CCS(=O)(=O)CC6)c(F)c5)c4n3)cn2)CC1,filtered_non_macrocycle_or_basic_filters,3.0,25.0,17.0,3.0,20.0,0.67828,0.67828,0.609373,alkyl,CN1CCN2c3ccc(cn3)-c3cnc4cccc(c4n3)-c3cc(F)c(c(F)c3)CN3CCS(=O)(=O)C(CCCC2C1)C3,,
JAK2_52b2cf11d9,CN1CCN(c2ccc(-c3cnc4cccc(-c5cc(F)c(CN6CCS(=O)(=O)CC6)c(F)c5)c4n3)cn2)CC1,filtered_non_macrocycle_or_basic_filters,3.0,25.0,17.0,3.0,20.0,0.67828,0.67828,0.609373,thioether,CN1CCN2c3ccc(cn3)-c3cnc4cccc(c4n3)-c3cc(F)c(c(F)c3)CN3CCS(=O)(=O)C(CSCC2C1)C3,,
JAK2_52b2cf11d9,CN1CCN(c2ccc(-c3cnc4cccc(-c5cc(F)c(CN6CCS(=O)(=O)CC6)c(F)c5)c4n3)cn2)CC1,filtered_non_macrocycle_or_basic_filters,3.0,25.0,17.0,3.0,20.0,0.67828,0.67828,0.609373,oxa_aza,CN1CCN2c3ccc(cn3)-c3cnc4cccc(c4n3)-c3cc(F)c(c(F)c3)CN3CCS(=O)(=O)C(CCCC2C1)C3,,
JAK2_52b2cf11d9,CN1CCN(c2ccc(-c3cnc4cccc(-c5cc(F)c(CN6CCS(=O)(=O)CC6)c(F)c5)c4n3)cn2)CC1,filtered_non_macrocycle_or_basic_filters,3.0,29.0,17.0,3.0,20.0,0.67828,0.67828,0.609373,oxa_aza,CN1CCN2c3ccc(cn3)-c3cnc4cccc(c4n3)-c3cc(F)c(c(F)c3)CN3CCS(=O)(=O)C(CCCC2C1)C3,,
JAK2_52b2cf11d9,CN1CCN(c2ccc(-c3cnc4cccc(-c5cc(F)c(CN6CCS(=O)(=O)CC6)c(F)c5)c4n3)cn2)CC1,filtered_non_macrocycle_or_basic_filters,3.0,29.0,17.0,3.0,20.0,0.67828,0.67828,0.609373,aza,CN1CCN2c3ccc(cn3)-c3cnc4cccc(c4n3)-c3cc(F)c(c(F)c3)CN3CCS(=O)(=O)C(CNCC2C1)C3,,
JAK2_52b2cf11d9,CN1CCN(c2ccc(-c3cnc4cccc(-c5cc(F)c(CN6CCS(=O)(=O)CC6)c(F)c5)c4n3)cn2)CC1,filtered_non_macrocycle_or_basic_filters,3.0,29.0,17.0,3.0,20.0,0.67828,0.67828,0.609373,alkyl,CN1CCN2c3ccc(cn3)-c3cnc4cccc(c4n3)-c3cc(F)c(c(F)c3)CN3CCS(=O)(=O)C(CCCC2C1)C3,,
JAK2_52b2cf11d9,CN1CCN(c2ccc(-c3cnc4cccc(-c5cc(F)c(CN6CCS(=O)(=O)CC6)c(F)c5)c4n3)cn2)CC1,filtered_non_macrocycle_or_basic_filters,3.0,29.0,17.0,3.0,20.0,0.67828,0.67828,0.609373,oxa,CN1CCN2c3ccc(cn3)-c3cnc4cccc(c4n3)-c3cc(F)c(c(F)c3)CN3CCS(=O)(=O)C(COCC2C1)C3,,
JAK2_52b2cf11d9,CN1CCN(c2ccc(-c3cnc4cccc(-c5cc(F)c(CN6CCS(=O)(=O)CC6)c(F)c5)c4n3)cn2)CC1,filtered_non_macrocycle_or_basic_filters,3.0,29.0,17.0,3.0,20.0,0.67828,0.67828,0.609373,thioether,CN1CCN2c3ccc(cn3)-c3cnc4cccc(c4n3)-c3cc(F)c(c(F)c3)CN3CCS(=O)(=O)C(CSCC2C1)C3,,
JAK2_52b2cf11d9,CN1CCN(c2ccc(-c3cnc4cccc(-c5cc(F)c(CN6CCS(=O)(=O)CC6)c(F)c5)c4n3)cn2)CC1,filtered_non_macrocycle_or_basic_filters,24.0,39.0,17.0,3.0,20.0,0.67828,0.67828,0.609373,alkyl,CN1CCN2CC1CCCC1CS(=O)(=O)CCN1Cc1c(F)cc(cc1F)-c1cccc3ncc(nc13)-c1ccc2nc1,,
JAK2_52b2cf11d9,CN1CCN(c2ccc(-c3cnc4cccc(-c5cc(F)c(CN6CCS(=O)(=O)CC6)c(F)c5)c4n3)cn2)CC1,filtered_non_macrocycle_or_basic_filters,24.0,39.0,17.0,3.0,20.0,0.67828,0.67828,0.609373,oxa_aza,CN1CCN2CC1CCCC1CS(=O)(=O)CCN1Cc1c(F)cc(cc1F)-c1cccc3ncc(nc13)-c1ccc2nc1,,
JAK2_52b2cf11d9,CN1CCN(c2ccc(-c3cnc4cccc(-c5cc(F)c(CN6CCS(=O)(=O)CC6)c(F)c5)c4n3)cn2)CC1,filtered_non_macrocycle_or_basic_filters,24.0,39.0,17.0,3.0,20.0,0.67828,0.67828,0.609373,oxa,CN1CCN2CC1COCC1CS(=O)(=O)CCN1Cc1c(F)cc(cc1F)-c1cccc3ncc(nc13)-c1ccc2nc1,,
JAK2_52b2cf11d9,CN1CCN(c2ccc(-c3cnc4cccc(-c5cc(F)c(CN6CCS(=O)(=O)CC6)c(F)c5)c4n3)cn2)CC1,filtered_non_macrocycle_or_basic_filters,24.0,39.0,17.0,3.0,20.0,0.67828,0.67828,0.609373,aza,CN1CCN2CC1CNCC1CS(=O)(=O)CCN1Cc1c(F)cc(cc1F)-c1cccc3ncc(nc13)-c1ccc2nc1,,
JAK2_52b2cf11d9,CN1CCN(c2ccc(-c3cnc4cccc(-c5cc(F)c(CN6CCS(=O)(=O)CC6)c(F)c5)c4n3)cn2)CC1,filtered_non_macrocycle_or_basic_filters,24.0,39.0,17.0,3.0,20.0,0.67828,0.67828,0.609373,thioether,CN1CCN2CC1CSCC1CS(=O)(=O)CCN1Cc1c(F)cc(cc1F)-c1cccc3ncc(nc13)-c1ccc2nc1,,
JAK2_52b2cf11d9,CN1CCN(c2ccc(-c3cnc4cccc(-c5cc(F)c(CN6CCS(=O)(=O)CC6)c(F)c5)c4n3)cn2)CC1,filtered_non_macrocycle_or_basic_filters,25.0,38.0,17.0,3.0,20.0,0.67828,0.67828,0.609373,oxa,CN1CCN2c3ccc(cn3)-c3cnc4cccc(c4n3)-c3cc(F)c(c(F)c3)CN3CCS(=O)(=O)C(COCC2C1)C3,,
JAK2_52b2cf11d9,CN1CCN(c2ccc(-c3cnc4cccc(-c5cc(F)c(CN6CCS(=O)(=O)CC6)c(F)c5)c4n3)cn2)CC1,filtered_non_macrocycle_or_basic_filters,25.0,38.0,17.0,3.0,20.0,0.67828,0.67828,0.609373,oxa_aza,CN1CCN2c3ccc(cn3)-c3cnc4cccc(c4n3)-c3cc(F)c(c(F)c3)CN3CCS(=O)(=O)C(CCCC2C1)C3,,
JAK2_52b2cf11d9,CN1CCN(c2ccc(-c3cnc4cccc(-c5cc(F)c(CN6CCS(=O)(=O)CC6)c(F)c5)c4n3)cn2)CC1,filtered_non_macrocycle_or_basic_filters,25.0,38.0,17.0,3.0,20.0,0.67828,0.67828,0.609373,aza,CN1CCN2c3ccc(cn3)-c3cnc4cccc(c4n3)-c3cc(F)c(c(F)c3)CN3CCS(=O)(=O)C(CNCC2C1)C3,,
JAK2_52b2cf11d9,CN1CCN(c2ccc(-c3cnc4cccc(-c5cc(F)c(CN6CCS(=O)(=O)CC6)c(F)c5)c4n3)cn2)CC1,filtered_non_macrocycle_or_basic_filters,25.0,38.0,17.0,3.0,20.0,0.67828,0.67828,0.609373,alkyl,CN1CCN2c3ccc(cn3)-c3cnc4cccc(c4n3)-c3cc(F)c(c(F)c3)CN3CCS(=O)(=O)C(CCCC2C1)C3,,
JAK2_52b2cf11d9,CN1CCN(c2ccc(-c3cnc4cccc(-c5cc(F)c(CN6CCS(=O)(=O)CC6)c(F)c5)c4n3)cn2)CC1,filtered_non_macrocycle_or_basic_filters,25.0,38.0,17.0,3.0,20.0,0.67828,0.67828,0.609373,thioether,CN1CCN2c3ccc(cn3)-c3cnc4cccc(c4n3)-c3cc(F)c(c(F)c3)CN3CCS(=O)(=O)C(CSCC2C1)C3,,
JAK2_52b2cf11d9,CN1CCN(c2ccc(-c3cnc4cccc(-c5cc(F)c(CN6CCS(=O)(=O)CC6)c(F)c5)c4n3)cn2)CC1,filtered_non_macrocycle_or_basic_filters,29.0,38.0,17.0,3.0,20.0,0.67828,0.67828,0.609373,oxa_aza,CN1CCN2c3ccc(cn3)-c3cnc4cccc(c4n3)-c3cc(F)c(c(F)c3)CN3CCS(=O)(=O)C(CCCC2C1)C3,,
JAK2_52b2cf11d9,CN1CCN(c2ccc(-c3cnc4cccc(-c5cc(F)c(CN6CCS(=O)(=O)CC6)c(F)c5)c4n3)cn2)CC1,filtered_non_macrocycle_or_basic_filters,29.0,38.0,17.0,3.0,20.0,0.67828,0.67828,0.609373,oxa,CN1CCN2c3ccc(cn3)-c3cnc4cccc(c4n3)-c3cc(F)c(c(F)c3)CN3CCS(=O)(=O)C(COCC2C1)C3,,
JAK2_52b2cf11d9,CN1CCN(c2ccc(-c3cnc4cccc(-c5cc(F)c(CN6CCS(=O)(=O)CC6)c(F)c5)c4n3)cn2)CC1,filtered_non_macrocycle_or_basic_filters,29.0,38.0,17.0,3.0,20.0,0.67828,0.67828,0.609373,aza,CN1CCN2c3ccc(cn3)-c3cnc4cccc(c4n3)-c3cc(F)c(c(F)c3)CN3CCS(=O)(=O)C(CNCC2C1)C3,,
JAK2_52b2cf11d9,CN1CCN(c2ccc(-c3cnc4cccc(-c5cc(F)c(CN6CCS(=O)(=O)CC6)c(F)c5)c4n3)cn2)CC1,filtered_non_macrocycle_or_basic_filters,29.0,38.0,17.0,3.0,20.0,0.67828,0.67828,0.609373,thioether,CN1CCN2c3ccc(cn3)-c3cnc4cccc(c4n3)-c3cc(F)c(c(F)c3)CN3CCS(=O)(=O)C(CSCC2C1)C3,,
JAK2_52b2cf11d9,CN1CCN(c2ccc(-c3cnc4cccc(-c5cc(F)c(CN6CCS(=O)(=O)CC6)c(F)c5)c4n3)cn2)CC1,filtered_non_macrocycle_or_basic_filters,29.0,38.0,17.0,3.0,20.0,0.67828,0.67828,0.609373,alkyl,CN1CCN2c3ccc(cn3)-c3cnc4cccc(c4n3)-c3cc(F)c(c(F)c3)CN3CCS(=O)(=O)C(CCCC2C1)C3,,
JAK2_52b2cf11d9,CN1CCN(c2ccc(-c3cnc4cccc(-c5cc(F)c(CN6CCS(=O)(=O)CC6)c(F)c5)c4n3)cn2)CC1,filtered_non_macrocycle_or_basic_filters,30.0,39.0,17.0,3.0,20.0,0.67828,0.67828,0.609373,thioether,CN1CCN2CC1CSCC1CS(=O)(=O)CCN1Cc1c(F)cc(cc1F)-c1cccc3ncc(nc13)-c1ccc2nc1,,
JAK2_52b2cf11d9,CN1CCN(c2ccc(-c3cnc4cccc(-c5cc(F)c(CN6CCS(=O)(=O)CC6)c(F)c5)c4n3)cn2)CC1,filtered_non_macrocycle_or_basic_filters,30.0,39.0,17.0,3.0,20.0,0.67828,0.67828,0.609373,aza,CN1CCN2CC1CNCC1CS(=O)(=O)CCN1Cc1c(F)cc(cc1F)-c1cccc3ncc(nc13)-c1ccc2nc1,,
JAK2_52b2cf11d9,CN1CCN(c2ccc(-c3cnc4cccc(-c5cc(F)c(CN6CCS(=O)(=O)CC6)c(F)c5)c4n3)cn2)CC1,filtered_non_macrocycle_or_basic_filters,30.0,39.0,17.0,3.0,20.0,0.67828,0.67828,0.609373,oxa_aza,CN1CCN2CC1CCCC1CS(=O)(=O)CCN1Cc1c(F)cc(cc1F)-c1cccc3ncc(nc13)-c1ccc2nc1,,
JAK2_52b2cf11d9,CN1CCN(c2ccc(-c3cnc4cccc(-c5cc(F)c(CN6CCS(=O)(=O)CC6)c(F)c5)c4n3)cn2)CC1,filtered_non_macrocycle_or_basic_filters,30.0,39.0,17.0,3.0,20.0,0.67828,0.67828,0.609373,oxa,CN1CCN2CC1COCC1CS(=O)(=O)CCN1Cc1c(F)cc(cc1F)-c1cccc3ncc(nc13)-c1ccc2nc1,,
JAK2_52b2cf11d9,CN1CCN(c2ccc(-c3cnc4cccc(-c5cc(F)c(CN6CCS(=O)(=O)CC6)c(F)c5)c4n3)cn2)CC1,filtered_non_macrocycle_or_basic_filters,30.0,39.0,17.0,3.0,20.0,0.67828,0.67828,0.609373,alkyl,CN1CCN2CC1CCCC1CS(=O)(=O)CCN1Cc1c(F)cc(cc1F)-c1cccc3ncc(nc13)-c1ccc2nc1,,
JAK2_be1b46c1d1,CC(=O)Nc1ccc(-c2ccnc(Nc3cccc(NC(=O)c4ccccc4Cl)c3)n2)cc1,no_valid_anchor_pair,,,,,,,,,,,,
JAK2_2113e5b7eb,O=c1[nH]ccc2c(Nc3c(F)cc(F)cc3F)nc3ccncc3c12,no_valid_anchor_pair,,,,,,,,,,,,
JAK2_81b37eaffc,C[C@H](Nc1cc(N(C)C)nc(-n2cnc3ccncc32)n1)c1ccccc1,no_valid_anchor_pair,,,,,,,,,,,,
JAK2_5e05d7987e,Cc1cnc2nc1-c1cccc(c1)COCC=CCOCc1cc(ccc1OCCN1CCCC1)N2,valid_output,18.0,31.0,9.0,3.0,12.0,0.67828,0.67828,0.60158,aza,Cc1cnc2nc1-c1cccc(c1)COCC=CC1CNCC3CCCN3CCOc3ccc(cc3CO1)N2,CAND_0477747a41,KEPQBRDSLCCNHT-UHFFFAOYSA-N
JAK2_5e05d7987e,Cc1cnc2nc1-c1cccc(c1)COCC=CCOCc1cc(ccc1OCCN1CCCC1)N2,valid_output,18.0,31.0,9.0,3.0,12.0,0.67828,0.67828,0.60158,oxa,Cc1cnc2nc1-c1cccc(c1)COCC=CC1COCC3CCCN3CCOc3ccc(cc3CO1)N2,CAND_d1609c77c8,BSKRRLLZXTZTAX-UHFFFAOYSA-N
JAK2_5e05d7987e,Cc1cnc2nc1-c1cccc(c1)COCC=CCOCc1cc(ccc1OCCN1CCCC1)N2,valid_output,18.0,31.0,9.0,3.0,12.0,0.67828,0.67828,0.60158,alkyl,Cc1cnc2nc1-c1cccc(c1)COCC=CC1CCCC3CCCN3CCOc3ccc(cc3CO1)N2,CAND_8f858f47ed,CCBIBKROEVREAL-UHFFFAOYSA-N
JAK2_5e05d7987e,Cc1cnc2nc1-c1cccc(c1)COCC=CCOCc1cc(ccc1OCCN1CCCC1)N2,valid_output,18.0,31.0,9.0,3.0,12.0,0.67828,0.67828,0.60158,thioether,Cc1cnc2nc1-c1cccc(c1)COCC=CC1CSCC3CCCN3CCOc3ccc(cc3CO1)N2,CAND_48065b112d,IGAAXDNVHNMOEE-UHFFFAOYSA-N
JAK2_5e05d7987e,Cc1cnc2nc1-c1cccc(c1)COCC=CCOCc1cc(ccc1OCCN1CCCC1)N2,duplicate_or_invalid_record,18.0,31.0,9.0,3.0,12.0,0.67828,0.67828,0.60158,oxa_aza,Cc1cnc2nc1-c1cccc(c1)COCC=CC1CCCC3CCCN3CCOc3ccc(cc3CO1)N2,,
JAK2_5e05d7987e,Cc1cnc2nc1-c1cccc(c1)COCC=CCOCc1cc(ccc1OCCN1CCCC1)N2,duplicate_or_invalid_record,18.0,34.0,9.0,3.0,12.0,0.67828,0.67828,0.60158,thioether,Cc1cnc2nc1-c1cccc(c1)COCC=CC1CSCC3CCCN3CCOc3ccc(cc3CO1)N2,,
JAK2_5e05d7987e,Cc1cnc2nc1-c1cccc(c1)COCC=CCOCc1cc(ccc1OCCN1CCCC1)N2,duplicate_or_invalid_record,18.0,34.0,9.0,3.0,12.0,0.67828,0.67828,0.60158,alkyl,Cc1cnc2nc1-c1cccc(c1)COCC=CC1CCCC3CCCN3CCOc3ccc(cc3CO1)N2,,
JAK2_5e05d7987e,Cc1cnc2nc1-c1cccc(c1)COCC=CCOCc1cc(ccc1OCCN1CCCC1)N2,duplicate_or_invalid_record,18.0,34.0,9.0,3.0,12.0,0.67828,0.67828,0.60158,oxa_aza,Cc1cnc2nc1-c1cccc(c1)COCC=CC1CCCC3CCCN3CCOc3ccc(cc3CO1)N2,,
JAK2_5e05d7987e,Cc1cnc2nc1-c1cccc(c1)COCC=CCOCc1cc(ccc1OCCN1CCCC1)N2,duplicate_or_invalid_record,18.0,34.0,9.0,3.0,12.0,0.67828,0.67828,0.60158,aza,Cc1cnc2nc1-c1cccc(c1)COCC=CC1CNCC3CCCN3CCOc3ccc(cc3CO1)N2,,
JAK2_5e05d7987e,Cc1cnc2nc1-c1cccc(c1)COCC=CCOCc1cc(ccc1OCCN1CCCC1)N2,duplicate_or_invalid_record,18.0,34.0,9.0,3.0,12.0,0.67828,0.67828,0.60158,oxa,Cc1cnc2nc1-c1cccc(c1)COCC=CC1COCC3CCCN3CCOc3ccc(cc3CO1)N2,,
JAK2_5e05d7987e,Cc1cnc2nc1-c1cccc(c1)COCC=CCOCc1cc(ccc1OCCN1CCCC1)N2,valid_output,18.0,32.0,10.0,3.0,13.0,0.67828,0.67828,0.563438,oxa,Cc1cnc2nc1-c1cccc(c1)COCC=CC1COCC3CCN(CCOc4ccc(cc4CO1)N2)C3,CAND_42b460a749,JSJJTSZRKSUMKS-UHFFFAOYSA-N
JAK2_5e05d7987e,Cc1cnc2nc1-c1cccc(c1)COCC=CCOCc1cc(ccc1OCCN1CCCC1)N2,valid_output,18.0,32.0,10.0,3.0,13.0,0.67828,0.67828,0.563438,oxa_aza,Cc1cnc2nc1-c1cccc(c1)COCC=CC1CCCC3CCN(CCOc4ccc(cc4CO1)N2)C3,CAND_49d7043bf2,YSTDTOFQBKEVRR-UHFFFAOYSA-N
JAK2_5e05d7987e,Cc1cnc2nc1-c1cccc(c1)COCC=CCOCc1cc(ccc1OCCN1CCCC1)N2,valid_output,18.0,32.0,10.0,3.0,13.0,0.67828,0.67828,0.563438,aza,Cc1cnc2nc1-c1cccc(c1)COCC=CC1CNCC3CCN(CCOc4ccc(cc4CO1)N2)C3,CAND_ec4854b606,RWSPVWRGEKRAAS-UHFFFAOYSA-N
JAK2_5e05d7987e,Cc1cnc2nc1-c1cccc(c1)COCC=CCOCc1cc(ccc1OCCN1CCCC1)N2,valid_output,18.0,32.0,10.0,3.0,13.0,0.67828,0.67828,0.563438,thioether,Cc1cnc2nc1-c1cccc(c1)COCC=CC1CSCC3CCN(CCOc4ccc(cc4CO1)N2)C3,CAND_3eedbc0d56,AJYNNHHZTOHXPK-UHFFFAOYSA-N
JAK2_5e05d7987e,Cc1cnc2nc1-c1cccc(c1)COCC=CCOCc1cc(ccc1OCCN1CCCC1)N2,duplicate_or_invalid_record,18.0,32.0,10.0,3.0,13.0,0.67828,0.67828,0.563438,alkyl,Cc1cnc2nc1-c1cccc(c1)COCC=CC1CCCC3CCN(CCOc4ccc(cc4CO1)N2)C3,,
JAK2_5e05d7987e,Cc1cnc2nc1-c1cccc(c1)COCC=CCOCc1cc(ccc1OCCN1CCCC1)N2,duplicate_or_invalid_record,18.0,33.0,10.0,3.0,13.0,0.67828,0.67828,0.563438,oxa,Cc1cnc2nc1-c1cccc(c1)COCC=CC1COCC3CCN(CCOc4ccc(cc4CO1)N2)C3,,
JAK2_5e05d7987e,Cc1cnc2nc1-c1cccc(c1)COCC=CCOCc1cc(ccc1OCCN1CCCC1)N2,duplicate_or_invalid_record,18.0,33.0,10.0,3.0,13.0,0.67828,0.67828,0.563438,aza,Cc1cnc2nc1-c1cccc(c1)COCC=CC1CNCC3CCN(CCOc4ccc(cc4CO1)N2)C3,,
JAK2_5e05d7987e,Cc1cnc2nc1-c1cccc(c1)COCC=CCOCc1cc(ccc1OCCN1CCCC1)N2,duplicate_or_invalid_record,18.0,33.0,10.0,3.0,13.0,0.67828,0.67828,0.563438,thioether,Cc1cnc2nc1-c1cccc(c1)COCC=CC1CSCC3CCN(CCOc4ccc(cc4CO1)N2)C3,,
JAK2_5e05d7987e,Cc1cnc2nc1-c1cccc(c1)COCC=CCOCc1cc(ccc1OCCN1CCCC1)N2,duplicate_or_invalid_record,18.0,33.0,10.0,3.0,13.0,0.67828,0.67828,0.563438,oxa_aza,Cc1cnc2nc1-c1cccc(c1)COCC=CC1CCCC3CCN(CCOc4ccc(cc4CO1)N2)C3,,
JAK2_5e05d7987e,Cc1cnc2nc1-c1cccc(c1)COCC=CCOCc1cc(ccc1OCCN1CCCC1)N2,duplicate_or_invalid_record,18.0,33.0,10.0,3.0,13.0,0.67828,0.67828,0.563438,alkyl,Cc1cnc2nc1-c1cccc(c1)COCC=CC1CCCC3CCN(CCOc4ccc(cc4CO1)N2)C3,,
JAK2_5e05d7987e,Cc1cnc2nc1-c1cccc(c1)COCC=CCOCc1cc(ccc1OCCN1CCCC1)N2,valid_output,31.0,17.0,10.0,3.0,13.0,0.67828,0.600099,0.563438,alkyl,Cc1cnc2nc1-c1cccc(c1)COCC=C1CCCC3CCCN3CCOc3ccc(cc3COC1)N2,CAND_6e7e0ee6d7,LZRDJBBIHSOYBR-UHFFFAOYSA-N
JAK2_5e05d7987e,Cc1cnc2nc1-c1cccc(c1)COCC=CCOCc1cc(ccc1OCCN1CCCC1)N2,valid_output,31.0,17.0,10.0,3.0,13.0,0.67828,0.600099,0.563438,aza,Cc1cnc2nc1-c1cccc(c1)COCC=C1CNCC3CCCN3CCOc3ccc(cc3COC1)N2,CAND_d905c29100,YZQDCHKDCNVASZ-UHFFFAOYSA-N
JAK2_5e05d7987e,Cc1cnc2nc1-c1cccc(c1)COCC=CCOCc1cc(ccc1OCCN1CCCC1)N2,duplicate_or_invalid_record,31.0,17.0,10.0,3.0,13.0,0.67828,0.600099,0.563438,oxa_aza,Cc1cnc2nc1-c1cccc(c1)COCC=C1CCCC3CCCN3CCOc3ccc(cc3COC1)N2,,
JAK2_5e05d7987e,Cc1cnc2nc1-c1cccc(c1)COCC=CCOCc1cc(ccc1OCCN1CCCC1)N2,valid_output,31.0,17.0,10.0,3.0,13.0,0.67828,0.600099,0.563438,thioether,Cc1cnc2nc1-c1cccc(c1)COCC=C1COCc3cc(ccc3OCCN3CCCC3CSC1)N2,CAND_e275a7e3ff,SRGJTJXFDGZNNS-UHFFFAOYSA-N
JAK2_5e05d7987e,Cc1cnc2nc1-c1cccc(c1)COCC=CCOCc1cc(ccc1OCCN1CCCC1)N2,valid_output,31.0,17.0,10.0,3.0,13.0,0.67828,0.600099,0.563438,oxa,Cc1cnc2nc1-c1cccc(c1)COCC=C1COCc3cc(ccc3OCCN3CCCC3COC1)N2,CAND_ce765fd66c,SIKJDUKNEZKELQ-UHFFFAOYSA-N
JAK2_3647a2142d,Cc1cc(-c2cnc3cccc(-c4ccc(CN5CCS(=O)(=O)CC5)cc4)c3n2)ccc1C(=O)N1CCN(C)CC1,filtered_non_macrocycle_or_basic_filters,18.0,35.0,17.0,3.0,20.0,0.67828,0.67828,0.680114,oxa_aza,Cc1cc2ccc1C(=O)N1CCN(C)CC1CCCC1CS(=O)(=O)CCN1Cc1ccc(cc1)-c1cccc3ncc-2nc13,,
JAK2_3647a2142d,Cc1cc(-c2cnc3cccc(-c4ccc(CN5CCS(=O)(=O)CC5)cc4)c3n2)ccc1C(=O)N1CCN(C)CC1,filtered_non_macrocycle_or_basic_filters,18.0,35.0,17.0,3.0,20.0,0.67828,0.67828,0.680114,aza,Cc1cc2ccc1C(=O)N1CCN(C)CC1CNCC1CS(=O)(=O)CCN1Cc1ccc(cc1)-c1cccc3ncc-2nc13,,
JAK2_3647a2142d,Cc1cc(-c2cnc3cccc(-c4ccc(CN5CCS(=O)(=O)CC5)cc4)c3n2)ccc1C(=O)N1CCN(C)CC1,filtered_non_macrocycle_or_basic_filters,18.0,35.0,17.0,3.0,20.0,0.67828,0.67828,0.680114,alkyl,Cc1cc2ccc1C(=O)N1CCN(C)CC1CCCC1CS(=O)(=O)CCN1Cc1ccc(cc1)-c1cccc3ncc-2nc13,,
JAK2_3647a2142d,Cc1cc(-c2cnc3cccc(-c4ccc(CN5CCS(=O)(=O)CC5)cc4)c3n2)ccc1C(=O)N1CCN(C)CC1,filtered_non_macrocycle_or_basic_filters,18.0,35.0,17.0,3.0,20.0,0.67828,0.67828,0.680114,thioether,Cc1cc2ccc1C(=O)N1CCN(C)CC1CSCC1CS(=O)(=O)CCN1Cc1ccc(cc1)-c1cccc3ncc-2nc13,,
JAK2_3647a2142d,Cc1cc(-c2cnc3cccc(-c4ccc(CN5CCS(=O)(=O)CC5)cc4)c3n2)ccc1C(=O)N1CCN(C)CC1,filtered_non_macrocycle_or_basic_filters,18.0,35.0,17.0,3.0,20.0,0.67828,0.67828,0.680114,oxa,Cc1cc2ccc1C(=O)N1CCN(C)CC1COCC1CS(=O)(=O)CCN1Cc1ccc(cc1)-c1cccc3ncc-2nc13,,
JAK2_3647a2142d,Cc1cc(-c2cnc3cccc(-c4ccc(CN5CCS(=O)(=O)CC5)cc4)c3n2)ccc1C(=O)N1CCN(C)CC1,filtered_non_macrocycle_or_basic_filters,18.0,40.0,17.0,3.0,20.0,0.67828,0.67828,0.680114,oxa_aza,Cc1cc2ccc1C(=O)N1CCN(C)CC1CCCC1CS(=O)(=O)CCN1Cc1ccc(cc1)-c1cccc3ncc-2nc13,,
JAK2_3647a2142d,Cc1cc(-c2cnc3cccc(-c4ccc(CN5CCS(=O)(=O)CC5)cc4)c3n2)ccc1C(=O)N1CCN(C)CC1,filtered_non_macrocycle_or_basic_filters,18.0,40.0,17.0,3.0,20.0,0.67828,0.67828,0.680114,aza,Cc1cc2ccc1C(=O)N1CCN(C)CC1CNCC1CS(=O)(=O)CCN1Cc1ccc(cc1)-c1cccc3ncc-2nc13,,
JAK2_3647a2142d,Cc1cc(-c2cnc3cccc(-c4ccc(CN5CCS(=O)(=O)CC5)cc4)c3n2)ccc1C(=O)N1CCN(C)CC1,filtered_non_macrocycle_or_basic_filters,18.0,40.0,17.0,3.0,20.0,0.67828,0.67828,0.680114,oxa,Cc1cc2ccc1C(=O)N1CCN(C)CC1COCC1CS(=O)(=O)CCN1Cc1ccc(cc1)-c1cccc3ncc-2nc13,,
JAK2_3647a2142d,Cc1cc(-c2cnc3cccc(-c4ccc(CN5CCS(=O)(=O)CC5)cc4)c3n2)ccc1C(=O)N1CCN(C)CC1,filtered_non_macrocycle_or_basic_filters,18.0,40.0,17.0,3.0,20.0,0.67828,0.67828,0.680114,alkyl,Cc1cc2ccc1C(=O)N1CCN(C)CC1CCCC1CS(=O)(=O)CCN1Cc1ccc(cc1)-c1cccc3ncc-2nc13,,
JAK2_3647a2142d,Cc1cc(-c2cnc3cccc(-c4ccc(CN5CCS(=O)(=O)CC5)cc4)c3n2)ccc1C(=O)N1CCN(C)CC1,filtered_non_macrocycle_or_basic_filters,18.0,40.0,17.0,3.0,20.0,0.67828,0.67828,0.680114,thioether,Cc1cc2ccc1C(=O)N1CCN(C)CC1CSCC1CS(=O)(=O)CCN1Cc1ccc(cc1)-c1cccc3ncc-2nc13,,
JAK2_3647a2142d,Cc1cc(-c2cnc3cccc(-c4ccc(CN5CCS(=O)(=O)CC5)cc4)c3n2)ccc1C(=O)N1CCN(C)CC1,filtered_non_macrocycle_or_basic_filters,24.0,35.0,17.0,3.0,20.0,0.67828,0.67828,0.680114,alkyl,Cc1cc2ccc1C(=O)N1CCN(C)CC1CCCC1CS(=O)(=O)CCN1Cc1ccc(cc1)-c1cccc3ncc-2nc13,,
JAK2_3647a2142d,Cc1cc(-c2cnc3cccc(-c4ccc(CN5CCS(=O)(=O)CC5)cc4)c3n2)ccc1C(=O)N1CCN(C)CC1,filtered_non_macrocycle_or_basic_filters,24.0,35.0,17.0,3.0,20.0,0.67828,0.67828,0.680114,oxa_aza,Cc1cc2ccc1C(=O)N1CCN(C)CC1CCCC1CS(=O)(=O)CCN1Cc1ccc(cc1)-c1cccc3ncc-2nc13,,
JAK2_3647a2142d,Cc1cc(-c2cnc3cccc(-c4ccc(CN5CCS(=O)(=O)CC5)cc4)c3n2)ccc1C(=O)N1CCN(C)CC1,filtered_non_macrocycle_or_basic_filters,24.0,35.0,17.0,3.0,20.0,0.67828,0.67828,0.680114,oxa,Cc1cc2ccc1C(=O)N1CCN(C)CC1COCC1CS(=O)(=O)CCN1Cc1ccc(cc1)-c1cccc3ncc-2nc13,,
JAK2_3647a2142d,Cc1cc(-c2cnc3cccc(-c4ccc(CN5CCS(=O)(=O)CC5)cc4)c3n2)ccc1C(=O)N1CCN(C)CC1,filtered_non_macrocycle_or_basic_filters,24.0,35.0,17.0,3.0,20.0,0.67828,0.67828,0.680114,aza,Cc1cc2ccc1C(=O)N1CCN(C)CC1CNCC1CS(=O)(=O)CCN1Cc1ccc(cc1)-c1cccc3ncc-2nc13,,
JAK2_3647a2142d,Cc1cc(-c2cnc3cccc(-c4ccc(CN5CCS(=O)(=O)CC5)cc4)c3n2)ccc1C(=O)N1CCN(C)CC1,filtered_non_macrocycle_or_basic_filters,24.0,35.0,17.0,3.0,20.0,0.67828,0.67828,0.680114,thioether,Cc1cc2ccc1C(=O)N1CCN(C)CC1CSCC1CS(=O)(=O)CCN1Cc1ccc(cc1)-c1cccc3ncc-2nc13,,
JAK2_3647a2142d,Cc1cc(-c2cnc3cccc(-c4ccc(CN5CCS(=O)(=O)CC5)cc4)c3n2)ccc1C(=O)N1CCN(C)CC1,filtered_non_macrocycle_or_basic_filters,24.0,40.0,17.0,3.0,20.0,0.67828,0.67828,0.680114,aza,Cc1cc2ccc1C(=O)N1CCN(C)CC1CNCC1CS(=O)(=O)CCN1Cc1ccc(cc1)-c1cccc3ncc-2nc13,,
JAK2_3647a2142d,Cc1cc(-c2cnc3cccc(-c4ccc(CN5CCS(=O)(=O)CC5)cc4)c3n2)ccc1C(=O)N1CCN(C)CC1,filtered_non_macrocycle_or_basic_filters,24.0,40.0,17.0,3.0,20.0,0.67828,0.67828,0.680114,alkyl,Cc1cc2ccc1C(=O)N1CCN(C)CC1CCCC1CS(=O)(=O)CCN1Cc1ccc(cc1)-c1cccc3ncc-2nc13,,
JAK2_3647a2142d,Cc1cc(-c2cnc3cccc(-c4ccc(CN5CCS(=O)(=O)CC5)cc4)c3n2)ccc1C(=O)N1CCN(C)CC1,filtered_non_macrocycle_or_basic_filters,24.0,40.0,17.0,3.0,20.0,0.67828,0.67828,0.680114,thioether,Cc1cc2ccc1C(=O)N1CCN(C)CC1CSCC1CS(=O)(=O)CCN1Cc1ccc(cc1)-c1cccc3ncc-2nc13,,
JAK2_3647a2142d,Cc1cc(-c2cnc3cccc(-c4ccc(CN5CCS(=O)(=O)CC5)cc4)c3n2)ccc1C(=O)N1CCN(C)CC1,filtered_non_macrocycle_or_basic_filters,24.0,40.0,17.0,3.0,20.0,0.67828,0.67828,0.680114,oxa_aza,Cc1cc2ccc1C(=O)N1CCN(C)CC1CCCC1CS(=O)(=O)CCN1Cc1ccc(cc1)-c1cccc3ncc-2nc13,,
JAK2_3647a2142d,Cc1cc(-c2cnc3cccc(-c4ccc(CN5CCS(=O)(=O)CC5)cc4)c3n2)ccc1C(=O)N1CCN(C)CC1,filtered_non_macrocycle_or_basic_filters,24.0,40.0,17.0,3.0,20.0,0.67828,0.67828,0.680114,oxa,Cc1cc2ccc1C(=O)N1CCN(C)CC1COCC1CS(=O)(=O)CCN1Cc1ccc(cc1)-c1cccc3ncc-2nc13,,
JAK2_2dc2722230,Fc1cc(-c2cccc3ncc(-c4cnn(C5CCNCC5)c4)nc23)cc(F)c1CN1CCOCC1,valid_output,16.0,31.0,14.0,3.0,17.0,0.821771,0.67828,0.539139,thioether,Fc1cc2cc(F)c1CN1CCOCC1CSCC1(CCNCC1)n1cc(cn1)-c1cnc3cccc-2c3n1,CAND_9f32e71b10,XOGPNLWCYTULDB-UHFFFAOYSA-N
JAK2_2dc2722230,Fc1cc(-c2cccc3ncc(-c4cnn(C5CCNCC5)c4)nc23)cc(F)c1CN1CCOCC1,valid_output,16.0,31.0,14.0,3.0,17.0,0.821771,0.67828,0.539139,oxa,Fc1cc2cc(F)c1CN1CCOCC1COCC1(CCNCC1)n1cc(cn1)-c1cnc3cccc-2c3n1,CAND_c32c4f2b09,IHUURJAMUAUACN-UHFFFAOYSA-N
JAK2_2dc2722230,Fc1cc(-c2cccc3ncc(-c4cnn(C5CCNCC5)c4)nc23)cc(F)c1CN1CCOCC1,valid_output,16.0,31.0,14.0,3.0,17.0,0.821771,0.67828,0.539139,aza,Fc1cc2cc(F)c1CN1CCOCC1CNCC1(CCNCC1)n1cc(cn1)-c1cnc3cccc-2c3n1,CAND_3b164e0480,BFRBRWWDNZLFGY-UHFFFAOYSA-N
JAK2_2dc2722230,Fc1cc(-c2cccc3ncc(-c4cnn(C5CCNCC5)c4)nc23)cc(F)c1CN1CCOCC1,valid_output,16.0,31.0,14.0,3.0,17.0,0.821771,0.67828,0.539139,oxa_aza,Fc1cc2cc(F)c1CN1CCOCC1CCCC1(CCNCC1)n1cc(cn1)-c1cnc3cccc-2c3n1,CAND_5152217faa,NCEUIZMIJXOARZ-UHFFFAOYSA-N
JAK2_2dc2722230,Fc1cc(-c2cccc3ncc(-c4cnn(C5CCNCC5)c4)nc23)cc(F)c1CN1CCOCC1,duplicate_or_invalid_record,16.0,31.0,14.0,3.0,17.0,0.821771,0.67828,0.539139,alkyl,Fc1cc2cc(F)c1CN1CCOCC1CCCC1(CCNCC1)n1cc(cn1)-c1cnc3cccc-2c3n1,,
JAK2_2dc2722230,Fc1cc(-c2cccc3ncc(-c4cnn(C5CCNCC5)c4)nc23)cc(F)c1CN1CCOCC1,duplicate_or_invalid_record,16.0,35.0,14.0,3.0,17.0,0.821771,0.67828,0.539139,thioether,Fc1cc2cc(F)c1CN1CCOCC1CSCC1(CCNCC1)n1cc(cn1)-c1cnc3cccc-2c3n1,,
JAK2_2dc2722230,Fc1cc(-c2cccc3ncc(-c4cnn(C5CCNCC5)c4)nc23)cc(F)c1CN1CCOCC1,duplicate_or_invalid_record,16.0,35.0,14.0,3.0,17.0,0.821771,0.67828,0.539139,oxa,Fc1cc2cc(F)c1CN1CCOCC1COCC1(CCNCC1)n1cc(cn1)-c1cnc3cccc-2c3n1,,
JAK2_2dc2722230,Fc1cc(-c2cccc3ncc(-c4cnn(C5CCNCC5)c4)nc23)cc(F)c1CN1CCOCC1,duplicate_or_invalid_record,16.0,35.0,14.0,3.0,17.0,0.821771,0.67828,0.539139,aza,Fc1cc2cc(F)c1CN1CCOCC1CNCC1(CCNCC1)n1cc(cn1)-c1cnc3cccc-2c3n1,,
JAK2_2dc2722230,Fc1cc(-c2cccc3ncc(-c4cnn(C5CCNCC5)c4)nc23)cc(F)c1CN1CCOCC1,duplicate_or_invalid_record,16.0,35.0,14.0,3.0,17.0,0.821771,0.67828,0.539139,oxa_aza,Fc1cc2cc(F)c1CN1CCOCC1CCCC1(CCNCC1)n1cc(cn1)-c1cnc3cccc-2c3n1,,
JAK2_2dc2722230,Fc1cc(-c2cccc3ncc(-c4cnn(C5CCNCC5)c4)nc23)cc(F)c1CN1CCOCC1,duplicate_or_invalid_record,16.0,35.0,14.0,3.0,17.0,0.821771,0.67828,0.539139,alkyl,Fc1cc2cc(F)c1CN1CCOCC1CCCC1(CCNCC1)n1cc(cn1)-c1cnc3cccc-2c3n1,,
JAK2_2dc2722230,Fc1cc(-c2cccc3ncc(-c4cnn(C5CCNCC5)c4)nc23)cc(F)c1CN1CCOCC1,valid_output,16.0,32.0,15.0,3.0,18.0,0.821771,0.67828,0.495951,thioether,Fc1cc2cc(F)c1CN1CCOC(CSCC3(CCNCC3)n3cc(cn3)-c3cnc4cccc-2c4n3)C1,CAND_c5284988bc,UMDQZSGINFDZSR-UHFFFAOYSA-N
JAK2_2dc2722230,Fc1cc(-c2cccc3ncc(-c4cnn(C5CCNCC5)c4)nc23)cc(F)c1CN1CCOCC1,valid_output,16.0,32.0,15.0,3.0,18.0,0.821771,0.67828,0.495951,aza,Fc1cc2cc(F)c1CN1CCOC(CNCC3(CCNCC3)n3cc(cn3)-c3cnc4cccc-2c4n3)C1,CAND_1675c88065,SOTCITIOJRKMGI-UHFFFAOYSA-N
JAK2_2dc2722230,Fc1cc(-c2cccc3ncc(-c4cnn(C5CCNCC5)c4)nc23)cc(F)c1CN1CCOCC1,valid_output,16.0,32.0,15.0,3.0,18.0,0.821771,0.67828,0.495951,alkyl,Fc1cc2cc(F)c1CN1CCOC(CCCC3(CCNCC3)n3cc(cn3)-c3cnc4cccc-2c4n3)C1,CAND_13947fed1a,XIUADRFISTYXLR-UHFFFAOYSA-N
JAK2_2dc2722230,Fc1cc(-c2cccc3ncc(-c4cnn(C5CCNCC5)c4)nc23)cc(F)c1CN1CCOCC1,valid_output,16.0,32.0,15.0,3.0,18.0,0.821771,0.67828,0.495951,oxa,Fc1cc2cc(F)c1CN1CCOC(COCC3(CCNCC3)n3cc(cn3)-c3cnc4cccc-2c4n3)C1,CAND_d26b3db662,FWHUWWMHDRQXRG-UHFFFAOYSA-N
JAK2_2dc2722230,Fc1cc(-c2cccc3ncc(-c4cnn(C5CCNCC5)c4)nc23)cc(F)c1CN1CCOCC1,duplicate_or_invalid_record,16.0,32.0,15.0,3.0,18.0,0.821771,0.67828,0.495951,oxa_aza,Fc1cc2cc(F)c1CN1CCOC(CCCC3(CCNCC3)n3cc(cn3)-c3cnc4cccc-2c4n3)C1,,
JAK2_2dc2722230,Fc1cc(-c2cccc3ncc(-c4cnn(C5CCNCC5)c4)nc23)cc(F)c1CN1CCOCC1,duplicate_or_invalid_record,16.0,34.0,15.0,3.0,18.0,0.821771,0.67828,0.495951,oxa_aza,Fc1cc2cc(F)c1CN1CCOC(CCCC3(CCNCC3)n3cc(cn3)-c3cnc4cccc-2c4n3)C1,,
JAK2_2dc2722230,Fc1cc(-c2cccc3ncc(-c4cnn(C5CCNCC5)c4)nc23)cc(F)c1CN1CCOCC1,duplicate_or_invalid_record,16.0,34.0,15.0,3.0,18.0,0.821771,0.67828,0.495951,thioether,Fc1cc2cc(F)c1CN1CCOC(CSCC3(CCNCC3)n3cc(cn3)-c3cnc4cccc-2c4n3)C1,,
JAK2_2dc2722230,Fc1cc(-c2cccc3ncc(-c4cnn(C5CCNCC5)c4)nc23)cc(F)c1CN1CCOCC1,duplicate_or_invalid_record,16.0,34.0,15.0,3.0,18.0,0.821771,0.67828,0.495951,aza,Fc1cc2cc(F)c1CN1CCOC(CNCC3(CCNCC3)n3cc(cn3)-c3cnc4cccc-2c4n3)C1,,
JAK2_2dc2722230,Fc1cc(-c2cccc3ncc(-c4cnn(C5CCNCC5)c4)nc23)cc(F)c1CN1CCOCC1,duplicate_or_invalid_record,16.0,34.0,15.0,3.0,18.0,0.821771,0.67828,0.495951,alkyl,Fc1cc2cc(F)c1CN1CCOC(CCCC3(CCNCC3)n3cc(cn3)-c3cnc4cccc-2c4n3)C1,,
JAK2_2dc2722230,Fc1cc(-c2cccc3ncc(-c4cnn(C5CCNCC5)c4)nc23)cc(F)c1CN1CCOCC1,duplicate_or_invalid_record,16.0,34.0,15.0,3.0,18.0,0.821771,0.67828,0.495951,oxa,Fc1cc2cc(F)c1CN1CCOC(COCC3(CCNCC3)n3cc(cn3)-c3cnc4cccc-2c4n3)C1,,
JAK2_2dc2722230,Fc1cc(-c2cccc3ncc(-c4cnn(C5CCNCC5)c4)nc23)cc(F)c1CN1CCOCC1,valid_output,17.0,31.0,15.0,3.0,18.0,0.67828,0.67828,0.495951,oxa_aza,Fc1cc2cc(F)c1CN1CCOCC1CCCC1CNCCC1n1cc(cn1)-c1cnc3cccc-2c3n1,CAND_598172bd63,UCSDEFGUMXHZAX-UHFFFAOYSA-N
JAK2_2dc2722230,Fc1cc(-c2cccc3ncc(-c4cnn(C5CCNCC5)c4)nc23)cc(F)c1CN1CCOCC1,valid_output,17.0,31.0,15.0,3.0,18.0,0.67828,0.67828,0.495951,aza,Fc1cc2cc(F)c1CN1CCOCC1CNCC1CNCCC1n1cc(cn1)-c1cnc3cccc-2c3n1,CAND_d3037c6bbb,LPYRODOGMAJHRM-UHFFFAOYSA-N
JAK2_2dc2722230,Fc1cc(-c2cccc3ncc(-c4cnn(C5CCNCC5)c4)nc23)cc(F)c1CN1CCOCC1,duplicate_or_invalid_record,17.0,31.0,15.0,3.0,18.0,0.67828,0.67828,0.495951,alkyl,Fc1cc2cc(F)c1CN1CCOCC1CCCC1CNCCC1n1cc(cn1)-c1cnc3cccc-2c3n1,,
JAK2_2dc2722230,Fc1cc(-c2cccc3ncc(-c4cnn(C5CCNCC5)c4)nc23)cc(F)c1CN1CCOCC1,valid_output,17.0,31.0,15.0,3.0,18.0,0.67828,0.67828,0.495951,thioether,Fc1cc2cc(F)c1CN1CCOCC1CSCC1CNCCC1n1cc(cn1)-c1cnc3cccc-2c3n1,CAND_f01d409d4a,ITDKIPHIFDPKIE-UHFFFAOYSA-N
JAK2_2dc2722230,Fc1cc(-c2cccc3ncc(-c4cnn(C5CCNCC5)c4)nc23)cc(F)c1CN1CCOCC1,valid_output,17.0,31.0,15.0,3.0,18.0,0.67828,0.67828,0.495951,oxa,Fc1cc2cc(F)c1CN1CCOCC1COCC1CNCCC1n1cc(cn1)-c1cnc3cccc-2c3n1,CAND_5580e1eed5,UUPFRPQGCFAVPS-UHFFFAOYSA-N
JAK2_1ca43c17b9,Cc1cc(Nc2nc(N3CCN(C(=O)c4ccccc4Cl)CC3)nn3cccc23)n[nH]1,no_valid_anchor_pair,,,,,,,,,,,,
JAK2_522c241c10,C1=C/COCc2cc(ccc2OCCN2CCCC2)Nc2nccc(n2)-c2ccc(s2)COC/1,valid_output,2.0,15.0,9.0,3.0,12.0,0.67828,0.67828,0.494191,oxa,C1=C/C2COCC3CCCN3CCOc3ccc(cc3CO2)Nc2nccc(n2)-c2ccc(s2)COC/1,CAND_de00993420,ZJCOUNTXRWNCHU-DUXPYHPUSA-N
JAK2_522c241c10,C1=C/COCc2cc(ccc2OCCN2CCCC2)Nc2nccc(n2)-c2ccc(s2)COC/1,valid_output,2.0,15.0,9.0,3.0,12.0,0.67828,0.67828,0.494191,thioether,C1=C/C2CSCC3CCCN3CCOc3ccc(cc3CO2)Nc2nccc(n2)-c2ccc(s2)COC/1,CAND_2d24927177,SLCDUFWCOUVMPZ-DUXPYHPUSA-N
JAK2_522c241c10,C1=C/COCc2cc(ccc2OCCN2CCCC2)Nc2nccc(n2)-c2ccc(s2)COC/1,valid_output,2.0,15.0,9.0,3.0,12.0,0.67828,0.67828,0.494191,aza,C1=C/C2CNCC3CCCN3CCOc3ccc(cc3CO2)Nc2nccc(n2)-c2ccc(s2)COC/1,CAND_b7e749a45e,JTVAXVOAMCCILC-DUXPYHPUSA-N
JAK2_522c241c10,C1=C/COCc2cc(ccc2OCCN2CCCC2)Nc2nccc(n2)-c2ccc(s2)COC/1,valid_output,2.0,15.0,9.0,3.0,12.0,0.67828,0.67828,0.494191,alkyl,C1=C/C2CCCC3CCCN3CCOc3ccc(cc3CO2)Nc2nccc(n2)-c2ccc(s2)COC/1,CAND_395f2117dd,IEFGVPMUDYPCNP-XVNBXDOJSA-N
JAK2_522c241c10,C1=C/COCc2cc(ccc2OCCN2CCCC2)Nc2nccc(n2)-c2ccc(s2)COC/1,duplicate_or_invalid_record,2.0,15.0,9.0,3.0,12.0,0.67828,0.67828,0.494191,oxa_aza,C1=C/C2CCCC3CCCN3CCOc3ccc(cc3CO2)Nc2nccc(n2)-c2ccc(s2)COC/1,,
JAK2_522c241c10,C1=C/COCc2cc(ccc2OCCN2CCCC2)Nc2nccc(n2)-c2ccc(s2)COC/1,duplicate_or_invalid_record,2.0,18.0,9.0,3.0,12.0,0.67828,0.67828,0.494191,oxa_aza,C1=C/C2CCCC3CCCN3CCOc3ccc(cc3CO2)Nc2nccc(n2)-c2ccc(s2)COC/1,,
JAK2_522c241c10,C1=C/COCc2cc(ccc2OCCN2CCCC2)Nc2nccc(n2)-c2ccc(s2)COC/1,duplicate_or_invalid_record,2.0,18.0,9.0,3.0,12.0,0.67828,0.67828,0.494191,alkyl,C1=C/C2CCCC3CCCN3CCOc3ccc(cc3CO2)Nc2nccc(n2)-c2ccc(s2)COC/1,,
JAK2_522c241c10,C1=C/COCc2cc(ccc2OCCN2CCCC2)Nc2nccc(n2)-c2ccc(s2)COC/1,duplicate_or_invalid_record,2.0,18.0,9.0,3.0,12.0,0.67828,0.67828,0.494191,oxa,C1=C/C2COCC3CCCN3CCOc3ccc(cc3CO2)Nc2nccc(n2)-c2ccc(s2)COC/1,,
JAK2_522c241c10,C1=C/COCc2cc(ccc2OCCN2CCCC2)Nc2nccc(n2)-c2ccc(s2)COC/1,duplicate_or_invalid_record,2.0,18.0,9.0,3.0,12.0,0.67828,0.67828,0.494191,aza,C1=C/C2CNCC3CCCN3CCOc3ccc(cc3CO2)Nc2nccc(n2)-c2ccc(s2)COC/1,,
JAK2_522c241c10,C1=C/COCc2cc(ccc2OCCN2CCCC2)Nc2nccc(n2)-c2ccc(s2)COC/1,duplicate_or_invalid_record,2.0,18.0,9.0,3.0,12.0,0.67828,0.67828,0.494191,thioether,C1=C/C2CSCC3CCCN3CCOc3ccc(cc3CO2)Nc2nccc(n2)-c2ccc(s2)COC/1,,
JAK2_522c241c10,C1=C/COCc2cc(ccc2OCCN2CCCC2)Nc2nccc(n2)-c2ccc(s2)COC/1,valid_output,2.0,16.0,10.0,3.0,13.0,0.67828,0.67828,0.45496,alkyl,C1=C/C2CCCC3CCN(CCOc4ccc(cc4CO2)Nc2nccc(n2)-c2ccc(s2)COC/1)C3,CAND_691cb2b9db,FEFRUVXFEGSRKM-GORDUTHDSA-N
JAK2_522c241c10,C1=C/COCc2cc(ccc2OCCN2CCCC2)Nc2nccc(n2)-c2ccc(s2)COC/1,duplicate_or_invalid_record,2.0,16.0,10.0,3.0,13.0,0.67828,0.67828,0.45496,oxa_aza,C1=C/C2CCCC3CCN(CCOc4ccc(cc4CO2)Nc2nccc(n2)-c2ccc(s2)COC/1)C3,,
JAK2_522c241c10,C1=C/COCc2cc(ccc2OCCN2CCCC2)Nc2nccc(n2)-c2ccc(s2)COC/1,valid_output,2.0,16.0,10.0,3.0,13.0,0.67828,0.67828,0.45496,thioether,C1=C/C2CSCC3CCN(CCOc4ccc(cc4CO2)Nc2nccc(n2)-c2ccc(s2)COC/1)C3,CAND_a4c106e7fd,SOOPSRCMLVWIND-OWOJBTEDSA-N
JAK2_522c241c10,C1=C/COCc2cc(ccc2OCCN2CCCC2)Nc2nccc(n2)-c2ccc(s2)COC/1,valid_output,2.0,16.0,10.0,3.0,13.0,0.67828,0.67828,0.45496,oxa,C1=C/C2COCC3CCN(CCOc4ccc(cc4CO2)Nc2nccc(n2)-c2ccc(s2)COC/1)C3,CAND_0a6d8338b5,JRGWRHRAJGLAAZ-OWOJBTEDSA-N
JAK2_522c241c10,C1=C/COCc2cc(ccc2OCCN2CCCC2)Nc2nccc(n2)-c2ccc(s2)COC/1,valid_output,2.0,16.0,10.0,3.0,13.0,0.67828,0.67828,0.45496,aza,C1=C/C2CNCC3CCN(CCOc4ccc(cc4CO2)Nc2nccc(n2)-c2ccc(s2)COC/1)C3,CAND_dd986f82f3,GCEPDZFQNITDGR-OWOJBTEDSA-N
JAK2_522c241c10,C1=C/COCc2cc(ccc2OCCN2CCCC2)Nc2nccc(n2)-c2ccc(s2)COC/1,duplicate_or_invalid_record,2.0,17.0,10.0,3.0,13.0,0.67828,0.67828,0.45496,alkyl,C1=C/C2CCCC3CCN(CCOc4ccc(cc4CO2)Nc2nccc(n2)-c2ccc(s2)COC/1)C3,,
JAK2_522c241c10,C1=C/COCc2cc(ccc2OCCN2CCCC2)Nc2nccc(n2)-c2ccc(s2)COC/1,duplicate_or_invalid_record,2.0,17.0,10.0,3.0,13.0,0.67828,0.67828,0.45496,thioether,C1=C/C2CSCC3CCN(CCOc4ccc(cc4CO2)Nc2nccc(n2)-c2ccc(s2)COC/1)C3,,
JAK2_522c241c10,C1=C/COCc2cc(ccc2OCCN2CCCC2)Nc2nccc(n2)-c2ccc(s2)COC/1,duplicate_or_invalid_record,2.0,17.0,10.0,3.0,13.0,0.67828,0.67828,0.45496,oxa_aza,C1=C/C2CCCC3CCN(CCOc4ccc(cc4CO2)Nc2nccc(n2)-c2ccc(s2)COC/1)C3,,
JAK2_522c241c10,C1=C/COCc2cc(ccc2OCCN2CCCC2)Nc2nccc(n2)-c2ccc(s2)COC/1,duplicate_or_invalid_record,2.0,17.0,10.0,3.0,13.0,0.67828,0.67828,0.45496,aza,C1=C/C2CNCC3CCN(CCOc4ccc(cc4CO2)Nc2nccc(n2)-c2ccc(s2)COC/1)C3,,
JAK2_522c241c10,C1=C/COCc2cc(ccc2OCCN2CCCC2)Nc2nccc(n2)-c2ccc(s2)COC/1,duplicate_or_invalid_record,2.0,17.0,10.0,3.0,13.0,0.67828,0.67828,0.45496,oxa,C1=C/C2COCC3CCN(CCOc4ccc(cc4CO2)Nc2nccc(n2)-c2ccc(s2)COC/1)C3,,
JAK2_522c241c10,C1=C/COCc2cc(ccc2OCCN2CCCC2)Nc2nccc(n2)-c2ccc(s2)COC/1,valid_output,15.0,1.0,10.0,3.0,13.0,0.67828,0.600099,0.45496,aza,C1=C2\CNCC3CCCN3CCOc3ccc(cc3COC2)Nc2nccc(n2)-c2ccc(s2)COC/1,CAND_206c165320,QYOFYWOOYFUVBS-DNTJNYDQSA-N
JAK2_522c241c10,C1=C/COCc2cc(ccc2OCCN2CCCC2)Nc2nccc(n2)-c2ccc(s2)COC/1,valid_output,15.0,1.0,10.0,3.0,13.0,0.67828,0.600099,0.45496,thioether,C1=C2/COCc3cc(ccc3OCCN3CCCC3CSC2)Nc2nccc(n2)-c2ccc(s2)COC/1,CAND_ed05fcd36e,FQBYPASYAZGICA-ZBKNUEDVSA-N
JAK2_522c241c10,C1=C/COCc2cc(ccc2OCCN2CCCC2)Nc2nccc(n2)-c2ccc(s2)COC/1,valid_output,15.0,1.0,10.0,3.0,13.0,0.67828,0.600099,0.45496,oxa,C1=C2/COCc3cc(ccc3OCCN3CCCC3COC2)Nc2nccc(n2)-c2ccc(s2)COC/1,CAND_72609efe2c,JXBJDMGUBWPEMC-ZBKNUEDVSA-N
JAK2_522c241c10,C1=C/COCc2cc(ccc2OCCN2CCCC2)Nc2nccc(n2)-c2ccc(s2)COC/1,valid_output,15.0,1.0,10.0,3.0,13.0,0.67828,0.600099,0.45496,oxa_aza,C1=C2\CCCC3CCCN3CCOc3ccc(cc3COC2)Nc2nccc(n2)-c2ccc(s2)COC/1,CAND_11be2ba7cd,INFVSFQAZWZRHB-SRZZPIQSSA-N
JAK2_2b858ec493,CC(C)(O)COCc1cccc(Nc2sc(-c3c(F)cc(C(C)(C)O)cc3F)cc2C(N)=O)n1,no_valid_anchor_pair,,,,,,,,,,,,
JAK2_c4f254cc9f,Nc1nn2cccnc2c1-c1cc(OCc2ccc(F)cc2)ncn1,no_valid_anchor_pair,,,,,,,,,,,,
JAK2_8953307114,Cc1cc(-c2cccc3nc(Nc4ccc(N5CCN(C)CC5)cc4)oc23)ccc1C(=O)N1CCOCC1,filtered_non_macrocycle_or_basic_filters,17.0,33.0,17.0,3.0,20.0,0.67828,0.67828,0.503836,oxa_aza,Cc1cc2ccc1C(=O)N1CCOCC1CCCC1CN(C)CCN1c1ccc(cc1)Nc1nc3cccc-2c3o1,,
JAK2_8953307114,Cc1cc(-c2cccc3nc(Nc4ccc(N5CCN(C)CC5)cc4)oc23)ccc1C(=O)N1CCOCC1,filtered_non_macrocycle_or_basic_filters,17.0,33.0,17.0,3.0,20.0,0.67828,0.67828,0.503836,thioether,Cc1cc2ccc1C(=O)N1CCOCC1CSCC1CN(C)CCN1c1ccc(cc1)Nc1nc3cccc-2c3o1,,
JAK2_8953307114,Cc1cc(-c2cccc3nc(Nc4ccc(N5CCN(C)CC5)cc4)oc23)ccc1C(=O)N1CCOCC1,filtered_non_macrocycle_or_basic_filters,17.0,33.0,17.0,3.0,20.0,0.67828,0.67828,0.503836,aza,Cc1cc2ccc1C(=O)N1CCOCC1CNCC1CN(C)CCN1c1ccc(cc1)Nc1nc3cccc-2c3o1,,
JAK2_8953307114,Cc1cc(-c2cccc3nc(Nc4ccc(N5CCN(C)CC5)cc4)oc23)ccc1C(=O)N1CCOCC1,filtered_non_macrocycle_or_basic_filters,17.0,33.0,17.0,3.0,20.0,0.67828,0.67828,0.503836,oxa,Cc1cc2ccc1C(=O)N1CCOCC1COCC1CN(C)CCN1c1ccc(cc1)Nc1nc3cccc-2c3o1,,
JAK2_8953307114,Cc1cc(-c2cccc3nc(Nc4ccc(N5CCN(C)CC5)cc4)oc23)ccc1C(=O)N1CCOCC1,filtered_non_macrocycle_or_basic_filters,17.0,33.0,17.0,3.0,20.0,0.67828,0.67828,0.503836,alkyl,Cc1cc2ccc1C(=O)N1CCOCC1CCCC1CN(C)CCN1c1ccc(cc1)Nc1nc3cccc-2c3o1,,
JAK2_8953307114,Cc1cc(-c2cccc3nc(Nc4ccc(N5CCN(C)CC5)cc4)oc23)ccc1C(=O)N1CCOCC1,filtered_non_macrocycle_or_basic_filters,17.0,37.0,17.0,3.0,20.0,0.67828,0.67828,0.503836,oxa_aza,Cc1cc2ccc1C(=O)N1CCOCC1CCCC1CN(C)CCN1c1ccc(cc1)Nc1nc3cccc-2c3o1,,
JAK2_8953307114,Cc1cc(-c2cccc3nc(Nc4ccc(N5CCN(C)CC5)cc4)oc23)ccc1C(=O)N1CCOCC1,filtered_non_macrocycle_or_basic_filters,17.0,37.0,17.0,3.0,20.0,0.67828,0.67828,0.503836,thioether,Cc1cc2ccc1C(=O)N1CCOCC1CSCC1CN(C)CCN1c1ccc(cc1)Nc1nc3cccc-2c3o1,,
JAK2_8953307114,Cc1cc(-c2cccc3nc(Nc4ccc(N5CCN(C)CC5)cc4)oc23)ccc1C(=O)N1CCOCC1,filtered_non_macrocycle_or_basic_filters,17.0,37.0,17.0,3.0,20.0,0.67828,0.67828,0.503836,alkyl,Cc1cc2ccc1C(=O)N1CCOCC1CCCC1CN(C)CCN1c1ccc(cc1)Nc1nc3cccc-2c3o1,,
JAK2_8953307114,Cc1cc(-c2cccc3nc(Nc4ccc(N5CCN(C)CC5)cc4)oc23)ccc1C(=O)N1CCOCC1,filtered_non_macrocycle_or_basic_filters,17.0,37.0,17.0,3.0,20.0,0.67828,0.67828,0.503836,aza,Cc1cc2ccc1C(=O)N1CCOCC1CNCC1CN(C)CCN1c1ccc(cc1)Nc1nc3cccc-2c3o1,,
JAK2_8953307114,Cc1cc(-c2cccc3nc(Nc4ccc(N5CCN(C)CC5)cc4)oc23)ccc1C(=O)N1CCOCC1,filtered_non_macrocycle_or_basic_filters,17.0,37.0,17.0,3.0,20.0,0.67828,0.67828,0.503836,oxa,Cc1cc2ccc1C(=O)N1CCOCC1COCC1CN(C)CCN1c1ccc(cc1)Nc1nc3cccc-2c3o1,,
JAK2_8953307114,Cc1cc(-c2cccc3nc(Nc4ccc(N5CCN(C)CC5)cc4)oc23)ccc1C(=O)N1CCOCC1,filtered_non_macrocycle_or_basic_filters,22.0,33.0,17.0,3.0,20.0,0.67828,0.67828,0.503836,thioether,Cc1cc2ccc1C(=O)N1CCOCC1CSCC1CN(C)CCN1c1ccc(cc1)Nc1nc3cccc-2c3o1,,
JAK2_8953307114,Cc1cc(-c2cccc3nc(Nc4ccc(N5CCN(C)CC5)cc4)oc23)ccc1C(=O)N1CCOCC1,filtered_non_macrocycle_or_basic_filters,22.0,33.0,17.0,3.0,20.0,0.67828,0.67828,0.503836,oxa,Cc1cc2ccc1C(=O)N1CCOCC1COCC1CN(C)CCN1c1ccc(cc1)Nc1nc3cccc-2c3o1,,
JAK2_8953307114,Cc1cc(-c2cccc3nc(Nc4ccc(N5CCN(C)CC5)cc4)oc23)ccc1C(=O)N1CCOCC1,filtered_non_macrocycle_or_basic_filters,22.0,33.0,17.0,3.0,20.0,0.67828,0.67828,0.503836,alkyl,Cc1cc2ccc1C(=O)N1CCOCC1CCCC1CN(C)CCN1c1ccc(cc1)Nc1nc3cccc-2c3o1,,
JAK2_8953307114,Cc1cc(-c2cccc3nc(Nc4ccc(N5CCN(C)CC5)cc4)oc23)ccc1C(=O)N1CCOCC1,filtered_non_macrocycle_or_basic_filters,22.0,33.0,17.0,3.0,20.0,0.67828,0.67828,0.503836,oxa_aza,Cc1cc2ccc1C(=O)N1CCOCC1CCCC1CN(C)CCN1c1ccc(cc1)Nc1nc3cccc-2c3o1,,
JAK2_8953307114,Cc1cc(-c2cccc3nc(Nc4ccc(N5CCN(C)CC5)cc4)oc23)ccc1C(=O)N1CCOCC1,filtered_non_macrocycle_or_basic_filters,22.0,33.0,17.0,3.0,20.0,0.67828,0.67828,0.503836,aza,Cc1cc2ccc1C(=O)N1CCOCC1CNCC1CN(C)CCN1c1ccc(cc1)Nc1nc3cccc-2c3o1,,
JAK2_8953307114,Cc1cc(-c2cccc3nc(Nc4ccc(N5CCN(C)CC5)cc4)oc23)ccc1C(=O)N1CCOCC1,filtered_non_macrocycle_or_basic_filters,22.0,37.0,17.0,3.0,20.0,0.67828,0.67828,0.503836,oxa,Cc1cc2ccc1C(=O)N1CCOCC1COCC1CN(C)CCN1c1ccc(cc1)Nc1nc3cccc-2c3o1,,
JAK2_8953307114,Cc1cc(-c2cccc3nc(Nc4ccc(N5CCN(C)CC5)cc4)oc23)ccc1C(=O)N1CCOCC1,filtered_non_macrocycle_or_basic_filters,22.0,37.0,17.0,3.0,20.0,0.67828,0.67828,0.503836,alkyl,Cc1cc2ccc1C(=O)N1CCOCC1CCCC1CN(C)CCN1c1ccc(cc1)Nc1nc3cccc-2c3o1,,
JAK2_8953307114,Cc1cc(-c2cccc3nc(Nc4ccc(N5CCN(C)CC5)cc4)oc23)ccc1C(=O)N1CCOCC1,filtered_non_macrocycle_or_basic_filters,22.0,37.0,17.0,3.0,20.0,0.67828,0.67828,0.503836,thioether,Cc1cc2ccc1C(=O)N1CCOCC1CSCC1CN(C)CCN1c1ccc(cc1)Nc1nc3cccc-2c3o1,,
JAK2_8953307114,Cc1cc(-c2cccc3nc(Nc4ccc(N5CCN(C)CC5)cc4)oc23)ccc1C(=O)N1CCOCC1,filtered_non_macrocycle_or_basic_filters,22.0,37.0,17.0,3.0,20.0,0.67828,0.67828,0.503836,aza,Cc1cc2ccc1C(=O)N1CCOCC1CNCC1CN(C)CCN1c1ccc(cc1)Nc1nc3cccc-2c3o1,,
JAK2_8953307114,Cc1cc(-c2cccc3nc(Nc4ccc(N5CCN(C)CC5)cc4)oc23)ccc1C(=O)N1CCOCC1,filtered_non_macrocycle_or_basic_filters,22.0,37.0,17.0,3.0,20.0,0.67828,0.67828,0.503836,oxa_aza,Cc1cc2ccc1C(=O)N1CCOCC1CCCC1CN(C)CCN1c1ccc(cc1)Nc1nc3cccc-2c3o1,,
JAK2_461d9c7add,CC(C)(C)NS(=O)(=O)c1ccc(-c2cc3c(N)ncc(C(=O)NCCO)c3s2)cc1,no_valid_anchor_pair,,,,,,,,,,,,
JAK2_0455727edb,CN(C)CCNC(=O)c1cnc(N)c2cc(-c3ccc(S(=O)(=O)NC(C)(C)C)cc3)sc12,no_valid_anchor_pair,,,,,,,,,,,,
JAK2_5d437cebf2,Cc1cc(Nc2nc3cccc(-c4ccc(C(=O)N5CCOCC5)cc4)c3o2)ccc1C(=O)N(C)C,no_valid_anchor_pair,,,,,,,,,,,,
JAK2_3f9d4c8aea,C[C@H](Nc1ccnc(-n2cnc3ccncc32)n1)c1ccc(F)cc1,no_valid_anchor_pair,,,,,,,,,,,,
JAK2_9da7b44e3f,NC(=O)c1cc(-c2ccnc(N)n2)[nH]c1-c1cc(C(F)(F)F)ccc1Cl,no_valid_anchor_pair,,,,,,,,,,,,
JAK2_8c93d98423,COc1cc(Nc2nc3cccc(-c4ccc(C(=O)N5CCOCC5)cc4)c3o2)cc(OC)c1OC,no_valid_anchor_pair,,,,,,,,,,,,
JAK2_9ce72827e9,C[C@@H](Nc1cc(-c2c(N)nn3cccnc23)ncn1)c1ccc(Cl)cc1,no_valid_anchor_pair,,,,,,,,,,,,
