receptor_pdbqt,ligand_pdbqt,pose_pdbqt,log_path,center_x,center_y,center_z,size_x,size_y,size_z,exhaustiveness,num_modes,energy_range,command,status
C:\Users\srira\Desktop\new_plan\EMD_V5_2_Hybrid\06_docking\receptor\jak2_prepared.pdbqt,C:\Users\srira\Desktop\new_plan\EMD_V5_2_Hybrid\06_docking\ligands_pdbqt\CAND_030a0135bb.pdbqt,C:\Users\srira\Desktop\new_plan\EMD_V5_2_Hybrid\06_docking\poses\CAND_030a0135bb_vina_out.pdbqt,C:\Users\srira\Desktop\new_plan\EMD_V5_2_Hybrid\06_docking\scores\CAND_030a0135bb_vina.log,32.53,13.271,-3.863,18.0,18.0,18.0,16,9,3,vina --receptor 'C:\Users\srira\Desktop\new_plan\EMD_V5_2_Hybrid\06_docking\receptor\jak2_prepared.pdbqt' --ligand 'C:\Users\srira\Desktop\new_plan\EMD_V5_2_Hybrid\06_docking\ligands_pdbqt\CAND_030a0135bb.pdbqt' --out 'C:\Users\srira\Desktop\new_plan\EMD_V5_2_Hybrid\06_docking\poses\CAND_030a0135bb_vina_out.pdbqt' --center_x 32.53 --center_y 13.271 --center_z -3.863 --size_x 18.0 --size_y 18.0 --size_z 18.0 --exhaustiveness 16 --num_modes 9 --energy_range 3,completed
C:\Users\srira\Desktop\new_plan\EMD_V5_2_Hybrid\06_docking\receptor\jak2_prepared.pdbqt,C:\Users\srira\Desktop\new_plan\EMD_V5_2_Hybrid\06_docking\ligands_pdbqt\CAND_03abc0c2b1.pdbqt,C:\Users\srira\Desktop\new_plan\EMD_V5_2_Hybrid\06_docking\poses\CAND_03abc0c2b1_vina_out.pdbqt,C:\Users\srira\Desktop\new_plan\EMD_V5_2_Hybrid\06_docking\scores\CAND_03abc0c2b1_vina.log,32.53,13.271,-3.863,18.0,18.0,18.0,16,9,3,vina --receptor 'C:\Users\srira\Desktop\new_plan\EMD_V5_2_Hybrid\06_docking\receptor\jak2_prepared.pdbqt' --ligand 'C:\Users\srira\Desktop\new_plan\EMD_V5_2_Hybrid\06_docking\ligands_pdbqt\CAND_03abc0c2b1.pdbqt' --out 'C:\Users\srira\Desktop\new_plan\EMD_V5_2_Hybrid\06_docking\poses\CAND_03abc0c2b1_vina_out.pdbqt' --center_x 32.53 --center_y 13.271 --center_z -3.863 --size_x 18.0 --size_y 18.0 --size_z 18.0 --exhaustiveness 16 --num_modes 9 --energy_range 3,completed
C:\Users\srira\Desktop\new_plan\EMD_V5_2_Hybrid\06_docking\receptor\jak2_prepared.pdbqt,C:\Users\srira\Desktop\new_plan\EMD_V5_2_Hybrid\06_docking\ligands_pdbqt\CAND_03fca0654a.pdbqt,C:\Users\srira\Desktop\new_plan\EMD_V5_2_Hybrid\06_docking\poses\CAND_03fca0654a_vina_out.pdbqt,C:\Users\srira\Desktop\new_plan\EMD_V5_2_Hybrid\06_docking\scores\CAND_03fca0654a_vina.log,32.53,13.271,-3.863,18.0,18.0,18.0,16,9,3,vina --receptor 'C:\Users\srira\Desktop\new_plan\EMD_V5_2_Hybrid\06_docking\receptor\jak2_prepared.pdbqt' --ligand 'C:\Users\srira\Desktop\new_plan\EMD_V5_2_Hybrid\06_docking\ligands_pdbqt\CAND_03fca0654a.pdbqt' --out 'C:\Users\srira\Desktop\new_plan\EMD_V5_2_Hybrid\06_docking\poses\CAND_03fca0654a_vina_out.pdbqt' --center_x 32.53 --center_y 13.271 --center_z -3.863 --size_x 18.0 --size_y 18.0 --size_z 18.0 --exhaustiveness 16 --num_modes 9 --energy_range 3,completed
C:\Users\srira\Desktop\new_plan\EMD_V5_2_Hybrid\06_docking\receptor\jak2_prepared.pdbqt,C:\Users\srira\Desktop\new_plan\EMD_V5_2_Hybrid\06_docking\ligands_pdbqt\CAND_0644c5205e.pdbqt,C:\Users\srira\Desktop\new_plan\EMD_V5_2_Hybrid\06_docking\poses\CAND_0644c5205e_vina_out.pdbqt,C:\Users\srira\Desktop\new_plan\EMD_V5_2_Hybrid\06_docking\scores\CAND_0644c5205e_vina.log,32.53,13.271,-3.863,18.0,18.0,18.0,16,9,3,vina --receptor 'C:\Users\srira\Desktop\new_plan\EMD_V5_2_Hybrid\06_docking\receptor\jak2_prepared.pdbqt' --ligand 'C:\Users\srira\Desktop\new_plan\EMD_V5_2_Hybrid\06_docking\ligands_pdbqt\CAND_0644c5205e.pdbqt' --out 'C:\Users\srira\Desktop\new_plan\EMD_V5_2_Hybrid\06_docking\poses\CAND_0644c5205e_vina_out.pdbqt' --center_x 32.53 --center_y 13.271 --center_z -3.863 --size_x 18.0 --size_y 18.0 --size_z 18.0 --exhaustiveness 16 --num_modes 9 --energy_range 3,completed
C:\Users\srira\Desktop\new_plan\EMD_V5_2_Hybrid\06_docking\receptor\jak2_prepared.pdbqt,C:\Users\srira\Desktop\new_plan\EMD_V5_2_Hybrid\06_docking\ligands_pdbqt\CAND_08a3534750.pdbqt,C:\Users\srira\Desktop\new_plan\EMD_V5_2_Hybrid\06_docking\poses\CAND_08a3534750_vina_out.pdbqt,C:\Users\srira\Desktop\new_plan\EMD_V5_2_Hybrid\06_docking\scores\CAND_08a3534750_vina.log,32.53,13.271,-3.863,18.0,18.0,18.0,16,9,3,vina --receptor 'C:\Users\srira\Desktop\new_plan\EMD_V5_2_Hybrid\06_docking\receptor\jak2_prepared.pdbqt' --ligand 'C:\Users\srira\Desktop\new_plan\EMD_V5_2_Hybrid\06_docking\ligands_pdbqt\CAND_08a3534750.pdbqt' --out 'C:\Users\srira\Desktop\new_plan\EMD_V5_2_Hybrid\06_docking\poses\CAND_08a3534750_vina_out.pdbqt' --center_x 32.53 --center_y 13.271 --center_z -3.863 --size_x 18.0 --size_y 18.0 --size_z 18.0 --exhaustiveness 16 --num_modes 9 --energy_range 3,completed
C:\Users\srira\Desktop\new_plan\EMD_V5_2_Hybrid\06_docking\receptor\jak2_prepared.pdbqt,C:\Users\srira\Desktop\new_plan\EMD_V5_2_Hybrid\06_docking\ligands_pdbqt\CAND_0afbd4371b.pdbqt,C:\Users\srira\Desktop\new_plan\EMD_V5_2_Hybrid\06_docking\poses\CAND_0afbd4371b_vina_out.pdbqt,C:\Users\srira\Desktop\new_plan\EMD_V5_2_Hybrid\06_docking\scores\CAND_0afbd4371b_vina.log,32.53,13.271,-3.863,18.0,18.0,18.0,16,9,3,vina --receptor 'C:\Users\srira\Desktop\new_plan\EMD_V5_2_Hybrid\06_docking\receptor\jak2_prepared.pdbqt' --ligand 'C:\Users\srira\Desktop\new_plan\EMD_V5_2_Hybrid\06_docking\ligands_pdbqt\CAND_0afbd4371b.pdbqt' --out 'C:\Users\srira\Desktop\new_plan\EMD_V5_2_Hybrid\06_docking\poses\CAND_0afbd4371b_vina_out.pdbqt' --center_x 32.53 --center_y 13.271 --center_z -3.863 --size_x 18.0 --size_y 18.0 --size_z 18.0 --exhaustiveness 16 --num_modes 9 --energy_range 3,completed
C:\Users\srira\Desktop\new_plan\EMD_V5_2_Hybrid\06_docking\receptor\jak2_prepared.pdbqt,C:\Users\srira\Desktop\new_plan\EMD_V5_2_Hybrid\06_docking\ligands_pdbqt\CAND_0feb57e148.pdbqt,C:\Users\srira\Desktop\new_plan\EMD_V5_2_Hybrid\06_docking\poses\CAND_0feb57e148_vina_out.pdbqt,C:\Users\srira\Desktop\new_plan\EMD_V5_2_Hybrid\06_docking\scores\CAND_0feb57e148_vina.log,32.53,13.271,-3.863,18.0,18.0,18.0,16,9,3,vina --receptor 'C:\Users\srira\Desktop\new_plan\EMD_V5_2_Hybrid\06_docking\receptor\jak2_prepared.pdbqt' --ligand 'C:\Users\srira\Desktop\new_plan\EMD_V5_2_Hybrid\06_docking\ligands_pdbqt\CAND_0feb57e148.pdbqt' --out 'C:\Users\srira\Desktop\new_plan\EMD_V5_2_Hybrid\06_docking\poses\CAND_0feb57e148_vina_out.pdbqt' --center_x 32.53 --center_y 13.271 --center_z -3.863 --size_x 18.0 --size_y 18.0 --size_z 18.0 --exhaustiveness 16 --num_modes 9 --energy_range 3,completed
C:\Users\srira\Desktop\new_plan\EMD_V5_2_Hybrid\06_docking\receptor\jak2_prepared.pdbqt,C:\Users\srira\Desktop\new_plan\EMD_V5_2_Hybrid\06_docking\ligands_pdbqt\CAND_101875c1e6.pdbqt,C:\Users\srira\Desktop\new_plan\EMD_V5_2_Hybrid\06_docking\poses\CAND_101875c1e6_vina_out.pdbqt,C:\Users\srira\Desktop\new_plan\EMD_V5_2_Hybrid\06_docking\scores\CAND_101875c1e6_vina.log,32.53,13.271,-3.863,18.0,18.0,18.0,16,9,3,vina --receptor 'C:\Users\srira\Desktop\new_plan\EMD_V5_2_Hybrid\06_docking\receptor\jak2_prepared.pdbqt' --ligand 'C:\Users\srira\Desktop\new_plan\EMD_V5_2_Hybrid\06_docking\ligands_pdbqt\CAND_101875c1e6.pdbqt' --out 'C:\Users\srira\Desktop\new_plan\EMD_V5_2_Hybrid\06_docking\poses\CAND_101875c1e6_vina_out.pdbqt' --center_x 32.53 --center_y 13.271 --center_z -3.863 --size_x 18.0 --size_y 18.0 --size_z 18.0 --exhaustiveness 16 --num_modes 9 --energy_range 3,completed
C:\Users\srira\Desktop\new_plan\EMD_V5_2_Hybrid\06_docking\receptor\jak2_prepared.pdbqt,C:\Users\srira\Desktop\new_plan\EMD_V5_2_Hybrid\06_docking\ligands_pdbqt\CAND_1450c465bc.pdbqt,C:\Users\srira\Desktop\new_plan\EMD_V5_2_Hybrid\06_docking\poses\CAND_1450c465bc_vina_out.pdbqt,C:\Users\srira\Desktop\new_plan\EMD_V5_2_Hybrid\06_docking\scores\CAND_1450c465bc_vina.log,32.53,13.271,-3.863,18.0,18.0,18.0,16,9,3,vina --receptor 'C:\Users\srira\Desktop\new_plan\EMD_V5_2_Hybrid\06_docking\receptor\jak2_prepared.pdbqt' --ligand 'C:\Users\srira\Desktop\new_plan\EMD_V5_2_Hybrid\06_docking\ligands_pdbqt\CAND_1450c465bc.pdbqt' --out 'C:\Users\srira\Desktop\new_plan\EMD_V5_2_Hybrid\06_docking\poses\CAND_1450c465bc_vina_out.pdbqt' --center_x 32.53 --center_y 13.271 --center_z -3.863 --size_x 18.0 --size_y 18.0 --size_z 18.0 --exhaustiveness 16 --num_modes 9 --energy_range 3,completed
C:\Users\srira\Desktop\new_plan\EMD_V5_2_Hybrid\06_docking\receptor\jak2_prepared.pdbqt,C:\Users\srira\Desktop\new_plan\EMD_V5_2_Hybrid\06_docking\ligands_pdbqt\CAND_164da61b83.pdbqt,C:\Users\srira\Desktop\new_plan\EMD_V5_2_Hybrid\06_docking\poses\CAND_164da61b83_vina_out.pdbqt,C:\Users\srira\Desktop\new_plan\EMD_V5_2_Hybrid\06_docking\scores\CAND_164da61b83_vina.log,32.53,13.271,-3.863,18.0,18.0,18.0,16,9,3,vina --receptor 'C:\Users\srira\Desktop\new_plan\EMD_V5_2_Hybrid\06_docking\receptor\jak2_prepared.pdbqt' --ligand 'C:\Users\srira\Desktop\new_plan\EMD_V5_2_Hybrid\06_docking\ligands_pdbqt\CAND_164da61b83.pdbqt' --out 'C:\Users\srira\Desktop\new_plan\EMD_V5_2_Hybrid\06_docking\poses\CAND_164da61b83_vina_out.pdbqt' --center_x 32.53 --center_y 13.271 --center_z -3.863 --size_x 18.0 --size_y 18.0 --size_z 18.0 --exhaustiveness 16 --num_modes 9 --energy_range 3,completed
C:\Users\srira\Desktop\new_plan\EMD_V5_2_Hybrid\06_docking\receptor\jak2_prepared.pdbqt,C:\Users\srira\Desktop\new_plan\EMD_V5_2_Hybrid\06_docking\ligands_pdbqt\CAND_1b0430816b.pdbqt,C:\Users\srira\Desktop\new_plan\EMD_V5_2_Hybrid\06_docking\poses\CAND_1b0430816b_vina_out.pdbqt,C:\Users\srira\Desktop\new_plan\EMD_V5_2_Hybrid\06_docking\scores\CAND_1b0430816b_vina.log,32.53,13.271,-3.863,18.0,18.0,18.0,16,9,3,vina --receptor 'C:\Users\srira\Desktop\new_plan\EMD_V5_2_Hybrid\06_docking\receptor\jak2_prepared.pdbqt' --ligand 'C:\Users\srira\Desktop\new_plan\EMD_V5_2_Hybrid\06_docking\ligands_pdbqt\CAND_1b0430816b.pdbqt' --out 'C:\Users\srira\Desktop\new_plan\EMD_V5_2_Hybrid\06_docking\poses\CAND_1b0430816b_vina_out.pdbqt' --center_x 32.53 --center_y 13.271 --center_z -3.863 --size_x 18.0 --size_y 18.0 --size_z 18.0 --exhaustiveness 16 --num_modes 9 --energy_range 3,completed
C:\Users\srira\Desktop\new_plan\EMD_V5_2_Hybrid\06_docking\receptor\jak2_prepared.pdbqt,C:\Users\srira\Desktop\new_plan\EMD_V5_2_Hybrid\06_docking\ligands_pdbqt\CAND_1b74ae5153.pdbqt,C:\Users\srira\Desktop\new_plan\EMD_V5_2_Hybrid\06_docking\poses\CAND_1b74ae5153_vina_out.pdbqt,C:\Users\srira\Desktop\new_plan\EMD_V5_2_Hybrid\06_docking\scores\CAND_1b74ae5153_vina.log,32.53,13.271,-3.863,18.0,18.0,18.0,16,9,3,vina --receptor 'C:\Users\srira\Desktop\new_plan\EMD_V5_2_Hybrid\06_docking\receptor\jak2_prepared.pdbqt' --ligand 'C:\Users\srira\Desktop\new_plan\EMD_V5_2_Hybrid\06_docking\ligands_pdbqt\CAND_1b74ae5153.pdbqt' --out 'C:\Users\srira\Desktop\new_plan\EMD_V5_2_Hybrid\06_docking\poses\CAND_1b74ae5153_vina_out.pdbqt' --center_x 32.53 --center_y 13.271 --center_z -3.863 --size_x 18.0 --size_y 18.0 --size_z 18.0 --exhaustiveness 16 --num_modes 9 --energy_range 3,completed
C:\Users\srira\Desktop\new_plan\EMD_V5_2_Hybrid\06_docking\receptor\jak2_prepared.pdbqt,C:\Users\srira\Desktop\new_plan\EMD_V5_2_Hybrid\06_docking\ligands_pdbqt\CAND_1dc4604721.pdbqt,C:\Users\srira\Desktop\new_plan\EMD_V5_2_Hybrid\06_docking\poses\CAND_1dc4604721_vina_out.pdbqt,C:\Users\srira\Desktop\new_plan\EMD_V5_2_Hybrid\06_docking\scores\CAND_1dc4604721_vina.log,32.53,13.271,-3.863,18.0,18.0,18.0,16,9,3,vina --receptor 'C:\Users\srira\Desktop\new_plan\EMD_V5_2_Hybrid\06_docking\receptor\jak2_prepared.pdbqt' --ligand 'C:\Users\srira\Desktop\new_plan\EMD_V5_2_Hybrid\06_docking\ligands_pdbqt\CAND_1dc4604721.pdbqt' --out 'C:\Users\srira\Desktop\new_plan\EMD_V5_2_Hybrid\06_docking\poses\CAND_1dc4604721_vina_out.pdbqt' --center_x 32.53 --center_y 13.271 --center_z -3.863 --size_x 18.0 --size_y 18.0 --size_z 18.0 --exhaustiveness 16 --num_modes 9 --energy_range 3,completed
C:\Users\srira\Desktop\new_plan\EMD_V5_2_Hybrid\06_docking\receptor\jak2_prepared.pdbqt,C:\Users\srira\Desktop\new_plan\EMD_V5_2_Hybrid\06_docking\ligands_pdbqt\CAND_1eac1398e4.pdbqt,C:\Users\srira\Desktop\new_plan\EMD_V5_2_Hybrid\06_docking\poses\CAND_1eac1398e4_vina_out.pdbqt,C:\Users\srira\Desktop\new_plan\EMD_V5_2_Hybrid\06_docking\scores\CAND_1eac1398e4_vina.log,32.53,13.271,-3.863,18.0,18.0,18.0,16,9,3,vina --receptor 'C:\Users\srira\Desktop\new_plan\EMD_V5_2_Hybrid\06_docking\receptor\jak2_prepared.pdbqt' --ligand 'C:\Users\srira\Desktop\new_plan\EMD_V5_2_Hybrid\06_docking\ligands_pdbqt\CAND_1eac1398e4.pdbqt' --out 'C:\Users\srira\Desktop\new_plan\EMD_V5_2_Hybrid\06_docking\poses\CAND_1eac1398e4_vina_out.pdbqt' --center_x 32.53 --center_y 13.271 --center_z -3.863 --size_x 18.0 --size_y 18.0 --size_z 18.0 --exhaustiveness 16 --num_modes 9 --energy_range 3,completed
C:\Users\srira\Desktop\new_plan\EMD_V5_2_Hybrid\06_docking\receptor\jak2_prepared.pdbqt,C:\Users\srira\Desktop\new_plan\EMD_V5_2_Hybrid\06_docking\ligands_pdbqt\CAND_1f440748ca.pdbqt,C:\Users\srira\Desktop\new_plan\EMD_V5_2_Hybrid\06_docking\poses\CAND_1f440748ca_vina_out.pdbqt,C:\Users\srira\Desktop\new_plan\EMD_V5_2_Hybrid\06_docking\scores\CAND_1f440748ca_vina.log,32.53,13.271,-3.863,18.0,18.0,18.0,16,9,3,vina --receptor 'C:\Users\srira\Desktop\new_plan\EMD_V5_2_Hybrid\06_docking\receptor\jak2_prepared.pdbqt' --ligand 'C:\Users\srira\Desktop\new_plan\EMD_V5_2_Hybrid\06_docking\ligands_pdbqt\CAND_1f440748ca.pdbqt' --out 'C:\Users\srira\Desktop\new_plan\EMD_V5_2_Hybrid\06_docking\poses\CAND_1f440748ca_vina_out.pdbqt' --center_x 32.53 --center_y 13.271 --center_z -3.863 --size_x 18.0 --size_y 18.0 --size_z 18.0 --exhaustiveness 16 --num_modes 9 --energy_range 3,completed
C:\Users\srira\Desktop\new_plan\EMD_V5_2_Hybrid\06_docking\receptor\jak2_prepared.pdbqt,C:\Users\srira\Desktop\new_plan\EMD_V5_2_Hybrid\06_docking\ligands_pdbqt\CAND_22d092771b.pdbqt,C:\Users\srira\Desktop\new_plan\EMD_V5_2_Hybrid\06_docking\poses\CAND_22d092771b_vina_out.pdbqt,C:\Users\srira\Desktop\new_plan\EMD_V5_2_Hybrid\06_docking\scores\CAND_22d092771b_vina.log,32.53,13.271,-3.863,18.0,18.0,18.0,16,9,3,vina --receptor 'C:\Users\srira\Desktop\new_plan\EMD_V5_2_Hybrid\06_docking\receptor\jak2_prepared.pdbqt' --ligand 'C:\Users\srira\Desktop\new_plan\EMD_V5_2_Hybrid\06_docking\ligands_pdbqt\CAND_22d092771b.pdbqt' --out 'C:\Users\srira\Desktop\new_plan\EMD_V5_2_Hybrid\06_docking\poses\CAND_22d092771b_vina_out.pdbqt' --center_x 32.53 --center_y 13.271 --center_z -3.863 --size_x 18.0 --size_y 18.0 --size_z 18.0 --exhaustiveness 16 --num_modes 9 --energy_range 3,completed
C:\Users\srira\Desktop\new_plan\EMD_V5_2_Hybrid\06_docking\receptor\jak2_prepared.pdbqt,C:\Users\srira\Desktop\new_plan\EMD_V5_2_Hybrid\06_docking\ligands_pdbqt\CAND_2333b40a1e.pdbqt,C:\Users\srira\Desktop\new_plan\EMD_V5_2_Hybrid\06_docking\poses\CAND_2333b40a1e_vina_out.pdbqt,C:\Users\srira\Desktop\new_plan\EMD_V5_2_Hybrid\06_docking\scores\CAND_2333b40a1e_vina.log,32.53,13.271,-3.863,18.0,18.0,18.0,16,9,3,vina --receptor 'C:\Users\srira\Desktop\new_plan\EMD_V5_2_Hybrid\06_docking\receptor\jak2_prepared.pdbqt' --ligand 'C:\Users\srira\Desktop\new_plan\EMD_V5_2_Hybrid\06_docking\ligands_pdbqt\CAND_2333b40a1e.pdbqt' --out 'C:\Users\srira\Desktop\new_plan\EMD_V5_2_Hybrid\06_docking\poses\CAND_2333b40a1e_vina_out.pdbqt' --center_x 32.53 --center_y 13.271 --center_z -3.863 --size_x 18.0 --size_y 18.0 --size_z 18.0 --exhaustiveness 16 --num_modes 9 --energy_range 3,completed
C:\Users\srira\Desktop\new_plan\EMD_V5_2_Hybrid\06_docking\receptor\jak2_prepared.pdbqt,C:\Users\srira\Desktop\new_plan\EMD_V5_2_Hybrid\06_docking\ligands_pdbqt\CAND_2584beb1c0.pdbqt,C:\Users\srira\Desktop\new_plan\EMD_V5_2_Hybrid\06_docking\poses\CAND_2584beb1c0_vina_out.pdbqt,C:\Users\srira\Desktop\new_plan\EMD_V5_2_Hybrid\06_docking\scores\CAND_2584beb1c0_vina.log,32.53,13.271,-3.863,18.0,18.0,18.0,16,9,3,vina --receptor 'C:\Users\srira\Desktop\new_plan\EMD_V5_2_Hybrid\06_docking\receptor\jak2_prepared.pdbqt' --ligand 'C:\Users\srira\Desktop\new_plan\EMD_V5_2_Hybrid\06_docking\ligands_pdbqt\CAND_2584beb1c0.pdbqt' --out 'C:\Users\srira\Desktop\new_plan\EMD_V5_2_Hybrid\06_docking\poses\CAND_2584beb1c0_vina_out.pdbqt' --center_x 32.53 --center_y 13.271 --center_z -3.863 --size_x 18.0 --size_y 18.0 --size_z 18.0 --exhaustiveness 16 --num_modes 9 --energy_range 3,completed
C:\Users\srira\Desktop\new_plan\EMD_V5_2_Hybrid\06_docking\receptor\jak2_prepared.pdbqt,C:\Users\srira\Desktop\new_plan\EMD_V5_2_Hybrid\06_docking\ligands_pdbqt\CAND_279bcf4cf5.pdbqt,C:\Users\srira\Desktop\new_plan\EMD_V5_2_Hybrid\06_docking\poses\CAND_279bcf4cf5_vina_out.pdbqt,C:\Users\srira\Desktop\new_plan\EMD_V5_2_Hybrid\06_docking\scores\CAND_279bcf4cf5_vina.log,32.53,13.271,-3.863,18.0,18.0,18.0,16,9,3,vina --receptor 'C:\Users\srira\Desktop\new_plan\EMD_V5_2_Hybrid\06_docking\receptor\jak2_prepared.pdbqt' --ligand 'C:\Users\srira\Desktop\new_plan\EMD_V5_2_Hybrid\06_docking\ligands_pdbqt\CAND_279bcf4cf5.pdbqt' --out 'C:\Users\srira\Desktop\new_plan\EMD_V5_2_Hybrid\06_docking\poses\CAND_279bcf4cf5_vina_out.pdbqt' --center_x 32.53 --center_y 13.271 --center_z -3.863 --size_x 18.0 --size_y 18.0 --size_z 18.0 --exhaustiveness 16 --num_modes 9 --energy_range 3,completed
C:\Users\srira\Desktop\new_plan\EMD_V5_2_Hybrid\06_docking\receptor\jak2_prepared.pdbqt,C:\Users\srira\Desktop\new_plan\EMD_V5_2_Hybrid\06_docking\ligands_pdbqt\CAND_27e700626f.pdbqt,C:\Users\srira\Desktop\new_plan\EMD_V5_2_Hybrid\06_docking\poses\CAND_27e700626f_vina_out.pdbqt,C:\Users\srira\Desktop\new_plan\EMD_V5_2_Hybrid\06_docking\scores\CAND_27e700626f_vina.log,32.53,13.271,-3.863,18.0,18.0,18.0,16,9,3,vina --receptor 'C:\Users\srira\Desktop\new_plan\EMD_V5_2_Hybrid\06_docking\receptor\jak2_prepared.pdbqt' --ligand 'C:\Users\srira\Desktop\new_plan\EMD_V5_2_Hybrid\06_docking\ligands_pdbqt\CAND_27e700626f.pdbqt' --out 'C:\Users\srira\Desktop\new_plan\EMD_V5_2_Hybrid\06_docking\poses\CAND_27e700626f_vina_out.pdbqt' --center_x 32.53 --center_y 13.271 --center_z -3.863 --size_x 18.0 --size_y 18.0 --size_z 18.0 --exhaustiveness 16 --num_modes 9 --energy_range 3,completed
C:\Users\srira\Desktop\new_plan\EMD_V5_2_Hybrid\06_docking\receptor\jak2_prepared.pdbqt,C:\Users\srira\Desktop\new_plan\EMD_V5_2_Hybrid\06_docking\ligands_pdbqt\CAND_29cf1d90ca.pdbqt,C:\Users\srira\Desktop\new_plan\EMD_V5_2_Hybrid\06_docking\poses\CAND_29cf1d90ca_vina_out.pdbqt,C:\Users\srira\Desktop\new_plan\EMD_V5_2_Hybrid\06_docking\scores\CAND_29cf1d90ca_vina.log,32.53,13.271,-3.863,18.0,18.0,18.0,16,9,3,vina --receptor 'C:\Users\srira\Desktop\new_plan\EMD_V5_2_Hybrid\06_docking\receptor\jak2_prepared.pdbqt' --ligand 'C:\Users\srira\Desktop\new_plan\EMD_V5_2_Hybrid\06_docking\ligands_pdbqt\CAND_29cf1d90ca.pdbqt' --out 'C:\Users\srira\Desktop\new_plan\EMD_V5_2_Hybrid\06_docking\poses\CAND_29cf1d90ca_vina_out.pdbqt' --center_x 32.53 --center_y 13.271 --center_z -3.863 --size_x 18.0 --size_y 18.0 --size_z 18.0 --exhaustiveness 16 --num_modes 9 --energy_range 3,completed
C:\Users\srira\Desktop\new_plan\EMD_V5_2_Hybrid\06_docking\receptor\jak2_prepared.pdbqt,C:\Users\srira\Desktop\new_plan\EMD_V5_2_Hybrid\06_docking\ligands_pdbqt\CAND_2a7df84e67.pdbqt,C:\Users\srira\Desktop\new_plan\EMD_V5_2_Hybrid\06_docking\poses\CAND_2a7df84e67_vina_out.pdbqt,C:\Users\srira\Desktop\new_plan\EMD_V5_2_Hybrid\06_docking\scores\CAND_2a7df84e67_vina.log,32.53,13.271,-3.863,18.0,18.0,18.0,16,9,3,vina --receptor 'C:\Users\srira\Desktop\new_plan\EMD_V5_2_Hybrid\06_docking\receptor\jak2_prepared.pdbqt' --ligand 'C:\Users\srira\Desktop\new_plan\EMD_V5_2_Hybrid\06_docking\ligands_pdbqt\CAND_2a7df84e67.pdbqt' --out 'C:\Users\srira\Desktop\new_plan\EMD_V5_2_Hybrid\06_docking\poses\CAND_2a7df84e67_vina_out.pdbqt' --center_x 32.53 --center_y 13.271 --center_z -3.863 --size_x 18.0 --size_y 18.0 --size_z 18.0 --exhaustiveness 16 --num_modes 9 --energy_range 3,completed
C:\Users\srira\Desktop\new_plan\EMD_V5_2_Hybrid\06_docking\receptor\jak2_prepared.pdbqt,C:\Users\srira\Desktop\new_plan\EMD_V5_2_Hybrid\06_docking\ligands_pdbqt\CAND_2b6e6df8b8.pdbqt,C:\Users\srira\Desktop\new_plan\EMD_V5_2_Hybrid\06_docking\poses\CAND_2b6e6df8b8_vina_out.pdbqt,C:\Users\srira\Desktop\new_plan\EMD_V5_2_Hybrid\06_docking\scores\CAND_2b6e6df8b8_vina.log,32.53,13.271,-3.863,18.0,18.0,18.0,16,9,3,vina --receptor 'C:\Users\srira\Desktop\new_plan\EMD_V5_2_Hybrid\06_docking\receptor\jak2_prepared.pdbqt' --ligand 'C:\Users\srira\Desktop\new_plan\EMD_V5_2_Hybrid\06_docking\ligands_pdbqt\CAND_2b6e6df8b8.pdbqt' --out 'C:\Users\srira\Desktop\new_plan\EMD_V5_2_Hybrid\06_docking\poses\CAND_2b6e6df8b8_vina_out.pdbqt' --center_x 32.53 --center_y 13.271 --center_z -3.863 --size_x 18.0 --size_y 18.0 --size_z 18.0 --exhaustiveness 16 --num_modes 9 --energy_range 3,completed
C:\Users\srira\Desktop\new_plan\EMD_V5_2_Hybrid\06_docking\receptor\jak2_prepared.pdbqt,C:\Users\srira\Desktop\new_plan\EMD_V5_2_Hybrid\06_docking\ligands_pdbqt\CAND_2d63f0994e.pdbqt,C:\Users\srira\Desktop\new_plan\EMD_V5_2_Hybrid\06_docking\poses\CAND_2d63f0994e_vina_out.pdbqt,C:\Users\srira\Desktop\new_plan\EMD_V5_2_Hybrid\06_docking\scores\CAND_2d63f0994e_vina.log,32.53,13.271,-3.863,18.0,18.0,18.0,16,9,3,vina --receptor 'C:\Users\srira\Desktop\new_plan\EMD_V5_2_Hybrid\06_docking\receptor\jak2_prepared.pdbqt' --ligand 'C:\Users\srira\Desktop\new_plan\EMD_V5_2_Hybrid\06_docking\ligands_pdbqt\CAND_2d63f0994e.pdbqt' --out 'C:\Users\srira\Desktop\new_plan\EMD_V5_2_Hybrid\06_docking\poses\CAND_2d63f0994e_vina_out.pdbqt' --center_x 32.53 --center_y 13.271 --center_z -3.863 --size_x 18.0 --size_y 18.0 --size_z 18.0 --exhaustiveness 16 --num_modes 9 --energy_range 3,completed
C:\Users\srira\Desktop\new_plan\EMD_V5_2_Hybrid\06_docking\receptor\jak2_prepared.pdbqt,C:\Users\srira\Desktop\new_plan\EMD_V5_2_Hybrid\06_docking\ligands_pdbqt\CAND_2d894f0a15.pdbqt,C:\Users\srira\Desktop\new_plan\EMD_V5_2_Hybrid\06_docking\poses\CAND_2d894f0a15_vina_out.pdbqt,C:\Users\srira\Desktop\new_plan\EMD_V5_2_Hybrid\06_docking\scores\CAND_2d894f0a15_vina.log,32.53,13.271,-3.863,18.0,18.0,18.0,16,9,3,vina --receptor 'C:\Users\srira\Desktop\new_plan\EMD_V5_2_Hybrid\06_docking\receptor\jak2_prepared.pdbqt' --ligand 'C:\Users\srira\Desktop\new_plan\EMD_V5_2_Hybrid\06_docking\ligands_pdbqt\CAND_2d894f0a15.pdbqt' --out 'C:\Users\srira\Desktop\new_plan\EMD_V5_2_Hybrid\06_docking\poses\CAND_2d894f0a15_vina_out.pdbqt' --center_x 32.53 --center_y 13.271 --center_z -3.863 --size_x 18.0 --size_y 18.0 --size_z 18.0 --exhaustiveness 16 --num_modes 9 --energy_range 3,completed
C:\Users\srira\Desktop\new_plan\EMD_V5_2_Hybrid\06_docking\receptor\jak2_prepared.pdbqt,C:\Users\srira\Desktop\new_plan\EMD_V5_2_Hybrid\06_docking\ligands_pdbqt\CAND_2e664eff89.pdbqt,C:\Users\srira\Desktop\new_plan\EMD_V5_2_Hybrid\06_docking\poses\CAND_2e664eff89_vina_out.pdbqt,C:\Users\srira\Desktop\new_plan\EMD_V5_2_Hybrid\06_docking\scores\CAND_2e664eff89_vina.log,32.53,13.271,-3.863,18.0,18.0,18.0,16,9,3,vina --receptor 'C:\Users\srira\Desktop\new_plan\EMD_V5_2_Hybrid\06_docking\receptor\jak2_prepared.pdbqt' --ligand 'C:\Users\srira\Desktop\new_plan\EMD_V5_2_Hybrid\06_docking\ligands_pdbqt\CAND_2e664eff89.pdbqt' --out 'C:\Users\srira\Desktop\new_plan\EMD_V5_2_Hybrid\06_docking\poses\CAND_2e664eff89_vina_out.pdbqt' --center_x 32.53 --center_y 13.271 --center_z -3.863 --size_x 18.0 --size_y 18.0 --size_z 18.0 --exhaustiveness 16 --num_modes 9 --energy_range 3,completed
C:\Users\srira\Desktop\new_plan\EMD_V5_2_Hybrid\06_docking\receptor\jak2_prepared.pdbqt,C:\Users\srira\Desktop\new_plan\EMD_V5_2_Hybrid\06_docking\ligands_pdbqt\CAND_2f4037447d.pdbqt,C:\Users\srira\Desktop\new_plan\EMD_V5_2_Hybrid\06_docking\poses\CAND_2f4037447d_vina_out.pdbqt,C:\Users\srira\Desktop\new_plan\EMD_V5_2_Hybrid\06_docking\scores\CAND_2f4037447d_vina.log,32.53,13.271,-3.863,18.0,18.0,18.0,16,9,3,vina --receptor 'C:\Users\srira\Desktop\new_plan\EMD_V5_2_Hybrid\06_docking\receptor\jak2_prepared.pdbqt' --ligand 'C:\Users\srira\Desktop\new_plan\EMD_V5_2_Hybrid\06_docking\ligands_pdbqt\CAND_2f4037447d.pdbqt' --out 'C:\Users\srira\Desktop\new_plan\EMD_V5_2_Hybrid\06_docking\poses\CAND_2f4037447d_vina_out.pdbqt' --center_x 32.53 --center_y 13.271 --center_z -3.863 --size_x 18.0 --size_y 18.0 --size_z 18.0 --exhaustiveness 16 --num_modes 9 --energy_range 3,completed
C:\Users\srira\Desktop\new_plan\EMD_V5_2_Hybrid\06_docking\receptor\jak2_prepared.pdbqt,C:\Users\srira\Desktop\new_plan\EMD_V5_2_Hybrid\06_docking\ligands_pdbqt\CAND_31c1461a1a.pdbqt,C:\Users\srira\Desktop\new_plan\EMD_V5_2_Hybrid\06_docking\poses\CAND_31c1461a1a_vina_out.pdbqt,C:\Users\srira\Desktop\new_plan\EMD_V5_2_Hybrid\06_docking\scores\CAND_31c1461a1a_vina.log,32.53,13.271,-3.863,18.0,18.0,18.0,16,9,3,vina --receptor 'C:\Users\srira\Desktop\new_plan\EMD_V5_2_Hybrid\06_docking\receptor\jak2_prepared.pdbqt' --ligand 'C:\Users\srira\Desktop\new_plan\EMD_V5_2_Hybrid\06_docking\ligands_pdbqt\CAND_31c1461a1a.pdbqt' --out 'C:\Users\srira\Desktop\new_plan\EMD_V5_2_Hybrid\06_docking\poses\CAND_31c1461a1a_vina_out.pdbqt' --center_x 32.53 --center_y 13.271 --center_z -3.863 --size_x 18.0 --size_y 18.0 --size_z 18.0 --exhaustiveness 16 --num_modes 9 --energy_range 3,completed
C:\Users\srira\Desktop\new_plan\EMD_V5_2_Hybrid\06_docking\receptor\jak2_prepared.pdbqt,C:\Users\srira\Desktop\new_plan\EMD_V5_2_Hybrid\06_docking\ligands_pdbqt\CAND_3404dcdd42.pdbqt,C:\Users\srira\Desktop\new_plan\EMD_V5_2_Hybrid\06_docking\poses\CAND_3404dcdd42_vina_out.pdbqt,C:\Users\srira\Desktop\new_plan\EMD_V5_2_Hybrid\06_docking\scores\CAND_3404dcdd42_vina.log,32.53,13.271,-3.863,18.0,18.0,18.0,16,9,3,vina --receptor 'C:\Users\srira\Desktop\new_plan\EMD_V5_2_Hybrid\06_docking\receptor\jak2_prepared.pdbqt' --ligand 'C:\Users\srira\Desktop\new_plan\EMD_V5_2_Hybrid\06_docking\ligands_pdbqt\CAND_3404dcdd42.pdbqt' --out 'C:\Users\srira\Desktop\new_plan\EMD_V5_2_Hybrid\06_docking\poses\CAND_3404dcdd42_vina_out.pdbqt' --center_x 32.53 --center_y 13.271 --center_z -3.863 --size_x 18.0 --size_y 18.0 --size_z 18.0 --exhaustiveness 16 --num_modes 9 --energy_range 3,completed
C:\Users\srira\Desktop\new_plan\EMD_V5_2_Hybrid\06_docking\receptor\jak2_prepared.pdbqt,C:\Users\srira\Desktop\new_plan\EMD_V5_2_Hybrid\06_docking\ligands_pdbqt\CAND_34c64f09be.pdbqt,C:\Users\srira\Desktop\new_plan\EMD_V5_2_Hybrid\06_docking\poses\CAND_34c64f09be_vina_out.pdbqt,C:\Users\srira\Desktop\new_plan\EMD_V5_2_Hybrid\06_docking\scores\CAND_34c64f09be_vina.log,32.53,13.271,-3.863,18.0,18.0,18.0,16,9,3,vina --receptor 'C:\Users\srira\Desktop\new_plan\EMD_V5_2_Hybrid\06_docking\receptor\jak2_prepared.pdbqt' --ligand 'C:\Users\srira\Desktop\new_plan\EMD_V5_2_Hybrid\06_docking\ligands_pdbqt\CAND_34c64f09be.pdbqt' --out 'C:\Users\srira\Desktop\new_plan\EMD_V5_2_Hybrid\06_docking\poses\CAND_34c64f09be_vina_out.pdbqt' --center_x 32.53 --center_y 13.271 --center_z -3.863 --size_x 18.0 --size_y 18.0 --size_z 18.0 --exhaustiveness 16 --num_modes 9 --energy_range 3,completed
C:\Users\srira\Desktop\new_plan\EMD_V5_2_Hybrid\06_docking\receptor\jak2_prepared.pdbqt,C:\Users\srira\Desktop\new_plan\EMD_V5_2_Hybrid\06_docking\ligands_pdbqt\CAND_35811d5578.pdbqt,C:\Users\srira\Desktop\new_plan\EMD_V5_2_Hybrid\06_docking\poses\CAND_35811d5578_vina_out.pdbqt,C:\Users\srira\Desktop\new_plan\EMD_V5_2_Hybrid\06_docking\scores\CAND_35811d5578_vina.log,32.53,13.271,-3.863,18.0,18.0,18.0,16,9,3,vina --receptor 'C:\Users\srira\Desktop\new_plan\EMD_V5_2_Hybrid\06_docking\receptor\jak2_prepared.pdbqt' --ligand 'C:\Users\srira\Desktop\new_plan\EMD_V5_2_Hybrid\06_docking\ligands_pdbqt\CAND_35811d5578.pdbqt' --out 'C:\Users\srira\Desktop\new_plan\EMD_V5_2_Hybrid\06_docking\poses\CAND_35811d5578_vina_out.pdbqt' --center_x 32.53 --center_y 13.271 --center_z -3.863 --size_x 18.0 --size_y 18.0 --size_z 18.0 --exhaustiveness 16 --num_modes 9 --energy_range 3,completed
C:\Users\srira\Desktop\new_plan\EMD_V5_2_Hybrid\06_docking\receptor\jak2_prepared.pdbqt,C:\Users\srira\Desktop\new_plan\EMD_V5_2_Hybrid\06_docking\ligands_pdbqt\CAND_38659e93bf.pdbqt,C:\Users\srira\Desktop\new_plan\EMD_V5_2_Hybrid\06_docking\poses\CAND_38659e93bf_vina_out.pdbqt,C:\Users\srira\Desktop\new_plan\EMD_V5_2_Hybrid\06_docking\scores\CAND_38659e93bf_vina.log,32.53,13.271,-3.863,18.0,18.0,18.0,16,9,3,vina --receptor 'C:\Users\srira\Desktop\new_plan\EMD_V5_2_Hybrid\06_docking\receptor\jak2_prepared.pdbqt' --ligand 'C:\Users\srira\Desktop\new_plan\EMD_V5_2_Hybrid\06_docking\ligands_pdbqt\CAND_38659e93bf.pdbqt' --out 'C:\Users\srira\Desktop\new_plan\EMD_V5_2_Hybrid\06_docking\poses\CAND_38659e93bf_vina_out.pdbqt' --center_x 32.53 --center_y 13.271 --center_z -3.863 --size_x 18.0 --size_y 18.0 --size_z 18.0 --exhaustiveness 16 --num_modes 9 --energy_range 3,completed
C:\Users\srira\Desktop\new_plan\EMD_V5_2_Hybrid\06_docking\receptor\jak2_prepared.pdbqt,C:\Users\srira\Desktop\new_plan\EMD_V5_2_Hybrid\06_docking\ligands_pdbqt\CAND_395a83733f.pdbqt,C:\Users\srira\Desktop\new_plan\EMD_V5_2_Hybrid\06_docking\poses\CAND_395a83733f_vina_out.pdbqt,C:\Users\srira\Desktop\new_plan\EMD_V5_2_Hybrid\06_docking\scores\CAND_395a83733f_vina.log,32.53,13.271,-3.863,18.0,18.0,18.0,16,9,3,vina --receptor 'C:\Users\srira\Desktop\new_plan\EMD_V5_2_Hybrid\06_docking\receptor\jak2_prepared.pdbqt' --ligand 'C:\Users\srira\Desktop\new_plan\EMD_V5_2_Hybrid\06_docking\ligands_pdbqt\CAND_395a83733f.pdbqt' --out 'C:\Users\srira\Desktop\new_plan\EMD_V5_2_Hybrid\06_docking\poses\CAND_395a83733f_vina_out.pdbqt' --center_x 32.53 --center_y 13.271 --center_z -3.863 --size_x 18.0 --size_y 18.0 --size_z 18.0 --exhaustiveness 16 --num_modes 9 --energy_range 3,completed
C:\Users\srira\Desktop\new_plan\EMD_V5_2_Hybrid\06_docking\receptor\jak2_prepared.pdbqt,C:\Users\srira\Desktop\new_plan\EMD_V5_2_Hybrid\06_docking\ligands_pdbqt\CAND_39a45170c0.pdbqt,C:\Users\srira\Desktop\new_plan\EMD_V5_2_Hybrid\06_docking\poses\CAND_39a45170c0_vina_out.pdbqt,C:\Users\srira\Desktop\new_plan\EMD_V5_2_Hybrid\06_docking\scores\CAND_39a45170c0_vina.log,32.53,13.271,-3.863,18.0,18.0,18.0,16,9,3,vina --receptor 'C:\Users\srira\Desktop\new_plan\EMD_V5_2_Hybrid\06_docking\receptor\jak2_prepared.pdbqt' --ligand 'C:\Users\srira\Desktop\new_plan\EMD_V5_2_Hybrid\06_docking\ligands_pdbqt\CAND_39a45170c0.pdbqt' --out 'C:\Users\srira\Desktop\new_plan\EMD_V5_2_Hybrid\06_docking\poses\CAND_39a45170c0_vina_out.pdbqt' --center_x 32.53 --center_y 13.271 --center_z -3.863 --size_x 18.0 --size_y 18.0 --size_z 18.0 --exhaustiveness 16 --num_modes 9 --energy_range 3,completed
C:\Users\srira\Desktop\new_plan\EMD_V5_2_Hybrid\06_docking\receptor\jak2_prepared.pdbqt,C:\Users\srira\Desktop\new_plan\EMD_V5_2_Hybrid\06_docking\ligands_pdbqt\CAND_39d55ed837.pdbqt,C:\Users\srira\Desktop\new_plan\EMD_V5_2_Hybrid\06_docking\poses\CAND_39d55ed837_vina_out.pdbqt,C:\Users\srira\Desktop\new_plan\EMD_V5_2_Hybrid\06_docking\scores\CAND_39d55ed837_vina.log,32.53,13.271,-3.863,18.0,18.0,18.0,16,9,3,vina --receptor 'C:\Users\srira\Desktop\new_plan\EMD_V5_2_Hybrid\06_docking\receptor\jak2_prepared.pdbqt' --ligand 'C:\Users\srira\Desktop\new_plan\EMD_V5_2_Hybrid\06_docking\ligands_pdbqt\CAND_39d55ed837.pdbqt' --out 'C:\Users\srira\Desktop\new_plan\EMD_V5_2_Hybrid\06_docking\poses\CAND_39d55ed837_vina_out.pdbqt' --center_x 32.53 --center_y 13.271 --center_z -3.863 --size_x 18.0 --size_y 18.0 --size_z 18.0 --exhaustiveness 16 --num_modes 9 --energy_range 3,completed
C:\Users\srira\Desktop\new_plan\EMD_V5_2_Hybrid\06_docking\receptor\jak2_prepared.pdbqt,C:\Users\srira\Desktop\new_plan\EMD_V5_2_Hybrid\06_docking\ligands_pdbqt\CAND_3a37400fe4.pdbqt,C:\Users\srira\Desktop\new_plan\EMD_V5_2_Hybrid\06_docking\poses\CAND_3a37400fe4_vina_out.pdbqt,C:\Users\srira\Desktop\new_plan\EMD_V5_2_Hybrid\06_docking\scores\CAND_3a37400fe4_vina.log,32.53,13.271,-3.863,18.0,18.0,18.0,16,9,3,vina --receptor 'C:\Users\srira\Desktop\new_plan\EMD_V5_2_Hybrid\06_docking\receptor\jak2_prepared.pdbqt' --ligand 'C:\Users\srira\Desktop\new_plan\EMD_V5_2_Hybrid\06_docking\ligands_pdbqt\CAND_3a37400fe4.pdbqt' --out 'C:\Users\srira\Desktop\new_plan\EMD_V5_2_Hybrid\06_docking\poses\CAND_3a37400fe4_vina_out.pdbqt' --center_x 32.53 --center_y 13.271 --center_z -3.863 --size_x 18.0 --size_y 18.0 --size_z 18.0 --exhaustiveness 16 --num_modes 9 --energy_range 3,completed
C:\Users\srira\Desktop\new_plan\EMD_V5_2_Hybrid\06_docking\receptor\jak2_prepared.pdbqt,C:\Users\srira\Desktop\new_plan\EMD_V5_2_Hybrid\06_docking\ligands_pdbqt\CAND_3b04a27187.pdbqt,C:\Users\srira\Desktop\new_plan\EMD_V5_2_Hybrid\06_docking\poses\CAND_3b04a27187_vina_out.pdbqt,C:\Users\srira\Desktop\new_plan\EMD_V5_2_Hybrid\06_docking\scores\CAND_3b04a27187_vina.log,32.53,13.271,-3.863,18.0,18.0,18.0,16,9,3,vina --receptor 'C:\Users\srira\Desktop\new_plan\EMD_V5_2_Hybrid\06_docking\receptor\jak2_prepared.pdbqt' --ligand 'C:\Users\srira\Desktop\new_plan\EMD_V5_2_Hybrid\06_docking\ligands_pdbqt\CAND_3b04a27187.pdbqt' --out 'C:\Users\srira\Desktop\new_plan\EMD_V5_2_Hybrid\06_docking\poses\CAND_3b04a27187_vina_out.pdbqt' --center_x 32.53 --center_y 13.271 --center_z -3.863 --size_x 18.0 --size_y 18.0 --size_z 18.0 --exhaustiveness 16 --num_modes 9 --energy_range 3,completed
C:\Users\srira\Desktop\new_plan\EMD_V5_2_Hybrid\06_docking\receptor\jak2_prepared.pdbqt,C:\Users\srira\Desktop\new_plan\EMD_V5_2_Hybrid\06_docking\ligands_pdbqt\CAND_3d3d2ca880.pdbqt,C:\Users\srira\Desktop\new_plan\EMD_V5_2_Hybrid\06_docking\poses\CAND_3d3d2ca880_vina_out.pdbqt,C:\Users\srira\Desktop\new_plan\EMD_V5_2_Hybrid\06_docking\scores\CAND_3d3d2ca880_vina.log,32.53,13.271,-3.863,18.0,18.0,18.0,16,9,3,vina --receptor 'C:\Users\srira\Desktop\new_plan\EMD_V5_2_Hybrid\06_docking\receptor\jak2_prepared.pdbqt' --ligand 'C:\Users\srira\Desktop\new_plan\EMD_V5_2_Hybrid\06_docking\ligands_pdbqt\CAND_3d3d2ca880.pdbqt' --out 'C:\Users\srira\Desktop\new_plan\EMD_V5_2_Hybrid\06_docking\poses\CAND_3d3d2ca880_vina_out.pdbqt' --center_x 32.53 --center_y 13.271 --center_z -3.863 --size_x 18.0 --size_y 18.0 --size_z 18.0 --exhaustiveness 16 --num_modes 9 --energy_range 3,completed
C:\Users\srira\Desktop\new_plan\EMD_V5_2_Hybrid\06_docking\receptor\jak2_prepared.pdbqt,C:\Users\srira\Desktop\new_plan\EMD_V5_2_Hybrid\06_docking\ligands_pdbqt\CAND_3fa11742db.pdbqt,C:\Users\srira\Desktop\new_plan\EMD_V5_2_Hybrid\06_docking\poses\CAND_3fa11742db_vina_out.pdbqt,C:\Users\srira\Desktop\new_plan\EMD_V5_2_Hybrid\06_docking\scores\CAND_3fa11742db_vina.log,32.53,13.271,-3.863,18.0,18.0,18.0,16,9,3,vina --receptor 'C:\Users\srira\Desktop\new_plan\EMD_V5_2_Hybrid\06_docking\receptor\jak2_prepared.pdbqt' --ligand 'C:\Users\srira\Desktop\new_plan\EMD_V5_2_Hybrid\06_docking\ligands_pdbqt\CAND_3fa11742db.pdbqt' --out 'C:\Users\srira\Desktop\new_plan\EMD_V5_2_Hybrid\06_docking\poses\CAND_3fa11742db_vina_out.pdbqt' --center_x 32.53 --center_y 13.271 --center_z -3.863 --size_x 18.0 --size_y 18.0 --size_z 18.0 --exhaustiveness 16 --num_modes 9 --energy_range 3,completed
C:\Users\srira\Desktop\new_plan\EMD_V5_2_Hybrid\06_docking\receptor\jak2_prepared.pdbqt,C:\Users\srira\Desktop\new_plan\EMD_V5_2_Hybrid\06_docking\ligands_pdbqt\CAND_445bda5e64.pdbqt,C:\Users\srira\Desktop\new_plan\EMD_V5_2_Hybrid\06_docking\poses\CAND_445bda5e64_vina_out.pdbqt,C:\Users\srira\Desktop\new_plan\EMD_V5_2_Hybrid\06_docking\scores\CAND_445bda5e64_vina.log,32.53,13.271,-3.863,18.0,18.0,18.0,16,9,3,vina --receptor 'C:\Users\srira\Desktop\new_plan\EMD_V5_2_Hybrid\06_docking\receptor\jak2_prepared.pdbqt' --ligand 'C:\Users\srira\Desktop\new_plan\EMD_V5_2_Hybrid\06_docking\ligands_pdbqt\CAND_445bda5e64.pdbqt' --out 'C:\Users\srira\Desktop\new_plan\EMD_V5_2_Hybrid\06_docking\poses\CAND_445bda5e64_vina_out.pdbqt' --center_x 32.53 --center_y 13.271 --center_z -3.863 --size_x 18.0 --size_y 18.0 --size_z 18.0 --exhaustiveness 16 --num_modes 9 --energy_range 3,completed
C:\Users\srira\Desktop\new_plan\EMD_V5_2_Hybrid\06_docking\receptor\jak2_prepared.pdbqt,C:\Users\srira\Desktop\new_plan\EMD_V5_2_Hybrid\06_docking\ligands_pdbqt\CAND_45341a8161.pdbqt,C:\Users\srira\Desktop\new_plan\EMD_V5_2_Hybrid\06_docking\poses\CAND_45341a8161_vina_out.pdbqt,C:\Users\srira\Desktop\new_plan\EMD_V5_2_Hybrid\06_docking\scores\CAND_45341a8161_vina.log,32.53,13.271,-3.863,18.0,18.0,18.0,16,9,3,vina --receptor 'C:\Users\srira\Desktop\new_plan\EMD_V5_2_Hybrid\06_docking\receptor\jak2_prepared.pdbqt' --ligand 'C:\Users\srira\Desktop\new_plan\EMD_V5_2_Hybrid\06_docking\ligands_pdbqt\CAND_45341a8161.pdbqt' --out 'C:\Users\srira\Desktop\new_plan\EMD_V5_2_Hybrid\06_docking\poses\CAND_45341a8161_vina_out.pdbqt' --center_x 32.53 --center_y 13.271 --center_z -3.863 --size_x 18.0 --size_y 18.0 --size_z 18.0 --exhaustiveness 16 --num_modes 9 --energy_range 3,completed
C:\Users\srira\Desktop\new_plan\EMD_V5_2_Hybrid\06_docking\receptor\jak2_prepared.pdbqt,C:\Users\srira\Desktop\new_plan\EMD_V5_2_Hybrid\06_docking\ligands_pdbqt\CAND_457797d542.pdbqt,C:\Users\srira\Desktop\new_plan\EMD_V5_2_Hybrid\06_docking\poses\CAND_457797d542_vina_out.pdbqt,C:\Users\srira\Desktop\new_plan\EMD_V5_2_Hybrid\06_docking\scores\CAND_457797d542_vina.log,32.53,13.271,-3.863,18.0,18.0,18.0,16,9,3,vina --receptor 'C:\Users\srira\Desktop\new_plan\EMD_V5_2_Hybrid\06_docking\receptor\jak2_prepared.pdbqt' --ligand 'C:\Users\srira\Desktop\new_plan\EMD_V5_2_Hybrid\06_docking\ligands_pdbqt\CAND_457797d542.pdbqt' --out 'C:\Users\srira\Desktop\new_plan\EMD_V5_2_Hybrid\06_docking\poses\CAND_457797d542_vina_out.pdbqt' --center_x 32.53 --center_y 13.271 --center_z -3.863 --size_x 18.0 --size_y 18.0 --size_z 18.0 --exhaustiveness 16 --num_modes 9 --energy_range 3,completed
C:\Users\srira\Desktop\new_plan\EMD_V5_2_Hybrid\06_docking\receptor\jak2_prepared.pdbqt,C:\Users\srira\Desktop\new_plan\EMD_V5_2_Hybrid\06_docking\ligands_pdbqt\CAND_45fd077ab1.pdbqt,C:\Users\srira\Desktop\new_plan\EMD_V5_2_Hybrid\06_docking\poses\CAND_45fd077ab1_vina_out.pdbqt,C:\Users\srira\Desktop\new_plan\EMD_V5_2_Hybrid\06_docking\scores\CAND_45fd077ab1_vina.log,32.53,13.271,-3.863,18.0,18.0,18.0,16,9,3,vina --receptor 'C:\Users\srira\Desktop\new_plan\EMD_V5_2_Hybrid\06_docking\receptor\jak2_prepared.pdbqt' --ligand 'C:\Users\srira\Desktop\new_plan\EMD_V5_2_Hybrid\06_docking\ligands_pdbqt\CAND_45fd077ab1.pdbqt' --out 'C:\Users\srira\Desktop\new_plan\EMD_V5_2_Hybrid\06_docking\poses\CAND_45fd077ab1_vina_out.pdbqt' --center_x 32.53 --center_y 13.271 --center_z -3.863 --size_x 18.0 --size_y 18.0 --size_z 18.0 --exhaustiveness 16 --num_modes 9 --energy_range 3,completed
C:\Users\srira\Desktop\new_plan\EMD_V5_2_Hybrid\06_docking\receptor\jak2_prepared.pdbqt,C:\Users\srira\Desktop\new_plan\EMD_V5_2_Hybrid\06_docking\ligands_pdbqt\CAND_472476eeb3.pdbqt,C:\Users\srira\Desktop\new_plan\EMD_V5_2_Hybrid\06_docking\poses\CAND_472476eeb3_vina_out.pdbqt,C:\Users\srira\Desktop\new_plan\EMD_V5_2_Hybrid\06_docking\scores\CAND_472476eeb3_vina.log,32.53,13.271,-3.863,18.0,18.0,18.0,16,9,3,vina --receptor 'C:\Users\srira\Desktop\new_plan\EMD_V5_2_Hybrid\06_docking\receptor\jak2_prepared.pdbqt' --ligand 'C:\Users\srira\Desktop\new_plan\EMD_V5_2_Hybrid\06_docking\ligands_pdbqt\CAND_472476eeb3.pdbqt' --out 'C:\Users\srira\Desktop\new_plan\EMD_V5_2_Hybrid\06_docking\poses\CAND_472476eeb3_vina_out.pdbqt' --center_x 32.53 --center_y 13.271 --center_z -3.863 --size_x 18.0 --size_y 18.0 --size_z 18.0 --exhaustiveness 16 --num_modes 9 --energy_range 3,completed
C:\Users\srira\Desktop\new_plan\EMD_V5_2_Hybrid\06_docking\receptor\jak2_prepared.pdbqt,C:\Users\srira\Desktop\new_plan\EMD_V5_2_Hybrid\06_docking\ligands_pdbqt\CAND_49a2c11445.pdbqt,C:\Users\srira\Desktop\new_plan\EMD_V5_2_Hybrid\06_docking\poses\CAND_49a2c11445_vina_out.pdbqt,C:\Users\srira\Desktop\new_plan\EMD_V5_2_Hybrid\06_docking\scores\CAND_49a2c11445_vina.log,32.53,13.271,-3.863,18.0,18.0,18.0,16,9,3,vina --receptor 'C:\Users\srira\Desktop\new_plan\EMD_V5_2_Hybrid\06_docking\receptor\jak2_prepared.pdbqt' --ligand 'C:\Users\srira\Desktop\new_plan\EMD_V5_2_Hybrid\06_docking\ligands_pdbqt\CAND_49a2c11445.pdbqt' --out 'C:\Users\srira\Desktop\new_plan\EMD_V5_2_Hybrid\06_docking\poses\CAND_49a2c11445_vina_out.pdbqt' --center_x 32.53 --center_y 13.271 --center_z -3.863 --size_x 18.0 --size_y 18.0 --size_z 18.0 --exhaustiveness 16 --num_modes 9 --energy_range 3,completed
C:\Users\srira\Desktop\new_plan\EMD_V5_2_Hybrid\06_docking\receptor\jak2_prepared.pdbqt,C:\Users\srira\Desktop\new_plan\EMD_V5_2_Hybrid\06_docking\ligands_pdbqt\CAND_4b9a80dcb9.pdbqt,C:\Users\srira\Desktop\new_plan\EMD_V5_2_Hybrid\06_docking\poses\CAND_4b9a80dcb9_vina_out.pdbqt,C:\Users\srira\Desktop\new_plan\EMD_V5_2_Hybrid\06_docking\scores\CAND_4b9a80dcb9_vina.log,32.53,13.271,-3.863,18.0,18.0,18.0,16,9,3,vina --receptor 'C:\Users\srira\Desktop\new_plan\EMD_V5_2_Hybrid\06_docking\receptor\jak2_prepared.pdbqt' --ligand 'C:\Users\srira\Desktop\new_plan\EMD_V5_2_Hybrid\06_docking\ligands_pdbqt\CAND_4b9a80dcb9.pdbqt' --out 'C:\Users\srira\Desktop\new_plan\EMD_V5_2_Hybrid\06_docking\poses\CAND_4b9a80dcb9_vina_out.pdbqt' --center_x 32.53 --center_y 13.271 --center_z -3.863 --size_x 18.0 --size_y 18.0 --size_z 18.0 --exhaustiveness 16 --num_modes 9 --energy_range 3,completed
C:\Users\srira\Desktop\new_plan\EMD_V5_2_Hybrid\06_docking\receptor\jak2_prepared.pdbqt,C:\Users\srira\Desktop\new_plan\EMD_V5_2_Hybrid\06_docking\ligands_pdbqt\CAND_4bf5715aca.pdbqt,C:\Users\srira\Desktop\new_plan\EMD_V5_2_Hybrid\06_docking\poses\CAND_4bf5715aca_vina_out.pdbqt,C:\Users\srira\Desktop\new_plan\EMD_V5_2_Hybrid\06_docking\scores\CAND_4bf5715aca_vina.log,32.53,13.271,-3.863,18.0,18.0,18.0,16,9,3,vina --receptor 'C:\Users\srira\Desktop\new_plan\EMD_V5_2_Hybrid\06_docking\receptor\jak2_prepared.pdbqt' --ligand 'C:\Users\srira\Desktop\new_plan\EMD_V5_2_Hybrid\06_docking\ligands_pdbqt\CAND_4bf5715aca.pdbqt' --out 'C:\Users\srira\Desktop\new_plan\EMD_V5_2_Hybrid\06_docking\poses\CAND_4bf5715aca_vina_out.pdbqt' --center_x 32.53 --center_y 13.271 --center_z -3.863 --size_x 18.0 --size_y 18.0 --size_z 18.0 --exhaustiveness 16 --num_modes 9 --energy_range 3,completed
C:\Users\srira\Desktop\new_plan\EMD_V5_2_Hybrid\06_docking\receptor\jak2_prepared.pdbqt,C:\Users\srira\Desktop\new_plan\EMD_V5_2_Hybrid\06_docking\ligands_pdbqt\CAND_527b0c26f5.pdbqt,C:\Users\srira\Desktop\new_plan\EMD_V5_2_Hybrid\06_docking\poses\CAND_527b0c26f5_vina_out.pdbqt,C:\Users\srira\Desktop\new_plan\EMD_V5_2_Hybrid\06_docking\scores\CAND_527b0c26f5_vina.log,32.53,13.271,-3.863,18.0,18.0,18.0,16,9,3,vina --receptor 'C:\Users\srira\Desktop\new_plan\EMD_V5_2_Hybrid\06_docking\receptor\jak2_prepared.pdbqt' --ligand 'C:\Users\srira\Desktop\new_plan\EMD_V5_2_Hybrid\06_docking\ligands_pdbqt\CAND_527b0c26f5.pdbqt' --out 'C:\Users\srira\Desktop\new_plan\EMD_V5_2_Hybrid\06_docking\poses\CAND_527b0c26f5_vina_out.pdbqt' --center_x 32.53 --center_y 13.271 --center_z -3.863 --size_x 18.0 --size_y 18.0 --size_z 18.0 --exhaustiveness 16 --num_modes 9 --energy_range 3,completed
C:\Users\srira\Desktop\new_plan\EMD_V5_2_Hybrid\06_docking\receptor\jak2_prepared.pdbqt,C:\Users\srira\Desktop\new_plan\EMD_V5_2_Hybrid\06_docking\ligands_pdbqt\CAND_56ba271daf.pdbqt,C:\Users\srira\Desktop\new_plan\EMD_V5_2_Hybrid\06_docking\poses\CAND_56ba271daf_vina_out.pdbqt,C:\Users\srira\Desktop\new_plan\EMD_V5_2_Hybrid\06_docking\scores\CAND_56ba271daf_vina.log,32.53,13.271,-3.863,18.0,18.0,18.0,16,9,3,vina --receptor 'C:\Users\srira\Desktop\new_plan\EMD_V5_2_Hybrid\06_docking\receptor\jak2_prepared.pdbqt' --ligand 'C:\Users\srira\Desktop\new_plan\EMD_V5_2_Hybrid\06_docking\ligands_pdbqt\CAND_56ba271daf.pdbqt' --out 'C:\Users\srira\Desktop\new_plan\EMD_V5_2_Hybrid\06_docking\poses\CAND_56ba271daf_vina_out.pdbqt' --center_x 32.53 --center_y 13.271 --center_z -3.863 --size_x 18.0 --size_y 18.0 --size_z 18.0 --exhaustiveness 16 --num_modes 9 --energy_range 3,completed
C:\Users\srira\Desktop\new_plan\EMD_V5_2_Hybrid\06_docking\receptor\jak2_prepared.pdbqt,C:\Users\srira\Desktop\new_plan\EMD_V5_2_Hybrid\06_docking\ligands_pdbqt\CAND_57118fd3af.pdbqt,C:\Users\srira\Desktop\new_plan\EMD_V5_2_Hybrid\06_docking\poses\CAND_57118fd3af_vina_out.pdbqt,C:\Users\srira\Desktop\new_plan\EMD_V5_2_Hybrid\06_docking\scores\CAND_57118fd3af_vina.log,32.53,13.271,-3.863,18.0,18.0,18.0,16,9,3,vina --receptor 'C:\Users\srira\Desktop\new_plan\EMD_V5_2_Hybrid\06_docking\receptor\jak2_prepared.pdbqt' --ligand 'C:\Users\srira\Desktop\new_plan\EMD_V5_2_Hybrid\06_docking\ligands_pdbqt\CAND_57118fd3af.pdbqt' --out 'C:\Users\srira\Desktop\new_plan\EMD_V5_2_Hybrid\06_docking\poses\CAND_57118fd3af_vina_out.pdbqt' --center_x 32.53 --center_y 13.271 --center_z -3.863 --size_x 18.0 --size_y 18.0 --size_z 18.0 --exhaustiveness 16 --num_modes 9 --energy_range 3,completed
C:\Users\srira\Desktop\new_plan\EMD_V5_2_Hybrid\06_docking\receptor\jak2_prepared.pdbqt,C:\Users\srira\Desktop\new_plan\EMD_V5_2_Hybrid\06_docking\ligands_pdbqt\CAND_577f2e4a02.pdbqt,C:\Users\srira\Desktop\new_plan\EMD_V5_2_Hybrid\06_docking\poses\CAND_577f2e4a02_vina_out.pdbqt,C:\Users\srira\Desktop\new_plan\EMD_V5_2_Hybrid\06_docking\scores\CAND_577f2e4a02_vina.log,32.53,13.271,-3.863,18.0,18.0,18.0,16,9,3,vina --receptor 'C:\Users\srira\Desktop\new_plan\EMD_V5_2_Hybrid\06_docking\receptor\jak2_prepared.pdbqt' --ligand 'C:\Users\srira\Desktop\new_plan\EMD_V5_2_Hybrid\06_docking\ligands_pdbqt\CAND_577f2e4a02.pdbqt' --out 'C:\Users\srira\Desktop\new_plan\EMD_V5_2_Hybrid\06_docking\poses\CAND_577f2e4a02_vina_out.pdbqt' --center_x 32.53 --center_y 13.271 --center_z -3.863 --size_x 18.0 --size_y 18.0 --size_z 18.0 --exhaustiveness 16 --num_modes 9 --energy_range 3,completed
C:\Users\srira\Desktop\new_plan\EMD_V5_2_Hybrid\06_docking\receptor\jak2_prepared.pdbqt,C:\Users\srira\Desktop\new_plan\EMD_V5_2_Hybrid\06_docking\ligands_pdbqt\CAND_582e6f4484.pdbqt,C:\Users\srira\Desktop\new_plan\EMD_V5_2_Hybrid\06_docking\poses\CAND_582e6f4484_vina_out.pdbqt,C:\Users\srira\Desktop\new_plan\EMD_V5_2_Hybrid\06_docking\scores\CAND_582e6f4484_vina.log,32.53,13.271,-3.863,18.0,18.0,18.0,16,9,3,vina --receptor 'C:\Users\srira\Desktop\new_plan\EMD_V5_2_Hybrid\06_docking\receptor\jak2_prepared.pdbqt' --ligand 'C:\Users\srira\Desktop\new_plan\EMD_V5_2_Hybrid\06_docking\ligands_pdbqt\CAND_582e6f4484.pdbqt' --out 'C:\Users\srira\Desktop\new_plan\EMD_V5_2_Hybrid\06_docking\poses\CAND_582e6f4484_vina_out.pdbqt' --center_x 32.53 --center_y 13.271 --center_z -3.863 --size_x 18.0 --size_y 18.0 --size_z 18.0 --exhaustiveness 16 --num_modes 9 --energy_range 3,completed
C:\Users\srira\Desktop\new_plan\EMD_V5_2_Hybrid\06_docking\receptor\jak2_prepared.pdbqt,C:\Users\srira\Desktop\new_plan\EMD_V5_2_Hybrid\06_docking\ligands_pdbqt\CAND_5aa3611fa3.pdbqt,C:\Users\srira\Desktop\new_plan\EMD_V5_2_Hybrid\06_docking\poses\CAND_5aa3611fa3_vina_out.pdbqt,C:\Users\srira\Desktop\new_plan\EMD_V5_2_Hybrid\06_docking\scores\CAND_5aa3611fa3_vina.log,32.53,13.271,-3.863,18.0,18.0,18.0,16,9,3,vina --receptor 'C:\Users\srira\Desktop\new_plan\EMD_V5_2_Hybrid\06_docking\receptor\jak2_prepared.pdbqt' --ligand 'C:\Users\srira\Desktop\new_plan\EMD_V5_2_Hybrid\06_docking\ligands_pdbqt\CAND_5aa3611fa3.pdbqt' --out 'C:\Users\srira\Desktop\new_plan\EMD_V5_2_Hybrid\06_docking\poses\CAND_5aa3611fa3_vina_out.pdbqt' --center_x 32.53 --center_y 13.271 --center_z -3.863 --size_x 18.0 --size_y 18.0 --size_z 18.0 --exhaustiveness 16 --num_modes 9 --energy_range 3,completed
C:\Users\srira\Desktop\new_plan\EMD_V5_2_Hybrid\06_docking\receptor\jak2_prepared.pdbqt,C:\Users\srira\Desktop\new_plan\EMD_V5_2_Hybrid\06_docking\ligands_pdbqt\CAND_5b15561f8a.pdbqt,C:\Users\srira\Desktop\new_plan\EMD_V5_2_Hybrid\06_docking\poses\CAND_5b15561f8a_vina_out.pdbqt,C:\Users\srira\Desktop\new_plan\EMD_V5_2_Hybrid\06_docking\scores\CAND_5b15561f8a_vina.log,32.53,13.271,-3.863,18.0,18.0,18.0,16,9,3,vina --receptor 'C:\Users\srira\Desktop\new_plan\EMD_V5_2_Hybrid\06_docking\receptor\jak2_prepared.pdbqt' --ligand 'C:\Users\srira\Desktop\new_plan\EMD_V5_2_Hybrid\06_docking\ligands_pdbqt\CAND_5b15561f8a.pdbqt' --out 'C:\Users\srira\Desktop\new_plan\EMD_V5_2_Hybrid\06_docking\poses\CAND_5b15561f8a_vina_out.pdbqt' --center_x 32.53 --center_y 13.271 --center_z -3.863 --size_x 18.0 --size_y 18.0 --size_z 18.0 --exhaustiveness 16 --num_modes 9 --energy_range 3,completed
C:\Users\srira\Desktop\new_plan\EMD_V5_2_Hybrid\06_docking\receptor\jak2_prepared.pdbqt,C:\Users\srira\Desktop\new_plan\EMD_V5_2_Hybrid\06_docking\ligands_pdbqt\CAND_5b2ed42749.pdbqt,C:\Users\srira\Desktop\new_plan\EMD_V5_2_Hybrid\06_docking\poses\CAND_5b2ed42749_vina_out.pdbqt,C:\Users\srira\Desktop\new_plan\EMD_V5_2_Hybrid\06_docking\scores\CAND_5b2ed42749_vina.log,32.53,13.271,-3.863,18.0,18.0,18.0,16,9,3,vina --receptor 'C:\Users\srira\Desktop\new_plan\EMD_V5_2_Hybrid\06_docking\receptor\jak2_prepared.pdbqt' --ligand 'C:\Users\srira\Desktop\new_plan\EMD_V5_2_Hybrid\06_docking\ligands_pdbqt\CAND_5b2ed42749.pdbqt' --out 'C:\Users\srira\Desktop\new_plan\EMD_V5_2_Hybrid\06_docking\poses\CAND_5b2ed42749_vina_out.pdbqt' --center_x 32.53 --center_y 13.271 --center_z -3.863 --size_x 18.0 --size_y 18.0 --size_z 18.0 --exhaustiveness 16 --num_modes 9 --energy_range 3,completed
C:\Users\srira\Desktop\new_plan\EMD_V5_2_Hybrid\06_docking\receptor\jak2_prepared.pdbqt,C:\Users\srira\Desktop\new_plan\EMD_V5_2_Hybrid\06_docking\ligands_pdbqt\CAND_5bcd4c7daf.pdbqt,C:\Users\srira\Desktop\new_plan\EMD_V5_2_Hybrid\06_docking\poses\CAND_5bcd4c7daf_vina_out.pdbqt,C:\Users\srira\Desktop\new_plan\EMD_V5_2_Hybrid\06_docking\scores\CAND_5bcd4c7daf_vina.log,32.53,13.271,-3.863,18.0,18.0,18.0,16,9,3,vina --receptor 'C:\Users\srira\Desktop\new_plan\EMD_V5_2_Hybrid\06_docking\receptor\jak2_prepared.pdbqt' --ligand 'C:\Users\srira\Desktop\new_plan\EMD_V5_2_Hybrid\06_docking\ligands_pdbqt\CAND_5bcd4c7daf.pdbqt' --out 'C:\Users\srira\Desktop\new_plan\EMD_V5_2_Hybrid\06_docking\poses\CAND_5bcd4c7daf_vina_out.pdbqt' --center_x 32.53 --center_y 13.271 --center_z -3.863 --size_x 18.0 --size_y 18.0 --size_z 18.0 --exhaustiveness 16 --num_modes 9 --energy_range 3,completed
C:\Users\srira\Desktop\new_plan\EMD_V5_2_Hybrid\06_docking\receptor\jak2_prepared.pdbqt,C:\Users\srira\Desktop\new_plan\EMD_V5_2_Hybrid\06_docking\ligands_pdbqt\CAND_5ca47dbfbb.pdbqt,C:\Users\srira\Desktop\new_plan\EMD_V5_2_Hybrid\06_docking\poses\CAND_5ca47dbfbb_vina_out.pdbqt,C:\Users\srira\Desktop\new_plan\EMD_V5_2_Hybrid\06_docking\scores\CAND_5ca47dbfbb_vina.log,32.53,13.271,-3.863,18.0,18.0,18.0,16,9,3,vina --receptor 'C:\Users\srira\Desktop\new_plan\EMD_V5_2_Hybrid\06_docking\receptor\jak2_prepared.pdbqt' --ligand 'C:\Users\srira\Desktop\new_plan\EMD_V5_2_Hybrid\06_docking\ligands_pdbqt\CAND_5ca47dbfbb.pdbqt' --out 'C:\Users\srira\Desktop\new_plan\EMD_V5_2_Hybrid\06_docking\poses\CAND_5ca47dbfbb_vina_out.pdbqt' --center_x 32.53 --center_y 13.271 --center_z -3.863 --size_x 18.0 --size_y 18.0 --size_z 18.0 --exhaustiveness 16 --num_modes 9 --energy_range 3,completed
C:\Users\srira\Desktop\new_plan\EMD_V5_2_Hybrid\06_docking\receptor\jak2_prepared.pdbqt,C:\Users\srira\Desktop\new_plan\EMD_V5_2_Hybrid\06_docking\ligands_pdbqt\CAND_5e5838b904.pdbqt,C:\Users\srira\Desktop\new_plan\EMD_V5_2_Hybrid\06_docking\poses\CAND_5e5838b904_vina_out.pdbqt,C:\Users\srira\Desktop\new_plan\EMD_V5_2_Hybrid\06_docking\scores\CAND_5e5838b904_vina.log,32.53,13.271,-3.863,18.0,18.0,18.0,16,9,3,vina --receptor 'C:\Users\srira\Desktop\new_plan\EMD_V5_2_Hybrid\06_docking\receptor\jak2_prepared.pdbqt' --ligand 'C:\Users\srira\Desktop\new_plan\EMD_V5_2_Hybrid\06_docking\ligands_pdbqt\CAND_5e5838b904.pdbqt' --out 'C:\Users\srira\Desktop\new_plan\EMD_V5_2_Hybrid\06_docking\poses\CAND_5e5838b904_vina_out.pdbqt' --center_x 32.53 --center_y 13.271 --center_z -3.863 --size_x 18.0 --size_y 18.0 --size_z 18.0 --exhaustiveness 16 --num_modes 9 --energy_range 3,completed
C:\Users\srira\Desktop\new_plan\EMD_V5_2_Hybrid\06_docking\receptor\jak2_prepared.pdbqt,C:\Users\srira\Desktop\new_plan\EMD_V5_2_Hybrid\06_docking\ligands_pdbqt\CAND_6741d8c72c.pdbqt,C:\Users\srira\Desktop\new_plan\EMD_V5_2_Hybrid\06_docking\poses\CAND_6741d8c72c_vina_out.pdbqt,C:\Users\srira\Desktop\new_plan\EMD_V5_2_Hybrid\06_docking\scores\CAND_6741d8c72c_vina.log,32.53,13.271,-3.863,18.0,18.0,18.0,16,9,3,vina --receptor 'C:\Users\srira\Desktop\new_plan\EMD_V5_2_Hybrid\06_docking\receptor\jak2_prepared.pdbqt' --ligand 'C:\Users\srira\Desktop\new_plan\EMD_V5_2_Hybrid\06_docking\ligands_pdbqt\CAND_6741d8c72c.pdbqt' --out 'C:\Users\srira\Desktop\new_plan\EMD_V5_2_Hybrid\06_docking\poses\CAND_6741d8c72c_vina_out.pdbqt' --center_x 32.53 --center_y 13.271 --center_z -3.863 --size_x 18.0 --size_y 18.0 --size_z 18.0 --exhaustiveness 16 --num_modes 9 --energy_range 3,completed
C:\Users\srira\Desktop\new_plan\EMD_V5_2_Hybrid\06_docking\receptor\jak2_prepared.pdbqt,C:\Users\srira\Desktop\new_plan\EMD_V5_2_Hybrid\06_docking\ligands_pdbqt\CAND_67afdb076f.pdbqt,C:\Users\srira\Desktop\new_plan\EMD_V5_2_Hybrid\06_docking\poses\CAND_67afdb076f_vina_out.pdbqt,C:\Users\srira\Desktop\new_plan\EMD_V5_2_Hybrid\06_docking\scores\CAND_67afdb076f_vina.log,32.53,13.271,-3.863,18.0,18.0,18.0,16,9,3,vina --receptor 'C:\Users\srira\Desktop\new_plan\EMD_V5_2_Hybrid\06_docking\receptor\jak2_prepared.pdbqt' --ligand 'C:\Users\srira\Desktop\new_plan\EMD_V5_2_Hybrid\06_docking\ligands_pdbqt\CAND_67afdb076f.pdbqt' --out 'C:\Users\srira\Desktop\new_plan\EMD_V5_2_Hybrid\06_docking\poses\CAND_67afdb076f_vina_out.pdbqt' --center_x 32.53 --center_y 13.271 --center_z -3.863 --size_x 18.0 --size_y 18.0 --size_z 18.0 --exhaustiveness 16 --num_modes 9 --energy_range 3,completed
C:\Users\srira\Desktop\new_plan\EMD_V5_2_Hybrid\06_docking\receptor\jak2_prepared.pdbqt,C:\Users\srira\Desktop\new_plan\EMD_V5_2_Hybrid\06_docking\ligands_pdbqt\CAND_68664579d9.pdbqt,C:\Users\srira\Desktop\new_plan\EMD_V5_2_Hybrid\06_docking\poses\CAND_68664579d9_vina_out.pdbqt,C:\Users\srira\Desktop\new_plan\EMD_V5_2_Hybrid\06_docking\scores\CAND_68664579d9_vina.log,32.53,13.271,-3.863,18.0,18.0,18.0,16,9,3,vina --receptor 'C:\Users\srira\Desktop\new_plan\EMD_V5_2_Hybrid\06_docking\receptor\jak2_prepared.pdbqt' --ligand 'C:\Users\srira\Desktop\new_plan\EMD_V5_2_Hybrid\06_docking\ligands_pdbqt\CAND_68664579d9.pdbqt' --out 'C:\Users\srira\Desktop\new_plan\EMD_V5_2_Hybrid\06_docking\poses\CAND_68664579d9_vina_out.pdbqt' --center_x 32.53 --center_y 13.271 --center_z -3.863 --size_x 18.0 --size_y 18.0 --size_z 18.0 --exhaustiveness 16 --num_modes 9 --energy_range 3,completed
C:\Users\srira\Desktop\new_plan\EMD_V5_2_Hybrid\06_docking\receptor\jak2_prepared.pdbqt,C:\Users\srira\Desktop\new_plan\EMD_V5_2_Hybrid\06_docking\ligands_pdbqt\CAND_689b77b5c8.pdbqt,C:\Users\srira\Desktop\new_plan\EMD_V5_2_Hybrid\06_docking\poses\CAND_689b77b5c8_vina_out.pdbqt,C:\Users\srira\Desktop\new_plan\EMD_V5_2_Hybrid\06_docking\scores\CAND_689b77b5c8_vina.log,32.53,13.271,-3.863,18.0,18.0,18.0,16,9,3,vina --receptor 'C:\Users\srira\Desktop\new_plan\EMD_V5_2_Hybrid\06_docking\receptor\jak2_prepared.pdbqt' --ligand 'C:\Users\srira\Desktop\new_plan\EMD_V5_2_Hybrid\06_docking\ligands_pdbqt\CAND_689b77b5c8.pdbqt' --out 'C:\Users\srira\Desktop\new_plan\EMD_V5_2_Hybrid\06_docking\poses\CAND_689b77b5c8_vina_out.pdbqt' --center_x 32.53 --center_y 13.271 --center_z -3.863 --size_x 18.0 --size_y 18.0 --size_z 18.0 --exhaustiveness 16 --num_modes 9 --energy_range 3,completed
C:\Users\srira\Desktop\new_plan\EMD_V5_2_Hybrid\06_docking\receptor\jak2_prepared.pdbqt,C:\Users\srira\Desktop\new_plan\EMD_V5_2_Hybrid\06_docking\ligands_pdbqt\CAND_68b80f53f9.pdbqt,C:\Users\srira\Desktop\new_plan\EMD_V5_2_Hybrid\06_docking\poses\CAND_68b80f53f9_vina_out.pdbqt,C:\Users\srira\Desktop\new_plan\EMD_V5_2_Hybrid\06_docking\scores\CAND_68b80f53f9_vina.log,32.53,13.271,-3.863,18.0,18.0,18.0,16,9,3,vina --receptor 'C:\Users\srira\Desktop\new_plan\EMD_V5_2_Hybrid\06_docking\receptor\jak2_prepared.pdbqt' --ligand 'C:\Users\srira\Desktop\new_plan\EMD_V5_2_Hybrid\06_docking\ligands_pdbqt\CAND_68b80f53f9.pdbqt' --out 'C:\Users\srira\Desktop\new_plan\EMD_V5_2_Hybrid\06_docking\poses\CAND_68b80f53f9_vina_out.pdbqt' --center_x 32.53 --center_y 13.271 --center_z -3.863 --size_x 18.0 --size_y 18.0 --size_z 18.0 --exhaustiveness 16 --num_modes 9 --energy_range 3,completed
C:\Users\srira\Desktop\new_plan\EMD_V5_2_Hybrid\06_docking\receptor\jak2_prepared.pdbqt,C:\Users\srira\Desktop\new_plan\EMD_V5_2_Hybrid\06_docking\ligands_pdbqt\CAND_754572eec6.pdbqt,C:\Users\srira\Desktop\new_plan\EMD_V5_2_Hybrid\06_docking\poses\CAND_754572eec6_vina_out.pdbqt,C:\Users\srira\Desktop\new_plan\EMD_V5_2_Hybrid\06_docking\scores\CAND_754572eec6_vina.log,32.53,13.271,-3.863,18.0,18.0,18.0,16,9,3,vina --receptor 'C:\Users\srira\Desktop\new_plan\EMD_V5_2_Hybrid\06_docking\receptor\jak2_prepared.pdbqt' --ligand 'C:\Users\srira\Desktop\new_plan\EMD_V5_2_Hybrid\06_docking\ligands_pdbqt\CAND_754572eec6.pdbqt' --out 'C:\Users\srira\Desktop\new_plan\EMD_V5_2_Hybrid\06_docking\poses\CAND_754572eec6_vina_out.pdbqt' --center_x 32.53 --center_y 13.271 --center_z -3.863 --size_x 18.0 --size_y 18.0 --size_z 18.0 --exhaustiveness 16 --num_modes 9 --energy_range 3,completed
C:\Users\srira\Desktop\new_plan\EMD_V5_2_Hybrid\06_docking\receptor\jak2_prepared.pdbqt,C:\Users\srira\Desktop\new_plan\EMD_V5_2_Hybrid\06_docking\ligands_pdbqt\CAND_75476d0578.pdbqt,C:\Users\srira\Desktop\new_plan\EMD_V5_2_Hybrid\06_docking\poses\CAND_75476d0578_vina_out.pdbqt,C:\Users\srira\Desktop\new_plan\EMD_V5_2_Hybrid\06_docking\scores\CAND_75476d0578_vina.log,32.53,13.271,-3.863,18.0,18.0,18.0,16,9,3,vina --receptor 'C:\Users\srira\Desktop\new_plan\EMD_V5_2_Hybrid\06_docking\receptor\jak2_prepared.pdbqt' --ligand 'C:\Users\srira\Desktop\new_plan\EMD_V5_2_Hybrid\06_docking\ligands_pdbqt\CAND_75476d0578.pdbqt' --out 'C:\Users\srira\Desktop\new_plan\EMD_V5_2_Hybrid\06_docking\poses\CAND_75476d0578_vina_out.pdbqt' --center_x 32.53 --center_y 13.271 --center_z -3.863 --size_x 18.0 --size_y 18.0 --size_z 18.0 --exhaustiveness 16 --num_modes 9 --energy_range 3,completed
C:\Users\srira\Desktop\new_plan\EMD_V5_2_Hybrid\06_docking\receptor\jak2_prepared.pdbqt,C:\Users\srira\Desktop\new_plan\EMD_V5_2_Hybrid\06_docking\ligands_pdbqt\CAND_764d7e347a.pdbqt,C:\Users\srira\Desktop\new_plan\EMD_V5_2_Hybrid\06_docking\poses\CAND_764d7e347a_vina_out.pdbqt,C:\Users\srira\Desktop\new_plan\EMD_V5_2_Hybrid\06_docking\scores\CAND_764d7e347a_vina.log,32.53,13.271,-3.863,18.0,18.0,18.0,16,9,3,vina --receptor 'C:\Users\srira\Desktop\new_plan\EMD_V5_2_Hybrid\06_docking\receptor\jak2_prepared.pdbqt' --ligand 'C:\Users\srira\Desktop\new_plan\EMD_V5_2_Hybrid\06_docking\ligands_pdbqt\CAND_764d7e347a.pdbqt' --out 'C:\Users\srira\Desktop\new_plan\EMD_V5_2_Hybrid\06_docking\poses\CAND_764d7e347a_vina_out.pdbqt' --center_x 32.53 --center_y 13.271 --center_z -3.863 --size_x 18.0 --size_y 18.0 --size_z 18.0 --exhaustiveness 16 --num_modes 9 --energy_range 3,completed
C:\Users\srira\Desktop\new_plan\EMD_V5_2_Hybrid\06_docking\receptor\jak2_prepared.pdbqt,C:\Users\srira\Desktop\new_plan\EMD_V5_2_Hybrid\06_docking\ligands_pdbqt\CAND_7663dcf937.pdbqt,C:\Users\srira\Desktop\new_plan\EMD_V5_2_Hybrid\06_docking\poses\CAND_7663dcf937_vina_out.pdbqt,C:\Users\srira\Desktop\new_plan\EMD_V5_2_Hybrid\06_docking\scores\CAND_7663dcf937_vina.log,32.53,13.271,-3.863,18.0,18.0,18.0,16,9,3,vina --receptor 'C:\Users\srira\Desktop\new_plan\EMD_V5_2_Hybrid\06_docking\receptor\jak2_prepared.pdbqt' --ligand 'C:\Users\srira\Desktop\new_plan\EMD_V5_2_Hybrid\06_docking\ligands_pdbqt\CAND_7663dcf937.pdbqt' --out 'C:\Users\srira\Desktop\new_plan\EMD_V5_2_Hybrid\06_docking\poses\CAND_7663dcf937_vina_out.pdbqt' --center_x 32.53 --center_y 13.271 --center_z -3.863 --size_x 18.0 --size_y 18.0 --size_z 18.0 --exhaustiveness 16 --num_modes 9 --energy_range 3,completed
C:\Users\srira\Desktop\new_plan\EMD_V5_2_Hybrid\06_docking\receptor\jak2_prepared.pdbqt,C:\Users\srira\Desktop\new_plan\EMD_V5_2_Hybrid\06_docking\ligands_pdbqt\CAND_780e7a8d6a.pdbqt,C:\Users\srira\Desktop\new_plan\EMD_V5_2_Hybrid\06_docking\poses\CAND_780e7a8d6a_vina_out.pdbqt,C:\Users\srira\Desktop\new_plan\EMD_V5_2_Hybrid\06_docking\scores\CAND_780e7a8d6a_vina.log,32.53,13.271,-3.863,18.0,18.0,18.0,16,9,3,vina --receptor 'C:\Users\srira\Desktop\new_plan\EMD_V5_2_Hybrid\06_docking\receptor\jak2_prepared.pdbqt' --ligand 'C:\Users\srira\Desktop\new_plan\EMD_V5_2_Hybrid\06_docking\ligands_pdbqt\CAND_780e7a8d6a.pdbqt' --out 'C:\Users\srira\Desktop\new_plan\EMD_V5_2_Hybrid\06_docking\poses\CAND_780e7a8d6a_vina_out.pdbqt' --center_x 32.53 --center_y 13.271 --center_z -3.863 --size_x 18.0 --size_y 18.0 --size_z 18.0 --exhaustiveness 16 --num_modes 9 --energy_range 3,completed
C:\Users\srira\Desktop\new_plan\EMD_V5_2_Hybrid\06_docking\receptor\jak2_prepared.pdbqt,C:\Users\srira\Desktop\new_plan\EMD_V5_2_Hybrid\06_docking\ligands_pdbqt\CAND_7dcbdae80a.pdbqt,C:\Users\srira\Desktop\new_plan\EMD_V5_2_Hybrid\06_docking\poses\CAND_7dcbdae80a_vina_out.pdbqt,C:\Users\srira\Desktop\new_plan\EMD_V5_2_Hybrid\06_docking\scores\CAND_7dcbdae80a_vina.log,32.53,13.271,-3.863,18.0,18.0,18.0,16,9,3,vina --receptor 'C:\Users\srira\Desktop\new_plan\EMD_V5_2_Hybrid\06_docking\receptor\jak2_prepared.pdbqt' --ligand 'C:\Users\srira\Desktop\new_plan\EMD_V5_2_Hybrid\06_docking\ligands_pdbqt\CAND_7dcbdae80a.pdbqt' --out 'C:\Users\srira\Desktop\new_plan\EMD_V5_2_Hybrid\06_docking\poses\CAND_7dcbdae80a_vina_out.pdbqt' --center_x 32.53 --center_y 13.271 --center_z -3.863 --size_x 18.0 --size_y 18.0 --size_z 18.0 --exhaustiveness 16 --num_modes 9 --energy_range 3,completed
C:\Users\srira\Desktop\new_plan\EMD_V5_2_Hybrid\06_docking\receptor\jak2_prepared.pdbqt,C:\Users\srira\Desktop\new_plan\EMD_V5_2_Hybrid\06_docking\ligands_pdbqt\CAND_7dce99bd6a.pdbqt,C:\Users\srira\Desktop\new_plan\EMD_V5_2_Hybrid\06_docking\poses\CAND_7dce99bd6a_vina_out.pdbqt,C:\Users\srira\Desktop\new_plan\EMD_V5_2_Hybrid\06_docking\scores\CAND_7dce99bd6a_vina.log,32.53,13.271,-3.863,18.0,18.0,18.0,16,9,3,vina --receptor 'C:\Users\srira\Desktop\new_plan\EMD_V5_2_Hybrid\06_docking\receptor\jak2_prepared.pdbqt' --ligand 'C:\Users\srira\Desktop\new_plan\EMD_V5_2_Hybrid\06_docking\ligands_pdbqt\CAND_7dce99bd6a.pdbqt' --out 'C:\Users\srira\Desktop\new_plan\EMD_V5_2_Hybrid\06_docking\poses\CAND_7dce99bd6a_vina_out.pdbqt' --center_x 32.53 --center_y 13.271 --center_z -3.863 --size_x 18.0 --size_y 18.0 --size_z 18.0 --exhaustiveness 16 --num_modes 9 --energy_range 3,completed
C:\Users\srira\Desktop\new_plan\EMD_V5_2_Hybrid\06_docking\receptor\jak2_prepared.pdbqt,C:\Users\srira\Desktop\new_plan\EMD_V5_2_Hybrid\06_docking\ligands_pdbqt\CAND_801ac66786.pdbqt,C:\Users\srira\Desktop\new_plan\EMD_V5_2_Hybrid\06_docking\poses\CAND_801ac66786_vina_out.pdbqt,C:\Users\srira\Desktop\new_plan\EMD_V5_2_Hybrid\06_docking\scores\CAND_801ac66786_vina.log,32.53,13.271,-3.863,18.0,18.0,18.0,16,9,3,vina --receptor 'C:\Users\srira\Desktop\new_plan\EMD_V5_2_Hybrid\06_docking\receptor\jak2_prepared.pdbqt' --ligand 'C:\Users\srira\Desktop\new_plan\EMD_V5_2_Hybrid\06_docking\ligands_pdbqt\CAND_801ac66786.pdbqt' --out 'C:\Users\srira\Desktop\new_plan\EMD_V5_2_Hybrid\06_docking\poses\CAND_801ac66786_vina_out.pdbqt' --center_x 32.53 --center_y 13.271 --center_z -3.863 --size_x 18.0 --size_y 18.0 --size_z 18.0 --exhaustiveness 16 --num_modes 9 --energy_range 3,completed
C:\Users\srira\Desktop\new_plan\EMD_V5_2_Hybrid\06_docking\receptor\jak2_prepared.pdbqt,C:\Users\srira\Desktop\new_plan\EMD_V5_2_Hybrid\06_docking\ligands_pdbqt\CAND_81820b935b.pdbqt,C:\Users\srira\Desktop\new_plan\EMD_V5_2_Hybrid\06_docking\poses\CAND_81820b935b_vina_out.pdbqt,C:\Users\srira\Desktop\new_plan\EMD_V5_2_Hybrid\06_docking\scores\CAND_81820b935b_vina.log,32.53,13.271,-3.863,18.0,18.0,18.0,16,9,3,vina --receptor 'C:\Users\srira\Desktop\new_plan\EMD_V5_2_Hybrid\06_docking\receptor\jak2_prepared.pdbqt' --ligand 'C:\Users\srira\Desktop\new_plan\EMD_V5_2_Hybrid\06_docking\ligands_pdbqt\CAND_81820b935b.pdbqt' --out 'C:\Users\srira\Desktop\new_plan\EMD_V5_2_Hybrid\06_docking\poses\CAND_81820b935b_vina_out.pdbqt' --center_x 32.53 --center_y 13.271 --center_z -3.863 --size_x 18.0 --size_y 18.0 --size_z 18.0 --exhaustiveness 16 --num_modes 9 --energy_range 3,completed
C:\Users\srira\Desktop\new_plan\EMD_V5_2_Hybrid\06_docking\receptor\jak2_prepared.pdbqt,C:\Users\srira\Desktop\new_plan\EMD_V5_2_Hybrid\06_docking\ligands_pdbqt\CAND_842555d85a.pdbqt,C:\Users\srira\Desktop\new_plan\EMD_V5_2_Hybrid\06_docking\poses\CAND_842555d85a_vina_out.pdbqt,C:\Users\srira\Desktop\new_plan\EMD_V5_2_Hybrid\06_docking\scores\CAND_842555d85a_vina.log,32.53,13.271,-3.863,18.0,18.0,18.0,16,9,3,vina --receptor 'C:\Users\srira\Desktop\new_plan\EMD_V5_2_Hybrid\06_docking\receptor\jak2_prepared.pdbqt' --ligand 'C:\Users\srira\Desktop\new_plan\EMD_V5_2_Hybrid\06_docking\ligands_pdbqt\CAND_842555d85a.pdbqt' --out 'C:\Users\srira\Desktop\new_plan\EMD_V5_2_Hybrid\06_docking\poses\CAND_842555d85a_vina_out.pdbqt' --center_x 32.53 --center_y 13.271 --center_z -3.863 --size_x 18.0 --size_y 18.0 --size_z 18.0 --exhaustiveness 16 --num_modes 9 --energy_range 3,completed
C:\Users\srira\Desktop\new_plan\EMD_V5_2_Hybrid\06_docking\receptor\jak2_prepared.pdbqt,C:\Users\srira\Desktop\new_plan\EMD_V5_2_Hybrid\06_docking\ligands_pdbqt\CAND_8473513606.pdbqt,C:\Users\srira\Desktop\new_plan\EMD_V5_2_Hybrid\06_docking\poses\CAND_8473513606_vina_out.pdbqt,C:\Users\srira\Desktop\new_plan\EMD_V5_2_Hybrid\06_docking\scores\CAND_8473513606_vina.log,32.53,13.271,-3.863,18.0,18.0,18.0,16,9,3,vina --receptor 'C:\Users\srira\Desktop\new_plan\EMD_V5_2_Hybrid\06_docking\receptor\jak2_prepared.pdbqt' --ligand 'C:\Users\srira\Desktop\new_plan\EMD_V5_2_Hybrid\06_docking\ligands_pdbqt\CAND_8473513606.pdbqt' --out 'C:\Users\srira\Desktop\new_plan\EMD_V5_2_Hybrid\06_docking\poses\CAND_8473513606_vina_out.pdbqt' --center_x 32.53 --center_y 13.271 --center_z -3.863 --size_x 18.0 --size_y 18.0 --size_z 18.0 --exhaustiveness 16 --num_modes 9 --energy_range 3,completed
C:\Users\srira\Desktop\new_plan\EMD_V5_2_Hybrid\06_docking\receptor\jak2_prepared.pdbqt,C:\Users\srira\Desktop\new_plan\EMD_V5_2_Hybrid\06_docking\ligands_pdbqt\CAND_8644fd175c.pdbqt,C:\Users\srira\Desktop\new_plan\EMD_V5_2_Hybrid\06_docking\poses\CAND_8644fd175c_vina_out.pdbqt,C:\Users\srira\Desktop\new_plan\EMD_V5_2_Hybrid\06_docking\scores\CAND_8644fd175c_vina.log,32.53,13.271,-3.863,18.0,18.0,18.0,16,9,3,vina --receptor 'C:\Users\srira\Desktop\new_plan\EMD_V5_2_Hybrid\06_docking\receptor\jak2_prepared.pdbqt' --ligand 'C:\Users\srira\Desktop\new_plan\EMD_V5_2_Hybrid\06_docking\ligands_pdbqt\CAND_8644fd175c.pdbqt' --out 'C:\Users\srira\Desktop\new_plan\EMD_V5_2_Hybrid\06_docking\poses\CAND_8644fd175c_vina_out.pdbqt' --center_x 32.53 --center_y 13.271 --center_z -3.863 --size_x 18.0 --size_y 18.0 --size_z 18.0 --exhaustiveness 16 --num_modes 9 --energy_range 3,completed
C:\Users\srira\Desktop\new_plan\EMD_V5_2_Hybrid\06_docking\receptor\jak2_prepared.pdbqt,C:\Users\srira\Desktop\new_plan\EMD_V5_2_Hybrid\06_docking\ligands_pdbqt\CAND_8707636f6f.pdbqt,C:\Users\srira\Desktop\new_plan\EMD_V5_2_Hybrid\06_docking\poses\CAND_8707636f6f_vina_out.pdbqt,C:\Users\srira\Desktop\new_plan\EMD_V5_2_Hybrid\06_docking\scores\CAND_8707636f6f_vina.log,32.53,13.271,-3.863,18.0,18.0,18.0,16,9,3,vina --receptor 'C:\Users\srira\Desktop\new_plan\EMD_V5_2_Hybrid\06_docking\receptor\jak2_prepared.pdbqt' --ligand 'C:\Users\srira\Desktop\new_plan\EMD_V5_2_Hybrid\06_docking\ligands_pdbqt\CAND_8707636f6f.pdbqt' --out 'C:\Users\srira\Desktop\new_plan\EMD_V5_2_Hybrid\06_docking\poses\CAND_8707636f6f_vina_out.pdbqt' --center_x 32.53 --center_y 13.271 --center_z -3.863 --size_x 18.0 --size_y 18.0 --size_z 18.0 --exhaustiveness 16 --num_modes 9 --energy_range 3,completed
C:\Users\srira\Desktop\new_plan\EMD_V5_2_Hybrid\06_docking\receptor\jak2_prepared.pdbqt,C:\Users\srira\Desktop\new_plan\EMD_V5_2_Hybrid\06_docking\ligands_pdbqt\CAND_88fdcd39e2.pdbqt,C:\Users\srira\Desktop\new_plan\EMD_V5_2_Hybrid\06_docking\poses\CAND_88fdcd39e2_vina_out.pdbqt,C:\Users\srira\Desktop\new_plan\EMD_V5_2_Hybrid\06_docking\scores\CAND_88fdcd39e2_vina.log,32.53,13.271,-3.863,18.0,18.0,18.0,16,9,3,vina --receptor 'C:\Users\srira\Desktop\new_plan\EMD_V5_2_Hybrid\06_docking\receptor\jak2_prepared.pdbqt' --ligand 'C:\Users\srira\Desktop\new_plan\EMD_V5_2_Hybrid\06_docking\ligands_pdbqt\CAND_88fdcd39e2.pdbqt' --out 'C:\Users\srira\Desktop\new_plan\EMD_V5_2_Hybrid\06_docking\poses\CAND_88fdcd39e2_vina_out.pdbqt' --center_x 32.53 --center_y 13.271 --center_z -3.863 --size_x 18.0 --size_y 18.0 --size_z 18.0 --exhaustiveness 16 --num_modes 9 --energy_range 3,completed
C:\Users\srira\Desktop\new_plan\EMD_V5_2_Hybrid\06_docking\receptor\jak2_prepared.pdbqt,C:\Users\srira\Desktop\new_plan\EMD_V5_2_Hybrid\06_docking\ligands_pdbqt\CAND_8ad0dce611.pdbqt,C:\Users\srira\Desktop\new_plan\EMD_V5_2_Hybrid\06_docking\poses\CAND_8ad0dce611_vina_out.pdbqt,C:\Users\srira\Desktop\new_plan\EMD_V5_2_Hybrid\06_docking\scores\CAND_8ad0dce611_vina.log,32.53,13.271,-3.863,18.0,18.0,18.0,16,9,3,vina --receptor 'C:\Users\srira\Desktop\new_plan\EMD_V5_2_Hybrid\06_docking\receptor\jak2_prepared.pdbqt' --ligand 'C:\Users\srira\Desktop\new_plan\EMD_V5_2_Hybrid\06_docking\ligands_pdbqt\CAND_8ad0dce611.pdbqt' --out 'C:\Users\srira\Desktop\new_plan\EMD_V5_2_Hybrid\06_docking\poses\CAND_8ad0dce611_vina_out.pdbqt' --center_x 32.53 --center_y 13.271 --center_z -3.863 --size_x 18.0 --size_y 18.0 --size_z 18.0 --exhaustiveness 16 --num_modes 9 --energy_range 3,completed
C:\Users\srira\Desktop\new_plan\EMD_V5_2_Hybrid\06_docking\receptor\jak2_prepared.pdbqt,C:\Users\srira\Desktop\new_plan\EMD_V5_2_Hybrid\06_docking\ligands_pdbqt\CAND_8be8c27cbd.pdbqt,C:\Users\srira\Desktop\new_plan\EMD_V5_2_Hybrid\06_docking\poses\CAND_8be8c27cbd_vina_out.pdbqt,C:\Users\srira\Desktop\new_plan\EMD_V5_2_Hybrid\06_docking\scores\CAND_8be8c27cbd_vina.log,32.53,13.271,-3.863,18.0,18.0,18.0,16,9,3,vina --receptor 'C:\Users\srira\Desktop\new_plan\EMD_V5_2_Hybrid\06_docking\receptor\jak2_prepared.pdbqt' --ligand 'C:\Users\srira\Desktop\new_plan\EMD_V5_2_Hybrid\06_docking\ligands_pdbqt\CAND_8be8c27cbd.pdbqt' --out 'C:\Users\srira\Desktop\new_plan\EMD_V5_2_Hybrid\06_docking\poses\CAND_8be8c27cbd_vina_out.pdbqt' --center_x 32.53 --center_y 13.271 --center_z -3.863 --size_x 18.0 --size_y 18.0 --size_z 18.0 --exhaustiveness 16 --num_modes 9 --energy_range 3,completed
C:\Users\srira\Desktop\new_plan\EMD_V5_2_Hybrid\06_docking\receptor\jak2_prepared.pdbqt,C:\Users\srira\Desktop\new_plan\EMD_V5_2_Hybrid\06_docking\ligands_pdbqt\CAND_8d5a278190.pdbqt,C:\Users\srira\Desktop\new_plan\EMD_V5_2_Hybrid\06_docking\poses\CAND_8d5a278190_vina_out.pdbqt,C:\Users\srira\Desktop\new_plan\EMD_V5_2_Hybrid\06_docking\scores\CAND_8d5a278190_vina.log,32.53,13.271,-3.863,18.0,18.0,18.0,16,9,3,vina --receptor 'C:\Users\srira\Desktop\new_plan\EMD_V5_2_Hybrid\06_docking\receptor\jak2_prepared.pdbqt' --ligand 'C:\Users\srira\Desktop\new_plan\EMD_V5_2_Hybrid\06_docking\ligands_pdbqt\CAND_8d5a278190.pdbqt' --out 'C:\Users\srira\Desktop\new_plan\EMD_V5_2_Hybrid\06_docking\poses\CAND_8d5a278190_vina_out.pdbqt' --center_x 32.53 --center_y 13.271 --center_z -3.863 --size_x 18.0 --size_y 18.0 --size_z 18.0 --exhaustiveness 16 --num_modes 9 --energy_range 3,completed
C:\Users\srira\Desktop\new_plan\EMD_V5_2_Hybrid\06_docking\receptor\jak2_prepared.pdbqt,C:\Users\srira\Desktop\new_plan\EMD_V5_2_Hybrid\06_docking\ligands_pdbqt\CAND_8e1f1bf521.pdbqt,C:\Users\srira\Desktop\new_plan\EMD_V5_2_Hybrid\06_docking\poses\CAND_8e1f1bf521_vina_out.pdbqt,C:\Users\srira\Desktop\new_plan\EMD_V5_2_Hybrid\06_docking\scores\CAND_8e1f1bf521_vina.log,32.53,13.271,-3.863,18.0,18.0,18.0,16,9,3,vina --receptor 'C:\Users\srira\Desktop\new_plan\EMD_V5_2_Hybrid\06_docking\receptor\jak2_prepared.pdbqt' --ligand 'C:\Users\srira\Desktop\new_plan\EMD_V5_2_Hybrid\06_docking\ligands_pdbqt\CAND_8e1f1bf521.pdbqt' --out 'C:\Users\srira\Desktop\new_plan\EMD_V5_2_Hybrid\06_docking\poses\CAND_8e1f1bf521_vina_out.pdbqt' --center_x 32.53 --center_y 13.271 --center_z -3.863 --size_x 18.0 --size_y 18.0 --size_z 18.0 --exhaustiveness 16 --num_modes 9 --energy_range 3,completed
C:\Users\srira\Desktop\new_plan\EMD_V5_2_Hybrid\06_docking\receptor\jak2_prepared.pdbqt,C:\Users\srira\Desktop\new_plan\EMD_V5_2_Hybrid\06_docking\ligands_pdbqt\CAND_8f55b07da4.pdbqt,C:\Users\srira\Desktop\new_plan\EMD_V5_2_Hybrid\06_docking\poses\CAND_8f55b07da4_vina_out.pdbqt,C:\Users\srira\Desktop\new_plan\EMD_V5_2_Hybrid\06_docking\scores\CAND_8f55b07da4_vina.log,32.53,13.271,-3.863,18.0,18.0,18.0,16,9,3,vina --receptor 'C:\Users\srira\Desktop\new_plan\EMD_V5_2_Hybrid\06_docking\receptor\jak2_prepared.pdbqt' --ligand 'C:\Users\srira\Desktop\new_plan\EMD_V5_2_Hybrid\06_docking\ligands_pdbqt\CAND_8f55b07da4.pdbqt' --out 'C:\Users\srira\Desktop\new_plan\EMD_V5_2_Hybrid\06_docking\poses\CAND_8f55b07da4_vina_out.pdbqt' --center_x 32.53 --center_y 13.271 --center_z -3.863 --size_x 18.0 --size_y 18.0 --size_z 18.0 --exhaustiveness 16 --num_modes 9 --energy_range 3,completed
C:\Users\srira\Desktop\new_plan\EMD_V5_2_Hybrid\06_docking\receptor\jak2_prepared.pdbqt,C:\Users\srira\Desktop\new_plan\EMD_V5_2_Hybrid\06_docking\ligands_pdbqt\CAND_8f936e6ccd.pdbqt,C:\Users\srira\Desktop\new_plan\EMD_V5_2_Hybrid\06_docking\poses\CAND_8f936e6ccd_vina_out.pdbqt,C:\Users\srira\Desktop\new_plan\EMD_V5_2_Hybrid\06_docking\scores\CAND_8f936e6ccd_vina.log,32.53,13.271,-3.863,18.0,18.0,18.0,16,9,3,vina --receptor 'C:\Users\srira\Desktop\new_plan\EMD_V5_2_Hybrid\06_docking\receptor\jak2_prepared.pdbqt' --ligand 'C:\Users\srira\Desktop\new_plan\EMD_V5_2_Hybrid\06_docking\ligands_pdbqt\CAND_8f936e6ccd.pdbqt' --out 'C:\Users\srira\Desktop\new_plan\EMD_V5_2_Hybrid\06_docking\poses\CAND_8f936e6ccd_vina_out.pdbqt' --center_x 32.53 --center_y 13.271 --center_z -3.863 --size_x 18.0 --size_y 18.0 --size_z 18.0 --exhaustiveness 16 --num_modes 9 --energy_range 3,completed
C:\Users\srira\Desktop\new_plan\EMD_V5_2_Hybrid\06_docking\receptor\jak2_prepared.pdbqt,C:\Users\srira\Desktop\new_plan\EMD_V5_2_Hybrid\06_docking\ligands_pdbqt\CAND_938ef2420e.pdbqt,C:\Users\srira\Desktop\new_plan\EMD_V5_2_Hybrid\06_docking\poses\CAND_938ef2420e_vina_out.pdbqt,C:\Users\srira\Desktop\new_plan\EMD_V5_2_Hybrid\06_docking\scores\CAND_938ef2420e_vina.log,32.53,13.271,-3.863,18.0,18.0,18.0,16,9,3,vina --receptor 'C:\Users\srira\Desktop\new_plan\EMD_V5_2_Hybrid\06_docking\receptor\jak2_prepared.pdbqt' --ligand 'C:\Users\srira\Desktop\new_plan\EMD_V5_2_Hybrid\06_docking\ligands_pdbqt\CAND_938ef2420e.pdbqt' --out 'C:\Users\srira\Desktop\new_plan\EMD_V5_2_Hybrid\06_docking\poses\CAND_938ef2420e_vina_out.pdbqt' --center_x 32.53 --center_y 13.271 --center_z -3.863 --size_x 18.0 --size_y 18.0 --size_z 18.0 --exhaustiveness 16 --num_modes 9 --energy_range 3,completed
C:\Users\srira\Desktop\new_plan\EMD_V5_2_Hybrid\06_docking\receptor\jak2_prepared.pdbqt,C:\Users\srira\Desktop\new_plan\EMD_V5_2_Hybrid\06_docking\ligands_pdbqt\CAND_945bfd7ab9.pdbqt,C:\Users\srira\Desktop\new_plan\EMD_V5_2_Hybrid\06_docking\poses\CAND_945bfd7ab9_vina_out.pdbqt,C:\Users\srira\Desktop\new_plan\EMD_V5_2_Hybrid\06_docking\scores\CAND_945bfd7ab9_vina.log,32.53,13.271,-3.863,18.0,18.0,18.0,16,9,3,vina --receptor 'C:\Users\srira\Desktop\new_plan\EMD_V5_2_Hybrid\06_docking\receptor\jak2_prepared.pdbqt' --ligand 'C:\Users\srira\Desktop\new_plan\EMD_V5_2_Hybrid\06_docking\ligands_pdbqt\CAND_945bfd7ab9.pdbqt' --out 'C:\Users\srira\Desktop\new_plan\EMD_V5_2_Hybrid\06_docking\poses\CAND_945bfd7ab9_vina_out.pdbqt' --center_x 32.53 --center_y 13.271 --center_z -3.863 --size_x 18.0 --size_y 18.0 --size_z 18.0 --exhaustiveness 16 --num_modes 9 --energy_range 3,completed
C:\Users\srira\Desktop\new_plan\EMD_V5_2_Hybrid\06_docking\receptor\jak2_prepared.pdbqt,C:\Users\srira\Desktop\new_plan\EMD_V5_2_Hybrid\06_docking\ligands_pdbqt\CAND_95aaa694cd.pdbqt,C:\Users\srira\Desktop\new_plan\EMD_V5_2_Hybrid\06_docking\poses\CAND_95aaa694cd_vina_out.pdbqt,C:\Users\srira\Desktop\new_plan\EMD_V5_2_Hybrid\06_docking\scores\CAND_95aaa694cd_vina.log,32.53,13.271,-3.863,18.0,18.0,18.0,16,9,3,vina --receptor 'C:\Users\srira\Desktop\new_plan\EMD_V5_2_Hybrid\06_docking\receptor\jak2_prepared.pdbqt' --ligand 'C:\Users\srira\Desktop\new_plan\EMD_V5_2_Hybrid\06_docking\ligands_pdbqt\CAND_95aaa694cd.pdbqt' --out 'C:\Users\srira\Desktop\new_plan\EMD_V5_2_Hybrid\06_docking\poses\CAND_95aaa694cd_vina_out.pdbqt' --center_x 32.53 --center_y 13.271 --center_z -3.863 --size_x 18.0 --size_y 18.0 --size_z 18.0 --exhaustiveness 16 --num_modes 9 --energy_range 3,completed
C:\Users\srira\Desktop\new_plan\EMD_V5_2_Hybrid\06_docking\receptor\jak2_prepared.pdbqt,C:\Users\srira\Desktop\new_plan\EMD_V5_2_Hybrid\06_docking\ligands_pdbqt\CAND_962ca21bbb.pdbqt,C:\Users\srira\Desktop\new_plan\EMD_V5_2_Hybrid\06_docking\poses\CAND_962ca21bbb_vina_out.pdbqt,C:\Users\srira\Desktop\new_plan\EMD_V5_2_Hybrid\06_docking\scores\CAND_962ca21bbb_vina.log,32.53,13.271,-3.863,18.0,18.0,18.0,16,9,3,vina --receptor 'C:\Users\srira\Desktop\new_plan\EMD_V5_2_Hybrid\06_docking\receptor\jak2_prepared.pdbqt' --ligand 'C:\Users\srira\Desktop\new_plan\EMD_V5_2_Hybrid\06_docking\ligands_pdbqt\CAND_962ca21bbb.pdbqt' --out 'C:\Users\srira\Desktop\new_plan\EMD_V5_2_Hybrid\06_docking\poses\CAND_962ca21bbb_vina_out.pdbqt' --center_x 32.53 --center_y 13.271 --center_z -3.863 --size_x 18.0 --size_y 18.0 --size_z 18.0 --exhaustiveness 16 --num_modes 9 --energy_range 3,completed
C:\Users\srira\Desktop\new_plan\EMD_V5_2_Hybrid\06_docking\receptor\jak2_prepared.pdbqt,C:\Users\srira\Desktop\new_plan\EMD_V5_2_Hybrid\06_docking\ligands_pdbqt\CAND_9884448098.pdbqt,C:\Users\srira\Desktop\new_plan\EMD_V5_2_Hybrid\06_docking\poses\CAND_9884448098_vina_out.pdbqt,C:\Users\srira\Desktop\new_plan\EMD_V5_2_Hybrid\06_docking\scores\CAND_9884448098_vina.log,32.53,13.271,-3.863,18.0,18.0,18.0,16,9,3,vina --receptor 'C:\Users\srira\Desktop\new_plan\EMD_V5_2_Hybrid\06_docking\receptor\jak2_prepared.pdbqt' --ligand 'C:\Users\srira\Desktop\new_plan\EMD_V5_2_Hybrid\06_docking\ligands_pdbqt\CAND_9884448098.pdbqt' --out 'C:\Users\srira\Desktop\new_plan\EMD_V5_2_Hybrid\06_docking\poses\CAND_9884448098_vina_out.pdbqt' --center_x 32.53 --center_y 13.271 --center_z -3.863 --size_x 18.0 --size_y 18.0 --size_z 18.0 --exhaustiveness 16 --num_modes 9 --energy_range 3,completed
C:\Users\srira\Desktop\new_plan\EMD_V5_2_Hybrid\06_docking\receptor\jak2_prepared.pdbqt,C:\Users\srira\Desktop\new_plan\EMD_V5_2_Hybrid\06_docking\ligands_pdbqt\CAND_98a2ec596b.pdbqt,C:\Users\srira\Desktop\new_plan\EMD_V5_2_Hybrid\06_docking\poses\CAND_98a2ec596b_vina_out.pdbqt,C:\Users\srira\Desktop\new_plan\EMD_V5_2_Hybrid\06_docking\scores\CAND_98a2ec596b_vina.log,32.53,13.271,-3.863,18.0,18.0,18.0,16,9,3,vina --receptor 'C:\Users\srira\Desktop\new_plan\EMD_V5_2_Hybrid\06_docking\receptor\jak2_prepared.pdbqt' --ligand 'C:\Users\srira\Desktop\new_plan\EMD_V5_2_Hybrid\06_docking\ligands_pdbqt\CAND_98a2ec596b.pdbqt' --out 'C:\Users\srira\Desktop\new_plan\EMD_V5_2_Hybrid\06_docking\poses\CAND_98a2ec596b_vina_out.pdbqt' --center_x 32.53 --center_y 13.271 --center_z -3.863 --size_x 18.0 --size_y 18.0 --size_z 18.0 --exhaustiveness 16 --num_modes 9 --energy_range 3,completed
C:\Users\srira\Desktop\new_plan\EMD_V5_2_Hybrid\06_docking\receptor\jak2_prepared.pdbqt,C:\Users\srira\Desktop\new_plan\EMD_V5_2_Hybrid\06_docking\ligands_pdbqt\CAND_9b7c0adad8.pdbqt,C:\Users\srira\Desktop\new_plan\EMD_V5_2_Hybrid\06_docking\poses\CAND_9b7c0adad8_vina_out.pdbqt,C:\Users\srira\Desktop\new_plan\EMD_V5_2_Hybrid\06_docking\scores\CAND_9b7c0adad8_vina.log,32.53,13.271,-3.863,18.0,18.0,18.0,16,9,3,vina --receptor 'C:\Users\srira\Desktop\new_plan\EMD_V5_2_Hybrid\06_docking\receptor\jak2_prepared.pdbqt' --ligand 'C:\Users\srira\Desktop\new_plan\EMD_V5_2_Hybrid\06_docking\ligands_pdbqt\CAND_9b7c0adad8.pdbqt' --out 'C:\Users\srira\Desktop\new_plan\EMD_V5_2_Hybrid\06_docking\poses\CAND_9b7c0adad8_vina_out.pdbqt' --center_x 32.53 --center_y 13.271 --center_z -3.863 --size_x 18.0 --size_y 18.0 --size_z 18.0 --exhaustiveness 16 --num_modes 9 --energy_range 3,completed
C:\Users\srira\Desktop\new_plan\EMD_V5_2_Hybrid\06_docking\receptor\jak2_prepared.pdbqt,C:\Users\srira\Desktop\new_plan\EMD_V5_2_Hybrid\06_docking\ligands_pdbqt\CAND_a03fbbd37a.pdbqt,C:\Users\srira\Desktop\new_plan\EMD_V5_2_Hybrid\06_docking\poses\CAND_a03fbbd37a_vina_out.pdbqt,C:\Users\srira\Desktop\new_plan\EMD_V5_2_Hybrid\06_docking\scores\CAND_a03fbbd37a_vina.log,32.53,13.271,-3.863,18.0,18.0,18.0,16,9,3,vina --receptor 'C:\Users\srira\Desktop\new_plan\EMD_V5_2_Hybrid\06_docking\receptor\jak2_prepared.pdbqt' --ligand 'C:\Users\srira\Desktop\new_plan\EMD_V5_2_Hybrid\06_docking\ligands_pdbqt\CAND_a03fbbd37a.pdbqt' --out 'C:\Users\srira\Desktop\new_plan\EMD_V5_2_Hybrid\06_docking\poses\CAND_a03fbbd37a_vina_out.pdbqt' --center_x 32.53 --center_y 13.271 --center_z -3.863 --size_x 18.0 --size_y 18.0 --size_z 18.0 --exhaustiveness 16 --num_modes 9 --energy_range 3,completed
C:\Users\srira\Desktop\new_plan\EMD_V5_2_Hybrid\06_docking\receptor\jak2_prepared.pdbqt,C:\Users\srira\Desktop\new_plan\EMD_V5_2_Hybrid\06_docking\ligands_pdbqt\CAND_a0d42e7c77.pdbqt,C:\Users\srira\Desktop\new_plan\EMD_V5_2_Hybrid\06_docking\poses\CAND_a0d42e7c77_vina_out.pdbqt,C:\Users\srira\Desktop\new_plan\EMD_V5_2_Hybrid\06_docking\scores\CAND_a0d42e7c77_vina.log,32.53,13.271,-3.863,18.0,18.0,18.0,16,9,3,vina --receptor 'C:\Users\srira\Desktop\new_plan\EMD_V5_2_Hybrid\06_docking\receptor\jak2_prepared.pdbqt' --ligand 'C:\Users\srira\Desktop\new_plan\EMD_V5_2_Hybrid\06_docking\ligands_pdbqt\CAND_a0d42e7c77.pdbqt' --out 'C:\Users\srira\Desktop\new_plan\EMD_V5_2_Hybrid\06_docking\poses\CAND_a0d42e7c77_vina_out.pdbqt' --center_x 32.53 --center_y 13.271 --center_z -3.863 --size_x 18.0 --size_y 18.0 --size_z 18.0 --exhaustiveness 16 --num_modes 9 --energy_range 3,completed
C:\Users\srira\Desktop\new_plan\EMD_V5_2_Hybrid\06_docking\receptor\jak2_prepared.pdbqt,C:\Users\srira\Desktop\new_plan\EMD_V5_2_Hybrid\06_docking\ligands_pdbqt\CAND_a1d6bc1fc3.pdbqt,C:\Users\srira\Desktop\new_plan\EMD_V5_2_Hybrid\06_docking\poses\CAND_a1d6bc1fc3_vina_out.pdbqt,C:\Users\srira\Desktop\new_plan\EMD_V5_2_Hybrid\06_docking\scores\CAND_a1d6bc1fc3_vina.log,32.53,13.271,-3.863,18.0,18.0,18.0,16,9,3,vina --receptor 'C:\Users\srira\Desktop\new_plan\EMD_V5_2_Hybrid\06_docking\receptor\jak2_prepared.pdbqt' --ligand 'C:\Users\srira\Desktop\new_plan\EMD_V5_2_Hybrid\06_docking\ligands_pdbqt\CAND_a1d6bc1fc3.pdbqt' --out 'C:\Users\srira\Desktop\new_plan\EMD_V5_2_Hybrid\06_docking\poses\CAND_a1d6bc1fc3_vina_out.pdbqt' --center_x 32.53 --center_y 13.271 --center_z -3.863 --size_x 18.0 --size_y 18.0 --size_z 18.0 --exhaustiveness 16 --num_modes 9 --energy_range 3,completed
C:\Users\srira\Desktop\new_plan\EMD_V5_2_Hybrid\06_docking\receptor\jak2_prepared.pdbqt,C:\Users\srira\Desktop\new_plan\EMD_V5_2_Hybrid\06_docking\ligands_pdbqt\CAND_a2f01d5a38.pdbqt,C:\Users\srira\Desktop\new_plan\EMD_V5_2_Hybrid\06_docking\poses\CAND_a2f01d5a38_vina_out.pdbqt,C:\Users\srira\Desktop\new_plan\EMD_V5_2_Hybrid\06_docking\scores\CAND_a2f01d5a38_vina.log,32.53,13.271,-3.863,18.0,18.0,18.0,16,9,3,vina --receptor 'C:\Users\srira\Desktop\new_plan\EMD_V5_2_Hybrid\06_docking\receptor\jak2_prepared.pdbqt' --ligand 'C:\Users\srira\Desktop\new_plan\EMD_V5_2_Hybrid\06_docking\ligands_pdbqt\CAND_a2f01d5a38.pdbqt' --out 'C:\Users\srira\Desktop\new_plan\EMD_V5_2_Hybrid\06_docking\poses\CAND_a2f01d5a38_vina_out.pdbqt' --center_x 32.53 --center_y 13.271 --center_z -3.863 --size_x 18.0 --size_y 18.0 --size_z 18.0 --exhaustiveness 16 --num_modes 9 --energy_range 3,completed
C:\Users\srira\Desktop\new_plan\EMD_V5_2_Hybrid\06_docking\receptor\jak2_prepared.pdbqt,C:\Users\srira\Desktop\new_plan\EMD_V5_2_Hybrid\06_docking\ligands_pdbqt\CAND_a30de9a90d.pdbqt,C:\Users\srira\Desktop\new_plan\EMD_V5_2_Hybrid\06_docking\poses\CAND_a30de9a90d_vina_out.pdbqt,C:\Users\srira\Desktop\new_plan\EMD_V5_2_Hybrid\06_docking\scores\CAND_a30de9a90d_vina.log,32.53,13.271,-3.863,18.0,18.0,18.0,16,9,3,vina --receptor 'C:\Users\srira\Desktop\new_plan\EMD_V5_2_Hybrid\06_docking\receptor\jak2_prepared.pdbqt' --ligand 'C:\Users\srira\Desktop\new_plan\EMD_V5_2_Hybrid\06_docking\ligands_pdbqt\CAND_a30de9a90d.pdbqt' --out 'C:\Users\srira\Desktop\new_plan\EMD_V5_2_Hybrid\06_docking\poses\CAND_a30de9a90d_vina_out.pdbqt' --center_x 32.53 --center_y 13.271 --center_z -3.863 --size_x 18.0 --size_y 18.0 --size_z 18.0 --exhaustiveness 16 --num_modes 9 --energy_range 3,completed
C:\Users\srira\Desktop\new_plan\EMD_V5_2_Hybrid\06_docking\receptor\jak2_prepared.pdbqt,C:\Users\srira\Desktop\new_plan\EMD_V5_2_Hybrid\06_docking\ligands_pdbqt\CAND_a337ce9f82.pdbqt,C:\Users\srira\Desktop\new_plan\EMD_V5_2_Hybrid\06_docking\poses\CAND_a337ce9f82_vina_out.pdbqt,C:\Users\srira\Desktop\new_plan\EMD_V5_2_Hybrid\06_docking\scores\CAND_a337ce9f82_vina.log,32.53,13.271,-3.863,18.0,18.0,18.0,16,9,3,vina --receptor 'C:\Users\srira\Desktop\new_plan\EMD_V5_2_Hybrid\06_docking\receptor\jak2_prepared.pdbqt' --ligand 'C:\Users\srira\Desktop\new_plan\EMD_V5_2_Hybrid\06_docking\ligands_pdbqt\CAND_a337ce9f82.pdbqt' --out 'C:\Users\srira\Desktop\new_plan\EMD_V5_2_Hybrid\06_docking\poses\CAND_a337ce9f82_vina_out.pdbqt' --center_x 32.53 --center_y 13.271 --center_z -3.863 --size_x 18.0 --size_y 18.0 --size_z 18.0 --exhaustiveness 16 --num_modes 9 --energy_range 3,completed
C:\Users\srira\Desktop\new_plan\EMD_V5_2_Hybrid\06_docking\receptor\jak2_prepared.pdbqt,C:\Users\srira\Desktop\new_plan\EMD_V5_2_Hybrid\06_docking\ligands_pdbqt\CAND_a3a9fadba1.pdbqt,C:\Users\srira\Desktop\new_plan\EMD_V5_2_Hybrid\06_docking\poses\CAND_a3a9fadba1_vina_out.pdbqt,C:\Users\srira\Desktop\new_plan\EMD_V5_2_Hybrid\06_docking\scores\CAND_a3a9fadba1_vina.log,32.53,13.271,-3.863,18.0,18.0,18.0,16,9,3,vina --receptor 'C:\Users\srira\Desktop\new_plan\EMD_V5_2_Hybrid\06_docking\receptor\jak2_prepared.pdbqt' --ligand 'C:\Users\srira\Desktop\new_plan\EMD_V5_2_Hybrid\06_docking\ligands_pdbqt\CAND_a3a9fadba1.pdbqt' --out 'C:\Users\srira\Desktop\new_plan\EMD_V5_2_Hybrid\06_docking\poses\CAND_a3a9fadba1_vina_out.pdbqt' --center_x 32.53 --center_y 13.271 --center_z -3.863 --size_x 18.0 --size_y 18.0 --size_z 18.0 --exhaustiveness 16 --num_modes 9 --energy_range 3,completed
C:\Users\srira\Desktop\new_plan\EMD_V5_2_Hybrid\06_docking\receptor\jak2_prepared.pdbqt,C:\Users\srira\Desktop\new_plan\EMD_V5_2_Hybrid\06_docking\ligands_pdbqt\CAND_a5703c232e.pdbqt,C:\Users\srira\Desktop\new_plan\EMD_V5_2_Hybrid\06_docking\poses\CAND_a5703c232e_vina_out.pdbqt,C:\Users\srira\Desktop\new_plan\EMD_V5_2_Hybrid\06_docking\scores\CAND_a5703c232e_vina.log,32.53,13.271,-3.863,18.0,18.0,18.0,16,9,3,vina --receptor 'C:\Users\srira\Desktop\new_plan\EMD_V5_2_Hybrid\06_docking\receptor\jak2_prepared.pdbqt' --ligand 'C:\Users\srira\Desktop\new_plan\EMD_V5_2_Hybrid\06_docking\ligands_pdbqt\CAND_a5703c232e.pdbqt' --out 'C:\Users\srira\Desktop\new_plan\EMD_V5_2_Hybrid\06_docking\poses\CAND_a5703c232e_vina_out.pdbqt' --center_x 32.53 --center_y 13.271 --center_z -3.863 --size_x 18.0 --size_y 18.0 --size_z 18.0 --exhaustiveness 16 --num_modes 9 --energy_range 3,completed
C:\Users\srira\Desktop\new_plan\EMD_V5_2_Hybrid\06_docking\receptor\jak2_prepared.pdbqt,C:\Users\srira\Desktop\new_plan\EMD_V5_2_Hybrid\06_docking\ligands_pdbqt\CAND_a8d00072a6.pdbqt,C:\Users\srira\Desktop\new_plan\EMD_V5_2_Hybrid\06_docking\poses\CAND_a8d00072a6_vina_out.pdbqt,C:\Users\srira\Desktop\new_plan\EMD_V5_2_Hybrid\06_docking\scores\CAND_a8d00072a6_vina.log,32.53,13.271,-3.863,18.0,18.0,18.0,16,9,3,vina --receptor 'C:\Users\srira\Desktop\new_plan\EMD_V5_2_Hybrid\06_docking\receptor\jak2_prepared.pdbqt' --ligand 'C:\Users\srira\Desktop\new_plan\EMD_V5_2_Hybrid\06_docking\ligands_pdbqt\CAND_a8d00072a6.pdbqt' --out 'C:\Users\srira\Desktop\new_plan\EMD_V5_2_Hybrid\06_docking\poses\CAND_a8d00072a6_vina_out.pdbqt' --center_x 32.53 --center_y 13.271 --center_z -3.863 --size_x 18.0 --size_y 18.0 --size_z 18.0 --exhaustiveness 16 --num_modes 9 --energy_range 3,completed
C:\Users\srira\Desktop\new_plan\EMD_V5_2_Hybrid\06_docking\receptor\jak2_prepared.pdbqt,C:\Users\srira\Desktop\new_plan\EMD_V5_2_Hybrid\06_docking\ligands_pdbqt\CAND_aa7ac5e74d.pdbqt,C:\Users\srira\Desktop\new_plan\EMD_V5_2_Hybrid\06_docking\poses\CAND_aa7ac5e74d_vina_out.pdbqt,C:\Users\srira\Desktop\new_plan\EMD_V5_2_Hybrid\06_docking\scores\CAND_aa7ac5e74d_vina.log,32.53,13.271,-3.863,18.0,18.0,18.0,16,9,3,vina --receptor 'C:\Users\srira\Desktop\new_plan\EMD_V5_2_Hybrid\06_docking\receptor\jak2_prepared.pdbqt' --ligand 'C:\Users\srira\Desktop\new_plan\EMD_V5_2_Hybrid\06_docking\ligands_pdbqt\CAND_aa7ac5e74d.pdbqt' --out 'C:\Users\srira\Desktop\new_plan\EMD_V5_2_Hybrid\06_docking\poses\CAND_aa7ac5e74d_vina_out.pdbqt' --center_x 32.53 --center_y 13.271 --center_z -3.863 --size_x 18.0 --size_y 18.0 --size_z 18.0 --exhaustiveness 16 --num_modes 9 --energy_range 3,completed
C:\Users\srira\Desktop\new_plan\EMD_V5_2_Hybrid\06_docking\receptor\jak2_prepared.pdbqt,C:\Users\srira\Desktop\new_plan\EMD_V5_2_Hybrid\06_docking\ligands_pdbqt\CAND_ab5598f4f0.pdbqt,C:\Users\srira\Desktop\new_plan\EMD_V5_2_Hybrid\06_docking\poses\CAND_ab5598f4f0_vina_out.pdbqt,C:\Users\srira\Desktop\new_plan\EMD_V5_2_Hybrid\06_docking\scores\CAND_ab5598f4f0_vina.log,32.53,13.271,-3.863,18.0,18.0,18.0,16,9,3,vina --receptor 'C:\Users\srira\Desktop\new_plan\EMD_V5_2_Hybrid\06_docking\receptor\jak2_prepared.pdbqt' --ligand 'C:\Users\srira\Desktop\new_plan\EMD_V5_2_Hybrid\06_docking\ligands_pdbqt\CAND_ab5598f4f0.pdbqt' --out 'C:\Users\srira\Desktop\new_plan\EMD_V5_2_Hybrid\06_docking\poses\CAND_ab5598f4f0_vina_out.pdbqt' --center_x 32.53 --center_y 13.271 --center_z -3.863 --size_x 18.0 --size_y 18.0 --size_z 18.0 --exhaustiveness 16 --num_modes 9 --energy_range 3,completed
C:\Users\srira\Desktop\new_plan\EMD_V5_2_Hybrid\06_docking\receptor\jak2_prepared.pdbqt,C:\Users\srira\Desktop\new_plan\EMD_V5_2_Hybrid\06_docking\ligands_pdbqt\CAND_b57d4c3adc.pdbqt,C:\Users\srira\Desktop\new_plan\EMD_V5_2_Hybrid\06_docking\poses\CAND_b57d4c3adc_vina_out.pdbqt,C:\Users\srira\Desktop\new_plan\EMD_V5_2_Hybrid\06_docking\scores\CAND_b57d4c3adc_vina.log,32.53,13.271,-3.863,18.0,18.0,18.0,16,9,3,vina --receptor 'C:\Users\srira\Desktop\new_plan\EMD_V5_2_Hybrid\06_docking\receptor\jak2_prepared.pdbqt' --ligand 'C:\Users\srira\Desktop\new_plan\EMD_V5_2_Hybrid\06_docking\ligands_pdbqt\CAND_b57d4c3adc.pdbqt' --out 'C:\Users\srira\Desktop\new_plan\EMD_V5_2_Hybrid\06_docking\poses\CAND_b57d4c3adc_vina_out.pdbqt' --center_x 32.53 --center_y 13.271 --center_z -3.863 --size_x 18.0 --size_y 18.0 --size_z 18.0 --exhaustiveness 16 --num_modes 9 --energy_range 3,completed
C:\Users\srira\Desktop\new_plan\EMD_V5_2_Hybrid\06_docking\receptor\jak2_prepared.pdbqt,C:\Users\srira\Desktop\new_plan\EMD_V5_2_Hybrid\06_docking\ligands_pdbqt\CAND_b5d4c77a0b.pdbqt,C:\Users\srira\Desktop\new_plan\EMD_V5_2_Hybrid\06_docking\poses\CAND_b5d4c77a0b_vina_out.pdbqt,C:\Users\srira\Desktop\new_plan\EMD_V5_2_Hybrid\06_docking\scores\CAND_b5d4c77a0b_vina.log,32.53,13.271,-3.863,18.0,18.0,18.0,16,9,3,vina --receptor 'C:\Users\srira\Desktop\new_plan\EMD_V5_2_Hybrid\06_docking\receptor\jak2_prepared.pdbqt' --ligand 'C:\Users\srira\Desktop\new_plan\EMD_V5_2_Hybrid\06_docking\ligands_pdbqt\CAND_b5d4c77a0b.pdbqt' --out 'C:\Users\srira\Desktop\new_plan\EMD_V5_2_Hybrid\06_docking\poses\CAND_b5d4c77a0b_vina_out.pdbqt' --center_x 32.53 --center_y 13.271 --center_z -3.863 --size_x 18.0 --size_y 18.0 --size_z 18.0 --exhaustiveness 16 --num_modes 9 --energy_range 3,completed
C:\Users\srira\Desktop\new_plan\EMD_V5_2_Hybrid\06_docking\receptor\jak2_prepared.pdbqt,C:\Users\srira\Desktop\new_plan\EMD_V5_2_Hybrid\06_docking\ligands_pdbqt\CAND_b604ce184b.pdbqt,C:\Users\srira\Desktop\new_plan\EMD_V5_2_Hybrid\06_docking\poses\CAND_b604ce184b_vina_out.pdbqt,C:\Users\srira\Desktop\new_plan\EMD_V5_2_Hybrid\06_docking\scores\CAND_b604ce184b_vina.log,32.53,13.271,-3.863,18.0,18.0,18.0,16,9,3,vina --receptor 'C:\Users\srira\Desktop\new_plan\EMD_V5_2_Hybrid\06_docking\receptor\jak2_prepared.pdbqt' --ligand 'C:\Users\srira\Desktop\new_plan\EMD_V5_2_Hybrid\06_docking\ligands_pdbqt\CAND_b604ce184b.pdbqt' --out 'C:\Users\srira\Desktop\new_plan\EMD_V5_2_Hybrid\06_docking\poses\CAND_b604ce184b_vina_out.pdbqt' --center_x 32.53 --center_y 13.271 --center_z -3.863 --size_x 18.0 --size_y 18.0 --size_z 18.0 --exhaustiveness 16 --num_modes 9 --energy_range 3,completed
C:\Users\srira\Desktop\new_plan\EMD_V5_2_Hybrid\06_docking\receptor\jak2_prepared.pdbqt,C:\Users\srira\Desktop\new_plan\EMD_V5_2_Hybrid\06_docking\ligands_pdbqt\CAND_b7f89eaaeb.pdbqt,C:\Users\srira\Desktop\new_plan\EMD_V5_2_Hybrid\06_docking\poses\CAND_b7f89eaaeb_vina_out.pdbqt,C:\Users\srira\Desktop\new_plan\EMD_V5_2_Hybrid\06_docking\scores\CAND_b7f89eaaeb_vina.log,32.53,13.271,-3.863,18.0,18.0,18.0,16,9,3,vina --receptor 'C:\Users\srira\Desktop\new_plan\EMD_V5_2_Hybrid\06_docking\receptor\jak2_prepared.pdbqt' --ligand 'C:\Users\srira\Desktop\new_plan\EMD_V5_2_Hybrid\06_docking\ligands_pdbqt\CAND_b7f89eaaeb.pdbqt' --out 'C:\Users\srira\Desktop\new_plan\EMD_V5_2_Hybrid\06_docking\poses\CAND_b7f89eaaeb_vina_out.pdbqt' --center_x 32.53 --center_y 13.271 --center_z -3.863 --size_x 18.0 --size_y 18.0 --size_z 18.0 --exhaustiveness 16 --num_modes 9 --energy_range 3,completed
C:\Users\srira\Desktop\new_plan\EMD_V5_2_Hybrid\06_docking\receptor\jak2_prepared.pdbqt,C:\Users\srira\Desktop\new_plan\EMD_V5_2_Hybrid\06_docking\ligands_pdbqt\CAND_b7fa23672c.pdbqt,C:\Users\srira\Desktop\new_plan\EMD_V5_2_Hybrid\06_docking\poses\CAND_b7fa23672c_vina_out.pdbqt,C:\Users\srira\Desktop\new_plan\EMD_V5_2_Hybrid\06_docking\scores\CAND_b7fa23672c_vina.log,32.53,13.271,-3.863,18.0,18.0,18.0,16,9,3,vina --receptor 'C:\Users\srira\Desktop\new_plan\EMD_V5_2_Hybrid\06_docking\receptor\jak2_prepared.pdbqt' --ligand 'C:\Users\srira\Desktop\new_plan\EMD_V5_2_Hybrid\06_docking\ligands_pdbqt\CAND_b7fa23672c.pdbqt' --out 'C:\Users\srira\Desktop\new_plan\EMD_V5_2_Hybrid\06_docking\poses\CAND_b7fa23672c_vina_out.pdbqt' --center_x 32.53 --center_y 13.271 --center_z -3.863 --size_x 18.0 --size_y 18.0 --size_z 18.0 --exhaustiveness 16 --num_modes 9 --energy_range 3,completed
C:\Users\srira\Desktop\new_plan\EMD_V5_2_Hybrid\06_docking\receptor\jak2_prepared.pdbqt,C:\Users\srira\Desktop\new_plan\EMD_V5_2_Hybrid\06_docking\ligands_pdbqt\CAND_b8508fb54f.pdbqt,C:\Users\srira\Desktop\new_plan\EMD_V5_2_Hybrid\06_docking\poses\CAND_b8508fb54f_vina_out.pdbqt,C:\Users\srira\Desktop\new_plan\EMD_V5_2_Hybrid\06_docking\scores\CAND_b8508fb54f_vina.log,32.53,13.271,-3.863,18.0,18.0,18.0,16,9,3,vina --receptor 'C:\Users\srira\Desktop\new_plan\EMD_V5_2_Hybrid\06_docking\receptor\jak2_prepared.pdbqt' --ligand 'C:\Users\srira\Desktop\new_plan\EMD_V5_2_Hybrid\06_docking\ligands_pdbqt\CAND_b8508fb54f.pdbqt' --out 'C:\Users\srira\Desktop\new_plan\EMD_V5_2_Hybrid\06_docking\poses\CAND_b8508fb54f_vina_out.pdbqt' --center_x 32.53 --center_y 13.271 --center_z -3.863 --size_x 18.0 --size_y 18.0 --size_z 18.0 --exhaustiveness 16 --num_modes 9 --energy_range 3,completed
C:\Users\srira\Desktop\new_plan\EMD_V5_2_Hybrid\06_docking\receptor\jak2_prepared.pdbqt,C:\Users\srira\Desktop\new_plan\EMD_V5_2_Hybrid\06_docking\ligands_pdbqt\CAND_baa376c0dd.pdbqt,C:\Users\srira\Desktop\new_plan\EMD_V5_2_Hybrid\06_docking\poses\CAND_baa376c0dd_vina_out.pdbqt,C:\Users\srira\Desktop\new_plan\EMD_V5_2_Hybrid\06_docking\scores\CAND_baa376c0dd_vina.log,32.53,13.271,-3.863,18.0,18.0,18.0,16,9,3,vina --receptor 'C:\Users\srira\Desktop\new_plan\EMD_V5_2_Hybrid\06_docking\receptor\jak2_prepared.pdbqt' --ligand 'C:\Users\srira\Desktop\new_plan\EMD_V5_2_Hybrid\06_docking\ligands_pdbqt\CAND_baa376c0dd.pdbqt' --out 'C:\Users\srira\Desktop\new_plan\EMD_V5_2_Hybrid\06_docking\poses\CAND_baa376c0dd_vina_out.pdbqt' --center_x 32.53 --center_y 13.271 --center_z -3.863 --size_x 18.0 --size_y 18.0 --size_z 18.0 --exhaustiveness 16 --num_modes 9 --energy_range 3,completed
C:\Users\srira\Desktop\new_plan\EMD_V5_2_Hybrid\06_docking\receptor\jak2_prepared.pdbqt,C:\Users\srira\Desktop\new_plan\EMD_V5_2_Hybrid\06_docking\ligands_pdbqt\CAND_bb383316b2.pdbqt,C:\Users\srira\Desktop\new_plan\EMD_V5_2_Hybrid\06_docking\poses\CAND_bb383316b2_vina_out.pdbqt,C:\Users\srira\Desktop\new_plan\EMD_V5_2_Hybrid\06_docking\scores\CAND_bb383316b2_vina.log,32.53,13.271,-3.863,18.0,18.0,18.0,16,9,3,vina --receptor 'C:\Users\srira\Desktop\new_plan\EMD_V5_2_Hybrid\06_docking\receptor\jak2_prepared.pdbqt' --ligand 'C:\Users\srira\Desktop\new_plan\EMD_V5_2_Hybrid\06_docking\ligands_pdbqt\CAND_bb383316b2.pdbqt' --out 'C:\Users\srira\Desktop\new_plan\EMD_V5_2_Hybrid\06_docking\poses\CAND_bb383316b2_vina_out.pdbqt' --center_x 32.53 --center_y 13.271 --center_z -3.863 --size_x 18.0 --size_y 18.0 --size_z 18.0 --exhaustiveness 16 --num_modes 9 --energy_range 3,completed
C:\Users\srira\Desktop\new_plan\EMD_V5_2_Hybrid\06_docking\receptor\jak2_prepared.pdbqt,C:\Users\srira\Desktop\new_plan\EMD_V5_2_Hybrid\06_docking\ligands_pdbqt\CAND_bc25cf8d1d.pdbqt,C:\Users\srira\Desktop\new_plan\EMD_V5_2_Hybrid\06_docking\poses\CAND_bc25cf8d1d_vina_out.pdbqt,C:\Users\srira\Desktop\new_plan\EMD_V5_2_Hybrid\06_docking\scores\CAND_bc25cf8d1d_vina.log,32.53,13.271,-3.863,18.0,18.0,18.0,16,9,3,vina --receptor 'C:\Users\srira\Desktop\new_plan\EMD_V5_2_Hybrid\06_docking\receptor\jak2_prepared.pdbqt' --ligand 'C:\Users\srira\Desktop\new_plan\EMD_V5_2_Hybrid\06_docking\ligands_pdbqt\CAND_bc25cf8d1d.pdbqt' --out 'C:\Users\srira\Desktop\new_plan\EMD_V5_2_Hybrid\06_docking\poses\CAND_bc25cf8d1d_vina_out.pdbqt' --center_x 32.53 --center_y 13.271 --center_z -3.863 --size_x 18.0 --size_y 18.0 --size_z 18.0 --exhaustiveness 16 --num_modes 9 --energy_range 3,completed
C:\Users\srira\Desktop\new_plan\EMD_V5_2_Hybrid\06_docking\receptor\jak2_prepared.pdbqt,C:\Users\srira\Desktop\new_plan\EMD_V5_2_Hybrid\06_docking\ligands_pdbqt\CAND_bd9a5bcc10.pdbqt,C:\Users\srira\Desktop\new_plan\EMD_V5_2_Hybrid\06_docking\poses\CAND_bd9a5bcc10_vina_out.pdbqt,C:\Users\srira\Desktop\new_plan\EMD_V5_2_Hybrid\06_docking\scores\CAND_bd9a5bcc10_vina.log,32.53,13.271,-3.863,18.0,18.0,18.0,16,9,3,vina --receptor 'C:\Users\srira\Desktop\new_plan\EMD_V5_2_Hybrid\06_docking\receptor\jak2_prepared.pdbqt' --ligand 'C:\Users\srira\Desktop\new_plan\EMD_V5_2_Hybrid\06_docking\ligands_pdbqt\CAND_bd9a5bcc10.pdbqt' --out 'C:\Users\srira\Desktop\new_plan\EMD_V5_2_Hybrid\06_docking\poses\CAND_bd9a5bcc10_vina_out.pdbqt' --center_x 32.53 --center_y 13.271 --center_z -3.863 --size_x 18.0 --size_y 18.0 --size_z 18.0 --exhaustiveness 16 --num_modes 9 --energy_range 3,completed
C:\Users\srira\Desktop\new_plan\EMD_V5_2_Hybrid\06_docking\receptor\jak2_prepared.pdbqt,C:\Users\srira\Desktop\new_plan\EMD_V5_2_Hybrid\06_docking\ligands_pdbqt\CAND_bf1bed9cef.pdbqt,C:\Users\srira\Desktop\new_plan\EMD_V5_2_Hybrid\06_docking\poses\CAND_bf1bed9cef_vina_out.pdbqt,C:\Users\srira\Desktop\new_plan\EMD_V5_2_Hybrid\06_docking\scores\CAND_bf1bed9cef_vina.log,32.53,13.271,-3.863,18.0,18.0,18.0,16,9,3,vina --receptor 'C:\Users\srira\Desktop\new_plan\EMD_V5_2_Hybrid\06_docking\receptor\jak2_prepared.pdbqt' --ligand 'C:\Users\srira\Desktop\new_plan\EMD_V5_2_Hybrid\06_docking\ligands_pdbqt\CAND_bf1bed9cef.pdbqt' --out 'C:\Users\srira\Desktop\new_plan\EMD_V5_2_Hybrid\06_docking\poses\CAND_bf1bed9cef_vina_out.pdbqt' --center_x 32.53 --center_y 13.271 --center_z -3.863 --size_x 18.0 --size_y 18.0 --size_z 18.0 --exhaustiveness 16 --num_modes 9 --energy_range 3,completed
C:\Users\srira\Desktop\new_plan\EMD_V5_2_Hybrid\06_docking\receptor\jak2_prepared.pdbqt,C:\Users\srira\Desktop\new_plan\EMD_V5_2_Hybrid\06_docking\ligands_pdbqt\CAND_c131766321.pdbqt,C:\Users\srira\Desktop\new_plan\EMD_V5_2_Hybrid\06_docking\poses\CAND_c131766321_vina_out.pdbqt,C:\Users\srira\Desktop\new_plan\EMD_V5_2_Hybrid\06_docking\scores\CAND_c131766321_vina.log,32.53,13.271,-3.863,18.0,18.0,18.0,16,9,3,vina --receptor 'C:\Users\srira\Desktop\new_plan\EMD_V5_2_Hybrid\06_docking\receptor\jak2_prepared.pdbqt' --ligand 'C:\Users\srira\Desktop\new_plan\EMD_V5_2_Hybrid\06_docking\ligands_pdbqt\CAND_c131766321.pdbqt' --out 'C:\Users\srira\Desktop\new_plan\EMD_V5_2_Hybrid\06_docking\poses\CAND_c131766321_vina_out.pdbqt' --center_x 32.53 --center_y 13.271 --center_z -3.863 --size_x 18.0 --size_y 18.0 --size_z 18.0 --exhaustiveness 16 --num_modes 9 --energy_range 3,completed
C:\Users\srira\Desktop\new_plan\EMD_V5_2_Hybrid\06_docking\receptor\jak2_prepared.pdbqt,C:\Users\srira\Desktop\new_plan\EMD_V5_2_Hybrid\06_docking\ligands_pdbqt\CAND_c28d6877ef.pdbqt,C:\Users\srira\Desktop\new_plan\EMD_V5_2_Hybrid\06_docking\poses\CAND_c28d6877ef_vina_out.pdbqt,C:\Users\srira\Desktop\new_plan\EMD_V5_2_Hybrid\06_docking\scores\CAND_c28d6877ef_vina.log,32.53,13.271,-3.863,18.0,18.0,18.0,16,9,3,vina --receptor 'C:\Users\srira\Desktop\new_plan\EMD_V5_2_Hybrid\06_docking\receptor\jak2_prepared.pdbqt' --ligand 'C:\Users\srira\Desktop\new_plan\EMD_V5_2_Hybrid\06_docking\ligands_pdbqt\CAND_c28d6877ef.pdbqt' --out 'C:\Users\srira\Desktop\new_plan\EMD_V5_2_Hybrid\06_docking\poses\CAND_c28d6877ef_vina_out.pdbqt' --center_x 32.53 --center_y 13.271 --center_z -3.863 --size_x 18.0 --size_y 18.0 --size_z 18.0 --exhaustiveness 16 --num_modes 9 --energy_range 3,completed
C:\Users\srira\Desktop\new_plan\EMD_V5_2_Hybrid\06_docking\receptor\jak2_prepared.pdbqt,C:\Users\srira\Desktop\new_plan\EMD_V5_2_Hybrid\06_docking\ligands_pdbqt\CAND_c5052727aa.pdbqt,C:\Users\srira\Desktop\new_plan\EMD_V5_2_Hybrid\06_docking\poses\CAND_c5052727aa_vina_out.pdbqt,C:\Users\srira\Desktop\new_plan\EMD_V5_2_Hybrid\06_docking\scores\CAND_c5052727aa_vina.log,32.53,13.271,-3.863,18.0,18.0,18.0,16,9,3,vina --receptor 'C:\Users\srira\Desktop\new_plan\EMD_V5_2_Hybrid\06_docking\receptor\jak2_prepared.pdbqt' --ligand 'C:\Users\srira\Desktop\new_plan\EMD_V5_2_Hybrid\06_docking\ligands_pdbqt\CAND_c5052727aa.pdbqt' --out 'C:\Users\srira\Desktop\new_plan\EMD_V5_2_Hybrid\06_docking\poses\CAND_c5052727aa_vina_out.pdbqt' --center_x 32.53 --center_y 13.271 --center_z -3.863 --size_x 18.0 --size_y 18.0 --size_z 18.0 --exhaustiveness 16 --num_modes 9 --energy_range 3,completed
C:\Users\srira\Desktop\new_plan\EMD_V5_2_Hybrid\06_docking\receptor\jak2_prepared.pdbqt,C:\Users\srira\Desktop\new_plan\EMD_V5_2_Hybrid\06_docking\ligands_pdbqt\CAND_c62f51e470.pdbqt,C:\Users\srira\Desktop\new_plan\EMD_V5_2_Hybrid\06_docking\poses\CAND_c62f51e470_vina_out.pdbqt,C:\Users\srira\Desktop\new_plan\EMD_V5_2_Hybrid\06_docking\scores\CAND_c62f51e470_vina.log,32.53,13.271,-3.863,18.0,18.0,18.0,16,9,3,vina --receptor 'C:\Users\srira\Desktop\new_plan\EMD_V5_2_Hybrid\06_docking\receptor\jak2_prepared.pdbqt' --ligand 'C:\Users\srira\Desktop\new_plan\EMD_V5_2_Hybrid\06_docking\ligands_pdbqt\CAND_c62f51e470.pdbqt' --out 'C:\Users\srira\Desktop\new_plan\EMD_V5_2_Hybrid\06_docking\poses\CAND_c62f51e470_vina_out.pdbqt' --center_x 32.53 --center_y 13.271 --center_z -3.863 --size_x 18.0 --size_y 18.0 --size_z 18.0 --exhaustiveness 16 --num_modes 9 --energy_range 3,completed
C:\Users\srira\Desktop\new_plan\EMD_V5_2_Hybrid\06_docking\receptor\jak2_prepared.pdbqt,C:\Users\srira\Desktop\new_plan\EMD_V5_2_Hybrid\06_docking\ligands_pdbqt\CAND_cc70ad3aa7.pdbqt,C:\Users\srira\Desktop\new_plan\EMD_V5_2_Hybrid\06_docking\poses\CAND_cc70ad3aa7_vina_out.pdbqt,C:\Users\srira\Desktop\new_plan\EMD_V5_2_Hybrid\06_docking\scores\CAND_cc70ad3aa7_vina.log,32.53,13.271,-3.863,18.0,18.0,18.0,16,9,3,vina --receptor 'C:\Users\srira\Desktop\new_plan\EMD_V5_2_Hybrid\06_docking\receptor\jak2_prepared.pdbqt' --ligand 'C:\Users\srira\Desktop\new_plan\EMD_V5_2_Hybrid\06_docking\ligands_pdbqt\CAND_cc70ad3aa7.pdbqt' --out 'C:\Users\srira\Desktop\new_plan\EMD_V5_2_Hybrid\06_docking\poses\CAND_cc70ad3aa7_vina_out.pdbqt' --center_x 32.53 --center_y 13.271 --center_z -3.863 --size_x 18.0 --size_y 18.0 --size_z 18.0 --exhaustiveness 16 --num_modes 9 --energy_range 3,completed
C:\Users\srira\Desktop\new_plan\EMD_V5_2_Hybrid\06_docking\receptor\jak2_prepared.pdbqt,C:\Users\srira\Desktop\new_plan\EMD_V5_2_Hybrid\06_docking\ligands_pdbqt\CAND_cd1b05bb61.pdbqt,C:\Users\srira\Desktop\new_plan\EMD_V5_2_Hybrid\06_docking\poses\CAND_cd1b05bb61_vina_out.pdbqt,C:\Users\srira\Desktop\new_plan\EMD_V5_2_Hybrid\06_docking\scores\CAND_cd1b05bb61_vina.log,32.53,13.271,-3.863,18.0,18.0,18.0,16,9,3,vina --receptor 'C:\Users\srira\Desktop\new_plan\EMD_V5_2_Hybrid\06_docking\receptor\jak2_prepared.pdbqt' --ligand 'C:\Users\srira\Desktop\new_plan\EMD_V5_2_Hybrid\06_docking\ligands_pdbqt\CAND_cd1b05bb61.pdbqt' --out 'C:\Users\srira\Desktop\new_plan\EMD_V5_2_Hybrid\06_docking\poses\CAND_cd1b05bb61_vina_out.pdbqt' --center_x 32.53 --center_y 13.271 --center_z -3.863 --size_x 18.0 --size_y 18.0 --size_z 18.0 --exhaustiveness 16 --num_modes 9 --energy_range 3,completed
C:\Users\srira\Desktop\new_plan\EMD_V5_2_Hybrid\06_docking\receptor\jak2_prepared.pdbqt,C:\Users\srira\Desktop\new_plan\EMD_V5_2_Hybrid\06_docking\ligands_pdbqt\CAND_cd3f4c17f2.pdbqt,C:\Users\srira\Desktop\new_plan\EMD_V5_2_Hybrid\06_docking\poses\CAND_cd3f4c17f2_vina_out.pdbqt,C:\Users\srira\Desktop\new_plan\EMD_V5_2_Hybrid\06_docking\scores\CAND_cd3f4c17f2_vina.log,32.53,13.271,-3.863,18.0,18.0,18.0,16,9,3,vina --receptor 'C:\Users\srira\Desktop\new_plan\EMD_V5_2_Hybrid\06_docking\receptor\jak2_prepared.pdbqt' --ligand 'C:\Users\srira\Desktop\new_plan\EMD_V5_2_Hybrid\06_docking\ligands_pdbqt\CAND_cd3f4c17f2.pdbqt' --out 'C:\Users\srira\Desktop\new_plan\EMD_V5_2_Hybrid\06_docking\poses\CAND_cd3f4c17f2_vina_out.pdbqt' --center_x 32.53 --center_y 13.271 --center_z -3.863 --size_x 18.0 --size_y 18.0 --size_z 18.0 --exhaustiveness 16 --num_modes 9 --energy_range 3,completed
C:\Users\srira\Desktop\new_plan\EMD_V5_2_Hybrid\06_docking\receptor\jak2_prepared.pdbqt,C:\Users\srira\Desktop\new_plan\EMD_V5_2_Hybrid\06_docking\ligands_pdbqt\CAND_d505721a30.pdbqt,C:\Users\srira\Desktop\new_plan\EMD_V5_2_Hybrid\06_docking\poses\CAND_d505721a30_vina_out.pdbqt,C:\Users\srira\Desktop\new_plan\EMD_V5_2_Hybrid\06_docking\scores\CAND_d505721a30_vina.log,32.53,13.271,-3.863,18.0,18.0,18.0,16,9,3,vina --receptor 'C:\Users\srira\Desktop\new_plan\EMD_V5_2_Hybrid\06_docking\receptor\jak2_prepared.pdbqt' --ligand 'C:\Users\srira\Desktop\new_plan\EMD_V5_2_Hybrid\06_docking\ligands_pdbqt\CAND_d505721a30.pdbqt' --out 'C:\Users\srira\Desktop\new_plan\EMD_V5_2_Hybrid\06_docking\poses\CAND_d505721a30_vina_out.pdbqt' --center_x 32.53 --center_y 13.271 --center_z -3.863 --size_x 18.0 --size_y 18.0 --size_z 18.0 --exhaustiveness 16 --num_modes 9 --energy_range 3,completed
C:\Users\srira\Desktop\new_plan\EMD_V5_2_Hybrid\06_docking\receptor\jak2_prepared.pdbqt,C:\Users\srira\Desktop\new_plan\EMD_V5_2_Hybrid\06_docking\ligands_pdbqt\CAND_d69f8c8d4a.pdbqt,C:\Users\srira\Desktop\new_plan\EMD_V5_2_Hybrid\06_docking\poses\CAND_d69f8c8d4a_vina_out.pdbqt,C:\Users\srira\Desktop\new_plan\EMD_V5_2_Hybrid\06_docking\scores\CAND_d69f8c8d4a_vina.log,32.53,13.271,-3.863,18.0,18.0,18.0,16,9,3,vina --receptor 'C:\Users\srira\Desktop\new_plan\EMD_V5_2_Hybrid\06_docking\receptor\jak2_prepared.pdbqt' --ligand 'C:\Users\srira\Desktop\new_plan\EMD_V5_2_Hybrid\06_docking\ligands_pdbqt\CAND_d69f8c8d4a.pdbqt' --out 'C:\Users\srira\Desktop\new_plan\EMD_V5_2_Hybrid\06_docking\poses\CAND_d69f8c8d4a_vina_out.pdbqt' --center_x 32.53 --center_y 13.271 --center_z -3.863 --size_x 18.0 --size_y 18.0 --size_z 18.0 --exhaustiveness 16 --num_modes 9 --energy_range 3,completed
C:\Users\srira\Desktop\new_plan\EMD_V5_2_Hybrid\06_docking\receptor\jak2_prepared.pdbqt,C:\Users\srira\Desktop\new_plan\EMD_V5_2_Hybrid\06_docking\ligands_pdbqt\CAND_d7042ec02b.pdbqt,C:\Users\srira\Desktop\new_plan\EMD_V5_2_Hybrid\06_docking\poses\CAND_d7042ec02b_vina_out.pdbqt,C:\Users\srira\Desktop\new_plan\EMD_V5_2_Hybrid\06_docking\scores\CAND_d7042ec02b_vina.log,32.53,13.271,-3.863,18.0,18.0,18.0,16,9,3,vina --receptor 'C:\Users\srira\Desktop\new_plan\EMD_V5_2_Hybrid\06_docking\receptor\jak2_prepared.pdbqt' --ligand 'C:\Users\srira\Desktop\new_plan\EMD_V5_2_Hybrid\06_docking\ligands_pdbqt\CAND_d7042ec02b.pdbqt' --out 'C:\Users\srira\Desktop\new_plan\EMD_V5_2_Hybrid\06_docking\poses\CAND_d7042ec02b_vina_out.pdbqt' --center_x 32.53 --center_y 13.271 --center_z -3.863 --size_x 18.0 --size_y 18.0 --size_z 18.0 --exhaustiveness 16 --num_modes 9 --energy_range 3,completed
C:\Users\srira\Desktop\new_plan\EMD_V5_2_Hybrid\06_docking\receptor\jak2_prepared.pdbqt,C:\Users\srira\Desktop\new_plan\EMD_V5_2_Hybrid\06_docking\ligands_pdbqt\CAND_d80d2fbd1f.pdbqt,C:\Users\srira\Desktop\new_plan\EMD_V5_2_Hybrid\06_docking\poses\CAND_d80d2fbd1f_vina_out.pdbqt,C:\Users\srira\Desktop\new_plan\EMD_V5_2_Hybrid\06_docking\scores\CAND_d80d2fbd1f_vina.log,32.53,13.271,-3.863,18.0,18.0,18.0,16,9,3,vina --receptor 'C:\Users\srira\Desktop\new_plan\EMD_V5_2_Hybrid\06_docking\receptor\jak2_prepared.pdbqt' --ligand 'C:\Users\srira\Desktop\new_plan\EMD_V5_2_Hybrid\06_docking\ligands_pdbqt\CAND_d80d2fbd1f.pdbqt' --out 'C:\Users\srira\Desktop\new_plan\EMD_V5_2_Hybrid\06_docking\poses\CAND_d80d2fbd1f_vina_out.pdbqt' --center_x 32.53 --center_y 13.271 --center_z -3.863 --size_x 18.0 --size_y 18.0 --size_z 18.0 --exhaustiveness 16 --num_modes 9 --energy_range 3,completed
C:\Users\srira\Desktop\new_plan\EMD_V5_2_Hybrid\06_docking\receptor\jak2_prepared.pdbqt,C:\Users\srira\Desktop\new_plan\EMD_V5_2_Hybrid\06_docking\ligands_pdbqt\CAND_d8ca5c309a.pdbqt,C:\Users\srira\Desktop\new_plan\EMD_V5_2_Hybrid\06_docking\poses\CAND_d8ca5c309a_vina_out.pdbqt,C:\Users\srira\Desktop\new_plan\EMD_V5_2_Hybrid\06_docking\scores\CAND_d8ca5c309a_vina.log,32.53,13.271,-3.863,18.0,18.0,18.0,16,9,3,vina --receptor 'C:\Users\srira\Desktop\new_plan\EMD_V5_2_Hybrid\06_docking\receptor\jak2_prepared.pdbqt' --ligand 'C:\Users\srira\Desktop\new_plan\EMD_V5_2_Hybrid\06_docking\ligands_pdbqt\CAND_d8ca5c309a.pdbqt' --out 'C:\Users\srira\Desktop\new_plan\EMD_V5_2_Hybrid\06_docking\poses\CAND_d8ca5c309a_vina_out.pdbqt' --center_x 32.53 --center_y 13.271 --center_z -3.863 --size_x 18.0 --size_y 18.0 --size_z 18.0 --exhaustiveness 16 --num_modes 9 --energy_range 3,completed
C:\Users\srira\Desktop\new_plan\EMD_V5_2_Hybrid\06_docking\receptor\jak2_prepared.pdbqt,C:\Users\srira\Desktop\new_plan\EMD_V5_2_Hybrid\06_docking\ligands_pdbqt\CAND_dad5236b95.pdbqt,C:\Users\srira\Desktop\new_plan\EMD_V5_2_Hybrid\06_docking\poses\CAND_dad5236b95_vina_out.pdbqt,C:\Users\srira\Desktop\new_plan\EMD_V5_2_Hybrid\06_docking\scores\CAND_dad5236b95_vina.log,32.53,13.271,-3.863,18.0,18.0,18.0,16,9,3,vina --receptor 'C:\Users\srira\Desktop\new_plan\EMD_V5_2_Hybrid\06_docking\receptor\jak2_prepared.pdbqt' --ligand 'C:\Users\srira\Desktop\new_plan\EMD_V5_2_Hybrid\06_docking\ligands_pdbqt\CAND_dad5236b95.pdbqt' --out 'C:\Users\srira\Desktop\new_plan\EMD_V5_2_Hybrid\06_docking\poses\CAND_dad5236b95_vina_out.pdbqt' --center_x 32.53 --center_y 13.271 --center_z -3.863 --size_x 18.0 --size_y 18.0 --size_z 18.0 --exhaustiveness 16 --num_modes 9 --energy_range 3,completed
C:\Users\srira\Desktop\new_plan\EMD_V5_2_Hybrid\06_docking\receptor\jak2_prepared.pdbqt,C:\Users\srira\Desktop\new_plan\EMD_V5_2_Hybrid\06_docking\ligands_pdbqt\CAND_daf82c369e.pdbqt,C:\Users\srira\Desktop\new_plan\EMD_V5_2_Hybrid\06_docking\poses\CAND_daf82c369e_vina_out.pdbqt,C:\Users\srira\Desktop\new_plan\EMD_V5_2_Hybrid\06_docking\scores\CAND_daf82c369e_vina.log,32.53,13.271,-3.863,18.0,18.0,18.0,16,9,3,vina --receptor 'C:\Users\srira\Desktop\new_plan\EMD_V5_2_Hybrid\06_docking\receptor\jak2_prepared.pdbqt' --ligand 'C:\Users\srira\Desktop\new_plan\EMD_V5_2_Hybrid\06_docking\ligands_pdbqt\CAND_daf82c369e.pdbqt' --out 'C:\Users\srira\Desktop\new_plan\EMD_V5_2_Hybrid\06_docking\poses\CAND_daf82c369e_vina_out.pdbqt' --center_x 32.53 --center_y 13.271 --center_z -3.863 --size_x 18.0 --size_y 18.0 --size_z 18.0 --exhaustiveness 16 --num_modes 9 --energy_range 3,completed
C:\Users\srira\Desktop\new_plan\EMD_V5_2_Hybrid\06_docking\receptor\jak2_prepared.pdbqt,C:\Users\srira\Desktop\new_plan\EMD_V5_2_Hybrid\06_docking\ligands_pdbqt\CAND_db02ab413a.pdbqt,C:\Users\srira\Desktop\new_plan\EMD_V5_2_Hybrid\06_docking\poses\CAND_db02ab413a_vina_out.pdbqt,C:\Users\srira\Desktop\new_plan\EMD_V5_2_Hybrid\06_docking\scores\CAND_db02ab413a_vina.log,32.53,13.271,-3.863,18.0,18.0,18.0,16,9,3,vina --receptor 'C:\Users\srira\Desktop\new_plan\EMD_V5_2_Hybrid\06_docking\receptor\jak2_prepared.pdbqt' --ligand 'C:\Users\srira\Desktop\new_plan\EMD_V5_2_Hybrid\06_docking\ligands_pdbqt\CAND_db02ab413a.pdbqt' --out 'C:\Users\srira\Desktop\new_plan\EMD_V5_2_Hybrid\06_docking\poses\CAND_db02ab413a_vina_out.pdbqt' --center_x 32.53 --center_y 13.271 --center_z -3.863 --size_x 18.0 --size_y 18.0 --size_z 18.0 --exhaustiveness 16 --num_modes 9 --energy_range 3,completed
C:\Users\srira\Desktop\new_plan\EMD_V5_2_Hybrid\06_docking\receptor\jak2_prepared.pdbqt,C:\Users\srira\Desktop\new_plan\EMD_V5_2_Hybrid\06_docking\ligands_pdbqt\CAND_e0fb42f17c.pdbqt,C:\Users\srira\Desktop\new_plan\EMD_V5_2_Hybrid\06_docking\poses\CAND_e0fb42f17c_vina_out.pdbqt,C:\Users\srira\Desktop\new_plan\EMD_V5_2_Hybrid\06_docking\scores\CAND_e0fb42f17c_vina.log,32.53,13.271,-3.863,18.0,18.0,18.0,16,9,3,vina --receptor 'C:\Users\srira\Desktop\new_plan\EMD_V5_2_Hybrid\06_docking\receptor\jak2_prepared.pdbqt' --ligand 'C:\Users\srira\Desktop\new_plan\EMD_V5_2_Hybrid\06_docking\ligands_pdbqt\CAND_e0fb42f17c.pdbqt' --out 'C:\Users\srira\Desktop\new_plan\EMD_V5_2_Hybrid\06_docking\poses\CAND_e0fb42f17c_vina_out.pdbqt' --center_x 32.53 --center_y 13.271 --center_z -3.863 --size_x 18.0 --size_y 18.0 --size_z 18.0 --exhaustiveness 16 --num_modes 9 --energy_range 3,completed
C:\Users\srira\Desktop\new_plan\EMD_V5_2_Hybrid\06_docking\receptor\jak2_prepared.pdbqt,C:\Users\srira\Desktop\new_plan\EMD_V5_2_Hybrid\06_docking\ligands_pdbqt\CAND_e1574bf927.pdbqt,C:\Users\srira\Desktop\new_plan\EMD_V5_2_Hybrid\06_docking\poses\CAND_e1574bf927_vina_out.pdbqt,C:\Users\srira\Desktop\new_plan\EMD_V5_2_Hybrid\06_docking\scores\CAND_e1574bf927_vina.log,32.53,13.271,-3.863,18.0,18.0,18.0,16,9,3,vina --receptor 'C:\Users\srira\Desktop\new_plan\EMD_V5_2_Hybrid\06_docking\receptor\jak2_prepared.pdbqt' --ligand 'C:\Users\srira\Desktop\new_plan\EMD_V5_2_Hybrid\06_docking\ligands_pdbqt\CAND_e1574bf927.pdbqt' --out 'C:\Users\srira\Desktop\new_plan\EMD_V5_2_Hybrid\06_docking\poses\CAND_e1574bf927_vina_out.pdbqt' --center_x 32.53 --center_y 13.271 --center_z -3.863 --size_x 18.0 --size_y 18.0 --size_z 18.0 --exhaustiveness 16 --num_modes 9 --energy_range 3,completed
C:\Users\srira\Desktop\new_plan\EMD_V5_2_Hybrid\06_docking\receptor\jak2_prepared.pdbqt,C:\Users\srira\Desktop\new_plan\EMD_V5_2_Hybrid\06_docking\ligands_pdbqt\CAND_e39c68c1d0.pdbqt,C:\Users\srira\Desktop\new_plan\EMD_V5_2_Hybrid\06_docking\poses\CAND_e39c68c1d0_vina_out.pdbqt,C:\Users\srira\Desktop\new_plan\EMD_V5_2_Hybrid\06_docking\scores\CAND_e39c68c1d0_vina.log,32.53,13.271,-3.863,18.0,18.0,18.0,16,9,3,vina --receptor 'C:\Users\srira\Desktop\new_plan\EMD_V5_2_Hybrid\06_docking\receptor\jak2_prepared.pdbqt' --ligand 'C:\Users\srira\Desktop\new_plan\EMD_V5_2_Hybrid\06_docking\ligands_pdbqt\CAND_e39c68c1d0.pdbqt' --out 'C:\Users\srira\Desktop\new_plan\EMD_V5_2_Hybrid\06_docking\poses\CAND_e39c68c1d0_vina_out.pdbqt' --center_x 32.53 --center_y 13.271 --center_z -3.863 --size_x 18.0 --size_y 18.0 --size_z 18.0 --exhaustiveness 16 --num_modes 9 --energy_range 3,completed
C:\Users\srira\Desktop\new_plan\EMD_V5_2_Hybrid\06_docking\receptor\jak2_prepared.pdbqt,C:\Users\srira\Desktop\new_plan\EMD_V5_2_Hybrid\06_docking\ligands_pdbqt\CAND_e5cba072ee.pdbqt,C:\Users\srira\Desktop\new_plan\EMD_V5_2_Hybrid\06_docking\poses\CAND_e5cba072ee_vina_out.pdbqt,C:\Users\srira\Desktop\new_plan\EMD_V5_2_Hybrid\06_docking\scores\CAND_e5cba072ee_vina.log,32.53,13.271,-3.863,18.0,18.0,18.0,16,9,3,vina --receptor 'C:\Users\srira\Desktop\new_plan\EMD_V5_2_Hybrid\06_docking\receptor\jak2_prepared.pdbqt' --ligand 'C:\Users\srira\Desktop\new_plan\EMD_V5_2_Hybrid\06_docking\ligands_pdbqt\CAND_e5cba072ee.pdbqt' --out 'C:\Users\srira\Desktop\new_plan\EMD_V5_2_Hybrid\06_docking\poses\CAND_e5cba072ee_vina_out.pdbqt' --center_x 32.53 --center_y 13.271 --center_z -3.863 --size_x 18.0 --size_y 18.0 --size_z 18.0 --exhaustiveness 16 --num_modes 9 --energy_range 3,completed
C:\Users\srira\Desktop\new_plan\EMD_V5_2_Hybrid\06_docking\receptor\jak2_prepared.pdbqt,C:\Users\srira\Desktop\new_plan\EMD_V5_2_Hybrid\06_docking\ligands_pdbqt\CAND_ebcfd1f7b9.pdbqt,C:\Users\srira\Desktop\new_plan\EMD_V5_2_Hybrid\06_docking\poses\CAND_ebcfd1f7b9_vina_out.pdbqt,C:\Users\srira\Desktop\new_plan\EMD_V5_2_Hybrid\06_docking\scores\CAND_ebcfd1f7b9_vina.log,32.53,13.271,-3.863,18.0,18.0,18.0,16,9,3,vina --receptor 'C:\Users\srira\Desktop\new_plan\EMD_V5_2_Hybrid\06_docking\receptor\jak2_prepared.pdbqt' --ligand 'C:\Users\srira\Desktop\new_plan\EMD_V5_2_Hybrid\06_docking\ligands_pdbqt\CAND_ebcfd1f7b9.pdbqt' --out 'C:\Users\srira\Desktop\new_plan\EMD_V5_2_Hybrid\06_docking\poses\CAND_ebcfd1f7b9_vina_out.pdbqt' --center_x 32.53 --center_y 13.271 --center_z -3.863 --size_x 18.0 --size_y 18.0 --size_z 18.0 --exhaustiveness 16 --num_modes 9 --energy_range 3,completed
C:\Users\srira\Desktop\new_plan\EMD_V5_2_Hybrid\06_docking\receptor\jak2_prepared.pdbqt,C:\Users\srira\Desktop\new_plan\EMD_V5_2_Hybrid\06_docking\ligands_pdbqt\CAND_ecbebacf17.pdbqt,C:\Users\srira\Desktop\new_plan\EMD_V5_2_Hybrid\06_docking\poses\CAND_ecbebacf17_vina_out.pdbqt,C:\Users\srira\Desktop\new_plan\EMD_V5_2_Hybrid\06_docking\scores\CAND_ecbebacf17_vina.log,32.53,13.271,-3.863,18.0,18.0,18.0,16,9,3,vina --receptor 'C:\Users\srira\Desktop\new_plan\EMD_V5_2_Hybrid\06_docking\receptor\jak2_prepared.pdbqt' --ligand 'C:\Users\srira\Desktop\new_plan\EMD_V5_2_Hybrid\06_docking\ligands_pdbqt\CAND_ecbebacf17.pdbqt' --out 'C:\Users\srira\Desktop\new_plan\EMD_V5_2_Hybrid\06_docking\poses\CAND_ecbebacf17_vina_out.pdbqt' --center_x 32.53 --center_y 13.271 --center_z -3.863 --size_x 18.0 --size_y 18.0 --size_z 18.0 --exhaustiveness 16 --num_modes 9 --energy_range 3,completed
C:\Users\srira\Desktop\new_plan\EMD_V5_2_Hybrid\06_docking\receptor\jak2_prepared.pdbqt,C:\Users\srira\Desktop\new_plan\EMD_V5_2_Hybrid\06_docking\ligands_pdbqt\CAND_ecf01c944b.pdbqt,C:\Users\srira\Desktop\new_plan\EMD_V5_2_Hybrid\06_docking\poses\CAND_ecf01c944b_vina_out.pdbqt,C:\Users\srira\Desktop\new_plan\EMD_V5_2_Hybrid\06_docking\scores\CAND_ecf01c944b_vina.log,32.53,13.271,-3.863,18.0,18.0,18.0,16,9,3,vina --receptor 'C:\Users\srira\Desktop\new_plan\EMD_V5_2_Hybrid\06_docking\receptor\jak2_prepared.pdbqt' --ligand 'C:\Users\srira\Desktop\new_plan\EMD_V5_2_Hybrid\06_docking\ligands_pdbqt\CAND_ecf01c944b.pdbqt' --out 'C:\Users\srira\Desktop\new_plan\EMD_V5_2_Hybrid\06_docking\poses\CAND_ecf01c944b_vina_out.pdbqt' --center_x 32.53 --center_y 13.271 --center_z -3.863 --size_x 18.0 --size_y 18.0 --size_z 18.0 --exhaustiveness 16 --num_modes 9 --energy_range 3,completed
C:\Users\srira\Desktop\new_plan\EMD_V5_2_Hybrid\06_docking\receptor\jak2_prepared.pdbqt,C:\Users\srira\Desktop\new_plan\EMD_V5_2_Hybrid\06_docking\ligands_pdbqt\CAND_edf26a0208.pdbqt,C:\Users\srira\Desktop\new_plan\EMD_V5_2_Hybrid\06_docking\poses\CAND_edf26a0208_vina_out.pdbqt,C:\Users\srira\Desktop\new_plan\EMD_V5_2_Hybrid\06_docking\scores\CAND_edf26a0208_vina.log,32.53,13.271,-3.863,18.0,18.0,18.0,16,9,3,vina --receptor 'C:\Users\srira\Desktop\new_plan\EMD_V5_2_Hybrid\06_docking\receptor\jak2_prepared.pdbqt' --ligand 'C:\Users\srira\Desktop\new_plan\EMD_V5_2_Hybrid\06_docking\ligands_pdbqt\CAND_edf26a0208.pdbqt' --out 'C:\Users\srira\Desktop\new_plan\EMD_V5_2_Hybrid\06_docking\poses\CAND_edf26a0208_vina_out.pdbqt' --center_x 32.53 --center_y 13.271 --center_z -3.863 --size_x 18.0 --size_y 18.0 --size_z 18.0 --exhaustiveness 16 --num_modes 9 --energy_range 3,completed
C:\Users\srira\Desktop\new_plan\EMD_V5_2_Hybrid\06_docking\receptor\jak2_prepared.pdbqt,C:\Users\srira\Desktop\new_plan\EMD_V5_2_Hybrid\06_docking\ligands_pdbqt\CAND_efcc99d5da.pdbqt,C:\Users\srira\Desktop\new_plan\EMD_V5_2_Hybrid\06_docking\poses\CAND_efcc99d5da_vina_out.pdbqt,C:\Users\srira\Desktop\new_plan\EMD_V5_2_Hybrid\06_docking\scores\CAND_efcc99d5da_vina.log,32.53,13.271,-3.863,18.0,18.0,18.0,16,9,3,vina --receptor 'C:\Users\srira\Desktop\new_plan\EMD_V5_2_Hybrid\06_docking\receptor\jak2_prepared.pdbqt' --ligand 'C:\Users\srira\Desktop\new_plan\EMD_V5_2_Hybrid\06_docking\ligands_pdbqt\CAND_efcc99d5da.pdbqt' --out 'C:\Users\srira\Desktop\new_plan\EMD_V5_2_Hybrid\06_docking\poses\CAND_efcc99d5da_vina_out.pdbqt' --center_x 32.53 --center_y 13.271 --center_z -3.863 --size_x 18.0 --size_y 18.0 --size_z 18.0 --exhaustiveness 16 --num_modes 9 --energy_range 3,completed
C:\Users\srira\Desktop\new_plan\EMD_V5_2_Hybrid\06_docking\receptor\jak2_prepared.pdbqt,C:\Users\srira\Desktop\new_plan\EMD_V5_2_Hybrid\06_docking\ligands_pdbqt\CAND_f0651a9cfd.pdbqt,C:\Users\srira\Desktop\new_plan\EMD_V5_2_Hybrid\06_docking\poses\CAND_f0651a9cfd_vina_out.pdbqt,C:\Users\srira\Desktop\new_plan\EMD_V5_2_Hybrid\06_docking\scores\CAND_f0651a9cfd_vina.log,32.53,13.271,-3.863,18.0,18.0,18.0,16,9,3,vina --receptor 'C:\Users\srira\Desktop\new_plan\EMD_V5_2_Hybrid\06_docking\receptor\jak2_prepared.pdbqt' --ligand 'C:\Users\srira\Desktop\new_plan\EMD_V5_2_Hybrid\06_docking\ligands_pdbqt\CAND_f0651a9cfd.pdbqt' --out 'C:\Users\srira\Desktop\new_plan\EMD_V5_2_Hybrid\06_docking\poses\CAND_f0651a9cfd_vina_out.pdbqt' --center_x 32.53 --center_y 13.271 --center_z -3.863 --size_x 18.0 --size_y 18.0 --size_z 18.0 --exhaustiveness 16 --num_modes 9 --energy_range 3,completed
C:\Users\srira\Desktop\new_plan\EMD_V5_2_Hybrid\06_docking\receptor\jak2_prepared.pdbqt,C:\Users\srira\Desktop\new_plan\EMD_V5_2_Hybrid\06_docking\ligands_pdbqt\CAND_f169596727.pdbqt,C:\Users\srira\Desktop\new_plan\EMD_V5_2_Hybrid\06_docking\poses\CAND_f169596727_vina_out.pdbqt,C:\Users\srira\Desktop\new_plan\EMD_V5_2_Hybrid\06_docking\scores\CAND_f169596727_vina.log,32.53,13.271,-3.863,18.0,18.0,18.0,16,9,3,vina --receptor 'C:\Users\srira\Desktop\new_plan\EMD_V5_2_Hybrid\06_docking\receptor\jak2_prepared.pdbqt' --ligand 'C:\Users\srira\Desktop\new_plan\EMD_V5_2_Hybrid\06_docking\ligands_pdbqt\CAND_f169596727.pdbqt' --out 'C:\Users\srira\Desktop\new_plan\EMD_V5_2_Hybrid\06_docking\poses\CAND_f169596727_vina_out.pdbqt' --center_x 32.53 --center_y 13.271 --center_z -3.863 --size_x 18.0 --size_y 18.0 --size_z 18.0 --exhaustiveness 16 --num_modes 9 --energy_range 3,completed
C:\Users\srira\Desktop\new_plan\EMD_V5_2_Hybrid\06_docking\receptor\jak2_prepared.pdbqt,C:\Users\srira\Desktop\new_plan\EMD_V5_2_Hybrid\06_docking\ligands_pdbqt\CAND_f223d783e6.pdbqt,C:\Users\srira\Desktop\new_plan\EMD_V5_2_Hybrid\06_docking\poses\CAND_f223d783e6_vina_out.pdbqt,C:\Users\srira\Desktop\new_plan\EMD_V5_2_Hybrid\06_docking\scores\CAND_f223d783e6_vina.log,32.53,13.271,-3.863,18.0,18.0,18.0,16,9,3,vina --receptor 'C:\Users\srira\Desktop\new_plan\EMD_V5_2_Hybrid\06_docking\receptor\jak2_prepared.pdbqt' --ligand 'C:\Users\srira\Desktop\new_plan\EMD_V5_2_Hybrid\06_docking\ligands_pdbqt\CAND_f223d783e6.pdbqt' --out 'C:\Users\srira\Desktop\new_plan\EMD_V5_2_Hybrid\06_docking\poses\CAND_f223d783e6_vina_out.pdbqt' --center_x 32.53 --center_y 13.271 --center_z -3.863 --size_x 18.0 --size_y 18.0 --size_z 18.0 --exhaustiveness 16 --num_modes 9 --energy_range 3,completed
C:\Users\srira\Desktop\new_plan\EMD_V5_2_Hybrid\06_docking\receptor\jak2_prepared.pdbqt,C:\Users\srira\Desktop\new_plan\EMD_V5_2_Hybrid\06_docking\ligands_pdbqt\CAND_f3d4556a8b.pdbqt,C:\Users\srira\Desktop\new_plan\EMD_V5_2_Hybrid\06_docking\poses\CAND_f3d4556a8b_vina_out.pdbqt,C:\Users\srira\Desktop\new_plan\EMD_V5_2_Hybrid\06_docking\scores\CAND_f3d4556a8b_vina.log,32.53,13.271,-3.863,18.0,18.0,18.0,16,9,3,vina --receptor 'C:\Users\srira\Desktop\new_plan\EMD_V5_2_Hybrid\06_docking\receptor\jak2_prepared.pdbqt' --ligand 'C:\Users\srira\Desktop\new_plan\EMD_V5_2_Hybrid\06_docking\ligands_pdbqt\CAND_f3d4556a8b.pdbqt' --out 'C:\Users\srira\Desktop\new_plan\EMD_V5_2_Hybrid\06_docking\poses\CAND_f3d4556a8b_vina_out.pdbqt' --center_x 32.53 --center_y 13.271 --center_z -3.863 --size_x 18.0 --size_y 18.0 --size_z 18.0 --exhaustiveness 16 --num_modes 9 --energy_range 3,completed
C:\Users\srira\Desktop\new_plan\EMD_V5_2_Hybrid\06_docking\receptor\jak2_prepared.pdbqt,C:\Users\srira\Desktop\new_plan\EMD_V5_2_Hybrid\06_docking\ligands_pdbqt\CAND_f51492fec7.pdbqt,C:\Users\srira\Desktop\new_plan\EMD_V5_2_Hybrid\06_docking\poses\CAND_f51492fec7_vina_out.pdbqt,C:\Users\srira\Desktop\new_plan\EMD_V5_2_Hybrid\06_docking\scores\CAND_f51492fec7_vina.log,32.53,13.271,-3.863,18.0,18.0,18.0,16,9,3,vina --receptor 'C:\Users\srira\Desktop\new_plan\EMD_V5_2_Hybrid\06_docking\receptor\jak2_prepared.pdbqt' --ligand 'C:\Users\srira\Desktop\new_plan\EMD_V5_2_Hybrid\06_docking\ligands_pdbqt\CAND_f51492fec7.pdbqt' --out 'C:\Users\srira\Desktop\new_plan\EMD_V5_2_Hybrid\06_docking\poses\CAND_f51492fec7_vina_out.pdbqt' --center_x 32.53 --center_y 13.271 --center_z -3.863 --size_x 18.0 --size_y 18.0 --size_z 18.0 --exhaustiveness 16 --num_modes 9 --energy_range 3,completed
C:\Users\srira\Desktop\new_plan\EMD_V5_2_Hybrid\06_docking\receptor\jak2_prepared.pdbqt,C:\Users\srira\Desktop\new_plan\EMD_V5_2_Hybrid\06_docking\ligands_pdbqt\CAND_f5e0e8639b.pdbqt,C:\Users\srira\Desktop\new_plan\EMD_V5_2_Hybrid\06_docking\poses\CAND_f5e0e8639b_vina_out.pdbqt,C:\Users\srira\Desktop\new_plan\EMD_V5_2_Hybrid\06_docking\scores\CAND_f5e0e8639b_vina.log,32.53,13.271,-3.863,18.0,18.0,18.0,16,9,3,vina --receptor 'C:\Users\srira\Desktop\new_plan\EMD_V5_2_Hybrid\06_docking\receptor\jak2_prepared.pdbqt' --ligand 'C:\Users\srira\Desktop\new_plan\EMD_V5_2_Hybrid\06_docking\ligands_pdbqt\CAND_f5e0e8639b.pdbqt' --out 'C:\Users\srira\Desktop\new_plan\EMD_V5_2_Hybrid\06_docking\poses\CAND_f5e0e8639b_vina_out.pdbqt' --center_x 32.53 --center_y 13.271 --center_z -3.863 --size_x 18.0 --size_y 18.0 --size_z 18.0 --exhaustiveness 16 --num_modes 9 --energy_range 3,completed
C:\Users\srira\Desktop\new_plan\EMD_V5_2_Hybrid\06_docking\receptor\jak2_prepared.pdbqt,C:\Users\srira\Desktop\new_plan\EMD_V5_2_Hybrid\06_docking\ligands_pdbqt\CAND_f613c77d25.pdbqt,C:\Users\srira\Desktop\new_plan\EMD_V5_2_Hybrid\06_docking\poses\CAND_f613c77d25_vina_out.pdbqt,C:\Users\srira\Desktop\new_plan\EMD_V5_2_Hybrid\06_docking\scores\CAND_f613c77d25_vina.log,32.53,13.271,-3.863,18.0,18.0,18.0,16,9,3,vina --receptor 'C:\Users\srira\Desktop\new_plan\EMD_V5_2_Hybrid\06_docking\receptor\jak2_prepared.pdbqt' --ligand 'C:\Users\srira\Desktop\new_plan\EMD_V5_2_Hybrid\06_docking\ligands_pdbqt\CAND_f613c77d25.pdbqt' --out 'C:\Users\srira\Desktop\new_plan\EMD_V5_2_Hybrid\06_docking\poses\CAND_f613c77d25_vina_out.pdbqt' --center_x 32.53 --center_y 13.271 --center_z -3.863 --size_x 18.0 --size_y 18.0 --size_z 18.0 --exhaustiveness 16 --num_modes 9 --energy_range 3,completed
C:\Users\srira\Desktop\new_plan\EMD_V5_2_Hybrid\06_docking\receptor\jak2_prepared.pdbqt,C:\Users\srira\Desktop\new_plan\EMD_V5_2_Hybrid\06_docking\ligands_pdbqt\CAND_f638f4e1fc.pdbqt,C:\Users\srira\Desktop\new_plan\EMD_V5_2_Hybrid\06_docking\poses\CAND_f638f4e1fc_vina_out.pdbqt,C:\Users\srira\Desktop\new_plan\EMD_V5_2_Hybrid\06_docking\scores\CAND_f638f4e1fc_vina.log,32.53,13.271,-3.863,18.0,18.0,18.0,16,9,3,vina --receptor 'C:\Users\srira\Desktop\new_plan\EMD_V5_2_Hybrid\06_docking\receptor\jak2_prepared.pdbqt' --ligand 'C:\Users\srira\Desktop\new_plan\EMD_V5_2_Hybrid\06_docking\ligands_pdbqt\CAND_f638f4e1fc.pdbqt' --out 'C:\Users\srira\Desktop\new_plan\EMD_V5_2_Hybrid\06_docking\poses\CAND_f638f4e1fc_vina_out.pdbqt' --center_x 32.53 --center_y 13.271 --center_z -3.863 --size_x 18.0 --size_y 18.0 --size_z 18.0 --exhaustiveness 16 --num_modes 9 --energy_range 3,completed
C:\Users\srira\Desktop\new_plan\EMD_V5_2_Hybrid\06_docking\receptor\jak2_prepared.pdbqt,C:\Users\srira\Desktop\new_plan\EMD_V5_2_Hybrid\06_docking\ligands_pdbqt\CAND_f8d207ebf9.pdbqt,C:\Users\srira\Desktop\new_plan\EMD_V5_2_Hybrid\06_docking\poses\CAND_f8d207ebf9_vina_out.pdbqt,C:\Users\srira\Desktop\new_plan\EMD_V5_2_Hybrid\06_docking\scores\CAND_f8d207ebf9_vina.log,32.53,13.271,-3.863,18.0,18.0,18.0,16,9,3,vina --receptor 'C:\Users\srira\Desktop\new_plan\EMD_V5_2_Hybrid\06_docking\receptor\jak2_prepared.pdbqt' --ligand 'C:\Users\srira\Desktop\new_plan\EMD_V5_2_Hybrid\06_docking\ligands_pdbqt\CAND_f8d207ebf9.pdbqt' --out 'C:\Users\srira\Desktop\new_plan\EMD_V5_2_Hybrid\06_docking\poses\CAND_f8d207ebf9_vina_out.pdbqt' --center_x 32.53 --center_y 13.271 --center_z -3.863 --size_x 18.0 --size_y 18.0 --size_z 18.0 --exhaustiveness 16 --num_modes 9 --energy_range 3,completed
C:\Users\srira\Desktop\new_plan\EMD_V5_2_Hybrid\06_docking\receptor\jak2_prepared.pdbqt,C:\Users\srira\Desktop\new_plan\EMD_V5_2_Hybrid\06_docking\ligands_pdbqt\CAND_fa2553a110.pdbqt,C:\Users\srira\Desktop\new_plan\EMD_V5_2_Hybrid\06_docking\poses\CAND_fa2553a110_vina_out.pdbqt,C:\Users\srira\Desktop\new_plan\EMD_V5_2_Hybrid\06_docking\scores\CAND_fa2553a110_vina.log,32.53,13.271,-3.863,18.0,18.0,18.0,16,9,3,vina --receptor 'C:\Users\srira\Desktop\new_plan\EMD_V5_2_Hybrid\06_docking\receptor\jak2_prepared.pdbqt' --ligand 'C:\Users\srira\Desktop\new_plan\EMD_V5_2_Hybrid\06_docking\ligands_pdbqt\CAND_fa2553a110.pdbqt' --out 'C:\Users\srira\Desktop\new_plan\EMD_V5_2_Hybrid\06_docking\poses\CAND_fa2553a110_vina_out.pdbqt' --center_x 32.53 --center_y 13.271 --center_z -3.863 --size_x 18.0 --size_y 18.0 --size_z 18.0 --exhaustiveness 16 --num_modes 9 --energy_range 3,completed
C:\Users\srira\Desktop\new_plan\EMD_V5_2_Hybrid\06_docking\receptor\jak2_prepared.pdbqt,C:\Users\srira\Desktop\new_plan\EMD_V5_2_Hybrid\06_docking\ligands_pdbqt\CAND_fd6b88bd62.pdbqt,C:\Users\srira\Desktop\new_plan\EMD_V5_2_Hybrid\06_docking\poses\CAND_fd6b88bd62_vina_out.pdbqt,C:\Users\srira\Desktop\new_plan\EMD_V5_2_Hybrid\06_docking\scores\CAND_fd6b88bd62_vina.log,32.53,13.271,-3.863,18.0,18.0,18.0,16,9,3,vina --receptor 'C:\Users\srira\Desktop\new_plan\EMD_V5_2_Hybrid\06_docking\receptor\jak2_prepared.pdbqt' --ligand 'C:\Users\srira\Desktop\new_plan\EMD_V5_2_Hybrid\06_docking\ligands_pdbqt\CAND_fd6b88bd62.pdbqt' --out 'C:\Users\srira\Desktop\new_plan\EMD_V5_2_Hybrid\06_docking\poses\CAND_fd6b88bd62_vina_out.pdbqt' --center_x 32.53 --center_y 13.271 --center_z -3.863 --size_x 18.0 --size_y 18.0 --size_z 18.0 --exhaustiveness 16 --num_modes 9 --energy_range 3,completed
C:\Users\srira\Desktop\new_plan\EMD_V5_2_Hybrid\06_docking\receptor\jak2_prepared.pdbqt,C:\Users\srira\Desktop\new_plan\EMD_V5_2_Hybrid\06_docking\ligands_pdbqt\CAND_ffefd7080a.pdbqt,C:\Users\srira\Desktop\new_plan\EMD_V5_2_Hybrid\06_docking\poses\CAND_ffefd7080a_vina_out.pdbqt,C:\Users\srira\Desktop\new_plan\EMD_V5_2_Hybrid\06_docking\scores\CAND_ffefd7080a_vina.log,32.53,13.271,-3.863,18.0,18.0,18.0,16,9,3,vina --receptor 'C:\Users\srira\Desktop\new_plan\EMD_V5_2_Hybrid\06_docking\receptor\jak2_prepared.pdbqt' --ligand 'C:\Users\srira\Desktop\new_plan\EMD_V5_2_Hybrid\06_docking\ligands_pdbqt\CAND_ffefd7080a.pdbqt' --out 'C:\Users\srira\Desktop\new_plan\EMD_V5_2_Hybrid\06_docking\poses\CAND_ffefd7080a_vina_out.pdbqt' --center_x 32.53 --center_y 13.271 --center_z -3.863 --size_x 18.0 --size_y 18.0 --size_z 18.0 --exhaustiveness 16 --num_modes 9 --energy_range 3,completed
